station_abbr;reference_timestamp;tre200d0;tre200dx;tre200dn;tre005d0;tre005dx;tre005dn;ure200d0;pva200d0;prestad0;pp0qffd0;ppz850d0;ppz700d0;pp0qnhd0;fkl010d0;fkl010d1;fu3010d0;fu3010d1;fkl010d3;fu3010d3;wcc006d0;rre150d0;rka150d0;htoautd0;gre000d0;oli000d0;olo000d0;osr000d0;ods000d0;sre000d0;sremaxdv;erefaod0;xcd000d0;dkl010d0;xno000d0;xno012d0
BLA;01.03.2001 00:00;-5.7;-0.4;-10.5;;;;86.2;3.2;;;;;;4;;;;;;;3.2;;;;;;;;;;;0;;25.7;17.7
BLA;02.03.2001 00:00;-5.1;-0.3;-9.6;;;;81;3.1;;;;;;3.1;;;;;;;22.5;;;;;;;;;;;0;;25.1;17.1
BLA;03.03.2001 00:00;0.2;8;-4.5;;;;91.6;5.8;;;;;;0.9;;;;;;;10.6;;;;;;;;;;;0;;19.8;11.8
BLA;04.03.2001 00:00;0.8;3.5;-1.5;;;;98.6;6.5;;;;;;0.9;;;;;;;15.6;;;;;;;;;;;0;;19.2;11.2
BLA;05.03.2001 00:00;0.5;5.2;-0.1;;;;99.2;6.3;;;;;;2.4;;;;;;;0.1;;;;;;;;;;;0;;19.5;11.5
BLA;06.03.2001 00:00;-1.2;8.8;-9;;;;69.6;4;;;;;;1.5;;;;;;;1;;;;;;;;;;;0;;21.2;13.2
BLA;07.03.2001 00:00;2.3;8.9;-2;;;;96.8;7.1;;;;;;0.9;;;;;;;1.9;;;;;;;;;;;0;;17.7;9.7
BLA;08.03.2001 00:00;2.7;5.7;1;;;;93.8;6.7;;;;;;1.2;;;;;;;6.2;;;;;;;;;;;0;;17.3;9.3
BLA;09.03.2001 00:00;1.5;6.2;-1.1;;;;91;6;;;;;;1.7;;;;;;;1.2;;;;;;;;;;;0;;18.5;10.5
BLA;10.03.2001 00:00;1.1;7;-2;;;;91.8;6.1;;;;;;2.1;;;;;;;7.8;;;;;;;;;;;0;;18.9;10.9
BLA;11.03.2001 00:00;2.5;6;1;;;;94.4;6.8;;;;;;1.2;;;;;;;11.4;;;;;;;;;;;0;;17.5;9.5
BLA;12.03.2001 00:00;4.2;9.4;1.5;;;;88.6;7;;;;;;2.2;;;;;;;7.7;;;;;;;;;;;0;;15.8;7.8
BLA;13.03.2001 00:00;0.2;4.1;-4.7;;;;80.4;4.7;;;;;;4;;;;;;;12.1;;;;;;;;;;;0;;19.8;11.8
BLA;14.03.2001 00:00;-0.3;2;-1.5;;;;91.6;5.3;;;;;;1.2;;;;;;;11.4;;;;;;;;;;;0;;20.3;12.3
BLA;15.03.2001 00:00;1.1;6.7;-1;;;;84.6;5.6;;;;;;4.6;;;;;;;0;;;;;;;;;;;0;;18.9;10.9
BLA;16.03.2001 00:00;3.3;10.8;-2.3;;;;72.4;5.2;;;;;;1.5;;;;;;;0;;;;;;;;;;;0;;16.7;8.7
BLA;17.03.2001 00:00;3.1;5.7;1;;;;89.8;6.5;;;;;;1.7;;;;;;;3.4;;;;;;;;;;;0;;16.9;8.9
BLA;18.03.2001 00:00;0.4;7;-2.5;;;;85.2;4.9;;;;;;1.7;;;;;;;6.9;;;;;;;;;;;0;;19.6;11.6
BLA;19.03.2001 00:00;2.4;7;0;;;;69.6;4.5;;;;;;3.4;;;;;;;2.4;;;;;;;;;;;0;;17.6;9.6
BLA;20.03.2001 00:00;2.7;6;-1;;;;88.8;6.4;;;;;;5.3;;;;;;;17.4;;;;;;;;;;;0;;17.3;9.3
BLA;21.03.2001 00:00;3.1;5;1.5;;;;97.2;7.4;;;;;;1.5;;;;;;;27.8;;;;;;;;;;;0;;16.9;8.9
BLA;22.03.2001 00:00;5.3;7.5;1.5;;;;58;4.8;;;;;;15.6;;;;;;;1.5;;;;;;;;;;;0;;14.7;6.7
BLA;23.03.2001 00:00;8.1;14;1.5;;;;61.2;5.9;;;;;;7.7;;;;;;;0;;;;;;;;;;;0;;11.9;3.9
BLA;24.03.2001 00:00;7.6;11.7;4;;;;63.8;6.5;;;;;;5.3;;;;;;;4.5;;;;;;;;;;;0;;12.4;4.4
BLA;25.03.2001 00:00;3.4;7.7;0.8;;;;86.6;6.6;;;;;;2.7;;;;;;;8.4;;;;;;;;;;;0;;16.6;8.6
BLA;26.03.2001 00:00;3.1;7.3;0.5;;;;84.8;5.9;;;;;;2.7;;;;;;;0.3;;;;;;;;;;;0;;16.9;8.9
BLA;27.03.2001 00:00;2;7.5;-2;;;;73.4;5;;;;;;2.2;;;;;;;0;;;;;;;;;;;0;;18;10
BLA;28.03.2001 00:00;2.3;8.5;-3;;;;69.6;4.6;;;;;;1.2;;;;;;;0;;;;;;;;;;;0;;17.7;9.7
BLA;29.03.2001 00:00;1;5;-1;;;;88.4;5.7;;;;;;1.7;;;;;;;4.5;;;;;;;;;;;0;;19;11
BLA;30.03.2001 00:00;0.1;4;-2.5;;;;67.6;3.9;;;;;;2.9;;;;;;;0.2;;;;;;;;;;;0;;19.9;11.9
BLA;31.03.2001 00:00;0.4;10;-8;;;;65;3.9;;;;;;3.3;;;;;;;0;;;;;;;;;;;0;;19.6;11.6
BLA;01.04.2001 00:00;4.2;12.5;-4;;;;61;4.4;;;;;;1.2;;;;;;;0;;;;;;;;;;;0;;15.8;7.8
BLA;02.04.2001 00:00;4.9;13.8;-3;;;;61.1;4.5;;;;;;2.1;;;;;;;0;;;;;;;;;;;0;;15.1;7.1
BLA;03.04.2001 00:00;3.9;12;-2;;;;74.5;5.8;;;;;;2.2;;;;;;;0;;;;;;;;;;;0;;16.1;8.1
BLA;04.04.2001 00:00;3;10;-1;;;;90.1;6.2;;;;;;2.7;;;;;;;9.9;;;;;;;;;;;0;;17;9
BLA;05.04.2001 00:00;0.3;5;-3;;;;66.4;3.7;;;;;;4.6;;;;;;;8.6;;;;;;;;;;;0;;19.7;11.7
BLA;06.04.2001 00:00;3;9;-1.5;;;;88.6;6;;;;;;2.1;;;;;;;20.2;;;;;;;;;;;0;;17;9
BLA;07.04.2001 00:00;1.3;4;0;;;;88.9;6.1;;;;;;2.6;;;;;;;5.5;;;;;;;;;;;0;;18.7;10.7
BLA;08.04.2001 00:00;-0.2;4.5;-3;;;;85.7;4.9;;;;;;2.2;;;;;;;8.2;;;;;;;;;;;0;;20.2;12.2
BLA;09.04.2001 00:00;-0.1;1.5;-2;;;;94;5.7;;;;;;1.2;;;;;;;20.4;;;;;;;;;;;0;;20.1;12.1
BLA;10.04.2001 00:00;2.5;6.6;0;;;;90.9;6.2;;;;;;2.9;;;;;;;7;;;;;;;;;;;0;;17.5;9.5
BLA;11.04.2001 00:00;1.6;5;-2;;;;75.5;5.1;;;;;;3.3;;;;;;;0;;;;;;;;;;;0;;18.4;10.4
BLA;12.04.2001 00:00;1.5;7.5;-3;;;;64.5;4.1;;;;;;3.3;;;;;;;0;;;;;;;;;;;0;;18.5;10.5
BLA;13.04.2001 00:00;-0.5;5.3;-5;;;;58.7;3;;;;;;6.7;;;;;;;0;;;;;;;;;;;0;;20.5;12.5
BLA;14.04.2001 00:00;-3.7;2;-10;;;;50.8;2.1;;;;;;5.5;;;;;;;3.6;;;;;;;;;;;0;;23.7;15.7
BLA;15.04.2001 00:00;-1.3;2;-4.5;;;;98.2;5.6;;;;;;2.6;;;;;;;28.4;;;;;;;;;;;0;;21.3;13.3
BLA;16.04.2001 00:00;-1;3.5;-2.5;;;;94;5.3;;;;;;1.2;;;;;;;2.4;;;;;;;;;;;0;;21;13
BLA;17.04.2001 00:00;-3;4.5;-10.5;;;;68.6;3.1;;;;;;4.6;;;;;;;0;;;;;;;;;;;0;;23;15
BLA;18.04.2001 00:00;-0.1;7.5;-7;;;;64.6;3.6;;;;;;3.3;;;;;;;1.4;;;;;;;;;;;0;;20.1;12.1
BLA;19.04.2001 00:00;0.6;5;-1.5;;;;88.6;5.2;;;;;;2.4;;;;;;;1.2;;;;;;;;;;;0;;19.4;11.4
BLA;20.04.2001 00:00;-2.2;1.4;-5;;;;69.4;3.1;;;;;;4.8;;;;;;;0.2;;;;;;;;;;;0;;22.2;14.2
BLA;21.04.2001 00:00;-3.5;0;-6;;;;74.3;3.2;;;;;;5.1;;;;;;;0.1;;;;;;;;;;;0;;23.5;15.5
BLA;22.04.2001 00:00;-0.5;4.5;-5;;;;63.5;3.2;;;;;;4.6;;;;;;;0;;;;;;;;;;;0;;20.5;12.5
BLA;23.04.2001 00:00;-1.1;5;-7;;;;79.1;4.5;;;;;;1.5;;;;;;;1;;;;;;;;;;;0;;21.1;13.1
BLA;24.04.2001 00:00;1.7;10;-6;;;;81.2;6.2;;;;;;4.1;;;;;;;0.4;;;;;;;;;;;0;;18.3;10.3
BLA;25.04.2001 00:00;4.4;9.5;1.5;;;;81.6;6.4;;;;;;0.7;;;;;;;8.7;;;;;;;;;;;0;;15.6;7.6
BLA;26.04.2001 00:00;3.2;8;-1.5;;;;61.5;4.3;;;;;;3.4;;;;;;;0;;;;;;;;;;;0;;16.8;8.8
BLA;27.04.2001 00:00;4.4;10.7;-2;;;;62.8;4.6;;;;;;2.4;;;;;;;0;;;;;;;;;;;0;;15.6;7.6
BLA;28.04.2001 00:00;6.6;12;2;;;;67.6;6;;;;;;3.9;;;;;;;0;;;;;;;;;;;0;;13.4;5.4
BLA;29.04.2001 00:00;7.1;13.5;1.5;;;;72.9;6.8;;;;;;3.9;;;;;;;0;;;;;;;;;;;0;;12.9;4.9
BLA;30.04.2001 00:00;6.8;12.5;1.5;;;;74.4;7;;;;;;2.7;;;;;;;0;;;;;;;;;;;0;;13.2;5.2
BLA;01.05.2001 00:00;9;13.8;4;;;;72;8;;;;;;4.6;;;;;;;0.1;;;;;;;;;;;0;;11;3
BLA;02.05.2001 00:00;8.3;13.5;4;;;;74.5;7.8;;;;;;1.2;;;;;;;11.5;;;;;;;;;;;0;;11.7;3.7
BLA;03.05.2001 00:00;9.1;15;3.5;;;;67.3;6.8;;;;;;5.3;;;;;;;0;;;;;;;;;;;0;;10.9;2.9
BLA;04.05.2001 00:00;7.1;13.6;0.5;;;;79;7.3;;;;;;2.6;;;;;;;0.5;;;;;;;;;;;0;;12.9;4.9
BLA;05.05.2001 00:00;7.9;14;2;;;;73.8;7.4;;;;;;3.1;;;;;;;0;;;;;;;;;;;0;;12.1;4.1
BLA;06.05.2001 00:00;8;14.4;4;;;;78.8;7.8;;;;;;2.2;;;;;;;0.4;;;;;;;;;;;0;;12;4
BLA;07.05.2001 00:00;8;14.5;4;;;;83.5;8.8;;;;;;2.7;;;;;;;0;;;;;;;;;;;0;;12;4
BLA;08.05.2001 00:00;10;16.5;5.1;;;;56.4;6.9;;;;;;2.4;;;;;;;0;;;;;;;;;;;0;;10;2
BLA;09.05.2001 00:00;5.9;15.7;1.5;;;;69.2;6.3;;;;;;1.2;;;;;;;0.1;;;;;;;;;;;0;;14.1;6.1
BLA;10.05.2001 00:00;9.2;17.5;5;;;;61.6;6.8;;;;;;5.8;;;;;;;0.1;;;;;;;;;;;0;;10.8;2.8
BLA;11.05.2001 00:00;8.9;16.5;1;;;;61.4;6.3;;;;;;4.6;;;;;;;0;;;;;;;;;;;0;;11.1;3.1
BLA;12.05.2001 00:00;8.4;17.5;1.7;;;;68.6;8.1;;;;;;2.2;;;;;;;0;;;;;;;;;;;0;;11.6;3.6
BLA;13.05.2001 00:00;10.9;18.5;3;;;;63.8;7.8;;;;;;3.9;;;;;;;0;;;;;;;;;;;0;;9.1;1.1
BLA;14.05.2001 00:00;10.9;15.2;6;;;;72;9.4;;;;;;3.9;;;;;;;0.8;;;;;;;;;;;0;;9.1;1.1
BLA;15.05.2001 00:00;8.3;13.1;5;;;;88.5;8.9;;;;;;2.4;;;;;;;3.2;;;;;;;;;;;0;;11.7;3.7
BLA;16.05.2001 00:00;10.2;16.2;3;;;;72.1;8.4;;;;;;2.4;;;;;;;0;;;;;;;;;;;0;;9.8;1.8
BLA;17.05.2001 00:00;8.8;12.5;4;;;;88.7;10.7;;;;;;2.7;;;;;;;14.2;;;;;;;;;;;0;;11.2;3.2
BLA;18.05.2001 00:00;7.7;11.1;5;;;;64.6;5.9;;;;;;4;;;;;;;0;;;;;;;;;;;0;;12.3;4.3
BLA;19.05.2001 00:00;6.7;17;-2.5;;;;62.3;5.5;;;;;;2.2;;;;;;;0;;;;;;;;;;;0;;13.3;5.3
BLA;20.05.2001 00:00;9.5;18;0.5;;;;53.8;6.1;;;;;;3.4;;;;;;;0;;;;;;;;;;;0;;10.5;2.5
BLA;21.05.2001 00:00;10.5;18.4;2;;;;67.8;8;;;;;;2.6;;;;;;;0;;;;;;;;;;;0;;9.5;1.5
BLA;22.05.2001 00:00;12;17.8;5.2;;;;71.7;9.7;;;;;;2.4;;;;;;;0;;;;;;;;;;;0;;8;0
BLA;23.05.2001 00:00;10.3;15.8;4.5;;;;77.3;9.2;;;;;;2.4;;;;;;;0;;;;;;;;;;;0;;9.7;1.7
BLA;24.05.2001 00:00;11.2;17;5.5;;;;80.9;10.4;;;;;;1.5;;;;;;;1.3;;;;;;;;;;;0;;8.8;0.8
BLA;25.05.2001 00:00;10.5;17.8;2.5;;;;74.7;10.2;;;;;;1.7;;;;;;;0;;;;;;;;;;;0;;9.5;1.5
BLA;26.05.2001 00:00;11.2;20;1.9;;;;64.7;8;;;;;;2.4;;;;;;;0;;;;;;;;;;;0;;8.8;0.8
BLA;27.05.2001 00:00;13.2;21.5;3.4;;;;67;9.1;;;;;;0.7;;;;;;;0;;;;;;;;;;;0;;0;0
BLA;28.05.2001 00:00;14.8;23;5;;;;63.9;9.7;;;;;;0.3;;;;;;;0;;;;;;;;;;;0;;0;0
BLA;29.05.2001 00:00;15;24.6;4;;;;55.3;8.3;;;;;;2.6;;;;;;;0;;;;;;;;;;;0;;0;0
BLA;30.05.2001 00:00;15.5;24;5;;;;64.7;10.2;;;;;;1.5;;;;;;;0;;;;;;;;;;;0;;0;0
BLA;31.05.2001 00:00;11.3;16.3;8;;;;84.4;11.9;;;;;;3.3;;;;;;;13;;;;;;;;;;;0;;8.7;0.7
BLA;01.06.2001 00:00;7.2;14;1;;;;65.4;6.3;;;;;;4.1;;;;;;;0;;;;;;;;;;;0;;12.8;4.8
BLA;02.06.2001 00:00;6.1;10.5;1.9;;;;88;8.1;;;;;;1.5;;;;;;;12.4;;;;;;;;;;;0;;13.9;5.9
BLA;03.06.2001 00:00;3;10.6;0;;;;89.4;6.2;;;;;;4.5;;;;;;;8.3;;;;;;;;;;;0;;17;9
BLA;04.06.2001 00:00;6.2;13.5;-3;;;;60;5;;;;;;1.5;;;;;;;0;;;;;;;;;;;0;;13.8;5.8
BLA;05.06.2001 00:00;9.5;19.1;-1;;;;62.9;6.6;;;;;;0.9;;;;;;;13.7;;;;;;;;;;;0;;10.5;2.5
BLA;06.06.2001 00:00;8.2;11.8;5.1;;;;81.3;8.7;;;;;;2.7;;;;;;;4.9;;;;;;;;;;;0;;11.8;3.8
BLA;07.06.2001 00:00;9.9;18.1;1.5;;;;66.4;8.1;;;;;;2.2;;;;;;;0;;;;;;;;;;;0;;10.1;2.1
BLA;08.06.2001 00:00;9.7;16.5;0.9;;;;87.6;10.9;;;;;;0.7;;;;;;;19.4;;;;;;;;;;;0;;10.3;2.3
BLA;09.06.2001 00:00;7.8;10.5;1.4;;;;92.5;10;;;;;;0.9;;;;;;;22.3;;;;;;;;;;;0;;12.2;4.2
BLA;10.06.2001 00:00;7.9;10.2;6.4;;;;97.5;10.3;;;;;;1.2;;;;;;;8.4;;;;;;;;;;;0;;12.1;4.1
BLA;11.06.2001 00:00;5.1;10;3;;;;80.2;6.4;;;;;;4.6;;;;;;;0.8;;;;;;;;;;;0;;14.9;6.9
BLA;12.06.2001 00:00;8.1;18.2;-3;;;;56.4;5.8;;;;;;2.2;;;;;;;0;;;;;;;;;;;0;;11.9;3.9
BLA;13.06.2001 00:00;8.9;16;3;;;;85.6;8.8;;;;;;2.4;;;;;;;5.7;;;;;;;;;;;0;;11.1;3.1
BLA;14.06.2001 00:00;10;17;4.5;;;;70;8;;;;;;3.8;;;;;;;0.1;;;;;;;;;;;0;;10;2
BLA;15.06.2001 00:00;12.3;21.2;4;;;;73.3;9.7;;;;;;2.2;;;;;;;24.7;;;;;;;;;;;0;;0;0
BLA;16.06.2001 00:00;8.8;15;6.5;;;;92.2;10.9;;;;;;3.4;;;;;;;13.7;;;;;;;;;;;0;;11.2;3.2
BLA;17.06.2001 00:00;7.4;12.5;4.9;;;;86.8;8.9;;;;;;4.6;;;;;;;3.5;;;;;;;;;;;0;;12.6;4.6
BLA;18.06.2001 00:00;7.4;11.5;4.4;;;;74.5;7.4;;;;;;5.7;;;;;;;0;;;;;;;;;;;0;;12.6;4.6
BLA;19.06.2001 00:00;8.3;15.3;2;;;;64.5;6.6;;;;;;3.9;;;;;;;0;;;;;;;;;;;0;;11.7;3.7
BLA;20.06.2001 00:00;9.6;19.1;-1.5;;;;60.4;7.6;;;;;;1.7;;;;;;;0;;;;;;;;;;;0;;10.4;2.4
BLA;21.06.2001 00:00;11.9;20.9;1.5;;;;60.7;8;;;;;;4.5;;;;;;;0;;;;;;;;;;;0;;8.1;0.1
BLA;22.06.2001 00:00;14;20;4;;;;60.4;8.6;;;;;;2.2;;;;;;;0;;;;;;;;;;;0;;0;0
BLA;23.06.2001 00:00;13.1;21;3;;;;53.6;7.4;;;;;;2.4;;;;;;;0;;;;;;;;;;;0;;0;0
BLA;24.06.2001 00:00;15.8;22.5;4.9;;;;58;9.8;;;;;;0;;;;;;;0;;;;;;;;;;;0;;0;0
BLA;25.06.2001 00:00;16;25;5.2;;;;58;9.7;;;;;;1.2;;;;;;;0;;;;;;;;;;;0;;0;0
BLA;26.06.2001 00:00;17.1;26.5;6;;;;57.4;9.4;;;;;;3.4;;;;;;;0.5;;;;;;;;;;;0;;0;0
BLA;27.06.2001 00:00;15.1;24.7;8.2;;;;86.8;12.9;;;;;;3.1;;;;;;;23.5;;;;;;;;;;;0;;0;0
BLA;28.06.2001 00:00;11.6;14.5;9;;;;88.4;12.1;;;;;;0.9;;;;;;;3;;;;;;;;;;;0;;8.4;0.4
BLA;29.06.2001 00:00;12.9;21.5;3.5;;;;69.6;9.9;;;;;;3.1;;;;;;;0;;;;;;;;;;;0;;0;0
BLA;30.06.2001 00:00;14.4;22.5;5;;;;66.5;10.9;;;;;;3.8;;;;;;;0.1;;;;;;;;;;;0;;0;0
BLA;01.07.2001 00:00;13.7;20;9.3;;;;63.3;9.3;;;;;;3.1;;;;;;;0;;;;;;;;;;;0;;0;0
BLA;02.07.2001 00:00;14.1;23;3.7;;;;63.1;10.2;;;;;;2.4;;;;;;;0;;;;;;;;;;;0;;0;0
BLA;03.07.2001 00:00;15;24;5.5;;;;63.8;9.9;;;;;;3.4;;;;;;;0;;;;;;;;;;;0;;0;0
BLA;04.07.2001 00:00;14.8;22.5;6.5;;;;73.9;11.5;;;;;;3.9;;;;;;;2;;;;;;;;;;;0;;0;0
BLA;05.07.2001 00:00;15;23.5;7;;;;71.3;12.1;;;;;;2.1;;;;;;;0;;;;;;;;;;;0;;0;0
BLA;06.07.2001 00:00;16.4;23.5;7.5;;;;62.2;11.5;;;;;;6.2;;;;;;;0;;;;;;;;;;;0;;0;0
BLA;07.07.2001 00:00;9.1;13.5;6;;;;90.7;11.1;;;;;;4.1;;;;;;;26.2;;;;;;;;;;;0;;10.9;2.9
BLA;08.07.2001 00:00;10.6;17.5;7.4;;;;92.1;11.3;;;;;;1.2;;;;;;;10;;;;;;;;;;;0;;9.4;1.4
BLA;09.07.2001 00:00;12.8;20.2;6.5;;;;72.8;10.5;;;;;;3.3;;;;;;;0;;;;;;;;;;;0;;0;0
BLA;10.07.2001 00:00;12.6;19.8;6;;;;75.8;11.1;;;;;;1.5;;;;;;;0;;;;;;;;;;;0;;0;0
BLA;11.07.2001 00:00;14.8;19.5;9;;;;70.3;12.6;;;;;;3.1;;;;;;;0;;;;;;;;;;;0;;0;0
BLA;12.07.2001 00:00;12.1;21.2;4.7;;;;68.6;9.1;;;;;;3.3;;;;;;;0;;;;;;;;;;;0;;0;0
BLA;13.07.2001 00:00;12.9;17;10;;;;76.7;11.9;;;;;;4;;;;;;;0.1;;;;;;;;;;;0;;0;0
BLA;14.07.2001 00:00;14.6;21;7.5;;;;80.1;13.6;;;;;;2.6;;;;;;;2.6;;;;;;;;;;;0;;0;0
BLA;15.07.2001 00:00;10.7;13;9;;;;96.4;12.5;;;;;;1.2;;;;;;;61.4;;;;;;;;;;;0;;9.3;1.3
BLA;16.07.2001 00:00;7.4;13.5;4;;;;92;9.3;;;;;;5.3;;;;;;;0.5;;;;;;;;;;;0;;12.6;4.6
BLA;17.07.2001 00:00;10;17;4;;;;72.5;8.9;;;;;;3.3;;;;;;;2.7;;;;;;;;;;;0;;10;2
BLA;18.07.2001 00:00;9.5;11.5;7.5;;;;89.6;10.7;;;;;;0.9;;;;;;;7.9;;;;;;;;;;;0;;10.5;2.5
BLA;19.07.2001 00:00;9.3;16;2.5;;;;76.5;8.7;;;;;;4.1;;;;;;;3.8;;;;;;;;;;;0;;10.7;2.7
BLA;20.07.2001 00:00;8.2;12;6;;;;76.2;7.7;;;;;;3.1;;;;;;;1;;;;;;;;;;;0;;11.8;3.8
BLA;21.07.2001 00:00;9.1;19;0;;;;70.5;8;;;;;;3.1;;;;;;;0;;;;;;;;;;;0;;10.9;2.9
BLA;22.07.2001 00:00;13.6;23.5;3.6;;;;66.9;9.9;;;;;;2.6;;;;;;;0;;;;;;;;;;;0;;0;0
BLA;23.07.2001 00:00;13;22.5;6;;;;81.1;11.4;;;;;;2.6;;;;;;;6;;;;;;;;;;;0;;0;0
BLA;24.07.2001 00:00;12.9;21;6.5;;;;76.2;11;;;;;;2.7;;;;;;;0;;;;;;;;;;;0;;0;0
BLA;25.07.2001 00:00;14.5;23;5.5;;;;66.7;10.4;;;;;;2.7;;;;;;;0;;;;;;;;;;;0;;0;0
BLA;26.07.2001 00:00;14.9;24;6.5;;;;70.5;11.4;;;;;;2.4;;;;;;;0;;;;;;;;;;;0;;0;0
BLA;27.07.2001 00:00;15.4;23;7;;;;67.5;11;;;;;;1.7;;;;;;;0;;;;;;;;;;;0;;0;0
BLA;28.07.2001 00:00;14.8;22.5;8;;;;76.6;12.9;;;;;;2.2;;;;;;;0.9;;;;;;;;;;;0;;0;0
BLA;29.07.2001 00:00;15.1;22;7.2;;;;71.4;12.4;;;;;;1.5;;;;;;;0;;;;;;;;;;;0;;0;0
BLA;30.07.2001 00:00;15.3;25;7;;;;70.5;12.2;;;;;;2.4;;;;;;;0;;;;;;;;;;;0;;0;0
BLA;31.07.2001 00:00;17.6;26;8.5;;;;66.2;13.5;;;;;;2.4;;;;;;;0;;;;;;;;;;;0;;0;0
BLA;01.08.2001 00:00;16.9;26;8.5;;;;68.6;12.5;;;;;;1.5;;;;;;;0;;;;;;;;;;;0;;0;0
BLA;02.08.2001 00:00;17.1;26.5;9;;;;76.2;14.4;;;;;;1.7;;;;;;;0.7;;;;;;;;;;;0;;0;0
BLA;03.08.2001 00:00;14.8;20;11;;;;92.2;15.7;;;;;;1.4;;;;;;;15.9;;;;;;;;;;;0;;0;0
BLA;04.08.2001 00:00;14.2;19.5;11;;;;77.2;12.3;;;;;;3.1;;;;;;;0;;;;;;;;;;;0;;0;0
BLA;05.08.2001 00:00;12.5;18.4;6.6;;;;69.4;10.4;;;;;;4.6;;;;;;;0;;;;;;;;;;;0;;0;0
BLA;06.08.2001 00:00;11;15;5;;;;81.8;10.3;;;;;;0.3;;;;;;;2.8;;;;;;;;;;;0;;9;1
BLA;07.08.2001 00:00;14.5;22;9;;;;73.4;11.8;;;;;;2.6;;;;;;;0.5;;;;;;;;;;;0;;0;0
BLA;08.08.2001 00:00;11.8;18.5;8;;;;90.8;12.8;;;;;;3.1;;;;;;;13.6;;;;;;;;;;;0;;8.2;0.2
BLA;09.08.2001 00:00;10.6;14;7.5;;;;94.2;12.2;;;;;;2.4;;;;;;;11.6;;;;;;;;;;;0;;9.4;1.4
BLA;10.08.2001 00:00;11.2;16.3;7;;;;72.4;9.7;;;;;;3.1;;;;;;;0.1;;;;;;;;;;;0;;8.8;0.8
BLA;11.08.2001 00:00;7.3;17;1.5;;;;74.6;7.7;;;;;;1.7;;;;;;;0;;;;;;;;;;;0;;12.7;4.7
BLA;12.08.2001 00:00;10.1;19.5;1.3;;;;76.2;9.1;;;;;;1.9;;;;;;;0;;;;;;;;;;;0;;9.9;1.9
BLA;13.08.2001 00:00;12.3;21;4;;;;75.8;10.1;;;;;;3.4;;;;;;;0;;;;;;;;;;;0;;0;0
BLA;14.08.2001 00:00;15.8;25.5;6.5;;;;67.4;11.3;;;;;;0.9;;;;;;;0;;;;;;;;;;;0;;0;0
BLA;15.08.2001 00:00;16.1;25;8;;;;67.2;11.1;;;;;;1.7;;;;;;;0.6;;;;;;;;;;;0;;0;0
BLA;16.08.2001 00:00;14.7;22.5;8;;;;84.2;13.9;;;;;;1.7;;;;;;;0.1;;;;;;;;;;;0;;0;0
BLA;17.08.2001 00:00;11.5;14.5;9;;;;94;13;;;;;;2.6;;;;;;;7.5;;;;;;;;;;;0;;8.5;0.5
BLA;18.08.2001 00:00;14;22;5.5;;;;73.8;10.9;;;;;;3.4;;;;;;;0.3;;;;;;;;;;;0;;0;0
BLA;19.08.2001 00:00;14.9;21;9.5;;;;75.8;12;;;;;;3.3;;;;;;;10.8;;;;;;;;;;;0;;0;0
BLA;20.08.2001 00:00;12.1;18.5;10;;;;88;12.5;;;;;;2.4;;;;;;;3.8;;;;;;;;;;;0;;0;0
BLA;21.08.2001 00:00;13.2;21.5;6.5;;;;75.6;11.1;;;;;;2.6;;;;;;;0;;;;;;;;;;;0;;0;0
BLA;22.08.2001 00:00;12.8;23;5;;;;74.4;10.8;;;;;;3.1;;;;;;;0;;;;;;;;;;;0;;0;0
BLA;23.08.2001 00:00;13.6;23.5;5;;;;74;10.9;;;;;;1.2;;;;;;;0;;;;;;;;;;;0;;0;0
BLA;24.08.2001 00:00;14.1;25;5.6;;;;71.2;10.6;;;;;;0.9;;;;;;;0;;;;;;;;;;;0;;0;0
BLA;25.08.2001 00:00;15.7;25;7.4;;;;75.6;12.8;;;;;;1.7;;;;;;;0;;;;;;;;;;;0;;0;0
BLA;26.08.2001 00:00;15.9;25.1;6.4;;;;76.4;13.3;;;;;;2.4;;;;;;;0;;;;;;;;;;;0;;0;0
BLA;27.08.2001 00:00;16.7;24.5;9;;;;59;9.8;;;;;;3.4;;;;;;;0;;;;;;;;;;;0;;0;0
BLA;28.08.2001 00:00;15.2;24.5;7.4;;;;73.6;11.9;;;;;;1.4;;;;;;;0;;;;;;;;;;;0;;0;0
BLA;29.08.2001 00:00;14.7;25.5;5.9;;;;73.2;11.3;;;;;;2.9;;;;;;;6.7;;;;;;;;;;;0;;0;0
BLA;30.08.2001 00:00;13.1;17.5;11;;;;91;13.6;;;;;;0;;;;;;;4.7;;;;;;;;;;;0;;0;0
BLA;31.08.2001 00:00;9.4;11;8.5;;;;92;10.9;;;;;;3.3;;;;;;;3.2;;;;;;;;;;;0;;10.6;2.6
BLA;01.09.2001 00:00;6.8;12;0.4;;;;69.6;6.8;;;;;;5.6;;;;;;;0.3;;;;;;;;;;;0;;13.2;5.2
BLA;02.09.2001 00:00;7.9;16;0.5;;;;79.1;8.2;;;;;;1.7;;;;;;;0;;;;;;;;;;;0;;12.1;4.1
BLA;03.09.2001 00:00;9.5;18.5;1.5;;;;74.5;8.3;;;;;;3.1;;;;;;;4.7;;;;;;;;;;;0;;10.5;2.5
BLA;04.09.2001 00:00;7.6;11.5;5;;;;90.7;9.5;;;;;;3.2;;;;;;;14.4;;;;;;;;;;;0;;12.4;4.4
BLA;05.09.2001 00:00;6;10.5;2;;;;77.9;7.2;;;;;;4.8;;;;;;;0;;;;;;;;;;;0;;14;6
BLA;06.09.2001 00:00;5.8;15;-2.5;;;;81.8;7.7;;;;;;2.9;;;;;;;5.7;;;;;;;;;;;0;;14.2;6.2
BLA;07.09.2001 00:00;7.6;14.5;-2.5;;;;89.4;9.7;;;;;;2.9;;;;;;;3.8;;;;;;;;;;;0;;12.4;4.4
BLA;08.09.2001 00:00;9.4;15;6;;;;73.5;7.9;;;;;;2.9;;;;;;;16.6;;;;;;;;;;;0;;10.6;2.6
BLA;09.09.2001 00:00;5.6;9;2;;;;58.5;5.1;;;;;;5;;;;;;;2.8;;;;;;;;;;;0;;14.4;6.4
BLA;10.09.2001 00:00;3;7.5;0;;;;75.1;5.3;;;;;;3.1;;;;;;;0;;;;;;;;;;;0;;17;9
BLA;11.09.2001 00:00;3.8;10;-2;;;;70.7;5.3;;;;;;4.6;;;;;;;0;;;;;;;;;;;0;;16.2;8.2
BLA;12.09.2001 00:00;6;13;-2;;;;71.7;6.6;;;;;;2.9;;;;;;;0;;;;;;;;;;;0;;14;6
BLA;13.09.2001 00:00;5.9;12.5;-0.4;;;;81.4;7.3;;;;;;1.5;;;;;;;1.8;;;;;;;;;;;0;;14.1;6.1
BLA;14.09.2001 00:00;5.8;9.2;3;;;;92.7;8.6;;;;;;2.6;;;;;;;6.5;;;;;;;;;;;0;;14.2;6.2
BLA;15.09.2001 00:00;6.5;13;0;;;;70.9;6.6;;;;;;3.3;;;;;;;0.3;;;;;;;;;;;0;;13.5;5.5
BLA;16.09.2001 00:00;3.3;5.5;0.9;;;;95.9;7.5;;;;;;4.6;;;;;;;11.2;;;;;;;;;;;0;;16.7;8.7
BLA;17.09.2001 00:00;2;7.5;-0.3;;;;83.7;6;;;;;;2.1;;;;;;;1;;;;;;;;;;;0;;18;10
BLA;18.09.2001 00:00;1.6;9.5;-5.3;;;;76;4.9;;;;;;1.2;;;;;;;0;;;;;;;;;;;0;;18.4;10.4
BLA;19.09.2001 00:00;4.6;10;-0.5;;;;74;6;;;;;;0.9;;;;;;;0;;;;;;;;;;;0;;15.4;7.4
BLA;20.09.2001 00:00;7.6;13;3;;;;75.2;7.5;;;;;;2.7;;;;;;;0.4;;;;;;;;;;;0;;12.4;4.4
BLA;21.09.2001 00:00;8.5;13;5.1;;;;75.7;7.9;;;;;;3.4;;;;;;;0;;;;;;;;;;;0;;11.5;3.5
BLA;22.09.2001 00:00;6.3;11.5;1;;;;84.6;8.1;;;;;;0.5;;;;;;;0.4;;;;;;;;;;;0;;13.7;5.7
BLA;23.09.2001 00:00;8.4;12.7;5;;;;90.8;10.1;;;;;;0.9;;;;;;;3.7;;;;;;;;;;;0;;11.6;3.6
BLA;24.09.2001 00:00;8.1;10;6;;;;95.2;10.3;;;;;;1.7;;;;;;;3.1;;;;;;;;;;;0;;11.9;3.9
BLA;25.09.2001 00:00;7;11.6;4.5;;;;86.1;8.7;;;;;;2.9;;;;;;;1.6;;;;;;;;;;;0;;13;5
BLA;26.09.2001 00:00;5.7;13;1.5;;;;78.5;6.8;;;;;;1.9;;;;;;;0;;;;;;;;;;;0;;14.3;6.3
BLA;27.09.2001 00:00;6.7;15.7;-0.5;;;;80.1;7.3;;;;;;1.2;;;;;;;0;;;;;;;;;;;0;;13.3;5.3
BLA;28.09.2001 00:00;7.6;17.7;0;;;;74.5;6.9;;;;;;1.2;;;;;;;0;;;;;;;;;;;0;;12.4;4.4
BLA;29.09.2001 00:00;7.9;13.1;2.7;;;;84.1;8.8;;;;;;0.7;;;;;;;4;;;;;;;;;;;0;;12.1;4.1
BLA;30.09.2001 00:00;8.6;15.5;6;;;;90.2;9.9;;;;;;2.9;;;;;;;1.4;;;;;;;;;;;0;;11.4;3.4
BLA;01.10.2001 00:00;8.3;19;1.7;;;;75.5;8.5;;;;;;2.6;;;;;;;0;;;;;;;;;;;0;;11.7;3.7
BLA;02.10.2001 00:00;10.9;22.6;4;;;;73.8;9.1;;;;;;1.2;;;;;;;0;;;;;;;;;;;0;;9.1;1.1
BLA;03.10.2001 00:00;10.4;19;3;;;;78.7;9.7;;;;;;2.2;;;;;;;3.4;;;;;;;;;;;0;;9.6;1.6
BLA;04.10.2001 00:00;8;13.5;5;;;;91.4;9.8;;;;;;3.1;;;;;;;0.1;;;;;;;;;;;0;;12;4
BLA;05.10.2001 00:00;7.8;17.1;1;;;;70;7.3;;;;;;1.2;;;;;;;0.1;;;;;;;;;;;0;;12.2;4.2
BLA;06.10.2001 00:00;11.2;18.5;6.5;;;;75.9;9.9;;;;;;0.3;;;;;;;0.4;;;;;;;;;;;0;;8.8;0.8
BLA;07.10.2001 00:00;8.2;14;3;;;;95.3;11;;;;;;3.3;;;;;;;10.6;;;;;;;;;;;0;;11.8;3.8
BLA;08.10.2001 00:00;8.7;14;2.5;;;;76.9;8.7;;;;;;1.5;;;;;;;0.1;;;;;;;;;;;0;;11.3;3.3
BLA;09.10.2001 00:00;8.2;14;4.5;;;;84.2;9.4;;;;;;0.9;;;;;;;0;;;;;;;;;;;0;;11.8;3.8
BLA;10.10.2001 00:00;7.8;15.7;2.7;;;;81.7;8.5;;;;;;0.7;;;;;;;0;;;;;;;;;;;0;;12.2;4.2
BLA;11.10.2001 00:00;7.7;18;1;;;;76.1;7.6;;;;;;1.5;;;;;;;0;;;;;;;;;;;0;;12.3;4.3
BLA;12.10.2001 00:00;8.7;21;2;;;;67.6;7.7;;;;;;3.1;;;;;;;0;;;;;;;;;;;0;;11.3;3.3
BLA;13.10.2001 00:00;10.5;21.5;3.4;;;;56.9;7.1;;;;;;0.9;;;;;;;0;;;;;;;;;;;0;;9.5;1.5
BLA;14.10.2001 00:00;9.1;19;3.7;;;;75.4;8.6;;;;;;2.6;;;;;;;0;;;;;;;;;;;0;;10.9;2.9
BLA;15.10.2001 00:00;8.9;19;3;;;;71.2;7.8;;;;;;2.1;;;;;;;0;;;;;;;;;;;0;;11.1;3.1
BLA;16.10.2001 00:00;8.3;17.4;2.9;;;;81.1;8.8;;;;;;1.7;;;;;;;0;;;;;;;;;;;0;;11.7;3.7
BLA;17.10.2001 00:00;7.9;18;2;;;;71.5;7.2;;;;;;1.5;;;;;;;0;;;;;;;;;;;0;;12.1;4.1
BLA;18.10.2001 00:00;6.6;16.5;0;;;;75.3;7;;;;;;1.5;;;;;;;0;;;;;;;;;;;0;;13.4;5.4
BLA;19.10.2001 00:00;7.1;16.5;2;;;;81;8;;;;;;2.9;;;;;;;0;;;;;;;;;;;0;;12.9;4.9
BLA;20.10.2001 00:00;9;17;2.5;;;;75.8;8.7;;;;;;3.1;;;;;;;9.9;;;;;;;;;;;0;;11;3
BLA;21.10.2001 00:00;6.9;10;5;;;;90.7;9.1;;;;;;1.7;;;;;;;2.5;;;;;;;;;;;0;;13.1;5.1
BLA;22.10.2001 00:00;3.8;12.8;0;;;;78;6.1;;;;;;1;;;;;;;0;;;;;;;;;;;0;;16.2;8.2
BLA;23.10.2001 00:00;6.4;13;0.4;;;;78.1;7.3;;;;;;1.5;;;;;;;3.6;;;;;;;;;;;0;;13.6;5.6
BLA;24.10.2001 00:00;5.8;10.7;2.9;;;;74.6;6.6;;;;;;3.9;;;;;;;2;;;;;;;;;;;0;;14.2;6.2
BLA;25.10.2001 00:00;4.7;10;3;;;;81;6.8;;;;;;4.1;;;;;;;0.1;;;;;;;;;;;0;;15.3;7.3
BLA;26.10.2001 00:00;3.1;13.8;-2.4;;;;81.8;6.2;;;;;;2.1;;;;;;;0;;;;;;;;;;;0;;16.9;8.9
BLA;27.10.2001 00:00;3.2;12.5;-2.5;;;;75.6;5.7;;;;;;1.5;;;;;;;0;;;;;;;;;;;0;;16.8;8.8
BLA;28.10.2001 00:00;3.8;13.5;-1.5;;;;81.4;6.5;;;;;;2.6;;;;;;;0;;;;;;;;;;;0;;16.2;8.2
BLA;29.10.2001 00:00;3.9;16;-0.5;;;;69.7;5.5;;;;;;1.5;;;;;;;0;;;;;;;;;;;0;;16.1;8.1
BLA;30.10.2001 00:00;6.1;16.6;0.8;;;;64.4;6.1;;;;;;1.2;;;;;;;0;;;;;;;;;;;0;;13.9;5.9
BLA;31.10.2001 00:00;6;16;0;;;;65.3;6.1;;;;;;2.7;;;;;;;0.1;;;;;;;;;;;0;;14;6
BLA;01.11.2001 00:00;0.8;8;-3;;;;83.9;5.5;;;;;;3.3;;;;;;;0;;;;;;;;;;;0;;19.2;11.2
BLA;02.11.2001 00:00;-0.8;11.3;-4.5;;;;81.3;4.6;;;;;;2.6;;;;;;;0;;;;;;;;;;;0;;20.8;12.8
BLA;03.11.2001 00:00;1.7;11.3;-4.5;;;;83.2;5.7;;;;;;2.6;;;;;;;0;;;;;;;;;;;0;;18.3;10.3
BLA;04.11.2001 00:00;2.6;13.2;-3;;;;80.8;5.9;;;;;;2.1;;;;;;;0;;;;;;;;;;;0;;17.4;9.4
BLA;05.11.2001 00:00;0.9;6.5;-3;;;;86.9;5.6;;;;;;2.7;;;;;;;0;;;;;;;;;;;0;;19.1;11.1
BLA;06.11.2001 00:00;0;3;-3;;;;95;5.9;;;;;;3.3;;;;;;;2.4;;;;;;;;;;;0;;20;12
BLA;07.11.2001 00:00;2.3;5;0;;;;96.5;7;;;;;;1;;;;;;;12;;;;;;;;;;;0;;17.7;9.7
BLA;08.11.2001 00:00;2.2;6;0;;;;87.9;5.8;;;;;;4.8;;;;;;;11.4;;;;;;;;;;;0;;17.8;9.8
BLA;09.11.2001 00:00;-4.6;-1.3;-6;;;;56.8;2.4;;;;;;7.2;;;;;;;0.1;;;;;;;;;;;0;;24.6;16.6
BLA;10.11.2001 00:00;-6.1;2;-12;;;;75.2;3;;;;;;3.3;;;;;;;0;;;;;;;;;;;0;;26.1;18.1
BLA;11.11.2001 00:00;-2.1;4.5;-8;;;;85;4.7;;;;;;4;;;;;;;0;;;;;;;;;;;0;;22.1;14.1
BLA;12.11.2001 00:00;0.5;4;-2.5;;;;96.7;6.2;;;;;;1.5;;;;;;;0;;;;;;;;;;;0;;19.5;11.5
BLA;13.11.2001 00:00;-2.9;-1.5;-3;;;;100;4.9;;;;;;2.1;;;;;;;1;;;;;;;;;;;0;;22.9;14.9
BLA;14.11.2001 00:00;-3.2;3;-4;;;;95.7;4.6;;;;;;4.4;;;;;;;0.9;;;;;;;;;;;0;;23.2;15.2
BLA;15.11.2001 00:00;-3.5;3;-8;;;;81.4;4;;;;;;1.9;;;;;;;0;;;;;;;;;;;0;;23.5;15.5
BLA;16.11.2001 00:00;-3.2;7;-7;;;;73;3.4;;;;;;2.7;;;;;;;0;;;;;;;;;;;0;;23.2;15.2
BLA;17.11.2001 00:00;-2.2;7.1;-6.1;;;;69.8;3.6;;;;;;2.2;;;;;;;0;;;;;;;;;;;0;;22.2;14.2
BLA;18.11.2001 00:00;-2.3;5;-5.5;;;;76;4;;;;;;3.3;;;;;;;0;;;;;;;;;;;0;;22.3;14.3
BLA;19.11.2001 00:00;-2.8;3;-6.5;;;;80.1;3.9;;;;;;2.4;;;;;;;0;;;;;;;;;;;0;;22.8;14.8
BLA;20.11.2001 00:00;-5.3;3.5;-8;;;;81.4;3.3;;;;;;2.6;;;;;;;0;;;;;;;;;;;0;;25.3;17.3
BLA;21.11.2001 00:00;-4.8;4.5;-8;;;;73.3;3.1;;;;;;3.4;;;;;;;0;;;;;;;;;;;0;;24.8;16.8
BLA;22.11.2001 00:00;-2.5;5;-7.5;;;;60;3.2;;;;;;4.3;;;;;;;4.9;;;;;;;;;;;0;;22.5;14.5
BLA;23.11.2001 00:00;-5.9;-2;-9;;;;64.9;2.6;;;;;;6.5;;;;;;;1.8;;;;;;;;;;;0;;25.9;17.9
BLA;24.11.2001 00:00;-9.3;-4.4;-14.4;;;;82;2.7;;;;;;2.2;;;;;;;0.9;;;;;;;;;;;0;;29.3;21.3
BLA;25.11.2001 00:00;-2.6;2;-6;;;;96.7;5.1;;;;;;4.1;;;;;;;0.8;;;;;;;;;;;0;;22.6;14.6
BLA;26.11.2001 00:00;0.3;4;-3.5;;;;88.5;5.7;;;;;;1.2;;;;;;;0;;;;;;;;;;;0;;19.7;11.7
BLA;27.11.2001 00:00;-0.6;1.5;-4;;;;90.5;5.5;;;;;;0.9;;;;;;;0.8;;;;;;;;;;;0;;20.6;12.6
BLA;28.11.2001 00:00;-3.3;1;-10;;;;87.2;4.4;;;;;;3.3;;;;;;;1.2;;;;;;;;;;;0;;23.3;15.3
BLA;29.11.2001 00:00;-6.9;0;-11;;;;77.4;3;;;;;;1.5;;;;;;;16;;;;;;;;;;;0;;26.9;18.9
BLA;30.11.2001 00:00;0.8;4;-3.5;;;;98.4;6.6;;;;;;1.7;;;;;;;12.3;;;;;;;;;;;0;;19.2;11.2
BLA;01.12.2001 00:00;2;4.1;0;;;;97.4;6.9;;;;;;1.2;;;;;;;1.3;;;;;;;;;;;0;;18;10
BLA;02.12.2001 00:00;-0.7;5;-1.5;;;;95.2;5.6;;;;;;1.2;;;;;;;0;;;;;;;;;;;0;;20.7;12.7
BLA;03.12.2001 00:00;-1.5;6.5;-4;;;;85.7;4.7;;;;;;1.9;;;;;;;0;;;;;;;;;;;0;;21.5;13.5
BLA;04.12.2001 00:00;0.2;5;-4;;;;81.9;5.1;;;;;;2.4;;;;;;;1;;;;;;;;;;;0;;19.8;11.8
BLA;05.12.2001 00:00;2;5;0;;;;85.1;5.9;;;;;;5.3;;;;;;;10.2;;;;;;;;;;;0;;18;10
BLA;06.12.2001 00:00;2.3;7.5;-0.5;;;;62.2;4.3;;;;;;5.3;;;;;;;0;;;;;;;;;;;0;;17.7;9.7
BLA;07.12.2001 00:00;-4.8;0.5;-6.8;;;;77.8;3.4;;;;;;2.4;;;;;;;0;;;;;;;;;;;0;;24.8;16.8
BLA;08.12.2001 00:00;-8.4;-1;-10;;;;67.5;2.2;;;;;;1.2;;;;;;;0;;;;;;;;;;;0;;28.4;20.4
BLA;09.12.2001 00:00;-7.6;1;-10;;;;71.4;2.5;;;;;;2.7;;;;;;;0;;;;;;;;;;;0;;27.6;19.6
BLA;10.12.2001 00:00;-9.5;-1.5;-11.5;;;;72.1;2.2;;;;;;1.9;;;;;;;0;;;;;;;;;;;0;;29.5;21.5
BLA;11.12.2001 00:00;-7.4;0.5;-10.5;;;;76;2.7;;;;;;1.5;;;;;;;0;;;;;;;;;;;0;;27.4;19.4
BLA;12.12.2001 00:00;-6.8;0;-9;;;;78.2;2.9;;;;;;2.7;;;;;;;0;;;;;;;;;;;0;;26.8;18.8
BLA;13.12.2001 00:00;-6.8;0;-12;;;;54;1.6;;;;;;14.2;;;;;;;0;;;;;;;;;;;0;;26.8;18.8
BLA;14.12.2001 00:00;-10;-2;-12;;;;55.5;1.6;;;;;;7.2;;;;;;;0;;;;;;;;;;;0;;30;22
BLA;15.12.2001 00:00;-9.9;-2.1;-14;;;;65.9;2;;;;;;4;;;;;;;0;;;;;;;;;;;0;;29.9;21.9
BLA;16.12.2001 00:00;-10.6;-2.5;-12;;;;74.1;2;;;;;;2.1;;;;;;;0;;;;;;;;;;;0;;30.6;22.6
BLA;17.12.2001 00:00;-11;-3;-13;;;;73;1.9;;;;;;3.3;;;;;;;0;;;;;;;;;;;0;;31;23
BLA;18.12.2001 00:00;-10.5;-2.3;-12.6;;;;76.6;2.1;;;;;;3.3;;;;;;;0;;;;;;;;;;;0;;30.5;22.5
BLA;19.12.2001 00:00;-10.4;-2;-12;;;;76;2.1;;;;;;1.9;;;;;;;0;;;;;;;;;;;0;;30.4;22.4
BLA;20.12.2001 00:00;-12.8;-6;-14;;;;78.6;1.8;;;;;;3.3;;;;;;;0;;;;;;;;;;;0;;32.8;24.8
BLA;21.12.2001 00:00;-13;-5.5;-16;;;;79.8;1.9;;;;;;2.4;;;;;;;0.2;;;;;;;;;;;0;;33;25
BLA;22.12.2001 00:00;-5.8;-3.9;-13.4;;;;97.5;4.1;;;;;;3.3;;;;;;;6.2;;;;;;;;;;;0;;25.8;17.8
BLA;23.12.2001 00:00;-13.2;-8;-17;;;;77.7;1.8;;;;;;3.3;;;;;;;0;;;;;;;;;;;0;;33.2;25.2
BLA;24.12.2001 00:00;-17.6;-9;-22;;;;73.6;1.2;;;;;;2.7;;;;;;;0;;;;;;;;;;;0;;37.6;29.6
BLA;25.12.2001 00:00;-9.7;-3;-14;;;;75.5;2.3;;;;;;2.6;;;;;;;0.7;;;;;;;;;;;0;;29.7;21.7
BLA;26.12.2001 00:00;-5.9;-3;-10;;;;86;3.5;;;;;;2.9;;;;;;;2.1;;;;;;;;;;;0;;25.9;17.9
BLA;27.12.2001 00:00;-11.2;-3;-15.5;;;;58.2;1.6;;;;;;4;;;;;;;5.5;;;;;;;;;;;0;;31.2;23.2
BLA;28.12.2001 00:00;-2.2;0;-8;;;;93;4.9;;;;;;1;;;;;;;16.4;;;;;;;;;;;0;;22.2;14.2
BLA;29.12.2001 00:00;0.2;2.2;-2;;;;96.6;6.1;;;;;;2.4;;;;;;;38.7;;;;;;;;;;;0;;19.8;11.8
BLA;30.12.2001 00:00;-3.9;1.5;-9;;;;65.8;3.1;;;;;;4.6;;;;;;;0;;;;;;;;;;;0;;23.9;15.9
BLA;31.12.2001 00:00;-10.8;-5.5;-17;;;;52.5;1.4;;;;;;9.8;;;;;;;0;;;;;;;;;;;0;;30.8;22.8
BLA;01.01.2002 00:00;-16.9;-8.7;-19.2;;;;;1.3;;;;;;2.2;;7.9;;;;;0;;;;;;;;;;;0;;36.9;28.9
BLA;02.01.2002 00:00;-14.2;-5;-18;;;;;1.7;;;;;;2.4;;8.6;;;;;0;;;;;;;;;;;0;;34.2;26.2
BLA;03.01.2002 00:00;-10.6;-1.5;-14;;;;;2.3;;;;;;3.3;;11.9;;;;;0;;;;;;;;;;;0;;30.6;22.6
BLA;04.01.2002 00:00;-12;-4;-13;;;;;2;;;;;;3.4;;12.2;;;;;0;;;;;;;;;;;0;;32;24
BLA;05.01.2002 00:00;-11.4;-2.1;-13.8;;;;;2.2;;;;;;1.7;;6.1;;;;;0;;;;;;;;;;;0;;31.4;23.4
BLA;06.01.2002 00:00;-8.7;0;-11.5;;;;;2.7;;;;;;2.1;;7.6;;;;;0;;;;;;;;;;;0;;28.7;20.7
BLA;07.01.2002 00:00;-7.9;2;-10;;;;;2.6;;;;;;3.4;;12.2;;;;;0;;;;;;;;;;;0;;27.9;19.9
BLA;08.01.2002 00:00;-11;-1.5;-13;;;;;2.1;;;;;;3.1;;11.2;;;;;0;;;;;;;;;;;0;;31;23
BLA;09.01.2002 00:00;-10;0;-12;;;;;2.3;;;;;;2.4;;8.6;;;;;0;;;;;;;;;;;0;;30;22
BLA;10.01.2002 00:00;-10.8;-1;-13;;;;;2.2;;;;;;1.5;;5.4;;;;;0;;;;;;;;;;;0;;30.8;22.8
BLA;11.01.2002 00:00;-11.1;-2.3;-13.4;;;;;2.2;;;;;;1.5;;5.4;;;;;0;;;;;;;;;;;0;;31.1;23.1
BLA;12.01.2002 00:00;-8.5;0.2;-12;;;;;2.9;;;;;;1.2;;4.3;;;;;0;;;;;;;;;;;0;;28.5;20.5
BLA;13.01.2002 00:00;-7.4;1.5;-11;;;;;2.9;;;;;;4.6;;16.6;;;;;0;;;;;;;;;;;0;;27.4;19.4
BLA;14.01.2002 00:00;-9.6;0;-11.2;;;;;2.5;;;;;;4.6;;16.6;;;;;0;;;;;;;;;;;0;;29.6;21.6
BLA;15.01.2002 00:00;-12.3;-3;-15;;;;;1.8;;;;;;2.7;;9.7;;;;;0;;;;;;;;;;;0;;32.3;24.3
BLA;16.01.2002 00:00;-10.2;-2.5;-14.5;;;;;2.3;;;;;;2.1;;7.6;;;;;0;;;;;;;;;;;0;;30.2;22.2
BLA;17.01.2002 00:00;-11.9;-2.5;-14;;;;;2.2;;;;;;1.5;;5.4;;;;;0;;;;;;;;;;;0;;31.9;23.9
BLA;18.01.2002 00:00;-12;-2;-14;;;;;2;;;;;;3.3;;11.9;;;;;0;;;;;;;;;;;0;;32;24
BLA;19.01.2002 00:00;-7.3;-1;-13.5;;;;;2.9;;;;;;2.7;;9.7;;;;;0;;;;;;;;;;;0;;27.3;19.3
BLA;20.01.2002 00:00;-5.2;2;-9;;;;;3.3;;;;;;2.7;;9.7;;;;;0.2;;;;;;;;;;;0;;25.2;17.2
BLA;21.01.2002 00:00;-0.3;7.5;-5.5;;;;;5.2;;;;;;1.5;;5.4;;;;;0;;;;;;;;;;;0;;20.3;12.3
BLA;22.01.2002 00:00;-3.8;4.1;-7.5;;;;;3.7;;;;;;1.5;;5.4;;;;;0;;;;;;;;;;;0;;23.8;15.8
BLA;23.01.2002 00:00;-3.6;1.5;-10;;;;;3.6;;;;;;1.5;;5.4;;;;;1.5;;;;;;;;;;;0;;23.6;15.6
BLA;24.01.2002 00:00;-0.8;0.5;-3;;;;;5.6;;;;;;0.3;;1.1;;;;;3;;;;;;;;;;;0;;20.8;12.8
BLA;25.01.2002 00:00;-4.4;1.7;-5.4;;;;;4;;;;;;3.1;;11.2;;;;;0.2;;;;;;;;;;;0;;24.4;16.4
BLA;26.01.2002 00:00;0.6;7;-4.5;;;;;4.1;;;;;;3.1;;11.2;;;;;0;;;;;;;;;;;0;;19.4;11.4
BLA;27.01.2002 00:00;3.5;7.4;1.2;;;;;6.2;;;;;;5.7;;20.5;;;;;22.5;;;;;;;;;;;0;;16.5;8.5
BLA;28.01.2002 00:00;0.5;6.7;0;;;;;5.7;;;;;;2.4;;8.6;;;;;0;;;;;;;;;;;0;;19.5;11.5
BLA;29.01.2002 00:00;-1.3;8.3;-6.5;;;;;3.6;;;;;;2.4;;8.6;;;;;0;;;;;;;;;;;0;;21.3;13.3
BLA;30.01.2002 00:00;0.6;8;-1.5;;;;;4.1;;;;;;1.7;;6.1;;;;;0;;;;;;;;;;;0;;19.4;11.4
BLA;31.01.2002 00:00;-0.3;6;-2;;;;;4.4;;;;;;1.7;;6.1;;;;;0;;;;;;;;;;;0;;20.3;12.3
BLA;01.02.2002 00:00;0.5;6;-1;;;;;4.8;;;;;;1.5;;5.4;;;;;0;;;;;;;;;;;0;;19.5;11.5
BLA;02.02.2002 00:00;-1.6;7.5;-5;;;;;4.6;;;;;;1.5;;5.4;;;;;0;;;;;;;;;;;0;;21.6;13.6
BLA;03.02.2002 00:00;-1.4;6.5;-4;;;;;4.4;;;;;;3.1;;11.2;;;;;0;;;;;;;;;;;0;;21.4;13.4
BLA;04.02.2002 00:00;-0.9;6.6;-3;;;;;4.4;;;;;;2.4;;8.6;;;;;0;;;;;;;;;;;0;;20.9;12.9
BLA;05.02.2002 00:00;1.2;5.8;-6;;;;;5.4;;;;;;2.4;;8.6;;;;;0.7;;;;;;;;;;;0;;18.8;10.8
BLA;06.02.2002 00:00;-1;0.8;-3;;;;;5.6;;;;;;1.9;;6.8;;;;;10.5;;;;;;;;;;;0;;21;13
BLA;07.02.2002 00:00;-4.7;2.4;-9.5;;;;;3.4;;;;;;2.4;;8.6;;;;;0.1;;;;;;;;;;;0;;24.7;16.7
BLA;08.02.2002 00:00;-2.1;1.5;-10;;;;;5.3;;;;;;1.7;;6.1;;;;;3.1;;;;;;;;;;;0;;22.1;14.1
BLA;09.02.2002 00:00;1.1;6;-2;;;;;5.9;;;;;;1.2;;4.3;;;;;3.3;;;;;;;;;;;0;;18.9;10.9
BLA;10.02.2002 00:00;-1;0.7;-3.6;;;;;5.1;;;;;;3.9;;14;;;;;1.6;;;;;;;;;;;0;;21;13
BLA;11.02.2002 00:00;0.4;7.9;-6;;;;;5;;;;;;0.9;;3.2;;;;;0;;;;;;;;;;;0;;19.6;11.6
BLA;12.02.2002 00:00;-0.8;8.7;-5.2;;;;;4.2;;;;;;1.5;;5.4;;;;;0;;;;;;;;;;;0;;20.8;12.8
BLA;13.02.2002 00:00;-2.5;8;-8;;;;;4.1;;;;;;2.1;;7.6;;;;;0;;;;;;;;;;;0;;22.5;14.5
BLA;14.02.2002 00:00;1.4;6.7;-4;;;;;4.8;;;;;;4.6;;16.6;;;;;0;;;;;;;;;;;0;;18.6;10.6
BLA;15.02.2002 00:00;1.2;4.3;-2.5;;;;;5.5;;;;;;1.7;;6.1;;;;;3.4;;;;;;;;;;;0;;18.8;10.8
BLA;16.02.2002 00:00;-1;2.5;-4;;;;;5;;;;;;3.3;;11.9;;;;;0.6;;;;;;;;;;;0;;21;13
BLA;17.02.2002 00:00;-3.8;4.2;-8.3;;;;;3.2;;;;;;0.3;;1.1;;;;;0;;;;;;;;;;;0;;23.8;15.8
BLA;18.02.2002 00:00;-4.5;3.8;-12.1;;;;;2.9;;;;;;2.6;;9.4;;;;;0.6;;;;;;;;;;;0;;24.5;16.5
BLA;19.02.2002 00:00;-2.5;0.5;-5;;;;;3.7;;;;;;3.4;;12.2;;;;;3.3;;;;;;;;;;;0;;22.5;14.5
BLA;20.02.2002 00:00;-2.4;-0.5;-5.5;;;;;4.8;;;;;;0.9;;3.2;;;;;31.2;;;;;;;;;;;0;;22.4;14.4
BLA;21.02.2002 00:00;-5.4;-0.5;-8;;;;;2.9;;;;;;14.2;;51.1;;;;;3.7;;;;;;;;;;;0;;25.4;17.4
BLA;22.02.2002 00:00;-8;0;-19.5;;;;;2.9;;;;;;4.8;;17.3;;;;;4;;;;;;;;;;;0;;28;20
BLA;23.02.2002 00:00;-0.4;3.5;-3.5;;;;;4.5;;;;;;3.9;;14;;;;;9.1;;;;;;;;;;;0;;20.4;12.4
BLA;24.02.2002 00:00;-4.2;-2.5;-6;;;;;2.3;;;;;;11;;39.6;;;;;13.6;;;;;;;;;;;0;;24.2;16.2
BLA;25.02.2002 00:00;-0.7;3;-6;;;;;4.9;;;;;;2.6;;9.4;;;;;0.9;;;;;;;;;;;0;;20.7;12.7
BLA;26.02.2002 00:00;2.4;6.4;-3.5;;;;;6;;;;;;3.9;;14;;;;;10.4;;;;;;;;;;;0;;17.6;9.6
BLA;27.02.2002 00:00;2.1;4.5;-0.4;;;;;6.7;;;;;;4;;14.4;;;;;8.3;;;;;;;;;;;0;;17.9;9.9
BLA;28.02.2002 00:00;-0.1;4;-2;;;;;5.1;;;;;;3.9;;14;;;;;0;;;;;;;;;;;0;;20.1;12.1
BLA;01.03.2002 00:00;-1.6;5.3;-7.8;;;;;3.9;;;;;;3.3;;11.9;;;;;8.1;;;;;;;;;;;0;;21.6;13.6
BLA;02.03.2002 00:00;0;3;-4.5;;;;;5.7;;;;;;1.9;;6.8;;;;;11.8;;;;;;;;;;;0;;20;12
BLA;03.03.2002 00:00;-1.9;3;-5;;;;;4.8;;;;;;4.6;;16.6;;;;;0;;;;;;;;;;;0;;21.9;13.9
BLA;04.03.2002 00:00;-2.8;7.8;-11.3;;;;;3.7;;;;;;3.4;;12.2;;;;;0;;;;;;;;;;;0;;22.8;14.8
BLA;05.03.2002 00:00;0.3;8.9;-6;;;;;3.8;;;;;;3.4;;12.2;;;;;1.8;;;;;;;;;;;0;;19.7;11.7
BLA;06.03.2002 00:00;2.6;7.5;-1;;;;;7;;;;;;3.4;;12.2;;;;;4.5;;;;;;;;;;;0;;17.4;9.4
BLA;07.03.2002 00:00;2.6;8.5;0;;;;;6.6;;;;;;2.1;;7.6;;;;;0.1;;;;;;;;;;;0;;17.4;9.4
BLA;08.03.2002 00:00;3.1;10.5;-2;;;;;5.1;;;;;;1.7;;6.1;;;;;0;;;;;;;;;;;0;;16.9;8.9
BLA;09.03.2002 00:00;2.1;10.3;-4.1;;;;;4.4;;;;;;1.7;;6.1;;;;;0;;;;;;;;;;;0;;17.9;9.9
BLA;10.03.2002 00:00;1.1;7.3;-4.9;;;;;3.6;;;;;;2.1;;7.6;;;;;0;;;;;;;;;;;0;;18.9;10.9
BLA;11.03.2002 00:00;0.5;8.7;-6.2;;;;;3.4;;;;;;3.3;;11.9;;;;;0;;;;;;;;;;;0;;19.5;11.5
BLA;12.03.2002 00:00;2.6;11;-4;;;;;4.5;;;;;;3.3;;11.9;;;;;0;;;;;;;;;;;0;;17.4;9.4
BLA;13.03.2002 00:00;4.3;11;-1.5;;;;;5.3;;;;;;1.2;;4.3;;;;;0;;;;;;;;;;;0;;15.7;7.7
BLA;14.03.2002 00:00;2.2;7;-2;;;;;5.8;;;;;;1.5;;5.4;;;;;0;;;;;;;;;;;0;;17.8;9.8
BLA;15.03.2002 00:00;1.1;8;-5;;;;;4.5;;;;;;2.6;;9.4;;;;;0;;;;;;;;;;;0;;18.9;10.9
BLA;16.03.2002 00:00;0.9;7;-5.5;;;;;4.3;;;;;;1.9;;6.8;;;;;0;;;;;;;;;;;0;;19.1;11.1
BLA;17.03.2002 00:00;2.3;9.5;-4.1;;;;;4.9;;;;;;2.1;;7.6;;;;;0;;;;;;;;;;;0;;17.7;9.7
BLA;18.03.2002 00:00;2;9;-4;;;;;4.5;;;;;;3.4;;12.2;;;;;13;;;;;;;;;;;0;;18;10
BLA;19.03.2002 00:00;1.8;3;0;;;;;6.9;;;;;;2.7;;9.7;;;;;50.7;;;;;;;;;;;0;;18.2;10.2
BLA;20.03.2002 00:00;5.5;12.5;0;;;;;5.8;;;;;;3.3;;11.9;;;;;0;;;;;;;;;;;0;;14.5;6.5
BLA;21.03.2002 00:00;7.9;13;0;;;;;6;;;;;;6;;21.6;;;;;8;;;;;;;;;;;0;;12.1;4.1
BLA;22.03.2002 00:00;2.6;6;-1;;;;;4.6;;;;;;6.2;;22.3;;;;;13.2;;;;;;;;;;;0;;17.4;9.4
BLA;23.03.2002 00:00;-1.2;3;-3;;;;;3.7;;;;;;5.5;;19.8;;;;;0;;;;;;;;;;;0;;21.2;13.2
BLA;24.03.2002 00:00;-2.5;3.5;-11;;;;;2.5;;;;;;8.9;;32;;;;;0;;;;;;;;;;;0;;22.5;14.5
BLA;25.03.2002 00:00;-3.5;4;-11;;;;;2.7;;;;;;5.3;;19.1;;;;;0;;;;;;;;;;;0;;23.5;15.5
BLA;26.03.2002 00:00;-3.1;5;-12;;;;;2.3;;;;;;5.3;;19.1;;;;;0;;;;;;;;;;;0;;23.1;15.1
BLA;27.03.2002 00:00;-2.9;6;-11.5;;;;;2.7;;;;;;3.9;;14;;;;;0;;;;;;;;;;;0;;22.9;14.9
BLA;28.03.2002 00:00;-1.1;9.2;-9.5;;;;;3.1;;;;;;3.1;;11.2;;;;;0;;;;;;;;;;;0;;21.1;13.1
BLA;29.03.2002 00:00;0;9;-7;;;;;3;;;;;;1.9;;6.8;;;;;0;;;;;;;;;;;0;;20;12
BLA;30.03.2002 00:00;-0.5;5.1;-5;;;;;3.6;;;;;;0.7;;2.5;;;;;0;;;;;;;;;;;0;;20.5;12.5
BLA;31.03.2002 00:00;0.7;8.1;-7.3;;;;;3.8;;;;;;2.7;;9.7;;;;;0;;;;;;;;;;;0;;19.3;11.3
BLA;01.04.2002 00:00;1.8;9.8;-6;;;;;4;;;;;;5.3;;19.1;;;;;0;;;;;;;;;;;0;;18.2;10.2
BLA;02.04.2002 00:00;3.5;11.3;-4;;;;;4.6;;;;;;1.5;;5.4;;;;;0;;;;;;;;;;;0;;16.5;8.5
BLA;03.04.2002 00:00;5.5;9.2;0;;;;;4.2;;;;;;6.9;;24.8;;;;;1.1;;;;;;;;;;;0;;14.5;6.5
BLA;04.04.2002 00:00;4.2;10.2;-1.4;;;;;4.9;;;;;;0.9;;3.2;;;;;0;;;;;;;;;;;0;;15.8;7.8
BLA;05.04.2002 00:00;4.3;9.3;-1;;;;;4;;;;;;6;;21.6;;;;;0;;;;;;;;;;;0;;15.7;7.7
BLA;06.04.2002 00:00;1;9;-6;;;;;4.4;;;;;;3.9;;14;;;;;0;;;;;;;;;;;0;;19;11
BLA;07.04.2002 00:00;3.2;10.5;-3.7;;;;;5.4;;;;;;2.4;;8.6;;;;;2.8;;;;;;;;;;;0;;16.8;8.8
BLA;08.04.2002 00:00;3;5.5;0;;;;;7.5;;;;;;1.2;;4.3;;;;;6.8;;;;;;;;;;;0;;17;9
BLA;09.04.2002 00:00;2.9;8;1;;;;;6.2;;;;;;1.9;;6.8;;;;;0.1;;;;;;;;;;;0;;17.1;9.1
BLA;10.04.2002 00:00;1.9;5.8;-2.8;;;;;4.2;;;;;;2.6;;9.4;;;;;0;;;;;;;;;;;0;;18.1;10.1
BLA;11.04.2002 00:00;2.5;8;-3.1;;;;;4.9;;;;;;3.4;;12.2;;;;;0;;;;;;;;;;;0;;17.5;9.5
BLA;12.04.2002 00:00;4.6;9.8;0.4;;;;;6.4;;;;;;5.3;;19.1;;;;;1.8;;;;;;;;;;;0;;15.4;7.4
BLA;13.04.2002 00:00;3.2;7.5;1.2;;;;;7.3;;;;;;0.9;;3.2;;;;;6.9;;;;;;;;;;;0;;16.8;8.8
BLA;14.04.2002 00:00;1.5;4.1;-0.3;;;;;6.1;;;;;;4.3;;15.5;;;;;0.1;;;;;;;;;;;0;;18.5;10.5
BLA;15.04.2002 00:00;-1.1;5;-6.5;;;;;3;;;;;;5.3;;19.1;;;;;0.1;;;;;;;;;;;0;;21.1;13.1
BLA;16.04.2002 00:00;0.5;6;-5;;;;;3.8;;;;;;3.8;;13.7;;;;;0;;;;;;;;;;;0;;19.5;11.5
BLA;17.04.2002 00:00;1.4;6.4;-3.9;;;;;4.7;;;;;;3.1;;11.2;;;;;0;;;;;;;;;;;0;;18.6;10.6
BLA;18.04.2002 00:00;4;10;-2.5;;;;;4.5;;;;;;5;;18;;;;;0;;;;;;;;;;;0;;16;8
BLA;19.04.2002 00:00;3.3;8;-2;;;;;4.6;;;;;;4.6;;16.6;;;;;0.4;;;;;;;;;;;0;;16.7;8.7
BLA;20.04.2002 00:00;0.7;5;-1.8;;;;;4.7;;;;;;6.9;;24.8;;;;;0;;;;;;;;;;;0;;19.3;11.3
BLA;21.04.2002 00:00;5.1;13.7;-4.8;;;;;4.5;;;;;;1.5;;5.4;;;;;0;;;;;;;;;;;0;;14.9;6.9
BLA;22.04.2002 00:00;5.8;14;-2.2;;;;;5.2;;;;;;3.8;;13.7;;;;;0.7;;;;;;;;;;;0;;14.2;6.2
BLA;23.04.2002 00:00;6;13.5;-1;;;;;5.3;;;;;;5.5;;19.8;;;;;0;;;;;;;;;;;0;;14;6
BLA;24.04.2002 00:00;6.7;12;-0.5;;;;;6.9;;;;;;5.7;;20.5;;;;;0.2;;;;;;;;;;;0;;13.3;5.3
BLA;25.04.2002 00:00;8.7;14;2;;;;;6.4;;;;;;4.6;;16.6;;;;;0;;;;;;;;;;;0;;11.3;3.3
BLA;26.04.2002 00:00;6.2;13.8;0.3;;;;;6.8;;;;;;2.2;;7.9;;;;;8.8;;;;;;;;;;;0;;13.8;5.8
BLA;27.04.2002 00:00;3.8;8.4;0;;;;;4.6;;;;;;5;;18;;;;;0.2;;;;;;;;;;;0;;16.2;8.2
BLA;28.04.2002 00:00;5;12.7;-3.3;;;;;4.2;;;;;;3.4;;12.2;;;;;0;;;;;;;;;;;0;;15;7
BLA;29.04.2002 00:00;7;11.4;2.5;;;;;6.4;;;;;;3.9;;14;;;;;0.1;;;;;;;;;;;0;;13;5
BLA;30.04.2002 00:00;7.1;16.3;-2.7;;;;;5.3;;;;;;2.2;;7.9;;;;;0;;;;;;;;;;;0;;12.9;4.9
BLA;01.05.2002 00:00;7.7;14.6;0.6;;;;;7.4;;;;;;3.1;;11.2;;;;;1.2;;;;;;;;;;;0;;12.3;4.3
BLA;02.05.2002 00:00;3.6;6.6;1;;;;;7.7;;;;;;3.1;;11.2;;;;;51;;;;;;;;;;;0;;16.4;8.4
BLA;03.05.2002 00:00;1;2.5;-0.4;;;;;6.4;;;;;;1.9;;6.8;;;;;31.3;;;;;;;;;;;0;;19;11
BLA;04.05.2002 00:00;-0.3;1.3;-1.6;;;;;5.6;;;;;;2.2;;7.9;;;;;16.9;;;;;;;;;;;0;;20.3;12.3
BLA;05.05.2002 00:00;0.5;4.3;-2.4;;;;;5.4;;;;;;1.2;;4.3;;;;;3.3;;;;;;;;;;;0;;19.5;11.5
BLA;06.05.2002 00:00;1.1;9;-6.4;;;;;4.3;;;;;;2.6;;9.4;;;;;0;;;;;;;;;;;0;;18.9;10.9
BLA;07.05.2002 00:00;4.5;13.2;-4.5;;;;;4.8;;;;;;2.4;;8.6;;;;;0;;;;;;;;;;;0;;15.5;7.5
BLA;08.05.2002 00:00;6.5;10.5;1.5;;;;;8.3;;;;;;4.3;;15.5;;;;;3.7;;;;;;;;;;;0;;13.5;5.5
BLA;09.05.2002 00:00;7.2;14.3;-1.4;;;;;8.8;;;;;;3.4;;12.2;;;;;2.4;;;;;;;;;;;0;;12.8;4.8
BLA;10.05.2002 00:00;7.4;15;0;;;;;5.9;;;;;;2.1;;7.6;;;;;0;;;;;;;;;;;0;;12.6;4.6
BLA;11.05.2002 00:00;5.9;12;0.5;;;;;7.6;;;;;;2.2;;7.9;;;;;1.3;;;;;;;;;;;0;;14.1;6.1
BLA;12.05.2002 00:00;6.2;10.8;3;;;;;9;;;;;;0.9;;3.2;;;;;20.1;;;;;;;;;;;0;;13.8;5.8
BLA;13.05.2002 00:00;7.4;16.3;-0.4;;;;;8.3;;;;;;1.2;;4.3;;;;;0;;;;;;;;;;;0;;12.6;4.6
BLA;14.05.2002 00:00;9.6;16.5;1.2;;;;;6.6;;;;;;1;;3.6;;;;;0;;;;;;;;;;;0;;10.4;2.4
BLA;15.05.2002 00:00;9.5;19;-0.4;;;;;5.7;;;;;;2.7;;9.7;;;;;0;;;;;;;;;;;0;;10.5;2.5
BLA;16.05.2002 00:00;11.5;19.3;2.8;;;;;7.3;;;;;;3.4;;12.2;;;;;0;;;;;;;;;;;0;;8.5;0.5
BLA;17.05.2002 00:00;12.4;21;3.7;;;;;8;;;;;;2.4;;8.6;;;;;0;;;;;;;;;;;0;;0;0
BLA;18.05.2002 00:00;8.5;13;5.2;;;;;10.6;;;;;;2.9;;10.4;;;;;1.6;;;;;;;;;;;0;;11.5;3.5
BLA;19.05.2002 00:00;8;11.8;4;;;;;8.7;;;;;;3.1;;11.2;;;;;0.1;;;;;;;;;;;0;;12;4
BLA;20.05.2002 00:00;10.2;17.4;4;;;;;6.8;;;;;;2.7;;9.7;;;;;0;;;;;;;;;;;0;;9.8;1.8
BLA;21.05.2002 00:00;10.9;19.1;1.5;;;;;7.8;;;;;;3.8;;13.7;;;;;0;;;;;;;;;;;0;;9.1;1.1
BLA;22.05.2002 00:00;10.5;15.7;2.5;;;;;8.4;;;;;;4.3;;15.5;;;;;0.1;;;;;;;;;;;0;;9.5;1.5
BLA;23.05.2002 00:00;7.7;13;2.5;;;;;8.8;;;;;;2.7;;9.7;;;;;23;;;;;;;;;;;0;;12.3;4.3
BLA;24.05.2002 00:00;7.2;14;0;;;;;7.1;;;;;;1.9;;6.8;;;;;0;;;;;;;;;;;0;;12.8;4.8
BLA;25.05.2002 00:00;9;16;1.2;;;;;8.6;;;;;;4.1;;14.8;;;;;2.6;;;;;;;;;;;0;;11;3
BLA;26.05.2002 00:00;8.3;14.7;2.2;;;;;6.7;;;;;;3.9;;14;;;;;3.3;;;;;;;;;;;0;;11.7;3.7
BLA;27.05.2002 00:00;3.2;4.8;1.4;;;;;7.6;;;;;;1.7;;6.1;;;;;11.2;;;;;;;;;;;0;;16.8;8.8
BLA;28.05.2002 00:00;5.4;11.4;0.5;;;;;6.3;;;;;;2.4;;8.6;;;;;0.1;;;;;;;;;;;0;;14.6;6.6
BLA;29.05.2002 00:00;8.7;16.5;0;;;;;6.6;;;;;;3.4;;12.2;;;;;0;;;;;;;;;;;0;;11.3;3.3
BLA;30.05.2002 00:00;8.9;17.8;-1;;;;;7.1;;;;;;2.1;;7.6;;;;;0;;;;;;;;;;;0;;11.1;3.1
BLA;31.05.2002 00:00;11.3;19.6;0;;;;;8.1;;;;;;3.1;;11.2;;;;;0;;;;;;;;;;;0;;8.7;0.7
BLA;01.06.2002 00:00;12;20.5;1.7;;;;;8.4;;;;;;1.5;;5.4;;;;;0;;;;;;;;;;;0;;8;0
BLA;02.06.2002 00:00;13.1;21.2;3.1;;;;;8.7;;;;;;0.3;;1.1;;;;;0;;;;;;;;;;;0;;0;0
BLA;03.06.2002 00:00;10.4;17.5;4.7;;;;;12;;;;;;0.3;;1.1;;;;;3.7;;;;;;;;;;;0;;9.6;1.6
BLA;04.06.2002 00:00;12.4;20.7;5;;;;;10.6;;;;;;2.1;;7.6;;;;;8.2;;;;;;;;;;;0;;0;0
BLA;05.06.2002 00:00;7.7;10.2;6;;;;;10.2;;;;;;3.1;;11.2;;;;;55.2;;;;;;;;;;;0;;12.3;4.3
BLA;06.06.2002 00:00;8;14.2;1;;;;;7.6;;;;;;0.7;;2.5;;;;;13.2;;;;;;;;;;;0;;12;4
BLA;07.06.2002 00:00;8.6;14.5;5;;;;;9.4;;;;;;1.2;;4.3;;;;;0.5;;;;;;;;;;;0;;11.4;3.4
BLA;08.06.2002 00:00;7.7;11;5;;;;;10.3;;;;;;3.4;;12.2;;;;;4.1;;;;;;;;;;;0;;12.3;4.3
BLA;09.06.2002 00:00;8.6;15.3;4.5;;;;;8.3;;;;;;2.7;;9.7;;;;;0.3;;;;;;;;;;;0;;11.4;3.4
BLA;10.06.2002 00:00;10.1;14.6;6.1;;;;;7;;;;;;3.3;;11.9;;;;;0.1;;;;;;;;;;;0;;9.9;1.9
BLA;11.06.2002 00:00;9.1;17.7;-1;;;;;7.5;;;;;;1.9;;6.8;;;;;0;;;;;;;;;;;0;;10.9;2.9
BLA;12.06.2002 00:00;11.9;20;1.4;;;;;7.5;;;;;;1.2;;4.3;;;;;0;;;;;;;;;;;0;;8.1;0.1
BLA;13.06.2002 00:00;14.7;22;6.4;;;;;9.3;;;;;;4;;14.4;;;;;0;;;;;;;;;;;0;;0;0
BLA;14.06.2002 00:00;15.1;24;4.6;;;;;8.6;;;;;;2.1;;7.6;;;;;0;;;;;;;;;;;0;;0;0
BLA;15.06.2002 00:00;16.1;25;6.2;;;;;10.6;;;;;;0.7;;2.5;;;;;0;;;;;;;;;;;0;;0;0
BLA;16.06.2002 00:00;17.2;24;9.7;;;;;10.9;;;;;;3.8;;13.7;;;;;0;;;;;;;;;;;0;;0;0
BLA;17.06.2002 00:00;17.8;26.7;7.1;;;;;10.9;;;;;;1.9;;6.8;;;;;0;;;;;;;;;;;0;;0;0
BLA;18.06.2002 00:00;18.6;27.5;8.1;;;;;12.5;;;;;;2.4;;8.6;;;;;0;;;;;;;;;;;0.3;;0;0
BLA;19.06.2002 00:00;18.7;27.2;9;;;;;13.8;;;;;;1.5;;5.4;;;;;0;;;;;;;;;;;0.4;;0;0
BLA;20.06.2002 00:00;17.6;25.5;10.6;;;;;14.9;;;;;;3.3;;11.9;;;;;0;;;;;;;;;;;0;;0;0
BLA;21.06.2002 00:00;18.1;25;9.4;;;;;16.7;;;;;;1.2;;4.3;;;;;2.2;;;;;;;;;;;0;;0;0
BLA;22.06.2002 00:00;16.7;27;7.5;;;;;13;;;;;;1.2;;4.3;;;;;0;;;;;;;;;;;0;;0;0
BLA;23.06.2002 00:00;19.9;28.5;9.7;;;;;12.3;;;;;;1.5;;5.4;;;;;0;;;;;;;;;;;1.6;;0;0
BLA;24.06.2002 00:00;15;22.3;9;;;;;14;;;;;;0.7;;2.5;;;;;6.8;;;;;;;;;;;0;;0;0
BLA;25.06.2002 00:00;14.7;22;7.9;;;;;11.4;;;;;;1.5;;5.4;;;;;0;;;;;;;;;;;0;;0;0
BLA;26.06.2002 00:00;14.4;22.5;5;;;;;9.9;;;;;;2.7;;9.7;;;;;0;;;;;;;;;;;0;;0;0
BLA;27.06.2002 00:00;13.2;22;4.6;;;;;10.2;;;;;;1.7;;6.1;;;;;37.6;;;;;;;;;;;0;;0;0
BLA;28.06.2002 00:00;9.6;14.5;6;;;;;8.8;;;;;;4;;14.4;;;;;1;;;;;;;;;;;0;;10.4;2.4
BLA;29.06.2002 00:00;8.7;17;-1;;;;;7;;;;;;1.9;;6.8;;;;;0;;;;;;;;;;;0;;11.3;3.3
BLA;30.06.2002 00:00;11.4;18;4.5;;;;;7.6;;;;;;3.9;;14;;;;;0;;;;;;;;;;;0;;8.6;0.6
BLA;01.07.2002 00:00;12.6;21.7;5;;;;;10;;;;;;1.7;;6.1;;;;;2.1;;;;;;;;;;;0;;0;0
BLA;02.07.2002 00:00;12.7;16.5;9.5;;;;;12.2;;;;;;1.2;;4.3;;;;;0.2;;;;;;;;;;;0;;0;0
BLA;03.07.2002 00:00;11.8;19.5;5.5;;;;;10.5;;;;;;2.2;;7.9;;;;;1.9;;;;;;;;;;;0;;8.2;0.2
BLA;04.07.2002 00:00;10.7;16.5;6.5;;;;;7.9;;;;;;4;;14.4;;;;;0;;;;;;;;;;;0;;9.3;1.3
BLA;05.07.2002 00:00;11.6;21;2.5;;;;;9.2;;;;;;3.9;;14;;;;;6.4;;;;;;;;;;;0;;8.4;0.4
BLA;06.07.2002 00:00;10.1;12;8.5;;;;;11;;;;;;1.9;;6.8;;;;;8.1;;;;;;;;;;;0;;9.9;1.9
BLA;07.07.2002 00:00;12.5;20.5;3;;;;;10.2;;;;;;3.3;;11.9;;;;;0;;;;;;;;;;;0;;0;0
BLA;08.07.2002 00:00;14.9;24.5;4.5;;;;;10;;;;;;2.7;;9.7;;;;;0;;;;;;;;;;;0;;0;0
BLA;09.07.2002 00:00;12.8;21;7.5;;;;;13.2;;;;;;1.2;;4.3;;;;;6;;;;;;;;;;;0;;0;0
BLA;10.07.2002 00:00;11.4;18;6.5;;;;;12.6;;;;;;0.7;;2.5;;;;;8.5;;;;;;;;;;;0;;8.6;0.6
BLA;11.07.2002 00:00;13.1;20.5;6;;;;;10.9;;;;;;3.4;;12.2;;;;;0;;;;;;;;;;;0;;0;0
BLA;12.07.2002 00:00;14;22;5.5;;;;;10.3;;;;;;2.7;;9.7;;;;;12.9;;;;;;;;;;;0;;0;0
BLA;13.07.2002 00:00;10.8;15;8.5;;;;;11.4;;;;;;3.1;;11.2;;;;;1.1;;;;;;;;;;;0;;9.2;1.2
BLA;14.07.2002 00:00;10.9;15;7.7;;;;84.9;11.1;;;;;;3.3;;11.9;;;;;0.6;;;;;;;;;;;0;;9.1;1.1
BLA;15.07.2002 00:00;10.7;18;6.5;;;;;11.4;;;;;;2.2;;7.9;;;;;4.9;;;;;;;;;;;0;;9.3;1.3
BLA;16.07.2002 00:00;12.5;20;5.5;;;;;10.2;;;;;;5.3;;19.1;;;;;0;;;;;;;;;;;0;;0;0
BLA;17.07.2002 00:00;11;13.8;9;;;;;12.5;;;;;;1.9;;6.8;;;;;11;;;;;;;;;;;0;;9;1
BLA;18.07.2002 00:00;12.8;18;8.5;;;;;9.4;;;;;;3.8;;13.7;;;;;0;;;;;;;;;;;0;;0;0
BLA;19.07.2002 00:00;11.3;21.5;2.5;;;;;8.3;;;;;;2.2;;7.9;;;;;0;;;;;;;;;;;0;;8.7;0.7
BLA;20.07.2002 00:00;13.7;23.5;3.5;;;;;9.2;;;;;;1.9;;6.8;;;;;0;;;;;;;;;;;0;;0;0
BLA;21.07.2002 00:00;11.5;15;7.7;;;;;12.1;;;;;;1;;3.6;;;;;20.4;;;;;;;;;;;0;;8.5;0.5
BLA;22.07.2002 00:00;13.8;20;7;;;;;9.4;;;;;;2.1;;7.6;;;;;0;;;;;;;;;;;0;;0;0
BLA;23.07.2002 00:00;13.3;24;3.5;;;;;8.6;;;;;;3.1;;11.2;;;;;0;;;;;;;;;;;0;;0;0
BLA;24.07.2002 00:00;11.8;19;5.7;;;;;9.1;;;;;;3.8;;13.7;;;;;0;;;;;;;;;;;0;;8.2;0.2
BLA;25.07.2002 00:00;11.2;16;7.5;;;;;8.9;;;;;;3.9;;14;;;;;0.5;;;;;;;;;;;0;;8.8;0.8
BLA;26.07.2002 00:00;12.4;19;8.5;;;;;10.2;;;;;;1.7;;6.1;;;;;0;;;;;;;;;;;0;;0;0
BLA;27.07.2002 00:00;14.2;23.5;4.5;;;;;10.5;;;;;;3.1;;11.2;;;;;0;;;;;;;;;;;0;;0;0
BLA;28.07.2002 00:00;16.5;25;8;;;;;12.4;;;;;;2.1;;7.6;;;;;0;;;;;;;;;;;0;;0;0
BLA;29.07.2002 00:00;16.3;25;8;;;;;10.1;;;;;;5.3;;19.1;;;;;0;;;;;;;;;;;0;;0;0
BLA;30.07.2002 00:00;15.6;24;8.5;;;;;10.8;;;;;;4;;14.4;;;;;3.1;;;;;;;;;;;0;;0;0
BLA;31.07.2002 00:00;11.8;18.2;7.8;;;;;13.4;;;;;;4.1;;14.8;;;;;13.5;;;;;;;;;;;0;;8.2;0.2
BLA;01.08.2002 00:00;10.1;16;6.5;;;;;11.6;;;;;;4.6;;16.6;;;;;0.7;;;;;;;;;;;0;;9.9;1.9
BLA;02.08.2002 00:00;13;20;7.5;;;;;10.2;;;;;;3.4;;12.2;;;;;0;;;;;;;;;;;0;;0;0
BLA;03.08.2002 00:00;13.6;18.5;8.5;;;;;12.1;;;;;;2.2;;7.9;;;;;17.2;;;;;;;;;;;0;;0;0
BLA;04.08.2002 00:00;10.2;14.5;6.4;;;;;11.8;;;;;;1.7;;6.1;;;;;1.4;;;;;;;;;;;0;;9.8;1.8
BLA;05.08.2002 00:00;12.9;20;7.4;;;;;10.2;;;;;;1.5;;5.4;;;;;3.1;;;;;;;;;;;0;;0;0
BLA;06.08.2002 00:00;10.6;15;8;;;;;11;;;;;;4.6;;16.6;;;;;10.1;;;;;;;;;;;0;;9.4;1.4
BLA;07.08.2002 00:00;10.2;15;7.5;;;;;9.4;;;;;;2.7;;9.7;;;;;3;;;;;;;;;;;0;;9.8;1.8
BLA;08.08.2002 00:00;10;18.5;3.5;;;;;8.2;;;;;;3.3;;11.9;;;;;0;;;;;;;;;;;0;;10;2
BLA;09.08.2002 00:00;10;12;8;;;;;11.7;;;;;;0.3;;1.1;;;;;18.9;;;;;;;;;;;0;;10;2
BLA;10.08.2002 00:00;5.8;9.7;2.5;;;;;8.8;;;;;;1.2;;4.3;;;;;33.6;;;;;;;;;;;0;;14.2;6.2
BLA;11.08.2002 00:00;6.3;9;3.5;;;;;9.1;;;;;;0.3;;1.1;;;;;27.6;;;;;;;;;;;0;;13.7;5.7
BLA;12.08.2002 00:00;11.1;15.7;6.9;;;;;8.4;;;;;;3.1;;11.2;;;;;0.1;;;;;;;;;;;0;;8.9;0.9
BLA;13.08.2002 00:00;10;18.5;2.5;;;;;8.9;;;;;;3.3;;11.9;;;;;0;;;;;;;;;;;0;;10;2
BLA;14.08.2002 00:00;11.8;21.5;3.5;;;;;8.9;;;;;;3.9;;14;;;;;0;;;;;;;;;;;0;;8.2;0.2
BLA;15.08.2002 00:00;13.5;22.7;4.4;;;;;8.8;;;;;;1.5;;5.4;;;;;0;;;;;;;;;;;0;;0;0
BLA;16.08.2002 00:00;12.8;22.5;3.9;;;;;10.2;;;;;;1.7;;6.1;;;;;0;;;;;;;;;;;0;;0;0
BLA;17.08.2002 00:00;14;22.7;5.9;;;;;10.1;;;;;;2.7;;9.7;;;;;0;;;;;;;;;;;0;;0;0
BLA;18.08.2002 00:00;13.6;22.9;4.7;;;;;10.8;;;;;;1.5;;5.4;;;;;0;;;;;;;;;;;0;;0;0
BLA;19.08.2002 00:00;14;23.5;6;;;;;11.3;;;;;;0.7;;2.5;;;;;0;;;;;;;;;;;0;;0;0
BLA;20.08.2002 00:00;13.1;20;8.5;;;;;14.1;;;;;;2.4;;8.6;;;;;4.7;;;;;;;;;;;0;;0;0
BLA;21.08.2002 00:00;12.5;19;7.5;;;;;10.9;;;;;;5.3;;19.1;;;;;0.2;;;;;;;;;;;0;;0;0
BLA;22.08.2002 00:00;10.5;19.5;3.5;;;;;9.6;;;;;;3.3;;11.9;;;;;0.2;;;;;;;;;;;0;;9.5;1.5
BLA;23.08.2002 00:00;12;15.5;9.5;;;;;12.1;;;;;;1.7;;6.1;;;;;1;;;;;;;;;;;0;;8;0
BLA;24.08.2002 00:00;12.6;18;5.3;;;;;11.1;;;;;;1.9;;6.8;;;;;1.3;;;;;;;;;;;0;;0;0
BLA;25.08.2002 00:00;13.2;20;6;;;;;12.9;;;;;;0.3;;1.1;;;;;0.1;;;;;;;;;;;0;;0;0
BLA;26.08.2002 00:00;13.2;17.5;9.3;;;;;12.7;;;;;;2.2;;7.9;;;;;0.4;;;;;;;;;;;0;;0;0
BLA;27.08.2002 00:00;10.3;14;7.5;;;;;11.8;;;;;;1.5;;5.4;;;;;5.7;;;;;;;;;;;0;;9.7;1.7
BLA;28.08.2002 00:00;11.8;18.5;6.4;;;;;11.2;;;;;;0.9;;3.2;;;;;0;;;;;;;;;;;0;;8.2;0.2
BLA;29.08.2002 00:00;12.4;19;6.5;;;;;10.8;;;;;;2.4;;8.6;;;;;0;;;;;;;;;;;0;;0;0
BLA;30.08.2002 00:00;12.7;21;5.5;;;;;11.6;;;;;;1.5;;5.4;;;;;7.6;;;;;;;;;;;0;;0;0
BLA;31.08.2002 00:00;12.3;18.5;9.5;;;;;12.4;;;;;;0;;0;;;;;5.7;;;;;;;;;;;0;;0;0
BLA;01.09.2002 00:00;11.8;16;8.7;;;;;13.2;;;;;;1.2;;4.3;;;;;2.8;;;;;;;;;;;0;;8.2;0.2
BLA;02.09.2002 00:00;13.3;20;9;;;;;11.6;;;;;;3.1;;11.2;;;;;6.1;;;;;;;;;;;0;;0;0
BLA;03.09.2002 00:00;9.8;13;7.5;;;;;10.9;;;;;;1.5;;5.4;;;;;13.5;;;;;;;;;;;0;;10.2;2.2
BLA;04.09.2002 00:00;9;14;4.5;;;;;10.2;;;;;;1.9;;6.8;;;;;11.8;;;;;;;;;;;0;;11;3
BLA;05.09.2002 00:00;9;16;2.5;;;;;9.4;;;;;;3.1;;11.2;;;;;0;;;;;;;;;;;0;;11;3
BLA;06.09.2002 00:00;10.7;14.5;6;;;;;9.9;;;;;;2.4;;8.6;;;;;0.8;;;;;;;;;;;0;;9.3;1.3
BLA;07.09.2002 00:00;10.3;18;5;;;;;10.3;;;;;;1.5;;5.4;;;;;6.4;;;;;;;;;;;0;;9.7;1.7
BLA;08.09.2002 00:00;9.1;22.5;3;;;;;9.9;;;;;;3.3;;11.9;;;;;0.1;;;;;;;;;;;0;;10.9;2.9
BLA;09.09.2002 00:00;11.7;18;6;;;;;10.1;;;;;;2.4;;8.6;;;;;7.7;;;;;;;;;;;0;;8.3;0.3
BLA;10.09.2002 00:00;9.4;14.5;6.5;;;;;10.2;;;;;;4.8;;17.3;;;;;0.3;;;;;;;;;;;0;;10.6;2.6
BLA;11.09.2002 00:00;9.1;14.2;1.5;;;;;8.7;;;;;;1.7;;6.1;;;;;0;;;;;;;;;;;0;;10.9;2.9
BLA;12.09.2002 00:00;10.2;17;5;;;;;10;;;;;;0.9;;3.2;;;;;0.3;;;;;;;;;;;0;;9.8;1.8
BLA;13.09.2002 00:00;10.9;18.2;2;;;;;9.8;;;;;;0.9;;3.2;;;;;0;;;;;;;;;;;0;;9.1;1.1
BLA;14.09.2002 00:00;9.9;16;3;;;;;9;;;;;;3.8;;13.7;;;;;0;;;;;;;;;;;0;;10.1;2.1
BLA;15.09.2002 00:00;7.7;17;0;;;;;7.1;;;;;;2.4;;8.6;;;;;0;;;;;;;;;;;0;;12.3;4.3
BLA;16.09.2002 00:00;7.5;16;0.5;;;;;8.2;;;;;;1.7;;6.1;;;;;0;;;;;;;;;;;0;;12.5;4.5
BLA;17.09.2002 00:00;8.2;18.2;0.8;;;;;8.5;;;;;;1.5;;5.4;;;;;0;;;;;;;;;;;0;;11.8;3.8
BLA;18.09.2002 00:00;9.8;19;0.5;;;;;8.3;;;;;;1.2;;4.3;;;;;0.9;;;;;;;;;;;0;;10.2;2.2
BLA;19.09.2002 00:00;10.1;13;6;;;;;11.4;;;;;;0.9;;3.2;;;;;11.4;;;;;;;;;;;0;;9.9;1.9
BLA;20.09.2002 00:00;10.7;16;9;;;;;11.9;;;;;;2.4;;8.6;;;;;6.9;;;;;;;;;;;0;;9.3;1.3
BLA;21.09.2002 00:00;9.2;13.5;5.5;;;;;10.5;;;;;;3.1;;11.2;;;;;8;;;;;;;;;;;0;;10.8;2.8
BLA;22.09.2002 00:00;8.5;12;7.5;;;;;9.6;;;;;;4.6;;16.6;;;;;2.8;;;;;;;;;;;0;;11.5;3.5
BLA;23.09.2002 00:00;3.9;8.5;2;;;;;6.1;;;;;;3.1;;11.2;;;;;0.1;;;;;;;;;;;0;;16.1;8.1
BLA;24.09.2002 00:00;2.6;5.5;1.5;;;;;6.3;;;;;;2.7;;9.7;;;;;0.4;;;;;;;;;;;0;;17.4;9.4
BLA;25.09.2002 00:00;0.6;5;-2.5;;;;;4.5;;;;;;4.6;;16.6;;;;;0.1;;;;;;;;;;;0;;19.4;11.4
BLA;26.09.2002 00:00;2.3;5.8;-2.5;;;;;6.6;;;;;;1.7;;6.1;;;;;3.7;;;;;;;;;;;0;;17.7;9.7
BLA;27.09.2002 00:00;4.4;9.2;1;;;;;7.2;;;;;;3.1;;11.2;;;;;0;;;;;;;;;;;0;;15.6;7.6
BLA;28.09.2002 00:00;3.6;12;-2.5;;;;;5.8;;;;;;2.4;;8.6;;;;;0;;;;;;;;;;;0;;16.4;8.4
BLA;29.09.2002 00:00;3.8;12.8;-3;;;;;6.3;;;;;;2.4;;8.6;;;;;0;;;;;;;;;;;0;;16.2;8.2
BLA;30.09.2002 00:00;4.6;14;-3;;;;;6.6;;;;;;3.3;;11.9;;;;;0;;;;;;;;;;;0;;15.4;7.4
BLA;01.10.2002 00:00;5.8;16;-2;;;;76.5;6.7;;;;;;3.3;;11.9;;;;;0;;;;;;;;;;;0;;14.2;6.2
BLA;02.10.2002 00:00;6.5;17;-1;;;;74.4;6.7;;;;;;2.7;;9.7;;;;;0;;;;;;;;;;;0;;13.5;5.5
BLA;03.10.2002 00:00;6.5;15.5;0.5;;;;76.2;6.9;;;;;;2.1;;7.6;;;;;0;;;;;;;;;;;0;;13.5;5.5
BLA;04.10.2002 00:00;6.1;11.5;2;;;;89.1;8.5;;;;;;1.2;;4.3;;;;;0;;;;;;;;;;;0;;13.9;5.9
BLA;05.10.2002 00:00;6.1;13.5;-0.5;;;;78.7;7.6;;;;;;5.3;;19.1;;;;;0.1;;;;;;;;;;;0;;13.9;5.9
BLA;06.10.2002 00:00;3.2;5.6;2;;;;95.5;7.4;;;;;;2.4;;8.6;;;;;24.2;;;;;;;;;;;0;;16.8;8.8
BLA;07.10.2002 00:00;3.6;11;0;;;;82.3;6.3;;;;;;2.1;;7.6;;;;;0;;;;;;;;;;;0;;16.4;8.4
BLA;08.10.2002 00:00;2.5;12.5;-4;;;;67.2;4.5;;;;;;1.2;;4.3;;;;;0;;;;;;;;;;;0;;17.5;9.5
BLA;09.10.2002 00:00;5.1;13.5;-1.5;;;;76.7;6.5;;;;;;3.4;;12.2;;;;;0;;;;;;;;;;;0;;14.9;6.9
BLA;10.10.2002 00:00;7.7;11.5;2.5;;;;80.2;8.6;;;;;;3.8;;13.7;;;;;4.6;;;;;;;;;;;0;;12.3;4.3
BLA;11.10.2002 00:00;6.2;11;2;;;;85.2;8.5;;;;;;2.6;;9.4;;;;;3;;;;;;;;;;;0;;13.8;5.8
BLA;12.10.2002 00:00;5.9;11.2;2.5;;;;78.1;7.6;;;;;;1.5;;5.4;;;;;0.1;;;;;;;;;;;0;;14.1;6.1
BLA;13.10.2002 00:00;3.3;11;-1.5;;;;80.4;6.2;;;;;;1.5;;5.4;;;;;7.2;;;;;;;;;;;0;;16.7;8.7
BLA;14.10.2002 00:00;6.7;9.5;1.5;;;;95.4;9.9;;;;;;0.9;;3.2;;;;;2.3;;;;;;;;;;;0;;13.3;5.3
BLA;15.10.2002 00:00;4.4;14;-3;;;;76;6.9;;;;;;0.3;;1.1;;;;;0;;;;;;;;;;;0;;15.6;7.6
BLA;16.10.2002 00:00;7.9;15;2.5;;;;77.5;8.2;;;;;;2.6;;9.4;;;;;0;;;;;;;;;;;0;;12.1;4.1
BLA;17.10.2002 00:00;5;7;3;;;;92.9;8.3;;;;;;1.5;;5.4;;;;;10.9;;;;;;;;;;;0;;15;7
BLA;18.10.2002 00:00;-0.6;2;-3.5;;;;95.2;5.8;;;;;;1.5;;5.4;;;;;10.4;;;;;;;;;;;0;;20.6;12.6
BLA;19.10.2002 00:00;0.8;5;-1.5;;;;75.9;4.9;;;;;;1.7;;6.1;;;;;2.7;;;;;;;;;;;0;;19.2;11.2
BLA;20.10.2002 00:00;0.6;9.7;-7.5;;;;82.4;5.8;;;;;;3.9;;14;;;;;1;;;;;;;;;;;0;;19.4;11.4
BLA;21.10.2002 00:00;4.5;7.5;2;;;;87.9;7.4;;;;;;3.9;;14;;;;;7;;;;;;;;;;;0;;15.5;7.5
BLA;22.10.2002 00:00;4.8;10;0.5;;;;86.3;7.6;;;;;;3.1;;11.2;;;;;3.5;;;;;;;;;;;0;;15.2;7.2
BLA;23.10.2002 00:00;4.9;8;3.5;;;;86.5;7.6;;;;;;2.6;;9.4;;;;;2.5;;;;;;;;;;;0;;15.1;7.1
BLA;24.10.2002 00:00;0.7;8.2;-4.5;;;;70.3;4.4;;;;;;2.4;;8.6;;;;;1;;;;;;;;;;;0;;19.3;11.3
BLA;25.10.2002 00:00;4;8.5;2;;;;85.4;6.7;;;;;;0.7;;2.5;;;;;10.6;;;;;;;;;;;0;;16;8
BLA;26.10.2002 00:00;5.6;13;1.5;;;;64.8;5.4;;;;;;3.3;;11.9;;;;;0;;;;;;;;;;;0;;14.4;6.4
BLA;27.10.2002 00:00;6.3;15.5;-1.5;;;;62;6.3;;;;;;4.6;;16.6;;;;;1.4;;;;;;;;;;;0;;13.7;5.7
BLA;28.10.2002 00:00;1.1;10;-3.5;;;;58.6;3.4;;;;;;5.3;;19.1;;;;;0;;;;;;;;;;;0;;18.9;10.9
BLA;29.10.2002 00:00;2.8;15.5;-4;;;;67.5;5.2;;;;;;3.9;;14;;;;;0;;;;;;;;;;;0;;17.2;9.2
BLA;30.10.2002 00:00;3.8;14.5;-1;;;;69.8;5.6;;;;;;2.1;;7.6;;;;;0;;;;;;;;;;;0;;16.2;8.2
BLA;31.10.2002 00:00;1.7;12;-3;;;;78.8;5.4;;;;;;1.7;;6.1;;;;;0;;;;;;;;;;;0;;18.3;10.3
BLA;01.11.2002 00:00;2.7;14;-2.5;;;;79.6;5.8;;;;;;2.1;;7.6;;;;;0.2;;;;;;;;;;;0;;17.3;9.3
BLA;02.11.2002 00:00;2.8;5;-0.5;;;;96.9;7.5;;;;;;2.4;;8.6;;;;;51.7;;;;;;;;;;;0;;17.2;9.2
BLA;03.11.2002 00:00;5.1;10.5;2.5;;;;93.1;8.3;;;;;;1.9;;6.8;;;;;17;;;;;;;;;;;0;;14.9;6.9
BLA;04.11.2002 00:00;-0.4;1.5;-1;;;;98.1;5.8;;;;;;1.5;;5.4;;;;;11;;;;;;;;;;;0;;20.4;12.4
BLA;05.11.2002 00:00;-1.8;2.6;-4;;;;92.3;5.1;;;;;;2.4;;8.6;;;;;0.4;;;;;;;;;;;0;;21.8;13.8
BLA;06.11.2002 00:00;-6.7;1.5;-12;;;;83.6;3.2;;;;;;3.3;;11.9;;;;;0;;;;;;;;;;;0;;26.7;18.7
BLA;07.11.2002 00:00;-3.3;0;-9.5;;;;92.2;4.8;;;;;;3.3;;11.9;;;;;7.1;;;;;;;;;;;0;;23.3;15.3
BLA;08.11.2002 00:00;-5.4;-1;-9.5;;;;77.9;3.3;;;;;;3.9;;14;;;;;2.8;;;;;;;;;;;0;;25.4;17.4
BLA;09.11.2002 00:00;-0.6;4.5;-9;;;;93.6;5.8;;;;;;0.9;;3.2;;;;;30;;;;;;;;;;;0;;20.6;12.6
BLA;10.11.2002 00:00;0.5;3.5;-2;;;;91.3;6;;;;;;1.9;;6.8;;;;;21.4;;;;;;;;;;;0;;19.5;11.5
BLA;11.11.2002 00:00;1.9;4;-1.5;;;;95.7;6.9;;;;;;2.6;;9.4;;;;;9.9;;;;;;;;;;;0;;18.1;10.1
BLA;12.11.2002 00:00;-3.5;4.5;-9;;;;81.2;3.9;;;;;;3.9;;14;;;;;0;;;;;;;;;;;0;;23.5;15.5
BLA;13.11.2002 00:00;-0.2;8;-4.5;;;;72.8;4.4;;;;;;2.1;;7.6;;;;;0;;;;;;;;;;;0;;20.2;12.2
BLA;14.11.2002 00:00;2.6;6.7;-2;;;;79.7;6.1;;;;;;5.5;;19.8;;;;;12.5;;;;;;;;;;;0;;17.4;9.4
BLA;15.11.2002 00:00;3.3;7;1;;;;89.3;6.9;;;;;;0.9;;3.2;;;;;29.9;;;;;;;;;;;0;;16.7;8.7
BLA;16.11.2002 00:00;2;4;0.5;;;;96.2;6.8;;;;;;1.5;;5.4;;;;;54.8;;;;;;;;;;;0;;18;10
BLA;17.11.2002 00:00;-0.7;4;-2.5;;;;93.4;5.5;;;;;;3.3;;11.9;;;;;0;;;;;;;;;;;0;;20.7;12.7
BLA;18.11.2002 00:00;-1.2;2;-5;;;;92.2;5.3;;;;;;0.3;;1.1;;;;;9.7;;;;;;;;;;;0;;21.2;13.2
BLA;19.11.2002 00:00;-0.1;4.5;-2.5;;;;85.9;5.3;;;;;;3.9;;14;;;;;0;;;;;;;;;;;0;;20.1;12.1
BLA;20.11.2002 00:00;-3.9;3.7;-8;;;;76.6;3.6;;;;;;2.4;;8.6;;;;;0;;;;;;;;;;;0;;23.9;15.9
BLA;21.11.2002 00:00;3;7.6;-3;;;;74;5.5;;;;;;5.3;;19.1;;;;;4.9;;;;;;;;;;;0;;17;9
BLA;22.11.2002 00:00;-0.1;2.7;-2;;;;84.7;5.2;;;;;;2.1;;7.6;;;;;0.9;;;;;;;;;;;0;;20.1;12.1
BLA;23.11.2002 00:00;-2.7;3.3;-8;;;;80.2;4.2;;;;;;1.7;;6.1;;;;;0;;;;;;;;;;;0;;22.7;14.7
BLA;24.11.2002 00:00;2.3;8.3;-2;;;;79.2;6;;;;;;7;;25.2;;;;;10.8;;;;;;;;;;;0;;17.7;9.7
BLA;25.11.2002 00:00;3;5;1.5;;;;91.1;6.9;;;;;;4.6;;16.6;;;;;7.8;;;;;;;;;;;0;;17;9
BLA;26.11.2002 00:00;1.6;3.7;0;;;;96;6.6;;;;;;1.5;;5.4;;;;;2.7;;;;;;;;;;;0;;18.4;10.4
BLA;27.11.2002 00:00;1.3;6.4;-0.5;;;;96.1;6.6;;;;;;1.7;;6.1;;;;;0;;;;;;;;;;;0;;18.7;10.7
BLA;28.11.2002 00:00;0.4;5.7;-2.5;;;;85.3;5.5;;;;;;1;;3.6;;;;;4.8;;;;;;;;;;;0;;19.6;11.6
BLA;29.11.2002 00:00;0.5;3.2;-2;;;;83.1;5.4;;;;;;3.9;;14;;;;;0.4;;;;;;;;;;;0;;19.5;11.5
BLA;30.11.2002 00:00;-3.3;0.4;-5.5;;;;76.7;3.7;;;;;;1;;3.6;;;;;0.1;;;;;;;;;;;0;;23.3;15.3
BLA;01.12.2002 00:00;-6.4;0.5;-9;;;;71.3;2.7;;;;;;1.2;;4.3;;;;;2.7;;;;;;;;;;;0;;26.4;18.4
BLA;02.12.2002 00:00;-2.9;-0.5;-5.5;;;;92.1;4.7;;;;;;1.2;;4.3;;;;;0.4;;;;;;;;;;;0;;22.9;14.9
BLA;03.12.2002 00:00;-3.8;-1.4;-6.5;;;;92.4;4.3;;;;;;2.2;;7.9;;;;;0;;;;;;;;;;;0;;23.8;15.8
BLA;04.12.2002 00:00;-8.8;-2.8;-12;;;;75.8;2.5;;;;;;1;;3.6;;;;;0;;;;;;;;;;;0;;28.8;20.8
BLA;05.12.2002 00:00;-4.8;-0.8;-11;;;;84.5;3.7;;;;;;1.5;;5.4;;;;;0.1;;;;;;;;;;;0;;24.8;16.8
BLA;06.12.2002 00:00;-4.6;3.2;-7;;;;90;3.9;;;;;;1.2;;4.3;;;;;0;;;;;;;;;;;0;;24.6;16.6
BLA;07.12.2002 00:00;-4.2;0.5;-7;;;;80.2;3.7;;;;;;1.5;;5.4;;;;;0;;;;;;;;;;;0;;24.2;16.2
BLA;08.12.2002 00:00;-6.5;0.3;-8;;;;82.4;3.1;;;;;;0.3;;1.1;;;;;0;;;;;;;;;;;0;;26.5;18.5
BLA;09.12.2002 00:00;-0.8;8.5;-8.5;;;;81.8;4.7;;;;;;2.4;;8.6;;;;;0.2;;;;;;;;;;;0;;20.8;12.8
BLA;10.12.2002 00:00;-7.5;0.2;-12;;;;79.3;2.8;;;;;;0.9;;3.2;;;;;0;;;;;;;;;;;0;;27.5;19.5
BLA;11.12.2002 00:00;-4.8;2;-7;;;;74.4;3.2;;;;;;2.7;;9.7;;;;;0;;;;;;;;;;;0;;24.8;16.8
BLA;12.12.2002 00:00;-4.6;1;-10;;;;80.3;3.6;;;;;;2.4;;8.6;;;;;0.1;;;;;;;;;;;0;;24.6;16.6
BLA;13.12.2002 00:00;-4.6;-1;-7.5;;;;86.6;4;;;;;;2.6;;9.4;;;;;0;;;;;;;;;;;0;;24.6;16.6
BLA;14.12.2002 00:00;-5.2;3;-11;;;;70.8;3;;;;;;2.7;;9.7;;;;;0.2;;;;;;;;;;;0;;25.2;17.2
BLA;15.12.2002 00:00;-0.7;2;-5.5;;;;96.1;5.8;;;;;;6.2;;22.3;;;;;6.6;;;;;;;;;;;0;;20.7;12.7
BLA;16.12.2002 00:00;0.1;2.5;-2.5;;;;96.3;5.9;;;;;;3.1;;11.2;;;;;23;;;;;;;;;;;0;;19.9;11.9
BLA;17.12.2002 00:00;1.2;2.7;-2;;;;98.1;6.7;;;;;;1.7;;6.1;;;;;10;;;;;;;;;;;0;;18.8;10.8
BLA;18.12.2002 00:00;-5.6;-1;-10;;;;88;3.8;;;;;;1.5;;5.4;;;;;0;;;;;;;;;;;0;;25.6;17.6
BLA;19.12.2002 00:00;-9.5;-1.5;-11.5;;;;90.9;2.8;;;;;;3.3;;11.9;;;;;0;;;;;;;;;;;0;;29.5;21.5
BLA;20.12.2002 00:00;-5.2;2.5;-11;;;;85;3.8;;;;;;1.2;;4.3;;;;;0.1;;;;;;;;;;;0;;25.2;17.2
BLA;21.12.2002 00:00;1;2.4;-1;;;;97.4;6.5;;;;;;2.7;;9.7;;;;;8.5;;;;;;;;;;;0;;19;11
BLA;22.12.2002 00:00;0.7;3;-1.5;;;;99.8;6.5;;;;;;2.1;;7.6;;;;;27.9;;;;;;;;;;;0;;19.3;11.3
BLA;23.12.2002 00:00;1.6;3.5;0;;;;82.8;5.8;;;;;;1.5;;5.4;;;;;0;;;;;;;;;;;0;;18.4;10.4
BLA;24.12.2002 00:00;1.2;6;-2;;;;83.6;5.5;;;;;;1.2;;4.3;;;;;0;;;;;;;;;;;0;;18.8;10.8
BLA;25.12.2002 00:00;0.8;5;-1.3;;;;87.8;5.6;;;;;;1.7;;6.1;;;;;0;;;;;;;;;;;0;;19.2;11.2
BLA;26.12.2002 00:00;-0.9;3;-5.4;;;;84.2;4.9;;;;;;2.7;;9.7;;;;;0.7;;;;;;;;;;;0;;20.9;12.9
BLA;27.12.2002 00:00;0.4;4.5;-4.4;;;;75;4.8;;;;;;4.6;;16.6;;;;;0;;;;;;;;;;;0;;19.6;11.6
BLA;28.12.2002 00:00;1.2;3.5;0;;;;89.6;5.9;;;;;;2.4;;8.6;;;;;3.2;;;;;;;;;;;0;;18.8;10.8
BLA;29.12.2002 00:00;-0.1;2.5;-2.5;;;;90.4;5.4;;;;;;5;;18;;;;;7.9;;;;;;;;;;;0;;20.1;12.1
BLA;30.12.2002 00:00;2.9;6.5;-0.5;;;;77;5.8;;;;;;1.2;;4.3;;;;;5.2;;;;;;;;;;;0;;17.1;9.1
BLA;31.12.2002 00:00;0.8;4.5;-0.3;;;;93.8;6;;;;;;2.7;;9.7;;;;;1.2;;;;;;;;;;;0;;19.2;11.2
BLA;01.01.2003 00:00;-2.8;2.5;-7;;;;81.9;4.2;;;;;;3.3;;11.9;;;;;6.2;;;;;;;;;;;0;;22.8;14.8
BLA;02.01.2003 00:00;1.8;4;-1;;;;94.1;6.7;;;;;;6;;21.6;;;;;21.5;;;;;;;;;;;0;;18.2;10.2
BLA;03.01.2003 00:00;-1.1;1.5;-2.5;;;;85.8;4.9;;;;;;5.3;;19.1;;;;;15.1;;;;;;;;;;;0;;21.1;13.1
BLA;04.01.2003 00:00;-0.3;1;-1;;;;97.1;5.8;;;;;;0.3;;1.1;;;;;10.3;;;;;;;;;;;0;;20.3;12.3
BLA;05.01.2003 00:00;-12.4;-6.5;-15;;;;82.6;2;;;;;;3.4;;12.2;;;;;0;;;;;;;;;;;0;;32.4;24.4
BLA;06.01.2003 00:00;-11.1;-4.5;-17;;;;84.4;2.3;;;;;;2.7;;9.7;;;;;0;;;;;;;;;;;0;;31.1;23.1
BLA;07.01.2003 00:00;-15.7;-10;-18.5;;;;76.9;1.4;;;;;;5.3;;19.1;;;;;0;;;;;;;;;;;0;;35.7;27.7
BLA;08.01.2003 00:00;-12.9;-5;-21;;;;73.7;1.8;;;;;;3.9;;14;;;;;0;;;;;;;;;;;0;;32.9;24.9
BLA;09.01.2003 00:00;-12.7;-5;-15;;;;89.5;2.1;;;;;;3.4;;12.2;;;;;0;;;;;;;;;;;0;;32.7;24.7
BLA;10.01.2003 00:00;-15;-6.5;-16;;;;90.8;1.7;;;;;;4.6;;16.6;;;;;0;;;;;;;;;;;0;;35;27
BLA;11.01.2003 00:00;-14.8;-5;-18.5;;;;92.2;1.8;;;;;;2.1;;7.6;;;;;0;;;;;;;;;;;0;;34.8;26.8
BLA;12.01.2003 00:00;-15;-4.5;-17.5;;;;81.4;1.6;;;;;;2.6;;9.4;;;;;0;;;;;;;;;;;0;;35;27
BLA;13.01.2003 00:00;-10.1;-5;-15.5;;;;79.2;2.4;;;;;;3.3;;11.9;;;;;2.2;;;;;;;;;;;0;;30.1;22.1
BLA;14.01.2003 00:00;-7;1.5;-10;;;;91.5;3.4;;;;;;3.3;;11.9;;;;;0;;;;;;;;;;;0;;27;19
BLA;15.01.2003 00:00;-6.9;3;-9.5;;;;84.5;3.1;;;;;;2.7;;9.7;;;;;0;;;;;;;;;;;0;;26.9;18.9
BLA;16.01.2003 00:00;-6.5;-0.5;-9;;;;81.5;3.1;;;;;;3.3;;11.9;;;;;0;;;;;;;;;;;0;;26.5;18.5
BLA;17.01.2003 00:00;-9.4;-1;-12;;;;75.8;2.3;;;;;;3.3;;11.9;;;;;0;;;;;;;;;;;0;;29.4;21.4
BLA;18.01.2003 00:00;-9.1;0;-12;;;;78.1;2.4;;;;;;2.1;;7.6;;;;;0;;;;;;;;;;;0;;29.1;21.1
BLA;19.01.2003 00:00;-6.9;2.5;-12;;;;79.3;3.1;;;;;;2.7;;9.7;;;;;0;;;;;;;;;;;0;;26.9;18.9
BLA;20.01.2003 00:00;-7.9;2;-12.5;;;;79.6;2.8;;;;;;2.6;;9.4;;;;;0;;;;;;;;;;;0;;27.9;19.9
BLA;21.01.2003 00:00;-1.2;2;-8;;;;82.1;4.8;;;;;;6;;21.6;;;;;2.9;;;;;;;;;;;0;;21.2;13.2
BLA;22.01.2003 00:00;-2.6;0;-6;;;;89.4;4.5;;;;;;5.5;;19.8;;;;;5.2;;;;;;;;;;;0;;22.6;14.6
BLA;23.01.2003 00:00;-3.7;0;-7.5;;;;90;4.2;;;;;;4.6;;16.6;;;;;15;;;;;;;;;;;0;;23.7;15.7
BLA;24.01.2003 00:00;-5;0.4;-9;;;;93.7;4.2;;;;;;4.1;;14.8;;;;;0.6;;;;;;;;;;;0;;25;17
BLA;25.01.2003 00:00;-10.7;-1;-14;;;;86.3;2.4;;;;;;2.4;;8.6;;;;;0;;;;;;;;;;;0;;30.7;22.7
BLA;26.01.2003 00:00;-5.4;-1.5;-13;;;;87.4;3.7;;;;;;4.6;;16.6;;;;;3;;;;;;;;;;;0;;25.4;17.4
BLA;27.01.2003 00:00;-1.1;3;-5.5;;;;100;5.9;;;;;;2.6;;9.4;;;;;7;;;;;;;;;;;0;;21.1;13.1
BLA;28.01.2003 00:00;-2.2;2.5;-5;;;;85.1;4.6;;;;;;3.9;;14;;;;;8.2;;;;;;;;;;;0;;22.2;14.2
BLA;29.01.2003 00:00;-5.8;-5;-7;;;;88.9;3.5;;;;;;6.2;;22.3;;;;;8.5;;;;;;;;;;;0;;25.8;17.8
BLA;30.01.2003 00:00;-7.8;-6;-10;;;;91.5;3.2;;;;;;4.6;;16.6;;;;;3.4;;;;;;;;;;;0;;27.8;19.8
BLA;31.01.2003 00:00;-13.5;-7;-17;;;;77.6;1.7;;;;;;6;;21.6;;;;;0;;;;;;;;;;;0;;33.5;25.5
BLA;01.02.2003 00:00;-18.5;-7;-23;;;;79.8;2.4;;;;;;3.3;;11.9;;;;;1.3;;;;;;;;;;;0;;38.5;30.5
BLA;02.02.2003 00:00;-8;-2.5;-16;;;;76.6;2.7;;;;;;6;;21.6;;;;;1.8;;;;;;;;;;;0;;28;20
BLA;03.02.2003 00:00;-3.6;-1;-8;;;;97.1;4.7;;;;;;2.4;;8.6;;;;;32.1;;;;;;;;;;;0;;23.6;15.6
BLA;04.02.2003 00:00;-5.5;-2;-8;;;;75.7;3.3;;;;;;4.5;;16.2;;;;;10.2;;;;;;;;;;;0;;25.5;17.5
BLA;05.02.2003 00:00;-9;-6;-10;;;;89.7;2.8;;;;;;3.8;;13.7;;;;;9.8;;;;;;;;;;;0;;29;21
BLA;06.02.2003 00:00;-10.4;-6;-12;;;;79.8;2.3;;;;;;3.9;;14;;;;;2.8;;;;;;;;;;;0;;30.4;22.4
BLA;07.02.2003 00:00;-11.3;-4.5;-18;;;;77.5;2.2;;;;;;2.4;;8.6;;;;;0;;;;;;;;;;;0;;31.3;23.3
BLA;08.02.2003 00:00;-8.7;1.2;-13.5;;;;83.7;2.8;;;;;;3.3;;11.9;;;;;0;;;;;;;;;;;0;;28.7;20.7
BLA;09.02.2003 00:00;-6.6;2.5;-10.5;;;;79.5;2.9;;;;;;3.9;;14;;;;;0;;;;;;;;;;;0;;26.6;18.6
BLA;10.02.2003 00:00;-10.5;1;-15;;;;73;2.1;;;;;;3.4;;12.2;;;;;0;;;;;;;;;;;0;;30.5;22.5
BLA;11.02.2003 00:00;-10.5;1;-16;;;;77.7;2.2;;;;;;2.7;;9.7;;;;;0;;;;;;;;;;;0;;30.5;22.5
BLA;12.02.2003 00:00;-11.2;0;-16.5;;;;74.9;1.9;;;;;;2.6;;9.4;;;;;0;;;;;;;;;;;0;;31.2;23.2
BLA;13.02.2003 00:00;-13.2;-1.7;-19.7;;;;74;1.7;;;;;;1.5;;5.4;;;;;0;;;;;;;;;;;0;;33.2;25.2
BLA;14.02.2003 00:00;-11.4;-1;-15.5;;;;76.1;2;;;;;;2.7;;9.7;;;;;0;;;;;;;;;;;0;;31.4;23.4
BLA;15.02.2003 00:00;-9.9;-0.2;-16.2;;;;78.7;2.3;;;;;;1.9;;6.8;;;;;0;;;;;;;;;;;0;;29.9;21.9
BLA;16.02.2003 00:00;-12.4;-3;-17.5;;;;85.4;2.2;;;;;;2.2;;7.9;;;;;0;;;;;;;;;;;0;;32.4;24.4
BLA;17.02.2003 00:00;-12.4;-2.5;-18.5;;;;68.9;1.7;;;;;;4.6;;16.6;;;;;0;;;;;;;;;;;0;;32.4;24.4
BLA;18.02.2003 00:00;-10.9;0.5;-18;;;;61.8;1.7;;;;;;2.4;;8.6;;;;;0;;;;;;;;;;;0;;30.9;22.9
BLA;19.02.2003 00:00;-7.8;4;-15;;;;68.2;2.4;;;;;;2.1;;7.6;;;;;0;;;;;;;;;;;0;;27.8;19.8
BLA;20.02.2003 00:00;-6.4;5;-13;;;;65.5;2.5;;;;;;2.4;;8.6;;;;;0;;;;;;;;;;;0;;26.4;18.4
BLA;21.02.2003 00:00;-4.8;5;-11;;;;71.3;3.1;;;;;;2.7;;9.7;;;;;0;;;;;;;;;;;0;;24.8;16.8
BLA;22.02.2003 00:00;-4.7;5.2;-11.6;;;;69.2;3;;;;;;1.5;;5.4;;;;;0;;;;;;;;;;;0;;24.7;16.7
BLA;23.02.2003 00:00;-6;4.2;-12.5;;;;67;2.6;;;;;;2.7;;9.7;;;;;0;;;;;;;;;;;0;;26;18
BLA;24.02.2003 00:00;-6.3;4;-13;;;;65.4;2.5;;;;;;2.6;;9.4;;;;;0;;;;;;;;;;;0;;26.3;18.3
BLA;25.02.2003 00:00;-5;6;-12;;;;61;2.7;;;;;;3.4;;12.2;;;;;0;;;;;;;;;;;0;;25;17
BLA;26.02.2003 00:00;-2.2;6.5;-8;;;;69.1;3.6;;;;;;2.1;;7.6;;;;;0;;;;;;;;;;;0;;22.2;14.2
BLA;27.02.2003 00:00;-4.2;4.7;-11.2;;;;65.4;3;;;;;;3.4;;12.2;;;;;0;;;;;;;;;;;0;;24.2;16.2
BLA;28.02.2003 00:00;-1.6;6.2;-9.5;;;;70.9;3.9;;;;;;2.4;;8.6;;;;;0.1;;;;;;;;;;;0;;21.6;13.6
BLA;01.03.2003 00:00;1.9;9;-4;;;;80.6;5.4;;;;;;;;;;;;;3.9;;;;;;;;;;;0;;18.1;10.1
BLA;02.03.2003 00:00;0;6;-4.5;;;;84.8;4.8;;;;;;;;;;;;;2.9;;;;;;;;;;;0;;20;12
BLA;03.03.2003 00:00;-2.3;3.5;-9;;;;68;3.3;;;;;;;;;;;;;0;;;;;;;;;;;0;;22.3;14.3
BLA;04.03.2003 00:00;-3.4;6.5;-11.5;;;;69.6;3.3;;;;;;;;;;;;;0;;;;;;;;;;;0;;23.4;15.4
BLA;05.03.2003 00:00;-0.2;11;-7.5;;;;72.4;4;;;;;;;;;;;;;0;;;;;;;;;;;0;;20.2;12.2
BLA;06.03.2003 00:00;1.1;7;-4;;;;78.4;5;;;;;;;;;;;;;0.1;;;;;;;;;;;0;;18.9;10.9
BLA;07.03.2003 00:00;-2.7;5.6;-9.2;;;;63.4;2.8;;;;;;;;;;;;;0;;;;;;;;;;;0;;22.7;14.7
BLA;08.03.2003 00:00;-3.2;5;-10.5;;;;65.2;3.1;;;;;;;;;;;;;0;;;;;;;;;;;0;;23.2;15.2
BLA;09.03.2003 00:00;0.5;9;-6;;;;62.4;3.8;;;;;;;;;;;;;0;;;;;;;;;;;0;;19.5;11.5
BLA;10.03.2003 00:00;2.3;11;-5.5;;;;66.6;4.6;;;;;;;;;;;;;0;;;;;;;;;;;0;;17.7;9.7
BLA;11.03.2003 00:00;4;11.5;-2.5;;;;65.4;5;;;;;;;;;;;;;0;;;;;;;;;;;0;;16;8
BLA;12.03.2003 00:00;3.7;11.3;-2;;;;71.4;5.4;;;;;;;;;;;;;0.2;;;;;;;;;;;0;;16.3;8.3
BLA;13.03.2003 00:00;-0.4;7.5;-6.5;;;;59.6;3.1;;;;;;;;;;;;;0;;;;;;;;;;;0;;20.4;12.4
BLA;14.03.2003 00:00;-1.6;8;-8.5;;;;67;3.4;;;;;;;;;;;;;0;;;;;;;;;;;0;;21.6;13.6
BLA;15.03.2003 00:00;-2.4;5;-8;;;;70.4;3.5;;;;;;;;;;;;;0;;;;;;;;;;;0;;22.4;14.4
BLA;16.03.2003 00:00;-2.5;7;-10;;;;68;3.4;;;;;;;;;;;;;0;;;;;;;;;;;0;;22.5;14.5
BLA;17.03.2003 00:00;-0.2;9;-10;;;;51;2.8;;;;;;;;;;;;;0;;;;;;;;;;;0;;20.2;12.2
BLA;18.03.2003 00:00;-0.3;6.5;-8;;;;58.4;3.4;;;;;;;;;;;;;0;;;;;;;;;;;0;;20.3;12.3
BLA;19.03.2003 00:00;0;8.7;-7.8;;;;68.4;4;;;;;;;;;;;;;0;;;;;;;;;;;0;;20;12
BLA;20.03.2003 00:00;0.6;8.7;-6.7;;;;62.6;3.8;;;;;;;;;;;;;0;;;;;;;;;;;0;;19.4;11.4
BLA;21.03.2003 00:00;-0.4;8;-7.5;;;;67.6;3.6;;;;;;;;;;;;;0;;;;;;;;;;;0;;20.4;12.4
BLA;22.03.2003 00:00;0.1;7.5;-6.5;;;;73;4.3;;;;;;;;;;;;;0;;;;;;;;;;;0;;19.9;11.9
BLA;23.03.2003 00:00;0.8;8.5;-6.5;;;;64.2;4;;;;;;;;;;;;;0;;;;;;;;;;;0;;19.2;11.2
BLA;24.03.2003 00:00;1.6;10;-5.5;;;;67.4;4.4;;;;;;;;;;;;;0;;;;;;;;;;;0;;18.4;10.4
BLA;25.03.2003 00:00;2.5;10;-5;;;;67.6;4.6;;;;;;;;;;;;;0;;;;;;;;;;;0;;17.5;9.5
BLA;26.03.2003 00:00;2.6;10;-4;;;;72;4.9;;;;;;;;;;;;;0;;;;;;;;;;;0;;17.4;9.4
BLA;27.03.2003 00:00;3.5;10;-2.5;;;;77.6;5.8;;;;;;;;;;;;;0;;;;;;;;;;;0;;16.5;8.5
BLA;28.03.2003 00:00;4.8;9.5;0;;;;82.6;7.1;;;;;;;;;;;;;0;;;;;;;;;;;0;;15.2;7.2
BLA;29.03.2003 00:00;3.8;10;-1.5;;;;83.2;6.1;;;;;;;;;;;;;0.1;;;;;;;;;;;0;;16.2;8.2
BLA;30.03.2003 00:00;4;12;-1.5;;;;79.4;5.9;;;;;;;;;;;;;0;;;;;;;;;;;0;;16;8
BLA;31.03.2003 00:00;4.3;11.2;-0.7;;;;78.2;6.2;;;;;;;;;;;;;0;;;;;;;;;;;0;;15.7;7.7
BLA;01.04.2003 00:00;4;12.5;-3;;;;76.1;5.6;;;;;;;;;;;;;3.3;;;;;;;;;;;0;;16;8
BLA;02.04.2003 00:00;-0.4;3;-2;;;;73.4;4.4;;;;;;;;;;;;;3.6;;;;;;;;;;;0;;20.4;12.4
BLA;03.04.2003 00:00;-2.1;2;-6.5;;;;68.7;3.3;;;;;;;;;;;;;0;;;;;;;;;;;0;;22.1;14.1
BLA;04.04.2003 00:00;-2;6;-9;;;;64.4;3;;;;;;;;;;;;;0;;;;;;;;;;;0;;22;14
BLA;05.04.2003 00:00;1.6;11;-7.6;;;;59.7;4.1;;;;;;;;;;;;;0;;;;;;;;;;;0;;18.4;10.4
BLA;06.04.2003 00:00;2.4;8.5;-1.7;;;;53.2;3.1;;;;;;;;;;;;;0;;;;;;;;;;;0;;17.6;9.6
BLA;07.04.2003 00:00;-3.7;1.5;-9.5;;;;44;2;;;;;;;;;;;;;0;;;;;;;;;;;0;;23.7;15.7
BLA;08.04.2003 00:00;-5;2.7;-12.8;;;;58.1;2.3;;;;;;;;;;;;;0.1;;;;;;;;;;;0;;25;17
BLA;09.04.2003 00:00;-1.7;4;-7;;;;93.7;4.7;;;;;;;;;;;;;9;;;;;;;;;;;0;;21.7;13.7
BLA;10.04.2003 00:00;-1;3;-3.5;;;;80;4.4;;;;;;;;;;;;;3.6;;;;;;;;;;;0;;21;13
BLA;11.04.2003 00:00;-0.6;6.7;-8.5;;;;55.1;3.3;;;;;;;;;;;;;0;;;;;;;;;;;0;;20.6;12.6
BLA;12.04.2003 00:00;1.5;6;-4.3;;;;72.6;4.9;;;;;;;;;;;;;0;;;;;;;;;;;0;;18.5;10.5
BLA;13.04.2003 00:00;1.8;10.5;-4.5;;;;61;3.7;;;;;;;;;;;;;0;;;;;;;;;;;0;;18.2;10.2
BLA;14.04.2003 00:00;3.6;12.7;-4.6;;;;68.4;4.9;;;;;;;;;;;;;0;;;;;;;;;;;0;;16.4;8.4
BLA;15.04.2003 00:00;4.5;14.3;-2.4;;;;74.5;5.2;;;;;;;;;;;;;0;;;;;;;;;;;0;;15.5;7.5
BLA;16.04.2003 00:00;5.3;14.2;-2;;;;69.9;5.7;;;;;;;;;;;;;0;;;;;;;;;;;0;;14.7;6.7
BLA;17.04.2003 00:00;6.3;14.5;-1.5;;;;53.3;6;;;;;;;;;;;;;0;;;;;;;;;;;0;;13.7;5.7
BLA;18.04.2003 00:00;5;14.2;-1.5;;;;65;5;;;;;;;;;;;;;0;;;;;;;;;;;0;;15;7
BLA;19.04.2003 00:00;4.2;11.5;-2.2;;;;73;5.5;;;;;;;;;;;;;0;;;;;;;;;;;0;;15.8;7.8
BLA;20.04.2003 00:00;5.6;9;2.5;;;;61.1;5.2;;;;;;;;;;;;;0;;;;;;;;;;;0;;14.4;6.4
BLA;21.04.2003 00:00;4.3;8.7;-1;;;;79.2;6.4;;;;;;;;;;;;;0;;;;;;;;;;;0;;15.7;7.7
BLA;22.04.2003 00:00;6.6;12.8;0;;;;70.8;6.4;;;;;;;;;;;;;0;;;;;;;;;;;0;;13.4;5.4
BLA;23.04.2003 00:00;5.2;12;-1.7;;;;78.5;6;;;;;;;;;;;;;0;;;;;;;;;;;0;;14.8;6.8
BLA;24.04.2003 00:00;6.6;14.7;-1.7;;;;65.3;5.5;;;;;;;;;;;;;0;;;;;;;;;;;0;;13.4;5.4
BLA;25.04.2003 00:00;6.7;16.7;0.2;;;;74.8;7.3;;;;;;;;;;;;;0;;;;;;;;;;;0;;13.3;5.3
BLA;26.04.2003 00:00;6.6;12;1;;;;94.3;8.8;;;;;;;;;;;;;9.2;;;;;;;;;;;0;;13.4;5.4
BLA;27.04.2003 00:00;7;12.2;1;;;;64.5;5.7;;;;;;;;;;;;;0;;;;;;;;;;;0;;13;5
BLA;28.04.2003 00:00;8.5;17.5;0;;;;62.5;6.4;;;;;;;;;;;;;0;;;;;;;;;;;0;;11.5;3.5
BLA;29.04.2003 00:00;11;18;3;;;;68.7;8.7;;;;;;;;;;;;;0;;;;;;;;;;;0;;9;1
BLA;30.04.2003 00:00;9;13.8;4;;;;85.6;9.8;;;;;;;;;;;;;8.6;;;;;;;;;;;0;;11;3
BLA;01.05.2003 00:00;7;14.5;-0.2;;;;70.4;6.1;;;;;;;;;;;;;0;;;;;;;;;;;0;;13;5
BLA;02.05.2003 00:00;8.4;13.7;1.5;;;;72.9;8.2;;;;;;;;;;;;;7.6;;;;;;;;;;;0;;11.6;3.6
BLA;03.05.2003 00:00;7.9;14.5;3;;;;58.9;5.2;;;;;;;;;;;;;0;;;;;;;;;;;0;;12.1;4.1
BLA;04.05.2003 00:00;9.5;19;0;;;;58.7;6.5;;;;;;;;;;;;;0;;;;;;;;;;;0;;10.5;2.5
BLA;05.05.2003 00:00;11.7;21;3;;;;59.4;7.5;;;;;;;;;;;;;0;;;;;;;;;;;0;;8.3;0.3
BLA;06.05.2003 00:00;12.6;20.7;5;;;;61.3;8.1;;;;;;;;;;;;;0;;;;;;;;;;;0;;0;0
BLA;07.05.2003 00:00;15;21.2;4;;;;55.5;9.4;;;;;;;;;;;;;0;;;;;;;;;;;0;;0;0
BLA;08.05.2003 00:00;13.2;20.3;5;;;;61.7;8.9;;;;;;;;;;;;;0;;;;;;;;;;;0;;0;0
BLA;09.05.2003 00:00;9.4;15;4;;;;84;9.5;;;;;;;;;;;;;1.8;;;;;;;;;;;0;;10.6;2.6
BLA;10.05.2003 00:00;8;15.5;0.5;;;;85.9;8.9;;;;;;;;;;;;;0.2;;;;;;;;;;;0;;12;4
BLA;11.05.2003 00:00;10.9;16.2;6;;;;71.7;8.8;;;;;;;;;;;;;6.7;;;;;;;;;;;0;;9.1;1.1
BLA;12.05.2003 00:00;10.6;16.3;6;;;;77.7;9.4;;;;;;;;;;;;;0.1;;;;;;;;;;;0;;9.4;1.4
BLA;13.05.2003 00:00;9;14.8;5;;;;73.4;8;;;;;;;;;;;;;0.2;;;;;;;;;;;0;;11;3
BLA;14.05.2003 00:00;2.7;7.2;-0.7;;;;66.3;4.7;;;;;;;;;;;;;0;;;;;;;;;;;0;;17.3;9.3
BLA;15.05.2003 00:00;3.7;11;-5.9;;;;57.7;4.1;;;;;;;;;;;;;0;;;;;;;;;;;0;;16.3;8.3
BLA;16.05.2003 00:00;6.6;15;-3.4;;;;61.3;5.7;;;;;;;;;;;;;0;;;;;;;;;;;0;;13.4;5.4
BLA;17.05.2003 00:00;6.2;11;1;;;;86.3;8.3;;;;;;;;;;;;;1.3;;;;;;;;;;;0;;13.8;5.8
BLA;18.05.2003 00:00;9.7;15.8;3;;;;74.2;8.7;;;;;;;;;;;;;1.5;;;;;;;;;;;0;;10.3;2.3
BLA;19.05.2003 00:00;10.6;19;7;;;;91.2;10.2;;;;;;;;;;;;;16.6;;;;;;;;;;;0;;9.4;1.4
BLA;20.05.2003 00:00;5;9.7;1.5;;;;79;6.6;;;;;;;;;;;;;0.6;;;;;;;;;;;0;;15;7
BLA;21.05.2003 00:00;4;9.5;1.5;;;;76.6;6.5;;;;;;;;;;;;;0;;;;;;;;;;;0;;16;8
BLA;22.05.2003 00:00;4.7;10.3;-2;;;;82.8;8;;;;;;;;;;;;;15;;;;;;;;;;;0;;15.3;7.3
BLA;23.05.2003 00:00;11.7;19.5;2.5;;;;60.7;7.5;;;;;;;;;;;;;0;;;;;;;;;;;0;;8.3;0.3
BLA;24.05.2003 00:00;11.9;19.5;3;;;;68.8;9.2;;;;;;;;;;;;;0;;;;;;;;;;;0;;8.1;0.1
BLA;25.05.2003 00:00;8.4;13.5;6.5;;;;97;10.7;;;;;;;;;;;;;3.7;;;;;;;;;;;0;;11.6;3.6
BLA;26.05.2003 00:00;9.9;13;5;;;;71.2;8.7;;;;;;;;;;;;;0.4;;;;;;;;;;;0;;10.1;2.1
BLA;27.05.2003 00:00;10.7;17.3;4.5;;;;81;10.6;;;;;;;;;;;;;0;;;;;;;;;;;0;;9.3;1.3
BLA;28.05.2003 00:00;12.2;20;5;;;;75.6;10;;;;;;;;;;;;;0.1;;;;;;;;;;;0;;0;0
BLA;29.05.2003 00:00;11.2;18.3;3;;;;85.7;10.7;;;;;;;;;;;;;4;;;;;;;;;;;0;;8.8;0.8
BLA;30.05.2003 00:00;11.9;19.8;4;;;;76.6;10;;;;;;;;;;;;;0;;;;;;;;;;;0;;8.1;0.1
BLA;31.05.2003 00:00;13.3;22;4.5;;;;70.8;9.8;;;;;;;;;;;;;0;;;;;;;;;;;0;;0;0
BLA;01.06.2003 00:00;13.2;22;4.4;;;;76.2;10.5;;;;;;;;;;;;;0;;;;;;;;;;;0;;0;0
BLA;02.06.2003 00:00;12.7;20;4.5;;;;77.9;11.2;;;;;;;;;;;;;0;;;;;;;;;;;0;;0;0
BLA;03.06.2003 00:00;13.9;22;4.5;;;;70.1;10.8;;;;;;;;;;;;;2.4;;;;;;;;;;;0;;0;0
BLA;04.06.2003 00:00;14.2;21;6.5;;;;79.1;12.2;;;;;;;;;;;;;2.1;;;;;;;;;;;0;;0;0
BLA;05.06.2003 00:00;15.3;22.5;6.5;;;;78.4;13.1;;;;;;;;;;;;;0.9;;;;;;;;;;;0;;0;0
BLA;06.06.2003 00:00;13.4;21.5;7.4;;;;90.1;12.4;;;;;;;;;;;;;1.9;;;;;;;;;;;0;;0;0
BLA;07.06.2003 00:00;15.2;23.6;5.9;;;;73.6;11.4;;;;;;;;;;;;;4;;;;;;;;;;;0;;0;0
BLA;08.06.2003 00:00;14.8;21;9;;;;81;12.4;;;;;;;;;;;;;1.8;;;;;;;;;;;0;;0;0
BLA;09.06.2003 00:00;14.6;23;5;;;;69.9;10.9;;;;;;;;;;;;;0;;;;;;;;;;;0;;0;0
BLA;10.06.2003 00:00;17.4;25.7;6.7;;;;62.6;11.8;;;;;;;;;;;;;0;;;;;;;;;;;0;;0;0
BLA;11.06.2003 00:00;17.3;25.5;8;;;;60.4;10.9;;;;;;;;;;;;;0;;;;;;;;;;;0;;0;0
BLA;12.06.2003 00:00;17.6;25.7;9.1;;;;63.5;12.4;;;;;;;;;;;;;11.6;;;;;;;;;;;0;;0;0
BLA;13.06.2003 00:00;16.1;24.5;6.5;;;;67.6;11.7;;;;;;;;;;;;;0;;;;;;;;;;;0;;0;0
BLA;14.06.2003 00:00;15.2;25;8;;;;87.9;13.8;;;;;;;;;;;;;26.2;;;;;;;;;;;0;;0;0
BLA;15.06.2003 00:00;14.9;23;9;;;;75.4;11.7;;;;;;;;;;;;;0;;;;;;;;;;;0;;0;0
BLA;16.06.2003 00:00;16;23.5;6;;;;61.7;10.4;;;;;;;;;;;;;0;;;;;;;;;;;0;;0;0
BLA;17.06.2003 00:00;15.1;23.2;7.5;;;;83.2;13.8;;;;;;;;;;;;;4.9;;;;;;;;;;;0;;0;0
BLA;18.06.2003 00:00;12.7;19;9.5;;;;68.2;8.9;;;;;;;;;;;;;0.6;;;;;;;;;;;0;;0;0
BLA;19.06.2003 00:00;12.8;21;2.5;;;;63.4;9;;;;;;;;;;;;;0;;;;;;;;;;;0;;0;0
BLA;20.06.2003 00:00;15.5;24;4.5;;;;60.3;9.7;;;;;;;;;;;;;0;;;;;;;;;;;0;;0;0
BLA;21.06.2003 00:00;14.7;23.5;6;;;;60.1;9.4;;;;;;;;;;;;;0;;;;;;;;;;;0;;0;0
BLA;22.06.2003 00:00;15.8;26.7;5;;;;59.7;8.8;;;;;;;;;;;;;0;;;;;;;;;;;0;;0;0
BLA;23.06.2003 00:00;18;27;8.5;;;;58.4;10.8;;;;;;;;;;;;;0;;;;;;;;;;;0;;0;0
BLA;24.06.2003 00:00;16.6;24;9.1;;;;64.7;13.2;;;;;;;;;;;;;1.5;;;;;;;;;;;0;;0;0
BLA;25.06.2003 00:00;18.5;26.5;9.5;;;;68.2;13.8;;;;;;;;;;;;;10.4;;;;;;;;;;;0.2;;0;0
BLA;26.06.2003 00:00;16.6;22.5;11;;;;73.2;12.8;;;;;;;;;;;;;4;;;;;;;;;;;0;;0;0
BLA;27.06.2003 00:00;15.5;23;7.5;;;;69.9;11.2;;;;;;;;;;;;;0;;;;;;;;;;;0;;0;0
BLA;28.06.2003 00:00;14.4;21;6.4;;;;76.4;12.5;;;;;;;;;;;;;1.5;;;;;;;;;;;0;;0;0
BLA;29.06.2003 00:00;14.5;24;4.3;;;;66.9;10.6;;;;;;;;;;;;;0;;;;;;;;;;;0;;0;0
BLA;30.06.2003 00:00;16.6;25.1;6.2;;;;68.2;12.4;;;;;;;;;;;;;0;;;;;;;;;;;0;;0;0
BLA;01.07.2003 00:00;10.8;13.5;8;;;;89;12.2;;;;;;;;;;;;;12.8;;;;;;;;;;;0;;9.2;1.2
BLA;02.07.2003 00:00;11;16;4.8;;;;71.4;8.9;;;;;;;;;;;;;1.8;;;;;;;;;;;0;;9;1
BLA;03.07.2003 00:00;10.7;16.5;7.3;;;;77.6;10;;;;;;;;;;;;;3.8;;;;;;;;;;;0;;9.3;1.3
BLA;04.07.2003 00:00;8.9;12.2;5.5;;;;82.2;9.4;;;;;;;;;;;;;2.8;;;;;;;;;;;0;;11.1;3.1
BLA;05.07.2003 00:00;11.1;18.2;2.8;;;;65.7;8;;;;;;;;;;;;;0;;;;;;;;;;;0;;8.9;0.9
BLA;06.07.2003 00:00;12.2;21;2;;;;65.4;8.8;;;;;;;;;;;;;0;;;;;;;;;;;0;;0;0
BLA;07.07.2003 00:00;13.2;22;3.6;;;;67.7;10.2;;;;;;;;;;;;;0;;;;;;;;;;;0;;0;0
BLA;08.07.2003 00:00;13.7;23;4;;;;65.2;9.6;;;;;;;;;;;;;0;;;;;;;;;;;0;;0;0
BLA;09.07.2003 00:00;14.1;23;6;;;;69.6;11;;;;;;;;;;;;;0.1;;;;;;;;;;;0;;0;0
BLA;10.07.2003 00:00;14.7;23.7;5;;;;64.6;9.9;;;;;;;;;;;;;0;;;;;;;;;;;0;;0;0
BLA;11.07.2003 00:00;15.1;24;6;;;;66.3;10.7;;;;;;;;;;;;;0;;;;;;;;;;;0;;0;0
BLA;12.07.2003 00:00;16.2;25;6.5;;;;65.2;11.2;;;;;;;;;;;;;0;;;;;;;;;;;0;;0;0
BLA;13.07.2003 00:00;17.4;26.3;7.6;;;;64.9;11.5;;;;;;;;;;;;;0;;;;;;;;;;;0;;0;0
BLA;14.07.2003 00:00;18.5;27.5;8;;;;63.4;12.7;;;;;;;;;;;;;0;;;;;;;;;;;0.2;;0;0
BLA;15.07.2003 00:00;15.7;25.5;9;;;;87.7;14.3;;;;;;;;;;;;;29.7;;;;;;;;;;;0;;0;0
BLA;16.07.2003 00:00;15.6;25;7.5;;;;80.8;13.3;;;;;;;;;;;;;7.7;;;;;;;;;;;0;;0;0
BLA;17.07.2003 00:00;15.9;22;10;;;;67.8;11.8;;;;;;;;;;;;;0;;;;;;;;;;;0;;0;0
BLA;18.07.2003 00:00;13.7;24.5;4;;;;66.7;9.7;;;;;;;;;;;;;0;;;;;;;;;;;0;;0;0
BLA;19.07.2003 00:00;16.3;26;6;;;;59.5;10;;;;;;;;;;;;;0;;;;;;;;;;;0;;0;0
BLA;20.07.2003 00:00;16.9;26;7.4;;;;73.7;13.2;;;;;;;;;;;;;0;;;;;;;;;;;0;;0;0
BLA;21.07.2003 00:00;14.8;20.3;10;;;;86.2;15.2;;;;;;;;;;;;;11;;;;;;;;;;;0;;0;0
BLA;22.07.2003 00:00;15.7;25;7;;;;74.3;11.7;;;;;;;;;;;;;1;;;;;;;;;;;0;;0;0
BLA;23.07.2003 00:00;16.8;23.5;10;;;;65.2;11.1;;;;;;;;;;;;;0;;;;;;;;;;;0;;0;0
BLA;24.07.2003 00:00;12;16.5;7.5;;;;82.7;12.3;;;;;;;;;;;;;1.4;;;;;;;;;;;0;;8;0
BLA;25.07.2003 00:00;13.1;23.5;4;;;;73.7;10.6;;;;;;;;;;;;;0;;;;;;;;;;;0;;0;0
BLA;26.07.2003 00:00;16.6;23.7;10;;;;65.5;12.5;;;;;;;;;;;;;0;;;;;;;;;;;0;;0;0
BLA;27.07.2003 00:00;14.4;24;8.9;;;;88.2;13.4;;;;;;;;;;;;;19.4;;;;;;;;;;;0;;0;0
BLA;28.07.2003 00:00;13.4;20;7;;;;71.7;11.3;;;;;;;;;;;;;0;;;;;;;;;;;0;;0;0
BLA;29.07.2003 00:00;12.5;19.7;5.4;;;;66.6;9;;;;;;;;;;;;;0;;;;;;;;;;;0;;0;0
BLA;30.07.2003 00:00;12.6;20.5;4;;;;64.7;8.6;;;;;;;;;;;;;2.6;;;;;;;;;;;0;;0;0
BLA;31.07.2003 00:00;11.8;18;7.3;;;;70.5;9.7;;;;;;;;;;;;;0;;;;;;;;;;;0;;8.2;0.2
BLA;01.08.2003 00:00;13.5;23;3.5;;;;71.4;10.7;;;;;;;;;;;;;0;;;;;;;;;;;0;;0;0
BLA;02.08.2003 00:00;16.3;26;6.8;;;;69.2;12.4;;;;;;;;;;;;;0;;;;;;;;;;;0;;0;0
BLA;03.08.2003 00:00;17.5;27.5;8.8;;;;73.8;13.5;;;;;;;;;;;;;0;;;;;;;;;;;0;;0;0
BLA;04.08.2003 00:00;19.3;28.6;11.2;;;;68.8;14;;;;;;;;;;;;;0;;;;;;;;;;;1;;0;0
BLA;05.08.2003 00:00;18.7;28.5;12;;;;75;14.5;;;;;;;;;;;;;0.6;;;;;;;;;;;0.4;;0;0
BLA;06.08.2003 00:00;18;28;8.8;;;;65.6;12.2;;;;;;;;;;;;;0;;;;;;;;;;;0;;0;0
BLA;07.08.2003 00:00;19.1;28;9.4;;;;58;10.7;;;;;;;;;;;;;0;;;;;;;;;;;0.8;;0;0
BLA;08.08.2003 00:00;18.1;28;8.5;;;;57.6;11.2;;;;;;;;;;;;;0;;;;;;;;;;;0;;0;0
BLA;09.08.2003 00:00;18.1;28;8.6;;;;61.2;10.9;;;;;;;;;;;;;0;;;;;;;;;;;0;;0;0
BLA;10.08.2003 00:00;18.5;27;9.1;;;;60.2;11.5;;;;;;;;;;;;;0;;;;;;;;;;;0.2;;0;0
BLA;11.08.2003 00:00;18.6;27.3;10;;;;53;10.5;;;;;;;;;;;;;0;;;;;;;;;;;0.3;;0;0
BLA;12.08.2003 00:00;18.6;28;8;;;;53.2;10;;;;;;;;;;;;;0;;;;;;;;;;;0.3;;0;0
BLA;13.08.2003 00:00;19.1;28;9.1;;;;54.6;11.1;;;;;;;;;;;;;0;;;;;;;;;;;0.8;;0;0
BLA;14.08.2003 00:00;15.1;21;9.2;;;;81.8;14.5;;;;;;;;;;;;;9.4;;;;;;;;;;;0;;0;0
BLA;15.08.2003 00:00;12.1;16.5;10;;;;94.8;13.8;;;;;;;;;;;;;5.1;;;;;;;;;;;0;;0;0
BLA;16.08.2003 00:00;16.7;25;8.8;;;;68.8;11.6;;;;;;;;;;;;;13.6;;;;;;;;;;;0;;0;0
BLA;17.08.2003 00:00;14.8;24.2;7.5;;;;83.2;12.8;;;;;;;;;;;;;7.6;;;;;;;;;;;0;;0;0
BLA;18.08.2003 00:00;11.4;19.4;8;;;;90;12.2;;;;;;;;;;;;;1.3;;;;;;;;;;;0;;8.6;0.6
BLA;19.08.2003 00:00;13.6;22;5;;;;73.6;10.8;;;;;;;;;;;;;0;;;;;;;;;;;0;;0;0
BLA;20.08.2003 00:00;13.6;23;6;;;;68.2;9.4;;;;;;;;;;;;;2.4;;;;;;;;;;;0;;0;0
BLA;21.08.2003 00:00;12.2;19.2;7.5;;;;92.4;13.5;;;;;;;;;;;;;0.2;;;;;;;;;;;0;;0;0
BLA;22.08.2003 00:00;13.4;24;5;;;;71.8;10.6;;;;;;;;;;;;;0;;;;;;;;;;;0;;0;0
BLA;23.08.2003 00:00;15.4;25.2;6;;;;63;9.8;;;;;;;;;;;;;0;;;;;;;;;;;0;;0;0
BLA;24.08.2003 00:00;14;23;7.2;;;;80.4;11.7;;;;;;;;;;;;;2.6;;;;;;;;;;;0;;0;0
BLA;25.08.2003 00:00;13.3;23;6.5;;;;85.4;11.6;;;;;;;;;;;;;0.4;;;;;;;;;;;0;;0;0
BLA;26.08.2003 00:00;13.9;22;5;;;;67.6;9.8;;;;;;;;;;;;;0;;;;;;;;;;;0;;0;0
BLA;27.08.2003 00:00;14.8;23.5;5;;;;64.4;9.7;;;;;;;;;;;;;0;;;;;;;;;;;0;;0;0
BLA;28.08.2003 00:00;15.9;24;9;;;;74.2;12.8;;;;;;;;;;;;;2.4;;;;;;;;;;;0;;0;0
BLA;29.08.2003 00:00;11.5;15;9.5;;;;90;12.4;;;;;;;;;;;;;6.8;;;;;;;;;;;0;;8.5;0.5
BLA;30.08.2003 00:00;11.4;15.5;7.5;;;;87.6;11.7;;;;;;;;;;;;;9.7;;;;;;;;;;;0;;8.6;0.6
BLA;31.08.2003 00:00;8.2;11.7;6.2;;;;77.8;8.4;;;;;;;;;;;;;0.1;;;;;;;;;;;0;;11.8;3.8
BLA;01.09.2003 00:00;6.4;14;0;;;;71.5;7;;;;;;;;;;;;;0;;;;;;;;;;;0;;13.6;5.6
BLA;02.09.2003 00:00;6.4;15;-1.5;;;;69.7;6.2;;;;;;;;;;;;;0;;;;;;;;;;;0;;13.6;5.6
BLA;03.09.2003 00:00;8.2;17;0;;;;70.4;7.2;;;;;;;;;;;;;0;;;;;;;;;;;0;;11.8;3.8
BLA;04.09.2003 00:00;7.6;19;1;;;;74.3;7.3;;;;;;;;;;;;;0;;;;;;;;;;;0;;12.4;4.4
BLA;05.09.2003 00:00;10.1;18;3;;;;76.7;8.8;;;;;;;;;;;;;0;;;;;;;;;;;0;;9.9;1.9
BLA;06.09.2003 00:00;10.7;17.3;7.5;;;;85.7;11.1;;;;;;;;;;;;;3.6;;;;;;;;;;;0;;9.3;1.3
BLA;07.09.2003 00:00;11.1;16.7;6.9;;;;80.6;10.2;;;;;;;;;;;;;11.9;;;;;;;;;;;0;;8.9;0.9
BLA;08.09.2003 00:00;9.4;15;5.5;;;;86;9.9;;;;;;;;;;;;;1.5;;;;;;;;;;;0;;10.6;2.6
BLA;09.09.2003 00:00;8.8;11;7.5;;;;95.6;10.9;;;;;;;;;;;;;4.2;;;;;;;;;;;0;;11.2;3.2
BLA;10.09.2003 00:00;8.9;14;5;;;;83.7;9.6;;;;;;;;;;;;;0.3;;;;;;;;;;;0;;11.1;3.1
BLA;11.09.2003 00:00;8.4;12;4;;;;78.7;8.6;;;;;;;;;;;;;1.1;;;;;;;;;;;0;;11.6;3.6
BLA;12.09.2003 00:00;7.7;15;-0.5;;;;57.9;5.3;;;;;;;;;;;;;0;;;;;;;;;;;0;;12.3;4.3
BLA;13.09.2003 00:00;7;14;0;;;;69.1;6.9;;;;;;;;;;;;;0;;;;;;;;;;;0;;13;5
BLA;14.09.2003 00:00;7.6;16.3;-0.5;;;;78;7.5;;;;;;;;;;;;;0;;;;;;;;;;;0;;12.4;4.4
BLA;15.09.2003 00:00;8.8;18;1;;;;74.7;7.9;;;;;;;;;;;;;0;;;;;;;;;;;0;;11.2;3.2
BLA;16.09.2003 00:00;9.1;20.2;1;;;;74.2;7.8;;;;;;;;;;;;;0;;;;;;;;;;;0;;10.9;2.9
BLA;17.09.2003 00:00;10.5;21;2;;;;72.9;8.4;;;;;;;;;;;;;0;;;;;;;;;;;0;;9.5;1.5
BLA;18.09.2003 00:00;12;22.5;3;;;;72.9;9.2;;;;;;;;;;;;;0;;;;;;;;;;;0;;8;0
BLA;19.09.2003 00:00;13;23;4;;;;71.3;9.9;;;;;;;;;;;;;0;;;;;;;;;;;0;;0;0
BLA;20.09.2003 00:00;13;24;4;;;;69.2;9.1;;;;;;;;;;;;;0;;;;;;;;;;;0;;0;0
BLA;21.09.2003 00:00;11.5;23;4;;;;72.4;8.9;;;;;;;;;;;;;0;;;;;;;;;;;0;;8.5;0.5
BLA;22.09.2003 00:00;8.8;19.2;3.7;;;;74.9;7.9;;;;;;;;;;;;;2.6;;;;;;;;;;;0;;11.2;3.2
BLA;23.09.2003 00:00;9.8;14;7.5;;;;91.3;10.9;;;;;;;;;;;;;0.5;;;;;;;;;;;0;;10.2;2.2
BLA;24.09.2003 00:00;7.6;17;4;;;;82.2;8.1;;;;;;;;;;;;;0;;;;;;;;;;;0;;12.4;4.4
BLA;25.09.2003 00:00;7.9;17.6;0.5;;;;76.7;7.5;;;;;;;;;;;;;0;;;;;;;;;;;0;;12.1;4.1
BLA;26.09.2003 00:00;6.3;18;0;;;;75.6;6.7;;;;;;;;;;;;;0;;;;;;;;;;;0;;13.7;5.7
BLA;27.09.2003 00:00;8.3;18;1;;;;79.6;8.6;;;;;;;;;;;;;0.5;;;;;;;;;;;0;;11.7;3.7
BLA;28.09.2003 00:00;8.6;15;4;;;;84;8.5;;;;;;;;;;;;;3.4;;;;;;;;;;;0;;11.4;3.4
BLA;29.09.2003 00:00;7.6;13;5;;;;84.6;8.8;;;;;;;;;;;;;0;;;;;;;;;;;0;;12.4;4.4
BLA;30.09.2003 00:00;6.9;16.5;-1;;;;75;7;;;;;;;;;;;;;0.1;;;;;;;;;;;0;;13.1;5.1
BLA;01.10.2003 00:00;7.6;14;2;;;;92.7;10.3;;;;;;;;;;;;;1.4;;;;;;;;;;;0;;12.4;4.4
BLA;02.10.2003 00:00;10.1;18.5;3.5;;;;77.2;9.3;;;;;;;;;;;;;0.2;;;;;;;;;;;0;;9.9;1.9
BLA;03.10.2003 00:00;10.3;14.5;6;;;;88.1;11.5;;;;;;;;;;;;;9;;;;;;;;;;;0;;9.7;1.7
BLA;04.10.2003 00:00;6.8;10;5;;;;93.5;9.2;;;;;;;;;;;;;5.4;;;;;;;;;;;0;;13.2;5.2
BLA;05.10.2003 00:00;0.4;3;-1.4;;;;87.9;5.5;;;;;;;;;;;;;1.2;;;;;;;;;;;0;;19.6;11.6
BLA;06.10.2003 00:00;0.4;8.8;-5.3;;;;79.2;5.1;;;;;;;;;;;;;1;;;;;;;;;;;0;;19.6;11.6
BLA;07.10.2003 00:00;1;4.5;-1;;;;100;6.8;;;;;;;;;;;;;30.2;;;;;;;;;;;0;;19;11
BLA;08.10.2003 00:00;0.5;4.5;-4;;;;61.1;4;;;;;;;;;;;;;11.8;;;;;;;;;;;0;;19.5;11.5
BLA;09.10.2003 00:00;5.8;14;0;;;;84.6;8.2;;;;;;;;;;;;;0;;;;;;;;;;;0;;14.2;6.2
BLA;10.10.2003 00:00;4.8;15.5;-1.5;;;;82.5;7.3;;;;;;;;;;;;;0;;;;;;;;;;;0;;15.2;7.2
BLA;11.10.2003 00:00;5.6;18.5;-1.5;;;;67.2;6;;;;;;;;;;;;;0;;;;;;;;;;;0;;14.4;6.4
BLA;12.10.2003 00:00;5;18.2;-2;;;;71;6.1;;;;;;;;;;;;;0;;;;;;;;;;;0;;15;7
BLA;13.10.2003 00:00;4.1;15;-3;;;;78.2;6.2;;;;;;;;;;;;;0;;;;;;;;;;;0;;15.9;7.9
BLA;14.10.2003 00:00;5.1;14.5;-0.6;;;;80.1;6.9;;;;;;;;;;;;;0;;;;;;;;;;;0;;14.9;6.9
BLA;15.10.2003 00:00;3.1;13.2;-2.4;;;;75.4;5.8;;;;;;;;;;;;;0;;;;;;;;;;;0;;16.9;8.9
BLA;16.10.2003 00:00;1.4;13;-4.8;;;;69.7;4.5;;;;;;;;;;;;;0;;;;;;;;;;;0;;18.6;10.6
BLA;17.10.2003 00:00;1.3;12.7;-5;;;;69.4;4.6;;;;;;;;;;;;;0;;;;;;;;;;;0;;18.7;10.7
BLA;18.10.2003 00:00;1.7;12.3;-5;;;;66.2;4.3;;;;;;;;;;;;;0;;;;;;;;;;;0;;18.3;10.3
BLA;19.10.2003 00:00;3;13;-4.2;;;;66.7;5;;;;;;;;;;;;;3.2;;;;;;;;;;;0;;17;9
BLA;20.10.2003 00:00;3.4;5.5;2;;;;94.3;7.4;;;;;;;;;;;;;3.8;;;;;;;;;;;0;;16.6;8.6
BLA;21.10.2003 00:00;0.4;4.5;-1.5;;;;94.5;6.1;;;;;;;;;;;;;1.5;;;;;;;;;;;0;;19.6;11.6
BLA;22.10.2003 00:00;-2.4;6.5;-7;;;;80.4;4;;;;;;;;;;;;;0;;;;;;;;;;;0;;22.4;14.4
BLA;23.10.2003 00:00;-2.5;0.4;-6;;;;94;5;;;;;;;;;;;;;3.5;;;;;;;;;;;0;;22.5;14.5
BLA;24.10.2003 00:00;-3.3;5;-6;;;;86.9;4.3;;;;;;;;;;;;;0;;;;;;;;;;;0;;23.3;15.3
BLA;25.10.2003 00:00;-7;2;-12;;;;74.4;2.7;;;;;;;;;;;;;0;;;;;;;;;;;0;;27;19
BLA;26.10.2003 00:00;-4.5;4.5;-11.5;;;;68.3;3.1;;;;;;;;;;;;;0;;;;;;;;;;;0;;24.5;16.5
BLA;27.10.2003 00:00;-3.1;5;-8;;;;71.2;3.4;;;;;;;;;;;;;0;;;;;;;;;;;0;;23.1;15.1
BLA;28.10.2003 00:00;-2.5;7;-7.5;;;;76.9;3.8;;;;;;;;;;;;;0;;;;;;;;;;;0;;22.5;14.5
BLA;29.10.2003 00:00;-1.5;2;-5;;;;92.1;5.2;;;;;;;;;;;;;2.6;;;;;;;;;;;0;;21.5;13.5
BLA;30.10.2003 00:00;-1.3;2;-3;;;;84.2;4.7;;;;;;;;;;;;;5.2;;;;;;;;;;;0;;21.3;13.3
BLA;31.10.2003 00:00;2.2;6.5;-3;;;;81;5.8;;;;;;;;;;;;;23.6;;;;;;;;;;;0;;17.8;9.8
BLA;01.11.2003 00:00;1;6.5;-0.5;;;;94.6;6.2;;;;;;;;;;;;;2.3;;;;;;;;;;;0;;19;11
BLA;02.11.2003 00:00;-0.2;5;-4;;;;85;11;;;;;;;;;;;;;0;;;;;;;;;;;0;;20.2;12.2
BLA;03.11.2003 00:00;0.4;5.2;-5;;;;90.2;11.9;;;;;;;;;;;;;1.2;;;;;;;;;;;0;;19.6;11.6
BLA;04.11.2003 00:00;-0.9;6.5;-5;;;;71;6.7;;;;;;;;;;;;;0;;;;;;;;;;;0;;20.9;12.9
BLA;05.11.2003 00:00;1.4;10;-3.5;;;;63.1;3.8;;;;;;;;;;;;;0;;;;;;;;;;;0;;18.6;10.6
BLA;06.11.2003 00:00;0.2;10;-2.5;;;;74.2;4.9;;;;;;;;;;;;;0;;;;;;;;;;;0;;19.8;11.8
BLA;07.11.2003 00:00;-0.5;3.5;-3.5;;;;69.6;4.6;;;;;;;;;;;;;0;;;;;;;;;;;0;;20.5;12.5
BLA;08.11.2003 00:00;-0.8;2.8;-3.5;;;;84.2;5.7;;;;;;;;;;;;;0.7;;;;;;;;;;;0;;20.8;12.8
BLA;09.11.2003 00:00;-0.5;7.5;-5;;;;77.4;7.1;;;;;;;;;;;;;0;;;;;;;;;;;0;;20.5;12.5
BLA;10.11.2003 00:00;1.5;9;-2.5;;;;77;6.9;;;;;;;;;;;;;0;;;;;;;;;;;0;;18.5;10.5
BLA;11.11.2003 00:00;0.5;9;-3;;;;84.9;8.2;;;;;;;;;;;;;0;;;;;;;;;;;0;;19.5;11.5
BLA;12.11.2003 00:00;0;6;-5;;;;79.4;7;;;;;;;;;;;;;3.4;;;;;;;;;;;0;;20;12
BLA;13.11.2003 00:00;1.2;3.5;0;;;;91.5;8.7;;;;;;;;;;;;;0;;;;;;;;;;;0;;18.8;10.8
BLA;14.11.2003 00:00;-1.2;4.5;-6.5;;;;66.1;6;;;;;;;;;;;;;0;;;;;;;;;;;0;;21.2;13.2
BLA;15.11.2003 00:00;-1.4;5;-6;;;;71.6;5.6;;;;;;;;;;;;;0;;;;;;;;;;;0;;21.4;13.4
BLA;16.11.2003 00:00;3.3;8.7;0;;;;76.7;5.6;;;;;;;;;;;;;6.3;;;;;;;;;;;0;;16.7;8.7
BLA;17.11.2003 00:00;2;4.4;0;;;;96;7.1;;;;;;;;;;;;;0.3;;;;;;;;;;;0;;18;10
BLA;18.11.2003 00:00;1.2;8;-4;;;;87.9;6.6;;;;;;;;;;;;;0;;;;;;;;;;;0;;18.8;10.8
BLA;19.11.2003 00:00;1.4;9.1;-2.1;;;;83.8;6.8;;;;;;;;;;;;;0;;;;;;;;;;;0;;18.6;10.6
BLA;20.11.2003 00:00;1.3;10.5;-2;;;;67.6;5.1;;;;;;;;;;;;;0;;;;;;;;;;;0;;18.7;10.7
BLA;21.11.2003 00:00;3.5;12;-1.5;;;;69.7;4.3;;;;;;;;;;;;;0;;;;;;;;;;;0;;16.5;8.5
BLA;22.11.2003 00:00;3.2;9;0;;;;83.1;4.4;;;;;;;;;;;;;0;;;;;;;;;;;0;;16.8;8.8
BLA;23.11.2003 00:00;3.2;8;1;;;;81.9;4.3;;;;;;;;;;;;;0;;;;;;;;;;;0;;16.8;8.8
BLA;24.11.2003 00:00;3.6;7.5;1;;;;87.2;4.3;;;;;;;;;;;;;0.1;;;;;;;;;;;0;;16.4;8.4
BLA;25.11.2003 00:00;2.6;7;-0.5;;;;87.6;3.3;;;;;;;;;;;;;0;;;;;;;;;;;0;;17.4;9.4
BLA;26.11.2003 00:00;-1.3;7;-3.5;;;;87.7;4.3;;;;;;;;;;;;;0;;;;;;;;;;;0;;21.3;13.3
BLA;27.11.2003 00:00;0.9;4.5;-3;;;;87.8;4.7;;;;;;;;;;;;;15.7;;;;;;;;;;;0;;19.1;11.1
BLA;28.11.2003 00:00;-1.8;0;-3;;;;93.7;5.1;;;;;;;;;;;;;0;;;;;;;;;;;0;;21.8;13.8
BLA;29.11.2003 00:00;-6.9;0;-9.8;;;;97.4;5.6;;;;;;;;;;;;;0;;;;;;;;;;;0;;26.9;18.9
BLA;30.11.2003 00:00;-0.5;3;-8;;;;97.8;5.5;;;;;;;;;;;;;1.7;;;;;;;;;;;0;;20.5;12.5
BLA;01.12.2003 00:00;1.4;4;-1.5;;;;86.1;6.4;;;;;;;;;;;;;1.4;;;;;;;;;;;0;;18.6;10.6
BLA;02.12.2003 00:00;2.6;5;1;;;;89.2;6.6;;;;;;;;;;;;;2.2;;;;;;;;;;;0;;17.4;9.4
BLA;03.12.2003 00:00;3.3;6;1;;;;82.7;6.3;;;;;;;;;;;;;0;;;;;;;;;;;0;;16.7;8.7
BLA;04.12.2003 00:00;2.7;7;-2;;;;77.9;5.9;;;;;;;;;;;;;0.1;;;;;;;;;;;0;;17.3;9.3
BLA;05.12.2003 00:00;-2.5;5;-6;;;;72.8;3.7;;;;;;;;;;;;;0;;;;;;;;;;;0;;22.5;14.5
BLA;06.12.2003 00:00;-3.4;3.5;-6;;;;73.1;3.6;;;;;;;;;;;;;0;;;;;;;;;;;0;;23.4;15.4
BLA;07.12.2003 00:00;-5.3;-2;-7;;;;77.1;3.2;;;;;;;;;;;;;0;;;;;;;;;;;0;;25.3;17.3
BLA;08.12.2003 00:00;-7.9;0;-10;;;;72;2.5;;;;;;;;;;;;;0;;;;;;;;;;;0;;27.9;19.9
BLA;09.12.2003 00:00;-4.9;3;-7;;;;63;2.8;;;;;;;;;;;;;0;;;;;;;;;;;0;;24.9;16.9
BLA;10.12.2003 00:00;-3.1;4;-6;;;;74.6;3.5;;;;;;;;;;;;;0;;;;;;;;;;;0;;23.1;15.1
BLA;11.12.2003 00:00;-6.3;1.5;-9;;;;79.3;3.1;;;;;;;;;;;;;1.1;;;;;;;;;;;0;;26.3;18.3
BLA;12.12.2003 00:00;-3.3;3;-5.2;;;;91.9;4.6;;;;;;;;;;;;;0;;;;;;;;;;;0;;23.3;15.3
BLA;13.12.2003 00:00;0.2;6;-7;;;;79.6;5;;;;;;;;;;;;;8.1;;;;;;;;;;;0;;19.8;11.8
BLA;14.12.2003 00:00;2.1;4;-1;;;;74;5.6;;;;;;;;;;;;;2;;;;;;;;;;;0;;17.9;9.9
BLA;15.12.2003 00:00;-3.7;-1;-6.5;;;;69.2;3.1;;;;;;;;;;;;;1.1;;;;;;;;;;;0;;23.7;15.7
BLA;16.12.2003 00:00;-6.7;-3.5;-10;;;;84.7;3.2;;;;;;;;;;;;;0;;;;;;;;;;;0;;26.7;18.7
BLA;17.12.2003 00:00;-4.7;3;-10;;;;82.3;3.6;;;;;;;;;;;;;0;;;;;;;;;;;0;;24.7;16.7
BLA;18.12.2003 00:00;-6.5;0;-9;;;;84.4;3.2;;;;;;;;;;;;;0;;;;;;;;;;;0;;26.5;18.5
BLA;19.12.2003 00:00;-1;2.5;-8;;;;78.4;4.5;;;;;;;;;;;;;0;;;;;;;;;;;0;;21;13
BLA;20.12.2003 00:00;-3;2.4;-6.5;;;;84.3;4.3;;;;;;;;;;;;;5.2;;;;;;;;;;;0;;23;15
BLA;21.12.2003 00:00;0.3;3.5;-2;;;;84.8;5.4;;;;;;;;;;;;;7.4;;;;;;;;;;;0;;19.7;11.7
BLA;22.12.2003 00:00;-6.1;-3;-8;;;;82.6;3.1;;;;;;;;;;;;;7.2;;;;;;;;;;;0;;26.1;18.1
BLA;23.12.2003 00:00;-10.5;-5;-14;;;;53.8;1.4;;;;;;;;;;;;;0;;;;;;;;;;;0;;30.5;22.5
BLA;24.12.2003 00:00;-14.1;-5;-16;;;;79.2;1.7;;;;;;;;;;;;;0;;;;;;;;;;;0;;34.1;26.1
BLA;25.12.2003 00:00;-7.8;0;-11.8;;;;71.2;2.5;;;;;;;;;;;;;0;;;;;;;;;;;0;;27.8;19.8
BLA;26.12.2003 00:00;-6.9;3;-8.5;;;;77.8;2.9;;;;;;;;;;;;;0;;;;;;;;;;;0;;26.9;18.9
BLA;27.12.2003 00:00;-1.4;3.5;-8;;;;69;3.9;;;;;;;;;;;;;0;;;;;;;;;;;0;;21.4;13.4
BLA;28.12.2003 00:00;-1.9;0;-8;;;;84.8;4.6;;;;;;;;;;;;;5.7;;;;;;;;;;;0;;21.9;13.9
BLA;29.12.2003 00:00;-5.3;-3;-8;;;;90.9;3.7;;;;;;;;;;;;;0;;;;;;;;;;;0;;25.3;17.3
BLA;30.12.2003 00:00;-4.4;-1;-8.5;;;;91.7;4.1;;;;;;;;;;;;;0.1;;;;;;;;;;;0;;24.4;16.4
BLA;31.12.2003 00:00;-4.7;-2.5;-5.5;;;;97.6;4.2;;;;;;;;;;;;;0.3;;;;;;;;;;;0;;24.7;16.7
BLA;01.01.2004 00:00;-7.3;-3;-13;;;;87.9;3.3;;;;;;;;;;;;;4.6;;;;;;;;;;;0;;27.3;19.3
BLA;02.01.2004 00:00;-7.5;-3;-11;;;;90.4;3.2;;;;;;;;;;;;;0;;;;;;;;;;;0;;27.5;19.5
BLA;03.01.2004 00:00;-14.7;-7;-16;;;;91.9;1.8;;;;;;;;;;;;;0;;;;;;;;;;;0;;34.7;26.7
BLA;04.01.2004 00:00;-14.5;-7.5;-17.5;;;;88.4;1.8;;;;;;;;;;;;;0;;;;;;;;;;;0;;34.5;26.5
BLA;05.01.2004 00:00;-6;-1.5;-17;;;;79.2;3.3;;;;;;;;;;;;;0;;;;;;;;;;;0;;26;18
BLA;06.01.2004 00:00;-1.7;2;-8;;;;81.9;4.5;;;;;;;;;;;;;0.2;;;;;;;;;;;0;;21.7;13.7
BLA;07.01.2004 00:00;-1.2;5;-4;;;;82.7;4.7;;;;;;;;;;;;;0;;;;;;;;;;;0;;21.2;13.2
BLA;08.01.2004 00:00;-3.1;4;-8;;;;76.4;3.8;;;;;;;;;;;;;6.2;;;;;;;;;;;0;;23.1;15.1
BLA;09.01.2004 00:00;-0.6;2;-2;;;;93.7;5.5;;;;;;;;;;;;;6.5;;;;;;;;;;;0;;20.6;12.6
BLA;10.01.2004 00:00;-0.9;1.5;-2;;;;69.9;4;;;;;;;;;;;;;0;;;;;;;;;;;0;;20.9;12.9
BLA;11.01.2004 00:00;1.9;5.5;-2;;;;87.8;6.1;;;;;;;;;;;;;17.3;;;;;;;;;;;0;;18.1;10.1
BLA;12.01.2004 00:00;0.4;6;-1;;;;99.5;6.3;;;;;;;;;;;;;19.5;;;;;;;;;;;0;;19.6;11.6
BLA;13.01.2004 00:00;1.1;6;0;;;;97.7;6.5;;;;;;;;;;;;;44.9;;;;;;;;;;;0;;18.9;10.9
BLA;14.01.2004 00:00;-0.2;1.5;-2;;;;70.8;4.3;;;;;;;;;;;;;5.7;;;;;;;;;;;0;;20.2;12.2
BLA;15.01.2004 00:00;-5.1;-2.5;-6.5;;;;74.6;3.1;;;;;;;;;;;;;0.5;;;;;;;;;;;0;;25.1;17.1
BLA;16.01.2004 00:00;-3.7;1.5;-12;;;;88.1;4.5;;;;;;;;;;;;;13.3;;;;;;;;;;;0;;23.7;15.7
BLA;17.01.2004 00:00;-1.6;0.2;-3;;;;91.7;4.9;;;;;;;;;;;;;6.5;;;;;;;;;;;0;;21.6;13.6
BLA;18.01.2004 00:00;-3.9;5;-5.5;;;;90.9;4.2;;;;;;;;;;;;;0.1;;;;;;;;;;;0;;23.9;15.9
BLA;19.01.2004 00:00;-9.8;-3.5;-15;;;;81.6;2.5;;;;;;;;;;;;;14;;;;;;;;;;;0;;29.8;21.8
BLA;20.01.2004 00:00;-4.1;0;-8;;;;95.8;4.5;;;;;;;;;;;;;24.9;;;;;;;;;;;0;;24.1;16.1
BLA;21.01.2004 00:00;-6.2;-1;-9;;;;72.4;2.9;;;;;;;;;;;;;0;;;;;;;;;;;0;;26.2;18.2
BLA;22.01.2004 00:00;-8.7;-6;-12;;;;81.1;2.6;;;;;;;;;;;;;0;;;;;;;;;;;0;;28.7;20.7
BLA;23.01.2004 00:00;-8.6;0;-12;;;;84.6;2.8;;;;;;;;;;;;;0;;;;;;;;;;;0;;28.6;20.6
BLA;24.01.2004 00:00;-6.8;0;-13;;;;82;3.2;;;;;;;;;;;;;3.6;;;;;;;;;;;0;;26.8;18.8
BLA;25.01.2004 00:00;-7.7;-4.5;-12;;;;67.6;2.4;;;;;;;;;;;;;0;;;;;;;;;;;0;;27.7;19.7
BLA;26.01.2004 00:00;-7.2;-3;-12;;;;83.2;3.1;;;;;;;;;;;;;4.9;;;;;;;;;;;0;;27.2;19.2
BLA;27.01.2004 00:00;-5.9;-3.5;-8;;;;91.3;3.6;;;;;;;;;;;;;0.2;;;;;;;;;;;0;;25.9;17.9
BLA;28.01.2004 00:00;-8.7;-6;-10;;;;91.4;3;;;;;;3.8;;;;;;;2.8;;;;;;;;;;;0;;28.7;20.7
BLA;29.01.2004 00:00;-9.7;-8;-10.5;;;;90;2.7;;;;;;6.2;;;;;;;3.1;;;;;;;;;;;0;;29.7;21.7
BLA;30.01.2004 00:00;-14;-2.5;-21;;;;76.6;1.7;;;;;;4.6;;;;;;;0;;;;;;;;;;;0;;34;26
BLA;31.01.2004 00:00;-4.6;4;-12.5;;;;69.7;3.2;;;;;;2.4;;;;;;;0;;;;;;;;;;;0;;24.6;16.6
BLA;01.02.2004 00:00;-2.3;5;-7;;;;66.2;3.6;;;;;;;;;;;;;0;;;;;;;;;;;0;;22.3;14.3
BLA;02.02.2004 00:00;-0.2;12;-7;;;;53;3.2;;;;;;0.9;;;;;;;0;;;;;;;;;;;0;;20.2;12.2
BLA;03.02.2004 00:00;-1.4;8;-5.5;;;;76.2;4.3;;;;;;0.9;;;;;;;0;;;;;;;;;;;0;;21.4;13.4
BLA;04.02.2004 00:00;-1.7;7.5;-6;;;;68.9;3.8;;;;;;0.9;;;;;;;0;;;;;;;;;;;0;;21.7;13.7
BLA;05.02.2004 00:00;-2.1;7;-6.5;;;;70.8;3.8;;;;;;1.5;;;;;;;0;;;;;;;;;;;0;;22.1;14.1
BLA;06.02.2004 00:00;-0.9;10;-6.5;;;;72.9;4.3;;;;;;2.4;;;;;;;0;;;;;;;;;;;0;;20.9;12.9
BLA;07.02.2004 00:00;1.3;4;-3;;;;77;5.6;;;;;;3.9;;;;;;;3.5;;;;;;;;;;;0;;18.7;10.7
BLA;08.02.2004 00:00;-2.6;0;-6;;;;81;4;;;;;;6.2;;;;;;;3.8;;;;;;;;;;;0;;22.6;14.6
BLA;09.02.2004 00:00;-6.9;1.5;-11.8;;;;74.7;2.7;;;;;;3.8;;;;;;;0;;;;;;;;;;;0;;26.9;18.9
BLA;10.02.2004 00:00;-7.8;0;-14;;;;72.4;2.6;;;;;;3.3;;;;;;;0.7;;;;;;;;;;;0;;27.8;19.8
BLA;11.02.2004 00:00;-0.1;4;-7;;;;76.5;4.8;;;;;;8.1;;;;;;;4.4;;;;;;;;;;;0;;20.1;12.1
BLA;12.02.2004 00:00;-2;1;-4;;;;89;4.7;;;;;;4.6;;;;;;;0;;;;;;;;;;;0;;22;14
BLA;13.02.2004 00:00;-3.1;5;-8.5;;;;71.8;3.5;;;;;;3.3;;;;;;;0;;;;;;;;;;;0;;23.1;15.1
BLA;14.02.2004 00:00;-2.9;6.7;-9.6;;;;65.4;3.3;;;;;;1.7;;;;;;;0;;;;;;;;;;;0;;22.9;14.9
BLA;15.02.2004 00:00;-5.5;4;-10;;;;75.7;3.1;;;;;;3.3;;;;;;;0;;;;;;;;;;;0;;25.5;17.5
BLA;16.02.2004 00:00;-5.1;6;-11.5;;;;72.9;3.1;;;;;;1.6;;;;;;;0;;;;;;;;;;;0;;25.1;17.1
BLA;17.02.2004 00:00;-5.7;4.5;-11.5;;;;75.5;3.1;;;;;;2.4;;;;;;;0;;;;;;;;;;;0;;25.7;17.7
BLA;18.02.2004 00:00;-4.6;1;-11;;;;85;3.9;;;;;;6;;;;;;;3.4;;;;;;;;;;;0;;24.6;16.6
BLA;19.02.2004 00:00;-4.9;-2;-8.5;;;;90.2;3.9;;;;;;3.1;;;;;;;1.3;;;;;;;;;;;0;;24.9;16.9
BLA;20.02.2004 00:00;-3.4;5;-5.5;;;;77.6;3.6;;;;;;3.3;;;;;;;0;;;;;;;;;;;0;;23.4;15.4
BLA;21.02.2004 00:00;1.8;5.5;-4.5;;;;73.4;5.2;;;;;;4.5;;;;;;;0;;;;;;;;;;;0;;18.2;10.2
BLA;22.02.2004 00:00;2.4;9;-2;;;;78.6;5.5;;;;;;0.9;;;;;;;1.8;;;;;;;;;;;0;;17.6;9.6
BLA;23.02.2004 00:00;-2.2;0;-6;;;;75.5;4.4;;;;;;;;;;;;;0;;;;;;;;;;;0;;22.2;14.2
BLA;24.02.2004 00:00;-10.7;-2.5;-16;;;;50.1;1.3;;;;;;;;;;;;;0;;;;;;;;;;;0;;30.7;22.7
BLA;25.02.2004 00:00;-7.7;2.5;-15;;;;67.6;2.3;;;;;;3.3;;;;;;;0;;;;;;;;;;;0;;27.7;19.7
BLA;26.02.2004 00:00;-7.2;0;-13;;;;81.7;2.9;;;;;;4.6;;;;;;;0.2;;;;;;;;;;;0;;27.2;19.2
BLA;27.02.2004 00:00;-10.1;-5;-15;;;;76.7;2.3;;;;;;;;;;;;;0;;;;;;;;;;;0;;30.1;22.1
BLA;28.02.2004 00:00;-10.8;3;-20;;;;47;1.3;;;;;;3.8;;;;;;;0;;;;;;;;;;;0;;30.8;22.8
BLA;29.02.2004 00:00;-11.3;-4;-18;;;;64.6;1.6;;;;;;6.2;;;;;;;0;;;;;;;;;;;0;;31.3;23.3
BLA;01.03.2004 00:00;-11.9;-2;-19;;;;66.8;1.6;;;;;;3.3;;;;;;;0;;;;;;;;;;;0;;31.9;23.9
BLA;02.03.2004 00:00;-9.2;-1;-16;;;;71;2.1;;;;;;4.6;;;;;;;0;;;;;;;;;;;0;;29.2;21.2
BLA;03.03.2004 00:00;-6.7;3;-14;;;;75;2.8;;;;;;3.9;;;;;;;0;;;;;;;;;;;0;;26.7;18.7
BLA;04.03.2004 00:00;-4.5;4.5;-12;;;;81.4;3.7;;;;;;0;;;;;;;2;;;;;;;;;;;0;;24.5;16.5
BLA;05.03.2004 00:00;-0.3;5;-4.5;;;;92.6;5.7;;;;;;3.4;;;;;;;6.2;;;;;;;;;;;0;;20.3;12.3
BLA;06.03.2004 00:00;-0.4;2.2;-2.8;;;;95.4;5.6;;;;;;0;;;;;;;3.1;;;;;;;;;;;0;;20.4;12.4
BLA;07.03.2004 00:00;-5.3;1;-10.5;;;;77.6;3.4;;;;;;3.1;;;;;;;0;;;;;;;;;;;0;;25.3;17.3
BLA;08.03.2004 00:00;-5.5;-1.5;-11;;;;58.4;2.3;;;;;;7.1;;;;;;;0;;;;;;;;;;;0;;25.5;17.5
BLA;09.03.2004 00:00;-8;0.5;-15;;;;61.6;2;;;;;;3.9;;;;;;;0;;;;;;;;;;;0;;28;20
BLA;10.03.2004 00:00;-8.2;-1;-16.5;;;;73.2;2.4;;;;;;3.9;;;;;;;7.5;;;;;;;;;;;0;;28.2;20.2
BLA;11.03.2004 00:00;-6.6;0;-9.5;;;;78;2.9;;;;;;3.1;;;;;;;0.1;;;;;;;;;;;0;;26.6;18.6
BLA;12.03.2004 00:00;-2.9;5;-11;;;;71.8;3.4;;;;;;6;;;;;;;0;;;;;;;;;;;0;;22.9;14.9
BLA;13.03.2004 00:00;0.7;8.3;-7;;;;70.6;4.3;;;;;;2.6;;;;;;;0.6;;;;;;;;;;;0;;19.3;11.3
BLA;14.03.2004 00:00;1.8;9;-2.5;;;;82.4;5.5;;;;;;0.9;;;;;;;0;;;;;;;;;;;0;;18.2;10.2
BLA;15.03.2004 00:00;0.7;10.5;-7;;;;73.4;4.5;;;;;;0.9;;;;;;;0;;;;;;;;;;;0;;19.3;11.3
BLA;16.03.2004 00:00;2.4;12.5;-6;;;;67.4;4.8;;;;;;1.7;;;;;;;0;;;;;;;;;;;0;;17.6;9.6
BLA;17.03.2004 00:00;3.5;13;-4;;;;61.6;4.7;;;;;;0.9;;;;;;;0;;;;;;;;;;;0;;16.5;8.5
BLA;18.03.2004 00:00;4.9;12.7;-2.6;;;;63.6;5;;;;;;0;;;;;;;0;;;;;;;;;;;0;;15.1;7.1
BLA;19.03.2004 00:00;3.2;12;-3;;;;74.8;5.3;;;;;;0.9;;;;;;;2;;;;;;;;;;;0;;16.8;8.8
BLA;20.03.2004 00:00;3.2;7;0;;;;89.6;6.9;;;;;;0;;;;;;;1.1;;;;;;;;;;;0;;16.8;8.8
BLA;21.03.2004 00:00;5.9;12;-2;;;;46.4;4;;;;;;5.3;;;;;;;1.2;;;;;;;;;;;0;;14.1;6.1
BLA;22.03.2004 00:00;-1.2;6;-4;;;;82.8;4.3;;;;;;2.4;;;;;;;0.3;;;;;;;;;;;0;;21.2;13.2
BLA;23.03.2004 00:00;-3.1;0;-7;;;;75.8;3.7;;;;;;3.3;;;;;;;0.2;;;;;;;;;;;0;;23.1;15.1
BLA;24.03.2004 00:00;-2.4;1.5;-5;;;;70.4;3.3;;;;;;5.3;;;;;;;0;;;;;;;;;;;0;;22.4;14.4
BLA;25.03.2004 00:00;-2.8;-0.5;-5;;;;79.4;4;;;;;;3.9;;;;;;;0;;;;;;;;;;;0;;22.8;14.8
BLA;26.03.2004 00:00;-3.7;1.5;-9;;;;70.8;3.4;;;;;;3.9;;;;;;;0.3;;;;;;;;;;;0;;23.7;15.7
BLA;27.03.2004 00:00;-2.7;4.4;-10.9;;;;71.4;3.4;;;;;;2.4;;;;;;;0;;;;;;;;;;;0;;22.7;14.7
BLA;28.03.2004 00:00;-1.7;7;-10.2;;;;61;3.1;;;;;;3.3;;;;;;;0;;;;;;;;;;;0;;21.7;13.7
BLA;29.03.2004 00:00;1.2;10;-7;;;;60.4;3.5;;;;;;3.3;;;;;;;0;;;;;;;;;;;0;;18.8;10.8
BLA;30.03.2004 00:00;3.7;11;-5;;;;55.4;4.2;;;;;;;;;;;;;0;;;;;;;;;;;0;;16.3;8.3
BLA;31.03.2004 00:00;1.9;9.6;-5;;;;70.8;4.8;;;;;;3.1;;;;;;;0;;;;;;;;;;;0;;18.1;10.1
BLA;01.04.2004 00:00;2.5;11.7;-4.5;;;;76.8;5.1;;;;;;2.4;;;;;;;0;;;;;;;;;;;0;;17.5;9.5
BLA;02.04.2004 00:00;2.9;12;-2.5;;;;73.8;5;;;;;;3.3;;;;;;;0;;;;;;;;;;;0;;17.1;9.1
BLA;03.04.2004 00:00;2.7;8;0;;;;86.7;6.6;;;;;;1.2;;;;;;;0;;;;;;;;;;;0;;17.3;9.3
BLA;04.04.2004 00:00;3.2;9;-2.5;;;;76.8;5.4;;;;;;0;;;;;;;0.6;;;;;;;;;;;0;;16.8;8.8
BLA;05.04.2004 00:00;2.9;8;0;;;;62.5;4.3;;;;;;4.6;;;;;;;0;;;;;;;;;;;0;;17.1;9.1
BLA;06.04.2004 00:00;0;2;-1;;;;90.5;5.6;;;;;;2.7;;;;;;;11.1;;;;;;;;;;;0;;20;12
BLA;07.04.2004 00:00;-1.2;2.5;-4.5;;;;74.7;4;;;;;;3.8;;;;;;;1;;;;;;;;;;;0;;21.2;13.2
BLA;08.04.2004 00:00;-2.5;3;-10;;;;61.4;2.9;;;;;;3.9;;;;;;;0.9;;;;;;;;;;;0;;22.5;14.5
BLA;09.04.2004 00:00;-0.9;2.5;-4;;;;94.3;5.2;;;;;;3.9;;;;;;;0.8;;;;;;;;;;;0;;20.9;12.9
BLA;10.04.2004 00:00;-0.9;1.5;-3;;;;94.4;5.4;;;;;;3.3;;;;;;;1.3;;;;;;;;;;;0;;20.9;12.9
BLA;11.04.2004 00:00;0.5;5;-7;;;;66;4;;;;;;6;;;;;;;0;;;;;;;;;;;0;;19.5;11.5
BLA;12.04.2004 00:00;0.6;7.5;-7;;;;58.3;3.4;;;;;;3.8;;;;;;;0;;;;;;;;;;;0;;19.4;11.4
BLA;13.04.2004 00:00;0.6;5;-5;;;;69.5;4.3;;;;;;3.9;;;;;;;0;;;;;;;;;;;0;;19.4;11.4
BLA;14.04.2004 00:00;1.5;7.5;-6;;;;68.6;4.4;;;;;;3.1;;;;;;;0.1;;;;;;;;;;;0;;18.5;10.5
BLA;15.04.2004 00:00;2.2;7;0;;;;73.5;5;;;;;;;;;;;;;0.1;;;;;;;;;;;0;;17.8;9.8
BLA;16.04.2004 00:00;2;9.3;-4;;;;72.7;4.6;;;;;;4;;;;;;;0;;;;;;;;;;;0;;18;10
BLA;17.04.2004 00:00;3.8;8;0.5;;;;75.2;5.9;;;;;;1.7;;;;;;;0.2;;;;;;;;;;;0;;16.2;8.2
BLA;18.04.2004 00:00;4.7;10.5;0.5;;;;76.4;6.1;;;;;;2.4;;;;;;;12.2;;;;;;;;;;;0;;15.3;7.3
BLA;19.04.2004 00:00;-1.3;1.5;-2.5;;;;82.5;4.7;;;;;;3.1;;;;;;;1.6;;;;;;;;;;;0;;21.3;13.3
BLA;20.04.2004 00:00;-0.7;9;-9;;;;76.2;4.3;;;;;;3.3;;;;;;;0;;;;;;;;;;;0;;20.7;12.7
BLA;21.04.2004 00:00;5;13;-3.5;;;;59.3;4.5;;;;;;3.3;;;;;;;0;;;;;;;;;;;0;;15;7
BLA;22.04.2004 00:00;6.3;15.5;-1.5;;;;70.4;6.1;;;;;;;;;;;;;0;;;;;;;;;;;0;;13.7;5.7
BLA;23.04.2004 00:00;7.3;13;1.5;;;;74.3;7.1;;;;;;;;;;;;;0.1;;;;;;;;;;;0;;12.7;4.7
BLA;24.04.2004 00:00;6.4;13.5;0;;;;69.8;6.4;;;;;;3.9;;;;;;;0;;;;;;;;;;;0;;13.6;5.6
BLA;25.04.2004 00:00;4;12.6;-4;;;;63.2;4.8;;;;;;3.3;;;;;;;0;;;;;;;;;;;0;;16;8
BLA;26.04.2004 00:00;4.8;14;-2.5;;;;64.1;5.3;;;;;;5.3;;;;;;;0;;;;;;;;;;;0;;15.2;7.2
BLA;27.04.2004 00:00;6.7;14;-2;;;;66.3;6;;;;;;4.6;;;;;;;0;;;;;;;;;;;0;;13.3;5.3
BLA;28.04.2004 00:00;7.4;14.5;-1;;;;66;6.2;;;;;;5.3;;;;;;;0;;;;;;;;;;;0;;12.6;4.6
BLA;29.04.2004 00:00;7.4;12.8;1.2;;;;64.3;6.1;;;;;;5.3;;;;;;;0;;;;;;;;;;;0;;12.6;4.6
BLA;30.04.2004 00:00;7.5;12.5;4;;;;72.6;7;;;;;;5.3;;;;;;;0;;;;;;;;;;;0;;12.5;4.5
BLA;01.05.2004 00:00;4.4;12.5;-2;;;;88.3;6.9;;;;;;3.9;;;;;;;0.3;;;;;;;;;;;0;;15.6;7.6
BLA;02.05.2004 00:00;4.7;9.6;1;;;;80;7.2;;;;;;2.7;;;;;;;0.6;;;;;;;;;;;0;;15.3;7.3
BLA;03.05.2004 00:00;5.1;13;-1.5;;;;69.6;6.1;;;;;;3.9;;;;;;;0;;;;;;;;;;;0;;14.9;6.9
BLA;04.05.2004 00:00;7;12.5;2;;;;83.4;8.1;;;;;;2.6;;;;;;;6.2;;;;;;;;;;;0;;13;5
BLA;05.05.2004 00:00;1.3;4.3;-1;;;;98.8;6.8;;;;;;2.4;;;;;;;20.9;;;;;;;;;;;0;;18.7;10.7
BLA;06.05.2004 00:00;-0.3;2;-2.5;;;;90.4;5.6;;;;;;2.4;;;;;;;2.6;;;;;;;;;;;0;;20.3;12.3
BLA;07.05.2004 00:00;-0.5;5;-5.5;;;;73.4;4.3;;;;;;5.3;;;;;;;0;;;;;;;;;;;0;;20.5;12.5
BLA;08.05.2004 00:00;0.1;4.5;-3;;;;75.1;4.6;;;;;;3.9;;;;;;;10.1;;;;;;;;;;;0;;19.9;11.9
BLA;09.05.2004 00:00;0.7;2.5;-1.5;;;;94.3;6;;;;;;1.5;;;;;;;1.8;;;;;;;;;;;0;;19.3;11.3
BLA;10.05.2004 00:00;3.2;10;-4.5;;;;63.4;4.4;;;;;;;;;;;;;0;;;;;;;;;;;0;;16.8;8.8
BLA;11.05.2004 00:00;5.9;13;-0.5;;;;64;5.4;;;;;;3.3;;;;;;;0;;;;;;;;;;;0;;14.1;6.1
BLA;12.05.2004 00:00;6.2;14.5;-2;;;;67.9;5.8;;;;;;3.8;;;;;;;0.1;;;;;;;;;;;0;;13.8;5.8
BLA;13.05.2004 00:00;6.9;12;1;;;;66;6.4;;;;;;3.9;;;;;;;0;;;;;;;;;;;0;;13.1;5.1
BLA;14.05.2004 00:00;7.3;14;0;;;;70.9;8.5;;;;;;2.7;;;;;;;0;;;;;;;;;;;0;;12.7;4.7
BLA;15.05.2004 00:00;7.9;16.5;-1.5;;;;62;6;;;;;;3.9;;;;;;;0;;;;;;;;;;;0;;12.1;4.1
BLA;16.05.2004 00:00;8.8;16;0;;;;60.1;6.5;;;;;;6.9;;;;;;;0;;;;;;;;;;;0;;11.2;3.2
BLA;17.05.2004 00:00;10.2;19;0;;;;59.3;6.7;;;;;;3.8;;;;;;;0;;;;;;;;;;;0;;9.8;1.8
BLA;18.05.2004 00:00;11.1;19.3;1;;;;62.2;7.6;;;;;;4.6;;;;;;;0;;;;;;;;;;;0;;8.9;0.9
BLA;19.05.2004 00:00;12;19.5;2;;;;61.4;7.7;;;;;;4.6;;;;;;;0;;;;;;;;;;;0;;8;0
BLA;20.05.2004 00:00;12.9;20;2;;;;55.1;7.6;;;;;;1.7;;;;;;;0;;;;;;;;;;;0;;0;0
BLA;21.05.2004 00:00;9.2;12.5;7.5;;;;91.1;10.5;;;;;;3.9;;;;;;;5.9;;;;;;;;;;;0;;10.8;2.8
BLA;22.05.2004 00:00;8;12;5;;;;66.5;6.5;;;;;;;;;;;;;0;;;;;;;;;;;0;;12;4
BLA;23.05.2004 00:00;4.5;13;-3.5;;;;66.6;5.5;;;;;;6;;;;;;;0;;;;;;;;;;;0;;15.5;7.5
BLA;24.05.2004 00:00;6.4;15;-4;;;;60.9;5.1;;;;;;4.6;;;;;;;0;;;;;;;;;;;0;;13.6;5.6
BLA;25.05.2004 00:00;8.3;17;-2.5;;;;57;5.8;;;;;;3.3;;;;;;;0;;;;;;;;;;;0;;11.7;3.7
BLA;26.05.2004 00:00;10;15.5;2;;;;60.5;7.3;;;;;;3.9;;;;;;;0.1;;;;;;;;;;;0;;10;2
BLA;27.05.2004 00:00;6.5;13.5;1;;;;88.9;8.6;;;;;;4.6;;;;;;;4.1;;;;;;;;;;;0;;13.5;5.5
BLA;28.05.2004 00:00;8;13;3;;;;62.7;5.8;;;;;;6;;;;;;;0;;;;;;;;;;;0;;12;4
BLA;29.05.2004 00:00;7.1;16.5;-3;;;;59.2;5;;;;;;4.6;;;;;;;0;;;;;;;;;;;0;;12.9;4.9
BLA;30.05.2004 00:00;10.2;18;-0.2;;;;59.4;6.8;;;;;;1.7;;;;;;;2;;;;;;;;;;;0;;9.8;1.8
BLA;31.05.2004 00:00;8.6;12;6;;;;86.8;9.4;;;;;;1.5;;;;;;;3.2;;;;;;;;;;;0;;11.4;3.4
BLA;01.06.2004 00:00;8.9;17.6;4.6;;;;93.7;11.6;;;;;;1.7;;;;;;;38.4;;;;;;;;;;;0;;11.1;3.1
BLA;02.06.2004 00:00;7.6;12.5;3.9;;;;94.8;10.2;;;;;;2.4;;;;;;;16.3;;;;;;;;;;;0;;12.4;4.4
BLA;03.06.2004 00:00;5.5;10;3.5;;;;93.8;8.3;;;;;;3.1;;;;;;;2.4;;;;;;;;;;;0;;14.5;6.5
BLA;04.06.2004 00:00;9.6;14;4.2;;;;65.6;7.6;;;;;;3.9;;;;;;;0.2;;;;;;;;;;;0;;10.4;2.4
BLA;05.06.2004 00:00;9.2;14;4.7;;;;79.7;8.5;;;;;;3.9;;;;;;;2.2;;;;;;;;;;;0;;10.8;2.8
BLA;06.06.2004 00:00;9.3;18;-0.8;;;;65;7;;;;;;3.1;;;;;;;0;;;;;;;;;;;0;;10.7;2.7
BLA;07.06.2004 00:00;11.9;20.5;1;;;;60.9;7.8;;;;;;3.3;;;;;;;0;;;;;;;;;;;0;;8.1;0.1
BLA;08.06.2004 00:00;14;23;3;;;;62.9;9.2;;;;;;3.3;;;;;;;0;;;;;;;;;;;0;;0;0
BLA;09.06.2004 00:00;15.2;24;4;;;;58.6;9.4;;;;;;3.1;;;;;;;0;;;;;;;;;;;0;;0;0
BLA;10.06.2004 00:00;16.1;25;5.6;;;;61.9;10.5;;;;;;2.4;;;;;;;0;;;;;;;;;;;0;;0;0
BLA;11.06.2004 00:00;13.5;20.5;6.6;;;;78.7;11.5;;;;;;3.9;;;;;;;0.7;;;;;;;;;;;0;;0;0
BLA;12.06.2004 00:00;11.5;14.5;6.8;;;;73.4;10;;;;;;4.6;;;;;;;2;;;;;;;;;;;0;;8.5;0.5
BLA;13.06.2004 00:00;7.6;13.5;3.5;;;;69.3;6.6;;;;;;;;;;;;;0.1;;;;;;;;;;;0;;12.4;4.4
BLA;14.06.2004 00:00;8.7;18;-1;;;;63.4;6.3;;;;;;3.9;;;;;;;0;;;;;;;;;;;0;;11.3;3.3
BLA;15.06.2004 00:00;11.7;19.2;1;;;;60.5;8.1;;;;;;3.8;;;;;;;0;;;;;;;;;;;0;;8.3;0.3
BLA;16.06.2004 00:00;11.1;17.5;2.5;;;;72.2;9.6;;;;;;2.4;;;;;;;0;;;;;;;;;;;0;;8.9;0.9
BLA;17.06.2004 00:00;11;20;2;;;;66.9;7.8;;;;;;3.1;;;;;;;0;;;;;;;;;;;0;;9;1
BLA;18.06.2004 00:00;11.3;18.7;3;;;;61.7;7.8;;;;;;3.1;;;;;;;0;;;;;;;;;;;0;;8.7;0.7
BLA;19.06.2004 00:00;10.8;17.5;3.2;;;;72.1;8.9;;;;;;3.1;;;;;;;0.8;;;;;;;;;;;0;;9.2;1.2
BLA;20.06.2004 00:00;7.3;11.3;5;;;;78.1;8.3;;;;;;1.7;;;;;;;0.5;;;;;;;;;;;0;;12.7;4.7
BLA;21.06.2004 00:00;9.8;16;3;;;;61.6;6.7;;;;;;4;;;;;;;0.3;;;;;;;;;;;0;;10.2;2.2
BLA;22.06.2004 00:00;10;13.5;7;;;;78.3;9.9;;;;;;4.6;;;;;;;5.9;;;;;;;;;;;0;;10;2
BLA;23.06.2004 00:00;9.4;14.5;4;;;;92.8;11.6;;;;;;3.9;;;;;;;6.6;;;;;;;;;;;0;;10.6;2.6
BLA;24.06.2004 00:00;12.3;19;4;;;;66;8.7;;;;;;4.6;;;;;;;0;;;;;;;;;;;0;;0;0
BLA;25.06.2004 00:00;11.1;17;3.5;;;;64.3;7.9;;;;;;2.4;;;;;;;0;;;;;;;;;;;0;;8.9;0.9
BLA;26.06.2004 00:00;12;21.5;0.5;;;;54.9;6.9;;;;;;2.6;;;;;;;0;;;;;;;;;;;0;;8;0
BLA;27.06.2004 00:00;13;22.2;5.8;;;;81.5;11.9;;;;;;0.9;;;;;;;1.4;;;;;;;;;;;0;;0;0
BLA;28.06.2004 00:00;16.9;23.5;11;;;;67.1;11.7;;;;;;1.5;;;;;;;0;;;;;;;;;;;0;;0;0
BLA;29.06.2004 00:00;14.1;20;6;;;;64.5;9.2;;;;;;3.9;;;;;;;0;;;;;;;;;;;0;;0;0
BLA;30.06.2004 00:00;15;24;2.5;;;;57;9;;;;;;3.3;;;;;;;0;;;;;;;;;;;0;;0;0
BLA;01.07.2004 00:00;13.4;19;7;;;;64.3;11.3;;;;;;3.3;;;;;;;0.6;;;;;;;;;;;0;;0;0
BLA;02.07.2004 00:00;10;15.5;5;;;;69.2;8.3;;;;;;3.1;;;;;;;0;;;;;;;;;;;0;;10;2
BLA;03.07.2004 00:00;10.2;19.5;0;;;;59.4;6.7;;;;;;4.6;;;;;;;0;;;;;;;;;;;0;;9.8;1.8
BLA;04.07.2004 00:00;11.5;22.5;0;;;;63.5;7.8;;;;;;3.3;;;;;;;0;;;;;;;;;;;0;;8.5;0.5
BLA;05.07.2004 00:00;12.3;18.5;7.5;;;;82;13;;;;;;2.4;;;;;;;7.2;;;;;;;;;;;0;;0;0
BLA;06.07.2004 00:00;12.6;15.5;8.5;;;;91.7;13.6;;;;;;1.5;;;;;;;0.1;;;;;;;;;;;0;;0;0
BLA;07.07.2004 00:00;14.5;22;6;;;;66;11.1;;;;;;4.6;;;;;;;0;;;;;;;;;;;0;;0;0
BLA;08.07.2004 00:00;15.3;20;8.5;;;;58.9;10.8;;;;;;4.6;;;;;;;2.7;;;;;;;;;;;0;;0;0
BLA;09.07.2004 00:00;10.3;15.8;5;;;;63.7;7.4;;;;;;4.6;;;;;;;1.5;;;;;;;;;;;0;;9.7;1.7
BLA;10.07.2004 00:00;8.3;15;1;;;;66.2;7.1;;;;;;6;;;;;;;0;;;;;;;;;;;0;;11.7;3.7
BLA;11.07.2004 00:00;7;11.5;3.5;;;;81.2;7.8;;;;;;3.9;;;;;;;1.1;;;;;;;;;;;0;;13;5
BLA;12.07.2004 00:00;7.4;12.3;3.5;;;;72.2;7.1;;;;;;2.4;;;;;;;0.3;;;;;;;;;;;0;;12.6;4.6
BLA;13.07.2004 00:00;8.3;13;3.7;;;;72.7;8;;;;;;2.7;;;;;;;0.6;;;;;;;;;;;0;;11.7;3.7
BLA;14.07.2004 00:00;9;18;-1;;;;65.4;7.1;;;;;;2.7;;;;;;;0;;;;;;;;;;;0;;11;3
BLA;15.07.2004 00:00;14;22;5;;;;58;9.2;;;;;;3.9;;;;;;;0;;;;;;;;;;;0;;0;0
BLA;16.07.2004 00:00;13.8;24;5;;;;69.2;10.2;;;;;;3.9;;;;;;;0;;;;;;;;;;;0;;0;0
BLA;17.07.2004 00:00;12.8;23.5;6;;;;87.6;11.4;;;;;;2.6;;;;;;;15.5;;;;;;;;;;;0;;0;0
BLA;18.07.2004 00:00;14;22.3;7.2;;;;83.2;12.5;;;;;;1.9;;;;;;;4.6;;;;;;;;;;;0;;0;0
BLA;19.07.2004 00:00;12.2;20.2;9;;;;77.8;11;;;;;;1.9;;;;;;;0.7;;;;;;;;;;;0;;0;0
BLA;20.07.2004 00:00;13.4;20.8;8;;;;81.8;12.1;;;;;;2.4;;;;;;;6.7;;;;;;;;;;;0;;0;0
BLA;21.07.2004 00:00;16.5;24.2;9.5;;;;68.4;12;;;;;;3.9;;;;;;;2.1;;;;;;;;;;;0;;0;0
BLA;22.07.2004 00:00;17.6;26.5;9;;;;67.2;12.1;;;;;;3.9;;;;;;;0;;;;;;;;;;;0;;0;0
BLA;23.07.2004 00:00;17.4;24;10;;;;70;12.8;;;;;;3.3;;;;;;;3.5;;;;;;;;;;;0;;0;0
BLA;24.07.2004 00:00;13.1;15.6;11;;;;86;12.2;;;;;;4.6;;;;;;;2.8;;;;;;;;;;;0;;0;0
BLA;25.07.2004 00:00;12.8;21.5;4.5;;;;68.5;9.9;;;;;;3.3;;;;;;;0;;;;;;;;;;;0;;0;0
BLA;26.07.2004 00:00;10.7;18;4;;;;79.2;9.6;;;;;;5.3;;;;;;;0.1;;;;;;;;;;;0;;9.3;1.3
BLA;27.07.2004 00:00;11.2;19;3.5;;;;66.7;8.1;;;;;;4.6;;;;;;;0;;;;;;;;;;;0;;8.8;0.8
BLA;28.07.2004 00:00;12.6;23.2;3;;;;66.2;9.1;;;;;;3.3;;;;;;;0;;;;;;;;;;;0;;0;0
BLA;29.07.2004 00:00;14;24;4.5;;;;66.2;10.1;;;;;;4.6;;;;;;;0;;;;;;;;;;;0;;0;0
BLA;30.07.2004 00:00;15.5;23.5;6.5;;;;62.8;10.2;;;;;;4.6;;;;;;;0;;;;;;;;;;;0;;0;0
BLA;31.07.2004 00:00;15.6;25;5.5;;;;64;10;;;;;;3.3;;;;;;;0;;;;;;;;;;;0;;0;0
BLA;01.08.2004 00:00;16.8;26;7;;;;58;9.9;;;;;;2.4;;;;;;;0;;;;;;;;;;;0;;0;0
BLA;02.08.2004 00:00;17.1;26.2;8;;;;58.8;10.4;;;;;;3.1;;;;;;;0;;;;;;;;;;;0;;0;0
BLA;03.08.2004 00:00;16.2;24;8;;;;60.8;10.8;;;;;;3.3;;;;;;;0;;;;;;;;;;;0;;0;0
BLA;04.08.2004 00:00;15.8;24;10.8;;;;77.8;12;;;;;;3.8;;;;;;;19.2;;;;;;;;;;;0;;0;0
BLA;05.08.2004 00:00;13.8;20;7.8;;;;78.8;11.9;;;;;;1.5;;;;;;;0;;;;;;;;;;;0;;0;0
BLA;06.08.2004 00:00;15.3;22;9.5;;;;71.2;12.3;;;;;;1.5;;;;;;;15.2;;;;;;;;;;;0;;0;0
BLA;07.08.2004 00:00;16.2;23;7.8;;;;71.4;12.6;;;;;;2.4;;;;;;;0.8;;;;;;;;;;;0;;0;0
BLA;08.08.2004 00:00;15.9;22;7;;;;61.6;11;;;;;;4.6;;;;;;;0.4;;;;;;;;;;;0;;0;0
BLA;09.08.2004 00:00;13.5;18;7.6;;;;87;14.1;;;;;;2.4;;;;;;;0.2;;;;;;;;;;;0;;0;0
BLA;10.08.2004 00:00;16.1;24;7.4;;;;74;12.8;;;;;;3.3;;;;;;;15.4;;;;;;;;;;;0;;0;0
BLA;11.08.2004 00:00;16.8;26;11.3;;;;86;17;;;;;;2.4;;;;;;;0.1;;;;;;;;;;;0;;0;0
BLA;12.08.2004 00:00;14.7;23.5;8.3;;;;83.6;12.5;;;;;;4.5;;;;;;;6.6;;;;;;;;;;;0;;0;0
BLA;13.08.2004 00:00;10.7;16;5;;;;70.6;8.6;;;;;;3.8;;;;;;;2.5;;;;;;;;;;;0;;9.3;1.3
BLA;14.08.2004 00:00;11.2;15.4;6;;;;67.8;8.4;;;;;;3.9;;;;;;;0.1;;;;;;;;;;;0;;8.8;0.8
BLA;15.08.2004 00:00;11;20;2;;;;78.6;10.1;;;;;;2.1;;;;;;;0;;;;;;;;;;;0;;9;1
BLA;16.08.2004 00:00;12.4;22.5;4;;;;80.2;10.9;;;;;;2.6;;;;;;;1.8;;;;;;;;;;;0;;0;0
BLA;17.08.2004 00:00;11.8;19;6.5;;;;89.2;13;;;;;;3.3;;;;;;;12.9;;;;;;;;;;;0;;8.2;0.2
BLA;18.08.2004 00:00;14.7;21.3;7;;;;66.4;10.5;;;;;;4.8;;;;;;;0;;;;;;;;;;;0;;0;0
BLA;19.08.2004 00:00;14.7;21;5;;;;80;13.8;;;;;;3.3;;;;;;;9.1;;;;;;;;;;;0;;0;0
BLA;20.08.2004 00:00;11.9;16;9;;;;85;11.9;;;;;;2.4;;;;;;;1.4;;;;;;;;;;;0;;8.1;0.1
BLA;21.08.2004 00:00;8.8;13.7;5;;;;66.2;7.6;;;;;;2.4;;;;;;;0.1;;;;;;;;;;;0;;11.2;3.2
BLA;22.08.2004 00:00;8.4;18;-1;;;;74.2;8.2;;;;;;2.6;;;;;;;0;;;;;;;;;;;0;;11.6;3.6
BLA;23.08.2004 00:00;12.1;23.8;3.5;;;;71.2;10.3;;;;;;1.7;;;;;;;5.5;;;;;;;;;;;0;;0;0
BLA;24.08.2004 00:00;10.1;12;8;;;;97.2;12.2;;;;;;2.4;;;;;;;25.7;;;;;;;;;;;0;;9.9;1.9
BLA;25.08.2004 00:00;9.2;19;2.2;;;;65.6;7.2;;;;;;3.8;;;;;;;9;;;;;;;;;;;0;;10.8;2.8
BLA;26.08.2004 00:00;7.1;10;5;;;;90;9.1;;;;;;3.1;;;;;;;4.9;;;;;;;;;;;0;;12.9;4.9
BLA;27.08.2004 00:00;9;17;0.5;;;;79.6;9.2;;;;;;;;;;;;;0;;;;;;;;;;;0;;11;3
BLA;28.08.2004 00:00;10.9;21;2.5;;;;78;9.6;;;;;;;;;;;;;0;;;;;;;;;;;0;;9.1;1.1
BLA;29.08.2004 00:00;12.3;20;8;;;;81.2;10.9;;;;;;2.7;;;;;;;0.2;;;;;;;;;;;0;;0;0
BLA;30.08.2004 00:00;10.8;18.2;4.2;;;;81.2;10.2;;;;;;3.9;;;;;;;0;;;;;;;;;;;0;;9.2;1.2
BLA;31.08.2004 00:00;8.8;16;3;;;;80;9;;;;;;5.3;;;;;;;0;;;;;;;;;;;0;;11.2;3.2
BLA;01.09.2004 00:00;10.3;20;1;;;;77.9;9.2;;;;;;2.6;;;;;;;0;;;;;;;;;;;0;;9.7;1.7
BLA;02.09.2004 00:00;12.2;22;4;;;;77.1;10.5;;;;;;3.3;;;;;;;0;;;;;;;;;;;0;;0;0
BLA;03.09.2004 00:00;13.7;22.5;5.5;;;;69.2;10.5;;;;;;4.6;;;;;;;0.2;;;;;;;;;;;0;;0;0
BLA;04.09.2004 00:00;13.4;23.5;5;;;;72.6;10.3;;;;;;2.6;;;;;;;0;;;;;;;;;;;0;;0;0
BLA;05.09.2004 00:00;14.4;24;5.5;;;;70.3;11.2;;;;;;3.3;;;;;;;0;;;;;;;;;;;0;;0;0
BLA;06.09.2004 00:00;14;23;5;;;;71.9;11;;;;;;1.7;;;;;;;0;;;;;;;;;;;0;;0;0
BLA;07.09.2004 00:00;13.2;22;5;;;;68.7;9.7;;;;;;;;;;;;;0;;;;;;;;;;;0;;0;0
BLA;08.09.2004 00:00;13.4;22;5;;;;73.7;10.7;;;;;;3.9;;;;;;;0;;;;;;;;;;;0;;0;0
BLA;09.09.2004 00:00;13.1;23;5;;;;74.2;10.3;;;;;;3.1;;;;;;;0;;;;;;;;;;;0;;0;0
BLA;10.09.2004 00:00;10.6;23.5;5.2;;;;77.2;9;;;;;;0.9;;;;;;;1.8;;;;;;;;;;;0;;9.4;1.4
BLA;11.09.2004 00:00;13.6;22;5.8;;;;78.3;12;;;;;;3.4;;;;;;;2.7;;;;;;;;;;;0;;0;0
BLA;12.09.2004 00:00;10.6;15;8;;;;87;10.8;;;;;;2.4;;;;;;;2.2;;;;;;;;;;;0;;9.4;1.4
BLA;13.09.2004 00:00;9.7;19;1.6;;;;71.4;8.2;;;;;;3.1;;;;;;;0;;;;;;;;;;;0;;10.3;2.3
BLA;14.09.2004 00:00;10.2;15;4.9;;;;85.2;10.5;;;;;;3.3;;;;;;;7.2;;;;;;;;;;;0;;9.8;1.8
BLA;15.09.2004 00:00;8.4;12;7;;;;93.7;10.5;;;;;;2.4;;;;;;;3.5;;;;;;;;;;;0;;11.6;3.6
BLA;16.09.2004 00:00;6.2;15;-3;;;;80.6;7.5;;;;;;2.4;;;;;;;0;;;;;;;;;;;0;;13.8;5.8
BLA;17.09.2004 00:00;7.7;17;0;;;;80.8;8.1;;;;;;2.6;;;;;;;0;;;;;;;;;;;0;;12.3;4.3
BLA;18.09.2004 00:00;9;19.7;0.8;;;;74.5;7.9;;;;;;2.6;;;;;;;0;;;;;;;;;;;0;;11;3
BLA;19.09.2004 00:00;9.3;17.7;1.4;;;;76.9;8.9;;;;;;3.9;;;;;;;0;;;;;;;;;;;0;;10.7;2.7
BLA;20.09.2004 00:00;11.1;18.2;6;;;;83;10.6;;;;;;3.3;;;;;;;0;;;;;;;;;;;0;;8.9;0.9
BLA;21.09.2004 00:00;7.9;18.2;0.8;;;;71.6;7.9;;;;;;3.3;;;;;;;0;;;;;;;;;;;0;;12.1;4.1
BLA;22.09.2004 00:00;7.8;16.6;-2;;;;56.5;6;;;;;;3.3;;;;;;;1.5;;;;;;;;;;;0;;12.2;4.2
BLA;23.09.2004 00:00;10.3;12.5;7.2;;;;90.2;11.4;;;;;;3.3;;;;;;;30.4;;;;;;;;;;;0;;9.7;1.7
BLA;24.09.2004 00:00;5.4;10;1.5;;;;76.3;6.4;;;;;;4.6;;;;;;;4.2;;;;;;;;;;;0;;14.6;6.6
BLA;25.09.2004 00:00;2.7;6;-0.5;;;;86.6;6.6;;;;;;3.9;;;;;;;1.1;;;;;;;;;;;0;;17.3;9.3
BLA;26.09.2004 00:00;4.1;7.3;0;;;;80.9;6.6;;;;;;3.3;;;;;;;0.1;;;;;;;;;;;0;;15.9;7.9
BLA;27.09.2004 00:00;5.8;12.7;-2.5;;;;75.9;7.4;;;;;;3.9;;;;;;;0;;;;;;;;;;;0;;14.2;6.2
BLA;28.09.2004 00:00;7.3;14.6;1;;;;83.5;8.3;;;;;;;;;;;;;0;;;;;;;;;;;0;;12.7;4.7
BLA;29.09.2004 00:00;7.5;16.5;-0.5;;;;78.8;8.1;;;;;;3.9;;;;;;;0;;;;;;;;;;;0;;12.5;4.5
BLA;30.09.2004 00:00;9.8;19;4;;;;76.6;9.2;;;;;;3.3;;;;;;;0;;;;;;;;;;;0;;10.2;2.2
BLA;01.10.2004 00:00;8.4;17.5;2.5;;;;79.2;8.7;;;;;;3.3;;;;;;;0;;;;;;;;;;;0;;11.6;3.6
BLA;02.10.2004 00:00;6.9;17.5;-1;;;;76.7;7.6;;;;;;3.3;;;;;;;0;;;;;;;;;;;0;;13.1;5.1
BLA;03.10.2004 00:00;7.4;16.2;2;;;;80.8;8.1;;;;;;2.4;;;;;;;0;;;;;;;;;;;0;;12.6;4.6
BLA;04.10.2004 00:00;8;20.2;1.2;;;;74.3;8.3;;;;;;3.3;;;;;;;0;;;;;;;;;;;0;;12;4
BLA;05.10.2004 00:00;9.3;20;2.5;;;;76.8;9;;;;;;1;;;;;;;0.1;;;;;;;;;;;0;;10.7;2.7
BLA;06.10.2004 00:00;10.4;14.5;6;;;;90.6;11.5;;;;;;3.3;;;;;;;6.5;;;;;;;;;;;0;;9.6;1.6
BLA;07.10.2004 00:00;9.6;17;6.5;;;;86.5;10.2;;;;;;2.6;;;;;;;0.1;;;;;;;;;;;0;;10.4;2.4
BLA;08.10.2004 00:00;10.2;17;5;;;;80.6;10;;;;;;1.7;;;;;;;0;;;;;;;;;;;0;;9.8;1.8
BLA;09.10.2004 00:00;10.2;17.5;4.5;;;;78.8;9.8;;;;;;2.4;;;;;;;0.1;;;;;;;;;;;0;;9.8;1.8
BLA;10.10.2004 00:00;6.8;13.5;3.5;;;;88.7;8.7;;;;;;3.9;;;;;;;6.4;;;;;;;;;;;0;;13.2;5.2
BLA;11.10.2004 00:00;4.7;12;-2;;;;81.8;6.8;;;;;;3.3;;;;;;;1;;;;;;;;;;;0;;15.3;7.3
BLA;12.10.2004 00:00;6;12;1.5;;;;84.7;7.7;;;;;;3.3;;;;;;;2.5;;;;;;;;;;;0;;14;6
BLA;13.10.2004 00:00;4.3;10;-0.3;;;;81.8;6.8;;;;;;0.9;;;;;;;0;;;;;;;;;;;0;;15.7;7.7
BLA;14.10.2004 00:00;4.3;8.5;0;;;;80.9;6.6;;;;;;2.6;;;;;;;3.7;;;;;;;;;;;0;;15.7;7.7
BLA;15.10.2004 00:00;1.2;6;-2;;;;94.1;6.4;;;;;;4.6;;;;;;;8.2;;;;;;;;;;;0;;18.8;10.8
BLA;16.10.2004 00:00;0.3;3;-2;;;;83.1;5.2;;;;;;3.1;;;;;;;1.9;;;;;;;;;;;0;;19.7;11.7
BLA;17.10.2004 00:00;-0.5;3;-3;;;;93.3;5.6;;;;;;3.3;;;;;;;2.2;;;;;;;;;;;0;;20.5;12.5
BLA;18.10.2004 00:00;1.7;6.5;-2;;;;83.6;5.9;;;;;;3.9;;;;;;;1.5;;;;;;;;;;;0;;18.3;10.3
BLA;19.10.2004 00:00;3.6;7;0;;;;96;7.8;;;;;;0.9;;;;;;;6.9;;;;;;;;;;;0;;16.4;8.4
BLA;20.10.2004 00:00;7.2;12;1.5;;;;89.8;9.4;;;;;;0.9;;;;;;;3.1;;;;;;;;;;;0;;12.8;4.8
BLA;21.10.2004 00:00;8.9;13.5;4;;;;93.2;11.1;;;;;;1.9;;;;;;;3.7;;;;;;;;;;;0;;11.1;3.1
BLA;22.10.2004 00:00;6.9;15.8;3.6;;;;91;9.3;;;;;;1.5;;;;;;;0;;;;;;;;;;;0;;13.1;5.1
BLA;23.10.2004 00:00;6.2;16;1;;;;82.8;7.8;;;;;;2.6;;;;;;;0;;;;;;;;;;;0;;13.8;5.8
BLA;24.10.2004 00:00;5.6;13;0;;;;67;6.1;;;;;;3.3;;;;;;;0;;;;;;;;;;;0;;14.4;6.4
BLA;25.10.2004 00:00;6.5;15;1.5;;;;77.5;7.6;;;;;;2.6;;;;;;;2.2;;;;;;;;;;;0;;13.5;5.5
BLA;26.10.2004 00:00;6.2;8.2;3.4;;;;99.1;9.6;;;;;;2.6;;;;;;;38;;;;;;;;;;;0;;13.8;5.8
BLA;27.10.2004 00:00;6;12;1;;;;73.1;7;;;;;;5.3;;;;;;;0.9;;;;;;;;;;;0;;14;6
BLA;28.10.2004 00:00;7.3;11;4.5;;;;71;7.3;;;;;;3.3;;;;;;;1.5;;;;;;;;;;;0;;12.7;4.7
BLA;29.10.2004 00:00;6.5;10;3.3;;;;79.2;7.8;;;;;;3.3;;;;;;;2.4;;;;;;;;;;;0;;13.5;5.5
BLA;30.10.2004 00:00;1.7;10.4;-1;;;;85.8;6;;;;;;1.7;;;;;;;0;;;;;;;;;;;0;;18.3;10.3
BLA;31.10.2004 00:00;5.2;10.5;-0.5;;;;81.6;7.4;;;;;;1.7;;;;;;;10.9;;;;;;;;;;;0;;14.8;6.8
BLA;01.11.2004 00:00;6.8;9;3;;;;95.6;9.9;;;;;;1.7;;;;;;;29.4;;;;;;;;;;;0;;13.2;5.2
BLA;02.11.2004 00:00;6.3;9;4;;;;97.2;9.5;;;;;;1.5;;;;;;;49.2;;;;;;;;;;;0;;13.7;5.7
BLA;03.11.2004 00:00;7.6;15;4.5;;;;84.6;8.8;;;;;;3.8;;;;;;;0;;;;;;;;;;;0;;12.4;4.4
BLA;04.11.2004 00:00;7;15;3.5;;;;77.4;7.2;;;;;;3.9;;;;;;;0;;;;;;;;;;;0;;13;5
BLA;05.11.2004 00:00;6.2;10.2;2.5;;;;91.2;8.7;;;;;;2.7;;;;;;;0;;;;;;;;;;;0;;13.8;5.8
BLA;06.11.2004 00:00;3.5;6;1.5;;;;91.7;7.3;;;;;;3.3;;;;;;;0;;;;;;;;;;;0;;16.5;8.5
BLA;07.11.2004 00:00;1.7;4;-2.5;;;;68.1;4.6;;;;;;6.7;;;;;;;0.2;;;;;;;;;;;0;;18.3;10.3
BLA;08.11.2004 00:00;-3.4;2;-7.5;;;;81.9;4;;;;;;2.6;;;;;;;0;;;;;;;;;;;0;;23.4;15.4
BLA;09.11.2004 00:00;-5.4;-1;-9;;;;82.7;3.5;;;;;;4.6;;;;;;;0;;;;;;;;;;;0;;25.4;17.4
BLA;10.11.2004 00:00;-6.6;0;-10;;;;80.7;3.1;;;;;;3.9;;;;;;;0.3;;;;;;;;;;;0;;26.6;18.6
BLA;11.11.2004 00:00;-3.3;3;-5;;;;91.7;4.4;;;;;;2.9;;;;;;;0;;;;;;;;;;;0;;23.3;15.3
BLA;12.11.2004 00:00;1.3;7.5;-3.5;;;;86.7;6;;;;;;2.1;;;;;;;0;;;;;;;;;;;0;;18.7;10.7
BLA;13.11.2004 00:00;-0.2;3.6;-3;;;;59.5;3.4;;;;;;4.8;;;;;;;0;;;;;;;;;;;0;;20.2;12.2
BLA;14.11.2004 00:00;-4.8;0;-8;;;;46.2;1.9;;;;;;13.2;;;;;;;0;;;;;;;;;;;0;;24.8;16.8
BLA;15.11.2004 00:00;-6.8;0;-10;;;;75.2;2.8;;;;;;3.9;;;;;;;0;;;;;;;;;;;0;;26.8;18.8
BLA;16.11.2004 00:00;-5.8;3.4;-9.5;;;;79.1;3.2;;;;;;1.7;;;;;;;0;;;;;;;;;;;0;;25.8;17.8
BLA;17.11.2004 00:00;-2.5;6.5;-7;;;;82.2;4.3;;;;;;2.6;;;;;;;0;;;;;;;;;;;0;;22.5;14.5
BLA;18.11.2004 00:00;-3.3;5;-7;;;;69.2;3.5;;;;;;3.9;;;;;;;3.1;;;;;;;;;;;0;;23.3;15.3
BLA;19.11.2004 00:00;-2.8;1.5;-6;;;;74.5;4;;;;;;7.2;;;;;;;7.8;;;;;;;;;;;0;;22.8;14.8
BLA;20.11.2004 00:00;-6.6;-2.4;-12.5;;;;74.7;2.9;;;;;;4.6;;;;;;;1.6;;;;;;;;;;;0;;26.6;18.6
BLA;21.11.2004 00:00;-5.5;-2;-9;;;;77.1;3.3;;;;;;3.9;;;;;;;0;;;;;;;;;;;0;;25.5;17.5
BLA;22.11.2004 00:00;-4.7;2;-8;;;;89.9;4;;;;;;3.9;;;;;;;0;;;;;;;;;;;0;;24.7;16.7
BLA;23.11.2004 00:00;-5.6;2;-8;;;;87.4;3.6;;;;;;3.9;;;;;;;0;;;;;;;;;;;0;;25.6;17.6
BLA;24.11.2004 00:00;-5.4;3.5;-8;;;;82.7;3.4;;;;;;3.9;;;;;;;0;;;;;;;;;;;0;;25.4;17.4
BLA;25.11.2004 00:00;-3.6;4.5;-7;;;;80;3.9;;;;;;2.4;;;;;;;0;;;;;;;;;;;0;;23.6;15.6
BLA;26.11.2004 00:00;-5.4;2.5;-8;;;;79.8;3.3;;;;;;3.4;;;;;;;0;;;;;;;;;;;0;;25.4;17.4
BLA;27.11.2004 00:00;-5.2;2;-8;;;;79.1;3.4;;;;;;;;;;;;;0;;;;;;;;;;;0;;25.2;17.2
BLA;28.11.2004 00:00;-3;4;-8.5;;;;73.4;3.8;;;;;;2.1;;;;;;;0.2;;;;;;;;;;;0;;23;15
BLA;29.11.2004 00:00;-0.1;1.8;-3;;;;88.7;5.5;;;;;;3.3;;;;;;;0.6;;;;;;;;;;;0;;20.1;12.1
BLA;30.11.2004 00:00;-3.1;1;-8;;;;95;5;;;;;;3.3;;;;;;;11.6;;;;;;;;;;;0;;23.1;15.1
BLA;01.12.2004 00:00;-6.9;0;-12.5;;;;85.5;3.1;;;;;;3.3;;;;;;;0;;;;;;;;;;;0;;26.9;18.9
BLA;02.12.2004 00:00;-5;5;-12;;;;87.8;3.9;;;;;;2.6;;;;;;;0;;;;;;;;;;;0;;25;17
BLA;03.12.2004 00:00;-3.7;-1;-8;;;;84.3;4;;;;;;2.6;;;;;;;0;;;;;;;;;;;0;;23.7;15.7
BLA;04.12.2004 00:00;-7.4;1.5;-9;;;;93.5;3.3;;;;;;2.6;;;;;;;0;;;;;;;;;;;0;;27.4;19.4
BLA;05.12.2004 00:00;-5.9;2;-8.5;;;;87.5;3.5;;;;;;2.6;;;;;;;0;;;;;;;;;;;0;;25.9;17.9
BLA;06.12.2004 00:00;-3.7;5;-9;;;;81.9;3.9;;;;;;3.3;;;;;;;0;;;;;;;;;;;0;;23.7;15.7
BLA;07.12.2004 00:00;-3;4;-5;;;;88.7;4.4;;;;;;2.4;;;;;;;0;;;;;;;;;;;0;;23;15
BLA;08.12.2004 00:00;-2.8;4;-6;;;;86.3;4.4;;;;;;3.9;;;;;;;0;;;;;;;;;;;0;;22.8;14.8
BLA;09.12.2004 00:00;0.5;5;-3;;;;81.7;5.3;;;;;;2.6;;;;;;;0;;;;;;;;;;;0;;19.5;11.5
BLA;10.12.2004 00:00;-4.7;3;-7;;;;75.2;3.3;;;;;;3.9;;;;;;;0;;;;;;;;;;;0;;24.7;16.7
BLA;11.12.2004 00:00;-5;3;-8;;;;72.3;3.1;;;;;;2.4;;;;;;;0;;;;;;;;;;;0;;25;17
BLA;12.12.2004 00:00;-6;2.5;-8.5;;;;80.3;3.2;;;;;;0.9;;;;;;;0;;;;;;;;;;;0;;26;18
BLA;13.12.2004 00:00;-6.9;1.5;-9;;;;77.5;2.9;;;;;;3.3;;;;;;;0;;;;;;;;;;;0;;26.9;18.9
BLA;14.12.2004 00:00;-7.8;0.5;-10;;;;76.6;2.6;;;;;;2.6;;;;;;;0;;;;;;;;;;;0;;27.8;19.8
BLA;15.12.2004 00:00;-5.2;2.5;-10;;;;71.7;3.1;;;;;;1.5;;;;;;;0;;;;;;;;;;;0;;25.2;17.2
BLA;16.12.2004 00:00;-6;2;-10;;;;77.2;3.1;;;;;;3.3;;;;;;;0.4;;;;;;;;;;;0;;26;18
BLA;17.12.2004 00:00;-1.4;1;-5;;;;88.7;4.7;;;;;;4.6;;;;;;;7;;;;;;;;;;;0;;21.4;13.4
BLA;18.12.2004 00:00;-7.5;-4;-13;;;;61.8;2.3;;;;;;13.2;;;;;;;12.3;;;;;;;;;;;0;;27.5;19.5
BLA;19.12.2004 00:00;-2.8;5;-14.5;;;;100;5.7;;;;;;2.2;;;;;;;26.1;;;;;;;;;;;0;;22.8;14.8
BLA;20.12.2004 00:00;-11.8;-4.8;-14.1;;;;90.8;2.3;;;;;;2.4;;;;;;;0;;;;;;;;;;;0;;31.8;23.8
BLA;21.12.2004 00:00;-15.7;-8;-18.5;;;;89.8;1.7;;;;;;4.6;;;;;;;0;;;;;;;;;;;0;;35.7;27.7
BLA;22.12.2004 00:00;-16.2;-5;-20;;;;85.6;1.6;;;;;;4.6;;;;;;;0;;;;;;;;;;;0;;36.2;28.2
BLA;23.12.2004 00:00;-5.2;-1.5;-12.5;;;;90.7;4;;;;;;1.7;;;;;;;0;;;;;;;;;;;0;;25.2;17.2
BLA;24.12.2004 00:00;-5.8;-0.5;-11.5;;;;84.3;3.5;;;;;;3.8;;;;;;;0;;;;;;;;;;;0;;25.8;17.8
BLA;25.12.2004 00:00;-6.2;-2;-10;;;;86.5;3.5;;;;;;3.9;;;;;;;3.8;;;;;;;;;;;0;;26.2;18.2
BLA;26.12.2004 00:00;-3.8;-3;-5;;;;98.4;4.5;;;;;;1.7;;;;;;;0.1;;;;;;;;;;;0;;23.8;15.8
BLA;27.12.2004 00:00;-5.6;-2.8;-9.8;;;;95.6;3.9;;;;;;1.5;;;;;;;0;;;;;;;;;;;0;;25.6;17.6
BLA;28.12.2004 00:00;-5.1;-3;-7;;;;85.9;3.5;;;;;;3.3;;;;;;;0.6;;;;;;;;;;;0;;25.1;17.1
BLA;29.12.2004 00:00;-9.2;-5;-15;;;;69.6;2.2;;;;;;6.2;;;;;;;0;;;;;;;;;;;0;;29.2;21.2
BLA;30.12.2004 00:00;-11.9;-5;-18.5;;;;70;1.8;;;;;;3.9;;;;;;;0;;;;;;;;;;;0;;31.9;23.9
BLA;31.12.2004 00:00;-9.3;-1.2;-12.5;;;;73.7;2.3;;;;;;1.9;;;;;;;0;;;;;;;;;;;0;;29.3;21.3
BLA;01.01.2005 00:00;-10.9;-1;-13;;;;94.7;2.6;;;;;;3.4;;;;;;;0.5;;;;;;;;;;;0;;30.9;22.9
BLA;02.01.2005 00:00;-2.1;4;-11.5;;;;89.4;4.9;;;;;;2.7;;;;;;;1.1;;;;;;;;;;;0;;22.1;14.1
BLA;03.01.2005 00:00;-9.2;-3.5;-12;;;;80.5;2.5;;;;;;5.3;;;;;;;0;;;;;;;;;;;0;;29.2;21.2
BLA;04.01.2005 00:00;-9.3;2;-14;;;;79.6;2.5;;;;;;3.3;;;;;;;0;;;;;;;;;;;0;;29.3;21.3
BLA;05.01.2005 00:00;-5.5;1.5;-9;;;;74.8;3.1;;;;;;3.3;;;;;;;0.4;;;;;;;;;;;0;;25.5;17.5
BLA;06.01.2005 00:00;0;4.5;-7.5;;;;77.3;5;;;;;;3.3;;;;;;;0;;;;;;;;;;;0;;20;12
BLA;07.01.2005 00:00;-5.9;3;-10;;;;77.3;3.2;;;;;;;;;;;;;0;;;;;;;;;;;0;;25.9;17.9
BLA;08.01.2005 00:00;-2.7;6;-7.5;;;;61.4;3.1;;;;;;2.4;;;;;;;0;;;;;;;;;;;0;;22.7;14.7
BLA;09.01.2005 00:00;-2.3;5;-5.5;;;;78.6;4.2;;;;;;2.6;;;;;;;0;;;;;;;;;;;0;;22.3;14.3
BLA;10.01.2005 00:00;-4.5;4;-7;;;;72.1;3.2;;;;;;1.2;;;;;;;0;;;;;;;;;;;0;;24.5;16.5
BLA;11.01.2005 00:00;-8;1;-10;;;;76.1;2.6;;;;;;3.3;;;;;;;0;;;;;;;;;;;0;;28;20
BLA;12.01.2005 00:00;-7;0;-10.5;;;;72.7;2.7;;;;;;2.7;;;;;;;0;;;;;;;;;;;0;;27;19
BLA;13.01.2005 00:00;-6;0;-9;;;;84.4;3.4;;;;;;3.1;;;;;;;0;;;;;;;;;;;0;;26;18
BLA;14.01.2005 00:00;-10.9;0;-14;;;;75.4;2;;;;;;3.9;;;;;;;0;;;;;;;;;;;0;;30.9;22.9
BLA;15.01.2005 00:00;-9.9;0;-12.5;;;;76.7;2.3;;;;;;3.9;;;;;;;0;;;;;;;;;;;0;;29.9;21.9
BLA;16.01.2005 00:00;-8.5;1.5;-11;;;;77.2;2.5;;;;;;2.4;;;;;;;0;;;;;;;;;;;0;;28.5;20.5
BLA;17.01.2005 00:00;-8.2;1.5;-11;;;;74.4;2.5;;;;;;2.4;;;;;;;0;;;;;;;;;;;0;;28.2;20.2
BLA;18.01.2005 00:00;-3.2;0.7;-9;;;;92.4;4.7;;;;;;2.4;;;;;;;10.5;;;;;;;;;;;0;;23.2;15.2
BLA;19.01.2005 00:00;-6.1;0;-9;;;;81.6;3.2;;;;;;5.3;;;;;;;1.6;;;;;;;;;;;0;;26.1;18.1
BLA;20.01.2005 00:00;-3.2;2;-8;;;;96.9;4.9;;;;;;3.1;;;;;;;11.5;;;;;;;;;;;0;;23.2;15.2
BLA;21.01.2005 00:00;0.9;3;-1;;;;72;4.7;;;;;;6.2;;;;;;;13.6;;;;;;;;;;;0;;19.1;11.1
BLA;22.01.2005 00:00;-3.7;0.7;-7.3;;;;71.8;3.5;;;;;;6;;;;;;;2.6;;;;;;;;;;;0;;23.7;15.7
BLA;23.01.2005 00:00;-5.9;-3.8;-15;;;;91.3;3.9;;;;;;3.3;;;;;;;13.7;;;;;;;;;;;0;;25.9;17.9
BLA;24.01.2005 00:00;-10;-7.3;-15;;;;86.5;2.5;;;;;;2.4;;;;;;;5.1;;;;;;;;;;;0;;30;22
BLA;25.01.2005 00:00;-12.3;-9.4;-16;;;;63.2;1.5;;;;;;7.7;;;;;;;0.4;;;;;;;;;;;0;;32.3;24.3
BLA;26.01.2005 00:00;-19.3;-8.5;-22.5;;;;73.2;1;;;;;;6;;;;;;;0;;;;;;;;;;;0;;39.3;31.3
BLA;27.01.2005 00:00;-18.6;-12;-22.5;;;;83.9;1.2;;;;;;3.9;;;;;;;0;;;;;;;;;;;0;;38.6;30.6
BLA;28.01.2005 00:00;-15.9;-8;-22;;;;83.3;1.5;;;;;;2.4;;;;;;;0;;;;;;;;;;;0;;35.9;27.9
BLA;29.01.2005 00:00;-19.1;-12;-22.5;;;;82.3;1.2;;;;;;3.9;;;;;;;0;;;;;;;;;;;0;;39.1;31.1
BLA;30.01.2005 00:00;-16.1;-5;-22;;;;75.5;1.4;;;;;;3.1;;;;;;;0;;;;;;;;;;;0;;36.1;28.1
BLA;31.01.2005 00:00;-12.7;-3;-17;;;;74.6;1.8;;;;;;3.1;;;;;;;12.1;;;;;;;;;;;0;;32.7;24.7
BLA;01.02.2005 00:00;-5.5;-0.5;-14;;;;78.6;3.5;;;;;;7.7;;;;;;;6.4;;;;;;;;;;;0;;25.5;17.5
BLA;02.02.2005 00:00;-9.6;-4;-18;;;;90;2.9;;;;;;5.3;;;;;;;0.1;;;;;;;;;;;0;;29.6;21.6
BLA;03.02.2005 00:00;-10.2;-0.4;-14.5;;;;77.3;2.2;;;;;;4.6;;;;;;;0;;;;;;;;;;;0;;30.2;22.2
BLA;04.02.2005 00:00;-9.5;2;-14;;;;72.1;2.2;;;;;;3.9;;;;;;;0;;;;;;;;;;;0;;29.5;21.5
BLA;05.02.2005 00:00;-9.9;2;-14;;;;73.2;2.2;;;;;;2.4;;;;;;;0;;;;;;;;;;;0;;29.9;21.9
BLA;06.02.2005 00:00;-9.9;0.5;-15.5;;;;72.8;2.2;;;;;;2.6;;;;;;;0;;;;;;;;;;;0;;29.9;21.9
BLA;07.02.2005 00:00;-10.2;-5;-15;;;;69.3;2;;;;;;3.3;;;;;;;0;;;;;;;;;;;0;;30.2;22.2
BLA;08.02.2005 00:00;-10.1;1;-16;;;;71.4;2.1;;;;;;3.9;;;;;;;0;;;;;;;;;;;0;;30.1;22.1
BLA;09.02.2005 00:00;-9.3;2;-15;;;;73.1;2.3;;;;;;3.3;;;;;;;0;;;;;;;;;;;0;;29.3;21.3
BLA;10.02.2005 00:00;-6;3;-14;;;;67.8;2.8;;;;;;2.4;;;;;;;0.1;;;;;;;;;;;0;;26;18
BLA;11.02.2005 00:00;-0.2;2;-2.5;;;;98.3;6;;;;;;3.3;;;;;;;23.1;;;;;;;;;;;0;;20.2;12.2
BLA;12.02.2005 00:00;1;3.3;-0.6;;;;97.9;6.5;;;;;;0.3;;;;;;;22.4;;;;;;;;;;;0;;19;11
BLA;13.02.2005 00:00;-4.9;-3;-6;;;;89.7;3.8;;;;;;6;;;;;;;5.9;;;;;;;;;;;0;;24.9;16.9
BLA;14.02.2005 00:00;-7.4;-5;-10;;;;81;2.9;;;;;;3.9;;;;;;;8.4;;;;;;;;;;;0;;27.4;19.4
BLA;15.02.2005 00:00;-7.6;-5;-9;;;;76.6;2.7;;;;;;4.6;;;;;;;2.4;;;;;;;;;;;0;;27.6;19.6
BLA;16.02.2005 00:00;-12.7;-5;-20;;;;79.5;1.9;;;;;;4.6;;;;;;;0.1;;;;;;;;;;;0;;32.7;24.7
BLA;17.02.2005 00:00;-13.7;-3;-21;;;;78.7;1.7;;;;;;4.6;;;;;;;0;;;;;;;;;;;0;;33.7;25.7
BLA;18.02.2005 00:00;-13.6;-3;-21;;;;82.5;1.9;;;;;;3.9;;;;;;;0;;;;;;;;;;;0;;33.6;25.6
BLA;19.02.2005 00:00;-8.2;-4;-14;;;;82;2.7;;;;;;2.7;;;;;;;0.1;;;;;;;;;;;0;;28.2;20.2
BLA;20.02.2005 00:00;-8.5;-4;-12.5;;;;68.4;2.2;;;;;;4.6;;;;;;;0;;;;;;;;;;;0;;28.5;20.5
BLA;21.02.2005 00:00;-9.5;-4.5;-13.5;;;;71.4;2.1;;;;;;2.1;;;;;;;0;;;;;;;;;;;0;;29.5;21.5
BLA;22.02.2005 00:00;-11.3;-5.5;-17;;;;70.8;1.8;;;;;;4.6;;;;;;;0;;;;;;;;;;;0;;31.3;23.3
BLA;23.02.2005 00:00;-12.9;-4;-19;;;;70.1;1.6;;;;;;6;;;;;;;0;;;;;;;;;;;0;;32.9;24.9
BLA;24.02.2005 00:00;-8.7;-2;-21;;;;74.1;2.9;;;;;;5.3;;;;;;;0;;;;;;;;;;;0;;28.7;20.7
BLA;25.02.2005 00:00;-10.6;-2;-18;;;;68.4;1.9;;;;;;3.9;;;;;;;0;;;;;;;;;;;0;;30.6;22.6
BLA;26.02.2005 00:00;-12.2;-2;-20;;;;59.9;1.4;;;;;;3.9;;;;;;;0;;;;;;;;;;;0;;32.2;24.2
BLA;27.02.2005 00:00;-13.7;-5;-20.5;;;;72.9;1.7;;;;;;3.9;;;;;;;0;;;;;;;;;;;0;;33.7;25.7
BLA;28.02.2005 00:00;-14.4;-5;-21.5;;;;68.4;1.4;;;;;;5.3;;;;;;;0;;;;;;;;;;;0;;34.4;26.4
BLA;01.03.2005 00:00;-14.2;-2.5;-23;;;;65.2;1.3;;;;;;4.6;;;;;;;0;;;;;;;;;;;0;;34.2;26.2
BLA;02.03.2005 00:00;-12.1;0;-21;;;;60.6;1.5;;;;;;2.6;;;;;;;0;;;;;;;;;;;0;;32.1;24.1
BLA;03.03.2005 00:00;-8.9;0;-17.5;;;;63.6;2;;;;;;3.3;;;;;;;0;;;;;;;;;;;0;;28.9;20.9
BLA;04.03.2005 00:00;-6.9;0;-15;;;;65.6;2.4;;;;;;1.7;;;;;;;0;;;;;;;;;;;0;;26.9;18.9
BLA;05.03.2005 00:00;-8.4;-4.5;-14;;;;87.2;2.9;;;;;;1.7;;;;;;;0.4;;;;;;;;;;;0;;28.4;20.4
BLA;06.03.2005 00:00;-9.8;-4;-16.5;;;;70.6;2.1;;;;;;3.9;;;;;;;0;;;;;;;;;;;0;;29.8;21.8
BLA;07.03.2005 00:00;-12.8;-5.5;-21;;;;63.4;1.6;;;;;;5.3;;;;;;;0.1;;;;;;;;;;;0;;32.8;24.8
BLA;08.03.2005 00:00;-6;1;-11;;;;68.6;2.5;;;;;;4.6;;;;;;;0;;;;;;;;;;;0;;26;18
BLA;09.03.2005 00:00;-7.4;2;-15;;;;68.8;2.5;;;;;;5.3;;;;;;;0;;;;;;;;;;;0;;27.4;19.4
BLA;10.03.2005 00:00;-7.8;4;-17;;;;73.8;2.6;;;;;;4.6;;;;;;;0;;;;;;;;;;;0;;27.8;19.8
BLA;11.03.2005 00:00;-5.4;5.8;-15;;;;59.8;2.4;;;;;;3.3;;;;;;;0;;;;;;;;;;;0;;25.4;17.4
BLA;12.03.2005 00:00;-2.6;5.7;-11;;;;57.8;2.8;;;;;;6.2;;;;;;;0.4;;;;;;;;;;;0;;22.6;14.6
BLA;13.03.2005 00:00;-4.4;5;-12;;;;62.8;2.7;;;;;;2.6;;;;;;;0;;;;;;;;;;;0;;24.4;16.4
BLA;14.03.2005 00:00;-2.4;7;-12;;;;66.4;3.3;;;;;;2.4;;;;;;;0.7;;;;;;;;;;;0;;22.4;14.4
BLA;15.03.2005 00:00;2;9;-6;;;;70.4;4.7;;;;;;2.4;;;;;;;0;;;;;;;;;;;0;;18;10
BLA;16.03.2005 00:00;1.5;11.5;-7;;;;66.2;4.3;;;;;;0.9;;;;;;;0;;;;;;;;;;;0;;18.5;10.5
BLA;17.03.2005 00:00;1.9;12.7;-6.3;;;;67.4;4.5;;;;;;1.7;;;;;;;0;;;;;;;;;;;0;;18.1;10.1
BLA;18.03.2005 00:00;3.4;12.5;-4;;;;73.2;5.3;;;;;;1.7;;;;;;;0;;;;;;;;;;;0;;16.6;8.6
BLA;19.03.2005 00:00;3.8;12.8;-3.7;;;;69.2;5.3;;;;;;3.1;;;;;;;0;;;;;;;;;;;0;;16.2;8.2
BLA;20.03.2005 00:00;3.6;12.5;-4;;;;70.6;5.3;;;;;;1.7;;;;;;;0;;;;;;;;;;;0;;16.4;8.4
BLA;21.03.2005 00:00;3.7;12.5;-3.7;;;;73.4;5.5;;;;;;2.4;;;;;;;0;;;;;;;;;;;0;;16.3;8.3
BLA;22.03.2005 00:00;3.7;10;0;;;;78.2;6;;;;;;2.1;;;;;;;0.6;;;;;;;;;;;0;;16.3;8.3
BLA;23.03.2005 00:00;4.7;13;0;;;;79;6.2;;;;;;0.9;;;;;;;0;;;;;;;;;;;0;;15.3;7.3
BLA;24.03.2005 00:00;4.9;12;-1;;;;72.2;5.8;;;;;;3.3;;;;;;;7.1;;;;;;;;;;;0;;15.1;7.1
BLA;25.03.2005 00:00;3.5;11;-0.5;;;;79.8;6.1;;;;;;3.3;;;;;;;0;;;;;;;;;;;0;;16.5;8.5
BLA;26.03.2005 00:00;3.7;10;-0.3;;;;87.4;6.9;;;;;;3.9;;;;;;;0.8;;;;;;;;;;;0;;16.3;8.3
BLA;27.03.2005 00:00;3.2;6.9;0.2;;;;91.2;6.8;;;;;;1.7;;;;;;;3;;;;;;;;;;;0;;16.8;8.8
BLA;28.03.2005 00:00;3.5;10.5;-1;;;;62;4.4;;;;;;1.7;;;;;;;0;;;;;;;;;;;0;;16.5;8.5
BLA;29.03.2005 00:00;4.8;10.5;0;;;;74.4;5.8;;;;;;2.4;;;;;;;0.5;;;;;;;;;;;0;;15.2;7.2
BLA;30.03.2005 00:00;2;5;0;;;;92.4;6.5;;;;;;2.6;;;;;;;5.7;;;;;;;;;;;0;;18;10
BLA;31.03.2005 00:00;1.9;6.5;-2;;;;82;5.5;;;;;;3.9;;;;;;;0;;;;;;;;;;;0;;18.1;10.1
BLA;01.04.2005 00:00;3.2;11.5;-4;;;;66.6;4.5;;;;;;3.9;;;;;;;0;;;;;;;;;;;0;;16.8;8.8
BLA;02.04.2005 00:00;3.9;9.5;-3.5;;;;69.4;5.1;;;;;;3.3;;;;;;;0;;;;;;;;;;;0;;16.1;8.1
BLA;03.04.2005 00:00;1.4;10;-6;;;;60;3.3;;;;;;4.6;;;;;;;0;;;;;;;;;;;0;;18.6;10.6
BLA;04.04.2005 00:00;2.2;10.5;-6;;;;60.2;4.7;;;;;;;;;;;;;0;;;;;;;;;;;0;;17.8;9.8
BLA;05.04.2005 00:00;2.7;10.5;-4.5;;;;67.5;4.4;;;;;;2.4;;;;;;;0;;;;;;;;;;;0;;17.3;9.3
BLA;06.04.2005 00:00;4.5;12.5;-2;;;;66.1;4.7;;;;;;2.6;;;;;;;0;;;;;;;;;;;0;;15.5;7.5
BLA;07.04.2005 00:00;2.1;5;0;;;;93.8;6.9;;;;;;2.6;;;;;;;18;;;;;;;;;;;0;;17.9;9.9
BLA;08.04.2005 00:00;0.6;2;0;;;;97.8;6.2;;;;;;0.9;;;;;;;11.4;;;;;;;;;;;0;;19.4;11.4
BLA;09.04.2005 00:00;-1.6;0.5;-3;;;;73.3;4;;;;;;4;;;;;;;0;;;;;;;;;;;0;;21.6;13.6
BLA;10.04.2005 00:00;-3.4;3.5;-10.4;;;;60.2;2.9;;;;;;4.6;;;;;;;0;;;;;;;;;;;0;;23.4;15.4
BLA;11.04.2005 00:00;3.3;10;-4;;;;64.6;4.9;;;;;;3.9;;;;;;;0;;;;;;;;;;;0;;16.7;8.7
BLA;12.04.2005 00:00;4.3;11;-1.5;;;;73.7;5.4;;;;;;4.6;;;;;;;0;;;;;;;;;;;0;;15.7;7.7
BLA;13.04.2005 00:00;3.5;6;1;;;;82;6.2;;;;;;2.4;;;;;;;0;;;;;;;;;;;0;;16.5;8.5
BLA;14.04.2005 00:00;3.5;12;-3.2;;;;75;5.7;;;;;;2.4;;;;;;;0;;;;;;;;;;;0;;16.5;8.5
BLA;15.04.2005 00:00;5;12;0;;;;63.4;4.9;;;;;;4;;;;;;;0.2;;;;;;;;;;;0;;15;7
BLA;16.04.2005 00:00;1.2;2;0;;;;93;6.3;;;;;;2.4;;;;;;;31;;;;;;;;;;;0;;18.8;10.8
BLA;17.04.2005 00:00;-0.8;2;-2;;;;96;5.3;;;;;;3.3;;;;;;;13;;;;;;;;;;;0;;20.8;12.8
BLA;18.04.2005 00:00;2.1;8;-5;;;;88.1;6.2;;;;;;3.1;;;;;;;1.8;;;;;;;;;;;0;;17.9;9.9
BLA;19.04.2005 00:00;1.6;5;0;;;;91.9;6;;;;;;2.4;;;;;;;0.7;;;;;;;;;;;0;;18.4;10.4
BLA;20.04.2005 00:00;1.1;5.5;-1;;;;74.5;4.8;;;;;;3.9;;;;;;;0.4;;;;;;;;;;;0;;18.9;10.9
BLA;21.04.2005 00:00;1.6;7.5;-4;;;;67.9;4.1;;;;;;6;;;;;;;0;;;;;;;;;;;0;;18.4;10.4
BLA;22.04.2005 00:00;3.6;10.5;-4.5;;;;52.9;3.5;;;;;;5.3;;;;;;;0;;;;;;;;;;;0;;16.4;8.4
BLA;23.04.2005 00:00;4.3;10.5;-1.5;;;;68.7;5.3;;;;;;3.9;;;;;;;0.4;;;;;;;;;;;0;;15.7;7.7
BLA;24.04.2005 00:00;5.2;10;0.5;;;;77.3;6.7;;;;;;2.4;;;;;;;0.9;;;;;;;;;;;0;;14.8;6.8
BLA;25.04.2005 00:00;4.2;7.3;0.5;;;;76.9;6.4;;;;;;3.9;;;;;;;4.5;;;;;;;;;;;0;;15.8;7.8
BLA;26.04.2005 00:00;7.2;13;0.5;;;;56.8;5.1;;;;;;5.3;;;;;;;0;;;;;;;;;;;0;;12.8;4.8
BLA;27.04.2005 00:00;6.6;10.5;2.5;;;;72.9;6.8;;;;;;4.6;;;;;;;0.4;;;;;;;;;;;0;;13.4;5.4
BLA;28.04.2005 00:00;8.7;15;1;;;;61.2;6.1;;;;;;3.9;;;;;;;0;;;;;;;;;;;0;;11.3;3.3
BLA;29.04.2005 00:00;10.7;17.5;3;;;;58;6.9;;;;;;3.9;;;;;;;0;;;;;;;;;;;0;;9.3;1.3
BLA;30.04.2005 00:00;11.5;19.5;3;;;;58.3;6.8;;;;;;3.9;;;;;;;0;;;;;;;;;;;0;;8.5;0.5
BLA;01.05.2005 00:00;11.5;20.5;2.7;;;;58.7;7.2;;;;;;4.5;;;;;;;0;;;;;;;;;;;0;;8.5;0.5
BLA;02.05.2005 00:00;12.7;21.5;4;;;;60.3;8;;;;;;2.6;;;;;;;1;;;;;;;;;;;0;;0;0
BLA;03.05.2005 00:00;9.9;16;6.5;;;;85.7;9.4;;;;;;5.3;;;;;;;9.1;;;;;;;;;;;0;;10.1;2.1
BLA;04.05.2005 00:00;6.8;13;2;;;;70.5;6.2;;;;;;4.5;;;;;;;0.3;;;;;;;;;;;0;;13.2;5.2
BLA;05.05.2005 00:00;5.9;11.2;2.3;;;;65.5;5.7;;;;;;5.3;;;;;;;0.1;;;;;;;;;;;0;;14.1;6.1
BLA;06.05.2005 00:00;5.1;8.3;2.5;;;;73.2;6.1;;;;;;6;;;;;;;0;;;;;;;;;;;0;;14.9;6.9
BLA;07.05.2005 00:00;2.1;7;-2.7;;;;84.9;6.1;;;;;;3.9;;;;;;;10.7;;;;;;;;;;;0;;17.9;9.9
BLA;08.05.2005 00:00;4.2;9.7;-0.2;;;;64.1;4.6;;;;;;5.3;;;;;;;0;;;;;;;;;;;0;;15.8;7.8
BLA;09.05.2005 00:00;4.6;9.5;-0.2;;;;61.3;4.7;;;;;;3.9;;;;;;;0;;;;;;;;;;;0;;15.4;7.4
BLA;10.05.2005 00:00;4;10;-3;;;;64.1;5.3;;;;;;3.8;;;;;;;0;;;;;;;;;;;0;;16;8
BLA;11.05.2005 00:00;4;12.5;-4.1;;;;61.3;4.4;;;;;;3.1;;;;;;;0;;;;;;;;;;;0;;16;8
BLA;12.05.2005 00:00;6.7;15;-1.6;;;;64.6;6.3;;;;;;3.1;;;;;;;0.9;;;;;;;;;;;0;;13.3;5.3
BLA;13.05.2005 00:00;8.7;15.5;2.7;;;;71.8;7.6;;;;;;4.6;;;;;;;0;;;;;;;;;;;0;;11.3;3.3
BLA;14.05.2005 00:00;7.4;11.5;2;;;;79.1;8.1;;;;;;1.7;;;;;;;0.3;;;;;;;;;;;0;;12.6;4.6
BLA;15.05.2005 00:00;8.3;14.5;0.9;;;;63;6.5;;;;;;3.8;;;;;;;0.1;;;;;;;;;;;0;;11.7;3.7
BLA;16.05.2005 00:00;5.1;8.8;2.5;;;;91.3;8;;;;;;3.9;;;;;;;13.5;;;;;;;;;;;0;;14.9;6.9
BLA;17.05.2005 00:00;5.7;14;-2.5;;;;71.6;5.8;;;;;;2.4;;;;;;;0;;;;;;;;;;;0;;14.3;6.3
BLA;18.05.2005 00:00;7.9;11.5;4.5;;;;49.9;5.4;;;;;;6.7;;;;;;;0;;;;;;;;;;;0;;12.1;4.1
BLA;19.05.2005 00:00;5.9;15.5;-3.4;;;;62.5;5.4;;;;;;4.6;;;;;;;0;;;;;;;;;;;0;;14.1;6.1
BLA;20.05.2005 00:00;11.1;19.5;0;;;;56.4;6.9;;;;;;2.4;;;;;;;0;;;;;;;;;;;0;;8.9;0.9
BLA;21.05.2005 00:00;10.5;16;5;;;;74;9.4;;;;;;3.1;;;;;;;1;;;;;;;;;;;0;;9.5;1.5
BLA;22.05.2005 00:00;10.5;15.8;5.5;;;;85.2;10.1;;;;;;3.9;;;;;;;6.7;;;;;;;;;;;0;;9.5;1.5
BLA;23.05.2005 00:00;6.6;10;3.5;;;;77.6;7.8;;;;;;3.3;;;;;;;5.4;;;;;;;;;;;0;;13.4;5.4
BLA;24.05.2005 00:00;7.5;17;-2.7;;;;63.8;6.3;;;;;;4.6;;;;;;;0;;;;;;;;;;;0;;12.5;4.5
BLA;25.05.2005 00:00;12.4;21;1.5;;;;60.7;8.2;;;;;;3.3;;;;;;;0;;;;;;;;;;;0;;0;0
BLA;26.05.2005 00:00;14.3;22.8;3.7;;;;61.4;9;;;;;;2.4;;;;;;;0;;;;;;;;;;;0;;0;0
BLA;27.05.2005 00:00;15.3;24;5.5;;;;61.4;9.6;;;;;;3.3;;;;;;;0;;;;;;;;;;;0;;0;0
BLA;28.05.2005 00:00;12.5;24;6;;;;66.8;9.3;;;;;;2.4;;;;;;;8;;;;;;;;;;;0;;0;0
BLA;29.05.2005 00:00;14.9;22.5;8;;;;60.1;9.8;;;;;;3.8;;;;;;;0.1;;;;;;;;;;;0;;0;0
BLA;30.05.2005 00:00;11.1;17;7;;;;90.8;12.3;;;;;;3.1;;;;;;;0.3;;;;;;;;;;;0;;8.9;0.9
BLA;31.05.2005 00:00;10.7;17.5;2.5;;;;65;8.1;;;;;;5.3;;;;;;;0;;;;;;;;;;;0;;9.3;1.3
BLA;01.06.2005 00:00;10.8;18.6;1;;;;62.9;8;;;;;;3.9;;;;;;;0;;;;;;;;;;;0;;9.2;1.2
BLA;02.06.2005 00:00;12.3;20;4;;;;63.8;8.4;;;;;;3.1;;;;;;;0;;;;;;;;;;;0;;0;0
BLA;03.06.2005 00:00;14.5;22.6;4.5;;;;59.2;8.7;;;;;;4.6;;;;;;;15.5;;;;;;;;;;;0;;0;0
BLA;04.06.2005 00:00;12;17.5;7.5;;;;65.5;9.2;;;;;;4.6;;;;;;;0;;;;;;;;;;;0;;8;0
BLA;05.06.2005 00:00;9.6;15.4;2;;;;59.3;6.8;;;;;;4.6;;;;;;;0.1;;;;;;;;;;;0;;10.4;2.4
BLA;06.06.2005 00:00;9.2;13;5;;;;80.3;9.5;;;;;;3.3;;;;;;;2.8;;;;;;;;;;;0;;10.8;2.8
BLA;07.06.2005 00:00;9;14;4.7;;;;60.1;6.3;;;;;;5.3;;;;;;;0;;;;;;;;;;;0;;11;3
BLA;08.06.2005 00:00;6.3;15;-3.2;;;;60.5;5.5;;;;;;5.3;;;;;;;0;;;;;;;;;;;0;;13.7;5.7
BLA;09.06.2005 00:00;6;12.8;-2.6;;;;59.7;5.2;;;;;;5.3;;;;;;;0;;;;;;;;;;;0;;14;6
BLA;10.06.2005 00:00;6.5;15;-4.5;;;;59;5.5;;;;;;3.8;;;;;;;0;;;;;;;;;;;0;;13.5;5.5
BLA;11.06.2005 00:00;9.4;17.6;-1;;;;54;6.6;;;;;;5.3;;;;;;;0;;;;;;;;;;;0;;10.6;2.6
BLA;12.06.2005 00:00;11.2;18.2;3;;;;59.7;7.5;;;;;;3.1;;;;;;;0;;;;;;;;;;;0;;8.8;0.8
BLA;13.06.2005 00:00;8.6;14;4.2;;;;90.8;10.9;;;;;;1.7;;;;;;;21.6;;;;;;;;;;;0;;11.4;3.4
BLA;14.06.2005 00:00;10.4;15.5;5.5;;;;89;10.8;;;;;;3.3;;;;;;;4.3;;;;;;;;;;;0;;9.6;1.6
BLA;15.06.2005 00:00;10.5;19;6;;;;67.4;8.5;;;;;;3.3;;;;;;;0;;;;;;;;;;;0;;9.5;1.5
BLA;16.06.2005 00:00;12.5;20;4.5;;;;66.1;9.1;;;;;;2.4;;;;;;;0;;;;;;;;;;;0;;0;0
BLA;17.06.2005 00:00;14.5;23;5;;;;61.4;10.1;;;;;;3.9;;;;;;;0;;;;;;;;;;;0;;0;0
BLA;18.06.2005 00:00;15.1;24.8;6;;;;67.5;10.9;;;;;;2.4;;;;;;;0;;;;;;;;;;;0;;0;0
BLA;19.06.2005 00:00;16.7;25.3;7.4;;;;63.2;11;;;;;;1.7;;;;;;;0;;;;;;;;;;;0;;0;0
BLA;20.06.2005 00:00;15.2;26;6.5;;;;70.1;10.8;;;;;;3.1;;;;;;;0;;;;;;;;;;;0;;0;0
BLA;21.06.2005 00:00;15.6;24;6;;;;61.5;9.3;;;;;;3.9;;;;;;;0;;;;;;;;;;;0;;0;0
BLA;22.06.2005 00:00;16.4;26.5;7;;;;62.2;9.9;;;;;;2.4;;;;;;;0;;;;;;;;;;;0;;0;0
BLA;23.06.2005 00:00;15.6;25.5;8.5;;;;71.9;11.7;;;;;;5.3;;;;;;;10.6;;;;;;;;;;;0;;0;0
BLA;24.06.2005 00:00;14.5;27;6.5;;;;85.3;11.9;;;;;;3.1;;;;;;;1;;;;;;;;;;;0;;0;0
BLA;25.06.2005 00:00;10.9;15.5;7;;;;95.6;13;;;;;;3.3;;;;;;;5.5;;;;;;;;;;;0;;9.1;1.1
BLA;26.06.2005 00:00;16.8;26.2;5.8;;;;65.5;11.5;;;;;;3.1;;;;;;;0;;;;;;;;;;;0;;0;0
BLA;27.06.2005 00:00;16.4;26;7;;;;69.4;11.3;;;;;;1.5;;;;;;;1;;;;;;;;;;;0;;0;0
BLA;28.06.2005 00:00;17.3;26.5;8.2;;;;61.6;10.5;;;;;;1.5;;;;;;;2.5;;;;;;;;;;;0;;0;0
BLA;29.06.2005 00:00;15.9;23;8.9;;;;70.6;11.8;;;;;;3.8;;;;;;;7.7;;;;;;;;;;;0;;0;0
BLA;30.06.2005 00:00;13.9;21;8.3;;;;73.4;11.2;;;;;;2.4;;;;;;;2.3;;;;;;;;;;;0;;0;0
BLA;01.07.2005 00:00;10;13.5;7.8;;;;85.2;9.7;;;;;;3.1;;;;;;;0.9;;;;;;;;;;;0;;10;2
BLA;02.07.2005 00:00;11.8;17;5.3;;;;71.5;10;;;;;;0.9;;;;;;;0;;;;;;;;;;;0;;8.2;0.2
BLA;03.07.2005 00:00;14.5;22;4;;;;68.7;11.1;;;;;;1.5;;;;;;;0;;;;;;;;;;;0;;0;0
BLA;04.07.2005 00:00;13.7;20;8.5;;;;86.9;12.7;;;;;;4;;;;;;;21.1;;;;;;;;;;;0;;0;0
BLA;05.07.2005 00:00;9.2;13;6;;;;65.9;7.2;;;;;;4.6;;;;;;;0.1;;;;;;;;;;;0;;10.8;2.8
BLA;06.07.2005 00:00;7.6;12;0.5;;;;86.8;10;;;;;;2.4;;;;;;;11.1;;;;;;;;;;;0;;12.4;4.4
BLA;07.07.2005 00:00;7.7;10.5;5;;;;83.7;9.1;;;;;;3.9;;;;;;;0.1;;;;;;;;;;;0;;12.3;4.3
BLA;08.07.2005 00:00;8.8;12.8;5;;;;68.1;7.5;;;;;;3.1;;;;;;;0.2;;;;;;;;;;;0;;11.2;3.2
BLA;09.07.2005 00:00;7.4;14;3;;;;88.2;8.9;;;;;;4;;;;;;;11.7;;;;;;;;;;;0;;12.6;4.6
BLA;10.07.2005 00:00;9.4;17.5;2.8;;;;72.1;8.7;;;;;;3.9;;;;;;;0;;;;;;;;;;;0;;10.6;2.6
BLA;11.07.2005 00:00;11.9;18.5;4.5;;;;65.3;8.6;;;;;;3.3;;;;;;;0;;;;;;;;;;;0;;8.1;0.1
BLA;12.07.2005 00:00;12.7;21;5;;;;74.2;10.2;;;;;;3.3;;;;;;;0;;;;;;;;;;;0;;0;0
BLA;13.07.2005 00:00;13.9;22.5;6;;;;64.7;9.7;;;;;;4.6;;;;;;;0;;;;;;;;;;;0;;0;0
BLA;14.07.2005 00:00;15;24;6;;;;62.6;9.1;;;;;;4.6;;;;;;;0;;;;;;;;;;;0;;0;0
BLA;15.07.2005 00:00;16.6;25.1;7.8;;;;56.7;9.2;;;;;;1.5;;;;;;;0.3;;;;;;;;;;;0;;0;0
BLA;16.07.2005 00:00;17.7;25;12;;;;61.7;11.4;;;;;;4.6;;;;;;;0;;;;;;;;;;;0;;0;0
BLA;17.07.2005 00:00;18.7;26;11;;;;28.6;7.7;;;;;;3.9;;;;;;;0;;;;;;;;;;;0.4;;0;0
BLA;18.07.2005 00:00;13;22.5;8;;;;83.7;11.8;;;;;;5.5;;;;;;;18.6;;;;;;;;;;;0;;0;0
BLA;19.07.2005 00:00;12.8;19.5;8;;;;63.1;8.6;;;;;;5.3;;;;;;;0;;;;;;;;;;;0;;0;0
BLA;20.07.2005 00:00;10.9;21;3;;;;65.8;8.3;;;;;;5.3;;;;;;;0;;;;;;;;;;;0;;9.1;1.1
BLA;21.07.2005 00:00;13.4;20;9;;;;64.3;8.9;;;;;;3.9;;;;;;;0;;;;;;;;;;;0;;0;0
BLA;22.07.2005 00:00;11.2;19;3.5;;;;68;8.7;;;;;;4.6;;;;;;;0;;;;;;;;;;;0;;8.8;0.8
BLA;23.07.2005 00:00;10.7;17.5;4.5;;;;76.8;9.8;;;;;;3.3;;;;;;;0;;;;;;;;;;;0;;9.3;1.3
BLA;24.07.2005 00:00;11.9;16;7.5;;;;76.6;11.2;;;;;;3.3;;;;;;;4.4;;;;;;;;;;;0;;8.1;0.1
BLA;25.07.2005 00:00;14.7;20.5;11;;;;87.7;13.8;;;;;;3.9;;;;;;;5.3;;;;;;;;;;;0;;0;0
BLA;26.07.2005 00:00;16.2;23.5;10.5;;;;76.3;14.2;;;;;;2.6;;;;;;;0;;;;;;;;;;;0;;0;0
BLA;27.07.2005 00:00;15.8;26;7.7;;;;64.2;10.9;;;;;;2.4;;;;;;;0;;;;;;;;;;;0;;0;0
BLA;28.07.2005 00:00;17.9;26.5;9.5;;;;85.5;16.7;;;;;;3.3;;;;;;;0;;;;;;;;;;;0;;0;0
BLA;29.07.2005 00:00;15.2;22;10.4;;;;81.8;13.8;;;;;;2.4;;;;;;;2.8;;;;;;;;;;;0;;0;0
BLA;30.07.2005 00:00;14.5;20;10.5;;;;74.3;12.7;;;;;;3.9;;;;;;;0;;;;;;;;;;;0;;0;0
BLA;31.07.2005 00:00;13.5;19.5;7.3;;;;67.8;10.5;;;;;;3.1;;;;;;;0;;;;;;;;;;;0;;0;0
BLA;01.08.2005 00:00;12.7;21.5;5;;;;69.4;9.7;;;;;;5.3;;;;;;;7.5;;;;;;;;;;;0;;0;0
BLA;02.08.2005 00:00;10.7;13;9;;;;95.4;12.5;;;;;;2.4;;;;;;;45.3;;;;;;;;;;;0;;9.3;1.3
BLA;03.08.2005 00:00;9.7;13.5;6.5;;;;73.2;9.2;;;;;;5.3;;;;;;;0;;;;;;;;;;;0;;10.3;2.3
BLA;04.08.2005 00:00;9.7;16;2.5;;;;59.4;6.7;;;;;;6.2;;;;;;;0;;;;;;;;;;;0;;10.3;2.3
BLA;05.08.2005 00:00;10.7;20;1;;;;68.2;8.4;;;;;;3.4;;;;;;;3;;;;;;;;;;;0;;9.3;1.3
BLA;06.08.2005 00:00;13.5;18.5;10;;;;66;9.3;;;;;;3.9;;;;;;;1.9;;;;;;;;;;;0;;0;0
BLA;07.08.2005 00:00;9.3;13.5;6.5;;;;69.8;8.2;;;;;;4.6;;;;;;;1.6;;;;;;;;;;;0;;10.7;2.7
BLA;08.08.2005 00:00;8.2;15;0.5;;;;57.6;5.5;;;;;;4.6;;;;;;;0;;;;;;;;;;;0;;11.8;3.8
BLA;09.08.2005 00:00;9.5;20;-0.6;;;;64;7;;;;;;3.3;;;;;;;0;;;;;;;;;;;0;;10.5;2.5
BLA;10.08.2005 00:00;12;21.5;3;;;;64.8;9.1;;;;;;2.4;;;;;;;3.3;;;;;;;;;;;0;;8;0
BLA;11.08.2005 00:00;12.2;17;7.8;;;;85.4;12;;;;;;4;;;;;;;1.1;;;;;;;;;;;0;;0;0
BLA;12.08.2005 00:00;10.6;19.5;2.6;;;;66.6;8;;;;;;4.1;;;;;;;0.1;;;;;;;;;;;0;;9.4;1.4
BLA;13.08.2005 00:00;11.7;18.5;6.7;;;;69.6;10.5;;;;;;3.3;;;;;;;0.4;;;;;;;;;;;0;;8.3;0.3
BLA;14.08.2005 00:00;7.4;12.5;2.6;;;;94.4;10;;;;;;2.4;;;;;;;21.4;;;;;;;;;;;0;;12.6;4.6
BLA;15.08.2005 00:00;6.8;10;3.5;;;;89.2;8.8;;;;;;3.1;;;;;;;6;;;;;;;;;;;0;;13.2;5.2
BLA;16.08.2005 00:00;8.8;18;1.5;;;;78.8;8.9;;;;;;3.9;;;;;;;0;;;;;;;;;;;0;;11.2;3.2
BLA;17.08.2005 00:00;11.8;21.5;3.5;;;;76.2;10.3;;;;;;4.6;;;;;;;0;;;;;;;;;;;0;;8.2;0.2
BLA;18.08.2005 00:00;11.6;20;1.5;;;;84;11.1;;;;;;2.6;;;;;;;5.9;;;;;;;;;;;0;;8.4;0.4
BLA;19.08.2005 00:00;12;17.5;7;;;;80;10.9;;;;;;2.6;;;;;;;4;;;;;;;;;;;0;;8;0
BLA;20.08.2005 00:00;9.5;14.5;7.5;;;;90.8;10.3;;;;;;2.4;;;;;;;19.9;;;;;;;;;;;0;;10.5;2.5
BLA;21.08.2005 00:00;7.2;9.5;4.5;;;;95.6;9.8;;;;;;3.3;;;;;;;32.8;;;;;;;;;;;0;;12.8;4.8
BLA;22.08.2005 00:00;8.8;11;6.3;;;;88.6;10.3;;;;;;3.3;;;;;;;21.9;;;;;;;;;;;0;;11.2;3.2
BLA;23.08.2005 00:00;11.1;16.8;6.9;;;;74;8.8;;;;;;6.2;;;;;;;0;;;;;;;;;;;0;;8.9;0.9
BLA;24.08.2005 00:00;10.3;18;3;;;;74;8.9;;;;;;3.9;;;;;;;0;;;;;;;;;;;0;;9.7;1.7
BLA;25.08.2005 00:00;11.3;17;6.5;;;;88.6;11.9;;;;;;2.6;;;;;;;5.8;;;;;;;;;;;0;;8.7;0.7
BLA;26.08.2005 00:00;10.9;18.5;4.8;;;;79;10.1;;;;;;2.7;;;;;;;0;;;;;;;;;;;0;;9.1;1.1
BLA;27.08.2005 00:00;9.6;16.5;2.2;;;;80.6;9.4;;;;;;2.6;;;;;;;3.6;;;;;;;;;;;0;;10.4;2.4
BLA;28.08.2005 00:00;11.9;17.8;7.2;;;;85.4;12.1;;;;;;3.1;;;;;;;0;;;;;;;;;;;0;;8.1;0.1
BLA;29.08.2005 00:00;12.7;21.5;5.5;;;;74;10.1;;;;;;4.6;;;;;;;0;;;;;;;;;;;0;;0;0
BLA;30.08.2005 00:00;13.5;23;6;;;;76;11;;;;;;0.9;;;;;;;0;;;;;;;;;;;0;;0;0
BLA;31.08.2005 00:00;15.6;23;7;;;;65;10.8;;;;;;1.7;;;;;;;0;;;;;;;;;;;0;;0;0
BLA;01.09.2005 00:00;14.5;23;7.3;;;;75.9;12;;;;;;2.7;;;;;;;0;;;;;;;;;;;0;;0;0
BLA;02.09.2005 00:00;14.9;24;8;;;;71.9;11.4;;;;;;2.4;;;;;;;0;;;;;;;;;;;0;;0;0
BLA;03.09.2005 00:00;14.9;23.5;7.4;;;;68.4;11.1;;;;;;3.1;;;;;;;0;;;;;;;;;;;0;;0;0
BLA;04.09.2005 00:00;13.6;22.5;7;;;;69.7;10;;;;;;3.9;;;;;;;0;;;;;;;;;;;0;;0;0
BLA;05.09.2005 00:00;12.9;21;7;;;;75.3;10.6;;;;;;3.9;;;;;;;0;;;;;;;;;;;0;;0;0
BLA;06.09.2005 00:00;11.3;18.5;6;;;;76.1;10.1;;;;;;3.3;;;;;;;0;;;;;;;;;;;0;;8.7;0.7
BLA;07.09.2005 00:00;13.4;19;7;;;;67.2;10.2;;;;;;4;;;;;;;0;;;;;;;;;;;0;;0;0
BLA;08.09.2005 00:00;12.4;20.5;5.5;;;;74;9.9;;;;;;4.6;;;;;;;5.6;;;;;;;;;;;0;;0;0
BLA;09.09.2005 00:00;11;15;8;;;;89.7;11.6;;;;;;3.3;;;;;;;2.5;;;;;;;;;;;0;;9;1
BLA;10.09.2005 00:00;11.7;16;8;;;;80.6;11.1;;;;;;4.6;;;;;;;4.6;;;;;;;;;;;0;;8.3;0.3
BLA;11.09.2005 00:00;11.1;15;8;;;;85.3;10.6;;;;;;3.3;;;;;;;14.9;;;;;;;;;;;0;;8.9;0.9
BLA;12.09.2005 00:00;8.9;13;6;;;;85.1;9.5;;;;;;2.6;;;;;;;0.7;;;;;;;;;;;0;;11.1;3.1
BLA;13.09.2005 00:00;11.1;17.2;4.2;;;;76.3;9.8;;;;;;1.5;;;;;;;0;;;;;;;;;;;0;;8.9;0.9
BLA;14.09.2005 00:00;11.1;18.5;5.7;;;;78.4;10.4;;;;;;3.3;;;;;;;0;;;;;;;;;;;0;;8.9;0.9
BLA;15.09.2005 00:00;10.3;18.7;2.8;;;;83.4;10.5;;;;;;2.4;;;;;;;0;;;;;;;;;;;0;;9.7;1.7
BLA;16.09.2005 00:00;10.6;19.5;3.2;;;;71.6;8.9;;;;;;3.9;;;;;;;4.3;;;;;;;;;;;0;;9.4;1.4
BLA;17.09.2005 00:00;7.4;10;5.4;;;;89.8;9.4;;;;;;2.1;;;;;;;0.2;;;;;;;;;;;0;;12.6;4.6
BLA;18.09.2005 00:00;5.8;11.2;2;;;;84.2;7.6;;;;;;3.1;;;;;;;0;;;;;;;;;;;0;;14.2;6.2
BLA;19.09.2005 00:00;5.9;8.5;0.9;;;;94;8.9;;;;;;2.4;;;;;;;1;;;;;;;;;;;0;;14.1;6.1
BLA;20.09.2005 00:00;6.7;10.5;4;;;;61.4;6.4;;;;;;1.7;;;;;;;0;;;;;;;;;;;0;;13.3;5.3
BLA;21.09.2005 00:00;5.9;14;-0.5;;;;80.4;7.3;;;;;;2.6;;;;;;;0;;;;;;;;;;;0;;14.1;6.1
BLA;22.09.2005 00:00;8;15.5;1.5;;;;83.7;8.9;;;;;;1.5;;;;;;;0;;;;;;;;;;;0;;12;4
BLA;23.09.2005 00:00;8.3;17.5;1.5;;;;80.5;8.3;;;;;;0.9;;;;;;;0;;;;;;;;;;;0;;11.7;3.7
BLA;24.09.2005 00:00;8.7;18;1.7;;;;79.7;8.9;;;;;;1.7;;;;;;;0;;;;;;;;;;;0;;11.3;3.3
BLA;25.09.2005 00:00;7.8;14.5;2.5;;;;85.6;9.1;;;;;;2.6;;;;;;;2.4;;;;;;;;;;;0;;12.2;4.2
BLA;26.09.2005 00:00;7.7;14;2;;;;85.7;8.9;;;;;;2.6;;;;;;;0;;;;;;;;;;;0;;12.3;4.3
BLA;27.09.2005 00:00;8.9;14;3;;;;85.7;10;;;;;;2.4;;;;;;;0;;;;;;;;;;;0;;11.1;3.1
BLA;28.09.2005 00:00;8.5;15.6;2.1;;;;83.7;9.3;;;;;;3.8;;;;;;;1.2;;;;;;;;;;;0;;11.5;3.5
BLA;29.09.2005 00:00;7.4;9;6;;;;58.3;6.4;;;;;;3.9;;;;;;;0.6;;;;;;;;;;;0;;12.6;4.6
BLA;30.09.2005 00:00;3.6;11.5;-2;;;;76.1;6.3;;;;;;3.9;;;;;;;0.2;;;;;;;;;;;0;;16.4;8.4
BLA;01.10.2005 00:00;7.6;12;5;;;;91.5;9.7;;;;;;3.3;;;;;;;15.9;;;;;;;;;;;0;;12.4;4.4
BLA;02.10.2005 00:00;2.8;5;1;;;;92.6;7.1;;;;;;1.7;;;;;;;5.6;;;;;;;;;;;0;;17.2;9.2
BLA;03.10.2005 00:00;3.1;7;1;;;;88;6.7;;;;;;3.9;;;;;;;10.1;;;;;;;;;;;0;;16.9;8.9
BLA;04.10.2005 00:00;4.6;11.5;0.5;;;;81.2;6.7;;;;;;3.9;;;;;;;0;;;;;;;;;;;0;;15.4;7.4
BLA;05.10.2005 00:00;4.5;12.3;-1.2;;;;81.1;6.7;;;;;;5.3;;;;;;;0.1;;;;;;;;;;;0;;15.5;7.5
BLA;06.10.2005 00:00;6.1;13;0.5;;;;78.1;7.3;;;;;;4.6;;;;;;;0;;;;;;;;;;;0;;13.9;5.9
BLA;07.10.2005 00:00;4.3;12.5;0.5;;;;83.1;7;;;;;;3.3;;;;;;;0;;;;;;;;;;;0;;15.7;7.7
BLA;08.10.2005 00:00;5.9;14;0.5;;;;75.5;6.7;;;;;;3.3;;;;;;;0;;;;;;;;;;;0;;14.1;6.1
BLA;09.10.2005 00:00;5.4;16;-1;;;;77.7;6.8;;;;;;3.3;;;;;;;0;;;;;;;;;;;0;;14.6;6.6
BLA;10.10.2005 00:00;5.7;16.5;-1.7;;;;72.2;6.3;;;;;;3.9;;;;;;;0;;;;;;;;;;;0;;14.3;6.3
BLA;11.10.2005 00:00;4.9;13.2;-1.4;;;;78;6.8;;;;;;3.1;;;;;;;0;;;;;;;;;;;0;;15.1;7.1
BLA;12.10.2005 00:00;4.9;14;-1.3;;;;74.6;6.3;;;;;;4.6;;;;;;;0;;;;;;;;;;;0;;15.1;7.1
BLA;13.10.2005 00:00;4.6;15;-2.5;;;;72.8;6;;;;;;3.1;;;;;;;0;;;;;;;;;;;0;;15.4;7.4
BLA;14.10.2005 00:00;5;16;-1.5;;;;74.9;6.3;;;;;;3.9;;;;;;;0;;;;;;;;;;;0;;15;7
BLA;15.10.2005 00:00;4.9;17.5;-1.5;;;;70.3;5.8;;;;;;4.6;;;;;;;0;;;;;;;;;;;0;;15.1;7.1
BLA;16.10.2005 00:00;5;16;-1.5;;;;67.7;5.8;;;;;;3.9;;;;;;;0;;;;;;;;;;;0;;15;7
BLA;17.10.2005 00:00;5.4;16;-1.6;;;;72.6;6.2;;;;;;3.3;;;;;;;0;;;;;;;;;;;0;;14.6;6.6
BLA;18.10.2005 00:00;5.1;15.5;-1.5;;;;76;6.5;;;;;;4.6;;;;;;;0;;;;;;;;;;;0;;14.9;6.9
BLA;19.10.2005 00:00;7.2;11.5;1.5;;;;77.6;8.2;;;;;;4;;;;;;;0.8;;;;;;;;;;;0;;12.8;4.8
BLA;20.10.2005 00:00;5.7;15;0.5;;;;85.9;7.9;;;;;;3.3;;;;;;;0;;;;;;;;;;;0;;14.3;6.3
BLA;21.10.2005 00:00;7.2;13.5;2;;;;73.5;7.2;;;;;;1.5;;;;;;;0;;;;;;;;;;;0;;12.8;4.8
BLA;22.10.2005 00:00;7.6;12.4;4.6;;;;81.2;8.2;;;;;;3.9;;;;;;;3.9;;;;;;;;;;;0;;12.4;4.4
BLA;23.10.2005 00:00;5.7;7.5;4;;;;97.3;9;;;;;;1.7;;;;;;;4.5;;;;;;;;;;;0;;14.3;6.3
BLA;24.10.2005 00:00;3.1;13;-1.5;;;;88.5;6.9;;;;;;2.6;;;;;;;0;;;;;;;;;;;0;;16.9;8.9
BLA;25.10.2005 00:00;5.5;15.6;0;;;;74.5;6.4;;;;;;3.4;;;;;;;0;;;;;;;;;;;0;;14.5;6.5
BLA;26.10.2005 00:00;6.7;17;0;;;;72.5;6.9;;;;;;3.9;;;;;;;0;;;;;;;;;;;0;;13.3;5.3
BLA;27.10.2005 00:00;7.4;19;1;;;;69;7;;;;;;2.4;;;;;;;0;;;;;;;;;;;0;;12.6;4.6
BLA;28.10.2005 00:00;5.9;18.2;0;;;;63.5;5.8;;;;;;2.6;;;;;;;0;;;;;;;;;;;0;;14.1;6.1
BLA;29.10.2005 00:00;6.4;18;0;;;;64.1;6.1;;;;;;3.9;;;;;;;0;;;;;;;;;;;0;;13.6;5.6
BLA;30.10.2005 00:00;6.3;18;0.5;;;;74.2;7.2;;;;;;1.7;;;;;;;0;;;;;;;;;;;0;;13.7;5.7
BLA;31.10.2005 00:00;8.2;16.5;1.5;;;;72.6;8;;;;;;3.3;;;;;;;0.3;;;;;;;;;;;0;;11.8;3.8
BLA;01.11.2005 00:00;7.4;13;5;;;;89.2;8.9;;;;;;2.4;;;;;;;1.6;;;;;;;;;;;0;;12.6;4.6
BLA;02.11.2005 00:00;5.1;12.5;-0.5;;;;74.7;6.5;;;;;;3.9;;;;;;;1.8;;;;;;;;;;;0;;14.9;6.9
BLA;03.11.2005 00:00;8.1;15;5;;;;88.7;9.6;;;;;;2.4;;;;;;;0;;;;;;;;;;;0;;11.9;3.9
BLA;04.11.2005 00:00;6.6;10.5;3.5;;;;77.8;7.6;;;;;;5.3;;;;;;;4.7;;;;;;;;;;;0;;13.4;5.4
BLA;05.11.2005 00:00;3.9;6;3;;;;98.5;8.1;;;;;;2.4;;;;;;;0;;;;;;;;;;;0;;16.1;8.1
BLA;06.11.2005 00:00;2.6;6;0.5;;;;89.1;6.5;;;;;;3.9;;;;;;;0;;;;;;;;;;;0;;17.4;9.4
BLA;07.11.2005 00:00;1.4;11;-3.7;;;;82.6;5.5;;;;;;2.4;;;;;;;0;;;;;;;;;;;0;;18.6;10.6
BLA;08.11.2005 00:00;2.6;12.5;-2.5;;;;77.6;5.7;;;;;;2.7;;;;;;;0;;;;;;;;;;;0;;17.4;9.4
BLA;09.11.2005 00:00;2.1;11.5;-2.1;;;;82.1;5.8;;;;;;2.1;;;;;;;0;;;;;;;;;;;0;;17.9;9.9
BLA;10.11.2005 00:00;0.2;8.5;-3.3;;;;91.7;5.7;;;;;;3.3;;;;;;;0;;;;;;;;;;;0;;19.8;11.8
BLA;11.11.2005 00:00;-0.1;10.5;-4.5;;;;78.8;4.9;;;;;;1.7;;;;;;;0;;;;;;;;;;;0;;20.1;12.1
BLA;12.11.2005 00:00;0.2;8;-4.2;;;;78.2;4.9;;;;;;3.3;;;;;;;0;;;;;;;;;;;0;;19.8;11.8
BLA;13.11.2005 00:00;1.3;11.2;-3;;;;82.4;5.7;;;;;;1.7;;;;;;;0;;;;;;;;;;;0;;18.7;10.7
BLA;14.11.2005 00:00;0;9;-3.6;;;;75.1;4.6;;;;;;2.4;;;;;;;0;;;;;;;;;;;0;;20;12
BLA;15.11.2005 00:00;1.2;10;-3.6;;;;75.2;5.2;;;;;;1.7;;;;;;;0;;;;;;;;;;;0;;18.8;10.8
BLA;16.11.2005 00:00;2.9;7;0.5;;;;84.9;6.3;;;;;;2.4;;;;;;;0.2;;;;;;;;;;;0;;17.1;9.1
BLA;17.11.2005 00:00;-2.2;3;-5;;;;65.6;3.4;;;;;;4.6;;;;;;;0;;;;;;;;;;;0;;22.2;14.2
BLA;18.11.2005 00:00;-7.4;0;-11;;;;77.7;2.8;;;;;;4.6;;;;;;;0;;;;;;;;;;;0;;27.4;19.4
BLA;19.11.2005 00:00;-9.7;-0.5;-12;;;;77;2.3;;;;;;4.6;;;;;;;0;;;;;;;;;;;0;;29.7;21.7
BLA;20.11.2005 00:00;-7.1;1.8;-10.6;;;;78.9;2.9;;;;;;4.6;;;;;;;0;;;;;;;;;;;0;;27.1;19.1
BLA;21.11.2005 00:00;-1.8;4;-8;;;;63.7;3.3;;;;;;5.3;;;;;;;0;;;;;;;;;;;0;;21.8;13.8
BLA;22.11.2005 00:00;-7.5;-2;-10;;;;80.9;2.8;;;;;;3.9;;;;;;;0;;;;;;;;;;;0;;27.5;19.5
BLA;23.11.2005 00:00;-9.3;-1;-11;;;;85.3;2.7;;;;;;4.6;;;;;;;0;;;;;;;;;;;0;;29.3;21.3
BLA;24.11.2005 00:00;-10.8;-6;-14;;;;91.5;2.5;;;;;;4.6;;;;;;;5.6;;;;;;;;;;;0;;30.8;22.8
BLA;25.11.2005 00:00;-7.2;-3.5;-10.5;;;;92.4;3.4;;;;;;3.9;;;;;;;1.9;;;;;;;;;;;0;;27.2;19.2
BLA;26.11.2005 00:00;-12.6;-2.4;-17;;;;79.3;1.9;;;;;;3.3;;;;;;;0;;;;;;;;;;;0;;32.6;24.6
BLA;27.11.2005 00:00;-12.4;-5.5;-18;;;;81.9;2.1;;;;;;2.4;;;;;;;0.1;;;;;;;;;;;0;;32.4;24.4
BLA;28.11.2005 00:00;-6.1;-3.5;-10;;;;85.4;3.5;;;;;;4;;;;;;;1.9;;;;;;;;;;;0;;26.1;18.1
BLA;29.11.2005 00:00;-6.1;0;-10;;;;80.7;3.2;;;;;;3.3;;;;;;;0;;;;;;;;;;;0;;26.1;18.1
BLA;30.11.2005 00:00;-12.6;-3;-15;;;;91.9;2.2;;;;;;3.3;;;;;;;0;;;;;;;;;;;0;;32.6;24.6
BLA;01.12.2005 00:00;-13;-2.5;-16;;;;81.8;1.9;;;;;;2.4;;;;;;;0;;;;;;;;;;;0;;33;25
BLA;02.12.2005 00:00;-5;0;-13;;;;62.2;2.7;;;;;;2.6;;;;;;;2.9;;;;;;;;;;;0;;25;17
BLA;03.12.2005 00:00;-1.6;1;-3;;;;95.2;5.2;;;;;;2.4;;;;;;;2.5;;;;;;;;;;;0;;21.6;13.6
BLA;04.12.2005 00:00;-0.9;2.3;-2.4;;;;94.2;5.4;;;;;;1.5;;;;;;;9.4;;;;;;;;;;;0;;20.9;12.9
BLA;05.12.2005 00:00;-2;0;-4;;;;95.2;5;;;;;;3.3;;;;;;;0.5;;;;;;;;;;;0;;22;14
BLA;06.12.2005 00:00;-8.7;-1.5;-12;;;;88.8;2.9;;;;;;1.7;;;;;;;0.6;;;;;;;;;;;0;;28.7;20.7
BLA;07.12.2005 00:00;-5;-2.5;-8.4;;;;89.3;3.8;;;;;;2.6;;;;;;;0.2;;;;;;;;;;;0;;25;17
BLA;08.12.2005 00:00;-6.9;-4;-13.5;;;;89.5;3.4;;;;;;1.5;;;;;;;9.3;;;;;;;;;;;0;;26.9;18.9
BLA;09.12.2005 00:00;-9.5;-4;-13.5;;;;92.8;2.9;;;;;;2.7;;;;;;;0;;;;;;;;;;;0;;29.5;21.5
BLA;10.12.2005 00:00;-11.5;-3;-15;;;;83.8;2.2;;;;;;3.9;;;;;;;0;;;;;;;;;;;0;;31.5;23.5
BLA;11.12.2005 00:00;-6.5;0.5;-12;;;;70.8;2.8;;;;;;4.6;;;;;;;0;;;;;;;;;;;0;;26.5;18.5
BLA;12.12.2005 00:00;-5.2;-1.5;-9.3;;;;75.1;3.2;;;;;;3.9;;;;;;;0;;;;;;;;;;;0;;25.2;17.2
BLA;13.12.2005 00:00;-4.5;2;-7;;;;90.8;4.1;;;;;;2.4;;;;;;;0;;;;;;;;;;;0;;24.5;16.5
BLA;14.12.2005 00:00;-9.4;-2.8;-11;;;;94.9;2.8;;;;;;2.4;;;;;;;0;;;;;;;;;;;0;;29.4;21.4
BLA;15.12.2005 00:00;-12.3;-3;-16.2;;;;87.4;2.1;;;;;;3.9;;;;;;;1.2;;;;;;;;;;;0;;32.3;24.3
BLA;16.12.2005 00:00;-2.8;0;-11.4;;;;98.8;5.3;;;;;;1.5;;;;;;;51;;;;;;;;;;;0;;22.8;14.8
BLA;17.12.2005 00:00;-6;-3.5;-9;;;;74.2;2.9;;;;;;5.3;;;;;;;3.8;;;;;;;;;;;0;;26;18
BLA;18.12.2005 00:00;-13.1;-6.5;-15;;;;78.1;1.8;;;;;;6;;;;;;;0;;;;;;;;;;;0;;33.1;25.1
BLA;19.12.2005 00:00;-9.9;-5;-19.7;;;;74.4;2.2;;;;;;3.9;;;;;;;1.4;;;;;;;;;;;0;;29.9;21.9
BLA;20.12.2005 00:00;-12.5;-5.5;-15.6;;;;88.9;2.1;;;;;;3.9;;;;;;;0;;;;;;;;;;;0;;32.5;24.5
BLA;21.12.2005 00:00;-11.7;-3.5;-15;;;;75.8;1.9;;;;;;3.9;;;;;;;0;;;;;;;;;;;0;;31.7;23.7
BLA;22.12.2005 00:00;-9.6;-3;-12.5;;;;82.2;2.4;;;;;;3.9;;;;;;;0;;;;;;;;;;;0;;29.6;21.6
BLA;23.12.2005 00:00;-6.1;-2;-10.4;;;;77;3.1;;;;;;3.1;;;;;;;0;;;;;;;;;;;0;;26.1;18.1
BLA;24.12.2005 00:00;-7.4;0;-9.2;;;;89.8;3.2;;;;;;1.7;;;;;;;0;;;;;;;;;;;0;;27.4;19.4
BLA;25.12.2005 00:00;-12;-5;-14;;;;80.1;2;;;;;;2.7;;;;;;;0;;;;;;;;;;;0;;32;24
BLA;26.12.2005 00:00;-14.6;-8.5;-17;;;;85.6;1.8;;;;;;3.9;;;;;;;0;;;;;;;;;;;0;;34.6;26.6
BLA;27.12.2005 00:00;-13.7;-9;-18;;;;80.7;1.8;;;;;;0;;;;;;;0;;;;;;;;;;;0;;33.7;25.7
BLA;28.12.2005 00:00;-15.5;-10;-20;;;;73.8;1.3;;;;;;;;;;;;;0;;;;;;;;;;;0;;35.5;27.5
BLA;29.12.2005 00:00;-18.4;-11.5;-20.5;;;;80.1;1.1;;;;;;2.7;;;;;;;0;;;;;;;;;;;0;;38.4;30.4
BLA;30.12.2005 00:00;-16.8;0;-23;;;;82.2;1.5;;;;;;3.9;;;;;;;30.2;;;;;;;;;;;0;;36.8;28.8
BLA;31.12.2005 00:00;-0.7;3;-10;;;;96.4;6;;;;;;3.3;;;;;;;12.1;;;;;;;;;;;0;;20.7;12.7
BLA;01.01.2006 00:00;-4.5;-1.5;-7;;;;89.5;4;;;;;;2.4;;;;;;;0;;;;;;;;;;;0;;24.5;16.5
BLA;02.01.2006 00:00;-6;-3;-9;;;;90.3;3.6;;;;;;3.1;;;;;;;0;;;;;;;;;;;0;;26;18
BLA;03.01.2006 00:00;-9.6;-1.6;-14;;;;80.3;2.4;;;;;;0.9;;;;;;;0;;;;;;;;;;;0;;29.6;21.6
BLA;04.01.2006 00:00;-14.6;-6;-16.6;;;;88.4;1.8;;;;;;4.6;;;;;;;0;;;;;;;;;;;0;;34.6;26.6
BLA;05.01.2006 00:00;-13.3;-7;-15.5;;;;82.7;1.8;;;;;;3.9;;;;;;;0;;;;;;;;;;;0;;33.3;25.3
BLA;06.01.2006 00:00;-12.2;-3.5;-15;;;;79.5;1.9;;;;;;3.1;;;;;;;0;;;;;;;;;;;0;;32.2;24.2
BLA;07.01.2006 00:00;-9.1;0;-15;;;;71.4;2.3;;;;;;;;;;;;;0;;;;;;;;;;;0;;29.1;21.1
BLA;08.01.2006 00:00;-9.4;-2.5;-13;;;;77.1;2.3;;;;;;;;;;;;;0;;;;;;;;;;;0;;29.4;21.4
BLA;09.01.2006 00:00;-11.5;-3;-14;;;;76.9;1.9;;;;;;;;;;;;;0;;;;;;;;;;;0;;31.5;23.5
BLA;10.01.2006 00:00;-13.9;-3.5;-16;;;;72.9;1.5;;;;;;;;;;;;;0;;;;;;;;;;;0;;33.9;25.9
BLA;11.01.2006 00:00;-13.8;-3.5;-16.5;;;;70.6;1.5;;;;;;;;;;;;;0;;;;;;;;;;;0;;33.8;25.8
BLA;12.01.2006 00:00;-9;-2.5;-15;;;;65.8;2.1;;;;;;;;;;;;;0;;;;;;;;;;;0;;29;21
BLA;13.01.2006 00:00;-12.2;-2;-15;;;;63.2;1.5;;;;;;3.4;;;;;;;0;;;;;;;;;;;0;;32.2;24.2
BLA;14.01.2006 00:00;-11.6;-2;-14;;;;67.3;1.7;;;;;;4.6;;;;;;;0;;;;;;;;;;;0;;31.6;23.6
BLA;15.01.2006 00:00;-13.6;-3.5;-15.5;;;;69.8;1.5;;;;;;3.4;;;;;;;0;;;;;;;;;;;0;;33.6;25.6
BLA;16.01.2006 00:00;-12.3;-3.5;-17;;;;78.1;2;;;;;;3.3;;;;;;;1.5;;;;;;;;;;;0;;32.3;24.3
BLA;17.01.2006 00:00;-2.8;-0.5;-7.5;;;;90.1;4.6;;;;;;3.9;;;;;;;17.6;;;;;;;;;;;0;;22.8;14.8
BLA;18.01.2006 00:00;-1;0;-2;;;;96.1;5.5;;;;;;4;;;;;;;4.5;;;;;;;;;;;0;;21;13
BLA;19.01.2006 00:00;-7.5;0;-9;;;;84;2.9;;;;;;3.8;;;;;;;0;;;;;;;;;;;0;;27.5;19.5
BLA;20.01.2006 00:00;-6.4;3.5;-10;;;;91.4;3.5;;;;;;3.3;;;;;;;0;;;;;;;;;;;0;;26.4;18.4
BLA;21.01.2006 00:00;-5.6;1.5;-8.5;;;;74.6;3.1;;;;;;3.9;;;;;;;0;;;;;;;;;;;0;;25.6;17.6
BLA;22.01.2006 00:00;-9.2;-3;-13.5;;;;70.3;2.2;;;;;;3.9;;;;;;;0;;;;;;;;;;;0;;29.2;21.2
BLA;23.01.2006 00:00;-11.8;-2;-15;;;;77.9;1.9;;;;;;4.6;;;;;;;0;;;;;;;;;;;0;;31.8;23.8
BLA;24.01.2006 00:00;-13.1;-1.5;-16.5;;;;70.4;1.6;;;;;;3.9;;;;;;;0;;;;;;;;;;;0;;33.1;25.1
BLA;25.01.2006 00:00;-9.6;-1;-15.2;;;;68.6;2.1;;;;;;3.9;;;;;;;0;;;;;;;;;;;0;;29.6;21.6
BLA;26.01.2006 00:00;-14.3;-6;-18.7;;;;74.4;1.5;;;;;;3.3;;;;;;;0;;;;;;;;;;;0;;34.3;26.3
BLA;27.01.2006 00:00;-5.8;-1.2;-12.4;;;;67.2;2.8;;;;;;5.3;;;;;;;0;;;;;;;;;;;0;;25.8;17.8
BLA;28.01.2006 00:00;-1.8;4;-5.5;;;;52.8;3.1;;;;;;4.6;;;;;;;0;;;;;;;;;;;0;;21.8;13.8
BLA;29.01.2006 00:00;-2.1;5;-5;;;;76.9;4;;;;;;3.9;;;;;;;0;;;;;;;;;;;0;;22.1;14.1
BLA;30.01.2006 00:00;-3.6;5;-8.5;;;;80.8;3.9;;;;;;3.3;;;;;;;0;;;;;;;;;;;0;;23.6;15.6
BLA;31.01.2006 00:00;-4.5;6.5;-7;;;;79.2;3.5;;;;;;3.3;;;;;;;0;;;;;;;;;;;0;;24.5;16.5
BLA;01.02.2006 00:00;-5.1;6;-8.5;;;;74.7;3.2;;;;;;3.3;;;;;;;0;;;;;;;;;;;0;;25.1;17.1
BLA;02.02.2006 00:00;-5.6;3.5;-10.5;;;;70.3;2.9;;;;;;2.6;;;;;;;0;;;;;;;;;;;0;;25.6;17.6
BLA;03.02.2006 00:00;-8;-2.5;-12;;;;70.6;2.4;;;;;;2.6;;;;;;;0;;;;;;;;;;;0;;28;20
BLA;04.02.2006 00:00;-8.1;1.2;-13.3;;;;73.6;2.5;;;;;;1.7;;;;;;;0;;;;;;;;;;;0;;28.1;20.1
BLA;05.02.2006 00:00;-10.2;-0.5;-14.5;;;;86.9;2.5;;;;;;6;;;;;;;0;;;;;;;;;;;0;;30.2;22.2
BLA;06.02.2006 00:00;-9.7;-2.5;-14.7;;;;88.1;2.7;;;;;;5.3;;;;;;;0;;;;;;;;;;;0;;29.7;21.7
BLA;07.02.2006 00:00;-6.6;-2.5;-9;;;;90.9;3.4;;;;;;3.3;;;;;;;0;;;;;;;;;;;0;;26.6;18.6
BLA;08.02.2006 00:00;-8;-3;-14.6;;;;89;3.2;;;;;;4.6;;;;;;;1.7;;;;;;;;;;;0;;28;20
BLA;09.02.2006 00:00;-4.6;-1;-8;;;;77.9;3.2;;;;;;5.3;;;;;;;0.2;;;;;;;;;;;0;;24.6;16.6
BLA;10.02.2006 00:00;-9;-2;-11;;;;62.5;1.9;;;;;;6.2;;;;;;;0;;;;;;;;;;;0;;29;21
BLA;11.02.2006 00:00;-13.2;-1;-18;;;;71;1.6;;;;;;3.1;;;;;;;0;;;;;;;;;;;0;;33.2;25.2
BLA;12.02.2006 00:00;-10.6;-0.5;-18;;;;61.3;1.7;;;;;;4.6;;;;;;;0;;;;;;;;;;;0;;30.6;22.6
BLA;13.02.2006 00:00;-8.7;2.2;-16.2;;;;70.1;2.4;;;;;;3.9;;;;;;;0;;;;;;;;;;;0;;28.7;20.7
BLA;14.02.2006 00:00;-5;5;-13.2;;;;71;3.1;;;;;;1.5;;;;;;;0;;;;;;;;;;;0;;25;17
BLA;15.02.2006 00:00;-2.7;1;-9.4;;;;85;4.6;;;;;;5.3;;;;;;;29.9;;;;;;;;;;;0;;22.7;14.7
BLA;16.02.2006 00:00;0.4;5.5;-1.1;;;;97.3;6.2;;;;;;2.6;;;;;;;22.4;;;;;;;;;;;0;;19.6;11.6
BLA;17.02.2006 00:00;-3;-1.4;-4.7;;;;86.6;4.2;;;;;;0.9;;;;;;;10.8;;;;;;;;;;;0;;23;15
BLA;18.02.2006 00:00;-2.9;1;-4;;;;90;4.5;;;;;;2.6;;;;;;;10.5;;;;;;;;;;;0;;22.9;14.9
BLA;19.02.2006 00:00;-4;2.4;-11.7;;;;78;3.7;;;;;;4.6;;;;;;;9.1;;;;;;;;;;;0;;24;16
BLA;20.02.2006 00:00;-2.1;1.5;-5;;;;76.3;4;;;;;;3.3;;;;;;;0.1;;;;;;;;;;;0;;22.1;14.1
BLA;21.02.2006 00:00;-7.1;2.5;-13;;;;72.3;2.6;;;;;;3.9;;;;;;;0;;;;;;;;;;;0;;27.1;19.1
BLA;22.02.2006 00:00;-5.4;3.5;-12;;;;70;2.8;;;;;;4.6;;;;;;;0;;;;;;;;;;;0;;25.4;17.4
BLA;23.02.2006 00:00;-7.8;3.5;-14;;;;76.5;2.6;;;;;;1.5;;;;;;;0;;;;;;;;;;;0;;27.8;19.8
BLA;24.02.2006 00:00;-5.8;0;-14;;;;89.7;3.9;;;;;;2.6;;;;;;;2.7;;;;;;;;;;;0;;25.8;17.8
BLA;25.02.2006 00:00;-2.9;1;-7;;;;88.4;4.4;;;;;;2.4;;;;;;;0.2;;;;;;;;;;;0;;22.9;14.9
BLA;26.02.2006 00:00;-3.9;2;-10;;;;75.6;3.5;;;;;;2.6;;;;;;;0;;;;;;;;;;;0;;23.9;15.9
BLA;27.02.2006 00:00;-8.8;0;-16;;;;69.7;2.2;;;;;;4.6;;;;;;;0;;;;;;;;;;;0;;28.8;20.8
BLA;28.02.2006 00:00;-8.6;-4.5;-15;;;;72.6;2.4;;;;;;3.3;;;;;;;3.7;;;;;;;;;;;0;;28.6;20.6
BLA;01.03.2006 00:00;-8.4;-4.5;-11;;;;79.4;2.6;;;;;;4.6;;;;;;;0.1;;;;;;;;;;;0;;28.4;20.4
BLA;02.03.2006 00:00;-11.8;-6.5;-19;;;;78;2.2;;;;;;2.4;;;;;;;8.8;;;;;;;;;;;0;;31.8;23.8
BLA;03.03.2006 00:00;-4.7;-0.5;-9.5;;;;96.4;4.4;;;;;;3.3;;;;;;;23.2;;;;;;;;;;;0;;24.7;16.7
BLA;04.03.2006 00:00;-0.4;0.5;-2.5;;;;98.8;6;;;;;;0.9;;;;;;;34;;;;;;;;;;;0;;20.4;12.4
BLA;05.03.2006 00:00;-3.6;0;-9;;;;75.6;3.7;;;;;;4.5;;;;;;;0;;;;;;;;;;;0;;23.6;15.6
BLA;06.03.2006 00:00;-9.8;-3.5;-17.5;;;;63.8;1.8;;;;;;4.5;;;;;;;3.7;;;;;;;;;;;0;;29.8;21.8
BLA;07.03.2006 00:00;-7.7;-2;-10;;;;61.8;2;;;;;;6.7;;;;;;;1.2;;;;;;;;;;;0;;27.7;19.7
BLA;08.03.2006 00:00;-5;0.5;-12;;;;96.6;4.5;;;;;;2.4;;;;;;;36.8;;;;;;;;;;;0;;25;17
BLA;09.03.2006 00:00;0.9;6.5;-1;;;;91;5.7;;;;;;3.3;;;;;;;7.6;;;;;;;;;;;0;;19.1;11.1
BLA;10.03.2006 00:00;-3.6;-1;-8;;;;89;4.2;;;;;;2.4;;;;;;;5.9;;;;;;;;;;;0;;23.6;15.6
BLA;11.03.2006 00:00;-4.3;-1;-7.5;;;;80.2;3.3;;;;;;4;;;;;;;2.3;;;;;;;;;;;0;;24.3;16.3
BLA;12.03.2006 00:00;-11.2;-7.5;-15;;;;49.6;1.3;;;;;;13.3;;;;;;;0.4;;;;;;;;;;;0;;31.2;23.2
BLA;13.03.2006 00:00;-12;0.5;-22;;;;59.4;1.4;;;;;;4.6;;;;;;;0;;;;;;;;;;;0;;32;24
BLA;14.03.2006 00:00;-7.6;5.5;-17;;;;66.2;2.4;;;;;;2.4;;;;;;;0;;;;;;;;;;;0;;27.6;19.6
BLA;15.03.2006 00:00;-5.8;6;-14.5;;;;67.6;2.6;;;;;;3.3;;;;;;;0;;;;;;;;;;;0;;25.8;17.8
BLA;16.03.2006 00:00;-4.8;3;-12;;;;66.8;2.7;;;;;;3.3;;;;;;;0;;;;;;;;;;;0;;24.8;16.8
BLA;17.03.2006 00:00;-4.9;5;-13.8;;;;61.4;2.5;;;;;;3.9;;;;;;;0;;;;;;;;;;;0;;24.9;16.9
BLA;18.03.2006 00:00;-3;8.5;-12;;;;61.4;2.9;;;;;;4.6;;;;;;;0;;;;;;;;;;;0;;23;15
BLA;19.03.2006 00:00;-0.8;8.5;-9;;;;67.6;3.7;;;;;;3.9;;;;;;;0;;;;;;;;;;;0;;20.8;12.8
BLA;20.03.2006 00:00;0.7;8.5;-7;;;;79;4.9;;;;;;0.9;;;;;;;0;;;;;;;;;;;0;;19.3;11.3
BLA;21.03.2006 00:00;1.8;7;-2.5;;;;84.4;5.6;;;;;;2.4;;;;;;;0;;;;;;;;;;;0;;18.2;10.2
BLA;22.03.2006 00:00;2.3;9;-2;;;;76.8;5.2;;;;;;4.6;;;;;;;7.5;;;;;;;;;;;0;;17.7;9.7
BLA;23.03.2006 00:00;1.4;7.5;-2;;;;76.2;5.1;;;;;;2.6;;;;;;;0;;;;;;;;;;;0;;18.6;10.6
BLA;24.03.2006 00:00;1.6;5;-3;;;;71.4;5.1;;;;;;3.9;;;;;;;4.9;;;;;;;;;;;0;;18.4;10.4
BLA;25.03.2006 00:00;3.5;9;0;;;;77.8;5.9;;;;;;2.4;;;;;;;8.4;;;;;;;;;;;0;;16.5;8.5
BLA;26.03.2006 00:00;5.8;11;0.5;;;;71.6;6.1;;;;;;2.4;;;;;;;0;;;;;;;;;;;0;;14.2;6.2
BLA;27.03.2006 00:00;5;12;0;;;;72.8;6;;;;;;4.6;;;;;;;1;;;;;;;;;;;0;;15;7
BLA;28.03.2006 00:00;0.7;4.5;-0.5;;;;95.6;6.3;;;;;;4.6;;;;;;;13.4;;;;;;;;;;;0;;19.3;11.3
BLA;29.03.2006 00:00;-0.1;4;-3.5;;;;81;4.9;;;;;;3.3;;;;;;;1.6;;;;;;;;;;;0;;20.1;12.1
BLA;30.03.2006 00:00;0.3;4;-7;;;;83.8;5.8;;;;;;2.2;;;;;;;32.2;;;;;;;;;;;0;;19.7;11.7
BLA;31.03.2006 00:00;4.3;9.5;0;;;;73.2;5.5;;;;;;1.7;;;;;;;0.7;;;;;;;;;;;0;;15.7;7.7
BLA;01.04.2006 00:00;3.3;8.5;-3;;;;83.5;5.7;;;;;;2.1;;;;;;;2.1;;;;;;;;;;;0;;16.7;8.7
BLA;02.04.2006 00:00;2.8;8;-2.2;;;;77;5;;;;;;4.6;;;;;;;3.8;;;;;;;;;;;0;;17.2;9.2
BLA;03.04.2006 00:00;1.8;6;-1;;;;63.4;3.8;;;;;;6.2;;;;;;;0;;;;;;;;;;;0;;18.2;10.2
BLA;04.04.2006 00:00;1;9;-8;;;;51.1;3;;;;;;3.1;;;;;;;10.9;;;;;;;;;;;0;;19;11
BLA;05.04.2006 00:00;0.5;3.5;-2;;;;95.2;5.9;;;;;;3.3;;;;;;;18;;;;;;;;;;;0;;19.5;11.5
BLA;06.04.2006 00:00;-0.3;4.4;-4.5;;;;94.1;6;;;;;;2.4;;;;;;;0;;;;;;;;;;;0;;20.3;12.3
BLA;07.04.2006 00:00;-0.7;8.8;-9.6;;;;66;3.6;;;;;;3.3;;;;;;;0;;;;;;;;;;;0;;20.7;12.7
BLA;08.04.2006 00:00;1.9;10.5;-7;;;;61.7;3.6;;;;;;1.7;;;;;;;0;;;;;;;;;;;0;;18.1;10.1
BLA;09.04.2006 00:00;4.4;9.3;1.3;;;;82.3;6.1;;;;;;1.7;;;;;;;1.5;;;;;;;;;;;0;;15.6;7.6
BLA;10.04.2006 00:00;1.1;4;-1;;;;91.8;6.1;;;;;;1.7;;;;;;;7.5;;;;;;;;;;;0;;18.9;10.9
BLA;11.04.2006 00:00;-1.6;2;-4;;;;48.6;2.5;;;;;;8.4;;;;;;;0;;;;;;;;;;;0;;21.6;13.6
BLA;12.04.2006 00:00;-2.2;3.3;-7.6;;;;70.6;4.1;;;;;;3.9;;;;;;;2.2;;;;;;;;;;;0;;22.2;14.2
BLA;13.04.2006 00:00;-1.8;3.5;-7.5;;;;84.2;4.6;;;;;;3.1;;;;;;;3.7;;;;;;;;;;;0;;21.8;13.8
BLA;14.04.2006 00:00;4.4;12;-3.5;;;;60.2;4;;;;;;4.6;;;;;;;0;;;;;;;;;;;0;;15.6;7.6
BLA;15.04.2006 00:00;3.9;9.5;0.5;;;;81.6;6.2;;;;;;3.3;;;;;;;14.1;;;;;;;;;;;0;;16.1;8.1
BLA;16.04.2006 00:00;3.8;9.2;0.9;;;;76.8;6;;;;;;2.6;;;;;;;0.1;;;;;;;;;;;0;;16.2;8.2
BLA;17.04.2006 00:00;2.6;9;-3.5;;;;65;4.3;;;;;;0;;;;;;;0;;;;;;;;;;;0;;17.4;9.4
BLA;18.04.2006 00:00;3.3;9.5;-1.7;;;;73.9;5.5;;;;;;0.9;;;;;;;0;;;;;;;;;;;0;;16.7;8.7
BLA;19.04.2006 00:00;3;10;-4;;;;64.3;4.4;;;;;;2.4;;;;;;;0;;;;;;;;;;;0;;17;9
BLA;20.04.2006 00:00;4.8;11;-2.5;;;;59.6;4.4;;;;;;3.9;;;;;;;0;;;;;;;;;;;0;;15.2;7.2
BLA;21.04.2006 00:00;5.3;12;-2.1;;;;66.2;5.3;;;;;;3.1;;;;;;;0;;;;;;;;;;;0;;14.7;6.7
BLA;22.04.2006 00:00;5.5;12.5;-1.8;;;;64.3;5.2;;;;;;3.9;;;;;;;1.3;;;;;;;;;;;0;;14.5;6.5
BLA;23.04.2006 00:00;5.8;11.5;0.2;;;;68.4;5.7;;;;;;1.5;;;;;;;0;;;;;;;;;;;0;;14.2;6.2
BLA;24.04.2006 00:00;5.9;13;-1;;;;67.2;5.5;;;;;;3.9;;;;;;;3.8;;;;;;;;;;;0;;14.1;6.1
BLA;25.04.2006 00:00;3.9;8.5;1.5;;;;88.9;7.3;;;;;;1.7;;;;;;;2.3;;;;;;;;;;;0;;16.1;8.1
BLA;26.04.2006 00:00;4.9;11.5;0.8;;;;78.1;6.1;;;;;;3.1;;;;;;;1.9;;;;;;;;;;;0;;15.1;7.1
BLA;27.04.2006 00:00;6.4;11.5;0.9;;;;70.6;6.5;;;;;;2.4;;;;;;;0;;;;;;;;;;;0;;13.6;5.6
BLA;28.04.2006 00:00;5.8;11.5;0.4;;;;69.2;6.4;;;;;;3.8;;;;;;;0;;;;;;;;;;;0;;14.2;6.2
BLA;29.04.2006 00:00;3.4;9.2;-2;;;;64.5;4.4;;;;;;5.5;;;;;;;0;;;;;;;;;;;0;;16.6;8.6
BLA;30.04.2006 00:00;0.5;8.5;-7;;;;57.1;3.5;;;;;;3.3;;;;;;;0;;;;;;;;;;;0;;19.5;11.5
BLA;01.05.2006 00:00;3.6;11.5;-5;;;;56.3;4.3;;;;;;3.8;;;;;;;0;;;;;;;;;;;0;;16.4;8.4
BLA;02.05.2006 00:00;7.5;14;1.7;;;;60;5.7;;;;;;2.4;;;;;;;0;;;;;;;;;;;0;;12.5;4.5
BLA;03.05.2006 00:00;8.8;16.5;0;;;;59.9;6;;;;;;4.6;;;;;;;0;;;;;;;;;;;0;;11.2;3.2
BLA;04.05.2006 00:00;8.4;16.7;0.2;;;;57.7;5.6;;;;;;3.9;;;;;;;0;;;;;;;;;;;0;;11.6;3.6
BLA;05.05.2006 00:00;6.6;12;4;;;;83.5;8.6;;;;;;3.9;;;;;;;3;;;;;;;;;;;0;;13.4;5.4
BLA;06.05.2006 00:00;5.3;10;2.8;;;;94.3;8.3;;;;;;3.1;;;;;;;6.8;;;;;;;;;;;0;;14.7;6.7
BLA;07.05.2006 00:00;6.4;12.2;2;;;;80.8;7.8;;;;;;2.6;;;;;;;1;;;;;;;;;;;0;;13.6;5.6
BLA;08.05.2006 00:00;7.2;12.4;2.2;;;;73.3;7.5;;;;;;3.3;;;;;;;19.5;;;;;;;;;;;0;;12.8;4.8
BLA;09.05.2006 00:00;2.1;6;-1;;;;84.7;6;;;;;;2.6;;;;;;;1.1;;;;;;;;;;;0;;17.9;9.9
BLA;10.05.2006 00:00;2.4;6.6;-0.6;;;;95.2;6.8;;;;;;2.4;;;;;;;0.3;;;;;;;;;;;0;;17.6;9.6
BLA;11.05.2006 00:00;6.5;15;-0.5;;;;66.1;5.6;;;;;;3.3;;;;;;;0;;;;;;;;;;;0;;13.5;5.5
BLA;12.05.2006 00:00;8.3;15.7;-0.4;;;;59.6;5.6;;;;;;2.4;;;;;;;0.4;;;;;;;;;;;0;;11.7;3.7
BLA;13.05.2006 00:00;9.1;16;4.5;;;;77.3;7.8;;;;;;4.5;;;;;;;10.8;;;;;;;;;;;0;;10.9;2.9
BLA;14.05.2006 00:00;8.7;14;3.5;;;;67.1;6.7;;;;;;;;;;;;;0;;;;;;;;;;;0;;11.3;3.3
BLA;15.05.2006 00:00;8.9;16.5;3.5;;;;55.3;5.5;;;;;;3.9;;;;;;;0.7;;;;;;;;;;;0;;11.1;3.1
BLA;16.05.2006 00:00;10.7;17.2;2;;;;76;9.1;;;;;;2.6;;;;;;;3;;;;;;;;;;;0;;9.3;1.3
BLA;17.05.2006 00:00;12.8;19.4;6.5;;;;57.7;7.5;;;;;;2.4;;;;;;;0;;;;;;;;;;;0;;0;0
BLA;18.05.2006 00:00;11.9;17.5;8;;;;76.3;10.1;;;;;;4.6;;;;;;;18;;;;;;;;;;;0;;8.1;0.1
BLA;19.05.2006 00:00;8.8;14.5;2.5;;;;68.4;6.8;;;;;;5.3;;;;;;;0;;;;;;;;;;;0;;11.2;3.2
BLA;20.05.2006 00:00;6.8;9.5;2;;;;76.9;8.2;;;;;;3.9;;;;;;;6.9;;;;;;;;;;;0;;13.2;5.2
BLA;21.05.2006 00:00;8.6;12.5;4.5;;;;69.9;7.3;;;;;;4.6;;;;;;;0;;;;;;;;;;;0;;11.4;3.4
BLA;22.05.2006 00:00;10.3;18;1.4;;;;67.2;7.9;;;;;;;;;;;;;1.6;;;;;;;;;;;0;;9.7;1.7
BLA;23.05.2006 00:00;8.4;13;4;;;;71.1;7.8;;;;;;;;;;;;;0;;;;;;;;;;;0;;11.6;3.6
BLA;24.05.2006 00:00;6.9;12;2.3;;;;63.7;5.6;;;;;;4.6;;;;;;;0;;;;;;;;;;;0;;13.1;5.1
BLA;25.05.2006 00:00;6.9;14;-1.5;;;;56.9;5.3;;;;;;3.1;;;;;;;0;;;;;;;;;;;0;;13.1;5.1
BLA;26.05.2006 00:00;9.9;19;1.7;;;;64.5;8.2;;;;;;4;;;;;;;0;;;;;;;;;;;0;;10.1;2.1
BLA;27.05.2006 00:00;12.4;18.5;6.2;;;;68.6;9.6;;;;;;1.7;;;;;;;0;;;;;;;;;;;0;;0;0
BLA;28.05.2006 00:00;11.7;18.5;4;;;;80.1;10.3;;;;;;3.8;;;;;;;8.2;;;;;;;;;;;0;;8.3;0.3
BLA;29.05.2006 00:00;8.7;12.5;6;;;;92.1;10;;;;;;3.9;;;;;;;13.3;;;;;;;;;;;0;;11.3;3.3
BLA;30.05.2006 00:00;-0.1;2;-1.5;;;;80.5;5.1;;;;;;3.1;;;;;;;6.1;;;;;;;;;;;0;;20.1;12.1
BLA;31.05.2006 00:00;1.3;6.5;-2.5;;;;65.4;3.9;;;;;;6;;;;;;;0.7;;;;;;;;;;;0;;18.7;10.7
BLA;01.06.2006 00:00;0.7;8;-6;;;;83.8;4.9;;;;;;3.9;;;;;;;5.8;;;;;;;;;;;0;;19.3;11.3
BLA;02.06.2006 00:00;1.5;7.8;-6.2;;;;66;4.2;;;;;;3.8;;;;;;;0;;;;;;;;;;;0;;18.5;10.5
BLA;03.06.2006 00:00;4.8;12.5;-4;;;;53.5;4.5;;;;;;4.6;;;;;;;0;;;;;;;;;;;0;;15.2;7.2
BLA;04.06.2006 00:00;6.1;12;-1.5;;;;60;5.6;;;;;;6;;;;;;;0.3;;;;;;;;;;;0;;13.9;5.9
BLA;05.06.2006 00:00;7;13;-0.5;;;;65.4;6.1;;;;;;3.8;;;;;;;0.4;;;;;;;;;;;0;;13;5
BLA;06.06.2006 00:00;7.1;13.5;1.7;;;;63.3;5.6;;;;;;4.6;;;;;;;0;;;;;;;;;;;0;;12.9;4.9
BLA;07.06.2006 00:00;6.5;15.8;-3;;;;61.8;5.2;;;;;;3.9;;;;;;;0;;;;;;;;;;;0;;13.5;5.5
BLA;08.06.2006 00:00;9;17;-0.6;;;;60.2;5.9;;;;;;3.1;;;;;;;0;;;;;;;;;;;0;;11;3
BLA;09.06.2006 00:00;9.3;18.5;0;;;;62.9;6.3;;;;;;3.9;;;;;;;0;;;;;;;;;;;0;;10.7;2.7
BLA;10.06.2006 00:00;11.7;20.5;1.5;;;;63.2;8.2;;;;;;3.3;;;;;;;0;;;;;;;;;;;0;;8.3;0.3
BLA;11.06.2006 00:00;14;22.5;3;;;;59.4;9;;;;;;4;;;;;;;0;;;;;;;;;;;0;;0;0
BLA;12.06.2006 00:00;13.3;22.5;4;;;;65.6;9.2;;;;;;4;;;;;;;0;;;;;;;;;;;0;;0;0
BLA;13.06.2006 00:00;14.2;23.1;5.3;;;;65.6;9.7;;;;;;5.3;;;;;;;0;;;;;;;;;;;0;;0;0
BLA;14.06.2006 00:00;14.5;23.5;5.5;;;;62.3;9;;;;;;4;;;;;;;0;;;;;;;;;;;0;;0;0
BLA;15.06.2006 00:00;16.2;25.7;5.8;;;;64.2;10.9;;;;;;3.1;;;;;;;0;;;;;;;;;;;0;;0;0
BLA;16.06.2006 00:00;14.6;21.5;7.2;;;;71.2;10.9;;;;;;1.7;;;;;;;6.9;;;;;;;;;;;0;;0;0
BLA;17.06.2006 00:00;13.5;20;8;;;;79.1;12.1;;;;;;2.2;;;;;;;5.7;;;;;;;;;;;0;;0;0
BLA;18.06.2006 00:00;14.2;23;4.5;;;;75.9;11.3;;;;;;3.9;;;;;;;1.9;;;;;;;;;;;0;;0;0
BLA;19.06.2006 00:00;14.8;23;5.7;;;;68.6;10.8;;;;;;2.4;;;;;;;2.6;;;;;;;;;;;0;;0;0
BLA;20.06.2006 00:00;15.1;23.6;7.2;;;;70.5;11.1;;;;;;3.3;;;;;;;0.6;;;;;;;;;;;0;;0;0
BLA;21.06.2006 00:00;14.5;23.5;8.8;;;;81;12.1;;;;;;4.6;;;;;;;4.7;;;;;;;;;;;0;;0;0
BLA;22.06.2006 00:00;13.3;18;5.5;;;;72.3;11.2;;;;;;4.6;;;;;;;0;;;;;;;;;;;0;;0;0
BLA;23.06.2006 00:00;15.4;23.1;7.2;;;;69.7;11.7;;;;;;3.9;;;;;;;0;;;;;;;;;;;0;;0;0
BLA;24.06.2006 00:00;15.9;25.3;7.4;;;;66.5;11.3;;;;;;4.6;;;;;;;2.1;;;;;;;;;;;0;;0;0
BLA;25.06.2006 00:00;15.2;23.5;6.6;;;;72.3;11.6;;;;;;1.7;;;;;;;0.2;;;;;;;;;;;0;;0;0
BLA;26.06.2006 00:00;15.9;22.5;9.5;;;;71.8;12.2;;;;;;5.3;;;;;;;0;;;;;;;;;;;0;;0;0
BLA;27.06.2006 00:00;15.6;24.8;7;;;;69.7;11.7;;;;;;2.6;;;;;;;13.5;;;;;;;;;;;0;;0;0
BLA;28.06.2006 00:00;13.8;22.5;8.5;;;;75.5;12;;;;;;3.1;;;;;;;6.4;;;;;;;;;;;0;;0;0
BLA;29.06.2006 00:00;13.7;19.5;8.5;;;;72.2;10;;;;;;1.7;;;;;;;0.7;;;;;;;;;;;0;;0;0
BLA;30.06.2006 00:00;13.9;22.7;4;;;;63.9;9.1;;;;;;3.9;;;;;;;0;;;;;;;;;;;0;;0;0
BLA;01.07.2006 00:00;16.1;24;5.5;;;;57.3;9.8;;;;;;3.3;;;;;;;0;;;;;;;;;;;0;;0;0
BLA;02.07.2006 00:00;16.3;25;6.5;;;;63.1;10.4;;;;;;3.9;;;;;;;0;;;;;;;;;;;0;;0;0
BLA;03.07.2006 00:00;14.9;24.6;7;;;;72.7;11.3;;;;;;4.6;;;;;;;0.5;;;;;;;;;;;0;;0;0
BLA;04.07.2006 00:00;16.6;24.9;8;;;;64.6;11.3;;;;;;2.4;;;;;;;0.6;;;;;;;;;;;0;;0;0
BLA;05.07.2006 00:00;15.2;26;10.5;;;;84.2;12.4;;;;;;3.9;;;;;;;13.7;;;;;;;;;;;0;;0;0
BLA;06.07.2006 00:00;10.4;18.5;7;;;;94.4;12.2;;;;;;5.3;;;;;;;10.7;;;;;;;;;;;0;;9.6;1.6
BLA;07.07.2006 00:00;11.5;15;8;;;;87.4;11.6;;;;;;1.7;;;;;;;1.3;;;;;;;;;;;0;;8.5;0.5
BLA;08.07.2006 00:00;13.9;21.5;7.5;;;;65.4;10;;;;;;3.1;;;;;;;0;;;;;;;;;;;0;;0;0
BLA;09.07.2006 00:00;14.1;21;5.5;;;;62.7;9.7;;;;;;2.4;;;;;;;0;;;;;;;;;;;0;;0;0
BLA;10.07.2006 00:00;15.4;24.8;5;;;;60.7;10.2;;;;;;3.3;;;;;;;0;;;;;;;;;;;0;;0;0
BLA;11.07.2006 00:00;17.9;25.5;9;;;;58.7;10.8;;;;;;4.6;;;;;;;0;;;;;;;;;;;0;;0;0
BLA;12.07.2006 00:00;15.9;26.5;7.5;;;;66.8;10.8;;;;;;3.9;;;;;;;0;;;;;;;;;;;0;;0;0
BLA;13.07.2006 00:00;15.9;25.3;8;;;;73.5;12.6;;;;;;2.4;;;;;;;0.1;;;;;;;;;;;0;;0;0
BLA;14.07.2006 00:00;15.8;25;8.5;;;;73.3;12.2;;;;;;3.9;;;;;;;0;;;;;;;;;;;0;;0;0
BLA;15.07.2006 00:00;17.7;26.5;8;;;;61.2;11.4;;;;;;2.4;;;;;;;0;;;;;;;;;;;0;;0;0
BLA;16.07.2006 00:00;18.2;25.5;9.5;;;;60.2;11.4;;;;;;4.6;;;;;;;0;;;;;;;;;;;0;;0;0
BLA;17.07.2006 00:00;16.2;26.5;6.5;;;;69.4;11.3;;;;;;4.6;;;;;;;0;;;;;;;;;;;0;;0;0
BLA;18.07.2006 00:00;15.5;25.5;8.5;;;;79.9;12.2;;;;;;3.9;;;;;;;8.7;;;;;;;;;;;0;;0;0
BLA;19.07.2006 00:00;17.5;26.5;8;;;;61.2;10.6;;;;;;3.1;;;;;;;0;;;;;;;;;;;0;;0;0
BLA;20.07.2006 00:00;17.4;27;8.5;;;;58.2;10.3;;;;;;5.3;;;;;;;2.8;;;;;;;;;;;0;;0;0
BLA;21.07.2006 00:00;17.5;26;8;;;;63.7;11.6;;;;;;4.6;;;;;;;0;;;;;;;;;;;0;;0;0
BLA;22.07.2006 00:00;17.8;26.6;9.5;;;;67.7;12.1;;;;;;3.3;;;;;;;3.5;;;;;;;;;;;0;;0;0
BLA;23.07.2006 00:00;17.6;24.7;10;;;;62.4;11.4;;;;;;6;;;;;;;0;;;;;;;;;;;0;;0;0
BLA;24.07.2006 00:00;18.1;27;8.5;;;;59.1;11.1;;;;;;3.9;;;;;;;0;;;;;;;;;;;0;;0;0
BLA;25.07.2006 00:00;18.6;27.5;11.5;;;;66.7;13.2;;;;;;3.8;;;;;;;0;;;;;;;;;;;0.3;;0;0
BLA;26.07.2006 00:00;16.1;22.5;10.5;;;;69.4;12.7;;;;;;6;;;;;;;3.1;;;;;;;;;;;0;;0;0
BLA;27.07.2006 00:00;17.7;26.7;8.1;;;;60.5;11;;;;;;4.6;;;;;;;0;;;;;;;;;;;0;;0;0
BLA;28.07.2006 00:00;14.2;21;8.3;;;;77;13.7;;;;;;4.6;;;;;;;3.3;;;;;;;;;;;0;;0;0
BLA;29.07.2006 00:00;15;21.5;9;;;;66.1;10.6;;;;;;3.3;;;;;;;0;;;;;;;;;;;0;;0;0
BLA;30.07.2006 00:00;15.1;25;7.5;;;;74.4;11.4;;;;;;3.8;;;;;;;0.1;;;;;;;;;;;0;;0;0
BLA;31.07.2006 00:00;15.6;21.5;11;;;;76.7;13.4;;;;;;2.6;;;;;;;14.8;;;;;;;;;;;0;;0;0
BLA;01.08.2006 00:00;13.4;16;12;;;;87.6;13.1;;;;;;4.6;;;;;;;6.3;;;;;;;;;;;0;;0;0
BLA;02.08.2006 00:00;12.7;19.5;6.6;;;;71;10.5;;;;;;3.4;;;;;;;5.1;;;;;;;;;;;0;;0;0
BLA;03.08.2006 00:00;8.5;12.5;7.5;;;;90.6;10.1;;;;;;4;;;;;;;7.4;;;;;;;;;;;0;;11.5;3.5
BLA;04.08.2006 00:00;8.5;13.5;5.5;;;;86.6;9.6;;;;;;1.7;;;;;;;18.1;;;;;;;;;;;0;;11.5;3.5
BLA;05.08.2006 00:00;9.5;13.5;6.5;;;;76.6;9.2;;;;;;4;;;;;;;2.4;;;;;;;;;;;0;;10.5;2.5
BLA;06.08.2006 00:00;8.2;11.5;5.5;;;;86.4;9.5;;;;;;4.6;;;;;;;2.2;;;;;;;;;;;0;;11.8;3.8
BLA;07.08.2006 00:00;10.7;17.5;3.9;;;;64.2;8;;;;;;3.1;;;;;;;0;;;;;;;;;;;0;;9.3;1.3
BLA;08.08.2006 00:00;11.4;19;3.8;;;;61.6;7.4;;;;;;4.6;;;;;;;0;;;;;;;;;;;0;;8.6;0.6
BLA;09.08.2006 00:00;12.1;18.5;6.5;;;;63;8.3;;;;;;3.8;;;;;;;0;;;;;;;;;;;0;;0;0
BLA;10.08.2006 00:00;9.8;15.5;3.7;;;;66.6;8.3;;;;;;2.4;;;;;;;0.2;;;;;;;;;;;0;;10.2;2.2
BLA;11.08.2006 00:00;8.3;12;6.3;;;;87.4;9;;;;;;0.9;;;;;;;7.4;;;;;;;;;;;0;;11.7;3.7
BLA;12.08.2006 00:00;7.8;11.5;5;;;;71.8;7.1;;;;;;4.6;;;;;;;2.7;;;;;;;;;;;0;;12.2;4.2
BLA;13.08.2006 00:00;6.3;8;4.4;;;;87.2;8.4;;;;;;2.4;;;;;;;8.2;;;;;;;;;;;0;;13.7;5.7
BLA;14.08.2006 00:00;7.2;12.5;3.5;;;;79.2;7.8;;;;;;1.7;;;;;;;0;;;;;;;;;;;0;;12.8;4.8
BLA;15.08.2006 00:00;8.9;18;0;;;;65.2;6.8;;;;;;3.3;;;;;;;3;;;;;;;;;;;0;;11.1;3.1
BLA;16.08.2006 00:00;8.5;17;5.4;;;;80.8;9.1;;;;;;3.3;;;;;;;1.2;;;;;;;;;;;0;;11.5;3.5
BLA;17.08.2006 00:00;13.6;20;8.5;;;;62;9.1;;;;;;4.6;;;;;;;1.2;;;;;;;;;;;0;;0;0
BLA;18.08.2006 00:00;14;21;8;;;;65.4;10;;;;;;2.4;;;;;;;0;;;;;;;;;;;0;;0;0
BLA;19.08.2006 00:00;14.2;21;7.5;;;;68.8;11.1;;;;;;3.3;;;;;;;6;;;;;;;;;;;0;;0;0
BLA;20.08.2006 00:00;11.2;17;9.3;;;;82.4;10.6;;;;;;3.9;;;;;;;2.4;;;;;;;;;;;0;;8.8;0.8
BLA;21.08.2006 00:00;10.7;18;4;;;;63.4;7.4;;;;;;5.3;;;;;;;0.1;;;;;;;;;;;0;;9.3;1.3
BLA;22.08.2006 00:00;12.3;18.7;7.5;;;;67.2;9.1;;;;;;2.4;;;;;;;0;;;;;;;;;;;0;;0;0
BLA;23.08.2006 00:00;11.6;20;3;;;;67;8.5;;;;;;3.3;;;;;;;0;;;;;;;;;;;0;;8.4;0.4
BLA;24.08.2006 00:00;9.6;16.5;5.5;;;;85.2;10.8;;;;;;1.7;;;;;;;1;;;;;;;;;;;0;;10.4;2.4
BLA;25.08.2006 00:00;8.3;16;2;;;;68.2;6.8;;;;;;4.6;;;;;;;0;;;;;;;;;;;0;;11.7;3.7
BLA;26.08.2006 00:00;7.7;17.5;0;;;;83;7.7;;;;;;3.3;;;;;;;4.6;;;;;;;;;;;0;;12.3;4.3
BLA;27.08.2006 00:00;9.1;14.8;4.5;;;;76.4;8.5;;;;;;3.3;;;;;;;0.3;;;;;;;;;;;0;;10.9;2.9
BLA;28.08.2006 00:00;5.1;10.5;2;;;;92;8;;;;;;2.6;;;;;;;20.1;;;;;;;;;;;0;;14.9;6.9
BLA;29.08.2006 00:00;5.9;11;4;;;;83.6;7;;;;;;2.4;;;;;;;14.2;;;;;;;;;;;0;;14.1;6.1
BLA;30.08.2006 00:00;5.7;11.5;2.5;;;;76.4;6.8;;;;;;3.9;;;;;;;0.1;;;;;;;;;;;0;;14.3;6.3
BLA;31.08.2006 00:00;6.3;16.5;-2;;;;74;6.7;;;;;;2.2;;;;;;;0;;;;;;;;;;;0;;13.7;5.7
BLA;01.09.2006 00:00;9.2;20.5;1.4;;;;67.2;6.9;;;;;;2.4;;;;;;;0;;;;;;;;;;;0;;10.8;2.8
BLA;02.09.2006 00:00;9.1;20;2;;;;71.1;8.5;;;;;;1.5;;;;;;;0.4;;;;;;;;;;;0;;10.9;2.9
BLA;03.09.2006 00:00;10.5;21.5;4;;;;63;7.7;;;;;;1.9;;;;;;;0;;;;;;;;;;;0;;9.5;1.5
BLA;04.09.2006 00:00;15.4;25.5;4;;;;58.4;10.9;;;;;;4.1;;;;;;;0;;;;;;;;;;;0;;0;0
BLA;05.09.2006 00:00;14.5;25;6;;;;70.5;10.8;;;;;;3.1;;;;;;;0;;;;;;;;;;;0;;0;0
BLA;06.09.2006 00:00;14.6;25;6.7;;;;75.6;12;;;;;;2.4;;;;;;;0.4;;;;;;;;;;;0;;0;0
BLA;07.09.2006 00:00;15.6;23.5;8;;;;75.1;12.6;;;;;;3.4;;;;;;;1.2;;;;;;;;;;;0;;0;0
BLA;08.09.2006 00:00;13.7;22;7;;;;80;11.8;;;;;;1.7;;;;;;;0;;;;;;;;;;;0;;0;0
BLA;09.09.2006 00:00;13.4;23;5.5;;;;69.4;10.2;;;;;;3.3;;;;;;;0;;;;;;;;;;;0;;0;0
BLA;10.09.2006 00:00;12.6;22;7;;;;81;10.8;;;;;;3.9;;;;;;;5.4;;;;;;;;;;;0;;0;0
BLA;11.09.2006 00:00;12.9;18.5;9;;;;82.1;12;;;;;;3.9;;;;;;;2;;;;;;;;;;;0;;0;0
BLA;12.09.2006 00:00;11.4;16.2;6.5;;;;78;9.8;;;;;;1.7;;;;;;;1;;;;;;;;;;;0;;8.6;0.6
BLA;13.09.2006 00:00;12.1;19.5;6.7;;;;74.4;9.5;;;;;;2.4;;;;;;;0.1;;;;;;;;;;;0;;0;0
BLA;14.09.2006 00:00;11.2;14.5;7.8;;;;78.3;10.4;;;;;;3.9;;;;;;;1.8;;;;;;;;;;;0;;8.8;0.8
BLA;15.09.2006 00:00;10.6;15;9;;;;91.9;11.6;;;;;;3.9;;;;;;;14.7;;;;;;;;;;;0;;9.4;1.4
BLA;16.09.2006 00:00;10.7;18;7;;;;79.5;9.6;;;;;;4.6;;;;;;;3;;;;;;;;;;;0;;9.3;1.3
BLA;17.09.2006 00:00;8.9;11.5;6.5;;;;94.3;10.9;;;;;;0.9;;;;;;;17.9;;;;;;;;;;;0;;11.1;3.1
BLA;18.09.2006 00:00;9.5;13;7.4;;;;86.5;9.9;;;;;;2.6;;;;;;;2;;;;;;;;;;;0;;10.5;2.5
BLA;19.09.2006 00:00;8.8;16;3.5;;;;74.9;8.5;;;;;;3.3;;;;;;;0;;;;;;;;;;;0;;11.2;3.2
BLA;20.09.2006 00:00;9.6;18.5;3;;;;78.3;8.6;;;;;;3.9;;;;;;;0;;;;;;;;;;;0;;10.4;2.4
BLA;21.09.2006 00:00;10.4;20.5;3;;;;75.3;8.7;;;;;;2.6;;;;;;;0;;;;;;;;;;;0;;9.6;1.6
BLA;22.09.2006 00:00;11.2;22;4;;;;72.7;9;;;;;;3.9;;;;;;;0;;;;;;;;;;;0;;8.8;0.8
BLA;23.09.2006 00:00;12.7;21;7;;;;74.5;10.2;;;;;;3.3;;;;;;;0;;;;;;;;;;;0;;0;0
BLA;24.09.2006 00:00;12.8;19;7.6;;;;73.8;10.5;;;;;;2.4;;;;;;;0;;;;;;;;;;;0;;0;0
BLA;25.09.2006 00:00;9.5;12.5;8.2;;;;87.2;10.1;;;;;;4;;;;;;;5.1;;;;;;;;;;;0;;10.5;2.5
BLA;26.09.2006 00:00;8.3;12;6.9;;;;90.9;9.8;;;;;;2.4;;;;;;;0.9;;;;;;;;;;;0;;11.7;3.7
BLA;27.09.2006 00:00;9.7;15;7;;;;77.8;9;;;;;;2.6;;;;;;;0;;;;;;;;;;;0;;10.3;2.3
BLA;28.09.2006 00:00;9.3;17.2;2.5;;;;78.3;8.5;;;;;;2.6;;;;;;;0;;;;;;;;;;;0;;10.7;2.7
BLA;29.09.2006 00:00;10.5;19;5;;;;77.3;9.2;;;;;;2.6;;;;;;;0.1;;;;;;;;;;;0;;9.5;1.5
BLA;30.09.2006 00:00;11.3;17.5;8;;;;81.1;10.7;;;;;;2.6;;;;;;;1;;;;;;;;;;;0;;8.7;0.7
BLA;01.10.2006 00:00;10.9;12.7;9.5;;;;91;12;;;;;;2.6;;;;;;;8.2;;;;;;;;;;;0;;9.1;1.1
BLA;02.10.2006 00:00;11.8;18.5;9;;;;77;10.3;;;;;;4.6;;;;;;;0.1;;;;;;;;;;;0;;8.2;0.2
BLA;03.10.2006 00:00;11.1;18;9;;;;80.1;10;;;;;;2.6;;;;;;;15.8;;;;;;;;;;;0;;8.9;0.9
BLA;04.10.2006 00:00;4.1;10.5;1;;;;85.4;7.1;;;;;;7.9;;;;;;;0;;;;;;;;;;;0;;15.9;7.9
BLA;05.10.2006 00:00;3.3;9.5;-0.5;;;;82.6;6.5;;;;;;3.9;;;;;;;0;;;;;;;;;;;0;;16.7;8.7
BLA;06.10.2006 00:00;5.1;12;-1.5;;;;76.5;6.7;;;;;;3.9;;;;;;;1.4;;;;;;;;;;;0;;14.9;6.9
BLA;07.10.2006 00:00;6.7;12.5;4;;;;81.8;8.2;;;;;;3.3;;;;;;;3.5;;;;;;;;;;;0;;13.3;5.3
BLA;08.10.2006 00:00;5.6;17;-2;;;;74.2;6.4;;;;;;2.6;;;;;;;0;;;;;;;;;;;0;;14.4;6.4
BLA;09.10.2006 00:00;6.8;18;0;;;;72.8;6.9;;;;;;2.6;;;;;;;0;;;;;;;;;;;0;;13.2;5.2
BLA;10.10.2006 00:00;7.9;18.5;1.4;;;;71;6.9;;;;;;1.7;;;;;;;0;;;;;;;;;;;0;;12.1;4.1
BLA;11.10.2006 00:00;7.4;17.2;1.5;;;;69.7;6.7;;;;;;2.6;;;;;;;0;;;;;;;;;;;0;;12.6;4.6
BLA;12.10.2006 00:00;7.2;16;1.5;;;;77.9;7.5;;;;;;3.3;;;;;;;0;;;;;;;;;;;0;;12.8;4.8
BLA;13.10.2006 00:00;6.9;18;1;;;;75.9;7.1;;;;;;3.1;;;;;;;0;;;;;;;;;;;0;;13.1;5.1
BLA;14.10.2006 00:00;6.7;15;1;;;;81.3;7.7;;;;;;3.9;;;;;;;0.6;;;;;;;;;;;0;;13.3;5.3
BLA;15.10.2006 00:00;6.2;12.6;3;;;;79;7.3;;;;;;1.7;;;;;;;0.6;;;;;;;;;;;0;;13.8;5.8
BLA;16.10.2006 00:00;4.5;16.1;-0.8;;;;73.3;6;;;;;;2.6;;;;;;;0;;;;;;;;;;;0;;15.5;7.5
BLA;17.10.2006 00:00;4.4;16.2;-1;;;;71.8;5.8;;;;;;4.6;;;;;;;0;;;;;;;;;;;0;;15.6;7.6
BLA;18.10.2006 00:00;6.7;16.6;0.8;;;;68.4;6.5;;;;;;3.9;;;;;;;0;;;;;;;;;;;0;;13.3;5.3
BLA;19.10.2006 00:00;7.7;13;4;;;;75.6;7.9;;;;;;3.9;;;;;;;0;;;;;;;;;;;0;;12.3;4.3
BLA;20.10.2006 00:00;7;13.7;3.5;;;;74.4;7.2;;;;;;3.3;;;;;;;0.1;;;;;;;;;;;0;;13;5
BLA;21.10.2006 00:00;7.9;14.7;4;;;;81.1;8.3;;;;;;3.3;;;;;;;0;;;;;;;;;;;0;;12.1;4.1
BLA;22.10.2006 00:00;6.5;16;1.5;;;;76.7;7.2;;;;;;3.9;;;;;;;0;;;;;;;;;;;0;;13.5;5.5
BLA;23.10.2006 00:00;8;12.3;4.5;;;;73.2;8;;;;;;2.4;;;;;;;13.2;;;;;;;;;;;0;;12;4
BLA;24.10.2006 00:00;8;14;4.5;;;;68.1;7;;;;;;5.3;;;;;;;9.1;;;;;;;;;;;0;;12;4
BLA;25.10.2006 00:00;7.4;17.2;1;;;;66.2;6.5;;;;;;2.4;;;;;;;0;;;;;;;;;;;0;;12.6;4.6
BLA;26.10.2006 00:00;7.9;16.5;2;;;;76.7;8;;;;;;3.9;;;;;;;0;;;;;;;;;;;0;;12.1;4.1
BLA;27.10.2006 00:00;10.3;17.5;3;;;;64.2;8.1;;;;;;3.3;;;;;;;0;;;;;;;;;;;0;;9.7;1.7
BLA;28.10.2006 00:00;11.6;17.8;8.5;;;;65.7;8.8;;;;;;2.6;;;;;;;0.1;;;;;;;;;;;0;;8.4;0.4
BLA;29.10.2006 00:00;9.1;13;6;;;;91.6;11;;;;;;3.3;;;;;;;5.5;;;;;;;;;;;0;;10.9;2.9
BLA;30.10.2006 00:00;5.7;14.5;1;;;;72.5;6.4;;;;;;4.6;;;;;;;0;;;;;;;;;;;0;;14.3;6.3
BLA;31.10.2006 00:00;7;15.7;1;;;;75.1;7.3;;;;;;3.1;;;;;;;0.1;;;;;;;;;;;0;;13;5
BLA;01.11.2006 00:00;5.7;9.5;2;;;;50.7;4.7;;;;;;7.6;;;;;;;0;;;;;;;;;;;0;;14.3;6.3
BLA;02.11.2006 00:00;-2.2;3;-5.2;;;;37.3;1.9;;;;;;8.4;;;;;;;0;;;;;;;;;;;0;;22.2;14.2
BLA;03.11.2006 00:00;-5.4;0.7;-9.5;;;;67.7;2.6;;;;;;6.7;;;;;;;0;;;;;;;;;;;0;;25.4;17.4
BLA;04.11.2006 00:00;-5;4.5;-10;;;;67.6;2.8;;;;;;5.3;;;;;;;0;;;;;;;;;;;0;;25;17
BLA;05.11.2006 00:00;-1;7;-6.5;;;;62.2;3.4;;;;;;4.6;;;;;;;0;;;;;;;;;;;0;;21;13
BLA;06.11.2006 00:00;1.5;7.5;-3;;;;65;4.4;;;;;;3.3;;;;;;;0;;;;;;;;;;;0;;18.5;10.5
BLA;07.11.2006 00:00;2.8;15;-2;;;;56.7;4.1;;;;;;2.4;;;;;;;0;;;;;;;;;;;0;;17.2;9.2
BLA;08.11.2006 00:00;1.6;11;-3;;;;69.7;4.6;;;;;;3.3;;;;;;;0;;;;;;;;;;;0;;18.4;10.4
BLA;09.11.2006 00:00;3.4;8;-2;;;;88.8;7.3;;;;;;3.9;;;;;;;0.4;;;;;;;;;;;0;;16.6;8.6
BLA;10.11.2006 00:00;-0.5;8;-4;;;;73;4.4;;;;;;4.6;;;;;;;0;;;;;;;;;;;0;;20.5;12.5
BLA;11.11.2006 00:00;1.6;9;-3.5;;;;69.7;4.5;;;;;;3.3;;;;;;;8.2;;;;;;;;;;;0;;18.4;10.4
BLA;12.11.2006 00:00;2.9;6;1.4;;;;65.6;4.7;;;;;;4.6;;;;;;;1.2;;;;;;;;;;;0;;17.1;9.1
BLA;13.11.2006 00:00;-1.1;4;-2.5;;;;86.5;5;;;;;;3.9;;;;;;;5.2;;;;;;;;;;;0;;21.1;13.1
BLA;14.11.2006 00:00;4.7;12;-2;;;;90.4;8;;;;;;2.6;;;;;;;2.2;;;;;;;;;;;0;;15.3;7.3
BLA;15.11.2006 00:00;2.8;10;-0.5;;;;86.6;6.2;;;;;;3.3;;;;;;;0;;;;;;;;;;;0;;17.2;9.2
BLA;16.11.2006 00:00;2.5;10;-1.5;;;;81;6;;;;;;3.3;;;;;;;0;;;;;;;;;;;0;;17.5;9.5
BLA;17.11.2006 00:00;5.2;8.2;2;;;;75.5;6.7;;;;;;4;;;;;;;0.2;;;;;;;;;;;0;;14.8;6.8
BLA;18.11.2006 00:00;3.4;8;3;;;;89.1;6.9;;;;;;2.6;;;;;;;0;;;;;;;;;;;0;;16.6;8.6
BLA;19.11.2006 00:00;1.6;8;-3;;;;77.9;5.2;;;;;;2.4;;;;;;;1.8;;;;;;;;;;;0;;18.4;10.4
BLA;20.11.2006 00:00;-3.1;3;-5.5;;;;85.8;4.3;;;;;;2.6;;;;;;;0;;;;;;;;;;;0;;23.1;15.1
BLA;21.11.2006 00:00;0.6;4;-3.5;;;;88.2;5.7;;;;;;3.3;;;;;;;17.5;;;;;;;;;;;0;;19.4;11.4
BLA;22.11.2006 00:00;-2.5;6;-8.6;;;;85.6;4.7;;;;;;4.6;;;;;;;0.1;;;;;;;;;;;0;;22.5;14.5
BLA;23.11.2006 00:00;0.2;5.5;-8.5;;;;90.8;6.1;;;;;;4.6;;;;;;;0;;;;;;;;;;;0;;19.8;11.8
BLA;24.11.2006 00:00;1;8.5;-2.5;;;;82.6;5.3;;;;;;3.9;;;;;;;0;;;;;;;;;;;0;;19;11
BLA;25.11.2006 00:00;3;7;0;;;;81.3;6.1;;;;;;3.9;;;;;;;0;;;;;;;;;;;0;;17;9
BLA;26.11.2006 00:00;1.8;8.5;-0.5;;;;86.6;6.1;;;;;;4.6;;;;;;;0;;;;;;;;;;;0;;18.2;10.2
BLA;27.11.2006 00:00;1;8;-1.5;;;;70.5;4.7;;;;;;3.9;;;;;;;0;;;;;;;;;;;0;;19;11
BLA;28.11.2006 00:00;0.6;7.5;-2;;;;69.4;4.4;;;;;;4.6;;;;;;;0;;;;;;;;;;;0;;19.4;11.4
BLA;29.11.2006 00:00;0;5;-3;;;;82.9;5;;;;;;3.3;;;;;;;0;;;;;;;;;;;0;;20;12
BLA;30.11.2006 00:00;-0.8;6.5;-1.5;;;;74.1;4.2;;;;;;7.7;;;;;;;0;;;;;;;;;;;0;;20.8;12.8
BLA;01.12.2006 00:00;-2.9;6;-6;;;;71.5;3.6;;;;;;3.9;;;;;;;0;;;;;;;;;;;0;;22.9;14.9
BLA;02.12.2006 00:00;-1.6;5.5;-4;;;;70.1;3.9;;;;;;3.1;;;;;;;0;;;;;;;;;;;0;;21.6;13.6
BLA;03.12.2006 00:00;0.6;6;-1.5;;;;76.4;4.9;;;;;;2.6;;;;;;;0.1;;;;;;;;;;;0;;19.4;11.4
BLA;04.12.2006 00:00;1.9;3.5;-1.4;;;;95.4;6.8;;;;;;5.3;;;;;;;10;;;;;;;;;;;0;;18.1;10.1
BLA;05.12.2006 00:00;3.9;8;2;;;;79.1;6.1;;;;;;4.6;;;;;;;0;;;;;;;;;;;0;;16.1;8.1
BLA;06.12.2006 00:00;1.6;4;-0.5;;;;91.9;6.4;;;;;;3.3;;;;;;;11.6;;;;;;;;;;;0;;18.4;10.4
BLA;07.12.2006 00:00;-2.5;1.5;-6;;;;96.7;5.1;;;;;;6;;;;;;;0;;;;;;;;;;;0;;22.5;14.5
BLA;08.12.2006 00:00;3.1;8.5;-1;;;;79.3;5.6;;;;;;7.9;;;;;;;35.2;;;;;;;;;;;0;;16.9;8.9
BLA;09.12.2006 00:00;-1.6;-0.5;-2.5;;;;94.5;5.1;;;;;;4.6;;;;;;;3.8;;;;;;;;;;;0;;21.6;13.6
BLA;10.12.2006 00:00;-10;-5;-11.5;;;;88.8;2.6;;;;;;3.9;;;;;;;0;;;;;;;;;;;0;;30;22
BLA;11.12.2006 00:00;-10.7;-3;-15.5;;;;88.6;2.5;;;;;;3.9;;;;;;;0;;;;;;;;;;;0;;30.7;22.7
BLA;12.12.2006 00:00;-3.5;2.5;-8.5;;;;88.9;4.4;;;;;;3.8;;;;;;;0;;;;;;;;;;;0;;23.5;15.5
BLA;13.12.2006 00:00;-8;0;-10;;;;86.2;3;;;;;;3.9;;;;;;;0;;;;;;;;;;;0;;28;20
BLA;14.12.2006 00:00;-4.9;2.5;-7;;;;86.9;3.8;;;;;;2.6;;;;;;;0;;;;;;;;;;;0;;24.9;16.9
BLA;15.12.2006 00:00;-3.9;2.5;-5;;;;75.3;3.5;;;;;;;;;;;;;0;;;;;;;;;;;0;;23.9;15.9
BLA;16.12.2006 00:00;-3.3;2;-6.5;;;;76.2;3.8;;;;;;;;;;;;;0;;;;;;;;;;;0;;23.3;15.3
BLA;17.12.2006 00:00;-2;1;-4.5;;;;87.8;4.7;;;;;;;;;;;;;0.9;;;;;;;;;;;0;;22;14
BLA;18.12.2006 00:00;-3;0;-3.8;;;;76.1;3.7;;;;;;;;;;;;;0;;;;;;;;;;;0;;23;15
BLA;19.12.2006 00:00;-11.1;-4;-12.5;;;;77.7;2;;;;;;;;;;;;;0;;;;;;;;;;;0;;31.1;23.1
BLA;20.12.2006 00:00;-9;-1.5;-10.5;;;;80.3;2.5;;;;;;;;;;;;;0;;;;;;;;;;;0;;29;21
BLA;21.12.2006 00:00;-5.6;0;-10;;;;74.4;3.1;;;;;;;;;;;;;0;;;;;;;;;;;0;;25.6;17.6
BLA;22.12.2006 00:00;-8.4;-0.5;-10;;;;63.7;2.1;;;;;;;;;;;;;0;;;;;;;;;;;0;;28.4;20.4
BLA;23.12.2006 00:00;-4.4;-2;-8.5;;;;63.1;2.9;;;;;;;;;;;;;0;;;;;;;;;;;0;;24.4;16.4
BLA;24.12.2006 00:00;-6.3;-1;-8;;;;69.8;2.7;;;;;;;;;;;;;0;;;;;;;;;;;0;;26.3;18.3
BLA;25.12.2006 00:00;-6.1;-3;-8;;;;80.3;3.2;;;;;;;;;;;;;0;;;;;;;;;;;0;;26.1;18.1
BLA;26.12.2006 00:00;-5.5;-1.5;-8;;;;78.4;3.3;;;;;;;;;;;;;0;;;;;;;;;;;0;;25.5;17.5
BLA;27.12.2006 00:00;-7.3;0.5;-8.5;;;;77.9;2.8;;;;;;;;;;;;;0;;;;;;;;;;;0;;27.3;19.3
BLA;28.12.2006 00:00;-8.1;-0.5;-9.5;;;;75.5;2.5;;;;;;;;;;;;;0;;;;;;;;;;;0;;28.1;20.1
BLA;29.12.2006 00:00;-8.5;-0.5;-10;;;;77.8;2.5;;;;;;;;;;;;;0;;;;;;;;;;;0;;28.5;20.5
BLA;30.12.2006 00:00;-3.1;3.5;-7.5;;;;69.2;3.5;;;;;;;;;;;;;0.1;;;;;;;;;;;0;;23.1;15.1
BLA;31.12.2006 00:00;0.5;4;-2;;;;71;4.5;;;;;;;;;;;;;3.1;;;;;;;;;;;0;;19.5;11.5
BLA;01.01.2007 00:00;2;3;-1.5;;;;94.4;6.8;;;;;;;;;;;;;27.6;;;;;;;;;;;;;;10
BLA;02.01.2007 00:00;-3.6;-1.5;-5;;;;74.8;3.5;;;;;;;;;;;;;8.3;;;;;;;;;;;;;;15.6
BLA;03.01.2007 00:00;-5.5;0.5;-8;;;;84;3.5;;;;;;;;;;;;;1.4;;;;;;;;;;;;;;17.5
BLA;04.01.2007 00:00;0;3.5;-5;;;;96.6;6.1;;;;;;;;;;;;;6.5;;;;;;;;;;;;;;12
BLA;05.01.2007 00:00;-3.5;-0.5;-6;;;;87.2;4.2;;;;;;;;;;;;;0;;;;;;;;;;;;;;15.5
BLA;06.01.2007 00:00;-5;2;-7.5;;;;89.9;3.8;;;;;;;;;;;;;0.3;;;;;;;;;;;;;;17
BLA;07.01.2007 00:00;1.7;3.5;-3;;;;95.2;6.7;;;;;;;;;;;;;1.6;;;;;;;;;;;;;;10.3
BLA;08.01.2007 00:00;0.8;3.5;-1.5;;;;82.4;5.2;;;;;;;;;;;;;24.4;;;;;;;;;;;;;;11.2
BLA;09.01.2007 00:00;2.2;4.5;0.5;;;;97.7;7.1;;;;;;;;;;;;;9.4;;;;;;;;;;;;;;9.8
BLA;10.01.2007 00:00;1.7;8.5;0.5;;;;89.1;6.2;;;;;;;;;;;;;0;;;;;;;;;;;;;;10.3
BLA;11.01.2007 00:00;0.3;5;-1;;;;66.9;4.1;;;;;;;;;;;;;3.3;;;;;;;;;;;;;;11.7
BLA;12.01.2007 00:00;2.9;5;0;;;;74.6;5.5;;;;;;;;;;;;;0.3;;;;;;;;;;;;;;9.1
BLA;13.01.2007 00:00;-0.8;7;-3;;;;70.2;4;;;;;;;;;;;;;0;;;;;;;;;;;;;;12.8
BLA;14.01.2007 00:00;-1.1;3;-4;;;;75.6;4.5;;;;;;;;;;;;;0;;;;;;;;;;;;;;13.1
BLA;15.01.2007 00:00;-2.7;3;-6.5;;;;57.6;2.8;;;;;;;;;;;;;0;;;;;;;;;;;;;;14.7
BLA;16.01.2007 00:00;-2.8;4;-6;;;;64.6;3.1;;;;;;;;;;;;;0;;;;;;;;;;;;;;14.8
BLA;17.01.2007 00:00;1.4;5.2;-6;;;;71.7;5;;;;;;;;;;;;;0;;;;;;;;;;;;;;10.6
BLA;18.01.2007 00:00;2.2;4;0;;;;88;6.4;;;;;;;;;;;;;38.9;;;;;;;;;;;;;;9.8
BLA;19.01.2007 00:00;3.7;6;1.3;;;;96.8;7.8;;;;;;;;;;;;;7.9;;;;;;;;;;;;;;8.3
BLA;20.01.2007 00:00;2.9;9.3;-1.5;;;;78.1;5.6;;;;;;;;;;;;;0;;;;;;;;;;;;;;9.1
BLA;21.01.2007 00:00;2;6.2;0.3;;;;63.3;4.6;;;;;;;;;;;;;2.5;;;;;;;;;;;;;;10
BLA;22.01.2007 00:00;-0.5;3.5;-4.5;;;;65.1;3.7;;;;;;;;;;;;;0;;;;;;;;;;;;;;12.5
BLA;23.01.2007 00:00;0.6;4.5;-1.5;;;;78.5;4.9;;;;;;;;;;;;;7.8;;;;;;;;;;;;;;11.4
BLA;24.01.2007 00:00;-7.6;-6;-8.5;;;;62.9;2.2;;;;;;;;;;;;;0;;;;;;;;;;;;;;19.6
BLA;25.01.2007 00:00;-14.2;-5;-18;;;;78.7;1.6;;;;;;;;;;;;;0;;;;;;;;;;;;;;26.2
BLA;26.01.2007 00:00;-11.8;-6.5;-14.5;;;;84.9;2.2;;;;;;;;;;;;;0.1;;;;;;;;;;;;;;23.8
BLA;27.01.2007 00:00;-7.7;0.5;-14.5;;;;81.4;2.8;;;;;;;;;;;;;0;;;;;;;;;;;;;;19.7
BLA;28.01.2007 00:00;-9.2;1;-12.5;;;;82.9;2.6;;;;;;;;;;;;;0;;;;;;;;;;;;;;21.2
BLA;29.01.2007 00:00;-6.7;1.5;-11.5;;;;66.8;2.5;;;;;;;;;;;;;0;;;;;;;;;;;;;;18.7
BLA;30.01.2007 00:00;-4.1;4.5;-8.5;;;;70;3.2;;;;;;;;;;;;;0;;;;;;;;;;;;;;16.1
BLA;31.01.2007 00:00;-4.8;4;-8;;;;72.5;3.1;;;;;;;;;;;;;0;;;;;;;;;;;;;;16.8
BLA;01.02.2007 00:00;-4.3;4.5;-7.5;;;;75.5;3.4;;;;;;;;;;;;;0;;;;;;;;;;;;;;16.3
BLA;02.02.2007 00:00;-2.3;7;-6;;;;80.6;4.2;;;;;;;;;;;;;0;;;;;;;;;;;;;;14.3
BLA;03.02.2007 00:00;-2.1;6.5;-6;;;;71.4;3.7;;;;;;;;;;;;;0;;;;;;;;;;;;;;14.1
BLA;04.02.2007 00:00;-1.7;7;-6.5;;;;64.3;3.4;;;;;;;;;;;;;0;;;;;;;;;;;;;;13.7
BLA;05.02.2007 00:00;-2.1;8;-7;;;;61;3.3;;;;;;;;;;;;;0;;;;;;;;;;;;;;14.1
BLA;06.02.2007 00:00;-1.6;2;-7;;;;83.5;4.7;;;;;;;;;;;;;0.5;;;;;;;;;;;;;;13.6
BLA;07.02.2007 00:00;-2.8;2;-5;;;;79;3.8;;;;;;;;;;;;;0.1;;;;;;;;;;;;;;14.8
BLA;08.02.2007 00:00;-2.5;1.5;-7.5;;;;91.3;4.9;;;;;;;;;;;;;4.7;;;;;;;;;;;;;;14.5
BLA;09.02.2007 00:00;-4;4.5;-9;;;;64.2;2.9;;;;;;;;;;;;;0;;;;;;;;;;;;;;16
BLA;10.02.2007 00:00;-3.3;2.3;-10;;;;71.3;3.4;;;;;;;;;;;;;1.8;;;;;;;;;;;;;;15.3
BLA;11.02.2007 00:00;-1.8;4;-8.5;;;;71.4;4;;;;;;;;;;;;;5.3;;;;;;;;;;;;;;13.8
BLA;12.02.2007 00:00;-0.2;1;-1;;;;96.2;5.9;;;;;;;;;;;;;19.8;;;;;;;;;;;;;;12.2
BLA;13.02.2007 00:00;-1.5;2;-3.5;;;;67.9;3.9;;;;;;;;;;;;;0;;;;;;;;;;;;;;13.5
BLA;14.02.2007 00:00;-0.4;5;-9.5;;;;77.2;4.7;;;;;;;;;;;;;4.6;;;;;;;;;;;;;;12.4
BLA;15.02.2007 00:00;0.4;4;-3.5;;;;79.4;5.2;;;;;;;;;;;;;0;;;;;;;;;;;;;;11.6
BLA;16.02.2007 00:00;-2.4;8.5;-8;;;;62;3.1;;;;;;;;;;;;;0;;;;;;;;;;;;;;14.4
BLA;17.02.2007 00:00;-0.2;9.7;-6.3;;;;66.4;4;;;;;;;;;;;;;0;;;;;;;;;;;;;;12.2
BLA;18.02.2007 00:00;-2.8;6.5;-7.5;;;;73;3.6;;;;;;;;;;;;;0.2;;;;;;;;;;;;;;14.8
BLA;19.02.2007 00:00;-1.6;7;-5.5;;;;71.7;3.9;;;;;;;;;;;;;0;;;;;;;;;;;;;;13.6
BLA;20.02.2007 00:00;-2.4;7.5;-7.5;;;;60.1;3;;;;;;;;;;;;;0;;;;;;;;;;;;;;14.4
BLA;21.02.2007 00:00;-1.8;6.5;-8.5;;;;56.4;2.9;;;;;;;;;;;;;0;;;;;;;;;;;;;;13.8
BLA;22.02.2007 00:00;-0.4;8.5;-6;;;;69.3;4.1;;;;;;;;;;;;;0;;;;;;;;;;;;;;12.4
BLA;23.02.2007 00:00;-0.1;6;-5;;;;67.7;4;;;;;;;;;;;;;0;;;;;;;;;;;;;;12.1
BLA;24.02.2007 00:00;-2;5;-6;;;;91.4;5.2;;;;;;;;;;;;;4.4;;;;;;;;;;;;;;14
BLA;25.02.2007 00:00;0.1;2;-1.5;;;;93.5;5.8;;;;;;;;;;;;;10.9;;;;;;;;;;;;;;11.9
BLA;26.02.2007 00:00;-1.3;0.5;-2.5;;;;92.7;5.1;;;;;;;;;;;;;6;;;;;;;;;;;;;;13.3
BLA;27.02.2007 00:00;-2.6;3;-7.5;;;;81.7;4;;;;;;;;;;;;;20;;;;;;;;;;;;;;14.6
BLA;28.02.2007 00:00;2.5;7;-1.5;;;;84.7;6.2;;;;;;;;;;;;;4.3;;;;;;;;;;;;;;9.5
BLA;01.03.2007 00:00;1.2;3;0.5;;;;85.4;5.6;;;;;;;;;;;;;26.1;;;;;;;;;;;;;;10.8
BLA;02.03.2007 00:00;1.7;4.5;0.5;;;;88.4;5.7;;;;;;;;;;;;;23.8;;;;;;;;;;;;;;10.3
BLA;03.03.2007 00:00;1.8;3;0.5;;;;86.8;6.2;;;;;;;;;;;;;9;;;;;;;;;;;;;;10.2
BLA;04.03.2007 00:00;1.2;9.5;-5;;;;54.4;3.5;;;;;;;;;;;;;0;;;;;;;;;;;;;;10.8
BLA;05.03.2007 00:00;0.1;6;-3;;;;86.4;5.5;;;;;;;;;;;;;0.1;;;;;;;;;;;;;;11.9
BLA;06.03.2007 00:00;0.6;9;-6.5;;;;65.4;4;;;;;;;;;;;;;4.2;;;;;;;;;;;;;;11.4
BLA;07.03.2007 00:00;2.4;7;-0.5;;;;84.4;5.6;;;;;;;;;;;;;1.7;;;;;;;;;;;;;;9.6
BLA;08.03.2007 00:00;2.3;7;0;;;;76.2;5.3;;;;;;;;;;;;;1;;;;;;;;;;;;;;9.7
BLA;09.03.2007 00:00;-0.6;7;-7;;;;60.8;3.1;;;;;;;;;;;;;1.2;;;;;;;;;;;;;;12.6
BLA;10.03.2007 00:00;-0.7;4.5;-3;;;;67.6;3.4;;;;;;;;;;;;;0;;;;;;;;;;;;;;12.7
BLA;11.03.2007 00:00;-1.3;7.5;-9.5;;;;63.6;3.3;;;;;;;;;;;;;0;;;;;;;;;;;;;;13.3
BLA;12.03.2007 00:00;1;11.5;-5;;;;66;3.9;;;;;;;;;;;;;0;;;;;;;;;;;;;;11
BLA;13.03.2007 00:00;2.5;10.5;-5;;;;56;3.8;;;;;;;;;;;;;0;;;;;;;;;;;;;;9.5
BLA;14.03.2007 00:00;2.1;10.5;-5;;;;62.4;4;;;;;;;;;;;;;0;;;;;;;;;;;;;;9.9
BLA;15.03.2007 00:00;2.3;11;-4.5;;;;66.2;4.3;;;;;;;;;;;;;0;;;;;;;;;;;;;;9.7
BLA;16.03.2007 00:00;2.2;10.5;-4;;;;70;4.5;;;;;;;;;;;;;0;;;;;;;;;;;;;;9.8
BLA;17.03.2007 00:00;1;9;-4;;;;72.8;4.7;;;;;;;;;;;;;0;;;;;;;;;;;;;;11
BLA;18.03.2007 00:00;3.9;11.5;-3.5;;;;63.2;4.9;;;;;;;;;;;;;5.1;;;;;;;;;;;;;;8.1
BLA;19.03.2007 00:00;-2.4;1.5;-5;;;;77;3.6;;;;;;;;;;;;;1.9;;;;;;;;;;;;;;14.4
BLA;20.03.2007 00:00;-5.2;-2.5;-7.5;;;;64.6;2.5;;;;;;;;;;;;;0;;;;;;;;;;;;;;17.2
BLA;21.03.2007 00:00;-4.9;0;-7;;;;58.6;2.3;;;;;;;;;;;;;0;;;;;;;;;;;;;;16.9
BLA;22.03.2007 00:00;-7.3;-0.8;-13.5;;;;56.6;2;;;;;;;;;;;;;1.9;;;;;;;;;;;;;;19.3
BLA;23.03.2007 00:00;-4.9;0;-6.5;;;;83.8;3.6;;;;;;;;;;;;;2.1;;;;;;;;;;;;;;16.9
BLA;24.03.2007 00:00;-5.7;2;-13;;;;66;2.7;;;;;;;;;;;;;0;;;;;;;;;;;;;;17.7
BLA;25.03.2007 00:00;-2.3;4;-9.1;;;;72.8;3.9;;;;;;;;;;;;;0;;;;;;;;;;;;;;14.3
BLA;26.03.2007 00:00;2.5;7.5;-2;;;;62;4.4;;;;;;;;;;;;;0.4;;;;;;;;;;;;;;9.5
BLA;27.03.2007 00:00;0.8;5.8;-4.5;;;;70.4;4.4;;;;;;;;;;;;;0.1;;;;;;;;;;;;;;11.2
BLA;28.03.2007 00:00;-0.2;7;-6.7;;;;63.2;3.6;;;;;;;;;;;;;0;;;;;;;;;;;;;;12.2
BLA;29.03.2007 00:00;1.4;6.2;-3.8;;;;65.2;4.2;;;;;;;;;;;;;0;;;;;;;;;;;;;;10.6
BLA;30.03.2007 00:00;0.8;5.5;-5.3;;;;60.4;3.7;;;;;;;;;;;;;1.7;;;;;;;;;;;;;;11.2
BLA;31.03.2007 00:00;-2.3;7;-7.5;;;;59.6;2.8;;;;;;;;;;;;;0;;;;;;;;;;;;;;14.3
BLA;01.04.2007 00:00;1.6;9.5;-4.2;;;;68.7;4.2;;;;;;;;;;;;;0;;;;;;;;;;;;;;10.4
BLA;02.04.2007 00:00;3.8;10.3;-2;;;;71.2;5;;;;;;;;;;;;;0;;;;;;;;;;;;;;8.2
BLA;03.04.2007 00:00;2.9;7;-1.5;;;;74.8;5.6;;;;;;;;;;;;;2.1;;;;;;;;;;;;;;9.1
BLA;04.04.2007 00:00;1.2;8.5;-1.5;;;;84.7;5.6;;;;;;;;;;;;;1.8;;;;;;;;;;;;;;10.8
BLA;05.04.2007 00:00;-0.1;10.5;-4.5;;;;68.4;3.4;;;;;;;;;;;;;0;;;;;;;;;;;;;;12.1
BLA;06.04.2007 00:00;3.3;12.5;-4.5;;;;66.4;4.3;;;;;;;;;;;;;0;;;;;;;;;;;;;;8.7
BLA;07.04.2007 00:00;4.8;13;-2.5;;;;65.5;4.8;;;;;;;;;;;;;0;;;;;;;;;;;;;;7.2
BLA;08.04.2007 00:00;4.5;12;-1;;;;71.1;5.2;;;;;;;;;;;;;0;;;;;;;;;;;;;;7.5
BLA;09.04.2007 00:00;5.5;12.5;-1.5;;;;62.3;5;;;;;;;;;;;;;0;;;;;;;;;;;;;;6.5
BLA;10.04.2007 00:00;5;13.5;-2;;;;64.9;4.9;;;;;;;;;;;;;0;;;;;;;;;;;;;;7
BLA;11.04.2007 00:00;7.1;16;-1.5;;;;58.1;4.7;;;;;;;;;;;;;0;;;;;;;;;;;;;;4.9
BLA;12.04.2007 00:00;4.7;15;0;;;;68.9;5.2;;;;;;;;;;;;;0;;;;;;;;;;;;;;7.3
BLA;13.04.2007 00:00;7.1;15;0;;;;72.5;8.5;;;;;;;;;;;;;0;;;;;;;;;;;;;;4.9
BLA;14.04.2007 00:00;8.5;16.5;1.5;;;;59.1;6;;;;;;;;;;;;;0;;;;;;;;;;;;;;3.5
BLA;15.04.2007 00:00;8.3;19;1;;;;62.7;5.7;;;;;;;;;;;;;0;;;;;;;;;;;;;;3.7
BLA;16.04.2007 00:00;9.8;18.5;1;;;;60.8;6.4;;;;;;;;;;;;;0;;;;;;;;;;;;;;2.2
BLA;17.04.2007 00:00;6.9;17.5;1.5;;;;83.3;7.1;;;;;;;;;;;;;0.2;;;;;;;;;;;;;;5.1
BLA;18.04.2007 00:00;8.8;15;2;;;;63.3;6.6;;;;;;;;;;;;;0;;;;;;;;;;;;;;3.2
BLA;19.04.2007 00:00;4.6;17.5;-0.4;;;;66.7;5;;;;;;;;;;;;;0;;;;;;;;;;;;;;7.4
BLA;20.04.2007 00:00;8.8;18;0.5;;;;64.9;6.3;;;;;;;;;;;;;0;;;;;;;;;;;;;;3.2
BLA;21.04.2007 00:00;9.6;17.5;1;;;;64.1;6.4;;;;;;;;;;;;;0;;;;;;;;;;;;;;2.4
BLA;22.04.2007 00:00;9.7;18.4;1.5;;;;62.6;6.4;;;;;;;;;;;;;0;;;;;;;;;;;;;;2.3
BLA;23.04.2007 00:00;9.9;19;2;;;;63.4;6.5;;;;;;;;;;;;;0;;;;;;;;;;;;;;2.1
BLA;24.04.2007 00:00;10.5;18.5;2.5;;;;64;7.1;;;;;;;;;;;;;0;;;;;;;;;;;;;;1.5
BLA;25.04.2007 00:00;12.2;20;3.5;;;;63.7;8;;;;;;;;;;;;;0;;;;;;;;;;;;;;0
BLA;26.04.2007 00:00;12.6;19.5;7.5;;;;67.2;9.2;;;;;;;;;;;;;1.5;;;;;;;;;;;;;;0
BLA;27.04.2007 00:00;10.6;15.5;6.5;;;;67.9;8.2;;;;;;;;;;;;;0.1;;;;;;;;;;;;;;1.4
BLA;28.04.2007 00:00;9.4;18;1.5;;;;64.5;6.5;;;;;;;;;;;;;0;;;;;;;;;;;;;;2.6
BLA;29.04.2007 00:00;9.6;18;2;;;;66.1;6.7;;;;;;;;;;;;;0;;;;;;;;;;;;;;2.4
BLA;30.04.2007 00:00;8.7;16;3.5;;;;84.1;8.1;;;;;;;;;;;;;0.3;;;;;;;;;;;;;;3.3
BLA;01.05.2007 00:00;8.1;14.5;3;;;;76.5;8.2;;;;;;;;;;;;;0.7;;;;;;;;;;;;;;3.9
BLA;02.05.2007 00:00;5.2;8.5;4.5;;;;93.4;8.3;;;;;;;;;;;;;4.2;;;;;;;;;;;;;;6.8
BLA;03.05.2007 00:00;5.4;13;-1.5;;;;75;;;;;;;;;;;;;;0;;;;;;;;;;;;;;6.6
BLA;04.05.2007 00:00;4.8;10.5;0.5;;;;86;7.9;;;;;;;;;;;;;4.3;;;;;;;;;;;;;;7.2
BLA;05.05.2007 00:00;4.4;8;0.5;;;;95.7;8.2;;;;;;;;;;;;;10.9;;;;;;;;;;;;;;7.6
BLA;06.05.2007 00:00;5.9;9.5;3.5;;;;74.1;7.1;;;;;;;;;;;;;1.2;;;;;;;;;;;;;;6.1
BLA;07.05.2007 00:00;6.6;13.3;-1.5;;;;73.1;6.6;;;;;;;;;;;;;0.4;;;;;;;;;;;;;;5.4
BLA;08.05.2007 00:00;8.5;13.5;5.5;;;;87;8.6;;;;;;;;;;;;;5.4;;;;;;;;;;;;;;3.5
BLA;09.05.2007 00:00;10;15.5;4.5;;;;60;6.6;;;;;;;;;;;;;0;;;;;;;;;;;;;;2
BLA;10.05.2007 00:00;8.6;18;-1;;;;44.2;4.8;;;;;;;;;;;;;2.5;;;;;;;;;;;;;;3.4
BLA;11.05.2007 00:00;9;15.5;3.5;;;;68.7;8.6;;;;;;;;;;;;;7.6;;;;;;;;;;;;;;3
BLA;12.05.2007 00:00;10.3;16.5;5.5;;;;67.8;7.8;;;;;;;;;;;;;0.1;;;;;;;;;;;;;;1.7
BLA;13.05.2007 00:00;11.2;19;2;;;;64.7;8.2;;;;;;;;;;;;;0;;;;;;;;;;;;;;0.8
BLA;14.05.2007 00:00;7.3;12.5;4.4;;;;93;9.8;;;;;;;;;;;;;24.6;;;;;;;;;;;;;;4.7
BLA;15.05.2007 00:00;4;9;2.5;;;;72;5.4;;;;;;;;;;;;;0.8;;;;;;;;;;;;;;8
BLA;16.05.2007 00:00;3.5;11;-2.5;;;;81.3;5.8;;;;;;;;;;;;;27.5;;;;;;;;;;;;;;8.5
BLA;17.05.2007 00:00;1.4;3;0;;;;98.1;6.6;;;;;;;;;;;;;52.6;;;;;;;;;;;;;;10.6
BLA;18.05.2007 00:00;7.3;16.5;-2.5;;;;67.8;6.9;;;;;;;;;;;;;0;;;;;;;;;;;;;;4.7
BLA;19.05.2007 00:00;9.9;18.5;0.5;;;;52;5.6;;;;;;;;;;;;;0;;;;;;;;;;;;;;2.1
BLA;20.05.2007 00:00;12.1;20.5;2.7;;;;62.6;8.3;;;;;;;;;;;;;0;;;;;;;;;;;;;;0
BLA;21.05.2007 00:00;13;21;5;;;;78.7;10.8;;;;;;;;;;;;;1.4;;;;;;;;;;;;;;0
BLA;22.05.2007 00:00;13.8;22;6;;;;64.8;9;;;;;;;;;;;;;0;;;;;;;;;;;;;;0
BLA;23.05.2007 00:00;13.4;21.5;5;;;;66.6;8.7;;;;;;;;;;;;;0;;;;;;;;;;;;;;0
BLA;24.05.2007 00:00;14.8;23.3;5;;;;61.9;9.4;;;;;;;;;;;;;13.1;;;;;;;;;;;;;;0
BLA;25.05.2007 00:00;11.9;22;5;;;;81.5;9.8;;;;;;;;;;;;;14.8;;;;;;;;;;;;;;0.1
BLA;26.05.2007 00:00;9.4;13.5;5;;;;93.1;10.8;;;;;;;;;;;;;11.2;;;;;;;;;;;;;;2.6
BLA;27.05.2007 00:00;8.2;13.5;3.5;;;;87.4;10.1;;;;;;;;;;;;;52.1;;;;;;;;;;;;;;3.8
BLA;28.05.2007 00:00;0.5;1.5;0;;;;97;6.1;;;;;;;;;;;;;38;;;;;;;;;;;;;;11.5
BLA;29.05.2007 00:00;3.4;6.5;0.5;;;;76.6;5.5;;;;;;;;;;;;;1.1;;;;;;;;;;;;;;8.6
BLA;30.05.2007 00:00;4.6;13.5;-5;;;;54.1;4.9;;;;;;;;;;;;;0;;;;;;;;;;;;;;7.4
BLA;31.05.2007 00:00;7.9;14;2;;;;69.7;7.1;;;;;;;;;;;;;12.6;;;;;;;;;;;;;;4.1
BLA;01.06.2007 00:00;4.2;6.5;3;;;;95;8;;;;;;;;;;;;;6.8;;;;;;;;;;;;;;7.8
BLA;02.06.2007 00:00;7;12.5;2;;;;79.7;8.1;;;;;;;;;;;;;0;;;;;;;;;;;;;;5
BLA;03.06.2007 00:00;10.4;17.5;2.3;;;;72.6;8.8;;;;;;;;;;;;;0;;;;;;;;;;;;;;1.6
BLA;04.06.2007 00:00;12.2;19;5.5;;;;65.1;8.9;;;;;;;;;;;;;0;;;;;;;;;;;;;;0
BLA;05.06.2007 00:00;12.6;21;4;;;;64.5;9;;;;;;;;;;;;;2.9;;;;;;;;;;;;;;0
BLA;06.06.2007 00:00;12.2;18;5.5;;;;77.5;10.3;;;;;;;;;;;;;0.8;;;;;;;;;;;;;;0
BLA;07.06.2007 00:00;13.1;20.5;8.3;;;;82.8;11.4;;;;;;;;;;;;;1;;;;;;;;;;;;;;0
BLA;08.06.2007 00:00;13;20.5;7.5;;;;51;9.3;;;;;;;;;;;;;1.1;;;;;;;;;;;;;;0
BLA;09.06.2007 00:00;14.2;21.5;8.5;;;;65.7;9.9;;;;;;;;;;;;;0;;;;;;;;;;;;;;0
BLA;10.06.2007 00:00;12.6;20;6;;;;79.5;9.9;;;;;;;;;;;;;10.7;;;;;;;;;;;;;;0
BLA;11.06.2007 00:00;12.3;19.8;8;;;;81.3;10.9;;;;;;;;;;;;;4.6;;;;;;;;;;;;;;0
BLA;12.06.2007 00:00;11.9;19.7;8;;;;85.5;11.6;;;;;;;;;;;;;1.9;;;;;;;;;;;;;;0.1
BLA;13.06.2007 00:00;14.2;21.2;7.5;;;;63.4;10.4;;;;;;;;;;;;;0;;;;;;;;;;;;;;0
BLA;14.06.2007 00:00;15;21.1;7;;;;60.6;10.4;;;;;;;;;;;;;2.7;;;;;;;;;;;;;;0
BLA;15.06.2007 00:00;10.4;12.5;8;;;;84.3;11.3;;;;;;;;;;;;;21.8;;;;;;;;;;;;;;1.6
BLA;16.06.2007 00:00;11.1;17.5;6;;;;66.5;7.8;;;;;;;;;;;;;0;;;;;;;;;;;;;;0.9
BLA;17.06.2007 00:00;12.6;20.5;3;;;;68.1;9.4;;;;;;;;;;;;;7.5;;;;;;;;;;;;;;0
BLA;18.06.2007 00:00;14.5;21;9;;;;76.6;11.9;;;;;;;;;;;;;0;;;;;;;;;;;;;;0
BLA;19.06.2007 00:00;16.4;25;7;;;;63.7;10.9;;;;;;;;;;;;;0;;;;;;;;;;;;;;0
BLA;20.06.2007 00:00;15.8;24.5;8;;;;79.4;13.1;;;;;;;;;;;;;1.8;;;;;;;;;;;;;;0
BLA;21.06.2007 00:00;13.9;20;8;;;;72.3;11.8;;;;;;;;;;;;;0.6;;;;;;;;;;;;;;0
BLA;22.06.2007 00:00;12.5;17;8.5;;;;71.7;9.8;;;;;;;;;;;;;2.6;;;;;;;;;;;;;;0
BLA;23.06.2007 00:00;12.2;18.5;5;;;;54.5;7.2;;;;;;;;;;;;;0;;;;;;;;;;;;;;0
BLA;24.06.2007 00:00;13.1;22.5;3;;;;67;9.7;;;;;;;;;;;;;10.2;;;;;;;;;;;;;;0
BLA;25.06.2007 00:00;12.1;18;5;;;;90.1;12.8;;;;;;;;;;;;;8.3;;;;;;;;;;;;;;0
BLA;26.06.2007 00:00;6.6;13;0;;;;78.6;7.7;;;;;;;;;;;;;1.8;;;;;;;;;;;;;;5.4
BLA;27.06.2007 00:00;6.8;12;-0.5;;;;77.3;7.1;;;;;;;;;;;;;0;;;;;;;;;;;;;;5.2
BLA;28.06.2007 00:00;8.5;17.5;-3;;;;65.6;7;;;;;;;;;;;;;0;;;;;;;;;;;;;;3.5
BLA;29.06.2007 00:00;10.9;19.5;-3;;;;57.3;6.7;;;;;;;;;;;;;0;;;;;;;;;;;;;;1.1
BLA;30.06.2007 00:00;13.3;21.5;-1.5;;;;64.4;9.7;;;;;;;;;;;;;0;;;;;;;;;;;;;;0
BLA;01.07.2007 00:00;15.2;23;7;;;;66.6;10.5;;;;;;;;;;;;;28.2;;;;;;;;;;;;;;0
BLA;02.07.2007 00:00;10.3;17.5;5.5;;;;76.7;10.2;;;;;;;;;;;;;0.8;;;;;;;;;;;;;;1.7
BLA;03.07.2007 00:00;9.3;15;0.5;;;;75.7;9;;;;;;;;;;;;;32.6;;;;;;;;;;;;;;2.7
BLA;04.07.2007 00:00;6;9.7;2.9;;;;87.6;7.8;;;;;;;;;;;;;4.9;;;;;;;;;;;;;;6
BLA;05.07.2007 00:00;6.5;11.3;0.4;;;;72.5;7.3;;;;;;;;;;;;;1.9;;;;;;;;;;;;;;5.5
BLA;06.07.2007 00:00;10.6;19.3;0;;;;73.5;9.9;;;;;;;;;;;;;1;;;;;;;;;;;;;;1.4
BLA;07.07.2007 00:00;13.5;22;2;;;;57.8;8.4;;;;;;;;;;;;;0;;;;;;;;;;;;;;0
BLA;08.07.2007 00:00;11.8;20;8;;;;89.8;13;;;;;;;;;;;;;22;;;;;;;;;;;;;;0.2
BLA;09.07.2007 00:00;9.5;14;8.5;;;;84.4;10.3;;;;;;;;;;;;;9.3;;;;;;;;;;;;;;2.5
BLA;10.07.2007 00:00;5.5;11;3;;;;82.4;6.9;;;;;;;;;;;;;1.2;;;;;;;;;;;;;;6.5
BLA;11.07.2007 00:00;7.1;11.5;3.5;;;;71.7;7.1;;;;;;;;;;;;;0.3;;;;;;;;;;;;;;4.9
BLA;12.07.2007 00:00;8.8;17.5;-0.5;;;;66.7;7.3;;;;;;;;;;;;;0;;;;;;;;;;;;;;3.2
BLA;13.07.2007 00:00;12.7;22.5;-0.9;;;;64;9.3;;;;;;;;;;;;;0;;;;;;;;;;;;;;0
BLA;14.07.2007 00:00;14.9;26;3.9;;;;62.7;10.8;;;;;;;;;;;;;0;;;;;;;;;;;;;;0
BLA;15.07.2007 00:00;17.6;25.5;9;;;;60.4;11.2;;;;;;;;;;;;;0;;;;;;;;;;;;;;0
BLA;16.07.2007 00:00;16.3;25;4.4;;;;53.2;9.5;;;;;;;;;;;;;0;;;;;;;;;;;;;;0
BLA;17.07.2007 00:00;16.1;23.5;8;;;;71.3;12.4;;;;;;;;;;;;;0;;;;;;;;;;;;;;0
BLA;18.07.2007 00:00;16.6;25.2;8.5;;;;72.1;13.1;;;;;;;;;;;;;18.6;;;;;;;;;;;;;;0
BLA;19.07.2007 00:00;13.5;23;1;;;;81.2;12.8;;;;;;;;;;;;;5;;;;;;;;;;;;;;0
BLA;20.07.2007 00:00;14.6;24.5;6.8;;;;81.7;12.2;;;;;;;;;;;;;4.8;;;;;;;;;;;;;;0
BLA;21.07.2007 00:00;13.3;20;8;;;;87.3;12.4;;;;;;;;;;;;;16.8;;;;;;;;;;;;;;0
BLA;22.07.2007 00:00;11;19.5;9;;;;77.9;9.6;;;;;;;;;;;;;0;;;;;;;;;;;;;;1
BLA;23.07.2007 00:00;12.1;20.5;1.9;;;;79.5;11.1;;;;;;;;;;;;;13.2;;;;;;;;;;;;;;0
BLA;24.07.2007 00:00;9.6;16;4.8;;;;73.9;9.1;;;;;;;;;;;;;1;;;;;;;;;;;;;;2.4
BLA;25.07.2007 00:00;11.7;19;0.8;;;;71.8;10.1;;;;;;;;;;;;;0;;;;;;;;;;;;;;0.3
BLA;26.07.2007 00:00;14.2;24;2.8;;;;72;11.4;;;;;;;;;;;;;0;;;;;;;;;;;;;;0
BLA;27.07.2007 00:00;15.1;22.5;5.4;;;;72.2;11.7;;;;;;;;;;;;;0;;;;;;;;;;;;;;0
BLA;28.07.2007 00:00;14.7;21.3;5.4;;;;64.8;11;;;;;;;;;;;;;0;;;;;;;;;;;;;;0
BLA;29.07.2007 00:00;12.9;19.5;6;;;;68.1;9.7;;;;;;;;;;;;;13.5;;;;;;;;;;;;;;0
BLA;30.07.2007 00:00;11.2;16;6.4;;;;62.2;7.8;;;;;;;;;;;;;0;;;;;;;;;;;;;;0.8
BLA;31.07.2007 00:00;9.6;18.5;-1.5;;;;62.1;7.5;;;;;;;;;;;;;0;;;;;;;;;;;;;;2.4
BLA;01.08.2007 00:00;13.5;25;0;;;;60.4;8.7;;;;;;;;;;;;;0;;;;;;;;;;;;;;0
BLA;02.08.2007 00:00;11.9;17;5.4;;;;85.4;12.4;;;;;;;;;;;;;22.9;;;;;;;;;;;;;;0.1
BLA;03.08.2007 00:00;11.3;16.8;4.5;;;;73.8;9.7;;;;;;;;;;;;;0.4;;;;;;;;;;;;;;0.7
BLA;04.08.2007 00:00;12;20.5;0.6;;;;77.4;10.8;;;;;;;;;;;;;0;;;;;;;;;;;;;;0
BLA;05.08.2007 00:00;14.9;24.8;5.6;;;;62;9.5;;;;;;;;;;;;;0;;;;;;;;;;;;;;0
BLA;06.08.2007 00:00;15.8;24.5;4.3;;;;62;10.3;;;;;;;;;;;;;12;;;;;;;;;;;;;;0
BLA;07.08.2007 00:00;12.8;17.2;7.9;;;;94;14.3;;;;;;;;;;;;;21.6;;;;;;;;;;;;;;0
BLA;08.08.2007 00:00;8;14.1;0.7;;;;93.4;10.9;;;;;;;;;;;;;52.6;;;;;;;;;;;;;;4
BLA;09.08.2007 00:00;4.8;9;-1.4;;;;88.2;8.1;;;;;;;;;;;;;9;;;;;;;;;;;;;;7.2
BLA;10.08.2007 00:00;7.5;12.5;0.5;;;;79.8;8.3;;;;;;;;;;;;;0;;;;;;;;;;;;;;4.5
BLA;11.08.2007 00:00;12.4;19.5;4.5;;;;68.4;10;;;;;;;;;;;;;0;;;;;;;;;;;;;;0
BLA;12.08.2007 00:00;13;21;6;;;;72.8;9.9;;;;;;;;;;;;;0;;;;;;;;;;;;;;0
BLA;13.08.2007 00:00;13.8;19.5;6;;;;76;11.6;;;;;;;;;;;;;2;;;;;;;;;;;;;;0
BLA;14.08.2007 00:00;14.3;21.5;7.1;;;;74.2;11.8;;;;;;;;;;;;;0.1;;;;;;;;;;;;;;0
BLA;15.08.2007 00:00;17;24.5;10;;;;67.2;12.7;;;;;;;;;;;;;0;;;;;;;;;;;;;;0
BLA;16.08.2007 00:00;13.1;18.5;7.9;;;;88.4;13.6;;;;;;;;;;;;;0.2;;;;;;;;;;;;;;0
BLA;17.08.2007 00:00;10.2;15;4.5;;;;74.2;9.5;;;;;;;;;;;;;0;;;;;;;;;;;;;;1.8
BLA;18.08.2007 00:00;10.7;19.5;0.8;;;;77.6;9.9;;;;;;;;;;;;;0;;;;;;;;;;;;;;1.3
BLA;19.08.2007 00:00;11.9;18;9;;;;76.4;10.4;;;;;;;;;;;;;0.4;;;;;;;;;;;;;;0.1
BLA;20.08.2007 00:00;8.6;12;7;;;;91.2;10;;;;;;;;;;;;;12.9;;;;;;;;;;;;;;3.4
BLA;21.08.2007 00:00;6.8;9.5;3;;;;90.2;9;;;;;;;;;;;;;4.6;;;;;;;;;;;;;;5.2
BLA;22.08.2007 00:00;9.8;15.7;6;;;;80.4;9.2;;;;;;;;;;;;;1.1;;;;;;;;;;;;;;2.2
BLA;23.08.2007 00:00;10.9;17.5;5;;;;67.8;8;;;;;;;;;;;;;0;;;;;;;;;;;;;;1.1
BLA;24.08.2007 00:00;10.5;19.5;0.1;;;;73.4;8.9;;;;;;;;;;;;;0;;;;;;;;;;;;;;1.5
BLA;25.08.2007 00:00;12.9;22.2;5;;;;72.6;9.8;;;;;;;;;;;;;0;;;;;;;;;;;;;;0
BLA;26.08.2007 00:00;15.6;24.5;7.5;;;;67.6;11.2;;;;;;;;;;;;;0;;;;;;;;;;;;;;0
BLA;27.08.2007 00:00;16.1;23.5;12;;;;71.4;13.4;;;;;;;;;;;;;0.1;;;;;;;;;;;;;;0
BLA;28.08.2007 00:00;14.9;19.5;11.5;;;;81.8;13.8;;;;;;;;;;;;;6.5;;;;;;;;;;;;;;0
BLA;29.08.2007 00:00;11.2;17;11;;;;91.6;11.8;;;;;;;;;;;;;34;;;;;;;;;;;;;;0.8
BLA;30.08.2007 00:00;10.4;15;8;;;;86.2;11.2;;;;;;;;;;;;;0.8;;;;;;;;;;;;;;1.6
BLA;31.08.2007 00:00;9.4;16.5;2.5;;;;68.2;8;;;;;;;;;;;;;0;;;;;;;;;;;;;;2.6
BLA;01.09.2007 00:00;9.3;16.5;2.5;;;;69;7.9;;;;;;;;;;;;;0;;;;;;;;;;;;;;2.7
BLA;02.09.2007 00:00;9.6;18;2.5;;;;80.4;9.4;;;;;;;;;;;;;0;;;;;;;;;;;;;;2.4
BLA;03.09.2007 00:00;9.1;15.5;3;;;;82.3;9.4;;;;;;;;;;;;;4.3;;;;;;;;;;;;;;2.9
BLA;04.09.2007 00:00;5.5;9.5;1.5;;;;70.2;6;;;;;;;;;;;;;0.7;;;;;;;;;;;;;;6.5
BLA;05.09.2007 00:00;5;10.5;-0.5;;;;49.1;3.6;;;;;;;;;;;;;0;;;;;;;;;;;;;;7
BLA;06.09.2007 00:00;6.8;14.5;-2;;;;54.6;4.2;;;;;;;;;;;;;0;;;;;;;;;;;;;;5.2
BLA;07.09.2007 00:00;7.2;15;0;;;;75.8;7.4;;;;;;;;;;;;;0;;;;;;;;;;;;;;4.8
BLA;08.09.2007 00:00;8.4;17.5;1.5;;;;82.1;8.7;;;;;;;;;;;;;0;;;;;;;;;;;;;;3.6
BLA;09.09.2007 00:00;9.6;15;4.5;;;;68.1;8.3;;;;;;;;;;;;;0;;;;;;;;;;;;;;2.4
BLA;10.09.2007 00:00;9.5;16;1.5;;;;60.3;6.7;;;;;;;;;;;;;0;;;;;;;;;;;;;;2.5
BLA;11.09.2007 00:00;10;17.5;4.5;;;;61.2;7.1;;;;;;;;;;;;;0;;;;;;;;;;;;;;2
BLA;12.09.2007 00:00;8.2;17;0.5;;;;73.3;7.6;;;;;;;;;;;;;0;;;;;;;;;;;;;;3.8
BLA;13.09.2007 00:00;9.1;19.5;1.5;;;;76.4;8.3;;;;;;;;;;;;;0;;;;;;;;;;;;;;2.9
BLA;14.09.2007 00:00;11.6;19;2.3;;;;70.2;9.4;;;;;;;;;;;;;0;;;;;;;;;;;;;;0.4
BLA;15.09.2007 00:00;10.2;18.5;3.5;;;;77;9;;;;;;;;;;;;;0;;;;;;;;;;;;;;1.8
BLA;16.09.2007 00:00;11.4;21;0.5;;;;71.6;9.2;;;;;;;;;;;;;0.8;;;;;;;;;;;;;;0.6
BLA;17.09.2007 00:00;11.8;17.5;5.5;;;;76.2;10.1;;;;;;;;;;;;;9.6;;;;;;;;;;;;;;0.2
BLA;18.09.2007 00:00;7.3;9.7;5;;;;76.8;8.2;;;;;;;;;;;;;5.6;;;;;;;;;;;;;;4.7
BLA;19.09.2007 00:00;3;11;-6.5;;;;83.2;6.7;;;;;;;;;;;;;0;;;;;;;;;;;;;;9
BLA;20.09.2007 00:00;4.7;15.5;-4.5;;;;80;7.2;;;;;;;;;;;;;0;;;;;;;;;;;;;;7.3
BLA;21.09.2007 00:00;8.3;18.5;-3.1;;;;73.3;7.7;;;;;;;;;;;;;0;;;;;;;;;;;;;;3.7
BLA;22.09.2007 00:00;8.8;18.5;-1;;;;75.6;8.1;;;;;;;;;;;;;0;;;;;;;;;;;;;;3.2
BLA;23.09.2007 00:00;10.7;19;0.7;;;;76.7;9.7;;;;;;;;;;;;;0;;;;;;;;;;;;;;1.3
BLA;24.09.2007 00:00;9.4;19.5;0.2;;;;75.6;8.3;;;;;;;;;;;;;2.2;;;;;;;;;;;;;;2.6
BLA;25.09.2007 00:00;6.4;9;5;;;;96.7;9.5;;;;;;;;;;;;;2.4;;;;;;;;;;;;;;5.6
BLA;26.09.2007 00:00;3.4;7.5;-0.3;;;;84.6;6.8;;;;;;;;;;;;;2.2;;;;;;;;;;;;;;8.6
BLA;27.09.2007 00:00;2.1;4;-2.1;;;;91.4;6.6;;;;;;;;;;;;;2;;;;;;;;;;;;;;9.9
BLA;28.09.2007 00:00;3.8;6.5;1;;;;80.4;6.2;;;;;;;;;;;;;0.8;;;;;;;;;;;;;;8.2
BLA;29.09.2007 00:00;3.2;12;0;;;;86.8;7;;;;;;;;;;;;;1.4;;;;;;;;;;;;;;8.8
BLA;30.09.2007 00:00;7.1;13;2.5;;;;86.4;8.7;;;;;;;;;;;;;0.2;;;;;;;;;;;;;;4.9
BLA;01.10.2007 00:00;8.3;18;2;;;;75.2;7.9;;;;;;;;;;;;;0;;;;;;;;;;;;;;3.7
BLA;02.10.2007 00:00;10.1;20;3.5;;;;74;8.7;;;;;;;;;;;;;0;;;;;;;;;;;;;;1.9
BLA;03.10.2007 00:00;10.7;21.1;0.8;;;;71.7;9.2;;;;;;;;;;;;;18;;;;;;;;;;;;;;1.3
BLA;04.10.2007 00:00;9.9;15.2;4;;;;93.3;12.1;;;;;;;;;;;;;9.2;;;;;;;;;;;;;;2.1
BLA;05.10.2007 00:00;10.9;19;5.5;;;;81;10.5;;;;;;;;;;;;;0;;;;;;;;;;;;;;1.1
BLA;06.10.2007 00:00;10.7;15.5;9;;;;86.7;11.2;;;;;;;;;;;;;2.3;;;;;;;;;;;;;;1.3
BLA;07.10.2007 00:00;7.4;15.5;2.5;;;;80.5;7.9;;;;;;;;;;;;;0;;;;;;;;;;;;;;4.6
BLA;08.10.2007 00:00;6.2;14;1.5;;;;80.5;7.3;;;;;;;;;;;;;0;;;;;;;;;;;;;;5.8
BLA;09.10.2007 00:00;7;11.5;4;;;;82.9;8.1;;;;;;;;;;;;;0;;;;;;;;;;;;;;5
BLA;10.10.2007 00:00;7.2;12.8;4;;;;81;8;;;;;;;;;;;;;0;;;;;;;;;;;;;;4.8
BLA;11.10.2007 00:00;4.9;12.5;0;;;;83;7.1;;;;;;;;;;;;;0;;;;;;;;;;;;;;7.1
BLA;12.10.2007 00:00;5.6;13;-1;;;;52.4;5.2;;;;;;;;;;;;;0;;;;;;;;;;;;;;6.4
BLA;13.10.2007 00:00;5.5;14.5;0;;;;76.6;6.4;;;;;;;;;;;;;0;;;;;;;;;;;;;;6.5
BLA;14.10.2007 00:00;6.1;16;0;;;;73.8;6.6;;;;;;;;;;;;;0;;;;;;;;;;;;;;5.9
BLA;15.10.2007 00:00;6.2;17;0;;;;70.8;6.2;;;;;;;;;;;;;0;;;;;;;;;;;;;;5.8
BLA;16.10.2007 00:00;5.4;15.1;-0.3;;;;70.8;5.9;;;;;;;;;;;;;0;;;;;;;;;;;;;;6.6
BLA;17.10.2007 00:00;4.8;15;-1;;;;77.2;6.4;;;;;;;;;;;;;0;;;;;;;;;;;;;;7.2
BLA;18.10.2007 00:00;4.7;9;1.5;;;;67.2;6.2;;;;;;;;;;;;;5;;;;;;;;;;;;;;7.3
BLA;19.10.2007 00:00;1.7;9.2;-5.5;;;;52.1;3.6;;;;;;;;;;;;;0;;;;;;;;;;;;;;10.3
BLA;20.10.2007 00:00;-2.7;5.5;-6.5;;;;64.3;3.1;;;;;;;;;;;;;0;;;;;;;;;;;;;;14.7
BLA;21.10.2007 00:00;-2.1;5;-7;;;;56.8;3;;;;;;;;;;;;;0;;;;;;;;;;;;;;14.1
BLA;22.10.2007 00:00;-4.2;4;-11.2;;;;67.4;3;;;;;;;;;;;;;0;;;;;;;;;;;;;;16.2
BLA;23.10.2007 00:00;-1.1;7.8;-8.5;;;;75.6;4.1;;;;;;;;;;;;;0;;;;;;;;;;;;;;13.1
BLA;24.10.2007 00:00;-0.1;8;-8.2;;;;79.8;5;;;;;;;;;;;;;0;;;;;;;;;;;;;;12.1
BLA;25.10.2007 00:00;2.4;10.5;-2.5;;;;70.9;5.1;;;;;;;;;;;;;0;;;;;;;;;;;;;;9.6
BLA;26.10.2007 00:00;4.7;12.5;-0.5;;;;69.3;5.7;;;;;;;;;;;;;0;;;;;;;;;;;;;;7.3
BLA;27.10.2007 00:00;2.8;12;-2.5;;;;77.2;5.3;;;;;;;;;;;;;0;;;;;;;;;;;;;;9.2
BLA;28.10.2007 00:00;3.2;10;0;;;;77;5.1;;;;;;;;;;;;;0;;;;;;;;;;;;;;8.8
BLA;29.10.2007 00:00;2.8;13;-2;;;;71;5.1;;;;;;;;;;;;;0;;;;;;;;;;;;;;9.2
BLA;30.10.2007 00:00;1.8;4;-0.5;;;;94.8;6.8;;;;;;;;;;;;;0;;;;;;;;;;;;;;10.2
BLA;31.10.2007 00:00;0.4;10;-4;;;;76;4.3;;;;;;;;;;;;;0;;;;;;;;;;;;;;11.6
BLA;01.11.2007 00:00;1.6;12;-4;;;;69.6;4.5;;;;;;;;;;;;;0;;;;;;;;;;;;;;10.4
BLA;02.11.2007 00:00;3.4;15.5;-2;;;;70.8;5;;;;;;;;;;;;;0;;;;;;;;;;;;;;8.6
BLA;03.11.2007 00:00;3.2;13.5;-1.5;;;;78.3;5.6;;;;;;;;;;;;;0;;;;;;;;;;;;;;8.8
BLA;04.11.2007 00:00;2.2;12;-2;;;;84.6;5.8;;;;;;;;;;;;;0;;;;;;;;;;;;;;9.8
BLA;05.11.2007 00:00;0.2;10;-3.5;;;;77.2;4.4;;;;;;;;;;;;;0;;;;;;;;;;;;;;11.8
BLA;06.11.2007 00:00;-0.2;6;-4;;;;57.4;3.3;;;;;;;;;;;;;0.1;;;;;;;;;;;;;;12.2
BLA;07.11.2007 00:00;-1.8;3;-7;;;;95.2;5.7;;;;;;;;;;;;;1.5;;;;;;;;;;;;;;13.8
BLA;08.11.2007 00:00;-0.3;6.5;-5.2;;;;86.1;4.8;;;;;;;;;;;;;2;;;;;;;;;;;;;;12.3
BLA;09.11.2007 00:00;-3;4;-5;;;;73.4;3.6;;;;;;;;;;;;;2.8;;;;;;;;;;;;;;15
BLA;10.11.2007 00:00;-3.3;0;-6;;;;89.6;4.5;;;;;;;;;;;;;40.4;;;;;;;;;;;;;;15.3
BLA;11.11.2007 00:00;1;5;-2;;;;87.5;5.7;;;;;;;;;;;;;1.4;;;;;;;;;;;;;;11
BLA;12.11.2007 00:00;-2.8;1;-7;;;;63.2;3.2;;;;;;;;;;;;;0;;;;;;;;;;;;;;14.8
BLA;13.11.2007 00:00;-6.8;0;-14;;;;65.7;2.5;;;;;;;;;;;;;19;;;;;;;;;;;;;;18.8
BLA;14.11.2007 00:00;-3.9;-2;-5.5;;;;92.8;4.3;;;;;;;;;;;;;9;;;;;;;;;;;;;;15.9
BLA;15.11.2007 00:00;-9.9;-4;-14;;;;72.7;2.1;;;;;;;;;;;;;0;;;;;;;;;;;;;;21.9
BLA;16.11.2007 00:00;-13.2;-4.2;-17;;;;77.6;1.7;;;;;;;;;;;;;0;;;;;;;;;;;;;;25.2
BLA;17.11.2007 00:00;-11.8;-3;-16.5;;;;81.5;2;;;;;;;;;;;;;0;;;;;;;;;;;;;;23.8
BLA;18.11.2007 00:00;-9.6;-0.5;-15;;;;70.8;2.1;;;;;;;;;;;;;0;;;;;;;;;;;;;;21.6
BLA;19.11.2007 00:00;-3.5;5.5;-10.5;;;;69.6;3.3;;;;;;;;;;;;;0;;;;;;;;;;;;;;15.5
BLA;20.11.2007 00:00;-3.1;4;-8;;;;76.6;3.8;;;;;;;;;;;;;0;;;;;;;;;;;;;;15.1
BLA;21.11.2007 00:00;1.6;5;-3;;;;81.2;5.7;;;;;;;;;;;;;0.1;;;;;;;;;;;;;;10.4
BLA;22.11.2007 00:00;0.5;5;-4;;;;81.1;5.4;;;;;;;;;;;;;0.3;;;;;;;;;;;;;;11.5
BLA;23.11.2007 00:00;2.3;5;1.5;;;;95.1;6.8;;;;;;;;;;;;;2.7;;;;;;;;;;;;;;9.7
BLA;24.11.2007 00:00;0.9;3.5;-1.5;;;;95.9;6.4;;;;;;;;;;;;;0;;;;;;;;;;;;;;11.1
BLA;25.11.2007 00:00;0.4;4;-1.5;;;;89.7;5.6;;;;;;;;;;;;;0;;;;;;;;;;;;;;11.6
BLA;26.11.2007 00:00;-3.6;2.4;-6;;;;59.4;2.8;;;;;;;;;;;;;0;;;;;;;;;;;;;;15.6
BLA;27.11.2007 00:00;-5.4;-1;-8;;;;74.2;3;;;;;;;;;;;;;0;;;;;;;;;;;;;;17.4
BLA;28.11.2007 00:00;-4;4;-7.5;;;;78.4;3.7;;;;;;;;;;;;;0;;;;;;;;;;;;;;16
BLA;29.11.2007 00:00;-4.5;-2.5;-6.5;;;;82.1;3.6;;;;;;;;;;;;;0;;;;;;;;;;;;;;16.5
BLA;30.11.2007 00:00;-0.3;5;-4.5;;;;73.2;4.3;;;;;;;;;;;;;0;;;;;;;;;;;;;;12.3
BLA;01.12.2007 00:00;1.6;6;-3.5;;;;79.4;5.4;;;;;;;;;;;;;0;;;;;;;;;;;;;;10.4
BLA;02.12.2007 00:00;2;5;-1.5;;;;65.5;4.5;;;;;;;;;;;;;17.5;;;;;;;;;;;;;;10
BLA;03.12.2007 00:00;-1.4;0.2;-3;;;;92.3;5.2;;;;;;;;;;;;;33.8;;;;;;;;;;;;;;13.4
BLA;04.12.2007 00:00;-2.5;0;-6;;;;81.2;4.2;;;;;;;;;;;;;3.7;;;;;;;;;;;;;;14.5
BLA;05.12.2007 00:00;-3;3;-5;;;;91.7;4.6;;;;;;;;;;;;;0;;;;;;;;;;;;;;15
BLA;06.12.2007 00:00;1.2;4.5;-4.5;;;;73.7;4.8;;;;;;;;;;;;;24;;;;;;;;;;;;;;10.8
BLA;07.12.2007 00:00;1.6;3.5;-1.5;;;;95.1;6.7;;;;;;;;;;;;;14.4;;;;;;;;;;;;;;10.4
BLA;08.12.2007 00:00;-3.1;-1.5;-5;;;;83.3;4.1;;;;;;;;;;;;;16.1;;;;;;;;;;;;;;15.1
BLA;09.12.2007 00:00;-2.3;1;-4.8;;;;96.4;5.1;;;;;;;;;;;;;14.7;;;;;;;;;;;;;;14.3
BLA;10.12.2007 00:00;-2.7;-1;-5;;;;94;4.8;;;;;;;;;;;;;35.3;;;;;;;;;;;;;;14.7
BLA;11.12.2007 00:00;-2.9;-2;-3.5;;;;89;4.4;;;;;;;;;;;;;5.7;;;;;;;;;;;;;;14.9
BLA;12.12.2007 00:00;-10.7;-5;-12.5;;;;78;2.2;;;;;;;;;;;;;0;;;;;;;;;;;;;;22.7
BLA;13.12.2007 00:00;-11.5;-3.5;-13.5;;;;87.7;2.3;;;;;;;;;;;;;0;;;;;;;;;;;;;;23.5
BLA;14.12.2007 00:00;-10.7;-3.5;-13;;;;80.8;2.2;;;;;;;;;;;;;0;;;;;;;;;;;;;;22.7
BLA;15.12.2007 00:00;-13.6;-5.5;-15;;;;78.8;1.7;;;;;;;;;;;;;0;;;;;;;;;;;;;;25.6
BLA;16.12.2007 00:00;-14.9;-6.5;-17;;;;76.6;1.5;;;;;;;;;;;;;0;;;;;;;;;;;;;;26.9
BLA;17.12.2007 00:00;-11.7;-2;-15;;;;73.2;1.9;;;;;;;;;;;;;0;;;;;;;;;;;;;;23.7
BLA;18.12.2007 00:00;-12.2;-3.8;-15;;;;77.5;1.9;;;;;;;;;;;;;0;;;;;;;;;;;;;;24.2
BLA;19.12.2007 00:00;-10.2;-2.5;-14;;;;69.4;2;;;;;;;;;;;;;0;;;;;;;;;;;;;;22.2
BLA;20.12.2007 00:00;-9;-0.5;-11;;;;67.3;2.1;;;;;;;;;;;;;0;;;;;;;;;;;;;;21
BLA;21.12.2007 00:00;-7.3;0.5;-10.5;;;;64.8;2.3;;;;;;;;;;;;;0;;;;;;;;;;;;;;19.3
BLA;22.12.2007 00:00;-3.5;3;-9;;;;68.1;3.4;;;;;;;;;;;;;0;;;;;;;;;;;;;;15.5
BLA;23.12.2007 00:00;-5.8;0;-7.5;;;;75.4;3;;;;;;;;;;;;;0;;;;;;;;;;;;;;17.8
BLA;24.12.2007 00:00;-9.4;-1.5;-10.5;;;;74.5;2.3;;;;;;;;;;;;;0;;;;;;;;;;;;;;21.4
BLA;25.12.2007 00:00;-9.3;-1.5;-11;;;;71.6;2.2;;;;;;;;;;;;;0;;;;;;;;;;;;;;21.3
BLA;26.12.2007 00:00;-4.2;-0.5;-10;;;;71;3.3;;;;;;;;;;;;;0;;;;;;;;;;;;;;16.2
BLA;27.12.2007 00:00;-11.4;-3.5;-12.5;;;;74.9;1.9;;;;;;;;;;;;;0;;;;;;;;;;;;;;23.4
BLA;28.12.2007 00:00;-9.6;1;-12;;;;67.9;2;;;;;;;;;;;;;0;;;;;;;;;;;;;;21.6
BLA;29.12.2007 00:00;-9.5;0;-12.4;;;;66.7;2.1;;;;;;;;;;;;;1.8;;;;;;;;;;;;;;21.5
BLA;30.12.2007 00:00;-6.7;-2;-9.5;;;;81.3;3.2;;;;;;;;;;;;;0.1;;;;;;;;;;;;;;18.7
BLA;31.12.2007 00:00;-13.4;-6;-15;;;;75.7;1.6;;;;;;;;;;;;;0;;;;;;;;;;;;;;25.4
BLA;01.01.2008 00:00;-12.4;-4.5;-15;;;;74.2;1.8;;;;;;;;;;;;;0;;;;;;;;;;;0;;32.4;24.4
BLA;02.01.2008 00:00;-9.7;-2;-15;;;;71.2;2.2;;;;;;;;;;;;;0;;;;;;;;;;;0;;29.7;21.7
BLA;03.01.2008 00:00;-7.2;-2.5;-13;;;;71.7;2.6;;;;;;;;;;;;;0;;;;;;;;;;;0;;27.2;19.2
BLA;04.01.2008 00:00;-3.6;1;-8.5;;;;69.1;3.3;;;;;;;;;;;;;0;;;;;;;;;;;0;;23.6;15.6
BLA;05.01.2008 00:00;-1.5;2;-7.5;;;;82;4.6;;;;;;;;;;;;;19.5;;;;;;;;;;;0;;21.5;13.5
BLA;06.01.2008 00:00;-0.2;2.5;-2;;;;89.4;5.4;;;;;;;;;;;;;9.7;;;;;;;;;;;0;;20.2;12.2
BLA;07.01.2008 00:00;1.5;4.5;-0.5;;;;75.7;5.3;;;;;;;;;;;;;13.7;;;;;;;;;;;0;;18.5;10.5
BLA;08.01.2008 00:00;-10.6;-2;-12.5;;;;68.2;1.9;;;;;;;;;;;;;0;;;;;;;;;;;0;;30.6;22.6
BLA;09.01.2008 00:00;-3;0;-10;;;;81.2;4.3;;;;;;;;;;;;;0.8;;;;;;;;;;;0;;23;15
BLA;10.01.2008 00:00;-7.8;1.5;-9.5;;;;77.2;2.6;;;;;;;;;;;;;0;;;;;;;;;;;0;;27.8;19.8
BLA;11.01.2008 00:00;-5.4;1.8;-13.2;;;;72;3.1;;;;;;;;;;;;;0.8;;;;;;;;;;;0;;25.4;17.4
BLA;12.01.2008 00:00;-2.9;-1.5;-10;;;;95.1;4.9;;;;;;;;;;;;;11.1;;;;;;;;;;;0;;22.9;14.9
BLA;13.01.2008 00:00;-8.9;-1;-12;;;;89.7;2.9;;;;;;;;;;;;;0;;;;;;;;;;;0;;28.9;20.9
BLA;14.01.2008 00:00;-3.8;1;-9.5;;;;81.1;3.9;;;;;;;;;;;;;1.2;;;;;;;;;;;0;;23.8;15.8
BLA;15.01.2008 00:00;-6.3;1;-10;;;;83.7;3.2;;;;;;;;;;;;;0.2;;;;;;;;;;;0;;26.3;18.3
BLA;16.01.2008 00:00;-2.9;0;-5;;;;85.8;4.4;;;;;;;;;;;;;1.6;;;;;;;;;;;0;;22.9;14.9
BLA;17.01.2008 00:00;-5.2;0.5;-8;;;;73.1;3.2;;;;;;;;;;;;;5.9;;;;;;;;;;;0;;25.2;17.2
BLA;18.01.2008 00:00;-0.2;5;-8;;;;81.4;4.9;;;;;;;;;;;;;3.8;;;;;;;;;;;0;;20.2;12.2
BLA;19.01.2008 00:00;-4.7;2;-7;;;;87.4;3.8;;;;;;;;;;;;;0;;;;;;;;;;;0;;24.7;16.7
BLA;20.01.2008 00:00;-2.6;6.5;-8;;;;66.5;3.5;;;;;;;;;;;;;0;;;;;;;;;;;0;;22.6;14.6
BLA;21.01.2008 00:00;-2.2;6.9;-8.3;;;;64.6;3.4;;;;;;;;;;;;;6.4;;;;;;;;;;;0;;22.2;14.2
BLA;22.01.2008 00:00;-0.6;2.7;-5;;;;86;5;;;;;;;;;;;;;4.6;;;;;;;;;;;0;;20.6;12.6
BLA;23.01.2008 00:00;-8.3;1;-12;;;;67.7;2.2;;;;;;;;;;;;;0;;;;;;;;;;;0;;28.3;20.3
BLA;24.01.2008 00:00;-7.4;6;-13;;;;82.9;3.2;;;;;;;;;;;;;0;;;;;;;;;;;0;;27.4;19.4
BLA;25.01.2008 00:00;-3.5;4.5;-14.5;;;;71.7;3.6;;;;;;;;;;;;;0;;;;;;;;;;;0;;23.5;15.5
BLA;26.01.2008 00:00;-5.8;4;-9;;;;56.8;2.3;;;;;;;;;;;;;0;;;;;;;;;;;0;;25.8;17.8
BLA;27.01.2008 00:00;1;7.5;-8;;;;37.2;2.3;;;;;;;;;;;;;0;;;;;;;;;;;0;;19;11
BLA;28.01.2008 00:00;-1;7;-5;;;;65.4;3.8;;;;;;;;;;;;;0;;;;;;;;;;;0;;21;13
BLA;29.01.2008 00:00;-0.2;9;-4;;;;70.3;4.2;;;;;;;;;;;;;0;;;;;;;;;;;0;;20.2;12.2
BLA;30.01.2008 00:00;-0.9;2;-4;;;;90.4;5.3;;;;;;;;;;;;;1.8;;;;;;;;;;;0;;20.9;12.9
BLA;31.01.2008 00:00;-4.6;0;-9;;;;79;3.5;;;;;;;;;;;;;0;;;;;;;;;;;0;;24.6;16.6
BLA;01.02.2008 00:00;-0.4;5.5;-8.5;;;;67.7;4.3;;;;;;;;;;;;;6.7;;;;;;;;;;;0;;20.4;12.4
BLA;02.02.2008 00:00;-4.7;0.3;-9.7;;;;70;3.1;;;;;;;;;;;;;0.1;;;;;;;;;;;0;;24.7;16.7
BLA;03.02.2008 00:00;-7.7;1.5;-15.5;;;;64.5;2.3;;;;;;;;;;;;;0;;;;;;;;;;;0;;27.7;19.7
BLA;04.02.2008 00:00;-1.8;1.5;-5.5;;;;73.1;3.9;;;;;;;;;;;;;5.7;;;;;;;;;;;0;;21.8;13.8
BLA;05.02.2008 00:00;-4.7;1.8;-12.4;;;;70.5;3.2;;;;;;;;;;;;;0.1;;;;;;;;;;;0;;24.7;16.7
BLA;06.02.2008 00:00;1.4;4;-6.5;;;;66.7;4.9;;;;;;;;;;;;;6.4;;;;;;;;;;;0;;18.6;10.6
BLA;07.02.2008 00:00;-5.3;3.5;-10;;;;62.4;2.5;;;;;;;;;;;;;0;;;;;;;;;;;0;;25.3;17.3
BLA;08.02.2008 00:00;-3.1;6;-8.5;;;;63.2;3.1;;;;;;;;;;;;;0;;;;;;;;;;;0;;23.1;15.1
BLA;09.02.2008 00:00;-3.5;6;-8.5;;;;70.3;3.3;;;;;;;;;;;;;0;;;;;;;;;;;0;;23.5;15.5
BLA;10.02.2008 00:00;-4.4;5;-9;;;;66.6;2.9;;;;;;;;;;;;;0;;;;;;;;;;;0;;24.4;16.4
BLA;11.02.2008 00:00;-5;4.5;-10;;;;67.8;2.9;;;;;;;;;;;;;0;;;;;;;;;;;0;;25;17
BLA;12.02.2008 00:00;-5.7;4.8;-13.2;;;;62.6;2.6;;;;;;;;;;;;;0;;;;;;;;;;;0;;25.7;17.7
BLA;13.02.2008 00:00;-5.8;3;-11.5;;;;55.6;2.3;;;;;;;;;;;;;0;;;;;;;;;;;0;;25.8;17.8
BLA;14.02.2008 00:00;-6.2;5;-11.5;;;;63;2.4;;;;;;;;;;;;;0;;;;;;;;;;;0;;26.2;18.2
BLA;15.02.2008 00:00;-5.8;4.5;-11;;;;63.9;2.6;;;;;;;;;;;;;0;;;;;;;;;;;0;;25.8;17.8
BLA;16.02.2008 00:00;-6.6;3;-12;;;;63.5;2.3;;;;;;;;;;;;;0;;;;;;;;;;;0;;26.6;18.6
BLA;17.02.2008 00:00;-6.4;5.4;-12.5;;;;65.6;2.5;;;;;;;;;;;;;0;;;;;;;;;;;0;;26.4;18.4
BLA;18.02.2008 00:00;-6.2;5;-12.5;;;;64.5;2.5;;;;;;;;;;;;;0;;;;;;;;;;;0;;26.2;18.2
BLA;19.02.2008 00:00;-5.7;5;-11.5;;;;63.4;2.6;;;;;;;;;;;;;0;;;;;;;;;;;0;;25.7;17.7
BLA;20.02.2008 00:00;-1.4;10;-9;;;;67.6;3.8;;;;;;;;;;;;;0.8;;;;;;;;;;;0;;21.4;13.4
BLA;21.02.2008 00:00;1.3;9;-1.5;;;;80;5.3;;;;;;;;;;;;;0;;;;;;;;;;;0;;18.7;10.7
BLA;22.02.2008 00:00;-0.2;8.9;-8.2;;;;73.8;4.5;;;;;;;;;;;;;0;;;;;;;;;;;0;;20.2;12.2
BLA;23.02.2008 00:00;-0.6;9;-6;;;;74.1;4.3;;;;;;;;;;;;;0;;;;;;;;;;;0;;20.6;12.6
BLA;24.02.2008 00:00;2.3;10.5;-3.5;;;;69;4.8;;;;;;;;;;;;;0;;;;;;;;;;;0;;17.7;9.7
BLA;25.02.2008 00:00;1.5;9.5;-4;;;;75.3;5;;;;;;;;;;;;;0;;;;;;;;;;;0;;18.5;10.5
BLA;26.02.2008 00:00;0.3;7;-5.5;;;;80.8;5;;;;;;;;;;;;;1.5;;;;;;;;;;;0;;19.7;11.7
BLA;27.02.2008 00:00;3.6;10;1;;;;79.4;5.8;;;;;;;;;;;;;0;;;;;;;;;;;0;;16.4;8.4
BLA;28.02.2008 00:00;0.5;7;-5;;;;79.8;4.9;;;;;;;;;;;;;2.7;;;;;;;;;;;0;;19.5;11.5
BLA;29.02.2008 00:00;2.6;5.5;-1.5;;;;88.6;6.6;;;;;;;;;;;;;5.8;;;;;;;;;;;0;;17.4;9.4
BLA;01.03.2008 00:00;2.7;6.6;0.5;;;;82.8;6.2;;;;;;;;;;;;;13.2;;;;;;;;;;;0;;17.3;9.3
BLA;02.03.2008 00:00;4.3;9;1.5;;;;71.6;5.5;;;;;;;;;;;;;0;;;;;;;;;;;0;;15.7;7.7
BLA;03.03.2008 00:00;1.8;9;-4.5;;;;65.6;4.6;;;;;;;;;;;;;0;;;;;;;;;;;0;;18.2;10.2
BLA;04.03.2008 00:00;-2.7;0;-4.5;;;;60.2;3.1;;;;;;;;;;;;;1.7;;;;;;;;;;;0;;22.7;14.7
BLA;05.03.2008 00:00;-6.6;-3.5;-9;;;;59.2;2.1;;;;;;;;;;;;;0;;;;;;;;;;;0;;26.6;18.6
BLA;06.03.2008 00:00;-7.7;2;-15;;;;56.2;1.9;;;;;;;;;;;;;0;;;;;;;;;;;0;;27.7;19.7
BLA;07.03.2008 00:00;-3.3;5;-9.5;;;;68;3.2;;;;;;;;;;;;;0.1;;;;;;;;;;;0;;23.3;15.3
BLA;08.03.2008 00:00;-1.9;4.5;-7;;;;74.6;3.8;;;;;;;;;;;;;0;;;;;;;;;;;0;;21.9;13.9
BLA;09.03.2008 00:00;-1.1;5.5;-7.5;;;;73.6;3.9;;;;;;;;;;;;;0;;;;;;;;;;;0;;21.1;13.1
BLA;10.03.2008 00:00;-0.4;5;-5;;;;78;4.3;;;;;;;;;;;;;5;;;;;;;;;;;0;;20.4;12.4
BLA;11.03.2008 00:00;-0.7;2;-3;;;;85.2;4.6;;;;;;;;;;;;;20.7;;;;;;;;;;;0;;20.7;12.7
BLA;12.03.2008 00:00;2.2;4.5;0;;;;84.2;6.2;;;;;;;;;;;;;8.5;;;;;;;;;;;0;;17.8;9.8
BLA;13.03.2008 00:00;1.1;6;-3.5;;;;58.8;3.5;;;;;;;;;;;;;9.2;;;;;;;;;;;0;;18.9;10.9
BLA;14.03.2008 00:00;3.1;10.5;0.5;;;;75.8;5.8;;;;;;;;;;;;;0;;;;;;;;;;;0;;16.9;8.9
BLA;15.03.2008 00:00;2.1;11;-4.5;;;;55.6;3.5;;;;;;;;;;;;;2.8;;;;;;;;;;;0;;17.9;9.9
BLA;16.03.2008 00:00;0.4;4.5;-1;;;;88.2;5.2;;;;;;;;;;;;;16.3;;;;;;;;;;;0;;19.6;11.6
BLA;17.03.2008 00:00;-0.6;3;-5;;;;86.6;5.1;;;;;;;;;;;;;3;;;;;;;;;;;0;;20.6;12.6
BLA;18.03.2008 00:00;-2.3;5;-7.5;;;;60.4;2.8;;;;;;;;;;;;;0;;;;;;;;;;;0;;22.3;14.3
BLA;19.03.2008 00:00;-6.1;3;-13.5;;;;48.2;1.8;;;;;;;;;;;;;0;;;;;;;;;;;0;;26.1;18.1
BLA;20.03.2008 00:00;-6.4;0;-13;;;;52.4;1.9;;;;;;;;;;;;;2.9;;;;;;;;;;;0;;26.4;18.4
BLA;21.03.2008 00:00;-4.1;-1;-9.5;;;;95.8;4.6;;;;;;;;;;;;;36.5;;;;;;;;;;;0;;24.1;16.1
BLA;22.03.2008 00:00;-6.3;0.5;-14.5;;;;55.2;2.1;;;;;;;;;;;;;0.7;;;;;;;;;;;0;;26.3;18.3
BLA;23.03.2008 00:00;-7.6;0.5;-14.5;;;;67.4;2.2;;;;;;;;;;;;;0;;;;;;;;;;;0;;27.6;19.6
BLA;24.03.2008 00:00;-10.4;-2;-17.5;;;;74.8;2;;;;;;;;;;;;;3;;;;;;;;;;;0;;30.4;22.4
BLA;25.03.2008 00:00;-4.9;-1.5;-8;;;;50;2.1;;;;;;;;;;;;;1.1;;;;;;;;;;;0;;24.9;16.9
BLA;26.03.2008 00:00;-2.1;3.5;-6;;;;71.6;3.5;;;;;;;;;;;;;0.3;;;;;;;;;;;0;;22.1;14.1
BLA;27.03.2008 00:00;-1;6;-3.5;;;;75.8;4;;;;;;;;;;;;;0;;;;;;;;;;;0;;21;13
BLA;28.03.2008 00:00;-2.7;5;-12;;;;60;2.9;;;;;;;;;;;;;0.1;;;;;;;;;;;0;;22.7;14.7
BLA;29.03.2008 00:00;1.6;6.5;-3;;;;60.8;3.6;;;;;;;;;;;;;0;;;;;;;;;;;0;;18.4;10.4
BLA;30.03.2008 00:00;3;11;-4.5;;;;53.8;4;;;;;;;;;;;;;0;;;;;;;;;;;0;;17;9
BLA;31.03.2008 00:00;1;3.5;0;;;;94.2;6.1;;;;;;;;;;;;;5.4;;;;;;;;;;;0;;19;11
BLA;01.04.2008 00:00;1.8;8.5;-3.5;;;;68.5;4.3;;;;;;;;;;;;;0;;;;;;;;;;;0;;18.2;10.2
BLA;02.04.2008 00:00;-0.1;1.5;-0.5;;;;76.5;4.9;;;;;;;;;;;;;9.6;;;;;;;;;;;0;;20.1;12.1
BLA;03.04.2008 00:00;-1.8;0;-2.5;;;;76.5;4.2;;;;;;;;;;;;;4.6;;;;;;;;;;;0;;21.8;13.8
BLA;04.04.2008 00:00;-3;7;-11.5;;;;62.5;2.6;;;;;;;;;;;;;0;;;;;;;;;;;0;;23;15
BLA;05.04.2008 00:00;0.6;7;-7.6;;;;58.1;3.6;;;;;;;;;;;;;0;;;;;;;;;;;0;;19.4;11.4
BLA;06.04.2008 00:00;1.3;5.5;-0.5;;;;69.6;4.3;;;;;;;;;;;;;3.2;;;;;;;;;;;0;;18.7;10.7
BLA;07.04.2008 00:00;-4.6;2;-11;;;;47.2;2;;;;;;;;;;;;;0;;;;;;;;;;;0;;24.6;16.6
BLA;08.04.2008 00:00;0.8;7.5;-8;;;;66;3.8;;;;;;;;;;;;;0.1;;;;;;;;;;;0;;19.2;11.2
BLA;09.04.2008 00:00;2;7.5;-1.5;;;;89;5.5;;;;;;;;;;;;;5.9;;;;;;;;;;;0;;18;10
BLA;10.04.2008 00:00;4.9;12;0.5;;;;76.1;5.9;;;;;;;;;;;;;0;;;;;;;;;;;0;;15.1;7.1
BLA;11.04.2008 00:00;3.7;9.5;1.5;;;;85.8;6.1;;;;;;;;;;;;;7;;;;;;;;;;;0;;16.3;8.3
BLA;12.04.2008 00:00;1.1;5;-2;;;;64.7;3.8;;;;;;;;;;;;;0;;;;;;;;;;;0;;18.9;10.9
BLA;13.04.2008 00:00;0.2;7;-6.1;;;;60.2;3.4;;;;;;;;;;;;;0;;;;;;;;;;;0;;19.8;11.8
BLA;14.04.2008 00:00;-1;1.8;-2.8;;;;83.7;4.9;;;;;;;;;;;;;3.8;;;;;;;;;;;0;;21;13
BLA;15.04.2008 00:00;-0.6;4;-4.6;;;;67.1;3.6;;;;;;;;;;;;;0.2;;;;;;;;;;;0;;20.6;12.6
BLA;16.04.2008 00:00;-1.7;5;-9;;;;52.5;2.5;;;;;;;;;;;;;0;;;;;;;;;;;0;;21.7;13.7
BLA;17.04.2008 00:00;2;9;-4.5;;;;60.1;4;;;;;;;;;;;;;0;;;;;;;;;;;0;;18;10
BLA;18.04.2008 00:00;3.6;11;-2.1;;;;70;4.7;;;;;;;;;;;;;0.2;;;;;;;;;;;0;;16.4;8.4
BLA;19.04.2008 00:00;4.2;10.5;-2.7;;;;67.7;4.7;;;;;;;;;;;;;0.2;;;;;;;;;;;0;;15.8;7.8
BLA;20.04.2008 00:00;4.1;11;-1.7;;;;61.2;4.7;;;;;;;;;;;;;0;;;;;;;;;;;0;;15.9;7.9
BLA;21.04.2008 00:00;3.7;7.2;1.8;;;;88;6.6;;;;;;;;;;;;;12.5;;;;;;;;;;;0;;16.3;8.3
BLA;22.04.2008 00:00;1.2;3.5;-0.5;;;;94.8;6.3;;;;;;;;;;;;;12.7;;;;;;;;;;;0;;18.8;10.8
BLA;23.04.2008 00:00;5;10;0.9;;;;73.8;6.1;;;;;;;;;;;;;0;;;;;;;;;;;0;;15;7
BLA;24.04.2008 00:00;5.3;11.5;0.4;;;;67;5.3;;;;;;;;;;;;;0;;;;;;;;;;;0;;14.7;6.7
BLA;25.04.2008 00:00;5.5;10.5;0.8;;;;56.9;4.7;;;;;;;;;;;;;0;;;;;;;;;;;0;;14.5;6.5
BLA;26.04.2008 00:00;4.9;12.5;-2;;;;61.4;4.5;;;;;;;;;;;;;0;;;;;;;;;;;0;;15.1;7.1
BLA;27.04.2008 00:00;6;13.5;-1;;;;58.8;4.6;;;;;;;;;;;;;0;;;;;;;;;;;0;;14;6
BLA;28.04.2008 00:00;5.4;12.5;1.1;;;;84.7;6.7;;;;;;;;;;;;;18.5;;;;;;;;;;;0;;14.6;6.6
BLA;29.04.2008 00:00;4.4;9.6;0.2;;;;74.9;6.1;;;;;;;;;;;;;0;;;;;;;;;;;0;;15.6;7.6
BLA;30.04.2008 00:00;4;11;-0.8;;;;77.4;5.5;;;;;;;;;;;;;3.8;;;;;;;;;;;0;;16;8
BLA;01.05.2008 00:00;3.5;9.5;-3;;;;62.5;4.4;;;;;;;;;;;;;0;;;;;;;;;;;0;;16.5;8.5
BLA;02.05.2008 00:00;7;12;2;;;;49.7;4.8;;;;;;;;;;;;;0;;;;;;;;;;;0;;13;5
BLA;03.05.2008 00:00;7.3;15;0.2;;;;62.4;5.5;;;;;;;;;;;;;0;;;;;;;;;;;0;;12.7;4.7
BLA;04.05.2008 00:00;8.6;16;2.2;;;;68.9;7.1;;;;;;;;;;;;;0.6;;;;;;;;;;;0;;11.4;3.4
BLA;05.05.2008 00:00;10.1;16;4.4;;;;53.4;6;;;;;;;;;;;;;0;;;;;;;;;;;0;;9.9;1.9
BLA;06.05.2008 00:00;8.6;16;0.4;;;;52.3;5.3;;;;;;;;;;;;;0;;;;;;;;;;;0;;11.4;3.4
BLA;07.05.2008 00:00;8.7;16;0.7;;;;56.5;5.8;;;;;;;;;;;;;0;;;;;;;;;;;0;;11.3;3.3
BLA;08.05.2008 00:00;9.6;17;2;;;;61.1;6.7;;;;;;;;;;;;;0;;;;;;;;;;;0;;10.4;2.4
BLA;09.05.2008 00:00;10.3;16.8;2.2;;;;43.9;4.8;;;;;;;;;;;;;0;;;;;;;;;;;0;;9.7;1.7
BLA;10.05.2008 00:00;9.1;16;1.5;;;;58;7;;;;;;;;;;;;;0;;;;;;;;;;;0;;10.9;2.9
BLA;11.05.2008 00:00;9;16;1.5;;;;64.9;7.3;;;;;;;;;;;;;0;;;;;;;;;;;0;;11;3
BLA;12.05.2008 00:00;7.8;14.8;2;;;;61.5;6;;;;;;;;;;;;;0;;;;;;;;;;;0;;12.2;4.2
BLA;13.05.2008 00:00;8.8;15.5;0.5;;;;55.4;6;;;;;;;;;;;;;0;;;;;;;;;;;0;;11.2;3.2
BLA;14.05.2008 00:00;10.9;16.5;3.5;;;;51.6;6.7;;;;;;;;;;;;;0;;;;;;;;;;;0;;9.1;1.1
BLA;15.05.2008 00:00;8.6;14;2.5;;;;75.5;8.1;;;;;;;;;;;;;1.2;;;;;;;;;;;0;;11.4;3.4
BLA;16.05.2008 00:00;9.9;15;4;;;;68;7.7;;;;;;;;;;;;;0;;;;;;;;;;;0;;10.1;2.1
BLA;17.05.2008 00:00;8.8;14;4.5;;;;80.4;8.9;;;;;;;;;;;;;8.2;;;;;;;;;;;0;;11.2;3.2
BLA;18.05.2008 00:00;7.7;11.5;4.8;;;;81.7;8.6;;;;;;;;;;;;;0;;;;;;;;;;;0;;12.3;4.3
BLA;19.05.2008 00:00;8.8;15;1.5;;;;70.2;7.5;;;;;;;;;;;;;0;;;;;;;;;;;0;;11.2;3.2
BLA;20.05.2008 00:00;7.8;12.5;3;;;;75.4;8.1;;;;;;;;;;;;;0;;;;;;;;;;;0;;12.2;4.2
BLA;21.05.2008 00:00;8.3;12.5;5;;;;79.2;8;;;;;;;;;;;;;1;;;;;;;;;;;0;;11.7;3.7
BLA;22.05.2008 00:00;7.9;12.5;4.5;;;;70.8;7.5;;;;;;;;;;;;;0;;;;;;;;;;;0;;12.1;4.1
BLA;23.05.2008 00:00;9;16.5;0.4;;;;59.8;5.9;;;;;;;;;;;;;0;;;;;;;;;;;0;;11;3
BLA;24.05.2008 00:00;9.9;15;2.5;;;;61.7;8.1;;;;;;;;;;;;;4.1;;;;;;;;;;;0;;10.1;2.1
BLA;25.05.2008 00:00;11;16;3.5;;;;72.2;9.1;;;;;;;;;;;;;0.2;;;;;;;;;;;0;;9;1
BLA;26.05.2008 00:00;10.6;16;3.5;;;;77.9;10.7;;;;;;;;;;;;;1.3;;;;;;;;;;;0;;9.4;1.4
BLA;27.05.2008 00:00;14.9;18;6.5;;;;43.7;8.1;;;;;;;;;;;;;16;;;;;;;;;;;0;;0;0
BLA;28.05.2008 00:00;13.7;18.5;6;;;;58.8;8.5;;;;;;;;;;;;;23.6;;;;;;;;;;;0;;0;0
BLA;29.05.2008 00:00;12.1;14.6;8.3;;;;90.6;12.8;;;;;;;;;;;;;30.8;;;;;;;;;;;0;;0;0
BLA;30.05.2008 00:00;11.1;16.5;7;;;;73.5;8.5;;;;;;;;;;;;;0;;;;;;;;;;;0;;8.9;0.9
BLA;31.05.2008 00:00;9.6;14;4.5;;;;80.1;10.3;;;;;;;;;;;;;0.5;;;;;;;;;;;0;;10.4;2.4
BLA;01.06.2008 00:00;12.1;18.5;4.5;;;;74.7;11.8;;;;;;;;;;;;;0;;;;;;;;;;;0;;0;0
BLA;02.06.2008 00:00;11.2;16;7;;;;80.7;10.3;;;;;;;;;;;;;1.9;;;;;;;;;;;0;;8.8;0.8
BLA;03.06.2008 00:00;10;15.5;4.8;;;;83.9;10.4;;;;;;;;;;;;;2;;;;;;;;;;;0;;10;2
BLA;04.06.2008 00:00;7.8;11.5;4.5;;;;90.4;10;;;;;;;;;;;;;2.7;;;;;;;;;;;0;;12.2;4.2
BLA;05.06.2008 00:00;9.1;12.5;6;;;;90.3;10.3;;;;;;;;;;;;;8.4;;;;;;;;;;;0;;10.9;2.9
BLA;06.06.2008 00:00;8;10;5.1;;;;93.4;10.2;;;;;;;;;;;;;15.4;;;;;;;;;;;0;;12;4
BLA;07.06.2008 00:00;6.7;10.6;4.5;;;;88.9;8.6;;;;;;;;;;;;;2.3;;;;;;;;;;;0;;13.3;5.3
BLA;08.06.2008 00:00;9.5;16.5;5;;;;80.3;9.5;;;;;;;;;;;;;0.1;;;;;;;;;;;0;;10.5;2.5
BLA;09.06.2008 00:00;11.2;17;4.5;;;;73.1;9.2;;;;;;;;;;;;;1;;;;;;;;;;;0;;8.8;0.8
BLA;10.06.2008 00:00;11.6;18.4;3.5;;;;73.9;9.7;;;;;;;;;;;;;5.1;;;;;;;;;;;0;;8.4;0.4
BLA;11.06.2008 00:00;11;17;5.5;;;;71.6;9.4;;;;;;;;;;;;;0.1;;;;;;;;;;;0;;9;1
BLA;12.06.2008 00:00;10.9;16.5;4;;;;63.5;7.5;;;;;;;;;;;;;3.1;;;;;;;;;;;0;;9.1;1.1
BLA;13.06.2008 00:00;7.8;13.5;2;;;;59.1;5.7;;;;;;;;;;;;;0;;;;;;;;;;;0;;12.2;4.2
BLA;14.06.2008 00:00;7.9;13;2.5;;;;57.8;5.7;;;;;;;;;;;;;0;;;;;;;;;;;0;;12.1;4.1
BLA;15.06.2008 00:00;4.8;8;0.2;;;;70.4;6.5;;;;;;;;;;;;;0.7;;;;;;;;;;;0;;15.2;7.2
BLA;16.06.2008 00:00;7.1;10;4;;;;86.5;8.6;;;;;;;;;;;;;19.1;;;;;;;;;;;0;;12.9;4.9
BLA;17.06.2008 00:00;9.2;15;4.7;;;;84.8;9.7;;;;;;;;;;;;;2.3;;;;;;;;;;;0;;10.8;2.8
BLA;18.06.2008 00:00;11.4;18.8;2.8;;;;74.7;10.1;;;;;;;;;;;;;0;;;;;;;;;;;0;;8.6;0.6
BLA;19.06.2008 00:00;14;21;4.5;;;;62.5;8.7;;;;;;;;;;;;;0;;;;;;;;;;;0;;0;0
BLA;20.06.2008 00:00;14.3;22.5;3.1;;;;64.2;9.6;;;;;;;;;;;;;0;;;;;;;;;;;0;;0;0
BLA;21.06.2008 00:00;15;24.5;1.9;;;;57.4;9.5;;;;;;;;;;;;;0;;;;;;;;;;;0;;0;0
BLA;22.06.2008 00:00;15.6;25.5;3.8;;;;67.6;12;;;;;;;;;;;;;0;;;;;;;;;;;0;;0;0
BLA;23.06.2008 00:00;17.3;25;6;;;;57.3;11.1;;;;;;;;;;;;;0;;;;;;;;;;;0;;0;0
BLA;24.06.2008 00:00;17.1;25.5;5.1;;;;65.2;11.8;;;;;;;;;;;;;0;;;;;;;;;;;0;;0;0
BLA;25.06.2008 00:00;17.3;26.5;4.6;;;;62.1;13.1;;;;;;;;;;;;;0;;;;;;;;;;;0;;0;0
BLA;26.06.2008 00:00;16.7;24.2;6.9;;;;65.1;12.8;;;;;;;;;;;;;0;;;;;;;;;;;0;;0;0
BLA;27.06.2008 00:00;14.8;21.5;5.8;;;;62.4;9.9;;;;;;;;;;;;;0;;;;;;;;;;;0;;0;0
BLA;28.06.2008 00:00;15.1;24;1.5;;;;56.4;10.2;;;;;;;;;;;;;0;;;;;;;;;;;0;;0;0
BLA;29.06.2008 00:00;16.8;25.5;6.5;;;;59.6;10.2;;;;;;;;;;;;;3.2;;;;;;;;;;;0;;0;0
BLA;30.06.2008 00:00;14.8;23.5;8.5;;;;72.9;12.2;;;;;;;;;;;;;0.1;;;;;;;;;;;0;;0;0
BLA;01.07.2008 00:00;15.3;25;7;;;;77.8;12.5;;;;;;;;;;;;;6.9;;;;;;;;;;;0;;0;0
BLA;02.07.2008 00:00;15.6;24.5;2.4;;;;57.3;9.4;;;;;;;;;;;;;0;;;;;;;;;;;0;;0;0
BLA;03.07.2008 00:00;12.5;17;7.5;;;;88.2;12.9;;;;;;;;;;;;;7.9;;;;;;;;;;;0;;0;0
BLA;04.07.2008 00:00;12.8;20;8;;;;66.8;9.4;;;;;;;;;;;;;0;;;;;;;;;;;0;;0;0
BLA;05.07.2008 00:00;13.5;21.5;4.5;;;;72.9;10.9;;;;;;;;;;;;;1;;;;;;;;;;;0;;0;0
BLA;06.07.2008 00:00;11.7;18.5;8.5;;;;89.9;12.8;;;;;;;;;;;;;19;;;;;;;;;;;0;;8.3;0.3
BLA;07.07.2008 00:00;10.4;16.5;8.5;;;;78.5;10.3;;;;;;;;;;;;;1.8;;;;;;;;;;;0;;9.6;1.6
BLA;08.07.2008 00:00;10.1;17;4;;;;61.8;7;;;;;;;;;;;;;0;;;;;;;;;;;0;;9.9;1.9
BLA;09.07.2008 00:00;10.8;19.5;-1.7;;;;61.3;8.1;;;;;;;;;;;;;0;;;;;;;;;;;0;;9.2;1.2
BLA;10.07.2008 00:00;13.4;23.6;0.4;;;;64.2;9.7;;;;;;;;;;;;;0;;;;;;;;;;;0;;0;0
BLA;11.07.2008 00:00;15.1;23.5;7.5;;;;68;11.6;;;;;;;;;;;;;19.7;;;;;;;;;;;0;;0;0
BLA;12.07.2008 00:00;11.9;17.5;8.5;;;;89.6;12.1;;;;;;;;;;;;;14.9;;;;;;;;;;;0;;8.1;0.1
BLA;13.07.2008 00:00;9.8;13;9;;;;92.5;11.3;;;;;;;;;;;;;3.4;;;;;;;;;;;0;;10.2;2.2
BLA;14.07.2008 00:00;9.8;15.4;5;;;;65.8;8.3;;;;;;;;;;;;;1.8;;;;;;;;;;;0;;10.2;2.2
BLA;15.07.2008 00:00;10.1;20.5;-2.5;;;;63.3;7.6;;;;;;;;;;;;;0;;;;;;;;;;;0;;9.9;1.9
BLA;16.07.2008 00:00;13.1;22.5;0;;;;61.9;9.5;;;;;;;;;;;;;0;;;;;;;;;;;0;;0;0
BLA;17.07.2008 00:00;9.9;13.3;2.5;;;;90.1;11.7;;;;;;;;;;;;;4.4;;;;;;;;;;;0;;10.1;2.1
BLA;18.07.2008 00:00;12;17.7;5.3;;;;70.3;9.8;;;;;;;;;;;;;0.6;;;;;;;;;;;0;;8;0
BLA;19.07.2008 00:00;13.5;22.5;3;;;;62.1;8.7;;;;;;;;;;;;;0;;;;;;;;;;;0;;0;0
BLA;20.07.2008 00:00;14.1;21.5;10;;;;80.3;11.4;;;;;;;;;;;;;3.6;;;;;;;;;;;0;;0;0
BLA;21.07.2008 00:00;8.9;16;-0.2;;;;59.2;6.2;;;;;;;;;;;;;0;;;;;;;;;;;0;;11.1;3.1
BLA;22.07.2008 00:00;9.7;15;2.1;;;;51;6.2;;;;;;;;;;;;;0;;;;;;;;;;;0;;10.3;2.3
BLA;23.07.2008 00:00;10.6;19.5;-1.7;;;;54;6.9;;;;;;;;;;;;;0;;;;;;;;;;;0;;9.4;1.4
BLA;24.07.2008 00:00;11.9;22;-0.5;;;;58.6;8.3;;;;;;;;;;;;;0;;;;;;;;;;;0;;8.1;0.1
BLA;25.07.2008 00:00;13.9;24;1.2;;;;54.9;8.4;;;;;;;;;;;;;5.1;;;;;;;;;;;0;;0;0
BLA;26.07.2008 00:00;14.1;22.5;7.7;;;;78;12.8;;;;;;;;;;;;;0;;;;;;;;;;;0;;0;0
BLA;27.07.2008 00:00;13.2;20.7;6;;;;77.3;11.5;;;;;;;;;;;;;0;;;;;;;;;;;0;;0;0
BLA;28.07.2008 00:00;15.3;22;7;;;;70.6;11.8;;;;;;;;;;;;;1.2;;;;;;;;;;;0;;0;0
BLA;29.07.2008 00:00;15.7;23.5;5.5;;;;71.8;12.3;;;;;;;;;;;;;0.1;;;;;;;;;;;0;;0;0
BLA;30.07.2008 00:00;14.1;25;0.8;;;;73.9;11.7;;;;;;;;;;;;;4.2;;;;;;;;;;;0;;0;0
BLA;31.07.2008 00:00;14.4;23.5;5.6;;;;80.8;12;;;;;;;;;;;;;5.6;;;;;;;;;;;0;;0;0
BLA;01.08.2008 00:00;13.6;20.8;7.7;;;;84;12.6;;;;;;;;;;;;;23.4;;;;;;;;;;;0;;0;0
BLA;02.08.2008 00:00;13.9;22;3.5;;;;78.2;12.8;;;;;;;;;;;;;0;;;;;;;;;;;0;;0;0
BLA;03.08.2008 00:00;15.4;24.7;7.7;;;;71.4;12;;;;;;;;;;;;;0;;;;;;;;;;;0;;0;0
BLA;04.08.2008 00:00;14.8;23.3;5.4;;;;62.6;9.7;;;;;;;;;;;;;0;;;;;;;;;;;0;;0;0
BLA;05.08.2008 00:00;16;23.7;8.5;;;;73.2;13.7;;;;;;;;;;;;;0;;;;;;;;;;;0;;0;0
BLA;06.08.2008 00:00;14.4;24.6;4.3;;;;78.8;12;;;;;;;;;;;;;5.7;;;;;;;;;;;0;;0;0
BLA;07.08.2008 00:00;14.1;21.5;7.5;;;;79.8;12.1;;;;;;;;;;;;;8;;;;;;;;;;;0;;0;0
BLA;08.08.2008 00:00;11.9;17.7;5.5;;;;64.8;8.6;;;;;;;;;;;;;0.5;;;;;;;;;;;0;;8.1;0.1
BLA;09.08.2008 00:00;11.6;19.7;2.8;;;;66;8.9;;;;;;;;;;;;;0;;;;;;;;;;;0;;8.4;0.4
BLA;10.08.2008 00:00;12.9;23;3.5;;;;62.4;8.4;;;;;;;;;;;;;0;;;;;;;;;;;0;;0;0
BLA;11.08.2008 00:00;13.8;21;6.5;;;;78.6;11.6;;;;;;;;;;;;;13.8;;;;;;;;;;;0;;0;0
BLA;12.08.2008 00:00;12;15.5;2.7;;;;92;13.9;;;;;;;;;;;;;13.5;;;;;;;;;;;0;;8;0
BLA;13.08.2008 00:00;11.7;19;4.3;;;;76.8;10.1;;;;;;;;;;;;;0;;;;;;;;;;;0;;8.3;0.3
BLA;14.08.2008 00:00;12.1;19.3;2.7;;;;76.8;11;;;;;;;;;;;;;6.1;;;;;;;;;;;0;;0;0
BLA;15.08.2008 00:00;8.6;13.5;6;;;;92.2;10.5;;;;;;;;;;;;;9.2;;;;;;;;;;;0;;11.4;3.4
BLA;16.08.2008 00:00;9.2;16;0.6;;;;80.2;9.7;;;;;;;;;;;;;0;;;;;;;;;;;0;;10.8;2.8
BLA;17.08.2008 00:00;9.4;15.5;5;;;;80;9.4;;;;;;;;;;;;;0.8;;;;;;;;;;;0;;10.6;2.6
BLA;18.08.2008 00:00;10.9;21;-0.8;;;;65.8;8.1;;;;;;;;;;;;;0;;;;;;;;;;;0;;9.1;1.1
BLA;19.08.2008 00:00;13;21.5;4;;;;79;10.8;;;;;;;;;;;;;16.9;;;;;;;;;;;0;;0;0
BLA;20.08.2008 00:00;11.6;17;7.5;;;;80.4;10.9;;;;;;;;;;;;;0;;;;;;;;;;;0;;8.4;0.4
BLA;21.08.2008 00:00;11.5;20.5;3.5;;;;78;10.3;;;;;;;;;;;;;0;;;;;;;;;;;0;;8.5;0.5
BLA;22.08.2008 00:00;11.9;17.6;6.5;;;;84.4;11.6;;;;;;;;;;;;;0.9;;;;;;;;;;;0;;8.1;0.1
BLA;23.08.2008 00:00;8.8;16;4;;;;74.2;8.1;;;;;;;;;;;;;0.2;;;;;;;;;;;0;;11.2;3.2
BLA;24.08.2008 00:00;8.2;17.8;0;;;;77.4;7.9;;;;;;;;;;;;;0;;;;;;;;;;;0;;11.8;3.8
BLA;25.08.2008 00:00;11.2;15.5;6;;;;82.8;10.7;;;;;;;;;;;;;0.2;;;;;;;;;;;0;;8.8;0.8
BLA;26.08.2008 00:00;13.1;20;6.5;;;;76;11;;;;;;;;;;;;;0;;;;;;;;;;;0;;0;0
BLA;27.08.2008 00:00;13;22;5.5;;;;74.4;10.5;;;;;;;;;;;;;0;;;;;;;;;;;0;;0;0
BLA;28.08.2008 00:00;12.6;21.5;5.3;;;;71.2;10.2;;;;;;;;;;;;;0;;;;;;;;;;;0;;0;0
BLA;29.08.2008 00:00;12.3;22.4;1.7;;;;77;10.6;;;;;;;;;;;;;0;;;;;;;;;;;0;;0;0
BLA;30.08.2008 00:00;13.7;24.1;2.6;;;;71.4;10.5;;;;;;;;;;;;;0;;;;;;;;;;;0;;0;0
BLA;31.08.2008 00:00;13.6;21.6;5.5;;;;75;11.8;;;;;;;;;;;;;6;;;;;;;;;;;0;;0;0
BLA;01.09.2008 00:00;11.6;16.5;3.9;;;;85.6;11.9;;;;;;;;;;;;;0.1;;;;;;;;;;;0;;8.4;0.4
BLA;02.09.2008 00:00;12.1;21;2;;;;73.7;10;;;;;;;;;;;;;0;;;;;;;;;;;0;;0;0
BLA;03.09.2008 00:00;12.6;21;2.2;;;;77.8;10.9;;;;;;;;;;;;;7.4;;;;;;;;;;;0;;0;0
BLA;04.09.2008 00:00;10.6;13.5;9;;;;93;11.9;;;;;;;;;;;;;5.6;;;;;;;;;;;0;;9.4;1.4
BLA;05.09.2008 00:00;13.5;20.5;6;;;;61.5;8.9;;;;;;;;;;;;;0;;;;;;;;;;;0;;0;0
BLA;06.09.2008 00:00;14.4;21;10.3;;;;69.2;10.4;;;;;;;;;;;;;19.1;;;;;;;;;;;0;;0;0
BLA;07.09.2008 00:00;10.2;15.5;7.5;;;;80.9;9.9;;;;;;;;;;;;;0;;;;;;;;;;;0;;9.8;1.8
BLA;08.09.2008 00:00;8.3;17;1.3;;;;75.3;7.7;;;;;;;;;;;;;0;;;;;;;;;;;0;;11.7;3.7
BLA;09.09.2008 00:00;11.5;22.5;1.7;;;;66.9;8.7;;;;;;;;;;;;;0.1;;;;;;;;;;;0;;8.5;0.5
BLA;10.09.2008 00:00;13.2;21;9;;;;80.5;12.5;;;;;;;;;;;;;1.3;;;;;;;;;;;0;;0;0
BLA;11.09.2008 00:00;12.7;20.5;8;;;;80.8;11.8;;;;;;;;;;;;;5;;;;;;;;;;;0;;0;0
BLA;12.09.2008 00:00;11;16;5.7;;;;92.4;12.4;;;;;;;;;;;;;17.2;;;;;;;;;;;0;;9;1
BLA;13.09.2008 00:00;6.9;9.5;4;;;;94.1;9.5;;;;;;;;;;;;;19.5;;;;;;;;;;;0;;13.1;5.1
BLA;14.09.2008 00:00;6.1;9;1.6;;;;93.3;9.1;;;;;;;;;;;;;1;;;;;;;;;;;0;;13.9;5.9
BLA;15.09.2008 00:00;3.9;10;-2.8;;;;70.6;5.6;;;;;;;;;;;;;1;;;;;;;;;;;0;;16.1;8.1
BLA;16.09.2008 00:00;3.4;11.5;-5.6;;;;79.9;6.2;;;;;;;;;;;;;0;;;;;;;;;;;0;;16.6;8.6
BLA;17.09.2008 00:00;5;15.5;-5.2;;;;75.3;6.4;;;;;;;;;;;;;0;;;;;;;;;;;0;;15;7
BLA;18.09.2008 00:00;6.4;15;-4.4;;;;65.9;5.8;;;;;;;;;;;;;7.2;;;;;;;;;;;0;;13.6;5.6
BLA;19.09.2008 00:00;7.5;14.5;2.1;;;;74.6;8;;;;;;;;;;;;;0.2;;;;;;;;;;;0;;12.5;4.5
BLA;20.09.2008 00:00;6.5;14.5;-3.3;;;;74.6;6.7;;;;;;;;;;;;;0;;;;;;;;;;;0;;13.5;5.5
BLA;21.09.2008 00:00;6.6;13.4;2.5;;;;72.6;7;;;;;;;;;;;;;0;;;;;;;;;;;0;;13.4;5.4
BLA;22.09.2008 00:00;2.9;11.5;-6.4;;;;69.1;5;;;;;;;;;;;;;0;;;;;;;;;;;0;;17.1;9.1
BLA;23.09.2008 00:00;3.8;11.5;-0.6;;;;80;6.1;;;;;;;;;;;;;0;;;;;;;;;;;0;;16.2;8.2
BLA;24.09.2008 00:00;4.4;12;-2.3;;;;73.3;5.7;;;;;;;;;;;;;0;;;;;;;;;;;0;;15.6;7.6
BLA;25.09.2008 00:00;3.9;10.5;-3.8;;;;79.1;6.4;;;;;;;;;;;;;0;;;;;;;;;;;0;;16.1;8.1
BLA;26.09.2008 00:00;3.9;13;-2;;;;77;5.6;;;;;;;;;;;;;0;;;;;;;;;;;0;;16.1;8.1
BLA;27.09.2008 00:00;5.5;12.5;-0.5;;;;77.8;6.7;;;;;;;;;;;;;0;;;;;;;;;;;0;;14.5;6.5
BLA;28.09.2008 00:00;4.2;12.5;-2;;;;79.9;6.1;;;;;;;;;;;;;0;;;;;;;;;;;0;;15.8;7.8
BLA;29.09.2008 00:00;4.5;13.2;-4.7;;;;80.8;6.6;;;;;;;;;;;;;0;;;;;;;;;;;0;;15.5;7.5
BLA;30.09.2008 00:00;4.8;11.1;-2;;;;80.4;6.8;;;;;;;;;;;;;2.4;;;;;;;;;;;0;;15.2;7.2
BLA;01.10.2008 00:00;8.5;15;4.5;;;;65.1;6.9;;;;;;;;;;;;;0;;;;;;;;;;;0;;11.5;3.5
BLA;02.10.2008 00:00;7.2;12;2.5;;;;72.5;7.3;;;;;;;;;;;;;0.2;;;;;;;;;;;0;;12.8;4.8
BLA;03.10.2008 00:00;2.6;6.1;1.2;;;;70;5;;;;;;;;;;;;;1.9;;;;;;;;;;;0;;17.4;9.4
BLA;04.10.2008 00:00;0.2;4.5;-1.5;;;;79.5;4.8;;;;;;;;;;;;;6.6;;;;;;;;;;;0;;19.8;11.8
BLA;05.10.2008 00:00;0.3;10;-6.8;;;;76.9;5;;;;;;;;;;;;;0.3;;;;;;;;;;;0;;19.7;11.7
BLA;06.10.2008 00:00;6.5;11.5;1.5;;;;79;7.8;;;;;;;;;;;;;2.9;;;;;;;;;;;0;;13.5;5.5
BLA;07.10.2008 00:00;7;14.5;1.5;;;;77.3;7.6;;;;;;;;;;;;;0;;;;;;;;;;;0;;13;5
BLA;08.10.2008 00:00;7.7;14.2;2;;;;74.8;7.6;;;;;;;;;;;;;0;;;;;;;;;;;0;;12.3;4.3
BLA;09.10.2008 00:00;4.6;15;0;;;;76.4;6.1;;;;;;;;;;;;;0;;;;;;;;;;;0;;15.4;7.4
BLA;10.10.2008 00:00;5.8;16.5;-5.6;;;;74.1;6.8;;;;;;;;;;;;;0;;;;;;;;;;;0;;14.2;6.2
BLA;11.10.2008 00:00;7;17.5;1;;;;73.1;6.9;;;;;;;;;;;;;0;;;;;;;;;;;0;;13;5
BLA;12.10.2008 00:00;7.8;18;1;;;;65.2;6.4;;;;;;;;;;;;;0;;;;;;;;;;;0;;12.2;4.2
BLA;13.10.2008 00:00;10.6;19.5;4;;;;73.4;8.9;;;;;;;;;;;;;1.3;;;;;;;;;;;0;;9.4;1.4
BLA;14.10.2008 00:00;9.3;15.5;5;;;;84;9.7;;;;;;;;;;;;;0;;;;;;;;;;;0;;10.7;2.7
BLA;15.10.2008 00:00;8.6;16.5;4;;;;79.1;8.6;;;;;;;;;;;;;0;;;;;;;;;;;0;;11.4;3.4
BLA;16.10.2008 00:00;7;11.5;1.6;;;;88.4;9.3;;;;;;;;;;;;;6.5;;;;;;;;;;;0;;13;5
BLA;17.10.2008 00:00;4;10;-0.8;;;;85.2;7.1;;;;;;;;;;;;;0;;;;;;;;;;;0;;16;8
BLA;18.10.2008 00:00;4.9;13;-0.5;;;;79;6.8;;;;;;;;;;;;;0;;;;;;;;;;;0;;15.1;7.1
BLA;19.10.2008 00:00;4.4;14;-1.5;;;;72.3;5.8;;;;;;;;;;;;;0;;;;;;;;;;;0;;15.6;7.6
BLA;20.10.2008 00:00;4.5;16;-4.7;;;;72.3;6.1;;;;;;;;;;;;;0;;;;;;;;;;;0;;15.5;7.5
BLA;21.10.2008 00:00;8.1;15;0;;;;70;7.8;;;;;;;;;;;;;0;;;;;;;;;;;0;;11.9;3.9
BLA;22.10.2008 00:00;7.4;14.5;-0.3;;;;81;8.1;;;;;;;;;;;;;2.3;;;;;;;;;;;0;;12.6;4.6
BLA;23.10.2008 00:00;5.1;10.8;-1.1;;;;86.9;8;;;;;;;;;;;;;0;;;;;;;;;;;0;;14.9;6.9
BLA;24.10.2008 00:00;5.4;13.5;-2.6;;;;78.1;7;;;;;;;;;;;;;0;;;;;;;;;;;0;;14.6;6.6
BLA;25.10.2008 00:00;4.3;14;-3.1;;;;80.1;6.6;;;;;;;;;;;;;0;;;;;;;;;;;0;;15.7;7.7
BLA;26.10.2008 00:00;4.1;15.2;-1.4;;;;72.2;5.7;;;;;;;;;;;;;0;;;;;;;;;;;0;;15.9;7.9
BLA;27.10.2008 00:00;5.6;10.9;0;;;;63.5;5.6;;;;;;;;;;;;;7.2;;;;;;;;;;;0;;14.4;6.4
BLA;28.10.2008 00:00;2.6;4.5;0;;;;96.4;7.3;;;;;;;;;;;;;9.2;;;;;;;;;;;0;;17.4;9.4
BLA;29.10.2008 00:00;-0.6;1.2;-4;;;;94.4;5.7;;;;;;;;;;;;;42.5;;;;;;;;;;;0;;20.6;12.6
BLA;30.10.2008 00:00;-2.1;3;-3;;;;88.6;4.6;;;;;;;;;;;;;4.8;;;;;;;;;;;0;;22.1;14.1
BLA;31.10.2008 00:00;-1.3;3.5;-8;;;;85.3;5.2;;;;;;;;;;;;;0;;;;;;;;;;;0;;21.3;13.3
BLA;01.11.2008 00:00;3;9;0;;;;77.2;5.7;;;;;;;;;;;;;0;;;;;;;;;;;0;;17;9
BLA;02.11.2008 00:00;4.3;11;0;;;;71.2;5.7;;;;;;;;;;;;;17.4;;;;;;;;;;;0;;15.7;7.7
BLA;03.11.2008 00:00;4.2;10;1.5;;;;83;6.5;;;;;;;;;;;;;2.5;;;;;;;;;;;0;;15.8;7.8
BLA;04.11.2008 00:00;2.4;5.5;-1;;;;91.1;6.6;;;;;;;;;;;;;45.2;;;;;;;;;;;0;;17.6;9.6
BLA;05.11.2008 00:00;2.3;4;1.5;;;;94.4;6.8;;;;;;;;;;;;;26;;;;;;;;;;;0;;17.7;9.7
BLA;06.11.2008 00:00;2.9;6;1;;;;86.3;6.4;;;;;;;;;;;;;0.4;;;;;;;;;;;0;;17.1;9.1
BLA;07.11.2008 00:00;0.9;7;-2.7;;;;84.6;5.5;;;;;;;;;;;;;0;;;;;;;;;;;0;;19.1;11.1
BLA;08.11.2008 00:00;-0.7;5;-3.5;;;;79.1;4.5;;;;;;;;;;;;;0;;;;;;;;;;;0;;20.7;12.7
BLA;09.11.2008 00:00;0.9;6;-3;;;;76;4.9;;;;;;;;;;;;;0;;;;;;;;;;;0;;19.1;11.1
BLA;10.11.2008 00:00;0.3;8;-2;;;;74.1;4.4;;;;;;;;;;;;;0;;;;;;;;;;;0;;19.7;11.7
BLA;11.11.2008 00:00;1.5;6.5;-3;;;;76.2;5.1;;;;;;;;;;;;;7.4;;;;;;;;;;;0;;18.5;10.5
BLA;12.11.2008 00:00;0.9;3;-1;;;;94.6;6.2;;;;;;;;;;;;;6.9;;;;;;;;;;;0;;19.1;11.1
BLA;13.11.2008 00:00;0.8;2.5;-1;;;;91.6;5.8;;;;;;;;;;;;;0;;;;;;;;;;;0;;19.2;11.2
BLA;14.11.2008 00:00;-2.3;4;-5;;;;86.3;4.5;;;;;;;;;;;;;0;;;;;;;;;;;0;;22.3;14.3
BLA;15.11.2008 00:00;-1.6;5.5;-5;;;;80;4.3;;;;;;;;;;;;;0;;;;;;;;;;;0;;21.6;13.6
BLA;16.11.2008 00:00;-0.7;6.5;-3.5;;;;78.2;4.5;;;;;;;;;;;;;0;;;;;;;;;;;0;;20.7;12.7
BLA;17.11.2008 00:00;-1.9;2.5;-4;;;;88.8;4.9;;;;;;;;;;;;;0;;;;;;;;;;;0;;21.9;13.9
BLA;18.11.2008 00:00;-2;0;-5;;;;82.8;4.5;;;;;;;;;;;;;4;;;;;;;;;;;0;;22;14
BLA;19.11.2008 00:00;-5.5;1;-8;;;;78.2;3.2;;;;;;;;;;;;;0;;;;;;;;;;;0;;25.5;17.5
BLA;20.11.2008 00:00;-4.1;2.5;-8;;;;87.3;4.1;;;;;;;;;;;;;0.2;;;;;;;;;;;0;;24.1;16.1
BLA;21.11.2008 00:00;-0.4;3;-5;;;;84.7;5.3;;;;;;;;;;;;;27.5;;;;;;;;;;;0;;20.4;12.4
BLA;22.11.2008 00:00;-5.3;2;-7;;;;60.1;2.6;;;;;;;;;;;;;0.6;;;;;;;;;;;0;;25.3;17.3
BLA;23.11.2008 00:00;-8.1;-5.5;-10;;;;73.5;2.4;;;;;;;;;;;;;19.7;;;;;;;;;;;0;;28.1;20.1
BLA;24.11.2008 00:00;-7;-3;-8;;;;88.6;3.2;;;;;;;;;;;;;2.4;;;;;;;;;;;0;;27;19
BLA;25.11.2008 00:00;-12.4;-7.5;-15;;;;86.1;2.1;;;;;;;;;;;;;0;;;;;;;;;;;0;;32.4;24.4
BLA;26.11.2008 00:00;-12.6;-5;-15.5;;;;78.6;1.9;;;;;;;;;;;;;0;;;;;;;;;;;0;;32.6;24.6
BLA;27.11.2008 00:00;-11.2;-3;-14.4;;;;78.4;2.1;;;;;;;;;;;;;0;;;;;;;;;;;0;;31.2;23.2
BLA;28.11.2008 00:00;-4.3;1;-12;;;;68.9;3.3;;;;;;;;;;;;;0;;;;;;;;;;;0;;24.3;16.3
BLA;29.11.2008 00:00;-2.7;2;-6;;;;79.3;4.1;;;;;;;;;;;;;0.7;;;;;;;;;;;0;;22.7;14.7
BLA;30.11.2008 00:00;-4.7;3;-7.5;;;;67.3;2.8;;;;;;;;;;;;;0.7;;;;;;;;;;;0;;24.7;16.7
BLA;01.12.2008 00:00;-3.3;-1;-5;;;;90.7;4.3;;;;;;;;;;;;;1;;;;;;;;;;;0;;23.3;15.3
BLA;02.12.2008 00:00;-6.2;-3;-7.5;;;;78;3;;;;;;;;;;;;;0.1;;;;;;;;;;;0;;26.2;18.2
BLA;03.12.2008 00:00;-8.7;-2.5;-15;;;;69.5;2.2;;;;;;;;;;;;;0;;;;;;;;;;;0;;28.7;20.7
BLA;04.12.2008 00:00;-4.5;-1;-9;;;;75.2;3.4;;;;;;;;;;;;;17.7;;;;;;;;;;;0;;24.5;16.5
BLA;05.12.2008 00:00;-2.3;0;-3;;;;92.2;4.8;;;;;;;;;;;;;16.9;;;;;;;;;;;0;;22.3;14.3
BLA;06.12.2008 00:00;-3.2;-1.5;-4;;;;93.6;4.5;;;;;;;;;;;;;9;;;;;;;;;;;0;;23.2;15.2
BLA;07.12.2008 00:00;-12.3;-5.5;-13;;;;87.1;2.1;;;;;;;;;;;;;0;;;;;;;;;;;0;;32.3;24.3
BLA;08.12.2008 00:00;-9.9;-1;-13;;;;85;2.6;;;;;;;;;;;;;0;;;;;;;;;;;0;;29.9;21.9
BLA;09.12.2008 00:00;-6.6;-2;-11.5;;;;72.8;2.7;;;;;;;;;;;;;6.8;;;;;;;;;;;0;;26.6;18.6
BLA;10.12.2008 00:00;-3.4;-1.5;-4.5;;;;92.9;4.4;;;;;;;;;;;;;6.6;;;;;;;;;;;0;;23.4;15.4
BLA;11.12.2008 00:00;-5.9;-4.5;-6.5;;;;91.9;3.6;;;;;;;;;;;;;3.9;;;;;;;;;;;0;;25.9;17.9
BLA;12.12.2008 00:00;-10.3;-6;-12.5;;;;79.3;2.2;;;;;;;;;;;;;0;;;;;;;;;;;0;;30.3;22.3
BLA;13.12.2008 00:00;-6.5;-1;-12.5;;;;85;3.4;;;;;;;;;;;;;0;;;;;;;;;;;0;;26.5;18.5
BLA;14.12.2008 00:00;-0.8;2;-6.5;;;;67.7;4;;;;;;;;;;;;;0.8;;;;;;;;;;;0;;20.8;12.8
BLA;15.12.2008 00:00;0.2;4;-2;;;;87.1;5.4;;;;;;;;;;;;;0;;;;;;;;;;;0;;19.8;11.8
BLA;16.12.2008 00:00;1;4.5;-2;;;;76;4.9;;;;;;;;;;;;;1;;;;;;;;;;;0;;19;11
BLA;17.12.2008 00:00;-4;-2.5;-5.5;;;;94.1;4.3;;;;;;;;;;;;;13.3;;;;;;;;;;;0;;24;16
BLA;18.12.2008 00:00;-5.3;-4;-6.5;;;;96.4;4;;;;;;;;;;;;;0;;;;;;;;;;;0;;25.3;17.3
BLA;19.12.2008 00:00;-2.8;1;-6;;;;90.5;4.6;;;;;;;;;;;;;1.2;;;;;;;;;;;0;;22.8;14.8
BLA;20.12.2008 00:00;1.3;7.8;-2.5;;;;84.3;5.7;;;;;;;;;;;;;4.5;;;;;;;;;;;0;;18.7;10.7
BLA;21.12.2008 00:00;-0.8;2.5;-2.5;;;;76.2;4.5;;;;;;;;;;;;;0;;;;;;;;;;;0;;20.8;12.8
BLA;22.12.2008 00:00;-7.2;0;-9;;;;73.8;2.7;;;;;;;;;;;;;0;;;;;;;;;;;0;;27.2;19.2
BLA;23.12.2008 00:00;-3.8;3.3;-5.5;;;;72;3.4;;;;;;;;;;;;;0;;;;;;;;;;;0;;23.8;15.8
BLA;24.12.2008 00:00;-5.7;2;-6.7;;;;65.5;2.6;;;;;;;;;;;;;0;;;;;;;;;;;0;;25.7;17.7
BLA;25.12.2008 00:00;-2.8;2.5;-5;;;;69.6;3.6;;;;;;;;;;;;;0.1;;;;;;;;;;;0;;22.8;14.8
BLA;26.12.2008 00:00;-9;-3.5;-11.5;;;;59.1;1.9;;;;;;;;;;;;;0;;;;;;;;;;;0;;29;21
BLA;27.12.2008 00:00;-12.6;-5;-13;;;;62;1.4;;;;;;;;;;;;;0;;;;;;;;;;;0;;32.6;24.6
BLA;28.12.2008 00:00;-12.1;-2;-14.5;;;;69.4;1.7;;;;;;;;;;;;;0;;;;;;;;;;;0;;32.1;24.1
BLA;29.12.2008 00:00;-4.7;0.5;-9;;;;67.3;2.8;;;;;;;;;;;;;0;;;;;;;;;;;0;;24.7;16.7
BLA;30.12.2008 00:00;-4.4;1.5;-6;;;;74.5;3.3;;;;;;;;;;;;;0;;;;;;;;;;;0;;24.4;16.4
BLA;31.12.2008 00:00;-2.6;1.5;-6;;;;78.2;3.9;;;;;;;;;;;;;11.4;;;;;;;;;;;0;;22.6;14.6
BLA;01.01.2009 00:00;-9.6;-2.5;-12.5;;;;82.8;2.6;;;;;;;;;;;;;0;;;;;;;;;;;0;;29.6;21.6
BLA;02.01.2009 00:00;-11.9;-4;-13;;;;75.5;1.9;;;;;;;;;;;;;0;;;;;;;;;;;0;;31.9;23.9
BLA;03.01.2009 00:00;-11.2;-5;-13.5;;;;73.2;2;;;;;;;;;;;;;0;;;;;;;;;;;0;;31.2;23.2
BLA;04.01.2009 00:00;-11.2;-3;-13.5;;;;70.8;1.9;;;;;;;;;;;;;0;;;;;;;;;;;0;;31.2;23.2
BLA;05.01.2009 00:00;-5.5;-5;-13;;;;70.1;3.7;;;;;;;;;;;;;0.7;;;;;;;;;;;0;;25.5;17.5
BLA;06.01.2009 00:00;-10.4;-4.5;-13;;;;73.6;2;;;;;;;;;;;;;0;;;;;;;;;;;0;;30.4;22.4
BLA;07.01.2009 00:00;-8.4;-2.5;-12;;;;71.5;2.4;;;;;;;;;;;;;0;;;;;;;;;;;0;;28.4;20.4
BLA;08.01.2009 00:00;-3.6;0;-9;;;;74.6;3.5;;;;;;;;;;;;;0;;;;;;;;;;;0;;23.6;15.6
BLA;09.01.2009 00:00;-9.4;-1.7;-13.7;;;;65.5;2;;;;;;;;;;;;;0;;;;;;;;;;;0;;29.4;21.4
BLA;10.01.2009 00:00;-9.5;-5.9;-11.7;;;;66.5;2;;;;;;;;;;;;;0;;;;;;;;;;;0;;29.5;21.5
BLA;11.01.2009 00:00;-10.5;-0.7;-14.5;;;;66.5;1.9;;;;;;;;;;;;;0;;;;;;;;;;;0;;30.5;22.5
BLA;12.01.2009 00:00;-8.7;0.2;-11;;;;66.4;2.1;;;;;;;;;;;;;0;;;;;;;;;;;0;;28.7;20.7
BLA;13.01.2009 00:00;-10.1;0.5;-11.5;;;;71.2;2;;;;;;;;;;;;;0;;;;;;;;;;;0;;30.1;22.1
BLA;14.01.2009 00:00;-10.1;-2.5;-12.5;;;;68.6;2;;;;;;;;;;;;;0;;;;;;;;;;;0;;30.1;22.1
BLA;15.01.2009 00:00;-9.6;-1;-14;;;;78.6;2.4;;;;;;;;;;;;;0;;;;;;;;;;;0;;29.6;21.6
BLA;16.01.2009 00:00;-8.4;0;-12;;;;75.6;2.5;;;;;;;;;;;;;0;;;;;;;;;;;0;;28.4;20.4
BLA;17.01.2009 00:00;-6.2;-2;-11;;;;69.6;2.7;;;;;;;;;;;;;0;;;;;;;;;;;0;;26.2;18.2
BLA;18.01.2009 00:00;-3.5;1.2;-10;;;;84.2;4.3;;;;;;;;;;;;;11.4;;;;;;;;;;;0;;23.5;15.5
BLA;19.01.2009 00:00;-0.5;1.5;-3;;;;81.6;4.8;;;;;;;;;;;;;13.1;;;;;;;;;;;0;;20.5;12.5
BLA;20.01.2009 00:00;-2.8;0.5;-3;;;;95.8;4.8;;;;;;;;;;;;;4.4;;;;;;;;;;;0;;22.8;14.8
BLA;21.01.2009 00:00;-3.9;-2.4;-5.5;;;;93.3;4.3;;;;;;;;;;;;;2;;;;;;;;;;;0;;23.9;15.9
BLA;22.01.2009 00:00;-12.4;-3;-17;;;;83.9;2.1;;;;;;;;;;;;;0;;;;;;;;;;;0;;32.4;24.4
BLA;23.01.2009 00:00;-3;0;-8.2;;;;79.7;4.1;;;;;;;;;;;;;29.5;;;;;;;;;;;0;;23;15
BLA;24.01.2009 00:00;-3.6;0;-7;;;;81.2;3.9;;;;;;;;;;;;;2.1;;;;;;;;;;;0;;23.6;15.6
BLA;25.01.2009 00:00;-10.2;-1;-14;;;;71.9;2.1;;;;;;;;;;;;;0;;;;;;;;;;;0;;30.2;22.2
BLA;26.01.2009 00:00;-7.9;0.5;-12.5;;;;63.2;2.1;;;;;;;;;;;;;0;;;;;;;;;;;0;;27.9;19.9
BLA;27.01.2009 00:00;-6.1;-2;-10.5;;;;77.4;3;;;;;;;;;;;;;0;;;;;;;;;;;0;;26.1;18.1
BLA;28.01.2009 00:00;-8.3;-3;-11;;;;72.5;2.4;;;;;;;;;;;;;0;;;;;;;;;;;0;;28.3;20.3
BLA;29.01.2009 00:00;-9.7;1;-14;;;;74.6;2.2;;;;;;;;;;;;;0;;;;;;;;;;;0;;29.7;21.7
BLA;30.01.2009 00:00;-7.2;2.5;-11.5;;;;69.9;2.6;;;;;;;;;;;;;0;;;;;;;;;;;0;;27.2;19.2
BLA;31.01.2009 00:00;-7.7;1;-12.5;;;;67;2.4;;;;;;;;;;;;;0;;;;;;;;;;;0;;27.7;19.7
BLA;01.02.2009 00:00;-5.5;-1.5;-11;;;;68.5;2.9;;;;;;;;;;;;;0;;;;;;;;;;;0;;25.5;17.5
BLA;02.02.2009 00:00;-2.6;0.7;-6.5;;;;72.2;3.8;;;;;;;;;;;;;0;;;;;;;;;;;0;;22.6;14.6
BLA;03.02.2009 00:00;-4.8;4.6;-8;;;;74.9;3.2;;;;;;;;;;;;;0;;;;;;;;;;;0;;24.8;16.8
BLA;04.02.2009 00:00;-4;4.5;-8;;;;74.2;3.4;;;;;;;;;;;;;0;;;;;;;;;;;0;;24;16
BLA;05.02.2009 00:00;-1.6;6.5;-8;;;;66;3.5;;;;;;;;;;;;;0;;;;;;;;;;;0;;21.6;13.6
BLA;06.02.2009 00:00;0.4;3;-2;;;;79.4;5;;;;;;;;;;;;;2.6;;;;;;;;;;;0;;19.6;11.6
BLA;07.02.2009 00:00;-1.4;0;-3;;;;93.4;5.2;;;;;;;;;;;;;2.2;;;;;;;;;;;0;;21.4;13.4
BLA;08.02.2009 00:00;-5.7;-2;-8.5;;;;85.8;3.5;;;;;;;;;;;;;0;;;;;;;;;;;0;;25.7;17.7
BLA;09.02.2009 00:00;-4.8;0.5;-12.5;;;;80.2;3.6;;;;;;;;;;;;;12;;;;;;;;;;;0;;24.8;16.8
BLA;10.02.2009 00:00;-2.4;0.4;-3.8;;;;89.1;4.7;;;;;;;;;;;;;10;;;;;;;;;;;0;;22.4;14.4
BLA;11.02.2009 00:00;-6.1;-4;-7;;;;56.1;2.1;;;;;;;;;;;;;7.8;;;;;;;;;;;0;;26.1;18.1
BLA;12.02.2009 00:00;-7.9;-6;-9;;;;73.3;2.5;;;;;;;;;;;;;4.8;;;;;;;;;;;0;;27.9;19.9
BLA;13.02.2009 00:00;-9.4;-3.5;-12;;;;61.2;1.8;;;;;;;;;;;;;0;;;;;;;;;;;0;;29.4;21.4
BLA;14.02.2009 00:00;-10.6;-4;-14.5;;;;71.5;2;;;;;;;;;;;;;0.1;;;;;;;;;;;0;;30.6;22.6
BLA;15.02.2009 00:00;-12.2;-3;-19.5;;;;60.1;1.5;;;;;;;;;;;;;0;;;;;;;;;;;0;;32.2;24.2
BLA;16.02.2009 00:00;-7.6;-2;-14.5;;;;71.8;2.6;;;;;;;;;;;;;0.2;;;;;;;;;;;0;;27.6;19.6
BLA;17.02.2009 00:00;-4.9;-2;-11;;;;95;4.3;;;;;;;;;;;;;39;;;;;;;;;;;0;;24.9;16.9
BLA;18.02.2009 00:00;-8.3;-1;-15.5;;;;69.5;2.4;;;;;;;;;;;;;0;;;;;;;;;;;0;;28.3;20.3
BLA;19.02.2009 00:00;-12;-3;-20.5;;;;77.7;2.1;;;;;;;;;;;;;0;;;;;;;;;;;0;;32;24
BLA;20.02.2009 00:00;-6;3;-16;;;;70.7;3.1;;;;;;;;;;;;;0;;;;;;;;;;;0;;26;18
BLA;21.02.2009 00:00;-7.3;2;-13;;;;72.3;2.6;;;;;;;;;;;;;1.9;;;;;;;;;;;0;;27.3;19.3
BLA;22.02.2009 00:00;-4.3;0;-9;;;;93.3;4.2;;;;;;;;;;;;;12.6;;;;;;;;;;;0;;24.3;16.3
BLA;23.02.2009 00:00;-3.2;1;-8.5;;;;58.8;2.8;;;;;;;;;;;;;3.8;;;;;;;;;;;0;;23.2;15.2
BLA;24.02.2009 00:00;-3.5;2.2;-6.7;;;;61.8;2.8;;;;;;;;;;;;;0;;;;;;;;;;;0;;23.5;15.5
BLA;25.02.2009 00:00;-7.8;2;-15;;;;67;2.3;;;;;;;;;;;;;0;;;;;;;;;;;0;;27.8;19.8
BLA;26.02.2009 00:00;-2.2;6.8;-11.5;;;;64.9;3.4;;;;;;;;;;;;;0;;;;;;;;;;;0;;22.2;14.2
BLA;27.02.2009 00:00;2.2;8.5;-0.5;;;;65;4.6;;;;;;;;;;;;;0;;;;;;;;;;;0;;17.8;9.8
BLA;28.02.2009 00:00;1.1;10.3;-5.5;;;;70;4.6;;;;;;;;;;;;;0;;;;;;;;;;;0;;18.9;10.9
BLA;01.03.2009 00:00;0.8;6.5;-4;;;;77.4;4.8;;;;;;;;;;;;;0.1;;;;;;;;;;;0;;19.2;11.2
BLA;02.03.2009 00:00;1.2;5.5;-2;;;;87.8;5.5;;;;;;;;;;;;;3.5;;;;;;;;;;;0;;18.8;10.8
BLA;03.03.2009 00:00;-0.1;5.3;-1;;;;86.6;5.1;;;;;;;;;;;;;0.3;;;;;;;;;;;0;;20.1;12.1
BLA;04.03.2009 00:00;0.8;4;-5;;;;53.8;3.4;;;;;;;;;;;;;5.8;;;;;;;;;;;0;;19.2;11.2
BLA;05.03.2009 00:00;-3.3;-2;-4;;;;92.8;4.4;;;;;;;;;;;;;11.1;;;;;;;;;;;0;;23.3;15.3
BLA;06.03.2009 00:00;-4.6;-1;-7;;;;83.6;3.7;;;;;;;;;;;;;1.5;;;;;;;;;;;0;;24.6;16.6
BLA;07.03.2009 00:00;-4.8;3.4;-11.7;;;;63;2.4;;;;;;;;;;;;;0;;;;;;;;;;;0;;24.8;16.8
BLA;08.03.2009 00:00;-3.7;5.2;-11;;;;69.4;3.1;;;;;;;;;;;;;6.4;;;;;;;;;;;0;;23.7;15.7
BLA;09.03.2009 00:00;-4.5;-3;-5.5;;;;80;3.6;;;;;;;;;;;;;6.9;;;;;;;;;;;0;;24.5;16.5
BLA;10.03.2009 00:00;-4;0;-6.2;;;;90;4.1;;;;;;;;;;;;;16.7;;;;;;;;;;;0;;24;16
BLA;11.03.2009 00:00;-2.1;2;-5;;;;62.4;3;;;;;;;;;;;;;0;;;;;;;;;;;0;;22.1;14.1
BLA;12.03.2009 00:00;-4.5;4;-13.5;;;;65.8;3.2;;;;;;;;;;;;;0;;;;;;;;;;;0;;24.5;16.5
BLA;13.03.2009 00:00;1.8;10.5;-4;;;;58.4;4.1;;;;;;;;;;;;;0;;;;;;;;;;;0;;18.2;10.2
BLA;14.03.2009 00:00;1.7;11;-6;;;;55.8;3.6;;;;;;;;;;;;;0;;;;;;;;;;;0;;18.3;10.3
BLA;15.03.2009 00:00;0.5;8.5;-5;;;;63.4;4.3;;;;;;;;;;;;;0;;;;;;;;;;;0;;19.5;11.5
BLA;16.03.2009 00:00;-0.3;9.5;-8;;;;66.6;3.7;;;;;;;;;;;;;0;;;;;;;;;;;0;;20.3;12.3
BLA;17.03.2009 00:00;0.6;10.3;-7;;;;70.2;4.3;;;;;;;;;;;;;0;;;;;;;;;;;0;;19.4;11.4
BLA;18.03.2009 00:00;1.3;10.5;-5.5;;;;59.8;3.8;;;;;;;;;;;;;0;;;;;;;;;;;0;;18.7;10.7
BLA;19.03.2009 00:00;-0.8;7;-7;;;;60;3.1;;;;;;;;;;;;;0;;;;;;;;;;;0;;20.8;12.8
BLA;20.03.2009 00:00;-4.5;2;-8;;;;60.8;2.4;;;;;;;;;;;;;0;;;;;;;;;;;0;;24.5;16.5
BLA;21.03.2009 00:00;-6.8;4;-14;;;;67.8;2.5;;;;;;;;;;;;;0;;;;;;;;;;;0;;26.8;18.8
BLA;22.03.2009 00:00;-4.7;6;-12;;;;53.6;2.5;;;;;;;;;;;;;0;;;;;;;;;;;0;;24.7;16.7
BLA;23.03.2009 00:00;-1.5;7;-8;;;;83.2;4.5;;;;;;;;;;;;;10.3;;;;;;;;;;;0;;21.5;13.5
BLA;24.03.2009 00:00;-4.6;-3;-6.6;;;;78.6;3.3;;;;;;;;;;;;;6.5;;;;;;;;;;;0;;24.6;16.6
BLA;25.03.2009 00:00;-5.2;-1;-7;;;;87.2;3.7;;;;;;;;;;;;;10.7;;;;;;;;;;;0;;25.2;17.2
BLA;26.03.2009 00:00;0.1;4.5;-4.2;;;;75.6;4.2;;;;;;;;;;;;;9.3;;;;;;;;;;;0;;19.9;11.9
BLA;27.03.2009 00:00;3.1;9;0;;;;70.8;4.8;;;;;;;;;;;;;0;;;;;;;;;;;0;;16.9;8.9
BLA;28.03.2009 00:00;1;6.5;-2.5;;;;78.6;4.9;;;;;;;;;;;;;8.6;;;;;;;;;;;0;;19;11
BLA;29.03.2009 00:00;-1.4;1;-3;;;;91.4;5;;;;;;;;;;;;;1.2;;;;;;;;;;;0;;21.4;13.4
BLA;30.03.2009 00:00;0.9;7.5;-2;;;;83.4;5.1;;;;;;;;;;;;;0;;;;;;;;;;;0;;19.1;11.1
BLA;31.03.2009 00:00;2.3;10;-4;;;;66.2;4.4;;;;;;;;;;;;;0;;;;;;;;;;;0;;17.7;9.7
BLA;01.04.2009 00:00;5.9;12;2;;;;76.2;6;;;;;;;;;;;;;0;;;;;;;;;;;0;;14.1;6.1
BLA;02.04.2009 00:00;4.7;10.5;2.5;;;;73.5;5.9;;;;;;;;;;;;;0;;;;;;;;;;;0;;15.3;7.3
BLA;03.04.2009 00:00;4.4;11.7;-0.3;;;;70.9;4.8;;;;;;;;;;;;;0;;;;;;;;;;;0;;15.6;7.6
BLA;04.04.2009 00:00;2.5;9.5;-3.5;;;;67.5;4.4;;;;;;;;;;;;;0;;;;;;;;;;;0;;17.5;9.5
BLA;05.04.2009 00:00;2.6;11;-3;;;;79.5;5;;;;;;;;;;;;;0.4;;;;;;;;;;;0;;17.4;9.4
BLA;06.04.2009 00:00;2.9;12.5;-6.3;;;;73.6;5;;;;;;;;;;;;;0;;;;;;;;;;;0;;17.1;9.1
BLA;07.04.2009 00:00;2.8;11;-6.9;;;;72.7;4.8;;;;;;;;;;;;;0;;;;;;;;;;;0;;17.2;9.2
BLA;08.04.2009 00:00;3.7;10.5;-4.2;;;;73.1;5.3;;;;;;;;;;;;;0;;;;;;;;;;;0;;16.3;8.3
BLA;09.04.2009 00:00;3.5;12;-6;;;;72.7;5.1;;;;;;;;;;;;;0;;;;;;;;;;;0;;16.5;8.5
BLA;10.04.2009 00:00;4.1;13;-5;;;;68.1;5.1;;;;;;;;;;;;;0;;;;;;;;;;;0;;15.9;7.9
BLA;11.04.2009 00:00;4.9;12;-1.1;;;;69.3;5.6;;;;;;;;;;;;;0;;;;;;;;;;;0;;15.1;7.1
BLA;12.04.2009 00:00;5.6;12.5;2.5;;;;72.4;5.7;;;;;;;;;;;;;0;;;;;;;;;;;0;;14.4;6.4
BLA;13.04.2009 00:00;4.6;12.5;-1.6;;;;66.8;4.8;;;;;;;;;;;;;0;;;;;;;;;;;0;;15.4;7.4
BLA;14.04.2009 00:00;4.3;12.5;-5;;;;67.7;5;;;;;;;;;;;;;0;;;;;;;;;;;0;;15.7;7.7
BLA;15.04.2009 00:00;5.3;12.5;-1;;;;65.8;5.2;;;;;;;;;;;;;0;;;;;;;;;;;0;;14.7;6.7
BLA;16.04.2009 00:00;2.1;4;0;;;;92.2;6.7;;;;;;;;;;;;;8.6;;;;;;;;;;;0;;17.9;9.9
BLA;17.04.2009 00:00;1.8;7;-3.5;;;;74.6;5;;;;;;;;;;;;;0.1;;;;;;;;;;;0;;18.2;10.2
BLA;18.04.2009 00:00;3.7;8;-2;;;;60.4;4.4;;;;;;;;;;;;;0;;;;;;;;;;;0;;16.3;8.3
BLA;19.04.2009 00:00;4;9;1.4;;;;84.7;6;;;;;;;;;;;;;4.3;;;;;;;;;;;0;;16;8
BLA;20.04.2009 00:00;2.9;9.5;-0.5;;;;82.8;6;;;;;;;;;;;;;0;;;;;;;;;;;0;;17.1;9.1
BLA;21.04.2009 00:00;6.5;13.5;-1;;;;56.9;4.8;;;;;;;;;;;;;0;;;;;;;;;;;0;;13.5;5.5
BLA;22.04.2009 00:00;5.9;13.4;0;;;;71.2;5.6;;;;;;;;;;;;;0.1;;;;;;;;;;;0;;14.1;6.1
BLA;23.04.2009 00:00;5.1;9.5;2;;;;45.9;3.6;;;;;;;;;;;;;0;;;;;;;;;;;0;;14.9;6.9
BLA;24.04.2009 00:00;2.1;7;-3.5;;;;66.3;4.4;;;;;;;;;;;;;0;;;;;;;;;;;0;;17.9;9.9
BLA;25.04.2009 00:00;3.9;12;-3;;;;64.2;4.6;;;;;;;;;;;;;0;;;;;;;;;;;0;;16.1;8.1
BLA;26.04.2009 00:00;6.4;12.5;1;;;;60.7;5.5;;;;;;;;;;;;;1.3;;;;;;;;;;;0;;13.6;5.6
BLA;27.04.2009 00:00;1.2;3.5;0;;;;97.4;6.6;;;;;;;;;;;;;81.7;;;;;;;;;;;0;;18.8;10.8
BLA;28.04.2009 00:00;0.8;2;0;;;;94.8;6;;;;;;;;;;;;;32.7;;;;;;;;;;;0;;19.2;11.2
BLA;29.04.2009 00:00;1.1;5;-2;;;;73.2;4.3;;;;;;;;;;;;;0.8;;;;;;;;;;;0;;18.9;10.9
BLA;30.04.2009 00:00;1.4;8;-5;;;;66.9;4;;;;;;;;;;;;;0;;;;;;;;;;;0;;18.6;10.6
BLA;01.05.2009 00:00;3.3;11.5;-4;;;;62.2;4.2;;;;;;;;;;;;;0;;;;;;;;;;;0;;16.7;8.7
BLA;02.05.2009 00:00;4.7;13;-3.5;;;;68.7;5.5;;;;;;;;;;;;;0;;;;;;;;;;;0;;15.3;7.3
BLA;03.05.2009 00:00;5.6;14;0;;;;65.1;5.2;;;;;;;;;;;;;0.2;;;;;;;;;;;0;;14.4;6.4
BLA;04.05.2009 00:00;5.8;11;2;;;;65.7;5.4;;;;;;;;;;;;;0.9;;;;;;;;;;;0;;14.2;6.2
BLA;05.05.2009 00:00;3;9;-4;;;;66.9;5.3;;;;;;;;;;;;;0;;;;;;;;;;;0;;17;9
BLA;06.05.2009 00:00;7.4;14;-0.2;;;;63.1;5.7;;;;;;;;;;;;;0;;;;;;;;;;;0;;12.6;4.6
BLA;07.05.2009 00:00;8.4;18.5;-1.5;;;;43.4;4.1;;;;;;;;;;;;;0;;;;;;;;;;;0;;11.6;3.6
BLA;08.05.2009 00:00;8.9;16.5;4;;;;75.3;8;;;;;;;;;;;;;2.5;;;;;;;;;;;0;;11.1;3.1
BLA;09.05.2009 00:00;8.2;18;3.3;;;;75.3;7.3;;;;;;;;;;;;;2.6;;;;;;;;;;;0;;11.8;3.8
BLA;10.05.2009 00:00;9.4;16;4;;;;74.4;7.7;;;;;;;;;;;;;0.4;;;;;;;;;;;0;;10.6;2.6
BLA;11.05.2009 00:00;8.4;14.5;3.5;;;;70.1;7.7;;;;;;;;;;;;;0.5;;;;;;;;;;;0;;11.6;3.6
BLA;12.05.2009 00:00;10.1;14.5;5.8;;;;65.7;8.8;;;;;;;;;;;;;5.1;;;;;;;;;;;0;;9.9;1.9
BLA;13.05.2009 00:00;10;16;5.9;;;;79.6;9.8;;;;;;;;;;;;;1.6;;;;;;;;;;;0;;10;2
BLA;14.05.2009 00:00;10.7;15.5;5.4;;;;65.8;8.1;;;;;;;;;;;;;0;;;;;;;;;;;0;;9.3;1.3
BLA;15.05.2009 00:00;8.1;12;4.4;;;;89.4;9.3;;;;;;;;;;;;;6;;;;;;;;;;;0;;11.9;3.9
BLA;16.05.2009 00:00;9.4;16.5;2.1;;;;63.1;7;;;;;;;;;;;;;0;;;;;;;;;;;0;;10.6;2.6
BLA;17.05.2009 00:00;10.9;17.5;4.5;;;;62.3;7.2;;;;;;;;;;;;;2.1;;;;;;;;;;;0;;9.1;1.1
BLA;18.05.2009 00:00;8.8;14.7;4.6;;;;80.9;9.6;;;;;;;;;;;;;0.9;;;;;;;;;;;0;;11.2;3.2
BLA;19.05.2009 00:00;10.3;17.5;3.6;;;;65.1;7.6;;;;;;;;;;;;;0;;;;;;;;;;;0;;9.7;1.7
BLA;20.05.2009 00:00;11.7;20.5;5;;;;49.5;6.1;;;;;;;;;;;;;0;;;;;;;;;;;0;;8.3;0.3
BLA;21.05.2009 00:00;13.1;21.5;8;;;;61.7;8.6;;;;;;;;;;;;;4.5;;;;;;;;;;;0;;0;0
BLA;22.05.2009 00:00;13.9;20;7.1;;;;56.5;8.2;;;;;;;;;;;;;0;;;;;;;;;;;0;;0;0
BLA;23.05.2009 00:00;16.4;24;8.9;;;;52.4;9.1;;;;;;;;;;;;;0.1;;;;;;;;;;;0;;0;0
BLA;24.05.2009 00:00;17.7;24.5;11.9;;;;45.8;8.4;;;;;;;;;;;;;0;;;;;;;;;;;0;;0;0
BLA;25.05.2009 00:00;16.9;24.5;8;;;;51;8.8;;;;;;;;;;;;;0;;;;;;;;;;;0;;0;0
BLA;26.05.2009 00:00;10.8;20.5;7;;;;83.4;9.9;;;;;;;;;;;;;16.1;;;;;;;;;;;0;;9.2;1.2
BLA;27.05.2009 00:00;8.4;14.2;3.5;;;;64.1;6.4;;;;;;;;;;;;;0;;;;;;;;;;;0;;11.6;3.6
BLA;28.05.2009 00:00;10;17;3.5;;;;63.1;7.1;;;;;;;;;;;;;0;;;;;;;;;;;0;;10;2
BLA;29.05.2009 00:00;8.7;17.2;2.5;;;;61.2;6.1;;;;;;;;;;;;;0;;;;;;;;;;;0;;11.3;3.3
BLA;30.05.2009 00:00;5.2;10.6;2.7;;;;80.7;6.8;;;;;;;;;;;;;11.6;;;;;;;;;;;0;;14.8;6.8
BLA;31.05.2009 00:00;8.3;14.5;0;;;;72;7.4;;;;;;;;;;;;;0.3;;;;;;;;;;;0;;11.7;3.7
BLA;01.06.2009 00:00;8.9;16.5;1;;;;59.5;6.3;;;;;;;;;;;;;0;;;;;;;;;;;0;;11.1;3.1
BLA;02.06.2009 00:00;8.7;17;0.9;;;;57.8;6;;;;;;;;;;;;;0;;;;;;;;;;;0;;11.3;3.3
BLA;03.06.2009 00:00;10.5;16.5;1.5;;;;59.4;6.9;;;;;;;;;;;;;0;;;;;;;;;;;0;;9.5;1.5
BLA;04.06.2009 00:00;10;16;2.9;;;;56;7.4;;;;;;;;;;;;;0;;;;;;;;;;;0;;10;2
BLA;05.06.2009 00:00;11.2;18.5;2.9;;;;57.5;7.1;;;;;;;;;;;;;4.5;;;;;;;;;;;0;;8.8;0.8
BLA;06.06.2009 00:00;9.7;14.5;8;;;;82.3;9.2;;;;;;;;;;;;;1;;;;;;;;;;;0;;10.3;2.3
BLA;07.06.2009 00:00;9.5;15.3;4.7;;;;65;7;;;;;;;;;;;;;0;;;;;;;;;;;0;;10.5;2.5
BLA;08.06.2009 00:00;9.9;15.5;1.5;;;;56.3;7.1;;;;;;;;;;;;;6.2;;;;;;;;;;;0;;10.1;2.1
BLA;09.06.2009 00:00;9.3;16;2.6;;;;72.1;8.6;;;;;;;;;;;;;3.5;;;;;;;;;;;0;;10.7;2.7
BLA;10.06.2009 00:00;10.2;17.5;1;;;;64.7;7;;;;;;;;;;;;;7.5;;;;;;;;;;;0;;9.8;1.8
BLA;11.06.2009 00:00;9.6;14;7.6;;;;73.7;8.7;;;;;;;;;;;;;4.1;;;;;;;;;;;0;;10.4;2.4
BLA;12.06.2009 00:00;9.7;17.6;-1.1;;;;55.4;6.6;;;;;;;;;;;;;0;;;;;;;;;;;0;;10.3;2.3
BLA;13.06.2009 00:00;13.4;21.5;4.1;;;;55.9;7.8;;;;;;;;;;;;;0;;;;;;;;;;;0;;0;0
BLA;14.06.2009 00:00;15.4;24.5;6;;;;62.3;9.7;;;;;;;;;;;;;4.8;;;;;;;;;;;0;;0;0
BLA;15.06.2009 00:00;14.6;22.5;7;;;;79.5;13.3;;;;;;;;;;;;;9.2;;;;;;;;;;;0;;0;0
BLA;16.06.2009 00:00;13.7;19.5;6.6;;;;66.4;9.9;;;;;;;;;;;;;0;;;;;;;;;;;0;;0;0
BLA;17.06.2009 00:00;13.1;22.3;3.1;;;;60.6;8.2;;;;;;;;;;;;;0;;;;;;;;;;;0;;0;0
BLA;18.06.2009 00:00;16.8;23.8;8.6;;;;57.1;10.7;;;;;;;;;;;;;6.6;;;;;;;;;;;0;;0;0
BLA;19.06.2009 00:00;13;16;11.9;;;;89.1;13.3;;;;;;;;;;;;;10.6;;;;;;;;;;;0;;0;0
BLA;20.06.2009 00:00;9.2;15.5;1.9;;;;65.1;7.3;;;;;;;;;;;;;1.1;;;;;;;;;;;0;;10.8;2.8
BLA;21.06.2009 00:00;6.9;12.5;2.5;;;;70.7;6.5;;;;;;;;;;;;;1;;;;;;;;;;;0;;13.1;5.1
BLA;22.06.2009 00:00;6.2;11;1;;;;69.4;6.1;;;;;;;;;;;;;0.1;;;;;;;;;;;0;;13.8;5.8
BLA;23.06.2009 00:00;7.4;15;-3.4;;;;63.8;6.8;;;;;;;;;;;;;0;;;;;;;;;;;0;;12.6;4.6
BLA;24.06.2009 00:00;13.8;21;5.3;;;;57.9;9.2;;;;;;;;;;;;;0;;;;;;;;;;;0;;0;0
BLA;25.06.2009 00:00;12.5;21.5;6.2;;;;83.9;11.1;;;;;;;;;;;;;4.9;;;;;;;;;;;0;;0;0
BLA;26.06.2009 00:00;11.5;19.6;3.2;;;;71.7;9.6;;;;;;;;;;;;;5.6;;;;;;;;;;;0;;8.5;0.5
BLA;27.06.2009 00:00;12.7;19.2;6.5;;;;69.1;10.2;;;;;;;;;;;;;0.1;;;;;;;;;;;0;;0;0
BLA;28.06.2009 00:00;14.7;22.5;5.5;;;;64.4;9.8;;;;;;;;;;;;;0;;;;;;;;;;;0;;0;0
BLA;29.06.2009 00:00;15;23.6;6.3;;;;69.9;10.6;;;;;;;;;;;;;0.9;;;;;;;;;;;0;;0;0
BLA;30.06.2009 00:00;15.6;23;7.3;;;;70.4;11.3;;;;;;;;;;;;;0;;;;;;;;;;;0;;0;0
BLA;01.07.2009 00:00;15.1;23.5;7.6;;;;72.3;11.4;;;;;;;;;;;;;0.2;;;;;;;;;;;0;;0;0
BLA;02.07.2009 00:00;14.4;23;7.1;;;;72.3;10.9;;;;;;;;;;;;;6.6;;;;;;;;;;;0;;0;0
BLA;03.07.2009 00:00;14.1;22.5;7.7;;;;77.9;12.5;;;;;;;;;;;;;0.4;;;;;;;;;;;0;;0;0
BLA;04.07.2009 00:00;13.9;22;6.8;;;;81;12.2;;;;;;;;;;;;;2.5;;;;;;;;;;;0;;0;0
BLA;05.07.2009 00:00;14.7;21;6;;;;60.3;10.4;;;;;;;;;;;;;3.5;;;;;;;;;;;0;;0;0
BLA;06.07.2009 00:00;13.8;21;7.1;;;;66.8;10.1;;;;;;;;;;;;;0;;;;;;;;;;;0;;0;0
BLA;07.07.2009 00:00;9.5;18.5;4.5;;;;82.8;9.1;;;;;;;;;;;;;6.9;;;;;;;;;;;0;;10.5;2.5
BLA;08.07.2009 00:00;8.8;14.3;1.5;;;;64;7.2;;;;;;;;;;;;;0.1;;;;;;;;;;;0;;11.2;3.2
BLA;09.07.2009 00:00;10.1;16.5;1.9;;;;61.5;7.3;;;;;;;;;;;;;0.7;;;;;;;;;;;0;;9.9;1.9
BLA;10.07.2009 00:00;9.4;15.5;2.5;;;;58.8;6.6;;;;;;;;;;;;;0;;;;;;;;;;;0;;10.6;2.6
BLA;11.07.2009 00:00;11.3;17.7;3.6;;;;46.7;6.7;;;;;;;;;;;;;0;;;;;;;;;;;0;;8.7;0.7
BLA;12.07.2009 00:00;13.8;19.5;9;;;;57.9;9;;;;;;;;;;;;;0;;;;;;;;;;;0;;0;0
BLA;13.07.2009 00:00;18.3;25;10.6;;;;55.2;11.3;;;;;;;;;;;;;0;;;;;;;;;;;0;;0;0
BLA;14.07.2009 00:00;16.9;24.5;9;;;;65.8;12.5;;;;;;;;;;;;;1;;;;;;;;;;;0;;0;0
BLA;15.07.2009 00:00;14.9;22.6;8.5;;;;81.4;14.6;;;;;;;;;;;;;0;;;;;;;;;;;0;;0;0
BLA;16.07.2009 00:00;17.4;27;7.6;;;;61.2;10.8;;;;;;;;;;;;;0;;;;;;;;;;;0;;0;0
BLA;17.07.2009 00:00;13.6;19;10.5;;;;87.7;13.2;;;;;;;;;;;;;30.1;;;;;;;;;;;0;;0;0
BLA;18.07.2009 00:00;6.2;10;4;;;;83.3;8;;;;;;;;;;;;;6.2;;;;;;;;;;;0;;13.8;5.8
BLA;19.07.2009 00:00;10;18;2;;;;70;8.1;;;;;;;;;;;;;0.1;;;;;;;;;;;0;;10;2
BLA;20.07.2009 00:00;13.5;21.5;3.7;;;;55.6;8.1;;;;;;;;;;;;;0;;;;;;;;;;;0;;0;0
BLA;21.07.2009 00:00;16;24;9;;;;67.2;11.2;;;;;;;;;;;;;0;;;;;;;;;;;0;;0;0
BLA;22.07.2009 00:00;14.3;21.5;7.1;;;;76.2;13.1;;;;;;;;;;;;;0.2;;;;;;;;;;;0;;0;0
BLA;23.07.2009 00:00;14.9;21;11;;;;83.8;13.2;;;;;;;;;;;;;9.3;;;;;;;;;;;0;;0;0
BLA;24.07.2009 00:00;13.4;22;10;;;;85;12;;;;;;;;;;;;;5.8;;;;;;;;;;;0;;0;0
BLA;25.07.2009 00:00;10.8;18;6;;;;60.6;6.8;;;;;;;;;;;;;0;;;;;;;;;;;0;;9.2;1.2
BLA;26.07.2009 00:00;12.3;22.7;2;;;;59.8;8.2;;;;;;;;;;;;;0;;;;;;;;;;;0;;0;0
BLA;27.07.2009 00:00;15.2;25.8;5.1;;;;59.7;9.9;;;;;;;;;;;;;15.8;;;;;;;;;;;0;;0;0
BLA;28.07.2009 00:00;13;20.5;7.2;;;;74.1;10.7;;;;;;;;;;;;;0;;;;;;;;;;;0;;0;0
BLA;29.07.2009 00:00;14.9;25;4.9;;;;51.6;8.4;;;;;;;;;;;;;0;;;;;;;;;;;0;;0;0
BLA;30.07.2009 00:00;14.6;21;7.1;;;;69.5;11.8;;;;;;;;;;;;;0;;;;;;;;;;;0;;0;0
BLA;31.07.2009 00:00;14.5;22.5;8;;;;73.2;12.1;;;;;;;;;;;;;0;;;;;;;;;;;0;;0;0
BLA;01.08.2009 00:00;16;25;9;;;;66.2;11.2;;;;;;;;;;;;;0;;;;;;;;;;;0;;0;0
BLA;02.08.2009 00:00;14.1;20;9;;;;74;12.6;;;;;;;;;;;;;14.1;;;;;;;;;;;0;;0;0
BLA;03.08.2009 00:00;10.3;13;7.3;;;;84.2;11;;;;;;;;;;;;;4.1;;;;;;;;;;;0;;9.7;1.7
BLA;04.08.2009 00:00;9;19;0;;;;70.4;8;;;;;;;;;;;;;0;;;;;;;;;;;0;;11;3
BLA;05.08.2009 00:00;12.6;22.6;1;;;;67.6;9.4;;;;;;;;;;;;;0;;;;;;;;;;;0;;0;0
BLA;06.08.2009 00:00;14.6;25.5;5;;;;64;9.7;;;;;;;;;;;;;0;;;;;;;;;;;0;;0;0
BLA;07.08.2009 00:00;15.9;24.5;7.5;;;;61.6;10.1;;;;;;;;;;;;;5.2;;;;;;;;;;;0;;0;0
BLA;08.08.2009 00:00;12.7;15.5;11;;;;93.6;13.7;;;;;;;;;;;;;1.6;;;;;;;;;;;0;;0;0
BLA;09.08.2009 00:00;13.9;22.5;7.5;;;;73.6;11.3;;;;;;;;;;;;;0;;;;;;;;;;;0;;0;0
BLA;10.08.2009 00:00;12.9;19;9.5;;;;87;12.6;;;;;;;;;;;;;5;;;;;;;;;;;0;;0;0
BLA;11.08.2009 00:00;13.3;21.5;7.5;;;;72.4;10.9;;;;;;;;;;;;;0;;;;;;;;;;;0;;0;0
BLA;12.08.2009 00:00;12.8;22.4;5.5;;;;69.6;9.9;;;;;;;;;;;;;0;;;;;;;;;;;0;;0;0
BLA;13.08.2009 00:00;14.3;22;6;;;;63.6;9.2;;;;;;;;;;;;;0;;;;;;;;;;;0;;0;0
BLA;14.08.2009 00:00;13.6;23;2.6;;;;69.6;10.3;;;;;;;;;;;;;0;;;;;;;;;;;0;;0;0
BLA;15.08.2009 00:00;15.5;25;6.5;;;;64.2;9.8;;;;;;;;;;;;;0;;;;;;;;;;;0;;0;0
BLA;16.08.2009 00:00;14.9;24.5;6.5;;;;66;10.5;;;;;;;;;;;;;0;;;;;;;;;;;0;;0;0
BLA;17.08.2009 00:00;14.7;24.5;2.9;;;;64;9.7;;;;;;;;;;;;;0;;;;;;;;;;;0;;0;0
BLA;18.08.2009 00:00;16.4;25.5;7;;;;65.8;11.4;;;;;;;;;;;;;0;;;;;;;;;;;0;;0;0
BLA;19.08.2009 00:00;15.9;27.1;4.9;;;;60;10;;;;;;;;;;;;;0;;;;;;;;;;;0;;0;0
BLA;20.08.2009 00:00;17.1;27.1;5.6;;;;62.4;11.9;;;;;;;;;;;;;2.1;;;;;;;;;;;0;;0;0
BLA;21.08.2009 00:00;16.2;23.1;8;;;;72.2;12.2;;;;;;;;;;;;;1.8;;;;;;;;;;;0;;0;0
BLA;22.08.2009 00:00;13.6;21.5;5.6;;;;74;12;;;;;;;;;;;;;0;;;;;;;;;;;0;;0;0
BLA;23.08.2009 00:00;14;24.5;5;;;;66;9.2;;;;;;;;;;;;;0;;;;;;;;;;;0;;0;0
BLA;24.08.2009 00:00;14.9;25;4.1;;;;71.4;13.3;;;;;;;;;;;;;0.6;;;;;;;;;;;0;;0;0
BLA;25.08.2009 00:00;14.4;21.3;7.8;;;;82.6;12.6;;;;;;;;;;;;;6.6;;;;;;;;;;;0;;0;0
BLA;26.08.2009 00:00;14.2;20.5;6.1;;;;73.4;12.1;;;;;;;;;;;;;1.1;;;;;;;;;;;0;;0;0
BLA;27.08.2009 00:00;13.9;23;3.2;;;;75;11.6;;;;;;;;;;;;;0;;;;;;;;;;;0;;0;0
BLA;28.08.2009 00:00;16.4;24;8;;;;70;12.2;;;;;;;;;;;;;0;;;;;;;;;;;0;;0;0
BLA;29.08.2009 00:00;11.9;18.5;5.6;;;;67.4;8.8;;;;;;;;;;;;;0;;;;;;;;;;;0;;8.1;0.1
BLA;30.08.2009 00:00;10.1;19.5;1.5;;;;68.8;7.4;;;;;;;;;;;;;0;;;;;;;;;;;0;;9.9;1.9
BLA;31.08.2009 00:00;13.1;23;3.6;;;;63.8;8.3;;;;;;;;;;;;;0;;;;;;;;;;;0;;0;0
BLA;01.09.2009 00:00;14.9;26;6;;;;67.6;10.2;;;;;;;;;;;;;13.5;;;;;;;;;;;0;;0;0
BLA;02.09.2009 00:00;14.3;21.5;9;;;;79.5;11.6;;;;;;;;;;;;;8.1;;;;;;;;;;;0;;0;0
BLA;03.09.2009 00:00;12.4;19;10;;;;80.4;11.3;;;;;;;;;;;;;1.2;;;;;;;;;;;0;;0;0
BLA;04.09.2009 00:00;10.5;15.5;8;;;;80.1;9.6;;;;;;;;;;;;;3;;;;;;;;;;;0;;9.5;1.5
BLA;05.09.2009 00:00;6.3;14.5;0;;;;63.7;6;;;;;;;;;;;;;0;;;;;;;;;;;0;;13.7;5.7
BLA;06.09.2009 00:00;7.3;17.5;-0.5;;;;67.6;6.3;;;;;;;;;;;;;0;;;;;;;;;;;0;;12.7;4.7
BLA;07.09.2009 00:00;9.6;21.5;1;;;;66.6;7.3;;;;;;;;;;;;;0;;;;;;;;;;;0;;10.4;2.4
BLA;08.09.2009 00:00;11.1;22;3;;;;62.9;7.1;;;;;;;;;;;;;0;;;;;;;;;;;0;;8.9;0.9
BLA;09.09.2009 00:00;11.9;21.5;3.5;;;;62.4;8;;;;;;;;;;;;;0;;;;;;;;;;;0;;8.1;0.1
BLA;10.09.2009 00:00;11.2;19.8;4;;;;67.9;8.1;;;;;;;;;;;;;0;;;;;;;;;;;0;;8.8;0.8
BLA;11.09.2009 00:00;10.4;20.5;0;;;;69.3;8;;;;;;;;;;;;;0;;;;;;;;;;;0;;9.6;1.6
BLA;12.09.2009 00:00;10;17.5;4;;;;80.7;9.7;;;;;;;;;;;;;0;;;;;;;;;;;0;;10;2
BLA;13.09.2009 00:00;9.3;17.7;3;;;;70.2;8.3;;;;;;;;;;;;;0;;;;;;;;;;;0;;10.7;2.7
BLA;14.09.2009 00:00;8.3;14;1.6;;;;60.5;6.3;;;;;;;;;;;;;2.4;;;;;;;;;;;0;;11.7;3.7
BLA;15.09.2009 00:00;8.5;14.3;0.7;;;;75;8.1;;;;;;;;;;;;;1.5;;;;;;;;;;;0;;11.5;3.5
BLA;16.09.2009 00:00;9.2;12.8;3;;;;91.2;11;;;;;;;;;;;;;5.7;;;;;;;;;;;0;;10.8;2.8
BLA;17.09.2009 00:00;9.9;16;3.9;;;;85.1;10.5;;;;;;;;;;;;;0;;;;;;;;;;;0;;10.1;2.1
BLA;18.09.2009 00:00;10;19.5;-0.2;;;;73.6;8.4;;;;;;;;;;;;;0;;;;;;;;;;;0;;10;2
BLA;19.09.2009 00:00;9.1;16;0;;;;77.8;9;;;;;;;;;;;;;0;;;;;;;;;;;0;;10.9;2.9
BLA;20.09.2009 00:00;8.6;17.5;2.5;;;;78.6;8.1;;;;;;;;;;;;;0;;;;;;;;;;;0;;11.4;3.4
BLA;21.09.2009 00:00;8.9;20.6;-1;;;;72.8;8.3;;;;;;;;;;;;;0;;;;;;;;;;;0;;11.1;3.1
BLA;22.09.2009 00:00;10.3;20.5;-0.1;;;;71.9;8.2;;;;;;;;;;;;;0;;;;;;;;;;;0;;9.7;1.7
BLA;23.09.2009 00:00;10.1;20;-0.5;;;;75.9;8.8;;;;;;;;;;;;;0;;;;;;;;;;;0;;9.9;1.9
BLA;24.09.2009 00:00;10.1;20;-0.5;;;;76.4;9.1;;;;;;;;;;;;;0;;;;;;;;;;;0;;9.9;1.9
BLA;25.09.2009 00:00;10.6;18.5;2.1;;;;80.5;9.8;;;;;;;;;;;;;0;;;;;;;;;;;0;;9.4;1.4
BLA;26.09.2009 00:00;9.8;18.5;-0.2;;;;73.3;8.4;;;;;;;;;;;;;0;;;;;;;;;;;0;;10.2;2.2
BLA;27.09.2009 00:00;10.6;17;6;;;;75.5;9.1;;;;;;;;;;;;;0;;;;;;;;;;;0;;9.4;1.4
BLA;28.09.2009 00:00;8.9;18.5;-1.9;;;;70.9;7.6;;;;;;;;;;;;;0;;;;;;;;;;;0;;11.1;3.1
BLA;29.09.2009 00:00;8.3;19;-2;;;;75.3;7.6;;;;;;;;;;;;;0;;;;;;;;;;;0;;11.7;3.7
BLA;30.09.2009 00:00;9.2;19.5;-2.2;;;;74.8;8.7;;;;;;;;;;;;;0;;;;;;;;;;;0;;10.8;2.8
BLA;01.10.2009 00:00;9;18.2;-1;;;;63;7;;;;;;;;;;;;;0;;;;;;;;;;;0;;11;3
BLA;02.10.2009 00:00;6.1;15.5;-3.5;;;;66;6.5;;;;;;;;;;;;;0;;;;;;;;;;;0;;13.9;5.9
BLA;03.10.2009 00:00;5.2;16;-2.3;;;;71;5.9;;;;;;;;;;;;;0;;;;;;;;;;;0;;14.8;6.8
BLA;04.10.2009 00:00;7.3;12.5;0.5;;;;70.8;6.5;;;;;;;;;;;;;0;;;;;;;;;;;0;;12.7;4.7
BLA;05.10.2009 00:00;8.1;15.5;0;;;;68;7.8;;;;;;;;;;;;;3.7;;;;;;;;;;;0;;11.9;3.9
BLA;06.10.2009 00:00;12.6;18.5;5.1;;;;72.2;10.6;;;;;;;;;;;;;1.1;;;;;;;;;;;0;;0;0
BLA;07.10.2009 00:00;12.8;23.5;2;;;;63.3;8.8;;;;;;;;;;;;;0;;;;;;;;;;;0;;0;0
BLA;08.10.2009 00:00;10.8;15;4.8;;;;82;10.8;;;;;;;;;;;;;4;;;;;;;;;;;0;;9.2;1.2
BLA;09.10.2009 00:00;9.3;13.5;5.5;;;;84.9;9.9;;;;;;;;;;;;;3.8;;;;;;;;;;;0;;10.7;2.7
BLA;10.10.2009 00:00;7.7;11;5.5;;;;90.2;9.6;;;;;;;;;;;;;7;;;;;;;;;;;0;;12.3;4.3
BLA;11.10.2009 00:00;6.2;11.7;0;;;;63.9;5.9;;;;;;;;;;;;;7.4;;;;;;;;;;;0;;13.8;5.8
BLA;12.10.2009 00:00;2.4;6;0.8;;;;79.4;6.1;;;;;;;;;;;;;11.1;;;;;;;;;;;0;;17.6;9.6
BLA;13.10.2009 00:00;4.2;8;0;;;;25.6;2.1;;;;;;;;;;;;;0;;;;;;;;;;;0;;15.8;7.8
BLA;14.10.2009 00:00;-0.9;6.5;-5;;;;54.5;3.2;;;;;;;;;;;;;0;;;;;;;;;;;0;;20.9;12.9
BLA;15.10.2009 00:00;-2.2;5;-7.5;;;;67.8;3.3;;;;;;;;;;;;;0;;;;;;;;;;;0;;22.2;14.2
BLA;16.10.2009 00:00;-0.3;4;-6;;;;79.3;5;;;;;;;;;;;;;4.4;;;;;;;;;;;0;;20.3;12.3
BLA;17.10.2009 00:00;-2.3;2;-4.5;;;;83.6;4.4;;;;;;;;;;;;;1.8;;;;;;;;;;;0;;22.3;14.3
BLA;18.10.2009 00:00;-4.8;3;-10.6;;;;66.2;2.8;;;;;;;;;;;;;0;;;;;;;;;;;0;;24.8;16.8
BLA;19.10.2009 00:00;-3.1;7.6;-8.5;;;;67.2;3.1;;;;;;;;;;;;;0;;;;;;;;;;;0;;23.1;15.1
BLA;20.10.2009 00:00;0.8;11.5;-6;;;;59.6;3.8;;;;;;;;;;;;;0;;;;;;;;;;;0;;19.2;11.2
BLA;21.10.2009 00:00;2.9;10;-5.5;;;;65.9;5.1;;;;;;;;;;;;;5.6;;;;;;;;;;;0;;17.1;9.1
BLA;22.10.2009 00:00;4.1;11.5;2;;;;80.4;6.5;;;;;;;;;;;;;0;;;;;;;;;;;0;;15.9;7.9
BLA;23.10.2009 00:00;2.2;6;0;;;;90.7;6.6;;;;;;;;;;;;;0.6;;;;;;;;;;;0;;17.8;9.8
BLA;24.10.2009 00:00;1.6;12.5;-7;;;;73;5;;;;;;;;;;;;;0;;;;;;;;;;;0;;18.4;10.4
BLA;25.10.2009 00:00;6.3;15;2;;;;78.2;7;;;;;;;;;;;;;0;;;;;;;;;;;0;;13.7;5.7
BLA;26.10.2009 00:00;6;12.5;2;;;;75.7;6.9;;;;;;;;;;;;;0;;;;;;;;;;;0;;14;6
BLA;27.10.2009 00:00;2.1;14.5;-4;;;;67.7;4.4;;;;;;;;;;;;;0;;;;;;;;;;;0;;17.9;9.9
BLA;28.10.2009 00:00;5.9;17;-1;;;;62.1;5.3;;;;;;;;;;;;;0;;;;;;;;;;;0;;14.1;6.1
BLA;29.10.2009 00:00;5.4;16.5;0.5;;;;65.8;5.5;;;;;;;;;;;;;0;;;;;;;;;;;0;;14.6;6.6
BLA;30.10.2009 00:00;3.3;14.3;-1.8;;;;67.1;4.8;;;;;;;;;;;;;0;;;;;;;;;;;0;;16.7;8.7
BLA;31.10.2009 00:00;2;12.7;-1.5;;;;72.2;5.1;;;;;;;;;;;;;0;;;;;;;;;;;0;;18;10
BLA;01.11.2009 00:00;4.1;14.5;-2;;;;67.2;5.3;;;;;;;;;;;;;1.1;;;;;;;;;;;0;;15.9;7.9
BLA;02.11.2009 00:00;2;4.2;-0.5;;;;94.4;6.9;;;;;;;;;;;;;6.1;;;;;;;;;;;0;;18;10
BLA;03.11.2009 00:00;-1.9;2;-5.5;;;;91.7;5.1;;;;;;;;;;;;;16.2;;;;;;;;;;;0;;21.9;13.9
BLA;04.11.2009 00:00;0.8;3;0;;;;92.8;6;;;;;;;;;;;;;7.7;;;;;;;;;;;0;;19.2;11.2
BLA;05.11.2009 00:00;-1.1;2.5;-3;;;;87.4;4.9;;;;;;;;;;;;;0;;;;;;;;;;;0;;21.1;13.1
BLA;06.11.2009 00:00;-4.1;4.5;-8;;;;77.1;3.3;;;;;;;;;;;;;0;;;;;;;;;;;0;;24.1;16.1
BLA;07.11.2009 00:00;-2.3;5;-7.5;;;;73.4;3.6;;;;;;;;;;;;;0.7;;;;;;;;;;;0;;22.3;14.3
BLA;08.11.2009 00:00;-0.8;2;-2;;;;90.8;5.1;;;;;;;;;;;;;1.1;;;;;;;;;;;0;;20.8;12.8
BLA;09.11.2009 00:00;-0.9;1.2;-2;;;;95.5;5.5;;;;;;;;;;;;;0.8;;;;;;;;;;;0;;20.9;12.9
BLA;10.11.2009 00:00;-2;0.2;-5;;;;85.6;4.6;;;;;;;;;;;;;0;;;;;;;;;;;0;;22;14
BLA;11.11.2009 00:00;-5.7;-1;-9;;;;76.9;3.1;;;;;;;;;;;;;0;;;;;;;;;;;0;;25.7;17.7
BLA;12.11.2009 00:00;0.5;6;-6.5;;;;75.6;5.2;;;;;;;;;;;;;12.7;;;;;;;;;;;0;;19.5;11.5
BLA;13.11.2009 00:00;3.1;7;1;;;;89.3;6.8;;;;;;;;;;;;;0;;;;;;;;;;;0;;16.9;8.9
BLA;14.11.2009 00:00;2.9;8.6;0;;;;79.2;5.7;;;;;;;;;;;;;3.3;;;;;;;;;;;0;;17.1;9.1
BLA;15.11.2009 00:00;3.7;7.5;1.5;;;;82.3;6.4;;;;;;;;;;;;;7.3;;;;;;;;;;;0;;16.3;8.3
BLA;16.11.2009 00:00;5.8;12;4;;;;91.4;8.5;;;;;;;;;;;;;0;;;;;;;;;;;0;;14.2;6.2
BLA;17.11.2009 00:00;6.8;11.5;1.8;;;;58.7;5.6;;;;;;;;;;;;;6.4;;;;;;;;;;;0;;13.2;5.2
BLA;18.11.2009 00:00;5.4;12;3;;;;85;7.7;;;;;;;;;;;;;1.5;;;;;;;;;;;0;;14.6;6.6
BLA;19.11.2009 00:00;3.2;10.5;-1.8;;;;66.3;5.3;;;;;;;;;;;;;0;;;;;;;;;;;0;;16.8;8.8
BLA;20.11.2009 00:00;4.7;12;1;;;;64.3;5.5;;;;;;;;;;;;;0;;;;;;;;;;;0;;15.3;7.3
BLA;21.11.2009 00:00;3.9;12.5;-1;;;;65.7;5.4;;;;;;;;;;;;;0;;;;;;;;;;;0;;16.1;8.1
BLA;22.11.2009 00:00;1.9;8;-0.5;;;;72.1;5;;;;;;;;;;;;;2.5;;;;;;;;;;;0;;18.1;10.1
BLA;23.11.2009 00:00;2.1;6;0;;;;86.1;5.8;;;;;;;;;;;;;23.8;;;;;;;;;;;0;;17.9;9.9
BLA;24.11.2009 00:00;0.9;5;0;;;;94.7;6.2;;;;;;;;;;;;;8.7;;;;;;;;;;;0;;19.1;11.1
BLA;25.11.2009 00:00;-0.4;6.5;-4;;;;65.1;3.9;;;;;;;;;;;;;0;;;;;;;;;;;0;;20.4;12.4
BLA;26.11.2009 00:00;1.4;6;-3;;;;73.1;4.9;;;;;;;;;;;;;0;;;;;;;;;;;0;;18.6;10.6
BLA;27.11.2009 00:00;0.7;5.5;-3.3;;;;65.4;4;;;;;;;;;;;;;0.7;;;;;;;;;;;0;;19.3;11.3
BLA;28.11.2009 00:00;-2;4;-4;;;;73;3.8;;;;;;;;;;;;;0;;;;;;;;;;;0;;22;14
BLA;29.11.2009 00:00;0;6.5;-5;;;;54.3;3.3;;;;;;;;;;;;;3.3;;;;;;;;;;;0;;20;12
BLA;30.11.2009 00:00;-1.7;1.5;-3;;;;94.7;5.2;;;;;;;;;;;;;28.3;;;;;;;;;;;0;;21.7;13.7
BLA;01.12.2009 00:00;-2.9;-1;-3.5;;;;92.5;4.5;;;;;;;;;;;;;0.1;;;;;;;;;;;0;;22.9;14.9
BLA;02.12.2009 00:00;-8.4;-0.5;-13;;;;87.8;3;;;;;;;;;;;;;0;;;;;;;;;;;0;;28.4;20.4
BLA;03.12.2009 00:00;-4.2;1.5;-8.7;;;;87.5;4;;;;;;;;;;;;;5.8;;;;;;;;;;;0;;24.2;16.2
BLA;04.12.2009 00:00;-5;0;-9;;;;82.3;3.7;;;;;;;;;;;;;0;;;;;;;;;;;0;;25;17
BLA;05.12.2009 00:00;-7.4;-0.5;-12.7;;;;80.3;2.9;;;;;;;;;;;;;0;;;;;;;;;;;0;;27.4;19.4
BLA;06.12.2009 00:00;1;5;-7;;;;80.4;5.4;;;;;;;;;;;;;5.1;;;;;;;;;;;0;;19;11
BLA;07.12.2009 00:00;1.5;4;0;;;;94.1;6.5;;;;;;;;;;;;;16.7;;;;;;;;;;;0;;18.5;10.5
BLA;08.12.2009 00:00;-2.7;0.6;-6.5;;;;83.3;4.4;;;;;;;;;;;;;0.1;;;;;;;;;;;0;;22.7;14.7
BLA;09.12.2009 00:00;-7.1;-0.5;-9.5;;;;68.3;2.5;;;;;;;;;;;;;0;;;;;;;;;;;0;;27.1;19.1
BLA;10.12.2009 00:00;-0.9;6.5;-8;;;;75.2;4.5;;;;;;;;;;;;;0;;;;;;;;;;;0;;20.9;12.9
BLA;11.12.2009 00:00;-3.5;1.5;-8.5;;;;57.1;2.9;;;;;;;;;;;;;0;;;;;;;;;;;0;;23.5;15.5
BLA;12.12.2009 00:00;-2.6;0.3;-3.5;;;;83.7;4.1;;;;;;;;;;;;;0.5;;;;;;;;;;;0;;22.6;14.6
BLA;13.12.2009 00:00;-7;-4;-10.5;;;;67.1;2.4;;;;;;;;;;;;;0;;;;;;;;;;;0;;27;19
BLA;14.12.2009 00:00;-11.5;-4.5;-13.5;;;;64.4;1.6;;;;;;;;;;;;;0;;;;;;;;;;;0;;31.5;23.5
BLA;15.12.2009 00:00;-12;-6;-15;;;;71.4;1.8;;;;;;;;;;;;;0;;;;;;;;;;;0;;32;24
BLA;16.12.2009 00:00;-17.1;-9;-18.5;;;;76.9;1.3;;;;;;;;;;;;;0;;;;;;;;;;;0;;37.1;29.1
BLA;17.12.2009 00:00;-15.8;-11;-18.5;;;;71.8;1.3;;;;;;;;;;;;;0;;;;;;;;;;;0;;35.8;27.8
BLA;18.12.2009 00:00;-12.2;-7;-18.5;;;;80.2;2;;;;;;;;;;;;;0.5;;;;;;;;;;;0;;32.2;24.2
BLA;19.12.2009 00:00;-12;-10;-14.5;;;;61;1.4;;;;;;;;;;;;;0;;;;;;;;;;;0;;32;24
BLA;20.12.2009 00:00;-12.1;-4.5;-18.5;;;;75.1;1.9;;;;;;;;;;;;;11.9;;;;;;;;;;;0;;32.1;24.1
BLA;21.12.2009 00:00;-5.2;-3;-9.5;;;;88.2;3.7;;;;;;;;;;;;;7.2;;;;;;;;;;;0;;25.2;17.2
BLA;22.12.2009 00:00;-3.1;-1;-6;;;;90.2;4.4;;;;;;;;;;;;;9.5;;;;;;;;;;;0;;23.1;15.1
BLA;23.12.2009 00:00;-1.2;1;-2;;;;90.1;5.1;;;;;;;;;;;;;3;;;;;;;;;;;0;;21.2;13.2
BLA;24.12.2009 00:00;-0.1;3;-4;;;;90.1;5.6;;;;;;;;;;;;;15.8;;;;;;;;;;;0;;20.1;12.1
BLA;25.12.2009 00:00;-1.1;1;-3.5;;;;73;4.4;;;;;;;;;;;;;3.6;;;;;;;;;;;0;;21.1;13.1
BLA;26.12.2009 00:00;-10.4;-4.5;-14.7;;;;75.3;2.2;;;;;;;;;;;;;0;;;;;;;;;;;0;;30.4;22.4
BLA;27.12.2009 00:00;-7.1;-3;-11.5;;;;71.3;2.5;;;;;;;;;;;;;2.1;;;;;;;;;;;0;;27.1;19.1
BLA;28.12.2009 00:00;-4.2;0.5;-7.5;;;;75.4;3.4;;;;;;;;;;;;;12.5;;;;;;;;;;;0;;24.2;16.2
BLA;29.12.2009 00:00;1.4;4;-3.5;;;;92.7;6.4;;;;;;;;;;;;;12.5;;;;;;;;;;;0;;18.6;10.6
BLA;30.12.2009 00:00;1.2;2;0.5;;;;96.6;6.5;;;;;;;;;;;;;15.2;;;;;;;;;;;0;;18.8;10.8
BLA;31.12.2009 00:00;0.8;2.5;-0.5;;;;89.5;5.8;;;;;;;;;;;;;14.1;;;;;;;;;;;0;;19.2;11.2
BLA;01.01.2010 00:00;-2.2;0.5;-5.5;;;;83.2;4.3;;;;;;;;;;;;;2.5;;;;;;;;;;;0;;22.2;14.2
BLA;02.01.2010 00:00;-7.9;-5;-10;;;;46.6;1.6;;;;;;;;;;;;;0;;;;;;;;;;;0;;27.9;19.9
BLA;03.01.2010 00:00;-11.8;-7;-18.2;;;;63.7;1.6;;;;;;;;;;;;;0.5;;;;;;;;;;;0;;31.8;23.8
BLA;04.01.2010 00:00;-7.2;-5;-14;;;;81.8;3.1;;;;;;;;;;;;;3.1;;;;;;;;;;;0;;27.2;19.2
BLA;05.01.2010 00:00;-7.8;-4;-10;;;;85.8;3;;;;;;;;;;;;;0;;;;;;;;;;;0;;27.8;19.8
BLA;06.01.2010 00:00;-12;-6;-14.5;;;;79.8;2;;;;;;;;;;;;;0;;;;;;;;;;;0;;32;24
BLA;07.01.2010 00:00;-11.5;-4.5;-17.5;;;;68.4;1.8;;;;;;;;;;;;;1.3;;;;;;;;;;;0;;31.5;23.5
BLA;08.01.2010 00:00;-4.7;1;-9;;;;83.5;3.6;;;;;;;;;;;;;0;;;;;;;;;;;0;;24.7;16.7
BLA;09.01.2010 00:00;-8.8;-5.8;-12.3;;;;92.4;3;;;;;;;;;;;;;3.6;;;;;;;;;;;0;;28.8;20.8
BLA;10.01.2010 00:00;-11.9;-7;-14.5;;;;87.3;2.2;;;;;;;;;;;;;0;;;;;;;;;;;0;;31.9;23.9
BLA;11.01.2010 00:00;-13.5;-5;-16;;;;87.8;1.9;;;;;;;;;;;;;0;;;;;;;;;;;0;;33.5;25.5
BLA;12.01.2010 00:00;-9.3;-2.5;-12.5;;;;81.3;2.6;;;;;;;;;;;;;0.4;;;;;;;;;;;0;;29.3;21.3
BLA;13.01.2010 00:00;-4.6;-2;-10.5;;;;86.8;3.9;;;;;;;;;;;;;4.9;;;;;;;;;;;0;;24.6;16.6
BLA;14.01.2010 00:00;-7.3;-1;-14;;;;77.5;2.9;;;;;;;;;;;;;0;;;;;;;;;;;0;;27.3;19.3
BLA;15.01.2010 00:00;-8.2;-0.5;-11.5;;;;73.1;2.4;;;;;;;;;;;;;0;;;;;;;;;;;0;;28.2;20.2
BLA;16.01.2010 00:00;-6.5;-0.5;-12.5;;;;69.2;2.7;;;;;;;;;;;;;7.1;;;;;;;;;;;0;;26.5;18.5
BLA;17.01.2010 00:00;-3.3;1;-8.5;;;;87.7;4.6;;;;;;;;;;;;;0.2;;;;;;;;;;;0;;23.3;15.3
BLA;18.01.2010 00:00;-12.7;-3.5;-14;;;;77.9;1.8;;;;;;;;;;;;;0;;;;;;;;;;;0;;32.7;24.7
BLA;19.01.2010 00:00;-10;0;-13;;;;75.6;2.3;;;;;;;;;;;;;0;;;;;;;;;;;0;;30;22
BLA;20.01.2010 00:00;-7.4;-2;-12.5;;;;76.5;2.8;;;;;;;;;;;;;5.1;;;;;;;;;;;0;;27.4;19.4
BLA;21.01.2010 00:00;-11.3;-3;-12.5;;;;80.6;2.1;;;;;;;;;;;;;0;;;;;;;;;;;0;;31.3;23.3
BLA;22.01.2010 00:00;-10.5;-1;-15;;;;76.8;2.2;;;;;;;;;;;;;0;;;;;;;;;;;0;;30.5;22.5
BLA;23.01.2010 00:00;-9.4;1;-15;;;;65.3;2;;;;;;;;;;;;;0;;;;;;;;;;;0;;29.4;21.4
BLA;24.01.2010 00:00;-7.3;0.5;-11.5;;;;69.8;2.6;;;;;;;;;;;;;0;;;;;;;;;;;0;;27.3;19.3
BLA;25.01.2010 00:00;-5.3;0;-9;;;;73.3;3;;;;;;;;;;;;;0;;;;;;;;;;;0;;25.3;17.3
BLA;26.01.2010 00:00;-10.1;-4;-14.5;;;;84.2;2.5;;;;;;;;;;;;;0;;;;;;;;;;;0;;30.1;22.1
BLA;27.01.2010 00:00;-10.3;-3;-14;;;;71.5;2;;;;;;;;;;;;;1.2;;;;;;;;;;;0;;30.3;22.3
BLA;28.01.2010 00:00;-7.3;-3;-12;;;;88.9;3.2;;;;;;;;;;;;;5.2;;;;;;;;;;;0;;27.3;19.3
BLA;29.01.2010 00:00;-7.2;-4;-13;;;;87.1;3.3;;;;;;;;;;;;;14;;;;;;;;;;;0;;27.2;19.2
BLA;30.01.2010 00:00;-7.3;-4;-9.5;;;;54.6;1.9;;;;;;;;;;;;;0.3;;;;;;;;;;;0;;27.3;19.3
BLA;31.01.2010 00:00;-13;-9;-16.5;;;;77.3;1.8;;;;;;;;;;;;;0.3;;;;;;;;;;;0;;33;25
BLA;01.02.2010 00:00;-14.3;-7;-22;;;;72.9;1.6;;;;;;;;;;;;;0.9;;;;;;;;;;;0;;34.3;26.3
BLA;02.02.2010 00:00;-8.4;-3.5;-12.5;;;;73.3;2.4;;;;;;;;;;;;;3.5;;;;;;;;;;;0;;28.4;20.4
BLA;03.02.2010 00:00;-3.2;5;-6.5;;;;78.9;3.9;;;;;;;;;;;;;1.1;;;;;;;;;;;0;;23.2;15.2
BLA;04.02.2010 00:00;-5.2;4;-12.5;;;;63.9;2.7;;;;;;;;;;;;;1.2;;;;;;;;;;;0;;25.2;17.2
BLA;05.02.2010 00:00;-1.6;1;-6.2;;;;92.4;5.2;;;;;;;;;;;;;12.2;;;;;;;;;;;0;;21.6;13.6
BLA;06.02.2010 00:00;-8.2;0;-11;;;;78;2.6;;;;;;;;;;;;;0;;;;;;;;;;;0;;28.2;20.2
BLA;07.02.2010 00:00;-8;1;-11.5;;;;73.6;2.5;;;;;;;;;;;;;0;;;;;;;;;;;0;;28;20
BLA;08.02.2010 00:00;-10.2;-0.5;-15;;;;76.1;2.2;;;;;;;;;;;;;0;;;;;;;;;;;0;;30.2;22.2
BLA;09.02.2010 00:00;-7.4;0;-15.5;;;;64.1;2.3;;;;;;;;;;;;;1.6;;;;;;;;;;;0;;27.4;19.4
BLA;10.02.2010 00:00;-7.6;-5.5;-9.5;;;;91.6;3.2;;;;;;;;;;;;;1.6;;;;;;;;;;;0;;27.6;19.6
BLA;11.02.2010 00:00;-11.1;-6.5;-16;;;;79;2;;;;;;;;;;;;;0.2;;;;;;;;;;;0;;31.1;23.1
BLA;12.02.2010 00:00;-13.6;-6;-19.5;;;;78.3;1.8;;;;;;;;;;;;;0.1;;;;;;;;;;;0;;33.6;25.6
BLA;13.02.2010 00:00;-13.3;-2;-20;;;;70.6;1.6;;;;;;;;;;;;;0;;;;;;;;;;;0;;33.3;25.3
BLA;14.02.2010 00:00;-12.3;-2;-17;;;;67.2;1.6;;;;;;;;;;;;;0;;;;;;;;;;;0;;32.3;24.3
BLA;15.02.2010 00:00;-11.8;-1;-18;;;;64;1.6;;;;;;;;;;;;;0;;;;;;;;;;;0;;31.8;23.8
BLA;16.02.2010 00:00;-8.4;-2;-17.5;;;;63.7;2.1;;;;;;;;;;;;;0;;;;;;;;;;;0;;28.4;20.4
BLA;17.02.2010 00:00;-1.6;4.5;-8;;;;68;3.7;;;;;;;;;;;;;0;;;;;;;;;;;0;;21.6;13.6
BLA;18.02.2010 00:00;0.1;7.5;-4.5;;;;73.2;4.4;;;;;;;;;;;;;0;;;;;;;;;;;0;;19.9;11.9
BLA;19.02.2010 00:00;0.5;4.5;-5;;;;64.7;4.3;;;;;;;;;;;;;0.1;;;;;;;;;;;0;;19.5;11.5
BLA;20.02.2010 00:00;-5.1;0;-10;;;;53.9;2.2;;;;;;;;;;;;;0;;;;;;;;;;;0;;25.1;17.1
BLA;21.02.2010 00:00;-6;2;-12;;;;54.5;2.2;;;;;;;;;;;;;1.8;;;;;;;;;;;0;;26;18
BLA;22.02.2010 00:00;-3;4;-8.5;;;;71.5;3.4;;;;;;;;;;;;;0.1;;;;;;;;;;;0;;23;15
BLA;23.02.2010 00:00;-0.4;5;-6.5;;;;81.1;4.9;;;;;;;;;;;;;2;;;;;;;;;;;0;;20.4;12.4
BLA;24.02.2010 00:00;-0.5;6.5;-7;;;;69.3;4;;;;;;;;;;;;;0.3;;;;;;;;;;;0;;20.5;12.5
BLA;25.02.2010 00:00;-0.7;5.5;-6.5;;;;72.1;4.1;;;;;;;;;;;;;8.2;;;;;;;;;;;0;;20.7;12.7
BLA;26.02.2010 00:00;-1.6;1.5;-3;;;;85.5;4.6;;;;;;;;;;;;;3.6;;;;;;;;;;;0;;21.6;13.6
BLA;27.02.2010 00:00;-3.5;4;-12;;;;61.6;3;;;;;;;;;;;;;2.6;;;;;;;;;;;0;;23.5;15.5
BLA;28.02.2010 00:00;-0.8;4;-3;;;;84.2;5;;;;;;;;;;;;;0;;;;;;;;;;;0;;20.8;12.8
BLA;01.03.2010 00:00;-1.6;6.7;-11;;;;52.8;2.7;;;;;;;;;;;;;0.1;;;;;;;;;;;0;;21.6;13.6
BLA;02.03.2010 00:00;-2.3;1.7;-4;;;;70.4;3.8;;;;;;;;;;;;;2.1;;;;;;;;;;;0;;22.3;14.3
BLA;03.03.2010 00:00;-1.8;6.2;-11;;;;55.4;2.8;;;;;;;;;;;;;0;;;;;;;;;;;0;;21.8;13.8
BLA;04.03.2010 00:00;-2.3;4;-5;;;;61.4;3.2;;;;;;;;;;;;;0;;;;;;;;;;;0;;22.3;14.3
BLA;05.03.2010 00:00;-7.3;-5.7;-12.5;;;;36.2;1.3;;;;;;;;;;;;;0;;;;;;;;;;;0;;27.3;19.3
BLA;06.03.2010 00:00;-9.9;-3;-12;;;;73.6;2.3;;;;;;;;;;;;;2.8;;;;;;;;;;;0;;29.9;21.9
BLA;07.03.2010 00:00;-9.9;-1.8;-17.5;;;;61.2;1.5;;;;;;;;;;;;;0;;;;;;;;;;;0;;29.9;21.9
BLA;08.03.2010 00:00;-9.1;-0.3;-16.8;;;;54.4;1.6;;;;;;;;;;;;;0;;;;;;;;;;;0;;29.1;21.1
BLA;09.03.2010 00:00;-10.4;-3;-18;;;;59.8;1.6;;;;;;;;;;;;;2.4;;;;;;;;;;;0;;30.4;22.4
BLA;10.03.2010 00:00;-5.5;-1;-8;;;;87.2;3.5;;;;;;;;;;;;;1.7;;;;;;;;;;;0;;25.5;17.5
BLA;11.03.2010 00:00;-6.6;-1.5;-9.6;;;;90.6;3.4;;;;;;;;;;;;;1.1;;;;;;;;;;;0;;26.6;18.6
BLA;12.03.2010 00:00;-4;3;-9.2;;;;67.6;3;;;;;;;;;;;;;0;;;;;;;;;;;0;;24;16
BLA;13.03.2010 00:00;-5.8;3.8;-14;;;;71;2.7;;;;;;;;;;;;;0;;;;;;;;;;;0;;25.8;17.8
BLA;14.03.2010 00:00;-4.1;6;-13;;;;57.4;2.4;;;;;;;;;;;;;0;;;;;;;;;;;0;;24.1;16.1
BLA;15.03.2010 00:00;-4.4;2.1;-11.5;;;;51.8;2.2;;;;;;;;;;;;;0.5;;;;;;;;;;;0;;24.4;16.4
BLA;16.03.2010 00:00;-2.9;4.6;-10.5;;;;60;3;;;;;;;;;;;;;1;;;;;;;;;;;0;;22.9;14.9
BLA;17.03.2010 00:00;-1.8;8.3;-11.5;;;;52;2.6;;;;;;;;;;;;;0;;;;;;;;;;;0;;21.8;13.8
BLA;18.03.2010 00:00;2.7;10;-4.5;;;;52.8;3.8;;;;;;;;;;;;;0;;;;;;;;;;;0;;17.3;9.3
BLA;19.03.2010 00:00;3.2;11.7;-4;;;;60.6;4.2;;;;;;;;;;;;;0;;;;;;;;;;;0;;16.8;8.8
BLA;20.03.2010 00:00;4.2;10.2;-0.5;;;;85.8;7.3;;;;;;;;;;;;;3.5;;;;;;;;;;;0;;15.8;7.8
BLA;21.03.2010 00:00;2.8;8.7;-1.5;;;;89.2;6.8;;;;;;;;;;;;;10.3;;;;;;;;;;;0;;17.2;9.2
BLA;22.03.2010 00:00;3.7;10.3;0.7;;;;82.2;6.1;;;;;;;;;;;;;0;;;;;;;;;;;0;;16.3;8.3
BLA;23.03.2010 00:00;3.1;9.7;-3;;;;59.2;4;;;;;;;;;;;;;0;;;;;;;;;;;0;;16.9;8.9
BLA;24.03.2010 00:00;3.2;11.6;-3.7;;;;67.8;4.7;;;;;;;;;;;;;0;;;;;;;;;;;0;;16.8;8.8
BLA;25.03.2010 00:00;5;11.5;1.3;;;;68.6;5.3;;;;;;;;;;;;;0;;;;;;;;;;;0;;15;7
BLA;26.03.2010 00:00;0.7;8.3;-1.2;;;;80.8;5.4;;;;;;;;;;;;;7.5;;;;;;;;;;;0;;19.3;11.3
BLA;27.03.2010 00:00;0.7;5.2;-2.5;;;;84;4.9;;;;;;;;;;;;;11.5;;;;;;;;;;;0;;19.3;11.3
BLA;28.03.2010 00:00;1.2;4;-1;;;;87.2;5.5;;;;;;;;;;;;;7.9;;;;;;;;;;;0;;18.8;10.8
BLA;29.03.2010 00:00;3.7;10.5;-0.5;;;;75.8;5.4;;;;;;;;;;;;;0;;;;;;;;;;;0;;16.3;8.3
BLA;30.03.2010 00:00;3.7;6;-0.5;;;;63.6;4.7;;;;;;;;;;;;;5.9;;;;;;;;;;;0;;16.3;8.3
BLA;31.03.2010 00:00;-2.4;2.6;-6.7;;;;66.4;3.3;;;;;;;;;;;;;0.6;;;;;;;;;;;0;;22.4;14.4
BLA;01.04.2010 00:00;-2.1;2.5;-5;;;;54.9;2.7;;;;;;;;;;;;;2;;;;;;;;;;;0;;22.1;14.1
BLA;02.04.2010 00:00;-2;4.5;-8.5;;;;57.2;2.7;;;;;;;;;;;;;0;;;;;;;;;;;0;;22;14
BLA;03.04.2010 00:00;-0.4;6;-5;;;;66.2;3.5;;;;;;;;;;;;;2.8;;;;;;;;;;;0;;20.4;12.4
BLA;04.04.2010 00:00;1.1;5.5;-2.5;;;;74.8;4.6;;;;;;;;;;;;;5.5;;;;;;;;;;;0;;18.9;10.9
BLA;05.04.2010 00:00;-0.6;3.3;-3.8;;;;62.1;3.1;;;;;;;;;;;;;0.5;;;;;;;;;;;0;;20.6;12.6
BLA;06.04.2010 00:00;2.7;13.2;-7;;;;54.9;3.6;;;;;;;;;;;;;0;;;;;;;;;;;0;;17.3;9.3
BLA;07.04.2010 00:00;4.1;13.2;-3.5;;;;59.4;4.2;;;;;;;;;;;;;0;;;;;;;;;;;0;;15.9;7.9
BLA;08.04.2010 00:00;4.3;12;-1;;;;75.1;5.4;;;;;;;;;;;;;0;;;;;;;;;;;0;;15.7;7.7
BLA;09.04.2010 00:00;4.5;12.5;-3;;;;62.3;4.2;;;;;;;;;;;;;0;;;;;;;;;;;0;;15.5;7.5
BLA;10.04.2010 00:00;4.7;12;-2.5;;;;61.7;4.7;;;;;;;;;;;;;0;;;;;;;;;;;0;;15.3;7.3
BLA;11.04.2010 00:00;1;7;-4.5;;;;53.5;3.2;;;;;;;;;;;;;0.1;;;;;;;;;;;0;;19;11
BLA;12.04.2010 00:00;-1.5;3;-5.5;;;;75.2;3.7;;;;;;;;;;;;;0.1;;;;;;;;;;;0;;21.5;13.5
BLA;13.04.2010 00:00;-1.4;5.5;-7.5;;;;66.4;3.1;;;;;;;;;;;;;0;;;;;;;;;;;0;;21.4;13.4
BLA;14.04.2010 00:00;-0.7;7;-7.5;;;;63.2;3.3;;;;;;;;;;;;;0;;;;;;;;;;;0;;20.7;12.7
BLA;15.04.2010 00:00;1.7;5.5;-3;;;;69.3;4.6;;;;;;;;;;;;;0;;;;;;;;;;;0;;18.3;10.3
BLA;16.04.2010 00:00;2.9;10;-4.5;;;;58.9;3.8;;;;;;;;;;;;;0;;;;;;;;;;;0;;17.1;9.1
BLA;17.04.2010 00:00;3.7;12.5;-5;;;;58.9;4.1;;;;;;;;;;;;;0;;;;;;;;;;;0;;16.3;8.3
BLA;18.04.2010 00:00;3.7;9;-2;;;;75.1;5.4;;;;;;;;;;;;;8.2;;;;;;;;;;;0;;16.3;8.3
BLA;19.04.2010 00:00;4;11.5;-5.5;;;;64.3;4.5;;;;;;;;;;;;;0;;;;;;;;;;;0;;16;8
BLA;20.04.2010 00:00;3.8;10;-2;;;;70.2;5;;;;;;;;;;;;;0;;;;;;;;;;;0;;16.2;8.2
BLA;21.04.2010 00:00;5.4;12;0;;;;57.3;4.6;;;;;;;;;;;;;0;;;;;;;;;;;0;;14.6;6.6
BLA;22.04.2010 00:00;6.9;14.5;-1.5;;;;51.2;5.2;;;;;;;;;;;;;0;;;;;;;;;;;0;;13.1;5.1
BLA;23.04.2010 00:00;5.9;15;-1.6;;;;69.9;5.9;;;;;;;;;;;;;0;;;;;;;;;;;0;;14.1;6.1
BLA;24.04.2010 00:00;8;17;0;;;;67.2;6.2;;;;;;;;;;;;;0;;;;;;;;;;;0;;12;4
BLA;25.04.2010 00:00;8.4;17;1;;;;66.8;6.3;;;;;;;;;;;;;0;;;;;;;;;;;0;;11.6;3.6
BLA;26.04.2010 00:00;8.7;15;3.5;;;;63.7;6.6;;;;;;;;;;;;;0;;;;;;;;;;;0;;11.3;3.3
BLA;27.04.2010 00:00;7;13.2;3;;;;79.3;7.9;;;;;;;;;;;;;0;;;;;;;;;;;0;;13;5
BLA;28.04.2010 00:00;8.5;17.5;0.5;;;;61.9;5.8;;;;;;;;;;;;;0;;;;;;;;;;;0;;11.5;3.5
BLA;29.04.2010 00:00;10.6;19.5;2;;;;57;6.3;;;;;;;;;;;;;0;;;;;;;;;;;0;;9.4;1.4
BLA;30.04.2010 00:00;9.3;17;4;;;;81.8;8.2;;;;;;;;;;;;;7.4;;;;;;;;;;;0;;10.7;2.7
BLA;01.05.2010 00:00;6.6;10;2.5;;;;90;9;;;;;;;;;;;;;12.6;;;;;;;;;;;0;;13.4;5.4
BLA;02.05.2010 00:00;4.9;7.6;3.2;;;;93.1;8.3;;;;;;;;;;;;;17;;;;;;;;;;;0;;15.1;7.1
BLA;03.05.2010 00:00;4.6;8.5;2;;;;87.9;6.8;;;;;;;;;;;;;3.4;;;;;;;;;;;0;;15.4;7.4
BLA;04.05.2010 00:00;6.2;12.5;1;;;;81.6;7.5;;;;;;;;;;;;;5.7;;;;;;;;;;;0;;13.8;5.8
BLA;05.05.2010 00:00;3.5;5.5;0.5;;;;92.8;7.6;;;;;;;;;;;;;39.1;;;;;;;;;;;0;;16.5;8.5
BLA;06.05.2010 00:00;3.2;9.5;-2;;;;83.8;6.1;;;;;;;;;;;;;0.1;;;;;;;;;;;0;;16.8;8.8
BLA;07.05.2010 00:00;3.2;6.5;0;;;;81.3;6.2;;;;;;;;;;;;;0.8;;;;;;;;;;;0;;16.8;8.8
BLA;08.05.2010 00:00;5.5;9;0.5;;;;65.6;5.4;;;;;;;;;;;;;3.5;;;;;;;;;;;0;;14.5;6.5
BLA;09.05.2010 00:00;5.8;11;1.5;;;;81.5;6.9;;;;;;;;;;;;;13.1;;;;;;;;;;;0;;14.2;6.2
BLA;10.05.2010 00:00;6.7;12;2.5;;;;81.8;7.7;;;;;;;;;;;;;4.8;;;;;;;;;;;0;;13.3;5.3
BLA;11.05.2010 00:00;5.3;15.5;4;;;;76.9;6.1;;;;;;;;;;;;;4;;;;;;;;;;;0;;14.7;6.7
BLA;12.05.2010 00:00;7.5;12;3.5;;;;76.1;7.2;;;;;;;;;;;;;7.5;;;;;;;;;;;0;;12.5;4.5
BLA;13.05.2010 00:00;4.8;8.8;1.5;;;;84.7;6.9;;;;;;;;;;;;;5.8;;;;;;;;;;;0;;15.2;7.2
BLA;14.05.2010 00:00;4.1;8.5;1.5;;;;87.1;6.8;;;;;;;;;;;;;4.7;;;;;;;;;;;0;;15.9;7.9
BLA;15.05.2010 00:00;4.1;9;1;;;;67.2;5.1;;;;;;;;;;;;;0;;;;;;;;;;;0;;15.9;7.9
BLA;16.05.2010 00:00;4.2;8;0.5;;;;44.8;3.8;;;;;;;;;;;;;0;;;;;;;;;;;0;;15.8;7.8
BLA;17.05.2010 00:00;4.8;9.8;-1;;;;53.6;4.4;;;;;;;;;;;;;0;;;;;;;;;;;0;;15.2;7.2
BLA;18.05.2010 00:00;5.7;9;1.7;;;;54.5;4.8;;;;;;;;;;;;;0.1;;;;;;;;;;;0;;14.3;6.3
BLA;19.05.2010 00:00;4.4;9.6;0;;;;60.7;4.5;;;;;;;;;;;;;0;;;;;;;;;;;0;;15.6;7.6
BLA;20.05.2010 00:00;7.2;14.3;-0.7;;;;57.4;6;;;;;;;;;;;;;0;;;;;;;;;;;0;;12.8;4.8
BLA;21.05.2010 00:00;9.8;15.7;4.1;;;;49.2;6.1;;;;;;;;;;;;;0;;;;;;;;;;;0;;10.2;2.2
BLA;22.05.2010 00:00;9.5;17.5;-0.3;;;;52.5;5.9;;;;;;;;;;;;;0;;;;;;;;;;;0;;10.5;2.5
BLA;23.05.2010 00:00;11.4;18;1.2;;;;54;6.8;;;;;;;;;;;;;0;;;;;;;;;;;0;;8.6;0.6
BLA;24.05.2010 00:00;12.8;20.5;7;;;;56.4;7.6;;;;;;;;;;;;;0;;;;;;;;;;;0;;0;0
BLA;25.05.2010 00:00;14.2;21.8;4.5;;;;56.3;8.6;;;;;;;;;;;;;0;;;;;;;;;;;0;;0;0
BLA;26.05.2010 00:00;11.7;17.7;8.4;;;;69;10.2;;;;;;;;;;;;;3.4;;;;;;;;;;;0;;8.3;0.3
BLA;27.05.2010 00:00;9.4;14.2;6;;;;74.2;8.8;;;;;;;;;;;;;1.1;;;;;;;;;;;0;;10.6;2.6
BLA;28.05.2010 00:00;9.6;16.5;1;;;;65.8;7.7;;;;;;;;;;;;;0;;;;;;;;;;;0;;10.4;2.4
BLA;29.05.2010 00:00;10.2;17;5;;;;68.5;8.2;;;;;;;;;;;;;5.4;;;;;;;;;;;0;;9.8;1.8
BLA;30.05.2010 00:00;6.6;10.5;4.5;;;;89.9;8.9;;;;;;;;;;;;;36.6;;;;;;;;;;;0;;13.4;5.4
BLA;31.05.2010 00:00;7.2;11.5;1.8;;;;56.2;5.4;;;;;;;;;;;;;0;;;;;;;;;;;0;;12.8;4.8
BLA;01.06.2010 00:00;7.1;14;-1.5;;;;61.6;6.1;;;;;;;;;;;;;0.6;;;;;;;;;;;0;;12.9;4.9
BLA;02.06.2010 00:00;8.2;15;4.5;;;;64.1;6.4;;;;;;;;;;;;;0;;;;;;;;;;;0;;11.8;3.8
BLA;03.06.2010 00:00;10.6;18.5;3.5;;;;66;8;;;;;;;;;;;;;0;;;;;;;;;;;0;;9.4;1.4
BLA;04.06.2010 00:00;12.9;21.6;2.5;;;;65.4;9.5;;;;;;;;;;;;;0;;;;;;;;;;;0;;0;0
BLA;05.06.2010 00:00;14.7;23;4.5;;;;61;9.6;;;;;;;;;;;;;0;;;;;;;;;;;0;;0;0
BLA;06.06.2010 00:00;13;20.5;8.5;;;;72.2;11.4;;;;;;;;;;;;;2;;;;;;;;;;;0;;0;0
BLA;07.06.2010 00:00;13.8;19.2;9;;;;76.4;11.7;;;;;;;;;;;;;0;;;;;;;;;;;0;;0;0
BLA;08.06.2010 00:00;13.3;20;5.5;;;;75;10.7;;;;;;;;;;;;;0.1;;;;;;;;;;;0;;0;0
BLA;09.06.2010 00:00;14;20.5;6.5;;;;59.9;8.9;;;;;;;;;;;;;0;;;;;;;;;;;0;;0;0
BLA;10.06.2010 00:00;15.5;21;9.5;;;;58.6;10;;;;;;;;;;;;;0;;;;;;;;;;;0;;0;0
BLA;11.06.2010 00:00;17.5;22;12;;;;49.3;9.6;;;;;;;;;;;;;1.6;;;;;;;;;;;0;;0;0
BLA;12.06.2010 00:00;12.2;17.5;8.5;;;;87.5;12.1;;;;;;;;;;;;;1.1;;;;;;;;;;;0;;0;0
BLA;13.06.2010 00:00;11.1;14;10;;;;89.5;11.4;;;;;;;;;;;;;9.5;;;;;;;;;;;0;;8.9;0.9
BLA;14.06.2010 00:00;10.6;17.5;7;;;;89.7;11.1;;;;;;;;;;;;;1.5;;;;;;;;;;;0;;9.4;1.4
BLA;15.06.2010 00:00;12.8;17.5;8.5;;;;74.5;10;;;;;;;;;;;;;0.1;;;;;;;;;;;0;;0;0
BLA;16.06.2010 00:00;12.5;17;9.5;;;;85.6;11.7;;;;;;;;;;;;;11.8;;;;;;;;;;;0;;0;0
BLA;17.06.2010 00:00;9;13;6.5;;;;86.8;9.3;;;;;;;;;;;;;2.6;;;;;;;;;;;0;;11;3
BLA;18.06.2010 00:00;10.2;14;6.5;;;;68.7;8.2;;;;;;;;;;;;;0;;;;;;;;;;;0;;9.8;1.8
BLA;19.06.2010 00:00;7.8;11;4.9;;;;71.8;7.7;;;;;;;;;;;;;0.3;;;;;;;;;;;0;;12.2;4.2
BLA;20.06.2010 00:00;6;10.5;2.4;;;;53.2;4.6;;;;;;;;;;;;;0;;;;;;;;;;;0;;14;6
BLA;21.06.2010 00:00;6.6;12.5;-0.7;;;;63.6;6.5;;;;;;;;;;;;;0;;;;;;;;;;;0;;13.4;5.4
BLA;22.06.2010 00:00;9;15;3.1;;;;60.7;6.5;;;;;;;;;;;;;0;;;;;;;;;;;0;;11;3
BLA;23.06.2010 00:00;10.8;18.5;0.6;;;;61.3;7.5;;;;;;;;;;;;;0;;;;;;;;;;;0;;9.2;1.2
BLA;24.06.2010 00:00;12.7;20;2;;;;59.2;8.4;;;;;;;;;;;;;0;;;;;;;;;;;0;;0;0
BLA;25.06.2010 00:00;11.4;21.2;2.8;;;;60;7.5;;;;;;;;;;;;;0;;;;;;;;;;;0;;8.6;0.6
BLA;26.06.2010 00:00;14.1;22.5;3.9;;;;59.6;8.6;;;;;;;;;;;;;0;;;;;;;;;;;0;;0;0
BLA;27.06.2010 00:00;15.6;23.5;5;;;;53.9;8.6;;;;;;;;;;;;;0;;;;;;;;;;;0;;0;0
BLA;28.06.2010 00:00;16.5;24.5;6.2;;;;58.1;10.4;;;;;;;;;;;;;0;;;;;;;;;;;0;;0;0
BLA;29.06.2010 00:00;15.2;24;7;;;;71.9;11.6;;;;;;;;;;;;;0.7;;;;;;;;;;;0;;0;0
BLA;30.06.2010 00:00;16.2;24.5;5.3;;;;58.2;10.4;;;;;;;;;;;;;0;;;;;;;;;;;0;;0;0
BLA;01.07.2010 00:00;17.5;25.5;7.4;;;;59.3;11.4;;;;;;;;;;;;;0;;;;;;;;;;;0;;;0
BLA;02.07.2010 00:00;16.4;26.5;7.8;;;;79.7;13.3;;;;;;;;;;;;;9.9;;;;;;;;;;;0;;;0
BLA;03.07.2010 00:00;14.8;25;7.4;;;;76.8;12.3;;;;;;;;;;;;;8.5;;;;;;;;;;;0;;;0
BLA;04.07.2010 00:00;15.3;22.3;8;;;;78.9;13.3;;;;;;;;;;;;;1.2;;;;;;;;;;;0;;;0
BLA;05.07.2010 00:00;15.7;25;6.2;;;;66.8;11.1;;;;;;;;;;;;;0;;;;;;;;;;;0;;;0
BLA;06.07.2010 00:00;15.1;20.5;7.8;;;;64.1;10.4;;;;;;;;;;;;;0;;;;;;;;;;;0;;;0
BLA;07.07.2010 00:00;15.4;23.8;4.2;;;;58.6;10;;;;;;;;;;;;;0;;;;;;;;;;;0;;;0
BLA;08.07.2010 00:00;18.1;28;6.6;;;;54.3;10.5;;;;;;;;;;;;;0;;;;;;;;;;;0;;;0
BLA;09.07.2010 00:00;19.4;30;7.2;;;;45.7;10.3;;;;;;;;;;;;;0;;;;;;;;;;;1.1;;;0
BLA;10.07.2010 00:00;18.6;29;9.7;;;;68.9;13.4;;;;;;;;;;;;;0;;;;;;;;;;;0.3;;;0
BLA;11.07.2010 00:00;16.6;21.4;8.5;;;;80.1;15.2;;;;;;;;;;;;;4.3;;;;;;;;;;;0;;;0
BLA;12.07.2010 00:00;19.2;28.5;8.5;;;;53.7;10.3;;;;;;;;;;;;;2.8;;;;;;;;;;;0.9;;;0
BLA;13.07.2010 00:00;16.9;25;8.5;;;;62.1;10.6;;;;;;;;;;;;;0;;;;;;;;;;;0;;;0
BLA;14.07.2010 00:00;16;27.5;8.5;;;;68.3;11.4;;;;;;;;;;;;;1.4;;;;;;;;;;;0;;;0
BLA;15.07.2010 00:00;18.6;25.5;10.7;;;;61.6;12.8;;;;;;;;;;;;;0;;;;;;;;;;;0.3;;;0
BLA;16.07.2010 00:00;18;27.5;9;;;;58.7;11.3;;;;;;;;;;;;;5.5;;;;;;;;;;;0;;;0
BLA;17.07.2010 00:00;16.3;24.5;11.2;;;;71.4;13.4;;;;;;;;;;;;;1.5;;;;;;;;;;;0;;;0
BLA;18.07.2010 00:00;13.1;23;3.5;;;;66;9.8;;;;;;;;;;;;;0;;;;;;;;;;;0;;;0
BLA;19.07.2010 00:00;15;25.5;5.5;;;;62.7;9.7;;;;;;;;;;;;;0;;;;;;;;;;;0;;;0
BLA;20.07.2010 00:00;17.5;28;6.9;;;;55.9;10.6;;;;;;;;;;;;;0;;;;;;;;;;;0;;;0
BLA;21.07.2010 00:00;17.9;27;10;;;;66.8;12.5;;;;;;;;;;;;;0.1;;;;;;;;;;;0;;;0
BLA;22.07.2010 00:00;16.7;24;9.6;;;;73.8;12.7;;;;;;;;;;;;;16.5;;;;;;;;;;;0;;;0
BLA;23.07.2010 00:00;11.8;14;10;;;;89.2;12.5;;;;;;;;;;;;;21.4;;;;;;;;;;;0;;;0.2
BLA;24.07.2010 00:00;8.7;14;5.2;;;;71.3;8.1;;;;;;;;;;;;;0;;;;;;;;;;;0;;;3.3
BLA;25.07.2010 00:00;9;16;0.2;;;;59.8;6.2;;;;;;;;;;;;;1.2;;;;;;;;;;;0;;;3
BLA;26.07.2010 00:00;10.2;16;4.5;;;;72.8;8.3;;;;;;;;;;;;;7.1;;;;;;;;;;;0;;;1.8
BLA;27.07.2010 00:00;11.7;18;7;;;;71.8;9.1;;;;;;;;;;;;;0;;;;;;;;;;;0;;;0.3
BLA;28.07.2010 00:00;9.9;18.8;3;;;;81.3;9.7;;;;;;;;;;;;;5.6;;;;;;;;;;;0;;;2.1
BLA;29.07.2010 00:00;8.6;15;5;;;;90.6;10.4;;;;;;;;;;;;;15.5;;;;;;;;;;;0;;;3.4
BLA;30.07.2010 00:00;10.5;16.5;5.2;;;;62.9;7.4;;;;;;;;;;;;;0;;;;;;;;;;;0;;9.5;1.5
BLA;31.07.2010 00:00;11.5;20.5;2;;;;68.8;8.5;;;;;;;;;;;;;0;;;;;;;;;;;0;;8.5;0.5
BLA;01.08.2010 00:00;16.2;22.4;6.5;;;;64.8;11.5;;;;;;;;;;;;;4.2;;;;;;;;;;;0;;0;0
BLA;02.08.2010 00:00;13.8;19.5;9.4;;;;83.2;12.5;;;;;;;;;;;;;2.1;;;;;;;;;;;0;;0;0
BLA;03.08.2010 00:00;12.1;16.7;8;;;;73.8;10.5;;;;;;;;;;;;;0.2;;;;;;;;;;;0;;0;0
BLA;04.08.2010 00:00;11.4;18.6;2.1;;;;63.4;8.3;;;;;;;;;;;;;1.3;;;;;;;;;;;0;;8.6;0.6
BLA;05.08.2010 00:00;8.8;13;6.4;;;;88.4;10;;;;;;;;;;;;;9.4;;;;;;;;;;;0;;11.2;3.2
BLA;06.08.2010 00:00;9.9;15.7;4.7;;;;59.2;6.6;;;;;;;;;;;;;0;;;;;;;;;;;0;;10.1;2.1
BLA;07.08.2010 00:00;9.6;20;1.2;;;;66;7.4;;;;;;;;;;;;;0;;;;;;;;;;;0;;10.4;2.4
BLA;08.08.2010 00:00;12.4;18.5;4.5;;;;64.4;9.8;;;;;;;;;;;;;0;;;;;;;;;;;0;;0;0
BLA;09.08.2010 00:00;12.3;23;2.2;;;;62.2;8.1;;;;;;;;;;;;;0;;;;;;;;;;;0;;0;0
BLA;10.08.2010 00:00;14.9;21.6;7;;;;70.6;11.6;;;;;;;;;;;;;0;;;;;;;;;;;0;;0;0
BLA;11.08.2010 00:00;14.8;21.5;8.7;;;;60.2;9.3;;;;;;;;;;;;;2;;;;;;;;;;;0;;0;0
BLA;12.08.2010 00:00;12.9;21;11;;;;82.8;12.5;;;;;;;;;;;;;4.4;;;;;;;;;;;0;;0;0
BLA;13.08.2010 00:00;12.7;18.5;7.5;;;;72.2;10.5;;;;;;;;;;;;;0.2;;;;;;;;;;;0;;0;0
BLA;14.08.2010 00:00;9.9;13.6;6;;;;86.2;10.3;;;;;;;;;;;;;28.8;;;;;;;;;;;0;;10.1;2.1
BLA;15.08.2010 00:00;8.3;12.5;5.5;;;;87;9.4;;;;;;;;;;;;;4.8;;;;;;;;;;;0;;11.7;3.7
BLA;16.08.2010 00:00;6.7;9.4;4.5;;;;89.8;8.7;;;;;;;;;;;;;14.8;;;;;;;;;;;0;;13.3;5.3
BLA;17.08.2010 00:00;9.7;14.5;5.2;;;;85.6;10.4;;;;;;;;;;;;;0;;;;;;;;;;;0;;10.3;2.3
BLA;18.08.2010 00:00;9.8;12.5;7;;;;79.2;9.6;;;;;;;;;;;;;6.4;;;;;;;;;;;0;;10.2;2.2
BLA;19.08.2010 00:00;14.4;21.5;8;;;;72.4;10.4;;;;;;;;;;;;;0;;;;;;;;;;;0;;0;0
BLA;20.08.2010 00:00;14.6;20;8.5;;;;82.4;13.6;;;;;;;;;;;;;1.7;;;;;;;;;;;0;;0;0
BLA;21.08.2010 00:00;14.8;23.5;7.5;;;;72.4;12.7;;;;;;;;;;;;;0;;;;;;;;;;;0;;0;0
BLA;22.08.2010 00:00;15.1;25.5;6.5;;;;72;11.5;;;;;;;;;;;;;0;;;;;;;;;;;0;;0;0
BLA;23.08.2010 00:00;13.6;19;8.5;;;;84.8;13.8;;;;;;;;;;;;;4;;;;;;;;;;;0;;0;0
BLA;24.08.2010 00:00;13.8;21.5;11;;;;76.6;11.6;;;;;;;;;;;;;0.6;;;;;;;;;;;0;;0;0
BLA;25.08.2010 00:00;11.9;22.5;2.5;;;;63;8.3;;;;;;;;;;;;;0;;;;;;;;;;;0;;8.1;0.1
BLA;26.08.2010 00:00;17.6;26.5;8.5;;;;56.4;10.9;;;;;;;;;;;;;0;;;;;;;;;;;0;;0;0
BLA;27.08.2010 00:00;14.1;16.5;12;;;;77;12.5;;;;;;;;;;;;;22.2;;;;;;;;;;;0;;0;0
BLA;28.08.2010 00:00;10.5;11.5;9;;;;73.4;9.3;;;;;;;;;;;;;1.8;;;;;;;;;;;0;;9.5;1.5
BLA;29.08.2010 00:00;6.7;15;0;;;;69;6.5;;;;;;;;;;;;;3.6;;;;;;;;;;;0;;13.3;5.3
BLA;30.08.2010 00:00;5.7;10;4;;;;76;6.2;;;;;;;;;;;;;7.4;;;;;;;;;;;0;;14.3;6.3
BLA;31.08.2010 00:00;5.6;13.5;0.4;;;;71.2;5.9;;;;;;;;;;;;;0;;;;;;;;;;;0;;14.4;6.4
BLA;01.09.2010 00:00;6.5;18;-2;;;;70.2;6.5;;;;;;;;;;;;;0;;;;;;;;;;;0;;13.5;5.5
BLA;02.09.2010 00:00;10.4;18.5;1;;;;70.1;8.4;;;;;;;;;;;;;0;;;;;;;;;;;0;;9.6;1.6
BLA;03.09.2010 00:00;10.2;19;2;;;;68.3;8;;;;;;;;;;;;;0;;;;;;;;;;;0;;9.8;1.8
BLA;04.09.2010 00:00;11.2;19.5;2.9;;;;62;7.6;;;;;;;;;;;;;0;;;;;;;;;;;0;;8.8;0.8
BLA;05.09.2010 00:00;10.4;20.5;2;;;;61;6.8;;;;;;;;;;;;;0;;;;;;;;;;;0;;9.6;1.6
BLA;06.09.2010 00:00;12.7;20.5;4.5;;;;57;8.2;;;;;;;;;;;;;0.3;;;;;;;;;;;0;;0;0
BLA;07.09.2010 00:00;11.7;17;8.5;;;;82.2;11.1;;;;;;;;;;;;;0.3;;;;;;;;;;;0;;8.3;0.3
BLA;08.09.2010 00:00;10.9;15;8;;;;78.5;10.1;;;;;;;;;;;;;0.2;;;;;;;;;;;0;;9.1;1.1
BLA;09.09.2010 00:00;7.9;15.5;1;;;;64;6.4;;;;;;;;;;;;;0;;;;;;;;;;;0;;12.1;4.1
BLA;10.09.2010 00:00;8.2;17;2.4;;;;73.1;7.5;;;;;;;;;;;;;0;;;;;;;;;;;0;;11.8;3.8
BLA;11.09.2010 00:00;9.1;19.5;1.2;;;;67.4;7.3;;;;;;;;;;;;;0;;;;;;;;;;;0;;10.9;2.9
BLA;12.09.2010 00:00;10.3;21;3.5;;;;79;9.3;;;;;;;;;;;;;6.5;;;;;;;;;;;0;;9.7;1.7
BLA;13.09.2010 00:00;7.8;15.5;2.5;;;;69.7;6.9;;;;;;;;;;;;;0.4;;;;;;;;;;;0;;12.2;4.2
BLA;14.09.2010 00:00;6.7;14;-0.3;;;;82.8;8.1;;;;;;;;;;;;;0;;;;;;;;;;;0;;13.3;5.3
BLA;15.09.2010 00:00;10.6;18.5;0.2;;;;62.4;7.7;;;;;;;;;;;;;2.9;;;;;;;;;;;0;;9.4;1.4
BLA;16.09.2010 00:00;11.7;18;7;;;;68.8;8.9;;;;;;;;;;;;;1.8;;;;;;;;;;;0;;8.3;0.3
BLA;17.09.2010 00:00;9;13.5;7.3;;;;92.7;10.7;;;;;;;;;;;;;0.6;;;;;;;;;;;0;;11;3
BLA;18.09.2010 00:00;7.6;13.5;5;;;;88.4;9.1;;;;;;;;;;;;;0;;;;;;;;;;;0;;12.4;4.4
BLA;19.09.2010 00:00;7.9;13.5;4;;;;79.1;7.9;;;;;;;;;;;;;0;;;;;;;;;;;0;;12.1;4.1
BLA;20.09.2010 00:00;7.9;18;0.3;;;;69.9;6.6;;;;;;;;;;;;;0;;;;;;;;;;;0;;12.1;4.1
BLA;21.09.2010 00:00;8.8;18;2;;;;74.6;7.8;;;;;;;;;;;;;0;;;;;;;;;;;0;;11.2;3.2
BLA;22.09.2010 00:00;9.2;20;1.8;;;;72.5;7.6;;;;;;;;;;;;;0;;;;;;;;;;;0;;10.8;2.8
BLA;23.09.2010 00:00;9.5;19.5;1.7;;;;65.5;6.8;;;;;;;;;;;;;0;;;;;;;;;;;0;;10.5;2.5
BLA;24.09.2010 00:00;7.2;13.5;4.1;;;;85.5;8.6;;;;;;;;;;;;;12.7;;;;;;;;;;;0;;12.8;4.8
BLA;25.09.2010 00:00;3.4;6;1;;;;93.2;7.4;;;;;;;;;;;;;11.7;;;;;;;;;;;0;;16.6;8.6
BLA;26.09.2010 00:00;2.5;6.5;-1.5;;;;83.9;6.1;;;;;;;;;;;;;0.4;;;;;;;;;;;0;;17.5;9.5
BLA;27.09.2010 00:00;3.3;8;0.5;;;;83;6.1;;;;;;;;;;;;;0;;;;;;;;;;;0;;16.7;8.7
BLA;28.09.2010 00:00;4.2;9;-1.5;;;;64.1;5.2;;;;;;;;;;;;;0;;;;;;;;;;;0;;15.8;7.8
BLA;29.09.2010 00:00;4.1;14.5;-3;;;;71.8;5.4;;;;;;;;;;;;;0;;;;;;;;;;;0;;15.9;7.9
BLA;30.09.2010 00:00;4.5;11;-1.5;;;;83.4;7;;;;;;;;;;;;;4.5;;;;;;;;;;;0;;15.5;7.5
BLA;01.10.2010 00:00;6.7;13.5;3.6;;;;82.9;8;;;;;;;;;;;;;0.3;;;;;;;;;;;0;;13.3;5.3
BLA;02.10.2010 00:00;8.6;18;0.7;;;;70.4;7.8;;;;;;;;;;;;;0;;;;;;;;;;;0;;11.4;3.4
BLA;03.10.2010 00:00;8.5;18;3.2;;;;74.3;7.9;;;;;;;;;;;;;0;;;;;;;;;;;0;;11.5;3.5
BLA;04.10.2010 00:00;11.1;17.5;3.3;;;;49.5;6.8;;;;;;;;;;;;;9.5;;;;;;;;;;;0;;8.9;0.9
BLA;05.10.2010 00:00;9.3;13;6.4;;;;90.4;10.8;;;;;;;;;;;;;1.7;;;;;;;;;;;0;;10.7;2.7
BLA;06.10.2010 00:00;8.4;19;2;;;;77.6;8.5;;;;;;;;;;;;;0;;;;;;;;;;;0;;11.6;3.6
BLA;07.10.2010 00:00;9.1;20;2.2;;;;75.1;8.5;;;;;;;;;;;;;0;;;;;;;;;;;0;;10.9;2.9
BLA;08.10.2010 00:00;10;20;2.9;;;;73.4;8.5;;;;;;;;;;;;;0;;;;;;;;;;;0;;10;2
BLA;09.10.2010 00:00;9.1;18.5;3.6;;;;78.7;8.6;;;;;;;;;;;;;0;;;;;;;;;;;0;;10.9;2.9
BLA;10.10.2010 00:00;7;14.5;1.5;;;;80.5;8;;;;;;;;;;;;;0;;;;;;;;;;;0;;13;5
BLA;11.10.2010 00:00;5.6;15;0.3;;;;67.6;5.5;;;;;;;;;;;;;0;;;;;;;;;;;0;;14.4;6.4
BLA;12.10.2010 00:00;5.2;15.9;-1.6;;;;63.8;5.2;;;;;;;;;;;;;0;;;;;;;;;;;0;;14.8;6.8
BLA;13.10.2010 00:00;4.8;14.8;-1.3;;;;74.1;5.7;;;;;;;;;;;;;0;;;;;;;;;;;0;;15.2;7.2
BLA;14.10.2010 00:00;2.8;10.2;-3.2;;;;86.6;6.6;;;;;;;;;;;;;0;;;;;;;;;;;0;;17.2;9.2
BLA;15.10.2010 00:00;3.9;8.5;0;;;;82.8;6.7;;;;;;;;;;;;;0;;;;;;;;;;;0;;16.1;8.1
BLA;16.10.2010 00:00;1.4;3.5;0;;;;90.7;6.3;;;;;;;;;;;;;1.6;;;;;;;;;;;0;;18.6;10.6
BLA;17.10.2010 00:00;0.7;4.5;-1.5;;;;85;5.5;;;;;;;;;;;;;0;;;;;;;;;;;0;;19.3;11.3
BLA;18.10.2010 00:00;0.7;6.5;-4;;;;75.7;4.8;;;;;;;;;;;;;0;;;;;;;;;;;0;;19.3;11.3
BLA;19.10.2010 00:00;1.5;7;-2.2;;;;73.2;4.9;;;;;;;;;;;;;4;;;;;;;;;;;0;;18.5;10.5
BLA;20.10.2010 00:00;0.8;3.5;-1;;;;75.5;4.7;;;;;;;;;;;;;0.2;;;;;;;;;;;0;;19.2;11.2
BLA;21.10.2010 00:00;-3;4.6;-7.9;;;;68.1;3.3;;;;;;;;;;;;;0;;;;;;;;;;;0;;23;15
BLA;22.10.2010 00:00;0.9;9.5;-6.7;;;;57.3;3.6;;;;;;;;;;;;;0;;;;;;;;;;;0;;19.1;11.1
BLA;23.10.2010 00:00;3.9;11.5;0;;;;67;5.3;;;;;;;;;;;;;0.1;;;;;;;;;;;0;;16.1;8.1
BLA;24.10.2010 00:00;1.7;4.5;-1;;;;92.7;6.6;;;;;;;;;;;;;15;;;;;;;;;;;0;;18.3;10.3
BLA;25.10.2010 00:00;-0.9;3;-2;;;;77.5;4.2;;;;;;;;;;;;;0;;;;;;;;;;;0;;20.9;12.9
BLA;26.10.2010 00:00;-3.8;4.5;-8.5;;;;81.3;3.8;;;;;;;;;;;;;0;;;;;;;;;;;0;;23.8;15.8
BLA;27.10.2010 00:00;-0.7;7;-7;;;;79;4.4;;;;;;;;;;;;;0;;;;;;;;;;;0;;20.7;12.7
BLA;28.10.2010 00:00;1.7;8.5;-2.5;;;;82.5;5.8;;;;;;;;;;;;;0;;;;;;;;;;;0;;18.3;10.3
BLA;29.10.2010 00:00;2.3;11;-3;;;;70.9;5.1;;;;;;;;;;;;;0;;;;;;;;;;;0;;17.7;9.7
BLA;30.10.2010 00:00;4.9;11;-1;;;;62.8;5.4;;;;;;;;;;;;;0.7;;;;;;;;;;;0;;15.1;7.1
BLA;31.10.2010 00:00;4.6;9.5;1.5;;;;83.2;6.9;;;;;;;;;;;;;1.6;;;;;;;;;;;0;;15.4;7.4
BLA;01.11.2010 00:00;6.3;12;2;;;;81.8;7.7;;;;;;;;;;;;;0;;;;;;;;;;;0;;13.7;5.7
BLA;02.11.2010 00:00;4.3;7;1;;;;92.7;7.9;;;;;;;;;;;;;0;;;;;;;;;;;0;;15.7;7.7
BLA;03.11.2010 00:00;3.8;8;-1;;;;78.8;6.3;;;;;;;;;;;;;0;;;;;;;;;;;0;;16.2;8.2
BLA;04.11.2010 00:00;3.2;11;-2;;;;82.2;6.2;;;;;;;;;;;;;0;;;;;;;;;;;0;;16.8;8.8
BLA;05.11.2010 00:00;3.6;12.5;-1;;;;69.2;5.2;;;;;;;;;;;;;0;;;;;;;;;;;0;;16.4;8.4
BLA;06.11.2010 00:00;3.1;11.5;-2.5;;;;61.7;4.5;;;;;;;;;;;;;0;;;;;;;;;;;0;;16.9;8.9
BLA;07.11.2010 00:00;2.1;8;-1;;;;77.3;5.3;;;;;;;;;;;;;0.7;;;;;;;;;;;0;;17.9;9.9
BLA;08.11.2010 00:00;-2;2;-5;;;;83.4;4.4;;;;;;;;;;;;;0.1;;;;;;;;;;;0;;22;14
BLA;09.11.2010 00:00;-0.5;5;-3;;;;83.8;5;;;;;;;;;;;;;0;;;;;;;;;;;0;;20.5;12.5
BLA;10.11.2010 00:00;-0.1;5;-4;;;;80.7;4.7;;;;;;;;;;;;;10.4;;;;;;;;;;;0;;20.1;12.1
BLA;11.11.2010 00:00;-3;2;-9.5;;;;81.5;4.2;;;;;;;;;;;;;27.3;;;;;;;;;;;0;;23;15
BLA;12.11.2010 00:00;2.4;4;-1.5;;;;94.9;7.1;;;;;;;;;;;;;23.2;;;;;;;;;;;0;;17.6;9.6
BLA;13.11.2010 00:00;3.1;11;-1.5;;;;79.2;6;;;;;;;;;;;;;0;;;;;;;;;;;0;;16.9;8.9
BLA;14.11.2010 00:00;2.7;9.5;-2;;;;76.5;5.8;;;;;;;;;;;;;0.1;;;;;;;;;;;0;;17.3;9.3
BLA;15.11.2010 00:00;4.7;7;2;;;;87.8;7.7;;;;;;;;;;;;;14.1;;;;;;;;;;;0;;15.3;7.3
BLA;16.11.2010 00:00;-1.4;0;-2;;;;94.7;5.2;;;;;;;;;;;;;0;;;;;;;;;;;0;;21.4;13.4
BLA;17.11.2010 00:00;-2.8;3;-6.5;;;;88.3;4.5;;;;;;;;;;;;;0;;;;;;;;;;;0;;22.8;14.8
BLA;18.11.2010 00:00;-1.3;3;-6.5;;;;85.4;4.7;;;;;;;;;;;;;2.7;;;;;;;;;;;0;;21.3;13.3
BLA;19.11.2010 00:00;-5.8;1;-9;;;;81.6;3.3;;;;;;;;;;;;;0;;;;;;;;;;;0;;25.8;17.8
BLA;20.11.2010 00:00;-1.9;3;-8;;;;74.7;4;;;;;;;;;;;;;0;;;;;;;;;;;0;;21.9;13.9
BLA;21.11.2010 00:00;0.4;3.5;-1.5;;;;78.3;4.8;;;;;;;;;;;;;0;;;;;;;;;;;0;;19.6;11.6
BLA;22.11.2010 00:00;-1;1;-2;;;;92.8;5.3;;;;;;;;;;;;;2.3;;;;;;;;;;;0;;21;13
BLA;23.11.2010 00:00;-3.1;0;-5;;;;91.3;4.6;;;;;;;;;;;;;0;;;;;;;;;;;0;;23.1;15.1
BLA;24.11.2010 00:00;-5;-1;-8.4;;;;76.7;3.3;;;;;;;;;;;;;0;;;;;;;;;;;0;;25;17
BLA;25.11.2010 00:00;-7;-2;-11.5;;;;64.6;2.3;;;;;;;;;;;;;2.5;;;;;;;;;;;0;;27;19
BLA;26.11.2010 00:00;-7.5;-5;-9.5;;;;68;2.3;;;;;;;;;;;;;0;;;;;;;;;;;0;;27.5;19.5
BLA;27.11.2010 00:00;-11;-6.6;-16.5;;;;77.4;2.2;;;;;;;;;;;;;0.9;;;;;;;;;;;0;;31;23
BLA;28.11.2010 00:00;-6;-1.5;-9.5;;;;74;2.9;;;;;;;;;;;;;0.8;;;;;;;;;;;0;;26;18
BLA;29.11.2010 00:00;-8.3;-5;-11;;;;74.1;2.5;;;;;;;;;;;;;0;;;;;;;;;;;0;;28.3;20.3
BLA;30.11.2010 00:00;-8.4;-2;-16.5;;;;64.6;2.1;;;;;;;;;;;;;1.8;;;;;;;;;;;0;;28.4;20.4
BLA;01.12.2010 00:00;-4;-2;-6;;;;92.9;4.2;;;;;;;;;;;;;5.5;;;;;;;;;;;0;;24;16
BLA;02.12.2010 00:00;-10.5;-4;-15;;;;73.1;2;;;;;;;;;;;;;0;;;;;;;;;;;0;;30.5;22.5
BLA;03.12.2010 00:00;-12.8;-6;-18;;;;74.8;1.8;;;;;;;;;;;;;0;;;;;;;;;;;0;;32.8;24.8
BLA;04.12.2010 00:00;-15.2;-8;-18.5;;;;76.5;1.5;;;;;;;;;;;;;0;;;;;;;;;;;0;;35.2;27.2
BLA;05.12.2010 00:00;-6.4;-1;-16.5;;;;74.3;2.8;;;;;;;;;;;;;13.6;;;;;;;;;;;0;;26.4;18.4
BLA;06.12.2010 00:00;-2.1;2;-6.5;;;;95.1;5.2;;;;;;;;;;;;;34.2;;;;;;;;;;;0;;22.1;14.1
BLA;07.12.2010 00:00;1.2;4;0;;;;92;6.1;;;;;;;;;;;;;4;;;;;;;;;;;0;;18.8;10.8
BLA;08.12.2010 00:00;2.3;5;0;;;;91;6.5;;;;;;;;;;;;;10.6;;;;;;;;;;;0;;17.7;9.7
BLA;09.12.2010 00:00;-4.4;1;-10;;;;64.2;3.2;;;;;;;;;;;;;0;;;;;;;;;;;0;;24.4;16.4
BLA;10.12.2010 00:00;-5;-1;-12;;;;64.6;2.8;;;;;;;;;;;;;0;;;;;;;;;;;0;;25;17
BLA;11.12.2010 00:00;-3.1;5;-6.5;;;;75.5;3.8;;;;;;;;;;;;;0;;;;;;;;;;;0;;23.1;15.1
BLA;12.12.2010 00:00;-3.1;1;-9;;;;41.2;2.1;;;;;;;;;;;;;0.8;;;;;;;;;;;0;;23.1;15.1
BLA;13.12.2010 00:00;-8.3;-3;-12.5;;;;50.8;1.7;;;;;;;;;;;;;0;;;;;;;;;;;0;;28.3;20.3
BLA;14.12.2010 00:00;-10.9;-6.5;-16;;;;64.3;1.9;;;;;;;;;;;;;0;;;;;;;;;;;0;;30.9;22.9
BLA;15.12.2010 00:00;-5.3;-8;-17.5;;;;68.7;5.1;;;;;;;;;;;;;0;;;;;;;;;;;0;;25.3;17.3
BLA;16.12.2010 00:00;-13.7;-8;-17;;;;77;1.6;;;;;;;;;;;;;8.9;;;;;;;;;;;0;;33.7;25.7
BLA;17.12.2010 00:00;-8.3;-7;-13;;;;74.7;2.6;;;;;;;;;;;;;6;;;;;;;;;;;0;;28.3;20.3
BLA;18.12.2010 00:00;-13.2;-7.5;-18.5;;;;63.9;1.4;;;;;;;;;;;;;0;;;;;;;;;;;0;;33.2;25.2
BLA;19.12.2010 00:00;-8.2;-2;-18;;;;77.8;2.6;;;;;;;;;;;;;6.6;;;;;;;;;;;0;;28.2;20.2
BLA;20.12.2010 00:00;-1;3;-8;;;;82.6;4.9;;;;;;;;;;;;;0;;;;;;;;;;;0;;21;13
BLA;21.12.2010 00:00;-3.6;2;-10;;;;75.9;3.7;;;;;;;;;;;;;0;;;;;;;;;;;0;;23.6;15.6
BLA;22.12.2010 00:00;-1.4;2;-3;;;;81.8;4.6;;;;;;;;;;;;;0.9;;;;;;;;;;;0;;21.4;13.4
BLA;23.12.2010 00:00;1.8;4.5;-2.5;;;;83;5.9;;;;;;;;;;;;;6.9;;;;;;;;;;;0;;18.2;10.2
BLA;24.12.2010 00:00;-2.5;-0.6;-5;;;;96.5;5.1;;;;;;;;;;;;;2.9;;;;;;;;;;;0;;22.5;14.5
BLA;25.12.2010 00:00;-7.8;-6;-8.5;;;;92;3.1;;;;;;;;;;;;;0.6;;;;;;;;;;;0;;27.8;19.8
BLA;26.12.2010 00:00;-11.3;-9.5;-12.5;;;;79.4;2.1;;;;;;;;;;;;;0;;;;;;;;;;;0;;31.3;23.3
BLA;27.12.2010 00:00;-11;-5;-19;;;;83.3;2.4;;;;;;;;;;;;;0;;;;;;;;;;;0;;31;23
BLA;28.12.2010 00:00;-4.3;-1;-7.5;;;;90.1;4.1;;;;;;;;;;;;;7.5;;;;;;;;;;;0;;24.3;16.3
BLA;29.12.2010 00:00;-7.2;-2;-9;;;;90;3.3;;;;;;;;;;;;;0;;;;;;;;;;;0;;27.2;19.2
BLA;30.12.2010 00:00;-5.5;-2;-8.5;;;;84.3;3.6;;;;;;;;;;;;;0;;;;;;;;;;;0;;25.5;17.5
BLA;31.12.2010 00:00;-9.5;-3;-10.5;;;;80.9;2.5;;;;;;;;;;;;;0;;;;;;;;;;;0;;29.5;21.5
BLA;01.01.2011 00:00;-10.8;-8;-12.5;;;;74.5;2;;;;;;;;;;;;;0;;;;;;;;;;;0;;30.8;22.8
BLA;02.01.2011 00:00;-11.9;-7;-14.5;;;;78.5;2;;;;;;;;;;;;;0;;;;;;;;;;;0;;31.9;23.9
BLA;03.01.2011 00:00;-15.5;-12;-18;;;;72.4;1.3;;;;;;;;;;;;;0;;;;;;;;;;;0;;35.5;27.5
BLA;04.01.2011 00:00;-9.6;-3;-17;;;;61.2;1.8;;;;;;;;;;;;;0;;;;;;;;;;;0;;29.6;21.6
BLA;05.01.2011 00:00;-11.3;-1.5;-15.5;;;;72.2;2;;;;;;;;;;;;;0;;;;;;;;;;;0;;31.3;23.3
BLA;06.01.2011 00:00;-1.4;2.5;-10;;;;75.3;4.3;;;;;;;;;;;;;10.6;;;;;;;;;;;0;;21.4;13.4
BLA;07.01.2011 00:00;0.9;5;-1.5;;;;93.3;6.1;;;;;;;;;;;;;0.3;;;;;;;;;;;0;;19.1;11.1
BLA;08.01.2011 00:00;-0.3;4.5;-3.5;;;;88.3;5.5;;;;;;;;;;;;;0;;;;;;;;;;;0;;20.3;12.3
BLA;09.01.2011 00:00;0.1;5;-6.5;;;;72.4;4.5;;;;;;;;;;;;;3.8;;;;;;;;;;;0;;19.9;11.9
BLA;10.01.2011 00:00;-0.8;2;-3;;;;91.4;5.3;;;;;;;;;;;;;0;;;;;;;;;;;0;;20.8;12.8
BLA;11.01.2011 00:00;-5.3;0;-11;;;;77.9;3.3;;;;;;;;;;;;;1.3;;;;;;;;;;;0;;25.3;17.3
BLA;12.01.2011 00:00;-2.8;3;-7;;;;77.8;3.9;;;;;;;;;;;;;31.8;;;;;;;;;;;0;;22.8;14.8
BLA;13.01.2011 00:00;2.9;5;-0.5;;;;83.4;6.3;;;;;;;;;;;;;0;;;;;;;;;;;0;;17.1;9.1
BLA;14.01.2011 00:00;-3.4;2;-6;;;;78.9;3.8;;;;;;;;;;;;;0;;;;;;;;;;;0;;23.4;15.4
BLA;15.01.2011 00:00;-1.6;3.5;-5;;;;64;3.5;;;;;;;;;;;;;0;;;;;;;;;;;0;;21.6;13.6
BLA;16.01.2011 00:00;-2.9;5;-5.5;;;;72.5;3.6;;;;;;;;;;;;;0;;;;;;;;;;;0;;22.9;14.9
BLA;17.01.2011 00:00;-3.8;5;-6;;;;67.5;3.2;;;;;;;;;;;;;0;;;;;;;;;;;0;;23.8;15.8
BLA;18.01.2011 00:00;-3;3;-7.5;;;;69.6;3.4;;;;;;;;;;;;;0;;;;;;;;;;;0;;23;15
BLA;19.01.2011 00:00;-6.3;-3;-10;;;;72.9;2.8;;;;;;;;;;;;;0;;;;;;;;;;;0;;26.3;18.3
BLA;20.01.2011 00:00;-10.2;-5;-16;;;;53.1;1.5;;;;;;;;;;;;;0;;;;;;;;;;;0;;30.2;22.2
BLA;21.01.2011 00:00;-15.2;-8;-18;;;;67.5;1.3;;;;;;;;;;;;;0;;;;;;;;;;;0;;35.2;27.2
BLA;22.01.2011 00:00;-14.1;7.5;-18.5;;;;68.8;1.4;;;;;;;;;;;;;0;;;;;;;;;;;0;;34.1;26.1
BLA;23.01.2011 00:00;-13.3;-6;-18;;;;73.1;1.6;;;;;;;;;;;;;0;;;;;;;;;;;0;;33.3;25.3
BLA;24.01.2011 00:00;-9.7;-3;-16;;;;64.1;1.8;;;;;;;;;;;;;0;;;;;;;;;;;0;;29.7;21.7
BLA;25.01.2011 00:00;-10.1;-5;-14;;;;71.1;2;;;;;;;;;;;;;0;;;;;;;;;;;0;;30.1;22.1
BLA;26.01.2011 00:00;-6.3;-2.5;-9;;;;68.3;2.5;;;;;;;;;;;;;0;;;;;;;;;;;0;;26.3;18.3
BLA;27.01.2011 00:00;-9.5;-2;-13.5;;;;67.7;2.1;;;;;;;;;;;;;0;;;;;;;;;;;0;;29.5;21.5
BLA;28.01.2011 00:00;-8.7;-3.5;-13.5;;;;66.2;2.1;;;;;;;;;;;;;0;;;;;;;;;;;0;;28.7;20.7
BLA;29.01.2011 00:00;-8.4;-2;-12.5;;;;66.4;2.2;;;;;;;;;;;;;0;;;;;;;;;;;0;;28.4;20.4
BLA;30.01.2011 00:00;-5.9;-2;-12;;;;71.5;2.9;;;;;;;;;;;;;0;;;;;;;;;;;0;;25.9;17.9
BLA;31.01.2011 00:00;-5.1;1.5;-9.5;;;;71.7;3;;;;;;;;;;;;;0;;;;;;;;;;;0;;25.1;17.1
BLA;01.02.2011 00:00;-7.5;1;-12;;;;61.3;2.2;;;;;;;;;;;;;0;;;;;;;;;;;0;;27.5;19.5
BLA;02.02.2011 00:00;-7.8;0;-13;;;;63.1;2.2;;;;;;;;;;;;;0;;;;;;;;;;;0;;27.8;19.8
BLA;03.02.2011 00:00;-5.3;2;-11;;;;64.5;2.8;;;;;;;;;;;;;0;;;;;;;;;;;0;;25.3;17.3
BLA;04.02.2011 00:00;-4.8;1;-11;;;;69.7;3;;;;;;;;;;;;;0;;;;;;;;;;;0;;24.8;16.8
BLA;05.02.2011 00:00;-1.2;6;-7.5;;;;61.9;3.5;;;;;;;;;;;;;0;;;;;;;;;;;0;;21.2;13.2
BLA;06.02.2011 00:00;-1.9;5;-8;;;;57.5;3.2;;;;;;;;;;;;;0;;;;;;;;;;;0;;21.9;13.9
BLA;07.02.2011 00:00;-1;6.5;-7;;;;58;3.3;;;;;;;;;;;;;0;;;;;;;;;;;0;;21;13
BLA;08.02.2011 00:00;-2.4;5.5;-8;;;;60.2;3.2;;;;;;;;;;;;;0;;;;;;;;;;;0;;22.4;14.4
BLA;09.02.2011 00:00;-1.9;6.5;-8;;;;63.8;3.3;;;;;;;;;;;;;0;;;;;;;;;;;0;;21.9;13.9
BLA;10.02.2011 00:00;-3;4;-9;;;;60;3;;;;;;;;;;;;;0;;;;;;;;;;;0;;23;15
BLA;11.02.2011 00:00;-0.5;7.5;-7;;;;73.2;4.3;;;;;;;;;;;;;0;;;;;;;;;;;0;;20.5;12.5
BLA;12.02.2011 00:00;-1.7;7;-7.5;;;;71.4;3.9;;;;;;;;;;;;;0;;;;;;;;;;;0;;21.7;13.7
BLA;13.02.2011 00:00;-2.5;4.5;-7.5;;;;71.9;3.7;;;;;;;;;;;;;0;;;;;;;;;;;0;;22.5;14.5
BLA;14.02.2011 00:00;-2.7;4;-8.5;;;;69.8;3.4;;;;;;;;;;;;;0;;;;;;;;;;;0;;22.7;14.7
BLA;15.02.2011 00:00;-1.3;4.5;-7;;;;81.4;4.5;;;;;;;;;;;;;0.4;;;;;;;;;;;0;;21.3;13.3
BLA;16.02.2011 00:00;-1.8;3;-6.5;;;;74.9;4;;;;;;;;;;;;;0;;;;;;;;;;;0;;21.8;13.8
BLA;17.02.2011 00:00;-3.6;4.5;-9;;;;68;3.3;;;;;;;;;;;;;0;;;;;;;;;;;0;;23.6;15.6
BLA;18.02.2011 00:00;-3.5;4.5;-10;;;;61.4;2.9;;;;;;;;;;;;;0;;;;;;;;;;;0;;23.5;15.5
BLA;19.02.2011 00:00;-3.3;4;-11.5;;;;57.2;2.8;;;;;;;;;;;;;0;;;;;;;;;;;0;;23.3;15.3
BLA;20.02.2011 00:00;-1.8;-0.5;-3.5;;;;88.6;4.8;;;;;;;;;;;;;3.9;;;;;;;;;;;0;;21.8;13.8
BLA;21.02.2011 00:00;-2.8;1.5;-6;;;;69.5;3.5;;;;;;;;;;;;;0;;;;;;;;;;;0;;22.8;14.8
BLA;22.02.2011 00:00;-4.6;2.5;-12;;;;51.8;2.3;;;;;;;;;;;;;0;;;;;;;;;;;0;;24.6;16.6
BLA;23.02.2011 00:00;-3.8;1;-12;;;;33.5;1.6;;;;;;;;;;;;;0.3;;;;;;;;;;;0;;23.8;15.8
BLA;24.02.2011 00:00;-4.6;0;-6.5;;;;89.5;4;;;;;;;;;;;;;8.2;;;;;;;;;;;0;;24.6;16.6
BLA;25.02.2011 00:00;-3.2;0;-8.5;;;;92.9;4.7;;;;;;;;;;;;;0;;;;;;;;;;;0;;23.2;15.2
BLA;26.02.2011 00:00;-1.1;1;-4;;;;80.8;4.6;;;;;;;;;;;;;1.6;;;;;;;;;;;0;;21.1;13.1
BLA;27.02.2011 00:00;-1.3;3;-4;;;;77.7;4.2;;;;;;;;;;;;;0.6;;;;;;;;;;;0;;21.3;13.3
BLA;28.02.2011 00:00;-1.9;3;-5;;;;78.2;4;;;;;;;;;;;;;0.2;;;;;;;;;;;0;;21.9;13.9
BLA;01.03.2011 00:00;-1.5;6.5;-6.5;;;;67.2;3.5;;;;;;;;;;;;;0;;;;;;;;;;;0;;21.5;13.5
BLA;02.03.2011 00:00;-4.8;4.5;-11;;;;63.4;2.6;;;;;;;;;;;;;0;;;;;;;;;;;0;;24.8;16.8
BLA;03.03.2011 00:00;-4.6;3.5;-12;;;;69.4;2.9;;;;;;;;;;;;;0.1;;;;;;;;;;;0;;24.6;16.6
BLA;04.03.2011 00:00;-0.7;7.5;-6;;;;63;3.2;;;;;;;;;;;;;0;;;;;;;;;;;0;;20.7;12.7
BLA;05.03.2011 00:00;-3.1;6;-10.5;;;;55.6;2.5;;;;;;;;;;;;;0;;;;;;;;;;;0;;23.1;15.1
BLA;06.03.2011 00:00;-2.8;8;-10;;;;66.6;3.2;;;;;;;;;;;;;0;;;;;;;;;;;0;;22.8;14.8
BLA;07.03.2011 00:00;-2.2;7.5;-9.5;;;;66.8;3.3;;;;;;;;;;;;;0;;;;;;;;;;;0;;22.2;14.2
BLA;08.03.2011 00:00;-2.5;7;-9;;;;66.4;3.2;;;;;;;;;;;;;0;;;;;;;;;;;0;;22.5;14.5
BLA;09.03.2011 00:00;-1.9;8.1;-10;;;;65;3.4;;;;;;;;;;;;;0;;;;;;;;;;;0;;21.9;13.9
BLA;10.03.2011 00:00;0.5;8;-7;;;;65;3.9;;;;;;;;;;;;;0;;;;;;;;;;;0;;19.5;11.5
BLA;11.03.2011 00:00;0.4;9.5;-7.5;;;;60.2;3.4;;;;;;;;;;;;;0;;;;;;;;;;;0;;19.6;11.6
BLA;12.03.2011 00:00;0.2;7.3;-6;;;;69.2;4.3;;;;;;;;;;;;;0;;;;;;;;;;;0;;19.8;11.8
BLA;13.03.2011 00:00;2;7.3;-2;;;;64.8;4.3;;;;;;;;;;;;;0;;;;;;;;;;;0;;18;10
BLA;14.03.2011 00:00;2;9.8;-6;;;;72;4.8;;;;;;;;;;;;;0;;;;;;;;;;;0;;18;10
BLA;15.03.2011 00:00;3.1;11.4;-2.5;;;;69.8;4.9;;;;;;;;;;;;;0.7;;;;;;;;;;;0;;16.9;8.9
BLA;16.03.2011 00:00;2.6;6.5;-5.5;;;;86.6;6.6;;;;;;;;;;;;;9.1;;;;;;;;;;;0;;17.4;9.4
BLA;17.03.2011 00:00;2.2;5;0.6;;;;91.6;6.5;;;;;;;;;;;;;4.5;;;;;;;;;;;0;;17.8;9.8
BLA;18.03.2011 00:00;3;8;-1.5;;;;59.4;4.3;;;;;;;;;;;;;2.4;;;;;;;;;;;0;;17;9
BLA;19.03.2011 00:00;1.3;4;-0.5;;;;83.2;5.6;;;;;;;;;;;;;6.3;;;;;;;;;;;0;;18.7;10.7
BLA;20.03.2011 00:00;-1.7;10;-8;;;;63.8;3.1;;;;;;;;;;;;;0;;;;;;;;;;;0;;21.7;13.7
BLA;21.03.2011 00:00;-0.8;9;-7.5;;;;56.4;2.8;;;;;;;;;;;;;0;;;;;;;;;;;0;;20.8;12.8
BLA;22.03.2011 00:00;1.2;11.5;-6.5;;;;58.2;3.5;;;;;;;;;;;;;0;;;;;;;;;;;0;;18.8;10.8
BLA;23.03.2011 00:00;2.4;17.5;-3.8;;;;65.6;4.5;;;;;;;;;;;;;0;;;;;;;;;;;0;;17.6;9.6
BLA;24.03.2011 00:00;4.2;16;-2;;;;53;3.8;;;;;;;;;;;;;0;;;;;;;;;;;0;;15.8;7.8
BLA;25.03.2011 00:00;4.6;11.5;-2.5;;;;52.4;3.8;;;;;;;;;;;;;0;;;;;;;;;;;0;;15.4;7.4
BLA;26.03.2011 00:00;3;9.2;-2;;;;71;5.1;;;;;;;;;;;;;0;;;;;;;;;;;0;;17;9
BLA;27.03.2011 00:00;3.3;9.5;-7;;;;75.8;5.5;;;;;;;;;;;;;0.2;;;;;;;;;;;0;;16.7;8.7
BLA;28.03.2011 00:00;3.5;7.5;1.5;;;;78;5.9;;;;;;;;;;;;;0;;;;;;;;;;;0;;16.5;8.5
BLA;29.03.2011 00:00;3.6;9;-3;;;;54.8;3.9;;;;;;;;;;;;;0;;;;;;;;;;;0;;16.4;8.4
BLA;30.03.2011 00:00;2.8;8;-1.5;;;;77.4;6;;;;;;;;;;;;;0;;;;;;;;;;;0;;17.2;9.2
BLA;31.03.2011 00:00;3.7;9;0.4;;;;81.8;5.8;;;;;;;;;;;;;6.6;;;;;;;;;;;0;;16.3;8.3
BLA;01.04.2011 00:00;5;14;-1;;;;65.7;5;;;;;;;;;;;;;0;;;;;;;;;;;0;;15;7
BLA;02.04.2011 00:00;6.6;16;-0.5;;;;51.1;4.1;;;;;;;;;;;;;0;;;;;;;;;;;0;;13.4;5.4
BLA;03.04.2011 00:00;7.7;17.1;0.4;;;;58.1;5;;;;;;;;;;;;;0.5;;;;;;;;;;;0;;12.3;4.3
BLA;04.04.2011 00:00;3.4;8;-7;;;;71.8;6.3;;;;;;;;;;;;;1.4;;;;;;;;;;;0;;16.6;8.6
BLA;05.04.2011 00:00;4.2;14;-3.5;;;;56.1;4.3;;;;;;;;;;;;;0;;;;;;;;;;;0;;15.8;7.8
BLA;06.04.2011 00:00;8.6;18;0;;;;52;5.3;;;;;;;;;;;;;0;;;;;;;;;;;0;;11.4;3.4
BLA;07.04.2011 00:00;11.3;21.5;3;;;;53.1;5.7;;;;;;;;;;;;;0;;;;;;;;;;;0;;8.7;0.7
BLA;08.04.2011 00:00;10.5;19;3.5;;;;49;5.5;;;;;;;;;;;;;0;;;;;;;;;;;0;;9.5;1.5
BLA;09.04.2011 00:00;10.7;20.5;1.5;;;;47.4;4.9;;;;;;;;;;;;;0;;;;;;;;;;;0;;9.3;1.3
BLA;10.04.2011 00:00;9.8;19;1.5;;;;51.2;5.1;;;;;;;;;;;;;0;;;;;;;;;;;0;;10.2;2.2
BLA;11.04.2011 00:00;9.4;17.5;0.5;;;;53.4;5.5;;;;;;;;;;;;;0.1;;;;;;;;;;;0;;10.6;2.6
BLA;12.04.2011 00:00;6.2;10.5;4;;;;70.9;6.5;;;;;;;;;;;;;4.3;;;;;;;;;;;0;;13.8;5.8
BLA;13.04.2011 00:00;-0.3;8;-8;;;;53.2;2.5;;;;;;;;;;;;;0;;;;;;;;;;;0;;20.3;12.3
BLA;14.04.2011 00:00;2.1;5;-2;;;;55.7;4;;;;;;;;;;;;;0;;;;;;;;;;;0;;17.9;9.9
BLA;15.04.2011 00:00;2.1;10;-5;;;;58.9;4;;;;;;;;;;;;;0;;;;;;;;;;;0;;17.9;9.9
BLA;16.04.2011 00:00;3.5;11;-3.5;;;;62.1;4.3;;;;;;;;;;;;;0;;;;;;;;;;;0;;16.5;8.5
BLA;17.04.2011 00:00;4.9;13.5;-3;;;;60;4.5;;;;;;;;;;;;;0;;;;;;;;;;;0;;15.1;7.1
BLA;18.04.2011 00:00;6.4;15;-1.5;;;;60.7;5.1;;;;;;;;;;;;;0;;;;;;;;;;;0;;13.6;5.6
BLA;19.04.2011 00:00;6.6;16;-0.5;;;;62.3;5.3;;;;;;;;;;;;;0;;;;;;;;;;;0;;13.4;5.4
BLA;20.04.2011 00:00;6.7;15;-1;;;;55.2;5.1;;;;;;;;;;;;;0;;;;;;;;;;;0;;13.3;5.3
BLA;21.04.2011 00:00;6.3;15;-1;;;;59;4.8;;;;;;;;;;;;;0;;;;;;;;;;;0;;13.7;5.7
BLA;22.04.2011 00:00;6.5;15;-1.5;;;;55.6;4.7;;;;;;;;;;;;;0;;;;;;;;;;;0;;13.5;5.5
BLA;23.04.2011 00:00;8.5;14.5;2;;;;57.8;6.1;;;;;;;;;;;;;0;;;;;;;;;;;0;;11.5;3.5
BLA;24.04.2011 00:00;7.6;16;1.5;;;;84.2;7.8;;;;;;;;;;;;;0.2;;;;;;;;;;;0;;12.4;4.4
BLA;25.04.2011 00:00;9.4;17;1.5;;;;63.6;6.6;;;;;;;;;;;;;0;;;;;;;;;;;0;;10.6;2.6
BLA;26.04.2011 00:00;7.8;16;0.5;;;;57;4.9;;;;;;;;;;;;;0;;;;;;;;;;;0;;12.2;4.2
BLA;27.04.2011 00:00;5.3;14;-1.5;;;;65.6;5.2;;;;;;;;;;;;;0;;;;;;;;;;;0;;14.7;6.7
BLA;28.04.2011 00:00;4.8;11.5;0;;;;81.7;7;;;;;;;;;;;;;0;;;;;;;;;;;0;;15.2;7.2
BLA;29.04.2011 00:00;6.5;12;1.5;;;;68.9;5.8;;;;;;;;;;;;;0.1;;;;;;;;;;;0;;13.5;5.5
BLA;30.04.2011 00:00;6.9;14.5;-1;;;;65.5;5.8;;;;;;;;;;;;;0;;;;;;;;;;;0;;13.1;5.1
BLA;01.05.2011 00:00;7.8;14.5;0.5;;;;61.1;6.5;;;;;;;;;;;;;0;;;;;;;;;;;0;;12.2;4.2
BLA;02.05.2011 00:00;6.7;15.5;0;;;;78.3;6.8;;;;;;;;;;;;;2.2;;;;;;;;;;;0;;13.3;5.3
BLA;03.05.2011 00:00;6.1;10.5;2.5;;;;68.3;6.6;;;;;;;;;;;;;2.2;;;;;;;;;;;0;;13.9;5.9
BLA;04.05.2011 00:00;3.7;12.5;-3.5;;;;51.4;3.5;;;;;;;;;;;;;0;;;;;;;;;;;0;;16.3;8.3
BLA;05.05.2011 00:00;4.9;16;-4.5;;;;51.6;3.6;;;;;;;;;;;;;0;;;;;;;;;;;0;;15.1;7.1
BLA;06.05.2011 00:00;7.8;17;-1;;;;58.5;5.7;;;;;;;;;;;;;0;;;;;;;;;;;0;;12.2;4.2
BLA;07.05.2011 00:00;11.4;20;3.8;;;;56.7;6.6;;;;;;;;;;;;;0;;;;;;;;;;;0;;8.6;0.6
BLA;08.05.2011 00:00;12.7;19.5;4;;;;53.8;7.4;;;;;;;;;;;;;0.1;;;;;;;;;;;0;;0;0
BLA;09.05.2011 00:00;11.5;21;2.5;;;;57.8;6.6;;;;;;;;;;;;;0;;;;;;;;;;;0;;8.5;0.5
BLA;10.05.2011 00:00;11.9;19.5;3;;;;53.6;7.3;;;;;;;;;;;;;0;;;;;;;;;;;0;;8.1;0.1
BLA;11.05.2011 00:00;9.6;18.5;4;;;;80;8.5;;;;;;;;;;;;;1.4;;;;;;;;;;;0;;10.4;2.4
BLA;12.05.2011 00:00;9.5;15.5;4;;;;84.9;9.5;;;;;;;;;;;;;6.5;;;;;;;;;;;0;;10.5;2.5
BLA;13.05.2011 00:00;9.9;20;1;;;;63.8;6.6;;;;;;;;;;;;;2.1;;;;;;;;;;;0;;10.1;2.1
BLA;14.05.2011 00:00;8.9;15;4.5;;;;85.4;8.9;;;;;;;;;;;;;6;;;;;;;;;;;0;;11.1;3.1
BLA;15.05.2011 00:00;2.5;7.5;0.5;;;;73.6;4.9;;;;;;;;;;;;;5.7;;;;;;;;;;;0;;17.5;9.5
BLA;16.05.2011 00:00;4.5;13;-2;;;;65.3;5.1;;;;;;;;;;;;;0;;;;;;;;;;;0;;15.5;7.5
BLA;17.05.2011 00:00;7.8;15.5;-1;;;;60.1;5.8;;;;;;;;;;;;;0;;;;;;;;;;;0;;12.2;4.2
BLA;18.05.2011 00:00;8.6;15;1;;;;64.5;6.6;;;;;;;;;;;;;0;;;;;;;;;;;0;;11.4;3.4
BLA;19.05.2011 00:00;10.9;18.5;2;;;;52.5;6.3;;;;;;;;;;;;;0;;;;;;;;;;;0;;9.1;1.1
BLA;20.05.2011 00:00;9.7;20;1;;;;69.9;7.6;;;;;;;;;;;;;0.4;;;;;;;;;;;0;;10.3;2.3
BLA;21.05.2011 00:00;10.7;18.5;3;;;;72.7;8.4;;;;;;;;;;;;;0.2;;;;;;;;;;;0;;9.3;1.3
BLA;22.05.2011 00:00;11;17.5;6;;;;77.8;9.9;;;;;;;;;;;;;4.2;;;;;;;;;;;0;;9;1
BLA;23.05.2011 00:00;11.9;21.5;2;;;;61.6;7.5;;;;;;;;;;;;;0;;;;;;;;;;;0;;8.1;0.1
BLA;24.05.2011 00:00;14.6;21;9;;;;57.4;8.4;;;;;;;;;;;;;0;;;;;;;;;;;0;;0;0
BLA;25.05.2011 00:00;14.5;23.5;3.5;;;;54.3;8.1;;;;;;;;;;;;;0;;;;;;;;;;;0;;0;0
BLA;26.05.2011 00:00;14.7;22.5;8.2;;;;65.6;10;;;;;;;;;;;;;0.2;;;;;;;;;;;0;;0;0
BLA;27.05.2011 00:00;8.2;9.8;6.8;;;;71.4;8.5;;;;;;;;;;;;;4.3;;;;;;;;;;;0;;11.8;3.8
BLA;28.05.2011 00:00;8.2;17;-1;;;;54.2;5.5;;;;;;;;;;;;;0;;;;;;;;;;;0;;11.8;3.8
BLA;29.05.2011 00:00;11.9;21.5;0.5;;;;56.7;7.1;;;;;;;;;;;;;0;;;;;;;;;;;0;;8.1;0.1
BLA;30.05.2011 00:00;13;22;4.5;;;;63.4;8.4;;;;;;;;;;;;;0;;;;;;;;;;;0;;0;0
BLA;31.05.2011 00:00;9.1;13.5;6.5;;;;88.1;10.5;;;;;;;;;;;;;30.2;;;;;;;;;;;0;;10.9;2.9
BLA;01.06.2011 00:00;3.6;10.5;0.5;;;;92.2;7.3;;;;;;;;;;;;;16.5;;;;;;;;;;;0;;16.4;8.4
BLA;02.06.2011 00:00;10.9;19;4;;;;71.7;9.2;;;;;;;;;;;;;0;;;;;;;;;;;0;;9.1;1.1
BLA;03.06.2011 00:00;12;19.5;6;;;;67.4;8.7;;;;;;;;;;;;;2.2;;;;;;;;;;;0;;8;0
BLA;04.06.2011 00:00;12.1;16.5;8.5;;;;70.6;9.9;;;;;;;;;;;;;0.2;;;;;;;;;;;0;;0;0
BLA;05.06.2011 00:00;10.7;17.5;4.5;;;;68;9.3;;;;;;;;;;;;;2.7;;;;;;;;;;;0;;9.3;1.3
BLA;06.06.2011 00:00;11.1;14.5;7;;;;70.3;8.6;;;;;;;;;;;;;0.6;;;;;;;;;;;0;;8.9;0.9
BLA;07.06.2011 00:00;10.2;16;5;;;;79.3;9.1;;;;;;;;;;;;;1.7;;;;;;;;;;;0;;9.8;1.8
BLA;08.06.2011 00:00;9.2;14;7.5;;;;88.9;10.6;;;;;;;;;;;;;7.2;;;;;;;;;;;0;;10.8;2.8
BLA;09.06.2011 00:00;6.3;10;4.5;;;;82.1;7.7;;;;;;;;;;;;;0.4;;;;;;;;;;;0;;13.7;5.7
BLA;10.06.2011 00:00;9.2;14.5;3;;;;62;6.7;;;;;;;;;;;;;0;;;;;;;;;;;0;;10.8;2.8
BLA;11.06.2011 00:00;9.6;14.5;6.5;;;;67.4;7.7;;;;;;;;;;;;;0;;;;;;;;;;;0;;10.4;2.4
BLA;12.06.2011 00:00;11.4;17.2;2.5;;;;54.3;7.4;;;;;;;;;;;;;2.2;;;;;;;;;;;0;;8.6;0.6
BLA;13.06.2011 00:00;10.6;14;8;;;;67.7;8.4;;;;;;;;;;;;;0.4;;;;;;;;;;;0;;9.4;1.4
BLA;14.06.2011 00:00;13.6;18.5;7;;;;52.7;7.9;;;;;;;;;;;;;0;;;;;;;;;;;0;;0;0
BLA;15.06.2011 00:00;14.9;22;4.5;;;;52.2;8.7;;;;;;;;;;;;;0;;;;;;;;;;;0;;0;0
BLA;16.06.2011 00:00;14.4;21.5;9.5;;;;73;10.5;;;;;;;;;;;;;3.2;;;;;;;;;;;0;;0;0
BLA;17.06.2011 00:00;13.9;21;8;;;;79.1;11.4;;;;;;;;;;;;;16.1;;;;;;;;;;;0;;0;0
BLA;18.06.2011 00:00;9.7;13.5;9;;;;83.6;10.2;;;;;;;;;;;;;11.1;;;;;;;;;;;0;;10.3;2.3
BLA;19.06.2011 00:00;9.1;14.5;3.5;;;;50;5.5;;;;;;;;;;;;;0;;;;;;;;;;;0;;10.9;2.9
BLA;20.06.2011 00:00;12.2;19.5;4;;;;61.2;8.5;;;;;;;;;;;;;0;;;;;;;;;;;0;;0;0
BLA;21.06.2011 00:00;15.6;22.5;5.5;;;;50.2;8.8;;;;;;;;;;;;;0;;;;;;;;;;;0;;0;0
BLA;22.06.2011 00:00;13.6;21.5;8.5;;;;82.2;11.9;;;;;;;;;;;;;18.1;;;;;;;;;;;0;;0;0
BLA;23.06.2011 00:00;10.8;17.5;7.2;;;;76.1;8.8;;;;;;;;;;;;;0.9;;;;;;;;;;;0;;9.2;1.2
BLA;24.06.2011 00:00;10.1;17.5;2;;;;56.5;6.4;;;;;;;;;;;;;0;;;;;;;;;;;0;;9.9;1.9
BLA;25.06.2011 00:00;10.9;19.5;1;;;;62.2;8.5;;;;;;;;;;;;;0;;;;;;;;;;;0;;9.1;1.1
BLA;26.06.2011 00:00;14.4;21.5;4;;;;56.2;8.9;;;;;;;;;;;;;0;;;;;;;;;;;0;;0;0
BLA;27.06.2011 00:00;17.8;27;6.5;;;;54.1;10.6;;;;;;;;;;;;;0;;;;;;;;;;;0;;0;0
BLA;28.06.2011 00:00;18.2;27;8;;;;52.4;9.9;;;;;;;;;;;;;0;;;;;;;;;;;0;;0;0
BLA;29.06.2011 00:00;15.8;23.5;11.5;;;;81;12.9;;;;;;;;;;;;;18.3;;;;;;;;;;;0;;0;0
BLA;30.06.2011 00:00;13.6;19;9.5;;;;58.1;8.1;;;;;;;;;;;;;0;;;;;;;;;;;0;;0;0
BLA;01.07.2011 00:00;9.6;16.1;1.5;;;;58.3;6.5;;;;;;;;;;;;;0;;;;;;;;;;;0;;10.4;2.4
BLA;02.07.2011 00:00;9.1;16.5;3;;;;51.3;5.2;;;;;;;;;;;;;0;;;;;;;;;;;0;;10.9;2.9
BLA;03.07.2011 00:00;11.5;21.4;0;;;;48.4;6.5;;;;;;;;;;;;;0;;;;;;;;;;;0;;8.5;0.5
BLA;04.07.2011 00:00;13.7;23;2.6;;;;52.9;7.9;;;;;;;;;;;;;0;;;;;;;;;;;0;;0;0
BLA;05.07.2011 00:00;14.4;22;5.2;;;;60.6;9.1;;;;;;;;;;;;;0;;;;;;;;;;;0;;0;0
BLA;06.07.2011 00:00;15.9;22.2;5.7;;;;46.5;8.5;;;;;;;;;;;;;0;;;;;;;;;;;0;;0;0
BLA;07.07.2011 00:00;15.9;23.5;11.2;;;;73.4;11.6;;;;;;;;;;;;;10.6;;;;;;;;;;;0;;0;0
BLA;08.07.2011 00:00;13.2;20;7.5;;;;73.5;10.6;;;;;;;;;;;;;0.4;;;;;;;;;;;0;;0;0
BLA;09.07.2011 00:00;15;22.5;10;;;;77.1;12;;;;;;;;;;;;;8.9;;;;;;;;;;;0;;0;0
BLA;10.07.2011 00:00;13.9;22;7;;;;80.6;12.8;;;;;;;;;;;;;0;;;;;;;;;;;0;;0;0
BLA;11.07.2011 00:00;16.1;25;9;;;;67;11.8;;;;;;;;;;;;;0;;;;;;;;;;;0;;0;0
BLA;12.07.2011 00:00;17.6;27;7.9;;;;61.3;11.5;;;;;;;;;;;;;4.6;;;;;;;;;;;0;;0;0
BLA;13.07.2011 00:00;11.5;16.5;8;;;;90.3;13;;;;;;;;;;;;;26.4;;;;;;;;;;;0;;8.5;0.5
BLA;14.07.2011 00:00;10.5;14.5;7.5;;;;79.2;10.2;;;;;;;;;;;;;0;;;;;;;;;;;0;;9.5;1.5
BLA;15.07.2011 00:00;11.2;18.5;7;;;;63.8;8.1;;;;;;;;;;;;;0;;;;;;;;;;;0;;8.8;0.8
BLA;16.07.2011 00:00;12.7;21;3.2;;;;58.1;8.2;;;;;;;;;;;;;0.1;;;;;;;;;;;0;;0;0
BLA;17.07.2011 00:00;10.6;15;9;;;;84.9;11.2;;;;;;;;;;;;;17.8;;;;;;;;;;;0;;9.4;1.4
BLA;18.07.2011 00:00;8.9;17;2;;;;64.9;7;;;;;;;;;;;;;0;;;;;;;;;;;0;;11.1;3.1
BLA;19.07.2011 00:00;7.9;14;3.5;;;;84.4;9.4;;;;;;;;;;;;;14;;;;;;;;;;;0;;12.1;4.1
BLA;20.07.2011 00:00;7.7;13.5;5;;;;75.3;8;;;;;;;;;;;;;4.9;;;;;;;;;;;0;;12.3;4.3
BLA;21.07.2011 00:00;8.4;15;2;;;;75;8.8;;;;;;;;;;;;;4.9;;;;;;;;;;;0;;11.6;3.6
BLA;22.07.2011 00:00;11.9;17.5;5;;;;52;6.9;;;;;;;;;;;;;0;;;;;;;;;;;0;;8.1;0.1
BLA;23.07.2011 00:00;10.2;14.5;7.5;;;;67.7;7.9;;;;;;;;;;;;;5.5;;;;;;;;;;;0;;9.8;1.8
BLA;24.07.2011 00:00;6.9;12.5;3.5;;;;63;5.7;;;;;;;;;;;;;0;;;;;;;;;;;0;;13.1;5.1
BLA;25.07.2011 00:00;8;14.5;0.8;;;;58.5;6.3;;;;;;;;;;;;;0;;;;;;;;;;;0;;12;4
BLA;26.07.2011 00:00;9.2;15.5;2;;;;76.7;8.9;;;;;;;;;;;;;0.7;;;;;;;;;;;0;;10.8;2.8
BLA;27.07.2011 00:00;10.7;15.5;7.8;;;;84.8;10.6;;;;;;;;;;;;;6.4;;;;;;;;;;;0;;9.3;1.3
BLA;28.07.2011 00:00;10.4;15;7.3;;;;83.6;10.8;;;;;;;;;;;;;1.3;;;;;;;;;;;0;;9.6;1.6
BLA;29.07.2011 00:00;12.4;19;7.9;;;;66.7;9;;;;;;;;;;;;;0;;;;;;;;;;;0;;0;0
BLA;30.07.2011 00:00;11.5;20;4.1;;;;66.6;8.8;;;;;;;;;;;;;0;;;;;;;;;;;0;;8.5;0.5
BLA;31.07.2011 00:00;12;20.5;3;;;;64;8.4;;;;;;;;;;;;;0;;;;;;;;;;;0;;8;0
BLA;01.08.2011 00:00;13.5;22.5;4.5;;;;62.4;8.9;;;;;;;;;;;;;0;;;;;;;;;;;0;;0;0
BLA;02.08.2011 00:00;16;25.5;7.2;;;;60;9.9;;;;;;;;;;;;;0;;;;;;;;;;;0;;0;0
BLA;03.08.2011 00:00;13.2;20;9;;;;85.4;13.5;;;;;;;;;;;;;7.3;;;;;;;;;;;0;;0;0
BLA;04.08.2011 00:00;15.1;22;9;;;;65.4;11;;;;;;;;;;;;;0;;;;;;;;;;;0;;0;0
BLA;05.08.2011 00:00;15.7;22;9.5;;;;67.6;11.6;;;;;;;;;;;;;1.7;;;;;;;;;;;0;;0;0
BLA;06.08.2011 00:00;13.8;21.5;8;;;;81.8;12.7;;;;;;;;;;;;;2.7;;;;;;;;;;;0;;0;0
BLA;07.08.2011 00:00;13.8;18;11.2;;;;82;12.2;;;;;;;;;;;;;4.8;;;;;;;;;;;0;;0;0
BLA;08.08.2011 00:00;11;16.5;5;;;;59.2;7.3;;;;;;;;;;;;;0.4;;;;;;;;;;;0;;9;1
BLA;09.08.2011 00:00;8.9;14.5;4.5;;;;64.2;6.9;;;;;;;;;;;;;0;;;;;;;;;;;0;;11.1;3.1
BLA;10.08.2011 00:00;8.5;18.5;1;;;;68.2;7.3;;;;;;;;;;;;;0;;;;;;;;;;;0;;11.5;3.5
BLA;11.08.2011 00:00;11.6;22;2;;;;60.6;7.6;;;;;;;;;;;;;0;;;;;;;;;;;0;;8.4;0.4
BLA;12.08.2011 00:00;13.6;21.2;6.5;;;;64.4;9.2;;;;;;;;;;;;;0.1;;;;;;;;;;;0;;0;0
BLA;13.08.2011 00:00;13.4;22.5;6.3;;;;66;9.4;;;;;;;;;;;;;0;;;;;;;;;;;0;;0;0
BLA;14.08.2011 00:00;12.5;21;7;;;;81.2;12.4;;;;;;;;;;;;;6.2;;;;;;;;;;;0;;0;0
BLA;15.08.2011 00:00;13.7;20;11.2;;;;80.4;12.1;;;;;;;;;;;;;2.9;;;;;;;;;;;0;;0;0
BLA;16.08.2011 00:00;13;23.5;5.7;;;;68;9.4;;;;;;;;;;;;;0;;;;;;;;;;;0;;0;0
BLA;17.08.2011 00:00;15.6;25.5;5;;;;58.4;9.1;;;;;;;;;;;;;0;;;;;;;;;;;0;;0;0
BLA;18.08.2011 00:00;15.8;26.5;8.5;;;;72.4;12;;;;;;;;;;;;;0.7;;;;;;;;;;;0;;0;0
BLA;19.08.2011 00:00;14.8;23.5;10;;;;77.4;13.1;;;;;;;;;;;;;0.3;;;;;;;;;;;0;;0;0
BLA;20.08.2011 00:00;17.7;26.5;10;;;;58.4;10.3;;;;;;;;;;;;;0;;;;;;;;;;;0;;0;0
BLA;21.08.2011 00:00;17.6;29;7.5;;;;61.2;11.9;;;;;;;;;;;;;0;;;;;;;;;;;0;;0;0
BLA;22.08.2011 00:00;18.5;28.5;9.4;;;;58;10.6;;;;;;;;;;;;;0;;;;;;;;;;;0.2;;0;0
BLA;23.08.2011 00:00;16;27;8;;;;74;12.2;;;;;;;;;;;;;3.4;;;;;;;;;;;0;;0;0
BLA;24.08.2011 00:00;15.6;26;8.5;;;;75;11.7;;;;;;;;;;;;;3.3;;;;;;;;;;;0;;0;0
BLA;25.08.2011 00:00;16;24;9;;;;63.4;10.6;;;;;;;;;;;;;2.4;;;;;;;;;;;0;;0;0
BLA;26.08.2011 00:00;16.3;22;10.2;;;;50.8;9.2;;;;;;;;;;;;;25.9;;;;;;;;;;;0;;0;0
BLA;27.08.2011 00:00;7.3;13.5;3;;;;69;6.6;;;;;;;;;;;;;0;;;;;;;;;;;0;;12.7;4.7
BLA;28.08.2011 00:00;8.3;20;0;;;;70.4;7;;;;;;;;;;;;;0;;;;;;;;;;;0;;11.7;3.7
BLA;29.08.2011 00:00;11.1;19.5;3;;;;63.8;8;;;;;;;;;;;;;0;;;;;;;;;;;0;;8.9;0.9
BLA;30.08.2011 00:00;10;20.5;2.5;;;;74.4;8.7;;;;;;;;;;;;;0;;;;;;;;;;;0;;10;2
BLA;31.08.2011 00:00;11.3;22.2;3.6;;;;65.6;7.5;;;;;;;;;;;;;0.7;;;;;;;;;;;0;;8.7;0.7
BLA;01.09.2011 00:00;13.2;20.5;8.5;;;;71;10.1;;;;;;;;;;;;;1.8;;;;;;;;;;;0;;0;0
BLA;02.09.2011 00:00;14.2;22;9;;;;71.5;10.5;;;;;;;;;;;;;0;;;;;;;;;;;0;;0;0
BLA;03.09.2011 00:00;14.4;24.5;7.5;;;;77.2;11.3;;;;;;;;;;;;;9.4;;;;;;;;;;;0;;0;0
BLA;04.09.2011 00:00;13.1;16;10.5;;;;86.6;13;;;;;;;;;;;;;11.2;;;;;;;;;;;0;;0;0
BLA;05.09.2011 00:00;11.1;15;9.5;;;;80.9;10.7;;;;;;;;;;;;;1.7;;;;;;;;;;;0;;8.9;0.9
BLA;06.09.2011 00:00;9.5;19;1;;;;58.8;6.1;;;;;;;;;;;;;0;;;;;;;;;;;0;;10.5;2.5
BLA;07.09.2011 00:00;11.6;19;5;;;;56.6;7.7;;;;;;;;;;;;;0;;;;;;;;;;;0;;8.4;0.4
BLA;08.09.2011 00:00;13.5;19.5;8.5;;;;66.9;10.1;;;;;;;;;;;;;0.6;;;;;;;;;;;0;;0;0
BLA;09.09.2011 00:00;14.1;22;10.5;;;;74.8;11.6;;;;;;;;;;;;;0;;;;;;;;;;;0;;0;0
BLA;10.09.2011 00:00;14.9;24.5;7.5;;;;64.5;10.2;;;;;;;;;;;;;0;;;;;;;;;;;0;;0;0
BLA;11.09.2011 00:00;13.7;24;7;;;;75;10.7;;;;;;;;;;;;;2.5;;;;;;;;;;;0;;0;0
BLA;12.09.2011 00:00;14.3;20;9.5;;;;78.2;12.2;;;;;;;;;;;;;0;;;;;;;;;;;0;;0;0
BLA;13.09.2011 00:00;11.9;21.5;4;;;;69.4;8.8;;;;;;;;;;;;;0;;;;;;;;;;;0;;8.1;0.1
BLA;14.09.2011 00:00;13.6;20.5;6.7;;;;72.2;11;;;;;;;;;;;;;0;;;;;;;;;;;0;;0;0
BLA;15.09.2011 00:00;11.3;23;4;;;;60.1;6.9;;;;;;;;;;;;;0;;;;;;;;;;;0;;8.7;0.7
BLA;16.09.2011 00:00;12.1;23.5;3.5;;;;61.5;8.5;;;;;;;;;;;;;0;;;;;;;;;;;0;;0;0
BLA;17.09.2011 00:00;11;15.5;7.5;;;;91.8;12.4;;;;;;;;;;;;;14.1;;;;;;;;;;;0;;9;1
BLA;18.09.2011 00:00;6.7;10;5;;;;86.5;8.7;;;;;;;;;;;;;4.5;;;;;;;;;;;0;;13.3;5.3
BLA;19.09.2011 00:00;2.6;7.5;1;;;;83.8;6.3;;;;;;;;;;;;;8.7;;;;;;;;;;;0;;17.4;9.4
BLA;20.09.2011 00:00;5.9;13.5;-0.4;;;;79;7;;;;;;;;;;;;;0;;;;;;;;;;;0;;14.1;6.1
BLA;21.09.2011 00:00;8.5;18;0.6;;;;76.3;7.6;;;;;;;;;;;;;0;;;;;;;;;;;0;;11.5;3.5
BLA;22.09.2011 00:00;7.6;17;3;;;;76.2;7.4;;;;;;;;;;;;;0;;;;;;;;;;;0;;12.4;4.4
BLA;23.09.2011 00:00;8.9;19.5;2;;;;75;7.7;;;;;;;;;;;;;0;;;;;;;;;;;0;;11.1;3.1
BLA;24.09.2011 00:00;9.7;19;3;;;;74.7;8.5;;;;;;;;;;;;;0;;;;;;;;;;;0;;10.3;2.3
BLA;25.09.2011 00:00;11.8;19.5;6;;;;79.4;10.2;;;;;;;;;;;;;0.5;;;;;;;;;;;0;;8.2;0.2
BLA;26.09.2011 00:00;9.7;19.5;4.5;;;;79.2;9.2;;;;;;;;;;;;;0;;;;;;;;;;;0;;10.3;2.3
BLA;27.09.2011 00:00;11;20.5;3.5;;;;71.9;8.6;;;;;;;;;;;;;0;;;;;;;;;;;0;;9;1
BLA;28.09.2011 00:00;11.3;20.5;3.5;;;;67.7;8.3;;;;;;;;;;;;;0;;;;;;;;;;;0;;8.7;0.7
BLA;29.09.2011 00:00;11;20;4.5;;;;72.4;8.6;;;;;;;;;;;;;0;;;;;;;;;;;0;;9;1
BLA;30.09.2011 00:00;10.5;21;3.5;;;;63;7.3;;;;;;;;;;;;;0;;;;;;;;;;;0;;9.5;1.5
BLA;01.10.2011 00:00;10.1;21.5;3.5;;;;64.9;7.3;;;;;;;;;;;;;0;;;;;;;;;;;0;;9.9;1.9
BLA;02.10.2011 00:00;11;21;3.5;;;;71.6;8.7;;;;;;;;;;;;;0;;;;;;;;;;;0;;9;1
BLA;03.10.2011 00:00;9.9;20;3.5;;;;70.7;7.9;;;;;;;;;;;;;0;;;;;;;;;;;0;;10.1;2.1
BLA;04.10.2011 00:00;8.8;19.5;1.5;;;;59.6;6.3;;;;;;;;;;;;;0;;;;;;;;;;;0;;11.2;3.2
BLA;05.10.2011 00:00;7.8;18.5;1;;;;70.8;7.2;;;;;;;;;;;;;0;;;;;;;;;;;0;;12.2;4.2
BLA;06.10.2011 00:00;8.4;19.5;0.5;;;;71.1;7.5;;;;;;;;;;;;;14.4;;;;;;;;;;;0;;11.6;3.6
BLA;07.10.2011 00:00;2.3;3.6;0.5;;;;67.8;4.8;;;;;;;;;;;;;5;;;;;;;;;;;0;;17.7;9.7
BLA;08.10.2011 00:00;-0.1;2.5;-1;;;;95;5.8;;;;;;;;;;;;;26.2;;;;;;;;;;;0;;20.1;12.1
BLA;09.10.2011 00:00;2.9;8.5;-0.4;;;;70;4.6;;;;;;;;;;;;;34.6;;;;;;;;;;;0;;17.1;9.1
BLA;10.10.2011 00:00;4.1;9;1.5;;;;94.3;7.9;;;;;;;;;;;;;30.7;;;;;;;;;;;0;;15.9;7.9
BLA;11.10.2011 00:00;6.3;18;2;;;;69.8;6.4;;;;;;;;;;;;;0;;;;;;;;;;;0;;13.7;5.7
BLA;12.10.2011 00:00;8;18.5;2;;;;48.7;4.9;;;;;;;;;;;;;0;;;;;;;;;;;0;;12;4
BLA;13.10.2011 00:00;4.4;14;-2;;;;79;6.6;;;;;;;;;;;;;0.1;;;;;;;;;;;0;;15.6;7.6
BLA;14.10.2011 00:00;4;13;-1.5;;;;72.3;5.6;;;;;;;;;;;;;0;;;;;;;;;;;0;;16;8
BLA;15.10.2011 00:00;3.2;13.5;-2.8;;;;59.7;4.2;;;;;;;;;;;;;0;;;;;;;;;;;0;;16.8;8.8
BLA;16.10.2011 00:00;4;14.5;-2;;;;64.8;4.9;;;;;;;;;;;;;0;;;;;;;;;;;0;;16;8
BLA;17.10.2011 00:00;3.6;13;-2;;;;71.9;5.3;;;;;;;;;;;;;0;;;;;;;;;;;0;;16.4;8.4
BLA;18.10.2011 00:00;3.6;14.5;-2.6;;;;66.4;5;;;;;;;;;;;;;0;;;;;;;;;;;0;;16.4;8.4
BLA;19.10.2011 00:00;4.5;9;1.5;;;;79.8;6.8;;;;;;;;;;;;;5.2;;;;;;;;;;;0;;15.5;7.5
BLA;20.10.2011 00:00;-0.7;6;-2.5;;;;72.5;4.2;;;;;;;;;;;;;0;;;;;;;;;;;0;;20.7;12.7
BLA;21.10.2011 00:00;-2.4;7.5;-7;;;;69.6;3.5;;;;;;;;;;;;;0;;;;;;;;;;;0;;22.4;14.4
BLA;22.10.2011 00:00;-1.6;9;-6.4;;;;70.8;3.7;;;;;;;;;;;;;0;;;;;;;;;;;0;;21.6;13.6
BLA;23.10.2011 00:00;-0.9;11;-5.5;;;;69.2;3.7;;;;;;;;;;;;;0;;;;;;;;;;;0;;20.9;12.9
BLA;24.10.2011 00:00;0.1;9.5;-5.5;;;;68.3;4;;;;;;;;;;;;;0;;;;;;;;;;;0;;19.9;11.9
BLA;25.10.2011 00:00;3.3;8.5;-4;;;;85.7;7.2;;;;;;;;;;;;;3.3;;;;;;;;;;;0;;16.7;8.7
BLA;26.10.2011 00:00;3.1;11;0;;;;85.7;6.4;;;;;;;;;;;;;0;;;;;;;;;;;0;;16.9;8.9
BLA;27.10.2011 00:00;2.5;12;-2.5;;;;66.5;4.6;;;;;;;;;;;;;0;;;;;;;;;;;0;;17.5;9.5
BLA;28.10.2011 00:00;4;13.5;-1.5;;;;66.7;5.1;;;;;;;;;;;;;0;;;;;;;;;;;0;;16;8
BLA;29.10.2011 00:00;4.7;14.5;-0.5;;;;72.5;5.8;;;;;;;;;;;;;0;;;;;;;;;;;0;;15.3;7.3
BLA;30.10.2011 00:00;4.2;14.5;-0.5;;;;79.2;6.3;;;;;;;;;;;;;0;;;;;;;;;;;0;;15.8;7.8
BLA;31.10.2011 00:00;3.5;15;-1;;;;74.3;5.5;;;;;;;;;;;;;0;;;;;;;;;;;0;;16.5;8.5
BLA;01.11.2011 00:00;4.5;13;0;;;;63.2;4.6;;;;;;;;;;;;;0;;;;;;;;;;;0;;15.5;7.5
BLA;02.11.2011 00:00;2.8;13.9;-2;;;;65;4.7;;;;;;;;;;;;;0;;;;;;;;;;;0;;17.2;9.2
BLA;03.11.2011 00:00;4.1;9;-1;;;;70.6;5.8;;;;;;;;;;;;;0;;;;;;;;;;;0;;15.9;7.9
BLA;04.11.2011 00:00;6.5;11.5;3;;;;76.1;7.1;;;;;;;;;;;;;10.4;;;;;;;;;;;0;;13.5;5.5
BLA;05.11.2011 00:00;6.5;9.2;5;;;;91.2;8.9;;;;;;;;;;;;;9.1;;;;;;;;;;;0;;13.5;5.5
BLA;06.11.2011 00:00;6.5;9.5;5;;;;93.3;9.1;;;;;;;;;;;;;4.4;;;;;;;;;;;0;;13.5;5.5
BLA;07.11.2011 00:00;6.3;9.5;4.5;;;;81.7;7.7;;;;;;;;;;;;;0.6;;;;;;;;;;;0;;13.7;5.7
BLA;08.11.2011 00:00;4.7;10;3;;;;68.7;5.9;;;;;;;;;;;;;0;;;;;;;;;;;0;;15.3;7.3
BLA;09.11.2011 00:00;3.2;11.5;-0.5;;;;77.6;5.8;;;;;;;;;;;;;0;;;;;;;;;;;0;;16.8;8.8
BLA;10.11.2011 00:00;1.5;11;-2;;;;77.5;5.1;;;;;;;;;;;;;0;;;;;;;;;;;0;;18.5;10.5
BLA;11.11.2011 00:00;0.5;11;-3;;;;76.2;4.6;;;;;;;;;;;;;0;;;;;;;;;;;0;;19.5;11.5
BLA;12.11.2011 00:00;0.3;9;-3.8;;;;70.8;4.3;;;;;;;;;;;;;0;;;;;;;;;;;0;;19.7;11.7
BLA;13.11.2011 00:00;0.7;10.5;-3.5;;;;53.4;3.3;;;;;;;;;;;;;0;;;;;;;;;;;0;;19.3;11.3
BLA;14.11.2011 00:00;-0.1;9.5;-4.5;;;;57.3;3.4;;;;;;;;;;;;;0;;;;;;;;;;;0;;20.1;12.1
BLA;15.11.2011 00:00;-0.9;9;-5;;;;61.8;3.6;;;;;;;;;;;;;0;;;;;;;;;;;0;;20.9;12.9
BLA;16.11.2011 00:00;-1.4;8.5;-5.5;;;;61.5;3.4;;;;;;;;;;;;;0;;;;;;;;;;;0;;21.4;13.4
BLA;17.11.2011 00:00;-2.3;8.5;-6;;;;65.3;3.4;;;;;;;;;;;;;0;;;;;;;;;;;0;;22.3;14.3
BLA;18.11.2011 00:00;-2.4;7.5;-6.5;;;;67.7;3.5;;;;;;;;;;;;;0;;;;;;;;;;;0;;22.4;14.4
BLA;19.11.2011 00:00;-1;8.5;-6;;;;62;3.7;;;;;;;;;;;;;0;;;;;;;;;;;0;;21;13
BLA;20.11.2011 00:00;0.3;9;-3;;;;69.7;4.4;;;;;;;;;;;;;0;;;;;;;;;;;0;;19.7;11.7
BLA;21.11.2011 00:00;0.1;11;-4.5;;;;71.6;4.5;;;;;;;;;;;;;0;;;;;;;;;;;0;;19.9;11.9
BLA;22.11.2011 00:00;-0.3;7.5;-4;;;;74;4.5;;;;;;;;;;;;;0;;;;;;;;;;;0;;20.3;12.3
BLA;23.11.2011 00:00;-1.6;8;-5;;;;78.9;4.4;;;;;;;;;;;;;0;;;;;;;;;;;0;;21.6;13.6
BLA;24.11.2011 00:00;-2;7.5;-5.5;;;;68.8;3.7;;;;;;;;;;;;;0;;;;;;;;;;;0;;22;14
BLA;25.11.2011 00:00;-1.7;8.5;-5.5;;;;62.3;3.4;;;;;;;;;;;;;0;;;;;;;;;;;0;;21.7;13.7
BLA;26.11.2011 00:00;-2.7;6.5;-6;;;;65.2;3.3;;;;;;;;;;;;;0;;;;;;;;;;;0;;22.7;14.7
BLA;27.11.2011 00:00;-0.9;9;-4;;;;72.7;4.3;;;;;;;;;;;;;0;;;;;;;;;;;0;;20.9;12.9
BLA;28.11.2011 00:00;-0.5;11.5;-4;;;;76.7;4.7;;;;;;;;;;;;;0;;;;;;;;;;;0;;20.5;12.5
BLA;29.11.2011 00:00;1.2;9;-2.5;;;;73.7;5;;;;;;;;;;;;;0;;;;;;;;;;;0;;18.8;10.8
BLA;30.11.2011 00:00;-0.3;7.5;-2.5;;;;75.2;4.5;;;;;;;;;;;;;0;;;;;;;;;;;0;;20.3;12.3
BLA;01.12.2011 00:00;-0.5;7.5;-4;;;;72.8;4.4;;;;;;;;;;;;;0;;;;;;;;;;;0;;20.5;12.5
BLA;02.12.2011 00:00;-2.4;7;-5;;;;74.5;3.9;;;;;;;;;;;;;1.3;;;;;;;;;;;0;;22.4;14.4
BLA;03.12.2011 00:00;0.6;3;-2;;;;93.2;6;;;;;;;;;;;;;3.7;;;;;;;;;;;0;;19.4;11.4
BLA;04.12.2011 00:00;3;7;0;;;;87.3;6.7;;;;;;;;;;;;;17.3;;;;;;;;;;;0;;17;9
BLA;05.12.2011 00:00;-0.8;2;-3;;;;85;5;;;;;;;;;;;;;1.9;;;;;;;;;;;0;;20.8;12.8
BLA;06.12.2011 00:00;-3.2;0;-4.5;;;;88.5;4.3;;;;;;;;;;;;;21.9;;;;;;;;;;;0;;23.2;15.2
BLA;07.12.2011 00:00;-0.8;0.5;-3;;;;95.6;5.6;;;;;;;;;;;;;25.1;;;;;;;;;;;0;;20.8;12.8
BLA;08.12.2011 00:00;-4.9;0.5;-8;;;;85.9;3.7;;;;;;;;;;;;;0;;;;;;;;;;;0;;24.9;16.9
BLA;09.12.2011 00:00;-2.5;2;-8;;;;81.7;4.4;;;;;;;;;;;;;0;;;;;;;;;;;0;;22.5;14.5
BLA;10.12.2011 00:00;-0.9;3.2;-6;;;;84.7;4.9;;;;;;;;;;;;;0;;;;;;;;;;;0;;20.9;12.9
BLA;11.12.2011 00:00;-6.3;-2;-8;;;;86.5;3.4;;;;;;;;;;;;;0;;;;;;;;;;;0;;26.3;18.3
BLA;12.12.2011 00:00;-3.3;1;-7;;;;84.5;4.3;;;;;;;;;;;;;2.4;;;;;;;;;;;0;;23.3;15.3
BLA;13.12.2011 00:00;-3.5;0;-12.5;;;;77.5;3.8;;;;;;;;;;;;;11.2;;;;;;;;;;;0;;23.5;15.5
BLA;14.12.2011 00:00;-0.2;0;-0.5;;;;93.4;5.6;;;;;;;;;;;;;16.6;;;;;;;;;;;0;;20.2;12.2
BLA;15.12.2011 00:00;-3;-0.5;-6.5;;;;87.8;4.4;;;;;;;;;;;;;29.8;;;;;;;;;;;0;;23;15
BLA;16.12.2011 00:00;-2;1;-3.5;;;;93.1;5;;;;;;;;;;;;;38.2;;;;;;;;;;;0;;22;14
BLA;17.12.2011 00:00;-3.1;-4;-7;;;;80.8;4.2;;;;;;;;;;;;;7.9;;;;;;;;;;;0;;23.1;15.1
BLA;18.12.2011 00:00;-7.2;-4;-12.5;;;;86.9;3.2;;;;;;;;;;;;;7.7;;;;;;;;;;;0;;27.2;19.2
BLA;19.12.2011 00:00;-10.7;-6.8;-13;;;;75.8;2.2;;;;;;;;;;;;;2.1;;;;;;;;;;;0;;30.7;22.7
BLA;20.12.2011 00:00;-7;-2;-16;;;;90.2;3.6;;;;;;;;;;;;;18.1;;;;;;;;;;;0;;27;19
BLA;21.12.2011 00:00;-4.4;0;-6;;;;91;4.1;;;;;;;;;;;;;21.1;;;;;;;;;;;0;;24.4;16.4
BLA;22.12.2011 00:00;-0.1;1.5;-3;;;;95.4;5.9;;;;;;;;;;;;;38;;;;;;;;;;;0;;20.1;12.1
BLA;23.12.2011 00:00;-2.8;2.5;-4;;;;88.5;4.5;;;;;;;;;;;;;0.5;;;;;;;;;;;0;;22.8;14.8
BLA;24.12.2011 00:00;-3.1;-1;-6;;;;66.8;3.3;;;;;;;;;;;;;4.7;;;;;;;;;;;0;;23.1;15.1
BLA;25.12.2011 00:00;-11.2;-9;-13;;;;74.8;1.9;;;;;;;;;;;;;0;;;;;;;;;;;0;;31.2;23.2
BLA;26.12.2011 00:00;-6.8;-1.5;-11;;;;82.6;3.2;;;;;;;;;;;;;0;;;;;;;;;;;0;;26.8;18.8
BLA;27.12.2011 00:00;-5.2;2.5;-6.5;;;;87.2;3.6;;;;;;;;;;;;;0;;;;;;;;;;;0;;25.2;17.2
BLA;28.12.2011 00:00;-6;2.5;-7.1;;;;82.6;3.3;;;;;;;;;;;;;0;;;;;;;;;;;0;;26;18
BLA;29.12.2011 00:00;-4.9;1;-9.2;;;;68.2;2.9;;;;;;;;;;;;;13.4;;;;;;;;;;;0;;24.9;16.9
BLA;30.12.2011 00:00;-4.9;-2;-10;;;;79.7;3.5;;;;;;;;;;;;;13.9;;;;;;;;;;;0;;24.9;16.9
BLA;31.12.2011 00:00;-1.3;1;-6.5;;;;96.6;5.6;;;;;;;;;;;;;56.2;;;;;;;;;;;0;;21.3;13.3
BLA;01.01.2012 00:00;1.2;5;-0.5;;;;91.1;6.1;;;;;;;;;;;;;0.2;;;;;;;;;;;0;;18.8;10.8
BLA;02.01.2012 00:00;-0.1;3;-3;;;;82.6;5.1;;;;;;;;;;;;;3.4;;;;;;;;;;;0;;20.1;12.1
BLA;03.01.2012 00:00;-6.4;1;-10.5;;;;83.7;3.3;;;;;;;;;;;;;5;;;;;;;;;;;0;;26.4;18.4
BLA;04.01.2012 00:00;-2.1;1.5;-5;;;;74.6;4;;;;;;;;;;;;;2.6;;;;;;;;;;;0;;22.1;14.1
BLA;05.01.2012 00:00;-1.6;4;-7.5;;;;85.8;5;;;;;;;;;;;;;35.7;;;;;;;;;;;0;;21.6;13.6
BLA;06.01.2012 00:00;-6;-4;-7;;;;86.6;3.4;;;;;;;;;;;;;10.3;;;;;;;;;;;0;;26;18
BLA;07.01.2012 00:00;-5.6;0;-12;;;;88.9;4;;;;;;;;;;;;;5.4;;;;;;;;;;;0;;25.6;17.6
BLA;08.01.2012 00:00;-1.8;0;-2;;;;88.4;4.8;;;;;;;;;;;;;8.9;;;;;;;;;;;0;;21.8;13.8
BLA;09.01.2012 00:00;-7.9;-3.5;-12.5;;;;79.7;2.8;;;;;;;;;;;;;0;;;;;;;;;;;0;;27.9;19.9
BLA;10.01.2012 00:00;-9.4;-3;-12;;;;85;2.6;;;;;;;;;;;;;0;;;;;;;;;;;0;;29.4;21.4
BLA;11.01.2012 00:00;-7.1;1;-8.5;;;;76.8;2.8;;;;;;;;;;;;;0;;;;;;;;;;;0;;27.1;19.1
BLA;12.01.2012 00:00;-8.5;-1;-11.5;;;;58.8;1.9;;;;;;;;;;;;;0;;;;;;;;;;;0;;28.5;20.5
BLA;13.01.2012 00:00;-8;-4;-10.5;;;;62.1;2.1;;;;;;;;;;;;;0;;;;;;;;;;;0;;28;20
BLA;14.01.2012 00:00;-11.7;-4;-14;;;;63.2;1.6;;;;;;;;;;;;;0;;;;;;;;;;;0;;31.7;23.7
BLA;15.01.2012 00:00;-12.2;-2;-14.5;;;;62.7;1.5;;;;;;;;;;;;;0;;;;;;;;;;;0;;32.2;24.2
BLA;16.01.2012 00:00;-13;-3.5;-15;;;;74.6;1.7;;;;;;;;;;;;;0;;;;;;;;;;;0;;33;25
BLA;17.01.2012 00:00;-11.3;-3.5;-14.5;;;;63.6;1.7;;;;;;;;;;;;;0;;;;;;;;;;;0;;31.3;23.3
BLA;18.01.2012 00:00;-8;0;-12;;;;62.1;2.1;;;;;;;;;;;;;0;;;;;;;;;;;0;;28;20
BLA;19.01.2012 00:00;1;5;-8;;;;74.3;5.1;;;;;;;;;;;;;3.1;;;;;;;;;;;0;;19;11
BLA;20.01.2012 00:00;-1.4;0.6;-3.5;;;;85.2;4.7;;;;;;;;;;;;;22.4;;;;;;;;;;;0;;21.4;13.4
BLA;21.01.2012 00:00;-0.3;5.5;-3.5;;;;89.3;5.4;;;;;;;;;;;;;13.6;;;;;;;;;;;0;;20.3;12.3
BLA;22.01.2012 00:00;1.4;5;-1;;;;71.6;4.9;;;;;;;;;;;;;0.1;;;;;;;;;;;0;;18.6;10.6
BLA;23.01.2012 00:00;-4.1;-1;-9;;;;74;3.6;;;;;;;;;;;;;0.7;;;;;;;;;;;0;;24.1;16.1
BLA;24.01.2012 00:00;-2.9;0;-5.5;;;;76;3.6;;;;;;;;;;;;;7.8;;;;;;;;;;;0;;22.9;14.9
BLA;25.01.2012 00:00;-1.9;3;-5;;;;88.3;4.6;;;;;;;;;;;;;0;;;;;;;;;;;0;;21.9;13.9
BLA;26.01.2012 00:00;-7;2;-10.5;;;;80.6;3;;;;;;;;;;;;;0;;;;;;;;;;;0;;27;19
BLA;27.01.2012 00:00;-6.3;1.5;-11.5;;;;78.4;3.1;;;;;;;;;;;;;3.7;;;;;;;;;;;0;;26.3;18.3
BLA;28.01.2012 00:00;-2.9;0;-4.5;;;;91.2;4.5;;;;;;;;;;;;;5.9;;;;;;;;;;;0;;22.9;14.9
BLA;29.01.2012 00:00;-4.9;0;-6.5;;;;85.3;3.6;;;;;;;;;;;;;0;;;;;;;;;;;0;;24.9;16.9
BLA;30.01.2012 00:00;-9.1;-4.5;-13.5;;;;83.8;2.7;;;;;;;;;;;;;4.3;;;;;;;;;;;0;;29.1;21.1
BLA;31.01.2012 00:00;-6.7;-3;-10.5;;;;80.3;2.9;;;;;;;;;;;;;0;;;;;;;;;;;0;;26.7;18.7
BLA;01.02.2012 00:00;-14.3;-6;-18.5;;;;72.4;1.5;;;;;;;;;;;;;0;;;;;;;;;;;0;;34.3;26.3
BLA;02.02.2012 00:00;-13.1;-7.1;-17.5;;;;75.3;1.7;;;;;;;;;;;;;0.3;;;;;;;;;;;0;;33.1;25.1
BLA;03.02.2012 00:00;-15.6;-9.5;-19.5;;;;77;1.5;;;;;;;;;;;;;0.6;;;;;;;;;;;0;;35.6;27.6
BLA;04.02.2012 00:00;-17.6;-12;-24.5;;;;74.4;1.2;;;;;;;;;;;;;0.1;;;;;;;;;;;0;;37.6;29.6
BLA;05.02.2012 00:00;-20.3;-12.5;-25.5;;;;69;0.9;;;;;;;;;;;;;0;;;;;;;;;;;0;;40.3;32.3
BLA;06.02.2012 00:00;-18.3;-10;-24.5;;;;71.7;1.1;;;;;;;;;;;;;0;;;;;;;;;;;0;;38.3;30.3
BLA;07.02.2012 00:00;-19.1;-11;-24.5;;;;68.1;1;;;;;;;;;;;;;0;;;;;;;;;;;0;;39.1;31.1
BLA;08.02.2012 00:00;-8.6;2.5;-18.5;;;;68.1;2.2;;;;;;;;;;;;;0;;;;;;;;;;;0;;28.6;20.6
BLA;09.02.2012 00:00;-7.9;1;-14.5;;;;45.4;1.5;;;;;;;;;;;;;0;;;;;;;;;;;0;;27.9;19.9
BLA;10.02.2012 00:00;-16.1;-11;-22;;;;60.7;1.1;;;;;;;;;;;;;0;;;;;;;;;;;0;;36.1;28.1
BLA;11.02.2012 00:00;-17.9;-8.5;-24;;;;72.7;1.1;;;;;;;;;;;;;0;;;;;;;;;;;0;;37.9;29.9
BLA;12.02.2012 00:00;-16.9;-7.5;-22.5;;;;74.7;1.3;;;;;;;;;;;;;0;;;;;;;;;;;0;;36.9;28.9
BLA;13.02.2012 00:00;-16;-7;-22.5;;;;72.7;1.3;;;;;;;;;;;;;0;;;;;;;;;;;0;;36;28
BLA;14.02.2012 00:00;-11.5;-2;-18;;;;70.6;1.8;;;;;;;;;;;;;0;;;;;;;;;;;0;;31.5;23.5
BLA;15.02.2012 00:00;-5.1;-1;-11;;;;78.7;3.4;;;;;;;;;;;;;4.3;;;;;;;;;;;0;;25.1;17.1
BLA;16.02.2012 00:00;-3.5;2.5;-6.5;;;;63.6;3;;;;;;;;;;;;;0;;;;;;;;;;;0;;23.5;15.5
BLA;17.02.2012 00:00;-6.6;3.5;-12;;;;74.7;2.8;;;;;;;;;;;;;0;;;;;;;;;;;0;;26.6;18.6
BLA;18.02.2012 00:00;-5.9;4.5;-11.5;;;;64;2.5;;;;;;;;;;;;;0;;;;;;;;;;;0;;25.9;17.9
BLA;19.02.2012 00:00;-2;1;-10;;;;78.4;4.4;;;;;;;;;;;;;1.6;;;;;;;;;;;0;;22;14
BLA;20.02.2012 00:00;-10.9;-2;-17.5;;;;56.1;1.6;;;;;;;;;;;;;0;;;;;;;;;;;0;;30.9;22.9
BLA;21.02.2012 00:00;-8.4;3.5;-15;;;;59.2;2;;;;;;;;;;;;;0;;;;;;;;;;;0;;28.4;20.4
BLA;22.02.2012 00:00;-5.5;4;-12.5;;;;55.8;2.3;;;;;;;;;;;;;0;;;;;;;;;;;0;;25.5;17.5
BLA;23.02.2012 00:00;-2;4.5;-10;;;;74;4.3;;;;;;;;;;;;;0;;;;;;;;;;;0;;22;14
BLA;24.02.2012 00:00;1.3;9.5;-4.5;;;;67.8;4.3;;;;;;;;;;;;;0;;;;;;;;;;;0;;18.7;10.7
BLA;25.02.2012 00:00;2.3;8.5;-2;;;;73.5;5.4;;;;;;;;;;;;;0;;;;;;;;;;;0;;17.7;9.7
BLA;26.02.2012 00:00;-0.9;5;-5;;;;52.9;3;;;;;;;;;;;;;0;;;;;;;;;;;0;;20.9;12.9
BLA;27.02.2012 00:00;-5;4.5;-11;;;;67.8;2.9;;;;;;;;;;;;;0;;;;;;;;;;;0;;25;17
BLA;28.02.2012 00:00;-2.1;6.5;-9;;;;65.3;3.5;;;;;;;;;;;;;0;;;;;;;;;;;0;;22.1;14.1
BLA;29.02.2012 00:00;1.8;10;-5;;;;69.9;4.7;;;;;;;;;;;;;0;;;;;;;;;;;0;;18.2;10.2
BLA;01.03.2012 00:00;2.7;11.5;-2.5;;;;66.6;4.7;;;;;;;;;;;;;0;;;;;;;;;;;0;;17.3;9.3
BLA;02.03.2012 00:00;2.4;10.5;-3;;;;67.8;4.7;;;;;;;;;;;;;0;;;;;;;;;;;0;;17.6;9.6
BLA;03.03.2012 00:00;1.6;10.5;-3.5;;;;76;5.1;;;;;;;;;;;;;1.1;;;;;;;;;;;0;;18.4;10.4
BLA;04.03.2012 00:00;2.6;8;-1.5;;;;75.6;5.2;;;;;;;;;;;;;4.6;;;;;;;;;;;0;;17.4;9.4
BLA;05.03.2012 00:00;-2.8;2.5;-5.5;;;;75.4;3.7;;;;;;;;;;;;;1.3;;;;;;;;;;;0;;22.8;14.8
BLA;06.03.2012 00:00;-5.6;2.5;-9;;;;68.6;2.5;;;;;;;;;;;;;0;;;;;;;;;;;0;;25.6;17.6
BLA;07.03.2012 00:00;-3.4;6.5;-10.5;;;;64.6;2.9;;;;;;;;;;;;;0.3;;;;;;;;;;;0;;23.4;15.4
BLA;08.03.2012 00:00;-1.2;2.5;-2.5;;;;60.6;3.2;;;;;;;;;;;;;0.2;;;;;;;;;;;0;;21.2;13.2
BLA;09.03.2012 00:00;-5.9;3;-12;;;;53.2;2;;;;;;;;;;;;;0;;;;;;;;;;;0;;25.9;17.9
BLA;10.03.2012 00:00;-3.9;7;-10.5;;;;59.2;2.6;;;;;;;;;;;;;0;;;;;;;;;;;0;;23.9;15.9
BLA;11.03.2012 00:00;-0.6;7.5;-7.5;;;;64.2;3.7;;;;;;;;;;;;;0;;;;;;;;;;;0;;20.6;12.6
BLA;12.03.2012 00:00;0;8;-4.5;;;;70.8;4.2;;;;;;;;;;;;;0;;;;;;;;;;;0;;20;12
BLA;13.03.2012 00:00;2.4;13;-5;;;;55.4;3.9;;;;;;;;;;;;;0;;;;;;;;;;;0;;17.6;9.6
BLA;14.03.2012 00:00;2.2;11;-4.5;;;;57.6;4;;;;;;;;;;;;;0;;;;;;;;;;;0;;17.8;9.8
BLA;15.03.2012 00:00;2.2;11.5;-5;;;;60.6;4.3;;;;;;;;;;;;;0;;;;;;;;;;;0;;17.8;9.8
BLA;16.03.2012 00:00;2.4;11.5;-4.5;;;;58.4;4.1;;;;;;;;;;;;;0;;;;;;;;;;;0;;17.6;9.6
BLA;17.03.2012 00:00;2.3;10;-3.5;;;;75;5.1;;;;;;;;;;;;;0;;;;;;;;;;;0;;17.7;9.7
BLA;18.03.2012 00:00;2.4;7.5;-1;;;;80.4;5.3;;;;;;;;;;;;;4.4;;;;;;;;;;;0;;17.6;9.6
BLA;19.03.2012 00:00;-0.8;5;-2.5;;;;85.4;4.7;;;;;;;;;;;;;1.5;;;;;;;;;;;0;;20.8;12.8
BLA;20.03.2012 00:00;-1;8;-8;;;;68.4;3.7;;;;;;;;;;;;;0;;;;;;;;;;;0;;21;13
BLA;21.03.2012 00:00;2.8;11;-3.5;;;;60;4.2;;;;;;;;;;;;;0;;;;;;;;;;;0;;17.2;9.2
BLA;22.03.2012 00:00;2.8;10.5;-2.8;;;;57.6;3.9;;;;;;;;;;;;;0;;;;;;;;;;;0;;17.2;9.2
BLA;23.03.2012 00:00;2.5;10.3;-3.5;;;;59.6;4;;;;;;;;;;;;;0;;;;;;;;;;;0;;17.5;9.5
BLA;24.03.2012 00:00;2.9;10.5;-3.5;;;;63.4;4.3;;;;;;;;;;;;;0;;;;;;;;;;;0;;17.1;9.1
BLA;25.03.2012 00:00;2.9;11;-3.5;;;;62.8;4.3;;;;;;;;;;;;;0;;;;;;;;;;;0;;17.1;9.1
BLA;26.03.2012 00:00;2.3;11;-4;;;;60.4;3.8;;;;;;;;;;;;;0;;;;;;;;;;;0;;17.7;9.7
BLA;27.03.2012 00:00;2.5;12.5;-4;;;;63.6;4.2;;;;;;;;;;;;;0;;;;;;;;;;;0;;17.5;9.5
BLA;28.03.2012 00:00;4;12.5;-2.5;;;;62.8;4.7;;;;;;;;;;;;;0;;;;;;;;;;;0;;16;8
BLA;29.03.2012 00:00;5;12.5;-2;;;;56;4.4;;;;;;;;;;;;;0;;;;;;;;;;;0;;15;7
BLA;30.03.2012 00:00;8.8;11.5;2.5;;;;37.6;4.5;;;;;;;;;;;;;0;;;;;;;;;;;0;;11.2;3.2
BLA;31.03.2012 00:00;3.6;13;-3.5;;;;64.8;4.5;;;;;;;;;;;;;0;;;;;;;;;;;0;;16.4;8.4
BLA;01.04.2012 00:00;3.7;12;-2.5;;;;54.6;3.9;;;;;;;;;;;;;0;;;;;;;;;;;0;;16.3;8.3
BLA;02.04.2012 00:00;3.3;13;-3.5;;;;70.9;5;;;;;;;;;;;;;0;;;;;;;;;;;0;;16.7;8.7
BLA;03.04.2012 00:00;4.6;10;1;;;;75.4;6.1;;;;;;;;;;;;;0;;;;;;;;;;;0;;15.4;7.4
BLA;04.04.2012 00:00;3.9;9;1.5;;;;83;6.2;;;;;;;;;;;;;5.4;;;;;;;;;;;0;;16.1;8.1
BLA;05.04.2012 00:00;3.9;9;1;;;;84.9;6.6;;;;;;;;;;;;;2.9;;;;;;;;;;;0;;16.1;8.1
BLA;06.04.2012 00:00;4;9;0.5;;;;68.9;5.1;;;;;;;;;;;;;2.8;;;;;;;;;;;0;;16;8
BLA;07.04.2012 00:00;3.2;7;1.5;;;;72.7;5.4;;;;;;;;;;;;;1.7;;;;;;;;;;;0;;16.8;8.8
BLA;08.04.2012 00:00;-1.9;2.5;-3;;;;63.2;3.3;;;;;;;;;;;;;0.5;;;;;;;;;;;0;;21.9;13.9
BLA;09.04.2012 00:00;-1.1;5;-9;;;;57.2;3.3;;;;;;;;;;;;;0;;;;;;;;;;;0;;21.1;13.1
BLA;10.04.2012 00:00;3.9;10;0.5;;;;69.4;6.2;;;;;;;;;;;;;3.1;;;;;;;;;;;0;;16.1;8.1
BLA;11.04.2012 00:00;0.6;4;-1;;;;70;4.6;;;;;;;;;;;;;1.4;;;;;;;;;;;0;;19.4;11.4
BLA;12.04.2012 00:00;1.2;6.5;-4.5;;;;72.8;4.9;;;;;;;;;;;;;7.7;;;;;;;;;;;0;;18.8;10.8
BLA;13.04.2012 00:00;1.6;6;-1;;;;88;5.8;;;;;;;;;;;;;2.1;;;;;;;;;;;0;;18.4;10.4
BLA;14.04.2012 00:00;1.8;4;0;;;;89.3;5.7;;;;;;;;;;;;;12.4;;;;;;;;;;;0;;18.2;10.2
BLA;15.04.2012 00:00;1.6;4;-0.5;;;;91.1;6.1;;;;;;;;;;;;;2.9;;;;;;;;;;;0;;18.4;10.4
BLA;16.04.2012 00:00;1.1;5.5;-2;;;;69.4;4.5;;;;;;;;;;;;;0.1;;;;;;;;;;;0;;18.9;10.9
BLA;17.04.2012 00:00;1.4;5.5;-3;;;;60.5;3.7;;;;;;;;;;;;;0;;;;;;;;;;;0;;18.6;10.6
BLA;18.04.2012 00:00;1.4;4;-0.5;;;;72.1;4.8;;;;;;;;;;;;;0.1;;;;;;;;;;;0;;18.6;10.6
BLA;19.04.2012 00:00;0.7;5.5;-3;;;;72.3;4.3;;;;;;;;;;;;;2.3;;;;;;;;;;;0;;19.3;11.3
BLA;20.04.2012 00:00;-0.7;5;-3;;;;73.3;4.4;;;;;;;;;;;;;0.9;;;;;;;;;;;0;;20.7;12.7
BLA;21.04.2012 00:00;1.6;6.5;-1.5;;;;73.3;4.3;;;;;;;;;;;;;9;;;;;;;;;;;0;;18.4;10.4
BLA;22.04.2012 00:00;1.3;5;-1.5;;;;63;3.7;;;;;;;;;;;;;0.1;;;;;;;;;;;0;;18.7;10.7
BLA;23.04.2012 00:00;1.6;6.5;-2.5;;;;68.1;4.1;;;;;;;;;;;;;8.7;;;;;;;;;;;0;;18.4;10.4
BLA;24.04.2012 00:00;0.3;5.5;-1.5;;;;75.2;4.7;;;;;;;;;;;;;3.1;;;;;;;;;;;0;;19.7;11.7
BLA;25.04.2012 00:00;1.3;7.5;-7;;;;64.1;3.8;;;;;;;;;;;;;0;;;;;;;;;;;0;;18.7;10.7
BLA;26.04.2012 00:00;5.8;12;-0.5;;;;60.1;5;;;;;;;;;;;;;0;;;;;;;;;;;0;;14.2;6.2
BLA;27.04.2012 00:00;7.7;17.5;0;;;;63.4;5.6;;;;;;;;;;;;;0;;;;;;;;;;;0;;12.3;4.3
BLA;28.04.2012 00:00;11.2;18;4.5;;;;44;5.5;;;;;;;;;;;;;2.4;;;;;;;;;;;0;;8.8;0.8
BLA;29.04.2012 00:00;7.6;12;4.8;;;;63.7;6.3;;;;;;;;;;;;;7.4;;;;;;;;;;;0;;12.4;4.4
BLA;30.04.2012 00:00;6.3;11.5;1;;;;67.5;5.8;;;;;;;;;;;;;15.3;;;;;;;;;;;0;;13.7;5.7
BLA;01.05.2012 00:00;6.4;11;2.5;;;;80.8;7.4;;;;;;;;;;;;;12.8;;;;;;;;;;;0;;13.6;5.6
BLA;02.05.2012 00:00;4.9;10.5;2;;;;79.8;6.2;;;;;;;;;;;;;0.3;;;;;;;;;;;0;;15.1;7.1
BLA;03.05.2012 00:00;5.6;12.5;-0.5;;;;65.8;5.2;;;;;;;;;;;;;0;;;;;;;;;;;0;;14.4;6.4
BLA;04.05.2012 00:00;7.3;15;0.2;;;;55.7;4.9;;;;;;;;;;;;;11.5;;;;;;;;;;;0;;12.7;4.7
BLA;05.05.2012 00:00;5.6;12.5;1.6;;;;74.1;5.9;;;;;;;;;;;;;8.3;;;;;;;;;;;0;;14.4;6.4
BLA;06.05.2012 00:00;6.5;11;2.2;;;;66.9;5.9;;;;;;;;;;;;;0.9;;;;;;;;;;;0;;13.5;5.5
BLA;07.05.2012 00:00;6.8;13;0.5;;;;58.3;5.2;;;;;;;;;;;;;0;;;;;;;;;;;0;;13.2;5.2
BLA;08.05.2012 00:00;6.8;13;1;;;;75.8;6.5;;;;;;;;;;;;;5.6;;;;;;;;;;;0;;13.2;5.2
BLA;09.05.2012 00:00;9.5;15.5;4.5;;;;66.3;7.5;;;;;;;;;;;;;0;;;;;;;;;;;0;;10.5;2.5
BLA;10.05.2012 00:00;12.6;20;3.2;;;;45;6.4;;;;;;;;;;;;;0;;;;;;;;;;;0;;0;0
BLA;11.05.2012 00:00;13.8;22;4.8;;;;44.5;6.5;;;;;;;;;;;;;0;;;;;;;;;;;0;;0;0
BLA;12.05.2012 00:00;11.1;14;9.5;;;;77.2;10.7;;;;;;;;;;;;;8.2;;;;;;;;;;;0;;8.9;0.9
BLA;13.05.2012 00:00;6.4;12.5;4;;;;58.9;5.7;;;;;;;;;;;;;0;;;;;;;;;;;0;;13.6;5.6
BLA;14.05.2012 00:00;6.4;14;-2;;;;40.8;4;;;;;;;;;;;;;0;;;;;;;;;;;0;;13.6;5.6
BLA;15.05.2012 00:00;5.4;12.5;-0.5;;;;50;4.5;;;;;;;;;;;;;0.4;;;;;;;;;;;0;;14.6;6.6
BLA;16.05.2012 00:00;-1.9;-1.8;-2;;;;84.3;4.5;;;;;;;;;;;;;7;;;;;;;;;;;0;;21.9;13.9
BLA;17.05.2012 00:00;4.5;14.5;-8;;;;44.7;3.1;;;;;;;;;;;;;2.2;;;;;;;;;;;0;;15.5;7.5
BLA;18.05.2012 00:00;10;14.5;5.5;;;;56.5;6.7;;;;;;;;;;;;;0.1;;;;;;;;;;;0;;10;2
BLA;19.05.2012 00:00;10.5;17.5;3.1;;;;57.1;6.9;;;;;;;;;;;;;0;;;;;;;;;;;0;;9.5;1.5
BLA;20.05.2012 00:00;10.4;16;4.5;;;;45.8;5.8;;;;;;;;;;;;;0.1;;;;;;;;;;;0;;9.6;1.6
BLA;21.05.2012 00:00;8.6;13.8;4.2;;;;77.6;8.1;;;;;;;;;;;;;16.2;;;;;;;;;;;0;;11.4;3.4
BLA;22.05.2012 00:00;7.6;15;1.7;;;;67.1;6.8;;;;;;;;;;;;;1.8;;;;;;;;;;;0;;12.4;4.4
BLA;23.05.2012 00:00;11.4;18.5;7.6;;;;63.9;8.5;;;;;;;;;;;;;0;;;;;;;;;;;0;;8.6;0.6
BLA;24.05.2012 00:00;14;20.5;4.7;;;;52.2;7.8;;;;;;;;;;;;;0;;;;;;;;;;;0;;0;0
BLA;25.05.2012 00:00;13.7;20.5;5;;;;50.2;7.3;;;;;;;;;;;;;0;;;;;;;;;;;0;;0;0
BLA;26.05.2012 00:00;12;19;5.1;;;;61.2;7.5;;;;;;;;;;;;;0;;;;;;;;;;;0;;8;0
BLA;27.05.2012 00:00;9.7;17.5;4;;;;77.3;8.8;;;;;;;;;;;;;12.7;;;;;;;;;;;0;;10.3;2.3
BLA;28.05.2012 00:00;10.6;16.5;3.5;;;;56.5;6.6;;;;;;;;;;;;;0;;;;;;;;;;;0;;9.4;1.4
BLA;29.05.2012 00:00;11;18;1.6;;;;66.7;8.1;;;;;;;;;;;;;0.1;;;;;;;;;;;0;;9;1
BLA;30.05.2012 00:00;12.2;19.5;3;;;;58.3;7.7;;;;;;;;;;;;;0.4;;;;;;;;;;;0;;0;0
BLA;31.05.2012 00:00;11.4;17;5.3;;;;67.8;8.7;;;;;;;;;;;;;0.4;;;;;;;;;;;0;;8.6;0.6
BLA;01.06.2012 00:00;12.4;17.5;9;;;;65.9;9.2;;;;;;;;;;;;;0;;;;;;;;;;;0;;0;0
BLA;02.06.2012 00:00;11.8;22.5;3.5;;;;59.5;7.7;;;;;;;;;;;;;1.7;;;;;;;;;;;0;;8.2;0.2
BLA;03.06.2012 00:00;12.9;18.5;10.2;;;;87.9;12.2;;;;;;;;;;;;;15.5;;;;;;;;;;;0;;0;0
BLA;04.06.2012 00:00;9.5;14.5;7.2;;;;65.3;7.3;;;;;;;;;;;;;0.1;;;;;;;;;;;0;;10.5;2.5
BLA;05.06.2012 00:00;11.3;17.5;4.6;;;;49.9;6.2;;;;;;;;;;;;;0;;;;;;;;;;;0;;8.7;0.7
BLA;06.06.2012 00:00;9.7;12.5;7.3;;;;81;10.1;;;;;;;;;;;;;2.5;;;;;;;;;;;0;;10.3;2.3
BLA;07.06.2012 00:00;13.9;19.5;8.5;;;;63.7;9.7;;;;;;;;;;;;;5.5;;;;;;;;;;;0;;0;0
BLA;08.06.2012 00:00;11.1;14.5;9.1;;;;92.4;12.2;;;;;;;;;;;;;6.6;;;;;;;;;;;0;;8.9;0.9
BLA;09.06.2012 00:00;11.2;17.5;7.3;;;;69;8.3;;;;;;;;;;;;;1;;;;;;;;;;;0;;8.8;0.8
BLA;10.06.2012 00:00;9.4;15;6.2;;;;78.4;8.1;;;;;;;;;;;;;10.6;;;;;;;;;;;0;;10.6;2.6
BLA;11.06.2012 00:00;9.1;14;5.2;;;;74.2;8.3;;;;;;;;;;;;;3.3;;;;;;;;;;;0;;10.9;2.9
BLA;12.06.2012 00:00;6.3;11.5;4.6;;;;83.7;7.9;;;;;;;;;;;;;6.1;;;;;;;;;;;0;;13.7;5.7
BLA;13.06.2012 00:00;6.9;11.5;3.5;;;;72.2;7.3;;;;;;;;;;;;;0.8;;;;;;;;;;;0;;13.1;5.1
BLA;14.06.2012 00:00;9.4;17.5;0;;;;56.2;5.8;;;;;;;;;;;;;0;;;;;;;;;;;0;;10.6;2.6
BLA;15.06.2012 00:00;14.1;23;2.4;;;;50.5;7.8;;;;;;;;;;;;;0;;;;;;;;;;;0;;0;0
BLA;16.06.2012 00:00;15.8;24.5;5.8;;;;58.6;9.5;;;;;;;;;;;;;0;;;;;;;;;;;0;;0;0
BLA;17.06.2012 00:00;16.5;24.5;6;;;;54.7;9.6;;;;;;;;;;;;;0;;;;;;;;;;;0;;0;0
BLA;18.06.2012 00:00;14.4;23.5;7.3;;;;74.3;10.8;;;;;;;;;;;;;13.2;;;;;;;;;;;0;;0;0
BLA;19.06.2012 00:00;14.4;22.5;6.5;;;;80.7;12.4;;;;;;;;;;;;;0.6;;;;;;;;;;;0;;0;0
BLA;20.06.2012 00:00;14.6;20;10.1;;;;83.6;13.4;;;;;;;;;;;;;7.2;;;;;;;;;;;0;;0;0
BLA;21.06.2012 00:00;15.2;23;7.2;;;;61.6;9.6;;;;;;;;;;;;;7.4;;;;;;;;;;;0;;0;0
BLA;22.06.2012 00:00;13.6;20.5;7;;;;61.6;9.7;;;;;;;;;;;;;0.1;;;;;;;;;;;0;;0;0
BLA;23.06.2012 00:00;13.7;20.5;4.8;;;;60.1;8.8;;;;;;;;;;;;;0;;;;;;;;;;;0;;0;0
BLA;24.06.2012 00:00;14.9;22;4.5;;;;52.6;8.1;;;;;;;;;;;;;7.7;;;;;;;;;;;0;;0;0
BLA;25.06.2012 00:00;12.6;17.5;9.7;;;;83.9;11.9;;;;;;;;;;;;;9.6;;;;;;;;;;;0;;0;0
BLA;26.06.2012 00:00;12.9;15.5;9.9;;;;88.2;13.3;;;;;;;;;;;;;5.3;;;;;;;;;;;0;;0;0
BLA;27.06.2012 00:00;15.4;23.6;6.3;;;;66.2;10.8;;;;;;;;;;;;;0;;;;;;;;;;;0;;0;0
BLA;28.06.2012 00:00;17.7;25;6.5;;;;50.5;9.6;;;;;;;;;;;;;0;;;;;;;;;;;0;;0;0
BLA;29.06.2012 00:00;18.2;27;9;;;;60.9;11.7;;;;;;;;;;;;;0;;;;;;;;;;;0;;0;0
BLA;30.06.2012 00:00;19.2;27;14.9;;;;60.7;12.4;;;;;;;;;;;;;2;;;;;;;;;;;0.9;;0;0
BLA;01.07.2012 00:00;14.5;20;9.5;;;;85.3;14.3;;;;;;;;;;;;;29.1;;;;;;;;;;;0;;0;0
BLA;02.07.2012 00:00;11.4;15.5;10;;;;88.3;12;;;;;;;;;;;;;23.4;;;;;;;;;;;0;;8.6;0.6
BLA;03.07.2012 00:00;14;20;8.5;;;;73.4;12.1;;;;;;;;;;;;;0;;;;;;;;;;;0;;0;0
BLA;04.07.2012 00:00;13.5;19.5;7.5;;;;75.3;11.8;;;;;;;;;;;;;3.4;;;;;;;;;;;0;;0;0
BLA;05.07.2012 00:00;12.9;20;6;;;;76.2;10.7;;;;;;;;;;;;;8.9;;;;;;;;;;;0;;0;0
BLA;06.07.2012 00:00;12.1;17.5;8.5;;;;88;12.2;;;;;;;;;;;;;11.2;;;;;;;;;;;0;;0;0
BLA;07.07.2012 00:00;14.2;21.3;7;;;;63.3;9.1;;;;;;;;;;;;;0.1;;;;;;;;;;;0;;0;0
BLA;08.07.2012 00:00;14.7;22;7;;;;64;10.6;;;;;;;;;;;;;0.5;;;;;;;;;;;0;;0;0
BLA;09.07.2012 00:00;14.2;22;2.4;;;;56.8;9.2;;;;;;;;;;;;;1.4;;;;;;;;;;;0;;0;0
BLA;10.07.2012 00:00;12;21;7;;;;76.3;10.3;;;;;;;;;;;;;0;;;;;;;;;;;0;;8;0
BLA;11.07.2012 00:00;14.1;21;7.5;;;;55.8;7.8;;;;;;;;;;;;;0;;;;;;;;;;;0;;0;0
BLA;12.07.2012 00:00;11.4;19.5;4.5;;;;65;7.5;;;;;;;;;;;;;0;;;;;;;;;;;0;;8.6;0.6
BLA;13.07.2012 00:00;11;17;6;;;;71.8;9.2;;;;;;;;;;;;;18.7;;;;;;;;;;;0;;9;1
BLA;14.07.2012 00:00;13.4;19.5;10;;;;61.7;8.7;;;;;;;;;;;;;0.5;;;;;;;;;;;0;;0;0
BLA;15.07.2012 00:00;9.1;14.5;5.5;;;;75.8;8.1;;;;;;;;;;;;;0.8;;;;;;;;;;;0;;10.9;2.9
BLA;16.07.2012 00:00;10;18.2;1.3;;;;54.3;6.4;;;;;;;;;;;;;0;;;;;;;;;;;0;;10;2
BLA;17.07.2012 00:00;12.6;19.4;5.6;;;;58;8;;;;;;;;;;;;;0;;;;;;;;;;;0;;0;0
BLA;18.07.2012 00:00;15.6;25;5;;;;50.3;8.6;;;;;;;;;;;;;0;;;;;;;;;;;0;;0;0
BLA;19.07.2012 00:00;16.1;23;9.4;;;;50.8;8.6;;;;;;;;;;;;;0;;;;;;;;;;;0;;0;0
BLA;20.07.2012 00:00;13.1;19.5;8;;;;73;10.1;;;;;;;;;;;;;2.7;;;;;;;;;;;0;;0;0
BLA;21.07.2012 00:00;11.7;17.5;8.5;;;;62.4;8.3;;;;;;;;;;;;;0.2;;;;;;;;;;;0;;8.3;0.3
BLA;22.07.2012 00:00;9.9;17.1;2.5;;;;53;5.8;;;;;;;;;;;;;0;;;;;;;;;;;0;;10.1;2.1
BLA;23.07.2012 00:00;11.3;22;1.4;;;;53.8;6.5;;;;;;;;;;;;;0;;;;;;;;;;;0;;8.7;0.7
BLA;24.07.2012 00:00;13.3;22;7.2;;;;79.3;10.9;;;;;;;;;;;;;4.5;;;;;;;;;;;0;;0;0
BLA;25.07.2012 00:00;15.5;23.5;6.6;;;;55.8;8.5;;;;;;;;;;;;;0;;;;;;;;;;;0;;0;0
BLA;26.07.2012 00:00;17.2;26;7.3;;;;53.6;9.4;;;;;;;;;;;;;0;;;;;;;;;;;0;;0;0
BLA;27.07.2012 00:00;16.6;24.5;10.4;;;;71.8;11.8;;;;;;;;;;;;;2.9;;;;;;;;;;;0;;0;0
BLA;28.07.2012 00:00;13.9;20.5;10.9;;;;87.6;13.7;;;;;;;;;;;;;14.8;;;;;;;;;;;0;;0;0
BLA;29.07.2012 00:00;14.3;20.5;10.5;;;;69.8;10.7;;;;;;;;;;;;;0;;;;;;;;;;;0;;0;0
BLA;30.07.2012 00:00;12.4;21;3.5;;;;54.6;8;;;;;;;;;;;;;0;;;;;;;;;;;0;;0;0
BLA;31.07.2012 00:00;14.1;22.5;6;;;;51.6;8.4;;;;;;;;;;;;;0;;;;;;;;;;;0;;0;0
BLA;01.08.2012 00:00;16;25;5.2;;;;58.6;10.1;;;;;;;;;;;;;13;;;;;;;;;;;0;;0;0
BLA;02.08.2012 00:00;15.5;24.5;8;;;;64.4;11.1;;;;;;;;;;;;;0;;;;;;;;;;;0;;0;0
BLA;03.08.2012 00:00;16.2;22.5;10.5;;;;64.8;11.4;;;;;;;;;;;;;0.1;;;;;;;;;;;0;;0;0
BLA;04.08.2012 00:00;14.9;23.5;7.1;;;;64;10;;;;;;;;;;;;;13.4;;;;;;;;;;;0;;0;0
BLA;05.08.2012 00:00;13.9;19;9.5;;;;80.4;12.6;;;;;;;;;;;;;6.5;;;;;;;;;;;0;;0;0
BLA;06.08.2012 00:00;12;18;9.5;;;;89.4;12.6;;;;;;;;;;;;;7.6;;;;;;;;;;;0;;8;0
BLA;07.08.2012 00:00;10.6;19.5;2.8;;;;73.4;9.3;;;;;;;;;;;;;0;;;;;;;;;;;0;;9.4;1.4
BLA;08.08.2012 00:00;12.2;22.2;4.9;;;;68.6;8.5;;;;;;;;;;;;;0;;;;;;;;;;;0;;0;0
BLA;09.08.2012 00:00;13.4;21;5.4;;;;61.2;8.6;;;;;;;;;;;;;0;;;;;;;;;;;0;;0;0
BLA;10.08.2012 00:00;12.9;22;4.8;;;;63.8;8.2;;;;;;;;;;;;;0;;;;;;;;;;;0;;0;0
BLA;11.08.2012 00:00;12.5;21.5;3.7;;;;58.8;7.4;;;;;;;;;;;;;0;;;;;;;;;;;0;;0;0
BLA;12.08.2012 00:00;12.9;21.6;5;;;;58.6;8.3;;;;;;;;;;;;;0;;;;;;;;;;;0;;0;0
BLA;13.08.2012 00:00;13.4;22.5;6;;;;65.4;9.4;;;;;;;;;;;;;0;;;;;;;;;;;0;;0;0
BLA;14.08.2012 00:00;14.1;23.8;7.3;;;;69.8;10.4;;;;;;;;;;;;;0;;;;;;;;;;;0;;0;0
BLA;15.08.2012 00:00;15.9;25.5;7;;;;63.4;10.4;;;;;;;;;;;;;0.3;;;;;;;;;;;0;;0;0
BLA;16.08.2012 00:00;17.2;24;12;;;;73.4;12.5;;;;;;;;;;;;;0.2;;;;;;;;;;;0;;0;0
BLA;17.08.2012 00:00;15.1;26;5.7;;;;57.4;8.9;;;;;;;;;;;;;0;;;;;;;;;;;0;;0;0
BLA;18.08.2012 00:00;16.6;28.5;7.8;;;;59.2;9.9;;;;;;;;;;;;;0;;;;;;;;;;;0;;0;0
BLA;19.08.2012 00:00;18.8;30.5;9.5;;;;50.4;9.3;;;;;;;;;;;;;0;;;;;;;;;;;0.5;;0;0
BLA;20.08.2012 00:00;17.2;27.5;10.9;;;;76;12.9;;;;;;;;;;;;;6.4;;;;;;;;;;;0;;0;0
BLA;21.08.2012 00:00;17.7;27;10.2;;;;65;11.4;;;;;;;;;;;;;0;;;;;;;;;;;0;;0;0
BLA;22.08.2012 00:00;18.3;26.5;10.3;;;;57.4;10.7;;;;;;;;;;;;;5.6;;;;;;;;;;;0;;0;0
BLA;23.08.2012 00:00;15.1;21.8;9.8;;;;81.8;14;;;;;;;;;;;;;3.9;;;;;;;;;;;0;;0;0
BLA;24.08.2012 00:00;15.7;21.3;10.5;;;;78;13.4;;;;;;;;;;;;;2;;;;;;;;;;;0;;0;0
BLA;25.08.2012 00:00;15.5;21.5;12.5;;;;79.4;13.2;;;;;;;;;;;;;4.4;;;;;;;;;;;0;;0;0
BLA;26.08.2012 00:00;10.6;15.5;6.5;;;;60.8;6.9;;;;;;;;;;;;;0;;;;;;;;;;;0;;9.4;1.4
BLA;27.08.2012 00:00;9.8;21.5;1;;;;67.6;7.3;;;;;;;;;;;;;0;;;;;;;;;;;0;;10.2;2.2
BLA;28.08.2012 00:00;12.2;20;5.3;;;;71.4;9.4;;;;;;;;;;;;;0.1;;;;;;;;;;;0;;0;0
BLA;29.08.2012 00:00;12.6;23.5;6;;;;80.8;11.2;;;;;;;;;;;;;2.8;;;;;;;;;;;0;;0;0
BLA;30.08.2012 00:00;10.7;14;9.2;;;;93.8;12.2;;;;;;;;;;;;;8.4;;;;;;;;;;;0;;9.3;1.3
BLA;31.08.2012 00:00;6.5;10.4;5;;;;81;7;;;;;;;;;;;;;12.9;;;;;;;;;;;0;;13.5;5.5
BLA;01.09.2012 00:00;6.3;11;3.5;;;;81;7.7;;;;;;;;;;;;;1.6;;;;;;;;;;;0;;13.7;5.7
BLA;02.09.2012 00:00;9.6;17.5;3;;;;75.4;8.6;;;;;;;;;;;;;0;;;;;;;;;;;0;;10.4;2.4
BLA;03.09.2012 00:00;11.2;19;4;;;;73.2;9.4;;;;;;;;;;;;;0;;;;;;;;;;;0;;8.8;0.8
BLA;04.09.2012 00:00;11.9;20;6.5;;;;78.7;10.3;;;;;;;;;;;;;0.2;;;;;;;;;;;0;;8.1;0.1
BLA;05.09.2012 00:00;12.2;21;5;;;;66.7;8.7;;;;;;;;;;;;;0;;;;;;;;;;;0;;0;0
BLA;06.09.2012 00:00;13;21;6.5;;;;67.2;9.6;;;;;;;;;;;;;0;;;;;;;;;;;0;;0;0
BLA;07.09.2012 00:00;12.5;22.5;5;;;;65.8;8.6;;;;;;;;;;;;;0;;;;;;;;;;;0;;0;0
BLA;08.09.2012 00:00;11.8;22.5;4.5;;;;69.2;8.7;;;;;;;;;;;;;0;;;;;;;;;;;0;;8.2;0.2
BLA;09.09.2012 00:00;13;23;6;;;;66.1;8.5;;;;;;;;;;;;;0;;;;;;;;;;;0;;0;0
BLA;10.09.2012 00:00;12.6;21.5;5.5;;;;66;8.6;;;;;;;;;;;;;0;;;;;;;;;;;0;;0;0
BLA;11.09.2012 00:00;12.2;24;6.5;;;;73.6;9.3;;;;;;;;;;;;;13.7;;;;;;;;;;;0;;0;0
BLA;12.09.2012 00:00;7.1;11;4.5;;;;84.2;8.5;;;;;;;;;;;;;6.8;;;;;;;;;;;0;;12.9;4.9
BLA;13.09.2012 00:00;5;10;2.5;;;;55.9;4.5;;;;;;;;;;;;;0.1;;;;;;;;;;;0;;15;7
BLA;14.09.2012 00:00;5.9;16;-2.4;;;;66.8;5.9;;;;;;;;;;;;;0;;;;;;;;;;;0;;14.1;6.1
BLA;15.09.2012 00:00;6.8;16.5;-0.1;;;;77;7.2;;;;;;;;;;;;;0;;;;;;;;;;;0;;13.2;5.2
BLA;16.09.2012 00:00;9.3;19.5;2.2;;;;74.8;7.8;;;;;;;;;;;;;0;;;;;;;;;;;0;;10.7;2.7
BLA;17.09.2012 00:00;11;20;4.2;;;;66.1;8.1;;;;;;;;;;;;;0;;;;;;;;;;;0;;9;1
BLA;18.09.2012 00:00;10.6;20;2.7;;;;62.6;7.4;;;;;;;;;;;;;4.8;;;;;;;;;;;0;;9.4;1.4
BLA;19.09.2012 00:00;8.4;14;5.2;;;;66.2;7.1;;;;;;;;;;;;;0.5;;;;;;;;;;;0;;11.6;3.6
BLA;20.09.2012 00:00;3.9;15;-4.1;;;;52;3.8;;;;;;;;;;;;;0;;;;;;;;;;;0;;16.1;8.1
BLA;21.09.2012 00:00;8.7;18.5;-0.6;;;;64.8;6.7;;;;;;;;;;;;;7.4;;;;;;;;;;;0;;11.3;3.3
BLA;22.09.2012 00:00;10.3;15;8.2;;;;90;11.4;;;;;;;;;;;;;1.2;;;;;;;;;;;0;;9.7;1.7
BLA;23.09.2012 00:00;10.5;19.5;4;;;;75.2;8.7;;;;;;;;;;;;;0;;;;;;;;;;;0;;9.5;1.5
BLA;24.09.2012 00:00;9.7;11.9;7;;;;79.7;10.1;;;;;;;;;;;;;11.9;;;;;;;;;;;0;;10.3;2.3
BLA;25.09.2012 00:00;9.1;17.5;1.5;;;;61.7;6.8;;;;;;;;;;;;;0;;;;;;;;;;;0;;10.9;2.9
BLA;26.09.2012 00:00;10.9;15;7;;;;57.7;7.2;;;;;;;;;;;;;12.4;;;;;;;;;;;0;;9.1;1.1
BLA;27.09.2012 00:00;5.8;14.5;2;;;;84.6;8.2;;;;;;;;;;;;;0;;;;;;;;;;;0;;14.2;6.2
BLA;28.09.2012 00:00;5.6;15.5;-1;;;;73.9;5.9;;;;;;;;;;;;;0.7;;;;;;;;;;;0;;14.4;6.4
BLA;29.09.2012 00:00;8.9;12.5;3.5;;;;85.1;9.8;;;;;;;;;;;;;0.5;;;;;;;;;;;0;;11.1;3.1
BLA;30.09.2012 00:00;8.7;15.5;4.5;;;;87.2;9.7;;;;;;;;;;;;;3.6;;;;;;;;;;;0;;11.3;3.3
BLA;01.10.2012 00:00;8.6;16;7;;;;82.5;9.1;;;;;;;;;;;;;0;;;;;;;;;;;0;;11.4;3.4
BLA;02.10.2012 00:00;8.8;14.5;7;;;;77.6;8.3;;;;;;;;;;;;;0;;;;;;;;;;;0;;11.2;3.2
BLA;03.10.2012 00:00;7.4;16;1.8;;;;65.8;6.2;;;;;;;;;;;;;0;;;;;;;;;;;0;;12.6;4.6
BLA;04.10.2012 00:00;8.2;13.5;4.2;;;;71;7.6;;;;;;;;;;;;;0.1;;;;;;;;;;;0;;11.8;3.8
BLA;05.10.2012 00:00;7.7;18.5;-2.5;;;;66.6;6.7;;;;;;;;;;;;;0;;;;;;;;;;;0;;12.3;4.3
BLA;06.10.2012 00:00;8.2;18;1;;;;60.7;6.1;;;;;;;;;;;;;2.5;;;;;;;;;;;0;;11.8;3.8
BLA;07.10.2012 00:00;9.1;13.5;7;;;;89.2;10.4;;;;;;;;;;;;;11.5;;;;;;;;;;;0;;10.9;2.9
BLA;08.10.2012 00:00;6.7;13.5;1;;;;78.5;7.7;;;;;;;;;;;;;21.7;;;;;;;;;;;0;;13.3;5.3
BLA;09.10.2012 00:00;8.4;11.5;6.5;;;;85.5;9.4;;;;;;;;;;;;;23.1;;;;;;;;;;;0;;11.6;3.6
BLA;10.10.2012 00:00;7.4;9.5;7;;;;89.1;9.1;;;;;;;;;;;;;8.6;;;;;;;;;;;0;;12.6;4.6
BLA;11.10.2012 00:00;5.9;13.5;1;;;;74.9;6.5;;;;;;;;;;;;;0.5;;;;;;;;;;;0;;14.1;6.1
BLA;12.10.2012 00:00;5.7;8.8;3.5;;;;91.1;8.4;;;;;;;;;;;;;3;;;;;;;;;;;0;;14.3;6.3
BLA;13.10.2012 00:00;2.4;11.5;-3;;;;72.6;4.9;;;;;;;;;;;;;0;;;;;;;;;;;0;;17.6;9.6
BLA;14.10.2012 00:00;4;11.5;-3;;;;67.5;5.4;;;;;;;;;;;;;7.6;;;;;;;;;;;0;;16;8
BLA;15.10.2012 00:00;0.7;3.8;-1;;;;85.2;5.5;;;;;;;;;;;;;1;;;;;;;;;;;0;;19.3;11.3
BLA;16.10.2012 00:00;0.5;10.5;-6;;;;68.4;4.5;;;;;;;;;;;;;0;;;;;;;;;;;0;;19.5;11.5
BLA;17.10.2012 00:00;5.7;14;1.5;;;;71.8;6.1;;;;;;;;;;;;;0;;;;;;;;;;;0;;14.3;6.3
BLA;18.10.2012 00:00;6.5;14.5;1;;;;73.1;6.7;;;;;;;;;;;;;0;;;;;;;;;;;0;;13.5;5.5
BLA;19.10.2012 00:00;8;19;2.5;;;;59.6;6.2;;;;;;;;;;;;;0;;;;;;;;;;;0;;12;4
BLA;20.10.2012 00:00;7.7;19.5;1;;;;55.3;5.4;;;;;;;;;;;;;0;;;;;;;;;;;0;;12.3;4.3
BLA;21.10.2012 00:00;11.1;21.5;3.5;;;;61.9;8;;;;;;;;;;;;;0;;;;;;;;;;;0;;8.9;0.9
BLA;22.10.2012 00:00;10.4;18.5;6;;;;71.2;8.6;;;;;;;;;;;;;0;;;;;;;;;;;0;;9.6;1.6
BLA;23.10.2012 00:00;8.8;19.5;4;;;;76.3;8.1;;;;;;;;;;;;;0;;;;;;;;;;;0;;11.2;3.2
BLA;24.10.2012 00:00;7;17;2;;;;75;7;;;;;;;;;;;;;0;;;;;;;;;;;0;;13;5
BLA;25.10.2012 00:00;5.3;15.5;0.5;;;;79.9;7;;;;;;;;;;;;;0;;;;;;;;;;;0;;14.7;6.7
BLA;26.10.2012 00:00;6.8;13;1.2;;;;80;7.6;;;;;;;;;;;;;0.9;;;;;;;;;;;0;;13.2;5.2
BLA;27.10.2012 00:00;3.3;7;1;;;;70.3;5.9;;;;;;;;;;;;;8.5;;;;;;;;;;;0;;16.7;8.7
BLA;28.10.2012 00:00;-5.2;1.5;-6;;;;89.5;3.7;;;;;;;;;;;;;1.5;;;;;;;;;;;0;;25.2;17.2
BLA;29.10.2012 00:00;-6.9;0;-11;;;;78.4;2.8;;;;;;;;;;;;;0;;;;;;;;;;;0;;26.9;18.9
BLA;30.10.2012 00:00;-2.6;6.5;-9;;;;80.9;4.2;;;;;;;;;;;;;0;;;;;;;;;;;0;;22.6;14.6
BLA;31.10.2012 00:00;-0.8;5;-6.5;;;;71.7;4.1;;;;;;;;;;;;;0.6;;;;;;;;;;;0;;20.8;12.8
BLA;01.11.2012 00:00;2.6;7;1;;;;81.5;6;;;;;;;;;;;;;4.3;;;;;;;;;;;0;;17.4;9.4
BLA;02.11.2012 00:00;2.6;8;0.5;;;;78.4;5.9;;;;;;;;;;;;;0.2;;;;;;;;;;;0;;17.4;9.4
BLA;03.11.2012 00:00;4.7;12;0.4;;;;76;6;;;;;;;;;;;;;0;;;;;;;;;;;0;;15.3;7.3
BLA;04.11.2012 00:00;5.8;12.5;1;;;;75.9;6.6;;;;;;;;;;;;;9.6;;;;;;;;;;;0;;14.2;6.2
BLA;05.11.2012 00:00;2.1;4.5;1;;;;86.4;6;;;;;;;;;;;;;2.4;;;;;;;;;;;0;;17.9;9.9
BLA;06.11.2012 00:00;-0.6;3;-2;;;;85.6;5;;;;;;;;;;;;;1.9;;;;;;;;;;;0;;20.6;12.6
BLA;07.11.2012 00:00;-2.2;4;-7;;;;81.2;4.4;;;;;;;;;;;;;0;;;;;;;;;;;0;;22.2;14.2
BLA;08.11.2012 00:00;1.6;8.5;-4;;;;74.1;5.2;;;;;;;;;;;;;2.6;;;;;;;;;;;0;;18.4;10.4
BLA;09.11.2012 00:00;4.3;12;1;;;;84.6;7.1;;;;;;;;;;;;;5.6;;;;;;;;;;;0;;15.7;7.7
BLA;10.11.2012 00:00;4.2;6.2;3;;;;88.2;7.2;;;;;;;;;;;;;17.2;;;;;;;;;;;0;;15.8;7.8
BLA;11.11.2012 00:00;1.3;4;0.5;;;;96.3;6.5;;;;;;;;;;;;;13.3;;;;;;;;;;;0;;18.7;10.7
BLA;12.11.2012 00:00;1.4;5.5;-1.5;;;;79.6;5.5;;;;;;;;;;;;;0;;;;;;;;;;;0;;18.6;10.6
BLA;13.11.2012 00:00;-1;6.5;-5;;;;67.9;3.8;;;;;;;;;;;;;0;;;;;;;;;;;0;;21;13
BLA;14.11.2012 00:00;0.2;8.5;-4;;;;66.3;4;;;;;;;;;;;;;0;;;;;;;;;;;0;;19.8;11.8
BLA;15.11.2012 00:00;0.1;9;-3.1;;;;65.7;4;;;;;;;;;;;;;0;;;;;;;;;;;0;;19.9;11.9
BLA;16.11.2012 00:00;0.4;9.5;-3.5;;;;67.6;4.2;;;;;;;;;;;;;0;;;;;;;;;;;0;;19.6;11.6
BLA;17.11.2012 00:00;0.1;8.5;-3.2;;;;65.8;4.1;;;;;;;;;;;;;0;;;;;;;;;;;0;;19.9;11.9
BLA;18.11.2012 00:00;-0.8;6.5;-4;;;;66.8;3.9;;;;;;;;;;;;;0;;;;;;;;;;;0;;20.8;12.8
BLA;19.11.2012 00:00;-2.1;6.5;-5.5;;;;69.2;3.6;;;;;;;;;;;;;0;;;;;;;;;;;0;;22.1;14.1
BLA;20.11.2012 00:00;-0.7;8;-4.3;;;;71.3;4.1;;;;;;;;;;;;;0;;;;;;;;;;;0;;20.7;12.7
BLA;21.11.2012 00:00;0.5;8;-3.5;;;;71.5;4.7;;;;;;;;;;;;;0;;;;;;;;;;;0;;19.5;11.5
BLA;22.11.2012 00:00;1.6;8;-0.5;;;;77.8;5.1;;;;;;;;;;;;;0;;;;;;;;;;;0;;18.4;10.4
BLA;23.11.2012 00:00;-0.2;6;-4;;;;66.4;4;;;;;;;;;;;;;0;;;;;;;;;;;0;;20.2;12.2
BLA;24.11.2012 00:00;2.8;9.5;-1;;;;58.8;4.2;;;;;;;;;;;;;0;;;;;;;;;;;0;;17.2;9.2
BLA;25.11.2012 00:00;4.6;10;-1.5;;;;58.7;5.1;;;;;;;;;;;;;0.1;;;;;;;;;;;0;;15.4;7.4
BLA;26.11.2012 00:00;4.3;8;1.8;;;;74.2;5.9;;;;;;;;;;;;;0.1;;;;;;;;;;;0;;15.7;7.7
BLA;27.11.2012 00:00;2.4;3.4;1.5;;;;87.3;6.5;;;;;;;;;;;;;1.5;;;;;;;;;;;0;;17.6;9.6
BLA;28.11.2012 00:00;-0.7;1.5;-1.5;;;;96.2;5.6;;;;;;;;;;;;;16.5;;;;;;;;;;;0;;20.7;12.7
BLA;29.11.2012 00:00;-2.1;0;-3;;;;70.3;3.6;;;;;;;;;;;;;0;;;;;;;;;;;0;;22.1;14.1
BLA;30.11.2012 00:00;-10.2;-1.5;-12.5;;;;86.2;2.5;;;;;;;;;;;;;0;;;;;;;;;;;0;;30.2;22.2
BLA;01.12.2012 00:00;-10.1;-2.3;-13.5;;;;92;2.7;;;;;;;;;;;;;0;;;;;;;;;;;0;;30.1;22.1
BLA;02.12.2012 00:00;-6.6;4.5;-8;;;;73.4;2.7;;;;;;;;;;;;;2.1;;;;;;;;;;;0;;26.6;18.6
BLA;03.12.2012 00:00;-8.7;-1;-15;;;;87.4;3.1;;;;;;;;;;;;;34.2;;;;;;;;;;;0;;28.7;20.7
BLA;04.12.2012 00:00;-2.9;-1;-7.4;;;;82.5;4.3;;;;;;;;;;;;;12.4;;;;;;;;;;;0;;22.9;14.9
BLA;05.12.2012 00:00;-5.1;-3.5;-6.2;;;;87.2;3.6;;;;;;;;;;;;;6.7;;;;;;;;;;;0;;25.1;17.1
BLA;06.12.2012 00:00;-9.1;-6;-12.8;;;;65.3;2.1;;;;;;;;;;;;;0.2;;;;;;;;;;;0;;29.1;21.1
BLA;07.12.2012 00:00;-9.1;-5.8;-12.8;;;;80.3;2.6;;;;;;;;;;;;;21.5;;;;;;;;;;;0;;29.1;21.1
BLA;08.12.2012 00:00;-8.1;-4;-12.5;;;;66.8;2.1;;;;;;;;;;;;;1.4;;;;;;;;;;;0;;28.1;20.1
BLA;09.12.2012 00:00;-11.9;-3;-18;;;;84.6;2.3;;;;;;;;;;;;;11.3;;;;;;;;;;;0;;31.9;23.9
BLA;10.12.2012 00:00;-4.9;-2;-8;;;;72.5;2.9;;;;;;;;;;;;;5;;;;;;;;;;;0;;24.9;16.9
BLA;11.12.2012 00:00;-10.1;-4.5;-15;;;;65.7;1.9;;;;;;;;;;;;;0.2;;;;;;;;;;;0;;30.1;22.1
BLA;12.12.2012 00:00;-18;-13.5;-20.5;;;;72;1.1;;;;;;;;;;;;;0;;;;;;;;;;;0;;38;30
BLA;13.12.2012 00:00;-9.9;-2.5;-17.5;;;;70;2;;;;;;;;;;;;;0;;;;;;;;;;;0;;29.9;21.9
BLA;14.12.2012 00:00;-4.1;-0.7;-8.5;;;;71.6;3.3;;;;;;;;;;;;;5.6;;;;;;;;;;;0;;24.1;16.1
BLA;15.12.2012 00:00;-0.4;1.5;-2.5;;;;90.9;5.4;;;;;;;;;;;;;13.1;;;;;;;;;;;0;;20.4;12.4
BLA;16.12.2012 00:00;-0.2;1.5;-1;;;;91.4;5.5;;;;;;;;;;;;;9;;;;;;;;;;;0;;20.2;12.2
BLA;17.12.2012 00:00;-1;1.3;-2;;;;90.5;5.1;;;;;;;;;;;;;20.3;;;;;;;;;;;0;;21;13
BLA;18.12.2012 00:00;-2.8;1.4;-3.4;;;;90.7;4.5;;;;;;;;;;;;;14.2;;;;;;;;;;;0;;22.8;14.8
BLA;19.12.2012 00:00;-11.8;-2;-12.8;;;;81.4;2.1;;;;;;;;;;;;;0;;;;;;;;;;;0;;31.8;23.8
BLA;20.12.2012 00:00;-4.6;0.5;-12.8;;;;88.8;4.2;;;;;;;;;;;;;6.9;;;;;;;;;;;0;;24.6;16.6
BLA;21.12.2012 00:00;-5;0;-8;;;;88.4;3.9;;;;;;;;;;;;;0.4;;;;;;;;;;;0;;25;17
BLA;22.12.2012 00:00;-6;2;-12;;;;85.3;3.5;;;;;;;;;;;;;37.8;;;;;;;;;;;0;;26;18
BLA;23.12.2012 00:00;3.4;8.5;-2;;;;72.6;5.5;;;;;;;;;;;;;0;;;;;;;;;;;0;;16.6;8.6
BLA;24.12.2012 00:00;1.4;2;-0.5;;;;73.1;4.9;;;;;;;;;;;;;0;;;;;;;;;;;0;;18.6;10.6
BLA;25.12.2012 00:00;0.1;5;-3.5;;;;75;4.7;;;;;;;;;;;;;4.3;;;;;;;;;;;0;;19.9;11.9
BLA;26.12.2012 00:00;-2.8;1.5;-6.5;;;;81.8;4.3;;;;;;;;;;;;;0.8;;;;;;;;;;;0;;22.8;14.8
BLA;27.12.2012 00:00;-0.6;1.5;-7;;;;86.2;5.4;;;;;;;;;;;;;105.4;;;;;;;;;;;0;;20.6;12.6
BLA;28.12.2012 00:00;-1.5;2;-3;;;;83.7;4.5;;;;;;;;;;;;;0.3;;;;;;;;;;;0;;21.5;13.5
BLA;29.12.2012 00:00;-6.5;1;-7;;;;82.8;3.1;;;;;;;;;;;;;0;;;;;;;;;;;0;;26.5;18.5
BLA;30.12.2012 00:00;-5.4;-0.5;-7;;;;70.1;2.9;;;;;;;;;;;;;0;;;;;;;;;;;0;;25.4;17.4
BLA;31.12.2012 00:00;-8.5;-1;-12;;;;70.1;2.4;;;;;;;;;;;;;0;;;;;;;;;;;0;;28.5;20.5
BLA;01.01.2013 00:00;-3.7;0;-9;;;;71;3.4;;;;;;;;;;;;;2.1;;;;;;;;;;;0;;23.7;15.7
BLA;02.01.2013 00:00;-8.6;-1;-11;;;;84.4;2.8;;;;;;;;;;;;;0;;;;;;;;;;;0;;28.6;20.6
BLA;03.01.2013 00:00;-5.7;0.5;-14;;;;59.2;2.5;;;;;;;;;;;;;0;;;;;;;;;;;0;;25.7;17.7
BLA;04.01.2013 00:00;-2.6;-0.2;-6.5;;;;72.9;3.7;;;;;;;;;;;;;0;;;;;;;;;;;0;;22.6;14.6
BLA;05.01.2013 00:00;-2.2;0.5;-5.5;;;;95.5;5.1;;;;;;;;;;;;;0;;;;;;;;;;;0;;22.2;14.2
BLA;06.01.2013 00:00;-0.2;10.5;-4;;;;68.7;4;;;;;;;;;;;;;0;;;;;;;;;;;0;;20.2;12.2
BLA;07.01.2013 00:00;-3.7;3;-6.5;;;;70.8;3.3;;;;;;;;;;;;;0;;;;;;;;;;;0;;23.7;15.7
BLA;08.01.2013 00:00;-5.3;4.7;-6.6;;;;63.7;2.6;;;;;;;;;;;;;0;;;;;;;;;;;0;;25.3;17.3
BLA;09.01.2013 00:00;-4.2;1.5;-7.5;;;;64.1;2.9;;;;;;;;;;;;;0;;;;;;;;;;;0;;24.2;16.2
BLA;10.01.2013 00:00;-2.6;0.5;-7;;;;77.7;4;;;;;;;;;;;;;13.2;;;;;;;;;;;0;;22.6;14.6
BLA;11.01.2013 00:00;-2.3;0;-3;;;;91.1;4.7;;;;;;;;;;;;;11.1;;;;;;;;;;;0;;22.3;14.3
BLA;12.01.2013 00:00;-11.4;-4;-15;;;;81.9;2.2;;;;;;;;;;;;;0;;;;;;;;;;;0;;31.4;23.4
BLA;13.01.2013 00:00;-7.1;-1.5;-9;;;;73.6;2.6;;;;;;;;;;;;;0;;;;;;;;;;;0;;27.1;19.1
BLA;14.01.2013 00:00;-6.3;-3;-9;;;;71.3;2.7;;;;;;;;;;;;;0.1;;;;;;;;;;;0;;26.3;18.3
BLA;15.01.2013 00:00;-10.6;-4.5;-17;;;;71.6;2;;;;;;;;;;;;;0.4;;;;;;;;;;;0;;30.6;22.6
BLA;16.01.2013 00:00;-14.5;-7.5;-17;;;;64;1.3;;;;;;;;;;;;;0;;;;;;;;;;;0;;34.5;26.5
BLA;17.01.2013 00:00;-14.5;-7.3;-19;;;;69.2;1.4;;;;;;;;;;;;;0.1;;;;;;;;;;;0;;34.5;26.5
BLA;18.01.2013 00:00;-15.1;-5.4;-20.5;;;;73.7;1.5;;;;;;;;;;;;;0.4;;;;;;;;;;;0;;35.1;27.1
BLA;19.01.2013 00:00;-4.3;-0.5;-12.2;;;;83.1;3.8;;;;;;;;;;;;;0.6;;;;;;;;;;;0;;24.3;16.3
BLA;20.01.2013 00:00;-1.5;4;-7.5;;;;73.7;4.2;;;;;;;;;;;;;0.1;;;;;;;;;;;0;;21.5;13.5
BLA;21.01.2013 00:00;-3.4;-1;-5.5;;;;88.2;4.2;;;;;;;;;;;;;0.1;;;;;;;;;;;0;;23.4;15.4
BLA;22.01.2013 00:00;-5.8;-1;-9;;;;58;2.4;;;;;;;;;;;;;0;;;;;;;;;;;0;;25.8;17.8
BLA;23.01.2013 00:00;-8.8;-1.5;-13;;;;60.1;1.9;;;;;;;;;;;;;0;;;;;;;;;;;0;;28.8;20.8
BLA;24.01.2013 00:00;-10.8;-1;-13;;;;68.5;1.9;;;;;;;;;;;;;0;;;;;;;;;;;0;;30.8;22.8
BLA;25.01.2013 00:00;-11.8;-4.5;-15.2;;;;76.8;2;;;;;;;;;;;;;0;;;;;;;;;;;0;;31.8;23.8
BLA;26.01.2013 00:00;-12.9;-3;-18.5;;;;59.9;1.4;;;;;;;;;;;;;0;;;;;;;;;;;0;;32.9;24.9
BLA;27.01.2013 00:00;-4.7;2;-14;;;;67.2;3.3;;;;;;;;;;;;;5.7;;;;;;;;;;;0;;24.7;16.7
BLA;28.01.2013 00:00;-3.5;2;-8;;;;68.1;3.5;;;;;;;;;;;;;0;;;;;;;;;;;0;;23.5;15.5
BLA;29.01.2013 00:00;-1.9;3;-9;;;;76.5;4.3;;;;;;;;;;;;;8.8;;;;;;;;;;;0;;21.9;13.9
BLA;30.01.2013 00:00;1.9;6.5;-0.5;;;;80.1;5.4;;;;;;;;;;;;;5.9;;;;;;;;;;;0;;18.1;10.1
BLA;31.01.2013 00:00;-1.7;5;-7;;;;53;2.8;;;;;;;;;;;;;2.8;;;;;;;;;;;0;;21.7;13.7
BLA;01.02.2013 00:00;0.3;1.5;-1;;;;94.4;6;;;;;;;;;;;;;34.8;;;;;;;;;;;0;;19.7;11.7
BLA;02.02.2013 00:00;-2.5;1;-4;;;;70.1;3.8;;;;;;;;;;;;;4.3;;;;;;;;;;;0;;22.5;14.5
BLA;03.02.2013 00:00;-6.6;0;-9;;;;46.3;1.7;;;;;;;;;;;;;7.3;;;;;;;;;;;0;;26.6;18.6
BLA;04.02.2013 00:00;-1.5;3.5;-8.5;;;;78.8;4.5;;;;;;;;;;;;;7.6;;;;;;;;;;;0;;21.5;13.5
BLA;05.02.2013 00:00;-1.1;3.5;-3;;;;69.6;3.6;;;;;;;;;;;;;12.4;;;;;;;;;;;0;;21.1;13.1
BLA;06.02.2013 00:00;-7;-4.5;-11.5;;;;83;3.1;;;;;;;;;;;;;3.2;;;;;;;;;;;0;;27;19
BLA;07.02.2013 00:00;-9.1;-4;-12.5;;;;73.3;2.3;;;;;;;;;;;;;2.9;;;;;;;;;;;0;;29.1;21.1
BLA;08.02.2013 00:00;-10.4;-5;-14;;;;72.2;2.1;;;;;;;;;;;;;0.3;;;;;;;;;;;0;;30.4;22.4
BLA;09.02.2013 00:00;-12.1;-6;-18;;;;61.7;1.5;;;;;;;;;;;;;0.3;;;;;;;;;;;0;;32.1;24.1
BLA;10.02.2013 00:00;-14.7;-4.5;-22.5;;;;63.6;1.3;;;;;;;;;;;;;0.4;;;;;;;;;;;0;;34.7;26.7
BLA;11.02.2013 00:00;-6.9;-3;-9.8;;;;79.2;2.8;;;;;;;;;;;;;4.6;;;;;;;;;;;0;;26.9;18.9
BLA;12.02.2013 00:00;-5.8;-2;-11;;;;80.6;3.1;;;;;;;;;;;;;0.2;;;;;;;;;;;0;;25.8;17.8
BLA;13.02.2013 00:00;-10.9;-2;-16.5;;;;71.6;1.9;;;;;;;;;;;;;0;;;;;;;;;;;0;;30.9;22.9
BLA;14.02.2013 00:00;-11.2;-3;-20;;;;57.8;1.6;;;;;;;;;;;;;1.7;;;;;;;;;;;0;;31.2;23.2
BLA;15.02.2013 00:00;-4.1;-1;-6.5;;;;84.2;3.8;;;;;;;;;;;;;1.5;;;;;;;;;;;0;;24.1;16.1
BLA;16.02.2013 00:00;-7.1;0;-13;;;;54.5;2;;;;;;;;;;;;;0;;;;;;;;;;;0;;27.1;19.1
BLA;17.02.2013 00:00;-8.6;0.5;-15.6;;;;57.4;1.7;;;;;;;;;;;;;0;;;;;;;;;;;0;;28.6;20.6
BLA;18.02.2013 00:00;-9.8;0;-15.5;;;;57.5;1.7;;;;;;;;;;;;;0;;;;;;;;;;;0;;29.8;21.8
BLA;19.02.2013 00:00;-8.2;1.3;-16.4;;;;60.6;2.1;;;;;;;;;;;;;0.2;;;;;;;;;;;0;;28.2;20.2
BLA;20.02.2013 00:00;-4.1;2.5;-13;;;;66.7;3.2;;;;;;;;;;;;;0.1;;;;;;;;;;;0;;24.1;16.1
BLA;21.02.2013 00:00;-9.5;-1.5;-15;;;;77.4;2.4;;;;;;;;;;;;;2.4;;;;;;;;;;;0;;29.5;21.5
BLA;22.02.2013 00:00;-11.4;-3.5;-18.5;;;;64.3;1.7;;;;;;;;;;;;;0;;;;;;;;;;;0;;31.4;23.4
BLA;23.02.2013 00:00;-12.5;-2.5;-20;;;;65.9;1.6;;;;;;;;;;;;;1.2;;;;;;;;;;;0;;32.5;24.5
BLA;24.02.2013 00:00;-10.3;-8;-12;;;;82.2;2.3;;;;;;;;;;;;;3.2;;;;;;;;;;;0;;30.3;22.3
BLA;25.02.2013 00:00;-9.4;-1;-16.5;;;;67.5;2.1;;;;;;;;;;;;;0;;;;;;;;;;;0;;29.4;21.4
BLA;26.02.2013 00:00;-8.5;2.5;-15;;;;62.9;2.1;;;;;;;;;;;;;0;;;;;;;;;;;0;;28.5;20.5
BLA;27.02.2013 00:00;-6.7;5;-14;;;;61.2;2.4;;;;;;;;;;;;;0;;;;;;;;;;;0;;26.7;18.7
BLA;28.02.2013 00:00;-1.2;6.5;-7.5;;;;64;3.4;;;;;;;;;;;;;0;;;;;;;;;;;0;;21.2;13.2
BLA;01.03.2013 00:00;-4.2;6;-11;;;;58.2;2.4;;;;;;;;;;;;;0;;;;;;;;;;;0;;24.2;16.2
BLA;02.03.2013 00:00;-4.8;8;-12;;;;58;2.4;;;;;;;;;;;;;0;;;;;;;;;;;0;;24.8;16.8
BLA;03.03.2013 00:00;-2.2;9;-9.5;;;;62.8;3.2;;;;;;;;;;;;;0;;;;;;;;;;;0;;22.2;14.2
BLA;04.03.2013 00:00;-1.9;9.5;-8.5;;;;60.6;3.1;;;;;;;;;;;;;0;;;;;;;;;;;0;;21.9;13.9
BLA;05.03.2013 00:00;-1.1;6.5;-7.5;;;;58.2;3.1;;;;;;;;;;;;;0;;;;;;;;;;;0;;21.1;13.1
BLA;06.03.2013 00:00;1;7.5;-6.5;;;;73.6;4.8;;;;;;;;;;;;;0;;;;;;;;;;;0;;19;11
BLA;07.03.2013 00:00;2.3;9;-2;;;;76.4;5.2;;;;;;;;;;;;;0;;;;;;;;;;;0;;17.7;9.7
BLA;08.03.2013 00:00;1.6;8;-3;;;;79.2;5.1;;;;;;;;;;;;;3.9;;;;;;;;;;;0;;18.4;10.4
BLA;09.03.2013 00:00;0.8;6.5;-4;;;;70.8;4.6;;;;;;;;;;;;;0;;;;;;;;;;;0;;19.2;11.2
BLA;10.03.2013 00:00;-1.1;6;-8;;;;58;3.1;;;;;;;;;;;;;0;;;;;;;;;;;0;;21.1;13.1
BLA;11.03.2013 00:00;-0.5;4.5;-2.6;;;;75;4.3;;;;;;;;;;;;;0.2;;;;;;;;;;;0;;20.5;12.5
BLA;12.03.2013 00:00;-0.9;6.5;-5.5;;;;67;3.6;;;;;;;;;;;;;0;;;;;;;;;;;0;;20.9;12.9
BLA;13.03.2013 00:00;-4;3.5;-10;;;;73.8;3.1;;;;;;;;;;;;;0;;;;;;;;;;;0;;24;16
BLA;14.03.2013 00:00;-6.6;-1.5;-8.6;;;;34.8;1.3;;;;;;;;;;;;;0;;;;;;;;;;;0;;26.6;18.6
BLA;15.03.2013 00:00;-8.5;-2.5;-10.5;;;;36.8;1.1;;;;;;;;;;;;;0;;;;;;;;;;;0;;28.5;20.5
BLA;16.03.2013 00:00;-7;4.6;-16;;;;48.6;1.7;;;;;;;;;;;;;1.8;;;;;;;;;;;0;;27;19
BLA;17.03.2013 00:00;-3.6;1.5;-12.5;;;;69.8;3.2;;;;;;;;;;;;;3.2;;;;;;;;;;;0;;23.6;15.6
BLA;18.03.2013 00:00;-1.7;3;-4;;;;94.8;5.3;;;;;;;;;;;;;13.1;;;;;;;;;;;0;;21.7;13.7
BLA;19.03.2013 00:00;-2.7;2.5;-4.8;;;;70.2;3.2;;;;;;;;;;;;;4;;;;;;;;;;;0;;22.7;14.7
BLA;20.03.2013 00:00;-2;3;-7.5;;;;62.2;3.2;;;;;;;;;;;;;4.7;;;;;;;;;;;0;;22;14
BLA;21.03.2013 00:00;-1.4;3.5;-5;;;;61.4;3;;;;;;;;;;;;;0;;;;;;;;;;;0;;21.4;13.4
BLA;22.03.2013 00:00;2.8;10;-2;;;;70.6;5.2;;;;;;;;;;;;;0;;;;;;;;;;;0;;17.2;9.2
BLA;23.03.2013 00:00;2.5;8.5;-2.5;;;;65.8;4.5;;;;;;;;;;;;;0;;;;;;;;;;;0;;17.5;9.5
BLA;24.03.2013 00:00;2.5;8.5;-1.5;;;;69.4;4.6;;;;;;;;;;;;;0;;;;;;;;;;;0;;17.5;9.5
BLA;25.03.2013 00:00;-0.1;3.5;-2;;;;85;5.1;;;;;;;;;;;;;0.1;;;;;;;;;;;0;;20.1;12.1
BLA;26.03.2013 00:00;-0.7;3.5;-2.5;;;;77;4.5;;;;;;;;;;;;;0.2;;;;;;;;;;;0;;20.7;12.7
BLA;27.03.2013 00:00;-2.5;6.5;-10;;;;54.2;2.3;;;;;;;;;;;;;0;;;;;;;;;;;0;;22.5;14.5
BLA;28.03.2013 00:00;-1.6;4;-3;;;;83.4;4.6;;;;;;;;;;;;;10.3;;;;;;;;;;;0;;21.6;13.6
BLA;29.03.2013 00:00;0.3;4.5;-2.5;;;;91;5.6;;;;;;;;;;;;;6;;;;;;;;;;;0;;19.7;11.7
BLA;30.03.2013 00:00;1.4;4.5;-1;;;;84.2;5.6;;;;;;;;;;;;;4.5;;;;;;;;;;;0;;18.6;10.6
BLA;31.03.2013 00:00;-0.6;3.5;-2.5;;;;53;2.8;;;;;;;;;;;;;0;;;;;;;;;;;0;;20.6;12.6
BLA;01.04.2013 00:00;-3.4;6;-12;;;;48.6;2.2;;;;;;;;;;;;;0;;;;;;;;;;;0;;23.4;15.4
BLA;02.04.2013 00:00;0;9;-7.5;;;;55.5;3.2;;;;;;;;;;;;;0;;;;;;;;;;;0;;20;12
BLA;03.04.2013 00:00;1;8;-7.5;;;;63.2;4.3;;;;;;;;;;;;;0;;;;;;;;;;;0;;19;11
BLA;04.04.2013 00:00;1;7.5;-4.5;;;;60.7;3.7;;;;;;;;;;;;;0;;;;;;;;;;;0;;19;11
BLA;05.04.2013 00:00;1;6;-2.5;;;;73.5;4.6;;;;;;;;;;;;;0;;;;;;;;;;;0;;19;11
BLA;06.04.2013 00:00;2.1;8;-2.5;;;;62.7;4;;;;;;;;;;;;;0;;;;;;;;;;;0;;17.9;9.9
BLA;07.04.2013 00:00;1.4;8;-1.5;;;;69.2;4.4;;;;;;;;;;;;;0;;;;;;;;;;;0;;18.6;10.6
BLA;08.04.2013 00:00;-0.1;4.5;-3.5;;;;74.7;4.6;;;;;;;;;;;;;2.1;;;;;;;;;;;0;;20.1;12.1
BLA;09.04.2013 00:00;-0.8;5;-5;;;;85;5.1;;;;;;;;;;;;;11.7;;;;;;;;;;;0;;20.8;12.8
BLA;10.04.2013 00:00;2.6;8;-4;;;;63.1;4.2;;;;;;;;;;;;;12.2;;;;;;;;;;;0;;17.4;9.4
BLA;11.04.2013 00:00;2.8;9.5;0.9;;;;90.6;6.6;;;;;;;;;;;;;6.1;;;;;;;;;;;0;;17.2;9.2
BLA;12.04.2013 00:00;1.8;8.5;0;;;;81.9;5.5;;;;;;;;;;;;;5.7;;;;;;;;;;;0;;18.2;10.2
BLA;13.04.2013 00:00;2.5;9.5;-4;;;;53.3;3.3;;;;;;;;;;;;;0;;;;;;;;;;;0;;17.5;9.5
BLA;14.04.2013 00:00;5.6;13;-0.5;;;;59.7;4.9;;;;;;;;;;;;;0;;;;;;;;;;;0;;14.4;6.4
BLA;15.04.2013 00:00;6.1;14;0.5;;;;61.6;5.1;;;;;;;;;;;;;0;;;;;;;;;;;0;;13.9;5.9
BLA;16.04.2013 00:00;6.8;13.5;2.5;;;;62.5;5.7;;;;;;;;;;;;;0;;;;;;;;;;;0;;13.2;5.2
BLA;17.04.2013 00:00;7;13.5;1;;;;61.6;5.4;;;;;;;;;;;;;0;;;;;;;;;;;0;;13;5
BLA;18.04.2013 00:00;7;14.5;1.5;;;;67.5;6;;;;;;;;;;;;;0;;;;;;;;;;;0;;13;5
BLA;19.04.2013 00:00;1.9;5;0;;;;93.5;6.8;;;;;;;;;;;;;30.9;;;;;;;;;;;0;;18.1;10.1
BLA;20.04.2013 00:00;0.5;8;-2.5;;;;90.5;5.9;;;;;;;;;;;;;1.1;;;;;;;;;;;0;;19.5;11.5
BLA;21.04.2013 00:00;4;11;1;;;;83.3;6.4;;;;;;;;;;;;;0.4;;;;;;;;;;;0;;16;8
BLA;22.04.2013 00:00;4;8.5;1;;;;75.1;5.5;;;;;;;;;;;;;0;;;;;;;;;;;0;;16;8
BLA;23.04.2013 00:00;5;12;0.4;;;;64.8;5.3;;;;;;;;;;;;;0;;;;;;;;;;;0;;15;7
BLA;24.04.2013 00:00;5.4;13;0;;;;60.2;5.5;;;;;;;;;;;;;0;;;;;;;;;;;0;;14.6;6.6
BLA;25.04.2013 00:00;6.6;15.5;-0.2;;;;55.3;4.5;;;;;;;;;;;;;0;;;;;;;;;;;0;;13.4;5.4
BLA;26.04.2013 00:00;7.6;15.4;3;;;;69.5;6.6;;;;;;;;;;;;;0;;;;;;;;;;;0;;12.4;4.4
BLA;27.04.2013 00:00;4.6;10.5;2.5;;;;85.9;7.1;;;;;;;;;;;;;27.4;;;;;;;;;;;0;;15.4;7.4
BLA;28.04.2013 00:00;4.2;11.5;-0.5;;;;79;6.1;;;;;;;;;;;;;0.5;;;;;;;;;;;0;;15.8;7.8
BLA;29.04.2013 00:00;5.2;9.5;3;;;;87.3;7.5;;;;;;;;;;;;;1.4;;;;;;;;;;;0;;14.8;6.8
BLA;30.04.2013 00:00;9.7;15;3.5;;;;58.2;6.6;;;;;;;;;;;;;0.6;;;;;;;;;;;0;;10.3;2.3
BLA;01.05.2013 00:00;7.7;16.5;4;;;;68.3;7.2;;;;;;;;;;;;;1.9;;;;;;;;;;;0;;12.3;4.3
BLA;02.05.2013 00:00;6.9;17;1;;;;78;6.4;;;;;;;;;;;;;9.2;;;;;;;;;;;0;;13.1;5.1
BLA;03.05.2013 00:00;5.1;8.5;2;;;;74;6.6;;;;;;;;;;;;;6.5;;;;;;;;;;;0;;14.9;6.9
BLA;04.05.2013 00:00;6;12.5;1.5;;;;63.3;5.8;;;;;;;;;;;;;0;;;;;;;;;;;0;;14;6
BLA;05.05.2013 00:00;7.5;16;0;;;;59.9;5.3;;;;;;;;;;;;;2.3;;;;;;;;;;;0;;12.5;4.5
BLA;06.05.2013 00:00;7.1;10.5;4.5;;;;81.9;8.3;;;;;;;;;;;;;2.4;;;;;;;;;;;0;;12.9;4.9
BLA;07.05.2013 00:00;8.6;14.5;3;;;;61.1;6.1;;;;;;;;;;;;;0;;;;;;;;;;;0;;11.4;3.4
BLA;08.05.2013 00:00;9.5;17;1;;;;54.3;5.8;;;;;;;;;;;;;0.1;;;;;;;;;;;0;;10.5;2.5
BLA;09.05.2013 00:00;10.4;17;6.5;;;;73.6;8.4;;;;;;;;;;;;;10.7;;;;;;;;;;;0;;9.6;1.6
BLA;10.05.2013 00:00;7.6;13.5;5.5;;;;78.6;8.3;;;;;;;;;;;;;4;;;;;;;;;;;0;;12.4;4.4
BLA;11.05.2013 00:00;6.6;12.5;3.2;;;;62.5;5.5;;;;;;;;;;;;;0;;;;;;;;;;;0;;13.4;5.4
BLA;12.05.2013 00:00;4.3;10.4;2;;;;61.1;5;;;;;;;;;;;;;0;;;;;;;;;;;0;;15.7;7.7
BLA;13.05.2013 00:00;5.7;12;-1.5;;;;54.1;5.4;;;;;;;;;;;;;0;;;;;;;;;;;0;;14.3;6.3
BLA;14.05.2013 00:00;9.3;17;2;;;;59.3;6.4;;;;;;;;;;;;;0.6;;;;;;;;;;;0;;10.7;2.7
BLA;15.05.2013 00:00;8.5;13;5;;;;56.8;5.8;;;;;;;;;;;;;0;;;;;;;;;;;0;;11.5;3.5
BLA;16.05.2013 00:00;6.5;10;4;;;;84;8.5;;;;;;;;;;;;;22.7;;;;;;;;;;;0;;13.5;5.5
BLA;17.05.2013 00:00;3.2;9.5;1.5;;;;94.9;7.4;;;;;;;;;;;;;6.1;;;;;;;;;;;0;;16.8;8.8
BLA;18.05.2013 00:00;6.3;13;0.5;;;;62.9;5.1;;;;;;;;;;;;;23.6;;;;;;;;;;;0;;13.7;5.7
BLA;19.05.2013 00:00;4.2;9.5;0.5;;;;82.5;6.3;;;;;;;;;;;;;6.2;;;;;;;;;;;0;;15.8;7.8
BLA;20.05.2013 00:00;5.4;9.5;2.5;;;;62.7;5;;;;;;;;;;;;;0;;;;;;;;;;;0;;14.6;6.6
BLA;21.05.2013 00:00;4.4;6.4;2;;;;83.9;7;;;;;;;;;;;;;1.8;;;;;;;;;;;0;;15.6;7.6
BLA;22.05.2013 00:00;5.9;11;2.5;;;;65.6;6.3;;;;;;;;;;;;;3.2;;;;;;;;;;;0;;14.1;6.1
BLA;23.05.2013 00:00;2.9;9;-2.5;;;;76.4;5.4;;;;;;;;;;;;;0.7;;;;;;;;;;;0;;17.1;9.1
BLA;24.05.2013 00:00;1.4;6;-1.5;;;;48.7;3.1;;;;;;;;;;;;;0;;;;;;;;;;;0;;18.6;10.6
BLA;25.05.2013 00:00;1.6;6.5;-3;;;;54.7;3.7;;;;;;;;;;;;;1.1;;;;;;;;;;;0;;18.4;10.4
BLA;26.05.2013 00:00;3;7.5;-1;;;;62.7;4.2;;;;;;;;;;;;;0;;;;;;;;;;;0;;17;9
BLA;27.05.2013 00:00;6.6;15;-5;;;;58;5.4;;;;;;;;;;;;;0.7;;;;;;;;;;;0;;13.4;5.4
BLA;28.05.2013 00:00;8.8;14;4;;;;62.6;6.3;;;;;;;;;;;;;14.6;;;;;;;;;;;0;;11.2;3.2
BLA;29.05.2013 00:00;2.4;7;-0.5;;;;83.1;5.8;;;;;;;;;;;;;1.8;;;;;;;;;;;0;;17.6;9.6
BLA;30.05.2013 00:00;4;8;-0.5;;;;65.1;5.1;;;;;;;;;;;;;0.1;;;;;;;;;;;0;;16;8
BLA;31.05.2013 00:00;3.4;6;1.7;3.8;7.7;0.9;80;8.2;837.5;;1418.3;;1008.5;;;;;;;;37.3;16;;89;;;;91;0;0;;0;;16.6;8.6
BLA;01.06.2013 00:00;5.6;8;2.8;6.1;10.5;2.5;95;8.7;842.4;;1465.5;;1014.3;;;;;;;;7.8;27.5;;84;;;;81;11;2;;0;;14.4;6.4
BLA;02.06.2013 00:00;7.5;12.7;1.7;8.6;20;-1.5;75.1;7.4;846.4;;1504.2;;1018.9;;;;;;;;0;1.6;;256;;;;152;250;34;;0;;12.5;4.5
BLA;03.06.2013 00:00;7.5;13.7;0.6;8.9;21.4;-2.3;75;7.5;846.6;;1505.8;;1019.2;;;;;;;;0;0;;346;;;;145;523;72;;0;;12.5;4.5
BLA;04.06.2013 00:00;8.9;14.9;3.1;9.9;21.7;0.8;80;9;845.6;;1496.2;;1018;;;;;;;;0;0;;283;;;;109;447;61;;0;;11.1;3.1
BLA;05.06.2013 00:00;10.1;17.3;2.9;10.4;25.3;-0.5;70;9;846.5;;1504.6;;1019;;;;;;;;0;0;;297;;;;82;487;67;;0;;9.9;1.9
BLA;06.06.2013 00:00;11.3;18.2;4.1;11.9;26.4;0.4;58.6;7.3;848.3;;1522.2;;1021.1;;;;;;;;0;0;;330;;;;62;628;86;;0;;8.7;0.7
BLA;07.06.2013 00:00;11.5;18.2;4.3;12.5;26.3;0.7;54.3;6.8;849.1;;1529.5;;1022;;;;;;;;0;0;;363;;;;54;671;92;;0;;8.5;0.5
BLA;08.06.2013 00:00;12.1;18.8;4.5;13;26.9;0.8;56.3;7.5;846.1;;1499.7;;1018.5;;;;;;;;0.7;0.7;;305;;;;110;508;69;;0;;0;0
BLA;09.06.2013 00:00;9;12.1;6.2;9.3;15.4;3.7;80.1;9.2;841.2;;1452.6;;1012.9;;;;;;;;4.9;3.3;;135;;;;127;4;1;;0;;11;3
BLA;10.06.2013 00:00;8.1;11.7;5.9;9.3;16.8;5.2;87.5;9.4;842.5;;1465.8;;1014.4;;;;;;;;1.3;2.9;;152;;;;136;32;4;;0;;11.9;3.9
BLA;11.06.2013 00:00;10;15.9;5;11.7;25.1;0.9;69.7;8.1;847;;1509.1;;1019.6;;;;;;;;0;0;;311;;;;151;401;54;;0;;10;2
BLA;12.06.2013 00:00;11;18.7;2.9;11.5;27.8;-0.6;61;7.6;850.9;;1548;;1024.2;;;;;;;;0;0;;274;;;;146;360;49;;0;;9;1
BLA;13.06.2013 00:00;14.8;22.5;5.5;16.3;29.2;1.7;60.7;9.6;850.4;;1542.8;;1023.6;;;;;;;;3.9;2.8;;367;;;;53;700;95;;0;;0;0
BLA;14.06.2013 00:00;13.9;19.9;9.2;15.7;26.9;8.1;76.7;11.8;849;;1529.2;;1022;;;;;;;;0;1.1;;292;;;;105;364;49;;0;;0;0
BLA;15.06.2013 00:00;14.4;19.1;10;14.8;25.9;8;66;10.5;849.1;;1529.9;;1022;;;;;;;;0.7;0.7;;152;;;;106;106;14;;0;;0;0
BLA;16.06.2013 00:00;15.4;23.3;6.8;16.5;31.1;4.4;58.9;9.6;849.4;;1532.7;;1022.4;;;;;;;;0;0;;374;;;;45;736;100;;0;;0;0
BLA;17.06.2013 00:00;17.1;25.1;9.2;18.3;33.1;4.8;57.5;10.6;849.9;;1538;;1023;;;;;;;;0;0;;366;;;;66;736;100;;0;;0;0
BLA;18.06.2013 00:00;18;25.3;10.2;19.5;34.2;6.8;53.3;10.4;850.3;;1541.8;;1023.4;;;;;;;;0;0;;363;;;;71;729;99;;0;;0;0
BLA;19.06.2013 00:00;16.6;23.9;9.6;16.6;32.7;6.3;56.6;10.3;849.6;;1534.6;;1022.6;1.5;14.1;5.4;50.8;12.5;45;;0;0;;268;;;;100;364;49;4.4;0;55;0;0
BLA;20.06.2013 00:00;12.5;19;8.2;11.7;19.2;6.1;79.8;11.4;847.8;;1517;;1020.5;1.5;13;5.4;46.8;12.7;45.7;;23.1;23.1;;95;;;;74;46;6;2;0;63;0;0
BLA;21.06.2013 00:00;11.5;16.9;6.8;13.2;24.2;6.4;85.2;11.4;847.6;;1515.6;;1020.3;1.3;6.4;4.7;23;5.9;21.2;;18.6;14.7;;207;;;;126;212;29;2.9;0;217;8.5;0.5
BLA;22.06.2013 00:00;10.6;16.3;6.6;11.9;26.9;3.8;86.1;10.9;849;;1528.9;;1021.9;1;7.3;3.6;26.3;6.7;24.1;;0;3.9;;186;;;;137;108;15;2.6;0;270;9.4;1.4
BLA;23.06.2013 00:00;11.1;16.3;5.7;12.5;23.6;3.3;70.7;9.3;847.2;;1510.8;;1019.8;1.5;8.3;5.4;29.9;7.9;28.4;;0.6;0.6;;252;;;;120;336;46;3.4;0;225;8.9;0.9
BLA;24.06.2013 00:00;6.8;10.5;3.4;7.7;18.5;1.6;70.9;6.9;848.9;;1528.2;;1021.8;1.4;8.1;5;29.2;7.9;28.4;;0.4;0.4;;173;;;;140;67;9;2.3;0;225;13.2;5.2
BLA;25.06.2013 00:00;7;12.1;0.9;9.5;22;-1;64.1;6.1;850.8;;1546.7;;1024;1.5;9.4;5.4;33.8;8.7;31.3;;0;0;;406;;;;114;662;90;4.4;0;243;13;5
BLA;26.06.2013 00:00;6.8;13.1;-0.1;8.4;21.6;-2.7;61.9;5.7;852.6;;1564.5;;1026.2;1.6;12.2;5.8;43.9;11.3;40.7;;0;0;;397;;;;72;719;97;4.3;0;270;13.2;5.2
BLA;27.06.2013 00:00;5.4;9.9;0.6;5.7;15;-3;73.6;6.5;851;;1548.4;;1024.2;1.4;8.7;5;31.3;8.5;30.6;;0.1;0.1;;160;;;;128;97;13;2.1;0;270;14.6;6.6
BLA;28.06.2013 00:00;6.2;12.2;0.6;7.3;20.9;-1.5;68.6;6.3;849.4;;1532.6;;1022.3;1.3;8.6;4.7;31;8.3;29.9;;0;0;;251;;;;113;396;54;3;0;360;13.8;5.8
BLA;29.06.2013 00:00;5.1;10.4;0.9;4.8;13.4;-2.4;92.2;8.2;851.3;;1551.7;;1024.6;1.1;6;4;21.6;5.8;20.9;;24.1;24.1;;78;;;;67;34;5;1.2;0;53;14.9;6.9
BLA;30.06.2013 00:00;9.1;16.9;1.2;10.5;23.9;-0.8;75.7;8.4;851.6;;1554.5;;1025;1.5;8.6;5.4;31;8;28.8;;0;0;;383;;;;52;737;100;4.4;0;225;10.9;2.9
BLA;01.07.2013 00:00;12.3;20.5;3;13.2;26.8;-1.3;62.5;8.2;849.8;;1536.7;;1022.9;1.3;8.4;4.7;30.2;8.2;29.5;;0;0;;382;;;;46;719;98;4.9;0;217;0;0
BLA;02.07.2013 00:00;13.4;21;7.5;14.4;28.6;3.4;67.3;9.6;849.1;;1529.7;;1022;1.4;7.8;5;28.1;7.5;27;;3.6;3.6;;269;;;;130;295;40;4;0;252;0;0
BLA;03.07.2013 00:00;10.6;12.8;8.7;10.7;14;8.1;94.5;12.1;847.5;;1514;;1020.2;0.8;4.6;2.9;16.6;4.2;15.1;;14.5;13.6;;59;;;;57;1;0;1.1;0;56;9.4;1.4
BLA;04.07.2013 00:00;12.4;18.6;7.1;14.7;25.9;4.3;83.1;11.8;851.5;;1554.1;;1024.9;1.6;6.5;5.8;23.4;6;21.6;;0;0.9;;392;;;;109;666;91;4.9;0;254;0;0
BLA;05.07.2013 00:00;13.8;21.4;7.4;15.4;27;3.9;72.2;10.9;855.6;;1594.6;;1029.6;1.4;7.7;5;27.7;7.4;26.6;;0;0;;369;;;;48;730;100;5;0;225;0;0
BLA;06.07.2013 00:00;14.5;23;6.9;15.2;30;2.9;62.2;9.5;855.3;;1591.2;;1029.2;1.5;12.2;5.4;43.9;11.1;40;;0;0;;370;;;;48;728;100;5.2;0;18;0;0
BLA;07.07.2013 00:00;15.6;23.1;7.2;16.8;31.3;2.1;60;10;855;;1588.1;;1028.8;1.3;8.5;4.7;30.6;8.1;29.2;;0;0;;376;;;;62;728;100;5.3;0;243;0;0
BLA;08.07.2013 00:00;15.4;21.5;10.4;16.8;28.3;7.9;74.2;12.7;855.4;;1592.1;;1029.3;1.3;7.9;4.7;28.4;7.4;26.6;;1.3;1.3;;234;;;;100;409;56;3.6;0;211;0;0
BLA;09.07.2013 00:00;13.7;21;8;14.8;28.4;4.9;79.2;11.9;852.8;;1567;;1026.4;1;5.6;3.6;20.2;5.5;19.8;;3.3;3.3;;205;;;;107;300;41;3.2;0;90;0;0
BLA;10.07.2013 00:00;14;20.9;7.1;15.1;29.7;4;73;11.2;848.8;;1526.4;;1021.7;1.2;11.4;4.3;41;10.5;37.8;;0;0;;270;;;;124;409;56;3.9;0;225;0;0
BLA;11.07.2013 00:00;14.4;22.4;7.1;15.9;30.9;4.1;64.5;9.9;847;;1509.1;;1019.6;1.5;11.6;5.4;41.8;11.1;40;;0;0;;358;;;;54;718;99;5;0;18;0;0
BLA;12.07.2013 00:00;14.4;22.7;5.9;15.9;30.7;2.3;57.2;8.7;849.2;;1530.4;;1022.1;1.4;11.6;5;41.8;11;39.6;;0;0;;366;;;;64;727;100;5.1;0;31;0;0
BLA;13.07.2013 00:00;13.5;21.8;6.5;14.7;30.6;3.2;65.8;9.6;850.3;;1542.2;;1023.5;1.3;12.2;4.7;43.9;11.9;42.8;;0.5;0.5;;336;;;;85;611;84;4.7;0;270;0;0
BLA;14.07.2013 00:00;14.3;22.7;6.4;15.8;31;3.1;58.1;8.7;851.4;;1552.9;;1024.7;1.6;11.3;5.8;40.7;10.5;37.8;;0;0;;356;;;;72;723;100;5.1;0;34;0;0
BLA;15.07.2013 00:00;14.5;22.3;6.8;15.8;31.8;3.1;59.9;9.3;852.4;;1562.5;;1025.9;1.5;11.5;5.4;41.4;10.8;38.9;;0;0;;343;;;;82;648;89;4.9;0;37;0;0
BLA;16.07.2013 00:00;16.8;24.5;8.2;19.2;33.9;4.7;61.3;10.9;852.7;;1565.4;;1026.2;1.4;7.9;5;28.4;7.2;25.9;;3.5;2.7;;363;;;;74;719;99;5.3;0;219;0;0
BLA;17.07.2013 00:00;14.4;21.1;11;15.2;29.5;10.4;82.6;13.2;853.1;;1569.8;;1026.7;1.2;6.8;4.3;24.5;6.3;22.7;;6.6;7;;157;;;;123;104;14;2.7;0;45;0;0
BLA;18.07.2013 00:00;12.6;17.1;8.3;13.2;22.6;6;85.6;12.4;851.8;;1556.4;;1025.1;1;5;3.6;18;4.9;17.6;;0.4;0.8;;141;;;;97;161;22;2.2;0;90;0;0
BLA;19.07.2013 00:00;13.4;19.8;6.8;14.1;27.4;4.1;74.1;11;850.9;;1548.2;;1024.2;1.1;6;4;21.6;5.8;20.9;;0;0;;224;;;;102;340;47;3.3;0;207;0;0
BLA;20.07.2013 00:00;14.4;21;8.1;16;28.1;6.2;75.1;11.9;850.5;;1544.3;;1023.7;1.3;8.8;4.7;31.7;8.4;30.2;;0.2;0.2;;263;;;;90;507;70;3.8;0;225;0;0
BLA;21.07.2013 00:00;15;23.7;9;16.6;31.6;6.3;73;11.8;851.7;;1555.5;;1025;1.2;10.4;4.3;37.4;9.8;35.3;;4.7;4.7;;295;;;;78;513;71;4.4;0;225;0;0
BLA;22.07.2013 00:00;15.8;24.6;8.7;16.9;34.2;5.9;65.6;11.2;851.3;;1552.2;;1024.6;1.3;9.9;4.7;35.6;9.5;34.2;;0.2;0.2;;306;;;;69;565;78;4.6;0;0;0;0
BLA;23.07.2013 00:00;15.7;23.7;8;16.6;31.6;5.1;62;10.5;849.2;;1531.2;;1022.2;1.3;7;4.7;25.2;6.7;24.1;;0;0;;276;;;;63;490;68;4.2;0;90;0;0
BLA;24.07.2013 00:00;14.7;21.6;9.9;14.8;28.4;6.2;69.9;11.3;850.2;;1541;;1023.3;0.9;6.3;3.2;22.7;6.1;22;;0;0;;158;;;;95;169;24;2.7;0;90;0;0
BLA;25.07.2013 00:00;16.7;23.3;10;17.5;31.2;7.4;60.7;11.2;851.4;;1552.6;;1024.7;1.1;5.9;4;21.2;5.5;19.8;;0;0;;229;;;;122;292;41;3.7;0;56;0;0
BLA;26.07.2013 00:00;17.9;26.1;10.1;18.9;34.5;6.4;60.2;11.6;850.4;;1542.7;;1023.6;1.2;7.3;4.3;26.3;7.2;25.9;;0;0;;312;;;;78;591;83;4.8;0;207;0;0
BLA;27.07.2013 00:00;19.2;27.4;11.3;20.2;35.2;8.3;58.1;12.2;848.2;;1520.6;;1021;1.4;8.5;5;30.6;8.2;29.5;;0;0;;312;;;;82;626;88;5;0.9;214;0;0
BLA;28.07.2013 00:00;19.2;25.8;14;19.3;35.7;10.5;55.8;11.9;847.2;;1510.1;;1019.8;1.6;10.6;5.8;38.2;9.5;34.2;;9.8;0;;221;;;;101;305;43;4.1;0.9;61;0;0
BLA;29.07.2013 00:00;10.7;14.4;8.2;11;13.8;7.9;94.5;12.2;850.1;;1539.4;;1023.2;1.3;10;4.7;36;9;32.4;;26.1;35.7;;50;;;;47;0;0;1.1;0;217;9.3;1.3
BLA;30.07.2013 00:00;12.7;19.5;7.6;14.9;29.2;4.1;71.6;10;853.3;;1571.6;;1026.9;1.4;9.6;5;34.6;9.1;32.8;;0;0.2;;345;;;;73;590;83;4.5;0;360;0;0
BLA;31.07.2013 00:00;14;23.7;5.8;15.1;30.2;2.4;65.3;9.7;853.2;;1570.1;;1026.8;1.3;8.7;4.7;31.3;8.5;30.6;;0;0;;343;;;;31;707;100;4.8;0;236;0;0
BLA;01.08.2013 00:00;16.7;25.9;8.6;17;31.5;3.9;55.3;9.7;852;;1558.4;;1025.4;1.2;6.8;4.3;24.5;6.7;24.1;;0;0;;343;;;;31;706;100;5;0;214;0;0
BLA;02.08.2013 00:00;17.9;27;9.8;18.3;33.7;5.6;54.5;10.5;852.3;;1561.4;;1025.7;1.2;6.3;4.3;22.7;6;21.6;;0;0;;335;;;;43;703;100;5.1;0;180;0;0
BLA;03.08.2013 00:00;17.4;25;11.5;17.5;32.6;6.8;62.8;12.3;853;;1569.2;;1026.6;1.5;9.6;5.4;34.6;9.2;33.1;;0;0;;227;;;;104;345;50;3.9;0;207;0;0
BLA;04.08.2013 00:00;17.2;25.4;9.9;18;33.4;7;64.1;12;853.6;;1575.1;;1027.3;1.5;11.3;5.4;40.7;10.5;37.8;;0.8;0.8;;306;;;;81;570;82;4.7;0;243;0;0
BLA;05.08.2013 00:00;18.2;26.4;9.8;19.7;34.5;6.6;63.9;12.7;851.6;;1554.3;;1024.9;1.4;7.7;5;27.7;7.3;26.3;;0.8;0.8;;311;;;;63;642;93;4.8;0;225;0;0
BLA;06.08.2013 00:00;16.5;25.1;10.4;17.1;33.9;7.5;68.6;12.3;849.9;;1537.8;;1023;1.3;10.3;4.7;37.1;9.2;33.1;;1;1;;249;;;;82;458;67;4;0;90;0;0
BLA;07.08.2013 00:00;12.7;16.6;10.3;12.2;19.3;8.7;89.5;13.1;846.7;;1506.6;;1019.3;1.3;8.4;4.7;30.2;7.8;28.1;;27.2;27.2;;51;;;;48;3;0;1.2;0;79;0;0
BLA;08.08.2013 00:00;11.9;16;9.9;12.6;23.6;10;93;12.9;848.1;;1519.8;;1020.8;1.1;7;4;25.2;6.4;23;;14.4;14.2;;95;;;;78;31;5;1.6;0;180;8.1;0.1
BLA;09.08.2013 00:00;11.2;15.4;5.1;12.1;19.6;2.3;89.5;12;851.3;;1551.7;;1024.6;1.3;5.7;4.7;20.5;5.4;19.4;;0.2;0.4;;136;;;;126;18;3;1.8;0;236;8.8;0.8
BLA;10.08.2013 00:00;10.6;18.9;3.3;12.3;28;0.7;71.6;8.8;851.4;;1552.9;;1024.8;1.2;11.6;4.3;41.8;11;39.6;;0;0;;323;;;;39;662;100;3.9;0;270;9.4;1.4
BLA;11.08.2013 00:00;12;20.2;5;13.3;27.9;2;74.4;10.1;850.6;;1544.3;;1023.7;1.2;7.3;4.3;26.3;7;25.2;;0;0;;311;;;;43;634;98;3.9;0;225;8;0
BLA;12.08.2013 00:00;13.9;22.8;6.2;14.6;30.1;3.4;66.7;9.9;849.6;;1534.8;;1022.6;1.1;9.6;4;34.6;9.2;33.1;;0.6;0;;269;;;;58;472;75;3.8;0;236;0;0
BLA;13.08.2013 00:00;13.7;20.1;7.3;13.9;30.5;3.8;68.6;10.4;849.5;;1534;;1022.5;1.1;8.1;4;29.2;7.7;27.7;;0;0.6;;178;;;;92;199;32;2.7;0;153;0;0
BLA;14.08.2013 00:00;11.1;18.4;4.4;12.6;27.2;0.7;73.1;9.4;850.3;;1541.6;;1023.4;1.4;9.8;5;35.3;9.5;34.2;;0;0;;305;;;;69;566;91;3.7;0;243;8.9;0.9
BLA;15.08.2013 00:00;12.3;20;4.8;13.6;28.1;1.6;74.1;10.1;851.7;;1555.8;;1025.1;1.3;7.5;4.7;27;7.2;25.9;;0;0;;303;;;;37;620;100;3.8;0;225;0;0
BLA;16.08.2013 00:00;13.8;21.5;6.9;14.5;30.6;3.6;71.7;10.8;851.1;;1549.7;;1024.4;1.2;7.1;4.3;25.6;7;25.2;;0;0;;273;;;;61;477;77;3.7;0;202;0;0
BLA;17.08.2013 00:00;14.6;22.2;7.9;16;31.2;4.9;70;11.1;850.6;;1544.2;;1023.7;1.2;7.6;4.3;27.4;7.4;26.6;;0;0;;290;;;;67;537;87;3.9;0;214;0;0
BLA;18.08.2013 00:00;15;22.5;8.3;15.5;31.8;5.1;71;11.6;850.4;;1542.8;;1023.5;1.3;9;4.7;32.4;8;28.8;;0.1;0;;215;;;;77;366;60;3.3;0;180;0;0
BLA;19.08.2013 00:00;12.4;16.8;8.9;12.1;21;7.1;87.8;12.7;850.7;;1546.1;;1023.9;1.2;8.8;4.3;31.7;8.2;29.5;;5.8;5.9;;61;;;;55;4;1;1.3;0;72;0;0
BLA;20.08.2013 00:00;10.6;18.5;4;11.2;26.9;0.4;63.6;7.7;853.3;;1570.6;;1026.9;1.4;7.3;5;26.3;7;25.2;;0;0;;298;;;;31;609;100;3.7;0;225;9.4;1.4
BLA;21.08.2013 00:00;11.3;20.4;3.8;11.8;28.8;-0.6;67;8.4;852;;1558.8;;1025.5;1.1;6.5;4;23.4;6.2;22.3;;0;0;;295;;;;31;605;100;3.7;0;236;8.7;0.7
BLA;22.08.2013 00:00;13.4;21.4;5.7;14.1;28.2;1.2;71.4;10.5;849.3;;1532.1;;1022.3;1.2;7.3;4.3;26.3;6.8;24.5;;0;0;;281;;;;37;600;100;3.6;0;217;0;0
BLA;23.08.2013 00:00;14.9;21.8;9.4;15.8;30.4;5.5;68.5;11.1;848.3;;1521.9;;1021.1;1.4;9.4;5;33.8;9.3;33.5;;0;0;;266;;;;75;437;74;3.7;0;214;0;0
BLA;24.08.2013 00:00;10.7;17.3;6.8;10;23.4;4.8;84.9;10.8;846.2;;1501.9;;1018.7;1;4.7;3.6;16.9;4.5;16.2;;14.1;14.1;;83;;;;68;37;6;1.6;0;90;9.3;1.3
BLA;25.08.2013 00:00;8.9;13;5.1;9.9;19.3;3.2;86.1;9.7;842.7;;1467.3;;1014.6;1.1;7.3;4;26.3;6.9;24.8;;0.6;0.6;;159;;;;112;122;21;2;0;211;11.1;3.1
BLA;26.08.2013 00:00;9.3;13.9;4.8;10.5;22.4;2.9;82.9;9.6;842.9;;1469.2;;1014.8;1;6;3.6;21.6;5.8;20.9;;2.3;1.9;;171;;;;96;163;28;2.1;0;207;10.7;2.7
BLA;27.08.2013 00:00;8.4;13.2;5.8;8.6;19.2;4.3;91;10;844;;1480.4;;1016.1;1;6.2;3.6;22.3;5.8;20.9;;4.1;4.5;;89;;;;72;49;8;1.4;0;72;11.6;3.6
BLA;28.08.2013 00:00;8.7;16.5;3.6;9.1;23.8;1.3;80.8;8.9;847.4;;1513;;1020;1;7.8;3.6;28.1;7.3;26.3;;0.3;0.3;;175;;;;114;199;34;2.3;0;45;11.3;3.3
BLA;29.08.2013 00:00;10.5;18.5;4.3;11.2;25.4;1.6;75.8;9.2;850.3;;1541.8;;1023.5;1.3;8.3;4.7;29.9;7.7;27.7;;0;0;;268;;;;79;448;77;3.2;0;225;9.5;1.5
BLA;30.08.2013 00:00;11.3;19.1;4.9;12;26.4;2.1;74.3;9.6;850.9;;1548;;1024.2;1.3;7.6;4.7;27.4;7.4;26.6;;0;0;;281;;;;55;552;97;3.4;0;194;8.7;0.7
BLA;31.08.2013 00:00;11.5;19.4;5.2;12.1;26.9;2.1;71.6;9.2;852.3;;1561;;1025.7;1.3;12.9;4.7;46.4;12;43.2;;0;0;;256;;;;45;539;95;3.2;0;45;8.5;0.5
BLA;01.09.2013 00:00;10.6;18.1;5.3;10.7;25.5;2.1;71.5;8.7;853.1;;1569.5;;1026.7;1.3;11.6;4.7;41.8;10.4;37.4;;0.1;0.1;;218;;;;70;382;68;2.8;0;39;9.4;1.4
BLA;02.09.2013 00:00;10.8;19.4;4.6;11.5;25.4;1.6;69.9;8.6;855.2;;1589.3;;1029.1;1.2;7;4.3;25.2;6.9;24.8;;0;0;;263;;;;46;555;99;3.2;0;225;9.2;1.2
BLA;03.09.2013 00:00;12.5;21.6;5.4;12.5;28.1;1.6;68.8;9.4;856.2;;1599.4;;1030.3;1.1;5.1;4;18.4;4.6;16.6;;0;0;;251;;;;28;556;99;3.2;0;270;0;0
BLA;04.09.2013 00:00;14.5;23.5;7.6;14.3;29.3;3.5;66;10.3;854.4;;1582;;1028.2;1.2;7.3;4.3;26.3;6.9;24.8;;0;0;;246;;;;29;554;99;3.4;0;214;0;0
BLA;05.09.2013 00:00;14.9;23.2;8.8;14.9;29.1;5.3;74.8;12.3;849.6;;1534.6;;1022.6;1;6.1;3.6;22;5.8;20.9;;0;0;;193;;;;50;415;75;2.8;0;180;0;0
BLA;06.09.2013 00:00;14.3;21;8.5;14.2;28.6;5;73.5;11.5;846.9;;1507.8;;1019.5;1;6.7;3.6;24.1;6.5;23.4;;0;0;;186;;;;68;278;51;2.6;0;153;0;0
BLA;07.09.2013 00:00;14.3;19.9;9.7;14.3;25.2;7.2;73.5;11.6;848.9;;1528.3;;1021.9;1.2;10.1;4.3;36.4;9.8;35.3;;4.2;0.8;;122;;;;75;156;29;2.1;0;104;0;0
BLA;08.09.2013 00:00;11.3;16.4;7.9;11.7;23.5;7.9;92.2;12.3;849.4;;1532.5;;1022.3;1.2;8.2;4.3;29.5;7.7;27.7;;20.1;23.5;;84;;;;73;17;3;1.4;0;180;8.7;0.7
BLA;09.09.2013 00:00;9.1;14.6;4.5;10.3;21.5;2.1;83.1;9.4;849.6;;1535.3;;1022.7;1.2;6;4.3;21.6;5.6;20.2;;0;0;;247;;;;68;434;82;2.6;0;225;10.9;2.9
BLA;10.09.2013 00:00;8.8;14.9;4.7;9.1;20.6;2.3;78.4;8.7;846.5;;1505;;1019.1;1.2;7.8;4.3;28.1;7.5;27;;0;0;;107;;;;85;57;11;1.6;0;225;11.2;3.2
BLA;11.09.2013 00:00;5.5;9.5;0.6;5.6;16.7;-1.8;77.1;6.8;846.3;;1503.2;;1018.8;1.2;6.9;4.3;24.8;6.3;22.7;;0;0;;127;;;;91;114;22;1.5;0;225;14.5;6.5
BLA;12.09.2013 00:00;6.1;11.7;2.1;7;19.5;-0.2;76.8;7.1;847.1;;1511.1;;1019.8;1.1;8;4;28.8;7.6;27.4;;0.2;0.2;;154;;;;100;173;34;1.8;0;27;13.9;5.9
BLA;13.09.2013 00:00;5.7;14;-0.8;6.1;20.8;-4.2;73.6;6.5;850.6;;1544.3;;1023.7;1.2;8.1;4.3;29.2;7.6;27.4;;0;0;;226;;;;30;504;99;2.3;0;214;14.3;6.3
BLA;14.09.2013 00:00;10.1;15.5;6.2;10.9;19.6;5.4;77;9.4;848.2;;1521.1;;1021;0.9;5;3.2;18;4.9;17.6;;5.2;1.4;;142;;;;92;173;35;1.8;0;207;9.9;1.9
BLA;15.09.2013 00:00;8.9;11.7;6.2;9;13.8;4.4;94.7;10.8;843.6;;1475.8;;1015.6;1;4.9;3.6;17.6;4.7;16.9;;6.8;10.6;;66;;;;64;0;0;1;0;225;11.1;3.1
BLA;16.09.2013 00:00;6.4;7.9;4.6;6.4;8.8;3.3;97.1;9.3;839.6;;1438.1;;1011;1.1;5.9;4;21.2;5.5;19.8;;19.6;16.3;;28;;;;27;0;0;0.6;0;45;13.6;5.6
BLA;17.09.2013 00:00;4;8.2;0.9;5.3;15.4;0.7;77.6;6.1;839.2;;1435.1;;1010.6;1.4;10.1;5;36.4;9.8;35.3;;15.1;8.2;;168;;;;85;225;48;1.7;0;198;16;8
BLA;18.09.2013 00:00;8.7;14.3;4.3;9.4;19.8;4.2;88.8;9.9;839.1;;1431.9;;1010.4;1.2;8.1;4.3;29.2;7.3;26.3;;4;14.2;;131;;;;71;164;35;1.6;0;162;11.3;3.3
BLA;19.09.2013 00:00;7.5;14.5;3.1;8.1;19.9;0.1;82.8;8.3;843.3;;1473.2;;1015.3;1.1;7.8;4;28.1;7.3;26.3;;0;0;;199;;;;32;459;100;2.1;0;207;12.5;4.5
BLA;20.09.2013 00:00;7.5;17;1.2;7.5;21.4;-1.1;76.3;7.7;848.7;;1526.5;;1021.6;1.1;7.3;4;26.3;6.9;24.8;;0;0;;194;;;;23;460;100;2.1;0;180;12.5;4.5
BLA;21.09.2013 00:00;6.8;16.3;0.2;5.9;22.2;-3.4;76.2;7.4;853.8;;1575.6;;1027.5;0.9;6.3;3.2;22.7;5.7;20.5;;0;0;;168;;;;69;328;74;1.9;0;180;13.2;5.2
BLA;22.09.2013 00:00;7.9;16.4;2.1;7;21.6;-1.5;76.4;7.8;855.6;;1593.3;;1029.6;0.9;4.9;3.2;17.6;4.8;17.3;;0;0;;172;;;;58;444;100;1.9;0;180;12.1;4.1
BLA;23.09.2013 00:00;8.9;18.9;2.5;7.7;24.3;-1.4;72.4;7.8;853;;1568.2;;1026.6;0.9;4.5;3.2;16.2;4.4;15.8;;0;0;;186;;;;20;441;100;2.1;0;180;11.1;3.1
BLA;24.09.2013 00:00;9.7;19.8;3.6;8.3;24.9;-0.7;68.6;7.8;848.5;;1523.9;;1021.3;0.8;4;2.9;14.4;3.8;13.7;;0;0;;181;;;;22;437;100;2.1;0;180;10.3;2.3
BLA;25.09.2013 00:00;10.6;19.3;4.1;9.8;24.7;0.2;64.4;7.8;846.1;;1500.7;;1018.6;1;7.2;3.6;25.9;7;25.2;;0;0;;172;;;;26;433;100;2.1;0;135;9.4;1.4
BLA;26.09.2013 00:00;12;16;8.8;11.1;17.4;6.4;75.6;10.6;847.8;;1516.9;;1020.5;1.1;6.6;4;23.8;6;21.6;;0.7;0.7;;47;;;;43;0;0;1.2;0;54;8;0
BLA;27.09.2013 00:00;12.2;17.5;9.3;11;19.2;5.9;77.2;11;847.3;;1511.8;;1019.9;0.9;6.3;3.2;22.7;6.1;22;;1.6;1.6;;63;;;;57;12;3;1.3;0;63;0;0
BLA;28.09.2013 00:00;13;21;6.9;12.3;26.4;3.2;69;10.1;843.6;;1475.5;;1015.7;1;4.7;3.6;16.9;4.4;15.8;;0;0;;139;;;;80;247;59;1.9;0;76;0;0
BLA;29.09.2013 00:00;10.7;14.7;6.5;10.3;19.2;4.3;81.6;10.4;838.1;;1420.5;;1009.2;0.8;5.4;2.9;19.4;5.2;18.7;;0.4;0.2;;75;;;;69;10;2;1.1;0;225;9.3;1.3
BLA;30.09.2013 00:00;9.4;13;7.4;10;19.3;5.7;94.4;11.1;837.5;;1415.3;;1008.5;0.9;6.6;3.2;23.8;6.4;23;;0.8;1;;119;;;;72;137;33;1.3;0;225;10.6;2.6
BLA;01.10.2013 00:00;9.4;14.3;5.2;8.9;16;2.2;85.2;9.9;841;;1450;;1012.6;0.9;8.6;3.2;31;8.2;29.5;;0;0;;69;;;;64;2;0;1.1;0;56;10.6;2.6
BLA;02.10.2013 00:00;9.4;17.2;3.4;8.6;23.6;0.7;74.8;8.6;845.8;;1497.7;;1018.2;0.9;8.9;3.2;32;8.5;30.6;;0;0;;126;;;;72;154;38;1.5;0;90;10.6;2.6
BLA;03.10.2013 00:00;10.8;16.8;5.9;10.5;20.5;2.9;79.2;10;849.8;;1536.4;;1022.8;0.9;5;3.2;18;4.9;17.6;;0.8;0.3;;105;;;;81;115;29;1.4;0;0;9.2;1.2
BLA;04.10.2013 00:00;12.2;18.4;9.2;12.5;23.8;7.2;84.6;11.8;850.3;;1541.5;;1023.4;1.1;5.3;4;19.1;5.1;18.4;;6.5;1.8;;126;;;;59;235;59;1.6;0;207;0;0
BLA;05.10.2013 00:00;8.9;11.6;5.8;8.9;13.6;4.6;95.5;10.9;849.2;;1530.8;;1022.1;0.9;5.2;3.2;18.7;5;18;;8.1;13.3;;51;;;;47;3;1;0.8;0;180;11.1;3.1
BLA;06.10.2013 00:00;8.2;11.2;5.9;8.7;16;5.2;90.9;9.8;850.8;;1546.7;;1024;0.9;5.2;3.2;18.7;4.7;16.9;;0;0;;85;;;;75;24;6;1;0;225;11.8;3.8
BLA;07.10.2013 00:00;8.1;13.5;3.5;8;18.1;1;91.8;9.9;851;;1548.8;;1024.3;0.9;4.9;3.2;17.6;4.7;16.9;;0.4;0.4;;65;;;;46;99;26;0.9;0;225;11.9;3.9
BLA;08.10.2013 00:00;8.2;13.3;4.4;9.1;18.6;3;96.2;10.5;851.3;;1551.4;;1024.6;1.1;6.5;4;23.4;6.2;22.3;;0;0;;98;;;;45;192;51;1;0;225;11.8;3.8
BLA;09.10.2013 00:00;8;10.6;5.5;9.1;16.4;4.3;97.1;10.4;848.5;;1524.4;;1021.4;1.2;5.2;4.3;18.7;5;18;;0;0;;103;;;;89;51;14;1;0;233;12;4
BLA;10.10.2013 00:00;3.8;7.5;-1;3.8;8.6;-1.2;87.7;7.2;839.3;;1435.8;;1010.7;1.2;8.9;4.3;32;8.3;29.9;;3.9;3.4;;32;;;;31;0;0;0.6;0;207;16.2;8.2
BLA;11.10.2013 00:00;0.5;4.2;-1.9;1.2;9.5;-1.9;84;5.3;839.5;;1439;;1010.9;1.1;5.8;4;20.9;5.8;20.9;;15.1;5.8;;82;;;;71;32;9;0.8;0;90;19.5;11.5
BLA;12.10.2013 00:00;-0.4;3.3;-3.8;-0.1;3.1;-1.4;92.5;5.5;843.1;;1473.8;;1015.1;0.8;6.7;2.9;24.1;6.4;23;;8.8;17.9;;95;;;;48;143;39;0.7;0;135;20.4;12.4
BLA;13.10.2013 00:00;1;5.8;-3.2;0.6;9.4;-2.1;91.2;6;848.2;;1521.5;;1021;0.8;5.2;2.9;18.7;5.1;18.4;;0.5;1.2;;123;;;;26;284;79;0.8;0;90;19;11
BLA;14.10.2013 00:00;4.1;9;0.6;3.5;14.7;-1.8;84.6;6.8;848.3;;1522.6;;1021.1;0.8;4.5;2.9;16.2;4.3;15.5;;0.2;0.2;;100;;;;79;65;18;0.9;0;90;15.9;7.9
BLA;15.10.2013 00:00;5.7;10;3.7;5.6;13.5;2.7;82.5;7.4;844.6;;1486.5;;1016.8;1.2;6.6;4.3;23.8;6.2;22.3;;16.9;6.1;;60;;;;51;39;11;0.9;0;45;14.3;6.3
BLA;16.10.2013 00:00;6.6;12.6;1.3;6.4;17.1;-0.3;72.7;6.7;844.6;;1486.1;;1016.8;1.6;9.9;5.8;35.6;9.5;34.2;;7.4;14.9;;105;;;;53;182;52;1.3;0;79;13.4;5.4
BLA;17.10.2013 00:00;5.4;12.4;0;4.8;17.2;-3.3;79.7;7.1;848.5;;1524.3;;1021.3;1;5.7;3.6;20.5;5.5;19.8;;0;3.3;;117;;;;16;348;100;1.1;0;76;14.6;6.6
BLA;18.10.2013 00:00;5.3;15;-0.3;3.4;19.3;-3.9;59.1;5;847.8;;1517.2;;1020.5;0.7;4;2.5;14.4;3.8;13.7;;0;0;;110;;;;26;343;100;1.1;0;72;14.7;6.7
BLA;19.10.2013 00:00;7.7;16.1;3;6.4;20.9;-0.6;62;6.4;848.8;;1527.5;;1021.7;0.8;3.9;2.9;14;3.8;13.7;;0;0;;106;;;;20;326;96;1.2;0;72;12.3;4.3
BLA;20.10.2013 00:00;7.7;11.5;5.1;6.8;13.9;2.8;80.7;8.4;850.4;;1542.6;;1023.5;1.1;5.2;4;18.7;5.1;18.4;;0.9;0.9;;54;;;;52;0;0;0.9;0;90;12.3;4.3
BLA;21.10.2013 00:00;7.1;14.4;3.3;5.9;19.1;0.7;81.7;8.1;850.1;;1539.9;;1023.2;0.9;4;3.2;14.4;3.8;13.7;;0.3;0.3;;94;;;;40;274;82;1;0;72;12.9;4.9
BLA;22.10.2013 00:00;9.9;16.6;4.8;8.8;22;1.8;70.3;8.4;847.1;;1510.1;;1019.7;0.8;10.6;2.9;38.2;9.8;35.3;;0.4;0;;96;;;;57;176;53;1.1;0;90;10.1;2.1
BLA;23.10.2013 00:00;9.8;15.8;5.9;9;13.1;5.2;83.9;10;845.8;;1497.4;;1018.2;1.2;10.4;4.3;37.4;9.5;34.2;;11.1;11.5;;38;;;;35;3;1;0.9;0;153;10.2;2.2
BLA;24.10.2013 00:00;5.7;13.3;1.8;4.4;18.3;-0.6;87.1;7.9;849.3;;1532.1;;1022.3;0.8;4;2.9;14.4;3.7;13.3;;0;0;;97;;;;17;323;99;0.9;0;76;14.3;6.3
BLA;25.10.2013 00:00;7.4;14.9;3.2;5.8;19.6;-0.2;76.9;7.7;850.5;;1543.7;;1023.7;0.9;3.9;3.2;14;3.8;13.7;;0;0;;90;;;;47;251;77;1;0;63;12.6;4.6
BLA;26.10.2013 00:00;9.6;17.9;3.7;7.6;20.6;0.4;69.1;8.1;851;;1548.6;;1024.2;0.7;4.3;2.5;15.5;4.1;14.8;;0;0;;84;;;;49;201;63;1;0;53;10.4;2.4
BLA;27.10.2013 00:00;10.3;15.1;7.4;8.8;17;4.7;62.2;7.6;848.6;;1525.3;;1021.5;1.5;11.8;5.4;42.5;11.2;40.3;;0.9;0.9;;58;;;;45;40;13;1.3;0;180;9.7;1.7
BLA;28.10.2013 00:00;8.9;15.9;5;7.2;20.4;1.3;58.7;6.5;844.9;;1488.8;;1017.1;1;9.5;3.6;34.2;8.8;31.7;;4;0;;93;;;;18;314;100;1.1;0;63;11.1;3.1
BLA;29.10.2013 00:00;5.3;7.4;3.2;5.5;10.2;3.4;91.4;8.1;845.6;;1496.3;;1018;1.1;5.3;4;19.1;5;18;;1.9;5.9;;54;;;;51;1;0;0.6;0;230;14.7;6.7
BLA;30.10.2013 00:00;3.1;8;-0.3;3.4;14.7;-3.3;90.9;6.9;849.3;;1532.6;;1022.3;1.1;5;4;18;4.9;17.6;;0;0;;104;;;;38;287;97;0.6;0;225;16.9;8.9
BLA;31.10.2013 00:00;4.1;12.3;-0.4;2.3;17;-3.5;79.9;6.5;851.3;;1550.9;;1024.6;0.8;5.3;2.9;19.1;4.7;16.9;;0;0;;79;;;;26;249;85;0.8;0;63;15.9;7.9
BLA;01.11.2013 00:00;5.1;10.8;0.3;3.6;12.2;-3;75.5;6.5;848.8;;1527.5;;1021.7;0.7;4.8;2.5;17.3;4.7;16.9;;2;0;;57;;;;53;2;1;0.7;0;45;14.9;6.9
BLA;02.11.2013 00:00;6.3;11.8;3.9;5.9;16.6;1.9;84.6;8.1;843.8;;1479.1;;1015.9;0.8;6.4;2.9;23;6.1;22;;17.8;6;;64;;;;40;138;48;0.7;0;72;13.7;5.7
BLA;03.11.2013 00:00;2.7;6.1;-0.9;2.1;9.2;-3.2;80.9;6.1;841.4;;1456.7;;1013.1;1.4;8.3;5;29.9;8.1;29.2;;4.3;18.1;;52;;;;44;41;14;0.6;0;56;17.3;9.3
BLA;04.11.2013 00:00;1.8;5.4;-0.5;1.8;7.4;-2.2;79.8;5.5;833.1;;1376;;1003.4;0.9;5;3.2;18;4.9;17.6;;6.6;5.2;;53;;;;52;0;0;0.6;0;0;18.2;10.2
BLA;05.11.2013 00:00;0.7;3.6;-1.3;0.5;5.4;-3;92.7;6;832.1;;1367.4;;1002.3;0.9;6.2;3.2;22.3;5.6;20.2;;19.1;10.5;;51;;;;42;48;17;0.4;0;72;19.3;11.3
BLA;06.11.2013 00:00;4.5;10.6;0.9;3.5;14.8;-0.3;85.3;7.2;841.2;;1454.2;;1012.9;1.3;17.7;4.7;63.7;17.3;62.3;;4.4;14.4;;61;;;;37;113;41;0.7;0;90;15.5;7.5
BLA;07.11.2013 00:00;3.1;10.5;-0.3;1.4;15;-3.3;80.3;6.1;846.8;;1508.7;;1019.4;0.8;3.5;2.9;12.6;3.4;12.2;;0;0;;70;;;;16;260;96;0.6;0;59;16.9;8.9
BLA;08.11.2013 00:00;4.8;11.7;0.7;3.1;15.1;-2.5;77.7;6.6;843.5;;1475.9;;1015.5;0.9;5.6;3.2;20.2;5.4;19.4;;11.6;6.3;;55;;;;24;137;51;0.7;0;56;15.2;7.2
BLA;09.11.2013 00:00;1.9;5.1;-0.8;1.6;9.9;-3.8;85.1;6;842.8;;1470.3;;1014.7;1.2;7.1;4.3;25.6;6.9;24.8;;0.8;5.6;;69;;;;47;126;47;0.5;0;63;18.1;10.1
BLA;10.11.2013 00:00;-0.9;1.5;-3.9;-0.1;0.4;-0.8;90.6;5.2;838.4;;1428.5;;1009.6;1.4;11.5;5;41.4;11;39.6;;29.8;30.1;;18;;;;17;0;0;0.4;0;56;20.9;12.9
BLA;11.11.2013 00:00;-4.5;-0.9;-8.7;-4.7;1.2;-12.8;70.9;3.1;848.4;;1524.2;;1021.3;1.7;17;6.1;61.2;16.4;59;;0.4;0.6;;71;;;;16;257;100;0.5;0;41;24.5;16.5
BLA;12.11.2013 00:00;-2.8;5.3;-8.6;-5.1;7.5;-12.4;75;3.8;849.7;;1536.5;;1022.8;0.7;4;2.5;14.4;3.8;13.7;;1.1;1.1;;64;;;;13;250;100;0.4;0;45;22.8;14.8
BLA;13.11.2013 00:00;-0.1;5.9;-4.3;-1.4;7.4;-7.3;76.2;4.7;849.9;;1538.2;;1023;0.7;5;2.5;18;4.7;16.9;;0.3;0.3;;71;;;;54;139;57;0.4;0;45;20.1;12.1
BLA;14.11.2013 00:00;-1.5;0.2;-2.9;-1.9;0.5;-4.7;92.3;5.1;845.6;;1497;;1017.9;0.9;4.5;3.2;16.2;4.4;15.8;;5.7;1.3;;28;;;;28;0;0;0.3;0;236;21.5;13.5
BLA;15.11.2013 00:00;-1.7;0.9;-3.6;-2.5;0.9;-5.1;97.2;5.3;843.5;;1477.5;;1015.5;1;5.2;3.6;18.7;4.9;17.6;;10.2;14.6;;15;;;;14;0;0;0.3;0;63;21.7;13.7
BLA;16.11.2013 00:00;-1.2;3.8;-3.5;-4.1;5.2;-7.1;89.5;5;850.3;;1541.6;;1023.4;0.8;3.8;2.9;13.7;3.3;11.9;;0;0;;57;;;;12;237;100;0.4;0;45;21.2;13.2
BLA;17.11.2013 00:00;0.9;5.9;-2.8;-1.6;6.5;-5.9;73;4.8;847;;1510;;1019.6;0.6;3.8;2.2;13.7;3.6;13;;0.2;0.2;;63;;;;21;223;99;0.4;0;59;19.1;11.1
BLA;18.11.2013 00:00;1.5;5;-2.7;-1;3.9;-6.2;77.6;5.3;840.8;;1451.4;;1012.4;0.9;4.4;3.2;15.8;4.2;15.1;;0;0;;40;;;;36;1;0;0.4;0;56;18.5;10.5
BLA;19.11.2013 00:00;1.9;3.9;-0.6;1.1;2.9;-0.6;89.1;6.2;832.6;;1371.8;;1002.9;0.8;4.6;2.9;16.6;4.4;15.8;;5.4;4.5;;26;;;;25;0;0;0.4;0;90;18.1;10.1
BLA;20.11.2013 00:00;-2.4;-0.6;-3.5;-2.2;-0.4;-3.5;98.3;5;830.7;;1356.3;;1000.7;1.3;5.6;4.7;20.2;5.3;19.1;;4.7;3.4;;35;;;;33;0;0;0.3;0;231;22.4;14.4
BLA;21.11.2013 00:00;-4.4;-2.7;-5.7;-4.7;-1.6;-6.2;95.2;4.2;824.2;;1295.3;;993.1;1.2;7.4;4.3;26.6;7.1;25.6;;7.5;8.1;;23;;;;21;0;0;0.3;0;225;24.4;16.4
BLA;22.11.2013 00:00;-6.8;-3.7;-10.4;-8.5;-2.1;-15.2;88.8;3.3;828.7;;1339.8;;998.3;0.9;4.5;3.2;16.2;4.3;15.5;;0.5;2.1;;36;;;;29;23;11;0.2;0;56;26.8;18.8
BLA;23.11.2013 00:00;-6.8;-4.5;-10.8;-8.5;-4.7;-15.5;87.7;3.3;833.2;;1382.3;;1003.5;0.8;4.8;2.9;17.3;4.4;15.8;;0.3;0.3;;32;;;;31;0;0;0.2;0;63;26.8;18.8
BLA;24.11.2013 00:00;-5.9;-3.6;-9.1;-8.5;-5.1;-13;89.7;3.5;839.3;;1439.3;;1010.7;0.8;4.7;2.9;16.9;4.5;16.2;;0.2;0.2;;25;;;;23;10;5;0.3;0;59;25.9;17.9
BLA;25.11.2013 00:00;-8;-3.3;-12.7;-10.3;0.6;-16.7;82.1;2.8;845.2;;1494.7;;1017.5;1.2;6;4.3;21.6;5.6;20.2;;0;0;;46;;;;38;35;18;0.3;0;58;28;20
BLA;26.11.2013 00:00;-10.8;-6.6;-14.7;-13;-4.2;-18.8;77.3;2.1;848.2;;1522.6;;1021;1;5.3;3.6;19.1;5;18;;0.4;0.4;;43;;;;16;159;81;0.2;0;60;30.8;22.8
BLA;27.11.2013 00:00;-11;-5.8;-14.3;-14.1;-5.3;-18.4;73.8;2;849.4;;1533.5;;1022.4;0.9;5.1;3.2;18.4;4.8;17.3;;0.4;0.4;;43;;;;11;196;100;0.3;0;54;31;23
BLA;28.11.2013 00:00;-7.8;-3.2;-11.7;-11;-4.2;-15.4;77.8;2.7;850.8;;1546.6;;1024.1;0.7;3.6;2.5;13;3.6;13;;0;0;;29;;;;20;59;32;0.3;0;53;27.8;19.8
BLA;29.11.2013 00:00;-6.2;-0.8;-8.8;-8.8;-0.9;-12.6;84.7;3.3;848.8;;1527.9;;1021.7;0.8;6.7;2.9;24.1;6.6;23.8;;4;1.1;;38;;;;14;168;91;0.3;0;56;26.2;18.2
BLA;30.11.2013 00:00;-6.6;-2.5;-11;-8.5;-3.3;-16.1;86.2;3.3;842.3;;1467.7;;1014.2;0.9;5.6;3.2;20.2;5.5;19.8;;1.6;4.5;;43;;;;33;125;71;0.2;0;56;26.6;18.6
BLA;01.12.2013 00:00;-8.1;-2.7;-11.2;-13.3;-2.8;-17.3;63.5;2.1;846.7;;1508.6;;1019.3;0.8;5.5;2.9;19.8;5.1;18.4;;0;0;;38;;;;10;178;100;0.3;0;50;28.1;20.1
BLA;02.12.2013 00:00;-2.1;4.5;-6.4;-7;4.2;-12;54.7;2.9;850.1;;1539.5;;1023.2;1;5.7;3.6;20.5;5.7;20.5;;0;0;;35;;;;9;173;100;0.6;0;49;22.1;14.1
BLA;03.12.2013 00:00;-1.9;3.2;-4.3;-6.6;1.6;-9.2;51.1;2.7;854.9;;1584.5;;1028.8;0.9;4.3;3.2;15.5;4.1;14.8;;0;0;;35;;;;11;169;100;0.6;0;54;21.9;13.9
BLA;04.12.2013 00:00;-3.5;1.6;-5.6;-7.7;0.8;-10.3;58.3;2.7;853.5;;1571.2;;1027.1;0.7;4.4;2.5;15.8;4.1;14.8;;0;0;;38;;;;13;166;100;0.4;0;51;23.5;15.5
BLA;05.12.2013 00:00;-4.6;0.8;-7.3;-8.4;0;-12.3;71;3.1;850.8;;1546.3;;1024;0.8;4.5;2.9;16.2;4.3;15.5;;0;0;;38;;;;14;164;100;0.4;0;45;24.6;16.6
BLA;06.12.2013 00:00;-1.2;2.9;-6.9;-3.2;3.6;-11.2;58;3.3;848.6;;1525.7;;1021.5;1.6;15.3;5.8;55.1;14.4;51.8;;0.1;0.1;;49;;;;40;73;48;0.5;0;252;21.2;13.2
BLA;07.12.2013 00:00;-6.8;-1.8;-8.7;-10.9;-1.4;-13.4;68.4;2.5;851.2;;1549.8;;1024.5;0.7;4.4;2.5;15.8;4.3;15.5;;0.7;0.7;;31;;;;9;160;100;0.3;0;53;26.8;18.8
BLA;08.12.2013 00:00;-5.3;0.1;-8.3;-10;-0.9;-13.1;62;2.5;853.5;;1571;;1027.1;0.7;3.6;2.5;13;3.4;12.2;;0.6;0.6;;29;;;;8;159;100;0.4;0;45;25.3;17.3
BLA;09.12.2013 00:00;-2.9;2.6;-6.1;-7.4;0.1;-11.1;57.3;2.8;856.6;;1600.4;;1030.8;0.9;5.2;3.2;18.7;4.6;16.6;;0;0;;26;;;;24;0;0;0.5;0;54;22.9;14.9
BLA;10.12.2013 00:00;-1.7;4.8;-4.8;-6.4;2.2;-9.4;55.9;3;858.7;;1620.3;;1033.2;0.7;3.5;2.5;12.6;3.4;12.2;;0;0;;27;;;;8;149;100;0.5;0;63;21.7;13.7
BLA;11.12.2013 00:00;-2.5;3;-4.6;-7.5;1.2;-10;55.9;2.8;858.8;;1620.8;;1033.3;0.8;3.5;2.9;12.6;3.2;11.5;;0.2;0.2;;26;;;;8;147;100;0.5;0;50;22.5;14.5
BLA;12.12.2013 00:00;-3.1;2.2;-5.3;-8.5;0.7;-11.1;53.3;2.6;855.2;;1587.2;;1029.2;0.8;3.6;2.9;13;3.5;12.6;;0;0;;26;;;;8;137;100;0.5;0;60;23.1;15.1
BLA;13.12.2013 00:00;-4.2;0.6;-6.6;-9.5;-1.1;-12;53.4;2.4;851.3;;1551.2;;1024.6;0.8;3.3;2.9;11.9;3.2;11.5;;0;0;;26;;;;8;135;100;0.5;0;67;24.2;16.2
BLA;14.12.2013 00:00;-4;3.6;-8.8;-7.4;2.5;-13.5;62.4;2.8;854;;1576.2;;1027.8;0.9;4.8;3.2;17.3;4.7;16.9;;0.7;0.7;;39;;;;28;100;78;0.4;0;51;24;16
BLA;15.12.2013 00:00;-3;3.3;-9.1;-7;2.3;-13.9;59.9;3;858.4;;1616.5;;1032.8;0.8;6.5;2.9;23.4;6.3;22.7;;0;0;;32;;;;15;133;100;0.4;0;56;23;15
BLA;16.12.2013 00:00;-1.1;4.7;-5;-6.1;3.5;-9.6;54.1;3;859.3;;1625.2;;1033.9;0.9;4;3.2;14.4;3.7;13.3;;0;0;;24;;;;9;128;100;0.6;0;54;21.1;13.1
BLA;17.12.2013 00:00;-1.3;2.9;-3.8;-6.3;1.9;-8.8;55;3;855.6;;1590.9;;1029.6;1;4.3;3.6;15.5;4.2;15.1;;0;0;;25;;;;8;131;100;0.6;0;53;21.3;13.3
BLA;18.12.2013 00:00;-1.9;1.7;-5.1;-5.3;0.1;-9.4;62.8;3.3;849.6;;1535.4;;1022.7;0.9;4.2;3.2;15.1;4;14.4;;0.2;0.2;;27;;;;13;129;100;0.5;0;50;21.9;13.9
BLA;19.12.2013 00:00;-1;2.6;-5.2;-2.4;2.8;-9.6;74.4;4.2;843.1;;1473.6;;1015.1;0.9;3.9;3.2;14;3.7;13.3;;0.2;0.2;;28;;;;27;0;0;0.4;0;51;21;13
BLA;20.12.2013 00:00;-0.9;1;-5.5;-1.8;2.1;-8.8;90.4;5.2;850.5;;1543.3;;1023.7;0.8;3.5;2.9;12.6;3.4;12.2;;0.7;0.7;;22;;;;21;0;0;0.2;0;27;20.9;12.9
BLA;21.12.2013 00:00;-3.4;1.2;-6.3;-7.4;-0.6;-10.4;82.6;3.9;856.9;;1602.8;;1031.1;0.9;4.5;3.2;16.2;4.1;14.8;;0.7;0.7;;23;;;;8;130;100;0.4;0;50;23.4;15.4
BLA;22.12.2013 00:00;0.8;4.3;-1.8;-1.1;3.5;-4.4;73.9;4.8;853.3;;1570.1;;1026.9;0.9;4.8;3.2;17.3;4.5;16.2;;0;0;;40;;;;38;0;0;0.3;0;45;19.2;11.2
BLA;23.12.2013 00:00;-1;2;-4.7;-3.9;0.9;-9.6;80.5;4.6;849.2;;1531.2;;1022.1;1;4.7;3.6;16.9;4.6;16.6;;0.6;0.6;;25;;;;10;131;100;0.3;0;49;21;13
BLA;24.12.2013 00:00;0.9;5.9;-5.5;-1.9;4.2;-9.9;60.4;3.8;839;;1433.2;;1010.3;2.3;18.4;8.3;66.2;17.4;62.6;;0;0;;26;;;;24;2;2;0.9;0;65;19.1;11.1
BLA;25.12.2013 00:00;1.8;5.8;0.1;1;4.2;0;85.2;5.8;827;;1316.9;;996.4;1.2;11.5;4.3;41.4;11;39.6;;16.4;9.3;;14;;;;13;0;0;0.6;0;60;18.2;10.2
BLA;26.12.2013 00:00;-2.1;0.3;-6.2;-2.1;0;-8.9;96.8;5.1;826;;1310.1;;995.2;1.1;5.2;4;18.7;5;18;;11.2;18.3;;7;;;;6;0;0;0.3;0;243;22.1;14.1
BLA;27.12.2013 00:00;-7.8;-4.2;-10.9;-10.9;-4;-14.9;89.5;3.1;838.5;;1433.1;;1009.8;1;4.7;3.6;16.9;4.5;16.2;;0;0;;14;;;;13;0;0;0.3;0;41;27.8;19.8
BLA;28.12.2013 00:00;-2.6;0.8;-5.6;-4;1.4;-8.5;91.1;4.7;837.8;;1423.5;;1008.9;0.8;5.4;2.9;19.4;5.2;18.7;;7.3;7;;35;;;;29;44;34;0.2;0;56;22.6;14.6
BLA;29.12.2013 00:00;-4.6;-0.9;-10.6;-6.1;5;-14.2;88;3.9;845.4;;1496.2;;1017.8;0.8;3.6;2.9;13;3.3;11.9;;0.7;1;;47;;;;32;84;64;0.1;0;45;24.6;16.6
BLA;30.12.2013 00:00;-10.3;-5.8;-12.5;-13.9;-2.5;-17;75.8;2.1;850.5;;1543.5;;1023.7;0.9;4.4;3.2;15.8;4.2;15.1;;0.6;0.6;;27;;;;9;136;100;0.3;0;50;30.3;22.3
BLA;31.12.2013 00:00;-5.8;-0.7;-8.6;-9.1;1.5;-12.5;79.9;3.2;845.3;;1495.6;;1017.7;0.7;3.2;2.5;11.5;3;10.8;;1;1;;25;;;;10;137;100;0.3;0;45;25.8;17.8
BLA;01.01.2014 00:00;-3.2;-0.5;-5.3;-5.5;-0.7;-8;81.8;3.9;842.1;;1465.3;;1014;1;3.8;3.6;13.7;3.6;13;;0.5;0.5;;41;;;;27;119;89;0.3;0;45;23.2;15.2
BLA;02.01.2014 00:00;-4;0.5;-8.1;-6.6;1.1;-15.1;87.9;4;839.8;;1443.5;;1011.3;1.2;4.8;4.3;17.3;4.7;16.9;;4.9;4.9;;21;;;;18;4;3;0.3;0;45;24;16
BLA;03.01.2014 00:00;-1.8;4.1;-8.2;-4.3;5.1;-14.5;80.3;4.4;844.2;;1484.1;;1016.3;1.2;6.3;4.3;22.7;6.1;22;;0.2;0.2;;48;;;;42;28;19;0.3;0;45;21.8;13.8
BLA;04.01.2014 00:00;-0.3;1.9;-3.6;-1.1;1.7;-6.7;97;5.8;837.4;;1419;;1008.4;1.1;5.7;4;20.5;5.4;19.4;;10.2;7.9;;16;;;;15;0;0;0.3;0;63;20.3;12.3
BLA;05.01.2014 00:00;-3.7;-1.2;-8.1;-5.9;-1.3;-13.3;89.4;4.2;838.1;;1427.4;;1009.3;1.2;4.2;4.3;15.1;4;14.4;;0.9;3.2;;41;;;;19;161;100;0.2;0;45;23.7;15.7
BLA;06.01.2014 00:00;-2;2.9;-8.4;-5.2;0.9;-12.9;87.7;4.8;845;;1492;;1017.3;1;4.3;3.6;15.5;4.1;14.8;;0.5;0.5;;38;;;;28;79;48;0.2;0;39;22;14
BLA;07.01.2014 00:00;1.5;5.3;-1;-1.6;5.3;-6.1;83.7;5.7;848.1;;1520.7;;1020.9;1;4;3.6;14.4;3.9;14;;0.6;0.6;;36;;;;23;92;55;0.4;0;39;18.5;10.5
BLA;08.01.2014 00:00;2.9;7.3;-0.2;0.7;8.3;-4.3;77.8;5.8;850.9;;1547;;1024.1;1.1;5.1;4;18.4;4.9;17.6;;0.6;0.6;;53;;;;35;125;74;0.4;0;39;17.1;9.1
BLA;09.01.2014 00:00;2.5;7.4;-1.2;-0.6;5.8;-5.3;70.4;5.1;847.2;;1511.8;;1019.8;1.2;6.6;4.3;23.8;6.4;23;;4.2;2.4;;34;;;;25;73;42;0.6;0;45;17.5;9.5
BLA;10.01.2014 00:00;2.6;5.3;1.4;1.4;5.5;-0.2;85.9;6.3;846;;1500.3;;1018.4;1.4;4.9;5;17.6;4.8;17.3;;0.6;2.4;;36;;;;32;23;13;0.5;0;49;17.4;9.4
BLA;11.01.2014 00:00;1.9;7.3;-1.5;0.3;9.1;-4.2;77.2;5.4;847.2;;1512.5;;1019.9;1;4.8;3.6;17.3;4.7;16.9;;0.7;0.7;;46;;;;23;144;78;0.5;0;45;18.1;10.1
BLA;12.01.2014 00:00;-1.8;3.2;-4.1;-4.9;2.9;-7.3;61.4;3.3;849.1;;1530.7;;1022.1;1.1;4.6;4;16.6;4.4;15.8;;0.1;0.1;;39;;;;9;188;100;0.6;0;49;21.8;13.8
BLA;13.01.2014 00:00;-1.1;3.4;-4.6;-2.9;3.3;-7.8;72.7;4.1;842.4;;1467.3;;1014.3;1;5.4;3.6;19.4;5.2;18.7;;8;3;;36;;;;35;0;0;0.5;0;45;21.1;13.1
BLA;14.01.2014 00:00;-2.6;-0.7;-9.3;-3.5;0;-14.4;94.4;4.8;834.6;;1393.6;;1005.2;0.8;4.5;2.9;16.2;4.4;15.8;;4.5;9.5;;27;;;;25;0;0;0.2;0;360;22.6;14.6
BLA;15.01.2014 00:00;-6.1;-1.1;-11.9;-8.5;-1.4;-16.9;81.7;3.3;839.4;;1440.8;;1010.8;1;3.5;3.6;12.6;3.3;11.9;;0.2;0.1;;43;;;;41;0;0;0.3;0;45;26.1;18.1
BLA;16.01.2014 00:00;-0.7;2;-2.4;-1.6;2.7;-4.8;87;5;836.7;;1412.2;;1007.6;1;5.7;3.6;20.5;5.6;20.2;;6.8;3.2;;49;;;;47;0;0;0.3;0;34;20.7;12.7
BLA;17.01.2014 00:00;-1.9;1.3;-7.1;-2.9;6.3;-12.4;88.1;4.7;834.2;;1389.6;;1004.8;1.2;6.5;4.3;23.4;6;21.6;;0.6;4.3;;52;;;;40;62;31;0.2;0;45;21.9;13.9
BLA;18.01.2014 00:00;-2.5;2;-8.2;-5.5;1;-13.6;75.9;3.9;832.7;;1375.4;;1003;1.4;7.8;5;28.1;7.5;27;;0;0;;39;;;;38;0;0;0.4;0;51;22.5;14.5
BLA;19.01.2014 00:00;0.5;5.4;-2.7;-1.5;7.4;-5.4;74.3;4.7;828.7;;1334.2;;998.3;1.5;6.6;5.4;23.8;6.5;23.4;;1.8;1.1;;48;;;;35;100;48;0.6;0;63;19.5;11.5
BLA;20.01.2014 00:00;-0.8;0.9;-3;-1.1;2.2;-4.9;95.2;5.5;830.8;;1356.2;;1000.8;1.1;4.3;4;15.5;4.2;15.1;;1;1.5;;36;;;;35;0;0;0.3;0;236;20.8;12.8
BLA;21.01.2014 00:00;-3.1;-1.9;-7.1;-3.2;1.8;-9.6;92.2;4.5;837.1;;1417.5;;1008.1;1.4;6.1;5;22;5.9;21.2;;0.2;0.4;;46;;;;37;33;15;0.2;0;45;23.1;15.1
BLA;22.01.2014 00:00;-6;1.3;-9.5;-8.9;1.9;-13;72.9;2.8;838.4;;1430.6;;1009.6;1;3.9;3.6;14;3.6;13;;0.3;0.3;;53;;;;11;224;100;0.5;0;49;26;18
BLA;23.01.2014 00:00;-3.4;-0.6;-7.5;-4.5;0.6;-10.6;76.8;3.7;841.4;;1458.8;;1013.1;1.1;5.5;4;19.8;5.2;18.7;;7;1.3;;40;;;;39;0;0;0.4;0;45;23.4;15.4
BLA;24.01.2014 00:00;-6.9;-3.2;-14.2;-9.5;0.4;-22.5;72.7;2.8;838.9;;1436.1;;1010.2;1.6;12.2;5.8;43.9;11.6;41.8;;2.2;7.9;;62;;;;39;147;65;0.3;0;37;26.9;18.9
BLA;25.01.2014 00:00;-8.3;4.2;-14.8;-12.6;2.4;-23;65.7;2.3;841.5;;1460.3;;1013.1;1.4;19.7;5;70.9;18.3;65.9;;0.3;0;;47;;;;20;134;58;0.7;0;51;28.3;20.3
BLA;26.01.2014 00:00;-2;3.2;-4.3;-2.5;0.7;-4.8;63.6;3.3;838.2;;1427.7;;1009.4;2.8;29.9;10.1;107.6;27.5;99;;14;7.8;;40;;;;42;0;0;1;0;63;22;14
BLA;27.01.2014 00:00;-5.2;-1.3;-13;-6;0;-17;81.7;3.5;828.9;;1341;;998.6;1.5;7;5.4;25.2;6.6;23.8;;0.7;7.2;;58;;;;42;50;21;0.3;0;45;25.2;17.2
BLA;28.01.2014 00:00;-11.6;-4.4;-14.8;-14.4;-0.6;-18.8;65.4;1.6;827.6;;1333.7;;997.1;1.3;4.2;4.7;15.1;4.1;14.8;;0;0;;66;;;;13;247;99;0.5;0;49;31.6;23.6
BLA;29.01.2014 00:00;-7.7;-1.7;-14.2;-9.6;0.8;-17.6;54.3;1.9;827.5;;1329.8;;997;1.5;4.9;5.4;17.6;4.7;16.9;;0;0;;68;;;;55;95;37;0.5;0;49;27.7;19.7
BLA;30.01.2014 00:00;-4.3;0.3;-9.6;-5.4;1.8;-12.6;67.9;3.1;831.6;;1366.1;;1001.8;1.2;5.9;4.3;21.2;5.5;19.8;;0;0;;53;;;;52;0;0;0.5;0;45;24.3;16.3
BLA;31.01.2014 00:00;-3.7;2;-8.3;-5.1;6.5;-11.3;73.5;3.5;835.8;;1405.1;;1006.5;1.4;4.8;5;17.3;4.5;16.2;;0.7;0.7;;49;;;;43;36;14;0.5;0;45;23.7;15.7
BLA;01.02.2014 00:00;-1.3;6.2;-8.6;-2.5;6.9;-11.5;70.8;4.1;834.3;;1389.2;;1004.8;1.5;9.5;5.4;34.2;9.3;33.5;;9.4;5;;44;;;;43;0;0;0.7;0;0;21.3;13.3
BLA;02.02.2014 00:00;-2.8;-1.3;-3.9;-2.6;1.5;-5.9;95.5;4.7;837.7;;1422.9;;1008.8;1.1;4.6;4;16.6;4.5;16.2;;2.2;6.6;;60;;;;58;0;0;0.3;0;225;22.8;14.8
BLA;03.02.2014 00:00;-0.9;3.6;-4.7;-1.7;4.5;-6.4;91.1;5.2;837.2;;1417.5;;1008.2;1.4;7;5;25.2;6.7;24.1;;0.3;0.3;;44;;;;40;11;4;0.5;0;68;20.9;12.9
BLA;04.02.2014 00:00;-0.2;2.6;-4.2;-1;4.7;-7.1;79.5;4.8;837.3;;1418.2;;1008.3;1.7;7.4;6.1;26.6;6.9;24.8;;0;0;;72;;;;64;32;12;0.5;0;180;20.2;12.2
BLA;05.02.2014 00:00;-1.5;2.2;-4;-2.2;1;-6.5;78.8;4.2;834.2;;1388.9;;1004.7;1.7;16.9;6.1;60.8;14.5;52.2;;5.7;5.7;;27;;;;26;0;0;0.6;0;135;21.5;13.5
BLA;06.02.2014 00:00;-4.9;1.3;-9.7;-7.7;3;-13.6;74.5;3.1;838.7;;1432.9;;1009.9;1.4;5.6;5;20.2;5.1;18.4;;0.2;0.2;;63;;;;33;126;44;0.6;0;48;24.9;16.9
BLA;07.02.2014 00:00;-3.3;-0.4;-7.2;-4.5;0;-10.8;86;4.2;836;;1407.4;;1006.9;1.2;4.8;4.3;17.3;4.2;15.1;;9.4;9.4;;25;;;;23;0;0;0.4;0;45;23.3;15.3
BLA;08.02.2014 00:00;-3.8;1;-10.4;-5.4;1.4;-13.5;81;3.7;832.5;;1373.9;;1002.8;1.3;4.9;4.7;17.6;4.7;16.9;;3.2;2.9;;59;;;;58;0;0;0.5;0;53;23.8;15.8
BLA;09.02.2014 00:00;-5;-1.3;-11;-6.6;0.9;-14.6;77;3.3;831.7;;1367.2;;1001.8;1.5;5.8;5.4;20.9;5.6;20.2;;1.9;2.2;;74;;;;50;105;36;0.4;0;51;25;17
BLA;10.02.2014 00:00;-0.8;2.8;-5.4;-3.4;1;-8.4;60.3;3.4;827.5;;1324;;997;2.3;18;8.3;64.8;17.2;61.9;;1;0.2;;49;;;;48;0;0;0.9;0;315;20.8;12.8
BLA;11.02.2014 00:00;-4.1;0.7;-8.4;-5;4.2;-13.1;69.2;3.1;834.5;;1393.1;;1005.1;1.4;6.5;5;23.4;6.3;22.7;;0;0.8;;95;;;;17;305;100;0.6;0;52;24.1;16.1
BLA;12.02.2014 00:00;-4.1;1.7;-8.1;-6.3;5.1;-12.2;54.2;2.4;838.1;;1427.2;;1009.2;1.6;5.9;5.8;21.2;5.4;19.4;;2.5;0.2;;97;;;;17;313;100;0.8;0;52;24.1;16.1
BLA;13.02.2014 00:00;-2.3;-0.5;-4.5;-2.7;-0.9;-6.8;88;4.6;834.7;;1394.5;;1005.3;1.5;12.5;5.4;45;12.1;43.6;;17.6;19.9;;20;;;;18;0;0;0.4;0;225;22.3;14.3
BLA;14.02.2014 00:00;-2.6;0.8;-7.9;-3.2;-1.3;-5.2;87.4;4.5;838.6;;1431.9;;1009.9;1.6;7.5;5.8;27;6.8;24.5;;1;1;;26;;;;25;0;0;0.4;0;49;22.6;14.6
BLA;15.02.2014 00:00;-2;3.5;-6.3;-3.6;7.9;-7.5;83.4;4.3;837.9;;1424.6;;1009;1.2;4;4.3;14.4;3.9;14;;3.2;0.1;;92;;;;60;164;51;0.7;0;51;22;14
BLA;16.02.2014 00:00;-2.1;-1.2;-2.8;-1.9;0.6;-3.7;94.9;5;841.2;;1455.8;;1012.8;1;4.8;3.6;17.3;4.8;17.3;;11.2;13;;38;;;;35;0;0;0.4;0;225;22.1;14.1
BLA;17.02.2014 00:00;-3;1;-8.5;-3.2;4.2;-11.7;78.9;3.9;841.8;;1462.2;;1013.6;1.4;4.9;5;17.6;4.9;17.6;;0;1.3;;91;;;;;103;31;0.6;0;53;23;15
BLA;18.02.2014 00:00;-1.9;4.7;-8.7;-3;8.7;-11.5;69.4;3.7;843.5;;1477.6;;1015.5;1.2;4;4.3;14.4;3.7;13.3;;0.6;0.6;;90;;;;65;119;36;0.8;0;51;21.9;13.9
BLA;19.02.2014 00:00;-1;0.7;-5.7;-1.3;3.3;-7.6;93.5;5.3;842;;1463.2;;1013.8;1.3;4.6;4.7;16.6;4.4;15.8;;1.8;1.8;;54;;;;53;0;0;0.4;0;180;21;13
BLA;20.02.2014 00:00;-4.1;3.7;-9.1;-4.9;9.7;-12.1;67.3;2.9;842.2;;1465.8;;1014;1.3;4.3;4.7;15.5;4.1;14.8;;0.1;0;;114;;;;17;334;99;0.9;0;58;24.1;16.1
BLA;21.02.2014 00:00;-1.8;0.9;-7.3;-2.3;2;-9.7;83.4;4.5;839.5;;1440.2;;1010.9;1.5;6.8;5.4;24.5;6.7;24.1;;2.5;2.6;;51;;;;50;0;0;0.5;0;90;21.8;13.8
BLA;22.02.2014 00:00;-4.6;0.4;-10.2;-5.1;5.4;-13.2;69.1;3;843.6;;1479;;1015.6;1.6;5.8;5.8;20.9;5.5;19.8;;10.4;10.2;;104;;;;34;194;56;0.7;0;51;24.6;16.6
BLA;23.02.2014 00:00;-4.3;2.7;-9.5;-6.1;8.1;-15.2;70.9;3.1;847.3;;1513.7;;1019.9;1.3;6.8;4.7;24.5;6.6;23.8;;0;0.2;;123;;;;19;346;99;0.8;0;56;24.3;16.3
BLA;24.02.2014 00:00;-4.4;5.1;-9.5;-5.8;9.1;-12.4;54.6;2.3;845;;1492.6;;1017.3;1;3.9;3.6;14;3.7;13.3;;0.1;0.1;;126;;;;19;349;99;1;0;60;24.4;16.4
BLA;25.02.2014 00:00;-3.9;3.2;-9;-5.1;7.1;-11.6;57.8;2.6;843;;1473.2;;1014.9;1.4;5.7;5;20.5;5.4;19.4;;1.3;1.3;;118;;;;39;272;76;1;0;56;23.9;15.9
BLA;26.02.2014 00:00;-0.6;5.1;-4.2;-0.6;9.9;-5.4;72;4.1;842.3;;1466.1;;1014.2;1.8;7.9;6.5;28.4;7.7;27.7;;2.8;2.6;;104;;;;75;90;25;1;0;207;20.6;12.6
BLA;27.02.2014 00:00;-2.2;0.6;-3.8;-1.8;5.9;-4.6;83.8;4.3;844;;1482.4;;1016.1;1.4;5.4;5;19.4;5.1;18.4;;5.4;4.6;;113;;;;78;97;27;0.8;0;45;22.2;14.2
BLA;28.02.2014 00:00;-1.9;1.4;-4.4;-1.9;6.6;-6.3;82.7;4.3;833.7;;1384.1;;1004.1;1.5;5.1;5.4;18.4;4.8;17.3;;14.8;4.3;;98;;;;87;18;5;0.8;0;243;21.9;13.9
BLA;01.03.2014 00:00;-3.5;-1.7;-4.6;-2.9;1.9;-5.6;89.6;4.2;828.7;;1337.9;;998.4;1.3;6.3;4.7;22.7;4.5;16.2;;3.3;14.6;;89;;;;80;0;0;0.6;0;229;23.5;15.5
BLA;02.03.2014 00:00;-5.8;-0.1;-10.7;-7.8;7.3;-15.5;80.2;3.2;830.1;;1352.3;;999.9;1.4;10.9;5;39.2;9.6;34.6;;1.7;1.9;;110;;;;66;131;35;0.7;0;53;25.8;17.8
BLA;03.03.2014 00:00;-3.4;0.4;-6.7;-3.8;2.1;-9.9;86.1;4.1;825;;1301.4;;994;1.2;;4.3;52.2;;51.8;;12;9;;57;;;;55;0;0;0.6;0;236;23.4;15.4
BLA;04.03.2014 00:00;-4.1;0.7;-9.4;-3.3;4.9;-12.8;81;3.7;829.4;;1344.3;;999.1;1.2;;4.3;56.5;;55.4;;0.7;3.7;;143;;;;53;252;65;0.8;0;233;24.1;16.1
BLA;05.03.2014 00:00;-4.3;2.9;-10.4;-6.2;8.9;-14.6;65.2;2.8;841.3;;1457.7;;1013;1.2;;4.3;;;;;0.3;0.2;;140;;;;34;328;84;1;0;;24.3;16.3
BLA;06.03.2014 00:00;-3;4;-8.8;-4.4;7.6;-12.1;61.2;2.9;848.8;;1527.5;;1021.7;1.2;;4.3;;;;;0.1;0.2;;153;;;;22;390;99;1.1;0;;23;15
BLA;07.03.2014 00:00;-1.8;6.8;-7.4;-3.2;11.4;-10.5;54.8;2.8;851.1;;1549.1;;1024.4;1;;3.6;;;;;0.1;0.1;;156;;;;21;392;99;1.3;0;;21.8;13.8
BLA;08.03.2014 00:00;1.2;10.5;-5.7;-0.5;12.1;-8.4;50.2;3.2;853.9;;1575.3;;1027.6;1.1;;4;;;;;0;0;;158;;;;21;396;99;1.5;0;;18.8;10.8
BLA;09.03.2014 00:00;1.8;10.5;-3.2;0.4;14.1;-6.2;48.8;3.3;854.3;;1579.9;;1028.1;1;;3.6;;;;;0.1;0.1;;159;;;;21;399;99;1.5;0;;18.2;10.2
BLA;10.03.2014 00:00;1.3;10;-3.9;0.3;12.6;-6.2;53.9;3.5;848.9;;1527.9;;1021.8;1.1;;4;;;;;0.1;0.1;;161;;;;23;404;100;1.5;0;;18.7;10.7
BLA;11.03.2014 00:00;1.5;13.5;-3.8;0;13.5;-7;56;3.7;849.4;;1533.4;;1022.4;1.2;;4.3;;;;;0.1;0.1;;158;;;;52;389;95;1.8;0;;18.5;10.5
BLA;12.03.2014 00:00;2.7;10.9;-2.7;-0.5;11.5;-8.3;48.5;3.4;854.5;;1581.9;;1028.4;1.3;5.8;4.7;20.9;5.6;20.2;;0.1;0.1;;170;;;;21;417;100;1.8;0;49;17.3;9.3
BLA;13.03.2014 00:00;2.7;10.8;-2.3;0.5;12.9;-6.4;50.7;3.6;854.2;;1578.9;;1028;1;4.6;3.6;16.6;4.4;15.8;;0;0;;172;;;;20;417;99;1.7;0;50;17.3;9.3
BLA;14.03.2014 00:00;2.7;11.2;-2.4;1.1;12.1;-5.2;56.4;4;852.6;;1563.2;;1026.1;1;4.9;3.6;17.6;4.8;17.3;;0.4;0.4;;175;;;;21;423;100;1.7;0;50;17.3;9.3
BLA;15.03.2014 00:00;3.2;10.4;-2.4;2;11.8;-4.8;60.9;4.5;849.5;;1534.2;;1022.5;1.8;13.7;6.5;49.3;12.8;46.1;;0.2;0.2;;154;;;;97;176;41;1.8;0;79;16.8;8.8
BLA;16.03.2014 00:00;4.7;12.6;0.4;3.9;14.2;-1.1;64.7;5.2;849.8;;1537.2;;1022.9;2.5;13;9;46.8;12.5;45;;0;0;;148;;;;32;358;83;2.1;0;281;15.3;7.3
BLA;17.03.2014 00:00;4.1;12.5;-1.9;2.7;13.4;-3.8;50.8;3.8;850.7;;1545.7;;1023.9;1.2;5.3;4.3;19.1;5.1;18.4;;0;0;;185;;;;24;432;100;2;0;49;15.9;7.9
BLA;18.03.2014 00:00;5.8;13.3;0.3;4.4;15.6;-1.5;49.5;4.3;848.1;;1520.5;;1020.9;1.1;8;4;28.8;7.2;25.9;;0;0;;176;;;;57;418;96;2;0;56;14.2;6.2
BLA;19.03.2014 00:00;3.5;10.3;-1.9;2.6;13.8;-4.5;62.8;4.9;851.2;;1550.8;;1024.5;1.2;4.8;4.3;17.3;4.7;16.9;;0;0;;185;;;;28;437;99;1.8;0;63;16.5;8.5
BLA;20.03.2014 00:00;4.2;12;-0.7;2.5;12.5;-3.1;58.3;4.6;850.6;;1544.7;;1023.8;1.2;6;4.3;21.6;5.9;21.2;;0;0;;182;;;;35;441;99;1.9;0;79;15.8;7.8
BLA;21.03.2014 00:00;3.9;10.6;-1.4;2.5;13.1;-3.9;58.9;4.5;845.9;;1499.3;;1018.3;1.3;5.5;4.7;19.8;5.2;18.7;;0;0;;193;;;;41;440;98;1.9;0;79;16.1;8.1
BLA;22.03.2014 00:00;2.4;6.4;-0.2;1.7;7.2;-0.1;81.8;5.9;837.6;;1420.2;;1008.7;1.3;7;4.7;25.2;6.6;23.8;;11.8;11;;57;;;;56;0;0;0.9;0;53;17.6;9.6
BLA;23.03.2014 00:00;-2.4;-0.3;-4.5;-2.4;0.2;-5.1;84.9;4.4;833.3;;1381.2;;1003.7;1.4;10.3;5;37.1;10;36;;1.4;2.1;;75;;;;74;0;0;0.8;0;225;22.4;14.4
BLA;24.03.2014 00:00;-4.2;1;-8.9;-4.1;6.5;-11.6;66.4;2.9;837.2;;1419;;1008.2;1.4;6.7;5;24.1;6.6;23.8;;1;1.1;;163;;;;109;169;36;1.2;0;360;24.2;16.2
BLA;25.03.2014 00:00;-4.8;0.8;-10.3;-5.2;7.3;-13;48;2;834.6;;1394.4;;1005.2;1.4;5.6;5;20.2;5.4;19.4;;0.2;0.2;;203;;;;91;279;57;1.5;0;45;24.8;16.8
BLA;26.03.2014 00:00;-1.8;3.1;-7.6;-1.7;9.9;-9.9;53.4;2.8;835.1;;1397.4;;1005.7;1.4;7.2;5;25.9;6.9;24.8;;0;0;;199;;;;114;246;49;1.6;0;49;21.8;13.8
BLA;27.03.2014 00:00;-0.6;5.9;-6;-1;11.7;-8.4;56.2;3.2;836.9;;1414;;1007.8;1.2;7;4.3;25.2;6.9;24.8;;0;0;;188;;;;94;235;46;1.7;0;49;20.6;12.6
BLA;28.03.2014 00:00;1.1;8.3;-4.8;0.7;11.8;-7.1;53.6;3.4;842.9;;1471.1;;1014.8;1.3;5.4;4.7;19.4;5.2;18.7;;0;0;;228;;;;31;500;98;2;0;49;18.9;10.9
BLA;29.03.2014 00:00;2.9;10;-3.4;2;14.1;-5.6;51.5;3.7;847.8;;1517.4;;1020.5;1.4;6.3;5;22.7;6;21.6;;0;0;;193;;;;94;319;62;2;0;72;17.1;9.1
BLA;30.03.2014 00:00;4.7;13.2;-1.8;3.9;16;-3.8;43.6;3.4;846.3;;1502.7;;1018.7;1.2;6;4.3;21.6;5.6;20.2;;0.2;0.2;;222;;;;132;373;72;2.4;0;45;15.3;7.3
BLA;31.03.2014 00:00;4.7;12.1;-0.9;4.2;16;-2.8;48.7;3.9;844.3;;1483.4;;1016.4;1;5.9;3.6;21.2;5.6;20.2;;0;0;;220;;;;85;486;93;2.3;0;90;15.3;7.3
BLA;01.04.2014 00:00;5.1;12.1;-0.7;3;12.3;-3.2;52.9;4.3;842.7;;1468.1;;1014.6;1.1;5.9;4;21.2;5.8;20.9;;0;0;;226;;;;86;509;95;2.3;0;63;14.9;6.9
BLA;02.04.2014 00:00;5.2;12.6;-0.6;2.8;12.5;-4.4;56.9;4.8;840.7;;1448.7;;1012.3;1.1;6.3;4;22.7;6;21.6;;0;0;;204;;;;84;388;72;2.2;0;53;14.8;6.8
BLA;03.04.2014 00:00;5.2;9.5;2.4;3.2;7;0.8;65.7;5.8;838.1;;1423.9;;1009.3;1.2;4.8;4.3;17.3;4.6;16.6;;0;0;;79;;;;77;0;0;1.4;0;90;14.8;6.8
BLA;04.04.2014 00:00;6.1;12.5;1.7;4.8;14.4;-0.3;56;4.9;837.1;;1413.4;;1008.1;1.1;6.2;4;22.3;6.1;22;;0;0;;220;;;;86;443;80;2.4;0;76;13.9;5.9
BLA;05.04.2014 00:00;5.4;10.7;1.6;4.4;11.3;-0.6;71.6;6.3;843;;1470.7;;1014.9;1.1;6.8;4;24.5;6.1;22;;0.5;0.5;;149;;;;119;111;20;1.8;0;90;14.6;6.6
BLA;06.04.2014 00:00;6.2;12.4;1.9;5.7;15.3;-0.2;69.4;6.3;847.8;;1517.1;;1020.5;1.1;5.5;4;19.8;5.4;19.4;;0.2;0.2;;237;;;;112;375;67;2.5;0;90;13.8;5.8
BLA;07.04.2014 00:00;7.2;14.2;0.9;5.4;15.5;-1.1;53.8;5.1;848.8;;1526.6;;1021.6;1.2;4.9;4.3;17.6;4.8;17.3;;0;0;;220;;;;105;393;70;2.6;0;72;12.8;4.8
BLA;08.04.2014 00:00;5;8.8;1.3;2.9;10.8;-1.2;73.5;6.4;848.6;;1524.9;;1021.4;1.2;7.8;4.3;28.1;7.6;27.4;;6.5;6.5;;101;;;;74;89;16;1.4;0;53;15;7
BLA;09.04.2014 00:00;3.7;10.3;-1.6;3.3;14.3;-4.5;51.8;3.8;849.8;;1536.8;;1022.8;1.6;10.8;5.8;38.9;10.2;36.7;;0;0;;274;;;;30;560;99;2.7;0;180;16.3;8.3
BLA;10.04.2014 00:00;5.3;13.1;-1.4;4.9;18;-4.1;51.1;4.3;848.1;;1520.6;;1020.9;1.5;12.1;5.4;43.6;11.7;42.1;;0;0;;265;;;;33;563;99;2.9;0;27;14.7;6.7
BLA;11.04.2014 00:00;6.9;14.5;0.9;7.1;19.8;-1.7;57.3;5.3;845.6;;1496;;1018;1.5;11;5.4;39.6;10.7;38.5;;0.7;0.7;;267;;;;59;519;90;3;0;90;13.1;5.1
BLA;12.04.2014 00:00;7.2;11.4;2.9;6.8;14.4;0.8;62.1;6.1;845.6;;1496;;1018;1.4;9.9;5;35.6;9.2;33.1;;0;0;;120;;;;101;54;9;1.8;0;180;12.8;4.8
BLA;13.04.2014 00:00;7.7;12.1;2;8.4;18.9;-1;51.1;5.1;846.9;;1508.5;;1019.5;2.3;12.1;8.3;43.6;11.8;42.5;;0;0;;306;;;;105;483;82;3.4;0;180;12.3;4.3
BLA;14.04.2014 00:00;6.6;13.2;-0.5;7;19.1;-2.7;44.2;4;846.4;;1503.5;;1018.9;2.5;15.4;9;55.4;15;54;;0;0;;284;;;;42;532;90;3.4;0;212;13.4;5.4
BLA;15.04.2014 00:00;4.1;8.2;-0.7;4.8;14.6;-3.4;26.1;2;845.3;;1494;;1017.7;3.7;18;13.3;64.8;17.4;62.6;;0;0;;305;;;;34;585;99;3.6;0;360;15.9;7.9
BLA;16.04.2014 00:00;3;9.6;-4;5.2;20.3;-6.3;46.9;3.3;846.9;;1509.1;;1019.5;2.1;13.2;7.6;47.5;12;43.2;;0;0;;292;;;;33;585;99;2.9;0;261;17;9
BLA;17.04.2014 00:00;4.7;13.5;-2.6;6.1;23.3;-6.1;45.8;3.5;845.8;;1498.1;;1018.2;1.9;12.4;6.8;44.6;12;43.2;;0;0;;298;;;;36;585;99;3.3;0;315;15.3;7.3
BLA;18.04.2014 00:00;1.9;7.1;-2.2;1.4;10.6;-4.9;66.1;4.6;839.4;;1437.4;;1010.8;1.6;7.9;5.8;28.4;7.6;27.4;;2.2;2.2;;82;;;;78;0;0;1.4;0;180;18.1;10.1
BLA;19.04.2014 00:00;-0.4;3.2;-3.8;-0.8;4.2;-6.8;85.7;5.2;834.9;;1395.6;;1005.6;1.1;4;4;14.4;3.9;14;;4.6;4.6;;81;;;;78;0;0;1;0;45;20.4;12.4
BLA;20.04.2014 00:00;5.4;12.3;-1;7.1;23.4;-3.7;61.7;5.2;834.8;;1390.7;;1005.4;1.3;8.4;4.7;30.2;8.1;29.2;;0.5;0;;265;;;;57;430;71;2.8;0;101;14.6;6.6
BLA;21.04.2014 00:00;5.2;9.2;2.8;6.2;18.6;2.3;78.6;6.8;835;;1392.7;;1005.6;1.3;8.4;4.7;30.2;7.4;26.6;;5.2;5.7;;129;;;;111;33;5;1.7;0;180;14.8;6.8
BLA;22.04.2014 00:00;7.1;12.8;1.4;9.1;21.5;-0.5;66.6;6.4;841.6;;1457.5;;1013.4;1.5;7.1;5.4;25.6;6.6;23.8;;0;0;;270;;;;116;351;57;3;0;230;12.9;4.9
BLA;23.04.2014 00:00;7.8;14.4;1.2;9.3;24.1;-1.6;61.5;6.1;846.7;;1507;;1019.3;1.4;7;5;25.2;6.8;24.5;;0;0;;260;;;;64;438;71;3;0;90;12.2;4.2
BLA;24.04.2014 00:00;9.4;15.6;3;11.4;26.2;0.4;57.4;6.3;845.3;;1492.6;;1017.6;1.4;9.2;5;33.1;9;32.4;;0;0;;285;;;;69;506;82;3.4;0;225;10.6;2.6
BLA;25.04.2014 00:00;8.8;14.3;4.3;9.5;22;1.2;62.2;6.7;841.6;;1456.4;;1013.3;1.5;7.5;5.4;27;6.9;24.8;;1.1;0;;176;;;;132;115;19;2.6;0;225;11.2;3.2
BLA;26.04.2014 00:00;8.8;14.9;3.3;10.8;23.8;3.7;73.8;7.9;840.5;;1445.1;;1012;1.4;6.8;5;24.5;6.3;22.7;;21.7;12.6;;198;;;;95;212;34;2.6;0;198;11.2;3.2
BLA;27.04.2014 00:00;2.5;5.5;0.2;4.2;12.2;0;90.2;6.6;837.6;;1420.2;;1008.7;1.4;5.7;5;20.5;5.5;19.8;;4.2;11.9;;138;;;;131;0;0;1.5;0;221;17.5;9.5
BLA;28.04.2014 00:00;0.4;1.2;-0.2;0.1;1.5;0;97;6.1;838.5;;1429.6;;1009.7;0.4;2.3;1.4;8.3;2.1;7.6;;17.8;20.2;;45;;;;44;0;0;0.7;0;225;19.6;11.6
BLA;29.04.2014 00:00;2.3;6.4;-2;4.1;17.1;-0.6;87.3;6.3;841.3;;1455.3;;1012.9;1.2;5.7;4.3;20.5;5.5;19.8;;1.2;1.3;;237;;;;97;281;43;2.1;0;194;17.7;9.7
BLA;30.04.2014 00:00;3.7;8.1;0.3;5.1;18;-1.5;86.1;6.7;839.5;;1438;;1010.9;1.7;7.5;6.1;27;7.2;25.9;;0.2;0.2;;168;;;;145;32;5;1.8;0;232;16.3;8.3
BLA;01.05.2014 00:00;6;10.8;1.3;8.6;20.5;-0.3;74.2;6.8;841.1;;1452.3;;1012.7;1.7;8.2;6.1;29.5;7.9;28.4;;5.8;2.3;;236;;;;140;233;35;2.6;0;198;14;6
BLA;02.05.2014 00:00;4.3;7.4;1.9;6.5;16.6;2.3;90.6;7.5;839.7;;1439.4;;1011.1;1.7;6;6.1;21.6;5.7;20.5;;0.7;4;;160;;;;140;42;6;1.7;0;228;15.7;7.7
BLA;03.05.2014 00:00;5.4;10.5;-1.1;7.3;22.2;-5.3;66.3;5.8;842;;1461.7;;1013.8;1.8;12.4;6.5;44.6;11.1;40;;0.1;0.3;;220;;;;123;254;38;2.5;0;7;14.6;6.6
BLA;04.05.2014 00:00;4.1;11.5;-2.6;5.9;20.7;-6.4;60.9;4.9;843.9;;1479.7;;1015.9;1.8;7.9;6.5;28.4;7.6;27.4;;0;0;;345;;;;34;673;100;3.5;0;229;15.9;7.9
BLA;05.05.2014 00:00;7.4;15;-0.7;8.8;24.2;-5;50.9;4.8;845.8;;1497.7;;1018.2;1.5;8.5;5.4;30.6;8.4;30.2;;0;0;;329;;;;56;680;99;3.7;0;243;12.6;4.6
BLA;06.05.2014 00:00;9.3;15.4;1.9;9.6;23.3;-2.2;51.1;5.7;846.5;;1504.4;;1019;1.6;8;5.8;28.8;7.7;27.7;;0.9;0.1;;206;;;;151;176;25;3;0;225;10.7;2.7
BLA;07.05.2014 00:00;6;9.4;3;6.7;17.7;2.1;84.5;7.9;846.7;;1506.8;;1019.2;1.3;13.2;4.7;47.5;12.8;46.1;;7.6;8.4;;112;;;;86;54;8;1.5;0;72;14;6
BLA;08.05.2014 00:00;8.7;15.3;0.6;10.2;23.4;-2.3;54.9;5.7;847.9;;1518.1;;1020.6;1.6;8;5.8;28.8;7.5;27;;0.7;0;;284;;;;145;466;66;3.5;0;243;11.3;3.3
BLA;09.05.2014 00:00;10.3;15.5;5.7;11.6;24.8;1.6;63.2;7.6;848.6;;1525.5;;1021.5;1.8;9.4;6.5;33.8;8.6;31;;0;0.7;;223;;;;143;212;30;3.2;0;315;9.7;1.7
BLA;10.05.2014 00:00;9;16.3;3.1;9.1;29.2;-0.8;67.2;7.6;846.9;;1508;;1019.4;1.4;12.7;5;45.7;11.1;40;;1.7;0.7;;153;;;;99;170;24;2.4;0;45;11;3
BLA;11.05.2014 00:00;5.6;11.1;0.3;6.4;19.4;0.2;75;6.7;842.3;;1463.9;;1014.1;2.4;14.2;8.6;51.1;13.7;49.3;;4.5;4;;151;;;;85;115;16;2.1;0;225;14.4;6.4
BLA;12.05.2014 00:00;2.8;7.6;-0.1;5.3;15;0;77.4;5.6;843.5;;1476.3;;1015.5;1.5;8.2;5.4;29.5;8;28.8;;1.9;2.5;;202;;;;169;48;7;2.2;0;219;17.2;9.2
BLA;13.05.2014 00:00;1.9;6.1;-0.3;4.4;18.2;0;83.4;5.7;844.6;;1486.8;;1016.8;1.5;10.6;5.4;38.2;10.3;37.1;;6;5.3;;183;;;;143;88;12;1.9;0;225;18.1;10.1
BLA;14.05.2014 00:00;0.9;4.7;-0.3;2.3;14.6;-0.9;86.1;5.6;851.4;;1551.7;;1024.7;1.3;7.8;4.7;28.1;7.5;27;;5;6.5;;120;;;;104;37;5;1.4;0;360;19.1;11.1
BLA;15.05.2014 00:00;2.7;7.2;-1.7;5;22.1;-5.6;58.7;4.2;851.4;;1552.2;;1024.7;2.5;14.4;9;51.8;13.7;49.3;;0;0.1;;255;;;;99;344;48;2.7;0;22;17.3;9.3
BLA;16.05.2014 00:00;4.6;11.6;-3.2;6.8;24.1;-6.9;54.6;4.4;847.5;;1514.9;;1020.2;1.8;9;6.5;32.4;8.8;31.7;;0.1;0.1;;322;;;;135;571;80;3.4;0;225;15.4;7.4
BLA;17.05.2014 00:00;7.1;13.4;-0.4;10.4;28.2;-4.2;56.9;5.5;845;;1490.5;;1017.3;1.9;8.5;6.8;30.6;8;28.8;;0;0;;360;;;;110;599;83;3.9;0;222;12.9;4.9
BLA;18.05.2014 00:00;8.7;15.1;1;10.9;29.1;-2.6;59.7;6.4;843.5;;1474.7;;1015.5;1.5;7.3;5.4;26.3;6.8;24.5;;0;0;;293;;;;100;452;63;3.5;0;225;11.3;3.3
BLA;19.05.2014 00:00;9.1;13.1;3.1;11.3;27.5;-0.5;54.6;6.1;843.1;;1471.3;;1015.1;2.4;14.9;8.6;53.6;13.7;49.3;;0;0;;284;;;;139;327;45;3.6;0;69;10.9;2.9
BLA;20.05.2014 00:00;9.3;16.3;2;10.8;26.8;-1.7;62.2;7.1;846.2;;1501.9;;1018.7;1.8;8;6.5;28.8;7.5;27;;0;0;;292;;;;139;423;59;3.7;0;216;10.7;2.7
BLA;21.05.2014 00:00;11.1;17.1;3.8;13.6;29.2;0.1;63;8.1;846.5;;1504;;1019;2.1;9.3;7.6;33.5;8.8;31.7;;0;0;;330;;;;103;670;93;4.1;0;218;8.9;0.9
BLA;22.05.2014 00:00;11.5;17.3;6.7;11.9;27.7;3.5;65.5;8.4;843.4;;1473.7;;1015.4;2.2;13.4;7.9;48.2;12.6;45.4;;28.2;12.6;;164;;;;102;158;22;2.9;0;45;8.5;0.5
BLA;23.05.2014 00:00;9.2;15;3.7;12.7;29.2;2.8;67.7;7.6;841.8;;1458.3;;1013.6;2.4;11.2;8.6;40.3;11;39.6;;1.2;16.8;;310;;;;116;417;58;3.8;0;214;10.8;2.8
BLA;24.05.2014 00:00;8.6;14.9;3.3;12.1;29.3;1;64.5;6.9;845.1;;1491.1;;1017.4;1.6;8.2;5.8;29.5;8;28.8;;0;0;;317;;;;75;511;71;3.8;0;220;11.4;3.4
BLA;25.05.2014 00:00;9.2;15.6;2;11.5;29;-0.3;57.9;6.2;847.1;;1510.1;;1019.7;1.6;9.6;5.8;34.6;9;32.4;;0;0;;285;;;;161;336;46;3.6;0;23;10.8;2.8
BLA;26.05.2014 00:00;7.8;11;4.7;9.1;18.1;3.3;80.6;8.5;844.4;;1484.3;;1016.6;1.2;5.5;4.3;19.8;5.3;19.1;;7.6;7.2;;109;;;;101;9;1;1.7;0;214;12.2;4.2
BLA;27.05.2014 00:00;6.8;11.4;3;9.1;18.7;0.8;86.7;8.5;842.8;;1468.9;;1014.7;1.7;8;6.1;28.8;7.6;27.4;;0.6;1;;175;;;;155;39;5;2.2;0;231;13.2;5.2
BLA;28.05.2014 00:00;7;12.6;3.2;9.2;24.2;1.5;81.2;7.9;842.2;;1463;;1014;1.6;7.9;5.8;28.4;7.6;27.4;;0.1;0.1;;200;;;;148;105;14;2.6;0;221;13;5
BLA;29.05.2014 00:00;8.2;14;2.5;10.4;28.2;-0.1;69.5;7.3;843.6;;1476.6;;1015.7;1.6;10.4;5.8;37.4;10;36;;0;0;;261;;;;150;235;32;3.2;0;225;11.8;3.8
BLA;30.05.2014 00:00;8.4;14.4;3.1;10.3;27.5;-0.5;71.2;7.6;845.5;;1495.2;;1017.9;1.5;8.3;5.4;29.9;7.9;28.4;;0;0;;229;;;;142;219;30;3;0;225;11.6;3.6
BLA;31.05.2014 00:00;8.5;15.7;2.2;11.2;27.4;-2.3;60.1;6.2;846.2;;1501.8;;1018.7;2.3;14.8;8.3;53.3;14.3;51.5;;0;0;;381;;;;46;727;100;4.6;0;326;11.5;3.5
BLA;01.06.2014 00:00;8.2;15.1;0.6;10.6;27.9;-3.2;59.5;6.2;847.4;;1513.6;;1020.1;1.7;10.1;6.1;36.4;9.9;35.6;;0;0;;345;;;;127;641;88;4;0;270;11.8;3.8
BLA;02.06.2014 00:00;9.4;15.4;4.1;11.9;30.8;1;61.6;7;846.4;;1503.1;;1018.8;1.5;8.7;5.4;31.3;8;28.8;;0.1;0.1;;278;;;;148;349;48;3.6;0;217;10.6;2.6
BLA;03.06.2014 00:00;9.5;13.9;4.4;11.5;27.5;0.9;69.5;8;844.8;;1488.1;;1017.1;1.5;7.5;5.4;27;7.3;26.3;;0;0;;218;;;;141;144;20;2.9;0;212;10.5;2.5
BLA;04.06.2014 00:00;8;12.7;4.3;8.7;19.8;1.3;81.8;8.7;842.4;;1464.8;;1014.3;1.1;6.3;4;22.7;6.1;22;;6.4;6.4;;108;;;;104;0;0;1.7;0;180;12;4
BLA;05.06.2014 00:00;9.1;16.4;1.4;11.5;28.3;-1;66.5;7.1;845.2;;1492.3;;1017.6;1.7;8;6.1;28.8;7.2;25.9;;0;0;;361;;;;88;716;98;4.3;0;220;10.9;2.9
BLA;06.06.2014 00:00;12;19.8;3.4;13.1;30.9;-0.9;60.1;8;848.9;;1528.2;;1021.8;1.7;7.5;6.1;27;7.3;26.3;;0;0;;328;;;;101;625;86;4.4;0;214;8;0
BLA;07.06.2014 00:00;14.7;23.2;5.7;15.5;35.2;0.4;53.9;8.3;851.1;;1550;;1024.4;1.2;6.4;4.3;23;6.1;22;;0;0;;342;;;;78;548;75;4.9;0;198;0;0
BLA;08.06.2014 00:00;17.1;25.7;8;17.7;37.6;2.2;46.4;8.2;853.4;;1572.7;;1027;1.3;8.6;4.7;31;8.3;29.9;;0;0;;350;;;;81;685;94;5.3;0;45;0;0
BLA;09.06.2014 00:00;16.1;25.9;9.5;15.9;39.4;3.4;55.9;9.6;853.7;;1575.3;;1027.3;1.4;8.7;5;31.3;8.2;29.5;;1.1;1.1;;254;;;;67;441;60;4.4;0;45;0;0
BLA;10.06.2014 00:00;15.6;23.8;7.5;15.6;36.8;3.4;57.3;9.6;853;;1568.3;;1026.5;1.3;6.1;4.7;22;5.8;20.9;;0;0;;270;;;;82;503;68;4.3;0;59;0;0
BLA;11.06.2014 00:00;16;24.3;7;17;35.2;1.9;58.2;9.8;854.5;;1583.5;;1028.3;1.6;11.2;5.8;40.3;11.1;40;;0;0;;367;;;;73;691;94;5.4;0;14;0;0
BLA;12.06.2014 00:00;16;24.9;8.9;16.1;36.3;3.2;54.8;9.2;854.1;;1579.9;;1027.9;1.5;11.8;5.4;42.5;11.3;40.7;;0;0;;311;;;;68;533;72;5;0;45;0;0
BLA;13.06.2014 00:00;14.3;22;7.7;15.9;36.2;2.5;62.3;9.5;850.2;;1540.4;;1023.3;1.8;12.9;6.5;46.4;12.4;44.6;;0.8;0.8;;303;;;;90;533;72;4.6;0;40;0;0
BLA;14.06.2014 00:00;10.9;19;5.2;11;32.5;-0.7;72.8;9.1;845.6;;1495;;1017.9;1.4;10;5;36;9.8;35.3;;0.4;0.4;;237;;;;114;393;53;3.5;0;360;9.1;1.1
BLA;15.06.2014 00:00;10;16.4;3.8;10.9;27;-2.1;74;8.8;844.9;;1488.5;;1017.1;1.7;8.6;6.1;31;8.3;29.9;;0;0;;241;;;;155;278;38;3.2;0;221;10;2
BLA;16.06.2014 00:00;11.2;18.3;3.8;14;32.7;-2.5;61.3;7.6;845.1;;1490.6;;1017.4;1.7;15.1;6.1;54.4;13.3;47.9;;0;0;;393;;;;82;703;95;5;0;360;8.8;0.8
BLA;17.06.2014 00:00;8.9;15.1;5.2;9.9;26.8;-0.2;73.9;8.2;845.4;;1493.9;;1017.8;1.5;9.9;5.4;35.6;9.3;33.5;;1.6;1.6;;190;;;;109;264;36;2.8;0;194;11.1;3.1
BLA;18.06.2014 00:00;9.4;15.6;3.8;11.6;28.5;-0.5;79.2;9;846.9;;1508.8;;1019.5;1.6;9;5.8;32.4;8.6;31;;4.8;4.8;;265;;;;120;417;57;3.4;0;216;10.6;2.6
BLA;19.06.2014 00:00;10.2;17;5;12.5;28.1;1.4;72.2;8.5;848.4;;1523.1;;1021.2;1.6;11.2;5.8;40.3;10.5;37.8;;0.7;0.7;;283;;;;95;473;64;3.8;0;360;9.8;1.8
BLA;20.06.2014 00:00;11.1;17.5;4.4;12.2;30.5;-0.7;59.9;7.4;847.2;;1511.2;;1019.8;1.6;10.7;5.8;38.5;10.6;38.2;;0;0;;278;;;;85;451;61;3.9;0;117;8.9;0.9
BLA;21.06.2014 00:00;13;22;3.6;14.3;34.3;-2.4;53.9;7.4;847.5;;1514.5;;1020.2;1.6;11.3;5.8;40.7;10.7;38.5;;0;0;;373;;;;37;720;97;5.1;0;14;0;0
BLA;22.06.2014 00:00;13.4;20.6;7.9;13.9;32.5;0.2;70.3;10.5;850.7;;1545.3;;1023.9;1.5;9.1;5.4;32.8;8.7;31.3;;6;6;;156;;;;103;142;19;2.9;0;63;0;0
BLA;23.06.2014 00:00;12.9;20.8;7.7;14.2;31.6;4.5;81.5;11.8;850.1;;1539.7;;1023.2;1.5;8.7;5.4;31.3;8.2;29.5;;2;1.8;;224;;;;106;355;48;3.4;0;180;0;0
BLA;24.06.2014 00:00;11.6;17.1;8.4;12.4;24.5;6.8;86.2;11.6;846.2;;1501.6;;1018.7;1.5;8.5;5.4;30.6;8.3;29.9;;5.4;5.6;;111;;;;85;79;11;2;0;51;8.4;0.4
BLA;25.06.2014 00:00;11.7;17.2;5.5;13.5;30.7;0.8;71.2;9.3;842.4;;1463.2;;1014.2;1.6;9.1;5.8;32.8;8.7;31.3;;0.2;0.2;;249;;;;107;310;42;3.4;0;27;8.3;0.3
BLA;26.06.2014 00:00;11.3;18.2;3.8;13;29.2;-1;64.6;8.3;844.3;;1482.9;;1016.5;1.6;8.5;5.8;30.6;8;28.8;;0;0;;323;;;;112;514;70;4.2;0;211;8.7;0.7
BLA;27.06.2014 00:00;12.9;20;5.1;15.2;31.5;-0.6;62.5;8.8;847.8;;1517.1;;1020.5;1.6;8.1;5.8;29.2;7.6;27.4;;0;0;;344;;;;108;587;80;4.6;0;225;0;0
BLA;28.06.2014 00:00;13.4;18.6;7.1;14.7;32.1;3.2;70.6;10.6;846.5;;1504.2;;1019;1.2;6.8;4.3;24.5;6.7;24.1;;5.2;0.7;;211;;;;129;267;36;3.1;0;180;0;0
BLA;29.06.2014 00:00;9.7;13.3;5.4;10.8;23.3;5.4;85.6;10.3;843.3;;1472.5;;1015.3;1.6;10.4;5.8;37.4;9.8;35.3;;6.9;11.4;;117;;;;98;42;6;1.8;0;214;10.3;2.3
BLA;30.06.2014 00:00;8.3;14;3.2;11.3;26.5;-1.7;70.1;7.3;846.3;;1502.8;;1018.8;1.7;8.2;6.1;29.5;7.9;28.4;;0.2;0.2;;324;;;;97;487;66;3.8;0;207;11.7;3.7
BLA;01.07.2014 00:00;10.5;17.7;1.8;12.4;28.5;-2.7;68;8.3;847.5;;1514.2;;1020.2;1.7;7.8;6.1;28.1;7.3;26.3;;6.1;5.8;;280;;;;86;438;60;3.7;0;210;9.5;1.5
BLA;02.07.2014 00:00;9.1;11.7;5;9.3;13.8;1.1;95;11;851.2;;1550.1;;1024.4;0.9;4;3.2;14.4;3.8;13.7;;8.9;9.2;;47;;;;45;0;0;0.9;0;56;10.9;2.9
BLA;03.07.2014 00:00;12.7;21.9;4;14.7;32;-0.2;67.2;9;854.5;;1583.3;;1028.3;1.3;6.4;4.7;23;6.2;22.3;;0;0;;373;;;;43;736;100;5;0;207;0;0
BLA;04.07.2014 00:00;14.2;20.8;8.1;14.2;30.3;3.2;67.3;10.4;848;;1518.9;;1020.8;1.7;14.1;6.1;50.8;13.8;49.7;;2.5;1;;167;;;;130;107;15;3.1;0;76;0;0
BLA;05.07.2014 00:00;12.5;17.3;8.1;13.4;25.4;3.3;80;11.4;846.6;;1504.9;;1019.1;1.1;6;4;21.6;5.5;19.8;;1.1;2.6;;146;;;;116;63;9;2.3;0;53;0;0
BLA;06.07.2014 00:00;15.2;22.7;7.1;16.6;33.8;2.2;65.7;10.7;846.3;;1501.7;;1018.8;1.7;11.3;6.1;40.7;10.3;37.1;;1.4;0.1;;271;;;;106;434;59;4.2;0;56;0;0
BLA;07.07.2014 00:00;12.4;19.4;7.9;14.3;30.8;5.3;85.7;12.1;846.5;;1504.6;;1019.1;1.5;9.8;5.4;35.3;9.4;33.8;;20.6;17.4;;186;;;;83;262;36;2.9;0;180;0;0
BLA;08.07.2014 00:00;7.1;9.1;5.1;8;11.1;5.3;94.9;9.6;843.6;;1476.4;;1015.6;1.2;6.4;4.3;23;6.3;22.7;;12.1;16.1;;59;;;;58;0;0;1;0;216;12.9;4.9
BLA;09.07.2014 00:00;7.3;11.6;4.9;9.6;21.4;5;82.6;8.3;842;;1460.9;;1013.8;1.2;9.4;4.3;33.8;8;28.8;;10;4;;171;;;;143;46;6;2.3;0;180;12.7;4.7
BLA;10.07.2014 00:00;6.4;9.1;3.2;7.6;11.3;3.8;92.4;8.9;842.3;;1464.3;;1014.2;0.9;4;3.2;14.4;3.7;13.3;;16.1;18.1;;75;;;;74;0;0;1.2;0;56;13.6;5.6
BLA;11.07.2014 00:00;10.3;15.6;6.7;12.2;25.4;3.7;88.7;11;844.6;;1486.1;;1016.9;1.5;9;5.4;32.4;8.9;32;;4.5;9;;174;;;;132;93;13;2.5;0;214;9.7;1.7
BLA;12.07.2014 00:00;10.8;15.4;5.7;13.2;27.6;3;86;11.1;844.7;;1486.3;;1016.9;1.4;6.5;5;23.4;6.4;23;;1.2;1.2;;217;;;;133;257;35;2.8;0;225;9.2;1.2
BLA;13.07.2014 00:00;11;15.8;7.4;13.1;26.9;5.3;85;11;844.8;;1487.7;;1017.1;1.3;8.7;4.7;31.3;8.3;29.9;;3.1;2.2;;190;;;;144;94;13;2.7;0;214;9;1
BLA;14.07.2014 00:00;11.6;17.4;5.9;13.2;29.7;2.1;82.3;11;847.1;;1510.2;;1019.7;1.2;7.6;4.3;27.4;7.5;27;;1.2;2.1;;214;;;;145;137;19;2.9;0;225;8.4;0.4
BLA;15.07.2014 00:00;13.3;22.4;5;15.6;33.2;0.4;68.1;9.6;851.3;;1552.1;;1024.7;1.4;7.5;5;27;7;25.2;;0.3;0.3;;367;;;;42;719;99;5;0;225;0;0
BLA;16.07.2014 00:00;14.7;23.6;6.8;15.8;34.1;2.1;62.2;9.5;852.9;;1567.6;;1026.5;1.5;10.3;5.4;37.1;10;36;;0;0;;349;;;;66;673;93;5;0;360;0;0
BLA;17.07.2014 00:00;15.8;23.8;7.3;17.8;34.5;3.3;54.1;8.7;853.4;;1573.1;;1027.1;1.4;8.2;5;29.5;8;28.8;;0;0;;360;;;;41;720;99;5.2;0;39;0;0
BLA;18.07.2014 00:00;16.8;25.3;8.2;18.6;34.5;4.6;51.9;9;851.9;;1558.2;;1025.3;1.2;7.4;4.3;26.6;7.3;26.3;;0;0;;359;;;;39;724;100;5.3;0;0;0;0
BLA;19.07.2014 00:00;17.3;26.1;9.5;17.8;32.3;5.7;57.3;10.7;849.9;;1537.4;;1022.9;1.5;9.3;5.4;33.5;9;32.4;;0;0;;238;;;;118;382;53;4.2;0;180;0;0
BLA;20.07.2014 00:00;14.5;20.9;8.1;14.2;23.5;7.8;75.8;12.3;846.6;;1504.5;;1019.1;1.6;11.3;5.8;40.7;10.8;38.9;;16.1;14.8;;99;;;;84;41;6;2.1;0;90;0;0
BLA;21.07.2014 00:00;9.9;14.3;6.4;11.5;20.5;5.3;90.1;11;845.2;;1491.4;;1017.5;1.5;7.3;5.4;26.3;6.9;24.8;;16.8;8.8;;141;;;;128;12;2;2;0;219;10.1;2.1
BLA;22.07.2014 00:00;12;15.4;8.6;13.4;21.6;8.6;92.5;13;846;;1499.4;;1018.4;1.2;5.8;4.3;20.9;5.4;19.4;;0.4;9.7;;116;;;;106;15;2;1.8;0;225;8;0
BLA;23.07.2014 00:00;14.8;21.2;7.7;17.8;31.3;6.1;80.6;13.3;845.3;;1492.1;;1017.7;1.3;9.1;4.7;32.8;8.8;31.7;;3;0;;296;;;;102;497;69;4;0;217;0;0
BLA;24.07.2014 00:00;12.1;16.8;6.6;12.9;24;4.6;89.7;12.6;845.4;;1493.6;;1017.8;1.2;5.4;4.3;19.4;5.3;19.1;;5.8;8.8;;130;;;;107;56;8;1.9;0;194;0;0
BLA;25.07.2014 00:00;12.8;20.5;5.2;15.3;29.9;3;72.4;10.1;846;;1499.5;;1018.5;1.3;6.5;4.7;23.4;6.2;22.3;;5.8;0;;327;;;;90;580;81;4.3;0;207;0;0
BLA;26.07.2014 00:00;10.7;11.9;9.3;11.4;15.7;9.1;91;11.7;846.2;;1501.5;;1018.7;1.1;5.4;4;19.4;5;18;;0.4;6.2;;85;;;;82;0;0;1.4;0;225;9.3;1.3
BLA;27.07.2014 00:00;13.3;19.5;8.2;16.4;30.9;7.7;79.2;11.9;847.9;;1517.7;;1020.6;1.5;6.8;5.4;24.5;6.7;24.1;;0;0;;295;;;;153;378;53;4;0;225;0;0
BLA;28.07.2014 00:00;12.9;19.1;9.2;14.3;28.5;8.6;85.4;12.5;844.5;;1484.4;;1016.7;1.4;7.4;5;26.6;7.1;25.6;;45.6;22.8;;157;;;;90;158;22;2.5;0;211;0;0
BLA;29.07.2014 00:00;8.6;14.4;4.6;10;19.9;4;88.5;9.9;842;;1460.3;;1013.8;1.3;10.4;4.7;37.4;9.8;35.3;;2.8;25.6;;146;;;;111;137;19;2.1;0;198;11.4;3.4
BLA;30.07.2014 00:00;10.6;13.8;6.6;11.3;18.3;5.2;92.1;11.8;843.8;;1477.4;;1015.8;1;5.5;3.6;19.8;5.3;19.1;;4.6;4;;84;;;;79;3;0;1.4;0;207;9.4;1.4
BLA;31.07.2014 00:00;13.9;19.8;9.1;17.2;29.6;8.3;85.6;13.4;846;;1498.9;;1018.4;1.4;7.6;5;27.4;6.8;24.5;;0.2;0.8;;319;;;;72;519;73;4.2;0;225;0;0
BLA;01.08.2014 00:00;13.2;20.7;9.2;13.9;31.7;7.3;83.1;12.5;844.4;;1483;;1016.6;1.3;5.8;4.7;20.9;5.6;20.2;;2.6;2.6;;148;;;;76;166;24;2.6;0;53;0;0
BLA;02.08.2014 00:00;13.2;18.6;9.8;14.5;29.6;8.8;82.6;12.4;843.7;;1476.3;;1015.8;1.4;8.4;5;30.2;8.2;29.5;;7.4;7.4;;169;;;;109;133;19;2.6;0;180;0;0
BLA;03.08.2014 00:00;11.2;13.9;7.4;12;18.2;5.4;92.7;12.3;845.8;;1497.7;;1018.2;1.1;4.6;4;16.6;4.4;15.8;;2.3;2.3;;104;;;;99;3;0;1.5;0;0;8.8;0.8
BLA;04.08.2014 00:00;12.7;19.6;5.8;14.7;29.1;3.1;78;11.1;848.6;;1525.3;;1021.5;1.6;6.8;5.8;24.5;6.6;23.8;;0.7;0.7;;269;;;;99;400;58;3.6;0;211;0;0
BLA;05.08.2014 00:00;11.9;18.8;6.3;14.3;30.5;3;73.2;9.8;849.3;;1532.2;;1022.3;1.5;10.5;5.4;37.8;9.7;34.9;;0;0;;305;;;;102;566;82;3.9;0;270;8.1;0.1
BLA;06.08.2014 00:00;12;18;5.1;13.6;28;1.8;76.8;10.6;848.6;;1524.9;;1021.5;1.2;6.5;4.3;23.4;6.2;22.3;;0.3;0.3;;249;;;;105;424;62;3.2;0;225;8;0
BLA;07.08.2014 00:00;12.8;17.6;8.9;14.2;29.1;8;81;11.8;848.1;;1519.6;;1020.8;1.2;5.9;4.3;21.2;5.8;20.9;;4.3;3.2;;155;;;;94;138;21;2.4;0;45;0;0
BLA;08.08.2014 00:00;14.3;21.2;8.4;16.5;31.9;6.6;79.4;12.5;847.5;;1514.1;;1020.2;1.4;10.3;5;37.1;9.2;33.1;;4.8;5.1;;236;;;;131;332;50;3.4;0;207;0;0
BLA;09.08.2014 00:00;13.8;19.7;9.7;14.8;31;8.3;83.7;13;847.7;;1515.8;;1020.4;1.2;5.3;4.3;19.1;5.1;18.4;;3.7;4.5;;134;;;;100;95;14;2.3;0;53;0;0
BLA;10.08.2014 00:00;15.8;21.9;9.6;17.5;32.9;7.8;74.7;13.1;847;;1508.5;;1019.6;1.4;6.4;5;23;6.1;22;;9.7;0;;240;;;;121;294;45;3.5;0;198;0;0
BLA;11.08.2014 00:00;13.1;17;10.9;13.9;26.1;10.6;93.2;14;847.7;;1515.6;;1020.4;1.2;5.4;4.3;19.4;5.2;18.7;;7.2;16.9;;72;;;;64;12;2;1.4;0;56;0;0
BLA;12.08.2014 00:00;11.3;16.9;8.6;14;29.3;7.5;90.4;12;846.4;;1503.6;;1018.9;1.4;5.6;5;20.2;5.3;19.1;;5.9;1.4;;205;;;;102;210;33;2.8;0;216;8.7;0.7
BLA;13.08.2014 00:00;10;14.5;5.7;10.6;23.4;4.2;89.8;11;841.7;;1456.6;;1013.4;1.4;6.6;5;23.8;6.5;23.4;;4.2;8.7;;84;;;;65;47;8;1.4;0;225;10;2
BLA;14.08.2014 00:00;7.8;13.7;3.2;9.7;26.6;1.1;82.8;8.6;845.1;;1491.1;;1017.4;1.4;7;5;25.2;6.8;24.5;;1;1;;203;;;;128;194;31;2.5;0;217;12.2;4.2
BLA;15.08.2014 00:00;6.8;10.3;3.1;7.4;16.4;0.8;87.1;8.6;846.6;;1505.6;;1019.1;1.1;7.9;4;28.4;7.3;26.3;;2.8;2.8;;113;;;;98;21;3;1.5;0;56;13.2;5.2
BLA;16.08.2014 00:00;7.7;14;2.3;9.6;26.2;-1;72.9;7.3;849.6;;1535.2;;1022.6;1.3;10.3;4.7;37.1;9.3;33.5;;0.2;0.2;;228;;;;129;251;41;2.7;0;45;12.3;4.3
BLA;17.08.2014 00:00;8.4;16.5;1;10.1;27.1;-2;72.1;7.6;848.2;;1520.9;;1021;1.2;6.1;4.3;22;5.9;21.2;;0.2;0.2;;279;;;;62;552;90;3.2;0;225;11.6;3.6
BLA;18.08.2014 00:00;11.3;20.1;3.7;12.5;29;0.6;59.5;7.2;844.5;;1484.1;;1016.7;1.7;11.7;6.1;42.1;11.1;40;;4.1;0.3;;302;;;;33;612;100;4;0;217;8.7;0.7
BLA;19.08.2014 00:00;11.2;17.9;7.3;13.1;29.3;4.1;74.4;9.6;844.5;;1484.8;;1016.7;1.7;10.8;6.1;38.9;10.4;37.4;;0;3.8;;239;;;;96;324;53;3.2;0;214;8.8;0.8
BLA;20.08.2014 00:00;9.4;16;4.9;10.9;27.4;1.8;76.9;8.8;845.9;;1498.8;;1018.3;1.5;12;5.4;43.2;11.3;40.7;;0.4;0.3;;209;;;;87;323;53;2.7;0;198;10.6;2.6
BLA;21.08.2014 00:00;8.5;15.1;2.2;10.8;26.2;-0.4;73.3;7.9;846.5;;1504.8;;1019;1.5;7.4;5.4;26.6;6.9;24.8;;0.1;0.2;;291;;;;43;581;97;3.2;0;211;11.5;3.5
BLA;22.08.2014 00:00;9.1;18;2.6;10.3;29;-1;65.5;6.9;846.5;;1504.4;;1019;1.4;8.6;5;31;8.3;29.9;;0.2;0.2;;291;;;;33;600;100;3.5;0;233;10.9;2.9
BLA;23.08.2014 00:00;8.4;13.1;3.9;8.5;20.7;0.1;74.4;8.1;846.3;;1503.1;;1018.8;1.3;7.2;4.7;25.9;6.9;24.8;;0.3;0.3;;111;;;;82;85;14;1.7;0;202;11.6;3.6
BLA;24.08.2014 00:00;8.9;15.1;3.6;11.5;27.5;-0.5;67.9;7.4;847.9;;1518.6;;1020.7;1.5;7;5.4;25.2;6.6;23.8;;0;0;;293;;;;83;531;90;3.3;0;219;11.1;3.1
BLA;25.08.2014 00:00;8.6;12.9;2.9;8.5;19.2;-0.6;81;9;847.4;;1513.8;;1020.1;1.2;6.5;4.3;23.4;6.1;22;;18.8;0.9;;77;;;;74;2;0;1.3;0;45;11.4;3.4
BLA;26.08.2014 00:00;10.1;13.2;8.3;10.2;15.2;6.9;95.3;11.8;843.8;;1477.9;;1015.9;1.2;4.8;4.3;17.3;4.8;17.3;;29.4;47;;43;;;;41;0;0;1;0;53;9.9;1.9
BLA;27.08.2014 00:00;11.5;18.2;7;13.7;30.2;3.8;73.2;9.4;846.1;;1500.5;;1018.6;1.3;9;4.7;32.4;8.5;30.6;;0;0.3;;262;;;;86;444;76;3.3;0;72;8.5;0.5
BLA;28.08.2014 00:00;12.5;19.9;8.1;15.1;31.8;5.3;77.9;11;849.4;;1532.6;;1022.4;1.2;5.4;4.3;19.4;5.1;18.4;;0;0;;271;;;;53;531;91;3.4;0;214;0;0
BLA;29.08.2014 00:00;13;19.1;7.5;13.3;26.6;4.1;82.1;12.2;850;;1539.1;;1023.1;1;6.7;3.6;24.1;6;21.6;;4.1;3;;103;;;;89;25;4;1.8;0;63;0;0
BLA;30.08.2014 00:00;12.1;17.5;7.3;13.7;29.4;4.1;86.6;12.2;849.8;;1536.6;;1022.8;1.1;6.3;4;22.7;6;21.6;;0;1.1;;209;;;;87;268;47;2.6;0;243;0;0
BLA;31.08.2014 00:00;10.2;16.3;5.7;10.8;28;3.7;85;10.5;846.8;;1507;;1019.3;1.2;6.2;4.3;22.3;5.8;20.9;;15.2;9.1;;129;;;;78;126;22;1.9;0;135;9.8;1.8
BLA;01.09.2014 00:00;7;13.2;2;8.5;26.3;-1.7;76.5;7.4;847;;1509.8;;1019.6;1.9;12.2;6.8;43.9;11.7;42.1;;0;6.1;;197;;;;63;383;68;2.3;0;90;13;5
BLA;02.09.2014 00:00;7.2;14.6;0.8;9;25.7;-2.5;80;8;847;;1509.1;;1019.5;1.4;7.4;5;26.6;7;25.2;;0;0;;257;;;;30;551;98;2.7;0;225;12.8;4.8
BLA;03.09.2014 00:00;9.8;17.6;3.2;10.6;28.8;-0.4;77.3;9.1;846;;1499.8;;1018.5;1.3;5.3;4.7;19.1;5;18;;0;0;;206;;;;61;414;74;2.6;0;207;10.2;2.2
BLA;04.09.2014 00:00;11.7;18.1;5.2;12.2;26.9;1.7;78.4;10.6;847.4;;1513.3;;1020.1;1;4.7;3.6;16.9;4.4;15.8;;0.6;0;;160;;;;109;128;23;2.1;0;0;8.3;0.3
BLA;05.09.2014 00:00;11.5;15.5;7.2;11.5;19.2;4.4;90.1;12.2;847.5;;1514.3;;1020.2;1;5;3.6;18;4.8;17.3;;1.8;2.4;;84;;;;79;4;1;1.3;0;0;8.5;0.5
BLA;06.09.2014 00:00;11.1;18.6;5.1;12.1;29.3;1.6;81.3;10.5;846.1;;1500.1;;1018.5;1.2;7.1;4.3;25.6;6.8;24.5;;0;0;;231;;;;48;477;87;2.8;0;198;8.9;0.9
BLA;07.09.2014 00:00;12.2;19.4;6.6;12.9;29.5;2.8;76.4;10.6;847.1;;1510.4;;1019.7;1;5.8;3.6;20.9;5.4;19.4;;0;0;;190;;;;66;317;58;2.5;0;135;0;0
BLA;08.09.2014 00:00;13;20.2;7.9;13.3;31.1;4.3;74.7;10.8;849.3;;1531.5;;1022.2;1.2;10.8;4.3;38.9;10.1;36.4;;1.5;1.5;;165;;;;65;257;48;2.4;0;72;0;0
BLA;09.09.2014 00:00;11.4;16.2;7.3;11;19.7;4.4;87.6;11.7;849.2;;1530.8;;1022.1;0.9;3.8;3.2;13.7;3.6;13;;6.2;6.2;;80;;;;77;0;0;1.3;0;90;8.6;0.6
BLA;10.09.2014 00:00;10.6;17.1;6.4;11.7;31.4;3.2;88.5;11.2;846;;1499;;1018.4;1.2;8;4.3;28.8;7.9;28.4;;1.3;1.3;;161;;;;82;177;34;2.1;0;63;9.4;1.4
BLA;11.09.2014 00:00;9;16.2;3.8;9.5;27.4;0.5;70.8;7.6;843.8;;1477.7;;1015.8;1.4;9.8;5;35.3;9.6;34.6;;0;0;;216;;;;47;428;83;2.6;0;68;11;3
BLA;12.09.2014 00:00;8;13.2;4.4;9.1;24.5;2.5;73.3;7.7;845.3;;1493.3;;1017.7;1.7;9.8;6.1;35.3;9.1;32.8;;0;0;;161;;;;69;246;48;2;0;180;12;4
BLA;13.09.2014 00:00;9.8;16.1;5.9;12.4;26.6;3;78.7;9.3;848;;1519.1;;1020.7;1.4;6.7;5;24.1;6;21.6;;0;0;;228;;;;33;495;97;2.6;0;225;10.2;2.2
BLA;14.09.2014 00:00;10.2;17.2;4.7;11.6;27.6;0.8;82.8;10.1;846.9;;1508.5;;1019.5;1.2;6.3;4.3;22.7;6;21.6;;0;0;;220;;;;30;491;98;2.4;0;198;9.8;1.8
BLA;15.09.2014 00:00;10.9;18.2;5.3;11.6;29.8;1.3;81.7;10.4;846.7;;1506.5;;1019.3;1.1;7.1;4;25.6;6.8;24.5;;0.2;0.2;;173;;;;69;340;69;2.2;0;198;9.1;1.1
BLA;16.09.2014 00:00;10.3;18.3;5.2;10.5;29.8;1.2;80.8;9.9;846.8;;1507.6;;1019.4;1;6;3.6;21.6;5.8;20.9;;0;0;;178;;;;49;311;65;2.2;0;153;9.7;1.7
BLA;17.09.2014 00:00;10.3;16.4;5.6;9.4;25;1.7;80.3;9.9;846.1;;1500.8;;1018.6;1.1;5.4;4;19.4;5.2;18.7;;0;0;;87;;;;72;47;10;1.5;0;63;9.7;1.7
BLA;18.09.2014 00:00;10.6;14.2;6.4;10.2;18.6;3.7;81.9;10.4;846.6;;1505.5;;1019.2;1;3.7;3.6;13.3;3.7;13.3;;0;0;;71;;;;65;19;4;1.2;0;90;9.4;1.4
BLA;19.09.2014 00:00;11.4;17.8;6.9;11.7;29.1;3.6;80;10.5;848.2;;1521.4;;1021;1.2;5.4;4.3;19.4;5.1;18.4;;0.3;0.3;;137;;;;94;148;33;1.9;0;90;8.6;0.6
BLA;20.09.2014 00:00;11.3;16.6;7.3;11.2;25.5;3.8;85;10.5;849;;1528.7;;1021.9;1;4.5;3.6;16.2;4.2;15.1;;1.8;0.8;;88;;;;64;60;13;1.4;0;72;8.7;0.7
BLA;21.09.2014 00:00;9.8;14.3;6.8;10.1;23.1;6.3;88;11;848.8;;1527.2;;1021.7;1.3;6.2;4.7;22.3;6;21.6;;10.2;8.8;;80;;;;62;31;7;1.2;0;90;10.2;2.2
BLA;22.09.2014 00:00;7.8;13.7;1.1;8.7;24;-2.6;80;9;846.7;;1506.7;;1019.3;1.7;12.9;6.1;46.4;12.5;45;;0;2.4;;192;;;;22;446;100;1.8;0;99;12.2;4.2
BLA;23.09.2014 00:00;6;15.7;-0.6;5.9;26;-4.4;75;7;846.6;;1505.8;;1019.1;1.1;5;4;18;4.9;17.6;;0;0;;184;;;;20;442;100;1.9;0;180;14;6
BLA;24.09.2014 00:00;6.9;12.4;2.1;6.5;21.1;-1.9;78;8.5;845.6;;1496.4;;1018;1.1;6.1;4;22;5.9;21.2;;3.9;3.3;;106;;;;72;111;26;1.3;0;180;13.1;5.1
BLA;25.09.2014 00:00;6;11.9;1.5;6.8;22.6;-1;86.4;8;848.4;;1523.5;;1021.3;1.3;6.5;4.7;23.4;6.3;22.7;;0;0.6;;177;;;;47;424;99;1.7;0;207;14;6
BLA;26.09.2014 00:00;6.8;14.9;1.5;6.9;25.4;-1.8;83.8;8.1;853.4;;1572;;1027.1;1.2;5.3;4.3;19.1;5.1;18.4;;0;0;;168;;;;27;431;100;1.8;0;180;13.2;5.2
BLA;27.09.2014 00:00;9.6;18.7;3.8;8.9;28.2;-0.5;77.8;8.9;855.6;;1593;;1029.5;0.9;4.8;3.2;17.3;4.7;16.9;;0;0;;166;;;;20;429;100;1.9;0;135;10.4;2.4
BLA;28.09.2014 00:00;10.3;19.3;5.4;9;27.7;0.8;74.7;8.9;855.9;;1596.7;;1030;1.2;7.3;4.3;26.3;7.1;25.6;;0;0;;162;;;;23;426;100;2.1;0;166;9.7;1.7
BLA;29.09.2014 00:00;10.1;17.9;4.4;9.5;27.8;0.3;74.6;8.9;856.2;;1598.9;;1030.3;1.2;7.5;4.3;27;7;25.2;;0;0;;148;;;;40;370;89;1.8;0;162;9.9;1.9
BLA;30.09.2014 00:00;9.9;12;8.4;9.8;15.4;6.8;91.7;11.2;855.8;;1595.4;;1029.8;0.9;3.9;3.2;14;3.7;13.3;;2.8;2.8;;46;;;;44;0;0;0.9;0;180;10.1;2.1
BLA;01.10.2014 00:00;10.3;15.6;6.2;11.6;27.2;2.5;87.3;10.9;855;;1587.7;;1028.9;1.2;7.4;4.3;26.6;6.6;23.8;;0;0;;152;;;;48;317;78;1.6;0;214;9.7;1.7
BLA;02.10.2014 00:00;8.1;16.6;3.3;7.4;26;-0.5;84.5;8.9;854.9;;1586.4;;1028.8;1;5.3;3.6;19.1;5.1;18.4;;0;0;;151;;;;18;405;100;1.6;0;135;11.9;3.9
BLA;03.10.2014 00:00;8.4;15.9;3.8;8;25;-0.4;85.9;9.3;852.3;;1560.8;;1025.7;0.9;4.9;3.2;17.6;4.8;17.3;;0;0;;140;;;;35;400;100;1.5;0;180;11.6;3.6
BLA;04.10.2014 00:00;8.8;15.8;4.8;8.5;26.2;0.8;86;9.6;848;;1518.9;;1020.7;1.1;6.4;4;23;6.3;22.7;;0;0;;140;;;;40;278;70;1.5;0;135;11.2;3.2
BLA;05.10.2014 00:00;7.8;13.5;3.1;6.8;21.1;-0.8;85.3;8.8;845.8;;1497.7;;1018.2;0.8;5;2.9;18;4.6;16.6;;5.1;1.6;;81;;;;48;115;29;1.1;0;90;12.2;4.2
BLA;06.10.2014 00:00;7.5;13.8;4.1;8.5;23;1.2;84.8;8.6;844;;1480.7;;1016.2;1.3;6.8;4.7;24.5;6.5;23.4;;0;3.5;;148;;;;25;390;100;1.5;0;180;12.5;4.5
BLA;07.10.2014 00:00;8.7;12.4;5.3;8.9;18.6;4;78.9;8.8;844.5;;1485.4;;1016.7;1.1;5.5;4;19.8;5.3;19.1;;0;0;;87;;;;78;5;1;1.1;0;180;11.3;3.3
BLA;08.10.2014 00:00;9.1;14.3;5.1;8.2;18.7;1.3;80.7;9.2;845.9;;1498.8;;1018.3;1.1;4.5;4;16.2;4.1;14.8;;0;0;;84;;;;76;62;16;1.2;0;45;10.9;2.9
BLA;09.10.2014 00:00;9.4;17.3;4.1;8.7;25.9;0.1;75.4;8.6;846;;1499.8;;1018.5;1.3;5.9;4.7;21.2;5.6;20.2;;0;0;;130;;;;21;362;97;1.6;0;117;10.6;2.6
BLA;10.10.2014 00:00;11.4;17.2;8.4;11.1;25.9;5.4;75.4;10;846.5;;1504.4;;1019;1.3;5.9;4.7;21.2;5.7;20.5;;2.9;0.5;;108;;;;70;122;33;1.5;0;135;8.6;0.6
BLA;11.10.2014 00:00;10.1;15.3;6.1;9.9;24.3;2.8;83.7;10.3;846.3;;1502.1;;1018.7;1;9.2;3.6;33.1;8;28.8;;0.3;2.7;;87;;;;65;82;22;1.1;0;90;9.9;1.9
BLA;12.10.2014 00:00;9.6;15.4;4.6;8;20.1;0.9;79.2;9.3;845.1;;1490.4;;1017.4;1.2;9.4;4.3;33.8;8.7;31.3;;0.4;0;;77;;;;59;61;17;1.2;0;117;10.4;2.4
BLA;13.10.2014 00:00;8.8;11.4;3.9;8.2;14.1;1.9;92.2;10.5;842;;1460.8;;1013.8;1.4;8;5;28.8;7.8;28.1;;15.2;15.6;;34;;;;32;0;0;0.6;0;135;11.2;3.2
BLA;14.10.2014 00:00;6.1;12.8;1.4;5.6;23;-1.4;89.7;8.4;842.4;;1465.2;;1014.3;0.9;4.3;3.2;15.5;4.2;15.1;;2.5;1.4;;87;;;;47;160;45;1;0;63;13.9;5.9
BLA;15.10.2014 00:00;8.4;13.1;5.9;8.8;20.7;5.3;89.6;9.8;841.5;;1455.8;;1013.2;0.9;4.1;3.2;14.8;3.9;14;;0.7;1.8;;78;;;;68;23;6;1;0;90;11.6;3.6
BLA;16.10.2014 00:00;8.6;12;5.7;7.6;10.8;2.6;89.8;10;844.2;;1481.9;;1016.3;1.4;8.1;5;29.2;7.9;28.4;;7.5;4.7;;22;;;;21;0;0;0.7;0;45;11.4;3.4
BLA;17.10.2014 00:00;9.9;15.8;3.6;9.9;24.4;-0.2;84.5;10.3;847.6;;1515.1;;1020.3;1.2;5.2;4.3;18.7;4.8;17.3;;1.9;4.7;;130;;;;31;348;100;1.2;0;90;10.1;2.1
BLA;18.10.2014 00:00;8.6;18.1;3.5;7;26;-0.6;72.4;7.8;853.5;;1572.8;;1027.2;0.8;3.7;2.9;13.3;3.7;13.3;;0;0;;111;;;;13;346;100;1.2;0;56;11.4;3.4
BLA;19.10.2014 00:00;9.3;19;3.8;7.2;27.1;-0.5;61.1;6.9;855.2;;1589.4;;1029.1;0.9;3.4;3.2;12.2;3.3;11.9;;0;0;;109;;;;18;337;100;1.3;0;53;10.7;2.7
BLA;20.10.2014 00:00;11.9;20.2;6.7;10.1;27.2;2.5;62.5;8.5;852.1;;1559.6;;1025.6;1.3;6.4;4.7;23;6.2;22.3;;14.3;3.3;;80;;;;40;155;46;1.5;0;59;8.1;0.1
BLA;21.10.2014 00:00;8.4;14.3;-0.3;8;20.5;-0.2;85.2;9.5;845.4;;1493.8;;1017.7;1.9;13.8;6.8;49.7;13.2;47.5;;7.7;18.3;;56;;;;35;62;19;0.8;0;104;11.6;3.6
BLA;22.10.2014 00:00;-1.3;1.7;-3.1;-1.2;-0.1;-2.3;78;4.3;846.3;;1504;;1018.8;2.9;26.3;10.4;94.7;25.3;91.1;;8.4;7.8;;12;;;;11;0;0;0.8;0;117;21.3;13.3
BLA;23.10.2014 00:00;-0.9;3.3;-4.8;0.3;10.5;-5;86;5;848.9;;1528.2;;1021.8;1.4;6.7;5;24.1;6.1;22;;0;1;;116;;;;36;315;96;0.6;0;45;20.9;12.9
BLA;24.10.2014 00:00;1.5;9.5;-3.1;0.7;18;-6.6;72;4.8;848;;1519.4;;1020.7;1.1;4.6;4;16.6;4.4;15.8;;0.2;0;;100;;;;13;325;100;0.9;0;63;18.5;10.5
BLA;25.10.2014 00:00;6.6;11.3;2.7;6.3;14.6;1.1;85.3;8.3;849.3;;1532.3;;1022.3;1.1;4.6;4;16.6;4.4;15.8;;2.4;2.6;;54;;;;52;0;0;0.8;0;45;13.4;5.4
BLA;26.10.2014 00:00;4.7;12;1.3;4;19.8;-2.8;85.9;7.2;852.3;;1560.9;;1025.8;1;4;3.6;14.4;3.9;14;;0;0;;94;;;;13;313;98;0.9;0;53;15.3;7.3
BLA;27.10.2014 00:00;3.4;12.4;-0.3;1.5;20.4;-4.5;69.7;5.2;851.4;;1551.7;;1024.7;0.8;3.3;2.9;11.9;3.2;11.5;;0;0;;98;;;;15;317;100;0.9;0;72;16.6;8.6
BLA;28.10.2014 00:00;2.3;10.5;-1.2;0.4;18.7;-5.5;69.6;4.9;848;;1519.6;;1020.7;0.7;3.6;2.5;13;3.4;12.2;;0;0;;92;;;;12;315;100;0.8;0;63;17.7;9.7
BLA;29.10.2014 00:00;1.3;9.5;-2.2;-0.5;17.2;-6.2;74.6;4.9;848;;1520.1;;1020.8;0.9;4;3.2;14.4;3.8;13.7;;0.3;0.3;;90;;;;12;313;100;0.8;0;63;18.7;10.7
BLA;30.10.2014 00:00;4.4;12;-1.1;3.4;19.6;-4.7;74;6.2;852.3;;1561;;1025.8;1.1;4.6;4;16.6;4.4;15.8;;0.2;0.2;;91;;;;19;306;100;0.9;0;72;15.6;7.6
BLA;31.10.2014 00:00;5.5;14.5;1.4;2.9;22.1;-2.6;65.4;5.7;854.2;;1578.7;;1027.9;0.9;3.6;3.2;13;3.5;12.6;;0;0;;77;;;;14;259;88;1;0;59;14.5;6.5
BLA;01.11.2014 00:00;5.9;14.8;2;3.2;22.6;-2.7;60.2;5.4;853;;1567.6;;1026.6;0.8;3.6;2.9;13;3.5;12.6;;0;0;;82;;;;19;290;99;0.9;0;63;14.1;6.1
BLA;02.11.2014 00:00;4.9;13.3;1.3;2.3;20.2;-3.3;62.2;5.2;849.5;;1533.9;;1022.5;0.8;3.2;2.9;11.5;3.1;11.2;;0;0;;77;;;;16;287;100;0.9;0;53;15.1;7.1
BLA;03.11.2014 00:00;5.1;11.1;0.2;2.7;19.2;-4.2;62.9;5.4;841.6;;1457.2;;1013.3;1.4;13.2;5;47.5;12;43.2;;0;0;;71;;;;19;208;73;1;0;90;14.9;6.9
BLA;04.11.2014 00:00;6.3;10.6;1.9;4.9;10.8;1.7;71.5;6.4;831.4;;1356.8;;1001.4;2.4;14.6;8.6;52.6;14.1;50.8;;44.6;30.8;;18;;;;17;0;0;1.1;0;270;13.7;5.7
BLA;05.11.2014 00:00;0.3;3.3;-1.6;0.6;2.9;0;99.2;6.2;831.8;;1364.9;;1002;1;4.7;3.6;16.9;4.4;15.8;;44;52.9;;9;;;;8;0;0;0.4;0;243;19.7;11.7
BLA;06.11.2014 00:00;-1.6;2.2;-5.5;-1.4;8;-9.3;96.8;5.3;839.2;;1436.6;;1010.5;0.9;4.1;3.2;14.8;4;14.4;;2.2;7.1;;75;;;;54;96;35;0.3;0;90;21.6;13.6
BLA;07.11.2014 00:00;-0.8;4.6;-5.1;-3;7;-9.1;92.8;5.4;840.6;;1450;;1012.2;1;4.2;3.6;15.1;4.1;14.8;;0.1;0.1;;66;;;;20;255;94;0.4;0;45;20.8;12.8
BLA;08.11.2014 00:00;-0.4;5.5;-4.4;-2.6;8.6;-8.2;84;5;841.9;;1462.2;;1013.7;0.9;7.9;3.2;28.4;6.3;22.7;;0;0;;69;;;;14;264;99;0.5;0;51;20.4;12.4
BLA;09.11.2014 00:00;2.5;6.2;-1.6;0.8;6.1;-4.7;76.3;5.6;839.6;;1439.5;;1011.1;1.2;4.6;4.3;16.6;4.3;15.5;;1.2;0.2;;53;;;;51;2;1;0.6;0;51;17.5;9.5
BLA;10.11.2014 00:00;2.9;4.8;1.3;1.9;5.1;-0.1;96.2;7.2;841.3;;1455;;1012.9;1.3;5.9;4.7;21.2;5.7;20.5;;3;4;;33;;;;31;0;0;0.4;0;56;17.1;9.1
BLA;11.11.2014 00:00;4.6;9.8;2.2;3.3;9.5;0.6;81.3;6.8;838.2;;1424.2;;1009.3;1.7;11.9;6.1;42.8;10.5;37.8;;4.5;1;;31;;;;29;0;0;0.8;0;63;15.4;7.4
BLA;12.11.2014 00:00;3.1;5.2;2;2.5;4.9;1.5;98.2;7.5;835.4;;1397.9;;1006.1;1.1;4.5;4;16.2;4.2;15.1;;14.2;16.3;;29;;;;28;0;0;0.4;0;45;16.9;8.9
BLA;13.11.2014 00:00;1.8;5.4;-0.2;1.5;8.1;-1.8;96.2;6.7;840.8;;1450.9;;1012.4;0.7;3.2;2.5;11.5;2.8;10.1;;0;1.4;;62;;;;13;248;100;0.4;0;72;18.2;10.2
BLA;14.11.2014 00:00;3.1;8.2;-0.6;2.1;10.3;-2.2;78.3;6;840.7;;1449.4;;1012.3;0.9;4.2;3.2;15.1;4;14.4;;0.8;0;;56;;;;34;149;63;0.5;0;51;16.9;8.9
BLA;15.11.2014 00:00;3.6;10.3;0.1;2.7;9;0;92.1;7.3;833.6;;1380.3;;1004;1.2;14.8;4.3;53.3;14.3;51.5;;28.8;26.2;;20;;;;19;0;0;0.6;0;90;16.4;8.4
BLA;16.11.2014 00:00;0.1;2.1;-1.8;-0.6;2.2;-3.8;94.9;5.8;833.8;;1384.7;;1004.3;0.9;3.9;3.2;14;3.7;13.3;;0.6;4;;66;;;;34;134;59;0.3;0;51;19.9;11.9
BLA;17.11.2014 00:00;0.2;3.2;-1.8;-0.6;4;-4;93.1;5.8;833.2;;1378.5;;1003.6;0.9;4.2;3.2;15.1;4.1;14.8;;4.4;4.4;;45;;;;43;0;0;0.4;0;180;19.8;11.8
BLA;18.11.2014 00:00;-0.4;2.5;-3.8;-1.6;4.6;-6.9;92.4;5.5;836.9;;1414;;1007.8;1;5.3;3.6;19.1;5;18;;0.8;0.8;;53;;;;44;24;11;0.3;0;53;20.4;12.4
BLA;19.11.2014 00:00;-3;2;-6.3;-7.1;1.2;-12.2;82.3;4.1;846;;1501.3;;1018.4;0.9;4;3.2;14.4;3.7;13.3;;0;0;;46;;;;21;168;79;0.4;0;40;23;15
BLA;20.11.2014 00:00;-0.3;5.4;-6.1;-3.3;7.3;-12.1;74.7;4.5;850.4;;1543;;1023.6;0.9;3.2;3.2;11.5;3.1;11.2;;0;0;;67;;;;30;185;88;0.4;0;39;20.3;12.3
BLA;21.11.2014 00:00;3.1;6.7;1.3;1;5.3;-2.7;82.8;6.3;849.2;;1531;;1022.1;0.7;3.4;2.5;12.2;3.3;11.9;;0;0;;46;;;;36;37;18;0.4;0;37;16.9;8.9
BLA;22.11.2014 00:00;3.2;9;0.8;-0.2;7.5;-3.2;76.5;5.8;850;;1538.6;;1023.1;0.8;3.8;2.9;13.7;3.6;13;;0;0;;45;;;;15;209;100;0.5;0;51;16.8;8.8
BLA;23.11.2014 00:00;5.3;10.7;0.8;2.5;8.7;-2.9;68.2;6.1;852;;1557.8;;1025.4;1.1;5.8;4;20.9;5.1;18.4;;0;0;;55;;;;39;117;58;0.6;0;49;14.7;6.7
BLA;24.11.2014 00:00;6.4;11.7;3.2;4;9.8;1.2;71.7;6.8;851.5;;1553.7;;1024.9;1;5.9;3.6;21.2;5.5;19.8;;0;0;;46;;;;22;184;92;0.6;0;45;13.6;5.6
BLA;25.11.2014 00:00;5.5;11.1;3;3.1;10.3;0.3;75.7;6.7;847.7;;1516.8;;1020.4;1;4.8;3.6;17.3;4.6;16.6;;0;0;;47;;;;32;130;65;0.6;0;50;14.5;6.5
BLA;26.11.2014 00:00;4.9;9.7;0.9;2.6;10.4;-1.6;79.9;6.8;843;;1471.5;;1015;1;4.7;3.6;16.9;4.5;16.2;;0;0;;52;;;;37;82;42;0.5;0;53;15.1;7.1
BLA;27.11.2014 00:00;2.7;8;0.2;0.4;9.7;-2.5;80.1;5.9;838.8;;1431.5;;1010.1;1;4.7;3.6;16.9;4.4;15.8;;0;0;;36;;;;24;120;62;0.5;0;51;17.3;9.3
BLA;28.11.2014 00:00;4.2;7.9;0.5;1.6;8;-2.7;72.1;5.9;839.1;;1433.9;;1010.5;1.5;9;5.4;32.4;8.8;31.7;;0;0;;28;;;;25;16;9;0.7;0;72;15.8;7.8
BLA;29.11.2014 00:00;4.2;9.6;1.2;1.4;9.2;-2;76.4;6.3;841.7;;1458.9;;1013.4;1.2;4.2;4.3;15.1;4;14.4;;0;0;;38;;;;33;17;9;0.6;0;50;15.8;7.8
BLA;30.11.2014 00:00;5.4;9.9;2.3;3;8.6;-0.4;74;6.6;839.7;;1439.2;;1011.1;1.2;4.5;4.3;16.2;4.2;15.1;;5.6;0;;34;;;;31;0;0;0.6;0;45;14.6;6.6
BLA;01.12.2014 00:00;3.6;7.6;-0.1;2.2;8.2;-2.6;93.8;7.5;832.1;;1365.9;;1002.3;1;4.9;3.6;17.6;4.8;17.3;;0;5.6;;41;;;;37;3;2;0.3;0;72;16.4;8.4
BLA;02.12.2014 00:00;-1;0.1;-3;-1.6;3;-4.4;98.7;5.6;835;;1396.4;;1005.7;0.8;3.2;2.9;11.5;3;10.8;;0;0;;27;;;;20;32;19;0.2;0;207;21;13
BLA;03.12.2014 00:00;-0.5;1.1;-1.7;-1.2;5;-4.1;98.2;5.8;838.7;;1431.9;;1010;0.8;3.4;2.9;12.2;3.3;11.9;;0;0;;24;;;;19;48;29;0.3;0;45;20.5;12.5
BLA;04.12.2014 00:00;-0.1;3.7;-2.3;-2.9;2.6;-5.4;78.3;4.7;840.4;;1448.2;;1012;0.8;5.1;2.9;18.4;4.9;17.6;;0;0;;25;;;;22;16;10;0.4;0;45;20.1;12.1
BLA;05.12.2014 00:00;-0.7;4.4;-3;-2.8;6.6;-5.8;78.6;4.5;842.3;;1466;;1014.1;0.9;4.9;3.2;17.6;4.7;16.9;;0;0;;32;;;;11;163;100;0.4;0;51;20.7;12.7
BLA;06.12.2014 00:00;-1.4;0;-2.6;-1.1;1.8;-2.5;96.5;5.3;842.7;;1470.3;;1014.7;1.1;4.1;4;14.8;3.9;14;;0;0;;26;;;;25;0;0;0.3;0;0;21.4;13.4
BLA;07.12.2014 00:00;-2.7;-0.8;-3.8;-2.5;3.9;-4.2;88.2;4.4;845.3;;1495.2;;1017.7;1.8;6.5;6.5;23.4;6;21.6;;0;0;;33;;;;28;15;10;0.3;0;45;22.7;14.7
BLA;08.12.2014 00:00;-2.2;-1.4;-3.1;-2.3;0.9;-3.9;95.9;5;844.2;;1484.6;;1016.4;1;4.3;3.6;15.5;4.1;14.8;;0.4;0.3;;27;;;;26;0;0;0.2;0;225;22.2;14.2
BLA;09.12.2014 00:00;-5.4;-2.7;-9.1;-6.8;1.9;-12.3;83.8;3.5;846.9;;1510;;1019.5;1.1;6.4;4;23;6.1;22;;0;0.1;;31;;;;14;113;84;0.2;0;53;25.4;17.4
BLA;10.12.2014 00:00;-5.4;-1.5;-9.7;-6.4;-0.4;-12.6;76.7;3.3;850.1;;1539.4;;1023.2;1.1;4.7;4;16.9;4.5;16.2;;2.2;2.2;;29;;;;27;0;0;0.3;0;45;25.4;17.4
BLA;11.12.2014 00:00;-1.8;1.5;-4.4;-3.3;2.3;-7.5;82.8;4.4;846.9;;1509.9;;1019.5;1.4;9.3;5;33.5;8.8;31.7;;0;0;;31;;;;25;38;29;0.4;0;333;21.8;13.8
BLA;12.12.2014 00:00;-1.6;3.3;-7;-4.2;1.8;-11;66.8;3.7;843.6;;1478.9;;1015.7;1.3;5.9;4.7;21.2;5.5;19.8;;0;0;;24;;;;22;0;0;0.5;0;45;21.6;13.6
BLA;13.12.2014 00:00;-0.7;4.3;-3.8;-3.7;5.2;-7.9;71.1;4.1;843.5;;1477.7;;1015.6;1.1;4.5;4;16.2;4.3;15.5;;0;0;;41;;;;28;127;98;0.4;0;50;20.7;12.7
BLA;14.12.2014 00:00;0.3;4.2;-3.5;-1.8;3.4;-7.1;70.9;4.4;846.2;;1502.6;;1018.6;0.9;3.2;3.2;11.5;3.1;11.2;;0;0;;37;;;;34;0;0;0.4;0;45;19.7;11.7
BLA;15.12.2014 00:00;1.7;5.1;-1.1;0.2;5.5;-3.8;77.1;5.3;845.7;;1498.1;;1018.1;0.9;3.3;3.2;11.9;3.2;11.5;;2.4;0.2;;35;;;;33;15;12;0.4;0;37;18.3;10.3
BLA;16.12.2014 00:00;0.3;1.4;-1.8;-0.3;2.3;-5.3;97.7;6.1;840.8;;1451.9;;1012.5;0.8;4.8;2.9;17.3;4.7;16.9;;2.1;4.3;;30;;;;27;8;6;0.2;0;0;19.7;11.7
BLA;17.12.2014 00:00;-1.9;0.4;-5;-3.2;-0.3;-9.4;91.7;4.9;842.5;;1468.2;;1014.4;1.1;4.9;4;17.6;4.7;16.9;;14.8;14.8;;19;;;;18;0;0;0.3;0;39;21.9;13.9
BLA;18.12.2014 00:00;0.7;3.4;-3.1;-0.2;2.8;-3.7;99.1;6.4;848.9;;1528.9;;1021.9;1.2;6.5;4.3;23.4;6;21.6;;10.8;10.8;;29;;;;28;0;0;0.2;0;45;19.3;11.3
BLA;19.12.2014 00:00;1.4;5.2;-0.9;-2;3.7;-5.9;78.8;5.3;852;;1557.5;;1025.4;1.3;8.8;4.7;31.7;8.3;29.9;;6.3;2;;30;;;;18;120;95;0.5;0;45;18.6;10.6
BLA;20.12.2014 00:00;-0.6;1.8;-4.2;-3.5;0.7;-8.8;81.6;4.9;852.7;;1564.6;;1026.3;1.5;6.4;5.4;23;6;21.6;;0;4.3;;20;;;;8;115;91;0.4;0;53;20.6;12.6
BLA;21.12.2014 00:00;-4.9;-0.6;-6.9;-9.4;-1.1;-11.4;70.4;3;856.4;;1597.9;;1030.5;1.2;6.9;4.3;24.8;6.3;22.7;;0;0;;27;;;;15;91;72;0.4;0;45;24.9;16.9
BLA;22.12.2014 00:00;0.2;6.9;-4.8;-5;5.2;-9.8;53.6;3.3;856.8;;1602.9;;1031;1.7;5.2;6.1;18.7;4.9;17.6;;0;0;;28;;;;17;73;58;0.9;0;45;19.8;11.8
BLA;23.12.2014 00:00;1.8;6.8;-1.8;-3.8;4.3;-7.9;41.5;2.9;855.1;;1587.5;;1029.1;2;7.1;7.2;25.6;6.6;23.8;;0;0;;24;;;;7;131;100;1.2;0;47;18.2;10.2
BLA;24.12.2014 00:00;-1.3;3.7;-6.5;-6.4;2.3;-11.3;55.7;3;851.8;;1555.7;;1025.2;1.1;4.9;4;17.6;4.7;16.9;;0;0;;36;;;;21;137;100;0.5;0;45;21.3;13.3
BLA;25.12.2014 00:00;-0.3;6.2;-6.4;-2.6;6.4;-11.1;56.3;3.3;850.7;;1545.8;;1024;2.2;13.6;7.9;49;13.2;47.5;;0;0;;28;;;;19;59;46;0.9;0;207;20.3;12.3
BLA;26.12.2014 00:00;-6;-1.8;-10.6;-8.8;-3.5;-16.1;56.6;2.2;850.1;;1539.7;;1023.2;1.6;11.3;5.8;40.7;9.9;35.6;;2.8;0;;27;;;;15;96;75;0.5;0;45;26;18
BLA;27.12.2014 00:00;-6.5;-4.6;-10.6;-6.8;-5.1;-15.9;85.7;3.3;833.8;;1387.2;;1004.2;1.1;5.6;4;20.2;5.4;19.4;;30.8;32.5;;5;;;;4;0;0;0.3;0;243;26.5;18.5
BLA;28.12.2014 00:00;-7.9;-4.8;-14.2;-8.7;-3.8;-18.7;82.4;2.8;834.3;;1392.5;;1004.8;1.6;11.5;5.8;41.4;10.5;37.8;;0.8;1.9;;39;;;;37;0;0;0.2;0;225;27.9;19.9
BLA;29.12.2014 00:00;-11.2;-7.2;-16.7;-13.2;-7.3;-21.1;79.3;2.1;850.9;;1547;;1024.1;1.6;8.3;5.8;29.9;7.9;28.4;;1.3;1.3;;24;;;;23;0;0;0.2;0;53;31.2;23.2
BLA;30.12.2014 00:00;-8.7;-2.7;-12.2;-8.9;-2.9;-14.9;86.5;2.8;852.7;;1563.8;;1026.3;2.8;14.2;10.1;51.1;13.7;49.3;;0;0;;24;;;;24;0;0;0.4;0;234;28.7;20.7
BLA;31.12.2014 00:00;-8.9;-6.6;-11.1;-9.9;-4.7;-13.2;90.8;2.8;852.9;;1565.5;;1026.5;1.4;5.1;5;18.4;4.9;17.6;;0;0;;23;;;;9;102;76;0.2;0;45;28.9;20.9
BLA;01.01.2015 00:00;-5.7;-0.7;-9.7;-8.2;0.1;-12.3;83.5;3.3;856.6;;1599.9;;1030.8;0.9;4.4;3.2;15.8;4.1;14.8;;0;0;;25;;;;8;148;100;0.3;0;39;25.7;17.7
BLA;02.01.2015 00:00;-0.9;6.4;-4.9;-2.5;5.6;-7.8;82.5;4.8;859.3;;1625.7;;1033.9;1.2;8;4.3;28.8;7.8;28.1;;5.1;5.1;;24;;;;22;0;0;0.5;0;39;20.9;12.9
BLA;03.01.2015 00:00;0;5.4;-4.9;-1.3;3.7;-7.1;87.6;5.4;854.4;;1580;;1028.2;1.4;8.4;5;30.2;8.1;29.2;;13.1;12;;25;;;;24;0;0;0.4;0;39;20;12
BLA;04.01.2015 00:00;-0.5;4.8;-6.8;-1.5;3.8;-9;73.3;4.5;853.4;;1570.3;;1027;2.4;16.1;8.6;58;15.5;55.8;;4.6;5.7;;40;;;;27;121;81;0.5;0;45;20.5;12.5
BLA;05.01.2015 00:00;-6.3;-1.7;-8.7;-8.2;0.6;-10.7;62.2;2.4;855.2;;1586.7;;1029.2;1.3;6.1;4.7;22;6;21.6;;0;0;;31;;;;8;161;100;0.5;0;41;26.3;18.3
BLA;06.01.2015 00:00;-4.6;1.4;-7.5;-6.4;2.7;-9.8;59.5;2.6;850.9;;1547.3;;1024.1;1;3.5;3.6;12.6;3.4;12.2;;0;0;;32;;;;10;162;99;0.5;0;45;24.6;16.6
BLA;07.01.2015 00:00;-6.3;-1.5;-8.5;-7.9;0.4;-10.3;64.6;2.5;854.1;;1576.1;;1027.8;0.9;3.9;3.2;14;3.8;13.7;;0;0;;32;;;;8;165;99;0.4;0;40;26.3;18.3
BLA;08.01.2015 00:00;-4.3;0.9;-8.6;-5.5;3.2;-10.4;68.8;3.1;857.4;;1607.4;;1031.7;1;4.6;3.6;16.6;4.4;15.8;;0.4;0.4;;29;;;;15;88;52;0.4;0;45;24.3;16.3
BLA;09.01.2015 00:00;1.8;9.4;-4.1;0.7;8.5;-6.1;73.5;5;859.2;;1625.9;;1033.8;1.9;20.1;6.8;72.4;19.1;68.8;;11.1;7.6;;23;;;;22;0;0;0.9;0;90;18.2;10.2
BLA;10.01.2015 00:00;4.6;10.9;2.7;3.3;12.2;0.5;81;6.8;853.7;;1574.6;;1027.4;1.8;13;6.5;46.8;12;43.2;;2.4;3.5;;45;;;;20;172;97;0.7;0;60;15.4;7.4
BLA;11.01.2015 00:00;-0.4;3.8;-3.8;-1.4;1.7;-4.9;70.9;4.4;849.4;;1533;;1022.4;2.4;19.9;8.6;71.6;19.3;69.5;;3.5;5.9;;44;;;;34;47;25;0.6;0;90;20.4;12.4
BLA;12.01.2015 00:00;0.8;7.8;-4.1;-1.6;7.8;-6.8;44.7;2.8;854.8;;1583.7;;1028.6;1.9;6.7;6.8;24.1;6.5;23.4;;0;0;;67;;;;57;75;40;0.9;0;42;19.2;11.2
BLA;13.01.2015 00:00;0;4.7;-2.7;-3.8;4.9;-7.5;49.4;3;848.2;;1521.4;;1020.9;1.3;6.5;4.7;23.4;5.9;21.2;;1.4;0;;33;;;;15;94;49;0.8;0;45;20;12
BLA;14.01.2015 00:00;-1.1;2.7;-5.4;-2.2;1.2;-10;90.4;5.2;846.3;;1504.1;;1018.8;1.4;6.4;5;23;5.9;21.2;;4.3;5.7;;23;;;;22;0;0;0.3;0;34;21.1;13.1
BLA;15.01.2015 00:00;-2.8;2.3;-7.2;-5.6;3.3;-11.5;72.6;3.6;842.8;;1471.2;;1014.7;1.1;4.1;4;14.8;3.9;14;;0;0;;64;;;;32;189;95;0.4;0;45;22.8;14.8
BLA;16.01.2015 00:00;0.8;3.8;-4.7;-0.7;3.8;-8.7;75.3;4.9;836.9;;1413.3;;1007.8;1.4;5.8;5;20.9;5.6;20.2;;6.6;1.5;;31;;;;30;0;0;0.4;0;63;19.2;11.2
BLA;17.01.2015 00:00;-3;-0.5;-8.7;-3.3;-0.5;-11.7;96.5;4.7;839;;1434.9;;1010.3;1.2;4.4;4.3;15.8;4.1;14.8;;2.1;7.2;;30;;;;29;0;0;0.2;0;225;23;15
BLA;18.01.2015 00:00;-9;-3.7;-11.9;-11.1;-1.7;-14.7;78.7;2.4;840.7;;1453.4;;1012.3;1.3;4.8;4.7;17.3;4.6;16.6;;0;0;;48;;;;21;159;78;0.4;0;45;29;21
BLA;19.01.2015 00:00;-5.4;-2.3;-11.2;-6;0;-14.4;82.5;3.4;837.2;;1419.8;;1008.3;0.9;3.9;3.2;14;3.8;13.7;;0.8;0.1;;39;;;;38;0;0;0.3;0;45;25.4;17.4
BLA;20.01.2015 00:00;-4.5;-0.6;-8.5;-5.4;1.3;-11.1;80.5;3.5;835.4;;1401.6;;1006.1;0.9;5;3.2;18;4.8;17.3;;0.2;0.9;;54;;;;45;29;14;0.3;0;51;24.5;16.5
BLA;21.01.2015 00:00;-4.5;1;-9.6;-6.2;1.4;-12.4;75.2;3.3;834.2;;1391;;1004.8;1.2;4.5;4.3;16.2;4.1;14.8;;0;0;;41;;;;38;0;0;0.4;0;51;24.5;16.5
BLA;22.01.2015 00:00;-4.4;1.1;-8.9;-6.1;4.7;-11.1;73.9;3.3;836.8;;1415.2;;1007.7;1;4.1;3.6;14.8;3.9;14;;0;0;;47;;;;18;117;53;0.4;0;45;24.4;16.4
BLA;23.01.2015 00:00;-7.7;-3.6;-11.8;-8.6;-0.3;-13.9;83.2;2.9;841.9;;1464.1;;1013.7;1.5;5.5;5.4;19.8;5.4;19.4;;0;0;;44;;;;20;91;40;0.3;0;37;27.7;19.7
BLA;24.01.2015 00:00;-8;-5.5;-11.8;-9;-5.3;-13.9;78.6;2.7;843.6;;1479.6;;1015.6;1.5;6.3;5.4;22.7;6;21.6;;0;0;;30;;;;23;51;22;0.3;0;40;28;20
BLA;25.01.2015 00:00;-5.1;-2.3;-12.1;-5.8;-0.7;-14.2;48.2;1.9;846.6;;1507.4;;1019.2;3.8;18.5;13.7;66.6;16.7;60.1;;0;0;;62;;;;23;231;100;0.9;0;25;25.1;17.1
BLA;26.01.2015 00:00;-8.6;-5.5;-13.8;-8.8;-3.9;-16.3;78.9;2.6;847.8;;1518.4;;1020.5;0.9;4.8;3.2;17.3;4.7;16.9;;14.7;12.4;;40;;;;39;0;0;0.3;0;360;28.6;20.6
BLA;27.01.2015 00:00;-3.5;-0.8;-10.9;-4.9;1.5;-15.9;61.7;2.9;844.4;;1486.6;;1016.6;2.1;9.6;7.6;34.6;9.3;33.5;;0.2;2.5;;73;;;;66;13;5;0.5;0;360;23.5;15.5
BLA;28.01.2015 00:00;-8.2;-1.3;-14.7;-10.3;1.5;-19.5;68.1;2.4;841.9;;1464.1;;1013.7;1.3;5.7;4.7;20.5;5.4;19.4;;7.4;1.8;;59;;;;48;46;18;0.4;0;45;28.2;20.2
BLA;29.01.2015 00:00;-2.7;-1.6;-4.4;-2.6;-1.2;-4.5;95.2;4.8;824.4;;1295.1;;993.3;1.1;5;4;18;4.8;17.3;;27.7;23.3;;18;;;;17;0;0;0.3;0;270;22.7;14.7
BLA;30.01.2015 00:00;-6.5;-3.7;-8;-6.3;-4.3;-8.3;79;3;811.8;;1177.3;;978.7;2;16.6;7.2;59.8;15.7;56.5;;5.9;14.6;;37;;;;36;0;0;0.5;0;198;26.5;18.5
BLA;31.01.2015 00:00;-7.5;-3.9;-12.8;-8.6;-3;-16.5;79.4;2.8;815.4;;1213.5;;982.8;1.1;5.1;4;18.4;5;18;;2.7;3.2;;51;;;;46;1;0;0.3;0;37;27.5;19.5
BLA;01.02.2015 00:00;-7.1;-5.4;-8.9;-7.4;-4.2;-10.7;86.6;3.1;821.8;;1274.6;;990.3;1.1;5.3;4;19.1;5.1;18.4;;5.6;3.5;;26;;;;23;0;0;0.3;0;225;27.1;19.1
BLA;02.02.2015 00:00;-8.3;-5.3;-14.6;-9;-3.4;-17.6;83.1;2.8;828.6;;1340.2;;998.2;1.1;4.2;4;15.1;4.1;14.8;;0.8;3.7;;37;;;;35;0;0;0.3;0;45;28.3;20.3
BLA;03.02.2015 00:00;-10.2;-3.2;-14.7;-11.9;-1.3;-17.3;64.2;1.8;826.7;;1323.8;;996;1.2;5.9;4.3;21.2;5.7;20.5;;0;0;;65;;;;56;9;3;0.5;0;41;30.2;22.2
BLA;04.02.2015 00:00;-7.3;-1.4;-12.9;-8.2;0.1;-15.6;70.4;2.5;829.4;;1346.8;;999.1;1.1;5.2;4;18.7;4.9;17.6;;0;0;;61;;;;57;1;0;0.5;0;34;27.3;19.3
BLA;05.02.2015 00:00;-7.4;-6.1;-9;-7.5;-4.5;-9.6;88.4;3.1;830.1;;1353.4;;999.9;1.3;5.3;4.7;19.1;5.2;18.7;;5.7;5.4;;49;;;;47;0;0;0.3;0;236;27.4;19.4
BLA;06.02.2015 00:00;-6.6;-2.7;-9.3;-6.5;2.3;-10.8;91.7;3.4;832.5;;1375.9;;1002.8;1.3;7.6;4.7;27.4;7.4;26.6;;0;0.3;;69;;;;48;118;42;0.4;0;225;26.6;18.6
BLA;07.02.2015 00:00;-8.2;-3.1;-12.4;-9.3;1.2;-14.7;91.8;3.1;842.6;;1471.1;;1014.5;1.1;3.8;4;13.7;3.7;13.3;;0;0;;72;;;;27;156;54;0.3;0;90;28.2;20.2
BLA;08.02.2015 00:00;-7.7;-0.7;-11.4;-7.6;1.5;-13.3;83.2;2.8;844.6;;1489.5;;1016.9;2.3;19.9;8.3;71.6;18.6;67;;0;0;;79;;;;31;238;82;0.6;0;229;27.7;19.7
BLA;09.02.2015 00:00;-6.9;-0.1;-9.4;-7.3;3.8;-11.8;82.4;3;850.3;;1541.5;;1023.4;1.3;8.7;4.7;31.3;8.4;30.2;;0;0;;70;;;;58;71;24;0.6;0;270;26.9;18.9
BLA;10.02.2015 00:00;-3.6;5.2;-8.7;-5.1;10.5;-11.3;59.1;2.7;850.4;;1542.6;;1023.6;0.9;4.9;3.2;17.6;4.7;16.9;;0;0;;88;;;;14;294;98;0.7;0;45;23.6;15.6
BLA;11.02.2015 00:00;-0.8;7.5;-4.5;-2.3;12.6;-7.5;55.5;3.1;850.1;;1539.5;;1023.2;0.9;4.8;3.2;17.3;4.6;16.6;;0;0;;90;;;;14;301;99;0.8;0;45;20.8;12.8
BLA;12.02.2015 00:00;-1.7;6.6;-5.8;-3.2;10.9;-7.9;55.1;2.9;848.2;;1522.4;;1021;1;5.3;3.6;19.1;5.2;18.7;;0;0;;92;;;;14;312;99;0.8;0;49;21.7;13.7
BLA;13.02.2015 00:00;-1.9;5.4;-6.1;-3;8.7;-8.6;58.9;3.1;844.8;;1489.9;;1017.1;1;3.6;3.6;13;3.4;12.2;;0;0;;95;;;;51;270;85;0.8;0;45;21.9;13.9
BLA;14.02.2015 00:00;-1.7;2.4;-4.5;-2.2;6.1;-6.1;70.8;3.8;838.1;;1426.3;;1009.3;1;4.2;3.6;15.1;4.1;14.8;;2.2;0;;67;;;;59;49;15;0.7;0;45;21.7;13.7
BLA;15.02.2015 00:00;-2.7;1.1;-6.2;-3.4;3.7;-9;84.7;4.3;837.2;;1417.7;;1008.2;1.1;6.6;4;23.8;6.5;23.4;;6.4;8.6;;52;;;;46;32;10;0.5;0;45;22.7;14.7
BLA;16.02.2015 00:00;-3.6;2.7;-8.2;-5.7;4.2;-11;70.1;3.3;844;;1482.8;;1016.1;1.1;4.5;4;16.2;4.4;15.8;;0;0;;56;;;;46;46;14;0.7;0;40;23.6;15.6
BLA;17.02.2015 00:00;-2.4;5.1;-6.6;-3.8;10.6;-9;65.5;3.3;852.5;;1562.4;;1026;1;3.7;3.6;13.3;3.6;13;;0;0;;96;;;;25;324;98;0.8;0;50;22.4;14.4
BLA;18.02.2015 00:00;-3.5;5;-7.6;-4.9;10.9;-10.3;57;2.6;857.2;;1605.8;;1031.5;0.9;3.6;3.2;13;3.5;12.6;;0;0;;110;;;;16;329;99;0.8;0;51;23.5;15.5
BLA;19.02.2015 00:00;-4.2;5;-9.4;-6;10.2;-12.3;45;1.9;854.9;;1584;;1028.8;1;4.3;3.6;15.5;4.1;14.8;;0;0;;114;;;;16;331;99;0.9;0;49;24.2;16.2
BLA;20.02.2015 00:00;-4.5;4.9;-9.3;-6.3;9.6;-11.9;45.6;1.9;845.2;;1494;;1017.5;1.3;4.9;4.7;17.6;4.8;17.3;;0;0;;116;;;;15;333;99;1.1;0;49;24.5;16.5
BLA;21.02.2015 00:00;-3.4;1.5;-9.1;-4.1;1.8;-11.8;71.9;3.4;830.9;;1358.5;;1000.9;1.3;5.2;4.7;18.7;4.9;17.6;;11;6.9;;43;;;;42;0;0;0.6;0;0;23.4;15.4
BLA;22.02.2015 00:00;-4.7;-2;-10.4;-4.9;4.6;-14.8;87.1;3.8;833.1;;1380.1;;1003.4;1;4.7;3.6;16.9;4.3;15.5;;0.7;4.8;;82;;;;77;8;2;0.5;0;225;24.7;16.7
BLA;23.02.2015 00:00;-4.8;3.7;-12.5;-6;3.2;-17;86.9;3.9;833.3;;1382.4;;1003.7;1;7.9;3.6;28.4;7.7;27.7;;6.9;6.9;;41;;;;40;0;0;0.5;0;45;24.8;16.8
BLA;24.02.2015 00:00;-3.2;-1.7;-5.9;-4.4;-0.3;-8.1;68.8;3.3;835.5;;1402.3;;1006.2;1.8;11.3;6.5;40.7;11;39.6;;0;0;;67;;;;65;0;0;0.7;0;45;23.2;15.2
BLA;25.02.2015 00:00;-6.5;0;-11.7;-10.1;2.8;-19;58.3;2.2;842.5;;1468.9;;1014.3;1.6;6.9;5.8;24.8;6.7;24.1;;0;0;;129;;;;20;352;99;0.9;0;27;26.5;18.5
BLA;26.02.2015 00:00;-6.7;1.5;-13.4;-11.3;4.9;-20.5;51.8;1.8;843.6;;1479.4;;1015.6;1.1;4.4;4;15.8;4.3;15.5;;4;0;;131;;;;18;354;99;0.9;0;49;26.7;18.7
BLA;27.02.2015 00:00;-3.7;-0.6;-8.5;-3.5;0.1;-8.7;89.7;4.2;839.8;;1442.8;;1011.2;0.8;4.1;2.9;14.8;4;14.4;;5.2;9.2;;63;;;;62;0;0;0.5;0;270;23.7;15.7
BLA;28.02.2015 00:00;-6.1;0.8;-11.5;-7.8;0.7;-13.5;74.3;2.9;843.7;;1480.7;;1015.8;1.1;4.9;4;17.6;4.6;16.6;;0;0;;136;;;;36;337;93;0.8;0;45;26.1;18.1
BLA;01.03.2015 00:00;-0.7;3.3;-8.6;-2.8;1.1;-12.6;90.2;5.5;842.4;;1466.6;;1014.2;1.1;4.6;4;16.6;4.4;15.8;;21.7;13.3;;54;;;;53;0;0;0.5;0;37;20.7;12.7
BLA;02.03.2015 00:00;0.4;3.6;-2.7;-0.2;2.2;-3.1;90.5;5.7;841.2;;1454.8;;1012.8;2;26;7.2;93.6;24.1;86.8;;8.2;16.5;;40;;;;38;0;0;0.6;0;211;19.6;11.6
BLA;03.03.2015 00:00;-1.1;3;-5.3;-1.5;5.3;-7.8;74.5;4.1;848;;1519.8;;1020.7;1.1;5.1;4;18.4;4.7;16.9;;1.8;0.1;;100;;;;96;0;0;0.9;0;18;21.1;13.1
BLA;04.03.2015 00:00;-1.6;0.7;-4.4;-1.3;3.6;-5.3;67.5;3.7;848.3;;1523;;1021.1;2.3;18.5;8.3;66.6;18.2;65.5;;0.6;2.4;;124;;;;107;80;21;1;0;18;21.6;13.6
BLA;05.03.2015 00:00;-2.8;0.4;-8;-3.1;2.4;-10.9;31.2;1.5;851.6;;1554.2;;1025;7;25.3;25.2;91.1;24.2;87.1;;0;0;;160;;;;32;384;98;2.1;0;358;22.8;14.8
BLA;06.03.2015 00:00;-5;3.2;-10.9;-6;9.6;-13.8;58.7;2.5;855.9;;1593.1;;1029.9;1.5;5.2;5.4;18.7;5.1;18.4;;0;0;;149;;;;20;389;99;1.1;0;63;25;17
BLA;07.03.2015 00:00;-0.7;7.7;-6.1;-2.1;11.7;-9;57.6;3.3;854.9;;1584.3;;1028.7;1.6;12.4;5.8;44.6;12;43.2;;0;0;;146;;;;38;352;89;1.4;0;63;20.7;12.7
BLA;08.03.2015 00:00;1.5;10.3;-3;0.5;14.4;-5.8;54.2;3.6;850.6;;1544.4;;1023.8;0.9;3.4;3.2;12.2;3.3;11.9;;0;0;;140;;;;56;356;89;1.4;0;45;18.5;10.5
BLA;09.03.2015 00:00;2;9.9;-2.7;1.5;15.1;-4.8;61.8;4.2;850.3;;1541.6;;1023.4;1;3.9;3.6;14;3.6;13;;0;0;;156;;;;24;398;99;1.4;0;45;18;10
BLA;10.03.2015 00:00;1.4;8.1;-4.3;0.3;12.9;-6.9;62.6;4.1;851.6;;1554.4;;1025;1.1;4.6;4;16.6;4.2;15.1;;0;0;;126;;;;58;168;41;1.3;0;50;18.6;10.6
BLA;11.03.2015 00:00;1.8;9.4;-3.8;0.4;13.6;-9.9;54.5;3.6;850.1;;1540;;1023.2;1.6;10.6;5.8;38.2;10.2;36.7;;0;0;;166;;;;25;405;99;1.7;0;29;18.2;10.2
BLA;12.03.2015 00:00;-1.3;6.1;-6.8;-3.6;10.8;-11.8;55.4;3.1;848;;1520.3;;1020.8;1.5;6.8;5.4;24.5;6.7;24.1;;0;0;;167;;;;33;413;99;1.5;0;58;21.3;13.3
BLA;13.03.2015 00:00;-2;5.7;-7.8;-4.5;9.6;-12.7;54;2.7;844.4;;1485.9;;1016.6;1.1;5.1;4;18.4;4.9;17.6;;0;0;;168;;;;37;410;97;1.4;0;51;22;14
BLA;14.03.2015 00:00;-0.6;5.4;-5.3;-1.8;11.7;-8.9;59.5;3.4;844.1;;1483.4;;1016.3;1.2;5.6;4.3;20.2;5.2;18.7;;0;0;;159;;;;100;203;48;1.4;0;37;20.6;12.6
BLA;15.03.2015 00:00;-0.5;4.4;-6.3;-2.1;7;-10.3;55.2;3.2;846;;1500.6;;1018.4;1.8;11.8;6.5;42.5;11.2;40.3;;0;0;;135;;;;95;130;30;1.3;0;243;20.5;12.5
BLA;16.03.2015 00:00;1.5;5.3;-1.6;0.3;6.1;-3.5;61.5;4.1;847.8;;1517.9;;1020.5;1.6;7.6;5.8;27.4;7.4;26.6;;0;0;;110;;;;107;0;0;1.3;0;217;18.5;10.5
BLA;17.03.2015 00:00;2.7;8.1;-1.1;0.9;9.8;-4;63.8;4.6;850.1;;1539.4;;1023.1;1.5;6;5.4;21.6;5.9;21.2;;0;0;;108;;;;95;89;21;1.4;0;90;17.3;9.3
BLA;18.03.2015 00:00;2.8;9.3;-2.1;1.1;12;-5.3;59.5;4.2;850.4;;1542.4;;1023.5;1.5;9.8;5.4;35.3;9.1;32.8;;0;0;;181;;;;37;430;98;1.8;0;35;17.2;9.2
BLA;19.03.2015 00:00;2.5;8.9;-2.8;0.7;12;-5.8;61.9;4.3;849.1;;1529.8;;1022;1.3;6;4.7;21.6;5.8;20.9;;0;0;;173;;;;42;393;89;1.7;0;48;17.5;9.5
BLA;20.03.2015 00:00;3.2;9.8;-1.4;1.8;12;-3.9;66.1;4.9;847.8;;1517.6;;1020.5;0.9;4.8;3.2;17.3;4.7;16.9;;0.3;0;;140;;;;61;273;61;1.5;0;53;16.8;8.8
BLA;21.03.2015 00:00;2.2;3.8;0;1.5;4.2;0;93.1;6.7;843;;1472.5;;1015;1.2;5.8;4.3;20.9;5.3;19.1;;8.9;6.1;;53;;;;52;0;0;0.7;0;211;17.8;9.8
BLA;22.03.2015 00:00;0.9;6.8;-2.3;1.4;11.7;-4.6;83.8;5.4;840.7;;1450.5;;1012.3;1.2;7.5;4.3;27;6.8;24.5;;0.6;3.7;;172;;;;100;268;59;1.5;0;225;19.1;11.1
BLA;23.03.2015 00:00;1.4;7.8;-3.8;0.6;11.6;-6;63.4;4.1;842.2;;1464.7;;1014.1;1.2;5.9;4.3;21.2;5.7;20.5;;0;0;;191;;;;36;363;78;1.7;0;49;18.6;10.6
BLA;24.03.2015 00:00;2.6;7.4;-2;1.4;9.4;-4.3;62;4.4;837.7;;1420.5;;1008.8;1.2;6.3;4.3;22.7;6.2;22.3;;0;0;;132;;;;90;111;24;1.5;0;68;17.4;9.4
BLA;25.03.2015 00:00;2.8;7.3;-0.4;1.8;7.6;-1.7;74;5.4;832.4;;1369.2;;1002.7;1.4;6.1;5;22;5.8;20.9;;2.7;1.7;;82;;;;80;0;0;1.2;0;90;17.2;9.2
BLA;26.03.2015 00:00;-0.2;1.8;-1.9;0.2;4.2;-1.7;98.6;6;836.9;;1414.4;;1007.9;1.5;4.4;5.4;15.8;4.3;15.5;;1.9;2.2;;96;;;;90;5;1;0.8;0;225;20.2;12.2
BLA;27.03.2015 00:00;0.5;4.2;-3.6;0.5;9.8;-6.7;65.4;4;844.5;;1487.1;;1016.7;1.8;10.1;6.5;36.4;9.9;35.6;;0.3;1;;194;;;;106;233;46;1.7;0;0;19.5;11.5
BLA;28.03.2015 00:00;0.6;8.8;-6.8;-0.4;14.5;-10.1;61.9;4;847.5;;1514.9;;1020.2;1.3;8.2;4.7;29.5;7.7;27.7;;1.1;1.1;;172;;;;74;200;39;1.7;0;153;19.4;11.4
BLA;29.03.2015 00:00;2.3;7.8;-0.3;1.4;8.1;-2.3;86.3;6.1;843.6;;1477.9;;1015.7;1.4;8;5;28.8;7.7;27.7;;31;18.3;;64;;;;61;3;1;1.1;0;53;17.7;9.7
BLA;30.03.2015 00:00;1.7;6.7;0.1;1;4.4;0;92.5;6.3;839.8;;1441.7;;1011.3;2;25.8;7.2;92.9;24.1;86.8;;29.7;39;;40;;;;39;0;0;0.9;0;217;18.3;10.3
BLA;31.03.2015 00:00;3.7;8.6;-0.1;2.6;7.3;-0.7;78.4;6.1;843.8;;1479.1;;1015.9;2.3;21.1;8.3;76;20.7;74.5;;1.2;4.6;;88;;;;77;28;5;1.4;0;210;16.3;8.3
BLA;01.04.2015 00:00;-1.2;0.9;-3.2;-1.3;1.8;-3.6;57.4;3.2;847.7;;1516.9;;1020.4;2.8;16.8;10.1;60.5;16;57.6;;0.1;0;;120;;;;115;1;0;1.4;0;229;21.2;13.2
BLA;02.04.2015 00:00;-0.1;2.6;-3.2;-0.3;2.6;-3.7;88.8;5.4;846.9;;1509.6;;1019.5;1.5;6.5;5.4;23.4;6.1;22;;15.1;13.7;;57;;;;56;0;0;0.7;0;315;20.1;12.1
BLA;03.04.2015 00:00;1.4;7.1;-4.7;1.2;10.4;-7.8;84.5;5.6;844.7;;1488.1;;1016.9;1.3;5.9;4.7;21.2;5.6;20.2;;3.1;3.9;;218;;;;78;324;59;1.8;0;90;18.6;10.6
BLA;04.04.2015 00:00;0.5;2.2;-4.4;0.2;3;-8.1;96.9;6.2;837.9;;1423.8;;1009.1;1.3;6.1;4.7;22;5.9;21.2;;4.1;4.8;;85;;;;84;0;0;0.7;0;211;19.5;11.5
BLA;05.04.2015 00:00;-2.9;1.7;-7;-3.1;7.8;-10.5;64;3;840;;1445.3;;1011.5;1.7;10.9;6.1;39.2;10.1;36.4;;0;0;;224;;;;96;391;70;1.7;0;21;22.9;14.9
BLA;06.04.2015 00:00;-3.4;3.5;-9;-4;9.3;-12.6;47.9;2.2;847.4;;1514.8;;1020.1;2.2;16.5;7.9;59.4;16;57.6;;0;0;;267;;;;34;529;94;2.1;0;22;23.4;15.4
BLA;07.04.2015 00:00;-1.2;6.2;-8.3;-2.5;10;-12.2;39.3;2;854.1;;1577.1;;1027.8;1.7;6.5;6.1;23.4;6.3;22.7;;0;0;;280;;;;34;557;99;2.4;0;42;21.2;13.2
BLA;08.04.2015 00:00;2.1;9.9;-5.1;0.5;12.2;-9.2;44.2;3;855.2;;1587.8;;1029.1;1.6;6.5;5.8;23.4;6.3;22.7;;0;0;;272;;;;34;558;99;2.6;0;45;17.9;9.9
BLA;09.04.2015 00:00;5.7;13.3;-1.1;3.5;13.6;-4.5;47.8;4;854.5;;1582;;1028.3;1.4;6.7;5;24.1;6.2;22.3;;0;0;;273;;;;32;559;99;2.9;0;48;14.3;6.3
BLA;10.04.2015 00:00;6.3;13.2;0.3;4.8;15;-2.6;52.9;4.7;851.8;;1556.1;;1025.2;1.5;5.6;5.4;20.2;5.4;19.4;;0;0;;251;;;;79;552;97;2.8;0;59;13.7;5.7
BLA;11.04.2015 00:00;4.5;7.6;1.7;3.4;8.1;-0.1;70.6;5.9;853;;1567.1;;1026.5;1.3;6.2;4.7;22.3;5.6;20.2;;0;0;;104;;;;97;14;2;1.4;0;54;15.5;7.5
BLA;12.04.2015 00:00;5.3;11.9;-0.8;4.7;13.9;-2.8;55.2;4.6;856.8;;1603.7;;1031;1.5;6.8;5.4;24.5;6.4;23;;0;0;;272;;;;59;574;98;2.8;0;48;14.7;6.7
BLA;13.04.2015 00:00;6.5;13.4;0.5;5.6;17.5;-1.7;51.5;4.6;857.7;;1613.1;;1032.1;1.5;10;5.4;36;9.6;34.6;;0;0;;277;;;;45;541;92;3.1;0;63;13.5;5.5
BLA;14.04.2015 00:00;6;13;0.8;3.7;12.9;-1.8;41.8;3.7;856.4;;1599.9;;1030.5;1.5;6.5;5.4;23.4;6.3;22.7;;0;0;;188;;;;117;267;45;2.6;0;45;14;6
BLA;15.04.2015 00:00;7.2;14.7;0.4;4.7;15.3;-4;37.7;3.5;851.7;;1555;;1025;1.7;6.5;6.1;23.4;6.3;22.7;;0;0;;292;;;;54;582;99;3.4;0;48;12.8;4.8
BLA;16.04.2015 00:00;6.7;13.5;1.5;4.2;11.8;-1.8;54.2;5;847.5;;1514.3;;1020.1;1.5;7.9;5.4;28.4;7.7;27.7;;0.3;0.3;;136;;;;113;58;10;2.2;0;58;13.3;5.3
BLA;17.04.2015 00:00;5.2;8.2;3;4;11.1;1.6;84.8;7.5;844;;1481;;1016.1;1.2;5.3;4.3;19.1;5.1;18.4;;5.2;2.7;;91;;;;86;6;1;1.3;0;63;14.8;6.8
BLA;18.04.2015 00:00;5.4;10.6;-0.1;5.4;15;-2;67.5;5.8;843.8;;1479.2;;1015.9;1.5;9.5;5.4;34.2;9.3;33.5;;0.2;2.7;;265;;;;84;432;72;2.7;0;0;14.6;6.6
BLA;19.04.2015 00:00;4.9;11.1;-0.4;5.2;15.4;-2.5;61.6;5.2;844.5;;1485.5;;1016.7;1.3;7.3;4.7;26.3;7;25.2;;0;0;;253;;;;106;366;61;2.7;0;63;15.1;7.1
BLA;20.04.2015 00:00;5.7;13;-0.5;6.4;17.9;-2.4;58.5;5;848.9;;1528.7;;1021.9;1.5;8.1;5.4;29.2;7.8;28.1;;0;0;;297;;;;47;577;96;3.2;0;45;14.3;6.3
BLA;21.04.2015 00:00;7.3;14.9;0.1;8.5;25.3;-1.8;43.5;3.9;853.5;;1572.5;;1027.1;1.7;8.6;6.1;31;8.2;29.5;;0;0;;309;;;;35;601;99;3.6;0;36;12.7;4.7
BLA;22.04.2015 00:00;8.7;16.2;1.5;10.1;26.5;-3.1;45.2;4.8;851.4;;1552.5;;1024.7;1.8;8.8;6.5;31.7;8;28.8;;0;0;;310;;;;40;589;96;3.8;0;42;11.3;3.3
BLA;23.04.2015 00:00;8.4;14;2.8;9.3;26.1;-0.8;48.8;5.1;845.2;;1491.8;;1017.5;1.8;9;6.5;32.4;8.6;31;;0;0;;266;;;;90;383;62;3.3;0;63;11.6;3.6
BLA;24.04.2015 00:00;8.2;15.4;2.6;9;24;-2;40.7;4;844.8;;1488;;1017;2.2;7.7;7.9;27.7;7.2;25.9;;0;0;;313;;;;40;613;99;4;0;47;11.8;3.8
BLA;25.04.2015 00:00;6.6;10.3;3.6;6.3;13.3;-0.3;73.9;7.2;844;;1480.5;;1016.1;1.3;7.4;4.7;26.6;6.9;24.8;;10.4;9.6;;76;;;;74;0;0;1.4;0;50;13.4;5.4
BLA;26.04.2015 00:00;7.7;13;2.2;8.9;21.2;0.3;71.6;7.2;840.1;;1442.4;;1011.6;1.5;6.7;5.4;24.1;6.3;22.7;;0;0.8;;191;;;;149;120;19;2.4;0;63;12.3;4.3
BLA;27.04.2015 00:00;8.5;14.1;4;9.7;25.2;0.7;61;6.5;833.6;;1376.8;;1004;1.8;9.3;6.5;33.5;8.6;31;;1.1;0;;223;;;;140;187;30;3;0;45;11.5;3.5
BLA;28.04.2015 00:00;4.2;8.8;-2.2;5.7;19.2;-6.1;63.5;5.2;841.5;;1456.3;;1013.2;2.5;10.8;9;38.9;10.4;37.4;;0;1.1;;247;;;;134;282;45;2.5;0;225;15.8;7.8
BLA;29.04.2015 00:00;4.8;12.4;-3.2;7;22.3;-6.7;51.8;4.1;844.8;;1488.9;;1017.1;2;8.1;7.2;29.2;7.6;27.4;;1;1;;310;;;;101;550;85;3.4;0;236;15.2;7.2
BLA;30.04.2015 00:00;6.2;12.4;0.4;8.4;25.1;-1.5;55.7;4.9;844.6;;1486.2;;1016.8;2.2;12.2;7.9;43.9;11.5;41.4;;11.6;0.3;;282;;;;94;457;70;3.3;0;45;13.8;5.8
BLA;01.05.2015 00:00;4.1;5.7;3.2;4.6;7;3.1;95.8;7.9;840.7;;1448.8;;1012.2;1.3;7.2;4.7;25.9;6.9;24.8;;57.6;60.3;;27;;;;26;0;0;0.7;0;37;15.9;7.9
BLA;02.05.2015 00:00;7.3;14.3;3.5;9.5;23.7;2.2;77.7;7.5;842.5;;1466.2;;1014.4;2.2;10.9;7.9;39.2;10.6;38.2;;27.1;30;;243;;;;120;277;41;3.1;0;42;12.7;4.7
BLA;03.05.2015 00:00;8.2;11.1;5.3;8.6;13.4;5.4;89.4;9.7;843.1;;1471.7;;1015.1;1.4;6.2;5;22.3;5.7;20.5;;10.3;10.4;;62;;;;61;0;0;1.1;0;41;11.8;3.8
BLA;04.05.2015 00:00;9.9;14.9;6.3;10.7;24.5;4.5;82;9.9;844.1;;1481;;1016.2;1.4;7;5;25.2;6.8;24.5;;0.9;6.5;;132;;;;117;24;4;2;0;45;10.1;2.1
BLA;05.05.2015 00:00;10.7;15.5;5.9;11.3;22;3.7;74.4;9.4;843;;1470.2;;1015;1.4;6.2;5;22.3;5.8;20.9;;0.5;0.3;;133;;;;120;11;2;2.1;0;45;9.3;1.3
BLA;06.05.2015 00:00;8.5;13.6;2.8;9.8;23.2;-1.2;69.7;7.5;845.7;;1497;;1018.1;1.6;9.8;5.8;35.3;9.4;33.8;;2.8;3;;215;;;;120;222;32;2.7;0;236;11.5;3.5
BLA;07.05.2015 00:00;7.8;15.4;0.4;9;25.1;-3.1;61.1;6.1;847.9;;1518.2;;1020.6;1.5;6.8;5.4;24.5;6.4;23;;0;0;;333;;;;70;630;91;3.8;0;231;12.2;4.2
BLA;08.05.2015 00:00;9.1;17.4;3.1;9.6;28.4;-1.4;64.8;7.2;846.9;;1508.4;;1019.5;1.5;10.3;5.4;37.1;10;36;;2.1;1.4;;208;;;;120;243;35;3;0;243;10.9;2.9
BLA;09.05.2015 00:00;9.7;16;4.1;11.6;26.7;-0.8;62.7;7.1;851.2;;1550.8;;1024.5;2;13.2;7.2;47.5;12.8;46.1;;0;0.7;;316;;;;118;567;80;3.9;0;225;10.3;2.3
BLA;10.05.2015 00:00;9.4;17.3;0.9;10.4;26.3;-3.4;48.8;5.3;855.1;;1588.4;;1029;1.4;7.1;5;25.6;6.8;24.5;;0;0;;341;;;;57;704;100;4.1;0;270;10.6;2.6
BLA;11.05.2015 00:00;12.6;21.1;3.8;12.7;30.9;-1.6;41.8;5.5;855.1;;1588.6;;1029;1.4;7.7;5;27.7;7.5;27;;0;0;;335;;;;91;697;98;4.6;0;270;0;0
BLA;12.05.2015 00:00;13.8;21.3;5.4;14.1;32.7;0.7;43.5;6.3;854;;1578.4;;1027.7;1.5;6.9;5.4;24.8;6.6;23.8;;0;0;;323;;;;113;704;99;4.6;0;31;0;0
BLA;13.05.2015 00:00;15.8;22.2;8.5;15.7;33.3;4.2;47.2;7.8;850.2;;1540.3;;1023.3;2.2;13;7.9;46.8;12.5;45;;1.4;1.4;;278;;;;131;453;64;4.6;0;45;0;0
BLA;14.05.2015 00:00;13.5;19.4;7.2;13.6;28.5;3.8;47.6;6.7;843.1;;1470;;1015.1;2.3;11.9;8.3;42.8;11.6;41.8;;0.5;0.5;;282;;;;136;468;66;4.4;0;214;0;0
BLA;15.05.2015 00:00;2.1;7.6;-0.4;2.6;8.1;0;99.2;7.1;840.3;;1445.8;;1011.8;1.5;6.8;5.4;24.5;6.7;24.1;;31.4;31.4;;25;;;;24;0;0;0.7;0;225;17.9;9.9
BLA;16.05.2015 00:00;5.1;10.9;-0.9;5.6;20.7;0.2;88.9;7.9;851.3;;1552.1;;1024.7;1.2;5.1;4.3;18.4;4.9;17.6;;0;0;;324;;;;89;490;68;3.1;0;211;14.9;6.9
BLA;17.05.2015 00:00;9.2;16;2.2;11.6;27.2;-1;76.7;8.7;851.7;;1555.5;;1025.1;1.6;7.5;5.8;27;7.2;25.9;;0;0;;344;;;;69;583;81;3.9;0;225;10.8;2.8
BLA;18.05.2015 00:00;11.4;18.9;2.4;13.1;28;-1.2;64.6;8.2;844.5;;1483.6;;1016.6;1.6;7.4;5.8;26.6;6.9;24.8;;3.1;3;;344;;;;69;659;92;4.3;0;219;8.6;0.6
BLA;19.05.2015 00:00;8.3;11.6;5.1;9.2;17.2;3.2;93.2;10.2;840.5;;1446;;1012.1;1.3;5.7;4.7;20.5;5.5;19.8;;1.1;0.8;;108;;;;107;8;1;1.5;0;231;11.7;3.7
BLA;20.05.2015 00:00;4.4;7.4;1.1;6;16.1;0.4;67.9;5.6;841.4;;1456;;1013.1;2;10.5;7.2;37.8;10;36;;0;0.4;;153;;;;147;0;0;2;0;198;15.6;7.6
BLA;21.05.2015 00:00;3.6;8.4;-0.4;6.3;22.5;-3.8;66.3;5;846.6;;1506.6;;1019.2;2.9;17.6;10.4;63.4;16.6;59.8;;0;0;;280;;;;165;272;38;3;0;51;16.4;8.4
BLA;22.05.2015 00:00;4.5;8.9;-1.6;5.8;17.6;-5.2;63.6;5.2;847.8;;1517.4;;1020.5;1.8;11.8;6.5;42.5;11;39.6;;0;0;;200;;;;143;185;26;2.3;0;338;15.5;7.5
BLA;23.05.2015 00:00;6.6;11.6;0.6;8.8;21.4;-2.2;69;6.7;844.1;;1481.7;;1016.3;1.6;7;5.8;25.2;6.5;23.4;;0;0;;243;;;;163;254;35;2.8;0;225;13.4;5.4
BLA;24.05.2015 00:00;8.4;13.1;2.3;9.9;22.9;-1;67.7;7.3;845;;1490.2;;1017.3;1.8;7;6.5;25.2;6.9;24.8;;0;0;;230;;;;124;288;40;2.9;0;212;11.6;3.6
BLA;25.05.2015 00:00;8.1;13.2;2.9;9.1;23.1;0.4;75;7.9;844.7;;1486.8;;1016.9;1.3;6.1;4.7;22;5.8;20.9;;4.4;4.3;;135;;;;126;14;2;2;0;225;11.9;3.9
BLA;26.05.2015 00:00;6.7;12.4;2.9;9.3;31.1;1;71.8;6.8;844.6;;1486.6;;1016.8;1.9;11.3;6.8;40.7;10.8;38.9;;0.9;1;;244;;;;131;230;32;3;0;27;13.3;5.3
BLA;27.05.2015 00:00;6.3;14;-0.1;9.1;27.9;-4.2;61.2;5.4;847.9;;1518.4;;1020.6;1.8;13.2;6.5;47.5;12.8;46.1;;0;0;;378;;;;41;725;100;4.2;0;243;13.7;5.7
BLA;28.05.2015 00:00;8.6;16.8;-0.8;10.1;29.6;-5.5;47.2;4.8;847.8;;1517.6;;1020.6;1.4;7.9;5;28.4;7.5;27;;0;0;;371;;;;55;724;100;4.4;0;225;11.4;3.4
BLA;29.05.2015 00:00;11.7;18.4;3.6;13.2;30.8;-0.9;49.2;6.3;844.9;;1488.1;;1017.2;1.8;9.8;6.5;35.3;9.5;34.2;;0;0;;352;;;;89;533;73;4.6;0;229;8.3;0.3
BLA;30.05.2015 00:00;10.6;16.3;5;13;33.3;2.4;64.1;7.8;846.2;;1501.9;;1018.7;1.7;8;6.1;28.8;7.6;27.4;;0;0;;304;;;;137;401;55;3.9;0;239;9.4;1.4
BLA;31.05.2015 00:00;11.1;17.9;3.2;13.3;30.5;-0.5;67.2;8.5;847.4;;1512.7;;1020;1.7;7.9;6.1;28.4;7.6;27.4;;0;0;;324;;;;119;567;78;4.1;0;225;8.9;0.9
BLA;01.06.2015 00:00;13;18.6;8;14.7;33.5;6.3;63.8;9.1;848.6;;1524.7;;1021.4;1.5;8.1;5.4;29.2;7.8;28.1;;0.2;0;;264;;;;141;349;48;3.8;0;214;0;0
BLA;02.06.2015 00:00;13.1;20.1;7.3;15.1;36.2;2.7;66;9.5;851.2;;1550.9;;1024.5;1.3;6.5;4.7;23.4;6.3;22.7;;0;0.2;;268;;;;106;339;47;3.9;0;270;0;0
BLA;03.06.2015 00:00;14.9;22.7;6.3;16.9;36.9;0.9;58.6;9.3;854.2;;1580.6;;1028;1.4;6.6;5;23.8;6.1;22;;0;0;;355;;;;49;659;90;5;0;217;0;0
BLA;04.06.2015 00:00;15.5;23.4;7.9;16.2;39.3;2.9;63.9;10.8;855.2;;1590.8;;1029.2;1.3;8.1;4.7;29.2;7.8;28.1;;0;0;;276;;;;84;445;61;4.3;0;72;0;0
BLA;05.06.2015 00:00;15.9;23.6;8.9;16.1;36.1;3.8;64.7;11.3;854;;1578.8;;1027.7;1.2;6.4;4.3;23;5.8;20.9;;0;0;;261;;;;74;450;62;4.1;0;90;0;0
BLA;06.06.2015 00:00;15.7;24;8.7;17.6;37.7;4.7;69.2;11.5;855.2;;1590.9;;1029.2;1.3;7.4;4.7;26.6;7.3;26.3;;10.5;10.5;;290;;;;77;491;67;4.5;0;56;0;0
BLA;07.06.2015 00:00;14.6;23;7.6;16.2;35.8;5.5;70.6;11;854.9;;1587.4;;1028.8;1.2;6;4.3;21.6;5.9;21.2;;0;0;;269;;;;67;442;61;4.1;0;63;0;0
BLA;08.06.2015 00:00;12.2;19.5;6.3;13.6;33.8;4.1;81.3;11.4;851.2;;1550.4;;1024.5;1.4;14.6;5;52.6;13.9;50;;7;7;;205;;;;95;294;40;3.1;0;90;0;0
BLA;09.06.2015 00:00;11.8;18.6;5.1;12.8;24.1;2.6;81.2;11;848.3;;1522.4;;1021.2;1.5;7.5;5.4;27;7.4;26.6;;4.3;4.3;;279;;;;84;463;63;3.7;0;211;8.2;0.2
BLA;10.06.2015 00:00;11.7;17.8;5.9;11.9;23.4;3.2;80.7;10.9;850.5;;1543.9;;1023.7;1.1;6.3;4;22.7;6.1;22;;0;0;;161;;;;116;132;18;2.5;0;207;8.3;0.3
BLA;11.06.2015 00:00;13.2;19.9;7.3;13.5;27.7;4.3;72.6;10.7;849.4;;1533.2;;1022.4;1.5;8.5;5.4;30.6;7.6;27.4;;0.8;0.8;;236;;;;119;284;39;3.5;0;63;0;0
BLA;12.06.2015 00:00;12.6;18.4;6.4;12.2;22.6;3.1;73.4;10.5;846.9;;1508.1;;1019.5;1.3;6.8;4.7;24.5;6.6;23.8;;7.8;1;;177;;;;136;155;21;2.8;0;135;0;0
BLA;13.06.2015 00:00;13.7;20.4;9;15.6;27.8;7.6;74;11;845.5;;1494.1;;1017.9;1.6;8.3;5.8;29.9;8.1;29.2;;3.5;9.6;;339;;;;112;583;79;4.7;0;180;0;0
BLA;14.06.2015 00:00;11.1;15.7;7.6;11.5;22.4;5.7;87.5;11.4;843.3;;1472.8;;1015.3;1.5;6.6;5.4;23.8;6.4;23;;8;7.8;;147;;;;109;83;11;2.2;0;153;8.9;0.9
BLA;15.06.2015 00:00;11.3;16;8.1;12.5;23.2;8;88.8;11.8;845.7;;1496.5;;1018.1;1.2;8.1;4.3;29.2;7.8;28.1;;1.2;2.1;;204;;;;147;140;19;2.8;0;225;8.7;0.7
BLA;16.06.2015 00:00;11.4;16.2;8.4;12.1;22.8;7.8;86.9;11.6;847.3;;1512.3;;1020;1.5;8.1;5.4;29.2;7.9;28.4;;0.8;0.8;;183;;;;148;72;10;2.7;0;207;8.6;0.6
BLA;17.06.2015 00:00;11.1;17.9;4.9;12.4;26.1;1.9;71.9;9.1;849.2;;1530.8;;1022.1;1.8;11.3;6.5;40.7;11;39.6;;0;0;;361;;;;116;573;78;4.5;0;243;8.9;0.9
BLA;18.06.2015 00:00;10.5;16.8;3.9;11;24.8;-0.3;80.8;10.1;849.4;;1532.8;;1022.4;1.1;6.9;4;24.8;6.4;23;;13.5;6.5;;201;;;;136;147;20;2.8;0;63;9.5;1.5
BLA;19.06.2015 00:00;11.1;16.2;6.9;12;23.4;5.5;70.2;9;846.9;;1508.4;;1019.5;1.7;11.4;6.1;41;11.1;40;;0.2;7.2;;243;;;;127;245;33;3.4;0;162;8.9;0.9
BLA;20.06.2015 00:00;8.3;12.5;3.5;8.6;20.1;0.1;67.8;7.3;848.4;;1523.4;;1021.2;1.6;9.9;5.8;35.6;9.6;34.6;;0.3;0.3;;164;;;;124;79;11;2.4;0;63;11.7;3.7
BLA;21.06.2015 00:00;8.7;15.2;2.9;8.6;20.4;-0.2;72.9;8.1;849.5;;1534.1;;1022.5;1.2;6.1;4.3;22;5.9;21.2;;1;1;;149;;;;125;62;8;2.3;0;0;11.3;3.3
BLA;22.06.2015 00:00;12.7;18.3;5.5;12.7;24.6;1.4;57;7.8;845.8;;1497;;1018.2;1.8;9.5;6.5;34.2;9.2;33.1;;8;0.9;;258;;;;115;393;53;3.8;0;219;0;0
BLA;23.06.2015 00:00;9;14.3;2.8;9.3;21.7;-1.9;75.3;8.5;844.3;;1482.9;;1016.5;2;11.2;7.2;40.3;10.4;37.4;;0.7;7.8;;258;;;;126;273;37;3.2;0;207;11;3
BLA;24.06.2015 00:00;9.7;18.5;0.2;9.8;26;-3.5;60;6.7;849.8;;1536.6;;1022.8;1.6;8.5;5.8;30.6;8.2;29.5;;0;0;;385;;;;35;739;100;4.7;0;225;10.3;2.3
BLA;25.06.2015 00:00;11.5;18.5;3.6;11.4;26.2;-1.4;60.9;7.8;852.7;;1565.2;;1026.2;1.5;10.2;5.4;36.7;9.8;35.3;;0;0;;342;;;;102;656;89;4.4;0;360;8.5;0.5
BLA;26.06.2015 00:00;13.7;22;4.6;13.7;30;-0.8;59.3;8.8;852.1;;1559.9;;1025.6;1.6;11.3;5.8;40.7;10.2;36.7;;0;0;;360;;;;64;686;93;5;0;360;0;0
BLA;27.06.2015 00:00;13.7;20.3;6.9;12.2;27.2;1.6;62.6;9.4;851.3;;1551.4;;1024.6;1.6;10.3;5.8;37.1;9.6;34.6;;0.8;0;;199;;;;120;226;31;3.3;0;211;0;0
BLA;28.06.2015 00:00;13.8;22.2;5.2;13.5;30;-0.8;59.5;8.8;851.7;;1555.6;;1025.1;1.7;10.5;6.1;37.8;10;36;;0;0.8;;373;;;;37;736;100;5.2;0;34;0;0
BLA;29.06.2015 00:00;15.3;23.1;7.9;15.5;33;2.1;58.8;9.6;853.4;;1572.6;;1027;1.5;9.1;5.4;32.8;8.6;31;;0;0;;327;;;;114;576;78;4.9;0;27;0;0
BLA;30.06.2015 00:00;17;26;7.1;17.7;32.7;2.4;52.7;9.4;852.6;;1564.7;;1026.1;1.5;8.1;5.4;29.2;7.8;28.1;;0;0;;367;;;;35;737;100;5.6;0;243;0;0
BLA;01.07.2015 00:00;18.7;27.1;10.4;19.3;33.9;5.6;60.9;12.4;853.1;;1570;;1026.7;1.5;6.7;5.4;24.1;6.4;23;;0;0;;354;;;;63;676;92;5.6;0.4;207;0;0
BLA;02.07.2015 00:00;20.3;28.8;10.7;21;36.1;6.6;53.3;11.5;855.8;;1597.5;;1029.8;1.5;10.5;5.4;37.8;10;36;;0;0;;362;;;;81;699;96;5.9;2;180;0;0
BLA;03.07.2015 00:00;20.4;28.6;12.1;21;36.5;8.8;52.2;11.4;858.1;;1620.5;;1032.5;1.3;7.2;4.7;25.9;6.9;24.8;;0;0;;320;;;;124;577;79;5.4;2.1;27;0;0
BLA;04.07.2015 00:00;20.8;29.5;11.8;21.8;37.8;8.2;49.3;10.9;856.9;;1608.9;;1031.1;1.7;9.3;6.1;33.5;8.9;32;;0;0;;355;;;;87;727;100;6.1;2.5;45;0;0
BLA;05.07.2015 00:00;18.7;28.8;12.5;18.8;36;9;62.7;12.5;854.1;;1580.3;;1027.9;1.4;19.6;5;70.6;18.5;66.6;;6.8;6.8;;261;;;;87;471;65;4.8;0.4;53;0;0
BLA;06.07.2015 00:00;18.9;26.7;12.1;18.7;31.3;9.8;62.2;13.1;853.8;;1577.2;;1027.5;1.2;4.9;4.3;17.6;4.5;16.2;;0;0;;169;;;;103;231;32;3.4;0.6;45;0;0
BLA;07.07.2015 00:00;20.3;29.7;11.6;19.9;35;8.6;49.5;10.6;850.6;;1545.3;;1023.8;1.9;14.2;6.8;51.1;13.7;49.3;;2;0.6;;255;;;;108;396;54;5.1;2;45;0;0
BLA;08.07.2015 00:00;15.9;22.8;6.8;15.7;28.4;3.1;59.6;10.1;846.8;;1506.8;;1019.4;2.5;13.4;9;48.2;13;46.8;;0;1.4;;242;;;;117;320;44;4.2;0;225;0;0
BLA;09.07.2015 00:00;11.4;19.4;4.1;12.4;26.8;0.1;57.9;7.3;849.7;;1536;;1022.8;1.9;12.6;6.8;45.4;12.1;43.6;;0;0;;366;;;;45;701;96;4.9;0;0;8.6;0.6
BLA;10.07.2015 00:00;14.3;25;3.9;14.8;30.6;-1;48.7;7;851.3;;1551.3;;1024.6;1.5;8.1;5.4;29.2;7.7;27.7;;0;0;;375;;;;41;728;100;5.5;0;217;0;0
BLA;11.07.2015 00:00;17.1;24.8;8.8;17.5;32;4.1;49;8.9;851.9;;1557.9;;1025.3;1.8;11.8;6.5;42.5;11.5;41.4;;0;0;;350;;;;104;628;86;5.5;0;211;0;0
BLA;12.07.2015 00:00;16.8;24.7;8.4;17.6;31.6;4.1;52;9.2;851.2;;1550.6;;1024.5;1.7;11.2;6.1;40.3;11;39.6;;0.1;0;;339;;;;79;668;92;5.3;0;216;0;0
BLA;13.07.2015 00:00;16.2;22;11.9;16.8;30.4;8.8;56.3;9.9;851;;1548.8;;1024.2;1.6;11.4;5.8;41;11;39.6;;0;0.1;;216;;;;129;206;28;3.9;0;27;0;0
BLA;14.07.2015 00:00;16.8;25.6;8;17.9;33.6;4.7;57.9;10.3;851.7;;1555.8;;1025;1.6;10.3;5.8;37.1;9.5;34.2;;0;0;;353;;;;48;722;100;5.4;0;270;0;0
BLA;15.07.2015 00:00;17.8;27.4;8.5;18.5;33.8;4;54.3;10;851.7;;1555.6;;1025;1.6;10;5.8;36;9.8;35.3;;0;0;;358;;;;53;722;100;5.7;0;217;0;0
BLA;16.07.2015 00:00;19.4;27.5;11.2;20.2;35;6.7;51.6;10.7;852;;1558.8;;1025.4;1.5;9.2;5.4;33.1;9;32.4;;0;0;;352;;;;96;711;98;5.7;1.1;217;0;0
BLA;17.07.2015 00:00;17.3;26;10.6;16.9;34.9;7.1;59.7;11.4;853.4;;1573.2;;1027.1;1.5;10.7;5.4;38.5;10.5;37.8;;0.2;0.2;;189;;;;80;311;43;3.7;0;45;0;0
BLA;18.07.2015 00:00;15.9;25.1;9.9;15.9;32.3;6.4;69.6;12.1;853;;1568.3;;1026.5;1.4;8.5;5;30.6;8;28.8;;17.1;17.1;;148;;;;113;120;17;3.1;0;56;0;0
BLA;19.07.2015 00:00;16.4;26;8.6;17.7;32.5;6.1;75.4;13;849.3;;1531.2;;1022.2;1.6;8.2;5.8;29.5;7.7;27.7;;10.1;10.1;;312;;;;81;551;76;4.9;0;236;0;0
BLA;20.07.2015 00:00;16.8;25;9;18.6;31.4;7.1;72.8;13.2;849.5;;1533.3;;1022.5;1.4;6.8;5;24.5;6.7;24.1;;0;0;;354;;;;55;720;100;5.2;0;225;0;0
BLA;21.07.2015 00:00;19.1;27.4;10.8;20.3;33.5;7.9;62;12.6;850.4;;1543.2;;1023.6;1.4;6.3;5;22.7;5.8;20.9;;0;0;;352;;;;45;721;100;5.5;0.8;225;0;0
BLA;22.07.2015 00:00;17.8;25.2;12.7;18.2;33.3;10.5;70.9;13.9;849.8;;1537.2;;1022.9;1.3;8.8;4.7;31.7;8.3;29.9;;0;0;;194;;;;75;333;46;3.5;0;72;0;0
BLA;23.07.2015 00:00;16.3;22.4;12.3;17.8;29.3;9.9;79.8;14.5;848.3;;1521.7;;1021.1;1.6;6.5;5.8;23.4;6.3;22.7;;0;0;;259;;;;117;393;55;4;0;225;0;0
BLA;24.07.2015 00:00;16.7;26.2;10.5;18.2;33.2;8;73.5;12.8;845.7;;1495.1;;1018.1;1.7;9.9;6.1;35.6;9;32.4;;25.9;23.4;;314;;;;65;574;80;5;0;207;0;0
BLA;25.07.2015 00:00;13.2;19.6;6.3;14.6;26.4;2.9;72.7;10.7;845.7;;1496.5;;1018.1;1.9;10.7;6.8;38.5;10.1;36.4;;0;2.5;;326;;;;79;551;77;4.3;0;214;0;0
BLA;26.07.2015 00:00;10.7;17.3;3.6;11;21.8;0.6;77.1;9.7;845.9;;1498.1;;1018.3;1.3;8.3;4.7;29.9;8.2;29.5;;16.6;13;;166;;;;101;272;38;2.4;0;90;9.3;1.3
BLA;27.07.2015 00:00;13.4;19.6;7.1;14.5;25.9;3.8;67.8;9.8;843.1;;1470.3;;1015.1;2;9.1;7.2;32.8;8.7;31.3;;0;3.6;;348;;;;79;600;84;4.6;0;229;0;0
BLA;28.07.2015 00:00;13;20.6;5.2;14.1;28.4;2;68.2;9.9;843.6;;1474.6;;1015.6;1.5;8.4;5.4;30.2;8.3;29.9;;0;0;;277;;;;153;401;56;3.9;0;217;0;0
BLA;29.07.2015 00:00;12;16.1;9.2;12;18.1;8.3;86.9;12.1;844.3;;1482.1;;1016.4;1.2;6.5;4.3;23.4;6.3;22.7;;6.2;6;;67;;;;60;14;2;1.4;0;63;8;0
BLA;30.07.2015 00:00;11.2;17.7;5.3;13.2;26.6;1.6;77.7;10;845.3;;1492.4;;1017.6;1.7;8.1;6.1;29.2;7.5;27;;0;0.2;;343;;;;68;631;89;4.2;0;221;8.8;0.8
BLA;31.07.2015 00:00;12.5;20.4;3.8;13.8;28.5;-0.2;68.3;9.3;845.9;;1498.1;;1018.3;1.4;7.4;5;26.6;7;25.2;;3.2;0.1;;318;;;;80;547;77;4.1;0;202;0;0
BLA;01.08.2015 00:00;11.6;15.2;9.6;12.1;22;8.6;92.3;12.6;847.2;;1510.7;;1019.8;1.1;5.1;4;18.4;4.8;17.3;;15.1;18.2;;80;;;;72;15;2;1.5;0;207;8.4;0.4
BLA;02.08.2015 00:00;13.7;20.7;7.4;16.3;29.6;5.1;80.9;12.4;850;;1538.6;;1023.1;1.5;7;5.4;25.2;6.8;24.5;;0;0;;333;;;;54;611;87;4.3;0;236;0;0
BLA;03.08.2015 00:00;15.8;23.7;8.3;17;31.2;5.2;72.8;12.5;851.1;;1549.6;;1024.3;1.4;6;5;21.6;5.5;19.8;;0;0;;330;;;;35;699;100;4.6;0;236;0;0
BLA;04.08.2015 00:00;15.1;20.2;9.9;14.8;28.8;6.4;76.3;13;850.4;;1543;;1023.6;1.2;5.3;4.3;19.1;5.2;18.7;;0;0;;170;;;;107;228;33;2.7;0;45;0;0
BLA;05.08.2015 00:00;16.8;25.3;8.1;18.1;33.2;4.2;65.4;11.7;850.7;;1545.9;;1023.9;1.1;6;4;21.6;5.8;20.9;;0;0;;333;;;;41;695;100;4.7;0;207;0;0
BLA;06.08.2015 00:00;17.9;25.9;11.6;18.1;34.1;8;68;13.5;851.8;;1556.8;;1025.2;1.1;5;4;18;4.3;15.5;;0;0;;254;;;;73;460;68;4.1;0;63;0;0
BLA;07.08.2015 00:00;19.1;27.5;11.6;19.5;36.5;7.6;54.7;11.3;852;;1559.2;;1025.4;1.2;5;4.3;18;4.7;16.9;;0;0;;321;;;;59;662;99;5;0.8;90;0;0
BLA;08.08.2015 00:00;18.2;26.4;12.3;18.2;36.4;8;68;13.7;852.6;;1565.5;;1026.2;1.2;8.5;4.3;30.6;8.2;29.5;;1.3;0.7;;231;;;;69;420;63;3.9;0;90;0;0
BLA;09.08.2015 00:00;14.9;19.1;11.9;15;24.9;11.7;90.3;15.3;850.9;;1547.5;;1024.1;1.5;7.5;5.4;27;7;25.2;;37.6;24.6;;88;;;;70;31;5;1.7;0;90;0;0
BLA;10.08.2015 00:00;13;18.3;8.9;13.2;23.2;5.8;89.7;13.4;849.2;;1530.5;;1022.1;0.9;4.8;3.2;17.3;4.6;16.6;;0;13.6;;91;;;;73;62;9;1.6;0;56;0;0
BLA;11.08.2015 00:00;15.4;23.9;8.4;16.6;32.1;4.9;73.7;12.3;849.6;;1535.2;;1022.7;1.2;6.2;4.3;22.3;6;21.6;;0;0;;304;;;;69;599;92;4.3;0;180;0;0
BLA;12.08.2015 00:00;16.9;24.5;10;18;33;6.4;71.4;13.3;852.4;;1562.9;;1025.9;1.3;6.6;4.7;23.8;6.2;22.3;;0;0;;314;;;;63;635;100;4.5;0;225;0;0
BLA;13.08.2015 00:00;16.8;23.3;10.8;15.9;30;7.3;67;12.5;849.4;;1532.3;;1022.3;1.2;10.4;4.3;37.4;9.5;34.2;;11.6;0.6;;159;;;;94;207;33;2.8;0;76;0;0
BLA;14.08.2015 00:00;11.8;15.6;8.5;12.2;20.1;6.9;93.9;13;845.5;;1494.4;;1017.9;1.4;8;5;28.8;7.5;27;;27.6;38.6;;79;;;;73;2;0;1.4;0;207;8.2;0.2
BLA;15.08.2015 00:00;9.2;12.6;6.7;10.3;24;3.9;96.4;11.3;843.6;;1476.2;;1015.7;1.4;7.7;5;27.7;6.9;24.8;;17.4;15.8;;99;;;;83;31;5;1.4;0;229;10.8;2.8
BLA;16.08.2015 00:00;9.5;12.4;7.1;11.9;22;7.5;94.4;11.2;843.4;;1474;;1015.4;1.3;6.5;4.7;23.4;5.9;21.2;;0.7;2.3;;151;;;;127;40;6;1.9;0;228;10.5;2.5
BLA;17.08.2015 00:00;10.8;15.6;8.4;12.9;26.1;7.6;91.3;11.7;843.6;;1475.7;;1015.7;1.3;6.9;4.7;24.8;6.7;24.1;;2.2;2.2;;163;;;;117;118;19;2.2;0;225;9.2;1.2
BLA;18.08.2015 00:00;10.2;14.4;8.2;11.7;27.4;7.3;91;11.3;845.3;;1492.8;;1017.6;1.3;6.7;4.7;24.1;6.4;23;;13.5;10.7;;136;;;;89;95;15;1.9;0;216;9.8;1.8
BLA;19.08.2015 00:00;8.9;13.2;5.4;10.4;24.6;2.5;90.6;10.3;848.5;;1524.4;;1021.4;1.4;6.3;5;22.7;6.1;22;;0;2.8;;186;;;;149;93;15;2.2;0;225;11.1;3.1
BLA;20.08.2015 00:00;10;16.8;3.8;11.1;25.4;0;82.1;9.9;852.5;;1563.1;;1026;1.4;8.2;5;29.5;8;28.8;;0;0;;236;;;;60;392;65;2.8;0;217;10;2
BLA;21.08.2015 00:00;11.6;19.7;5.3;12.9;29.6;1.8;74.3;9.6;852.6;;1564.7;;1026.2;1.3;9.1;4.7;32.8;8.2;29.5;;0;0;;303;;;;46;607;100;3.7;0;0;8.4;0.4
BLA;22.08.2015 00:00;12.5;19.4;6.1;13.3;28.8;1.8;75.8;10.7;848.9;;1528.3;;1021.9;1.3;7.7;4.7;27.7;7.3;26.3;;0;0;;290;;;;57;552;92;3.6;0;207;0;0
BLA;23.08.2015 00:00;11.4;16.2;7.7;10.8;22.6;3.8;88.2;11.8;843.9;;1478.3;;1016;1.1;4.8;4;17.3;4.7;16.9;;2.6;2.1;;91;;;;71;51;9;1.5;0;135;8.6;0.6
BLA;24.08.2015 00:00;11.6;16.3;8.7;11.7;19.1;7.1;92.5;12.6;842.6;;1465.3;;1014.5;1.3;7.4;4.7;26.6;7.2;25.9;;12.2;12.7;;77;;;;69;7;1;1.4;0;180;8.4;0.4
BLA;25.08.2015 00:00;9.9;16.4;5.1;11.4;25.6;1.6;84.2;10;849.1;;1529.8;;1022;1.3;6.7;4.7;24.1;6.4;23;;0;0;;286;;;;48;588;100;3.2;0;217;10.1;2.1
BLA;26.08.2015 00:00;12.4;22;4.4;12.4;29.4;0.3;70.8;9.6;850.5;;1543.9;;1023.7;1.3;6.8;4.7;24.5;6.3;22.7;;0;0;;278;;;;33;585;100;3.6;0;198;0;0
BLA;27.08.2015 00:00;14.2;22.5;7.6;13.9;29.3;3.5;72.1;11.1;850;;1538.2;;1023;1.3;6.2;4.7;22.3;5.7;20.5;;0;0;;248;;;;71;480;82;3.5;0;162;0;0
BLA;28.08.2015 00:00;16.3;25.3;9.4;16.2;33.3;5.6;69;12;853;;1568.9;;1026.6;1.2;6.7;4.3;24.1;6.6;23.8;;0;0;;251;;;;;532;91;3.7;0;90;0;0
BLA;29.08.2015 00:00;17.3;26;10.3;17;32.6;5.7;70.3;13.3;854.9;;1588.1;;1028.8;1.3;6.9;4.7;24.8;6.4;23;;0;0;;259;;;;33;567;98;3.8;0;198;0;0
BLA;30.08.2015 00:00;16.1;25.6;9.6;15.3;32.5;4.8;62.7;10.4;854;;1578.8;;1027.8;1.3;5.9;4.7;21.2;5.7;20.5;;0;0;;271;;;;31;580;100;4;0;162;0;0
BLA;31.08.2015 00:00;14.7;23.3;7.3;13.7;30.7;1.5;56.5;8.7;850.8;;1546.4;;1024;1.3;6.6;4.7;23.8;6.1;22;;0;0;;265;;;;32;575;100;3.7;0;135;0;0
BLA;01.09.2015 00:00;12.4;17.3;8.8;11.8;20.2;6.8;88.4;12.7;847.2;;1510.8;;1019.8;1;5.2;3.6;18.7;4.9;17.6;;13.8;13.6;;60;;;;56;0;0;1.3;0;180;0;0
BLA;02.09.2015 00:00;11.7;16.6;8.5;13.8;26.6;6.7;90.1;12.3;845.8;;1497.2;;1018.2;1.5;6.8;5.4;24.5;6.5;23.4;;0;0.2;;233;;;;73;412;73;2.7;0;217;8.3;0.3
BLA;03.09.2015 00:00;10;13.3;7.7;10.7;18.5;6.9;91.6;11.2;845.2;;1491.6;;1017.5;1.2;6.8;4.3;24.5;6.5;23.4;;2.2;2.2;;103;;;;99;6;1;1.5;0;211;10;2
BLA;04.09.2015 00:00;9.3;15.8;4.1;10.8;25.4;0.4;78.5;8.8;845.3;;1493;;1017.7;1.3;6.8;4.7;24.5;6.4;23;;0;0;;264;;;;50;515;92;2.9;0;202;10.7;2.7
BLA;05.09.2015 00:00;7.3;11.1;4;7.7;21.5;2.3;78.4;7.9;846;;1500.2;;1018.5;1.6;12.4;5.8;44.6;11.8;42.5;;1.5;1.5;;130;;;;102;77;14;1.7;0;207;12.7;4.7
BLA;06.09.2015 00:00;6.2;14;1.3;7.3;23.7;-2.9;73.9;6.7;850.2;;1540.3;;1023.3;1.3;9.6;4.7;34.6;9.1;32.8;;0;0;;253;;;;34;543;99;2.6;0;214;13.8;5.8
BLA;07.09.2015 00:00;6.3;15.1;0.3;6.5;25.3;-4.3;76.4;6.9;851.1;;1549.8;;1024.4;1.2;7.6;4.3;27.4;7.5;27;;0;0;;246;;;;29;539;99;2.6;0;217;13.7;5.7
BLA;08.09.2015 00:00;8;16.4;1.6;8.5;27.8;-2.9;75.3;7.7;849.9;;1538;;1023;1.3;7;4.7;25.2;6.6;23.8;;0;0;;246;;;;52;491;92;2.7;0;207;12;4
BLA;09.09.2015 00:00;9.2;17.1;3.8;10.3;29.3;0;72.9;8;847.5;;1514.6;;1020.2;1.2;9.1;4.3;32.8;8.4;30.2;;0;0;;245;;;;48;508;96;2.8;0;0;10.8;2.8
BLA;10.09.2015 00:00;7.5;13.9;3.8;7.4;26.3;-0.1;82.6;8.4;846.7;;1506.9;;1019.3;1.4;8.7;5;31.3;7.9;28.4;;11.6;11.6;;109;;;;74;86;16;1.6;0;63;12.5;4.5
BLA;11.09.2015 00:00;8.1;15.2;2.9;7.9;23.5;-0.3;80.8;8.4;848;;1519.2;;1020.7;1;8.3;3.6;29.9;7.8;28.1;;0;0;;111;;;;81;68;13;1.6;0;90;11.9;3.9
BLA;12.09.2015 00:00;10;17.1;3.8;11;26.4;0;75.6;9;849.4;;1533.4;;1022.5;1.4;8.7;5;31.3;8.2;29.5;;0;0;;218;;;;50;448;87;2.5;0;180;10;2
BLA;13.09.2015 00:00;10.6;15.4;7.8;11.3;26.6;5.2;85;10.8;844;;1479.8;;1016.1;1.3;5.7;4.7;20.5;5.6;20.2;;21;9.1;;118;;;;45;224;44;1.7;0;117;9.4;1.4
BLA;14.09.2015 00:00;9.2;15.2;5.8;9.9;24.2;3;84.4;9.7;841.2;;1452.2;;1012.8;1.4;8.6;5;31;8.3;29.9;;0;11.9;;134;;;;70;167;33;1.8;0;153;10.8;2.8
BLA;15.09.2015 00:00;9;13.8;3.7;8.8;17.5;0.3;79;9;841.6;;1455.9;;1013.3;1.2;12;4.3;43.2;11.3;40.7;;0;0;;96;;;;92;9;2;1.4;0;180;11;3
BLA;16.09.2015 00:00;14.7;18.7;10.1;12.8;18;8.5;58.9;9.6;838.1;;1419.7;;1009.3;2.4;13.9;8.6;50;13.1;47.2;;0.6;0.6;;53;;;;48;2;0;2;0;77;0;0
BLA;17.09.2015 00:00;11.6;18.1;6.1;11.1;20.5;3.1;78.7;10.3;840;;1439.2;;1011.5;2.2;15.1;7.9;54.4;14.3;51.5;;11.1;11.1;;62;;;;41;101;22;1.6;0;90;8.4;0.4
BLA;18.09.2015 00:00;7.5;10.8;3.8;7.9;15.8;0.1;93.6;9.7;848;;1519.3;;1020.7;1;6.2;3.6;22.3;6.2;22.3;;0;0;;84;;;;77;8;2;1.1;0;225;12.5;4.5
BLA;19.09.2015 00:00;6.8;13.1;2.2;7.2;25;-1.1;82.5;8;850.5;;1543.3;;1023.6;1.3;10.6;4.7;38.2;10;36;;0.2;0.2;;163;;;;52;330;73;1.8;0;90;13.2;5.2
BLA;20.09.2015 00:00;5.9;13.3;0.8;6.2;22.1;-2.6;84;7.6;850.5;;1543.8;;1023.7;1.2;6.8;4.3;24.5;6.7;24.1;;0;0;;198;;;;26;459;100;1.9;0;207;14.1;6.1
BLA;21.09.2015 00:00;7;15.2;1.4;6.8;24.1;-2.4;81.1;7.9;846.1;;1500.7;;1018.5;1.1;4.9;4;17.6;4.6;16.6;;0;0;;190;;;;21;457;100;2;0;207;13;5
BLA;22.09.2015 00:00;8.2;14;3.2;7.8;20.4;-0.2;76.4;8.1;839.5;;1436;;1010.9;1.4;8.8;5;31.7;8.2;29.5;;5.4;1.7;;120;;;;96;69;16;1.6;0;207;11.8;3.8
BLA;23.09.2015 00:00;3.7;6.3;2.3;3.9;6.6;1;92.3;7.3;841.3;;1455.3;;1013;2;7.7;7.2;27.7;7.4;26.6;;0.3;4;;51;;;;50;0;0;0.8;0;219;16.3;8.3
BLA;24.09.2015 00:00;3.7;11;-0.7;4.2;19.6;-3.7;82.7;6.4;847.9;;1518.7;;1020.6;1.2;6.1;4.3;22;5.6;20.2;;0;0;;182;;;;25;438;100;1.7;0;180;16.3;8.3
BLA;25.09.2015 00:00;5.7;13.7;0.5;5.7;22.3;-3;82.8;7.4;849;;1529.4;;1021.9;1.1;5.4;4;19.4;5.2;18.7;;0;0;;181;;;;29;435;100;1.8;0;225;14.3;6.3
BLA;26.09.2015 00:00;6.2;14.4;1.4;5.4;23.1;-2.7;85.5;7.9;848.9;;1528.6;;1021.9;1;5.3;3.6;19.1;5.1;18.4;;0;0;;157;;;;43;431;100;1.7;0;207;13.8;5.8
BLA;27.09.2015 00:00;6.8;14.3;1.7;6.2;23.1;-2;86.8;8.5;851.4;;1552.1;;1024.7;1;4.9;3.6;17.6;4.8;17.3;;0;0;;154;;;;46;421;100;1.6;0;198;13.2;5.2
BLA;28.09.2015 00:00;6.5;12.1;2.2;8.1;20.8;-0.8;85.7;8.2;852.8;;1566;;1026.4;1.6;6.1;5.8;22;5.6;20.2;;0;0;;183;;;;40;426;100;1.7;0;45;13.5;5.5
BLA;29.09.2015 00:00;5.9;12.4;1.9;5.7;25.4;-2.3;73.3;6.6;852.5;;1562.8;;1026;1.2;5.9;4.3;21.2;5.7;20.5;;0;0;;134;;;;63;170;41;1.5;0;117;14.1;6.1
BLA;30.09.2015 00:00;5.6;13.4;0.1;5.4;21.7;-3.7;75.3;6.6;851.5;;1553.4;;1024.9;1;5.5;3.6;19.8;5.2;18.7;;0;0;;163;;;;21;420;100;1.6;0;180;14.4;6.4
BLA;01.10.2015 00:00;5.6;10;2.8;6.1;20.9;0.9;70.7;6.2;850.9;;1547.5;;1024.1;1.4;10.1;5;36.4;9.6;34.6;;0;0;;132;;;;49;285;71;1.5;0;180;14.4;6.4
BLA;02.10.2015 00:00;8.1;12.5;4.3;7.7;14.8;1.4;84.3;9.1;849.7;;1535.6;;1022.7;1.1;5.3;4;19.1;5.1;18.4;;6.6;4.8;;45;;;;43;0;0;0.9;0;63;11.9;3.9
BLA;03.10.2015 00:00;8.1;12.8;5.6;8;17.1;3.8;89;9.5;847.4;;1513.9;;1020.1;1.4;5.8;5;20.9;5.7;20.5;;5.2;7;;70;;;;62;19;5;1.1;0;117;11.9;3.9
BLA;04.10.2015 00:00;6.8;12.4;4.1;8;21.3;1.4;81.3;7.8;847.3;;1512.3;;1019.9;1.1;5.7;4;20.5;5.4;19.4;;0.5;0.5;;159;;;;32;397;100;1.5;0;162;13.2;5.2
BLA;05.10.2015 00:00;9.7;16.7;5.6;9.6;24.5;3.4;81.9;9.7;846.1;;1500.9;;1018.6;1.3;5.8;4.7;20.9;5.5;19.8;;3.8;3.8;;92;;;;44;164;42;1.4;0;53;10.3;2.3
BLA;06.10.2015 00:00;9.2;13.4;7;9.2;17;5.4;93;10.7;842.2;;1462.2;;1014;1;8;3.6;28.8;7.5;27;;12.2;11.4;;58;;;;55;2;1;0.9;0;180;10.8;2.8
BLA;07.10.2015 00:00;7.4;11.4;5.1;8.8;21.5;4.3;95.4;9.8;844.5;;1485.8;;1016.8;1.3;6.4;4.7;23;6.2;22.3;;0.5;1.3;;118;;;;84;122;32;1.1;0;225;12.6;4.6
BLA;08.10.2015 00:00;6.5;11.7;4;8.3;20;1.4;90.1;8.6;847.3;;1512.2;;1019.9;1.2;5.9;4.3;21.2;5.6;20.2;;0;0;;155;;;;44;384;100;1.4;0;220;13.5;5.5
BLA;09.10.2015 00:00;5.8;13.7;1.6;5;21.4;-1.7;88.1;8;846.6;;1505.8;;1019.1;0.9;6.4;3.2;23;6;21.6;;0;0;;113;;;;30;252;67;1.2;0;153;14.2;6.2
BLA;10.10.2015 00:00;5.8;13.3;1.6;5.6;23.2;-2.1;86.2;7.8;841.9;;1459.8;;1013.6;1;5.3;3.6;19.1;5;18;;0;0;;131;;;;22;344;92;1.3;0;135;14.2;6.2
BLA;11.10.2015 00:00;5.3;11.9;1.4;5.5;20.3;-2.1;82.7;7.2;840;;1442.1;;1011.5;1.5;6.5;5.4;23.4;6.3;22.7;;0;0;;124;;;;27;336;92;1.3;0;63;14.7;6.7
BLA;12.10.2015 00:00;5.3;13.2;-0.1;3.6;20.5;-4.6;70.2;6.1;843.1;;1472.3;;1015.1;0.8;5;2.9;18;4.6;16.6;;0.4;0;;92;;;;39;174;48;1.1;0;90;14.7;6.7
BLA;13.10.2015 00:00;5.9;9;1.3;5.6;11.4;-1.1;88.7;8.2;842;;1461.6;;1013.8;1.2;6.3;4.3;22.7;6;21.6;;8.5;8.9;;36;;;;34;1;0;0.6;0;214;14.1;6.1
BLA;14.10.2015 00:00;1.6;6.1;-0.6;3.5;18.5;-3.3;91.7;6.2;839.4;;1437.9;;1010.8;1.3;5.6;4.7;20.2;5.4;19.4;;0.6;0;;128;;;;71;187;52;0.9;0;220;18.4;10.4
BLA;15.10.2015 00:00;-0.6;0.3;-1.6;-0.1;1.3;-0.9;99.5;5.8;838.2;;1426.9;;1009.4;1.3;5.8;4.7;20.9;5.6;20.2;;5.9;6.5;;36;;;;35;0;0;0.4;0;228;20.6;12.6
BLA;16.10.2015 00:00;-0.3;1.5;-2.1;0.6;4.6;-1;95.8;5.7;842.8;;1470.3;;1014.7;1;4.3;3.6;15.5;4.2;15.1;;0;0;;70;;;;69;0;0;0.6;0;225;20.3;12.3
BLA;17.10.2015 00:00;1;4.9;-1.2;1.1;9.2;-4.1;89.7;5.9;844;;1481.7;;1016.1;0.8;3.2;2.9;11.5;2.9;10.4;;0;0;;65;;;;62;10;3;0.7;0;135;19;11
BLA;18.10.2015 00:00;3.1;7.6;-1;2.8;11.4;-3.2;89.6;6.8;843.9;;1480.1;;1016;1;5.7;3.6;20.5;5.5;19.8;;2.8;2.8;;52;;;;46;11;3;0.7;0;53;16.9;8.9
BLA;19.10.2015 00:00;2;9.8;-1.8;1.8;19.6;-5.3;83.5;5.7;844.4;;1485.3;;1016.6;1.2;8.4;4.3;30.2;8.2;29.5;;0;0;;115;;;;18;344;100;1;0;72;18;10
BLA;20.10.2015 00:00;1.1;7.2;-3.2;1.1;15.5;-6.4;89.7;6;845.5;;1495.8;;1017.8;1.1;4.9;4;17.6;4.7;16.9;;0;0;;105;;;;20;299;89;0.8;0;207;18.9;10.9
BLA;21.10.2015 00:00;1.9;7.7;-1.4;2.2;14.3;-3.4;82.9;5.7;845.4;;1494.9;;1017.7;1.3;4.7;4.7;16.9;4.4;15.8;;0;0;;108;;;;14;332;100;0.9;0;72;18.1;10.1
BLA;22.10.2015 00:00;2.9;6.7;0.9;3.5;10.1;0.6;87;6.5;846.5;;1505.6;;1019;1;4.7;3.6;16.9;4.4;15.8;;0;0;;75;;;;59;54;16;0.7;0;219;17.1;9.1
BLA;23.10.2015 00:00;4.3;14.2;-0.4;3.1;20.6;-3.1;80.3;6.5;850.4;;1543.1;;1023.6;0.9;3.8;3.2;13.7;3.3;11.9;;0;0;;103;;;;13;328;100;1;0;72;15.7;7.7
BLA;24.10.2015 00:00;6.6;15.4;1.6;4.1;21;-2.3;56.9;5.4;850.8;;1546.2;;1024;0.8;4.4;2.9;15.8;4.2;15.1;;0;0;;83;;;;49;125;38;1.1;0;56;13.4;5.4
BLA;25.10.2015 00:00;7;12.7;3.1;5.7;16.8;-0.4;66.7;6.5;852;;1557.8;;1025.4;1.1;4.3;4;15.5;4.2;15.1;;0;0;;81;;;;55;180;56;1;0;45;13;5
BLA;26.10.2015 00:00;6.1;15.2;1.8;3.9;21;-2.5;59.4;5.3;849.1;;1530;;1022;1;5.1;3.6;18.4;4.5;16.2;;0;0;;95;;;;13;318;99;1.1;0;76;13.9;5.9
BLA;27.10.2015 00:00;4.9;13.7;0.5;2.8;19.6;-3.2;53.9;4.5;846.8;;1507.9;;1019.4;1;4.2;3.6;15.1;4;14.4;;1.3;0;;84;;;;17;295;93;1.1;0;63;15.1;7.1
BLA;28.10.2015 00:00;5.9;12;3.1;5.3;16.6;2.3;82.5;7.6;843.1;;1472;;1015.1;1.2;7.4;4.3;26.6;7;25.2;;11.9;10.7;;58;;;;29;150;48;0.9;0;63;14.1;6.1
BLA;29.10.2015 00:00;3.5;5.7;1;3.4;10.7;-1.3;96.6;7.6;846.6;;1505.9;;1019.1;1;5.2;3.6;18.7;5.1;18.4;;0;2.5;;59;;;;39;62;21;0.5;0;198;16.5;8.5
BLA;30.10.2015 00:00;5.4;13.6;1.2;3.6;19.2;-1.6;81.7;7.2;852.2;;1559.7;;1025.6;0.7;3.4;2.5;12.2;3.3;11.9;;0;0;;82;;;;16;299;100;0.8;0;76;14.6;6.6
BLA;31.10.2015 00:00;6.2;16;2.1;3.6;20.7;-1.9;57.4;5;855.6;;1592.3;;1029.6;1.2;4.9;4.3;17.6;4.8;17.3;;0;0;;86;;;;11;293;100;1.2;0;63;13.8;5.8
BLA;01.11.2015 00:00;5.4;15;1.8;2.6;20.4;-2.9;47.1;4.1;857.8;;1613.3;;1032.1;1.1;5.4;4;19.4;5.2;18.7;;0;0;;84;;;;11;289;99;1.2;0;59;14.6;6.6
BLA;02.11.2015 00:00;5.3;15.2;1;2.7;19.9;-3.7;40.1;3.4;856.1;;1597.2;;1030.2;1.3;4.5;4.7;16.2;4.2;15.1;;0;0;;82;;;;12;287;100;1.3;0;56;14.7;6.7
BLA;03.11.2015 00:00;6.5;12.9;2.4;4.3;13.5;-1;56.1;5.2;852.3;;1560.7;;1025.7;1.3;5.5;4.7;19.8;5.4;19.4;;0;0;;44;;;;42;0;0;1.1;0;63;13.5;5.5
BLA;04.11.2015 00:00;4.1;12;0.8;2.2;18.8;-2.2;79;6.4;851.2;;1550.1;;1024.5;0.9;7.6;3.2;27.4;6.2;22.3;;0;0;;62;;;;28;126;45;0.8;0;45;15.9;7.9
BLA;05.11.2015 00:00;3.6;12;-0.3;2.1;17.8;-3.1;77.2;5.9;851.4;;1552.3;;1024.7;0.8;3.1;2.9;11.2;2.8;10.1;;0;0;;72;;;;10;278;100;0.7;0;56;16.4;8.4
BLA;06.11.2015 00:00;5.8;13.6;2.3;4.7;19.4;-0.7;71.2;6.5;855;;1586.8;;1028.9;1;4.9;3.6;17.6;4.8;17.3;;0;0;;74;;;;18;268;98;0.8;0;56;14.2;6.2
BLA;07.11.2015 00:00;6;15.1;1.5;4.2;20.5;-1.4;64.1;5.9;858;;1615.2;;1032.3;0.9;5.6;3.2;20.2;5.5;19.8;;0;0;;68;;;;11;269;99;0.9;0;53;14;6
BLA;08.11.2015 00:00;7.9;17.1;4.1;5.8;22.3;0.7;67.5;7;859.3;;1628.1;;1033.8;0.7;2.7;2.5;9.7;2.6;9.4;;0;0;;70;;;;13;265;99;0.8;0;59;12.1;4.1
BLA;09.11.2015 00:00;7.4;16.7;2.8;5;21.2;-0.5;61.7;6.3;858.8;;1624.1;;1033.4;1.2;8.7;4.3;31.3;8.6;31;;0;0;;52;;;;22;173;65;1.1;0;53;12.6;4.6
BLA;10.11.2015 00:00;5.5;15.1;1.5;3.6;20.1;-1.4;65.7;5.7;857.2;;1608.1;;1031.5;0.8;3.1;2.9;11.2;2.9;10.4;;0;0;;65;;;;11;260;100;0.8;0;45;14.5;6.5
BLA;11.11.2015 00:00;4;13.1;1;1.9;18.5;-2.3;63.6;5.1;855.1;;1587.9;;1029.1;0.8;2.8;2.9;10.1;2.6;9.4;;0;0;;65;;;;10;259;100;0.7;0;45;16;8
BLA;12.11.2015 00:00;4.3;14.4;0.6;1.7;19.8;-2.9;52.7;4.3;855.3;;1589;;1029.2;0.9;3.9;3.2;14;3.9;14;;0;0;;53;;;;18;188;75;0.9;0;40;15.7;7.7
BLA;13.11.2015 00:00;4.1;11.2;0.6;1.9;15.1;-2.6;56.2;4.5;855.7;;1592.9;;1029.7;0.9;3.6;3.2;13;3.5;12.6;;0;0;;55;;;;21;244;100;0.8;0;45;15.9;7.9
BLA;14.11.2015 00:00;3.2;7.9;-0.6;1.6;11.9;-3.9;59.8;4.5;856.2;;1597.5;;1030.3;1;3.7;3.6;13.3;3.6;13;;0;0;;61;;;;31;241;100;0.7;0;53;16.8;8.8
BLA;15.11.2015 00:00;8.8;13;3;7;13.1;-0.3;54.9;6.1;852.6;;1563.7;;1026.1;1.7;10.8;6.1;38.9;10.5;37.8;;0;0;;27;;;;24;1;0;1.1;0;73;11.2;3.2
BLA;16.11.2015 00:00;3.9;11.8;0.5;1.7;15.9;-3;64.2;5.1;850.7;;1545.8;;1023.9;0.8;3.4;2.9;12.2;3.2;11.5;;0;0;;57;;;;29;237;100;0.7;0;51;16.1;8.1
BLA;17.11.2015 00:00;5;12.3;0.2;2.8;16;-3.3;51.4;4.4;850.2;;1541;;1023.3;1.1;5;4;18;4.7;16.9;;1.9;0;;51;;;;27;152;68;0.9;0;45;15;7
BLA;18.11.2015 00:00;3.6;9.3;-0.9;1.9;13.1;-4;81.1;6.5;852.9;;1566.2;;1026.4;1.1;4.4;4;15.8;4.1;14.8;;0;1.9;;52;;;;9;229;100;0.5;0;51;16.4;8.4
BLA;19.11.2015 00:00;2.7;9.2;-2.1;0.9;13.7;-5.2;66.4;5;852.9;;1566.6;;1026.5;1.1;4.2;4;15.1;3.9;14;;2.4;0.4;;49;;;;16;225;100;0.6;0;50;17.3;9.3
BLA;20.11.2015 00:00;3.9;5.8;0.4;3.1;4.5;0;95.2;7.7;842.9;;1470.8;;1014.9;1.7;6.3;6.1;22.7;5.8;20.9;;52.2;47;;5;;;;5;0;0;0.4;0;48;16.1;8.1
BLA;21.11.2015 00:00;-2.2;1.2;-7.4;-2.4;4.1;-9.4;84.9;4.5;827.6;;1325.9;;997.1;1.5;10.2;5.4;36.7;9.8;35.3;;3.8;10;;49;;;;38;50;24;0.3;0;135;22.2;14.2
BLA;22.11.2015 00:00;-5.7;-2.5;-11.3;-6.2;0.9;-14.5;79.6;3.2;833.1;;1381.1;;1003.5;1.5;5.4;5.4;19.4;5.1;18.4;;1.4;2.4;;58;;;;49;38;19;0.3;0;27;25.7;17.7
BLA;23.11.2015 00:00;-10.7;-5.2;-13.1;-13;-1.5;-16.2;72.8;2;844.5;;1488.7;;1016.7;1.3;5.2;4.7;18.7;5.1;18.4;;0;0;;49;;;;10;206;100;0.3;0;42;30.7;22.7
BLA;24.11.2015 00:00;-8.2;-1.7;-13.2;-9.9;-0.3;-16.7;74.2;2.6;846.3;;1504.6;;1018.8;1;4.8;3.6;17.3;4.7;16.9;;4.6;0.7;;43;;;;15;178;89;0.3;0;45;28.2;20.2
BLA;25.11.2015 00:00;-3.1;0.1;-5.1;-3.2;2.3;-5.4;95;4.6;836.4;;1410.4;;1007.2;0.9;5.9;3.2;21.2;5.8;20.9;;17.3;10.9;;29;;;;27;0;0;0.3;0;225;23.1;15.1
BLA;26.11.2015 00:00;-4.7;-1.3;-11.4;-4.8;-1.2;-12.5;82.9;3.6;837.7;;1423.6;;1008.8;1.9;13.9;6.8;50;13.3;47.9;;2.3;12.6;;30;;;;27;3;2;0.3;0;53;24.7;16.7
BLA;27.11.2015 00:00;-10.8;-4.5;-13.6;-13.5;-1.3;-17;80.3;2.2;840.6;;1453.5;;1012.2;0.9;3.9;3.2;14;3.7;13.3;;0;0;;44;;;;10;196;100;0.3;0;45;30.8;22.8
BLA;28.11.2015 00:00;-6.6;-1.6;-12.3;-7.6;2.8;-15.6;83.8;3.2;843.7;;1480.8;;1015.8;1.2;5;4.3;18;4.8;17.3;;1.7;1.7;;52;;;;25;175;94;0.2;0;34;26.6;18.6
BLA;29.11.2015 00:00;-2.2;0.2;-6.8;-3;0.9;-8.2;87;4.6;852.2;;1559.8;;1025.7;1.3;4.7;4.7;16.9;4.5;16.2;;2.7;2.7;;24;;;;23;0;0;0.3;0;41;22.2;14.2
BLA;30.11.2015 00:00;0;4.8;-4.4;-1.4;6;-7.3;70.3;4.3;855.6;;1591.4;;1029.6;1.4;5.1;5;18.4;4.8;17.3;;0;0;;63;;;;41;184;100;0.4;0;38;20;12
BLA;01.12.2015 00:00;-3;1.5;-6.6;-4.8;3;-9.3;78.8;3.9;856.6;;1599.8;;1030.7;1;4.8;3.6;17.3;4.5;16.2;;0;0;;30;;;;28;21;12;0.4;0;45;23;15
BLA;02.12.2015 00:00;-0.9;6.2;-3.9;-3.6;7.1;-6.8;63.1;3.6;856.8;;1602.6;;1031;0.8;3.5;2.9;12.6;3.3;11.9;;0;0;;36;;;;9;175;100;0.5;0;45;20.9;12.9
BLA;03.12.2015 00:00;-0.3;6.1;-3.2;-3;7.3;-6.4;56.6;3.4;857;;1604.2;;1031.2;1.1;4.8;4;17.3;4.7;16.9;;0;0;;35;;;;9;170;100;0.7;0;49;20.3;12.3
BLA;04.12.2015 00:00;0.8;5;-2.8;-0.7;5.4;-5.8;69.4;4.6;858.6;;1619.8;;1033.1;0.9;6;3.2;21.6;5.8;20.9;;1.9;1.2;;40;;;;38;0;0;0.4;0;45;19.2;11.2
BLA;05.12.2015 00:00;0;4.5;-2.3;-1.9;4.9;-4.8;88.4;5.4;858;;1613.7;;1032.4;1;3.4;3.6;12.2;3.2;11.5;;0;0.7;;31;;;;9;165;100;0.4;0;50;20;12
BLA;06.12.2015 00:00;-0.6;4.3;-2.8;-2.7;5.8;-5.6;77.9;4.6;857.6;;1609.7;;1031.9;1;5.4;3.6;19.4;5;18;;0;0;;30;;;;9;163;100;0.5;0;49;20.6;12.6
BLA;07.12.2015 00:00;-0.7;3.7;-3.1;-2.8;5.9;-5.7;74.9;4.3;858.7;;1620.1;;1033.2;1.1;4.7;4;16.9;4.3;15.5;;0;0;;29;;;;8;160;100;0.5;0;49;20.7;12.7
BLA;08.12.2015 00:00;-1.1;2.8;-3.5;-3.1;4.6;-6.2;74.9;4.2;858.1;;1614.4;;1032.5;1;4.4;3.6;15.8;4.2;15.1;;0.3;0;;29;;;;9;159;100;0.4;0;45;21.1;13.1
BLA;09.12.2015 00:00;-1.3;1.8;-7.1;-2.2;4.7;-10.2;86.6;5;859.8;;1629.8;;1034.4;1.2;4.2;4.3;15.1;4;14.4;;0.8;1.1;;40;;;;36;28;21;0.2;0;45;21.3;13.3
BLA;10.12.2015 00:00;-4.4;1.9;-8;-7.3;2.9;-11.3;57.1;2.5;860;;1630.6;;1034.7;1.2;5.4;4.3;19.4;4.9;17.6;;0;0;;27;;;;8;152;100;0.6;0;45;24.4;16.4
BLA;11.12.2015 00:00;-2.7;4.4;-6.7;-5.4;3.8;-9.4;55.9;2.8;856.5;;1599.4;;1030.7;1;4.2;3.6;15.1;4;14.4;;0;0;;35;;;;22;133;100;0.6;0;40;22.7;14.7
BLA;12.12.2015 00:00;-3.8;2.7;-7.1;-6.5;3.9;-9.9;62.2;2.8;852.6;;1562.7;;1026.1;0.9;3.4;3.2;12.2;3.1;11.2;;0;0;;26;;;;9;139;100;0.5;0;40;23.8;15.8
BLA;13.12.2015 00:00;-2.6;3.2;-5.6;-5;4.5;-8.2;60;3;848.7;;1527.1;;1021.6;0.9;3.5;3.2;12.6;3.3;11.9;;0;0;;32;;;;25;55;43;0.5;0;45;22.6;14.6
BLA;14.12.2015 00:00;-3.9;1.1;-6.3;-6.5;2.5;-9;61.9;2.8;849.1;;1530.5;;1022;0.9;4;3.2;14.4;3.9;14;;0;0;;24;;;;7;134;100;0.5;0;50;23.9;15.9
BLA;15.12.2015 00:00;-0.9;4.8;-6.2;-2.4;6.9;-8.8;71.1;4.1;852.6;;1563.7;;1026.2;0.9;4.2;3.2;15.1;4.1;14.8;;5.1;0;;42;;;;34;59;46;0.4;0;39;20.9;12.9
BLA;16.12.2015 00:00;1.8;4.9;0.2;1.2;4.3;0;96.3;6.7;856.6;;1601.4;;1030.8;1.2;5.3;4.3;19.1;4.9;17.6;;7.6;12.7;;31;;;;29;0;0;0.3;0;45;18.2;10.2
BLA;17.12.2015 00:00;0.8;4.1;-1.6;-1.1;4.9;-4.2;84.3;5.5;855.9;;1594.4;;1029.9;0.9;3.8;3.2;13.7;3.6;13;;0;0;;23;;;;8;132;100;0.4;0;45;19.2;11.2
BLA;18.12.2015 00:00;2.1;5.7;-0.8;0.9;5.7;-3.5;76.1;5.5;854.4;;1580.6;;1028.2;0.9;4;3.2;14.4;3.9;14;;0;0;;31;;;;28;0;0;0.4;0;39;17.9;9.9
BLA;19.12.2015 00:00;2.3;7.1;0.2;0.5;8.4;-2;77.3;5.5;853.3;;1570.6;;1027;1;5.6;3.6;20.2;5.2;18.7;;0;0;;22;;;;8;131;100;0.6;0;45;17.7;9.7
BLA;20.12.2015 00:00;1.7;6.4;-0.6;-0.3;7.5;-2.9;70.3;4.8;853.4;;1571.4;;1027.1;1;4.6;3.6;16.6;4.5;16.2;;0;0;;21;;;;7;128;100;0.6;0;50;18.3;10.3
BLA;21.12.2015 00:00;2.2;5.1;-1.1;0.9;6.4;-3.2;79.3;5.7;856.2;;1597.8;;1030.3;1.2;5.4;4.3;19.4;5.2;18.7;;0.3;0.3;;25;;;;22;11;9;0.4;0;49;17.8;9.8
BLA;22.12.2015 00:00;0.1;4.4;-3.2;-1.8;4.8;-5.2;72.6;4.5;858.3;;1616.4;;1032.7;0.9;3.8;3.2;13.7;3.5;12.6;;0;0;;21;;;;13;92;73;0.5;0;45;19.9;11.9
BLA;23.12.2015 00:00;-0.8;3.2;-2.6;-2.7;4.5;-4.9;76.9;4.4;856.6;;1600.6;;1030.7;0.9;4.6;3.2;16.6;4.1;14.8;;0;0;;22;;;;7;131;100;0.5;0;45;20.8;12.8
BLA;24.12.2015 00:00;-0.9;5.4;-3.4;-2.8;7.1;-5.7;70.1;4;855.3;;1588.4;;1029.2;0.9;4;3.2;14.4;3.8;13.7;;0;0;;23;;;;16;73;58;0.5;0;45;20.9;12.9
BLA;25.12.2015 00:00;-0.8;3.3;-2.8;-2.8;5.6;-4.9;67;3.8;859.2;;1624.6;;1033.8;0.9;3.6;3.2;13;3.5;12.6;;0;0;;24;;;;9;131;100;0.5;0;45;20.8;12.8
BLA;26.12.2015 00:00;0.3;5.4;-2.3;-2.1;6.3;-4.6;59.1;3.7;859;;1622.8;;1033.5;1;3.3;3.6;11.9;3.2;11.5;;0;0;;23;;;;7;132;100;0.6;0;54;19.7;11.7
BLA;27.12.2015 00:00;-0.1;5;-2.3;-2.4;5.9;-5;56.8;3.4;858.9;;1621.9;;1033.4;1.1;3.7;4;13.3;3.5;12.6;;0;0;;24;;;;8;132;100;0.7;0;49;20.1;12.1
BLA;28.12.2015 00:00;0.7;5.7;-2;-1.9;6.6;-4.6;51.9;3.3;856.6;;1601.1;;1030.8;1.2;4.8;4.3;17.3;4.5;16.2;;0;0;;24;;;;7;133;100;0.8;0;52;19.3;11.3
BLA;29.12.2015 00:00;-1.2;1.8;-3.9;-3.3;3.5;-5.8;61.1;3.4;854.2;;1577.9;;1027.9;1.2;4;4.3;14.4;3.8;13.7;;0;0;;24;;;;9;133;100;0.6;0;45;21.2;13.2
BLA;30.12.2015 00:00;-2.3;3.7;-4.9;-4.6;4.5;-7.3;63;3.2;852;;1557.4;;1025.4;1.2;4;4.3;14.4;3.8;13.7;;0;0;;24;;;;7;136;100;0.6;0;45;22.3;14.3
BLA;31.12.2015 00:00;0.9;4.4;-2.5;0.1;4.7;-5.2;67.1;4.3;850.5;;1543.9;;1023.7;1.1;5.2;4;18.7;5;18;;0.2;0.2;;29;;;;27;0;0;0.5;0;45;19.1;11.1
BLA;01.01.2016 00:00;-0.5;2.1;-2.5;-1.7;3.8;-4.9;76.1;4.5;849;;1529.7;;1021.9;1.2;7.1;4.3;25.6;6.7;24.1;;0;0;;25;;;;11;134;100;0.5;0;45;20.5;12.5
BLA;02.01.2016 00:00;-0.5;1.5;-3;-1.1;2.6;-5.2;86.4;5.1;841.5;;1458.7;;1013.3;1;4;3.6;14.4;3.9;14;;5.5;5.5;;24;;;;23;0;0;0.3;0;45;20.5;12.5
BLA;03.01.2016 00:00;-3.8;-1.5;-7.9;-5;-2.6;-9.9;89.5;4.1;835.3;;1400.9;;1006;1;4.7;3.6;16.9;4.3;15.5;;12.4;2.6;;26;;;;24;0;0;0.2;0;45;23.8;15.8
BLA;04.01.2016 00:00;-2.5;-1.1;-4.2;-2.6;0.1;-6;94.9;4.8;826.4;;1314.5;;995.6;0.9;5.5;3.2;19.8;5.4;19.4;;8.7;16.5;;21;;;;21;0;0;0.3;0;27;22.5;14.5
BLA;05.01.2016 00:00;-3.2;-0.1;-7.7;-3.7;3.8;-10;87.7;4.2;827.2;;1323.2;;996.6;1.2;6;4.3;21.6;5.7;20.5;;2.5;4.5;;47;;;;39;67;42;0.2;0;39;23.2;15.2
BLA;06.01.2016 00:00;-5;-1.7;-7.8;-6;-2.2;-10;86.9;3.7;829.7;;1348.7;;999.5;0.9;4.7;3.2;16.9;4.4;15.8;;5.5;5.4;;28;;;;23;11;7;0.3;0;39;25;17
BLA;07.01.2016 00:00;-3.8;-0.8;-7;-4.8;-1.9;-8.8;93.6;4.4;831.5;;1364.7;;1001.6;1.1;5.1;4;18.4;5;18;;19.5;19.6;;5;;;;4;0;0;0.3;0;37;23.8;15.8
BLA;08.01.2016 00:00;-0.5;1.4;-3.5;-0.9;1;-5.1;95;5.6;835.1;;1396.7;;1005.7;1;5.9;3.6;21.2;5.4;19.4;;14.1;10.9;;18;;;;17;0;0;0.3;0;45;20.5;12.5
BLA;09.01.2016 00:00;0.4;1.8;-2.7;-0.1;1.3;-4.2;98.5;6.2;833.6;;1381.9;;1004;0.9;3.9;3.2;14;3.6;13;;10.5;13.7;;15;;;;14;0;0;0.3;0;45;19.6;11.6
BLA;10.01.2016 00:00;-0.5;0.6;-3.8;-1;0.6;-5.5;95.2;5.6;830.9;;1356.6;;1000.9;1.1;9.4;4;33.8;9;32.4;;15.4;9.8;;22;;;;22;0;0;0.2;0;45;20.5;12.5
BLA;11.01.2016 00:00;-0.5;0.9;-2.4;-0.7;0.3;-2.7;97.8;5.8;826.8;;1316.7;;996.1;1.2;5.9;4.3;21.2;5.7;20.5;;29.4;26.8;;21;;;;20;0;0;0.3;0;225;20.5;12.5
BLA;12.01.2016 00:00;-2.9;-2;-4;-3;-1.5;-4.5;96.2;4.7;833.3;;1380.7;;1003.6;1.2;5.3;4.3;19.1;5.1;18.4;;20.8;27.1;;14;;;;13;0;0;0.3;0;236;22.9;14.9
BLA;13.01.2016 00:00;-7;-3.9;-13.9;-7.8;-2;-16.9;88;3.3;843.6;;1480.1;;1015.7;1.9;6.5;6.8;23.4;6.2;22.3;;1.6;3.5;;28;;;;24;0;0;0.2;0;225;27;19
BLA;14.01.2016 00:00;-8.1;-3.9;-15.2;-8.9;-2.8;-17.8;89.3;3.1;838.7;;1434.7;;1010;1;7.5;3.6;27;7.3;26.3;;2.5;1.6;;27;;;;26;0;0;0.2;0;27;28.1;20.1
BLA;15.01.2016 00:00;-7.3;-5;-10.9;-8;-2.9;-12.4;73.2;2.6;839.5;;1441.5;;1010.8;1.6;14.5;5.8;52.2;13.6;49;;4.5;1.5;;41;;;;34;15;8;0.3;0;79;27.3;19.3
BLA;16.01.2016 00:00;-7.6;-4.9;-8.9;-8;-3.4;-10.7;78.2;2.7;843.4;;1477.7;;1015.4;1.6;10.4;5.8;37.4;10.2;36.7;;3.7;6.1;;37;;;;31;15;7;0.4;0;63;27.6;19.6
BLA;17.01.2016 00:00;-10.1;-8.1;-17.3;-10.9;-7.5;-20.1;76.8;2.2;844;;1484;;1016.1;1.9;8.6;6.8;31;8.2;29.5;;3.2;4.7;;13;;;;11;0;0;0.2;0;45;30.1;22.1
BLA;18.01.2016 00:00;-13.4;-7.6;-18.7;-15.5;-8.2;-21.8;73.5;1.6;839.5;;1444;;1010.9;1;3.9;3.6;14;3.7;13.3;;0.4;0;;43;;;;40;0;0;0.3;0;40;33.4;25.4
BLA;19.01.2016 00:00;-5.8;-1.7;-9.5;-6.1;-1;-10.7;88;3.5;839;;1436.7;;1010.3;0.7;3.5;2.5;12.6;3.3;11.9;;2.4;2.8;;45;;;;42;0;0;0.3;0;27;25.8;17.8
BLA;20.01.2016 00:00;-5.4;-0.6;-11.2;-6.3;2.1;-13.9;87;3.6;841.4;;1459.1;;1013.1;1;5.1;3.6;18.4;4.9;17.6;;0.9;0.9;;55;;;;43;87;41;0.3;0;31;25.4;17.4
BLA;21.01.2016 00:00;-10.5;-3.7;-13.5;-12.7;-1.3;-16.7;73.6;2;846.3;;1505.1;;1018.8;0.9;3.1;3.2;11.2;3.1;11.2;;0;0;;52;;;;10;217;100;0.3;0;40;30.5;22.5
BLA;22.01.2016 00:00;-7;0;-11.7;-8.9;1.9;-15;66.6;2.4;852.1;;1558.6;;1025.6;0.9;5.9;3.2;21.2;5;18;;1.5;0;;50;;;;13;191;86;0.4;0;39;27;19
BLA;23.01.2016 00:00;-2.2;4.4;-8.4;-3.3;6.8;-10.9;71.9;3.8;857.4;;1607.2;;1031.6;1.5;7;5.4;25.2;6.1;22;;0;1.5;;57;;;;18;225;100;0.6;0;50;22.2;14.2
BLA;24.01.2016 00:00;-2;3.8;-8.6;-3.4;4;-10.9;68.8;3.8;859.2;;1624.7;;1033.8;1.1;7.5;4;27;7.4;26.6;;0;0;;47;;;;43;0;0;0.5;0;39;22;14
BLA;25.01.2016 00:00;0.2;5.9;-3;-1.1;8.2;-4.7;75.4;4.7;857.8;;1612.5;;1032.2;0.8;3.8;2.9;13.7;3.7;13.3;;0;0;;54;;;;13;232;100;0.5;0;51;19.8;11.8
BLA;26.01.2016 00:00;1;6.2;-2;-0.3;8.2;-3.8;70.2;4.6;857.1;;1605.8;;1031.4;0.8;3.1;2.9;11.2;3;10.8;;0;0;;73;;;;35;231;97;0.5;0;39;19;11
BLA;27.01.2016 00:00;1.8;7.9;-2.2;0.5;9.5;-4.2;62.6;4.3;854.2;;1579;;1028;1.3;6.5;4.7;23.4;6.2;22.3;;0;0;;80;;;;44;189;78;0.7;0;45;18.2;10.2
BLA;28.01.2016 00:00;1;6.4;-3.2;-0.5;6.4;-5.1;65.5;4.3;853.1;;1568.4;;1026.7;1.1;4.6;4;16.6;4.4;15.8;;0;0;;58;;;;57;0;0;0.6;0;41;19;11
BLA;29.01.2016 00:00;0.1;4.8;-4.1;-0.7;7.2;-6.1;78.2;4.9;856.2;;1596.7;;1030.2;1.1;5.5;4;19.8;5.2;18.7;;0;0;;64;;;;14;248;98;0.5;0;45;19.9;11.9
BLA;30.01.2016 00:00;-1.2;5.5;-6.7;-2.4;7.7;-9;68.6;3.9;850.6;;1544.3;;1023.8;1.4;15.9;5;57.2;15;54;;24.7;7.7;;54;;;;40;57;22;0.7;0;53;21.2;13.2
BLA;31.01.2016 00:00;0.7;2.5;0.1;0.3;1.6;0;99;6.3;846.7;;1507.9;;1019.3;0.9;5.3;3.2;19.1;5.1;18.4;;36.2;52.6;;8;;;;7;0;0;0.4;0;53;19.3;11.3
BLA;01.02.2016 00:00;2.4;8.1;-1.8;1.2;9.3;-3.9;77.4;5.6;854.8;;1584.5;;1028.7;1.5;11.8;5.4;42.5;11.8;42.5;;0;0.6;;68;;;;19;202;75;0.7;0;48;17.6;9.6
BLA;02.02.2016 00:00;2.7;8.4;-1.5;1.6;11.1;-3;61.8;4.6;851.2;;1550;;1024.5;1.2;5.5;4.3;19.8;5.3;19.1;;0;0;;80;;;;56;105;39;0.8;0;45;17.3;9.3
BLA;03.02.2016 00:00;-1.9;1.3;-5.9;-2.3;1.1;-6;81.5;4.4;846.4;;1504.7;;1018.9;1.8;11.7;6.5;42.1;10.2;36.7;;8.4;7.8;;30;;;;29;0;0;0.5;0;54;21.9;13.9
BLA;04.02.2016 00:00;-4.1;-1.5;-5.7;-4.2;-0.2;-6.3;84.7;3.8;852.9;;1566.2;;1026.5;1.4;8.9;5;32;8.2;29.5;;33.5;26.9;;50;;;;49;0;0;0.4;0;40;24.1;16.1
BLA;05.02.2016 00:00;-2.3;2.3;-5.8;-2;0.1;-6.1;91.8;4.8;852.8;;1565.3;;1026.4;1;5;3.6;18;4.9;17.6;;0.3;7.5;;76;;;;16;273;97;0.4;0;45;22.3;14.3
BLA;06.02.2016 00:00;-2.2;4.7;-5.7;-4.9;0.1;-7.5;74.4;3.8;847.8;;1517.8;;1020.5;1.1;12.2;4;43.9;11.5;41.4;;0;0;;81;;;;36;233;82;0.6;0;51;22.2;14.2
BLA;07.02.2016 00:00;0.3;4.5;-4.1;-1.5;0.4;-3.9;77.6;4.8;838.6;;1430.1;;1009.8;1.6;13.1;5.8;47.2;12.2;43.9;;6.4;6.4;;32;;;;31;0;0;0.6;0;207;19.7;11.7
BLA;08.02.2016 00:00;-0.8;5.7;-7.6;-1.1;3.1;-4.2;82.6;4.8;841;;1453.8;;1012.6;1.6;16.7;5.8;60.1;15.8;56.9;;2.1;2;;65;;;;59;14;5;0.6;0;360;20.8;12.8
BLA;09.02.2016 00:00;0.8;3.2;-3.4;0.4;5.5;-3.8;84.8;5.5;833.8;;1383.9;;1004.3;1.4;12.1;5;43.6;10.5;37.8;;17.4;16.3;;43;;;;42;0;0;0.5;0;270;19.2;11.2
BLA;10.02.2016 00:00;-6.6;-3.5;-10.9;-7.1;-3.5;-13.4;87.9;3.3;830.1;;1353.1;;1000;1.7;7.2;6.1;25.9;7;25.2;;2.3;3.5;;50;;;;49;0;0;0.3;0;220;26.6;18.6
BLA;11.02.2016 00:00;-8.9;-3.3;-14.8;-10;-1.2;-17.2;76.2;2.4;834.6;;1396.4;;1005.1;0.9;4.3;3.2;15.5;4;14.4;;1.7;1.5;;78;;;;31;158;52;0.4;0;51;28.9;20.9
BLA;12.02.2016 00:00;-6.4;-3;-12.4;-6.7;-1.4;-14.6;86.3;3.3;828.8;;1340.8;;998.5;1.1;5.2;4;18.7;5.1;18.4;;22.6;15.2;;41;;;;40;0;0;0.3;0;34;26.4;18.4
BLA;13.02.2016 00:00;-1.8;3.1;-5.5;-1.9;8.1;-5.6;92.2;5;824.4;;1294.9;;993.4;1.3;6.3;4.7;22.7;5.7;20.5;;14.9;22.5;;70;;;;41;95;30;0.5;0;27;21.8;13.8
BLA;14.02.2016 00:00;-2.2;1.2;-8.8;-2.5;1.2;-11;91.2;4.8;822.8;;1279.4;;991.5;1;5.6;3.6;20.2;5.5;19.8;;1.8;1.8;;56;;;;55;0;0;0.4;0;45;22.2;14.2
BLA;15.02.2016 00:00;-6.9;-1.1;-11.9;-7.9;5.5;-13.9;75.2;2.7;835.4;;1403.4;;1006.1;1.4;6.5;5;23.4;6.2;22.3;;0;0;;90;;;;49;147;45;0.6;0;48;26.9;18.9
BLA;16.02.2016 00:00;-7.2;1.3;-12.6;-9;11.1;-16.8;78.6;2.9;847.2;;1513.1;;1019.8;1;4.1;3.6;14.8;4;14.4;;0;0;;101;;;;31;239;73;0.6;0;53;27.2;19.2
BLA;17.02.2016 00:00;-5.7;2;-10.5;-7.4;8.3;-14.4;76.2;3;842.3;;1467.3;;1014.1;0.9;4.7;3.2;16.9;4.5;16.2;;0.3;0.3;;98;;;;29;265;80;0.6;0;45;25.7;17.7
BLA;18.02.2016 00:00;-5.2;0.7;-9.9;-6.3;4.3;-12.6;68.1;2.8;840.8;;1453.3;;1012.4;1.3;4.7;4.7;16.9;4.6;16.6;;0.5;0;;102;;;;66;212;64;0.7;0;45;25.2;17.2
BLA;19.02.2016 00:00;-5.6;-0.8;-12;-5.9;4.3;-14.6;75.1;3.1;845.1;;1493.7;;1017.5;1.3;9.2;4.7;33.1;8.4;30.2;;0.4;0.8;;98;;;;88;24;7;0.6;0;45;25.6;17.6
BLA;20.02.2016 00:00;-4.4;1.4;-12.9;-4.9;0.8;-15.6;84.9;4.2;851.6;;1554.3;;1025;1.3;6.3;4.7;22.7;6;21.6;;24.6;24.7;;24;;;;23;0;0;0.4;0;32;24.4;16.4
BLA;21.02.2016 00:00;3.4;7.8;0.7;2.7;10.6;-1.7;74.4;5.7;851.8;;1555.6;;1025.1;1.6;6.1;5.8;22;6;21.6;;0;0;;112;;;;17;336;99;1.1;0;45;16.6;8.6
BLA;22.02.2016 00:00;3.2;8.7;0.9;2.2;10.2;-1.7;68.3;5.2;845.1;;1491.6;;1017.4;1.4;6.4;5;23;5.9;21.2;;4;3.4;;74;;;;50;69;20;1.1;0;45;16.8;8.8
BLA;23.02.2016 00:00;0.4;2.6;-6.4;0.1;2.8;-9;95.2;6;841.7;;1459.6;;1013.4;1.1;4.6;4;16.6;4.4;15.8;;8.4;9;;43;;;;42;0;0;0.4;0;51;19.6;11.6
BLA;24.02.2016 00:00;-3.6;2.7;-11;-4.2;4.4;-13.8;82.9;4;841.2;;1456.7;;1012.9;1.6;7.4;5.8;26.6;7.2;25.9;;6;3.7;;67;;;;64;0;0;0.6;0;37;23.6;15.6
BLA;25.02.2016 00:00;-1.3;0.9;-7.4;-1.6;2;-10;96.7;5.4;836.7;;1412.9;;1007.6;0.9;4.2;3.2;15.1;4.1;14.8;;5.5;7.8;;54;;;;53;0;0;0.4;0;270;21.3;13.3
BLA;26.02.2016 00:00;-6;1.4;-13.1;-7.2;7.3;-15.8;73.5;2.9;834.9;;1398.3;;1005.6;1.1;4.8;4;17.3;4.4;15.8;;0;0;;129;;;;51;267;75;0.8;0;50;26;18
BLA;27.02.2016 00:00;-2.4;4.1;-7.1;-3.4;6.9;-9.3;67.9;3.4;831.8;;1366.1;;1001.9;1.5;14;5.4;50.4;13.3;47.9;;0.3;0;;110;;;;72;212;59;1;0;56;22.4;14.4
BLA;28.02.2016 00:00;-0.1;2.1;-1.6;-0.2;3.5;-2.5;93.5;5.7;833.1;;1377.9;;1003.5;1.1;4.3;4;15.5;4.2;15.1;;5.8;5.9;;47;;;;46;0;0;0.6;0;45;20.1;12.1
BLA;29.02.2016 00:00;-1.5;0.1;-4.3;-1.7;1.5;-5.3;97.6;5.4;834.8;;1394.9;;1005.5;1.3;6.6;4.7;23.8;6.4;23;;2.4;2.6;;46;;;;45;0;0;0.4;0;214;21.5;13.5
BLA;01.03.2016 00:00;-2.2;2.2;-5.9;-1.4;9.4;-6.9;86.2;4.4;843.8;;1480.3;;1015.8;1.1;4.6;4;16.6;4.4;15.8;;3.7;2.4;;145;;;;53;281;76;0.9;0;56;22.2;14.2
BLA;02.03.2016 00:00;-0.1;4.1;-4.4;-0.3;5.2;-5.2;87.4;5.3;836.5;;1409.9;;1007.4;1.6;13;5.8;46.8;12.7;45.7;;3.3;4.6;;67;;;;66;0;0;0.7;0;0;20.1;12.1
BLA;03.03.2016 00:00;-5;-2;-10.4;-5.2;-1.9;-13;80.9;3.4;830.9;;1359.5;;1000.9;2.4;17.8;8.6;64.1;16.3;58.7;;4.6;4.6;;41;;;;40;0;0;0.5;0;191;25;17
BLA;04.03.2016 00:00;-4.3;1.3;-12;-5;4.8;-15.1;73.9;3.4;831.5;;1364.5;;1001.6;1.2;5;4.3;18;4.8;17.3;;0.7;0.3;;105;;;;101;0;0;0.7;0;37;24.3;16.3
BLA;05.03.2016 00:00;-3.2;-1.2;-5.9;-2.8;0.9;-6.1;91.6;4.4;825.3;;1304.9;;994.4;0.9;3.8;3.2;13.7;3.5;12.6;;10.6;10.3;;38;;;;36;0;0;0.5;0;45;23.2;15.2
BLA;06.03.2016 00:00;-5.9;-2.1;-9.5;-5.2;2.7;-10.1;77.1;3;829.9;;1351;;999.7;1.2;5.1;4.3;18.4;4.8;17.3;;0;0.7;;115;;;;90;69;18;0.8;0;56;25.9;17.9
BLA;07.03.2016 00:00;-8.6;-2.8;-15.1;-9;6.1;-18.3;66;2.1;830.3;;1356.1;;1000.1;1.2;5.4;4.3;19.4;5.2;18.7;;2.7;0;;153;;;;42;319;80;0.8;0;45;28.6;20.6
BLA;08.03.2016 00:00;-7.2;-1.6;-13.9;-7;4.6;-16.6;70.3;2.5;837;;1418.7;;1008;1.3;8.9;4.7;32;8.7;31.3;;0.1;2.8;;163;;;;79;300;75;0.9;0;45;27.2;19.2
BLA;09.03.2016 00:00;-8.6;1.8;-15.9;-9.2;8.3;-18.2;57.9;1.8;835.4;;1403.5;;1006.1;1.4;5.6;5;20.2;5.5;19.8;;0;0;;158;;;;31;400;100;1.1;0;45;28.6;20.6
BLA;10.03.2016 00:00;-5.7;2.7;-11.7;-6.1;8.2;-14.3;56.3;2.2;839.1;;1437.2;;1010.4;1.3;5;4.7;18;4.9;17.6;;0;0;;166;;;;23;405;100;1.2;0;45;25.7;17.7
BLA;11.03.2016 00:00;-4.6;4.7;-11;-4.9;11.1;-13.2;61.9;2.7;843.6;;1479.4;;1015.7;1;4.5;3.6;16.2;4.3;15.5;;0;0;;169;;;;30;408;100;1.2;0;45;24.6;16.6
BLA;12.03.2016 00:00;-2.9;5.1;-7.9;-3.3;10.9;-9.9;71;3.5;845.9;;1500.1;;1018.3;1;4.4;3.6;15.8;4.3;15.5;;0;0;;172;;;;30;417;100;1.3;0;360;22.9;14.9
BLA;13.03.2016 00:00;-2.4;4.7;-8.4;-3.2;8.7;-10.9;66.1;3.3;845.6;;1497.6;;1018;1.5;5.5;5.4;19.8;5.4;19.4;;0;0;;161;;;;35;317;75;1.3;0;45;22.4;14.4
BLA;14.03.2016 00:00;-2.2;4.4;-7.1;-3.2;8.8;-10.2;62.1;3.2;847.2;;1512.9;;1019.9;1.4;5.5;5;19.8;5.4;19.4;;0;0;;179;;;;28;424;100;1.4;0;48;22.2;14.2
BLA;15.03.2016 00:00;-2.7;3.5;-8.4;-3.5;7.7;-11.3;67.3;3.4;844.1;;1483.3;;1016.2;1.3;8.2;4.7;29.5;7.8;28.1;;0.5;0;;134;;;;89;177;41;1.1;0;53;22.7;14.7
BLA;16.03.2016 00:00;-1.3;1.3;-3.8;-1.8;3.1;-5.6;59.3;3.2;842.2;;1465;;1014;1.9;12.2;6.8;43.9;11.9;42.8;;0;0.5;;129;;;;111;102;24;1.3;0;243;21.3;13.3
BLA;17.03.2016 00:00;-2.2;4.6;-7.4;-3.5;8.9;-11;59.7;3;848.7;;1526.3;;1021.5;1.3;5.3;4.7;19.1;5;18;;0;0;;187;;;;27;432;100;1.5;0;49;22.2;14.2
BLA;18.03.2016 00:00;-1.5;6.2;-7.3;-3;9.8;-10.9;52.9;2.8;845.7;;1498;;1018.1;1.2;5.2;4.3;18.7;4.9;17.6;;0;0;;194;;;;25;436;100;1.6;0;45;21.5;13.5
BLA;19.03.2016 00:00;-0.9;7.6;-6.9;-2.4;10.2;-10.6;48.3;2.6;844.6;;1488.1;;1016.8;1.2;5.8;4.3;20.9;5.4;19.4;;0;0;;200;;;;24;439;99;1.7;0;45;20.9;12.9
BLA;20.03.2016 00:00;-0.2;7.1;-6.5;-1.5;11.6;-9.4;51;3;843.5;;1477.2;;1015.5;1.3;5.8;4.7;20.9;5.2;18.7;;0;0;;195;;;;37;443;100;1.7;0;45;20.2;12.2
BLA;21.03.2016 00:00;-0.6;6.5;-6;-1.4;10.7;-8.5;57.5;3.3;841.7;;1460;;1013.4;1.3;6.1;4.7;22;5.6;20.2;;0;0;;199;;;;26;450;100;1.7;0;42;20.6;12.6
BLA;22.03.2016 00:00;-0.8;7.1;-6.3;-1.5;11.1;-9.1;57.8;3.2;836;;1405.6;;1006.8;1.1;4.7;4;16.9;4.6;16.6;;0;0;;206;;;;29;459;100;1.7;0;45;20.8;12.8
BLA;23.03.2016 00:00;-2.2;2.9;-7;-2.8;6.8;-9.3;61.7;3.1;832.4;;1372;;1002.6;2.2;13;7.9;46.8;12.5;45;;0;0;;181;;;;64;333;72;1.5;0;45;22.2;14.2
BLA;24.03.2016 00:00;-2.1;7;-8.7;-2.8;10.6;-11;58.8;3;839.9;;1443.9;;1011.4;1.3;6;4.7;21.6;5.9;21.2;;0;0;;215;;;;33;467;99;1.8;0;51;22.1;14.1
BLA;25.03.2016 00:00;-0.5;1.9;-4.7;-0.9;3.7;-7.3;86.5;5.2;843.8;;1480.6;;1015.9;1;4.8;3.6;17.3;4.7;16.9;;8.4;8.4;;66;;;;65;0;0;0.7;0;360;20.5;12.5
BLA;26.03.2016 00:00;1.4;8.4;-4.6;0.5;11.8;-8.1;62.2;3.9;846;;1500.4;;1018.4;1.4;5.6;5;20.2;5.4;19.4;;0;0;;231;;;;29;499;100;2;0;41;18.6;10.6
BLA;27.03.2016 00:00;0.5;6.3;-5;-0.9;7.5;-7.3;71.7;4.5;842.5;;1467.9;;1014.4;1.4;7.6;5;27.4;7.3;26.3;;2;2;;127;;;;104;60;12;1.3;0;180;19.5;11.5
BLA;28.03.2016 00:00;0.9;6.4;-6.1;-0.3;8.5;-9.2;64.9;4.2;840.4;;1447.1;;1011.9;1.5;11.4;5.4;41;10.7;38.5;;2.6;1;;129;;;;125;1;0;1.4;0;23;19.1;11.1
BLA;29.03.2016 00:00;2.5;7.9;-0.1;2.3;9.3;-0.5;79.9;5.6;843.5;;1476.2;;1015.5;1.7;10.4;6.1;37.4;10.2;36.7;;2.5;4.1;;157;;;;128;62;12;1.7;0;90;17.5;9.5
BLA;30.03.2016 00:00;4;8.9;0.8;3.4;11.1;-0.7;78.1;6.2;844;;1480.8;;1016.1;1.2;4.7;4.3;16.9;4.5;16.2;;0;0;;182;;;;122;179;34;1.8;0;45;16;8
BLA;31.03.2016 00:00;4;9.3;0.1;2.9;9.9;-1.5;70.5;5.7;841.6;;1458.2;;1013.4;1.2;5.8;4.3;20.9;5.1;18.4;;0;0;;126;;;;87;105;20;1.6;0;59;16;8
BLA;01.04.2016 00:00;4.9;10.3;1.8;4.4;12.7;0.4;72.1;6.2;843;;1471.2;;1014.9;1.1;4.3;4;15.5;4.2;15.1;;0;0;;187;;;;118;277;52;2;0;56;15.1;7.1
BLA;02.04.2016 00:00;6.4;13;1.7;5.1;12.9;0.4;61.9;5.7;845.9;;1498.9;;1018.3;1.8;16.6;6.5;59.8;14.7;52.9;;0;0;;163;;;;140;30;6;2.2;0;90;13.6;5.6
BLA;03.04.2016 00:00;5.5;10.1;2.2;4.2;10.4;0;65.7;5.8;844.2;;1483.1;;1016.4;1.5;8.1;5.4;29.2;7.7;27.7;;0;0;;125;;;;117;8;1;1.8;0;63;14.5;6.5
BLA;04.04.2016 00:00;5.6;11.5;2.2;4.7;14.8;0.8;66.6;5.9;839.7;;1438.6;;1011.1;1.9;11.4;6.8;41;11;39.6;;0;0;;199;;;;104;228;41;2.4;0;58;14.4;6.4
BLA;05.04.2016 00:00;5.3;11.8;2.3;4.1;10.9;1.4;73.3;6.4;839.5;;1437;;1010.9;1.5;11.5;5.4;41.4;10.1;36.4;;2.2;0.9;;83;;;;80;0;0;1.6;0;59;14.7;6.7
BLA;06.04.2016 00:00;3.2;6;1.8;2.9;7.6;1.2;94.4;7.3;843.1;;1472.2;;1015;1.1;6.3;4;22.7;6;21.6;;5.3;6.6;;103;;;;99;4;1;1.2;0;56;16.8;8.8
BLA;07.04.2016 00:00;3.5;8.6;-1.1;3.8;12.7;-2.5;76.4;5.8;839.6;;1438.2;;1010.9;1.4;6.4;5;23;5.8;20.9;;0.2;0;;222;;;;82;345;61;2.1;0;198;16.5;8.5
BLA;08.04.2016 00:00;-0.1;1.7;-1.6;0.2;4.2;-2.2;95.5;5.8;835.7;;1402.7;;1006.5;1.4;5.4;5;19.4;5.2;18.7;;11.3;11.3;;83;;;;82;0;0;0.9;0;225;20.1;12.1
BLA;09.04.2016 00:00;-0.7;1.7;-5.4;-0.2;5.2;-7.1;92.8;5.4;835.1;;1397.7;;1005.8;1;5.4;3.6;19.4;5.3;19.1;;0;0.2;;128;;;;124;4;1;1;0;225;20.7;12.7
BLA;10.04.2016 00:00;3.2;9.3;-1;4.1;13.4;-1.2;68.3;5;838.9;;1431.8;;1010.2;1.2;6.2;4.3;22.3;5.7;20.5;;0;0;;271;;;;52;566;100;2.5;0;54;16.8;8.8
BLA;11.04.2016 00:00;4.7;10.9;-0.5;4.5;14.8;-2.3;61.8;5.1;840.4;;1446;;1011.9;1.3;7.1;4.7;25.6;6.8;24.5;;0;0;;238;;;;86;367;63;2.5;0;63;15.3;7.3
BLA;12.04.2016 00:00;4.5;10;-0.4;4.6;14.2;-1.7;65.3;5.3;840.9;;1450.5;;1012.5;1.3;5.6;4.7;20.2;5.3;19.1;;0;0;;231;;;;93;370;63;2.4;0;49;15.5;7.5
BLA;13.04.2016 00:00;3.5;8.9;-0.3;2.9;12.4;-1.9;77.2;6;838.6;;1429.5;;1009.9;1.6;15.7;5.8;56.5;15.5;55.8;;4.1;2.9;;134;;;;104;75;13;1.7;0;153;16.5;8.5
BLA;14.04.2016 00:00;3.9;8.5;0.7;4.6;13.8;0.2;69.4;5.3;841.5;;1457.2;;1013.2;1.5;6.9;5.4;24.8;6.2;22.3;;0;1.2;;285;;;;98;446;76;2.7;0;42;16.1;8.1
BLA;15.04.2016 00:00;4.1;7.3;1;3.5;9;-0.5;74.6;6.1;840.7;;1449.5;;1012.3;1.1;5.7;4;20.5;5.5;19.8;;1;1;;98;;;;96;0;0;1.3;0;49;15.9;7.9
BLA;16.04.2016 00:00;5.1;11;0.9;4.9;15.1;-0.4;74.1;6.4;838.4;;1426.3;;1009.6;1.3;5.4;4.7;19.4;5.1;18.4;;6.4;2.6;;178;;;;102;211;36;2.1;0;68;14.9;6.9
BLA;17.04.2016 00:00;3.7;7;1.6;3;7.1;0.9;89.4;7.1;839.6;;1438.4;;1011;1.3;5.5;4.7;19.8;5.1;18.4;;5.2;8.9;;87;;;;85;1;0;1.2;0;63;16.3;8.3
BLA;18.04.2016 00:00;1.4;3.9;-1.6;1.6;10;-2.5;84.5;5.7;844.3;;1484.1;;1016.4;1.8;9.6;6.5;34.6;9;32.4;;0.4;0.5;;126;;;;110;23;4;1.3;0;180;18.6;10.6
BLA;19.04.2016 00:00;2.3;10.1;-4.7;3.1;14.2;-6;59.3;4;850.1;;1539.9;;1023.2;1.3;5.4;4.7;19.4;5.3;19.1;;0;0;;307;;;;32;594;99;2.8;0;49;17.7;9.7
BLA;20.04.2016 00:00;6.1;14.9;-1.8;4.9;15.4;-4.4;40;3.3;851.7;;1555;;1025;1.5;6.3;5.4;22.7;6;21.6;;0;0;;318;;;;56;601;100;3.6;0;51;13.9;5.9
BLA;21.04.2016 00:00;8;14.9;1.9;6.6;15.7;-0.6;46.8;4.7;849.9;;1537.6;;1023;1.5;6.5;5.4;23.4;6.4;23;;0;0;;265;;;;93;426;70;3.3;0;56;12;4
BLA;22.04.2016 00:00;5.7;12;1.3;4.9;16.4;-0.6;74.4;6.7;844.7;;1487.3;;1016.9;1.2;5.4;4.3;19.4;5.3;19.1;;2.6;1.4;;181;;;;88;230;38;2.2;0;180;14.3;6.3
BLA;23.04.2016 00:00;3.9;7;1.2;3.1;6.5;0.4;90.4;7.3;837.7;;1419.6;;1008.7;1.3;6.4;4.7;23;6.1;22;;4.1;5.3;;112;;;;109;0;0;1.3;0;198;16.1;8.1
BLA;24.04.2016 00:00;-0.4;2;-4.5;0.1;7.5;-5;64.9;3.8;837.1;;1415.8;;1008.1;2.2;10.5;7.9;37.8;10;36;;3.5;1.6;;253;;;;125;302;49;2;0;214;20.4;12.4
BLA;25.04.2016 00:00;-2.4;1;-5.1;-1.3;8.1;-5.2;68.1;3.4;838.8;;1433.1;;1010;1.8;7.9;6.5;28.4;7.8;28.1;;0.5;2.3;;215;;;;153;116;19;1.8;0;63;22.4;14.4
BLA;26.04.2016 00:00;0.8;4.4;-2.7;1.4;8.7;-3;67.9;4.3;835;;1395.8;;1005.7;2.3;13.4;8.3;48.2;12.4;44.6;;1.1;0.3;;153;;;;137;32;5;1.7;0;11;19.2;11.2
BLA;27.04.2016 00:00;-1.8;0.9;-6.1;-1.4;6.2;-8.3;54.3;2.9;837.3;;1419.1;;1008.4;2;9.6;7.2;34.6;9.2;33.1;;0;0.9;;223;;;;110;267;43;1.9;0;239;21.8;13.8
BLA;28.04.2016 00:00;-0.6;5.8;-7.3;0.1;11.1;-9.3;48.3;2.7;840.9;;1452.3;;1012.5;1.5;8.2;5.4;29.5;7.7;27.7;;0;0;;333;;;;38;623;100;2.8;0;56;20.6;12.6
BLA;29.04.2016 00:00;2.6;9.6;-4.3;2.6;13.4;-6.6;51.9;3.6;844.2;;1483.5;;1016.4;1.6;8.6;5.8;31;8.3;29.9;;0;0;;332;;;;43;623;96;3.2;0;135;17.4;9.4
BLA;30.04.2016 00:00;2.8;8.9;-1.5;2.7;15.7;-4.2;69.5;5;842.7;;1469.3;;1014.7;1.5;8.9;5.4;32;8.5;30.6;;8.6;4.6;;214;;;;91;300;46;2.3;0;68;17.2;9.2
BLA;01.05.2016 00:00;0.3;2.4;-1.8;1.4;9.4;-1.8;95.1;5.9;842.9;;1471.8;;1014.9;1.5;5.4;5.4;19.4;5.2;18.7;;0.6;4.5;;175;;;;162;9;1;1.5;0;222;19.7;11.7
BLA;02.05.2016 00:00;3.5;7.8;-0.7;4.7;15.6;-1.2;79.8;6.1;846.8;;1508;;1019.3;1.5;6.5;5.4;23.4;6.5;23.4;;0;0.1;;268;;;;121;321;48;2.5;0;217;16.5;8.5
BLA;03.05.2016 00:00;2.5;7.8;-0.6;2.2;11.2;-2.9;77.7;5.6;848.4;;1524;;1021.3;1.7;12.8;6.1;46.1;12;43.2;;5.2;5.2;;128;;;;113;45;7;1.7;0;72;17.5;9.5
BLA;04.05.2016 00:00;2.9;10.7;-3.8;3.9;17.8;-5.5;55.4;3.8;849.5;;1534.2;;1022.5;1.6;9.5;5.8;34.2;9.4;33.8;;0;0;;347;;;;35;668;99;3.4;0;51;17.1;9.1
BLA;05.05.2016 00:00;5.1;12.3;-2.4;6.5;19.8;-4.7;48;4;847.9;;1518.9;;1020.7;1.6;7.1;5.8;25.6;6.9;24.8;;0;0;;353;;;;36;686;100;3.7;0;49;14.9;6.9
BLA;06.05.2016 00:00;6.9;13.5;-0.1;8.4;22.4;-2.6;50.8;4.7;846.3;;1503.1;;1018.8;1.9;10.2;6.8;36.7;9.3;33.5;;0;0;;344;;;;48;688;100;3.9;0;45;13.1;5.1
BLA;07.05.2016 00:00;7.3;13.6;1.1;8.4;23.6;-1.7;55;5.3;843.2;;1473;;1015.2;1.9;10;6.8;36;9.3;33.5;;0;0;;289;;;;122;475;68;3.5;0;50;12.7;4.7
BLA;08.05.2016 00:00;8;13;2.2;8.6;22.3;-0.5;56.3;5.9;843.1;;1471;;1015;2.2;16.1;7.9;58;15.2;54.7;;0;0;;217;;;;134;241;34;3;0;74;12;4
BLA;09.05.2016 00:00;9.2;15.2;5.1;10.6;24;4.3;63.5;7.2;844.6;;1486.4;;1016.9;1.5;8.6;5.4;31;8.4;30.2;;0;0;;195;;;;147;90;13;2.9;0;90;10.8;2.8
BLA;10.05.2016 00:00;10.6;16.4;6.3;12.3;26.5;4.5;60.2;7.4;841.8;;1458;;1013.6;1.9;8.1;6.8;29.2;7.9;28.4;;0;0;;295;;;;128;413;58;3.9;0;207;9.4;1.4
BLA;11.05.2016 00:00;9.7;15.6;6;10.8;25.2;4.2;67.8;8.1;835.6;;1396.1;;1006.3;1.7;7.5;6.1;27;7;25.2;;6;2.9;;187;;;;139;115;16;2.8;0;225;10.3;2.3
BLA;12.05.2016 00:00;4.9;7.3;1.5;5.4;9.2;1.3;92.9;8.1;832.1;;1364.4;;1002.2;1.3;4.4;4.7;15.8;4.3;15.5;;46;23.5;;77;;;;75;0;0;1;0;225;15.1;7.1
BLA;13.05.2016 00:00;5.1;10.2;0.3;6.2;19.2;0;89.3;7.9;833.4;;1377;;1003.7;1.4;6.7;5;24.1;6.2;22.3;;3.6;29.1;;158;;;;139;28;4;1.8;0;360;14.9;6.9
BLA;14.05.2016 00:00;6.6;11.4;2.9;7.7;20.6;1.7;76.1;7.3;838.8;;1429.8;;1010.1;1.6;9.5;5.8;34.2;9.1;32.8;;0.5;0.6;;173;;;;147;36;5;2.3;0;360;13.4;5.4
BLA;15.05.2016 00:00;4.1;8.1;-0.5;5.7;17.2;-3.1;56.3;4.4;844.7;;1487.9;;1016.9;2.1;10.7;7.6;38.5;10.3;37.1;;0;0;;331;;;;89;533;74;3.3;0;198;15.9;7.9
BLA;16.05.2016 00:00;3.8;8.8;-1.6;5.8;18;-4;59.2;4.6;846.7;;1507.3;;1019.3;2;9.9;7.2;35.6;9.6;34.6;;0;0;;328;;;;98;512;71;3.2;0;219;16.2;8.2
BLA;17.05.2016 00:00;5.6;10.9;1.6;7.8;20.5;-1.6;56.4;4.9;846.4;;1503.8;;1018.9;1.6;9.1;5.8;32.8;8.8;31.7;;0;0;;318;;;;135;463;64;3.5;0;9;14.4;6.4
BLA;18.05.2016 00:00;7.4;14.2;-0.5;8.6;21.2;-3.3;57.9;5.8;842.9;;1469.4;;1014.8;1.5;7.3;5.4;26.3;7;25.2;;2.7;1.1;;289;;;;133;521;72;3.4;0;219;12.6;4.6
BLA;19.05.2016 00:00;4.1;7;0;4.7;13.6;-2.3;77.8;6.3;842;;1461.4;;1013.8;1.8;9.7;6.5;34.9;9.4;33.8;;0.7;2.3;;168;;;;143;45;6;1.9;0;219;15.9;7.9
BLA;20.05.2016 00:00;6.9;14.9;-1.7;8.4;21.9;-4.5;62.3;6;849.1;;1529.9;;1022;1.5;8.2;5.4;29.5;8.1;29.2;;0;0;;364;;;;49;719;100;4;0;231;13.1;5.1
BLA;21.05.2016 00:00;11.3;19.4;2.2;12.1;26.4;-1.2;52.4;6.6;849;;1528.9;;1021.9;1.5;7.1;5.4;25.6;6.4;23;;0;0;;349;;;;54;670;93;4.5;0;315;8.7;0.7
BLA;22.05.2016 00:00;11.9;18.7;5.6;12.9;26.5;2.3;61.4;8.1;844.5;;1484;;1016.7;2.2;14.7;7.9;52.9;13.5;48.6;;16.6;4.3;;310;;;;117;529;73;4.3;0;58;8.1;0.1
BLA;23.05.2016 00:00;1.5;6.5;0.1;1;6.2;0;95.7;6.5;842.8;;1470.6;;1014.8;1.2;7.3;4.3;26.3;7;25.2;;16.2;28.1;;64;;;;63;0;0;1.1;0;217;18.5;10.5
BLA;24.05.2016 00:00;4.6;9.9;0.3;5.9;18;-0.8;83.4;7;843.2;;1473.3;;1015.2;1.3;6.4;4.7;23;6.2;22.3;;0.2;0.6;;262;;;;182;216;30;2.7;0;207;15.4;7.4
BLA;25.05.2016 00:00;8.3;15.6;0.6;9.5;23.5;-2.3;68.2;7;844.5;;1485.2;;1016.7;1.2;7.9;4.3;28.4;7;25.2;;0.3;0.3;;290;;;;72;460;64;3.5;0;207;11.7;3.7
BLA;26.05.2016 00:00;11;17.3;3.5;11.8;25.9;0.8;63.2;7.9;846.8;;1507.3;;1019.4;1.3;5.9;4.7;21.2;5.7;20.5;;0;0;;260;;;;131;372;51;3.5;0;34;9;1
BLA;27.05.2016 00:00;13.6;20.7;6.3;15;29.2;3.3;61.4;9.2;847.1;;1510.2;;1019.7;1.4;6.4;5;23;6.2;22.3;;0;0;;339;;;;106;527;73;4.6;0;180;0;0
BLA;28.05.2016 00:00;13.5;19.6;7.5;14.2;27.9;5;66.6;10.1;844.3;;1482.2;;1016.5;1.5;7.5;5.4;27;6.9;24.8;;0;0;;250;;;;151;233;32;3.7;0;225;0;0
BLA;29.05.2016 00:00;8;10.1;6.2;7.9;11.4;4.2;90.2;9.7;839.8;;1439;;1011.2;1.2;5.5;4.3;19.8;5.2;18.7;;22.5;20.6;;63;;;;62;0;0;1.1;0;45;12;4
BLA;30.05.2016 00:00;8.2;11.6;5.3;9.4;17.4;3.6;84.1;9.1;840.8;;1448.3;;1012.3;1.3;6.3;4.7;22.7;6;21.6;;1.3;3.2;;144;;;;136;6;1;2;0;39;11.8;3.8
BLA;31.05.2016 00:00;8.4;13.1;4.4;9.1;18;2.4;83.8;9.1;842.3;;1463.4;;1014.1;1.1;6.3;4;22.7;5.8;20.9;;1.3;1.3;;131;;;;123;2;0;1.9;0;207;11.6;3.6
BLA;01.06.2016 00:00;9.5;15.3;4.1;12;25.4;2.1;79.9;9.3;843.6;;1475.7;;1015.6;1.8;8.3;6.5;29.9;7.9;28.4;;0.1;0;;322;;;;142;455;63;3.8;0;218;10.5;2.5
BLA;02.06.2016 00:00;8.4;11.1;6.3;9.4;18.4;5.3;89.8;9.9;842.6;;1466.8;;1014.5;1.1;4.3;4;15.5;4.2;15.1;;4.3;2.6;;122;;;;113;12;2;1.7;0;236;11.6;3.6
BLA;03.06.2016 00:00;9.3;13.2;6.8;10.5;18.3;6.4;89.5;10.4;842.5;;1465;;1014.3;1;6.7;3.6;24.1;6.5;23.4;;5.4;6.9;;130;;;;121;8;1;1.9;0;236;10.7;2.7
BLA;04.06.2016 00:00;9.9;15.4;6;11.4;25.4;4.8;83.4;10;844.1;;1480.4;;1016.2;1.3;9.4;4.7;33.8;9.3;33.5;;0.8;1.1;;199;;;;159;77;11;2.7;0;63;10.1;2.1
BLA;05.06.2016 00:00;10.8;16.9;6.3;12.7;30.4;3.5;77.3;9.8;846.8;;1507.6;;1019.4;1.4;10.1;5;36.4;9.2;33.1;;0;0;;237;;;;155;204;28;3.3;0;243;9.2;1.2
BLA;06.06.2016 00:00;12.8;19.6;4.3;15.9;31.7;1.1;70.8;10;849.6;;1534.9;;1022.6;1.5;7.1;5.4;25.6;6.5;23.4;;2.9;1.8;;384;;;;100;659;90;4.9;0;220;0;0
BLA;07.06.2016 00:00;12.3;18.4;5.9;14.1;31.1;3.3;74.6;10.3;852.4;;1562.3;;1025.9;1.5;11.2;5.4;40.3;10.5;37.8;;0.1;1.1;;298;;;;119;388;53;3.9;0;34;0;0
BLA;08.06.2016 00:00;10.5;14.9;5.9;11.2;25.3;2.6;84.2;10.6;850.1;;1539.8;;1023.2;1.3;6.3;4.7;22.7;6;21.6;;3;3.1;;147;;;;106;119;16;2.1;0;135;9.5;1.5
BLA;09.06.2016 00:00;9;14.8;3;9.4;23.2;-1.2;76.1;8.6;846.4;;1504;;1019;1.6;12.2;5.8;43.9;10.8;38.9;;2.8;2.8;;191;;;;101;233;32;2.6;0;30;11;3
BLA;10.06.2016 00:00;11.4;19;1.7;13.6;31;-2;61;7.8;843.8;;1477.9;;1015.9;1.5;7.7;5.4;27.7;7.4;26.6;;4.2;0;;364;;;;61;627;85;4.6;0;225;8.6;0.6
BLA;11.06.2016 00:00;9.2;13.5;4.7;10.1;22.1;2;87.4;10.1;843.9;;1479;;1016;1.3;6.9;4.7;24.8;6.4;23;;3.7;7.9;;130;;;;114;17;2;1.9;0;45;10.8;2.8
BLA;12.06.2016 00:00;9.3;13.8;5.3;11;23.3;3;81.6;9.4;843.3;;1472.7;;1015.2;1.2;6;4.3;21.6;5.9;21.2;;3.7;2.3;;202;;;;146;143;19;2.7;0;214;10.7;2.7
BLA;13.06.2016 00:00;8.8;13.1;6.2;9.9;19.8;5.6;89;10;839.2;;1432.5;;1010.5;1.1;5.6;4;20.2;5.3;19.1;;6.5;7.2;;109;;;;104;3;0;1.7;0;45;11.2;3.2
BLA;14.06.2016 00:00;9.2;14.8;3.3;10.9;27.4;0.4;84;9.6;835.8;;1398.8;;1006.6;1.5;7.7;5.4;27.7;7.3;26.3;;1.3;2;;205;;;;147;116;16;2.7;0;219;10.8;2.8
BLA;15.06.2016 00:00;9.2;14.6;2.5;10.4;29.7;-0.6;70.7;7.9;835.3;;1393.9;;1006;1.4;8.7;5;31.3;8.2;29.5;;3.3;0;;218;;;;129;159;22;2.9;0;0;10.8;2.8
BLA;16.06.2016 00:00;8.1;12.8;5.4;8.3;16.2;5.1;93.8;10.1;835.3;;1394.4;;1006;1.6;6.7;5.8;24.1;6.3;22.7;;15.8;16.5;;76;;;;72;1;0;1.4;0;214;11.9;3.9
BLA;17.06.2016 00:00;8.5;14.9;4.2;9.9;22.9;2.8;77.9;8.4;842.7;;1467.6;;1014.6;1.4;7.9;5;28.4;7.7;27.7;;0;2.6;;256;;;;128;282;38;3.3;0;219;11.5;3.5
BLA;18.06.2016 00:00;8.6;14;5.6;9.6;22.4;4.3;80.9;8.9;848.1;;1520.4;;1020.9;1.4;7.5;5;27;7.2;25.9;;2.1;2;;187;;;;131;154;21;2.6;0;211;11.4;3.4
BLA;19.06.2016 00:00;8.6;14.4;2.6;10.8;26.1;-0.6;75.3;8.1;850.1;;1540;;1023.2;1.6;9.4;5.8;33.8;8.9;32;;0;0.1;;354;;;;158;446;60;4;0;288;11.4;3.4
BLA;20.06.2016 00:00;10.8;17.4;1.9;13;24.1;-1;69.4;8.7;851.4;;1552.8;;1024.8;1.7;7.2;6.1;25.9;6.9;24.8;;2.5;0;;373;;;;67;683;92;4.4;0;236;9.2;1.2
BLA;21.06.2016 00:00;11;15.1;7.8;11.2;16.4;4.7;93;12.3;854.4;;1581.7;;1028.2;1;4.9;3.6;17.6;4.7;16.9;;4;6.5;;104;;;;99;6;1;1.7;0;34;9;1
BLA;22.06.2016 00:00;15.8;25.2;6.5;16.7;32.6;3.4;67.3;11.1;855.4;;1592.5;;1029.3;1.3;6.2;4.7;22.3;5.9;21.2;;0;0;;376;;;;36;740;100;5.4;0;31;0;0
BLA;23.06.2016 00:00;17.5;27;8.8;17.5;34;3.2;51.4;9.2;854.7;;1586.1;;1028.6;1.3;5.8;4.7;20.9;5.7;20.5;;0;0;;381;;;;34;739;100;5.8;0;41;0;0
BLA;24.06.2016 00:00;16.9;25.6;8.4;16.8;33.2;2.1;55.3;10.3;851.7;;1555.3;;1025;1.2;4.7;4.3;16.9;4.5;16.2;;5.3;0;;343;;;;54;641;87;5.2;0;63;0;0
BLA;25.06.2016 00:00;12.8;18.1;9.8;13;23.9;7.3;88.4;13;848.3;;1521.6;;1021.1;1.3;8.9;4.7;32;8.6;31;;14.4;19.7;;123;;;;71;122;17;2.1;0;0;0;0
BLA;26.06.2016 00:00;11.9;17.7;6;13.3;25.5;2.8;82;11.3;848.3;;1521.6;;1021.1;1.7;8.3;6.1;29.9;7.6;27.4;;0;0;;227;;;;142;188;25;3.1;0;218;8.1;0.1
BLA;27.06.2016 00:00;10.7;16.8;3.8;12;25.6;0.2;65.4;7.9;850.6;;1544.3;;1023.7;1.8;10.1;6.5;36.4;10;36;;0;0;;375;;;;52;724;98;4.6;0;90;9.3;1.3
BLA;28.06.2016 00:00;12.6;21;3.5;13;28.6;-0.4;68.6;9.6;849.8;;1536.8;;1022.9;1.4;7.9;5;28.4;7.8;28.1;;0;0;;328;;;;60;579;79;4.4;0;214;0;0
BLA;29.06.2016 00:00;14.9;22.6;7.4;15.3;30.9;4.4;65.3;10.6;848.1;;1519.9;;1020.9;1.5;10.3;5.4;37.1;9.7;34.9;;8.5;0.1;;316;;;;92;510;69;4.6;0;236;0;0
BLA;30.06.2016 00:00;14;21.4;8.6;14.8;29.4;4.7;78.3;12.2;848.8;;1526.8;;1021.7;1.6;9.3;5.8;33.5;8.9;32;;0;8.4;;264;;;;136;287;39;4;0;233;0;0
BLA;01.07.2016 00:00;14.7;22.2;6.7;15.6;30;2.7;67.5;10.7;850.2;;1541.2;;1023.4;1.5;8;5.4;28.8;7.7;27.7;;0;0;;351;;;;71;625;85;4.9;0;225;0;0
BLA;02.07.2016 00:00;12.4;17.5;6.6;11.6;22.1;3;85;12.2;849.5;;1533.6;;1022.5;1.2;8.2;4.3;29.5;7.8;28.1;;2.9;2.9;;86;;;;76;16;2;1.6;0;53;0;0
BLA;03.07.2016 00:00;11.6;19.8;4.1;12.7;29;0.6;76.2;10.1;850.9;;1548.1;;1024.2;1.6;7.3;5.8;26.3;6.9;24.8;;0;0;;362;;;;72;651;89;4.6;0;225;8.4;0.4
BLA;04.07.2016 00:00;13.8;22.8;5.2;14.3;29.6;0.8;67.5;10.1;851.3;;1551.6;;1024.6;1.5;8.3;5.4;29.9;7.5;27;;0;0;;372;;;;34;734;100;5.1;0;225;0;0
BLA;05.07.2016 00:00;13.4;21.3;7.1;13.8;34.5;2.4;71.3;10.7;850.3;;1541.5;;1023.4;1.4;8.2;5;29.5;7.6;27.4;;2.3;2.3;;211;;;;130;263;36;3.4;0;45;0;0
BLA;06.07.2016 00:00;13;20.9;5.1;15.4;33;1.2;62.7;9;850.9;;1547.2;;1024.1;1.6;10.2;5.8;36.7;9.3;33.5;;0;0;;362;;;;62;708;97;4.9;0;360;0;0
BLA;07.07.2016 00:00;14.4;23.9;4.3;15.7;31.4;-0.3;53.9;8.2;851.5;;1553.9;;1024.9;1.4;8;5;28.8;7.8;28.1;;0;0;;372;;;;54;729;100;5.2;0;225;0;0
BLA;08.07.2016 00:00;16.4;23.2;8.3;16.7;33.5;5;56.1;9.8;852.3;;1562.1;;1025.8;1.4;9.2;5;33.1;8.8;31.7;;0;0;;225;;;;152;183;25;3.8;0;180;0;0
BLA;09.07.2016 00:00;16.8;24.5;9.3;18.4;33.5;6.4;60.3;10.8;852.8;;1566.9;;1026.4;1.3;8.9;4.7;32;8.6;31;;0;0;;356;;;;52;690;95;5.3;0;360;0;0
BLA;10.07.2016 00:00;18.3;26.6;9.8;19.2;34.4;6.4;63.6;12.7;850.2;;1540.8;;1023.3;1.4;6.7;5;24.1;6.6;23.8;;0;0;;313;;;;76;556;76;5;0;214;0;0
BLA;11.07.2016 00:00;17.7;25.8;11.8;18.8;33.2;9.1;72.2;14;848.9;;1527.2;;1021.8;1.5;17;5.4;61.2;16.2;58.3;;10.3;3.2;;256;;;;129;417;57;4.3;0;217;0;0
BLA;12.07.2016 00:00;12.8;15.6;10.4;13.4;20.1;10.3;93.7;13.8;846.9;;1508.5;;1019.5;1.4;7;5;25.2;6.8;24.5;;13.4;20.5;;99;;;;72;104;14;1.6;0;225;0;0
BLA;13.07.2016 00:00;9.5;14.3;4;10.8;22.1;3.7;79;9.3;845.3;;1493;;1017.7;2;14.5;7.2;52.2;14.3;51.5;;3.4;2.5;;206;;;;120;182;25;2.7;0;207;10.5;2.5
BLA;14.07.2016 00:00;6.8;11.8;3.4;8.8;22.7;1.6;75;7.2;847.9;;1518.6;;1020.7;1.8;13.4;6.5;48.2;12.5;45;;0.2;1.1;;273;;;;170;233;32;3.2;0;0;13.2;5.2
BLA;15.07.2016 00:00;7.5;13.5;1.9;9.5;23.9;-1.1;65.1;6.3;852.1;;1558.8;;1025.5;2;13.5;7.2;48.6;12.7;45.7;;0;0;;332;;;;82;546;75;3.8;0;14;12.5;4.5
BLA;16.07.2016 00:00;9.9;19.7;1;11.3;26.2;-1.9;63.8;7.3;852.8;;1566.5;;1026.4;1.6;7.2;5.8;25.9;6.8;24.5;;0;0;;350;;;;35;725;100;4.5;0;233;10.1;2.1
BLA;17.07.2016 00:00;13.9;22.4;5;15.1;30.1;2;60;8.7;853.5;;1573.8;;1027.2;1.8;11.1;6.5;40;10.5;37.8;;0;0;;361;;;;32;724;100;5;0;360;0;0
BLA;18.07.2016 00:00;15.9;23.5;7.4;17.1;31.5;3.5;54.1;9;854.4;;1582.4;;1028.2;1.5;10.5;5.4;37.8;10.1;36.4;;0;0;;361;;;;36;722;100;5.2;0;32;0;0
BLA;19.07.2016 00:00;17.1;25.7;8.7;17.8;33.1;4.2;52.6;9.4;853.5;;1574;;1027.2;1.2;7.1;4.3;25.6;6.9;24.8;;0;0;;361;;;;33;723;100;5.3;0;45;0;0
BLA;20.07.2016 00:00;18.5;26.4;9.7;19.3;33.5;4.9;46.7;8.9;851.8;;1557.3;;1025.2;1.4;9.3;5;33.5;8.6;31;;1.9;0;;362;;;;35;721;100;5.6;0.2;135;0;0
BLA;21.07.2016 00:00;16;21.8;12.1;16;27.4;10.7;75.2;13.6;850.4;;1542.7;;1023.5;1.1;5.7;4;20.5;5.4;19.4;;1.7;3.6;;146;;;;104;116;16;2.7;0;45;0;0
BLA;22.07.2016 00:00;13.8;19.6;9.8;14.3;29.3;8;85.8;13.4;849.1;;1529.9;;1022;1.3;7.6;4.7;27.4;6.9;24.8;;8.4;8.4;;152;;;;105;100;14;2.5;0;0;0;0
BLA;23.07.2016 00:00;13.3;18.5;9.4;13.7;24.4;8.1;87.9;13.3;850;;1539;;1023.1;1.2;5.9;4.3;21.2;5.8;20.9;;0.6;0.6;;153;;;;129;39;5;2.4;0;225;0;0
BLA;24.07.2016 00:00;13.9;21.5;9;15.6;30;6.6;81.3;12.7;851.2;;1550.2;;1024.4;1.4;6.9;5;24.8;6.6;23.8;;1.8;1.8;;281;;;;74;517;72;4;0;207;0;0
BLA;25.07.2016 00:00;15;22;8.4;16.1;29;6.3;76.7;12.7;851.4;;1552.2;;1024.7;1.3;6.2;4.7;22.3;6.1;22;;0;0;;283;;;;100;483;67;4;0;214;0;0
BLA;26.07.2016 00:00;15.7;22.7;10.1;17.1;29.9;7.6;74.1;12.8;851.4;;1552.9;;1024.7;1.5;8.4;5.4;30.2;7.8;28.1;;0;0;;324;;;;111;529;74;4.6;0;225;0;0
BLA;27.07.2016 00:00;13.8;21.9;7.1;14.4;28.9;5.2;76.4;11.7;850.5;;1544.1;;1023.7;1.7;12.1;6.1;43.6;11.4;41;;3.6;3.6;;243;;;;90;389;55;3.7;0;135;0;0
BLA;28.07.2016 00:00;13;20.7;5.8;13.7;27.8;3.5;76.5;11;850;;1539.2;;1023.1;1.3;7.4;4.7;26.6;7.1;25.6;;0;0;;284;;;;95;465;65;3.8;0;198;0;0
BLA;29.07.2016 00:00;14.9;23.1;7.7;15.5;30.1;5.2;71.3;11.5;849.5;;1533.3;;1022.4;1.3;7;4.7;25.2;6.8;24.5;;0;0;;281;;;;84;414;58;4.1;0;207;0;0
BLA;30.07.2016 00:00;15.2;24.5;8.8;15.2;30.2;5.6;66.8;10.9;849.8;;1536.9;;1022.9;1.5;9.7;5.4;34.9;9.1;32.8;;5.5;0.4;;239;;;;67;413;58;4;0;90;0;0
BLA;31.07.2016 00:00;12.6;19.5;8.9;12.7;26.5;7.6;89.5;12.9;848.6;;1524.7;;1021.4;1.2;6.8;4.3;24.5;6.6;23.8;;5.4;10.5;;108;;;;79;52;7;2;0;53;0;0
BLA;01.08.2016 00:00;12.8;19.3;6.7;14.4;25.9;4.3;75.9;10.7;849.6;;1534.7;;1022.6;1.6;7.5;5.8;27;7.1;25.6;;0;0;;346;;;;82;576;82;4.4;0;233;0;0
BLA;02.08.2016 00:00;11.8;16.6;6.7;11.8;22.5;4.1;83.1;11.5;851.8;;1556.4;;1025.1;1;5.2;3.6;18.7;4.9;17.6;;0.1;0.1;;104;;;;98;2;0;1.7;0;90;8.2;0.2
BLA;03.08.2016 00:00;15.1;23.5;7.4;15.7;30.1;5.1;68.8;11.2;850.2;;1540.3;;1023.3;1.3;8.6;4.7;31;7.9;28.4;;0;0;;282;;;;98;553;80;4.1;0;214;0;0
BLA;04.08.2016 00:00;15.2;24.5;7;15.6;31;2.8;64.9;10.6;847.3;;1512;;1020;1.2;6.3;4.3;22.7;6.1;22;;12.9;11.4;;266;;;;60;471;68;4;0;153;0;0
BLA;05.08.2016 00:00;9.6;12.6;6.6;9.5;15.3;5.8;88.1;10.5;848.9;;1527.6;;1021.8;1.5;8;5.4;28.8;7.3;26.3;;1.4;2.9;;95;;;;89;5;1;1.5;0;211;10.4;2.4
BLA;06.08.2016 00:00;10.6;17.9;3.6;12.1;24.1;1.4;74.8;9.2;854.8;;1585.9;;1028.7;1.7;10.7;6.1;38.5;10.1;36.4;;0;0;;334;;;;47;676;100;4;0;225;9.4;1.4
BLA;07.08.2016 00:00;12.4;20.4;4.7;13.4;26.8;1.8;75.5;10.5;856.5;;1602.3;;1030.6;1.4;7.5;5;27;7.1;25.6;;0;0;;325;;;;31;681;100;4.1;0;217;0;0
BLA;08.08.2016 00:00;14.8;23.2;7.2;15.4;29.8;4.2;69.5;10.9;854;;1578.7;;1027.8;1.4;11.1;5;40;10;36;;0;0;;317;;;;45;652;98;4.4;0;63;0;0
BLA;09.08.2016 00:00;11.8;17.4;7.2;11.6;21.8;6.7;82.2;11.2;850.3;;1542.3;;1023.5;1.3;7.5;4.7;27;7.1;25.6;;9.5;9.5;;105;;;;94;14;2;1.9;0;56;8.2;0.2
BLA;10.08.2016 00:00;8.2;13.1;3.7;8.7;21.2;1.2;74.2;7.7;848.6;;1525.6;;1021.5;1.8;9.7;6.5;34.9;9.1;32.8;;0;0;;202;;;;110;222;34;2.6;0;153;11.8;3.8
BLA;11.08.2016 00:00;8.6;15;1.4;10.4;23.3;-1.2;65.5;7;851.9;;1557.1;;1025.3;1.7;9.2;6.1;33.1;8.9;32;;0;0;;326;;;;45;647;100;3.6;0;180;11.4;3.4
BLA;12.08.2016 00:00;11.7;19.7;7.1;12.9;26.3;4.5;72.4;9.6;855.6;;1594.1;;1029.6;1.3;7.9;4.7;28.4;7.7;27.7;;0;0;;254;;;;73;419;66;3.5;0;243;8.3;0.3
BLA;13.08.2016 00:00;14;23;6.3;14.5;28.6;2.8;72.8;11.2;855.8;;1595.7;;1029.8;1.3;6.6;4.7;23.8;6.5;23.4;;0;0;;304;;;;32;637;100;4.1;0;214;0;0
BLA;14.08.2016 00:00;15.9;24.2;8.1;16.3;30.4;5;69;11.8;854.6;;1584.9;;1028.5;1.3;8.9;4.7;32;8.2;29.5;;0;0;;310;;;;49;591;95;4.3;0;194;0;0
BLA;15.08.2016 00:00;15.6;23.1;9.1;15.8;30.8;5.5;67;11.3;852.4;;1562.9;;1025.9;1.3;10.3;4.7;37.1;8.9;32;;0;0;;264;;;;77;493;79;3.9;0;63;0;0
BLA;16.08.2016 00:00;13.6;22.6;8.4;13.6;30.5;5.1;72.4;10.6;849.7;;1535.4;;1022.7;1.4;14.2;5;51.1;13;46.8;;1.9;1.9;;224;;;;53;374;60;3.5;0;59;0;0
BLA;17.08.2016 00:00;14;21.3;8.6;14.1;29.4;6.3;69;10.5;846.2;;1501.2;;1018.7;1.6;8.9;5.8;32;8.5;30.6;;1;0.5;;228;;;;101;330;54;3.5;0;90;0;0
BLA;18.08.2016 00:00;11.6;17.5;7.6;11.3;22.8;5.2;88.4;11.9;845.4;;1493.3;;1017.7;1.3;7.3;4.7;26.3;7;25.2;;7.5;7.1;;82;;;;60;67;11;1.6;0;58;8.4;0.4
BLA;19.08.2016 00:00;14.3;22;8.3;15.5;28.8;6.6;74.8;11.6;845.7;;1495.5;;1018.1;1.2;6.2;4.3;22.3;6;21.6;;0;0.9;;277;;;;75;535;88;3.8;0;180;0;0
BLA;20.08.2016 00:00;12.8;16.4;8.1;12.2;17.7;5.4;84.6;12.5;848.8;;1526.9;;1021.7;1;4.6;3.6;16.6;4.3;15.5;;1.9;1.9;;58;;;;56;0;0;1.2;0;72;0;0
BLA;21.08.2016 00:00;10.8;16.6;4.3;11.7;25.7;0.5;72.3;9;851.7;;1555.1;;1025;1.6;12.4;5.8;44.6;11.6;41.8;;0;0;;270;;;;59;525;87;3.2;0;202;9.2;1.2
BLA;22.08.2016 00:00;10.2;20.7;1.7;10.7;27.5;-1.1;71.7;8.6;856.3;;1600.6;;1030.4;1.5;8.3;5.4;29.9;8;28.8;;0;0;;286;;;;28;600;100;3.6;0;225;9.8;1.8
BLA;23.08.2016 00:00;14.9;24;6.7;15.2;30.5;3.3;67.7;10.9;856.7;;1605;;1030.9;1.2;5.9;4.3;21.2;5.7;20.5;;0;0;;279;;;;27;593;100;3.8;0;225;0;0
BLA;24.08.2016 00:00;16.8;26.6;8.9;16.8;32.5;4.9;57.2;10.3;854.5;;1584.2;;1028.4;1.2;5.7;4.3;20.5;5.1;18.4;;0;0;;282;;;;27;592;100;4.2;0;0;0;0
BLA;25.08.2016 00:00;17.7;27.1;10.2;17.7;32.6;6.7;61.4;11.8;852.6;;1564.4;;1026.1;1.3;7;4.7;25.2;6.7;24.1;;0;0;;273;;;;29;585;99;4.2;0;180;0;0
BLA;26.08.2016 00:00;18.3;26.6;10.8;18.7;32.2;7.9;66.4;13.3;852.8;;1566.6;;1026.3;1.3;7.1;4.7;25.6;6.8;24.5;;0;0;;276;;;;41;577;98;4.1;0;207;0;0
BLA;27.08.2016 00:00;18.1;26.6;11.5;18.5;32.6;8.6;63.5;12.3;853.1;;1570.3;;1026.7;1.5;7.8;5.4;28.1;7.4;26.6;;0.8;0.8;;265;;;;44;521;89;4.1;0;194;0;0
BLA;28.08.2016 00:00;15.9;24.4;8.3;16.1;32.6;5.6;67.2;11.5;852.9;;1567.5;;1026.4;1.3;8.5;4.7;30.6;8.2;29.5;;0;0;;241;;;;65;431;74;3.5;0;180;0;0
BLA;29.08.2016 00:00;14.6;22;8.9;14.6;28.6;6.1;70;11.4;851.2;;1551;;1024.5;1.4;9.3;5;33.5;8.6;31;;0;0;;201;;;;100;323;56;3;0;225;0;0
BLA;30.08.2016 00:00;13.7;22.2;7.6;14;29.8;5.3;73.2;11;851.8;;1556.2;;1025.1;1.5;8.3;5.4;29.9;8.1;29.2;;0;0;;209;;;;76;361;64;3.1;0;194;0;0
BLA;31.08.2016 00:00;14;20.1;8.6;13.9;28.7;6;73.7;11.5;853.1;;1569.3;;1026.7;1.2;6.2;4.3;22.3;5.9;21.2;;0;0;;150;;;;95;157;28;2.3;0;135;0;0
BLA;01.09.2016 00:00;14.4;22.3;8.2;15;28.9;5.6;70.5;11;854;;1578.8;;1027.8;1.3;8.1;4.7;29.2;7.5;27;;0;0;;262;;;;56;522;93;3.5;0;207;0;0
BLA;02.09.2016 00:00;13.9;22.8;6.9;13.7;27.7;3.5;68;10.2;853.1;;1569.6;;1026.7;1.4;7.8;5;28.1;7.5;27;;0;0;;240;;;;47;538;96;3.4;0;194;0;0
BLA;03.09.2016 00:00;13.9;22.8;6.9;13.4;28.2;3.7;64.9;9.8;852.5;;1563.3;;1026;1.4;7.7;5;27.7;7.4;26.6;;0;0;;220;;;;76;410;73;3.2;0;194;0;0
BLA;04.09.2016 00:00;12.7;20.8;7.1;12.2;26;3.6;71.1;10;851.9;;1557.3;;1025.3;1.2;10.4;4.3;37.4;10;36;;34.7;23.9;;119;;;;92;91;16;2.2;0;180;0;0
BLA;05.09.2016 00:00;10.6;15.4;6;10.6;18.1;3.7;92.3;11.8;851.4;;1553;;1024.8;1.3;6.1;4.7;22;5.4;19.4;;20.4;31.2;;95;;;;88;0;0;1.4;0;45;9.4;1.4
BLA;06.09.2016 00:00;9.9;17.7;3;10.4;23.7;0.4;82;9.9;852.4;;1562.7;;1025.9;1.5;6.6;5.4;23.8;6.2;22.3;;0;0;;246;;;;25;539;98;2.7;0;180;10.1;2.1
BLA;07.09.2016 00:00;12.3;21.8;5;12;27.3;1.9;69.7;9.4;850.4;;1542.3;;1023.5;1.4;6.6;5;23.8;6.4;23;;0;0;;240;;;;24;533;98;3.2;0;198;0;0
BLA;08.09.2016 00:00;13.3;22;6.8;13.3;28.4;4.1;70.5;10.3;849;;1528.8;;1021.9;1.6;10.5;5.8;37.8;9.5;34.2;;0;0;;237;;;;36;516;96;3.2;0;56;0;0
BLA;09.09.2016 00:00;13.2;22;7.1;13.2;27.2;4.3;72.4;10.5;849.5;;1533.7;;1022.5;1.3;6.2;4.7;22.3;6;21.6;;0;0;;229;;;;32;507;96;3;0;180;0;0
BLA;10.09.2016 00:00;13.2;20;8.3;12.6;24.5;5.2;73.9;11;849.8;;1537;;1022.9;1;6;3.6;21.6;5.6;20.2;;0;0;;140;;;;55;255;49;2.1;0;90;0;0
BLA;11.09.2016 00:00;13;21.4;7.1;12.7;29.7;4.8;73.5;10.7;850.9;;1547.7;;1024.1;1.2;5.4;4.3;19.4;5;18;;0;0;;157;;;;62;296;57;2.4;0;59;0;0
BLA;12.09.2016 00:00;13.4;21.3;8;12.8;26;5.8;74.6;11.2;851.9;;1557.3;;1025.3;0.9;5.7;3.2;20.5;5.4;19.4;;0;0;;139;;;;77;205;40;2.1;0;90;0;0
BLA;13.09.2016 00:00;12.5;21.3;7.2;11.8;27.9;4.1;69.7;9.8;849.3;;1532.3;;1022.3;1.1;4.8;4;17.3;4.4;15.8;;0;0;;156;;;;41;342;67;2.3;0;79;0;0
BLA;14.09.2016 00:00;12.9;21.4;6.1;12.7;28.4;3.3;61.4;8.7;847;;1508.6;;1019.6;1.4;8.1;5;29.2;8;28.8;;1.2;0;;197;;;;45;380;76;2.8;0;63;0;0
BLA;15.09.2016 00:00;11.6;14.9;8.4;11.1;18.1;7;85.3;11.6;845.3;;1492.7;;1017.7;1.2;6.5;4.3;23.4;6.2;22.3;;8.6;9.7;;83;;;;74;24;5;1.3;0;76;8.4;0.4
BLA;16.09.2016 00:00;8.4;11.7;5.7;8.2;17;3.8;91.3;10;846.2;;1501.7;;1018.7;1.2;6.8;4.3;24.5;6.4;23;;4.9;5;;77;;;;67;16;3;1.1;0;207;11.6;3.6
BLA;17.09.2016 00:00;7.1;9.7;5.8;7.6;12.6;5.2;95.4;9.6;845;;1490.4;;1017.3;1.3;5.4;4.7;19.4;5.2;18.7;;0.4;0.3;;90;;;;86;0;0;1.1;0;225;12.9;4.9
BLA;18.09.2016 00:00;7.1;9.5;5.6;7.8;12.2;5.6;97;9.8;844;;1480.8;;1016.2;1.1;4.5;4;16.2;4.3;15.5;;5.4;3.8;;80;;;;78;0;0;1;0;225;12.9;4.9
BLA;19.09.2016 00:00;8.4;14.5;3;8.7;21.7;0.4;77.5;8.2;846.2;;1501.5;;1018.6;1.7;13.1;6.1;47.2;12.8;46.1;;0.2;1.9;;168;;;;68;285;63;2;0;189;11.6;3.6
BLA;20.09.2016 00:00;8;13.6;3;8.7;21;0.9;83.8;8.9;845.3;;1493.2;;1017.7;1.2;6.7;4.3;24.1;6.5;23.4;;0.8;0.3;;169;;;;84;305;68;1.8;0;217;12;4
BLA;21.09.2016 00:00;8.9;12.3;7.2;9.5;17.5;7;91.6;10.4;846.2;;1501.4;;1018.6;0.9;4.9;3.2;17.6;4.7;16.9;;0.1;0.6;;103;;;;86;60;14;1.3;0;230;11.1;3.1
BLA;22.09.2016 00:00;9.1;16.4;4;9.7;22.2;2;84;9.4;850.4;;1542.8;;1023.6;1.2;6.8;4.3;24.5;6.6;23.8;;0;0;;182;;;;33;431;98;2;0;198;10.9;2.9
BLA;23.09.2016 00:00;8.9;15.9;4.3;8.8;22.2;2.1;82;9;853.8;;1575.7;;1027.5;1.2;6.6;4.3;23.8;6.4;23;;0;0;;183;;;;72;328;75;2;0;207;11.1;3.1
BLA;24.09.2016 00:00;9;18.1;3.6;8.7;23.9;1.3;77;8.3;853.9;;1577.1;;1027.7;1.2;6.6;4.3;23.8;6.4;23;;0;0;;178;;;;29;423;98;2.1;0;153;11;3
BLA;25.09.2016 00:00;8.8;17.2;3.2;8.4;23;0.5;74.9;8.1;851.4;;1552.3;;1024.7;1.1;6.7;4;24.1;6.5;23.4;;0;0;;172;;;;28;404;94;2;0;153;11.2;3.2
BLA;26.09.2016 00:00;9;16.3;3.7;8.8;22;1.4;81.8;9.2;850.9;;1548;;1024.2;1;4.6;3.6;16.6;4.4;15.8;;4.4;0.7;;135;;;;33;269;63;1.6;0;117;11;3
BLA;27.09.2016 00:00;8.8;14.3;4.7;8.9;21;2.3;87.5;9.8;854.7;;1584.1;;1028.5;1.2;6.2;4.3;22.3;5.9;21.2;;0;3.7;;152;;;;70;233;55;1.6;0;180;11.2;3.2
BLA;28.09.2016 00:00;8.4;16.8;3;8;22.2;0.6;82;8.8;858.9;;1625.3;;1033.5;1;5.3;3.6;19.1;5;18;;0;0;;161;;;;27;418;100;1.8;0;180;11.6;3.6
BLA;29.09.2016 00:00;9.5;18.5;4;8.9;23.9;1.5;77.3;8.8;855;;1587.8;;1029;0.9;4.8;3.2;17.3;4.6;16.6;;0;0;;161;;;;19;421;100;1.8;0;135;10.5;2.5
BLA;30.09.2016 00:00;8.8;18.3;3;8;24.1;0.1;69.1;7.3;849.2;;1530.7;;1022.1;1.2;6.7;4.3;24.1;6.5;23.4;;0;0;;161;;;;19;418;100;2;0;135;11.2;3.2
BLA;01.10.2016 00:00;9;14.5;4.9;8.6;18.6;2.5;80.3;9;845.5;;1495;;1017.9;1;5.8;3.6;20.9;5.6;20.2;;0.4;0.4;;85;;;;77;12;3;1.2;0;180;11;3
BLA;02.10.2016 00:00;8;13.2;1.3;7.8;18.5;-1.5;79;8.3;846.3;;1502.5;;1018.8;1.5;10.7;5.4;38.5;10.2;36.7;;0.6;0.6;;99;;;;64;95;24;1.2;0;214;12;4
BLA;03.10.2016 00:00;3.2;12.7;-1.7;2.4;18.3;-4.7;65.8;4.8;851.9;;1556.5;;1025.2;1.1;5.4;4;19.4;5.2;18.7;;0;0;;155;;;;18;402;100;1.6;0;90;16.8;8.8
BLA;04.10.2016 00:00;3.8;13.8;-1.8;3;19.8;-5.1;67.5;5.1;852.2;;1559.4;;1025.6;1.1;4.6;4;16.6;4.5;16.2;;0;0;;148;;;;17;398;100;1.6;0;90;16.2;8.2
BLA;05.10.2016 00:00;4.5;15.6;-0.9;3.9;21.1;-3.5;69.1;5.4;848.3;;1522.1;;1021.1;1.4;9.9;5;35.6;9.5;34.2;;0;0;;147;;;;18;394;100;1.8;0;135;15.5;7.5
BLA;06.10.2016 00:00;2.1;11.9;-3.2;1.3;17.9;-6.2;78.4;5.4;843;;1471.8;;1015;1;6.8;3.6;24.5;6.2;22.3;;0;0;;136;;;;19;358;92;1.3;0;0;17.9;9.9
BLA;07.10.2016 00:00;2.8;11.4;-1.5;2.1;16.6;-4.4;83.8;6.1;843.4;;1475.7;;1015.4;1;5.6;3.6;20.2;5.5;19.8;;0;0;;136;;;;19;384;99;1.3;0;225;17.2;9.2
BLA;08.10.2016 00:00;2;8.3;-2.3;1.7;14.2;-4.9;82.6;5.7;845.8;;1498.4;;1018.2;1.1;7.7;4;27.7;7.3;26.3;;0;0;;117;;;;43;237;63;1.1;0;45;18;10
BLA;09.10.2016 00:00;1.4;7.1;-2.6;0.8;14.2;-5.1;78.5;5.3;846.9;;1509.8;;1019.5;1.4;7.3;5;26.3;7;25.2;;0.3;0.3;;91;;;;41;130;35;1;0;166;18.6;10.6
BLA;10.10.2016 00:00;-0.3;7;-4.8;-0.8;11.9;-8;78.6;4.6;845.4;;1494.9;;1017.7;1.1;6;4;21.6;5.9;21.2;;0;0;;119;;;;43;360;97;1;0;225;20.3;12.3
BLA;11.10.2016 00:00;0.3;5.7;-4.1;0.3;12.3;-6.6;78.3;4.8;841.4;;1456.8;;1013.1;1.2;7.9;4.3;28.4;7.3;26.3;;0;0;;100;;;;76;98;27;0.9;0;225;19.7;11.7
BLA;12.10.2016 00:00;-0.7;7.6;-5.8;-1.4;13.2;-8.4;69.4;3.9;841.8;;1460.9;;1013.5;1.1;6;4;21.6;5.9;21.2;;0;0;;125;;;;21;362;100;1.1;0;90;20.7;12.7
BLA;13.10.2016 00:00;2.8;5.8;-0.6;2.4;7.3;-2.8;80.1;6;841.5;;1457.5;;1013.2;1;4.8;3.6;17.3;4.5;16.2;;2.7;2.7;;37;;;;36;0;0;0.7;0;90;17.2;9.2
BLA;14.10.2016 00:00;5;7.2;3.2;4.2;7.6;2.3;98.3;8.6;839.3;;1435.3;;1010.7;1.5;6.2;5.4;22.3;5.9;21.2;;25.6;25;;21;;;;20;0;0;0.5;0;76;15;7
BLA;15.10.2016 00:00;6.1;12.4;0.7;5.6;17.5;-1.5;91;8.5;844.7;;1487.3;;1016.9;0.9;5.4;3.2;19.4;5.1;18.4;;0;0.6;;75;;;;52;104;29;0.9;0;63;13.9;5.9
BLA;16.10.2016 00:00;5.4;14.9;-0.6;4;18.8;-3.6;69.6;6;851;;1548.9;;1024.3;0.8;6.6;2.9;23.8;6.3;22.7;;0;0;;97;;;;38;198;56;1.1;0;56;14.6;6.6
BLA;17.10.2016 00:00;6.2;10.4;3.4;5.6;11.4;1.7;81.8;7.7;852.5;;1562.8;;1026;0.8;5;2.9;18;4.7;16.9;;3.7;1.8;;46;;;;45;0;0;0.8;0;180;13.8;5.8
BLA;18.10.2016 00:00;5;9.6;1.2;5.1;15.7;-0.9;95.4;8.3;851.3;;1551.1;;1024.6;1.1;4.6;4;16.6;4.5;16.2;;0;1.9;;99;;;;66;136;40;0.8;0;207;15;7
BLA;19.10.2016 00:00;2.8;8.2;-0.5;2.3;13.7;-2.4;88.8;6.6;846.7;;1507.7;;1019.3;1.2;6.2;4.3;22.3;6.1;22;;0;0;;111;;;;58;186;55;0.9;0;207;17.2;9.2
BLA;20.10.2016 00:00;0;6.4;-3;-0.6;12;-5.2;87.2;5.3;842.8;;1470.9;;1014.8;1.1;7.7;4;27.7;6.9;24.8;;0;0;;114;;;;23;306;91;0.8;0;0;20;12
BLA;21.10.2016 00:00;0;6.4;-3.7;-0.8;13.9;-6;82.2;5;842.6;;1468.6;;1014.5;0.9;4.8;3.2;17.3;4.6;16.6;;0;0;;76;;;;55;58;17;0.7;0;90;20;12
BLA;22.10.2016 00:00;-0.1;8.5;-4.3;-1.2;14.5;-6.8;71.5;4.1;842.3;;1465.8;;1014.2;0.9;5.1;3.2;18.4;4.9;17.6;;0;0;;105;;;;15;329;99;0.9;0;90;20.1;12.1
BLA;23.10.2016 00:00;2.8;7.5;-2.5;1.7;10.2;-5.5;73;5.4;843.6;;1477.4;;1015.6;1;5.8;3.6;20.9;5.6;20.2;;0;0;;47;;;;45;1;0;0.7;0;45;17.2;9.2
BLA;24.10.2016 00:00;6.4;14;0.6;5.2;18.7;-1.7;76;7.2;847.3;;1512.3;;1019.9;1.2;4.4;4.3;15.8;4.3;15.5;;1.1;0.1;;85;;;;51;215;66;1;0;72;13.6;5.6
BLA;25.10.2016 00:00;7.7;10.1;6.3;7.1;10.3;5.5;94.7;10;851.8;;1556.4;;1025.2;1.1;5.2;4;18.7;5.2;18.7;;10.7;10.1;;21;;;;20;0;0;0.6;0;45;12.3;4.3
BLA;26.10.2016 00:00;6.4;8.4;2.3;6;9.5;0.3;97.2;9.4;853.3;;1571;;1027;1;4.4;3.6;15.8;4.2;15.1;;11.3;12.9;;28;;;;26;1;0;0.4;0;56;13.6;5.6
BLA;27.10.2016 00:00;3.5;9.6;0.2;2.9;14.7;-1.7;92.3;7.3;857.8;;1612.9;;1032.1;1.2;4;4.3;14.4;3.8;13.7;;0;0;;93;;;;15;313;99;0.7;0;68;16.5;8.5
BLA;28.10.2016 00:00;4.1;15.2;0.7;2.1;20.8;-2.4;71.6;5.7;859.9;;1633.3;;1034.6;1.1;5.1;4;18.4;4.4;15.8;;0;0;;68;;;;21;235;75;1.1;0;45;15.9;7.9
BLA;29.10.2016 00:00;5.3;15.2;0.8;3.6;20.9;-2.8;57.6;5;857.6;;1611.9;;1032;1;4.4;3.6;15.8;4.2;15.1;;0;0;;87;;;;13;305;100;1.1;0;53;14.7;6.7
BLA;30.10.2016 00:00;5.5;14.6;2;3.6;20.4;-1.4;63.3;5.6;853.9;;1576;;1027.6;0.8;3.6;2.9;13;3.5;12.6;;0;0;;85;;;;12;294;99;0.9;0;56;14.5;6.5
BLA;31.10.2016 00:00;4.7;13.7;1.4;2.6;18.6;-2.2;60.2;5;853.4;;1570.9;;1027;0.8;3.5;2.9;12.6;3.3;11.9;;0;0;;73;;;;27;218;74;0.9;0;56;15.3;7.3
BLA;01.11.2016 00:00;4.7;14.3;0.7;2.9;20;-2.5;59.8;4.9;851.1;;1549.7;;1024.4;0.7;3.1;2.5;11.2;2.8;10.1;;0;0;;80;;;;12;287;98;0.8;0;63;15.3;7.3
BLA;02.11.2016 00:00;3.2;11.6;-1;1.5;15.7;-3.9;64.3;4.8;846.4;;1504.7;;1019;1.1;9.2;4;33.1;8.7;31.3;;0;0;;79;;;;19;284;99;0.9;0;53;16.8;8.8
BLA;03.11.2016 00:00;-0.5;5.9;-3.2;-2;11.6;-6.2;77.6;4.6;845.8;;1499.3;;1018.2;1;5.4;3.6;19.4;5.1;18.4;;0;0;;76;;;;16;271;96;0.6;0;56;20.5;12.5
BLA;04.11.2016 00:00;2.4;11.1;-3.1;0.9;14.7;-6.2;62.3;4.4;844.6;;1487.4;;1016.9;0.9;3.9;3.2;14;3.8;13.7;;4.5;0.1;;67;;;;27;184;66;0.8;0;45;17.6;9.6
BLA;05.11.2016 00:00;2.7;6.5;0.5;2.4;7.1;0;93.1;6.9;836;;1404.1;;1006.8;0.9;4.4;3.2;15.8;4.3;15.5;;12.7;13.5;;41;;;;39;1;0;0.5;0;90;17.3;9.3
BLA;06.11.2016 00:00;-0.3;2;-3.2;-0.6;3;-5;92.3;5.5;830;;1348.2;;999.9;1.1;5.7;4;20.5;5.5;19.8;;1.3;4.9;;48;;;;46;0;0;0.4;0;198;20.3;12.3
BLA;07.11.2016 00:00;-4.2;-1.8;-8.5;-4.8;0.6;-11;79.5;3.6;833.9;;1387.9;;1004.4;1.1;5.8;4;20.9;5.7;20.5;;0.3;0.3;;48;;;;44;14;5;0.4;0;45;24.2;16.2
BLA;08.11.2016 00:00;-5.9;-2;-9.3;-6.6;2.5;-11.7;77.3;3.1;836.1;;1409.4;;1006.9;1.1;5.1;4;18.4;5;18;;0.4;0.4;;55;;;;49;17;6;0.4;0;63;25.9;17.9
BLA;09.11.2016 00:00;-3.7;-1.2;-8.1;-3.6;-0.6;-10.7;86.8;4.1;835.5;;1402.4;;1006.2;0.9;4.5;3.2;16.2;4.4;15.8;;11.3;6.2;;43;;;;42;0;0;0.3;0;270;23.7;15.7
BLA;10.11.2016 00:00;-1.5;-0.1;-2.4;-1.4;-0.1;-2.5;95.9;5.3;839.2;;1436.5;;1010.5;0.9;5.7;3.2;20.5;5.3;19.1;;29.1;24.5;;24;;;;23;0;0;0.3;0;27;21.5;13.5
BLA;11.11.2016 00:00;-2.4;-0.4;-7.2;-2.6;0.4;-9.9;92.7;4.8;840.8;;1452.5;;1012.4;1.4;12.2;5;43.9;11.2;40.3;;11.1;20.8;;32;;;;31;0;0;0.2;0;45;22.4;14.4
BLA;12.11.2016 00:00;-9.1;-3;-12.3;-11.3;1.4;-15.8;86.6;2.7;846.3;;1505.3;;1018.8;1;3.9;3.6;14;3.8;13.7;;0;0;;70;;;;18;247;99;0.3;0;45;29.1;21.1
BLA;13.11.2016 00:00;-2;2.6;-10.1;-2.4;6.2;-13.2;85.6;4.6;847.5;;1515.6;;1020.2;0.8;3.7;2.9;13.3;3.6;13;;5.3;5.3;;62;;;;59;1;0;0.3;0;27;22;14
BLA;14.11.2016 00:00;-4.1;0.7;-7.6;-5;4.7;-10.3;92.7;4.2;852;;1557.4;;1025.4;1;3.8;3.6;13.7;3.6;13;;0;0;;61;;;;15;237;100;0.3;0;45;24.1;16.1
BLA;15.11.2016 00:00;-2.6;3;-8.9;-3.4;7.4;-11.7;82.8;4.2;854.9;;1584.6;;1028.8;1.1;4.1;4;14.8;4;14.4;;0;0;;81;;;;38;216;94;0.3;0;53;22.6;14.6
BLA;16.11.2016 00:00;1.3;5.4;-2.6;0.6;7.4;-5.2;90;6.1;851.5;;1552.6;;1024.8;0.7;2.7;2.5;9.7;2.5;9;;0.8;0.8;;61;;;;52;54;24;0.3;0;45;18.7;10.7
BLA;17.11.2016 00:00;2.3;6.3;-0.9;1.2;6.3;-2.9;88.9;6.4;845.3;;1494.4;;1017.7;0.9;3.8;3.2;13.7;3.7;13.3;;0;0;;39;;;;35;30;13;0.4;0;45;17.7;9.7
BLA;18.11.2016 00:00;1.6;4.8;-1.6;0.9;5.2;-3.7;88.5;6.1;841;;1453;;1012.6;1.1;4.6;4;16.6;4.1;14.8;;7.7;3.8;;27;;;;26;0;0;0.4;0;59;18.4;10.4
BLA;19.11.2016 00:00;-1;1.8;-5.6;-1.5;5.1;-7.8;88.2;5.1;839.5;;1439.4;;1010.9;1.3;7.4;4.7;26.6;7.1;25.6;;2;5.9;;47;;;;31;122;57;0.3;0;63;21;13
BLA;20.11.2016 00:00;-1.2;3.4;-5.5;-2.6;5.1;-7.7;74.9;4.2;840.6;;1450.4;;1012.2;1.2;5.3;4.3;19.1;5.2;18.7;;0;0;;58;;;;38;169;80;0.4;0;49;21.2;13.2
BLA;21.11.2016 00:00;6.9;10.8;-0.1;5.5;10;-2.4;56.4;5.5;838.9;;1431;;1010.2;3;16.4;10.8;59;15.6;56.2;;0;0;;31;;;;30;0;0;1.3;0;245;13.1;5.1
BLA;22.11.2016 00:00;7.3;11.3;3.6;5.9;10.6;2.5;57.5;5.8;842.6;;1467;;1014.5;3;16.9;10.8;60.8;15.6;56.2;;0;0;;34;;;;31;0;0;1.4;0;230;12.7;4.7
BLA;23.11.2016 00:00;5;9.4;2.5;3.5;8.3;0.9;75.5;6.5;846.5;;1505.2;;1019;1.6;9.5;5.8;34.2;9.2;33.1;;0;0;;41;;;;37;25;12;0.7;0;74;15;7
BLA;24.11.2016 00:00;5;9.4;2.9;3.3;8.1;1.2;73.4;6.3;843.9;;1480.3;;1016;1.4;5.7;5;20.5;5.6;20.2;;0;0;;40;;;;39;0;0;0.7;0;59;15;7
BLA;25.11.2016 00:00;4.8;9.9;2.4;3.5;7.9;1.8;84;7.2;841.8;;1460;;1013.6;1.3;11.4;4.7;41;10.7;38.5;;1.9;1.9;;41;;;;40;0;0;0.6;0;0;15.2;7.2
BLA;26.11.2016 00:00;1.7;5.1;-1.9;0.8;6.2;-3.8;93.4;6.5;844.5;;1486.1;;1016.7;1;5.7;3.6;20.5;5.5;19.8;;0;0;;39;;;;34;32;16;0.3;0;56;18.3;10.3
BLA;27.11.2016 00:00;-0.4;5.2;-3.1;-1.9;6.4;-5;78.1;4.6;842.9;;1471.7;;1014.8;0.9;4.1;3.2;14.8;3.8;13.7;;0;0;;39;;;;14;145;75;0.4;0;45;20.4;12.4
BLA;28.11.2016 00:00;-2.9;3.2;-5.7;-4.6;4.8;-7.7;73.5;3.6;841.7;;1460.8;;1013.4;0.9;3.1;3.2;11.2;3;10.8;;0;0;;39;;;;8;192;100;0.4;0;45;22.9;14.9
BLA;29.11.2016 00:00;-4.4;0.8;-6.3;-6.2;3.4;-8.6;65;2.8;850.8;;1546;;1024;0.8;3.3;2.9;11.9;3.1;11.2;;0;0;;38;;;;8;187;100;0.4;0;51;24.4;16.4
BLA;30.11.2016 00:00;-4.3;1.9;-6.9;-6.2;3.8;-9.1;61.6;2.7;856.5;;1599.2;;1030.7;1;3.8;3.6;13.7;3.7;13.3;;0;0;;36;;;;8;183;100;0.5;0;50;24.3;16.3
BLA;01.12.2016 00:00;-1.7;4.6;-5.3;-3.7;5.9;-7.7;65.6;3.5;852.7;;1564;;1026.2;1.2;4.6;4.3;16.6;4.3;15.5;;0;0;;35;;;;10;176;100;0.6;0;50;21.7;13.7
BLA;02.12.2016 00:00;-1.5;4.5;-3.9;-3.6;6.6;-6.7;67.9;3.7;845.8;;1498.9;;1018.2;0.9;4.3;3.2;15.5;4.1;14.8;;0;0;;33;;;;8;170;100;0.5;0;40;21.5;13.5
BLA;03.12.2016 00:00;-3;3.3;-5.8;-5.1;4.9;-7.9;58.7;2.8;844.3;;1485.8;;1016.5;0.8;3;2.9;10.8;2.8;10.1;;0;0;;37;;;;13;159;95;0.5;0;50;23;15
BLA;04.12.2016 00:00;-4.3;1.3;-6.8;-6.4;3;-8.9;65.5;2.9;849.3;;1532.2;;1022.2;0.9;3.2;3.2;11.5;3.1;11.2;;0;0;;32;;;;8;165;100;0.5;0;54;24.3;16.3
BLA;05.12.2016 00:00;-4;2;-6.6;-6.3;3.1;-9;60.7;2.7;852.2;;1559.6;;1025.7;0.9;3.5;3.2;12.6;3.3;11.9;;0;0;;31;;;;7;164;100;0.5;0;54;24;16
BLA;06.12.2016 00:00;-4;1.9;-6.5;-6.4;3.1;-8.9;59.5;2.7;854.7;;1582.7;;1028.6;1.1;4.8;4;17.3;4.6;16.6;;0;0;;29;;;;8;161;100;0.6;0;53;24;16
BLA;07.12.2016 00:00;-1.9;4.5;-5.2;-4.7;5.1;-8;48.6;2.5;858.1;;1614.3;;1032.5;1;3.7;3.6;13.3;3.4;12.2;;0;0;;31;;;;10;160;100;0.6;0;49;21.9;13.9
BLA;08.12.2016 00:00;-0.5;5.5;-2.9;-3;6.3;-5.5;50.5;3;860.2;;1634.2;;1034.9;0.9;3.4;3.2;12.2;3.3;11.9;;0;0;;28;;;;8;156;100;0.6;0;49;20.5;12.5
BLA;09.12.2016 00:00;-0.1;6.1;-3.6;-2.6;7.1;-6.1;54.1;3.3;858.4;;1617.4;;1032.8;1;3.1;3.6;11.2;3;10.8;;0;0;;33;;;;18;142;100;0.6;0;41;20.1;12.1
BLA;10.12.2016 00:00;1.1;7;-1.1;-1.6;7.9;-3.8;58;3.8;854.5;;1581.1;;1028.3;0.9;3.3;3.2;11.9;3.1;11.2;;0;0;;25;;;;7;148;100;0.7;0;45;18.9;10.9
BLA;11.12.2016 00:00;-1.3;3.9;-4.1;-3.6;5.4;-6.9;58.6;3.2;850;;1538.6;;1023.1;1.1;5.2;4;18.7;4.9;17.6;;0;0;;31;;;;14;141;100;0.6;0;49;21.3;13.3
BLA;12.12.2016 00:00;-0.3;6.4;-4.7;-2.6;4.8;-7.2;54.6;3.2;849.5;;1534.3;;1022.5;1.5;12.4;5.4;44.6;12.3;44.3;;0;0;;26;;;;11;137;100;0.8;0;36;20.3;12.3
BLA;13.12.2016 00:00;-2.6;2.9;-5.3;-5;4;-8.2;58.5;2.9;852;;1557.8;;1025.4;0.9;3.2;3.2;11.5;3.1;11.2;;0;0;;31;;;;17;100;78;0.5;0;45;22.6;14.6
BLA;14.12.2016 00:00;-2.3;3.4;-4.2;-4.8;4.6;-7.1;67.5;3.5;850.4;;1542.4;;1023.5;0.9;3.1;3.2;11.2;3;10.8;;0;0;;23;;;;7;134;100;0.5;0;54;22.3;14.3
BLA;15.12.2016 00:00;-2.5;3.8;-4.5;-5.3;4.3;-7.4;65.4;3.3;850.6;;1544.4;;1023.8;0.8;2.9;2.9;10.4;2.8;10.1;;0;0;;23;;;;7;133;100;0.5;0;50;22.5;14.5
BLA;16.12.2016 00:00;-2.6;3.3;-5;-5.6;3.6;-7.9;55.8;2.8;853.3;;1569.8;;1026.9;1;3.4;3.6;12.2;3.1;11.2;;0;0;;25;;;;8;132;100;0.6;0;53;22.6;14.6
BLA;17.12.2016 00:00;-3.6;2;-5.7;-6.8;2.7;-9.2;50;2.3;859.5;;1627;;1034.2;1;4.2;3.6;15.1;3.7;13.3;;0;0;;24;;;;8;131;100;0.6;0;49;23.6;15.6
BLA;18.12.2016 00:00;-4.3;1.1;-6.6;-6.9;1.3;-9.5;57.7;2.6;856;;1593.8;;1030;1;3.4;3.6;12.2;3.1;11.2;;1.2;0;;22;;;;11;111;88;0.5;0;45;24.3;16.3
BLA;19.12.2016 00:00;-2.1;-0.2;-4;-3.5;-0.7;-6.2;57.4;3;848.6;;1525.6;;1021.4;1.7;17.2;6.1;61.9;16.9;60.8;;0;1.2;;23;;;;22;0;0;0.6;0;360;22.1;14.1
BLA;20.12.2016 00:00;2.3;7.9;-3.6;0.6;7.1;-6;62.7;4.5;847.7;;1517.2;;1020.4;2.2;16.8;7.9;60.5;16.4;59;;0;0;;25;;;;22;14;11;0.9;0;203;17.7;9.7
BLA;21.12.2016 00:00;1.6;7.8;-1.7;-0.1;8.9;-4.3;74.3;5.1;853.6;;1573.1;;1027.3;1.1;4;4;14.4;3.9;14;;0;0;;33;;;;25;71;56;0.5;0;49;18.4;10.4
BLA;22.12.2016 00:00;-1.4;3.7;-3.6;-4.1;3.9;-6.4;65.3;3.6;857.2;;1606;;1031.4;0.9;3.5;3.2;12.6;3.3;11.9;;0;0;;21;;;;8;130;100;0.5;0;49;21.4;13.4
BLA;23.12.2016 00:00;-1.2;4.6;-3.8;-3.7;5.1;-6.3;68.2;3.8;858.5;;1617.7;;1032.9;0.9;4.3;3.2;15.5;3.9;14;;0;0;;24;;;;10;131;100;0.5;0;50;21.2;13.2
BLA;24.12.2016 00:00;-1.1;3.6;-4.2;-3.4;4.4;-6.8;65.5;3.7;857.8;;1611.4;;1032.1;1.2;4.6;4.3;16.6;4.3;15.5;;1.2;0;;25;;;;16;74;59;0.6;0;45;21.1;13.1
BLA;25.12.2016 00:00;3.8;11;0.7;2.2;9.5;-1.6;71.9;5.6;857.2;;1607.8;;1031.5;2.2;13.6;7.9;49;12.8;46.1;;0.2;1.4;;25;;;;23;0;0;1.1;0;45;16.2;8.2
BLA;26.12.2016 00:00;1.1;6.8;-1;-1;6.4;-3.3;76.8;5;857.6;;1610.4;;1031.9;1.1;3.8;4;13.7;3.8;13.7;;0;0;;24;;;;13;121;95;0.6;0;45;18.9;10.9
BLA;27.12.2016 00:00;-1.7;7.1;-5.1;-4.1;7.7;-7.8;59.9;3;861.1;;1642;;1036;1.6;11.8;5.8;42.5;11.3;40.7;;0;0;;24;;;;7;133;100;0.9;0;38;21.7;13.7
BLA;28.12.2016 00:00;-3.3;1.8;-5.3;-5.9;3.2;-8.1;64.1;3;861.4;;1644.3;;1036.3;1.6;5.9;5.8;21.2;5.4;19.4;;0;0;;24;;;;7;135;100;0.7;0;70;23.3;15.3
BLA;29.12.2016 00:00;-2.5;4.6;-5.1;-5.6;4;-8.1;48.7;2.4;859;;1622.6;;1033.6;1;4.6;3.6;16.6;4.4;15.8;;0;0;;24;;;;7;135;100;0.7;0;49;22.5;14.5
BLA;30.12.2016 00:00;-3.7;1.9;-5.3;-6.4;2.8;-8.3;58.5;2.7;858.8;;1620.5;;1033.3;0.8;2.7;2.9;9.7;2.6;9.4;;0;0;;24;;;;7;136;100;0.5;0;40;23.7;15.7
BLA;31.12.2016 00:00;-3.5;2.9;-5.7;-6.5;3;-8.9;55.4;2.6;856.8;;1601.5;;1030.9;0.9;3;3.2;10.8;2.8;10.1;;0;0;;25;;;;7;147;100;0.6;0;49;23.5;15.5
BLA;01.01.2017 00:00;-4;2.3;-6.7;-7.1;3.1;-9.7;50.9;2.3;848.6;;1525.6;;1021.5;0.9;3.6;3.2;13;3.5;12.6;;0;0;;26;;;;7;149;100;0.6;0;49;24;16
BLA;02.01.2017 00:00;-3.9;2;-6.7;-6.4;3;-9.8;55.1;2.5;845.1;;1493.4;;1017.4;1.1;7.4;4;26.6;6.8;24.5;;0;0;;25;;;;16;80;59;0.6;0;45;23.9;15.9
BLA;03.01.2017 00:00;-6.8;-3;-9.2;-8.4;-1;-11.5;72.2;2.7;847.1;;1512.1;;1019.7;1.2;5.9;4.3;21.2;5.6;20.2;;0;0;;28;;;;7;159;100;0.4;0;54;26.8;18.8
BLA;04.01.2017 00:00;-4.1;0.3;-8.5;-4.8;0.8;-10.4;73.9;3.4;844;;1482.5;;1016.1;1.7;12.9;6.1;46.4;12.6;45.4;;4.8;2.2;;28;;;;26;0;0;0.4;0;45;24.1;16.1
BLA;05.01.2017 00:00;-8;-5.4;-14.8;-7.8;-6.2;-13.1;66.4;2.3;845;;1492.8;;1017.3;3.3;20.7;11.9;74.5;18.6;67;;1.7;4.3;;11;;;;10;0;0;0.4;0;83;28;20
BLA;06.01.2017 00:00;-11.9;-9;-15.5;-11;-6.2;-15.5;79.4;2;851.1;;1548.5;;1024.3;1.3;6.3;4.7;22.7;6.1;22;;0;0;;40;;;;25;103;63;0.2;0;56;31.9;23.9
BLA;07.01.2017 00:00;-9.6;-4.9;-15.8;-10.1;-5.1;-16.4;80.9;2.4;851.6;;1553.5;;1025;1.3;5.1;4.7;18.4;4.9;17.6;;3.3;1.6;;26;;;;25;0;0;0.3;0;45;29.6;21.6
BLA;08.01.2017 00:00;-4.7;-0.3;-7.8;-4.5;0.2;-6.6;88.6;3.8;849.2;;1531.8;;1022.2;1.7;18.6;6.1;67;17.9;64.4;;0.1;1.8;;47;;;;24;135;80;0.3;0;207;24.7;16.7
BLA;09.01.2017 00:00;-8.6;-4.3;-12.8;-9.6;-2.6;-15.7;83.7;2.7;847.7;;1518.1;;1020.5;1.6;6;5.8;21.6;5.5;19.8;;0;0;;34;;;;8;163;95;0.3;0;42;28.6;20.6
BLA;10.01.2017 00:00;-7.5;-4.4;-11.6;-7.6;-3;-13.2;89.9;3.2;837.2;;1419.9;;1008.2;1.1;4.4;4;15.8;4.1;14.8;;1.5;1.5;;23;;;;22;0;0;0.2;0;34;27.5;19.5
BLA;11.01.2017 00:00;-7.1;-1.8;-13.5;-8.2;-3;-16.2;85.8;3.2;842.1;;1465.6;;1013.9;1.2;5;4.3;18;4.5;16.2;;1.7;1.7;;27;;;;25;0;0;0.3;0;41;27.1;19.1
BLA;12.01.2017 00:00;-0.1;2.3;-3.7;-0.6;2.1;-6;84.6;5.2;840.9;;1452.2;;1012.5;1.4;9.9;5;35.6;9.7;34.9;;21.8;17.3;;20;;;;19;0;0;0.4;0;37;20.1;12.1
BLA;13.01.2017 00:00;-5.8;0.5;-8.8;-4.8;-0.2;-8.9;80.9;3.3;831.5;;1365.4;;1001.5;2.3;18.8;8.3;67.7;18.4;66.2;;12.5;8.6;;18;;;;17;0;0;0.6;0;180;25.8;17.8
BLA;14.01.2017 00:00;-8;-5.6;-14.1;-8.4;-4.6;-16.4;85.7;2.9;837.8;;1425.8;;1008.9;1.4;8.6;5;31;8.1;29.2;;1.3;9.7;;29;;;;28;0;0;0.2;0;37;28;20
BLA;15.01.2017 00:00;-12;-8.3;-16.5;-13.2;-6.1;-19.5;82;2;842.4;;1469.6;;1014.2;1.1;4.5;4;16.2;4.1;14.8;;0;0;;45;;;;41;5;3;0.2;0;45;32;24
BLA;16.01.2017 00:00;-15.3;-8.3;-18.8;-17.3;-6;-22;69;1.3;840.7;;1455.5;;1012.3;1.5;8.3;5.4;29.9;8;28.8;;0;0;;54;;;;19;198;99;0.3;0;48;35.3;27.3
BLA;17.01.2017 00:00;-16.1;-9.2;-19.5;-18;-6.8;-21.9;69.7;1.2;842.4;;1471.5;;1014.3;1;3.8;3.6;13.7;3.6;13;;0;0;;42;;;;11;187;92;0.3;0;45;36.1;28.1
BLA;18.01.2017 00:00;-11.3;-3.8;-14.8;-13.3;-2;-17.1;70.6;1.8;846.1;;1503.9;;1018.6;1;4;3.6;14.4;3.8;13.7;;0;0;;49;;;;11;205;100;0.4;0;41;31.3;23.3
BLA;19.01.2017 00:00;-8.7;-2.1;-12.2;-10.6;0;-14.5;67.3;2.1;850;;1538.7;;1023.1;1;5.1;3.6;18.4;4.8;17.3;;0;0;;49;;;;11;207;100;0.4;0;49;28.7;20.7
BLA;20.01.2017 00:00;-7.8;-1.3;-10.8;-9.6;0.7;-13.1;65.1;2.2;851.4;;1551.8;;1024.7;1;3.9;3.6;14;3.8;13.7;;0;0;;50;;;;11;214;100;0.4;0;49;27.8;19.8
BLA;21.01.2017 00:00;-7.4;-0.6;-10.6;-9.3;1.6;-13.1;62.9;2.2;850.8;;1546.1;;1024;1;4;3.6;14.4;3.8;13.7;;0;0;;53;;;;11;223;100;0.5;0;45;27.4;19.4
BLA;22.01.2017 00:00;-6.2;2.1;-10.3;-8.2;4.5;-12.8;52.9;2;848.7;;1527.2;;1021.6;1.1;5.7;4;20.5;5.4;19.4;;0;0;;46;;;;16;159;72;0.6;0;49;26.2;18.2
BLA;23.01.2017 00:00;-5.7;-0.1;-8.4;-7.2;1.6;-10.6;63.2;2.5;845.7;;1499.2;;1018.1;0.8;3.4;2.9;12.2;3.2;11.5;;0;0;;51;;;;18;226;100;0.4;0;45;25.7;17.7
BLA;24.01.2017 00:00;-8.9;-2;-11.6;-10.5;1.1;-13.7;66;2;844.1;;1484.6;;1016.2;1;4.5;3.6;16.2;4.4;15.8;;0;0;;56;;;;16;183;81;0.4;0;45;28.9;20.9
BLA;25.01.2017 00:00;-7.1;2.7;-10.6;-9;4.4;-13.2;58.5;2.1;845.7;;1499.4;;1018.1;1.3;6.4;4.7;23;6.3;22.7;;0;0;;59;;;;12;236;100;0.7;0;45;27.1;19.1
BLA;26.01.2017 00:00;-4.7;4;-9.5;-6.6;5;-12;57.5;2.5;846.7;;1508.3;;1019.3;1.4;7.3;5;26.3;7.1;25.6;;0;0;;60;;;;12;239;100;0.7;0;54;24.7;16.7
BLA;27.01.2017 00:00;-4;2.2;-7.7;-5.4;4;-9.8;68.3;3.1;847.6;;1516.8;;1020.3;1.2;4.1;4.3;14.8;3.9;14;;0;0;;61;;;;44;125;52;0.5;0;45;24;16
BLA;28.01.2017 00:00;-4.1;1.6;-7;-5.6;1.9;-9;67.5;3;846.7;;1508.3;;1019.3;1.2;4.8;4.3;17.3;4.5;16.2;;0;0;;47;;;;30;80;32;0.6;0;45;24.1;16.1
BLA;29.01.2017 00:00;-4.8;2.1;-8.4;-6.3;4.5;-10.3;68.5;2.9;848.1;;1521.5;;1020.9;1;4.5;3.6;16.2;4.2;15.1;;0;0;;63;;;;13;248;98;0.5;0;49;24.8;16.8
BLA;30.01.2017 00:00;-1.5;3;-6.9;-2.1;3.8;-8.9;83;4.6;846;;1501.5;;1018.5;1;6;3.6;21.6;5.7;20.5;;15.6;13.3;;29;;;;28;0;0;0.4;0;45;21.5;13.5
BLA;31.01.2017 00:00;1.3;3.3;0.2;1;2.8;0;98.8;6.6;844.3;;1484.7;;1016.5;1;3.3;3.6;11.9;3;10.8;;21.6;20.7;;27;;;;26;0;0;0.4;0;50;18.7;10.7
BLA;01.02.2017 00:00;1.6;5.6;-2.1;0.8;6.6;-4.1;89.9;6.2;844.5;;1486.7;;1016.7;0.9;3.7;3.2;13.3;3.4;12.2;;0.6;3.8;;74;;;;22;259;97;0.4;0;45;18.4;10.4
BLA;02.02.2017 00:00;0.1;6.7;-4;-1.2;9.3;-6.4;72.3;4.4;842.3;;1465.6;;1014.1;1.2;9.1;4.3;32.8;8.6;31;;0;0;;84;;;;35;257;95;0.7;0;63;19.9;11.9
BLA;03.02.2017 00:00;1.1;5.1;-3.7;0.8;8.5;-5.5;81.3;5.3;837.4;;1418.6;;1008.5;1.3;7.4;4.7;26.6;7.2;25.9;;1.8;1.8;;79;;;;43;156;57;0.5;0;45;18.9;10.9
BLA;04.02.2017 00:00;-3.8;0.1;-8.6;-4.9;1;-11.4;87.9;4.1;835;;1397.3;;1005.6;1.4;7;5;25.2;6.5;23.4;;6.4;6.4;;31;;;;27;20;7;0.4;0;31;23.8;15.8
BLA;05.02.2017 00:00;-4.2;-2.3;-10.3;-4.8;-1;-13.1;89.4;4.1;832.3;;1372.7;;1002.6;1.1;5.5;4;19.8;5.2;18.7;;6.5;6.5;;25;;;;24;0;0;0.2;0;45;24.2;16.2
BLA;06.02.2017 00:00;-3;1;-9.1;-3.6;1.3;-11.8;92.6;4.6;838.5;;1430.1;;1009.7;1.6;12.6;5.8;45.4;11.9;42.8;;0;0;;57;;;;54;0;0;0.3;0;214;23;15
BLA;07.02.2017 00:00;-4.2;2.2;-10.2;-4.8;3.3;-12.9;88.4;4.1;842.1;;1464.9;;1013.9;1.1;7.4;4;26.6;7.2;25.9;;5.1;5.1;;50;;;;49;0;0;0.4;0;18;24.2;16.2
BLA;08.02.2017 00:00;-2.3;-0.4;-5.6;-2.4;1.4;-7.4;96.2;5;842.1;;1465;;1014;0.9;3.2;3.2;11.5;3.1;11.2;;2.7;2.7;;53;;;;52;0;0;0.3;0;270;22.3;14.3
BLA;09.02.2017 00:00;-3;1.8;-7.3;-3.6;7.2;-9.3;89.8;4.4;843.2;;1475.5;;1015.2;0.9;3.8;3.2;13.7;3.6;13;;0;0;;84;;;;28;246;84;0.5;0;56;23;15
BLA;10.02.2017 00:00;-3.4;0.6;-8.7;-4.3;2;-11.4;78.5;3.7;843.1;;1473.9;;1015;1.2;4.9;4.3;17.6;4.6;16.6;;0;0;;60;;;;58;0;0;0.5;0;53;23.4;15.4
BLA;11.02.2017 00:00;-5.6;1.7;-10.6;-7.1;5;-13.4;68;2.7;845.2;;1494.6;;1017.5;1.3;5.7;4.7;20.5;5.3;19.1;;0;0;;90;;;;22;295;97;0.7;0;48;25.6;17.6
BLA;12.02.2017 00:00;-1.4;5.2;-7.1;-2.2;7.9;-9.5;68.8;3.7;849.1;;1530.2;;1022;1.1;4.5;4;16.2;4.2;15.1;;0;0;;104;;;;49;304;97;0.7;0;45;21.4;13.4
BLA;13.02.2017 00:00;-2.1;5.7;-6.2;-3.6;8.5;-8.6;65.9;3.4;850.3;;1541.7;;1023.4;1.4;4.8;5;17.3;4.6;16.6;;0;0;;95;;;;15;315;99;0.9;0;51;22.1;14.1
BLA;14.02.2017 00:00;-1.5;6;-6.2;-3.1;8;-8.7;68.5;3.7;855.1;;1586.3;;1029;1.5;5.1;5.4;18.4;4.7;16.9;;0;0;;94;;;;18;316;98;0.9;0;51;21.5;13.5
BLA;15.02.2017 00:00;-0.9;7.3;-4.8;-2.7;10.2;-7.1;58.7;3.2;859.5;;1627.9;;1034.2;1.1;4.5;4;16.2;4.3;15.5;;0;0;;102;;;;17;320;99;0.9;0;49;20.9;12.9
BLA;16.02.2017 00:00;-1.6;6.3;-6.4;-3.2;8.9;-8.9;56;2.9;857.1;;1605.1;;1031.3;1.2;4.5;4.3;16.2;4.3;15.5;;0;0;;102;;;;18;323;99;1;0;52;21.6;13.6
BLA;17.02.2017 00:00;-1.5;3.3;-6.9;-2.6;4.9;-9.8;78.8;4.4;851.7;;1554.5;;1025;1.4;5.3;5;19.1;5.1;18.4;;1.7;1.7;;45;;;;43;0;0;0.6;0;45;21.5;13.5
BLA;18.02.2017 00:00;-4.8;4.5;-9.8;-6.4;8.4;-12.8;56.1;2.2;849.3;;1532.7;;1022.3;1.1;4.5;4;16.2;4.3;15.5;;0;0;;118;;;;23;326;98;0.9;0;49;24.8;16.8
BLA;19.02.2017 00:00;-4.1;5.4;-9.6;-5.8;8.2;-12.2;47.1;2;849.9;;1537.8;;1023;1.2;7.4;4.3;26.6;7.1;25.6;;0;0;;116;;;;19;329;99;1;0;49;24.1;16.1
BLA;20.02.2017 00:00;-2.2;4.5;-6.9;-3.3;8.8;-9.9;59.7;3.1;849.6;;1534.7;;1022.6;1.1;4.3;4;15.5;4.2;15.1;;1.2;0.1;;110;;;;20;314;93;0.9;0;45;22.2;14.2
BLA;21.02.2017 00:00;2.2;6.7;0;1.6;9.3;-1.3;91.8;6.6;848.9;;1527.9;;1021.8;1;4;3.6;14.4;3.8;13.7;;1.1;2.2;;74;;;;59;72;21;0.7;0;45;17.8;9.8
BLA;22.02.2017 00:00;2;10.6;-2.6;1;12.9;-4.7;65.4;4.4;846.6;;1506.7;;1019.2;1.4;8.7;5;31.3;8.3;29.9;;0;0;;114;;;;31;314;90;1.2;0;53;18;10
BLA;23.02.2017 00:00;4.2;11.3;-1.8;2.8;14.7;-4;44.9;3.5;841.4;;1455.6;;1013.1;2;10.9;7.2;39.2;10.5;37.8;;0.8;0;;126;;;;52;316;91;1.7;0;45;15.8;7.8
BLA;24.02.2017 00:00;0.8;7.2;-4.6;0.5;6.1;-6.2;70.2;4.6;838.9;;1433.1;;1010.2;2;12.8;7.2;46.1;12.6;45.4;;1.4;2.2;;81;;;;55;147;42;1;0;270;19.2;11.2
BLA;25.02.2017 00:00;-3.5;4.7;-8.9;-4.4;9.1;-11.1;56.5;2.6;845.7;;1498.5;;1018.1;1.2;4.8;4.3;17.3;4.5;16.2;;0;0;;122;;;;22;350;98;1;0;50;23.5;15.5
BLA;26.02.2017 00:00;0.7;8;-4.6;-0.3;10.7;-6.8;63.1;4;845.4;;1495.3;;1017.8;0.9;4.3;3.2;15.5;4.1;14.8;;0;0;;109;;;;62;184;51;1;0;45;19.3;11.3
BLA;27.02.2017 00:00;1.9;8.8;-2.6;1.2;12.1;-4.3;66.2;4.5;838.8;;1431.3;;1010;1.2;5.6;4.3;20.2;5.4;19.4;;0.1;0;;129;;;;30;342;95;1.2;0;34;18.1;10.1
BLA;28.02.2017 00:00;-1.4;0.4;-3.8;-1.7;0.8;-5;90.4;5;831.1;;1358.8;;1001.1;1.2;8;4.3;28.8;7.6;27.4;;15.2;14.6;;26;;;;25;0;0;0.5;0;45;21.4;13.4
BLA;01.03.2017 00:00;-2.4;0.3;-5;-2.3;1.3;-5.7;92.4;4.8;839.3;;1437.8;;1010.6;1.2;5.8;4.3;20.9;5.5;19.8;;23.6;17.9;;54;;;;53;0;0;0.5;0;360;22.4;14.4
BLA;02.03.2017 00:00;0.3;4.7;-6.3;-1;7;-9.1;87.4;5.6;844;;1481.5;;1016.1;1.1;6.7;4;24.1;6.4;23;;5.8;12.2;;106;;;;81;127;34;0.7;0;45;19.7;11.7
BLA;03.03.2017 00:00;-0.3;6.2;-6.6;-1.7;7.9;-9.3;64.8;3.9;841.2;;1455.4;;1012.9;1.4;12.7;5;45.7;12.2;43.9;;0;0;;92;;;;67;75;20;1;0;56;20.3;12.3
BLA;04.03.2017 00:00;1;5.2;-3.3;0.1;4.4;-4.5;79.6;5.2;830.3;;1349.3;;1000.2;2;11.1;7.2;40;10.5;37.8;;5.9;5.5;;34;;;;32;0;0;0.8;0;90;19;11
BLA;05.03.2017 00:00;-2.3;2.1;-6.6;-2.5;5.7;-8.6;85.4;4.4;835.1;;1397.6;;1005.7;1.1;10;4;36;9.6;34.6;;9;7.7;;99;;;;50;127;32;0.8;0;45;22.3;14.3
BLA;06.03.2017 00:00;-2.1;-0.4;-3.1;-1.8;0.3;-3.1;94.9;5;834.1;;1388.5;;1004.6;1.3;11.7;4.7;42.1;10.7;38.5;;20.1;19.6;;33;;;;32;0;0;0.5;0;45;22.1;14.1
BLA;07.03.2017 00:00;-3.6;-2.2;-9;-3;-0.6;-11.5;86.8;4.1;841.7;;1461.1;;1013.5;1.5;7.4;5.4;26.6;6.7;24.1;;2.4;4.6;;53;;;;52;0;0;0.4;0;42;23.6;15.6
BLA;08.03.2017 00:00;-3.5;2;-12.1;-4;5;-15.1;84.7;4.2;849.7;;1536.4;;1022.8;1.2;5.3;4.3;19.1;4.9;17.6;;34.1;17.6;;102;;;;98;3;1;0.7;0;27;23.5;15.5
BLA;09.03.2017 00:00;1.8;3.6;0.3;1.4;2.9;0;98.7;6.9;850.4;;1543;;1023.6;1.4;5;5;18;4.9;17.6;;14.4;30.6;;28;;;;27;0;0;0.5;0;56;18.2;10.2
BLA;10.03.2017 00:00;2.6;9.8;-3.9;1.9;12.4;-5.9;58.7;3.9;850;;1538.6;;1023.1;2;13.7;7.2;49.3;13;46.8;;0;0.3;;170;;;;24;404;100;1.8;0;16;17.4;9.4
BLA;11.03.2017 00:00;1.1;9.2;-5.2;0.3;11.9;-7.5;61.5;4;847.7;;1516.9;;1020.4;1.2;4.6;4.3;16.6;4.3;15.5;;0;0;;165;;;;56;366;89;1.5;0;45;18.9;10.9
BLA;12.03.2017 00:00;3.5;10;-1.2;3.2;12.6;-3.2;70.7;5.4;842.4;;1465.6;;1014.2;1;4.1;3.6;14.8;4;14.4;;0;0;;147;;;;75;325;78;1.4;0;40;16.5;8.5
BLA;13.03.2017 00:00;1.5;10;-3.6;0.7;12.7;-5.4;67.3;4.5;849.1;;1530.5;;1022;1.2;10.3;4.3;37.1;9.8;35.3;;0;0;;158;;;;36;324;77;1.5;0;54;18.5;10.5
BLA;14.03.2017 00:00;1.7;9.9;-4.3;0.9;12.2;-6;61.4;4.1;856.1;;1596.6;;1030.2;1.4;6.4;5;23;6.3;22.7;;0;0;;165;;;;30;420;99;1.6;0;52;18.3;10.3
BLA;15.03.2017 00:00;3.1;10.7;-2.5;2.5;12.8;-4.5;59.7;4.4;855.6;;1591.7;;1029.6;1.2;5.1;4.3;18.4;4.9;17.6;;0;0;;158;;;;88;279;65;1.6;0;45;16.9;8.9
BLA;16.03.2017 00:00;3.7;10.9;-0.9;2.9;12.4;-2.7;67.6;5.2;851.7;;1554.8;;1025;1.1;5.6;4;20.2;5.1;18.4;;0;0;;177;;;;22;430;100;1.7;0;53;16.3;8.3
BLA;17.03.2017 00:00;4.4;12.2;-0.5;2.9;14.2;-3;61.2;4.8;848.3;;1522.5;;1021.1;1.5;11.3;5.4;40.7;11;39.6;;0;0;;179;;;;24;431;99;2;0;68;15.6;7.6
BLA;18.03.2017 00:00;2.2;4.7;0.7;1.4;3.4;-0.4;89.2;6.4;845.9;;1500.1;;1018.4;1.2;6.1;4.3;22;5.4;19.4;;31.3;31.3;;38;;;;37;0;0;0.7;0;45;17.8;9.8
BLA;19.03.2017 00:00;4.3;10.5;0.6;3.8;12.9;-1.2;84.9;7;845;;1490.3;;1017.2;1.1;4.5;4;16.2;4.4;15.8;;0;0;;170;;;;99;261;59;1.6;0;60;15.7;7.7
BLA;20.03.2017 00:00;3.9;11.4;-1.3;3;13.2;-3.3;70.3;5.4;843;;1471;;1014.9;1.3;6;4.7;21.6;5.8;20.9;;0;0;;187;;;;27;442;99;1.9;0;52;16.1;8.1
BLA;21.03.2017 00:00;3.6;9.7;-0.6;3.1;11.2;-2.2;78;6.1;840.2;;1444.6;;1011.7;1.3;6.5;4.7;23.4;6.3;22.7;;0;0;;176;;;;106;218;48;1.7;0;63;16.4;8.4
BLA;22.03.2017 00:00;2.5;5.6;0.6;2.2;7.6;-0.1;91.8;6.7;838.7;;1430;;1009.9;1.1;6;4;21.6;5.8;20.9;;5.9;5.5;;79;;;;73;7;2;0.9;0;90;17.5;9.5
BLA;23.03.2017 00:00;3.1;9.2;-0.3;2.7;11.5;-1.1;80.8;6;841.6;;1457.8;;1013.3;1.4;9.2;5;33.1;8.6;31;;0;0.4;;112;;;;81;106;23;1.4;0;68;16.9;8.9
BLA;24.03.2017 00:00;4.6;10.1;1.4;3.7;11.1;-0.1;72.6;6;849;;1529.7;;1022;1.5;6;5.4;21.6;5.5;19.8;;0;0;;121;;;;112;49;10;1.6;0;135;15.4;7.4
BLA;25.03.2017 00:00;5;11;0.2;4;14.1;-1.9;62.6;5.3;847.5;;1514.3;;1020.1;1.6;8.8;5.8;31.7;8.5;30.6;;1;0.2;;118;;;;79;151;31;1.7;0;63;15;7
BLA;26.03.2017 00:00;1.7;3.6;-0.3;1.6;6.6;-1.7;97.3;6.7;846.4;;1504.4;;1018.9;1.3;4.9;4.7;17.6;4.8;17.3;;0.4;1.2;;82;;;;77;7;1;0.8;0;211;18.3;10.3
BLA;27.03.2017 00:00;3.5;10.6;-1.9;3;13.2;-3.6;65.6;4.8;849.3;;1531.8;;1022.2;1.3;5.8;4.7;20.9;5.6;20.2;;0;0;;227;;;;27;501;99;2.1;0;48;16.5;8.5
BLA;28.03.2017 00:00;3.6;10.4;-1.7;;;;65.1;4.9;852.2;;1559.6;;1025.6;1.3;5.7;4.7;20.5;5.6;20.2;;0;0;;203;;;;38;380;74;2;0;52;16.4;8.4
BLA;29.03.2017 00:00;4;11.4;-1.8;2.6;13.3;-4.7;60;4.6;854.4;;1580.6;;1028.2;1.5;5.9;5.4;21.2;5.5;19.8;;0;0;;230;;;;33;509;98;2.3;0;45;16;8
BLA;30.03.2017 00:00;5.7;13.2;-0.7;3.8;13.7;-3.7;48.8;4.1;854;;1577.2;;1027.7;1.6;6;5.8;21.6;5.8;20.9;;0;0;;229;;;;54;499;96;2.6;0;53;14.3;6.3
BLA;31.03.2017 00:00;6.5;12.4;0.9;4.7;14.1;-2.1;51.3;4.8;849.5;;1534;;1022.5;1.8;11;6.5;39.6;10.8;38.9;;0;0;;218;;;;99;410;78;2.5;0;50;13.5;5.5
BLA;01.04.2017 00:00;5.7;9.6;1.9;4.8;12.9;0.7;52.4;4.6;842.4;;1464.8;;1014.2;1.7;9.1;6.1;32.8;8.5;30.6;;1;0;;202;;;;70;349;65;2.3;0;79;14.3;6.3
BLA;02.04.2017 00:00;3.1;6.2;0.7;2.2;5.8;0.1;86.8;6.5;845.2;;1492.7;;1017.5;1.3;6;4.7;21.6;5.8;20.9;;2.3;3.3;;79;;;;76;4;1;1.1;0;63;16.9;8.9
BLA;03.04.2017 00:00;5;11.3;-0.5;4.1;13.7;-2.9;63.6;5.1;849.4;;1533.4;;1022.4;1.7;8.4;6.1;30.2;7.8;28.1;;0.2;0.2;;243;;;;34;502;92;2.5;0;45;15;7
BLA;04.04.2017 00:00;4.3;9;-0.1;3.4;11.5;-2.1;65.7;5.3;848.1;;1520.6;;1020.9;1.3;7.6;4.7;27.4;7.1;25.6;;0.3;0;;128;;;;108;36;7;1.6;0;56;15.7;7.7
BLA;05.04.2017 00:00;3.6;8.9;-0.8;3.9;12.1;-2.4;63.8;4.8;847.1;;1511.2;;1019.7;1.7;7.7;6.1;27.7;7.4;26.6;;0;0.3;;271;;;;67;540;97;2.5;0;45;16.4;8.4
BLA;06.04.2017 00:00;2.7;10.1;-2.7;2.9;13.4;-4.6;61.7;4.4;847.4;;1514;;1020.1;1.5;7.3;5.4;26.3;7.1;25.6;;0;0;;264;;;;36;555;99;2.5;0;45;17.3;9.3
BLA;07.04.2017 00:00;4.9;13.5;-1.5;4.8;17.7;-3.3;55.1;4.5;849.4;;1533.3;;1022.4;1.7;12.1;6.1;43.6;11.6;41.8;;0;0;;258;;;;33;544;97;2.8;0;45;15.1;7.1
BLA;08.04.2017 00:00;6.8;15;0.1;6.9;20;-1.9;51.5;4.6;850.9;;1547.3;;1024.1;1.5;6.1;5.4;22;5.8;20.9;;0;0;;265;;;;28;559;99;3;0;51;13.2;5.2
BLA;09.04.2017 00:00;8.1;15.7;1.9;8.3;21.5;-0.1;53.3;5.4;853;;1567.6;;1026.5;1.7;8.9;6.1;32;8.6;31;;0;0;;257;;;;38;528;93;3.1;0;43;11.9;3.9
BLA;10.04.2017 00:00;7.6;14.5;2.2;7.7;20.3;0.1;57.9;5.8;851.3;;1551;;1024.6;1.8;12.4;6.5;44.6;11.9;42.8;;0;0;;217;;;;70;350;62;2.8;0;47;12.4;4.4
BLA;11.04.2017 00:00;6.5;13.1;1.1;6.7;18.7;-1.1;56.9;5.2;848.8;;1527.3;;1021.7;1.5;9.2;5.4;33.1;9;32.4;;0;0;;231;;;;73;434;75;2.7;0;31;13.5;5.5
BLA;12.04.2017 00:00;6.7;14.7;-0.7;6.9;19.8;-3;52.5;4.8;848.1;;1520.2;;1020.9;1.5;9;5.4;32.4;8.5;30.6;;0;0;;255;;;;64;465;80;3;0;63;13.3;5.3
BLA;13.04.2017 00:00;7;13.9;0.9;7.3;19.6;-1.3;50.2;4.6;844.7;;1487;;1016.9;1.7;9;6.1;32.4;8.7;31.3;;0;0;;281;;;;34;555;95;3.2;0;67;13;5
BLA;14.04.2017 00:00;6.7;14.3;0;6.9;20;-2.4;51;4.7;844.4;;1483.9;;1016.5;1.4;10.5;5;37.8;10.3;37.1;;0;0;;270;;;;41;481;82;3.1;0;270;13.3;5.3
BLA;15.04.2017 00:00;4.9;9.9;0.6;5;14.3;-1.6;70.9;6;845.3;;1493.9;;1017.7;1.4;6.4;5;23;6;21.6;;1.1;1.1;;119;;;;103;41;7;1.7;0;49;15.1;7.1
BLA;16.04.2017 00:00;2.9;7.2;0.2;2.9;12.4;-0.5;82.7;6.2;846.5;;1505.5;;1019;1.5;9.1;5.4;32.8;8.5;30.6;;1.2;1.2;;98;;;;90;9;2;1.3;0;56;17.1;9.1
BLA;17.04.2017 00:00;3.3;8.3;-1.6;3.8;17;-4.3;62;4.6;844.6;;1486.9;;1016.8;1.8;9.9;6.5;35.6;9.8;35.3;;0.8;0.2;;196;;;;134;175;30;2.2;0;225;16.7;8.7
BLA;18.04.2017 00:00;-2.3;1.2;-5.5;-1.5;5.5;-5.6;70.4;3.7;844.9;;1490.5;;1017.1;2.3;10.9;8.3;39.2;10.6;38.2;;0.1;0.7;;147;;;;107;82;14;1.4;0;90;22.3;14.3
BLA;19.04.2017 00:00;-3.8;0.4;-7;-2.9;10;-9.6;62.1;2.8;848.1;;1521;;1020.9;1.8;8.7;6.5;31.3;8.4;30.2;;0.6;0.6;;187;;;;130;134;22;1.6;0;333;23.8;15.8
BLA;20.04.2017 00:00;-1.9;5.5;-8.7;-0.7;13.6;-11;43;2.1;851.3;;1550.9;;1024.6;1.5;11.8;5.4;42.5;11.4;41;;0;0;;315;;;;34;601;100;2.6;0;45;21.9;13.9
BLA;21.04.2017 00:00;1.9;9.9;-6.1;2.7;18.4;-8.9;43.7;2.9;853.1;;1568.5;;1026.7;1.4;7.8;5;28.1;7.7;27.7;;0;0;;308;;;;33;605;99;2.9;0;225;18.1;10.1
BLA;22.04.2017 00:00;5.1;12.4;-2.3;5.7;19.2;-5.4;50.8;4.1;849.9;;1537.3;;1022.9;2.2;12;7.9;43.2;11.8;42.5;;0;0;;308;;;;40;586;96;3.4;0;219;14.9;6.9
BLA;23.04.2017 00:00;5.7;12.7;-0.2;6.6;20.6;-2.7;50.1;4.3;846.5;;1505.4;;1019.1;1.7;8.5;6.1;30.6;8.4;30.2;;0;0;;314;;;;33;612;99;3.4;0;243;14.3;6.3
BLA;24.04.2017 00:00;7.1;15;-0.8;8.2;23.6;-4.2;49.6;4.7;844.4;;1483.9;;1016.6;1.4;9.2;5;33.1;8.9;32;;0;0;;324;;;;58;598;97;3.6;0;225;12.9;4.9
BLA;25.04.2017 00:00;6;11.6;2.8;6.1;18;2.3;73.7;6.7;838.3;;1425;;1009.5;1.6;10.1;5.8;36.4;8.8;31.7;;15.5;8.8;;91;;;;79;25;4;1.7;0;63;14;6
BLA;26.04.2017 00:00;3.5;7.3;0.3;4.4;12.4;0.1;92.7;7.3;835.5;;1398.7;;1006.2;1.8;7.8;6.5;28.1;7.6;27.4;;3.3;9.7;;131;;;;121;7;1;1.4;0;230;16.5;8.5
BLA;27.04.2017 00:00;-1.2;0.7;-3;-0.2;5.2;-2.7;99.2;5.6;837.1;;1416.4;;1008.1;1.7;7.7;6.1;27.7;7.6;27.4;;5.9;6;;94;;;;91;0;0;0.8;0;230;21.2;13.2
BLA;28.04.2017 00:00;-2.3;1.1;-6.1;-1.5;7.8;-8.6;79.5;4.1;839.1;;1435.8;;1010.4;2.2;9.1;7.9;32.8;8.6;31;;0.1;0.3;;180;;;;130;171;27;1.4;0;221;22.3;14.3
BLA;29.04.2017 00:00;0.6;8.8;-7.1;2.1;17;-9.6;53.6;3.2;843.3;;1475.1;;1015.3;1.4;7.1;5;25.6;6.8;24.5;;0;0;;337;;;;33;642;99;3;0;50;19.4;11.4
BLA;30.04.2017 00:00;3.4;9.8;-2.6;4.8;18.2;-5.8;57.1;4.3;840.7;;1449;;1012.3;2;9.1;7.2;32.8;8.6;31;;0;0;;328;;;;47;648;99;3.2;0;198;16.6;8.6
BLA;01.05.2017 00:00;0.3;3.3;-2.8;0;3.5;-5.3;84.7;5.2;840.7;;1450.4;;1012.3;1.5;5.5;5.4;19.8;5.3;19.1;;4.2;4.2;;90;;;;89;0;0;1.1;0;225;19.7;11.7
BLA;02.05.2017 00:00;0.7;6.4;-5.5;0.8;12.3;-8.7;72.5;4.6;843.7;;1478.6;;1015.7;1.3;6.9;4.7;24.8;6;21.6;;0.8;0.3;;165;;;;138;101;15;1.7;0;135;19.3;11.3
BLA;03.05.2017 00:00;2.9;7.5;-2;4.3;14.7;-4.4;77;5.6;844.3;;1483.9;;1016.4;1.4;6.9;5;24.8;6.8;24.5;;2.5;2.4;;205;;;;127;221;33;2.1;0;214;17.1;9.1
BLA;04.05.2017 00:00;2.8;7;0.3;3.6;13.9;-0.7;85.2;6.3;843.2;;1473.6;;1015.2;1.4;8.1;5;29.2;7.9;28.4;;2.3;2.9;;169;;;;110;157;23;1.8;0;76;17.2;9.2
BLA;05.05.2017 00:00;5.6;13.5;-2.5;7;21.8;-4.8;53.9;4.4;845;;1490.9;;1017.3;1.5;6.4;5.4;23;6.2;22.3;;3.1;0;;347;;;;36;664;97;3.7;0;34;14.4;6.4
BLA;06.05.2017 00:00;5.4;10.9;1.8;5.9;17.9;1.4;79.3;7;842.4;;1465.5;;1014.3;1.5;8.1;5.4;29.2;7.6;27.4;;15.5;15.2;;133;;;;87;123;18;1.9;0;162;14.6;6.6
BLA;07.05.2017 00:00;4.7;8.7;1.4;5.7;14.3;1.2;85.9;7.3;844.9;;1490.1;;1017.2;1.5;7.7;5.4;27.7;7.5;27;;3;5.1;;151;;;;141;4;1;1.8;0;216;15.3;7.3
BLA;08.05.2017 00:00;4.8;11;-0.5;5.9;20;-3;79.2;6.6;844.2;;1482.9;;1016.4;1.7;11.2;6.1;40.3;10.6;38.2;;0;1.3;;192;;;;131;139;20;2.3;0;231;15.2;7.2
BLA;09.05.2017 00:00;5;12.7;-1.7;6.6;21.2;-4.3;61;5;841.8;;1459;;1013.5;1.6;7.9;5.8;28.4;7.6;27.4;;0;0;;366;;;;50;703;100;3.9;0;231;15;7
BLA;10.05.2017 00:00;7.9;15.7;-1.3;9.1;23.3;-5;47.4;4.7;839;;1430.6;;1010.2;1.7;8.5;6.1;30.6;8.3;29.9;;0;0;;356;;;;54;666;94;4.2;0;220;12.1;4.1
BLA;11.05.2017 00:00;8.2;13.5;3.2;8.7;23.1;0.3;60.7;6.4;835.1;;1392.5;;1005.8;1.8;11.9;6.5;42.8;11.8;42.5;;0;0;;178;;;;130;118;17;2.6;0;56;11.8;3.8
BLA;12.05.2017 00:00;8.4;15.3;2.5;9.7;23.5;-0.3;69.1;7.3;837.3;;1414;;1008.3;1.8;9.6;6.5;34.6;9.4;33.8;;5.6;2.8;;234;;;;123;307;43;3.1;0;225;11.6;3.6
BLA;13.05.2017 00:00;9.3;15.1;4.2;10.8;23.4;3.7;71.8;8;844.8;;1487.5;;1017;1.5;6.9;5.4;24.8;6.6;23.8;;1;3.8;;203;;;;157;111;16;2.8;0;39;10.7;2.7
BLA;14.05.2017 00:00;9.4;15.2;3.4;10.4;23.9;1.4;68.5;7.7;851.8;;1556.5;;1025.2;1.7;8.6;6.1;31;8.3;29.9;;0;0;;210;;;;148;159;22;2.9;0;270;10.6;2.6
BLA;15.05.2017 00:00;9.4;15.4;2.7;10.5;23.2;-0.3;55.1;6;856.7;;1603.8;;1030.9;1.7;8.7;6.1;31.3;8.6;31;;0;0;;332;;;;65;611;85;4;0;14;10.6;2.6
BLA;16.05.2017 00:00;11.5;19.8;2.5;12.2;26.8;-0.6;43.9;5.3;856.6;;1603.4;;1030.8;1.4;6.3;5;22.7;6;21.6;;0;0;;352;;;;49;715;100;4.6;0;31;8.5;0.5
BLA;17.05.2017 00:00;13.7;21.1;5.3;14.8;27.9;1.5;49.9;7.4;851.8;;1556.4;;1025.2;1.5;7.4;5.4;26.6;6.7;24.1;;0;0;;349;;;;40;709;99;4.8;0;36;0;0
BLA;18.05.2017 00:00;12.1;15.4;8.9;12.1;19.6;7.2;64.2;9;846.3;;1502.6;;1018.8;1.6;13.1;5.8;47.2;12.4;44.6;;7.4;0;;129;;;;114;37;5;2.4;0;108;0;0
BLA;19.05.2017 00:00;4.6;10.8;-0.9;4.2;11.5;-3.4;93;8;844;;1480.8;;1016.1;1.5;7.9;5.4;28.4;7.7;27.7;;26.7;34.1;;64;;;;57;23;3;1.1;0;90;15.4;7.4
BLA;20.05.2017 00:00;3.8;10.4;-3.2;4.7;19.2;-5.9;66;5;849.3;;1532.6;;1022.3;1.3;7.9;4.7;28.4;7.6;27.4;;0;0;;295;;;;111;418;58;3;0;0;16.2;8.2
BLA;21.05.2017 00:00;7.7;16.8;-1.2;8.5;22.6;-4.4;56.7;5.6;850.9;;1547.7;;1024.2;1.5;6.1;5.4;22;5.7;20.5;;0;0;;374;;;;45;721;100;4.4;0;231;12.3;4.3
BLA;22.05.2017 00:00;11.1;18.5;2.7;11.6;24.4;-1;51.1;6.4;849.2;;1530.7;;1022.1;1.6;9.8;5.8;35.3;9.5;34.2;;0;0;;361;;;;45;683;94;4.6;0;211;8.9;0.9
BLA;23.05.2017 00:00;11.5;18.2;4.4;11.6;25.8;0.6;57.8;7.5;851.3;;1552.2;;1024.7;1.6;8.8;5.8;31.7;8.4;30.2;;0.3;0.3;;252;;;;106;413;57;3.6;0;24;8.5;0.5
BLA;24.05.2017 00:00;12.5;18.5;4.7;12.8;26.2;1.6;55.8;7.6;851.9;;1557.7;;1025.3;1.8;10.2;6.5;36.7;9.4;33.8;;0;0;;292;;;;102;451;62;4.1;0;31;0;0
BLA;25.05.2017 00:00;12.5;20.7;4.5;13.2;26.8;1.7;57;7.7;849.2;;1530.5;;1022.1;1.5;8.3;5.4;29.9;7.7;27.7;;0;0;;348;;;;75;724;100;4.7;0;270;0;0
BLA;26.05.2017 00:00;13.5;21.7;4.7;13.9;27.7;0.6;53.7;7.9;849;;1528.9;;1021.9;1.5;7.1;5.4;25.6;6.9;24.8;;0;0;;369;;;;39;724;100;5;0;225;0;0
BLA;27.05.2017 00:00;14.7;22.4;6.7;15;31;3.1;57.4;9.1;851.6;;1554.2;;1024.9;1.4;6.3;5;22.7;5.9;21.2;;0;0;;316;;;;66;580;80;4.6;0;27;0;0
BLA;28.05.2017 00:00;15.1;23.6;8.1;15.2;32;4.7;56.7;9.2;852.6;;1564.8;;1026.1;1.3;9;4.7;32.4;8.6;31;;0;0;;290;;;;64;507;70;4.5;0;45;0;0
BLA;29.05.2017 00:00;14.2;22.5;7.5;14.2;29.4;3.7;64.9;10.1;849.8;;1536.6;;1022.8;1.2;7.2;4.3;25.9;6.9;24.8;;0.3;0.3;;235;;;;73;421;58;3.7;0;90;0;0
BLA;30.05.2017 00:00;13;19.8;6.8;13.3;28.3;3.9;76.3;11.2;849.4;;1532.9;;1022.4;1.4;7.3;5;26.3;7.1;25.6;;1.7;1.7;;209;;;;114;281;39;3.2;0;90;0;0
BLA;31.05.2017 00:00;14.6;21.4;7.7;15.4;29.8;4.4;66.2;10.4;850.8;;1546.8;;1024;1.2;8;4.3;28.8;7.7;27.7;;0;0;;280;;;;99;416;57;4.1;0;45;0;0
BLA;01.06.2017 00:00;13.1;18.7;7.7;13.9;25.5;4.8;71.4;10.5;851.5;;1553.8;;1024.9;1.6;8;5.8;28.8;7.9;28.4;;0;0;;259;;;;131;420;58;3.7;0;207;0;0
BLA;02.06.2017 00:00;13.6;19.7;6;14.6;29.4;2.4;65.2;9.6;849.7;;1536.1;;1022.8;1.5;8.1;5.4;29.2;7.8;28.1;;0;0;;307;;;;124;477;65;4.2;0;219;0;0
BLA;03.06.2017 00:00;13.8;20.2;6.4;14.2;26.9;2.6;70.2;10.7;847;;1508.4;;1019.5;1.5;7.4;5.4;26.6;7.1;25.6;;13.1;1.8;;214;;;;140;241;33;3.3;0;203;0;0
BLA;04.06.2017 00:00;11.9;17;7.9;14.3;27.2;7.8;83.8;11.5;846;;1499.3;;1018.4;1.9;8.4;6.8;30.2;7.9;28.4;;0.5;11.8;;307;;;;147;380;52;3.9;0;219;8.1;0.1
BLA;05.06.2017 00:00;9;10.4;6.1;9.8;15.1;4;98.5;11.3;844.2;;1482.4;;1016.4;1.1;5;4;18;4.7;16.9;;1.7;1.7;;65;;;;63;0;0;1;0;225;11;3
BLA;06.06.2017 00:00;7.4;12.2;2.4;7.5;16.7;-0.5;84.5;8.7;841.9;;1459.8;;1013.7;1.4;13.3;5;47.9;12.4;44.6;;2.5;2.5;;147;;;;94;181;25;2;0;225;12.6;4.6
BLA;07.06.2017 00:00;7.1;12.9;0.8;8.3;21.4;-3.5;57;5.4;847.8;;1518;;1020.6;2;12.1;7.2;43.6;11.8;42.5;;0;0;;386;;;;49;714;98;4.3;0;221;12.9;4.9
BLA;08.06.2017 00:00;10.9;20.9;-0.3;11.2;28.6;-4.8;48.3;5.8;849.7;;1536;;1022.8;1.5;6.1;5.4;22;5.7;20.5;;0;0;;371;;;;49;734;100;4.8;0;252;9.1;1.1
BLA;09.06.2017 00:00;12.2;18.2;5.7;11.6;26;0;63.9;9;848.4;;1523.4;;1021.3;1.4;7.8;5;28.1;7.6;27.4;;0;0;;206;;;;158;117;16;3.1;0;236;0;0
BLA;10.06.2017 00:00;14.3;21.8;7.5;15.4;29.9;3.5;60.3;9.2;851;;1548.7;;1024.2;1.4;6.8;5;24.5;6.6;23.8;;0;0;;353;;;;63;667;91;5;0;225;0;0
BLA;11.06.2017 00:00;17.1;25.6;7.6;17.4;32;2.4;62.6;11.6;851.4;;1552.3;;1024.7;1.6;7.4;5.8;26.6;7.1;25.6;;0;0;;366;;;;34;735;100;5.5;0;214;0;0
BLA;12.06.2017 00:00;16.6;23.5;10.7;15.4;30.2;5.4;65.7;12;850.8;;1547;;1024;1.4;9;5;32.4;8.8;31.7;;0;0;;195;;;;115;219;30;3.5;0;90;0;0
BLA;13.06.2017 00:00;17.1;25.2;8.2;17.2;33.9;3;57.7;10.5;849.7;;1536.1;;1022.8;1.6;9.6;5.8;34.6;9;32.4;;0.5;0;;349;;;;68;661;90;5.3;0;236;0;0
BLA;14.06.2017 00:00;14.6;21.2;10.8;14.5;25.8;7.3;79.2;13;850;;1539.2;;1023.1;1.3;8;4.7;28.8;7.8;28.1;;12.7;11.8;;129;;;;103;58;8;2.5;0;90;0;0
BLA;15.06.2017 00:00;15;20.6;9.5;17;30.5;8.3;79.9;13.4;851.1;;1549.9;;1024.4;1.4;6.1;5;22;5.8;20.9;;0;1.4;;304;;;;130;417;57;4.3;0;225;0;0
BLA;16.06.2017 00:00;15.2;21.3;7.9;15.5;28.7;2.7;63.1;10.4;852.5;;1563.8;;1026;2;10.5;7.2;37.8;10.3;37.1;;0;0;;267;;;;123;318;43;4.2;0;191;0;0
BLA;17.06.2017 00:00;13.2;21.1;5.2;13.8;30.7;0.4;63.6;9.1;852.6;;1564.8;;1026.2;1.8;13;6.5;46.8;12.5;45;;0;0;;367;;;;38;707;96;5;0;27;0;0
BLA;18.06.2017 00:00;15.5;24.5;6.4;15.7;32.3;0.5;63.6;10.6;851.7;;1555.2;;1025;1.5;6.9;5.4;24.8;6.7;24.1;;0;0;;375;;;;34;739;100;5.4;0;233;0;0
BLA;19.06.2017 00:00;17.3;25.1;9.4;18;33.1;4.1;66.9;12.7;852.9;;1567.6;;1026.4;1.5;6.7;5.4;24.1;6.4;23;;0;0;;374;;;;53;736;100;5.5;0;233;0;0
BLA;20.06.2017 00:00;18.2;25.2;10.3;19;35.9;5.9;60.6;12;851.9;;1557.9;;1025.3;1.7;10.7;6.1;38.5;9.1;32.8;;0;0;;381;;;;74;725;98;5.8;0;360;0;0
BLA;21.06.2017 00:00;17.5;25.8;10;17.4;37;4.5;58.4;11.1;850.9;;1548.1;;1024.2;1.7;10.1;6.1;36.4;9.2;33.1;;0;0;;333;;;;82;587;79;5.4;0;22;0;0
BLA;22.06.2017 00:00;17.7;26.6;9.7;17.6;36.7;3.7;61;11.7;851.9;;1557.7;;1025.3;1.5;8.7;5.4;31.3;8.1;29.2;;0.6;0.6;;323;;;;84;575;78;5.2;0;63;0;0
BLA;23.06.2017 00:00;19.2;25.8;11.8;19.3;36.7;6.7;52.2;10.9;852.9;;1568.1;;1026.5;2.2;12.8;7.9;46.1;12.3;44.3;;0;0;;326;;;;132;482;65;5.6;0.9;180;0;0
BLA;24.06.2017 00:00;19.1;26;12.2;19.6;35;7.2;54.7;11.5;850.7;;1545.5;;1023.9;2.1;12.9;7.6;46.4;12.4;44.6;;4.6;0;;334;;;;94;547;74;5.6;0.8;232;0;0
BLA;25.06.2017 00:00;14.5;20.7;8.5;15.8;32.5;2.7;73.5;11.7;848.7;;1525.9;;1021.6;1.7;9.6;6.1;34.6;9.2;33.1;;0.6;5.2;;288;;;;107;357;48;4.2;0;198;0;0
BLA;26.06.2017 00:00;14.6;24.8;6.4;15.6;34.8;1;67;10.1;847.1;;1509.2;;1019.7;1.6;9.9;5.8;35.6;9.2;33.1;;21.5;20.2;;302;;;;86;497;67;4.8;0;180;0;0
BLA;27.06.2017 00:00;14.4;20.2;9.1;15.7;28;7.7;81.3;13;842.6;;1465.1;;1014.5;1.5;6.6;5.4;23.8;6.4;23;;4;1.7;;207;;;;140;150;20;3.2;0;180;0;0
BLA;28.06.2017 00:00;11.9;17.3;7.6;13;27.2;7.7;84.2;11.5;835.7;;1396.4;;1006.5;1.5;7.5;5.4;27;7.4;26.6;;13.8;17.3;;167;;;;98;185;25;2.6;0;180;8.1;0.1
BLA;29.06.2017 00:00;9.6;14.6;5.4;11.3;23.8;4.8;83.2;9.7;836.2;;1402.3;;1007;1.5;7.5;5.4;27;7.2;25.9;;1.6;1.7;;204;;;;121;194;26;2.7;0;189;10.4;2.4
BLA;30.06.2017 00:00;9.9;17.1;2;11.4;27.3;-1;67.5;7.7;840.3;;1443.6;;1011.9;1.8;8.5;6.5;30.6;8.2;29.5;;0;0;;305;;;;87;496;67;3.9;0;221;10.1;2.1
BLA;01.07.2017 00:00;9.6;14.5;5.4;11.9;25.8;2.8;73.8;8.6;845.6;;1495.4;;1017.9;1.6;9.9;5.8;35.6;9.7;34.9;;0.6;0.3;;270;;;;148;276;38;3.4;0;225;10.4;2.4
BLA;02.07.2017 00:00;11.2;16.7;6.9;13.4;26.1;6.6;78.2;10.2;850.6;;1544.9;;1023.8;1.7;8.5;6.1;30.6;8.1;29.2;;0.2;0.5;;246;;;;161;221;30;3.4;0;225;8.8;0.8
BLA;03.07.2017 00:00;12.7;20.4;7;15;29.3;3.4;69.5;9.7;852.9;;1567;;1026.4;1.6;11;5.8;39.6;10.6;38.2;;0;0;;337;;;;52;557;76;4.7;0;315;0;0
BLA;04.07.2017 00:00;14.5;23.2;5;15.8;30.9;1.4;60.1;9.2;852.3;;1562;;1025.8;1.4;8.7;5;31.3;8.1;29.2;;0;0;;361;;;;69;697;95;5.1;0;198;0;0
BLA;05.07.2017 00:00;16.4;24.3;7.4;17.4;32.6;4.1;56.8;9.8;852.2;;1560.6;;1025.6;1.5;9.2;5.4;33.1;8.9;32;;0;0;;344;;;;85;621;85;5.1;0;207;0;0
BLA;06.07.2017 00:00;17.7;25.6;8.8;18.8;32.3;5;51;9.4;852.9;;1567.5;;1026.4;1.3;7.6;4.7;27.4;7.3;26.3;;0;0;;380;;;;50;729;100;5.7;0;180;0;0
BLA;07.07.2017 00:00;18.4;25;10.1;18.4;33.3;6.7;51.4;10.3;853.3;;1572.4;;1027;1.8;10;6.5;36;9.5;34.2;;0;0;;247;;;;111;340;47;4.4;0.1;207;0;0
BLA;08.07.2017 00:00;18.1;25.4;12;18.2;32.4;9;56.7;11.4;852.3;;1562.4;;1025.8;1.5;9.1;5.4;32.8;8.5;30.6;;0.3;0.3;;205;;;;94;316;43;3.9;0;58;0;0
BLA;09.07.2017 00:00;14.7;19.4;11.6;14.5;26.1;9.1;80.4;13.3;848.3;;1522.4;;1021.2;1.5;7.5;5.4;27;7.2;25.9;;8.9;7.5;;110;;;;87;53;7;2.2;0;90;0;0
BLA;10.07.2017 00:00;13.8;19.3;9.4;14.7;26.2;9.1;86.8;13.5;846.4;;1502.5;;1018.8;1.3;6.7;4.7;24.1;6.1;22;;6.2;7.6;;154;;;;109;101;14;2.5;0;198;0;0
BLA;11.07.2017 00:00;13.6;20.1;7.8;14.7;26.7;7;73.7;11;847.9;;1518;;1020.6;1.5;8.7;5.4;31.3;8.4;30.2;;0;0;;264;;;;136;326;45;3.8;0;236;0;0
BLA;12.07.2017 00:00;15.4;21.1;9.4;15.8;27.1;7.1;62.1;10.5;848.7;;1526.1;;1021.6;1.6;9.3;5.8;33.5;9.2;33.1;;0;0;;199;;;;109;207;28;3.4;0;239;0;0
BLA;13.07.2017 00:00;14.8;22;6.9;16.4;28.4;4.4;62.8;10.1;849.4;;1533.1;;1022.4;1.7;8.5;6.1;30.6;8.2;29.5;;0;0;;368;;;;60;668;92;5.1;0;221;0;0
BLA;14.07.2017 00:00;13.6;19.5;9.5;13.9;27.3;7.4;61.2;9.1;849.2;;1530.7;;1022.1;2;12.3;7.2;44.3;11.9;42.8;;0.1;0.1;;190;;;;104;192;26;3.4;0;210;0;0
BLA;15.07.2017 00:00;12;18;5.3;12.5;26.6;2;55.3;7.3;850.9;;1547.9;;1024.2;2;10.9;7.2;39.2;9.7;34.9;;0;0;;268;;;;111;438;60;3.9;0;90;8;0
BLA;16.07.2017 00:00;12.9;21.3;5.2;13.6;27.8;1.8;63.9;9.1;853.3;;1571.3;;1026.9;1.4;12.1;5;43.6;10.3;37.1;;0;0;;252;;;;82;403;56;3.8;0;45;0;0
BLA;17.07.2017 00:00;16.1;24;7.8;17.5;31.6;4.8;64.7;11.2;852.3;;1562.1;;1025.8;1.5;7.9;5.4;28.4;7.5;27;;0;0;;347;;;;86;711;98;5;0;217;0;0
BLA;18.07.2017 00:00;15.7;25.2;9.8;16.5;32;7.9;74;12.4;851;;1549;;1024.3;1.4;8.8;5;31.7;8.2;29.5;;5.1;5.1;;254;;;;78;383;53;4.2;0;198;0;0
BLA;19.07.2017 00:00;15.2;25.6;9.1;15.8;31.7;6.8;75.9;12.2;849.9;;1537.4;;1022.9;1.3;11.1;4.7;40;10.8;38.9;;4.4;4.4;;241;;;;82;399;55;4;0;56;0;0
BLA;20.07.2017 00:00;15.1;22;10;16;28.8;8.2;74.6;12.2;847.4;;1512.4;;1020;1.4;11.1;5;40;10.6;38.2;;0.5;0.5;;238;;;;106;304;42;3.7;0;360;0;0
BLA;21.07.2017 00:00;15.1;22.5;8.3;15.8;28.9;6.2;74.3;12.1;846.5;;1503.3;;1019;1.5;10;5.4;36;9.9;35.6;;4.6;4.6;;222;;;;93;363;50;3.5;0;180;0;0
BLA;22.07.2017 00:00;14.7;22.4;8.4;16;28.2;6.8;73.1;11.3;848.5;;1523.8;;1021.3;1.5;10.8;5.4;38.9;10;36;;2.2;1.8;;296;;;;87;449;62;4.3;0;219;0;0
BLA;23.07.2017 00:00;14.8;21.3;9.9;15.5;27.2;9;69.9;11.1;848.8;;1526.3;;1021.6;1.5;9.8;5.4;35.3;9.6;34.6;;2.8;0.4;;241;;;;87;369;51;3.8;0;243;0;0
BLA;24.07.2017 00:00;10.6;13.1;7.4;10.6;15.7;7.2;86.2;11;843.7;;1476.3;;1015.7;1.2;10.7;4.3;38.5;10.2;36.7;;8.3;8;;98;;;;88;15;2;1.6;0;207;9.4;1.4
BLA;25.07.2017 00:00;8;11;6.7;8.4;13.6;6.2;90.4;9.7;843.4;;1474.3;;1015.4;1.2;5.3;4.3;19.1;4.9;17.6;;7.5;7.4;;93;;;;86;5;1;1.5;0;72;12;4
BLA;26.07.2017 00:00;7.9;13.4;4.5;7.7;16.5;1.7;87.5;9.2;844.3;;1483.3;;1016.5;1.1;4.6;4;16.6;4.3;15.5;;1.1;3.9;;80;;;;72;13;2;1.5;0;90;12.1;4.1
BLA;27.07.2017 00:00;12.8;19.6;4.9;13.6;26.6;2.1;74;10.7;845.7;;1496;;1018.1;1.4;6.7;5;24.1;6.5;23.4;;0.1;0.5;;193;;;;136;127;18;2.9;0;45;0;0
BLA;28.07.2017 00:00;15.4;21.6;9.5;15.9;28.2;6.2;66;11.1;847.5;;1514;;1020.2;1.5;7.4;5.4;26.6;7.3;26.3;;0;0;;247;;;;122;253;35;3.8;0;225;0;0
BLA;29.07.2017 00:00;15.4;24.1;7.2;15.9;30.6;4.5;70.3;11.9;850.2;;1540.5;;1023.3;1.4;8.1;5;29.2;7.8;28.1;;0.2;0.2;;250;;;;99;329;46;3.9;0;225;0;0
BLA;30.07.2017 00:00;15.2;24.7;10;15.5;32;7.6;74.6;12.3;849.8;;1536.9;;1022.9;1.6;10.7;5.8;38.5;10.3;37.1;;5.9;2.8;;219;;;;76;349;49;3.8;0;207;0;0
BLA;31.07.2017 00:00;15.1;22.5;9.8;15.1;28.2;7.5;79.9;13.5;851.2;;1550.3;;1024.4;1.3;9.8;4.7;35.3;9.6;34.6;;2.4;5.5;;190;;;;103;288;41;3.1;0;63;0;0
BLA;01.08.2017 00:00;16.9;25.6;11;17.1;31.2;7.7;70.9;12.9;851.8;;1556.3;;1025.1;1.7;17.6;6.1;63.4;16.6;59.8;;5.5;5.5;;247;;;;75;498;71;4.2;0;72;0;0
BLA;02.08.2017 00:00;18.2;26.3;10.1;18.1;31.7;8.1;61.8;11.7;853.7;;1575.6;;1027.3;2.2;14.7;7.9;52.9;14.7;52.9;;0;0;;306;;;;85;508;72;5.1;0;225;0;0
BLA;03.08.2017 00:00;19.4;26.6;12.6;18.8;31.1;9.6;61.2;13.3;851.8;;1557.1;;1025.2;1.5;11.5;5.4;41.4;10.3;37.1;;0;0;;176;;;;124;146;21;3.5;1.1;180;0;0
BLA;04.08.2017 00:00;19.2;25.6;13.1;19.1;31.1;10.7;64.3;13.8;850.1;;1540.1;;1023.3;1.7;10.9;6.1;39.2;10.3;37.1;;0;0;;216;;;;91;346;50;3.9;0.9;225;0;0
BLA;05.08.2017 00:00;17.3;25.3;10.3;17.6;31.5;7.7;69.2;13;850.3;;1541.8;;1023.4;1.5;9.8;5.4;35.3;9.5;34.2;;0.5;0.5;;262;;;;65;466;68;4.2;0;180;0;0
BLA;06.08.2017 00:00;13;18.8;5.6;12.9;26.7;1.6;76.7;11.5;850.8;;1546.3;;1024;1.6;12.4;5.8;44.6;12.1;43.6;;0;0;;169;;;;120;149;22;2.5;0;270;0;0
BLA;07.08.2017 00:00;13.7;23.1;3.8;13.9;29.1;0;58.6;8.5;849;;1528.9;;1021.9;1.4;6.9;5;24.8;6.6;23.8;;0;0;;318;;;;56;681;100;4.4;0;198;0;0
BLA;08.08.2017 00:00;11.6;14.6;10;11.1;18.6;7.2;91.6;12.5;846.8;;1506.9;;1019.3;1.6;9.2;5.8;33.1;8.9;32;;23.9;23.3;;60;;;;50;22;3;1.3;0;180;8.4;0.4
BLA;09.08.2017 00:00;12;16.8;9.7;13.5;23.9;9.7;92.7;13;847;;1509;;1019.6;1.4;6;5;21.6;5.6;20.2;;6.9;6.6;;175;;;;92;192;29;2.5;0;221;8;0
BLA;10.08.2017 00:00;7.9;10;5;8.4;12.4;4.2;97;10.4;847.7;;1516.3;;1020.4;1.7;6.9;6.1;24.8;6.6;23.8;;46.8;33.7;;53;;;;50;1;0;0.8;0;218;12.1;4.1
BLA;11.08.2017 00:00;6.3;10.2;2.9;7.5;17.1;2.5;90.9;8.6;846.9;;1509.3;;1019.5;1.6;6.3;5.8;22.7;6.2;22.3;;2;16;;154;;;;138;19;3;1.8;0;225;13.7;5.7
BLA;12.08.2017 00:00;9.8;16;4.4;11.5;23.7;3;78.1;9.2;850.7;;1545.5;;1023.9;1.6;10.3;5.8;37.1;9.9;35.6;;0;0;;267;;;;107;394;62;3.2;0;207;10.2;2.2
BLA;13.08.2017 00:00;11.8;19.2;4.6;12.7;27.3;1.8;79.1;10.7;851.3;;1551.8;;1024.6;1.3;5.8;4.7;20.9;5.6;20.2;;0;0;;274;;;;73;498;80;3.4;0;214;8.2;0.2
BLA;14.08.2017 00:00;13.5;21.1;7.3;14.1;27.8;4.6;78.4;11.6;852.3;;1561.3;;1025.7;1.5;7.1;5.4;25.6;6.9;24.8;;10.5;10.5;;269;;;;61;502;81;3.7;0;191;0;0
BLA;15.08.2017 00:00;14.3;23;7.2;14.6;28.8;4.6;75.1;11.5;853.3;;1571.7;;1026.9;1.1;7.5;4;27;7.2;25.9;;2.1;0.4;;244;;;;78;437;70;3.5;0;135;0;0
BLA;16.08.2017 00:00;14.9;21.1;9.6;15.6;28.4;7.9;75.5;12.3;853.3;;1571.8;;1026.9;1.2;5.8;4.3;20.9;5.6;20.2;;0;1.7;;223;;;;114;265;43;3.2;0;90;0;0
BLA;17.08.2017 00:00;15.6;23.9;8.8;16.3;29.2;5.7;71.6;12.1;852.5;;1563.2;;1025.9;1.3;7.1;4.7;25.6;6.8;24.5;;0;0;;286;;;;57;538;87;4.1;0;214;0;0
BLA;18.08.2017 00:00;15.3;24.5;9.6;15.7;30.6;7.9;75.9;12.5;850.7;;1545.8;;1023.9;1.3;10.2;4.7;36.7;8.2;29.5;;11.8;9.7;;230;;;;54;417;68;3.6;0;162;0;0
BLA;19.08.2017 00:00;12.3;18.6;5.5;13.6;25.9;2.5;78.1;10.9;849.6;;1535.1;;1022.6;1.7;7.8;6.1;28.1;7.5;27;;0;2.1;;294;;;;59;547;90;3.6;0;207;0;0
BLA;20.08.2017 00:00;8.8;16.6;3;9.3;23.8;0;69.3;7.5;852.2;;1560.6;;1025.7;1.5;11.7;5.4;42.1;10.1;36.4;;0;0;;294;;;;53;608;100;3.4;0;90;11.2;3.2
BLA;21.08.2017 00:00;10.5;17.5;2.7;10.3;21.9;-0.3;70.3;8.8;852.6;;1563.9;;1026.1;1.2;9.1;4.3;32.8;9;32.4;;0;0;;138;;;;108;74;12;2.1;0;68;9.5;1.5
BLA;22.08.2017 00:00;13;22.1;5.7;13.1;28.8;3;69.7;9.9;851.2;;1550.5;;1024.5;1.4;9.4;5;33.8;9.3;33.5;;0;0;;267;;;;40;516;86;3.7;0;79;0;0
BLA;23.08.2017 00:00;15.3;23.2;8.5;15.4;30.2;5.2;60.3;10.1;850.8;;1546.7;;1024;1.6;10.7;5.8;38.5;10.3;37.1;;0;0;;267;;;;65;504;85;3.9;0;207;0;0
BLA;24.08.2017 00:00;14.7;22.7;9.4;14.4;29.6;6.3;76.1;12.5;852.1;;1560;;1025.6;1;6.9;3.6;24.8;6.9;24.8;;0;0;0;155;;;;57;257;44;2.6;0;90;0;0
BLA;25.08.2017 00:00;15.3;23.8;8.4;15.6;31.1;5.7;71.6;11.9;852.6;;1564.9;;1026.1;1.2;5.2;4.3;18.7;5;18;;1.3;0;0;252;;;;70;492;84;3.6;0;0;0;0
BLA;26.08.2017 00:00;14.7;23.6;10;14.7;30.7;7.8;79;12.9;852.6;;1564.2;;1026.1;1.5;8.5;5.4;30.6;8.4;30.2;;7.9;9.2;0;199;;;;78;325;55;3.2;0;63;0;0
BLA;27.08.2017 00:00;15.5;23.1;9;15.3;29.8;6.2;72.4;12.4;852.3;;1562.2;;1025.8;1;6.9;3.6;24.8;6.5;23.4;;0;0;0;149;;;;116;90;15;2.5;0;51;0;0
BLA;28.08.2017 00:00;15.6;22.8;10.2;15.4;28.3;6.6;67.2;11.6;851.5;;1554.2;;1024.9;1.2;7.4;4.3;26.6;7.2;25.9;;0;0;0;188;;;;128;250;43;3;0;37;0;0
BLA;29.08.2017 00:00;15.6;24.9;8.4;15.4;30.4;5.2;64.8;11;849.9;;1537.8;;1023;1.2;6.5;4.3;23.4;6.3;22.7;;0;0;0;247;;;;58;535;92;3.6;0;180;0;0
BLA;30.08.2017 00:00;16.2;23.6;10.3;16.4;29.7;7;74.1;13.3;848.5;;1523.6;;1021.3;1.1;5.2;4;18.7;4.9;17.6;;1.8;1.6;0;183;;;;97;300;53;2.9;0;117;0;0
BLA;31.08.2017 00:00;12;14.8;9;12;16.4;9.4;97;13.6;848.1;;1520;;1020.9;1.4;8.3;5;29.9;7.9;28.4;;24.1;19.5;0;39;;;;38;0;0;0.8;0;202;8;0
BLA;01.09.2017 00:00;8.8;13.9;4.8;10;23.1;3;93.3;10.6;846.3;;1502.8;;1018.8;1.3;6.6;4.7;23.8;6.5;23.4;;0.2;5;0;159;;;;94;208;37;1.9;0;230;11.2;3.2
BLA;02.09.2017 00:00;6.4;9.4;4.1;6.5;11.8;3;77.2;7.2;845.3;;1493.5;;1017.6;1.8;14.3;6.5;51.5;13.6;49;;0.3;0.3;0;94;;;;90;3;1;1.5;0;180;13.6;5.6
BLA;03.09.2017 00:00;6.9;13.5;2.4;8.4;20.9;0.6;78.9;7.5;845.3;;1493.1;;1017.6;1.5;7.5;5.4;27;7.4;26.6;;0;0;0;277;;;;55;540;96;2.8;0;214;13.1;5.1
BLA;04.09.2017 00:00;9.2;13.1;3.2;9.4;15.7;0.4;80.7;9.3;848.1;;1520.9;;1020.9;1;3.4;3.6;12.2;3.2;11.5;;0.1;0.1;0;80;;;;78;0;0;1.2;0;63;10.8;2.8
BLA;05.09.2017 00:00;12.7;19.8;8.1;14;26.3;6.6;78.6;11.2;851.8;;1556.5;;1025.2;1.2;5.3;4.3;19.1;5;18;;0.1;0;0;244;;;;37;529;96;3.1;0;207;0;0
BLA;06.09.2017 00:00;11.9;19.1;5;12.1;26.6;1.2;75.5;10.2;850.3;;1542;;1023.5;1.3;8.2;4.7;29.5;7.9;28.4;;0;0.1;0;191;;;;82;339;62;2.5;0;0;8.1;0.1
BLA;07.09.2017 00:00;7.8;14.6;2.7;8.1;21;-0.2;82.9;8.6;847.2;;1511.8;;1019.9;1.4;7.2;5;25.9;6.8;24.5;;0;0;0;238;;;;64;487;90;2.5;0;217;12.2;4.2
BLA;08.09.2017 00:00;9;16.9;2.3;9.4;23.8;-0.5;81.2;9;843.7;;1476.5;;1015.7;1;5.5;3.6;19.8;5.2;18.7;;0.1;0;0;218;;;;62;474;89;2.4;0;270;11;3
BLA;09.09.2017 00:00;7.3;10.5;4.7;6.8;11.8;3.7;94.9;9.7;836.4;;1405.3;;1007.2;1.3;8.5;4.7;30.6;8.3;29.9;;15.3;15.4;0;30;;;;28;0;0;0.8;0;194;12.7;4.7
BLA;10.09.2017 00:00;6.7;10.9;3.9;8;20.5;4.3;92.4;9.1;837.7;;1418.6;;1008.8;1.4;6.6;5;23.8;6.2;22.3;;0;0;0;144;;;;96;121;23;1.6;0;218;13.3;5.3
BLA;11.09.2017 00:00;8.1;15.3;3.4;8.9;22.3;1.2;80.5;8.5;838.1;;1422.5;;1009.3;1.6;10.6;5.8;38.2;10.2;36.7;;0.1;0;0;199;;;;42;380;74;2.3;0;219;11.9;3.9
BLA;12.09.2017 00:00;5.5;11.1;1.2;5.6;19.2;-1.9;83.7;7.5;843.1;;1472.4;;1015.1;1.1;7.7;4;27.7;7.4;26.6;;0.5;0.6;0;128;;;;85;113;22;1.5;0;225;14.5;6.5
BLA;13.09.2017 00:00;7.6;14.7;-0.5;7;19.5;-3.4;84.7;9.2;848.5;;1524.5;;1021.4;1.1;5.8;4;20.9;5.7;20.5;;1.5;1.5;0;95;;;;73;83;16;1.3;0;45;12.4;4.4
BLA;14.09.2017 00:00;7.3;14.7;-0.9;6;12.6;-4.2;82.9;8.7;845.1;;1490.6;;1017.4;1.6;12.6;5.8;45.4;11.8;42.5;;8;7.9;0;55;;;;29;124;25;1.1;0;180;12.7;4.7
BLA;15.09.2017 00:00;3.3;9.5;-2.6;3.6;16.1;-5.9;78.6;6;843;;1471;;1014.9;1.3;6.8;4.7;24.5;6.7;24.1;;0;0.1;0;190;;;;65;335;68;1.7;0;214;16.7;8.7
BLA;16.09.2017 00:00;4.9;11.4;1.5;5.3;18.3;-0.4;80.3;6.8;840.8;;1449.7;;1012.4;1.1;8.7;4;31.3;8.6;31;;0;0;0;141;;;;70;200;42;1.6;0;207;15.1;7.1
BLA;17.09.2017 00:00;4.2;10.5;0.3;4.5;18.3;-2.1;82.1;6.5;842.7;;1468.1;;1014.6;1.2;8.3;4.3;29.9;7.9;28.4;;5.5;4;0;127;;;;91;102;22;1.5;0;180;15.8;7.8
BLA;18.09.2017 00:00;4.4;10;0.9;5.5;19.1;-1;86.4;7.1;844.8;;1488.5;;1017;1.5;7.5;5.4;27;7.2;25.9;;0.3;1.8;0;185;;;;71;304;66;1.7;0;207;15.6;7.6
BLA;19.09.2017 00:00;3.5;7.9;0.6;4;14.8;-1.1;81.4;6.3;845.7;;1497.7;;1018.1;1.5;6.2;5.4;22.3;6;21.6;;0.1;0.1;0;110;;;;90;49;11;1.3;0;219;16.5;8.5
BLA;20.09.2017 00:00;3.6;10.9;-0.3;3.9;18;-3.7;81.4;6.2;848.6;;1525;;1021.4;1.4;7.3;5;26.3;6.7;24.1;;0;0;0;201;;;;31;457;100;1.9;0;207;16.4;8.4
BLA;21.09.2017 00:00;5.5;15.7;-1.3;5.1;21.7;-4.9;73.3;6.3;849.1;;1530.2;;1022.1;1.1;5.4;4;19.4;5.2;18.7;;0;0;0;188;;;;22;447;100;2;0;207;14.5;6.5
BLA;22.09.2017 00:00;7.7;16.4;1.4;7.2;22.4;-1.8;74.5;7.5;850.8;;1546.1;;1024;1;5.2;3.6;18.7;4.9;17.6;;0;0;0;173;;;;51;416;95;1.9;0;180;12.3;4.3
BLA;23.09.2017 00:00;9.3;16.9;4.5;9.1;22.9;2.4;74.6;8.4;850.6;;1545;;1023.8;1.2;10;4.3;36;9.3;33.5;;0.1;0;0;151;;;;48;312;72;1.9;0;90;10.7;2.7
BLA;24.09.2017 00:00;8.8;14.8;2.5;9;22.6;-1;64.1;6.9;849.9;;1537.6;;1022.9;1.6;10.1;5.8;36.4;9.8;35.3;;0;0.1;0;187;;;;54;369;85;2.1;0;56;11.2;3.2
BLA;25.09.2017 00:00;7;15.9;0.9;5.8;23;-2.5;62.6;5.9;848.7;;1526.3;;1021.6;1.3;8.7;4.7;31.3;8.4;30.2;;0;0;0;157;;;;37;332;77;2;0;135;13;5
BLA;26.09.2017 00:00;7.8;12.3;2.8;7.5;14.8;-0.4;82.1;8.6;850.5;;1543.4;;1023.6;0.9;4;3.2;14.4;3.8;13.7;;2.4;2.4;0;80;;;;77;0;0;1.1;0;180;12.2;4.2
BLA;27.09.2017 00:00;9.3;15.2;5.9;9.1;21.5;3.5;82.9;9.5;852.7;;1565.4;;1026.3;0.9;5.1;3.2;18.4;5;18;;0;0;0;105;;;;87;43;10;1.4;0;135;10.7;2.7
BLA;28.09.2017 00:00;9.6;17.1;4.4;9.4;23.8;1.9;78.8;9.1;855;;1587.8;;1028.9;1;5.5;3.6;19.8;5.5;19.8;;0;0;0;155;;;;72;291;69;1.8;0;180;10.4;2.4
BLA;29.09.2017 00:00;10.9;17.8;5.4;10.8;25;2.9;77.7;10;853.2;;1570.3;;1026.8;1;5.8;3.6;20.9;5.6;20.2;;0;0;0;137;;;;81;194;47;1.7;0;180;9.1;1.1
BLA;30.09.2017 00:00;9.6;15.6;6;9.1;19;3.1;86.4;10.2;849.1;;1529.8;;1022;1;7.4;3.6;26.6;7;25.2;;8.8;7.9;0;76;;;;70;9;2;1.2;0;90;10.4;2.4
BLA;01.10.2017 00:00;8.2;11.9;5.8;9.6;19;6.3;94.8;10.3;849.8;;1537;;1022.9;1.3;5.2;4.7;18.7;5.1;18.4;;0.3;1.2;0;154;;;;68;262;65;1.4;0;217;11.8;3.8
BLA;02.10.2017 00:00;9.5;12.9;7.2;9.5;14.3;6.3;94;11.2;851.8;;1556.7;;1025.2;0.9;4.7;3.2;16.9;4.6;16.6;;16.4;11.4;0;57;;;;53;6;1;0.9;0;180;10.5;2.5
BLA;03.10.2017 00:00;8.1;12.7;1.2;7.8;17;-1.8;95.5;10.5;850.6;;1544.5;;1023.8;1.1;6.9;4;24.8;6.6;23.8;;15.6;20.6;0;74;;;;38;172;43;0.8;0;90;11.9;3.9
BLA;04.10.2017 00:00;5.6;13.2;0.1;4.7;19.7;-2.6;81.4;7.4;854.1;;1578.2;;1027.9;0.9;4.4;3.2;15.8;4.1;14.8;;0;0;0;120;;;;70;142;36;1.3;0;90;14.4;6.4
BLA;05.10.2017 00:00;10.1;18.9;2.6;9.1;23.5;-0.6;54.6;6.2;849.7;;1535.3;;1022.7;2.2;18.3;7.9;65.9;17.4;62.6;;3.8;0.6;0;145;;;;19;394;100;2.4;0;197;9.9;1.9
BLA;06.10.2017 00:00;4.7;8.9;-0.6;4.8;16.6;-3.7;77.1;6.5;847.2;;1511.6;;1019.8;1.9;14;6.8;50.4;13.3;47.9;;1.7;4.9;0;142;;;;43;250;64;1.3;0;124;15.3;7.3
BLA;07.10.2017 00:00;2.2;9.9;-3.5;1.7;16.1;-6.3;76.6;5.4;850.4;;1542.6;;1023.6;1.1;5.4;4;19.4;5.4;19.4;;7.7;0;0;134;;;;30;334;87;1.2;0;135;17.8;9.8
BLA;08.10.2017 00:00;4.9;11.3;0.9;5.2;19.4;-1.7;85.8;7.3;847.9;;1518.4;;1020.6;1.1;8.8;4;31.7;8.3;29.9;;0;7.7;0;98;;;;64;148;39;1.1;0;45;15.1;7.1
BLA;09.10.2017 00:00;3.6;10.8;-1.2;3.4;16.8;-3.8;86;6.7;848.4;;1523.2;;1021.2;1;4.9;3.6;17.6;4.6;16.6;;0;0;0;134;;;;21;376;100;1.2;0;180;16.4;8.4
BLA;10.10.2017 00:00;4;12.1;-0.5;3.3;18.3;-3.1;87.6;7;849.8;;1537.3;;1022.9;1;4.2;3.6;15.1;4;14.4;;0;0;0;128;;;;26;362;97;1.2;0;135;16;8
BLA;11.10.2017 00:00;6;16.1;0.2;4.8;22.6;-2.7;70.9;6.2;851.6;;1554.6;;1025;0.9;5.3;3.2;19.1;5.2;18.7;;0;0;0;130;;;;15;370;100;1.4;0;45;14;6
BLA;12.10.2017 00:00;8.3;17;2.4;6.9;22.9;-0.8;61;6.3;855.1;;1588.4;;1029;1.1;5;4;18;4.8;17.3;;0;0;0;109;;;;45;250;69;1.5;0;45;11.7;3.7
BLA;13.10.2017 00:00;7.3;17.3;1.9;6;22.6;-1.4;71.5;7.1;857;;1606;;1031.2;0.9;4.1;3.2;14.8;4;14.4;;0;0;0;120;;;;14;360;100;1.4;0;90;12.7;4.7
BLA;14.10.2017 00:00;8.9;18.5;4.1;7.3;24.4;0.6;68.6;7.5;857.7;;1613.9;;1032.1;0.8;3.7;2.9;13.3;3.6;13;;0;0;0;119;;;;14;355;99;1.4;0;90;11.1;3.1
BLA;15.10.2017 00:00;9.8;19.8;4.9;8;25.7;1.3;63.8;7.4;858.1;;1617;;1032.4;0.8;3.6;2.9;13;3.5;12.6;;0;0;0;118;;;;14;353;100;1.4;0;72;10.2;2.2
BLA;16.10.2017 00:00;9.2;18.9;4.6;7.2;24.4;0.6;59;6.5;857.7;;1613.5;;1032;0.8;3.3;2.9;11.9;3.1;11.2;;0;0;0;119;;;;15;350;99;1.4;0;76;10.8;2.8
BLA;17.10.2017 00:00;8.9;18.7;3.7;6.7;24.5;-0.4;53.1;5.7;853.9;;1576.3;;1027.6;0.9;3.5;3.2;12.6;3.4;12.2;;0;0;0;112;;;;19;341;98;1.4;0;90;11.1;3.1
BLA;18.10.2017 00:00;7.2;16.6;2.6;5.1;22.3;-1.2;56.7;5.4;848;;1519.7;;1020.8;1;5.6;3.6;20.2;5.4;19.4;;0;0;0;113;;;;15;344;100;1.4;0;108;12.8;4.8
BLA;19.10.2017 00:00;7.7;17.1;2.9;5.7;22.5;-0.6;61.5;6.2;846.3;;1502.4;;1018.7;0.9;3.6;3.2;13;3.5;12.6;;0;0;0;83;;;;36;193;57;1.2;0;72;12.3;4.3
BLA;20.10.2017 00:00;8.4;15.5;2.5;7.4;21.6;-1.1;64.2;6.8;848.4;;1522.9;;1021.2;1;5;3.6;18;4.5;16.2;;0;0;0;100;;;;49;139;41;1.2;0;63;11.6;3.6
BLA;21.10.2017 00:00;9.8;15.6;6.1;9;17.7;5.1;72;8.5;848.4;;1522.8;;1021.2;1;5.7;3.6;20.5;5.2;18.7;;1.6;1.6;0;72;;;;60;24;7;1.1;0;180;10.2;2.2
BLA;22.10.2017 00:00;2.6;6;-0.2;2.5;6;-0.5;89.6;6.6;846.6;;1506.6;;1019.2;1.7;10;6.1;36;9.8;35.3;;6.1;2.7;0;51;;;;46;10;3;0.6;0;207;17.4;9.4
BLA;23.10.2017 00:00;0.9;4.6;-0.7;0.2;2.8;-1.1;93;6;849.4;;1533.4;;1022.4;1.4;7.1;5;25.6;6.6;23.8;;4.6;8;2;32;;;;31;0;0;0.6;0;63;19.1;11.1
BLA;24.10.2017 00:00;2.7;9.9;-1;2;13.4;-3.2;87;6.4;853.5;;1571.9;;1027.1;1.2;8.2;4.3;29.5;8.1;29.2;;0;0;1;92;;;;23;320;98;0.8;0;90;17.3;9.3
BLA;25.10.2017 00:00;6.7;15.6;1.7;5.4;21.2;-0.9;71.6;6.9;855.6;;1592.4;;1029.5;0.9;3.2;3.2;11.5;3.1;11.2;;0;0;0;95;;;;18;323;100;1;0;53;13.3;5.3
BLA;26.10.2017 00:00;8.4;18.1;3.3;6.6;23.5;0.2;56.8;6;856.4;;1600.4;;1030.5;0.8;3.6;2.9;13;3.4;12.2;;0;0;0;103;;;;33;309;97;1.1;0;53;11.6;3.6
BLA;27.10.2017 00:00;7.5;13.4;-0.3;5.2;12.1;-3.5;59.5;6.1;853;;1568;;1026.6;2.4;16.9;8.6;60.8;16.1;58;;2.9;2.9;0;43;;;;36;37;12;1.4;0;135;12.5;4.5
BLA;28.10.2017 00:00;0.7;7.3;-2.6;-0.8;13.1;-5.5;77.3;5;851.5;;1552.8;;1024.8;1.2;4.7;4.3;16.9;4.4;15.8;;0.7;0;0;83;;;;29;263;84;0.8;0;72;19.3;11.3
BLA;29.10.2017 00:00;3.8;8.1;-1.6;2.7;8.1;-4.3;88.3;7.2;845.5;;1495.7;;1017.9;1.5;8;5.4;28.8;7.7;27.7;;1.7;2.4;0;27;;;;25;0;0;0.5;0;53;16.2;8.2
BLA;30.10.2017 00:00;1.6;6.4;-2.4;1.1;11.1;-4.8;90.1;6.2;847;;1510.7;;1019.6;1;6.2;3.6;22.3;5.7;20.5;;0;0;0;90;;;;20;267;90;0.6;0;225;18.4;10.4
BLA;31.10.2017 00:00;0.8;9;-2.7;-0.6;14.9;-5.5;80.5;5.1;851.1;;1549.1;;1024.3;0.8;3.8;2.9;13.7;3.6;13;;0;0;0;83;;;;12;293;100;0.7;0;63;19.2;11.2
BLA;01.11.2017 00:00;2.7;11.6;-1.4;1;16.1;-4.3;71;5.2;851.2;;1549.8;;1024.4;0.8;4.8;2.9;17.3;4.6;16.6;;0;0;0;72;;;;21;289;99;0.8;0;45;17.3;9.3
BLA;02.11.2017 00:00;3.4;9.8;-0.4;1.5;13.3;-3.6;70.2;5.4;847.7;;1517;;1020.4;0.9;4.3;3.2;15.5;4.2;15.1;;0;0;0;72;;;;50;98;34;0.7;0;45;16.6;8.6
BLA;03.11.2017 00:00;2.5;11.8;-1.9;0.8;17;-4.8;65.8;4.6;845.6;;1496.6;;1018;0.8;3.5;2.9;12.6;3.4;12.2;;0;0;0;76;;;;11;284;100;0.8;0;53;17.5;9.5
BLA;04.11.2017 00:00;4.2;10.4;1.4;2.7;15.8;-1.7;67.1;5.5;843.9;;1480;;1016;1;5.7;3.6;20.5;5.5;19.8;;0;0;0;57;;;;30;105;38;0.8;0;72;15.8;7.8
BLA;05.11.2017 00:00;2;5.7;-1.4;1.2;4.3;-2;89.4;6.3;839.1;;1434.5;;1010.4;1.2;5.7;4.3;20.5;5.6;20.2;;12.3;12.3;0;11;;;;10;0;0;0.5;0;117;18;10
BLA;06.11.2017 00:00;-1.4;0.7;-3.8;-1.6;2.6;-5.6;90.3;5;840.8;;1451.5;;1012.3;1.3;5.7;4.7;20.5;5.6;20.2;;0;0;0;52;;;;48;17;6;0.4;0;220;21.4;13.4
BLA;07.11.2017 00:00;-2.3;2.5;-5.8;-2.5;7.3;-8.1;91.6;4.8;841.5;;1459.1;;1013.2;1;5;3.6;18;4.8;17.3;;1.4;0.1;0;65;;;;14;200;74;0.4;0;207;22.3;14.3
BLA;08.11.2017 00:00;-1.3;0.2;-1.9;-1;2.2;-2.3;97.5;5.4;842.5;;1468.6;;1014.4;1.1;5;4;18;4.8;17.3;;1.4;2.7;1;47;;;;45;0;0;0.4;0;225;21.3;13.3
BLA;09.11.2017 00:00;-1;1.9;-3.3;-1;7.5;-5.2;94.6;5.4;847.2;;1512.3;;1019.8;1.3;5.4;4.7;19.4;5.3;19.1;;0;0;0;59;;;;23;154;58;0.4;0;90;21;13
BLA;10.11.2017 00:00;-1.8;1;-6.1;-2.3;2.6;-8.2;91;4.9;848.8;;1527.8;;1021.7;1;5.2;3.6;18.7;4.9;17.6;;0.2;0.2;0;48;;;;46;0;0;0.3;0;63;21.8;13.8
BLA;11.11.2017 00:00;0.7;3.9;-0.7;0;3.8;-2.5;93.6;6;845.3;;1493.9;;1017.6;1.1;4.7;4;16.9;4.6;16.6;;21.1;19.9;0;27;;;;26;0;0;0.5;0;45;19.3;11.3
BLA;12.11.2017 00:00;0.9;5.9;-4.8;1;7.4;-2;94.6;6.2;836.7;;1412.3;;1007.7;1.5;11.9;5.4;42.8;11.3;40.7;;16.8;16.1;0;36;;;;34;0;0;0.4;0;58;19.1;11.1
BLA;13.11.2017 00:00;-3;-1.1;-9;-2.9;-1.7;-11.5;61.3;2.9;836.5;;1412.1;;1007.4;4.4;23.9;15.8;86;22.1;79.6;;0.2;2.1;25;19;;;;18;0;0;0.8;0;48;23;15
BLA;14.11.2017 00:00;-7.6;-1.3;-12.1;-9.2;1.9;-14.7;78.1;2.7;846.2;;1503.8;;1018.7;1.3;5;4.7;18;4.9;17.6;;0;0;21;61;;;;11;244;100;0.4;0;45;27.6;19.6
BLA;15.11.2017 00:00;-3.5;3.7;-8;-5.5;6.9;-10.6;75.5;3.6;847.1;;1512.3;;1019.8;0.8;3.9;2.9;14;3.6;13;;0;0;18;58;;;;11;240;100;0.4;0;45;23.5;15.5
BLA;16.11.2017 00:00;-2.4;5;-4.8;-4.6;6.1;-7.6;69.3;3.5;848;;1519.9;;1020.7;0.8;3.6;2.9;13;3.5;12.6;;0;0;16;54;;;;16;210;92;0.5;0;45;22.4;14.4
BLA;17.11.2017 00:00;-2.4;4.3;-5.7;-4.4;6.3;-8.4;71.6;3.6;847.8;;1518.1;;1020.5;0.9;4;3.2;14.4;3.8;13.7;;0;0;15;56;;;;14;231;100;0.5;0;45;22.4;14.4
BLA;18.11.2017 00:00;-5.5;1.4;-9.3;-7.7;2.9;-12;76.2;3.1;847.3;;1513.9;;1020;1;3.5;3.6;12.6;3.3;11.9;;1.4;0;15;54;;;;11;227;100;0.4;0;45;25.5;17.5
BLA;19.11.2017 00:00;-2.2;4.1;-7.5;-3.4;3.7;-11.2;72.9;3.9;845.8;;1499.8;;1018.3;1.8;12.6;6.5;45.4;12;43.2;;6;7.4;17;38;;;;32;76;36;0.6;0;45;22.2;14.2
BLA;20.11.2017 00:00;-3.1;3;-9.1;-5.1;5.1;-11.9;63.6;3.2;848.1;;1520.8;;1020.8;1.2;4.3;4.3;15.5;3.8;13.7;;0;0;22;48;;;;36;90;43;0.5;0;51;23.1;15.1
BLA;21.11.2017 00:00;1.9;6.2;-1;0.4;5.2;-3.6;73.8;5.2;848;;1520;;1020.8;1;6;3.6;21.6;5.9;21.2;;0;0;21;33;;;;32;0;0;0.6;0;45;18.1;10.1
BLA;22.11.2017 00:00;0.1;6.5;-2.6;-2.2;7.1;-5.2;60.6;3.7;845.5;;1495.9;;1017.8;1;3.9;3.6;14;3.8;13.7;;0;0;18;49;;;;12;207;100;0.6;0;45;19.9;11.9
BLA;23.11.2017 00:00;0.5;5.9;-4;-1.5;6.7;-6.5;67.2;4.3;845.6;;1497;;1018;1.1;4;4;14.4;3.9;14;;0;0;18;42;;;;38;23;11;0.6;0;45;19.5;11.5
BLA;24.11.2017 00:00;2.9;7.6;0.3;1.6;6.8;-1.7;74.8;5.6;845.9;;1499.7;;1018.3;1.1;5.4;4;19.4;5.2;18.7;;0;0;18;41;;;;34;40;20;0.6;0;45;17.1;9.1
BLA;25.11.2017 00:00;0.7;2.7;-2.9;0.1;2.8;-3.8;90.1;5.8;841.5;;1458.2;;1013.2;1.2;6.1;4.3;22;5.8;20.9;;6.2;5.9;17;25;;;;24;0;0;0.3;0;90;19.3;11.3
BLA;26.11.2017 00:00;-4.8;-3;-8.5;-5.4;-3.1;-10.5;59.8;2.6;848.1;;1520.7;;1020.8;1.9;13.2;6.8;47.5;12.9;46.4;;0;0.3;19;38;;;;36;0;0;0.5;0;84;24.8;16.8
BLA;27.11.2017 00:00;-7.1;-2.8;-10.8;-8.4;-1.4;-13.1;67.4;2.5;849.5;;1533.8;;1022.5;1.2;5.4;4.3;19.4;5.1;18.4;;0;0;18;41;;;;11;183;95;0.4;0;45;27.1;19.1
BLA;28.11.2017 00:00;-1.7;3.2;-5.3;-2.7;3.6;-7.5;74.4;3.9;838.4;;1429;;1009.6;1.2;5.7;4.3;20.5;5.3;19.1;;0.4;0;18;44;;;;42;0;0;0.5;0;37;21.7;13.7
BLA;29.11.2017 00:00;-4.1;-2.4;-7.2;-4.5;-0.6;-8.9;93.4;4.2;831.9;;1368.8;;1002.1;1;3.9;3.6;14;3.8;13.7;;1.5;1.9;20;39;;;;38;0;0;0.2;0;225;24.1;16.1
BLA;30.11.2017 00:00;-7.6;-5.6;-10.3;-8.2;-4.6;-12.5;84.7;2.9;832.9;;1380.7;;1003.3;1;4;3.6;14.4;3.9;14;;0.5;0.2;22;26;;;;26;0;0;0.3;0;45;27.6;19.6
BLA;01.12.2017 00:00;-9.2;-5.6;-12.8;-10.8;-4.5;-15.4;77.2;2.4;834.8;;1399.1;;1005.5;1.1;4.1;4;14.8;3.9;14;;0;0.3;23;34;;;;28;62;36;0.3;0;45;29.2;21.2
BLA;02.12.2017 00:00;-8.1;-2.1;-12.7;-9.9;-1.3;-15.2;69.2;2.3;840.4;;1450.5;;1011.9;1;4.6;3.6;16.6;4.2;15.1;;0;0;23;43;;;;32;97;57;0.3;0;50;28.1;20.1
BLA;03.12.2017 00:00;-11.3;-7.2;-15.2;-12.7;-5.8;-18;79.9;2.1;846.7;;1509.5;;1019.3;1.2;5.5;4.3;19.8;5.1;18.4;;0;0;22;35;;;;11;165;99;0.2;0;53;31.3;23.3
BLA;04.12.2017 00:00;-7.7;-2.6;-10.1;-9.2;-2.4;-12;86.7;3;853.8;;1573.7;;1027.5;1.1;4.8;4;17.3;4.5;16.2;;0;0;23;31;;;;15;138;84;0.3;0;56;27.7;19.7
BLA;05.12.2017 00:00;-6.4;-1;-10.2;-8.2;0.2;-12.5;78.2;2.9;858.5;;1617;;1033;1.1;5.6;4;20.2;5;18;;0;0;23;30;;;;8;164;100;0.4;0;45;26.4;18.4
BLA;06.12.2017 00:00;-4.3;2;-6.6;-7.4;1.8;-9.7;66.1;2.9;857;;1603;;1031.2;0.8;3.3;2.9;11.9;3;10.8;;0;0;23;30;;;;8;162;100;0.5;0;51;24.3;16.3
BLA;07.12.2017 00:00;-3.9;2.4;-6.9;-7;1.8;-10.6;62.3;2.8;851.2;;1550;;1024.5;1;3.8;3.6;13.7;3.6;13;;4.1;0;23;30;;;;8;160;100;0.5;0;45;23.9;15.9
BLA;08.12.2017 00:00;-2.3;1.3;-7.3;-1.8;0.9;-4.5;87;4.5;840.9;;1453.3;;1012.5;1.2;9.7;4.3;34.9;9.4;33.8;;9.1;10.9;30;29;;;;28;0;0;0.3;0;207;22.3;14.3
BLA;09.12.2017 00:00;-9.8;-6.7;-15.6;-9.1;-4.3;-17.6;78.1;2.3;840.3;;1450.1;;1011.8;1.9;16.9;6.8;60.8;16.2;58.3;;0.9;3.2;45;31;;;;30;0;0;0.2;0;45;29.8;21.8
BLA;10.12.2017 00:00;-8.1;-2.8;-16.1;-9.1;-6.7;-18;89.9;3.1;830.7;;1359.6;;1000.7;0.9;5.6;3.2;20.2;5.2;18.7;;47.4;46;41;2;;;;2;0;0;0.3;0;45;28.1;20.1
BLA;11.12.2017 00:00;-0.7;1.7;-2.9;-2.9;0.8;-6.7;97.9;5.7;820.8;;1258.2;;989.1;1.3;7;4.7;25.2;6.6;23.8;;8.5;9.9;90;15;;;;14;0;0;0.3;0;207;20.7;12.7
BLA;12.12.2017 00:00;-5.3;-1.5;-13.8;-6.2;-0.8;-15.9;95.4;4.1;836.2;;1409.2;;1007;1.1;7;4;25.2;6.6;23.8;;2.9;2.9;86;28;;;;27;0;0;0.1;0;45;25.3;17.3
BLA;13.12.2017 00:00;-9.5;-3.1;-15.3;-10.9;-3.6;-17.6;87.8;2.8;841.5;;1461.1;;1013.3;1;5.6;3.6;20.2;5.5;19.8;;4.1;3.5;82;25;;;;23;0;0;0.2;0;37;29.5;21.5
BLA;14.12.2017 00:00;-0.9;1.1;-4.2;-1.3;0.3;-4.4;96.7;5.5;832.4;;1371.7;;1002.7;1.3;6.4;4.7;23;6.1;22;;18.4;11.8;82;10;;;;9;0;0;0.3;0;225;20.9;12.9
BLA;15.12.2017 00:00;-5.4;-0.8;-9;-5.3;-1.3;-9.2;87.7;3.7;829;;1341.8;;998.7;1.5;11.4;5.4;41;10.7;38.5;;0.2;7.4;101;26;;;;24;0;0;0.3;0;45;25.4;17.4
BLA;16.12.2017 00:00;-6.4;-4;-10.2;-7;-3;-10.5;90.2;3.4;836.2;;1410.7;;1007.1;1.1;4.9;4;17.6;4.3;15.5;;1.7;1.2;91;32;;;;31;0;0;0.2;0;90;26.4;18.4
BLA;17.12.2017 00:00;-9.5;-5.3;-14.7;-10.7;-5.3;-17.1;80.5;2.5;846.4;;1505.7;;1018.9;1.3;5.2;4.7;18.7;5.1;18.4;;1.1;0.5;89;28;;;;26;0;0;0.2;0;45;29.5;21.5
BLA;18.12.2017 00:00;-9.5;-4.6;-14.4;-10.7;-0.6;-16.5;89.5;2.7;847.4;;1515;;1020.1;1.2;5.6;4.3;20.2;5.4;19.4;;14.7;15.8;86;21;;;;14;77;61;0.2;0;45;29.5;21.5
BLA;19.12.2017 00:00;-9;-5.5;-12.4;-10.5;-3.2;-16;89.1;2.8;853.6;;1571.4;;1027.2;1.2;5.1;4.3;18.4;4.9;17.6;;0;0;104;33;;;;18;130;100;0.2;0;45;29;21
BLA;20.12.2017 00:00;-7.7;-4.7;-10.8;-8.6;-2.9;-13.4;95.2;3.3;854.8;;1582.7;;1028.7;1.2;4.7;4.3;16.9;4.6;16.6;;0;0;96;25;;;;10;129;100;0.2;0;72;27.7;19.7
BLA;21.12.2017 00:00;-4.6;-0.7;-10.3;-6;0.2;-12.8;90.9;4;858.5;;1617.4;;1033;1.3;5.6;4.7;20.2;5.4;19.4;;0.6;0.6;92;23;;;;10;112;89;0.2;0;72;24.6;16.6
BLA;22.12.2017 00:00;-1.9;1.8;-4.9;-2.5;2.6;-6.7;97.4;5.2;858.1;;1614.6;;1032.5;1.1;4.9;4;17.6;4.8;17.3;;0.1;0.1;88;33;;;;31;0;0;0.2;0;45;21.9;13.9
BLA;23.12.2017 00:00;-4.9;-1.4;-7.3;-6.6;-0.7;-9.6;84.4;3.6;859.2;;1623.6;;1033.8;1.3;5;4.7;18;4.9;17.6;;0;0;85;22;;;;12;124;98;0.3;0;45;24.9;16.9
BLA;24.12.2017 00:00;-3.3;2;-5.8;-5.2;3.1;-8;72.7;3.5;856.2;;1596.1;;1030.3;0.8;2.8;2.9;10.1;2.7;9.7;;0;0;82;23;;;;8;131;100;0.4;0;39;23.3;15.3
BLA;25.12.2017 00:00;-2.5;3.9;-6.1;-4.6;4.7;-8.2;66.6;3.4;848.9;;1528.5;;1021.8;0.9;3.9;3.2;14;3.7;13.3;;0;0;80;25;;;;15;100;79;0.5;0;45;22.5;14.5
BLA;26.12.2017 00:00;-4.1;1.2;-7.4;-5.6;1.3;-9.6;76.6;3.5;838.7;;1432.5;;1009.9;1.2;5.6;4.3;20.2;5.5;19.8;;0;0;78;29;;;;28;0;0;0.4;0;45;24.1;16.1
BLA;27.12.2017 00:00;-2;2;-5.3;-2.5;1;-5.4;85.9;4.5;821.8;;1269.5;;990.3;1.6;14.3;5.8;51.5;12.9;46.4;;4.6;3.3;76;15;;;;14;0;0;0.4;0;90;22;14
BLA;28.12.2017 00:00;-8.2;-4.6;-15.6;-8.9;-3.1;-18;83.2;2.8;828.4;;1337.8;;998;1.4;6.6;5;23.8;6.4;23;;4.1;5.4;84;24;;;;21;0;0;0.2;0;56;28.2;20.2
BLA;29.12.2017 00:00;-9.4;1;-17.3;-10.9;-1.4;-19.9;74.5;2.5;837.5;;1424.1;;1008.6;1.6;18.5;5.8;66.6;16.7;60.1;;12.6;7.8;86;28;;;;28;0;0;0.5;0;40;29.4;21.4
BLA;30.12.2017 00:00;-0.1;1.9;-2.1;-1.2;-0.1;-2.5;98.2;6;842.1;;1463.9;;1013.9;1.3;39.8;4.7;143.3;33.2;119.5;;32.4;37.2;97;9;;;;8;0;0;0.3;0;59;20.1;12.1
BLA;31.12.2017 00:00;-1.9;1.1;-4.9;-3.9;-0.1;-7.4;85.8;4.6;844.1;;1483.1;;1016.2;1.2;6.3;4.3;22.7;6.1;22;;1.9;0;98;26;;;;11;102;76;0.3;0;41;21.9;13.9
BLA;01.01.2018 00:00;-2.4;-0.7;-5;-3;-0.1;-6.5;89.2;4.6;840;;1444.8;;1011.5;1.2;6.5;4.3;23.4;6.5;23.4;;13.9;11.3;99;28;;;;22;28;21;0.3;0;45;22.4;14.4
BLA;02.01.2018 00:00;-3;-0.9;-4.5;-3.5;-1.6;-4.8;83.9;4.1;843.3;;1476;;1015.3;2.2;18.3;7.9;65.9;17.6;63.4;;15.3;15.7;116;37;;;;36;0;0;0.4;0;221;23;15
BLA;03.01.2018 00:00;0.8;5.9;-2.4;0.1;3.7;-2.4;87.9;5.7;838.4;;1428.1;;1009.6;2.9;41;10.4;147.6;37;133.2;;21.7;14.1;117;9;;;;8;0;0;0.7;0;204;19.2;11.2
BLA;04.01.2018 00:00;0.4;2.2;-2;0;1.3;-2.1;99.1;6.2;837.8;;1422.8;;1008.9;1.5;5.2;5.4;18.7;5.1;18.4;;60.2;70.3;123;4;;;;3;0;0;0.3;0;45;19.6;11.6
BLA;05.01.2018 00:00;1.7;5.1;-0.4;1.1;6;-1.6;95.1;6.6;836.3;;1407.1;;1007.1;1.2;4.9;4.3;17.6;4.7;16.9;;0;1.6;118;38;;;;33;45;28;0.3;0;45;18.3;10.3
BLA;06.01.2018 00:00;-0.6;3.4;-3.9;-1.8;3.8;-5.3;81.8;4.7;837.1;;1416.5;;1008.1;1.2;8;4.3;28.8;7.3;26.3;;0;0;112;34;;;;14;163;99;0.4;0;45;20.6;12.6
BLA;07.01.2018 00:00;1.9;4.2;-0.3;1.1;4;-1.2;86.5;6.1;843.2;;1474.4;;1015.2;1.4;5.7;5;20.5;5.5;19.8;;0.3;0.1;110;32;;;;31;0;0;0.4;0;54;18.1;10.1
BLA;08.01.2018 00:00;1.1;2.3;0.2;0.6;2;0;97.7;6.5;845.9;;1499.9;;1018.3;1.4;7.5;5;27;7.1;25.6;;46.4;22.2;107;6;;;;5;0;0;0.4;0;90;18.9;10.9
BLA;09.01.2018 00:00;-0.2;1.4;-4.8;-0.8;1.7;-6.4;98;5.9;841.7;;1460.5;;1013.5;1.3;5.4;4.7;19.4;5.1;18.4;;1.5;25.9;118;26;;;;25;0;0;0.2;0;63;20.2;12.2
BLA;10.01.2018 00:00;-4;0.8;-8;-5.1;1.8;-9.9;86.8;3.9;840.3;;1448.2;;1011.8;1;3.7;3.6;13.3;3.5;12.6;;0;0;115;42;;;;41;0;0;0.3;0;41;24;16
BLA;11.01.2018 00:00;-5.5;-1.3;-9.4;-6.6;0.4;-11.5;84.1;3.4;840.6;;1451.5;;1012.2;1.1;3.6;4;13;3.4;12.2;;0;0;113;48;;;;26;146;79;0.3;0;45;25.5;17.5
BLA;12.01.2018 00:00;-7.3;-2.3;-10;-9;-0.6;-12.3;80.6;2.9;846;;1502.3;;1018.5;0.9;4.1;3.2;14.8;3.9;14;;0;0;111;39;;;;11;186;99;0.3;0;45;27.3;19.3
BLA;13.01.2018 00:00;-7.6;-1.9;-10.1;-9.6;-0.5;-12.6;75.6;2.6;845.9;;1501.4;;1018.3;0.9;3.1;3.2;11.2;3;10.8;;0;0;110;40;;;;10;190;99;0.3;0;50;27.6;19.6
BLA;14.01.2018 00:00;-8.6;-3.1;-11.1;-10.8;-1.9;-13.7;68.1;2.2;844.6;;1489.6;;1016.8;0.9;3.8;3.2;13.7;3.6;13;;0;0;110;42;;;;11;196;99;0.4;0;50;28.6;20.6
BLA;15.01.2018 00:00;-6.6;-1.3;-12.2;-8.1;-0.3;-14.5;74.4;2.9;843.8;;1480.8;;1015.8;1.1;4.8;4;17.3;4.7;16.9;;6.7;2;109;37;;;;27;54;27;0.3;0;50;26.6;18.6
BLA;16.01.2018 00:00;0.1;3.9;-2.5;-0.3;3.6;-3;93.5;5.7;834.4;;1389.9;;1005;1.9;16.6;6.8;59.8;16.3;58.7;;9.9;12.1;121;20;;;;19;0;0;0.5;0;180;19.9;11.9
BLA;17.01.2018 00:00;-3.7;0.8;-6.3;-4.1;-0.6;-6.5;67.4;3.2;836;;1406.5;;1006.8;4.6;31.6;16.6;113.8;29.9;107.6;;4;3.6;110;19;;;;18;0;0;1;0;189;23.7;15.7
BLA;18.01.2018 00:00;-2.2;0.6;-6.2;-3.2;-1.3;-6.5;97.9;5.2;841.6;;1459.9;;1013.3;1.3;5.2;4.7;18.7;4.7;16.9;;32.2;30.8;112;8;;;;7;0;0;0.3;0;45;22.2;14.2
BLA;19.01.2018 00:00;-1.7;0.8;-4.9;-2.6;0.7;-5.5;91;4.9;839.2;;1436.4;;1010.5;1.3;6.9;4.7;24.8;6.4;23;;3;6.9;145;59;;;;47;56;27;0.3;0;180;21.7;13.7
BLA;20.01.2018 00:00;-4;2.2;-6.7;-4.2;1;-7.3;93.2;4.3;836.9;;1416;;1007.9;1.6;9.7;5.8;34.9;9.4;33.8;;18.1;16.3;141;21;;;;20;0;0;0.5;0;45;24;16
BLA;21.01.2018 00:00;0.1;3.6;-2.4;-0.5;2.3;-2.5;84.9;5.2;839;;1433.9;;1010.3;3.1;32.4;11.2;116.6;32.1;115.6;;61.5;40.9;146;7;;;;6;0;0;0.7;0;184;19.9;11.9
BLA;22.01.2018 00:00;0.4;1.5;0.1;0;0.1;-0.1;99.3;6.3;843.4;;1476.1;;1015.4;1;5.7;3.6;20.5;5.5;19.8;;45.4;67.7;169;10;;;;10;0;0;0.4;0;56;19.6;11.6
BLA;23.01.2018 00:00;-1.8;2.6;-5.5;-1.9;1.9;-7.3;88.8;4.8;851.8;;1555.7;;1025.2;1.2;5.5;4.3;19.8;5.3;19.1;;0;0.5;161;60;;;;35;180;80;0.3;0;50;21.8;13.8
BLA;24.01.2018 00:00;-1.8;4;-5;-3.7;6.7;-7.6;88.6;4.8;852.9;;1566.4;;1026.5;0.8;2.9;2.9;10.4;2.8;10.1;;0;0;156;54;;;;17;217;96;0.4;0;39;21.8;13.8
BLA;25.01.2018 00:00;-1.3;3.3;-3.8;-3.1;4;-6.9;79.9;4.4;846.8;;1509.1;;1019.4;1;3.7;3.6;13.3;3.5;12.6;;0;0;154;67;;;;60;20;9;0.4;0;45;21.3;13.3
BLA;26.01.2018 00:00;-0.2;4.4;-3;-0.9;5.7;-4.5;81.2;4.9;844.2;;1484;;1016.4;1.2;3.7;4.3;13.3;3.7;13.3;;0;0;152;59;;;;49;68;29;0.5;0;56;20.2;12.2
BLA;27.01.2018 00:00;-2.3;3.7;-5.8;-3.6;6;-8;79.6;4.1;854.5;;1580.5;;1028.3;1.2;5.3;4.3;19.1;4.9;17.6;;0;0;151;60;;;;12;244;100;0.5;0;41;22.3;14.3
BLA;28.01.2018 00:00;-3.6;2.5;-6.5;-5.2;4.8;-9;73.5;3.4;861.2;;1642.2;;1036.1;0.9;3.3;3.2;11.9;3.2;11.5;;0;0;149;59;;;;13;245;98;0.5;0;45;23.6;15.6
BLA;29.01.2018 00:00;-2.6;4.6;-5.8;-4.2;6.8;-8;76.7;3.9;858.2;;1615.2;;1032.7;0.8;3.2;2.9;11.5;3;10.8;;0;0;150;65;;;;12;250;98;0.5;0;45;22.6;14.6
BLA;30.01.2018 00:00;-4.1;2.8;-7.4;-5.7;4.8;-10;69.1;3.1;853.7;;1573.2;;1027.4;1;3.3;3.6;11.9;3.2;11.5;;0;0;148;69;;;;19;256;99;0.5;0;45;24.1;16.1
BLA;31.01.2018 00:00;-2.1;4.2;-7.7;-3.2;6.3;-9.9;72.5;3.9;844.3;;1484.8;;1016.5;0.9;3.8;3.2;13.7;3.6;13;;3.8;0.4;148;70;;;;61;28;11;0.5;0;39;22.1;14.1
BLA;01.02.2018 00:00;-4.5;-0.6;-12.9;-5.4;0.7;-16.4;85.3;3.9;832.6;;1375.4;;1002.8;1.3;11.5;4.7;41.4;11.1;40;;3.2;6.6;151;49;;;;47;0;0;0.3;0;45;24.5;16.5
BLA;02.02.2018 00:00;-11.9;-4.7;-15.1;-14.2;-2.2;-18.7;65;1.6;833.8;;1391.3;;1004.3;1.1;3.8;4;13.7;3.5;12.6;;0;0;151;69;;;;21;265;98;0.4;0;45;31.9;23.9
BLA;03.02.2018 00:00;-11.5;-4.5;-15.6;-12.9;-1.3;-18.6;67.4;1.7;832.6;;1379.9;;1002.9;1.5;5.5;5.4;19.8;5.3;19.1;;0;0;151;93;;;;32;261;95;0.5;0;48;31.5;23.5
BLA;04.02.2018 00:00;-9.1;-3.9;-15;-10;-2;-17.8;68.3;2.2;837.9;;1428.1;;1009.1;1;4.7;3.6;16.9;4.3;15.5;;0;0;150;69;;;;60;27;10;0.4;0;45;29.1;21.1
BLA;05.02.2018 00:00;-6.1;0.1;-11.8;-7;4;-14.2;71.1;2.7;841.8;;1463.2;;1013.6;1.1;4.8;4;17.3;4.3;15.5;;0.3;0.3;149;76;;;;60;85;30;0.5;0;45;26.1;18.1
BLA;06.02.2018 00:00;-5.7;0;-9.4;-7.1;0.6;-11.7;70.4;2.8;836.9;;1416.3;;1007.8;1.2;4.3;4.3;15.5;4;14.4;;0;0;148;54;;;;29;128;45;0.6;0;45;25.7;17.7
BLA;07.02.2018 00:00;-6;-3.1;-10.2;-6.5;-0.3;-12.4;86.1;3.4;835;;1399;;1005.6;1;5.2;3.6;18.7;5;18;;0.1;0.1;148;71;;;;62;26;9;0.3;0;225;26;18
BLA;08.02.2018 00:00;-5.9;-2.5;-9.2;-6;0.9;-11;74.5;2.9;840;;1446.4;;1011.5;1.8;6.7;6.5;24.1;6.4;23;;0;0;148;89;;;;33;254;87;0.5;0;45;25.9;17.9
BLA;09.02.2018 00:00;-8.2;-0.5;-12;-9.5;2.8;-14.4;67.9;2.2;839.3;;1440.2;;1010.6;1.1;4.2;4;15.1;4.1;14.8;;0;0;146;85;;;;15;282;96;0.6;0;49;28.2;20.2
BLA;10.02.2018 00:00;-8;-4.1;-12.5;-8.5;-2;-14.5;77;2.6;840.2;;1448.3;;1011.7;1.6;6.8;5.8;24.5;6.3;22.7;;0;0;146;66;;;;61;13;4;0.4;0;45;28;20
BLA;11.02.2018 00:00;-5.1;2;-12.6;-5.1;3.1;-14.4;90.4;4;837.1;;1417.9;;1008.1;1.1;6.5;4;23.4;6.1;22;;5.3;5.2;146;60;;;;58;0;0;0.4;0;45;25.1;17.1
BLA;12.02.2018 00:00;-7.8;-2.5;-17;-8.6;-1.9;-20.7;71.7;2.6;838.5;;1432;;1009.7;1.5;11;5.4;39.6;10.2;36.7;;0.4;0.5;154;75;;;;58;88;28;0.4;0;45;27.8;19.8
BLA;13.02.2018 00:00;-13.8;-6;-19.1;-15.8;-3.4;-23;48.7;1;837.3;;1424;;1008.3;1.4;5.9;5;21.2;5.7;20.5;;0;0;153;100;;;;17;314;99;0.6;0;45;33.8;25.8
BLA;14.02.2018 00:00;-8.7;-2.4;-14.5;-9.8;0.5;-17;58.8;1.9;839.2;;1440;;1010.6;1.3;5.6;4.7;20.2;5.2;18.7;;2.2;0;151;108;;;;27;313;98;0.6;0;45;28.7;20.7
BLA;15.02.2018 00:00;-2.7;1.8;-11.8;-5;-0.9;-15;90.9;4.9;845.6;;1498.1;;1018;0.9;3.8;3.2;13.7;3.6;13;;36.2;34.9;152;22;;;;20;0;0;0.3;0;45;22.7;14.7
BLA;16.02.2018 00:00;1.6;4.1;0.4;0.2;1.5;-0.9;97.7;6.7;849.2;;1531.5;;1022.2;1;4.8;3.6;17.3;4.2;15.1;;2;5.5;166;66;;;;61;6;2;0.6;0;51;18.4;10.4
BLA;17.02.2018 00:00;0.8;3.3;-1.1;0;1.6;-2.3;98.2;6.4;844.4;;1485.7;;1016.6;1.1;4.7;4;16.9;4.6;16.6;;5;4.8;159;40;;;;39;0;0;0.5;0;180;19.2;11.2
BLA;18.02.2018 00:00;-3.5;-0.4;-8.6;-3.3;5.2;-10.4;85.8;4.1;844.8;;1490.3;;1017;1.5;5.8;5.4;20.9;5.4;19.4;;0;0.2;158;80;;;;57;84;25;0.5;0;41;23.5;15.5
BLA;19.02.2018 00:00;-6.9;0.1;-11.2;-8.9;6.2;-15.9;72;2.6;840.9;;1454.5;;1012.5;1;4.6;3.6;16.6;4.4;15.8;;0;0;157;106;;;;20;330;99;0.7;0;45;26.9;18.9
BLA;20.02.2018 00:00;-6.2;-0.1;-11.4;-7.4;7.3;-15.8;69.2;2.7;836;;1408.2;;1006.8;1.5;10.3;5.4;37.1;9.8;35.3;;0;0;156;105;;;;49;206;61;0.7;0;40;26.2;18.2
BLA;21.02.2018 00:00;-9.3;-1.4;-13.2;-11.3;2.8;-18.3;68.3;2.1;835.3;;1403.6;;1006;1.5;5.5;5.4;19.8;5;18;;0;0;155;114;;;;21;337;99;0.7;0;45;29.3;21.3
BLA;22.02.2018 00:00;-8.1;-0.8;-14.7;-9.6;2.3;-19.2;78.8;2.7;832.7;;1378.4;;1003;1;4.7;3.6;16.9;4.6;16.6;;0;0;155;86;;;;81;0;0;0.6;0;45;28.1;20.1
BLA;23.02.2018 00:00;-5;0.6;-11.5;-6.2;1.9;-15.1;78.5;3.3;833.5;;1384.3;;1003.9;1.3;6;4.7;21.6;5.5;19.8;;0.1;0.1;155;68;;;;62;15;4;0.6;0;45;25;17
BLA;24.02.2018 00:00;0.2;6.8;-4.9;-0.2;10.4;-6;83.5;5.1;835.5;;1400.5;;1006.2;1.1;4.7;4;16.9;4.6;16.6;;0;0;155;115;;;;54;258;73;0.9;0;63;19.8;11.8
BLA;25.02.2018 00:00;-6.8;-4.7;-10;-6.9;-4.3;-10.9;97.4;3.6;834.7;;1396.4;;1005.3;1.3;4.7;4.7;16.9;4.6;16.6;;0;0;150;38;;;;36;0;0;0.3;0;220;26.8;18.8
BLA;26.02.2018 00:00;-13;-8.3;-18.9;-12.8;-3.1;-21.2;76.2;1.7;831.5;;1370.8;;1001.6;1.6;6.9;5.8;24.8;6.5;23.4;;0;0;150;154;;;;69;326;91;0.5;0;63;33;25
BLA;27.02.2018 00:00;-17.9;-11.2;-22.2;-19.2;-6.8;-24.7;65.6;1;830.7;;1366.3;;1000.6;1.3;5.2;4.7;18.7;5;18;;0;0;150;132;;;;38;350;97;0.5;0;59;37.9;29.9
BLA;28.02.2018 00:00;-14.1;-7.8;-21.5;-15.2;-4.7;-24.7;60.5;1.3;833.3;;1388.3;;1003.7;1.2;4.8;4.3;17.3;4.3;15.5;;5.7;0.6;150;97;;;;65;128;35;0.5;0;50;34.1;26.1
BLA;01.03.2018 00:00;-7.2;-1.2;-10.3;-6.9;-0.5;-10.5;88.2;3.2;829.2;;1345.4;;999;1;3.7;3.6;13.3;3.5;12.6;;4.5;9.6;157;76;;;;73;15;4;0.6;0;37;27.2;19.2
BLA;02.03.2018 00:00;-4.8;2.2;-11.9;-6.1;-1;-10.5;88.6;3.9;824.2;;1294.8;;993;1.3;5.5;4.7;19.8;5.2;18.7;;3.7;3.7;162;60;;;;57;0;0;0.6;0;27;24.8;16.8
BLA;03.03.2018 00:00;-3.8;2.1;-12.8;-5.2;-0.1;-10.4;79.2;3.8;826.4;;1315.4;;995.6;1.2;7.5;4.3;27;7.1;25.6;;1.1;1.1;166;82;;;;80;0;0;0.6;0;34;23.8;15.8
BLA;04.03.2018 00:00;-2.5;5.4;-10;-3.7;4.4;-7.7;68.5;3.5;829.5;;1344.8;;999.3;1.5;5.9;5.4;21.2;5.3;19.1;;0;0;166;130;;;;43;283;73;1.1;0;49;22.5;14.5
BLA;05.03.2018 00:00;-1.6;5.2;-6.8;-4.3;5.4;-10.3;70.1;3.8;825.4;;1303.8;;994.5;1.2;4.7;4.3;16.9;4.5;16.2;;0;0;158;127;;;;77;185;47;1.1;0;49;21.6;13.6
BLA;06.03.2018 00:00;-1.2;2.6;-4.9;-1.9;5.6;-8.3;82.8;4.7;822.7;;1277.2;;991.3;1.1;5.3;4;19.1;5.1;18.4;;1.1;1.1;154;110;;;;93;48;12;0.8;0;45;21.2;13.2
BLA;07.03.2018 00:00;-2.4;1.1;-7.6;-2.6;5.3;-11.5;86.7;4.4;829;;1339.9;;998.7;1.3;7.3;4.7;26.3;7.1;25.6;;4.4;3.7;158;93;;;;85;12;3;0.7;0;90;22.4;14.4
BLA;08.03.2018 00:00;-4.3;3.1;-11.1;-3.8;7.9;-12.9;67.2;2.9;836.9;;1416.4;;1007.9;1.5;5.7;5.4;20.5;5.4;19.4;;0;0.7;165;174;;;;51;375;94;1.2;0;45;24.3;16.3
BLA;09.03.2018 00:00;-0.1;5.8;-8.1;-1.6;5.9;-13.7;71.9;4.5;840;;1443.5;;1011.4;1.1;7.4;4;26.6;6.9;24.8;;0.4;0.4;154;83;;;;78;26;6;0.9;0;39;20.1;12.1
BLA;10.03.2018 00:00;0.8;3.7;-2.6;0.2;4.9;-4.7;90.4;5.9;838.7;;1430.9;;1009.9;1;5.1;3.6;18.4;4.9;17.6;;2;2;153;69;;;;64;21;5;0.7;0;39;19.2;11.2
BLA;11.03.2018 00:00;1.2;5.2;-2.8;0.4;5.4;-5.2;87.8;5.9;831.4;;1359.9;;1001.4;1.5;8.1;5.4;29.2;7.7;27.7;;3.4;3.4;151;52;;;;50;0;0;0.7;0;90;18.8;10.8
BLA;12.03.2018 00:00;0.4;3.2;-2.6;0.2;5.6;-4;93.3;5.9;831.2;;1358.8;;1001.2;1.3;6.7;4.7;24.1;6.4;23;;4.9;4;150;85;;;;81;3;1;0.8;0;34;19.6;11.6
BLA;13.03.2018 00:00;-1.6;-0.1;-4.3;-0.8;2.8;-5.8;93.8;5.1;838.3;;1427.8;;1009.4;1.2;5.1;4.3;18.4;4.8;17.3;;6;6.9;156;58;;;;56;0;0;0.6;0;36;21.6;13.6
BLA;14.03.2018 00:00;-3.3;3.6;-10.8;-1.7;6.8;-8.6;73.7;3.4;838.6;;1431.6;;1009.8;1.4;5.2;5;18.7;4.6;16.6;;0;0;165;171;;;;28;421;99;1.2;0;48;23.3;15.3
BLA;15.03.2018 00:00;0.5;6.5;-5.4;-0.2;8.9;-7.9;75;4.7;830.1;;1347.9;;1000;1.6;7.7;5.8;27.7;7.2;25.9;;0.9;0.9;156;97;;;;89;7;2;1.1;0;45;19.5;11.5
BLA;16.03.2018 00:00;-0.2;4.4;-4.6;-0.8;7.1;-7.5;72.5;4.3;831.6;;1362.7;;1001.6;1.3;5.6;4.7;20.2;5.3;19.1;;0;0;154;107;;;;82;118;27;1.1;0;41;20.2;12.2
BLA;17.03.2018 00:00;-1.4;0.8;-3.9;-1.1;4.3;-4.1;89.3;4.9;824.4;;1294.3;;993.3;1;4.7;3.6;16.9;4.4;15.8;;7.8;7.8;152;67;;;;66;0;0;0.7;0;333;21.4;13.4
BLA;18.03.2018 00:00;-3.9;1.1;-8.8;-3.1;2.7;-8.4;85;3.9;825.4;;1306.2;;994.5;1.1;4.9;4;17.6;4.6;16.6;;0.1;0.1;164;105;;;;94;35;8;0.8;0;45;23.9;15.9
BLA;19.03.2018 00:00;-2.9;1.9;-6;-2.4;9.2;-8.4;83.4;4.1;829.5;;1344.6;;999.2;1.1;5.8;4;20.9;5.5;19.8;;0;0;161;160;;;;126;107;24;1.2;0;225;22.9;14.9
BLA;20.03.2018 00:00;-4.9;0.1;-10.6;-5.5;5.2;-13.4;64.6;2.8;834.7;;1395.6;;1005.3;2.3;14.7;8.3;52.9;13.3;47.9;;0;0;159;172;;;;78;293;66;1.2;0;8;24.9;16.9
BLA;21.03.2018 00:00;-8.8;-1.5;-14.8;-10.3;4.4;-18.7;55.9;1.7;843.2;;1476.9;;1015.2;1.4;5.5;5;19.8;5.3;19.1;;0;0;157;198;;;;33;446;99;1.2;0;49;28.8;20.8
BLA;22.03.2018 00:00;-6.3;1.5;-14.5;-7.4;6;-18.9;60.7;2.4;841.2;;1456.7;;1012.9;1.7;12.3;6.1;44.3;11.5;41.4;;0;0;157;132;;;;86;124;27;1.1;0;270;26.3;18.3
BLA;23.03.2018 00:00;-2.7;2.3;-8;-2.7;6.8;-10.9;63.1;3.1;833.4;;1382.1;;1003.8;2.1;11.5;7.6;41.4;10.6;38.2;;0;0;156;211;;;;38;461;99;1.5;0;45;22.7;14.7
BLA;24.03.2018 00:00;-3.3;3.9;-9.6;-4.6;7.9;-13;58;2.7;829.3;;1343.6;;999.1;1.4;5.7;5;20.5;5.7;20.5;;0;0;156;208;;;;32;463;99;1.6;0;45;23.3;15.3
BLA;25.03.2018 00:00;-2.3;4.5;-8.6;-3;9.3;-11.5;58.7;3;834.7;;1393.9;;1005.3;1.6;5.7;5.8;20.5;5.5;19.8;;0;0;155;220;;;;42;474;98;1.7;0;45;22.3;14.3
BLA;26.03.2018 00:00;-0.4;3.8;-5.3;-0.4;7;-6.9;67.3;4;839.6;;1440.7;;1011.1;1.8;9.9;6.5;35.6;9.4;33.8;;1;0.2;154;153;;;;104;112;22;1.4;0;211;20.4;12.4
BLA;27.03.2018 00:00;-0.8;2.8;-4.9;-0.4;5.5;-5.8;82.3;4.7;841.6;;1459.1;;1013.3;1.6;7.2;5.8;25.9;6.8;24.5;;9.9;8.9;156;139;;;;100;99;20;1.1;0;45;20.8;12.8
BLA;28.03.2018 00:00;2;4.9;0.2;1.8;6.2;0;92.9;6.5;838.5;;1428.5;;1009.7;1.4;6.2;5;22.3;5.9;21.2;;8.1;7.2;162;88;;;;86;0;0;1;0;45;18;10
BLA;29.03.2018 00:00;1.3;6;-2.5;1.5;9.9;-4.3;88.2;5.9;835.2;;1397.1;;1005.9;1.2;9.3;4.3;33.5;8.4;30.2;;0;2.7;154;145;;;;110;95;18;1.3;0;315;18.7;10.7
BLA;30.03.2018 00:00;0.7;7.1;-4.8;0.3;9.5;-6.5;71.3;4.5;831.3;;1358.9;;1001.3;1.8;11.4;6.5;41;11.2;40.3;;19.3;7.2;151;121;;;;101;51;10;1.4;0;45;19.3;11.3
BLA;31.03.2018 00:00;-1.3;1.4;-3.8;-0.2;1.3;-1.6;94;5.2;828.7;;1335.9;;998.3;1.2;7.6;4.3;27.4;7.4;26.6;;8.6;19.1;171;120;;;;116;0;0;1;0;233;21.3;13.3
BLA;01.04.2018 00:00;-2.4;2.6;-6.6;-1.5;6;-10.5;73.5;3.7;839.4;;1438.8;;1010.7;1.7;8.5;6.1;30.6;8.3;29.9;;0.7;2.3;170;192;;;;113;241;45;1.5;0;45;22.4;14.4
BLA;02.04.2018 00:00;0.6;7.6;-7.7;0;11.2;-12.3;67.9;4.4;840.7;;1450.3;;1012.3;0.9;4.9;3.2;17.6;4.7;16.9;;0;0;161;179;;;;128;133;25;1.6;0;360;19.4;11.4
BLA;03.04.2018 00:00;2.5;7.6;-1.8;2.4;10.5;-3.5;75.1;5.4;840.5;;1447.8;;1012;1.4;5.7;5;20.5;5.5;19.8;;0;0;156;161;;;;116;117;21;1.6;0;53;17.5;9.5
BLA;04.04.2018 00:00;1.9;8.3;-0.4;1.5;10.3;-2;83.2;5.7;839.3;;1436;;1010.6;1.5;12.1;5.4;43.6;12;43.2;;5.4;4.9;154;99;;;;62;114;21;1.4;0;72;18.1;10.1
BLA;05.04.2018 00:00;1.5;6.4;-4.2;1.9;12.7;-6.3;76.6;5.2;844;;1481.8;;1016.1;1.5;6.7;5.4;24.1;6.3;22.7;;0;0.5;155;216;;;;108;305;55;1.8;0;333;18.5;10.5
BLA;06.04.2018 00:00;1.9;9.5;-5.9;1.6;12.2;-7.8;55.2;3.8;846.4;;1504.3;;1018.9;1.2;5.5;4.3;19.8;5.3;19.1;;0;0;151;254;;;;38;554;99;2.3;0;41;18.1;10.1
BLA;07.04.2018 00:00;3.6;10.2;-2.3;3.5;12.2;-3.7;61.6;4.8;844.9;;1490.1;;1017.2;1.2;5.1;4.3;18.4;5;18;;0;0;150;253;;;;39;558;99;2.4;0;45;16.4;8.4
BLA;08.04.2018 00:00;4.1;10.4;-0.2;4;14.8;-1.7;69.2;5.6;841.6;;1457.9;;1013.3;1.2;4.9;4.3;17.6;4.7;16.9;;0;0;148;203;;;;107;339;60;2.1;0;53;15.9;7.9
BLA;09.04.2018 00:00;3.8;7.5;1.2;3.5;8.4;0.1;77.3;6.1;837.2;;1414.9;;1008.2;1.5;8.1;5.4;29.2;7.6;27.4;;0;0;143;94;;;;90;3;1;1.3;0;72;16.2;8.2
BLA;10.04.2018 00:00;2.3;6.9;-2.8;1.2;6.5;-5.3;77.9;5.5;835;;1394.1;;1005.6;1.7;8.1;6.1;29.2;7.6;27.4;;1.4;1.4;135;92;;;;87;2;0;1.2;0;135;17.7;9.7
BLA;11.04.2018 00:00;1.8;6.9;-4.3;0.9;10;-6.8;68.5;4.7;834.6;;1390.4;;1005.1;1.4;6;5;21.6;5.8;20.9;;9.2;1.4;133;176;;;;104;216;37;1.7;0;90;18.2;10.2
BLA;12.04.2018 00:00;2.9;6.7;0.2;3.3;11;-1.4;70.6;5.1;832.9;;1374.1;;1003.2;1.9;10.3;6.8;37.1;10;36;;1.2;9;130;268;;;;56;500;86;2.4;0;53;17.1;9.1
BLA;13.04.2018 00:00;1.4;6.7;-4.4;0.9;10.8;-6.2;68.2;4.4;840.6;;1448.8;;1012.1;1.4;5.3;5;19.1;5.1;18.4;;0;0;127;222;;;;72;325;55;2;0;48;18.6;10.6
BLA;14.04.2018 00:00;3.3;9.1;-1.8;2.8;11;-3.7;67.3;5.1;847.2;;1511.9;;1019.8;1.3;5.7;4.7;20.5;5.5;19.8;;0;0;124;228;;;;120;314;53;2.3;0;45;16.7;8.7
BLA;15.04.2018 00:00;4.2;9.4;0.2;3.5;11.1;-2;68.7;5.5;843.2;;1473.2;;1015.2;1.2;5.8;4.3;20.9;5.5;19.8;;0;0;122;152;;;;140;13;2;1.8;0;50;15.8;7.8
BLA;16.04.2018 00:00;4.2;9.8;0.6;4.1;11.9;-0.8;78.7;6.4;844.7;;1487.9;;1016.9;1.1;5.6;4;20.2;5.3;19.1;;0;0;117;192;;;;132;137;23;2.1;0;53;15.8;7.8
BLA;17.04.2018 00:00;4.8;10.4;-0.5;4.4;11.9;-2;64.7;5.3;852.8;;1566.2;;1026.4;1.3;4.9;4.7;17.6;4.8;17.3;;0;0;108;284;;;;34;585;99;2.8;0;48;15.2;7.2
BLA;18.04.2018 00:00;5.8;11.9;0.4;5.2;13.2;-1.3;56.5;5;857;;1605.8;;1031.2;1.4;6;5;21.6;5.7;20.5;;0;0;106;288;;;;35;591;99;3;0;45;14.2;6.2
BLA;19.04.2018 00:00;6.4;12.1;1.5;5.8;13.5;-0.5;54.3;5;857;;1605.7;;1031.2;1.5;6.5;5.4;23.4;6.2;22.3;;0;0;102;289;;;;35;593;99;3.1;0;48;13.6;5.6
BLA;20.04.2018 00:00;7.1;13.1;2.5;6.6;15.1;0.9;54.1;5.2;854.8;;1585.3;;1028.7;1.6;6.2;5.8;22.3;5.6;20.2;;0;0;98;291;;;;40;600;99;3.3;0;48;12.9;4.9
BLA;21.04.2018 00:00;7;12.8;2.1;6.5;14.2;0.5;52.9;5;852.1;;1559.5;;1025.6;1.5;6.9;5.4;24.8;6.7;24.1;;0;0;93;294;;;;40;601;99;3.3;0;51;13;5
BLA;22.04.2018 00:00;7.2;12.9;2.5;6.9;14.4;1.3;58.4;5.7;849.7;;1536.3;;1022.8;1.6;7.1;5.8;25.6;6.7;24.1;;0;0;86;291;;;;43;607;99;3.3;0;51;12.8;4.8
BLA;23.04.2018 00:00;6.1;12.3;2.6;5.5;13.1;1.5;72.2;6.6;849.6;;1535.4;;1022.7;1.6;8.4;5.8;30.2;7.8;28.1;;1.4;1.4;80;168;;;;118;164;27;2.3;0;51;13.9;5.9
BLA;24.04.2018 00:00;6.2;12.1;1.4;6;13.6;-0.1;61.8;5.5;849.4;;1533;;1022.4;1.4;6.7;5;24.1;6.6;23.8;;0;0;68;300;;;;42;614;99;3.2;0;58;13.8;5.8
BLA;25.04.2018 00:00;7.5;14;2.3;7.3;16.1;1;56.9;5.6;847.5;;1514.9;;1020.2;1.7;6.7;6.1;24.1;6.6;23.8;;0;0;63;290;;;;53;577;93;3.4;0;55;12.5;4.5
BLA;26.04.2018 00:00;6.6;12.4;1.1;6.9;15.3;-0.1;63.4;5.9;845.8;;1498.4;;1018.2;1.6;7.6;5.8;27.4;7.2;25.9;;0;0;52;312;;;;65;610;98;3.3;0;90;13.4;5.4
BLA;27.04.2018 00:00;7.2;15.5;0.2;7.3;19;-1;60;5.9;843.3;;1473.7;;1015.3;1.4;5.6;5;20.2;5.4;19.4;;0;0;44;312;;;;66;588;94;3.5;0;56;12.8;4.8
BLA;28.04.2018 00:00;7.8;14.8;2.8;6.9;16.2;1.6;64.5;6.5;843;;1470.6;;1015;1.6;9.2;5.8;33.1;9.1;32.8;;0;0;36;277;;;;101;496;79;3.3;0;55;12.2;4.2
BLA;29.04.2018 00:00;6.6;14;3.1;5;14.8;1.8;75.6;7.1;838.7;;1428.6;;1009.9;1.8;9.2;6.5;33.1;8.7;31.3;;23.5;16;29;127;;;;86;106;16;2.1;0;56;13.4;5.4
BLA;30.04.2018 00:00;4.4;9.2;0.7;4.1;12.7;0.1;78.5;6.4;837.4;;1417.3;;1008.5;1.5;7.9;5.4;28.4;7.2;25.9;;2.9;8.1;25;177;;;;126;122;19;2;0;63;15.6;7.6
BLA;01.05.2018 00:00;3;6.7;1.1;2.7;8.5;0.5;92.4;7;840.1;;1443.6;;1011.6;1.2;5.8;4.3;20.9;5.7;20.5;;1.5;3.8;22;121;;;;108;19;3;1.4;0;202;17;9
BLA;02.05.2018 00:00;4.4;9;1.7;4.2;13.4;0.9;84.8;7;839.4;;1436.3;;1010.8;1.1;5.3;4;19.1;5.1;18.4;;29.2;13.4;19;146;;;;128;38;6;1.8;0;63;15.6;7.6
BLA;03.05.2018 00:00;4;9;0.3;3.2;9;0;95.2;7.7;840.8;;1450.6;;1012.4;1.2;5.5;4.3;19.8;5.1;18.4;;5.9;21.7;16;101;;;;96;0;0;1.3;0;56;16;8
BLA;04.05.2018 00:00;8.4;16.4;2.3;7.6;19.3;0.8;72.2;7.5;842.8;;1468.9;;1014.8;1.7;6.5;6.1;23.4;6.1;22;;0.2;0;12;288;;;;77;523;77;3.5;0;51;11.6;3.6
BLA;05.05.2018 00:00;9.8;15.9;4.1;9.3;17.5;2.3;60.9;7;847.4;;1513.8;;1020.1;1.8;6.1;6.5;22;6;21.6;;0;0.2;4;323;;;;71;597;87;3.9;0;55;10.2;2.2
BLA;06.05.2018 00:00;10.7;17;5.3;10.5;19.8;3.6;56.3;6.9;848.8;;1526.6;;1021.6;2.1;7.3;7.6;26.3;7;25.2;;0;0;0;313;;;;55;678;98;4.1;0;51;9.3;1.3
BLA;07.05.2018 00:00;8.3;15.9;3.5;8.1;20;2.1;74.4;7.9;846.7;;1507.1;;1019.3;1.3;6.3;4.7;22.7;6.1;22;;0.4;0.4;0;170;;;;79;253;36;2.5;0;54;11.7;3.7
BLA;08.05.2018 00:00;9.5;16.6;2.7;10.3;21.3;1.1;66.1;7.4;841.5;;1455.5;;1013.3;1.7;7.9;6.1;28.4;7.7;27.7;;0.6;0.6;0;297;;;;69;588;84;3.7;0;51;10.5;2.5
BLA;09.05.2018 00:00;8.8;14.5;3.8;9.4;20.7;2.2;69;7.5;839.1;;1432.2;;1010.5;1.7;9.1;6.1;32.8;8.9;32;;0;0;0;211;;;;110;303;43;2.9;0;45;11.2;3.2
BLA;10.05.2018 00:00;7.3;11.4;4;7.9;15.6;2.5;83.7;8.5;843.4;;1474.8;;1015.4;1.3;5.9;4.7;21.2;5.6;20.2;;0.5;0.5;0;107;;;;102;5;1;1.6;0;27;12.7;4.7
BLA;11.05.2018 00:00;10;16.6;4.1;11.5;24;3.5;70.4;8.2;846.6;;1505.8;;1019.2;1.5;6;5.4;21.6;5.6;20.2;;0;0;0;257;;;;88;447;63;3.3;0;50;10;2
BLA;12.05.2018 00:00;10.5;16.7;4;11.6;24.9;1.9;63.7;7.6;845.1;;1490.2;;1017.4;1.7;9;6.1;32.4;8.6;31;;0.5;0;0;279;;;;105;462;65;3.6;0;51;9.5;1.5
BLA;13.05.2018 00:00;8.3;14.5;3.8;9.5;21.9;4.3;77;8.1;839.6;;1437.1;;1011;2;10.5;7.2;37.8;9.7;34.9;;12;5.9;0;189;;;;115;187;26;2.7;0;45;11.7;3.7
BLA;14.05.2018 00:00;4.5;11.3;0;5.9;17.8;0;86.3;7.1;839.2;;1434.8;;1010.6;1.6;8.6;5.8;31;8.1;29.2;;13.3;17.5;0;172;;;;123;104;15;2.1;0;207;15.5;7.5
BLA;15.05.2018 00:00;4.4;9.3;0.6;5.5;17.7;0.1;93.8;7.9;841.6;;1457.7;;1013.3;1.4;7.2;5;25.9;7.1;25.6;;5.5;6.9;0;147;;;;100;88;12;1.7;0;214;15.6;7.6
BLA;16.05.2018 00:00;6;9.6;2.7;6.7;15.3;0.6;83;7.7;844.1;;1481.8;;1016.2;1.3;6.1;4.7;22;5.8;20.9;;0.3;1.3;0;130;;;;121;14;2;1.7;0;45;14;6
BLA;17.05.2018 00:00;7.5;12.7;1.3;9;22.8;-0.8;70.5;7;845.9;;1499.1;;1018.3;1.5;10.1;5.4;36.4;9.6;34.6;;0;0;0;263;;;;133;345;48;3;0;27;12.5;4.5
BLA;18.05.2018 00:00;9.2;15.5;2;10.9;24.6;-0.7;60.2;6.6;847;;1509.1;;1019.5;1.4;8.7;5;31.3;8.2;29.5;;0;0;0;307;;;;71;591;82;3.7;0;18;10.8;2.8
BLA;19.05.2018 00:00;8.2;13.3;3.1;8.9;22.3;1;75.9;8.1;847.2;;1511.2;;1019.8;1.4;9.4;5;33.8;8.9;32;;1.2;1.2;0;202;;;;124;275;38;2.6;0;360;11.8;3.8
BLA;20.05.2018 00:00;7.4;11.4;1.9;7.8;17.8;-0.8;75.4;7.6;846.6;;1506.2;;1019.2;1.4;8.4;5;30.2;8.1;29.2;;0;0;0;163;;;;137;82;11;2.1;0;45;12.6;4.6
BLA;21.05.2018 00:00;9.6;15.7;4.2;10.5;26;0.6;66.3;7.7;844.9;;1488.3;;1017.1;1.4;7.7;5;27.7;7.5;27;;0;0;0;222;;;;126;255;35;3.1;0;56;10.4;2.4
BLA;22.05.2018 00:00;10.5;16;2.8;11.7;26.1;-0.6;62.8;7.7;844;;1480;;1016.2;1.5;6.9;5.4;24.8;6.6;23.8;;0;0;0;259;;;;115;433;60;3.3;0;0;9.5;1.5
BLA;23.05.2018 00:00;10.2;14.2;7.4;11.3;20.1;6.3;81;10;847.5;;1513.9;;1020.1;1.2;6.9;4.3;24.8;6.7;24.1;;0;0;0;140;;;;128;12;2;2.1;0;225;9.8;1.8
BLA;24.05.2018 00:00;10.8;16.5;4.9;12.1;25.5;2.1;68.9;8.7;848.8;;1527.4;;1021.7;1.5;6.5;5.4;23.4;6.2;22.3;;0;0;0;260;;;;122;414;57;3.4;0;34;9.2;1.2
BLA;25.05.2018 00:00;12;19.3;4;13.2;29.3;-0.1;57.5;7.7;849.5;;1533.6;;1022.5;1.6;7.4;5.8;26.6;7;25.2;;0;0;0;293;;;;85;535;74;4.1;0;38;8;0
BLA;26.05.2018 00:00;12.9;21.2;5.2;13.8;29.5;3;65.4;9.1;852.1;;1559;;1025.5;1.6;11.8;5.8;42.5;11.7;42.1;;10.7;10.7;0;250;;;;119;452;62;3.8;0;45;0;0
BLA;27.05.2018 00:00;13.1;21;5.5;14.3;32.1;2.8;68.1;9.7;850.6;;1545.1;;1023.8;1.4;7.1;5;25.6;6.6;23.8;;1.6;0;0;263;;;;151;283;39;3.8;0;45;0;0
BLA;28.05.2018 00:00;12.2;18.5;7.6;14.1;28.8;7.2;75.2;10.3;849.6;;1534.4;;1022.6;1.4;10.2;5;36.7;9.6;34.6;;6.2;2;0;231;;;;137;220;30;3.4;0;45;0;0
BLA;29.05.2018 00:00;10.4;15;6.2;11.5;25;3.3;85.6;10.7;847.6;;1515.5;;1020.3;1.4;6.7;5;24.1;6.1;22;;0;5.8;0;176;;;;120;132;18;2.4;0;45;9.6;1.6
BLA;30.05.2018 00:00;11.4;18.8;4.9;13.1;29.5;1.6;76.9;10;847.6;;1515.6;;1020.3;1.5;8.5;5.4;30.6;8.3;29.9;;10;9.4;0;259;;;;84;461;63;3.6;0;68;8.6;0.6
BLA;31.05.2018 00:00;11.3;17.5;5.7;12.5;28.7;2.9;76.1;9.8;847.7;;1516.2;;1020.4;1.7;8.1;6.1;29.2;7.7;27.7;;0;0.6;0;231;;;;123;269;37;3.3;0;45;8.7;0.7
BLA;01.06.2018 00:00;11.7;18.2;5.2;13.7;30.4;2.9;72.2;9.6;850;;1538.8;;1023.1;1.4;7.1;5;25.6;6.9;24.8;;0;0;0;299;;;;114;497;68;3.9;0;207;8.3;0.3
BLA;02.06.2018 00:00;12.8;20.3;4.9;14.5;31.5;1.8;66.3;9.3;849.8;;1536.8;;1022.9;1.3;5.9;4.7;21.2;5.7;20.5;;0;0;0;346;;;;73;661;91;4.6;0;180;0;0
BLA;03.06.2018 00:00;13.4;20.8;7.2;14.2;31.8;4;64.2;9.5;848;;1518.6;;1020.7;1.4;9.8;5;35.3;9.4;33.8;;0;0;0;262;;;;101;405;56;3.9;0;56;0;0
BLA;04.06.2018 00:00;12.6;18.3;6.4;13.1;30.6;3.7;67.6;9.7;843.8;;1477;;1015.9;1.4;6.4;5;23;6.2;22.3;;0;0;0;198;;;;140;178;24;3;0;207;0;0
BLA;05.06.2018 00:00;13.3;20.5;6.2;14.6;33.8;3.6;68.5;10;843.1;;1470;;1015.1;1.5;8.9;5.4;32;8.2;29.5;;0;0;0;275;;;;109;435;60;4;0;37;0;0
BLA;06.06.2018 00:00;12.2;18.7;6.5;12.4;28.5;3.2;75;10.5;845.5;;1493.9;;1017.8;1.4;7.2;5;25.9;7.1;25.6;;1.1;1.1;0;198;;;;126;231;32;3;0;72;0;0
BLA;07.06.2018 00:00;12.6;19.4;7.9;13.7;28.9;5.8;72.2;10.1;847;;1508.6;;1019.5;1.4;10.6;5;38.2;10.4;37.4;;0;0;0;217;;;;141;197;27;3.4;0;90;0;0
BLA;08.06.2018 00:00;12.5;18.8;6.8;13.9;32.2;3.8;76.3;10.8;845.1;;1490.3;;1017.4;1.5;6.7;5.4;24.1;6.4;23;;1.3;1.3;0;197;;;;134;136;19;3;0;214;0;0
BLA;09.06.2018 00:00;13.6;18.4;7.8;15.2;27.9;6;80.3;12.3;846;;1499.2;;1018.5;1.4;7.1;5;25.6;6.6;23.8;;0.7;0.7;0;260;;;;144;268;37;3.5;0;225;0;0
BLA;10.06.2018 00:00;14.8;21.7;7.2;15;28.5;4.4;70.3;11.4;846.4;;1502.9;;1018.9;1.4;6.1;5;22;5.8;20.9;;0;0;0;255;;;;118;445;61;3.8;0;90;0;0
BLA;11.06.2018 00:00;11.9;17.6;7.8;11.4;24.2;5.3;85.6;11.9;844.2;;1481.8;;1016.4;1.3;6;4.7;21.6;5.8;20.9;;20.7;20.6;0;131;;;;84;125;17;2.2;0;63;8.1;0.1
BLA;12.06.2018 00:00;10.7;16.3;7.4;11.4;24.4;5.7;92.4;11.9;841.7;;1456.8;;1013.4;1.4;9;5;32.4;8.6;31;;22.2;21.7;0;129;;;;94;78;11;2;0;207;9.3;1.3
BLA;13.06.2018 00:00;9.9;15.4;3;10.6;22.8;-0.2;83.1;9.9;841.8;;1457.6;;1013.5;1.3;8.1;4.7;29.2;7.6;27.4;;0.7;1.3;0;192;;;;154;97;13;2.5;0;248;10.1;2.1
BLA;14.06.2018 00:00;10.4;17.7;3.3;11.9;23.9;0.5;71.2;8.6;844.8;;1487.8;;1017.1;1.7;11;6.1;39.6;10.6;38.2;;0;0;0;371;;;;69;653;88;4.5;0;236;9.6;1.6
BLA;15.06.2018 00:00;11;19.3;3.5;11.4;26.2;0.1;72.4;9.1;846;;1499.3;;1018.4;1.4;8.1;5;29.2;7.6;27.4;;0;0;0;340;;;;92;694;94;4.4;0;236;9;1
BLA;16.06.2018 00:00;12.6;20;4.8;13.1;28.3;0.3;70.4;9.8;846.9;;1507.6;;1019.4;1.7;11;6.1;39.6;10;36;;0;0;0;358;;;;85;701;95;4.7;0;18;0;0
BLA;17.06.2018 00:00;12.7;19.1;6.1;13.5;25.6;2.7;74;10.7;849.2;;1531.2;;1022.2;1.6;8.2;5.8;29.5;7.5;27;;0.1;0.1;0;270;;;;139;356;48;3.7;0;0;0;0
BLA;18.06.2018 00:00;12.6;19.8;6.1;13.6;29.1;2.5;71.6;10;852.1;;1559.9;;1025.6;1.9;12.3;6.8;44.3;11.9;42.8;;0;0;0;362;;;;66;709;96;4.8;0;27;0;0
BLA;19.06.2018 00:00;14.1;23.1;5.4;14.8;29.2;1.6;67.2;10.3;853.9;;1577.4;;1027.6;1.6;6.7;5.8;24.1;6.5;23.4;;0;0;0;360;;;;39;738;100;5.1;0;225;0;0
BLA;20.06.2018 00:00;16.2;24.3;7.7;17.4;32.7;3.5;61.5;10.7;852.9;;1567.4;;1026.4;1.4;9.3;5;33.5;8.8;31.7;;0;0;0;353;;;;55;680;92;5.2;0;27;0;0
BLA;21.06.2018 00:00;16.4;23.1;9.5;17.3;30.3;5.3;61.9;11;850.3;;1541.5;;1023.4;1.7;9.3;6.1;33.5;9;32.4;;0;0;0;332;;;;84;597;81;5;0;214;0;0
BLA;22.06.2018 00:00;12;17.3;2.9;13.3;24.8;-1.9;53.6;7.1;850.1;;1539.4;;1023.2;1.9;12.1;6.8;43.6;11.7;42.1;;0;0;0;368;;;;46;704;95;4.6;0;45;8;0
BLA;23.06.2018 00:00;9.8;17.8;1.5;10.3;25;-3.1;57.8;6.5;851.1;;1549.4;;1024.4;1.9;13.4;6.8;48.2;12.6;45.4;;0;0;0;352;;;;45;644;87;4.5;0;202;10.2;2.2
BLA;24.06.2018 00:00;10.5;16.4;4.1;10.3;23.4;-0.5;63.8;7.8;849.2;;1531.4;;1022.2;1.3;8.1;4.7;29.2;7.5;27;;0;0;0;180;;;;121;178;24;2.8;0;45;9.5;1.5
BLA;25.06.2018 00:00;11.2;18.8;3.6;12.1;27.9;-0.3;63.2;7.9;849.2;;1531.1;;1022.2;1.6;11.5;5.8;41.4;10.6;38.2;;0;0;0;349;;;;98;594;80;4.5;0;27;8.8;0.8
BLA;26.06.2018 00:00;12.3;20.4;4;12.9;27.6;-0.5;62;8.3;850.5;;1543.6;;1023.7;1.5;11.7;5.4;42.1;10.3;37.1;;0;0;0;359;;;;40;729;99;4.8;0;360;0;0
BLA;27.06.2018 00:00;12.8;21.3;5.2;13.4;28.4;0.4;59.5;8.3;848.7;;1525.5;;1021.5;2.1;16;7.6;57.6;15.3;55.1;;0;0;0;362;;;;38;733;99;5.1;0;342;0;0
BLA;28.06.2018 00:00;12.7;21.1;3.7;13.6;28.4;-1.3;57.7;7.9;845.2;;1491.4;;1017.6;1.6;13.7;5.8;49.3;13.2;47.5;;0;0;0;363;;;;75;708;96;4.9;0;34;0;0
BLA;29.06.2018 00:00;14.5;22.1;6.5;15.7;29.4;3.5;65;10.3;845.4;;1492.6;;1017.7;1.7;8.2;6.1;29.5;8;28.8;;0;0;0;333;;;;92;628;85;4.8;0;216;0;0
BLA;30.06.2018 00:00;16.5;24.8;7.4;17.5;32.4;4;62.7;11;846.3;;1501.6;;1018.8;1.6;8.7;5.8;31.3;8.3;29.9;;0;0;0;352;;;;61;669;91;5.3;0;207;0;0
BLA;01.07.2018 00:00;18.1;26.6;9.6;18.8;33.4;5.3;54.1;10.2;846.2;;1500.6;;1018.7;1.6;10.6;5.8;38.2;9.8;35.3;;0;0;0;353;;;;46;736;100;5.6;0;22;0;0
BLA;02.07.2018 00:00;18;26.4;11.1;19.3;33.5;7.5;63.7;12.3;847.1;;1509.3;;1019.7;1.7;12.3;6.1;44.3;11.4;41;;6.4;6.4;0;306;;;;87;579;79;5.1;0;34;0;0
BLA;03.07.2018 00:00;15;22;9.2;15.5;30;6.8;71.2;11.4;849.5;;1533.9;;1022.5;1.6;10.7;5.8;38.5;10.2;36.7;;3;0.2;0;225;;;;145;220;30;3.7;0;36;0;0
BLA;04.07.2018 00:00;15.4;22.9;8.4;16.1;30.3;5.5;64.5;10.5;849.5;;1534.3;;1022.6;1.6;8.5;5.8;30.6;8.1;29.2;;0;2.8;0;291;;;;98;403;55;4.5;0;360;0;0
BLA;05.07.2018 00:00;12.8;19.7;9.2;13.2;26.7;7.5;82.9;12.1;847.9;;1517.7;;1020.6;1.6;11.7;5.8;42.1;10.3;37.1;;4.7;4.6;0;169;;;;115;133;18;2.8;0;27;0;0
BLA;06.07.2018 00:00;12;16.8;6.4;12.7;24;3.3;83.3;11.6;850.4;;1543.2;;1023.6;1.1;6.9;4;24.8;6.6;23.8;;0.5;0.6;0;177;;;;147;57;8;2.5;0;225;8;0
BLA;07.07.2018 00:00;13.2;21.2;5.8;14.5;29.6;3.1;66.4;9.4;852.2;;1560;;1025.6;1.9;11.9;6.8;42.8;11;39.6;;0;0;0;360;;;;67;701;96;5;0;27;0;0
BLA;08.07.2018 00:00;14.8;22.4;6;15.3;29.1;2.2;59.6;9.4;851.7;;1555.8;;1025.1;1.9;11.6;6.8;41.8;11.1;40;;0;0;0;334;;;;48;657;90;4.9;0;360;0;0
BLA;09.07.2018 00:00;15.3;22.7;7;16.2;29.5;3.5;59.7;9.7;850.3;;1541.3;;1023.4;2;10.7;7.2;38.5;9.8;35.3;;0;0;0;358;;;;51;724;99;5.2;0;45;0;0
BLA;10.07.2018 00:00;14.4;21;7.7;15.4;28.9;3.8;58.8;9.2;847.4;;1512.6;;1020;1.7;10.6;6.1;38.2;10.3;37.1;;0;0;0;302;;;;101;521;72;4.5;0;219;0;0
BLA;11.07.2018 00:00;12.8;20.2;5.8;13.9;28;2.2;60.5;8.3;845.9;;1497.6;;1018.3;2;11.7;7.2;42.1;11.1;40;;0;0;0;358;;;;41;728;100;4.9;0;360;0;0
BLA;12.07.2018 00:00;13.4;21.7;5;14.2;29.3;1.5;59.8;8.4;848;;1519.2;;1020.8;1.6;12.2;5.8;43.9;11.1;40;;0;0;0;338;;;;82;698;96;4.8;0;225;0;0
BLA;13.07.2018 00:00;14.6;22.2;5.8;15.5;30.7;1.8;56.4;8.8;851;;1548.5;;1024.2;1.5;9.5;5.4;34.2;9.1;32.8;;0;0;0;309;;;;72;551;76;4.5;0;180;0;0
BLA;14.07.2018 00:00;14.8;23.2;10.2;15.6;31.1;7.1;70.5;11;851.3;;1551.7;;1024.6;1.6;10;5.8;36;9;32.4;;8.2;8.2;0;217;;;;91;275;38;3.8;0;180;0;0
BLA;15.07.2018 00:00;12.4;19.8;7.1;12.7;28.6;4.8;82.8;11.6;849.3;;1531.9;;1022.3;1.4;8.8;5;31.7;8.6;31;;6.2;6.2;0;190;;;;97;223;31;2.9;0;45;0;0
BLA;16.07.2018 00:00;14;21.7;5.9;14.8;29;3.2;63.2;9.2;846.2;;1500.4;;1018.6;1.7;11.4;6.1;41;10.6;38.2;;0;0;0;338;;;;62;659;91;4.8;0;45;0;0
BLA;17.07.2018 00:00;14.4;19.9;8.5;14.8;27.6;5.3;60.4;9.5;849.1;;1530.3;;1022.1;1.6;9.8;5.8;35.3;9.4;33.8;;0;0;0;231;;;;88;332;46;3.6;0;61;0;0
BLA;18.07.2018 00:00;15.2;23.9;6.3;16.2;29.9;2.8;58.6;9.2;849.4;;1532.2;;1022.3;1.3;7.1;4.7;25.6;6.6;23.8;;0;0;0;350;;;;42;724;100;5;0;180;0;0
BLA;19.07.2018 00:00;16.7;23.5;9.7;17.6;30.1;7.3;63.7;11.6;848.7;;1525.7;;1021.6;1.7;11.4;6.1;41;10.5;37.8;;0;0;0;306;;;;87;587;81;4.7;0;236;0;0
BLA;20.07.2018 00:00;15.7;24;8.7;16.4;30.3;6.3;65.7;10.7;847.7;;1515.4;;1020.4;1.6;15.3;5.8;55.1;14.5;52.2;;15.9;15.9;0;276;;;;95;473;66;4.4;0;211;0;0
BLA;21.07.2018 00:00;11.3;15;7.3;11.6;16.9;5.8;91.2;12.2;846;;1499;;1018.4;1.2;6.2;4.3;22.3;5.9;21.2;;0.5;0.5;0;84;;;;80;4;1;1.4;0;225;8.7;0.7
BLA;22.07.2018 00:00;13.8;19.6;10;15.5;28.3;8.8;76.6;11.7;846.5;;1503.5;;1019;1.5;8.7;5.4;31.3;7.8;28.1;;0;0;0;261;;;;107;353;49;3.8;0;225;0;0
BLA;23.07.2018 00:00;14.5;21.2;8.9;15.5;29;5.9;70.4;11.2;848.4;;1523.4;;1021.3;1.6;7.4;5.8;26.6;6.8;24.5;;0;0;0;285;;;;103;458;64;4.2;0;217;0;0
BLA;24.07.2018 00:00;16.3;23.5;8.3;17.1;32.3;4.6;61.6;10.8;848.1;;1520;;1020.9;1.7;10.5;6.1;37.8;9.8;35.3;;0;0;0;308;;;;118;497;69;4.6;0;315;0;0
BLA;25.07.2018 00:00;16.4;23.4;10.7;17.3;30.2;7.2;65.7;11.8;848.8;;1527.1;;1021.7;1.6;10.3;5.8;37.1;9.8;35.3;;0;0;0;306;;;;108;592;82;4.7;0;252;0;0
BLA;26.07.2018 00:00;17.1;24.5;9.5;17.6;31.6;5.9;56.6;10.3;848;;1519;;1020.8;2.2;12.1;7.9;43.6;11;39.6;;0;0;0;326;;;;51;699;98;5.2;0;32;0;0
BLA;27.07.2018 00:00;17;24.6;8.9;17.4;31.9;4.8;54.6;9.9;847.1;;1510;;1019.8;1.5;9.7;5.4;34.9;9.4;33.8;;0;0;0;333;;;;57;690;97;5;0;90;0;0
BLA;28.07.2018 00:00;13.5;17.2;8.7;12.4;18.1;6.3;85.7;13.3;848;;1518.7;;1020.7;1;9;3.6;32.4;8.5;30.6;;4.5;4.5;0;75;;;;69;23;3;1.4;0;63;0;0
BLA;29.07.2018 00:00;15.9;24.7;6.8;16.5;30.2;3.9;67.2;11.2;849.1;;1529.4;;1022;1.5;6.8;5.4;24.5;6.6;23.8;;0;0;0;327;;;;37;712;100;4.8;0;214;0;0
BLA;30.07.2018 00:00;18.1;26.3;10;18.8;32.8;6;57.6;11.1;850.8;;1547.3;;1024.1;1.6;11;5.8;39.6;10;36;;0;0;0;336;;;;57;703;99;5.2;0;45;0;0
BLA;31.07.2018 00:00;18;25.4;11.3;17.4;31.6;7.4;62.1;12.3;851.8;;1557.4;;1025.2;1.4;9.6;5;34.6;9.1;32.8;;0;0;0;203;;;;100;333;47;3.7;0;27;0;0
BLA;01.08.2018 00:00;15.2;25.6;9;15.1;33.7;6.7;80;13.3;853.2;;1571;;1026.9;1.4;11.4;5;41;10.8;38.9;;13.8;13.8;0;160;;;;69;233;33;3.1;0;51;0;0
BLA;02.08.2018 00:00;16.6;25;7.7;17.5;31.5;5.1;68.1;12.1;853.3;;1571.3;;1026.9;1.4;11.8;5;42.5;10.7;38.5;;0;0;0;324;;;;56;693;99;4.7;0;360;0;0
BLA;03.08.2018 00:00;18.7;26.7;11.2;19.3;33;8.1;63.5;13.1;852.4;;1563.3;;1025.9;1.7;12;6.1;43.2;11.2;40.3;;0;0;0;311;;;;51;643;93;5;0.4;27;0;0
BLA;04.08.2018 00:00;18;26.4;11.6;18.1;34;8.4;67.1;13.1;852.2;;1560.6;;1025.6;1.6;11.5;5.8;41.4;10.9;39.2;;0;0;0;274;;;;70;524;76;4.5;0;27;0;0
BLA;05.08.2018 00:00;18.9;26.8;10.9;19.7;33.7;7.5;63.5;12.9;851.8;;1556.7;;1025.2;1.7;12.7;6.1;45.7;12.1;43.6;;0.3;0.3;0;316;;;;72;639;93;5;0.6;39;0;0
BLA;06.08.2018 00:00;16;25.8;9.8;16.4;32.6;7.8;77.6;13.3;851.7;;1555.8;;1025.1;1.6;17;5.8;61.2;16.6;59.8;;3.1;3.1;0;218;;;;64;425;63;3.8;0;60;0;0
BLA;07.08.2018 00:00;16;24.5;9.2;16.6;32.4;6.6;74.3;12.7;850.1;;1539.3;;1023.2;1.5;11.3;5.4;40.7;11;39.6;;5.9;5.9;0;194;;;;112;208;31;3.4;0;90;0;0
BLA;08.08.2018 00:00;15.4;23.3;10;15.9;30;7.9;76.6;12.8;849.7;;1535.9;;1022.7;1.5;7.9;5.4;28.4;7.4;26.6;;0.9;0.9;0;176;;;;91;262;39;3.1;0;54;0;0
BLA;09.08.2018 00:00;13.8;23.4;8.8;13.9;29.8;5.7;80.1;12.1;850.3;;1541.8;;1023.4;1.4;9.8;5;35.3;9.2;33.1;;8;7.9;0;187;;;;71;332;50;3.2;0;117;0;0
BLA;10.08.2018 00:00;12.7;19.1;8.3;13.9;25;6;86.3;12.4;853.3;;1571.6;;1027;1.6;7.6;5.8;27.4;7.2;25.9;;0;0.1;0;249;;;;83;405;62;3.3;0;216;0;0
BLA;11.08.2018 00:00;12.4;20.2;5.9;13.1;26.5;3.3;76.3;10.5;853.3;;1571.3;;1026.9;1.4;5.8;5;20.9;5.6;20.2;;0;0;0;287;;;;67;648;100;3.8;0;225;0;0
BLA;12.08.2018 00:00;14.9;23.4;6.6;15.2;29.2;3.7;65.3;10.4;849.8;;1536.3;;1022.8;1.4;9.1;5;32.8;8.9;32;;0;0;0;297;;;;51;609;97;4.2;0;214;0;0
BLA;13.08.2018 00:00;12.8;18.6;8.5;12.2;24;5.1;80;11.7;846.5;;1504;;1019;1.3;7.4;4.7;26.6;7.1;25.6;;5.9;4.6;0;108;;;;83;117;19;2;0;76;0;0
BLA;14.08.2018 00:00;12.9;17.9;8.5;13.4;24.2;6;80.2;11.6;848.1;;1519.9;;1020.9;1.3;10.1;4.7;36.4;9.7;34.9;;0.2;1.5;0;161;;;;115;125;20;2.4;0;63;0;0
BLA;15.08.2018 00:00;13.7;21.4;7.8;14.8;27;5.2;70.7;10.6;850.9;;1547.7;;1024.1;1.5;7.4;5.4;26.6;6.7;24.1;;0;0;0;294;;;;37;617;99;4;0;225;0;0
BLA;16.08.2018 00:00;14.6;23.1;6.9;14.8;28.6;3.5;65;10.1;849.4;;1533.2;;1022.4;1.5;10.7;5.4;38.5;10.2;36.7;;0;0;0;288;;;;39;616;100;4.1;0;37;0;0
BLA;17.08.2018 00:00;13;19.3;8.3;12.7;26.5;5.7;82;12.2;849.9;;1537.9;;1023;1.4;8.5;5;30.6;8.4;30.2;;0.3;0.3;0;158;;;;81;230;37;2.4;0;76;0;0
BLA;18.08.2018 00:00;12.7;20.6;6.9;12.9;27.3;4.3;84.4;12.2;852.3;;1561.9;;1025.8;1.4;7.4;5;26.6;7.1;25.6;;0.7;0.7;0;207;;;;46;382;62;2.9;0;180;0;0
BLA;19.08.2018 00:00;14.4;23.2;7.9;14.9;30.2;5.1;77.9;12.3;853.2;;1570.4;;1026.8;1.4;11;5;39.6;10.3;37.1;;0.5;0.5;0;242;;;;56;472;77;3.5;0;180;0;0
BLA;20.08.2018 00:00;15.6;23.6;8;16.2;29.5;5.3;69.9;11.8;851.8;;1557;;1025.2;1.4;11.8;5;42.5;11.1;40;;0;0;0;288;;;;51;607;100;4;0;270;0;0
BLA;21.08.2018 00:00;14.4;23.4;8.9;14.2;30;6.1;76;11.8;852;;1558.5;;1025.4;1.2;8.9;4.3;32;8.4;30.2;;0.3;0.3;0;204;;;;61;368;61;3.2;0;180;0;0
BLA;22.08.2018 00:00;14.5;21.3;8.1;14.3;26.6;5.2;76;12.2;851.6;;1555.1;;1025;1.1;8.5;4;30.6;8.4;30.2;;1.4;1.4;0;163;;;;66;331;55;2.5;0;56;0;0
BLA;23.08.2018 00:00;15.1;23;8;15.6;30.4;6.1;71.1;11.5;849.3;;1531.7;;1022.3;1.4;10;5;36;9.8;35.3;;4.8;3.9;0;231;;;;70;413;70;3.4;0;180;0;0
BLA;24.08.2018 00:00;13;19.6;8.5;13.4;25.3;6.8;82;12;846.7;;1506.4;;1019.3;1.5;9.5;5.4;34.2;9;32.4;;0.2;1.1;0;198;;;;79;290;49;2.8;0;194;0;0
BLA;25.08.2018 00:00;8.8;11.9;5.1;8.4;15;3.6;79.9;9;844.4;;1483.6;;1016.5;1.4;6.5;5;23.4;6.2;22.3;;0;0;0;77;;;;72;3;1;1.3;0;219;11.2;3.2
BLA;26.08.2018 00:00;7.7;15.7;0.9;8.3;21.3;-1.9;65.8;6.5;845.6;;1495.7;;1017.9;1.4;6.6;5;23.8;6.4;23;;0;0;0;268;;;;35;585;100;3.1;0;225;12.3;4.3
BLA;27.08.2018 00:00;12.2;20.8;5.3;12.7;26.9;3.3;62.2;8.4;848.8;;1527.2;;1021.7;1.1;6.6;4;23.8;6.3;22.7;;0;0;0;233;;;;75;456;78;3.2;0;243;0;0
BLA;28.08.2018 00:00;14.2;24.2;5.9;13.8;28.6;2.8;62.4;9.1;850.6;;1544.8;;1023.8;1.3;6.4;4.7;23;6.3;22.7;;0;0;0;260;;;;47;582;100;3.7;0;198;0;0
BLA;29.08.2018 00:00;13.9;22.9;8.4;13.9;29.6;5;74.9;11.4;849.6;;1534.6;;1022.6;1.4;12.1;5;43.6;11.8;42.5;;4.6;4.5;0;195;;;;56;363;63;3;0;180;0;0
BLA;30.08.2018 00:00;12.5;18.4;7.6;13.9;25.2;5.9;81.9;11.6;849.5;;1533.8;;1022.5;1.6;8.1;5.8;29.2;8;28.8;;0;0.1;0;242;;;;65;473;83;3;0;217;0;0
BLA;31.08.2018 00:00;9.6;11.4;6.1;9.7;13.7;4;91.1;10.9;848.1;;1520.5;;1020.9;1.2;5.2;4.3;18.7;5;18;;1.1;0.5;0;51;;;;46;0;0;0.9;0;225;10.4;2.4
BLA;01.09.2018 00:00;8.2;12;5.6;8.4;16.6;3.9;87.4;9.5;849;;1528.8;;1021.9;1.2;6.2;4.3;22.3;5.9;21.2;;2.2;2.8;0;104;;;;94;10;2;1.5;0;217;11.8;3.8
BLA;02.09.2018 00:00;9.7;14.8;6;10.8;22.5;5.3;81.9;9.7;847.9;;1518.7;;1020.7;1.2;6.3;4.3;22.7;5.9;21.2;;0;0;0;175;;;;81;231;41;2.2;0;214;10.3;2.3
BLA;03.09.2018 00:00;10.3;16.4;4.8;10.7;22.6;2;77.7;9.4;846.3;;1502.4;;1018.8;1.1;6.8;4;24.5;6.5;23.4;;0;0;0;143;;;;91;185;33;2;0;360;9.7;1.7
BLA;04.09.2018 00:00;10.7;18.8;3;11.1;25.5;0.2;70.8;8.6;847;;1509.1;;1019.6;1.4;7.1;5;25.6;6.7;24.1;;0;0;0;244;;;;47;508;91;3;0;211;9.3;1.3
BLA;05.09.2018 00:00;12.8;20.6;5.8;13.2;27.6;2.5;69.9;9.7;848.1;;1519.5;;1020.8;1.4;7.5;5;27;7.2;25.9;;0;0;0;246;;;;39;532;96;3.2;0;211;0;0
BLA;06.09.2018 00:00;12;17.3;7.3;12.1;24;4.3;80.6;11.1;845.7;;1496;;1018.1;1.2;7.2;4.3;25.9;7;25.2;;5.7;5.7;0;118;;;;75;126;23;1.8;0;180;8;0
BLA;07.09.2018 00:00;11.6;18;5.8;12.2;25.7;2.5;77.9;10.3;846.9;;1508.3;;1019.5;1.4;9.5;5;34.2;8.3;29.9;;0;0;0;209;;;;93;267;49;2.6;0;207;8.4;0.4
BLA;08.09.2018 00:00;11;20.8;3.8;10.8;25.8;0.7;69.4;8.5;851.1;;1549.7;;1024.4;1.5;8.4;5.4;30.2;8.1;29.2;;0;0;0;237;;;;25;528;99;3.1;0;189;9;1
BLA;09.09.2018 00:00;13;21.9;6.1;12.8;28.1;2.6;65.6;9;853.2;;1570.6;;1026.8;1.1;7.4;4;26.6;7;25.2;;0;0;0;227;;;;31;497;94;3;0;180;0;0
BLA;10.09.2018 00:00;13.6;21.4;7.4;13.5;27.8;4.3;64.4;9.4;855.3;;1590.9;;1029.2;1.3;10.2;4.7;36.7;9.8;35.3;;0;0;0;222;;;;44;505;97;3;0;45;0;0
BLA;11.09.2018 00:00;13.7;23.5;6.5;12.9;29.2;2.5;57.2;8.1;857.3;;1611.2;;1031.6;1.2;6.2;4.3;22.3;5.9;21.2;;0;0;0;220;;;;26;514;99;3.1;0;207;0;0
BLA;12.09.2018 00:00;15.2;23.7;7.6;14.9;30.3;4;61.4;10;854.7;;1585.1;;1028.5;1.4;7.7;5;27.7;7.6;27.4;;1.3;1.3;0;212;;;;40;466;91;3.1;0;214;0;0
BLA;13.09.2018 00:00;13.1;20.7;8.5;13.5;28.9;6.2;83;12.2;850.5;;1543.9;;1023.7;1.3;7.7;4.7;27.7;7.1;25.6;;3.4;3.4;0;170;;;;70;271;53;2.4;0;153;0;0
BLA;14.09.2018 00:00;12.2;17.4;7.2;12.6;24.3;4.4;85.5;12;850.2;;1541;;1023.3;1.3;5.3;4.7;19.1;5;18;;0;0;0;135;;;;93;132;26;1.8;0;225;0;0
BLA;15.09.2018 00:00;11.6;20;5.6;12.1;26.5;3;76.3;9.9;852.8;;1566.4;;1026.3;1.2;7;4.3;25.2;6.8;24.5;;0;0;0;218;;;;32;497;100;2.7;0;180;8.4;0.4
BLA;16.09.2018 00:00;11.9;17.2;6.7;11;18.8;4;82.2;11.4;853.5;;1573.3;;1027.2;1;7.6;3.6;27.4;7.3;26.3;;0.1;0.1;0;69;;;;60;11;2;1.3;0;63;8.1;0.1
BLA;17.09.2018 00:00;13.1;21.3;7;13.3;28.5;4.5;72.2;10.2;852.3;;1561.8;;1025.8;1.4;6.4;5;23;6;21.6;;0;0;0;202;;;;35;472;100;2.7;0;180;0;0
BLA;18.09.2018 00:00;12.1;21.1;6.8;11.6;29.2;4.4;78.2;10.8;851.6;;1554.3;;1024.9;1.1;6.4;4;23;6;21.6;;3.9;3.9;0;130;;;;50;203;44;2;0;76;0;0
BLA;19.09.2018 00:00;12;21.2;5.5;11.6;29.1;2.7;70.5;9.3;853.4;;1572.6;;1027.1;1.1;8.9;4;32;8.3;29.9;;0;0;0;193;;;;48;388;86;2.5;0;90;8;0
BLA;20.09.2018 00:00;13;22.1;6.9;12.4;28.1;3.7;65.7;9.2;852.3;;1561.5;;1025.8;1.2;6.8;4.3;24.5;6.4;23;;0;0;0;184;;;;26;458;100;2.6;0;135;0;0
BLA;21.09.2018 00:00;13.1;20.6;8.1;12.5;26.7;5.4;73.5;10.4;849.7;;1536.2;;1022.8;1.5;10.8;5.4;38.9;10.3;37.1;;3.3;3.3;0;116;;;;65;120;27;2.1;0;207;0;0
BLA;22.09.2018 00:00;10.8;15.8;6.2;11.4;21.1;4;85.3;10.9;851.5;;1554;;1024.9;1.2;4.6;4.3;16.6;4.3;15.5;;2.5;2.4;0;129;;;;67;181;41;1.6;0;90;9.2;1.2
BLA;23.09.2018 00:00;14.6;22.7;9.1;14.8;28.3;8.8;80.6;12.9;850.9;;1547.3;;1024.1;1.5;9.4;5.4;33.8;9.1;32.8;;17.2;16;0;106;;;;70;86;20;2;0;180;0;0
BLA;24.09.2018 00:00;6.6;12.5;2.2;7;19.1;-0.5;82.3;7.9;853.5;;1572.5;;1027.1;1.6;8.6;5.8;31;8;28.8;;0;1.3;0;176;;;;22;438;100;1.8;0;194;13.4;5.4
BLA;25.09.2018 00:00;6.2;15.3;0.9;6;21.5;-1.7;81.3;7.4;857.5;;1611.1;;1031.8;1.1;5.7;4;20.5;5.5;19.8;;0;0;0;172;;;;20;435;100;1.8;0;207;13.8;5.8
BLA;26.09.2018 00:00;7.9;17.6;1.6;7.1;23.9;-1.4;73.7;7.4;861.1;;1645.4;;1035.9;1;5.2;3.6;18.7;4.9;17.6;;0;0;0;168;;;;22;432;100;1.9;0;135;12.1;4.1
BLA;27.09.2018 00:00;9.7;20.2;3.6;8.7;26.2;-0.2;63.3;7.1;858;;1616.5;;1032.4;0.9;5.1;3.2;18.4;5;18;;0;0;0;169;;;;19;428;100;2.1;0;180;10.3;2.3
BLA;28.09.2018 00:00;9.6;18.5;3.9;8.8;25.1;0;66.2;7.6;851;;1548.7;;1024.3;1.1;5.3;4;19.1;5.1;18.4;;0;0;0;165;;;;19;425;100;2;0;180;10.4;2.4
BLA;29.09.2018 00:00;9.7;18.8;4.5;9.1;24.8;1.7;72.2;8.1;849.3;;1532.3;;1022.3;1.3;6.7;4.7;24.1;6.5;23.4;;0;0;0;157;;;;27;423;100;2;0;180;10.3;2.3
BLA;30.09.2018 00:00;8.6;16.7;3.8;8.1;24.5;0.8;80.1;8.7;847.6;;1515.5;;1020.3;1.1;7.3;4;26.3;7.1;25.6;;10.6;9;0;106;;;;58;131;32;1.5;0;214;11.4;3.4
BLA;01.10.2018 00:00;5;6;-0.2;4.8;8.3;-2.7;66.2;5.8;844.3;;1483.5;;1016.4;2.1;16.2;7.6;58.3;14.8;53.3;;1.6;3.2;0;70;;;;65;0;0;1;0;27;15;7
BLA;02.10.2018 00:00;2.4;6.4;-2.4;1.9;7.6;-5;79.9;5.8;850.3;;1541.8;;1023.4;1;6.3;3.6;22.7;6;21.6;;0.3;0.3;0;47;;;;41;2;0;0.7;0;63;17.6;9.6
BLA;03.10.2018 00:00;6;12.7;1.1;6.8;18.7;-0.2;86.7;8;853.4;;1571.5;;1027;1.1;5.7;4;20.5;5.4;19.4;;0;0;0;150;;;;32;403;100;1.4;0;198;14;6
BLA;04.10.2018 00:00;8.2;17.9;2.5;7.5;23.6;0;77.6;8.1;853.2;;1570.3;;1026.9;1;6.1;3.6;22;5.9;21.2;;0;0;0;144;;;;18;399;100;1.7;0;180;11.8;3.8
BLA;05.10.2018 00:00;9;19.1;3.6;7.8;24.5;0.7;69.2;7.4;851.2;;1549.9;;1024.4;1.1;7.1;4;25.6;6.8;24.5;;0;0;0;140;;;;21;361;92;1.8;0;135;11;3
BLA;06.10.2018 00:00;9;14.3;4.3;8.3;17.3;1.6;71.4;8.1;846.4;;1503.7;;1018.9;1.1;5.6;4;20.2;5.2;18.7;;0;0;0;70;;;;61;12;3;1.2;0;76;11;3
BLA;07.10.2018 00:00;7.6;15.9;3.4;6.8;22.6;0.9;80.6;8.2;844.9;;1488.7;;1017.1;1.2;5.7;4.3;20.5;5.3;19.1;;0;0;0;103;;;;55;213;55;1.4;0;0;12.4;4.4
BLA;08.10.2018 00:00;8.4;17.5;4;6.9;24.2;1.3;75.6;8.1;849.4;;1533.1;;1022.4;0.9;3.9;3.2;14;3.8;13.7;;0;0;0;91;;;;25;172;45;1.4;0;79;11.6;3.6
BLA;09.10.2018 00:00;8.5;17.4;3.5;7.1;23.8;0.7;72.5;7.7;851.2;;1550.7;;1024.5;1.1;5.6;4;20.2;5.5;19.8;;0;0;0;107;;;;21;335;90;1.5;0;90;11.5;3.5
BLA;10.10.2018 00:00;9.8;14.9;5.8;8.8;19.6;2.4;65.4;7.8;849.3;;1532.4;;1022.3;1.4;9.2;5;33.1;8.8;31.7;;0;0;0;65;;;;51;43;12;1.3;0;72;10.2;2.2
BLA;11.10.2018 00:00;9.3;15.6;3.8;8.5;22.5;0.9;70.6;8;848.7;;1526;;1021.6;1.4;9.6;5;34.6;9.2;33.1;;0;0;0;91;;;;56;122;33;1.4;0;135;10.7;2.7
BLA;12.10.2018 00:00;8.8;18.4;3.5;7.4;23.7;0.6;69.3;7.4;854.4;;1581.9;;1028.2;1.1;6.6;4;23.8;6.4;23;;0;0;0;121;;;;19;367;100;1.6;0;108;11.2;3.2
BLA;13.10.2018 00:00;9;18.8;3.9;7.3;24.4;0.4;66.4;7.2;852.4;;1562.1;;1025.9;1.2;7.6;4.3;27.4;7.4;26.6;;0;0;0;121;;;;15;360;100;1.6;0;135;11;3
BLA;14.10.2018 00:00;7.2;15.5;2.8;5.7;21.2;-0.4;65.3;6.3;848;;1519.2;;1020.8;1.3;7.9;4.7;28.4;7.5;27;;0;0;0;117;;;;20;356;99;1.5;0;117;12.8;4.8
BLA;15.10.2018 00:00;7.3;14.1;2.5;5.3;18.9;-0.8;60.3;6;847.4;;1513.4;;1020.1;1.5;12.2;5.4;43.9;12.1;43.6;;0;0;0;71;;;;44;105;30;1.4;0;59;12.7;4.7
BLA;16.10.2018 00:00;7.1;15.8;2.2;5.7;21;-0.8;66.8;6.4;849.5;;1534;;1022.5;1.2;6.6;4.3;23.8;6.3;22.7;;0;0;0;112;;;;31;350;99;1.4;0;135;12.9;4.9
BLA;17.10.2018 00:00;7.5;16.5;2.2;5.8;23.2;-1;70.2;7;848.5;;1524;;1021.3;1;4.8;3.6;17.3;4.7;16.9;;0;0;0;105;;;;39;346;99;1.3;0;117;12.5;4.5
BLA;18.10.2018 00:00;8.1;17.3;3.5;6.7;22.9;-0.2;70.4;7.3;847.5;;1514.8;;1020.2;0.9;5.2;3.2;18.7;4.9;17.6;;0;0;0;114;;;;27;344;100;1.3;0;90;11.9;3.9
BLA;19.10.2018 00:00;7.4;16.6;3.4;5.6;21.4;-0.1;73.3;7.3;850.3;;1541.6;;1023.4;0.8;4.4;2.9;15.8;4.3;15.5;;0;0;0;94;;;;29;310;92;1.1;0;63;12.6;4.6
BLA;20.10.2018 00:00;6.9;16.5;2.6;5.4;22.6;-0.7;72.1;6.8;854.1;;1578.3;;1027.8;0.9;4.3;3.2;15.5;4;14.4;;0;0;0;106;;;;15;337;100;1.2;0;72;13.1;5.1
BLA;21.10.2018 00:00;6.4;16.9;1.8;4.6;22.1;-2;59.7;5.3;851.4;;1552.5;;1024.8;1.2;7.3;4.3;26.3;7;25.2;;0;0;0;98;;;;21;333;100;1.4;0;72;13.6;5.6
BLA;22.10.2018 00:00;3.6;12.8;-0.7;2;18.7;-4.6;66.1;5.1;851.3;;1551;;1024.6;1.1;5;4;18;4.6;16.6;;0;0;0;106;;;;15;330;99;1.1;0;63;16.4;8.4
BLA;23.10.2018 00:00;6.6;13.8;-1;4.6;18.4;-4.5;51.8;4.6;854.2;;1579.4;;1028;2;13.4;7.2;48.2;13;46.8;;0;0;0;65;;;;28;169;51;1.6;0;270;13.4;5.4
BLA;24.10.2018 00:00;13.6;17.7;3.3;12.1;21.5;0;43.3;6.3;851.5;;1553.8;;1024.8;4.4;21.4;15.8;77;21.1;76;;0;0;0;84;;;;17;306;94;2.7;0;17;0;0
BLA;25.10.2018 00:00;5.8;16.7;1.1;3.9;22.3;-2.4;66.3;6;849.2;;1531.1;;1022.2;1.1;4.6;4;16.6;4.3;15.5;;0;0;0;93;;;;15;323;100;1.2;0;45;14.2;6.2
BLA;26.10.2018 00:00;6.2;16.1;0.4;4.6;21.2;-3.6;51.6;4.7;841.8;;1458.6;;1013.5;1;4.9;3.6;17.6;4.7;16.9;;0.6;0;0;89;;;;29;263;82;1.2;0;56;13.8;5.8
BLA;27.10.2018 00:00;2.3;5.3;0;2.1;4.3;0;93.2;6.7;833.5;;1380.6;;1004;0.7;3.8;2.5;13.7;3.7;13.3;;20.1;19.6;0;17;;;;13;0;0;0.5;0;225;17.7;9.7
BLA;28.10.2018 00:00;1.6;4;-0.1;1.1;4.4;-0.2;96.7;6.6;829.6;;1342;;999.3;1.3;5.8;4.7;20.9;5.7;20.5;;15.2;8.5;5;48;;;;42;2;1;0.5;0;90;18.4;10.4
BLA;29.10.2018 00:00;2.7;4.3;0.3;1.8;3.3;0;95.3;7.1;823.7;;1283.4;;992.5;1.7;7.8;6.1;28.1;7.7;27.7;;70.1;72.4;0;12;;;;8;0;0;0.4;0;58;17.3;9.3
BLA;30.10.2018 00:00;0.1;3.1;-2.3;-0.5;6.5;-5.2;93.7;5.8;831.7;;1363.3;;1001.8;1.4;10.9;5;39.2;9.4;33.8;;3.4;8.9;0;61;;;;46;77;26;0.5;0;180;19.9;11.9
BLA;31.10.2018 00:00;2.6;7.6;-2;1.5;6.8;-4.5;81.8;5.9;844;;1481.7;;1016.1;1.5;10.1;5.4;36.4;9.6;34.6;;4.2;0.2;2;64;;;;57;20;7;0.7;0;72;17.4;9.4
BLA;01.11.2018 00:00;3.1;7;0.7;2.5;8.5;-0.3;92.2;7;843.3;;1474.8;;1015.3;1.2;6.3;4.3;22.7;6;21.6;;4.1;8.1;0;52;;;;35;61;21;0.6;0;72;16.9;8.9
BLA;02.11.2018 00:00;3.6;6.3;0.9;3.4;8.9;-0.8;89.4;7.1;848;;1520;;1020.8;1.1;5.2;4;18.7;4.7;16.9;;0;0;0;53;;;;47;4;1;0.5;0;225;16.4;8.4
BLA;03.11.2018 00:00;5.4;11.9;0.6;4.6;17.1;-1.3;79.4;7;849.9;;1537.6;;1022.9;1.3;5.2;4.7;18.7;5;18;;0;0;0;70;;;;51;119;42;0.8;0;72;14.6;6.6
BLA;04.11.2018 00:00;7.2;10.9;4;6.3;11.6;1.6;75.4;7.6;845.3;;1493.1;;1017.6;1.5;6.8;5.4;24.5;6.2;22.3;;0.4;0.4;0;32;;;;28;0;0;0.8;0;49;12.8;4.8
BLA;05.11.2018 00:00;7;13;3.6;5.8;17;1.8;72.4;7;841.6;;1457;;1013.3;1.8;11.9;6.5;42.8;11.5;41.4;;0;0;0;63;;;;29;175;63;1.1;0;180;13;5
BLA;06.11.2018 00:00;6;9.4;2.5;5.1;9;2.2;84.4;7.9;841.1;;1452.8;;1012.8;1.4;6;5;21.6;5.7;20.5;;19.4;16.4;0;29;;;;25;0;0;0.6;0;56;14;6
BLA;07.11.2018 00:00;5.6;10.7;3.2;4.6;11;2.3;84.7;7.6;843.1;;1472;;1015.1;1.5;14;5.4;50.4;13.6;49;;0.3;3.3;0;41;;;;33;12;4;0.8;0;79;14.4;6.4
BLA;08.11.2018 00:00;3.7;9.6;1.5;2.7;14;-0.4;86.8;6.9;847.2;;1511.8;;1019.8;0.9;3.9;3.2;14;3.8;13.7;;0;0;0;49;;;;20;187;70;0.6;0;72;16.3;8.3
BLA;09.11.2018 00:00;3.9;11.6;1.2;2.4;14.9;-1.6;78.1;6.2;845;;1491.2;;1017.3;1.1;4.2;4;15.1;4.1;14.8;;0;0;0;66;;;;23;184;69;0.8;0;59;16.1;8.1
BLA;10.11.2018 00:00;4.7;10.6;0.2;2.9;14.4;-2.6;74.7;6.3;841.7;;1458.9;;1013.5;1.3;8.1;4.7;29.2;8;28.8;;0;0;0;47;;;;38;39;15;0.8;0;90;15.3;7.3
BLA;11.11.2018 00:00;4.5;10.7;1.1;3;16.3;-1.8;78.3;6.5;845.6;;1496.4;;1018;1.1;4.8;4;17.3;4.7;16.9;;0;0;0;58;;;;22;180;71;0.7;0;63;15.5;7.5
BLA;12.11.2018 00:00;4;11.8;0.8;2.2;16.5;-2.1;77.4;6.2;850.9;;1547.5;;1024.1;1;4.9;3.6;17.6;4.8;17.3;;0;0;0;62;;;;12;251;100;0.7;0;59;16;8
BLA;13.11.2018 00:00;5;11.9;0.7;3.4;12.6;-2;80.6;7;855.4;;1590.5;;1029.3;1.1;6;4;21.6;5.7;20.5;;0;0;0;40;;;;35;3;1;0.7;0;39;15;7
BLA;14.11.2018 00:00;2.5;10.7;-1;-0.1;15;-4.7;66.8;4.8;855.3;;1588.9;;1029.2;0.7;3.6;2.5;13;3.1;11.2;;0;0;0;61;;;;11;245;100;0.6;0;68;17.5;9.5
BLA;15.11.2018 00:00;1.4;9.8;-1.2;-1.1;13.9;-5;56.8;3.7;852.2;;1559.8;;1025.6;0.7;3.4;2.5;12.2;3.3;11.9;;0;0;0;61;;;;11;241;100;0.6;0;53;18.6;10.6
BLA;16.11.2018 00:00;0.9;9.3;-2.8;-1.2;13.6;-5.9;62.2;4;850.1;;1539.7;;1023.2;0.9;3.9;3.2;14;3.8;13.7;;0;0;0;57;;;;10;238;100;0.7;0;45;19.1;11.1
BLA;17.11.2018 00:00;-2;3.5;-4.7;-3.9;7.5;-7.6;67.4;3.5;847.6;;1516.7;;1020.3;1.1;4.7;4;16.9;4.5;16.2;;0;0;0;60;;;;16;232;100;0.5;0;63;22;14
BLA;18.11.2018 00:00;-3.3;3.7;-5.9;-5.1;8;-9.2;61.8;2.9;843.3;;1475.7;;1015.3;1;5.6;3.6;20.2;5.4;19.4;;0;0;0;55;;;;11;228;100;0.6;0;63;23.3;15.3
BLA;19.11.2018 00:00;-4.4;-1.8;-6.2;-5.3;-1.1;-8.8;77.4;3.4;832.5;;1374.4;;1002.7;1;5.2;3.6;18.7;4.7;16.9;;0.2;0.2;0;34;;;;29;0;0;0.4;0;90;24.4;16.4
BLA;20.11.2018 00:00;-4;1.8;-6.6;-6.1;6;-9.6;66.9;3;832.3;;1372.5;;1002.5;1.2;7.7;4.3;27.7;7.4;26.6;;0;0;0;38;;;;11;199;95;0.6;0;53;24;16
BLA;21.11.2018 00:00;-0.3;5.2;-5.1;-1.8;5.6;-8.4;65.9;3.9;839.9;;1443.4;;1011.4;0.9;5.5;3.2;19.8;5.1;18.4;;0;0;1;37;;;;32;0;0;0.5;0;45;20.3;12.3
BLA;22.11.2018 00:00;-0.8;4.9;-3.3;-2.5;9.2;-6.8;73.4;4.2;845;;1491.7;;1017.3;0.8;2.6;2.9;9.4;2.4;8.6;;0;0;1;47;;;;10;209;100;0.5;0;59;20.8;12.8
BLA;23.11.2018 00:00;0.2;4.3;-4.7;-1.3;4.7;-7.7;60.8;3.7;844;;1482.1;;1016.2;1.2;5.4;4.3;19.4;5.2;18.7;;1.4;0;1;30;;;;26;0;0;0.6;0;45;19.8;11.8
BLA;24.11.2018 00:00;-0.4;2.8;-3.8;-1.8;5.7;-7.1;87.2;5.2;841.3;;1456.6;;1013;0.7;2.9;2.5;10.4;2.8;10.1;;0;1.4;2;51;;;;19;198;99;0.3;0;45;20.4;12.4
BLA;25.11.2018 00:00;-2.3;3.2;-4.8;-4.4;6.2;-8.1;74.6;3.8;835;;1396.7;;1005.6;1.1;7.1;4;25.6;6.9;24.8;;0;0;1;44;;;;10;184;92;0.5;0;50;22.3;14.3
BLA;26.11.2018 00:00;-1.8;-0.4;-3.7;-2.2;1;-4.7;90.3;4.8;832.5;;1373.3;;1002.8;0.9;3.8;3.2;13.7;3.7;13.3;;0.1;0.1;1;32;;;;28;0;0;0.3;0;180;21.8;13.8
BLA;27.11.2018 00:00;-2.2;1.2;-7.1;-3.2;2.7;-9.9;77.3;4;841.5;;1458.7;;1013.2;1.5;11.3;5.4;40.7;11;39.6;;0;0;1;47;;;;42;0;0;0.4;0;207;22.2;14.2
BLA;28.11.2018 00:00;-3.3;2.3;-7.9;-4.7;6.3;-10.5;72.2;3.4;848.1;;1521.2;;1020.9;0.9;3.1;3.2;11.2;3.1;11.2;;0;0;1;37;;;;27;27;14;0.4;0;53;23.3;15.3
BLA;29.11.2018 00:00;1.8;7.7;-1.9;0;8.5;-4.6;76.7;5.3;847.2;;1512.3;;1019.9;0.9;3.7;3.2;13.3;3.6;13;;0;0;1;44;;;;39;0;0;0.5;0;45;18.2;10.2
BLA;30.11.2018 00:00;0.4;3.5;-1.2;-0.3;4;-3.7;85.8;5.4;843.5;;1477;;1015.5;0.8;4.5;2.9;16.2;4.2;15.1;;1.6;0.8;1;27;;;;23;0;0;0.4;0;45;19.6;11.6
BLA;01.12.2018 00:00;-2.2;-0.4;-6;-3.8;1.5;-9.4;87.2;4.6;845.3;;1494.7;;1017.6;0.9;4.5;3.2;16.2;4.3;15.5;;0.7;0.8;5;41;;;;24;78;45;0.2;0;51;22.2;14.2
BLA;02.12.2018 00:00;0.7;2.3;-1.1;-0.1;1.2;-2.5;92.2;5.9;843.7;;1478.8;;1015.7;1.2;5.8;4.3;20.9;5.5;19.8;;45.2;35.5;4;11;;;;7;0;0;0.4;0;39;19.3;11.3
BLA;03.12.2018 00:00;2.4;4.6;0.7;1.4;3.5;0.2;95.4;6.9;843.2;;1473.4;;1015.1;1.6;8.5;5.8;30.6;8.3;29.9;;24.2;34;3;23;;;;19;0;0;0.4;0;49;17.6;9.6
BLA;04.12.2018 00:00;0.7;2.7;-2.8;-0.3;2.5;-4.8;91.8;5.9;848.3;;1522.6;;1021.1;1.3;6.4;4.7;23;5.9;21.2;;2.8;3.4;1;30;;;;25;0;0;0.3;0;51;19.3;11.3
BLA;05.12.2018 00:00;2.7;7.6;-2.9;1.4;7;-4.8;82.1;6.2;850.7;;1545.4;;1023.9;1.2;6;4.3;21.6;5.5;19.8;;1.2;0;1;37;;;;32;0;0;0.4;0;41;17.3;9.3
BLA;06.12.2018 00:00;2.1;5.1;-1.1;1.2;5.8;-2.7;91.2;6.5;850;;1539.1;;1023.1;1.1;4.4;4;15.8;4.2;15.1;;2.3;3.5;1;36;;;;28;52;34;0.3;0;51;17.9;9.9
BLA;07.12.2018 00:00;2.8;8;-0.8;2.1;11.6;-2.5;81.1;6;845.8;;1498.9;;1018.3;1.2;13.3;4.3;47.9;12.2;43.9;;2.5;2.5;1;51;;;;27;159;100;0.4;0;90;17.2;9.2
BLA;08.12.2018 00:00;-1.7;0.6;-2.8;-1.9;-0.2;-3.3;90.4;4.9;844.8;;1490.1;;1017.1;1.6;11.3;5.8;40.7;10;36;;6.5;6.3;1;25;;;;21;0;0;0.4;0;225;21.7;13.7
BLA;09.12.2018 00:00;0.4;4.4;-2;-0.4;2.6;-1.3;83;5.2;839.9;;1443;;1011.4;3;24.7;10.8;88.9;22.2;79.9;;9.8;8.7;5;16;;;;11;0;0;0.7;0;212;19.6;11.6
BLA;10.12.2018 00:00;-1.5;1.4;-3.1;-1.2;-0.6;-1.6;72.9;4;846.3;;1504.3;;1018.8;3.2;18.8;11.5;67.7;18.3;65.9;;7.6;8.2;30;13;;;;9;0;0;0.8;0;62;21.5;13.5
BLA;11.12.2018 00:00;-7.1;-1.3;-15;-8.7;-1.6;-18.6;60.7;2.3;846.2;;1503.8;;1018.7;1.8;14.2;6.5;51.1;13.6;49;;0;0.7;33;32;;;;11;148;100;0.5;0;41;27.1;19.1
BLA;12.12.2018 00:00;-13.4;-7.3;-16.3;-16.7;-6.1;-20.1;57;1.2;843;;1475.9;;1015;1.1;4.2;4;15.1;4;14.4;;0;0;30;32;;;;11;138;100;0.3;0;45;33.4;25.4
BLA;13.12.2018 00:00;-10.5;-6.2;-14.7;-13;-7.4;-18.6;53.2;1.5;838;;1428.9;;1009.1;1.3;6;4.7;21.6;5.6;20.2;;0;0;27;21;;;;14;5;4;0.4;0;45;30.5;22.5
BLA;14.12.2018 00:00;-11;-5.2;-15.6;-13.4;-3.8;-18.4;73.4;1.9;840.1;;1448.2;;1011.5;1;4.6;3.6;16.6;4.2;15.1;;0;0;26;30;;;;10;135;100;0.3;0;45;31;23
BLA;15.12.2018 00:00;-11.2;-4.8;-16.6;-13.6;-4.9;-19.9;68.9;1.8;843.9;;1483.2;;1016;0.9;4.5;3.2;16.2;4.3;15.5;;18.3;4.2;25;30;;;;11;125;98;0.3;0;45;31.2;23.2
BLA;16.12.2018 00:00;-2.4;2.8;-6.2;-3.5;1.3;-8.3;95.3;4.9;840.5;;1449.1;;1012;1.1;4.5;4;16.2;4.3;15.5;;0.9;14.7;41;40;;;;36;0;0;0.2;0;27;22.4;14.4
BLA;17.12.2018 00:00;-3.4;1.3;-9.3;-4.8;3.1;-12.4;84.7;4.2;847.6;;1516.4;;1020.3;1.1;4.8;4;17.3;4.2;15.1;;0;0.3;39;51;;;;39;68;54;0.2;0;45;23.4;15.4
BLA;18.12.2018 00:00;-6.9;-1.8;-10.9;-9.4;-1.7;-14;62.7;2.3;849.6;;1534.7;;1022.6;1;4.8;3.6;17.3;4.6;16.6;;0;0;38;30;;;;16;123;98;0.4;0;45;26.9;18.9
BLA;19.12.2018 00:00;-1.4;3.5;-5.8;-2.2;6.5;-7.4;72.5;3.9;844.4;;1485.7;;1016.5;1;6.4;3.6;23;6;21.6;;2.1;2.1;37;39;;;;32;17;13;0.4;0;34;21.4;13.4
BLA;20.12.2018 00:00;-2.9;1.3;-6.1;-4.1;1.1;-7.8;78.6;3.8;846.6;;1507.1;;1019.1;1.3;4.8;4.7;17.3;4.6;16.6;;0;0;39;37;;;;31;2;2;0.4;0;45;22.9;14.9
BLA;21.12.2018 00:00;-0.7;1.9;-5.5;-1.7;1.1;-8.4;85.4;5.1;849.5;;1533.8;;1022.5;1.5;7.3;5.4;26.3;7;25.2;;43.6;41.4;37;13;;;;8;0;0;0.3;0;48;20.7;12.7
BLA;22.12.2018 00:00;1.9;3.3;0.9;1.1;2.9;0;95.5;6.7;851;;1548.5;;1024.3;1.3;4.7;4.7;16.9;4.5;16.2;;2.1;4.3;37;24;;;;20;0;0;0.3;0;49;18.1;10.1
BLA;23.12.2018 00:00;1.6;3.9;0.3;0.7;2.8;-0.4;91.9;6.3;853.2;;1568.9;;1026.8;1.5;5.1;5.4;18.4;4.8;17.3;;40.7;30.8;33;14;;;;10;0;0;0.4;0;45;18.4;10.4
BLA;24.12.2018 00:00;-1.3;4.4;-9.1;-2.8;3;-11.9;87.5;5.2;851.3;;1551.1;;1024.6;2;13.2;7.2;47.5;12.5;45;;16.3;26.2;30;13;;;;8;0;0;0.3;0;49;21.3;13.3
BLA;25.12.2018 00:00;-6.6;-1.4;-9.7;-9.2;-0.8;-12.6;69.7;2.6;856.1;;1594.6;;1030.1;1.5;5.4;5.4;19.4;5.2;18.7;;0;0;31;32;;;;13;131;100;0.4;0;49;26.6;18.6
BLA;26.12.2018 00:00;-3.7;1.5;-6.2;-6.4;1.6;-9;71.6;3.3;855.2;;1587;;1029.1;1;4.1;3.6;14.8;3.7;13.3;;0;0;31;28;;;;10;132;100;0.4;0;40;23.7;15.7
BLA;27.12.2018 00:00;-1.8;4.1;-5.3;-4.5;4;-7.8;65.3;3.5;852.8;;1565.3;;1026.4;0.9;3.3;3.2;11.9;3.2;11.5;;0;0;31;34;;;;18;111;86;0.5;0;50;21.8;13.8
BLA;28.12.2018 00:00;-1.6;2.6;-4.3;-3.9;0.1;-7;73.3;4;852.7;;1564.1;;1026.2;0.8;3.6;2.9;13;3.4;12.2;;0;0;31;29;;;;23;2;2;0.4;0;39;21.6;13.6
BLA;29.12.2018 00:00;-3.8;1.2;-5.9;-6.4;-0.1;-8.8;69;3.2;855.5;;1590.1;;1029.5;1.2;4.5;4.3;16.2;4.3;15.5;;0;0;31;27;;;;17;31;24;0.5;0;45;23.8;15.8
BLA;30.12.2018 00:00;2.5;7.9;-2.6;1.4;6.3;-3.9;50.1;3.5;856.4;;1599.8;;1030.6;3;17.3;10.8;62.3;16.2;58.3;;0;0;31;46;;;;31;120;91;1.2;0;18;17.5;9.5
BLA;31.12.2018 00:00;-2.1;5.7;-5.7;-3.1;5.6;-8.2;81.6;4.3;855.6;;1591.5;;1029.6;2.1;12.1;7.6;43.6;11.3;40.7;;0;0;29;38;;;;19;131;98;0.6;0;243;22.1;14.1
BLA;01.01.2019 00:00;-4.5;1.7;-7.9;-6.9;1.8;-9.9;72.6;3.1;854.5;;1580.6;;1028.3;1.2;4.3;4.3;15.5;4.1;14.8;;0;0;29;31;;;;10;148;100;0.5;0;45;24.5;16.5
BLA;02.01.2019 00:00;-5.1;-1.6;-9;-5.9;-1.4;-11.1;64.6;2.7;852.7;;1563.7;;1026.2;2.4;18.7;8.6;67.3;17.7;63.7;;0.5;0.5;29;50;;;;39;22;16;0.5;0;21;25.1;17.1
BLA;03.01.2019 00:00;-9.9;-3.6;-12.5;-11.5;-3.6;-14.7;82.3;2.3;853.1;;1567;;1026.7;1.5;10.3;5.4;37.1;9.4;33.8;;0;0;30;31;;;;10;153;100;0.4;0;90;29.9;21.9
BLA;04.01.2019 00:00;-10.2;-5.6;-13.2;-11.8;-3.8;-15.5;81.1;2.3;853.5;;1570.4;;1027.1;1.4;7.1;5;25.6;6.9;24.8;;0;0;30;35;;;;13;159;100;0.3;0;72;30.2;22.2
BLA;05.01.2019 00:00;-7.5;-5.1;-11.5;-7.9;-4.2;-13.1;89.6;3.2;852.7;;1563.1;;1026.2;1.3;5.8;4.7;20.9;5.7;20.5;;0;0;30;41;;;;36;0;0;0.1;0;225;27.5;19.5
BLA;06.01.2019 00:00;-4.7;-3.5;-6.2;-4.8;-2.7;-6.7;95.7;4.1;852.3;;1560.5;;1025.8;1.8;9.3;6.5;33.5;9.2;33.1;;0;0;31;23;;;;18;2;1;0.2;0;231;24.7;16.7
BLA;07.01.2019 00:00;-6.5;-3.9;-9.3;-7.2;-2.3;-11;87.4;3.3;853.8;;1573.7;;1027.5;1.3;4.6;4.7;16.6;4.3;15.5;;0.9;0;31;37;;;;10;178;100;0.2;0;49;26.5;18.5
BLA;08.01.2019 00:00;-2.5;0.7;-5.8;-2.8;1.2;-6.3;84.1;4.3;846.6;;1507.2;;1019.2;1.7;11;6.1;39.6;10.5;37.8;;2.5;2.6;32;32;;;;28;0;0;0.4;0;34;22.5;14.5
BLA;09.01.2019 00:00;-5.9;-3.3;-8.4;-6.4;-3.9;-9.3;74.7;2.9;837.9;;1426.7;;1009.1;2.8;26.6;10.1;95.8;25.2;90.7;;6.4;7.2;38;13;;;;7;0;0;0.5;0;124;25.9;17.9
BLA;10.01.2019 00:00;-12.3;-6.3;-16.1;-15.1;-9.4;-21.5;76;1.8;842.2;;1468;;1014;1.5;8.1;5.4;29.2;7.8;28.1;;0;0;47;31;;;;25;0;0;0.3;0;45;32.3;24.3
BLA;11.01.2019 00:00;-11.4;-7.7;-17.1;-13.7;-5.8;-22.4;74.9;2;846.6;;1508.7;;1019.2;1;4.8;3.6;17.3;4.7;16.9;;0.6;0.6;44;44;;;;36;0;0;0.2;0;45;31.4;23.4
BLA;12.01.2019 00:00;-7.1;-3.4;-11.3;-7.9;-1.6;-13.3;87.6;3.2;848.2;;1522.6;;1021;1.1;5.8;4;20.9;5.7;20.5;;14.2;4.2;44;55;;;;26;185;99;0.2;0;63;27.1;19.1
BLA;13.01.2019 00:00;-1.2;0.6;-4.4;-3;-1.9;-4.7;96.7;5.4;842.1;;1463.8;;1013.9;1.4;6.9;5;24.8;6.8;24.5;;24.1;27.6;72;10;;;;5;0;0;0.3;0;230;21.2;13.2
BLA;14.01.2019 00:00;-1.3;3;-4;-1.6;-1.4;-1.9;72.6;4;839;;1434.7;;1010.3;3.6;27.1;13;97.6;25.9;93.2;;3.9;10.3;95;26;;;;21;0;0;0.9;0;200;21.3;13.3
BLA;15.01.2019 00:00;-8.7;-3.8;-11.5;-1.9;-1.4;-2.8;75.7;2.4;846.8;;1509.9;;1019.4;1.2;5.3;4.3;19.1;5;18;;0;0.1;87;47;;;;11;197;99;0.3;0;45;28.7;20.7
BLA;16.01.2019 00:00;-5.2;2.1;-9.7;-5;-1.9;-9.1;62.2;2.6;843.1;;1474.3;;1015;0.9;3.7;3.2;13.3;3.4;12.2;;0;0;82;53;;;;17;198;99;0.4;0;45;25.2;17.2
BLA;17.01.2019 00:00;-4.3;0.2;-8.6;-5.9;-0.2;-11.8;75.5;3.4;839.1;;1436.8;;1010.4;1.2;5.7;4.3;20.5;5.5;19.8;;0.4;0.4;79;27;;;;22;0;0;0.4;0;37;24.3;16.3
BLA;18.01.2019 00:00;-9.2;-5.4;-13.1;-10.9;-4.1;-15.2;66.9;2;839.9;;1446;;1011.3;1.2;5.7;4.3;20.5;5.5;19.8;;0;0;77;43;;;;20;95;46;0.4;0;45;29.2;21.2
BLA;19.01.2019 00:00;-10.1;-3.9;-13.5;-11.7;-1.8;-16;59.8;1.7;838.8;;1436.3;;1010.1;1.1;4.9;4;17.6;4.5;16.2;;0;0;75;52;;;;13;207;100;0.4;0;45;30.1;22.1
BLA;20.01.2019 00:00;-8.6;-2.5;-13.6;-10;0.8;-16;55.9;1.8;838.6;;1434.3;;1009.9;1.3;5.7;4.7;20.5;5.2;18.7;;0;0;73;70;;;;49;81;38;0.4;0;48;28.6;20.6
BLA;21.01.2019 00:00;-8.1;-3.2;-12.7;-9.1;-0.2;-15.1;66.6;2.2;840.8;;1454.2;;1012.4;1;3.7;3.6;13.3;3.6;13;;0;0;72;66;;;;23;221;100;0.3;0;45;28.1;20.1
BLA;22.01.2019 00:00;-12.1;-5.3;-15.1;-13.7;-2.9;-17.5;58.5;1.4;833.6;;1389;;1004;1;4.6;3.6;16.6;4.3;15.5;;0;0;71;58;;;;13;224;100;0.4;0;45;32.1;24.1
BLA;23.01.2019 00:00;-9.4;-4.2;-13.9;-10.2;-2.4;-16.2;68.2;2.1;822.6;;1284.5;;991.3;1;4.5;3.6;16.2;4.2;15.1;;0;0;70;49;;;;44;0;0;0.3;0;41;29.4;21.4
BLA;24.01.2019 00:00;-13.3;-6.6;-16.7;-14.6;-2.4;-18.8;73.3;1.6;830.9;;1365.1;;1000.9;1.1;4.8;4;17.3;4.6;16.6;;0;0;70;60;;;;19;187;82;0.3;0;49;33.3;25.3
BLA;25.01.2019 00:00;-14;-7.7;-18.1;-15.2;-5.3;-20.5;74.2;1.6;838.6;;1436.2;;1009.8;1.2;3.8;4.3;13.7;3.5;12.6;;0;0;69;61;;;;15;232;100;0.3;0;45;34;26
BLA;26.01.2019 00:00;-6.1;1.2;-9.9;-7;3.6;-10.4;74.5;2.9;840;;1445.9;;1011.5;1;5.2;3.6;18.7;4.8;17.3;;0;0;69;63;;;;21;238;100;0.4;0;45;26.1;18.1
BLA;27.01.2019 00:00;-3.2;1.5;-7.5;-3.9;4.9;-10.3;74.2;3.7;826.9;;1319.8;;996.3;1.6;10.1;5.8;36.4;9.8;35.3;;7.3;6.4;69;48;;;;40;14;6;0.5;0;243;23.2;15.2
BLA;28.01.2019 00:00;-6.6;-5.1;-8.4;-6.8;-2.4;-9.1;86.9;3.2;829.2;;1344.5;;998.9;1.3;5.4;4.7;19.4;5.2;18.7;;0.6;1;82;56;;;;50;1;0;0.3;0;225;26.6;18.6
BLA;29.01.2019 00:00;-9.1;-5.5;-13.4;-9.9;-3;-15.4;75.1;2.3;831.2;;1364.8;;1001.2;1.2;6.7;4.3;24.1;6.2;22.3;;0;0.5;80;61;;;;26;141;56;0.3;0;45;29.1;21.1
BLA;30.01.2019 00:00;-9.7;-5.5;-15.6;-10.8;-4.2;-18.1;75.9;2.3;826.5;;1321.9;;995.8;1.3;4.9;4.7;17.6;4.7;16.9;;1.7;0.4;78;50;;;;44;6;2;0.3;0;45;29.7;21.7
BLA;31.01.2019 00:00;-7.2;-2.1;-14.3;-7.5;-0.1;-16;77.2;2.8;825.8;;1312.8;;995;1.1;5.9;4;21.2;5.7;20.5;;0.2;1.5;79;70;;;;50;107;40;0.3;0;63;27.2;19.2
BLA;01.02.2019 00:00;-3.9;-1.3;-6.9;-4.3;-0.6;-9.2;88.3;4.1;822.4;;1277.5;;991.1;1;4.2;3.6;15.1;3.9;14;;3.8;3.8;78;35;;;;30;0;0;0.4;0;56;23.9;15.9
BLA;02.02.2019 00:00;-3.7;1.3;-7.7;-5.1;1.5;-10.2;82.9;3.8;824.6;;1298.7;;993.6;1;3.9;3.6;14;3.6;13;;0;0;82;55;;;;46;19;7;0.5;0;45;23.7;15.7
BLA;03.02.2019 00:00;-3.9;-1.2;-11.6;-4.7;-1.6;-14.4;69.7;3.2;836.7;;1413.6;;1007.6;2.1;10.9;7.6;39.2;10.6;38.2;;0;0;80;44;;;;39;0;0;0.4;0;220;23.9;15.9
BLA;04.02.2019 00:00;-9.6;-1.6;-14;-10.9;2.3;-16.6;63.3;1.8;849.3;;1532.3;;1022.3;0.9;3.3;3.2;11.9;3.1;11.2;;0;0;78;81;;;;16;270;97;0.5;0;45;29.6;21.6
BLA;05.02.2019 00:00;-5.6;2.5;-9.8;-7.1;5.6;-12.6;54.7;2.2;850.9;;1546.8;;1024.1;0.8;3.6;2.9;13;3.3;11.9;;0;0;77;81;;;;15;273;97;0.6;0;45;25.6;17.6
BLA;06.02.2019 00:00;-4.7;3.7;-8.7;-6.3;6.9;-11.3;50.2;2.2;850;;1539;;1023.1;0.8;3.4;2.9;12.2;3.2;11.5;;0;0;77;84;;;;17;280;99;0.6;0;51;24.7;16.7
BLA;07.02.2019 00:00;-1.8;4.4;-6.8;-2.7;4.5;-9;70.9;3.8;845.3;;1494.1;;1017.6;1.1;6.3;4;22.7;6.1;22;;3.7;3.7;76;47;;;;42;0;0;0.6;0;45;21.8;13.8
BLA;08.02.2019 00:00;-5.7;1.8;-10.9;-7.2;4;-13.2;73.3;2.9;845.9;;1501;;1018.3;1;4.4;3.6;15.8;4.2;15.1;;0;0;83;79;;;;49;128;44;0.6;0;40;25.7;17.7
BLA;09.02.2019 00:00;0.8;6.7;-5.7;-0.3;9.3;-8.1;59;3.8;844.5;;1486.6;;1016.7;1.6;12.8;5.8;46.1;12.5;45;;0.2;0.2;81;88;;;;64;86;29;0.9;0;34;19.2;11.2
BLA;10.02.2019 00:00;-0.8;3.8;-3.8;-1.4;6.6;-5.1;68.8;3.9;838.7;;1432;;1010;1.3;9.4;4.7;33.8;9.1;32.8;;12.6;10.7;78;60;;;;50;17;6;0.7;0;27;20.8;12.8
BLA;11.02.2019 00:00;-4.3;-2.4;-8.3;-4.1;-1.4;-6.1;69.9;3.1;845;;1492.4;;1017.3;2.3;15.5;8.3;55.8;14.2;51.1;;5.4;7.3;94;60;;;;54;0;0;0.6;0;66;24.3;16.3
BLA;12.02.2019 00:00;-8.1;0.8;-14.1;-9.4;0.1;-13.9;72;2.5;854.9;;1583.7;;1028.8;2;15.2;7.2;54.7;14.6;52.6;;0;0;99;100;;;;23;312;99;0.7;0;360;28.1;20.1
BLA;13.02.2019 00:00;-3.3;5.9;-9;-7.2;9.2;-14.3;61.6;2.9;858.7;;1619.5;;1033.2;0.8;3.6;2.9;13;3.5;12.6;;0;0;93;95;;;;16;314;99;0.7;0;45;23.3;15.3
BLA;14.02.2019 00:00;-0.7;7.5;-5;-2.9;10.5;-8.9;54.1;3.1;860.1;;1632.9;;1034.8;0.8;3.8;2.9;13.7;3.5;12.6;;0;0;91;98;;;;16;317;99;0.8;0;51;20.7;12.7
BLA;15.02.2019 00:00;0.6;9.6;-3.5;-1.3;10.9;-6.4;46.7;2.9;858.3;;1616.8;;1032.7;1.2;6.3;4.3;22.7;6;21.6;;0;0;88;103;;;;16;319;98;1.1;0;49;19.4;11.4
BLA;16.02.2019 00:00;-0.1;8.4;-4.5;-2;10.8;-7.7;45;2.7;856.8;;1602.9;;1031;1;3.9;3.6;14;3.6;13;;0;0;86;107;;;;16;323;99;1;0;49;20.1;12.1
BLA;17.02.2019 00:00;-0.2;9.1;-4.8;-2;10.7;-7.9;44.4;2.6;853.6;;1572.2;;1027.2;1.1;5.9;4;21.2;5.7;20.5;;0;0;84;110;;;;16;324;98;1.1;0;49;20.2;12.2
BLA;18.02.2019 00:00;0;8.7;-3.9;-1.6;11.4;-6.9;49.5;3;849.2;;1531.4;;1022.2;1.2;6.3;4.3;22.7;6.1;22;;0;0;83;108;;;;16;329;99;1.1;0;49;20;12
BLA;19.02.2019 00:00;-2.3;5.8;-6.7;-3.9;8.3;-9.2;54.5;2.7;848.7;;1526.4;;1021.5;1.1;5.1;4;18.4;4.8;17.3;;0;0;82;110;;;;20;330;99;1;0;49;22.3;14.3
BLA;20.02.2019 00:00;-1.4;7;-6;-2.8;9.7;-8.4;61.9;3.3;850.8;;1546.4;;1024;0.9;4.9;3.2;17.6;4.8;17.3;;0;0;81;110;;;;27;328;98;0.9;0;51;21.4;13.4
BLA;21.02.2019 00:00;-0.9;6.9;-5.6;-2.4;9.6;-8.1;57;3.1;854.9;;1584.4;;1028.7;1.2;5.4;4.3;19.4;5.3;19.1;;0;0;80;112;;;;17;337;99;1.1;0;49;20.9;12.9
BLA;22.02.2019 00:00;1.5;11.4;-3.7;-0.4;12;-6.3;61.1;3.9;855.6;;1591.2;;1029.5;3;29.4;10.8;105.8;26.5;95.4;;0;0;78;48;;;;18;155;45;1.8;0;351;18.5;10.5
BLA;23.02.2019 00:00;0.1;8.4;-4.7;-1.5;11;-7.4;58.9;3.6;855.6;;1591.1;;1029.6;1;4.2;3.6;15.1;4.1;14.8;;0;0;75;113;;;;26;345;99;1.1;0;45;19.9;11.9
BLA;24.02.2019 00:00;1.1;9.6;-3.4;-0.6;12.2;-6.6;60.8;3.9;857.9;;1613.3;;1032.3;1.1;5.1;4;18.4;4.9;17.6;;0;0;73;122;;;;18;349;99;1.2;0;45;18.9;10.9
BLA;25.02.2019 00:00;1.8;9.7;-2.5;0.4;12.6;-5;61.3;4.2;858.8;;1621.5;;1033.3;1;3.3;3.6;11.9;3.2;11.5;;0;0;70;125;;;;18;352;99;1.2;0;45;18.2;10.2
BLA;26.02.2019 00:00;2.7;11.3;-1.4;0.8;12.4;-4.1;53.8;3.9;858.3;;1617.2;;1032.7;1.2;5.2;4.3;18.7;5;18;;0;0;69;117;;;;40;254;71;1.4;0;49;17.3;9.3
BLA;27.02.2019 00:00;3;11.3;-1.7;1.4;12.8;-4.5;53.9;4;854.3;;1579.5;;1028.1;0.8;4.6;2.9;16.6;4.3;15.5;;0;0;68;127;;;;19;358;99;1.2;0;51;17;9
BLA;28.02.2019 00:00;2.9;11.6;-1.1;1.4;13.8;-3.5;56.7;4;850.5;;1543.1;;1023.6;1.5;10.1;5.4;36.4;9.8;35.3;;0;0;66;127;;;;28;358;99;1.5;0;45;17.1;9.1
BLA;01.03.2019 00:00;-0.2;2.9;-1.9;-0.7;2.4;-2.7;86.2;5.2;845.5;;1496;;1017.8;1.2;6.2;4.3;22.3;5.8;20.9;;8;8;64;32;;;;28;0;0;0.6;0;0;20.2;12.2
BLA;02.03.2019 00:00;-2.9;2.5;-8.6;-3.8;6.2;-10.6;79.4;3.9;846.2;;1503;;1018.6;1.3;6;4.7;21.6;5.6;20.2;;0;0;78;110;;;;94;34;9;0.8;0;39;22.9;14.9
BLA;03.03.2019 00:00;0.4;8.6;-5.2;-0.7;10.9;-7.6;58.6;3.6;845.9;;1499.6;;1018.3;1.4;5.7;5;20.5;5.5;19.8;;0;0;72;125;;;;51;270;70;1.3;0;45;19.6;11.6
BLA;04.03.2019 00:00;0.5;7.2;-2.9;-0.3;6.4;-3.6;72.6;4.5;838.8;;1431.7;;1010;1.8;12.2;6.5;43.9;11.9;42.8;;8;8;67;34;;;;29;0;0;1;0;360;19.5;11.5
BLA;05.03.2019 00:00;-2.2;2.9;-6.4;-2.6;7.4;-7.6;69.7;3.5;842;;1463.2;;1013.7;1.7;5.1;6.1;18.4;5;18;;0;0;76;142;;;;31;350;89;1.1;0;50;22.2;14.2
BLA;06.03.2019 00:00;0.8;6.7;-5.8;-0.2;10.8;-8.4;58.1;3.7;839.5;;1438.2;;1010.8;1.5;14.1;5.4;50.8;13.2;47.5;;0;0;71;121;;;;97;69;18;1.2;0;76;19.2;11.2
BLA;07.03.2019 00:00;2.4;6.5;-1.5;2;9.2;-2.9;68.7;4.9;836.8;;1412.2;;1007.8;1.7;9.2;6.1;33.1;8.1;29.2;;2.7;2.7;70;104;;;;77;68;17;1.2;0;225;17.6;9.6
BLA;08.03.2019 00:00;0.8;3.4;-1.5;0.4;5.8;-2.7;64.8;4.2;845.1;;1492;;1017.4;1.5;6.2;5.4;22.3;5.9;21.2;;0.3;0;69;79;;;;73;0;0;1;0;45;19.2;11.2
BLA;09.03.2019 00:00;1.3;3.9;-0.9;0.8;5;-1.7;85.6;5.8;850.3;;1542.1;;1023.5;1.5;5.4;5.4;19.4;5.2;18.7;;18;12;69;49;;;;45;0;0;0.7;0;45;18.7;10.7
BLA;10.03.2019 00:00;2.4;5.1;0.3;1.7;4.6;0;92.8;6.7;847.8;;1517.5;;1020.5;1.5;5;5.4;18;4.9;17.6;;9;14;68;47;;;;42;0;0;0.7;0;45;17.6;9.6
BLA;11.03.2019 00:00;-3.8;0.3;-6.3;-4.2;-0.1;-6.9;80.9;3.8;847.5;;1515.5;;1020.2;2.4;16.3;8.6;58.7;15.6;56.2;;8.7;10;70;29;;;;24;0;0;0.7;0;121;23.8;15.8
BLA;12.03.2019 00:00;-3.4;5.8;-13.2;-4.1;9;-16.3;62.3;3;847.8;;1517.9;;1020.5;1.2;5.5;4.3;19.8;5.2;18.7;;0.4;0;78;113;;;;101;25;6;1.1;0;34;23.4;15.4
BLA;13.03.2019 00:00;-1.6;1.7;-4.2;-1.7;1.8;-6.2;73.8;4;842;;1463.2;;1013.8;1.8;7.3;6.5;26.3;7;25.2;;6;2.2;74;98;;;;92;0;0;1;0;230;21.6;13.6
BLA;14.03.2019 00:00;-2;4;-3.6;-2.3;-0.1;-4.4;89.6;4.7;842.1;;1464;;1013.9;1.9;26.8;6.8;96.5;25.7;92.5;;22;19.9;85;39;;;;34;0;0;0.8;0;234;22;14
BLA;15.03.2019 00:00;1.1;4.4;-1.4;-0.1;0;-0.4;89;5.9;845.1;;1492.2;;1017.4;1.7;20.3;6.1;73.1;18.8;67.7;;9.9;16.2;105;62;;;;57;0;0;0.8;0;180;18.9;10.9
BLA;16.03.2019 00:00;1.8;9.8;-4.6;-1.6;1;-6.8;57.1;3.7;846.7;;1507.6;;1019.3;1.6;5;5.8;18;4.9;17.6;;0;0;98;184;;;;26;428;99;1.8;0;42;18.2;10.2
BLA;17.03.2019 00:00;3.4;11.3;-1.9;-0.9;9.8;-8.8;48.8;3.7;840.4;;1446.1;;1011.9;2.4;13.7;8.6;49.3;13.2;47.5;;0.3;0.3;92;121;;;;91;70;16;2.1;0;221;16.6;8.6
BLA;18.03.2019 00:00;-2.6;0.6;-7;-2.7;6.1;-9.6;61;3;844.4;;1486.3;;1016.6;1.7;7.8;6.1;28.1;7.5;27;;0;0;84;146;;;;109;85;19;1.2;0;56;22.6;14.6
BLA;19.03.2019 00:00;-5;1.9;-10.1;-5.9;6.8;-13.2;49;2;848.8;;1527.4;;1021.6;1.6;5.2;5.8;18.7;4.9;17.6;;0;0;83;195;;;;25;437;99;1.5;0;45;25;17
BLA;20.03.2019 00:00;-2.8;6.3;-10.1;-4.1;9.8;-12.5;46.6;2.2;853;;1567.1;;1026.6;1.2;4.5;4.3;16.2;4.3;15.5;;0;0;82;200;;;;24;441;99;1.6;0;54;22.8;14.8
BLA;21.03.2019 00:00;0.7;10.7;-6.7;-1.2;13.3;-9.9;46;2.8;854.6;;1582.6;;1028.5;1.2;4.7;4.3;16.9;4.5;16.2;;0;0;80;195;;;;31;445;99;1.9;0;45;19.3;11.3
BLA;22.03.2019 00:00;2.7;10.6;-3.4;0.9;11.7;-6;43;3;856;;1595.5;;1030;1.3;5.3;4.7;19.1;5.2;18.7;;0;0;74;203;;;;25;450;98;2.1;0;52;17.3;9.3
BLA;23.03.2019 00:00;3.6;11.3;-2.2;2;12.1;-4.9;48.1;3.6;854.3;;1579.3;;1028;1.3;5.8;4.7;20.9;5.6;20.2;;0;0;71;206;;;;24;461;99;2.1;0;52;16.4;8.4
BLA;24.03.2019 00:00;4.2;11.7;-1.2;2.7;12.8;-3.8;50;3.9;851;;1548.4;;1024.3;1.5;8.1;5.4;29.2;7.4;26.6;;0;0;69;206;;;;24;464;99;2.2;0;48;15.8;7.8
BLA;25.03.2019 00:00;0.4;7.1;-4.1;-0.1;11.4;-5;57.9;3.6;846.5;;1505.9;;1019;2.3;18.2;8.3;65.5;16.9;60.8;;0.2;0.2;67;164;;;;70;230;47;1.8;0;97;19.6;11.6
BLA;26.03.2019 00:00;-1.8;3.5;-5.7;-1.6;8.1;-7.7;57.2;2.9;849;;1529.2;;1021.9;2.4;12.3;8.6;44.3;12.1;43.6;;0;0;67;223;;;;29;495;99;1.9;0;36;21.8;13.8
BLA;27.03.2019 00:00;-0.8;6.7;-6.7;-1.2;10.9;-8.8;53.4;2.9;850.9;;1547.4;;1024.1;1.2;6.3;4.3;22.7;6;21.6;;0;0;66;225;;;;27;501;99;1.9;0;45;20.8;12.8
BLA;28.03.2019 00:00;0.8;8.9;-5.6;0.2;12.5;-7.5;59.4;3.7;852.8;;1564.9;;1026.3;1.2;5.4;4.3;19.4;5.3;19.1;;0;0;64;230;;;;28;503;98;2;0;45;19.2;11.2
BLA;29.03.2019 00:00;1.8;9.1;-3.7;1.1;11.7;-5.7;49;3.2;853.9;;1576.2;;1027.7;1.5;6.1;5.4;22;5.9;21.2;;0;0;61;233;;;;29;507;98;2.2;0;48;18.2;10.2
BLA;30.03.2019 00:00;3;11.8;-3.8;2.1;15.1;-6;42.9;2.9;850.8;;1546.2;;1024;1.2;7.6;4.3;27.4;7.4;26.6;;0;0;59;240;;;;28;513;99;2.4;0;58;17;9
BLA;31.03.2019 00:00;3;10.6;-2.9;2.1;12.4;-4.9;42.2;2.9;846.8;;1507.8;;1019.3;1.4;5.5;5;19.8;5.1;18.4;;0;0;55;240;;;;30;516;98;2.4;0;51;17;9
BLA;01.04.2019 00:00;3.5;10.3;-2.6;2.5;12.8;-4.6;43;3.1;845;;1491.2;;1017.3;1.5;4.9;5.4;17.6;4.7;16.9;;0;0;53;214;;;;75;381;71;2.3;0;58;16.5;8.5
BLA;02.04.2019 00:00;3.5;9.4;-1.8;2.8;11.9;-3.8;55.9;4.3;841.4;;1456.4;;1013.1;1.3;10;4.7;36;9.3;33.5;;0.1;0;50;159;;;;104;169;31;1.9;0;54;16.5;8.5
BLA;03.04.2019 00:00;3.1;6.8;-0.9;3;8.1;-0.9;69.5;5.1;831.6;;1361.1;;1001.7;1.8;9.6;6.5;34.6;9.1;32.8;;13.6;1.9;47;117;;;;109;0;0;1.5;0;59;16.9;8.9
BLA;04.04.2019 00:00;-3.5;-0.1;-9.4;-3.6;-0.3;-11.5;93.6;4.5;827.3;;1323.8;;996.7;1.3;6.7;4.7;24.1;6.6;23.8;;12.1;23.9;64;39;;;;34;0;0;0.5;0;225;23.5;15.5
BLA;05.04.2019 00:00;-2.5;4.9;-11;-2.1;10.7;-13.3;79.9;4.2;831.4;;1362.6;;1001.5;1.1;5;4;18;4.9;17.6;;0;0;75;258;;;;46;549;99;1.7;0;0;22.5;14.5
BLA;06.04.2019 00:00;3;8.9;-2.3;3;12.9;-3.8;66.1;4.8;832.7;;1372;;1003;1.3;8.1;4.7;29.2;7.5;27;;0;0;62;240;;;;82;484;86;2.2;0;135;17;9
BLA;07.04.2019 00:00;1.7;4.7;-0.2;1.9;8.4;-1.3;85.1;5.8;834.4;;1389;;1004.9;1.5;6.4;5.4;23;6.3;22.7;;0.2;0.2;53;135;;;;119;26;5;1.4;0;225;18.3;10.3
BLA;08.04.2019 00:00;2.3;6.7;-1.5;2.7;11.2;-1.8;74.5;5.2;838.1;;1424.8;;1009.3;1.3;5.8;4.7;20.9;5.4;19.4;;0;0;51;213;;;;91;341;60;2;0;59;17.7;9.7
BLA;09.04.2019 00:00;2.8;7.7;-1.6;2.3;10.5;-3.3;61.9;4.4;837.3;;1416.7;;1008.3;1.4;7.3;5;26.3;7.1;25.6;;0;0;48;218;;;;58;382;68;2.2;0;55;17.2;9.2
BLA;10.04.2019 00:00;2.4;6.8;-2.8;1.4;9.8;-5;65.5;4.7;836.9;;1412.9;;1007.8;1.3;5.5;4.7;19.8;5.1;18.4;;0;0;45;172;;;;83;226;40;1.7;0;90;17.6;9.6
BLA;11.04.2019 00:00;3.1;7.5;-1.9;2.5;10.3;-3.9;70.2;5.3;839.2;;1435.4;;1010.6;1.3;6.5;4.7;23.4;6.2;22.3;;0;0;42;192;;;;122;196;34;1.9;0;214;16.9;8.9
BLA;12.04.2019 00:00;2.8;8.1;-2.6;2.6;11.1;-4.9;64.4;4.6;841.6;;1457.8;;1013.3;1.5;7.1;5.4;25.6;6.6;23.8;;0;0;39;230;;;;104;406;70;2.2;0;90;17.2;9.2
BLA;13.04.2019 00:00;0.3;6.7;-4.8;0;10.1;-7.2;52.3;3.1;841.6;;1458.6;;1013.3;1.5;10.4;5.4;37.4;10.1;36.4;;0;0;36;285;;;;70;511;87;2.5;0;180;19.7;11.7
BLA;14.04.2019 00:00;-1.1;3;-5.7;-1.1;7.3;-8.1;64.2;3.5;841.2;;1455.5;;1012.8;1.4;6.3;5;22.7;5.9;21.2;;0;0;33;219;;;;116;270;46;1.8;0;211;21.1;13.1
BLA;15.04.2019 00:00;2.2;8.8;-4.9;1.8;11.9;-7.6;56;3.7;845.6;;1496.5;;1017.9;1.4;10.4;5;37.4;9.9;35.6;;0;0;31;289;;;;38;583;99;2.6;0;45;17.8;9.8
BLA;16.04.2019 00:00;3.4;11.1;-1.9;2.6;9.7;-4.2;62.3;4.7;846.6;;1506.3;;1019.1;1.3;4.9;4.7;17.6;4.7;16.9;;0;0;26;161;;;;127;102;17;2;0;56;16.6;8.6
BLA;17.04.2019 00:00;5.2;11.2;0;4.6;14;-1.6;62.6;5.2;848.2;;1521;;1020.9;1.4;6.2;5;22.3;6.1;22;;0;0;24;255;;;;67;473;80;2.7;0;61;14.8;6.8
BLA;18.04.2019 00:00;5.4;11.5;0.4;4.6;13.2;-1.9;56.4;4.8;851;;1548.6;;1024.3;1.6;6.2;5.8;22.3;6;21.6;;0;0;19;284;;;;47;589;99;3;0;66;14.6;6.6
BLA;19.04.2019 00:00;5.7;10.5;0.3;4.9;12.5;-1.5;58.1;5.1;855;;1587.2;;1028.9;1.3;6.1;4.7;22;5.7;20.5;;0;0;12;185;;;;162;37;6;2.2;0;59;14.3;6.3
BLA;20.04.2019 00:00;6.1;12;0.1;5.7;15.6;-1.8;47.3;4.1;853.9;;1576.6;;1027.7;1.6;8.5;5.8;30.6;8.1;29.2;;0;0;6;294;;;;36;596;99;3.2;0;52;13.9;5.9
BLA;21.04.2019 00:00;7.1;12.8;1.8;6.1;15.2;-0.1;37.2;3.4;848.2;;1521.3;;1021;1.5;6.3;5.4;22.7;5.8;20.9;;0;0;0;204;;;;148;183;30;2.8;0;59;12.9;4.9
BLA;22.04.2019 00:00;7.8;14.2;2.7;8.6;21.2;0.6;48.1;4.9;839.4;;1435.3;;1010.8;1.7;8.9;6.1;32;8.6;31;;0;0;0;273;;;;110;498;81;3.4;0;194;12.2;4.2
BLA;23.04.2019 00:00;7.2;12.3;3.8;7.3;17.4;2;61.6;6.1;833.3;;1375.5;;1003.7;1.6;8.3;5.8;29.9;8;28.8;;0.1;0.1;0;137;;;;124;15;2;2.2;0;90;12.8;4.8
BLA;24.04.2019 00:00;6;11.3;3.7;4.8;12.7;1.5;73.7;6.8;837.7;;1419;;1008.8;1.9;12.3;6.8;44.3;11.6;41.8;;6.4;6.4;0;70;;;;64;0;0;1.6;0;76;14;6
BLA;25.04.2019 00:00;7.5;10.9;2.2;7.6;16.2;0;53.4;5.4;841.7;;1458.2;;1013.5;2.9;16.4;10.4;59;15.7;56.5;;11.3;0;0;205;;;;123;243;39;2.8;0;60;12.5;4.5
BLA;26.04.2019 00:00;2.2;6.7;0;2.3;10.8;-0.2;79.6;5.6;843.8;;1479.2;;1015.8;1.6;7.9;5.8;28.4;7.6;27.4;;7.3;18.4;5;179;;;;82;219;35;1.9;0;45;17.8;9.8
BLA;27.04.2019 00:00;2.3;6.9;0.2;2.3;9.7;-1.4;81.4;5.8;846.6;;1506.5;;1019.1;1.6;9.7;5.8;34.9;9;32.4;;3.3;2.3;3;126;;;;115;12;2;1.6;0;45;17.7;9.7
BLA;28.04.2019 00:00;-0.4;2;-3;0.6;7.4;-5;75.2;4.4;845.4;;1495.2;;1017.7;1.7;7.9;6.1;28.4;7.3;26.3;;0.4;1.4;3;153;;;;141;9;1;1.5;0;45;20.4;12.4
BLA;29.04.2019 00:00;1.5;6;-2.3;3.3;13.9;-3.8;67.4;4.4;845.2;;1493.1;;1017.5;1.6;10.9;5.8;39.2;10.7;38.5;;0;0.2;0;243;;;;144;247;38;2.3;0;45;18.5;10.5
BLA;30.04.2019 00:00;4.4;12;-2.1;6;20.1;-4.6;57;4.5;844.7;;1488;;1017;1.3;6.8;4.7;24.5;6.4;23;;0;0;0;322;;;;42;645;98;3.3;0;72;15.6;7.6
BLA;01.05.2019 00:00;6;13.7;-1.6;7;20.9;-4.5;45;3.7;843.7;;1478.2;;1015.8;1.6;7.1;5.8;25.6;6.6;23.8;;0;0;0;332;;;;36;652;98;3.7;0;51;14;6
BLA;02.05.2019 00:00;5.7;12.9;0.7;6.4;20.5;-2.1;63.5;5.4;841.5;;1456.8;;1013.3;1.7;9.2;6.1;33.1;9;32.4;;1.2;0.7;0;212;;;;114;323;48;2.8;0;63;14.3;6.3
BLA;03.05.2019 00:00;4.8;8.7;1.8;6.1;15.8;0.1;75.1;6.3;838.7;;1429.3;;1009.9;1.6;6.1;5.8;22;6.1;22;;0;0.5;0;167;;;;142;41;6;2;0;220;15.2;7.2
BLA;04.05.2019 00:00;2.4;6.7;-1.8;3.1;15.5;-3.8;77.4;5.6;835.2;;1396.5;;1005.9;1.9;16.7;6.8;60.1;16.1;58;;2.9;2.9;0;151;;;;109;92;14;1.7;0;360;17.6;9.6
BLA;05.05.2019 00:00;-0.8;1.5;-2.5;0;5.3;-4.5;43.7;2.5;837.6;;1421.6;;1008.7;4.5;23.5;16.2;84.6;22;79.2;;0;0;0;171;;;;157;16;2;2.3;0;51;20.8;12.8
BLA;06.05.2019 00:00;0;6.4;-6.2;1.9;14.7;-8.8;56;3.3;843.4;;1476.8;;1015.5;1.6;7.4;5.8;26.6;7.3;26.3;;0;0;0;345;;;;61;673;97;3;0;90;20;12
BLA;07.05.2019 00:00;4.7;12.3;-4.6;5.9;18.9;-7.9;43.4;3.2;844;;1480.7;;1016.1;1.5;10.7;5.4;38.5;10.2;36.7;;1;0;0;285;;;;124;422;61;3.2;0;239;15.3;7.3
BLA;08.05.2019 00:00;2.9;5.9;0.2;3.2;7.8;-0.1;88.4;6.6;839.2;;1434.9;;1010.5;1;5.2;3.6;18.7;4.9;17.6;;24.7;25.7;0;66;;;;63;0;0;1;0;90;17.1;9.1
BLA;09.05.2019 00:00;1.9;3.5;-0.2;1.5;4.4;-2.2;91.8;6.4;837.4;;1418.4;;1008.5;1.3;4.8;4.7;17.3;4.6;16.6;;3.4;3.1;3;87;;;;83;0;0;1;0;49;18.1;10.1
BLA;10.05.2019 00:00;6.6;11.4;1.7;8.1;21;1.1;69.6;6.5;842.2;;1462.8;;1014;1.5;6.6;5.4;23.8;6.4;23;;1.2;0.3;0;219;;;;144;140;20;2.6;0;56;13.4;5.4
BLA;11.05.2019 00:00;5;10;0.3;5.1;12.4;0;77.5;6.7;844.1;;1481.6;;1016.2;2.1;14;7.6;50.4;13.7;49.3;;8.7;9.8;0;107;;;;97;18;3;1.6;0;217;15;7
BLA;12.05.2019 00:00;3.1;6.4;-0.1;4;15.1;-2.5;52.8;3.9;850.1;;1539.5;;1023.2;3.5;17.4;12.6;62.6;16.4;59;;0;0.1;3;346;;;;108;543;76;3.4;0;43;16.9;8.9
BLA;13.05.2019 00:00;5;11.8;-1.9;6.6;18.7;-4.6;57.8;4.9;850.9;;1547.5;;1024.1;1.7;8.2;6.1;29.5;7.6;27.4;;0;0;0;347;;;;36;710;100;3.6;0;214;15;7
BLA;14.05.2019 00:00;5;12.6;-0.9;6.4;19.6;-3.9;54.2;4.4;846.8;;1507.7;;1019.4;2.1;15.2;7.6;54.7;14.5;52.2;;0;0;0;347;;;;51;708;99;3.8;0;233;15;7
BLA;15.05.2019 00:00;4.5;11.9;-2.7;6.1;19.2;-6;47.7;3.9;842.5;;1466.7;;1014.4;1.7;13;6.1;46.8;12;43.2;;0;0;0;352;;;;37;713;100;3.7;0;45;15.5;7.5
BLA;16.05.2019 00:00;6.1;12.7;-1.1;7.6;21.4;-4.2;61.4;5.5;839.7;;1438.7;;1011.1;1.8;8.6;6.5;31;8.4;30.2;;0;0;0;338;;;;99;600;84;3.6;0;229;13.9;5.9
BLA;17.05.2019 00:00;7.1;11.4;1.5;8;17.9;-1.1;59.6;5.8;836.7;;1408.3;;1007.6;1.7;8.8;6.1;31.7;8.4;30.2;;0;0;0;213;;;;156;186;26;2.7;0;90;12.9;4.9
BLA;18.05.2019 00:00;6.9;11.7;3;7.4;15.9;0.8;68.8;6.7;835.7;;1398.9;;1006.4;1.5;7.1;5.4;25.6;6.7;24.1;;0;0;0;144;;;;136;0;0;2.1;0;219;13.1;5.1
BLA;19.05.2019 00:00;6.7;11.3;2.2;8;18;0;80.1;7.8;835.1;;1392.9;;1005.7;1.7;7.7;6.1;27.7;7.5;27;;6.9;3.9;0;209;;;;125;261;36;2.5;0;225;13.3;5.3
BLA;20.05.2019 00:00;6.1;8.2;4.5;7;11.9;4.6;89.1;8.4;837.8;;1419.8;;1008.9;1.3;6.1;4.7;22;5.9;21.2;;6.1;7.2;0;125;;;;120;0;0;1.6;0;225;13.9;5.9
BLA;21.05.2019 00:00;7.3;10.8;4.4;8.1;17.1;4.2;73.7;7.4;843.5;;1476;;1015.6;1.3;6.8;4.7;24.5;6.5;23.4;;0;1.9;0;132;;;;120;9;1;1.9;0;270;12.7;4.7
BLA;22.05.2019 00:00;7.9;13.9;2.2;9;21.4;-1.1;64.8;6.6;846.9;;1508.7;;1019.5;1.4;9.6;5;34.6;9.4;33.8;;0;0;0;231;;;;126;286;40;3;0;23;12.1;4.1
BLA;23.05.2019 00:00;9.2;16.7;0.7;10.5;24.1;-2.6;51.4;5.5;846.8;;1507.9;;1019.4;1.5;8.4;5.4;30.2;7.5;27;;0;0;0;360;;;;44;722;100;4.3;0;36;10.8;2.8
BLA;24.05.2019 00:00;10.3;16.6;3.4;11.2;25.4;0;55.3;6.5;845.1;;1490.8;;1017.4;1.4;6.5;5;23.4;6.3;22.7;;0;0;0;303;;;;129;582;80;3.9;0;31;9.7;1.7
BLA;25.05.2019 00:00;9.8;14.7;5.7;10.6;23;2.8;68;8.1;845.6;;1495.7;;1018;1.4;8;5;28.8;7.7;27.7;;0;0;0;175;;;;129;124;17;2.6;0;225;10.2;2.2
BLA;26.05.2019 00:00;8.5;12.2;5;9.6;18.2;1.8;79.4;8.7;845.6;;1496.2;;1018;1.5;7.2;5.4;25.9;7;25.2;;0;0;0;181;;;;137;117;16;2.4;0;229;11.5;3.5
BLA;27.05.2019 00:00;10;14;4.7;10.9;19.1;2.4;68.5;8.3;841.2;;1451.7;;1012.8;1.3;5.6;4.7;20.2;5.3;19.1;;0.6;0;0;170;;;;148;38;5;2.4;0;270;10;2
BLA;28.05.2019 00:00;7;10.3;3.1;7.5;13.1;1.5;74.3;7.5;839.5;;1436;;1010.8;2;9.7;7.2;34.9;9.3;33.5;;1.8;2.2;0;124;;;;118;1;0;1.8;0;221;13;5
BLA;29.05.2019 00:00;6.2;11.3;1.6;8.4;22;-1.5;64.9;5.9;846.6;;1506.1;;1019.1;2.1;11.4;7.6;41;11.2;40.3;;0;0.2;0;282;;;;128;308;42;3.3;0;360;13.8;5.8
BLA;30.05.2019 00:00;7;14.1;-0.6;8.7;22;-4.1;59.3;5.5;852.9;;1567.3;;1026.5;1.5;11.2;5.4;40.3;10;36;;0;0;0;372;;;;42;727;100;4.1;0;270;13;5
BLA;31.05.2019 00:00;10.4;18;1.7;11.4;26.7;-2.5;55.5;6.7;853.7;;1574.9;;1027.4;1.7;11.3;6.1;40.7;10.4;37.4;;0;0;0;357;;;;37;726;100;4.5;0;270;9.6;1.6
BLA;01.06.2019 00:00;12.8;20.7;4.4;13.8;29.9;-0.2;53.4;7.4;852.6;;1564.2;;1026.1;1.6;9.5;5.8;34.2;9.2;33.1;;0;0;0;355;;;;45;725;100;4.8;0;29;0;0
BLA;02.06.2019 00:00;14;21.4;5.7;15.2;30.9;0.6;49.2;7.3;850.8;;1547.1;;1024.1;1.6;8.8;5.8;31.7;8.4;30.2;;0;0;0;362;;;;40;717;98;5.1;0;39;0;0
BLA;03.06.2019 00:00;14.8;22.1;7.9;16.1;33.1;3.3;49.2;7.6;849.6;;1535;;1022.7;1.7;9.8;6.1;35.3;8.9;32;;0;0;0;326;;;;57;582;80;4.9;0;39;0;0
BLA;04.06.2019 00:00;15.4;22.3;9.2;16.6;33.9;4.3;51.3;8.4;846.1;;1500;;1018.6;1.5;6.8;5.4;24.5;6.6;23.8;;0;0;0;319;;;;88;563;77;4.9;0;42;0;0
BLA;05.06.2019 00:00;13.8;21.5;7.4;13.7;33.1;2.7;60.8;9.2;842.3;;1462.3;;1014.2;1.7;11.3;6.1;40.7;10.7;38.5;;0.8;0.8;0;250;;;;95;395;54;4;0;67;0;0
BLA;06.06.2019 00:00;8.2;11.4;4.6;8.4;17.6;0.9;87.2;9.4;843.3;;1473.3;;1015.3;1.6;6.9;5.8;24.8;6.7;24.1;;0;0;0;130;;;;110;29;4;1.8;0;220;11.8;3.8
BLA;07.06.2019 00:00;11.6;19.1;4.1;12.7;28.8;0.1;63.4;8.3;845;;1489.2;;1017.3;1.8;9.6;6.5;34.6;9.3;33.5;;0;0;0;313;;;;67;526;72;4.3;0;214;8.4;0.4
BLA;08.06.2019 00:00;10.8;17.9;5.5;12.4;26.8;0.5;59.5;7.3;851.9;;1557.1;;1025.2;1.4;6.7;5;24.1;6.3;22.7;;0;0;0;325;;;;56;550;75;4.3;0;231;9.2;1.2
BLA;09.06.2019 00:00;10.2;15.6;4.8;9.4;19.9;-0.4;83.5;10.5;851.6;;1554.3;;1024.9;1.3;6.9;4.7;24.8;6.4;23;;3.8;3.8;0;114;;;;100;30;4;1.8;0;45;9.8;1.8
BLA;10.06.2019 00:00;9.5;12.9;5.3;9.3;15.2;5;91.6;10.9;845;;1489.3;;1017.2;1.6;7.8;5.8;28.1;7.6;27.4;;39.1;34.9;0;57;;;;49;8;1;1.1;0;135;10.5;2.5
BLA;11.06.2019 00:00;7.5;11.5;3.1;7.5;13.3;0.7;91.2;9.5;841.3;;1454.2;;1013;1.7;7.7;6.1;27.7;7.4;26.6;;3;7.2;0;83;;;;78;0;0;1.3;0;56;12.5;4.5
BLA;12.06.2019 00:00;8.5;15.9;3.9;9.5;25;1.5;87.2;9.5;842.1;;1461;;1013.9;1.8;8.9;6.5;32;8.4;30.2;;6.9;6.9;0;172;;;;93;158;21;2.5;0;198;11.5;3.5
BLA;13.06.2019 00:00;10.3;18.6;2.2;11.7;27.1;-0.8;70.5;8.2;846.4;;1503.5;;1018.9;1.6;11.1;5.8;40;10.6;38.2;;0;0;0;359;;;;66;701;95;4.5;0;90;9.7;1.7
BLA;14.06.2019 00:00;14.4;21.9;5.7;14.7;30.9;2.2;58.8;9.1;847.7;;1515.7;;1020.4;2.1;16;7.6;57.6;15.8;56.9;;0;0;0;251;;;;143;346;47;4.1;0;45;0;0
BLA;15.06.2019 00:00;12.5;20.3;5.1;13.5;29.4;2.5;75.9;10.7;847.4;;1513.3;;1020.1;1.7;12.4;6.1;44.6;11.8;42.5;;6.1;6.1;0;206;;;;122;254;34;3.2;0;207;0;0
BLA;16.06.2019 00:00;10.8;18;4;13.1;27.2;1.1;72.6;9.1;850.4;;1542.3;;1023.5;1.8;8.7;6.5;31.3;8.3;29.9;;0;0;0;388;;;;71;718;97;4.8;0;252;9.2;1.2
BLA;17.06.2019 00:00;13.6;22;4.2;14.5;31.5;-0.2;59.4;8.5;849.4;;1532.4;;1022.4;1.4;6.7;5;24.1;6.5;23.4;;0;0;0;369;;;;51;698;95;5;0;90;0;0
BLA;18.06.2019 00:00;14.2;21.6;7.5;15;29.5;3.1;67.5;10.3;848.8;;1527;;1021.7;1.5;12.1;5.4;43.6;10.6;38.2;;5.4;5.4;0;269;;;;100;460;62;4.1;0;243;0;0
BLA;19.06.2019 00:00;13.9;22.3;6;14.7;28.9;2.5;69.7;10.2;846.8;;1507.3;;1019.4;1.3;12.1;4.7;43.6;11.7;42.1;;2.1;2.1;0;283;;;;85;485;66;4.2;0;180;0;0
BLA;20.06.2019 00:00;12.3;17.6;8.1;12.6;23;6;82.1;11.5;847.1;;1510.2;;1019.7;1.2;6.5;4.3;23.4;6;21.6;;9.8;9.8;0;161;;;;119;125;17;2.5;0;180;0;0
BLA;21.06.2019 00:00;11.5;19;5.6;11.7;26.2;2.6;84.9;11.2;848.8;;1527.3;;1021.7;1.1;10;4;36;9.5;34.2;;10.3;7.2;0;120;;;;94;55;7;2.1;0;90;8.5;0.5
BLA;22.06.2019 00:00;11.2;17;6.8;12.2;22.5;4.3;86.4;11.4;848.2;;1521.3;;1021;1.7;7.9;6.1;28.4;7.4;26.6;;1.3;4.4;2;172;;;;135;94;13;2.6;0;180;8.8;0.8
BLA;23.06.2019 00:00;13.7;22.7;4.7;14.6;28.8;1.5;69.7;10.4;849.2;;1530.6;;1022.1;1.3;6;4.7;21.6;5.7;20.5;;0;0;0;355;;;;51;739;100;4.9;0;243;0;0
BLA;24.06.2019 00:00;17.2;27.3;7.7;17.3;33.2;3.2;54;9.6;852.4;;1563.3;;1025.9;1.2;7.2;4.3;25.9;6.8;24.5;;0;0;0;363;;;;50;739;100;5.6;0;0;0;0
BLA;25.06.2019 00:00;19.4;29.7;10.5;19.2;34.3;4.7;47.4;9.7;855.5;;1594.7;;1029.5;1.2;5.5;4.3;19.8;5.1;18.4;;0;0;0;354;;;;70;739;100;5.8;1.1;27;0;0
BLA;26.06.2019 00:00;20.6;30.4;11.6;20.6;35.6;8.1;45.3;10.2;858.3;;1623.2;;1032.8;1.5;9.7;5.4;34.9;9;32.4;;0;0;0;353;;;;62;738;100;6.1;2.3;18;0;0
BLA;27.06.2019 00:00;20.9;29.7;11.7;20.8;35.1;7.3;39.9;8.9;857.4;;1613.6;;1031.7;1.5;8.9;5.4;32;8.5;30.6;;0;0;0;361;;;;59;738;100;6.1;2.6;40;0;0
BLA;28.06.2019 00:00;19.9;27.9;11.2;20.2;33.7;7.4;44.6;9.6;853.8;;1577.7;;1027.6;1.7;8.3;6.1;29.9;7.8;28.1;;0;0;0;360;;;;45;738;100;6;1.6;45;0;0
BLA;29.06.2019 00:00;19.3;28.2;10;19.6;33.3;6.3;48.2;10;852.5;;1563.6;;1025.9;1.3;7.1;4.7;25.6;6.6;23.8;;0;0;0;363;;;;43;737;100;5.8;1;27;0;0
BLA;30.06.2019 00:00;20.6;28.3;11.9;21.3;35.2;7.7;46.8;10.4;853.7;;1576.3;;1027.4;1.5;10.5;5.4;37.8;9.8;35.3;;0;0;0;364;;;;59;713;97;6;2.3;29;0;0
BLA;01.07.2019 00:00;19.2;26.4;11.1;20.4;34.5;10.8;55.2;11.4;853.1;;1569.9;;1026.7;2;13.1;7.2;47.2;12.3;44.3;;12;11.9;0;302;;;;88;433;59;5.2;0.9;39;0;0
BLA;02.07.2019 00:00;15;23.6;8.1;16.2;31.4;6.6;76.6;12.5;851.7;;1555.8;;1025.1;1.3;8.8;4.7;31.7;7.6;27.4;;5.1;5.2;0;250;;;;105;393;54;3.9;0;53;0;0
BLA;03.07.2019 00:00;13.7;22.1;7.4;14.2;27.5;5.7;80.2;12.1;851.6;;1554.8;;1025;1.4;8.1;5;29.2;7.3;26.3;;11.1;11.1;0;184;;;;121;148;20;3.1;0;56;0;0
BLA;04.07.2019 00:00;13.8;22.1;6.7;13.7;28.9;4.2;74.3;11.4;851.8;;1556.7;;1025.2;1.1;7.8;4;28.1;7.7;27.7;;0.4;0.4;0;229;;;;73;423;58;3.5;0;63;0;0
BLA;05.07.2019 00:00;16.2;24;7.9;16.7;29.5;4.8;58.9;10;851.4;;1552.6;;1024.7;1.4;7.4;5;26.6;7.2;25.9;;0;0;0;357;;;;46;715;98;5.2;0;214;0;0
BLA;06.07.2019 00:00;16.2;23.9;10;16;28.7;5.9;61.3;11;848.4;;1522.7;;1021.2;1.4;12.7;5;45.7;11.5;41.4;;0.4;0;0;210;;;;113;317;43;3.7;0;45;0;0
BLA;07.07.2019 00:00;13.7;20;8.3;13.6;25.1;6.5;74.4;11.3;847.1;;1510;;1019.7;2;12.7;7.2;45.7;12.4;44.6;;4.3;4.7;0;194;;;;98;217;30;3.2;0;53;0;0
BLA;08.07.2019 00:00;13.6;19.4;7.9;13.3;26.8;6.1;73.4;11.1;847.8;;1516.8;;1020.5;1;6.2;3.6;22.3;6;21.6;;0.3;0.3;0;135;;;;96;84;12;2.4;0;72;0;0
BLA;09.07.2019 00:00;14.5;21.6;7.6;14.6;28;4.6;64.8;10.3;846.5;;1503.4;;1019;1.4;8.8;5;31.7;7.8;28.1;;0;0;0;237;;;;101;390;54;3.7;0;207;0;0
BLA;10.07.2019 00:00;12.8;20.5;5.7;13.6;26.4;2.6;66.4;9.3;847.2;;1510.7;;1019.8;1.6;11;5.8;39.6;10.9;39.2;;0;0;0;338;;;;47;689;95;4.6;0;236;0;0
BLA;11.07.2019 00:00;13.4;20;6.2;13;26.3;3;61.2;9.1;847.2;;1511;;1019.8;1.3;8.8;4.7;31.7;8;28.8;;0;0;0;154;;;;116;112;15;2.8;0;360;0;0
BLA;12.07.2019 00:00;13.4;19.4;7.8;13.2;27.3;5.4;65.8;9.7;847.3;;1511.6;;1019.9;1.5;7.5;5.4;27;7;25.2;;3;1.4;0;156;;;;109;97;13;2.8;0;180;0;0
BLA;13.07.2019 00:00;12.4;18.3;6.1;13.2;26.3;2.3;65.3;8.9;847.5;;1514;;1020.2;1.7;10.9;6.1;39.2;10.4;37.4;;0;1.6;0;277;;;;129;365;50;3.9;0;63;0;0
BLA;14.07.2019 00:00;12.4;20;4;13.2;27.7;0.5;59.3;8;844.6;;1485.5;;1016.9;1.6;8.1;5.8;29.2;7.7;27.7;;11.7;0;0;305;;;;87;507;70;4.2;0;219;0;0
BLA;15.07.2019 00:00;10.4;16.8;5.7;11.8;24;3.3;76.2;9.4;845.1;;1490.8;;1017.4;1.5;6.6;5.4;23.8;6.5;23.4;;0;11.7;0;263;;;;132;342;47;3.5;0;214;9.6;1.6
BLA;16.07.2019 00:00;13;21.1;4.9;14;26.9;1.9;67.1;9.5;848;;1519.1;;1020.8;1.6;10.4;5.8;37.4;9.1;32.8;;0;0;0;353;;;;43;724;100;4.7;0;270;0;0
BLA;17.07.2019 00:00;14.4;21.6;6.8;15;28.5;3.9;61.8;9.5;846.7;;1506.2;;1019.3;1.6;8;5.8;28.8;7.9;28.4;;0;0;0;331;;;;88;668;92;4.7;0;214;0;0
BLA;18.07.2019 00:00;14;20.5;8.4;14.9;29.2;5;58.7;8.8;846.9;;1507.4;;1019.4;1.6;11.7;5.8;42.1;10.5;37.8;;0;0;0;335;;;;118;583;81;4.7;0;27;0;0
BLA;19.07.2019 00:00;15.2;22.9;7.7;16.1;29.3;4.6;60.4;9.8;849.1;;1529.9;;1022.1;1.4;6.8;5;24.5;6.6;23.8;;0;0;0;333;;;;64;707;98;4.8;0;217;0;0
BLA;20.07.2019 00:00;16.9;24.3;9.3;17.1;30.5;6.2;57.2;10.3;850.8;;1547.3;;1024.1;1.5;8.1;5.4;29.2;7.8;28.1;;2.7;0;0;275;;;;106;520;72;4.4;0;225;0;0
BLA;21.07.2019 00:00;16.6;23;11.7;16.8;29.8;7.7;64.6;11.6;854.7;;1585.5;;1028.5;1.6;8.3;5.8;29.9;7.8;28.1;;0;2.7;0;248;;;;106;380;53;4.1;0;207;0;0
BLA;22.07.2019 00:00;17.8;25.5;9.9;18.2;32.8;6.8;58.8;11.4;856.2;;1600.8;;1030.3;1.3;8.9;4.7;32;8.7;31.3;;0;0;0;301;;;;89;637;88;4.7;0;34;0;0
BLA;23.07.2019 00:00;19.4;27.9;10.6;20;33.8;7;55.5;11.5;854.1;;1579.6;;1027.8;1.2;6.1;4.3;22;5.9;21.2;;0;0;0;338;;;;47;720;100;5.3;1.1;225;0;0
BLA;24.07.2019 00:00;20.4;28.2;12.6;21;35.8;8.9;51.3;11.3;852.8;;1567.1;;1026.3;1.6;11.1;5.8;40;9.6;34.6;;0;0;0;332;;;;56;675;94;5.5;2.1;27;0;0
BLA;25.07.2019 00:00;19.4;28.5;13.3;19.4;37.7;9.2;62.3;13.4;851.6;;1554.5;;1024.9;1.2;7.2;4.3;25.9;6.9;24.8;;9.9;9.9;0;225;;;;67;411;57;4.1;1.1;90;0;0
BLA;26.07.2019 00:00;17.2;25.6;11.4;17.7;31.6;9.5;72.7;13.6;847;;1508.9;;1019.6;1.6;19.8;5.8;71.3;17.7;63.7;;5.5;4.5;0;221;;;;74;394;55;3.9;0;180;0;0
BLA;27.07.2019 00:00;13.6;19.1;10.6;14.1;25.5;9.8;84.8;13.1;839.2;;1430.4;;1010.5;1.4;7.2;5;25.9;6.9;24.8;;6.5;5.2;0;149;;;;107;121;17;2.5;0;180;0;0
BLA;28.07.2019 00:00;12.2;14.6;9;13;18.6;7.6;91.6;13;838.2;;1421.1;;1009.3;1.4;6.5;5;23.4;6.1;22;;3;5.3;0;139;;;;129;0;0;1.9;0;229;0;0
BLA;29.07.2019 00:00;14.3;20.3;9.1;16.5;26.8;8.7;80.6;12.8;843.7;;1476.1;;1015.8;1.3;6.9;4.7;24.8;6.3;22.7;;0;0;0;311;;;;65;521;73;4.2;0;229;0;0
BLA;30.07.2019 00:00;16.4;23.2;10.6;18.1;28.8;9;69.8;12.3;847.3;;1511.5;;1019.9;1.4;6.7;5;24.1;6.6;23.8;;0;0;0;313;;;;56;567;80;4.6;0;220;0;0
BLA;31.07.2019 00:00;14;20.3;8;15.3;26;5.4;77.9;12.1;848.6;;1525.3;;1021.5;1.8;8;6.5;28.8;7.5;27;;0;0;0;293;;;;79;502;71;4;0;222;0;0
BLA;01.08.2019 00:00;14.8;23.9;6.2;15.9;28.5;3.6;67.9;10.6;848.6;;1524.9;;1021.5;1.4;7.1;5;25.6;6.7;24.1;;1.9;0;0;325;;;;53;672;95;4.6;0;217;0;0
BLA;02.08.2019 00:00;12.8;17.4;10;12.8;23.7;8.5;79.1;11.6;847.9;;1518.2;;1020.7;1.5;7.9;5.4;28.4;7.8;28.1;;0.6;2.5;0;115;;;;84;82;12;2.1;0;90;0;0
BLA;03.08.2019 00:00;13.4;20;7.9;14.4;28.1;4.5;62.2;9.1;848.4;;1522.6;;1021.2;1.4;7.1;5;25.6;6.9;24.8;;0;0;0;301;;;;92;550;79;4.1;0;45;0;0
BLA;04.08.2019 00:00;14.7;23;6.1;15.2;28.5;2.6;55.2;8.5;848.8;;1526.7;;1021.7;1.4;9.7;5;34.9;9.2;33.1;;0.2;0;0;328;;;;45;701;100;4.6;0;360;0;0
BLA;05.08.2019 00:00;16.6;22.3;11.4;16.2;27.7;10.2;62.6;11.5;849.4;;1532.7;;1022.4;1.4;8.4;5;30.2;8.2;29.5;;0.8;0.9;0;146;;;;104;103;15;2.8;0;45;0;0
BLA;06.08.2019 00:00;16.2;24;10.5;16.1;29.2;9.4;70.4;12.5;848;;1518.4;;1020.7;1.9;19.2;6.8;69.1;18.3;65.9;;6.7;6.2;0;186;;;;94;232;34;3.4;0;45;0;0
BLA;07.08.2019 00:00;12.5;15.9;10.3;12.3;18;9.1;93.6;13.6;846;;1499;;1018.4;1.3;7.7;4.7;27.7;7.5;27;;7.8;8.4;0;57;;;;50;3;0;1.2;0;63;0;0
BLA;08.08.2019 00:00;14.6;22.4;8.8;15.3;27.8;7;74.1;11.8;847.3;;1512;;1020;1.3;8.4;4.7;30.2;7.2;25.9;;0;0;0;292;;;;64;540;81;4.1;0;225;0;0
BLA;09.08.2019 00:00;17.4;25.8;8.6;17.7;31.3;5.8;64.5;12.2;848.5;;1523.5;;1021.3;1.2;8;4.3;28.8;7.4;26.6;;7.7;0;0;268;;;;59;546;83;4.1;0;225;0;0
BLA;10.08.2019 00:00;15.5;19.9;10.1;15.6;23.6;8.4;89.5;15.8;850.4;;1542.7;;1023.5;1.1;5.7;4;20.5;5.4;19.4;;0.5;8.2;0;110;;;;80;75;11;1.8;0;0;0;0
BLA;11.08.2019 00:00;15.9;25.9;8.2;16.9;31.8;6.2;78;13.4;848.8;;1526.1;;1021.6;1.3;13.3;4.7;47.9;12.9;46.4;;11.5;9;0;256;;;;61;454;70;3.9;0;117;0;0
BLA;12.08.2019 00:00;12.2;15.3;6.9;12.4;20.7;4.8;96.2;13.8;848;;1519.4;;1020.8;1.4;9;5;32.4;9;32.4;;6.7;9.2;0;65;;;;52;18;3;1;0;211;0;0
BLA;13.08.2019 00:00;9.7;15;5;10.5;19.9;2;81.5;9.6;848.7;;1526.1;;1021.6;1.5;7.7;5.4;27.7;7.3;26.3;;0;0;0;226;;;;151;183;29;2.8;0;225;10.3;2.3
BLA;14.08.2019 00:00;9.3;17.4;2.5;9.8;22.9;-0.4;72.9;8.3;849;;1529;;1021.9;1.5;7.3;5.4;26.3;7.1;25.6;;0;0;0;286;;;;47;632;100;3.4;0;217;10.7;2.7
BLA;15.08.2019 00:00;12.2;18.6;5.1;12.3;25.7;2.1;64.8;8.8;848.7;;1525.4;;1021.5;1.6;8.4;5.8;30.2;8.2;29.5;;0;0;0;206;;;;99;249;40;3;0;214;0;0
BLA;16.08.2019 00:00;11.2;19.5;4;11.6;25.5;0.7;68.7;8.9;849.7;;1535.5;;1022.7;1.3;5.7;4.7;20.5;5.5;19.8;;0;0;0;274;;;;66;612;99;3.5;0;214;8.8;0.8
BLA;17.08.2019 00:00;15.1;23.7;6.7;14.8;29.2;2.8;55.5;9;848.9;;1527.7;;1021.8;1.4;12;5;43.2;11.4;41;;0;0;0;227;;;;122;315;51;3.6;0;270;0;0
BLA;18.08.2019 00:00;17.3;26;10.6;17.2;30.9;7.5;57.2;10.4;847.5;;1513.6;;1020.2;1.7;12.1;6.1;43.6;11.5;41.4;;14.7;3.8;0;284;;;;49;566;92;4.6;0;207;0;0
BLA;19.08.2019 00:00;13.6;19.1;10.4;14.1;24.2;9.6;87.9;13.6;850.7;;1545.7;;1023.9;1.7;11.4;6.1;41;11;39.6;;13.3;19.8;0;135;;;;96;86;14;2.2;0;63;0;0
BLA;20.08.2019 00:00;10.8;14.5;7.9;10.9;16.6;8;96.6;12.5;852.2;;1560.5;;1025.7;1.5;6.5;5.4;23.4;6.3;22.7;;16.3;20.6;0;44;;;;38;5;1;1;0;207;9.2;1.2
BLA;21.08.2019 00:00;12;17.9;5.7;13.7;24.4;3.6;89;12.4;853.6;;1573.9;;1027.2;1.3;5.5;4.7;19.8;5.4;19.4;;0;0.1;0;278;;;;56;550;92;3.2;0;220;8;0
BLA;22.08.2019 00:00;13.6;21.4;7.7;14.4;27.3;5.6;80.8;12.3;854;;1578.7;;1027.8;1.1;5.9;4;21.2;5.7;20.5;;0;0;0;240;;;;91;543;91;3.3;0;207;0;0
BLA;23.08.2019 00:00;13.6;21.3;7;14.1;27.7;4.3;79.6;12.2;853.8;;1576.8;;1027.6;1.2;6;4.3;21.6;6;21.6;;0;0;0;216;;;;63;433;73;3;0;191;0;0
BLA;24.08.2019 00:00;14.2;21.6;8.1;14.6;29.3;5.9;76.9;12;852.6;;1564.7;;1026.1;1.2;6.7;4.3;24.1;6.5;23.4;;0;0;0;244;;;;82;450;77;3.3;0;198;0;0
BLA;25.08.2019 00:00;14.2;22.4;8.1;14.5;27.9;5.6;69.9;10.7;852.2;;1560.2;;1025.6;1.4;9.2;5;33.1;8.1;29.2;;0;0;0;273;;;;40;591;100;3.8;0;135;0;0
BLA;26.08.2019 00:00;14.5;22.8;7.5;14.5;28.1;4.7;65.2;10.1;851.8;;1556.5;;1025.2;1.3;6.6;4.7;23.8;6.4;23;;0;0;0;271;;;;36;584;99;3.7;0;153;0;0
BLA;27.08.2019 00:00;15.5;23.2;8.4;15.8;28.7;5.9;68.6;11.6;851.8;;1556.5;;1025.1;1.1;5.2;4;18.7;5.1;18.4;;0;0;0;231;;;;78;435;74;3.3;0;225;0;0
BLA;28.08.2019 00:00;15.2;21;10.4;15.6;27.3;8.6;72.9;12.3;851.6;;1555;;1025;1.2;6.9;4.3;24.8;6.4;23;;0;0;0;180;;;;111;199;34;2.7;0;180;0;0
BLA;29.08.2019 00:00;15.2;21.9;10.1;15.8;28.5;7.3;72.6;12.2;852.9;;1567.9;;1026.5;1.4;7.6;5;27.4;7.3;26.3;;0;0;0;254;;;;81;509;88;3.5;0;225;0;0
BLA;30.08.2019 00:00;14.9;23.1;8.5;15;28.5;5.7;72.3;11.8;853.7;;1575.4;;1027.4;1.1;6;4;21.6;5.8;20.9;;0;0;0;222;;;;47;484;85;3.2;0;135;0;0
BLA;31.08.2019 00:00;13.6;20.3;9.5;12.8;26.2;6.7;80.4;12.4;850.8;;1546.4;;1024;1.1;7.9;4;28.4;7.4;26.6;;0.3;0.3;0;123;;;;59;174;31;2.1;0;68;0;0
BLA;01.09.2019 00:00;13.3;20.1;8.2;13.1;26.5;5.8;78.5;11.8;848.2;;1520.9;;1021;1.2;8.5;4.3;30.6;8.2;29.5;;2.9;2.4;0;121;;;;84;88;16;2.1;0;45;0;0
BLA;02.09.2019 00:00;11.4;16.8;5.4;12;24.4;2.8;87.5;11.7;849.9;;1537.4;;1022.9;1.3;7.2;4.7;25.9;6.7;24.1;;0;0.5;0;182;;;;99;229;41;2.2;0;233;8.6;0.6
BLA;03.09.2019 00:00;11.6;18.9;5.6;12.3;24.5;3.1;79.5;10.6;853.3;;1571.3;;1026.9;1.4;5.8;5;20.9;5.5;19.8;;0;0;0;244;;;;27;548;98;3;0;207;8.4;0.4
BLA;04.09.2019 00:00;12.6;21.5;5.3;12.5;26.5;2.1;71.1;9.9;849.9;;1537.4;;1022.9;1.1;6.5;4;23.4;6.3;22.7;;0;0;0;242;;;;29;538;96;3.1;0;207;0;0
BLA;05.09.2019 00:00;9.1;14.7;5.2;8.5;20.8;3;74.5;8.5;848.1;;1520.2;;1020.9;1.5;12.7;5.4;45.7;12.4;44.6;;2;0;0;91;;;;64;73;13;1.7;0;135;10.9;2.9
BLA;06.09.2019 00:00;6.6;9.4;3.6;7.2;13.1;1.5;88.2;8.6;848.8;;1527.4;;1021.7;1.3;5.5;4.7;19.8;5.2;18.7;;1;3;0;101;;;;94;0;0;1.3;0;220;13.4;5.4
BLA;07.09.2019 00:00;7.8;12.7;3.5;8.5;20.6;0.9;80.5;8.3;847.9;;1518.4;;1020.6;1.3;8.7;4.7;31.3;8.3;29.9;;0.3;0;0;142;;;;104;107;20;1.8;0;217;12.2;4.2
BLA;08.09.2019 00:00;6.3;10.9;3.9;6.9;18.8;2.6;78.8;7.4;844.7;;1487.9;;1017;1.6;9.9;5.8;35.6;9.5;34.2;;0.2;0.4;0;147;;;;103;97;18;1.8;0;207;13.7;5.7
BLA;09.09.2019 00:00;6.4;12.4;1.5;7.4;18.4;-0.3;76.5;7.1;844.8;;1488.8;;1017.1;1.5;6.9;5.4;24.8;6.6;23.8;;0.1;0.1;0;227;;;;55;497;94;2.3;0;202;13.6;5.6
BLA;10.09.2019 00:00;8.2;13.2;3.3;8.2;16.9;1.1;75.5;8;846.9;;1508.6;;1019.5;1.5;6.5;5.4;23.4;6.4;23;;0;0.1;0;143;;;;104;179;34;1.8;0;191;11.8;3.8
BLA;11.09.2019 00:00;10.3;16.8;3.9;10.3;23.1;1;69.8;8.5;853.7;;1575.2;;1027.4;1.2;6.7;4.3;24.1;6.6;23.8;;0;0;0;171;;;;87;205;40;2.2;0;90;9.7;1.7
BLA;12.09.2019 00:00;11.2;22;3.8;10.9;27;0.9;70;8.6;860.2;;1638.1;;1034.9;1.3;9.4;4.7;33.8;9.2;33.1;;0;0;0;216;;;;24;507;99;2.9;0;135;8.8;0.8
BLA;13.09.2019 00:00;12.8;22.3;6.1;12.4;27.3;2.8;69.4;9.8;860.9;;1645.8;;1035.8;1.1;5.6;4;20.2;5.3;19.1;;0;0;0;216;;;;24;502;99;2.8;0;207;0;0
BLA;14.09.2019 00:00;13.5;22.4;7;13.2;27.3;3.5;69.4;10.3;858.9;;1626.7;;1033.5;1.1;5.9;4;21.2;5.7;20.5;;0;0;0;212;;;;37;496;99;2.8;0;225;0;0
BLA;15.09.2019 00:00;14.2;23.8;8;13.8;29.2;5.1;69.2;10.6;856.3;;1601.4;;1030.4;1.2;8.1;4.3;29.2;7.5;27;;0;0;0;204;;;;36;493;100;2.9;0;90;0;0
BLA;16.09.2019 00:00;14.1;23.2;7.3;13.6;30.2;4.3;63.1;9.5;853.1;;1569;;1026.6;1.4;14.4;5;51.8;13.5;48.6;;0;0;0;203;;;;69;424;89;2.9;0;90;0;0
BLA;17.09.2019 00:00;14;21.3;8.2;13.1;27.5;4.5;61.5;9.3;850.3;;1541.3;;1023.4;1.5;9.9;5.4;35.6;9.5;34.2;;0;0;0;157;;;;72;313;67;2.5;0;191;0;0
BLA;18.09.2019 00:00;11;18.5;5.8;11.2;25.3;3.1;80.2;10.4;849.2;;1531.4;;1022.2;1.2;6.5;4.3;23.4;6.4;23;;0;0;0;164;;;;60;373;81;2.1;0;219;9;1
BLA;19.09.2019 00:00;11;16.9;5.7;11.8;23.2;3.1;84.4;10.9;850.6;;1544.7;;1023.8;1.2;6.6;4.3;23.8;6.5;23.4;;0;0;0;171;;;;48;370;82;2;0;217;9;1
BLA;20.09.2019 00:00;9.9;17.6;4.6;9.8;23.4;2.1;83.8;10;852.2;;1560.8;;1025.7;1.2;6.1;4.3;22;5.8;20.9;;0;0;0;185;;;;28;455;100;2.1;0;214;10.1;2.1
BLA;21.09.2019 00:00;10.6;19.9;4.8;10;25;2;69;8.1;849.5;;1534.2;;1022.6;1.4;7.7;5;27.7;7.3;26.3;;0;0;0;177;;;;32;433;98;2.4;0;180;9.4;1.4
BLA;22.09.2019 00:00;12;19.5;8.1;11.8;24.7;6.4;67.7;9.2;845.2;;1491.7;;1017.6;1.4;7;5;25.2;6.7;24.1;;5.6;0.1;0;129;;;;68;202;46;2.1;0;194;8;0
BLA;23.09.2019 00:00;8.3;13.3;2;7.9;19.2;-0.7;81.6;8.9;846.6;;1505.7;;1019.1;1.4;8.7;5;31.3;8.1;29.2;;0;5.5;0;121;;;;78;116;27;1.4;0;194;11.7;3.7
BLA;24.09.2019 00:00;7.8;14;0.9;7.2;15.3;-1.8;79.2;8.3;845.1;;1491.2;;1017.4;1.1;7.8;4;28.1;7.5;27;;1.6;1.6;0;70;;;;65;0;0;1.2;0;72;12.2;4.2
BLA;25.09.2019 00:00;8.3;12.5;6.1;8;17.8;5.1;83.4;9;843.7;;1477.2;;1015.8;1.2;7.5;4.3;27;7.2;25.9;;5.2;1.4;0;88;;;;62;56;13;1.3;0;68;11.7;3.7
BLA;26.09.2019 00:00;8.6;13.4;5.4;8.2;15.5;3.2;91;10.1;847.6;;1515.5;;1020.3;0.9;4;3.2;14.4;3.8;13.7;;0.8;4.6;0;63;;;;56;15;4;1;0;53;11.4;3.4
BLA;27.09.2019 00:00;10.6;19.2;4.4;9.9;24.2;1.6;65.5;7.6;847.7;;1515.8;;1020.4;1.6;12.9;5.8;46.4;12.6;45.4;;0.1;0;0;157;;;;41;395;93;2.3;0;207;9.4;1.4
BLA;28.09.2019 00:00;9.1;16.5;3.2;8.8;21.4;0.2;69.5;7.7;848.8;;1527.2;;1021.7;1.2;6.9;4.3;24.8;6.7;24.1;;0;0.1;0;167;;;;30;426;100;1.9;0;135;10.9;2.9
BLA;29.09.2019 00:00;11.8;21;2.2;10.8;25.1;-0.8;51;6.3;846;;1498.6;;1018.4;2.2;12.5;7.9;45;12.2;43.9;;0;0;0;160;;;;23;408;98;2.7;0;215;8.2;0.2
BLA;30.09.2019 00:00;11;17.2;3.9;10.5;22.6;0.7;61.3;7.7;846.2;;1501.1;;1018.6;1.5;7.7;5.4;27.7;7.4;26.6;;0;0;0;171;;;;43;415;100;2.1;0;214;9;1
BLA;01.10.2019 00:00;10.2;20.4;3.5;9.7;25.4;0.3;66.7;7.9;842.6;;1465.4;;1014.5;1.3;8.1;4.7;29.2;7.4;26.6;;6.7;5.8;0;152;;;;27;376;93;2.1;0;198;9.8;1.8
BLA;02.10.2019 00:00;7;9.7;2;6.9;12;1.1;87.5;8.8;841.2;;1452.7;;1012.8;1.2;9.2;4.3;33.1;8.8;31.7;;1.8;2.7;0;74;;;;66;9;2;0.9;0;153;13;5
BLA;03.10.2019 00:00;3.2;9.9;-1.8;2.9;16.2;-4.7;75.7;5.7;845.3;;1493.6;;1017.6;1.2;5.9;4.3;21.2;5.7;20.5;;0;0;0;152;;;;23;404;100;1.4;0;135;16.8;8.8
BLA;04.10.2019 00:00;5.4;10.3;-0.5;4.6;10.2;-3.5;77.7;7;843.2;;1472.7;;1015.1;1.2;9.4;4.3;33.8;8.4;30.2;;2.5;2.5;0;46;;;;42;0;0;0.9;0;63;14.6;6.6
BLA;05.10.2019 00:00;6.3;11.9;3.3;6.1;18.5;0.7;80.2;7.5;844;;1481;;1016.2;1.1;5.8;4;20.9;5.1;18.4;;0;0;0;88;;;;70;76;19;1.2;0;117;13.7;5.7
BLA;06.10.2019 00:00;5.4;10.5;0;5.1;14.9;-2.3;85.4;7.6;844.4;;1484.5;;1016.6;1.2;6.1;4.3;22;5.6;20.2;;13.4;13.4;0;82;;;;73;10;3;1;0;90;14.6;6.6
BLA;07.10.2019 00:00;3;9.7;-0.7;3;16.2;-3.3;83.1;6.1;846.4;;1504.6;;1018.9;1.1;5.6;4;20.2;5.5;19.8;;0;0;0;146;;;;25;390;100;1.3;0;108;17;9
BLA;08.10.2019 00:00;8.6;17.1;-1;8.3;22;-3.8;73.6;8.4;847.6;;1515.5;;1020.3;1;5.1;3.6;18.4;4.7;16.9;;0;0;0;79;;;;61;78;21;1.2;0;45;11.4;3.4
BLA;09.10.2019 00:00;7.8;12.2;2.2;7.1;12;0.6;91.6;9.8;845.2;;1492.1;;1017.5;1.2;9.5;4.3;34.2;9.1;32.8;;14.2;14.2;0;22;;;;18;0;0;0.6;0;90;12.2;4.2
BLA;10.10.2019 00:00;4.6;11.3;-0.6;4.1;17.3;-3.7;76.2;6.2;849.2;;1530.8;;1022.1;1.1;8.1;4;29.2;8;28.8;;0;0;0;127;;;;41;327;88;1.2;0;90;15.4;7.4
BLA;11.10.2019 00:00;5.4;16.1;-1;4.2;21.1;-3.9;67;5.7;851.1;;1549.5;;1024.4;1;5.4;3.6;19.4;5;18;;0;0;0;128;;;;22;370;100;1.4;0;76;14.6;6.6
BLA;12.10.2019 00:00;9.3;17;3.1;7.9;19.8;-0.2;66.2;7.7;850.5;;1543.9;;1023.7;1;4.5;3.6;16.2;4.1;14.8;;0;0;0;80;;;;59;70;19;1.3;0;63;10.7;2.7
BLA;13.10.2019 00:00;10.5;19.6;5.7;9.5;25.1;2.7;70.8;8.7;850.3;;1541.9;;1023.5;1;4.8;3.6;17.3;4.7;16.9;;0;0;0;122;;;;48;290;81;1.5;0;72;9.5;1.5
BLA;14.10.2019 00:00;8.5;17.5;4.4;7.2;22.4;1.4;70.9;7.6;848.3;;1522;;1021.1;1.3;6.3;4.7;22.7;6;21.6;;0;0;0;119;;;;18;356;99;1.6;0;108;11.5;3.5
BLA;15.10.2019 00:00;6.5;10.6;1.8;5.5;10.2;0.2;87;8.4;842.4;;1465.3;;1014.3;1.5;11.7;5.4;42.1;11.5;41.4;;29.7;29.7;0;25;;;;21;0;0;0.7;0;90;13.5;5.5
BLA;16.10.2019 00:00;3.3;10.4;-0.9;2.7;16.3;-3.2;85.6;6.5;846.7;;1507.4;;1019.3;0.9;4.7;3.2;16.9;4.3;15.5;;0;0;0;119;;;;20;351;100;1;0;90;16.7;8.7
BLA;17.10.2019 00:00;6.9;13.1;2.2;6.4;19.2;-0.2;75.4;7.3;846.9;;1509.1;;1019.5;1;4.7;3.6;16.9;4.6;16.6;;0.1;0;0;89;;;;35;165;47;1.1;0;90;13.1;5.1
BLA;18.10.2019 00:00;7.4;12.6;3.8;7.2;17.7;1.8;82.4;8.4;845.5;;1494.8;;1017.8;1.1;6;4;21.6;5.7;20.5;;0;0.1;0;86;;;;68;44;13;1;0;90;12.6;4.6
BLA;19.10.2019 00:00;9.1;13.6;4.6;8.5;18.2;2.8;77.1;8.8;842.3;;1463.3;;1014.1;1.2;8;4.3;28.8;7.7;27.7;;2.2;2.2;0;79;;;;53;102;30;1;0;117;10.9;2.9
BLA;20.10.2019 00:00;12.4;16.2;7.7;10.8;17.9;5;54.9;7.7;842.9;;1468.9;;1014.9;2.1;12.9;7.6;46.4;12;43.2;;2.9;0;0;54;;;;45;34;10;1.6;0;45;0;0
BLA;21.10.2019 00:00;9.4;11.6;8;9.1;12.1;7.3;95.7;11.3;848.7;;1526;;1021.6;1.2;5.1;4.3;18.4;4.8;17.3;;5.6;8.5;0;40;;;;35;0;0;0.7;0;153;10.6;2.6
BLA;22.10.2019 00:00;9.2;15.3;5.9;8;18;3;88.5;10.3;851.7;;1555.5;;1025.1;1.2;5.3;4.3;19.1;4.7;16.9;;0;0;0;53;;;;45;23;7;0.9;0;76;10.8;2.8
BLA;23.10.2019 00:00;10.1;17.5;4.4;7.9;18.5;1.3;59.4;7;847.8;;1517.3;;1020.5;1.7;13.3;6.1;47.9;12.5;45;;4;0.6;0;44;;;;38;0;0;1.5;0;45;9.9;1.9
BLA;24.10.2019 00:00;8.4;12.7;6.2;7.7;13.8;4.8;87.6;9.6;844.9;;1488.9;;1017.2;1.4;6.4;5;23;6.1;22;;0;3.4;0;50;;;;46;0;0;0.9;0;153;11.6;3.6
BLA;25.10.2019 00:00;7.5;12.9;3.7;7.3;17.5;1;86.3;8.8;851.6;;1554.1;;1024.9;1.1;5.4;4;19.4;4.9;17.6;;0;0;0;100;;;;22;323;100;0.9;0;90;12.5;4.5
BLA;26.10.2019 00:00;7.8;17.3;3.4;6;22.3;0.2;67.7;6.9;852.9;;1566.5;;1026.4;0.8;3.7;2.9;13.3;3.4;12.2;;0;0;0;93;;;;15;318;99;1.1;0;79;12.2;4.2
BLA;27.10.2019 00:00;8.2;15.6;3.3;6.8;19.2;0.3;71;7.6;851.4;;1551.9;;1024.7;0.9;4.1;3.2;14.8;3.8;13.7;;0.3;0;0;78;;;;42;270;85;1;0;63;11.8;3.8
BLA;28.10.2019 00:00;8.1;10.7;7.1;7.8;10.8;6.3;94.2;10.2;847.7;;1516.1;;1020.4;1;4.3;3.6;15.5;4.1;14.8;;14.6;10.8;0;26;;;;22;0;0;0.6;0;63;11.9;3.9
BLA;29.10.2019 00:00;8;10.8;5.9;7.7;11;4.8;97;10.4;846.7;;1506.6;;1019.2;0.9;4.3;3.2;15.5;4;14.4;;3.4;7.2;0;41;;;;36;0;0;0.6;0;72;12;4
BLA;30.10.2019 00:00;6.8;11.3;3.6;6.3;12.9;1.6;95;9.4;848.8;;1526.8;;1021.6;1;4.7;3.6;16.9;4.4;15.8;;3.6;3.9;0;49;;;;35;46;15;0.6;0;56;13.2;5.2
BLA;31.10.2019 00:00;6.3;8.9;3.5;6.2;9.9;1.9;93.6;8.9;846.8;;1507.9;;1019.4;0.9;4.3;3.2;15.5;4.1;14.8;;0;0;0;53;;;;49;0;0;0.6;0;225;13.7;5.7
BLA;01.11.2019 00:00;5.7;10.1;4.6;5.6;14.6;3.6;94.8;8.7;843.3;;1474.3;;1015.3;1;6;3.6;21.6;5.8;20.9;;11.7;8.8;0;42;;;;30;32;11;0.6;0;90;14.3;6.3
BLA;02.11.2019 00:00;6.3;8.9;4.9;6.2;9.7;4.4;97.3;9.3;834.4;;1386.8;;1005;1.2;6.3;4.3;22.7;6;21.6;;5.1;4.2;0;46;;;;40;7;2;0.5;0;198;13.7;5.7
BLA;03.11.2019 00:00;3.7;6.8;1.6;3.6;7.8;1.3;94.9;7.6;825.5;;1300.4;;994.6;1.2;8.4;4.3;30.2;8.1;29.2;;8.7;12.4;0;34;;;;29;0;0;0.5;0;117;16.3;8.3
BLA;04.11.2019 00:00;2.6;5.3;0.6;2.2;5.2;-0.6;95;7;830.7;;1352.7;;1000.7;1.3;5.5;4.7;19.8;5.1;18.4;;15.4;14.8;0;27;;;;22;0;0;0.5;0;63;17.4;9.4
BLA;05.11.2019 00:00;0.9;5;-1.2;0.3;9.5;-3.2;92.8;6;829.8;;1345.2;;999.6;1.2;5.5;4.3;19.8;5.3;19.1;;2.3;1.6;0;57;;;;22;135;49;0.5;0;63;19.1;11.1
BLA;06.11.2019 00:00;0.2;3.6;-3.5;-0.4;7.4;-5.8;90.9;5.7;834.1;;1387;;1004.6;1;5.1;3.6;18.4;4.9;17.6;;1.3;2.7;1;71;;;;59;41;15;0.4;0;63;19.8;11.8
BLA;07.11.2019 00:00;-0.5;3.7;-4.5;-1.2;5.1;-7;79.3;4.7;834;;1386.3;;1004.5;1;4.2;3.6;15.1;4;14.4;;6.4;5.4;0;52;;;;47;0;0;0.5;0;63;20.5;12.5
BLA;08.11.2019 00:00;-2.3;0.2;-7.4;-2;0.1;-7.8;96.8;5.1;832.5;;1373.4;;1002.8;1.1;5.5;4;19.8;5.4;19.4;;4.7;5.7;9;27;;;;22;0;0;0.3;0;45;22.3;14.3
BLA;09.11.2019 00:00;-6.3;-0.7;-9.5;-7.8;5.3;-13.1;81.2;3.1;837.7;;1424.8;;1008.8;1.1;4.9;4;17.6;4.6;16.6;;0;0;9;75;;;;19;248;93;0.4;0;54;26.3;18.3
BLA;10.11.2019 00:00;-4.7;1.5;-8.4;-8;4.7;-13.4;72.8;3.1;838.1;;1428.1;;1009.3;1;4.4;3.6;15.8;4.2;15.1;;0;0;7;67;;;;38;177;69;0.5;0;56;24.7;16.7
BLA;11.11.2019 00:00;-2.2;3.1;-7;-4.3;3.3;-11.4;81.2;4.3;838.4;;1429.5;;1009.6;0.8;3.7;2.9;13.3;3.4;12.2;;3.7;3.7;6;44;;;;30;46;18;0.4;0;63;22.2;14.2
BLA;12.11.2019 00:00;-4.1;-0.3;-9.8;-6.3;4.1;-16.4;83.6;3.9;834.3;;1391.8;;1004.9;1;3.9;3.6;14;3.7;13.3;;0;0;13;71;;;;24;252;100;0.3;0;59;24.1;16.1
BLA;13.11.2019 00:00;-6.3;1.1;-9.4;-11.2;1.1;-15.9;69.3;2.6;832.5;;1375.3;;1002.7;1.1;5.4;4;19.4;5;18;;0;0;10;47;;;;27;101;42;0.5;0;45;26.3;18.3
BLA;14.11.2019 00:00;-2.1;3;-8.8;-4.5;2;-15.1;66.6;3.5;830.9;;1357.5;;1000.9;1.7;11.5;6.1;41.4;11.3;40.7;;18.5;3.9;9;42;;;;38;0;0;0.6;0;214;22.1;14.1
BLA;15.11.2019 00:00;-1.9;0.9;-6.5;-2.7;0;-8.9;91.9;5;828.2;;1331.7;;997.8;1.4;8.1;5;29.2;7.8;28.1;;2.6;17.2;37;52;;;;46;4;2;0.3;0;198;21.9;13.9
BLA;16.11.2019 00:00;-3.2;0.7;-5.8;-4.9;2;-9;84.6;4.1;835.8;;1405.1;;1006.6;1.2;5.1;4.3;18.4;4.7;16.9;;0;0;31;49;;;;31;126;55;0.4;0;90;23.2;15.2
BLA;17.11.2019 00:00;-3.4;-2.4;-4.8;-3.4;-2.1;-6.6;93.2;4.5;832.5;;1374.2;;1002.8;0.7;4.3;2.5;15.5;4.1;14.8;;22.8;21.4;28;14;;;;8;0;0;0.3;0;90;23.4;15.4
BLA;18.11.2019 00:00;-4.7;-2.3;-8.1;-4.8;-2.4;-9.3;90.2;3.9;838.5;;1431;;1009.7;0.8;3.2;2.9;11.5;2.8;10.1;;0;1.4;53;41;;;;30;42;19;0.3;0;53;24.7;16.7
BLA;19.11.2019 00:00;-1.8;2.4;-5.3;-3;4.8;-7.4;89.3;4.8;841.4;;1457.4;;1013;1.1;5.4;4;19.4;5.1;18.4;;0;0;46;49;;;;42;31;14;0.3;0;63;21.8;13.8
BLA;20.11.2019 00:00;-2;3.5;-4.3;-4;5.3;-6.9;84.5;4.5;840.1;;1445.2;;1011.5;0.8;3.7;2.9;13.3;3.3;11.9;;0;0;39;52;;;;12;223;100;0.4;0;45;22;14
BLA;21.11.2019 00:00;-1.7;2.7;-4;-3.3;4.1;-6.3;80.5;4.3;837.3;;1418.5;;1008.3;1;4.5;3.6;16.2;4.1;14.8;;0;0;36;45;;;;23;158;76;0.4;0;45;21.7;13.7
BLA;22.11.2019 00:00;2;6.2;-1;1.1;8.1;-2.7;67.7;4.7;835.6;;1400.6;;1006.3;1.5;10.6;5.4;38.2;9.9;35.6;;0;0;33;41;;;;32;58;28;0.7;0;27;18;10
BLA;23.11.2019 00:00;2.2;4.2;1.2;1.4;3.3;0;86.7;6.2;831.6;;1361.3;;1001.7;1.3;5.1;4.7;18.4;4.9;17.6;;4.3;4.3;29;21;;;;17;0;0;0.5;0;72;17.8;9.8
BLA;24.11.2019 00:00;2.3;5.2;0.9;1.5;4.1;-0.1;92.9;6.7;836.3;;1407.7;;1007.2;0.9;3.9;3.2;14;3.6;13;;0.4;0.1;24;42;;;;37;0;0;0.4;0;53;17.7;9.7
BLA;25.11.2019 00:00;2.9;6.2;1.6;2;7.4;0.7;88.4;6.6;839.4;;1437.1;;1010.8;0.9;4.2;3.2;15.1;4;14.4;;0;0.3;20;44;;;;31;65;33;0.4;0;53;17.1;9.1
BLA;26.11.2019 00:00;2.4;6.8;-0.3;1.3;7.1;-1.9;80.5;5.8;838.6;;1429;;1009.8;0.9;5;3.2;18;4.7;16.9;;0;0;17;50;;;;40;56;28;0.4;0;45;17.6;9.6
BLA;27.11.2019 00:00;2.1;4.5;0.3;1.4;5;-0.2;89.5;6.4;833;;1375.5;;1003.4;1.1;4.8;4;17.3;4.5;16.2;;9.2;6.6;17;45;;;;35;14;7;0.3;0;53;17.9;9.9
BLA;28.11.2019 00:00;0.7;2.6;-0.1;0.3;2.5;-0.5;96.9;6.2;834.7;;1392.9;;1005.3;0.8;4;2.9;14.4;3.8;13.7;;11.2;11.6;17;28;;;;23;0;0;0.3;0;45;19.3;11.3
BLA;29.11.2019 00:00;-0.1;0.6;-1;-0.2;0.1;-1.1;98.6;6;840.3;;1447.2;;1011.9;0.9;4.4;3.2;15.8;4.2;15.1;;13.1;15.2;31;20;;;;16;0;0;0.3;0;243;20.1;12.1
BLA;30.11.2019 00:00;-4.6;-0.6;-7.3;-5;0;-9.8;92.3;4.1;845.8;;1499.8;;1018.2;1;4.1;3.6;14.8;3.7;13.3;;0;0.1;45;40;;;;13;145;82;0.2;0;45;24.6;16.6
BLA;01.12.2019 00:00;-1.5;0.3;-3.9;-2.1;0;-5.7;93.7;5.2;842.8;;1470.6;;1014.7;0.9;5.7;3.2;20.5;5.4;19.4;;7.6;7.6;39;20;;;;15;0;0;0.3;0;63;21.5;13.5
BLA;02.12.2019 00:00;-4.3;-1.6;-7.3;-5.6;3.3;-9.9;91.4;4.1;845;;1492.3;;1017.3;1;5.6;3.6;20.2;5.4;19.4;;0;0;43;43;;;;21;108;64;0.2;0;50;24.3;16.3
BLA;03.12.2019 00:00;-7.1;-2.1;-9.4;-9.9;0.7;-13.2;83.8;3;848.3;;1523.2;;1021.1;0.8;2.8;2.9;10.1;2.7;9.7;;0;0;39;39;;;;12;169;100;0.3;0;51;27.1;19.1
BLA;04.12.2019 00:00;-2.7;2.7;-6.5;-5.8;3.9;-9.7;72.9;3.6;846.8;;1509.3;;1019.4;1;4.2;3.6;15.1;4;14.4;;0;0;37;38;;;;11;167;100;0.4;0;50;22.7;14.7
BLA;05.12.2019 00:00;-2.5;2.5;-5.1;-5.7;2.4;-8.4;63.2;3.2;849.5;;1534.1;;1022.5;0.9;4.9;3.2;17.6;4.8;17.3;;0;0;35;41;;;;17;165;100;0.4;0;50;22.5;14.5
BLA;06.12.2019 00:00;-2.8;2.5;-5.9;-5.5;2.1;-9.6;63.5;3.2;848.6;;1525.6;;1021.5;0.9;4.4;3.2;15.8;4.1;14.8;;1;0.2;35;35;;;;9;163;100;0.4;0;50;22.8;14.8
BLA;07.12.2019 00:00;-0.6;3.4;-6.3;-2.4;3.7;-8.9;80.3;4.8;847.3;;1512.9;;1019.9;1.1;5.3;4;19.1;5.1;18.4;;0;0.8;35;33;;;;18;111;76;0.3;0;45;20.6;12.6
BLA;08.12.2019 00:00;-2.1;3.8;-7.1;-4.3;3.4;-10.2;69.5;3.7;844.6;;1487.7;;1016.8;1;4.6;3.6;16.6;4.4;15.8;;0.8;0;34;35;;;;20;101;75;0.4;0;40;22.1;14.1
BLA;09.12.2019 00:00;-1.2;1.6;-2.9;-1.4;0.6;-2.2;91;5.1;838.6;;1431.1;;1009.9;1.4;6.5;5;23.4;6.4;23;;17.8;16.1;36;20;;;;16;0;0;0.4;0;37;21.2;13.2
BLA;10.12.2019 00:00;-7.5;-2.6;-11.5;-6.5;-1.8;-14.4;81.3;3;848.6;;1526;;1021.5;1.3;7.9;4.7;28.4;7.8;28.1;;0.3;2.8;78;38;;;;14;149;100;0.3;0;39;27.5;19.5
BLA;11.12.2019 00:00;-2.5;3.8;-9.6;-3.4;3;-12.3;87.1;4.6;840.4;;1448.2;;1011.9;1;8;3.6;28.8;7.3;26.3;;4.4;3.9;66;32;;;;27;0;0;0.3;0;45;22.5;14.5
BLA;12.12.2019 00:00;-5.7;-2.7;-9;-6.5;-1.3;-11.5;77.9;3.2;831.6;;1366.3;;1001.7;1.4;5.8;5;20.9;5.3;19.1;;8.4;0.5;64;37;;;;22;104;80;0.3;0;49;25.7;17.7
BLA;13.12.2019 00:00;-4.6;-1.8;-6.2;-5.2;-4.4;-6.6;89.2;3.9;821.7;;1271;;990.2;1.7;13;6.1;46.8;12.5;45;;27.4;29.1;75;14;;;;8;0;0;0.4;0;135;24.6;16.6
BLA;14.12.2019 00:00;0.8;4.2;-4.7;-1.7;0;-5.2;88.2;5.7;834.3;;1388.5;;1004.8;1.7;6.3;6.1;22.7;6.1;22;;2.2;8.9;88;37;;;;32;0;0;0.3;0;56;19.2;11.2
BLA;15.12.2019 00:00;0.4;4.5;-3.4;-2;2.8;-5.9;79.1;5;840.7;;1450.4;;1012.3;1.1;5.9;4;21.2;5.9;21.2;;0;0;77;47;;;;31;100;79;0.3;0;50;19.6;11.6
BLA;16.12.2019 00:00;0;3.4;-3.6;-1.8;2.9;-6.1;73.7;4.5;842.5;;1467.4;;1014.3;1.2;4.5;4.3;16.2;4.3;15.5;;0;0;73;39;;;;34;0;0;0.4;0;50;20;12
BLA;17.12.2019 00:00;4.9;8.9;1.7;3.7;8.1;0.3;64.3;5.5;842.1;;1462.7;;1013.9;2.1;17.5;7.6;63;16;57.6;;0;0;69;39;;;;34;7;6;0.8;0;79;15.1;7.1
BLA;18.12.2019 00:00;2.6;5;-0.4;1.4;5.3;-2.1;78.5;5.8;847.3;;1512.9;;1019.9;1.1;4.2;4;15.1;4;14.4;;0;0;61;39;;;;33;26;21;0.3;0;45;17.4;9.4
BLA;19.12.2019 00:00;3.9;8.5;-0.9;2.5;7.3;-3;66.4;5.3;843.8;;1479.1;;1015.9;2;15.3;7.2;55.1;12.9;46.4;;0;0;58;38;;;;30;29;23;0.7;0;198;16.1;8.1
BLA;20.12.2019 00:00;3.5;8.2;-1.7;2.4;6.8;-2.9;75;5.6;830.7;;1352;;1000.6;2.1;19.7;7.6;70.9;19.1;68.8;;8.5;8.5;55;16;;;;12;0;0;0.8;0;69;16.5;8.5
BLA;21.12.2019 00:00;-0.5;2.1;-2.3;-1;3.9;-4.1;89.3;5.3;825.7;;1305.6;;994.8;1;6.1;3.6;22;5.8;20.9;;5.8;4.6;55;41;;;;28;97;77;0.2;0;51;20.5;12.5
BLA;22.12.2019 00:00;-1;0.3;-2.5;-1.3;0.2;-3.6;96.9;5.5;825.4;;1303.9;;994.5;1.2;5.3;4.3;19.1;5;18;;15.4;14.7;61;15;;;;10;0;0;0.3;0;207;21;13
BLA;23.12.2019 00:00;-1.1;1.7;-5.7;-2;0.6;-7.8;80.3;4.5;839.9;;1443.1;;1011.3;2.5;22.5;9;81;21.1;76;;2.7;3.9;80;14;;;;9;0;0;0.5;0;124;21.1;13.1
BLA;24.12.2019 00:00;-1;3.2;-3.3;-2.1;0;-4.9;85.5;4.9;846.7;;1507.8;;1019.3;1.6;13.3;5.8;47.9;12.4;44.6;;23.4;24.1;73;17;;;;12;0;0;0.5;0;63;21;13
BLA;25.12.2019 00:00;-2.9;3.9;-7.8;-5.6;3.4;-11.8;64.7;3.2;848.2;;1521.8;;1021;1.6;14.8;5.8;53.3;14.4;51.8;;0;0;88;28;;;;9;131;100;0.6;0;45;22.9;14.9
BLA;26.12.2019 00:00;-4.4;1.7;-10.7;-6.1;3.2;-13.4;75.4;3.5;849.8;;1536.7;;1022.8;1.3;6.7;4.7;24.1;6.4;23;;5.4;0.6;84;41;;;;31;41;32;0.3;0;45;24.4;16.4
BLA;27.12.2019 00:00;-2;2.1;-8.8;-2.8;0.1;-11.2;95.9;5.2;851.4;;1551.5;;1024.7;1.1;7.5;4;27;7.4;26.6;;11.5;16.3;92;33;;;;25;39;30;0.2;0;45;22;14
BLA;28.12.2019 00:00;-7.4;-2.9;-10.3;-10.3;-2.7;-13.7;84;3;856.8;;1601.3;;1031;1.4;5.7;5;20.5;5.2;18.7;;0;0;100;29;;;;10;132;100;0.3;0;54;27.4;19.4
BLA;29.12.2019 00:00;-4.7;0.5;-7.5;-7.6;0.4;-10.8;72;3.1;857.2;;1605.7;;1031.5;1;4.1;3.6;14.8;3.4;12.2;;0;0;95;29;;;;9;134;100;0.4;0;39;24.7;16.7
BLA;30.12.2019 00:00;-2;2.5;-4.3;-4.4;3.4;-7.2;70.1;3.7;857.3;;1607.2;;1031.6;0.7;2.9;2.5;10.4;2.9;10.4;;0;0;91;28;;;;9;136;100;0.4;0;45;22;14
BLA;31.12.2019 00:00;-2.4;2.5;-4.6;-4.8;2.4;-7.4;71.5;3.7;857.3;;1606.5;;1031.5;1;4.4;3.6;15.8;4.2;15.1;;0;0;88;29;;;;19;34;25;0.5;0;45;22.4;14.4
BLA;01.01.2020 00:00;-2.9;1.8;-4.9;-5.3;2;-7.9;58.6;2.9;856.3;;1597.3;;1030.4;0.9;3.6;3.2;13;3.4;12.2;;0;0;85;31;;;;9;140;100;0.5;0;56;22.9;14.9
BLA;02.01.2020 00:00;-3.1;2.2;-6.3;-5.5;1.8;-8.8;60.6;3;854.8;;1583.2;;1028.6;1.3;4.5;4.7;16.2;4.5;16.2;;0;0;84;30;;;;10;149;100;0.6;0;49;23.1;15.1
BLA;03.01.2020 00:00;1;5.4;-2.5;-0.5;7.5;-5.1;64.5;4.2;853.6;;1572.7;;1027.3;1.4;5.3;5;19.1;5.2;18.7;;0;0;82;50;;;;37;98;67;0.5;0;49;19;11
BLA;04.01.2020 00:00;-2.1;1.8;-4.8;-4.1;0.9;-6.9;67.3;3.5;854.6;;1582.1;;1028.5;1.4;7.4;5;26.6;7.1;25.6;;0;0;80;28;;;;17;58;39;0.6;0;49;22.1;14.1
BLA;05.01.2020 00:00;-4.8;-1.6;-7.3;-6.3;-0.5;-9.6;78.9;3.4;855.5;;1589.7;;1029.5;1.2;4.7;4.3;16.9;4.6;16.6;;0;0;79;33;;;;9;160;99;0.3;0;50;24.8;16.8
BLA;06.01.2020 00:00;-3.2;2.7;-5.9;-5.1;3.5;-8;71.5;3.4;854.3;;1578.5;;1028.1;0.9;4.7;3.2;16.9;4.6;16.6;;0;0;79;34;;;;9;163;99;0.4;0;50;23.2;15.2
BLA;07.01.2020 00:00;-1.6;8.1;-6.1;-3.6;7.3;-8.2;63.5;3.2;853.5;;1571.4;;1027.1;1.5;8.5;5.4;30.6;7.9;28.4;;0;0;78;45;;;;28;74;44;0.8;0;50;21.6;13.6
BLA;08.01.2020 00:00;-3.2;2.7;-6.8;-5.5;3.3;-9.1;67.4;3.3;855.7;;1592;;1029.7;0.9;3.3;3.2;11.9;3.1;11.2;;0;0;77;36;;;;12;165;98;0.4;0;45;23.2;15.2
BLA;09.01.2020 00:00;-0.7;5.5;-4;-3.1;7.1;-6.3;74.6;4.3;850.5;;1543.6;;1023.7;0.8;4.1;2.9;14.8;3.9;14;;0;0;77;43;;;;20;140;81;0.4;0;45;20.7;12.7
BLA;10.01.2020 00:00;-2.2;3.2;-6.5;-3.9;6.2;-9;72.9;3.8;849.9;;1537.7;;1023;1;5;3.6;18;4.8;17.3;;0;0;76;50;;;;26;134;76;0.4;0;51;22.2;14.2
BLA;11.01.2020 00:00;-6.3;-1.3;-9.2;-8.9;-0.3;-12.4;67.9;2.6;855.1;;1585.7;;1029;1.1;4.5;4;16.2;4.4;15.8;;0;0;76;40;;;;10;180;97;0.4;0;45;26.3;18.3
BLA;12.01.2020 00:00;-4.4;1.9;-7.2;-7;3.2;-10.6;62.2;2.7;853.3;;1569.3;;1026.9;0.8;3.4;2.9;12.2;3;10.8;;0;0;76;41;;;;11;168;90;0.4;0;39;24.4;16.4
BLA;13.01.2020 00:00;-3.8;2.8;-7.1;-6.5;2.1;-10.4;61.5;2.8;848.4;;1523.9;;1021.2;0.9;3.9;3.2;14;3.6;13;;0;0;76;54;;;;38;105;55;0.4;0;45;23.8;15.8
BLA;14.01.2020 00:00;-2.6;5.1;-7.2;-4.9;7.3;-10.6;61.3;3.1;847.1;;1511.4;;1019.7;1;4.1;3.6;14.8;3.9;14;;0;0;75;46;;;;31;100;51;0.5;0;50;22.6;14.6
BLA;15.01.2020 00:00;-2.3;4.2;-6.6;-4.5;5.1;-9.3;74.5;3.9;849.5;;1534.3;;1022.5;1;4;3.6;14.4;3.6;13;;0;0;75;42;;;;15;189;95;0.5;0;45;22.3;14.3
BLA;16.01.2020 00:00;-3.9;2.3;-6.8;-6.4;3.3;-9.8;67.4;3.1;853.4;;1570.5;;1027.1;1;4.9;3.6;17.6;4.6;16.6;;0;0;75;46;;;;10;198;99;0.5;0;50;23.9;15.9
BLA;17.01.2020 00:00;-2.9;2.2;-7.1;-4.7;1.4;-10.1;73.5;3.7;849;;1529.6;;1021.9;0.9;3.9;3.2;14;3.7;13.3;;2.3;1.6;75;37;;;;32;0;0;0.4;0;45;22.9;14.9
BLA;18.01.2020 00:00;-6.8;-1.6;-13.1;-8.9;-1.8;-16.5;73.1;2.9;850.2;;1540.3;;1023.3;1.1;4.5;4;16.2;4.3;15.5;;0;0.7;79;51;;;;12;203;99;0.3;0;51;26.8;18.8
BLA;19.01.2020 00:00;-11.3;-4.4;-14.1;-13.9;-4.7;-17.3;59.3;1.5;853;;1566;;1026.6;1;4.3;3.6;15.5;4.2;15.1;;0;0;78;53;;;;14;206;100;0.4;0;45;31.3;23.3
BLA;20.01.2020 00:00;-10.4;-3.3;-14.5;-13;-2.4;-18;54.4;1.5;859.7;;1626.4;;1034.4;1.3;5.9;4.7;21.2;5.7;20.5;;0;0;78;53;;;;14;209;99;0.5;0;45;30.4;22.4
BLA;21.01.2020 00:00;-4.1;2.6;-10.6;-6.3;4.8;-13.7;65.5;3;860.7;;1637.8;;1035.6;1.1;4.4;4;15.8;4.3;15.5;;0;0;77;49;;;;21;205;96;0.5;0;45;24.1;16.1
BLA;22.01.2020 00:00;-1.8;4.7;-4.6;-4.2;5.1;-7.8;58.4;3.1;857;;1604.1;;1031.2;1.1;4.8;4;17.3;4.1;14.8;;0;0;77;55;;;;13;223;100;0.6;0;49;21.8;13.8
BLA;23.01.2020 00:00;-1.8;7.3;-5.3;-4.2;8.5;-8.1;60.5;3.3;853.1;;1567.9;;1026.7;0.9;3.3;3.2;11.9;3.2;11.5;;0;0;77;53;;;;25;143;63;0.6;0;50;21.8;13.8
BLA;24.01.2020 00:00;-1.4;4.6;-4.3;-3.4;5.8;-7.4;66.8;3.7;849.6;;1535;;1022.6;1.1;6.1;4;22;5.9;21.2;;0;0;77;53;;;;36;83;37;0.6;0;45;21.4;13.4
BLA;25.01.2020 00:00;-3.1;2.2;-6.2;-5.1;3.7;-8.5;70.7;3.4;847.6;;1516.3;;1020.3;0.9;3.3;3.2;11.9;3.1;11.2;;0;0;76;54;;;;26;144;63;0.5;0;50;23.1;15.1
BLA;26.01.2020 00:00;-3;2.5;-7.2;-4.5;2.5;-9.9;75.1;3.7;846.1;;1501.9;;1018.5;1;5.6;3.6;20.2;5.4;19.4;;0;0;76;38;;;;32;0;0;0.5;0;45;23;15
BLA;27.01.2020 00:00;-1.8;3;-5.8;-2.9;2.9;-8.2;77.9;4.2;842.8;;1471.2;;1014.8;0.8;3.6;2.9;13;3.4;12.2;;10.8;4;76;47;;;;41;0;0;0.4;0;37;21.8;13.8
BLA;28.01.2020 00:00;-1.9;1.8;-4.3;-2.3;-0.9;-4.3;88.2;4.7;835.9;;1405.8;;1006.7;2.2;19.7;7.9;70.9;19.2;69.1;;13.3;17.1;94;15;;;;10;0;0;0.5;0;209;21.9;13.9
BLA;29.01.2020 00:00;-2.8;-1.7;-6.4;-3.5;-1.5;-9.6;92.8;4.6;841;;1453.8;;1012.6;1.5;9.6;5.4;34.6;9.1;32.8;;6.3;9.3;101;20;;;;14;0;0;0.3;0;0;22.8;14.8
BLA;30.01.2020 00:00;-1.4;3.6;-6.4;-3;5.7;-9.7;82.1;4.6;845.5;;1496.8;;1017.9;1.2;7.2;4.3;25.9;6.8;24.5;;6.5;6.1;105;65;;;;37;125;48;0.4;0;45;21.4;13.4
BLA;31.01.2020 00:00;1.7;5.6;-1.7;1;8.2;-3.4;95.9;6.6;846.8;;1508.7;;1019.4;1;4;3.6;14.4;3.6;13;;0;0.4;99;71;;;;34;152;57;0.4;0;53;18.3;10.3
BLA;01.02.2020 00:00;1.2;5.5;-3;-0.1;5.4;-5.2;85.1;5.7;845.5;;1496.3;;1017.9;1.2;4.8;4.3;17.3;4.7;16.9;;1.4;1.4;92;40;;;;35;0;0;0.5;0;45;18.8;10.8
BLA;02.02.2020 00:00;2;3.4;1.3;1.2;1.9;0.5;94.9;6.7;849.4;;1532.7;;1022.3;1.4;6.1;5;22;5.8;20.9;;40.6;38.6;89;15;;;;10;0;0;0.4;0;45;18;10
BLA;03.02.2020 00:00;3.2;8.4;1.9;2.1;7.3;1.3;90.1;6.9;850.3;;1542;;1023.5;1.7;12;6.1;43.2;11.4;41;;8.7;4.7;82;11;;;;7;0;0;0.7;0;63;16.8;8.8
BLA;04.02.2020 00:00;-1.2;8.4;-5.7;-1.7;7.4;-5.8;68.4;3.9;842.2;;1465.1;;1014;4.2;25.4;15.1;91.4;24.8;89.3;;13.3;14.8;77;24;;;;19;0;0;1.5;0;162;21.2;13.2
BLA;05.02.2020 00:00;-4.9;-1.1;-10.3;-5.7;0.5;-12.8;68.4;2.9;852.3;;1560.2;;1025.8;2.3;18.9;8.3;68;16.4;59;;0.8;5.3;92;92;;;;27;273;97;0.6;0;72;24.9;16.9
BLA;06.02.2020 00:00;-4.7;2;-10;-6.6;3.6;-12.9;65.6;2.8;852.9;;1565.3;;1026.4;0.9;4.5;3.2;16.2;4.4;15.8;;0;0;84;96;;;;34;277;98;0.5;0;45;24.7;16.7
BLA;07.02.2020 00:00;-3.5;5.4;-7.9;-6.3;6.7;-11.2;60.6;2.8;851;;1547.6;;1024.2;0.8;3.3;2.9;11.9;3.1;11.2;;0;0;83;83;;;;14;283;98;0.7;0;45;23.5;15.5
BLA;08.02.2020 00:00;-2;6.2;-6;-4.4;7.6;-9;56.7;2.9;850.8;;1546.1;;1024;0.9;3.4;3.2;12.2;3.3;11.9;;0;0;82;88;;;;51;197;67;0.7;0;51;22;14
BLA;09.02.2020 00:00;-1.2;5.6;-6.9;-3.3;6.1;-10.1;57.1;3.2;850.4;;1542.1;;1023.5;1.1;5.4;4;19.4;5.2;18.7;;3.1;0;81;78;;;;28;190;65;0.8;0;50;21.2;13.2
BLA;10.02.2020 00:00;4.9;7.1;1.5;3.4;6.3;0.8;63.9;5.4;842.6;;1467.1;;1014.5;3.8;32;13.7;115.2;29.6;106.6;;3.6;5.9;79;45;;;;40;0;0;1.3;0;219;15.1;7.1
BLA;11.02.2020 00:00;0.1;3.8;-2.7;-0.5;2;-3.5;71.4;4.3;842.6;;1468.6;;1014.5;3.6;28.7;13;103.3;27.7;99.7;;1.3;1.9;75;33;;;;29;0;0;1;0;211;19.9;11.9
BLA;12.02.2020 00:00;-3.8;-1;-8.3;-4.5;0.3;-10.8;68.5;3.2;847.1;;1511.4;;1019.7;1.4;5.4;5;19.4;5.1;18.4;;0;0.2;77;66;;;;60;16;5;0.5;0;360;23.8;15.8
BLA;13.02.2020 00:00;-3.1;4.4;-9.1;-4.1;5.3;-11.7;74.7;3.7;842.7;;1470;;1014.6;1.4;5.7;5;20.5;5.6;20.2;;16.4;14.2;76;48;;;;44;0;0;0.7;0;360;23.1;15.1
BLA;14.02.2020 00:00;-2;3.3;-7.4;-3.9;0;-10.1;80.5;4.3;848.5;;1524.7;;1021.4;1.4;8.4;5;30.2;7.7;27.7;;0.1;2.3;99;99;;;;18;318;99;0.6;0;56;22;14
BLA;15.02.2020 00:00;-0.8;7.5;-7.3;-5.9;0.8;-10.7;61;3.5;851.7;;1554.9;;1025.1;0.9;6.2;3.2;22.3;5.8;20.9;;0;0;95;107;;;;31;319;98;0.8;0;45;20.8;12.8
BLA;16.02.2020 00:00;3.3;9.1;-2.3;-0.9;6.1;-7.6;59.1;4.6;850.9;;1547.8;;1024.2;1.2;4.6;4.3;16.6;4.3;15.5;;0;0;91;78;;;;64;89;27;1;0;45;16.7;8.7
BLA;17.02.2020 00:00;3.8;8.4;0.2;1.7;7.6;-2.4;70.6;5.5;848.7;;1526.2;;1021.6;1.4;5.2;5;18.7;5.1;18.4;;0.9;0.9;87;73;;;;64;2;1;0.9;0;51;16.2;8.2
BLA;18.02.2020 00:00;-2.6;2.5;-8;-4.6;4.7;-11.6;63.4;3.2;852.4;;1561.3;;1025.9;1.2;4.7;4.3;16.9;4.6;16.6;;0;0;84;109;;;;17;329;99;0.8;0;54;22.6;14.6
BLA;19.02.2020 00:00;-3.7;-0.3;-8.2;-4.6;0.1;-11.1;79.6;3.8;850;;1538.5;;1023;1.5;8.4;5.4;30.2;7.6;27.4;;2.1;2.1;83;46;;;;41;0;0;0.5;0;270;23.7;15.7
BLA;20.02.2020 00:00;-0.4;7.1;-5.7;-2.2;8.6;-8.5;57.7;3.3;849.6;;1535;;1022.6;1.4;5.2;5;18.7;5.1;18.4;;0;0;86;122;;;;32;330;98;1.1;0;45;20.4;12.4
BLA;21.02.2020 00:00;-0.1;7.2;-4.5;-2.2;8.9;-7.9;59.9;3.5;852.8;;1565.5;;1026.4;1.3;4.7;4.7;16.9;4.5;16.2;;0;0;83;118;;;;32;315;92;1.1;0;49;20.1;12.1
BLA;22.02.2020 00:00;1;10.2;-4.9;-1.2;10.4;-8.1;62.6;4;856.9;;1604.1;;1031.1;1.1;5.3;4;19.1;5;18;;0;0;83;117;;;;19;341;98;1.1;0;45;19;11
BLA;23.02.2020 00:00;5.2;12.1;0.6;3.4;13.1;-2.8;64.2;5.7;855.8;;1594.2;;1029.8;1.4;6.3;5;22.7;6;21.6;;0;0;81;92;;;;77;44;13;1.2;0;49;14.8;6.8
BLA;24.02.2020 00:00;3.7;11.1;-0.2;1.6;11.7;-3.1;55.5;4.3;849.9;;1538.2;;1023;1.4;5.8;5;20.9;5.3;19.1;;0;0;76;120;;;;17;348;99;1.4;0;49;16.3;8.3
BLA;25.02.2020 00:00;1.7;7.4;-1.4;0.1;7.3;-4.5;58.2;3.9;837.7;;1421.4;;1008.8;2.1;12.9;7.6;46.4;12.3;44.3;;3.2;0.7;74;61;;;;56;0;0;1.3;0;90;18.3;10.3
BLA;26.02.2020 00:00;-4.7;-1.4;-6.9;-5;-1.6;-7.1;76.2;3.3;832.7;;1376.4;;1003;2.7;19.5;9.7;70.2;17.8;64.1;;6.3;8.5;75;40;;;;33;1;0;0.7;0;198;24.7;16.7
BLA;27.02.2020 00:00;-5;0.6;-7.8;-5.6;-3.5;-9.6;78.9;3.3;835.3;;1401.5;;1006;2.4;22.9;8.6;82.4;22.3;80.3;;13.9;14.2;81;29;;;;23;8;2;0.7;0;180;25;17
BLA;28.02.2020 00:00;-2.8;3.1;-11.7;-3.3;-1.8;-5.2;51.9;2.6;844.2;;1484.6;;1016.4;1.9;14.3;6.8;51.5;13.6;49;;0.5;0;91;116;;;;41;181;50;1;0;39;22.8;14.8
BLA;29.02.2020 00:00;0.1;3.6;-2.6;-0.8;0.4;-2.2;76.8;4.6;837.7;;1421.4;;1008.8;1.5;6.2;5.4;22.3;5.9;21.2;;7.5;6.5;89;125;;;;89;107;29;1;0;219;19.9;11.9
BLA;01.03.2020 00:00;-0.1;4.5;-3;-0.1;0.6;-0.5;82.9;4.9;832.9;;1375.2;;1003.2;1.4;8.7;5;31.3;8.3;29.9;;2.4;3.9;94;136;;;;53;236;63;1;0;90;20.1;12.1
BLA;02.03.2020 00:00;-1.3;1.7;-4.8;-1;2.3;-3;81.3;4.5;825.1;;1300.6;;994.1;1.4;4.8;5;17.3;4.6;16.6;;10;7.6;89;50;;;;45;0;0;0.6;0;180;21.3;13.3
BLA;03.03.2020 00:00;-4.2;-0.7;-8.9;-4.8;6.3;-13.7;69.7;3.1;832.1;;1370;;1002.2;1.6;6.8;5.8;24.5;6.5;23.4;;0.2;2.6;105;164;;;;68;341;89;0.9;0;49;24.2;16.2
BLA;04.03.2020 00:00;-3.6;0.3;-8.4;-5.1;3.7;-13.2;59.1;2.7;839.4;;1439.1;;1010.7;1.3;6.4;4.7;23;6;21.6;;1.4;0;96;124;;;;55;178;46;0.9;0;58;23.6;15.6
BLA;05.03.2020 00:00;-1.9;-0.8;-3.3;-1.2;0;-3.8;94.2;5;832.1;;1369.1;;1002.3;0.9;4.4;3.2;15.8;4.2;15.1;;27;26.6;97;38;;;;33;0;0;0.5;0;225;21.9;13.9
BLA;06.03.2020 00:00;-2.3;0.6;-5.3;-0.3;0;-0.8;78.8;4.1;831.2;;1360.4;;1001.2;1.1;5;4;18;4.8;17.3;;0.6;2.4;132;106;;;;95;12;3;0.8;0;180;22.3;14.3
BLA;07.03.2020 00:00;-3.8;1.1;-10.2;-0.6;0.1;-1.5;69.7;3.1;843.3;;1476.6;;1015.4;1.3;6.3;4.7;22.7;6.1;22;;0.2;0.2;123;176;;;;48;376;95;1;0;117;23.8;15.8
BLA;08.03.2020 00:00;-3.7;4.5;-11.1;-2.3;8.1;-9;61.6;2.9;845.8;;1499.8;;1018.2;0.9;3.3;3.2;11.9;3.2;11.5;;0.6;0;117;123;;;;80;188;47;1;0;56;23.7;15.7
BLA;09.03.2020 00:00;-1.8;2;-8.7;-2.8;4.9;-12.4;76.4;4.1;842.9;;1472.2;;1014.9;1.4;7;5;25.2;6.7;24.1;;0.2;0.8;116;105;;;;90;33;8;0.8;0;45;21.8;13.8
BLA;10.03.2020 00:00;-1.7;2.3;-8.6;-2.8;0.2;-12.5;90.2;5.1;847.6;;1516.8;;1020.3;1.1;5.9;4;21.2;5.6;20.2;;49.6;49.3;113;20;;;;15;0;0;0.4;0;45;21.7;13.7
BLA;11.03.2020 00:00;3.1;9.4;-1.3;1.4;10;-4.1;86.4;6.6;849.8;;1536.9;;1022.9;1.1;4.2;4;15.1;4.1;14.8;;0;0.3;125;165;;;;27;409;100;1.4;0;63;16.9;8.9
BLA;12.03.2020 00:00;4.4;12.1;-0.1;2.1;12.4;-4.4;67.7;5.6;847.4;;1513.8;;1020.1;1.4;6.6;5;23.8;6.5;23.4;;3.7;3.3;115;126;;;;79;126;30;1.6;0;49;15.6;7.6
BLA;13.03.2020 00:00;2.1;5.4;-0.5;1.9;8.9;-2.1;88.5;6.3;845.9;;1500;;1018.4;1.4;5.5;5;19.8;5.4;19.4;;0;0.4;107;176;;;;36;421;100;1.3;0;0;17.9;9.9
BLA;14.03.2020 00:00;0.7;4.8;-3;0.4;6.9;-5.4;70.1;4.5;845.7;;1498.2;;1018.1;1.5;8.8;5.4;31.7;8;28.8;;0;0;101;124;;;;105;68;16;1.2;0;45;19.3;11.3
BLA;15.03.2020 00:00;-0.5;7.9;-6.1;-2.1;10.6;-8.5;64.2;3.6;846.3;;1503.6;;1018.8;1;4.5;3.6;16.2;4.4;15.8;;0;0;99;178;;;;24;427;100;1.5;0;56;20.5;12.5
BLA;16.03.2020 00:00;0.8;8.4;-5.2;-1.3;9.1;-8.8;64.4;4;849.8;;1537.5;;1022.9;1;5;3.6;18;4.8;17.3;;0;0;97;177;;;;29;431;100;1.5;0;60;19.2;11.2
BLA;17.03.2020 00:00;2.9;10.3;-2.5;1.1;12.6;-5.5;61.6;4.5;856.1;;1596.7;;1030.2;0.9;4.3;3.2;15.5;4.2;15.1;;0;0;95;179;;;;32;432;100;1.7;0;53;17.1;9.1
BLA;18.03.2020 00:00;3.6;10.5;-1.3;1.8;10.6;-3.9;64.5;4.9;854.8;;1584.9;;1028.7;1.3;5;4.7;18;4.9;17.6;;0;0;92;182;;;;26;436;100;1.8;0;52;16.4;8.4
BLA;19.03.2020 00:00;3.7;10;-0.9;2.2;10.6;-3.2;63.6;4.9;852;;1557.7;;1025.4;1.3;5.2;4.7;18.7;5;18;;0;0;89;186;;;;27;439;99;1.8;0;59;16.3;8.3
BLA;20.03.2020 00:00;2.5;7.9;-1;0.9;9.2;-3.5;70.3;5.1;848.8;;1527.7;;1021.7;1.1;6;4;21.6;5.7;20.5;;0.2;0.2;85;102;;;;69;91;20;1.3;0;53;17.5;9.5
BLA;21.03.2020 00:00;2.5;8.7;-2.4;1.4;11.2;-4.6;63.7;4.5;843.6;;1477.9;;1015.7;1.3;5.6;4.7;20.2;5.2;18.7;;0;0;84;192;;;;45;449;100;1.8;0;52;17.5;9.5
BLA;22.03.2020 00:00;2.9;9;-2.1;2;12.1;-5.3;69.8;5.2;844.4;;1484.8;;1016.5;1.1;5.8;4;20.9;5.6;20.2;;0;0;81;179;;;;62;333;73;1.7;0;56;17.1;9.1
BLA;23.03.2020 00:00;-0.3;7.7;-5.6;-1.8;10.7;-8.7;63.9;3.7;847.5;;1515.4;;1020.2;1;4.5;3.6;16.2;4.3;15.5;;0;0;79;211;;;;29;463;100;1.8;0;45;20.3;12.3
BLA;24.03.2020 00:00;-2.7;2.7;-7.2;-3.9;6.1;-10.8;56;2.7;846;;1501.3;;1018.4;1.7;11.5;6.1;41.4;11.1;40;;0;0;77;178;;;;80;300;64;1.5;0;51;22.7;14.7
BLA;25.03.2020 00:00;-4.2;1.6;-8.9;-5.7;5.4;-12.3;56.7;2.5;841;;1454.8;;1012.7;1.6;6.5;5.8;23.4;6.2;22.3;;0;0;76;176;;;;58;277;57;1.4;0;194;24.2;16.2
BLA;26.03.2020 00:00;-2.3;5.4;-10.1;-3.8;7.5;-13.3;62.3;3.3;838;;1425.9;;1009.2;1.4;8.3;5;29.9;8.2;29.5;;0;0;76;133;;;;72;159;32;1.3;0;180;22.3;14.3
BLA;27.03.2020 00:00;3.4;9.3;-1;2.7;11.3;-2.7;68.5;5.2;841;;1452.5;;1012.7;1.3;5.3;4.7;19.1;5.1;18.4;;0;0;75;183;;;;81;321;63;1.9;0;135;16.6;8.6
BLA;28.03.2020 00:00;3.9;9;-0.6;3.3;11.6;-2.5;66.4;5.1;843.5;;1476;;1015.5;1.1;6.2;4;22.3;5.9;21.2;;0;0;72;211;;;;69;349;68;2;0;45;16.1;8.1
BLA;29.03.2020 00:00;2.7;5.9;-0.8;2.3;8.3;-1.3;74.4;5.4;841.8;;1459.9;;1013.5;1.4;5.8;5;20.9;5.5;19.8;;2.8;0.1;69;127;;;;111;37;7;1.4;0;45;17.3;9.3
BLA;30.03.2020 00:00;-0.7;2.1;-2.2;0.1;6;-2;96.1;5.6;841.7;;1460.6;;1013.5;1.4;5.7;5;20.5;5.4;19.4;;0;2.7;72;138;;;;111;67;13;1.1;0;231;20.7;12.7
BLA;31.03.2020 00:00;-0.7;5.4;-4.9;-0.8;7.8;-7.2;70.6;4;844;;1482.1;;1016.1;1.7;12.3;6.1;44.3;11.9;42.8;;0;0;68;250;;;;48;515;98;2;0;214;20.7;12.7
BLA;01.04.2020 00:00;-0.3;7.3;-6.8;-1;10.1;-9.2;50.9;2.8;842.8;;1471;;1014.8;1.2;5;4.3;18;4.8;17.3;;0;0;65;246;;;;28;527;99;2.1;0;45;20.3;12.3
BLA;02.04.2020 00:00;1.2;7.3;-5.1;0.7;10.7;-7.3;53.9;3.4;839.8;;1441.2;;1011.2;1.3;9.2;4.7;33.1;8.7;31.3;;0;0;61;251;;;;41;475;88;2.2;0;49;18.8;10.8
BLA;03.04.2020 00:00;0.9;6.9;-4;0.5;10.3;-6.5;57.5;3.6;842.4;;1466.6;;1014.3;1.4;7.4;5;26.6;7.3;26.3;;0;0;54;249;;;;33;540;99;2.2;0;42;19.1;11.1
BLA;04.04.2020 00:00;2;9;-4.1;1.3;11.8;-6.6;49;3.2;847.8;;1518.1;;1020.6;1.5;5.6;5.4;20.2;5.5;19.8;;0;0;48;259;;;;29;549;99;2.4;0;48;18;10
BLA;05.04.2020 00:00;3.9;12;-2.5;2.5;13.2;-5;44.6;3.3;849.5;;1533.6;;1022.5;1.5;6.1;5.4;22;6;21.6;;0;0;43;263;;;;29;555;100;2.8;0;55;16.1;8.1
BLA;06.04.2020 00:00;3.9;10.9;-2;2.6;12;-5.1;44.4;3.4;852.7;;1564.8;;1026.2;1.5;6.1;5.4;22;5.9;21.2;;0;0;37;266;;;;33;557;99;2.7;0;51;16.1;8.1
BLA;07.04.2020 00:00;5;12.9;-0.7;3.7;13.8;-3.3;47.1;3.8;855.4;;1590.8;;1029.4;1.4;5.6;5;20.2;5.3;19.1;;0;0;30;267;;;;30;558;99;2.9;0;51;15;7
BLA;08.04.2020 00:00;5;11.9;-1.2;3.8;13.9;-3.9;44.4;3.6;853.9;;1575.7;;1027.6;1.3;5.4;4.7;19.4;5;18;;0;0;20;267;;;;31;559;99;2.8;0;55;15;7
BLA;09.04.2020 00:00;5.4;11.9;-0.2;4.6;14.1;-2.5;53.6;4.5;851.9;;1557;;1025.3;1.4;6;5;21.6;5.8;20.9;;0;0;13;264;;;;33;560;99;2.8;0;48;14.6;6.6
BLA;10.04.2020 00:00;6.1;13;0.8;5.2;15.8;-1.5;49.7;4.4;852;;1558.3;;1025.4;1.4;5.5;5;19.8;5.3;19.1;;0;0;5;269;;;;33;572;100;2.9;0;51;13.9;5.9
BLA;11.04.2020 00:00;6.1;13;0.3;5.3;16.1;-1.7;49.4;4.3;851.7;;1555;;1025;1.3;5.7;4.7;20.5;5.5;19.8;;0;0;0;274;;;;33;576;99;3;0;52;13.9;5.9
BLA;12.04.2020 00:00;6.4;12.8;1.1;4.7;14.4;-0.8;51.8;4.7;848.1;;1520.3;;1020.9;1.3;5.6;4.7;20.2;5.4;19.4;;0;0;0;242;;;;81;413;71;2.8;0;56;13.6;5.6
BLA;13.04.2020 00:00;6.2;12;1;4.9;13.7;-2;53.6;4.8;843.8;;1478.7;;1015.9;1.6;10.7;5.8;38.5;10.2;36.7;;0;0;0;240;;;;85;420;72;2.8;0;48;13.8;5.8
BLA;14.04.2020 00:00;5.1;10.3;-0.6;4.5;13.4;-3.2;42.8;3.3;844.2;;1483.2;;1016.4;2.3;14.8;8.3;53.3;13.6;49;;0;0;0;295;;;;33;585;99;3.2;0;25;14.9;6.9
BLA;15.04.2020 00:00;6;14.3;-1.8;5.4;17.8;-4.2;43.3;3.7;849.1;;1530.4;;1022.1;1.4;5.9;5;21.2;5.7;20.5;;0;0;0;288;;;;33;586;100;3.2;0;53;14;6
BLA;16.04.2020 00:00;7.5;14.7;1.1;7.1;19.4;-1.3;43.4;4.1;848.6;;1525.3;;1021.5;1.5;5.9;5.4;21.2;5.6;20.2;;0;0;0;257;;;;81;563;96;3.2;0;51;12.5;4.5
BLA;17.04.2020 00:00;8.2;15.8;1.5;8.2;21.1;-0.7;50.4;5.1;847;;1509.7;;1019.6;1.4;6.8;5;24.5;6.6;23.8;;0;0;0;257;;;;75;438;74;3.2;0;53;11.8;3.8
BLA;18.04.2020 00:00;9;16.4;3;9.2;22.5;0.9;55;5.9;846.8;;1508;;1019.4;1.4;9.1;5;32.8;8.5;30.6;;0;0;0;237;;;;84;405;68;3.1;0;51;11;3
BLA;19.04.2020 00:00;8.7;15.5;3.2;9.5;22.6;1.3;64.2;6.9;843.5;;1474.9;;1015.5;1.4;7.5;5;27;7.3;26.3;;0;0;0;160;;;;135;28;5;2.4;0;58;11.3;3.3
BLA;20.04.2020 00:00;9.7;15.6;4.9;11.4;26.4;3.3;60.1;6.9;840;;1440.2;;1011.5;1.6;12.4;5.8;44.6;12.1;43.6;;0;0;0;207;;;;133;198;33;2.9;0;51;10.3;2.3
BLA;21.04.2020 00:00;9;14.2;5.3;9.6;18;3.7;62.4;7;840.3;;1443.6;;1011.8;1.3;6.1;4.7;22;5.9;21.2;;0;0;0;119;;;;111;0;0;2.1;0;90;11;3
BLA;22.04.2020 00:00;7.7;15.1;1.1;9.2;26;-2;50.3;4.7;844.4;;1483.9;;1016.5;1.6;8.2;5.8;29.5;8;28.8;;0;0;0;305;;;;35;610;100;3.6;0;49;12.3;4.3
BLA;23.04.2020 00:00;8.2;15.6;0.8;9.3;27.3;-3.4;48.4;4.9;847.2;;1511.3;;1019.8;1.5;8.5;5.4;30.6;8.4;30.2;;0;0;0;293;;;;39;590;96;3.5;0;32;11.8;3.8
BLA;24.04.2020 00:00;8.7;14;2.3;9.1;25.3;-1.7;52.7;5.6;845.3;;1492.9;;1017.6;1.5;7.6;5.4;27.4;7.6;27.4;;0;0;0;212;;;;81;310;50;2.8;0;45;11.3;3.3
BLA;25.04.2020 00:00;9.1;14.8;5.4;10;25.4;3;60.5;6.9;841.1;;1451.4;;1012.7;1.4;9.4;5;33.8;8.6;31;;0.3;0.1;0;160;;;;115;98;16;2.5;0;34;10.9;2.9
BLA;26.04.2020 00:00;7.7;13.4;4.9;9.2;26;4;79.9;8.2;840.6;;1447.3;;1012.2;1.5;7.8;5.4;28.1;7.5;27;;6.6;4.9;0;165;;;;101;171;27;2.3;0;117;12.3;4.3
BLA;27.04.2020 00:00;8.9;15.2;2.3;12.1;27.5;-0.4;64.9;6.8;841.2;;1452.1;;1012.8;1.4;6.7;5;24.1;6.3;22.7;;4.3;1.9;0;320;;;;65;576;92;3.6;0;217;11.1;3.1
BLA;28.04.2020 00:00;6.1;9.2;2.4;7.4;14;2.8;88.8;8.3;839;;1431.6;;1010.3;1.4;7.7;5;27.7;7.2;25.9;;16;17.5;0;95;;;;91;0;0;1.3;0;207;13.9;5.9
BLA;29.04.2020 00:00;5.4;10.1;2.2;8.6;24.6;-0.6;70;6.1;840.4;;1446;;1012;1.8;7.5;6.5;27;7.3;26.3;;0;2.8;0;292;;;;142;320;49;3.1;0;225;14.6;6.6
BLA;30.04.2020 00:00;4.8;8.5;1.2;5.6;14.9;-1.3;81.5;6.9;839.5;;1437.1;;1010.9;1.3;5.6;4.7;20.2;5.5;19.8;;8.2;8.2;0;81;;;;75;1;0;1.3;0;45;15.2;7.2
BLA;01.05.2020 00:00;3.2;6.2;0.1;4;9.1;-1.5;89.9;6.9;838.7;;1430.3;;1010;1.4;6.4;5;23;6;21.6;;13.2;8.3;0;60;;;;56;0;0;0.9;0;34;16.8;8.8
BLA;02.05.2020 00:00;4.1;7.1;0.6;5.2;12.9;0;89.5;7.3;842;;1461.9;;1013.8;1.4;8.9;5;32;7.9;28.4;;5.1;10;0;86;;;;80;2;0;1.1;0;207;15.9;7.9
BLA;03.05.2020 00:00;6.4;12.6;2.1;9.6;30.2;-0.7;72.3;6.6;846.6;;1505.9;;1019.1;1.6;9.3;5.8;33.5;8.8;31.7;;0;0;0;283;;;;116;390;58;3.2;0;59;13.6;5.6
BLA;04.05.2020 00:00;9.6;17.2;1.8;11.6;30;-1.7;53;5.8;847.1;;1510.7;;1019.8;1.6;9.3;5.8;33.5;8.6;31;;6;0;0;330;;;;37;677;100;4;0;53;10.4;2.4
BLA;05.05.2020 00:00;8.1;12;5.5;7.8;15.6;1.3;84.3;9.2;846;;1500.3;;1018.5;1.6;8.5;5.8;30.6;8.1;29.2;;4.8;10.8;0;47;;;;41;2;0;1.2;0;45;11.9;3.9
BLA;06.05.2020 00:00;8.1;14.5;2;9.6;32.4;-1.9;63.6;6.6;847.6;;1515;;1020.3;2.1;10.3;7.6;37.1;9.6;34.6;;0;0;0;281;;;;97;434;63;3.4;0;31;11.9;3.9
BLA;07.05.2020 00:00;9.7;18.3;0.7;11.4;29.3;-3;57.2;6.6;851.1;;1549.5;;1024.3;1.5;7.4;5.4;26.6;7;25.2;;0;0;0;341;;;;36;697;100;4.1;0;225;10.3;2.3
BLA;08.05.2020 00:00;12.1;19.6;4.7;13.5;30.5;0.5;55.5;7.3;849;;1528.6;;1021.9;1.5;6.5;5.4;23.4;6.4;23;;0;0;0;310;;;;90;638;91;4.2;0;236;0;0
BLA;09.05.2020 00:00;13.2;20;6.1;15.5;31.5;3.4;59.3;8.4;844.7;;1486.2;;1017;1.5;7.2;5.4;25.9;7;25.2;;3.8;0;0;296;;;;94;517;73;4.1;0;207;0;0
BLA;10.05.2020 00:00;11.4;16.8;7.8;15.1;28.8;7.8;74.4;9.7;840;;1440;;1011.5;1.8;8.1;6.5;29.2;7.8;28.1;;3.6;3.8;0;304;;;;93;457;65;3.9;0;214;8.6;0.6
BLA;11.05.2020 00:00;8.1;13;6;10.5;25.3;6.5;85.6;9.1;833.9;;1380.6;;1004.4;1.5;8.4;5.4;30.2;8.3;29.9;;2.1;5.6;0;154;;;;118;73;10;2.2;0;191;11.9;3.9
BLA;12.05.2020 00:00;7.1;12.2;2.9;11.3;27.2;5;91.3;9.2;840.1;;1442.3;;1011.6;1.5;7.8;5.4;28.1;7.4;26.6;;1.2;0.1;0;270;;;;104;325;46;2.9;0;225;12.9;4.9
BLA;13.05.2020 00:00;8.7;13.1;5.1;9.7;22.3;4;83.9;9.3;838.8;;1428.8;;1010.1;1.3;6;4.7;21.6;5.7;20.5;;1.6;2.8;0;101;;;;82;32;4;1.7;0;117;11.3;3.3
BLA;14.05.2020 00:00;9.5;15.2;5.3;12.2;27.3;4.3;79.6;9.2;838.5;;1425.6;;1009.7;1.7;7;6.1;25.2;6.8;24.5;;0;0;0;252;;;;132;319;45;3.2;0;217;10.5;2.5
BLA;15.05.2020 00:00;7.1;11.4;5.3;11.2;27.3;6.4;94.7;9.5;842.2;;1462.7;;1014;1.8;8.1;6.5;29.2;7.8;28.1;;1.1;0;0;209;;;;125;223;31;2.4;0;222;12.9;4.9
BLA;16.05.2020 00:00;8.7;15.7;4.2;11.3;30.3;2.9;87.8;9.7;847.5;;1514.8;;1020.2;1.5;6.7;5.4;24.1;6.6;23.8;;6.4;7.5;0;192;;;;126;130;18;2.6;0;207;11.3;3.3
BLA;17.05.2020 00:00;9.6;17.3;2.5;13;30;0.8;75;8.6;848.7;;1526.3;;1021.6;1.6;7.4;5.8;26.6;7.2;25.9;;0;0;0;365;;;;66;712;99;4.3;0;219;10.4;2.4
BLA;18.05.2020 00:00;11.1;18.7;3.8;13.8;34.7;1.5;65.6;8.2;850.9;;1547.5;;1024.1;1.8;10.4;6.5;37.4;10.2;36.7;;0;0;0;337;;;;62;670;93;4.3;0;45;8.9;0.9
BLA;19.05.2020 00:00;12.3;18.4;4.1;15;35;1.3;55.4;7.5;848.4;;1523;;1021.2;2.2;14.2;7.9;51.1;13.6;49;;0;0;0;341;;;;61;647;90;4.5;0;32;0;0
BLA;20.05.2020 00:00;11.9;18.5;4.4;15;35.5;2.1;57.4;7.6;848.3;;1521.8;;1021.1;1.9;11.5;6.8;41.4;10.9;39.2;;0;0;0;349;;;;42;719;100;4.5;0;21;8.1;0.1
BLA;21.05.2020 00:00;12;19.5;4.2;14.6;35.9;0.9;55.7;7.3;851.2;;1550.7;;1024.5;1.8;10.5;6.5;37.8;10;36;;0;0;0;355;;;;46;698;97;4.7;0;34;8;0
BLA;22.05.2020 00:00;13.5;20.9;4.2;14.3;33.3;0.1;47.4;6.8;854.8;;1586;;1028.6;1.6;11.3;5.8;40.7;10.9;39.2;;0;0;0;308;;;;120;619;86;4.4;0;194;0;0
BLA;23.05.2020 00:00;11.3;20.5;2.8;11.9;29.9;1.8;72.8;9.3;855;;1587.8;;1028.9;1.7;10.1;6.1;36.4;9.6;34.6;;10.1;10.1;0;158;;;;87;189;26;2.8;0;180;8.7;0.7
BLA;24.05.2020 00:00;6.6;13.9;0;10.7;30.3;-0.6;69.3;6.4;857;;1605.8;;1031.2;2;10.8;7.2;38.9;10.5;37.8;;0;0;0;357;;;;62;720;99;3.9;0;34;13.4;5.4
BLA;25.05.2020 00:00;8.8;16.5;1;12.3;34.2;-0.7;60.8;6.4;856.9;;1606.1;;1031.2;1.7;12.5;6.1;45;11.5;41.4;;0;0;0;357;;;;42;704;97;4.2;0;27;11.2;3.2
BLA;26.05.2020 00:00;9.4;17.7;1.9;11.9;31.2;-1;56.4;6.1;857;;1606.5;;1031.2;1.9;14.7;6.8;52.9;14.4;51.8;;0;0;0;349;;;;60;689;95;4.5;0;39;10.6;2.6
BLA;27.05.2020 00:00;10.1;17.1;2.1;12.9;34.5;-1.3;53.7;6.2;857.1;;1607.6;;1031.3;2.1;12.5;7.6;45;11.7;42.1;;0;0;0;363;;;;40;723;100;4.5;0;49;9.9;1.9
BLA;28.05.2020 00:00;9.2;15.4;2.4;9.2;27.1;-1.5;55.4;6.1;854.2;;1579.3;;1027.9;1.5;14.1;5.4;50.8;13.4;48.2;;0;0;0;206;;;;107;310;43;3;0;63;10.8;2.8
BLA;29.05.2020 00:00;9.5;16.8;1.2;12.5;33.2;-2.3;55.7;6.1;848.3;;1522.4;;1021.2;1.7;11.5;6.1;41.4;11;39.6;;0;0;0;362;;;;55;704;97;4.4;0;27;10.5;2.5
BLA;30.05.2020 00:00;8.6;14.6;2.8;10.9;34.3;-1.2;66.8;7.2;846.5;;1504.7;;1019;1.7;13.7;6.1;49.3;12.7;45.7;;0;0;0;253;;;;122;335;46;3.3;0;360;11.4;3.4
BLA;31.05.2020 00:00;9.4;16.4;2.6;12.6;36.3;-0.2;61.8;6.9;846.1;;1500.8;;1018.6;1.8;12.2;6.5;43.9;10.9;39.2;;0;0;0;336;;;;103;571;79;4.2;0;41;10.6;2.6
BLA;01.06.2020 00:00;11.4;19.2;3.1;11.6;25.4;0.6;60;7.5;848.1;;1519.8;;1020.8;1.6;9.6;5.8;34.6;9.4;33.8;;0;0;0;289;;;;92;498;68;4;0;63;8.6;0.6
BLA;02.06.2020 00:00;11.6;19.4;4.6;11.9;24.5;2.2;63;8;846.6;;1505.5;;1019.2;1.7;11.5;6.1;41.4;11.1;40;;0;0;0;336;;;;63;605;83;4.5;0;72;8.4;0.4
BLA;03.06.2020 00:00;11.2;19.5;4.1;12.3;28.9;1.4;64.5;7.9;840.1;;1440.4;;1011.6;1.4;7.8;5;28.1;7.2;25.9;;3.2;1;0;285;;;;88;452;62;4;0;162;8.8;0.8
BLA;04.06.2020 00:00;7.5;10.4;4.5;7.8;12.7;4.1;94.5;9.8;832.5;;1367.4;;1002.8;1.2;6;4.3;21.6;5.7;20.5;;21.4;22.8;0;59;;;;55;0;0;1;0;108;12.5;4.5
BLA;05.06.2020 00:00;6.8;9.1;4.3;7.5;12.8;3.7;86.6;8.5;835.7;;1399;;1006.4;1.3;6.5;4.7;23.4;6.1;22;;0.3;1.1;0;107;;;;96;21;3;1.5;0;72;13.2;5.2
BLA;06.06.2020 00:00;10.2;15.5;6.5;11;23.2;6;80.2;9.8;839;;1430.3;;1010.3;1.3;7;4.7;25.2;6.4;23;;5.7;3.9;0;138;;;;118;42;6;2.2;0;90;9.8;1.8
BLA;07.06.2020 00:00;7.6;11.1;5.1;8.9;19.5;5.3;93.7;9.8;838.9;;1430.2;;1010.2;1.4;6;5;21.6;5.5;19.8;;4.8;6.6;0;148;;;;118;70;10;1.9;0;216;12.4;4.4
BLA;08.06.2020 00:00;6.4;10.3;4;7.7;17.2;3.5;91.3;8.7;840.5;;1446.6;;1012.1;1.4;6.3;5;22.7;5.8;20.9;;10.3;10;0;137;;;;98;104;14;1.8;0;202;13.6;5.6
BLA;09.06.2020 00:00;6.6;10.7;4.2;8.5;19.4;4.1;91.5;8.9;841.6;;1456.9;;1013.3;1.4;7.1;5;25.6;6.4;23;;15.1;9.8;0;203;;;;140;134;18;2.4;0;212;13.4;5.4
BLA;10.06.2020 00:00;6.6;9.5;4.6;8.2;15.5;4.5;93.1;9.1;842;;1461.2;;1013.8;1.4;5.7;5;20.5;5.6;20.2;;2;7.6;0;162;;;;149;8;1;2;0;207;13.4;5.4
BLA;11.06.2020 00:00;8.8;13.8;4.7;10.4;22.4;3.6;83.1;9.3;839.9;;1439.5;;1011.3;1.4;6.6;5;23.8;6;21.6;;0.7;0.7;0;214;;;;112;276;38;2.8;0;166;11.2;3.2
BLA;12.06.2020 00:00;10.6;17.4;4.9;12.1;26.3;1.5;71.7;8.8;841.1;;1450.7;;1012.7;2.3;15.2;8.3;54.7;14.3;51.5;;0;0;0;352;;;;84;609;83;4.5;0;188;9.4;1.4
BLA;13.06.2020 00:00;10.2;18.3;4;11.2;26.7;-0.3;75.3;8.9;843.5;;1474.6;;1015.5;1.7;10.6;6.1;38.2;10.4;37.4;;1;0.9;0;238;;;;77;383;52;3.4;0;198;9.8;1.8
BLA;14.06.2020 00:00;8.9;13.1;5.8;10.3;19;3.4;88.9;10.1;846.7;;1507;;1019.3;1.2;4.9;4.3;17.6;4.8;17.3;;0;0.1;0;170;;;;152;30;4;2.3;0;207;11.1;3.1
BLA;15.06.2020 00:00;10;15.1;5.4;11;22.2;1.9;82.1;9.9;847.9;;1517.9;;1020.6;1.3;6.6;4.7;23.8;6.2;22.3;;0;0;0;165;;;;147;44;6;2.4;0;219;10;2
BLA;16.06.2020 00:00;10.6;16.4;4.3;11.9;22.9;0.4;79.9;9.9;845.7;;1496.2;;1018.1;1.5;6.7;5.4;24.1;6.5;23.4;;10.8;4.1;0;216;;;;122;200;27;2.9;0;189;9.4;1.4
BLA;17.06.2020 00:00;8.8;13.1;6.8;10;20.2;5.5;89.6;10.1;843.8;;1478.1;;1015.9;1.1;5.7;4;20.5;5.5;19.8;;3.4;10.1;0;141;;;;126;33;4;2.1;0;180;11.2;3.2
BLA;18.06.2020 00:00;10.1;16.4;5.4;12.6;24.1;2.6;76.5;9.1;844.8;;1487.6;;1017;1.7;12.3;6.1;44.3;12.1;43.6;;2.8;2.8;0;287;;;;123;416;56;3.7;0;201;9.9;1.9
BLA;19.06.2020 00:00;8.1;14.1;3.7;8.7;23.1;-0.2;80.7;8.5;848.3;;1522.3;;1021.1;1.4;9.4;5;33.8;8.6;31;;1.2;1.2;0;178;;;;127;113;15;2.5;0;72;11.9;3.9
BLA;20.06.2020 00:00;10.1;17.3;1.8;12;28.4;-2;69.9;8.3;850.5;;1543.5;;1023.6;1.5;10.2;5.4;36.7;8.7;31.3;;0;0;0;325;;;;116;482;65;4;0;153;9.9;1.9
BLA;21.06.2020 00:00;12;17.7;6.8;13.2;27.8;2.1;62.3;8.3;851.7;;1555.3;;1025;1.9;11.9;6.8;42.8;11.4;41;;0;0;0;306;;;;104;532;72;4.2;0;45;8;0
BLA;22.06.2020 00:00;13.1;20.4;6.7;14.6;29.7;1.9;67.1;9.7;853.2;;1570.8;;1026.9;1.5;10.5;5.4;37.8;9.9;35.6;;0;0;0;376;;;;71;698;95;5;0;225;0;0
BLA;23.06.2020 00:00;14.7;23;6.1;15.1;30.6;0.7;66.5;10.5;852.8;;1566.3;;1026.3;1.6;9.3;5.8;33.5;8.9;32;;0;0;0;364;;;;44;739;100;5.1;0;135;0;0
BLA;24.06.2020 00:00;16;24;8.5;16;32.7;2.7;63.9;11;851.5;;1553.5;;1024.8;1.5;9.8;5.4;35.3;9.1;32.8;;0;0;0;335;;;;75;647;88;5;0;56;0;0
BLA;25.06.2020 00:00;15;21.4;8.5;15;29.3;3.2;67.4;11.1;850.1;;1539.5;;1023.2;1.5;9.6;5.4;34.6;9.1;32.8;;0.8;0.8;0;236;;;;99;380;51;3.7;0;68;0;0
BLA;26.06.2020 00:00;15.5;23.5;8.7;15.9;32.5;4.1;65.5;10.8;848.9;;1528.1;;1021.8;1.5;12.1;5.4;43.6;11.8;42.5;;0;0;0;315;;;;98;537;73;4.8;0;207;0;0
BLA;27.06.2020 00:00;14.4;21.9;8.5;14.1;31.2;3.2;69.6;11.1;849.3;;1532.2;;1022.3;1.5;10.3;5.4;37.1;9;32.4;;0.2;0;0;241;;;;126;279;38;3.8;0;153;0;0
BLA;28.06.2020 00:00;14.6;20.3;8.8;15.2;29.2;3.2;77.5;12.7;849.8;;1536.5;;1022.8;1.3;7.4;4.7;26.6;7;25.2;;14.6;2.2;0;161;;;;106;137;19;2.7;0;117;0;0
BLA;29.06.2020 00:00;12.9;19.1;6.1;13.5;25.8;1.8;81.2;11.8;847.3;;1512.4;;1020;1.4;9.5;5;34.2;8.5;30.6;;5.4;18;0;198;;;;88;274;37;2.9;0;360;0;0
BLA;30.06.2020 00:00;14.2;23.7;4.9;15.5;30.9;0.5;69.7;10.8;846.9;;1507.4;;1019.4;1.4;7.1;5;25.6;6.7;24.1;;0;0;0;352;;;;45;697;95;5;0;207;0;0
BLA;01.07.2020 00:00;14.6;22.9;8.3;15.7;32.8;4;78.8;12.6;846.8;;1506.5;;1019.3;1.6;7.2;5.8;25.9;7.1;25.6;;8.7;8.7;0;238;;;;102;343;47;3.8;0;76;0;0
BLA;02.07.2020 00:00;14.9;22.3;8.5;16.6;31.4;6.2;70.5;11;846.8;;1506.5;;1019.3;1.6;11.7;5.8;42.1;11.2;40.3;;2.2;0.9;0;294;;;;95;473;65;4.4;0;217;0;0
BLA;03.07.2020 00:00;12;17.6;7.7;15;29;4.4;82.9;11.4;848.5;;1523.5;;1021.3;1.9;8.8;6.8;31.7;8.2;29.5;;0;1.3;0;337;;;;119;493;68;4.3;0;217;8;0
BLA;04.07.2020 00:00;13.6;21.6;7.2;15.9;29.5;2.9;68.8;10.2;851.5;;1553.7;;1024.8;1.8;10.6;6.5;38.2;9.8;35.3;;0;0;0;355;;;;57;652;89;5;0;225;0;0
BLA;05.07.2020 00:00;15;24.4;6.2;15.8;32;1.7;66.3;10.7;851.6;;1554.7;;1025;1.5;7.7;5.4;27.7;7.5;27;;0;0;0;356;;;;38;726;100;5.2;0;198;0;0
BLA;06.07.2020 00:00;14.2;22.3;5.3;14.4;31.7;-0.8;60.9;9.5;848.6;;1525.2;;1021.5;2.2;11.4;7.9;41;10.8;38.9;;0;0;0;318;;;;67;619;85;4.7;0;204;0;0
BLA;07.07.2020 00:00;11.8;21.5;2.5;12;26.8;-2.5;58.2;7.4;848.8;;1527.4;;1021.7;1.6;8.4;5.8;30.2;8.3;29.9;;0;0;0;367;;;;37;730;100;4.9;0;198;8.2;0.2
BLA;08.07.2020 00:00;14;23.8;4.7;14.5;29.1;1;57.5;8.4;850.2;;1540.9;;1023.3;1.6;12;5.8;43.2;11.2;40.3;;0;0;0;350;;;;52;727;100;5.1;0;135;0;0
BLA;09.07.2020 00:00;16;25.2;6.5;16.4;30.5;2.5;48.5;7.9;850.8;;1547.3;;1024.1;1.4;7.9;5;28.4;7.6;27.4;;0;0;0;350;;;;53;711;98;5.3;0;153;0;0
BLA;10.07.2020 00:00;15.7;23.5;9.7;15.7;27.4;5.6;68;11.6;849.3;;1532;;1022.3;1.8;9.9;6.5;35.6;8.8;31.7;;28.8;19.7;0;200;;;;97;326;45;3.7;0;56;0;0
BLA;11.07.2020 00:00;12.2;18.3;5.1;12.7;24.5;2.2;78.5;10.9;850.5;;1544.1;;1023.7;1.4;9.5;5;34.2;9.1;32.8;;1;10.1;0;203;;;;91;269;37;2.9;0;90;0;0
BLA;12.07.2020 00:00;12.7;21.1;4.4;13.7;26.8;1.7;63.5;8.6;852.1;;1559.2;;1025.5;1.5;10.3;5.4;37.1;9.5;34.2;;0;0;0;366;;;;40;727;100;4.9;0;72;0;0
BLA;13.07.2020 00:00;13.1;20.6;7.6;14.1;27.1;4.9;72.2;10.4;850.6;;1544.5;;1023.8;1.8;12.5;6.5;45;10.9;39.2;;0.8;0.8;0;309;;;;105;542;75;4.4;0;63;0;0
BLA;14.07.2020 00:00;12.2;19.3;6.8;13.3;26.3;4.2;70.4;9.5;847.4;;1512.9;;1020.1;1.6;10;5.8;36;9.6;34.6;;0.4;0.4;0;289;;;;118;405;56;4;0;63;0;0
BLA;15.07.2020 00:00;11.3;15.2;8;11.4;19.1;6.3;79.7;10.6;846.9;;1508;;1019.5;1.1;5.7;4;20.5;5.4;19.4;;0.5;0.2;0;102;;;;93;4;1;1.8;0;59;8.7;0.7
BLA;16.07.2020 00:00;12.7;18.1;8.8;13.8;25.2;8.1;77.1;11.1;848.8;;1526.6;;1021.6;1.5;7.3;5.4;26.3;7.2;25.9;;0;0.3;0;193;;;;148;105;15;3;0;203;0;0
BLA;17.07.2020 00:00;13.6;19.5;7.6;15.3;26.1;5.1;75.2;11.3;848.1;;1520.2;;1020.9;1.6;8.4;5.8;30.2;8.1;29.2;;0;0;0;305;;;;101;449;62;4.1;0;221;0;0
BLA;18.07.2020 00:00;13.2;20.5;7.2;14.6;26;4;67.7;9.8;848.5;;1523.4;;1021.3;1.9;14.8;6.8;53.3;14.1;50.8;;0;0;0;353;;;;56;651;90;4.8;0;180;0;0
BLA;19.07.2020 00:00;13.9;22.1;5.7;14.8;29.2;3.1;64.8;9.7;848.8;;1526.4;;1021.7;1.8;11;6.5;39.6;10.5;37.8;;0;0;0;350;;;;42;721;100;4.9;0;90;0;0
BLA;20.07.2020 00:00;15.3;23.5;7.3;15.8;29.8;4.1;57.7;9.1;850.8;;1546.6;;1024;1.5;7.9;5.4;28.4;7.8;28.1;;0;0;0;349;;;;43;718;99;5;0;194;0;0
BLA;21.07.2020 00:00;15.5;21.2;10.5;15.5;26;7.4;70.7;12.2;853.4;;1572.7;;1027;1.4;11.8;5;42.5;11.4;41;;12.7;6.7;0;144;;;;97;103;14;2.7;0;60;0;0
BLA;22.07.2020 00:00;13.7;21.3;10.2;14.2;25;9.6;88.3;13.6;853.2;;1570.3;;1026.8;1.4;6.4;5;23;6.2;22.3;;19.5;25.5;0;146;;;;86;132;18;2.6;0;72;0;0
BLA;23.07.2020 00:00;13.7;21.2;7.3;14.3;27.9;5.4;79.9;12.1;848.9;;1528.3;;1021.9;1.4;6.6;5;23.8;6.4;23;;0.8;0.8;0;265;;;;89;366;51;3.8;0;146;0;0
BLA;24.07.2020 00:00;10.9;13.9;9.1;10.5;15.1;7.8;88.6;11.5;847.5;;1514.3;;1020.2;1.2;7.3;4.3;26.3;7.2;25.9;;3.3;3.3;0;70;;;;64;5;1;1.4;0;68;9.1;1.1
BLA;25.07.2020 00:00;13.8;20.9;7.2;15.3;26.9;5.8;69.5;10.4;847.8;;1516.6;;1020.5;1.5;7;5.4;25.2;6.6;23.8;;0.1;0;0;341;;;;81;619;86;4.6;0;207;0;0
BLA;26.07.2020 00:00;14.8;21.3;9;14.8;26.9;6.3;65.1;10.4;848.6;;1524.9;;1021.5;1.5;9.8;5.4;35.3;9.4;33.8;;0;0.1;0;218;;;;109;276;39;3.5;0;225;0;0
BLA;27.07.2020 00:00;16.2;25.5;7.6;16.6;30;4.9;61.8;10.7;850.8;;1546.8;;1024;1.5;8.3;5.4;29.9;7.4;26.6;;0;0;0;313;;;;41;641;90;4.8;0;225;0;0
BLA;28.07.2020 00:00;16.8;26.7;11.6;17;31.2;8.8;72.6;13.1;850.7;;1545.4;;1023.9;1.8;14.2;6.5;51.1;14.1;50.8;;12.9;12.9;0;237;;;;77;405;57;4.3;0;67;0;0
BLA;29.07.2020 00:00;17;25.3;11.4;17.7;30.3;9.1;75.5;13.9;851.3;;1552.1;;1024.6;1.7;11;6.1;39.6;10.6;38.2;;0;0;0;300;;;;65;554;78;4.7;0;207;0;0
BLA;30.07.2020 00:00;15.4;24.5;11.1;15.2;30.8;9.1;81.9;14;853.3;;1571.4;;1026.9;1.3;10.6;4.7;38.2;10.3;37.1;;9.9;9.9;0;164;;;;79;198;28;3;0;60;0;0
BLA;31.07.2020 00:00;18.6;26.8;10.1;19.1;32;7.9;62.6;12.6;852.7;;1565.8;;1026.2;1.4;8.5;5;30.6;8.1;29.2;;0;0;0;319;;;;60;683;97;4.9;0.3;117;0;0
BLA;01.08.2020 00:00;16.4;23.9;11.1;16.3;29.5;8.9;71.7;12.9;851.3;;1552.3;;1024.6;1.7;16.1;6.1;58;13.9;50;;2.7;2.7;0;192;;;;85;347;49;3.4;0;51;0;0
BLA;02.08.2020 00:00;15.2;22.1;10.9;16.4;29;10.1;79.2;13.2;847.5;;1513.3;;1020.1;1.5;11;5.4;39.6;10.6;38.2;;4.7;4.7;0;223;;;;108;311;44;3.5;0;166;0;0
BLA;03.08.2020 00:00;10.5;14;6.7;10.6;16.5;5.9;85.4;10.9;843.1;;1471.1;;1015.1;1.5;8.5;5.4;30.6;8.3;29.9;;4.4;0.1;0;84;;;;79;0;0;1.5;0;214;9.5;1.5
BLA;04.08.2020 00:00;8.1;13.9;3.8;8.9;22.9;0.9;78.5;8.2;845.1;;1491.4;;1017.4;1.8;14;6.5;50.4;12.8;46.1;;0.2;4.5;0;192;;;;105;217;31;2.5;0;14;11.9;3.9
BLA;05.08.2020 00:00;10.8;19.3;2.2;12;25.1;-0.3;74.6;9.3;847.8;;1516.9;;1020.5;1.4;6.6;5;23.8;6.4;23;;0;0;0;327;;;;34;692;100;4;0;225;9.2;1.2
BLA;06.08.2020 00:00;14;23.7;5.5;14.6;28.5;2.8;67;10;851;;1549;;1024.3;1.4;6.3;5;22.7;6.1;22;;0;0;0;324;;;;33;687;100;4.5;0;180;0;0
BLA;07.08.2020 00:00;16;25;7.7;16.2;29.7;4.2;61.3;10.5;852.9;;1568.2;;1026.5;1.4;7.6;5;27.4;6.6;23.8;;0;0;0;318;;;;32;681;100;4.6;0;135;0;0
BLA;08.08.2020 00:00;17;25.4;9.1;17.2;31.3;5.7;61.2;11.1;853.7;;1575.6;;1027.4;1.6;12.7;5.8;45.7;11.7;42.1;;0;0;0;312;;;;34;671;100;4.7;0;45;0;0
BLA;09.08.2020 00:00;17.6;26.4;9.8;17.7;31.8;6.5;57;10.5;851.8;;1556.5;;1025.1;1.3;7;4.7;25.2;6.4;23;;0;0;0;313;;;;34;664;100;4.7;0;72;0;0
BLA;10.08.2020 00:00;16.3;23.3;10.7;16;28.3;7.4;69.5;12.5;850.9;;1547.3;;1024.1;1.3;9;4.7;32.4;8.4;30.2;;4.1;4.1;0;187;;;;121;221;34;3.2;0;90;0;0
BLA;11.08.2020 00:00;15.9;24.4;8.7;16.2;31;6.2;71.3;12.2;851.2;;1551.3;;1024.5;1.3;7.9;4.7;28.4;7.7;27.7;;0;0;0;279;;;;72;531;82;4.1;0;135;0;0
BLA;12.08.2020 00:00;16.2;24.1;10.4;16;29.7;7.5;73.2;13;851.5;;1553.7;;1024.8;1.4;9.4;5;33.8;9.1;32.8;;3;3;0;162;;;;101;189;30;3;0;90;0;0
BLA;13.08.2020 00:00;14.6;21.9;8.6;15.1;29.3;6.4;80.2;12.9;850.1;;1540;;1023.2;1.5;10.8;5.4;38.9;10.4;37.4;;10;9.3;0;207;;;;81;311;50;3.1;0;90;0;0
BLA;14.08.2020 00:00;13.3;20.7;8.3;13.8;28.1;5.9;85.7;12.8;848.9;;1528.1;;1021.8;1.3;7.5;4.7;27;7.2;25.9;;1;1.7;0;145;;;;106;90;14;2.4;0;59;0;0
BLA;15.08.2020 00:00;14.6;22.1;7.3;15.5;27.7;4.5;74.6;11.8;847.8;;1516.7;;1020.5;1.5;7.9;5.4;28.4;7.3;26.3;;0;0;0;297;;;;46;608;98;4;0;198;0;0
BLA;16.08.2020 00:00;15.3;22.1;9.1;15.8;27.1;6.3;72.2;12;846.2;;1500.5;;1018.6;1.4;9.4;5;33.8;8.8;31.7;;9;6.3;0;220;;;;98;385;62;3.3;0;180;0;0
BLA;17.08.2020 00:00;13;18.8;9.8;14.4;27.5;8.3;87;12.9;845.8;;1496.8;;1018.2;1.4;7.9;5;28.4;7.2;25.9;;1.1;3.8;0;214;;;;87;289;47;3;0;198;0;0
BLA;18.08.2020 00:00;12;17.9;8.5;12.6;25.2;6.8;80.5;11;846.6;;1504.9;;1019.1;1.5;9.1;5.4;32.8;8.3;29.9;;3.6;3.6;0;163;;;;93;157;26;2.5;0;76;8;0
BLA;19.08.2020 00:00;14;21.9;6.4;14.7;28.4;3.7;72.1;11;845.6;;1494.9;;1018;1.1;5.9;4;21.2;5.5;19.8;;0;0;0;257;;;;58;459;75;3.5;0;153;0;0
BLA;20.08.2020 00:00;17;25.5;10.4;17.4;31.7;8.4;68.5;12.7;847.4;;1512.8;;1020.1;1.3;7.1;4.7;25.6;6.7;24.1;;0;0;0;247;;;;51;464;77;3.8;0;153;0;0
BLA;21.08.2020 00:00;17.6;26.5;10.5;17.5;31.3;7.6;67;12.6;850.3;;1542.1;;1023.5;1.3;6.3;4.7;22.7;5.9;21.2;;0;0;0;272;;;;34;599;100;4.2;0;153;0;0
BLA;22.08.2020 00:00;15.1;22.8;8.8;15;28.1;5.5;75.6;12.6;851.4;;1552.6;;1024.7;1.3;8.1;4.7;29.2;7.8;28.1;;1;1;0;210;;;;53;385;64;3.2;0;180;0;0
BLA;23.08.2020 00:00;12.8;19.5;6.5;13.3;27;3;71.2;10;850.3;;1541.8;;1023.4;1.6;9.5;5.8;34.2;9.3;33.5;;0;0;0;260;;;;74;444;75;3.4;0;180;0;0
BLA;24.08.2020 00:00;10.7;18.1;5.1;10.8;24.6;1.6;71;8.8;848.7;;1526.4;;1021.6;1.6;8.7;5.8;31.3;8.6;31;;0;0;0;249;;;;61;510;87;3.2;0;180;9.3;1.3
BLA;25.08.2020 00:00;12.1;22;3.9;11.4;28.1;-0.1;61.3;8.1;848.4;;1522.6;;1021.2;1.2;7.2;4.3;25.9;6.6;23.8;;0;0;0;201;;;;105;318;54;3;0;117;0;0
BLA;26.08.2020 00:00;14.9;23.5;8.4;14.2;28.7;4.4;54.9;8.4;850.2;;1540.5;;1023.3;1.7;9.5;6.1;34.2;9.2;33.1;;0;0;0;255;;;;44;537;91;3.9;0;124;0;0
BLA;27.08.2020 00:00;13;21.2;4.9;12.2;26;1.2;63.2;8.9;848.7;;1526.1;;1021.6;1.2;6.3;4.3;22.7;6.1;22;;0;0;0;195;;;;87;252;43;2.9;0;117;0;0
BLA;28.08.2020 00:00;12.2;18.6;7.6;11.6;22.5;4.2;82.6;11.6;841.8;;1457.8;;1013.6;1.2;7.7;4.3;27.7;7.5;27;;9.8;8.1;0;86;;;;71;28;5;1.7;0;135;0;0
BLA;29.08.2020 00:00;9.4;11;8.4;9.4;12.8;7.8;96.1;11.3;838.5;;1425.8;;1009.7;1.3;6.2;4.7;22.3;5.7;20.5;;17.8;13.6;0;35;;;;31;0;0;0.8;0;90;10.6;2.6
BLA;30.08.2020 00:00;6.1;8.8;1.8;6.6;12.3;1.3;94.8;9;841.5;;1455.9;;1013.2;1.4;7.6;5;27.4;7.4;26.6;;19.6;25.5;0;57;;;;51;11;2;0.8;0;90;13.9;5.9
BLA;31.08.2020 00:00;7.7;13.6;1.1;9.1;22.8;-1.2;76.8;7.9;846.4;;1503.3;;1018.9;1.5;7.9;5.4;28.4;7.8;28.1;;0;0;0;234;;;;99;333;59;2.5;0;180;12.3;4.3
BLA;01.09.2020 00:00;8.6;15.4;2.3;9.7;24;-0.4;76.4;8.2;845.4;;1494;;1017.8;1.6;7;5.8;25.2;6.9;24.8;;0;0;0;264;;;;85;472;84;2.9;0;211;11.4;3.4
BLA;02.09.2020 00:00;9.2;16.8;3.2;9.8;25.6;0.2;72.5;8;847.4;;1513;;1020;1.5;8.7;5.4;31.3;7.3;26.3;;0;0;0;249;;;;78;378;67;2.9;0;198;10.8;2.8
BLA;03.09.2020 00:00;9.5;19;2.4;9.7;24.2;-0.7;71.5;8;853.3;;1570.7;;1026.9;1.4;13.8;5;49.7;13.6;49;;0;0;0;235;;;;36;518;92;2.9;0;225;10.5;2.5
BLA;04.09.2020 00:00;13.4;23.2;5.9;13.5;29.2;2.6;71.5;10.3;856.3;;1601.4;;1030.5;1.1;5.3;4;19.1;5;18;;0;0;0;240;;;;25;547;98;3.2;0;225;0;0
BLA;05.09.2020 00:00;14.1;22.9;8.4;14.1;28.3;5.5;68.8;10.6;851.7;;1555.6;;1025.1;1.6;9.2;5.8;33.1;8.5;30.6;;0;0;0;231;;;;44;464;84;3.3;0;207;0;0
BLA;06.09.2020 00:00;11;16.8;6.1;11.2;23.3;3.4;77.2;10.1;847.4;;1513;;1020.1;1.6;8.6;5.8;31;8.3;29.9;;0;0;0;175;;;;74;280;51;2.3;0;203;9;1
BLA;07.09.2020 00:00;10;16.5;5.5;10.7;24.5;3.4;83;10;850;;1539.1;;1023.1;1.2;5.9;4.3;21.2;5.6;20.2;;0;0;0;182;;;;59;290;53;2.2;0;198;10;2
BLA;08.09.2020 00:00;11.4;19.9;5.2;11.5;26;2.3;79.7;10.3;856.1;;1598.8;;1030.2;1.3;6.6;4.7;23.8;6.6;23.8;;0;0;0;230;;;;25;516;96;2.8;0;198;8.6;0.6
BLA;09.09.2020 00:00;13.2;22.5;6.4;13.3;28.6;3.3;74.7;10.8;854.6;;1584.2;;1028.4;1.4;7.1;5;25.6;7;25.2;;0;0;0;221;;;;37;451;85;3;0;198;0;0
BLA;10.09.2020 00:00;12.9;20.4;7.6;12.9;26.2;5.2;80.4;11.7;850.4;;1542.3;;1023.5;1.3;7.5;4.7;27;7.1;25.6;;0.1;0.1;0;154;;;;61;286;55;2.3;0;117;0;0
BLA;11.09.2020 00:00;12.1;18.9;6.9;11.6;25.8;4.3;83;11.5;848.8;;1527.4;;1021.7;0.9;5.4;3.2;19.4;5.1;18.4;;0;0;0;125;;;;64;162;31;1.8;0;90;0;0
BLA;12.09.2020 00:00;12.6;20;7.3;12.5;27.6;4.6;83.4;12;852.5;;1564;;1026;1.3;7.5;4.7;27;7.2;25.9;;0;0;;194;;;;56;386;75;2.5;0;243;0;0
BLA;13.09.2020 00:00;14.4;24.3;7.6;13.9;29.7;4.6;71.5;10.9;857.3;;1611.4;;1031.6;1.2;6.3;4.3;22.7;5.7;20.5;;0;0;0;210;;;;42;490;96;3;0;180;0;0
BLA;14.09.2020 00:00;14.1;23.8;8.4;13.2;31.6;4.8;68.9;10.6;857.7;;1614.6;;1032;1;4.6;3.6;16.6;4.3;15.5;;0;0;0;176;;;;37;405;81;2.6;0;79;0;0
BLA;15.09.2020 00:00;13.7;22.4;6.9;13;27.9;2.9;62.2;9.3;854.8;;1585.8;;1028.6;1.2;6.4;4.3;23;6;21.6;;0;0;0;207;;;;28;483;98;2.8;0;180;0;0
BLA;16.09.2020 00:00;13.4;22.4;7.8;12.5;29.2;4.3;72.6;10.7;852.4;;1562.6;;1025.9;1.1;9.1;4;32.8;7.9;28.4;;0;0;0;142;;;;59;234;49;2.2;0;72;0;0
BLA;17.09.2020 00:00;12.5;22;6.6;11.5;28.8;3;68.1;9.4;851.3;;1551.4;;1024.6;1;6.6;3.6;23.8;5.9;21.2;;0;0;0;163;;;;42;342;74;2.3;0;90;0;0
BLA;18.09.2020 00:00;12.9;22.5;7.3;11.9;28.8;3.7;69.3;9.8;852.3;;1561.1;;1025.7;1.2;6.6;4.3;23.8;6.3;22.7;;0;0;0;167;;;;41;397;86;2.5;0;135;0;0
BLA;19.09.2020 00:00;11.7;16.9;7.6;10.3;18.5;4.7;78.1;10.7;850.3;;1541.9;;1023.4;1.2;5.4;4.3;19.4;5.1;18.4;;0.2;0.2;0;69;;;;63;16;4;1.4;0;53;8.3;0.3
BLA;20.09.2020 00:00;11.2;19.2;6.3;10.5;24.4;3.5;79.8;10.5;847.3;;1512.6;;1020;1.2;7.6;4.3;27.4;7.5;27;;0.4;0.4;0;104;;;;64;141;32;1.7;0;90;8.8;0.8
BLA;21.09.2020 00:00;9.8;15.1;5;8.9;16.7;2.6;89.2;10.7;847.8;;1517.6;;1020.6;0.7;3.9;2.5;14;3.4;12.2;;0.6;0.6;0;61;;;;50;24;5;1;0;45;10.2;2.2
BLA;22.09.2020 00:00;11;16.4;7.2;11.2;22.9;5.3;85.6;11.1;845;;1489.7;;1017.3;1.1;6.2;4;22.3;5.8;20.9;;4.7;3.6;0;92;;;;75;48;11;1.4;0;27;9;1
BLA;23.09.2020 00:00;10.6;14.8;8.1;11.2;21.2;6.7;89.7;11.4;842.7;;1466.7;;1014.6;1.2;5;4.3;18;4.8;17.3;;0;1.1;0;107;;;;85;61;14;1.4;0;252;9.4;1.4
BLA;24.09.2020 00:00;10.5;14.5;7;10.6;19.3;6.2;82.9;10.4;840.7;;1447.1;;1012.3;1.3;6.7;4.7;24.1;6.4;23;;5.5;1.8;0;96;;;;74;74;17;1.4;0;225;9.5;1.5
BLA;25.09.2020 00:00;2.9;7.8;-0.4;2.7;7.4;-0.5;88.7;6.7;833.2;;1377.1;;1003.6;1.8;11.2;6.5;40.3;10.8;38.9;;9.3;10.4;0;52;;;;47;0;0;0.9;0;108;17.1;9.1
BLA;26.09.2020 00:00;0.2;2;-0.9;-0.5;2.2;-2.8;82.8;5.1;835.1;;1397;;1005.8;2;21.3;7.2;76.7;20.1;72.4;;0.2;2.8;7;78;;;;71;2;0;0.9;0;162;19.8;11.8
BLA;27.09.2020 00:00;1.1;5.4;-2;1.1;10.2;-4.3;83.3;5.4;835.7;;1402.1;;1006.5;1.2;5.9;4.3;21.2;5.6;20.2;;0;0;2;112;;;;102;18;4;1.1;0;180;18.9;10.9
BLA;28.09.2020 00:00;3.4;10.5;-2.3;4.3;17.7;-4.9;81.3;6.2;841.2;;1454.5;;1012.9;1.5;7.5;5.4;27;7;25.2;;11.8;5.9;0;163;;;;62;302;72;1.5;0;135;16.6;8.6
BLA;29.09.2020 00:00;5.3;9.3;2.8;5.6;14.1;0.6;96.6;8.6;848.1;;1520.8;;1020.9;1.2;5.4;4.3;19.4;5.3;19.1;;2.8;8.7;0;72;;;;59;49;12;0.9;0;135;14.7;6.7
BLA;30.09.2020 00:00;6.7;15.1;1.4;6.6;21.3;-0.7;86.6;8.3;845.4;;1494;;1017.7;1.2;4.6;4.3;16.6;4.4;15.8;;0;0;0;157;;;;31;417;100;1.6;0;90;13.3;5.3
BLA;01.10.2020 00:00;7.2;13.6;2;6.3;17.8;-0.8;81.2;8.1;838.7;;1428.4;;1010;1.1;5.7;4;20.5;5.2;18.7;;0.3;0.1;0;81;;;;67;24;6;1.2;0;90;12.8;4.8
BLA;02.10.2020 00:00;8;13.6;5.6;7.2;12.3;4.8;87.1;9.2;827;;1312;;996.4;2;13.8;7.2;49.7;13.3;47.9;;115.5;75.9;0;27;;;;23;0;0;1.1;0;51;12;4
BLA;03.10.2020 00:00;3.6;7.4;0.1;3.1;6.7;0;94.3;7.5;826.7;;1311.9;;996;1.8;7.8;6.5;28.1;7.2;25.9;;18.6;58.3;0;68;;;;50;56;14;0.8;0;90;16.4;8.4
BLA;04.10.2020 00:00;4.6;10;0.8;4.6;14.6;-0.3;81.7;6.7;833.1;;1374.3;;1003.4;1.4;9.4;5;33.8;9;32.4;;0.6;0.7;0;111;;;;78;111;28;1.2;0;81;15.4;7.4
BLA;05.10.2020 00:00;3.7;6.9;0.6;3.5;9.2;-0.9;84.5;6.6;839.6;;1439;;1011.1;1.5;7.4;5.4;26.6;7.1;25.6;;3.6;3.6;0;57;;;;52;0;0;0.8;0;61;16.3;8.3
BLA;06.10.2020 00:00;4.5;8.6;1;4.2;9.5;-0.7;94.3;8;842.9;;1470.6;;1014.9;1.6;6.9;5.8;24.8;6.8;24.5;;15.8;13.9;0;41;;;;37;1;0;0.7;0;66;15.5;7.5
BLA;07.10.2020 00:00;3.4;8.2;-0.7;3.5;15.4;-3.1;86.9;6.7;847;;1509.9;;1019.6;1.5;6.3;5.4;22.7;6.2;22.3;;1.5;3.4;0;127;;;;80;156;40;1.1;0;146;16.6;8.6
BLA;08.10.2020 00:00;5.5;15;-1.5;5.3;20.7;-4;73.1;6.5;852.7;;1564.6;;1026.2;1.1;6;4;21.6;5.8;20.9;;0;0;0;128;;;;56;288;76;1.4;0;51;14.5;6.5
BLA;09.10.2020 00:00;6.9;14.4;2.8;6.2;19.4;0.6;67.5;6.5;851.6;;1553.9;;1024.9;1.1;4.9;4;17.6;4.4;15.8;;0;0;0;114;;;;61;248;66;1.4;0;90;13.1;5.1
BLA;10.10.2020 00:00;3.2;6.9;-0.8;2.3;7.9;-2.7;91.6;7.1;849.1;;1530.5;;1022.1;1.2;5.3;4.3;19.1;5.2;18.7;;3;3;0;42;;;;37;0;0;0.6;0;79;16.8;8.8
BLA;11.10.2020 00:00;1.9;5.1;-0.7;1.7;9.6;-2;72.7;4.9;844.6;;1487.6;;1016.9;2.2;14.3;7.9;51.5;13.6;49;;0;0;0;95;;;;70;69;19;1.1;0;117;18.1;10.1
BLA;12.10.2020 00:00;-0.6;5.1;-4.4;-1.3;10.8;-7.3;69.6;3.9;844.4;;1485.7;;1016.5;1.5;7.7;5.4;27.7;7.1;25.6;;0;0;0;134;;;;24;357;98;1.1;0;108;20.6;12.6
BLA;13.10.2020 00:00;-0.3;6;-5.2;-0.7;12.8;-8;74.2;4.4;839.3;;1436.8;;1010.6;1.2;5.6;4.3;20.2;5.3;19.1;;0.6;0;0;113;;;;52;174;48;0.9;0;146;20.3;12.3
BLA;14.10.2020 00:00;0.5;5.8;-2.6;-0.2;11.6;-4.8;88.5;5.6;837.8;;1422.2;;1008.9;1.1;4.1;4;14.8;3.9;14;;0;0.6;0;80;;;;38;103;29;0.8;0;104;19.5;11.5
BLA;15.10.2020 00:00;-0.1;3;-2.7;-0.5;4.4;-4.8;94.3;5.7;838;;1425.1;;1009.2;1.1;12.7;4;45.7;12.7;45.7;;3.1;3.1;0;47;;;;43;0;0;0.5;0;153;20.1;12.1
BLA;16.10.2020 00:00;1.2;5;-1.5;1.8;10.3;-2.5;92.3;6.2;842.7;;1469.8;;1014.7;1.2;6.8;4.3;24.5;5.8;20.9;;0;0;0;112;;;;45;262;74;0.8;0;141;18.8;10.8
BLA;17.10.2020 00:00;1.3;7.2;-2.8;1.2;12.5;-5.2;86.2;5.8;844.6;;1487.8;;1016.9;1.3;9.5;4.7;34.2;9.2;33.1;;0;0;0;123;;;;27;339;97;0.9;0;135;18.7;10.7
BLA;18.10.2020 00:00;1.3;7.6;-2.7;1.2;13;-5.4;83;5.5;848.4;;1523.8;;1021.3;1.5;10.5;5.4;37.8;8.2;29.5;;0;0;0;115;;;;18;344;100;0.9;0;79;18.7;10.7
BLA;19.10.2020 00:00;1.6;10.8;-4;0.2;16.1;-7.1;67;4.4;849.5;;1534;;1022.5;1.1;11.7;4;42.1;9.3;33.5;;0;0;0;119;;;;29;313;93;1.1;0;90;18.4;10.4
BLA;20.10.2020 00:00;5.4;14.2;-0.6;4.3;18.8;-3.8;59.9;5.2;847.9;;1518.8;;1020.7;1.3;5.5;4.7;19.8;5.2;18.7;;0;0;0;112;;;;62;231;69;1.3;0;90;14.6;6.6
BLA;21.10.2020 00:00;6.3;13.3;1.9;5.7;19;-0.1;70.4;6.6;847.6;;1515.9;;1020.3;1.3;5.1;4.7;18.4;4.9;17.6;;0;0;0;88;;;;64;86;26;1.1;0;180;13.7;5.7
BLA;22.10.2020 00:00;7.3;13;2.1;6.8;16.6;-0.5;78.9;7.9;849.6;;1535.4;;1022.7;1.1;5;4;18;4.7;16.9;;2.8;0.9;0;73;;;;53;72;22;0.9;0;180;12.7;4.7
BLA;23.10.2020 00:00;7.3;11.7;4.9;7.2;13.8;4.2;94.7;9.6;847.2;;1511.6;;1019.8;1.2;6.1;4.3;22;5.9;21.2;;14.4;16.2;0;57;;;;46;26;8;0.7;0;117;12.7;4.7
BLA;24.10.2020 00:00;4.8;9.3;0.5;4.8;14.6;-1.9;94.3;8.1;847.6;;1515.5;;1020.3;1.4;5.6;5;20.2;5.2;18.7;;0;0.1;0;113;;;;42;296;91;0.7;0;162;15.2;7.2
BLA;25.10.2020 00:00;4.4;11.8;-0.9;3.3;16.4;-3.5;76.8;6.3;841.9;;1461;;1013.7;1.3;6.5;4.7;23.4;5.3;19.1;;3.2;0;0;97;;;;37;296;91;1;0;90;15.6;7.6
BLA;26.10.2020 00:00;1.7;5.5;-0.6;1.4;4.5;-1.9;97.4;6.8;836.5;;1409.3;;1007.4;1.3;7.7;4.7;27.7;7.4;26.6;;14.7;17.9;0;16;;;;11;0;0;0.5;0;117;18.3;10.3
BLA;27.10.2020 00:00;0.2;4;-1.4;-0.1;8.1;-3.6;89.5;5.5;841.4;;1456.8;;1013;1.2;4.7;4.3;16.9;4.4;15.8;;0.5;0;4;105;;;;37;293;92;0.6;0;79;19.8;11.8
BLA;28.10.2020 00:00;4.7;10.2;1.2;4.5;14.9;0.6;86.8;7.4;846.3;;1503.2;;1018.8;1.5;7;5.4;25.2;6.6;23.8;;2.2;1.2;0;67;;;;49;88;28;0.8;0;63;15.3;7.3
BLA;29.10.2020 00:00;4.8;7;3.2;4.4;7.4;2.6;92.8;8;851.1;;1549.7;;1024.4;1.5;8.6;5.4;31;8.5;30.6;;2.2;3.3;0;39;;;;35;0;0;0.6;0;61;15.2;7.2
BLA;30.10.2020 00:00;6.1;14.5;2;4.8;18.1;0.3;80.5;7.3;854.8;;1584.8;;1028.6;1.2;9.4;4.3;33.8;9.2;33.1;;0;0.4;0;82;;;;13;295;99;1;0;69;13.9;5.9
BLA;31.10.2020 00:00;6.5;16;1.9;4.5;21;-1.1;59.9;5.6;853.8;;1575.2;;1027.5;0.9;9.2;3.2;33.1;8.4;30.2;;0;0;0;83;;;;18;290;99;1;0;59;13.5;5.5
BLA;01.11.2020 00:00;8.2;12.7;3.3;6.8;14.4;-0.1;63.3;6.9;852.4;;1562;;1025.9;1.4;9.1;5;32.8;8.9;32;;0;0;0;40;;;;36;0;0;1;0;40;11.8;3.8
BLA;02.11.2020 00:00;11;17.4;6.6;10.7;22.2;5.2;78.9;10.2;851.5;;1553.9;;1024.9;1.2;6.3;4.3;22.7;5.9;21.2;;0;0;0;86;;;;28;253;88;1;0;14;9;1
BLA;03.11.2020 00:00;8.3;13.8;3.6;8.2;17.6;2.7;87.2;9.5;851.7;;1555.3;;1025;1.5;5.6;5.4;20.2;5.4;19.4;;3.4;2.8;0;62;;;;45;49;17;0.8;0;233;11.7;3.7
BLA;04.11.2020 00:00;3.5;7;1.3;4.1;10.1;1.5;97;7.7;852.5;;1562.6;;1026;1.3;5.9;4.7;21.2;5.8;20.9;;0.1;0.7;0;59;;;;49;16;6;0.5;0;209;16.5;8.5
BLA;05.11.2020 00:00;2.5;7.5;-0.3;2.5;12.2;-2.1;97.3;7.1;857.5;;1609.7;;1031.8;1.2;4.6;4.3;16.6;4.3;15.5;;0;0;0;69;;;;12;270;97;0.5;0;99;17.5;9.5
BLA;06.11.2020 00:00;3.3;11.1;-0.2;1.6;15.9;-2.9;80.9;6.2;857.2;;1607.2;;1031.5;1;4.1;3.6;14.8;4.1;14.8;;0;0;0;69;;;;12;269;98;0.7;0;82;16.7;8.7
BLA;07.11.2020 00:00;4.2;13.6;0.4;2;17.1;-2.6;67.2;5.4;855.5;;1591.1;;1029.5;1;8.6;3.6;31;8.6;31;;0;0;0;64;;;;17;214;79;0.9;0;82;15.8;7.8
BLA;08.11.2020 00:00;5.3;11.9;1.3;3.7;15.3;-1.4;69;6.1;852.9;;1566.3;;1026.4;1.1;5.8;4;20.9;5.7;20.5;;0;0;0;62;;;;32;169;63;0.8;0;81;14.7;6.7
BLA;09.11.2020 00:00;3;10.5;0.1;1.2;15;-2.8;78;5.8;852.4;;1561.4;;1025.8;1.1;10;4;36;9.8;35.3;;0;0;0;64;;;;12;260;98;0.7;0;82;17;9
BLA;10.11.2020 00:00;2.4;9.8;-0.7;0.8;13.7;-3.5;76.4;5.5;853.2;;1568.8;;1026.8;1;7.1;3.6;25.6;3.9;14;;0;0;0;66;;;;26;257;100;0.7;0;101;17.6;9.6
BLA;11.11.2020 00:00;1.1;8.7;-2;-0.6;13;-4.7;77.4;5;851.8;;1555.8;;1025.2;1;11.7;3.6;42.1;11.7;42.1;;0;0;0;63;;;;12;256;100;0.6;0;90;18.9;10.9
BLA;12.11.2020 00:00;1.6;9.3;-1.4;-0.3;13.6;-4.2;71.4;4.8;850.9;;1547;;1024.1;1;4.7;3.6;16.9;4.3;15.5;;0;0;0;56;;;;19;184;74;0.7;0;82;18.4;10.4
BLA;13.11.2020 00:00;2.1;9.5;-1.8;0.1;13.1;-4.6;69.4;4.9;850.9;;1547.3;;1024.1;1;4.7;3.6;16.9;4.1;14.8;;0;0;0;56;;;;15;215;89;0.7;0;82;17.9;9.9
BLA;14.11.2020 00:00;2.9;10.7;-0.1;1.1;14.6;-2.7;74.3;5.5;850.2;;1540.7;;1023.3;1;5.3;3.6;19.1;5.3;19.1;;0;0;0;57;;;;11;244;100;0.7;0;76;17.1;9.1
BLA;15.11.2020 00:00;3.6;10.3;-0.5;1.8;14.1;-3.2;66.6;5.2;846.4;;1504.6;;1018.9;1.1;8.5;4;30.6;4.6;16.6;;4.6;0;0;55;;;;24;220;96;0.7;0;82;16.4;8.4
BLA;16.11.2020 00:00;1.9;6.6;-2.8;0.8;8.9;-5.3;86.4;6.1;848.7;;1526.2;;1021.6;1.4;8.1;5;29.2;7.6;27.4;;0.1;4.7;0;54;;;;34;87;38;0.4;0;90;18.1;10.1
BLA;17.11.2020 00:00;0.3;6.8;-3.5;-1.5;10;-5.9;79.2;4.9;855;;1586.1;;1028.9;1.1;5;4;18;4.7;16.9;;0;0;0;46;;;;19;198;88;0.5;0;76;19.7;11.7
BLA;18.11.2020 00:00;3.5;11.5;0.7;1;14;-2.5;62.7;4.8;855.6;;1592.6;;1029.7;1.1;5.3;4;19.1;4.7;16.9;;0;0;0;53;;;;9;226;100;0.8;0;77;16.5;8.5
BLA;19.11.2020 00:00;3.6;9;-0.3;1.7;9.1;-2.8;70.2;5.7;853.3;;1570.3;;1026.9;1.6;11;5.8;39.6;10.3;37.1;;1.7;1.6;0;33;;;;28;0;0;0.8;0;90;16.4;8.4
BLA;20.11.2020 00:00;-1.3;2.4;-4.7;-1.8;6.1;-7.4;75.2;4.2;853.5;;1571.2;;1027.1;1.9;15.2;6.8;54.7;14.4;51.8;;0;0.1;0;60;;;;19;220;100;0.5;0;162;21.3;13.3
BLA;21.11.2020 00:00;-2.8;3.4;-7.3;-4.7;7.3;-9.9;64.4;3.1;855.5;;1590.1;;1029.5;1.1;15;4;54;14.8;53.3;;0;0;0;54;;;;18;213;100;0.5;0;83;22.8;14.8
BLA;22.11.2020 00:00;1.5;9.3;-2.3;-0.6;12.4;-5.2;65;4.4;854;;1576.4;;1027.7;1;3.9;3.6;14;3.7;13.3;;0;0;0;49;;;;12;201;98;0.6;0;76;18.5;10.5
BLA;23.11.2020 00:00;-0.1;6.3;-2.5;-2.2;8.6;-5.1;73.4;4.4;853.4;;1570.9;;1027.1;1.1;15.4;4;55.4;14.6;52.6;;0;0;0;39;;;;24;103;51;0.6;0;82;20.1;12.1
BLA;24.11.2020 00:00;0.2;7.6;-2.5;-2.2;9.8;-5.5;62.6;3.8;850.8;;1546.4;;1024;1.2;4.1;4.3;14.8;3.8;13.7;;0;0;0;45;;;;10;202;100;0.7;0;79;19.8;11.8
BLA;25.11.2020 00:00;0.1;7.2;-2.1;-2.4;10.1;-5.1;65.1;4;848;;1519.6;;1020.7;1.2;5.3;4.3;19.1;4;14.4;;0;0;0;38;;;;10;167;84;0.7;0;73;19.9;11.9
BLA;26.11.2020 00:00;-1;6.3;-3.3;-3.2;9.3;-6;66.6;3.7;848.7;;1526.6;;1021.6;1.1;3.9;4;14;3.8;13.7;;0;0;1;43;;;;9;198;100;0.6;0;77;21;13
BLA;27.11.2020 00:00;-0.9;5.8;-3.5;-3.1;8.5;-6.5;66.4;3.8;846.6;;1506.6;;1019.1;1.1;12.8;4;46.1;12.8;46.1;;0;0;1;41;;;;9;196;100;0.6;0;77;20.9;12.9
BLA;28.11.2020 00:00;-0.8;6.6;-3.8;-3.2;9.5;-6.6;64.3;3.6;843.3;;1475.9;;1015.4;1.2;6.5;4.3;23.4;4.3;15.5;;0;0;1;41;;;;10;193;100;0.7;0;73;20.8;12.8
BLA;29.11.2020 00:00;-2.2;4.5;-5;-4.7;7.9;-8.3;63.1;3.2;844.1;;1483;;1016.2;1;4.3;3.6;15.5;3.8;13.7;;0;0;1;41;;;;11;187;100;0.5;0;83;22.2;14.2
BLA;30.11.2020 00:00;-4.1;2.9;-6.8;-6.7;6.4;-9.8;60.5;2.7;847.7;;1517.2;;1020.4;1.1;13.3;4;47.9;13.3;47.9;;0.9;0;2;39;;;;8;183;100;0.6;0;76;24.1;16.1
BLA;01.12.2020 00:00;-3.9;-1.1;-8.5;-4.5;0.5;-11.7;88.6;4.1;841.4;;1458.5;;1013.1;1.2;6.6;4.3;23.8;6.5;23.4;;4.9;5.8;3;35;;;;29;0;0;0.2;0;90;23.9;15.9
BLA;02.12.2020 00:00;-6.8;-3.8;-10.2;-8.7;0.9;-15;91.8;3.4;837.3;;1421.5;;1008.4;1.2;15.3;4.3;55.1;15.3;55.1;;0.1;0.1;10;43;;;;18;168;99;0.2;0;83;26.8;18.8
BLA;03.12.2020 00:00;-6.4;-3.7;-9.4;-7.8;-2.3;-12;89.8;3.4;832.4;;1374.8;;1002.6;1.2;10.4;4.3;37.4;10.4;37.4;;0;0;8;37;;;;12;167;100;0.2;0;83;26.4;18.4
BLA;04.12.2020 00:00;-2.1;1.2;-3.9;-2.7;0.2;-5.3;82.3;4.3;821.4;;1265.4;;989.8;1.8;15.5;6.5;55.8;15.1;54.4;;7.4;5.5;7;15;;;;10;0;0;0.5;0;124;22.1;14.1
BLA;05.12.2020 00:00;-3.1;-0.7;-5.9;-3.7;-0.7;-7.9;92.6;4.5;826;;1311;;995.2;1.1;5.1;4;18.4;4.8;17.3;;14.4;10.1;19;34;;;;29;0;0;0.2;0;101;23.1;15.1
BLA;06.12.2020 00:00;-3;-1.7;-3.6;-2.9;-0.6;-4.1;95.6;4.7;826.3;;1314.3;;995.6;1.2;14.3;4.3;51.5;14.3;51.5;;8.1;12.1;34;34;;;;29;0;0;0.2;0;153;23;15
BLA;07.12.2020 00:00;-4.6;-3;-8.1;-5.2;-2.1;-10.7;91.2;4;828.1;;1332.8;;997.6;1.1;11.8;4;42.5;10.8;38.9;;5.2;7.4;35;36;;;;27;21;14;0.2;0;117;24.6;16.6
BLA;08.12.2020 00:00;-4.4;-1;-7.6;-5.7;0.1;-10.2;85.1;3.7;829.3;;1343.6;;999;1.3;14;4.7;50.4;11.5;41.4;;1.3;1.1;35;40;;;;24;94;70;0.3;0;76;24.4;16.4
BLA;09.12.2020 00:00;-4.6;-3.1;-7.3;-4.9;-2.6;-7.6;95.8;4.2;833.3;;1382.5;;1003.7;1.1;12.5;4;45;11.2;40.3;;0.1;0.3;33;34;;;;29;0;0;0.2;0;127;24.6;16.6
BLA;10.12.2020 00:00;-9.1;-3.1;-12.3;-11.3;-2.4;-14.5;89.7;2.8;832.5;;1377.8;;1002.8;1.1;10.5;4;37.8;10.5;37.8;;0;0;30;30;;;;9;148;100;0.3;0;66;29.1;21.1
BLA;11.12.2020 00:00;-6.2;-1.9;-11;-7.8;-2.4;-13.8;81.3;3.2;830;;1351.7;;999.8;1.3;10.3;4.7;37.1;10.3;37.1;;1.4;1;29;31;;;;26;0;0;0.3;0;61;26.2;18.2
BLA;12.12.2020 00:00;-3.2;-1.5;-7.2;-3.7;0;-9;94.4;4.6;830.5;;1355.1;;1000.5;1.1;11.4;4;41;11.4;41;;7.8;5.2;31;32;;;;27;0;0;0.1;0;81;23.2;15.2
BLA;13.12.2020 00:00;-3.4;-1.6;-8.1;-4.1;-1.7;-9.8;93.5;4.5;840.1;;1446.1;;1011.6;1.1;11.4;4;41;11.2;40.3;;0;3;48;29;;;;12;96;74;0.1;0;63;23.4;15.4
BLA;14.12.2020 00:00;-0.7;3.8;-6.1;-2.2;5.1;-8.2;89;5.2;842.8;;1471.3;;1014.8;1.2;14.6;4.3;52.6;14.6;52.6;;0;0;42;41;;;;33;24;19;0.2;0;66;20.7;12.7
BLA;15.12.2020 00:00;1.7;4.8;-1.3;0.7;5.8;-3.4;84.2;5.8;843.6;;1477.4;;1015.6;1.3;14.9;4.7;53.6;14.9;53.6;;0;0;37;37;;;;31;17;13;0.3;0;66;18.3;10.3
BLA;16.12.2020 00:00;-1.4;3.5;-4.3;-3.7;4.2;-7.1;85.4;4.7;846.5;;1505.9;;1019;1.3;14.8;4.7;53.3;14.7;52.9;;0;0;32;25;;;;15;60;47;0.4;0;70;21.4;13.4
BLA;17.12.2020 00:00;-2.9;2.1;-6.2;-5.4;2.7;-8.9;76.3;3.8;850.9;;1547.4;;1024.1;1.3;12.5;4.7;45;11.9;42.8;;0;0;31;26;;;;8;131;100;0.5;0;70;22.9;14.9
BLA;18.12.2020 00:00;-2.7;2.1;-4.8;-5.5;2.7;-7.9;78.4;3.9;851.2;;1550.4;;1024.5;1.3;12.6;4.7;45.4;12.2;43.9;;0;0;30;26;;;;8;131;100;0.5;0;75;22.7;14.7
BLA;19.12.2020 00:00;-2.8;1.4;-5.4;-5.4;1;-8.6;72.9;3.6;849.5;;1533.8;;1022.5;1.6;13.4;5.8;48.2;13.4;48.2;;0;0;30;24;;;;15;41;33;0.5;0;63;22.8;14.8
BLA;20.12.2020 00:00;-0.3;4.1;-2.7;-1.9;3.7;-5;75.9;4.5;849.1;;1530.3;;1022;1.3;14.1;4.7;50.8;14.1;50.8;;0;0;29;40;;;;35;0;0;0.4;0;73;20.3;12.3
BLA;21.12.2020 00:00;-0.3;4.3;-5.1;-1.4;4.1;-7.8;85.6;5.2;851.1;;1549.2;;1024.4;1.4;14.7;5;52.9;14.7;52.9;;22.3;22.3;29;26;;;;22;0;0;0.4;0;77;20.3;12.3
BLA;22.12.2020 00:00;2.7;6.3;0.9;1.3;7.3;-1.4;87.3;6.4;852.1;;1559;;1025.5;1.6;13.8;5.8;49.7;13.4;48.2;;0;0;28;32;;;;23;49;39;0.5;0;70;17.3;9.3
BLA;23.12.2020 00:00;3.3;6.1;0.7;2.1;5.2;-1.9;78.7;6.1;848.1;;1520.5;;1020.9;1.5;14.6;5.4;52.6;14.6;52.6;;8.3;0;26;36;;;;32;0;0;0.5;0;68;16.7;8.7
BLA;24.12.2020 00:00;0.8;3.1;-2.1;0.3;3.5;-2.9;89.7;5.8;841.5;;1457.9;;1013.2;1.5;14.3;5.4;51.5;14.3;51.5;;2.1;10.4;24;45;;;;40;0;0;0.2;0;77;19.2;11.2
BLA;25.12.2020 00:00;-3.3;-0.6;-9.6;-4.1;-2;-12.1;58.2;2.8;840;;1445.2;;1011.5;3;20.2;10.8;72.7;18.7;67.3;;0;0;28;38;;;;33;0;0;0.6;0;70;23.3;15.3
BLA;26.12.2020 00:00;-10.8;-6.7;-13.2;-13.1;-5.6;-15.8;71.2;1.9;845.8;;1500.5;;1018.2;1.6;12.5;5.8;45;11.5;41.4;;0;0;24;32;;;;15;124;97;0.3;0;62;30.8;22.8
BLA;27.12.2020 00:00;-5.9;-0.5;-13.2;-7.4;-0.9;-15.8;64.4;2.6;830.5;;1355.8;;1000.5;1.3;13.4;4.7;48.2;12.8;46.1;;0.1;0;24;43;;;;39;0;0;0.3;0;84;25.9;17.9
BLA;28.12.2020 00:00;-5.1;-2.9;-6.2;-5.5;-2;-7.5;82.1;3.4;815.6;;1212.3;;983.1;1.5;14.2;5.4;51.1;13.8;49.7;;2.5;2.3;24;33;;;;27;0;0;0.3;0;90;25.1;17.1
BLA;29.12.2020 00:00;-5.5;-2.1;-10.1;-6.5;-1.6;-12.5;88.8;3.6;824;;1294;;992.8;1.6;12.3;5.8;44.3;12.2;43.9;;1.3;1.6;28;33;;;;27;0;0;0.2;0;90;25.5;17.5
BLA;30.12.2020 00:00;-8.2;-3.4;-11.8;-10.3;-3.5;-14.5;75.5;2.5;832;;1372.2;;1002.2;1.4;11.6;5;41.8;11.3;40.7;;0;0;30;28;;;;23;0;0;0.4;0;70;28.2;20.2
BLA;31.12.2020 00:00;-7.1;-2;-13.2;-8.3;-0.2;-16.1;72;2.6;834.2;;1392.1;;1004.7;1.3;12.9;4.7;46.4;12.9;46.4;;0.5;0.5;29;53;;;;47;5;4;0.3;0;76;27.1;19.1
BLA;01.01.2021 00:00;-5.4;-0.9;-7.7;-7;-0.5;-10.2;76.7;3.1;832.9;;1379.1;;1003.2;1.3;17.8;4.7;64.1;17.8;64.1;;0;0;30;41;;;;33;2;1;0.4;0;79;25.4;17.4
BLA;02.01.2021 00:00;-3.5;0.7;-8.2;-4.5;1.1;-11.2;81.4;3.9;832.5;;1374.3;;1002.8;1.3;17.6;4.7;63.4;17.6;63.4;;2.1;2.1;29;41;;;;36;0;0;0.3;0;98;23.5;15.5
BLA;03.01.2021 00:00;-5.2;-2.3;-9.9;-5.6;-0.8;-12.7;95.6;4;833.9;;1388.6;;1004.4;1.3;12.6;4.7;45.4;12.5;45;;0.5;0.5;33;41;;;;35;0;0;0.1;0;121;25.2;17.2
BLA;04.01.2021 00:00;-5.5;-1.5;-9.2;-7.2;-3.4;-12;80.4;3.3;834.2;;1391.2;;1004.7;1.5;12.8;5.4;46.1;12.3;44.3;;0;0;33;41;;;;33;1;1;0.3;0;75;25.5;17.5
BLA;05.01.2021 00:00;-8.5;-3.5;-13.1;-10.8;-4.3;-16.1;74.2;2.4;834;;1390.8;;1004.5;1.4;12.1;5;43.6;11.8;42.5;;0;0;29;37;;;;30;5;3;0.3;0;68;28.5;20.5
BLA;06.01.2021 00:00;-10.4;-6.4;-14.2;-11.6;-5;-16.9;78.9;2.2;836.3;;1413.9;;1007.2;1.3;4.8;4.7;17.3;4.5;16.2;;0;0;29;53;;;;48;0;0;0.2;0;74;30.4;22.4
BLA;07.01.2021 00:00;-13.1;-6.6;-15.7;-16;-6;-18.9;75.8;1.7;838.1;;1431.6;;1009.3;1.2;10.3;4.3;37.1;10.3;37.1;;0;0;29;38;;;;12;166;99;0.3;0;68;33.1;25.1
BLA;08.01.2021 00:00;-14.3;-8.4;-17.4;-17.1;-7.8;-20.3;70.3;1.4;839.1;;1440.4;;1010.4;1.3;13.8;4.7;49.7;13;46.8;;0;0;29;39;;;;12;168;99;0.3;0;70;34.3;26.3
BLA;09.01.2021 00:00;-9.5;-3.6;-14.6;-12.2;-3.5;-17.9;58.2;1.7;839.3;;1440.8;;1010.6;1.3;12.6;4.7;45.4;12.2;43.9;;0;0;29;47;;;;31;122;71;0.4;0;75;29.5;21.5
BLA;10.01.2021 00:00;-9.6;-3;-13;-13.1;-2.9;-16.9;54.6;1.6;839.8;;1445.5;;1011.2;1.3;12.2;4.7;43.9;11.7;42.1;;0;0;30;41;;;;10;177;100;0.5;0;75;29.6;21.6
BLA;11.01.2021 00:00;-10.8;-3.7;-13.9;-14;-3.5;-17.7;59.1;1.6;843.1;;1476.5;;1015.1;1.3;12.9;4.7;46.4;11.9;42.8;;0;0;30;41;;;;10;183;99;0.4;0;68;30.8;22.8
BLA;12.01.2021 00:00;-5.5;-2;-10.6;-6.3;-1.9;-13.7;83;3.6;843.5;;1478.4;;1015.5;1.3;14.8;4.7;53.3;14.8;53.3;;22.3;20;30;26;;;;21;0;0;0.3;0;83;25.5;17.5
BLA;13.01.2021 00:00;-1.8;1.5;-4.2;-2.7;-0.8;-4.3;79.4;4.2;844.4;;1486.3;;1016.6;1.8;15.6;6.5;56.2;15.2;54.7;;23.1;18.9;62;31;;;;26;0;0;0.5;0;135;21.8;13.8
BLA;14.01.2021 00:00;-0.5;2.3;-1;-1;-0.8;-1.7;96.4;5.7;841.8;;1461.3;;1013.6;1.7;13.7;6.1;49.3;12.9;46.4;;22.1;26.3;75;15;;;;10;0;0;0.4;0;180;20.5;12.5
BLA;15.01.2021 00:00;-3.3;0.4;-12.4;-4.5;-0.5;-16.6;92.5;4.6;841.7;;1461.1;;1013.5;1.5;13.9;5.4;50;13.9;50;;2.6;4.9;95;40;;;;33;14;7;0.1;0;117;23.3;15.3
BLA;16.01.2021 00:00;-11.6;-5;-15.6;-13.9;-5.3;-19.7;87;2.3;846.3;;1505.7;;1018.8;1.3;13.3;4.7;47.9;13.2;47.5;;7.4;2.4;88;48;;;;21;123;61;0.3;0;63;31.6;23.6
BLA;17.01.2021 00:00;-4.4;-2.5;-7.5;-4.9;-1.9;-8.8;93.5;4.1;843.9;;1481.8;;1016;1.6;13;5.8;46.8;12.6;45.4;;5.6;10.6;98;34;;;;28;0;0;0.2;0;127;24.4;16.4
BLA;18.01.2021 00:00;-10.1;-5.1;-13.4;-12;-4.4;-15.7;84.5;2.4;849.2;;1531.7;;1022.2;1.3;12.5;4.7;45;12.4;44.6;;0;0;97;51;;;;15;183;89;0.3;0;63;30.1;22.1
BLA;19.01.2021 00:00;-7.3;-0.4;-12.8;-9.7;0.5;-15.7;79;2.8;846.7;;1508.6;;1019.3;1.3;13.4;4.7;48.2;13.4;48.2;;0;0;91;54;;;;17;207;100;0.4;0;72;27.3;19.3
BLA;20.01.2021 00:00;-5.3;0.4;-9;-7.3;1.1;-11.9;71.1;2.9;840.7;;1452.3;;1012.3;1.4;12.1;5;43.6;11.7;42.1;;0;0;86;71;;;;54;118;56;0.4;0;68;25.3;17.3
BLA;21.01.2021 00:00;-1.5;2.3;-4.7;-2.6;2.5;-6.8;75.6;4.1;836.2;;1408.5;;1007.1;1.4;12.6;5;45.4;12.5;45;;3.9;0.3;82;56;;;;47;28;13;0.5;0;79;21.5;13.5
BLA;22.01.2021 00:00;-0.5;3.1;-3.4;-1.1;4.6;-4.8;91.6;5.4;827.6;;1324.4;;997;1.4;4.8;5;17.3;4.7;16.9;;3.1;6.7;88;57;;;;46;34;15;0.3;0;98;20.5;12.5
BLA;23.01.2021 00:00;-4.4;-1.2;-7.8;-5.4;-0.9;-9.3;82.3;3.6;826.9;;1320.5;;996.2;1.6;12.2;5.8;43.9;11.5;41.4;;5.6;4.8;87;59;;;;42;49;22;0.4;0;90;24.4;16.4
BLA;24.01.2021 00:00;-8;-3.7;-12.2;-9.4;-4.7;-14.1;64.9;2.2;828.9;;1342.8;;998.6;1.8;11.1;6.5;40;10.7;38.5;;12.7;2.2;94;61;;;;13;231;100;0.5;0;70;28;20
BLA;25.01.2021 00:00;-7.2;-6;-8.1;-7.1;-4.9;-8.3;91.2;3.3;831.4;;1365.9;;1001.5;1.6;11.7;5.8;42.1;11.5;41.4;;3.4;14.4;105;38;;;;31;0;0;0.3;0;171;27.2;19.2
BLA;26.01.2021 00:00;-10.3;-5.4;-15;-11.2;-6.1;-15;69.7;1.9;843.9;;1483;;1016;1.4;9;5;32.4;9;32.4;;1.1;0.3;102;62;;;;30;194;82;0.4;0;66;30.3;22.3
BLA;27.01.2021 00:00;-5.4;-0.5;-9.9;-8.1;-5.9;-11.4;91.9;3.9;841.7;;1461.7;;1013.5;1.5;12;5.4;43.2;12;43.2;;52.8;40;100;11;;;;6;0;0;0.3;0;99;25.4;17.4
BLA;28.01.2021 00:00;0.6;2;-0.5;-4.2;-2.2;-5.9;98.2;6.2;840.8;;1451.4;;1012.4;1.6;12.3;5.8;44.3;12.3;44.3;;36.3;43.7;147;14;;;;9;0;0;0.4;0;90;19.4;11.4
BLA;29.01.2021 00:00;0.2;2;-1.2;-0.9;-0.3;-2.1;95.4;5.9;836.4;;1409.2;;1007.3;2;16.6;7.2;59.8;15.3;55.1;;20.7;26.2;130;24;;;;19;0;0;0.4;0;135;19.8;11.8
BLA;30.01.2021 00:00;-0.7;0.5;-1.9;-0.2;-0.1;-0.3;95.6;5.5;831.5;;1362.3;;1001.6;1.4;5.3;5;19.1;4.7;16.9;;8.1;9.1;138;31;;;;27;0;0;0.4;0;82;20.7;12.7
BLA;31.01.2021 00:00;-4;-0.6;-8;-0.1;0;-0.1;93.8;4.3;828.4;;1334.8;;997.9;1.3;4.8;4.7;17.3;4.5;16.2;;5.6;0;137;66;;;;21;213;80;0.3;0;70;24;16
BLA;01.02.2021 00:00;-0.9;0.6;-2.9;-0.1;-0.1;-0.1;97.6;5.6;828.7;;1335.7;;998.3;1.2;4.5;4.3;16.2;4.5;16.2;;16.6;22.2;140;32;;;;27;0;0;0.3;0;97;20.9;12.9
BLA;02.02.2021 00:00;0.9;2.6;-1.4;0;0;-0.1;96.9;6.3;839.3;;1436.6;;1010.6;1.7;5.8;6.1;20.9;5.4;19.4;;9.5;9.5;150;32;;;;28;0;0;0.3;0;67;19.1;11.1
BLA;03.02.2021 00:00;2.1;4.4;0.5;0;0;0;95.8;6.8;839;;1433.3;;1010.3;1.7;7.3;6.1;26.3;5.6;20.2;;7.9;7.9;133;34;;;;29;0;0;0.4;0;79;17.9;9.9
BLA;04.02.2021 00:00;1;4.2;-1.6;0.8;4.5;-3;78.6;5.1;843.2;;1474.5;;1015.2;1.7;5.9;6.1;21.2;5.6;20.2;;0;0;120;64;;;;59;0;0;0.6;0;67;19;11
BLA;05.02.2021 00:00;1.1;5.7;-2.4;-0.6;4.8;-5;84.3;5.6;842.3;;1466;;1014.2;1.6;4.9;5.8;17.6;4.7;16.9;;0.2;0.2;115;51;;;;46;0;0;0.6;0;67;18.9;10.9
BLA;06.02.2021 00:00;2.1;5;-1.4;0.8;4;-3.6;79.4;5.6;836.4;;1407.8;;1007.2;1.7;7.4;6.1;26.6;6.9;24.8;;0;0;112;57;;;;53;0;0;0.6;0;75;17.9;9.9
BLA;07.02.2021 00:00;0;3.7;-5;-0.4;3.8;-6;86.3;5.3;826.6;;1314.9;;995.9;1.6;10.2;5.8;36.7;8.8;31.7;;1.7;1.7;110;45;;;;41;0;0;0.5;0;135;20;12
BLA;08.02.2021 00:00;-4.9;0.7;-10.3;-6.3;1.9;-12.7;64.1;2.7;824.9;;1302.6;;993.9;2;7;7.2;25.2;6.6;23.8;;0.7;0;112;85;;;;19;269;92;0.7;0;61;24.9;16.9
BLA;09.02.2021 00:00;-1.6;3.4;-4.4;-2.2;5.3;-6.3;80.5;4.3;827.4;;1323.8;;996.9;1.5;5.6;5.4;20.2;5.4;19.4;;2.5;1.9;112;80;;;;53;109;37;0.7;0;77;21.6;13.6
BLA;10.02.2021 00:00;-1.4;0.6;-2.6;-1.5;2;-3.4;93.2;5.1;830.2;;1350.1;;1000;1.3;5;4.7;18;4.7;16.9;;2.7;3.7;115;55;;;;51;0;0;0.5;0;108;21.4;13.4
BLA;11.02.2021 00:00;-5.3;-1.6;-9.7;-6.6;1.5;-14.8;83.6;3.5;841.1;;1456.1;;1012.7;1.5;4.8;5.4;17.3;4.4;15.8;;0;0.3;118;93;;;;21;298;98;0.4;0;73;25.3;17.3
BLA;12.02.2021 00:00;-4;0.4;-8.6;-4.3;2;-11;88.1;4;843;;1473.1;;1014.9;1.2;4.6;4.3;16.6;4.6;16.6;;2.9;2.9;114;63;;;;58;0;0;0.5;0;99;24;16
BLA;13.02.2021 00:00;-9.3;-5.6;-15.4;-9.5;-0.5;-18.9;91.5;2.8;847.2;;1513.2;;1019.8;1.6;4.9;5.8;17.6;4.5;16.2;;0;0;117;89;;;;42;153;48;0.3;0;63;29.3;21.3
BLA;14.02.2021 00:00;-11.3;-2.6;-17;-14.3;1.1;-22.2;62.3;1.6;855.1;;1584.6;;1029;1.3;4;4.7;14.4;3.9;14;;0;0;116;105;;;;25;308;96;0.6;0;73;31.3;23.3
BLA;15.02.2021 00:00;-2.9;3.4;-11.4;-4;4.5;-16.3;67.6;3.5;855.3;;1587.8;;1029.2;1.4;6.5;5;23.4;6.1;22;;1.5;0.7;115;73;;;;52;69;21;0.7;0;72;22.9;14.9
BLA;16.02.2021 00:00;2.9;7.1;0.1;2;8.6;-1.1;81.3;6;850;;1538.9;;1023.1;1.5;4.6;5.4;16.6;4.6;16.6;;1.8;0.8;113;80;;;;66;47;14;0.8;0;70;17.1;9.1
BLA;17.02.2021 00:00;0.2;5.1;-5.3;-0.6;7.1;-8.2;70.4;4.4;848.5;;1524.4;;1021.3;1.7;5.3;6.1;19.1;4.9;17.6;;0;1.8;109;105;;;;20;325;98;0.8;0;65;19.8;11.8
BLA;18.02.2021 00:00;-1.6;5.7;-6.7;-3.4;7.6;-9.5;60.6;3.3;846.7;;1507.4;;1019.2;1.5;4.3;5.4;15.5;4.2;15.1;;0;0;108;89;;;;63;86;26;1;0;66;21.6;13.6
BLA;19.02.2021 00:00;2;7.7;-2.2;1;10.1;-4.8;66.1;4.6;847.6;;1515.5;;1020.2;1.5;4.6;5.4;16.6;4.4;15.8;;0;0;108;116;;;;43;329;99;1.1;0;70;18;10
BLA;20.02.2021 00:00;-0.3;7.7;-4.6;-2;9;-6.7;62.1;3.6;848.3;;1523.1;;1021.1;1.3;4.6;4.7;16.6;4.3;15.5;;0;0;107;115;;;;17;334;99;1.1;0;73;20.3;12.3
BLA;21.02.2021 00:00;-0.7;7.6;-5.1;-2.4;9.1;-7.6;59.2;3.4;848.4;;1524.1;;1021.3;1.4;5.5;5;19.8;5;18;;0;0;107;118;;;;17;338;99;1.1;0;66;20.7;12.7
BLA;22.02.2021 00:00;0.7;6.8;-4.3;-1.2;7.2;-7.1;62.3;4;853.6;;1572.5;;1027.2;1.5;5.7;5.4;20.5;5.4;19.4;;0;0;107;94;;;;83;6;2;1;0;66;19.3;11.3
BLA;23.02.2021 00:00;2.5;8.4;-1.3;0;7.9;-4.3;72;5.2;861.4;;1646.3;;1036.3;1.2;5.7;4.3;20.5;5.7;20.5;;0;0;106;111;;;;47;331;95;1;0;79;17.5;9.5
BLA;24.02.2021 00:00;2.8;8.8;-0.5;0.4;8.8;-3.9;66;4.8;862.1;;1653.1;;1037.1;1.6;5.6;5.8;20.2;5.5;19.8;;0;0;106;118;;;;37;348;99;1.2;0;67;17.2;9.2
BLA;25.02.2021 00:00;1.7;9.2;-2.7;-0.7;9.6;-5.9;57.7;3.9;859.1;;1624.3;;1033.6;1.5;4.9;5.4;17.6;4.4;15.8;;0;0;104;127;;;;20;354;99;1.3;0;67;18.3;10.3
BLA;26.02.2021 00:00;1.8;7.3;-2.3;0;8.2;-5.3;66.3;4.6;856;;1595.6;;1030.1;1.4;4.5;5;16.2;4.2;15.1;;0;0;104;108;;;;49;190;53;1.1;0;70;18.2;10.2
BLA;27.02.2021 00:00;1;9.2;-3.1;-0.8;9.4;-5.2;69.3;4.4;853;;1566.7;;1026.5;1.8;8.1;6.5;29.2;7.8;28.1;;0;0;103;122;;;;33;343;95;1.3;0;68;19;11
BLA;28.02.2021 00:00;-0.1;6.6;-4;-2.1;7.5;-6.7;66.1;3.9;854.8;;1584.2;;1028.7;1.6;5;5.8;18;4.9;17.6;;0;0;100;132;;;;25;362;100;1.2;0;67;20.1;12.1
BLA;01.03.2021 00:00;-1;7.2;-5.9;-3.3;8.6;-9;52.4;2.8;855.2;;1587.1;;1029.1;1.6;6.1;5.8;22;5.9;21.2;;0;0;98;141;;;;20;368;99;1.4;0;65;21;13
BLA;02.03.2021 00:00;-0.1;7.8;-5.9;-2.3;9.2;-9;49.8;3;857.8;;1612.1;;1032.2;1.6;5;5.8;18;4.9;17.6;;0;0;97;137;;;;24;358;95;1.4;0;65;20.1;12.1
BLA;03.03.2021 00:00;1.5;5.8;-1.5;-0.2;4.5;-3.8;66.3;4.5;856;;1595.9;;1030.1;1.3;5.6;4.7;20.2;5.6;20.2;;0;0;95;84;;;;81;0;0;1;0;70;18.5;10.5
BLA;04.03.2021 00:00;2.7;6.9;-0.5;1.7;8.3;-2.5;67.8;4.9;847.9;;1518.5;;1020.6;1.5;5.7;5.4;20.5;5.4;19.4;;0.3;0;95;96;;;;81;23;6;1.2;0;67;17.3;9.3
BLA;05.03.2021 00:00;0.8;4.6;-3.4;0.6;7.4;-5.2;71.3;4.6;845.1;;1492.1;;1017.4;1.8;9.3;6.5;33.5;8.9;32;;0.2;0.5;95;127;;;;96;112;29;1.1;0;62;19.2;11.2
BLA;06.03.2021 00:00;-2.2;4.4;-7;-3.5;7.1;-9.3;61.2;3.1;849.5;;1533.9;;1022.5;1.7;5.6;6.1;20.2;5.1;18.4;;0;0;92;149;;;;27;380;97;1.3;0;68;22.2;14.2
BLA;07.03.2021 00:00;-0.7;3.8;-5.2;-1.5;8.1;-7.3;67.8;3.9;847;;1510.7;;1019.6;1.6;5.6;5.8;20.2;4.9;17.6;;0;0;92;110;;;;89;56;14;1;0;68;20.7;12.7
BLA;08.03.2021 00:00;-0.4;4.1;-3.3;-1;9.1;-5.3;73;4.3;842.6;;1469;;1014.5;1.5;6.8;5.4;24.5;6.5;23.4;;0.4;0.4;92;133;;;;76;209;52;1.1;0;79;20.4;12.4
BLA;09.03.2021 00:00;-1.9;1;-5.9;-2.4;4.6;-8.3;73;3.9;841.8;;1461.5;;1013.5;1.8;10.7;6.5;38.5;10.4;37.4;;0;0;91;115;;;;97;28;7;0.9;0;90;21.9;13.9
BLA;10.03.2021 00:00;-2.7;3;-9.2;-4;6;-12.3;55.6;2.7;845.1;;1492.8;;1017.4;1.9;6.7;6.8;24.1;6.6;23.8;;1.3;0;91;165;;;;40;398;98;1.3;0;65;22.7;14.7
BLA;11.03.2021 00:00;3.2;9;0.2;2.4;8.8;0;78.9;5.9;843.2;;1473.7;;1015.2;2.1;12.9;7.6;46.4;12.1;43.6;;11.5;12.6;91;112;;;;88;78;19;1.4;0;90;16.8;8.8
BLA;12.03.2021 00:00;-1;2.8;-4;-2;5.7;-6;71.4;4;842.8;;1470.8;;1014.7;2;7.7;7.2;27.7;7.3;26.3;;0;0.2;87;129;;;;58;243;58;1.2;0;96;21;13
BLA;13.03.2021 00:00;0.4;5.8;-3.7;-0.3;7;-5.7;64.7;3.9;840.1;;1444.8;;1011.6;2.2;13.5;7.9;48.6;12.7;45.7;;9.5;5.4;87;143;;;;61;251;60;1.5;0;129;19.6;11.6
BLA;14.03.2021 00:00;-3.7;-1.5;-5.2;-3.8;-1.9;-5.7;83.6;3.9;839.6;;1441.1;;1011;2.4;13.4;8.6;48.2;12.8;46.1;;11.7;12.3;102;52;;;;47;0;0;0.7;0;150;23.7;15.7
BLA;15.03.2021 00:00;-3.6;-1.8;-4.7;-3;-2;-3.9;93.2;4.4;841.1;;1455.6;;1012.7;1.8;8.3;6.5;29.9;8;28.8;;29.3;31.3;108;23;;;;18;0;0;0.4;0;90;23.6;15.6
BLA;16.03.2021 00:00;-3.9;-1.5;-5.6;-1.4;-0.9;-2;75.5;3.4;846.5;;1506.6;;1019;2;6.4;7.2;23;6.2;22.3;;1.8;3.1;133;139;;;;121;5;1;1;0;67;23.9;15.9
BLA;17.03.2021 00:00;-3;0.1;-5.3;-2.1;2.3;-6;78;3.8;844.1;;1483.2;;1016.2;1.7;10.4;6.1;37.4;9.9;35.6;;1.9;2.1;124;128;;;;113;23;5;1;0;84;23;15
BLA;18.03.2021 00:00;-6.4;-1.8;-12.3;-7.4;3.3;-16.5;63.1;2.3;842.4;;1468.5;;1014.3;1.9;9.6;6.8;34.6;8.7;31.3;;0;0;121;162;;;;97;234;54;1.1;0;56;26.4;18.4
BLA;19.03.2021 00:00;-7.7;-0.7;-13.3;-8.8;5.6;-16.9;54.8;1.8;839.7;;1443.6;;1011.1;1.7;6.7;6.1;24.1;6.4;23;;0;0;117;204;;;;41;438;99;1.3;0;65;27.7;19.7
BLA;20.03.2021 00:00;-8;0;-14.5;-9.3;4.3;-18;56.1;1.8;843.5;;1479.5;;1015.6;1.6;7.9;5.8;28.4;7.9;28.4;;0;0;114;198;;;;29;443;100;1.3;0;72;28;20
BLA;21.03.2021 00:00;-3.7;3.7;-11.4;-4.2;6;-14.5;55.3;2.4;842.2;;1465.8;;1014;3.6;21.7;13;78.1;21.2;76.3;;0;0;113;168;;;;84;290;64;1.7;0;21;23.7;15.7
BLA;22.03.2021 00:00;-3.8;3.3;-10.3;-4.4;6.6;-12.6;72.3;3.3;842.6;;1469.5;;1014.5;2.1;8.8;7.6;31.7;8.3;29.9;;0;0;110;205;;;;37;459;100;1.4;0;167;23.8;15.8
BLA;23.03.2021 00:00;-2;6.9;-8.7;-2.6;10.4;-11;66.6;3.4;848.1;;1520.7;;1020.8;1.6;5.6;5.8;20.2;5.1;18.4;;0;0;107;205;;;;33;418;90;1.7;0;84;22;14
BLA;24.03.2021 00:00;0.1;8.5;-6.6;-0.8;10.5;-8.9;52.7;3;850.3;;1542;;1023.5;1.7;7.2;6.1;25.9;6.9;24.8;;0;0;104;211;;;;26;473;100;2;0;67;19.9;11.9
BLA;25.03.2021 00:00;1.2;8.6;-4.7;0.3;11.7;-6.8;53.2;3.3;849.5;;1533.8;;1022.5;1.5;6.6;5.4;23.8;6.5;23.4;;0;0;100;210;;;;56;482;99;2;0;90;18.8;10.8
BLA;26.03.2021 00:00;1.3;7.9;-4.8;0.4;10;-7.1;54.3;3.5;849.1;;1530.4;;1022.1;1.8;5.7;6.5;20.5;5.3;19.1;;3.2;0;97;207;;;;62;414;83;2;0;65;18.7;10.7
BLA;27.03.2021 00:00;1.7;6.9;-4.1;1.8;11.1;-5.8;76.1;5.2;851.5;;1552.6;;1024.8;1.6;5.6;5.8;20.2;5.3;19.1;;0;3.2;99;212;;;;83;362;71;1.7;0;127;18.3;10.3
BLA;28.03.2021 00:00;1;9.2;-6;0.4;10.8;-8;50.9;3;856.7;;1602.4;;1030.9;1.7;6.1;6.1;22;5.8;20.9;;0;0;93;230;;;;35;505;99;2.2;0;67;19;11
BLA;29.03.2021 00:00;4.3;12;-2.5;3.4;13.2;-4.2;51;4;860;;1633.6;;1034.7;1.6;5.5;5.8;19.8;5.1;18.4;;0;0;91;222;;;;48;509;98;2.4;0;65;15.7;7.7
BLA;30.03.2021 00:00;6.3;13.8;1.6;5.3;14.2;0;50.9;4.5;858.6;;1621.8;;1033.1;1.7;6.9;6.1;24.8;6.7;24.1;;0;0;88;232;;;;34;513;99;2.7;0;68;13.7;5.7
BLA;31.03.2021 00:00;5.9;12.7;0.7;4.9;13.2;-1;49.7;4.3;854.3;;1580.3;;1028.1;1.9;11.8;6.8;42.5;11.5;41.4;;0;0;85;235;;;;32;519;99;2.7;0;68;14.1;6.1
BLA;01.04.2021 00:00;5.9;12.2;1.1;5;12.6;-0.5;54.1;4.8;850.1;;1539.8;;1023.2;2.2;6.1;7.9;22;5.9;21.2;;0;0;79;234;;;;34;523;98;2.7;0;67;14.1;6.1
BLA;02.04.2021 00:00;5.5;12.8;0.7;4.8;14.9;-0.7;58.8;5.1;845.9;;1499.6;;1018.4;1.7;8;6.1;28.8;7.9;28.4;;0;0;75;226;;;;76;415;77;2.6;0;72;14.5;6.5
BLA;03.04.2021 00:00;2.7;8.7;-2.6;2.3;11;-4.1;60.3;4.3;842.9;;1471.1;;1014.9;1.8;6.9;6.5;24.8;6.7;24.1;;0;0;72;245;;;;38;536;98;2.3;0;97;17.3;9.3
BLA;04.04.2021 00:00;1.3;8.3;-4.5;1.1;10.9;-6.1;63.4;4;844.4;;1485.7;;1016.6;1.6;5.6;5.8;20.2;5.4;19.4;;0;0;68;247;;;;33;547;99;2.2;0;90;18.7;10.7
BLA;05.04.2021 00:00;2.6;9.6;-4;1.8;10.6;-5.6;54.6;3.6;840.2;;1444.4;;1011.7;2.2;9.5;7.9;34.2;9;32.4;;0.7;0.7;63;217;;;;98;372;67;2.4;0;141;17.4;9.4
BLA;06.04.2021 00:00;-4.6;-0.4;-7.8;-4.2;0.6;-8.9;45.9;2;836.5;;1412.2;;1007.4;3.1;15.1;11.2;54.4;14.5;52.2;;0.6;0;60;225;;;;81;326;58;1.9;0;135;24.6;16.6
BLA;07.04.2021 00:00;-7.4;-4.3;-9.7;-7.1;0.4;-11.9;58.6;2;843.6;;1480.1;;1015.7;2.3;12;8.3;43.2;10.9;39.2;;0.2;0.8;62;172;;;;142;55;10;1.3;0;61;27.4;19.4
BLA;08.04.2021 00:00;-2.1;5;-9.6;-2.8;8;-12.2;38.5;1.8;848.6;;1525.5;;1021.4;2;6;7.2;21.6;5.7;20.5;;0;0;61;275;;;;34;559;99;2.3;0;65;22.1;14.1
BLA;09.04.2021 00:00;1.9;9.3;-5;1.2;11.1;-7.4;49;3.2;847.4;;1513.8;;1020;1.6;5.6;5.8;20.2;5.3;19.1;;0.7;0;58;256;;;;78;499;88;2.5;0;101;18.1;10.1
BLA;10.04.2021 00:00;2.6;6.9;-0.6;2.5;9.3;-0.9;71.5;5.2;844.6;;1487.4;;1016.8;1.8;6.8;6.5;24.5;6.3;22.7;;0;0.7;55;159;;;;134;34;6;1.8;0;104;17.4;9.4
BLA;11.04.2021 00:00;4.4;10;1.1;4.1;13.5;0.2;66.5;5.4;841.8;;1459.3;;1013.5;1.9;7.7;6.8;27.7;6.9;24.8;;1.1;0;51;210;;;;110;274;47;2.4;0;95;15.6;7.6
BLA;12.04.2021 00:00;0.1;3.1;-4.7;0.3;6.8;-7.2;64.8;4;845.7;;1498.1;;1018.1;2.2;12.5;7.9;45;11.3;40.7;;0;1.1;50;190;;;;142;138;24;1.7;0;63;19.9;11.9
BLA;13.04.2021 00:00;-3.2;1.2;-7.4;-3.6;4.7;-9.8;45.4;2.1;848.7;;1526.3;;1021.5;1.9;10.6;6.8;38.2;10;36;;0;0;48;290;;;;35;580;99;2.2;0;117;23.2;15.2
BLA;14.04.2021 00:00;-2.7;3.9;-8.9;-3.1;6.5;-11.6;49.5;2.4;846.4;;1504.8;;1018.9;1.8;8.5;6.5;30.6;8.3;29.9;;0;0;46;293;;;;56;557;95;2.3;0;121;22.7;14.7
BLA;15.04.2021 00:00;-3;0.7;-7.2;-2.9;5.1;-9.2;64.1;3.1;845.2;;1493.5;;1017.5;2.1;8.5;7.6;30.6;8.3;29.9;;0;0;43;195;;;;92;257;44;1.6;0;69;23;15
BLA;16.04.2021 00:00;-2.4;2.7;-7.3;-3;7.2;-9.5;59.1;2.9;843.5;;1478.2;;1015.6;1.8;7;6.5;25.2;6.6;23.8;;0;0;43;225;;;;71;326;55;1.9;0;96;22.4;14.4
BLA;17.04.2021 00:00;-0.2;6;-6.4;-0.4;10.1;-9.1;52.1;3;842.4;;1467;;1014.3;1.8;9.6;6.5;34.6;9;32.4;;0.1;0;40;297;;;;61;523;88;2.5;0;78;20.2;12.2
BLA;18.04.2021 00:00;0.3;4.7;-3.1;0.4;8;-4.7;63.4;3.8;843;;1472.4;;1015;1.8;10.1;6.5;36.4;8.9;32;;0;0.1;38;199;;;;132;222;37;2;0;77;19.7;11.7
BLA;19.04.2021 00:00;0.4;5.5;-5.1;0.3;9.2;-7.6;56.3;3.4;843.8;;1480.1;;1015.9;2.1;10.3;7.6;37.1;9.8;35.3;;0;0;36;278;;;;89;530;88;2.4;0;56;19.6;11.6
BLA;20.04.2021 00:00;1.7;7.1;-4;1.2;10.5;-6.3;55.2;3.6;843.2;;1473.9;;1015.2;1.9;6.1;6.8;22;5.9;21.2;;0;0;33;259;;;;78;456;75;2.5;0;69;18.3;10.3
BLA;21.04.2021 00:00;2.3;7.8;-1.9;1.5;11.3;-4.3;67.7;4.8;844.3;;1484.3;;1016.5;1.7;7.7;6.1;27.7;7.5;27;;0;0;29;155;;;;81;204;33;1.9;0;90;17.7;9.7
BLA;22.04.2021 00:00;3.6;9.8;-2;3.2;12.9;-3.8;58.6;4.3;846.9;;1509.6;;1019.5;2.1;9.4;7.6;33.8;8.3;29.9;;0;0;27;292;;;;56;575;94;3;0;60;16.4;8.4
BLA;23.04.2021 00:00;4.8;11.6;-1.6;4;13.6;-3.6;49.6;3.9;850.1;;1539.3;;1023.1;2;6.2;7.2;22.3;5.8;20.9;;0;0;23;306;;;;35;612;99;3.3;0;68;15.2;7.2
BLA;24.04.2021 00:00;6.3;13.2;-0.3;5.6;15.8;-2.5;52.8;4.8;849.8;;1536.6;;1022.8;2;11;7.2;39.6;10.4;37.4;;0;0;18;319;;;;60;588;95;3.5;0;72;13.7;5.7
BLA;25.04.2021 00:00;7;12.8;1.6;5.7;14;-0.6;52.1;4.9;846.5;;1504.7;;1019;1.9;6.1;6.8;22;5.8;20.9;;0;0;12;308;;;;50;606;98;3.5;0;71;13;5
BLA;26.04.2021 00:00;5.5;8.9;2.3;4.2;8.4;0.7;75.7;6.8;841.2;;1453.6;;1012.9;1.6;7.7;5.8;27.7;7.4;26.6;;0.1;0.1;4;99;;;;94;0;0;1.5;0;84;14.5;6.5
BLA;27.04.2021 00:00;7;12.7;2.3;6.7;17.8;0.9;65.5;6.3;835.7;;1399;;1006.5;1.7;6.7;6.1;24.1;6.4;23;;0;0;0;263;;;;134;346;55;3.1;0;111;13;5
BLA;28.04.2021 00:00;5.4;9.3;2.5;4.7;11.1;1.5;76.6;6.8;836.4;;1406.4;;1007.2;1.7;5.5;6.1;19.8;5.3;19.1;;6.9;4.2;0;126;;;;119;0;0;1.7;0;85;14.6;6.6
BLA;29.04.2021 00:00;3.7;6.4;2.1;3.1;6.6;0.9;91.5;7.3;838.3;;1425.6;;1009.4;1.7;5.4;6.1;19.4;5;18;;10.6;13.3;0;82;;;;77;2;0;1.1;0;86;16.3;8.3
BLA;30.04.2021 00:00;5.1;10.6;0.3;5.1;15.2;-1;82.9;7.1;839.2;;1433.7;;1010.5;2;7.4;7.2;26.6;6.9;24.8;;4.6;4.6;0;206;;;;103;266;41;2.3;0;157;14.9;6.9
BLA;01.05.2021 00:00;3.2;7.6;1;3.1;8.1;0.2;95.7;7.4;837.6;;1419.3;;1008.7;1.5;5.4;5.4;19.4;5.1;18.4;;10;10;0;78;;;;74;0;0;1.1;0;141;16.8;8.8
BLA;02.05.2021 00:00;2.7;6.1;-0.5;4.1;12.6;-1.8;68.8;4.9;842.8;;1470;;1014.7;2.1;9.8;7.6;35.3;9.6;34.6;;0;0;0;317;;;;154;393;59;2.8;0;180;17.3;9.3
BLA;03.05.2021 00:00;2.9;9.5;-3.1;5;18.7;-5.7;50.3;3.4;847.4;;1514.3;;1020.1;1.8;6;6.5;21.6;5.7;20.5;;0;0;0;341;;;;36;665;99;3.4;0;76;17.1;9.1
BLA;04.05.2021 00:00;5.3;10.5;-1.8;6;17.3;-5.2;47.5;4;842.9;;1470.3;;1014.9;2.1;10.5;7.6;37.8;10.2;36.7;;0.7;0.1;0;205;;;;160;132;20;2.7;0;180;14.7;6.7
BLA;05.05.2021 00:00;3.6;6.6;0.8;4.3;13.9;-1.2;69.7;5.5;840;;1442.2;;1011.4;2.1;10.9;7.6;39.2;10.5;37.8;;4.5;5.1;0;152;;;;96;168;24;1.9;0;90;16.4;8.4
BLA;06.05.2021 00:00;1.3;4.2;0;1.2;7.5;-2;81.7;5.4;841.1;;1454.2;;1012.8;1.8;7.4;6.5;26.6;7.1;25.6;;31.2;25.3;0;53;;;;49;0;0;1;0;67;18.7;10.7
BLA;07.05.2021 00:00;1.9;5.4;-0.7;1.5;10.1;-3.9;87;6.1;843.6;;1477.7;;1015.6;1.7;7.4;6.1;26.6;6.9;24.8;;3.7;9.6;2;116;;;;104;21;3;1.3;0;90;18.1;10.1
BLA;08.05.2021 00:00;6.5;14.6;-2.5;7.8;23.8;-5.2;47.6;4.3;847.5;;1514.5;;1020.1;2.1;6.7;7.6;24.1;6.6;23.8;;0;0;0;295;;;;89;506;72;3.6;0;65;13.5;5.5
BLA;09.05.2021 00:00;10;17.2;1.4;11.5;26.7;-2.5;49.3;5.8;845;;1489.6;;1017.3;2.2;11.7;7.9;42.1;10.5;37.8;;0;0;0;333;;;;72;701;99;4.2;0;124;10;2
BLA;10.05.2021 00:00;8.4;13.7;5;8.1;15.7;4.3;75.3;8.1;842.5;;1465.8;;1014.4;2.3;10;8.3;36;9.3;33.5;;33.5;29.3;0;68;;;;62;0;0;1.7;0;68;11.6;3.6
BLA;11.05.2021 00:00;4.6;7.8;2.3;4.8;7.9;2.3;92.7;7.9;839.9;;1441.6;;1011.4;2.2;7.6;7.9;27.4;7.4;26.6;;21.4;25.6;0;44;;;;40;0;0;0.9;0;79;15.4;7.4
BLA;12.05.2021 00:00;4.9;9.9;0.9;7.2;20.4;-0.8;77.2;6.4;840.4;;1445.7;;1011.9;1.6;6.4;5.8;23;6.1;22;;0;0;0;226;;;;160;150;21;2.5;0;101;15.1;7.1
BLA;13.05.2021 00:00;4.3;8.2;-0.8;5.5;20;-4.8;66.4;5.5;838.4;;1426.4;;1009.6;2;8.6;7.2;31;7.9;28.4;;0;0;0;198;;;;149;109;15;2.2;0;149;15.7;7.7
BLA;14.05.2021 00:00;3.6;10.6;-1.9;6;23;-5.7;63.1;4.7;839.4;;1436.3;;1010.7;2.1;9.7;7.6;34.9;9.3;33.5;;3.4;3.4;0;308;;;;80;497;70;3.3;0;70;16.4;8.4
BLA;15.05.2021 00:00;1.9;5.1;-0.4;2.5;7.3;-3.2;82.6;5.8;839.8;;1441.5;;1011.3;1.6;5.6;5.8;20.2;5.5;19.8;;10.5;10.3;0;86;;;;82;0;0;1.2;0;74;18.1;10.1
BLA;16.05.2021 00:00;4.4;10.2;1.4;5.6;18;0.5;91.2;7.6;837.9;;1422.2;;1009.1;1.8;8;6.5;28.8;7.7;27.7;;14.2;13.7;0;118;;;;101;28;4;1.6;0;90;15.6;7.6
BLA;17.05.2021 00:00;2.4;5.4;0.4;4;13.3;0;87.9;6.4;842.3;;1465.6;;1014.2;1.7;7.8;6.1;28.1;7;25.2;;2.4;3.1;0;129;;;;111;31;4;1.5;0;74;17.6;9.6
BLA;18.05.2021 00:00;4.7;9.6;0.8;7.7;20.6;-0.5;73;5.9;844.2;;1482.6;;1016.3;2;7.2;7.2;25.9;6.9;24.8;;0.7;0.6;0;277;;;;145;283;39;3;0;158;15.3;7.3
BLA;19.05.2021 00:00;3.5;8.1;0.6;6.2;18.9;0.3;73.7;5.6;846.4;;1504.1;;1018.9;2;12.6;7.2;45.4;12.3;44.3;;0.3;0.4;0;240;;;;162;186;26;2.6;0;108;16.5;8.5
BLA;20.05.2021 00:00;5.6;10.3;0.6;9;22.8;-1.4;56.7;4.9;849.2;;1531.3;;1022.2;2.3;8;8.3;28.8;7.7;27.7;;0;0;0;320;;;;111;456;63;3.5;0;58;14.4;6.4
BLA;21.05.2021 00:00;5.7;8.5;2.5;6;10.9;0.3;75.1;6.9;844.2;;1482.6;;1016.3;1.6;8.9;5.8;32;7.9;28.4;;12.5;8.9;0;75;;;;71;0;0;1.3;0;70;14.3;6.3
BLA;22.05.2021 00:00;6.4;12.1;0.6;9.3;20.6;-1.3;63;5.6;841.9;;1460.2;;1013.7;2.1;7.8;7.6;28.1;7.6;27.4;;3.5;4;0;348;;;;81;655;91;3.8;0;180;13.6;5.6
BLA;23.05.2021 00:00;6.3;11.5;2;9.1;23;0.6;61.2;5.5;845.8;;1498.3;;1018.2;1.9;7.2;6.8;25.9;7;25.2;;0;3.1;0;352;;;;111;485;67;3.9;0;90;13.7;5.7
BLA;24.05.2021 00:00;6.6;9;3.3;6.6;12.6;0.5;74.4;7.3;844.4;;1484.2;;1016.6;1.5;8;5.4;28.8;7.1;25.6;;1.6;1.5;0;75;;;;70;5;1;1.3;0;90;13.4;5.4
BLA;25.05.2021 00:00;4.5;9.1;-0.6;5.9;18;-4.6;55.5;4.5;848.6;;1525.4;;1021.5;2.3;10;8.3;36;9.1;32.8;;0;0.1;0;307;;;;98;479;66;3.3;0;203;15.5;7.5
BLA;26.05.2021 00:00;8.1;14.4;-0.6;9.7;23;-4.5;51.3;5.4;847.2;;1511.4;;1019.8;2.2;9.9;7.9;35.6;9.3;33.5;;0;0;0;277;;;;175;234;32;3.5;0;211;11.9;3.9
BLA;27.05.2021 00:00;8.3;13.1;2.3;8.8;22.3;-2.4;59.5;6.3;847.7;;1516.9;;1020.5;1.8;7.7;6.5;27.7;7.3;26.3;;0;0;0;189;;;;133;128;18;2.7;0;74;11.7;3.7
BLA;28.05.2021 00:00;9.6;17.6;-0.1;10.9;28.4;-4.5;45.5;4.9;849;;1528.6;;1021.9;1.8;10.7;6.5;38.5;10;36;;0;0;0;373;;;;38;725;100;4.6;0;67;10.4;2.4
BLA;29.05.2021 00:00;9.7;14.2;3.6;8.9;22.8;-1.6;59.5;7;849.3;;1532;;1022.3;1.6;7.3;5.8;26.3;7.1;25.6;;0;0;0;122;;;;103;41;6;2.2;0;90;10.3;2.3
BLA;30.05.2021 00:00;9.4;17;1.2;11.1;28.8;-3.3;48;5.2;848.8;;1527;;1021.7;2.1;9.8;7.6;35.3;9.7;34.9;;0;0;0;371;;;;36;726;100;4.7;0;47;10.6;2.6
BLA;31.05.2021 00:00;10.3;16.1;3.9;11.4;28.8;-0.3;55.6;6.7;848;;1519.6;;1020.8;1.6;8.7;5.8;31.3;8.3;29.9;;0;0;0;277;;;;126;401;55;3.7;0;54;9.7;1.7
BLA;01.06.2021 00:00;11.3;18.5;3;13.2;30.5;-1.6;47.4;5.7;846.7;;1505.7;;1019.2;2;7.3;7.2;26.3;7;25.2;;0.3;0;0;372;;;;42;725;100;4.9;0;50;8.7;0.7
BLA;02.06.2021 00:00;11.1;16.6;6.9;12.5;29.3;4.7;70;9;849.2;;1531.3;;1022.2;1.7;7.3;6.1;26.3;6.9;24.8;;0.2;0.5;0;182;;;;113;159;22;2.9;0;121;8.9;0.9
BLA;03.06.2021 00:00;12.2;16.9;7.7;13;26.5;4.7;65.7;9.1;853.1;;1569.5;;1026.7;1.6;5.9;5.8;21.2;5.8;20.9;;0;0;0;169;;;;130;72;10;2.8;0;77;0;0
BLA;04.06.2021 00:00;13.7;20;7.1;15.9;32;4.7;63.3;9.5;853.6;;1574.2;;1027.3;1.9;6.8;6.8;24.5;6.6;23.8;;4.5;4.5;0;258;;;;139;295;40;3.9;0;58;0;0
BLA;05.06.2021 00:00;8.4;12.6;4;9.1;18.4;1.7;90.2;9.9;852.4;;1562;;1025.9;1.7;9.8;6.1;35.3;9.4;33.8;;7.1;7.1;0;132;;;;102;105;14;1.8;0;101;11.6;3.6
BLA;06.06.2021 00:00;11;17.6;2.7;13.7;29.2;0.3;70.8;9;849.9;;1537.7;;1023;1.8;7.3;6.5;26.3;7;25.2;;0;0;0;362;;;;93;626;86;4.3;0;162;9;1
BLA;07.06.2021 00:00;11.3;17.1;7.3;13.5;27.3;6.5;80.5;10.7;849.8;;1536.6;;1022.8;1.5;6.8;5.4;24.5;6.7;24.1;;1.8;1.8;0;193;;;;147;86;12;2.9;0;135;8.7;0.7
BLA;08.06.2021 00:00;10.8;15;7.6;12.4;23.2;6.5;87.2;11.2;851;;1548.2;;1024.2;1.5;6.1;5.4;22;5.7;20.5;;6.1;6.1;0;185;;;;150;68;9;2.6;0;146;9.2;1.2
BLA;09.06.2021 00:00;10.3;16.3;5.1;10.9;25.9;2.2;87.3;10.9;851.7;;1555.1;;1025;1.4;8.4;5;30.2;8.1;29.2;;3.9;3.9;0;187;;;;136;130;18;2.6;0;79;9.7;1.7
BLA;10.06.2021 00:00;11.6;19.7;4.1;12.5;29.9;0.7;68.2;8.8;851.4;;1552.1;;1024.6;1.7;8.9;6.1;32;8.6;31;;0;0;0;338;;;;79;607;83;4.5;0;56;8.4;0.4
BLA;11.06.2021 00:00;12.4;19.8;5.3;12.5;28.8;1.1;62.4;8.5;851;;1548.6;;1024.2;1.7;10.5;6.1;37.8;9.3;33.5;;0;0;0;301;;;;83;493;67;4.3;0;63;0;0
BLA;12.06.2021 00:00;13.4;20.4;6.1;13.4;27.9;1.1;60.6;8.9;853.3;;1571.2;;1026.9;1.7;8.2;6.1;29.5;7.8;28.1;;0;0;0;314;;;;81;543;74;4.5;0;49;0;0
BLA;13.06.2021 00:00;14.3;21.9;6.3;14.4;27.8;2.1;58.9;9.1;853.7;;1576;;1027.4;1.9;13.6;6.8;49;12.9;46.4;;0;0;0;366;;;;37;737;100;5.2;0;45;0;0
BLA;14.06.2021 00:00;15.9;24.2;6.7;15.8;31;1.9;53.6;9;851.8;;1556.4;;1025.1;2.1;11.4;7.6;41;10.6;38.2;;0;0;0;369;;;;37;738;100;5.6;0;40;0;0
BLA;15.06.2021 00:00;16.2;23.8;7.9;16.1;30.8;2.5;55.7;9.6;851;;1548.9;;1024.3;1.8;10.4;6.5;37.4;10;36;;0;0;0;365;;;;50;737;100;5.4;0;42;0;0
BLA;16.06.2021 00:00;17.1;23.7;9.9;17.6;30.6;5.7;60.8;11.4;849.1;;1529.8;;1022;1.7;7.8;6.1;28.1;7.5;27;;0;0;0;313;;;;101;562;76;4.9;0;74;0;0
BLA;17.06.2021 00:00;17;24.3;10.6;17.2;32.1;7;59.7;10.9;849.2;;1531;;1022.2;1.8;9;6.5;32.4;8.5;30.6;;0;0;0;278;;;;112;557;75;4.7;0;55;0;0
BLA;18.06.2021 00:00;16.6;24.6;9.8;17.5;32;6.8;63.5;11.2;849.9;;1537.9;;1023;1.8;8;6.5;28.8;7.5;27;;0.9;0.9;0;276;;;;99;510;69;4.6;0;58;0;0
BLA;19.06.2021 00:00;17.5;25.7;9.4;18;31.3;6.6;62.7;11.8;849.5;;1533.1;;1022.4;1.5;6.4;5.4;23;6.1;22;;0;0;0;302;;;;144;458;62;4.9;0;124;0;0
BLA;20.06.2021 00:00;15.8;23.2;9;15.8;29.2;6.5;69.1;12.1;844.5;;1484.1;;1016.7;1.7;9.1;6.1;32.8;8.8;31.7;;4.4;4.4;0;192;;;;120;249;34;3.4;0;69;0;0
BLA;21.06.2021 00:00;14.5;22.3;8.8;15.3;29.6;6.1;70.3;11;842.5;;1463.4;;1014.3;1.5;7.9;5.4;28.4;7.8;28.1;;0;0;0;258;;;;103;370;50;4.1;0;112;0;0
BLA;22.06.2021 00:00;12.1;18;7.5;12.6;23.9;5.8;82;11.4;845;;1489.4;;1017.3;1.5;7.3;5.4;26.3;6.7;24.1;;10.8;10.8;0;154;;;;111;92;12;2.5;0;98;0;0
BLA;23.06.2021 00:00;10.4;17.3;5.6;10.9;22.1;3.7;88.2;11;848.9;;1527.6;;1021.8;1.6;8;5.8;28.8;7.5;27;;6.5;6.5;0;180;;;;100;199;27;2.6;0;101;9.6;1.6
BLA;24.06.2021 00:00;9.2;16.8;4.8;9.6;23.7;2.7;89.1;10.2;849.7;;1536;;1022.8;1.7;8.6;6.1;31;8.4;30.2;;17.2;17.1;0;168;;;;79;194;26;2.5;0;99;10.8;2.8
BLA;25.06.2021 00:00;10.6;16.6;5.4;12.6;23.5;2.4;80.3;10;849.5;;1533.7;;1022.5;1.7;8.3;6.1;29.9;7.9;28.4;;0;0.1;0;337;;;;112;488;66;4.1;0;188;9.4;1.4
BLA;26.06.2021 00:00;13;20.9;4.5;13.9;27.9;0.6;71.1;10;848.8;;1527.3;;1021.7;1.6;8.2;5.8;29.5;7.9;28.4;;0;0;0;351;;;;64;654;89;4.7;0;189;0;0
BLA;27.06.2021 00:00;15;22;6.9;15.6;28.2;3.6;65.3;10.7;848.6;;1524.6;;1021.4;1.6;6.7;5.8;24.1;6.2;22.3;;0;0;0;306;;;;136;530;72;4.5;0;158;0;0
BLA;28.06.2021 00:00;15.2;21.9;8.4;15.3;29.1;4.9;69.5;11.4;848.1;;1519.6;;1020.9;1.7;8.7;6.1;31.3;8.1;29.2;;6.3;3.5;0;211;;;;129;248;34;3.5;0;63;0;0
BLA;29.06.2021 00:00;11.2;14.9;7.7;11.8;21;5.9;89.2;11.8;845.4;;1493.6;;1017.7;1.6;8;5.8;28.8;7.7;27.7;;6.1;8.9;0;154;;;;104;129;18;2.2;0;99;8.8;0.8
BLA;30.06.2021 00:00;9.9;15.1;6.6;11.6;22.9;6.1;80.1;9.5;846.4;;1503.2;;1018.9;1.6;9.4;5.8;33.8;9;32.4;;5.1;1.7;0;241;;;;129;276;38;3.2;0;180;10.1;2.1
BLA;01.07.2021 00:00;9.9;13.5;7;10.4;16.7;6.9;86.3;10.4;848.6;;1524.8;;1021.4;1.1;4.7;4;16.9;4.6;16.6;;0.5;3.9;0;101;;;;91;10;1;1.7;0;90;10.1;2.1
BLA;02.07.2021 00:00;11.8;18.8;4.2;12.5;26.3;0.2;66.8;8.7;849.3;;1532;;1022.3;1.5;9.1;5.4;32.8;8.2;29.5;;0;0;0;326;;;;83;575;79;4.3;0;79;8.2;0.2
BLA;03.07.2021 00:00;11.4;17.8;6.3;11.7;22.7;2.5;81.2;10.8;849;;1528.5;;1021.9;1.1;4.6;4;16.6;4.4;15.8;;3.7;3.7;0;134;;;;75;196;27;2.2;0;108;8.6;0.6
BLA;04.07.2021 00:00;10.3;14.2;5.9;10.4;18.4;2.9;91.4;11.5;846;;1499.4;;1018.4;1.3;6;4.7;21.6;5.8;20.9;;0.7;0.7;0;119;;;;103;46;6;1.7;0;104;9.7;1.7
BLA;05.07.2021 00:00;12.1;19.3;5.9;11.9;24.5;3.7;74.4;10.3;846.5;;1504.5;;1019.1;1.6;5.6;5.8;20.2;5.4;19.4;;0;0;0;146;;;;107;118;16;2.6;0;58;0;0
BLA;06.07.2021 00:00;14;21.6;7.2;14.4;28.8;2.3;76.2;11.9;845.9;;1498.3;;1018.4;1.7;7.2;6.1;25.9;6.7;24.1;;14.9;9.2;0;240;;;;101;346;47;3.7;0;149;0;0
BLA;07.07.2021 00:00;12.5;16.5;9.9;13.4;22.6;9.7;93;13.4;848.3;;1522.1;;1021.1;1.6;8.4;5.8;30.2;8.2;29.5;;10.6;10.5;0;116;;;;93;43;6;1.9;0;247;0;0
BLA;08.07.2021 00:00;9.3;15.3;5.8;9.7;20.9;5.5;95.6;11.3;850.7;;1545.8;;1023.9;1.7;8.4;6.1;30.2;8.1;29.2;;30.7;35.6;0;85;;;;59;49;7;1.5;0;153;10.7;2.7
BLA;09.07.2021 00:00;10.9;16.8;6.1;13.4;24.6;3.2;83.7;10.7;851.9;;1557.8;;1025.3;1.7;9;6.1;32.4;8.5;30.6;;0;0.9;0;379;;;;88;661;91;4.5;0;207;9.1;1.1
BLA;10.07.2021 00:00;13.6;21.5;5.3;14.9;28;1.3;70.6;10.1;849.2;;1531;;1022.2;1.7;8;6.1;28.8;7.8;28.1;;4.5;4.4;0;344;;;;78;647;89;4.7;0;189;0;0
BLA;11.07.2021 00:00;12.1;19.4;6.7;13.7;26.2;1.6;76.9;10.7;848.1;;1520;;1020.9;1.6;7.4;5.8;26.6;7;25.2;;0;0.1;0;363;;;;54;715;98;4.7;0;180;0;0
BLA;12.07.2021 00:00;14.6;21.8;6.3;14.6;27.4;1.3;71.4;11.8;844.6;;1484.6;;1016.8;1.7;7.6;6.1;27.4;7.4;26.6;;7.3;2.2;0;236;;;;140;318;44;3.6;0;149;0;0
BLA;13.07.2021 00:00;7.8;12.6;2;8;17.1;-0.9;97;10.4;842.6;;1466.8;;1014.5;1.6;7.8;5.8;28.1;6.7;24.1;;28.2;33.3;0;78;;;;62;24;3;1.1;0;171;12.2;4.2
BLA;14.07.2021 00:00;7.8;14.1;2;9.1;24.5;-0.8;89.1;9.4;845.4;;1493.7;;1017.7;1.4;8.1;5;29.2;6.6;23.8;;23.4;7.3;0;187;;;;128;174;24;2.3;0;135;12.2;4.2
BLA;15.07.2021 00:00;8.4;11.4;4.6;8.8;13.7;4.3;95.7;10.6;847.6;;1515.8;;1020.3;1.3;8.8;4.7;31.7;8.4;30.2;;14.6;27.6;0;63;;;;59;1;0;1;0;66;11.6;3.6
BLA;16.07.2021 00:00;10.8;16.6;6.4;12.3;23.9;2.8;82.8;10.5;848.9;;1527.8;;1021.8;1.7;11;6.1;39.6;10;36;;1.3;4.4;0;258;;;;148;267;37;3.4;0;135;9.2;1.2
BLA;17.07.2021 00:00;12.9;20.6;4.7;14;29.3;1.1;73.3;10.5;850.4;;1542.5;;1023.5;1.7;10.4;6.1;37.4;9.8;35.3;;0;0;0;326;;;;92;637;88;4.3;0;90;0;0
BLA;18.07.2021 00:00;15.1;22.7;8.2;16.1;30.5;5.3;70.4;11.5;849;;1528.7;;1021.9;1.6;8;5.8;28.8;7.4;26.6;;0;0;0;328;;;;72;638;88;4.7;0;135;0;0
BLA;19.07.2021 00:00;15;23.5;7.5;15;30.5;3.1;62.2;9.7;848.7;;1525.5;;1021.5;2.1;12.9;7.6;46.4;11.9;42.8;;0;0;0;351;;;;44;719;99;5.2;0;52;0;0
BLA;20.07.2021 00:00;15.2;23.3;7.6;15.4;30.1;3;61.8;9.9;849.9;;1538;;1023;1.7;10.6;6.1;38.2;9.6;34.6;;0;0;0;347;;;;46;716;99;5;0;56;0;0
BLA;21.07.2021 00:00;15.6;23.8;7.7;15.8;30.3;2.2;62.5;10.3;852.1;;1560.1;;1025.6;1.5;7.1;5.4;25.6;6.6;23.8;;0;0;0;339;;;;63;712;99;4.9;0;108;0;0
BLA;22.07.2021 00:00;15.8;23.9;8.7;16.3;30.5;5.1;65;11;851.8;;1556.6;;1025.2;1.6;7.5;5.8;27;7.1;25.6;;0;0;0;332;;;;67;679;94;4.9;0;153;0;0
BLA;23.07.2021 00:00;16.6;25.3;6.9;16.8;32.3;2.6;52.2;9.1;849;;1528.9;;1022;1.5;7.8;5.4;28.1;7.7;27.7;;0;0;0;327;;;;71;661;92;5;0;79;0;0
BLA;24.07.2021 00:00;17.5;24;11.4;18.1;31;8;64.7;12.6;844.9;;1487.4;;1017.2;1.9;9.8;6.8;35.3;9.3;33.5;;0;0;0;265;;;;127;418;58;4.4;0;171;0;0
BLA;25.07.2021 00:00;15;20.6;11.1;16.5;29.3;8.7;80.6;13.5;843.9;;1477.6;;1016;1.7;9.1;6.1;32.8;8.9;32;;1;1;0;242;;;;118;322;45;3.6;0;180;0;0
BLA;26.07.2021 00:00;14.4;19.4;11;14.9;25.9;9.4;84.8;13.6;846.4;;1503.2;;1018.9;1.6;9;5.8;32.4;8.4;30.2;;0;0;0;159;;;;99;150;21;2.6;0;164;0;0
BLA;27.07.2021 00:00;14.5;20.7;10.5;15.7;28.3;8.8;83.3;13.4;847.8;;1517;;1020.6;1.3;6.6;4.7;23.8;6.5;23.4;;6.2;6.2;0;179;;;;113;188;26;2.9;0;124;0;0
BLA;28.07.2021 00:00;12.6;19.2;7.7;13.3;27.9;4.4;87.5;12.6;848;;1519;;1020.8;1.6;8.2;5.8;29.5;7.7;27.7;;7.8;7.8;0;172;;;;102;186;26;2.6;0;243;0;0
BLA;29.07.2021 00:00;14.2;22.9;5.8;15.6;29.1;2.9;67.2;10.1;848.3;;1521.9;;1021.1;1.6;11.5;5.8;41.4;11;39.6;;7;5.1;0;337;;;;38;709;100;4.7;0;153;0;0
BLA;30.07.2021 00:00;15.2;22.9;10.1;16.3;30.3;8.3;80.6;13.4;846.6;;1505.1;;1019.2;1.7;10.6;6.1;38.2;10.1;36.4;;3.5;5.2;0;206;;;;109;266;38;3.4;0;117;0;0
BLA;31.07.2021 00:00;13.8;20;8.6;15.6;29.4;6.8;82.2;12.6;843.9;;1478.2;;1016;1.6;7.7;5.8;27.7;7.1;25.6;;9.9;9;0;251;;;;88;373;53;3.5;0;217;0;0
BLA;01.08.2021 00:00;10.4;14.1;6.2;11.8;21.6;3.7;84.6;10.5;842.8;;1468.2;;1014.8;1.5;8.2;5.4;29.5;7.9;28.4;;0;1.1;0;174;;;;146;53;8;2.3;0;211;9.6;1.6
BLA;02.08.2021 00:00;10;15.6;6.1;11.9;26.1;4.3;77.9;9.3;846.9;;1508.4;;1019.5;1.4;7.4;5;26.6;7.2;25.9;;0;0;0;256;;;;119;298;42;3.2;0;171;10;2
BLA;03.08.2021 00:00;10;15.6;5.2;10.5;23;2.4;78.2;9.3;847.2;;1511.4;;1019.8;1.5;9.8;5.4;35.3;9.6;34.6;;4.3;4.1;0;170;;;;115;181;26;2.4;0;127;10;2
BLA;04.08.2021 00:00;9.9;13.5;7.7;10.6;18.8;7.5;94.4;11.5;844.8;;1488;;1017.1;1.1;5.1;4;18.4;4.8;17.3;;10.7;8.3;0;85;;;;78;9;1;1.4;0;198;10.1;2.1
BLA;05.08.2021 00:00;10.3;14.6;6.9;10.8;22.9;4.1;87.2;10.8;843.8;;1477.5;;1015.8;1.2;5.7;4.3;20.5;5.6;20.2;;0.9;3.5;0;148;;;;115;84;12;2.1;0;34;9.7;1.7
BLA;06.08.2021 00:00;13.5;20.3;6.8;15;27.9;4.5;67.2;9.7;842.7;;1466.5;;1014.7;1.4;5.8;5;20.9;5.4;19.4;;0;0;0;305;;;;62;581;86;4.1;0;90;0;0
BLA;07.08.2021 00:00;12.1;20.6;7.3;12.2;29.5;5.3;84.1;11.6;841.7;;1455.9;;1013.4;1.5;14.2;5.4;51.1;13.8;49.7;;13.9;13.9;0;130;;;;72;167;25;2.4;0;146;0;0
BLA;08.08.2021 00:00;10;17.2;4.7;11.6;26.4;1.7;83.1;9.9;846.7;;1506.1;;1019.2;1.7;7.2;6.1;25.9;7;25.2;;0;0;0;307;;;;78;550;82;3.7;0;180;10;2
BLA;09.08.2021 00:00;11.8;19.3;3.9;12.6;27.4;0.7;72.2;9.6;851.2;;1550.8;;1024.5;1.7;8.7;6.1;31.3;8.4;30.2;;0;0;0;303;;;;64;628;95;3.8;0;169;8.2;0.2
BLA;10.08.2021 00:00;15;23.2;7.8;14.4;28.7;3.6;60.1;9.6;852;;1558.4;;1025.4;1.9;11.4;6.8;41;10.8;38.9;;0.6;0;0;269;;;;55;520;79;4.2;0;135;0;0
BLA;11.08.2021 00:00;16.1;23.7;11;16.1;31.6;6;67;11.7;853.2;;1570.8;;1026.8;1.7;8.2;6.1;29.5;8.1;29.2;;0.5;1.1;0;260;;;;90;392;60;4.1;0;79;0;0
BLA;12.08.2021 00:00;17.5;25.6;10.1;17.8;31.9;5.7;61.6;11.5;855.2;;1590.8;;1029.1;1.7;13.1;6.1;47.2;12;43.2;;3.4;3.4;0;291;;;;56;577;91;4.6;0;124;0;0
BLA;13.08.2021 00:00;15.5;24.5;9.3;15.6;32.6;6.5;78.9;13.6;857.4;;1612.3;;1031.7;1.2;5.5;4.3;19.8;5.4;19.4;;0;0;0;183;;;;102;226;36;3.1;0;74;0;0
BLA;14.08.2021 00:00;17.8;26.4;10.8;17.6;32.4;6.8;62.1;11.8;855.3;;1591.9;;1029.2;1.4;7.2;5;25.9;6.7;24.1;;0;0;0;283;;;;48;565;91;4.4;0;76;0;0
BLA;15.08.2021 00:00;18;25.7;11.4;17.5;31.8;7.4;53.8;10.4;850.7;;1546.1;;1023.9;1.6;9.2;5.8;33.1;8.7;31.3;;11.6;0;0;292;;;;62;604;97;4.6;0;180;0;0
BLA;16.08.2021 00:00;13.4;18.5;9.3;13.9;25.1;7.2;79.7;12.3;848.3;;1522;;1021.1;1.8;13.8;6.5;49.7;12.8;46.1;;0.3;11.9;0;160;;;;99;178;29;2.5;0;180;0;0
BLA;17.08.2021 00:00;11.2;17.5;6.4;12.7;24.7;3.5;77.7;10.1;849;;1529.1;;1021.9;1.7;8;6.1;28.8;7.5;27;;0;0;0;296;;;;39;617;100;3.6;0;180;8.8;0.8
BLA;18.08.2021 00:00;11.2;17.7;7;12.9;24.5;4.5;82.4;10.7;849.1;;1530.3;;1022.1;1.4;6.8;5;24.5;6.5;23.4;;0;0;4;268;;;;75;467;76;3.3;0;191;8.8;0.8
BLA;19.08.2021 00:00;12.2;19.8;5.8;13.5;26.7;3.4;85;11.9;847.9;;1518;;1020.6;1.4;6.9;5;24.8;6.2;22.3;;0;0;3;282;;;;72;569;93;3.5;0;180;0;0
BLA;20.08.2021 00:00;13.7;21.6;7.8;14.2;27.1;5.5;78.9;11.9;849.4;;1532.4;;1022.3;1.4;7;5;25.2;6.9;24.8;;0;0;0;269;;;;61;544;90;3.7;0;146;0;0
BLA;21.08.2021 00:00;14.3;22.4;7.2;14.4;27.6;4.2;65.9;10;852;;1558.3;;1025.4;1.5;9.7;5.4;34.9;8.9;32;;2.8;0.4;0;274;;;;50;598;100;3.9;0;135;0;0
BLA;22.08.2021 00:00;12.9;20.7;9.1;12.9;26.3;8.2;88.9;13.1;851.6;;1554.9;;1025;1.6;8;5.8;28.8;7.4;26.6;;3.9;6.3;0;84;;;;62;46;8;1.8;0;59;0;0
BLA;23.08.2021 00:00;10.9;18;5.7;11.8;24.6;3.5;76.7;9.6;850.1;;1540;;1023.2;1.5;7.1;5.4;25.6;6.5;23.4;;0;0;0;285;;;;87;519;88;3.5;0;135;9.1;1.1
BLA;24.08.2021 00:00;12.2;19.6;5.1;13.1;26.5;2.4;74.4;10;848.5;;1523.4;;1021.3;1.6;12.5;5.8;45;11.8;42.5;;0;0;0;283;;;;64;585;99;3.5;0;76;0;0
BLA;25.08.2021 00:00;11.8;19.7;6.1;12.5;26.9;3.5;76.4;10;847.7;;1516.4;;1020.4;1.5;10.9;5.4;39.2;10.6;38.2;;0;0;0;271;;;;72;533;91;3.5;0;63;8.2;0.2
BLA;26.08.2021 00:00;12.2;19.3;5;12.7;26;2.3;65.8;8.8;845.5;;1494.3;;1017.9;2.2;11.9;7.9;42.8;11.7;42.1;;0;0;0;264;;;;66;467;80;3.6;0;200;0;0
BLA;27.08.2021 00:00;9.7;16.8;4.6;10.2;23.6;1.1;66.6;7.7;844.5;;1484.6;;1016.7;1.5;11.3;5.4;40.7;10.3;37.1;;0;0;0;271;;;;35;580;99;3.3;0;90;10.3;2.3
BLA;28.08.2021 00:00;8.3;14.7;3.3;8.6;22.1;0.5;75.1;7.9;846.1;;1500.7;;1018.6;1.8;10.5;6.5;37.8;10;36;;0.2;0.2;0;187;;;;63;317;54;2.4;0;83;11.7;3.7
BLA;29.08.2021 00:00;8.6;15.5;2.5;9.1;24.7;-0.3;72.6;7.8;846.5;;1504.2;;1019;1.5;10.2;5.4;36.7;10;36;;0;0;0;198;;;;102;282;49;2.5;0;58;11.4;3.4
BLA;30.08.2021 00:00;9.4;16.8;2.8;10;24.3;-0.3;74.5;8.4;846.7;;1506.1;;1019.2;1.6;11.6;5.8;41.8;10.4;37.4;;0;0;0;237;;;;82;411;72;2.8;0;76;10.6;2.6
BLA;31.08.2021 00:00;9.8;17.1;3.5;10.6;25.7;0.4;73.5;8.5;849.5;;1533.9;;1022.5;1.5;9.9;5.4;35.6;9.7;34.9;;0;0;0;271;;;;74;507;90;3.1;0;76;10.2;2.2
BLA;01.09.2021 00:00;10.6;19.4;3.8;10.7;25.5;0.6;75.2;9.2;852.6;;1563.9;;1026.1;1.4;5.5;5;19.8;5.4;19.4;;0;0;0;250;;;;38;550;98;3.1;0;180;9.4;1.4
BLA;02.09.2021 00:00;12.2;21.1;5.8;11.9;27.1;2.4;73.5;9.8;853.2;;1570.5;;1026.8;1.2;6.1;4.3;22;5.7;20.5;;0;0;0;219;;;;56;404;72;3;0;104;0;0
BLA;03.09.2021 00:00;12.3;20;6.4;12.6;26.7;3.5;76.4;10.5;850.7;;1545.5;;1023.9;1.6;8.7;5.8;31.3;8.4;30.2;;0;0;0;220;;;;87;386;69;3;0;153;0;0
BLA;04.09.2021 00:00;10.9;18.7;6.2;11;26.2;3.4;82.7;10.6;848.8;;1527.2;;1021.7;1.5;9.1;5.4;32.8;8.4;30.2;;0.5;0.5;0;206;;;;79;344;62;2.7;0;135;9.1;1.1
BLA;05.09.2021 00:00;11.9;20.4;5.3;12;26.5;2.1;69.5;9;851.2;;1550.6;;1024.5;1.6;11.6;5.8;41.8;11;39.6;;0;0;0;252;;;;42;531;96;3.3;0;63;8.1;0.1
BLA;06.09.2021 00:00;12.4;20.8;6.4;12.4;27.9;3.1;68.8;9.3;853.8;;1576.7;;1027.5;1.5;11.2;5.4;40.3;10.7;38.5;;0;0;0;247;;;;53;499;91;3.2;0;63;0;0
BLA;07.09.2021 00:00;12.4;20.6;6.2;12;26.9;3;70.7;9.7;853.4;;1571.8;;1027;1.4;7.2;5;25.9;7;25.2;;0;0;0;208;;;;72;448;82;2.9;0;124;0;0
BLA;08.09.2021 00:00;12.6;20.5;7.2;12.6;26.4;3.8;73;10;850.1;;1539.4;;1023.2;1.7;8.7;6.1;31.3;8.3;29.9;;0.8;0.8;0;224;;;;50;495;93;3.1;0;153;0;0
BLA;09.09.2021 00:00;11.8;20.1;7.1;12.1;27.3;4.9;84.8;11.3;848.7;;1526.3;;1021.6;1.6;7.9;5.8;28.4;7.5;27;;5.6;5.6;0;176;;;;67;278;52;2.5;0;99;8.2;0.2
BLA;10.09.2021 00:00;11.1;15.3;8.1;11.3;18;6.8;92.1;12.1;849.6;;1534.6;;1022.6;1.3;5.6;4.7;20.2;5.3;19.1;;8.2;7.6;0;81;;;;75;0;0;1.3;0;104;8.9;0.9
BLA;11.09.2021 00:00;11.9;17.7;8.7;13;25.5;6.8;87.6;12;850.4;;1542.3;;1023.5;1.8;7.1;6.5;25.6;6.8;24.5;;0;0.6;0;216;;;;91;315;61;2.6;0;240;8.1;0.1
BLA;12.09.2021 00:00;11.9;19.9;6.1;12.4;25.9;3.4;82;11.1;849.4;;1533.1;;1022.4;1.6;5.8;5.8;20.9;5.6;20.2;;0;0;0;219;;;;42;490;95;2.7;0;248;8.1;0.1
BLA;13.09.2021 00:00;12.8;20.4;7.5;13;25.6;5;78.1;11.1;849.8;;1536.7;;1022.8;1.6;6.9;5.8;24.8;6.8;24.5;;0;0;0;213;;;;37;483;95;2.8;0;135;0;0
BLA;14.09.2021 00:00;12.9;19.2;6.9;12.5;24.4;3.9;76.8;11.2;849.9;;1537.4;;1022.9;1.2;3.9;4.3;14;3.7;13.3;;0.9;0;0;138;;;;85;181;36;2;0;90;0;0
BLA;15.09.2021 00:00;12.3;16.6;9.3;12.3;20.3;8;93.8;13.5;849.3;;1531.9;;1022.3;1.8;9.5;6.5;34.2;9.1;32.8;;9.9;10.8;0;70;;;;52;50;10;1.2;0;270;0;0
BLA;16.09.2021 00:00;11.5;15.8;8.4;11.6;22;6.5;94.5;12.8;848.1;;1519.8;;1020.8;1.7;5.8;6.1;20.9;5.6;20.2;;1.8;1.8;0;73;;;;62;13;3;1.2;0;270;8.5;0.5
BLA;17.09.2021 00:00;10.8;16.8;6.4;11.6;22.9;4.3;89.6;11.5;846.1;;1500.4;;1018.6;1.8;6.7;6.5;24.1;6.6;23.8;;0;0;0;207;;;;33;480;100;2.3;0;247;9.2;1.2
BLA;18.09.2021 00:00;10.5;17.9;5.4;10.8;24;2.7;87.5;10.9;845.8;;1497;;1018.2;1.5;10.1;5.4;36.4;9.4;33.8;;1.3;0;0;197;;;;31;466;100;2.3;0;270;9.5;1.5
BLA;19.09.2021 00:00;6.1;10.7;2.6;5.8;9.6;2.1;97.3;9.3;844.8;;1488.1;;1017;1.5;9;5.4;32.4;8.8;31.7;;34.4;35.7;0;20;;;;17;0;0;0.6;0;127;13.9;5.9
BLA;20.09.2021 00:00;6;8.8;2.5;6.6;11.8;0.7;94.4;8.8;848.1;;1520.9;;1020.9;1.2;5.5;4.3;19.8;5.4;19.4;;1;1;0;88;;;;84;0;0;1;0;214;14;6
BLA;21.09.2021 00:00;7.9;14.3;2.4;9;20.2;0.5;88.9;9.4;853.5;;1572.6;;1027.1;1.3;;4.7;;;;;0;0;0;190;;;;30;443;100;1.9;0;;12.1;4.1
BLA;22.09.2021 00:00;8.1;15.8;2.6;8.1;21.7;0.2;87.5;9.3;853.7;;1575;;1027.4;1.5;;5.4;;;;;0;0;0;175;;;;27;443;100;1.9;0;;11.9;3.9
BLA;23.09.2021 00:00;9;18.3;3.2;8.5;24;0.6;83.1;9.2;852.2;;1560;;1025.6;1.3;;4.7;;;;;0;0;0;176;;;;23;440;100;2.1;0;;11;3
BLA;24.09.2021 00:00;9;17.7;3.3;8.4;23.1;0.1;80.5;9.1;851;;1548.7;;1024.3;1.4;;5;;;;;0;0;0;176;;;;21;436;100;2.1;0;;11;3
BLA;25.09.2021 00:00;10.9;19.5;4.9;10.3;24.7;2.3;83.3;10.7;850.9;;1547.2;;1024.1;1.6;;5.8;;;;;0.7;0.7;0;114;;;;52;216;50;1.8;0;;9.1;1.1
BLA;26.09.2021 00:00;9;13;4.8;8.1;15.3;2.5;94.2;10.8;851.2;;1550.1;;1024.4;1.3;5.8;4.7;20.9;5.7;20.5;;2.2;2.2;0;58;;;;51;13;3;0.9;0;69;11;3
BLA;27.09.2021 00:00;8.6;15.9;3.4;8;21.5;1.2;85.8;9.4;851.1;;1549.1;;1024.3;1.1;6.4;4;23;5.8;20.9;;0;0;0;129;;;;64;225;53;1.6;0;124;11.4;3.4
BLA;28.09.2021 00:00;9.9;16.9;4.2;9.8;21;1.8;84.4;10.1;851.1;;1549.5;;1024.4;1;5.3;3.6;19.1;4.9;17.6;;1.6;1.4;0;133;;;;74;233;55;1.6;0;135;10.1;2.1
BLA;29.09.2021 00:00;9;14.3;2.9;8.9;20.2;0.2;79.3;8.9;851.8;;1556.7;;1025.2;1.3;7.5;4.7;27;7.3;26.3;;0;0.2;0;114;;;;59;160;39;1.4;0;225;11;3
BLA;30.09.2021 00:00;5.1;12.6;-0.1;4.5;17.9;-2.6;85.3;7.4;854.3;;1579.6;;1028;1.1;5.1;4;18.4;4.8;17.3;;0;0;0;148;;;;33;418;100;1.4;0;180;14.9;6.9
BLA;01.10.2021 00:00;7.5;16;1.6;6.9;20.8;-1.4;77.1;7.7;851.4;;1551.9;;1024.7;1.1;6.7;4;24.1;6.3;22.7;;0.2;0;0;152;;;;23;415;100;1.7;0;162;12.5;4.5
BLA;02.10.2021 00:00;9.3;16.3;5.8;9.1;21.4;3.8;78.8;8.9;847.2;;1511.3;;1019.8;1.2;7.3;4.3;26.3;6.9;24.8;;0;0.2;0;133;;;;54;282;70;1.7;0;162;10.7;2.7
BLA;03.10.2021 00:00;11.8;16.1;6.7;10.8;19.4;4.3;64;8.6;844.1;;1480.1;;1016.2;2.3;16.6;8.3;59.8;16;57.6;;1;0.6;0;75;;;;60;31;8;1.7;0;90;8.2;0.2
BLA;04.10.2021 00:00;6.8;8.9;5.4;7;8.9;5.3;99;9.8;845.5;;1495.4;;1017.9;1.4;6.3;5;22.7;6.1;22;;18.2;14.5;0;31;;;;27;2;1;0.6;0;219;13.2;5.2
BLA;05.10.2021 00:00;6.1;8.7;3.4;6.1;9.2;2.5;97.9;9.2;843.7;;1478.3;;1015.8;1;6.4;3.6;23;5.8;20.9;;9;13.1;0;35;;;;31;0;0;0.6;0;90;13.9;5.9
BLA;06.10.2021 00:00;3.9;6.7;1.3;4;11.9;0.1;76.5;6;848.4;;1523.7;;1021.2;1.5;9.7;5.4;34.9;9.3;33.5;;0;0;0;99;;;;68;77;20;1.1;0;135;16.1;8.1
BLA;07.10.2021 00:00;3.6;9.8;0.7;4.3;16.5;-1.4;85.6;6.6;849.9;;1537.6;;1022.9;1.4;6.4;5;23;6;21.6;;0;0;0;154;;;;42;346;90;1.3;0;198;16.4;8.4
BLA;08.10.2021 00:00;4.4;12.9;0.1;3.9;18.5;-2.2;89.5;7.4;850;;1538.4;;1023;1;5.2;3.6;18.7;5.1;18.4;;0;0;0;130;;;;19;383;100;1.3;0;180;15.6;7.6
BLA;09.10.2021 00:00;5.2;11.9;0.8;5.3;17.4;-1.9;92;8.1;850.1;;1539.8;;1023.2;1.2;5.5;4.3;19.8;5.3;19.1;;0;0;0;132;;;;19;376;100;1.2;0;219;14.8;6.8
BLA;10.10.2021 00:00;4.6;11.8;-1.1;4.8;16.6;-3.5;81.1;6.7;850.5;;1543.2;;1023.6;1.3;7.6;4.7;27.4;7.3;26.3;;0;0;0;135;;;;21;373;100;1.3;0;194;15.4;7.4
BLA;11.10.2021 00:00;2.1;10.1;-2;1.3;15.5;-4.7;84.1;5.8;851;;1548.1;;1024.2;1.2;5.3;4.3;19.1;4.7;16.9;;0;0;0;123;;;;23;369;100;1.1;0;90;17.9;9.9
BLA;12.10.2021 00:00;2.4;8;-2;1.5;8.5;-4.6;82.8;6;847.2;;1512.4;;1019.9;1;6.1;3.6;22;5.7;20.5;;0;0;0;56;;;;43;31;9;0.8;0;135;17.6;9.6
BLA;13.10.2021 00:00;2.2;8.3;-2.1;1.7;13.5;-5.4;75.3;5.2;848.4;;1523.9;;1021.3;1.4;9.4;5;33.8;9.1;32.8;;0;0;0;128;;;;22;356;99;1.1;0;198;17.8;9.8
BLA;14.10.2021 00:00;1.3;10.4;-3.5;0.2;16.1;-6.3;74.2;4.7;851.5;;1553;;1024.8;1;5.2;3.6;18.7;4.9;17.6;;0;0;0;122;;;;17;355;99;1.1;0;90;18.7;10.7
BLA;15.10.2021 00:00;3.5;13.3;-2.4;2.2;18;-5.9;65.7;5;847.8;;1517.7;;1020.5;1;7.2;3.6;25.9;6.8;24.5;;0;0;0;114;;;;34;260;73;1.2;0;117;16.5;8.5
BLA;16.10.2021 00:00;3.2;12.2;-0.9;2.1;17.5;-4.2;77.5;5.8;847.8;;1517.4;;1020.5;0.9;4.2;3.2;15.1;3.9;14;;0;0;0;116;;;;17;349;99;1.1;0;90;16.8;8.8
BLA;17.10.2021 00:00;3;12;-1.3;1.7;17.4;-4.6;73.7;5.4;849.7;;1535.6;;1022.7;0.8;4.5;2.9;16.2;4.3;15.5;;0;0;0;116;;;;16;348;100;1.1;0;90;17;9
BLA;18.10.2021 00:00;4.9;14;-0.5;3.5;19.4;-3.6;62.3;5.2;853.5;;1572.7;;1027.2;1;4.4;3.6;15.8;4.1;14.8;;0;0;0;109;;;;20;316;92;1.2;0;72;15.1;7.1
BLA;19.10.2021 00:00;7.6;15;1.5;6.4;19.9;-1.8;63.4;6.4;855.6;;1592.5;;1029.5;0.8;3.5;2.9;12.6;3.2;11.5;;0;0;0;75;;;;56;118;35;1.1;0;45;12.4;4.4
BLA;20.10.2021 00:00;8;15.7;3.7;6.6;20.6;1;76.7;7.9;849.1;;1530;;1022;1;5.2;3.6;18.7;4.9;17.6;;7.7;0;0;85;;;;53;126;38;1.1;0;45;12;4
BLA;21.10.2021 00:00;5.1;10.6;-0.4;4.2;15.9;-3.4;81.9;7.2;844.4;;1485.1;;1016.6;1.1;8.9;4;32;8.7;31.3;;0.3;8;0;84;;;;41;141;42;0.8;0;117;14.9;6.9
BLA;22.10.2021 00:00;2.4;9.3;-1.5;1.6;15.3;-4.6;80.2;5.8;847.8;;1518.1;;1020.6;1;5.5;3.6;19.8;5.3;19.1;;0;0;0;111;;;;25;318;96;0.9;0;180;17.6;9.6
BLA;23.10.2021 00:00;1.8;9.9;-1.8;0.9;15.3;-4.6;75.8;5.1;851.9;;1556.8;;1025.3;0.9;4.9;3.2;17.6;4.6;16.6;;0;0;0;103;;;;15;326;99;0.9;0;90;18.2;10.2
BLA;24.10.2021 00:00;3.2;12.3;-1.2;1.3;17.7;-5.1;55.7;4.1;852.8;;1565.9;;1026.4;1;5.7;3.6;20.5;5.5;19.8;;0;0;0;102;;;;14;325;100;1.1;0;72;16.8;8.8
BLA;25.10.2021 00:00;2.9;11.9;-1.2;1.1;17.2;-4.4;51.9;3.8;850.2;;1541;;1023.4;1;3.8;3.6;13.7;3.6;13;;0;0;0;97;;;;15;319;98;1.1;0;72;17.1;9.1
BLA;26.10.2021 00:00;2.9;9.9;-1.4;2.3;16.2;-4.2;74.5;5.6;851.6;;1554.4;;1025;1;5.5;3.6;19.8;5.1;18.4;;0;0;0;108;;;;32;313;98;0.9;0;180;17.1;9.1
BLA;27.10.2021 00:00;2.7;11.6;-1.7;1.1;17.2;-4.7;69.6;5;852.4;;1561.2;;1025.8;0.7;3.7;2.5;13.3;3.6;13;;0;0;0;92;;;;14;313;99;0.8;0;72;17.3;9.3
BLA;28.10.2021 00:00;3.2;12.6;-1;1.1;17.6;-4.6;58.2;4.3;849.2;;1530.8;;1022.1;1;4.5;3.6;16.2;4.2;15.1;;0;0;0;84;;;;17;313;100;1;0;63;16.8;8.8
BLA;29.10.2021 00:00;4.5;13.1;0.3;2.7;17.6;-3.1;52.8;4.3;844.6;;1486.6;;1016.8;1.5;8;5.4;28.8;7.8;28.1;;0;0;0;90;;;;24;287;95;1.3;0;72;15.5;7.5
BLA;30.10.2021 00:00;4.3;7.9;-0.2;2.9;9.3;-2.9;70.3;5.8;843.1;;1472.7;;1015.1;1.4;6.9;5;24.8;6.7;24.1;;0;0;0;36;;;;32;0;0;0.8;0;90;15.7;7.7
BLA;31.10.2021 00:00;5.5;13.6;1.5;4.5;18.5;-0.8;77.8;6.8;842.3;;1464;;1014.1;1.1;5.2;4;18.7;4.9;17.6;;0.4;0;0;88;;;;32;280;95;0.9;0;63;14.5;6.5
BLA;01.11.2021 00:00;2.8;4.6;0.1;2.2;4.9;-0.9;95.4;7.1;836.2;;1405.7;;1007;0.9;3.9;3.2;14;3.8;13.7;;12.1;12.5;0;25;;;;20;0;0;0.4;0;56;17.2;9.2
BLA;02.11.2021 00:00;1.1;6.2;-1.8;0.5;11.7;-4.6;82.9;5.4;834.2;;1387.7;;1004.7;1.2;9;4.3;32.4;8.2;29.5;;0.3;0.3;0;69;;;;48;110;38;0.6;0;37;18.9;10.9
BLA;03.11.2021 00:00;0.6;4.7;-1.1;-0.2;3.5;-3.2;87;5.5;830.6;;1353.4;;1000.6;1.2;6.5;4.3;23.4;6.4;23;;10.6;9.8;0;21;;;;17;0;0;0.6;0;180;19.4;11.4
BLA;04.11.2021 00:00;-2.2;0.6;-6.3;-3.1;2.3;-10.3;87.1;4.6;837.3;;1418.7;;1008.3;1;3.6;3.6;13;3.5;12.6;;0;0.8;9;70;;;;62;11;4;0.4;0;56;22.2;14.2
BLA;05.11.2021 00:00;-4.4;1.5;-8;-6.8;4.2;-12;78.5;3.4;847.8;;1518.2;;1020.5;0.9;4;3.2;14.4;3.8;13.7;;0;0;7;77;;;;14;273;99;0.5;0;50;24.4;16.4
BLA;06.11.2021 00:00;-4.3;3;-7.8;-7.6;5.3;-12.8;66.8;2.9;852;;1557.3;;1025.4;0.7;3.7;2.5;13.3;3.6;13;;0;0;6;77;;;;13;273;100;0.5;0;53;24.3;16.3
BLA;07.11.2021 00:00;-2.3;5.6;-6.7;-4.9;7.7;-10.4;63.9;3.3;849;;1529.4;;1021.9;0.9;3.6;3.2;13;3.2;11.5;;0;0;6;74;;;;15;266;98;0.6;0;45;22.3;14.3
BLA;08.11.2021 00:00;-2.7;4.8;-6.1;-5;6.9;-9.2;69.8;3.5;846.2;;1503;;1018.6;0.9;4.5;3.2;16.2;4.3;15.5;;0;0;5;71;;;;12;265;99;0.6;0;45;22.7;14.7
BLA;09.11.2021 00:00;0.6;9.8;-5.1;-1.8;9.6;-8.6;63.1;4;850.1;;1539.8;;1023.2;1.2;6;4.3;21.6;5.8;20.9;;0;0;4;69;;;;14;256;96;0.8;0;51;19.4;11.4
BLA;10.11.2021 00:00;5;11.3;1.6;2.9;10.5;-0.4;74.1;6.4;852.3;;1560.9;;1025.8;1.3;5.7;4.7;20.5;5.6;20.2;;0;0;3;48;;;;41;25;10;0.8;0;50;15;7
BLA;11.11.2021 00:00;4.6;11.8;1.8;2.9;15.9;-0.8;79.1;6.6;851.2;;1550.7;;1024.5;1;4.3;3.6;15.5;4.1;14.8;;0;0;0;61;;;;19;225;88;0.7;0;51;15.4;7.4
BLA;12.11.2021 00:00;4.1;11.6;1.1;1.8;13.4;-1.4;75.4;6.1;847.5;;1515;;1020.2;0.9;4.2;3.2;15.1;4;14.4;;0;0;0;44;;;;15;211;84;0.7;0;51;15.9;7.9
BLA;13.11.2021 00:00;2.6;5.4;0.3;1.6;6.3;-2.4;91.4;6.7;844.9;;1490.3;;1017.2;1;4.4;3.6;15.8;4.2;15.1;;6.4;6.4;0;28;;;;24;0;0;0.4;0;45;17.4;9.4
BLA;14.11.2021 00:00;1.6;4.4;-0.6;1.2;4.9;-1.6;90.2;6.1;843.3;;1475.4;;1015.3;1;7.6;3.6;27.4;6.8;24.5;;0;0;0;48;;;;40;29;12;0.4;0;51;18.4;10.4
BLA;15.11.2021 00:00;3.8;6.9;0.6;2.9;7.9;-0.9;84.5;6.7;846.8;;1508.4;;1019.4;1.2;4.7;4.3;16.9;4.5;16.2;;0;0;0;38;;;;34;0;0;0.5;0;45;16.2;8.2
BLA;16.11.2021 00:00;1.5;7.7;-0.9;-0.1;11.8;-3.3;83.2;5.6;846.9;;1509.1;;1019.5;0.7;3.1;2.5;11.2;2.9;10.4;;0;0;0;49;;;;14;236;100;0.5;0;45;18.5;10.5
BLA;17.11.2021 00:00;-0.3;2.8;-1.9;-0.5;5.9;-3.8;96;5.7;848.1;;1521;;1020.9;0.9;3.8;3.2;13.7;3.5;12.6;;0;0;0;49;;;;41;12;5;0.3;0;207;20.3;12.3
BLA;18.11.2021 00:00;-1.4;3.8;-4.5;-2.3;6.8;-6.3;92.8;5.1;854.3;;1578.8;;1028;0.7;2.6;2.5;9.4;2.5;9;;0;0;0;51;;;;24;202;91;0.3;0;45;21.4;13.4
BLA;19.11.2021 00:00;1.5;9.2;-1.6;-0.3;13;-4.4;69.7;4.7;856.4;;1599.5;;1030.5;0.6;2.5;2.2;9;2.4;8.6;;0;0;0;55;;;;16;225;100;0.5;0;45;18.5;10.5
BLA;20.11.2021 00:00;2.1;10.4;-0.4;0;14;-3.5;66.3;4.6;851.7;;1554.9;;1025.1;0.7;2.9;2.5;10.4;2.8;10.1;;0;0;0;50;;;;10;221;100;0.6;0;53;17.9;9.9
BLA;21.11.2021 00:00;1;7.6;-1.6;-0.8;10;-4.5;70.1;4.6;840.5;;1448.3;;1012.1;0.6;3;2.2;10.8;2.8;10.1;;0;0;0;38;;;;17;155;75;0.5;0;45;19;11
BLA;22.11.2021 00:00;0.4;3.8;-2;-0.3;5.4;-3.8;91.9;5.7;840.8;;1451.2;;1012.4;0.8;5.7;2.9;20.5;5.6;20.2;;0;0;0;44;;;;37;11;5;0.3;0;0;19.6;11.6
BLA;23.11.2021 00:00;-1.1;5.1;-3.1;-2.6;8.3;-5.8;88.9;5;847.2;;1512.3;;1019.8;0.8;3.8;2.9;13.7;3.7;13.3;;0;0;0;33;;;;11;148;73;0.4;0;45;21.1;13.1
BLA;24.11.2021 00:00;-1.3;5.1;-4;-3.5;8.1;-6.9;67.8;3.7;845.2;;1493.1;;1017.5;0.8;4.2;2.9;15.1;4.1;14.8;;0;0;0;46;;;;9;202;100;0.5;0;51;21.3;13.3
BLA;25.11.2021 00:00;1.1;6;-3.2;0.1;7;-5.7;75;4.9;836.4;;1408.6;;1007.3;0.9;4;3.2;14.4;3.8;13.7;;0.5;0.3;0;37;;;;33;0;0;0.5;0;45;18.9;10.9
BLA;26.11.2021 00:00;-2;-0.7;-3.8;-2;0.2;-4.5;99.1;5.2;828;;1329.5;;997.5;1.1;4.4;4;15.8;4.3;15.5;;0.2;0.4;0;31;;;;26;0;0;0.2;0;214;22;14
BLA;27.11.2021 00:00;-3.7;-1;-5.6;-3.9;-0.4;-6.9;94.7;4.4;822.4;;1277.1;;991;1.1;6;4;21.6;5.8;20.9;;1.9;1.9;0;35;;;;28;0;0;0.3;0;225;23.7;15.7
BLA;28.11.2021 00:00;-5.7;-3.8;-7.1;-6.1;-3;-9.1;88.5;3.5;824;;1293.9;;992.8;1.1;5.1;4;18.4;5;18;;6.3;3.9;2;38;;;;32;0;0;0.3;0;90;25.7;17.7
BLA;29.11.2021 00:00;-6.8;-4.7;-11.2;-6.6;-0.2;-13.4;81.6;3;833.7;;1387.3;;1004.2;1.2;5.3;4.3;19.1;5;18;;1.1;3.5;10;38;;;;32;0;0;0.2;0;72;26.8;18.8
BLA;30.11.2021 00:00;-4.9;-0.4;-11.7;-5.6;-0.1;-15.7;87.3;3.9;845.3;;1495.6;;1017.7;1.2;5.1;4.3;18.4;4.9;17.6;;4.4;4.4;9;41;;;;37;0;0;0.2;0;40;24.9;16.9
BLA;01.12.2021 00:00;-0.4;2.6;-4.3;-0.9;1.7;-4.7;95.6;5.7;836.6;;1411.3;;1007.5;1;4.8;3.6;17.3;4.6;16.6;;2.8;2.7;14;47;;;;41;0;0;0.2;0;45;20.4;12.4
BLA;02.12.2021 00:00;-4;-1.1;-11.7;-3.4;-0.1;-10.9;85.8;4;831;;1359.8;;1001;1.4;10.3;5;37.1;9.5;34.2;;0.7;0.8;13;43;;;;38;0;0;0.1;0;53;24;16
BLA;03.12.2021 00:00;-9.6;-4.5;-14.4;-9.7;-4.2;-15;73.5;2.2;839.7;;1444.5;;1011.1;1.1;4.8;4;17.3;4.6;16.6;;18.1;1.1;14;33;;;;19;73;44;0.3;0;45;29.6;21.6
BLA;04.12.2021 00:00;-1.2;1.5;-6;-1.3;-0.1;-4.1;98.4;5.6;834.5;;1391.8;;1005.1;1.1;8.8;4;31.7;8.5;30.6;;18.8;35.8;38;17;;;;12;0;0;0.2;0;180;21.2;13.2
BLA;05.12.2021 00:00;-5.6;-3;-10.4;-0.3;-0.1;-1.1;87.9;3.6;832.2;;1372.2;;1002.4;1.1;4.8;4;17.3;4.5;16.2;;0;0;36;41;;;;36;0;0;0.2;0;45;25.6;17.6
BLA;06.12.2021 00:00;-9.1;-5.8;-12.7;-5.4;-1.1;-14;86.9;2.7;838.6;;1433.9;;1009.8;1.1;4.7;4;16.9;4.5;16.2;;1.9;0;34;36;;;;13;146;97;0.2;0;45;29.1;21.1
BLA;07.12.2021 00:00;-4.4;-1.9;-6.7;-5.3;-1;-9.2;79.1;3.5;838.4;;1430.3;;1009.6;1.8;12.3;6.5;44.3;11.4;41;;4.1;2.9;37;37;;;;16;126;86;0.4;0;45;24.4;16.4
BLA;08.12.2021 00:00;-4.1;-3.3;-5.4;-3.5;-2.9;-4.3;97.5;4.4;829.7;;1347.7;;999.5;0.8;4;2.9;14.4;3.7;13.3;;20.5;18.6;43;12;;;;6;0;0;0.3;0;225;24.1;16.1
BLA;09.12.2021 00:00;-7.1;-4;-14;-7.4;-2.8;-16.5;87.5;3.3;833.4;;1384.7;;1003.8;1.3;5.8;4.7;20.9;5.2;18.7;;0.4;5.4;62;39;;;;33;0;0;0.1;0;45;27.1;19.1
BLA;10.12.2021 00:00;-6.7;-4.3;-13.2;-7.2;-4.8;-15.9;91.6;3.5;828.9;;1341.7;;998.5;1.1;5.7;4;20.5;5.6;20.2;;11.3;11.3;56;15;;;;9;1;1;0.2;0;0;26.7;18.7
BLA;11.12.2021 00:00;-6.2;-2.9;-11.9;-7.4;0.6;-15.8;89.3;3.5;841.5;;1459.9;;1013.2;1.5;8.6;5.4;31;8.5;30.6;;0.1;0.1;65;39;;;;31;16;12;0.1;0;214;26.2;18.2
BLA;12.12.2021 00:00;-7.2;-0.4;-13.2;-9.3;4.7;-16.6;81.2;3;851.7;;1554.4;;1025;1.1;5.1;4;18.4;4.7;16.9;;0;0;59;44;;;;31;64;49;0.3;0;53;27.2;19.2
BLA;13.12.2021 00:00;-2.9;1.8;-4.8;-5.3;4.2;-7.4;86.3;4.3;853.5;;1571;;1027.1;0.8;3.3;2.9;11.9;3.1;11.2;;0;0;55;27;;;;8;135;100;0.3;0;39;22.9;14.9
BLA;14.12.2021 00:00;-1.8;4.5;-5.3;-3.9;7.5;-8.2;70.7;3.8;855;;1585.1;;1028.8;1;4.1;3.6;14.8;3.8;13.7;;0;0;52;38;;;;21;106;83;0.4;0;45;21.8;13.8
BLA;15.12.2021 00:00;-1.1;3.9;-3.7;-3.1;4.3;-5.6;76.7;4.3;855.4;;1589.4;;1029.4;0.8;2.8;2.9;10.1;2.6;9.4;;0;0;50;34;;;;20;132;100;0.4;0;45;21.1;13.1
BLA;16.12.2021 00:00;-2.1;2.3;-4.6;-4.6;3.7;-6.9;73.3;3.8;856.9;;1603.5;;1031.2;1.3;4.5;4.7;16.2;4.3;15.5;;0;0;48;27;;;;8;132;100;0.5;0;45;22.1;14.1
BLA;17.12.2021 00:00;-2;3.6;-5.2;-4.6;3.9;-8.1;65.2;3.4;858.2;;1614.8;;1032.6;1.1;5.4;4;19.4;5.2;18.7;;0;0;46;27;;;;8;131;100;0.5;0;45;22;14
BLA;18.12.2021 00:00;-2.7;5.9;-5.7;-5.2;5.4;-8.5;64;3.2;856.3;;1597.1;;1030.4;1;4.5;3.6;16.2;4.3;15.5;;0;0;45;27;;;;8;130;100;0.6;0;40;22.7;14.7
BLA;19.12.2021 00:00;-3.5;0.9;-5.9;-5.9;2.3;-8.2;63.9;3;852.8;;1565;;1026.4;1;3.5;3.6;12.6;3.2;11.5;;0;0;44;27;;;;8;130;100;0.5;0;45;23.5;15.5
BLA;20.12.2021 00:00;-5;-1.6;-7.6;-7.6;-0.6;-10.2;62.4;2.6;847.1;;1511.7;;1019.7;1.1;4.2;4;15.1;4.1;14.8;;0;0;44;25;;;;9;131;100;0.4;0;45;25;17
BLA;21.12.2021 00:00;-6.4;0;-9.1;-9;0.3;-11.5;57.4;2.2;845.9;;1501;;1018.3;0.9;4.2;3.2;15.1;3.9;14;;0;0;43;27;;;;9;130;100;0.5;0;45;26.4;18.4
BLA;22.12.2021 00:00;-7.2;-1.2;-10.2;-9.7;-0.9;-12.7;56.7;2;847.7;;1517.8;;1020.4;0.9;3.4;3.2;12.2;3.1;11.2;;0;0;43;28;;;;9;130;100;0.4;0;50;27.2;19.2
BLA;23.12.2021 00:00;-4.2;1.7;-7.9;-6.5;2.4;-10.5;63.5;2.9;845.5;;1497.3;;1017.9;0.9;3.4;3.2;12.2;3;10.8;;0;0;43;27;;;;14;108;86;0.5;0;39;24.2;16.2
BLA;24.12.2021 00:00;-0.3;3.9;-4.6;-1.6;3.1;-6.7;81.8;5;839.9;;1443.1;;1011.4;1.1;4;4;14.4;3.9;14;;0.1;0.1;43;23;;;;19;0;0;0.4;0;41;20.3;12.3
BLA;25.12.2021 00:00;0.6;3.7;-2;-0.4;3.8;-3.8;75;4.8;835.8;;1403.1;;1006.6;1.1;5.2;4;18.7;5.1;18.4;;2.6;0;42;42;;;;38;0;0;0.4;0;40;19.4;11.4
BLA;26.12.2021 00:00;-0.4;1.4;-2.4;-0.9;2.9;-3.7;95.9;5.7;836;;1406.1;;1006.9;0.8;4.8;2.9;17.3;4.7;16.9;;0.1;2.7;48;37;;;;32;0;0;0.2;0;45;20.4;12.4
BLA;27.12.2021 00:00;-0.9;2.9;-4.8;-1.8;2.7;-6.9;89.5;5.1;835.1;;1397.5;;1005.8;0.9;5.3;3.2;19.1;5.1;18.4;;6.8;2.4;47;31;;;;27;0;0;0.3;0;34;20.9;12.9
BLA;28.12.2021 00:00;0.3;1.7;-1.3;-0.1;1.5;-2.3;98.5;6.1;836.5;;1409.9;;1007.4;1.2;6.9;4.3;24.8;6.3;22.7;;14.5;18.1;56;15;;;;11;0;0;0.3;0;56;19.7;11.7
BLA;29.12.2021 00:00;1.2;9.4;-0.3;0.5;5;-0.8;96.9;6.5;843.3;;1475.2;;1015.3;1.5;16.1;5.4;58;15.6;56.2;;51.7;49.2;53;9;;;;5;0;0;0.7;0;63;18.8;10.8
BLA;30.12.2021 00:00;2;5.4;-0.4;0.8;6.1;-2.7;92.5;6.6;852.4;;1562;;1025.9;1.1;6.2;4;22.3;5.8;20.9;;0;3.3;55;31;;;;14;136;100;0.3;0;45;18;10
BLA;31.12.2021 00:00;2;7.7;-0.5;-0.4;7.4;-3;61.4;4.3;855.6;;1592.3;;1029.6;1.2;5.3;4.3;19.1;5.2;18.7;;0;0;52;28;;;;9;140;100;0.7;0;49;18;10
BLA;01.01.2022 00:00;1.9;6.3;-0.3;-0.4;6.9;-2.5;63.9;4.5;856.3;;1598.2;;1030.4;1.1;4.7;4;16.9;4.3;15.5;;0;0;52;28;;;;9;148;100;0.6;0;49;18.1;10.1
BLA;02.01.2022 00:00;2.3;7.7;-1.2;0.5;8.3;-3.5;68.1;4.9;852.8;;1565.3;;1026.3;1.1;4.8;4;17.3;4.6;16.6;;0;0;51;36;;;;28;28;21;0.6;0;45;17.7;9.7
BLA;03.01.2022 00:00;2.6;4.1;0.6;1.7;4.5;-0.9;72.9;5.4;847.9;;1518.4;;1020.6;1.4;4.8;5;17.3;4.6;16.6;;5.8;1.3;51;44;;;;39;3;2;0.4;0;41;17.4;9.4
BLA;04.01.2022 00:00;4.6;10.5;1.6;3.4;10.2;0.3;79.7;6.6;836.5;;1407.7;;1007.4;2;17.5;7.2;63;17;61.2;;4.1;4.8;49;40;;;;33;14;9;0.7;0;360;15.4;7.4
BLA;05.01.2022 00:00;-3.8;1.9;-10;-4.8;1.1;-12.7;80.8;4;834.8;;1396;;1005.5;1.5;9.1;5.4;32.8;8.6;31;;0.1;3.9;51;43;;;;33;56;35;0.3;0;217;23.8;15.8
BLA;06.01.2022 00:00;-10.3;-6.2;-13.4;-11.7;-5.1;-15.8;77;2.2;842.3;;1468.7;;1014.2;1.1;4.4;4;15.8;4.1;14.8;;0;0;49;36;;;;10;163;99;0.3;0;53;30.3;22.3
BLA;07.01.2022 00:00;-8.9;-4.2;-14.5;-10.2;-3.7;-16.9;71.9;2.3;843.7;;1481.5;;1015.8;1.1;4.6;4;16.6;4.5;16.2;;3.6;1.3;49;38;;;;33;0;0;0.3;0;45;28.9;20.9
BLA;08.01.2022 00:00;-4.4;-2.4;-6.5;-4.5;-1.4;-7.6;80.9;3.6;840.2;;1446.9;;1011.7;1.4;6.8;5;24.5;6.7;24.1;;12.7;6.2;56;56;;;;50;0;0;0.2;0;39;24.4;16.4
BLA;09.01.2022 00:00;-4.6;-3;-5.6;-4.7;-2.3;-6.3;91.9;4;833.1;;1380.1;;1003.4;1.4;8.4;5;30.2;8.2;29.5;;4.2;13;78;30;;;;23;0;0;0.3;0;225;24.6;16.6
BLA;10.01.2022 00:00;-9.1;-5.4;-14.2;-10.9;-4.1;-17;81.2;2.5;841.4;;1459.4;;1013.1;1;4.2;3.6;15.1;4.1;14.8;;0;0;77;43;;;;17;152;86;0.2;0;45;29.1;21.1
BLA;11.01.2022 00:00;-11.2;-4.6;-14.5;-13.9;-1.5;-17.7;75.1;2;849.3;;1533;;1022.3;1;3.6;3.6;13;3.4;12.2;;0;0;72;41;;;;12;181;98;0.3;0;45;31.2;23.2
BLA;12.01.2022 00:00;-8;-1.4;-12.4;-10.6;-0.3;-15.7;63.9;2.1;855;;1584.4;;1028.9;0.9;3.6;3.2;13;3.5;12.6;;0;0;69;43;;;;11;187;100;0.4;0;39;28;20
BLA;13.01.2022 00:00;-4.2;1.7;-8.2;-6.6;2.9;-10.8;63.3;2.8;858.7;;1618.8;;1033.2;0.9;4.2;3.2;15.1;3.9;14;;0;0;66;42;;;;10;191;99;0.4;0;45;24.2;16.2
BLA;14.01.2022 00:00;-2.1;4.4;-4.1;-4.2;5.5;-6.8;62.6;3.3;857.7;;1610.9;;1032.1;0.8;3.7;2.9;13.3;3.6;13;;0;0;65;43;;;;9;195;99;0.5;0;39;22.1;14.1
BLA;15.01.2022 00:00;-1.2;5.3;-3.6;-3.5;5.6;-6.4;60;3.3;852.1;;1558.7;;1025.6;0.8;3.7;2.9;13.3;3.6;13;;0;0;64;45;;;;10;198;99;0.5;0;45;21.2;13.2
BLA;16.01.2022 00:00;-3.7;4.5;-7.3;-6.1;4.7;-10.1;58.9;2.7;852.3;;1560.6;;1025.8;1.1;9.2;4;33.1;9;32.4;;0;0;63;47;;;;10;200;100;0.6;0;45;23.7;15.7
BLA;17.01.2022 00:00;-6.8;-1.6;-9.1;-9;1;-12;67.5;2.5;856.3;;1596.8;;1030.4;1.2;5.3;4.3;19.1;5.1;18.4;;0;0;62;47;;;;11;212;100;0.4;0;45;26.8;18.8
BLA;18.01.2022 00:00;-3.8;3.6;-8.1;-5.9;5;-10.9;67.7;3.1;855.7;;1592;;1029.8;0.9;3.6;3.2;13;3.3;11.9;;0;0;62;49;;;;10;205;100;0.5;0;45;23.8;15.8
BLA;19.01.2022 00:00;-4.4;2.4;-8.3;-6.3;3.2;-10.5;68.9;3;851.9;;1556.6;;1025.3;0.8;3.3;2.9;11.9;3.2;11.5;;0;0;62;50;;;;10;207;100;0.4;0;39;24.4;16.4
BLA;20.01.2022 00:00;-4.7;0.1;-9.9;-5.7;2.2;-12.8;71.2;3.1;848.6;;1525.5;;1021.4;1.6;8.7;5.8;31.3;8.2;29.5;;0;0;62;69;;;;29;206;98;0.4;0;180;24.7;16.7
BLA;21.01.2022 00:00;-9.3;-4.4;-12.8;-10.8;-1.8;-15.4;74.8;2.3;850.7;;1545.2;;1023.9;1.3;6.8;4.7;24.5;6.5;23.4;;0;0;61;58;;;;19;191;89;0.3;0;49;29.3;21.3
BLA;22.01.2022 00:00;-7;-0.8;-11.8;-9;1.2;-14.1;75;2.7;854.1;;1576.2;;1027.8;1.2;4.9;4.3;17.6;4.7;16.9;;0;0;61;57;;;;15;224;100;0.4;0;50;27;19
BLA;23.01.2022 00:00;-4.5;2.7;-7.8;-7.1;3.1;-10.5;64.7;2.8;854.6;;1581.6;;1028.5;1;3.5;3.6;12.6;3.3;11.9;;0;0;61;55;;;;11;226;100;0.5;0;45;24.5;16.5
BLA;24.01.2022 00:00;-4.1;2.9;-6.9;-6.9;4.1;-10.4;64.9;2.9;855.2;;1587.3;;1029.2;0.8;3.2;2.9;11.5;3.1;11.2;;0;0;61;56;;;;11;229;100;0.5;0;39;24.1;16.1
BLA;25.01.2022 00:00;-3.6;3.3;-6.1;-6.8;3.8;-9.9;60.1;2.8;856.6;;1600.4;;1030.8;0.8;3.6;2.9;13;3.4;12.2;;0;0;61;59;;;;11;233;100;0.5;0;39;23.6;15.6
BLA;26.01.2022 00:00;-4.3;3.2;-7.5;-7.5;3.4;-11.1;59.8;2.6;855.2;;1586.9;;1029.1;0.9;3.2;3.2;11.5;2.9;10.4;;0;0;61;62;;;;11;240;100;0.5;0;39;24.3;16.3
BLA;27.01.2022 00:00;-3.7;3.2;-7.7;-6.5;3.7;-11;56.7;2.6;854.3;;1578.5;;1028.1;1.1;7.7;4;27.7;7.3;26.3;;0;0;61;68;;;;25;244;100;0.6;0;45;23.7;15.7
BLA;28.01.2022 00:00;-1.2;3.8;-5.1;-3.7;4.8;-9.1;45.8;2.4;855.8;;1592.7;;1029.8;1.9;8.8;6.8;31.7;8.5;30.6;;0;0;61;68;;;;15;246;99;1;0;45;21.2;13.2
BLA;29.01.2022 00:00;-2.3;4;-6.5;-3.9;6.6;-9.2;66.5;3.3;856;;1594.8;;1030.1;1.4;6.5;5;23.4;6;21.6;;0;0;61;83;;;;30;248;98;0.6;0;72;22.3;14.3
BLA;30.01.2022 00:00;-3.4;1.6;-8.1;-5.9;3.9;-11.6;74.5;3.6;852;;1557.2;;1025.4;1.2;5.1;4.3;18.4;5;18;;0;0;61;67;;;;12;256;99;0.5;0;51;23.4;15.4
BLA;31.01.2022 00:00;-4.2;2.4;-8.2;-5.1;0.6;-11.4;75.4;3.4;842.6;;1469.7;;1014.5;2.3;27.4;8.3;98.6;25.2;90.7;;9.3;6.6;61;25;;;;20;0;0;0.7;0;162;24.2;16.2
BLA;01.02.2022 00:00;-3.8;-0.7;-6.3;-4;-1.8;-6.2;86;4;846.7;;1508.1;;1019.3;1.6;7.1;5.8;25.6;7;25.2;;23.9;19;74;61;;;;56;0;0;0.4;0;37;23.8;15.8
BLA;02.02.2022 00:00;-0.4;0.8;-3.4;-1.8;-1;-2.8;98.2;5.8;847.7;;1516.7;;1020.4;1.4;6.6;5;23.8;6.4;23;;18.6;26.2;82;15;;;;10;0;0;0.3;0;45;20.4;12.4
BLA;03.02.2022 00:00;-0.2;5.2;-5.3;-1.8;-1;-2.6;79.5;4.8;847.7;;1517.3;;1020.5;1.1;6.2;4;22.3;5.9;21.2;;0;0;88;77;;;;57;87;32;0.5;0;45;20.2;12.2
BLA;04.02.2022 00:00;-0.5;6.3;-4.9;-1.4;7.8;-6.6;65.3;3.8;844.2;;1484.1;;1016.4;1.1;5.5;4;19.8;5;18;;0;0;87;78;;;;17;272;98;0.7;0;45;20.5;12.5
BLA;05.02.2022 00:00;-2;2.9;-9.4;-3.4;5;-12.3;68.2;3.6;848.4;;1524;;1021.3;1.3;5.2;4.7;18.7;5;18;;0;0;87;84;;;;20;274;98;0.6;0;53;22;14
BLA;06.02.2022 00:00;-4.2;2.9;-9.8;-6;2.3;-13.2;68.5;3.2;847.5;;1515.1;;1020.2;1.3;10.1;4.7;36.4;9.7;34.9;;19.8;14.1;87;57;;;;45;36;13;0.6;0;45;24.2;16.2
BLA;07.02.2022 00:00;-2.4;2.7;-9.4;-3.2;-2.2;-6.7;50.5;2.7;848;;1519.5;;1020.8;3.2;21.7;11.5;78.1;20;72;;0.3;6;111;105;;;;37;275;95;1;0;45;22.4;14.4
BLA;08.02.2022 00:00;-5.5;2.8;-10.9;-6.9;-4;-8.8;65.5;2.7;856.9;;1602.3;;1031.1;1.2;5;4.3;18;4.6;16.6;;0;0;104;84;;;;14;286;98;0.7;0;45;25.5;17.5
BLA;09.02.2022 00:00;-0.8;8.3;-5;-6.4;-1.6;-8.5;50.1;2.9;855.7;;1591.9;;1029.7;0.8;3.4;2.9;12.2;3.3;11.9;;0;0;101;90;;;;14;290;99;0.8;0;39;20.8;12.8
BLA;10.02.2022 00:00;-1;6.5;-5.6;-5.6;6.6;-10.2;54.5;3.1;851.8;;1555.6;;1025.2;1;4.8;3.6;17.3;4.3;15.5;;0.5;0;99;88;;;;14;296;99;0.8;0;40;21;13
BLA;11.02.2022 00:00;-2.6;2.2;-11.4;-3.7;4.1;-14.9;60.3;3.3;851.4;;1551.4;;1024.7;1.6;10.4;5.8;37.4;9.8;35.3;;0.6;1.1;98;99;;;;42;244;80;0.6;0;30;22.6;14.6
BLA;12.02.2022 00:00;-7.8;0.9;-13.6;-10.3;1.8;-16.7;42.8;1.4;852.1;;1557.7;;1025.5;1.1;5.8;4;20.9;5.6;20.2;;0;0;97;96;;;;29;310;99;0.7;0;45;27.8;19.8
BLA;13.02.2022 00:00;-7.1;1.6;-11.4;-9.3;3.5;-14.5;46;1.6;846.6;;1507.6;;1019.2;1.1;3.7;4;13.3;3.5;12.6;;0;0;96;101;;;;16;314;99;0.8;0;49;27.1;19.1
BLA;14.02.2022 00:00;-4.7;1.6;-11;-5.9;1.9;-13.7;64.1;2.9;839.5;;1440.8;;1010.9;1.2;7;4.3;25.2;6.6;23.8;;1.4;0.8;95;61;;;;55;1;0;0.6;0;63;24.7;16.7
BLA;15.02.2022 00:00;-3.6;-0.2;-10;-4.3;1.1;-12.8;81.6;3.9;842.2;;1465.4;;1014;1.3;7.1;4.7;25.6;6.9;24.8;;1.4;1.7;97;61;;;;56;0;0;0.4;0;39;23.6;15.6
BLA;16.02.2022 00:00;-0.3;1.8;-4.8;-0.6;1.7;-5.9;92.2;5.6;844.2;;1484.3;;1016.4;1.4;5.5;5;19.8;5.1;18.4;;22.4;18.3;99;34;;;;30;0;0;0.4;0;38;20.3;12.3
BLA;17.02.2022 00:00;2.1;4.4;0.7;1.4;3.7;-0.1;92.8;6.6;845.6;;1496.9;;1018;1.1;5.1;4;18.4;5;18;;1.3;5.7;101;42;;;;37;2;1;0.6;0;72;17.9;9.9
BLA;18.02.2022 00:00;4.8;13.3;-0.4;3.9;14.9;-2.4;57.8;4.7;843.1;;1472.4;;1015.1;2.1;14.6;7.6;52.6;14.1;50.8;;1.7;1.4;95;89;;;;57;100;30;1.6;0;233;15.2;7.2
BLA;19.02.2022 00:00;-1.1;2.8;-8.1;-1.9;5.2;-10.5;71.1;4.1;845.1;;1492.3;;1017.4;1.5;5.5;5.4;19.8;5.1;18.4;;0;0.3;88;101;;;;37;322;96;0.7;0;56;21.1;13.1
BLA;20.02.2022 00:00;-0.7;4.8;-7.8;-1.4;7.4;-10.3;65.1;3.8;847.6;;1515.8;;1020.3;1.2;6.1;4.3;22;5.4;19.4;;1.4;0;87;100;;;;47;205;61;0.8;0;50;20.7;12.7
BLA;21.02.2022 00:00;-1.7;-0.1;-3.6;-1.9;0.6;-3.7;79.1;4.2;840.4;;1447.9;;1011.9;2.5;21.9;9;78.8;20.9;75.2;;12.8;11.3;88;42;;;;37;0;0;0.7;0;135;21.7;13.7
BLA;22.02.2022 00:00;-0.9;3.7;-3.9;-1.2;5.4;-6.4;69.2;3.9;849.2;;1530.9;;1022.1;1.8;9.1;6.5;32.8;8.4;30.2;;0.3;3.2;93;114;;;;49;211;61;1;0;45;20.9;12.9
BLA;23.02.2022 00:00;-2.1;6.2;-7.3;-3.5;8.5;-9.5;61.2;3.1;851.7;;1554.3;;1025;1.1;4.2;4;15.1;3.8;13.7;;0;0;92;123;;;;18;345;99;1;0;45;22.1;14.1
BLA;24.02.2022 00:00;0;5.6;-4.7;-1.1;7.7;-6.5;56.4;3.4;847.3;;1513;;1019.9;1.3;4.8;4.7;17.3;4.7;16.9;;0.1;0;90;107;;;;88;41;12;1;0;41;20;12
BLA;25.02.2022 00:00;-1.8;0.6;-5.9;-1.7;2.8;-6.1;56.1;3;848.6;;1525.8;;1021.5;2.2;14;7.9;50.4;13.3;47.9;;0.8;0.9;90;136;;;;52;242;68;1;0;90;21.8;13.8
BLA;26.02.2022 00:00;-6.6;0.3;-12.2;-7.9;2.8;-14.8;56;2;851.1;;1549.2;;1024.4;1.5;5.5;5.4;19.8;5.4;19.4;;0;0;91;133;;;;20;354;99;0.9;0;49;26.6;18.6
BLA;27.02.2022 00:00;-7.1;1.4;-12.5;-8.5;4.6;-14.9;40.6;1.4;849.5;;1534.1;;1022.5;1.1;4.9;4;17.6;4.7;16.9;;0;0;90;137;;;;20;358;99;1;0;45;27.1;19.1
BLA;28.02.2022 00:00;-5.4;3.2;-11.2;-6.7;6.3;-13.5;47.1;1.9;851.6;;1553.3;;1024.9;1;5.7;3.6;20.5;5;18;;0;0;89;134;;;;19;361;99;1;0;53;25.4;17.4
BLA;01.03.2022 00:00;-3.6;6.5;-9.1;-5.2;8.9;-12.1;47.5;2;850.4;;1542.2;;1023.5;1.3;7.5;4.7;27;7.4;26.6;;0;0;89;141;;;;24;367;99;1.3;0;37;23.6;15.6
BLA;02.03.2022 00:00;-1.9;7.1;-7.6;-3;9.7;-10.1;49.1;2.6;847.1;;1511.6;;1019.7;1;4;3.6;14.4;3.8;13.7;;0;0;89;127;;;;49;237;63;1.2;0;45;21.9;13.9
BLA;03.03.2022 00:00;-1.2;6.1;-6.7;-2.2;8.9;-8.7;55.8;3;842.6;;1468.9;;1014.5;1.6;9.7;5.8;34.9;9.3;33.5;;0;0;88;139;;;;19;374;97;1.3;0;42;21.2;13.2
BLA;04.03.2022 00:00;-2.7;3.7;-9.2;-3.9;7.5;-11.4;47.2;2.3;840.6;;1450.5;;1012.2;1.9;12;6.8;43.2;11.5;41.4;;0;0;87;145;;;;22;379;98;1.3;0;34;22.7;14.7
BLA;05.03.2022 00:00;-6.4;1.3;-12;-7.5;4.9;-14.2;44.4;1.6;840.6;;1452;;1012.2;1.2;5.6;4.3;20.2;5.4;19.4;;0;0;87;152;;;;21;385;98;1.1;0;52;26.4;18.4
BLA;06.03.2022 00:00;-7;1.1;-12.8;-8;4.8;-15.1;50.5;1.7;840.7;;1453;;1012.3;1.2;5.7;4.3;20.5;5.2;18.7;;0;0;87;152;;;;25;390;99;1.1;0;51;27;19
BLA;07.03.2022 00:00;-6.1;3.2;-12.4;-7;7.9;-14.3;55.6;2.1;842.3;;1467.1;;1014.1;1;3.9;3.6;14;3.8;13.7;;0;0;87;153;;;;24;392;99;1.1;0;56;26.1;18.1
BLA;08.03.2022 00:00;-4.2;4.8;-10.4;-5.3;8.1;-12.3;49.8;2.1;844.2;;1484.7;;1016.3;0.9;3.6;3.2;13;3.4;12.2;;0;0;87;146;;;;48;324;81;1.1;0;53;24.2;16.2
BLA;09.03.2022 00:00;-2.9;6.6;-8.7;-3.9;9.4;-11;49.3;2.3;848.4;;1524.3;;1021.3;0.9;4.2;3.2;15.1;4.1;14.8;;0;0;87;160;;;;21;399;99;1.3;0;51;22.9;14.9
BLA;10.03.2022 00:00;-1.1;8.1;-7.5;-2.5;9.5;-9.5;44.2;2.3;848.7;;1526;;1021.5;1.3;5.4;4.7;19.4;5.2;18.7;;0;0;86;165;;;;21;404;100;1.6;0;52;21.1;13.1
BLA;11.03.2022 00:00;-1.5;4.3;-5.5;-2.2;7.2;-7.3;57.4;3.1;846.7;;1507.4;;1019.2;1.5;7.1;5.4;25.6;7;25.2;;0;0;85;145;;;;82;255;62;1.3;0;90;21.5;13.5
BLA;12.03.2022 00:00;-1.6;4.3;-5.7;-1.9;8;-7.1;66;3.5;846.5;;1505.9;;1019;1.3;5.8;4.7;20.9;5.7;20.5;;0;0;85;165;;;;77;407;98;1.3;0;45;21.6;13.6
BLA;13.03.2022 00:00;-1.2;5;-6.6;-1.6;10.2;-8.5;66.2;3.7;845.9;;1500.1;;1018.3;1.2;5.8;4.3;20.9;5.6;20.2;;0;0;84;131;;;;69;215;51;1.2;0;90;21.2;13.2
BLA;14.03.2022 00:00;0.3;7.7;-6.7;-0.4;10;-8.5;58.7;3.4;853.4;;1570.6;;1027;1.2;4.5;4.3;16.2;4.3;15.5;;3.8;0;84;164;;;;43;354;83;1.5;0;54;19.7;11.7
BLA;15.03.2022 00:00;1.8;5.3;0.1;1.6;6.1;0;93.8;6.5;854.7;;1583.5;;1028.6;0.8;5.5;2.9;19.8;5.3;19.1;;5.8;9.6;83;76;;;;68;5;1;0.9;0;45;18.2;10.2
BLA;16.03.2022 00:00;4.9;9.9;1.3;3.7;10.3;-0.1;63.8;5.4;850.6;;1544.8;;1023.8;0.9;4.7;3.2;16.9;4.3;15.5;;0;0;83;131;;;;116;0;0;1.4;0;40;15.1;7.1
BLA;17.03.2022 00:00;4.1;9.9;0.5;3.3;10.8;-0.9;68.4;5.5;851.2;;1550.6;;1024.5;0.6;3.1;2.2;11.2;3;10.8;;0;0;79;134;;;;105;34;8;1.4;0;34;15.9;7.9
BLA;18.03.2022 00:00;3.4;9.5;-0.7;2.6;11.6;-2.4;75.1;5.7;854.6;;1583;;1028.5;1.1;5.5;4;19.8;5.4;19.4;;0;0;77;137;;;;99;165;38;1.4;0;135;16.6;8.6
BLA;19.03.2022 00:00;2.2;8.2;-1.6;1.4;10.4;-3.9;60.9;4.1;854.5;;1581;;1028.3;1.3;6;4.7;21.6;5.7;20.5;;0;0;73;191;;;;58;435;98;1.8;0;45;17.8;9.8
BLA;20.03.2022 00:00;-0.4;4.7;-3.9;-0.6;7.5;-6.3;61.4;3.5;855.9;;1594.5;;1030;1.2;6.1;4.3;22;5.8;20.9;;0;0;70;203;;;;56;440;99;1.6;0;45;20.4;12.4
BLA;21.03.2022 00:00;-0.2;7.4;-6;-1.3;10.9;-8.4;55.9;3.2;856.2;;1597.2;;1030.3;1.2;5.8;4.3;20.9;5.7;20.5;;0;0;68;190;;;;65;433;96;1.7;0;63;20.2;12.2
BLA;22.03.2022 00:00;-0.1;8;-6.3;-1.4;10.2;-9.1;41.1;2.3;856.3;;1597.9;;1030.4;1.5;8.2;5.4;29.5;8.1;29.2;;0;0;65;201;;;;32;454;99;1.9;0;56;20.1;12.1
BLA;23.03.2022 00:00;1.5;9.4;-4.7;0.1;11.6;-7.4;41.7;2.6;855.8;;1593.9;;1029.9;1.4;5.8;5;20.9;5.6;20.2;;0;0;63;206;;;;32;462;99;2;0;52;18.5;10.5
BLA;24.03.2022 00:00;2.4;10.5;-3.5;1.2;12.6;-6.2;44.6;3;854;;1577;;1027.8;1.2;5.7;4.3;20.5;5.5;19.8;;0;0;60;206;;;;33;466;99;2.1;0;53;17.6;9.6
BLA;25.03.2022 00:00;3;10.2;-2.5;2;12.6;-4.7;47.1;3.3;852.2;;1559.9;;1025.7;1.2;7;4.3;25.2;6.7;24.1;;0;0;57;213;;;;41;474;98;2.1;0;53;17;9
BLA;26.03.2022 00:00;2.4;9.7;-3.2;1.4;13.1;-5.5;43.8;2.9;853.2;;1569.2;;1026.8;1.5;6.7;5.4;24.1;6.3;22.7;;0;0;55;217;;;;41;495;99;2.2;0;52;17.6;9.6
BLA;27.03.2022 00:00;3;10.8;-3.2;2;13.1;-5.6;42.5;3;854.8;;1584.4;;1028.7;1.3;6.3;4.7;22.7;6;21.6;;0;0;53;224;;;;43;497;98;2.2;0;49;17;9
BLA;28.03.2022 00:00;3;10;-2.9;2.1;12.7;-5.2;42.1;3;851.5;;1552.5;;1024.8;1.3;5.7;4.7;20.5;5.4;19.4;;0;0;49;224;;;;54;487;95;2.2;0;48;17;9
BLA;29.03.2022 00:00;3.9;9.4;-0.5;3.2;12.1;-2;55.6;4.3;841.5;;1456.5;;1013.2;1.1;7.1;4;25.6;6.9;24.8;;0.3;0;44;138;;;;105;77;15;1.7;0;50;16.1;8.1
BLA;30.03.2022 00:00;2.4;4.6;0.9;2.1;5.2;0.3;86;6.2;832.3;;1368.1;;1002.5;0.6;3;2.2;10.8;2.8;10.1;;1.4;1.7;41;88;;;;84;0;0;1;0;63;17.6;9.6
BLA;31.03.2022 00:00;1.1;4.3;-2;0.9;7.7;-3.1;89.4;5.9;825.2;;1299.7;;994.3;1.4;6.4;5;23;6.3;22.7;;2;2;40;117;;;;94;61;12;1.1;0;198;18.9;10.9
BLA;01.04.2022 00:00;-3;-0.2;-6.6;-2.9;1;-6.7;88.9;4.4;824.9;;1300.3;;993.9;1.4;8.7;5;31.3;8.4;30.2;;4;3.1;41;81;;;;77;0;0;0.7;0;218;23;15
BLA;02.04.2022 00:00;-5.1;-1.5;-8.2;-4.5;3.1;-9.9;73.7;3;831;;1360.7;;1001;1.4;10.9;5;39.2;10.5;37.8;;0;0.9;45;156;;;;135;37;7;1.2;0;239;25.1;17.1
BLA;03.04.2022 00:00;-5.3;-0.4;-11.3;-5.2;4.1;-13;70.2;2.9;839.8;;1443.6;;1011.2;1.4;6.2;5;22.3;6;21.6;;0;0;44;179;;;;93;190;35;1.2;0;207;25.3;17.3
BLA;04.04.2022 00:00;-1.5;3.8;-7.4;-0.6;8.1;-9.6;65.1;3.4;842.8;;1471;;1014.7;1.2;5.6;4.3;20.2;5.4;19.4;;0;0;43;268;;;;48;545;99;1.9;0;180;21.5;13.5
BLA;05.04.2022 00:00;2.3;9.3;-2.4;2.6;13.9;-3;71;5;841.8;;1460.5;;1013.6;1.1;5.9;4;21.2;5.6;20.2;;0;0;40;224;;;;129;270;49;2.1;0;90;17.7;9.7
BLA;06.04.2022 00:00;3.2;10.3;-2.2;2.7;13.1;-4.4;71.4;5.2;837.8;;1420.8;;1008.9;1.4;9.2;5;33.1;8.7;31.3;;2.1;0.6;35;217;;;;55;373;67;2.2;0;90;16.8;8.8
BLA;07.04.2022 00:00;1.2;3.1;0.3;0.7;2.4;0;97;6.4;836.6;;1410.8;;1007.5;1.1;4;4;14.4;3.6;13;;29.1;25;31;35;;;;31;0;0;0.6;0;50;18.8;10.8
BLA;08.04.2022 00:00;2.4;6.8;0.6;1.8;6.6;0.1;94.8;6.9;835.6;;1400.5;;1006.4;1.5;12.3;5.4;44.3;11.8;42.5;;16;20.1;33;60;;;;56;0;0;0.9;0;49;17.6;9.6
BLA;09.04.2022 00:00;-2.2;2;-4.9;-2;4.2;-6.1;80.4;4.2;838.4;;1429.2;;1009.6;1.6;9.2;5.8;33.1;8.9;32;;1.6;3.1;31;109;;;;98;12;2;1.1;0;45;22.2;14.2
BLA;10.04.2022 00:00;-1.8;4.3;-9;-1.6;8.4;-11.3;50.6;2.5;845.6;;1497.4;;1018;1.7;5.7;6.1;20.5;5.4;19.4;;0;0;34;279;;;;33;562;99;2.2;0;45;21.8;13.8
BLA;11.04.2022 00:00;3.6;11.7;-4.2;2.9;14.2;-6.4;47.6;3.5;845.2;;1492.6;;1017.5;1.2;6.1;4.3;22;6;21.6;;0;0;29;255;;;;79;518;89;2.6;0;54;16.4;8.4
BLA;12.04.2022 00:00;6.9;15;-0.4;6.1;16.7;-2.4;53.6;5;844.8;;1488.2;;1017;1.3;6.4;4.7;23;6.3;22.7;;0;0;20;247;;;;90;525;90;2.9;0;49;13.1;5.1
BLA;13.04.2022 00:00;8.4;16.3;2.7;7.9;18.5;0.8;53.7;5.6;846;;1499.5;;1018.4;1.1;4.9;4;17.6;4.6;16.6;;0;0;13;249;;;;92;525;89;3;0;53;11.6;3.6
BLA;14.04.2022 00:00;7.5;14.6;0.9;7.2;17.7;-0.8;52;5;849.2;;1531;;1022.1;1.4;5.9;5;21.2;5.7;20.5;;0;0;6;273;;;;36;547;93;3.1;0;48;12.5;4.5
BLA;15.04.2022 00:00;8;14.9;2.1;8.1;19.8;0.5;58.5;5.9;851;;1548.6;;1024.3;1.5;8.4;5.4;30.2;8.1;29.2;;0;0;0;258;;;;64;513;87;3.1;0;49;12;4
BLA;16.04.2022 00:00;6.6;13.6;0.1;6.8;17.3;-1.9;45.9;4;849.4;;1533.1;;1022.4;2.4;15.1;8.6;54.4;14.7;52.9;;0;0;0;295;;;;34;585;99;3.5;0;7;13.4;5.4
BLA;17.04.2022 00:00;5.8;14;-1.2;6.7;21.8;-3.1;42.1;3.5;846.3;;1503.1;;1018.8;1.4;6.4;5;23;6.3;22.7;;0;0;0;291;;;;41;579;98;3.2;0;56;14.2;6.2
BLA;18.04.2022 00:00;5.2;12.6;-1.4;6;19.9;-3.8;52.4;4.3;843.5;;1475.5;;1015.5;1.7;10.8;6.1;38.9;10.4;37.4;;0;0;0;293;;;;30;592;99;3.2;0;31;14.8;6.8
BLA;19.04.2022 00:00;5.6;11.8;-1.1;6.4;20.1;-3.9;46.6;4;840.5;;1446.6;;1012;1.5;10.1;5.4;36.4;9.7;34.9;;0;0;0;282;;;;51;567;95;3;0;24;14.4;6.4
BLA;20.04.2022 00:00;6.6;13.9;-0.3;7.3;22;-3;52.1;4.7;838.7;;1429.1;;1010;1.5;8.4;5.4;30.2;8.2;29.5;;0;0;0;256;;;;90;449;74;3;0;36;13.4;5.4
BLA;21.04.2022 00:00;5.8;13.1;0.3;6.4;20.9;-2.3;62.1;5.4;835.4;;1396;;1006.1;1.5;9.3;5.4;33.5;9.2;33.1;;0;0;0;241;;;;92;450;74;2.8;0;219;14.2;6.2
BLA;22.04.2022 00:00;7.2;13.9;0;8.6;23.2;-2.9;56;5.4;831.5;;1357;;1001.6;1.6;8.6;5.8;31;7.9;28.4;;0;0;0;291;;;;131;461;75;3.3;0;225;12.8;4.8
BLA;23.04.2022 00:00;6.2;10.7;0.9;6.7;17.6;0.1;69.8;6.4;831.4;;1356.5;;1001.4;1.7;8;6.1;28.8;7.9;28.4;;8.1;7.4;0;118;;;;104;16;3;1.8;0;72;13.8;5.8
BLA;24.04.2022 00:00;2.3;5.6;-0.1;3.1;9.3;-1.1;88.8;6.4;833.6;;1381.3;;1004.1;1.4;6.7;5;24.1;6.3;22.7;;8.6;7.7;0;119;;;;115;0;0;1.3;0;45;17.7;9.7
BLA;25.04.2022 00:00;4.7;9.3;2.2;5.5;16.1;1;86;7.2;839.7;;1438.9;;1011.1;1.1;6.3;4;22.7;6.1;22;;3.6;5.2;0;131;;;;111;34;5;1.7;0;63;15.3;7.3
BLA;26.04.2022 00:00;3.9;8.5;0.8;4.4;15.9;-1.6;70;5.5;843.6;;1477.7;;1015.7;1.6;10.2;5.8;36.7;9.3;33.5;;2.1;2.1;0;167;;;;105;171;27;2;0;90;16.1;8.1
BLA;27.04.2022 00:00;6;13.8;-1.9;6.8;21.1;-5.1;45.4;3.8;847.5;;1514.9;;1020.2;1.4;7.8;5;28.1;7.3;26.3;;0;0;0;321;;;;35;620;99;3.5;0;50;14;6
BLA;28.04.2022 00:00;7.5;15.2;-0.1;8;22.5;-3.5;41.4;3.8;851.8;;1556.2;;1025.2;1.5;7.3;5.4;26.3;7.1;25.6;;0;0;0;325;;;;34;621;99;3.8;0;38;12.5;4.5
BLA;29.04.2022 00:00;9.1;16.4;1.2;9.9;23.9;-2.9;47.5;5.3;851.6;;1554.5;;1025;1.7;10.1;6.1;36.4;9.5;34.2;;1.6;0;0;298;;;;93;448;69;3.7;0;315;10.9;2.9
BLA;30.04.2022 00:00;5.1;10.9;-0.5;6;19.4;-2.8;79.4;6.8;848.7;;1526.8;;1021.6;1.5;13.2;5.4;47.5;12.8;46.1;;1;2.6;0;174;;;;114;120;18;2;0;72;14.9;6.9
BLA;01.05.2022 00:00;4.5;11.8;-1.7;5.1;21.3;-4.4;64.1;5.1;846.3;;1502.8;;1018.7;1.3;11.3;4.7;40.7;10.7;38.5;;0;0;0;265;;;;80;438;66;2.9;0;22;15.5;7.5
BLA;02.05.2022 00:00;7;13.5;-0.6;8.2;22;-4.2;53.5;5;843.7;;1477.9;;1015.8;1.3;9.1;4.7;32.8;8.7;31.3;;2.7;0;0;302;;;;82;510;76;3.3;0;45;13;5
BLA;03.05.2022 00:00;6;10.4;3.4;7.3;18.9;2.7;81.7;7.6;845.1;;1491.8;;1017.4;1.9;7.7;6.8;27.7;7.5;27;;1.7;3.9;0;193;;;;142;116;17;2.3;0;225;14;6
BLA;04.05.2022 00:00;6.4;12;2.8;8;22;2.3;83.5;7.8;846.7;;1507.4;;1019.3;1.3;9.8;4.7;35.3;9.2;33.1;;8.9;9.3;0;198;;;;102;197;29;2.4;0;56;13.6;5.6
BLA;05.05.2022 00:00;4.8;6.5;3.6;5.7;8.9;3.1;97;8.3;847.8;;1517.8;;1020.5;1.3;4.4;4.7;15.8;4.2;15.1;;8.2;8.3;0;73;;;;69;0;0;1;0;225;15.2;7.2
BLA;06.05.2022 00:00;6.7;11.5;3.6;8.2;17.6;2.3;85.4;8.3;848.2;;1521.2;;1021;1.2;6.3;4.3;22.7;6.1;22;;0;0;0;176;;;;152;27;4;2.2;0;234;13.3;5.3
BLA;07.05.2022 00:00;8.2;13.1;3.1;9.4;21;-0.3;72.9;7.7;848.1;;1519.9;;1020.8;1.5;7.7;5.4;27.7;6.9;24.8;;0;0;0;221;;;;159;191;27;2.7;0;230;11.8;3.8
BLA;08.05.2022 00:00;7.8;14.5;2.2;9.2;23.7;-0.9;78.4;8;849.1;;1529.7;;1022;1.4;9.8;5;35.3;9.4;33.8;;2.6;2.6;0;269;;;;110;445;63;3.1;0;217;12.2;4.2
BLA;09.05.2022 00:00;9.1;15.6;2.4;9.8;24.4;-0.8;70.7;7.8;852.2;;1560.7;;1025.7;1.4;8.3;5;29.9;7.9;28.4;;0;0;0;262;;;;116;417;59;3.2;0;233;10.9;2.9
BLA;10.05.2022 00:00;11.1;18;3.3;12.1;27.7;-0.4;59.6;7.4;852.2;;1560.5;;1025.7;1.3;6;4.7;21.6;5.8;20.9;;0;0;0;315;;;;107;508;72;3.9;0;270;8.9;0.9
BLA;11.05.2022 00:00;13;20.3;5.2;13.8;28.2;1;54.5;7.7;850.9;;1548.1;;1024.2;1.3;6.9;4.7;24.8;6.7;24.1;;0;0;0;337;;;;42;707;100;4.4;0;360;0;0
BLA;12.05.2022 00:00;14.2;21;6.6;15.1;29.8;2.6;53.5;8.1;852;;1558.3;;1025.4;1.4;8.4;5;30.2;7.6;27.4;;0;0;0;340;;;;80;655;92;4.6;0;243;0;0
BLA;13.05.2022 00:00;13.6;19.3;7.8;14.2;27.9;3.4;59.3;8.9;851.4;;1552.4;;1024.7;1.3;6.8;4.7;24.5;6.6;23.8;;0;0;0;257;;;;137;388;54;3.7;0;225;0;0
BLA;14.05.2022 00:00;12.8;19.9;5.4;13.9;29.3;1.7;61.4;8.7;850.6;;1544.6;;1023.8;1.6;9.1;5.8;32.8;8.5;30.6;;0;0;0;355;;;;76;697;98;4.6;0;243;0;0
BLA;15.05.2022 00:00;13;21.5;6.3;14.2;31.6;2.4;65.4;9;850.1;;1539.5;;1023.2;1.5;11.9;5.4;42.8;11.2;40.3;;0.9;0.9;0;303;;;;71;590;82;4.3;0;45;0;0
BLA;16.05.2022 00:00;11.5;17.7;5.4;11.1;24.6;1.9;72.7;9.7;851.7;;1555.5;;1025.1;1.5;8.8;5.4;31.7;8.4;30.2;;0.8;0.8;0;181;;;;122;198;28;2.7;0;45;8.5;0.5
BLA;17.05.2022 00:00;13.9;20.1;6.4;15;29.3;3.3;56.9;8.6;851.9;;1557.5;;1025.3;1.7;9.9;6.1;35.6;9.5;34.2;;0;0;0;316;;;;119;535;75;4.4;0;45;0;0
BLA;18.05.2022 00:00;14.9;22.8;7.1;16;34.2;2.5;55.8;8.8;853;;1568.5;;1026.6;1.1;6.4;4;23;5.9;21.2;;0;0;0;353;;;;53;715;99;4.9;0;27;0;0
BLA;19.05.2022 00:00;13.5;21.8;7.9;13.9;31.9;3.7;72.4;10.7;856;;1597.8;;1030;1.3;10.2;4.7;36.7;9.5;34.2;;2.5;2.5;0;224;;;;124;256;36;3.5;0;45;0;0
BLA;20.05.2022 00:00;16.2;24.9;7.5;16.3;33.2;3.5;57.5;9.5;855.3;;1591.8;;1029.3;1.5;10.9;5.4;39.2;10.3;37.1;;0;0;0;314;;;;76;573;79;4.8;0;225;0;0
BLA;21.05.2022 00:00;15.1;21.5;9.4;14.9;31.9;2.8;56.7;9.3;852.6;;1564.9;;1026.1;1.6;10.3;5.8;37.1;9.7;34.9;;0;0;0;264;;;;87;448;62;4.2;0;180;0;0
BLA;22.05.2022 00:00;16.2;23.4;9.3;16;32.1;2.5;56.7;9.9;847.2;;1510.8;;1019.9;1.8;12.7;6.5;45.7;12.2;43.9;;1.5;1.5;0;270;;;;145;439;61;4.4;0;45;0;0
BLA;23.05.2022 00:00;14.8;22.5;9.5;15.7;32.5;8.2;68.8;11;840.8;;1446.5;;1012.4;1.8;14.8;6.5;53.3;14.6;52.6;;2.9;1.3;0;224;;;;98;300;41;3.8;0;180;0;0
BLA;24.05.2022 00:00;11;16.7;7.3;13.3;26.2;7.7;85.2;11;840.3;;1443.2;;1011.9;1.5;7.2;5.4;25.9;7;25.2;;1;2.6;0;205;;;;123;188;26;2.9;0;221;9;1
BLA;25.05.2022 00:00;9.4;15.3;4.7;11.6;27.6;-0.2;81.5;9.4;846.9;;1509;;1019.5;1.6;6.7;5.8;24.1;6.5;23.4;;0;0;0;250;;;;132;279;39;3.2;0;228;10.6;2.6
BLA;26.05.2022 00:00;11.1;19;3;12.3;31;-1.4;73;9.2;852.6;;1564.1;;1026.1;1.7;8.8;6.1;31.7;8.1;29.2;;0;0;0;360;;;;58;724;100;4.5;0;230;8.9;0.9
BLA;27.05.2022 00:00;12.4;20.5;4.4;13.3;34.7;-0.4;66.8;9.1;851.9;;1557.6;;1025.3;1.7;10.9;6.1;39.2;10.2;36.7;;0;0;0;346;;;;58;697;96;4.6;0;225;0;0
BLA;28.05.2022 00:00;10.4;17.6;4;11.2;31.4;-1.4;60.3;7;844.9;;1488.5;;1017.2;1.9;14.2;6.8;51.1;13.7;49.3;;0;0;0;342;;;;64;679;94;4.4;0;252;9.6;1.6
BLA;29.05.2022 00:00;7.4;12.5;1.6;9;26;-3.1;60.5;5.9;838.8;;1429;;1010;2;11;7.2;39.6;10.7;38.5;;0;0;0;327;;;;109;533;73;3.7;0;209;12.6;4.6
BLA;30.05.2022 00:00;8.3;14.7;1.3;9.9;26.9;-2.8;57.7;5.8;839.9;;1440.2;;1011.4;1.6;12.2;5.8;43.9;11.9;42.8;;0;0;0;325;;;;83;554;76;3.9;0;219;11.7;3.7
BLA;31.05.2022 00:00;8.1;14.7;3.8;8.4;25.9;-1.6;80.4;8.5;845.7;;1496.9;;1018.1;1.3;6.3;4.7;22.7;5.9;21.2;;13.1;13;0;109;;;;70;106;15;1.9;0;45;11.9;3.9
BLA;01.06.2022 00:00;9.2;14.8;5.4;10.3;20.5;4.3;92;10.7;848.1;;1520.1;;1020.9;1.5;7.7;5.4;27.7;7.6;27.4;;9.9;7.2;0;131;;;;84;141;19;1.9;0;90;10.8;2.8
BLA;02.06.2022 00:00;11.7;18.4;7.3;13.3;28.5;3.9;83.3;11.2;850.5;;1543.8;;1023.7;1.6;8.9;5.8;32;8.3;29.9;;0;2.8;0;215;;;;116;205;28;3.1;0;198;8.3;0.3
BLA;03.06.2022 00:00;12.5;19.6;6.8;12.3;29;3.4;83.5;11.9;850;;1539;;1023.1;1.2;9.6;4.3;34.6;8.6;31;;2.3;2.3;0;169;;;;91;259;36;2.7;0;90;0;0
BLA;04.06.2022 00:00;15.7;24;6.9;16.5;35;3;67.8;11.4;850.3;;1541.9;;1023.4;1.4;6.6;5;23.8;6.3;22.7;;0;0;0;313;;;;112;489;67;4.6;0;270;0;0
BLA;05.06.2022 00:00;13;19.7;8.2;13.6;29.5;5.9;81.1;12.1;849;;1528.3;;1021.9;1.5;13;5.4;46.8;12.2;43.9;;7;7;0;188;;;;88;261;36;3;0;90;0;0
BLA;06.06.2022 00:00;12.5;19.4;4.7;13.4;25.9;1.4;77.4;10.8;849.4;;1532.9;;1022.4;1.4;7.7;5;27.7;7.3;26.3;;1.6;0.3;0;258;;;;126;383;52;3.5;0;202;0;0
BLA;07.06.2022 00:00;11;16.1;4.4;12;29.6;0.1;76.4;9.8;847;;1509.2;;1019.6;1.9;9.8;6.8;35.3;9.6;34.6;;0.4;1.7;0;228;;;;127;205;28;3;0;212;9;1
BLA;08.06.2022 00:00;9.2;17;2.2;10;31.3;-1.6;76.9;8.7;843.8;;1477.7;;1015.9;1.4;8.3;5;29.9;7.9;28.4;;4.1;0.5;0;204;;;;109;302;41;2.9;0;207;10.8;2.8
BLA;09.06.2022 00:00;7.6;12.2;1.7;9;25;-1.4;73.5;7.5;846.9;;1508.7;;1019.5;1.7;10.9;6.1;39.2;10.1;36.4;;0;3.6;44;193;;;;119;184;25;2.5;0;117;12.4;4.4
BLA;10.06.2022 00:00;9.3;18.6;-0.1;9.9;25.2;-2.7;63.2;6.9;851.8;;1556.4;;1025.2;1.4;7.5;5;27;7.3;26.3;;0;0;0;376;;;;37;737;100;4.5;0;219;10.7;2.7
BLA;11.06.2022 00:00;12.9;22.5;2.9;13.1;29.6;-1.6;56.2;7.5;854;;1578.5;;1027.8;1.6;10;5.8;36;9;32.4;;0;0;0;374;;;;46;734;100;5.2;0;270;0;0
BLA;12.06.2022 00:00;16;24.1;5.9;16.6;32.6;-0.2;52.5;8.9;853.8;;1576.9;;1027.5;1.7;8.9;6.1;32;8.6;31;;0.1;0;0;364;;;;87;652;88;5.4;0;202;0;0
BLA;13.06.2022 00:00;14.4;20.3;7;14.5;29.3;0.5;63.9;10.2;851.6;;1554.3;;1024.9;1.7;10.6;6.1;38.2;10.2;36.7;;0;0.1;0;251;;;;97;359;49;3.8;0;63;0;0
BLA;14.06.2022 00:00;14.9;24.2;4.9;14.9;31.7;-1.2;52.1;8;850.9;;1547.4;;1024.1;1.3;9;4.7;32.4;8.1;29.2;;0;0;0;361;;;;56;735;100;5.2;0;214;0;0
BLA;15.06.2022 00:00;16.9;24.1;9.5;16.9;29.4;3.3;54.9;10.2;851.7;;1556.1;;1025.1;1.8;10;6.5;36;9.5;34.2;;0;0;0;223;;;;125;252;34;4.1;0;90;0;0
BLA;16.06.2022 00:00;16.8;23.5;10.9;16.7;31.8;6.2;60.3;11;853.3;;1571.6;;1026.9;1.8;12;6.5;43.2;11.6;41.8;;0;0;0;235;;;;117;261;35;4.2;0;180;0;0
BLA;17.06.2022 00:00;16.9;24.6;8.5;17.3;32.1;3.2;50.7;8.9;855.4;;1593.3;;1029.4;1.4;8.1;5;29.2;7.1;25.6;;0;0;0;342;;;;80;689;93;5.2;0;31;0;0
BLA;18.06.2022 00:00;19.4;28.8;9.7;19.8;35.3;4.1;46.9;9.4;853.2;;1570.4;;1026.8;1.3;7.5;4.7;27;7.1;25.6;;0;0;0;359;;;;72;738;100;5.8;1.1;90;0;0
BLA;19.06.2022 00:00;19;26.9;10;19.2;32.7;5.3;55.2;11.3;848.4;;1522.1;;1021.2;1.7;8.8;6.1;31.7;8.6;31;;0;0;0;358;;;;70;697;94;5.7;0.7;219;0;0
BLA;20.06.2022 00:00;18.5;25.4;11.2;18.3;31.7;6.2;53.8;10.6;847.4;;1512.6;;1020.1;1.7;11.1;6.1;40;9.3;33.5;;0;0;0;320;;;;93;617;83;5.3;0.2;225;0;0
BLA;21.06.2022 00:00;16.7;26.8;10.1;16.2;31.7;5.6;63.4;11.1;847.1;;1509.3;;1019.7;2.1;14.2;7.6;51.1;13;46.8;;7.2;5.9;0;220;;;;125;252;34;4.5;0;225;0;0
BLA;22.06.2022 00:00;14.4;22.3;10.3;14.9;28.7;8.2;82.8;13.2;846.2;;1500.4;;1018.6;1.5;9.5;5.4;34.2;8.9;32;;13.6;14.9;0;179;;;;100;165;22;3.1;0;225;0;0
BLA;23.06.2022 00:00;14.7;23.5;7.2;16.1;30.3;5.1;77.9;12.3;846.3;;1501.5;;1018.8;1.4;10.9;5;39.2;10.2;36.7;;1.3;1.3;0;297;;;;86;509;69;4.4;0;117;0;0
BLA;24.06.2022 00:00;11.4;16.7;6.9;11.5;21.2;4.9;90.1;12.1;844.9;;1488;;1017.1;1.2;10.8;4.3;38.9;10;36;;4.6;4.6;0;129;;;;93;113;15;2;0;180;8.6;0.6
BLA;25.06.2022 00:00;13.7;21.4;4.7;15.4;28;1.4;69.5;10.2;846.4;;1502.7;;1018.9;1.4;8.1;5;29.2;7.9;28.4;;0.3;0.3;0;347;;;;69;663;90;4.7;0;219;0;0
BLA;26.06.2022 00:00;16.2;22.9;8;17;29.3;4.8;60.9;10.5;847.1;;1509.4;;1019.7;1.9;12.3;6.8;44.3;11.2;40.3;;0;0;0;337;;;;100;598;81;5;0;41;0;0
BLA;27.06.2022 00:00;15.5;22.4;10;15.9;28.7;8;76.6;13.2;848.8;;1526.9;;1021.7;1.9;8.5;6.8;30.6;8.3;29.9;;6.1;6;0;238;;;;90;390;53;3.8;0;212;0;0
BLA;28.06.2022 00:00;10.9;13;7.7;10.8;13.6;6.2;98.7;12.9;850.3;;1541.5;;1023.4;1.1;8.4;4;30.2;7.9;28.4;;16.1;16.2;0;32;;;;30;2;0;0.7;0;90;9.1;1.1
BLA;29.06.2022 00:00;14.4;21.7;7;16.1;28;5;78.6;12.6;846.9;;1507.8;;1019.5;1.6;7.5;5.8;27;7.4;26.6;;0;0;0;380;;;;72;728;99;5.1;0;230;0;0
BLA;30.06.2022 00:00;15.2;22.1;10;15.9;27.7;8.3;78.4;13.1;846.4;;1503;;1018.9;1.5;11.6;5.4;41.8;11.2;40.3;;9.7;8.8;0;221;;;;104;372;51;3.6;0;153;0;0
BLA;01.07.2022 00:00;11.5;16.9;6.5;13.1;24.4;3.1;88.2;11.8;849.2;;1530.6;;1022.1;1.8;9.5;6.5;34.2;9.2;33.1;;2.3;3.2;0;312;;;;70;504;69;3.8;0;216;8.5;0.5
BLA;02.07.2022 00:00;15.1;24.8;5;15.7;29.9;1;62.5;9.8;852.3;;1562.1;;1025.8;1.5;8;5.4;28.8;7.8;28.1;;0;0;0;370;;;;45;736;100;5.3;0;225;0;0
BLA;03.07.2022 00:00;17.8;25.6;9.8;18.5;31.4;7.5;59.2;11;853;;1569.1;;1026.6;1.6;13.2;5.8;47.5;12.6;45.4;;13.8;5.6;0;307;;;;106;506;69;5;0;243;0;0
BLA;04.07.2022 00:00;13.9;21.1;10.3;14.7;27.4;9.7;87.3;13.7;852.2;;1560.7;;1025.7;1.7;7.5;6.1;27;7.3;26.3;;27.9;33.5;0;176;;;;85;218;30;3;0;76;0;0
BLA;05.07.2022 00:00;14.4;21;8.3;15.8;27.1;5.3;75.1;11.9;852.2;;1560.9;;1025.7;1.7;9.6;6.1;34.6;8.5;30.6;;0;2.6;0;308;;;;109;495;68;4.4;0;243;0;0
BLA;06.07.2022 00:00;13.6;21.5;6.2;14.7;28.5;3.6;66.2;9.6;852.8;;1566.4;;1026.3;1.5;12.2;5.4;43.9;11.4;41;;0;0;0;367;;;;54;723;99;5;0;333;0;0
BLA;07.07.2022 00:00;13.4;19.5;6.4;13.8;26.2;3.8;61;8.9;853.3;;1571.7;;1027;2.3;13.2;8.3;47.5;12.1;43.6;;0;0;0;264;;;;90;432;59;4;0;90;0;0
BLA;08.07.2022 00:00;13;22.6;5.3;13.8;27.9;1.8;63.3;8.8;855.2;;1589.7;;1029.1;1.6;10.3;5.8;37.1;10.1;36.4;;0;0;0;366;;;;39;728;100;5.1;0;225;0;0
BLA;09.07.2022 00:00;14.1;21.9;6.5;14.4;28;3.1;56.7;8.1;854.9;;1586.8;;1028.7;2;12.2;7.2;43.9;11.2;40.3;;0;0;0;353;;;;55;677;93;5.1;0;346;0;0
BLA;10.07.2022 00:00;13.7;21.4;6.3;13.6;27.6;2.2;57.1;8.4;851.9;;1557.8;;1025.3;1.6;15.3;5.8;55.1;15.1;54.4;;0;0;0;329;;;;41;630;87;4.7;0;270;0;0
BLA;11.07.2022 00:00;15;24;6.3;15.3;30.2;2.3;59.6;9.4;851.4;;1552.3;;1024.7;1.5;11.8;5.4;42.5;11.4;41;;0;0;0;360;;;;46;717;99;5.2;0;180;0;0
BLA;12.07.2022 00:00;14.8;22.2;7.8;15.1;29.3;4.4;59.7;9.3;853.8;;1577;;1027.6;1.8;12.8;6.5;46.1;11.2;40.3;;0;0;0;333;;;;53;700;96;4.9;0;35;0;0
BLA;13.07.2022 00:00;17.1;25.5;7.7;17.4;31.3;3.3;54.3;10;855.1;;1589.4;;1029;1.6;9.5;5.8;34.2;8.9;32;;0;0;0;344;;;;38;707;97;5.3;0;14;0;0
BLA;14.07.2022 00:00;18.8;26.5;12.6;19.2;33.5;7.9;52.7;10.7;853.5;;1574.3;;1027.2;1.5;11.1;5.4;40;11;39.6;;0;0;0;344;;;;74;617;85;5.5;0.5;207;0;0
BLA;15.07.2022 00:00;17.4;24.1;10.5;17.2;32;6.2;54.6;10.3;851.1;;1550.2;;1024.4;1.6;10.8;5.8;38.9;10.3;37.1;;0;0;0;326;;;;69;625;86;5.1;0;207;0;0
BLA;16.07.2022 00:00;16.7;24.8;8.7;16.8;31.4;4.5;58;10.2;852.3;;1561.7;;1025.7;1.8;12;6.5;43.2;11.5;41.4;;0;0;0;350;;;;45;718;99;5.3;0;34;0;0
BLA;17.07.2022 00:00;17.5;26.3;8.6;17.3;33.2;4;53.4;9.9;854.9;;1587.8;;1028.8;1.9;11.1;6.8;40;10.9;39.2;;0;0;0;344;;;;46;723;100;5.5;0;27;0;0
BLA;18.07.2022 00:00;18.5;26.8;9.8;18.1;33.9;4.4;43;8.2;855.3;;1592.6;;1029.3;1.6;11.3;5.8;40.7;10;36;;0;0;0;352;;;;45;724;100;5.6;0.2;360;0;0
BLA;19.07.2022 00:00;20.2;28.5;10.8;20.5;36.8;5.5;50.2;11.3;853.2;;1571.5;;1026.9;1.2;7.8;4.3;28.1;7.2;25.9;;0;0;0;350;;;;71;702;97;5.5;1.9;180;0;0
BLA;20.07.2022 00:00;17.8;25.4;12.7;18.2;34.7;10.1;76;15;853.3;;1571.8;;1026.9;1.4;8.5;5;30.6;7.8;28.1;;14.3;14.3;0;222;;;;85;372;52;3.8;0;180;0;0
BLA;21.07.2022 00:00;17;24.1;11.8;18.4;30.5;8.9;78.8;14.8;853.3;;1571.4;;1026.9;1.6;7.4;5.8;26.6;7.3;26.3;;0;0;0;331;;;;73;610;85;4.9;0;220;0;0
BLA;22.07.2022 00:00;18.7;27.4;10.4;19.1;32.4;6.9;63.2;12.5;852;;1558.9;;1025.4;1.5;7.6;5.4;27.4;7;25.2;;4.2;3.3;0;333;;;;58;658;91;5.3;0.4;214;0;0
BLA;23.07.2022 00:00;17.1;24.4;11.6;17.1;32.9;8.5;72;13.3;851.8;;1557.1;;1025.2;1.4;10.5;5;37.8;9.7;34.9;;0;0.9;0;205;;;;113;255;35;3.6;0;360;0;0
BLA;24.07.2022 00:00;18.2;27;9.5;18.7;32.7;6.4;63.4;12;851.9;;1557.6;;1025.3;1.2;7.8;4.3;28.1;7.7;27.7;;0;0;0;338;;;;39;719;100;5.2;0;225;0;0
BLA;25.07.2022 00:00;17.1;26.7;10.6;16.8;32.7;7.7;71.7;13.2;850.2;;1541.2;;1023.4;1.5;8.4;5.4;30.2;8;28.8;;14.7;10.2;0;218;;;;62;391;54;3.9;0;56;0;0
BLA;26.07.2022 00:00;15.6;22.3;10.3;17.2;29.3;8.2;77.4;13.3;848;;1518.4;;1020.7;1.7;9.6;6.1;34.6;8;28.8;;0;4.5;0;335;;;;77;589;82;4.7;0;220;0;0
BLA;27.07.2022 00:00;15.3;22.6;9.6;16.2;28.7;5.9;71.6;11.8;846.7;;1505.6;;1019.2;1.6;10.9;5.8;39.2;10.3;37.1;;0;0;0;346;;;;59;711;100;4.9;0;231;0;0
BLA;28.07.2022 00:00;15.1;24.1;8.4;15.6;30.2;5;74;12;847.4;;1512.2;;1020;1.6;11.8;5.8;42.5;10.9;39.2;;3.7;3.7;0;271;;;;69;495;69;4.2;0;214;0;0
BLA;29.07.2022 00:00;12.8;18;9.5;12.7;20;8.3;89.7;13.1;849.8;;1536.5;;1022.8;1.1;6.6;4;23.8;6.1;22;;4.9;4.9;;88;;;;80;18;3;1.7;0;180;0;0
BLA;30.07.2022 00:00;13.1;18.7;7.8;13.1;27.4;4.5;65.3;9.3;851.9;;1558.1;;1025.3;1.5;7.5;5.4;27;7.3;26.3;;0;0;0;210;;;;102;272;38;3.2;0;34;0;0
BLA;31.07.2022 00:00;14.6;21.9;7;14.8;29.9;2.9;63.5;10.1;852.2;;1560.9;;1025.7;1.7;14.6;6.1;52.6;12.7;45.7;;0;0;0;317;;;;52;660;93;4.5;0;21;0;0
BLA;01.08.2022 00:00;16.5;23.8;8.9;16.5;30.1;4.4;58.6;10.3;851.1;;1549.7;;1024.4;1.6;11.2;5.8;40.3;10.3;37.1;;0;0;0;332;;;;47;665;94;4.9;0;211;0;0
BLA;02.08.2022 00:00;16.9;24.5;9.6;17;31.2;5.2;60.3;10.9;850.8;;1547.2;;1024.1;1.4;10.5;5;37.8;9.8;35.3;;0;0;0;309;;;;58;674;96;4.6;0;30;0;0
BLA;03.08.2022 00:00;18.4;26.3;10.8;18.3;32.8;6.4;61.3;12.2;850.9;;1547.5;;1024.1;1.5;9.4;5.4;33.8;8.9;32;;0;0;0;322;;;;59;666;96;5;0.1;18;0;0
BLA;04.08.2022 00:00;19.5;26.9;12.1;19.1;34.4;7.6;58.8;12.3;851.2;;1550.4;;1024.4;1.4;7.7;5;27.7;7.1;25.6;;11.9;11.8;0;256;;;;82;427;62;4.4;1.2;34;0;0
BLA;05.08.2022 00:00;15.3;22.5;11.7;15.6;29.7;9.4;88.9;15.2;852.1;;1559.9;;1025.5;1.1;12.5;4;45;11.3;40.7;;14.8;14.9;0;139;;;;77;203;30;2.5;0;117;0;0
BLA;06.08.2022 00:00;15.6;23.6;9.2;16.9;30.1;6.8;77.1;13.1;851.7;;1555.6;;1025.1;1.4;8;5;28.8;7.8;28.1;;0;0;0;324;;;;58;666;98;4.6;0;198;0;0
BLA;07.08.2022 00:00;15.3;22;9.8;15.6;29;7;81;13.7;850.3;;1541.6;;1023.4;1.3;9.7;4.7;34.9;8.8;31.7;;0;0;0;209;;;;78;347;52;3.2;0;207;0;0
BLA;08.08.2022 00:00;15.3;23.1;8.3;15.6;30.2;4.8;71.1;11.7;851.3;;1552.2;;1024.6;1.5;12.2;5.4;43.9;11.4;41;;0;0;0;324;;;;45;676;100;4.5;0;360;0;0
BLA;09.08.2022 00:00;16;23.8;8.8;15.8;30.5;4.7;66.3;11.3;852.9;;1567.7;;1026.5;1.8;13.3;6.5;47.9;12.2;43.9;;0;0;0;314;;;;38;667;100;4.6;0;27;0;0
BLA;10.08.2022 00:00;16.3;23.8;10.1;15.9;30.5;5.8;65;11.4;852.2;;1561.1;;1025.7;1.5;10.5;5.4;37.8;9.6;34.6;;0;0;0;298;;;;61;564;86;4.4;0;34;0;0
BLA;11.08.2022 00:00;16.4;23.7;9.2;15.7;31.3;4.6;58.1;10.1;851;;1548.8;;1024.2;1.5;9.1;5.4;32.8;8.9;32;;0;0;0;294;;;;68;592;91;4.4;0;63;0;0
BLA;12.08.2022 00:00;16;22.6;9.6;15.2;31.2;3.2;54.6;9.4;847.8;;1516.9;;1020.6;1.7;9.2;6.1;33.1;8.5;30.6;;0;0;0;269;;;;62;480;76;4.2;0;63;0;0
BLA;13.08.2022 00:00;14.7;23;6.5;13.6;30.1;0.9;49.2;7.7;846.7;;1506;;1019.3;1.8;12.5;6.5;45;11.7;42.1;;0;0;0;307;;;;32;644;100;4.5;0;34;0;0
BLA;14.08.2022 00:00;13.8;19.6;8.3;12.2;23;2.2;64.3;10;844.2;;1480.9;;1016.3;1.1;5.4;4;19.4;5.3;19.1;;0.7;0.7;0;145;;;;124;55;9;2.5;0;225;0;0
BLA;15.08.2022 00:00;13.8;21;7.6;13.5;28;3.6;67.6;10;842.7;;1465.6;;1014.6;1.5;9.5;5.4;34.2;8.9;32;;0;0;0;235;;;;110;348;56;3.5;0;211;0;0
BLA;16.08.2022 00:00;15;23.8;6.5;14.5;31.6;1.5;62.5;9.9;844.6;;1485.2;;1016.9;1.4;8.4;5;30.2;7.6;27.4;;0;0;0;272;;;;52;496;80;4;0;211;0;0
BLA;17.08.2022 00:00;16.1;22.3;11.2;15.4;29.5;7.5;64.6;11.3;845.6;;1494.2;;1017.9;1.5;9.4;5.4;33.8;9.3;33.5;;4.5;0;0;147;;;;100;114;19;2.8;0;90;0;0
BLA;18.08.2022 00:00;11.3;15.1;8.3;11.4;22.3;5.6;94.9;12.7;845.1;;1491;;1017.5;1.3;12.2;4.7;43.9;11.8;42.5;;9.4;11.9;0;88;;;;67;59;10;1.4;0;180;8.7;0.7
BLA;19.08.2022 00:00;10.6;12.8;8.3;10.7;15.5;5.8;95.7;12.2;847.8;;1516.8;;1020.5;0.9;4.1;3.2;14.8;4;14.4;;9.2;11.2;0;58;;;;55;0;0;1;0;72;9.4;1.4
BLA;20.08.2022 00:00;11.4;18.1;6.5;11;23.2;2.2;82.9;11;850.2;;1540.7;;1023.3;1.1;5.3;4;19.1;5.1;18.4;;0.3;0.3;0;143;;;;104;109;18;2.2;0;90;8.6;0.6
BLA;21.08.2022 00:00;12.6;20.9;5.3;12.8;29.5;1;73.2;10.1;848;;1518.9;;1020.8;1.5;10.4;5.4;37.4;9.5;34.2;;0;0;0;289;;;;37;602;100;3.7;0;34;0;0
BLA;22.08.2022 00:00;13;21.1;7;13.1;28.9;2.7;70.1;10;846.7;;1506.1;;1019.3;1.7;13.4;6.1;48.2;12.1;43.6;;0;0;0;298;;;;53;595;100;4;0;39;0;0
BLA;23.08.2022 00:00;13.3;21.9;6;12.6;28.3;0.9;67;9.6;848.8;;1527.4;;1021.7;1.2;7.5;4.3;27;7.2;25.9;;0;0;0;278;;;;32;594;100;3.7;0;207;0;0
BLA;24.08.2022 00:00;14.9;23;8;14.3;29.4;3.2;68.4;11;849.9;;1537.5;;1022.9;1.3;9.5;4.7;34.2;9.3;33.5;;0;0;0;248;;;;71;568;97;3.6;0;135;0;0
BLA;25.08.2022 00:00;16.1;24.2;9.3;16.2;30.9;6.5;63.6;10.8;849.2;;1530.9;;1022.2;1.3;9.4;4.7;33.8;9;32.4;;0;0;0;271;;;;39;577;98;3.9;0;63;0;0
BLA;26.08.2022 00:00;13.4;18.5;9;12.9;22.4;7.1;83.3;12.6;848.2;;1520.8;;1021;1.2;7;4.3;25.2;6.7;24.1;;2.9;2.9;0;79;;;;66;31;5;1.6;0;63;0;0
BLA;27.08.2022 00:00;12.8;20.5;6.7;12.4;27.9;4.1;78.3;11.2;846.3;;1502.1;;1018.8;1.3;9.4;4.7;33.8;8.2;29.5;;0;0;0;198;;;;80;330;56;2.8;0;180;0;0
BLA;28.08.2022 00:00;14;22.6;7.4;14;28.6;4.4;70.7;10.7;848.1;;1519.6;;1020.8;1.3;10.9;4.7;39.2;9.9;35.6;;0;0;0;261;;;;44;545;93;3.6;0;135;0;0
BLA;29.08.2022 00:00;14.8;23.1;8.1;14.4;28;4.9;65.4;10.2;850.8;;1546.3;;1024;1.3;7.2;4.7;25.9;6.7;24.1;;0;0;0;259;;;;41;560;97;3.6;0;194;0;0
BLA;30.08.2022 00:00;14.5;22.1;8.3;13.8;28.1;4.4;67.6;10.6;850.7;;1545.3;;1023.9;1.3;7.3;4.7;26.3;6.6;23.8;;0.6;0.6;0;156;;;;92;207;36;2.6;0;194;0;0
BLA;31.08.2022 00:00;13.3;20;7.2;13.5;26.8;3.4;73;10.7;848.8;;1526.7;;1021.7;1.5;10.3;5.4;37.1;10;36;;0.3;0.3;0;209;;;;68;384;68;2.9;0;63;0;0
BLA;01.09.2022 00:00;12.1;20.9;5.1;12.1;28;1.5;67.7;9.1;847.4;;1513.5;;1020.1;1.2;8.4;4.3;30.2;7.7;27.7;;0;0;0;260;;;;71;520;92;3.3;0;198;0;0
BLA;02.09.2022 00:00;12.4;19.4;7;11.7;23.2;3.5;68.9;9.5;846.8;;1507;;1019.4;1.2;10.7;4.3;38.5;10.3;37.1;;3;0.7;0;144;;;;77;188;33;2.3;0;225;0;0
BLA;03.09.2022 00:00;12.4;19.5;7.6;12.2;26;5.5;77.6;10.8;847.4;;1512.9;;1020;1.4;8.8;5;31.7;8;28.8;;0.1;2.4;0;136;;;;81;129;23;2.2;0;63;0;0
BLA;04.09.2022 00:00;13.6;21.4;7.8;13.4;27.2;5.4;70.6;10.5;851.6;;1554.8;;1025;1.4;8.1;5;29.2;7.8;28.1;;0;0;0;195;;;;63;326;58;2.9;0;202;0;0
BLA;05.09.2022 00:00;14.1;22.4;9.1;13;27.3;5.7;68.3;10.4;853.5;;1573;;1027.1;1;6.4;3.6;23;6.1;22;;0;0;0;132;;;;70;179;32;2.3;0;135;0;0
BLA;06.09.2022 00:00;14.4;23.3;8.5;14.5;29.3;5.1;71.8;11;851.4;;1552.2;;1024.7;1.6;13.3;5.8;47.9;13;46.8;;9.1;8.8;0;204;;;;73;355;65;3.1;0;180;0;0
BLA;07.09.2022 00:00;14;21;9.4;14.4;26.5;7.7;81.7;12.6;848;;1518.9;;1020.8;1.1;4.8;4;17.3;4.6;16.6;;15.5;1.2;0;150;;;;98;143;26;2.3;0;153;0;0
BLA;08.09.2022 00:00;12.1;18.1;8.7;12.8;24.7;6.1;76.5;10.3;845.9;;1498.5;;1018.4;1.5;8.6;5.4;31;8.2;29.5;;0;14.6;0;242;;;;70;419;78;3;0;198;0;0
BLA;09.09.2022 00:00;10.8;17.1;6.1;10.6;22.8;3;65.4;8;846.7;;1506;;1019.2;1.4;9.2;5;33.1;8.7;31.3;;0.4;0;0;183;;;;58;304;57;2.5;0;225;9.2;1.2
BLA;10.09.2022 00:00;10.8;15.4;6.7;11.2;22.4;5.3;68.4;8.5;848.2;;1521.3;;1021;1.5;7.1;5.4;25.6;6.8;24.5;;0.2;0.6;0;159;;;;86;181;35;2.2;0;217;9.2;1.2
BLA;11.09.2022 00:00;9.6;18.8;2.8;9.2;24.3;-0.1;67.7;7.6;849.2;;1531;;1022.2;1.2;6.1;4.3;22;5.6;20.2;;0;0;0;224;;;;23;504;97;2.7;0;225;10.4;2.4
BLA;12.09.2022 00:00;12.3;23.3;2.8;11.2;27.8;-1.2;52;6.8;848.5;;1523.8;;1021.3;1.4;9.8;5;35.3;9.1;32.8;;0;0;0;222;;;;24;504;98;3.2;0;194;0;0
BLA;13.09.2022 00:00;15;24.6;7.4;13.9;31;3.9;58.2;9.4;846.7;;1506;;1019.3;1;5.2;3.6;18.7;5.1;18.4;;0;0;0;144;;;;85;197;39;2.5;0;45;0;0
BLA;14.09.2022 00:00;14.5;20.3;11.1;14.4;26.4;10.3;77;12.5;844;;1478.4;;1016.1;1.2;7.2;4.3;25.9;6.8;24.5;;2.6;2.5;0;109;;;;76;96;19;1.9;0;63;0;0
BLA;15.09.2022 00:00;11;16.1;6.8;10.6;24;4.4;90.8;11.8;843.6;;1475.8;;1015.7;1;4.3;3.6;15.5;4.1;14.8;;5.6;5.4;0;70;;;;55;33;7;1.2;0;56;9;1
BLA;16.09.2022 00:00;9.5;14.6;4.9;9;18.3;3.1;79.1;9.1;842.1;;1461.7;;1014;1.5;12.2;5.4;43.9;11.5;41.4;;2.6;0.8;0;88;;;;69;48;10;1.5;0;90;10.5;2.5
BLA;17.09.2022 00:00;3.8;8.1;-0.2;3.3;14.2;-3.4;67.9;5.3;844.3;;1484.5;;1016.5;1.8;12.6;6.5;45.4;12.2;43.9;;0.2;2.3;0;113;;;;70;138;30;1.5;0;98;16.2;8.2
BLA;18.09.2022 00:00;6.4;14.4;-2;6.3;19.7;-5;54.1;4.6;847;;1509.8;;1019.6;1.8;12.5;6.5;45;12;43.2;;0;0;0;200;;;;28;456;99;2.4;0;207;13.6;5.6
BLA;19.09.2022 00:00;7.2;14.3;0.1;6.6;20.5;-3.9;45.7;4.4;846.8;;1508.1;;1019.4;1.6;14;5.8;50.4;12.5;45;;0;0;0;200;;;;24;458;100;2.4;0;360;12.8;4.8
BLA;20.09.2022 00:00;5.3;15.1;-1;4.7;21.6;-4.4;62.6;5;848.8;;1527;;1021.7;1.2;9.2;4.3;33.1;8.5;30.6;;0;0;0;193;;;;21;456;100;2.2;0;45;14.7;6.7
BLA;21.09.2022 00:00;5.3;14.6;-0.7;4.4;20.1;-4.3;74;6.2;849.2;;1530.8;;1022.1;1.2;7.1;4.3;25.6;6.6;23.8;;0;0;0;184;;;;26;449;100;2;0;207;14.7;6.7
BLA;22.09.2022 00:00;6.2;16;0;5.2;21;-3.3;69.9;6.2;849.1;;1530.2;;1022.1;1.1;6.6;4;23.8;6.1;22;;0;0;0;184;;;;21;444;100;2;0;198;13.8;5.8
BLA;23.09.2022 00:00;7.8;16.1;1.5;6.9;21.7;-2.4;66.3;6.6;847.7;;1515.9;;1020.4;1;6;3.6;21.6;5.7;20.5;;0;0;0;169;;;;63;335;77;1.9;0;207;12.2;4.2
BLA;24.09.2022 00:00;7;9.4;4.5;6.6;10.7;2.4;89.2;8.9;844.4;;1484.2;;1016.6;0.9;3.6;3.2;13;3.5;12.6;;3.9;3.9;0;60;;;;54;5;1;0.9;0;225;13;5
BLA;25.09.2022 00:00;6;9.5;2.4;5.8;12.6;0.2;94.7;8.8;842.5;;1466;;1014.4;1;7.2;3.6;25.9;7;25.2;;3.1;3.1;0;72;;;;65;11;3;0.9;0;198;14;6
BLA;26.09.2022 00:00;5.2;9.5;1.7;5.4;14.6;-0.1;88.9;7.8;839;;1432.2;;1010.3;1.2;6.3;4.3;22.7;6.1;22;;4;1;0;114;;;;94;41;10;1.2;0;207;14.8;6.8
BLA;27.09.2022 00:00;4.4;7.6;2.3;4.6;12.4;1.1;82.4;6.8;835.7;;1400.6;;1006.5;1.4;6.8;5;24.5;6.4;23;;11.6;3.6;0;100;;;;93;3;1;1.2;0;217;15.6;7.6
BLA;28.09.2022 00:00;4.5;7.8;2.5;4.5;11.8;1.9;93.5;7.9;833.3;;1376.3;;1003.6;1.6;6.3;5.8;22.7;5.9;21.2;;20.6;28.1;0;52;;;;46;5;1;0.8;0;42;15.5;7.5
BLA;29.09.2022 00:00;5.1;8.4;3.4;5.5;11.4;3.1;94.4;8.3;832.5;;1368.7;;1002.8;1.2;4.4;4.3;15.8;4;14.4;;3.2;6.4;0;72;;;;67;0;0;0.9;0;225;14.9;6.9
BLA;30.09.2022 00:00;5;7.7;3.2;5.7;12.4;2.1;94.9;8.3;840.1;;1442.7;;1011.5;1.2;5.4;4.3;19.4;5.2;18.7;;0;0.3;0;88;;;;80;9;2;0.9;0;221;15;7
BLA;01.10.2022 00:00;5.5;8.9;2.1;5.2;8.1;1.1;96.9;8.8;848.4;;1523.3;;1021.2;1.4;9.2;5;33.1;9;32.4;;28.7;25.4;0;20;;;;16;0;0;0.6;0;53;14.5;6.5
BLA;02.10.2022 00:00;11.4;17.5;7.4;12.1;24;6.5;73.6;9.6;853;;1568.6;;1026.6;1.9;12.7;6.8;45.7;12;43.2;;0;3.3;0;174;;;;61;348;87;2.1;0;211;8.6;0.6
BLA;03.10.2022 00:00;7.6;15.7;2.5;7.2;21.5;-0.8;82.9;8.5;852.9;;1566.6;;1026.4;1.1;4.9;4;17.6;4.8;17.3;;0;0;0;151;;;;25;403;100;1.6;0;180;12.4;4.4
BLA;04.10.2022 00:00;7.6;18.1;1.6;6.3;23.6;-2.3;65.2;6.6;853;;1567.4;;1026.5;0.8;4.1;2.9;14.8;3.8;13.7;;0;0;0;143;;;;42;395;100;1.6;0;0;12.4;4.4
BLA;05.10.2022 00:00;9.3;20.3;3.4;7.8;25.6;-0.8;56.2;6.2;855.2;;1589.1;;1029.1;0.9;4.6;3.2;16.6;4.4;15.8;;0;0;0;145;;;;17;394;100;1.8;0;90;10.7;2.7
BLA;06.10.2022 00:00;8.1;16.7;3;7;22.2;-0.3;75.1;7.9;857.9;;1614.7;;1032.2;1;5.3;3.6;19.1;4.8;17.3;;0;0;0;138;;;;17;392;100;1.6;0;0;11.9;3.9
BLA;07.10.2022 00:00;8.7;17.1;3.9;7.5;22.4;0.7;75.9;8.3;854.1;;1578.1;;1027.8;0.9;5.3;3.2;19.1;5;18;;0;0;0;133;;;;20;357;92;1.5;0;180;11.3;3.3
BLA;08.10.2022 00:00;8.6;11.6;5;8.2;13.8;2.6;92.3;10.3;851.1;;1549.7;;1024.4;0.8;3.8;2.9;13.7;3.5;12.6;;1.7;1.7;0;46;;;;43;0;0;0.7;0;225;11.4;3.4
BLA;09.10.2022 00:00;8.5;12.3;5.5;8;15.7;3.9;88.6;9.7;849.7;;1535.5;;1022.7;0.9;3.9;3.2;14;3.9;14;;0.1;0.1;0;74;;;;66;6;2;1;0;0;11.5;3.5
BLA;10.10.2022 00:00;8.3;14.7;4;7.7;21.5;1.2;81.4;8.7;850.2;;1540.5;;1023.3;0.9;5.2;3.2;18.7;5;18;;0;0;0;97;;;;67;137;37;1.2;0;180;11.7;3.7
BLA;11.10.2022 00:00;8.1;15.1;2.7;7.3;20.5;0.2;80.1;8.4;851.7;;1555.2;;1025;0.9;4.9;3.2;17.6;4.7;16.9;;3.8;0;0;110;;;;46;199;54;1.2;0;135;11.9;3.9
BLA;12.10.2022 00:00;8.2;13.8;5.4;8;20.3;3.2;89.1;9.6;852.3;;1561;;1025.7;0.9;5.1;3.2;18.4;4.7;16.9;;0.8;4.6;0;89;;;;65;109;30;1.1;0;90;11.8;3.8
BLA;13.10.2022 00:00;7.5;12.7;2.6;6.8;17.3;0;85.3;8.7;850.7;;1545.9;;1023.9;1;5.3;3.6;19.1;5.1;18.4;;0.9;0.9;0;89;;;;74;45;13;1;0;90;12.5;4.5
BLA;14.10.2022 00:00;7.9;12.7;6.2;7.6;14.3;5.4;93.1;9.9;848.2;;1521.2;;1021;1.1;6.5;4;23.4;6.3;22.7;;12.1;11.6;0;57;;;;47;21;6;0.9;0;45;12.1;4.1
BLA;15.10.2022 00:00;8.6;14.6;5.3;7.7;18.1;2.8;86.9;9.7;847.5;;1514.5;;1020.2;1.2;5.6;4.3;20.2;5.4;19.4;;0.5;1;0;63;;;;34;133;38;1;0;41;11.4;3.4
BLA;16.10.2022 00:00;9.6;17.4;5.2;8.9;22.9;1.7;70.2;8.1;851.9;;1557.5;;1025.3;0.9;4.9;3.2;17.6;4.5;16.2;;0;0;0;126;;;;29;338;96;1.4;0;90;10.4;2.4
BLA;17.10.2022 00:00;8.7;17.9;3.7;7.3;22.9;0.3;71.4;7.8;857.2;;1608.4;;1031.4;0.8;4;2.9;14.4;3.9;14;;0;0;0;110;;;;26;346;99;1.3;0;90;11.3;3.3
BLA;18.10.2022 00:00;10.5;18.9;6;9.5;24.6;2.6;69.4;8.5;857.5;;1611.5;;1031.7;0.9;6.4;3.2;23;6.2;22.3;;0;0;0;111;;;;44;292;85;1.3;0;45;9.5;1.5
BLA;19.10.2022 00:00;9.2;18.9;4.3;7.5;24.3;0.9;64.2;7.1;853.4;;1571.9;;1027.1;0.9;4.6;3.2;16.6;4.4;15.8;;0;0;0;104;;;;22;333;99;1.3;0;72;10.8;2.8
BLA;20.10.2022 00:00;10.5;15.4;6.7;9.4;16.3;4;71.3;8.9;850.3;;1541.5;;1023.4;1.1;6;4;21.6;5.9;21.2;;4.2;2.3;0;56;;;;52;0;0;1.1;0;90;9.5;1.5
BLA;21.10.2022 00:00;8.8;10.3;7.9;8.5;11.2;7;97.8;11.1;847.1;;1510.7;;1019.7;0.9;3.9;3.2;14;3.7;13.3;;17.3;10.9;0;25;;;;21;0;0;0.6;0;72;11.2;3.2
BLA;22.10.2022 00:00;8.2;13.8;4.9;8.2;20;2.1;87;9.4;849.1;;1530.5;;1022.1;0.9;5;3.2;18;4.7;16.9;;0.1;8.4;0;116;;;;31;326;98;1;0;117;11.8;3.8
BLA;23.10.2022 00:00;9.5;14.9;4.3;8.3;16.6;1.3;78.5;9.2;849.6;;1534.9;;1022.6;1.2;5;4.3;18;4.9;17.6;;3.8;3.1;0;54;;;;47;10;3;0.9;0;63;10.5;2.5
BLA;24.10.2022 00:00;7.9;10;6.1;7.5;12.7;5.3;97;10.3;849.2;;1531.2;;1022.2;1.3;6.3;4.7;22.7;6.1;22;;17.4;18.1;0;32;;;;25;19;6;0.6;0;63;12.1;4.1
BLA;25.10.2022 00:00;6.6;12.8;2.2;5.9;17.3;0;83.8;8.1;850.5;;1543.5;;1023.6;0.9;4.8;3.2;17.3;4.6;16.6;;2.7;0;0;87;;;;23;249;77;0.8;0;63;13.4;5.4
BLA;26.10.2022 00:00;9.6;16.4;5.2;9;21.8;2.2;76.2;9.1;853.1;;1569.3;;1026.7;1.3;8.8;4.7;31.7;8.4;30.2;;0.1;2.8;0;106;;;;39;268;84;1.1;0;53;10.4;2.4
BLA;27.10.2022 00:00;9.4;17.9;4.7;7.9;23.3;1.8;69.3;8;857.5;;1611.5;;1031.8;0.7;3.4;2.5;12.2;3.4;12.2;;0;0;0;86;;;;16;284;90;1;0;56;10.6;2.6
BLA;28.10.2022 00:00;11.2;19.9;6.5;9.6;23;3.5;65.6;8.5;858.5;;1621.6;;1032.9;0.6;3.5;2.2;12.6;3.3;11.9;;0;0;0;64;;;;51;85;27;1;0;34;8.8;0.8
BLA;29.10.2022 00:00;11.3;20.6;7.2;9.4;25.7;3.8;61.3;8;856.8;;1605.2;;1031;0.8;3.9;2.9;14;3.7;13.3;;0;0;0;86;;;;37;256;85;1.1;0;45;8.7;0.7
BLA;30.10.2022 00:00;10.3;19.2;5.9;8.1;22.9;2.5;57.5;6.9;854;;1578.3;;1027.8;1;5.3;3.6;19.1;5;18;;0;0;0;77;;;;52;167;56;1.2;0;50;9.7;1.7
BLA;31.10.2022 00:00;9.9;17.3;5.4;8.1;21.2;2;54.6;6.4;851.5;;1553.5;;1024.8;1.5;10.3;5.4;37.1;9.8;35.3;;0;0;0;85;;;;32;256;87;1.4;0;56;10.1;2.1
BLA;01.11.2022 00:00;6.5;10.9;2.1;4.8;13.6;-1.3;78.6;7.6;851.9;;1556.8;;1025.3;0.8;4.3;2.9;15.5;4;14.4;;0.8;0.8;0;43;;;;37;11;4;0.7;0;34;13.5;5.5
BLA;02.11.2022 00:00;3.8;9.8;0.8;2.1;14.4;-2.4;82.1;6.6;852.4;;1561.9;;1025.9;0.9;5;3.2;18;4.8;17.3;;0;0;0;77;;;;40;261;91;0.7;0;45;16.2;8.2
BLA;03.11.2022 00:00;4.6;9.6;0.7;3.2;10.4;-2.8;81.9;6.9;844.9;;1489.7;;1017.2;1.1;6.2;4;22.3;5.9;21.2;;14;11.7;0;50;;;;45;0;0;0.7;0;63;15.4;7.4
BLA;04.11.2022 00:00;1.8;5.5;-0.8;1.6;8.1;-1.5;88.6;6;837.9;;1422.5;;1009;1.2;7.3;4.3;26.3;6.8;24.5;;1.3;3.6;0;56;;;;52;0;0;0.6;0;45;18.2;10.2
BLA;05.11.2022 00:00;0.1;5.4;-3;-0.5;12;-6;88.1;5.4;845.7;;1498;;1018.1;1;4.3;3.6;15.5;4.1;14.8;;0;0;0;71;;;;40;189;68;0.5;0;53;19.9;11.9
BLA;06.11.2022 00:00;2.6;9.9;-3.4;1.3;14.6;-6.3;70.3;5.1;845.9;;1499.8;;1018.3;1;4.9;3.6;17.6;4.8;17.3;;0;0;0;71;;;;37;153;56;0.7;0;53;17.4;9.4
BLA;07.11.2022 00:00;2.9;10.9;-0.1;0.8;16.2;-3.9;64.8;4.7;848.2;;1521.9;;1021;0.9;4.6;3.2;16.6;4.5;16.2;;0;0;0;72;;;;19;257;95;0.8;0;53;17.1;9.1
BLA;08.11.2022 00:00;3.9;11.8;0.6;1.9;16.6;-2.5;57.7;4.6;846.7;;1507.3;;1019.3;0.8;3.7;2.9;13.3;3.5;12.6;;0;0;0;66;;;;29;164;61;0.8;0;53;16.1;8.1
BLA;09.11.2022 00:00;4.5;7.1;0.8;3.6;6.9;-1.4;85.9;7.3;847.3;;1513.3;;1020;0.9;5.5;3.2;19.8;5.3;19.1;;4.3;4.3;0;28;;;;25;0;0;0.5;0;45;15.5;7.5
BLA;10.11.2022 00:00;2.8;8.1;0.6;1.9;13.4;-2.8;88.8;6.6;854.6;;1582.7;;1028.4;0.9;3.7;3.2;13.3;3.5;12.6;;0;0;0;66;;;;12;259;100;0.5;0;68;17.2;9.2
BLA;11.11.2022 00:00;3.9;12.4;0.1;1.4;16.3;-3.2;67.6;5.4;860;;1634.2;;1034.7;0.7;2.7;2.5;9.7;2.5;9;;0;0;0;58;;;;26;146;57;0.7;0;45;16.1;8.1
BLA;12.11.2022 00:00;6.2;13.8;2.3;3.5;14.7;-1.4;58.4;5.5;858.4;;1619.5;;1032.9;0.7;3.2;2.5;11.5;3;10.8;;0;0;0;50;;;;44;0;0;0.8;0;53;13.8;5.8
BLA;13.11.2022 00:00;4.1;10.6;1;2.1;15.7;-2.4;61.7;5;849.7;;1535.7;;1022.7;0.9;4.3;3.2;15.5;4.2;15.1;;2.9;0;0;69;;;;17;250;100;0.7;0;63;15.9;7.9
BLA;14.11.2022 00:00;0.7;2.9;-0.6;-0.1;1.4;-2.1;94.1;6;847.6;;1515.8;;1020.3;0.7;3.9;2.5;14;3.4;12.2;;9.9;12.8;0;21;;;;17;0;0;0.4;0;56;19.3;11.3
BLA;15.11.2022 00:00;1.8;5.4;-1.1;0.4;4;-3.4;95;6.6;841.4;;1456.4;;1013.1;0.8;4;2.9;14.4;3.8;13.7;;4.4;1.4;3;46;;;;42;0;0;0.4;0;45;18.2;10.2
BLA;16.11.2022 00:00;2;5.5;-0.4;0.9;7.4;-3.3;85.5;6;835.4;;1398.2;;1006.1;1.1;6.3;4;22.7;5.9;21.2;;0.3;3;1;56;;;;15;224;98;0.4;0;59;18;10
BLA;17.11.2022 00:00;4.2;9.6;0.9;3.2;12.3;-0.1;77.5;6.2;832.2;;1366.6;;1002.5;1.8;12.5;6.5;45;11.5;41.4;;6.8;2.7;0;63;;;;44;128;57;0.7;0;135;15.8;7.8
BLA;18.11.2022 00:00;-0.5;1.5;-5.2;-1.7;3.1;-8.5;92;5.5;835.1;;1396.7;;1005.7;1.2;5.8;4.3;20.9;5.7;20.5;;1.1;5.5;1;41;;;;36;4;2;0.2;0;45;20.5;12.5
BLA;19.11.2022 00:00;-4.8;-0.1;-7.1;-7.2;2.5;-10.3;76.3;3.2;838.4;;1430.4;;1009.6;1;4.2;3.6;15.1;3.9;14;;0;0;2;55;;;;11;225;100;0.4;0;50;24.8;16.8
BLA;20.11.2022 00:00;-3.1;0.5;-6.7;-4.5;3.2;-10;74.8;3.6;841;;1454.8;;1012.7;1.1;5.8;4;20.9;5.5;19.8;;1.8;1.5;2;55;;;;13;216;100;0.4;0;56;23.1;15.1
BLA;21.11.2022 00:00;-0.6;3.1;-3.4;-1.7;3.5;-5.5;82.9;4.8;835.1;;1396.6;;1005.7;1.2;5.1;4.3;18.4;4.7;16.9;;6.9;1.3;7;48;;;;41;3;1;0.4;0;45;20.6;12.6
BLA;22.11.2022 00:00;-1.7;0.6;-7.2;-1.8;0.7;-7.8;89.6;4.9;830.7;;1355.3;;1000.6;1.1;5.6;4;20.2;5.2;18.7;;0.1;6;16;53;;;;48;0;0;0.2;0;180;21.7;13.7
BLA;23.11.2022 00:00;-4.3;2.2;-10.5;-5.5;0.1;-12.1;83;3.8;835.1;;1399.3;;1005.8;1.1;8.3;4;29.9;8.2;29.5;;4.3;4.3;13;37;;;;32;0;0;0.4;0;45;24.3;16.3
BLA;24.11.2022 00:00;-0.7;4.2;-3.7;-1.7;7.3;-6;77.4;4.5;844.2;;1484.1;;1016.4;1.3;4.9;4.7;17.6;4.6;16.6;;0;0;17;60;;;;41;118;59;0.4;0;50;20.7;12.7
BLA;25.11.2022 00:00;0.9;4.8;-1.8;0;5.5;-3.9;73.1;4.7;847;;1510.6;;1019.6;1.1;5.8;4;20.9;5.6;20.2;;0;0;14;51;;;;46;0;0;0.5;0;27;19.1;11.1
BLA;26.11.2022 00:00;-4.1;0.8;-6.7;-6.6;1.7;-9.9;67.9;3.1;854.1;;1576.7;;1027.8;1.1;5;4;18;4.8;17.3;;0;0;11;46;;;;13;197;100;0.4;0;49;24.1;16.1
BLA;27.11.2022 00:00;-1.5;4.4;-7.1;-3.5;3.5;-10.2;64.6;3.6;850.4;;1542.5;;1023.6;0.9;3.3;3.2;11.9;3.1;11.2;;0;0;11;34;;;;22;46;24;0.5;0;45;21.5;13.5
BLA;28.11.2022 00:00;0.8;4.2;-3.1;-0.4;4.1;-4.8;73.4;4.7;842.2;;1464.8;;1014;0.9;6.9;3.2;24.8;6.7;24.1;;0.2;0;11;42;;;;38;0;0;0.4;0;27;19.2;11.2
BLA;29.11.2022 00:00;-2.1;0.4;-6.2;-3;1.4;-8;92.6;4.9;842.2;;1465.3;;1014;0.7;3.3;2.5;11.9;3.2;11.5;;0.1;0.3;11;42;;;;37;0;0;0.2;0;360;22.1;14.1
BLA;30.11.2022 00:00;-5.9;-0.7;-8.6;-7.8;0.4;-10.9;86;3.4;843.7;;1480.1;;1015.7;0.9;3.2;3.2;11.5;3.1;11.2;;0;0;11;31;;;;9;117;66;0.3;0;45;25.9;17.9
BLA;01.12.2022 00:00;-6.1;-0.9;-8.4;-8.2;0.4;-11.6;83.9;3.2;843.8;;1481.8;;1015.9;0.7;2.8;2.5;10.1;2.7;9.7;;0;0;11;39;;;;11;177;100;0.3;0;45;26.1;18.1
BLA;02.12.2022 00:00;-5.2;-0.1;-8.7;-7.7;1.6;-11.6;74.7;3.1;842;;1464.8;;1013.8;0.7;2.9;2.5;10.4;2.9;10.4;;0;0;11;31;;;;14;71;42;0.3;0;45;25.2;17.2
BLA;03.12.2022 00:00;-1.5;4;-7.8;-3.3;3.1;-10.8;71.4;3.9;840.4;;1448.2;;1011.9;1.1;6.2;4;22.3;6;21.6;;0;0;11;46;;;;41;0;0;0.4;0;63;21.5;13.5
BLA;04.12.2022 00:00;0.3;2;-1;-0.7;2.6;-3;90.6;5.7;838.8;;1432.1;;1010;1.1;6.5;4;23.4;6.3;22.7;;4.5;3.2;11;28;;;;22;22;13;0.3;0;53;19.7;11.7
BLA;05.12.2022 00:00;-2.9;0.5;-7.6;-4.2;-0.3;-10.9;91.1;4.6;843.5;;1477.4;;1015.5;1.3;5;4.7;18;4.8;17.3;;0.7;2;13;34;;;;28;0;0;0.2;0;45;22.9;14.9
BLA;06.12.2022 00:00;-5.4;0.7;-7.8;-8;1.6;-10.8;80.9;3.3;843;;1473.4;;1014.9;0.8;2.5;2.9;9;2.4;8.6;;0;0;14;35;;;;10;163;100;0.3;0;39;25.4;17.4
BLA;07.12.2022 00:00;-7.7;-2.9;-10.3;-10.5;-1.6;-13.6;77.7;2.7;840.4;;1449.9;;1011.9;0.8;3.5;2.9;12.6;3.4;12.2;;0;0;13;34;;;;9;160;100;0.3;0;45;27.7;19.7
BLA;08.12.2022 00:00;-4.7;1.4;-10.2;-7.2;2.3;-14.2;62.3;2.7;835.3;;1401.3;;1006;1.2;6.9;4.3;24.8;6.7;24.1;;2.9;0;14;30;;;;15;95;70;0.5;0;45;24.7;16.7
BLA;09.12.2022 00:00;-1.4;0.2;-2.6;-1.5;0.8;-2.8;93;5.1;829.9;;1347.3;;999.7;0.8;5.4;2.9;19.4;5.2;18.7;;7.6;9.9;20;28;;;;24;0;0;0.3;0;0;21.4;13.4
BLA;10.12.2022 00:00;-4.5;-1.3;-12.7;-5.5;0.1;-16.3;97.2;4.4;830.7;;1357.5;;1000.7;1.1;4.9;4;17.6;4.4;15.8;;0;0.6;32;29;;;;24;0;0;0.1;0;90;24.5;16.5
BLA;11.12.2022 00:00;-14.1;-8.9;-17.4;-17.2;-7;-20.9;82.4;1.7;832.5;;1380.1;;1002.7;1.1;5.2;4;18.7;5;18;;0;0;29;32;;;;12;147;100;0.2;0;41;34.1;26.1
BLA;12.12.2022 00:00;-11;-6.4;-17.2;-13.3;-4.3;-20.9;73.2;1.9;833.6;;1389.1;;1004.1;1.1;5.6;4;20.2;5.3;19.1;;0.4;0;27;36;;;;21;109;84;0.2;0;45;31;23
BLA;13.12.2022 00:00;-4.7;-0.7;-7.9;-5;-1.7;-8.8;85.8;3.8;831.8;;1368.4;;1002;0.8;3.6;2.9;13;3.4;12.2;;0.1;0.5;27;24;;;;20;0;0;0.3;0;45;24.7;16.7
BLA;14.12.2022 00:00;1.3;4.6;-1.5;0.2;3.5;-3.3;92.7;6.2;831;;1356.8;;1001.1;1.1;5.5;4;19.8;5.3;19.1;;1.2;1.2;25;27;;;;23;0;0;0.3;0;45;18.7;10.7
BLA;15.12.2022 00:00;0.1;3.7;-4.3;-1.5;2.3;-6.9;81.3;5;830.7;;1354.6;;1000.7;1.1;5.2;4;18.7;4.8;17.3;;0.8;0.2;20;27;;;;23;0;0;0.4;0;45;19.9;11.9
BLA;16.12.2022 00:00;-1.4;0.1;-6.4;-1.7;0.2;-8.6;99.1;5.5;834.2;;1388.8;;1004.7;0.9;3.8;3.2;13.7;3.7;13.3;;0.1;0.7;22;28;;;;24;0;0;0.1;0;225;21.4;13.4
BLA;17.12.2022 00:00;-9.5;-5.8;-12;-12.4;-5.2;-15.3;85.1;2.6;845.8;;1500.1;;1018.2;1;3.4;3.6;12.2;3.2;11.5;;0;0;22;29;;;;11;130;100;0.2;0;45;29.5;21.5
BLA;18.12.2022 00:00;-5.2;1;-9.8;-8.2;-0.1;-13.7;60.3;2.5;853.1;;1568;;1026.7;1;4.5;3.6;16.2;4.2;15.1;;0;0;22;31;;;;17;123;98;0.5;0;40;25.2;17.2
BLA;19.12.2022 00:00;2.3;5.2;-0.2;0.7;4.1;-2.6;80.4;5.8;853.3;;1570.5;;1027;0.9;5.1;3.2;18.4;5;18;;0;0;21;38;;;;33;0;0;0.3;0;39;17.7;9.7
BLA;20.12.2022 00:00;3.1;6.3;-0.2;1.6;5.3;-2.9;78.1;5.9;849.2;;1530.8;;1022.1;1;4.3;3.6;15.5;4.1;14.8;;1.7;0;21;33;;;;28;0;0;0.4;0;39;16.9;8.9
BLA;21.12.2022 00:00;2.1;4.1;0.9;1.4;3.9;-0.1;97.1;6.9;846.3;;1503.6;;1018.8;0.9;4.5;3.2;16.2;4.3;15.5;;2.3;3.7;17;29;;;;26;0;0;0.3;0;45;17.9;9.9
BLA;22.12.2022 00:00;2;5.8;0.3;1.2;5;-1;91.9;6.4;845.5;;1496.2;;1017.9;1.2;6.9;4.3;24.8;6.5;23.4;;20.7;12.9;14;27;;;;23;0;0;0.4;0;45;18;10
BLA;23.12.2022 00:00;1.8;2.7;0.8;1.1;2;0.2;99.2;6.9;845;;1491.5;;1017.3;1.5;5.9;5.4;21.2;5.2;18.7;;47.4;50.6;13;11;;;;7;0;0;0.3;0;45;18.2;10.2
BLA;24.12.2022 00:00;2.9;4.7;1.6;1.9;3.2;1;97.8;7.4;846.8;;1508.2;;1019.4;1.5;5.5;5.4;19.8;5.1;18.4;;3.2;8.1;12;19;;;;15;0;0;0.3;0;42;17.1;9.1
BLA;25.12.2022 00:00;3.1;8.1;0.2;1;8.1;-1.8;75.6;5.7;848.1;;1520.6;;1020.9;1.3;5.4;4.7;19.4;5.1;18.4;;0;0;10;32;;;;15;128;100;0.6;0;45;16.9;8.9
BLA;26.12.2022 00:00;2.4;8.9;-0.9;0.8;8;-3.3;83.3;6.1;850.6;;1545.1;;1023.8;1.3;8.9;4.7;32;8.3;29.9;;2.9;2.9;10;35;;;;30;0;0;0.5;0;45;17.6;9.6
BLA;27.12.2022 00:00;-1.2;2;-5.8;-3;3.1;-8.5;76.9;4.4;853.5;;1571.3;;1027.1;1.2;6.7;4.3;24.1;6.4;23;;0;0;9;29;;;;12;115;89;0.3;0;45;21.2;13.2
BLA;28.12.2022 00:00;-2.7;2.2;-5.8;-5;2;-8;63.4;3.1;849.4;;1533.7;;1022.4;1.1;5.1;4;18.4;4.9;17.6;;0;0;9;27;;;;17;67;52;0.5;0;45;22.7;14.7
BLA;29.12.2022 00:00;0.6;6.8;-4.7;-0.5;7.7;-7.3;70.9;4.6;845.6;;1497.4;;1018;1;5.5;3.6;19.8;5.3;19.1;;6.5;0.4;9;42;;;;34;31;24;0.4;0;45;19.4;11.4
BLA;30.12.2022 00:00;0.3;2.6;-3.8;-0.4;2.3;-5.8;98.4;6.2;847.4;;1514.2;;1020.1;1;3.6;3.6;13;3.4;12.2;;7;13.1;21;30;;;;25;0;0;0.2;0;45;19.7;11.7
BLA;31.12.2022 00:00;3.2;7.2;0.4;1.5;5.6;-1.5;92.3;7.1;853;;1567.7;;1026.6;1.2;4.7;4.3;16.9;4.4;15.8;;0;0;17;42;;;;37;0;0;0.3;0;45;16.8;8.8
BLA;01.01.2023 00:00;1.8;5.9;-0.4;-0.4;5.9;-3;85.6;5.9;854.1;;1577.9;;1027.9;0.9;3.5;3.2;12.6;3.2;11.5;;0;0;13;33;;;;21;94;70;0.4;0;45;18.2;10.2
BLA;02.01.2023 00:00;2;6.8;-1;0;5;-3.4;79.5;5.6;853.2;;1568.9;;1026.8;0.9;4.1;3.2;14.8;4;14.4;;0;0;13;42;;;;37;0;0;0.4;0;45;18;10
BLA;03.01.2023 00:00;1.7;4.6;-1.8;1;4;-3.5;94.5;6.5;855.3;;1588.8;;1029.2;0.9;5.1;3.2;18.4;4.8;17.3;;0.2;0.2;13;36;;;;32;0;0;0.2;0;63;18.3;10.3
BLA;04.01.2023 00:00;-0.1;3.7;-4;-1.8;3.4;-6.8;78.6;4.7;856.5;;1600.2;;1030.7;0.9;3.4;3.2;12.2;3.1;11.2;;2.6;0;12;41;;;;37;0;0;0.3;0;53;20.1;12.1
BLA;05.01.2023 00:00;1.4;5.7;-2.2;0.1;4.7;-5.5;94.8;6.5;853.7;;1574.1;;1027.4;0.9;3.4;3.2;12.2;3.2;11.5;;1.4;4;11;39;;;;30;52;32;0.3;0;53;18.6;10.6
BLA;06.01.2023 00:00;-0.3;5.9;-2.8;-3.3;5.5;-5.9;69.6;4.1;851.1;;1549.4;;1024.4;0.8;3.7;2.9;13.3;3.5;12.6;;0;0;11;33;;;;9;163;99;0.5;0;45;20.3;12.3
BLA;07.01.2023 00:00;-0.9;3.5;-3.2;-3.9;2.6;-6.1;64.7;3.7;846.4;;1504.8;;1018.9;1;3.7;3.6;13.3;3.7;13.3;;0;0;11;27;;;;12;81;49;0.6;0;54;20.9;12.9
BLA;08.01.2023 00:00;-0.5;1;-3.5;-1.4;1.6;-6.3;88.6;5.3;838.7;;1431.9;;1010;1.1;4.1;4;14.8;4.1;14.8;;19;9.4;12;27;;;;22;0;0;0.3;0;45;20.5;12.5
BLA;09.01.2023 00:00;-2.7;-0.4;-7.3;-2.4;-0.6;-4.1;92.4;4.7;836.5;;1411.7;;1007.4;1.4;11.2;5;40.3;10.9;39.2;;10.7;15.2;42;36;;;;31;0;0;0.2;0;27;22.7;14.7
BLA;10.01.2023 00:00;-4.5;-1.1;-9.9;-6.1;-3.3;-13.5;85.1;3.8;848.1;;1521.2;;1020.9;1.4;7.6;5;27.4;7.2;25.9;;0.2;5.3;53;40;;;;17;146;82;0.2;0;49;24.5;16.5
BLA;11.01.2023 00:00;-2.2;2.3;-6;-4.4;0.5;-10.1;95.6;5;848.5;;1524.7;;1021.3;1.1;5.1;4;18.4;5;18;;2.2;2.2;45;27;;;;22;0;0;0.3;0;45;22.2;14.2
BLA;12.01.2023 00:00;-1.8;3;-7;-3.7;0.5;-9.4;82.1;4.4;849.9;;1538;;1023;1.4;5.4;5;19.4;5.2;18.7;;0.4;0;41;40;;;;35;0;0;0.4;0;45;21.8;13.8
BLA;13.01.2023 00:00;0.2;3.1;-1.9;-1;2.1;-4.4;83;5.1;847.3;;1513.2;;1019.9;1.2;6.5;4.3;23.4;6.3;22.7;;0.8;1.2;39;42;;;;36;1;1;0.4;0;34;19.8;11.8
BLA;14.01.2023 00:00;0.7;4.7;-3.6;-0.5;4;-6.1;69.2;4.5;847.3;;1513.4;;1020;1.5;7.5;5.4;27;7.4;26.6;;1.6;0;37;45;;;;41;0;0;0.5;0;38;19.3;11.3
BLA;15.01.2023 00:00;-1.4;3.8;-9.9;-2.6;3;-12.6;92.3;5.3;839.7;;1441.9;;1011.2;1.3;7.2;4.7;25.9;6.9;24.8;;4.1;5.7;34;25;;;;20;0;0;0.3;0;63;21.4;13.4
BLA;16.01.2023 00:00;-6.3;-3.7;-11.4;-7.4;-3.6;-14.3;88;3.4;825.6;;1310.1;;994.8;1.1;5.2;4;18.7;5;18;;10.8;10.6;36;30;;;;25;0;0;0.2;0;45;26.3;18.3
BLA;17.01.2023 00:00;-6;-3.3;-10;-6.6;-2.6;-12.4;91.8;3.6;817.5;;1231.9;;985.3;1;4.8;3.6;17.3;4.6;16.6;;4.1;3.2;49;30;;;;23;0;0;0.2;0;39;26;18
BLA;18.01.2023 00:00;-6.1;-4.1;-9.1;-7;-3.1;-10.1;79.7;3.1;823.1;;1286.1;;991.8;1.4;7.7;5;27.7;7.5;27;;0.4;1.5;51;50;;;;45;0;0;0.3;0;45;26.1;18.1
BLA;19.01.2023 00:00;-14.1;-6.8;-18.6;-17.4;-7.5;-22.7;72.1;1.5;832.3;;1378.4;;1002.5;1.1;7.3;4;26.3;7;25.2;;0;0;49;51;;;;15;196;95;0.3;0;45;34.1;26.1
BLA;20.01.2023 00:00;-14.8;-9.4;-19.1;-17.3;-6.6;-23.1;71.7;1.4;837.8;;1429.2;;1008.9;1.2;5.4;4.3;19.4;5.2;18.7;;0;0;47;68;;;;28;211;100;0.2;0;50;34.8;26.8
BLA;21.01.2023 00:00;-14.3;-7.7;-18;-16.6;-6.9;-21;74.2;1.5;840.6;;1454.2;;1012.1;1.3;6.5;4.7;23.4;6.2;22.3;;0;0;46;48;;;;17;202;94;0.3;0;45;34.3;26.3
BLA;22.01.2023 00:00;-13.5;-7.3;-16.9;-15.9;-4.8;-20.3;76.8;1.7;843.9;;1483.9;;1016;0.9;4.5;3.2;16.2;4.4;15.8;;0;0;45;67;;;;26;224;100;0.2;0;45;33.5;25.5
BLA;23.01.2023 00:00;-9.9;-4.7;-16;-12.1;-3.4;-19.4;77.6;2.3;845.3;;1496.2;;1017.7;1.3;4.9;4.7;17.6;4.7;16.9;;0;0;45;57;;;;44;40;18;0.3;0;56;29.9;21.9
BLA;24.01.2023 00:00;-4.4;2.2;-8.9;-6.6;3.3;-12.3;70.8;3.1;852.1;;1558;;1025.5;1;3.8;3.6;13.7;3.6;13;;0;0;44;64;;;;34;184;81;0.4;0;45;24.4;16.4
BLA;25.01.2023 00:00;-5.7;1.3;-9.3;-8.2;4.1;-12.7;70.5;2.8;848.9;;1528.2;;1021.8;1;4.1;3.6;14.8;3.8;13.7;;0;0;43;61;;;;19;233;100;0.5;0;45;25.7;17.7
BLA;26.01.2023 00:00;-9.5;-2.9;-13.4;-12;-0.5;-16.6;74.7;2.2;840.6;;1452.7;;1012.2;0.9;3.4;3.2;12.2;3.1;11.2;;0;0;43;68;;;;19;237;100;0.3;0;45;29.5;21.5
BLA;27.01.2023 00:00;-11.2;-5.1;-15.5;-13.1;-1.3;-18.6;81.9;2.2;838.6;;1435.3;;1009.9;1;4.7;3.6;16.9;4.5;16.2;;0;0;42;63;;;;20;177;73;0.3;0;45;31.2;23.2
BLA;28.01.2023 00:00;-11.9;-4.6;-15.6;-13.8;-1.9;-18.3;83.5;2.1;842.9;;1474.5;;1014.8;1.1;4.5;4;16.2;4.4;15.8;;0;0;42;66;;;;15;245;98;0.3;0;39;31.9;23.9
BLA;29.01.2023 00:00;-9.4;-2;-13.4;-12.1;0.7;-16.5;78.1;2.3;848.1;;1521.4;;1020.9;0.8;3.6;2.9;13;3.6;13;;0;0;42;66;;;;19;200;79;0.4;0;37;29.4;21.4
BLA;30.01.2023 00:00;-6.7;-0.3;-10.6;-9;2.4;-13.9;70;2.6;848.4;;1524.5;;1021.3;1.2;4.5;4.3;16.2;4.3;15.5;;0;0;43;77;;;;23;241;93;0.5;0;45;26.7;18.7
BLA;31.01.2023 00:00;-7.4;-2.1;-12.6;-9.5;-0.4;-16.1;78.8;2.8;851.2;;1549.6;;1024.4;1.2;5.6;4.3;20.2;5.4;19.4;;0.2;0.2;43;51;;;;21;116;44;0.4;0;45;27.4;19.4
BLA;01.02.2023 00:00;-4.8;0.1;-9.8;-6.4;3.3;-12.5;75.3;3.2;851.1;;1548.8;;1024.3;1.1;9.5;4;34.2;9.3;33.5;;0;0;43;76;;;;19;252;94;0.4;0;45;24.8;16.8
BLA;02.02.2023 00:00;-4.2;1.2;-7.6;-5.9;4;-10.6;78;3.5;853.3;;1569;;1026.9;1.2;6.3;4.3;22.7;6.1;22;;0;0;43;72;;;;15;264;97;0.5;0;56;24.2;16.2
BLA;03.02.2023 00:00;-4.8;4.5;-11;-7;6.2;-14;76.1;3.2;856.3;;1596.8;;1030.4;1.3;8.9;4.7;32;8.5;30.6;;0;0;43;74;;;;24;184;67;0.6;0;53;24.8;16.8
BLA;04.02.2023 00:00;1.8;6.2;-1.4;1.1;5.3;-3.7;81.9;5.5;855.3;;1589.3;;1029.3;2.7;12.8;9.7;46.1;12;43.2;;0.2;0.2;42;45;;;;40;2;1;0.8;0;277;18.2;10.2
BLA;05.02.2023 00:00;-1.9;1.9;-4.5;-2.1;4.1;-6.3;87.6;4.6;855.8;;1592.5;;1029.8;1.3;8.9;4.7;32;8.3;29.9;;2.1;2.1;41;73;;;;28;166;59;0.5;0;217;21.9;13.9
BLA;06.02.2023 00:00;-5.9;-0.1;-10.4;-7.4;2.4;-13.2;80.9;3.2;853.2;;1568.1;;1026.8;1.2;4.9;4.3;17.6;4.7;16.9;;0.4;0.4;45;76;;;;14;265;93;0.5;0;53;25.9;17.9
BLA;07.02.2023 00:00;-7.6;-1.3;-12.4;-9.9;0.5;-15.8;58.3;2;854.6;;1580.5;;1028.4;1.4;6.1;5;22;5.8;20.9;;0;0;46;85;;;;15;283;98;0.6;0;52;27.6;19.6
BLA;08.02.2023 00:00;-9.2;-0.9;-13.1;-12;1.2;-17;60.7;1.8;853.3;;1568.9;;1026.9;1;4.5;3.6;16.2;4.4;15.8;;0;0;45;87;;;;15;286;98;0.6;0;45;29.2;21.2
BLA;09.02.2023 00:00;-9.9;-2.2;-14.2;-12.5;0.4;-17.5;62.7;1.8;855;;1583.7;;1028.8;1;4;3.6;14.4;3.8;13.7;;0;0;45;89;;;;17;289;98;0.5;0;51;29.9;21.9
BLA;10.02.2023 00:00;-7.5;1.8;-13;-10.2;4;-16.7;59.8;2;858.9;;1619.8;;1033.4;0.9;4.2;3.2;15.1;4;14.4;;0;0;45;92;;;;17;293;98;0.6;0;45;27.5;19.5
BLA;11.02.2023 00:00;-2.9;5.4;-7.8;-5.3;7.2;-11.3;61.9;3;859;;1622.1;;1033.5;0.8;3.6;2.9;13;3.4;12.2;;0;0;45;94;;;;25;301;99;0.7;0;37;22.9;14.9
BLA;12.02.2023 00:00;-0.5;8.3;-4.8;-2.8;9.7;-8.1;67.4;3.9;858.8;;1621.1;;1033.3;0.8;3.3;2.9;11.9;3.1;11.2;;0;0;45;91;;;;15;312;99;0.8;0;45;20.5;12.5
BLA;13.02.2023 00:00;0.1;8.8;-4;-2.4;9.4;-7.1;62.9;3.8;860.8;;1640.1;;1035.7;1;5.9;3.6;21.2;5.6;20.2;;0;0;44;95;;;;15;314;99;0.9;0;45;19.9;11.9
BLA;14.02.2023 00:00;0;8.4;-4.6;-2.4;10.1;-7.8;60.4;3.7;859.1;;1623.7;;1033.6;0.7;3.1;2.5;11.2;3;10.8;;0;0;44;98;;;;15;318;99;0.8;0;45;20;12
BLA;15.02.2023 00:00;1.4;10.4;-2.7;-1.3;10.5;-5.9;58.4;3.8;855.7;;1592.5;;1029.7;1;6.1;3.6;22;5.8;20.9;;0;0;44;99;;;;15;319;98;1;0;50;18.6;10.6
BLA;16.02.2023 00:00;0.2;8.2;-4.1;-1.7;9.8;-7.2;59.9;3.6;855.1;;1586.7;;1029;0.9;4.1;3.2;14.8;3.9;14;;0;0;43;102;;;;17;322;98;0.9;0;45;19.8;11.8
BLA;17.02.2023 00:00;2.3;9;-1.6;1.2;10.3;-3.9;71.8;5.1;856.5;;1600.2;;1030.6;0.8;4.6;2.9;16.6;4.5;16.2;;0;0;43;82;;;;49;147;45;0.8;0;45;17.7;9.7
BLA;18.02.2023 00:00;1.5;11.2;-3.1;-0.5;11.9;-5.7;68.2;4.5;855.5;;1590.9;;1029.5;1;4.9;3.6;17.6;4.5;16.2;;0;0;42;104;;;;24;328;99;1;0;45;18.5;10.5
BLA;19.02.2023 00:00;3.1;11.2;-1.5;1.1;12.9;-4.4;55.4;4;853.1;;1568.5;;1026.7;1.4;8.4;5;30.2;8;28.8;;0;0;41;110;;;;32;283;85;1.3;0;45;16.9;8.9
BLA;20.02.2023 00:00;1.8;10.9;-4;0.3;12.4;-6.3;73.1;5;853.5;;1571.7;;1027.1;0.9;4.3;3.2;15.5;4.1;14.8;;0;0;41;110;;;;22;333;99;1;0;53;18.2;10.2
BLA;21.02.2023 00:00;2.8;10.9;-1.1;1;11.6;-3.4;68.7;5;848.1;;1520.6;;1020.9;0.8;4.6;2.9;16.6;4.3;15.5;;0;0;39;107;;;;19;336;99;1;0;51;17.2;9.2
BLA;22.02.2023 00:00;2.1;8.1;-1;0.9;9.4;-3.5;77.8;5.5;843.3;;1474.8;;1015.3;0.9;6.4;3.2;23;6.2;22.3;;4.9;4.6;39;92;;;;53;125;36;0.9;0;0;17.9;9.9
BLA;23.02.2023 00:00;1.9;6.7;-0.8;1.1;8.4;-1.9;85.6;5.9;841.7;;1460;;1013.5;0.9;6.9;3.2;24.8;6.3;22.7;;0;0.3;39;92;;;;43;152;44;0.8;0;51;18.1;10.1
BLA;24.02.2023 00:00;2.1;7.4;-1.5;1.2;9.1;-3.5;72.1;5;837.7;;1420.3;;1008.7;1.2;6.8;4.3;24.5;6.6;23.8;;0.1;0;38;115;;;;33;300;85;1;0;58;17.9;9.9
BLA;25.02.2023 00:00;0.9;6.4;-5.4;0.1;9.9;-7.8;76;4.9;832.3;;1369.1;;1002.5;1.3;12;4.7;43.2;11.1;40;;0;0.1;37;129;;;;27;349;98;0.9;0;56;19.1;11.1
BLA;26.02.2023 00:00;-5;-3;-7.9;-5.8;0;-10.2;56.2;2.4;830.3;;1354;;1000.2;1.7;15.3;6.1;55.1;13.3;47.9;;0;0;35;107;;;;65;214;60;0.8;0;225;25;17
BLA;27.02.2023 00:00;-2.9;2.3;-6.3;-3.4;5.7;-8.5;61.5;3;838.2;;1428.1;;1009.4;1.3;6.9;4.7;24.8;6.4;23;;0;0;34;140;;;;34;356;99;1;0;68;22.9;14.9
BLA;28.02.2023 00:00;-2.6;3.2;-6.2;-3.7;6.7;-8.7;64.2;3.2;843.3;;1475.6;;1015.3;1.1;5.6;4;20.2;5.4;19.4;;0;0;34;122;;;;43;227;63;1;0;90;22.6;14.6
BLA;01.03.2023 00:00;-2.2;6.3;-7.7;-3.4;8.6;-10.5;66.5;3.4;841.1;;1455.3;;1012.8;1.3;7.9;4.7;28.4;7.1;25.6;;0;0;34;119;;;;37;224;60;1.1;0;180;22.2;14.2
BLA;02.03.2023 00:00;-0.6;5.4;-5.2;-1.9;8.4;-7.8;63.8;3.6;841.8;;1461.5;;1013.6;1.3;7.8;4.7;28.1;7.5;27;;0;0;34;119;;;;26;277;73;1.1;0;67;20.6;12.6
BLA;03.03.2023 00:00;-2.3;5.6;-6.8;-3.8;8.4;-9.5;65.6;3.3;843.6;;1478.8;;1015.7;1;4.3;3.6;15.5;4.2;15.1;;0;0;34;137;;;;20;373;97;1.1;0;63;22.3;14.3
BLA;04.03.2023 00:00;-2.5;4.6;-6.7;-3.9;8.1;-9.5;69.9;3.5;844.7;;1488.7;;1016.9;1;5;3.6;18;4.7;16.9;;0;0;34;141;;;;22;377;97;1.1;0;225;22.5;14.5
BLA;05.03.2023 00:00;-2.2;6.2;-7.2;-3.8;8.3;-10;60.3;3;839.9;;1443.8;;1011.4;1.2;7.1;4.3;25.6;6.5;23.4;;0;0;34;146;;;;21;384;98;1.2;0;37;22.2;14.2
BLA;06.03.2023 00:00;-1.8;4.6;-6.8;-3.7;6.7;-9.9;51.8;2.6;833.9;;1386;;1004.4;1.5;9.6;5.4;34.6;8.8;31.7;;0;0;34;146;;;;45;387;98;1.3;0;225;21.8;13.8
BLA;07.03.2023 00:00;-1.7;6;-8.4;-3.5;8.4;-11.9;53.6;2.8;831.8;;1366;;1002;1.6;7.9;5.8;28.4;7.6;27.4;;0;0;34;125;;;;51;199;50;1.3;0;117;21.7;13.7
BLA;08.03.2023 00:00;0.4;4.5;-3.6;-0.4;4.1;-5.9;86.5;5.6;833.4;;1380;;1003.8;1.4;7.6;5;27.4;7.3;26.3;;18.6;15.7;35;48;;;;44;0;0;0.7;0;39;19.6;11.6
BLA;09.03.2023 00:00;2.1;6.8;-0.5;1.7;9.8;-2.5;80.1;5.6;835.7;;1401.6;;1006.5;1.3;5.2;4.7;18.7;4.8;17.3;;2.1;3.8;36;136;;;;49;280;70;1.2;0;61;17.9;9.9
BLA;10.03.2023 00:00;-0.1;1.4;-1.5;-0.3;0.5;-3.1;94.2;5.7;832.3;;1369.6;;1002.5;1.3;7.6;4.7;27.4;7.5;27;;27.6;21.3;37;45;;;;41;0;0;0.6;0;233;20.1;12.1
BLA;11.03.2023 00:00;0.7;2;-1.1;-0.1;0;-0.5;98.9;6.4;834.9;;1394.9;;1005.6;1.3;6.8;4.7;24.5;6.6;23.8;;16.1;22.2;64;35;;;;31;0;0;0.5;0;72;19.3;11.3
BLA;12.03.2023 00:00;2.3;7.1;-1.1;2;11.1;-3.3;80.2;5.8;844.1;;1482.8;;1016.3;1.5;6.3;5.4;22.7;6.1;22;;0.8;2.2;58;160;;;;79;298;71;1.3;0;37;17.7;9.7
BLA;13.03.2023 00:00;4.9;11.3;-0.9;4.3;13.9;-2.7;72.4;6.2;841.2;;1453.7;;1012.9;1.3;8.6;4.7;31;8.4;30.2;;20.3;9.8;49;153;;;;76;310;74;1.5;0;51;15.1;7.1
BLA;14.03.2023 00:00;-0.1;1.5;-3;-0.4;2.6;-3.5;94;5.7;835.9;;1404.7;;1006.7;1.3;6.6;4.7;23.8;6.4;23;;7.7;17;51;55;;;;51;0;0;0.6;0;225;20.1;12.1
BLA;15.03.2023 00:00;-3.4;1.6;-8.6;-3.8;5.2;-11.1;58.4;2.7;842.9;;1472;;1014.8;1.7;14.3;6.1;51.5;13.7;49.3;;0;1.2;54;180;;;;39;424;99;1.3;0;45;23.4;15.4
BLA;16.03.2023 00:00;-0.9;8.5;-8.9;-1.7;11.1;-11.4;63.6;3.7;845.1;;1492.7;;1017.4;1;3.8;3.6;13.7;3.6;13;;0;0;52;184;;;;42;428;99;1.5;0;27;20.9;12.9
BLA;17.03.2023 00:00;3.5;12.1;-1.9;2.1;13.9;-4.3;62.8;4.8;843.6;;1477.5;;1015.7;0.9;5;3.2;18;4.7;16.9;;0;0;49;153;;;;69;270;62;1.6;0;45;16.5;8.5
BLA;18.03.2023 00:00;3.7;10.8;-1.4;2.7;12.5;-3.4;66.6;5.1;843.2;;1473.4;;1015.2;1.2;5.5;4.3;19.8;5.2;18.7;;0;0;47;157;;;;43;364;83;1.7;0;59;16.3;8.3
BLA;19.03.2023 00:00;2.3;6.5;-0.6;1.6;7.7;-1.5;85.2;6.1;845.6;;1496.5;;1017.9;0.9;5.7;3.2;20.5;5.3;19.1;;2.6;2.6;45;76;;;;70;0;0;1;0;63;17.7;9.7
BLA;20.03.2023 00:00;1.8;8;-2.8;1.2;11.2;-4.7;75;5.1;847.7;;1516.6;;1020.4;1.2;5.7;4.3;20.5;5.5;19.8;;0;0;44;189;;;;31;441;99;1.6;0;51;18.2;10.2
BLA;21.03.2023 00:00;3.5;10.8;-2.9;2.4;12;-5.1;55.7;4.1;846.2;;1502;;1018.6;1;4.7;3.6;16.9;4.5;16.2;;0;0;42;175;;;;93;292;65;1.8;0;50;16.5;8.5
BLA;22.03.2023 00:00;4.4;11.7;-1.4;3.2;13.7;-3.4;56.2;4.4;844.7;;1487.8;;1016.9;1.1;5.7;4;20.5;5.6;20.2;;0;0;41;191;;;;31;445;97;2;0;53;15.6;7.6
BLA;23.03.2023 00:00;5.9;11.7;2.3;4.9;14.3;0.6;69.2;6.3;844.3;;1483.9;;1016.5;1.2;6.9;4.3;24.8;6.5;23.4;;1.7;0.4;38;108;;;;98;9;2;1.5;0;45;14.1;6.1
BLA;24.03.2023 00:00;3.6;6.4;1.3;2.6;5.2;0.5;95.8;7.6;842.8;;1469.9;;1014.8;1.3;6.5;4.7;23.4;6.2;22.3;;12;13;35;37;;;;33;0;0;0.7;0;50;16.4;8.4
BLA;25.03.2023 00:00;0.6;2.3;-0.6;0.1;3.7;-2.3;91.9;5.9;844.1;;1482.7;;1016.2;1.2;7.4;4.3;26.6;6.8;24.5;;3.7;3.9;34;63;;;;59;0;0;0.8;0;45;19.4;11.4
BLA;26.03.2023 00:00;0.2;4.3;-2.2;-0.1;8.1;-3.6;88.2;5.4;838.1;;1425.6;;1009.2;1.3;8;4.7;28.8;7.7;27.7;;22.5;14.9;36;71;;;;61;13;3;0.9;0;27;19.8;11.8
BLA;27.03.2023 00:00;-2.6;-0.5;-6.1;-2.7;0.6;-7.8;82.1;4.2;842.5;;1468.1;;1014.4;2;9;7.2;32.4;8.2;29.5;;2.2;9.9;62;78;;;;73;0;0;0.7;0;40;22.6;14.6
BLA;28.03.2023 00:00;-2.8;5.2;-12.3;-3.5;8.6;-16.7;63.7;3.2;850.1;;1539.7;;1023.2;1.4;5.6;5;20.2;5.4;19.4;;12.2;3.2;57;207;;;;89;285;56;1.5;0;31;22.8;14.8
BLA;29.03.2023 00:00;2.9;5.5;0.2;2.1;5.4;-0.2;97.7;7.4;850.8;;1546.1;;1024;1.5;5;5.4;18;4.8;17.3;;5.4;14.3;48;53;;;;49;0;0;0.7;0;49;17.1;9.1
BLA;30.03.2023 00:00;3.9;7.3;2.3;2.8;7.6;1.3;92.6;7.4;847.2;;1512.3;;1019.9;1.5;5.9;5.4;21.2;5.7;20.5;;3.7;3.2;42;53;;;;49;1;0;0.9;0;45;16.1;8.1
BLA;31.03.2023 00:00;1.7;4.8;-0.4;1;3.5;-0.5;94;6.5;839.8;;1441.8;;1011.3;1.5;7.4;5.4;26.6;6.4;23;;26.6;25.3;39;30;;;;25;0;0;0.6;0;53;18.3;10.3
BLA;01.04.2023 00:00;0.5;3.6;-2.2;0.6;7.2;-3.8;87.9;5.5;838.3;;1427.3;;1009.5;1.1;5;4;18;4.6;16.6;;2.1;4;56;122;;;;107;36;7;1.1;0;45;19.5;11.5
BLA;02.04.2023 00:00;0.7;6;-4.8;0.6;9.9;-7.3;75.6;4.7;842.2;;1464.9;;1014;1.2;5.6;4.3;20.2;5.3;19.1;;0;0;46;217;;;;73;360;67;1.8;0;53;19.3;11.3
BLA;03.04.2023 00:00;0;6.6;-4.7;-0.4;10;-6.8;66.4;3.9;843.3;;1475.5;;1015.3;1.4;5.7;5;20.5;5.4;19.4;;0;0;41;249;;;;41;531;97;2.1;0;50;20;12
BLA;04.04.2023 00:00;-1.6;5.3;-7.2;-2.2;8.6;-10;56.1;2.9;841.9;;1462.6;;1013.7;1.4;7.1;5;25.6;6.5;23.4;;0;0;38;257;;;;29;542;98;2.1;0;56;21.6;13.6
BLA;05.04.2023 00:00;-1.5;3.4;-6.2;-1.9;7.1;-8.6;54.6;2.8;843.5;;1477.3;;1015.5;1.5;10;5.4;36;9.7;34.9;;0;0;35;243;;;;67;399;72;1.9;0;45;21.5;13.5
BLA;06.04.2023 00:00;0.1;5.3;-6.5;-0.5;8.4;-9.1;48.8;3;845;;1491.3;;1017.2;1.9;10.3;6.8;37.1;9.8;35.3;;0;0;33;228;;;;84;332;59;2;0;48;19.9;11.9
BLA;07.04.2023 00:00;-0.3;2.6;-4.6;-0.3;6.7;-7.1;83.8;5;843.3;;1475.1;;1015.3;1.2;6.3;4.3;22.7;6.1;22;;5.4;5.4;30;135;;;;105;97;17;1.2;0;225;20.3;12.3
BLA;08.04.2023 00:00;0.4;6.8;-6.2;0;10.6;-8.6;61.5;3.7;845.9;;1500.5;;1018.4;1.3;9;4.7;32.4;8.4;30.2;;0;0;32;251;;;;52;441;78;2.1;0;31;19.6;11.6
BLA;09.04.2023 00:00;2;9.3;-4.2;1.2;12.5;-6.6;51.5;3.3;847.7;;1516.9;;1020.4;1.5;8.2;5.4;29.5;7.5;27;;0;0;27;272;;;;31;555;98;2.6;0;52;18;10
BLA;10.04.2023 00:00;4.1;10.3;-3;3.1;11.8;-5.5;42.4;3.2;848.6;;1525.5;;1021.5;1.4;6.7;5;24.1;6.3;22.7;;0.8;0;22;227;;;;106;311;55;2.5;0;48;15.9;7.9
BLA;11.04.2023 00:00;3.8;7.3;1.3;2.9;6.8;0.7;83.9;6.7;845.5;;1495.2;;1017.8;1.4;7.6;5;27.4;7.3;26.3;;12.5;12.4;17;94;;;;88;0;0;1.2;0;56;16.2;8.2
BLA;12.04.2023 00:00;4.5;10.7;0.5;3.8;11.2;0;80;6.4;837.7;;1420;;1008.8;1.9;11.2;6.8;40.3;11;39.6;;8.1;9;12;119;;;;106;20;3;1.7;0;76;15.5;7.5
BLA;13.04.2023 00:00;-1;1.8;-3;-0.7;5.2;-3.7;78.7;4.4;835.3;;1399;;1006;1.7;9.5;6.1;34.2;8.6;31;;6.6;2.6;7;140;;;;111;53;9;1.3;0;225;21;13
BLA;14.04.2023 00:00;0.3;4.5;-3.9;1.2;8.7;-5;64.3;3.8;836.3;;1408;;1007.1;1.7;6.5;6.1;23.4;6.4;23;;1.6;4;18;266;;;;102;470;80;2.2;0;53;19.7;11.7
BLA;15.04.2023 00:00;0.5;1.8;-0.4;0.2;2.5;-0.8;93.7;5.9;837.9;;1424;;1009.1;1.4;11.6;5;41.8;10.4;37.4;;5.3;6.4;9;78;;;;74;0;0;0.9;0;220;19.5;11.5
BLA;16.04.2023 00:00;2.1;6.5;-0.8;2.1;9.5;-1.9;78.4;5.4;844.8;;1488.9;;1017;1.5;7.2;5.4;25.9;7;25.2;;0;0.5;10;134;;;;124;12;2;1.6;0;207;17.9;9.9
BLA;17.04.2023 00:00;2.5;7.8;-2.8;2.3;11.8;-4.7;65.1;4.5;844.5;;1486.5;;1016.7;1.3;5.9;4.7;21.2;5.7;20.5;;0;0;4;218;;;;65;317;54;2.2;0;51;17.5;9.5
BLA;18.04.2023 00:00;3.8;9.5;-1.8;3.4;13.6;-3.9;58.9;4.5;844.9;;1490.1;;1017.2;1.3;7.5;4.7;27;7.4;26.6;;0;0;0;239;;;;93;348;58;2.5;0;63;16.2;8.2
BLA;19.04.2023 00:00;4.4;10.6;-0.9;3.9;15.2;-3;57.8;4.6;844.3;;1484.3;;1016.5;1.5;8.5;5.4;30.6;8.2;29.5;;0;0;0;227;;;;71;344;57;2.5;0;49;15.6;7.6
BLA;20.04.2023 00:00;1.5;5.4;-0.3;1;6.9;-1.8;87.3;5.9;839;;1434;;1010.3;1.2;6.8;4.3;24.5;6.5;23.4;;6.8;6.8;0;71;;;;66;0;0;1.1;0;90;18.5;10.5
BLA;21.04.2023 00:00;3.8;9.4;-1.2;3.5;12.7;-2.6;75.2;5.9;841.2;;1454.3;;1012.9;1.5;6.7;5.4;24.1;6.3;22.7;;0;0;0;180;;;;148;61;10;2;0;180;16.2;8.2
BLA;22.04.2023 00:00;6.4;13;0.1;6.2;16.6;-1.7;69.4;6.5;842.7;;1468.4;;1014.7;1.5;10.3;5.4;37.1;9.7;34.9;;0.9;0.6;0;174;;;;115;151;25;2.2;0;40;13.6;5.6
BLA;23.04.2023 00:00;5.5;10.5;1.5;5.3;13.5;0.3;84.6;7.5;840.7;;1448.3;;1012.2;1.5;7.7;5.4;27.7;7;25.2;;5;4.1;0;122;;;;105;25;4;1.6;0;52;14.5;6.5
BLA;24.04.2023 00:00;3.8;8.3;1.2;4.1;13.1;0.2;72;5.6;840.3;;1445.8;;1011.9;1.6;10.2;5.8;36.7;10;36;;2.2;2.1;0;201;;;;111;239;39;2.2;0;214;16.2;8.2
BLA;25.04.2023 00:00;2;5.8;-0.8;2.4;9.8;-2.5;70.3;4.9;841.3;;1455.9;;1013;1.9;13.9;6.8;50;13.2;47.5;;1.8;3.1;3;192;;;;129;170;27;2;0;207;18;10
BLA;26.04.2023 00:00;4.2;10.4;-3.7;4.6;15;-6.1;45.4;3.6;844.2;;1483;;1016.3;1.5;10;5.4;36;9.7;34.9;;0;0;0;252;;;;106;291;47;2.7;0;90;15.8;7.8
BLA;27.04.2023 00:00;7.2;13.1;0.7;7.9;17.6;-1.1;50.4;4.8;846.7;;1506.6;;1019.2;1.7;6.7;6.1;24.1;6.5;23.4;;0.3;0;0;272;;;;99;586;94;3.2;0;48;12.8;4.8
BLA;28.04.2023 00:00;8.9;13.2;4.7;8.7;15.1;4.1;69.2;7.8;847.6;;1515.3;;1020.3;1.9;15;6.8;54;14.6;52.6;;18.3;9.7;0;77;;;;71;0;0;1.7;0;43;11.1;3.1
BLA;29.04.2023 00:00;7.8;13.4;3.7;9;20.9;1.1;85.4;8.9;846.1;;1501;;1018.6;1.6;6.6;5.8;23.8;6.3;22.7;;1.7;10.6;0;202;;;;138;183;28;2.4;0;360;12.2;4.2
BLA;30.04.2023 00:00;7.1;13.9;1.8;8;20.9;-0.6;81;8;845.1;;1491;;1017.4;1.5;6.9;5.4;24.8;6.6;23.8;;22;9.1;0;203;;;;118;265;40;2.5;0;225;12.9;4.9
BLA;01.05.2023 00:00;3.1;4.9;0.5;3.6;7.2;0;96.2;7.4;845.2;;1493.1;;1017.5;0.8;4.2;2.9;15.1;4;14.4;;9.9;22.8;0;77;;;;73;0;0;1;0;225;16.9;8.9
BLA;02.05.2023 00:00;5.9;11.1;1.1;7.3;18.8;-2.1;72;6.4;847.9;;1518.8;;1020.7;1.6;10.2;5.8;36.7;9.8;35.3;;0;0;0;252;;;;109;356;53;2.8;0;342;14.1;6.1
BLA;03.05.2023 00:00;8;16.5;-0.2;8.7;23.9;-3.6;48.7;4.6;849.1;;1530.4;;1022.1;1.4;6.7;5;24.1;6.3;22.7;;0;0;0;336;;;;35;664;99;3.9;0;41;12;4
BLA;04.05.2023 00:00;10.2;17.8;2;10.7;24.8;-1.8;45.4;5.1;849.7;;1535.4;;1022.7;1.7;7.8;6.1;28.1;7.6;27.4;;0;0;0;323;;;;59;631;93;4.1;0;42;9.8;1.8
BLA;05.05.2023 00:00;10.6;17.5;3.5;11.1;24.4;0.5;59.7;7.3;849.1;;1530.4;;1022.1;1.7;7.2;6.1;25.9;7.1;25.6;;0.3;0.2;0;237;;;;114;405;59;3.3;0;39;9.4;1.4
BLA;06.05.2023 00:00;11.1;17.1;6.3;11.8;25.8;3.6;62.6;7.9;847.6;;1515.4;;1020.3;1.9;11.4;6.8;41;10.8;38.9;;0.5;0.6;0;235;;;;129;282;41;3.4;0;35;8.9;0.9
BLA;07.05.2023 00:00;9.1;15.7;5.2;9.4;22.8;2.5;75.9;8.5;847.8;;1517.2;;1020.5;1.4;7.8;5;28.1;7.6;27.4;;12.8;12.8;0;154;;;;120;114;16;2.4;0;40;10.9;2.9
BLA;08.05.2023 00:00;9.3;14.7;5.3;10.4;24.5;4.2;79;9;849.7;;1535.8;;1022.7;1.3;7.4;4.7;26.6;6.8;24.5;;0;0;0;190;;;;133;145;21;2.6;0;270;10.7;2.7
BLA;09.05.2023 00:00;8.7;14.8;4.4;9.4;21;2.2;80.6;8.8;845.9;;1498.3;;1018.3;1.2;5.3;4.3;19.1;5;18;;8.6;8.5;0;164;;;;117;169;24;2.3;0;45;11.3;3.3
BLA;10.05.2023 00:00;6.7;12.1;3.3;8.2;22.3;1.4;76;7.3;843.4;;1474.3;;1015.4;1.8;12.7;6.5;45.7;12;43.2;;0.7;0.8;0;214;;;;136;155;22;2.7;0;31;13.3;5.3
BLA;11.05.2023 00:00;5.6;10.2;2.6;6.5;18.8;0;71.9;6.4;841.9;;1460.2;;1013.7;1.4;9.9;5;35.6;8.8;31.7;;0;0;0;175;;;;159;23;3;2.2;0;225;14.4;6.4
BLA;12.05.2023 00:00;5.2;10.2;0;5.9;18.8;-2.7;80.6;7;841.7;;1458.1;;1013.4;1.5;9.3;5.4;33.5;9.2;33.1;;0.5;0.5;0;202;;;;137;183;26;2.2;0;207;14.8;6.8
BLA;13.05.2023 00:00;6;11.5;1.7;6.8;21.3;-0.8;82.1;7.5;844.1;;1481.7;;1016.2;1.7;7.7;6.1;27.7;7.5;27;;1.8;1.8;0;184;;;;133;114;16;2.3;0;217;14;6
BLA;14.05.2023 00:00;5.9;11.3;1.8;7;21;-1;82.6;7.6;842.8;;1468.6;;1014.7;1.5;9.1;5.4;32.8;8.7;31.3;;1.5;0.9;0;191;;;;134;103;14;2.3;0;41;14.1;6.1
BLA;15.05.2023 00:00;6.9;12.5;2.2;7.7;23.8;-1.4;68.7;6.5;841.7;;1458.1;;1013.5;1.7;8.2;6.1;29.5;7.7;27.7;;0;0.6;0;225;;;;151;156;22;2.8;0;270;13.1;5.1
BLA;16.05.2023 00:00;6.3;11;1.9;6.6;19.3;-1.7;67.4;6.2;840.8;;1449.4;;1012.4;1.8;10.7;6.5;38.5;10.1;36.4;;0;0;0;178;;;;145;57;8;2.4;0;37;13.7;5.7
BLA;17.05.2023 00:00;5.4;11;0.4;6.7;19.3;-2.3;75.3;6.6;844.2;;1483.2;;1016.4;1.9;8.6;6.8;31;8;28.8;;0;0;0;286;;;;147;452;63;3;0;219;14.6;6.6
BLA;18.05.2023 00:00;6.4;12.8;0.4;7.4;21.2;-2.9;84.3;8;846;;1500.5;;1018.5;1.7;7.9;6.1;28.4;7.4;26.6;;3.2;2.9;0;209;;;;140;237;33;2.4;0;228;13.6;5.6
BLA;19.05.2023 00:00;8.1;12.6;4.8;9;17;4.1;82.9;8.7;846;;1499.9;;1018.4;1.3;7.5;4.7;27;6.8;24.5;;0.3;0.6;0;129;;;;122;0;0;1.9;0;135;11.9;3.9
BLA;20.05.2023 00:00;7.9;12.7;4.9;8.2;18.3;3.7;84.7;8.9;844.8;;1488.4;;1017.1;1.3;5.4;4.7;19.4;5.2;18.7;;2.1;2.1;0;113;;;;103;8;1;1.8;0;90;12.1;4.1
BLA;21.05.2023 00:00;10.8;16.4;6.2;11.3;24.9;4.2;71.2;8.9;845;;1489.8;;1017.3;1.6;7.3;5.8;26.3;7;25.2;;0;0;0;201;;;;160;75;10;3;0;180;9.2;1.2
BLA;22.05.2023 00:00;12.2;18.5;4.3;12.9;27.7;-0.1;58.3;7.9;846.2;;1501.4;;1018.7;1.4;7.3;5;26.3;6.8;24.5;;0;0;0;283;;;;109;498;69;3.8;0;360;0;0
BLA;23.05.2023 00:00;12.3;19.1;5;13.2;30.3;0.3;65;8.9;846.8;;1507.6;;1019.4;1.6;10.4;5.8;37.4;10.1;36.4;;0;0;0;322;;;;130;467;65;4.3;0;297;0;0
BLA;24.05.2023 00:00;10.1;15.7;5;10.1;22.3;0.6;77.7;9.4;845.8;;1497.7;;1018.2;1.3;10.4;4.7;37.4;9.4;33.8;;7.4;0.7;0;159;;;;119;89;12;2.4;0;214;9.9;1.9
BLA;25.05.2023 00:00;9.7;16.6;5;10.5;24.6;1.1;75.8;8.8;848.7;;1526.7;;1021.6;1.4;9.2;5;33.1;8.3;29.9;;0.2;6.9;0;227;;;;112;309;43;3.1;0;360;10.3;2.3
BLA;26.05.2023 00:00;12;19.7;3.6;12.6;28;-0.8;59.6;7.8;851.5;;1553.9;;1024.9;1.4;9;5;32.4;8.4;30.2;;0;0;0;357;;;;70;720;99;4.6;0;315;8;0
BLA;27.05.2023 00:00;12.1;19.2;5.6;12.1;28.4;0.8;66.2;8.9;849.8;;1536.5;;1022.8;1.6;8.8;5.8;31.7;8;28.8;;1.2;1.2;0;256;;;;101;415;57;3.7;0;30;0;0
BLA;28.05.2023 00:00;11.8;18.2;5.5;11.8;28.8;1.3;60.9;8;846.7;;1506.1;;1019.2;1.6;9.1;5.8;32.8;8.2;29.5;;0;0;0;282;;;;121;531;73;3.9;0;22;8.2;0.2
BLA;29.05.2023 00:00;12.2;19.1;4.2;12.4;27.6;-0.9;58.1;7.7;846.5;;1504.3;;1019;1.4;7.5;5;27;7.2;25.9;;0;0;0;302;;;;94;610;84;4.1;0;27;0;0
BLA;30.05.2023 00:00;12.1;19.3;6;11.9;28.5;0.5;61.1;8.2;847.4;;1513.5;;1020.1;1.7;12.3;6.1;44.3;10.9;39.2;;0;0;0;297;;;;107;549;76;4.2;0;11;0;0
BLA;31.05.2023 00:00;11.4;17.4;5.9;11.5;29.1;0.2;62.3;8;847.9;;1518.4;;1020.7;1.6;9.3;5.8;33.5;9.1;32.8;;0;0;0;255;;;;120;345;47;3.6;0;45;8.6;0.6
BLA;01.06.2023 00:00;12.1;19.6;5.3;12.1;29.4;0.2;60.3;8.1;847.8;;1517.2;;1020.6;1.4;10.4;5;37.4;9.2;33.1;;0;0;0;248;;;;131;339;47;3.7;0;360;0;0
BLA;02.06.2023 00:00;13;19.9;5.6;13.7;28;-0.4;64.4;9.1;846;;1498.7;;1018.4;1.5;9.8;5.4;35.3;9;32.4;;0.3;0.3;0;295;;;;85;561;77;4.1;0;217;0;0
BLA;03.06.2023 00:00;11.5;17.7;5.5;11.5;28.8;-0.1;69.8;9.1;846.8;;1507.2;;1019.4;1.5;11.5;5.4;41.4;10.6;38.2;;0;0;0;246;;;;104;379;52;3.5;0;225;8.5;0.5
BLA;04.06.2023 00:00;11.2;18;5;11.7;27.3;-0.6;72.4;9.3;847.4;;1513.6;;1020.1;1.4;7.9;5;28.4;7.2;25.9;;0;0;0;235;;;;115;315;43;3.3;0;211;8.8;0.8
BLA;05.06.2023 00:00;10.8;18.1;4;11;31.3;-1.8;66.9;8.2;846.7;;1505.9;;1019.2;1.7;11.1;6.1;40;10.7;38.5;;0;0;0;303;;;;88;531;73;4;0;270;9.2;1.2
BLA;06.06.2023 00:00;11.9;18.7;3.9;11.8;26.5;-1;58.9;7.7;847.1;;1510.5;;1019.8;1.4;13;5;46.8;12.3;44.3;;0;0;0;324;;;;90;571;78;4.3;0;360;8.1;0.1
BLA;07.06.2023 00:00;12.4;19.9;5.4;12.4;27.5;0.8;59.6;8;847.4;;1513.5;;1020.1;1.4;10;5;36;9.6;34.6;;0.9;0.9;0;306;;;;103;539;74;4.3;0;207;0;0
BLA;08.06.2023 00:00;11.1;18.1;5;11;25.5;1;73.9;9.4;846.4;;1502.8;;1018.9;1.4;9.4;5;33.8;8.6;31;;1.5;1.5;0;224;;;;114;291;40;3.2;0;56;8.9;0.9
BLA;09.06.2023 00:00;12.3;20;4.7;12.6;27.5;0.2;73;9.8;844.8;;1486.9;;1017;1.2;5.8;4.3;20.9;5.5;19.8;;5.7;2.6;0;241;;;;83;399;55;3.5;0;180;0;0
BLA;10.06.2023 00:00;12.2;17.2;8.3;13.3;25;4.8;86.1;12.2;845.6;;1495.6;;1018;1.3;7.6;4.7;27.4;6.9;24.8;;0;3.1;0;211;;;;121;244;33;3;0;233;0;0
BLA;11.06.2023 00:00;13.6;21.5;6.1;14.3;30.1;1.8;68.6;10.1;846;;1499.1;;1018.5;1.6;9.4;5.8;33.8;8.8;31.7;;0;0;0;352;;;;88;636;86;4.9;0;225;0;0
BLA;12.06.2023 00:00;14.1;21.2;6.2;15.2;29.7;1.9;68.3;10.4;844.9;;1487.7;;1017.2;1.7;7.9;6.1;28.4;7.8;28.1;;5.9;5.9;0;337;;;;91;580;79;4.7;0;225;0;0
BLA;13.06.2023 00:00;12.6;19.3;8.6;13.4;27.2;7.2;83.4;12;842.4;;1462.8;;1014.2;1.2;8.4;4.3;30.2;7.9;28.4;;0;0;0;179;;;;137;71;10;2.8;0;214;0;0
BLA;14.06.2023 00:00;12.8;19.9;6.3;14;28.5;1.4;65.7;9.2;844;;1478.9;;1016.1;2;15.1;7.2;54.4;14.1;50.8;;0;0;0;351;;;;79;630;85;4.8;0;27;0;0
BLA;15.06.2023 00:00;11.7;18.3;4.6;12.2;26.6;0.3;54.9;7.1;848;;1519.5;;1020.8;1.7;8.9;6.1;32;8;28.8;;0;0;0;281;;;;93;503;68;4;0;32;8.3;0.3
BLA;16.06.2023 00:00;11.3;17;5;11.1;24.8;1;56.9;7.2;849.3;;1531.6;;1022.2;1.5;8.1;5.4;29.2;8;28.8;;0;0;0;211;;;;104;261;35;3.2;0;63;8.7;0.7
BLA;17.06.2023 00:00;13.2;20.3;4.8;13.7;27.7;0.9;52.9;7.4;848.6;;1525.2;;1021.5;1.4;9.5;5;34.2;9.2;33.1;;0;0;0;350;;;;84;711;96;4.8;0;90;0;0
BLA;18.06.2023 00:00;14.6;23;6.5;14.7;30.5;1.9;58.4;9.1;848.3;;1521.7;;1021.1;1.3;7.4;4.7;26.6;6.9;24.8;;0;0;0;287;;;;104;456;62;4.4;0;214;0;0
BLA;19.06.2023 00:00;15.4;22.5;8.6;15.9;30.1;5.2;65.9;11.2;848.9;;1528.3;;1021.9;1.4;10.2;5;36.7;9.7;34.9;;0;0;0;255;;;;115;365;49;4;0;225;0;0
BLA;20.06.2023 00:00;16.3;23.4;9.9;17;30.1;7;71.6;12.7;849.4;;1532.9;;1022.4;1.5;7.4;5.4;26.6;6.9;24.8;;1.5;1.5;0;262;;;;139;435;59;4.2;0;207;0;0
BLA;21.06.2023 00:00;16.4;24.3;8.8;16.8;30;6.9;69.5;12.2;851.9;;1558.1;;1025.3;1.4;6.8;5;24.5;6.5;23.4;;0.9;0.9;0;229;;;;149;353;48;3.8;0;90;0;0
BLA;22.06.2023 00:00;15;22.2;9.4;14.6;27.5;8.5;75.1;12.5;851.1;;1549.9;;1024.4;1.6;18.9;5.8;68;17.3;62.3;;18.7;16.1;0;132;;;;106;67;9;2.7;0;180;0;0
BLA;23.06.2023 00:00;13;18.1;6.6;14.1;24.8;2.7;65.2;9.2;853.8;;1576.5;;1027.5;2.1;13.1;7.6;47.2;13;46.8;;0;2.6;0;333;;;;83;561;76;4.4;0;162;0;0
BLA;24.06.2023 00:00;14;22.9;4.6;14.5;27.8;0.4;61.9;9.2;852.6;;1564.7;;1026.1;1.4;7.2;5;25.9;6.7;24.1;;0;0;0;357;;;;45;739;100;5;0;236;0;0
BLA;25.06.2023 00:00;16.2;24.5;7.9;16.6;30.7;3.3;60.8;10.4;851.2;;1550.8;;1024.5;1.6;12.7;5.8;45.7;11.6;41.8;;0;0;0;358;;;;53;722;98;5.4;0;225;0;0
BLA;26.06.2023 00:00;16.7;23.7;9;17;30.6;4.7;57.2;10.3;851.7;;1556;;1025.1;1.6;11.9;5.8;42.8;11.3;40.7;;0;0;0;334;;;;80;642;87;5.1;0;27;0;0
BLA;27.06.2023 00:00;14.2;20.9;8.2;14.2;26.4;4.6;66.9;10.4;850.2;;1540.3;;1023.3;1.6;12.8;5.8;46.1;12.4;44.6;;0;0;0;253;;;;127;417;57;3.9;0;360;0;0
BLA;28.06.2023 00:00;13.3;21.9;5.9;13.7;29;2.9;66.2;9.7;849;;1528.5;;1021.9;1.3;7.7;4.7;27.7;7.6;27.4;;0;0;0;264;;;;137;327;44;4;0;360;0;0
BLA;29.06.2023 00:00;13.6;22.5;7.5;14;29.8;4.4;76.5;11.5;848.6;;1525;;1021.5;1.5;7.9;5.4;28.4;7.5;27;;24.7;23.9;0;198;;;;72;351;48;3.4;0;162;0;0
BLA;30.06.2023 00:00;11.6;14.5;8.2;12.2;18.7;6.6;93.1;12.7;845.5;;1494.8;;1017.9;1.3;5.2;4.7;18.7;5;18;;1.7;2.5;0;125;;;;117;10;1;1.8;0;225;8.4;0.4
BLA;01.07.2023 00:00;11.4;16;6.6;12.7;23;5;85.9;11.4;844.9;;1488.5;;1017.2;1.1;6.7;4;24.1;6.3;22.7;;1.9;1.9;0;193;;;;108;183;25;2.7;0;225;8.6;0.6
BLA;02.07.2023 00:00;13.7;19.8;8.3;14.8;26;6;75.7;11.4;846.3;;1502.4;;1018.8;1.4;5.9;5;21.2;5.6;20.2;;0;0;0;220;;;;162;124;17;3.4;0;214;0;0
BLA;03.07.2023 00:00;13.3;21.4;6.1;14.3;28.4;3.5;69.5;10;847.7;;1515.9;;1020.4;1.6;10.1;5.8;36.4;9.4;33.8;;0;0;0;361;;;;72;657;90;4.9;0;220;0;0
BLA;04.07.2023 00:00;13.8;22;6.7;14.8;28.3;3.3;64.5;9.6;847.9;;1518.3;;1020.7;1.6;8.2;5.8;29.5;8.1;29.2;;0;0;0;348;;;;70;658;90;4.9;0;219;0;0
BLA;05.07.2023 00:00;13.7;20.2;8.3;13.6;25.6;5.3;63.5;9.6;848.1;;1520.3;;1020.9;1.4;12.7;5;45.7;11.8;42.5;;0.9;0.1;0;151;;;;106;142;19;2.8;0;270;0;0
BLA;06.07.2023 00:00;11.4;19.1;7.3;11.7;25.6;4.1;81;10.7;849.8;;1536.4;;1022.8;1.4;7.8;5;28.1;7.3;26.3;;2.8;3.6;0;191;;;;78;267;37;3;0;45;8.6;0.6
BLA;07.07.2023 00:00;15.2;23.3;6.4;15.6;31.3;2.8;58.3;9.2;852.4;;1562.5;;1025.8;1.1;5.6;4;20.2;5.5;19.8;;0.3;0;0;300;;;;91;510;70;4.4;0;153;0;0
BLA;08.07.2023 00:00;16.1;23.9;9.7;15.7;30.4;6.7;60.7;10.4;853.7;;1575.4;;1027.3;1.6;9.2;5.8;33.1;8.6;31;;0.1;0.4;0;237;;;;109;280;38;4.1;0;45;0;0
BLA;09.07.2023 00:00;18.5;26.6;9.6;18.2;33.1;5.1;49.1;9.7;855.4;;1593.5;;1029.4;1.1;7.1;4;25.6;6.9;24.8;;0;0;0;313;;;;76;615;84;4.9;0.2;117;0;0
BLA;10.07.2023 00:00;19.2;26.8;11.2;18.6;32;8;55.8;11.5;855.5;;1594.4;;1029.5;1.5;9.9;5.4;35.6;9.4;33.8;;0;0;0;283;;;;102;504;69;4.8;0.9;236;0;0
BLA;11.07.2023 00:00;19.4;29.4;10.9;19.4;34.1;6.5;55.6;11.1;851.9;;1557.6;;1025.3;1.9;12.8;6.8;46.1;12.1;43.6;;12.3;6.8;0;320;;;;55;610;84;5.7;1.1;225;0;0
BLA;12.07.2023 00:00;16.2;23.4;11.7;16.8;32.1;10.5;80.9;14.6;849.2;;1531.1;;1022.2;1.7;13.9;6.1;50;13.3;47.9;;6.9;11.5;0;179;;;;111;165;23;3.2;0;90;0;0
BLA;13.07.2023 00:00;13.4;19.8;7.7;14.2;28.5;4.6;78.5;11.8;850.3;;1541.7;;1023.4;1.2;9.9;4.3;35.6;9.6;34.6;;2.1;3;0;218;;;;107;293;40;3.2;0;90;0;0
BLA;14.07.2023 00:00;15.5;24;6.1;15.8;29.3;3;64.7;10.7;849.6;;1534.8;;1022.6;1.5;8;5.4;28.8;7.3;26.3;;0;0;0;341;;;;55;726;100;4.9;0;225;0;0
BLA;15.07.2023 00:00;17.1;24.8;9.1;17.1;30.9;5.8;66.3;12.4;848.9;;1527.7;;1021.8;1.3;6.4;4.7;23;6.2;22.3;;0;0;0;255;;;;64;473;65;4.1;0;162;0;0
BLA;16.07.2023 00:00;17.5;24.6;11.5;18.5;30.2;8.6;71.8;13.9;850;;1538.9;;1023.1;1.6;8.8;5.8;31.7;8.5;30.6;;0;0;0;297;;;;124;450;62;4.7;0;230;0;0
BLA;17.07.2023 00:00;18.7;26;11.1;18.5;29.7;8.6;56.8;11.1;852.8;;1567.2;;1026.4;2.7;16.6;9.7;59.8;15.2;54.7;;0;0;0;318;;;;85;606;84;5.6;0.4;217;0;0
BLA;18.07.2023 00:00;19.7;29.2;11.1;18.6;35.2;6.7;51.6;11.3;852.2;;1560.7;;1025.6;2.1;21.9;7.6;78.8;20.8;74.9;;4;0.7;0;239;;;;98;438;60;4.9;1.4;135;0;0
BLA;19.07.2023 00:00;17.1;22.4;9.6;15.8;26.9;4.5;66.2;12.8;849.4;;1532.4;;1022.3;1.4;9.4;5;33.8;8.8;31.7;;1.6;4.9;0;127;;;;87;98;14;2.5;0;117;0;0
BLA;20.07.2023 00:00;15.3;23.6;7.4;15.6;30.9;2.4;57.9;9.5;846.7;;1505.4;;1019.2;1.4;9.8;5;35.3;9.2;33.1;;0;0;0;323;;;;59;674;93;4.8;0;219;0;0
BLA;21.07.2023 00:00;13.1;18.4;8.6;12.6;23.3;5.9;72.7;10.7;845.7;;1495.9;;1018.1;1.7;12;6.1;43.2;10.6;38.2;;6.6;6.6;0;127;;;;81;116;16;2.4;0;49;0;0
BLA;22.07.2023 00:00;12.7;19.8;7.4;13;28.4;2.7;70.8;9.9;848.7;;1525.7;;1021.6;1.4;8.5;5;30.6;8.1;29.2;;0;0;0;255;;;;109;384;53;3.7;0;225;0;0
BLA;23.07.2023 00:00;14.7;22.9;6.3;13.9;29.9;1.2;55.1;8.5;849;;1528.6;;1021.9;1.8;14;6.5;50.4;12.8;46.1;;3.2;0;0;296;;;;111;572;79;4.6;0;220;0;0
BLA;24.07.2023 00:00;12.9;18.8;10.3;12.5;22.5;6.2;87.4;13.1;844.9;;1488;;1017.1;1.5;7;5.4;25.2;6.6;23.8;;24.5;19.5;0;100;;;;79;43;6;2;0;90;0;0
BLA;25.07.2023 00:00;10.2;14.6;6.2;11.1;21.2;5.8;86;10.6;841.3;;1453.5;;1013;1.5;7.1;5.4;25.6;6.6;23.8;;4.2;12.3;0;149;;;;102;113;16;2.1;0;76;9.8;1.8
BLA;26.07.2023 00:00;8;13.4;4.5;8.1;21.7;0.5;75.2;7.8;846.9;;1508.4;;1019.5;1.4;10.1;5;36.4;9.2;33.1;;0;0.1;0;144;;;;107;79;11;2.2;0;135;12;4
BLA;27.07.2023 00:00;11.8;21.9;2.7;12;30.9;-1.4;63.9;8.4;846.8;;1507;;1019.4;1.2;7.5;4.3;27;7.1;25.6;;0;0;0;260;;;;119;385;54;3.7;0;252;8.2;0.2
BLA;28.07.2023 00:00;15.4;21.4;9.5;15.3;29;6.1;63;10.6;846.8;;1506.9;;1019.4;1.4;9;5;32.4;8.8;31.7;;0;0;0;190;;;;132;152;21;3.2;0;236;0;0
BLA;29.07.2023 00:00;13;16.8;10.5;12.5;18;8.7;86.6;12.9;848.4;;1523.4;;1021.3;1.3;7.4;4.7;26.6;7.3;26.3;;14.3;14.3;0;47;;;;44;6;1;1.3;0;59;0;0
BLA;30.07.2023 00:00;13.3;19.6;6.9;14.4;29;2.8;74.4;10.8;849.1;;1530.1;;1022.1;1.4;8.1;5;29.2;7.3;26.3;;0;0;0;269;;;;98;450;64;3.7;0;198;0;0
BLA;31.07.2023 00:00;13.6;20.3;5.3;15;30.8;1.3;71.1;10.8;847.8;;1517.2;;1020.6;1.1;5.7;4;20.5;5.4;19.4;;0;0;0;276;;;;109;442;63;3.7;0;214;0;0
BLA;01.08.2023 00:00;12.9;17.4;9.7;12.2;19.5;8.8;74.5;10.9;842.8;;1467.2;;1014.7;1.6;14.1;5.8;50.8;12.8;46.1;;1.2;1.1;0;72;;;;63;10;1;1.8;0;270;0;0
BLA;02.08.2023 00:00;16.1;24;9.4;16.5;30.7;6.2;67.5;11.5;841.1;;1449.3;;1012.8;2.2;13.4;7.9;48.2;12.7;45.7;;2.7;2.8;0;216;;;;79;294;42;3.9;0;225;0;0
BLA;03.08.2023 00:00;13.2;19.8;6.8;14.5;28.6;1.9;62.4;8.8;841.8;;1457;;1013.5;1.7;7.2;6.1;25.9;6.9;24.8;;0;0;0;326;;;;48;659;95;4.4;0;225;0;0
BLA;04.08.2023 00:00;10.5;17;5.6;11.6;30;1.4;75.4;9.3;843.7;;1476.9;;1015.8;1.6;12.1;5.8;43.6;11.5;41.4;;2.8;1.5;0;232;;;;109;275;40;3.1;0;225;9.5;1.5
BLA;05.08.2023 00:00;10.8;16.3;6.8;13.2;26.8;6.2;74.4;9.2;844.8;;1487.6;;1017;1.5;10.6;5.4;38.2;10.3;37.1;;0.2;1.5;0;274;;;;91;437;64;3.5;0;217;9.2;1.2
BLA;06.08.2023 00:00;7.3;10.6;4.4;8.3;18.1;3.6;83.7;8.6;845.4;;1493.7;;1017.7;1.7;7.9;6.1;28.4;7.5;27;;1.4;1.4;0;155;;;;116;96;14;1.9;0;225;12.7;4.7
BLA;07.08.2023 00:00;6.9;12.4;2.8;7.9;23.5;-1.5;70.3;6.7;849.5;;1534.1;;1022.5;1.8;11.1;6.5;40;10.4;37.4;;0;0;0;227;;;;105;279;42;2.8;0;189;13.1;5.1
BLA;08.08.2023 00:00;10.3;17.1;2.5;10.9;24.3;-1.6;61.8;7.4;849.3;;1531.6;;1022.2;1.1;9;4;32.4;8.8;31.7;;0;0;0;193;;;;163;62;9;2.7;0;180;9.7;1.7
BLA;09.08.2023 00:00;12.9;20;7.3;13;27;4.3;65.9;9.4;850.4;;1543.1;;1023.6;2.1;14.4;7.6;51.8;13.8;49.7;;0;0;0;223;;;;122;256;39;3.5;0;217;0;0
BLA;10.08.2023 00:00;15.1;24.2;6.3;15.5;32;2.6;60.5;9.8;852.6;;1564.8;;1026.1;1.3;9.7;4.7;34.9;9.3;33.5;;0;0;0;274;;;;63;535;82;4.1;0;0;0;0
BLA;11.08.2023 00:00;16.9;25.2;8.8;17.8;32.4;5.1;61.8;11.2;854.8;;1586.6;;1028.6;1.2;7.7;4.3;27.7;7.3;26.3;;0;0;0;306;;;;46;658;100;4.5;0;0;0;0
BLA;12.08.2023 00:00;15.8;24;10.4;15.8;32.8;7.9;77.7;13.6;854.3;;1581.7;;1028.1;1.1;12.9;4;46.4;12.1;43.6;;8.6;8.6;0;143;;;;95;110;17;2.6;0;45;0;0
BLA;13.08.2023 00:00;17.3;26;9.5;17.6;32.5;6.9;67.5;12.5;852.7;;1566;;1026.2;1.2;8.3;4.3;29.9;8;28.8;;0.5;0.4;0;247;;;;88;416;67;3.9;0;180;0;0
BLA;14.08.2023 00:00;17.6;25.5;12.1;18.3;31.7;10.4;73.3;13.9;852;;1558.6;;1025.4;1.5;8.2;5.4;29.5;7.7;27.7;;4.3;4.4;0;218;;;;80;369;59;3.7;0;180;0;0
BLA;15.08.2023 00:00;15.7;25;10.4;16.2;31.2;8.1;80.4;13.7;852.3;;1561.7;;1025.8;1.3;7.9;4.7;28.4;7.7;27.7;;2.8;2.8;0;224;;;;78;372;60;3.6;0;90;0;0
BLA;16.08.2023 00:00;16.9;25.8;10.3;17.5;32.7;7.5;69.5;12.5;852.4;;1562.5;;1025.8;1.4;12.1;5;43.6;10.9;39.2;;1.8;1.8;0;252;;;;74;445;72;4;0;180;0;0
BLA;17.08.2023 00:00;14.4;20.7;9.9;13.9;26.2;7.8;77.3;12.5;852.2;;1560.7;;1025.6;1.1;8.4;4;30.2;7.9;28.4;;0;0;0;119;;;;96;78;13;2.2;0;63;0;0
BLA;18.08.2023 00:00;17.2;25.9;9.4;17.7;32.3;6.4;61;11;851.4;;1553;;1024.7;1.2;7;4.3;25.2;6.8;24.5;;0;0;0;289;;;;59;611;100;4.3;0;90;0;0
BLA;19.08.2023 00:00;18.2;26.3;10.6;18;33.5;6.8;56.8;11.1;853.5;;1573.7;;1027.1;1.5;11.7;5.4;42.1;10.8;38.9;;0;0;0;267;;;;86;528;87;4.3;0;27;0;0
BLA;20.08.2023 00:00;18.9;27.5;11.3;18.9;34.7;7.7;58.5;12;855.7;;1596.4;;1029.7;1.3;9.4;4.7;33.8;8.9;32;;0;0;0;276;;;;53;581;96;4.4;0.6;34;0;0
BLA;21.08.2023 00:00;19.4;28.2;12.5;19.5;34.8;9;59;12.3;856.4;;1603.6;;1030.6;1.2;9.2;4.3;33.1;9.1;32.8;;0;0;0;273;;;;38;606;100;4.4;1.1;45;0;0
BLA;22.08.2023 00:00;20.1;28.9;12;19.8;34;9;57.6;12.6;855;;1589.6;;1028.9;1.4;9.6;5;34.6;9.2;33.1;;0;0;0;264;;;;38;568;95;4.4;1.8;135;0;0
BLA;23.08.2023 00:00;19.9;28.5;13.2;19.3;34.9;9.6;51.8;11;854.2;;1581.5;;1028;1.4;8.3;5;29.9;8;28.8;;0;0;0;249;;;;58;565;95;4.3;1.6;72;0;0
BLA;24.08.2023 00:00;18.3;30.4;11.8;17.9;36.2;8.4;61.8;11.7;852.5;;1563.5;;1026;1.5;11.1;5.4;40;10.7;38.5;;11.4;11.4;0;226;;;;59;420;71;4.2;0;27;0;0
BLA;25.08.2023 00:00;17.2;24.6;11.4;17.4;31;8.7;75.5;14.4;849.1;;1529.5;;1022;1.2;9.2;4.3;33.1;8.9;32;;2.4;2.4;0;183;;;;87;361;61;3;0;90;0;0
BLA;26.08.2023 00:00;13;17.3;9.6;12.7;22;7.5;88.1;13.1;846.6;;1504.7;;1019.1;1.3;8;4.7;28.8;7.7;27.7;;12.5;4.6;0;100;;;;61;163;28;1.7;0;90;0;0
BLA;27.08.2023 00:00;10.7;13.9;9;11.4;20.1;9.1;94.4;12.1;843.1;;1471.1;;1015.1;1.3;7.1;4.7;25.6;6.8;24.5;;20.2;10.8;0;87;;;;83;1;0;1.4;0;225;9.3;1.3
BLA;28.08.2023 00:00;6;9;1.9;6.5;10.2;2.1;95.8;9;839.3;;1435.1;;1010.7;1.4;6.2;5;22.3;6.1;22;;13.9;31.2;0;57;;;;55;0;0;0.8;0;221;14;6
BLA;29.08.2023 00:00;6.8;10.6;3.2;7.6;13.7;0.6;86.1;8.4;840.5;;1446.2;;1012;1.4;7.7;5;27.7;7.5;27;;0;0;0;143;;;;136;0;0;1.7;0;221;13.2;5.2
BLA;30.08.2023 00:00;7.2;12.4;1.8;7.7;20.6;-0.6;83.8;8.4;842.2;;1462.6;;1014;1.2;5.3;4.3;19.1;4.9;17.6;;0;0;0;154;;;;119;119;21;1.8;0;225;12.8;4.8
BLA;31.08.2023 00:00;10.2;14.6;5.4;10.8;20.7;3.4;76.5;9.4;847;;1509;;1019.6;1.2;5.9;4.3;21.2;5.1;18.4;;0.3;0.3;0;137;;;;111;70;12;1.9;0;45;9.8;1.8
BLA;01.09.2023 00:00;12.7;21.7;6;13.1;28.9;3.7;74.2;10.3;849.8;;1536.7;;1022.8;1.2;10.7;4.3;38.5;9.7;34.9;;0;0;0;233;;;;71;438;78;3.1;0;225;0;0
BLA;02.09.2023 00:00;13.4;21.4;6.9;13.5;28;4.3;74.3;10.9;852.7;;1565.9;;1026.3;1.3;8.3;4.7;29.9;7.9;28.4;;0;0;0;236;;;;50;502;89;3.2;0;198;0;0
BLA;03.09.2023 00:00;14.5;22.4;7.7;14.5;28.1;4.8;72.1;11.4;856.4;;1602.1;;1030.5;1.3;6.5;4.7;23.4;6.2;22.3;;0;0;0;229;;;;83;525;94;3.2;0;207;0;0
BLA;04.09.2023 00:00;15.8;24.6;8.8;15.6;30.7;5.3;64.3;10.9;855.1;;1589.8;;1029.1;1.1;5.3;4;19.1;5.2;18.7;;0;0;0;241;;;;35;538;96;3.4;0;180;0;0
BLA;05.09.2023 00:00;15.7;24.7;9;15.5;30.4;5.7;69.5;12;852.7;;1565.5;;1026.2;1.1;5.4;4;19.4;5.1;18.4;;0;0;0;235;;;;26;541;98;3.3;0;180;0;0
BLA;06.09.2023 00:00;15.6;24;9.7;15.6;29.8;6.8;77.1;13.2;852.6;;1565;;1026.2;1.1;5.3;4;19.1;5;18;;0;0;0;232;;;;27;540;99;3.2;0;225;0;0
BLA;07.09.2023 00:00;15.5;24.1;9.1;15.2;29.5;5.2;69.8;11.6;852.6;;1564.6;;1026.1;1;5.4;3.6;19.4;5.2;18.7;;0;0;0;232;;;;27;530;97;3.2;0;180;0;0
BLA;08.09.2023 00:00;15.7;23.5;10;15.6;28.7;6.7;78.6;13.6;852.3;;1562;;1025.8;1.2;6.5;4.3;23.4;6.3;22.7;;0;0;0;225;;;;34;517;97;3.1;0;194;0;0
BLA;09.09.2023 00:00;15.7;24.2;9.9;15.5;29.1;6.4;75.1;12.9;852.2;;1560.8;;1025.7;1.2;6.8;4.3;24.5;6.6;23.8;;0;0;0;223;;;;33;511;96;3.2;0;198;0;0
BLA;10.09.2023 00:00;15.8;24.5;9.9;15.3;29.2;6.8;71;12;852.5;;1563.4;;1025.9;1.3;7;4.7;25.2;6.6;23.8;;0;0;0;218;;;;32;506;97;3.2;0;194;0;0
BLA;11.09.2023 00:00;15.6;24.5;9.4;14.9;29.6;6.3;68.3;11.4;850;;1539.1;;1023.1;1.3;7.4;4.7;26.6;7.3;26.3;;0;0;0;214;;;;31;502;97;3.1;0;166;0;0
BLA;12.09.2023 00:00;14.7;22.9;9.6;14.2;30.2;6.8;72.2;11.7;849.3;;1531.4;;1022.2;1.4;8.5;5;30.6;8;28.8;;3;3;0;147;;;;79;197;38;2.5;0;135;0;0
BLA;13.09.2023 00:00;11.3;14;8.5;11.2;17.4;6.7;95.2;12.8;850;;1539.2;;1023.1;0.9;4.8;3.2;17.3;4.4;15.8;;4.1;4.1;0;53;;;;51;0;0;1;0;225;8.7;0.7
BLA;14.09.2023 00:00;12.8;18.3;10.3;14;28.4;10.2;90.5;13.2;850.7;;1545.3;;1023.9;1.1;5.9;4;21.2;5.6;20.2;;6.9;0.3;0;136;;;;82;157;31;1.9;0;207;0;0
BLA;15.09.2023 00:00;11.8;17.8;8.3;12.1;25.2;6.3;87;11.9;849.9;;1537.5;;1022.9;0.9;5.4;3.2;19.4;5.3;19.1;;0.5;7.1;0;113;;;;92;62;13;1.7;0;90;8.2;0.2
BLA;16.09.2023 00:00;12.7;19.6;7.1;12.8;25.8;4.2;80.9;11.7;849.3;;1531.6;;1022.2;1.2;6.3;4.3;22.7;6.2;22.3;;0;0;0;152;;;;52;250;53;2.1;0;108;0;0
BLA;17.09.2023 00:00;13.1;20.3;8.3;12.7;26.8;5.9;78.5;11.5;850;;1538.6;;1023.1;1.1;5.5;4;19.8;5.4;19.4;;0;0;0;150;;;;78;266;57;2.1;0;90;0;0
BLA;18.09.2023 00:00;11;14.8;8.1;10.3;16.7;6.5;90.7;11.9;847.3;;1512.6;;1020;1.2;9.4;4.3;33.8;9;32.4;;14.4;13.4;0;50;;;;47;2;0;1;0;90;9;1
BLA;19.09.2023 00:00;10.7;16.6;6.7;11.8;24.1;4;88.9;11.3;849;;1528.8;;1021.9;1.2;5.3;4.3;19.1;5;18;;0;1;0;194;;;;53;406;90;2.1;0;236;9.3;1.3
BLA;20.09.2023 00:00;11.5;18.7;5.3;11.2;24;2.3;81.3;10.7;846;;1499.6;;1018.5;1.2;5.6;4.3;20.2;5.5;19.8;;0;0;0;149;;;;70;270;60;1.9;0;166;8.5;0.5
BLA;21.09.2023 00:00;12.7;18.4;9.8;12.6;27.3;8.8;79.1;11.4;839;;1428.9;;1010.3;1.3;11.1;4.7;40;10.7;38.5;;8.7;6;0;92;;;;72;41;9;1.7;0;153;0;0
BLA;22.09.2023 00:00;9;13.5;5.7;9.6;22.6;4.4;87.9;10;838.6;;1426.2;;1009.8;1.1;6.2;4;22.3;5.8;20.9;;1;3.6;0;124;;;;66;155;35;1.5;0;214;11;3
BLA;23.09.2023 00:00;6.1;11.6;1;7;20;-2.6;76.9;7.1;846.5;;1504.9;;1019;1.7;11.5;6.1;41.4;10.8;38.9;;0;0.1;0;192;;;;68;403;92;1.8;0;216;13.9;5.9
BLA;24.09.2023 00:00;5.2;13.7;-0.6;4.6;21.1;-4.1;77.9;6.7;852.2;;1560.1;;1025.7;1.1;6.1;4;22;5.9;21.2;;0;0;0;176;;;;24;438;100;1.8;0;207;14.8;6.8
BLA;25.09.2023 00:00;7.6;17.6;1;6.3;23.6;-3.3;64.2;6.3;853;;1567.7;;1026.6;1.1;5.1;4;18.4;5;18;;0;0;0;176;;;;25;435;100;2.1;0;135;12.4;4.4
BLA;26.09.2023 00:00;9.9;19.4;3.8;8.6;25.7;-0.4;65.1;7.6;853.2;;1570;;1026.8;0.9;4.6;3.2;16.6;4.4;15.8;;0;0;0;167;;;;22;432;100;2;0;90;10.1;2.1
BLA;27.09.2023 00:00;10.8;20.5;4.7;9.6;25.9;1;70.7;8.7;852.4;;1562.3;;1025.9;1;5;3.6;18;4.8;17.3;;0;0;0;161;;;;27;429;100;2.1;0;90;9.2;1.2
BLA;28.09.2023 00:00;11.7;19.5;7.3;10.9;25;3.7;72.9;9.7;852.5;;1562.9;;1025.9;1;5.4;3.6;19.4;5;18;;0;0;0;150;;;;41;426;100;1.9;0;90;8.3;0.3
BLA;29.09.2023 00:00;12.5;21.5;6.2;11.7;27;2.3;71;9.9;854.6;;1584.2;;1028.4;1;5.7;3.6;20.5;5.6;20.2;;0;0;0;145;;;;36;284;68;2;0;117;0;0
BLA;30.09.2023 00:00;10.8;18;6;10.3;24.1;3.1;86;11;855.8;;1595;;1029.8;1.1;6.5;4;23.4;5.5;19.8;;0;0;0;151;;;;35;418;100;1.7;0;180;9.2;1.2
BLA;01.10.2023 00:00;10.6;20.8;4;9.2;26.9;0;69;8.4;856.9;;1605.7;;1031.1;0.9;5.2;3.2;18.7;5;18;;0;0;0;151;;;;22;416;100;1.9;0;90;9.4;1.4
BLA;02.10.2023 00:00;12.1;22.4;6.5;10.1;27.7;1.8;59.6;8;856.1;;1599;;1030.2;0.8;4.7;2.9;16.9;4.5;16.2;;0;0;0;148;;;;21;406;100;1.9;0;117;0;0
BLA;03.10.2023 00:00;12.8;22.6;7.3;11.3;27;2.9;68.1;9.5;854.7;;1585.4;;1028.6;1.3;9.1;4.7;32.8;8.8;31.7;;0.8;0.8;0;125;;;;47;235;59;2;0;180;0;0
BLA;04.10.2023 00:00;8.4;16;4.3;7.3;21.8;0.8;85.6;9.3;855.9;;1596.1;;1030;1;5.3;3.6;19.1;5;18;;0;0;0;128;;;;43;307;78;1.5;0;180;11.6;3.6
BLA;05.10.2023 00:00;8;16.7;2.8;6.7;23.1;-0.6;72.2;7.6;855.6;;1593.2;;1029.6;0.9;4.9;3.2;17.6;4.9;17.6;;0;0;0;139;;;;34;382;97;1.6;0;180;12;4
BLA;06.10.2023 00:00;8.5;18.5;2.7;6.6;24.5;-1.6;61.8;6.8;856.5;;1601.9;;1030.7;0.9;5.2;3.2;18.7;4.9;17.6;;0;0;0;122;;;;41;385;99;1.6;0;90;11.5;3.5
BLA;07.10.2023 00:00;10.2;20.8;3;7.8;26.1;-1.4;55.7;6.5;857.6;;1613.4;;1032;1.3;9.6;4.7;34.6;9.4;33.8;;0;0;0;110;;;;39;270;70;1.9;0;34;9.8;1.8
BLA;08.10.2023 00:00;12.2;21.8;6.8;10.4;27.5;2.9;58.7;7.8;858.7;;1624.3;;1033.2;1.3;8.7;4.7;31.3;8;28.8;;0;0;0;124;;;;35;372;98;2;0;40;0;0
BLA;09.10.2023 00:00;11.9;21.9;6.4;9.9;27.6;2.1;54.5;7.1;857.1;;1608.6;;1031.4;1.2;9.6;4.3;34.6;9.1;32.8;;0;0;0;127;;;;37;367;98;2;0;63;8.1;0.1
BLA;10.10.2023 00:00;11.3;22.1;6.3;9.1;26.8;1.4;54.1;6.9;855;;1587.6;;1028.9;0.8;8;2.9;28.8;7.4;26.6;;0;0;0;124;;;;40;345;93;1.7;0;56;8.7;0.7
BLA;11.10.2023 00:00;10.5;21;4.8;8.1;26.6;0.4;52.3;6.3;853.9;;1576.4;;1027.6;1;6.8;3.6;24.5;6.7;24.1;;0;0;0;127;;;;20;370;100;1.7;0;108;9.5;1.5
BLA;12.10.2023 00:00;10.2;19.1;5;7.8;25.2;0.4;54.2;6.6;853.1;;1568.7;;1026.6;0.9;4.9;3.2;17.6;4.6;16.6;;0;0;0;112;;;;38;232;64;1.5;0;90;9.8;1.8
BLA;13.10.2023 00:00;9.6;18.9;4.2;7.5;25.2;-0.2;57;6.6;850.7;;1545.8;;1023.9;1.1;6.8;4;24.5;6.5;23.4;;0;0;0;120;;;;19;360;100;1.6;0;135;10.4;2.4
BLA;14.10.2023 00:00;9.3;12.4;5.7;8.5;12.7;3.8;86.8;10.2;847.7;;1516;;1020.4;1;7.6;3.6;27.4;7.5;27;;4.2;4.2;0;41;;;;38;0;0;0.8;0;63;10.7;2.7
BLA;15.10.2023 00:00;4.1;10;-0.7;3.1;16.5;-4.1;76;6.1;846.8;;1508.3;;1019.4;1.4;8.7;5;31.3;8.1;29.2;;0;0;0;116;;;;29;298;84;1.1;0;180;15.9;7.9
BLA;16.10.2023 00:00;3.5;12.1;-1.1;2;18;-4.8;63.3;4.8;846;;1500.9;;1018.5;0.8;4.4;2.9;15.8;4.1;14.8;;0;0;0;103;;;;46;300;85;1.1;0;90;16.5;8.5
BLA;17.10.2023 00:00;5.5;13.6;-0.4;4.2;18.1;-4.7;68.4;6;844.6;;1486.6;;1016.8;0.8;3.8;2.9;13.7;3.6;13;;0;0;0;97;;;;44;272;78;1.1;0;90;14.5;6.5
BLA;18.10.2023 00:00;8.1;14;3.5;7;19.6;0.6;72.9;7.7;840;;1441.3;;1011.5;1;4.4;3.6;15.8;4.2;15.1;;1;0.7;0;59;;;;52;12;3;1;0;63;11.9;3.9
BLA;19.10.2023 00:00;9.5;15.5;6.2;9.1;21.9;4.8;83.6;9.8;831.3;;1353.4;;1001.3;1.2;5;4.3;18;4.7;16.9;;0.1;0.3;0;76;;;;59;74;22;1.1;0;135;10.5;2.5
BLA;20.10.2023 00:00;8.1;15.5;4.4;7.1;12.4;2.1;88.8;9.5;823.1;;1271.7;;991.8;1.5;11.7;5.4;42.1;10.9;39.2;;36.4;36;0;16;;;;14;0;0;0.9;0;68;11.9;3.9
BLA;21.10.2023 00:00;5.7;8.9;1.1;5.2;10;-1.4;95.4;8.8;834.2;;1385.2;;1004.8;0.9;5.2;3.2;18.7;5.1;18.4;;4.8;5.3;0;42;;;;39;0;0;0.5;0;135;14.3;6.3
BLA;22.10.2023 00:00;3.3;9.4;-0.6;2.4;14.8;-3.3;89.3;6.8;842.3;;1465;;1014.1;0.9;3.8;3.2;13.7;3.6;13;;0;0;0;87;;;;28;260;78;0.8;0;72;16.7;8.7
BLA;23.10.2023 00:00;7.2;13.4;3.1;6.6;17.9;0.8;77.5;7.7;843.2;;1472.4;;1015.2;1.2;4.8;4.3;17.3;4.7;16.9;;0;0;0;84;;;;59;182;55;1;0;90;12.8;4.8
BLA;24.10.2023 00:00;5.9;9.3;2.1;5;10.3;-0.1;90.9;8.5;838;;1422.6;;1009.2;1.1;4.4;4;15.8;4.2;15.1;;8.6;8.6;0;28;;;;26;0;0;0.6;0;63;14.1;6.1
BLA;25.10.2023 00:00;5;8.5;1.4;4.6;10.1;-0.8;92.6;8;836;;1403.3;;1006.9;1;7.9;3.6;28.4;7.8;28.1;;10.2;4.6;0;47;;;;45;0;0;0.6;0;56;15;7
BLA;26.10.2023 00:00;6.4;9.9;4.5;6.2;11.6;4.1;95.3;9.1;832.7;;1369.5;;1003;1.3;7.5;4.7;27;7.2;25.9;;16.2;18.1;0;41;;;;39;0;0;0.7;0;45;13.6;5.6
BLA;27.10.2023 00:00;4.3;7.7;1.7;4.1;11.9;0.1;90.9;7.5;832.6;;1369.9;;1002.9;1.1;5.9;4;21.2;5.2;18.7;;2;5.7;0;57;;;;43;66;21;0.6;0;63;15.7;7.7
BLA;28.10.2023 00:00;3.3;9.3;0.7;2.3;14.3;-2;82.5;6.3;837.7;;1420.6;;1008.8;1;5;3.6;18;4.6;16.6;;0;0;0;64;;;;40;110;35;0.8;0;56;16.7;8.7
BLA;29.10.2023 00:00;5.2;12.2;0.5;3.3;15.6;-2.7;75.9;6.6;839.3;;1435.1;;1010.6;1.2;11.6;4.3;41.8;11.3;40.7;;0;0;0;69;;;;49;117;39;0.9;0;90;14.8;6.8
BLA;30.10.2023 00:00;6.5;11.2;2;5.2;11.8;-1.2;80;7.7;836.3;;1404.9;;1007.1;1.4;10.3;5;37.1;9.5;34.2;;16.1;16;0;32;;;;30;0;0;0.8;0;90;13.5;5.5
BLA;31.10.2023 00:00;2.6;6.4;-0.6;1.9;7.7;-3.2;92.5;6.8;839.8;;1440.4;;1011.2;1.2;5.9;4.3;21.2;5.7;20.5;;3.9;4;0;34;;;;32;0;0;0.5;0;63;17.4;9.4
BLA;01.11.2023 00:00;2.6;9.6;-1.9;1.3;16.4;-5.2;81.1;5.8;840;;1442.6;;1011.4;1.1;5.2;4;18.7;4.5;16.2;;1.2;1.2;0;72;;;;58;52;18;0.7;0;90;17.4;9.4
BLA;02.11.2023 00:00;1.5;4.2;-0.7;0.6;4.4;-3;95.5;6.5;826.6;;1312.9;;995.9;1.3;6.3;4.7;22.7;6;21.6;;15.2;14.7;0;12;;;;10;0;0;0.4;0;56;18.5;10.5
BLA;03.11.2023 00:00;-0.1;2.8;-1.5;-0.1;9.6;-2.7;90;5.5;823.5;;1283.9;;992.3;1.3;6.1;4.7;22;5.9;21.2;;1.1;1.6;0;76;;;;48;97;34;0.5;0;191;20.1;12.1
BLA;04.11.2023 00:00;-1.2;0.7;-4.9;-2;1.3;-8.4;91.8;5.1;825.4;;1304;;994.5;1.1;5.3;4;19.1;5.1;18.4;;28.8;23.6;0;35;;;;33;0;0;0.4;0;45;21.2;13.2
BLA;05.11.2023 00:00;0.3;1.5;-1;-0.1;1.3;-2.3;97.5;6.1;827.5;;1323;;997;1.1;5.2;4;18.7;4.9;17.6;;15.8;21;33;18;;;;16;0;0;0.4;0;51;19.7;11.7
BLA;06.11.2023 00:00;0.4;3.4;-1.6;-0.5;4.4;-3.3;92.4;5.8;840.5;;1448.7;;1012.1;0.9;4.4;3.2;15.8;4.1;14.8;;0;0;25;52;;;;44;29;11;0.4;0;53;19.6;11.6
BLA;07.11.2023 00:00;-1.3;2.8;-5;-2.8;3.4;-7.8;87.8;4.9;845;;1491.3;;1017.2;1.2;7.2;4.3;25.9;6.9;24.8;;2.4;2.4;22;44;;;;40;4;1;0.4;0;41;21.3;13.3
BLA;08.11.2023 00:00;-4.5;1.7;-8.3;-7;3.5;-11.8;77.4;3.4;847.3;;1513.7;;1019.9;1;4.9;3.6;17.6;4.8;17.3;;0;0;25;67;;;;13;265;99;0.5;0;45;24.5;16.5
BLA;09.11.2023 00:00;-1.1;3.9;-5.7;-2.5;4.5;-9;76.3;4.3;841.8;;1461;;1013.5;1;6.4;3.6;23;5.9;21.2;;2;0.3;22;45;;;;43;0;0;0.5;0;37;21.1;13.1
BLA;10.11.2023 00:00;-0.8;1.2;-2.1;-0.8;0.8;-4;94.1;5.4;835.5;;1401.4;;1006.3;1.1;5.1;4;18.4;4.7;16.9;;13.9;11.1;24;40;;;;38;0;0;0.4;0;225;20.8;12.8
BLA;11.11.2023 00:00;-2.3;1.3;-7.4;-3.1;0.2;-10.3;86.3;4.5;838.1;;1426.1;;1009.2;1.4;5.4;5;19.4;5.2;18.7;;3.8;5.8;44;77;;;;37;201;79;0.3;0;63;22.3;14.3
BLA;12.11.2023 00:00;-0.5;2.3;-7.1;-0.8;2.3;-8.9;94.3;5.7;840.1;;1445.1;;1011.6;1.2;6.3;4.3;22.7;6.1;22;;21.9;13.6;42;34;;;;33;0;0;0.2;0;56;20.5;12.5
BLA;13.11.2023 00:00;2.7;4.9;1.3;1.9;4.2;0.7;97;7.2;847.4;;1514.3;;1020.1;1.5;5.8;5.4;20.9;5.5;19.8;;24.3;24.4;33;32;;;;30;0;0;0.4;0;42;17.3;9.3
BLA;14.11.2023 00:00;3.5;5.4;2;2.6;4.1;1.1;98.3;7.8;845.3;;1493.4;;1017.6;1.6;9.6;5.8;34.6;9.2;33.1;;36.2;46.7;18;19;;;;18;0;0;0.4;0;45;16.5;8.5
BLA;15.11.2023 00:00;1;3.5;-1.1;0.3;5.5;-2.8;89;5.9;848.9;;1528.5;;1021.8;1.2;4.6;4.3;16.6;4.4;15.8;;1.9;2.1;11;50;;;;37;88;38;0.4;0;50;19;11
BLA;16.11.2023 00:00;1.4;8;-3.7;0.4;6.2;-6;78.8;5.4;844.6;;1487.2;;1016.8;1.5;12.1;5.4;43.6;11.6;41.8;;3.3;2;11;38;;;;31;52;23;0.6;0;270;18.6;10.6
BLA;17.11.2023 00:00;-0.3;2.8;-4.9;-0.8;1.3;-7.1;86.7;5.2;846.9;;1509.6;;1019.5;1.8;11.6;6.5;41.8;10.3;37.1;;2.1;3.4;10;29;;;;27;0;0;0.4;0;270;20.3;12.3
BLA;18.11.2023 00:00;-0.4;3.8;-5.3;-1.3;2.6;-7.8;85.3;5.2;851.4;;1552;;1024.7;1.3;5.5;4.7;19.8;5.1;18.4;;16.5;16.5;14;28;;;;26;0;0;0.4;0;40;20.4;12.4
BLA;19.11.2023 00:00;3.4;5.8;0.9;2.3;4.5;-0.9;96.8;7.6;849.3;;1532.6;;1022.3;1.4;4.7;5;16.9;4.3;15.5;;10.3;10.3;10;24;;;;23;0;0;0.4;0;53;16.6;8.6
BLA;20.11.2023 00:00;2.7;8.2;-0.2;1.5;7.4;-2;74.5;5.4;844.8;;1489;;1017;1;4.7;3.6;16.9;4.5;16.2;;0.5;0;8;65;;;;61;7;3;0.5;0;51;17.3;9.3
BLA;21.11.2023 00:00;0.6;2.8;-0.9;0.1;3.9;-2.1;88.7;5.6;840.9;;1452.1;;1012.5;1.1;7.3;4;26.3;7.1;25.6;;1.1;1.6;10;47;;;;42;22;11;0.4;0;45;19.4;11.4
BLA;22.11.2023 00:00;-1.1;2.6;-4.7;-1.7;5.3;-6.9;84.8;4.8;847;;1510.9;;1019.7;1.3;5.4;4.7;19.4;5.1;18.4;;0;0;10;62;;;;25;208;100;0.3;0;135;21.1;13.1
BLA;23.11.2023 00:00;-1.8;3.6;-5;-3.6;5.1;-7.2;66.3;3.5;850.8;;1546.3;;1024;1.1;4.6;4;16.6;4.2;15.1;;0;0;10;47;;;;10;206;100;0.5;0;53;21.8;13.8
BLA;24.11.2023 00:00;0.9;6.9;-4.7;-0.2;7.4;-4.9;61.6;3.9;839.9;;1442;;1011.3;2.7;20.1;9.7;72.4;19.2;69.1;;2.8;0.2;10;48;;;;12;201;100;1;0;171;19.1;11.1
BLA;25.11.2023 00:00;-5.3;-4.2;-6.2;-5.5;-4.5;-6.3;78.9;3.2;838.2;;1428.5;;1009.3;2.2;19.4;7.9;69.8;18.8;67.7;;5;7.5;21;25;;;;23;0;0;0.4;0;45;25.3;17.3
BLA;26.11.2023 00:00;-5.8;-2.5;-9.1;-7.1;-1;-11.5;73.1;2.9;841.9;;1463.3;;1013.6;1.4;9.8;5;35.3;8.8;31.7;;0;0.1;25;44;;;;11;195;99;0.4;0;27;25.8;17.8
BLA;27.11.2023 00:00;-0.8;4.5;-5;-1.3;4.3;-6;80.7;4.6;834.8;;1394.4;;1005.4;1.3;7.3;4.7;26.3;6.9;24.8;;17.9;9.5;22;35;;;;34;0;0;0.5;0;39;20.8;12.8
BLA;28.11.2023 00:00;-3.2;-0.4;-10.7;-3.6;-0.4;-13.9;90.5;4.5;829.6;;1345.8;;999.4;1.7;7.3;6.1;26.3;7;25.2;;3.7;12.1;46;24;;;;22;0;0;0.2;0;207;23.2;15.2
BLA;29.11.2023 00:00;-9.3;-4.9;-13.5;-11.5;-5.7;-16.3;79.6;2.5;833.9;;1390.9;;1004.4;1.1;4.6;4;16.6;4.3;15.5;;5.1;0;44;35;;;;17;107;58;0.3;0;40;29.3;21.3
BLA;30.11.2023 00:00;-1.6;0.8;-4.9;-2.1;0;-5.7;96.2;5.3;830;;1348.8;;999.9;0.7;3.1;2.5;11.2;2.9;10.4;;35.1;31;45;14;;;;12;0;0;0.3;0;45;21.6;13.6
BLA;01.12.2023 00:00;-0.5;1;-2.8;0;0.1;0;98.5;5.8;827.3;;1321.4;;996.7;0.9;4.8;3.2;17.3;4.6;16.6;;22.2;29.7;45;21;;;;19;0;0;0.3;0;236;20.5;12.5
BLA;02.12.2023 00:00;-5;-2.2;-12.9;-4.6;0;-15.7;85;3.7;832.4;;1372.7;;1002.6;1.3;7.1;4.7;25.6;6.8;24.5;;0.5;2.2;60;30;;;;28;0;0;0.2;0;90;25;17
BLA;03.12.2023 00:00;-12.8;-8.1;-15.4;-15.7;-6.6;-19;83.3;1.9;845.1;;1494.3;;1017.3;0.9;3.1;3.2;11.2;2.8;10.1;;0;0;56;37;;;;11;168;100;0.2;0;40;32.8;24.8
BLA;04.12.2023 00:00;-5.6;-1.6;-12.2;-6.4;-0.4;-15.9;82.8;3.3;840.6;;1451.2;;1012.1;1;4.7;3.6;16.9;4.4;15.8;;1.9;1.7;53;47;;;;45;0;0;0.2;0;45;25.6;17.6
BLA;05.12.2023 00:00;-4.4;-1.8;-7.9;-5.1;-0.4;-10.2;90.8;4;838.3;;1429.6;;1009.5;1.1;4.9;4;17.6;4.9;17.6;;3.6;3.8;57;43;;;;40;1;1;0.2;0;45;24.4;16.4
BLA;06.12.2023 00:00;-6.7;-3.3;-12.3;-8.5;0.3;-16.6;86.6;3.3;842;;1464.8;;1013.8;0.8;4.7;2.9;16.9;4.5;16.2;;0;0;61;55;;;;30;161;100;0.1;0;37;26.7;18.7
BLA;07.12.2023 00:00;-7.4;-1;-13.4;-10.4;-2;-17.9;81.6;3;843.8;;1481.8;;1015.9;0.8;2.9;2.9;10.4;2.6;9.4;;2.7;0;58;32;;;;18;92;63;0.3;0;39;27.4;19.4
BLA;08.12.2023 00:00;-1.6;0;-3.3;-1.7;0.5;-4.8;95;5.2;840.9;;1452.7;;1012.5;0.7;4.1;2.5;14.8;4;14.4;;3;5.7;58;32;;;;30;0;0;0.2;0;225;21.6;13.6
BLA;09.12.2023 00:00;-2.6;1.9;-8.5;-4;0;-11.9;93.6;4.8;841.9;;1462.4;;1013.7;1.2;18;4.3;64.8;17.1;61.6;;33.7;33.3;61;26;;;;24;0;0;0.2;0;90;22.6;14.6
BLA;10.12.2023 00:00;0.7;2.4;-0.9;-0.1;0.2;-0.6;82.3;5.3;845;;1491.2;;1017.3;1.8;16.6;6.5;59.8;16.5;59.4;;11.7;6.2;70;39;;;;36;3;2;0.4;0;180;19.3;11.3
BLA;11.12.2023 00:00;2;4.4;-0.1;0;0;-0.1;98.2;6.9;841.6;;1458.4;;1013.3;1.7;6.8;6.1;24.5;6.7;24.1;;25.7;26.9;68;15;;;;13;0;0;0.3;0;59;18;10
BLA;12.12.2023 00:00;1.9;3.5;0.4;0.5;1.9;0;98.4;6.9;840.3;;1446.4;;1011.9;1.2;6.2;4.3;22.3;6;21.6;;29.5;29.3;58;18;;;;16;0;0;0.3;0;45;18.1;10.1
BLA;13.12.2023 00:00;0;2.3;-2.4;-0.5;2.5;-4.3;97.6;5.9;833;;1376.6;;1003.3;1.1;6;4;21.6;5.9;21.2;;12.8;14.8;54;31;;;;29;0;0;0.2;0;90;20;12
BLA;14.12.2023 00:00;-1.2;-0.3;-2.7;-1.1;0.1;-4.2;95.8;5.4;843.6;;1478.4;;1015.7;0.9;4;3.2;14.4;3.8;13.7;;6.1;8.9;67;29;;;;26;0;0;0.2;0;63;21.2;13.2
BLA;15.12.2023 00:00;-5.4;-1.6;-8.6;-5.8;-1.4;-11.8;89.8;3.7;857.5;;1607.7;;1031.8;1.3;5.2;4.7;18.7;5.1;18.4;;0;0.1;72;33;;;;16;122;96;0.2;0;45;25.4;17.4
BLA;16.12.2023 00:00;-5.6;-1.3;-9.3;-8.1;-0.3;-12.5;89;3.6;862.2;;1650.9;;1037.3;1.1;5.3;4;19.1;4.8;17.3;;0;0;66;25;;;;9;132;100;0.3;0;50;25.6;17.6
BLA;17.12.2023 00:00;-1.1;3.5;-3.7;-3.9;4.6;-6.5;83.9;4.7;863.4;;1663.9;;1038.7;0.7;3.2;2.5;11.5;3;10.8;;0;0;63;26;;;;10;130;100;0.4;0;53;21.1;13.1
BLA;18.12.2023 00:00;-0.8;4.3;-2.7;-3.9;4.7;-6;70.3;4;861.5;;1646.3;;1036.5;0.7;3.7;2.5;13.3;3.5;12.6;;0;0;61;25;;;;9;130;100;0.5;0;51;20.8;12.8
BLA;19.12.2023 00:00;-0.9;2.8;-3.4;-3.7;3.3;-6.8;68.4;3.9;854;;1576.2;;1027.7;0.9;3.2;3.2;11.5;3.1;11.2;;0;0;61;25;;;;9;130;100;0.5;0;39;20.9;12.9
BLA;20.12.2023 00:00;-2.1;1;-5.5;-3.5;0.7;-8.2;77.4;4.1;846.4;;1504.9;;1018.9;1.2;6.2;4.3;22.3;5.4;19.4;;0.5;0.4;60;28;;;;12;129;100;0.4;0;45;22.1;14.1
BLA;21.12.2023 00:00;0.3;2.8;-2.8;-0.3;1.3;-3.5;91.1;5.7;842.3;;1465.1;;1014.1;1.4;11;5;39.6;10;36;;12.2;12.1;61;11;;;;9;0;0;0.4;0;360;19.7;11.7
BLA;22.12.2023 00:00;1;3.7;-0.4;0.5;2.9;-0.3;88;5.7;841.4;;1457;;1013.1;2.4;18.9;8.6;68;17.9;64.4;;7.9;8.1;61;15;;;;13;0;0;0.5;0;230;19;11
BLA;23.12.2023 00:00;3.4;8.2;-2.2;1.5;8.3;-5.7;55.4;4;846.6;;1505.9;;1019.1;2.9;13.9;10.4;50;12.3;44.3;;0;0;66;38;;;;23;129;100;1.2;0;72;16.6;8.6
BLA;24.12.2023 00:00;0.7;7.3;-3.8;-1.4;5.7;-7.1;73;4.8;849.2;;1531;;1022.1;1.6;7.8;5.8;28.1;7;25.2;;0;0;64;22;;;;19;7;6;0.7;0;42;19.3;11.3
BLA;25.12.2023 00:00;1.9;5.4;-0.4;0;6.1;-3.1;81.9;5.8;848.2;;1521.7;;1021;0.8;3.5;2.9;12.6;3.4;12.2;;0;0;61;23;;;;10;115;91;0.4;0;39;18.1;10.1
BLA;26.12.2023 00:00;0.3;4.5;-3;-2.2;4.7;-6.4;57;3.5;848.9;;1528.7;;1021.8;1.2;5.8;4.3;20.9;5.5;19.8;;0;0;61;42;;;;25;131;100;0.5;0;49;19.7;11.7
BLA;27.12.2023 00:00;-0.7;4.1;-3.1;-3.6;3.7;-6.5;61.1;3.6;850.7;;1545.6;;1023.9;1.1;5;4;18;4.8;17.3;;0;0;60;25;;;;18;74;57;0.6;0;45;20.7;12.7
BLA;28.12.2023 00:00;1.6;5.7;-1.6;-0.4;4.2;-4.9;65.6;4.5;850.1;;1540.1;;1023.2;1.3;10.1;4.7;36.4;9.6;34.6;;0;0;60;39;;;;37;0;0;0.5;0;45;18.4;10.4
BLA;29.12.2023 00:00;2;4.3;-1.4;1.1;5.5;-3.3;80;5.7;847.9;;1518.7;;1020.6;1.2;4.3;4.3;15.5;4.1;14.8;;0;0;60;39;;;;31;61;47;0.3;0;39;18;10
BLA;30.12.2023 00:00;-3;1.2;-5.9;-5.5;1.4;-8.8;69;3.4;846.4;;1505.4;;1018.9;1;5.1;3.6;18.4;4.9;17.6;;0;0;60;33;;;;20;112;85;0.4;0;45;23;15
BLA;31.12.2023 00:00;-2;2.5;-5.5;-3.5;2.7;-8.5;77.9;4.2;839.8;;1442.5;;1011.2;1.1;5.4;4;19.4;5.2;18.7;;6.6;6.6;60;36;;;;32;0;0;0.4;0;39;22;14
BLA;01.01.2024 00:00;-4.6;-1.8;-7.6;-6.5;-1.6;-11;82.1;3.6;842.3;;1466.7;;1014.1;1.2;4.9;4.3;17.6;4.5;16.2;;0;0;72;32;;;;22;107;80;0.3;0;45;24.6;16.6
BLA;02.01.2024 00:00;0.6;3.9;-5.9;-0.1;3.5;-8;87.3;5.6;840;;1443.4;;1011.4;1.3;6.1;4.7;22;5.6;20.2;;13.9;11.3;69;31;;;;30;0;0;0.3;0;37;19.4;11.4
BLA;03.01.2024 00:00;1;5.6;-2.2;0;5.3;-4.5;83.9;5.4;837.4;;1418.7;;1008.5;1.7;11.1;6.1;40;10.5;37.8;;10.6;11.4;65;43;;;;30;85;58;0.5;0;45;19;11
BLA;04.01.2024 00:00;-1.3;1.3;-4.6;-1.9;0.6;-6.7;88.4;5;839.8;;1442.3;;1011.2;1.2;6.3;4.3;22.7;5.9;21.2;;0.9;2.7;80;43;;;;39;0;0;0.2;0;45;21.3;13.3
BLA;05.01.2024 00:00;-1.3;0;-4.1;-2;0.2;-6.3;91.6;5.1;833.7;;1384.1;;1004.1;0.7;4.5;2.5;16.2;4.4;15.8;;7.9;7.7;78;22;;;;19;0;0;0.3;0;63;21.3;13.3
BLA;06.01.2024 00:00;-2.9;-1.2;-6.9;-2;-0.2;-5.9;97.3;4.8;832.7;;1375.9;;1003;0.9;3.9;3.2;14;3.7;13.3;;0;0.2;85;37;;;;35;0;0;0.2;0;225;22.9;14.9
BLA;07.01.2024 00:00;-5.3;-2.8;-7.4;-5.2;-2.9;-7;93.5;3.9;834.6;;1395.4;;1005.2;0.7;3.2;2.5;11.5;3;10.8;;0.5;0.5;82;46;;;;43;0;0;0.2;0;63;25.3;17.3
BLA;08.01.2024 00:00;-5.1;-3.5;-9.4;-4.2;-2.2;-8.3;95.4;4;839.1;;1437.1;;1010.4;0.9;4.3;3.2;15.5;4.1;14.8;;0;0;81;38;;;;36;0;0;0.1;0;207;25.1;17.1
BLA;09.01.2024 00:00;-5.2;0.2;-9.1;-6.6;1;-9.9;94;4;844.3;;1485.6;;1016.4;0.9;6.3;3.2;22.7;5.9;21.2;;0;0;79;38;;;;34;11;6;0.2;0;45;25.2;17.2
BLA;10.01.2024 00:00;-5.6;-1;-8.2;-7.6;-1.5;-10.8;79.7;3.2;847.5;;1515.7;;1020.2;1;4;3.6;14.4;3.8;13.7;;0;0;78;37;;;;34;0;0;0.3;0;45;25.6;17.6
BLA;11.01.2024 00:00;-6.7;-1.1;-9.3;-9.2;0.1;-12.3;75.9;2.8;848.2;;1522.4;;1021;0.8;3.2;2.9;11.5;3.1;11.2;;0;0;77;37;;;;10;177;96;0.3;0;39;26.7;18.7
BLA;12.01.2024 00:00;-7.2;-1.8;-9.1;-10.1;-0.2;-12.6;70;2.5;849.6;;1534.9;;1022.6;1;3.7;3.6;13.3;3.5;12.6;;0;0;77;39;;;;9;183;98;0.4;0;39;27.2;19.2
BLA;13.01.2024 00:00;-7.8;-1.6;-10.4;-10.8;-0.6;-13.3;60.8;2.1;847.8;;1518.3;;1020.5;0.9;3.7;3.2;13.3;3.4;12.2;;0;0;76;41;;;;10;187;97;0.4;0;40;27.8;19.8
BLA;14.01.2024 00:00;-3.7;1.8;-9.4;-5.8;1.3;-12.8;63.8;3.1;839.4;;1438.7;;1010.7;1.2;5.6;4.3;20.2;5.1;18.4;;6;1.8;76;38;;;;34;6;3;0.5;0;41;23.7;15.7
BLA;15.01.2024 00:00;-3.2;1;-9.3;-4.8;0.5;-12.8;80.3;4;833.4;;1382.5;;1003.8;1.4;15.6;5;56.2;15;54;;0.2;4.4;85;34;;;;31;4;2;0.3;0;53;23.2;15.2
BLA;16.01.2024 00:00;-4.5;2;-12.6;-6.3;2;-16.4;62.7;2.9;835.5;;1402.8;;1006.2;1.3;4.9;4.7;17.6;4.8;17.3;;6.8;0.1;83;55;;;;45;31;15;0.4;0;37;24.5;16.5
BLA;17.01.2024 00:00;0.6;2.4;-1;0.4;2.6;-1.5;97.6;6.2;828.6;;1333.5;;998.2;1;4.2;3.6;15.1;4.2;15.1;;22.4;23.2;85;29;;;;27;1;0;0.3;0;360;19.4;11.4
BLA;18.01.2024 00:00;0.8;2.5;-0.7;0.5;2.1;-0.6;98.6;6.4;828.4;;1330.9;;997.9;1;5.6;3.6;20.2;5.3;19.1;;11;16.9;84;25;;;;23;0;0;0.3;0;45;19.2;11.2
BLA;19.01.2024 00:00;-7.1;-0.7;-13.5;-8.4;-0.7;-16.8;72.3;2.8;839.7;;1443.4;;1011.2;1.6;9;5.8;32.4;8.8;31.7;;0;0;81;57;;;;18;205;99;0.4;0;45;27.1;19.1
BLA;20.01.2024 00:00;-10.4;-3.4;-14.9;-13.3;-2.8;-18.6;59.8;1.7;850.3;;1541.9;;1023.5;1;4.3;3.6;15.5;4.1;14.8;;0;0;80;50;;;;11;209;99;0.4;0;45;30.4;22.4
BLA;21.01.2024 00:00;-5.7;1.2;-10.1;-8.2;1.6;-13.6;62.2;2.5;855.3;;1587.4;;1029.2;0.9;3.7;3.2;13.3;3.4;12.2;;0;0;80;65;;;;44;149;70;0.4;0;45;25.7;17.7
BLA;22.01.2024 00:00;0.5;7.9;-6.3;-0.9;7;-9.2;76;4.8;853;;1566.8;;1026.6;1.4;7.2;5;25.9;6.9;24.8;;9.8;8.7;80;44;;;;42;0;0;0.6;0;45;19.5;11.5
BLA;23.01.2024 00:00;0.5;3.1;-2.7;-0.1;5.6;-4.6;83.5;5.3;857.6;;1610;;1031.9;1.6;5.5;5.8;19.8;5.3;19.1;;5.3;6;82;58;;;;47;40;18;0.4;0;45;19.5;11.5
BLA;24.01.2024 00:00;4.3;7.1;2.4;2.8;6.6;1.4;81.3;6.7;858.9;;1624;;1033.5;1.6;7.7;5.8;27.7;6.9;24.8;;0;0.4;80;55;;;;53;1;0;0.6;0;59;15.7;7.7
BLA;25.01.2024 00:00;2.6;6.3;-1.6;0.8;7.7;-4.8;65.7;4.9;856.2;;1597.3;;1030.2;1.7;7.7;6.1;27.7;7.2;25.9;;0;0;78;57;;;;14;232;100;0.7;0;45;17.4;9.4
BLA;26.01.2024 00:00;0.5;5.4;-3.8;-1.1;5.8;-6.4;83.5;5.4;856.3;;1598.6;;1030.5;1.2;8;4.3;28.8;7.6;27.4;;6.1;6.1;78;41;;;;39;0;0;0.5;0;45;19.5;11.5
BLA;27.01.2024 00:00;-2.3;3.3;-5.8;-4.7;4.7;-9.1;65.9;3.4;858.7;;1619.5;;1033.2;1;4;3.6;14.4;3.8;13.7;;0;0;76;60;;;;12;240;99;0.5;0;45;22.3;14.3
BLA;28.01.2024 00:00;-1.3;4.6;-4.7;-3.5;6.3;-7.5;57.4;3.2;858.7;;1620.3;;1033.2;0.8;3;2.9;10.8;2.9;10.4;;0;0;76;60;;;;13;244;98;0.6;0;45;21.3;13.3
BLA;29.01.2024 00:00;1.2;6.9;-2;-0.8;6.9;-4.6;64.8;4.3;858.1;;1615.1;;1032.5;0.6;2.7;2.2;9.7;2.6;9.4;;0;0;76;63;;;;30;224;88;0.5;0;53;18.8;10.8
BLA;30.01.2024 00:00;1;7.7;-1.8;-0.8;7.9;-4.3;68.8;4.5;858.8;;1621.4;;1033.3;0.7;2.7;2.5;9.7;2.5;9;;0;0;76;66;;;;43;123;47;0.6;0;45;19;11
BLA;31.01.2024 00:00;-0.2;6.7;-3.3;-2.1;8.2;-5.9;71.4;4.3;859.2;;1625.4;;1033.8;0.7;2.7;2.5;9.7;2.7;9.7;;0;0;76;65;;;;39;188;71;0.6;0;37;20.2;12.2
BLA;01.02.2024 00:00;-0.8;4.4;-4.8;-2.6;4.6;-7.6;75.9;4.4;856.8;;1602.9;;1031;1.3;5.8;4.7;20.9;5.6;20.2;;0.2;0.2;76;42;;;;40;0;0;0.6;0;45;20.8;12.8
BLA;02.02.2024 00:00;-1.1;2.9;-5.8;-2.7;2.5;-8.7;79.7;4.6;858.9;;1622;;1033.4;1.1;5.1;4;18.4;4.8;17.3;;0;0;76;28;;;;26;0;0;0.5;0;45;21.1;13.1
BLA;03.02.2024 00:00;1.1;7.9;-2.6;-1;8.6;-5.3;67.3;4.4;857.7;;1611;;1032;1.1;4.7;4;16.9;4.4;15.8;;0;0;76;70;;;;13;265;97;0.7;0;45;18.9;10.9
BLA;04.02.2024 00:00;1.6;8.6;-1.5;-0.6;8.5;-4.6;62.9;4.3;856.2;;1597.4;;1030.3;1.2;4.4;4.3;15.8;4.3;15.5;;0;0;76;68;;;;16;268;96;0.8;0;45;18.4;10.4
BLA;05.02.2024 00:00;1.4;8.5;-2.2;-0.8;8.9;-4.9;63.8;4.3;854.1;;1577.4;;1027.8;1;5.8;3.6;20.9;4.9;17.6;;0;0;76;74;;;;23;273;97;0.8;0;40;18.6;10.6
BLA;06.02.2024 00:00;0.9;8;-2.5;-1.6;8.7;-5.5;60.9;3.9;849.1;;1530.6;;1022.1;1;4.1;3.6;14.8;3.8;13.7;;0;0;76;72;;;;28;274;96;0.8;0;40;19.1;11.1
BLA;07.02.2024 00:00;-1.6;3;-6.6;-3;6;-8.7;79;4.4;842.8;;1471;;1014.7;1;5.7;3.6;20.5;5.5;19.8;;16.3;5.6;76;66;;;;38;145;50;0.5;0;39;21.6;13.6
BLA;08.02.2024 00:00;2.2;6;0.3;1.7;7.8;0;94.2;6.8;836.3;;1407.1;;1007.2;1;3.9;3.6;14;3.8;13.7;;0.9;10.7;82;73;;;;66;13;4;0.5;0;45;17.8;9.8
BLA;09.02.2024 00:00;2.2;5.8;1;1.3;4.3;0.4;89.5;6.4;827.2;;1318.8;;996.6;1.1;15.6;4;56.2;15.1;54.4;;1.1;2;77;50;;;;48;0;0;0.6;0;72;17.8;9.8
BLA;10.02.2024 00:00;3;7.7;0.5;1.7;6.6;-1.4;71.2;5.3;821.1;;1257.5;;989.5;1.7;14.9;6.1;53.6;14.4;51.8;;1.5;0.1;76;62;;;;57;8;3;0.9;0;198;17;9
BLA;11.02.2024 00:00;0;2.3;-1.5;-0.4;3.2;-2.1;83.7;5.1;827.7;;1325;;997.2;1.2;4.9;4.3;17.6;4.6;16.6;;0.1;1.5;78;67;;;;65;0;0;0.6;0;90;20;12
BLA;12.02.2024 00:00;-1.8;3;-6.4;-3;6.1;-8.9;69.3;3.7;835.5;;1401.3;;1006.2;1.1;4.3;4;15.5;4.1;14.8;;0;0;78;80;;;;56;81;26;0.6;0;45;21.8;13.8
BLA;13.02.2024 00:00;-2.2;4.3;-6.2;-3.8;6.6;-8.7;58;3;846.8;;1508.6;;1019.3;1.1;5.6;4;20.2;5.5;19.8;;0;0;77;93;;;;16;313;98;0.8;0;45;22.2;14.2
BLA;14.02.2024 00:00;1.7;8;-3.1;0.1;9.4;-5.4;61.7;4.3;851.6;;1554.3;;1025;1.2;5.2;4.3;18.7;5;18;;0;0;77;79;;;;43;119;37;0.9;0;45;18.3;10.3
BLA;15.02.2024 00:00;3;8.3;-1.3;1.4;7.2;-3.8;67.5;5.1;849.2;;1531.1;;1022.1;0.8;4.7;2.9;16.9;4.4;15.8;;0;0;75;72;;;;65;12;4;0.8;0;39;17;9
BLA;16.02.2024 00:00;3.5;9.2;0.9;2.1;9.7;-1.3;73.4;5.7;848.6;;1525.3;;1021.4;0.8;6;2.9;21.6;5.8;20.9;;0;0;75;73;;;;51;99;30;0.8;0;45;16.5;8.5
BLA;17.02.2024 00:00;1.6;8;-1.6;0.2;9.3;-3.7;74.9;5;856.2;;1597.7;;1030.3;1;4.5;3.6;16.2;4.4;15.8;;0;0;74;99;;;;21;324;98;0.9;0;49;18.4;10.4
BLA;18.02.2024 00:00;1.9;8.9;-2.8;0.3;9.1;-5.2;69.4;4.8;857;;1605;;1031.2;1;4.8;3.6;17.3;4.6;16.6;;1.2;0.9;73;89;;;;65;121;37;0.9;0;45;18.1;10.1
BLA;19.02.2024 00:00;2.4;6.7;-0.3;1.8;8.4;-1.5;77.1;5.5;854.7;;1583.1;;1028.5;1.4;6.1;5;22;5.7;20.5;;4;2.8;73;109;;;;51;231;69;0.9;0;27;17.6;9.6
BLA;20.02.2024 00:00;-0.9;3.6;-5.2;-2.1;4.9;-8.2;74.1;4.2;854;;1576.1;;1027.7;1.4;5.2;5;18.7;4.9;17.6;;0.1;1.6;80;106;;;;29;280;83;0.8;0;53;20.9;12.9
BLA;21.02.2024 00:00;1.2;8.8;-4.6;-0.3;8.7;-7.7;66.8;4.5;849.2;;1531;;1022.2;1.1;6;4;21.6;5.5;19.8;;0.1;0;74;93;;;;64;143;42;1;0;40;18.8;10.8
BLA;22.02.2024 00:00;0.7;2.8;-0.3;0.5;2.9;0;93.4;6;836.1;;1406.5;;1007;0.9;4.7;3.2;16.9;4.6;16.6;;25.9;25.6;73;38;;;;35;0;0;0.5;0;270;19.3;11.3
BLA;23.02.2024 00:00;-2.7;0.2;-7.5;-1.9;0.5;-7.2;86.9;4.4;828.4;;1334.4;;998;1.1;4.9;4;17.6;4.7;16.9;;0;0.4;89;119;;;;28;300;86;0.6;0;76;22.7;14.7
BLA;24.02.2024 00:00;-4.4;1.1;-9;-5.6;-0.3;-8.9;77.6;3.4;832.7;;1376.8;;1003;1.2;6.1;4.3;22;6;21.6;;0;0;83;86;;;;51;90;26;0.7;0;49;24.4;16.4
BLA;25.02.2024 00:00;-3.8;2.4;-9.5;-6.2;-0.8;-11.2;69.7;3.2;834;;1387.9;;1004.5;1;4.6;3.6;16.6;4.5;16.2;;0;0;83;117;;;;26;280;79;0.8;0;51;23.8;15.8
BLA;26.02.2024 00:00;-0.7;2.9;-3.1;-1.8;1.3;-5.2;80.8;4.7;831.3;;1361;;1001.4;1.1;5.8;4;20.9;5.6;20.2;;0.3;0.3;81;71;;;;68;0;0;0.7;0;63;20.7;12.7
BLA;27.02.2024 00:00;0.8;5;-2.7;-0.8;2.4;-4.3;83.3;5.4;836.2;;1407;;1007;1.1;4.7;4;16.9;4.4;15.8;;0.5;0.5;81;79;;;;67;35;10;0.8;0;63;19.2;11.2
BLA;28.02.2024 00:00;2.1;7;-0.8;1.2;5;-2.4;91.2;6.5;844.3;;1484.4;;1016.5;1;4.9;3.6;17.6;4.6;16.6;;0;0;79;111;;;;97;22;6;0.9;0;90;17.9;9.9
BLA;29.02.2024 00:00;3.2;9.9;-2;1.4;10.1;-5;70.6;5.3;841.1;;1453.2;;1012.8;1.2;7.4;4.3;26.6;7.1;25.6;;1.8;0.2;77;117;;;;74;209;56;1.2;0;90;16.8;8.8
BLA;01.03.2024 00:00;0.7;2;-0.5;0.6;3.1;-2.2;96.5;6.2;835.9;;1404;;1006.7;0.7;3.1;2.5;11.2;3.1;11.2;;8;9.6;74;60;;;;58;0;0;0.6;0;225;19.3;11.3
BLA;02.03.2024 00:00;0.7;5.7;-3.6;-0.7;6.9;-5.6;83.2;5.3;833.8;;1383.9;;1004.3;1.2;8.8;4.3;31.7;8.5;30.6;;0;0;79;76;;;;68;17;5;0.8;0;72;19.3;11.3
BLA;03.03.2024 00:00;2.5;5.8;0.4;1.7;6.1;-1;69.7;5;831.1;;1356.2;;1001.1;1.5;8.3;5.4;29.9;8.2;29.5;;0.8;0;77;91;;;;87;0;0;1.1;0;153;17.5;9.5
BLA;04.03.2024 00:00;0.8;3.9;-2.7;0.2;5.1;-5.1;84;5.4;837.7;;1421.6;;1008.8;1.1;5.3;4;19.1;5.1;18.4;;0;0.8;78;89;;;;85;2;1;0.8;0;53;19.2;11.2
BLA;05.03.2024 00:00;-0.6;3.4;-3.8;-0.7;5.1;-6.2;84;4.9;841.3;;1456.4;;1013;1.5;6.7;5.4;24.1;6.5;23.4;;5.5;3.6;75;85;;;;82;0;0;0.8;0;225;20.6;12.6
BLA;06.03.2024 00:00;-2.3;1.8;-6.9;-2.3;3.5;-10.6;84;4.3;844.4;;1486.4;;1016.6;1;6.6;3.6;23.8;6.3;22.7;;0.7;2.6;85;141;;;;104;153;39;0.9;0;207;22.3;14.3
BLA;07.03.2024 00:00;-2.7;5.2;-8.2;-5.8;5.3;-12;69;3.4;843;;1472.9;;1014.9;0.9;4.1;3.2;14.8;3.8;13.7;;0;0;79;141;;;;29;326;82;1.1;0;51;22.7;14.7
BLA;08.03.2024 00:00;-0.8;5.1;-6.3;-3.6;6.1;-10.7;60.6;3.5;838.1;;1425.7;;1009.2;1.6;7.2;5.8;25.9;7.1;25.6;;0;0;77;122;;;;60;205;51;1.2;0;90;20.8;12.8
BLA;09.03.2024 00:00;2.1;5.5;-2.2;-0.4;4.9;-5.8;50.4;3.5;832.8;;1373.1;;1003.1;2.8;17.3;10.1;62.3;16.7;60.1;;0;0;76;91;;;;81;24;6;1.5;0;72;17.9;9.9
BLA;10.03.2024 00:00;-0.2;4.3;-5.8;-0.3;2;-5.2;86.4;5.2;828.2;;1330.3;;997.8;1.4;11;5;39.6;10.7;38.5;;20;20;76;23;;;;21;0;0;0.6;0;225;20.2;12.2
BLA;11.03.2024 00:00;-2.9;2.7;-8.6;-4.1;-0.4;-9.2;83.8;4.2;835.7;;1404.4;;1006.5;1;4.3;3.6;15.5;3.8;13.7;;0;0;101;142;;;;64;232;57;1;0;45;22.9;14.9
BLA;12.03.2024 00:00;0.4;5.1;-3.5;-1.2;0.6;-3.8;74;4.6;844.7;;1488.3;;1016.9;1.3;9.2;4.7;33.1;8.5;30.6;;6;1.1;91;153;;;;93;219;53;1.3;0;45;19.6;11.6
BLA;13.03.2024 00:00;2;7.6;-1.4;0.1;1.6;-1.5;87.5;6.1;846.3;;1503.5;;1018.8;1;5.4;3.6;19.4;5.2;18.7;;0;4.9;92;132;;;;95;119;28;1.2;0;45;18;10
BLA;14.03.2024 00:00;3.3;11.6;-2.3;-0.6;3.7;-3.7;65.4;4.8;845.6;;1497.1;;1018;0.8;4.7;2.9;16.9;4.6;16.6;;0;0;81;169;;;;51;419;99;1.6;0;45;16.7;8.7
BLA;15.03.2024 00:00;3.8;8.9;1;1.4;6;-1.3;75.6;5.9;846.2;;1502.9;;1018.7;1.1;8.5;4;30.6;8.1;29.2;;12.6;2.9;77;93;;;;84;11;3;1.2;0;53;16.2;8.2
BLA;16.03.2024 00:00;2.8;8.2;-0.3;1.5;8.6;-3;77.3;5.6;849.7;;1536;;1022.7;1.2;6.8;4.3;24.5;6.7;24.1;;0;9.7;77;130;;;;70;217;50;1.4;0;56;17.2;9.2
BLA;17.03.2024 00:00;2;6.9;-2.8;0.2;6.5;-5.7;75.8;5.3;850.3;;1541.6;;1023.4;1.2;6.3;4.3;22.7;5.9;21.2;;8.8;1.8;75;72;;;;71;0;0;1;0;45;18;10
BLA;18.03.2024 00:00;2.7;6.1;0.9;1.7;5.4;-0.7;94.1;7;845.7;;1497.4;;1018;1.2;5;4.3;18;4.7;16.9;;11.1;18.1;73;71;;;;67;3;1;0.9;0;49;17.3;9.3
BLA;19.03.2024 00:00;2.6;10.1;-2.4;0.9;10.5;-4.7;71.1;5;847;;1510.2;;1019.6;1;4.2;3.6;15.1;3.9;14;;0;0;70;173;;;;42;439;99;1.7;0;45;17.4;9.4
BLA;20.03.2024 00:00;4;11;-1.9;2;11.1;-4.5;56.9;4.4;849.3;;1532.1;;1022.3;1.3;5.9;4.7;21.2;5.5;19.8;;0.3;0;68;180;;;;54;443;100;1.9;0;52;16;8
BLA;21.03.2024 00:00;4.4;9.4;0.7;2.6;9.5;-2.1;72;6;852.5;;1562.4;;1025.9;1.5;8.9;5.4;32;8.6;31;;2.3;2.6;63;92;;;;77;47;10;1.3;0;54;15.6;7.6
BLA;22.03.2024 00:00;4.7;10.6;-1.6;3.2;11.4;-4;49.4;4;849.4;;1532.9;;1022.4;1.5;5.8;5.4;20.9;5.3;19.1;;0;0;61;175;;;;120;203;44;2;0;42;15.3;7.3
BLA;23.03.2024 00:00;1.8;7.5;-3.3;1.1;6.9;-3.9;64.4;4.4;842.2;;1464;;1014;2.2;12.7;7.9;45.7;12.3;44.3;;6.2;3.5;58;142;;;;76;188;40;1.6;0;225;18.2;10.2
BLA;24.03.2024 00:00;-1.8;1.8;-3.8;-1.5;4.9;-5.6;71.4;3.7;839.3;;1438.1;;1010.7;1.9;11.8;6.8;42.5;11.6;41.8;;1.5;4.2;65;183;;;;131;115;24;1.5;0;209;21.8;13.8
BLA;25.03.2024 00:00;-1.3;5.2;-8.9;-2.2;8.6;-11.1;52.5;2.8;834.7;;1393.1;;1005.3;1.4;6.6;5;23.8;6.4;23;;0;0;58;193;;;;54;327;67;1.6;0;54;21.3;13.3
BLA;26.03.2024 00:00;2.5;7.8;-3.6;1.9;11.1;-5.7;56.4;4;827.5;;1320.7;;996.9;2;16.8;7.2;60.5;15.6;56.2;;0.6;0;55;216;;;;88;354;71;2.1;0;68;17.5;9.5
BLA;27.03.2024 00:00;-0.6;2.7;-6.1;-1.2;1.9;-8.1;91.5;5.4;822.1;;1270.9;;990.7;1.2;6.4;4.3;23;6.1;22;;11.3;11.9;51;40;;;;38;0;0;0.6;0;225;20.6;12.6
BLA;28.03.2024 00:00;-1.7;4.3;-7.7;-2.4;6.1;-9.7;78.1;4.2;828.8;;1337;;998.4;1.8;11.8;6.5;42.5;11.5;41.4;;2.6;2.6;61;112;;;;79;141;28;1.1;0;45;21.7;13.7
BLA;29.03.2024 00:00;4.8;10.3;-4.4;3.6;11.8;-6.9;55.6;4.7;834.9;;1392.6;;1005.6;2.3;20.5;8.3;73.8;18.7;67.3;;0;0;59;139;;;;121;37;7;1.8;0;288;15.2;7.2
BLA;30.03.2024 00:00;3.1;7.9;0.2;2;6.1;-0.1;80.4;6;833.2;;1376.3;;1003.5;1.5;8.7;5.4;31.3;8.4;30.2;;38.4;38.4;53;39;;;;38;0;0;1;0;90;16.9;8.9
BLA;31.03.2024 00:00;3.4;7.6;0.5;2.2;7.2;-0.2;81.9;6.3;831;;1355.2;;1001.1;1.7;11.2;6.1;40.3;10.9;39.2;;2.6;1.1;56;97;;;;90;8;2;1.3;0;56;16.6;8.6
BLA;01.04.2024 00:00;2.2;5;0.1;1.8;9.4;-1.1;81.6;5.8;833.1;;1375.9;;1003.4;1.9;9.1;6.8;32.8;8.9;32;;4.8;4.6;53;120;;;;102;37;7;1.3;0;56;17.8;9.8
BLA;02.04.2024 00:00;1.7;5.9;-1;1.7;10.3;-4.2;66.4;4.5;843.2;;1474.2;;1015.2;1.7;9.2;6.1;33.1;9;32.4;;0.1;1.8;56;201;;;;118;251;47;1.9;0;45;18.3;10.3
BLA;03.04.2024 00:00;2.5;4.9;-0.8;1.5;5.8;-2.8;77;5.6;843.7;;1478.5;;1015.7;1.3;5.2;4.7;18.7;5.1;18.4;;1.3;1.1;51;81;;;;79;0;0;1.1;0;49;17.5;9.5
BLA;04.04.2024 00:00;5.4;11.3;0.3;4;10.7;-1.4;67.4;5.8;847.6;;1515.6;;1020.3;1.5;7.1;5.4;25.6;6.7;24.1;;0;0.2;50;167;;;;142;56;10;2;0;45;14.6;6.6
BLA;05.04.2024 00:00;7.3;13.9;1.3;5.3;14.8;-1.2;54.7;5.3;849.7;;1535.6;;1022.7;1.8;8.4;6.5;30.2;8.1;29.2;;0;0;44;227;;;;91;372;67;2.8;0;50;12.7;4.7
BLA;06.04.2024 00:00;8.4;15.6;2.4;6.1;16.1;-0.2;44.9;4.6;851.8;;1556.2;;1025.1;1.8;7.1;6.5;25.6;6.8;24.5;;0;0;35;243;;;;71;482;86;3.1;0;45;11.6;3.6
BLA;07.04.2024 00:00;9.2;14.7;4.6;6.9;13.3;2.4;49.2;5.6;851;;1549.1;;1024.3;1.9;7.5;6.8;27;6.9;24.8;;0;0;29;149;;;;138;0;0;2.5;0;38;10.8;2.8
BLA;08.04.2024 00:00;9.9;15.9;4.8;7.7;15.3;2.6;48.1;5.7;846.2;;1501.7;;1018.7;1.6;9.5;5.8;34.2;9;32.4;;0.1;0;24;149;;;;112;130;23;2.5;0;56;10.1;2.1
BLA;09.04.2024 00:00;3.1;10;-1;2;6.7;-2.3;87.4;6.5;845.4;;1494.7;;1017.8;1.6;8.7;5.8;31.3;8.4;30.2;;17.1;17.2;18;38;;;;36;0;0;1;0;180;16.9;8.9
BLA;10.04.2024 00:00;0.8;4;-2.3;1.1;10.7;-3.5;85.4;5.5;851.7;;1555.1;;1025.1;1.2;5.3;4.3;19.1;5.1;18.4;;0.4;0.4;23;149;;;;133;22;4;1.4;0;202;19.2;11.2
BLA;11.04.2024 00:00;5.8;13.4;-0.2;5.6;16;-1.6;72.2;6.3;858;;1615.2;;1032.3;1.3;5.7;4.7;20.5;5.6;20.2;;0;0;18;260;;;;48;574;99;2.7;0;54;14.2;6.2
BLA;12.04.2024 00:00;7.8;15.2;1.6;6.4;17.3;-0.4;56.2;5.4;860;;1635.1;;1034.7;1.4;7;5;25.2;6.7;24.1;;0;0;10;258;;;;48;497;85;3;0;48;12.2;4.2
BLA;13.04.2024 00:00;9.8;17.3;3.3;8.1;20.8;-0.2;47.4;5.3;858.6;;1622.6;;1033.1;1.7;7.4;6.1;26.6;7.2;25.9;;0;0;1;268;;;;56;580;99;3.5;0;45;10.2;2.2
BLA;14.04.2024 00:00;10.8;18.2;4.3;10.2;23.5;0.9;44.4;5.3;854.6;;1583.4;;1028.4;1.8;7.5;6.5;27;7.3;26.3;;0;0;0;273;;;;33;585;99;3.7;0;43;9.2;1.2
BLA;15.04.2024 00:00;9.1;12.6;4.2;8;12.7;1.9;65.8;7.5;844.5;;1484.7;;1016.7;2.3;13.2;8.3;47.5;12.8;46.1;;2.5;2.2;0;75;;;;69;9;2;1.7;0;45;10.9;2.9
BLA;16.04.2024 00:00;2.1;6.8;-2;3.3;11.9;-2.2;60.8;4.2;838.9;;1432.4;;1010.2;3;14.7;10.8;52.9;14;50.4;;8.5;2.4;0;249;;;;130;279;47;2.5;0;219;17.9;9.9
BLA;17.04.2024 00:00;-1.9;2.4;-6.3;-1.4;1.7;-8.1;83.9;4.4;837.8;;1424;;1008.9;1.6;11.3;5.8;40.7;10.6;38.2;;3.2;9.2;15;145;;;;117;92;16;1.3;0;207;21.9;13.9
BLA;18.04.2024 00:00;-1.9;1.6;-6.2;-1.5;5.9;-8;59.4;3;840.9;;1452.8;;1012.5;2;11.1;7.2;40;10.6;38.2;;0.1;0.5;7;229;;;;102;271;45;1.9;0;45;21.9;13.9
BLA;19.04.2024 00:00;-2.2;1.2;-6.7;-2.2;2.6;-9.1;75.3;4;844.1;;1483.5;;1016.2;1.6;9;5.8;32.4;8.6;31;;16.2;13.8;2;96;;;;93;0;0;1;0;40;22.2;14.2
BLA;20.04.2024 00:00;-1.3;2.1;-6.1;-0.5;1.3;-6.8;66.7;3.6;843;;1472.7;;1014.9;1.8;11.6;6.5;41.8;11.2;40.3;;1.4;3.8;23;207;;;;157;96;16;1.7;0;68;21.3;13.3
BLA;21.04.2024 00:00;-3.6;1.6;-8.1;-3.7;5.3;-11.3;62;2.9;842.4;;1467.8;;1014.3;1.5;8.1;5.4;29.2;7.3;26.3;;0.5;0.5;13;175;;;;150;44;7;1.5;0;45;23.6;15.6
BLA;22.04.2024 00:00;-3.4;0.8;-8.7;-2.2;4.8;-12.1;71.9;3.4;840;;1444.9;;1011.4;1.5;5.9;5.4;21.2;5.6;20.2;;0.7;0.5;11;179;;;;169;10;2;1.4;0;270;23.4;15.4
BLA;23.04.2024 00:00;-1.7;2.5;-7.6;-0.6;7.7;-7.5;56.2;2.9;837.6;;1421.4;;1008.6;1.7;11;6.1;39.6;10.6;38.2;;0;0.2;11;274;;;;136;427;69;2.1;0;42;21.7;13.7
BLA;24.04.2024 00:00;-1.4;2.3;-5.3;-0.7;7.2;-7.1;61.3;3.3;837.3;;1418.3;;1008.3;1.8;12.1;6.5;43.6;11.3;40.7;;0.1;0.1;6;268;;;;103;365;59;2.2;0;45;21.4;13.4
BLA;25.04.2024 00:00;-0.7;4.7;-5.4;0.2;9.9;-7.4;53.5;3;835.9;;1404.8;;1006.7;1.9;7.3;6.8;26.3;7.1;25.6;;0;0;5;336;;;;71;605;97;2.8;0;42;20.7;12.7
BLA;26.04.2024 00:00;2.8;8;-2;3.5;16.1;-3.9;54.9;4;836.9;;1412.9;;1007.9;1.6;9.2;5.8;33.1;8.9;32;;0;0;0;227;;;;164;161;26;2.4;0;63;17.2;9.2
BLA;27.04.2024 00:00;4.8;10.1;-1.4;5.7;16.2;-3.4;53.9;4.4;840.5;;1446.9;;1012;2.3;14.3;8.3;51.5;13.7;49.3;;0;0;0;302;;;;97;427;68;3.2;0;58;15.2;7.2
BLA;28.04.2024 00:00;6.2;10.6;2.8;6;14.6;0.8;65.2;6.1;845.2;;1491.9;;1017.5;1.7;13.5;6.1;48.6;13;46.8;;0;0;0;98;;;;94;0;0;1.8;0;63;13.8;5.8
BLA;29.04.2024 00:00;8.1;14.1;1.2;8.5;20.5;-1;56;5.8;849.2;;1530.8;;1022.1;1.7;13.4;6.1;48.2;12.7;45.7;;0;0;0;245;;;;122;338;52;3.1;0;49;11.9;3.9
BLA;30.04.2024 00:00;9.3;14.5;3.2;9.3;19.8;0.8;54.4;6;847;;1509.8;;1019.6;2;11.7;7.2;42.1;11.2;40.3;;1.6;0.8;0;203;;;;157;146;22;3;0;48;10.7;2.7
BLA;01.05.2024 00:00;7.4;10.4;5.1;7;13;4.4;79.6;8.1;838.8;;1429.2;;1010.1;1.9;8.5;6.8;30.6;8.1;29.2;;0.6;1.2;0;105;;;;101;0;0;1.7;0;135;12.6;4.6
BLA;02.05.2024 00:00;6.1;12.6;2.3;7.1;20.2;2.2;84.9;7.8;834.9;;1390.9;;1005.5;2.1;12.5;7.6;45;11.9;42.8;;1.6;1.7;0;195;;;;148;84;13;2.4;0;212;13.9;5.9
BLA;03.05.2024 00:00;3.7;6.9;0;4.3;10.5;-1.5;87.6;6.9;843;;1471.1;;1014.9;1.5;5.6;5.4;20.2;5.5;19.8;;1.2;1.3;0;128;;;;118;12;2;1.4;0;221;16.3;8.3
BLA;04.05.2024 00:00;6;11.6;-1;7;18.1;-2.6;63.8;5.6;844.7;;1487.4;;1016.9;1.5;7.3;5.4;26.3;7.1;25.6;;0.1;0;0;251;;;;149;309;46;2.8;0;45;14;6
BLA;05.05.2024 00:00;8;12.4;4.6;7.8;14.7;4;75.9;8.1;844.4;;1484.6;;1016.6;1.4;8.6;5;31;8.2;29.5;;1.6;1.7;0;111;;;;96;38;6;1.8;0;34;12;4
BLA;06.05.2024 00:00;6.4;11;3.9;6.4;15;2.8;87.9;8.4;841.7;;1458.2;;1013.5;1.5;6.1;5.4;22;5.8;20.9;;15.4;13.8;0;75;;;;73;0;0;1.3;0;45;13.6;5.6
BLA;07.05.2024 00:00;2.9;4.9;0.3;3.1;6.9;0;95.6;7.2;843.9;;1480.2;;1016;0.9;5;3.2;18;4.8;17.3;;14.2;15.8;0;71;;;;69;0;0;0.9;0;207;17.1;9.1
BLA;08.05.2024 00:00;5.8;11.5;0.6;7.2;18.8;-0.8;81.3;7.4;848.9;;1528.4;;1021.8;1.4;5.4;5;19.4;5.3;19.1;;0;0;0;228;;;;140;267;38;2.5;0;225;14.2;6.2
BLA;09.05.2024 00:00;8;15.9;0.5;8.7;24.5;-2.1;65;6.5;850.1;;1539.6;;1023.2;1.3;6.2;4.7;22.3;6;21.6;;0;0;0;273;;;;47;605;86;3.3;0;36;12;4
BLA;10.05.2024 00:00;9.5;16.7;2.5;10.1;24.8;-1;59.1;6.6;850.1;;1540.1;;1023.3;1.6;9.6;5.8;34.6;8.7;31.3;;0;0;0;302;;;;53;549;78;3.8;0;45;10.5;2.5
BLA;11.05.2024 00:00;11.2;17.5;3.7;12.8;25.7;0.1;54.9;6.9;849.8;;1536.5;;1022.8;1.8;7.2;6.5;25.9;7;25.2;;0;0;0;341;;;;46;703;99;4.3;0;40;8.8;0.8
BLA;12.05.2024 00:00;11.2;17.9;6.4;12.4;27.7;4.6;66.8;8.4;848.3;;1522.4;;1021.2;1.7;9.8;6.1;35.3;9.4;33.8;;9.9;9.6;0;223;;;;110;271;38;3.3;0;39;8.8;0.8
BLA;13.05.2024 00:00;8.5;13.8;3.8;9.1;21.8;0.5;80.8;8.7;845.3;;1492.7;;1017.6;1.5;10.3;5.4;37.1;9.8;35.3;;7.3;7.6;0;187;;;;133;118;17;2.5;0;45;11.5;3.5
BLA;14.05.2024 00:00;9.8;16.8;2.4;11.2;25.6;-0.7;69.2;7.9;839.9;;1439.3;;1011.4;1.5;11.5;5.4;41.4;11.2;40.3;;1.8;0.5;0;290;;;;84;491;69;3.6;0;56;10.2;2.2
BLA;15.05.2024 00:00;7.9;13.4;3.2;8.6;22.2;0.3;81.8;8.6;837.7;;1418.6;;1008.8;1.5;7.7;5.4;27.7;7.3;26.3;;0.6;1.5;0;186;;;;139;112;16;2.4;0;225;12.1;4.1
BLA;16.05.2024 00:00;5;10.2;2.7;5.4;15.3;0.2;89.8;7.7;837.3;;1415.3;;1008.3;1.4;7.8;5;28.1;7.6;27.4;;16.5;16.7;0;90;;;;70;64;9;1.4;0;180;15;7
BLA;17.05.2024 00:00;7.4;12.7;2.2;9.7;22.8;0.6;68.9;6.8;840.6;;1446.8;;1012.1;1.4;8.3;5;29.9;8;28.8;;0;0.2;0;311;;;;138;390;54;3.5;0;233;12.6;4.6
BLA;18.05.2024 00:00;9.1;14.4;4.8;10.7;23.7;2.6;67.6;7.5;843.1;;1470.7;;1015;1.4;7.7;5;27.7;7.5;27;;0.8;0.2;0;225;;;;123;282;39;3;0;198;10.9;2.9
BLA;19.05.2024 00:00;9.6;14.6;4.6;10.9;24.9;2.2;67.7;7.7;843;;1470.3;;1015;1.4;7.2;5;25.9;7;25.2;;0;0.6;0;246;;;;144;258;36;3.2;0;90;10.4;2.4
BLA;20.05.2024 00:00;10.1;15.3;4.3;11;26.1;0.5;63.1;7.5;841.5;;1454.8;;1013.2;1.6;8.9;5.8;32;8.5;30.6;;4.6;0;0;234;;;;146;256;36;3.2;0;72;9.9;1.9
BLA;21.05.2024 00:00;7.8;12.8;4.9;9.1;23.5;2.4;81.6;8.5;840.3;;1444.1;;1011.8;1.2;6.8;4.3;24.5;6.3;22.7;;2.2;6.5;0;160;;;;129;60;8;2.2;0;39;12.2;4.2
BLA;22.05.2024 00:00;8.9;14.9;5.4;11.8;29.2;4.5;76.4;8.5;843.6;;1475.9;;1015.6;1.8;9;6.5;32.4;8.7;31.3;;5.6;1.5;0;271;;;;154;272;38;3.5;0;219;11.1;3.1
BLA;23.05.2024 00:00;6.8;11.1;4.6;8.7;21.6;2.3;86.1;8.4;846.1;;1501.4;;1018.6;1.5;7.6;5.4;27.4;7.4;26.6;;2.5;6.9;0;179;;;;142;107;15;2.3;0;180;13.2;5.2
BLA;24.05.2024 00:00;6.9;10.5;3.8;9;22.7;2.1;82.9;8.1;847.5;;1514.4;;1020.2;1.6;7.9;5.8;28.4;7.6;27.4;;5.3;5.3;0;218;;;;133;216;30;2.5;0;63;13.1;5.1
BLA;25.05.2024 00:00;7.2;11.8;3.5;8.7;22.4;-0.9;78.8;7.9;847.5;;1515;;1020.2;1.5;8.6;5.4;31;8.1;29.2;;0.7;0.7;0;213;;;;135;196;27;2.6;0;45;12.8;4.8
BLA;26.05.2024 00:00;10.1;15.6;2.2;10.8;28.3;-2.1;60.2;7.1;849.5;;1533.7;;1022.5;1.3;6.5;4.7;23.4;6.4;23;;3.4;0;0;255;;;;137;347;48;3.3;0;45;9.9;1.9
BLA;27.05.2024 00:00;9.4;15;6.1;10.5;22.7;5.3;84;9.7;849;;1529.4;;1022;1.3;8.8;4.7;31.7;8.3;29.9;;10.2;13.6;0;126;;;;112;23;3;2;0;135;10.6;2.6
BLA;28.05.2024 00:00;8.8;14.7;4.1;11.8;27.5;0.5;73.4;8;848.7;;1525.9;;1021.5;1.6;7.5;5.8;27;6.8;24.5;;0;0;0;367;;;;94;647;89;4.2;0;225;11.2;3.2
BLA;29.05.2024 00:00;9.7;14.9;3.9;10.4;23.8;1.5;68.1;8;846.1;;1500.9;;1018.6;1.2;6.8;4.3;24.5;6.3;22.7;;7.8;0.8;0;162;;;;134;112;15;2.4;0;45;10.3;2.3
BLA;30.05.2024 00:00;9.2;14.4;5.2;11.6;26.8;5.1;83.2;9.4;839.9;;1439.9;;1011.4;1.6;8.3;5.8;29.9;7.9;28.4;;5.8;11.9;0;200;;;;135;142;20;2.7;0;0;10.8;2.8
BLA;31.05.2024 00:00;3.9;5.2;2.6;5.4;8;3.1;94.1;7.6;840.8;;1450.5;;1012.4;1.1;6.7;4;24.1;6.2;22.3;;10.7;11.6;0;59;;;;58;0;0;0.9;0;217;16.1;8.1
BLA;01.06.2024 00:00;8.1;14.7;1.6;11.3;26.9;-0.6;77.5;8.1;845.3;;1493;;1017.6;1.2;7.5;4.3;27;7.3;26.3;;0;0;0;291;;;;167;339;47;3.4;0;180;11.9;3.9
BLA;02.06.2024 00:00;8.5;11.8;6.7;10.4;18.2;5.8;89.5;9.9;847.6;;1515.1;;1020.3;1.1;4.9;4;17.6;4.6;16.6;;4.6;4.6;0;139;;;;127;23;3;2;0;233;11.5;3.5
BLA;03.06.2024 00:00;9.8;16.5;4.3;10.9;27;0.5;76.3;9;846.5;;1504;;1019;1.2;10.5;4.3;37.8;10.1;36.4;;0.3;0.3;0;227;;;;146;220;30;3.1;0;27;10.2;2.2
BLA;04.06.2024 00:00;11.2;18.8;3;12.9;33.3;-1.4;69.8;8.9;845.7;;1496.3;;1018.1;1.4;7;5;25.2;6.7;24.1;;0;0;0;320;;;;85;547;75;4.1;0;219;8.8;0.8
BLA;05.06.2024 00:00;12.7;19;6.1;13.4;28.3;2.6;62.5;8.6;847.5;;1514.3;;1020.2;1.3;6.6;4.7;23.8;6.5;23.4;;0;0;0;288;;;;120;446;61;4;0;180;0;0
BLA;06.06.2024 00:00;12;19.9;6.6;12.5;27.3;2.8;71.4;9.4;850.5;;1544;;1023.7;1.4;7.4;5;26.6;6.9;24.8;;9.5;9.5;0;208;;;;89;341;47;3.3;0;63;8;0
BLA;07.06.2024 00:00;13.3;21;7.1;14.1;28;4.3;76.9;11.2;850.8;;1546.9;;1024;1.7;9.5;6.1;34.2;9.2;33.1;;3.8;3.8;0;232;;;;126;278;38;3.6;0;56;0;0
BLA;08.06.2024 00:00;12.4;18.1;6.8;12.3;24.5;3.7;82.4;11.7;847.5;;1513.7;;1020.1;1.6;10.5;5.8;37.8;10.1;36.4;;3;2.8;0;136;;;;102;98;13;2.3;0;45;0;0
BLA;09.06.2024 00:00;13.1;20;7.9;13.7;28.1;7.2;76.9;11.1;841.2;;1451.4;;1012.9;1.5;9.1;5.4;32.8;8.6;31;;13.5;12.7;0;193;;;;152;84;11;3.1;0;45;0;0
BLA;10.06.2024 00:00;10.5;16.5;5.8;12.5;26.3;2.3;81.9;10.3;840.9;;1449.1;;1012.5;1.6;9.9;5.8;35.6;9.1;32.8;;0;1;0;305;;;;130;381;52;3.8;0;219;9.5;1.5
BLA;11.06.2024 00:00;9;12.9;5.3;9.8;19.8;2.3;78.3;8.9;842.9;;1469.6;;1014.9;1.3;8.8;4.7;31.7;8.1;29.2;;0;0;0;149;;;;124;56;8;2.2;0;220;11;3
BLA;12.06.2024 00:00;8.5;14.1;3.1;11.2;25;-1.4;69.9;7.5;844.8;;1488.4;;1017.1;1.9;9.5;6.8;34.2;9;32.4;;0;0;0;351;;;;126;468;64;4;0;221;11.5;3.5
BLA;13.06.2024 00:00;8.7;15.5;1.6;10.2;25.9;-1.8;64.6;6.8;846.5;;1504.3;;1019;1.4;7.6;5;27.4;7.4;26.6;;0;0;0;360;;;;80;677;92;4.2;0;243;11.3;3.3
BLA;14.06.2024 00:00;9.2;12.2;5.3;9;13.2;1.9;85.9;10;846.4;;1503.7;;1018.9;1.2;6.1;4.3;22;5.9;21.2;;13.4;3.4;0;71;;;;69;0;0;1.3;0;53;10.8;2.8
BLA;15.06.2024 00:00;10;14.5;6.8;10.9;23.8;4.3;90.1;11;843.2;;1472;;1015.2;1.2;6.2;4.3;22.3;6;21.6;;1.5;11.5;0;142;;;;111;69;9;2.1;0;0;10;2
BLA;16.06.2024 00:00;11.3;17.5;4.6;12.4;28;-0.5;70;8.9;844.3;;1482.6;;1016.5;1.2;7.4;4.3;26.6;6.8;24.5;;0;0;0;269;;;;96;426;58;3.6;0;225;8.7;0.7
BLA;17.06.2024 00:00;14.2;20.5;7.3;15;29.9;2.7;63;9.6;847.8;;1516.7;;1020.5;1.6;7.9;5.8;28.4;7.9;28.4;;0;0;0;299;;;;153;396;54;4.3;0;225;0;0
BLA;18.06.2024 00:00;14.4;21.9;6.9;14.5;29.9;1.3;66.8;10.4;849.6;;1534.4;;1022.6;1.3;6.3;4.7;22.7;6.2;22.3;;0;0;0;323;;;;111;674;91;4.6;0;90;0;0
BLA;19.06.2024 00:00;15.3;23.5;7.8;15.8;31.7;2.8;69.4;11.6;849.7;;1536;;1022.8;1.6;8.8;5.8;31.7;8.7;31.3;;0.9;0;0;311;;;;83;585;79;4.7;0;202;0;0
BLA;20.06.2024 00:00;13.8;17.7;10.2;13.9;21.5;8.2;88.9;14;852.4;;1563;;1025.9;1.4;11.2;5;40.3;10.1;36.4;;10.7;6.4;0;104;;;;96;20;3;1.8;0;56;0;0
BLA;21.06.2024 00:00;10.4;13.9;7.2;10.5;17.1;6.8;96;12.1;849.3;;1531.7;;1022.2;1.7;7.9;6.1;28.4;7.5;27;;27.3;32.5;0;44;;;;41;1;0;1;0;54;9.6;1.6
BLA;22.06.2024 00:00;9.1;14.1;4.9;10.2;20.7;1.5;90.8;10.5;847.1;;1510.2;;1019.7;1.3;11.5;4.7;41.4;10.6;38.2;;7.6;7.6;0;165;;;;141;54;7;2.2;0;225;10.9;2.9
BLA;23.06.2024 00:00;9.5;15.7;5.1;10.7;23.5;3;85.8;10;846.7;;1506.4;;1019.2;1.1;4.4;4;15.8;4.1;14.8;;0;0;0;162;;;;138;62;8;2.4;0;225;10.5;2.5
BLA;24.06.2024 00:00;13.6;21.6;5.5;14;29.9;1.3;73.4;11;846.7;;1505.9;;1019.2;1.4;7.7;5;27.7;7.4;26.6;;0;0;0;259;;;;106;424;57;3.8;0;207;0;0
BLA;25.06.2024 00:00;13.5;20.8;7.5;14.4;30;4.5;75.8;11.2;845.7;;1496.3;;1018.1;1.4;7.7;5;27.7;7.4;26.6;;0.9;0.9;0;224;;;;101;342;46;3.5;0;180;0;0
BLA;26.06.2024 00:00;12.9;19.5;7.1;13.4;25.5;4.2;79.5;11.5;845.9;;1497.8;;1018.3;1.4;8.8;5;31.7;8.4;30.2;;1.3;1.3;0;209;;;;123;215;29;3.1;0;135;0;0
BLA;27.06.2024 00:00;15.7;22.9;9.1;17;30.6;7;66.3;11.3;847.9;;1518.1;;1020.7;1.4;6.6;5;23.8;6.5;23.4;;0;0;0;295;;;;116;462;63;4.5;0;45;0;0
BLA;28.06.2024 00:00;17.2;23.8;10.4;18;31.8;7.9;63;12;851.7;;1555.6;;1025;1.2;5.8;4.3;20.9;5.7;20.5;;0;0;0;244;;;;129;295;40;4;0;41;0;0
BLA;29.06.2024 00:00;15.1;22.7;10.1;14.7;27.3;7.2;79.9;13.4;848.9;;1528;;1021.8;1.6;11.6;5.8;41.8;10.8;38.9;;11.8;11.8;0;138;;;;96;225;31;2.7;0;63;0;0
BLA;30.06.2024 00:00;12.9;16.9;8.3;12.7;20.5;6.4;90.5;13.4;845.9;;1497.8;;1018.3;1.1;5.4;4;19.4;5.1;18.4;;1.1;0.4;0;91;;;;77;24;3;1.6;0;45;0;0
BLA;01.07.2024 00:00;11.7;17.8;7.9;12.6;25.7;6.5;84.6;11.4;847.2;;1511.6;;1019.9;1.3;6.6;4.7;23.8;6.4;23;;3;3.6;0;181;;;;119;151;21;2.8;0;34;8.3;0.3
BLA;02.07.2024 00:00;12.2;17.6;6.7;14.2;25.9;4.9;70.1;9.5;845.7;;1495.9;;1018.1;1.7;13.3;6.1;47.9;11.9;42.8;;0;0.1;0;341;;;;91;558;76;4.4;0;270;0;0
BLA;03.07.2024 00:00;9.5;13.8;6.9;10.4;22.3;6.5;88.6;10.4;843.3;;1473.1;;1015.3;1.1;6.1;4;22;5.8;20.9;;2.2;2.2;0;144;;;;113;87;12;2.1;0;207;10.5;2.5
BLA;04.07.2024 00:00;12.7;20;5.5;14.9;27.9;3.7;65;8.9;845.6;;1495.5;;1018;1.6;9.7;5.8;34.9;9.4;33.8;;0;0;0;377;;;;72;698;96;5;0;207;0;0
BLA;05.07.2024 00:00;14.7;23.6;5.3;15.7;29.1;1.5;68.1;10.7;847.1;;1509.6;;1019.7;1.7;7.6;6.1;27.4;7.4;26.6;;0;0;0;356;;;;69;712;98;5.1;0;207;0;0
BLA;06.07.2024 00:00;13.2;20.3;8.9;13.2;25.7;5.1;86.1;12.9;844.7;;1485.6;;1016.9;1.3;6.5;4.7;23.4;5.9;21.2;;19.6;19.6;0;147;;;;95;173;24;2.5;0;153;0;0
BLA;07.07.2024 00:00;12.7;18.4;9.1;14.5;26.8;8.5;88.9;13;845.8;;1496.9;;1018.2;1.3;6.6;4.7;23.8;5.8;20.9;;0.3;0.3;0;220;;;;125;231;32;3.1;0;236;0;0
BLA;08.07.2024 00:00;15.2;22.6;9.5;17.5;29.2;7;73.1;12;849.4;;1532.9;;1022.4;1.5;7.2;5.4;25.9;6.7;24.1;;0;0;0;352;;;;56;685;94;5;0;214;0;0
BLA;09.07.2024 00:00;16.7;24.6;8.8;17.8;32.2;6;67.6;12.1;850.8;;1546.9;;1024;1.4;7;5;25.2;6.4;23;;0;0;0;318;;;;83;636;87;4.8;0;194;0;0
BLA;10.07.2024 00:00;16.5;22.7;11.8;17.1;31.9;9.8;74.2;13.5;851.5;;1553.9;;1024.8;1.2;6.2;4.3;22.3;6;21.6;;2;2;0;181;;;;136;92;13;3.2;0;180;0;0
BLA;11.07.2024 00:00;17.4;24.9;11.3;19;31;10.1;70.3;13.3;850.7;;1546;;1023.9;1.6;10.3;5.8;37.1;9.2;33.1;;9.5;0;0;307;;;;93;513;71;4.8;0;236;0;0
BLA;12.07.2024 00:00;12.3;17.5;6.7;12.7;23.2;4.8;92.9;13.3;847.9;;1517.9;;1020.6;1.3;6.1;4.7;22;5.8;20.9;;12.1;21.6;0;104;;;;83;44;6;1.7;0;90;0;0
BLA;13.07.2024 00:00;11.7;18.4;6.9;14;26.3;3.9;82.1;11.1;845.4;;1493.2;;1017.7;1.7;6.9;6.1;24.8;6.6;23.8;;0;0;0;333;;;;96;612;84;4.3;0;219;8.3;0.3
BLA;14.07.2024 00:00;13.9;21.7;5.2;15;27.2;2.3;64.4;9.5;847.6;;1514.8;;1020.3;1.5;7.3;5.4;26.3;6.3;22.7;;0;0;0;320;;;;78;598;82;4.5;0;214;0;0
BLA;15.07.2024 00:00;17;24.1;9;18.1;31.3;6.5;70.1;12.8;847.9;;1517.2;;1020.6;1.3;7.3;4.7;26.3;7.1;25.6;;18.4;16.7;0;243;;;;126;331;46;3.9;0;72;0;0
BLA;16.07.2024 00:00;14.8;22;8.4;16.2;28.9;6.1;77.6;12.4;849.4;;1533.2;;1022.4;1.3;7.6;4.7;27.4;7.3;26.3;;0;1.7;0;259;;;;93;375;52;3.8;0;270;0;0
BLA;17.07.2024 00:00;14.6;20.8;8.4;17;28.3;6.5;80.1;13.1;851.6;;1554.5;;1024.9;1.5;8;5.4;28.8;7.5;27;;0;0;0;336;;;;80;626;86;4.5;0;230;0;0
BLA;18.07.2024 00:00;16.5;24.5;8.9;17.6;30.9;6.2;70.3;12.5;853;;1568.9;;1026.6;1.4;6.6;5;23.8;6.4;23;;0;0;0;335;;;;55;722;100;4.9;0;194;0;0
BLA;19.07.2024 00:00;16;24.2;9.6;16.5;30.6;6.5;68.3;11.4;852.4;;1562.4;;1025.8;1.5;8.9;5.4;32;8.7;31.3;;2.4;2.4;0;281;;;;68;528;73;4.4;0;146;0;0
BLA;20.07.2024 00:00;16.1;23.7;9.3;16.9;33.3;6.9;67.9;11.7;846.8;;1506.5;;1019.4;1.1;6.4;4;23;5.8;20.9;;1.8;0;0;290;;;;87;532;74;4.3;0;56;0;0
BLA;21.07.2024 00:00;13.9;19.1;10;14.3;26.6;6.7;85.2;13.5;845.8;;1496.7;;1018.2;1.5;8.8;5.4;31.7;8.3;29.9;;4.9;6.6;0;164;;;;114;134;19;2.6;0;180;0;0
BLA;22.07.2024 00:00;15.3;21.1;10.4;17.1;30.2;8;82.8;14.1;850.3;;1542.3;;1023.5;1.5;6.4;5.4;23;6;21.6;;0;0.1;0;248;;;;122;326;45;3.6;0;225;0;0
BLA;23.07.2024 00:00;16.2;22.6;11.1;18.3;32.3;8.9;72.8;12.9;852.3;;1561.6;;1025.7;1.6;9.1;5.8;32.8;8.4;30.2;;0;0;0;318;;;;87;516;72;4.7;0;225;0;0
BLA;24.07.2024 00:00;14.6;21.9;8.5;16.1;29.8;4.6;71.5;11.3;850.2;;1540.4;;1023.3;1.4;8.5;5;30.6;8;28.8;;0;0;0;331;;;;75;685;95;4.6;0;270;0;0
BLA;25.07.2024 00:00;15.2;22.9;7.6;16.2;29.8;4.2;71.4;11.9;847.5;;1513.5;;1020.2;1.5;7;5.4;25.2;6.8;24.5;;0;0;0;327;;;;55;710;99;4.6;0;211;0;0
BLA;26.07.2024 00:00;17.3;24.9;9.4;18.5;31.4;5.7;68.5;13;847.6;;1515.1;;1020.4;1.5;7.3;5.4;26.3;6.9;24.8;;0;0;0;329;;;;52;703;98;4.9;0;196;0;0
BLA;27.07.2024 00:00;18.3;26;12.6;19.1;34.8;9.7;70;13.8;850.4;;1542.9;;1023.6;1.4;8.7;5;31.3;8.4;30.2;;2.2;1.5;0;270;;;;88;450;63;4.4;0;198;0;0
BLA;28.07.2024 00:00;18.2;25.5;11.3;18.9;34;5.8;68.9;13.9;854.3;;1582.4;;1028.1;1.3;7.2;4.7;25.9;6.8;24.5;;0;0.7;0;291;;;;90;531;74;4.5;0;0;0;0
BLA;29.07.2024 00:00;17.9;26.2;10.3;17.6;33.9;5.4;54.8;10.4;854.4;;1583.3;;1028.2;1.6;13;5.8;46.8;12.9;46.4;;0;0;0;326;;;;45;707;99;5.1;0;104;0;0
BLA;30.07.2024 00:00;18.9;27.4;10.9;18.2;35.7;6.2;57;11.9;853.1;;1569.6;;1026.6;1.3;9.1;4.7;32.8;8.9;32;;0;0;0;274;;;;95;519;73;4.5;0.6;59;0;0
BLA;31.07.2024 00:00;16.9;26.9;11.9;16.8;34.8;6.5;71.4;12.9;851.2;;1550.9;;1024.5;1.4;17;5;61.2;15.4;55.4;;7.8;7.3;0;235;;;;73;438;62;4.1;0;153;0;0
BLA;01.08.2024 00:00;14.6;21.5;10.8;14.8;29.8;8.8;87.2;14.4;849.3;;1531.6;;1022.2;1.5;7.3;5.4;26.3;6.8;24.5;;9.5;10;0;144;;;;77;180;26;2.5;0;51;0;0
BLA;02.08.2024 00:00;14.9;21.5;9.9;15.1;29.3;7.4;79.1;13;847.4;;1512.4;;1020;1.5;9.1;5.4;32.8;8.8;31.7;;7.2;7.2;0;171;;;;93;197;28;2.9;0;59;0;0
BLA;03.08.2024 00:00;14.5;21.9;9.9;16;31.2;6.6;78.9;12.6;847.1;;1509.5;;1019.7;1.4;9;5;32.4;7.9;28.4;;0;0;0;282;;;;94;518;75;4.1;0;360;0;0
BLA;04.08.2024 00:00;14.7;21.7;8;15.6;30.5;4.4;75.4;12.2;848.5;;1524.2;;1021.4;1.4;9.2;5;33.1;8.6;31;;0;0;0;301;;;;99;636;92;4.1;0;0;0;0
BLA;05.08.2024 00:00;15.6;24.5;8.3;16;30.8;4;73.2;12.5;848;;1518.6;;1020.8;1.4;11.6;5;41.8;10.7;38.5;;0;0;0;310;;;;43;691;100;4.5;0;207;0;0
BLA;06.08.2024 00:00;16.6;24.8;9.2;16.4;31.8;4.9;67.9;12.3;847.6;;1514.6;;1020.3;1.4;8.5;5;30.6;8.2;29.5;;1.9;0;0;304;;;;53;639;94;4.5;0;207;0;0
BLA;07.08.2024 00:00;14.8;21.4;10;14;29.2;5.5;77.2;12.9;848.9;;1527.5;;1021.8;1.3;16.8;4.7;60.5;16.2;58.3;;2.9;4.8;0;170;;;;110;173;26;2.8;0;56;0;0
BLA;08.08.2024 00:00;15.6;23.3;8.7;15.9;31.1;3.9;71.1;12.2;850.2;;1540.4;;1023.3;1.4;9.2;5;33.1;7.7;27.7;;0;0;0;276;;;;83;512;77;4;0;207;0;0
BLA;09.08.2024 00:00;16.2;24.8;8.6;17;31.3;5.9;68.4;12;852.7;;1565.8;;1026.2;1.3;12.7;4.7;45.7;11.8;42.5;;0;0;0;302;;;;47;647;98;4.4;0;180;0;0
BLA;10.08.2024 00:00;17.3;26;9.3;17.9;32;6.3;68.9;13.1;854.8;;1587.4;;1028.7;1.2;5.6;4.3;20.2;5.4;19.4;;0;0;0;298;;;;35;659;100;4.4;0;225;0;0
BLA;11.08.2024 00:00;18.6;27.8;11.7;18.6;33.8;9.2;71;14.7;853.5;;1574.1;;1027.2;1;4.8;3.6;17.3;4.6;16.6;;0;0;0;237;;;;56;448;69;3.9;0.3;90;0;0
BLA;12.08.2024 00:00;16.6;27.1;9.6;16.8;33.6;7.7;73.5;13.3;850.7;;1545.4;;1023.9;1.5;20;5.4;72;19.5;70.2;;4.2;4.2;0;210;;;;56;411;65;3.7;0;68;0;0
BLA;13.08.2024 00:00;16.3;26;8.5;17.1;32;6.3;72.4;12.4;847.8;;1516.9;;1020.6;1.2;7.7;4.3;27.7;7.1;25.6;;17.8;17.8;0;277;;;;54;589;94;4.2;0;135;0;0
BLA;14.08.2024 00:00;14.1;20.5;9.7;14.2;26.9;7.8;83.4;13.2;848.9;;1528.1;;1021.8;1.3;8.5;4.7;30.6;8.2;29.5;;0.7;0.7;0;179;;;;94;244;39;2.7;0;180;0;0
BLA;15.08.2024 00:00;14.7;24.1;8.8;14.7;29.4;6.4;77.9;12.5;851.5;;1554;;1024.9;1.1;5.1;4;18.4;4.8;17.3;;0.8;0.8;0;206;;;;62;393;63;3.2;0;72;0;0
BLA;16.08.2024 00:00;16.1;23.9;9;16.5;29.5;6.8;75.4;13.4;851.1;;1549.6;;1024.3;1.2;6.6;4.3;23.8;6.3;22.7;;0.5;0;0;237;;;;66;424;68;3.5;0;180;0;0
BLA;17.08.2024 00:00;14.3;16.5;12.1;14.3;17.4;11.8;95.3;15.6;848.3;;1522.1;;1021.1;0.9;3.2;3.2;11.5;3.1;11.2;;27.7;21.6;0;55;;;;53;0;0;1.1;0;45;0;0
BLA;18.08.2024 00:00;12.3;15.9;10.2;12.7;20.3;9.7;92.9;13.2;844.7;;1486.2;;1016.9;1.1;6.3;4;22.7;6;21.6;;0.2;6.8;0;105;;;;96;22;4;1.7;0;207;0;0
BLA;19.08.2024 00:00;13.4;18.9;10.1;15.2;25.5;9.4;86.8;13.2;846.9;;1507.7;;1019.4;1.4;6.5;5;23.4;6.1;22;;0;0;0;251;;;;102;481;79;3.3;0;225;0;0
BLA;20.08.2024 00:00;15.1;21.9;9;16.3;27.9;7.2;82.4;13.9;846.9;;1507.9;;1019.5;1.3;5.9;4.7;21.2;5.4;19.4;;0;0;0;276;;;;42;589;98;3.7;0;225;0;0
BLA;21.08.2024 00:00;13.3;20;8.3;13.8;25.6;5.6;82.5;12.3;849.3;;1531.9;;1022.3;1.4;7.2;5;25.9;6.9;24.8;;0;0;0;274;;;;60;564;94;3.5;0;217;0;0
BLA;22.08.2024 00:00;14.4;23.3;7.2;14.4;28.1;4.4;75.1;11.7;848.2;;1520.4;;1021;1.2;5.7;4.3;20.5;5.6;20.2;;0;0;0;267;;;;46;594;99;3.7;0;198;0;0
BLA;23.08.2024 00:00;15.3;24.8;8.1;14.9;29;4.8;66.3;10.8;849.6;;1535.2;;1022.7;1.2;6.3;4.3;22.7;6.1;22;;0;0;0;265;;;;42;593;100;3.8;0;180;0;0
BLA;24.08.2024 00:00;16.6;25.1;9;16.6;30.1;5.8;68.8;12.3;850.2;;1541.1;;1023.4;1.5;7.8;5.4;28.1;7.5;27;;1.6;1;0;245;;;;53;531;90;3.8;0;180;0;0
BLA;25.08.2024 00:00;13.5;17.1;10.9;14.8;24.5;9.6;92.2;14.2;851.6;;1554.2;;1024.9;1.5;7.1;5.4;25.6;6.7;24.1;;2.4;3;0;193;;;;113;209;36;2.5;0;221;0;0
BLA;26.08.2024 00:00;13.8;19.3;10.3;15.6;25.5;9.6;87.2;13.5;851;;1548.5;;1024.2;1.4;7.1;5;25.6;6.9;24.8;;0;0;0;241;;;;65;455;78;3.1;0;221;0;0
BLA;27.08.2024 00:00;14.6;23;7.9;14.9;28.5;5.5;76.5;12;851.4;;1552.6;;1024.7;1.1;5.4;4;19.4;5.3;19.1;;0;0;0;240;;;;52;511;87;3.3;0;135;0;0
BLA;28.08.2024 00:00;14.4;22.4;8.7;13.7;28.6;6;77.3;12.4;852.4;;1562.4;;1025.9;0.9;3.4;3.2;12.2;3.1;11.2;;0;0;0;163;;;;59;299;51;2.5;0;68;0;0
BLA;29.08.2024 00:00;15.6;24.7;9.4;15.2;29.6;6.7;72.7;12.3;853;;1568.9;;1026.6;1;6.7;3.6;24.1;6.5;23.4;;0;0;0;214;;;;46;440;76;3.2;0;117;0;0
BLA;30.08.2024 00:00;16;25.1;9.6;15.4;31.3;6.4;67.3;11.5;852.4;;1562.8;;1025.9;1;5;3.6;18;4.8;17.3;;0;0;0;221;;;;54;491;86;3.3;0;104;0;0
BLA;31.08.2024 00:00;15.9;24.9;9.5;15;31.1;5.5;64.4;10.9;852.4;;1562.9;;1025.9;1.1;5.3;4;19.1;5;18;;0;0;0;214;;;;64;439;78;3.3;0;108;0;0
BLA;01.09.2024 00:00;14.8;23.3;9.7;14.2;29.8;6.1;71;11.6;850.1;;1540.2;;1023.3;1;8.2;3.6;29.5;8;28.8;;0;0;0;167;;;;56;272;48;2.7;0;104;0;0
BLA;02.09.2024 00:00;13.7;18.8;9.1;13.4;23.2;6.8;81.1;12.4;848.4;;1522.7;;1021.2;0.9;4.5;3.2;16.2;4.2;15.1;;0;0;0;114;;;;73;119;21;1.8;0;135;0;0
BLA;03.09.2024 00:00;14.3;20;10.7;14.1;25.6;8.4;80.6;12.9;849.6;;1534.4;;1022.6;1;4.7;3.6;16.9;4.5;16.2;;0.5;0.5;0;123;;;;108;19;3;2;0;63;0;0
BLA;04.09.2024 00:00;14;19.7;10.8;14;26.1;9.4;80.2;12.6;847.2;;1511.4;;1019.9;1.2;5.4;4.3;19.4;5.2;18.7;;14.8;2.9;0;113;;;;86;58;10;2;0;117;0;0
BLA;05.09.2024 00:00;11.3;14.4;9.9;11.4;17.8;8.9;95;12.7;842.5;;1464.4;;1014.3;1.1;5.5;4;19.8;5.3;19.1;;29;40.9;0;73;;;;65;12;2;1.2;0;90;8.7;0.7
BLA;06.09.2024 00:00;12.5;19.9;6.6;13.2;25.2;4.9;80.5;11.3;845.1;;1490.5;;1017.4;1.4;5.7;5;20.5;5.5;19.8;;0;0;0;226;;;;43;503;92;2.9;0;162;0;0
BLA;07.09.2024 00:00;13.2;21.1;7.1;12.9;26.1;4.2;74.1;10.8;847.3;;1512;;1019.9;1.5;7.3;5.4;26.3;6.9;24.8;;0;0;0;223;;;;37;515;95;3;0;180;0;0
BLA;08.09.2024 00:00;11.5;14.3;8.7;10.7;14.7;6.1;91.2;12.4;844.1;;1480.4;;1016.2;1.1;7;4;25.2;6.8;24.5;;16.2;12.8;0;41;;;;39;0;0;0.9;0;180;8.5;0.5
BLA;09.09.2024 00:00;8.9;10.6;7.6;9;12.8;7;96.4;11;843;;1469.8;;1014.9;1;4.3;3.6;15.5;4.2;15.1;;15.7;18.5;0;56;;;;53;0;0;0.9;0;153;11.1;3.1
BLA;10.09.2024 00:00;9.4;15.2;4.1;10.5;21.3;1;87.5;10.3;845.9;;1498.3;;1018.3;1.4;6.3;5;22.7;6.2;22.3;;0;0.6;0;236;;;;56;500;96;2.4;0;217;10.6;2.6
BLA;11.09.2024 00:00;7.5;12.1;2.5;7.2;16.4;-0.2;88;9.1;843;;1470.4;;1014.9;1.1;6.5;4;23.4;6.3;22.7;;6.4;6.1;0;73;;;;63;8;2;1.1;0;59;12.5;4.5
BLA;12.09.2024 00:00;4.5;8.4;0.6;5;14;0;81.6;6.8;840.7;;1448.8;;1012.2;1.7;9.9;6.1;35.6;9.3;33.5;;4.1;1.3;0;122;;;;88;91;18;1.4;0;207;15.5;7.5
BLA;13.09.2024 00:00;0.6;3.8;-0.8;0.4;3.1;-0.8;92.4;5.9;846.3;;1503.7;;1018.8;2.4;14.8;8.6;53.3;13.7;49.3;;4;7.1;2;72;;;;68;1;0;0.9;0;215;19.4;11.4
BLA;14.09.2024 00:00;4.5;9.2;-0.2;4.5;16.1;-2.5;67.3;5.5;851.2;;1549.9;;1024.4;2.3;21.2;8.3;76.3;20.4;73.4;;0;0;0;173;;;;85;248;50;1.9;0;214;15.5;7.5
BLA;15.09.2024 00:00;4.9;12.3;-0.9;5.4;18.6;-3.3;85;7.3;849.7;;1536;;1022.8;1.3;5.9;4.7;21.2;5.7;20.5;;0;0;0;211;;;;30;489;99;2;0;198;15.1;7.1
BLA;16.09.2024 00:00;5.6;11.3;2.1;5.6;17.2;0.2;84.9;7.6;848.2;;1521.7;;1021;1.3;7.7;4.7;27.7;7.1;25.6;;0;0;0;114;;;;87;81;17;1.4;0;194;14.4;6.4
BLA;17.09.2024 00:00;7.6;15.4;2.9;7.6;20.2;-0.2;77.2;7.7;846.7;;1506.4;;1019.2;1.6;6.8;5.8;24.5;6.4;23;;0;0;0;191;;;;44;424;91;2.2;0;180;12.4;4.4
BLA;18.09.2024 00:00;8;16.5;1.4;7.3;23.2;-1.4;73.4;7.6;848;;1519.3;;1020.8;1.2;4.8;4.3;17.3;4.5;16.2;;0;0;0;138;;;;57;222;48;1.8;0;76;12;4
BLA;19.09.2024 00:00;7.9;14.9;3.3;7.3;22;0.5;85.2;8.9;848.1;;1520.2;;1020.9;1.1;7.1;4;25.6;6.9;24.8;;2;2;0;102;;;;56;126;28;1.4;0;76;12.1;4.1
BLA;20.09.2024 00:00;8.6;15;3.8;7.6;17.5;1.4;80.9;8.8;850.5;;1543.2;;1023.6;0.9;6.3;3.2;22.7;5.9;21.2;;0;0;0;93;;;;59;105;23;1.4;0;90;11.4;3.4
BLA;21.09.2024 00:00;8.4;15.4;3.4;7.4;22.3;0.5;77.5;8.3;851.2;;1550;;1024.4;1.2;8.4;4.3;30.2;7.8;28.1;;0;0;0;132;;;;65;217;49;1.7;0;90;11.6;3.6
BLA;22.09.2024 00:00;9.6;16.3;3.7;9.5;21.4;0.9;76.5;8.9;848;;1518.9;;1020.7;1.3;7.2;4.7;25.9;6.8;24.5;;0.9;0.9;0;152;;;;84;269;61;1.9;0;180;10.4;2.4
BLA;23.09.2024 00:00;7.8;11.3;4.7;7.4;12.8;3.1;94.1;9.9;843.6;;1476;;1015.6;1.1;5.3;4;19.1;5;18;;13;12.8;0;59;;;;55;4;1;0.9;0;135;12.2;4.2
BLA;24.09.2024 00:00;7.5;12.3;4.7;7.7;19;3;89.7;9.2;842.4;;1464.6;;1014.2;1;5.8;3.6;20.9;5.4;19.4;;0.7;0.9;0;111;;;;86;59;14;1.3;0;180;12.5;4.5
BLA;25.09.2024 00:00;7.9;13.5;2.5;7.7;17.5;0.2;85;8.8;843.1;;1471.8;;1015.1;1;4.3;3.6;15.5;4.1;14.8;;10.2;2.9;0;112;;;;84;87;20;1.3;0;153;12.1;4.1
BLA;26.09.2024 00:00;8.8;11.6;6.9;8.7;12.1;5.9;97.7;11.1;839.8;;1439.1;;1011.3;1;5;3.6;18;4.8;17.3;;18.6;25.9;0;38;;;;36;0;0;0.8;0;90;11.2;3.2
BLA;27.09.2024 00:00;7.6;12.5;2.4;7.2;18.5;0;89;9.2;840.3;;1443.7;;1011.8;1.3;11.1;4.7;40;10.8;38.9;;3.1;1.6;0;86;;;;65;50;12;1.1;0;135;12.4;4.4
BLA;28.09.2024 00:00;3.8;7.3;-0.1;3.5;11.6;-2.6;90.3;7.2;847.5;;1514.7;;1020.2;1.1;6.4;4;23;6;21.6;;1.4;2.9;0;84;;;;76;21;5;0.9;0;90;16.2;8.2
BLA;29.09.2024 00:00;4.4;11.4;-1.7;4;17;-4.8;78.7;6.4;851.5;;1553.2;;1024.8;1;5.3;3.6;19.1;5.1;18.4;;0;0;0;132;;;;62;227;55;1.3;0;90;15.6;7.6
BLA;30.09.2024 00:00;8.8;14.9;5.3;8.7;20.4;3.8;69.8;7.6;848.7;;1526;;1021.6;1.6;12.4;5.8;44.6;11.6;41.8;;0.1;0;0;158;;;;76;279;68;1.9;0;225;11.2;3.2
BLA;01.10.2024 00:00;7.4;9.3;5.8;7.1;9.7;3.8;93.4;9.7;844.4;;1484;;1016.5;1;4.5;3.6;16.2;4.3;15.5;;36.6;17.7;0;31;;;;30;0;0;0.7;0;45;12.6;4.6
BLA;02.10.2024 00:00;6.6;10.8;3;7.5;18.7;0.9;93.7;9.1;839.3;;1435;;1010.7;1.5;6.4;5.4;23;6;21.6;;0;19;0;157;;;;40;383;96;1.3;0;217;13.4;5.4
BLA;03.10.2024 00:00;4.7;6.8;2.3;4.7;9.9;0.2;92.9;7.9;837.9;;1421.4;;1009;1.2;4.7;4.3;16.9;4.6;16.6;;0;0;0;61;;;;59;0;0;0.7;0;207;15.3;7.3
BLA;04.10.2024 00:00;3.7;9.1;-0.9;3.5;15.1;-3.8;83;6.5;840.7;;1448.9;;1012.2;1.3;9.4;4.7;33.8;8.9;32;;0;0;0;107;;;;85;83;21;1.1;0;90;16.3;8.3
BLA;05.10.2024 00:00;2.1;9.6;-2.1;1.5;16.2;-5;87.6;6.1;843;;1471.5;;1014.9;1.1;5.7;4;20.5;5.3;19.1;;0;0;0;141;;;;20;392;100;1.2;0;180;17.9;9.9
BLA;06.10.2024 00:00;5.3;13.4;-1.5;4.3;18.2;-4.7;76.8;6.8;841.7;;1458.8;;1013.5;1;4.9;3.6;17.6;4.7;16.9;;0.4;0.2;0;75;;;;69;14;4;1.1;0;45;14.7;6.7
BLA;07.10.2024 00:00;10.3;16.4;7.1;10.5;22.6;6.2;85.7;10.6;842.1;;1460.9;;1013.9;1.4;5.6;5;20.2;5.5;19.8;;0.8;0.3;0;120;;;;61;188;49;1.5;0;180;9.7;1.7
BLA;08.10.2024 00:00;7.9;9.9;5;7.4;10.2;2.9;96.3;10.3;838;;1421;;1009.1;1.2;6;4.3;21.6;5.6;20.2;;25.4;26.1;0;24;;;;23;0;0;0.6;0;76;12.1;4.1
BLA;09.10.2024 00:00;8;14.3;2.1;7.5;16;-0.2;84.9;9;834.6;;1386.9;;1005.1;1.3;8.6;4.7;31;8.2;29.5;;18.8;6.3;0;97;;;;81;66;18;1.2;0;90;12;4
BLA;10.10.2024 00:00;7;10.9;3.9;7;17.1;2.5;90.7;9;836.5;;1406.3;;1007.3;1.3;7.6;4.7;27.4;7.5;27;;0.5;13;0;93;;;;60;103;28;1;0;194;13;5
BLA;11.10.2024 00:00;4;9.9;0.2;3.8;16;-2.7;88;7;844.3;;1484.1;;1016.5;1.2;5.5;4.3;19.8;5.3;19.1;;0;0;0;142;;;;41;366;100;1.1;0;180;16;8
BLA;12.10.2024 00:00;5.4;11.5;-0.3;4.2;14.4;-3.8;79.3;7;846.7;;1507.5;;1019.3;0.9;4.3;3.2;15.5;4.1;14.8;;9.2;6.6;0;67;;;;62;4;1;0.9;0;72;14.6;6.6
BLA;13.10.2024 00:00;7.1;11.6;2.2;6.4;13.6;-0.3;96.2;9.8;849.4;;1533.1;;1022.4;1.1;5.5;4;19.8;5.1;18.4;;2.7;5.3;0;57;;;;51;35;10;0.7;0;63;12.9;4.9
BLA;14.10.2024 00:00;6.7;10.7;1.4;5.6;12.3;-0.9;93.3;9.3;850.9;;1547.4;;1024.1;1.1;4.6;4;16.6;4.5;16.2;;1.3;1.3;0;29;;;;26;8;2;0.6;0;51;13.3;5.3
BLA;15.10.2024 00:00;9.3;16.2;5;7.9;20.3;2;85;9.8;850.4;;1542.7;;1023.6;1;4.4;3.6;15.8;4.1;14.8;;0.4;0.4;0;83;;;;60;109;31;1.1;0;45;10.7;2.7
BLA;16.10.2024 00:00;11.7;17.4;7;10.8;22.9;4.3;70.8;9.6;847.6;;1514.9;;1020.3;1.8;13.9;6.5;50;13;46.8;;0;0;0;78;;;;57;104;30;1.4;0;225;8.3;0.3
BLA;17.10.2024 00:00;10.6;15.1;6.8;9.4;15.6;4.3;79.1;10;847.2;;1511.3;;1019.8;1.3;6.5;4.7;23.4;6.3;22.7;;2.5;0;0;53;;;;47;8;2;1;0;72;9.4;1.4
BLA;18.10.2024 00:00;7.6;10.9;3.6;7.1;16.3;0.9;96;10;845.9;;1498.9;;1018.3;1;4.2;3.6;15.1;4;14.4;;8.5;11;0;55;;;;35;131;38;0.7;0;90;12.4;4.4
BLA;19.10.2024 00:00;6.7;11.4;2.7;5.7;13.7;0.4;87.6;8.5;848.7;;1526.6;;1021.6;0.9;3.7;3.2;13.3;3.6;13;;0;0;0;72;;;;67;1;0;0.8;0;45;13.3;5.3
BLA;20.10.2024 00:00;9.9;16.6;5.9;9.2;21.4;3.3;80;9.6;853.7;;1574.6;;1027.4;1.2;6.7;4.3;24.1;6.1;22;;0;0;0;94;;;;63;210;63;1.2;0;135;10.1;2.1
BLA;21.10.2024 00:00;8.6;16.5;4.7;7.3;22;1.9;83.9;9.2;857;;1606.3;;1031.2;1;6.3;3.6;22.7;5.6;20.2;;0;0;0;94;;;;19;330;99;1.1;0;90;11.4;3.4
BLA;22.10.2024 00:00;9.5;14.8;5.8;9.1;22;3;85.9;10.1;857.5;;1611.9;;1031.8;0.9;6.1;3.2;22;5.9;21.2;;0.7;0.7;0;91;;;;52;130;39;0.9;0;90;10.5;2.5
BLA;23.10.2024 00:00;8.8;12.9;5.3;8.4;18.7;2.9;92.5;10.4;857.5;;1611.1;;1031.7;0.8;5.4;2.9;19.4;5.2;18.7;;0;0;0;64;;;;52;40;12;0.7;0;45;11.2;3.2
BLA;24.10.2024 00:00;7.7;13.3;3.9;6.9;18.7;0.8;82.5;8.5;854.7;;1584.5;;1028.6;1.1;4.5;4;16.2;4.2;15.1;;0;0;0;79;;;;63;100;31;0.9;0;45;12.3;4.3
BLA;25.10.2024 00:00;6.9;14.9;3.3;5;19.2;0.4;82;8.1;851.4;;1551.8;;1024.7;1;4.6;3.6;16.6;4.4;15.8;;0;0;0;51;;;;35;83;26;0.9;0;53;13.1;5.1
BLA;26.10.2024 00:00;8.2;14.6;3.4;6.7;16;0.9;82.7;8.9;848.7;;1526.1;;1021.6;1.4;8;5;28.8;7.7;27.7;;3;1.9;0;47;;;;42;4;1;0.9;0;63;11.8;3.8
BLA;27.10.2024 00:00;8.2;14;4.5;7;15.8;1.5;90.8;9.8;852.6;;1564.3;;1026.1;0.8;6;2.9;21.6;5.9;21.2;;0;1.1;0;54;;;;39;74;23;0.7;0;63;11.8;3.8
BLA;28.10.2024 00:00;6.3;14.6;3.2;4.7;19.9;0.3;86.6;8.1;855.9;;1595.2;;1029.9;0.8;4.6;2.9;16.6;4.4;15.8;;0;0;0;76;;;;16;269;86;0.8;0;56;13.7;5.7
BLA;29.10.2024 00:00;6.1;14.2;2.6;4.5;19.8;-0.5;82.5;7.6;856;;1596.3;;1030;0.8;3.5;2.9;12.6;3.3;11.9;;0;0;0;82;;;;16;304;100;0.8;0;45;13.9;5.9
BLA;30.10.2024 00:00;5.8;14.2;1.8;4;20;-1.1;76.7;6.9;855.5;;1591.8;;1029.5;0.7;3.2;2.5;11.5;3.1;11.2;;0;0;0;81;;;;14;295;99;0.8;0;53;14.2;6.2
BLA;31.10.2024 00:00;5.3;13.8;1.5;3.3;19.6;-2.2;65.6;5.7;855.6;;1592.9;;1029.6;0.8;3.2;2.9;11.5;2.9;10.4;;0;0;0;81;;;;14;290;99;0.9;0;53;14.7;6.7
BLA;01.11.2024 00:00;4.9;13.4;1.6;3;19;-2;69.5;5.9;854.6;;1583.1;;1028.5;0.7;3;2.5;10.8;2.9;10.4;;0;0;0;78;;;;15;287;98;0.8;0;56;15.1;7.1
BLA;02.11.2024 00:00;4.4;12.8;1;2.6;18.4;-2.4;74.8;6.2;854;;1577.4;;1027.8;0.8;4.4;2.9;15.8;4.3;15.5;;0;0;0;75;;;;14;284;99;0.8;0;45;15.6;7.6
BLA;03.11.2024 00:00;5.6;14.4;1.6;3.4;19.7;-1.7;65.1;5.7;856.2;;1598.2;;1030.3;0.8;2.5;2.9;9;2.4;8.6;;0;0;0;74;;;;18;280;99;0.8;0;45;14.4;6.4
BLA;04.11.2024 00:00;5.5;14.3;2;3.2;20.3;-1.9;61.5;5.4;854.8;;1584.7;;1028.6;0.7;3.8;2.5;13.7;3.6;13;;0;0;0;73;;;;14;277;99;0.8;0;53;14.5;6.5
BLA;05.11.2024 00:00;5.2;13;1.8;3.1;18.5;-2;64.9;5.6;854.2;;1579;;1028;0.8;3;2.9;10.8;2.9;10.4;;0;0;0;77;;;;22;273;99;0.8;0;53;14.8;6.8
BLA;06.11.2024 00:00;4.7;12.2;1.4;2.6;17.4;-2;71.5;6;855.8;;1594.2;;1029.8;0.7;2.7;2.5;9.7;2.5;9;;0;0;0;73;;;;24;266;97;0.7;0;56;15.3;7.3
BLA;07.11.2024 00:00;3.8;12.2;0.4;1.4;17.9;-3.2;61.7;4.8;855.7;;1592.7;;1029.7;0.7;4.1;2.5;14.8;3.9;14;;0;0;0;65;;;;23;259;96;0.7;0;53;16.2;8.2
BLA;08.11.2024 00:00;3.4;11.5;-0.4;1.4;16.3;-3.9;65.4;5;853.1;;1568.5;;1026.7;0.8;3.8;2.9;13.7;3.5;12.6;;0;0;0;64;;;;15;263;98;0.7;0;53;16.6;8.6
BLA;09.11.2024 00:00;3.2;10.5;-0.3;1.3;16.1;-3.8;68.1;5.1;852.5;;1562.9;;1026;0.8;3.8;2.9;13.7;3.6;13;;0;0;0;67;;;;25;258;97;0.7;0;53;16.8;8.8
BLA;10.11.2024 00:00;1.6;8.8;-1;-0.7;13.6;-4.5;73.4;5;852;;1558;;1025.4;0.6;3.5;2.2;12.6;3.4;12.2;;0;0;0;58;;;;14;253;98;0.5;0;56;18.4;10.4
BLA;11.11.2024 00:00;0.9;7.4;-2.2;-0.3;13;-5.2;82.2;5.3;851.5;;1552.6;;1024.8;0.9;4.2;3.2;15.1;4.1;14.8;;5.4;0.1;0;60;;;;14;240;94;0.5;0;63;19.1;11.1
BLA;12.11.2024 00:00;-0.4;2.3;-4;-2;2.5;-9.1;87.8;5.2;848.3;;1523.2;;1021.2;1;4.5;3.6;16.2;4.4;15.8;;1.1;6.4;9;62;;;;36;144;58;0.3;0;63;20.4;12.4
BLA;13.11.2024 00:00;-1.7;4.5;-5.8;-4.7;4.9;-10.8;74.6;4;850.5;;1543.8;;1023.7;1;5.6;3.6;20.2;5.5;19.8;;0;0;6;56;;;;35;149;62;0.5;0;56;21.7;13.7
BLA;14.11.2024 00:00;-2.7;2.7;-5.8;-4.6;4.5;-9.3;84.2;4.2;850;;1539.1;;1023.1;1.2;6.2;4.3;22.3;6;21.6;;0;0;4;57;;;;11;243;100;0.4;0;59;22.7;14.7
BLA;15.11.2024 00:00;-1.5;6.3;-4.8;-4.9;6.9;-9.3;66.3;3.6;850.6;;1544.8;;1023.8;0.8;3.2;2.9;11.5;2.9;10.4;;0;0;4;56;;;;10;239;100;0.5;0;39;21.5;13.5
BLA;16.11.2024 00:00;0.2;8;-2.9;-3.2;8.7;-6.8;58;3.5;848.7;;1526.2;;1021.5;0.8;3.2;2.9;11.5;3.1;11.2;;0;0;4;55;;;;11;233;100;0.6;0;45;19.8;11.8
BLA;17.11.2024 00:00;0;6.8;-3.4;-2.4;8.1;-7.1;62.7;3.8;843.9;;1480.6;;1016;1.1;6.1;4;22;6;21.6;;0;0;3;52;;;;12;212;94;0.7;0;39;20;12
BLA;18.11.2024 00:00;0.7;2.7;-2.1;-0.4;5.2;-5.1;87.4;5.7;843;;1472.2;;1014.9;1;3.9;3.6;14;3.8;13.7;;1.1;0;3;45;;;;33;67;30;0.3;0;63;19.3;11.3
BLA;19.11.2024 00:00;1;3;0.1;0.5;2.4;-0.1;98.3;6.5;837.3;;1417.8;;1008.4;0.9;3.2;3.2;11.5;3;10.8;;31.4;22.1;2;24;;;;22;0;0;0.4;0;45;19;11
BLA;20.11.2024 00:00;-2.9;0.9;-6.1;-2.4;0;-5.1;82.8;4.1;832.2;;1370.2;;1002.3;1.8;11.7;6.5;42.1;11.6;41.8;;2.3;12.5;10;44;;;;38;11;5;0.4;0;90;22.9;14.9
BLA;21.11.2024 00:00;-5.9;-1.9;-8.8;-3.8;-2;-6.2;89.5;3.5;827.7;;1329.8;;997.2;1.5;7.6;5.4;27.4;7.4;26.6;;28.6;25.7;13;21;;;;19;0;0;0.4;0;45;25.9;17.9
BLA;22.11.2024 00:00;-6;-1.2;-7.8;-1.5;-1.2;-2;76.6;3;835.3;;1400.8;;1006;2.3;12.8;8.3;46.1;12.5;45;;0.5;3.4;42;42;;;;40;0;0;0.5;0;180;26;18
BLA;23.11.2024 00:00;-5.9;-0.3;-12.9;-3.7;-0.8;-14.5;84;3.5;849.4;;1533.3;;1022.4;1.3;5.2;4.7;18.7;5;18;;0;0.2;38;39;;;;36;0;0;0.3;0;40;25.9;17.9
BLA;24.11.2024 00:00;0.5;4.3;-2.7;-0.6;5.9;-5.1;94.9;6.1;852;;1558;;1025.4;0.9;4.5;3.2;16.2;4.3;15.5;;0;0;34;53;;;;41;85;42;0.3;0;39;19.5;11.5
BLA;25.11.2024 00:00;-0.1;4.8;-3.6;-1.9;3.8;-6.2;81;4.9;848.2;;1521.5;;1021;1.1;5.1;4;18.4;5;18;;3.9;0;32;28;;;;22;31;16;0.5;0;40;20.1;12.1
BLA;26.11.2024 00:00;0;2.5;-3.2;-0.8;1.5;-4.9;95.2;5.8;849.2;;1530.9;;1022.1;1;4.1;3.6;14.8;4;14.4;;0;3.9;30;36;;;;30;31;16;0.3;0;45;20;12
BLA;27.11.2024 00:00;-0.8;3.9;-4.3;-2.5;5.1;-6.7;78.1;4.5;850.4;;1542.9;;1023.6;1;3.9;3.6;14;3.7;13.3;;3.8;0;28;42;;;;12;194;100;0.4;0;40;20.8;12.8
BLA;28.11.2024 00:00;1.6;3;-2;0.5;2.6;-4.7;94.4;6.5;851.2;;1550.4;;1024.5;1.3;6.2;4.7;22.3;5.9;21.2;;11.1;14.9;27;15;;;;14;0;0;0.3;0;49;18.4;10.4
BLA;29.11.2024 00:00;-4.8;1.2;-7.6;-7.4;0.7;-10.7;68.2;2.9;853.2;;1568.5;;1026.8;1.2;4;4.3;14.4;3.9;14;;0;0;24;39;;;;9;185;100;0.5;0;45;24.8;16.8
BLA;30.11.2024 00:00;-3;2.8;-5.6;-5.7;4.3;-9.1;60.4;2.9;853.3;;1569.7;;1026.9;1.1;4.1;4;14.8;4;14.4;;0;0;24;37;;;;10;180;100;0.6;0;41;23;15
BLA;01.12.2024 00:00;-2.6;2.8;-5.4;-4.8;4.4;-7.9;60.3;3;851.8;;1555.8;;1025.2;0.9;3.2;3.2;11.5;3;10.8;;0;0;24;36;;;;10;175;100;0.5;0;45;22.6;14.6
BLA;02.12.2024 00:00;2.3;5.9;0.1;1.6;5.4;-1;83.8;6;847.9;;1518.7;;1020.6;1.2;7.7;4.3;27.7;7.5;27;;5.9;5.9;24;30;;;;28;0;0;0.5;0;39;17.7;9.7
BLA;03.12.2024 00:00;-0.7;1.1;-6.2;-1.1;3.2;-8.4;96.3;5.6;844.3;;1484.9;;1016.5;1;3.5;3.6;12.6;3.5;12.6;;0;0;24;37;;;;26;51;31;0.1;0;45;20.7;12.7
BLA;04.12.2024 00:00;-7.1;-3;-10.1;-9.3;-1;-13;76.4;2.8;848.1;;1521.1;;1020.8;1.4;5.7;5;20.5;5.3;19.1;;0;0;24;34;;;;10;164;100;0.3;0;42;27.1;19.1
BLA;05.12.2024 00:00;-5.3;1.5;-11.1;-7.2;0.4;-14.4;76.8;3.4;849.6;;1534.7;;1022.6;1.2;6.6;4.3;23.8;6.1;22;;21.5;6.9;24;27;;;;24;0;0;0.4;0;45;25.3;17.3
BLA;06.12.2024 00:00;-0.3;3.2;-5.8;-1.8;4.9;-9;72.5;4.5;845.4;;1494.8;;1017.7;1.9;12.9;6.8;46.4;12.5;45;;2.4;17;27;43;;;;26;141;93;0.4;0;72;20.3;12.3
BLA;07.12.2024 00:00;-0.4;4.5;-5.3;-0.6;3.7;-4.8;79.3;4.7;837.6;;1420.6;;1008.6;1.4;7.3;5;26.3;7;25.2;;10.8;10.8;27;30;;;;28;0;0;0.4;0;45;20.4;12.4
BLA;08.12.2024 00:00;-4.4;-2.4;-7.5;-2.7;-0.8;-4.4;93.5;4.1;832.3;;1372.4;;1002.5;1;4.6;3.6;16.6;4.4;15.8;;0;0;43;48;;;;45;0;0;0.1;0;45;24.4;16.4
BLA;09.12.2024 00:00;-5.5;-1.9;-9.7;-4.5;-0.9;-9;92.7;3.8;836.9;;1417.1;;1007.9;0.8;4.2;2.9;15.1;4.1;14.8;;0;0;41;41;;;;37;3;2;0.2;0;45;25.5;17.5
BLA;10.12.2024 00:00;-5.2;-0.3;-9.9;-6.4;-0.9;-10.4;87;3.6;843.1;;1474.7;;1015;1;3.5;3.6;12.6;3.4;12.2;;0;0;39;36;;;;33;0;0;0.3;0;51;25.2;17.2
BLA;11.12.2024 00:00;-6.7;-1.8;-8.8;-10.6;-0.9;-14;78.1;2.9;848.6;;1525.6;;1021.4;1;3.7;3.6;13.3;3.5;12.6;;0;0;38;30;;;;13;137;100;0.3;0;45;26.7;18.7
BLA;12.12.2024 00:00;-6.3;-0.1;-8.5;-11.8;-4.1;-14.2;71;2.7;850.7;;1545.4;;1023.9;0.9;3.7;3.2;13.3;3.3;11.9;;0;0;38;26;;;;8;136;100;0.4;0;50;26.3;18.3
BLA;13.12.2024 00:00;-4.5;0.4;-7.9;-9.3;-2.4;-13.8;62.8;2.8;850.4;;1542.3;;1023.5;1.1;4.6;4;16.6;4.3;15.5;;0;0;37;31;;;;24;35;27;0.4;0;49;24.5;16.5
BLA;14.12.2024 00:00;-2.4;-0.6;-4.5;-3.5;-0.7;-7.8;84.9;4.4;847.4;;1514.4;;1020;0.8;4.2;2.9;15.1;4.1;14.8;;3.5;3;37;21;;;;18;0;0;0.3;0;45;22.4;14.4
BLA;15.12.2024 00:00;-4.2;-1.8;-7.9;-5.4;-2.1;-9.6;84.9;3.9;854.8;;1583;;1028.7;1.2;5.7;4.3;20.5;5.5;19.8;;0;0.5;45;37;;;;21;116;91;0.2;0;54;24.2;16.2
BLA;16.12.2024 00:00;-2.6;3.1;-6.6;-6.9;-1.9;-9.2;81;4.1;861.7;;1647.3;;1036.7;1;3.7;3.6;13.3;3.6;13;;0;0;43;24;;;;9;130;100;0.4;0;45;22.6;14.6
BLA;17.12.2024 00:00;1;6.3;-2.3;-4.4;-0.6;-7.2;64.2;4.2;856.9;;1603.6;;1031.1;1.2;4.8;4.3;17.3;4.7;16.9;;0;0;41;30;;;;18;111;87;0.6;0;45;19;11
BLA;18.12.2024 00:00;3.1;8.2;-0.7;-0.2;4.1;-6;71.4;5.5;852.4;;1561.4;;1025.8;1.4;8.7;5;31.3;8.1;29.2;;0;0;40;28;;;;26;0;0;0.6;0;41;16.9;8.9
BLA;19.12.2024 00:00;0.9;3.7;-4.1;-0.2;2.6;-4.4;92.1;6.1;839.9;;1442.6;;1011.4;1.3;7.1;4.7;25.6;6.7;24.1;;12.1;11.7;36;22;;;;21;0;0;0.2;0;45;19.1;11.1
BLA;20.12.2024 00:00;-5.7;-2.2;-11.4;-7.7;-2.4;-14.6;58.9;2.3;844.6;;1488.5;;1016.8;3;19.9;10.8;71.6;19.4;69.8;;0;0.4;40;34;;;;20;128;100;0.6;0;74;25.7;17.7
BLA;21.12.2024 00:00;-5.7;0.4;-11.9;-7.3;-0.2;-15.1;72.8;3;849;;1529.9;;1022;1.2;6.4;4.3;23;6;21.6;;19.3;8.6;38;33;;;;25;48;38;0.4;0;41;25.7;17.7
BLA;22.12.2024 00:00;-1.9;1.3;-6.1;-3;0.1;-7.1;93.1;5;836.5;;1411.3;;1007.4;1.8;13.2;6.5;47.5;12.2;43.9;;19.1;26.9;57;9;;;;7;0;0;0.3;0;76;21.9;13.9
BLA;23.12.2024 00:00;-5.1;-3.3;-7;-4.9;-3.1;-7.5;88.6;3.7;838.5;;1431.4;;1009.7;2.2;10.6;7.9;38.2;10.3;37.1;;34.9;37.6;75;4;;;;2;0;0;0.4;0;58;25.1;17.1
BLA;24.12.2024 00:00;-4.4;0.5;-7.6;-3.5;-2.9;-4.1;78.1;3.4;848.5;;1525.2;;1021.4;2.6;17.5;9.4;63;16.1;58;;0;0.2;102;19;;;;17;1;1;0.6;0;360;24.4;16.4
BLA;25.12.2024 00:00;-5.6;-0.6;-9.4;-6.5;1.3;-10.9;88.2;3.6;854.9;;1583.8;;1028.8;1.1;4.9;4;17.6;4.7;16.9;;0;0;89;24;;;;9;131;100;0.3;0;40;25.6;17.6
BLA;26.12.2024 00:00;-2.9;1.3;-5.7;-6.2;2.9;-8.8;74;3.6;855.7;;1592.1;;1029.7;1;3.4;3.6;12.2;3.2;11.5;;0;0;85;25;;;;9;132;100;0.4;0;40;22.9;14.9
BLA;27.12.2024 00:00;-2;3.2;-4.1;-4.8;3.9;-7;64.6;3.4;856.9;;1602.8;;1031.1;0.8;3;2.9;10.8;2.8;10.1;;0;0;82;25;;;;9;132;100;0.5;0;51;22;14
BLA;28.12.2024 00:00;-1.6;3.3;-3.6;-4.1;4.9;-6.2;64.1;3.5;855.4;;1589.6;;1029.4;0.7;3.7;2.5;13.3;3.5;12.6;;0;0;79;25;;;;9;133;100;0.5;0;51;21.6;13.6
BLA;29.12.2024 00:00;-2.3;2.7;-4.2;-4.6;4.5;-6.7;65.3;3.4;855.2;;1586.9;;1029.1;0.8;3.1;2.9;11.2;2.9;10.4;;0;0;78;26;;;;9;135;100;0.5;0;45;22.3;14.3
BLA;30.12.2024 00:00;-2.8;3;-4.8;-5.2;3.8;-7.4;60.3;3;855.7;;1592.1;;1029.7;0.9;2.9;3.2;10.4;2.8;10.1;;0;0;77;26;;;;9;136;100;0.5;0;50;22.8;14.8
BLA;31.12.2024 00:00;-3.3;2.1;-5.6;-5.8;2.9;-8.1;58;2.8;856.2;;1596;;1030.2;0.9;3.5;3.2;12.6;3.4;12.2;;0;0;75;27;;;;9;142;100;0.5;0;50;23.3;15.3
