station_abbr;reference_timestamp;tre200d0;tre200dx;tre200dn;tre005d0;tre005dx;tre005dn;ure200d0;pva200d0;prestad0;pp0qffd0;ppz850d0;ppz700d0;pp0qnhd0;fkl010d0;fkl010d1;fu3010d0;fu3010d1;fkl010d3;fu3010d3;wcc006d0;rre150d0;rka150d0;htoautd0;gre000d0;oli000d0;olo000d0;osr000d0;ods000d0;sre000d0;sremaxdv;erefaod0;xcd000d0;dkl010d0;xno000d0;xno012d0
PRE;17.04.1993 00:00;;;;;;;;;;;;;;1.5;5.4;5.4;19.4;;;;;;;;;;;;;;;;236;;
PRE;18.04.1993 00:00;;;;;;;;;;;;;;1.7;7;6.1;25.2;;;;;;;;;;;;;;;;252;;
PRE;19.04.1993 00:00;;;;;;;;;;;;;;1.5;3.8;5.4;13.7;;;;;;;;;;;;;;;;34;;
PRE;20.04.1993 00:00;;;;;;;;;;;;;;1.8;6.6;6.5;23.8;;;;;;;;;;;;;;;;270;;
PRE;21.04.1993 00:00;;;;;;;;;;;;;;3.6;18.3;13;65.9;;;;;;;;;;;;;;;;225;;
PRE;22.04.1993 00:00;;;;;;;;;;;;;;2.1;11.8;7.6;42.5;;;;;;;;;;;;;;;;245;;
PRE;23.04.1993 00:00;;;;;;;;;;;;;;2.2;6.9;7.9;24.8;;;;;;;;;;;;;;;;348;;
PRE;24.04.1993 00:00;;;;;;;;;;;;;;1.9;7.5;6.8;27;;;;;;;;;;;;;;;;260;;
PRE;25.04.1993 00:00;;;;;;;;;;;;;;4;14.1;14.4;50.8;;;;;;;;;;;;;;;;307;;
PRE;26.04.1993 00:00;;;;;;;;;;;;;;2.8;15;10.1;54;;;;;;;;;;;;;;;;252;;
PRE;27.04.1993 00:00;;;;;;;;;;;;;;2.2;6;7.9;21.6;;;;;;;;;;;;;;;;255;;
PRE;28.04.1993 00:00;;;;;;;;;;;;;;2.8;8.1;10.1;29.2;;;;;;;;;;;;;;;;248;;
PRE;29.04.1993 00:00;;;;;;;;;;;;;;2.4;7.5;8.6;27;;;;;;;;;;;;;;;;229;;
PRE;30.04.1993 00:00;;;;;;;;;;;;;;3.7;13.6;13.3;49;;;;;;;;;;;;;;;;233;;
PRE;01.05.1993 00:00;;;;;;;;;;;;;;2.6;6.9;9.4;24.8;;;;;;;;;;;;;;;;237;;
PRE;02.05.1993 00:00;;;;;;;;;;;;;;1.8;5.9;6.5;21.2;;;;;;;;;;;;;;;;257;;
PRE;03.05.1993 00:00;;;;;;;;;;;;;;2.9;10.6;10.4;38.2;;;;;;;;;;;;;;;;360;;
PRE;04.05.1993 00:00;;;;;;;;;;;;;;5;11.5;18;41.4;;;;;;;;;;;;;;;;21;;
PRE;05.05.1993 00:00;;;;;;;;;;;;;;4.9;12.9;17.6;46.4;;;;;;;;;;;;;;;;25;;
PRE;06.05.1993 00:00;;;;;;;;;;;;;;4.8;11.5;17.3;41.4;;;;;;;;;;;;;;;;24;;
PRE;07.05.1993 00:00;;;;;;;;;;;;;;3.3;9.3;11.9;33.5;;;;;;;;;;;;;;;;16;;
PRE;08.05.1993 00:00;;;;;;;;;;;;;;1.9;19.8;6.8;71.3;;;;;;;;;;;;;;;;240;;
PRE;09.05.1993 00:00;;;;;;;;;;;;;;2.6;13.5;9.4;48.6;;;;;;;;;;;;;;;;243;;
PRE;10.05.1993 00:00;;;;;;;;;;;;;;2.7;7.8;9.7;28.1;;;;;;;;;;;;;;;;7;;
PRE;11.05.1993 00:00;;;;;;;;;;;;;;1.9;12.4;6.8;44.6;;;;;;;;;;;;;;;;259;;
PRE;12.05.1993 00:00;;;;;;;;;;;;;;1;4.1;3.6;14.8;;;;;;;;;;;;;;;;207;;
PRE;13.05.1993 00:00;;;;;;;;;;;;;;2.8;6.8;10.1;24.5;;;;;;;;;;;;;;;;227;;
PRE;14.05.1993 00:00;;;;;;;;;;;;;;2.1;7;7.6;25.2;;;;;;;;;;;;;;;;225;;
PRE;15.05.1993 00:00;;;;;;;;;;;;;;2.5;11.6;9;41.8;;;;;;;;;;;;;;;;247;;
PRE;16.05.1993 00:00;;;;;;;;;;;;;;1.7;4.5;6.1;16.2;;;;;;;;;;;;;;;;270;;
PRE;17.05.1993 00:00;;;;;;;;;;;;;;1.8;6.6;6.5;23.8;;;;;;;;;;;;;;;;229;;
PRE;18.05.1993 00:00;;;;;;;;;;;;;;2.3;9.4;8.3;33.8;;;;;;;;;;;;;;;;263;;
PRE;19.05.1993 00:00;;;;;;;;;;;;;;1.6;6.6;5.8;23.8;;;;;;;;;;;;;;;;333;;
PRE;20.05.1993 00:00;;;;;;;;;;;;;;2.8;17.8;10.1;64.1;;;;;;;;;;;;;;;;240;;
PRE;21.05.1993 00:00;;;;;;;;;;;;;;2.1;6.8;7.6;24.5;;;;;;;;;;;;;;;;72;;
PRE;22.05.1993 00:00;;;;;;;;;;;;;;2.9;8.8;10.4;31.7;;;;;;;;;;;;;;;;13;;
PRE;23.05.1993 00:00;;;;;;;;;;;;;;1.4;;5;;;;;;;;;;;;;;;;;331;;
PRE;25.05.1993 00:00;;;;;;;;;;;;;;;;4.7;;;;;;;;;;;;;;;;;;;
PRE;30.05.1993 00:00;;;;;;;;;;;;;;;;5;;;;;;;;;;;;;;;;;;;
PRE;05.06.1993 00:00;;;;;;;;;;;;;;2.7;7.6;9.7;27.4;;;;;;;;;;;;;;;;27;;
PRE;06.06.1993 00:00;;;;;;;;;;;;;;1.4;4.5;5;16.2;;;;;;;;;;;;;;;;360;;
PRE;07.06.1993 00:00;;;;;;;;;;;;;;2.1;6;7.6;21.6;;;;;;;;;;;;;;;;22;;
PRE;08.06.1993 00:00;;;;;;;;;;;;;;2.8;8;10.1;28.8;;;;;;;;;;;;;;;;9;;
PRE;09.06.1993 00:00;;;;;;;;;;;;;;2.9;20.4;10.4;73.4;;;;;;;;;;;;;;;;235;;
PRE;10.06.1993 00:00;;;;;;;;;;;;;;1.8;7.6;6.5;27.4;;;;;;;;;;;;;;;;207;;
PRE;11.06.1993 00:00;;;;;;;;;;;;;;3.5;12.6;12.6;45.4;;;;;;;;;;;;;;;;232;;
PRE;12.06.1993 00:00;;;;;;;;;;;;;;4.9;12.5;17.6;45;;;;;;;;;;;;;;;;235;;
PRE;13.06.1993 00:00;;;;;;;;;;;;;;4.5;11.5;16.2;41.4;;;;;;;;;;;;;;;;240;;
PRE;14.06.1993 00:00;;;;;;;;;;;;;;3.7;8.1;13.3;29.2;;;;;;;;;;;;;;;;239;;
PRE;15.06.1993 00:00;;;;;;;;;;;;;;2.1;6.9;7.6;24.8;;;;;;;;;;;;;;;;236;;
PRE;16.06.1993 00:00;;;;;;;;;;;;;;1.7;5;6.1;18;;;;;;;;;;;;;;;;236;;
PRE;17.06.1993 00:00;;;;;;;;;;;;;;3.6;8.5;13;30.6;;;;;;;;;;;;;;;;255;;
PRE;18.06.1993 00:00;;;;;;;;;;;;;;2;5.9;7.2;21.2;;;;;;;;;;;;;;;;31;;
PRE;19.06.1993 00:00;;;;;;;;;;;;;;2.5;9.4;9;33.8;;;;;;;;;;;;;;;;232;;
PRE;20.06.1993 00:00;;;;;;;;;;;;;;2.3;8.1;8.3;29.2;;;;;;;;;;;;;;;;27;;
PRE;21.06.1993 00:00;;;;;;;;;;;;;;2.7;11.9;9.7;42.8;;;;;;;;;;;;;;;;6;;
PRE;22.06.1993 00:00;;;;;;;;;;;;;;2;6.1;7.2;22;;;;;;;;;;;;;;;;232;;
PRE;23.06.1993 00:00;;;;;;;;;;;;;;2.3;7.4;8.3;26.6;;;;;;;;;;;;;;;;237;;
PRE;24.06.1993 00:00;;;;;;;;;;;;;;3.9;8.6;14;31;;;;;;;;;;;;;;;;12;;
PRE;25.06.1993 00:00;;;;;;;;;;;;;;3.7;10.3;13.3;37.1;;;;;;;;;;;;;;;;27;;
PRE;26.06.1993 00:00;;;;;;;;;;;;;;2.5;8.6;9;31;;;;;;;;;;;;;;;;41;;
PRE;27.06.1993 00:00;;;;;;;;;;;;;;1.9;6.6;6.8;23.8;;;;;;;;;;;;;;;;284;;
PRE;28.06.1993 00:00;;;;;;;;;;;;;;3.7;12.4;13.3;44.6;;;;;;;;;;;;;;;;32;;
PRE;29.06.1993 00:00;;;;;;;;;;;;;;4;20;14.4;72;;;;;;;;;;;;;;;;5;;
PRE;30.06.1993 00:00;;;;;;;;;;;;;;1.4;4.5;5;16.2;;;;;;;;;;;;;;;;68;;
PRE;01.07.1993 00:00;;;;;;;;;;;;;;2.4;10.1;8.6;36.4;;;;;;;;;;;;;;;;225;;
PRE;02.07.1993 00:00;;;;;;;;;;;;;;2.3;7.1;8.3;25.6;;;;;;;;;;;;;;;;307;;
PRE;03.07.1993 00:00;;;;;;;;;;;;;;2.1;6.9;7.6;24.8;;;;;;;;;;;;;;;;270;;
PRE;04.07.1993 00:00;;;;;;;;;;;;;;1.8;4.3;6.5;15.5;;;;;;;;;;;;;;;;270;;
PRE;05.07.1993 00:00;;;;;;;;;;;;;;2.3;14.3;8.3;51.5;;;;;;;;;;;;;;;;14;;
PRE;06.07.1993 00:00;;;;;;;;;;;;;;7.1;18.4;25.6;66.2;;;;;;;;;;;;;;;;31;;
PRE;07.07.1993 00:00;;;;;;;;;;;;;;5.8;13.9;20.9;50;;;;;;;;;;;;;;;;27;;
PRE;08.07.1993 00:00;;;;;;;;;;;;;;2.5;8.6;9;31;;;;;;;;;;;;;;;;23;;
PRE;09.07.1993 00:00;;;;;;;;;;;;;;4;15.1;14.4;54.4;;;;;;;;;;;;;;;;233;;
PRE;10.07.1993 00:00;;;;;;;;;;;;;;2.9;18.8;10.4;67.7;;;;;;;;;;;;;;;;246;;
PRE;11.07.1993 00:00;;;;;;;;;;;;;;2.8;9.6;10.1;34.6;;;;;;;;;;;;;;;;247;;
PRE;12.07.1993 00:00;;;;;;;;;;;;;;3.8;11.9;13.7;42.8;;;;;;;;;;;;;;;;237;;
PRE;13.07.1993 00:00;;;;;;;;;;;;;;1.6;4.9;5.8;17.6;;;;;;;;;;;;;;;;270;;
PRE;14.07.1993 00:00;;;;;;;;;;;;;;2.9;9.1;10.4;32.8;;;;;;;;;;;;;;;;234;;
PRE;15.07.1993 00:00;;;;;;;;;;;;;;2.1;6;7.6;21.6;;;;;;;;;;;;;;;;169;;
PRE;16.07.1993 00:00;;;;;;;;;;;;;;3.1;10.1;11.2;36.4;;;;;;;;;;;;;;;;236;;
PRE;17.07.1993 00:00;;;;;;;;;;;;;;2.8;13.1;10.1;47.2;;;;;;;;;;;;;;;;231;;
PRE;18.07.1993 00:00;;;;;;;;;;;;;;3.2;9.3;11.5;33.5;;;;;;;;;;;;;;;;236;;
PRE;19.07.1993 00:00;;;;;;;;;;;;;;4.4;13.8;15.8;49.7;;;;;;;;;;;;;;;;236;;
PRE;20.07.1993 00:00;;;;;;;;;;;;;;3.6;9;13;32.4;;;;;;;;;;;;;;;;236;;
PRE;21.07.1993 00:00;;;;;;;;;;;;;;1.8;5.3;6.5;19.1;;;;;;;;;;;;;;;;18;;
PRE;22.07.1993 00:00;;;;;;;;;;;;;;1.8;6.3;6.5;22.7;;;;;;;;;;;;;;;;76;;
PRE;23.07.1993 00:00;;;;;;;;;;;;;;2.1;5.1;7.6;18.4;;;;;;;;;;;;;;;;270;;
PRE;24.07.1993 00:00;;;;;;;;;;;;;;2.2;9.8;7.9;35.3;;;;;;;;;;;;;;;;233;;
PRE;25.07.1993 00:00;;;;;;;;;;;;;;5.6;14.8;20.2;53.3;;;;;;;;;;;;;;;;245;;
PRE;26.07.1993 00:00;;;;;;;;;;;;;;3;8.9;10.8;32;;;;;;;;;;;;;;;;254;;
PRE;27.07.1993 00:00;;;;;;;;;;;;;;2.9;10.6;10.4;38.2;;;;;;;;;;;;;;;;227;;
PRE;28.07.1993 00:00;;;;;;;;;;;;;;2.5;7.1;9;25.6;;;;;;;;;;;;;;;;222;;
PRE;29.07.1993 00:00;;;;;;;;;;;;;;1.8;4;6.5;14.4;;;;;;;;;;;;;;;;45;;
PRE;30.07.1993 00:00;;;;;;;;;;;;;;3;12.6;10.8;45.4;;;;;;;;;;;;;;;;233;;
PRE;31.07.1993 00:00;;;;;;;;;;;;;;4.1;11.3;14.8;40.7;;;;;;;;;;;;;;;;299;;
PRE;01.08.1993 00:00;;;;;;;;;;;;;;4.5;11.4;16.2;41;;;;;;;;;;;;;;;;12;;
PRE;02.08.1993 00:00;;;;;;;;;;;;;;1.8;4.5;6.5;16.2;;;;;;;;;;;;;;;;45;;
PRE;03.08.1993 00:00;;;;;;;;;;;;;;1.7;5.4;6.1;19.4;;;;;;;;;;;;;;;;360;;
PRE;04.08.1993 00:00;;;;;;;;;;;;;;2;5.3;7.2;19.1;;;;;;;;;;;;;;;;51;;
PRE;05.08.1993 00:00;;;;;;;;;;;;;;2.9;11.4;10.4;41;;;;;;;;;;;;;;;;236;;
PRE;06.08.1993 00:00;;;;;;;;;;;;;;3.2;8.6;11.5;31;;;;;;;;;;;;;;;;342;;
PRE;07.08.1993 00:00;;;;;;;;;;;;;;3.5;10.6;12.6;38.2;;;;;;;;;;;;;;;;19;;
PRE;08.08.1993 00:00;;;;;;;;;;;;;;2.2;7.5;7.9;27;;;;;;;;;;;;;;;;286;;
PRE;09.08.1993 00:00;;;;;;;;;;;;;;2.8;8.5;10.1;30.6;;;;;;;;;;;;;;;;245;;
PRE;10.08.1993 00:00;;;;;;;;;;;;;;5.2;14.1;18.7;50.8;;;;;;;;;;;;;;;;241;;
PRE;11.08.1993 00:00;;;;;;;;;;;;;;2.1;5.3;7.6;19.1;;;;;;;;;;;;;;;;243;;
PRE;12.08.1993 00:00;;;;;;;;;;;;;;2.7;12;9.7;43.2;;;;;;;;;;;;;;;;242;;
PRE;13.08.1993 00:00;;;;;;;;;;;;;;2.8;9.5;10.1;34.2;;;;;;;;;;;;;;;;29;;
PRE;14.08.1993 00:00;;;;;;;;;;;;;;2.4;10.1;8.6;36.4;;;;;;;;;;;;;;;;49;;
PRE;15.08.1993 00:00;;;;;;;;;;;;;;3.1;17.4;11.2;62.6;;;;;;;;;;;;;;;;225;;
PRE;16.08.1993 00:00;;;;;;;;;;;;;;1.8;4.6;6.5;16.6;;;;;;;;;;;;;;;;39;;
PRE;17.08.1993 00:00;;;;;;;;;;;;;;2.4;8.6;8.6;31;;;;;;;;;;;;;;;;6;;
PRE;18.08.1993 00:00;;;;;;;;;;;;;;2.9;8.3;10.4;29.9;;;;;;;;;;;;;;;;27;;
PRE;19.08.1993 00:00;;;;;;;;;;;;;;2.1;7.5;7.6;27;;;;;;;;;;;;;;;;321;;
PRE;20.08.1993 00:00;;;;;;;;;;;;;;2.2;5.8;7.9;20.9;;;;;;;;;;;;;;;;14;;
PRE;21.08.1993 00:00;;;;;;;;;;;;;;1.7;4.4;6.1;15.8;;;;;;;;;;;;;;;;360;;
PRE;22.08.1993 00:00;;;;;;;;;;;;;;4.3;17.9;15.5;64.4;;;;;;;;;;;;;;;;230;;
PRE;23.08.1993 00:00;;;;;;;;;;;;;;3.1;12.9;11.2;46.4;;;;;;;;;;;;;;;;236;;
PRE;24.08.1993 00:00;;;;;;;;;;;;;;5.6;11.9;20.2;42.8;;;;;;;;;;;;;;;;10;;
PRE;25.08.1993 00:00;;;;;;;;;;;;;;5.4;11.9;19.4;42.8;;;;;;;;;;;;;;;;12;;
PRE;26.08.1993 00:00;;;;;;;;;;;;;;4.3;9.8;15.5;35.3;;;;;;;;;;;;;;;;14;;
PRE;27.08.1993 00:00;;;;;;;;;;;;;;4.4;16.4;15.8;59;;;;;;;;;;;;;;;;324;;
PRE;28.08.1993 00:00;;;;;;;;;;;;;;5.5;16;19.8;57.6;;;;;;;;;;;;;;;;23;;
PRE;29.08.1993 00:00;;;;;;;;;;;;;;6.8;17.5;24.5;63;;;;;;;;;;;;;;;;25;;
PRE;30.08.1993 00:00;;;;;;;;;;;;;;1.9;5.9;6.8;21.2;;;;;;;;;;;;;;;;40;;
PRE;31.08.1993 00:00;;;;;;;;;;;;;;4.5;13.8;16.2;49.7;;;;;;;;;;;;;;;;27;;
PRE;01.09.1993 00:00;;;;;;;;;;;;;;7.1;15.6;25.6;56.2;;;;;;;;;;;;;;;;29;;
PRE;02.09.1993 00:00;;;;;;;;;;;;;;2.7;8.3;9.7;29.9;;;;;;;;;;;;;;;;38;;
PRE;03.09.1993 00:00;;;;;;;;;;;;;;1.5;3.9;5.4;14;;;;;;;;;;;;;;;;243;;
PRE;04.09.1993 00:00;;;;;;;;;;;;;;3.6;11.8;13;42.5;;;;;;;;;;;;;;;;14;;
PRE;05.09.1993 00:00;;;;;;;;;;;;;;3.2;11.3;11.5;40.7;;;;;;;;;;;;;;;;17;;
PRE;06.09.1993 00:00;;;;;;;;;;;;;;2.9;8.9;10.4;32;;;;;;;;;;;;;;;;18;;
PRE;07.09.1993 00:00;;;;;;;;;;;;;;1.4;4.8;5;17.3;;;;;;;;;;;;;;;;233;;
PRE;08.09.1993 00:00;;;;;;;;;;;;;;1.5;7.9;5.4;28.4;;;;;;;;;;;;;;;;90;;
PRE;09.09.1993 00:00;;;;;;;;;;;;;;1.8;8.9;6.5;32;;;;;;;;;;;;;;;;21;;
PRE;10.09.1993 00:00;;;;;;;;;;;;;;4.2;17.1;15.1;61.6;;;;;;;;;;;;;;;;238;;
PRE;11.09.1993 00:00;;;;;;;;;;;;;;5.2;14.3;18.7;51.5;;;;;;;;;;;;;;;;235;;
PRE;12.09.1993 00:00;;;;;;;;;;;;;;2.2;6.4;7.9;23;;;;;;;;;;;;;;;;236;;
PRE;13.09.1993 00:00;;;;;;;;;;;;;;2.1;8;7.6;28.8;;;;;;;;;;;;;;;;356;;
PRE;14.09.1993 00:00;;;;;;;;;;;;;;7.5;18.3;27;65.9;;;;;;;;;;;;;;;;237;;
PRE;15.09.1993 00:00;;;;;;;;;;;;;;5.2;15.6;18.7;56.2;;;;;;;;;;;;;;;;241;;
PRE;16.09.1993 00:00;;;;;;;;;;;;;;4.6;17.3;16.6;62.3;;;;;;;;;;;;;;;;242;;
PRE;17.09.1993 00:00;;;;;;;;;;;;;;1.7;6.4;6.1;23;;;;;;;;;;;;;;;;360;;
PRE;18.09.1993 00:00;;;;;;;;;;;;;;3.7;8.3;13.3;29.9;;;;;;;;;;;;;;;;13;;
PRE;19.09.1993 00:00;;;;;;;;;;;;;;1.3;3.9;4.7;14;;;;;;;;;;;;;;;;360;;
PRE;20.09.1993 00:00;;;;;;;;;;;;;;1.2;3.6;4.3;13;;;;;;;;;;;;;;;;315;;
PRE;21.09.1993 00:00;;;;;;;;;;;;;;1.1;3.1;4;11.2;;;;;;;;;;;;;;;;333;;
PRE;22.09.1993 00:00;;;;;;;;;;;;;;1.8;14.6;6.5;52.6;;;;;;;;;;;;;;;;270;;
PRE;23.09.1993 00:00;;;;;;;;;;;;;;3.2;10;11.5;36;;;;;;;;;;;;;;;;17;;
PRE;24.09.1993 00:00;;;;;;;;;;;;;;3.8;9;13.7;32.4;;;;;;;;;;;;;;;;285;;
PRE;25.09.1993 00:00;;;;;;;;;;;;;;5;14.9;18;53.6;;;;;;;;;;;;;;;;236;;
PRE;26.09.1993 00:00;;;;;;;;;;;;;;2.2;6;7.9;21.6;;;;;;;;;;;;;;;;243;;
PRE;27.09.1993 00:00;;;;;;;;;;;;;;1.8;4.8;6.5;17.3;;;;;;;;;;;;;;;;253;;
PRE;28.09.1993 00:00;;;;;;;;;;;;;;2.3;6.9;8.3;24.8;;;;;;;;;;;;;;;;270;;
PRE;29.09.1993 00:00;;;;;;;;;;;;;;2.2;6.8;7.9;24.5;;;;;;;;;;;;;;;;347;;
PRE;30.09.1993 00:00;;;;;;;;;;;;;;1.7;7;6.1;25.2;;;;;;;;;;;;;;;;297;;
PRE;01.10.1993 00:00;;;;;;;;;;;;;;2.4;10.4;8.6;37.4;;;;;;;;;;;;;;;;279;;
PRE;02.10.1993 00:00;;;;;;;;;;;;;;2.8;11.1;10.1;40;;;;;;;;;;;;;;;;245;;
PRE;03.10.1993 00:00;;;;;;;;;;;;;;5.4;13.8;19.4;49.7;;;;;;;;;;;;;;;;237;;
PRE;04.10.1993 00:00;;;;;;;;;;;;;;2.8;8.6;10.1;31;;;;;;;;;;;;;;;;233;;
PRE;05.10.1993 00:00;;;;;;;;;;;;;;1.1;4.1;4;14.8;;;;;;;;;;;;;;;;252;;
PRE;06.10.1993 00:00;;;;;;;;;;;;;;2.2;10.8;7.9;38.9;;;;;;;;;;;;;;;;243;;
PRE;07.10.1993 00:00;;;;;;;;;;;;;;1.9;6.9;6.8;24.8;;;;;;;;;;;;;;;;264;;
PRE;08.10.1993 00:00;;;;;;;;;;;;;;3.2;10.6;11.5;38.2;;;;;;;;;;;;;;;;262;;
PRE;09.10.1993 00:00;;;;;;;;;;;;;;2.3;7.6;8.3;27.4;;;;;;;;;;;;;;;;243;;
PRE;10.10.1993 00:00;;;;;;;;;;;;;;1.6;5.8;5.8;20.9;;;;;;;;;;;;;;;;347;;
PRE;11.10.1993 00:00;;;;;;;;;;;;;;2;9.9;7.2;35.6;;;;;;;;;;;;;;;;360;;
PRE;12.10.1993 00:00;;;;;;;;;;;;;;2;10.3;7.2;37.1;;;;;;;;;;;;;;;;331;;
PRE;13.10.1993 00:00;;;;;;;;;;;;;;1.9;8;6.8;28.8;;;;;;;;;;;;;;;;342;;
PRE;14.10.1993 00:00;;;;;;;;;;;;;;5.4;15.3;19.4;55.1;;;;;;;;;;;;;;;;228;;
PRE;15.10.1993 00:00;;;;;;;;;;;;;;4.6;18.2;16.6;65.5;;;;;;;;;;;;;;;;245;;
PRE;16.10.1993 00:00;;;;;;;;;;;;;;2.6;8.1;9.4;29.2;;;;;;;;;;;;;;;;13;;
PRE;17.10.1993 00:00;;;;;;;;;;;;;;2.8;11.7;10.1;42.1;;;;;;;;;;;;;;;;7;;
PRE;18.10.1993 00:00;;;;;;;;;;;;;;5.1;12.2;18.4;43.9;;;;;;;;;;;;;;;;8;;
PRE;19.10.1993 00:00;;;;;;;;;;;;;;2.8;7.2;10.1;25.9;;;;;;;;;;;;;;;;5;;
PRE;20.10.1993 00:00;;;;;;;;;;;;;;;;7.9;;;;;;;;;;;;;;;;;;;
PRE;22.10.1993 00:00;;;;;;;;;;;;;;9.1;23.1;32.8;83.2;;;;;;;;;;;;;;;;32;;
PRE;23.10.1993 00:00;;;;;;;;;;;;;;5.4;13.8;19.4;49.7;;;;;;;;;;;;;;;;19;;
PRE;24.10.1993 00:00;;;;;;;;;;;;;;4.2;9.2;15.1;33.1;;;;;;;;;;;;;;;;26;;
PRE;25.10.1993 00:00;;;;;;;;;;;;;;6;11.1;21.6;40;;;;;;;;;;;;;;;;19;;
PRE;26.10.1993 00:00;;;;;;;;;;;;;;4.6;8.8;16.6;31.7;;;;;;;;;;;;;;;;12;;
PRE;27.10.1993 00:00;;;;;;;;;;;;;;4.6;9.8;16.6;35.3;;;;;;;;;;;;;;;;9;;
PRE;28.10.1993 00:00;;;;;;;;;;;;;;4.4;9.1;15.8;32.8;;;;;;;;;;;;;;;;25;;
PRE;29.10.1993 00:00;;;;;;;;;;;;;;2;6.3;7.2;22.7;;;;;;;;;;;;;;;;348;;
PRE;30.10.1993 00:00;;;;;;;;;;;;;;3;7.1;10.8;25.6;;;;;;;;;;;;;;;;351;;
PRE;31.10.1993 00:00;;;;;;;;;;;;;;2.1;6.3;7.6;22.7;;;;;;;;;;;;;;;;344;;
PRE;01.11.1993 00:00;;;;;;;;;;;;;;1.7;5.8;6.1;20.9;;;;;;;;;;;;;;;;355;;
PRE;02.11.1993 00:00;;;;;;;;;;;;;;1.1;3.5;4;12.6;;;;;;;;;;;;;;;;360;;
PRE;03.11.1993 00:00;;;;;;;;;;;;;;1.5;4.7;5.4;16.9;;;;;;;;;;;;;;;;346;;
PRE;04.11.1993 00:00;;;;;;;;;;;;;;3.1;9.2;11.2;33.1;;;;;;;;;;;;;;;;12;;
PRE;05.11.1993 00:00;;;;;;;;;;;;;;4.4;8.6;15.8;31;;;;;;;;;;;;;;;;27;;
PRE;06.11.1993 00:00;;;;;;;;;;;;;;1.6;7.5;5.8;27;;;;;;;;;;;;;;;;14;;
PRE;07.11.1993 00:00;;;;;;;;;;;;;;1.5;7.3;5.4;26.3;;;;;;;;;;;;;;;;239;;
PRE;08.11.1993 00:00;;;;;;;;;;;;;;2.1;6.5;7.6;23.4;;;;;;;;;;;;;;;;242;;
PRE;09.11.1993 00:00;;;;;;;;;;;;;;1.2;4.1;4.3;14.8;;;;;;;;;;;;;;;;292;;
PRE;10.11.1993 00:00;;;;;;;;;;;;;;3.1;10.2;11.2;36.7;;;;;;;;;;;;;;;;277;;
PRE;11.11.1993 00:00;;;;;;;;;;;;;;3.7;10.3;13.3;37.1;;;;;;;;;;;;;;;;241;;
PRE;12.11.1993 00:00;;;;;;;;;;;;;;2.6;7.3;9.4;26.3;;;;;;;;;;;;;;;;17;;
PRE;13.11.1993 00:00;;;;;;;;;;;;;;3.2;8.6;11.5;31;;;;;;;;;;;;;;;;13;;
PRE;14.11.1993 00:00;;;;;;;;;;;;;;6.7;18.5;24.1;66.6;;;;;;;;;;;;;;;;235;;
PRE;15.11.1993 00:00;;;;;;;;;;;;;;3.3;8;11.9;28.8;;;;;;;;;;;;;;;;260;;
PRE;16.11.1993 00:00;;;;;;;;;;;;;;7.2;15.2;25.9;54.7;;;;;;;;;;;;;;;;28;;
PRE;17.11.1993 00:00;;;;;;;;;;;;;;5.5;10.6;19.8;38.2;;;;;;;;;;;;;;;;19;;
PRE;18.11.1993 00:00;;;;;;;;;;;;;;5.1;9.3;18.4;33.5;;;;;;;;;;;;;;;;6;;
PRE;19.11.1993 00:00;;;;;;;;;;;;;;5.3;9.2;19.1;33.1;;;;;;;;;;;;;;;;7;;
PRE;20.11.1993 00:00;;;;;;;;;;;;;;4.9;10.1;17.6;36.4;;;;;;;;;;;;;;;;15;;
PRE;21.11.1993 00:00;;;;;;;;;;;;;;2.7;7.3;9.7;26.3;;;;;;;;;;;;;;;;355;;
PRE;22.11.1993 00:00;;;;;;;;;;;;;;3.2;7.7;11.5;27.7;;;;;;;;;;;;;;;;349;;
PRE;23.11.1993 00:00;;;;;;;;;;;;;;3.9;7.7;14;27.7;;;;;;;;;;;;;;;;7;;
PRE;24.11.1993 00:00;;;;;;;;;;;;;;2;6.1;7.2;22;;;;;;;;;;;;;;;;3;;
PRE;25.11.1993 00:00;;;;;;;;;;;;;;4;8.5;14.4;30.6;;;;;;;;;;;;;;;;15;;
PRE;26.11.1993 00:00;;;;;;;;;;;;;;6;13.7;21.6;49.3;;;;;;;;;;;;;;;;17;;
PRE;27.11.1993 00:00;;;;;;;;;;;;;;2.7;5.7;9.7;20.5;;;;;;;;;;;;;;;;358;;
PRE;28.11.1993 00:00;;;;;;;;;;;;;;4.3;10.1;15.5;36.4;;;;;;;;;;;;;;;;3;;
PRE;29.11.1993 00:00;;;;;;;;;;;;;;5.7;12.3;20.5;44.3;;;;;;;;;;;;;;;;24;;
PRE;30.11.1993 00:00;;;;;;;;;;;;;;2.5;9.5;9;34.2;;;;;;;;;;;;;;;;3;;
PRE;01.12.1993 00:00;;;;;;;;;;;;;;1.1;3.2;4;11.5;;;;;;;;;;;;;;;;349;;
PRE;02.12.1993 00:00;;;;;;;;;;;;;;1.5;4.3;5.4;15.5;;;;;;;;;;;;;;;;290;;
PRE;03.12.1993 00:00;;;;;;;;;;;;;;1.4;3.5;5;12.6;;;;;;;;;;;;;;;;312;;
PRE;04.12.1993 00:00;;;;;;;;;;;;;;0.8;3.3;2.9;11.9;;;;;;;;;;;;;;;;304;;
PRE;05.12.1993 00:00;;;;;;;;;;;;;;3.4;10.8;12.2;38.9;;;;;;;;;;;;;;;;17;;
PRE;06.12.1993 00:00;;;;;;;;;;;;;;2.5;10.8;9;38.9;;;;;;;;;;;;;;;;13;;
PRE;07.12.1993 00:00;;;;;;;;;;;;;;6.2;15.3;22.3;55.1;;;;;;;;;;;;;;;;239;;
PRE;08.12.1993 00:00;;;;;;;;;;;;;;8;16.1;28.8;58;;;;;;;;;;;;;;;;247;;
PRE;09.12.1993 00:00;;;;;;;;;;;;;;7.4;19.6;26.6;70.6;;;;;;;;;;;;;;;;238;;
PRE;10.12.1993 00:00;;;;;;;;;;;;;;6.1;14.2;22;51.1;;;;;;;;;;;;;;;;245;;
PRE;11.12.1993 00:00;;;;;;;;;;;;;;7.9;22.3;28.4;80.3;;;;;;;;;;;;;;;;245;;
PRE;12.12.1993 00:00;;;;;;;;;;;;;;5.5;12.6;19.8;45.4;;;;;;;;;;;;;;;;242;;
PRE;13.12.1993 00:00;;;;;;;;;;;;;;8.4;17.6;30.2;63.4;;;;;;;;;;;;;;;;236;;
PRE;14.12.1993 00:00;;;;;;;;;;;;;;4.4;12.7;15.8;45.7;;;;;;;;;;;;;;;;238;;
PRE;15.12.1993 00:00;;;;;;;;;;;;;;9.5;23.7;34.2;85.3;;;;;;;;;;;;;;;;236;;
PRE;16.12.1993 00:00;;;;;;;;;;;;;;9.6;20.6;34.6;74.2;;;;;;;;;;;;;;;;231;;
PRE;17.12.1993 00:00;;;;;;;;;;;;;;6.5;16;23.4;57.6;;;;;;;;;;;;;;;;239;;
PRE;18.12.1993 00:00;;;;;;;;;;;;;;1.1;2.8;4;10.1;;;;;;;;;;;;;;;;297;;
PRE;19.12.1993 00:00;;;;;;;;;;;;;;7.1;15.3;25.6;55.1;;;;;;;;;;;;;;;;245;;
PRE;20.12.1993 00:00;;;;;;;;;;;;;;7.5;14.3;27;51.5;;;;;;;;;;;;;;;;249;;
PRE;21.12.1993 00:00;;;;;;;;;;;;;;8.8;23.5;31.7;84.6;;;;;;;;;;;;;;;;250;;
PRE;22.12.1993 00:00;;;;;;;;;;;;;;7.9;17.6;28.4;63.4;;;;;;;;;;;;;;;;243;;
PRE;23.12.1993 00:00;;;;;;;;;;;;;;7.2;17.3;25.9;62.3;;;;;;;;;;;;;;;;238;;
PRE;24.12.1993 00:00;;;;;;;;;;;;;;8;21.5;28.8;77.4;;;;;;;;;;;;;;;;224;;
PRE;25.12.1993 00:00;;;;;;;;;;;;;;5;13.3;18;47.9;;;;;;;;;;;;;;;;255;;
PRE;26.12.1993 00:00;;;;;;;;;;;;;;3.5;10.8;12.6;38.9;;;;;;;;;;;;;;;;11;;
PRE;27.12.1993 00:00;;;;;;;;;;;;;;1.8;4.5;6.5;16.2;;;;;;;;;;;;;;;;298;;
PRE;28.12.1993 00:00;;;;;;;;;;;;;;1.8;6.1;6.5;22;;;;;;;;;;;;;;;;274;;
PRE;29.12.1993 00:00;;;;;;;;;;;;;;2.5;10.6;9;38.2;;;;;;;;;;;;;;;;243;;
PRE;30.12.1993 00:00;;;;;;;;;;;;;;5.5;13;19.8;46.8;;;;;;;;;;;;;;;;237;;
PRE;31.12.1993 00:00;;;;;;;;;;;;;;7.5;15;27;54;;;;;;;;;;;;;;;;242;;
PRE;01.01.1994 00:00;;;;;;;;;;;;;;4.2;15.5;15.1;55.8;;;;;;;;;;;;;;;;245;;
PRE;02.01.1994 00:00;;;;;;;;;;;;;;6.5;14.5;23.4;52.2;;;;;;;;;;;;;;;;247;;
PRE;03.01.1994 00:00;;;;;;;;;;;;;;4;15.6;14.4;56.2;;;;;;;;;;;;;;;;238;;
PRE;04.01.1994 00:00;;;;;;;;;;;;;;6.2;21.2;22.3;76.3;;;;;;;;;;;;;;;;237;;
PRE;05.01.1994 00:00;;;;;;;;;;;;;;7.5;20.1;27;72.4;;;;;;;;;;;;;;;;242;;
PRE;06.01.1994 00:00;;;;;;;;;;;;;;2;8;7.2;28.8;;;;;;;;;;;;;;;;284;;
PRE;07.01.1994 00:00;;;;;;;;;;;;;;3.4;11.6;12.2;41.8;;;;;;;;;;;;;;;;256;;
PRE;08.01.1994 00:00;;;;;;;;;;;;;;1.7;6;6.1;21.6;;;;;;;;;;;;;;;;245;;
PRE;09.01.1994 00:00;;;;;;;;;;;;;;1.5;7.5;5.4;27;;;;;;;;;;;;;;;;350;;
PRE;10.01.1994 00:00;;;;;;;;;;;;;;2.7;11.3;9.7;40.7;;;;;;;;;;;;;;;;6;;
PRE;11.01.1994 00:00;;;;;;;;;;;;;;2.2;6.2;7.9;22.3;;;;;;;;;;;;;;;;237;;
PRE;12.01.1994 00:00;;;;;;;;;;;;;;1.9;7.1;6.8;25.6;;;;;;;;;;;;;;;;214;;
PRE;13.01.1994 00:00;;;;;;;;;;;;;;2.2;10;7.9;36;;;;;;;;;;;;;;;;234;;
PRE;14.01.1994 00:00;;;;;;;;;;;;;;3.3;9.2;11.9;33.1;;;;;;;;;;;;;;;;243;;
PRE;15.01.1994 00:00;;;;;;;;;;;;;;2.1;8.5;7.6;30.6;;;;;;;;;;;;;;;;252;;
PRE;16.01.1994 00:00;;;;;;;;;;;;;;1.5;5;5.4;18;;;;;;;;;;;;;;;;338;;
PRE;17.01.1994 00:00;;;;;;;;;;;;;;6;16.1;21.6;58;;;;;;;;;;;;;;;;29;;
PRE;18.01.1994 00:00;;;;;;;;;;;;;;5.5;15.2;19.8;54.7;;;;;;;;;;;;;;;;25;;
PRE;19.01.1994 00:00;;;;;;;;;;;;;;2.4;6.2;8.6;22.3;;;;;;;;;;;;;;;;357;;
PRE;20.01.1994 00:00;;;;;;;;;;;;;;6.1;14.8;22;53.3;;;;;;;;;;;;;;;;14;;
PRE;21.01.1994 00:00;;;;;;;;;;;;;;6.4;15.7;23;56.5;;;;;;;;;;;;;;;;36;;
PRE;22.01.1994 00:00;;;;;;;;;;;;;;2.2;5.7;7.9;20.5;;;;;;;;;;;;;;;;357;;
PRE;23.01.1994 00:00;;;;;;;;;;;;;;2.2;5.5;7.9;19.8;;;;;;;;;;;;;;;;240;;
PRE;24.01.1994 00:00;;;;;;;;;;;;;;4;10.7;14.4;38.5;;;;;;;;;;;;;;;;239;;
PRE;25.01.1994 00:00;;;;;;;;;;;;;;5.4;10.6;19.4;38.2;;;;;;;;;;;;;;;;241;;
PRE;26.01.1994 00:00;;;;;;;;;;;;;;5.4;17.8;19.4;64.1;;;;;;;;;;;;;;;;243;;
PRE;27.01.1994 00:00;;;;;;;;;;;;;;6.5;14.6;23.4;52.6;;;;;;;;;;;;;;;;247;;
PRE;28.01.1994 00:00;;;;;;;;;;;;;;5.1;18.1;18.4;65.2;;;;;;;;;;;;;;;;261;;
PRE;29.01.1994 00:00;;;;;;;;;;;;;;2.2;6.3;7.9;22.7;;;;;;;;;;;;;;;;350;;
PRE;30.01.1994 00:00;;;;;;;;;;;;;;1.3;3.8;4.7;13.7;;;;;;;;;;;;;;;;252;;
PRE;31.01.1994 00:00;;;;;;;;;;;;;;1.3;3.8;4.7;13.7;;;;;;;;;;;;;;;;333;;
PRE;01.02.1994 00:00;;;;;;;;;;;;;;1.2;4.1;4.3;14.8;;;;;;;;;;;;;;;;207;;
PRE;02.02.1994 00:00;;;;;;;;;;;;;;3;10.3;10.8;37.1;;;;;;;;;;;;;;;;212;;
PRE;03.02.1994 00:00;;;;;;;;;;;;;;4.2;12.2;15.1;43.9;;;;;;;;;;;;;;;;226;;
PRE;04.02.1994 00:00;;;;;;;;;;;;;;1.7;7.8;6.1;28.1;;;;;;;;;;;;;;;;309;;
PRE;05.02.1994 00:00;;;;;;;;;;;;;;1.4;6;5;21.6;;;;;;;;;;;;;;;;243;;
PRE;06.02.1994 00:00;;;;;;;;;;;;;;2.1;5.6;7.6;20.2;;;;;;;;;;;;;;;;262;;
PRE;07.02.1994 00:00;;;;;;;;;;;;;;3;6.7;10.8;24.1;;;;;;;;;;;;;;;;8;;
PRE;08.02.1994 00:00;;;;;;;;;;;;;;3.1;10.8;11.2;38.9;;;;;;;;;;;;;;;;18;;
PRE;09.02.1994 00:00;;;;;;;;;;;;;;2;7;7.2;25.2;;;;;;;;;;;;;;;;13;;
PRE;10.02.1994 00:00;;;;;;;;;;;;;;3.1;9.7;11.2;34.9;;;;;;;;;;;;;;;;274;;
PRE;11.02.1994 00:00;;;;;;;;;;;;;;2.6;11.3;9.4;40.7;;;;;;;;;;;;;;;;12;;
PRE;12.02.1994 00:00;;;;;;;;;;;;;;7.8;17;28.1;61.2;;;;;;;;;;;;;;;;27;;
PRE;13.02.1994 00:00;;;;;;;;;;;;;;6.2;12.2;22.3;43.9;;;;;;;;;;;;;;;;20;;
PRE;14.02.1994 00:00;;;;;;;;;;;;;;8;14;28.8;50.4;;;;;;;;;;;;;;;;14;;
PRE;15.02.1994 00:00;;;;;;;;;;;;;;3.2;10.5;11.5;37.8;;;;;;;;;;;;;;;;2;;
PRE;16.02.1994 00:00;;;;;;;;;;;;;;2.7;9;9.7;32.4;;;;;;;;;;;;;;;;344;;
PRE;17.02.1994 00:00;;;;;;;;;;;;;;1.4;3.8;5;13.7;;;;;;;;;;;;;;;;304;;
PRE;18.02.1994 00:00;;;;;;;;;;;;;;2.7;7.6;9.7;27.4;;;;;;;;;;;;;;;;355;;
PRE;19.02.1994 00:00;;;;;;;;;;;;;;4.2;8.6;15.1;31;;;;;;;;;;;;;;;;10;;
PRE;20.02.1994 00:00;;;;;;;;;;;;;;4.2;17.1;15.1;61.6;;;;;;;;;;;;;;;;254;;
PRE;21.02.1994 00:00;;;;;;;;;;;;;;5.6;16.7;20.2;60.1;;;;;;;;;;;;;;;;240;;
PRE;22.02.1994 00:00;;;;;;;;;;;;;;3.9;12.2;14;43.9;;;;;;;;;;;;;;;;247;;
PRE;23.02.1994 00:00;;;;;;;;;;;;;;1.1;3.5;4;12.6;;;;;;;;;;;;;;;;270;;
PRE;24.02.1994 00:00;;;;;;;;;;;;;;3.9;11;14;39.6;;;;;;;;;;;;;;;;245;;
PRE;25.02.1994 00:00;;;;;;;;;;;;;;2.8;7.2;10.1;25.9;;;;;;;;;;;;;;;;246;;
PRE;26.02.1994 00:00;;;;;;;;;;;;;;1.4;4.3;5;15.5;;;;;;;;;;;;;;;;346;;
PRE;27.02.1994 00:00;;;;;;;;;;;;;;1.5;10.6;5.4;38.2;;;;;;;;;;;;;;;;270;;
PRE;28.02.1994 00:00;;;;;;;;;;;;;;1.5;12.7;5.4;45.7;;;;;;;;;;;;;;;;288;;
PRE;01.03.1994 00:00;;;;;;;;;;;;;;1.4;5.7;5;20.5;;;;;;;;;;;;;;;;0;;
PRE;02.03.1994 00:00;;;;;;;;;;;;;;4.2;11.6;15.1;41.8;;;;;;;;;;;;;;;;235;;
PRE;03.03.1994 00:00;;;;;;;;;;;;;;2.4;20.6;8.6;74.2;;;;;;;;;;;;;;;;240;;
PRE;04.03.1994 00:00;;;;;;;;;;;;;;2.6;19.5;9.4;70.2;;;;;;;;;;;;;;;;12;;
PRE;05.03.1994 00:00;;;;;;;;;;;;;;1.5;6.6;5.4;23.8;;;;;;;;;;;;;;;;233;;
PRE;06.03.1994 00:00;;;;;;;;;;;;;;2.5;9.5;9;34.2;;;;;;;;;;;;;;;;250;;
PRE;07.03.1994 00:00;;;;;;;;;;;;;;1.3;4;4.7;14.4;;;;;;;;;;;;;;;;288;;
PRE;08.03.1994 00:00;;;;;;;;;;;;;;1.4;6;5;21.6;;;;;;;;;;;;;;;;40;;
PRE;09.03.1994 00:00;;;;;;;;;;;;;;1.4;5.2;5;18.7;;;;;;;;;;;;;;;;333;;
PRE;10.03.1994 00:00;;;;;;;;;;;;;;2.7;11.2;9.7;40.3;;;;;;;;;;;;;;;;16;;
PRE;11.03.1994 00:00;;;;;;;;;;;;;;2.2;10.2;7.9;36.7;;;;;;;;;;;;;;;;29;;
PRE;12.03.1994 00:00;;;;;;;;;;;;;;3.1;10.8;11.2;38.9;;;;;;;;;;;;;;;;251;;
PRE;13.03.1994 00:00;;;;;;;;;;;;;;6.5;14.3;23.4;51.5;;;;;;;;;;;;;;;;243;;
PRE;14.03.1994 00:00;;;;;;;;;;;;;;3.2;11.6;11.5;41.8;;;;;;;;;;;;;;;;246;;
PRE;15.03.1994 00:00;;;;;;;;;;;;;;4.3;12.5;15.5;45;;;;;;;;;;;;;;;;241;;
PRE;16.03.1994 00:00;;;;;;;;;;;;;;5.8;14.3;20.9;51.5;;;;;;;;;;;;;;;;249;;
PRE;17.03.1994 00:00;;;;;;;;;;;;;;5.3;13.2;19.1;47.5;;;;;;;;;;;;;;;;242;;
PRE;18.03.1994 00:00;;;;;;;;;;;;;;3.5;9.5;12.6;34.2;;;;;;;;;;;;;;;;240;;
PRE;19.03.1994 00:00;;;;;;;;;;;;;;7;15.8;25.2;56.9;;;;;;;;;;;;;;;;248;;
PRE;20.03.1994 00:00;;;;;;;;;;;;;;4.6;12.3;16.6;44.3;;;;;;;;;;;;;;;;235;;
PRE;21.03.1994 00:00;;;;;;;;;;;;;;2.4;8.6;8.6;31;;;;;;;;;;;;;;;;238;;
PRE;22.03.1994 00:00;;;;;;;;;;;;;;1.6;4.7;5.8;16.9;;;;;;;;;;;;;;;;254;;
PRE;23.03.1994 00:00;;;;;;;;;;;;;;1.6;4.7;5.8;16.9;;;;;;;;;;;;;;;;180;;
PRE;24.03.1994 00:00;;;;;;;;;;;;;;2.5;11.7;9;42.1;;;;;;;;;;;;;;;;240;;
PRE;25.03.1994 00:00;;;;;;;;;;;;;;2.3;12.6;8.3;45.4;;;;;;;;;;;;;;;;245;;
PRE;26.03.1994 00:00;;;;;;;;;;;;;;4.3;12.1;15.5;43.6;;;;;;;;;;;;;;;;7;;
PRE;27.03.1994 00:00;;;;;;;;;;;;;;5.3;11.5;19.1;41.4;;;;;;;;;;;;;;;;11;;
PRE;28.03.1994 00:00;;;;;;;;;;;;;;2;10.8;7.2;38.9;;;;;;;;;;;;;;;;232;;
PRE;29.03.1994 00:00;;;;;;;;;;;;;;2.5;7.3;9;26.3;;;;;;;;;;;;;;;;360;;
PRE;30.03.1994 00:00;;;;;;;;;;;;;;2.2;9.2;7.9;33.1;;;;;;;;;;;;;;;;229;;
PRE;31.03.1994 00:00;;;;;;;;;;;;;;6.1;13.7;22;49.3;;;;;;;;;;;;;;;;242;;
PRE;01.04.1994 00:00;;;;;;;;;;;;;;7.7;17.7;27.7;63.7;;;;;;;;;;;;;;;;234;;
PRE;02.04.1994 00:00;;;;;;;;;;;;;;5.7;14.5;20.5;52.2;;;;;;;;;;;;;;;;230;;
PRE;03.04.1994 00:00;;;;;;;;;;;;;;2.1;7.8;7.6;28.1;;;;;;;;;;;;;;;;225;;
PRE;04.04.1994 00:00;;;;;;;;;;;;;;6.8;14.5;24.5;52.2;;;;;;;;;;;;;;;;248;;
PRE;05.04.1994 00:00;;;;;;;;;;;;;;4.1;10.1;14.8;36.4;;;;;;;;;;;;;;;;243;;
PRE;06.04.1994 00:00;;;;;;;;;;;;;;4.3;9;15.5;32.4;;;;;;;;;;;;;;;;245;;
PRE;07.04.1994 00:00;;;;;;;;;;;;;;2.7;10.5;9.7;37.8;;;;;;;;;;;;;;;;234;;
PRE;08.04.1994 00:00;;;;;;;;;;;;;;4.8;11.8;17.3;42.5;;;;;;;;;;;;;;;;238;;
PRE;09.04.1994 00:00;;;;;;;;;;;;;;7.7;16.5;27.7;59.4;;;;;;;;;;;;;;;;236;;
PRE;10.04.1994 00:00;;;;;;;;;;;;;;4.3;10.3;15.5;37.1;;;;;;;;;;;;;;;;264;;
PRE;11.04.1994 00:00;;;;;;;;;;;;;;5.9;12.6;21.2;45.4;;;;;;;;;;;;;;;;22;;
PRE;12.04.1994 00:00;;;;;;;;;;;;;;2.4;7.5;8.6;27;;;;;;;;;;;;;;;;209;;
PRE;13.04.1994 00:00;;;;;;;;;;;;;;3.1;8.8;11.2;31.7;;;;;;;;;;;;;;;;236;;
PRE;14.04.1994 00:00;;;;;;;;;;;;;;2.5;7;9;25.2;;;;;;;;;;;;;;;;15;;
PRE;15.04.1994 00:00;;;;;;;;;;;;;;2.6;8.3;9.4;29.9;;;;;;;;;;;;;;;;28;;
PRE;16.04.1994 00:00;;;;;;;;;;;;;;5.3;10.7;19.1;38.5;;;;;;;;;;;;;;;;25;;
PRE;17.04.1994 00:00;;;;;;;;;;;;;;4;13;14.4;46.8;;;;;;;;;;;;;;;;24;;
PRE;18.04.1994 00:00;;;;;;;;;;;;;;7.4;16.3;26.6;58.7;;;;;;;;;;;;;;;;29;;
PRE;19.04.1994 00:00;;;;;;;;;;;;;;2.8;8.7;10.1;31.3;;;;;;;;;;;;;;;;13;;
PRE;20.04.1994 00:00;;;;;;;;;;;;;;1;3.3;3.6;11.9;;;;;;;;;;;;;;;;180;;
PRE;21.04.1994 00:00;;;;;;;;;;;;;;1.5;6.6;5.4;23.8;;;;;;;;;;;;;;;;153;;
PRE;22.04.1994 00:00;;;;;;;;;;;;;;1.7;4.1;6.1;14.8;;;;;;;;;;;;;;;;261;;
PRE;23.04.1994 00:00;;;;;;;;;;;;;;1.4;4.5;5;16.2;;;;;;;;;;;;;;;;90;;
PRE;24.04.1994 00:00;;;;;;;;;;;;;;2.5;14.5;9;52.2;;;;;;;;;;;;;;;;243;;
PRE;25.04.1994 00:00;;;;;;;;;;;;;;1.8;7;6.5;25.2;;;;;;;;;;;;;;;;202;;
PRE;26.04.1994 00:00;;;;;;;;;;;;;;1.6;4.1;5.8;14.8;;;;;;;;;;;;;;;;135;;
PRE;27.04.1994 00:00;;;;;;;;;;;;;;2;8.1;7.2;29.2;;;;;;;;;;;;;;;;18;;
PRE;28.04.1994 00:00;;;;;;;;;;;;;;5.8;14;20.9;50.4;;;;;;;;;;;;;;;;24;;
PRE;29.04.1994 00:00;;;;;;;;;;;;;;2.9;9.6;10.4;34.6;;;;;;;;;;;;;;;;35;;
PRE;30.04.1994 00:00;;;;;;;;;;;;;;1.4;3.7;5;13.3;;;;;;;;;;;;;;;;34;;
PRE;01.05.1994 00:00;;;;;;;;;;;;;;2.8;11.6;10.1;41.8;;;;;;;;;;;;;;;;357;;
PRE;02.05.1994 00:00;;;;;;;;;;;;;;5.9;12.2;21.2;43.9;;;;;;;;;;;;;;;;13;;
PRE;03.05.1994 00:00;;;;;;;;;;;;;;2.3;7.3;8.3;26.3;;;;;;;;;;;;;;;;270;;
PRE;04.05.1994 00:00;;;;;;;;;;;;;;4.1;9.5;14.8;34.2;;;;;;;;;;;;;;;;244;;
PRE;05.05.1994 00:00;;;;;;;;;;;;;;1.7;5.6;6.1;20.2;;;;;;;;;;;;;;;;256;;
PRE;10.05.1994 00:00;;;;;;;;;;;;;;2.2;6.7;7.9;24.1;;;;;;;;;;;;;;;;21;;
PRE;11.05.1994 00:00;;;;;;;;;;;;;;3.5;;12.6;;;;;;;;;;;;;;;;;21;;
PRE;14.05.1994 00:00;;;;;;;;;;;;;;5.1;15.7;18.4;56.5;;;;;;;;;;;;;;;;276;;
PRE;15.05.1994 00:00;;;;;;;;;;;;;;1.8;5.6;6.5;20.2;;;;;;;;;;;;;;;;217;;
PRE;16.05.1994 00:00;;;;;;;;;;;;;;2;8;7.2;28.8;;;;;;;;;;;;;;;;238;;
PRE;18.05.1994 00:00;;;;;;;;;;;;;;3.7;10.1;13.3;36.4;;;;;;;;;;;;;;;;333;;
PRE;19.05.1994 00:00;;;;;;;;;;;;;;4.1;11.3;14.8;40.7;;;;;;;;;;;;;;;;233;;
PRE;20.05.1994 00:00;;;;;;;;;;;;;;2.3;9.3;8.3;33.5;;;;;;;;;;;;;;;;254;;
PRE;21.05.1994 00:00;;;;;;;;;;;;;;1.6;5.8;5.8;20.9;;;;;;;;;;;;;;;;90;;
PRE;22.05.1994 00:00;;;;;;;;;;;;;;2;6.6;7.2;23.8;;;;;;;;;;;;;;;;34;;
PRE;23.05.1994 00:00;;;;;;;;;;;;;;3.8;12.7;13.7;45.7;;;;;;;;;;;;;;;;256;;
PRE;24.05.1994 00:00;;;;;;;;;;;;;;3.3;12.2;11.9;43.9;;;;;;;;;;;;;;;;240;;
PRE;25.05.1994 00:00;;;;;;;;;;;;;;2;6.3;7.2;22.7;;;;;;;;;;;;;;;;194;;
PRE;26.05.1994 00:00;;;;;;;;;;;;;;1.9;8.2;6.8;29.5;;;;;;;;;;;;;;;;259;;
PRE;27.05.1994 00:00;;;;;;;;;;;;;;2.9;9.5;10.4;34.2;;;;;;;;;;;;;;;;264;;
PRE;28.05.1994 00:00;;;;;;;;;;;;;;1.9;12;6.8;43.2;;;;;;;;;;;;;;;;63;;
PRE;29.05.1994 00:00;;;;;;;;;;;;;;1.9;5.7;6.8;20.5;;;;;;;;;;;;;;;;76;;
PRE;30.05.1994 00:00;;;;;;;;;;;;;;4.1;10.5;14.8;37.8;;;;;;;;;;;;;;;;10;;
PRE;31.05.1994 00:00;;;;;;;;;;;;;;2.3;7.1;8.3;25.6;;;;;;;;;;;;;;;;360;;
PRE;01.06.1994 00:00;;;;;;;;;;;;;;1.4;4.3;5;15.5;;;;;;;;;;;;;;;;360;;
PRE;02.06.1994 00:00;;;;;;;;;;;;;;2.9;15.8;10.4;56.9;;;;;;;;;;;;;;;;252;;
PRE;03.06.1994 00:00;;;;;;;;;;;;;;3.1;16.2;11.2;58.3;;;;;;;;;;;;;;;;225;;
PRE;04.06.1994 00:00;;;;;;;;;;;;;;5.4;12.3;19.4;44.3;;;;;;;;;;;;;;;;239;;
PRE;05.06.1994 00:00;;;;;;;;;;;;;;3.5;22.5;12.6;81;;;;;;;;;;;;;;;;249;;
PRE;06.06.1994 00:00;;;;;;;;;;;;;;1.2;4;4.3;14.4;;;;;;;;;;;;;;;;256;;
PRE;07.06.1994 00:00;;;;;;;;;;;;;;3;9;10.8;32.4;;;;;;;;;;;;;;;;10;;
PRE;08.06.1994 00:00;;;;;;;;;;;;;;2.8;15.1;10.1;54.4;;;;;;;;;;;;;;;;228;;
PRE;09.06.1994 00:00;;;;;;;;;;;;;;4.6;13.5;16.6;48.6;;;;;;;;;;;;;;;;5;;
PRE;10.06.1994 00:00;;;;;;;;;;;;;;2.3;14.7;8.3;52.9;;;;;;;;;;;;;;;;17;;
PRE;11.06.1994 00:00;;;;;;;;;;;;;;6.5;16.5;23.4;59.4;;;;;;;;;;;;;;;;31;;
PRE;12.06.1994 00:00;;;;;;;;;;;;;;10.3;21.2;37.1;76.3;;;;;;;;;;;;;;;;28;;
PRE;13.06.1994 00:00;;;;;;;;;;;;;;7.3;17.8;26.3;64.1;;;;;;;;;;;;;;;;31;;
PRE;14.06.1994 00:00;;;;;;;;;;;;;;4.9;11.5;17.6;41.4;;;;;;;;;;;;;;;;28;;
PRE;15.06.1994 00:00;;;;;;;;;;;;;;2.6;8.8;9.4;31.7;;;;;;;;;;;;;;;;24;;
PRE;16.06.1994 00:00;;;;;;;;;;;;;;1.7;6.5;6.1;23.4;;;;;;;;;;;;;;;;279;;
PRE;17.06.1994 00:00;;;;;;;;;;;;;;1.6;4.3;5.8;15.5;;;;;;;;;;;;;;;;243;;
PRE;18.06.1994 00:00;;;;;;;;;;;;;;1.6;5.1;5.8;18.4;;;;;;;;;;;;;;;;243;;
PRE;19.06.1994 00:00;;;;;;;;;;;;;;2;21.7;7.2;78.1;;;;;;;;;;;;;;;;201;;
PRE;20.06.1994 00:00;;;;;;;;;;;;;;1.7;7.1;6.1;25.6;;;;;;;;;;;;;;;;27;;
PRE;21.06.1994 00:00;;;;;;;;;;;;;;2.5;7.5;9;27;;;;;;;;;;;;;;;;28;;
PRE;22.06.1994 00:00;;;;;;;;;;;;;;1.4;4.6;5;16.6;;;;;;;;;;;;;;;;0;;
PRE;23.06.1994 00:00;;;;;;;;;;;;;;3.6;10.2;13;36.7;;;;;;;;;;;;;;;;15;;
PRE;24.06.1994 00:00;;;;;;;;;;;;;;2.6;11.8;9.4;42.5;;;;;;;;;;;;;;;;29;;
PRE;25.06.1994 00:00;;;;;;;;;;;;;;3.1;12.2;11.2;43.9;;;;;;;;;;;;;;;;21;;
PRE;26.06.1994 00:00;;;;;;;;;;;;;;3.5;14.6;12.6;52.6;;;;;;;;;;;;;;;;245;;
PRE;27.06.1994 00:00;;;;;;;;;;;;;;1.9;5.6;6.8;20.2;;;;;;;;;;;;;;;;207;;
PRE;28.06.1994 00:00;;;;;;;;;;;;;;1.7;4.3;6.1;15.5;;;;;;;;;;;;;;;;236;;
PRE;29.06.1994 00:00;;;;;;;;;;;;;;1.9;4.8;6.8;17.3;;;;;;;;;;;;;;;;18;;
PRE;30.06.1994 00:00;;;;;;;;;;;;;;2.9;7.3;10.4;26.3;;;;;;;;;;;;;;;;18;;
PRE;01.07.1994 00:00;;;;;;;;;;;;;;1.6;4.8;5.8;17.3;;;;;;;;;;;;;;;;108;;
PRE;02.07.1994 00:00;;;;;;;;;;;;;;1.8;11.8;6.5;42.5;;;;;;;;;;;;;;;;34;;
PRE;03.07.1994 00:00;;;;;;;;;;;;;;1.5;3.8;5.4;13.7;;;;;;;;;;;;;;;;315;;
PRE;04.07.1994 00:00;;;;;;;;;;;;;;1.5;6.1;5.4;22;;;;;;;;;;;;;;;;259;;
PRE;05.07.1994 00:00;;;;;;;;;;;;;;2.2;7.6;7.9;27.4;;;;;;;;;;;;;;;;34;;
PRE;06.07.1994 00:00;;;;;;;;;;;;;;2.9;11.8;10.4;42.5;;;;;;;;;;;;;;;;295;;
PRE;07.07.1994 00:00;;;;;;;;;;;;;;2.6;9;9.4;32.4;;;;;;;;;;;;;;;;276;;
PRE;08.07.1994 00:00;;;;;;;;;;;;;;2.5;9.7;9;34.9;;;;;;;;;;;;;;;;18;;
PRE;09.07.1994 00:00;;;;;;;;;;;;;;3.1;8.3;11.2;29.9;;;;;;;;;;;;;;;;47;;
PRE;10.07.1994 00:00;;;;;;;;;;;;;;4.8;10.5;17.3;37.8;;;;;;;;;;;;;;;;18;;
PRE;11.07.1994 00:00;;;;;;;;;;;;;;3.8;9;13.7;32.4;;;;;;;;;;;;;;;;16;;
PRE;12.07.1994 00:00;;;;;;;;;;;;;;2.3;10.5;8.3;37.8;;;;;;;;;;;;;;;;329;;
PRE;15.07.1994 00:00;;;;;;;;;;;;;;2.2;5.2;7.9;18.7;;;;;;;;;;;;;;;;30;;
PRE;16.07.1994 00:00;;;;;;;;;;;;;;1.6;5;5.8;18;;;;;;;;;;;;;;;;34;;
PRE;17.07.1994 00:00;;;;;;;;;;;;;;1.6;6.1;5.8;22;;;;;;;;;;;;;;;;297;;
PRE;18.07.1994 00:00;;;;;;;;;;;;;;2.2;12.5;7.9;45;;;;;;;;;;;;;;;;360;;
PRE;19.07.1994 00:00;;;;;;;;;;;;;;3;9.6;10.8;34.6;;;;;;;;;;;;;;;;253;;
PRE;20.07.1994 00:00;;;;;;;;;;;;;;2;6.1;7.2;22;;;;;;;;;;;;;;;;45;;
PRE;21.07.1994 00:00;;;;;;;;;;;;;;4.1;9;14.8;32.4;;;;;;;;;;;;;;;;21;;
PRE;22.07.1994 00:00;;;;;;;;;;;;;;2.2;6.2;7.9;22.3;;;;;;;;;;;;;;;;360;;
PRE;23.07.1994 00:00;;;;;;;;;;;;;;2;8.8;7.2;31.7;;;;;;;;;;;;;;;;63;;
PRE;24.07.1994 00:00;;;;;;;;;;;;;;2;5.7;7.2;20.5;;;;;;;;;;;;;;;;63;;
PRE;25.07.1994 00:00;;;;;;;;;;;;;;2;7.8;7.2;28.1;;;;;;;;;;;;;;;;333;;
PRE;26.07.1994 00:00;;;;;;;;;;;;;;1.9;5.5;6.8;19.8;;;;;;;;;;;;;;;;239;;
PRE;27.07.1994 00:00;;;;;;;;;;;;;;1.8;5.6;6.5;20.2;;;;;;;;;;;;;;;;323;;
PRE;28.07.1994 00:00;;;;;;;;;;;;;;2.2;11;7.9;39.6;;;;;;;;;;;;;;;;18;;
PRE;29.07.1994 00:00;;;;;;;;;;;;;;1.8;11.2;6.5;40.3;;;;;;;;;;;;;;;;263;;
PRE;30.07.1994 00:00;;;;;;;;;;;;;;1.8;6.8;6.5;24.5;;;;;;;;;;;;;;;;238;;
PRE;31.07.1994 00:00;;;;;;;;;;;;;;2.4;17.8;8.6;64.1;;;;;;;;;;;;;;;;63;;
PRE;01.08.1994 00:00;;;;;;;;;;;;;;2.7;7.2;9.7;25.9;;;;;;;;;;;;;;;;236;;
PRE;02.08.1994 00:00;;;;;;;;;;;;;;1.8;5;6.5;18;;;;;;;;;;;;;;;;37;;
PRE;03.08.1994 00:00;;;;;;;;;;;;;;1.5;3.3;5.4;11.9;;;;;;;;;;;;;;;;270;;
PRE;04.08.1994 00:00;;;;;;;;;;;;;;1.4;3.7;5;13.3;;;;;;;;;;;;;;;;270;;
PRE;05.08.1994 00:00;;;;;;;;;;;;;;1.7;4;6.1;14.4;;;;;;;;;;;;;;;;239;;
PRE;06.08.1994 00:00;;;;;;;;;;;;;;2.2;10;7.9;36;;;;;;;;;;;;;;;;342;;
PRE;07.08.1994 00:00;;;;;;;;;;;;;;3.3;12.5;11.9;45;;;;;;;;;;;;;;;;18;;
PRE;08.08.1994 00:00;;;;;;;;;;;;;;2.4;20;8.6;72;;;;;;;;;;;;;;;;27;;
PRE;09.08.1994 00:00;;;;;;;;;;;;;;3.6;8;13;28.8;;;;;;;;;;;;;;;;18;;
PRE;10.08.1994 00:00;;;;;;;;;;;;;;2.2;12.5;7.9;45;;;;;;;;;;;;;;;;264;;
PRE;11.08.1994 00:00;;;;;;;;;;;;;;4.2;20.7;15.1;74.5;;;;;;;;;;;;;;;;238;;
PRE;12.08.1994 00:00;;;;;;;;;;;;;;2.9;8.2;10.4;29.5;;;;;;;;;;;;;;;;245;;
PRE;13.08.1994 00:00;;;;;;;;;;;;;;1.7;5.3;6.1;19.1;;;;;;;;;;;;;;;;338;;
PRE;14.08.1994 00:00;;;;;;;;;;;;;;3.4;8;12.2;28.8;;;;;;;;;;;;;;;;27;;
PRE;15.08.1994 00:00;;;;;;;;;;;;;;3.8;9;13.7;32.4;;;;;;;;;;;;;;;;19;;
PRE;16.08.1994 00:00;;;;;;;;;;;;;;2;9.7;7.2;34.9;;;;;;;;;;;;;;;;34;;
PRE;17.08.1994 00:00;;;;;;;;;;;;;;3.4;9.8;12.2;35.3;;;;;;;;;;;;;;;;239;;
PRE;18.08.1994 00:00;;;;;;;;;;;;;;4.2;9.5;15.1;34.2;;;;;;;;;;;;;;;;231;;
PRE;19.08.1994 00:00;;;;;;;;;;;;;;4.3;11.5;15.5;41.4;;;;;;;;;;;;;;;;240;;
PRE;20.08.1994 00:00;;;;;;;;;;;;;;1.5;4.3;5.4;15.5;;;;;;;;;;;;;;;;180;;
PRE;21.08.1994 00:00;;;;;;;;;;;;;;1.8;8.8;6.5;31.7;;;;;;;;;;;;;;;;27;;
PRE;22.08.1994 00:00;;;;;;;;;;;;;;1.7;6.5;6.1;23.4;;;;;;;;;;;;;;;;34;;
PRE;23.08.1994 00:00;;;;;;;;;;;;;;2.2;7.8;7.9;28.1;;;;;;;;;;;;;;;;333;;
PRE;24.08.1994 00:00;;;;;;;;;;;;;;2.3;8.5;8.3;30.6;;;;;;;;;;;;;;;;279;;
PRE;25.08.1994 00:00;;;;;;;;;;;;;;2.3;7;8.3;25.2;;;;;;;;;;;;;;;;238;;
PRE;26.08.1994 00:00;;;;;;;;;;;;;;4.6;12.5;16.6;45;;;;;;;;;;;;;;;;240;;
PRE;27.08.1994 00:00;;;;;;;;;;;;;;1.7;3.8;6.1;13.7;;;;;;;;;;;;;;;;360;;
PRE;28.08.1994 00:00;;;;;;;;;;;;;;2;11.2;7.2;40.3;;;;;;;;;;;;;;;;270;;
PRE;29.08.1994 00:00;;;;;;;;;;;;;;2.3;9;8.3;32.4;;;;;;;;;;;;;;;;38;;
PRE;30.08.1994 00:00;;;;;;;;;;;;;;2.7;7.1;9.7;25.6;;;;;;;;;;;;;;;;30;;
PRE;31.08.1994 00:00;;;;;;;;;;;;;;2.1;13.1;7.6;47.2;;;;;;;;;;;;;;;;8;;
PRE;01.09.1994 00:00;;;;;;;;;;;;;;1.8;9.8;6.5;35.3;;;;;;;;;;;;;;;;180;;
PRE;02.09.1994 00:00;;;;;;;;;;;;;;1.5;5.6;5.4;20.2;;;;;;;;;;;;;;;;292;;
PRE;03.09.1994 00:00;;;;;;;;;;;;;;2.8;7.3;10.1;26.3;;;;;;;;;;;;;;;;20;;
PRE;04.09.1994 00:00;;;;;;;;;;;;;;2.4;6.1;8.6;22;;;;;;;;;;;;;;;;15;;
PRE;05.09.1994 00:00;;;;;;;;;;;;;;1.9;5.3;6.8;19.1;;;;;;;;;;;;;;;;284;;
PRE;06.09.1994 00:00;;;;;;;;;;;;;;2;11.6;7.2;41.8;;;;;;;;;;;;;;;;221;;
PRE;07.09.1994 00:00;;;;;;;;;;;;;;3.8;14.6;13.7;52.6;;;;;;;;;;;;;;;;253;;
PRE;08.09.1994 00:00;;;;;;;;;;;;;;3.5;13.7;12.6;49.3;;;;;;;;;;;;;;;;263;;
PRE;09.09.1994 00:00;;;;;;;;;;;;;;4.6;12;16.6;43.2;;;;;;;;;;;;;;;;247;;
PRE;10.09.1994 00:00;;;;;;;;;;;;;;5;12.1;18;43.6;;;;;;;;;;;;;;;;244;;
PRE;11.09.1994 00:00;;;;;;;;;;;;;;4.3;11.3;15.5;40.7;;;;;;;;;;;;;;;;243;;
PRE;12.09.1994 00:00;;;;;;;;;;;;;;1.7;8.5;6.1;30.6;;;;;;;;;;;;;;;;212;;
PRE;13.09.1994 00:00;;;;;;;;;;;;;;2.1;8.1;7.6;29.2;;;;;;;;;;;;;;;;351;;
PRE;14.09.1994 00:00;;;;;;;;;;;;;;3.8;16.8;13.7;60.5;;;;;;;;;;;;;;;;244;;
PRE;15.09.1994 00:00;;;;;;;;;;;;;;6.3;18.8;22.7;67.7;;;;;;;;;;;;;;;;235;;
PRE;16.09.1994 00:00;;;;;;;;;;;;;;3.3;14.5;11.9;52.2;;;;;;;;;;;;;;;;253;;
PRE;17.09.1994 00:00;;;;;;;;;;;;;;2.4;8.8;8.6;31.7;;;;;;;;;;;;;;;;253;;
PRE;18.09.1994 00:00;;;;;;;;;;;;;;1.4;4.3;5;15.5;;;;;;;;;;;;;;;;360;;
PRE;19.09.1994 00:00;;;;;;;;;;;;;;2.3;7.3;8.3;26.3;;;;;;;;;;;;;;;;15;;
PRE;20.09.1994 00:00;;;;;;;;;;;;;;1.7;6;6.1;21.6;;;;;;;;;;;;;;;;246;;
PRE;21.09.1994 00:00;;;;;;;;;;;;;;2.6;7.1;9.4;25.6;;;;;;;;;;;;;;;;10;;
PRE;22.09.1994 00:00;;;;;;;;;;;;;;6;14.7;21.6;52.9;;;;;;;;;;;;;;;;20;;
PRE;23.09.1994 00:00;;;;;;;;;;;;;;4.2;12.1;15.1;43.6;;;;;;;;;;;;;;;;11;;
PRE;24.09.1994 00:00;;;;;;;;;;;;;;2.2;9.3;7.9;33.5;;;;;;;;;;;;;;;;233;;
PRE;25.09.1994 00:00;;;;;;;;;;;;;;1.2;3.5;4.3;12.6;;;;;;;;;;;;;;;;252;;
PRE;26.09.1994 00:00;;;;;;;;;;;;;;1.4;5.7;5;20.5;;;;;;;;;;;;;;;;329;;
PRE;27.09.1994 00:00;;;;;;;;;;;;;;1.7;6.1;6.1;22;;;;;;;;;;;;;;;;297;;
PRE;28.09.1994 00:00;;;;;;;;;;;;;;2.6;7;9.4;25.2;;;;;;;;;;;;;;;;24;;
PRE;29.09.1994 00:00;;;;;;;;;;;;;;3;9.7;10.8;34.9;;;;;;;;;;;;;;;;21;;
PRE;30.09.1994 00:00;;;;;;;;;;;;;;1.9;5.6;6.8;20.2;;;;;;;;;;;;;;;;360;;
PRE;01.10.1994 00:00;;;;;;;;;;;;;;0.9;3.6;3.2;13;;;;;;;;;;;;;;;;333;;
PRE;02.10.1994 00:00;;;;;;;;;;;;;;1.2;5.1;4.3;18.4;;;;;;;;;;;;;;;;191;;
PRE;03.10.1994 00:00;;;;;;;;;;;;;;4;10.7;14.4;38.5;;;;;;;;;;;;;;;;241;;
PRE;04.10.1994 00:00;;;;;;;;;;;;;;3.1;10.5;11.2;37.8;;;;;;;;;;;;;;;;17;;
PRE;05.10.1994 00:00;;;;;;;;;;;;;;6.6;16.5;23.8;59.4;;;;;;;;;;;;;;;;25;;
PRE;06.10.1994 00:00;;;;;;;;;;;;;;7.7;15.2;27.7;54.7;;;;;;;;;;;;;;;;22;;
PRE;07.10.1994 00:00;;;;;;;;;;;;;;4.8;11.1;17.3;40;;;;;;;;;;;;;;;;20;;
PRE;08.10.1994 00:00;;;;;;;;;;;;;;3.7;9.1;13.3;32.8;;;;;;;;;;;;;;;;9;;
PRE;09.10.1994 00:00;;;;;;;;;;;;;;1.7;4.8;6.1;17.3;;;;;;;;;;;;;;;;320;;
PRE;10.10.1994 00:00;;;;;;;;;;;;;;1.9;7.5;6.8;27;;;;;;;;;;;;;;;;354;;
PRE;11.10.1994 00:00;;;;;;;;;;;;;;1.4;5.1;5;18.4;;;;;;;;;;;;;;;;360;;
PRE;25.10.1994 00:00;;;;;;;;;;;;;;5.3;16.8;19.1;60.5;;;;;;;;;;;;;;;;236;;
PRE;26.10.1994 00:00;;;;;;;;;;;;;;4.9;15;17.6;54;;;;;;;;;;;;;;;;243;;
PRE;27.10.1994 00:00;;;;;;;;;;;;;;2.3;11;8.3;39.6;;;;;;;;;;;;;;;;235;;
PRE;28.10.1994 00:00;;;;;;;;;;;;;;1.5;4.7;5.4;16.9;;;;;;;;;;;;;;;;270;;
PRE;29.10.1994 00:00;;;;;;;;;;;;;;3.5;10.7;12.6;38.5;;;;;;;;;;;;;;;;245;;
PRE;30.10.1994 00:00;;;;;;;;;;;;;;3.7;11.1;13.3;40;;;;;;;;;;;;;;;;231;;
PRE;31.10.1994 00:00;;;;;;;;;;;;;;3.2;15.2;11.5;54.7;;;;;;;;;;;;;;;;228;;
PRE;01.11.1994 00:00;;;;;;;;;;;;;;3.5;10.1;12.6;36.4;;;;;;;;;;;;;;;;287;;
PRE;02.11.1994 00:00;;;;;;;;;;;;;;3.1;8.6;11.2;31;;;;;;;;;;;;;;;;13;;
PRE;03.11.1994 00:00;;;;;;;;;;;;;;3.2;8.3;11.5;29.9;;;;;;;;;;;;;;;;11;;
PRE;04.11.1994 00:00;;;;;;;;;;;;;;2.4;7;8.6;25.2;;;;;;;;;;;;;;;;8;;
PRE;05.11.1994 00:00;;;;;;;;;;;;;;2;8.8;7.2;31.7;;;;;;;;;;;;;;;;262;;
PRE;06.11.1994 00:00;;;;;;;;;;;;;;2.6;8.3;9.4;29.9;;;;;;;;;;;;;;;;243;;
PRE;07.11.1994 00:00;;;;;;;;;;;;;;1.7;4.5;6.1;16.2;;;;;;;;;;;;;;;;246;;
PRE;08.11.1994 00:00;;;;;;;;;;;;;;1.8;6;6.5;21.6;;;;;;;;;;;;;;;;350;;
PRE;09.11.1994 00:00;;;;;;;;;;;;;;1.9;7.3;6.8;26.3;;;;;;;;;;;;;;;;4;;
PRE;10.11.1994 00:00;;;;;;;;;;;;;;2.5;9.6;9;34.6;;;;;;;;;;;;;;;;231;;
PRE;16.11.1994 00:00;;;;;;;;;;;;;;3.5;8.7;12.6;31.3;;;;;;;;;;;;;;;;280;;
PRE;17.11.1994 00:00;;;;;;;;;;;;;;2.1;9.1;7.6;32.8;;;;;;;;;;;;;;;;282;;
PRE;18.11.1994 00:00;;;;;;;;;;;;;;3.9;9.5;14;34.2;;;;;;;;;;;;;;;;246;;
PRE;19.11.1994 00:00;;;;;;;;;;;;;;1.4;5.5;5;19.8;;;;;;;;;;;;;;;;209;;
PRE;20.11.1994 00:00;;;;;;;;;;;;;;0.8;3.1;2.9;11.2;;;;;;;;;;;;;;;;342;;
PRE;21.11.1994 00:00;;;;;;;;;;;;;;1.1;4;4;14.4;;;;;;;;;;;;;;;;297;;
PRE;22.11.1994 00:00;;;;;;;;;;;;;;1.5;5.2;5.4;18.7;;;;;;;;;;;;;;;;328;;
PRE;23.11.1994 00:00;;;;;;;;;;;;;;1.8;4.8;6.5;17.3;;;;;;;;;;;;;;;;243;;
PRE;24.11.1994 00:00;;;;;;;;;;;;;;1.7;7;6.1;25.2;;;;;;;;;;;;;;;;344;;
PRE;25.11.1994 00:00;;;;;;;;;;;;;;3.3;10.2;11.9;36.7;;;;;;;;;;;;;;;;40;;
PRE;26.11.1994 00:00;;;;;;;;;;;;;;4;9.6;14.4;34.6;;;;;;;;;;;;;;;;27;;
PRE;27.11.1994 00:00;;;;;;;;;;;;;;4.9;11.8;17.6;42.5;;;;;;;;;;;;;;;;28;;
PRE;28.11.1994 00:00;;;;;;;;;;;;;;3.2;7.3;11.5;26.3;;;;;;;;;;;;;;;;11;;
PRE;29.11.1994 00:00;;;;;;;;;;;;;;2.1;6.2;7.6;22.3;;;;;;;;;;;;;;;;356;;
PRE;30.11.1994 00:00;;;;;;;;;;;;;;3.7;9.5;13.3;34.2;;;;;;;;;;;;;;;;2;;
PRE;01.12.1994 00:00;;;;;;;;;;;;;;2.9;8.1;10.4;29.2;;;;;;;;;;;;;;;;352;;
PRE;02.12.1994 00:00;;;;;;;;;;;;;;2.2;5.5;7.9;19.8;;;;;;;;;;;;;;;;352;;
PRE;03.12.1994 00:00;;;;;;;;;;;;;;1.3;4.1;4.7;14.8;;;;;;;;;;;;;;;;337;;
PRE;04.12.1994 00:00;;;;;;;;;;;;;;2.2;9.3;7.9;33.5;;;;;;;;;;;;;;;;217;;
PRE;05.12.1994 00:00;;;;;;;;;;;;;;4;12.5;14.4;45;;;;;;;;;;;;;;;;235;;
PRE;06.12.1994 00:00;;;;;;;;;;;;;;3.6;11.8;13;42.5;;;;;;;;;;;;;;;;259;;
PRE;07.12.1994 00:00;;;;;;;;;;;;;;1.9;7.2;6.8;25.9;;;;;;;;;;;;;;;;265;;
PRE;08.12.1994 00:00;;;;;;;;;;;;;;3.8;11;13.7;39.6;;;;;;;;;;;;;;;;243;;
PRE;09.12.1994 00:00;;;;;;;;;;;;;;5.9;14.5;21.2;52.2;;;;;;;;;;;;;;;;244;;
PRE;10.12.1994 00:00;;;;;;;;;;;;;;2.8;13.5;10.1;48.6;;;;;;;;;;;;;;;;247;;
PRE;11.12.1994 00:00;;;;;;;;;;;;;;1.1;3.7;4;13.3;;;;;;;;;;;;;;;;270;;
PRE;12.12.1994 00:00;;;;;;;;;;;;;;1.3;5.2;4.7;18.7;;;;;;;;;;;;;;;;338;;
PRE;13.12.1994 00:00;;;;;;;;;;;;;;2;7.1;7.2;25.6;;;;;;;;;;;;;;;;328;;
PRE;14.12.1994 00:00;;;;;;;;;;;;;;2.5;11.2;9;40.3;;;;;;;;;;;;;;;;345;;
PRE;15.12.1994 00:00;;;;;;;;;;;;;;4.4;11.8;15.8;42.5;;;;;;;;;;;;;;;;14;;
PRE;16.12.1994 00:00;;;;;;;;;;;;;;2;5.8;7.2;20.9;;;;;;;;;;;;;;;;292;;
PRE;17.12.1994 00:00;;;;;;;;;;;;;;1.6;3.8;5.8;13.7;;;;;;;;;;;;;;;;315;;
PRE;18.12.1994 00:00;;;;;;;;;;;;;;1.4;6.6;5;23.8;;;;;;;;;;;;;;;;243;;
PRE;19.12.1994 00:00;;;;;;;;;;;;;;1.5;5.3;5.4;19.1;;;;;;;;;;;;;;;;45;;
PRE;20.12.1994 00:00;;;;;;;;;;;;;;1.3;5.3;4.7;19.1;;;;;;;;;;;;;;;;336;;
PRE;21.12.1994 00:00;;;;;;;;;;;;;;4.4;14.2;15.8;51.1;;;;;;;;;;;;;;;;17;;
PRE;22.12.1994 00:00;;;;;;;;;;;;;;10.7;23.2;38.5;83.5;;;;;;;;;;;;;;;;33;;
PRE;23.12.1994 00:00;;;;;;;;;;;;;;8.3;18.2;29.9;65.5;;;;;;;;;;;;;;;;25;;
PRE;24.12.1994 00:00;;;;;;;;;;;;;;4.8;10.8;17.3;38.9;;;;;;;;;;;;;;;;10;;
PRE;25.12.1994 00:00;;;;;;;;;;;;;;2.7;9.3;9.7;33.5;;;;;;;;;;;;;;;;263;;
PRE;26.12.1994 00:00;;;;;;;;;;;;;;3.4;9;12.2;32.4;;;;;;;;;;;;;;;;236;;
PRE;27.12.1994 00:00;;;;;;;;;;;;;;6.4;13.7;23;49.3;;;;;;;;;;;;;;;;241;;
PRE;28.12.1994 00:00;;;;;;;;;;;;;;5.1;13.6;18.4;49;;;;;;;;;;;;;;;;247;;
PRE;29.12.1994 00:00;;;;;;;;;;;;;;3;16.5;10.8;59.4;;;;;;;;;;;;;;;;233;;
PRE;30.12.1994 00:00;;;;;;;;;;;;;;8;19.5;28.8;70.2;;;;;;;;;;;;;;;;239;;
PRE;31.12.1994 00:00;;;;;;;;;;;;;;6.1;15;22;54;;;;;;;;;;;;;;;;243;;
PRE;01.01.1995 00:00;;;;;;;;;;;;;;4.4;17.2;15.8;61.9;;;;;;;;;;;;;;;;248;;
PRE;02.01.1995 00:00;;;;;;;;;;;;;;4.8;17.7;17.3;63.7;;;;;;;;;;;;;;;;240;;
PRE;03.01.1995 00:00;;;;;;;;;;;;;;4.8;11;17.3;39.6;;;;;;;;;;;;;;;;357;;
PRE;04.01.1995 00:00;;;;;;;;;;;;;;8.2;16.5;29.5;59.4;;;;;;;;;;;;;;;;25;;
PRE;05.01.1995 00:00;;;;;;;;;;;;;;3.8;12.8;13.7;46.1;;;;;;;;;;;;;;;;7;;
PRE;06.01.1995 00:00;;;;;;;;;;;;;;2.6;6.3;9.4;22.7;;;;;;;;;;;;;;;;358;;
PRE;07.01.1995 00:00;;;;;;;;;;;;;;2.8;7.7;10.1;27.7;;;;;;;;;;;;;;;;10;;
PRE;08.01.1995 00:00;;;;;;;;;;;;;;2.8;8;10.1;28.8;;;;;;;;;;;;;;;;5;;
PRE;09.01.1995 00:00;;;;;;;;;;;;;;1.8;7.2;6.5;25.9;;;;;;;;;;;;;;;;266;;
PRE;10.01.1995 00:00;;;;;;;;;;;;;;7.3;15;26.3;54;;;;;;;;;;;;;;;;253;;
PRE;11.01.1995 00:00;;;;;;;;;;;;;;4.1;14;14.8;50.4;;;;;;;;;;;;;;;;279;;
PRE;12.01.1995 00:00;;;;;;;;;;;;;;2.6;10.8;9.4;38.9;;;;;;;;;;;;;;;;360;;
PRE;13.01.1995 00:00;;;;;;;;;;;;;;4.9;15.3;17.6;55.1;;;;;;;;;;;;;;;;32;;
PRE;14.01.1995 00:00;;;;;;;;;;;;;;5.6;13;20.2;46.8;;;;;;;;;;;;;;;;39;;
PRE;15.01.1995 00:00;;;;;;;;;;;;;;4.7;11.1;16.9;40;;;;;;;;;;;;;;;;31;;
PRE;16.01.1995 00:00;;;;;;;;;;;;;;1.2;3.7;4.3;13.3;;;;;;;;;;;;;;;;331;;
PRE;17.01.1995 00:00;;;;;;;;;;;;;;1;3.2;3.6;11.5;;;;;;;;;;;;;;;;315;;
PRE;18.01.1995 00:00;;;;;;;;;;;;;;2.6;8.8;9.4;31.7;;;;;;;;;;;;;;;;312;;
PRE;19.01.1995 00:00;;;;;;;;;;;;;;3.2;9.5;11.5;34.2;;;;;;;;;;;;;;;;251;;
PRE;20.01.1995 00:00;;;;;;;;;;;;;;1.9;9.8;6.8;35.3;;;;;;;;;;;;;;;;256;;
PRE;21.01.1995 00:00;;;;;;;;;;;;;;4.8;17.6;17.3;63.4;;;;;;;;;;;;;;;;243;;
PRE;22.01.1995 00:00;;;;;;;;;;;;;;9;18;32.4;64.8;;;;;;;;;;;;;;;;245;;
PRE;23.01.1995 00:00;;;;;;;;;;;;;;7.3;16.5;26.3;59.4;;;;;;;;;;;;;;;;244;;
PRE;24.01.1995 00:00;;;;;;;;;;;;;;6.8;20;24.5;72;;;;;;;;;;;;;;;;235;;
PRE;25.01.1995 00:00;;;;;;;;;;;;;;7.5;18.6;27;67;;;;;;;;;;;;;;;;246;;
PRE;26.01.1995 00:00;;;;;;;;;;;;;;6.6;30.2;23.8;108.7;;;;;;;;;;;;;;;;240;;
PRE;27.01.1995 00:00;;;;;;;;;;;;;;4.3;13.7;15.5;49.3;;;;;;;;;;;;;;;;240;;
PRE;28.01.1995 00:00;;;;;;;;;;;;;;7.7;16.5;27.7;59.4;;;;;;;;;;;;;;;;244;;
PRE;29.01.1995 00:00;;;;;;;;;;;;;;6.8;19.8;24.5;71.3;;;;;;;;;;;;;;;;241;;
PRE;30.01.1995 00:00;;;;;;;;;;;;;;5;12;18;43.2;;;;;;;;;;;;;;;;253;;
PRE;31.01.1995 00:00;;;;;;;;;;;;;;3.1;9.7;11.2;34.9;;;;;;;;;;;;;;;;9;;
PRE;01.02.1995 00:00;;;;;;;;;;;;;;1.3;8.5;4.7;30.6;;;;;;;;;;;;;;;;270;;
PRE;02.02.1995 00:00;;;;;;;;;;;;;;4;10.5;14.4;37.8;;;;;;;;;;;;;;;;285;;
PRE;03.02.1995 00:00;;;;;;;;;;;;;;2.5;10.1;9;36.4;;;;;;;;;;;;;;;;9;;
PRE;04.02.1995 00:00;;;;;;;;;;;;;;1.2;3.8;4.3;13.7;;;;;;;;;;;;;;;;243;;
PRE;05.02.1995 00:00;;;;;;;;;;;;;;1.2;4.3;4.3;15.5;;;;;;;;;;;;;;;;8;;
PRE;06.02.1995 00:00;;;;;;;;;;;;;;1;4.5;3.6;16.2;;;;;;;;;;;;;;;;207;;
PRE;07.02.1995 00:00;;;;;;;;;;;;;;0.8;3.3;2.9;11.9;;;;;;;;;;;;;;;;256;;
PRE;08.02.1995 00:00;;;;;;;;;;;;;;2.9;8.7;10.4;31.3;;;;;;;;;;;;;;;;227;;
PRE;09.02.1995 00:00;;;;;;;;;;;;;;4;9.3;14.4;33.5;;;;;;;;;;;;;;;;244;;
PRE;10.02.1995 00:00;;;;;;;;;;;;;;1.5;6.1;5.4;22;;;;;;;;;;;;;;;;252;;
PRE;11.02.1995 00:00;;;;;;;;;;;;;;4.6;11.3;16.6;40.7;;;;;;;;;;;;;;;;237;;
PRE;12.02.1995 00:00;;;;;;;;;;;;;;3.5;11.8;12.6;42.5;;;;;;;;;;;;;;;;246;;
PRE;13.02.1995 00:00;;;;;;;;;;;;;;1.7;8.3;6.1;29.9;;;;;;;;;;;;;;;;225;;
PRE;14.02.1995 00:00;;;;;;;;;;;;;;3.3;12.5;11.9;45;;;;;;;;;;;;;;;;234;;
PRE;15.02.1995 00:00;;;;;;;;;;;;;;3.9;17.7;14;63.7;;;;;;;;;;;;;;;;219;;
PRE;16.02.1995 00:00;;;;;;;;;;;;;;7.2;25.2;25.9;90.7;;;;;;;;;;;;;;;;239;;
PRE;17.02.1995 00:00;;;;;;;;;;;;;;4.9;18.7;17.6;67.3;;;;;;;;;;;;;;;;257;;
PRE;18.02.1995 00:00;;;;;;;;;;;;;;2.8;9.5;10.1;34.2;;;;;;;;;;;;;;;;235;;
PRE;19.02.1995 00:00;;;;;;;;;;;;;;3;8.1;10.8;29.2;;;;;;;;;;;;;;;;221;;
PRE;20.02.1995 00:00;;;;;;;;;;;;;;1.9;6.8;6.8;24.5;;;;;;;;;;;;;;;;166;;
PRE;21.02.1995 00:00;;;;;;;;;;;;;;4.2;13.8;15.1;49.7;;;;;;;;;;;;;;;;240;;
PRE;22.02.1995 00:00;;;;;;;;;;;;;;3.1;10;11.2;36;;;;;;;;;;;;;;;;34;;
PRE;23.02.1995 00:00;;;;;;;;;;;;;;5.8;14.1;20.9;50.8;;;;;;;;;;;;;;;;240;;
PRE;24.02.1995 00:00;;;;;;;;;;;;;;6;14.2;21.6;51.1;;;;;;;;;;;;;;;;242;;
PRE;25.02.1995 00:00;;;;;;;;;;;;;;6.2;21.2;22.3;76.3;;;;;;;;;;;;;;;;236;;
PRE;26.02.1995 00:00;;;;;;;;;;;;;;2.7;12.8;9.7;46.1;;;;;;;;;;;;;;;;21;;
PRE;27.02.1995 00:00;;;;;;;;;;;;;;3.6;10.5;13;37.8;;;;;;;;;;;;;;;;23;;
PRE;28.02.1995 00:00;;;;;;;;;;;;;;1.6;8;5.8;28.8;;;;;;;;;;;;;;;;8;;
PRE;01.03.1995 00:00;;;;;;;;;;;;;;1.5;3.7;5.4;13.3;;;;;;;;;;;;;;;;256;;
PRE;02.03.1995 00:00;;;;;;;;;;;;;;4.7;12.7;16.9;45.7;;;;;;;;;;;;;;;;240;;
PRE;03.03.1995 00:00;;;;;;;;;;;;;;4.8;14.5;17.3;52.2;;;;;;;;;;;;;;;;243;;
PRE;04.03.1995 00:00;;;;;;;;;;;;;;3.1;10.5;11.2;37.8;;;;;;;;;;;;;;;;24;;
PRE;05.03.1995 00:00;;;;;;;;;;;;;;4.8;14.8;17.3;53.3;;;;;;;;;;;;;;;;242;;
PRE;06.03.1995 00:00;;;;;;;;;;;;;;5.4;14;19.4;50.4;;;;;;;;;;;;;;;;243;;
PRE;07.03.1995 00:00;;;;;;;;;;;;;;4.2;9.3;15.1;33.5;;;;;;;;;;;;;;;;238;;
PRE;08.03.1995 00:00;;;;;;;;;;;;;;3.2;15.2;11.5;54.7;;;;;;;;;;;;;;;;242;;
PRE;09.03.1995 00:00;;;;;;;;;;;;;;2.9;8.3;10.4;29.9;;;;;;;;;;;;;;;;315;;
PRE;10.03.1995 00:00;;;;;;;;;;;;;;2.8;8.2;10.1;29.5;;;;;;;;;;;;;;;;13;;
PRE;11.03.1995 00:00;;;;;;;;;;;;;;1.3;3.2;4.7;11.5;;;;;;;;;;;;;;;;333;;
PRE;12.03.1995 00:00;;;;;;;;;;;;;;4.2;13;15.1;46.8;;;;;;;;;;;;;;;;25;;
PRE;13.03.1995 00:00;;;;;;;;;;;;;;7.8;17.7;28.1;63.7;;;;;;;;;;;;;;;;32;;
PRE;14.03.1995 00:00;;;;;;;;;;;;;;2.7;10.2;9.7;36.7;;;;;;;;;;;;;;;;30;;
PRE;15.03.1995 00:00;;;;;;;;;;;;;;5.9;14.7;21.2;52.9;;;;;;;;;;;;;;;;241;;
PRE;16.03.1995 00:00;;;;;;;;;;;;;;4.3;14.3;15.5;51.5;;;;;;;;;;;;;;;;240;;
PRE;17.03.1995 00:00;;;;;;;;;;;;;;7.3;20.2;26.3;72.7;;;;;;;;;;;;;;;;242;;
PRE;18.03.1995 00:00;;;;;;;;;;;;;;5.4;15.1;19.4;54.4;;;;;;;;;;;;;;;;239;;
PRE;19.03.1995 00:00;;;;;;;;;;;;;;7.8;18.5;28.1;66.6;;;;;;;;;;;;;;;;235;;
PRE;20.03.1995 00:00;;;;;;;;;;;;;;2.9;12.1;10.4;43.6;;;;;;;;;;;;;;;;256;;
PRE;21.03.1995 00:00;;;;;;;;;;;;;;3.3;9.5;11.9;34.2;;;;;;;;;;;;;;;;19;;
PRE;22.03.1995 00:00;;;;;;;;;;;;;;5.6;15;20.2;54;;;;;;;;;;;;;;;;22;;
PRE;23.03.1995 00:00;;;;;;;;;;;;;;2.2;6.5;7.9;23.4;;;;;;;;;;;;;;;;15;;
PRE;24.03.1995 00:00;;;;;;;;;;;;;;1.3;4.1;4.7;14.8;;;;;;;;;;;;;;;;342;;
PRE;25.03.1995 00:00;;;;;;;;;;;;;;3.4;15.3;12.2;55.1;;;;;;;;;;;;;;;;274;;
PRE;26.03.1995 00:00;;;;;;;;;;;;;;2.9;10.1;10.4;36.4;;;;;;;;;;;;;;;;240;;
PRE;27.03.1995 00:00;;;;;;;;;;;;;;7.3;17.6;26.3;63.4;;;;;;;;;;;;;;;;252;;
PRE;28.03.1995 00:00;;;;;;;;;;;;;;5.2;19.8;18.7;71.3;;;;;;;;;;;;;;;;249;;
PRE;29.03.1995 00:00;;;;;;;;;;;;;;6.6;15.7;23.8;56.5;;;;;;;;;;;;;;;;317;;
PRE;30.03.1995 00:00;;;;;;;;;;;;;;6.1;17.8;22;64.1;;;;;;;;;;;;;;;;29;;
PRE;31.03.1995 00:00;;;;;;;;;;;;;;2.3;6.8;8.3;24.5;;;;;;;;;;;;;;;;27;;
PRE;01.04.1995 00:00;;;;;;;;;;;;;;1.3;4.3;4.7;15.5;;;;;;;;;;;;;;;;360;;
PRE;02.04.1995 00:00;;;;;;;;;;;;;;5.2;14.1;18.7;50.8;;;;;;;;;;;;;;;;16;;
PRE;03.04.1995 00:00;;;;;;;;;;;;;;1.8;10.1;6.5;36.4;;;;;;;;;;;;;;;;239;;
PRE;04.04.1995 00:00;;;;;;;;;;;;;;2;9.2;7.2;33.1;;;;;;;;;;;;;;;;219;;
PRE;05.04.1995 00:00;;;;;;;;;;;;;;1.1;3.6;4;13;;;;;;;;;;;;;;;;360;;
PRE;06.04.1995 00:00;;;;;;;;;;;;;;2.3;9.1;8.3;32.8;;;;;;;;;;;;;;;;9;;
PRE;07.04.1995 00:00;;;;;;;;;;;;;;2.3;8.3;8.3;29.9;;;;;;;;;;;;;;;;21;;
PRE;08.04.1995 00:00;;;;;;;;;;;;;;4.5;12.2;16.2;43.9;;;;;;;;;;;;;;;;21;;
PRE;09.04.1995 00:00;;;;;;;;;;;;;;6.3;12.7;22.7;45.7;;;;;;;;;;;;;;;;21;;
PRE;10.04.1995 00:00;;;;;;;;;;;;;;2.7;7.8;9.7;28.1;;;;;;;;;;;;;;;;28;;
PRE;11.04.1995 00:00;;;;;;;;;;;;;;4.8;12.1;17.3;43.6;;;;;;;;;;;;;;;;24;;
PRE;12.04.1995 00:00;;;;;;;;;;;;;;5.4;13.7;19.4;49.3;;;;;;;;;;;;;;;;34;;
PRE;13.04.1995 00:00;;;;;;;;;;;;;;10.5;23.6;37.8;85;;;;;;;;;;;;;;;;29;;
PRE;14.04.1995 00:00;;;;;;;;;;;;;;9.7;23.3;34.9;83.9;;;;;;;;;;;;;;;;30;;
PRE;15.04.1995 00:00;;;;;;;;;;;;;;4.9;14.3;17.6;51.5;;;;;;;;;;;;;;;;19;;
PRE;16.04.1995 00:00;;;;;;;;;;;;;;3.2;12.2;11.5;43.9;;;;;;;;;;;;;;;;357;;
PRE;17.04.1995 00:00;;;;;;;;;;;;;;2.5;10.5;9;37.8;;;;;;;;;;;;;;;;228;;
PRE;18.04.1995 00:00;;;;;;;;;;;;;;7.1;16.8;25.6;60.5;;;;;;;;;;;;;;;;242;;
PRE;19.04.1995 00:00;;;;;;;;;;;;;;5;17.2;18;61.9;;;;;;;;;;;;;;;;238;;
PRE;20.04.1995 00:00;;;;;;;;;;;;;;3.2;10.3;11.5;37.1;;;;;;;;;;;;;;;;29;;
PRE;21.04.1995 00:00;;;;;;;;;;;;;;4.6;10.8;16.6;38.9;;;;;;;;;;;;;;;;19;;
PRE;22.04.1995 00:00;;;;;;;;;;;;;;3.3;12.2;11.9;43.9;;;;;;;;;;;;;;;;241;;
PRE;23.04.1995 00:00;;;;;;;;;;;;;;3;8.5;10.8;30.6;;;;;;;;;;;;;;;;253;;
PRE;24.04.1995 00:00;;;;;;;;;;;;;;1.3;4.1;4.7;14.8;;;;;;;;;;;;;;;;243;;
PRE;25.04.1995 00:00;;;;;;;;;;;;;;3.9;11;14;39.6;;;;;;;;;;;;;;;;236;;
PRE;26.04.1995 00:00;;;;;;;;;;;;;;4.6;9.6;16.6;34.6;;;;;;;;;;;;;;;;242;;
PRE;27.04.1995 00:00;;;;;;;;;;;;;;2.9;9.5;10.4;34.2;;;;;;;;;;;;;;;;243;;
PRE;28.04.1995 00:00;;;;;;;;;;;;;;2;6.5;7.2;23.4;;;;;;;;;;;;;;;;309;;
PRE;29.04.1995 00:00;;;;;;;;;;;;;;2.5;15.7;9;56.5;;;;;;;;;;;;;;;;215;;
PRE;30.04.1995 00:00;;;;;;;;;;;;;;2.5;7.5;9;27;;;;;;;;;;;;;;;;254;;
PRE;01.05.1995 00:00;;;;;;;;;;;;;;4.1;9.1;14.8;32.8;;;;;;;;;;;;;;;;16;;
PRE;02.05.1995 00:00;;;;;;;;;;;;;;5.3;10.8;19.1;38.9;;;;;;;;;;;;;;;;20;;
PRE;03.05.1995 00:00;;;;;;;;;;;;;;2.4;7.7;8.6;27.7;;;;;;;;;;;;;;;;18;;
PRE;04.05.1995 00:00;;;;;;;;;;;;;;1.9;7;6.8;25.2;;;;;;;;;;;;;;;;21;;
PRE;05.05.1995 00:00;;;;;;;;;;;;;;2.4;7.8;8.6;28.1;;;;;;;;;;;;;;;;27;;
PRE;06.05.1995 00:00;;;;;;;;;;;;;;1.5;3.3;5.4;11.9;;;;;;;;;;;;;;;;360;;
PRE;07.05.1995 00:00;;;;;;;;;;;;;;1.4;4.3;5;15.5;;;;;;;;;;;;;;;;256;;
PRE;08.05.1995 00:00;;;;;;;;;;;;;;2.2;10.6;7.9;38.2;;;;;;;;;;;;;;;;225;;
PRE;09.05.1995 00:00;;;;;;;;;;;;;;4.2;9.7;15.1;34.9;;;;;;;;;;;;;;;;279;;
PRE;10.05.1995 00:00;;;;;;;;;;;;;;3.4;8.6;12.2;31;;;;;;;;;;;;;;;;23;;
PRE;11.05.1995 00:00;;;;;;;;;;;;;;3.3;9.1;11.9;32.8;;;;;;;;;;;;;;;;22;;
PRE;12.05.1995 00:00;;;;;;;;;;;;;;2.5;8.5;9;30.6;;;;;;;;;;;;;;;;5;;
PRE;13.05.1995 00:00;;;;;;;;;;;;;;6.1;17.7;22;63.7;;;;;;;;;;;;;;;;225;;
PRE;14.05.1995 00:00;;;;;;;;;;;;;;2;6.8;7.2;24.5;;;;;;;;;;;;;;;;68;;
PRE;15.05.1995 00:00;;;;;;;;;;;;;;3;12.7;10.8;45.7;;;;;;;;;;;;;;;;349;;
PRE;16.05.1995 00:00;;;;;;;;;;;;;;5;13.6;18;49;;;;;;;;;;;;;;;;241;;
PRE;17.05.1995 00:00;;;;;;;;;;;;;;6;15.8;21.6;56.9;;;;;;;;;;;;;;;;244;;
PRE;18.05.1995 00:00;;;;;;;;;;;;;;3.8;11;13.7;39.6;;;;;;;;;;;;;;;;249;;
PRE;19.05.1995 00:00;;;;;;;;;;;;;;2.4;8.5;8.6;30.6;;;;;;;;;;;;;;;;50;;
PRE;20.05.1995 00:00;;;;;;;;;;;;;;4.8;11.8;17.3;42.5;;;;;;;;;;;;;;;;17;;
PRE;21.05.1995 00:00;;;;;;;;;;;;;;6.9;15.7;24.8;56.5;;;;;;;;;;;;;;;;23;;
PRE;22.05.1995 00:00;;;;;;;;;;;;;;2.8;9.6;10.1;34.6;;;;;;;;;;;;;;;;37;;
PRE;23.05.1995 00:00;;;;;;;;;;;;;;2;10.7;7.2;38.5;;;;;;;;;;;;;;;;225;;
PRE;24.05.1995 00:00;;;;;;;;;;;;;;1.8;8.3;6.5;29.9;;;;;;;;;;;;;;;;232;;
PRE;25.05.1995 00:00;;;;;;;;;;;;;;1.8;13.5;6.5;48.6;;;;;;;;;;;;;;;;234;;
PRE;26.05.1995 00:00;;;;;;;;;;;;;;1.9;5.6;6.8;20.2;;;;;;;;;;;;;;;;301;;
PRE;27.05.1995 00:00;;;;;;;;;;;;;;2.1;6.2;7.6;22.3;;;;;;;;;;;;;;;;198;;
PRE;28.05.1995 00:00;;;;;;;;;;;;;;1.3;3.8;4.7;13.7;;;;;;;;;;;;;;;;243;;
PRE;29.05.1995 00:00;;;;;;;;;;;;;;1.3;5.8;4.7;20.9;;;;;;;;;;;;;;;;326;;
PRE;30.05.1995 00:00;;;;;;;;;;;;;;1.2;5.7;4.3;20.5;;;;;;;;;;;;;;;;124;;
PRE;31.05.1995 00:00;;;;;;;;;;;;;;1.7;6.5;6.1;23.4;;;;;;;;;;;;;;;;63;;
PRE;01.06.1995 00:00;;;;;;;;;;;;;;1.1;5.8;4;20.9;;;;;;;;;;;;;;;;333;;
PRE;02.06.1995 00:00;;;;;;;;;;;;;;1.8;6.7;6.5;24.1;;;;;;;;;;;;;;;;338;;
PRE;03.06.1995 00:00;;;;;;;;;;;;;;1.3;7.7;4.7;27.7;;;;;;;;;;;;;;;;256;;
PRE;04.06.1995 00:00;;;;;;;;;;;;;;2.1;6.6;7.6;23.8;;;;;;;;;;;;;;;;222;;
PRE;05.06.1995 00:00;;;;;;;;;;;;;;2.6;9.5;9.4;34.2;;;;;;;;;;;;;;;;180;;
PRE;06.06.1995 00:00;;;;;;;;;;;;;;4.3;10.1;15.5;36.4;;;;;;;;;;;;;;;;28;;
PRE;07.06.1995 00:00;;;;;;;;;;;;;;2.4;7.6;8.6;27.4;;;;;;;;;;;;;;;;22;;
PRE;08.06.1995 00:00;;;;;;;;;;;;;;2.1;8.3;7.6;29.9;;;;;;;;;;;;;;;;309;;
PRE;09.06.1995 00:00;;;;;;;;;;;;;;3;9.5;10.8;34.2;;;;;;;;;;;;;;;;27;;
PRE;10.06.1995 00:00;;;;;;;;;;;;;;2.2;6.2;7.9;22.3;;;;;;;;;;;;;;;;27;;
PRE;11.06.1995 00:00;;;;;;;;;;;;;;1.6;6.1;5.8;22;;;;;;;;;;;;;;;;11;;
PRE;12.06.1995 00:00;;;;;;;;;;;;;;2;8.1;7.2;29.2;;;;;;;;;;;;;;;;35;;
PRE;13.06.1995 00:00;;;;;;;;;;;;;;1.6;7.5;5.8;27;;;;;;;;;;;;;;;;315;;
PRE;14.06.1995 00:00;;;;;;;;;;;;;;2.1;6.8;7.6;24.5;;;;;;;;;;;;;;;;346;;
PRE;15.06.1995 00:00;;;;;;;;;;;;;;2.3;8.5;8.3;30.6;;;;;;;;;;;;;;;;304;;
PRE;16.06.1995 00:00;;;;;;;;;;;;;;1.6;5;5.8;18;;;;;;;;;;;;;;;;261;;
PRE;17.06.1995 00:00;;;;;;;;;;;;;;1.6;5;5.8;18;;;;;;;;;;;;;;;;243;;
PRE;18.06.1995 00:00;;;;;;;;;;;;;;4.7;11.3;16.9;40.7;;;;;;;;;;;;;;;;237;;
PRE;19.06.1995 00:00;;;;;;;;;;;;;;1.6;4.3;5.8;15.5;;;;;;;;;;;;;;;;225;;
PRE;20.06.1995 00:00;;;;;;;;;;;;;;1.5;3.7;5.4;13.3;;;;;;;;;;;;;;;;0;;
PRE;21.06.1995 00:00;;;;;;;;;;;;;;2.3;9;8.3;32.4;;;;;;;;;;;;;;;;263;;
PRE;22.06.1995 00:00;;;;;;;;;;;;;;4.8;13.7;17.3;49.3;;;;;;;;;;;;;;;;29;;
PRE;23.06.1995 00:00;;;;;;;;;;;;;;8.2;19.5;29.5;70.2;;;;;;;;;;;;;;;;29;;
PRE;24.06.1995 00:00;;;;;;;;;;;;;;7.5;18.2;27;65.5;;;;;;;;;;;;;;;;31;;
PRE;25.06.1995 00:00;;;;;;;;;;;;;;5.6;13.6;20.2;49;;;;;;;;;;;;;;;;22;;
PRE;26.06.1995 00:00;;;;;;;;;;;;;;6.2;15;22.3;54;;;;;;;;;;;;;;;;25;;
PRE;27.06.1995 00:00;;;;;;;;;;;;;;4.3;11.8;15.5;42.5;;;;;;;;;;;;;;;;17;;
PRE;28.06.1995 00:00;;;;;;;;;;;;;;4.4;11.2;15.8;40.3;;;;;;;;;;;;;;;;19;;
PRE;29.06.1995 00:00;;;;;;;;;;;;;;4;9.7;14.4;34.9;;;;;;;;;;;;;;;;10;;
PRE;30.06.1995 00:00;;;;;;;;;;;;;;1.5;6.5;5.4;23.4;;;;;;;;;;;;;;;;270;;
PRE;01.07.1995 00:00;;;;;;;;;;;;;;2.2;11.1;7.9;40;;;;;;;;;;;;;;;;83;;
PRE;02.07.1995 00:00;;;;;;;;;;;;;;2.1;13;7.6;46.8;;;;;;;;;;;;;;;;233;;
PRE;03.07.1995 00:00;;;;;;;;;;;;;;2.6;14.1;9.4;50.8;;;;;;;;;;;;;;;;235;;
PRE;04.07.1995 00:00;;;;;;;;;;;;;;2.1;9.1;7.6;32.8;;;;;;;;;;;;;;;;338;;
PRE;05.07.1995 00:00;;;;;;;;;;;;;;3.1;8.7;11.2;31.3;;;;;;;;;;;;;;;;33;;
PRE;06.07.1995 00:00;;;;;;;;;;;;;;4.2;10;15.1;36;;;;;;;;;;;;;;;;18;;
PRE;07.07.1995 00:00;;;;;;;;;;;;;;1.9;6.1;6.8;22;;;;;;;;;;;;;;;;342;;
PRE;08.07.1995 00:00;;;;;;;;;;;;;;1.6;5.8;5.8;20.9;;;;;;;;;;;;;;;;63;;
PRE;09.07.1995 00:00;;;;;;;;;;;;;;1.9;4.7;6.8;16.9;;;;;;;;;;;;;;;;247;;
PRE;10.07.1995 00:00;;;;;;;;;;;;;;2.1;12.1;7.6;43.6;;;;;;;;;;;;;;;;243;;
PRE;11.07.1995 00:00;;;;;;;;;;;;;;2.7;11.8;9.7;42.5;;;;;;;;;;;;;;;;202;;
PRE;12.07.1995 00:00;;;;;;;;;;;;;;1.5;4.8;5.4;17.3;;;;;;;;;;;;;;;;239;;
PRE;13.07.1995 00:00;;;;;;;;;;;;;;1.9;5.7;6.8;20.5;;;;;;;;;;;;;;;;90;;
PRE;14.07.1995 00:00;;;;;;;;;;;;;;1.6;5.6;5.8;20.2;;;;;;;;;;;;;;;;45;;
PRE;15.07.1995 00:00;;;;;;;;;;;;;;2.2;9.7;7.9;34.9;;;;;;;;;;;;;;;;231;;
PRE;16.07.1995 00:00;;;;;;;;;;;;;;4;12.1;14.4;43.6;;;;;;;;;;;;;;;;258;;
PRE;17.07.1995 00:00;;;;;;;;;;;;;;1.9;4.7;6.8;16.9;;;;;;;;;;;;;;;;259;;
PRE;18.07.1995 00:00;;;;;;;;;;;;;;1.9;8;6.8;28.8;;;;;;;;;;;;;;;;18;;
PRE;19.07.1995 00:00;;;;;;;;;;;;;;3.3;8.7;11.9;31.3;;;;;;;;;;;;;;;;22;;
PRE;20.07.1995 00:00;;;;;;;;;;;;;;1.3;3.7;4.7;13.3;;;;;;;;;;;;;;;;135;;
PRE;21.07.1995 00:00;;;;;;;;;;;;;;1.5;5.1;5.4;18.4;;;;;;;;;;;;;;;;198;;
PRE;22.07.1995 00:00;;;;;;;;;;;;;;3.7;13;13.3;46.8;;;;;;;;;;;;;;;;274;;
PRE;23.07.1995 00:00;;;;;;;;;;;;;;6.5;16;23.4;57.6;;;;;;;;;;;;;;;;21;;
PRE;24.07.1995 00:00;;;;;;;;;;;;;;4.7;11.7;16.9;42.1;;;;;;;;;;;;;;;;24;;
PRE;25.07.1995 00:00;;;;;;;;;;;;;;2.9;8.2;10.4;29.5;;;;;;;;;;;;;;;;18;;
PRE;26.07.1995 00:00;;;;;;;;;;;;;;1.6;5.8;5.8;20.9;;;;;;;;;;;;;;;;117;;
PRE;27.07.1995 00:00;;;;;;;;;;;;;;2.4;11.3;8.6;40.7;;;;;;;;;;;;;;;;240;;
PRE;28.07.1995 00:00;;;;;;;;;;;;;;2.9;9.6;10.4;34.6;;;;;;;;;;;;;;;;8;;
PRE;29.07.1995 00:00;;;;;;;;;;;;;;5;12.1;18;43.6;;;;;;;;;;;;;;;;20;;
PRE;30.07.1995 00:00;;;;;;;;;;;;;;3;8.7;10.8;31.3;;;;;;;;;;;;;;;;35;;
PRE;31.07.1995 00:00;;;;;;;;;;;;;;2.4;8;8.6;28.8;;;;;;;;;;;;;;;;333;;
PRE;01.08.1995 00:00;;;;;;;;;;;;;;2.2;6.1;7.9;22;;;;;;;;;;;;;;;;284;;
PRE;02.08.1995 00:00;;;;;;;;;;;;;;2.8;9;10.1;32.4;;;;;;;;;;;;;;;;15;;
PRE;03.08.1995 00:00;;;;;;;;;;;;;;3.5;8.3;12.6;29.9;;;;;;;;;;;;;;;;17;;
PRE;04.08.1995 00:00;;;;;;;;;;;;;;2.9;8;10.4;28.8;;;;;;;;;;;;;;;;18;;
PRE;05.08.1995 00:00;;;;;;;;;;;;;;2.7;15.2;9.7;54.7;;;;;;;;;;;;;;;;240;;
PRE;06.08.1995 00:00;;;;;;;;;;;;;;2.8;14.6;10.1;52.6;;;;;;;;;;;;;;;;198;;
PRE;07.08.1995 00:00;;;;;;;;;;;;;;2.5;8.1;9;29.2;;;;;;;;;;;;;;;;230;;
PRE;08.08.1995 00:00;;;;;;;;;;;;;;2.4;17;8.6;61.2;;;;;;;;;;;;;;;;311;;
PRE;09.08.1995 00:00;;;;;;;;;;;;;;4.2;11.7;15.1;42.1;;;;;;;;;;;;;;;;16;;
PRE;10.08.1995 00:00;;;;;;;;;;;;;;3.5;8.1;12.6;29.2;;;;;;;;;;;;;;;;11;;
PRE;11.08.1995 00:00;;;;;;;;;;;;;;2.8;10;10.1;36;;;;;;;;;;;;;;;;264;;
PRE;12.08.1995 00:00;;;;;;;;;;;;;;1.2;3.7;4.3;13.3;;;;;;;;;;;;;;;;304;;
PRE;13.08.1995 00:00;;;;;;;;;;;;;;1.5;8.1;5.4;29.2;;;;;;;;;;;;;;;;7;;
PRE;14.08.1995 00:00;;;;;;;;;;;;;;3.7;12.3;13.3;44.3;;;;;;;;;;;;;;;;11;;
PRE;15.08.1995 00:00;;;;;;;;;;;;;;6;13.8;21.6;49.7;;;;;;;;;;;;;;;;24;;
PRE;16.08.1995 00:00;;;;;;;;;;;;;;6;13;21.6;46.8;;;;;;;;;;;;;;;;26;;
PRE;17.08.1995 00:00;;;;;;;;;;;;;;7;15.6;25.2;56.2;;;;;;;;;;;;;;;;18;;
PRE;18.08.1995 00:00;;;;;;;;;;;;;;2.7;7.8;9.7;28.1;;;;;;;;;;;;;;;;13;;
PRE;19.08.1995 00:00;;;;;;;;;;;;;;2.1;11.2;7.6;40.3;;;;;;;;;;;;;;;;284;;
PRE;20.08.1995 00:00;;;;;;;;;;;;;;2.2;8.5;7.9;30.6;;;;;;;;;;;;;;;;39;;
PRE;21.08.1995 00:00;;;;;;;;;;;;;;5.2;15.7;18.7;56.5;;;;;;;;;;;;;;;;34;;
PRE;22.08.1995 00:00;;;;;;;;;;;;;;2.3;8.1;8.3;29.2;;;;;;;;;;;;;;;;55;;
PRE;23.08.1995 00:00;;;;;;;;;;;;;;2.3;14.2;8.3;51.1;;;;;;;;;;;;;;;;225;;
PRE;24.08.1995 00:00;;;;;;;;;;;;;;2;7.2;7.2;25.9;;;;;;;;;;;;;;;;270;;
PRE;25.08.1995 00:00;;;;;;;;;;;;;;1.8;5.6;6.5;20.2;;;;;;;;;;;;;;;;263;;
PRE;26.08.1995 00:00;;;;;;;;;;;;;;3.4;11.3;12.2;40.7;;;;;;;;;;;;;;;;261;;
PRE;27.08.1995 00:00;;;;;;;;;;;;;;3.2;12.7;11.5;45.7;;;;;;;;;;;;;;;;250;;
PRE;28.08.1995 00:00;;;;;;;;;;;;;;3.6;13.7;13;49.3;;;;;;;;;;;;;;;;300;;
PRE;29.08.1995 00:00;;;;;;;;;;;;;;1.9;8.7;6.8;31.3;;;;;;;;;;;;;;;;297;;
PRE;30.08.1995 00:00;;;;;;;;;;;;;;3.7;11;13.3;39.6;;;;;;;;;;;;;;;;22;;
PRE;31.08.1995 00:00;;;;;;;;;;;;;;4;10.6;14.4;38.2;;;;;;;;;;;;;;;;21;;
PRE;01.09.1995 00:00;;;;;;;;;;;;;;2.9;9.5;10.4;34.2;;;;;;;;;;;;;;;;18;;
PRE;02.09.1995 00:00;;;;;;;;;;;;;;1.8;5.5;6.5;19.8;;;;;;;;;;;;;;;;284;;
PRE;03.09.1995 00:00;;;;;;;;;;;;;;3.7;15.8;13.3;56.9;;;;;;;;;;;;;;;;241;;
PRE;04.09.1995 00:00;;;;;;;;;;;;;;3.3;11.2;11.9;40.3;;;;;;;;;;;;;;;;259;;
PRE;05.09.1995 00:00;;;;;;;;;;;;;;1.4;4.5;5;16.2;;;;;;;;;;;;;;;;338;;
PRE;06.09.1995 00:00;;;;;;;;;;;;;;1.7;5.1;6.1;18.4;;;;;;;;;;;;;;;;22;;
PRE;07.09.1995 00:00;;;;;;;;;;;;;;2.7;13.3;9.7;47.9;;;;;;;;;;;;;;;;22;;
PRE;08.09.1995 00:00;;;;;;;;;;;;;;4.8;13.2;17.3;47.5;;;;;;;;;;;;;;;;244;;
PRE;09.09.1995 00:00;;;;;;;;;;;;;;3.3;9.8;11.9;35.3;;;;;;;;;;;;;;;;247;;
PRE;10.09.1995 00:00;;;;;;;;;;;;;;1.4;4;5;14.4;;;;;;;;;;;;;;;;360;;
PRE;11.09.1995 00:00;;;;;;;;;;;;;;3.8;11.5;13.7;41.4;;;;;;;;;;;;;;;;239;;
PRE;12.09.1995 00:00;;;;;;;;;;;;;;2.3;9.8;8.3;35.3;;;;;;;;;;;;;;;;360;;
PRE;13.09.1995 00:00;;;;;;;;;;;;;;1.5;4.3;5.4;15.5;;;;;;;;;;;;;;;;263;;
PRE;14.09.1995 00:00;;;;;;;;;;;;;;1.2;4;4.3;14.4;;;;;;;;;;;;;;;;22;;
PRE;15.09.1995 00:00;;;;;;;;;;;;;;3;9.1;10.8;32.8;;;;;;;;;;;;;;;;230;;
PRE;16.09.1995 00:00;;;;;;;;;;;;;;3.1;11;11.2;39.6;;;;;;;;;;;;;;;;248;;
PRE;17.09.1995 00:00;;;;;;;;;;;;;;2.2;7.7;7.9;27.7;;;;;;;;;;;;;;;;13;;
PRE;18.09.1995 00:00;;;;;;;;;;;;;;2.8;9;10.1;32.4;;;;;;;;;;;;;;;;22;;
PRE;19.09.1995 00:00;;;;;;;;;;;;;;2.9;12;10.4;43.2;;;;;;;;;;;;;;;;13;;
PRE;20.09.1995 00:00;;;;;;;;;;;;;;3.8;10.7;13.7;38.5;;;;;;;;;;;;;;;;246;;
PRE;21.09.1995 00:00;;;;;;;;;;;;;;5;13.1;18;47.2;;;;;;;;;;;;;;;;23;;
PRE;22.09.1995 00:00;;;;;;;;;;;;;;4.3;9.8;15.5;35.3;;;;;;;;;;;;;;;;22;;
PRE;23.09.1995 00:00;;;;;;;;;;;;;;4.2;12.3;15.1;44.3;;;;;;;;;;;;;;;;25;;
PRE;24.09.1995 00:00;;;;;;;;;;;;;;2.5;9.5;9;34.2;;;;;;;;;;;;;;;;251;;
PRE;25.09.1995 00:00;;;;;;;;;;;;;;2.5;9.8;9;35.3;;;;;;;;;;;;;;;;35;;
PRE;26.09.1995 00:00;;;;;;;;;;;;;;1.8;6.3;6.5;22.7;;;;;;;;;;;;;;;;264;;
PRE;27.09.1995 00:00;;;;;;;;;;;;;;4.6;10;16.6;36;;;;;;;;;;;;;;;;242;;
PRE;28.09.1995 00:00;;;;;;;;;;;;;;2.4;8.8;8.6;31.7;;;;;;;;;;;;;;;;37;;
PRE;29.09.1995 00:00;;;;;;;;;;;;;;3.1;8;11.2;28.8;;;;;;;;;;;;;;;;19;;
PRE;30.09.1995 00:00;;;;;;;;;;;;;;1.7;6.7;6.1;24.1;;;;;;;;;;;;;;;;326;;
PRE;01.10.1995 00:00;;;;;;;;;;;;;;1.8;7.1;6.5;25.6;;;;;;;;;;;;;;;;231;;
PRE;02.10.1995 00:00;;;;;;;;;;;;;;1.4;3.6;5;13;;;;;;;;;;;;;;;;360;;
PRE;03.10.1995 00:00;;;;;;;;;;;;;;1;4.6;3.6;16.6;;;;;;;;;;;;;;;;45;;
PRE;04.10.1995 00:00;;;;;;;;;;;;;;1.3;4.7;4.7;16.9;;;;;;;;;;;;;;;;90;;
PRE;05.10.1995 00:00;;;;;;;;;;;;;;1.4;5.7;5;20.5;;;;;;;;;;;;;;;;270;;
PRE;06.10.1995 00:00;;;;;;;;;;;;;;1.5;4.6;5.4;16.6;;;;;;;;;;;;;;;;36;;
PRE;07.10.1995 00:00;;;;;;;;;;;;;;1.5;4.6;5.4;16.6;;;;;;;;;;;;;;;;270;;
PRE;08.10.1995 00:00;;;;;;;;;;;;;;1;3.2;3.6;11.5;;;;;;;;;;;;;;;;304;;
PRE;09.10.1995 00:00;;;;;;;;;;;;;;1.1;3.7;4;13.3;;;;;;;;;;;;;;;;315;;
PRE;10.10.1995 00:00;;;;;;;;;;;;;;1.1;2.6;4;9.4;;;;;;;;;;;;;;;;338;;
PRE;11.10.1995 00:00;;;;;;;;;;;;;;1.3;3;4.7;10.8;;;;;;;;;;;;;;;;315;;
PRE;12.10.1995 00:00;;;;;;;;;;;;;;1.1;3.2;4;11.5;;;;;;;;;;;;;;;;315;;
PRE;13.10.1995 00:00;;;;;;;;;;;;;;1.2;3.6;4.3;13;;;;;;;;;;;;;;;;333;;
PRE;14.10.1995 00:00;;;;;;;;;;;;;;1.5;5.5;5.4;19.8;;;;;;;;;;;;;;;;360;;
PRE;15.10.1995 00:00;;;;;;;;;;;;;;2.2;6.1;7.9;22;;;;;;;;;;;;;;;;15;;
PRE;16.10.1995 00:00;;;;;;;;;;;;;;3.5;9.8;12.6;35.3;;;;;;;;;;;;;;;;20;;
PRE;17.10.1995 00:00;;;;;;;;;;;;;;1.3;4.3;4.7;15.5;;;;;;;;;;;;;;;;307;;
PRE;18.10.1995 00:00;;;;;;;;;;;;;;1.1;4.8;4;17.3;;;;;;;;;;;;;;;;315;;
PRE;19.10.1995 00:00;;;;;;;;;;;;;;1.3;4.1;4.7;14.8;;;;;;;;;;;;;;;;333;;
PRE;20.10.1995 00:00;;;;;;;;;;;;;;2.4;8.2;8.6;29.5;;;;;;;;;;;;;;;;16;;
PRE;21.10.1995 00:00;;;;;;;;;;;;;;5.5;11.3;19.8;40.7;;;;;;;;;;;;;;;;20;;
PRE;22.10.1995 00:00;;;;;;;;;;;;;;2.7;9;9.7;32.4;;;;;;;;;;;;;;;;357;;
PRE;23.10.1995 00:00;;;;;;;;;;;;;;1.9;4.7;6.8;16.9;;;;;;;;;;;;;;;;340;;
PRE;24.10.1995 00:00;;;;;;;;;;;;;;1.4;3.8;5;13.7;;;;;;;;;;;;;;;;304;;
PRE;25.10.1995 00:00;;;;;;;;;;;;;;1.3;5.5;4.7;19.8;;;;;;;;;;;;;;;;333;;
PRE;26.10.1995 00:00;;;;;;;;;;;;;;1.3;5.3;4.7;19.1;;;;;;;;;;;;;;;;315;;
PRE;27.10.1995 00:00;;;;;;;;;;;;;;1.1;3.5;4;12.6;;;;;;;;;;;;;;;;360;;
PRE;28.10.1995 00:00;;;;;;;;;;;;;;1.1;3;4;10.8;;;;;;;;;;;;;;;;346;;
PRE;29.10.1995 00:00;;;;;;;;;;;;;;2.3;7.7;8.3;27.7;;;;;;;;;;;;;;;;234;;
PRE;30.10.1995 00:00;;;;;;;;;;;;;;1.4;5.3;5;19.1;;;;;;;;;;;;;;;;270;;
PRE;31.10.1995 00:00;;;;;;;;;;;;;;1.5;5;5.4;18;;;;;;;;;;;;;;;;14;;
PRE;01.11.1995 00:00;;;;;;;;;;;;;;2.2;7.7;7.9;27.7;;;;;;;;;;;;;;;;4;;
PRE;02.11.1995 00:00;;;;;;;;;;;;;;5.2;12.7;18.7;45.7;;;;;;;;;;;;;;;;20;;
PRE;03.11.1995 00:00;;;;;;;;;;;;;;2.4;10.2;8.6;36.7;;;;;;;;;;;;;;;;288;;
PRE;04.11.1995 00:00;;;;;;;;;;;;;;7;18.3;25.2;65.9;;;;;;;;;;;;;;;;22;;
PRE;05.11.1995 00:00;;;;;;;;;;;;;;8.1;22.3;29.2;80.3;;;;;;;;;;;;;;;;29;;
PRE;06.11.1995 00:00;;;;;;;;;;;;;;5;14.2;18;51.1;;;;;;;;;;;;;;;;26;;
PRE;07.11.1995 00:00;;;;;;;;;;;;;;1.7;5.6;6.1;20.2;;;;;;;;;;;;;;;;340;;
PRE;08.11.1995 00:00;;;;;;;;;;;;;;4.5;11.3;16.2;40.7;;;;;;;;;;;;;;;;24;;
PRE;09.11.1995 00:00;;;;;;;;;;;;;;2.4;8.2;8.6;29.5;;;;;;;;;;;;;;;;17;;
PRE;10.11.1995 00:00;;;;;;;;;;;;;;1.4;6.7;5;24.1;;;;;;;;;;;;;;;;315;;
PRE;11.11.1995 00:00;;;;;;;;;;;;;;1.4;5.7;5;20.5;;;;;;;;;;;;;;;;264;;
PRE;12.11.1995 00:00;;;;;;;;;;;;;;1.7;6.6;6.1;23.8;;;;;;;;;;;;;;;;253;;
PRE;13.11.1995 00:00;;;;;;;;;;;;;;1.6;5.6;5.8;20.2;;;;;;;;;;;;;;;;249;;
PRE;14.11.1995 00:00;;;;;;;;;;;;;;1.1;4.5;4;16.2;;;;;;;;;;;;;;;;279;;
PRE;15.11.1995 00:00;;;;;;;;;;;;;;1.6;10.8;5.8;38.9;;;;;;;;;;;;;;;;229;;
PRE;16.11.1995 00:00;;;;;;;;;;;;;;4.9;14.6;17.6;52.6;;;;;;;;;;;;;;;;240;;
PRE;17.11.1995 00:00;;;;;;;;;;;;;;5.4;18;19.4;64.8;;;;;;;;;;;;;;;;240;;
PRE;18.11.1995 00:00;;;;;;;;;;;;;;3;12;10.8;43.2;;;;;;;;;;;;;;;;357;;
PRE;19.11.1995 00:00;;;;;;;;;;;;;;2.2;7.7;7.9;27.7;;;;;;;;;;;;;;;;288;;
PRE;20.11.1995 00:00;;;;;;;;;;;;;;3.6;11.5;13;41.4;;;;;;;;;;;;;;;;20;;
PRE;21.11.1995 00:00;;;;;;;;;;;;;;2.8;8.2;10.1;29.5;;;;;;;;;;;;;;;;2;;
PRE;22.11.1995 00:00;;;;;;;;;;;;;;1.9;7.1;6.8;25.6;;;;;;;;;;;;;;;;345;;
PRE;23.11.1995 00:00;;;;;;;;;;;;;;1.8;5.5;6.5;19.8;;;;;;;;;;;;;;;;17;;
PRE;24.11.1995 00:00;;;;;;;;;;;;;;1.3;4.8;4.7;17.3;;;;;;;;;;;;;;;;6;;
PRE;25.11.1995 00:00;;;;;;;;;;;;;;2.3;5.8;8.3;20.9;;;;;;;;;;;;;;;;8;;
PRE;26.11.1995 00:00;;;;;;;;;;;;;;2.3;6.5;8.3;23.4;;;;;;;;;;;;;;;;11;;
PRE;27.11.1995 00:00;;;;;;;;;;;;;;1.7;5.7;6.1;20.5;;;;;;;;;;;;;;;;333;;
PRE;28.11.1995 00:00;;;;;;;;;;;;;;1.2;4;4.3;14.4;;;;;;;;;;;;;;;;297;;
PRE;29.11.1995 00:00;;;;;;;;;;;;;;1.7;6.1;6.1;22;;;;;;;;;;;;;;;;5;;
PRE;30.11.1995 00:00;;;;;;;;;;;;;;2.2;6.5;7.9;23.4;;;;;;;;;;;;;;;;11;;
PRE;01.12.1995 00:00;;;;;;;;;;;;;;1.6;4.3;5.8;15.5;;;;;;;;;;;;;;;;325;;
PRE;02.12.1995 00:00;;;;;;;;;;;;;;1.2;3.2;4.3;11.5;;;;;;;;;;;;;;;;330;;
PRE;03.12.1995 00:00;;;;;;;;;;;;;;2.2;6.8;7.9;24.5;;;;;;;;;;;;;;;;353;;
PRE;04.12.1995 00:00;;;;;;;;;;;;;;6.3;13.2;22.7;47.5;;;;;;;;;;;;;;;;16;;
PRE;05.12.1995 00:00;;;;;;;;;;;;;;5.4;11;19.4;39.6;;;;;;;;;;;;;;;;12;;
PRE;06.12.1995 00:00;;;;;;;;;;;;;;5;10.8;18;38.9;;;;;;;;;;;;;;;;9;;
PRE;07.12.1995 00:00;;;;;;;;;;;;;;2.9;7.7;10.4;27.7;;;;;;;;;;;;;;;;360;;
PRE;08.12.1995 00:00;;;;;;;;;;;;;;3.5;10;12.6;36;;;;;;;;;;;;;;;;10;;
PRE;09.12.1995 00:00;;;;;;;;;;;;;;2.3;7.6;8.3;27.4;;;;;;;;;;;;;;;;341;;
PRE;10.12.1995 00:00;;;;;;;;;;;;;;4.8;8.8;17.3;31.7;;;;;;;;;;;;;;;;360;;
PRE;11.12.1995 00:00;;;;;;;;;;;;;;4.3;9.6;15.5;34.6;;;;;;;;;;;;;;;;4;;
PRE;12.12.1995 00:00;;;;;;;;;;;;;;6.7;21.8;24.1;78.5;;;;;;;;;;;;;;;;26;;
PRE;13.12.1995 00:00;;;;;;;;;;;;;;12;22.6;43.2;81.4;;;;;;;;;;;;;;;;34;;
PRE;14.12.1995 00:00;;;;;;;;;;;;;;7;17.6;25.2;63.4;;;;;;;;;;;;;;;;17;;
PRE;15.12.1995 00:00;;;;;;;;;;;;;;6;14;21.6;50.4;;;;;;;;;;;;;;;;24;;
PRE;16.12.1995 00:00;;;;;;;;;;;;;;5.3;14;19.1;50.4;;;;;;;;;;;;;;;;12;;
PRE;17.12.1995 00:00;;;;;;;;;;;;;;1.8;6.3;6.5;22.7;;;;;;;;;;;;;;;;356;;
PRE;18.12.1995 00:00;;;;;;;;;;;;;;1;4.1;3.6;14.8;;;;;;;;;;;;;;;;342;;
PRE;19.12.1995 00:00;;;;;;;;;;;;;;2.5;8.1;9;29.2;;;;;;;;;;;;;;;;354;;
PRE;20.12.1995 00:00;;;;;;;;;;;;;;2;6.5;7.2;23.4;;;;;;;;;;;;;;;;238;;
PRE;21.12.1995 00:00;;;;;;;;;;;;;;0.8;4.5;2.9;16.2;;;;;;;;;;;;;;;;180;;
PRE;22.12.1995 00:00;;;;;;;;;;;;;;2.5;15.8;9;56.9;;;;;;;;;;;;;;;;229;;
PRE;23.12.1995 00:00;;;;;;;;;;;;;;6.4;17.2;23;61.9;;;;;;;;;;;;;;;;240;;
PRE;24.12.1995 00:00;;;;;;;;;;;;;;6.8;16.6;24.5;59.8;;;;;;;;;;;;;;;;243;;
PRE;25.12.1995 00:00;;;;;;;;;;;;;;6.2;14.5;22.3;52.2;;;;;;;;;;;;;;;;247;;
PRE;26.12.1995 00:00;;;;;;;;;;;;;;6.4;14.1;23;50.8;;;;;;;;;;;;;;;;14;;
PRE;27.12.1995 00:00;;;;;;;;;;;;;;5.5;14.6;19.8;52.6;;;;;;;;;;;;;;;;22;;
PRE;28.12.1995 00:00;;;;;;;;;;;;;;5.8;11.3;20.9;40.7;;;;;;;;;;;;;;;;14;;
PRE;29.12.1995 00:00;;;;;;;;;;;;;;4.5;8.6;16.2;31;;;;;;;;;;;;;;;;8;;
PRE;30.12.1995 00:00;;;;;;;;;;;;;;2.8;8.6;10.1;31;;;;;;;;;;;;;;;;2;;
PRE;31.12.1995 00:00;;;;;;;;;;;;;;1.5;7.7;5.4;27.7;;;;;;;;;;;;;;;;319;;
PRE;01.01.1996 00:00;;;;;;;;;;;;;;2.4;7.3;8.6;26.3;;;;;;;;;;;;;;;;360;;
PRE;02.01.1996 00:00;;;;;;;;;;;;;;2.2;6;7.9;21.6;;;;;;;;;;;;;;;;360;;
PRE;03.01.1996 00:00;;;;;;;;;;;;;;5.2;13.6;18.7;49;;;;;;;;;;;;;;;;18;;
PRE;04.01.1996 00:00;;;;;;;;;;;;;;3.9;11.7;14;42.1;;;;;;;;;;;;;;;;5;;
PRE;05.01.1996 00:00;;;;;;;;;;;;;;2.7;7;9.7;25.2;;;;;;;;;;;;;;;;355;;
PRE;06.01.1996 00:00;;;;;;;;;;;;;;1.5;5.1;5.4;18.4;;;;;;;;;;;;;;;;360;;
PRE;07.01.1996 00:00;;;;;;;;;;;;;;1.3;6.8;4.7;24.5;;;;;;;;;;;;;;;;315;;
PRE;08.01.1996 00:00;;;;;;;;;;;;;;2.3;7;8.3;25.2;;;;;;;;;;;;;;;;355;;
PRE;09.01.1996 00:00;;;;;;;;;;;;;;2;8.7;7.2;31.3;;;;;;;;;;;;;;;;352;;
PRE;10.01.1996 00:00;;;;;;;;;;;;;;1.9;9.8;6.8;35.3;;;;;;;;;;;;;;;;342;;
PRE;11.01.1996 00:00;;;;;;;;;;;;;;1.9;6;6.8;21.6;;;;;;;;;;;;;;;;356;;
PRE;12.01.1996 00:00;;;;;;;;;;;;;;1.5;8.1;5.4;29.2;;;;;;;;;;;;;;;;333;;
PRE;13.01.1996 00:00;;;;;;;;;;;;;;1.1;4.2;4;15.1;;;;;;;;;;;;;;;;315;;
PRE;14.01.1996 00:00;;;;;;;;;;;;;;1.8;5.8;6.5;20.9;;;;;;;;;;;;;;;;12;;
PRE;15.01.1996 00:00;;;;;;;;;;;;;;2.1;5.5;7.6;19.8;;;;;;;;;;;;;;;;345;;
PRE;16.01.1996 00:00;;;;;;;;;;;;;;2.7;8.1;9.7;29.2;;;;;;;;;;;;;;;;5;;
PRE;17.01.1996 00:00;;;;;;;;;;;;;;2.3;5.7;8.3;20.5;;;;;;;;;;;;;;;;357;;
PRE;18.01.1996 00:00;;;;;;;;;;;;;;1.9;5;6.8;18;;;;;;;;;;;;;;;;318;;
PRE;19.01.1996 00:00;;;;;;;;;;;;;;2;5.1;7.2;18.4;;;;;;;;;;;;;;;;11;;
PRE;20.01.1996 00:00;;;;;;;;;;;;;;4.7;10.6;16.9;38.2;;;;;;;;;;;;;;;;5;;
PRE;21.01.1996 00:00;;;;;;;;;;;;;;4.9;10.6;17.6;38.2;;;;;;;;;;;;;;;;12;;
PRE;22.01.1996 00:00;;;;;;;;;;;;;;4.9;11.5;17.6;41.4;;;;;;;;;;;;;;;;18;;
PRE;23.01.1996 00:00;;;;;;;;;;;;;;5;13.3;18;47.9;;;;;;;;;;;;;;;;9;;
PRE;24.01.1996 00:00;;;;;;;;;;;;;;4.1;10.8;14.8;38.9;;;;;;;;;;;;;;;;9;;
PRE;25.01.1996 00:00;;;;;;;;;;;;;;4.5;9.7;16.2;34.9;;;;;;;;;;;;;;;;4;;
PRE;26.01.1996 00:00;;;;;;;;;;;;;;2.4;7.1;8.6;25.6;;;;;;;;;;;;;;;;360;;
PRE;27.01.1996 00:00;;;;;;;;;;;;;;3.3;9.8;11.9;35.3;;;;;;;;;;;;;;;;11;;
PRE;28.01.1996 00:00;;;;;;;;;;;;;;5.9;11.3;21.2;40.7;;;;;;;;;;;;;;;;11;;
PRE;29.01.1996 00:00;;;;;;;;;;;;;;5.3;12.3;19.1;44.3;;;;;;;;;;;;;;;;21;;
PRE;30.01.1996 00:00;;;;;;;;;;;;;;5.9;11.5;21.2;41.4;;;;;;;;;;;;;;;;23;;
PRE;31.01.1996 00:00;;;;;;;;;;;;;;5;9.8;18;35.3;;;;;;;;;;;;;;;;8;;
PRE;01.02.1996 00:00;;;;;;;;;;;;;;3.7;8.1;13.3;29.2;;;;;;;;;;;;;;;;8;;
PRE;02.02.1996 00:00;;;;;;;;;;;;;;1.4;6.6;5;23.8;;;;;;;;;;;;;;;;346;;
PRE;03.02.1996 00:00;;;;;;;;;;;;;;2.1;9.6;7.6;34.6;;;;;;;;;;;;;;;;24;;
PRE;04.02.1996 00:00;;;;;;;;;;;;;;4.9;12.7;17.6;45.7;;;;;;;;;;;;;;;;28;;
PRE;05.02.1996 00:00;;;;;;;;;;;;;;6;12.6;21.6;45.4;;;;;;;;;;;;;;;;19;;
PRE;06.02.1996 00:00;;;;;;;;;;;;;;3.2;8.7;11.5;31.3;;;;;;;;;;;;;;;;358;;
PRE;07.02.1996 00:00;;;;;;;;;;;;;;4.5;13.1;16.2;47.2;;;;;;;;;;;;;;;;243;;
PRE;08.02.1996 00:00;;;;;;;;;;;;;;2;6.5;7.2;23.4;;;;;;;;;;;;;;;;323;;
PRE;09.02.1996 00:00;;;;;;;;;;;;;;3;8.5;10.8;30.6;;;;;;;;;;;;;;;;4;;
PRE;10.02.1996 00:00;;;;;;;;;;;;;;3.5;9.1;12.6;32.8;;;;;;;;;;;;;;;;244;;
PRE;11.02.1996 00:00;;;;;;;;;;;;;;4.6;12.2;16.6;43.9;;;;;;;;;;;;;;;;247;;
PRE;12.02.1996 00:00;;;;;;;;;;;;;;8.4;21.6;30.2;77.8;;;;;;;;;;;;;;;;244;;
PRE;13.02.1996 00:00;;;;;;;;;;;;;;7.6;23.2;27.4;83.5;;;;;;;;;;;;;;;;233;;
PRE;14.02.1996 00:00;;;;;;;;;;;;;;5.8;17.2;20.9;61.9;;;;;;;;;;;;;;;;29;;
PRE;15.02.1996 00:00;;;;;;;;;;;;;;7.5;17.8;27;64.1;;;;;;;;;;;;;;;;34;;
PRE;16.02.1996 00:00;;;;;;;;;;;;;;2.1;7.8;7.6;28.1;;;;;;;;;;;;;;;;5;;
PRE;17.02.1996 00:00;;;;;;;;;;;;;;5;11.6;18;41.8;;;;;;;;;;;;;;;;243;;
PRE;18.02.1996 00:00;;;;;;;;;;;;;;8.2;22.2;29.5;79.9;;;;;;;;;;;;;;;;235;;
PRE;19.02.1996 00:00;;;;;;;;;;;;;;5.4;13.6;19.4;49;;;;;;;;;;;;;;;;241;;
PRE;20.02.1996 00:00;;;;;;;;;;;;;;4.1;13.1;14.8;47.2;;;;;;;;;;;;;;;;13;;
PRE;21.02.1996 00:00;;;;;;;;;;;;;;9.3;21.7;33.5;78.1;;;;;;;;;;;;;;;;33;;
PRE;22.02.1996 00:00;;;;;;;;;;;;;;3.5;9.2;12.6;33.1;;;;;;;;;;;;;;;;356;;
PRE;23.02.1996 00:00;;;;;;;;;;;;;;1.3;3.8;4.7;13.7;;;;;;;;;;;;;;;;360;;
PRE;24.02.1996 00:00;;;;;;;;;;;;;;1.4;4.7;5;16.9;;;;;;;;;;;;;;;;323;;
PRE;25.02.1996 00:00;;;;;;;;;;;;;;1.7;9.6;6.1;34.6;;;;;;;;;;;;;;;;233;;
PRE;26.02.1996 00:00;;;;;;;;;;;;;;1.8;9.1;6.5;32.8;;;;;;;;;;;;;;;;323;;
PRE;27.02.1996 00:00;;;;;;;;;;;;;;1.5;6.6;5.4;23.8;;;;;;;;;;;;;;;;301;;
PRE;28.02.1996 00:00;;;;;;;;;;;;;;2.3;8.7;8.3;31.3;;;;;;;;;;;;;;;;22;;
PRE;29.02.1996 00:00;;;;;;;;;;;;;;5.7;11.5;20.5;41.4;;;;;;;;;;;;;;;;20;;
PRE;01.03.1996 00:00;;;;;;;;;;;;;;4.4;11.6;15.8;41.8;;;;;;;;;;;;;;;;23;;
PRE;02.03.1996 00:00;;;;;;;;;;;;;;7.1;18;25.6;64.8;;;;;;;;;;;;;;;;18;;
PRE;03.03.1996 00:00;;;;;;;;;;;;;;4.4;10.1;15.8;36.4;;;;;;;;;;;;;;;;25;;
PRE;04.03.1996 00:00;;;;;;;;;;;;;;4.4;11.5;15.8;41.4;;;;;;;;;;;;;;;;24;;
PRE;05.03.1996 00:00;;;;;;;;;;;;;;1.9;5.5;6.8;19.8;;;;;;;;;;;;;;;;6;;
PRE;06.03.1996 00:00;;;;;;;;;;;;;;3.7;10.1;13.3;36.4;;;;;;;;;;;;;;;;21;;
PRE;07.03.1996 00:00;;;;;;;;;;;;;;2.9;8.8;10.4;31.7;;;;;;;;;;;;;;;;12;;
PRE;08.03.1996 00:00;;;;;;;;;;;;;;3.1;8.2;11.2;29.5;;;;;;;;;;;;;;;;14;;
PRE;09.03.1996 00:00;;;;;;;;;;;;;;2.8;9.5;10.1;34.2;;;;;;;;;;;;;;;;18;;
PRE;10.03.1996 00:00;;;;;;;;;;;;;;6.7;14.5;24.1;52.2;;;;;;;;;;;;;;;;21;;
PRE;11.03.1996 00:00;;;;;;;;;;;;;;3;8.1;10.8;29.2;;;;;;;;;;;;;;;;8;;
PRE;12.03.1996 00:00;;;;;;;;;;;;;;5.5;13.8;19.8;49.7;;;;;;;;;;;;;;;;17;;
PRE;13.03.1996 00:00;;;;;;;;;;;;;;5.3;10.8;19.1;38.9;;;;;;;;;;;;;;;;11;;
PRE;14.03.1996 00:00;;;;;;;;;;;;;;2.9;9.5;10.4;34.2;;;;;;;;;;;;;;;;11;;
PRE;15.03.1996 00:00;;;;;;;;;;;;;;2.3;10.3;8.3;37.1;;;;;;;;;;;;;;;;19;;
PRE;16.03.1996 00:00;;;;;;;;;;;;;;1.3;4;4.7;14.4;;;;;;;;;;;;;;;;342;;
PRE;17.03.1996 00:00;;;;;;;;;;;;;;3.3;10.1;11.9;36.4;;;;;;;;;;;;;;;;4;;
PRE;18.03.1996 00:00;;;;;;;;;;;;;;1.9;7;6.8;25.2;;;;;;;;;;;;;;;;8;;
PRE;19.03.1996 00:00;;;;;;;;;;;;;;3.1;8.8;11.2;31.7;;;;;;;;;;;;;;;;16;;
PRE;20.03.1996 00:00;;;;;;;;;;;;;;2.4;11.7;8.6;42.1;;;;;;;;;;;;;;;;243;;
PRE;21.03.1996 00:00;;;;;;;;;;;;;;1.9;17.5;6.8;63;;;;;;;;;;;;;;;;27;;
PRE;22.03.1996 00:00;;;;;;;;;;;;;;1.5;5.7;5.4;20.5;;;;;;;;;;;;;;;;180;;
PRE;23.03.1996 00:00;;;;;;;;;;;;;;1.3;4.2;4.7;15.1;;;;;;;;;;;;;;;;18;;
PRE;24.03.1996 00:00;;;;;;;;;;;;;;2;6.7;7.2;24.1;;;;;;;;;;;;;;;;315;;
PRE;25.03.1996 00:00;;;;;;;;;;;;;;2.8;8.8;10.1;31.7;;;;;;;;;;;;;;;;25;;
PRE;26.03.1996 00:00;;;;;;;;;;;;;;1.4;4.7;5;16.9;;;;;;;;;;;;;;;;270;;
PRE;27.03.1996 00:00;;;;;;;;;;;;;;5;14.7;18;52.9;;;;;;;;;;;;;;;;27;;
PRE;28.03.1996 00:00;;;;;;;;;;;;;;3.4;11.5;12.2;41.4;;;;;;;;;;;;;;;;13;;
PRE;29.03.1996 00:00;;;;;;;;;;;;;;2.6;6.6;9.4;23.8;;;;;;;;;;;;;;;;257;;
PRE;30.03.1996 00:00;;;;;;;;;;;;;;3.1;9.2;11.2;33.1;;;;;;;;;;;;;;;;18;;
PRE;31.03.1996 00:00;;;;;;;;;;;;;;2.5;5.8;9;20.9;;;;;;;;;;;;;;;;13;;
PRE;01.04.1996 00:00;;;;;;;;;;;;;;4.9;11.2;17.6;40.3;;;;;;;;;;;;;;;;10;;
PRE;02.04.1996 00:00;;;;;;;;;;;;;;7.4;16.5;26.6;59.4;;;;;;;;;;;;;;;;29;;
PRE;03.04.1996 00:00;;;;;;;;;;;;;;9.9;22.6;35.6;81.4;;;;;;;;;;;;;;;;26;;
PRE;04.04.1996 00:00;;;;;;;;;;;;;;7.1;16.1;25.6;58;;;;;;;;;;;;;;;;26;;
PRE;05.04.1996 00:00;;;;;;;;;;;;;;3;8.1;10.8;29.2;;;;;;;;;;;;;;;;18;;
PRE;06.04.1996 00:00;;;;;;;;;;;;;;1.5;5.1;5.4;18.4;;;;;;;;;;;;;;;;288;;
PRE;07.04.1996 00:00;;;;;;;;;;;;;;1.8;7.1;6.5;25.6;;;;;;;;;;;;;;;;293;;
PRE;08.04.1996 00:00;;;;;;;;;;;;;;3;10.5;10.8;37.8;;;;;;;;;;;;;;;;349;;
PRE;09.04.1996 00:00;;;;;;;;;;;;;;4.4;11.8;15.8;42.5;;;;;;;;;;;;;;;;22;;
PRE;11.04.1996 00:00;;;;;;;;;;;;;;1.5;8;5.4;28.8;;;;;;;;;;;;;;;;31;;
PRE;12.04.1996 00:00;;;;;;;;;;;;;;1.7;5.5;6.1;19.8;;;;;;;;;;;;;;;;333;;
PRE;13.04.1996 00:00;;;;;;;;;;;;;;3;12.7;10.8;45.7;;;;;;;;;;;;;;;;13;;
PRE;14.04.1996 00:00;;;;;;;;;;;;;;4.9;10.7;17.6;38.5;;;;;;;;;;;;;;;;18;;
PRE;15.04.1996 00:00;;;;;;;;;;;;;;5.8;11.7;20.9;42.1;;;;;;;;;;;;;;;;18;;
PRE;16.04.1996 00:00;;;;;;;;;;;;;;3.1;9.6;11.2;34.6;;;;;;;;;;;;;;;;20;;
PRE;17.04.1996 00:00;;;;;;;;;;;;;;2.1;12.1;7.6;43.6;;;;;;;;;;;;;;;;279;;
PRE;18.04.1996 00:00;;;;;;;;;;;;;;2;7.6;7.2;27.4;;;;;;;;;;;;;;;;15;;
PRE;19.04.1996 00:00;;;;;;;;;;;;;;1.6;4.2;5.8;15.1;;;;;;;;;;;;;;;;14;;
PRE;20.04.1996 00:00;;;;;;;;;;;;;;1.7;3.6;6.1;13;;;;;;;;;;;;;;;;333;;
PRE;21.04.1996 00:00;;;;;;;;;;;;;;2.2;17.1;7.9;61.6;;;;;;;;;;;;;;;;288;;
PRE;22.04.1996 00:00;;;;;;;;;;;;;;1.9;6.7;6.8;24.1;;;;;;;;;;;;;;;;257;;
PRE;23.04.1996 00:00;;;;;;;;;;;;;;3.6;10.5;13;37.8;;;;;;;;;;;;;;;;250;;
PRE;24.04.1996 00:00;;;;;;;;;;;;;;1.6;6.7;5.8;24.1;;;;;;;;;;;;;;;;153;;
PRE;25.04.1996 00:00;;;;;;;;;;;;;;4.9;11.7;17.6;42.1;;;;;;;;;;;;;;;;18;;
PRE;26.04.1996 00:00;;;;;;;;;;;;;;6.3;13.3;22.7;47.9;;;;;;;;;;;;;;;;21;;
PRE;27.04.1996 00:00;;;;;;;;;;;;;;3;12.1;10.8;43.6;;;;;;;;;;;;;;;;18;;
PRE;28.04.1996 00:00;;;;;;;;;;;;;;1.8;9.1;6.5;32.8;;;;;;;;;;;;;;;;246;;
PRE;29.04.1996 00:00;;;;;;;;;;;;;;1.7;7.7;6.1;27.7;;;;;;;;;;;;;;;;270;;
PRE;30.04.1996 00:00;;;;;;;;;;;;;;1.7;8.5;6.1;30.6;;;;;;;;;;;;;;;;243;;
PRE;01.05.1996 00:00;;;;;;;;;;;;;;2;11.7;7.2;42.1;;;;;;;;;;;;;;;;180;;
PRE;02.05.1996 00:00;;;;;;;;;;;;;;4.1;21.7;14.8;78.1;;;;;;;;;;;;;;;;223;;
PRE;03.05.1996 00:00;;;;;;;;;;;;;;2.8;11.1;10.1;40;;;;;;;;;;;;;;;;247;;
PRE;04.05.1996 00:00;;;;;;;;;;;;;;3;9.3;10.8;33.5;;;;;;;;;;;;;;;;225;;
PRE;05.05.1996 00:00;;;;;;;;;;;;;;2.7;8;9.7;28.8;;;;;;;;;;;;;;;;28;;
PRE;06.05.1996 00:00;;;;;;;;;;;;;;1.6;4.6;5.8;16.6;;;;;;;;;;;;;;;;288;;
PRE;07.05.1996 00:00;;;;;;;;;;;;;;2.6;20.2;9.4;72.7;;;;;;;;;;;;;;;;286;;
PRE;08.05.1996 00:00;;;;;;;;;;;;;;3.6;15.1;13;54.4;;;;;;;;;;;;;;;;259;;
PRE;09.05.1996 00:00;;;;;;;;;;;;;;4.3;13.8;15.5;49.7;;;;;;;;;;;;;;;;28;;
PRE;10.05.1996 00:00;;;;;;;;;;;;;;4.5;11;16.2;39.6;;;;;;;;;;;;;;;;28;;
PRE;11.05.1996 00:00;;;;;;;;;;;;;;4;8.8;14.4;31.7;;;;;;;;;;;;;;;;22;;
PRE;12.05.1996 00:00;;;;;;;;;;;;;;4.1;10;14.8;36;;;;;;;;;;;;;;;;26;;
PRE;13.05.1996 00:00;;;;;;;;;;;;;;4.9;11.2;17.6;40.3;;;;;;;;;;;;;;;;20;;
PRE;14.05.1996 00:00;;;;;;;;;;;;;;3.8;8.5;13.7;30.6;;;;;;;;;;;;;;;;12;;
PRE;15.05.1996 00:00;;;;;;;;;;;;;;2.5;7.8;9;28.1;;;;;;;;;;;;;;;;360;;
PRE;16.05.1996 00:00;;;;;;;;;;;;;;3.5;14;12.6;50.4;;;;;;;;;;;;;;;;297;;
PRE;17.05.1996 00:00;;;;;;;;;;;;;;2.6;11.7;9.4;42.1;;;;;;;;;;;;;;;;209;;
PRE;18.05.1996 00:00;;;;;;;;;;;;;;2.2;13.7;7.9;49.3;;;;;;;;;;;;;;;;247;;
PRE;19.05.1996 00:00;;;;;;;;;;;;;;3.3;13.6;11.9;49;;;;;;;;;;;;;;;;251;;
PRE;20.05.1996 00:00;;;;;;;;;;;;;;1.8;6.6;6.5;23.8;;;;;;;;;;;;;;;;39;;
PRE;21.05.1996 00:00;;;;;;;;;;;;;;3.2;16.7;11.5;60.1;;;;;;;;;;;;;;;;245;;
PRE;22.05.1996 00:00;;;;;;;;;;;;;;1.6;6.3;5.8;22.7;;;;;;;;;;;;;;;;45;;
PRE;23.05.1996 00:00;;;;;;;;;;;;;;4.2;11;15.1;39.6;;;;;;;;;;;;;;;;240;;
PRE;24.05.1996 00:00;;;;;;;;;;;;;;2.4;14.1;8.6;50.8;;;;;;;;;;;;;;;;238;;
PRE;25.05.1996 00:00;;;;;;;;;;;;;;4.5;13.5;16.2;48.6;;;;;;;;;;;;;;;;234;;
PRE;26.05.1996 00:00;;;;;;;;;;;;;;4.5;10;16.2;36;;;;;;;;;;;;;;;;238;;
PRE;27.05.1996 00:00;;;;;;;;;;;;;;5.8;17;20.9;61.2;;;;;;;;;;;;;;;;242;;
PRE;28.05.1996 00:00;;;;;;;;;;;;;;3.7;10.3;13.3;37.1;;;;;;;;;;;;;;;;2;;
PRE;29.05.1996 00:00;;;;;;;;;;;;;;4.7;11.6;16.9;41.8;;;;;;;;;;;;;;;;18;;
PRE;30.05.1996 00:00;;;;;;;;;;;;;;1.5;7.1;5.4;25.6;;;;;;;;;;;;;;;;180;;
PRE;31.05.1996 00:00;;;;;;;;;;;;;;1.5;6.5;5.4;23.4;;;;;;;;;;;;;;;;225;;
PRE;01.06.1996 00:00;;;;;;;;;;;;;;2.6;9.8;9.4;35.3;;;;;;;;;;;;;;;;275;;
PRE;02.06.1996 00:00;;;;;;;;;;;;;;2.1;6.7;7.6;24.1;;;;;;;;;;;;;;;;360;;
PRE;03.06.1996 00:00;;;;;;;;;;;;;;3.9;10.8;14;38.9;;;;;;;;;;;;;;;;19;;
PRE;04.06.1996 00:00;;;;;;;;;;;;;;5.7;13.3;20.5;47.9;;;;;;;;;;;;;;;;25;;
PRE;05.06.1996 00:00;;;;;;;;;;;;;;2.9;8.8;10.4;31.7;;;;;;;;;;;;;;;;21;;
PRE;06.06.1996 00:00;;;;;;;;;;;;;;1.5;5;5.4;18;;;;;;;;;;;;;;;;252;;
PRE;07.06.1996 00:00;;;;;;;;;;;;;;2;13.8;7.2;49.7;;;;;;;;;;;;;;;;259;;
PRE;08.06.1996 00:00;;;;;;;;;;;;;;2.1;20;7.6;72;;;;;;;;;;;;;;;;27;;
PRE;09.06.1996 00:00;;;;;;;;;;;;;;1.8;6.8;6.5;24.5;;;;;;;;;;;;;;;;315;;
PRE;10.06.1996 00:00;;;;;;;;;;;;;;1.7;4.8;6.1;17.3;;;;;;;;;;;;;;;;315;;
PRE;11.06.1996 00:00;;;;;;;;;;;;;;1.8;5.6;6.5;20.2;;;;;;;;;;;;;;;;279;;
PRE;12.06.1996 00:00;;;;;;;;;;;;;;2.7;9.7;9.7;34.9;;;;;;;;;;;;;;;;349;;
PRE;13.06.1996 00:00;;;;;;;;;;;;;;6.6;15.7;23.8;56.5;;;;;;;;;;;;;;;;29;;
PRE;14.06.1996 00:00;;;;;;;;;;;;;;7.3;16.5;26.3;59.4;;;;;;;;;;;;;;;;23;;
PRE;15.06.1996 00:00;;;;;;;;;;;;;;5.6;12;20.2;43.2;;;;;;;;;;;;;;;;23;;
PRE;16.06.1996 00:00;;;;;;;;;;;;;;4.6;10.6;16.6;38.2;;;;;;;;;;;;;;;;23;;
PRE;17.06.1996 00:00;;;;;;;;;;;;;;2.2;7.6;7.9;27.4;;;;;;;;;;;;;;;;34;;
PRE;18.06.1996 00:00;;;;;;;;;;;;;;3;9.6;10.8;34.6;;;;;;;;;;;;;;;;240;;
PRE;19.06.1996 00:00;;;;;;;;;;;;;;2.9;8.8;10.4;31.7;;;;;;;;;;;;;;;;240;;
PRE;20.06.1996 00:00;;;;;;;;;;;;;;3.7;13.5;13.3;48.6;;;;;;;;;;;;;;;;255;;
PRE;21.06.1996 00:00;;;;;;;;;;;;;;1.4;4;5;14.4;;;;;;;;;;;;;;;;360;;
PRE;22.06.1996 00:00;;;;;;;;;;;;;;2.5;10.6;9;38.2;;;;;;;;;;;;;;;;360;;
PRE;23.06.1996 00:00;;;;;;;;;;;;;;4;14.3;14.4;51.5;;;;;;;;;;;;;;;;20;;
PRE;24.06.1996 00:00;;;;;;;;;;;;;;4.9;12;17.6;43.2;;;;;;;;;;;;;;;;12;;
PRE;25.06.1996 00:00;;;;;;;;;;;;;;5.4;14.5;19.4;52.2;;;;;;;;;;;;;;;;17;;
PRE;26.06.1996 00:00;;;;;;;;;;;;;;4.4;11.5;15.8;41.4;;;;;;;;;;;;;;;;18;;
PRE;29.06.1996 00:00;;;;;;;;;;;;;;5.5;15.3;19.8;55.1;;;;;;;;;;;;;;;;247;;
PRE;30.06.1996 00:00;;;;;;;;;;;;;;3.3;9.3;11.9;33.5;;;;;;;;;;;;;;;;235;;
PRE;01.07.1996 00:00;;;;;;;;;;;;;;3.5;11.3;12.6;40.7;;;;;;;;;;;;;;;;235;;
PRE;02.07.1996 00:00;;;;;;;;;;;;;;2.6;9.5;9.4;34.2;;;;;;;;;;;;;;;;235;;
PRE;03.07.1996 00:00;;;;;;;;;;;;;;2.5;10.3;9;37.1;;;;;;;;;;;;;;;;225;;
PRE;04.07.1996 00:00;;;;;;;;;;;;;;3.1;11;11.2;39.6;;;;;;;;;;;;;;;;244;;
PRE;05.07.1996 00:00;;;;;;;;;;;;;;2.9;15.3;10.4;55.1;;;;;;;;;;;;;;;;227;;
PRE;06.07.1996 00:00;;;;;;;;;;;;;;3.9;15.5;14;55.8;;;;;;;;;;;;;;;;242;;
PRE;07.07.1996 00:00;;;;;;;;;;;;;;2.9;9.7;10.4;34.9;;;;;;;;;;;;;;;;6;;
PRE;08.07.1996 00:00;;;;;;;;;;;;;;1.6;9.8;5.8;35.3;;;;;;;;;;;;;;;;256;;
PRE;09.07.1996 00:00;;;;;;;;;;;;;;1.6;4.6;5.8;16.6;;;;;;;;;;;;;;;;333;;
PRE;10.07.1996 00:00;;;;;;;;;;;;;;2.8;9.1;10.1;32.8;;;;;;;;;;;;;;;;236;;
PRE;11.07.1996 00:00;;;;;;;;;;;;;;3.8;10.5;13.7;37.8;;;;;;;;;;;;;;;;19;;
PRE;12.07.1996 00:00;;;;;;;;;;;;;;1.7;5;6.1;18;;;;;;;;;;;;;;;;252;;
PRE;13.07.1996 00:00;;;;;;;;;;;;;;1.9;5.5;6.8;19.8;;;;;;;;;;;;;;;;270;;
PRE;14.07.1996 00:00;;;;;;;;;;;;;;2.2;6.1;7.9;22;;;;;;;;;;;;;;;;292;;
PRE;15.07.1996 00:00;;;;;;;;;;;;;;2.9;9;10.4;32.4;;;;;;;;;;;;;;;;29;;
PRE;16.07.1996 00:00;;;;;;;;;;;;;;5.9;14.7;21.2;52.9;;;;;;;;;;;;;;;;20;;
PRE;17.07.1996 00:00;;;;;;;;;;;;;;5.3;12.5;19.1;45;;;;;;;;;;;;;;;;22;;
PRE;18.07.1996 00:00;;;;;;;;;;;;;;4.3;10.8;15.5;38.9;;;;;;;;;;;;;;;;24;;
PRE;19.07.1996 00:00;;;;;;;;;;;;;;5.1;11.2;18.4;40.3;;;;;;;;;;;;;;;;23;;
PRE;20.07.1996 00:00;;;;;;;;;;;;;;5;11.2;18;40.3;;;;;;;;;;;;;;;;24;;
PRE;21.07.1996 00:00;;;;;;;;;;;;;;3.6;8.6;13;31;;;;;;;;;;;;;;;;16;;
PRE;22.07.1996 00:00;;;;;;;;;;;;;;2.6;7.7;9.4;27.7;;;;;;;;;;;;;;;;39;;
PRE;23.07.1996 00:00;;;;;;;;;;;;;;3.9;19.1;14;68.8;;;;;;;;;;;;;;;;233;;
PRE;24.07.1996 00:00;;;;;;;;;;;;;;5.3;16.1;19.1;58;;;;;;;;;;;;;;;;241;;
PRE;25.07.1996 00:00;;;;;;;;;;;;;;2.7;9.1;9.7;32.8;;;;;;;;;;;;;;;;15;;
PRE;26.07.1996 00:00;;;;;;;;;;;;;;4.7;12.6;16.9;45.4;;;;;;;;;;;;;;;;18;;
PRE;27.07.1996 00:00;;;;;;;;;;;;;;2.7;9;9.7;32.4;;;;;;;;;;;;;;;;9;;
PRE;28.07.1996 00:00;;;;;;;;;;;;;;2.4;9.7;8.6;34.9;;;;;;;;;;;;;;;;297;;
PRE;29.07.1996 00:00;;;;;;;;;;;;;;1.7;4.7;6.1;16.9;;;;;;;;;;;;;;;;236;;
PRE;30.07.1996 00:00;;;;;;;;;;;;;;2.1;8.7;7.6;31.3;;;;;;;;;;;;;;;;252;;
PRE;31.07.1996 00:00;;;;;;;;;;;;;;2.2;5;7.9;18;;;;;;;;;;;;;;;;288;;
PRE;01.08.1996 00:00;;;;;;;;;;;;;;2;9.1;7.2;32.8;;;;;;;;;;;;;;;;233;;
PRE;02.08.1996 00:00;;;;;;;;;;;;;;2.2;9.2;7.9;33.1;;;;;;;;;;;;;;;;41;;
PRE;03.08.1996 00:00;;;;;;;;;;;;;;4.4;12.5;15.8;45;;;;;;;;;;;;;;;;34;;
PRE;04.08.1996 00:00;;;;;;;;;;;;;;5.6;12.8;20.2;46.1;;;;;;;;;;;;;;;;21;;
PRE;05.08.1996 00:00;;;;;;;;;;;;;;4.2;11.1;15.1;40;;;;;;;;;;;;;;;;279;;
PRE;06.08.1996 00:00;;;;;;;;;;;;;;1.9;7.1;6.8;25.6;;;;;;;;;;;;;;;;210;;
PRE;07.08.1996 00:00;;;;;;;;;;;;;;2.2;6.8;7.9;24.5;;;;;;;;;;;;;;;;34;;
PRE;08.08.1996 00:00;;;;;;;;;;;;;;3.2;8.5;11.5;30.6;;;;;;;;;;;;;;;;12;;
PRE;09.08.1996 00:00;;;;;;;;;;;;;;1.6;3.8;5.8;13.7;;;;;;;;;;;;;;;;315;;
PRE;10.08.1996 00:00;;;;;;;;;;;;;;2.2;17;7.9;61.2;;;;;;;;;;;;;;;;270;;
PRE;11.08.1996 00:00;;;;;;;;;;;;;;4;14.8;14.4;53.3;;;;;;;;;;;;;;;;238;;
PRE;12.08.1996 00:00;;;;;;;;;;;;;;4.2;13.3;15.1;47.9;;;;;;;;;;;;;;;;237;;
PRE;13.08.1996 00:00;;;;;;;;;;;;;;4.2;15.2;15.1;54.7;;;;;;;;;;;;;;;;242;;
PRE;14.08.1996 00:00;;;;;;;;;;;;;;2.7;8.3;9.7;29.9;;;;;;;;;;;;;;;;264;;
PRE;15.08.1996 00:00;;;;;;;;;;;;;;3.3;9.1;11.9;32.8;;;;;;;;;;;;;;;;21;;
PRE;16.08.1996 00:00;;;;;;;;;;;;;;4.3;9.7;15.5;34.9;;;;;;;;;;;;;;;;16;;
PRE;17.08.1996 00:00;;;;;;;;;;;;;;3.5;8.2;12.6;29.5;;;;;;;;;;;;;;;;22;;
PRE;18.08.1996 00:00;;;;;;;;;;;;;;5.1;11.7;18.4;42.1;;;;;;;;;;;;;;;;15;;
PRE;19.08.1996 00:00;;;;;;;;;;;;;;2.2;5.8;7.9;20.9;;;;;;;;;;;;;;;;34;;
PRE;20.08.1996 00:00;;;;;;;;;;;;;;2;12;7.2;43.2;;;;;;;;;;;;;;;;76;;
PRE;21.08.1996 00:00;;;;;;;;;;;;;;1.9;13.8;6.8;49.7;;;;;;;;;;;;;;;;225;;
PRE;22.08.1996 00:00;;;;;;;;;;;;;;2.3;7.8;8.3;28.1;;;;;;;;;;;;;;;;241;;
PRE;23.08.1996 00:00;;;;;;;;;;;;;;1.7;6.6;6.1;23.8;;;;;;;;;;;;;;;;270;;
PRE;24.08.1996 00:00;;;;;;;;;;;;;;1.8;8;6.5;28.8;;;;;;;;;;;;;;;;72;;
PRE;25.08.1996 00:00;;;;;;;;;;;;;;2.1;5.7;7.6;20.5;;;;;;;;;;;;;;;;225;;
PRE;26.08.1996 00:00;;;;;;;;;;;;;;2;8;7.2;28.8;;;;;;;;;;;;;;;;228;;
PRE;27.08.1996 00:00;;;;;;;;;;;;;;2.6;9.5;9.4;34.2;;;;;;;;;;;;;;;;267;;
PRE;28.08.1996 00:00;;;;;;;;;;;;;;3.7;11.2;13.3;40.3;;;;;;;;;;;;;;;;257;;
PRE;29.08.1996 00:00;;;;;;;;;;;;;;3.8;9.6;13.7;34.6;;;;;;;;;;;;;;;;245;;
PRE;30.08.1996 00:00;;;;;;;;;;;;;;2.2;8;7.9;28.8;;;;;;;;;;;;;;;;307;;
PRE;31.08.1996 00:00;;;;;;;;;;;;;;4.4;11;15.8;39.6;;;;;;;;;;;;;;;;17;;
PRE;01.09.1996 00:00;;;;;;;;;;;;;;6.5;14.7;23.4;52.9;;;;;;;;;;;;;;;;26;;
PRE;02.09.1996 00:00;;;;;;;;;;;;;;8.7;17.8;31.3;64.1;;;;;;;;;;;;;;;;27;;
PRE;03.09.1996 00:00;;;;;;;;;;;;;;5;11.8;18;42.5;;;;;;;;;;;;;;;;28;;
PRE;04.09.1996 00:00;;;;;;;;;;;;;;3.3;10.2;11.9;36.7;;;;;;;;;;;;;;;;28;;
PRE;05.09.1996 00:00;;;;;;;;;;;;;;4.2;12.1;15.1;43.6;;;;;;;;;;;;;;;;15;;
PRE;06.09.1996 00:00;;;;;;;;;;;;;;4;11.2;14.4;40.3;;;;;;;;;;;;;;;;38;;
PRE;07.09.1996 00:00;;;;;;;;;;;;;;7.6;17.3;27.4;62.3;;;;;;;;;;;;;;;;19;;
PRE;08.09.1996 00:00;;;;;;;;;;;;;;7.5;15.5;27;55.8;;;;;;;;;;;;;;;;26;;
PRE;09.09.1996 00:00;;;;;;;;;;;;;;5.4;12.2;19.4;43.9;;;;;;;;;;;;;;;;24;;
PRE;10.09.1996 00:00;;;;;;;;;;;;;;3.2;8.8;11.5;31.7;;;;;;;;;;;;;;;;25;;
PRE;11.09.1996 00:00;;;;;;;;;;;;;;1.9;5.3;6.8;19.1;;;;;;;;;;;;;;;;301;;
PRE;12.09.1996 00:00;;;;;;;;;;;;;;2;8.5;7.2;30.6;;;;;;;;;;;;;;;;259;;
PRE;13.09.1996 00:00;;;;;;;;;;;;;;1.8;8.8;6.5;31.7;;;;;;;;;;;;;;;;270;;
PRE;14.09.1996 00:00;;;;;;;;;;;;;;3.6;10.6;13;38.2;;;;;;;;;;;;;;;;26;;
PRE;15.09.1996 00:00;;;;;;;;;;;;;;4.8;10.6;17.3;38.2;;;;;;;;;;;;;;;;27;;
PRE;16.09.1996 00:00;;;;;;;;;;;;;;5.1;11.1;18.4;40;;;;;;;;;;;;;;;;16;;
PRE;17.09.1996 00:00;;;;;;;;;;;;;;4.6;9.6;16.6;34.6;;;;;;;;;;;;;;;;13;;
PRE;18.09.1996 00:00;;;;;;;;;;;;;;5.5;10.6;19.8;38.2;;;;;;;;;;;;;;;;10;;
PRE;19.09.1996 00:00;;;;;;;;;;;;;;4;10.7;14.4;38.5;;;;;;;;;;;;;;;;11;;
PRE;20.09.1996 00:00;;;;;;;;;;;;;;2.7;10.1;9.7;36.4;;;;;;;;;;;;;;;;246;;
PRE;21.09.1996 00:00;;;;;;;;;;;;;;2.7;7.3;9.7;26.3;;;;;;;;;;;;;;;;15;;
PRE;22.09.1996 00:00;;;;;;;;;;;;;;2.5;8.3;9;29.9;;;;;;;;;;;;;;;;16;;
PRE;23.09.1996 00:00;;;;;;;;;;;;;;1.3;4.8;4.7;17.3;;;;;;;;;;;;;;;;189;;
PRE;24.09.1996 00:00;;;;;;;;;;;;;;1.4;6.1;5;22;;;;;;;;;;;;;;;;297;;
PRE;25.09.1996 00:00;;;;;;;;;;;;;;1.6;5.8;5.8;20.9;;;;;;;;;;;;;;;;321;;
PRE;26.09.1996 00:00;;;;;;;;;;;;;;1.9;5;6.8;18;;;;;;;;;;;;;;;;297;;
PRE;27.09.1996 00:00;;;;;;;;;;;;;;3.8;14.2;13.7;51.1;;;;;;;;;;;;;;;;244;;
PRE;28.09.1996 00:00;;;;;;;;;;;;;;2;7.3;7.2;26.3;;;;;;;;;;;;;;;;14;;
PRE;29.09.1996 00:00;;;;;;;;;;;;;;1.5;4.6;5.4;16.6;;;;;;;;;;;;;;;;342;;
PRE;30.09.1996 00:00;;;;;;;;;;;;;;1.7;9.2;6.1;33.1;;;;;;;;;;;;;;;;252;;
PRE;01.10.1996 00:00;;;;;;;;;;;;;;4.1;21.1;14.8;76;;;;;;;;;;;;;;;;229;;
PRE;02.10.1996 00:00;;;;;;;;;;;;;;2.9;11;10.4;39.6;;;;;;;;;;;;;;;;12;;
PRE;03.10.1996 00:00;;;;;;;;;;;;;;5.7;15;20.5;54;;;;;;;;;;;;;;;;16;;
PRE;04.10.1996 00:00;;;;;;;;;;;;;;1.6;4.5;5.8;16.2;;;;;;;;;;;;;;;;292;;
PRE;05.10.1996 00:00;;;;;;;;;;;;;;2.3;7.6;8.3;27.4;;;;;;;;;;;;;;;;18;;
PRE;06.10.1996 00:00;;;;;;;;;;;;;;7.1;15.8;25.6;56.9;;;;;;;;;;;;;;;;25;;
PRE;07.10.1996 00:00;;;;;;;;;;;;;;4.8;11.7;17.3;42.1;;;;;;;;;;;;;;;;29;;
PRE;08.10.1996 00:00;;;;;;;;;;;;;;5.3;10.6;19.1;38.2;;;;;;;;;;;;;;;;16;;
PRE;09.10.1996 00:00;;;;;;;;;;;;;;3.3;10;11.9;36;;;;;;;;;;;;;;;;23;;
PRE;10.10.1996 00:00;;;;;;;;;;;;;;3.8;9.6;13.7;34.6;;;;;;;;;;;;;;;;24;;
PRE;11.10.1996 00:00;;;;;;;;;;;;;;1.8;6.7;6.5;24.1;;;;;;;;;;;;;;;;18;;
PRE;12.10.1996 00:00;;;;;;;;;;;;;;1.5;3.6;5.4;13;;;;;;;;;;;;;;;;333;;
PRE;13.10.1996 00:00;;;;;;;;;;;;;;1.6;5.1;5.8;18.4;;;;;;;;;;;;;;;;310;;
PRE;14.10.1996 00:00;;;;;;;;;;;;;;1.8;6.1;6.5;22;;;;;;;;;;;;;;;;238;;
PRE;15.10.1996 00:00;;;;;;;;;;;;;;2.8;10.5;10.1;37.8;;;;;;;;;;;;;;;;11;;
PRE;16.10.1996 00:00;;;;;;;;;;;;;;1.5;6;5.4;21.6;;;;;;;;;;;;;;;;198;;
PRE;17.10.1996 00:00;;;;;;;;;;;;;;1.8;7.3;6.5;26.3;;;;;;;;;;;;;;;;243;;
PRE;18.10.1996 00:00;;;;;;;;;;;;;;2.3;12.2;8.3;43.9;;;;;;;;;;;;;;;;248;;
PRE;19.10.1996 00:00;;;;;;;;;;;;;;3.7;9.6;13.3;34.6;;;;;;;;;;;;;;;;246;;
PRE;20.10.1996 00:00;;;;;;;;;;;;;;1.1;3.7;4;13.3;;;;;;;;;;;;;;;;292;;
PRE;21.10.1996 00:00;;;;;;;;;;;;;;2.4;9.6;8.6;34.6;;;;;;;;;;;;;;;;228;;
PRE;22.10.1996 00:00;;;;;;;;;;;;;;3.6;10.5;13;37.8;;;;;;;;;;;;;;;;17;;
PRE;23.10.1996 00:00;;;;;;;;;;;;;;4.4;9.6;15.8;34.6;;;;;;;;;;;;;;;;16;;
PRE;24.10.1996 00:00;;;;;;;;;;;;;;1.6;7.1;5.8;25.6;;;;;;;;;;;;;;;;326;;
PRE;25.10.1996 00:00;;;;;;;;;;;;;;1.3;5.1;4.7;18.4;;;;;;;;;;;;;;;;326;;
PRE;26.10.1996 00:00;;;;;;;;;;;;;;1.4;4.5;5;16.2;;;;;;;;;;;;;;;;344;;
PRE;27.10.1996 00:00;;;;;;;;;;;;;;1.7;9.5;6.1;34.2;;;;;;;;;;;;;;;;254;;
PRE;28.10.1996 00:00;;;;;;;;;;;;;;6.3;14.7;22.7;52.9;;;;;;;;;;;;;;;;238;;
PRE;29.10.1996 00:00;;;;;;;;;;;;;;7;18.8;25.2;67.7;;;;;;;;;;;;;;;;243;;
PRE;30.10.1996 00:00;;;;;;;;;;;;;;2.8;8.1;10.1;29.2;;;;;;;;;;;;;;;;12;;
PRE;31.10.1996 00:00;;;;;;;;;;;;;;1.8;7.3;6.5;26.3;;;;;;;;;;;;;;;;270;;
PRE;01.11.1996 00:00;;;;;;;;;;;;;;4.3;11.1;15.5;40;;;;;;;;;;;;;;;;250;;
PRE;02.11.1996 00:00;;;;;;;;;;;;;;1.6;4.5;5.8;16.2;;;;;;;;;;;;;;;;302;;
PRE;03.11.1996 00:00;;;;;;;;;;;;;;1.3;3.3;4.7;11.9;;;;;;;;;;;;;;;;323;;
PRE;04.11.1996 00:00;;;;;;;;;;;;;;3.9;14.8;14;53.3;;;;;;;;;;;;;;;;233;;
PRE;05.11.1996 00:00;;;;;;;;;;;;;;4.6;18.5;16.6;66.6;;;;;;;;;;;;;;;;240;;
PRE;06.11.1996 00:00;;;;;;;;;;;;;;4.6;11.7;16.6;42.1;;;;;;;;;;;;;;;;238;;
PRE;07.11.1996 00:00;;;;;;;;;;;;;;6.6;17.7;23.8;63.7;;;;;;;;;;;;;;;;247;;
PRE;08.11.1996 00:00;;;;;;;;;;;;;;2.8;7.5;10.1;27;;;;;;;;;;;;;;;;257;;
PRE;09.11.1996 00:00;;;;;;;;;;;;;;1.4;3.7;5;13.3;;;;;;;;;;;;;;;;315;;
PRE;10.11.1996 00:00;;;;;;;;;;;;;;1.3;6.1;4.7;22;;;;;;;;;;;;;;;;344;;
PRE;11.11.1996 00:00;;;;;;;;;;;;;;2.2;7.8;7.9;28.1;;;;;;;;;;;;;;;;344;;
PRE;12.11.1996 00:00;;;;;;;;;;;;;;1.8;7.1;6.5;25.6;;;;;;;;;;;;;;;;7;;
PRE;13.11.1996 00:00;;;;;;;;;;;;;;2.3;8;8.3;28.8;;;;;;;;;;;;;;;;279;;
PRE;14.11.1996 00:00;;;;;;;;;;;;;;7;16.2;25.2;58.3;;;;;;;;;;;;;;;;23;;
PRE;15.11.1996 00:00;;;;;;;;;;;;;;4.7;11.7;16.9;42.1;;;;;;;;;;;;;;;;9;;
PRE;16.11.1996 00:00;;;;;;;;;;;;;;4;8.7;14.4;31.3;;;;;;;;;;;;;;;;3;;
PRE;17.11.1996 00:00;;;;;;;;;;;;;;2.2;6.8;7.9;24.5;;;;;;;;;;;;;;;;357;;
PRE;18.11.1996 00:00;;;;;;;;;;;;;;5.5;15.6;19.8;56.2;;;;;;;;;;;;;;;;248;;
PRE;19.11.1996 00:00;;;;;;;;;;;;;;7.4;20.2;26.6;72.7;;;;;;;;;;;;;;;;246;;
PRE;20.11.1996 00:00;;;;;;;;;;;;;;9.5;23.3;34.2;83.9;;;;;;;;;;;;;;;;226;;
PRE;21.11.1996 00:00;;;;;;;;;;;;;;4.8;14.8;17.3;53.3;;;;;;;;;;;;;;;;247;;
PRE;22.11.1996 00:00;;;;;;;;;;;;;;4.6;10.5;16.6;37.8;;;;;;;;;;;;;;;;18;;
PRE;23.11.1996 00:00;;;;;;;;;;;;;;4.1;12.1;14.8;43.6;;;;;;;;;;;;;;;;250;;
PRE;24.11.1996 00:00;;;;;;;;;;;;;;1.8;7.2;6.5;25.9;;;;;;;;;;;;;;;;285;;
PRE;25.11.1996 00:00;;;;;;;;;;;;;;6.1;14.1;22;50.8;;;;;;;;;;;;;;;;248;;
PRE;26.11.1996 00:00;;;;;;;;;;;;;;3.7;10.8;13.3;38.9;;;;;;;;;;;;;;;;248;;
PRE;27.11.1996 00:00;;;;;;;;;;;;;;2.6;18.8;9.4;67.7;;;;;;;;;;;;;;;;252;;
PRE;28.11.1996 00:00;;;;;;;;;;;;;;3.7;17.7;13.3;63.7;;;;;;;;;;;;;;;;5;;
PRE;29.11.1996 00:00;;;;;;;;;;;;;;6.3;17.3;22.7;62.3;;;;;;;;;;;;;;;;250;;
PRE;30.11.1996 00:00;;;;;;;;;;;;;;4.1;13.1;14.8;47.2;;;;;;;;;;;;;;;;257;;
PRE;01.12.1996 00:00;;;;;;;;;;;;;;2.1;10.5;7.6;37.8;;;;;;;;;;;;;;;;293;;
PRE;02.12.1996 00:00;;;;;;;;;;;;;;4.1;12.6;14.8;45.4;;;;;;;;;;;;;;;;245;;
PRE;03.12.1996 00:00;;;;;;;;;;;;;;3.4;9.3;12.2;33.5;;;;;;;;;;;;;;;;233;;
PRE;04.12.1996 00:00;;;;;;;;;;;;;;2.4;9.5;8.6;34.2;;;;;;;;;;;;;;;;260;;
PRE;05.12.1996 00:00;;;;;;;;;;;;;;1.6;7;5.8;25.2;;;;;;;;;;;;;;;;328;;
PRE;06.12.1996 00:00;;;;;;;;;;;;;;1.7;6.3;6.1;22.7;;;;;;;;;;;;;;;;352;;
PRE;07.12.1996 00:00;;;;;;;;;;;;;;2;9.5;7.2;34.2;;;;;;;;;;;;;;;;352;;
PRE;08.12.1996 00:00;;;;;;;;;;;;;;4.6;8.7;16.6;31.3;;;;;;;;;;;;;;;;13;;
PRE;09.12.1996 00:00;;;;;;;;;;;;;;3.8;9.1;13.7;32.8;;;;;;;;;;;;;;;;11;;
PRE;10.12.1996 00:00;;;;;;;;;;;;;;2.5;9.3;9;33.5;;;;;;;;;;;;;;;;5;;
PRE;11.12.1996 00:00;;;;;;;;;;;;;;1.2;4.5;4.3;16.2;;;;;;;;;;;;;;;;306;;
PRE;12.12.1996 00:00;;;;;;;;;;;;;;1.1;5.1;4;18.4;;;;;;;;;;;;;;;;311;;
PRE;13.12.1996 00:00;;;;;;;;;;;;;;0.9;3.8;3.2;13.7;;;;;;;;;;;;;;;;352;;
PRE;14.12.1996 00:00;;;;;;;;;;;;;;3.2;11.2;11.5;40.3;;;;;;;;;;;;;;;;19;;
PRE;15.12.1996 00:00;;;;;;;;;;;;;;4;8.5;14.4;30.6;;;;;;;;;;;;;;;;10;;
PRE;16.12.1996 00:00;;;;;;;;;;;;;;2.3;7.3;8.3;26.3;;;;;;;;;;;;;;;;352;;
PRE;17.12.1996 00:00;;;;;;;;;;;;;;1;3.8;3.6;13.7;;;;;;;;;;;;;;;;194;;
PRE;18.12.1996 00:00;;;;;;;;;;;;;;1.1;3.2;4;11.5;;;;;;;;;;;;;;;;297;;
PRE;19.12.1996 00:00;;;;;;;;;;;;;;1;3.1;3.6;11.2;;;;;;;;;;;;;;;;301;;
PRE;20.12.1996 00:00;;;;;;;;;;;;;;0.9;4.8;3.2;17.3;;;;;;;;;;;;;;;;315;;
PRE;21.12.1996 00:00;;;;;;;;;;;;;;4.3;10.2;15.5;36.7;;;;;;;;;;;;;;;;24;;
PRE;22.12.1996 00:00;;;;;;;;;;;;;;5;10.2;18;36.7;;;;;;;;;;;;;;;;22;;
PRE;23.12.1996 00:00;;;;;;;;;;;;;;1.7;8.1;6.1;29.2;;;;;;;;;;;;;;;;333;;
PRE;24.12.1996 00:00;;;;;;;;;;;;;;5.7;14;20.5;50.4;;;;;;;;;;;;;;;;10;;
PRE;25.12.1996 00:00;;;;;;;;;;;;;;7.3;19.5;26.3;70.2;;;;;;;;;;;;;;;;21;;
PRE;26.12.1996 00:00;;;;;;;;;;;;;;10.6;21.6;38.2;77.8;;;;;;;;;;;;;;;;31;;
PRE;27.12.1996 00:00;;;;;;;;;;;;;;4.5;14.3;16.2;51.5;;;;;;;;;;;;;;;;11;;
PRE;28.12.1996 00:00;;;;;;;;;;;;;;6.2;14.7;22.3;52.9;;;;;;;;;;;;;;;;7;;
PRE;29.12.1996 00:00;;;;;;;;;;;;;;6.2;13.3;22.3;47.9;;;;;;;;;;;;;;;;10;;
PRE;30.12.1996 00:00;;;;;;;;;;;;;;3.3;8.8;11.9;31.7;;;;;;;;;;;;;;;;254;;
PRE;31.12.1996 00:00;;;;;;;;;;;;;;4.4;13.5;15.8;48.6;;;;;;;;;;;;;;;;11;;
PRE;01.01.1997 00:00;;;;;;;;;;;;;;4.8;11.7;17.3;42.1;;;;;;;;;;;;;;;;6;;
PRE;02.01.1997 00:00;;;;;;;;;;;;;;5.7;13.8;20.5;49.7;;;;;;;;;;;;;;;;16;;
PRE;03.01.1997 00:00;;;;;;;;;;;;;;5.2;13.7;18.7;49.3;;;;;;;;;;;;;;;;12;;
PRE;04.01.1997 00:00;;;;;;;;;;;;;;2.5;7.5;9;27;;;;;;;;;;;;;;;;2;;
PRE;05.01.1997 00:00;;;;;;;;;;;;;;2.5;8;9;28.8;;;;;;;;;;;;;;;;267;;
PRE;06.01.1997 00:00;;;;;;;;;;;;;;4.2;8.7;15.1;31.3;;;;;;;;;;;;;;;;13;;
PRE;07.01.1997 00:00;;;;;;;;;;;;;;3.6;8.3;13;29.9;;;;;;;;;;;;;;;;358;;
PRE;08.01.1997 00:00;;;;;;;;;;;;;;3.9;8.1;14;29.2;;;;;;;;;;;;;;;;2;;
PRE;09.01.1997 00:00;;;;;;;;;;;;;;2;8.8;7.2;31.7;;;;;;;;;;;;;;;;360;;
PRE;10.01.1997 00:00;;;;;;;;;;;;;;2.1;8.5;7.6;30.6;;;;;;;;;;;;;;;;360;;
PRE;11.01.1997 00:00;;;;;;;;;;;;;;5.2;11;18.7;39.6;;;;;;;;;;;;;;;;11;;
PRE;12.01.1997 00:00;;;;;;;;;;;;;;5.9;12.5;21.2;45;;;;;;;;;;;;;;;;18;;
PRE;13.01.1997 00:00;;;;;;;;;;;;;;3;7.1;10.8;25.6;;;;;;;;;;;;;;;;347;;
PRE;14.01.1997 00:00;;;;;;;;;;;;;;2;4.8;7.2;17.3;;;;;;;;;;;;;;;;336;;
PRE;15.01.1997 00:00;;;;;;;;;;;;;;1.4;4.2;5;15.1;;;;;;;;;;;;;;;;5;;
PRE;16.01.1997 00:00;;;;;;;;;;;;;;1.4;3.6;5;13;;;;;;;;;;;;;;;;315;;
PRE;17.01.1997 00:00;;;;;;;;;;;;;;1.6;4.5;5.8;16.2;;;;;;;;;;;;;;;;328;;
PRE;18.01.1997 00:00;;;;;;;;;;;;;;1.2;4.5;4.3;16.2;;;;;;;;;;;;;;;;343;;
PRE;19.01.1997 00:00;;;;;;;;;;;;;;1;3.8;3.6;13.7;;;;;;;;;;;;;;;;315;;
PRE;20.01.1997 00:00;;;;;;;;;;;;;;3.1;9.5;11.2;34.2;;;;;;;;;;;;;;;;14;;
PRE;21.01.1997 00:00;;;;;;;;;;;;;;5.3;11.7;19.1;42.1;;;;;;;;;;;;;;;;19;;
PRE;22.01.1997 00:00;;;;;;;;;;;;;;1.9;9.2;6.8;33.1;;;;;;;;;;;;;;;;360;;
PRE;23.01.1997 00:00;;;;;;;;;;;;;;0.7;4.3;2.5;15.5;;;;;;;;;;;;;;;;270;;
PRE;24.01.1997 00:00;;;;;;;;;;;;;;1.3;4;4.7;14.4;;;;;;;;;;;;;;;;342;;
PRE;25.01.1997 00:00;;;;;;;;;;;;;;2.8;7.5;10.1;27;;;;;;;;;;;;;;;;32;;
PRE;26.01.1997 00:00;;;;;;;;;;;;;;0.7;3.2;2.5;11.5;;;;;;;;;;;;;;;;34;;
PRE;27.01.1997 00:00;;;;;;;;;;;;;;0.8;3.1;2.9;11.2;;;;;;;;;;;;;;;;288;;
PRE;28.01.1997 00:00;;;;;;;;;;;;;;4.6;11.5;16.6;41.4;;;;;;;;;;;;;;;;20;;
PRE;29.01.1997 00:00;;;;;;;;;;;;;;4.2;8.6;15.1;31;;;;;;;;;;;;;;;;4;;
PRE;30.01.1997 00:00;;;;;;;;;;;;;;3.6;8;13;28.8;;;;;;;;;;;;;;;;2;;
PRE;31.01.1997 00:00;;;;;;;;;;;;;;4.5;10;16.2;36;;;;;;;;;;;;;;;;9;;
PRE;01.02.1997 00:00;;;;;;;;;;;;;;4.7;10;16.9;36;;;;;;;;;;;;;;;;9;;
PRE;02.02.1997 00:00;;;;;;;;;;;;;;1.5;5;5.4;18;;;;;;;;;;;;;;;;336;;
PRE;03.02.1997 00:00;;;;;;;;;;;;;;1.6;5.2;5.8;18.7;;;;;;;;;;;;;;;;360;;
PRE;04.02.1997 00:00;;;;;;;;;;;;;;1.3;5.2;4.7;18.7;;;;;;;;;;;;;;;;270;;
PRE;05.02.1997 00:00;;;;;;;;;;;;;;5.2;14.5;18.7;52.2;;;;;;;;;;;;;;;;249;;
PRE;06.02.1997 00:00;;;;;;;;;;;;;;3.9;11.1;14;40;;;;;;;;;;;;;;;;15;;
PRE;07.02.1997 00:00;;;;;;;;;;;;;;1.2;3.1;4.3;11.2;;;;;;;;;;;;;;;;297;;
PRE;08.02.1997 00:00;;;;;;;;;;;;;;1.1;3;4;10.8;;;;;;;;;;;;;;;;338;;
PRE;09.02.1997 00:00;;;;;;;;;;;;;;1.2;4.6;4.3;16.6;;;;;;;;;;;;;;;;321;;
PRE;10.02.1997 00:00;;;;;;;;;;;;;;1.5;9.3;5.4;33.5;;;;;;;;;;;;;;;;270;;
PRE;11.02.1997 00:00;;;;;;;;;;;;;;5.5;12.8;19.8;46.1;;;;;;;;;;;;;;;;239;;
PRE;12.02.1997 00:00;;;;;;;;;;;;;;5.6;11.1;20.2;40;;;;;;;;;;;;;;;;248;;
PRE;13.02.1997 00:00;;;;;;;;;;;;;;8.6;26.3;31;94.7;;;;;;;;;;;;;;;;240;;
PRE;14.02.1997 00:00;;;;;;;;;;;;;;6.1;14.3;22;51.5;;;;;;;;;;;;;;;;242;;
PRE;15.02.1997 00:00;;;;;;;;;;;;;;4.8;14;17.3;50.4;;;;;;;;;;;;;;;;337;;
PRE;16.02.1997 00:00;;;;;;;;;;;;;;3.8;11.7;13.7;42.1;;;;;;;;;;;;;;;;20;;
PRE;17.02.1997 00:00;;;;;;;;;;;;;;1.1;4.2;4;15.1;;;;;;;;;;;;;;;;45;;
PRE;18.02.1997 00:00;;;;;;;;;;;;;;6.3;18.3;22.7;65.9;;;;;;;;;;;;;;;;249;;
PRE;19.02.1997 00:00;;;;;;;;;;;;;;2.7;12.5;9.7;45;;;;;;;;;;;;;;;;237;;
PRE;20.02.1997 00:00;;;;;;;;;;;;;;4.2;12.2;15.1;43.9;;;;;;;;;;;;;;;;240;;
PRE;21.02.1997 00:00;;;;;;;;;;;;;;1.3;4;4.7;14.4;;;;;;;;;;;;;;;;45;;
PRE;22.02.1997 00:00;;;;;;;;;;;;;;1.7;6;6.1;21.6;;;;;;;;;;;;;;;;351;;
PRE;23.02.1997 00:00;;;;;;;;;;;;;;1.7;8.3;6.1;29.9;;;;;;;;;;;;;;;;207;;
PRE;24.02.1997 00:00;;;;;;;;;;;;;;6.9;15.7;24.8;56.5;;;;;;;;;;;;;;;;236;;
PRE;25.02.1997 00:00;;;;;;;;;;;;;;9;18.8;32.4;67.7;;;;;;;;;;;;;;;;243;;
PRE;26.02.1997 00:00;;;;;;;;;;;;;;8.1;26.3;29.2;94.7;;;;;;;;;;;;;;;;239;;
PRE;27.02.1997 00:00;;;;;;;;;;;;;;2.4;13.6;8.6;49;;;;;;;;;;;;;;;;217;;
PRE;28.02.1997 00:00;;;;;;;;;;;;;;1.6;5.2;5.8;18.7;;;;;;;;;;;;;;;;18;;
PRE;01.03.1997 00:00;;;;;;;;;;;;;;1;2.8;3.6;10.1;;;;;;;;;;;;;;;;360;;
PRE;02.03.1997 00:00;;;;;;;;;;;;;;1.1;3.1;4;11.2;;;;;;;;;;;;;;;;14;;
PRE;03.03.1997 00:00;;;;;;;;;;;;;;1;2.8;3.6;10.1;;;;;;;;;;;;;;;;360;;
PRE;04.03.1997 00:00;;;;;;;;;;;;;;1;3.1;3.6;11.2;;;;;;;;;;;;;;;;37;;
PRE;05.03.1997 00:00;;;;;;;;;;;;;;2.9;13.2;10.4;47.5;;;;;;;;;;;;;;;;274;;
PRE;06.03.1997 00:00;;;;;;;;;;;;;;3.8;11.2;13.7;40.3;;;;;;;;;;;;;;;;8;;
PRE;07.03.1997 00:00;;;;;;;;;;;;;;4.8;12.1;17.3;43.6;;;;;;;;;;;;;;;;20;;
PRE;08.03.1997 00:00;;;;;;;;;;;;;;2.1;9.5;7.6;34.2;;;;;;;;;;;;;;;;9;;
PRE;09.03.1997 00:00;;;;;;;;;;;;;;2.2;9.6;7.9;34.6;;;;;;;;;;;;;;;;17;;
PRE;10.03.1997 00:00;;;;;;;;;;;;;;0.9;2.8;3.2;10.1;;;;;;;;;;;;;;;;333;;
PRE;11.03.1997 00:00;;;;;;;;;;;;;;1.4;6.6;5;23.8;;;;;;;;;;;;;;;;90;;
PRE;12.03.1997 00:00;;;;;;;;;;;;;;1.5;4.2;5.4;15.1;;;;;;;;;;;;;;;;315;;
PRE;13.03.1997 00:00;;;;;;;;;;;;;;2.1;8.6;7.6;31;;;;;;;;;;;;;;;;13;;
PRE;14.03.1997 00:00;;;;;;;;;;;;;;1.9;10.1;6.8;36.4;;;;;;;;;;;;;;;;297;;
PRE;15.03.1997 00:00;;;;;;;;;;;;;;1.3;3.6;4.7;13;;;;;;;;;;;;;;;;34;;
PRE;16.03.1997 00:00;;;;;;;;;;;;;;1.7;5.1;6.1;18.4;;;;;;;;;;;;;;;;323;;
PRE;17.03.1997 00:00;;;;;;;;;;;;;;2.3;10.1;8.3;36.4;;;;;;;;;;;;;;;;14;;
PRE;18.03.1997 00:00;;;;;;;;;;;;;;3;18.7;10.8;67.3;;;;;;;;;;;;;;;;252;;
PRE;19.03.1997 00:00;;;;;;;;;;;;;;4.7;13.7;16.9;49.3;;;;;;;;;;;;;;;;238;;
PRE;20.03.1997 00:00;;;;;;;;;;;;;;2.9;8.8;10.4;31.7;;;;;;;;;;;;;;;;337;;
PRE;21.03.1997 00:00;;;;;;;;;;;;;;3.4;8.8;12.2;31.7;;;;;;;;;;;;;;;;23;;
PRE;22.03.1997 00:00;;;;;;;;;;;;;;5.6;11.7;20.2;42.1;;;;;;;;;;;;;;;;13;;
PRE;23.03.1997 00:00;;;;;;;;;;;;;;2.9;17.1;10.4;61.6;;;;;;;;;;;;;;;;276;;
PRE;24.03.1997 00:00;;;;;;;;;;;;;;2.4;7.6;8.6;27.4;;;;;;;;;;;;;;;;360;;
PRE;25.03.1997 00:00;;;;;;;;;;;;;;2;6.2;7.2;22.3;;;;;;;;;;;;;;;;21;;
PRE;26.03.1997 00:00;;;;;;;;;;;;;;2.8;7.2;10.1;25.9;;;;;;;;;;;;;;;;20;;
PRE;27.03.1997 00:00;;;;;;;;;;;;;;1.1;4.1;4;14.8;;;;;;;;;;;;;;;;180;;
PRE;28.03.1997 00:00;;;;;;;;;;;;;;4.4;13.7;15.8;49.3;;;;;;;;;;;;;;;;308;;
PRE;29.03.1997 00:00;;;;;;;;;;;;;;2.7;7.8;9.7;28.1;;;;;;;;;;;;;;;;19;;
PRE;30.03.1997 00:00;;;;;;;;;;;;;;8.2;19.3;29.5;69.5;;;;;;;;;;;;;;;;21;;
PRE;31.03.1997 00:00;;;;;;;;;;;;;;5.1;15.7;18.4;56.5;;;;;;;;;;;;;;;;22;;
PRE;01.04.1997 00:00;;;;;;;;;;;;;;4;12.1;14.4;43.6;;;;;;;;;;;;;;;;28;;
PRE;02.04.1997 00:00;;;;;;;;;;;;;;2.8;12.8;10.1;46.1;;;;;;;;;;;;;;;;42;;
PRE;03.04.1997 00:00;;;;;;;;;;;;;;2;9.1;7.2;32.8;;;;;;;;;;;;;;;;292;;
PRE;04.04.1997 00:00;;;;;;;;;;;;;;4.5;12.7;16.2;45.7;;;;;;;;;;;;;;;;3;;
PRE;05.04.1997 00:00;;;;;;;;;;;;;;2.9;8.1;10.4;29.2;;;;;;;;;;;;;;;;354;;
PRE;06.04.1997 00:00;;;;;;;;;;;;;;3.9;17;14;61.2;;;;;;;;;;;;;;;;16;;
PRE;07.04.1997 00:00;;;;;;;;;;;;;;8.6;17.3;31;62.3;;;;;;;;;;;;;;;;20;;
PRE;08.04.1997 00:00;;;;;;;;;;;;;;3.8;10.8;13.7;38.9;;;;;;;;;;;;;;;;18;;
PRE;09.04.1997 00:00;;;;;;;;;;;;;;1.9;7.5;6.8;27;;;;;;;;;;;;;;;;31;;
PRE;10.04.1997 00:00;;;;;;;;;;;;;;2.1;6.7;7.6;24.1;;;;;;;;;;;;;;;;6;;
PRE;11.04.1997 00:00;;;;;;;;;;;;;;2.5;15.6;9;56.2;;;;;;;;;;;;;;;;335;;
PRE;12.04.1997 00:00;;;;;;;;;;;;;;7.4;16.2;26.6;58.3;;;;;;;;;;;;;;;;27;;
PRE;13.04.1997 00:00;;;;;;;;;;;;;;5.2;12.7;18.7;45.7;;;;;;;;;;;;;;;;22;;
PRE;14.04.1997 00:00;;;;;;;;;;;;;;2.6;7.2;9.4;25.9;;;;;;;;;;;;;;;;20;;
PRE;15.04.1997 00:00;;;;;;;;;;;;;;4;12.3;14.4;44.3;;;;;;;;;;;;;;;;15;;
PRE;16.04.1997 00:00;;;;;;;;;;;;;;6.9;13.8;24.8;49.7;;;;;;;;;;;;;;;;25;;
PRE;17.04.1997 00:00;;;;;;;;;;;;;;8.5;17.5;30.6;63;;;;;;;;;;;;;;;;16;;
PRE;18.04.1997 00:00;;;;;;;;;;;;;;2.7;10;9.7;36;;;;;;;;;;;;;;;;22;;
PRE;19.04.1997 00:00;;;;;;;;;;;;;;1.8;9.8;6.5;35.3;;;;;;;;;;;;;;;;333;;
PRE;20.04.1997 00:00;;;;;;;;;;;;;;6.5;18.8;23.4;67.7;;;;;;;;;;;;;;;;26;;
PRE;21.04.1997 00:00;;;;;;;;;;;;;;10.1;20.6;36.4;74.2;;;;;;;;;;;;;;;;26;;
PRE;22.04.1997 00:00;;;;;;;;;;;;;;7.3;19.2;26.3;69.1;;;;;;;;;;;;;;;;32;;
PRE;23.04.1997 00:00;;;;;;;;;;;;;;3.7;11;13.3;39.6;;;;;;;;;;;;;;;;18;;
PRE;24.04.1997 00:00;;;;;;;;;;;;;;1.5;4.7;5.4;16.9;;;;;;;;;;;;;;;;270;;
PRE;25.04.1997 00:00;;;;;;;;;;;;;;2.9;9.8;10.4;35.3;;;;;;;;;;;;;;;;223;;
PRE;26.04.1997 00:00;;;;;;;;;;;;;;2.8;10.8;10.1;38.9;;;;;;;;;;;;;;;;237;;
PRE;27.04.1997 00:00;;;;;;;;;;;;;;4.5;11.2;16.2;40.3;;;;;;;;;;;;;;;;237;;
PRE;28.04.1997 00:00;;;;;;;;;;;;;;4.6;12.5;16.6;45;;;;;;;;;;;;;;;;237;;
PRE;29.04.1997 00:00;;;;;;;;;;;;;;3.8;10.7;13.7;38.5;;;;;;;;;;;;;;;;232;;
PRE;30.04.1997 00:00;;;;;;;;;;;;;;3.1;12.6;11.2;45.4;;;;;;;;;;;;;;;;23;;
PRE;01.05.1997 00:00;;;;;;;;;;;;;;7.1;17.2;25.6;61.9;;;;;;;;;;;;;;;;20;;
PRE;02.05.1997 00:00;;;;;;;;;;;;;;1.7;8.1;6.1;29.2;;;;;;;;;;;;;;;;27;;
PRE;03.05.1997 00:00;;;;;;;;;;;;;;1.6;4.6;5.8;16.6;;;;;;;;;;;;;;;;243;;
PRE;04.05.1997 00:00;;;;;;;;;;;;;;1.6;6.6;5.8;23.8;;;;;;;;;;;;;;;;117;;
PRE;05.05.1997 00:00;;;;;;;;;;;;;;4.8;17.8;17.3;64.1;;;;;;;;;;;;;;;;233;;
PRE;06.05.1997 00:00;;;;;;;;;;;;;;5.9;16.8;21.2;60.5;;;;;;;;;;;;;;;;233;;
PRE;07.05.1997 00:00;;;;;;;;;;;;;;3.6;10.5;13;37.8;;;;;;;;;;;;;;;;239;;
PRE;08.05.1997 00:00;;;;;;;;;;;;;;3.7;12.7;13.3;45.7;;;;;;;;;;;;;;;;223;;
PRE;09.05.1997 00:00;;;;;;;;;;;;;;5.4;21.2;19.4;76.3;;;;;;;;;;;;;;;;240;;
PRE;10.05.1997 00:00;;;;;;;;;;;;;;3.3;14.7;11.9;52.9;;;;;;;;;;;;;;;;236;;
PRE;11.05.1997 00:00;;;;;;;;;;;;;;1.9;10.1;6.8;36.4;;;;;;;;;;;;;;;;254;;
PRE;12.05.1997 00:00;;;;;;;;;;;;;;1.1;7;4;25.2;;;;;;;;;;;;;;;;0;;
PRE;13.05.1997 00:00;;;;;;;;;;;;;;1.2;6;4.3;21.6;;;;;;;;;;;;;;;;225;;
PRE;14.05.1997 00:00;;;;;;;;;;;;;;2.1;8.3;7.6;29.9;;;;;;;;;;;;;;;;346;;
PRE;15.05.1997 00:00;;;;;;;;;;;;;;3.8;9.6;13.7;34.6;;;;;;;;;;;;;;;;4;;
PRE;16.05.1997 00:00;;;;;;;;;;;;;;2.2;11;7.9;39.6;;;;;;;;;;;;;;;;270;;
PRE;17.05.1997 00:00;;;;;;;;;;;;;;2;11.5;7.2;41.4;;;;;;;;;;;;;;;;239;;
PRE;18.05.1997 00:00;;;;;;;;;;;;;;2.6;8.8;9.4;31.7;;;;;;;;;;;;;;;;27;;
PRE;19.05.1997 00:00;;;;;;;;;;;;;;1.7;7.5;6.1;27;;;;;;;;;;;;;;;;180;;
PRE;20.05.1997 00:00;;;;;;;;;;;;;;3.2;11;11.5;39.6;;;;;;;;;;;;;;;;236;;
PRE;21.05.1997 00:00;;;;;;;;;;;;;;4.5;13.5;16.2;48.6;;;;;;;;;;;;;;;;239;;
PRE;22.05.1997 00:00;;;;;;;;;;;;;;2.1;6.5;7.6;23.4;;;;;;;;;;;;;;;;262;;
PRE;23.05.1997 00:00;;;;;;;;;;;;;;1.8;6.6;6.5;23.8;;;;;;;;;;;;;;;;27;;
PRE;24.05.1997 00:00;;;;;;;;;;;;;;4.4;10.2;15.8;36.7;;;;;;;;;;;;;;;;10;;
PRE;25.05.1997 00:00;;;;;;;;;;;;;;3.2;11.5;11.5;41.4;;;;;;;;;;;;;;;;3;;
PRE;26.05.1997 00:00;;;;;;;;;;;;;;1.8;6.6;6.5;23.8;;;;;;;;;;;;;;;;360;;
PRE;27.05.1997 00:00;;;;;;;;;;;;;;2.6;8.7;9.4;31.3;;;;;;;;;;;;;;;;12;;
PRE;28.05.1997 00:00;;;;;;;;;;;;;;8.1;17.1;29.2;61.6;;;;;;;;;;;;;;;;20;;
PRE;29.05.1997 00:00;;;;;;;;;;;;;;4.3;14.1;15.5;50.8;;;;;;;;;;;;;;;;21;;
PRE;30.05.1997 00:00;;;;;;;;;;;;;;6.6;15;23.8;54;;;;;;;;;;;;;;;;20;;
PRE;31.05.1997 00:00;;;;;;;;;;;;;;7.1;14.7;25.6;52.9;;;;;;;;;;;;;;;;16;;
PRE;01.06.1997 00:00;;;;;;;;;;;;;;4.9;12.2;17.6;43.9;;;;;;;;;;;;;;;;15;;
PRE;02.06.1997 00:00;;;;;;;;;;;;;;1.2;4;4.3;14.4;;;;;;;;;;;;;;;;225;;
PRE;03.06.1997 00:00;;;;;;;;;;;;;;1.1;6.5;4;23.4;;;;;;;;;;;;;;;;0;;
PRE;04.06.1997 00:00;;;;;;;;;;;;;;1.7;6.7;6.1;24.1;;;;;;;;;;;;;;;;333;;
PRE;05.06.1997 00:00;;;;;;;;;;;;;;2.1;7.1;7.6;25.6;;;;;;;;;;;;;;;;360;;
PRE;06.06.1997 00:00;;;;;;;;;;;;;;1.5;4.5;5.4;16.2;;;;;;;;;;;;;;;;207;;
PRE;07.06.1997 00:00;;;;;;;;;;;;;;1.5;16;5.4;57.6;;;;;;;;;;;;;;;;207;;
PRE;08.06.1997 00:00;;;;;;;;;;;;;;2.3;13;8.3;46.8;;;;;;;;;;;;;;;;233;;
PRE;09.06.1997 00:00;;;;;;;;;;;;;;1.9;6.7;6.8;24.1;;;;;;;;;;;;;;;;349;;
PRE;10.06.1997 00:00;;;;;;;;;;;;;;1.4;4.3;5;15.5;;;;;;;;;;;;;;;;284;;
PRE;11.06.1997 00:00;;;;;;;;;;;;;;1.6;10.7;5.8;38.5;;;;;;;;;;;;;;;;243;;
PRE;12.06.1997 00:00;;;;;;;;;;;;;;2.7;13.8;9.7;49.7;;;;;;;;;;;;;;;;15;;
PRE;13.06.1997 00:00;;;;;;;;;;;;;;1.9;12.8;6.8;46.1;;;;;;;;;;;;;;;;221;;
PRE;14.06.1997 00:00;;;;;;;;;;;;;;2.8;14.5;10.1;52.2;;;;;;;;;;;;;;;;237;;
PRE;15.06.1997 00:00;;;;;;;;;;;;;;2.1;6.1;7.6;22;;;;;;;;;;;;;;;;360;;
PRE;16.06.1997 00:00;;;;;;;;;;;;;;2.2;8.1;7.9;29.2;;;;;;;;;;;;;;;;360;;
PRE;17.06.1997 00:00;;;;;;;;;;;;;;3.7;9;13.3;32.4;;;;;;;;;;;;;;;;239;;
PRE;18.06.1997 00:00;;;;;;;;;;;;;;2.5;9.6;9;34.6;;;;;;;;;;;;;;;;9;;
PRE;19.06.1997 00:00;;;;;;;;;;;;;;3;9.3;10.8;33.5;;;;;;;;;;;;;;;;6;;
PRE;20.06.1997 00:00;;;;;;;;;;;;;;4;10.2;14.4;36.7;;;;;;;;;;;;;;;;233;;
PRE;21.06.1997 00:00;;;;;;;;;;;;;;3;9.8;10.8;35.3;;;;;;;;;;;;;;;;240;;
PRE;22.06.1997 00:00;;;;;;;;;;;;;;4.7;11.8;16.9;42.5;;;;;;;;;;;;;;;;233;;
PRE;23.06.1997 00:00;;;;;;;;;;;;;;4.3;11.1;15.5;40;;;;;;;;;;;;;;;;237;;
PRE;24.06.1997 00:00;;;;;;;;;;;;;;3.4;10.1;12.2;36.4;;;;;;;;;;;;;;;;244;;
PRE;25.06.1997 00:00;;;;;;;;;;;;;;1.8;8.1;6.5;29.2;;;;;;;;;;;;;;;;252;;
PRE;26.06.1997 00:00;;;;;;;;;;;;;;5.6;15.6;20.2;56.2;;;;;;;;;;;;;;;;241;;
PRE;27.06.1997 00:00;;;;;;;;;;;;;;4.5;13.3;16.2;47.9;;;;;;;;;;;;;;;;228;;
PRE;28.06.1997 00:00;;;;;;;;;;;;;;1.7;6.5;6.1;23.4;;;;;;;;;;;;;;;;27;;
PRE;29.06.1997 00:00;;;;;;;;;;;;;;2.3;9.5;8.3;34.2;;;;;;;;;;;;;;;;323;;
PRE;30.06.1997 00:00;;;;;;;;;;;;;;5.5;13.3;19.8;47.9;;;;;;;;;;;;;;;;234;;
PRE;01.07.1997 00:00;;;;;;;;;;;;;;4.3;12.3;15.5;44.3;;;;;;;;;;;;;;;;233;;
PRE;02.07.1997 00:00;;;;;;;;;;;;;;1.6;7.6;5.8;27.4;;;;;;;;;;;;;;;;252;;
PRE;03.07.1997 00:00;;;;;;;;;;;;;;1.8;7.3;6.5;26.3;;;;;;;;;;;;;;;;233;;
PRE;04.07.1997 00:00;;;;;;;;;;;;;;1.6;5.5;5.8;19.8;;;;;;;;;;;;;;;;360;;
PRE;05.07.1997 00:00;;;;;;;;;;;;;;2.1;6.3;7.6;22.7;;;;;;;;;;;;;;;;248;;
PRE;06.07.1997 00:00;;;;;;;;;;;;;;1.6;6.2;5.8;22.3;;;;;;;;;;;;;;;;58;;
PRE;07.07.1997 00:00;;;;;;;;;;;;;;5.7;15.6;20.5;56.2;;;;;;;;;;;;;;;;24;;
PRE;08.07.1997 00:00;;;;;;;;;;;;;;7.7;15.3;27.7;55.1;;;;;;;;;;;;;;;;18;;
PRE;09.07.1997 00:00;;;;;;;;;;;;;;3.7;10.2;13.3;36.7;;;;;;;;;;;;;;;;16;;
PRE;10.07.1997 00:00;;;;;;;;;;;;;;2.2;7.1;7.9;25.6;;;;;;;;;;;;;;;;360;;
PRE;11.07.1997 00:00;;;;;;;;;;;;;;1.7;6;6.1;21.6;;;;;;;;;;;;;;;;27;;
PRE;12.07.1997 00:00;;;;;;;;;;;;;;2;6.7;7.2;24.1;;;;;;;;;;;;;;;;6;;
PRE;13.07.1997 00:00;;;;;;;;;;;;;;1.7;6.3;6.1;22.7;;;;;;;;;;;;;;;;360;;
PRE;14.07.1997 00:00;;;;;;;;;;;;;;2.1;16.8;7.6;60.5;;;;;;;;;;;;;;;;329;;
PRE;15.07.1997 00:00;;;;;;;;;;;;;;1.9;6.3;6.8;22.7;;;;;;;;;;;;;;;;31;;
PRE;16.07.1997 00:00;;;;;;;;;;;;;;2;6.8;7.2;24.5;;;;;;;;;;;;;;;;14;;
PRE;17.07.1997 00:00;;;;;;;;;;;;;;2.4;9.8;8.6;35.3;;;;;;;;;;;;;;;;326;;
PRE;18.07.1997 00:00;;;;;;;;;;;;;;2.8;11.2;10.1;40.3;;;;;;;;;;;;;;;;239;;
PRE;19.07.1997 00:00;;;;;;;;;;;;;;2.2;6.8;7.9;24.5;;;;;;;;;;;;;;;;243;;
PRE;20.07.1997 00:00;;;;;;;;;;;;;;2.6;11.2;9.4;40.3;;;;;;;;;;;;;;;;14;;
PRE;21.07.1997 00:00;;;;;;;;;;;;;;3.5;11;12.6;39.6;;;;;;;;;;;;;;;;27;;
PRE;22.07.1997 00:00;;;;;;;;;;;;;;2.2;7.1;7.9;25.6;;;;;;;;;;;;;;;;30;;
PRE;23.07.1997 00:00;;;;;;;;;;;;;;1.8;7.6;6.5;27.4;;;;;;;;;;;;;;;;354;;
PRE;24.07.1997 00:00;;;;;;;;;;;;;;1.7;5.8;6.1;20.9;;;;;;;;;;;;;;;;207;;
PRE;25.07.1997 00:00;;;;;;;;;;;;;;4.2;12.5;15.1;45;;;;;;;;;;;;;;;;236;;
PRE;26.07.1997 00:00;;;;;;;;;;;;;;3;10.8;10.8;38.9;;;;;;;;;;;;;;;;238;;
PRE;27.07.1997 00:00;;;;;;;;;;;;;;1.7;4.3;6.1;15.5;;;;;;;;;;;;;;;;270;;
PRE;28.07.1997 00:00;;;;;;;;;;;;;;3;8.2;10.8;29.5;;;;;;;;;;;;;;;;4;;
PRE;29.07.1997 00:00;;;;;;;;;;;;;;2.2;7;7.9;25.2;;;;;;;;;;;;;;;;352;;
PRE;30.07.1997 00:00;;;;;;;;;;;;;;1.6;4.8;5.8;17.3;;;;;;;;;;;;;;;;315;;
PRE;31.07.1997 00:00;;;;;;;;;;;;;;2.8;11.5;10.1;41.4;;;;;;;;;;;;;;;;279;;
PRE;01.08.1997 00:00;;;;;;;;;;;;;;1.7;5.8;6.1;20.9;;;;;;;;;;;;;;;;14;;
PRE;02.08.1997 00:00;;;;;;;;;;;;;;2;8.6;7.2;31;;;;;;;;;;;;;;;;24;;
PRE;03.08.1997 00:00;;;;;;;;;;;;;;3.1;8.3;11.2;29.9;;;;;;;;;;;;;;;;7;;
PRE;04.08.1997 00:00;;;;;;;;;;;;;;1.2;4.1;4.3;14.8;;;;;;;;;;;;;;;;284;;
PRE;05.08.1997 00:00;;;;;;;;;;;;;;2.3;17.8;8.3;64.1;;;;;;;;;;;;;;;;270;;
PRE;06.08.1997 00:00;;;;;;;;;;;;;;1.8;8.5;6.5;30.6;;;;;;;;;;;;;;;;45;;
PRE;07.08.1997 00:00;;;;;;;;;;;;;;2.1;8.3;7.6;29.9;;;;;;;;;;;;;;;;55;;
PRE;08.08.1997 00:00;;;;;;;;;;;;;;1.7;9.1;6.1;32.8;;;;;;;;;;;;;;;;40;;
PRE;09.08.1997 00:00;;;;;;;;;;;;;;3.6;9.7;13;34.9;;;;;;;;;;;;;;;;15;;
PRE;10.08.1997 00:00;;;;;;;;;;;;;;3.4;8.3;12.2;29.9;;;;;;;;;;;;;;;;19;;
PRE;11.08.1997 00:00;;;;;;;;;;;;;;3.8;10.8;13.7;38.9;;;;;;;;;;;;;;;;300;;
PRE;12.08.1997 00:00;;;;;;;;;;;;;;1.9;5.6;6.8;20.2;;;;;;;;;;;;;;;;256;;
PRE;13.08.1997 00:00;;;;;;;;;;;;;;2;16.5;7.2;59.4;;;;;;;;;;;;;;;;326;;
PRE;14.08.1997 00:00;;;;;;;;;;;;;;1.7;4.2;6.1;15.1;;;;;;;;;;;;;;;;360;;
PRE;15.08.1997 00:00;;;;;;;;;;;;;;1.9;5.7;6.8;20.5;;;;;;;;;;;;;;;;14;;
PRE;16.08.1997 00:00;;;;;;;;;;;;;;2.1;7.2;7.6;25.9;;;;;;;;;;;;;;;;21;;
PRE;17.08.1997 00:00;;;;;;;;;;;;;;1.9;5.3;6.8;19.1;;;;;;;;;;;;;;;;315;;
PRE;18.08.1997 00:00;;;;;;;;;;;;;;2.5;8.2;9;29.5;;;;;;;;;;;;;;;;6;;
PRE;19.08.1997 00:00;;;;;;;;;;;;;;2;5.3;7.2;19.1;;;;;;;;;;;;;;;;346;;
PRE;20.08.1997 00:00;;;;;;;;;;;;;;1.7;5.1;6.1;18.4;;;;;;;;;;;;;;;;281;;
PRE;21.08.1997 00:00;;;;;;;;;;;;;;1.8;5;6.5;18;;;;;;;;;;;;;;;;270;;
PRE;22.08.1997 00:00;;;;;;;;;;;;;;1.9;6.1;6.8;22;;;;;;;;;;;;;;;;349;;
PRE;23.08.1997 00:00;;;;;;;;;;;;;;1.6;4;5.8;14.4;;;;;;;;;;;;;;;;263;;
PRE;24.08.1997 00:00;;;;;;;;;;;;;;1.8;3.8;6.5;13.7;;;;;;;;;;;;;;;;270;;
PRE;25.08.1997 00:00;;;;;;;;;;;;;;2;12;7.2;43.2;;;;;;;;;;;;;;;;315;;
PRE;26.08.1997 00:00;;;;;;;;;;;;;;1.8;8.2;6.5;29.5;;;;;;;;;;;;;;;;262;;
PRE;27.08.1997 00:00;;;;;;;;;;;;;;2.2;7;7.9;25.2;;;;;;;;;;;;;;;;329;;
PRE;28.08.1997 00:00;;;;;;;;;;;;;;5.4;15;19.4;54;;;;;;;;;;;;;;;;233;;
PRE;29.08.1997 00:00;;;;;;;;;;;;;;3.7;13.3;13.3;47.9;;;;;;;;;;;;;;;;240;;
PRE;30.08.1997 00:00;;;;;;;;;;;;;;2.9;13.1;10.4;47.2;;;;;;;;;;;;;;;;249;;
PRE;31.08.1997 00:00;;;;;;;;;;;;;;1.8;5.5;6.5;19.8;;;;;;;;;;;;;;;;315;;
PRE;01.09.1997 00:00;;;;;;;;;;;;;;2.2;11.6;7.9;41.8;;;;;;;;;;;;;;;;247;;
PRE;02.09.1997 00:00;;;;;;;;;;;;;;1.5;5.5;5.4;19.8;;;;;;;;;;;;;;;;333;;
PRE;03.09.1997 00:00;;;;;;;;;;;;;;1.7;5.5;6.1;19.8;;;;;;;;;;;;;;;;349;;
PRE;04.09.1997 00:00;;;;;;;;;;;;;;1.2;3.8;4.3;13.7;;;;;;;;;;;;;;;;360;;
PRE;05.09.1997 00:00;;;;;;;;;;;;;;1.4;3.8;5;13.7;;;;;;;;;;;;;;;;333;;
PRE;06.09.1997 00:00;;;;;;;;;;;;;;2.4;8;8.6;28.8;;;;;;;;;;;;;;;;22;;
PRE;07.09.1997 00:00;;;;;;;;;;;;;;3.4;9.8;12.2;35.3;;;;;;;;;;;;;;;;31;;
PRE;08.09.1997 00:00;;;;;;;;;;;;;;3.3;10.8;11.9;38.9;;;;;;;;;;;;;;;;13;;
PRE;09.09.1997 00:00;;;;;;;;;;;;;;2.1;7.2;7.6;25.9;;;;;;;;;;;;;;;;347;;
PRE;10.09.1997 00:00;;;;;;;;;;;;;;6.2;13.6;22.3;49;;;;;;;;;;;;;;;;24;;
PRE;11.09.1997 00:00;;;;;;;;;;;;;;2.6;9.3;9.4;33.5;;;;;;;;;;;;;;;;16;;
PRE;12.09.1997 00:00;;;;;;;;;;;;;;4.9;17.8;17.6;64.1;;;;;;;;;;;;;;;;229;;
PRE;13.09.1997 00:00;;;;;;;;;;;;;;2.9;8.8;10.4;31.7;;;;;;;;;;;;;;;;302;;
PRE;14.09.1997 00:00;;;;;;;;;;;;;;6.5;14.7;23.4;52.9;;;;;;;;;;;;;;;;22;;
PRE;15.09.1997 00:00;;;;;;;;;;;;;;3.7;10.7;13.3;38.5;;;;;;;;;;;;;;;;16;;
PRE;16.09.1997 00:00;;;;;;;;;;;;;;1.4;3.7;5;13.3;;;;;;;;;;;;;;;;297;;
PRE;17.09.1997 00:00;;;;;;;;;;;;;;1.6;5.8;5.8;20.9;;;;;;;;;;;;;;;;307;;
PRE;18.09.1997 00:00;;;;;;;;;;;;;;1.3;3.3;4.7;11.9;;;;;;;;;;;;;;;;297;;
PRE;19.09.1997 00:00;;;;;;;;;;;;;;2.7;9.8;9.7;35.3;;;;;;;;;;;;;;;;18;;
PRE;20.09.1997 00:00;;;;;;;;;;;;;;5.3;10.6;19.1;38.2;;;;;;;;;;;;;;;;27;;
PRE;21.09.1997 00:00;;;;;;;;;;;;;;2.5;7.1;9;25.6;;;;;;;;;;;;;;;;4;;
PRE;22.09.1997 00:00;;;;;;;;;;;;;;2.5;7.3;9;26.3;;;;;;;;;;;;;;;;16;;
PRE;23.09.1997 00:00;;;;;;;;;;;;;;3.1;8.3;11.2;29.9;;;;;;;;;;;;;;;;21;;
PRE;24.09.1997 00:00;;;;;;;;;;;;;;3.9;9.5;14;34.2;;;;;;;;;;;;;;;;31;;
PRE;25.09.1997 00:00;;;;;;;;;;;;;;3.8;10;13.7;36;;;;;;;;;;;;;;;;19;;
PRE;26.09.1997 00:00;;;;;;;;;;;;;;3.8;9.5;13.7;34.2;;;;;;;;;;;;;;;;11;;
PRE;27.09.1997 00:00;;;;;;;;;;;;;;1.9;5.5;6.8;19.8;;;;;;;;;;;;;;;;323;;
PRE;28.09.1997 00:00;;;;;;;;;;;;;;1.5;5;5.4;18;;;;;;;;;;;;;;;;333;;
PRE;29.09.1997 00:00;;;;;;;;;;;;;;1.5;4.6;5.4;16.6;;;;;;;;;;;;;;;;293;;
PRE;30.09.1997 00:00;;;;;;;;;;;;;;1.3;4.5;4.7;16.2;;;;;;;;;;;;;;;;315;;
PRE;01.10.1997 00:00;;;;;;;;;;;;;;1.3;3.8;4.7;13.7;;;;;;;;;;;;;;;;333;;
PRE;02.10.1997 00:00;;;;;;;;;;;;;;1.9;6.3;6.8;22.7;;;;;;;;;;;;;;;;329;;
PRE;03.10.1997 00:00;;;;;;;;;;;;;;4.2;10.2;15.1;36.7;;;;;;;;;;;;;;;;19;;
PRE;04.10.1997 00:00;;;;;;;;;;;;;;2.2;6.1;7.9;22;;;;;;;;;;;;;;;;360;;
PRE;05.10.1997 00:00;;;;;;;;;;;;;;1.6;3.7;5.8;13.3;;;;;;;;;;;;;;;;333;;
PRE;06.10.1997 00:00;;;;;;;;;;;;;;1.3;3.5;4.7;12.6;;;;;;;;;;;;;;;;292;;
PRE;07.10.1997 00:00;;;;;;;;;;;;;;4.2;12.7;15.1;45.7;;;;;;;;;;;;;;;;238;;
PRE;08.10.1997 00:00;;;;;;;;;;;;;;2.2;9.1;7.9;32.8;;;;;;;;;;;;;;;;240;;
PRE;09.10.1997 00:00;;;;;;;;;;;;;;4.6;13.2;16.6;47.5;;;;;;;;;;;;;;;;242;;
PRE;10.10.1997 00:00;;;;;;;;;;;;;;5.8;14.8;20.9;53.3;;;;;;;;;;;;;;;;250;;
PRE;11.10.1997 00:00;;;;;;;;;;;;;;5.9;16.6;21.2;59.8;;;;;;;;;;;;;;;;247;;
PRE;12.10.1997 00:00;;;;;;;;;;;;;;6.3;23;22.7;82.8;;;;;;;;;;;;;;;;249;;
PRE;13.10.1997 00:00;;;;;;;;;;;;;;2.1;12;7.6;43.2;;;;;;;;;;;;;;;;311;;
PRE;14.10.1997 00:00;;;;;;;;;;;;;;3.1;9.2;11.2;33.1;;;;;;;;;;;;;;;;13;;
PRE;15.10.1997 00:00;;;;;;;;;;;;;;3.7;10;13.3;36;;;;;;;;;;;;;;;;245;;
PRE;16.10.1997 00:00;;;;;;;;;;;;;;2.6;6.8;9.4;24.5;;;;;;;;;;;;;;;;239;;
PRE;17.10.1997 00:00;;;;;;;;;;;;;;1.5;4.6;5.4;16.6;;;;;;;;;;;;;;;;342;;
PRE;18.10.1997 00:00;;;;;;;;;;;;;;1.5;6.1;5.4;22;;;;;;;;;;;;;;;;333;;
PRE;19.10.1997 00:00;;;;;;;;;;;;;;1.6;7.2;5.8;25.9;;;;;;;;;;;;;;;;322;;
PRE;20.10.1997 00:00;;;;;;;;;;;;;;1.5;7.1;5.4;25.6;;;;;;;;;;;;;;;;349;;
PRE;21.10.1997 00:00;;;;;;;;;;;;;;4.8;10.8;17.3;38.9;;;;;;;;;;;;;;;;18;;
PRE;22.10.1997 00:00;;;;;;;;;;;;;;2.8;9.2;10.1;33.1;;;;;;;;;;;;;;;;11;;
PRE;23.10.1997 00:00;;;;;;;;;;;;;;3.6;9;13;32.4;;;;;;;;;;;;;;;;8;;
PRE;24.10.1997 00:00;;;;;;;;;;;;;;7;15.5;25.2;55.8;;;;;;;;;;;;;;;;27;;
PRE;25.10.1997 00:00;;;;;;;;;;;;;;5.4;12.2;19.4;43.9;;;;;;;;;;;;;;;;12;;
PRE;26.10.1997 00:00;;;;;;;;;;;;;;4.2;9.8;15.1;35.3;;;;;;;;;;;;;;;;18;;
PRE;27.10.1997 00:00;;;;;;;;;;;;;;7;17.1;25.2;61.6;;;;;;;;;;;;;;;;30;;
PRE;28.10.1997 00:00;;;;;;;;;;;;;;8.4;16.8;30.2;60.5;;;;;;;;;;;;;;;;24;;
PRE;29.10.1997 00:00;;;;;;;;;;;;;;5.4;14.6;19.4;52.6;;;;;;;;;;;;;;;;32;;
PRE;30.10.1997 00:00;;;;;;;;;;;;;;4.7;10.2;16.9;36.7;;;;;;;;;;;;;;;;11;;
PRE;31.10.1997 00:00;;;;;;;;;;;;;;1.8;4.8;6.5;17.3;;;;;;;;;;;;;;;;350;;
PRE;01.11.1997 00:00;;;;;;;;;;;;;;2.2;6.5;7.9;23.4;;;;;;;;;;;;;;;;354;;
PRE;02.11.1997 00:00;;;;;;;;;;;;;;1.3;4.3;4.7;15.5;;;;;;;;;;;;;;;;333;;
PRE;03.11.1997 00:00;;;;;;;;;;;;;;2.1;8;7.6;28.8;;;;;;;;;;;;;;;;7;;
PRE;04.11.1997 00:00;;;;;;;;;;;;;;2.7;8.1;9.7;29.2;;;;;;;;;;;;;;;;7;;
PRE;05.11.1997 00:00;;;;;;;;;;;;;;1.2;5.3;4.3;19.1;;;;;;;;;;;;;;;;281;;
PRE;06.11.1997 00:00;;;;;;;;;;;;;;1.9;17.5;6.8;63;;;;;;;;;;;;;;;;276;;
PRE;07.11.1997 00:00;;;;;;;;;;;;;;4.1;20;14.8;72;;;;;;;;;;;;;;;;233;;
PRE;08.11.1997 00:00;;;;;;;;;;;;;;2.9;10.1;10.4;36.4;;;;;;;;;;;;;;;;241;;
PRE;09.11.1997 00:00;;;;;;;;;;;;;;5.3;21.7;19.1;78.1;;;;;;;;;;;;;;;;225;;
PRE;10.11.1997 00:00;;;;;;;;;;;;;;5.6;19;20.2;68.4;;;;;;;;;;;;;;;;240;;
PRE;11.11.1997 00:00;;;;;;;;;;;;;;2.3;10.6;8.3;38.2;;;;;;;;;;;;;;;;322;;
PRE;12.11.1997 00:00;;;;;;;;;;;;;;3.7;9.2;13.3;33.1;;;;;;;;;;;;;;;;255;;
PRE;13.11.1997 00:00;;;;;;;;;;;;;;1.5;4.2;5.4;15.1;;;;;;;;;;;;;;;;311;;
PRE;14.11.1997 00:00;;;;;;;;;;;;;;2.8;7.2;10.1;25.9;;;;;;;;;;;;;;;;9;;
PRE;15.11.1997 00:00;;;;;;;;;;;;;;2.1;8.1;7.6;29.2;;;;;;;;;;;;;;;;349;;
PRE;16.11.1997 00:00;;;;;;;;;;;;;;1.2;5.8;4.3;20.9;;;;;;;;;;;;;;;;14;;
PRE;17.11.1997 00:00;;;;;;;;;;;;;;3.6;8.5;13;30.6;;;;;;;;;;;;;;;;20;;
PRE;18.11.1997 00:00;;;;;;;;;;;;;;1.8;5.1;6.5;18.4;;;;;;;;;;;;;;;;12;;
PRE;19.11.1997 00:00;;;;;;;;;;;;;;2.5;7.1;9;25.6;;;;;;;;;;;;;;;;12;;
PRE;20.11.1997 00:00;;;;;;;;;;;;;;3.1;10.2;11.2;36.7;;;;;;;;;;;;;;;;239;;
PRE;21.11.1997 00:00;;;;;;;;;;;;;;2.1;5.7;7.6;20.5;;;;;;;;;;;;;;;;360;;
PRE;22.11.1997 00:00;;;;;;;;;;;;;;4.4;10.3;15.8;37.1;;;;;;;;;;;;;;;;27;;
PRE;23.11.1997 00:00;;;;;;;;;;;;;;3.9;9.2;14;33.1;;;;;;;;;;;;;;;;14;;
PRE;24.11.1997 00:00;;;;;;;;;;;;;;3;7.3;10.8;26.3;;;;;;;;;;;;;;;;12;;
PRE;25.11.1997 00:00;;;;;;;;;;;;;;2.6;7.5;9.4;27;;;;;;;;;;;;;;;;7;;
PRE;26.11.1997 00:00;;;;;;;;;;;;;;3.8;8.5;13.7;30.6;;;;;;;;;;;;;;;;2;;
PRE;27.11.1997 00:00;;;;;;;;;;;;;;1.7;6.5;6.1;23.4;;;;;;;;;;;;;;;;360;;
PRE;28.11.1997 00:00;;;;;;;;;;;;;;1.5;8.3;5.4;29.9;;;;;;;;;;;;;;;;360;;
PRE;29.11.1997 00:00;;;;;;;;;;;;;;2;6.8;7.2;24.5;;;;;;;;;;;;;;;;360;;
PRE;30.11.1997 00:00;;;;;;;;;;;;;;3.1;8.8;11.2;31.7;;;;;;;;;;;;;;;;360;;
PRE;01.12.1997 00:00;;;;;;;;;;;;;;2.2;8.1;7.9;29.2;;;;;;;;;;;;;;;;360;;
PRE;02.12.1997 00:00;;;;;;;;;;;;;;4.2;15.1;15.1;54.4;;;;;;;;;;;;;;;;1;;
PRE;03.12.1997 00:00;;;;;;;;;;;;;;2.5;9.5;9;34.2;;;;;;;;;;;;;;;;3;;
PRE;04.12.1997 00:00;;;;;;;;;;;;;;4.6;9.2;16.6;33.1;;;;;;;;;;;;;;;;9;;
PRE;05.12.1997 00:00;;;;;;;;;;;;;;4.3;9.7;15.5;34.9;;;;;;;;;;;;;;;;10;;
PRE;06.12.1997 00:00;;;;;;;;;;;;;;4.3;9.8;15.5;35.3;;;;;;;;;;;;;;;;20;;
PRE;07.12.1997 00:00;;;;;;;;;;;;;;2.7;8.2;9.7;29.5;;;;;;;;;;;;;;;;18;;
PRE;08.12.1997 00:00;;;;;;;;;;;;;;1.1;3;4;10.8;;;;;;;;;;;;;;;;360;;
PRE;09.12.1997 00:00;;;;;;;;;;;;;;1.4;5.2;5;18.7;;;;;;;;;;;;;;;;360;;
PRE;10.12.1997 00:00;;;;;;;;;;;;;;4.4;13;15.8;46.8;;;;;;;;;;;;;;;;360;;
PRE;11.12.1997 00:00;;;;;;;;;;;;;;5.5;12.2;19.8;43.9;;;;;;;;;;;;;;;;1;;
PRE;12.12.1997 00:00;;;;;;;;;;;;;;4.9;18.6;17.6;67;;;;;;;;;;;;;;;;360;;
PRE;13.12.1997 00:00;;;;;;;;;;;;;;4.2;11;15.1;39.6;;;;;;;;;;;;;;;;3;;
PRE;14.12.1997 00:00;;;;;;;;;;;;;;2.8;10.1;10.1;36.4;;;;;;;;;;;;;;;;5;;
PRE;15.12.1997 00:00;;;;;;;;;;;;;;7.4;17;26.6;61.2;;;;;;;;;;;;;;;;3;;
PRE;16.12.1997 00:00;;;;;;;;;;;;;;7.5;17.3;27;62.3;;;;;;;;;;;;;;;;7;;
PRE;17.12.1997 00:00;;;;;;;;;;;;;;3.2;16.2;11.5;58.3;;;;;;;;;;;;;;;;347;;
PRE;18.12.1997 00:00;;;;;;;;;;;;;;1.2;6.8;4.3;24.5;;;;;;;;;;;;;;;;304;;
PRE;19.12.1997 00:00;;;;;;;;;;;;;;1.5;8.3;5.4;29.9;;;;;;;;;;;;;;;;321;;
PRE;20.12.1997 00:00;;;;;;;;;;;;;;3.9;10;14;36;;;;;;;;;;;;;;;;239;;
PRE;21.12.1997 00:00;;;;;;;;;;;;;;3.4;9.2;12.2;33.1;;;;;;;;;;;;;;;;235;;
PRE;22.12.1997 00:00;;;;;;;;;;;;;;2.8;9.8;10.1;35.3;;;;;;;;;;;;;;;;259;;
PRE;23.12.1997 00:00;;;;;;;;;;;;;;0.9;3.1;3.2;11.2;;;;;;;;;;;;;;;;248;;
PRE;24.12.1997 00:00;;;;;;;;;;;;;;1.2;5.1;4.3;18.4;;;;;;;;;;;;;;;;210;;
PRE;25.12.1997 00:00;;;;;;;;;;;;;;2;12.2;7.2;43.9;;;;;;;;;;;;;;;;205;;
PRE;26.12.1997 00:00;;;;;;;;;;;;;;5.7;18.8;20.5;67.7;;;;;;;;;;;;;;;;240;;
PRE;27.12.1997 00:00;;;;;;;;;;;;;;4.1;9.3;14.8;33.5;;;;;;;;;;;;;;;;253;;
PRE;28.12.1997 00:00;;;;;;;;;;;;;;3.2;8.6;11.5;31;;;;;;;;;;;;;;;;265;;
PRE;29.12.1997 00:00;;;;;;;;;;;;;;1.6;4.2;5.8;15.1;;;;;;;;;;;;;;;;293;;
PRE;30.12.1997 00:00;;;;;;;;;;;;;;1.5;4.6;5.4;16.6;;;;;;;;;;;;;;;;297;;
PRE;31.12.1997 00:00;;;;;;;;;;;;;;1.2;3.7;4.3;13.3;;;;;;;;;;;;;;;;310;;
PRE;01.01.1998 00:00;;;;;;;;;;;;;;1.2;5.2;4.3;18.7;;;;;;;;;;;;;;;;252;;
PRE;02.01.1998 00:00;;;;;;;;;;;;;;6.8;18;24.5;64.8;;;;;;;;;;;;;;;;238;;
PRE;03.01.1998 00:00;;;;;;;;;;;;;;7.7;22.1;27.7;79.6;;;;;;;;;;;;;;;;261;;
PRE;04.01.1998 00:00;;;;;;;;;;;;;;6.4;23.2;23;83.5;;;;;;;;;;;;;;;;244;;
PRE;05.01.1998 00:00;;;;;;;;;;;;;;8.5;29.2;30.6;105.1;;;;;;;;;;;;;;;;235;;
PRE;06.01.1998 00:00;;;;;;;;;;;;;;6.4;21.3;23;76.7;;;;;;;;;;;;;;;;234;;
PRE;07.01.1998 00:00;;;;;;;;;;;;;;1.5;6.6;5.4;23.8;;;;;;;;;;;;;;;;189;;
PRE;08.01.1998 00:00;;;;;;;;;;;;;;1.6;7.2;5.8;25.9;;;;;;;;;;;;;;;;34;;
PRE;09.01.1998 00:00;;;;;;;;;;;;;;1.6;4.6;5.8;16.6;;;;;;;;;;;;;;;;349;;
PRE;10.01.1998 00:00;;;;;;;;;;;;;;1.1;2.7;4;9.7;;;;;;;;;;;;;;;;310;;
PRE;11.01.1998 00:00;;;;;;;;;;;;;;1.1;2.7;4;9.7;;;;;;;;;;;;;;;;310;;
PRE;12.01.1998 00:00;;;;;;;;;;;;;;1;3.1;3.6;11.2;;;;;;;;;;;;;;;;323;;
PRE;13.01.1998 00:00;;;;;;;;;;;;;;0.9;3.3;3.2;11.9;;;;;;;;;;;;;;;;315;;
PRE;14.01.1998 00:00;;;;;;;;;;;;;;3.1;8.1;11.2;29.2;;;;;;;;;;;;;;;;246;;
PRE;15.01.1998 00:00;;;;;;;;;;;;;;1.6;8.3;5.8;29.9;;;;;;;;;;;;;;;;246;;
PRE;16.01.1998 00:00;;;;;;;;;;;;;;5.4;12.3;19.4;44.3;;;;;;;;;;;;;;;;245;;
PRE;17.01.1998 00:00;;;;;;;;;;;;;;2.3;8;8.3;28.8;;;;;;;;;;;;;;;;13;;
PRE;18.01.1998 00:00;;;;;;;;;;;;;;5.3;24.8;19.1;89.3;;;;;;;;;;;;;;;;243;;
PRE;19.01.1998 00:00;;;;;;;;;;;;;;7.9;20.7;28.4;74.5;;;;;;;;;;;;;;;;237;;
PRE;20.01.1998 00:00;;;;;;;;;;;;;;3.1;18.6;11.2;67;;;;;;;;;;;;;;;;279;;
PRE;21.01.1998 00:00;;;;;;;;;;;;;;7.5;20;27;72;;;;;;;;;;;;;;;;31;;
PRE;22.01.1998 00:00;;;;;;;;;;;;;;7.8;16.2;28.1;58.3;;;;;;;;;;;;;;;;30;;
PRE;23.01.1998 00:00;;;;;;;;;;;;;;4;10.3;14.4;37.1;;;;;;;;;;;;;;;;29;;
PRE;24.01.1998 00:00;;;;;;;;;;;;;;4;13.2;14.4;47.5;;;;;;;;;;;;;;;;20;;
PRE;25.01.1998 00:00;;;;;;;;;;;;;;6.2;15.1;22.3;54.4;;;;;;;;;;;;;;;;25;;
PRE;26.01.1998 00:00;;;;;;;;;;;;;;3.8;8.8;13.7;31.7;;;;;;;;;;;;;;;;13;;
PRE;27.01.1998 00:00;;;;;;;;;;;;;;3;8.7;10.8;31.3;;;;;;;;;;;;;;;;4;;
PRE;28.01.1998 00:00;;;;;;;;;;;;;;2.5;6.2;9;22.3;;;;;;;;;;;;;;;;2;;
PRE;29.01.1998 00:00;;;;;;;;;;;;;;4.2;10.5;15.1;37.8;;;;;;;;;;;;;;;;28;;
PRE;30.01.1998 00:00;;;;;;;;;;;;;;1.9;6.6;6.8;23.8;;;;;;;;;;;;;;;;351;;
PRE;31.01.1998 00:00;;;;;;;;;;;;;;4.9;12.2;17.6;43.9;;;;;;;;;;;;;;;;20;;
PRE;01.02.1998 00:00;;;;;;;;;;;;;;2.8;7.6;10.1;27.4;;;;;;;;;;;;;;;;358;;
PRE;02.02.1998 00:00;;;;;;;;;;;;;;1.4;4;5;14.4;;;;;;;;;;;;;;;;333;;
PRE;03.02.1998 00:00;;;;;;;;;;;;;;5.6;13.6;20.2;49;;;;;;;;;;;;;;;;17;;
PRE;04.02.1998 00:00;;;;;;;;;;;;;;4.6;11.7;16.6;42.1;;;;;;;;;;;;;;;;18;;
PRE;05.02.1998 00:00;;;;;;;;;;;;;;4.7;10.8;16.9;38.9;;;;;;;;;;;;;;;;32;;
PRE;06.02.1998 00:00;;;;;;;;;;;;;;2.2;6.5;7.9;23.4;;;;;;;;;;;;;;;;17;;
PRE;07.02.1998 00:00;;;;;;;;;;;;;;1.4;4.8;5;17.3;;;;;;;;;;;;;;;;301;;
PRE;08.02.1998 00:00;;;;;;;;;;;;;;4.3;11.6;15.5;41.8;;;;;;;;;;;;;;;;13;;
PRE;09.02.1998 00:00;;;;;;;;;;;;;;1.2;4;4.3;14.4;;;;;;;;;;;;;;;;329;;
PRE;10.02.1998 00:00;;;;;;;;;;;;;;1.2;3.1;4.3;11.2;;;;;;;;;;;;;;;;321;;
PRE;11.02.1998 00:00;;;;;;;;;;;;;;1.1;2.8;4;10.1;;;;;;;;;;;;;;;;329;;
PRE;12.02.1998 00:00;;;;;;;;;;;;;;1.1;3.2;4;11.5;;;;;;;;;;;;;;;;329;;
PRE;13.02.1998 00:00;;;;;;;;;;;;;;1;3.7;3.6;13.3;;;;;;;;;;;;;;;;315;;
PRE;14.02.1998 00:00;;;;;;;;;;;;;;0.8;2.6;2.9;9.4;;;;;;;;;;;;;;;;360;;
PRE;15.02.1998 00:00;;;;;;;;;;;;;;1.2;4.6;4.3;16.6;;;;;;;;;;;;;;;;34;;
PRE;16.02.1998 00:00;;;;;;;;;;;;;;1.8;10.6;6.5;38.2;;;;;;;;;;;;;;;;256;;
PRE;17.02.1998 00:00;;;;;;;;;;;;;;4.4;11.2;15.8;40.3;;;;;;;;;;;;;;;;19;;
PRE;18.02.1998 00:00;;;;;;;;;;;;;;2.4;9.3;8.6;33.5;;;;;;;;;;;;;;;;10;;
PRE;19.02.1998 00:00;;;;;;;;;;;;;;1;5.3;3.6;19.1;;;;;;;;;;;;;;;;360;;
PRE;20.02.1998 00:00;;;;;;;;;;;;;;1.2;3;4.3;10.8;;;;;;;;;;;;;;;;270;;
PRE;21.02.1998 00:00;;;;;;;;;;;;;;2.5;14.2;9;51.1;;;;;;;;;;;;;;;;217;;
PRE;22.02.1998 00:00;;;;;;;;;;;;;;4;11.5;14.4;41.4;;;;;;;;;;;;;;;;232;;
PRE;23.02.1998 00:00;;;;;;;;;;;;;;5.7;16;20.5;57.6;;;;;;;;;;;;;;;;24;;
PRE;24.02.1998 00:00;;;;;;;;;;;;;;7.2;15.2;25.9;54.7;;;;;;;;;;;;;;;;20;;
PRE;25.02.1998 00:00;;;;;;;;;;;;;;6.1;15.2;22;54.7;;;;;;;;;;;;;;;;25;;
PRE;26.02.1998 00:00;;;;;;;;;;;;;;1.5;5.8;5.4;20.9;;;;;;;;;;;;;;;;51;;
PRE;27.02.1998 00:00;;;;;;;;;;;;;;2.1;10.2;7.6;36.7;;;;;;;;;;;;;;;;248;;
PRE;28.02.1998 00:00;;;;;;;;;;;;;;4.8;14;17.3;50.4;;;;;;;;;;;;;;;;239;;
PRE;01.03.1998 00:00;;;;;;;;;;;;;;4.8;11.8;17.3;42.5;;;;;;;;;;;;;;;;243;;
PRE;02.03.1998 00:00;;;;;;;;;;;;;;1.6;5.6;5.8;20.2;;;;;;;;;;;;;;;;248;;
PRE;04.03.1998 00:00;;;;;;;;;;;;;;7.3;18.3;26.3;65.9;;;;;;;;;;;;;;;;236;;
PRE;05.03.1998 00:00;;;;;;;;;;;;;;5.4;16.6;19.4;59.8;;;;;;;;;;;;;;;;245;;
PRE;06.03.1998 00:00;;;;;;;;;;;;;;4.5;13;16.2;46.8;;;;;;;;;;;;;;;;238;;
PRE;07.03.1998 00:00;;;;;;;;;;;;;;7.8;18.3;28.1;65.9;;;;;;;;;;;;;;;;243;;
PRE;08.03.1998 00:00;;;;;;;;;;;;;;4.6;17.1;16.6;61.6;;;;;;;;;;;;;;;;240;;
PRE;09.03.1998 00:00;;;;;;;;;;;;;;5.6;20.3;20.2;73.1;;;;;;;;;;;;;;;;28;;
PRE;10.03.1998 00:00;;;;;;;;;;;;;;6.2;14;22.3;50.4;;;;;;;;;;;;;;;;14;;
PRE;11.03.1998 00:00;;;;;;;;;;;;;;1.9;11.8;6.8;42.5;;;;;;;;;;;;;;;;270;;
PRE;12.03.1998 00:00;;;;;;;;;;;;;;1.7;9.6;6.1;34.6;;;;;;;;;;;;;;;;29;;
PRE;13.03.1998 00:00;;;;;;;;;;;;;;4.6;11.5;16.6;41.4;;;;;;;;;;;;;;;;20;;
PRE;14.03.1998 00:00;;;;;;;;;;;;;;4.4;11.7;15.8;42.1;;;;;;;;;;;;;;;;22;;
PRE;15.03.1998 00:00;;;;;;;;;;;;;;5;14.6;18;52.6;;;;;;;;;;;;;;;;36;;
PRE;16.03.1998 00:00;;;;;;;;;;;;;;5.9;13.3;21.2;47.9;;;;;;;;;;;;;;;;18;;
PRE;17.03.1998 00:00;;;;;;;;;;;;;;4.5;9.6;16.2;34.6;;;;;;;;;;;;;;;;23;;
PRE;18.03.1998 00:00;;;;;;;;;;;;;;5.1;12;18.4;43.2;;;;;;;;;;;;;;;;18;;
PRE;19.03.1998 00:00;;;;;;;;;;;;;;4.5;13.1;16.2;47.2;;;;;;;;;;;;;;;;25;;
PRE;20.03.1998 00:00;;;;;;;;;;;;;;6.4;13.5;23;48.6;;;;;;;;;;;;;;;;25;;
PRE;21.03.1998 00:00;;;;;;;;;;;;;;7.2;14.7;25.9;52.9;;;;;;;;;;;;;;;;19;;
PRE;22.03.1998 00:00;;;;;;;;;;;;;;6.5;14.5;23.4;52.2;;;;;;;;;;;;;;;;23;;
PRE;23.03.1998 00:00;;;;;;;;;;;;;;2.6;10;9.4;36;;;;;;;;;;;;;;;;274;;
PRE;24.03.1998 00:00;;;;;;;;;;;;;;7.2;17.2;25.9;61.9;;;;;;;;;;;;;;;;33;;
PRE;25.03.1998 00:00;;;;;;;;;;;;;;6.6;15.5;23.8;55.8;;;;;;;;;;;;;;;;28;;
PRE;26.03.1998 00:00;;;;;;;;;;;;;;1.8;6.6;6.5;23.8;;;;;;;;;;;;;;;;360;;
PRE;27.03.1998 00:00;;;;;;;;;;;;;;1.4;6.8;5;24.5;;;;;;;;;;;;;;;;18;;
PRE;28.03.1998 00:00;;;;;;;;;;;;;;1.5;5.8;5.4;20.9;;;;;;;;;;;;;;;;333;;
PRE;29.03.1998 00:00;;;;;;;;;;;;;;1.3;3.8;4.7;13.7;;;;;;;;;;;;;;;;304;;
PRE;30.03.1998 00:00;;;;;;;;;;;;;;1.1;3.8;4;13.7;;;;;;;;;;;;;;;;236;;
PRE;31.03.1998 00:00;;;;;;;;;;;;;;1.8;6.5;6.5;23.4;;;;;;;;;;;;;;;;270;;
PRE;01.04.1998 00:00;;;;;;;;;;;;;;3.2;11.1;11.5;40;;;;;;;;;;;;;;;;231;;
PRE;02.04.1998 00:00;;;;;;;;;;;;;;3.5;16;12.6;57.6;;;;;;;;;;;;;;;;236;;
PRE;03.04.1998 00:00;;;;;;;;;;;;;;4.2;16.3;15.1;58.7;;;;;;;;;;;;;;;;234;;
PRE;04.04.1998 00:00;;;;;;;;;;;;;;3.6;18;13;64.8;;;;;;;;;;;;;;;;237;;
PRE;05.04.1998 00:00;;;;;;;;;;;;;;2.2;16.7;7.9;60.1;;;;;;;;;;;;;;;;240;;
PRE;06.04.1998 00:00;;;;;;;;;;;;;;5.8;14.7;20.9;52.9;;;;;;;;;;;;;;;;239;;
PRE;07.04.1998 00:00;;;;;;;;;;;;;;3.5;14.5;12.6;52.2;;;;;;;;;;;;;;;;226;;
PRE;08.04.1998 00:00;;;;;;;;;;;;;;3.7;11.2;13.3;40.3;;;;;;;;;;;;;;;;245;;
PRE;10.04.1998 00:00;;;;;;;;;;;;;;2.1;;7.6;;;;;;;;;;;;;;;;;247;;
PRE;11.04.1998 00:00;;;;;;;;;;;;;;3;13;10.8;46.8;;;;;;;;;;;;;;;;227;;
PRE;12.04.1998 00:00;;;;;;;;;;;;;;5;11.5;18;41.4;;;;;;;;;;;;;;;;237;;
PRE;13.04.1998 00:00;;;;;;;;;;;;;;3.7;13.1;13.3;47.2;;;;;;;;;;;;;;;;235;;
PRE;14.04.1998 00:00;;;;;;;;;;;;;;2.2;6.3;7.9;22.7;;;;;;;;;;;;;;;;225;;
PRE;15.04.1998 00:00;;;;;;;;;;;;;;2.9;14.6;10.4;52.6;;;;;;;;;;;;;;;;234;;
PRE;16.04.1998 00:00;;;;;;;;;;;;;;4.5;12.6;16.2;45.4;;;;;;;;;;;;;;;;229;;
PRE;17.04.1998 00:00;;;;;;;;;;;;;;6.4;19.7;23;70.9;;;;;;;;;;;;;;;;233;;
PRE;18.04.1998 00:00;;;;;;;;;;;;;;6.2;17.7;22.3;63.7;;;;;;;;;;;;;;;;233;;
PRE;19.04.1998 00:00;;;;;;;;;;;;;;3;8.1;10.8;29.2;;;;;;;;;;;;;;;;250;;
PRE;20.04.1998 00:00;;;;;;;;;;;;;;1.7;5;6.1;18;;;;;;;;;;;;;;;;270;;
PRE;21.04.1998 00:00;;;;;;;;;;;;;;1.9;6.6;6.8;23.8;;;;;;;;;;;;;;;;79;;
PRE;22.04.1998 00:00;;;;;;;;;;;;;;1.5;5.2;5.4;18.7;;;;;;;;;;;;;;;;315;;
PRE;23.04.1998 00:00;;;;;;;;;;;;;;1.8;9.2;6.5;33.1;;;;;;;;;;;;;;;;270;;
PRE;24.04.1998 00:00;;;;;;;;;;;;;;2.9;10.1;10.4;36.4;;;;;;;;;;;;;;;;252;;
PRE;25.04.1998 00:00;;;;;;;;;;;;;;1.5;4.6;5.4;16.6;;;;;;;;;;;;;;;;360;;
PRE;26.04.1998 00:00;;;;;;;;;;;;;;2.2;9.7;7.9;34.9;;;;;;;;;;;;;;;;240;;
PRE;27.04.1998 00:00;;;;;;;;;;;;;;4.5;18.2;16.2;65.5;;;;;;;;;;;;;;;;237;;
PRE;28.04.1998 00:00;;;;;;;;;;;;;;1.3;6.1;4.7;22;;;;;;;;;;;;;;;;225;;
PRE;29.04.1998 00:00;;;;;;;;;;;;;;2.3;9.5;8.3;34.2;;;;;;;;;;;;;;;;27;;
PRE;30.04.1998 00:00;;;;;;;;;;;;;;4.6;10.3;16.6;37.1;;;;;;;;;;;;;;;;356;;
PRE;01.05.1998 00:00;;;;;;;;;;;;;;4.1;10.6;14.8;38.2;;;;;;;;;;;;;;;;237;;
PRE;02.05.1998 00:00;;;;;;;;;;;;;;2.8;8;10.1;28.8;;;;;;;;;;;;;;;;315;;
PRE;03.05.1998 00:00;;;;;;;;;;;;;;5.2;15.2;18.7;54.7;;;;;;;;;;;;;;;;15;;
PRE;04.05.1998 00:00;;;;;;;;;;;;;;8.6;20.5;31;73.8;;;;;;;;;;;;;;;;20;;
PRE;05.05.1998 00:00;;;;;;;;;;;;;;2.9;9.7;10.4;34.9;;;;;;;;;;;;;;;;27;;
PRE;06.05.1998 00:00;;;;;;;;;;;;;;1.9;6.7;6.8;24.1;;;;;;;;;;;;;;;;259;;
PRE;07.05.1998 00:00;;;;;;;;;;;;;;1.6;4.1;5.8;14.8;;;;;;;;;;;;;;;;27;;
PRE;08.05.1998 00:00;;;;;;;;;;;;;;1.6;5.8;5.8;20.9;;;;;;;;;;;;;;;;239;;
PRE;09.05.1998 00:00;;;;;;;;;;;;;;1.6;5.6;5.8;20.2;;;;;;;;;;;;;;;;27;;
PRE;10.05.1998 00:00;;;;;;;;;;;;;;1.3;4.2;4.7;15.1;;;;;;;;;;;;;;;;315;;
PRE;11.05.1998 00:00;;;;;;;;;;;;;;1.2;3.6;4.3;13;;;;;;;;;;;;;;;;284;;
PRE;12.05.1998 00:00;;;;;;;;;;;;;;1.6;4.7;5.8;16.9;;;;;;;;;;;;;;;;243;;
PRE;13.05.1998 00:00;;;;;;;;;;;;;;1.5;5.7;5.4;20.5;;;;;;;;;;;;;;;;259;;
PRE;14.05.1998 00:00;;;;;;;;;;;;;;3;14;10.8;50.4;;;;;;;;;;;;;;;;3;;
PRE;15.05.1998 00:00;;;;;;;;;;;;;;6.5;15.6;23.4;56.2;;;;;;;;;;;;;;;;12;;
PRE;16.05.1998 00:00;;;;;;;;;;;;;;6.5;13.6;23.4;49;;;;;;;;;;;;;;;;21;;
PRE;17.05.1998 00:00;;;;;;;;;;;;;;7.8;19;28.1;68.4;;;;;;;;;;;;;;;;23;;
PRE;18.05.1998 00:00;;;;;;;;;;;;;;8;16.2;28.8;58.3;;;;;;;;;;;;;;;;19;;
PRE;19.05.1998 00:00;;;;;;;;;;;;;;6.2;13.5;22.3;48.6;;;;;;;;;;;;;;;;16;;
PRE;20.05.1998 00:00;;;;;;;;;;;;;;2.8;8.1;10.1;29.2;;;;;;;;;;;;;;;;21;;
PRE;21.05.1998 00:00;;;;;;;;;;;;;;1.9;12.8;6.8;46.1;;;;;;;;;;;;;;;;349;;
PRE;22.05.1998 00:00;;;;;;;;;;;;;;3.5;10.2;12.6;36.7;;;;;;;;;;;;;;;;15;;
PRE;23.05.1998 00:00;;;;;;;;;;;;;;4.2;12.1;15.1;43.6;;;;;;;;;;;;;;;;18;;
PRE;24.05.1998 00:00;;;;;;;;;;;;;;3.9;11.2;14;40.3;;;;;;;;;;;;;;;;13;;
PRE;25.05.1998 00:00;;;;;;;;;;;;;;2.7;8.6;9.7;31;;;;;;;;;;;;;;;;16;;
PRE;26.05.1998 00:00;;;;;;;;;;;;;;1.7;7;6.1;25.2;;;;;;;;;;;;;;;;270;;
PRE;27.05.1998 00:00;;;;;;;;;;;;;;2.5;10.7;9;38.5;;;;;;;;;;;;;;;;221;;
PRE;28.05.1998 00:00;;;;;;;;;;;;;;2.7;10.3;9.7;37.1;;;;;;;;;;;;;;;;243;;
PRE;29.05.1998 00:00;;;;;;;;;;;;;;1.8;7.2;6.5;25.9;;;;;;;;;;;;;;;;53;;
PRE;30.05.1998 00:00;;;;;;;;;;;;;;2.1;6.2;7.6;22.3;;;;;;;;;;;;;;;;66;;
PRE;31.05.1998 00:00;;;;;;;;;;;;;;3.8;13.8;13.7;49.7;;;;;;;;;;;;;;;;275;;
PRE;01.06.1998 00:00;;;;;;;;;;;;;;1.4;4.1;5;14.8;;;;;;;;;;;;;;;;90;;
PRE;02.06.1998 00:00;;;;;;;;;;;;;;3.2;15;11.5;54;;;;;;;;;;;;;;;;220;;
PRE;03.06.1998 00:00;;;;;;;;;;;;;;1.5;5.5;5.4;19.8;;;;;;;;;;;;;;;;27;;
PRE;04.06.1998 00:00;;;;;;;;;;;;;;1.8;8.8;6.5;31.7;;;;;;;;;;;;;;;;36;;
PRE;05.06.1998 00:00;;;;;;;;;;;;;;1.4;6.2;5;22.3;;;;;;;;;;;;;;;;243;;
PRE;06.06.1998 00:00;;;;;;;;;;;;;;2;15.5;7.2;55.8;;;;;;;;;;;;;;;;243;;
PRE;07.06.1998 00:00;;;;;;;;;;;;;;3;12.8;10.8;46.1;;;;;;;;;;;;;;;;230;;
PRE;08.06.1998 00:00;;;;;;;;;;;;;;1.7;5.1;6.1;18.4;;;;;;;;;;;;;;;;256;;
PRE;09.06.1998 00:00;;;;;;;;;;;;;;1.2;4;4.3;14.4;;;;;;;;;;;;;;;;270;;
PRE;10.06.1998 00:00;;;;;;;;;;;;;;2.5;11;9;39.6;;;;;;;;;;;;;;;;235;;
PRE;11.06.1998 00:00;;;;;;;;;;;;;;3.6;11.7;13;42.1;;;;;;;;;;;;;;;;229;;
PRE;12.06.1998 00:00;;;;;;;;;;;;;;2.6;8.8;9.4;31.7;;;;;;;;;;;;;;;;250;;
PRE;13.06.1998 00:00;;;;;;;;;;;;;;2;5.2;7.2;18.7;;;;;;;;;;;;;;;;207;;
PRE;14.06.1998 00:00;;;;;;;;;;;;;;3.6;10.6;13;38.2;;;;;;;;;;;;;;;;248;;
PRE;15.06.1998 00:00;;;;;;;;;;;;;;3.4;13.1;12.2;47.2;;;;;;;;;;;;;;;;246;;
PRE;16.06.1998 00:00;;;;;;;;;;;;;;3.2;9.3;11.5;33.5;;;;;;;;;;;;;;;;253;;
PRE;17.06.1998 00:00;;;;;;;;;;;;;;1.6;5.2;5.8;18.7;;;;;;;;;;;;;;;;307;;
PRE;18.06.1998 00:00;;;;;;;;;;;;;;1.6;4.2;5.8;15.1;;;;;;;;;;;;;;;;297;;
PRE;19.06.1998 00:00;;;;;;;;;;;;;;2.1;6.2;7.6;22.3;;;;;;;;;;;;;;;;323;;
PRE;20.06.1998 00:00;;;;;;;;;;;;;;1.3;3.6;4.7;13;;;;;;;;;;;;;;;;90;;
PRE;21.06.1998 00:00;;;;;;;;;;;;;;2.5;10.6;9;38.2;;;;;;;;;;;;;;;;222;;
PRE;22.06.1998 00:00;;;;;;;;;;;;;;2.7;9.1;9.7;32.8;;;;;;;;;;;;;;;;288;;
PRE;25.06.1998 00:00;;;;;;;;;;;;;;2;10.8;7.6;38.9;;;;;;;;;;;;;;;;294;;
PRE;26.06.1998 00:00;;;;;;;;;;;;;;2;7.8;7.2;28.1;;;;;;;;;;;;;;;;229;;
PRE;27.06.1998 00:00;;;;;;;;;;;;;;3.3;13.2;11.9;47.5;;;;;;;;;;;;;;;;223;;
PRE;28.06.1998 00:00;;;;;;;;;;;;;;4.1;10.3;14.8;37.1;;;;;;;;;;;;;;;;249;;
PRE;29.06.1998 00:00;;;;;;;;;;;;;;1.8;8.2;6.5;29.5;;;;;;;;;;;;;;;;56;;
PRE;30.06.1998 00:00;;;;;;;;;;;;;;2.6;11;9.4;39.6;;;;;;;;;;;;;;;;266;;
PRE;01.07.1998 00:00;;;;;;;;;;;;;;4.1;14.5;14.8;52.2;;;;;;;;;;;;;;;;17;;
PRE;02.07.1998 00:00;;;;;;;;;;;;;;3.6;11;13;39.6;;;;;;;;;;;;;;;;8;;
PRE;03.07.1998 00:00;;;;;;;;;;;;;;1.9;7.8;6.8;28.1;;;;;;;;;;;;;;;;249;;
PRE;04.07.1998 00:00;;;;;;;;;;;;;;2.1;9.8;7.6;35.3;;;;;;;;;;;;;;;;256;;
PRE;05.07.1998 00:00;;;;;;;;;;;;;;1.8;4.7;6.5;16.9;;;;;;;;;;;;;;;;207;;
PRE;06.07.1998 00:00;;;;;;;;;;;;;;2.2;8.8;7.9;31.7;;;;;;;;;;;;;;;;241;;
PRE;07.07.1998 00:00;;;;;;;;;;;;;;3.7;10.8;13.3;38.9;;;;;;;;;;;;;;;;259;;
PRE;08.07.1998 00:00;;;;;;;;;;;;;;2;7.5;7.2;27;;;;;;;;;;;;;;;;349;;
PRE;09.07.1998 00:00;;;;;;;;;;;;;;1.9;6.6;6.8;23.8;;;;;;;;;;;;;;;;239;;
PRE;10.07.1998 00:00;;;;;;;;;;;;;;2.8;10.7;10.1;38.5;;;;;;;;;;;;;;;;266;;
PRE;11.07.1998 00:00;;;;;;;;;;;;;;4.5;12;16.2;43.2;;;;;;;;;;;;;;;;243;;
PRE;12.07.1998 00:00;;;;;;;;;;;;;;3.7;10.6;13.3;38.2;;;;;;;;;;;;;;;;236;;
PRE;13.07.1998 00:00;;;;;;;;;;;;;;3.6;14.5;13;52.2;;;;;;;;;;;;;;;;238;;
PRE;14.07.1998 00:00;;;;;;;;;;;;;;2.7;9;9.7;32.4;;;;;;;;;;;;;;;;27;;
PRE;15.07.1998 00:00;;;;;;;;;;;;;;2.4;8.3;8.6;29.9;;;;;;;;;;;;;;;;247;;
PRE;16.07.1998 00:00;;;;;;;;;;;;;;3.8;12;13.7;43.2;;;;;;;;;;;;;;;;242;;
PRE;17.07.1998 00:00;;;;;;;;;;;;;;4;10.8;14.4;38.9;;;;;;;;;;;;;;;;234;;
PRE;18.07.1998 00:00;;;;;;;;;;;;;;4.2;12.7;15.1;45.7;;;;;;;;;;;;;;;;235;;
PRE;19.07.1998 00:00;;;;;;;;;;;;;;2.2;7.2;7.9;25.9;;;;;;;;;;;;;;;;79;;
PRE;20.07.1998 00:00;;;;;;;;;;;;;;1.8;4.8;6.5;17.3;;;;;;;;;;;;;;;;166;;
PRE;21.07.1998 00:00;;;;;;;;;;;;;;2.7;10.8;9.7;38.9;;;;;;;;;;;;;;;;243;;
PRE;22.07.1998 00:00;;;;;;;;;;;;;;2.9;9.1;10.4;32.8;;;;;;;;;;;;;;;;27;;
PRE;23.07.1998 00:00;;;;;;;;;;;;;;1.9;7.8;6.8;28.1;;;;;;;;;;;;;;;;261;;
PRE;24.07.1998 00:00;;;;;;;;;;;;;;2.3;7.5;8.3;27;;;;;;;;;;;;;;;;36;;
PRE;25.07.1998 00:00;;;;;;;;;;;;;;3.6;9.8;13;35.3;;;;;;;;;;;;;;;;37;;
PRE;26.07.1998 00:00;;;;;;;;;;;;;;2.5;6.7;9;24.1;;;;;;;;;;;;;;;;51;;
PRE;27.07.1998 00:00;;;;;;;;;;;;;;4.2;14.3;15.1;51.5;;;;;;;;;;;;;;;;243;;
PRE;28.07.1998 00:00;;;;;;;;;;;;;;2.5;8.1;9;29.2;;;;;;;;;;;;;;;;248;;
PRE;29.07.1998 00:00;;;;;;;;;;;;;;4.1;10.3;14.8;37.1;;;;;;;;;;;;;;;;233;;
PRE;30.07.1998 00:00;;;;;;;;;;;;;;4.5;14;16.2;50.4;;;;;;;;;;;;;;;;242;;
PRE;31.07.1998 00:00;;;;;;;;;;;;;;2.9;8.3;10.4;29.9;;;;;;;;;;;;;;;;42;;
PRE;01.08.1998 00:00;;;;;;;;;;;;;;3.7;13.3;13.3;47.9;;;;;;;;;;;;;;;;324;;
PRE;02.08.1998 00:00;;;;;;;;;;;;;;2.3;15.1;8.3;54.4;;;;;;;;;;;;;;;;290;;
PRE;03.08.1998 00:00;;;;;;;;;;;;;;4.1;11.7;14.8;42.1;;;;;;;;;;;;;;;;22;;
PRE;04.08.1998 00:00;;;;;;;;;;;;;;2.9;8.5;10.4;30.6;;;;;;;;;;;;;;;;53;;
PRE;05.08.1998 00:00;;;;;;;;;;;;;;6.6;14.7;23.8;52.9;;;;;;;;;;;;;;;;22;;
PRE;06.08.1998 00:00;;;;;;;;;;;;;;5.1;13.3;18.4;47.9;;;;;;;;;;;;;;;;23;;
PRE;07.08.1998 00:00;;;;;;;;;;;;;;4.3;11;15.5;39.6;;;;;;;;;;;;;;;;22;;
PRE;08.08.1998 00:00;;;;;;;;;;;;;;1.6;4.8;5.8;17.3;;;;;;;;;;;;;;;;225;;
PRE;09.08.1998 00:00;;;;;;;;;;;;;;1.6;4.7;5.8;16.9;;;;;;;;;;;;;;;;214;;
PRE;10.08.1998 00:00;;;;;;;;;;;;;;1.5;3.6;5.4;13;;;;;;;;;;;;;;;;45;;
PRE;11.08.1998 00:00;;;;;;;;;;;;;;1.7;4.8;6.1;17.3;;;;;;;;;;;;;;;;252;;
PRE;12.08.1998 00:00;;;;;;;;;;;;;;3.4;26.7;12.2;96.1;;;;;;;;;;;;;;;;245;;
PRE;13.08.1998 00:00;;;;;;;;;;;;;;2.3;9.5;8.3;34.2;;;;;;;;;;;;;;;;306;;
PRE;14.08.1998 00:00;;;;;;;;;;;;;;3.6;9.6;13;34.6;;;;;;;;;;;;;;;;16;;
PRE;15.08.1998 00:00;;;;;;;;;;;;;;1.6;4.2;5.8;15.1;;;;;;;;;;;;;;;;270;;
PRE;16.08.1998 00:00;;;;;;;;;;;;;;2;9.7;7.2;34.9;;;;;;;;;;;;;;;;297;;
PRE;17.08.1998 00:00;;;;;;;;;;;;;;2;8.1;6.8;29.2;;;;;;;;;;;;;;;;18;;
PRE;18.08.1998 00:00;;;;;;;;;;;;;;2.3;8.6;8.3;31;;;;;;;;;;;;;;;;354;;
PRE;19.08.1998 00:00;;;;;;;;;;;;;;2.9;8.1;10.4;29.2;;;;;;;;;;;;;;;;33;;
PRE;20.08.1998 00:00;;;;;;;;;;;;;;2.5;10.3;9;37.1;;;;;;;;;;;;;;;;259;;
PRE;21.08.1998 00:00;;;;;;;;;;;;;;5.2;13.1;18.7;47.2;;;;;;;;;;;;;;;;244;;
PRE;22.08.1998 00:00;;;;;;;;;;;;;;5.7;12.5;20.5;45;;;;;;;;;;;;;;;;248;;
PRE;23.08.1998 00:00;;;;;;;;;;;;;;3.7;12.7;13.3;45.7;;;;;;;;;;;;;;;;241;;
PRE;24.08.1998 00:00;;;;;;;;;;;;;;4.5;13.7;16.2;49.3;;;;;;;;;;;;;;;;257;;
PRE;25.08.1998 00:00;;;;;;;;;;;;;;2;5.6;7.2;20.2;;;;;;;;;;;;;;;;270;;
PRE;26.08.1998 00:00;;;;;;;;;;;;;;2.2;8.8;7.9;31.7;;;;;;;;;;;;;;;;277;;
PRE;27.08.1998 00:00;;;;;;;;;;;;;;3.7;13.6;13.3;49;;;;;;;;;;;;;;;;11;;
PRE;28.08.1998 00:00;;;;;;;;;;;;;;7.4;16.7;26.6;60.1;;;;;;;;;;;;;;;;19;;
PRE;29.08.1998 00:00;;;;;;;;;;;;;;5;11.3;18;40.7;;;;;;;;;;;;;;;;20;;
PRE;30.08.1998 00:00;;;;;;;;;;;;;;2.7;7.1;9.7;25.6;;;;;;;;;;;;;;;;27;;
PRE;31.08.1998 00:00;;;;;;;;;;;;;;2.2;9.2;7.9;33.1;;;;;;;;;;;;;;;;8;;
PRE;01.09.1998 00:00;;;;;;;;;;;;;;1.8;6.3;6.5;22.7;;;;;;;;;;;;;;;;30;;
PRE;02.09.1998 00:00;;;;;;;;;;;;;;1.8;4.2;6.5;15.1;;;;;;;;;;;;;;;;11;;
PRE;03.09.1998 00:00;;;;;;;;;;;;;;4.4;13.3;15.8;47.9;;;;;;;;;;;;;;;;255;;
PRE;04.09.1998 00:00;;;;;;;;;;;;;;1.7;6.3;6.1;22.7;;;;;;;;;;;;;;;;344;;
PRE;05.09.1998 00:00;;;;;;;;;;;;;;4.2;13.5;15.1;48.6;;;;;;;;;;;;;;;;237;;
PRE;06.09.1998 00:00;;;;;;;;;;;;;;2.5;7.2;9;25.9;;;;;;;;;;;;;;;;234;;
PRE;07.09.1998 00:00;;;;;;;;;;;;;;2;6.1;7.2;22;;;;;;;;;;;;;;;;21;;
PRE;08.09.1998 00:00;;;;;;;;;;;;;;3;8.3;10.8;29.9;;;;;;;;;;;;;;;;242;;
PRE;09.09.1998 00:00;;;;;;;;;;;;;;2.7;8.5;9.7;30.6;;;;;;;;;;;;;;;;223;;
PRE;10.09.1998 00:00;;;;;;;;;;;;;;4.8;15.7;17.3;56.5;;;;;;;;;;;;;;;;240;;
PRE;11.09.1998 00:00;;;;;;;;;;;;;;3;9.7;10.8;34.9;;;;;;;;;;;;;;;;235;;
PRE;12.09.1998 00:00;;;;;;;;;;;;;;5.8;13.6;20.9;49;;;;;;;;;;;;;;;;234;;
PRE;13.09.1998 00:00;;;;;;;;;;;;;;6;17.7;21.6;63.7;;;;;;;;;;;;;;;;237;;
PRE;14.09.1998 00:00;;;;;;;;;;;;;;6.1;14.1;22;50.8;;;;;;;;;;;;;;;;241;;
PRE;15.09.1998 00:00;;;;;;;;;;;;;;5.7;12.2;20.5;43.9;;;;;;;;;;;;;;;;243;;
PRE;16.09.1998 00:00;;;;;;;;;;;;;;5.3;14;19.1;50.4;;;;;;;;;;;;;;;;239;;
PRE;17.09.1998 00:00;;;;;;;;;;;;;;2.9;8.5;10.4;30.6;;;;;;;;;;;;;;;;270;;
PRE;18.09.1998 00:00;;;;;;;;;;;;;;3.5;9.8;12.6;35.3;;;;;;;;;;;;;;;;23;;
PRE;19.09.1998 00:00;;;;;;;;;;;;;;5.3;12.7;19.1;45.7;;;;;;;;;;;;;;;;27;;
PRE;20.09.1998 00:00;;;;;;;;;;;;;;4.6;12.8;16.6;46.1;;;;;;;;;;;;;;;;29;;
PRE;21.09.1998 00:00;;;;;;;;;;;;;;4.5;11.2;16.2;40.3;;;;;;;;;;;;;;;;21;;
PRE;22.09.1998 00:00;;;;;;;;;;;;;;3.8;9.6;13.7;34.6;;;;;;;;;;;;;;;;6;;
PRE;23.09.1998 00:00;;;;;;;;;;;;;;2.6;7.3;9.4;26.3;;;;;;;;;;;;;;;;355;;
PRE;24.09.1998 00:00;;;;;;;;;;;;;;2.2;6.2;7.9;22.3;;;;;;;;;;;;;;;;345;;
PRE;25.09.1998 00:00;;;;;;;;;;;;;;1.2;3.7;4.3;13.3;;;;;;;;;;;;;;;;270;;
PRE;26.09.1998 00:00;;;;;;;;;;;;;;2.1;12.7;7.6;45.7;;;;;;;;;;;;;;;;270;;
PRE;27.09.1998 00:00;;;;;;;;;;;;;;3;12.1;10.8;43.6;;;;;;;;;;;;;;;;244;;
PRE;28.09.1998 00:00;;;;;;;;;;;;;;3.8;8.6;13.7;31;;;;;;;;;;;;;;;;248;;
PRE;29.09.1998 00:00;;;;;;;;;;;;;;1.6;6.2;5.8;22.3;;;;;;;;;;;;;;;;214;;
PRE;30.09.1998 00:00;;;;;;;;;;;;;;1.8;5.8;6.5;20.9;;;;;;;;;;;;;;;;249;;
PRE;01.10.1998 00:00;;;;;;;;;;;;;;2.1;8.3;7.6;29.9;;;;;;;;;;;;;;;;11;;
PRE;02.10.1998 00:00;;;;;;;;;;;;;;2.1;7.5;7.6;27;;;;;;;;;;;;;;;;7;;
PRE;03.10.1998 00:00;;;;;;;;;;;;;;2.7;11;9.7;39.6;;;;;;;;;;;;;;;;261;;
PRE;04.10.1998 00:00;;;;;;;;;;;;;;3.2;8.6;11.5;31;;;;;;;;;;;;;;;;252;;
PRE;05.10.1998 00:00;;;;;;;;;;;;;;2.3;8.3;8.3;29.9;;;;;;;;;;;;;;;;7;;
PRE;06.10.1998 00:00;;;;;;;;;;;;;;3.6;11.2;13;40.3;;;;;;;;;;;;;;;;2;;
PRE;07.10.1998 00:00;;;;;;;;;;;;;;1.1;3.6;4;13;;;;;;;;;;;;;;;;297;;
PRE;08.10.1998 00:00;;;;;;;;;;;;;;2;5.6;7.2;20.2;;;;;;;;;;;;;;;;18;;
PRE;09.10.1998 00:00;;;;;;;;;;;;;;2.6;8.6;9.4;31;;;;;;;;;;;;;;;;10;;
PRE;10.10.1998 00:00;;;;;;;;;;;;;;7.1;18.3;25.6;65.9;;;;;;;;;;;;;;;;242;;
PRE;11.10.1998 00:00;;;;;;;;;;;;;;5.9;13.5;21.2;48.6;;;;;;;;;;;;;;;;238;;
PRE;12.10.1998 00:00;;;;;;;;;;;;;;3.9;13.6;14;49;;;;;;;;;;;;;;;;261;;
PRE;13.10.1998 00:00;;;;;;;;;;;;;;1.9;5.6;6.8;20.2;;;;;;;;;;;;;;;;283;;
PRE;14.10.1998 00:00;;;;;;;;;;;;;;1.9;6.5;6.8;23.4;;;;;;;;;;;;;;;;225;;
PRE;15.10.1998 00:00;;;;;;;;;;;;;;1.2;4;4.3;14.4;;;;;;;;;;;;;;;;45;;
PRE;16.10.1998 00:00;;;;;;;;;;;;;;1.5;8;5.4;28.8;;;;;;;;;;;;;;;;284;;
PRE;17.10.1998 00:00;;;;;;;;;;;;;;5.7;16.1;20.5;58;;;;;;;;;;;;;;;;236;;
PRE;18.10.1998 00:00;;;;;;;;;;;;;;2.2;8.2;7.9;29.5;;;;;;;;;;;;;;;;6;;
PRE;19.10.1998 00:00;;;;;;;;;;;;;;3.7;9;13.3;32.4;;;;;;;;;;;;;;;;14;;
PRE;20.10.1998 00:00;;;;;;;;;;;;;;2;5.7;7.2;20.5;;;;;;;;;;;;;;;;360;;
PRE;21.10.1998 00:00;;;;;;;;;;;;;;2;6.6;7.2;23.8;;;;;;;;;;;;;;;;257;;
PRE;22.10.1998 00:00;;;;;;;;;;;;;;1.3;6;4.7;21.6;;;;;;;;;;;;;;;;225;;
PRE;23.10.1998 00:00;;;;;;;;;;;;;;1.9;10.3;6.8;37.1;;;;;;;;;;;;;;;;211;;
PRE;24.10.1998 00:00;;;;;;;;;;;;;;5.7;16;20.5;57.6;;;;;;;;;;;;;;;;243;;
PRE;25.10.1998 00:00;;;;;;;;;;;;;;7.1;21.8;25.6;78.5;;;;;;;;;;;;;;;;248;;
PRE;26.10.1998 00:00;;;;;;;;;;;;;;5.1;12.7;18.4;45.7;;;;;;;;;;;;;;;;240;;
PRE;27.10.1998 00:00;;;;;;;;;;;;;;6.2;16.1;22.3;58;;;;;;;;;;;;;;;;247;;
PRE;28.10.1998 00:00;;;;;;;;;;;;;;8.6;22.5;31;81;;;;;;;;;;;;;;;;254;;
PRE;29.10.1998 00:00;;;;;;;;;;;;;;6.6;19.7;23.8;70.9;;;;;;;;;;;;;;;;264;;
PRE;30.10.1998 00:00;;;;;;;;;;;;;;6.5;17.7;23.4;63.7;;;;;;;;;;;;;;;;254;;
PRE;31.10.1998 00:00;;;;;;;;;;;;;;5.5;14.3;19.8;51.5;;;;;;;;;;;;;;;;294;;
PRE;01.11.1998 00:00;;;;;;;;;;;;;;6.5;16.1;23.4;58;;;;;;;;;;;;;;;;284;;
PRE;02.11.1998 00:00;;;;;;;;;;;;;;3.4;12.1;12.2;43.6;;;;;;;;;;;;;;;;274;;
PRE;03.11.1998 00:00;;;;;;;;;;;;;;5.9;17.2;21.2;61.9;;;;;;;;;;;;;;;;280;;
PRE;04.11.1998 00:00;;;;;;;;;;;;;;3.4;13.5;12.2;48.6;;;;;;;;;;;;;;;;278;;
PRE;05.11.1998 00:00;;;;;;;;;;;;;;2.6;7.6;9.4;27.4;;;;;;;;;;;;;;;;312;;
PRE;06.11.1998 00:00;;;;;;;;;;;;;;1.8;4.8;6.5;17.3;;;;;;;;;;;;;;;;338;;
PRE;07.11.1998 00:00;;;;;;;;;;;;;;2.8;8.8;10.1;31.7;;;;;;;;;;;;;;;;17;;
PRE;08.11.1998 00:00;;;;;;;;;;;;;;1.4;4.6;5;16.6;;;;;;;;;;;;;;;;300;;
PRE;09.11.1998 00:00;;;;;;;;;;;;;;1.1;4;4;14.4;;;;;;;;;;;;;;;;270;;
PRE;10.11.1998 00:00;;;;;;;;;;;;;;2.3;9.6;7.9;34.6;;;;;;;;;;;;;;;;342;;
PRE;11.11.1998 00:00;;;;;;;;;;;;;;4.5;11.5;16.2;41.4;;;;;;;;;;;;;;;;19;;
PRE;12.11.1998 00:00;;;;;;;;;;;;;;3.3;10.7;11.9;38.5;;;;;;;;;;;;;;;;302;;
PRE;14.11.1998 00:00;;;;;;;;;;;;;;6.4;19.8;23;71.3;;;;;;;;;;;;;;;;243;;
PRE;15.11.1998 00:00;;;;;;;;;;;;;;5;12.8;18;46.1;;;;;;;;;;;;;;;;285;;
PRE;16.11.1998 00:00;;;;;;;;;;;;;;3.4;11;12.2;39.6;;;;;;;;;;;;;;;;304;;
PRE;18.11.1998 00:00;;;;;;;;;;;;;;5.6;11.1;20.2;40;;;;;;;;;;;;;;;;18;;
PRE;19.11.1998 00:00;;;;;;;;;;;;;;3.6;9.8;13;35.3;;;;;;;;;;;;;;;;24;;
PRE;20.11.1998 00:00;;;;;;;;;;;;;;8.9;21;32;75.6;;;;;;;;;;;;;;;;26;;
PRE;21.11.1998 00:00;;;;;;;;;;;;;;9.4;22;33.8;79.2;;;;;;;;;;;;;;;;27;;
PRE;22.11.1998 00:00;;;;;;;;;;;;;;4.6;10.1;16.6;36.4;;;;;;;;;;;;;;;;12;;
PRE;23.11.1998 00:00;;;;;;;;;;;;;;4.2;9.7;15.1;34.9;;;;;;;;;;;;;;;;15;;
PRE;24.11.1998 00:00;;;;;;;;;;;;;;2.3;7.6;8.3;27.4;;;;;;;;;;;;;;;;346;;
PRE;25.11.1998 00:00;;;;;;;;;;;;;;1.4;6.5;5;23.4;;;;;;;;;;;;;;;;299;;
PRE;26.11.1998 00:00;;;;;;;;;;;;;;2.4;8.2;8.6;29.5;;;;;;;;;;;;;;;;344;;
PRE;27.11.1998 00:00;;;;;;;;;;;;;;3.4;10.1;12.2;36.4;;;;;;;;;;;;;;;;286;;
PRE;28.11.1998 00:00;;;;;;;;;;;;;;2.3;7;8.3;25.2;;;;;;;;;;;;;;;;10;;
PRE;29.11.1998 00:00;;;;;;;;;;;;;;2;6.8;7.2;24.5;;;;;;;;;;;;;;;;254;;
PRE;30.11.1998 00:00;;;;;;;;;;;;;;5.2;14.6;18.7;52.6;;;;;;;;;;;;;;;;23;;
PRE;01.12.1998 00:00;;;;;;;;;;;;;;6.3;11.8;22.7;42.5;;;;;;;;;;;;;;;;21;;
PRE;02.12.1998 00:00;;;;;;;;;;;;;;5;10;18;36;;;;;;;;;;;;;;;;6;;
PRE;03.12.1998 00:00;;;;;;;;;;;;;;5.2;10.5;18.7;37.8;;;;;;;;;;;;;;;;13;;
PRE;04.12.1998 00:00;;;;;;;;;;;;;;2.8;8.7;10.1;31.3;;;;;;;;;;;;;;;;2;;
PRE;05.12.1998 00:00;;;;;;;;;;;;;;4;14.2;14.4;51.1;;;;;;;;;;;;;;;;254;;
PRE;06.12.1998 00:00;;;;;;;;;;;;;;3.8;16;13.7;57.6;;;;;;;;;;;;;;;;289;;
PRE;07.12.1998 00:00;;;;;;;;;;;;;;2.3;6.1;8.3;22;;;;;;;;;;;;;;;;329;;
PRE;08.12.1998 00:00;;;;;;;;;;;;;;3.1;7.2;11.2;25.9;;;;;;;;;;;;;;;;360;;
PRE;09.12.1998 00:00;;;;;;;;;;;;;;2.1;7.2;7.6;25.9;;;;;;;;;;;;;;;;335;;
PRE;10.12.1998 00:00;;;;;;;;;;;;;;1;3.5;3.6;12.6;;;;;;;;;;;;;;;;261;;
PRE;11.12.1998 00:00;;;;;;;;;;;;;;2.6;8;9.4;28.8;;;;;;;;;;;;;;;;260;;
PRE;12.12.1998 00:00;;;;;;;;;;;;;;2.3;5.5;8.3;19.8;;;;;;;;;;;;;;;;225;;
PRE;13.12.1998 00:00;;;;;;;;;;;;;;1.4;4.6;5;16.6;;;;;;;;;;;;;;;;45;;
PRE;14.12.1998 00:00;;;;;;;;;;;;;;1.2;3.6;4.3;13;;;;;;;;;;;;;;;;329;;
PRE;15.12.1998 00:00;;;;;;;;;;;;;;1.1;3;4;10.8;;;;;;;;;;;;;;;;306;;
PRE;16.12.1998 00:00;;;;;;;;;;;;;;2.6;11.3;9.4;40.7;;;;;;;;;;;;;;;;32;;
PRE;17.12.1998 00:00;;;;;;;;;;;;;;2.8;7.8;;28.1;;;;;;;;;;;;;;;;27;;
PRE;18.12.1998 00:00;;;;;;;;;;;;;;0.8;3.2;2.9;11.5;;;;;;;;;;;;;;;;284;;
PRE;19.12.1998 00:00;;;;;;;;;;;;;;3.8;13.5;13.7;48.6;;;;;;;;;;;;;;;;259;;
PRE;20.12.1998 00:00;;;;;;;;;;;;;;4.7;16.7;16.9;60.1;;;;;;;;;;;;;;;;11;;
PRE;21.12.1998 00:00;;;;;;;;;;;;;;6.9;16.7;24.8;60.1;;;;;;;;;;;;;;;;21;;
PRE;22.12.1998 00:00;;;;;;;;;;;;;;4.4;9.7;15.8;34.9;;;;;;;;;;;;;;;;30;;
PRE;23.12.1998 00:00;;;;;;;;;;;;;;2.1;7.3;7.6;26.3;;;;;;;;;;;;;;;;348;;
PRE;24.12.1998 00:00;;;;;;;;;;;;;;1;3.7;3.6;13.3;;;;;;;;;;;;;;;;360;;
PRE;25.12.1998 00:00;;;;;;;;;;;;;;1.8;6.8;6.5;24.5;;;;;;;;;;;;;;;;280;;
PRE;26.12.1998 00:00;;;;;;;;;;;;;;2.4;12.5;8.6;45;;;;;;;;;;;;;;;;221;;
PRE;27.12.1998 00:00;;;;;;;;;;;;;;5.8;12.7;20.9;45.7;;;;;;;;;;;;;;;;234;;
PRE;28.12.1998 00:00;;;;;;;;;;;;;;2.8;11.5;10.1;41.4;;;;;;;;;;;;;;;;227;;
PRE;29.12.1998 00:00;;;;;;;;;;;;;;1.7;5.8;6.1;20.9;;;;;;;;;;;;;;;;346;;
PRE;30.12.1998 00:00;;;;;;;;;;;;;;1.4;3.8;5;13.7;;;;;;;;;;;;;;;;328;;
PRE;31.12.1998 00:00;;;;;;;;;;;;;;1.6;6.6;5.8;23.8;;;;;;;;;;;;;;;;276;;
PRE;01.01.1999 00:00;;;;;;;;;;;;;;1.2;4;4.3;14.4;;;;;;;;;;;;;;;;304;;
PRE;02.01.1999 00:00;;;;;;;;;;;;;;1.9;8.1;6.8;29.2;;;;;;;;;;;;;;;;265;;
PRE;03.01.1999 00:00;;;;;;;;;;;;;;5.9;13;21.2;46.8;;;;;;;;;;;;;;;;277;;
PRE;04.01.1999 00:00;;;;;;;;;;;;;;2.3;10.1;8.3;36.4;;;;;;;;;;;;;;;;248;;
PRE;05.01.1999 00:00;;;;;;;;;;;;;;1.4;4.3;5;15.5;;;;;;;;;;;;;;;;360;;
PRE;06.01.1999 00:00;;;;;;;;;;;;;;0.8;2.6;2.9;9.4;;;;;;;;;;;;;;;;333;;
PRE;07.01.1999 00:00;;;;;;;;;;;;;;3.3;11.7;11.9;42.1;;;;;;;;;;;;;;;;250;;
PRE;08.01.1999 00:00;;;;;;;;;;;;;;5.2;12.2;18.7;43.9;;;;;;;;;;;;;;;;295;;
PRE;09.01.1999 00:00;;;;;;;;;;;;;;4.6;13.3;16.6;47.9;;;;;;;;;;;;;;;;313;;
PRE;10.01.1999 00:00;;;;;;;;;;;;;;6.4;15.6;23;56.2;;;;;;;;;;;;;;;;19;;
PRE;11.01.1999 00:00;;;;;;;;;;;;;;4.8;12.7;17.3;45.7;;;;;;;;;;;;;;;;286;;
PRE;12.01.1999 00:00;;;;;;;;;;;;;;4.9;14;17.6;50.4;;;;;;;;;;;;;;;;282;;
PRE;13.01.1999 00:00;;;;;;;;;;;;;;6.8;17;24.5;61.2;;;;;;;;;;;;;;;;289;;
PRE;14.01.1999 00:00;;;;;;;;;;;;;;5.3;12.6;;45.4;;;;;;;;;;;;;;;;285;;
PRE;15.01.1999 00:00;;;;;;;;;;;;;;2.2;8.1;7.9;29.2;;;;;;;;;;;;;;;;236;;
PRE;16.01.1999 00:00;;;;;;;;;;;;;;5.3;12.2;19.1;43.9;;;;;;;;;;;;;;;;231;;
PRE;17.01.1999 00:00;;;;;;;;;;;;;;2.1;7.8;7.6;28.1;;;;;;;;;;;;;;;;349;;
PRE;18.01.1999 00:00;;;;;;;;;;;;;;0.8;3.2;2.9;11.5;;;;;;;;;;;;;;;;315;;
PRE;19.01.1999 00:00;;;;;;;;;;;;;;1.3;3.6;4.7;13;;;;;;;;;;;;;;;;300;;
PRE;20.01.1999 00:00;;;;;;;;;;;;;;0.8;3;2.9;10.8;;;;;;;;;;;;;;;;307;;
PRE;21.01.1999 00:00;;;;;;;;;;;;;;1.4;4.5;5;16.2;;;;;;;;;;;;;;;;345;;
PRE;22.01.1999 00:00;;;;;;;;;;;;;;1.4;4.3;5;15.5;;;;;;;;;;;;;;;;349;;
PRE;23.01.1999 00:00;;;;;;;;;;;;;;0.9;2.8;3.6;10.1;;;;;;;;;;;;;;;;284;;
PRE;24.01.1999 00:00;;;;;;;;;;;;;;1.2;3.8;4.3;13.7;;;;;;;;;;;;;;;;284;;
PRE;25.01.1999 00:00;;;;;;;;;;;;;;0.9;3.3;3.2;11.9;;;;;;;;;;;;;;;;292;;
PRE;26.01.1999 00:00;;;;;;;;;;;;;;3.4;12.6;12.2;45.4;;;;;;;;;;;;;;;;257;;
PRE;27.01.1999 00:00;;;;;;;;;;;;;;4.9;18.1;17.6;65.2;;;;;;;;;;;;;;;;270;;
PRE;28.01.1999 00:00;;;;;;;;;;;;;;5.6;14;20.2;50.4;;;;;;;;;;;;;;;;313;;
PRE;29.01.1999 00:00;;;;;;;;;;;;;;3.5;13;12.6;46.8;;;;;;;;;;;;;;;;27;;
PRE;30.01.1999 00:00;;;;;;;;;;;;;;8.6;18.1;31;65.2;;;;;;;;;;;;;;;;32;;
PRE;31.01.1999 00:00;;;;;;;;;;;;;;10.6;22.8;38.2;82.1;;;;;;;;;;;;;;;;32;;
PRE;01.02.1999 00:00;;;;;;;;;;;;;;11;21.1;39.6;76;;;;;;;;;;;;;;;;28;;
PRE;02.02.1999 00:00;;;;;;;;;;;;;;5;15.1;18;54.4;;;;;;;;;;;;;;;;46;;
PRE;03.02.1999 00:00;;;;;;;;;;;;;;2.6;8.6;9.4;31;;;;;;;;;;;;;;;;36;;
PRE;04.02.1999 00:00;;;;;;;;;;;;;;1.5;8.1;5.4;29.2;;;;;;;;;;;;;;;;278;;
PRE;05.02.1999 00:00;;;;;;;;;;;;;;5.7;12.1;20.5;43.6;;;;;;;;;;;;;;;;292;;
PRE;06.02.1999 00:00;;;;;;;;;;;;;;4.7;13.5;16.9;48.6;;;;;;;;;;;;;;;;293;;
PRE;07.02.1999 00:00;;;;;;;;;;;;;;5;13.6;18;49;;;;;;;;;;;;;;;;323;;
PRE;08.02.1999 00:00;;;;;;;;;;;;;;5.9;12.2;21.2;43.9;;;;;;;;;;;;;;;;281;;
PRE;09.02.1999 00:00;;;;;;;;;;;;;;5.7;14.5;20.5;52.2;;;;;;;;;;;;;;;;345;;
PRE;10.02.1999 00:00;;;;;;;;;;;;;;3.2;9.2;11.5;33.1;;;;;;;;;;;;;;;;21;;
PRE;11.02.1999 00:00;;;;;;;;;;;;;;3.7;14.7;13.3;52.9;;;;;;;;;;;;;;;;28;;
PRE;12.02.1999 00:00;;;;;;;;;;;;;;11;20;39.6;72;;;;;;;;;;;;;;;;23;;
PRE;13.02.1999 00:00;;;;;;;;;;;;;;9.3;20.5;33.5;73.8;;;;;;;;;;;;;;;;32;;
PRE;14.02.1999 00:00;;;;;;;;;;;;;;3.8;11.3;13.7;40.7;;;;;;;;;;;;;;;;43;;
PRE;15.02.1999 00:00;;;;;;;;;;;;;;1.5;3.8;5.4;13.7;;;;;;;;;;;;;;;;328;;
PRE;16.02.1999 00:00;;;;;;;;;;;;;;4.9;12.5;17.6;45;;;;;;;;;;;;;;;;252;;
PRE;17.02.1999 00:00;;;;;;;;;;;;;;4.9;12.5;17.6;45;;;;;;;;;;;;;;;;281;;
PRE;18.02.1999 00:00;;;;;;;;;;;;;;5.2;13.7;18.7;49.3;;;;;;;;;;;;;;;;265;;
PRE;19.02.1999 00:00;;;;;;;;;;;;;;5.1;11.8;18.4;42.5;;;;;;;;;;;;;;;;298;;
PRE;20.02.1999 00:00;;;;;;;;;;;;;;6.5;11.6;23.4;41.8;;;;;;;;;;;;;;;;311;;
PRE;21.02.1999 00:00;;;;;;;;;;;;;;6.1;14.7;22;52.9;;;;;;;;;;;;;;;;317;;
PRE;22.02.1999 00:00;;;;;;;;;;;;;;5.9;22.5;21.2;81;;;;;;;;;;;;;;;;265;;
PRE;23.02.1999 00:00;;;;;;;;;;;;;;3.5;13.3;12.6;47.9;;;;;;;;;;;;;;;;267;;
PRE;24.02.1999 00:00;;;;;;;;;;;;;;4.4;12.7;15.8;45.7;;;;;;;;;;;;;;;;249;;
PRE;25.02.1999 00:00;;;;;;;;;;;;;;3.5;11.8;12.6;42.5;;;;;;;;;;;;;;;;18;;
PRE;26.02.1999 00:00;;;;;;;;;;;;;;2;7.2;7.2;25.9;;;;;;;;;;;;;;;;8;;
PRE;27.02.1999 00:00;;;;;;;;;;;;;;1.2;3.8;4.3;13.7;;;;;;;;;;;;;;;;31;;
PRE;28.02.1999 00:00;;;;;;;;;;;;;;1.4;5.1;5;18.4;;;;;;;;;;;;;;;;338;;
PRE;01.03.1999 00:00;;;;;;;;;;;;;;2.6;9.7;9.4;34.9;;;;;;;;;;;;;;;;270;;
PRE;02.03.1999 00:00;;;;;;;;;;;;;;4.8;11.5;17.3;41.4;;;;;;;;;;;;;;;;265;;
PRE;03.03.1999 00:00;;;;;;;;;;;;;;6;20.8;21.6;74.9;;;;;;;;;;;;;;;;259;;
PRE;04.03.1999 00:00;;;;;;;;;;;;;;3.7;19.5;13.3;70.2;;;;;;;;;;;;;;;;248;;
PRE;05.03.1999 00:00;;;;;;;;;;;;;;5.5;16;19.8;57.6;;;;;;;;;;;;;;;;278;;
PRE;06.03.1999 00:00;;;;;;;;;;;;;;4.3;9.2;15.5;33.1;;;;;;;;;;;;;;;;247;;
PRE;07.03.1999 00:00;;;;;;;;;;;;;;4.8;12.3;17.3;44.3;;;;;;;;;;;;;;;;286;;
PRE;08.03.1999 00:00;;;;;;;;;;;;;;3.1;13;11.2;46.8;;;;;;;;;;;;;;;;233;;
PRE;09.03.1999 00:00;;;;;;;;;;;;;;5.7;15;20.5;54;;;;;;;;;;;;;;;;249;;
PRE;10.03.1999 00:00;;;;;;;;;;;;;;1.1;3.7;4;13.3;;;;;;;;;;;;;;;;56;;
PRE;11.03.1999 00:00;;;;;;;;;;;;;;1.7;5.8;6.1;20.9;;;;;;;;;;;;;;;;6;;
PRE;12.03.1999 00:00;;;;;;;;;;;;;;1;3.6;3.6;13;;;;;;;;;;;;;;;;18;;
PRE;13.03.1999 00:00;;;;;;;;;;;;;;1.1;3.1;4;11.2;;;;;;;;;;;;;;;;18;;
PRE;14.03.1999 00:00;;;;;;;;;;;;;;1.2;3.8;4.3;13.7;;;;;;;;;;;;;;;;27;;
PRE;15.03.1999 00:00;;;;;;;;;;;;;;2.6;10.5;9.4;37.8;;;;;;;;;;;;;;;;22;;
PRE;16.03.1999 00:00;;;;;;;;;;;;;;6.3;13.8;22.7;49.7;;;;;;;;;;;;;;;;24;;
PRE;17.03.1999 00:00;;;;;;;;;;;;;;8.3;20.1;29.9;72.4;;;;;;;;;;;;;;;;27;;
PRE;18.03.1999 00:00;;;;;;;;;;;;;;5.8;15.1;20.9;54.4;;;;;;;;;;;;;;;;30;;
PRE;19.03.1999 00:00;;;;;;;;;;;;;;3.1;10.8;11.2;38.9;;;;;;;;;;;;;;;;17;;
PRE;20.03.1999 00:00;;;;;;;;;;;;;;5.4;12.8;19.4;46.1;;;;;;;;;;;;;;;;18;;
PRE;21.03.1999 00:00;;;;;;;;;;;;;;3.3;16;11.9;57.6;;;;;;;;;;;;;;;;236;;
PRE;22.03.1999 00:00;;;;;;;;;;;;;;5.3;12.8;19.1;46.1;;;;;;;;;;;;;;;;245;;
PRE;23.03.1999 00:00;;;;;;;;;;;;;;2.5;8.1;9;29.2;;;;;;;;;;;;;;;;252;;
PRE;24.03.1999 00:00;;;;;;;;;;;;;;2.2;7.7;7.9;27.7;;;;;;;;;;;;;;;;10;;
PRE;25.03.1999 00:00;;;;;;;;;;;;;;2;10.3;7.2;37.1;;;;;;;;;;;;;;;;265;;
PRE;26.03.1999 00:00;;;;;;;;;;;;;;2.3;15.5;8.3;55.8;;;;;;;;;;;;;;;;236;;
PRE;27.03.1999 00:00;;;;;;;;;;;;;;2.7;11.8;9.7;42.5;;;;;;;;;;;;;;;;305;;
PRE;28.03.1999 00:00;;;;;;;;;;;;;;1.7;7.2;6.1;25.9;;;;;;;;;;;;;;;;354;;
PRE;29.03.1999 00:00;;;;;;;;;;;;;;3.1;8.3;11.2;29.9;;;;;;;;;;;;;;;;19;;
PRE;30.03.1999 00:00;;;;;;;;;;;;;;2.3;7;8.3;25.2;;;;;;;;;;;;;;;;18;;
PRE;31.03.1999 00:00;;;;;;;;;;;;;;2.2;7.5;7.9;27;;;;;;;;;;;;;;;;5;;
PRE;01.04.1999 00:00;;;;;;;;;;;;;;1.4;5.6;5;20.2;;;;;;;;;;;;;;;;270;;
PRE;02.04.1999 00:00;;;;;;;;;;;;;;1.4;8.3;5;29.9;;;;;;;;;;;;;;;;304;;
PRE;03.04.1999 00:00;;;;;;;;;;;;;;1.7;5.7;6.1;20.5;;;;;;;;;;;;;;;;249;;
PRE;04.04.1999 00:00;;;;;;;;;;;;;;1.6;5.7;5.8;20.5;;;;;;;;;;;;;;;;45;;
PRE;05.04.1999 00:00;;;;;;;;;;;;;;1.5;4.5;5.4;16.2;;;;;;;;;;;;;;;;304;;
PRE;06.04.1999 00:00;;;;;;;;;;;;;;1.9;15.6;6.8;56.2;;;;;;;;;;;;;;;;239;;
PRE;07.04.1999 00:00;;;;;;;;;;;;;;2.7;9.1;9.7;32.8;;;;;;;;;;;;;;;;220;;
PRE;08.04.1999 00:00;;;;;;;;;;;;;;6.3;18.3;22.7;65.9;;;;;;;;;;;;;;;;25;;
PRE;09.04.1999 00:00;;;;;;;;;;;;;;6.2;14.2;22.3;51.1;;;;;;;;;;;;;;;;14;;
PRE;10.04.1999 00:00;;;;;;;;;;;;;;2.3;7.3;8.3;26.3;;;;;;;;;;;;;;;;18;;
PRE;11.04.1999 00:00;;;;;;;;;;;;;;2.1;6.8;7.6;24.5;;;;;;;;;;;;;;;;198;;
PRE;12.04.1999 00:00;;;;;;;;;;;;;;4.9;14.6;17.6;52.6;;;;;;;;;;;;;;;;261;;
PRE;13.04.1999 00:00;;;;;;;;;;;;;;6.3;15;22.7;54;;;;;;;;;;;;;;;;247;;
PRE;14.04.1999 00:00;;;;;;;;;;;;;;7.6;19.8;27.4;71.3;;;;;;;;;;;;;;;;238;;
PRE;15.04.1999 00:00;;;;;;;;;;;;;;3.1;16.1;11.2;58;;;;;;;;;;;;;;;;249;;
PRE;16.04.1999 00:00;;;;;;;;;;;;;;2.1;5.5;7.6;19.8;;;;;;;;;;;;;;;;30;;
PRE;17.04.1999 00:00;;;;;;;;;;;;;;2.7;11.5;9.7;41.4;;;;;;;;;;;;;;;;28;;
PRE;18.04.1999 00:00;;;;;;;;;;;;;;3.8;10.6;13.7;38.2;;;;;;;;;;;;;;;;256;;
PRE;19.04.1999 00:00;;;;;;;;;;;;;;3.8;11.2;13.7;40.3;;;;;;;;;;;;;;;;283;;
PRE;20.04.1999 00:00;;;;;;;;;;;;;;1.7;6.2;6.1;22.3;;;;;;;;;;;;;;;;13;;
PRE;21.04.1999 00:00;;;;;;;;;;;;;;1.8;14.7;6.5;52.9;;;;;;;;;;;;;;;;124;;
PRE;22.04.1999 00:00;;;;;;;;;;;;;;3.6;16.5;13;59.4;;;;;;;;;;;;;;;;230;;
PRE;23.04.1999 00:00;;;;;;;;;;;;;;3;16.3;10.8;58.7;;;;;;;;;;;;;;;;243;;
PRE;24.04.1999 00:00;;;;;;;;;;;;;;2;6.7;7.2;24.1;;;;;;;;;;;;;;;;240;;
PRE;25.04.1999 00:00;;;;;;;;;;;;;;1.4;5.6;5;20.2;;;;;;;;;;;;;;;;117;;
PRE;26.04.1999 00:00;;;;;;;;;;;;;;2.1;8.8;7.6;31.7;;;;;;;;;;;;;;;;270;;
PRE;27.04.1999 00:00;;;;;;;;;;;;;;2.9;9;10.4;32.4;;;;;;;;;;;;;;;;22;;
PRE;28.04.1999 00:00;;;;;;;;;;;;;;6.1;15.7;22;56.5;;;;;;;;;;;;;;;;14;;
PRE;29.04.1999 00:00;;;;;;;;;;;;;;4.2;13.2;15.1;47.5;;;;;;;;;;;;;;;;357;;
PRE;30.04.1999 00:00;;;;;;;;;;;;;;1.5;4.2;5.4;15.1;;;;;;;;;;;;;;;;45;;
PRE;01.05.1999 00:00;;;;;;;;;;;;;;1.9;8.2;6.8;29.5;;;;;;;;;;;;;;;;18;;
PRE;02.05.1999 00:00;;;;;;;;;;;;;;1.7;6.7;6.1;24.1;;;;;;;;;;;;;;;;360;;
PRE;03.05.1999 00:00;;;;;;;;;;;;;;5.3;12;19.1;43.2;;;;;;;;;;;;;;;;7;;
PRE;04.05.1999 00:00;;;;;;;;;;;;;;3.6;13.1;13;47.2;;;;;;;;;;;;;;;;2;;
PRE;05.05.1999 00:00;;;;;;;;;;;;;;2.5;8.5;9;30.6;;;;;;;;;;;;;;;;243;;
PRE;06.05.1999 00:00;;;;;;;;;;;;;;1.3;4.1;4.7;14.8;;;;;;;;;;;;;;;;90;;
PRE;07.05.1999 00:00;;;;;;;;;;;;;;2.7;17;9.7;61.2;;;;;;;;;;;;;;;;232;;
PRE;08.05.1999 00:00;;;;;;;;;;;;;;2.2;9.2;7.9;33.1;;;;;;;;;;;;;;;;225;;
PRE;09.05.1999 00:00;;;;;;;;;;;;;;2.5;8.8;9;31.7;;;;;;;;;;;;;;;;360;;
PRE;10.05.1999 00:00;;;;;;;;;;;;;;2.4;9.6;8.6;34.6;;;;;;;;;;;;;;;;238;;
PRE;11.05.1999 00:00;;;;;;;;;;;;;;1.6;6.8;5.8;24.5;;;;;;;;;;;;;;;;135;;
PRE;12.05.1999 00:00;;;;;;;;;;;;;;3.7;9.5;13.3;34.2;;;;;;;;;;;;;;;;245;;
PRE;13.05.1999 00:00;;;;;;;;;;;;;;2.5;10.8;9;38.9;;;;;;;;;;;;;;;;212;;
PRE;14.05.1999 00:00;;;;;;;;;;;;;;1.7;10.5;6.1;37.8;;;;;;;;;;;;;;;;31;;
PRE;15.05.1999 00:00;;;;;;;;;;;;;;3;8.7;10.8;31.3;;;;;;;;;;;;;;;;16;;
PRE;16.05.1999 00:00;;;;;;;;;;;;;;4.4;11.2;15.8;40.3;;;;;;;;;;;;;;;;11;;
PRE;17.05.1999 00:00;;;;;;;;;;;;;;5.4;12.6;19.4;45.4;;;;;;;;;;;;;;;;17;;
PRE;18.05.1999 00:00;;;;;;;;;;;;;;2.6;10.3;9.4;37.1;;;;;;;;;;;;;;;;360;;
PRE;19.05.1999 00:00;;;;;;;;;;;;;;1.7;10.7;6.1;38.5;;;;;;;;;;;;;;;;270;;
PRE;20.05.1999 00:00;;;;;;;;;;;;;;2.6;7.7;9.4;27.7;;;;;;;;;;;;;;;;225;;
PRE;21.05.1999 00:00;;;;;;;;;;;;;;2.2;6.6;7.9;23.8;;;;;;;;;;;;;;;;239;;
PRE;22.05.1999 00:00;;;;;;;;;;;;;;2.2;7.6;7.9;27.4;;;;;;;;;;;;;;;;220;;
PRE;23.05.1999 00:00;;;;;;;;;;;;;;2.9;7.5;10.4;27;;;;;;;;;;;;;;;;17;;
PRE;24.05.1999 00:00;;;;;;;;;;;;;;2.1;6.6;7.6;23.8;;;;;;;;;;;;;;;;21;;
PRE;25.05.1999 00:00;;;;;;;;;;;;;;1.7;5.8;6.1;20.9;;;;;;;;;;;;;;;;353;;
PRE;26.05.1999 00:00;;;;;;;;;;;;;;1.8;6.2;6.5;22.3;;;;;;;;;;;;;;;;22;;
PRE;27.05.1999 00:00;;;;;;;;;;;;;;1.7;7.7;6.1;27.7;;;;;;;;;;;;;;;;233;;
PRE;28.05.1999 00:00;;;;;;;;;;;;;;2.2;6.3;7.9;22.7;;;;;;;;;;;;;;;;40;;
PRE;29.05.1999 00:00;;;;;;;;;;;;;;2.2;6.5;7.9;23.4;;;;;;;;;;;;;;;;45;;
PRE;30.05.1999 00:00;;;;;;;;;;;;;;1.4;3.8;5;13.7;;;;;;;;;;;;;;;;117;;
PRE;31.05.1999 00:00;;;;;;;;;;;;;;2.2;8.1;7.9;29.2;;;;;;;;;;;;;;;;360;;
PRE;01.06.1999 00:00;;;;;;;;;;;;;;1.8;8.6;6.5;31;;;;;;;;;;;;;;;;22;;
PRE;02.06.1999 00:00;;;;;;;;;;;;;;3;26.1;11.9;94;;;;;;;;;;;;;;;;279;;
PRE;03.06.1999 00:00;;;;;;;;;;;;;;2;9.1;6.5;32.8;;;;;;;;;;;;;;;;204;;
PRE;04.06.1999 00:00;;;;;;;;;;;;;;3.6;9.8;13;35.3;;;;;;;;;;;;;;;;241;;
PRE;05.06.1999 00:00;;;;;;;;;;;;;;1.8;8;6.5;28.8;;;;;;;;;;;;;;;;292;;
PRE;06.06.1999 00:00;;;;;;;;;;;;;;2.9;10;10.4;36;;;;;;;;;;;;;;;;270;;
PRE;07.06.1999 00:00;;;;;;;;;;;;;;2;8.6;;31;;;;;;;;;;;;;;;;360;;
PRE;08.06.1999 00:00;;;;;;;;;;;;;;2.6;7.1;9.4;25.6;;;;;;;;;;;;;;;;238;;
PRE;09.06.1999 00:00;;;;;;;;;;;;;;3.3;8.4;11.9;30.2;;;;;;;;;;;;;;;;6;;
PRE;10.06.1999 00:00;;;;;;;;;;;;;;2.2;8.3;7.9;29.9;;;;;;;;;;;;;;;;12;;
PRE;11.06.1999 00:00;;;;;;;;;;;;;;3.9;9;14;32.4;;;;;;;;;;;;;;;;18;;
PRE;12.06.1999 00:00;;;;;;;;;;;;;;2.6;6.7;9.4;24.1;;;;;;;;;;;;;;;;5;;
PRE;13.06.1999 00:00;;;;;;;;;;;;;;2.3;15.7;8.3;56.5;;;;;;;;;;;;;;;;309;;
PRE;14.06.1999 00:00;;;;;;;;;;;;;;2.2;8.2;7.9;29.5;;;;;;;;;;;;;;;;7;;
PRE;15.06.1999 00:00;;;;;;;;;;;;;;5.9;16.8;21.2;60.5;;;;;;;;;;;;;;;;24;;
PRE;16.06.1999 00:00;;;;;;;;;;;;;;3.9;12.7;14;45.7;;;;;;;;;;;;;;;;20;;
PRE;17.06.1999 00:00;;;;;;;;;;;;;;2.3;8;8.3;28.8;;;;;;;;;;;;;;;;14;;
PRE;18.06.1999 00:00;;;;;;;;;;;;;;3.1;9.2;11.5;33.1;;;;;;;;;;;;;;;;5;;
PRE;19.06.1999 00:00;;;;;;;;;;;;;;5;11.6;18;41.8;;;;;;;;;;;;;;;;18;;
PRE;20.06.1999 00:00;;;;;;;;;;;;;;3;8.3;10.8;29.9;;;;;;;;;;;;;;;;291;;
PRE;21.06.1999 00:00;;;;;;;;;;;;;;3.8;14.1;13.7;50.8;;;;;;;;;;;;;;;;288;;
PRE;22.06.1999 00:00;;;;;;;;;;;;;;3.6;10.7;13;38.5;;;;;;;;;;;;;;;;25;;
PRE;23.06.1999 00:00;;;;;;;;;;;;;;3.8;9.5;13.7;34.2;;;;;;;;;;;;;;;;17;;
PRE;24.06.1999 00:00;;;;;;;;;;;;;;3.6;9.6;13;34.6;;;;;;;;;;;;;;;;13;;
PRE;25.06.1999 00:00;;;;;;;;;;;;;;1.5;5.1;5.4;18.4;;;;;;;;;;;;;;;;45;;
PRE;26.06.1999 00:00;;;;;;;;;;;;;;1.5;6.8;5.4;24.5;;;;;;;;;;;;;;;;307;;
PRE;27.06.1999 00:00;;;;;;;;;;;;;;3.2;24.1;11.5;86.8;;;;;;;;;;;;;;;;220;;
PRE;28.06.1999 00:00;;;;;;;;;;;;;;3;8.3;10.8;29.9;;;;;;;;;;;;;;;;225;;
PRE;29.06.1999 00:00;;;;;;;;;;;;;;1.5;5.1;5.4;18.4;;;;;;;;;;;;;;;;243;;
PRE;30.06.1999 00:00;;;;;;;;;;;;;;2.8;10;10.1;36;;;;;;;;;;;;;;;;266;;
PRE;01.07.1999 00:00;;;;;;;;;;;;;;1.5;5;5.4;18;;;;;;;;;;;;;;;;180;;
PRE;02.07.1999 00:00;;;;;;;;;;;;;;1.6;3.7;5.8;13.3;;;;;;;;;;;;;;;;27;;
PRE;03.07.1999 00:00;;;;;;;;;;;;;;1.6;4.3;5.8;15.5;;;;;;;;;;;;;;;;0;;
PRE;04.07.1999 00:00;;;;;;;;;;;;;;1.9;10.6;6.8;38.2;;;;;;;;;;;;;;;;63;;
PRE;05.07.1999 00:00;;;;;;;;;;;;;;2.5;13;9;46.8;;;;;;;;;;;;;;;;256;;
PRE;06.07.1999 00:00;;;;;;;;;;;;;;3.3;12.3;11.9;44.3;;;;;;;;;;;;;;;;242;;
PRE;07.07.1999 00:00;;;;;;;;;;;;;;2.2;9.8;7.9;35.3;;;;;;;;;;;;;;;;20;;
PRE;08.07.1999 00:00;;;;;;;;;;;;;;7;18.1;25.2;65.2;;;;;;;;;;;;;;;;19;;
PRE;09.07.1999 00:00;;;;;;;;;;;;;;9.2;21;33.1;75.6;;;;;;;;;;;;;;;;21;;
PRE;10.07.1999 00:00;;;;;;;;;;;;;;3.1;11.3;11.2;40.7;;;;;;;;;;;;;;;;21;;
PRE;11.07.1999 00:00;;;;;;;;;;;;;;1.9;6.2;6.8;22.3;;;;;;;;;;;;;;;;90;;
PRE;12.07.1999 00:00;;;;;;;;;;;;;;1.7;5.7;6.1;20.5;;;;;;;;;;;;;;;;63;;
PRE;13.07.1999 00:00;;;;;;;;;;;;;;2.1;11.5;7.6;41.4;;;;;;;;;;;;;;;;191;;
PRE;14.07.1999 00:00;;;;;;;;;;;;;;4;11.1;14.4;40;;;;;;;;;;;;;;;;248;;
PRE;15.07.1999 00:00;;;;;;;;;;;;;;3;8.2;10.8;29.5;;;;;;;;;;;;;;;;255;;
PRE;16.07.1999 00:00;;;;;;;;;;;;;;2.4;8.1;8.6;29.2;;;;;;;;;;;;;;;;337;;
PRE;17.07.1999 00:00;;;;;;;;;;;;;;2.4;9.2;8.6;33.1;;;;;;;;;;;;;;;;35;;
PRE;18.07.1999 00:00;;;;;;;;;;;;;;2.2;12.5;7.9;45;;;;;;;;;;;;;;;;41;;
PRE;19.07.1999 00:00;;;;;;;;;;;;;;1.7;9.3;6.1;33.5;;;;;;;;;;;;;;;;149;;
PRE;20.07.1999 00:00;;;;;;;;;;;;;;3.5;12.1;12.6;43.6;;;;;;;;;;;;;;;;234;;
PRE;21.07.1999 00:00;;;;;;;;;;;;;;4.4;14.1;15.8;50.8;;;;;;;;;;;;;;;;256;;
PRE;22.07.1999 00:00;;;;;;;;;;;;;;3.6;13.7;13;49.3;;;;;;;;;;;;;;;;310;;
PRE;23.07.1999 00:00;;;;;;;;;;;;;;5.1;13.3;18.4;47.9;;;;;;;;;;;;;;;;13;;
PRE;24.07.1999 00:00;;;;;;;;;;;;;;6.5;14.8;23.4;53.3;;;;;;;;;;;;;;;;22;;
PRE;25.07.1999 00:00;;;;;;;;;;;;;;4.4;11.6;15.8;41.8;;;;;;;;;;;;;;;;22;;
PRE;26.07.1999 00:00;;;;;;;;;;;;;;3.5;9.3;12.6;33.5;;;;;;;;;;;;;;;;15;;
PRE;27.07.1999 00:00;;;;;;;;;;;;;;2.6;18.8;9.4;67.7;;;;;;;;;;;;;;;;333;;
PRE;28.07.1999 00:00;;;;;;;;;;;;;;2.4;8.8;8.6;31.7;;;;;;;;;;;;;;;;6;;
PRE;29.07.1999 00:00;;;;;;;;;;;;;;3.7;10.7;13.3;38.5;;;;;;;;;;;;;;;;28;;
PRE;30.07.1999 00:00;;;;;;;;;;;;;;2.9;6.8;10.4;24.5;;;;;;;;;;;;;;;;24;;
PRE;31.07.1999 00:00;;;;;;;;;;;;;;2.8;6.8;10.1;24.5;;;;;;;;;;;;;;;;10;;
PRE;01.08.1999 00:00;;;;;;;;;;;;;;1.9;7.5;6.8;27;;;;;;;;;;;;;;;;243;;
PRE;02.08.1999 00:00;;;;;;;;;;;;;;1.8;6;6.5;21.6;;;;;;;;;;;;;;;;279;;
PRE;03.08.1999 00:00;;;;;;;;;;;;;;2.9;10.6;10.4;38.2;;;;;;;;;;;;;;;;253;;
PRE;04.08.1999 00:00;;;;;;;;;;;;;;1.8;7.1;6.5;25.6;;;;;;;;;;;;;;;;9;;
PRE;05.08.1999 00:00;;;;;;;;;;;;;;2.4;7.8;8.6;28.1;;;;;;;;;;;;;;;;360;;
PRE;06.08.1999 00:00;;;;;;;;;;;;;;3;27.1;10.8;97.6;;;;;;;;;;;;;;;;238;;
PRE;07.08.1999 00:00;;;;;;;;;;;;;;2.6;6.8;9.4;24.5;;;;;;;;;;;;;;;;236;;
PRE;08.08.1999 00:00;;;;;;;;;;;;;;2.9;14.5;10.4;52.2;;;;;;;;;;;;;;;;221;;
PRE;09.08.1999 00:00;;;;;;;;;;;;;;2.3;22.6;8.3;81.4;;;;;;;;;;;;;;;;149;;
PRE;10.08.1999 00:00;;;;;;;;;;;;;;4.1;11.3;14.8;40.7;;;;;;;;;;;;;;;;236;;
PRE;11.08.1999 00:00;;;;;;;;;;;;;;2.5;5.8;9;20.9;;;;;;;;;;;;;;;;248;;
PRE;12.08.1999 00:00;;;;;;;;;;;;;;3.5;11;12.6;39.6;;;;;;;;;;;;;;;;20;;
PRE;13.08.1999 00:00;;;;;;;;;;;;;;2.5;8.3;9;29.9;;;;;;;;;;;;;;;;357;;
PRE;14.08.1999 00:00;;;;;;;;;;;;;;4;10.2;14.4;36.7;;;;;;;;;;;;;;;;242;;
PRE;15.08.1999 00:00;;;;;;;;;;;;;;4.2;11.7;15.1;42.1;;;;;;;;;;;;;;;;248;;
PRE;16.08.1999 00:00;;;;;;;;;;;;;;3.1;10;11.2;36;;;;;;;;;;;;;;;;250;;
PRE;17.08.1999 00:00;;;;;;;;;;;;;;3.2;8.6;11.5;31;;;;;;;;;;;;;;;;235;;
PRE;18.08.1999 00:00;;;;;;;;;;;;;;3.8;19.6;13.7;70.6;;;;;;;;;;;;;;;;236;;
PRE;19.08.1999 00:00;;;;;;;;;;;;;;2.7;7.6;9.7;27.4;;;;;;;;;;;;;;;;237;;
PRE;20.08.1999 00:00;;;;;;;;;;;;;;2;6.6;7.2;23.8;;;;;;;;;;;;;;;;51;;
PRE;21.08.1999 00:00;;;;;;;;;;;;;;4.1;9.6;14.8;34.6;;;;;;;;;;;;;;;;18;;
PRE;22.08.1999 00:00;;;;;;;;;;;;;;3.8;10.6;13.7;38.2;;;;;;;;;;;;;;;;19;;
PRE;23.08.1999 00:00;;;;;;;;;;;;;;1.2;3.8;4.3;13.7;;;;;;;;;;;;;;;;315;;
PRE;24.08.1999 00:00;;;;;;;;;;;;;;1.8;7.6;6.5;27.4;;;;;;;;;;;;;;;;34;;
PRE;25.08.1999 00:00;;;;;;;;;;;;;;1.7;6.5;6.1;23.4;;;;;;;;;;;;;;;;37;;
PRE;26.08.1999 00:00;;;;;;;;;;;;;;1.6;8.3;5.8;29.9;;;;;;;;;;;;;;;;249;;
PRE;27.08.1999 00:00;;;;;;;;;;;;;;1.3;3.5;4.7;12.6;;;;;;;;;;;;;;;;270;;
PRE;28.08.1999 00:00;;;;;;;;;;;;;;2.4;9.6;8.6;34.6;;;;;;;;;;;;;;;;360;;
PRE;29.08.1999 00:00;;;;;;;;;;;;;;5;10.5;18;37.8;;;;;;;;;;;;;;;;20;;
PRE;30.08.1999 00:00;;;;;;;;;;;;;;3.8;11;13.7;39.6;;;;;;;;;;;;;;;;33;;
PRE;31.08.1999 00:00;;;;;;;;;;;;;;2.7;7.8;9.7;28.1;;;;;;;;;;;;;;;;21;;
PRE;01.09.1999 00:00;;;;;;;;;;;;;;4;10.6;14.4;38.2;;;;;;;;;;;;;;;;23;;
PRE;02.09.1999 00:00;;;;;;;;;;;;;;6.9;16.3;24.8;58.7;;;;;;;;;;;;;;;;27;;
PRE;03.09.1999 00:00;;;;;;;;;;;;;;3.8;11.5;13.7;41.4;;;;;;;;;;;;;;;;12;;
PRE;04.09.1999 00:00;;;;;;;;;;;;;;2.3;7.3;8.3;26.3;;;;;;;;;;;;;;;;239;;
PRE;05.09.1999 00:00;;;;;;;;;;;;;;1.9;6.3;6.5;22.7;;;;;;;;;;;;;;;;68;;
PRE;06.09.1999 00:00;;;;;;;;;;;;;;2.6;11;9.4;39.6;;;;;;;;;;;;;;;;229;;
PRE;07.09.1999 00:00;;;;;;;;;;;;;;1.6;4.6;5.8;16.6;;;;;;;;;;;;;;;;217;;
PRE;08.09.1999 00:00;;;;;;;;;;;;;;2.4;6.1;8.6;22;;;;;;;;;;;;;;;;11;;
PRE;09.09.1999 00:00;;;;;;;;;;;;;;2.1;7.3;7.6;26.3;;;;;;;;;;;;;;;;337;;
PRE;10.09.1999 00:00;;;;;;;;;;;;;;2.2;6.3;7.9;22.7;;;;;;;;;;;;;;;;16;;
PRE;11.09.1999 00:00;;;;;;;;;;;;;;1.6;4.8;5.8;17.3;;;;;;;;;;;;;;;;360;;
PRE;12.09.1999 00:00;;;;;;;;;;;;;;1.4;3.7;5;13.3;;;;;;;;;;;;;;;;270;;
PRE;13.09.1999 00:00;;;;;;;;;;;;;;1.7;4.7;6.1;16.9;;;;;;;;;;;;;;;;315;;
PRE;14.09.1999 00:00;;;;;;;;;;;;;;1.4;3.7;5;13.3;;;;;;;;;;;;;;;;270;;
PRE;15.09.1999 00:00;;;;;;;;;;;;;;1.7;6.3;6.1;22.7;;;;;;;;;;;;;;;;252;;
PRE;16.09.1999 00:00;;;;;;;;;;;;;;1.4;4.7;5;16.9;;;;;;;;;;;;;;;;243;;
PRE;17.09.1999 00:00;;;;;;;;;;;;;;2.4;9.1;8.6;32.8;;;;;;;;;;;;;;;;285;;
PRE;18.09.1999 00:00;;;;;;;;;;;;;;2.8;8.3;10.1;29.9;;;;;;;;;;;;;;;;12;;
PRE;19.09.1999 00:00;;;;;;;;;;;;;;2.9;8.3;10.4;29.9;;;;;;;;;;;;;;;;7;;
PRE;20.09.1999 00:00;;;;;;;;;;;;;;4.8;14.7;17.3;52.9;;;;;;;;;;;;;;;;233;;
PRE;21.09.1999 00:00;;;;;;;;;;;;;;3.7;14.2;13.3;51.1;;;;;;;;;;;;;;;;248;;
PRE;22.09.1999 00:00;;;;;;;;;;;;;;1.4;4.3;5;15.5;;;;;;;;;;;;;;;;360;;
PRE;23.09.1999 00:00;;;;;;;;;;;;;;1.6;13;5.8;46.8;;;;;;;;;;;;;;;;236;;
PRE;24.09.1999 00:00;;;;;;;;;;;;;;1.7;6.6;6.1;23.8;;;;;;;;;;;;;;;;30;;
PRE;25.09.1999 00:00;;;;;;;;;;;;;;1.7;9;6.1;32.4;;;;;;;;;;;;;;;;14;;
PRE;26.09.1999 00:00;;;;;;;;;;;;;;3;7.5;10.8;27;;;;;;;;;;;;;;;;236;;
PRE;27.09.1999 00:00;;;;;;;;;;;;;;2.7;;9.7;;;;;;;;;;;;;;;;;240;;
PRE;29.09.1999 00:00;;;;;;;;;;;;;;3.7;9.1;13.3;32.8;;;;;;;;;;;;;;;;239;;
PRE;30.09.1999 00:00;;;;;;;;;;;;;;4.5;16.6;16.2;59.8;;;;;;;;;;;;;;;;236;;
PRE;01.10.1999 00:00;;;;;;;;;;;;;;4.3;13.2;15.5;47.5;;;;;;;;;;;;;;;;237;;
PRE;02.10.1999 00:00;;;;;;;;;;;;;;4.4;13.6;15.8;49;;;;;;;;;;;;;;;;243;;
PRE;03.10.1999 00:00;;;;;;;;;;;;;;4;12;14.4;43.2;;;;;;;;;;;;;;;;248;;
PRE;04.10.1999 00:00;;;;;;;;;;;;;;3.7;11.8;13.3;42.5;;;;;;;;;;;;;;;;253;;
PRE;05.10.1999 00:00;;;;;;;;;;;;;;3;10;10.8;36;;;;;;;;;;;;;;;;2;;
PRE;06.10.1999 00:00;;;;;;;;;;;;;;4.9;11.5;17.6;41.4;;;;;;;;;;;;;;;;27;;
PRE;07.10.1999 00:00;;;;;;;;;;;;;;2.5;7.2;9;25.9;;;;;;;;;;;;;;;;349;;
PRE;08.10.1999 00:00;;;;;;;;;;;;;;1.5;4.7;5.4;16.9;;;;;;;;;;;;;;;;323;;
PRE;09.10.1999 00:00;;;;;;;;;;;;;;1.5;4.6;5.4;16.6;;;;;;;;;;;;;;;;326;;
PRE;10.10.1999 00:00;;;;;;;;;;;;;;2.1;6.8;7.6;24.5;;;;;;;;;;;;;;;;354;;
PRE;11.10.1999 00:00;;;;;;;;;;;;;;1.9;6.7;6.8;24.1;;;;;;;;;;;;;;;;333;;
PRE;12.10.1999 00:00;;;;;;;;;;;;;;3.1;9.1;11.2;32.8;;;;;;;;;;;;;;;;2;;
PRE;13.10.1999 00:00;;;;;;;;;;;;;;2.1;6.5;7.6;23.4;;;;;;;;;;;;;;;;12;;
PRE;14.10.1999 00:00;;;;;;;;;;;;;;2.8;8.3;10.1;29.9;;;;;;;;;;;;;;;;9;;
PRE;15.10.1999 00:00;;;;;;;;;;;;;;4.1;8.8;14.8;31.7;;;;;;;;;;;;;;;;16;;
PRE;16.10.1999 00:00;;;;;;;;;;;;;;3.8;8.6;13.7;31;;;;;;;;;;;;;;;;6;;
PRE;17.10.1999 00:00;;;;;;;;;;;;;;4.9;11.5;17.6;41.4;;;;;;;;;;;;;;;;5;;
PRE;18.10.1999 00:00;;;;;;;;;;;;;;6.6;15.5;23.8;55.8;;;;;;;;;;;;;;;;13;;
PRE;19.10.1999 00:00;;;;;;;;;;;;;;3.7;8.7;13.3;31.3;;;;;;;;;;;;;;;;2;;
PRE;20.10.1999 00:00;;;;;;;;;;;;;;5.8;14;20.9;50.4;;;;;;;;;;;;;;;;10;;
PRE;21.10.1999 00:00;;;;;;;;;;;;;;2.4;10.2;8.6;36.7;;;;;;;;;;;;;;;;356;;
PRE;22.10.1999 00:00;;;;;;;;;;;;;;1.7;5.6;6.1;20.2;;;;;;;;;;;;;;;;329;;
PRE;23.10.1999 00:00;;;;;;;;;;;;;;2.4;9;8.6;32.4;;;;;;;;;;;;;;;;259;;
PRE;24.10.1999 00:00;;;;;;;;;;;;;;3;11.6;10.8;41.8;;;;;;;;;;;;;;;;2;;
PRE;25.10.1999 00:00;;;;;;;;;;;;;;2.6;7.8;9.4;28.1;;;;;;;;;;;;;;;;12;;
PRE;26.10.1999 00:00;;;;;;;;;;;;;;1.2;3.6;4.3;13;;;;;;;;;;;;;;;;315;;
PRE;27.10.1999 00:00;;;;;;;;;;;;;;1.4;4.2;5;15.1;;;;;;;;;;;;;;;;301;;
PRE;28.10.1999 00:00;;;;;;;;;;;;;;1.1;4.3;4;15.5;;;;;;;;;;;;;;;;304;;
PRE;29.10.1999 00:00;;;;;;;;;;;;;;0.9;4.3;3.2;15.5;;;;;;;;;;;;;;;;333;;
PRE;30.10.1999 00:00;;;;;;;;;;;;;;1.6;12.2;5.8;43.9;;;;;;;;;;;;;;;;304;;
PRE;31.10.1999 00:00;;;;;;;;;;;;;;3.1;9.8;11.2;35.3;;;;;;;;;;;;;;;;349;;
PRE;01.11.1999 00:00;;;;;;;;;;;;;;1.3;3.7;4.7;13.3;;;;;;;;;;;;;;;;315;;
PRE;02.11.1999 00:00;;;;;;;;;;;;;;1.2;5.5;4.3;19.8;;;;;;;;;;;;;;;;270;;
PRE;03.11.1999 00:00;;;;;;;;;;;;;;5.7;14.8;20.5;53.3;;;;;;;;;;;;;;;;25;;
PRE;04.11.1999 00:00;;;;;;;;;;;;;;3.8;10.7;13.7;38.5;;;;;;;;;;;;;;;;12;;
PRE;05.11.1999 00:00;;;;;;;;;;;;;;2.3;15.2;8.3;54.7;;;;;;;;;;;;;;;;236;;
PRE;06.11.1999 00:00;;;;;;;;;;;;;;4.6;18.2;16.6;65.5;;;;;;;;;;;;;;;;247;;
PRE;07.11.1999 00:00;;;;;;;;;;;;;;5.8;13.2;20.9;47.5;;;;;;;;;;;;;;;;14;;
PRE;08.11.1999 00:00;;;;;;;;;;;;;;4.8;12;17.3;43.2;;;;;;;;;;;;;;;;32;;
PRE;09.11.1999 00:00;;;;;;;;;;;;;;3.4;9.8;12.2;35.3;;;;;;;;;;;;;;;;34;;
PRE;10.11.1999 00:00;;;;;;;;;;;;;;2.4;6.7;8.6;24.1;;;;;;;;;;;;;;;;43;;
PRE;11.11.1999 00:00;;;;;;;;;;;;;;5;11;18;39.6;;;;;;;;;;;;;;;;13;;
PRE;12.11.1999 00:00;;;;;;;;;;;;;;5.1;10.5;18.4;37.8;;;;;;;;;;;;;;;;20;;
PRE;13.11.1999 00:00;;;;;;;;;;;;;;5.6;13;20.2;46.8;;;;;;;;;;;;;;;;17;;
PRE;14.11.1999 00:00;;;;;;;;;;;;;;2.9;10.7;10.4;38.5;;;;;;;;;;;;;;;;2;;
PRE;15.11.1999 00:00;;;;;;;;;;;;;;7.3;16.6;26.3;59.8;;;;;;;;;;;;;;;;14;;
PRE;16.11.1999 00:00;;;;;;;;;;;;;;2.9;8.5;10.4;30.6;;;;;;;;;;;;;;;;282;;
PRE;17.11.1999 00:00;;;;;;;;;;;;;;4.3;9.8;15.5;35.3;;;;;;;;;;;;;;;;249;;
PRE;18.11.1999 00:00;;;;;;;;;;;;;;6.3;16.3;22.7;58.7;;;;;;;;;;;;;;;;253;;
PRE;19.11.1999 00:00;;;;;;;;;;;;;;3.6;11.3;13;40.7;;;;;;;;;;;;;;;;327;;
PRE;20.11.1999 00:00;;;;;;;;;;;;;;6.1;13.6;22;49;;;;;;;;;;;;;;;;27;;
PRE;21.11.1999 00:00;;;;;;;;;;;;;;5.9;13.5;21.2;48.6;;;;;;;;;;;;;;;;22;;
PRE;22.11.1999 00:00;;;;;;;;;;;;;;3.5;9;12.6;32.4;;;;;;;;;;;;;;;;2;;
PRE;23.11.1999 00:00;;;;;;;;;;;;;;2.8;7.1;10.1;25.6;;;;;;;;;;;;;;;;270;;
PRE;24.11.1999 00:00;;;;;;;;;;;;;;4.6;13;16.6;46.8;;;;;;;;;;;;;;;;26;;
PRE;25.11.1999 00:00;;;;;;;;;;;;;;4;11.5;14.4;41.4;;;;;;;;;;;;;;;;34;;
PRE;26.11.1999 00:00;;;;;;;;;;;;;;1.5;5.5;5.4;19.8;;;;;;;;;;;;;;;;342;;
PRE;27.11.1999 00:00;;;;;;;;;;;;;;1.6;6.1;5.8;22;;;;;;;;;;;;;;;;336;;
PRE;28.11.1999 00:00;;;;;;;;;;;;;;1.4;4.7;5;16.9;;;;;;;;;;;;;;;;319;;
PRE;29.11.1999 00:00;;;;;;;;;;;;;;1.3;3.7;4.7;13.3;;;;;;;;;;;;;;;;323;;
PRE;30.11.1999 00:00;;;;;;;;;;;;;;1.3;3.7;4.7;13.3;;;;;;;;;;;;;;;;287;;
PRE;01.12.1999 00:00;;;;;;;;;;;;;;1;3.2;3.6;11.5;;;;;;;;;;;;;;;;297;;
PRE;02.12.1999 00:00;;;;;;;;;;;;;;1.4;4.8;5;17.3;;;;;;;;;;;;;;;;281;;
PRE;03.12.1999 00:00;;;;;;;;;;;;;;3.7;11.6;13.3;41.8;;;;;;;;;;;;;;;;251;;
PRE;04.12.1999 00:00;;;;;;;;;;;;;;6.6;14.1;23.8;50.8;;;;;;;;;;;;;;;;264;;
PRE;05.12.1999 00:00;;;;;;;;;;;;;;3.2;13.6;11.5;49;;;;;;;;;;;;;;;;344;;
PRE;06.12.1999 00:00;;;;;;;;;;;;;;1.8;4.5;6.5;16.2;;;;;;;;;;;;;;;;351;;
PRE;07.12.1999 00:00;;;;;;;;;;;;;;1.9;11.2;6.8;40.3;;;;;;;;;;;;;;;;253;;
PRE;08.12.1999 00:00;;;;;;;;;;;;;;2.9;10.2;10.4;36.7;;;;;;;;;;;;;;;;238;;
PRE;09.12.1999 00:00;;;;;;;;;;;;;;5.8;17;20.9;61.2;;;;;;;;;;;;;;;;249;;
PRE;10.12.1999 00:00;;;;;;;;;;;;;;3.2;9.7;11.5;34.9;;;;;;;;;;;;;;;;263;;
PRE;11.12.1999 00:00;;;;;;;;;;;;;;6;13.7;21.6;49.3;;;;;;;;;;;;;;;;256;;
PRE;12.12.1999 00:00;;;;;;;;;;;;;;9.6;29.5;34.6;106.2;;;;;;;;;;;;;;;;249;;
PRE;13.12.1999 00:00;;;;;;;;;;;;;;7.2;17.3;25.9;62.3;;;;;;;;;;;;;;;;233;;
PRE;14.12.1999 00:00;;;;;;;;;;;;;;6.4;15.5;22.7;55.8;;;;;;;;;;;;;;;;241;;
PRE;15.12.1999 00:00;;;;;;;;;;;;;;2.2;7.2;7.9;25.9;;;;;;;;;;;;;;;;9;;
PRE;16.12.1999 00:00;;;;;;;;;;;;;;7.4;18.8;26.6;67.7;;;;;;;;;;;;;;;;31;;
PRE;17.12.1999 00:00;;;;;;;;;;;;;;3.9;10.2;14;36.7;;;;;;;;;;;;;;;;281;;
PRE;18.12.1999 00:00;;;;;;;;;;;;;;7.2;13.3;25.9;47.9;;;;;;;;;;;;;;;;243;;
PRE;19.12.1999 00:00;;;;;;;;;;;;;;6.2;13.1;22.3;47.2;;;;;;;;;;;;;;;;302;;
PRE;20.12.1999 00:00;;;;;;;;;;;;;;7.1;14.8;25.6;53.3;;;;;;;;;;;;;;;;22;;
PRE;21.12.1999 00:00;;;;;;;;;;;;;;5.1;12.1;18.4;43.6;;;;;;;;;;;;;;;;19;;
PRE;22.12.1999 00:00;;;;;;;;;;;;;;2.1;6.3;7.6;22.7;;;;;;;;;;;;;;;;351;;
PRE;23.12.1999 00:00;;;;;;;;;;;;;;1.2;3.5;4.3;12.6;;;;;;;;;;;;;;;;333;;
PRE;24.12.1999 00:00;;;;;;;;;;;;;;3.4;13.3;12.2;47.9;;;;;;;;;;;;;;;;243;;
PRE;25.12.1999 00:00;;;;;;;;;;;;;;8.9;23.3;32;83.9;;;;;;;;;;;;;;;;258;;
PRE;26.12.1999 00:00;;;;;;;;;;;;;;10.3;35;37.1;126;;;;;;;;;;;;;;;;246;;
PRE;27.12.1999 00:00;;;;;;;;;;;;;;7.8;33.3;28.1;119.9;;;;;;;;;;;;;;;;238;;
PRE;28.12.1999 00:00;;;;;;;;;;;;;;8.5;35;30.6;126;;;;;;;;;;;;;;;;227;;
PRE;29.12.1999 00:00;;;;;;;;;;;;;;2.5;7.5;9;27;;;;;;;;;;;;;;;;299;;
PRE;30.12.1999 00:00;;;;;;;;;;;;;;2.3;7.2;8.3;25.9;;;;;;;;;;;;;;;;279;;
PRE;31.12.1999 00:00;;;;;;;;;;;;;;1.8;5.3;6.5;19.1;;;;;;;;;;;;;;;;283;;
PRE;01.01.2000 00:00;;;;;;;;;;;;;;1;3.2;3.6;11.5;;;;;;;;;;;;;;;;315;;
PRE;02.01.2000 00:00;;;;;;;;;;;;;;3.4;9;12.2;32.4;;;;;;;;;;;;;;;;20;;
PRE;03.01.2000 00:00;;;;;;;;;;;;;;1.7;5.1;6.1;18.4;;;;;;;;;;;;;;;;270;;
PRE;04.01.2000 00:00;;;;;;;;;;;;;;0.9;3.7;3.2;13.3;;;;;;;;;;;;;;;;34;;
PRE;05.01.2000 00:00;;;;;;;;;;;;;;1.3;5.5;4.7;19.8;;;;;;;;;;;;;;;;18;;
PRE;06.01.2000 00:00;;;;;;;;;;;;;;1.3;3.8;4.7;13.7;;;;;;;;;;;;;;;;360;;
PRE;07.01.2000 00:00;;;;;;;;;;;;;;1.2;3.6;4.3;13;;;;;;;;;;;;;;;;278;;
PRE;08.01.2000 00:00;;;;;;;;;;;;;;0.9;3.1;3.2;11.2;;;;;;;;;;;;;;;;292;;
PRE;09.01.2000 00:00;;;;;;;;;;;;;;0.6;2;2.2;7.2;;;;;;;;;;;;;;;;297;;
PRE;10.01.2000 00:00;;;;;;;;;;;;;;2.1;6.6;7.6;23.8;;;;;;;;;;;;;;;;24;;
PRE;11.01.2000 00:00;;;;;;;;;;;;;;3.4;7.5;12.2;27;;;;;;;;;;;;;;;;16;;
PRE;12.01.2000 00:00;;;;;;;;;;;;;;1.7;4.8;6.1;17.3;;;;;;;;;;;;;;;;9;;
PRE;13.01.2000 00:00;;;;;;;;;;;;;;1.3;4.1;4.7;14.8;;;;;;;;;;;;;;;;321;;
PRE;14.01.2000 00:00;;;;;;;;;;;;;;4;10;14.4;36;;;;;;;;;;;;;;;;15;;
PRE;15.01.2000 00:00;;;;;;;;;;;;;;5.2;12.2;18.7;43.9;;;;;;;;;;;;;;;;31;;
PRE;16.01.2000 00:00;;;;;;;;;;;;;;7.2;15.8;25.9;56.9;;;;;;;;;;;;;;;;42;;
PRE;17.01.2000 00:00;;;;;;;;;;;;;;3;9.8;10.8;35.3;;;;;;;;;;;;;;;;38;;
PRE;18.01.2000 00:00;;;;;;;;;;;;;;2.6;12.1;9.4;43.6;;;;;;;;;;;;;;;;9;;
PRE;19.01.2000 00:00;;;;;;;;;;;;;;7.1;14.7;25.6;52.9;;;;;;;;;;;;;;;;23;;
PRE;20.01.2000 00:00;;;;;;;;;;;;;;3.6;12.5;13;45;;;;;;;;;;;;;;;;20;;
PRE;21.01.2000 00:00;;;;;;;;;;;;;;2.8;9.5;10.1;34.2;;;;;;;;;;;;;;;;18;;
PRE;22.01.2000 00:00;;;;;;;;;;;;;;4.1;13;14.8;46.8;;;;;;;;;;;;;;;;248;;
PRE;23.01.2000 00:00;;;;;;;;;;;;;;2.1;6;7.6;21.6;;;;;;;;;;;;;;;;274;;
PRE;24.01.2000 00:00;;;;;;;;;;;;;;5.1;13;18.4;46.8;;;;;;;;;;;;;;;;16;;
PRE;25.01.2000 00:00;;;;;;;;;;;;;;5.9;13.5;21.2;48.6;;;;;;;;;;;;;;;;10;;
PRE;26.01.2000 00:00;;;;;;;;;;;;;;3.2;10.1;11.5;36.4;;;;;;;;;;;;;;;;349;;
PRE;27.01.2000 00:00;;;;;;;;;;;;;;1.6;5.2;5.8;18.7;;;;;;;;;;;;;;;;305;;
PRE;28.01.2000 00:00;;;;;;;;;;;;;;1.2;3.5;4.3;12.6;;;;;;;;;;;;;;;;294;;
PRE;29.01.2000 00:00;;;;;;;;;;;;;;7.6;17.2;27.4;61.9;;;;;;;;;;;;;;;;248;;
PRE;30.01.2000 00:00;;;;;;;;;;;;;;6.9;12.8;24.8;46.1;;;;;;;;;;;;;;;;257;;
PRE;31.01.2000 00:00;;;;;;;;;;;;;;2.2;7.6;7.9;27.4;;;;;;;;;;;;;;;;304;;
PRE;01.02.2000 00:00;;;;;;;;;;;;;;0.8;3;2.9;10.8;;;;;;;;;;;;;;;;342;;
PRE;02.02.2000 00:00;;;;;;;;;;;;;;1.3;7;4.7;25.2;;;;;;;;;;;;;;;;90;;
PRE;03.02.2000 00:00;;;;;;;;;;;;;;3.4;9.8;12.2;35.3;;;;;;;;;;;;;;;;31;;
PRE;04.02.2000 00:00;;;;;;;;;;;;;;1.7;6.3;6.1;22.7;;;;;;;;;;;;;;;;6;;
PRE;05.02.2000 00:00;;;;;;;;;;;;;;1;2.8;3.6;10.1;;;;;;;;;;;;;;;;326;;
PRE;06.02.2000 00:00;;;;;;;;;;;;;;0.9;2.8;3.2;10.1;;;;;;;;;;;;;;;;315;;
PRE;07.02.2000 00:00;;;;;;;;;;;;;;5.3;13.1;19.1;47.2;;;;;;;;;;;;;;;;243;;
PRE;08.02.2000 00:00;;;;;;;;;;;;;;6.9;14.3;24.8;51.5;;;;;;;;;;;;;;;;270;;
PRE;09.02.2000 00:00;;;;;;;;;;;;;;2.9;12.2;10.4;43.9;;;;;;;;;;;;;;;;265;;
PRE;10.02.2000 00:00;;;;;;;;;;;;;;1.4;4;5;14.4;;;;;;;;;;;;;;;;307;;
PRE;11.02.2000 00:00;;;;;;;;;;;;;;4.7;13.2;16.9;47.5;;;;;;;;;;;;;;;;29;;
PRE;12.02.2000 00:00;;;;;;;;;;;;;;2.3;7;8.3;25.2;;;;;;;;;;;;;;;;315;;
PRE;13.02.2000 00:00;;;;;;;;;;;;;;3.7;8.7;13.3;31.3;;;;;;;;;;;;;;;;234;;
PRE;14.02.2000 00:00;;;;;;;;;;;;;;1.5;6.6;5.4;23.8;;;;;;;;;;;;;;;;248;;
PRE;15.02.2000 00:00;;;;;;;;;;;;;;4.1;12.5;14.8;45;;;;;;;;;;;;;;;;227;;
PRE;16.02.2000 00:00;;;;;;;;;;;;;;6.5;29.8;23.4;107.3;;;;;;;;;;;;;;;;258;;
PRE;17.02.2000 00:00;;;;;;;;;;;;;;3.7;14.1;13.3;50.8;;;;;;;;;;;;;;;;261;;
PRE;18.02.2000 00:00;;;;;;;;;;;;;;6;14.2;21.6;51.1;;;;;;;;;;;;;;;;259;;
PRE;19.02.2000 00:00;;;;;;;;;;;;;;5.4;16.5;19.4;59.4;;;;;;;;;;;;;;;;270;;
PRE;20.02.2000 00:00;;;;;;;;;;;;;;4.4;11.2;15.8;40.3;;;;;;;;;;;;;;;;1;;
PRE;21.02.2000 00:00;;;;;;;;;;;;;;4.5;9.6;16.2;34.6;;;;;;;;;;;;;;;;19;;
PRE;22.02.2000 00:00;;;;;;;;;;;;;;2.7;7.3;9.7;26.3;;;;;;;;;;;;;;;;13;;
PRE;23.02.2000 00:00;;;;;;;;;;;;;;2.4;7.2;8.6;25.9;;;;;;;;;;;;;;;;6;;
PRE;24.02.2000 00:00;;;;;;;;;;;;;;0.9;3.1;3.2;11.2;;;;;;;;;;;;;;;;297;;
PRE;25.02.2000 00:00;;;;;;;;;;;;;;2.1;8.2;7.6;29.5;;;;;;;;;;;;;;;;257;;
PRE;26.02.2000 00:00;;;;;;;;;;;;;;1.1;3.2;4;11.5;;;;;;;;;;;;;;;;342;;
PRE;27.02.2000 00:00;;;;;;;;;;;;;;1.3;3.2;4.7;11.5;;;;;;;;;;;;;;;;346;;
PRE;28.02.2000 00:00;;;;;;;;;;;;;;5.7;18.8;20.5;67.7;;;;;;;;;;;;;;;;233;;
PRE;29.02.2000 00:00;;;;;;;;;;;;;;7.2;17.8;25.9;64.1;;;;;;;;;;;;;;;;245;;
PRE;01.03.2000 00:00;;;;;;;;;;;;;;4.8;15.2;17.3;54.7;;;;;;;;;;;;;;;;251;;
PRE;02.03.2000 00:00;;;;;;;;;;;;;;1.8;6;6.5;21.6;;;;;;;;;;;;;;;;270;;
PRE;03.03.2000 00:00;;;;;;;;;;;;;;6.3;13.8;22.7;49.7;;;;;;;;;;;;;;;;251;;
PRE;04.03.2000 00:00;;;;;;;;;;;;;;4.8;14;17.3;50.4;;;;;;;;;;;;;;;;333;;
PRE;05.03.2000 00:00;;;;;;;;;;;;;;5.2;12.5;18.7;45;;;;;;;;;;;;;;;;20;;
PRE;06.03.2000 00:00;;;;;;;;;;;;;;2.1;7.6;7.6;27.4;;;;;;;;;;;;;;;;23;;
PRE;07.03.2000 00:00;;;;;;;;;;;;;;1.2;3.8;4.3;13.7;;;;;;;;;;;;;;;;53;;
PRE;08.03.2000 00:00;;;;;;;;;;;;;;1.3;3.6;4.7;13;;;;;;;;;;;;;;;;360;;
PRE;09.03.2000 00:00;;;;;;;;;;;;;;1.2;7;4.3;25.2;;;;;;;;;;;;;;;;360;;
PRE;10.03.2000 00:00;;;;;;;;;;;;;;;;7.6;;;;;;;;;;;;;;;;;29;;
PRE;11.03.2000 00:00;;;;;;;;;;;;;;1.4;;5;;;;;;;;;;;;;;;;;0;;
PRE;12.03.2000 00:00;;;;;;;;;;;;;;3.8;9.5;13.7;34.2;;;;;;;;;;;;;;;;12;;
PRE;13.03.2000 00:00;;;;;;;;;;;;;;1.9;7.2;6.8;25.9;;;;;;;;;;;;;;;;15;;
PRE;14.03.2000 00:00;;;;;;;;;;;;;;1.9;8;6.8;28.8;;;;;;;;;;;;;;;;254;;
PRE;15.03.2000 00:00;;;;;;;;;;;;;;5.7;14.2;20.5;51.1;;;;;;;;;;;;;;;;29;;
PRE;16.03.2000 00:00;;;;;;;;;;;;;;5.4;13.7;19.4;49.3;;;;;;;;;;;;;;;;25;;
PRE;17.03.2000 00:00;;;;;;;;;;;;;;6.2;15.3;22.3;55.1;;;;;;;;;;;;;;;;23;;
PRE;18.03.2000 00:00;;;;;;;;;;;;;;5.4;13.5;19.4;48.6;;;;;;;;;;;;;;;;29;;
PRE;19.03.2000 00:00;;;;;;;;;;;;;;8.3;19.5;29.9;70.2;;;;;;;;;;;;;;;;20;;
PRE;20.03.2000 00:00;;;;;;;;;;;;;;8.1;21;29.2;75.6;;;;;;;;;;;;;;;;12;;
PRE;21.03.2000 00:00;;;;;;;;;;;;;;1.8;8.2;6.5;29.5;;;;;;;;;;;;;;;;8;;
PRE;22.03.2000 00:00;;;;;;;;;;;;;;1.2;3.2;4.3;11.5;;;;;;;;;;;;;;;;342;;
PRE;23.03.2000 00:00;;;;;;;;;;;;;;1.3;4.1;4.7;14.8;;;;;;;;;;;;;;;;288;;
PRE;24.03.2000 00:00;;;;;;;;;;;;;;2.5;10.1;9;36.4;;;;;;;;;;;;;;;;247;;
PRE;25.03.2000 00:00;;;;;;;;;;;;;;1.8;9.8;6.5;35.3;;;;;;;;;;;;;;;;288;;
PRE;26.03.2000 00:00;;;;;;;;;;;;;;3.5;13.1;12.6;47.2;;;;;;;;;;;;;;;;238;;
PRE;27.03.2000 00:00;;;;;;;;;;;;;;2.8;7.7;10.1;27.7;;;;;;;;;;;;;;;;309;;
PRE;28.03.2000 00:00;;;;;;;;;;;;;;5.2;12.3;18.7;44.3;;;;;;;;;;;;;;;;15;;
PRE;29.03.2000 00:00;;;;;;;;;;;;;;5.6;13.6;20.2;49;;;;;;;;;;;;;;;;259;;
PRE;30.03.2000 00:00;;;;;;;;;;;;;;5;15.5;18;55.8;;;;;;;;;;;;;;;;248;;
PRE;31.03.2000 00:00;;;;;;;;;;;;;;2.1;7.6;7.6;27.4;;;;;;;;;;;;;;;;218;;
PRE;01.04.2000 00:00;;;;;;;;;;;;;;3.4;9;12.2;32.4;;;;;;;;;;;;;;;;259;;
PRE;02.04.2000 00:00;;;;;;;;;;;;;;2.3;8.2;8.3;29.5;;;;;;;;;;;;;;;;342;;
PRE;03.04.2000 00:00;;;;;;;;;;;;;;2.1;8.6;7.6;31;;;;;;;;;;;;;;;;284;;
PRE;04.04.2000 00:00;;;;;;;;;;;;;;1.8;16.2;6.5;58.3;;;;;;;;;;;;;;;;262;;
PRE;05.04.2000 00:00;;;;;;;;;;;;;;2.9;9.2;10.4;33.1;;;;;;;;;;;;;;;;229;;
PRE;06.04.2000 00:00;;;;;;;;;;;;;;6.2;15.8;22.3;56.9;;;;;;;;;;;;;;;;25;;
PRE;07.04.2000 00:00;;;;;;;;;;;;;;6.1;13.7;22;49.3;;;;;;;;;;;;;;;;14;;
PRE;08.04.2000 00:00;;;;;;;;;;;;;;2.6;7.2;9.4;25.9;;;;;;;;;;;;;;;;23;;
PRE;09.04.2000 00:00;;;;;;;;;;;;;;1.9;6.6;6.8;23.8;;;;;;;;;;;;;;;;254;;
PRE;10.04.2000 00:00;;;;;;;;;;;;;;1.5;11.7;5.4;42.1;;;;;;;;;;;;;;;;292;;
PRE;11.04.2000 00:00;;;;;;;;;;;;;;2.7;12.2;9.7;43.9;;;;;;;;;;;;;;;;232;;
PRE;12.04.2000 00:00;;;;;;;;;;;;;;7;20.7;25.2;74.5;;;;;;;;;;;;;;;;232;;
PRE;14.04.2000 00:00;;;;;;;;;;;;;;3.6;;12.6;;;;;;;;;;;;;;;;;228;;
PRE;15.04.2000 00:00;;;;;;;;;;;;;;5.4;15.5;19.8;55.8;;;;;;;;;;;;;;;;234;;
PRE;16.04.2000 00:00;;;;;;;;;;;;;;2.8;8.5;10.1;30.6;;;;;;;;;;;;;;;;344;;
PRE;17.04.2000 00:00;;;;;;;;;;;;;;2.9;11.6;10.4;41.8;;;;;;;;;;;;;;;;242;;
PRE;18.04.2000 00:00;;;;;;;;;;;;;;3.5;9.6;12.6;34.6;;;;;;;;;;;;;;;;9;;
PRE;19.04.2000 00:00;;;;;;;;;;;;;;1.5;4.8;5.4;17.3;;;;;;;;;;;;;;;;270;;
PRE;20.04.2000 00:00;;;;;;;;;;;;;;1.5;4.2;5.4;15.1;;;;;;;;;;;;;;;;297;;
PRE;21.04.2000 00:00;;;;;;;;;;;;;;1.3;4.2;4.7;15.1;;;;;;;;;;;;;;;;45;;
PRE;22.04.2000 00:00;;;;;;;;;;;;;;1.5;4.6;5.4;16.6;;;;;;;;;;;;;;;;18;;
PRE;23.04.2000 00:00;;;;;;;;;;;;;;2.7;11.7;9.7;42.1;;;;;;;;;;;;;;;;250;;
PRE;24.04.2000 00:00;;;;;;;;;;;;;;1.8;5.7;6.5;20.5;;;;;;;;;;;;;;;;56;;
PRE;25.04.2000 00:00;;;;;;;;;;;;;;1.5;4.2;5.4;15.1;;;;;;;;;;;;;;;;342;;
PRE;26.04.2000 00:00;;;;;;;;;;;;;;1.4;5.3;5;19.1;;;;;;;;;;;;;;;;315;;
PRE;27.04.2000 00:00;;;;;;;;;;;;;;4.4;13.3;15.8;47.9;;;;;;;;;;;;;;;;6;;
PRE;28.04.2000 00:00;;;;;;;;;;;;;;4.6;15.2;16.6;54.7;;;;;;;;;;;;;;;;233;;
PRE;29.04.2000 00:00;;;;;;;;;;;;;;2.3;6.5;8.3;23.4;;;;;;;;;;;;;;;;225;;
PRE;30.04.2000 00:00;;;;;;;;;;;;;;2.1;7.3;7.6;26.3;;;;;;;;;;;;;;;;352;;
PRE;01.05.2000 00:00;;;;;;;;;;;;;;2.2;8.8;7.9;31.7;;;;;;;;;;;;;;;;21;;
PRE;02.05.2000 00:00;;;;;;;;;;;;;;2.6;8.7;9.4;31.3;;;;;;;;;;;;;;;;11;;
PRE;03.05.2000 00:00;;;;;;;;;;;;;;1.8;9.5;6.5;34.2;;;;;;;;;;;;;;;;360;;
PRE;04.05.2000 00:00;;;;;;;;;;;;;;1.6;8.8;5.8;31.7;;;;;;;;;;;;;;;;27;;
PRE;05.05.2000 00:00;;;;;;;;;;;;;;2;19.6;7.2;70.6;;;;;;;;;;;;;;;;27;;
PRE;06.05.2000 00:00;;;;;;;;;;;;;;1.8;5.7;6.5;20.5;;;;;;;;;;;;;;;;315;;
PRE;07.05.2000 00:00;;;;;;;;;;;;;;1.7;6.3;6.1;22.7;;;;;;;;;;;;;;;;284;;
PRE;08.05.2000 00:00;;;;;;;;;;;;;;2.3;12.7;8.3;45.7;;;;;;;;;;;;;;;;5;;
PRE;09.05.2000 00:00;;;;;;;;;;;;;;3;18.3;10.8;65.9;;;;;;;;;;;;;;;;7;;
PRE;10.05.2000 00:00;;;;;;;;;;;;;;3.1;14.6;11.2;52.6;;;;;;;;;;;;;;;;311;;
PRE;11.05.2000 00:00;;;;;;;;;;;;;;2.6;23;9.4;82.8;;;;;;;;;;;;;;;;256;;
PRE;12.05.2000 00:00;;;;;;;;;;;;;;2.3;10.1;8.3;36.4;;;;;;;;;;;;;;;;16;;
PRE;13.05.2000 00:00;;;;;;;;;;;;;;2.4;11.5;8.6;41.4;;;;;;;;;;;;;;;;360;;
PRE;14.05.2000 00:00;;;;;;;;;;;;;;2;7;7.2;25.2;;;;;;;;;;;;;;;;315;;
PRE;15.05.2000 00:00;;;;;;;;;;;;;;1.4;4.5;5;16.2;;;;;;;;;;;;;;;;360;;
PRE;16.05.2000 00:00;;;;;;;;;;;;;;2;8.5;7.2;30.6;;;;;;;;;;;;;;;;225;;
PRE;17.05.2000 00:00;;;;;;;;;;;;;;3.4;13.2;12.2;47.5;;;;;;;;;;;;;;;;278;;
PRE;18.05.2000 00:00;;;;;;;;;;;;;;4.4;12.8;15.8;46.1;;;;;;;;;;;;;;;;286;;
PRE;19.05.2000 00:00;;;;;;;;;;;;;;4;13.8;14.4;49.7;;;;;;;;;;;;;;;;262;;
PRE;20.05.2000 00:00;;;;;;;;;;;;;;2.4;6.5;8.6;23.4;;;;;;;;;;;;;;;;270;;
PRE;21.05.2000 00:00;;;;;;;;;;;;;;4.6;16.1;16.6;58;;;;;;;;;;;;;;;;245;;
PRE;22.05.2000 00:00;;;;;;;;;;;;;;2.9;8.6;10.4;31;;;;;;;;;;;;;;;;0;;
PRE;23.05.2000 00:00;;;;;;;;;;;;;;2.5;7.8;9;28.1;;;;;;;;;;;;;;;;6;;
PRE;24.05.2000 00:00;;;;;;;;;;;;;;1.5;4.3;5.4;15.5;;;;;;;;;;;;;;;;34;;
PRE;25.05.2000 00:00;;;;;;;;;;;;;;2.6;9.7;9.4;34.9;;;;;;;;;;;;;;;;253;;
PRE;27.05.2000 00:00;;;;;;;;;;;;;;2.8;;10.1;;;;;;;;;;;;;;;;;270;;
PRE;28.05.2000 00:00;;;;;;;;;;;;;;4.5;15.7;16.2;56.5;;;;;;;;;;;;;;;;252;;
PRE;29.05.2000 00:00;;;;;;;;;;;;;;3.5;11.5;12.6;41.4;;;;;;;;;;;;;;;;250;;
PRE;30.05.2000 00:00;;;;;;;;;;;;;;3.9;12.5;14;45;;;;;;;;;;;;;;;;250;;
PRE;31.05.2000 00:00;;;;;;;;;;;;;;4.3;14.2;15.5;51.1;;;;;;;;;;;;;;;;275;;
PRE;01.06.2000 00:00;;;;;;;;;;;;;;1.3;3.6;4.7;13;;;;;;;;;;;;;;;;333;;
PRE;02.06.2000 00:00;;;;;;;;;;;;;;1.4;4.6;5;16.6;;;;;;;;;;;;;;;;27;;
PRE;03.06.2000 00:00;;;;;;;;;;;;;;1.7;6.6;6.1;23.8;;;;;;;;;;;;;;;;63;;
PRE;04.06.2000 00:00;;;;;;;;;;;;;;1.4;9.5;5;34.2;;;;;;;;;;;;;;;;56;;
PRE;05.06.2000 00:00;;;;;;;;;;;;;;2.9;12.3;10.4;44.3;;;;;;;;;;;;;;;;0;;
PRE;06.06.2000 00:00;;;;;;;;;;;;;;2.1;7.3;7.6;26.3;;;;;;;;;;;;;;;;32;;
PRE;07.06.2000 00:00;;;;;;;;;;;;;;4.6;10.7;16.6;38.5;;;;;;;;;;;;;;;;20;;
PRE;08.06.2000 00:00;;;;;;;;;;;;;;2.8;8.6;10.1;31;;;;;;;;;;;;;;;;31;;
PRE;09.06.2000 00:00;;;;;;;;;;;;;;1.7;6.5;6.1;23.4;;;;;;;;;;;;;;;;72;;
PRE;10.06.2000 00:00;;;;;;;;;;;;;;4.6;13.6;16.6;49;;;;;;;;;;;;;;;;18;;
PRE;11.06.2000 00:00;;;;;;;;;;;;;;3.6;9.3;13;33.5;;;;;;;;;;;;;;;;274;;
PRE;12.06.2000 00:00;;;;;;;;;;;;;;5.2;15;18.7;54;;;;;;;;;;;;;;;;32;;
PRE;13.06.2000 00:00;;;;;;;;;;;;;;2.7;14.5;9.7;52.2;;;;;;;;;;;;;;;;31;;
PRE;14.06.2000 00:00;;;;;;;;;;;;;;3;14.1;10.8;50.8;;;;;;;;;;;;;;;;6;;
PRE;15.06.2000 00:00;;;;;;;;;;;;;;2.5;8;9;28.8;;;;;;;;;;;;;;;;15;;
PRE;16.06.2000 00:00;;;;;;;;;;;;;;4.5;11.2;16.2;40.3;;;;;;;;;;;;;;;;20;;
PRE;17.06.2000 00:00;;;;;;;;;;;;;;6.4;13.8;23;49.7;;;;;;;;;;;;;;;;18;;
PRE;18.06.2000 00:00;;;;;;;;;;;;;;2.7;10.2;9.7;36.7;;;;;;;;;;;;;;;;25;;
PRE;19.06.2000 00:00;;;;;;;;;;;;;;1.8;6.8;6.5;24.5;;;;;;;;;;;;;;;;270;;
PRE;20.06.2000 00:00;;;;;;;;;;;;;;2.6;7.3;9.4;26.3;;;;;;;;;;;;;;;;220;;
PRE;21.06.2000 00:00;;;;;;;;;;;;;;3;9.8;10.8;35.3;;;;;;;;;;;;;;;;243;;
PRE;22.06.2000 00:00;;;;;;;;;;;;;;4.2;12.2;15.1;43.9;;;;;;;;;;;;;;;;270;;
PRE;23.06.2000 00:00;;;;;;;;;;;;;;3.6;12.8;13;46.1;;;;;;;;;;;;;;;;267;;
PRE;24.06.2000 00:00;;;;;;;;;;;;;;4.1;14;14.8;50.4;;;;;;;;;;;;;;;;284;;
PRE;25.06.2000 00:00;;;;;;;;;;;;;;2.5;7.3;9;26.3;;;;;;;;;;;;;;;;36;;
PRE;26.06.2000 00:00;;;;;;;;;;;;;;3.8;10.5;13.7;37.8;;;;;;;;;;;;;;;;19;;
PRE;28.06.2000 00:00;;;;;;;;;;;;;;2.2;10.2;7.9;36.7;;;;;;;;;;;;;;;;270;;
PRE;29.06.2000 00:00;;;;;;;;;;;;;;2;4.7;7.2;16.9;;;;;;;;;;;;;;;;34;;
PRE;02.07.2000 00:00;;;;;;;;;;;;;;3.1;12.3;11.2;44.3;;;;;;;;;;;;;;;;219;;
PRE;03.07.2000 00:00;;;;;;;;;;;;;;4;12.1;14.4;43.6;;;;;;;;;;;;;;;;10;;
PRE;04.07.2000 00:00;;;;;;;;;;;;;;5;20.3;18;73.1;;;;;;;;;;;;;;;;254;;
PRE;05.07.2000 00:00;;;;;;;;;;;;;;3.6;10.6;13;38.2;;;;;;;;;;;;;;;;264;;
PRE;06.07.2000 00:00;;;;;;;;;;;;;;2.4;8.5;8.6;30.6;;;;;;;;;;;;;;;;7;;
PRE;07.07.2000 00:00;;;;;;;;;;;;;;3.8;13.5;13.7;48.6;;;;;;;;;;;;;;;;303;;
PRE;08.07.2000 00:00;;;;;;;;;;;;;;3.5;12.7;12.6;45.7;;;;;;;;;;;;;;;;326;;
PRE;09.07.2000 00:00;;;;;;;;;;;;;;5.2;14.5;18.7;52.2;;;;;;;;;;;;;;;;239;;
PRE;10.07.2000 00:00;;;;;;;;;;;;;;4.9;21.1;17.6;76;;;;;;;;;;;;;;;;244;;
PRE;11.07.2000 00:00;;;;;;;;;;;;;;3.9;14;14;50.4;;;;;;;;;;;;;;;;230;;
PRE;12.07.2000 00:00;;;;;;;;;;;;;;1.8;7.1;6.5;25.6;;;;;;;;;;;;;;;;219;;
PRE;13.07.2000 00:00;;;;;;;;;;;;;;3.5;12.7;12.6;45.7;;;;;;;;;;;;;;;;240;;
PRE;14.07.2000 00:00;;;;;;;;;;;;;;3.9;10.3;14;37.1;;;;;;;;;;;;;;;;244;;
PRE;15.07.2000 00:00;;;;;;;;;;;;;;1.7;7;6.1;25.2;;;;;;;;;;;;;;;;225;;
PRE;16.07.2000 00:00;;;;;;;;;;;;;;2.3;7;8.3;25.2;;;;;;;;;;;;;;;;270;;
PRE;17.07.2000 00:00;;;;;;;;;;;;;;2.8;7.1;10.1;25.6;;;;;;;;;;;;;;;;27;;
PRE;18.07.2000 00:00;;;;;;;;;;;;;;2.4;7.6;8.6;27.4;;;;;;;;;;;;;;;;27;;
PRE;19.07.2000 00:00;;;;;;;;;;;;;;3.3;10.5;11.9;37.8;;;;;;;;;;;;;;;;18;;
PRE;20.07.2000 00:00;;;;;;;;;;;;;;5.6;13.3;20.2;47.9;;;;;;;;;;;;;;;;28;;
PRE;21.07.2000 00:00;;;;;;;;;;;;;;4.1;11.2;14.8;40.3;;;;;;;;;;;;;;;;17;;
PRE;22.07.2000 00:00;;;;;;;;;;;;;;1.8;7.1;6.5;25.6;;;;;;;;;;;;;;;;37;;
PRE;23.07.2000 00:00;;;;;;;;;;;;;;1.8;9.5;6.5;34.2;;;;;;;;;;;;;;;;225;;
PRE;24.07.2000 00:00;;;;;;;;;;;;;;4.1;13;14.8;46.8;;;;;;;;;;;;;;;;241;;
PRE;25.07.2000 00:00;;;;;;;;;;;;;;4;13.2;14.4;47.5;;;;;;;;;;;;;;;;228;;
PRE;26.07.2000 00:00;;;;;;;;;;;;;;4.1;10.3;14.8;37.1;;;;;;;;;;;;;;;;241;;
PRE;27.07.2000 00:00;;;;;;;;;;;;;;1.5;5.3;5.4;19.1;;;;;;;;;;;;;;;;252;;
PRE;28.07.2000 00:00;;;;;;;;;;;;;;2.9;11.6;10.4;41.8;;;;;;;;;;;;;;;;270;;
PRE;29.07.2000 00:00;;;;;;;;;;;;;;2.9;10.7;10.4;38.5;;;;;;;;;;;;;;;;252;;
PRE;30.07.2000 00:00;;;;;;;;;;;;;;2.3;7.2;8.3;25.9;;;;;;;;;;;;;;;;9;;
PRE;31.07.2000 00:00;;;;;;;;;;;;;;2.5;7.8;9;28.1;;;;;;;;;;;;;;;;31;;
PRE;01.08.2000 00:00;;;;;;;;;;;;;;1.7;4.3;6.1;15.5;;;;;;;;;;;;;;;;45;;
PRE;02.08.2000 00:00;;;;;;;;;;;;;;2.4;14.2;8.6;51.1;;;;;;;;;;;;;;;;259;;
PRE;03.08.2000 00:00;;;;;;;;;;;;;;2.6;11.3;9.4;40.7;;;;;;;;;;;;;;;;257;;
PRE;04.08.2000 00:00;;;;;;;;;;;;;;3.5;11.3;12.6;40.7;;;;;;;;;;;;;;;;353;;
PRE;05.08.2000 00:00;;;;;;;;;;;;;;5.1;13.2;18.4;47.5;;;;;;;;;;;;;;;;18;;
PRE;06.08.2000 00:00;;;;;;;;;;;;;;1.9;10;6.8;36;;;;;;;;;;;;;;;;344;;
PRE;07.08.2000 00:00;;;;;;;;;;;;;;3.8;10.1;13.7;36.4;;;;;;;;;;;;;;;;26;;
PRE;08.08.2000 00:00;;;;;;;;;;;;;;2.8;6.5;10.1;23.4;;;;;;;;;;;;;;;;29;;
PRE;09.08.2000 00:00;;;;;;;;;;;;;;2.7;6;9.7;21.6;;;;;;;;;;;;;;;;5;;
PRE;10.08.2000 00:00;;;;;;;;;;;;;;1.8;4.2;6.5;15.1;;;;;;;;;;;;;;;;27;;
PRE;11.08.2000 00:00;;;;;;;;;;;;;;1.6;3.7;5.8;13.3;;;;;;;;;;;;;;;;315;;
PRE;12.08.2000 00:00;;;;;;;;;;;;;;1.8;6.6;6.5;23.8;;;;;;;;;;;;;;;;307;;
PRE;13.08.2000 00:00;;;;;;;;;;;;;;2;5.8;7.2;20.9;;;;;;;;;;;;;;;;278;;
PRE;14.08.2000 00:00;;;;;;;;;;;;;;1.6;5.2;5.8;18.7;;;;;;;;;;;;;;;;270;;
PRE;15.08.2000 00:00;;;;;;;;;;;;;;1.5;4.5;5.4;16.2;;;;;;;;;;;;;;;;270;;
PRE;16.08.2000 00:00;;;;;;;;;;;;;;1.8;4.2;6.5;15.1;;;;;;;;;;;;;;;;333;;
PRE;17.08.2000 00:00;;;;;;;;;;;;;;2.3;8.7;8.3;31.3;;;;;;;;;;;;;;;;270;;
PRE;18.08.2000 00:00;;;;;;;;;;;;;;2;6.8;7.2;24.5;;;;;;;;;;;;;;;;15;;
PRE;19.08.2000 00:00;;;;;;;;;;;;;;1.7;4;6.1;14.4;;;;;;;;;;;;;;;;27;;
PRE;20.08.2000 00:00;;;;;;;;;;;;;;3;13.1;10.8;47.2;;;;;;;;;;;;;;;;233;;
PRE;21.08.2000 00:00;;;;;;;;;;;;;;3.4;16.6;12.2;59.8;;;;;;;;;;;;;;;;329;;
PRE;22.08.2000 00:00;;;;;;;;;;;;;;2.6;7.6;9.4;27.4;;;;;;;;;;;;;;;;11;;
PRE;23.08.2000 00:00;;;;;;;;;;;;;;2.1;8;7.6;28.8;;;;;;;;;;;;;;;;360;;
PRE;24.08.2000 00:00;;;;;;;;;;;;;;1.8;7.6;6.5;27.4;;;;;;;;;;;;;;;;351;;
PRE;25.08.2000 00:00;;;;;;;;;;;;;;2.5;6.8;9;24.5;;;;;;;;;;;;;;;;21;;
PRE;26.08.2000 00:00;;;;;;;;;;;;;;2.5;11.1;9;40;;;;;;;;;;;;;;;;12;;
PRE;27.08.2000 00:00;;;;;;;;;;;;;;2;17.1;7.2;61.6;;;;;;;;;;;;;;;;270;;
PRE;28.08.2000 00:00;;;;;;;;;;;;;;2;7.3;7.2;26.3;;;;;;;;;;;;;;;;342;;
PRE;29.08.2000 00:00;;;;;;;;;;;;;;1.9;5;6.8;18;;;;;;;;;;;;;;;;9;;
PRE;30.08.2000 00:00;;;;;;;;;;;;;;1.4;7.3;5;26.3;;;;;;;;;;;;;;;;288;;
PRE;31.08.2000 00:00;;;;;;;;;;;;;;2.4;13.7;8.6;49.3;;;;;;;;;;;;;;;;245;;
PRE;01.09.2000 00:00;;;;;;;;;;;;;;4;11.7;14.4;42.1;;;;;;;;;;;;;;;;238;;
PRE;02.09.2000 00:00;;;;;;;;;;;;;;5.7;14;20.5;50.4;;;;;;;;;;;;;;;;243;;
PRE;03.09.2000 00:00;;;;;;;;;;;;;;2.7;7.2;9.7;25.9;;;;;;;;;;;;;;;;256;;
PRE;04.09.2000 00:00;;;;;;;;;;;;;;3.4;9.6;12.2;34.6;;;;;;;;;;;;;;;;27;;
PRE;05.09.2000 00:00;;;;;;;;;;;;;;2.9;9.8;10.4;35.3;;;;;;;;;;;;;;;;21;;
PRE;06.09.2000 00:00;;;;;;;;;;;;;;1.8;7.1;6.5;25.6;;;;;;;;;;;;;;;;249;;
PRE;07.09.2000 00:00;;;;;;;;;;;;;;4;11.2;14.4;40.3;;;;;;;;;;;;;;;;275;;
PRE;08.09.2000 00:00;;;;;;;;;;;;;;3.6;8.6;13;31;;;;;;;;;;;;;;;;27;;
PRE;09.09.2000 00:00;;;;;;;;;;;;;;1.6;5;5.8;18;;;;;;;;;;;;;;;;270;;
PRE;10.09.2000 00:00;;;;;;;;;;;;;;1.7;5.5;6.1;19.8;;;;;;;;;;;;;;;;342;;
PRE;11.09.2000 00:00;;;;;;;;;;;;;;1.7;5.8;6.1;20.9;;;;;;;;;;;;;;;;284;;
PRE;12.09.2000 00:00;;;;;;;;;;;;;;2;11.2;7.2;40.3;;;;;;;;;;;;;;;;270;;
PRE;13.09.2000 00:00;;;;;;;;;;;;;;2.3;7.2;8.3;25.9;;;;;;;;;;;;;;;;220;;
PRE;14.09.2000 00:00;;;;;;;;;;;;;;1.5;3.8;5.4;13.7;;;;;;;;;;;;;;;;360;;
PRE;15.09.2000 00:00;;;;;;;;;;;;;;2;8.6;7.2;31;;;;;;;;;;;;;;;;270;;
PRE;16.09.2000 00:00;;;;;;;;;;;;;;5;14.2;18;51.1;;;;;;;;;;;;;;;;255;;
PRE;17.09.2000 00:00;;;;;;;;;;;;;;1.9;6.3;6.8;22.7;;;;;;;;;;;;;;;;315;;
PRE;18.09.2000 00:00;;;;;;;;;;;;;;1.9;5.7;6.8;20.5;;;;;;;;;;;;;;;;18;;
PRE;19.09.2000 00:00;;;;;;;;;;;;;;2.3;7.3;8.3;26.3;;;;;;;;;;;;;;;;319;;
PRE;20.09.2000 00:00;;;;;;;;;;;;;;2.2;9;7.9;32.4;;;;;;;;;;;;;;;;297;;
PRE;21.09.2000 00:00;;;;;;;;;;;;;;2.4;8.7;8.6;31.3;;;;;;;;;;;;;;;;234;;
PRE;22.09.2000 00:00;;;;;;;;;;;;;;3.4;9.2;12.2;33.1;;;;;;;;;;;;;;;;17;;
PRE;23.09.2000 00:00;;;;;;;;;;;;;;3.3;8.3;11.9;29.9;;;;;;;;;;;;;;;;21;;
PRE;24.09.2000 00:00;;;;;;;;;;;;;;1.5;5.7;5.4;20.5;;;;;;;;;;;;;;;;351;;
PRE;25.09.2000 00:00;;;;;;;;;;;;;;1.5;4.7;5.4;16.9;;;;;;;;;;;;;;;;333;;
PRE;26.09.2000 00:00;;;;;;;;;;;;;;1.6;4.7;5.8;16.9;;;;;;;;;;;;;;;;349;;
PRE;27.09.2000 00:00;;;;;;;;;;;;;;2.6;11.3;9.4;40.7;;;;;;;;;;;;;;;;241;;
PRE;28.09.2000 00:00;;;;;;;;;;;;;;1.4;3.7;5;13.3;;;;;;;;;;;;;;;;360;;
PRE;29.09.2000 00:00;;;;;;;;;;;;;;2.6;8.8;9.4;31.7;;;;;;;;;;;;;;;;252;;
PRE;30.09.2000 00:00;;;;;;;;;;;;;;1.8;8.5;6.5;30.6;;;;;;;;;;;;;;;;347;;
PRE;01.10.2000 00:00;;;;;;;;;;;;;;1.8;5.7;6.5;20.5;;;;;;;;;;;;;;;;45;;
PRE;02.10.2000 00:00;;;;;;;;;;;;;;2.9;10.8;10.4;38.9;;;;;;;;;;;;;;;;273;;
PRE;03.10.2000 00:00;;;;;;;;;;;;;;4.3;14.5;15.5;52.2;;;;;;;;;;;;;;;;22;;
PRE;04.10.2000 00:00;;;;;;;;;;;;;;2.7;7;9.7;25.2;;;;;;;;;;;;;;;;14;;
PRE;05.10.2000 00:00;;;;;;;;;;;;;;2.2;6.7;7.9;24.1;;;;;;;;;;;;;;;;333;;
PRE;06.10.2000 00:00;;;;;;;;;;;;;;3.8;12.3;13.7;44.3;;;;;;;;;;;;;;;;5;;
PRE;07.10.2000 00:00;;;;;;;;;;;;;;3.7;8.7;13.3;31.3;;;;;;;;;;;;;;;;8;;
PRE;08.10.2000 00:00;;;;;;;;;;;;;;2.9;9.1;10.4;32.8;;;;;;;;;;;;;;;;360;;
PRE;09.10.2000 00:00;;;;;;;;;;;;;;3.7;9;13.3;32.4;;;;;;;;;;;;;;;;239;;
PRE;10.10.2000 00:00;;;;;;;;;;;;;;6.3;14.2;22.7;51.1;;;;;;;;;;;;;;;;236;;
PRE;11.10.2000 00:00;;;;;;;;;;;;;;5.5;17;19.8;61.2;;;;;;;;;;;;;;;;246;;
PRE;12.10.2000 00:00;;;;;;;;;;;;;;2.7;8;9.7;28.8;;;;;;;;;;;;;;;;331;;
PRE;13.10.2000 00:00;;;;;;;;;;;;;;3.7;9.6;13.3;34.6;;;;;;;;;;;;;;;;18;;
PRE;14.10.2000 00:00;;;;;;;;;;;;;;3.8;11.6;13.7;41.8;;;;;;;;;;;;;;;;16;;
PRE;15.10.2000 00:00;;;;;;;;;;;;;;5.4;15.5;19.4;55.8;;;;;;;;;;;;;;;;349;;
PRE;16.10.2000 00:00;;;;;;;;;;;;;;2.3;7.7;8.3;27.7;;;;;;;;;;;;;;;;257;;
PRE;17.10.2000 00:00;;;;;;;;;;;;;;1.6;5.5;5.8;19.8;;;;;;;;;;;;;;;;236;;
PRE;18.10.2000 00:00;;;;;;;;;;;;;;1.2;3.5;4.3;12.6;;;;;;;;;;;;;;;;297;;
PRE;19.10.2000 00:00;;;;;;;;;;;;;;0.8;2.8;2.9;10.1;;;;;;;;;;;;;;;;323;;
PRE;20.10.2000 00:00;;;;;;;;;;;;;;1.2;4.1;4.3;14.8;;;;;;;;;;;;;;;;315;;
PRE;22.10.2000 00:00;;;;;;;;;;;;;;1.6;5.6;5.8;20.2;;;;;;;;;;;;;;;;331;;
PRE;23.10.2000 00:00;;;;;;;;;;;;;;1.2;4.5;4.3;16.2;;;;;;;;;;;;;;;;321;;
PRE;24.10.2000 00:00;;;;;;;;;;;;;;1;3;3.6;10.8;;;;;;;;;;;;;;;;18;;
PRE;25.10.2000 00:00;;;;;;;;;;;;;;1.9;9.8;6.8;35.3;;;;;;;;;;;;;;;;233;;
PRE;26.10.2000 00:00;;;;;;;;;;;;;;3.8;10.6;13.7;38.2;;;;;;;;;;;;;;;;251;;
PRE;27.10.2000 00:00;;;;;;;;;;;;;;2;5.7;7.2;20.5;;;;;;;;;;;;;;;;304;;
PRE;28.10.2000 00:00;;;;;;;;;;;;;;2;11.8;7.2;42.5;;;;;;;;;;;;;;;;278;;
PRE;29.10.2000 00:00;;;;;;;;;;;;;;3.8;9.7;13.7;34.9;;;;;;;;;;;;;;;;256;;
PRE;30.10.2000 00:00;;;;;;;;;;;;;;7.9;20.2;28.4;72.7;;;;;;;;;;;;;;;;246;;
PRE;31.10.2000 00:00;;;;;;;;;;;;;;5.1;15.2;18.4;54.7;;;;;;;;;;;;;;;;262;;
PRE;01.11.2000 00:00;;;;;;;;;;;;;;6;15.7;21.6;56.5;;;;;;;;;;;;;;;;259;;
PRE;02.11.2000 00:00;;;;;;;;;;;;;;3.2;10.3;11.5;37.1;;;;;;;;;;;;;;;;256;;
PRE;03.11.2000 00:00;;;;;;;;;;;;;;2.4;10.5;8.6;37.8;;;;;;;;;;;;;;;;257;;
PRE;04.11.2000 00:00;;;;;;;;;;;;;;4.5;15.8;16.2;56.9;;;;;;;;;;;;;;;;265;;
PRE;05.11.2000 00:00;;;;;;;;;;;;;;2.1;6.6;7.6;23.8;;;;;;;;;;;;;;;;297;;
PRE;06.11.2000 00:00;;;;;;;;;;;;;;3.2;12.1;11.5;43.6;;;;;;;;;;;;;;;;294;;
PRE;07.11.2000 00:00;;;;;;;;;;;;;;8.6;18.5;31;66.6;;;;;;;;;;;;;;;;230;;
PRE;09.11.2000 00:00;;;;;;;;;;;;;;;;16.2;;;;;;;;;;;;;;;;;;;
PRE;11.11.2000 00:00;;;;;;;;;;;;;;1.6;4.7;5.8;16.9;;;;;;;;;;;;;;;;291;;
PRE;12.11.2000 00:00;;;;;;;;;;;;;;1.9;6.8;6.8;24.5;;;;;;;;;;;;;;;;354;;
PRE;13.11.2000 00:00;;;;;;;;;;;;;;2.9;11.1;10.1;40;;;;;;;;;;;;;;;;322;;
PRE;14.11.2000 00:00;;;;;;;;;;;;;;2;8.5;7.2;30.6;;;;;;;;;;;;;;;;275;;
PRE;15.11.2000 00:00;;;;;;;;;;;;;;1.4;5.3;5;19.1;;;;;;;;;;;;;;;;291;;
PRE;16.11.2000 00:00;;;;;;;;;;;;;;1.7;7.5;6.1;27;;;;;;;;;;;;;;;;353;;
PRE;17.11.2000 00:00;;;;;;;;;;;;;;1.3;4.2;4.7;15.1;;;;;;;;;;;;;;;;14;;
PRE;18.11.2000 00:00;;;;;;;;;;;;;;1.6;5;5.8;18;;;;;;;;;;;;;;;;315;;
PRE;19.11.2000 00:00;;;;;;;;;;;;;;3.3;11.3;11.9;40.7;;;;;;;;;;;;;;;;239;;
PRE;20.11.2000 00:00;;;;;;;;;;;;;;3;13;10.8;46.8;;;;;;;;;;;;;;;;265;;
PRE;21.11.2000 00:00;;;;;;;;;;;;;;4.1;14.6;14.8;52.6;;;;;;;;;;;;;;;;286;;
PRE;22.11.2000 00:00;;;;;;;;;;;;;;3;10.1;10.8;36.4;;;;;;;;;;;;;;;;243;;
PRE;23.11.2000 00:00;;;;;;;;;;;;;;3.1;11.3;11.2;40.7;;;;;;;;;;;;;;;;339;;
PRE;24.11.2000 00:00;;;;;;;;;;;;;;2.3;6.2;8.3;22.3;;;;;;;;;;;;;;;;323;;
PRE;25.11.2000 00:00;;;;;;;;;;;;;;2.3;10.7;8.3;38.5;;;;;;;;;;;;;;;;276;;
PRE;26.11.2000 00:00;;;;;;;;;;;;;;4.3;13.8;15.5;49.7;;;;;;;;;;;;;;;;282;;
PRE;27.11.2000 00:00;;;;;;;;;;;;;;2.4;9.3;8.6;33.5;;;;;;;;;;;;;;;;278;;
PRE;28.11.2000 00:00;;;;;;;;;;;;;;1.5;6.2;5.4;22.3;;;;;;;;;;;;;;;;198;;
PRE;29.11.2000 00:00;;;;;;;;;;;;;;1;3.7;3.6;13.3;;;;;;;;;;;;;;;;0;;
PRE;30.11.2000 00:00;;;;;;;;;;;;;;1.3;4.8;4.7;17.3;;;;;;;;;;;;;;;;336;;
PRE;01.12.2000 00:00;;;;;;;;;;;;;;1.1;3.6;4;13;;;;;;;;;;;;;;;;333;;
PRE;02.12.2000 00:00;;;;;;;;;;;;;;1.9;6.7;6.8;24.1;;;;;;;;;;;;;;;;351;;
PRE;03.12.2000 00:00;;;;;;;;;;;;;;2;7.8;7.2;28.1;;;;;;;;;;;;;;;;360;;
PRE;04.12.2000 00:00;;;;;;;;;;;;;;1.1;3.6;4;13;;;;;;;;;;;;;;;;315;;
PRE;05.12.2000 00:00;;;;;;;;;;;;;;1.1;3.5;4;12.6;;;;;;;;;;;;;;;;320;;
PRE;06.12.2000 00:00;;;;;;;;;;;;;;1;3.5;3.6;12.6;;;;;;;;;;;;;;;;360;;
PRE;07.12.2000 00:00;;;;;;;;;;;;;;1.4;5;5;18;;;;;;;;;;;;;;;;354;;
PRE;08.12.2000 00:00;;;;;;;;;;;;;;2.4;8.6;8.6;31;;;;;;;;;;;;;;;;349;;
PRE;09.12.2000 00:00;;;;;;;;;;;;;;2.4;6.8;8.6;24.5;;;;;;;;;;;;;;;;270;;
PRE;10.12.2000 00:00;;;;;;;;;;;;;;5.8;12.5;20.9;45;;;;;;;;;;;;;;;;326;;
PRE;11.12.2000 00:00;;;;;;;;;;;;;;1.1;6.5;4;23.4;;;;;;;;;;;;;;;;297;;
PRE;12.12.2000 00:00;;;;;;;;;;;;;;1.7;11.7;6.1;42.1;;;;;;;;;;;;;;;;279;;
PRE;13.12.2000 00:00;;;;;;;;;;;;;;5.1;13.3;18.4;47.9;;;;;;;;;;;;;;;;284;;
PRE;14.12.2000 00:00;;;;;;;;;;;;;;4.3;12;15.5;43.2;;;;;;;;;;;;;;;;318;;
PRE;15.12.2000 00:00;;;;;;;;;;;;;;5.9;16.5;21.2;59.4;;;;;;;;;;;;;;;;285;;
PRE;16.12.2000 00:00;;;;;;;;;;;;;;4.4;10.7;15.8;38.5;;;;;;;;;;;;;;;;317;;
PRE;17.12.2000 00:00;;;;;;;;;;;;;;4.3;11.5;15.5;41.4;;;;;;;;;;;;;;;;298;;
PRE;18.12.2000 00:00;;;;;;;;;;;;;;1.1;3.2;4;11.5;;;;;;;;;;;;;;;;315;;
PRE;19.12.2000 00:00;;;;;;;;;;;;;;1.4;6.1;5;22;;;;;;;;;;;;;;;;18;;
PRE;20.12.2000 00:00;;;;;;;;;;;;;;3.4;10.7;12.2;38.5;;;;;;;;;;;;;;;;27;;
PRE;21.12.2000 00:00;;;;;;;;;;;;;;3.7;8.7;13.3;31.3;;;;;;;;;;;;;;;;16;;
PRE;22.12.2000 00:00;;;;;;;;;;;;;;4;8;14.4;28.8;;;;;;;;;;;;;;;;5;;
PRE;23.12.2000 00:00;;;;;;;;;;;;;;2.7;7;9.7;25.2;;;;;;;;;;;;;;;;353;;
PRE;24.12.2000 00:00;;;;;;;;;;;;;;1.7;5.3;6.1;19.1;;;;;;;;;;;;;;;;355;;
PRE;25.12.2000 00:00;;;;;;;;;;;;;;1.7;9.8;6.1;35.3;;;;;;;;;;;;;;;;315;;
PRE;26.12.2000 00:00;;;;;;;;;;;;;;1.5;8.5;5.4;30.6;;;;;;;;;;;;;;;;324;;
PRE;27.12.2000 00:00;;;;;;;;;;;;;;1.4;5.7;5;20.5;;;;;;;;;;;;;;;;319;;
PRE;28.12.2000 00:00;;;;;;;;;;;;;;3.3;11.1;11.9;40;;;;;;;;;;;;;;;;320;;
PRE;29.12.2000 00:00;;;;;;;;;;;;;;4.4;14.8;15.8;53.3;;;;;;;;;;;;;;;;300;;
PRE;30.12.2000 00:00;;;;;;;;;;;;;;3.8;11.3;13.7;40.7;;;;;;;;;;;;;;;;360;;
PRE;31.12.2000 00:00;;;;;;;;;;;;;;3.2;9.8;11.5;35.3;;;;;;;;;;;;;;;;22;;
PRE;01.01.2001 00:00;;;;;;;;;;;;;;1.2;4.7;4.3;16.9;;;;;;;;;;;;;;;;333;;
PRE;02.01.2001 00:00;;;;;;;;;;;;;;2.1;8.2;7.6;29.5;;;;;;;;;;;;;;;;337;;
PRE;03.01.2001 00:00;;;;;;;;;;;;;;3.6;9.1;13;32.8;;;;;;;;;;;;;;;;299;;
PRE;04.01.2001 00:00;;;;;;;;;;;;;;3.7;10.2;13.3;36.7;;;;;;;;;;;;;;;;317;;
PRE;05.01.2001 00:00;;;;;;;;;;;;;;6.3;17.5;22.7;63;;;;;;;;;;;;;;;;260;;
PRE;06.01.2001 00:00;;;;;;;;;;;;;;2.9;10.5;10.1;37.8;;;;;;;;;;;;;;;;17;;
PRE;07.01.2001 00:00;;;;;;;;;;;;;;0.9;3.8;3.2;13.7;;;;;;;;;;;;;;;;352;;
PRE;08.01.2001 00:00;;;;;;;;;;;;;;2.2;9.3;7.9;33.5;;;;;;;;;;;;;;;;32;;
PRE;09.01.2001 00:00;;;;;;;;;;;;;;2;6.8;7.2;24.5;;;;;;;;;;;;;;;;357;;
PRE;10.01.2001 00:00;;;;;;;;;;;;;;1;3.3;3.6;11.9;;;;;;;;;;;;;;;;346;;
PRE;11.01.2001 00:00;;;;;;;;;;;;;;3.1;9.2;11.2;33.1;;;;;;;;;;;;;;;;16;;
PRE;12.01.2001 00:00;;;;;;;;;;;;;;5.6;12.6;20.2;45.4;;;;;;;;;;;;;;;;24;;
PRE;13.01.2001 00:00;;;;;;;;;;;;;;7.3;13.7;26.3;49.3;;;;;;;;;;;;;;;;19;;
PRE;14.01.2001 00:00;;;;;;;;;;;;;;6.1;11.2;22;40.3;;;;;;;;;;;;;;;;11;;
PRE;15.01.2001 00:00;;;;;;;;;;;;;;3.1;8.3;11.2;29.9;;;;;;;;;;;;;;;;350;;
PRE;16.01.2001 00:00;;;;;;;;;;;;;;2.7;7.3;9.7;26.3;;;;;;;;;;;;;;;;355;;
PRE;17.01.2001 00:00;;;;;;;;;;;;;;2.1;6.2;7.6;22.3;;;;;;;;;;;;;;;;331;;
PRE;18.01.2001 00:00;;;;;;;;;;;;;;1.7;5.5;6.1;19.8;;;;;;;;;;;;;;;;330;;
PRE;19.01.2001 00:00;;;;;;;;;;;;;;1.1;4.1;4;14.8;;;;;;;;;;;;;;;;337;;
PRE;20.01.2001 00:00;;;;;;;;;;;;;;1.2;7.7;4.3;27.7;;;;;;;;;;;;;;;;284;;
PRE;21.01.2001 00:00;;;;;;;;;;;;;;1.7;6.6;6.1;23.8;;;;;;;;;;;;;;;;336;;
PRE;22.01.2001 00:00;;;;;;;;;;;;;;1.3;8.1;4.7;29.2;;;;;;;;;;;;;;;;288;;
PRE;23.01.2001 00:00;;;;;;;;;;;;;;2.6;10.1;9.4;36.4;;;;;;;;;;;;;;;;117;;
PRE;24.01.2001 00:00;;;;;;;;;;;;;;3.4;11.7;12.2;42.1;;;;;;;;;;;;;;;;234;;
PRE;25.01.2001 00:00;;;;;;;;;;;;;;2.6;9;9.4;32.4;;;;;;;;;;;;;;;;320;;
PRE;26.01.2001 00:00;;;;;;;;;;;;;;4.2;13.5;15.1;48.6;;;;;;;;;;;;;;;;285;;
PRE;27.01.2001 00:00;;;;;;;;;;;;;;6.1;18.2;22;65.5;;;;;;;;;;;;;;;;289;;
PRE;28.01.2001 00:00;;;;;;;;;;;;;;3.9;11.3;14;40.7;;;;;;;;;;;;;;;;13;;
PRE;29.01.2001 00:00;;;;;;;;;;;;;;6.3;16.1;22.7;58;;;;;;;;;;;;;;;;33;;
PRE;30.01.2001 00:00;;;;;;;;;;;;;;6.6;15.7;23.8;56.5;;;;;;;;;;;;;;;;24;;
PRE;31.01.2001 00:00;;;;;;;;;;;;;;5.5;12.2;19.8;43.9;;;;;;;;;;;;;;;;22;;
PRE;01.02.2001 00:00;;;;;;;;;;;;;;7.2;16.8;25.9;60.5;;;;;;;;;;;;;;;;20;;
PRE;02.02.2001 00:00;;;;;;;;;;;;;;3.1;13.1;11.2;47.2;;;;;;;;;;;;;;;;280;;
PRE;03.02.2001 00:00;;;;;;;;;;;;;;6.7;14.6;24.1;52.6;;;;;;;;;;;;;;;;252;;
PRE;04.02.2001 00:00;;;;;;;;;;;;;;4.7;15.1;16.9;54.4;;;;;;;;;;;;;;;;245;;
PRE;05.02.2001 00:00;;;;;;;;;;;;;;6.7;16;24.1;57.6;;;;;;;;;;;;;;;;274;;
PRE;06.02.2001 00:00;;;;;;;;;;;;;;3.8;10.7;13.7;38.5;;;;;;;;;;;;;;;;237;;
PRE;07.02.2001 00:00;;;;;;;;;;;;;;2.5;9.2;9;33.1;;;;;;;;;;;;;;;;333;;
PRE;08.02.2001 00:00;;;;;;;;;;;;;;3.1;17.5;11.2;63;;;;;;;;;;;;;;;;237;;
PRE;09.02.2001 00:00;;;;;;;;;;;;;;3.9;13.3;14;47.9;;;;;;;;;;;;;;;;245;;
PRE;10.02.2001 00:00;;;;;;;;;;;;;;1.8;6.7;6.5;24.1;;;;;;;;;;;;;;;;360;;
PRE;11.02.2001 00:00;;;;;;;;;;;;;;1.2;3.6;4.3;13;;;;;;;;;;;;;;;;315;;
PRE;12.02.2001 00:00;;;;;;;;;;;;;;1.1;8.6;4;31;;;;;;;;;;;;;;;;304;;
PRE;13.02.2001 00:00;;;;;;;;;;;;;;5.9;19.2;21.2;69.1;;;;;;;;;;;;;;;;17;;
PRE;14.02.2001 00:00;;;;;;;;;;;;;;6.3;17.1;22.7;61.6;;;;;;;;;;;;;;;;14;;
PRE;15.02.2001 00:00;;;;;;;;;;;;;;1.8;4.6;6.5;16.6;;;;;;;;;;;;;;;;338;;
PRE;16.02.2001 00:00;;;;;;;;;;;;;;1.2;4.1;4.3;14.8;;;;;;;;;;;;;;;;342;;
PRE;17.02.2001 00:00;;;;;;;;;;;;;;4.6;15.1;16.6;54.4;;;;;;;;;;;;;;;;15;;
PRE;18.02.2001 00:00;;;;;;;;;;;;;;6.6;13.7;23.8;49.3;;;;;;;;;;;;;;;;19;;
PRE;19.02.2001 00:00;;;;;;;;;;;;;;4.6;12.2;16.6;43.9;;;;;;;;;;;;;;;;26;;
PRE;20.02.2001 00:00;;;;;;;;;;;;;;4.8;10.7;17.3;38.5;;;;;;;;;;;;;;;;12;;
PRE;21.02.2001 00:00;;;;;;;;;;;;;;2.3;8.8;8.3;31.7;;;;;;;;;;;;;;;;17;;
PRE;22.02.2001 00:00;;;;;;;;;;;;;;1.8;6.1;6.5;22;;;;;;;;;;;;;;;;231;;
PRE;23.02.2001 00:00;;;;;;;;;;;;;;4.9;13.3;17.6;47.9;;;;;;;;;;;;;;;;256;;
PRE;24.02.2001 00:00;;;;;;;;;;;;;;3.1;10.2;11.2;36.7;;;;;;;;;;;;;;;;356;;
PRE;25.02.2001 00:00;;;;;;;;;;;;;;5.4;12.2;19.4;43.9;;;;;;;;;;;;;;;;16;;
PRE;26.02.2001 00:00;;;;;;;;;;;;;;2.5;10.1;9;36.4;;;;;;;;;;;;;;;;16;;
PRE;27.02.2001 00:00;;;;;;;;;;;;;;3.4;11.8;12.2;42.5;;;;;;;;;;;;;;;;352;;
PRE;28.02.2001 00:00;;;;;;;;;;;;;;3.4;14.7;12.2;52.9;;;;;;;;;;;;;;;;234;;
PRE;01.03.2001 00:00;;;;;;;;;;;;;;6.7;18.7;24.1;67.3;;;;;;;;;;;;;;;;235;;
PRE;02.03.2001 00:00;;;;;;;;;;;;;;4.3;12.2;15.5;43.9;;;;;;;;;;;;;;;;358;;
PRE;03.03.2001 00:00;;;;;;;;;;;;;;1.4;4.5;5;16.2;;;;;;;;;;;;;;;;360;;
PRE;04.03.2001 00:00;;;;;;;;;;;;;;3.9;15.1;14;54.4;;;;;;;;;;;;;;;;253;;
PRE;05.03.2001 00:00;;;;;;;;;;;;;;3;7.8;10.8;28.1;;;;;;;;;;;;;;;;13;;
PRE;06.03.2001 00:00;;;;;;;;;;;;;;3.3;8.1;11.9;29.2;;;;;;;;;;;;;;;;10;;
PRE;07.03.2001 00:00;;;;;;;;;;;;;;1.3;6.6;4.7;23.8;;;;;;;;;;;;;;;;349;;
PRE;08.03.2001 00:00;;;;;;;;;;;;;;1.6;6.3;5.8;22.7;;;;;;;;;;;;;;;;259;;
PRE;09.03.2001 00:00;;;;;;;;;;;;;;2.7;8.6;9.7;31;;;;;;;;;;;;;;;;238;;
PRE;10.03.2001 00:00;;;;;;;;;;;;;;4.7;12.5;16.9;45;;;;;;;;;;;;;;;;306;;
PRE;11.03.2001 00:00;;;;;;;;;;;;;;3.5;10.2;12.6;36.7;;;;;;;;;;;;;;;;270;;
PRE;12.03.2001 00:00;;;;;;;;;;;;;;3.4;10.8;12.2;38.9;;;;;;;;;;;;;;;;256;;
PRE;13.03.2001 00:00;;;;;;;;;;;;;;6.9;18.6;24.8;67;;;;;;;;;;;;;;;;248;;
PRE;14.03.2001 00:00;;;;;;;;;;;;;;5.8;18.8;20.9;67.7;;;;;;;;;;;;;;;;283;;
PRE;15.03.2001 00:00;;;;;;;;;;;;;;3.4;11.6;12.2;41.8;;;;;;;;;;;;;;;;331;;
PRE;16.03.2001 00:00;;;;;;;;;;;;;;1.3;5.5;4.7;19.8;;;;;;;;;;;;;;;;315;;
PRE;17.03.2001 00:00;;;;;;;;;;;;;;2.5;8.1;9;29.2;;;;;;;;;;;;;;;;270;;
PRE;18.03.2001 00:00;;;;;;;;;;;;;;5;14.3;18;51.5;;;;;;;;;;;;;;;;263;;
PRE;19.03.2001 00:00;;;;;;;;;;;;;;4.3;14.2;;51.1;;;;;;;;;;;;;;;;285;;
PRE;20.03.2001 00:00;;;;;;;;;;;;;;2.5;8.3;9;29.9;;;;;;;;;;;;;;;;14;;
PRE;21.03.2001 00:00;;;;;;;;;;;;;;2.9;19.3;10.4;69.5;;;;;;;;;;;;;;;;207;;
PRE;22.03.2001 00:00;;;;;;;;;;;;;;7.1;20.7;25.6;74.5;;;;;;;;;;;;;;;;264;;
PRE;23.03.2001 00:00;;;;;;;;;;;;;;2.4;11.3;8.6;40.7;;;;;;;;;;;;;;;;284;;
PRE;24.03.2001 00:00;;;;;;;;;;;;;;2.8;12.2;10.1;43.9;;;;;;;;;;;;;;;;357;;
PRE;25.03.2001 00:00;;;;;;;;;;;;;;4.6;18.8;16.6;67.7;;;;;;;;;;;;;;;;242;;
PRE;26.03.2001 00:00;;;;;;;;;;;;;;3.7;9.1;13.3;32.8;;;;;;;;;;;;;;;;343;;
PRE;27.03.2001 00:00;;;;;;;;;;;;;;1.9;4.8;6.8;17.3;;;;;;;;;;;;;;;;32;;
PRE;28.03.2001 00:00;;;;;;;;;;;;;;3.5;21;12.6;75.6;;;;;;;;;;;;;;;;321;;
PRE;29.03.2001 00:00;;;;;;;;;;;;;;4.8;13.5;17.3;48.6;;;;;;;;;;;;;;;;284;;
PRE;30.03.2001 00:00;;;;;;;;;;;;;;2.5;7.5;9;27;;;;;;;;;;;;;;;;18;;
PRE;31.03.2001 00:00;;;;;;;;;;;;;;3.8;9.3;13.7;33.5;;;;;;;;;;;;;;;;21;;
PRE;01.04.2001 00:00;;;;;;;;;;;;;;2.7;9.8;9.7;35.3;;;;;;;;;;;;;;;;27;;
PRE;02.04.2001 00:00;;;;;;;;;;;;;;1.9;9.6;6.8;34.6;;;;;;;;;;;;;;;;63;;
PRE;03.04.2001 00:00;;;;;;;;;;;;;;3;9.1;10.8;32.8;;;;;;;;;;;;;;;;311;;
PRE;04.04.2001 00:00;;;;;;;;;;;;;;4.1;22.1;14.8;79.6;;;;;;;;;;;;;;;;262;;
PRE;05.04.2001 00:00;;;;;;;;;;;;;;2.6;11.8;9.4;42.5;;;;;;;;;;;;;;;;270;;
PRE;06.04.2001 00:00;;;;;;;;;;;;;;5.6;14.1;20.2;50.8;;;;;;;;;;;;;;;;289;;
PRE;07.04.2001 00:00;;;;;;;;;;;;;;3.4;12;12.2;43.2;;;;;;;;;;;;;;;;238;;
PRE;08.04.2001 00:00;;;;;;;;;;;;;;2.4;11.5;8.6;41.4;;;;;;;;;;;;;;;;281;;
PRE;09.04.2001 00:00;;;;;;;;;;;;;;3.6;11.3;13;40.7;;;;;;;;;;;;;;;;270;;
PRE;10.04.2001 00:00;;;;;;;;;;;;;;5.1;12.2;18.4;43.9;;;;;;;;;;;;;;;;285;;
PRE;11.04.2001 00:00;;;;;;;;;;;;;;2.8;10.6;10.1;38.2;;;;;;;;;;;;;;;;28;;
PRE;12.04.2001 00:00;;;;;;;;;;;;;;5.9;14.6;21.2;52.6;;;;;;;;;;;;;;;;13;;
PRE;13.04.2001 00:00;;;;;;;;;;;;;;5.4;11.8;19.4;42.5;;;;;;;;;;;;;;;;21;;
PRE;14.04.2001 00:00;;;;;;;;;;;;;;5.2;15.1;18.7;54.4;;;;;;;;;;;;;;;;26;;
PRE;15.04.2001 00:00;;;;;;;;;;;;;;6.2;14.6;22.3;52.6;;;;;;;;;;;;;;;;252;;
PRE;16.04.2001 00:00;;;;;;;;;;;;;;3.2;9.6;11.5;34.6;;;;;;;;;;;;;;;;270;;
PRE;17.04.2001 00:00;;;;;;;;;;;;;;3.1;9.6;11.2;34.6;;;;;;;;;;;;;;;;17;;
PRE;18.04.2001 00:00;;;;;;;;;;;;;;4.8;12.2;17.3;43.9;;;;;;;;;;;;;;;;252;;
PRE;19.04.2001 00:00;;;;;;;;;;;;;;2.2;8.1;7.9;29.2;;;;;;;;;;;;;;;;180;;
PRE;20.04.2001 00:00;;;;;;;;;;;;;;2.9;9.8;10.4;35.3;;;;;;;;;;;;;;;;68;;
PRE;21.04.2001 00:00;;;;;;;;;;;;;;2.4;11.6;8.6;41.8;;;;;;;;;;;;;;;;52;;
PRE;22.04.2001 00:00;;;;;;;;;;;;;;2.6;8.2;9.4;29.5;;;;;;;;;;;;;;;;25;;
PRE;23.04.2001 00:00;;;;;;;;;;;;;;3;9;10.8;32.4;;;;;;;;;;;;;;;;360;;
PRE;24.04.2001 00:00;;;;;;;;;;;;;;1;4.1;3.6;14.8;;;;;;;;;;;;;;;;360;;
PRE;25.04.2001 00:00;;;;;;;;;;;;;;2.3;7.8;8.3;28.1;;;;;;;;;;;;;;;;276;;
PRE;26.04.2001 00:00;;;;;;;;;;;;;;3;10.8;10.8;38.9;;;;;;;;;;;;;;;;259;;
PRE;27.04.2001 00:00;;;;;;;;;;;;;;1.3;4.3;4.7;15.5;;;;;;;;;;;;;;;;90;;
PRE;28.04.2001 00:00;;;;;;;;;;;;;;4.2;11.1;15.1;40;;;;;;;;;;;;;;;;238;;
PRE;29.04.2001 00:00;;;;;;;;;;;;;;1.8;7;6.5;25.2;;;;;;;;;;;;;;;;360;;
PRE;30.04.2001 00:00;;;;;;;;;;;;;;3.1;8.3;11.2;29.9;;;;;;;;;;;;;;;;6;;
PRE;01.05.2001 00:00;;;;;;;;;;;;;;3.4;10.8;12.2;38.9;;;;;;;;;;;;;;;;287;;
PRE;02.05.2001 00:00;;;;;;;;;;;;;;1.9;10.6;6.8;38.2;;;;;;;;;;;;;;;;252;;
PRE;03.05.2001 00:00;;;;;;;;;;;;;;3.9;11.6;14;41.8;;;;;;;;;;;;;;;;277;;
PRE;04.05.2001 00:00;;;;;;;;;;;;;;3.5;11.1;12.6;40;;;;;;;;;;;;;;;;311;;
PRE;05.05.2001 00:00;;;;;;;;;;;;;;3.2;11.7;11.5;42.1;;;;;;;;;;;;;;;;284;;
PRE;06.05.2001 00:00;;;;;;;;;;;;;;6;12.8;21.6;46.1;;;;;;;;;;;;;;;;26;;
PRE;07.05.2001 00:00;;;;;;;;;;;;;;5.1;11.1;18.4;40;;;;;;;;;;;;;;;;14;;
PRE;08.05.2001 00:00;;;;;;;;;;;;;;3.8;8.8;13.7;31.7;;;;;;;;;;;;;;;;8;;
PRE;09.05.2001 00:00;;;;;;;;;;;;;;3.5;12.1;12.6;43.6;;;;;;;;;;;;;;;;15;;
PRE;10.05.2001 00:00;;;;;;;;;;;;;;1.9;7;6.8;25.2;;;;;;;;;;;;;;;;360;;
PRE;11.05.2001 00:00;;;;;;;;;;;;;;5.5;13.7;19.8;49.3;;;;;;;;;;;;;;;;16;;
PRE;12.05.2001 00:00;;;;;;;;;;;;;;4.8;12.5;17.3;45;;;;;;;;;;;;;;;;11;;
PRE;13.05.2001 00:00;;;;;;;;;;;;;;1.8;6.7;6.5;24.1;;;;;;;;;;;;;;;;68;;
PRE;14.05.2001 00:00;;;;;;;;;;;;;;3.3;15.2;11.9;54.7;;;;;;;;;;;;;;;;249;;
PRE;15.05.2001 00:00;;;;;;;;;;;;;;1.9;7.7;6.8;27.7;;;;;;;;;;;;;;;;342;;
PRE;16.05.2001 00:00;;;;;;;;;;;;;;3.2;15;11.5;54;;;;;;;;;;;;;;;;225;;
PRE;17.05.2001 00:00;;;;;;;;;;;;;;3.2;12.6;11.5;45.4;;;;;;;;;;;;;;;;232;;
PRE;18.05.2001 00:00;;;;;;;;;;;;;;4.3;18.2;15.5;65.5;;;;;;;;;;;;;;;;297;;
PRE;19.05.2001 00:00;;;;;;;;;;;;;;5.8;12.7;20.9;45.7;;;;;;;;;;;;;;;;17;;
PRE;20.05.2001 00:00;;;;;;;;;;;;;;4.3;11.3;15.5;40.7;;;;;;;;;;;;;;;;19;;
PRE;21.05.2001 00:00;;;;;;;;;;;;;;4.4;11.2;15.8;40.3;;;;;;;;;;;;;;;;23;;
PRE;22.05.2001 00:00;;;;;;;;;;;;;;3.1;9.3;11.2;33.5;;;;;;;;;;;;;;;;18;;
PRE;23.05.2001 00:00;;;;;;;;;;;;;;3.5;13;12.6;46.8;;;;;;;;;;;;;;;;333;;
PRE;24.05.2001 00:00;;;;;;;;;;;;;;2;7.3;7.2;26.3;;;;;;;;;;;;;;;;56;;
PRE;25.05.2001 00:00;;;;;;;;;;;;;;1.7;11.1;6.1;40;;;;;;;;;;;;;;;;36;;
PRE;26.05.2001 00:00;;;;;;;;;;;;;;1.9;5.7;6.8;20.5;;;;;;;;;;;;;;;;53;;
PRE;27.05.2001 00:00;;;;;;;;;;;;;;1.6;4.3;5.8;15.5;;;;;;;;;;;;;;;;315;;
PRE;28.05.2001 00:00;;;;;;;;;;;;;;1.5;4.2;5.4;15.1;;;;;;;;;;;;;;;;360;;
PRE;29.05.2001 00:00;;;;;;;;;;;;;;1.9;6;6.8;21.6;;;;;;;;;;;;;;;;329;;
PRE;30.05.2001 00:00;;;;;;;;;;;;;;1.7;5;6.1;18;;;;;;;;;;;;;;;;307;;
PRE;31.05.2001 00:00;;;;;;;;;;;;;;3;10.5;10.8;37.8;;;;;;;;;;;;;;;;333;;
PRE;01.06.2001 00:00;;;;;;;;;;;;;;3.8;10.3;13.7;37.1;;;;;;;;;;;;;;;;16;;
PRE;02.06.2001 00:00;;;;;;;;;;;;;;3.7;18;13.3;64.8;;;;;;;;;;;;;;;;257;;
PRE;03.06.2001 00:00;;;;;;;;;;;;;;3.9;14.5;14;52.2;;;;;;;;;;;;;;;;337;;
PRE;04.06.2001 00:00;;;;;;;;;;;;;;2.3;6.1;8.3;22;;;;;;;;;;;;;;;;27;;
PRE;05.06.2001 00:00;;;;;;;;;;;;;;2.2;11.2;7.9;40.3;;;;;;;;;;;;;;;;50;;
PRE;06.06.2001 00:00;;;;;;;;;;;;;;3.4;9.3;12.2;33.5;;;;;;;;;;;;;;;;241;;
PRE;07.06.2001 00:00;;;;;;;;;;;;;;3.5;9.5;12.6;34.2;;;;;;;;;;;;;;;;243;;
PRE;08.06.2001 00:00;;;;;;;;;;;;;;1.2;7.8;4.3;28.1;;;;;;;;;;;;;;;;7;;
PRE;09.06.2001 00:00;;;;;;;;;;;;;;2.2;7.3;7.9;26.3;;;;;;;;;;;;;;;;321;;
PRE;10.06.2001 00:00;;;;;;;;;;;;;;1.2;4.1;4.3;14.8;;;;;;;;;;;;;;;;360;;
PRE;11.06.2001 00:00;;;;;;;;;;;;;;2.4;10.5;8.6;37.8;;;;;;;;;;;;;;;;11;;
PRE;12.06.2001 00:00;;;;;;;;;;;;;;2.3;7.2;8.3;25.9;;;;;;;;;;;;;;;;27;;
PRE;13.06.2001 00:00;;;;;;;;;;;;;;2.9;21.1;10.4;76;;;;;;;;;;;;;;;;24;;
PRE;14.06.2001 00:00;;;;;;;;;;;;;;1.8;9.2;6.5;33.1;;;;;;;;;;;;;;;;135;;
PRE;15.06.2001 00:00;;;;;;;;;;;;;;1.9;19.7;6.8;70.9;;;;;;;;;;;;;;;;56;;
PRE;16.06.2001 00:00;;;;;;;;;;;;;;3;9.8;10.8;35.3;;;;;;;;;;;;;;;;229;;
PRE;17.06.2001 00:00;;;;;;;;;;;;;;5;12.2;18;43.9;;;;;;;;;;;;;;;;234;;
PRE;18.06.2001 00:00;;;;;;;;;;;;;;2.4;10.2;8.6;36.7;;;;;;;;;;;;;;;;37;;
PRE;19.06.2001 00:00;;;;;;;;;;;;;;5.9;13.3;21.2;47.9;;;;;;;;;;;;;;;;21;;
PRE;20.06.2001 00:00;;;;;;;;;;;;;;3.2;10.8;11.5;38.9;;;;;;;;;;;;;;;;38;;
PRE;21.06.2001 00:00;;;;;;;;;;;;;;1.5;6.6;5.4;23.8;;;;;;;;;;;;;;;;243;;
PRE;22.06.2001 00:00;;;;;;;;;;;;;;3;7.8;10.8;28.1;;;;;;;;;;;;;;;;278;;
PRE;23.06.2001 00:00;;;;;;;;;;;;;;3.1;9;11.2;32.4;;;;;;;;;;;;;;;;15;;
PRE;24.06.2001 00:00;;;;;;;;;;;;;;2.2;8.2;7.9;29.5;;;;;;;;;;;;;;;;360;;
PRE;25.06.2001 00:00;;;;;;;;;;;;;;3.7;9.2;13.3;33.1;;;;;;;;;;;;;;;;9;;
PRE;26.06.2001 00:00;;;;;;;;;;;;;;1.4;4.6;5;16.6;;;;;;;;;;;;;;;;207;;
PRE;27.06.2001 00:00;;;;;;;;;;;;;;2.9;12.7;10.4;45.7;;;;;;;;;;;;;;;;302;;
PRE;28.06.2001 00:00;;;;;;;;;;;;;;2.7;11.2;9.7;40.3;;;;;;;;;;;;;;;;360;;
PRE;29.06.2001 00:00;;;;;;;;;;;;;;4.2;10.2;15.1;36.7;;;;;;;;;;;;;;;;12;;
PRE;30.06.2001 00:00;;;;;;;;;;;;;;2.3;8.8;8.3;31.7;;;;;;;;;;;;;;;;270;;
PRE;01.07.2001 00:00;;;;;;;;;;;;;;4;10.2;14.4;36.7;;;;;;;;;;;;;;;;13;;
PRE;02.07.2001 00:00;;;;;;;;;;;;;;5.5;12.3;19.8;44.3;;;;;;;;;;;;;;;;14;;
PRE;03.07.2001 00:00;;;;;;;;;;;;;;3.5;9.5;12.6;34.2;;;;;;;;;;;;;;;;21;;
PRE;04.07.2001 00:00;;;;;;;;;;;;;;3.2;8.8;11.5;31.7;;;;;;;;;;;;;;;;9;;
PRE;05.07.2001 00:00;;;;;;;;;;;;;;3.7;9.3;13.3;33.5;;;;;;;;;;;;;;;;4;;
PRE;06.07.2001 00:00;;;;;;;;;;;;;;2.8;20.3;10.1;73.1;;;;;;;;;;;;;;;;265;;
PRE;07.07.2001 00:00;;;;;;;;;;;;;;3.5;10.3;12.6;37.1;;;;;;;;;;;;;;;;238;;
PRE;08.07.2001 00:00;;;;;;;;;;;;;;2.8;11.2;10.1;40.3;;;;;;;;;;;;;;;;227;;
PRE;09.07.2001 00:00;;;;;;;;;;;;;;1.5;5;5.4;18;;;;;;;;;;;;;;;;76;;
PRE;10.07.2001 00:00;;;;;;;;;;;;;;1.9;8.1;6.8;29.2;;;;;;;;;;;;;;;;252;;
PRE;11.07.2001 00:00;;;;;;;;;;;;;;4.4;10.7;15.8;38.5;;;;;;;;;;;;;;;;262;;
PRE;12.07.2001 00:00;;;;;;;;;;;;;;3.7;12.3;13.3;44.3;;;;;;;;;;;;;;;;246;;
PRE;13.07.2001 00:00;;;;;;;;;;;;;;3;11.6;10.8;41.8;;;;;;;;;;;;;;;;234;;
PRE;14.07.2001 00:00;;;;;;;;;;;;;;1.9;9;6.8;32.4;;;;;;;;;;;;;;;;220;;
PRE;15.07.2001 00:00;;;;;;;;;;;;;;1.8;7.6;6.5;27.4;;;;;;;;;;;;;;;;17;;
PRE;16.07.2001 00:00;;;;;;;;;;;;;;3.1;11.5;11.2;41.4;;;;;;;;;;;;;;;;27;;
PRE;17.07.2001 00:00;;;;;;;;;;;;;;3.4;14.8;12.2;53.3;;;;;;;;;;;;;;;;232;;
PRE;18.07.2001 00:00;;;;;;;;;;;;;;4.3;18.2;15.5;65.5;;;;;;;;;;;;;;;;235;;
PRE;19.07.2001 00:00;;;;;;;;;;;;;;4.3;10.7;15.5;38.5;;;;;;;;;;;;;;;;247;;
PRE;20.07.2001 00:00;;;;;;;;;;;;;;2;9.1;7.2;32.8;;;;;;;;;;;;;;;;243;;
PRE;21.07.2001 00:00;;;;;;;;;;;;;;2;;7.2;;;;;;;;;;;;;;;;;90;;
PRE;22.07.2001 00:00;;;;;;;;;;;;;;1.5;4.6;5.4;16.6;;;;;;;;;;;;;;;;207;;
PRE;23.07.2001 00:00;;;;;;;;;;;;;;2.4;9.5;8.6;34.2;;;;;;;;;;;;;;;;360;;
PRE;24.07.2001 00:00;;;;;;;;;;;;;;3;9.2;10.8;33.1;;;;;;;;;;;;;;;;13;;
PRE;25.07.2001 00:00;;;;;;;;;;;;;;3.4;9.2;12.2;33.1;;;;;;;;;;;;;;;;29;;
PRE;26.07.2001 00:00;;;;;;;;;;;;;;1.7;6.2;6.1;22.3;;;;;;;;;;;;;;;;315;;
PRE;27.07.2001 00:00;;;;;;;;;;;;;;1.5;4.3;5.4;15.5;;;;;;;;;;;;;;;;270;;
PRE;28.07.2001 00:00;;;;;;;;;;;;;;1.6;7.1;5.8;25.6;;;;;;;;;;;;;;;;281;;
PRE;29.07.2001 00:00;;;;;;;;;;;;;;2.4;8.8;8.6;31.7;;;;;;;;;;;;;;;;338;;
PRE;30.07.2001 00:00;;;;;;;;;;;;;;3.2;9.2;11.5;33.1;;;;;;;;;;;;;;;;17;;
PRE;31.07.2001 00:00;;;;;;;;;;;;;;1.9;6.5;6.8;23.4;;;;;;;;;;;;;;;;11;;
PRE;01.08.2001 00:00;;;;;;;;;;;;;;3.6;10.1;13;36.4;;;;;;;;;;;;;;;;14;;
PRE;02.08.2001 00:00;;;;;;;;;;;;;;2.3;11.5;8.3;41.4;;;;;;;;;;;;;;;;240;;
PRE;03.08.2001 00:00;;;;;;;;;;;;;;2.1;8.8;7.6;31.7;;;;;;;;;;;;;;;;253;;
PRE;04.08.2001 00:00;;;;;;;;;;;;;;3.2;8.6;11.5;31;;;;;;;;;;;;;;;;268;;
PRE;05.08.2001 00:00;;;;;;;;;;;;;;2.7;8.3;9.7;29.9;;;;;;;;;;;;;;;;265;;
PRE;06.08.2001 00:00;;;;;;;;;;;;;;3.8;13.6;13.7;49;;;;;;;;;;;;;;;;248;;
PRE;07.08.2001 00:00;;;;;;;;;;;;;;3.3;8.6;11.9;31;;;;;;;;;;;;;;;;237;;
PRE;08.08.2001 00:00;;;;;;;;;;;;;;3.8;12.5;13.7;45;;;;;;;;;;;;;;;;250;;
PRE;09.08.2001 00:00;;;;;;;;;;;;;;3.1;10.5;11.2;37.8;;;;;;;;;;;;;;;;243;;
PRE;10.08.2001 00:00;;;;;;;;;;;;;;2.9;9.6;10.4;34.6;;;;;;;;;;;;;;;;4;;
PRE;11.08.2001 00:00;;;;;;;;;;;;;;4.7;10.3;16.9;37.1;;;;;;;;;;;;;;;;20;;
PRE;12.08.2001 00:00;;;;;;;;;;;;;;2.2;7.5;7.9;27;;;;;;;;;;;;;;;;37;;
PRE;13.08.2001 00:00;;;;;;;;;;;;;;1.3;4.3;4.7;15.5;;;;;;;;;;;;;;;;243;;
PRE;14.08.2001 00:00;;;;;;;;;;;;;;1.4;4.2;5;15.1;;;;;;;;;;;;;;;;360;;
PRE;15.08.2001 00:00;;;;;;;;;;;;;;1.8;5.7;6.5;20.5;;;;;;;;;;;;;;;;333;;
PRE;16.08.2001 00:00;;;;;;;;;;;;;;2.8;8.8;10.1;31.7;;;;;;;;;;;;;;;;262;;
PRE;17.08.2001 00:00;;;;;;;;;;;;;;3.4;9;12.2;32.4;;;;;;;;;;;;;;;;18;;
PRE;18.08.2001 00:00;;;;;;;;;;;;;;1.9;11.3;6.8;40.7;;;;;;;;;;;;;;;;207;;
PRE;19.08.2001 00:00;;;;;;;;;;;;;;2.2;21.1;7.9;76;;;;;;;;;;;;;;;;166;;
PRE;20.08.2001 00:00;;;;;;;;;;;;;;1.8;5.3;6.5;19.1;;;;;;;;;;;;;;;;229;;
PRE;21.08.2001 00:00;;;;;;;;;;;;;;3.5;9;12.6;32.4;;;;;;;;;;;;;;;;15;;
PRE;22.08.2001 00:00;;;;;;;;;;;;;;3.7;9.2;13.3;33.1;;;;;;;;;;;;;;;;22;;
PRE;23.08.2001 00:00;;;;;;;;;;;;;;1.7;4.3;6.1;15.5;;;;;;;;;;;;;;;;360;;
PRE;24.08.2001 00:00;;;;;;;;;;;;;;1.7;5.5;6.1;19.8;;;;;;;;;;;;;;;;270;;
PRE;25.08.2001 00:00;;;;;;;;;;;;;;1.4;3.8;5;13.7;;;;;;;;;;;;;;;;270;;
PRE;26.08.2001 00:00;;;;;;;;;;;;;;1.3;3.6;4.7;13;;;;;;;;;;;;;;;;270;;
PRE;27.08.2001 00:00;;;;;;;;;;;;;;1.7;7;6.1;25.2;;;;;;;;;;;;;;;;360;;
PRE;28.08.2001 00:00;;;;;;;;;;;;;;4;9.3;14.4;33.5;;;;;;;;;;;;;;;;17;;
PRE;29.08.2001 00:00;;;;;;;;;;;;;;3.5;9.1;12.6;32.8;;;;;;;;;;;;;;;;9;;
PRE;30.08.2001 00:00;;;;;;;;;;;;;;3.2;18;11.5;64.8;;;;;;;;;;;;;;;;250;;
PRE;31.08.2001 00:00;;;;;;;;;;;;;;3.1;12.5;11.2;45;;;;;;;;;;;;;;;;245;;
PRE;01.09.2001 00:00;;;;;;;;;;;;;;2.2;7.5;7.9;27;;;;;;;;;;;;;;;;246;;
PRE;02.09.2001 00:00;;;;;;;;;;;;;;2.1;6.6;7.6;23.8;;;;;;;;;;;;;;;;351;;
PRE;03.09.2001 00:00;;;;;;;;;;;;;;2.3;11.6;8.3;41.8;;;;;;;;;;;;;;;;245;;
PRE;04.09.2001 00:00;;;;;;;;;;;;;;3.9;13.6;14;49;;;;;;;;;;;;;;;;242;;
PRE;05.09.2001 00:00;;;;;;;;;;;;;;2.5;10.5;9;37.8;;;;;;;;;;;;;;;;274;;
PRE;06.09.2001 00:00;;;;;;;;;;;;;;1.7;4.7;6.1;16.9;;;;;;;;;;;;;;;;14;;
PRE;07.09.2001 00:00;;;;;;;;;;;;;;2.3;7.2;8.3;25.9;;;;;;;;;;;;;;;;231;;
PRE;08.09.2001 00:00;;;;;;;;;;;;;;6;15.1;21.6;54.4;;;;;;;;;;;;;;;;243;;
PRE;09.09.2001 00:00;;;;;;;;;;;;;;2.7;14.1;9.7;50.8;;;;;;;;;;;;;;;;14;;
PRE;10.09.2001 00:00;;;;;;;;;;;;;;1.8;7.3;6.5;26.3;;;;;;;;;;;;;;;;346;;
PRE;11.09.2001 00:00;;;;;;;;;;;;;;1.7;5.2;6.1;18.7;;;;;;;;;;;;;;;;270;;
PRE;12.09.2001 00:00;;;;;;;;;;;;;;1.7;4.8;6.1;17.3;;;;;;;;;;;;;;;;254;;
PRE;13.09.2001 00:00;;;;;;;;;;;;;;5.5;14.1;19.8;50.8;;;;;;;;;;;;;;;;240;;
PRE;14.09.2001 00:00;;;;;;;;;;;;;;4.4;19;15.8;68.4;;;;;;;;;;;;;;;;236;;
PRE;15.09.2001 00:00;;;;;;;;;;;;;;3.1;7.6;11.2;27.4;;;;;;;;;;;;;;;;246;;
PRE;16.09.2001 00:00;;;;;;;;;;;;;;3.5;11.6;12.6;41.8;;;;;;;;;;;;;;;;244;;
PRE;17.09.2001 00:00;;;;;;;;;;;;;;1.8;6.5;6.5;23.4;;;;;;;;;;;;;;;;326;;
PRE;18.09.2001 00:00;;;;;;;;;;;;;;2.3;6.8;8.3;24.5;;;;;;;;;;;;;;;;262;;
PRE;19.09.2001 00:00;;;;;;;;;;;;;;6.6;19.8;23.8;71.3;;;;;;;;;;;;;;;;248;;
PRE;20.09.2001 00:00;;;;;;;;;;;;;;5.6;13.3;20.2;47.9;;;;;;;;;;;;;;;;246;;
PRE;21.09.2001 00:00;;;;;;;;;;;;;;3.2;10.6;11.5;38.2;;;;;;;;;;;;;;;;275;;
PRE;22.09.2001 00:00;;;;;;;;;;;;;;2.3;8.2;8.3;29.5;;;;;;;;;;;;;;;;3;;
PRE;23.09.2001 00:00;;;;;;;;;;;;;;4.5;11.5;16.2;41.4;;;;;;;;;;;;;;;;11;;
PRE;24.09.2001 00:00;;;;;;;;;;;;;;1.1;5;4;18;;;;;;;;;;;;;;;;297;;
PRE;25.09.2001 00:00;;;;;;;;;;;;;;1.7;4.5;6.1;16.2;;;;;;;;;;;;;;;;277;;
PRE;26.09.2001 00:00;;;;;;;;;;;;;;1.6;4.2;5.4;15.1;;;;;;;;;;;;;;;;279;;
PRE;27.09.2001 00:00;;;;;;;;;;;;;;1.2;3.3;4.3;11.9;;;;;;;;;;;;;;;;326;;
PRE;28.09.2001 00:00;;;;;;;;;;;;;;1.4;3.6;5;13;;;;;;;;;;;;;;;;333;;
PRE;29.09.2001 00:00;;;;;;;;;;;;;;1.5;5.7;5.4;20.5;;;;;;;;;;;;;;;;222;;
PRE;30.09.2001 00:00;;;;;;;;;;;;;;1.3;5.5;4.7;19.8;;;;;;;;;;;;;;;;180;;
PRE;01.10.2001 00:00;;;;;;;;;;;;;;3.6;12.2;13;43.9;;;;;;;;;;;;;;;;228;;
PRE;02.10.2001 00:00;;;;;;;;;;;;;;4.1;11;14.8;39.6;;;;;;;;;;;;;;;;226;;
PRE;03.10.2001 00:00;;;;;;;;;;;;;;3.4;22.3;12.2;80.3;;;;;;;;;;;;;;;;218;;
PRE;04.10.2001 00:00;;;;;;;;;;;;;;2;6.7;7.2;24.1;;;;;;;;;;;;;;;;27;;
PRE;05.10.2001 00:00;;;;;;;;;;;;;;1.1;3.8;4;13.7;;;;;;;;;;;;;;;;333;;
PRE;06.10.2001 00:00;;;;;;;;;;;;;;1;3.6;3.6;13;;;;;;;;;;;;;;;;0;;
PRE;07.10.2001 00:00;;;;;;;;;;;;;;1.8;6.6;6.5;23.8;;;;;;;;;;;;;;;;225;;
PRE;08.10.2001 00:00;;;;;;;;;;;;;;2;13;7.2;46.8;;;;;;;;;;;;;;;;276;;
PRE;09.10.2001 00:00;;;;;;;;;;;;;;1.5;4.5;5.4;16.2;;;;;;;;;;;;;;;;354;;
PRE;10.10.2001 00:00;;;;;;;;;;;;;;1.6;4.7;5.8;16.9;;;;;;;;;;;;;;;;297;;
PRE;11.10.2001 00:00;;;;;;;;;;;;;;1.3;4.6;4.7;16.6;;;;;;;;;;;;;;;;309;;
PRE;12.10.2001 00:00;;;;;;;;;;;;;;1.1;2.8;4;10.1;;;;;;;;;;;;;;;;307;;
PRE;13.10.2001 00:00;;;;;;;;;;;;;;1.1;2.8;4;10.1;;;;;;;;;;;;;;;;333;;
PRE;14.10.2001 00:00;;;;;;;;;;;;;;1;3.7;3.6;13.3;;;;;;;;;;;;;;;;326;;
PRE;15.10.2001 00:00;;;;;;;;;;;;;;1.2;3.5;4.3;12.6;;;;;;;;;;;;;;;;360;;
PRE;16.10.2001 00:00;;;;;;;;;;;;;;3.6;9.3;13;33.5;;;;;;;;;;;;;;;;23;;
PRE;17.10.2001 00:00;;;;;;;;;;;;;;1.6;7.1;5.8;25.6;;;;;;;;;;;;;;;;278;;
PRE;18.10.2001 00:00;;;;;;;;;;;;;;1.5;5.1;5.4;18.4;;;;;;;;;;;;;;;;307;;
PRE;19.10.2001 00:00;;;;;;;;;;;;;;2.3;7.5;8.3;27;;;;;;;;;;;;;;;;360;;
PRE;20.10.2001 00:00;;;;;;;;;;;;;;2.8;11.5;10.1;41.4;;;;;;;;;;;;;;;;353;;
PRE;21.10.2001 00:00;;;;;;;;;;;;;;5.6;15;20.2;54;;;;;;;;;;;;;;;;240;;
PRE;22.10.2001 00:00;;;;;;;;;;;;;;2.5;9.6;9;34.6;;;;;;;;;;;;;;;;253;;
PRE;23.10.2001 00:00;;;;;;;;;;;;;;2.6;7.1;9.4;25.6;;;;;;;;;;;;;;;;259;;
PRE;24.10.2001 00:00;;;;;;;;;;;;;;3.5;13.3;12.6;47.9;;;;;;;;;;;;;;;;236;;
PRE;25.10.2001 00:00;;;;;;;;;;;;;;3.1;10.8;11.2;38.9;;;;;;;;;;;;;;;;270;;
PRE;26.10.2001 00:00;;;;;;;;;;;;;;1.6;6;5.8;21.6;;;;;;;;;;;;;;;;344;;
PRE;27.10.2001 00:00;;;;;;;;;;;;;;1.3;3.6;4.7;13;;;;;;;;;;;;;;;;315;;
PRE;28.10.2001 00:00;;;;;;;;;;;;;;1.3;4;4.7;14.4;;;;;;;;;;;;;;;;349;;
PRE;29.10.2001 00:00;;;;;;;;;;;;;;1.1;3;4;10.8;;;;;;;;;;;;;;;;338;;
PRE;30.10.2001 00:00;;;;;;;;;;;;;;1.2;4;4.3;14.4;;;;;;;;;;;;;;;;315;;
PRE;31.10.2001 00:00;;;;;;;;;;;;;;3.7;16.1;13.3;58;;;;;;;;;;;;;;;;263;;
PRE;01.11.2001 00:00;;;;;;;;;;;;;;8.3;19.5;29.9;70.2;;;;;;;;;;;;;;;;27;;
PRE;02.11.2001 00:00;;;;;;;;;;;;;;7.2;18.2;25.9;65.5;;;;;;;;;;;;;;;;30;;
PRE;03.11.2001 00:00;;;;;;;;;;;;;;2.3;7.1;8.3;25.6;;;;;;;;;;;;;;;;3;;
PRE;04.11.2001 00:00;;;;;;;;;;;;;;1.5;4.1;5.4;14.8;;;;;;;;;;;;;;;;304;;
PRE;05.11.2001 00:00;;;;;;;;;;;;;;4.1;11.5;14.8;41.4;;;;;;;;;;;;;;;;15;;
PRE;06.11.2001 00:00;;;;;;;;;;;;;;3.6;11.6;13;41.8;;;;;;;;;;;;;;;;250;;
PRE;07.11.2001 00:00;;;;;;;;;;;;;;6.2;12.8;22.3;46.1;;;;;;;;;;;;;;;;252;;
PRE;08.11.2001 00:00;;;;;;;;;;;;;;7.5;19.3;27;69.5;;;;;;;;;;;;;;;;238;;
PRE;09.11.2001 00:00;;;;;;;;;;;;;;6;21.5;21.6;77.4;;;;;;;;;;;;;;;;27;;
PRE;10.11.2001 00:00;;;;;;;;;;;;;;8.3;21.2;29.9;76.3;;;;;;;;;;;;;;;;24;;
PRE;11.11.2001 00:00;;;;;;;;;;;;;;6.3;14.7;22.7;52.9;;;;;;;;;;;;;;;;27;;
PRE;12.11.2001 00:00;;;;;;;;;;;;;;3.2;8.5;11.5;30.6;;;;;;;;;;;;;;;;15;;
PRE;13.11.2001 00:00;;;;;;;;;;;;;;5;13.3;18;47.9;;;;;;;;;;;;;;;;18;;
PRE;14.11.2001 00:00;;;;;;;;;;;;;;10.5;21.7;37.8;78.1;;;;;;;;;;;;;;;;27;;
PRE;15.11.2001 00:00;;;;;;;;;;;;;;7;16.2;25.2;58.3;;;;;;;;;;;;;;;;15;;
PRE;16.11.2001 00:00;;;;;;;;;;;;;;4.7;9.8;16.9;35.3;;;;;;;;;;;;;;;;4;;
PRE;17.11.2001 00:00;;;;;;;;;;;;;;3;8.2;10.8;29.5;;;;;;;;;;;;;;;;350;;
PRE;18.11.2001 00:00;;;;;;;;;;;;;;2.4;6.3;8.6;22.7;;;;;;;;;;;;;;;;357;;
PRE;19.11.2001 00:00;;;;;;;;;;;;;;5.9;13.7;21.2;49.3;;;;;;;;;;;;;;;;16;;
PRE;20.11.2001 00:00;;;;;;;;;;;;;;5;12.6;18;45.4;;;;;;;;;;;;;;;;31;;
PRE;21.11.2001 00:00;;;;;;;;;;;;;;2.5;7;9;25.2;;;;;;;;;;;;;;;;355;;
PRE;22.11.2001 00:00;;;;;;;;;;;;;;4.1;13.8;14.8;49.7;;;;;;;;;;;;;;;;245;;
PRE;23.11.2001 00:00;;;;;;;;;;;;;;3;9.5;10.8;34.2;;;;;;;;;;;;;;;;335;;
PRE;24.11.2001 00:00;;;;;;;;;;;;;;1.2;4;4.3;14.4;;;;;;;;;;;;;;;;360;;
PRE;25.11.2001 00:00;;;;;;;;;;;;;;1.3;4.7;4.7;16.9;;;;;;;;;;;;;;;;9;;
PRE;26.11.2001 00:00;;;;;;;;;;;;;;1.2;4.3;4.3;15.5;;;;;;;;;;;;;;;;240;;
PRE;27.11.2001 00:00;;;;;;;;;;;;;;2.5;7.3;9;26.3;;;;;;;;;;;;;;;;254;;
PRE;28.11.2001 00:00;;;;;;;;;;;;;;2.6;7.8;9.4;28.1;;;;;;;;;;;;;;;;246;;
PRE;29.11.2001 00:00;;;;;;;;;;;;;;2.2;10.6;7.9;38.2;;;;;;;;;;;;;;;;265;;
PRE;30.11.2001 00:00;;;;;;;;;;;;;;2.8;10.3;10.1;37.1;;;;;;;;;;;;;;;;210;;
PRE;01.12.2001 00:00;;;;;;;;;;;;;;0.8;2.6;2.9;9.4;;;;;;;;;;;;;;;;333;;
PRE;02.12.2001 00:00;;;;;;;;;;;;;;2.4;8.7;8.6;31.3;;;;;;;;;;;;;;;;349;;
PRE;03.12.2001 00:00;;;;;;;;;;;;;;1.1;3.8;4;13.7;;;;;;;;;;;;;;;;217;;
PRE;04.12.2001 00:00;;;;;;;;;;;;;;3.9;11.5;14;41.4;;;;;;;;;;;;;;;;258;;
PRE;05.12.2001 00:00;;;;;;;;;;;;;;3.7;13.8;13.3;49.7;;;;;;;;;;;;;;;;258;;
PRE;06.12.2001 00:00;;;;;;;;;;;;;;4.9;13.6;17.6;49;;;;;;;;;;;;;;;;346;;
PRE;07.12.2001 00:00;;;;;;;;;;;;;;8.1;17.2;29.2;61.9;;;;;;;;;;;;;;;;15;;
PRE;08.12.2001 00:00;;;;;;;;;;;;;;5;11.6;18;41.8;;;;;;;;;;;;;;;;13;;
PRE;09.12.2001 00:00;;;;;;;;;;;;;;5;10;18;36;;;;;;;;;;;;;;;;7;;
PRE;10.12.2001 00:00;;;;;;;;;;;;;;4.1;8.7;14.8;31.3;;;;;;;;;;;;;;;;7;;
PRE;11.12.2001 00:00;;;;;;;;;;;;;;5.6;13;20.2;46.8;;;;;;;;;;;;;;;;30;;
PRE;12.12.2001 00:00;;;;;;;;;;;;;;6.8;15;24.5;54;;;;;;;;;;;;;;;;29;;
PRE;13.12.2001 00:00;;;;;;;;;;;;;;10;25.2;36;90.7;;;;;;;;;;;;;;;;24;;
PRE;14.12.2001 00:00;;;;;;;;;;;;;;10.4;26.2;37.4;94.3;;;;;;;;;;;;;;;;28;;
PRE;15.12.2001 00:00;;;;;;;;;;;;;;6.7;13.5;24.1;48.6;;;;;;;;;;;;;;;;27;;
PRE;16.12.2001 00:00;;;;;;;;;;;;;;9.2;22;33.1;79.2;;;;;;;;;;;;;;;;42;;
PRE;17.12.2001 00:00;;;;;;;;;;;;;;6.1;18.8;22;67.7;;;;;;;;;;;;;;;;48;;
PRE;18.12.2001 00:00;;;;;;;;;;;;;;4.5;12.8;16.2;46.1;;;;;;;;;;;;;;;;51;;
PRE;19.12.2001 00:00;;;;;;;;;;;;;;1.8;4.8;6.5;17.3;;;;;;;;;;;;;;;;352;;
PRE;20.12.2001 00:00;;;;;;;;;;;;;;5;14.6;18;52.6;;;;;;;;;;;;;;;;19;;
PRE;21.12.2001 00:00;;;;;;;;;;;;;;3.4;9.2;12.2;33.1;;;;;;;;;;;;;;;;315;;
PRE;22.12.2001 00:00;;;;;;;;;;;;;;5.9;12.2;21.2;43.9;;;;;;;;;;;;;;;;265;;
PRE;23.12.2001 00:00;;;;;;;;;;;;;;3.3;11.5;11.9;41.4;;;;;;;;;;;;;;;;8;;
PRE;24.12.2001 00:00;;;;;;;;;;;;;;3;9.5;10.8;34.2;;;;;;;;;;;;;;;;342;;
PRE;25.12.2001 00:00;;;;;;;;;;;;;;6.4;15.2;23;54.7;;;;;;;;;;;;;;;;243;;
PRE;26.12.2001 00:00;;;;;;;;;;;;;;4.2;13.5;15.1;48.6;;;;;;;;;;;;;;;;279;;
PRE;27.12.2001 00:00;;;;;;;;;;;;;;4.4;13.7;15.8;49.3;;;;;;;;;;;;;;;;266;;
PRE;28.12.2001 00:00;;;;;;;;;;;;;;8;14.5;28.8;52.2;;;;;;;;;;;;;;;;279;;
PRE;29.12.2001 00:00;;;;;;;;;;;;;;9.3;21.7;33.5;78.1;;;;;;;;;;;;;;;;256;;
PRE;30.12.2001 00:00;;;;;;;;;;;;;;2.8;14.1;10.1;50.8;;;;;;;;;;;;;;;;351;;
PRE;31.12.2001 00:00;;;;;;;;;;;;;;4.8;12.3;17.3;44.3;;;;;;;;;;;;;;;;27;;
PRE;01.01.2002 00:00;;;;;;;;;;;;;;3.8;10.7;13.7;38.5;;;;;;;;;;;;;;;;30;;
PRE;02.01.2002 00:00;;;;;;;;;;;;;;2.4;6.5;8.6;23.4;;;;;;;;;;;;;;;;16;;
PRE;03.01.2002 00:00;;;;;;;;;;;;;;4.2;10.7;15.1;38.5;;;;;;;;;;;;;;;;22;;
PRE;04.01.2002 00:00;;;;;;;;;;;;;;2.2;5.8;7.9;20.9;;;;;;;;;;;;;;;;360;;
PRE;05.01.2002 00:00;;;;;;;;;;;;;;3;7.5;10.8;27;;;;;;;;;;;;;;;;356;;
PRE;06.01.2002 00:00;;;;;;;;;;;;;;3.1;7.8;11.2;28.1;;;;;;;;;;;;;;;;348;;
PRE;07.01.2002 00:00;;;;;;;;;;;;;;4.8;14;17.3;50.4;;;;;;;;;;;;;;;;36;;
PRE;08.01.2002 00:00;;;;;;;;;;;;;;2.7;6.3;9.7;22.7;;;;;;;;;;;;;;;;9;;
PRE;09.01.2002 00:00;;;;;;;;;;;;;;1.8;5.7;6.5;20.5;;;;;;;;;;;;;;;;344;;
PRE;10.01.2002 00:00;;;;;;;;;;;;;;1.9;4.5;6.8;16.2;;;;;;;;;;;;;;;;19;;
PRE;11.01.2002 00:00;;;;;;;;;;;;;;1.4;4.1;5;14.8;;;;;;;;;;;;;;;;329;;
PRE;12.01.2002 00:00;;;;;;;;;;;;;;1.3;4;4.7;14.4;;;;;;;;;;;;;;;;278;;
PRE;13.01.2002 00:00;;;;;;;;;;;;;;1.7;6.8;6.1;24.5;;;;;;;;;;;;;;;;355;;
PRE;14.01.2002 00:00;;;;;;;;;;;;;;3.6;8.1;13;29.2;;;;;;;;;;;;;;;;360;;
PRE;15.01.2002 00:00;;;;;;;;;;;;;;1.8;4.8;6.5;17.3;;;;;;;;;;;;;;;;343;;
PRE;16.01.2002 00:00;;;;;;;;;;;;;;0.8;4.3;2.9;15.5;;;;;;;;;;;;;;;;333;;
PRE;17.01.2002 00:00;;;;;;;;;;;;;;3.3;7.7;11.9;27.7;;;;;;;;;;;;;;;;5;;
PRE;18.01.2002 00:00;;;;;;;;;;;;;;1.5;5.6;5.4;20.2;;;;;;;;;;;;;;;;333;;
PRE;19.01.2002 00:00;;;;;;;;;;;;;;1.6;4.7;5.8;16.9;;;;;;;;;;;;;;;;252;;
PRE;20.01.2002 00:00;;;;;;;;;;;;;;1.6;7.8;5.8;28.1;;;;;;;;;;;;;;;;229;;
PRE;21.01.2002 00:00;;;;;;;;;;;;;;1.3;9.6;4.7;34.6;;;;;;;;;;;;;;;;270;;
PRE;22.01.2002 00:00;;;;;;;;;;;;;;2.8;10;10.1;36;;;;;;;;;;;;;;;;266;;
PRE;23.01.2002 00:00;;;;;;;;;;;;;;1.6;7.6;5.8;27.4;;;;;;;;;;;;;;;;247;;
PRE;24.01.2002 00:00;;;;;;;;;;;;;;4;8.8;14.4;31.7;;;;;;;;;;;;;;;;273;;
PRE;25.01.2002 00:00;;;;;;;;;;;;;;2.9;9.6;10.4;34.6;;;;;;;;;;;;;;;;286;;
PRE;26.01.2002 00:00;;;;;;;;;;;;;;4.1;11.8;14.8;42.5;;;;;;;;;;;;;;;;266;;
PRE;27.01.2002 00:00;;;;;;;;;;;;;;8.2;26.7;29.5;96.1;;;;;;;;;;;;;;;;278;;
PRE;28.01.2002 00:00;;;;;;;;;;;;;;2.1;8.8;7.6;31.7;;;;;;;;;;;;;;;;304;;
PRE;29.01.2002 00:00;;;;;;;;;;;;;;1.1;3.8;4;13.7;;;;;;;;;;;;;;;;338;;
PRE;30.01.2002 00:00;;;;;;;;;;;;;;1.4;10.1;5;36.4;;;;;;;;;;;;;;;;231;;
PRE;31.01.2002 00:00;;;;;;;;;;;;;;3.3;11.6;11.9;41.8;;;;;;;;;;;;;;;;270;;
PRE;01.02.2002 00:00;;;;;;;;;;;;;;1.7;7.8;6.1;28.1;;;;;;;;;;;;;;;;90;;
PRE;02.02.2002 00:00;;;;;;;;;;;;;;0.9;2.7;3.2;9.7;;;;;;;;;;;;;;;;315;;
PRE;03.02.2002 00:00;;;;;;;;;;;;;;1.9;18.6;6.8;67;;;;;;;;;;;;;;;;270;;
PRE;04.02.2002 00:00;;;;;;;;;;;;;;2.3;12.3;8.3;44.3;;;;;;;;;;;;;;;;225;;
PRE;05.02.2002 00:00;;;;;;;;;;;;;;5.4;15.3;19.4;55.1;;;;;;;;;;;;;;;;238;;
PRE;06.02.2002 00:00;;;;;;;;;;;;;;2.3;8.2;8.3;29.5;;;;;;;;;;;;;;;;284;;
PRE;07.02.2002 00:00;;;;;;;;;;;;;;3.8;11.7;13.7;42.1;;;;;;;;;;;;;;;;23;;
PRE;08.02.2002 00:00;;;;;;;;;;;;;;1.7;5.6;6.1;20.2;;;;;;;;;;;;;;;;202;;
PRE;09.02.2002 00:00;;;;;;;;;;;;;;2.5;11.8;9;42.5;;;;;;;;;;;;;;;;278;;
PRE;10.02.2002 00:00;;;;;;;;;;;;;;4.8;15;17.3;54;;;;;;;;;;;;;;;;270;;
PRE;11.02.2002 00:00;;;;;;;;;;;;;;1.8;6.5;6.5;23.4;;;;;;;;;;;;;;;;198;;
PRE;12.02.2002 00:00;;;;;;;;;;;;;;1;3.5;3.6;12.6;;;;;;;;;;;;;;;;63;;
PRE;13.02.2002 00:00;;;;;;;;;;;;;;1.4;4;5;14.4;;;;;;;;;;;;;;;;63;;
PRE;14.02.2002 00:00;;;;;;;;;;;;;;5;16.8;18;60.5;;;;;;;;;;;;;;;;16;;
PRE;15.02.2002 00:00;;;;;;;;;;;;;;6;14.2;21.6;51.1;;;;;;;;;;;;;;;;11;;
PRE;16.02.2002 00:00;;;;;;;;;;;;;;2;6.3;7.2;22.7;;;;;;;;;;;;;;;;17;;
PRE;17.02.2002 00:00;;;;;;;;;;;;;;1.4;4.6;5;16.6;;;;;;;;;;;;;;;;16;;
PRE;18.02.2002 00:00;;;;;;;;;;;;;;2;11.3;7.2;40.7;;;;;;;;;;;;;;;;288;;
PRE;19.02.2002 00:00;;;;;;;;;;;;;;4.4;12.2;15.8;43.9;;;;;;;;;;;;;;;;247;;
PRE;20.02.2002 00:00;;;;;;;;;;;;;;8.3;16.3;29.9;58.7;;;;;;;;;;;;;;;;261;;
PRE;21.02.2002 00:00;;;;;;;;;;;;;;5.4;16;19.4;57.6;;;;;;;;;;;;;;;;9;;
PRE;22.02.2002 00:00;;;;;;;;;;;;;;5;12;18;43.2;;;;;;;;;;;;;;;;285;;
PRE;23.02.2002 00:00;;;;;;;;;;;;;;7.8;17.8;28.1;64.1;;;;;;;;;;;;;;;;260;;
PRE;24.02.2002 00:00;;;;;;;;;;;;;;5;14.5;18;52.2;;;;;;;;;;;;;;;;257;;
PRE;25.02.2002 00:00;;;;;;;;;;;;;;6.3;13.1;22.7;47.2;;;;;;;;;;;;;;;;310;;
PRE;26.02.2002 00:00;;;;;;;;;;;;;;7.1;14.7;25.6;52.9;;;;;;;;;;;;;;;;294;;
PRE;27.02.2002 00:00;;;;;;;;;;;;;;6.2;19.3;22.3;69.5;;;;;;;;;;;;;;;;288;;
PRE;28.02.2002 00:00;;;;;;;;;;;;;;4.7;15.5;16.9;55.8;;;;;;;;;;;;;;;;239;;
PRE;01.03.2002 00:00;;;;;;;;;;;;;;2.7;9;9.7;32.4;;;;;;;;;;;;;;;;10;;
PRE;02.03.2002 00:00;;;;;;;;;;;;;;1.7;7;6.1;25.2;;;;;;;;;;;;;;;;7;;
PRE;03.03.2002 00:00;;;;;;;;;;;;;;2.7;9.2;9.7;33.1;;;;;;;;;;;;;;;;29;;
PRE;04.03.2002 00:00;;;;;;;;;;;;;;3.4;11.8;12.2;42.5;;;;;;;;;;;;;;;;17;;
PRE;05.03.2002 00:00;;;;;;;;;;;;;;1.5;6.2;5.4;22.3;;;;;;;;;;;;;;;;18;;
PRE;06.03.2002 00:00;;;;;;;;;;;;;;4.6;11.6;16.6;41.8;;;;;;;;;;;;;;;;5;;
PRE;07.03.2002 00:00;;;;;;;;;;;;;;3.3;8.2;11.9;29.5;;;;;;;;;;;;;;;;360;;
PRE;08.03.2002 00:00;;;;;;;;;;;;;;5.8;14.7;20.9;52.9;;;;;;;;;;;;;;;;13;;
PRE;09.03.2002 00:00;;;;;;;;;;;;;;2.1;12.2;7.6;43.9;;;;;;;;;;;;;;;;302;;
PRE;10.03.2002 00:00;;;;;;;;;;;;;;2;5;7.2;18;;;;;;;;;;;;;;;;315;;
PRE;11.03.2002 00:00;;;;;;;;;;;;;;1.4;3.8;5;13.7;;;;;;;;;;;;;;;;349;;
PRE;12.03.2002 00:00;;;;;;;;;;;;;;1.3;4;4.7;14.4;;;;;;;;;;;;;;;;360;;
PRE;13.03.2002 00:00;;;;;;;;;;;;;;1.3;4.1;4.7;14.8;;;;;;;;;;;;;;;;27;;
PRE;14.03.2002 00:00;;;;;;;;;;;;;;2.7;15.1;9.7;54.4;;;;;;;;;;;;;;;;331;;
PRE;15.03.2002 00:00;;;;;;;;;;;;;;2.6;10.8;9.4;38.9;;;;;;;;;;;;;;;;306;;
PRE;16.03.2002 00:00;;;;;;;;;;;;;;1.5;4.6;5.4;16.6;;;;;;;;;;;;;;;;281;;
PRE;17.03.2002 00:00;;;;;;;;;;;;;;1.3;3.3;4.7;11.9;;;;;;;;;;;;;;;;315;;
PRE;18.03.2002 00:00;;;;;;;;;;;;;;4.8;16.6;17.3;59.8;;;;;;;;;;;;;;;;241;;
PRE;19.03.2002 00:00;;;;;;;;;;;;;;7.6;16;27.4;57.6;;;;;;;;;;;;;;;;261;;
PRE;20.03.2002 00:00;;;;;;;;;;;;;;5.1;13.1;18.4;47.2;;;;;;;;;;;;;;;;276;;
PRE;21.03.2002 00:00;;;;;;;;;;;;;;3.8;17.3;13.7;62.3;;;;;;;;;;;;;;;;263;;
PRE;22.03.2002 00:00;;;;;;;;;;;;;;2.3;9.2;8.3;33.1;;;;;;;;;;;;;;;;257;;
PRE;23.03.2002 00:00;;;;;;;;;;;;;;4.9;15;17.6;54;;;;;;;;;;;;;;;;22;;
PRE;24.03.2002 00:00;;;;;;;;;;;;;;9.3;19.8;33.5;71.3;;;;;;;;;;;;;;;;15;;
PRE;25.03.2002 00:00;;;;;;;;;;;;;;8;15.8;28.8;56.9;;;;;;;;;;;;;;;;12;;
PRE;26.03.2002 00:00;;;;;;;;;;;;;;4.6;13.6;16.6;49;;;;;;;;;;;;;;;;10;;
PRE;27.03.2002 00:00;;;;;;;;;;;;;;6.2;12.1;22.3;43.6;;;;;;;;;;;;;;;;13;;
PRE;28.03.2002 00:00;;;;;;;;;;;;;;4;9.5;14.4;34.2;;;;;;;;;;;;;;;;11;;
PRE;29.03.2002 00:00;;;;;;;;;;;;;;2.3;8.2;8.3;29.5;;;;;;;;;;;;;;;;355;;
PRE;30.03.2002 00:00;;;;;;;;;;;;;;0.9;2.5;3.2;9;;;;;;;;;;;;;;;;326;;
PRE;31.03.2002 00:00;;;;;;;;;;;;;;1.3;3.2;4.7;11.5;;;;;;;;;;;;;;;;323;;
PRE;01.04.2002 00:00;;;;;;;;;;;;;;1.3;3.7;4.7;13.3;;;;;;;;;;;;;;;;315;;
PRE;02.04.2002 00:00;;;;;;;;;;;;;;2.6;7.6;9.4;27.4;;;;;;;;;;;;;;;;360;;
PRE;03.04.2002 00:00;;;;;;;;;;;;;;2.1;7.8;7.6;28.1;;;;;;;;;;;;;;;;45;;
PRE;04.04.2002 00:00;;;;;;;;;;;;;;4.3;9;15.5;32.4;;;;;;;;;;;;;;;;9;;
PRE;05.04.2002 00:00;;;;;;;;;;;;;;3.3;11.5;11.9;41.4;;;;;;;;;;;;;;;;5;;
PRE;06.04.2002 00:00;;;;;;;;;;;;;;7.2;14.5;25.9;52.2;;;;;;;;;;;;;;;;13;;
PRE;07.04.2002 00:00;;;;;;;;;;;;;;4.8;13.1;17.3;47.2;;;;;;;;;;;;;;;;14;;
PRE;08.04.2002 00:00;;;;;;;;;;;;;;4.1;11.5;14.8;41.4;;;;;;;;;;;;;;;;15;;
PRE;09.04.2002 00:00;;;;;;;;;;;;;;6.7;14.5;24.1;52.2;;;;;;;;;;;;;;;;15;;
PRE;10.04.2002 00:00;;;;;;;;;;;;;;4.1;11.8;14.8;42.5;;;;;;;;;;;;;;;;13;;
PRE;11.04.2002 00:00;;;;;;;;;;;;;;6.4;13.6;23;49;;;;;;;;;;;;;;;;5;;
PRE;12.04.2002 00:00;;;;;;;;;;;;;;2.8;9.7;10.1;34.9;;;;;;;;;;;;;;;;17;;
PRE;13.04.2002 00:00;;;;;;;;;;;;;;3.7;11.6;13.3;41.8;;;;;;;;;;;;;;;;11;;
PRE;14.04.2002 00:00;;;;;;;;;;;;;;1.4;5.5;5;19.8;;;;;;;;;;;;;;;;96;;
PRE;15.04.2002 00:00;;;;;;;;;;;;;;2.4;8.7;8.6;31.3;;;;;;;;;;;;;;;;13;;
PRE;16.04.2002 00:00;;;;;;;;;;;;;;1.9;7.2;6.5;25.9;;;;;;;;;;;;;;;;360;;
PRE;17.04.2002 00:00;;;;;;;;;;;;;;2;7.5;7.2;27;;;;;;;;;;;;;;;;27;;
PRE;18.04.2002 00:00;;;;;;;;;;;;;;1.5;6.3;5.4;22.7;;;;;;;;;;;;;;;;333;;
PRE;19.04.2002 00:00;;;;;;;;;;;;;;2;10.6;7.2;38.2;;;;;;;;;;;;;;;;324;;
PRE;20.04.2002 00:00;;;;;;;;;;;;;;4.2;14.6;15.1;52.6;;;;;;;;;;;;;;;;13;;
PRE;21.04.2002 00:00;;;;;;;;;;;;;;7.3;15.8;26.3;56.9;;;;;;;;;;;;;;;;14;;
PRE;22.04.2002 00:00;;;;;;;;;;;;;;2.2;6.5;7.9;23.4;;;;;;;;;;;;;;;;27;;
PRE;23.04.2002 00:00;;;;;;;;;;;;;;4.7;10.5;16.9;37.8;;;;;;;;;;;;;;;;14;;
PRE;24.04.2002 00:00;;;;;;;;;;;;;;5.4;12.2;19.4;43.9;;;;;;;;;;;;;;;;16;;
PRE;25.04.2002 00:00;;;;;;;;;;;;;;2.6;10.6;9.4;38.2;;;;;;;;;;;;;;;;29;;
PRE;26.04.2002 00:00;;;;;;;;;;;;;;3.5;11.8;12.2;42.5;;;;;;;;;;;;;;;;243;;
PRE;27.04.2002 00:00;;;;;;;;;;;;;;3;11.3;10.8;40.7;;;;;;;;;;;;;;;;246;;
PRE;28.04.2002 00:00;;;;;;;;;;;;;;4.2;13.1;15.1;47.2;;;;;;;;;;;;;;;;235;;
PRE;29.04.2002 00:00;;;;;;;;;;;;;;5.5;18.2;19.8;65.5;;;;;;;;;;;;;;;;241;;
PRE;30.04.2002 00:00;;;;;;;;;;;;;;2.6;12.3;9.4;44.3;;;;;;;;;;;;;;;;221;;
PRE;01.05.2002 00:00;;;;;;;;;;;;;;3.5;13.5;12.6;48.6;;;;;;;;;;;;;;;;273;;
PRE;02.05.2002 00:00;;;;;;;;;;;;;;2;10.3;7.2;37.1;;;;;;;;;;;;;;;;339;;
PRE;03.05.2002 00:00;;;;;;;;;;;;;;3.2;8.7;11.5;31.3;;;;;;;;;;;;;;;;12;;
PRE;04.05.2002 00:00;;;;;;;;;;;;;;2.5;7.5;9;27;;;;;;;;;;;;;;;;234;;
PRE;05.05.2002 00:00;;;;;;;;;;;;;;2.8;8.3;10.1;29.9;;;;;;;;;;;;;;;;243;;
PRE;06.05.2002 00:00;;;;;;;;;;;;;;3.4;8.6;12.2;31;;;;;;;;;;;;;;;;9;;
PRE;07.05.2002 00:00;;;;;;;;;;;;;;5.2;12.6;18.7;45.4;;;;;;;;;;;;;;;;9;;
PRE;08.05.2002 00:00;;;;;;;;;;;;;;2;9.5;7.2;34.2;;;;;;;;;;;;;;;;353;;
PRE;09.05.2002 00:00;;;;;;;;;;;;;;1.7;14;6.1;50.4;;;;;;;;;;;;;;;;246;;
PRE;10.05.2002 00:00;;;;;;;;;;;;;;2.4;7.8;8.6;28.1;;;;;;;;;;;;;;;;249;;
PRE;11.05.2002 00:00;;;;;;;;;;;;;;2.7;7.6;9.7;27.4;;;;;;;;;;;;;;;;238;;
PRE;12.05.2002 00:00;;;;;;;;;;;;;;1.7;5.7;6.1;20.5;;;;;;;;;;;;;;;;198;;
PRE;13.05.2002 00:00;;;;;;;;;;;;;;1.8;10.3;6.5;37.1;;;;;;;;;;;;;;;;90;;
PRE;14.05.2002 00:00;;;;;;;;;;;;;;4.7;17;16.9;61.2;;;;;;;;;;;;;;;;248;;
PRE;15.05.2002 00:00;;;;;;;;;;;;;;1.8;6.8;6.5;24.5;;;;;;;;;;;;;;;;349;;
PRE;16.05.2002 00:00;;;;;;;;;;;;;;1.5;3.8;5.4;13.7;;;;;;;;;;;;;;;;45;;
PRE;17.05.2002 00:00;;;;;;;;;;;;;;2;11.2;7.2;40.3;;;;;;;;;;;;;;;;252;;
PRE;18.05.2002 00:00;;;;;;;;;;;;;;1.9;11.5;6.8;41.4;;;;;;;;;;;;;;;;246;;
PRE;19.05.2002 00:00;;;;;;;;;;;;;;3.2;10.1;11.5;36.4;;;;;;;;;;;;;;;;15;;
PRE;20.05.2002 00:00;;;;;;;;;;;;;;2;8.2;7.2;29.5;;;;;;;;;;;;;;;;21;;
PRE;21.05.2002 00:00;;;;;;;;;;;;;;1.8;6.6;6.5;23.8;;;;;;;;;;;;;;;;180;;
PRE;22.05.2002 00:00;;;;;;;;;;;;;;1.7;14;6.1;50.4;;;;;;;;;;;;;;;;252;;
PRE;23.05.2002 00:00;;;;;;;;;;;;;;1.5;8.5;5.4;30.6;;;;;;;;;;;;;;;;262;;
PRE;24.05.2002 00:00;;;;;;;;;;;;;;1.4;5.3;5;19.1;;;;;;;;;;;;;;;;207;;
PRE;25.05.2002 00:00;;;;;;;;;;;;;;1.9;8;6.8;28.8;;;;;;;;;;;;;;;;284;;
PRE;26.05.2002 00:00;;;;;;;;;;;;;;2.4;8.5;8.6;30.6;;;;;;;;;;;;;;;;288;;
PRE;27.05.2002 00:00;;;;;;;;;;;;;;1.4;7.6;5;27.4;;;;;;;;;;;;;;;;27;;
PRE;28.05.2002 00:00;;;;;;;;;;;;;;1.8;6;6.5;21.6;;;;;;;;;;;;;;;;207;;
PRE;29.05.2002 00:00;;;;;;;;;;;;;;2.4;7.2;8.6;25.9;;;;;;;;;;;;;;;;281;;
PRE;30.05.2002 00:00;;;;;;;;;;;;;;2.7;7.7;9.7;27.7;;;;;;;;;;;;;;;;21;;
PRE;31.05.2002 00:00;;;;;;;;;;;;;;2.9;8.1;10.4;29.2;;;;;;;;;;;;;;;;11;;
PRE;01.06.2002 00:00;;;;;;;;;;;;;;2.2;7.3;7.9;26.3;;;;;;;;;;;;;;;;11;;
PRE;02.06.2002 00:00;;;;;;;;;;;;;;2.5;7.7;9;27.7;;;;;;;;;;;;;;;;356;;
PRE;03.06.2002 00:00;;;;;;;;;;;;;;1.2;4.5;4.3;16.2;;;;;;;;;;;;;;;;180;;
PRE;04.06.2002 00:00;;;;;;;;;;;;;;2.9;11.6;10.4;41.8;;;;;;;;;;;;;;;;360;;
PRE;05.06.2002 00:00;;;;;;;;;;;;;;5.7;21.3;20.5;76.7;;;;;;;;;;;;;;;;232;;
PRE;06.06.2002 00:00;;;;;;;;;;;;;;3.2;12.6;11.5;45.4;;;;;;;;;;;;;;;;360;;
PRE;07.06.2002 00:00;;;;;;;;;;;;;;2.1;8.1;7.6;29.2;;;;;;;;;;;;;;;;225;;
PRE;08.06.2002 00:00;;;;;;;;;;;;;;2.5;7.8;9;28.1;;;;;;;;;;;;;;;;352;;
PRE;09.06.2002 00:00;;;;;;;;;;;;;;3.3;10.2;11.9;36.7;;;;;;;;;;;;;;;;352;;
PRE;10.06.2002 00:00;;;;;;;;;;;;;;3.6;10;13;36;;;;;;;;;;;;;;;;259;;
PRE;11.06.2002 00:00;;;;;;;;;;;;;;2.5;8.7;9;31.3;;;;;;;;;;;;;;;;270;;
PRE;12.06.2002 00:00;;;;;;;;;;;;;;1.5;4.1;5.4;14.8;;;;;;;;;;;;;;;;63;;
PRE;13.06.2002 00:00;;;;;;;;;;;;;;2.6;10.2;9.4;36.7;;;;;;;;;;;;;;;;246;;
PRE;14.06.2002 00:00;;;;;;;;;;;;;;1.3;3;4.7;10.8;;;;;;;;;;;;;;;;27;;
PRE;15.06.2002 00:00;;;;;;;;;;;;;;2.5;13.5;9;48.6;;;;;;;;;;;;;;;;246;;
PRE;16.06.2002 00:00;;;;;;;;;;;;;;2;7.7;7.2;27.7;;;;;;;;;;;;;;;;243;;
PRE;17.06.2002 00:00;;;;;;;;;;;;;;1.2;3.8;4.3;13.7;;;;;;;;;;;;;;;;270;;
PRE;18.06.2002 00:00;;;;;;;;;;;;;;1.9;8.6;6.8;31;;;;;;;;;;;;;;;;270;;
PRE;19.06.2002 00:00;;;;;;;;;;;;;;1.6;5.1;5.8;18.4;;;;;;;;;;;;;;;;256;;
PRE;20.06.2002 00:00;;;;;;;;;;;;;;3;12.1;10.8;43.6;;;;;;;;;;;;;;;;265;;
PRE;21.06.2002 00:00;;;;;;;;;;;;;;2.5;6;9;21.6;;;;;;;;;;;;;;;;277;;
PRE;22.06.2002 00:00;;;;;;;;;;;;;;1.4;5;5;18;;;;;;;;;;;;;;;;0;;
PRE;23.06.2002 00:00;;;;;;;;;;;;;;1.6;5.7;5.8;20.5;;;;;;;;;;;;;;;;207;;
PRE;24.06.2002 00:00;;;;;;;;;;;;;;3.7;11.8;13.3;42.5;;;;;;;;;;;;;;;;18;;
PRE;25.06.2002 00:00;;;;;;;;;;;;;;4.7;11.1;16.9;40;;;;;;;;;;;;;;;;17;;
PRE;26.06.2002 00:00;;;;;;;;;;;;;;3;9.7;10.8;34.9;;;;;;;;;;;;;;;;360;;
PRE;27.06.2002 00:00;;;;;;;;;;;;;;1.8;8;6.5;28.8;;;;;;;;;;;;;;;;117;;
PRE;28.06.2002 00:00;;;;;;;;;;;;;;3.2;11;11.5;39.6;;;;;;;;;;;;;;;;350;;
PRE;29.06.2002 00:00;;;;;;;;;;;;;;3;7;10.8;25.2;;;;;;;;;;;;;;;;47;;
PRE;30.06.2002 00:00;;;;;;;;;;;;;;2;6.1;7.2;22;;;;;;;;;;;;;;;;14;;
PRE;01.07.2002 00:00;;;;;;;;;;;;;;4.7;15.5;16.9;55.8;;;;;;;;;;;;;;;;235;;
PRE;02.07.2002 00:00;;;;;;;;;;;;;;5.5;14.6;19.8;52.6;;;;;;;;;;;;;;;;239;;
PRE;03.07.2002 00:00;;;;;;;;;;;;;;5;17;18;61.2;;;;;;;;;;;;;;;;241;;
PRE;04.07.2002 00:00;;;;;;;;;;;;;;3.1;8.8;11.2;31.7;;;;;;;;;;;;;;;;270;;
PRE;05.07.2002 00:00;;;;;;;;;;;;;;1.7;4.6;6.1;16.6;;;;;;;;;;;;;;;;180;;
PRE;06.07.2002 00:00;;;;;;;;;;;;;;2.6;7.7;9.4;27.7;;;;;;;;;;;;;;;;239;;
PRE;07.07.2002 00:00;;;;;;;;;;;;;;1.6;4.8;5.8;17.3;;;;;;;;;;;;;;;;239;;
PRE;08.07.2002 00:00;;;;;;;;;;;;;;1.8;5;6.5;18;;;;;;;;;;;;;;;;72;;
PRE;09.07.2002 00:00;;;;;;;;;;;;;;2.6;12.7;9.4;45.7;;;;;;;;;;;;;;;;262;;
PRE;10.07.2002 00:00;;;;;;;;;;;;;;4;13.7;14.4;49.3;;;;;;;;;;;;;;;;253;;
PRE;11.07.2002 00:00;;;;;;;;;;;;;;2.2;7.1;7.9;25.6;;;;;;;;;;;;;;;;31;;
PRE;12.07.2002 00:00;;;;;;;;;;;;;;2.5;11.3;9;40.7;;;;;;;;;;;;;;;;360;;
PRE;13.07.2002 00:00;;;;;;;;;;;;;;1.5;8.1;5.4;29.2;;;;;;;;;;;;;;;;315;;
PRE;14.07.2002 00:00;;;;;;;;;;;;;;6.8;16.7;24.5;60.1;;;;;;;;;;;;;;;;25;;
PRE;15.07.2002 00:00;;;;;;;;;;;;;;6.8;18.2;24.5;65.5;;;;;;;;;;;;;;;;24;;
PRE;16.07.2002 00:00;;;;;;;;;;;;;;2.2;8.1;7.9;29.2;;;;;;;;;;;;;;;;243;;
PRE;17.07.2002 00:00;;;;;;;;;;;;;;2.4;7.1;8.6;25.6;;;;;;;;;;;;;;;;241;;
PRE;18.07.2002 00:00;;;;;;;;;;;;;;2.8;9.5;10.1;34.2;;;;;;;;;;;;;;;;21;;
PRE;19.07.2002 00:00;;;;;;;;;;;;;;2.7;7.6;9.7;27.4;;;;;;;;;;;;;;;;34;;
PRE;20.07.2002 00:00;;;;;;;;;;;;;;1.8;4.5;6.5;16.2;;;;;;;;;;;;;;;;90;;
PRE;21.07.2002 00:00;;;;;;;;;;;;;;2.2;16.8;7.9;60.5;;;;;;;;;;;;;;;;203;;
PRE;22.07.2002 00:00;;;;;;;;;;;;;;2.5;8.1;9;29.2;;;;;;;;;;;;;;;;36;;
PRE;23.07.2002 00:00;;;;;;;;;;;;;;2.1;6.1;7.6;22;;;;;;;;;;;;;;;;342;;
PRE;24.07.2002 00:00;;;;;;;;;;;;;;3.8;12.6;13.7;45.4;;;;;;;;;;;;;;;;275;;
PRE;25.07.2002 00:00;;;;;;;;;;;;;;1.8;6.1;6.5;22;;;;;;;;;;;;;;;;233;;
PRE;26.07.2002 00:00;;;;;;;;;;;;;;3.3;10.1;11.9;36.4;;;;;;;;;;;;;;;;21;;
PRE;27.07.2002 00:00;;;;;;;;;;;;;;3.9;10.2;14;36.7;;;;;;;;;;;;;;;;19;;
PRE;28.07.2002 00:00;;;;;;;;;;;;;;2.4;7.8;8.6;28.1;;;;;;;;;;;;;;;;360;;
PRE;29.07.2002 00:00;;;;;;;;;;;;;;1.9;5.6;6.8;20.2;;;;;;;;;;;;;;;;270;;
PRE;30.07.2002 00:00;;;;;;;;;;;;;;2.2;15.6;7.9;56.2;;;;;;;;;;;;;;;;180;;
PRE;31.07.2002 00:00;;;;;;;;;;;;;;1.7;5.1;6.1;18.4;;;;;;;;;;;;;;;;248;;
PRE;01.08.2002 00:00;;;;;;;;;;;;;;2.2;12;7.9;43.2;;;;;;;;;;;;;;;;257;;
PRE;02.08.2002 00:00;;;;;;;;;;;;;;2.5;9.2;9;33.1;;;;;;;;;;;;;;;;360;;
PRE;03.08.2002 00:00;;;;;;;;;;;;;;1.5;6.1;5.4;22;;;;;;;;;;;;;;;;288;;
PRE;04.08.2002 00:00;;;;;;;;;;;;;;1.7;5.8;6.1;20.9;;;;;;;;;;;;;;;;257;;
PRE;05.08.2002 00:00;;;;;;;;;;;;;;1.8;7.7;6.5;27.7;;;;;;;;;;;;;;;;248;;
PRE;06.08.2002 00:00;;;;;;;;;;;;;;2.2;6.7;7.9;24.1;;;;;;;;;;;;;;;;248;;
PRE;07.08.2002 00:00;;;;;;;;;;;;;;3.2;10.6;11.5;38.2;;;;;;;;;;;;;;;;249;;
PRE;08.08.2002 00:00;;;;;;;;;;;;;;2.1;10;7.6;36;;;;;;;;;;;;;;;;351;;
PRE;09.08.2002 00:00;;;;;;;;;;;;;;3.2;11.2;11.5;40.3;;;;;;;;;;;;;;;;238;;
PRE;10.08.2002 00:00;;;;;;;;;;;;;;1.9;8.1;6.8;29.2;;;;;;;;;;;;;;;;261;;
PRE;11.08.2002 00:00;;;;;;;;;;;;;;1.5;5.5;5.4;19.8;;;;;;;;;;;;;;;;257;;
PRE;12.08.2002 00:00;;;;;;;;;;;;;;3.9;11.8;14;42.5;;;;;;;;;;;;;;;;257;;
PRE;13.08.2002 00:00;;;;;;;;;;;;;;4.3;10.8;15.5;38.9;;;;;;;;;;;;;;;;23;;
PRE;14.08.2002 00:00;;;;;;;;;;;;;;5.6;13.1;20.2;47.2;;;;;;;;;;;;;;;;21;;
PRE;15.08.2002 00:00;;;;;;;;;;;;;;2.9;7.3;10.4;26.3;;;;;;;;;;;;;;;;16;;
PRE;16.08.2002 00:00;;;;;;;;;;;;;;2.3;6.1;8.3;22;;;;;;;;;;;;;;;;7;;
PRE;17.08.2002 00:00;;;;;;;;;;;;;;1.9;5;6.8;18;;;;;;;;;;;;;;;;259;;
PRE;18.08.2002 00:00;;;;;;;;;;;;;;1.7;3.7;6.1;13.3;;;;;;;;;;;;;;;;333;;
PRE;19.08.2002 00:00;;;;;;;;;;;;;;1.5;3.8;5.4;13.7;;;;;;;;;;;;;;;;45;;
PRE;20.08.2002 00:00;;;;;;;;;;;;;;3.2;14.5;11.5;52.2;;;;;;;;;;;;;;;;239;;
PRE;21.08.2002 00:00;;;;;;;;;;;;;;2.4;7.2;8.6;25.9;;;;;;;;;;;;;;;;333;;
PRE;22.08.2002 00:00;;;;;;;;;;;;;;2.9;6.7;10.4;24.1;;;;;;;;;;;;;;;;25;;
PRE;23.08.2002 00:00;;;;;;;;;;;;;;2.3;12.6;8.3;45.4;;;;;;;;;;;;;;;;270;;
PRE;24.08.2002 00:00;;;;;;;;;;;;;;2.5;12.5;9;45;;;;;;;;;;;;;;;;207;;
PRE;25.08.2002 00:00;;;;;;;;;;;;;;2.8;12.6;10.1;45.4;;;;;;;;;;;;;;;;18;;
PRE;26.08.2002 00:00;;;;;;;;;;;;;;3;13.2;10.8;47.5;;;;;;;;;;;;;;;;301;;
PRE;27.08.2002 00:00;;;;;;;;;;;;;;1.7;5.6;6.1;20.2;;;;;;;;;;;;;;;;240;;
PRE;28.08.2002 00:00;;;;;;;;;;;;;;3.4;9.5;12.2;34.2;;;;;;;;;;;;;;;;10;;
PRE;29.08.2002 00:00;;;;;;;;;;;;;;3.6;10.8;13;38.9;;;;;;;;;;;;;;;;18;;
PRE;30.08.2002 00:00;;;;;;;;;;;;;;2.5;8.1;9;29.2;;;;;;;;;;;;;;;;360;;
PRE;31.08.2002 00:00;;;;;;;;;;;;;;2.3;11.2;8.3;40.3;;;;;;;;;;;;;;;;360;;
PRE;01.09.2002 00:00;;;;;;;;;;;;;;6.4;16.2;23;58.3;;;;;;;;;;;;;;;;27;;
PRE;02.09.2002 00:00;;;;;;;;;;;;;;4.7;12.7;16.6;45.7;;;;;;;;;;;;;;;;14;;
PRE;03.09.2002 00:00;;;;;;;;;;;;;;2.1;8;7.6;28.8;;;;;;;;;;;;;;;;257;;
PRE;04.09.2002 00:00;;;;;;;;;;;;;;1.9;5.6;6.8;20.2;;;;;;;;;;;;;;;;225;;
PRE;05.09.2002 00:00;;;;;;;;;;;;;;3.1;7.7;11.2;27.7;;;;;;;;;;;;;;;;253;;
PRE;06.09.2002 00:00;;;;;;;;;;;;;;2.6;9.3;9.4;33.5;;;;;;;;;;;;;;;;18;;
PRE;07.09.2002 00:00;;;;;;;;;;;;;;1.8;5;6.5;18;;;;;;;;;;;;;;;;54;;
PRE;08.09.2002 00:00;;;;;;;;;;;;;;1.7;5.2;6.1;18.7;;;;;;;;;;;;;;;;63;;
PRE;09.09.2002 00:00;;;;;;;;;;;;;;3.6;14.5;13;52.2;;;;;;;;;;;;;;;;242;;
PRE;10.09.2002 00:00;;;;;;;;;;;;;;2.8;10;10.1;36;;;;;;;;;;;;;;;;281;;
PRE;11.09.2002 00:00;;;;;;;;;;;;;;5.1;12.7;18.4;45.7;;;;;;;;;;;;;;;;22;;
PRE;12.09.2002 00:00;;;;;;;;;;;;;;4.2;12.8;15.1;46.1;;;;;;;;;;;;;;;;27;;
PRE;13.09.2002 00:00;;;;;;;;;;;;;;5.5;11.6;19.8;41.8;;;;;;;;;;;;;;;;18;;
PRE;14.09.2002 00:00;;;;;;;;;;;;;;5.5;12;19.8;43.2;;;;;;;;;;;;;;;;19;;
PRE;15.09.2002 00:00;;;;;;;;;;;;;;5.7;13.3;20.5;47.9;;;;;;;;;;;;;;;;23;;
PRE;16.09.2002 00:00;;;;;;;;;;;;;;4.5;11.3;16.2;40.7;;;;;;;;;;;;;;;;19;;
PRE;17.09.2002 00:00;;;;;;;;;;;;;;2;6.7;7.2;24.1;;;;;;;;;;;;;;;;13;;
PRE;18.09.2002 00:00;;;;;;;;;;;;;;1.2;4.7;4.3;16.9;;;;;;;;;;;;;;;;225;;
PRE;19.09.2002 00:00;;;;;;;;;;;;;;1.6;5.8;5.8;20.9;;;;;;;;;;;;;;;;211;;
PRE;20.09.2002 00:00;;;;;;;;;;;;;;1.9;6.7;6.8;24.1;;;;;;;;;;;;;;;;198;;
PRE;21.09.2002 00:00;;;;;;;;;;;;;;2.2;8.1;7.9;29.2;;;;;;;;;;;;;;;;15;;
PRE;22.09.2002 00:00;;;;;;;;;;;;;;3.4;10.3;12.2;37.1;;;;;;;;;;;;;;;;32;;
PRE;23.09.2002 00:00;;;;;;;;;;;;;;3.4;12.6;12.2;45.4;;;;;;;;;;;;;;;;20;;
PRE;24.09.2002 00:00;;;;;;;;;;;;;;5.8;14.6;20.9;52.6;;;;;;;;;;;;;;;;24;;
PRE;25.09.2002 00:00;;;;;;;;;;;;;;4.9;15.7;17.6;56.5;;;;;;;;;;;;;;;;22;;
PRE;26.09.2002 00:00;;;;;;;;;;;;;;1.7;5.7;6.1;20.5;;;;;;;;;;;;;;;;14;;
PRE;27.09.2002 00:00;;;;;;;;;;;;;;4;10.7;14.4;38.5;;;;;;;;;;;;;;;;12;;
PRE;28.09.2002 00:00;;;;;;;;;;;;;;6.6;13.6;23.8;49;;;;;;;;;;;;;;;;22;;
PRE;29.09.2002 00:00;;;;;;;;;;;;;;4;9.7;14.4;34.9;;;;;;;;;;;;;;;;15;;
PRE;30.09.2002 00:00;;;;;;;;;;;;;;1.3;4.6;4.7;16.6;;;;;;;;;;;;;;;;342;;
PRE;01.10.2002 00:00;;;;;;;;;;;;;;1.4;4.2;5;15.1;;;;;;;;;;;;;;;;323;;
PRE;02.10.2002 00:00;;;;;;;;;;;;;;1.4;3.2;5;11.5;;;;;;;;;;;;;;;;323;;
PRE;03.10.2002 00:00;;;;;;;;;;;;;;1.4;4;5;14.4;;;;;;;;;;;;;;;;301;;
PRE;04.10.2002 00:00;;;;;;;;;;;;;;2;10.8;7.2;38.9;;;;;;;;;;;;;;;;9;;
PRE;05.10.2002 00:00;;;;;;;;;;;;;;3.5;12;12.6;43.2;;;;;;;;;;;;;;;;15;;
PRE;06.10.2002 00:00;;;;;;;;;;;;;;2.7;10.6;9.7;38.2;;;;;;;;;;;;;;;;252;;
PRE;07.10.2002 00:00;;;;;;;;;;;;;;3.8;12;13.7;43.2;;;;;;;;;;;;;;;;15;;
PRE;08.10.2002 00:00;;;;;;;;;;;;;;3.3;7.2;11.9;25.9;;;;;;;;;;;;;;;;7;;
PRE;09.10.2002 00:00;;;;;;;;;;;;;;5.2;14.5;18.7;52.2;;;;;;;;;;;;;;;;9;;
PRE;10.10.2002 00:00;;;;;;;;;;;;;;4.1;12.5;14.8;45;;;;;;;;;;;;;;;;9;;
PRE;11.10.2002 00:00;;;;;;;;;;;;;;3.1;7.3;11.2;26.3;;;;;;;;;;;;;;;;2;;
PRE;12.10.2002 00:00;;;;;;;;;;;;;;2.8;9.7;10.1;34.9;;;;;;;;;;;;;;;;236;;
PRE;13.10.2002 00:00;;;;;;;;;;;;;;1.5;7;5.4;25.2;;;;;;;;;;;;;;;;304;;
PRE;14.10.2002 00:00;;;;;;;;;;;;;;2.5;8.5;9;30.6;;;;;;;;;;;;;;;;236;;
PRE;15.10.2002 00:00;;;;;;;;;;;;;;1.2;3.2;4.3;11.5;;;;;;;;;;;;;;;;27;;
PRE;16.10.2002 00:00;;;;;;;;;;;;;;4.9;17.7;17.6;63.7;;;;;;;;;;;;;;;;235;;
PRE;17.10.2002 00:00;;;;;;;;;;;;;;3.6;18.2;13;65.5;;;;;;;;;;;;;;;;229;;
PRE;18.10.2002 00:00;;;;;;;;;;;;;;5.6;18.8;20.2;67.7;;;;;;;;;;;;;;;;239;;
PRE;19.10.2002 00:00;;;;;;;;;;;;;;3.4;12.8;12.2;46.1;;;;;;;;;;;;;;;;243;;
PRE;20.10.2002 00:00;;;;;;;;;;;;;;1.3;3.6;4.7;13;;;;;;;;;;;;;;;;333;;
PRE;21.10.2002 00:00;;;;;;;;;;;;;;1.7;12.1;6.1;43.6;;;;;;;;;;;;;;;;262;;
PRE;22.10.2002 00:00;;;;;;;;;;;;;;5;11.7;18;42.1;;;;;;;;;;;;;;;;243;;
PRE;23.10.2002 00:00;;;;;;;;;;;;;;6.1;16.7;22;60.1;;;;;;;;;;;;;;;;238;;
PRE;24.10.2002 00:00;;;;;;;;;;;;;;3.2;10.1;11.5;36.4;;;;;;;;;;;;;;;;242;;
PRE;25.10.2002 00:00;;;;;;;;;;;;;;7.9;18.1;28.4;65.2;;;;;;;;;;;;;;;;247;;
PRE;26.10.2002 00:00;;;;;;;;;;;;;;4.5;14.2;16.2;51.1;;;;;;;;;;;;;;;;247;;
PRE;27.10.2002 00:00;;;;;;;;;;;;;;6.2;17.8;23.8;64.1;;;;;;;;;;;;;;;;247;;
PRE;28.10.2002 00:00;;;;;;;;;;;;;;2.7;9;9.7;32.4;;;;;;;;;;;;;;;;9;;
PRE;29.10.2002 00:00;;;;;;;;;;;;;;1.8;6.7;6.5;24.1;;;;;;;;;;;;;;;;8;;
PRE;30.10.2002 00:00;;;;;;;;;;;;;;1.1;4.3;4;15.5;;;;;;;;;;;;;;;;297;;
PRE;31.10.2002 00:00;;;;;;;;;;;;;;1.3;4.6;4.7;16.6;;;;;;;;;;;;;;;;360;;
PRE;01.11.2002 00:00;;;;;;;;;;;;;;1.5;7.3;5.4;26.3;;;;;;;;;;;;;;;;261;;
PRE;02.11.2002 00:00;;;;;;;;;;;;;;4.8;11.5;17.3;41.4;;;;;;;;;;;;;;;;247;;
PRE;03.11.2002 00:00;;;;;;;;;;;;;;5;15.8;18;56.9;;;;;;;;;;;;;;;;243;;
PRE;04.11.2002 00:00;;;;;;;;;;;;;;4.1;10.5;14.8;37.8;;;;;;;;;;;;;;;;244;;
PRE;05.11.2002 00:00;;;;;;;;;;;;;;2.6;11.3;9.4;40.7;;;;;;;;;;;;;;;;11;;
PRE;06.11.2002 00:00;;;;;;;;;;;;;;2.4;9.1;8.6;32.8;;;;;;;;;;;;;;;;11;;
PRE;07.11.2002 00:00;;;;;;;;;;;;;;2.5;8.6;9;31;;;;;;;;;;;;;;;;270;;
PRE;08.11.2002 00:00;;;;;;;;;;;;;;3;12.6;10.8;45.4;;;;;;;;;;;;;;;;252;;
PRE;09.11.2002 00:00;;;;;;;;;;;;;;6.1;14.3;22;51.5;;;;;;;;;;;;;;;;268;;
PRE;10.11.2002 00:00;;;;;;;;;;;;;;3.2;9.5;11.5;34.2;;;;;;;;;;;;;;;;245;;
PRE;11.11.2002 00:00;;;;;;;;;;;;;;4.4;13.3;15.8;47.9;;;;;;;;;;;;;;;;268;;
PRE;12.11.2002 00:00;;;;;;;;;;;;;;1.9;7.6;6.8;27.4;;;;;;;;;;;;;;;;304;;
PRE;13.11.2002 00:00;;;;;;;;;;;;;;2.5;10.8;9;38.9;;;;;;;;;;;;;;;;356;;
PRE;14.11.2002 00:00;;;;;;;;;;;;;;3.1;13;11.2;46.8;;;;;;;;;;;;;;;;333;;
PRE;15.11.2002 00:00;;;;;;;;;;;;;;3;8.3;10.8;29.9;;;;;;;;;;;;;;;;8;;
PRE;16.11.2002 00:00;;;;;;;;;;;;;;2.2;8.1;7.9;29.2;;;;;;;;;;;;;;;;276;;
PRE;17.11.2002 00:00;;;;;;;;;;;;;;1.1;3.3;4;11.9;;;;;;;;;;;;;;;;346;;
PRE;18.11.2002 00:00;;;;;;;;;;;;;;2.8;7.3;10.1;26.3;;;;;;;;;;;;;;;;8;;
PRE;19.11.2002 00:00;;;;;;;;;;;;;;1.4;6;5;21.6;;;;;;;;;;;;;;;;337;;
PRE;20.11.2002 00:00;;;;;;;;;;;;;;2.7;8.5;9.7;30.6;;;;;;;;;;;;;;;;356;;
PRE;21.11.2002 00:00;;;;;;;;;;;;;;2.5;13.2;9;47.5;;;;;;;;;;;;;;;;336;;
PRE;22.11.2002 00:00;;;;;;;;;;;;;;4.3;13;15.5;46.8;;;;;;;;;;;;;;;;248;;
PRE;23.11.2002 00:00;;;;;;;;;;;;;;2.4;8.2;8.6;29.5;;;;;;;;;;;;;;;;351;;
PRE;24.11.2002 00:00;;;;;;;;;;;;;;4.4;10.8;15.8;38.9;;;;;;;;;;;;;;;;13;;
PRE;25.11.2002 00:00;;;;;;;;;;;;;;1.6;9.1;5.8;32.8;;;;;;;;;;;;;;;;355;;
PRE;26.11.2002 00:00;;;;;;;;;;;;;;3.6;8.5;13;30.6;;;;;;;;;;;;;;;;8;;
PRE;27.11.2002 00:00;;;;;;;;;;;;;;1.6;6;5.8;21.6;;;;;;;;;;;;;;;;356;;
PRE;28.11.2002 00:00;;;;;;;;;;;;;;1.5;9.2;5.4;33.1;;;;;;;;;;;;;;;;281;;
PRE;29.11.2002 00:00;;;;;;;;;;;;;;3.2;9.5;11.5;34.2;;;;;;;;;;;;;;;;241;;
PRE;30.11.2002 00:00;;;;;;;;;;;;;;1.5;4.8;5.4;17.3;;;;;;;;;;;;;;;;333;;
PRE;01.12.2002 00:00;;;;;;;;;;;;;;2.2;10.8;7.9;38.9;;;;;;;;;;;;;;;;276;;
PRE;02.12.2002 00:00;;;;;;;;;;;;;;3.9;12.6;14;45.4;;;;;;;;;;;;;;;;250;;
PRE;03.12.2002 00:00;;;;;;;;;;;;;;3.2;9.8;11.5;35.3;;;;;;;;;;;;;;;;12;;
PRE;04.12.2002 00:00;;;;;;;;;;;;;;2.5;7.3;9;26.3;;;;;;;;;;;;;;;;8;;
PRE;05.12.2002 00:00;;;;;;;;;;;;;;5.8;14.6;20.9;52.6;;;;;;;;;;;;;;;;17;;
PRE;06.12.2002 00:00;;;;;;;;;;;;;;7;15.3;25.2;55.1;;;;;;;;;;;;;;;;8;;
PRE;07.12.2002 00:00;;;;;;;;;;;;;;4.6;8.8;16.6;31.7;;;;;;;;;;;;;;;;3;;
PRE;08.12.2002 00:00;;;;;;;;;;;;;;4;7.7;14.4;27.7;;;;;;;;;;;;;;;;9;;
PRE;09.12.2002 00:00;;;;;;;;;;;;;;4.3;11;15.5;39.6;;;;;;;;;;;;;;;;1;;
PRE;10.12.2002 00:00;;;;;;;;;;;;;;6.4;13.6;23;49;;;;;;;;;;;;;;;;5;;
PRE;11.12.2002 00:00;;;;;;;;;;;;;;4.7;9.7;16.9;34.9;;;;;;;;;;;;;;;;360;;
PRE;12.12.2002 00:00;;;;;;;;;;;;;;2.9;8.2;10.4;29.5;;;;;;;;;;;;;;;;358;;
PRE;13.12.2002 00:00;;;;;;;;;;;;;;1.8;6.5;6.5;23.4;;;;;;;;;;;;;;;;352;;
PRE;14.12.2002 00:00;;;;;;;;;;;;;;2.4;5.7;8.6;20.5;;;;;;;;;;;;;;;;355;;
PRE;15.12.2002 00:00;;;;;;;;;;;;;;2.5;10.6;9;38.2;;;;;;;;;;;;;;;;260;;
PRE;16.12.2002 00:00;;;;;;;;;;;;;;4.7;9;16.9;32.4;;;;;;;;;;;;;;;;272;;
PRE;17.12.2002 00:00;;;;;;;;;;;;;;3;9.1;10.8;32.8;;;;;;;;;;;;;;;;349;;
PRE;18.12.2002 00:00;;;;;;;;;;;;;;7.3;14;26.3;50.4;;;;;;;;;;;;;;;;8;;
PRE;19.12.2002 00:00;;;;;;;;;;;;;;3.3;9.7;11.9;34.9;;;;;;;;;;;;;;;;356;;
PRE;20.12.2002 00:00;;;;;;;;;;;;;;1.1;3.6;4;13;;;;;;;;;;;;;;;;252;;
PRE;21.12.2002 00:00;;;;;;;;;;;;;;1;5;3.6;18;;;;;;;;;;;;;;;;153;;
PRE;22.12.2002 00:00;;;;;;;;;;;;;;4;14.7;14.4;52.9;;;;;;;;;;;;;;;;276;;
PRE;23.12.2002 00:00;;;;;;;;;;;;;;1.2;3.6;4.3;13;;;;;;;;;;;;;;;;45;;
PRE;24.12.2002 00:00;;;;;;;;;;;;;;1;3.2;3.6;11.5;;;;;;;;;;;;;;;;225;;
PRE;25.12.2002 00:00;;;;;;;;;;;;;;1.1;3.3;4;11.9;;;;;;;;;;;;;;;;45;;
PRE;26.12.2002 00:00;;;;;;;;;;;;;;2;7;7.2;25.2;;;;;;;;;;;;;;;;207;;
PRE;27.12.2002 00:00;;;;;;;;;;;;;;1.2;5;4.3;18;;;;;;;;;;;;;;;;315;;
PRE;28.12.2002 00:00;;;;;;;;;;;;;;4.3;10;15.5;36;;;;;;;;;;;;;;;;273;;
PRE;29.12.2002 00:00;;;;;;;;;;;;;;6.1;14.1;22;50.8;;;;;;;;;;;;;;;;315;;
PRE;30.12.2002 00:00;;;;;;;;;;;;;;3.7;11.6;13.3;41.8;;;;;;;;;;;;;;;;305;;
PRE;31.12.2002 00:00;;;;;;;;;;;;;;3.6;9.5;13;34.2;;;;;;;;;;;;;;;;326;;
PRE;01.01.2003 00:00;;;;;;;;;;;;;;5.7;13.8;20.5;49.7;;;;;;;;;;;;;;;;322;;
PRE;02.01.2003 00:00;;;;;;;;;;;;;;9.2;23.6;33.1;85;;;;;;;;;;;;;;;;272;;
PRE;03.01.2003 00:00;;;;;;;;;;;;;;5.8;17.1;20.9;61.6;;;;;;;;;;;;;;;;275;;
PRE;04.01.2003 00:00;;;;;;;;;;;;;;6.7;19.5;24.1;70.2;;;;;;;;;;;;;;;;244;;
PRE;05.01.2003 00:00;;;;;;;;;;;;;;3.1;12.2;11.2;43.9;;;;;;;;;;;;;;;;357;;
PRE;06.01.2003 00:00;;;;;;;;;;;;;;5.6;18.3;20.2;65.9;;;;;;;;;;;;;;;;20;;
PRE;07.01.2003 00:00;;;;;;;;;;;;;;7.4;16;26.6;57.6;;;;;;;;;;;;;;;;11;;
PRE;08.01.2003 00:00;;;;;;;;;;;;;;5;9.1;18;32.8;;;;;;;;;;;;;;;;4;;
PRE;09.01.2003 00:00;;;;;;;;;;;;;;6.1;13.7;22;49.3;;;;;;;;;;;;;;;;9;;
PRE;10.01.2003 00:00;;;;;;;;;;;;;;5.9;10.8;21.2;38.9;;;;;;;;;;;;;;;;3;;
PRE;11.01.2003 00:00;;;;;;;;;;;;;;7.5;17.2;27;61.9;;;;;;;;;;;;;;;;15;;
PRE;12.01.2003 00:00;;;;;;;;;;;;;;6.4;15;23;54;;;;;;;;;;;;;;;;15;;
PRE;13.01.2003 00:00;;;;;;;;;;;;;;1.9;7.3;6.8;26.3;;;;;;;;;;;;;;;;339;;
PRE;14.01.2003 00:00;;;;;;;;;;;;;;1.3;4;4.7;14.4;;;;;;;;;;;;;;;;315;;
PRE;15.01.2003 00:00;;;;;;;;;;;;;;1.3;5.6;4.7;20.2;;;;;;;;;;;;;;;;270;;
PRE;16.01.2003 00:00;;;;;;;;;;;;;;3.2;11.5;11.5;41.4;;;;;;;;;;;;;;;;12;;
PRE;17.01.2003 00:00;;;;;;;;;;;;;;2;7.5;7.2;27;;;;;;;;;;;;;;;;356;;
PRE;18.01.2003 00:00;;;;;;;;;;;;;;1.3;4.1;4.7;14.8;;;;;;;;;;;;;;;;333;;
PRE;19.01.2003 00:00;;;;;;;;;;;;;;3;11;10.8;39.6;;;;;;;;;;;;;;;;264;;
PRE;20.01.2003 00:00;;;;;;;;;;;;;;1.4;4.2;5;15.1;;;;;;;;;;;;;;;;309;;
PRE;21.01.2003 00:00;;;;;;;;;;;;;;1.7;10.1;6.1;36.4;;;;;;;;;;;;;;;;270;;
PRE;22.01.2003 00:00;;;;;;;;;;;;;;4.9;13.5;17.6;48.6;;;;;;;;;;;;;;;;270;;
PRE;23.01.2003 00:00;;;;;;;;;;;;;;3.1;9.1;11.2;32.8;;;;;;;;;;;;;;;;270;;
PRE;24.01.2003 00:00;;;;;;;;;;;;;;6;16.7;21.6;60.1;;;;;;;;;;;;;;;;9;;
PRE;25.01.2003 00:00;;;;;;;;;;;;;;5.5;16.1;19.8;58;;;;;;;;;;;;;;;;20;;
PRE;26.01.2003 00:00;;;;;;;;;;;;;;2.2;8.5;7.9;30.6;;;;;;;;;;;;;;;;6;;
PRE;27.01.2003 00:00;;;;;;;;;;;;;;1.3;3.8;4.7;13.7;;;;;;;;;;;;;;;;360;;
PRE;28.01.2003 00:00;;;;;;;;;;;;;;4.2;17.1;15.1;61.6;;;;;;;;;;;;;;;;257;;
PRE;29.01.2003 00:00;;;;;;;;;;;;;;5.8;19.3;20.9;69.5;;;;;;;;;;;;;;;;249;;
PRE;30.01.2003 00:00;;;;;;;;;;;;;;3.9;9.6;14;34.6;;;;;;;;;;;;;;;;313;;
PRE;31.01.2003 00:00;;;;;;;;;;;;;;5.1;14;18.4;50.4;;;;;;;;;;;;;;;;6;;
PRE;01.02.2003 00:00;;;;;;;;;;;;;;3.6;11.1;13;40;;;;;;;;;;;;;;;;348;;
PRE;02.02.2003 00:00;;;;;;;;;;;;;;4.2;13.5;15.1;48.6;;;;;;;;;;;;;;;;249;;
PRE;03.02.2003 00:00;;;;;;;;;;;;;;7.8;19.2;28.1;69.1;;;;;;;;;;;;;;;;281;;
PRE;04.02.2003 00:00;;;;;;;;;;;;;;3.4;14.5;12.2;52.2;;;;;;;;;;;;;;;;285;;
PRE;05.02.2003 00:00;;;;;;;;;;;;;;3;9;10.8;32.4;;;;;;;;;;;;;;;;275;;
PRE;06.02.2003 00:00;;;;;;;;;;;;;;2.4;6.7;8.6;24.1;;;;;;;;;;;;;;;;315;;
PRE;07.02.2003 00:00;;;;;;;;;;;;;;1.3;5;4.7;18;;;;;;;;;;;;;;;;338;;
PRE;08.02.2003 00:00;;;;;;;;;;;;;;1.7;5.5;6.1;19.8;;;;;;;;;;;;;;;;29;;
PRE;09.02.2003 00:00;;;;;;;;;;;;;;2.5;7.2;9;25.9;;;;;;;;;;;;;;;;22;;
PRE;10.02.2003 00:00;;;;;;;;;;;;;;1.7;4.5;6.1;16.2;;;;;;;;;;;;;;;;13;;
PRE;11.02.2003 00:00;;;;;;;;;;;;;;3.8;9;13.7;32.4;;;;;;;;;;;;;;;;9;;
PRE;12.02.2003 00:00;;;;;;;;;;;;;;4.7;10.5;16.9;37.8;;;;;;;;;;;;;;;;2;;
PRE;13.02.2003 00:00;;;;;;;;;;;;;;3.3;8;11.9;28.8;;;;;;;;;;;;;;;;4;;
PRE;14.02.2003 00:00;;;;;;;;;;;;;;4.3;9.1;15.5;32.8;;;;;;;;;;;;;;;;10;;
PRE;15.02.2003 00:00;;;;;;;;;;;;;;5.2;11.6;18.7;41.8;;;;;;;;;;;;;;;;9;;
PRE;16.02.2003 00:00;;;;;;;;;;;;;;7.6;15;27.4;54;;;;;;;;;;;;;;;;21;;
PRE;17.02.2003 00:00;;;;;;;;;;;;;;6.2;14;22.3;50.4;;;;;;;;;;;;;;;;11;;
PRE;18.02.2003 00:00;;;;;;;;;;;;;;4.5;10.3;16.2;37.1;;;;;;;;;;;;;;;;9;;
PRE;19.02.2003 00:00;;;;;;;;;;;;;;4.7;9.7;16.9;34.9;;;;;;;;;;;;;;;;1;;
PRE;20.02.2003 00:00;;;;;;;;;;;;;;2.5;7.5;9;27;;;;;;;;;;;;;;;;354;;
PRE;21.02.2003 00:00;;;;;;;;;;;;;;1.9;5.7;6.8;20.5;;;;;;;;;;;;;;;;355;;
PRE;22.02.2003 00:00;;;;;;;;;;;;;;1.4;4.7;5;16.9;;;;;;;;;;;;;;;;326;;
PRE;23.02.2003 00:00;;;;;;;;;;;;;;1.4;5;5;18;;;;;;;;;;;;;;;;326;;
PRE;24.02.2003 00:00;;;;;;;;;;;;;;2.3;7.8;8.3;28.1;;;;;;;;;;;;;;;;3;;
PRE;25.02.2003 00:00;;;;;;;;;;;;;;1.7;6.6;6.1;23.8;;;;;;;;;;;;;;;;339;;
PRE;26.02.2003 00:00;;;;;;;;;;;;;;1.3;4.1;4.7;14.8;;;;;;;;;;;;;;;;293;;
PRE;27.02.2003 00:00;;;;;;;;;;;;;;1.2;4;4.3;14.4;;;;;;;;;;;;;;;;301;;
PRE;28.02.2003 00:00;;;;;;;;;;;;;;1.3;3.6;4.7;13;;;;;;;;;;;;;;;;27;;
PRE;01.03.2003 00:00;;;;;;;;;;;;;;2.8;15.2;10.1;54.7;;;;;;;;;;;;;;;;228;;
PRE;02.03.2003 00:00;;;;;;;;;;;;;;4.3;20.5;15.5;73.8;;;;;;;;;;;;;;;;243;;
PRE;03.03.2003 00:00;;;;;;;;;;;;;;2;6.2;7.2;22.3;;;;;;;;;;;;;;;;360;;
PRE;04.03.2003 00:00;;;;;;;;;;;;;;1.9;5.7;6.8;20.5;;;;;;;;;;;;;;;;15;;
PRE;05.03.2003 00:00;;;;;;;;;;;;;;1.2;3.5;4.3;12.6;;;;;;;;;;;;;;;;360;;
PRE;06.03.2003 00:00;;;;;;;;;;;;;;2.6;13.1;9.4;47.2;;;;;;;;;;;;;;;;320;;
PRE;07.03.2003 00:00;;;;;;;;;;;;;;2.8;10.8;10.1;38.9;;;;;;;;;;;;;;;;13;;
PRE;08.03.2003 00:00;;;;;;;;;;;;;;1.4;5.6;5;20.2;;;;;;;;;;;;;;;;39;;
PRE;09.03.2003 00:00;;;;;;;;;;;;;;1.8;6.5;6.5;23.4;;;;;;;;;;;;;;;;360;;
PRE;10.03.2003 00:00;;;;;;;;;;;;;;1.3;3.6;4.7;13;;;;;;;;;;;;;;;;346;;
PRE;11.03.2003 00:00;;;;;;;;;;;;;;3;12.1;10.8;43.6;;;;;;;;;;;;;;;;249;;
PRE;12.03.2003 00:00;;;;;;;;;;;;;;4.9;12.2;17.6;43.9;;;;;;;;;;;;;;;;288;;
PRE;13.03.2003 00:00;;;;;;;;;;;;;;8.6;18.3;31;65.9;;;;;;;;;;;;;;;;13;;
PRE;14.03.2003 00:00;;;;;;;;;;;;;;8.7;19.1;31.3;68.8;;;;;;;;;;;;;;;;10;;
PRE;15.03.2003 00:00;;;;;;;;;;;;;;8;16.5;28.8;59.4;;;;;;;;;;;;;;;;12;;
PRE;16.03.2003 00:00;;;;;;;;;;;;;;7.2;15.8;25.9;56.9;;;;;;;;;;;;;;;;18;;
PRE;17.03.2003 00:00;;;;;;;;;;;;;;3.3;11.7;11.9;42.1;;;;;;;;;;;;;;;;18;;
PRE;18.03.2003 00:00;;;;;;;;;;;;;;6.5;14.2;23.4;51.1;;;;;;;;;;;;;;;;5;;
PRE;19.03.2003 00:00;;;;;;;;;;;;;;2.9;8.1;10.4;29.2;;;;;;;;;;;;;;;;13;;
PRE;20.03.2003 00:00;;;;;;;;;;;;;;3.2;7.6;11.5;27.4;;;;;;;;;;;;;;;;15;;
PRE;21.03.2003 00:00;;;;;;;;;;;;;;3.7;10.6;13.3;38.2;;;;;;;;;;;;;;;;9;;
PRE;22.03.2003 00:00;;;;;;;;;;;;;;4.3;9.8;15.5;35.3;;;;;;;;;;;;;;;;9;;
PRE;23.03.2003 00:00;;;;;;;;;;;;;;1.9;7.1;6.8;25.6;;;;;;;;;;;;;;;;353;;
PRE;24.03.2003 00:00;;;;;;;;;;;;;;1.2;3.6;4.3;13;;;;;;;;;;;;;;;;333;;
PRE;25.03.2003 00:00;;;;;;;;;;;;;;1.4;3.7;5;13.3;;;;;;;;;;;;;;;;288;;
PRE;26.03.2003 00:00;;;;;;;;;;;;;;1.3;3.8;4.7;13.7;;;;;;;;;;;;;;;;301;;
PRE;27.03.2003 00:00;;;;;;;;;;;;;;1;5.5;3.6;19.8;;;;;;;;;;;;;;;;270;;
PRE;28.03.2003 00:00;;;;;;;;;;;;;;2.2;9.1;7.9;32.8;;;;;;;;;;;;;;;;45;;
PRE;29.03.2003 00:00;;;;;;;;;;;;;;1.5;4.6;5.4;16.6;;;;;;;;;;;;;;;;231;;
PRE;30.03.2003 00:00;;;;;;;;;;;;;;2.1;7.7;7.6;27.7;;;;;;;;;;;;;;;;304;;
PRE;31.03.2003 00:00;;;;;;;;;;;;;;6.2;18;22.3;64.8;;;;;;;;;;;;;;;;11;;
PRE;01.04.2003 00:00;;;;;;;;;;;;;;3.7;11.6;13.3;41.8;;;;;;;;;;;;;;;;270;;
PRE;02.04.2003 00:00;;;;;;;;;;;;;;4.6;17;16.6;61.2;;;;;;;;;;;;;;;;253;;
PRE;03.04.2003 00:00;;;;;;;;;;;;;;8.8;21.3;31.7;76.7;;;;;;;;;;;;;;;;12;;
PRE;04.04.2003 00:00;;;;;;;;;;;;;;9.9;20.8;35.6;74.9;;;;;;;;;;;;;;;;16;;
PRE;05.04.2003 00:00;;;;;;;;;;;;;;5.6;13.6;20.2;49;;;;;;;;;;;;;;;;21;;
PRE;06.04.2003 00:00;;;;;;;;;;;;;;7.2;16.8;25.9;60.5;;;;;;;;;;;;;;;;14;;
PRE;07.04.2003 00:00;;;;;;;;;;;;;;9;18;32.4;64.8;;;;;;;;;;;;;;;;11;;
PRE;08.04.2003 00:00;;;;;;;;;;;;;;3.3;12.7;11.9;45.7;;;;;;;;;;;;;;;;4;;
PRE;09.04.2003 00:00;;;;;;;;;;;;;;2.9;11.3;10.4;40.7;;;;;;;;;;;;;;;;338;;
PRE;10.04.2003 00:00;;;;;;;;;;;;;;2.9;12.7;10.4;45.7;;;;;;;;;;;;;;;;265;;
PRE;11.04.2003 00:00;;;;;;;;;;;;;;1.3;5.1;4.7;18.4;;;;;;;;;;;;;;;;72;;
PRE;12.04.2003 00:00;;;;;;;;;;;;;;1.3;4.6;4.7;16.6;;;;;;;;;;;;;;;;45;;
PRE;13.04.2003 00:00;;;;;;;;;;;;;;2.4;8;8.6;28.8;;;;;;;;;;;;;;;;11;;
PRE;14.04.2003 00:00;;;;;;;;;;;;;;2;8;7.2;28.8;;;;;;;;;;;;;;;;352;;
PRE;15.04.2003 00:00;;;;;;;;;;;;;;3.4;9.7;12.2;34.9;;;;;;;;;;;;;;;;5;;
PRE;16.04.2003 00:00;;;;;;;;;;;;;;2;7.7;7.2;27.7;;;;;;;;;;;;;;;;342;;
PRE;17.04.2003 00:00;;;;;;;;;;;;;;2.7;11.6;9.7;41.8;;;;;;;;;;;;;;;;11;;
PRE;18.04.2003 00:00;;;;;;;;;;;;;;5.7;13.3;20.5;47.9;;;;;;;;;;;;;;;;21;;
PRE;19.04.2003 00:00;;;;;;;;;;;;;;5.5;13.8;19.8;49.7;;;;;;;;;;;;;;;;5;;
PRE;20.04.2003 00:00;;;;;;;;;;;;;;3.4;12.7;12.2;45.7;;;;;;;;;;;;;;;;358;;
PRE;21.04.2003 00:00;;;;;;;;;;;;;;1.4;7;5;25.2;;;;;;;;;;;;;;;;315;;
PRE;22.04.2003 00:00;;;;;;;;;;;;;;3.2;9.6;11.5;34.6;;;;;;;;;;;;;;;;7;;
PRE;23.04.2003 00:00;;;;;;;;;;;;;;3.2;8.1;11.5;29.2;;;;;;;;;;;;;;;;16;;
PRE;24.04.2003 00:00;;;;;;;;;;;;;;1.5;5;5.4;18;;;;;;;;;;;;;;;;34;;
PRE;25.04.2003 00:00;;;;;;;;;;;;;;2.2;8.8;7.9;31.7;;;;;;;;;;;;;;;;243;;
PRE;26.04.2003 00:00;;;;;;;;;;;;;;3.7;13.1;13.3;47.2;;;;;;;;;;;;;;;;238;;
PRE;27.04.2003 00:00;;;;;;;;;;;;;;3.9;10.2;14;36.7;;;;;;;;;;;;;;;;240;;
PRE;28.04.2003 00:00;;;;;;;;;;;;;;4;15.7;14.4;56.5;;;;;;;;;;;;;;;;236;;
PRE;29.04.2003 00:00;;;;;;;;;;;;;;2.8;11.7;10.1;42.1;;;;;;;;;;;;;;;;253;;
PRE;30.04.2003 00:00;;;;;;;;;;;;;;2.4;10.1;8.6;36.4;;;;;;;;;;;;;;;;231;;
PRE;01.05.2003 00:00;;;;;;;;;;;;;;1.4;4.1;5;14.8;;;;;;;;;;;;;;;;214;;
PRE;02.05.2003 00:00;;;;;;;;;;;;;;2.3;13.2;8.3;47.5;;;;;;;;;;;;;;;;262;;
PRE;03.05.2003 00:00;;;;;;;;;;;;;;2.6;16.6;9.4;59.8;;;;;;;;;;;;;;;;346;;
PRE;04.05.2003 00:00;;;;;;;;;;;;;;1.3;3.6;4.7;13;;;;;;;;;;;;;;;;225;;
PRE;05.05.2003 00:00;;;;;;;;;;;;;;1.5;6.6;5.4;23.8;;;;;;;;;;;;;;;;270;;
PRE;06.05.2003 00:00;;;;;;;;;;;;;;2.4;7.8;8.6;28.1;;;;;;;;;;;;;;;;349;;
PRE;07.05.2003 00:00;;;;;;;;;;;;;;5.2;11.3;18.7;40.7;;;;;;;;;;;;;;;;352;;
PRE;08.05.2003 00:00;;;;;;;;;;;;;;3.4;13.2;12.2;47.5;;;;;;;;;;;;;;;;234;;
PRE;09.05.2003 00:00;;;;;;;;;;;;;;2.3;8.8;8.3;31.7;;;;;;;;;;;;;;;;72;;
PRE;10.05.2003 00:00;;;;;;;;;;;;;;2.7;7.5;9.7;27;;;;;;;;;;;;;;;;7;;
PRE;11.05.2003 00:00;;;;;;;;;;;;;;1.9;22.7;6.8;81.7;;;;;;;;;;;;;;;;207;;
PRE;12.05.2003 00:00;;;;;;;;;;;;;;1.5;4.5;5.4;16.2;;;;;;;;;;;;;;;;162;;
PRE;13.05.2003 00:00;;;;;;;;;;;;;;3.4;14.1;12.2;50.8;;;;;;;;;;;;;;;;257;;
PRE;14.05.2003 00:00;;;;;;;;;;;;;;3;14.6;10.8;52.6;;;;;;;;;;;;;;;;285;;
PRE;15.05.2003 00:00;;;;;;;;;;;;;;3.6;9.8;13;35.3;;;;;;;;;;;;;;;;14;;
PRE;16.05.2003 00:00;;;;;;;;;;;;;;2.5;7.6;9;27.4;;;;;;;;;;;;;;;;41;;
PRE;17.05.2003 00:00;;;;;;;;;;;;;;3.2;11.1;11.5;40;;;;;;;;;;;;;;;;236;;
PRE;18.05.2003 00:00;;;;;;;;;;;;;;4.1;11.1;14.8;40;;;;;;;;;;;;;;;;242;;
PRE;19.05.2003 00:00;;;;;;;;;;;;;;3.1;22.1;11.2;79.6;;;;;;;;;;;;;;;;229;;
PRE;20.05.2003 00:00;;;;;;;;;;;;;;3.4;11.6;12.2;41.8;;;;;;;;;;;;;;;;238;;
PRE;21.05.2003 00:00;;;;;;;;;;;;;;2.7;8.5;9.7;30.6;;;;;;;;;;;;;;;;257;;
PRE;22.05.2003 00:00;;;;;;;;;;;;;;1.9;6.5;6.8;23.4;;;;;;;;;;;;;;;;214;;
PRE;23.05.2003 00:00;;;;;;;;;;;;;;1.2;3.3;4.3;11.9;;;;;;;;;;;;;;;;0;;
PRE;24.05.2003 00:00;;;;;;;;;;;;;;2.2;12.2;7.9;43.9;;;;;;;;;;;;;;;;286;;
PRE;25.05.2003 00:00;;;;;;;;;;;;;;3.1;9.3;11.2;33.5;;;;;;;;;;;;;;;;2;;
PRE;26.05.2003 00:00;;;;;;;;;;;;;;6.2;16.1;22.3;58;;;;;;;;;;;;;;;;18;;
PRE;27.05.2003 00:00;;;;;;;;;;;;;;4.2;10.7;15.1;38.5;;;;;;;;;;;;;;;;12;;
PRE;28.05.2003 00:00;;;;;;;;;;;;;;3.7;9;13.3;32.4;;;;;;;;;;;;;;;;8;;
PRE;29.05.2003 00:00;;;;;;;;;;;;;;2;6.3;7.2;22.7;;;;;;;;;;;;;;;;27;;
PRE;30.05.2003 00:00;;;;;;;;;;;;;;1.3;3.7;4.7;13.3;;;;;;;;;;;;;;;;270;;
PRE;31.05.2003 00:00;;;;;;;;;;;;;;1.6;7.5;5.8;27;;;;;;;;;;;;;;;;349;;
PRE;01.06.2003 00:00;;;;;;;;;;;;;;1.6;5.6;5.8;20.2;;;;;;;;;;;;;;;;338;;
PRE;02.06.2003 00:00;;;;;;;;;;;;;;2.1;7.7;7.6;27.7;;;;;;;;;;;;;;;;66;;
PRE;03.06.2003 00:00;;;;;;;;;;;;;;1.7;7.5;6.1;27;;;;;;;;;;;;;;;;104;;
PRE;04.06.2003 00:00;;;;;;;;;;;;;;1.9;7.7;6.8;27.7;;;;;;;;;;;;;;;;45;;
PRE;05.06.2003 00:00;;;;;;;;;;;;;;2.4;11.7;8.6;42.1;;;;;;;;;;;;;;;;225;;
PRE;06.06.2003 00:00;;;;;;;;;;;;;;1.8;10.3;6.5;37.1;;;;;;;;;;;;;;;;360;;
PRE;07.06.2003 00:00;;;;;;;;;;;;;;1.5;4.2;5.4;15.1;;;;;;;;;;;;;;;;259;;
PRE;08.06.2003 00:00;;;;;;;;;;;;;;2.9;14.1;10.4;50.8;;;;;;;;;;;;;;;;234;;
PRE;09.06.2003 00:00;;;;;;;;;;;;;;1.6;4.3;5.8;15.5;;;;;;;;;;;;;;;;90;;
PRE;10.06.2003 00:00;;;;;;;;;;;;;;2.2;7.5;7.9;27;;;;;;;;;;;;;;;;230;;
PRE;11.06.2003 00:00;;;;;;;;;;;;;;1.7;6.5;6.1;23.4;;;;;;;;;;;;;;;;270;;
PRE;12.06.2003 00:00;;;;;;;;;;;;;;2.3;20;8.3;72;;;;;;;;;;;;;;;;76;;
PRE;13.06.2003 00:00;;;;;;;;;;;;;;2;6.7;7.2;24.1;;;;;;;;;;;;;;;;41;;
PRE;14.06.2003 00:00;;;;;;;;;;;;;;2;12.3;7.2;44.3;;;;;;;;;;;;;;;;17;;
PRE;15.06.2003 00:00;;;;;;;;;;;;;;1.7;10.6;6.1;38.2;;;;;;;;;;;;;;;;326;;
PRE;16.06.2003 00:00;;;;;;;;;;;;;;2;6.7;7.2;24.1;;;;;;;;;;;;;;;;8;;
PRE;17.06.2003 00:00;;;;;;;;;;;;;;1.7;7;6.1;25.2;;;;;;;;;;;;;;;;90;;
PRE;18.06.2003 00:00;;;;;;;;;;;;;;2.9;7.7;10.4;27.7;;;;;;;;;;;;;;;;41;;
PRE;19.06.2003 00:00;;;;;;;;;;;;;;2.5;5.7;9;20.5;;;;;;;;;;;;;;;;67;;
PRE;20.06.2003 00:00;;;;;;;;;;;;;;1.6;5.6;5.8;20.2;;;;;;;;;;;;;;;;45;;
PRE;21.06.2003 00:00;;;;;;;;;;;;;;2.6;9.3;9.4;33.5;;;;;;;;;;;;;;;;18;;
PRE;22.06.2003 00:00;;;;;;;;;;;;;;2.5;9;9;32.4;;;;;;;;;;;;;;;;29;;
PRE;23.06.2003 00:00;;;;;;;;;;;;;;4.3;16.2;15.5;58.3;;;;;;;;;;;;;;;;240;;
PRE;24.06.2003 00:00;;;;;;;;;;;;;;2.3;8.3;8.3;29.9;;;;;;;;;;;;;;;;270;;
PRE;25.06.2003 00:00;;;;;;;;;;;;;;2.2;8.5;7.9;30.6;;;;;;;;;;;;;;;;34;;
PRE;26.06.2003 00:00;;;;;;;;;;;;;;2.8;12.7;10.1;45.7;;;;;;;;;;;;;;;;16;;
PRE;27.06.2003 00:00;;;;;;;;;;;;;;2.2;7.3;7.9;26.3;;;;;;;;;;;;;;;;22;;
PRE;28.06.2003 00:00;;;;;;;;;;;;;;1.9;5.6;6.8;20.2;;;;;;;;;;;;;;;;360;;
PRE;29.06.2003 00:00;;;;;;;;;;;;;;2;5.3;7.2;19.1;;;;;;;;;;;;;;;;63;;
PRE;30.06.2003 00:00;;;;;;;;;;;;;;3.5;18.5;12.6;66.6;;;;;;;;;;;;;;;;238;;
PRE;01.07.2003 00:00;;;;;;;;;;;;;;3.3;17;11.9;61.2;;;;;;;;;;;;;;;;250;;
PRE;02.07.2003 00:00;;;;;;;;;;;;;;5.2;14.3;18.7;51.5;;;;;;;;;;;;;;;;232;;
PRE;03.07.2003 00:00;;;;;;;;;;;;;;4.6;11.5;16.6;41.4;;;;;;;;;;;;;;;;239;;
PRE;04.07.2003 00:00;;;;;;;;;;;;;;2.1;8;7.6;28.8;;;;;;;;;;;;;;;;243;;
PRE;05.07.2003 00:00;;;;;;;;;;;;;;2.5;7.8;9;28.1;;;;;;;;;;;;;;;;30;;
PRE;06.07.2003 00:00;;;;;;;;;;;;;;2.9;7;10.4;25.2;;;;;;;;;;;;;;;;30;;
PRE;07.07.2003 00:00;;;;;;;;;;;;;;2.2;6.5;7.9;23.4;;;;;;;;;;;;;;;;18;;
PRE;08.07.2003 00:00;;;;;;;;;;;;;;2.8;8.2;10.1;29.5;;;;;;;;;;;;;;;;35;;
PRE;09.07.2003 00:00;;;;;;;;;;;;;;4.1;9.5;14.8;34.2;;;;;;;;;;;;;;;;26;;
PRE;10.07.2003 00:00;;;;;;;;;;;;;;3.2;10.1;11.5;36.4;;;;;;;;;;;;;;;;25;;
PRE;11.07.2003 00:00;;;;;;;;;;;;;;3;8.5;10.8;30.6;;;;;;;;;;;;;;;;29;;
PRE;12.07.2003 00:00;;;;;;;;;;;;;;3.1;7.1;11.2;25.6;;;;;;;;;;;;;;;;50;;
PRE;13.07.2003 00:00;;;;;;;;;;;;;;3.9;10;14;36;;;;;;;;;;;;;;;;23;;
PRE;16.07.2003 00:00;;;;;;;;;;;;;;2.6;18.3;9.4;65.9;;;;;;;;;;;;;;;;286;;
PRE;17.07.2003 00:00;;;;;;;;;;;;;;3.2;10.3;11.5;37.1;;;;;;;;;;;;;;;;283;;
PRE;18.07.2003 00:00;;;;;;;;;;;;;;;;11.9;;;;;;;;;;;;;;;;;31;;
PRE;19.07.2003 00:00;;;;;;;;;;;;;;2.2;6.5;7.9;23.4;;;;;;;;;;;;;;;;52;;
PRE;20.07.2003 00:00;;;;;;;;;;;;;;2.2;9.6;7.9;34.6;;;;;;;;;;;;;;;;180;;
PRE;21.07.2003 00:00;;;;;;;;;;;;;;2.6;11.8;9.4;42.5;;;;;;;;;;;;;;;;230;;
PRE;22.07.2003 00:00;;;;;;;;;;;;;;1.8;14.5;6.5;52.2;;;;;;;;;;;;;;;;63;;
PRE;23.07.2003 00:00;;;;;;;;;;;;;;1.8;5.1;6.5;18.4;;;;;;;;;;;;;;;;49;;
PRE;24.07.2003 00:00;;;;;;;;;;;;;;1.8;5.7;6.5;20.5;;;;;;;;;;;;;;;;21;;
PRE;25.07.2003 00:00;;;;;;;;;;;;;;1.8;10.1;6.5;36.4;;;;;;;;;;;;;;;;225;;
PRE;26.07.2003 00:00;;;;;;;;;;;;;;4.1;13.5;14.8;48.6;;;;;;;;;;;;;;;;241;;
PRE;27.07.2003 00:00;;;;;;;;;;;;;;2.6;10.3;9.4;37.1;;;;;;;;;;;;;;;;262;;
PRE;28.07.2003 00:00;;;;;;;;;;;;;;2.9;8.7;10.4;31.3;;;;;;;;;;;;;;;;15;;
PRE;29.07.2003 00:00;;;;;;;;;;;;;;4.1;11.3;14.8;40.7;;;;;;;;;;;;;;;;22;;
PRE;30.07.2003 00:00;;;;;;;;;;;;;;2.1;11.8;7.6;42.5;;;;;;;;;;;;;;;;180;;
PRE;31.07.2003 00:00;;;;;;;;;;;;;;3.1;11;11.2;39.6;;;;;;;;;;;;;;;;14;;
PRE;01.08.2003 00:00;;;;;;;;;;;;;;5.1;14.6;18.4;52.6;;;;;;;;;;;;;;;;30;;
PRE;02.08.2003 00:00;;;;;;;;;;;;;;2.4;7.1;8.6;25.6;;;;;;;;;;;;;;;;34;;
PRE;03.08.2003 00:00;;;;;;;;;;;;;;1.7;6.2;6.1;22.3;;;;;;;;;;;;;;;;53;;
PRE;04.08.2003 00:00;;;;;;;;;;;;;;2;6.3;7.2;22.7;;;;;;;;;;;;;;;;11;;
PRE;05.08.2003 00:00;;;;;;;;;;;;;;1.8;8.8;6.5;31.7;;;;;;;;;;;;;;;;76;;
PRE;06.08.2003 00:00;;;;;;;;;;;;;;3.2;10.2;11.5;36.7;;;;;;;;;;;;;;;;36;;
PRE;07.08.2003 00:00;;;;;;;;;;;;;;4.3;13.8;15.5;49.7;;;;;;;;;;;;;;;;23;;
PRE;08.08.2003 00:00;;;;;;;;;;;;;;2.8;10.7;10.1;38.5;;;;;;;;;;;;;;;;352;;
PRE;09.08.2003 00:00;;;;;;;;;;;;;;3.1;10.6;11.2;38.2;;;;;;;;;;;;;;;;13;;
PRE;10.08.2003 00:00;;;;;;;;;;;;;;1.6;5.7;5.8;20.5;;;;;;;;;;;;;;;;14;;
PRE;11.08.2003 00:00;;;;;;;;;;;;;;2;6;7.2;21.6;;;;;;;;;;;;;;;;31;;
PRE;12.08.2003 00:00;;;;;;;;;;;;;;2.5;7;9;25.2;;;;;;;;;;;;;;;;32;;
PRE;13.08.2003 00:00;;;;;;;;;;;;;;2.2;14.1;7.9;50.8;;;;;;;;;;;;;;;;300;;
PRE;14.08.2003 00:00;;;;;;;;;;;;;;3.3;14.8;11.9;53.3;;;;;;;;;;;;;;;;236;;
PRE;15.08.2003 00:00;;;;;;;;;;;;;;2.6;14.8;9.4;53.3;;;;;;;;;;;;;;;;236;;
PRE;16.08.2003 00:00;;;;;;;;;;;;;;2.5;17.2;9;61.9;;;;;;;;;;;;;;;;54;;
PRE;17.08.2003 00:00;;;;;;;;;;;;;;2.1;30.6;7.6;110.2;;;;;;;;;;;;;;;;264;;
PRE;18.08.2003 00:00;;;;;;;;;;;;;;3;10.2;10.8;36.7;;;;;;;;;;;;;;;;232;;
PRE;19.08.2003 00:00;;;;;;;;;;;;;;1.7;4.7;6.1;16.9;;;;;;;;;;;;;;;;72;;
PRE;20.08.2003 00:00;;;;;;;;;;;;;;2.3;14.6;8.3;52.6;;;;;;;;;;;;;;;;346;;
PRE;21.08.2003 00:00;;;;;;;;;;;;;;1.7;5.2;6.1;18.7;;;;;;;;;;;;;;;;39;;
PRE;22.08.2003 00:00;;;;;;;;;;;;;;1.5;5.2;5.4;18.7;;;;;;;;;;;;;;;;360;;
PRE;23.08.2003 00:00;;;;;;;;;;;;;;1.9;5.6;6.8;20.2;;;;;;;;;;;;;;;;27;;
PRE;24.08.2003 00:00;;;;;;;;;;;;;;2.3;6.5;8.3;23.4;;;;;;;;;;;;;;;;34;;
PRE;25.08.2003 00:00;;;;;;;;;;;;;;3.2;11.3;11.5;40.7;;;;;;;;;;;;;;;;49;;
PRE;26.08.2003 00:00;;;;;;;;;;;;;;2;6.3;7.2;22.7;;;;;;;;;;;;;;;;229;;
PRE;27.08.2003 00:00;;;;;;;;;;;;;;1.7;4.8;6.1;17.3;;;;;;;;;;;;;;;;360;;
PRE;28.08.2003 00:00;;;;;;;;;;;;;;2.7;32.8;9.7;118.1;;;;;;;;;;;;;;;;253;;
PRE;29.08.2003 00:00;;;;;;;;;;;;;;3.8;17.8;13.7;64.1;;;;;;;;;;;;;;;;250;;
PRE;30.08.2003 00:00;;;;;;;;;;;;;;3.8;9.6;13.7;34.6;;;;;;;;;;;;;;;;243;;
PRE;31.08.2003 00:00;;;;;;;;;;;;;;2.8;11;10.1;39.6;;;;;;;;;;;;;;;;337;;
PRE;01.09.2003 00:00;;;;;;;;;;;;;;3.8;9.7;13.7;34.9;;;;;;;;;;;;;;;;17;;
PRE;02.09.2003 00:00;;;;;;;;;;;;;;6.8;15;24.5;54;;;;;;;;;;;;;;;;23;;
PRE;03.09.2003 00:00;;;;;;;;;;;;;;5.6;12;20.2;43.2;;;;;;;;;;;;;;;;20;;
PRE;04.09.2003 00:00;;;;;;;;;;;;;;3;8.7;10.8;31.3;;;;;;;;;;;;;;;;16;;
PRE;05.09.2003 00:00;;;;;;;;;;;;;;1.2;4.5;4.3;16.2;;;;;;;;;;;;;;;;288;;
PRE;06.09.2003 00:00;;;;;;;;;;;;;;1.9;9;6.8;32.4;;;;;;;;;;;;;;;;257;;
PRE;07.09.2003 00:00;;;;;;;;;;;;;;2.3;27.3;8.3;98.3;;;;;;;;;;;;;;;;243;;
PRE;08.09.2003 00:00;;;;;;;;;;;;;;2.4;9.5;8.6;34.2;;;;;;;;;;;;;;;;229;;
PRE;09.09.2003 00:00;;;;;;;;;;;;;;3.8;9.6;13.7;34.6;;;;;;;;;;;;;;;;15;;
PRE;10.09.2003 00:00;;;;;;;;;;;;;;3.2;9.5;11.5;34.2;;;;;;;;;;;;;;;;246;;
PRE;11.09.2003 00:00;;;;;;;;;;;;;;3.5;10.5;12.6;37.8;;;;;;;;;;;;;;;;242;;
PRE;12.09.2003 00:00;;;;;;;;;;;;;;2.3;7.5;8.3;27;;;;;;;;;;;;;;;;360;;
PRE;13.09.2003 00:00;;;;;;;;;;;;;;6.3;15.3;22.7;55.1;;;;;;;;;;;;;;;;28;;
PRE;14.09.2003 00:00;;;;;;;;;;;;;;5.8;17.5;20.9;63;;;;;;;;;;;;;;;;27;;
PRE;15.09.2003 00:00;;;;;;;;;;;;;;2.9;7.8;10.4;28.1;;;;;;;;;;;;;;;;24;;
PRE;16.09.2003 00:00;;;;;;;;;;;;;;1.3;5.3;4.7;19.1;;;;;;;;;;;;;;;;284;;
PRE;17.09.2003 00:00;;;;;;;;;;;;;;1.5;3.8;5.4;13.7;;;;;;;;;;;;;;;;292;;
PRE;18.09.2003 00:00;;;;;;;;;;;;;;1.4;3.2;5;11.5;;;;;;;;;;;;;;;;326;;
PRE;19.09.2003 00:00;;;;;;;;;;;;;;1.3;3.2;4.7;11.5;;;;;;;;;;;;;;;;342;;
PRE;20.09.2003 00:00;;;;;;;;;;;;;;1.4;4.2;5;15.1;;;;;;;;;;;;;;;;270;;
PRE;21.09.2003 00:00;;;;;;;;;;;;;;1.7;5.5;6.1;19.8;;;;;;;;;;;;;;;;247;;
PRE;22.09.2003 00:00;;;;;;;;;;;;;;4.5;16.3;16.2;58.7;;;;;;;;;;;;;;;;229;;
PRE;23.09.2003 00:00;;;;;;;;;;;;;;3.7;15.7;13.3;56.5;;;;;;;;;;;;;;;;262;;
PRE;24.09.2003 00:00;;;;;;;;;;;;;;6.9;17.1;24.8;61.6;;;;;;;;;;;;;;;;18;;
PRE;25.09.2003 00:00;;;;;;;;;;;;;;2.9;9.6;10.4;34.6;;;;;;;;;;;;;;;;360;;
PRE;26.09.2003 00:00;;;;;;;;;;;;;;1.5;4;5.4;14.4;;;;;;;;;;;;;;;;326;;
PRE;27.09.2003 00:00;;;;;;;;;;;;;;1.4;4.6;5;16.6;;;;;;;;;;;;;;;;270;;
PRE;28.09.2003 00:00;;;;;;;;;;;;;;2.1;8.3;7.6;29.9;;;;;;;;;;;;;;;;245;;
PRE;29.09.2003 00:00;;;;;;;;;;;;;;2.8;9.3;10.1;33.5;;;;;;;;;;;;;;;;14;;
PRE;30.09.2003 00:00;;;;;;;;;;;;;;3.1;8.8;11.2;31.7;;;;;;;;;;;;;;;;19;;
PRE;01.10.2003 00:00;;;;;;;;;;;;;;2.6;9.1;9.4;32.8;;;;;;;;;;;;;;;;5;;
PRE;02.10.2003 00:00;;;;;;;;;;;;;;1.4;4.8;5;17.3;;;;;;;;;;;;;;;;338;;
PRE;03.10.2003 00:00;;;;;;;;;;;;;;2.5;14.1;9;50.8;;;;;;;;;;;;;;;;231;;
PRE;04.10.2003 00:00;;;;;;;;;;;;;;4.6;13.8;16.6;49.7;;;;;;;;;;;;;;;;238;;
PRE;05.10.2003 00:00;;;;;;;;;;;;;;2.3;10.1;8.3;36.4;;;;;;;;;;;;;;;;4;;
PRE;06.10.2003 00:00;;;;;;;;;;;;;;4.4;9.8;15.8;35.3;;;;;;;;;;;;;;;;237;;
PRE;07.10.2003 00:00;;;;;;;;;;;;;;8.2;18.8;29.5;67.7;;;;;;;;;;;;;;;;241;;
PRE;08.10.2003 00:00;;;;;;;;;;;;;;3.5;11.3;12.6;40.7;;;;;;;;;;;;;;;;241;;
PRE;09.10.2003 00:00;;;;;;;;;;;;;;2.2;11.2;7.9;40.3;;;;;;;;;;;;;;;;235;;
PRE;10.10.2003 00:00;;;;;;;;;;;;;;1.7;4.3;6.1;15.5;;;;;;;;;;;;;;;;310;;
PRE;11.10.2003 00:00;;;;;;;;;;;;;;1.8;5.7;6.5;20.5;;;;;;;;;;;;;;;;11;;
PRE;12.10.2003 00:00;;;;;;;;;;;;;;2.9;10.2;10.4;36.7;;;;;;;;;;;;;;;;13;;
PRE;13.10.2003 00:00;;;;;;;;;;;;;;1.3;6.3;4.7;22.7;;;;;;;;;;;;;;;;8;;
PRE;14.10.2003 00:00;;;;;;;;;;;;;;5.7;12.1;20.5;43.6;;;;;;;;;;;;;;;;14;;
PRE;15.10.2003 00:00;;;;;;;;;;;;;;5.3;11.5;19.1;41.4;;;;;;;;;;;;;;;;10;;
PRE;16.10.2003 00:00;;;;;;;;;;;;;;5.6;11.7;20.2;42.1;;;;;;;;;;;;;;;;10;;
PRE;17.10.2003 00:00;;;;;;;;;;;;;;4.6;9.6;16.6;34.6;;;;;;;;;;;;;;;;3;;
PRE;18.10.2003 00:00;;;;;;;;;;;;;;3.9;9.1;14;32.8;;;;;;;;;;;;;;;;356;;
PRE;19.10.2003 00:00;;;;;;;;;;;;;;1.7;7.1;6.1;25.6;;;;;;;;;;;;;;;;351;;
PRE;20.10.2003 00:00;;;;;;;;;;;;;;1.9;11.1;6.8;40;;;;;;;;;;;;;;;;225;;
PRE;21.10.2003 00:00;;;;;;;;;;;;;;4.6;17.3;16.6;62.3;;;;;;;;;;;;;;;;248;;
PRE;22.10.2003 00:00;;;;;;;;;;;;;;2.4;6.8;8.6;24.5;;;;;;;;;;;;;;;;349;;
PRE;23.10.2003 00:00;;;;;;;;;;;;;;2.9;9.3;10.4;33.5;;;;;;;;;;;;;;;;342;;
PRE;24.10.2003 00:00;;;;;;;;;;;;;;5.2;12.5;18.7;45;;;;;;;;;;;;;;;;17;;
PRE;25.10.2003 00:00;;;;;;;;;;;;;;2.7;7.3;9.7;26.3;;;;;;;;;;;;;;;;342;;
PRE;26.10.2003 00:00;;;;;;;;;;;;;;2.5;8.3;9;29.9;;;;;;;;;;;;;;;;353;;
PRE;27.10.2003 00:00;;;;;;;;;;;;;;4.6;11.3;16.6;40.7;;;;;;;;;;;;;;;;18;;
PRE;28.10.2003 00:00;;;;;;;;;;;;;;1.8;8.2;6.5;29.5;;;;;;;;;;;;;;;;351;;
PRE;29.10.2003 00:00;;;;;;;;;;;;;;3.3;15;11.9;54;;;;;;;;;;;;;;;;251;;
PRE;30.10.2003 00:00;;;;;;;;;;;;;;8.1;17.6;29.2;63.4;;;;;;;;;;;;;;;;231;;
PRE;31.10.2003 00:00;;;;;;;;;;;;;;2.7;11.3;9.7;40.7;;;;;;;;;;;;;;;;252;;
PRE;01.11.2003 00:00;;;;;;;;;;;;;;1.9;8.7;6.8;31.3;;;;;;;;;;;;;;;;247;;
PRE;02.11.2003 00:00;;;;;;;;;;;;;;3.3;9.1;11.9;32.8;;;;;;;;;;;;;;;;243;;
PRE;03.11.2003 00:00;;;;;;;;;;;;;;3.6;11.5;13;41.4;;;;;;;;;;;;;;;;253;;
PRE;04.11.2003 00:00;;;;;;;;;;;;;;3.3;8.5;11.9;30.6;;;;;;;;;;;;;;;;4;;
PRE;05.11.2003 00:00;;;;;;;;;;;;;;2.3;6.8;8.3;24.5;;;;;;;;;;;;;;;;16;;
PRE;06.11.2003 00:00;;;;;;;;;;;;;;3.7;13.2;13.3;47.5;;;;;;;;;;;;;;;;9;;
PRE;07.11.2003 00:00;;;;;;;;;;;;;;7;18.3;25.2;65.9;;;;;;;;;;;;;;;;16;;
PRE;08.11.2003 00:00;;;;;;;;;;;;;;3.2;11;11.5;39.6;;;;;;;;;;;;;;;;360;;
PRE;09.11.2003 00:00;;;;;;;;;;;;;;1.7;6.7;6.1;24.1;;;;;;;;;;;;;;;;356;;
PRE;10.11.2003 00:00;;;;;;;;;;;;;;1.3;4;4.7;14.4;;;;;;;;;;;;;;;;360;;
PRE;11.11.2003 00:00;;;;;;;;;;;;;;1.8;5.5;6.5;19.8;;;;;;;;;;;;;;;;356;;
PRE;12.11.2003 00:00;;;;;;;;;;;;;;1;3.6;3.6;13;;;;;;;;;;;;;;;;288;;
PRE;13.11.2003 00:00;;;;;;;;;;;;;;2.7;7.9;9.7;28.4;;;;;;;;;;;;;;;;6;;
PRE;14.11.2003 00:00;;;;;;;;;;;;;;2.6;8.6;9.4;31;;;;;;;;;;;;;;;;249;;
PRE;15.11.2003 00:00;;;;;;;;;;;;;;1.6;4.8;5.8;17.3;;;;;;;;;;;;;;;;360;;
PRE;16.11.2003 00:00;;;;;;;;;;;;;;1.3;6.2;4.7;22.3;;;;;;;;;;;;;;;;270;;
PRE;17.11.2003 00:00;;;;;;;;;;;;;;2.9;8.7;10.4;31.3;;;;;;;;;;;;;;;;15;;
PRE;18.11.2003 00:00;;;;;;;;;;;;;;1.2;3.7;4.3;13.3;;;;;;;;;;;;;;;;309;;
PRE;19.11.2003 00:00;;;;;;;;;;;;;;1;2.6;3.6;9.4;;;;;;;;;;;;;;;;333;;
PRE;20.11.2003 00:00;;;;;;;;;;;;;;0.8;2.6;2.9;9.4;;;;;;;;;;;;;;;;309;;
PRE;21.11.2003 00:00;;;;;;;;;;;;;;0.9;3.5;3.2;12.6;;;;;;;;;;;;;;;;333;;
PRE;22.11.2003 00:00;;;;;;;;;;;;;;0.8;2.6;2.9;9.4;;;;;;;;;;;;;;;;338;;
PRE;23.11.2003 00:00;;;;;;;;;;;;;;1;3.7;3.6;13.3;;;;;;;;;;;;;;;;297;;
PRE;24.11.2003 00:00;;;;;;;;;;;;;;1.2;3.7;4.3;13.3;;;;;;;;;;;;;;;;292;;
PRE;25.11.2003 00:00;;;;;;;;;;;;;;1;4.3;3.6;15.5;;;;;;;;;;;;;;;;346;;
PRE;26.11.2003 00:00;;;;;;;;;;;;;;1.3;4.7;4.7;16.9;;;;;;;;;;;;;;;;326;;
PRE;27.11.2003 00:00;;;;;;;;;;;;;;3.4;8.5;12.2;30.6;;;;;;;;;;;;;;;;283;;
PRE;28.11.2003 00:00;;;;;;;;;;;;;;2.1;5.8;7.6;20.9;;;;;;;;;;;;;;;;22;;
PRE;29.11.2003 00:00;;;;;;;;;;;;;;2;6.1;7.2;22;;;;;;;;;;;;;;;;356;;
PRE;30.11.2003 00:00;;;;;;;;;;;;;;1.5;4.7;5.4;16.9;;;;;;;;;;;;;;;;254;;
PRE;01.12.2003 00:00;;;;;;;;;;;;;;1.5;5.8;5.4;20.9;;;;;;;;;;;;;;;;331;;
PRE;02.12.2003 00:00;;;;;;;;;;;;;;2.2;8.3;7.9;29.9;;;;;;;;;;;;;;;;294;;
PRE;03.12.2003 00:00;;;;;;;;;;;;;;5.3;15.1;19.1;54.4;;;;;;;;;;;;;;;;12;;
PRE;04.12.2003 00:00;;;;;;;;;;;;;;3.7;15.5;13.3;55.8;;;;;;;;;;;;;;;;356;;
PRE;05.12.2003 00:00;;;;;;;;;;;;;;2.2;8.1;7.9;29.2;;;;;;;;;;;;;;;;352;;
PRE;06.12.2003 00:00;;;;;;;;;;;;;;3.2;13.2;11.5;47.5;;;;;;;;;;;;;;;;358;;
PRE;07.12.2003 00:00;;;;;;;;;;;;;;7.7;20.8;27.7;74.9;;;;;;;;;;;;;;;;6;;
PRE;08.12.2003 00:00;;;;;;;;;;;;;;3.2;8.7;11.5;31.3;;;;;;;;;;;;;;;;358;;
PRE;09.12.2003 00:00;;;;;;;;;;;;;;3.1;7.6;11.2;27.4;;;;;;;;;;;;;;;;358;;
PRE;10.12.2003 00:00;;;;;;;;;;;;;;1.2;4.1;4.3;14.8;;;;;;;;;;;;;;;;284;;
PRE;11.12.2003 00:00;;;;;;;;;;;;;;1.8;10.8;6.5;38.9;;;;;;;;;;;;;;;;265;;
PRE;12.12.2003 00:00;;;;;;;;;;;;;;2;9.6;7.2;34.6;;;;;;;;;;;;;;;;288;;
PRE;13.12.2003 00:00;;;;;;;;;;;;;;1.9;13.8;6.8;49.7;;;;;;;;;;;;;;;;255;;
PRE;14.12.2003 00:00;;;;;;;;;;;;;;4.7;14.1;16.9;50.8;;;;;;;;;;;;;;;;256;;
PRE;15.12.2003 00:00;;;;;;;;;;;;;;2.8;10.1;10.1;36.4;;;;;;;;;;;;;;;;292;;
PRE;16.12.2003 00:00;;;;;;;;;;;;;;4.6;13.2;16.6;47.5;;;;;;;;;;;;;;;;16;;
PRE;17.12.2003 00:00;;;;;;;;;;;;;;3;8.7;10.8;31.3;;;;;;;;;;;;;;;;9;;
PRE;18.12.2003 00:00;;;;;;;;;;;;;;2.2;5.8;7.9;20.9;;;;;;;;;;;;;;;;357;;
PRE;19.12.2003 00:00;;;;;;;;;;;;;;0.9;2.7;3.2;9.7;;;;;;;;;;;;;;;;321;;
PRE;20.12.2003 00:00;;;;;;;;;;;;;;3.1;14.5;11.2;52.2;;;;;;;;;;;;;;;;251;;
PRE;21.12.2003 00:00;;;;;;;;;;;;;;7.5;18.3;27;65.9;;;;;;;;;;;;;;;;239;;
PRE;22.12.2003 00:00;;;;;;;;;;;;;;4;15.5;14.4;55.8;;;;;;;;;;;;;;;;360;;
PRE;23.12.2003 00:00;;;;;;;;;;;;;;2.9;8.6;10.4;31;;;;;;;;;;;;;;;;13;;
PRE;24.12.2003 00:00;;;;;;;;;;;;;;5.7;12;20.5;43.2;;;;;;;;;;;;;;;;12;;
PRE;25.12.2003 00:00;;;;;;;;;;;;;;2.4;7.7;8.6;27.7;;;;;;;;;;;;;;;;344;;
PRE;26.12.2003 00:00;;;;;;;;;;;;;;1.2;3.5;4.3;12.6;;;;;;;;;;;;;;;;300;;
PRE;27.12.2003 00:00;;;;;;;;;;;;;;5.2;16.8;18.7;60.5;;;;;;;;;;;;;;;;237;;
PRE;28.12.2003 00:00;;;;;;;;;;;;;;3.8;15.3;13.7;55.1;;;;;;;;;;;;;;;;239;;
PRE;29.12.2003 00:00;;;;;;;;;;;;;;3.2;8.6;11.5;31;;;;;;;;;;;;;;;;2;;
PRE;30.12.2003 00:00;;;;;;;;;;;;;;2.8;7.5;10.1;27;;;;;;;;;;;;;;;;11;;
PRE;31.12.2003 00:00;;;;;;;;;;;;;;6.8;18.7;24.5;67.3;;;;;;;;;;;;;;;;12;;
PRE;01.01.2004 00:00;;;;;;;;;;;;;;2;7.8;7.2;28.1;;;;;;;;;;;;;;;;344;;
PRE;02.01.2004 00:00;;;;;;;;;;;;;;4;12.5;14.4;45;;;;;;;;;;;;;;;;5;;
PRE;03.01.2004 00:00;;;;;;;;;;;;;;5.5;11.2;19.8;40.3;;;;;;;;;;;;;;;;8;;
PRE;04.01.2004 00:00;;;;;;;;;;;;;;2.6;8.5;9.4;30.6;;;;;;;;;;;;;;;;2;;
PRE;05.01.2004 00:00;;;;;;;;;;;;;;1.4;4.8;5;17.3;;;;;;;;;;;;;;;;351;;
PRE;06.01.2004 00:00;;;;;;;;;;;;;;1.5;4;5.4;14.4;;;;;;;;;;;;;;;;333;;
PRE;07.01.2004 00:00;;;;;;;;;;;;;;1.2;3.5;4.3;12.6;;;;;;;;;;;;;;;;328;;
PRE;08.01.2004 00:00;;;;;;;;;;;;;;1.9;10;6.8;36;;;;;;;;;;;;;;;;258;;
PRE;09.01.2004 00:00;;;;;;;;;;;;;;5.2;12.8;18.7;46.1;;;;;;;;;;;;;;;;252;;
PRE;10.01.2004 00:00;;;;;;;;;;;;;;4.2;9.3;15.1;33.5;;;;;;;;;;;;;;;;253;;
PRE;11.01.2004 00:00;;;;;;;;;;;;;;4.5;14;16.2;50.4;;;;;;;;;;;;;;;;245;;
PRE;12.01.2004 00:00;;;;;;;;;;;;;;7.4;19;26.6;68.4;;;;;;;;;;;;;;;;243;;
PRE;13.01.2004 00:00;;;;;;;;;;;;;;8.5;17.8;30.6;64.1;;;;;;;;;;;;;;;;241;;
PRE;14.01.2004 00:00;;;;;;;;;;;;;;6.8;22.2;24.5;79.9;;;;;;;;;;;;;;;;238;;
PRE;15.01.2004 00:00;;;;;;;;;;;;;;4.9;14.1;17.6;50.8;;;;;;;;;;;;;;;;238;;
PRE;16.01.2004 00:00;;;;;;;;;;;;;;7.7;20;27.7;72;;;;;;;;;;;;;;;;242;;
PRE;17.01.2004 00:00;;;;;;;;;;;;;;6.4;19.3;23;69.5;;;;;;;;;;;;;;;;238;;
PRE;18.01.2004 00:00;;;;;;;;;;;;;;8;26.7;28.8;96.1;;;;;;;;;;;;;;;;11;;
PRE;19.01.2004 00:00;;;;;;;;;;;;;;4.5;19;16.2;68.4;;;;;;;;;;;;;;;;2;;
PRE;20.01.2004 00:00;;;;;;;;;;;;;;5.2;13.5;18.7;48.6;;;;;;;;;;;;;;;;244;;
PRE;21.01.2004 00:00;;;;;;;;;;;;;;2.4;7.8;8.6;28.1;;;;;;;;;;;;;;;;3;;
PRE;22.01.2004 00:00;;;;;;;;;;;;;;3.1;8.8;11.2;31.7;;;;;;;;;;;;;;;;360;;
PRE;23.01.2004 00:00;;;;;;;;;;;;;;3.9;8.3;14;29.9;;;;;;;;;;;;;;;;5;;
PRE;24.01.2004 00:00;;;;;;;;;;;;;;2.9;10.3;10.4;37.1;;;;;;;;;;;;;;;;270;;
PRE;25.01.2004 00:00;;;;;;;;;;;;;;2.2;6.8;7.9;24.5;;;;;;;;;;;;;;;;352;;
PRE;26.01.2004 00:00;;;;;;;;;;;;;;2.2;14.6;7.9;52.6;;;;;;;;;;;;;;;;360;;
PRE;27.01.2004 00:00;;;;;;;;;;;;;;7.3;17.3;26.3;62.3;;;;;;;;;;;;;;;;225;;
PRE;28.01.2004 00:00;;;;;;;;;;;;;;4.1;11.3;14.8;40.7;;;;;;;;;;;;;;;;248;;
PRE;29.01.2004 00:00;;;;;;;;;;;;;;5;19.3;18;69.5;;;;;;;;;;;;;;;;241;;
PRE;30.01.2004 00:00;;;;;;;;;;;;;;2.8;8;10.1;28.8;;;;;;;;;;;;;;;;257;;
PRE;31.01.2004 00:00;;;;;;;;;;;;;;6.3;17.1;22.7;61.6;;;;;;;;;;;;;;;;237;;
PRE;01.02.2004 00:00;;;;;;;;;;;;;;3.5;12.3;12.6;44.3;;;;;;;;;;;;;;;;243;;
PRE;02.02.2004 00:00;;;;;;;;;;;;;;1.1;3.8;4;13.7;;;;;;;;;;;;;;;;360;;
PRE;03.02.2004 00:00;;;;;;;;;;;;;;1.2;3.8;4.3;13.7;;;;;;;;;;;;;;;;326;;
PRE;04.02.2004 00:00;;;;;;;;;;;;;;1;3.2;3.6;11.5;;;;;;;;;;;;;;;;315;;
PRE;05.02.2004 00:00;;;;;;;;;;;;;;1;3.8;3.6;13.7;;;;;;;;;;;;;;;;323;;
PRE;06.02.2004 00:00;;;;;;;;;;;;;;1.1;5.5;4;19.8;;;;;;;;;;;;;;;;342;;
PRE;07.02.2004 00:00;;;;;;;;;;;;;;6;18.3;21.6;65.9;;;;;;;;;;;;;;;;244;;
PRE;08.02.2004 00:00;;;;;;;;;;;;;;7.8;18.7;28.1;67.3;;;;;;;;;;;;;;;;231;;
PRE;09.02.2004 00:00;;;;;;;;;;;;;;4.2;10.1;15.1;36.4;;;;;;;;;;;;;;;;10;;
PRE;10.02.2004 00:00;;;;;;;;;;;;;;2.3;7.8;8.3;28.1;;;;;;;;;;;;;;;;15;;
PRE;11.02.2004 00:00;;;;;;;;;;;;;;2.3;9.7;8.3;34.9;;;;;;;;;;;;;;;;38;;
PRE;12.02.2004 00:00;;;;;;;;;;;;;;6.1;12.8;22;46.1;;;;;;;;;;;;;;;;17;;
PRE;13.02.2004 00:00;;;;;;;;;;;;;;4.2;11.1;15.1;40;;;;;;;;;;;;;;;;30;;
PRE;14.02.2004 00:00;;;;;;;;;;;;;;2.8;7.6;10.1;27.4;;;;;;;;;;;;;;;;27;;
PRE;15.02.2004 00:00;;;;;;;;;;;;;;1.9;6.6;6.8;23.8;;;;;;;;;;;;;;;;23;;
PRE;16.02.2004 00:00;;;;;;;;;;;;;;3;8.5;10.8;30.6;;;;;;;;;;;;;;;;6;;
PRE;17.02.2004 00:00;;;;;;;;;;;;;;1.3;4.3;4.7;15.5;;;;;;;;;;;;;;;;194;;
PRE;18.02.2004 00:00;;;;;;;;;;;;;;4.8;12.2;17.3;43.9;;;;;;;;;;;;;;;;13;;
PRE;19.02.2004 00:00;;;;;;;;;;;;;;9.1;21.3;32.8;76.7;;;;;;;;;;;;;;;;7;;
PRE;20.02.2004 00:00;;;;;;;;;;;;;;5.4;17;19.4;61.2;;;;;;;;;;;;;;;;9;;
PRE;21.02.2004 00:00;;;;;;;;;;;;;;4.3;15.8;15.5;56.9;;;;;;;;;;;;;;;;344;;
PRE;22.02.2004 00:00;;;;;;;;;;;;;;0.9;7.5;3.2;27;;;;;;;;;;;;;;;;315;;
PRE;23.02.2004 00:00;;;;;;;;;;;;;;5.4;14.5;19.4;52.2;;;;;;;;;;;;;;;;8;;
PRE;24.02.2004 00:00;;;;;;;;;;;;;;4.4;11.7;15.8;42.1;;;;;;;;;;;;;;;;10;;
PRE;25.02.2004 00:00;;;;;;;;;;;;;;2.5;9;9;32.4;;;;;;;;;;;;;;;;266;;
PRE;26.02.2004 00:00;;;;;;;;;;;;;;2.7;7.7;9.7;27.7;;;;;;;;;;;;;;;;21;;
PRE;27.02.2004 00:00;;;;;;;;;;;;;;2.9;6.5;10.4;23.4;;;;;;;;;;;;;;;;23;;
PRE;28.02.2004 00:00;;;;;;;;;;;;;;4.6;11.3;16.6;40.7;;;;;;;;;;;;;;;;12;;
PRE;29.02.2004 00:00;;;;;;;;;;;;;;5.3;15.6;19.1;56.2;;;;;;;;;;;;;;;;15;;
PRE;01.03.2004 00:00;;;;;;;;;;;;;;10.3;20.5;37.1;73.8;;;;;;;;;;;;;;;;17;;
PRE;02.03.2004 00:00;;;;;;;;;;;;;;7.5;18;27;64.8;;;;;;;;;;;;;;;;12;;
PRE;03.03.2004 00:00;;;;;;;;;;;;;;3.6;9;13;32.4;;;;;;;;;;;;;;;;17;;
PRE;04.03.2004 00:00;;;;;;;;;;;;;;1.2;5.1;4.3;18.4;;;;;;;;;;;;;;;;360;;
PRE;05.03.2004 00:00;;;;;;;;;;;;;;1.2;4.6;4.3;16.6;;;;;;;;;;;;;;;;360;;
PRE;06.03.2004 00:00;;;;;;;;;;;;;;1.2;4.8;4.3;17.3;;;;;;;;;;;;;;;;59;;
PRE;07.03.2004 00:00;;;;;;;;;;;;;;1.8;7;6.5;25.2;;;;;;;;;;;;;;;;7;;
PRE;08.03.2004 00:00;;;;;;;;;;;;;;5.8;15.3;20.9;55.1;;;;;;;;;;;;;;;;14;;
PRE;09.03.2004 00:00;;;;;;;;;;;;;;4;10.2;14.4;36.7;;;;;;;;;;;;;;;;9;;
PRE;10.03.2004 00:00;;;;;;;;;;;;;;3;8.7;10.8;31.3;;;;;;;;;;;;;;;;360;;
PRE;11.03.2004 00:00;;;;;;;;;;;;;;1.7;6.1;6.1;22;;;;;;;;;;;;;;;;360;;
PRE;12.03.2004 00:00;;;;;;;;;;;;;;2.2;6.5;7.9;23.4;;;;;;;;;;;;;;;;351;;
PRE;13.03.2004 00:00;;;;;;;;;;;;;;1.2;4.7;4.3;16.9;;;;;;;;;;;;;;;;276;;
PRE;14.03.2004 00:00;;;;;;;;;;;;;;1.2;4;4.3;14.4;;;;;;;;;;;;;;;;117;;
PRE;15.03.2004 00:00;;;;;;;;;;;;;;1.2;3.2;4.3;11.5;;;;;;;;;;;;;;;;333;;
PRE;16.03.2004 00:00;;;;;;;;;;;;;;1.3;3.7;4.7;13.3;;;;;;;;;;;;;;;;333;;
PRE;17.03.2004 00:00;;;;;;;;;;;;;;1.1;3.3;4;11.9;;;;;;;;;;;;;;;;346;;
PRE;18.03.2004 00:00;;;;;;;;;;;;;;1.7;7.8;6.1;28.1;;;;;;;;;;;;;;;;252;;
PRE;19.03.2004 00:00;;;;;;;;;;;;;;4.7;13.3;16.9;47.9;;;;;;;;;;;;;;;;237;;
PRE;20.03.2004 00:00;;;;;;;;;;;;;;6.4;13.8;23;49.7;;;;;;;;;;;;;;;;250;;
PRE;21.03.2004 00:00;;;;;;;;;;;;;;7.5;18.7;27;67.3;;;;;;;;;;;;;;;;242;;
PRE;22.03.2004 00:00;;;;;;;;;;;;;;3.7;16;13.3;57.6;;;;;;;;;;;;;;;;247;;
PRE;23.03.2004 00:00;;;;;;;;;;;;;;2.8;12.6;10.1;45.4;;;;;;;;;;;;;;;;15;;
PRE;24.03.2004 00:00;;;;;;;;;;;;;;4.5;14.2;16.2;51.1;;;;;;;;;;;;;;;;20;;
PRE;25.03.2004 00:00;;;;;;;;;;;;;;5.9;14.7;21.2;52.9;;;;;;;;;;;;;;;;9;;
PRE;26.03.2004 00:00;;;;;;;;;;;;;;6.9;15.1;24.8;54.4;;;;;;;;;;;;;;;;10;;
PRE;27.03.2004 00:00;;;;;;;;;;;;;;5.5;13;19.8;46.8;;;;;;;;;;;;;;;;8;;
PRE;28.03.2004 00:00;;;;;;;;;;;;;;3;7.5;10.8;27;;;;;;;;;;;;;;;;9;;
PRE;29.03.2004 00:00;;;;;;;;;;;;;;5.1;11;18.4;39.6;;;;;;;;;;;;;;;;9;;
PRE;30.03.2004 00:00;;;;;;;;;;;;;;3.2;10.2;11.5;36.7;;;;;;;;;;;;;;;;357;;
PRE;31.03.2004 00:00;;;;;;;;;;;;;;1.8;6;6.5;21.6;;;;;;;;;;;;;;;;270;;
PRE;01.04.2004 00:00;;;;;;;;;;;;;;1.6;4.8;5.8;17.3;;;;;;;;;;;;;;;;270;;
PRE;02.04.2004 00:00;;;;;;;;;;;;;;2.4;11.3;8.6;40.7;;;;;;;;;;;;;;;;242;;
PRE;03.04.2004 00:00;;;;;;;;;;;;;;1.8;6.7;6.5;24.1;;;;;;;;;;;;;;;;207;;
PRE;04.04.2004 00:00;;;;;;;;;;;;;;2.5;9.5;9;34.2;;;;;;;;;;;;;;;;234;;
PRE;05.04.2004 00:00;;;;;;;;;;;;;;6;14;21.6;50.4;;;;;;;;;;;;;;;;240;;
PRE;06.04.2004 00:00;;;;;;;;;;;;;;6.7;18;24.1;64.8;;;;;;;;;;;;;;;;231;;
PRE;07.04.2004 00:00;;;;;;;;;;;;;;4.4;12.5;15.8;45;;;;;;;;;;;;;;;;239;;
PRE;08.04.2004 00:00;;;;;;;;;;;;;;2.4;8.8;8.6;31.7;;;;;;;;;;;;;;;;323;;
PRE;09.04.2004 00:00;;;;;;;;;;;;;;6.5;16.2;23.4;58.3;;;;;;;;;;;;;;;;12;;
PRE;10.04.2004 00:00;;;;;;;;;;;;;;5.8;16.6;20.9;59.8;;;;;;;;;;;;;;;;13;;
PRE;11.04.2004 00:00;;;;;;;;;;;;;;5.1;15.2;18.4;54.7;;;;;;;;;;;;;;;;13;;
PRE;12.04.2004 00:00;;;;;;;;;;;;;;6.8;13.8;24.5;49.7;;;;;;;;;;;;;;;;11;;
PRE;13.04.2004 00:00;;;;;;;;;;;;;;7.3;14.8;26.3;53.3;;;;;;;;;;;;;;;;6;;
PRE;14.04.2004 00:00;;;;;;;;;;;;;;3.4;11.3;12.2;40.7;;;;;;;;;;;;;;;;10;;
PRE;15.04.2004 00:00;;;;;;;;;;;;;;2.2;10.8;7.9;38.9;;;;;;;;;;;;;;;;228;;
PRE;16.04.2004 00:00;;;;;;;;;;;;;;3.7;13.1;13.3;47.2;;;;;;;;;;;;;;;;355;;
PRE;17.04.2004 00:00;;;;;;;;;;;;;;3.2;10.7;11.5;38.5;;;;;;;;;;;;;;;;238;;
PRE;18.04.2004 00:00;;;;;;;;;;;;;;5;17.3;18;62.3;;;;;;;;;;;;;;;;223;;
PRE;19.04.2004 00:00;;;;;;;;;;;;;;2.2;10.8;7.9;38.9;;;;;;;;;;;;;;;;217;;
PRE;20.04.2004 00:00;;;;;;;;;;;;;;1.6;5.8;5.8;20.9;;;;;;;;;;;;;;;;225;;
PRE;21.04.2004 00:00;;;;;;;;;;;;;;1.7;4.5;6.1;16.2;;;;;;;;;;;;;;;;34;;
PRE;22.04.2004 00:00;;;;;;;;;;;;;;1.7;12;6.1;43.2;;;;;;;;;;;;;;;;63;;
PRE;23.04.2004 00:00;;;;;;;;;;;;;;4.6;14.8;16.6;53.3;;;;;;;;;;;;;;;;8;;
PRE;24.04.2004 00:00;;;;;;;;;;;;;;7.1;14.3;25.6;51.5;;;;;;;;;;;;;;;;12;;
PRE;25.04.2004 00:00;;;;;;;;;;;;;;7.8;17.8;28.1;64.1;;;;;;;;;;;;;;;;11;;
PRE;26.04.2004 00:00;;;;;;;;;;;;;;3.4;13.5;12.2;48.6;;;;;;;;;;;;;;;;9;;
PRE;27.04.2004 00:00;;;;;;;;;;;;;;1.6;6.2;5.8;22.3;;;;;;;;;;;;;;;;315;;
PRE;28.04.2004 00:00;;;;;;;;;;;;;;1.9;5.7;6.8;20.5;;;;;;;;;;;;;;;;241;;
PRE;29.04.2004 00:00;;;;;;;;;;;;;;2.5;8.8;9;31.7;;;;;;;;;;;;;;;;356;;
PRE;30.04.2004 00:00;;;;;;;;;;;;;;3;14.2;10.8;51.1;;;;;;;;;;;;;;;;246;;
PRE;01.05.2004 00:00;;;;;;;;;;;;;;2;9;7.2;32.4;;;;;;;;;;;;;;;;243;;
PRE;02.05.2004 00:00;;;;;;;;;;;;;;2;6.3;7.2;22.7;;;;;;;;;;;;;;;;196;;
PRE;03.05.2004 00:00;;;;;;;;;;;;;;1.3;4.8;4.7;17.3;;;;;;;;;;;;;;;;259;;
PRE;04.05.2004 00:00;;;;;;;;;;;;;;1.7;7;6.1;25.2;;;;;;;;;;;;;;;;233;;
PRE;05.05.2004 00:00;;;;;;;;;;;;;;3.5;11.1;12.6;40;;;;;;;;;;;;;;;;230;;
PRE;06.05.2004 00:00;;;;;;;;;;;;;;3;8.5;10.8;30.6;;;;;;;;;;;;;;;;223;;
PRE;07.05.2004 00:00;;;;;;;;;;;;;;4.3;9.7;15.5;34.9;;;;;;;;;;;;;;;;229;;
PRE;08.05.2004 00:00;;;;;;;;;;;;;;6.7;16;24.1;57.6;;;;;;;;;;;;;;;;237;;
PRE;09.05.2004 00:00;;;;;;;;;;;;;;4.6;11.2;16.6;40.3;;;;;;;;;;;;;;;;242;;
PRE;10.05.2004 00:00;;;;;;;;;;;;;;1.4;4.5;5;16.2;;;;;;;;;;;;;;;;252;;
PRE;11.05.2004 00:00;;;;;;;;;;;;;;2.5;8.8;9;31.7;;;;;;;;;;;;;;;;4;;
PRE;12.05.2004 00:00;;;;;;;;;;;;;;5.9;14.2;21.2;51.1;;;;;;;;;;;;;;;;16;;
PRE;13.05.2004 00:00;;;;;;;;;;;;;;7.1;17.3;25.6;62.3;;;;;;;;;;;;;;;;10;;
PRE;14.05.2004 00:00;;;;;;;;;;;;;;4.4;11.2;15.8;40.3;;;;;;;;;;;;;;;;21;;
PRE;15.05.2004 00:00;;;;;;;;;;;;;;5.3;11.7;19.1;42.1;;;;;;;;;;;;;;;;8;;
PRE;16.05.2004 00:00;;;;;;;;;;;;;;8.1;19.5;29.2;70.2;;;;;;;;;;;;;;;;14;;
PRE;17.05.2004 00:00;;;;;;;;;;;;;;4.2;15.1;15.1;54.4;;;;;;;;;;;;;;;;13;;
PRE;18.05.2004 00:00;;;;;;;;;;;;;;1.7;5.2;6.1;18.7;;;;;;;;;;;;;;;;270;;
PRE;19.05.2004 00:00;;;;;;;;;;;;;;1.8;7.2;6.5;25.9;;;;;;;;;;;;;;;;360;;
PRE;20.05.2004 00:00;;;;;;;;;;;;;;1.9;9.5;6.8;34.2;;;;;;;;;;;;;;;;236;;
PRE;21.05.2004 00:00;;;;;;;;;;;;;;3.4;10.8;12.2;38.9;;;;;;;;;;;;;;;;242;;
PRE;22.05.2004 00:00;;;;;;;;;;;;;;6.9;18.1;24.8;65.2;;;;;;;;;;;;;;;;21;;
PRE;23.05.2004 00:00;;;;;;;;;;;;;;8;18;28.8;64.8;;;;;;;;;;;;;;;;16;;
PRE;24.05.2004 00:00;;;;;;;;;;;;;;4.8;12.3;17.3;44.3;;;;;;;;;;;;;;;;12;;
PRE;25.05.2004 00:00;;;;;;;;;;;;;;2;6.7;7.2;24.1;;;;;;;;;;;;;;;;360;;
PRE;26.05.2004 00:00;;;;;;;;;;;;;;1.9;7.6;6.8;27.4;;;;;;;;;;;;;;;;270;;
PRE;27.05.2004 00:00;;;;;;;;;;;;;;2.6;7.5;9.4;27;;;;;;;;;;;;;;;;9;;
PRE;28.05.2004 00:00;;;;;;;;;;;;;;4.6;11.2;16.6;40.3;;;;;;;;;;;;;;;;16;;
PRE;29.05.2004 00:00;;;;;;;;;;;;;;3.9;9.7;14;34.9;;;;;;;;;;;;;;;;14;;
PRE;30.05.2004 00:00;;;;;;;;;;;;;;2;8.5;7.2;30.6;;;;;;;;;;;;;;;;270;;
PRE;31.05.2004 00:00;;;;;;;;;;;;;;2.1;8.8;7.6;31.7;;;;;;;;;;;;;;;;79;;
PRE;01.06.2004 00:00;;;;;;;;;;;;;;2.2;10.2;7.9;36.7;;;;;;;;;;;;;;;;216;;
PRE;02.06.2004 00:00;;;;;;;;;;;;;;2.3;9.5;8.3;34.2;;;;;;;;;;;;;;;;193;;
PRE;03.06.2004 00:00;;;;;;;;;;;;;;1.7;6.1;6.1;22;;;;;;;;;;;;;;;;60;;
PRE;04.06.2004 00:00;;;;;;;;;;;;;;3.6;11.7;13;42.1;;;;;;;;;;;;;;;;30;;
PRE;05.06.2004 00:00;;;;;;;;;;;;;;2.3;12;8.3;43.2;;;;;;;;;;;;;;;;6;;
PRE;06.06.2004 00:00;;;;;;;;;;;;;;5.4;12.2;19.4;43.9;;;;;;;;;;;;;;;;7;;
PRE;07.06.2004 00:00;;;;;;;;;;;;;;1.6;5.2;5.8;18.7;;;;;;;;;;;;;;;;72;;
PRE;08.06.2004 00:00;;;;;;;;;;;;;;1.7;7.5;6.1;27;;;;;;;;;;;;;;;;239;;
PRE;09.06.2004 00:00;;;;;;;;;;;;;;1.6;5.8;5.8;20.9;;;;;;;;;;;;;;;;243;;
PRE;10.06.2004 00:00;;;;;;;;;;;;;;1.9;6.7;6.8;24.1;;;;;;;;;;;;;;;;236;;
PRE;11.06.2004 00:00;;;;;;;;;;;;;;1.5;7.5;5.4;27;;;;;;;;;;;;;;;;349;;
PRE;12.06.2004 00:00;;;;;;;;;;;;;;3.1;10.6;11.2;38.2;;;;;;;;;;;;;;;;325;;
PRE;13.06.2004 00:00;;;;;;;;;;;;;;6;15.6;21.6;56.2;;;;;;;;;;;;;;;;21;;
PRE;14.06.2004 00:00;;;;;;;;;;;;;;8.4;18.3;30.2;65.9;;;;;;;;;;;;;;;;14;;
PRE;15.06.2004 00:00;;;;;;;;;;;;;;3.5;8.7;12.6;31.3;;;;;;;;;;;;;;;;22;;
PRE;16.06.2004 00:00;;;;;;;;;;;;;;3.1;10;11.2;36;;;;;;;;;;;;;;;;39;;
PRE;17.06.2004 00:00;;;;;;;;;;;;;;2.2;7.2;7.9;25.9;;;;;;;;;;;;;;;;360;;
PRE;18.06.2004 00:00;;;;;;;;;;;;;;4.4;13.6;15.8;49;;;;;;;;;;;;;;;;247;;
PRE;19.06.2004 00:00;;;;;;;;;;;;;;2.9;16.1;10.4;58;;;;;;;;;;;;;;;;256;;
PRE;20.06.2004 00:00;;;;;;;;;;;;;;1.7;8.5;6.1;30.6;;;;;;;;;;;;;;;;315;;
PRE;21.06.2004 00:00;;;;;;;;;;;;;;2.5;10.3;9;37.1;;;;;;;;;;;;;;;;227;;
PRE;22.06.2004 00:00;;;;;;;;;;;;;;2.8;12;10.1;43.2;;;;;;;;;;;;;;;;247;;
PRE;23.06.2004 00:00;;;;;;;;;;;;;;5.2;18.5;18.7;66.6;;;;;;;;;;;;;;;;233;;
PRE;24.06.2004 00:00;;;;;;;;;;;;;;4.8;13;17.3;46.8;;;;;;;;;;;;;;;;239;;
PRE;25.06.2004 00:00;;;;;;;;;;;;;;3.5;8.3;12.6;29.9;;;;;;;;;;;;;;;;240;;
PRE;26.06.2004 00:00;;;;;;;;;;;;;;2;6.2;7.2;22.3;;;;;;;;;;;;;;;;40;;
PRE;27.06.2004 00:00;;;;;;;;;;;;;;1.5;6.1;5.4;22;;;;;;;;;;;;;;;;63;;
PRE;28.06.2004 00:00;;;;;;;;;;;;;;2.2;8.2;7.9;29.5;;;;;;;;;;;;;;;;49;;
PRE;29.06.2004 00:00;;;;;;;;;;;;;;3.1;8;11.2;28.8;;;;;;;;;;;;;;;;45;;
PRE;30.06.2004 00:00;;;;;;;;;;;;;;2.4;7;8.6;25.2;;;;;;;;;;;;;;;;41;;
PRE;01.07.2004 00:00;;;;;;;;;;;;;;3.8;11.5;13.7;41.4;;;;;;;;;;;;;;;;274;;
PRE;02.07.2004 00:00;;;;;;;;;;;;;;4;12.5;14.4;45;;;;;;;;;;;;;;;;256;;
PRE;03.07.2004 00:00;;;;;;;;;;;;;;3.5;10.6;12.6;38.2;;;;;;;;;;;;;;;;247;;
PRE;04.07.2004 00:00;;;;;;;;;;;;;;1.9;5.5;6.8;19.8;;;;;;;;;;;;;;;;90;;
PRE;05.07.2004 00:00;;;;;;;;;;;;;;3;11.5;10.8;41.4;;;;;;;;;;;;;;;;261;;
PRE;06.07.2004 00:00;;;;;;;;;;;;;;3.6;10.7;13;38.5;;;;;;;;;;;;;;;;7;;
PRE;07.07.2004 00:00;;;;;;;;;;;;;;2.6;8.1;9.4;29.2;;;;;;;;;;;;;;;;11;;
PRE;08.07.2004 00:00;;;;;;;;;;;;;;2.9;16;10.4;57.6;;;;;;;;;;;;;;;;246;;
PRE;09.07.2004 00:00;;;;;;;;;;;;;;5.4;14.1;19.4;50.8;;;;;;;;;;;;;;;;238;;
PRE;10.07.2004 00:00;;;;;;;;;;;;;;3.4;10.2;12.2;36.7;;;;;;;;;;;;;;;;243;;
PRE;11.07.2004 00:00;;;;;;;;;;;;;;1.7;10.1;6.1;36.4;;;;;;;;;;;;;;;;243;;
PRE;12.07.2004 00:00;;;;;;;;;;;;;;3.3;10.3;11.9;37.1;;;;;;;;;;;;;;;;232;;
PRE;13.07.2004 00:00;;;;;;;;;;;;;;2.1;7.5;7.6;27;;;;;;;;;;;;;;;;11;;
PRE;14.07.2004 00:00;;;;;;;;;;;;;;2.3;6.1;8.3;22;;;;;;;;;;;;;;;;51;;
PRE;15.07.2004 00:00;;;;;;;;;;;;;;2;6.3;7.2;22.7;;;;;;;;;;;;;;;;360;;
PRE;16.07.2004 00:00;;;;;;;;;;;;;;2.4;17.3;8.6;62.3;;;;;;;;;;;;;;;;8;;
PRE;17.07.2004 00:00;;;;;;;;;;;;;;2.2;12.1;7.9;43.6;;;;;;;;;;;;;;;;90;;
PRE;18.07.2004 00:00;;;;;;;;;;;;;;2.2;8;7.9;28.8;;;;;;;;;;;;;;;;243;;
PRE;19.07.2004 00:00;;;;;;;;;;;;;;2;6.7;7.2;24.1;;;;;;;;;;;;;;;;41;;
PRE;20.07.2004 00:00;;;;;;;;;;;;;;2.5;10.8;9;38.9;;;;;;;;;;;;;;;;231;;
PRE;21.07.2004 00:00;;;;;;;;;;;;;;1.6;5.5;5.8;19.8;;;;;;;;;;;;;;;;90;;
PRE;22.07.2004 00:00;;;;;;;;;;;;;;2.2;7.1;7.9;25.6;;;;;;;;;;;;;;;;21;;
PRE;23.07.2004 00:00;;;;;;;;;;;;;;2.3;14.8;8.3;53.3;;;;;;;;;;;;;;;;246;;
PRE;24.07.2004 00:00;;;;;;;;;;;;;;2.6;9.6;9.4;34.6;;;;;;;;;;;;;;;;40;;
PRE;25.07.2004 00:00;;;;;;;;;;;;;;4.3;9.8;15.5;35.3;;;;;;;;;;;;;;;;21;;
PRE;26.07.2004 00:00;;;;;;;;;;;;;;2.6;11.7;9.4;42.1;;;;;;;;;;;;;;;;323;;
PRE;27.07.2004 00:00;;;;;;;;;;;;;;5.4;12.7;19.4;45.7;;;;;;;;;;;;;;;;26;;
PRE;28.07.2004 00:00;;;;;;;;;;;;;;4.4;10.6;15.8;38.2;;;;;;;;;;;;;;;;23;;
PRE;29.07.2004 00:00;;;;;;;;;;;;;;2.4;7.7;8.6;27.7;;;;;;;;;;;;;;;;39;;
PRE;30.07.2004 00:00;;;;;;;;;;;;;;2;7.8;7.2;28.1;;;;;;;;;;;;;;;;11;;
PRE;31.07.2004 00:00;;;;;;;;;;;;;;1.7;6.2;6.1;22.3;;;;;;;;;;;;;;;;18;;
PRE;01.08.2004 00:00;;;;;;;;;;;;;;1.6;4.3;5.8;15.5;;;;;;;;;;;;;;;;56;;
PRE;02.08.2004 00:00;;;;;;;;;;;;;;1.7;6;6.1;21.6;;;;;;;;;;;;;;;;18;;
PRE;03.08.2004 00:00;;;;;;;;;;;;;;2.4;11.7;8.6;42.1;;;;;;;;;;;;;;;;310;;
PRE;04.08.2004 00:00;;;;;;;;;;;;;;2.8;13.1;10.1;47.2;;;;;;;;;;;;;;;;236;;
PRE;05.08.2004 00:00;;;;;;;;;;;;;;2.7;11.7;9.7;42.1;;;;;;;;;;;;;;;;231;;
PRE;06.08.2004 00:00;;;;;;;;;;;;;;2.1;5.6;7.6;20.2;;;;;;;;;;;;;;;;233;;
PRE;07.08.2004 00:00;;;;;;;;;;;;;;1.9;6;6.8;21.6;;;;;;;;;;;;;;;;90;;
PRE;08.08.2004 00:00;;;;;;;;;;;;;;2.7;20.3;9.7;73.1;;;;;;;;;;;;;;;;15;;
PRE;09.08.2004 00:00;;;;;;;;;;;;;;2.6;9.2;9.4;33.1;;;;;;;;;;;;;;;;5;;
PRE;10.08.2004 00:00;;;;;;;;;;;;;;1.6;10.8;5.8;38.9;;;;;;;;;;;;;;;;27;;
PRE;11.08.2004 00:00;;;;;;;;;;;;;;1.5;4.7;5.4;16.9;;;;;;;;;;;;;;;;225;;
PRE;12.08.2004 00:00;;;;;;;;;;;;;;3.2;26.6;11.5;95.8;;;;;;;;;;;;;;;;243;;
PRE;13.08.2004 00:00;;;;;;;;;;;;;;5;14.3;18;51.5;;;;;;;;;;;;;;;;236;;
PRE;14.08.2004 00:00;;;;;;;;;;;;;;3;8.7;10.8;31.3;;;;;;;;;;;;;;;;252;;
PRE;15.08.2004 00:00;;;;;;;;;;;;;;2.7;7;9.7;25.2;;;;;;;;;;;;;;;;4;;
PRE;16.08.2004 00:00;;;;;;;;;;;;;;1.4;4.3;5;15.5;;;;;;;;;;;;;;;;259;;
PRE;17.08.2004 00:00;;;;;;;;;;;;;;2.2;13.6;7.9;49;;;;;;;;;;;;;;;;243;;
PRE;18.08.2004 00:00;;;;;;;;;;;;;;2.5;12.7;9;45.7;;;;;;;;;;;;;;;;212;;
PRE;19.08.2004 00:00;;;;;;;;;;;;;;1.6;7;5.8;25.2;;;;;;;;;;;;;;;;342;;
PRE;20.08.2004 00:00;;;;;;;;;;;;;;4.2;16;15.1;57.6;;;;;;;;;;;;;;;;234;;
PRE;21.08.2004 00:00;;;;;;;;;;;;;;4.3;14.1;15.5;50.8;;;;;;;;;;;;;;;;248;;
PRE;22.08.2004 00:00;;;;;;;;;;;;;;2.2;6.8;7.9;24.5;;;;;;;;;;;;;;;;326;;
PRE;23.08.2004 00:00;;;;;;;;;;;;;;2.5;11.1;9;40;;;;;;;;;;;;;;;;228;;
PRE;24.08.2004 00:00;;;;;;;;;;;;;;4;12.8;14.4;46.1;;;;;;;;;;;;;;;;233;;
PRE;25.08.2004 00:00;;;;;;;;;;;;;;5.4;15.6;19.4;56.2;;;;;;;;;;;;;;;;241;;
PRE;26.08.2004 00:00;;;;;;;;;;;;;;2.9;8.2;10.4;29.5;;;;;;;;;;;;;;;;236;;
PRE;27.08.2004 00:00;;;;;;;;;;;;;;1.4;4.2;5;15.1;;;;;;;;;;;;;;;;270;;
PRE;28.08.2004 00:00;;;;;;;;;;;;;;1.9;6;6.8;21.6;;;;;;;;;;;;;;;;255;;
PRE;29.08.2004 00:00;;;;;;;;;;;;;;2;14.1;7.2;50.8;;;;;;;;;;;;;;;;247;;
PRE;30.08.2004 00:00;;;;;;;;;;;;;;3.7;13.2;13.3;47.5;;;;;;;;;;;;;;;;247;;
PRE;31.08.2004 00:00;;;;;;;;;;;;;;2.3;7.7;8.3;27.7;;;;;;;;;;;;;;;;18;;
PRE;01.09.2004 00:00;;;;;;;;;;;;;;2.8;7.6;10.1;27.4;;;;;;;;;;;;;;;;16;;
PRE;02.09.2004 00:00;;;;;;;;;;;;;;1.5;4.2;5.4;15.1;;;;;;;;;;;;;;;;360;;
PRE;03.09.2004 00:00;;;;;;;;;;;;;;1.7;8.3;6.1;29.9;;;;;;;;;;;;;;;;346;;
PRE;04.09.2004 00:00;;;;;;;;;;;;;;3.1;9.8;11.2;35.3;;;;;;;;;;;;;;;;18;;
PRE;05.09.2004 00:00;;;;;;;;;;;;;;4.1;9.2;14.8;33.1;;;;;;;;;;;;;;;;15;;
PRE;06.09.2004 00:00;;;;;;;;;;;;;;3.4;7.3;12.2;26.3;;;;;;;;;;;;;;;;9;;
PRE;07.09.2004 00:00;;;;;;;;;;;;;;3.1;7.7;11.2;27.7;;;;;;;;;;;;;;;;15;;
PRE;08.09.2004 00:00;;;;;;;;;;;;;;4.7;9.7;16.9;34.9;;;;;;;;;;;;;;;;15;;
PRE;09.09.2004 00:00;;;;;;;;;;;;;;3.7;10.1;13.3;36.4;;;;;;;;;;;;;;;;15;;
PRE;10.09.2004 00:00;;;;;;;;;;;;;;1.5;4.8;5.4;17.3;;;;;;;;;;;;;;;;256;;
PRE;11.09.2004 00:00;;;;;;;;;;;;;;2.8;10.8;10.1;38.9;;;;;;;;;;;;;;;;234;;
PRE;12.09.2004 00:00;;;;;;;;;;;;;;4;10;14.4;36;;;;;;;;;;;;;;;;243;;
PRE;13.09.2004 00:00;;;;;;;;;;;;;;3.3;12.5;11.9;45;;;;;;;;;;;;;;;;231;;
PRE;14.09.2004 00:00;;;;;;;;;;;;;;2.6;10.1;9.4;36.4;;;;;;;;;;;;;;;;250;;
PRE;15.09.2004 00:00;;;;;;;;;;;;;;2.7;6.8;9.7;24.5;;;;;;;;;;;;;;;;265;;
PRE;16.09.2004 00:00;;;;;;;;;;;;;;6.7;17.1;24.1;61.6;;;;;;;;;;;;;;;;22;;
PRE;17.09.2004 00:00;;;;;;;;;;;;;;3;9.1;10.8;32.8;;;;;;;;;;;;;;;;9;;
PRE;18.09.2004 00:00;;;;;;;;;;;;;;1.4;4.5;5;16.2;;;;;;;;;;;;;;;;360;;
PRE;19.09.2004 00:00;;;;;;;;;;;;;;1.1;3.5;4;12.6;;;;;;;;;;;;;;;;309;;
PRE;20.09.2004 00:00;;;;;;;;;;;;;;3.4;10.8;12.2;38.9;;;;;;;;;;;;;;;;242;;
PRE;21.09.2004 00:00;;;;;;;;;;;;;;4.1;11.8;14.8;42.5;;;;;;;;;;;;;;;;254;;
PRE;22.09.2004 00:00;;;;;;;;;;;;;;3.6;9.8;13;35.3;;;;;;;;;;;;;;;;244;;
PRE;23.09.2004 00:00;;;;;;;;;;;;;;6.5;13.5;23.4;48.6;;;;;;;;;;;;;;;;237;;
PRE;24.09.2004 00:00;;;;;;;;;;;;;;4.4;11.7;15.8;42.1;;;;;;;;;;;;;;;;2;;
PRE;25.09.2004 00:00;;;;;;;;;;;;;;2.7;10;9.7;36;;;;;;;;;;;;;;;;25;;
PRE;26.09.2004 00:00;;;;;;;;;;;;;;2.4;7.1;8.6;25.6;;;;;;;;;;;;;;;;37;;
PRE;27.09.2004 00:00;;;;;;;;;;;;;;2.2;6.8;7.9;24.5;;;;;;;;;;;;;;;;30;;
PRE;28.09.2004 00:00;;;;;;;;;;;;;;1.7;4.5;6.1;16.2;;;;;;;;;;;;;;;;321;;
PRE;29.09.2004 00:00;;;;;;;;;;;;;;1.4;5.5;5;19.8;;;;;;;;;;;;;;;;270;;
PRE;30.09.2004 00:00;;;;;;;;;;;;;;1.4;4.1;5;14.8;;;;;;;;;;;;;;;;270;;
PRE;01.10.2004 00:00;;;;;;;;;;;;;;1.6;4.6;5.8;16.6;;;;;;;;;;;;;;;;288;;
PRE;02.10.2004 00:00;;;;;;;;;;;;;;2;9.5;7.2;34.2;;;;;;;;;;;;;;;;247;;
PRE;03.10.2004 00:00;;;;;;;;;;;;;;1.8;5.2;6.5;18.7;;;;;;;;;;;;;;;;323;;
PRE;04.10.2004 00:00;;;;;;;;;;;;;;1.6;7.8;5.8;28.1;;;;;;;;;;;;;;;;0;;
PRE;05.10.2004 00:00;;;;;;;;;;;;;;1.7;7;6.1;25.2;;;;;;;;;;;;;;;;212;;
PRE;06.10.2004 00:00;;;;;;;;;;;;;;2.9;9.3;10.4;33.5;;;;;;;;;;;;;;;;241;;
PRE;07.10.2004 00:00;;;;;;;;;;;;;;1.2;4.6;4.3;16.6;;;;;;;;;;;;;;;;239;;
PRE;08.10.2004 00:00;;;;;;;;;;;;;;1.5;6.1;5.4;22;;;;;;;;;;;;;;;;360;;
PRE;09.10.2004 00:00;;;;;;;;;;;;;;3.3;8.3;11.9;29.9;;;;;;;;;;;;;;;;6;;
PRE;10.10.2004 00:00;;;;;;;;;;;;;;3.5;10;12.6;36;;;;;;;;;;;;;;;;352;;
PRE;11.10.2004 00:00;;;;;;;;;;;;;;3.6;9.1;13;32.8;;;;;;;;;;;;;;;;8;;
PRE;12.10.2004 00:00;;;;;;;;;;;;;;2.3;8.6;8.3;31;;;;;;;;;;;;;;;;4;;
PRE;13.10.2004 00:00;;;;;;;;;;;;;;1.8;5.7;6.5;20.5;;;;;;;;;;;;;;;;11;;
PRE;14.10.2004 00:00;;;;;;;;;;;;;;4;15.3;14.4;55.1;;;;;;;;;;;;;;;;240;;
PRE;15.10.2004 00:00;;;;;;;;;;;;;;6.3;20.3;22.7;73.1;;;;;;;;;;;;;;;;235;;
PRE;16.10.2004 00:00;;;;;;;;;;;;;;4.6;16.7;16.6;60.1;;;;;;;;;;;;;;;;249;;
PRE;17.10.2004 00:00;;;;;;;;;;;;;;6.2;17.6;22.3;63.4;;;;;;;;;;;;;;;;238;;
PRE;18.10.2004 00:00;;;;;;;;;;;;;;3.8;9.7;13.7;34.9;;;;;;;;;;;;;;;;249;;
PRE;19.10.2004 00:00;;;;;;;;;;;;;;1.8;8.1;6.5;29.2;;;;;;;;;;;;;;;;3;;
PRE;20.10.2004 00:00;;;;;;;;;;;;;;0.9;3.6;3.2;13;;;;;;;;;;;;;;;;292;;
PRE;21.10.2004 00:00;;;;;;;;;;;;;;1.7;7.5;6.1;27;;;;;;;;;;;;;;;;50;;
PRE;22.10.2004 00:00;;;;;;;;;;;;;;1.4;5.2;5;18.7;;;;;;;;;;;;;;;;8;;
PRE;23.10.2004 00:00;;;;;;;;;;;;;;1;3;3.6;10.8;;;;;;;;;;;;;;;;360;;
PRE;24.10.2004 00:00;;;;;;;;;;;;;;1.1;3.8;4;13.7;;;;;;;;;;;;;;;;153;;
PRE;25.10.2004 00:00;;;;;;;;;;;;;;1.8;11.7;6.5;42.1;;;;;;;;;;;;;;;;20;;
PRE;26.10.2004 00:00;;;;;;;;;;;;;;4.1;11.7;14.8;42.1;;;;;;;;;;;;;;;;15;;
PRE;27.10.2004 00:00;;;;;;;;;;;;;;2.7;7;9.7;25.2;;;;;;;;;;;;;;;;7;;
PRE;28.10.2004 00:00;;;;;;;;;;;;;;2.6;6.5;9.4;23.4;;;;;;;;;;;;;;;;357;;
PRE;29.10.2004 00:00;;;;;;;;;;;;;;1.4;6.2;5;22.3;;;;;;;;;;;;;;;;14;;
PRE;30.10.2004 00:00;;;;;;;;;;;;;;3.6;16;13;57.6;;;;;;;;;;;;;;;;261;;
PRE;31.10.2004 00:00;;;;;;;;;;;;;;5.5;15.5;19.8;55.8;;;;;;;;;;;;;;;;21;;
PRE;01.11.2004 00:00;;;;;;;;;;;;;;1.8;5.3;6.5;19.1;;;;;;;;;;;;;;;;8;;
PRE;02.11.2004 00:00;;;;;;;;;;;;;;3.5;12.1;12.6;43.6;;;;;;;;;;;;;;;;10;;
PRE;03.11.2004 00:00;;;;;;;;;;;;;;2.1;7;7.6;25.2;;;;;;;;;;;;;;;;3;;
PRE;04.11.2004 00:00;;;;;;;;;;;;;;1.2;4.6;4.3;16.6;;;;;;;;;;;;;;;;336;;
PRE;05.11.2004 00:00;;;;;;;;;;;;;;2.8;9;10.1;32.4;;;;;;;;;;;;;;;;15;;
PRE;06.11.2004 00:00;;;;;;;;;;;;;;5;10.2;18;36.7;;;;;;;;;;;;;;;;17;;
PRE;07.11.2004 00:00;;;;;;;;;;;;;;4.4;12.3;15.8;44.3;;;;;;;;;;;;;;;;18;;
PRE;08.11.2004 00:00;;;;;;;;;;;;;;4.8;10.7;17.3;38.5;;;;;;;;;;;;;;;;10;;
PRE;09.11.2004 00:00;;;;;;;;;;;;;;4;11.2;14.4;40.3;;;;;;;;;;;;;;;;7;;
PRE;10.11.2004 00:00;;;;;;;;;;;;;;3.2;8.3;11.5;29.9;;;;;;;;;;;;;;;;9;;
PRE;11.11.2004 00:00;;;;;;;;;;;;;;5.1;11.6;18.4;41.8;;;;;;;;;;;;;;;;14;;
PRE;12.11.2004 00:00;;;;;;;;;;;;;;2;5.8;7.2;20.9;;;;;;;;;;;;;;;;353;;
PRE;13.11.2004 00:00;;;;;;;;;;;;;;6.2;18.8;22.3;67.7;;;;;;;;;;;;;;;;19;;
PRE;14.11.2004 00:00;;;;;;;;;;;;;;10.9;24.7;39.2;88.9;;;;;;;;;;;;;;;;24;;
PRE;15.11.2004 00:00;;;;;;;;;;;;;;7.6;21.3;27.4;76.7;;;;;;;;;;;;;;;;19;;
PRE;16.11.2004 00:00;;;;;;;;;;;;;;2;7.2;7.2;25.9;;;;;;;;;;;;;;;;360;;
PRE;17.11.2004 00:00;;;;;;;;;;;;;;1.3;4;4.7;14.4;;;;;;;;;;;;;;;;283;;
PRE;18.11.2004 00:00;;;;;;;;;;;;;;4.3;13.6;15.5;49;;;;;;;;;;;;;;;;229;;
PRE;19.11.2004 00:00;;;;;;;;;;;;;;5.3;14.8;19.1;53.3;;;;;;;;;;;;;;;;281;;
PRE;20.11.2004 00:00;;;;;;;;;;;;;;2.9;9.6;10.4;34.6;;;;;;;;;;;;;;;;261;;
PRE;21.11.2004 00:00;;;;;;;;;;;;;;1.6;7.6;5.8;27.4;;;;;;;;;;;;;;;;277;;
PRE;22.11.2004 00:00;;;;;;;;;;;;;;1.9;5.7;6.8;20.5;;;;;;;;;;;;;;;;215;;
PRE;23.11.2004 00:00;;;;;;;;;;;;;;1.8;9;6.5;32.4;;;;;;;;;;;;;;;;8;;
PRE;24.11.2004 00:00;;;;;;;;;;;;;;5.6;15.3;20.2;55.1;;;;;;;;;;;;;;;;13;;
PRE;25.11.2004 00:00;;;;;;;;;;;;;;1.5;6.7;5.4;24.1;;;;;;;;;;;;;;;;338;;
PRE;26.11.2004 00:00;;;;;;;;;;;;;;1;2.7;3.6;9.7;;;;;;;;;;;;;;;;360;;
PRE;27.11.2004 00:00;;;;;;;;;;;;;;1.1;4.1;4;14.8;;;;;;;;;;;;;;;;352;;
PRE;28.11.2004 00:00;;;;;;;;;;;;;;2.5;12.7;9;45.7;;;;;;;;;;;;;;;;252;;
PRE;29.11.2004 00:00;;;;;;;;;;;;;;3;9.5;10.8;34.2;;;;;;;;;;;;;;;;342;;
PRE;30.11.2004 00:00;;;;;;;;;;;;;;3.5;9.1;12.6;32.8;;;;;;;;;;;;;;;;324;;
PRE;01.12.2004 00:00;;;;;;;;;;;;;;2.1;8;7.6;28.8;;;;;;;;;;;;;;;;315;;
PRE;02.12.2004 00:00;;;;;;;;;;;;;;2;8.3;7.2;29.9;;;;;;;;;;;;;;;;346;;
PRE;03.12.2004 00:00;;;;;;;;;;;;;;1.8;6.3;6.5;22.7;;;;;;;;;;;;;;;;347;;
PRE;04.12.2004 00:00;;;;;;;;;;;;;;4.2;11.8;15.1;42.5;;;;;;;;;;;;;;;;28;;
PRE;05.12.2004 00:00;;;;;;;;;;;;;;3.6;9.8;13;35.3;;;;;;;;;;;;;;;;21;;
PRE;06.12.2004 00:00;;;;;;;;;;;;;;4.1;10.2;14.8;36.7;;;;;;;;;;;;;;;;9;;
PRE;07.12.2004 00:00;;;;;;;;;;;;;;3.5;8;12.6;28.8;;;;;;;;;;;;;;;;358;;
PRE;08.12.2004 00:00;;;;;;;;;;;;;;5.2;11.3;18.7;40.7;;;;;;;;;;;;;;;;10;;
PRE;09.12.2004 00:00;;;;;;;;;;;;;;4.1;9.5;14.8;34.2;;;;;;;;;;;;;;;;3;;
PRE;10.12.2004 00:00;;;;;;;;;;;;;;2.4;7.5;8.6;27;;;;;;;;;;;;;;;;352;;
PRE;11.12.2004 00:00;;;;;;;;;;;;;;2.3;6.3;8.3;22.7;;;;;;;;;;;;;;;;354;;
PRE;12.12.2004 00:00;;;;;;;;;;;;;;2.3;5.3;8.3;19.1;;;;;;;;;;;;;;;;8;;
PRE;13.12.2004 00:00;;;;;;;;;;;;;;1.7;4.5;6.1;16.2;;;;;;;;;;;;;;;;17;;
PRE;14.12.2004 00:00;;;;;;;;;;;;;;1.7;3.6;6.1;13;;;;;;;;;;;;;;;;12;;
PRE;15.12.2004 00:00;;;;;;;;;;;;;;1.5;4.6;5.4;16.6;;;;;;;;;;;;;;;;360;;
PRE;16.12.2004 00:00;;;;;;;;;;;;;;2.1;12.3;7.6;44.3;;;;;;;;;;;;;;;;247;;
PRE;17.12.2004 00:00;;;;;;;;;;;;;;6.6;20.6;23.8;74.2;;;;;;;;;;;;;;;;246;;
PRE;18.12.2004 00:00;;;;;;;;;;;;;;3.7;12.8;13.3;46.1;;;;;;;;;;;;;;;;243;;
PRE;19.12.2004 00:00;;;;;;;;;;;;;;7.1;18.6;25.6;67;;;;;;;;;;;;;;;;279;;
PRE;20.12.2004 00:00;;;;;;;;;;;;;;6.4;17.3;23;62.3;;;;;;;;;;;;;;;;7;;
PRE;21.12.2004 00:00;;;;;;;;;;;;;;2.1;6.5;7.6;23.4;;;;;;;;;;;;;;;;320;;
PRE;22.12.2004 00:00;;;;;;;;;;;;;;2.8;7.7;10.1;27.7;;;;;;;;;;;;;;;;264;;
PRE;23.12.2004 00:00;;;;;;;;;;;;;;4.2;10.2;15.1;36.7;;;;;;;;;;;;;;;;232;;
PRE;24.12.2004 00:00;;;;;;;;;;;;;;4;10.2;14.4;36.7;;;;;;;;;;;;;;;;243;;
PRE;25.12.2004 00:00;;;;;;;;;;;;;;4.2;12.6;15.1;45.4;;;;;;;;;;;;;;;;234;;
PRE;26.12.2004 00:00;;;;;;;;;;;;;;6.8;14.8;24.5;53.3;;;;;;;;;;;;;;;;7;;
PRE;27.12.2004 00:00;;;;;;;;;;;;;;5.8;14;20.9;50.4;;;;;;;;;;;;;;;;8;;
PRE;28.12.2004 00:00;;;;;;;;;;;;;;3.8;11.8;13.7;42.5;;;;;;;;;;;;;;;;255;;
PRE;29.12.2004 00:00;;;;;;;;;;;;;;3.4;11.6;12.2;41.8;;;;;;;;;;;;;;;;7;;
PRE;30.12.2004 00:00;;;;;;;;;;;;;;3.3;12;11.9;43.2;;;;;;;;;;;;;;;;22;;
PRE;31.12.2004 00:00;;;;;;;;;;;;;;1.2;4;4.3;14.4;;;;;;;;;;;;;;;;315;;
PRE;01.01.2005 00:00;;;;;;;;;;;;;;1;4.6;3.6;16.6;;;;;;;;;;;;;;;;279;;
PRE;02.01.2005 00:00;;;;;;;;;;;;;;3.9;15.3;14;55.1;;;;;;;;;;;;;;;;251;;
PRE;03.01.2005 00:00;;;;;;;;;;;;;;1.4;3.8;5;13.7;;;;;;;;;;;;;;;;337;;
PRE;04.01.2005 00:00;;;;;;;;;;;;;;1.3;3.7;4.7;13.3;;;;;;;;;;;;;;;;311;;
PRE;05.01.2005 00:00;;;;;;;;;;;;;;1.5;5.7;5.4;20.5;;;;;;;;;;;;;;;;270;;
PRE;06.01.2005 00:00;;;;;;;;;;;;;;2.8;10.5;10.1;37.8;;;;;;;;;;;;;;;;245;;
PRE;07.01.2005 00:00;;;;;;;;;;;;;;1.2;3.7;4.3;13.3;;;;;;;;;;;;;;;;270;;
PRE;08.01.2005 00:00;;;;;;;;;;;;;;3;11.1;10.8;40;;;;;;;;;;;;;;;;229;;
PRE;09.01.2005 00:00;;;;;;;;;;;;;;2;8.7;7.2;31.3;;;;;;;;;;;;;;;;225;;
PRE;10.01.2005 00:00;;;;;;;;;;;;;;2.3;8.7;8.3;31.3;;;;;;;;;;;;;;;;252;;
PRE;11.01.2005 00:00;;;;;;;;;;;;;;1.2;5;4.3;18;;;;;;;;;;;;;;;;323;;
PRE;12.01.2005 00:00;;;;;;;;;;;;;;1;3.3;3.6;11.9;;;;;;;;;;;;;;;;307;;
PRE;13.01.2005 00:00;;;;;;;;;;;;;;1.9;6.3;6.8;22.7;;;;;;;;;;;;;;;;14;;
PRE;14.01.2005 00:00;;;;;;;;;;;;;;4;9;14.4;32.4;;;;;;;;;;;;;;;;14;;
PRE;15.01.2005 00:00;;;;;;;;;;;;;;3.2;9.5;11.5;34.2;;;;;;;;;;;;;;;;350;;
PRE;16.01.2005 00:00;;;;;;;;;;;;;;1.5;6.2;5.4;22.3;;;;;;;;;;;;;;;;333;;
PRE;17.01.2005 00:00;;;;;;;;;;;;;;1.1;3.3;4;11.9;;;;;;;;;;;;;;;;292;;
PRE;18.01.2005 00:00;;;;;;;;;;;;;;5.1;20.6;18.4;74.2;;;;;;;;;;;;;;;;248;;
PRE;19.01.2005 00:00;;;;;;;;;;;;;;1.9;7.7;6.8;27.7;;;;;;;;;;;;;;;;256;;
PRE;20.01.2005 00:00;;;;;;;;;;;;;;5.9;13.1;21.2;47.2;;;;;;;;;;;;;;;;242;;
PRE;21.01.2005 00:00;;;;;;;;;;;;;;5.2;16.1;18.7;58;;;;;;;;;;;;;;;;246;;
PRE;22.01.2005 00:00;;;;;;;;;;;;;;2.7;9.2;9.7;33.1;;;;;;;;;;;;;;;;321;;
PRE;23.01.2005 00:00;;;;;;;;;;;;;;5;11.6;18;41.8;;;;;;;;;;;;;;;;6;;
PRE;24.01.2005 00:00;;;;;;;;;;;;;;3.4;10.8;12.2;38.9;;;;;;;;;;;;;;;;5;;
PRE;25.01.2005 00:00;;;;;;;;;;;;;;5.9;14;21.2;50.4;;;;;;;;;;;;;;;;15;;
PRE;26.01.2005 00:00;;;;;;;;;;;;;;12.2;25.6;43.9;92.2;;;;;;;;;;;;;;;;27;;
PRE;27.01.2005 00:00;;;;;;;;;;;;;;9.7;26.6;34.9;95.8;;;;;;;;;;;;;;;;20;;
PRE;28.01.2005 00:00;;;;;;;;;;;;;;3.8;8.7;13.7;31.3;;;;;;;;;;;;;;;;11;;
PRE;29.01.2005 00:00;;;;;;;;;;;;;;9.5;20.1;34.2;72.4;;;;;;;;;;;;;;;;16;;
PRE;30.01.2005 00:00;;;;;;;;;;;;;;6.4;14.1;23;50.8;;;;;;;;;;;;;;;;35;;
PRE;31.01.2005 00:00;;;;;;;;;;;;;;2.1;10.2;7.6;36.7;;;;;;;;;;;;;;;;42;;
PRE;01.02.2005 00:00;;;;;;;;;;;;;;3.8;9.7;13.7;34.9;;;;;;;;;;;;;;;;281;;
PRE;02.02.2005 00:00;;;;;;;;;;;;;;2.6;8;9.4;28.8;;;;;;;;;;;;;;;;28;;
PRE;03.02.2005 00:00;;;;;;;;;;;;;;5.4;14.8;19.4;53.3;;;;;;;;;;;;;;;;12;;
PRE;04.02.2005 00:00;;;;;;;;;;;;;;4.1;12.8;14.8;46.1;;;;;;;;;;;;;;;;26;;
PRE;05.02.2005 00:00;;;;;;;;;;;;;;1.6;7.3;5.8;26.3;;;;;;;;;;;;;;;;345;;
PRE;06.02.2005 00:00;;;;;;;;;;;;;;2.6;6.5;9.4;23.4;;;;;;;;;;;;;;;;11;;
PRE;07.02.2005 00:00;;;;;;;;;;;;;;1.2;3.3;4.3;11.9;;;;;;;;;;;;;;;;315;;
PRE;08.02.2005 00:00;;;;;;;;;;;;;;1.4;3.8;5;13.7;;;;;;;;;;;;;;;;339;;
PRE;09.02.2005 00:00;;;;;;;;;;;;;;1.2;3.7;4.3;13.3;;;;;;;;;;;;;;;;344;;
PRE;10.02.2005 00:00;;;;;;;;;;;;;;1.2;3.5;4.3;12.6;;;;;;;;;;;;;;;;301;;
PRE;11.02.2005 00:00;;;;;;;;;;;;;;5.4;14.2;19.4;51.1;;;;;;;;;;;;;;;;246;;
PRE;12.02.2005 00:00;;;;;;;;;;;;;;6.5;17;23.4;61.2;;;;;;;;;;;;;;;;240;;
PRE;13.02.2005 00:00;;;;;;;;;;;;;;6.6;19.6;23.8;70.6;;;;;;;;;;;;;;;;242;;
PRE;14.02.2005 00:00;;;;;;;;;;;;;;2;8.6;7.2;31;;;;;;;;;;;;;;;;319;;
PRE;15.02.2005 00:00;;;;;;;;;;;;;;4.5;14.7;16.2;52.9;;;;;;;;;;;;;;;;2;;
PRE;16.02.2005 00:00;;;;;;;;;;;;;;9.4;20.1;33.8;72.4;;;;;;;;;;;;;;;;12;;
PRE;17.02.2005 00:00;;;;;;;;;;;;;;7.2;16;25.9;57.6;;;;;;;;;;;;;;;;15;;
PRE;18.02.2005 00:00;;;;;;;;;;;;;;3.4;10.2;12.2;36.7;;;;;;;;;;;;;;;;10;;
PRE;19.02.2005 00:00;;;;;;;;;;;;;;3;9.7;10.8;34.9;;;;;;;;;;;;;;;;253;;
PRE;20.02.2005 00:00;;;;;;;;;;;;;;2.4;9;8.6;32.4;;;;;;;;;;;;;;;;348;;
PRE;21.02.2005 00:00;;;;;;;;;;;;;;4;9.2;14.4;33.1;;;;;;;;;;;;;;;;9;;
PRE;22.02.2005 00:00;;;;;;;;;;;;;;2.5;6.5;9;23.4;;;;;;;;;;;;;;;;7;;
PRE;23.02.2005 00:00;;;;;;;;;;;;;;1.6;5.3;5.8;19.1;;;;;;;;;;;;;;;;320;;
PRE;24.02.2005 00:00;;;;;;;;;;;;;;1.7;4.7;6.1;16.9;;;;;;;;;;;;;;;;311;;
PRE;25.02.2005 00:00;;;;;;;;;;;;;;4.3;9.6;15.5;34.6;;;;;;;;;;;;;;;;11;;
PRE;26.02.2005 00:00;;;;;;;;;;;;;;4.2;8.8;15.1;31.7;;;;;;;;;;;;;;;;13;;
PRE;27.02.2005 00:00;;;;;;;;;;;;;;6.5;22;23.4;79.2;;;;;;;;;;;;;;;;14;;
PRE;28.02.2005 00:00;;;;;;;;;;;;;;10.2;22.7;36.7;81.7;;;;;;;;;;;;;;;;19;;
PRE;01.03.2005 00:00;;;;;;;;;;;;;;2.7;9.7;9.7;34.9;;;;;;;;;;;;;;;;353;;
PRE;02.03.2005 00:00;;;;;;;;;;;;;;2;5;7.2;18;;;;;;;;;;;;;;;;292;;
PRE;03.03.2005 00:00;;;;;;;;;;;;;;2.4;8.1;8.6;29.2;;;;;;;;;;;;;;;;356;;
PRE;04.03.2005 00:00;;;;;;;;;;;;;;2.1;6.5;7.6;23.4;;;;;;;;;;;;;;;;293;;
PRE;05.03.2005 00:00;;;;;;;;;;;;;;4.7;10.1;16.9;36.4;;;;;;;;;;;;;;;;243;;
PRE;06.03.2005 00:00;;;;;;;;;;;;;;4;13.8;14.4;49.7;;;;;;;;;;;;;;;;8;;
PRE;07.03.2005 00:00;;;;;;;;;;;;;;3.1;11.1;11.2;40;;;;;;;;;;;;;;;;29;;
PRE;08.03.2005 00:00;;;;;;;;;;;;;;1.1;5;4;18;;;;;;;;;;;;;;;;284;;
PRE;09.03.2005 00:00;;;;;;;;;;;;;;2.7;10;9.7;36;;;;;;;;;;;;;;;;12;;
PRE;10.03.2005 00:00;;;;;;;;;;;;;;4.8;12.5;17.3;45;;;;;;;;;;;;;;;;17;;
PRE;11.03.2005 00:00;;;;;;;;;;;;;;3.7;11.7;13.3;42.1;;;;;;;;;;;;;;;;242;;
PRE;12.03.2005 00:00;;;;;;;;;;;;;;6.2;13.5;22.3;48.6;;;;;;;;;;;;;;;;240;;
PRE;13.03.2005 00:00;;;;;;;;;;;;;;3.4;9.6;12.2;34.6;;;;;;;;;;;;;;;;6;;
PRE;14.03.2005 00:00;;;;;;;;;;;;;;2.3;12.1;8.3;43.6;;;;;;;;;;;;;;;;242;;
PRE;15.03.2005 00:00;;;;;;;;;;;;;;2;6.6;7.2;23.8;;;;;;;;;;;;;;;;214;;
PRE;16.03.2005 00:00;;;;;;;;;;;;;;1.3;3.2;4.7;11.5;;;;;;;;;;;;;;;;27;;
PRE;17.03.2005 00:00;;;;;;;;;;;;;;1.1;3.6;4;13;;;;;;;;;;;;;;;;45;;
PRE;18.03.2005 00:00;;;;;;;;;;;;;;1.4;4.6;5;16.6;;;;;;;;;;;;;;;;14;;
PRE;19.03.2005 00:00;;;;;;;;;;;;;;1.3;4.6;4.7;16.6;;;;;;;;;;;;;;;;45;;
PRE;20.03.2005 00:00;;;;;;;;;;;;;;4.4;10.2;15.8;36.7;;;;;;;;;;;;;;;;16;;
PRE;21.03.2005 00:00;;;;;;;;;;;;;;2.4;8.5;8.6;30.6;;;;;;;;;;;;;;;;22;;
PRE;22.03.2005 00:00;;;;;;;;;;;;;;2.1;9;7.6;32.4;;;;;;;;;;;;;;;;227;;
PRE;23.03.2005 00:00;;;;;;;;;;;;;;2.1;10.5;7.6;37.8;;;;;;;;;;;;;;;;17;;
PRE;24.03.2005 00:00;;;;;;;;;;;;;;2.4;9.6;8.6;34.6;;;;;;;;;;;;;;;;240;;
PRE;25.03.2005 00:00;;;;;;;;;;;;;;1.3;6.6;4.7;23.8;;;;;;;;;;;;;;;;225;;
PRE;26.03.2005 00:00;;;;;;;;;;;;;;1.5;8.1;5.4;29.2;;;;;;;;;;;;;;;;90;;
PRE;27.03.2005 00:00;;;;;;;;;;;;;;1.8;6.6;6.5;23.8;;;;;;;;;;;;;;;;239;;
PRE;28.03.2005 00:00;;;;;;;;;;;;;;1.5;4.6;5.4;16.6;;;;;;;;;;;;;;;;203;;
PRE;29.03.2005 00:00;;;;;;;;;;;;;;1.5;7.3;5.4;26.3;;;;;;;;;;;;;;;;231;;
PRE;30.03.2005 00:00;;;;;;;;;;;;;;2.8;7.5;10.1;27;;;;;;;;;;;;;;;;202;;
PRE;31.03.2005 00:00;;;;;;;;;;;;;;2.1;8.6;7.6;31;;;;;;;;;;;;;;;;11;;
PRE;01.04.2005 00:00;;;;;;;;;;;;;;3.8;9.1;13.7;32.8;;;;;;;;;;;;;;;;14;;
PRE;02.04.2005 00:00;;;;;;;;;;;;;;2.4;8;8.6;28.8;;;;;;;;;;;;;;;;355;;
PRE;03.04.2005 00:00;;;;;;;;;;;;;;1.4;3.7;5;13.3;;;;;;;;;;;;;;;;262;;
PRE;04.04.2005 00:00;;;;;;;;;;;;;;1.3;4.5;4.7;16.2;;;;;;;;;;;;;;;;243;;
PRE;05.04.2005 00:00;;;;;;;;;;;;;;2.1;6.1;7.6;22;;;;;;;;;;;;;;;;270;;
PRE;06.04.2005 00:00;;;;;;;;;;;;;;5.4;15.6;19.4;56.2;;;;;;;;;;;;;;;;233;;
PRE;07.04.2005 00:00;;;;;;;;;;;;;;5.3;15.5;19.1;55.8;;;;;;;;;;;;;;;;242;;
PRE;08.04.2005 00:00;;;;;;;;;;;;;;3.4;8.3;12.2;29.9;;;;;;;;;;;;;;;;243;;
PRE;09.04.2005 00:00;;;;;;;;;;;;;;6.3;17.1;22.7;61.6;;;;;;;;;;;;;;;;6;;
PRE;10.04.2005 00:00;;;;;;;;;;;;;;9.8;21.2;35.3;76.3;;;;;;;;;;;;;;;;19;;
PRE;11.04.2005 00:00;;;;;;;;;;;;;;12.1;26;43.6;93.6;;;;;;;;;;;;;;;;17;;
PRE;12.04.2005 00:00;;;;;;;;;;;;;;4;11;14.4;39.6;;;;;;;;;;;;;;;;9;;
PRE;13.04.2005 00:00;;;;;;;;;;;;;;1.5;5.5;5.4;19.8;;;;;;;;;;;;;;;;360;;
PRE;14.04.2005 00:00;;;;;;;;;;;;;;1.6;5.2;5.8;18.7;;;;;;;;;;;;;;;;59;;
PRE;15.04.2005 00:00;;;;;;;;;;;;;;3.2;14;11.5;50.4;;;;;;;;;;;;;;;;240;;
PRE;16.04.2005 00:00;;;;;;;;;;;;;;5.4;12.6;19.4;45.4;;;;;;;;;;;;;;;;247;;
PRE;17.04.2005 00:00;;;;;;;;;;;;;;5;10.1;18;36.4;;;;;;;;;;;;;;;;250;;
PRE;18.04.2005 00:00;;;;;;;;;;;;;;1.7;6.3;6.1;22.7;;;;;;;;;;;;;;;;194;;
PRE;19.04.2005 00:00;;;;;;;;;;;;;;2.6;8.7;9.4;31.3;;;;;;;;;;;;;;;;217;;
PRE;20.04.2005 00:00;;;;;;;;;;;;;;2.4;6.8;8.6;24.5;;;;;;;;;;;;;;;;204;;
PRE;21.04.2005 00:00;;;;;;;;;;;;;;3.9;11.1;14;40;;;;;;;;;;;;;;;;7;;
PRE;22.04.2005 00:00;;;;;;;;;;;;;;2.6;7.6;9.4;27.4;;;;;;;;;;;;;;;;32;;
PRE;23.04.2005 00:00;;;;;;;;;;;;;;1.6;6.8;5.8;24.5;;;;;;;;;;;;;;;;360;;
PRE;24.04.2005 00:00;;;;;;;;;;;;;;1.9;7.7;6.8;27.7;;;;;;;;;;;;;;;;4;;
PRE;25.04.2005 00:00;;;;;;;;;;;;;;3.9;15.1;14;54.4;;;;;;;;;;;;;;;;238;;
PRE;26.04.2005 00:00;;;;;;;;;;;;;;2.1;6.8;7.6;24.5;;;;;;;;;;;;;;;;135;;
PRE;27.04.2005 00:00;;;;;;;;;;;;;;1.7;6.2;6.1;22.3;;;;;;;;;;;;;;;;45;;
PRE;28.04.2005 00:00;;;;;;;;;;;;;;1.8;5.8;6.5;20.9;;;;;;;;;;;;;;;;27;;
PRE;29.04.2005 00:00;;;;;;;;;;;;;;1.1;4.3;4;15.5;;;;;;;;;;;;;;;;27;;
PRE;30.04.2005 00:00;;;;;;;;;;;;;;1.4;3.8;5;13.7;;;;;;;;;;;;;;;;34;;
PRE;01.05.2005 00:00;;;;;;;;;;;;;;1.9;7.8;6.8;28.1;;;;;;;;;;;;;;;;214;;
PRE;02.05.2005 00:00;;;;;;;;;;;;;;3;12.3;10.8;44.3;;;;;;;;;;;;;;;;237;;
PRE;03.05.2005 00:00;;;;;;;;;;;;;;2;9.8;7.2;35.3;;;;;;;;;;;;;;;;253;;
PRE;04.05.2005 00:00;;;;;;;;;;;;;;3.2;9.8;11.5;35.3;;;;;;;;;;;;;;;;247;;
PRE;05.05.2005 00:00;;;;;;;;;;;;;;2.1;12.7;7.6;45.7;;;;;;;;;;;;;;;;23;;
PRE;06.05.2005 00:00;;;;;;;;;;;;;;2.5;8.3;9;29.9;;;;;;;;;;;;;;;;238;;
PRE;07.05.2005 00:00;;;;;;;;;;;;;;3.9;10.7;14;38.5;;;;;;;;;;;;;;;;248;;
PRE;08.05.2005 00:00;;;;;;;;;;;;;;2.1;6.8;7.6;24.5;;;;;;;;;;;;;;;;90;;
PRE;09.05.2005 00:00;;;;;;;;;;;;;;2.5;7.6;9;27.4;;;;;;;;;;;;;;;;21;;
PRE;10.05.2005 00:00;;;;;;;;;;;;;;3.5;10.7;12.6;38.5;;;;;;;;;;;;;;;;23;;
PRE;11.05.2005 00:00;;;;;;;;;;;;;;6.2;14.3;22.3;51.5;;;;;;;;;;;;;;;;16;;
PRE;12.05.2005 00:00;;;;;;;;;;;;;;4.5;11;16.2;39.6;;;;;;;;;;;;;;;;8;;
PRE;13.05.2005 00:00;;;;;;;;;;;;;;2.7;8.8;9.7;31.7;;;;;;;;;;;;;;;;11;;
PRE;14.05.2005 00:00;;;;;;;;;;;;;;3;10.8;10.8;38.9;;;;;;;;;;;;;;;;242;;
PRE;15.05.2005 00:00;;;;;;;;;;;;;;1.9;4.7;6.8;16.9;;;;;;;;;;;;;;;;180;;
PRE;16.05.2005 00:00;;;;;;;;;;;;;;1.7;6.8;6.1;24.5;;;;;;;;;;;;;;;;315;;
PRE;17.05.2005 00:00;;;;;;;;;;;;;;3.8;14.2;13.7;51.1;;;;;;;;;;;;;;;;358;;
PRE;18.05.2005 00:00;;;;;;;;;;;;;;4;10.2;14.4;36.7;;;;;;;;;;;;;;;;9;;
PRE;19.05.2005 00:00;;;;;;;;;;;;;;2.2;6;7.9;21.6;;;;;;;;;;;;;;;;22;;
PRE;20.05.2005 00:00;;;;;;;;;;;;;;1.5;7;5.4;25.2;;;;;;;;;;;;;;;;14;;
PRE;21.05.2005 00:00;;;;;;;;;;;;;;1.6;11.7;5.8;42.1;;;;;;;;;;;;;;;;297;;
PRE;22.05.2005 00:00;;;;;;;;;;;;;;1.5;6.2;5.4;22.3;;;;;;;;;;;;;;;;45;;
PRE;23.05.2005 00:00;;;;;;;;;;;;;;1.4;4.5;5;16.2;;;;;;;;;;;;;;;;270;;
PRE;24.05.2005 00:00;;;;;;;;;;;;;;2;8.1;7.2;29.2;;;;;;;;;;;;;;;;18;;
PRE;25.05.2005 00:00;;;;;;;;;;;;;;2.3;10.3;8.3;37.1;;;;;;;;;;;;;;;;13;;
PRE;26.05.2005 00:00;;;;;;;;;;;;;;1.4;4;5;14.4;;;;;;;;;;;;;;;;360;;
PRE;27.05.2005 00:00;;;;;;;;;;;;;;1.5;6;5.4;21.6;;;;;;;;;;;;;;;;243;;
PRE;28.05.2005 00:00;;;;;;;;;;;;;;1.6;4.2;5.8;15.1;;;;;;;;;;;;;;;;249;;
PRE;29.05.2005 00:00;;;;;;;;;;;;;;1.9;6.1;6.8;22;;;;;;;;;;;;;;;;333;;
PRE;30.05.2005 00:00;;;;;;;;;;;;;;3.2;8.3;11.5;29.9;;;;;;;;;;;;;;;;255;;
PRE;31.05.2005 00:00;;;;;;;;;;;;;;4.8;10.8;17.3;38.9;;;;;;;;;;;;;;;;25;;
PRE;01.06.2005 00:00;;;;;;;;;;;;;;4.7;11.1;16.9;40;;;;;;;;;;;;;;;;25;;
PRE;02.06.2005 00:00;;;;;;;;;;;;;;2.3;7.1;8.3;25.6;;;;;;;;;;;;;;;;6;;
PRE;03.06.2005 00:00;;;;;;;;;;;;;;3.5;18.8;12.6;67.7;;;;;;;;;;;;;;;;247;;
PRE;04.06.2005 00:00;;;;;;;;;;;;;;4.7;11.5;16.9;41.4;;;;;;;;;;;;;;;;247;;
PRE;05.06.2005 00:00;;;;;;;;;;;;;;1.3;4.2;4.7;15.1;;;;;;;;;;;;;;;;315;;
PRE;06.06.2005 00:00;;;;;;;;;;;;;;1.2;6;4.3;21.6;;;;;;;;;;;;;;;;90;;
PRE;07.06.2005 00:00;;;;;;;;;;;;;;4.9;15;17.6;54;;;;;;;;;;;;;;;;33;;
PRE;08.06.2005 00:00;;;;;;;;;;;;;;8;16.7;28.8;60.1;;;;;;;;;;;;;;;;21;;
PRE;09.06.2005 00:00;;;;;;;;;;;;;;8.6;19.6;31;70.6;;;;;;;;;;;;;;;;21;;
PRE;10.06.2005 00:00;;;;;;;;;;;;;;4.6;15.3;16.6;55.1;;;;;;;;;;;;;;;;19;;
PRE;11.06.2005 00:00;;;;;;;;;;;;;;2.1;7.6;7.6;27.4;;;;;;;;;;;;;;;;248;;
PRE;12.06.2005 00:00;;;;;;;;;;;;;;3.2;12;11.5;43.2;;;;;;;;;;;;;;;;230;;
PRE;13.06.2005 00:00;;;;;;;;;;;;;;3.6;13.7;13;49.3;;;;;;;;;;;;;;;;232;;
PRE;14.06.2005 00:00;;;;;;;;;;;;;;2.2;8.1;7.9;29.2;;;;;;;;;;;;;;;;235;;
PRE;15.06.2005 00:00;;;;;;;;;;;;;;1.5;4.5;5.4;16.2;;;;;;;;;;;;;;;;234;;
PRE;16.06.2005 00:00;;;;;;;;;;;;;;1.9;7;6.8;25.2;;;;;;;;;;;;;;;;360;;
PRE;17.06.2005 00:00;;;;;;;;;;;;;;4.6;10.6;16.6;38.2;;;;;;;;;;;;;;;;24;;
PRE;18.06.2005 00:00;;;;;;;;;;;;;;5.8;13.1;20.9;47.2;;;;;;;;;;;;;;;;17;;
PRE;19.06.2005 00:00;;;;;;;;;;;;;;4.6;10.2;16.6;36.7;;;;;;;;;;;;;;;;14;;
PRE;20.06.2005 00:00;;;;;;;;;;;;;;2.1;8.3;7.6;29.9;;;;;;;;;;;;;;;;329;;
PRE;21.06.2005 00:00;;;;;;;;;;;;;;1.6;4.3;5.8;15.5;;;;;;;;;;;;;;;;259;;
PRE;22.06.2005 00:00;;;;;;;;;;;;;;2.5;10.2;9;36.7;;;;;;;;;;;;;;;;9;;
PRE;23.06.2005 00:00;;;;;;;;;;;;;;1.9;12;6.8;43.2;;;;;;;;;;;;;;;;360;;
PRE;24.06.2005 00:00;;;;;;;;;;;;;;2.2;17.3;7.9;62.3;;;;;;;;;;;;;;;;45;;
PRE;25.06.2005 00:00;;;;;;;;;;;;;;2;5.8;7.2;20.9;;;;;;;;;;;;;;;;27;;
PRE;26.06.2005 00:00;;;;;;;;;;;;;;2.5;8;9;28.8;;;;;;;;;;;;;;;;17;;
PRE;27.06.2005 00:00;;;;;;;;;;;;;;1.7;8.7;6.1;31.3;;;;;;;;;;;;;;;;360;;
PRE;28.06.2005 00:00;;;;;;;;;;;;;;1.7;5;6.1;18;;;;;;;;;;;;;;;;37;;
PRE;29.06.2005 00:00;;;;;;;;;;;;;;2.5;17;9;61.2;;;;;;;;;;;;;;;;254;;
PRE;30.06.2005 00:00;;;;;;;;;;;;;;3.1;9.6;11.2;34.6;;;;;;;;;;;;;;;;233;;
PRE;01.07.2005 00:00;;;;;;;;;;;;;;2.9;10.8;10.4;38.9;;;;;;;;;;;;;;;;230;;
PRE;02.07.2005 00:00;;;;;;;;;;;;;;2.1;6.5;7.6;23.4;;;;;;;;;;;;;;;;21;;
PRE;03.07.2005 00:00;;;;;;;;;;;;;;3.3;7.5;11.9;27;;;;;;;;;;;;;;;;18;;
PRE;04.07.2005 00:00;;;;;;;;;;;;;;2.6;14.3;9.4;51.5;;;;;;;;;;;;;;;;257;;
PRE;05.07.2005 00:00;;;;;;;;;;;;;;1.8;5;6.5;18;;;;;;;;;;;;;;;;180;;
PRE;06.07.2005 00:00;;;;;;;;;;;;;;4.2;12.2;15.1;43.9;;;;;;;;;;;;;;;;238;;
PRE;07.07.2005 00:00;;;;;;;;;;;;;;4.1;10.1;14.8;36.4;;;;;;;;;;;;;;;;233;;
PRE;08.07.2005 00:00;;;;;;;;;;;;;;3.8;10;13.7;36;;;;;;;;;;;;;;;;239;;
PRE;09.07.2005 00:00;;;;;;;;;;;;;;2.6;9.8;9.4;35.3;;;;;;;;;;;;;;;;22;;
PRE;10.07.2005 00:00;;;;;;;;;;;;;;6.3;18;22.7;64.8;;;;;;;;;;;;;;;;27;;
PRE;11.07.2005 00:00;;;;;;;;;;;;;;7.8;20.2;28.1;72.7;;;;;;;;;;;;;;;;25;;
PRE;12.07.2005 00:00;;;;;;;;;;;;;;7.8;17;28.1;61.2;;;;;;;;;;;;;;;;20;;
PRE;13.07.2005 00:00;;;;;;;;;;;;;;4.3;11.8;15.5;42.5;;;;;;;;;;;;;;;;31;;
PRE;14.07.2005 00:00;;;;;;;;;;;;;;1.9;5.5;6.8;19.8;;;;;;;;;;;;;;;;117;;
PRE;15.07.2005 00:00;;;;;;;;;;;;;;3;12.1;10.8;43.6;;;;;;;;;;;;;;;;235;;
PRE;16.07.2005 00:00;;;;;;;;;;;;;;2.7;11.5;9.7;41.4;;;;;;;;;;;;;;;;233;;
PRE;17.07.2005 00:00;;;;;;;;;;;;;;2.1;8.7;7.6;31.3;;;;;;;;;;;;;;;;36;;
PRE;18.07.2005 00:00;;;;;;;;;;;;;;2.8;16.1;10.1;58;;;;;;;;;;;;;;;;238;;
PRE;19.07.2005 00:00;;;;;;;;;;;;;;4.2;12;15.1;43.2;;;;;;;;;;;;;;;;241;;
PRE;20.07.2005 00:00;;;;;;;;;;;;;;2.6;11.8;9.4;42.5;;;;;;;;;;;;;;;;265;;
PRE;21.07.2005 00:00;;;;;;;;;;;;;;2.4;11.7;8.6;42.1;;;;;;;;;;;;;;;;255;;
PRE;22.07.2005 00:00;;;;;;;;;;;;;;2.5;9.7;9;34.9;;;;;;;;;;;;;;;;315;;
PRE;23.07.2005 00:00;;;;;;;;;;;;;;2.2;5.1;7.9;18.4;;;;;;;;;;;;;;;;292;;
PRE;24.07.2005 00:00;;;;;;;;;;;;;;1.6;4.6;5.8;16.6;;;;;;;;;;;;;;;;360;;
PRE;25.07.2005 00:00;;;;;;;;;;;;;;2.3;11.1;8.3;40;;;;;;;;;;;;;;;;247;;
PRE;26.07.2005 00:00;;;;;;;;;;;;;;1.9;6.7;6.8;24.1;;;;;;;;;;;;;;;;56;;
PRE;27.07.2005 00:00;;;;;;;;;;;;;;2.1;6.1;7.6;22;;;;;;;;;;;;;;;;180;;
PRE;28.07.2005 00:00;;;;;;;;;;;;;;1.7;4.5;6.1;16.2;;;;;;;;;;;;;;;;135;;
PRE;29.07.2005 00:00;;;;;;;;;;;;;;3.1;33.8;11.2;121.7;;;;;;;;;;;;;;;;253;;
PRE;30.07.2005 00:00;;;;;;;;;;;;;;2.2;10.5;7.9;37.8;;;;;;;;;;;;;;;;265;;
PRE;31.07.2005 00:00;;;;;;;;;;;;;;2.2;7.3;7.9;26.3;;;;;;;;;;;;;;;;18;;
PRE;01.08.2005 00:00;;;;;;;;;;;;;;2.4;7.8;8.6;28.1;;;;;;;;;;;;;;;;30;;
PRE;02.08.2005 00:00;;;;;;;;;;;;;;2.6;9.7;9.4;34.9;;;;;;;;;;;;;;;;20;;
PRE;03.08.2005 00:00;;;;;;;;;;;;;;2.2;7.8;7.9;28.1;;;;;;;;;;;;;;;;63;;
PRE;04.08.2005 00:00;;;;;;;;;;;;;;3.4;9.6;12.2;34.6;;;;;;;;;;;;;;;;28;;
PRE;05.08.2005 00:00;;;;;;;;;;;;;;2.4;9.7;8.6;34.9;;;;;;;;;;;;;;;;333;;
PRE;06.08.2005 00:00;;;;;;;;;;;;;;2.7;11.2;9.7;40.3;;;;;;;;;;;;;;;;24;;
PRE;07.08.2005 00:00;;;;;;;;;;;;;;2.3;9.8;8.3;35.3;;;;;;;;;;;;;;;;329;;
PRE;08.08.2005 00:00;;;;;;;;;;;;;;3.5;9;12.6;32.4;;;;;;;;;;;;;;;;39;;
PRE;09.08.2005 00:00;;;;;;;;;;;;;;2.5;8;9;28.8;;;;;;;;;;;;;;;;42;;
PRE;10.08.2005 00:00;;;;;;;;;;;;;;2.3;9.1;8.3;32.8;;;;;;;;;;;;;;;;18;;
PRE;11.08.2005 00:00;;;;;;;;;;;;;;3.6;9.2;13;33.1;;;;;;;;;;;;;;;;24;;
PRE;12.08.2005 00:00;;;;;;;;;;;;;;1.9;5;6.8;18;;;;;;;;;;;;;;;;45;;
PRE;13.08.2005 00:00;;;;;;;;;;;;;;1.9;5.3;6.8;19.1;;;;;;;;;;;;;;;;124;;
PRE;14.08.2005 00:00;;;;;;;;;;;;;;4.1;15.5;14.8;55.8;;;;;;;;;;;;;;;;240;;
PRE;15.08.2005 00:00;;;;;;;;;;;;;;1.8;7.2;6.5;25.9;;;;;;;;;;;;;;;;11;;
PRE;16.08.2005 00:00;;;;;;;;;;;;;;6.9;16.3;24.8;58.7;;;;;;;;;;;;;;;;27;;
PRE;17.08.2005 00:00;;;;;;;;;;;;;;3.6;10.1;13;36.4;;;;;;;;;;;;;;;;18;;
PRE;18.08.2005 00:00;;;;;;;;;;;;;;2.4;8.8;8.6;31.7;;;;;;;;;;;;;;;;243;;
PRE;19.08.2005 00:00;;;;;;;;;;;;;;2.4;9.5;8.6;34.2;;;;;;;;;;;;;;;;266;;
PRE;20.08.2005 00:00;;;;;;;;;;;;;;3;9.7;10.8;34.9;;;;;;;;;;;;;;;;34;;
PRE;21.08.2005 00:00;;;;;;;;;;;;;;4;14.2;14.4;51.1;;;;;;;;;;;;;;;;19;;
PRE;22.08.2005 00:00;;;;;;;;;;;;;;2;9;7.2;32.4;;;;;;;;;;;;;;;;290;;
PRE;23.08.2005 00:00;;;;;;;;;;;;;;1.7;6.8;6.1;24.5;;;;;;;;;;;;;;;;45;;
PRE;24.08.2005 00:00;;;;;;;;;;;;;;1.9;6.5;6.8;23.4;;;;;;;;;;;;;;;;214;;
PRE;25.08.2005 00:00;;;;;;;;;;;;;;4.6;14.3;16.6;51.5;;;;;;;;;;;;;;;;240;;
PRE;26.08.2005 00:00;;;;;;;;;;;;;;2;5.6;7.2;20.2;;;;;;;;;;;;;;;;270;;
PRE;27.08.2005 00:00;;;;;;;;;;;;;;1.8;6;6.5;21.6;;;;;;;;;;;;;;;;281;;
PRE;28.08.2005 00:00;;;;;;;;;;;;;;4.6;13.6;16.6;49;;;;;;;;;;;;;;;;22;;
PRE;29.08.2005 00:00;;;;;;;;;;;;;;2.2;7.2;7.9;25.9;;;;;;;;;;;;;;;;45;;
PRE;30.08.2005 00:00;;;;;;;;;;;;;;1.5;4.2;5.4;15.1;;;;;;;;;;;;;;;;214;;
PRE;31.08.2005 00:00;;;;;;;;;;;;;;1.4;3.8;5;13.7;;;;;;;;;;;;;;;;360;;
PRE;01.09.2005 00:00;;;;;;;;;;;;;;1.6;5.5;5.8;19.8;;;;;;;;;;;;;;;;45;;
PRE;02.09.2005 00:00;;;;;;;;;;;;;;2.8;9;10.1;32.4;;;;;;;;;;;;;;;;16;;
PRE;03.09.2005 00:00;;;;;;;;;;;;;;3.6;8.5;13;30.6;;;;;;;;;;;;;;;;7;;
PRE;04.09.2005 00:00;;;;;;;;;;;;;;3.3;10;11.9;36;;;;;;;;;;;;;;;;16;;
PRE;05.09.2005 00:00;;;;;;;;;;;;;;3.5;12.1;12.6;43.6;;;;;;;;;;;;;;;;234;;
PRE;06.09.2005 00:00;;;;;;;;;;;;;;3;10.7;10.8;38.5;;;;;;;;;;;;;;;;5;;
PRE;07.09.2005 00:00;;;;;;;;;;;;;;1.9;6.2;6.8;22.3;;;;;;;;;;;;;;;;240;;
PRE;08.09.2005 00:00;;;;;;;;;;;;;;2.2;7.3;7.9;26.3;;;;;;;;;;;;;;;;236;;
PRE;09.09.2005 00:00;;;;;;;;;;;;;;2.9;8.2;10.4;29.5;;;;;;;;;;;;;;;;229;;
PRE;10.09.2005 00:00;;;;;;;;;;;;;;2.2;10.3;7.9;37.1;;;;;;;;;;;;;;;;236;;
PRE;11.09.2005 00:00;;;;;;;;;;;;;;2.1;8.7;7.6;31.3;;;;;;;;;;;;;;;;260;;
PRE;12.09.2005 00:00;;;;;;;;;;;;;;2.5;8.7;9;31.3;;;;;;;;;;;;;;;;241;;
PRE;13.09.2005 00:00;;;;;;;;;;;;;;2.7;8.8;9.7;31.7;;;;;;;;;;;;;;;;18;;
PRE;14.09.2005 00:00;;;;;;;;;;;;;;1.9;7.1;6.8;25.6;;;;;;;;;;;;;;;;349;;
PRE;15.09.2005 00:00;;;;;;;;;;;;;;1.8;4.6;6.5;16.6;;;;;;;;;;;;;;;;301;;
PRE;16.09.2005 00:00;;;;;;;;;;;;;;3.5;15.7;12.6;56.5;;;;;;;;;;;;;;;;244;;
PRE;17.09.2005 00:00;;;;;;;;;;;;;;9;21.3;32.4;76.7;;;;;;;;;;;;;;;;28;;
PRE;18.09.2005 00:00;;;;;;;;;;;;;;9.7;21.3;34.9;76.7;;;;;;;;;;;;;;;;18;;
PRE;19.09.2005 00:00;;;;;;;;;;;;;;4.6;9.5;16.6;34.2;;;;;;;;;;;;;;;;12;;
PRE;20.09.2005 00:00;;;;;;;;;;;;;;5;12;18;43.2;;;;;;;;;;;;;;;;21;;
PRE;21.09.2005 00:00;;;;;;;;;;;;;;3.1;10.6;11.2;38.2;;;;;;;;;;;;;;;;41;;
PRE;22.09.2005 00:00;;;;;;;;;;;;;;1.6;5;5.8;18;;;;;;;;;;;;;;;;45;;
PRE;23.09.2005 00:00;;;;;;;;;;;;;;1.5;3.6;5.4;13;;;;;;;;;;;;;;;;360;;
PRE;24.09.2005 00:00;;;;;;;;;;;;;;1.3;3.3;4.7;11.9;;;;;;;;;;;;;;;;284;;
PRE;25.09.2005 00:00;;;;;;;;;;;;;;1.8;13.6;6.5;49;;;;;;;;;;;;;;;;261;;
PRE;26.09.2005 00:00;;;;;;;;;;;;;;1.4;5;5;18;;;;;;;;;;;;;;;;225;;
PRE;27.09.2005 00:00;;;;;;;;;;;;;;1.2;3.3;4.3;11.9;;;;;;;;;;;;;;;;315;;
PRE;28.09.2005 00:00;;;;;;;;;;;;;;1.4;6.2;5;22.3;;;;;;;;;;;;;;;;219;;
PRE;29.09.2005 00:00;;;;;;;;;;;;;;4.1;10.3;14.8;37.1;;;;;;;;;;;;;;;;244;;
PRE;30.09.2005 00:00;;;;;;;;;;;;;;1.7;5.3;6.1;19.1;;;;;;;;;;;;;;;;349;;
PRE;01.10.2005 00:00;;;;;;;;;;;;;;3.3;8.8;11.9;31.7;;;;;;;;;;;;;;;;242;;
PRE;02.10.2005 00:00;;;;;;;;;;;;;;2.8;11.8;10.1;42.5;;;;;;;;;;;;;;;;18;;
PRE;03.10.2005 00:00;;;;;;;;;;;;;;6.2;14.8;22.3;53.3;;;;;;;;;;;;;;;;14;;
PRE;04.10.2005 00:00;;;;;;;;;;;;;;3.1;11.6;11.2;41.8;;;;;;;;;;;;;;;;6;;
PRE;05.10.2005 00:00;;;;;;;;;;;;;;2.2;7.8;7.9;28.1;;;;;;;;;;;;;;;;11;;
PRE;06.10.2005 00:00;;;;;;;;;;;;;;1.8;4.8;6.5;17.3;;;;;;;;;;;;;;;;8;;
PRE;07.10.2005 00:00;;;;;;;;;;;;;;1.5;5.2;5.4;18.7;;;;;;;;;;;;;;;;333;;
PRE;08.10.2005 00:00;;;;;;;;;;;;;;1.4;4.2;5;15.1;;;;;;;;;;;;;;;;309;;
PRE;09.10.2005 00:00;;;;;;;;;;;;;;1.5;6.2;5.4;22.3;;;;;;;;;;;;;;;;329;;
PRE;10.10.2005 00:00;;;;;;;;;;;;;;1.1;3;4;10.8;;;;;;;;;;;;;;;;326;;
PRE;11.10.2005 00:00;;;;;;;;;;;;;;1.4;3.6;5;13;;;;;;;;;;;;;;;;342;;
PRE;12.10.2005 00:00;;;;;;;;;;;;;;1.3;3.6;4.7;13;;;;;;;;;;;;;;;;315;;
PRE;13.10.2005 00:00;;;;;;;;;;;;;;1.2;3.3;4.3;11.9;;;;;;;;;;;;;;;;338;;
PRE;14.10.2005 00:00;;;;;;;;;;;;;;2.9;10;10.4;36;;;;;;;;;;;;;;;;13;;
PRE;15.10.2005 00:00;;;;;;;;;;;;;;2.6;8.1;9.4;29.2;;;;;;;;;;;;;;;;9;;
PRE;16.10.2005 00:00;;;;;;;;;;;;;;3.1;8.6;11.2;31;;;;;;;;;;;;;;;;2;;
PRE;17.10.2005 00:00;;;;;;;;;;;;;;4.6;9.5;16.6;34.2;;;;;;;;;;;;;;;;12;;
PRE;18.10.2005 00:00;;;;;;;;;;;;;;3.7;7.7;13.3;27.7;;;;;;;;;;;;;;;;3;;
PRE;19.10.2005 00:00;;;;;;;;;;;;;;1.8;8.1;6.5;29.2;;;;;;;;;;;;;;;;345;;
PRE;20.10.2005 00:00;;;;;;;;;;;;;;1.4;3.8;5;13.7;;;;;;;;;;;;;;;;338;;
PRE;21.10.2005 00:00;;;;;;;;;;;;;;2.1;11.2;7.6;40.3;;;;;;;;;;;;;;;;229;;
PRE;22.10.2005 00:00;;;;;;;;;;;;;;2.7;9.5;9.7;34.2;;;;;;;;;;;;;;;;223;;
PRE;23.10.2005 00:00;;;;;;;;;;;;;;2.9;8.7;10.4;31.3;;;;;;;;;;;;;;;;242;;
PRE;24.10.2005 00:00;;;;;;;;;;;;;;1.1;4;4;14.4;;;;;;;;;;;;;;;;284;;
PRE;25.10.2005 00:00;;;;;;;;;;;;;;4.7;13;16.9;46.8;;;;;;;;;;;;;;;;233;;
PRE;26.10.2005 00:00;;;;;;;;;;;;;;1.1;6;4;21.6;;;;;;;;;;;;;;;;243;;
PRE;27.10.2005 00:00;;;;;;;;;;;;;;1.3;3;4.7;10.8;;;;;;;;;;;;;;;;333;;
PRE;28.10.2005 00:00;;;;;;;;;;;;;;1.2;3.5;4.3;12.6;;;;;;;;;;;;;;;;326;;
PRE;29.10.2005 00:00;;;;;;;;;;;;;;1.2;3.1;4.3;11.2;;;;;;;;;;;;;;;;338;;
PRE;30.10.2005 00:00;;;;;;;;;;;;;;1.5;4;5.4;14.4;;;;;;;;;;;;;;;;326;;
PRE;31.10.2005 00:00;;;;;;;;;;;;;;1.2;4.2;4.3;15.1;;;;;;;;;;;;;;;;297;;
PRE;01.11.2005 00:00;;;;;;;;;;;;;;2.3;10.6;8.3;38.2;;;;;;;;;;;;;;;;238;;
PRE;02.11.2005 00:00;;;;;;;;;;;;;;1;3.2;3.6;11.5;;;;;;;;;;;;;;;;333;;
PRE;03.11.2005 00:00;;;;;;;;;;;;;;1.2;4.1;4.3;14.8;;;;;;;;;;;;;;;;360;;
PRE;04.11.2005 00:00;;;;;;;;;;;;;;1.7;7.8;6.1;28.1;;;;;;;;;;;;;;;;238;;
PRE;05.11.2005 00:00;;;;;;;;;;;;;;3.1;10.3;11.2;37.1;;;;;;;;;;;;;;;;356;;
PRE;06.11.2005 00:00;;;;;;;;;;;;;;3.8;10.8;13.7;38.9;;;;;;;;;;;;;;;;14;;
PRE;07.11.2005 00:00;;;;;;;;;;;;;;1.4;5.6;5;20.2;;;;;;;;;;;;;;;;323;;
PRE;08.11.2005 00:00;;;;;;;;;;;;;;1.2;4.1;4.3;14.8;;;;;;;;;;;;;;;;346;;
PRE;09.11.2005 00:00;;;;;;;;;;;;;;1.5;5.8;5.4;20.9;;;;;;;;;;;;;;;;360;;
PRE;10.11.2005 00:00;;;;;;;;;;;;;;2.4;7.7;8.6;27.7;;;;;;;;;;;;;;;;24;;
PRE;11.11.2005 00:00;;;;;;;;;;;;;;1.6;5.7;5.8;20.5;;;;;;;;;;;;;;;;40;;
PRE;12.11.2005 00:00;;;;;;;;;;;;;;2.3;7.1;8.3;25.6;;;;;;;;;;;;;;;;357;;
PRE;13.11.2005 00:00;;;;;;;;;;;;;;4.7;13.5;16.9;48.6;;;;;;;;;;;;;;;;12;;
PRE;14.11.2005 00:00;;;;;;;;;;;;;;4.4;10.8;15.8;38.9;;;;;;;;;;;;;;;;5;;
PRE;15.11.2005 00:00;;;;;;;;;;;;;;1.8;5.7;6.5;20.5;;;;;;;;;;;;;;;;315;;
PRE;16.11.2005 00:00;;;;;;;;;;;;;;2.7;9.2;9.7;33.1;;;;;;;;;;;;;;;;278;;
PRE;17.11.2005 00:00;;;;;;;;;;;;;;4.4;12.1;15.8;43.6;;;;;;;;;;;;;;;;13;;
PRE;18.11.2005 00:00;;;;;;;;;;;;;;4.9;12.2;17.6;43.9;;;;;;;;;;;;;;;;15;;
PRE;19.11.2005 00:00;;;;;;;;;;;;;;6.5;14;23.4;50.4;;;;;;;;;;;;;;;;20;;
PRE;20.11.2005 00:00;;;;;;;;;;;;;;3;7.7;10.8;27.7;;;;;;;;;;;;;;;;10;;
PRE;21.11.2005 00:00;;;;;;;;;;;;;;5.5;15.7;19.8;56.5;;;;;;;;;;;;;;;;10;;
PRE;22.11.2005 00:00;;;;;;;;;;;;;;10.7;21.7;38.5;78.1;;;;;;;;;;;;;;;;13;;
PRE;23.11.2005 00:00;;;;;;;;;;;;;;11.7;24.8;42.1;89.3;;;;;;;;;;;;;;;;15;;
PRE;24.11.2005 00:00;;;;;;;;;;;;;;5.8;15.2;20.9;54.7;;;;;;;;;;;;;;;;325;;
PRE;25.11.2005 00:00;;;;;;;;;;;;;;6.4;15.6;23;56.2;;;;;;;;;;;;;;;;246;;
PRE;26.11.2005 00:00;;;;;;;;;;;;;;2;5;7.2;18;;;;;;;;;;;;;;;;274;;
PRE;27.11.2005 00:00;;;;;;;;;;;;;;4.3;9.6;15.5;34.6;;;;;;;;;;;;;;;;248;;
PRE;28.11.2005 00:00;;;;;;;;;;;;;;6.1;13.7;22;49.3;;;;;;;;;;;;;;;;249;;
PRE;29.11.2005 00:00;;;;;;;;;;;;;;2.5;8.5;9;30.6;;;;;;;;;;;;;;;;284;;
PRE;30.11.2005 00:00;;;;;;;;;;;;;;2.2;7.2;7.9;25.9;;;;;;;;;;;;;;;;357;;
PRE;01.12.2005 00:00;;;;;;;;;;;;;;1.7;5.3;6.1;19.1;;;;;;;;;;;;;;;;351;;
PRE;02.12.2005 00:00;;;;;;;;;;;;;;1.9;7.8;6.8;28.1;;;;;;;;;;;;;;;;338;;
PRE;03.12.2005 00:00;;;;;;;;;;;;;;3.6;14;13;50.4;;;;;;;;;;;;;;;;249;;
PRE;04.12.2005 00:00;;;;;;;;;;;;;;7.2;16.7;25.9;60.1;;;;;;;;;;;;;;;;244;;
PRE;05.12.2005 00:00;;;;;;;;;;;;;;3.8;10.6;13.7;38.2;;;;;;;;;;;;;;;;245;;
PRE;06.12.2005 00:00;;;;;;;;;;;;;;3.8;8.2;13.7;29.5;;;;;;;;;;;;;;;;243;;
PRE;07.12.2005 00:00;;;;;;;;;;;;;;4;8.3;14.4;29.9;;;;;;;;;;;;;;;;244;;
PRE;08.12.2005 00:00;;;;;;;;;;;;;;4.1;12.3;14.8;44.3;;;;;;;;;;;;;;;;245;;
PRE;09.12.2005 00:00;;;;;;;;;;;;;;6.8;18.3;24.5;65.9;;;;;;;;;;;;;;;;22;;
PRE;10.12.2005 00:00;;;;;;;;;;;;;;7.4;14.8;26.6;53.3;;;;;;;;;;;;;;;;20;;
PRE;11.12.2005 00:00;;;;;;;;;;;;;;7.1;17.7;25.6;63.7;;;;;;;;;;;;;;;;36;;
PRE;12.12.2005 00:00;;;;;;;;;;;;;;5.1;13.1;18.4;47.2;;;;;;;;;;;;;;;;30;;
PRE;13.12.2005 00:00;;;;;;;;;;;;;;6.6;16.7;23.8;60.1;;;;;;;;;;;;;;;;27;;
PRE;14.12.2005 00:00;;;;;;;;;;;;;;7.5;19.5;27;70.2;;;;;;;;;;;;;;;;18;;
PRE;15.12.2005 00:00;;;;;;;;;;;;;;4.1;13.7;14.8;49.3;;;;;;;;;;;;;;;;16;;
PRE;16.12.2005 00:00;;;;;;;;;;;;;;7;14;25.2;50.4;;;;;;;;;;;;;;;;252;;
PRE;17.12.2005 00:00;;;;;;;;;;;;;;2.8;11.7;10.1;42.1;;;;;;;;;;;;;;;;285;;
PRE;18.12.2005 00:00;;;;;;;;;;;;;;1.8;7.5;6.5;27;;;;;;;;;;;;;;;;340;;
PRE;19.12.2005 00:00;;;;;;;;;;;;;;1.7;4.5;6.1;16.2;;;;;;;;;;;;;;;;274;;
PRE;20.12.2005 00:00;;;;;;;;;;;;;;4;10.6;14.4;38.2;;;;;;;;;;;;;;;;6;;
PRE;21.12.2005 00:00;;;;;;;;;;;;;;4.3;9.5;15.5;34.2;;;;;;;;;;;;;;;;13;;
PRE;22.12.2005 00:00;;;;;;;;;;;;;;2.8;8;10.1;28.8;;;;;;;;;;;;;;;;5;;
PRE;23.12.2005 00:00;;;;;;;;;;;;;;1.6;4.3;5.8;15.5;;;;;;;;;;;;;;;;14;;
PRE;24.12.2005 00:00;;;;;;;;;;;;;;1.8;4.7;6.5;16.9;;;;;;;;;;;;;;;;360;;
PRE;25.12.2005 00:00;;;;;;;;;;;;;;3.3;8.5;11.9;30.6;;;;;;;;;;;;;;;;15;;
PRE;26.12.2005 00:00;;;;;;;;;;;;;;2.5;8.2;9;29.5;;;;;;;;;;;;;;;;20;;
PRE;27.12.2005 00:00;;;;;;;;;;;;;;3.3;9.3;11.9;33.5;;;;;;;;;;;;;;;;272;;
PRE;28.12.2005 00:00;;;;;;;;;;;;;;2.4;5.8;8.6;20.9;;;;;;;;;;;;;;;;279;;
PRE;29.12.2005 00:00;;;;;;;;;;;;;;3.1;7.3;11.2;26.3;;;;;;;;;;;;;;;;268;;
PRE;30.12.2005 00:00;;;;;;;;;;;;;;3.4;14.8;12.2;53.3;;;;;;;;;;;;;;;;293;;
PRE;31.12.2005 00:00;;;;;;;;;;;;;;5.3;14.1;19.1;50.8;;;;;;;;;;;;;;;;238;;
PRE;01.01.2006 00:00;;;;;;;;;;;;;;5.2;12.1;18.7;43.6;;;;;;;;;;;;;;;;243;;
PRE;02.01.2006 00:00;;;;;;;;;;;;;;4.1;12.6;14.8;45.4;;;;;;;;;;;;;;;;5;;
PRE;03.01.2006 00:00;;;;;;;;;;;;;;6.5;15;23.4;54;;;;;;;;;;;;;;;;19;;
PRE;04.01.2006 00:00;;;;;;;;;;;;;;5.7;14.5;20.5;52.2;;;;;;;;;;;;;;;;17;;
PRE;05.01.2006 00:00;;;;;;;;;;;;;;3.2;7.6;11.5;27.4;;;;;;;;;;;;;;;;7;;
PRE;06.01.2006 00:00;;;;;;;;;;;;;;4.8;10.7;17.3;38.5;;;;;;;;;;;;;;;;5;;
PRE;07.01.2006 00:00;;;;;;;;;;;;;;4;8.3;14.4;29.9;;;;;;;;;;;;;;;;3;;
PRE;08.01.2006 00:00;;;;;;;;;;;;;;3.5;7.1;12.6;25.6;;;;;;;;;;;;;;;;355;;
PRE;09.01.2006 00:00;;;;;;;;;;;;;;2.1;4.3;7.6;15.5;;;;;;;;;;;;;;;;351;;
PRE;10.01.2006 00:00;;;;;;;;;;;;;;2.3;6.8;8.3;24.5;;;;;;;;;;;;;;;;341;;
PRE;11.01.2006 00:00;;;;;;;;;;;;;;1.8;5.2;6.5;18.7;;;;;;;;;;;;;;;;331;;
PRE;12.01.2006 00:00;;;;;;;;;;;;;;2.7;7.1;9.7;25.6;;;;;;;;;;;;;;;;7;;
PRE;13.01.2006 00:00;;;;;;;;;;;;;;2.4;6.7;8.6;24.1;;;;;;;;;;;;;;;;352;;
PRE;14.01.2006 00:00;;;;;;;;;;;;;;2.1;5;7.6;18;;;;;;;;;;;;;;;;12;;
PRE;15.01.2006 00:00;;;;;;;;;;;;;;2.5;7.5;9;27;;;;;;;;;;;;;;;;355;;
PRE;16.01.2006 00:00;;;;;;;;;;;;;;2;6.2;7.2;22.3;;;;;;;;;;;;;;;;349;;
PRE;17.01.2006 00:00;;;;;;;;;;;;;;5.5;15;19.8;54;;;;;;;;;;;;;;;;237;;
PRE;18.01.2006 00:00;;;;;;;;;;;;;;3.8;11.5;13.7;41.4;;;;;;;;;;;;;;;;243;;
PRE;19.01.2006 00:00;;;;;;;;;;;;;;3.6;10.6;13;38.2;;;;;;;;;;;;;;;;5;;
PRE;20.01.2006 00:00;;;;;;;;;;;;;;1.9;6.1;6.8;22;;;;;;;;;;;;;;;;252;;
PRE;21.01.2006 00:00;;;;;;;;;;;;;;2.3;8.2;8.3;29.5;;;;;;;;;;;;;;;;346;;
PRE;22.01.2006 00:00;;;;;;;;;;;;;;6.3;18.6;22.7;67;;;;;;;;;;;;;;;;20;;
PRE;23.01.2006 00:00;;;;;;;;;;;;;;7.5;15.3;27;55.1;;;;;;;;;;;;;;;;26;;
PRE;24.01.2006 00:00;;;;;;;;;;;;;;3.5;9.2;12.6;33.1;;;;;;;;;;;;;;;;358;;
PRE;25.01.2006 00:00;;;;;;;;;;;;;;2;6.3;7.2;22.7;;;;;;;;;;;;;;;;254;;
PRE;26.01.2006 00:00;;;;;;;;;;;;;;2.2;8.8;7.9;31.7;;;;;;;;;;;;;;;;360;;
PRE;27.01.2006 00:00;;;;;;;;;;;;;;4.8;10.2;17.3;36.7;;;;;;;;;;;;;;;;13;;
PRE;28.01.2006 00:00;;;;;;;;;;;;;;5.1;12.6;18.4;45.4;;;;;;;;;;;;;;;;13;;
PRE;29.01.2006 00:00;;;;;;;;;;;;;;4.7;11.3;16.9;40.7;;;;;;;;;;;;;;;;12;;
PRE;30.01.2006 00:00;;;;;;;;;;;;;;5.3;11.2;19.1;40.3;;;;;;;;;;;;;;;;12;;
PRE;31.01.2006 00:00;;;;;;;;;;;;;;3;8.3;10.8;29.9;;;;;;;;;;;;;;;;8;;
PRE;01.02.2006 00:00;;;;;;;;;;;;;;1.6;4.1;5.8;14.8;;;;;;;;;;;;;;;;343;;
PRE;02.02.2006 00:00;;;;;;;;;;;;;;2.9;6.7;10.4;24.1;;;;;;;;;;;;;;;;356;;
PRE;03.02.2006 00:00;;;;;;;;;;;;;;4.8;11;17.3;39.6;;;;;;;;;;;;;;;;2;;
PRE;04.02.2006 00:00;;;;;;;;;;;;;;6.7;13.5;24.1;48.6;;;;;;;;;;;;;;;;16;;
PRE;05.02.2006 00:00;;;;;;;;;;;;;;5.8;14.3;20.9;51.5;;;;;;;;;;;;;;;;39;;
PRE;06.02.2006 00:00;;;;;;;;;;;;;;4.7;12.5;16.9;45;;;;;;;;;;;;;;;;21;;
PRE;07.02.2006 00:00;;;;;;;;;;;;;;1.5;5.3;5.4;19.1;;;;;;;;;;;;;;;;291;;
PRE;08.02.2006 00:00;;;;;;;;;;;;;;4.6;13.6;16.6;49;;;;;;;;;;;;;;;;243;;
PRE;09.02.2006 00:00;;;;;;;;;;;;;;4;11.1;14.4;40;;;;;;;;;;;;;;;;253;;
PRE;10.02.2006 00:00;;;;;;;;;;;;;;3.2;9;11.5;32.4;;;;;;;;;;;;;;;;16;;
PRE;11.02.2006 00:00;;;;;;;;;;;;;;4.6;10.5;16.6;37.8;;;;;;;;;;;;;;;;25;;
PRE;12.02.2006 00:00;;;;;;;;;;;;;;2.2;6.7;7.9;24.1;;;;;;;;;;;;;;;;3;;
PRE;13.02.2006 00:00;;;;;;;;;;;;;;2;7.3;7.2;26.3;;;;;;;;;;;;;;;;356;;
PRE;14.02.2006 00:00;;;;;;;;;;;;;;0.8;2.8;2.9;10.1;;;;;;;;;;;;;;;;360;;
PRE;15.02.2006 00:00;;;;;;;;;;;;;;5.7;16.6;20.5;59.8;;;;;;;;;;;;;;;;240;;
PRE;16.02.2006 00:00;;;;;;;;;;;;;;7.8;19;28.1;68.4;;;;;;;;;;;;;;;;239;;
PRE;17.02.2006 00:00;;;;;;;;;;;;;;7.6;20.3;27.4;73.1;;;;;;;;;;;;;;;;236;;
PRE;18.02.2006 00:00;;;;;;;;;;;;;;6.1;17.6;22;63.4;;;;;;;;;;;;;;;;236;;
PRE;19.02.2006 00:00;;;;;;;;;;;;;;3.8;13.8;13.7;49.7;;;;;;;;;;;;;;;;351;;
PRE;20.02.2006 00:00;;;;;;;;;;;;;;1.6;6.3;5.8;22.7;;;;;;;;;;;;;;;;236;;
PRE;21.02.2006 00:00;;;;;;;;;;;;;;2.2;6.6;7.9;23.8;;;;;;;;;;;;;;;;18;;
PRE;22.02.2006 00:00;;;;;;;;;;;;;;4.6;9.2;16.6;33.1;;;;;;;;;;;;;;;;9;;
PRE;23.02.2006 00:00;;;;;;;;;;;;;;4.1;10.6;14.8;38.2;;;;;;;;;;;;;;;;7;;
PRE;24.02.2006 00:00;;;;;;;;;;;;;;5.4;10.5;19.4;37.8;;;;;;;;;;;;;;;;11;;
PRE;25.02.2006 00:00;;;;;;;;;;;;;;1.9;7.3;6.8;26.3;;;;;;;;;;;;;;;;9;;
PRE;26.02.2006 00:00;;;;;;;;;;;;;;4.5;12.2;16.2;43.9;;;;;;;;;;;;;;;;13;;
PRE;27.02.2006 00:00;;;;;;;;;;;;;;6.7;15.3;24.1;55.1;;;;;;;;;;;;;;;;19;;
PRE;28.02.2006 00:00;;;;;;;;;;;;;;5;12.2;18;43.9;;;;;;;;;;;;;;;;249;;
PRE;01.03.2006 00:00;;;;;;;;;;;;;;4.6;16.7;16.6;60.1;;;;;;;;;;;;;;;;249;;
PRE;02.03.2006 00:00;;;;;;;;;;;;;;4.9;14;17.6;50.4;;;;;;;;;;;;;;;;241;;
PRE;03.03.2006 00:00;;;;;;;;;;;;;;8.5;22.8;30.6;82.1;;;;;;;;;;;;;;;;237;;
PRE;04.03.2006 00:00;;;;;;;;;;;;;;8.6;23.6;31;85;;;;;;;;;;;;;;;;246;;
PRE;05.03.2006 00:00;;;;;;;;;;;;;;5;15.2;18;54.7;;;;;;;;;;;;;;;;24;;
PRE;06.03.2006 00:00;;;;;;;;;;;;;;1.7;5.7;6.1;20.5;;;;;;;;;;;;;;;;265;;
PRE;07.03.2006 00:00;;;;;;;;;;;;;;2.2;9.7;7.9;34.9;;;;;;;;;;;;;;;;275;;
PRE;08.03.2006 00:00;;;;;;;;;;;;;;3.8;13.2;13.7;47.5;;;;;;;;;;;;;;;;233;;
PRE;09.03.2006 00:00;;;;;;;;;;;;;;8.1;18.5;29.2;66.6;;;;;;;;;;;;;;;;235;;
PRE;10.03.2006 00:00;;;;;;;;;;;;;;5.8;17.7;20.9;63.7;;;;;;;;;;;;;;;;235;;
PRE;11.03.2006 00:00;;;;;;;;;;;;;;4.5;10.3;16.2;37.1;;;;;;;;;;;;;;;;238;;
PRE;12.03.2006 00:00;;;;;;;;;;;;;;6.6;19;23.8;68.4;;;;;;;;;;;;;;;;26;;
PRE;13.03.2006 00:00;;;;;;;;;;;;;;8.5;19.3;30.6;69.5;;;;;;;;;;;;;;;;29;;
PRE;14.03.2006 00:00;;;;;;;;;;;;;;4.7;12.8;16.9;46.1;;;;;;;;;;;;;;;;38;;
PRE;15.03.2006 00:00;;;;;;;;;;;;;;3.4;8.3;12.2;29.9;;;;;;;;;;;;;;;;21;;
PRE;16.03.2006 00:00;;;;;;;;;;;;;;4.6;10.7;16.6;38.5;;;;;;;;;;;;;;;;25;;
PRE;17.03.2006 00:00;;;;;;;;;;;;;;4;9.7;14.4;34.9;;;;;;;;;;;;;;;;17;;
PRE;18.03.2006 00:00;;;;;;;;;;;;;;5.4;11.7;19.4;42.1;;;;;;;;;;;;;;;;21;;
PRE;19.03.2006 00:00;;;;;;;;;;;;;;2.8;8.2;10.1;29.5;;;;;;;;;;;;;;;;11;;
PRE;20.03.2006 00:00;;;;;;;;;;;;;;1.2;3.5;4.3;12.6;;;;;;;;;;;;;;;;18;;
PRE;21.03.2006 00:00;;;;;;;;;;;;;;1;3.1;3.6;11.2;;;;;;;;;;;;;;;;315;;
PRE;22.03.2006 00:00;;;;;;;;;;;;;;1.4;5.8;5;20.9;;;;;;;;;;;;;;;;225;;
PRE;23.03.2006 00:00;;;;;;;;;;;;;;2.9;12.2;10.4;43.9;;;;;;;;;;;;;;;;21;;
PRE;24.03.2006 00:00;;;;;;;;;;;;;;2.5;8.1;9;29.2;;;;;;;;;;;;;;;;297;;
PRE;25.03.2006 00:00;;;;;;;;;;;;;;4.9;13;17.6;46.8;;;;;;;;;;;;;;;;238;;
PRE;26.03.2006 00:00;;;;;;;;;;;;;;1.4;4.6;5;16.6;;;;;;;;;;;;;;;;83;;
PRE;27.03.2006 00:00;;;;;;;;;;;;;;3.8;13.2;13.7;47.5;;;;;;;;;;;;;;;;235;;
PRE;28.03.2006 00:00;;;;;;;;;;;;;;3.2;13;11.5;46.8;;;;;;;;;;;;;;;;223;;
PRE;29.03.2006 00:00;;;;;;;;;;;;;;4.5;11.1;16.2;40;;;;;;;;;;;;;;;;237;;
PRE;30.03.2006 00:00;;;;;;;;;;;;;;3.3;12.3;11.9;44.3;;;;;;;;;;;;;;;;228;;
PRE;31.03.2006 00:00;;;;;;;;;;;;;;2.8;10.8;10.1;38.9;;;;;;;;;;;;;;;;239;;
PRE;01.04.2006 00:00;;;;;;;;;;;;;;2.4;9.8;8.6;35.3;;;;;;;;;;;;;;;;245;;
PRE;02.04.2006 00:00;;;;;;;;;;;;;;2;12.3;7.2;44.3;;;;;;;;;;;;;;;;243;;
PRE;03.04.2006 00:00;;;;;;;;;;;;;;3.7;13.1;13.3;47.2;;;;;;;;;;;;;;;;247;;
PRE;04.04.2006 00:00;;;;;;;;;;;;;;1.5;5.3;5.4;19.1;;;;;;;;;;;;;;;;0;;
PRE;05.04.2006 00:00;;;;;;;;;;;;;;6;13.1;21.6;47.2;;;;;;;;;;;;;;;;13;;
PRE;06.04.2006 00:00;;;;;;;;;;;;;;6.5;15.1;23.4;54.4;;;;;;;;;;;;;;;;28;;
PRE;07.04.2006 00:00;;;;;;;;;;;;;;2.1;7.2;7.6;25.9;;;;;;;;;;;;;;;;6;;
PRE;08.04.2006 00:00;;;;;;;;;;;;;;3.8;12.7;13.7;45.7;;;;;;;;;;;;;;;;234;;
PRE;09.04.2006 00:00;;;;;;;;;;;;;;3.9;11.7;14;42.1;;;;;;;;;;;;;;;;351;;
PRE;10.04.2006 00:00;;;;;;;;;;;;;;2.5;9.6;9;34.6;;;;;;;;;;;;;;;;15;;
PRE;11.04.2006 00:00;;;;;;;;;;;;;;3.8;12.7;13.7;45.7;;;;;;;;;;;;;;;;36;;
PRE;12.04.2006 00:00;;;;;;;;;;;;;;2;8.1;7.2;29.2;;;;;;;;;;;;;;;;216;;
PRE;13.04.2006 00:00;;;;;;;;;;;;;;2.4;8.2;8.6;29.5;;;;;;;;;;;;;;;;247;;
PRE;14.04.2006 00:00;;;;;;;;;;;;;;1.5;8.5;5.4;30.6;;;;;;;;;;;;;;;;72;;
PRE;15.04.2006 00:00;;;;;;;;;;;;;;2.5;10.3;9;37.1;;;;;;;;;;;;;;;;301;;
PRE;16.04.2006 00:00;;;;;;;;;;;;;;4.5;11.6;16.2;41.8;;;;;;;;;;;;;;;;243;;
PRE;17.04.2006 00:00;;;;;;;;;;;;;;2;6.5;7.2;23.4;;;;;;;;;;;;;;;;8;;
PRE;18.04.2006 00:00;;;;;;;;;;;;;;3.8;9.2;13.7;33.1;;;;;;;;;;;;;;;;22;;
PRE;19.04.2006 00:00;;;;;;;;;;;;;;1.8;4.8;6.5;17.3;;;;;;;;;;;;;;;;270;;
PRE;20.04.2006 00:00;;;;;;;;;;;;;;1.3;3.6;4.7;13;;;;;;;;;;;;;;;;315;;
PRE;21.04.2006 00:00;;;;;;;;;;;;;;1.6;5.2;5.8;18.7;;;;;;;;;;;;;;;;281;;
PRE;22.04.2006 00:00;;;;;;;;;;;;;;1.4;4.6;5;16.6;;;;;;;;;;;;;;;;207;;
PRE;23.04.2006 00:00;;;;;;;;;;;;;;1.7;5.8;6.1;20.9;;;;;;;;;;;;;;;;37;;
PRE;24.04.2006 00:00;;;;;;;;;;;;;;1.8;15.8;6.5;56.9;;;;;;;;;;;;;;;;90;;
PRE;25.04.2006 00:00;;;;;;;;;;;;;;1.6;5.5;5.8;19.8;;;;;;;;;;;;;;;;360;;
PRE;26.04.2006 00:00;;;;;;;;;;;;;;1.4;6.7;5;24.1;;;;;;;;;;;;;;;;90;;
PRE;27.04.2006 00:00;;;;;;;;;;;;;;3.9;12.1;14;43.6;;;;;;;;;;;;;;;;30;;
PRE;28.04.2006 00:00;;;;;;;;;;;;;;5.6;13.8;20.2;49.7;;;;;;;;;;;;;;;;23;;
PRE;29.04.2006 00:00;;;;;;;;;;;;;;4.3;11.2;15.5;40.3;;;;;;;;;;;;;;;;6;;
PRE;30.04.2006 00:00;;;;;;;;;;;;;;2.6;9.8;9.4;35.3;;;;;;;;;;;;;;;;45;;
PRE;01.05.2006 00:00;;;;;;;;;;;;;;1.2;4;4.3;14.4;;;;;;;;;;;;;;;;45;;
PRE;02.05.2006 00:00;;;;;;;;;;;;;;1.7;5;6.1;18;;;;;;;;;;;;;;;;69;;
PRE;03.05.2006 00:00;;;;;;;;;;;;;;1.9;5.6;6.8;20.2;;;;;;;;;;;;;;;;270;;
PRE;04.05.2006 00:00;;;;;;;;;;;;;;1.4;4.7;5;16.9;;;;;;;;;;;;;;;;243;;
PRE;05.05.2006 00:00;;;;;;;;;;;;;;1.8;12.2;6.5;43.9;;;;;;;;;;;;;;;;307;;
PRE;06.05.2006 00:00;;;;;;;;;;;;;;1;4.1;3.6;14.8;;;;;;;;;;;;;;;;153;;
PRE;07.05.2006 00:00;;;;;;;;;;;;;;1.3;6.7;4.7;24.1;;;;;;;;;;;;;;;;82;;
PRE;08.05.2006 00:00;;;;;;;;;;;;;;3.3;15.2;11.9;54.7;;;;;;;;;;;;;;;;230;;
PRE;09.05.2006 00:00;;;;;;;;;;;;;;2.8;8.5;10.1;30.6;;;;;;;;;;;;;;;;225;;
PRE;10.05.2006 00:00;;;;;;;;;;;;;;1.5;5.1;5.4;18.4;;;;;;;;;;;;;;;;27;;
PRE;11.05.2006 00:00;;;;;;;;;;;;;;1.6;7.5;5.8;27;;;;;;;;;;;;;;;;360;;
PRE;12.05.2006 00:00;;;;;;;;;;;;;;2.1;17.8;7.6;64.1;;;;;;;;;;;;;;;;225;;
PRE;13.05.2006 00:00;;;;;;;;;;;;;;3.1;10.7;11.2;38.5;;;;;;;;;;;;;;;;230;;
PRE;14.05.2006 00:00;;;;;;;;;;;;;;1.7;6.5;6.1;23.4;;;;;;;;;;;;;;;;333;;
PRE;15.05.2006 00:00;;;;;;;;;;;;;;1.9;7.7;6.8;27.7;;;;;;;;;;;;;;;;180;;
PRE;16.05.2006 00:00;;;;;;;;;;;;;;2.4;15.2;8.6;54.7;;;;;;;;;;;;;;;;236;;
PRE;17.05.2006 00:00;;;;;;;;;;;;;;1.2;3.2;4.3;11.5;;;;;;;;;;;;;;;;63;;
PRE;18.05.2006 00:00;;;;;;;;;;;;;;2.7;17.1;9.7;61.6;;;;;;;;;;;;;;;;245;;
PRE;19.05.2006 00:00;;;;;;;;;;;;;;4.5;13.8;16.2;49.7;;;;;;;;;;;;;;;;240;;
PRE;20.05.2006 00:00;;;;;;;;;;;;;;6.3;14;22.7;50.4;;;;;;;;;;;;;;;;243;;
PRE;21.05.2006 00:00;;;;;;;;;;;;;;3.6;11.5;13;41.4;;;;;;;;;;;;;;;;237;;
PRE;22.05.2006 00:00;;;;;;;;;;;;;;3.5;17.7;12.6;63.7;;;;;;;;;;;;;;;;255;;
PRE;23.05.2006 00:00;;;;;;;;;;;;;;2.9;7.3;10.4;26.3;;;;;;;;;;;;;;;;240;;
PRE;24.05.2006 00:00;;;;;;;;;;;;;;2.2;8.2;7.9;29.5;;;;;;;;;;;;;;;;257;;
PRE;25.05.2006 00:00;;;;;;;;;;;;;;4.1;11.2;14.8;40.3;;;;;;;;;;;;;;;;237;;
PRE;26.05.2006 00:00;;;;;;;;;;;;;;3.6;11;13;39.6;;;;;;;;;;;;;;;;243;;
PRE;27.05.2006 00:00;;;;;;;;;;;;;;2.3;6.5;8.3;23.4;;;;;;;;;;;;;;;;239;;
PRE;28.05.2006 00:00;;;;;;;;;;;;;;4.2;10.8;15.1;38.9;;;;;;;;;;;;;;;;247;;
PRE;29.05.2006 00:00;;;;;;;;;;;;;;3.6;16.8;13;60.5;;;;;;;;;;;;;;;;262;;
PRE;30.05.2006 00:00;;;;;;;;;;;;;;1.8;9.6;6.5;34.6;;;;;;;;;;;;;;;;270;;
PRE;31.05.2006 00:00;;;;;;;;;;;;;;3.5;11.7;12.6;42.1;;;;;;;;;;;;;;;;27;;
PRE;01.06.2006 00:00;;;;;;;;;;;;;;2.6;11;9.4;39.6;;;;;;;;;;;;;;;;11;;
PRE;02.06.2006 00:00;;;;;;;;;;;;;;6.7;16;24.1;57.6;;;;;;;;;;;;;;;;25;;
PRE;03.06.2006 00:00;;;;;;;;;;;;;;7.5;18.3;27;65.9;;;;;;;;;;;;;;;;20;;
PRE;04.06.2006 00:00;;;;;;;;;;;;;;3.4;8.7;12.2;31.3;;;;;;;;;;;;;;;;32;;
PRE;05.06.2006 00:00;;;;;;;;;;;;;;4;11.2;14.4;40.3;;;;;;;;;;;;;;;;29;;
PRE;06.06.2006 00:00;;;;;;;;;;;;;;3.1;11.2;11.2;40.3;;;;;;;;;;;;;;;;32;;
PRE;07.06.2006 00:00;;;;;;;;;;;;;;5.6;12.2;20.2;43.9;;;;;;;;;;;;;;;;16;;
PRE;08.06.2006 00:00;;;;;;;;;;;;;;3.6;11.7;13;42.1;;;;;;;;;;;;;;;;21;;
PRE;09.06.2006 00:00;;;;;;;;;;;;;;4;9.3;14.4;33.5;;;;;;;;;;;;;;;;17;;
PRE;10.06.2006 00:00;;;;;;;;;;;;;;2.8;8.6;10.1;31;;;;;;;;;;;;;;;;347;;
PRE;11.06.2006 00:00;;;;;;;;;;;;;;4.9;11.5;17.6;41.4;;;;;;;;;;;;;;;;15;;
PRE;12.06.2006 00:00;;;;;;;;;;;;;;1.6;5.5;5.8;19.8;;;;;;;;;;;;;;;;225;;
PRE;13.06.2006 00:00;;;;;;;;;;;;;;1.6;5.1;5.8;18.4;;;;;;;;;;;;;;;;225;;
PRE;14.06.2006 00:00;;;;;;;;;;;;;;1.4;4.5;5;16.2;;;;;;;;;;;;;;;;236;;
PRE;15.06.2006 00:00;;;;;;;;;;;;;;2;7.2;7.2;25.9;;;;;;;;;;;;;;;;239;;
PRE;16.06.2006 00:00;;;;;;;;;;;;;;1.9;9.2;6.8;33.1;;;;;;;;;;;;;;;;214;;
PRE;17.06.2006 00:00;;;;;;;;;;;;;;2.1;14.6;7.6;52.6;;;;;;;;;;;;;;;;99;;
PRE;18.06.2006 00:00;;;;;;;;;;;;;;2.1;17.3;7.6;62.3;;;;;;;;;;;;;;;;279;;
PRE;19.06.2006 00:00;;;;;;;;;;;;;;2;6.2;7.2;22.3;;;;;;;;;;;;;;;;32;;
PRE;20.06.2006 00:00;;;;;;;;;;;;;;1.8;5.5;6.5;19.8;;;;;;;;;;;;;;;;45;;
PRE;21.06.2006 00:00;;;;;;;;;;;;;;4;12.6;14.4;45.4;;;;;;;;;;;;;;;;236;;
PRE;22.06.2006 00:00;;;;;;;;;;;;;;2.2;6.5;7.9;23.4;;;;;;;;;;;;;;;;250;;
PRE;23.06.2006 00:00;;;;;;;;;;;;;;2.9;9;10.4;32.4;;;;;;;;;;;;;;;;17;;
PRE;24.06.2006 00:00;;;;;;;;;;;;;;2.1;18.5;7.6;66.6;;;;;;;;;;;;;;;;68;;
PRE;25.06.2006 00:00;;;;;;;;;;;;;;2;8.1;7.2;29.2;;;;;;;;;;;;;;;;225;;
PRE;26.06.2006 00:00;;;;;;;;;;;;;;1.9;6.6;6.8;23.8;;;;;;;;;;;;;;;;27;;
PRE;27.06.2006 00:00;;;;;;;;;;;;;;2.2;14;7.9;50.4;;;;;;;;;;;;;;;;270;;
PRE;28.06.2006 00:00;;;;;;;;;;;;;;1.8;13;6.5;46.8;;;;;;;;;;;;;;;;214;;
PRE;29.06.2006 00:00;;;;;;;;;;;;;;2.5;7.6;9;27.4;;;;;;;;;;;;;;;;27;;
PRE;30.06.2006 00:00;;;;;;;;;;;;;;4.3;9.6;15.5;34.6;;;;;;;;;;;;;;;;25;;
PRE;01.07.2006 00:00;;;;;;;;;;;;;;5;11.8;18;42.5;;;;;;;;;;;;;;;;23;;
PRE;02.07.2006 00:00;;;;;;;;;;;;;;3.6;8.8;13;31.7;;;;;;;;;;;;;;;;22;;
PRE;03.07.2006 00:00;;;;;;;;;;;;;;2.8;8.6;10.1;31;;;;;;;;;;;;;;;;45;;
PRE;04.07.2006 00:00;;;;;;;;;;;;;;1.6;5.1;5.8;18.4;;;;;;;;;;;;;;;;11;;
PRE;05.07.2006 00:00;;;;;;;;;;;;;;3.1;14;11.2;50.4;;;;;;;;;;;;;;;;329;;
PRE;06.07.2006 00:00;;;;;;;;;;;;;;2.5;7.5;9;27;;;;;;;;;;;;;;;;286;;
PRE;07.07.2006 00:00;;;;;;;;;;;;;;1.6;6.1;5.8;22;;;;;;;;;;;;;;;;288;;
PRE;08.07.2006 00:00;;;;;;;;;;;;;;2;7;7.2;25.2;;;;;;;;;;;;;;;;360;;
PRE;09.07.2006 00:00;;;;;;;;;;;;;;1.6;5.5;5.8;19.8;;;;;;;;;;;;;;;;225;;
PRE;10.07.2006 00:00;;;;;;;;;;;;;;1.9;5.3;6.8;19.1;;;;;;;;;;;;;;;;315;;
PRE;11.07.2006 00:00;;;;;;;;;;;;;;1.6;4.6;5.8;16.6;;;;;;;;;;;;;;;;153;;
PRE;12.07.2006 00:00;;;;;;;;;;;;;;1.9;8;6.8;28.8;;;;;;;;;;;;;;;;320;;
PRE;13.07.2006 00:00;;;;;;;;;;;;;;1.9;9.2;6.8;33.1;;;;;;;;;;;;;;;;194;;
PRE;14.07.2006 00:00;;;;;;;;;;;;;;3.2;15.8;11.5;56.9;;;;;;;;;;;;;;;;37;;
PRE;15.07.2006 00:00;;;;;;;;;;;;;;4.6;10;16.6;36;;;;;;;;;;;;;;;;27;;
PRE;16.07.2006 00:00;;;;;;;;;;;;;;4.2;10;15.1;36;;;;;;;;;;;;;;;;20;;
PRE;17.07.2006 00:00;;;;;;;;;;;;;;3.4;9.2;12.2;33.1;;;;;;;;;;;;;;;;17;;
PRE;18.07.2006 00:00;;;;;;;;;;;;;;2.3;6.1;8.3;22;;;;;;;;;;;;;;;;41;;
PRE;19.07.2006 00:00;;;;;;;;;;;;;;2;6.3;7.2;22.7;;;;;;;;;;;;;;;;207;;
PRE;20.07.2006 00:00;;;;;;;;;;;;;;2.2;7.5;7.9;27;;;;;;;;;;;;;;;;104;;
PRE;21.07.2006 00:00;;;;;;;;;;;;;;2.1;6.1;7.6;22;;;;;;;;;;;;;;;;51;;
PRE;22.07.2006 00:00;;;;;;;;;;;;;;2.4;7.6;8.6;27.4;;;;;;;;;;;;;;;;63;;
PRE;23.07.2006 00:00;;;;;;;;;;;;;;2.7;9.2;9.7;33.1;;;;;;;;;;;;;;;;24;;
PRE;31.07.2006 00:00;;;;;;;;;;;;;;1.6;;5.8;;;;;;;;;;;;;;;;;360;;
PRE;03.08.2006 00:00;;;;;;;;;;;;;;2.3;11.1;8.3;40;;;;;;;;;;;;;;;;261;;
PRE;04.08.2006 00:00;;;;;;;;;;;;;;3.6;8.3;13;29.9;;;;;;;;;;;;;;;;243;;
PRE;05.08.2006 00:00;;;;;;;;;;;;;;2.9;8.1;10.4;29.2;;;;;;;;;;;;;;;;270;;
PRE;06.08.2006 00:00;;;;;;;;;;;;;;2.4;9.5;8.6;34.2;;;;;;;;;;;;;;;;38;;
PRE;07.08.2006 00:00;;;;;;;;;;;;;;3;8;10.8;28.8;;;;;;;;;;;;;;;;30;;
PRE;08.08.2006 00:00;;;;;;;;;;;;;;5.6;13.5;20.2;48.6;;;;;;;;;;;;;;;;27;;
PRE;09.08.2006 00:00;;;;;;;;;;;;;;3.7;9.1;13.3;32.8;;;;;;;;;;;;;;;;27;;
PRE;10.08.2006 00:00;;;;;;;;;;;;;;3.2;12;11.5;43.2;;;;;;;;;;;;;;;;278;;
PRE;11.08.2006 00:00;;;;;;;;;;;;;;3.9;11.6;14;41.8;;;;;;;;;;;;;;;;247;;
PRE;12.08.2006 00:00;;;;;;;;;;;;;;4.4;11.8;15.8;42.5;;;;;;;;;;;;;;;;242;;
PRE;13.08.2006 00:00;;;;;;;;;;;;;;5.3;16.8;19.1;60.5;;;;;;;;;;;;;;;;238;;
PRE;14.08.2006 00:00;;;;;;;;;;;;;;4.3;11.5;15.5;41.4;;;;;;;;;;;;;;;;242;;
PRE;15.08.2006 00:00;;;;;;;;;;;;;;2.5;10.6;9;38.2;;;;;;;;;;;;;;;;222;;
PRE;16.08.2006 00:00;;;;;;;;;;;;;;2.3;8;8.3;28.8;;;;;;;;;;;;;;;;180;;
PRE;17.08.2006 00:00;;;;;;;;;;;;;;2.8;9.1;10.1;32.8;;;;;;;;;;;;;;;;358;;
PRE;18.08.2006 00:00;;;;;;;;;;;;;;4.1;25.1;14.8;90.4;;;;;;;;;;;;;;;;228;;
PRE;19.08.2006 00:00;;;;;;;;;;;;;;1.6;10.3;5.8;37.1;;;;;;;;;;;;;;;;225;;
PRE;20.08.2006 00:00;;;;;;;;;;;;;;3.1;9.1;11.2;32.8;;;;;;;;;;;;;;;;236;;
PRE;21.08.2006 00:00;;;;;;;;;;;;;;3.3;8.8;11.9;31.7;;;;;;;;;;;;;;;;235;;
PRE;22.08.2006 00:00;;;;;;;;;;;;;;2.7;8;9.7;28.8;;;;;;;;;;;;;;;;240;;
PRE;23.08.2006 00:00;;;;;;;;;;;;;;2.1;7.1;7.6;25.6;;;;;;;;;;;;;;;;346;;
PRE;24.08.2006 00:00;;;;;;;;;;;;;;2.8;9.5;10.1;34.2;;;;;;;;;;;;;;;;247;;
PRE;25.08.2006 00:00;;;;;;;;;;;;;;1.8;5.3;6.5;19.1;;;;;;;;;;;;;;;;233;;
PRE;26.08.2006 00:00;;;;;;;;;;;;;;3.4;15.6;12.2;56.2;;;;;;;;;;;;;;;;244;;
PRE;27.08.2006 00:00;;;;;;;;;;;;;;3.3;9.6;11.9;34.6;;;;;;;;;;;;;;;;246;;
PRE;28.08.2006 00:00;;;;;;;;;;;;;;4.3;15.5;15.5;55.8;;;;;;;;;;;;;;;;245;;
PRE;29.08.2006 00:00;;;;;;;;;;;;;;3.1;12.3;11.2;44.3;;;;;;;;;;;;;;;;261;;
PRE;30.08.2006 00:00;;;;;;;;;;;;;;2;5.5;7.2;19.8;;;;;;;;;;;;;;;;288;;
PRE;31.08.2006 00:00;;;;;;;;;;;;;;2.6;6.7;9.4;24.1;;;;;;;;;;;;;;;;34;;
PRE;01.09.2006 00:00;;;;;;;;;;;;;;1.4;4.3;5;15.5;;;;;;;;;;;;;;;;90;;
PRE;02.09.2006 00:00;;;;;;;;;;;;;;1.1;4.6;4;16.6;;;;;;;;;;;;;;;;180;;
PRE;03.09.2006 00:00;;;;;;;;;;;;;;1.3;5;4.7;18;;;;;;;;;;;;;;;;129;;
PRE;04.09.2006 00:00;;;;;;;;;;;;;;1.7;6;6.1;21.6;;;;;;;;;;;;;;;;45;;
PRE;05.09.2006 00:00;;;;;;;;;;;;;;3.6;8.7;13;31.3;;;;;;;;;;;;;;;;32;;
PRE;06.09.2006 00:00;;;;;;;;;;;;;;2.3;7.2;8.3;25.9;;;;;;;;;;;;;;;;25;;
PRE;07.09.2006 00:00;;;;;;;;;;;;;;1.6;6.8;5.8;24.5;;;;;;;;;;;;;;;;27;;
PRE;08.09.2006 00:00;;;;;;;;;;;;;;7.4;16.3;26.6;58.7;;;;;;;;;;;;;;;;24;;
PRE;09.09.2006 00:00;;;;;;;;;;;;;;3.6;11.7;13;42.1;;;;;;;;;;;;;;;;24;;
PRE;10.09.2006 00:00;;;;;;;;;;;;;;1.6;6.5;5.8;23.4;;;;;;;;;;;;;;;;207;;
PRE;11.09.2006 00:00;;;;;;;;;;;;;;1.7;8.5;6.1;30.6;;;;;;;;;;;;;;;;239;;
PRE;12.09.2006 00:00;;;;;;;;;;;;;;1.7;4.8;6.1;17.3;;;;;;;;;;;;;;;;360;;
PRE;13.09.2006 00:00;;;;;;;;;;;;;;1.5;5.3;5.4;19.1;;;;;;;;;;;;;;;;360;;
PRE;14.09.2006 00:00;;;;;;;;;;;;;;1.8;6.6;6.5;23.8;;;;;;;;;;;;;;;;324;;
PRE;15.09.2006 00:00;;;;;;;;;;;;;;2.3;14.1;8.3;50.8;;;;;;;;;;;;;;;;239;;
PRE;16.09.2006 00:00;;;;;;;;;;;;;;1.4;6.2;5;22.3;;;;;;;;;;;;;;;;270;;
PRE;17.09.2006 00:00;;;;;;;;;;;;;;2.2;5.3;7.9;19.1;;;;;;;;;;;;;;;;246;;
PRE;18.09.2006 00:00;;;;;;;;;;;;;;2.2;6.1;7.9;22;;;;;;;;;;;;;;;;243;;
PRE;19.09.2006 00:00;;;;;;;;;;;;;;1.4;3.7;5;13.3;;;;;;;;;;;;;;;;284;;
PRE;20.09.2006 00:00;;;;;;;;;;;;;;1.6;4;5.8;14.4;;;;;;;;;;;;;;;;297;;
PRE;21.09.2006 00:00;;;;;;;;;;;;;;1.4;4.5;5;16.2;;;;;;;;;;;;;;;;315;;
PRE;22.09.2006 00:00;;;;;;;;;;;;;;1.4;4.2;5;15.1;;;;;;;;;;;;;;;;304;;
PRE;23.09.2006 00:00;;;;;;;;;;;;;;1.2;4;4.3;14.4;;;;;;;;;;;;;;;;288;;
PRE;24.09.2006 00:00;;;;;;;;;;;;;;2.3;9.6;8.3;34.6;;;;;;;;;;;;;;;;246;;
PRE;25.09.2006 00:00;;;;;;;;;;;;;;3.1;8.8;11.2;31.7;;;;;;;;;;;;;;;;249;;
PRE;26.09.2006 00:00;;;;;;;;;;;;;;2.6;8.8;9.4;31.7;;;;;;;;;;;;;;;;22;;
PRE;27.09.2006 00:00;;;;;;;;;;;;;;3.7;9.3;13.3;33.5;;;;;;;;;;;;;;;;20;;
PRE;28.09.2006 00:00;;;;;;;;;;;;;;1.3;4.7;4.7;16.9;;;;;;;;;;;;;;;;315;;
PRE;29.09.2006 00:00;;;;;;;;;;;;;;1.7;10.1;6.1;36.4;;;;;;;;;;;;;;;;243;;
PRE;30.09.2006 00:00;;;;;;;;;;;;;;1.5;8;5.4;28.8;;;;;;;;;;;;;;;;225;;
PRE;01.10.2006 00:00;;;;;;;;;;;;;;1.8;9;6.5;32.4;;;;;;;;;;;;;;;;197;;
PRE;02.10.2006 00:00;;;;;;;;;;;;;;3.3;11;11.9;39.6;;;;;;;;;;;;;;;;229;;
PRE;03.10.2006 00:00;;;;;;;;;;;;;;5.7;19;20.5;68.4;;;;;;;;;;;;;;;;230;;
PRE;04.10.2006 00:00;;;;;;;;;;;;;;1.8;7;6.5;25.2;;;;;;;;;;;;;;;;270;;
PRE;05.10.2006 00:00;;;;;;;;;;;;;;1.6;6.1;5.8;22;;;;;;;;;;;;;;;;270;;
PRE;06.10.2006 00:00;;;;;;;;;;;;;;3.3;8.6;11.9;31;;;;;;;;;;;;;;;;225;;
PRE;07.10.2006 00:00;;;;;;;;;;;;;;3.5;14.5;12.6;52.2;;;;;;;;;;;;;;;;250;;
PRE;08.10.2006 00:00;;;;;;;;;;;;;;2.5;8.5;9;30.6;;;;;;;;;;;;;;;;16;;
PRE;09.10.2006 00:00;;;;;;;;;;;;;;1.2;3.2;4.3;11.5;;;;;;;;;;;;;;;;349;;
PRE;10.10.2006 00:00;;;;;;;;;;;;;;1.3;3.8;4.7;13.7;;;;;;;;;;;;;;;;323;;
PRE;11.10.2006 00:00;;;;;;;;;;;;;;1.1;3.6;4;13;;;;;;;;;;;;;;;;315;;
PRE;12.10.2006 00:00;;;;;;;;;;;;;;2.1;6.1;7.6;22;;;;;;;;;;;;;;;;355;;
PRE;13.10.2006 00:00;;;;;;;;;;;;;;3.2;8.7;11.5;31.3;;;;;;;;;;;;;;;;35;;
PRE;14.10.2006 00:00;;;;;;;;;;;;;;2.7;7.7;9.7;27.7;;;;;;;;;;;;;;;;15;;
PRE;15.10.2006 00:00;;;;;;;;;;;;;;4.1;10.5;14.8;37.8;;;;;;;;;;;;;;;;13;;
PRE;16.10.2006 00:00;;;;;;;;;;;;;;3.9;9.5;14;34.2;;;;;;;;;;;;;;;;11;;
PRE;17.10.2006 00:00;;;;;;;;;;;;;;1.7;5.1;6.1;18.4;;;;;;;;;;;;;;;;315;;
PRE;18.10.2006 00:00;;;;;;;;;;;;;;1.4;5.1;5;18.4;;;;;;;;;;;;;;;;315;;
PRE;19.10.2006 00:00;;;;;;;;;;;;;;1.1;3.5;4;12.6;;;;;;;;;;;;;;;;297;;
PRE;20.10.2006 00:00;;;;;;;;;;;;;;2.6;11.7;9.4;42.1;;;;;;;;;;;;;;;;236;;
PRE;21.10.2006 00:00;;;;;;;;;;;;;;2.2;6.2;7.9;22.3;;;;;;;;;;;;;;;;229;;
PRE;22.10.2006 00:00;;;;;;;;;;;;;;1.2;5.6;4.3;20.2;;;;;;;;;;;;;;;;315;;
PRE;23.10.2006 00:00;;;;;;;;;;;;;;1.3;5.8;4.7;20.9;;;;;;;;;;;;;;;;225;;
PRE;24.10.2006 00:00;;;;;;;;;;;;;;5;16.6;18;59.8;;;;;;;;;;;;;;;;242;;
PRE;25.10.2006 00:00;;;;;;;;;;;;;;2.1;6.1;7.6;22;;;;;;;;;;;;;;;;360;;
PRE;26.10.2006 00:00;;;;;;;;;;;;;;1.4;3.6;5;13;;;;;;;;;;;;;;;;291;;
PRE;27.10.2006 00:00;;;;;;;;;;;;;;1.1;3.5;4;12.6;;;;;;;;;;;;;;;;11;;
PRE;28.10.2006 00:00;;;;;;;;;;;;;;1.2;3.8;4.3;13.7;;;;;;;;;;;;;;;;309;;
PRE;29.10.2006 00:00;;;;;;;;;;;;;;1.7;8;6.1;28.8;;;;;;;;;;;;;;;;6;;
PRE;30.10.2006 00:00;;;;;;;;;;;;;;4.6;11.3;16.6;40.7;;;;;;;;;;;;;;;;26;;
PRE;31.10.2006 00:00;;;;;;;;;;;;;;2.9;9.1;10.4;32.8;;;;;;;;;;;;;;;;252;;
PRE;01.11.2006 00:00;;;;;;;;;;;;;;4.8;12.8;17.3;46.1;;;;;;;;;;;;;;;;357;;
PRE;02.11.2006 00:00;;;;;;;;;;;;;;7.3;15.6;26.3;56.2;;;;;;;;;;;;;;;;16;;
PRE;03.11.2006 00:00;;;;;;;;;;;;;;5.6;14.3;20.2;51.5;;;;;;;;;;;;;;;;22;;
PRE;04.11.2006 00:00;;;;;;;;;;;;;;3.2;14.8;11.5;53.3;;;;;;;;;;;;;;;;37;;
PRE;05.11.2006 00:00;;;;;;;;;;;;;;2.5;5.8;9;20.9;;;;;;;;;;;;;;;;5;;
PRE;06.11.2006 00:00;;;;;;;;;;;;;;2.8;8.8;10.1;31.7;;;;;;;;;;;;;;;;22;;
PRE;07.11.2006 00:00;;;;;;;;;;;;;;1.4;3.8;5;13.7;;;;;;;;;;;;;;;;300;;
PRE;08.11.2006 00:00;;;;;;;;;;;;;;1.1;4.2;4;15.1;;;;;;;;;;;;;;;;315;;
PRE;09.11.2006 00:00;;;;;;;;;;;;;;1.2;4.3;4.3;15.5;;;;;;;;;;;;;;;;21;;
PRE;10.11.2006 00:00;;;;;;;;;;;;;;4.2;11;15.1;39.6;;;;;;;;;;;;;;;;17;;
PRE;11.11.2006 00:00;;;;;;;;;;;;;;4.5;12.2;16.2;43.9;;;;;;;;;;;;;;;;245;;
PRE;12.11.2006 00:00;;;;;;;;;;;;;;3.1;10.6;11.2;38.2;;;;;;;;;;;;;;;;247;;
PRE;13.11.2006 00:00;;;;;;;;;;;;;;3.3;10.3;11.9;37.1;;;;;;;;;;;;;;;;246;;
PRE;14.11.2006 00:00;;;;;;;;;;;;;;1.1;5.6;4;20.2;;;;;;;;;;;;;;;;180;;
PRE;15.11.2006 00:00;;;;;;;;;;;;;;1.2;4.2;4.3;15.1;;;;;;;;;;;;;;;;352;;
PRE;16.11.2006 00:00;;;;;;;;;;;;;;1.4;4.8;5;17.3;;;;;;;;;;;;;;;;337;;
PRE;17.11.2006 00:00;;;;;;;;;;;;;;2;9.2;7.2;33.1;;;;;;;;;;;;;;;;246;;
PRE;18.11.2006 00:00;;;;;;;;;;;;;;3.2;11.1;11.5;40;;;;;;;;;;;;;;;;245;;
PRE;19.11.2006 00:00;;;;;;;;;;;;;;1.9;7.7;6.8;27.7;;;;;;;;;;;;;;;;266;;
PRE;20.11.2006 00:00;;;;;;;;;;;;;;2.9;11.8;10.4;42.5;;;;;;;;;;;;;;;;247;;
PRE;21.11.2006 00:00;;;;;;;;;;;;;;5.4;13.3;19.4;47.9;;;;;;;;;;;;;;;;247;;
PRE;22.11.2006 00:00;;;;;;;;;;;;;;3.4;9.8;12.2;35.3;;;;;;;;;;;;;;;;245;;
PRE;23.11.2006 00:00;;;;;;;;;;;;;;2.6;7.6;9.4;27.4;;;;;;;;;;;;;;;;213;;
PRE;24.11.2006 00:00;;;;;;;;;;;;;;1.3;3.7;4.7;13.3;;;;;;;;;;;;;;;;351;;
PRE;25.11.2006 00:00;;;;;;;;;;;;;;1.5;5.7;5.4;20.5;;;;;;;;;;;;;;;;326;;
PRE;26.11.2006 00:00;;;;;;;;;;;;;;1.6;6.5;5.8;23.4;;;;;;;;;;;;;;;;315;;
PRE;27.11.2006 00:00;;;;;;;;;;;;;;1.1;3.1;4;11.2;;;;;;;;;;;;;;;;315;;
PRE;28.11.2006 00:00;;;;;;;;;;;;;;1.2;4;4.3;14.4;;;;;;;;;;;;;;;;352;;
PRE;29.11.2006 00:00;;;;;;;;;;;;;;2.7;13.1;9.7;47.2;;;;;;;;;;;;;;;;21;;
PRE;30.11.2006 00:00;;;;;;;;;;;;;;3.1;12.1;11.2;43.6;;;;;;;;;;;;;;;;14;;
PRE;01.12.2006 00:00;;;;;;;;;;;;;;1.4;4.1;5;14.8;;;;;;;;;;;;;;;;360;;
PRE;02.12.2006 00:00;;;;;;;;;;;;;;1.5;4.6;5.4;16.6;;;;;;;;;;;;;;;;5;;
PRE;03.12.2006 00:00;;;;;;;;;;;;;;3.9;19;14;68.4;;;;;;;;;;;;;;;;235;;
PRE;04.12.2006 00:00;;;;;;;;;;;;;;6.2;14.8;22.3;53.3;;;;;;;;;;;;;;;;246;;
PRE;05.12.2006 00:00;;;;;;;;;;;;;;2.9;12.2;10.4;43.9;;;;;;;;;;;;;;;;237;;
PRE;06.12.2006 00:00;;;;;;;;;;;;;;1.4;6.3;5;22.7;;;;;;;;;;;;;;;;329;;
PRE;07.12.2006 00:00;;;;;;;;;;;;;;3;11.3;10.8;40.7;;;;;;;;;;;;;;;;238;;
PRE;08.12.2006 00:00;;;;;;;;;;;;;;3.6;13.7;13;49.3;;;;;;;;;;;;;;;;231;;
PRE;09.12.2006 00:00;;;;;;;;;;;;;;3;10.1;10.8;36.4;;;;;;;;;;;;;;;;249;;
PRE;10.12.2006 00:00;;;;;;;;;;;;;;2;5.6;7.2;20.2;;;;;;;;;;;;;;;;11;;
PRE;11.12.2006 00:00;;;;;;;;;;;;;;1.8;6.1;6.5;22;;;;;;;;;;;;;;;;257;;
PRE;12.12.2006 00:00;;;;;;;;;;;;;;2;7.2;7.2;25.9;;;;;;;;;;;;;;;;270;;
PRE;13.12.2006 00:00;;;;;;;;;;;;;;3.1;9.2;11.2;33.1;;;;;;;;;;;;;;;;12;;
PRE;14.12.2006 00:00;;;;;;;;;;;;;;1.5;5.3;5.4;19.1;;;;;;;;;;;;;;;;307;;
PRE;15.12.2006 00:00;;;;;;;;;;;;;;1.3;3.8;4.7;13.7;;;;;;;;;;;;;;;;326;;
PRE;16.12.2006 00:00;;;;;;;;;;;;;;1;4;3.6;14.4;;;;;;;;;;;;;;;;310;;
PRE;17.12.2006 00:00;;;;;;;;;;;;;;2;8.8;7.2;31.7;;;;;;;;;;;;;;;;18;;
PRE;18.12.2006 00:00;;;;;;;;;;;;;;8.2;18.2;29.5;65.5;;;;;;;;;;;;;;;;20;;
PRE;19.12.2006 00:00;;;;;;;;;;;;;;9.6;18.8;34.6;67.7;;;;;;;;;;;;;;;;25;;
PRE;20.12.2006 00:00;;;;;;;;;;;;;;5.7;13.8;20.5;49.7;;;;;;;;;;;;;;;;25;;
PRE;21.12.2006 00:00;;;;;;;;;;;;;;6.8;15.1;24.5;54.4;;;;;;;;;;;;;;;;43;;
PRE;22.12.2006 00:00;;;;;;;;;;;;;;4.1;10;14.8;36;;;;;;;;;;;;;;;;36;;
PRE;23.12.2006 00:00;;;;;;;;;;;;;;3.7;9.3;13.3;33.5;;;;;;;;;;;;;;;;37;;
PRE;24.12.2006 00:00;;;;;;;;;;;;;;3.5;9.2;12.6;33.1;;;;;;;;;;;;;;;;16;;
PRE;25.12.2006 00:00;;;;;;;;;;;;;;3.7;11.2;13.3;40.3;;;;;;;;;;;;;;;;43;;
PRE;26.12.2006 00:00;;;;;;;;;;;;;;2;5.3;7.2;19.1;;;;;;;;;;;;;;;;14;;
PRE;27.12.2006 00:00;;;;;;;;;;;;;;1.5;4.1;5.4;14.8;;;;;;;;;;;;;;;;315;;
PRE;28.12.2006 00:00;;;;;;;;;;;;;;1.2;3.1;4.3;11.2;;;;;;;;;;;;;;;;288;;
PRE;29.12.2006 00:00;;;;;;;;;;;;;;1.3;3.8;4.7;13.7;;;;;;;;;;;;;;;;323;;
PRE;30.12.2006 00:00;;;;;;;;;;;;;;2.6;11.6;9.4;41.8;;;;;;;;;;;;;;;;249;;
PRE;31.12.2006 00:00;;;;;;;;;;;;;;4.3;11.3;15.5;40.7;;;;;;;;;;;;;;;;239;;
PRE;01.01.2007 00:00;;;;;;;;;;;;;;5.8;20.2;20.9;72.7;;;;;;;;;;;;;;;;242;;
PRE;02.01.2007 00:00;;;;;;;;;;;;;;5.2;19;18.7;68.4;;;;;;;;;;;;;;;;233;;
PRE;03.01.2007 00:00;;;;;;;;;;;;;;2.4;7.3;8.6;26.3;;;;;;;;;;;;;;;;242;;
PRE;04.01.2007 00:00;;;;;;;;;;;;;;5.6;15.3;20.2;55.1;;;;;;;;;;;;;;;;240;;
PRE;05.01.2007 00:00;;;;;;;;;;;;;;2.6;8.3;9.4;29.9;;;;;;;;;;;;;;;;248;;
PRE;06.01.2007 00:00;;;;;;;;;;;;;;1.8;7.3;6.5;26.3;;;;;;;;;;;;;;;;219;;
PRE;07.01.2007 00:00;;;;;;;;;;;;;;2.1;9.6;7.6;34.6;;;;;;;;;;;;;;;;205;;
PRE;08.01.2007 00:00;;;;;;;;;;;;;;5.9;12;21.2;43.2;;;;;;;;;;;;;;;;246;;
PRE;09.01.2007 00:00;;;;;;;;;;;;;;3;12.3;10.8;44.3;;;;;;;;;;;;;;;;243;;
PRE;10.01.2007 00:00;;;;;;;;;;;;;;3.2;15.7;11.5;56.5;;;;;;;;;;;;;;;;239;;
PRE;11.01.2007 00:00;;;;;;;;;;;;;;6.4;14.1;23;50.8;;;;;;;;;;;;;;;;236;;
PRE;12.01.2007 00:00;;;;;;;;;;;;;;4.1;13.5;14.8;48.6;;;;;;;;;;;;;;;;250;;
PRE;13.01.2007 00:00;;;;;;;;;;;;;;1;3.1;3.6;11.2;;;;;;;;;;;;;;;;270;;
PRE;14.01.2007 00:00;;;;;;;;;;;;;;2;8.7;7.2;31.3;;;;;;;;;;;;;;;;22;;
PRE;15.01.2007 00:00;;;;;;;;;;;;;;1.5;7.5;5.4;27;;;;;;;;;;;;;;;;21;;
PRE;16.01.2007 00:00;;;;;;;;;;;;;;0.8;2.6;2.9;9.4;;;;;;;;;;;;;;;;360;;
PRE;17.01.2007 00:00;;;;;;;;;;;;;;2.7;11.1;9.7;40;;;;;;;;;;;;;;;;237;;
PRE;18.01.2007 00:00;;;;;;;;;;;;;;8.5;17.8;30.6;64.1;;;;;;;;;;;;;;;;244;;
PRE;19.01.2007 00:00;;;;;;;;;;;;;;6.4;16.5;23;59.4;;;;;;;;;;;;;;;;243;;
PRE;20.01.2007 00:00;;;;;;;;;;;;;;3.4;8.2;12.2;29.5;;;;;;;;;;;;;;;;232;;
PRE;21.01.2007 00:00;;;;;;;;;;;;;;4.4;16.1;15.8;58;;;;;;;;;;;;;;;;243;;
PRE;22.01.2007 00:00;;;;;;;;;;;;;;4.6;16;16.6;57.6;;;;;;;;;;;;;;;;17;;
PRE;23.01.2007 00:00;;;;;;;;;;;;;;6.6;16;23.8;57.6;;;;;;;;;;;;;;;;21;;
PRE;24.01.2007 00:00;;;;;;;;;;;;;;3;12.5;10.8;45;;;;;;;;;;;;;;;;323;;
PRE;25.01.2007 00:00;;;;;;;;;;;;;;7.3;16;26.3;57.6;;;;;;;;;;;;;;;;33;;
PRE;26.01.2007 00:00;;;;;;;;;;;;;;4.7;11.5;16.9;41.4;;;;;;;;;;;;;;;;13;;
PRE;27.01.2007 00:00;;;;;;;;;;;;;;2.4;8.1;8.6;29.2;;;;;;;;;;;;;;;;360;;
PRE;28.01.2007 00:00;;;;;;;;;;;;;;2.3;6.5;8.3;23.4;;;;;;;;;;;;;;;;326;;
PRE;29.01.2007 00:00;;;;;;;;;;;;;;3.2;11.5;11.5;41.4;;;;;;;;;;;;;;;;26;;
PRE;30.01.2007 00:00;;;;;;;;;;;;;;1.7;8.2;6.1;29.5;;;;;;;;;;;;;;;;39;;
PRE;31.01.2007 00:00;;;;;;;;;;;;;;2;6.7;7.2;24.1;;;;;;;;;;;;;;;;344;;
PRE;01.02.2007 00:00;;;;;;;;;;;;;;4.7;17.1;16.9;61.6;;;;;;;;;;;;;;;;33;;
PRE;02.02.2007 00:00;;;;;;;;;;;;;;2.8;10.8;10.1;38.9;;;;;;;;;;;;;;;;41;;
PRE;03.02.2007 00:00;;;;;;;;;;;;;;7.7;21.8;27.7;78.5;;;;;;;;;;;;;;;;33;;
PRE;04.02.2007 00:00;;;;;;;;;;;;;;3.7;14.1;13.3;50.8;;;;;;;;;;;;;;;;33;;
PRE;05.02.2007 00:00;;;;;;;;;;;;;;3.1;15;11.2;54;;;;;;;;;;;;;;;;249;;
PRE;06.02.2007 00:00;;;;;;;;;;;;;;3.5;8.3;12.6;29.9;;;;;;;;;;;;;;;;237;;
PRE;07.02.2007 00:00;;;;;;;;;;;;;;4.3;14;15.5;50.4;;;;;;;;;;;;;;;;237;;
PRE;08.02.2007 00:00;;;;;;;;;;;;;;6.7;16.2;24.1;58.3;;;;;;;;;;;;;;;;243;;
PRE;09.02.2007 00:00;;;;;;;;;;;;;;1.6;5.3;5.8;19.1;;;;;;;;;;;;;;;;270;;
PRE;10.02.2007 00:00;;;;;;;;;;;;;;4.3;10.7;15.5;38.5;;;;;;;;;;;;;;;;242;;
PRE;11.02.2007 00:00;;;;;;;;;;;;;;7.1;17.8;25.6;64.1;;;;;;;;;;;;;;;;240;;
PRE;12.02.2007 00:00;;;;;;;;;;;;;;7.1;20.1;25.6;72.4;;;;;;;;;;;;;;;;235;;
PRE;13.02.2007 00:00;;;;;;;;;;;;;;5;14;18;50.4;;;;;;;;;;;;;;;;233;;
PRE;14.02.2007 00:00;;;;;;;;;;;;;;1.4;7.1;5;25.6;;;;;;;;;;;;;;;;236;;
PRE;15.02.2007 00:00;;;;;;;;;;;;;;4.1;10.7;14.8;38.5;;;;;;;;;;;;;;;;21;;
PRE;16.02.2007 00:00;;;;;;;;;;;;;;2.5;8.8;9;31.7;;;;;;;;;;;;;;;;25;;
PRE;17.02.2007 00:00;;;;;;;;;;;;;;1.3;8.3;4.7;29.9;;;;;;;;;;;;;;;;315;;
PRE;18.02.2007 00:00;;;;;;;;;;;;;;1.8;9.6;6.5;34.6;;;;;;;;;;;;;;;;346;;
PRE;19.02.2007 00:00;;;;;;;;;;;;;;1.9;8.7;6.8;31.3;;;;;;;;;;;;;;;;14;;
PRE;20.02.2007 00:00;;;;;;;;;;;;;;1.1;3.2;4;11.5;;;;;;;;;;;;;;;;333;;
PRE;21.02.2007 00:00;;;;;;;;;;;;;;0.9;3;3.2;10.8;;;;;;;;;;;;;;;;304;;
PRE;22.02.2007 00:00;;;;;;;;;;;;;;1.1;3.5;4;12.6;;;;;;;;;;;;;;;;360;;
PRE;23.02.2007 00:00;;;;;;;;;;;;;;1.4;7.1;5;25.6;;;;;;;;;;;;;;;;315;;
PRE;24.02.2007 00:00;;;;;;;;;;;;;;4.8;17.8;17.3;64.1;;;;;;;;;;;;;;;;237;;
PRE;25.02.2007 00:00;;;;;;;;;;;;;;6.4;24;23;86.4;;;;;;;;;;;;;;;;237;;
PRE;26.02.2007 00:00;;;;;;;;;;;;;;4.5;11.6;16.2;41.8;;;;;;;;;;;;;;;;241;;
PRE;27.02.2007 00:00;;;;;;;;;;;;;;4.2;12.6;15.1;45.4;;;;;;;;;;;;;;;;239;;
PRE;28.02.2007 00:00;;;;;;;;;;;;;;6.2;16.3;22.3;58.7;;;;;;;;;;;;;;;;242;;
PRE;01.03.2007 00:00;;;;;;;;;;;;;;8.8;21.1;31.7;76;;;;;;;;;;;;;;;;235;;
PRE;02.03.2007 00:00;;;;;;;;;;;;;;5.8;18;20.9;64.8;;;;;;;;;;;;;;;;242;;
PRE;03.03.2007 00:00;;;;;;;;;;;;;;6.3;18.2;22.7;65.5;;;;;;;;;;;;;;;;248;;
PRE;04.03.2007 00:00;;;;;;;;;;;;;;1.6;6.7;5.8;24.1;;;;;;;;;;;;;;;;360;;
PRE;05.03.2007 00:00;;;;;;;;;;;;;;2.3;8.2;8.3;29.5;;;;;;;;;;;;;;;;245;;
PRE;06.03.2007 00:00;;;;;;;;;;;;;;2.2;11.3;7.9;40.7;;;;;;;;;;;;;;;;243;;
PRE;07.03.2007 00:00;;;;;;;;;;;;;;4;11;14.4;39.6;;;;;;;;;;;;;;;;235;;
PRE;08.03.2007 00:00;;;;;;;;;;;;;;4.3;12.8;15.5;46.1;;;;;;;;;;;;;;;;20;;
PRE;09.03.2007 00:00;;;;;;;;;;;;;;2.6;8.3;9.4;29.9;;;;;;;;;;;;;;;;292;;
PRE;10.03.2007 00:00;;;;;;;;;;;;;;7.2;16.8;25.9;60.5;;;;;;;;;;;;;;;;30;;
PRE;11.03.2007 00:00;;;;;;;;;;;;;;7.3;21.7;26.3;78.1;;;;;;;;;;;;;;;;27;;
PRE;12.03.2007 00:00;;;;;;;;;;;;;;1.3;4.2;4.7;15.1;;;;;;;;;;;;;;;;360;;
PRE;13.03.2007 00:00;;;;;;;;;;;;;;1.4;5.5;5;19.8;;;;;;;;;;;;;;;;9;;
PRE;14.03.2007 00:00;;;;;;;;;;;;;;4.3;10.6;15.5;38.2;;;;;;;;;;;;;;;;25;;
PRE;15.03.2007 00:00;;;;;;;;;;;;;;1.7;8;6.1;28.8;;;;;;;;;;;;;;;;11;;
PRE;16.03.2007 00:00;;;;;;;;;;;;;;1.2;5.3;4.3;19.1;;;;;;;;;;;;;;;;288;;
PRE;17.03.2007 00:00;;;;;;;;;;;;;;1.2;3.2;4.3;11.5;;;;;;;;;;;;;;;;315;;
PRE;18.03.2007 00:00;;;;;;;;;;;;;;6.2;16.3;22.3;58.7;;;;;;;;;;;;;;;;239;;
PRE;19.03.2007 00:00;;;;;;;;;;;;;;4.8;15.5;17.3;55.8;;;;;;;;;;;;;;;;233;;
PRE;20.03.2007 00:00;;;;;;;;;;;;;;5.4;18;19.4;64.8;;;;;;;;;;;;;;;;25;;
PRE;21.03.2007 00:00;;;;;;;;;;;;;;3.7;14.3;13.3;51.5;;;;;;;;;;;;;;;;31;;
PRE;22.03.2007 00:00;;;;;;;;;;;;;;2;5.8;7.2;20.9;;;;;;;;;;;;;;;;248;;
PRE;23.03.2007 00:00;;;;;;;;;;;;;;4.2;11.3;15.1;40.7;;;;;;;;;;;;;;;;232;;
PRE;24.03.2007 00:00;;;;;;;;;;;;;;3.4;10.6;12.2;38.2;;;;;;;;;;;;;;;;24;;
PRE;25.03.2007 00:00;;;;;;;;;;;;;;4.6;13.2;16.6;47.5;;;;;;;;;;;;;;;;22;;
PRE;26.03.2007 00:00;;;;;;;;;;;;;;1.8;5.1;6.5;18.4;;;;;;;;;;;;;;;;45;;
PRE;27.03.2007 00:00;;;;;;;;;;;;;;1.5;5;5.4;18;;;;;;;;;;;;;;;;270;;
PRE;28.03.2007 00:00;;;;;;;;;;;;;;1.8;7.1;6.5;25.6;;;;;;;;;;;;;;;;321;;
PRE;29.03.2007 00:00;;;;;;;;;;;;;;1.6;9.1;5.8;32.8;;;;;;;;;;;;;;;;259;;
PRE;30.03.2007 00:00;;;;;;;;;;;;;;3;14.1;10.8;50.8;;;;;;;;;;;;;;;;245;;
PRE;31.03.2007 00:00;;;;;;;;;;;;;;2.9;8.2;10.4;29.5;;;;;;;;;;;;;;;;360;;
PRE;01.04.2007 00:00;;;;;;;;;;;;;;2.1;7.5;7.6;27;;;;;;;;;;;;;;;;360;;
PRE;02.04.2007 00:00;;;;;;;;;;;;;;2.1;8.6;7.6;31;;;;;;;;;;;;;;;;14;;
PRE;03.04.2007 00:00;;;;;;;;;;;;;;1.9;8;6.8;28.8;;;;;;;;;;;;;;;;342;;
PRE;04.04.2007 00:00;;;;;;;;;;;;;;9;20.5;32.4;73.8;;;;;;;;;;;;;;;;25;;
PRE;05.04.2007 00:00;;;;;;;;;;;;;;5.2;11;18.7;39.6;;;;;;;;;;;;;;;;26;;
PRE;06.04.2007 00:00;;;;;;;;;;;;;;2.5;8.1;9;29.2;;;;;;;;;;;;;;;;24;;
PRE;07.04.2007 00:00;;;;;;;;;;;;;;1.7;7.8;6.1;28.1;;;;;;;;;;;;;;;;297;;
PRE;08.04.2007 00:00;;;;;;;;;;;;;;4.8;11.1;17.3;40;;;;;;;;;;;;;;;;17;;
PRE;09.04.2007 00:00;;;;;;;;;;;;;;1.3;3.5;4.7;12.6;;;;;;;;;;;;;;;;45;;
PRE;10.04.2007 00:00;;;;;;;;;;;;;;2.5;8.1;9;29.2;;;;;;;;;;;;;;;;12;;
PRE;11.04.2007 00:00;;;;;;;;;;;;;;3.6;10.7;13;38.5;;;;;;;;;;;;;;;;13;;
PRE;12.04.2007 00:00;;;;;;;;;;;;;;2.1;7.2;7.6;25.9;;;;;;;;;;;;;;;;21;;
PRE;13.04.2007 00:00;;;;;;;;;;;;;;1.9;7;6.8;25.2;;;;;;;;;;;;;;;;360;;
PRE;14.04.2007 00:00;;;;;;;;;;;;;;1.6;5.5;5.8;19.8;;;;;;;;;;;;;;;;288;;
PRE;15.04.2007 00:00;;;;;;;;;;;;;;2.1;7.5;7.6;27;;;;;;;;;;;;;;;;360;;
PRE;16.04.2007 00:00;;;;;;;;;;;;;;2.7;8;9.7;28.8;;;;;;;;;;;;;;;;18;;
PRE;17.04.2007 00:00;;;;;;;;;;;;;;1.6;5.2;5.8;18.7;;;;;;;;;;;;;;;;270;;
PRE;18.04.2007 00:00;;;;;;;;;;;;;;3.1;10;11.2;36;;;;;;;;;;;;;;;;14;;
PRE;19.04.2007 00:00;;;;;;;;;;;;;;3.4;10.6;12.2;38.2;;;;;;;;;;;;;;;;18;;
PRE;20.04.2007 00:00;;;;;;;;;;;;;;2.4;8.3;8.6;29.9;;;;;;;;;;;;;;;;360;;
PRE;21.04.2007 00:00;;;;;;;;;;;;;;2.5;9.2;9;33.1;;;;;;;;;;;;;;;;8;;
PRE;22.04.2007 00:00;;;;;;;;;;;;;;1.5;5.2;5.4;18.7;;;;;;;;;;;;;;;;346;;
PRE;23.04.2007 00:00;;;;;;;;;;;;;;1.6;7.8;5.8;28.1;;;;;;;;;;;;;;;;297;;
PRE;24.04.2007 00:00;;;;;;;;;;;;;;1.5;6;5.4;21.6;;;;;;;;;;;;;;;;315;;
PRE;25.04.2007 00:00;;;;;;;;;;;;;;1.5;5.1;5.4;18.4;;;;;;;;;;;;;;;;315;;
PRE;26.04.2007 00:00;;;;;;;;;;;;;;2.5;10.2;9;36.7;;;;;;;;;;;;;;;;247;;
PRE;27.04.2007 00:00;;;;;;;;;;;;;;2.4;9.1;8.6;32.8;;;;;;;;;;;;;;;;228;;
PRE;28.04.2007 00:00;;;;;;;;;;;;;;2.1;10;7.6;36;;;;;;;;;;;;;;;;243;;
PRE;29.04.2007 00:00;;;;;;;;;;;;;;2.6;15.1;9.4;54.4;;;;;;;;;;;;;;;;353;;
PRE;30.04.2007 00:00;;;;;;;;;;;;;;2.8;18.6;10.1;67;;;;;;;;;;;;;;;;332;;
PRE;01.05.2007 00:00;;;;;;;;;;;;;;2.9;11;10.4;39.6;;;;;;;;;;;;;;;;18;;
PRE;02.05.2007 00:00;;;;;;;;;;;;;;4.2;15.7;15.1;56.5;;;;;;;;;;;;;;;;291;;
PRE;03.05.2007 00:00;;;;;;;;;;;;;;2.4;8.3;8.6;29.9;;;;;;;;;;;;;;;;32;;
PRE;04.05.2007 00:00;;;;;;;;;;;;;;3.5;10.6;12.6;38.2;;;;;;;;;;;;;;;;30;;
PRE;05.05.2007 00:00;;;;;;;;;;;;;;2.1;7.6;7.6;27.4;;;;;;;;;;;;;;;;243;;
PRE;06.05.2007 00:00;;;;;;;;;;;;;;2.9;10;10.4;36;;;;;;;;;;;;;;;;43;;
PRE;07.05.2007 00:00;;;;;;;;;;;;;;3.4;13.2;12.2;47.5;;;;;;;;;;;;;;;;247;;
PRE;08.05.2007 00:00;;;;;;;;;;;;;;6;12.7;21.6;45.7;;;;;;;;;;;;;;;;243;;
PRE;11.05.2007 00:00;;;;;;;;;;;;;;5.2;11.3;18.7;40.7;;;;;;;;;;;;;;;;234;;
PRE;12.05.2007 00:00;;;;;;;;;;;;;;4.3;12.6;15.5;45.4;;;;;;;;;;;;;;;;246;;
PRE;13.05.2007 00:00;;;;;;;;;;;;;;1.9;8.5;6.8;30.6;;;;;;;;;;;;;;;;207;;
PRE;14.05.2007 00:00;;;;;;;;;;;;;;3.7;14.7;13.3;52.9;;;;;;;;;;;;;;;;248;;
PRE;15.05.2007 00:00;;;;;;;;;;;;;;2.9;10.2;10.4;36.7;;;;;;;;;;;;;;;;254;;
PRE;16.05.2007 00:00;;;;;;;;;;;;;;3.7;12.7;13.3;45.7;;;;;;;;;;;;;;;;243;;
PRE;17.05.2007 00:00;;;;;;;;;;;;;;4.5;11.3;16.2;40.7;;;;;;;;;;;;;;;;241;;
PRE;18.05.2007 00:00;;;;;;;;;;;;;;2.5;8.6;9;31;;;;;;;;;;;;;;;;23;;
PRE;19.05.2007 00:00;;;;;;;;;;;;;;1.6;4.6;5.8;16.6;;;;;;;;;;;;;;;;236;;
PRE;20.05.2007 00:00;;;;;;;;;;;;;;1.5;8.8;5.4;31.7;;;;;;;;;;;;;;;;63;;
PRE;21.05.2007 00:00;;;;;;;;;;;;;;1.5;8.1;5.4;29.2;;;;;;;;;;;;;;;;198;;
PRE;22.05.2007 00:00;;;;;;;;;;;;;;2.4;8.8;8.6;31.7;;;;;;;;;;;;;;;;360;;
PRE;23.05.2007 00:00;;;;;;;;;;;;;;2.4;8.3;8.6;29.9;;;;;;;;;;;;;;;;9;;
PRE;24.05.2007 00:00;;;;;;;;;;;;;;1.7;11.1;6.1;40;;;;;;;;;;;;;;;;56;;
PRE;25.05.2007 00:00;;;;;;;;;;;;;;2.1;26.1;7.6;94;;;;;;;;;;;;;;;;45;;
PRE;26.05.2007 00:00;;;;;;;;;;;;;;2.5;12.6;9;45.4;;;;;;;;;;;;;;;;253;;
PRE;27.05.2007 00:00;;;;;;;;;;;;;;4.4;13.6;15.8;49;;;;;;;;;;;;;;;;228;;
PRE;28.05.2007 00:00;;;;;;;;;;;;;;3.4;12.3;12.2;44.3;;;;;;;;;;;;;;;;231;;
PRE;29.05.2007 00:00;;;;;;;;;;;;;;3.5;12.5;12.6;45;;;;;;;;;;;;;;;;252;;
PRE;30.05.2007 00:00;;;;;;;;;;;;;;1.5;4.6;5.4;16.6;;;;;;;;;;;;;;;;256;;
PRE;31.05.2007 00:00;;;;;;;;;;;;;;1.7;10.7;6.1;38.5;;;;;;;;;;;;;;;;239;;
PRE;01.06.2007 00:00;;;;;;;;;;;;;;2.5;8.5;9;30.6;;;;;;;;;;;;;;;;221;;
PRE;02.06.2007 00:00;;;;;;;;;;;;;;4.8;14;17.3;50.4;;;;;;;;;;;;;;;;29;;
PRE;03.06.2007 00:00;;;;;;;;;;;;;;4.4;13.6;15.8;49;;;;;;;;;;;;;;;;27;;
PRE;04.06.2007 00:00;;;;;;;;;;;;;;2.3;10.3;8.3;37.1;;;;;;;;;;;;;;;;37;;
PRE;05.06.2007 00:00;;;;;;;;;;;;;;4;11.8;14.4;42.5;;;;;;;;;;;;;;;;31;;
PRE;06.06.2007 00:00;;;;;;;;;;;;;;3.6;9.8;13;35.3;;;;;;;;;;;;;;;;21;;
PRE;07.06.2007 00:00;;;;;;;;;;;;;;2.8;7.3;10.1;26.3;;;;;;;;;;;;;;;;229;;
PRE;08.06.2007 00:00;;;;;;;;;;;;;;1.9;6.6;6.8;23.8;;;;;;;;;;;;;;;;218;;
PRE;09.06.2007 00:00;;;;;;;;;;;;;;1.4;7.1;5;25.6;;;;;;;;;;;;;;;;270;;
PRE;10.06.2007 00:00;;;;;;;;;;;;;;2.4;11.2;8.6;40.3;;;;;;;;;;;;;;;;45;;
PRE;11.06.2007 00:00;;;;;;;;;;;;;;2.3;11.3;8.3;40.7;;;;;;;;;;;;;;;;225;;
PRE;12.06.2007 00:00;;;;;;;;;;;;;;1.5;5.6;5.4;20.2;;;;;;;;;;;;;;;;0;;
PRE;13.06.2007 00:00;;;;;;;;;;;;;;1.7;4.8;6.1;17.3;;;;;;;;;;;;;;;;0;;
PRE;14.06.2007 00:00;;;;;;;;;;;;;;1.4;4;5;14.4;;;;;;;;;;;;;;;;207;;
PRE;15.06.2007 00:00;;;;;;;;;;;;;;3;13.1;10.8;47.2;;;;;;;;;;;;;;;;230;;
PRE;16.06.2007 00:00;;;;;;;;;;;;;;3.7;10.7;13.3;38.5;;;;;;;;;;;;;;;;238;;
PRE;17.06.2007 00:00;;;;;;;;;;;;;;2.1;9.2;7.6;33.1;;;;;;;;;;;;;;;;236;;
PRE;18.06.2007 00:00;;;;;;;;;;;;;;2;6.8;7.2;24.5;;;;;;;;;;;;;;;;162;;
PRE;19.06.2007 00:00;;;;;;;;;;;;;;3.1;9.6;11.2;34.6;;;;;;;;;;;;;;;;7;;
PRE;20.06.2007 00:00;;;;;;;;;;;;;;2.5;11.3;9;40.7;;;;;;;;;;;;;;;;270;;
PRE;21.06.2007 00:00;;;;;;;;;;;;;;3.3;11.2;11.9;40.3;;;;;;;;;;;;;;;;237;;
PRE;22.06.2007 00:00;;;;;;;;;;;;;;4.7;13.3;16.9;47.9;;;;;;;;;;;;;;;;232;;
PRE;23.06.2007 00:00;;;;;;;;;;;;;;4.5;11.2;16.2;40.3;;;;;;;;;;;;;;;;234;;
PRE;24.06.2007 00:00;;;;;;;;;;;;;;2.4;14.3;8.6;51.5;;;;;;;;;;;;;;;;217;;
PRE;25.06.2007 00:00;;;;;;;;;;;;;;3.1;11.8;11.2;42.5;;;;;;;;;;;;;;;;246;;
PRE;26.06.2007 00:00;;;;;;;;;;;;;;5.5;16.2;19.8;58.3;;;;;;;;;;;;;;;;239;;
PRE;27.06.2007 00:00;;;;;;;;;;;;;;3.6;8.3;13;29.9;;;;;;;;;;;;;;;;237;;
PRE;28.06.2007 00:00;;;;;;;;;;;;;;3.2;11.1;11.5;40;;;;;;;;;;;;;;;;247;;
PRE;29.06.2007 00:00;;;;;;;;;;;;;;3.4;11.3;12.2;40.7;;;;;;;;;;;;;;;;251;;
PRE;30.06.2007 00:00;;;;;;;;;;;;;;1.8;7.3;6.5;26.3;;;;;;;;;;;;;;;;225;;
PRE;01.07.2007 00:00;;;;;;;;;;;;;;1.9;10.7;6.8;38.5;;;;;;;;;;;;;;;;219;;
PRE;02.07.2007 00:00;;;;;;;;;;;;;;3.4;12.2;12.2;43.9;;;;;;;;;;;;;;;;235;;
PRE;03.07.2007 00:00;;;;;;;;;;;;;;3.5;11.6;12.6;41.8;;;;;;;;;;;;;;;;245;;
PRE;04.07.2007 00:00;;;;;;;;;;;;;;5;17.3;18;62.3;;;;;;;;;;;;;;;;230;;
PRE;05.07.2007 00:00;;;;;;;;;;;;;;4.8;11;17.3;39.6;;;;;;;;;;;;;;;;237;;
PRE;06.07.2007 00:00;;;;;;;;;;;;;;5;13.2;18;47.5;;;;;;;;;;;;;;;;242;;
PRE;07.07.2007 00:00;;;;;;;;;;;;;;2.3;7.5;8.3;27;;;;;;;;;;;;;;;;233;;
PRE;08.07.2007 00:00;;;;;;;;;;;;;;1.9;8.1;6.8;29.2;;;;;;;;;;;;;;;;225;;
PRE;09.07.2007 00:00;;;;;;;;;;;;;;3.5;15.7;12.6;56.5;;;;;;;;;;;;;;;;241;;
PRE;10.07.2007 00:00;;;;;;;;;;;;;;5.3;11.7;19.1;42.1;;;;;;;;;;;;;;;;237;;
PRE;11.07.2007 00:00;;;;;;;;;;;;;;3.2;8.1;11.5;29.2;;;;;;;;;;;;;;;;247;;
PRE;12.07.2007 00:00;;;;;;;;;;;;;;1.8;4.7;6.5;16.9;;;;;;;;;;;;;;;;225;;
PRE;13.07.2007 00:00;;;;;;;;;;;;;;1.5;4.8;5.4;17.3;;;;;;;;;;;;;;;;72;;
PRE;14.07.2007 00:00;;;;;;;;;;;;;;1.5;4.2;5.4;15.1;;;;;;;;;;;;;;;;153;;
PRE;15.07.2007 00:00;;;;;;;;;;;;;;1.7;5.7;6.1;20.5;;;;;;;;;;;;;;;;203;;
PRE;16.07.2007 00:00;;;;;;;;;;;;;;1.8;5.3;6.5;19.1;;;;;;;;;;;;;;;;234;;
PRE;17.07.2007 00:00;;;;;;;;;;;;;;1.6;4.3;5.8;15.5;;;;;;;;;;;;;;;;270;;
PRE;18.07.2007 00:00;;;;;;;;;;;;;;3;10.3;10.8;37.1;;;;;;;;;;;;;;;;9;;
PRE;19.07.2007 00:00;;;;;;;;;;;;;;3.4;17.1;12.2;61.6;;;;;;;;;;;;;;;;25;;
PRE;20.07.2007 00:00;;;;;;;;;;;;;;3.4;14.2;12.2;51.1;;;;;;;;;;;;;;;;279;;
PRE;21.07.2007 00:00;;;;;;;;;;;;;;2.4;7.5;8.6;27;;;;;;;;;;;;;;;;39;;
PRE;22.07.2007 00:00;;;;;;;;;;;;;;1.9;5;6.8;18;;;;;;;;;;;;;;;;180;;
PRE;23.07.2007 00:00;;;;;;;;;;;;;;2.5;11.5;9;41.4;;;;;;;;;;;;;;;;225;;
PRE;24.07.2007 00:00;;;;;;;;;;;;;;4.7;14.3;16.9;51.5;;;;;;;;;;;;;;;;242;;
PRE;25.07.2007 00:00;;;;;;;;;;;;;;2.3;7.2;8.3;25.9;;;;;;;;;;;;;;;;12;;
PRE;26.07.2007 00:00;;;;;;;;;;;;;;1.5;4.5;5.4;16.2;;;;;;;;;;;;;;;;217;;
PRE;27.07.2007 00:00;;;;;;;;;;;;;;3.1;8.1;11.2;29.2;;;;;;;;;;;;;;;;238;;
PRE;28.07.2007 00:00;;;;;;;;;;;;;;3.4;10;12.2;36;;;;;;;;;;;;;;;;248;;
PRE;29.07.2007 00:00;;;;;;;;;;;;;;5.3;12.3;19.1;44.3;;;;;;;;;;;;;;;;238;;
PRE;30.07.2007 00:00;;;;;;;;;;;;;;3.7;10.3;13.3;37.1;;;;;;;;;;;;;;;;31;;
PRE;31.07.2007 00:00;;;;;;;;;;;;;;5.6;12.6;20.2;45.4;;;;;;;;;;;;;;;;20;;
PRE;01.08.2007 00:00;;;;;;;;;;;;;;3;10.2;10.8;36.7;;;;;;;;;;;;;;;;22;;
PRE;02.08.2007 00:00;;;;;;;;;;;;;;1.9;8.3;6.8;29.9;;;;;;;;;;;;;;;;261;;
PRE;03.08.2007 00:00;;;;;;;;;;;;;;2.8;8.8;10.1;31.7;;;;;;;;;;;;;;;;29;;
PRE;04.08.2007 00:00;;;;;;;;;;;;;;3.7;8.6;13.3;31;;;;;;;;;;;;;;;;23;;
PRE;05.08.2007 00:00;;;;;;;;;;;;;;2.3;6.7;8.3;24.1;;;;;;;;;;;;;;;;38;;
PRE;06.08.2007 00:00;;;;;;;;;;;;;;2.3;9.5;8.3;34.2;;;;;;;;;;;;;;;;252;;
PRE;07.08.2007 00:00;;;;;;;;;;;;;;2.3;15.1;8.3;54.4;;;;;;;;;;;;;;;;240;;
PRE;08.08.2007 00:00;;;;;;;;;;;;;;1.8;7.3;6.5;26.3;;;;;;;;;;;;;;;;297;;
PRE;09.08.2007 00:00;;;;;;;;;;;;;;2.6;7.6;9.4;27.4;;;;;;;;;;;;;;;;243;;
PRE;10.08.2007 00:00;;;;;;;;;;;;;;2.5;6;9;21.6;;;;;;;;;;;;;;;;243;;
PRE;11.08.2007 00:00;;;;;;;;;;;;;;4.4;11;15.8;39.6;;;;;;;;;;;;;;;;22;;
PRE;12.08.2007 00:00;;;;;;;;;;;;;;2.1;6.8;7.6;24.5;;;;;;;;;;;;;;;;225;;
PRE;13.08.2007 00:00;;;;;;;;;;;;;;1.7;4.5;6.1;16.2;;;;;;;;;;;;;;;;270;;
PRE;14.08.2007 00:00;;;;;;;;;;;;;;2.7;11.2;9.7;40.3;;;;;;;;;;;;;;;;234;;
PRE;15.08.2007 00:00;;;;;;;;;;;;;;3;10.8;10.8;38.9;;;;;;;;;;;;;;;;211;;
PRE;16.08.2007 00:00;;;;;;;;;;;;;;4.1;11.8;14.8;42.5;;;;;;;;;;;;;;;;235;;
PRE;17.08.2007 00:00;;;;;;;;;;;;;;1.9;6;6.8;21.6;;;;;;;;;;;;;;;;45;;
PRE;18.08.2007 00:00;;;;;;;;;;;;;;2.7;8.7;9.7;31.3;;;;;;;;;;;;;;;;9;;
PRE;19.08.2007 00:00;;;;;;;;;;;;;;4;12.3;14.4;44.3;;;;;;;;;;;;;;;;238;;
PRE;20.08.2007 00:00;;;;;;;;;;;;;;3.2;8;11.5;28.8;;;;;;;;;;;;;;;;234;;
PRE;21.08.2007 00:00;;;;;;;;;;;;;;2.8;14.1;10.1;50.8;;;;;;;;;;;;;;;;284;;
PRE;22.08.2007 00:00;;;;;;;;;;;;;;4.4;11.1;15.8;40;;;;;;;;;;;;;;;;234;;
PRE;23.08.2007 00:00;;;;;;;;;;;;;;2.2;9;7.9;32.4;;;;;;;;;;;;;;;;214;;
PRE;24.08.2007 00:00;;;;;;;;;;;;;;1.8;5.1;6.5;18.4;;;;;;;;;;;;;;;;27;;
PRE;25.08.2007 00:00;;;;;;;;;;;;;;1.4;4.3;5;15.5;;;;;;;;;;;;;;;;225;;
PRE;26.08.2007 00:00;;;;;;;;;;;;;;1.2;4;4.3;14.4;;;;;;;;;;;;;;;;45;;
PRE;27.08.2007 00:00;;;;;;;;;;;;;;1.4;5.5;5;19.8;;;;;;;;;;;;;;;;297;;
PRE;28.08.2007 00:00;;;;;;;;;;;;;;3.3;12.2;11.9;43.9;;;;;;;;;;;;;;;;3;;
PRE;29.08.2007 00:00;;;;;;;;;;;;;;2.5;12.3;9;44.3;;;;;;;;;;;;;;;;270;;
PRE;30.08.2007 00:00;;;;;;;;;;;;;;4.4;13.7;15.8;49.3;;;;;;;;;;;;;;;;23;;
PRE;31.08.2007 00:00;;;;;;;;;;;;;;6;15.3;21.6;55.1;;;;;;;;;;;;;;;;18;;
PRE;01.09.2007 00:00;;;;;;;;;;;;;;3.1;9.3;11.2;33.5;;;;;;;;;;;;;;;;22;;
PRE;02.09.2007 00:00;;;;;;;;;;;;;;2.6;7.2;9.4;25.9;;;;;;;;;;;;;;;;29;;
PRE;03.09.2007 00:00;;;;;;;;;;;;;;3.5;11.3;12.6;40.7;;;;;;;;;;;;;;;;268;;
PRE;04.09.2007 00:00;;;;;;;;;;;;;;4.6;13.1;16.6;47.2;;;;;;;;;;;;;;;;32;;
PRE;05.09.2007 00:00;;;;;;;;;;;;;;7;15.8;25.2;56.9;;;;;;;;;;;;;;;;22;;
PRE;06.09.2007 00:00;;;;;;;;;;;;;;8.5;17;30.6;61.2;;;;;;;;;;;;;;;;19;;
PRE;07.09.2007 00:00;;;;;;;;;;;;;;7.8;18;28.1;64.8;;;;;;;;;;;;;;;;34;;
PRE;08.09.2007 00:00;;;;;;;;;;;;;;6.3;15;22.7;54;;;;;;;;;;;;;;;;32;;
PRE;09.09.2007 00:00;;;;;;;;;;;;;;5.4;13.6;19.4;49;;;;;;;;;;;;;;;;31;;
PRE;10.09.2007 00:00;;;;;;;;;;;;;;2.7;10.8;9.7;38.9;;;;;;;;;;;;;;;;29;;
PRE;11.09.2007 00:00;;;;;;;;;;;;;;4.9;15.3;17.6;55.1;;;;;;;;;;;;;;;;27;;
PRE;12.09.2007 00:00;;;;;;;;;;;;;;4.6;10.5;16.6;37.8;;;;;;;;;;;;;;;;21;;
PRE;13.09.2007 00:00;;;;;;;;;;;;;;2.6;7.8;9.4;28.1;;;;;;;;;;;;;;;;28;;
PRE;14.09.2007 00:00;;;;;;;;;;;;;;1.6;5.8;5.8;20.9;;;;;;;;;;;;;;;;256;;
PRE;15.09.2007 00:00;;;;;;;;;;;;;;2.3;7.7;8.3;27.7;;;;;;;;;;;;;;;;10;;
PRE;16.09.2007 00:00;;;;;;;;;;;;;;1.7;6;6.1;21.6;;;;;;;;;;;;;;;;243;;
PRE;17.09.2007 00:00;;;;;;;;;;;;;;3.8;16.6;13.7;59.8;;;;;;;;;;;;;;;;237;;
PRE;18.09.2007 00:00;;;;;;;;;;;;;;3.6;14.1;13;50.8;;;;;;;;;;;;;;;;302;;
PRE;19.09.2007 00:00;;;;;;;;;;;;;;3.9;8.8;14;31.7;;;;;;;;;;;;;;;;24;;
PRE;20.09.2007 00:00;;;;;;;;;;;;;;1.8;4.7;6.5;16.9;;;;;;;;;;;;;;;;352;;
PRE;21.09.2007 00:00;;;;;;;;;;;;;;1.5;3.8;5.4;13.7;;;;;;;;;;;;;;;;338;;
PRE;22.09.2007 00:00;;;;;;;;;;;;;;1.4;3.2;5;11.5;;;;;;;;;;;;;;;;333;;
PRE;23.09.2007 00:00;;;;;;;;;;;;;;1.3;4.7;4.7;16.9;;;;;;;;;;;;;;;;304;;
PRE;24.09.2007 00:00;;;;;;;;;;;;;;2.2;8;7.9;28.8;;;;;;;;;;;;;;;;243;;
PRE;25.09.2007 00:00;;;;;;;;;;;;;;1.8;9.2;6.5;33.1;;;;;;;;;;;;;;;;304;;
PRE;26.09.2007 00:00;;;;;;;;;;;;;;3.1;12.8;11.2;46.1;;;;;;;;;;;;;;;;7;;
PRE;27.09.2007 00:00;;;;;;;;;;;;;;2.9;9.7;10.4;34.9;;;;;;;;;;;;;;;;336;;
PRE;28.09.2007 00:00;;;;;;;;;;;;;;6.6;14.6;23.8;52.6;;;;;;;;;;;;;;;;237;;
PRE;29.09.2007 00:00;;;;;;;;;;;;;;3;11.2;10.8;40.3;;;;;;;;;;;;;;;;223;;
PRE;30.09.2007 00:00;;;;;;;;;;;;;;1.4;3.7;5;13.3;;;;;;;;;;;;;;;;8;;
PRE;01.10.2007 00:00;;;;;;;;;;;;;;1.2;3.5;4.3;12.6;;;;;;;;;;;;;;;;360;;
PRE;02.10.2007 00:00;;;;;;;;;;;;;;1.1;2.7;4;9.7;;;;;;;;;;;;;;;;326;;
PRE;03.10.2007 00:00;;;;;;;;;;;;;;1.4;6;5;21.6;;;;;;;;;;;;;;;;248;;
PRE;04.10.2007 00:00;;;;;;;;;;;;;;1.6;5.5;5.8;19.8;;;;;;;;;;;;;;;;353;;
PRE;05.10.2007 00:00;;;;;;;;;;;;;;1.6;4.5;5.8;16.2;;;;;;;;;;;;;;;;284;;
PRE;06.10.2007 00:00;;;;;;;;;;;;;;4.2;10.1;15.1;36.4;;;;;;;;;;;;;;;;19;;
PRE;07.10.2007 00:00;;;;;;;;;;;;;;2.5;8;9;28.8;;;;;;;;;;;;;;;;11;;
PRE;08.10.2007 00:00;;;;;;;;;;;;;;2.3;7.6;8.3;27.4;;;;;;;;;;;;;;;;352;;
PRE;09.10.2007 00:00;;;;;;;;;;;;;;2.5;6.3;9;22.7;;;;;;;;;;;;;;;;5;;
PRE;10.10.2007 00:00;;;;;;;;;;;;;;3.6;12;13;43.2;;;;;;;;;;;;;;;;11;;
PRE;11.10.2007 00:00;;;;;;;;;;;;;;4.4;12.3;15.8;44.3;;;;;;;;;;;;;;;;23;;
PRE;12.10.2007 00:00;;;;;;;;;;;;;;2.6;10.1;9.4;36.4;;;;;;;;;;;;;;;;17;;
PRE;13.10.2007 00:00;;;;;;;;;;;;;;5.1;12.7;18.4;45.7;;;;;;;;;;;;;;;;28;;
PRE;14.10.2007 00:00;;;;;;;;;;;;;;2.4;8.1;8.6;29.2;;;;;;;;;;;;;;;;4;;
PRE;15.10.2007 00:00;;;;;;;;;;;;;;1.3;3.3;4.7;11.9;;;;;;;;;;;;;;;;315;;
PRE;16.10.2007 00:00;;;;;;;;;;;;;;1.2;3.2;4.3;11.5;;;;;;;;;;;;;;;;304;;
PRE;17.10.2007 00:00;;;;;;;;;;;;;;1.9;8.5;6.8;30.6;;;;;;;;;;;;;;;;230;;
PRE;18.10.2007 00:00;;;;;;;;;;;;;;4.8;12.3;17.3;44.3;;;;;;;;;;;;;;;;28;;
PRE;19.10.2007 00:00;;;;;;;;;;;;;;6.8;15;24.5;54;;;;;;;;;;;;;;;;31;;
PRE;20.10.2007 00:00;;;;;;;;;;;;;;11.1;22;40;79.2;;;;;;;;;;;;;;;;25;;
PRE;21.10.2007 00:00;;;;;;;;;;;;;;7;18.1;25.2;65.2;;;;;;;;;;;;;;;;35;;
PRE;22.10.2007 00:00;;;;;;;;;;;;;;7.8;17.7;28.1;63.7;;;;;;;;;;;;;;;;28;;
PRE;23.10.2007 00:00;;;;;;;;;;;;;;6.1;14.2;22;51.1;;;;;;;;;;;;;;;;31;;
PRE;24.10.2007 00:00;;;;;;;;;;;;;;6.1;14.3;22;51.5;;;;;;;;;;;;;;;;27;;
PRE;25.10.2007 00:00;;;;;;;;;;;;;;4.5;11;16.2;39.6;;;;;;;;;;;;;;;;37;;
PRE;26.10.2007 00:00;;;;;;;;;;;;;;3;9.2;10.8;33.1;;;;;;;;;;;;;;;;26;;
PRE;27.10.2007 00:00;;;;;;;;;;;;;;1.8;8;6.5;28.8;;;;;;;;;;;;;;;;345;;
PRE;28.10.2007 00:00;;;;;;;;;;;;;;1.5;5.2;5.4;18.7;;;;;;;;;;;;;;;;346;;
PRE;29.10.2007 00:00;;;;;;;;;;;;;;1.6;5.3;5.8;19.1;;;;;;;;;;;;;;;;279;;
PRE;30.10.2007 00:00;;;;;;;;;;;;;;4.4;17.6;15.8;63.4;;;;;;;;;;;;;;;;14;;
PRE;31.10.2007 00:00;;;;;;;;;;;;;;9.5;20.2;34.2;72.7;;;;;;;;;;;;;;;;28;;
PRE;01.11.2007 00:00;;;;;;;;;;;;;;8.2;16.7;29.5;60.1;;;;;;;;;;;;;;;;28;;
PRE;02.11.2007 00:00;;;;;;;;;;;;;;4.6;12.6;16.6;45.4;;;;;;;;;;;;;;;;45;;
PRE;03.11.2007 00:00;;;;;;;;;;;;;;3.5;10.7;12.6;38.5;;;;;;;;;;;;;;;;41;;
PRE;04.11.2007 00:00;;;;;;;;;;;;;;5.9;16.7;21.2;60.1;;;;;;;;;;;;;;;;31;;
PRE;05.11.2007 00:00;;;;;;;;;;;;;;3.5;10.6;12.6;38.2;;;;;;;;;;;;;;;;12;;
PRE;06.11.2007 00:00;;;;;;;;;;;;;;3;9.8;10.8;35.3;;;;;;;;;;;;;;;;2;;
PRE;07.11.2007 00:00;;;;;;;;;;;;;;1.9;6.5;6.8;23.4;;;;;;;;;;;;;;;;14;;
PRE;08.11.2007 00:00;;;;;;;;;;;;;;2.3;13.3;8.3;47.9;;;;;;;;;;;;;;;;238;;
PRE;09.11.2007 00:00;;;;;;;;;;;;;;3.4;14;12.2;50.4;;;;;;;;;;;;;;;;261;;
PRE;10.11.2007 00:00;;;;;;;;;;;;;;5.5;13.1;19.8;47.2;;;;;;;;;;;;;;;;252;;
PRE;11.11.2007 00:00;;;;;;;;;;;;;;5.8;12.5;20.9;45;;;;;;;;;;;;;;;;246;;
PRE;12.11.2007 00:00;;;;;;;;;;;;;;3.5;9;12.6;32.4;;;;;;;;;;;;;;;;2;;
PRE;13.11.2007 00:00;;;;;;;;;;;;;;3.6;17.5;13;63;;;;;;;;;;;;;;;;256;;
PRE;14.11.2007 00:00;;;;;;;;;;;;;;4.7;13.3;16.9;47.9;;;;;;;;;;;;;;;;279;;
PRE;15.11.2007 00:00;;;;;;;;;;;;;;8.6;22.2;31;79.9;;;;;;;;;;;;;;;;34;;
PRE;16.11.2007 00:00;;;;;;;;;;;;;;8.4;19;30.2;68.4;;;;;;;;;;;;;;;;33;;
PRE;17.11.2007 00:00;;;;;;;;;;;;;;6.1;14.3;22;51.5;;;;;;;;;;;;;;;;42;;
PRE;18.11.2007 00:00;;;;;;;;;;;;;;3;8.2;10.8;29.5;;;;;;;;;;;;;;;;6;;
PRE;19.11.2007 00:00;;;;;;;;;;;;;;1.9;6;6.8;21.6;;;;;;;;;;;;;;;;3;;
PRE;20.11.2007 00:00;;;;;;;;;;;;;;1.8;5.7;6.5;20.5;;;;;;;;;;;;;;;;326;;
PRE;21.11.2007 00:00;;;;;;;;;;;;;;1.3;5;4.7;18;;;;;;;;;;;;;;;;293;;
PRE;22.11.2007 00:00;;;;;;;;;;;;;;1.4;5.2;5;18.7;;;;;;;;;;;;;;;;315;;
PRE;23.11.2007 00:00;;;;;;;;;;;;;;1.4;5.7;5;20.5;;;;;;;;;;;;;;;;315;;
PRE;24.11.2007 00:00;;;;;;;;;;;;;;5.6;14.6;20.2;52.6;;;;;;;;;;;;;;;;25;;
PRE;25.11.2007 00:00;;;;;;;;;;;;;;1.6;4.8;5.8;17.3;;;;;;;;;;;;;;;;304;;
PRE;26.11.2007 00:00;;;;;;;;;;;;;;3.8;10.2;13.7;36.7;;;;;;;;;;;;;;;;22;;
PRE;27.11.2007 00:00;;;;;;;;;;;;;;6.6;14.3;23.8;51.5;;;;;;;;;;;;;;;;25;;
PRE;28.11.2007 00:00;;;;;;;;;;;;;;3;8.5;10.8;30.6;;;;;;;;;;;;;;;;14;;
PRE;29.11.2007 00:00;;;;;;;;;;;;;;1.3;3.3;4.7;11.9;;;;;;;;;;;;;;;;323;;
PRE;30.11.2007 00:00;;;;;;;;;;;;;;1.2;5.2;4.3;18.7;;;;;;;;;;;;;;;;261;;
PRE;01.12.2007 00:00;;;;;;;;;;;;;;2.6;9.8;9.4;35.3;;;;;;;;;;;;;;;;232;;
PRE;02.12.2007 00:00;;;;;;;;;;;;;;7.3;21.3;26.3;76.7;;;;;;;;;;;;;;;;242;;
PRE;03.12.2007 00:00;;;;;;;;;;;;;;6.8;22.7;24.5;81.7;;;;;;;;;;;;;;;;237;;
PRE;04.12.2007 00:00;;;;;;;;;;;;;;2.8;10.8;10.1;38.9;;;;;;;;;;;;;;;;252;;
PRE;05.12.2007 00:00;;;;;;;;;;;;;;1.7;7.8;6.1;28.1;;;;;;;;;;;;;;;;256;;
PRE;06.12.2007 00:00;;;;;;;;;;;;;;5;12.2;18;43.9;;;;;;;;;;;;;;;;241;;
PRE;07.12.2007 00:00;;;;;;;;;;;;;;7.1;17.6;25.6;63.4;;;;;;;;;;;;;;;;243;;
PRE;08.12.2007 00:00;;;;;;;;;;;;;;5.2;14.3;18.7;51.5;;;;;;;;;;;;;;;;242;;
PRE;09.12.2007 00:00;;;;;;;;;;;;;;7.5;19.2;27;69.1;;;;;;;;;;;;;;;;237;;
PRE;10.12.2007 00:00;;;;;;;;;;;;;;6.8;17.6;24.5;63.4;;;;;;;;;;;;;;;;234;;
PRE;11.12.2007 00:00;;;;;;;;;;;;;;2.4;8.1;8.6;29.2;;;;;;;;;;;;;;;;342;;
PRE;12.12.2007 00:00;;;;;;;;;;;;;;6.7;15.8;24.1;56.9;;;;;;;;;;;;;;;;27;;
PRE;13.12.2007 00:00;;;;;;;;;;;;;;6.5;15;23.4;54;;;;;;;;;;;;;;;;29;;
PRE;14.12.2007 00:00;;;;;;;;;;;;;;6.7;15.3;24.1;55.1;;;;;;;;;;;;;;;;39;;
PRE;15.12.2007 00:00;;;;;;;;;;;;;;7.2;17.5;25.9;63;;;;;;;;;;;;;;;;29;;
PRE;16.12.2007 00:00;;;;;;;;;;;;;;5.3;10.8;19.1;38.9;;;;;;;;;;;;;;;;27;;
PRE;17.12.2007 00:00;;;;;;;;;;;;;;4.1;10.5;14.8;37.8;;;;;;;;;;;;;;;;35;;
PRE;18.12.2007 00:00;;;;;;;;;;;;;;3.5;8.5;12.6;30.6;;;;;;;;;;;;;;;;27;;
PRE;19.12.2007 00:00;;;;;;;;;;;;;;2.9;7.3;10.4;26.3;;;;;;;;;;;;;;;;350;;
PRE;20.12.2007 00:00;;;;;;;;;;;;;;2.8;6.8;10.1;24.5;;;;;;;;;;;;;;;;340;;
PRE;21.12.2007 00:00;;;;;;;;;;;;;;1.8;4.1;6.5;14.8;;;;;;;;;;;;;;;;325;;
PRE;22.12.2007 00:00;;;;;;;;;;;;;;1.6;5.3;5.8;19.1;;;;;;;;;;;;;;;;356;;
PRE;23.12.2007 00:00;;;;;;;;;;;;;;3.1;7;11.2;25.2;;;;;;;;;;;;;;;;2;;
PRE;24.12.2007 00:00;;;;;;;;;;;;;;2.9;7.1;10.4;25.6;;;;;;;;;;;;;;;;354;;
PRE;25.12.2007 00:00;;;;;;;;;;;;;;2;4.6;7.2;16.6;;;;;;;;;;;;;;;;357;;
PRE;26.12.2007 00:00;;;;;;;;;;;;;;1.6;6.3;5.8;22.7;;;;;;;;;;;;;;;;339;;
PRE;27.12.2007 00:00;;;;;;;;;;;;;;3.6;7.6;13;27.4;;;;;;;;;;;;;;;;8;;
PRE;28.12.2007 00:00;;;;;;;;;;;;;;2;6.5;7.2;23.4;;;;;;;;;;;;;;;;360;;
PRE;29.12.2007 00:00;;;;;;;;;;;;;;1.9;9.6;6.8;34.6;;;;;;;;;;;;;;;;242;;
PRE;30.12.2007 00:00;;;;;;;;;;;;;;2.5;7.1;9;25.6;;;;;;;;;;;;;;;;315;;
PRE;31.12.2007 00:00;;;;;;;;;;;;;;4.3;9.7;15.5;34.9;;;;;;;;;;;;;;;;26;;
PRE;01.01.2008 00:00;;;;;;;;;;;;;;4.3;9.7;15.5;34.9;;;;;;;;;;;;;;;;37;;
PRE;02.01.2008 00:00;;;;;;;;;;;;;;3.8;7.2;13.7;25.9;;;;;;;;;;;;;;;;8;;
PRE;03.01.2008 00:00;;;;;;;;;;;;;;3.4;11;12.2;39.6;;;;;;;;;;;;;;;;358;;
PRE;04.01.2008 00:00;;;;;;;;;;;;;;1.6;11;5.8;39.6;;;;;;;;;;;;;;;;310;;
PRE;05.01.2008 00:00;;;;;;;;;;;;;;3.6;10.6;13;38.2;;;;;;;;;;;;;;;;238;;
PRE;06.01.2008 00:00;;;;;;;;;;;;;;4.9;16.1;17.6;58;;;;;;;;;;;;;;;;241;;
PRE;07.01.2008 00:00;;;;;;;;;;;;;;4;14.1;14.4;50.8;;;;;;;;;;;;;;;;244;;
PRE;08.01.2008 00:00;;;;;;;;;;;;;;1.6;5.6;5.8;20.2;;;;;;;;;;;;;;;;324;;
PRE;09.01.2008 00:00;;;;;;;;;;;;;;2.1;8.1;7.6;29.2;;;;;;;;;;;;;;;;230;;
PRE;10.01.2008 00:00;;;;;;;;;;;;;;0.9;4;3.2;14.4;;;;;;;;;;;;;;;;315;;
PRE;11.01.2008 00:00;;;;;;;;;;;;;;1.9;11.6;6.8;41.8;;;;;;;;;;;;;;;;339;;
PRE;12.01.2008 00:00;;;;;;;;;;;;;;3.3;11.1;11.9;40;;;;;;;;;;;;;;;;252;;
PRE;13.01.2008 00:00;;;;;;;;;;;;;;2.9;10.1;10.4;36.4;;;;;;;;;;;;;;;;17;;
PRE;14.01.2008 00:00;;;;;;;;;;;;;;1;3.8;3.6;13.7;;;;;;;;;;;;;;;;315;;
PRE;15.01.2008 00:00;;;;;;;;;;;;;;4.6;15.1;16.6;54.4;;;;;;;;;;;;;;;;231;;
PRE;16.01.2008 00:00;;;;;;;;;;;;;;3.5;14.5;12.6;52.2;;;;;;;;;;;;;;;;228;;
PRE;17.01.2008 00:00;;;;;;;;;;;;;;5.2;11.6;18.7;41.8;;;;;;;;;;;;;;;;241;;
PRE;18.01.2008 00:00;;;;;;;;;;;;;;2.8;9.8;10.1;35.3;;;;;;;;;;;;;;;;229;;
PRE;19.01.2008 00:00;;;;;;;;;;;;;;1.7;7.5;6.1;27;;;;;;;;;;;;;;;;252;;
PRE;20.01.2008 00:00;;;;;;;;;;;;;;1.2;3.6;4.3;13;;;;;;;;;;;;;;;;329;;
PRE;21.01.2008 00:00;;;;;;;;;;;;;;2;13.7;7.2;49.3;;;;;;;;;;;;;;;;241;;
PRE;22.01.2008 00:00;;;;;;;;;;;;;;5;13.6;18;49;;;;;;;;;;;;;;;;273;;
PRE;23.01.2008 00:00;;;;;;;;;;;;;;4.2;13.5;15.1;48.6;;;;;;;;;;;;;;;;27;;
PRE;24.01.2008 00:00;;;;;;;;;;;;;;1.1;3.7;4;13.3;;;;;;;;;;;;;;;;307;;
PRE;25.01.2008 00:00;;;;;;;;;;;;;;5.6;15.8;20.2;56.9;;;;;;;;;;;;;;;;28;;
PRE;26.01.2008 00:00;;;;;;;;;;;;;;3.1;7.5;11.2;27;;;;;;;;;;;;;;;;4;;
PRE;27.01.2008 00:00;;;;;;;;;;;;;;1.3;3.8;4.7;13.7;;;;;;;;;;;;;;;;291;;
PRE;28.01.2008 00:00;;;;;;;;;;;;;;2.1;8.3;7.6;29.9;;;;;;;;;;;;;;;;342;;
PRE;29.01.2008 00:00;;;;;;;;;;;;;;0.9;2.7;3.2;9.7;;;;;;;;;;;;;;;;315;;
PRE;30.01.2008 00:00;;;;;;;;;;;;;;3;11.5;10.8;41.4;;;;;;;;;;;;;;;;241;;
PRE;31.01.2008 00:00;;;;;;;;;;;;;;3.9;12.2;14;43.9;;;;;;;;;;;;;;;;241;;
PRE;01.02.2008 00:00;;;;;;;;;;;;;;8.6;18.1;31;65.2;;;;;;;;;;;;;;;;243;;
PRE;02.02.2008 00:00;;;;;;;;;;;;;;3.5;13.2;12.6;47.5;;;;;;;;;;;;;;;;4;;
PRE;03.02.2008 00:00;;;;;;;;;;;;;;3;7.8;10.8;28.1;;;;;;;;;;;;;;;;8;;
PRE;04.02.2008 00:00;;;;;;;;;;;;;;3.8;11.1;13.7;40;;;;;;;;;;;;;;;;260;;
PRE;05.02.2008 00:00;;;;;;;;;;;;;;2.7;7.5;9.7;27;;;;;;;;;;;;;;;;218;;
PRE;06.02.2008 00:00;;;;;;;;;;;;;;4.7;14;16.9;50.4;;;;;;;;;;;;;;;;238;;
PRE;07.02.2008 00:00;;;;;;;;;;;;;;4.7;11.3;16.9;40.7;;;;;;;;;;;;;;;;21;;
PRE;08.02.2008 00:00;;;;;;;;;;;;;;3.4;11.2;12.2;40.3;;;;;;;;;;;;;;;;41;;
PRE;09.02.2008 00:00;;;;;;;;;;;;;;1.7;7.3;6.1;26.3;;;;;;;;;;;;;;;;29;;
PRE;10.02.2008 00:00;;;;;;;;;;;;;;3.2;8.6;11.5;31;;;;;;;;;;;;;;;;26;;
PRE;11.02.2008 00:00;;;;;;;;;;;;;;2.9;7.3;10.4;26.3;;;;;;;;;;;;;;;;25;;
PRE;12.02.2008 00:00;;;;;;;;;;;;;;2.2;7.5;7.9;27;;;;;;;;;;;;;;;;25;;
PRE;13.02.2008 00:00;;;;;;;;;;;;;;1.1;3.1;4;11.2;;;;;;;;;;;;;;;;342;;
PRE;14.02.2008 00:00;;;;;;;;;;;;;;1.4;4.8;5;17.3;;;;;;;;;;;;;;;;330;;
PRE;15.02.2008 00:00;;;;;;;;;;;;;;6.1;17.1;22;61.6;;;;;;;;;;;;;;;;29;;
PRE;16.02.2008 00:00;;;;;;;;;;;;;;6;12.6;21.6;45.4;;;;;;;;;;;;;;;;24;;
PRE;17.02.2008 00:00;;;;;;;;;;;;;;2.9;9.8;10.4;35.3;;;;;;;;;;;;;;;;10;;
PRE;18.02.2008 00:00;;;;;;;;;;;;;;1.5;5.3;5.4;19.1;;;;;;;;;;;;;;;;309;;
PRE;19.02.2008 00:00;;;;;;;;;;;;;;1.5;3.2;5.4;11.5;;;;;;;;;;;;;;;;310;;
PRE;20.02.2008 00:00;;;;;;;;;;;;;;1;3;3.6;10.8;;;;;;;;;;;;;;;;315;;
PRE;21.02.2008 00:00;;;;;;;;;;;;;;1;3.6;3.6;13;;;;;;;;;;;;;;;;180;;
PRE;22.02.2008 00:00;;;;;;;;;;;;;;1;3.1;3.6;11.2;;;;;;;;;;;;;;;;315;;
PRE;23.02.2008 00:00;;;;;;;;;;;;;;1.2;4.8;4.3;17.3;;;;;;;;;;;;;;;;333;;
PRE;24.02.2008 00:00;;;;;;;;;;;;;;1.7;7.7;6.1;27.7;;;;;;;;;;;;;;;;256;;
PRE;25.02.2008 00:00;;;;;;;;;;;;;;2.1;9;7.6;32.4;;;;;;;;;;;;;;;;239;;
PRE;26.02.2008 00:00;;;;;;;;;;;;;;4;15.6;14.4;56.2;;;;;;;;;;;;;;;;233;;
PRE;27.02.2008 00:00;;;;;;;;;;;;;;2.8;8.2;10.1;29.5;;;;;;;;;;;;;;;;248;;
PRE;28.02.2008 00:00;;;;;;;;;;;;;;1.4;5;5;18;;;;;;;;;;;;;;;;360;;
PRE;29.02.2008 00:00;;;;;;;;;;;;;;3.4;10;12.2;36;;;;;;;;;;;;;;;;241;;
PRE;01.03.2008 00:00;;;;;;;;;;;;;;7;18.2;25.2;65.5;;;;;;;;;;;;;;;;243;;
PRE;02.03.2008 00:00;;;;;;;;;;;;;;3.5;12.8;12.6;46.1;;;;;;;;;;;;;;;;240;;
PRE;03.03.2008 00:00;;;;;;;;;;;;;;4.4;15.5;15.8;55.8;;;;;;;;;;;;;;;;245;;
PRE;04.03.2008 00:00;;;;;;;;;;;;;;4.2;16.6;15.1;59.8;;;;;;;;;;;;;;;;298;;
PRE;05.03.2008 00:00;;;;;;;;;;;;;;9.7;21.6;34.9;77.8;;;;;;;;;;;;;;;;36;;
PRE;06.03.2008 00:00;;;;;;;;;;;;;;9.8;19.8;35.3;71.3;;;;;;;;;;;;;;;;33;;
PRE;07.03.2008 00:00;;;;;;;;;;;;;;4.3;15.6;15.5;56.2;;;;;;;;;;;;;;;;30;;
PRE;08.03.2008 00:00;;;;;;;;;;;;;;1.7;5.6;6.1;20.2;;;;;;;;;;;;;;;;27;;
PRE;09.03.2008 00:00;;;;;;;;;;;;;;3.7;14.6;13.3;52.6;;;;;;;;;;;;;;;;238;;
PRE;10.03.2008 00:00;;;;;;;;;;;;;;7.5;20.8;27;74.9;;;;;;;;;;;;;;;;237;;
PRE;11.03.2008 00:00;;;;;;;;;;;;;;7.6;15.1;27.4;54.4;;;;;;;;;;;;;;;;239;;
PRE;12.03.2008 00:00;;;;;;;;;;;;;;7.3;17.1;26.3;61.6;;;;;;;;;;;;;;;;244;;
PRE;13.03.2008 00:00;;;;;;;;;;;;;;4.1;11.3;14.8;40.7;;;;;;;;;;;;;;;;232;;
PRE;14.03.2008 00:00;;;;;;;;;;;;;;2.1;5;7.6;18;;;;;;;;;;;;;;;;153;;
PRE;15.03.2008 00:00;;;;;;;;;;;;;;2.4;17.3;8.6;62.3;;;;;;;;;;;;;;;;228;;
PRE;16.03.2008 00:00;;;;;;;;;;;;;;6;21;21.6;75.6;;;;;;;;;;;;;;;;239;;
PRE;17.03.2008 00:00;;;;;;;;;;;;;;4.5;9.6;16.2;34.6;;;;;;;;;;;;;;;;245;;
PRE;18.03.2008 00:00;;;;;;;;;;;;;;6.2;13.5;22.3;48.6;;;;;;;;;;;;;;;;25;;
PRE;19.03.2008 00:00;;;;;;;;;;;;;;5;10.5;18;37.8;;;;;;;;;;;;;;;;20;;
PRE;20.03.2008 00:00;;;;;;;;;;;;;;4;12.2;14.4;43.9;;;;;;;;;;;;;;;;357;;
PRE;21.03.2008 00:00;;;;;;;;;;;;;;7.7;17.7;27.7;63.7;;;;;;;;;;;;;;;;242;;
PRE;22.03.2008 00:00;;;;;;;;;;;;;;4.2;13.8;15.1;49.7;;;;;;;;;;;;;;;;247;;
PRE;23.03.2008 00:00;;;;;;;;;;;;;;2;9.8;7.2;35.3;;;;;;;;;;;;;;;;270;;
PRE;24.03.2008 00:00;;;;;;;;;;;;;;5.2;13.3;18.7;47.9;;;;;;;;;;;;;;;;239;;
PRE;25.03.2008 00:00;;;;;;;;;;;;;;4.7;10.8;16.9;38.9;;;;;;;;;;;;;;;;249;;
PRE;26.03.2008 00:00;;;;;;;;;;;;;;2.8;8.6;10.1;31;;;;;;;;;;;;;;;;234;;
PRE;27.03.2008 00:00;;;;;;;;;;;;;;4.4;13.5;15.8;48.6;;;;;;;;;;;;;;;;243;;
PRE;28.03.2008 00:00;;;;;;;;;;;;;;3.4;14.3;12.2;51.5;;;;;;;;;;;;;;;;239;;
PRE;29.03.2008 00:00;;;;;;;;;;;;;;3.3;17.1;11.9;61.6;;;;;;;;;;;;;;;;240;;
PRE;30.03.2008 00:00;;;;;;;;;;;;;;3.6;16.8;13;60.5;;;;;;;;;;;;;;;;234;;
PRE;31.03.2008 00:00;;;;;;;;;;;;;;2;9.2;7.2;33.1;;;;;;;;;;;;;;;;238;;
PRE;01.04.2008 00:00;;;;;;;;;;;;;;1.3;4.2;4.7;15.1;;;;;;;;;;;;;;;;149;;
PRE;02.04.2008 00:00;;;;;;;;;;;;;;3.5;11;12.6;39.6;;;;;;;;;;;;;;;;233;;
PRE;03.04.2008 00:00;;;;;;;;;;;;;;1.9;10.8;6.8;38.9;;;;;;;;;;;;;;;;18;;
PRE;04.04.2008 00:00;;;;;;;;;;;;;;5.2;12.6;18.7;45.4;;;;;;;;;;;;;;;;27;;
PRE;05.04.2008 00:00;;;;;;;;;;;;;;2.3;10.5;8.3;37.8;;;;;;;;;;;;;;;;238;;
PRE;06.04.2008 00:00;;;;;;;;;;;;;;4.4;15.3;15.8;55.1;;;;;;;;;;;;;;;;234;;
PRE;07.04.2008 00:00;;;;;;;;;;;;;;5.3;16;19.1;57.6;;;;;;;;;;;;;;;;252;;
PRE;08.04.2008 00:00;;;;;;;;;;;;;;2.8;8.8;10.1;31.7;;;;;;;;;;;;;;;;8;;
PRE;10.04.2008 00:00;;;;;;;;;;;;;;1.9;8.3;6.8;29.9;;;;;;;;;;;;;;;;20;;
PRE;11.04.2008 00:00;;;;;;;;;;;;;;2.2;11.5;7.9;41.4;;;;;;;;;;;;;;;;276;;
PRE;12.04.2008 00:00;;;;;;;;;;;;;;1.5;5.3;5.4;19.1;;;;;;;;;;;;;;;;236;;
PRE;13.04.2008 00:00;;;;;;;;;;;;;;2.1;10.2;7.6;36.7;;;;;;;;;;;;;;;;225;;
PRE;14.04.2008 00:00;;;;;;;;;;;;;;4.4;15.2;15.8;54.7;;;;;;;;;;;;;;;;234;;
PRE;15.04.2008 00:00;;;;;;;;;;;;;;2.3;6.8;8.3;24.5;;;;;;;;;;;;;;;;180;;
PRE;16.04.2008 00:00;;;;;;;;;;;;;;2.6;10.2;9.4;36.7;;;;;;;;;;;;;;;;34;;
PRE;17.04.2008 00:00;;;;;;;;;;;;;;4.5;11.8;16.2;42.5;;;;;;;;;;;;;;;;16;;
PRE;18.04.2008 00:00;;;;;;;;;;;;;;1.7;6.2;6.1;22.3;;;;;;;;;;;;;;;;233;;
PRE;19.04.2008 00:00;;;;;;;;;;;;;;5.2;15.5;18.7;55.8;;;;;;;;;;;;;;;;242;;
PRE;20.04.2008 00:00;;;;;;;;;;;;;;2.9;10.2;10.4;36.7;;;;;;;;;;;;;;;;360;;
PRE;21.04.2008 00:00;;;;;;;;;;;;;;1.6;5.1;5.8;18.4;;;;;;;;;;;;;;;;189;;
PRE;22.04.2008 00:00;;;;;;;;;;;;;;1.7;6.2;6.1;22.3;;;;;;;;;;;;;;;;217;;
PRE;23.04.2008 00:00;;;;;;;;;;;;;;1.3;6.5;4.7;23.4;;;;;;;;;;;;;;;;45;;
PRE;24.04.2008 00:00;;;;;;;;;;;;;;1.8;7.7;6.5;27.7;;;;;;;;;;;;;;;;259;;
PRE;25.04.2008 00:00;;;;;;;;;;;;;;2.4;8.5;8.6;30.6;;;;;;;;;;;;;;;;9;;
PRE;26.04.2008 00:00;;;;;;;;;;;;;;4.4;10.3;15.8;37.1;;;;;;;;;;;;;;;;23;;
PRE;27.04.2008 00:00;;;;;;;;;;;;;;2.8;10.8;10.1;38.9;;;;;;;;;;;;;;;;232;;
PRE;28.04.2008 00:00;;;;;;;;;;;;;;3.6;11.5;13;41.4;;;;;;;;;;;;;;;;232;;
PRE;29.04.2008 00:00;;;;;;;;;;;;;;2.6;7.7;9.4;27.7;;;;;;;;;;;;;;;;212;;
PRE;30.04.2008 00:00;;;;;;;;;;;;;;3.3;14.6;11.9;52.6;;;;;;;;;;;;;;;;243;;
PRE;01.05.2008 00:00;;;;;;;;;;;;;;1.6;4.8;5.8;17.3;;;;;;;;;;;;;;;;82;;
PRE;02.05.2008 00:00;;;;;;;;;;;;;;2;5.1;7.2;18.4;;;;;;;;;;;;;;;;32;;
PRE;03.05.2008 00:00;;;;;;;;;;;;;;2.5;8.1;9;29.2;;;;;;;;;;;;;;;;13;;
PRE;04.05.2008 00:00;;;;;;;;;;;;;;2.1;8.7;7.6;31.3;;;;;;;;;;;;;;;;18;;
PRE;05.05.2008 00:00;;;;;;;;;;;;;;6.9;14.1;24.8;50.8;;;;;;;;;;;;;;;;15;;
PRE;06.05.2008 00:00;;;;;;;;;;;;;;3.6;11;13;39.6;;;;;;;;;;;;;;;;15;;
PRE;07.05.2008 00:00;;;;;;;;;;;;;;2.3;7.7;8.3;27.7;;;;;;;;;;;;;;;;9;;
PRE;08.05.2008 00:00;;;;;;;;;;;;;;2.8;8.5;10.1;30.6;;;;;;;;;;;;;;;;347;;
PRE;09.05.2008 00:00;;;;;;;;;;;;;;2.1;6.2;7.6;22.3;;;;;;;;;;;;;;;;307;;
PRE;10.05.2008 00:00;;;;;;;;;;;;;;3.3;10.6;11.9;38.2;;;;;;;;;;;;;;;;14;;
PRE;11.05.2008 00:00;;;;;;;;;;;;;;3.2;13.8;11.5;49.7;;;;;;;;;;;;;;;;360;;
PRE;12.05.2008 00:00;;;;;;;;;;;;;;2.1;7.2;7.6;25.9;;;;;;;;;;;;;;;;342;;
PRE;13.05.2008 00:00;;;;;;;;;;;;;;1.8;5.3;6.5;19.1;;;;;;;;;;;;;;;;262;;
PRE;14.05.2008 00:00;;;;;;;;;;;;;;2.4;11.3;8.6;40.7;;;;;;;;;;;;;;;;230;;
PRE;15.05.2008 00:00;;;;;;;;;;;;;;2;19.2;7.2;69.1;;;;;;;;;;;;;;;;212;;
PRE;16.05.2008 00:00;;;;;;;;;;;;;;1.8;14.3;6.5;51.5;;;;;;;;;;;;;;;;202;;
PRE;17.05.2008 00:00;;;;;;;;;;;;;;2.1;8.1;7.6;29.2;;;;;;;;;;;;;;;;245;;
PRE;18.05.2008 00:00;;;;;;;;;;;;;;2.2;9.1;7.9;32.8;;;;;;;;;;;;;;;;27;;
PRE;19.05.2008 00:00;;;;;;;;;;;;;;6.2;15.8;22.3;56.9;;;;;;;;;;;;;;;;21;;
PRE;20.05.2008 00:00;;;;;;;;;;;;;;8.7;19.5;31.3;70.2;;;;;;;;;;;;;;;;34;;
PRE;21.05.2008 00:00;;;;;;;;;;;;;;4.5;14.5;16.2;52.2;;;;;;;;;;;;;;;;29;;
PRE;22.05.2008 00:00;;;;;;;;;;;;;;2.4;6;8.6;21.6;;;;;;;;;;;;;;;;37;;
PRE;23.05.2008 00:00;;;;;;;;;;;;;;1.7;7.6;6.1;27.4;;;;;;;;;;;;;;;;166;;
PRE;24.05.2008 00:00;;;;;;;;;;;;;;2.9;10.2;10.4;36.7;;;;;;;;;;;;;;;;7;;
PRE;25.05.2008 00:00;;;;;;;;;;;;;;2.3;8.3;8.3;29.9;;;;;;;;;;;;;;;;355;;
PRE;26.05.2008 00:00;;;;;;;;;;;;;;3.2;10.8;11.5;38.9;;;;;;;;;;;;;;;;328;;
PRE;27.05.2008 00:00;;;;;;;;;;;;;;3.2;11;11.5;39.6;;;;;;;;;;;;;;;;353;;
PRE;28.05.2008 00:00;;;;;;;;;;;;;;3.5;13.1;12.6;47.2;;;;;;;;;;;;;;;;241;;
PRE;29.05.2008 00:00;;;;;;;;;;;;;;2.6;8.8;9.4;31.7;;;;;;;;;;;;;;;;231;;
PRE;30.05.2008 00:00;;;;;;;;;;;;;;3.8;12.2;13.7;43.9;;;;;;;;;;;;;;;;233;;
PRE;31.05.2008 00:00;;;;;;;;;;;;;;2.6;14.8;9.4;53.3;;;;;;;;;;;;;;;;237;;
PRE;01.06.2008 00:00;;;;;;;;;;;;;;1.5;5.5;5.4;19.8;;;;;;;;;;;;;;;;233;;
PRE;02.06.2008 00:00;;;;;;;;;;;;;;2.2;10.8;7.9;38.9;;;;;;;;;;;;;;;;236;;
PRE;03.06.2008 00:00;;;;;;;;;;;;;;2;8.6;7.2;31;;;;;;;;;;;;;;;;194;;
PRE;04.06.2008 00:00;;;;;;;;;;;;;;1.1;4.2;4;15.1;;;;;;;;;;;;;;;;188;;
PRE;05.06.2008 00:00;;;;;;;;;;;;;;1.1;5.1;4;18.4;;;;;;;;;;;;;;;;216;;
PRE;06.06.2008 00:00;;;;;;;;;;;;;;3.9;9.1;14;32.8;;;;;;;;;;;;;;;;235;;
PRE;07.06.2008 00:00;;;;;;;;;;;;;;1.7;4.7;6.1;16.9;;;;;;;;;;;;;;;;236;;
PRE;08.06.2008 00:00;;;;;;;;;;;;;;4.3;13;15.5;46.8;;;;;;;;;;;;;;;;27;;
PRE;09.06.2008 00:00;;;;;;;;;;;;;;3.1;10.1;11.2;36.4;;;;;;;;;;;;;;;;40;;
PRE;10.06.2008 00:00;;;;;;;;;;;;;;2.6;15.1;9.4;54.4;;;;;;;;;;;;;;;;234;;
PRE;11.06.2008 00:00;;;;;;;;;;;;;;2.7;10.1;9.7;36.4;;;;;;;;;;;;;;;;331;;
PRE;12.06.2008 00:00;;;;;;;;;;;;;;2.9;13.7;10.4;49.3;;;;;;;;;;;;;;;;270;;
PRE;13.06.2008 00:00;;;;;;;;;;;;;;2.9;10.7;10.4;38.5;;;;;;;;;;;;;;;;6;;
PRE;14.06.2008 00:00;;;;;;;;;;;;;;2.5;7.7;9;27.7;;;;;;;;;;;;;;;;13;;
PRE;15.06.2008 00:00;;;;;;;;;;;;;;2.5;9.8;9;35.3;;;;;;;;;;;;;;;;254;;
PRE;16.06.2008 00:00;;;;;;;;;;;;;;2.2;6.5;7.9;23.4;;;;;;;;;;;;;;;;12;;
PRE;17.06.2008 00:00;;;;;;;;;;;;;;1.4;4.5;5;16.2;;;;;;;;;;;;;;;;211;;
PRE;18.06.2008 00:00;;;;;;;;;;;;;;1.7;4.7;6.1;16.9;;;;;;;;;;;;;;;;220;;
PRE;19.06.2008 00:00;;;;;;;;;;;;;;3.5;11.8;12.6;42.5;;;;;;;;;;;;;;;;233;;
PRE;20.06.2008 00:00;;;;;;;;;;;;;;1.5;4.5;5.4;16.2;;;;;;;;;;;;;;;;360;;
PRE;21.06.2008 00:00;;;;;;;;;;;;;;1.5;4.7;5.4;16.9;;;;;;;;;;;;;;;;315;;
PRE;22.06.2008 00:00;;;;;;;;;;;;;;2.5;9.5;9;34.2;;;;;;;;;;;;;;;;234;;
PRE;23.06.2008 00:00;;;;;;;;;;;;;;1.6;5.5;5.8;19.8;;;;;;;;;;;;;;;;225;;
PRE;24.06.2008 00:00;;;;;;;;;;;;;;1.5;4.1;5.4;14.8;;;;;;;;;;;;;;;;288;;
PRE;25.06.2008 00:00;;;;;;;;;;;;;;2.2;11;7.9;39.6;;;;;;;;;;;;;;;;288;;
PRE;26.06.2008 00:00;;;;;;;;;;;;;;2.7;7.6;9.7;27.4;;;;;;;;;;;;;;;;18;;
PRE;27.06.2008 00:00;;;;;;;;;;;;;;2.6;9.5;9.4;34.2;;;;;;;;;;;;;;;;9;;
PRE;28.06.2008 00:00;;;;;;;;;;;;;;2.9;8.8;10.4;31.7;;;;;;;;;;;;;;;;27;;
PRE;29.06.2008 00:00;;;;;;;;;;;;;;2.2;10.8;7.9;38.9;;;;;;;;;;;;;;;;59;;
PRE;30.06.2008 00:00;;;;;;;;;;;;;;2.8;10;10.1;36;;;;;;;;;;;;;;;;36;;
PRE;01.07.2008 00:00;;;;;;;;;;;;;;2.6;11;9.4;39.6;;;;;;;;;;;;;;;;50;;
PRE;02.07.2008 00:00;;;;;;;;;;;;;;2.1;7.3;7.6;26.3;;;;;;;;;;;;;;;;53;;
PRE;03.07.2008 00:00;;;;;;;;;;;;;;3.9;13.1;14;47.2;;;;;;;;;;;;;;;;257;;
PRE;04.07.2008 00:00;;;;;;;;;;;;;;2.5;9.7;9;34.9;;;;;;;;;;;;;;;;34;;
PRE;05.07.2008 00:00;;;;;;;;;;;;;;1.6;4.3;5.8;15.5;;;;;;;;;;;;;;;;270;;
PRE;06.07.2008 00:00;;;;;;;;;;;;;;3.2;13.8;11.5;49.7;;;;;;;;;;;;;;;;252;;
PRE;07.07.2008 00:00;;;;;;;;;;;;;;5.1;13.2;18.4;47.5;;;;;;;;;;;;;;;;235;;
PRE;08.07.2008 00:00;;;;;;;;;;;;;;4.1;10.2;14.8;36.7;;;;;;;;;;;;;;;;243;;
PRE;09.07.2008 00:00;;;;;;;;;;;;;;1.8;4.7;6.5;16.9;;;;;;;;;;;;;;;;202;;
PRE;10.07.2008 00:00;;;;;;;;;;;;;;1.5;5.6;5.4;20.2;;;;;;;;;;;;;;;;225;;
PRE;11.07.2008 00:00;;;;;;;;;;;;;;3;14.7;10.8;52.9;;;;;;;;;;;;;;;;238;;
PRE;12.07.2008 00:00;;;;;;;;;;;;;;2.1;6.1;7.6;22;;;;;;;;;;;;;;;;162;;
PRE;13.07.2008 00:00;;;;;;;;;;;;;;1.6;6.5;5.8;23.4;;;;;;;;;;;;;;;;353;;
PRE;14.07.2008 00:00;;;;;;;;;;;;;;2.6;8.7;9.4;31.3;;;;;;;;;;;;;;;;13;;
PRE;15.07.2008 00:00;;;;;;;;;;;;;;3;8.7;10.8;31.3;;;;;;;;;;;;;;;;18;;
PRE;16.07.2008 00:00;;;;;;;;;;;;;;1.8;7;6.5;25.2;;;;;;;;;;;;;;;;252;;
PRE;17.07.2008 00:00;;;;;;;;;;;;;;2.5;7.3;9;26.3;;;;;;;;;;;;;;;;254;;
PRE;18.07.2008 00:00;;;;;;;;;;;;;;2;7.5;7.2;27;;;;;;;;;;;;;;;;247;;
PRE;19.07.2008 00:00;;;;;;;;;;;;;;3.6;13;13;46.8;;;;;;;;;;;;;;;;230;;
PRE;20.07.2008 00:00;;;;;;;;;;;;;;4.7;16.7;16.9;60.1;;;;;;;;;;;;;;;;259;;
PRE;21.07.2008 00:00;;;;;;;;;;;;;;2.5;9.3;9;33.5;;;;;;;;;;;;;;;;6;;
PRE;22.07.2008 00:00;;;;;;;;;;;;;;4;10.1;14.4;36.4;;;;;;;;;;;;;;;;19;;
PRE;23.07.2008 00:00;;;;;;;;;;;;;;6;13.6;21.6;49;;;;;;;;;;;;;;;;20;;
PRE;24.07.2008 00:00;;;;;;;;;;;;;;3.5;8.7;12.6;31.3;;;;;;;;;;;;;;;;27;;
PRE;25.07.2008 00:00;;;;;;;;;;;;;;1.5;4.6;5.4;16.6;;;;;;;;;;;;;;;;180;;
PRE;26.07.2008 00:00;;;;;;;;;;;;;;2.7;10.3;9.7;37.1;;;;;;;;;;;;;;;;63;;
PRE;27.07.2008 00:00;;;;;;;;;;;;;;2;8.3;7.2;29.9;;;;;;;;;;;;;;;;279;;
PRE;28.07.2008 00:00;;;;;;;;;;;;;;1.6;4.3;5.8;15.5;;;;;;;;;;;;;;;;90;;
PRE;29.07.2008 00:00;;;;;;;;;;;;;;1.5;5.7;5.4;20.5;;;;;;;;;;;;;;;;180;;
PRE;30.07.2008 00:00;;;;;;;;;;;;;;2.7;12.8;9.7;46.1;;;;;;;;;;;;;;;;38;;
PRE;31.07.2008 00:00;;;;;;;;;;;;;;2;6.7;7.2;24.1;;;;;;;;;;;;;;;;36;;
PRE;01.08.2008 00:00;;;;;;;;;;;;;;2.4;11.8;8.6;42.5;;;;;;;;;;;;;;;;285;;
PRE;02.08.2008 00:00;;;;;;;;;;;;;;3.1;9;11.2;32.4;;;;;;;;;;;;;;;;235;;
PRE;03.08.2008 00:00;;;;;;;;;;;;;;2.5;9.5;9;34.2;;;;;;;;;;;;;;;;218;;
PRE;04.08.2008 00:00;;;;;;;;;;;;;;5.6;12;20.2;43.2;;;;;;;;;;;;;;;;252;;
PRE;05.08.2008 00:00;;;;;;;;;;;;;;2.4;7.6;8.6;27.4;;;;;;;;;;;;;;;;360;;
PRE;06.08.2008 00:00;;;;;;;;;;;;;;2.2;6.8;7.9;24.5;;;;;;;;;;;;;;;;11;;
PRE;07.08.2008 00:00;;;;;;;;;;;;;;2.5;9.6;9;34.6;;;;;;;;;;;;;;;;235;;
PRE;08.08.2008 00:00;;;;;;;;;;;;;;4.5;12.5;16.2;45;;;;;;;;;;;;;;;;236;;
PRE;09.08.2008 00:00;;;;;;;;;;;;;;1.7;5.8;6.1;20.9;;;;;;;;;;;;;;;;248;;
PRE;10.08.2008 00:00;;;;;;;;;;;;;;1.7;8;6.1;28.8;;;;;;;;;;;;;;;;243;;
PRE;11.08.2008 00:00;;;;;;;;;;;;;;2.1;15.1;7.6;54.4;;;;;;;;;;;;;;;;241;;
PRE;12.08.2008 00:00;;;;;;;;;;;;;;3.6;12.7;13;45.7;;;;;;;;;;;;;;;;235;;
PRE;13.08.2008 00:00;;;;;;;;;;;;;;4.5;12.2;16.2;43.9;;;;;;;;;;;;;;;;240;;
PRE;14.08.2008 00:00;;;;;;;;;;;;;;1.7;7.3;6.1;26.3;;;;;;;;;;;;;;;;278;;
PRE;15.08.2008 00:00;;;;;;;;;;;;;;2.8;10;10.1;36;;;;;;;;;;;;;;;;34;;
PRE;16.08.2008 00:00;;;;;;;;;;;;;;3.9;11.1;14;40;;;;;;;;;;;;;;;;16;;
PRE;17.08.2008 00:00;;;;;;;;;;;;;;1.7;11;6.1;39.6;;;;;;;;;;;;;;;;257;;
PRE;18.08.2008 00:00;;;;;;;;;;;;;;2.5;10.3;9;37.1;;;;;;;;;;;;;;;;214;;
PRE;19.08.2008 00:00;;;;;;;;;;;;;;3.4;19.3;12.2;69.5;;;;;;;;;;;;;;;;236;;
PRE;20.08.2008 00:00;;;;;;;;;;;;;;2.5;7.5;9;27;;;;;;;;;;;;;;;;239;;
PRE;21.08.2008 00:00;;;;;;;;;;;;;;2;6.1;7.2;22;;;;;;;;;;;;;;;;360;;
PRE;22.08.2008 00:00;;;;;;;;;;;;;;3.4;13.2;12.2;47.5;;;;;;;;;;;;;;;;243;;
PRE;23.08.2008 00:00;;;;;;;;;;;;;;2.5;12.1;9;43.6;;;;;;;;;;;;;;;;256;;
PRE;24.08.2008 00:00;;;;;;;;;;;;;;1.6;5.2;5.8;18.7;;;;;;;;;;;;;;;;288;;
PRE;25.08.2008 00:00;;;;;;;;;;;;;;1.2;3.7;4.3;13.3;;;;;;;;;;;;;;;;315;;
PRE;26.08.2008 00:00;;;;;;;;;;;;;;2.8;9.5;10.1;34.2;;;;;;;;;;;;;;;;19;;
PRE;27.08.2008 00:00;;;;;;;;;;;;;;2.4;7.2;8.6;25.9;;;;;;;;;;;;;;;;21;;
PRE;28.08.2008 00:00;;;;;;;;;;;;;;2.1;5.6;7.6;20.2;;;;;;;;;;;;;;;;338;;
PRE;29.08.2008 00:00;;;;;;;;;;;;;;2.8;7.6;10.1;27.4;;;;;;;;;;;;;;;;17;;
PRE;30.08.2008 00:00;;;;;;;;;;;;;;2.5;8.8;9;31.7;;;;;;;;;;;;;;;;23;;
PRE;31.08.2008 00:00;;;;;;;;;;;;;;1.5;5.7;5.4;20.5;;;;;;;;;;;;;;;;236;;
PRE;01.09.2008 00:00;;;;;;;;;;;;;;1.9;7.1;6.8;25.6;;;;;;;;;;;;;;;;297;;
PRE;02.09.2008 00:00;;;;;;;;;;;;;;2.6;12.2;9.4;43.9;;;;;;;;;;;;;;;;236;;
PRE;03.09.2008 00:00;;;;;;;;;;;;;;4.2;20.5;15.1;73.8;;;;;;;;;;;;;;;;235;;
PRE;04.09.2008 00:00;;;;;;;;;;;;;;2.8;9.7;10.1;34.9;;;;;;;;;;;;;;;;243;;
PRE;05.09.2008 00:00;;;;;;;;;;;;;;1.8;9.3;6.5;33.5;;;;;;;;;;;;;;;;240;;
PRE;06.09.2008 00:00;;;;;;;;;;;;;;2.3;7.6;8.3;27.4;;;;;;;;;;;;;;;;270;;
PRE;07.09.2008 00:00;;;;;;;;;;;;;;4.2;12.2;15.1;43.9;;;;;;;;;;;;;;;;239;;
PRE;08.09.2008 00:00;;;;;;;;;;;;;;1.4;4.2;5;15.1;;;;;;;;;;;;;;;;281;;
PRE;09.09.2008 00:00;;;;;;;;;;;;;;1.3;3.7;4.7;13.3;;;;;;;;;;;;;;;;284;;
PRE;10.09.2008 00:00;;;;;;;;;;;;;;1.4;4.5;5;16.2;;;;;;;;;;;;;;;;360;;
PRE;11.09.2008 00:00;;;;;;;;;;;;;;1.7;8;6.1;28.8;;;;;;;;;;;;;;;;281;;
PRE;12.09.2008 00:00;;;;;;;;;;;;;;2.3;10.3;8.3;37.1;;;;;;;;;;;;;;;;277;;
PRE;13.09.2008 00:00;;;;;;;;;;;;;;2.8;9.3;10.1;33.5;;;;;;;;;;;;;;;;18;;
PRE;14.09.2008 00:00;;;;;;;;;;;;;;5.3;14;19.1;50.4;;;;;;;;;;;;;;;;27;;
PRE;15.09.2008 00:00;;;;;;;;;;;;;;6.3;15.2;22.7;54.7;;;;;;;;;;;;;;;;23;;
PRE;16.09.2008 00:00;;;;;;;;;;;;;;7.2;15.6;25.9;56.2;;;;;;;;;;;;;;;;24;;
PRE;17.09.2008 00:00;;;;;;;;;;;;;;4.9;11;17.6;39.6;;;;;;;;;;;;;;;;12;;
PRE;18.09.2008 00:00;;;;;;;;;;;;;;2.3;7.5;8.3;27;;;;;;;;;;;;;;;;360;;
PRE;19.09.2008 00:00;;;;;;;;;;;;;;2.7;9.6;9.7;34.6;;;;;;;;;;;;;;;;21;;
PRE;20.09.2008 00:00;;;;;;;;;;;;;;6.6;14.5;23.8;52.2;;;;;;;;;;;;;;;;27;;
PRE;21.09.2008 00:00;;;;;;;;;;;;;;5.4;12.6;19.4;45.4;;;;;;;;;;;;;;;;31;;
PRE;22.09.2008 00:00;;;;;;;;;;;;;;5.7;13.8;20.5;49.7;;;;;;;;;;;;;;;;35;;
PRE;23.09.2008 00:00;;;;;;;;;;;;;;5.3;11.7;19.1;42.1;;;;;;;;;;;;;;;;29;;
PRE;24.09.2008 00:00;;;;;;;;;;;;;;3.9;9.5;14;34.2;;;;;;;;;;;;;;;;21;;
PRE;25.09.2008 00:00;;;;;;;;;;;;;;7.2;16.5;25.9;59.4;;;;;;;;;;;;;;;;27;;
PRE;26.09.2008 00:00;;;;;;;;;;;;;;6.3;14.2;22.7;51.1;;;;;;;;;;;;;;;;20;;
PRE;27.09.2008 00:00;;;;;;;;;;;;;;3.9;10.3;14;37.1;;;;;;;;;;;;;;;;20;;
PRE;28.09.2008 00:00;;;;;;;;;;;;;;1.6;5.1;5.8;18.4;;;;;;;;;;;;;;;;346;;
PRE;29.09.2008 00:00;;;;;;;;;;;;;;1.6;4.6;5.8;16.6;;;;;;;;;;;;;;;;254;;
PRE;30.09.2008 00:00;;;;;;;;;;;;;;3.5;9.5;12.6;34.2;;;;;;;;;;;;;;;;239;;
PRE;01.10.2008 00:00;;;;;;;;;;;;;;6.3;13.8;22.7;49.7;;;;;;;;;;;;;;;;235;;
PRE;02.10.2008 00:00;;;;;;;;;;;;;;5.4;12.8;19.4;;;;;;;;;;;;;;;;;;;
PRE;03.10.2008 00:00;;;;;;;;;;;;;;4.7;12;16.9;43.2;;;;;;;;;;;;;;;;244;;
PRE;04.10.2008 00:00;;;;;;;;;;;;;;3;7.8;10.8;28.1;;;;;;;;;;;;;;;;253;;
PRE;05.10.2008 00:00;;;;;;;;;;;;;;4.1;11.5;14.8;41.4;;;;;;;;;;;;;;;;241;;
PRE;06.10.2008 00:00;;;;;;;;;;;;;;3.4;12.3;12.2;44.3;;;;;;;;;;;;;;;;225;;
PRE;07.10.2008 00:00;;;;;;;;;;;;;;1;4;3.6;14.4;;;;;;;;;;;;;;;;315;;
PRE;08.10.2008 00:00;;;;;;;;;;;;;;1.8;5.7;6.5;20.5;;;;;;;;;;;;;;;;264;;
PRE;09.10.2008 00:00;;;;;;;;;;;;;;1.7;6;6.1;21.6;;;;;;;;;;;;;;;;11;;
PRE;10.10.2008 00:00;;;;;;;;;;;;;;1.8;5;6.5;18;;;;;;;;;;;;;;;;13;;
PRE;11.10.2008 00:00;;;;;;;;;;;;;;1.3;3.8;4.7;13.7;;;;;;;;;;;;;;;;329;;
PRE;12.10.2008 00:00;;;;;;;;;;;;;;1.1;4;4;14.4;;;;;;;;;;;;;;;;304;;
PRE;13.10.2008 00:00;;;;;;;;;;;;;;1.2;3.8;4.3;13.7;;;;;;;;;;;;;;;;346;;
PRE;14.10.2008 00:00;;;;;;;;;;;;;;1.1;2.8;4;10.1;;;;;;;;;;;;;;;;304;;
PRE;15.10.2008 00:00;;;;;;;;;;;;;;1.7;8.3;6.1;29.9;;;;;;;;;;;;;;;;249;;
PRE;16.10.2008 00:00;;;;;;;;;;;;;;4.5;11.8;16.2;42.5;;;;;;;;;;;;;;;;249;;
PRE;17.10.2008 00:00;;;;;;;;;;;;;;4.1;10.1;14.8;36.4;;;;;;;;;;;;;;;;27;;
PRE;18.10.2008 00:00;;;;;;;;;;;;;;2.3;8.3;8.3;29.9;;;;;;;;;;;;;;;;11;;
PRE;19.10.2008 00:00;;;;;;;;;;;;;;1.6;4.8;5.8;17.3;;;;;;;;;;;;;;;;353;;
PRE;20.10.2008 00:00;;;;;;;;;;;;;;1.5;6.5;5.4;23.4;;;;;;;;;;;;;;;;217;;
PRE;21.10.2008 00:00;;;;;;;;;;;;;;1.2;8.7;4.3;31.3;;;;;;;;;;;;;;;;153;;
PRE;22.10.2008 00:00;;;;;;;;;;;;;;3.2;12.2;11.5;43.9;;;;;;;;;;;;;;;;19;;
PRE;23.10.2008 00:00;;;;;;;;;;;;;;4.9;13.5;17.6;48.6;;;;;;;;;;;;;;;;24;;
PRE;24.10.2008 00:00;;;;;;;;;;;;;;1.8;6.5;6.5;23.4;;;;;;;;;;;;;;;;360;;
PRE;25.10.2008 00:00;;;;;;;;;;;;;;4.1;10.8;14.8;38.9;;;;;;;;;;;;;;;;20;;
PRE;26.10.2008 00:00;;;;;;;;;;;;;;1.5;4.2;5.4;15.1;;;;;;;;;;;;;;;;300;;
PRE;27.10.2008 00:00;;;;;;;;;;;;;;4.6;13.3;16.6;47.9;;;;;;;;;;;;;;;;246;;
PRE;28.10.2008 00:00;;;;;;;;;;;;;;2.2;8.5;7.9;30.6;;;;;;;;;;;;;;;;360;;
PRE;29.10.2008 00:00;;;;;;;;;;;;;;3.8;11.3;13.7;40.7;;;;;;;;;;;;;;;;24;;
PRE;30.10.2008 00:00;;;;;;;;;;;;;;3.9;12.5;14;45;;;;;;;;;;;;;;;;251;;
PRE;31.10.2008 00:00;;;;;;;;;;;;;;4.4;10.2;15.8;36.7;;;;;;;;;;;;;;;;10;;
PRE;01.11.2008 00:00;;;;;;;;;;;;;;2.5;7.7;9;27.7;;;;;;;;;;;;;;;;3;;
PRE;02.11.2008 00:00;;;;;;;;;;;;;;5.2;12.7;18.7;45.7;;;;;;;;;;;;;;;;16;;
PRE;03.11.2008 00:00;;;;;;;;;;;;;;2.3;9;8.3;32.4;;;;;;;;;;;;;;;;340;;
PRE;04.11.2008 00:00;;;;;;;;;;;;;;5;12.8;18;46.1;;;;;;;;;;;;;;;;21;;
PRE;05.11.2008 00:00;;;;;;;;;;;;;;1.4;4.1;5;14.8;;;;;;;;;;;;;;;;297;;
PRE;06.11.2008 00:00;;;;;;;;;;;;;;1.4;4.2;5;15.1;;;;;;;;;;;;;;;;344;;
PRE;07.11.2008 00:00;;;;;;;;;;;;;;1.2;3.5;4.3;12.6;;;;;;;;;;;;;;;;349;;
PRE;08.11.2008 00:00;;;;;;;;;;;;;;1.2;3.2;4.3;11.5;;;;;;;;;;;;;;;;351;;
PRE;09.11.2008 00:00;;;;;;;;;;;;;;3.4;10.6;12.2;38.2;;;;;;;;;;;;;;;;241;;
PRE;10.11.2008 00:00;;;;;;;;;;;;;;4.8;13.2;17.3;47.5;;;;;;;;;;;;;;;;235;;
PRE;11.11.2008 00:00;;;;;;;;;;;;;;4.2;11.6;15.1;41.8;;;;;;;;;;;;;;;;248;;
PRE;12.11.2008 00:00;;;;;;;;;;;;;;1.9;8;6.8;28.8;;;;;;;;;;;;;;;;10;;
PRE;13.11.2008 00:00;;;;;;;;;;;;;;7.8;18.3;28.1;65.9;;;;;;;;;;;;;;;;25;;
PRE;14.11.2008 00:00;;;;;;;;;;;;;;6.4;15.7;23;56.5;;;;;;;;;;;;;;;;25;;
PRE;15.11.2008 00:00;;;;;;;;;;;;;;3.4;8.5;12.2;30.6;;;;;;;;;;;;;;;;36;;
PRE;16.11.2008 00:00;;;;;;;;;;;;;;3.5;8.3;12.6;29.9;;;;;;;;;;;;;;;;9;;
PRE;17.11.2008 00:00;;;;;;;;;;;;;;2.9;10.6;10.4;38.2;;;;;;;;;;;;;;;;23;;
PRE;18.11.2008 00:00;;;;;;;;;;;;;;2.6;8.3;9.4;29.9;;;;;;;;;;;;;;;;253;;
PRE;19.11.2008 00:00;;;;;;;;;;;;;;2.1;5.6;7.6;20.2;;;;;;;;;;;;;;;;15;;
PRE;20.11.2008 00:00;;;;;;;;;;;;;;3.7;9.6;13.3;34.6;;;;;;;;;;;;;;;;241;;
PRE;21.11.2008 00:00;;;;;;;;;;;;;;6;14.8;21.6;53.3;;;;;;;;;;;;;;;;248;;
PRE;22.11.2008 00:00;;;;;;;;;;;;;;4.4;14.3;15.8;51.5;;;;;;;;;;;;;;;;266;;
PRE;23.11.2008 00:00;;;;;;;;;;;;;;5.7;17.7;20.5;63.7;;;;;;;;;;;;;;;;239;;
PRE;24.11.2008 00:00;;;;;;;;;;;;;;3.9;12.7;14;45.7;;;;;;;;;;;;;;;;265;;
PRE;25.11.2008 00:00;;;;;;;;;;;;;;5.2;12.2;18.7;43.9;;;;;;;;;;;;;;;;22;;
PRE;26.11.2008 00:00;;;;;;;;;;;;;;4.9;13.5;17.6;48.6;;;;;;;;;;;;;;;;21;;
PRE;27.11.2008 00:00;;;;;;;;;;;;;;1.5;5.3;5.4;19.1;;;;;;;;;;;;;;;;330;;
PRE;28.11.2008 00:00;;;;;;;;;;;;;;3;10.1;10.8;36.4;;;;;;;;;;;;;;;;6;;
PRE;29.11.2008 00:00;;;;;;;;;;;;;;3.2;13.8;11.5;49.7;;;;;;;;;;;;;;;;358;;
PRE;30.11.2008 00:00;;;;;;;;;;;;;;2.7;16.7;9.7;60.1;;;;;;;;;;;;;;;;292;;
PRE;01.12.2008 00:00;;;;;;;;;;;;;;3.7;12;13.3;43.2;;;;;;;;;;;;;;;;253;;
PRE;02.12.2008 00:00;;;;;;;;;;;;;;3.4;8.2;12.2;29.5;;;;;;;;;;;;;;;;252;;
PRE;03.12.2008 00:00;;;;;;;;;;;;;;6.3;14.3;22.7;51.5;;;;;;;;;;;;;;;;243;;
PRE;04.12.2008 00:00;;;;;;;;;;;;;;7.2;17.1;25.9;61.6;;;;;;;;;;;;;;;;245;;
PRE;05.12.2008 00:00;;;;;;;;;;;;;;8.5;18.6;30.6;67;;;;;;;;;;;;;;;;230;;
PRE;06.12.2008 00:00;;;;;;;;;;;;;;5.1;15.2;18.4;54.7;;;;;;;;;;;;;;;;239;;
PRE;07.12.2008 00:00;;;;;;;;;;;;;;3.9;11.5;14;41.4;;;;;;;;;;;;;;;;19;;
PRE;08.12.2008 00:00;;;;;;;;;;;;;;2.1;7.6;7.6;27.4;;;;;;;;;;;;;;;;22;;
PRE;09.12.2008 00:00;;;;;;;;;;;;;;1.7;9.3;6.1;33.5;;;;;;;;;;;;;;;;270;;
PRE;10.12.2008 00:00;;;;;;;;;;;;;;3.7;10.8;13.3;38.9;;;;;;;;;;;;;;;;24;;
PRE;11.12.2008 00:00;;;;;;;;;;;;;;3.2;6.3;11.5;22.7;;;;;;;;;;;;;;;;29;;
PRE;12.12.2008 00:00;;;;;;;;;;;;;;4.8;10.3;17.3;37.1;;;;;;;;;;;;;;;;23;;
PRE;13.12.2008 00:00;;;;;;;;;;;;;;2.4;7;8.6;25.2;;;;;;;;;;;;;;;;351;;
PRE;14.12.2008 00:00;;;;;;;;;;;;;;4.1;14.5;14.8;52.2;;;;;;;;;;;;;;;;12;;
PRE;15.12.2008 00:00;;;;;;;;;;;;;;2.1;9;7.6;32.4;;;;;;;;;;;;;;;;353;;
PRE;16.12.2008 00:00;;;;;;;;;;;;;;3.4;10.8;12.2;38.9;;;;;;;;;;;;;;;;22;;
PRE;17.12.2008 00:00;;;;;;;;;;;;;;2.7;7.7;9.7;27.7;;;;;;;;;;;;;;;;257;;
PRE;18.12.2008 00:00;;;;;;;;;;;;;;3.7;9.6;13.3;34.6;;;;;;;;;;;;;;;;27;;
PRE;19.12.2008 00:00;;;;;;;;;;;;;;1.5;5.2;5.4;18.7;;;;;;;;;;;;;;;;256;;
PRE;20.12.2008 00:00;;;;;;;;;;;;;;1.5;7;5.4;25.2;;;;;;;;;;;;;;;;248;;
PRE;21.12.2008 00:00;;;;;;;;;;;;;;1;4.8;3.6;17.3;;;;;;;;;;;;;;;;27;;
PRE;22.12.2008 00:00;;;;;;;;;;;;;;2.9;11.3;10.4;40.7;;;;;;;;;;;;;;;;29;;
PRE;23.12.2008 00:00;;;;;;;;;;;;;;5.6;13.5;20.2;48.6;;;;;;;;;;;;;;;;44;;
PRE;24.12.2008 00:00;;;;;;;;;;;;;;3.7;12.8;13.3;46.1;;;;;;;;;;;;;;;;43;;
PRE;25.12.2008 00:00;;;;;;;;;;;;;;7.8;18.2;28.1;65.5;;;;;;;;;;;;;;;;26;;
PRE;26.12.2008 00:00;;;;;;;;;;;;;;9.9;24.3;35.6;87.5;;;;;;;;;;;;;;;;23;;
PRE;27.12.2008 00:00;;;;;;;;;;;;;;5.6;11.6;20.2;41.8;;;;;;;;;;;;;;;;34;;
PRE;28.12.2008 00:00;;;;;;;;;;;;;;3.4;9.3;12.2;33.5;;;;;;;;;;;;;;;;25;;
PRE;29.12.2008 00:00;;;;;;;;;;;;;;2.7;7.5;9.7;27;;;;;;;;;;;;;;;;7;;
PRE;30.12.2008 00:00;;;;;;;;;;;;;;2.1;6.6;7.6;23.8;;;;;;;;;;;;;;;;6;;
PRE;31.12.2008 00:00;;;;;;;;;;;;;;1.4;5.6;5;20.2;;;;;;;;;;;;;;;;350;;
PRE;01.01.2009 00:00;;;;;;;;;;;;;;4.9;11.6;17.6;41.8;;;;;;;;;;;;;;;;15;;
PRE;02.01.2009 00:00;;;;;;;;;;;;;;4.2;10.7;15.1;38.5;;;;;;;;;;;;;;;;19;;
PRE;03.01.2009 00:00;;;;;;;;;;;;;;6.2;12.2;22.3;43.9;;;;;;;;;;;;;;;;15;;
PRE;04.01.2009 00:00;;;;;;;;;;;;;;3.4;9.5;12.2;34.2;;;;;;;;;;;;;;;;360;;
PRE;05.01.2009 00:00;;;;;;;;;;;;;;3.5;10.2;12.6;36.7;;;;;;;;;;;;;;;;2;;
PRE;06.01.2009 00:00;;;;;;;;;;;;;;5.3;12.3;19.1;44.3;;;;;;;;;;;;;;;;23;;
PRE;07.01.2009 00:00;;;;;;;;;;;;;;7.4;16.3;26.6;58.7;;;;;;;;;;;;;;;;32;;
PRE;08.01.2009 00:00;;;;;;;;;;;;;;5.7;14.5;20.5;52.2;;;;;;;;;;;;;;;;8;;
PRE;09.01.2009 00:00;;;;;;;;;;;;;;4.5;9;16.2;32.4;;;;;;;;;;;;;;;;359;;
PRE;10.01.2009 00:00;;;;;;;;;;;;;;3.5;8.1;12.6;29.2;;;;;;;;;;;;;;;;355;;
PRE;11.01.2009 00:00;;;;;;;;;;;;;;3.1;8.8;11.2;31.7;;;;;;;;;;;;;;;;354;;
PRE;12.01.2009 00:00;;;;;;;;;;;;;;1.4;4.3;5;15.5;;;;;;;;;;;;;;;;349;;
PRE;13.01.2009 00:00;;;;;;;;;;;;;;1.4;4.8;5;17.3;;;;;;;;;;;;;;;;340;;
PRE;14.01.2009 00:00;;;;;;;;;;;;;;1.5;7.8;5.4;28.1;;;;;;;;;;;;;;;;333;;
PRE;15.01.2009 00:00;;;;;;;;;;;;;;4.4;10.5;15.8;37.8;;;;;;;;;;;;;;;;16;;
PRE;16.01.2009 00:00;;;;;;;;;;;;;;1.5;4.1;5.4;14.8;;;;;;;;;;;;;;;;329;;
PRE;17.01.2009 00:00;;;;;;;;;;;;;;1.3;4.5;4.7;16.2;;;;;;;;;;;;;;;;320;;
PRE;18.01.2009 00:00;;;;;;;;;;;;;;5.1;14.5;18.4;52.2;;;;;;;;;;;;;;;;247;;
PRE;19.01.2009 00:00;;;;;;;;;;;;;;4.5;13;16.2;46.8;;;;;;;;;;;;;;;;243;;
PRE;20.01.2009 00:00;;;;;;;;;;;;;;2.2;10;7.9;36;;;;;;;;;;;;;;;;277;;
PRE;21.01.2009 00:00;;;;;;;;;;;;;;1.2;4.7;4.3;16.9;;;;;;;;;;;;;;;;307;;
PRE;22.01.2009 00:00;;;;;;;;;;;;;;2.4;8.3;8.6;29.9;;;;;;;;;;;;;;;;231;;
PRE;23.01.2009 00:00;;;;;;;;;;;;;;8.6;22.7;31;81.7;;;;;;;;;;;;;;;;241;;
PRE;24.01.2009 00:00;;;;;;;;;;;;;;3.2;12.1;11.5;43.6;;;;;;;;;;;;;;;;9;;
PRE;25.01.2009 00:00;;;;;;;;;;;;;;2.1;8.2;7.6;29.5;;;;;;;;;;;;;;;;346;;
PRE;26.01.2009 00:00;;;;;;;;;;;;;;1.7;7;6.1;25.2;;;;;;;;;;;;;;;;348;;
PRE;27.01.2009 00:00;;;;;;;;;;;;;;3.7;10.5;13.3;37.8;;;;;;;;;;;;;;;;27;;
PRE;28.01.2009 00:00;;;;;;;;;;;;;;4.8;10.2;17.3;36.7;;;;;;;;;;;;;;;;24;;
PRE;29.01.2009 00:00;;;;;;;;;;;;;;3.9;8.1;14;29.2;;;;;;;;;;;;;;;;16;;
PRE;30.01.2009 00:00;;;;;;;;;;;;;;3.7;8.3;13.3;29.9;;;;;;;;;;;;;;;;27;;
PRE;31.01.2009 00:00;;;;;;;;;;;;;;3.6;8.5;13;30.6;;;;;;;;;;;;;;;;37;;
PRE;01.02.2009 00:00;;;;;;;;;;;;;;4.2;9.5;15.1;34.2;;;;;;;;;;;;;;;;12;;
PRE;02.02.2009 00:00;;;;;;;;;;;;;;3.5;13;12.6;46.8;;;;;;;;;;;;;;;;13;;
PRE;03.02.2009 00:00;;;;;;;;;;;;;;1.3;6.2;4.7;22.3;;;;;;;;;;;;;;;;342;;
PRE;04.02.2009 00:00;;;;;;;;;;;;;;1.6;5.6;5.8;20.2;;;;;;;;;;;;;;;;324;;
PRE;05.02.2009 00:00;;;;;;;;;;;;;;1.7;9;6.1;32.4;;;;;;;;;;;;;;;;328;;
PRE;06.02.2009 00:00;;;;;;;;;;;;;;1.6;7.6;5.8;27.4;;;;;;;;;;;;;;;;270;;
PRE;07.02.2009 00:00;;;;;;;;;;;;;;4;9.6;14.4;34.6;;;;;;;;;;;;;;;;235;;
PRE;08.02.2009 00:00;;;;;;;;;;;;;;1.7;6.8;6.1;24.5;;;;;;;;;;;;;;;;243;;
PRE;09.02.2009 00:00;;;;;;;;;;;;;;4.5;12.8;16.2;46.1;;;;;;;;;;;;;;;;228;;
PRE;10.02.2009 00:00;;;;;;;;;;;;;;8.7;28.5;31.3;102.6;;;;;;;;;;;;;;;;238;;
PRE;11.02.2009 00:00;;;;;;;;;;;;;;3.1;8.8;11.2;31.7;;;;;;;;;;;;;;;;329;;
PRE;12.02.2009 00:00;;;;;;;;;;;;;;3.8;10;13.7;36;;;;;;;;;;;;;;;;297;;
PRE;13.02.2009 00:00;;;;;;;;;;;;;;1.6;4.7;5.8;16.9;;;;;;;;;;;;;;;;360;;
PRE;14.02.2009 00:00;;;;;;;;;;;;;;2.6;9.6;9.4;34.6;;;;;;;;;;;;;;;;23;;
PRE;15.02.2009 00:00;;;;;;;;;;;;;;5.1;12.7;18.4;45.7;;;;;;;;;;;;;;;;33;;
PRE;16.02.2009 00:00;;;;;;;;;;;;;;1.2;5.7;4.3;20.5;;;;;;;;;;;;;;;;344;;
PRE;17.02.2009 00:00;;;;;;;;;;;;;;3.2;7.7;11.5;27.7;;;;;;;;;;;;;;;;238;;
PRE;18.02.2009 00:00;;;;;;;;;;;;;;5.7;12.7;20.5;45.7;;;;;;;;;;;;;;;;14;;
PRE;19.02.2009 00:00;;;;;;;;;;;;;;5.1;11.6;18.4;41.8;;;;;;;;;;;;;;;;21;;
PRE;20.02.2009 00:00;;;;;;;;;;;;;;2.6;7.5;9.4;27;;;;;;;;;;;;;;;;25;;
PRE;21.02.2009 00:00;;;;;;;;;;;;;;5.2;13.3;18.7;47.9;;;;;;;;;;;;;;;;27;;
PRE;22.02.2009 00:00;;;;;;;;;;;;;;1.4;4.5;5;16.2;;;;;;;;;;;;;;;;307;;
PRE;23.02.2009 00:00;;;;;;;;;;;;;;1.1;5.2;4;18.7;;;;;;;;;;;;;;;;360;;
PRE;24.02.2009 00:00;;;;;;;;;;;;;;5.1;14.1;18.4;50.8;;;;;;;;;;;;;;;;27;;
PRE;25.02.2009 00:00;;;;;;;;;;;;;;3;11.8;10.8;42.5;;;;;;;;;;;;;;;;35;;
PRE;26.02.2009 00:00;;;;;;;;;;;;;;1.2;3.6;4.3;13;;;;;;;;;;;;;;;;333;;
PRE;27.02.2009 00:00;;;;;;;;;;;;;;2.7;7.6;9.7;27.4;;;;;;;;;;;;;;;;41;;
PRE;28.02.2009 00:00;;;;;;;;;;;;;;2.1;8.6;7.6;31;;;;;;;;;;;;;;;;7;;
PRE;01.03.2009 00:00;;;;;;;;;;;;;;1.2;7.7;4.3;27.7;;;;;;;;;;;;;;;;270;;
PRE;02.03.2009 00:00;;;;;;;;;;;;;;0.6;2.6;2.2;9.4;;;;;;;;;;;;;;;;135;;
PRE;03.03.2009 00:00;;;;;;;;;;;;;;1.5;6.2;5.4;22.3;;;;;;;;;;;;;;;;37;;
PRE;04.03.2009 00:00;;;;;;;;;;;;;;2.3;9;8.3;32.4;;;;;;;;;;;;;;;;264;;
PRE;05.03.2009 00:00;;;;;;;;;;;;;;3.2;10.6;11.5;38.2;;;;;;;;;;;;;;;;50;;
PRE;06.03.2009 00:00;;;;;;;;;;;;;;1.6;4.8;5.8;17.3;;;;;;;;;;;;;;;;175;;
PRE;07.03.2009 00:00;;;;;;;;;;;;;;2.7;11.1;9.7;40;;;;;;;;;;;;;;;;52;;
PRE;08.03.2009 00:00;;;;;;;;;;;;;;3.6;15.3;13;55.1;;;;;;;;;;;;;;;;232;;
PRE;09.03.2009 00:00;;;;;;;;;;;;;;6.1;18.8;22;67.7;;;;;;;;;;;;;;;;238;;
PRE;10.03.2009 00:00;;;;;;;;;;;;;;6.2;16.3;22.3;58.7;;;;;;;;;;;;;;;;243;;
PRE;11.03.2009 00:00;;;;;;;;;;;;;;4.2;11.1;15.1;40;;;;;;;;;;;;;;;;295;;
PRE;12.03.2009 00:00;;;;;;;;;;;;;;1.6;5.6;5.8;20.2;;;;;;;;;;;;;;;;39;;
PRE;13.03.2009 00:00;;;;;;;;;;;;;;1.2;6;4.3;21.6;;;;;;;;;;;;;;;;333;;
PRE;14.03.2009 00:00;;;;;;;;;;;;;;1.1;4;4;14.4;;;;;;;;;;;;;;;;27;;
PRE;15.03.2009 00:00;;;;;;;;;;;;;;3.3;13;11.9;46.8;;;;;;;;;;;;;;;;37;;
PRE;16.03.2009 00:00;;;;;;;;;;;;;;6.6;14.3;23.8;51.5;;;;;;;;;;;;;;;;18;;
PRE;17.03.2009 00:00;;;;;;;;;;;;;;3.7;15.8;13.3;56.9;;;;;;;;;;;;;;;;29;;
PRE;18.03.2009 00:00;;;;;;;;;;;;;;7.2;16;25.9;57.6;;;;;;;;;;;;;;;;27;;
PRE;19.03.2009 00:00;;;;;;;;;;;;;;5.1;14.8;18.4;53.3;;;;;;;;;;;;;;;;30;;
PRE;20.03.2009 00:00;;;;;;;;;;;;;;10.7;21.7;38.5;78.1;;;;;;;;;;;;;;;;27;;
PRE;21.03.2009 00:00;;;;;;;;;;;;;;7.8;19.3;28.1;69.5;;;;;;;;;;;;;;;;26;;
PRE;22.03.2009 00:00;;;;;;;;;;;;;;4;10.2;14.4;36.7;;;;;;;;;;;;;;;;38;;
PRE;23.03.2009 00:00;;;;;;;;;;;;;;3.5;16.3;12.6;58.7;;;;;;;;;;;;;;;;233;;
PRE;24.03.2009 00:00;;;;;;;;;;;;;;4.2;16.8;15.1;60.5;;;;;;;;;;;;;;;;315;;
PRE;25.03.2009 00:00;;;;;;;;;;;;;;5.6;18.3;20.2;65.9;;;;;;;;;;;;;;;;241;;
PRE;26.03.2009 00:00;;;;;;;;;;;;;;5.2;10.5;18.7;37.8;;;;;;;;;;;;;;;;239;;
PRE;27.03.2009 00:00;;;;;;;;;;;;;;6.2;17.6;22.3;63.4;;;;;;;;;;;;;;;;239;;
PRE;28.03.2009 00:00;;;;;;;;;;;;;;4.8;18.6;17.3;67;;;;;;;;;;;;;;;;227;;
PRE;29.03.2009 00:00;;;;;;;;;;;;;;6.8;17.5;24.5;63;;;;;;;;;;;;;;;;27;;
PRE;30.03.2009 00:00;;;;;;;;;;;;;;7.5;16.7;27;60.1;;;;;;;;;;;;;;;;24;;
PRE;31.03.2009 00:00;;;;;;;;;;;;;;6.3;14.3;22.7;51.5;;;;;;;;;;;;;;;;33;;
PRE;01.04.2009 00:00;;;;;;;;;;;;;;5.7;13.6;20.5;49;;;;;;;;;;;;;;;;18;;
PRE;02.04.2009 00:00;;;;;;;;;;;;;;2;7.7;7.2;27.7;;;;;;;;;;;;;;;;27;;
PRE;03.04.2009 00:00;;;;;;;;;;;;;;1.5;5;5.4;18;;;;;;;;;;;;;;;;117;;
PRE;04.04.2009 00:00;;;;;;;;;;;;;;1.8;7.7;6.5;27.7;;;;;;;;;;;;;;;;301;;
PRE;05.04.2009 00:00;;;;;;;;;;;;;;2;7;7.2;25.2;;;;;;;;;;;;;;;;360;;
PRE;06.04.2009 00:00;;;;;;;;;;;;;;1.5;7.8;5.4;28.1;;;;;;;;;;;;;;;;76;;
PRE;07.04.2009 00:00;;;;;;;;;;;;;;2.2;11;7.9;39.6;;;;;;;;;;;;;;;;236;;
PRE;08.04.2009 00:00;;;;;;;;;;;;;;1.2;3.6;4.3;13;;;;;;;;;;;;;;;;45;;
PRE;09.04.2009 00:00;;;;;;;;;;;;;;1.9;7.5;6.8;27;;;;;;;;;;;;;;;;9;;
PRE;10.04.2009 00:00;;;;;;;;;;;;;;1.7;5.7;6.1;20.5;;;;;;;;;;;;;;;;270;;
PRE;11.04.2009 00:00;;;;;;;;;;;;;;2.6;9.5;9.4;34.2;;;;;;;;;;;;;;;;14;;
PRE;12.04.2009 00:00;;;;;;;;;;;;;;1.6;7;5.8;25.2;;;;;;;;;;;;;;;;307;;
PRE;13.04.2009 00:00;;;;;;;;;;;;;;2.1;9.6;7.6;34.6;;;;;;;;;;;;;;;;304;;
PRE;14.04.2009 00:00;;;;;;;;;;;;;;1.6;6.5;5.8;23.4;;;;;;;;;;;;;;;;243;;
PRE;15.04.2009 00:00;;;;;;;;;;;;;;1.7;6.3;6.1;22.7;;;;;;;;;;;;;;;;254;;
PRE;16.04.2009 00:00;;;;;;;;;;;;;;2.3;26.3;8.3;94.7;;;;;;;;;;;;;;;;243;;
PRE;17.04.2009 00:00;;;;;;;;;;;;;;2.4;8.5;8.6;30.6;;;;;;;;;;;;;;;;231;;
PRE;18.04.2009 00:00;;;;;;;;;;;;;;2.1;8.7;7.6;31.3;;;;;;;;;;;;;;;;349;;
PRE;19.04.2009 00:00;;;;;;;;;;;;;;3;8.5;10.8;30.6;;;;;;;;;;;;;;;;25;;
PRE;20.04.2009 00:00;;;;;;;;;;;;;;4.4;12.6;15.8;45.4;;;;;;;;;;;;;;;;25;;
PRE;21.04.2009 00:00;;;;;;;;;;;;;;6;17.2;21.6;61.9;;;;;;;;;;;;;;;;27;;
PRE;22.04.2009 00:00;;;;;;;;;;;;;;5.8;13.2;20.9;47.5;;;;;;;;;;;;;;;;16;;
PRE;23.04.2009 00:00;;;;;;;;;;;;;;3.7;11.7;13.3;42.1;;;;;;;;;;;;;;;;30;;
PRE;24.04.2009 00:00;;;;;;;;;;;;;;4.3;13.6;15.5;49;;;;;;;;;;;;;;;;25;;
PRE;25.04.2009 00:00;;;;;;;;;;;;;;1.4;4.5;5;16.2;;;;;;;;;;;;;;;;270;;
PRE;26.04.2009 00:00;;;;;;;;;;;;;;2.5;7.8;9;28.1;;;;;;;;;;;;;;;;262;;
PRE;27.04.2009 00:00;;;;;;;;;;;;;;2.4;14.1;8.6;50.8;;;;;;;;;;;;;;;;232;;
PRE;28.04.2009 00:00;;;;;;;;;;;;;;2.8;9.2;10.1;33.1;;;;;;;;;;;;;;;;27;;
PRE;29.04.2009 00:00;;;;;;;;;;;;;;3.7;11.2;13.3;40.3;;;;;;;;;;;;;;;;233;;
PRE;30.04.2009 00:00;;;;;;;;;;;;;;1.9;7.8;6.8;28.1;;;;;;;;;;;;;;;;41;;
PRE;01.05.2009 00:00;;;;;;;;;;;;;;3.8;11.1;13.7;40;;;;;;;;;;;;;;;;29;;
PRE;02.05.2009 00:00;;;;;;;;;;;;;;5.3;17.2;19.1;61.9;;;;;;;;;;;;;;;;17;;
PRE;03.05.2009 00:00;;;;;;;;;;;;;;3.2;12;11.5;43.2;;;;;;;;;;;;;;;;27;;
PRE;04.05.2009 00:00;;;;;;;;;;;;;;3.3;9.6;11.9;34.6;;;;;;;;;;;;;;;;32;;
PRE;05.05.2009 00:00;;;;;;;;;;;;;;2.3;7.6;8.3;27.4;;;;;;;;;;;;;;;;34;;
PRE;06.05.2009 00:00;;;;;;;;;;;;;;1.7;5.1;6.1;18.4;;;;;;;;;;;;;;;;180;;
PRE;07.05.2009 00:00;;;;;;;;;;;;;;1.7;10.2;6.1;36.7;;;;;;;;;;;;;;;;315;;
PRE;08.05.2009 00:00;;;;;;;;;;;;;;4;17.6;14.4;63.4;;;;;;;;;;;;;;;;236;;
PRE;09.05.2009 00:00;;;;;;;;;;;;;;2.6;9.3;9.4;33.5;;;;;;;;;;;;;;;;239;;
PRE;10.05.2009 00:00;;;;;;;;;;;;;;2;9.2;7.2;33.1;;;;;;;;;;;;;;;;261;;
PRE;11.05.2009 00:00;;;;;;;;;;;;;;1.2;4;4.3;14.4;;;;;;;;;;;;;;;;315;;
PRE;12.05.2009 00:00;;;;;;;;;;;;;;2.2;8;7.9;28.8;;;;;;;;;;;;;;;;6;;
PRE;13.05.2009 00:00;;;;;;;;;;;;;;1.5;8.1;5.4;29.2;;;;;;;;;;;;;;;;252;;
PRE;14.05.2009 00:00;;;;;;;;;;;;;;2.3;10.2;8.3;36.7;;;;;;;;;;;;;;;;228;;
PRE;15.05.2009 00:00;;;;;;;;;;;;;;3.5;8.2;12.6;29.5;;;;;;;;;;;;;;;;238;;
PRE;16.05.2009 00:00;;;;;;;;;;;;;;1.8;5.3;6.5;19.1;;;;;;;;;;;;;;;;79;;
PRE;17.05.2009 00:00;;;;;;;;;;;;;;2.5;14.1;9;50.8;;;;;;;;;;;;;;;;236;;
PRE;18.05.2009 00:00;;;;;;;;;;;;;;2.3;8.2;8.3;29.5;;;;;;;;;;;;;;;;32;;
PRE;19.05.2009 00:00;;;;;;;;;;;;;;1.7;4.5;6.1;16.2;;;;;;;;;;;;;;;;76;;
PRE;20.05.2009 00:00;;;;;;;;;;;;;;1.7;4.2;6.1;15.1;;;;;;;;;;;;;;;;27;;
PRE;21.05.2009 00:00;;;;;;;;;;;;;;3.4;13.6;12.2;49;;;;;;;;;;;;;;;;234;;
PRE;22.05.2009 00:00;;;;;;;;;;;;;;2.4;8.8;8.6;31.7;;;;;;;;;;;;;;;;50;;
PRE;23.05.2009 00:00;;;;;;;;;;;;;;2.6;10;9.4;36;;;;;;;;;;;;;;;;20;;
PRE;24.05.2009 00:00;;;;;;;;;;;;;;1.5;8.8;5.4;31.7;;;;;;;;;;;;;;;;63;;
PRE;25.05.2009 00:00;;;;;;;;;;;;;;1.6;4.8;5.8;17.3;;;;;;;;;;;;;;;;261;;
PRE;26.05.2009 00:00;;;;;;;;;;;;;;3.1;12;11.2;43.2;;;;;;;;;;;;;;;;270;;
PRE;27.05.2009 00:00;;;;;;;;;;;;;;3;10.8;10.8;38.9;;;;;;;;;;;;;;;;43;;
PRE;28.05.2009 00:00;;;;;;;;;;;;;;3.9;12.6;14;45.4;;;;;;;;;;;;;;;;35;;
PRE;29.05.2009 00:00;;;;;;;;;;;;;;8.7;21.5;31.3;77.4;;;;;;;;;;;;;;;;29;;
PRE;30.05.2009 00:00;;;;;;;;;;;;;;5.6;17.5;20.2;63;;;;;;;;;;;;;;;;46;;
PRE;31.05.2009 00:00;;;;;;;;;;;;;;4.9;13.3;17.6;47.9;;;;;;;;;;;;;;;;35;;
PRE;01.06.2009 00:00;;;;;;;;;;;;;;6.7;19.3;24.1;69.5;;;;;;;;;;;;;;;;31;;
PRE;02.06.2009 00:00;;;;;;;;;;;;;;7.6;16.7;27.4;60.1;;;;;;;;;;;;;;;;21;;
PRE;03.06.2009 00:00;;;;;;;;;;;;;;4.1;10;14.8;36;;;;;;;;;;;;;;;;30;;
PRE;04.06.2009 00:00;;;;;;;;;;;;;;2.4;9.3;8.6;33.5;;;;;;;;;;;;;;;;108;;
PRE;05.06.2009 00:00;;;;;;;;;;;;;;2.3;10.7;8.3;38.5;;;;;;;;;;;;;;;;270;;
PRE;06.06.2009 00:00;;;;;;;;;;;;;;5.7;15.5;20.5;55.8;;;;;;;;;;;;;;;;234;;
PRE;07.06.2009 00:00;;;;;;;;;;;;;;3.9;15.8;14;56.9;;;;;;;;;;;;;;;;241;;
PRE;08.06.2009 00:00;;;;;;;;;;;;;;1.2;7.1;4.3;25.6;;;;;;;;;;;;;;;;135;;
PRE;09.06.2009 00:00;;;;;;;;;;;;;;4.2;19.8;15.1;71.3;;;;;;;;;;;;;;;;235;;
PRE;10.06.2009 00:00;;;;;;;;;;;;;;4.1;14;14.8;50.4;;;;;;;;;;;;;;;;235;;
PRE;11.06.2009 00:00;;;;;;;;;;;;;;5.3;15.1;19.1;54.4;;;;;;;;;;;;;;;;254;;
PRE;12.06.2009 00:00;;;;;;;;;;;;;;1.8;5.7;6.5;20.5;;;;;;;;;;;;;;;;45;;
PRE;13.06.2009 00:00;;;;;;;;;;;;;;2;8;7.2;28.8;;;;;;;;;;;;;;;;342;;
PRE;14.06.2009 00:00;;;;;;;;;;;;;;2;11.1;7.2;40;;;;;;;;;;;;;;;;27;;
PRE;15.06.2009 00:00;;;;;;;;;;;;;;2.6;12.7;9.4;45.7;;;;;;;;;;;;;;;;234;;
PRE;16.06.2009 00:00;;;;;;;;;;;;;;3.7;10.6;13.3;38.2;;;;;;;;;;;;;;;;284;;
PRE;17.06.2009 00:00;;;;;;;;;;;;;;2.8;9.7;10.1;34.9;;;;;;;;;;;;;;;;40;;
PRE;18.06.2009 00:00;;;;;;;;;;;;;;1.8;6.3;6.5;22.7;;;;;;;;;;;;;;;;219;;
PRE;19.06.2009 00:00;;;;;;;;;;;;;;2.6;7.8;9.4;28.1;;;;;;;;;;;;;;;;22;;
PRE;20.06.2009 00:00;;;;;;;;;;;;;;4.6;12.5;16.6;45;;;;;;;;;;;;;;;;18;;
PRE;21.06.2009 00:00;;;;;;;;;;;;;;4.4;11.7;15.8;42.1;;;;;;;;;;;;;;;;19;;
PRE;22.06.2009 00:00;;;;;;;;;;;;;;5.6;15.1;20.2;54.4;;;;;;;;;;;;;;;;23;;
PRE;23.06.2009 00:00;;;;;;;;;;;;;;9.6;21.5;34.6;77.4;;;;;;;;;;;;;;;;28;;
PRE;24.06.2009 00:00;;;;;;;;;;;;;;6.1;16.1;22;58;;;;;;;;;;;;;;;;19;;
PRE;25.06.2009 00:00;;;;;;;;;;;;;;2.9;7.6;10.4;27.4;;;;;;;;;;;;;;;;28;;
PRE;26.06.2009 00:00;;;;;;;;;;;;;;2.8;15.7;10.1;56.5;;;;;;;;;;;;;;;;225;;
PRE;27.06.2009 00:00;;;;;;;;;;;;;;2.1;7;7.6;25.2;;;;;;;;;;;;;;;;297;;
PRE;28.06.2009 00:00;;;;;;;;;;;;;;2.6;6.6;9.4;23.8;;;;;;;;;;;;;;;;48;;
PRE;29.06.2009 00:00;;;;;;;;;;;;;;2.3;7.1;8.3;25.6;;;;;;;;;;;;;;;;27;;
PRE;30.06.2009 00:00;;;;;;;;;;;;;;2.2;9.2;7.9;33.1;;;;;;;;;;;;;;;;18;;
PRE;01.07.2009 00:00;;;;;;;;;;;;;;2.2;9.3;7.9;33.5;;;;;;;;;;;;;;;;18;;
PRE;02.07.2009 00:00;;;;;;;;;;;;;;1.8;6.5;6.5;23.4;;;;;;;;;;;;;;;;243;;
PRE;03.07.2009 00:00;;;;;;;;;;;;;;2.8;9.1;10.1;32.8;;;;;;;;;;;;;;;;338;;
PRE;04.07.2009 00:00;;;;;;;;;;;;;;2.9;7.7;10.4;27.7;;;;;;;;;;;;;;;;16;;
PRE;05.07.2009 00:00;;;;;;;;;;;;;;1.8;6.6;6.5;23.8;;;;;;;;;;;;;;;;270;;
PRE;06.07.2009 00:00;;;;;;;;;;;;;;2.7;10.3;9.7;37.1;;;;;;;;;;;;;;;;246;;
PRE;07.07.2009 00:00;;;;;;;;;;;;;;3.2;11.5;11.5;41.4;;;;;;;;;;;;;;;;237;;
PRE;08.07.2009 00:00;;;;;;;;;;;;;;3.8;10.8;13.7;38.9;;;;;;;;;;;;;;;;235;;
PRE;09.07.2009 00:00;;;;;;;;;;;;;;2.8;13.1;10.1;47.2;;;;;;;;;;;;;;;;276;;
PRE;10.07.2009 00:00;;;;;;;;;;;;;;2.5;8.1;9;29.2;;;;;;;;;;;;;;;;242;;
PRE;11.07.2009 00:00;;;;;;;;;;;;;;1.9;5.6;6.8;20.2;;;;;;;;;;;;;;;;180;;
PRE;12.07.2009 00:00;;;;;;;;;;;;;;2;10.3;7.2;37.1;;;;;;;;;;;;;;;;236;;
PRE;13.07.2009 00:00;;;;;;;;;;;;;;1.8;7.2;6.5;25.9;;;;;;;;;;;;;;;;135;;
PRE;14.07.2009 00:00;;;;;;;;;;;;;;2.4;11.5;8.6;41.4;;;;;;;;;;;;;;;;235;;
PRE;15.07.2009 00:00;;;;;;;;;;;;;;1.8;6.6;6.5;23.8;;;;;;;;;;;;;;;;60;;
PRE;16.07.2009 00:00;;;;;;;;;;;;;;2.7;13;9.7;46.8;;;;;;;;;;;;;;;;42;;
PRE;17.07.2009 00:00;;;;;;;;;;;;;;3.1;14;11.2;50.4;;;;;;;;;;;;;;;;242;;
PRE;18.07.2009 00:00;;;;;;;;;;;;;;4.2;10.3;15.1;37.1;;;;;;;;;;;;;;;;238;;
PRE;19.07.2009 00:00;;;;;;;;;;;;;;3.9;9.8;14;35.3;;;;;;;;;;;;;;;;238;;
PRE;20.07.2009 00:00;;;;;;;;;;;;;;3;9.1;10.8;32.8;;;;;;;;;;;;;;;;225;;
PRE;21.07.2009 00:00;;;;;;;;;;;;;;2.3;11.2;8.3;40.3;;;;;;;;;;;;;;;;231;;
PRE;22.07.2009 00:00;;;;;;;;;;;;;;2.2;10.3;7.9;37.1;;;;;;;;;;;;;;;;331;;
PRE;23.07.2009 00:00;;;;;;;;;;;;;;2.6;25.3;9.4;91.1;;;;;;;;;;;;;;;;270;;
PRE;24.07.2009 00:00;;;;;;;;;;;;;;2;9;7.2;32.4;;;;;;;;;;;;;;;;249;;
PRE;25.07.2009 00:00;;;;;;;;;;;;;;3.2;7.8;11.5;28.1;;;;;;;;;;;;;;;;264;;
PRE;26.07.2009 00:00;;;;;;;;;;;;;;2.6;7.5;9.4;27;;;;;;;;;;;;;;;;38;;
PRE;27.07.2009 00:00;;;;;;;;;;;;;;2.5;12.6;9;45.4;;;;;;;;;;;;;;;;256;;
PRE;28.07.2009 00:00;;;;;;;;;;;;;;2.5;7.6;9;27.4;;;;;;;;;;;;;;;;41;;
PRE;29.07.2009 00:00;;;;;;;;;;;;;;1.8;7.2;6.5;25.9;;;;;;;;;;;;;;;;180;;
PRE;30.07.2009 00:00;;;;;;;;;;;;;;3.5;11.2;12.6;40.3;;;;;;;;;;;;;;;;265;;
PRE;31.07.2009 00:00;;;;;;;;;;;;;;3.9;10.7;14;38.5;;;;;;;;;;;;;;;;22;;
PRE;01.08.2009 00:00;;;;;;;;;;;;;;2.1;12.2;7.6;43.9;;;;;;;;;;;;;;;;63;;
PRE;02.08.2009 00:00;;;;;;;;;;;;;;4.8;16.7;17.3;60.1;;;;;;;;;;;;;;;;233;;
PRE;03.08.2009 00:00;;;;;;;;;;;;;;1.9;6.3;6.8;22.7;;;;;;;;;;;;;;;;68;;
PRE;04.08.2009 00:00;;;;;;;;;;;;;;5;11.7;18;42.1;;;;;;;;;;;;;;;;22;;
PRE;05.08.2009 00:00;;;;;;;;;;;;;;3.5;8.5;12.6;30.6;;;;;;;;;;;;;;;;27;;
PRE;06.08.2009 00:00;;;;;;;;;;;;;;2.2;7.6;7.9;27.4;;;;;;;;;;;;;;;;34;;
PRE;07.08.2009 00:00;;;;;;;;;;;;;;2.5;11.2;9;40.3;;;;;;;;;;;;;;;;333;;
PRE;08.08.2009 00:00;;;;;;;;;;;;;;2.6;8.7;9.4;31.3;;;;;;;;;;;;;;;;4;;
PRE;09.08.2009 00:00;;;;;;;;;;;;;;3.2;8;11.5;28.8;;;;;;;;;;;;;;;;12;;
PRE;10.08.2009 00:00;;;;;;;;;;;;;;3.4;11.5;12.2;41.4;;;;;;;;;;;;;;;;235;;
PRE;11.08.2009 00:00;;;;;;;;;;;;;;2;5.6;7.2;20.2;;;;;;;;;;;;;;;;284;;
PRE;12.08.2009 00:00;;;;;;;;;;;;;;2;5.8;7.2;20.9;;;;;;;;;;;;;;;;270;;
PRE;13.08.2009 00:00;;;;;;;;;;;;;;1.9;5;6.8;18;;;;;;;;;;;;;;;;281;;
PRE;14.08.2009 00:00;;;;;;;;;;;;;;1.9;6.5;6.8;23.4;;;;;;;;;;;;;;;;37;;
PRE;15.08.2009 00:00;;;;;;;;;;;;;;1.9;6.5;6.8;23.4;;;;;;;;;;;;;;;;360;;
PRE;16.08.2009 00:00;;;;;;;;;;;;;;1.7;8.1;6.1;29.2;;;;;;;;;;;;;;;;180;;
PRE;17.08.2009 00:00;;;;;;;;;;;;;;1.5;4;5.4;14.4;;;;;;;;;;;;;;;;225;;
PRE;18.08.2009 00:00;;;;;;;;;;;;;;2.1;9;7.6;32.4;;;;;;;;;;;;;;;;9;;
PRE;19.08.2009 00:00;;;;;;;;;;;;;;1.5;7.8;5.4;28.1;;;;;;;;;;;;;;;;259;;
PRE;20.08.2009 00:00;;;;;;;;;;;;;;2;5;7.2;18;;;;;;;;;;;;;;;;225;;
PRE;21.08.2009 00:00;;;;;;;;;;;;;;2.4;7.1;8.6;25.6;;;;;;;;;;;;;;;;318;;
PRE;22.08.2009 00:00;;;;;;;;;;;;;;5;12;18;43.2;;;;;;;;;;;;;;;;27;;
PRE;23.08.2009 00:00;;;;;;;;;;;;;;4.3;11.3;15.5;40.7;;;;;;;;;;;;;;;;27;;
PRE;24.08.2009 00:00;;;;;;;;;;;;;;2.2;19.5;7.9;70.2;;;;;;;;;;;;;;;;270;;
PRE;25.08.2009 00:00;;;;;;;;;;;;;;2.1;8.5;7.6;30.6;;;;;;;;;;;;;;;;229;;
PRE;26.08.2009 00:00;;;;;;;;;;;;;;1.5;3.8;5.4;13.7;;;;;;;;;;;;;;;;333;;
PRE;27.08.2009 00:00;;;;;;;;;;;;;;1.5;4.1;5.4;14.8;;;;;;;;;;;;;;;;360;;
PRE;28.08.2009 00:00;;;;;;;;;;;;;;3.8;12.1;13.7;43.6;;;;;;;;;;;;;;;;272;;
PRE;29.08.2009 00:00;;;;;;;;;;;;;;3.8;11.1;13.7;40;;;;;;;;;;;;;;;;5;;
PRE;30.08.2009 00:00;;;;;;;;;;;;;;3.7;11;13.3;39.6;;;;;;;;;;;;;;;;23;;
PRE;31.08.2009 00:00;;;;;;;;;;;;;;1.8;6;6.5;21.6;;;;;;;;;;;;;;;;34;;
PRE;01.09.2009 00:00;;;;;;;;;;;;;;2;8.2;7.2;29.5;;;;;;;;;;;;;;;;225;;
PRE;02.09.2009 00:00;;;;;;;;;;;;;;1.5;7;5.4;25.2;;;;;;;;;;;;;;;;233;;
PRE;03.09.2009 00:00;;;;;;;;;;;;;;5.6;15.6;20.2;56.2;;;;;;;;;;;;;;;;242;;
PRE;04.09.2009 00:00;;;;;;;;;;;;;;5.3;17.7;19.1;63.7;;;;;;;;;;;;;;;;241;;
PRE;05.09.2009 00:00;;;;;;;;;;;;;;3;8.3;10.8;29.9;;;;;;;;;;;;;;;;11;;
PRE;06.09.2009 00:00;;;;;;;;;;;;;;4.5;12.2;16.2;43.9;;;;;;;;;;;;;;;;23;;
PRE;07.09.2009 00:00;;;;;;;;;;;;;;1.8;5.6;6.5;20.2;;;;;;;;;;;;;;;;18;;
PRE;08.09.2009 00:00;;;;;;;;;;;;;;1.9;6.7;6.8;24.1;;;;;;;;;;;;;;;;360;;
PRE;09.09.2009 00:00;;;;;;;;;;;;;;2.3;9.7;8.3;34.9;;;;;;;;;;;;;;;;29;;
PRE;10.09.2009 00:00;;;;;;;;;;;;;;6.5;15.3;23.4;55.1;;;;;;;;;;;;;;;;25;;
PRE;11.09.2009 00:00;;;;;;;;;;;;;;7.8;15.7;28.1;56.5;;;;;;;;;;;;;;;;26;;
PRE;12.09.2009 00:00;;;;;;;;;;;;;;5.5;13;19.8;46.8;;;;;;;;;;;;;;;;28;;
PRE;13.09.2009 00:00;;;;;;;;;;;;;;4;9.1;14.4;32.8;;;;;;;;;;;;;;;;22;;
PRE;14.09.2009 00:00;;;;;;;;;;;;;;6.7;16.1;24.1;58;;;;;;;;;;;;;;;;24;;
PRE;15.09.2009 00:00;;;;;;;;;;;;;;3.7;9.3;13.3;33.5;;;;;;;;;;;;;;;;18;;
PRE;16.09.2009 00:00;;;;;;;;;;;;;;3.8;9.7;13.7;34.9;;;;;;;;;;;;;;;;27;;
PRE;17.09.2009 00:00;;;;;;;;;;;;;;2.6;7;9.4;25.2;;;;;;;;;;;;;;;;304;;
PRE;18.09.2009 00:00;;;;;;;;;;;;;;2.4;7;8.6;25.2;;;;;;;;;;;;;;;;35;;
PRE;19.09.2009 00:00;;;;;;;;;;;;;;1.9;7.7;6.8;27.7;;;;;;;;;;;;;;;;263;;
PRE;20.09.2009 00:00;;;;;;;;;;;;;;1.7;6;6.1;21.6;;;;;;;;;;;;;;;;243;;
PRE;21.09.2009 00:00;;;;;;;;;;;;;;4.8;14.6;17.3;52.6;;;;;;;;;;;;;;;;32;;
PRE;22.09.2009 00:00;;;;;;;;;;;;;;2.4;7.7;8.6;27.7;;;;;;;;;;;;;;;;42;;
PRE;23.09.2009 00:00;;;;;;;;;;;;;;1.5;5.3;5.4;19.1;;;;;;;;;;;;;;;;259;;
PRE;24.09.2009 00:00;;;;;;;;;;;;;;2.5;7.8;9;28.1;;;;;;;;;;;;;;;;18;;
PRE;25.09.2009 00:00;;;;;;;;;;;;;;4.6;12.1;16.6;43.6;;;;;;;;;;;;;;;;37;;
PRE;26.09.2009 00:00;;;;;;;;;;;;;;2.8;7;10.1;25.2;;;;;;;;;;;;;;;;22;;
PRE;27.09.2009 00:00;;;;;;;;;;;;;;1.5;4.1;5.4;14.8;;;;;;;;;;;;;;;;326;;
PRE;28.09.2009 00:00;;;;;;;;;;;;;;1.7;4.3;6.1;15.5;;;;;;;;;;;;;;;;270;;
PRE;29.09.2009 00:00;;;;;;;;;;;;;;1.6;4.7;5.8;16.9;;;;;;;;;;;;;;;;286;;
PRE;30.09.2009 00:00;;;;;;;;;;;;;;1.8;5.6;6.5;20.2;;;;;;;;;;;;;;;;351;;
PRE;01.10.2009 00:00;;;;;;;;;;;;;;1.9;9.6;6.8;34.6;;;;;;;;;;;;;;;;13;;
PRE;02.10.2009 00:00;;;;;;;;;;;;;;3.6;9.3;13;33.5;;;;;;;;;;;;;;;;16;;
PRE;03.10.2009 00:00;;;;;;;;;;;;;;2.1;5.2;7.6;18.7;;;;;;;;;;;;;;;;281;;
PRE;04.10.2009 00:00;;;;;;;;;;;;;;3.1;10;11.2;36;;;;;;;;;;;;;;;;245;;
PRE;05.10.2009 00:00;;;;;;;;;;;;;;1.5;4.7;5.4;16.9;;;;;;;;;;;;;;;;288;;
PRE;06.10.2009 00:00;;;;;;;;;;;;;;2.8;9.7;10.1;34.9;;;;;;;;;;;;;;;;227;;
PRE;07.10.2009 00:00;;;;;;;;;;;;;;1.8;7.7;6.5;27.7;;;;;;;;;;;;;;;;203;;
PRE;08.10.2009 00:00;;;;;;;;;;;;;;2.7;12.5;9.7;45;;;;;;;;;;;;;;;;252;;
PRE;09.10.2009 00:00;;;;;;;;;;;;;;1.9;6.1;6.8;22;;;;;;;;;;;;;;;;301;;
PRE;10.10.2009 00:00;;;;;;;;;;;;;;3.1;8.5;11.2;30.6;;;;;;;;;;;;;;;;244;;
PRE;11.10.2009 00:00;;;;;;;;;;;;;;2.8;12;10.1;43.2;;;;;;;;;;;;;;;;248;;
PRE;12.10.2009 00:00;;;;;;;;;;;;;;4.9;22.5;17.6;81;;;;;;;;;;;;;;;;335;;
PRE;13.10.2009 00:00;;;;;;;;;;;;;;5.2;11.2;18.7;40.3;;;;;;;;;;;;;;;;20;;
PRE;14.10.2009 00:00;;;;;;;;;;;;;;6.6;14.7;23.8;52.9;;;;;;;;;;;;;;;;23;;
PRE;15.10.2009 00:00;;;;;;;;;;;;;;7.5;17.1;27;61.6;;;;;;;;;;;;;;;;27;;
PRE;16.10.2009 00:00;;;;;;;;;;;;;;4.5;12.5;16.2;45;;;;;;;;;;;;;;;;25;;
PRE;17.10.2009 00:00;;;;;;;;;;;;;;4.3;11.7;15.5;42.1;;;;;;;;;;;;;;;;14;;
PRE;18.10.2009 00:00;;;;;;;;;;;;;;5.6;13.3;20.2;47.9;;;;;;;;;;;;;;;;25;;
PRE;19.10.2009 00:00;;;;;;;;;;;;;;3.3;10.6;11.9;38.2;;;;;;;;;;;;;;;;8;;
PRE;20.10.2009 00:00;;;;;;;;;;;;;;2;6.2;7.2;22.3;;;;;;;;;;;;;;;;4;;
PRE;21.10.2009 00:00;;;;;;;;;;;;;;3.6;11.8;13;42.5;;;;;;;;;;;;;;;;333;;
PRE;22.10.2009 00:00;;;;;;;;;;;;;;2.4;9;8.6;32.4;;;;;;;;;;;;;;;;351;;
PRE;23.10.2009 00:00;;;;;;;;;;;;;;2.2;6.2;7.9;22.3;;;;;;;;;;;;;;;;253;;
PRE;24.10.2009 00:00;;;;;;;;;;;;;;1.8;7.6;6.5;27.4;;;;;;;;;;;;;;;;325;;
PRE;25.10.2009 00:00;;;;;;;;;;;;;;0.8;3.6;2.9;13;;;;;;;;;;;;;;;;45;;
PRE;26.10.2009 00:00;;;;;;;;;;;;;;2.3;9.1;8.3;32.8;;;;;;;;;;;;;;;;354;;
PRE;27.10.2009 00:00;;;;;;;;;;;;;;2.9;8.2;10.4;29.5;;;;;;;;;;;;;;;;20;;
PRE;28.10.2009 00:00;;;;;;;;;;;;;;1.3;2.6;4.7;9.4;;;;;;;;;;;;;;;;326;;
PRE;29.10.2009 00:00;;;;;;;;;;;;;;1.8;8.2;6.5;29.5;;;;;;;;;;;;;;;;360;;
PRE;30.10.2009 00:00;;;;;;;;;;;;;;3.8;11.2;13.7;40.3;;;;;;;;;;;;;;;;29;;
PRE;31.10.2009 00:00;;;;;;;;;;;;;;1.2;3.3;4.3;11.9;;;;;;;;;;;;;;;;309;;
PRE;01.11.2009 00:00;;;;;;;;;;;;;;1.6;11.8;5.8;42.5;;;;;;;;;;;;;;;;257;;
PRE;02.11.2009 00:00;;;;;;;;;;;;;;4.7;17.3;16.9;62.3;;;;;;;;;;;;;;;;236;;
PRE;03.11.2009 00:00;;;;;;;;;;;;;;5.3;13.1;19.1;47.2;;;;;;;;;;;;;;;;251;;
PRE;04.11.2009 00:00;;;;;;;;;;;;;;6.9;16.5;24.8;59.4;;;;;;;;;;;;;;;;236;;
PRE;05.11.2009 00:00;;;;;;;;;;;;;;4.7;13;16.9;46.8;;;;;;;;;;;;;;;;248;;
PRE;06.11.2009 00:00;;;;;;;;;;;;;;2.1;7.6;7.6;27.4;;;;;;;;;;;;;;;;259;;
PRE;07.11.2009 00:00;;;;;;;;;;;;;;4;11.7;14.4;42.1;;;;;;;;;;;;;;;;242;;
PRE;08.11.2009 00:00;;;;;;;;;;;;;;5.3;15.1;19.1;54.4;;;;;;;;;;;;;;;;12;;
PRE;09.11.2009 00:00;;;;;;;;;;;;;;3.6;12.7;13;45.7;;;;;;;;;;;;;;;;28;;
PRE;10.11.2009 00:00;;;;;;;;;;;;;;1.5;4.8;5.4;17.3;;;;;;;;;;;;;;;;284;;
PRE;11.11.2009 00:00;;;;;;;;;;;;;;1.9;5.6;6.8;20.2;;;;;;;;;;;;;;;;13;;
PRE;12.11.2009 00:00;;;;;;;;;;;;;;1.8;5.6;6.5;20.2;;;;;;;;;;;;;;;;222;;
PRE;13.11.2009 00:00;;;;;;;;;;;;;;1.1;4.1;4;14.8;;;;;;;;;;;;;;;;297;;
PRE;14.11.2009 00:00;;;;;;;;;;;;;;2.3;10.6;8.3;38.2;;;;;;;;;;;;;;;;249;;
PRE;15.11.2009 00:00;;;;;;;;;;;;;;1.5;6.6;5.4;23.8;;;;;;;;;;;;;;;;354;;
PRE;16.11.2009 00:00;;;;;;;;;;;;;;0.9;3;3.2;10.8;;;;;;;;;;;;;;;;315;;
PRE;17.11.2009 00:00;;;;;;;;;;;;;;2.4;10.5;8.6;37.8;;;;;;;;;;;;;;;;243;;
PRE;18.11.2009 00:00;;;;;;;;;;;;;;1.7;6.2;6.1;22.3;;;;;;;;;;;;;;;;297;;
PRE;19.11.2009 00:00;;;;;;;;;;;;;;1.3;3.8;4.7;13.7;;;;;;;;;;;;;;;;279;;
PRE;20.11.2009 00:00;;;;;;;;;;;;;;0.9;3.6;3.2;13;;;;;;;;;;;;;;;;307;;
PRE;21.11.2009 00:00;;;;;;;;;;;;;;0.8;2.7;2.9;9.7;;;;;;;;;;;;;;;;333;;
PRE;22.11.2009 00:00;;;;;;;;;;;;;;3.4;14.5;12.2;52.2;;;;;;;;;;;;;;;;242;;
PRE;23.11.2009 00:00;;;;;;;;;;;;;;6.3;17.2;22.7;61.9;;;;;;;;;;;;;;;;241;;
PRE;24.11.2009 00:00;;;;;;;;;;;;;;4.3;10.5;15.5;37.8;;;;;;;;;;;;;;;;249;;
PRE;25.11.2009 00:00;;;;;;;;;;;;;;2.9;11.7;10.4;42.1;;;;;;;;;;;;;;;;236;;
PRE;26.11.2009 00:00;;;;;;;;;;;;;;4.1;10.7;14.8;38.5;;;;;;;;;;;;;;;;245;;
PRE;27.11.2009 00:00;;;;;;;;;;;;;;4.8;11.5;17.3;41.4;;;;;;;;;;;;;;;;246;;
PRE;28.11.2009 00:00;;;;;;;;;;;;;;5.7;15;20.5;54;;;;;;;;;;;;;;;;240;;
PRE;29.11.2009 00:00;;;;;;;;;;;;;;2.8;9.5;10.1;34.2;;;;;;;;;;;;;;;;326;;
PRE;30.11.2009 00:00;;;;;;;;;;;;;;1.7;4.3;6.1;15.5;;;;;;;;;;;;;;;;270;;
PRE;01.12.2009 00:00;;;;;;;;;;;;;;1.1;3.3;4;11.9;;;;;;;;;;;;;;;;297;;
PRE;02.12.2009 00:00;;;;;;;;;;;;;;1.9;7.1;6.8;25.6;;;;;;;;;;;;;;;;236;;
PRE;03.12.2009 00:00;;;;;;;;;;;;;;2.1;8.1;7.6;29.2;;;;;;;;;;;;;;;;261;;
PRE;04.12.2009 00:00;;;;;;;;;;;;;;2.3;9.5;8.3;34.2;;;;;;;;;;;;;;;;344;;
PRE;05.12.2009 00:00;;;;;;;;;;;;;;2.1;7.6;7.6;27.4;;;;;;;;;;;;;;;;245;;
PRE;06.12.2009 00:00;;;;;;;;;;;;;;2.4;9.3;8.6;33.5;;;;;;;;;;;;;;;;240;;
PRE;07.12.2009 00:00;;;;;;;;;;;;;;1.4;8.1;5;29.2;;;;;;;;;;;;;;;;180;;
PRE;08.12.2009 00:00;;;;;;;;;;;;;;3.9;25.5;14;91.8;;;;;;;;;;;;;;;;249;;
PRE;09.12.2009 00:00;;;;;;;;;;;;;;2.1;7.2;7.6;25.9;;;;;;;;;;;;;;;;7;;
PRE;10.12.2009 00:00;;;;;;;;;;;;;;1.5;4.8;5.4;17.3;;;;;;;;;;;;;;;;311;;
PRE;11.12.2009 00:00;;;;;;;;;;;;;;3.3;9.7;11.9;34.9;;;;;;;;;;;;;;;;34;;
PRE;12.12.2009 00:00;;;;;;;;;;;;;;7.7;17.3;27.7;62.3;;;;;;;;;;;;;;;;26;;
PRE;13.12.2009 00:00;;;;;;;;;;;;;;6.6;12.6;23.8;45.4;;;;;;;;;;;;;;;;18;;
PRE;14.12.2009 00:00;;;;;;;;;;;;;;6.5;13.8;23.4;49.7;;;;;;;;;;;;;;;;18;;
PRE;15.12.2009 00:00;;;;;;;;;;;;;;5.5;10.6;19.8;38.2;;;;;;;;;;;;;;;;15;;
PRE;16.12.2009 00:00;;;;;;;;;;;;;;4.3;9;15.5;32.4;;;;;;;;;;;;;;;;7;;
PRE;17.12.2009 00:00;;;;;;;;;;;;;;3;8.6;10.8;31;;;;;;;;;;;;;;;;349;;
PRE;18.12.2009 00:00;;;;;;;;;;;;;;3.7;7.7;13.3;27.7;;;;;;;;;;;;;;;;358;;
PRE;19.12.2009 00:00;;;;;;;;;;;;;;3.3;9.3;11.9;33.5;;;;;;;;;;;;;;;;300;;
PRE;20.12.2009 00:00;;;;;;;;;;;;;;7.2;16.7;25.9;60.1;;;;;;;;;;;;;;;;248;;
PRE;21.12.2009 00:00;;;;;;;;;;;;;;2.8;12;10.1;43.2;;;;;;;;;;;;;;;;267;;
PRE;22.12.2009 00:00;;;;;;;;;;;;;;1.7;6.1;6.1;22;;;;;;;;;;;;;;;;63;;
PRE;23.12.2009 00:00;;;;;;;;;;;;;;2.9;9.3;10.4;33.5;;;;;;;;;;;;;;;;357;;
PRE;24.12.2009 00:00;;;;;;;;;;;;;;2.6;9.3;9.4;33.5;;;;;;;;;;;;;;;;6;;
PRE;25.12.2009 00:00;;;;;;;;;;;;;;4.6;15.1;16.6;54.4;;;;;;;;;;;;;;;;248;;
PRE;26.12.2009 00:00;;;;;;;;;;;;;;2.1;8.1;7.6;29.2;;;;;;;;;;;;;;;;349;;
PRE;27.12.2009 00:00;;;;;;;;;;;;;;4.3;13.1;15.5;47.2;;;;;;;;;;;;;;;;251;;
PRE;28.12.2009 00:00;;;;;;;;;;;;;;1.9;8.6;6.8;31;;;;;;;;;;;;;;;;274;;
PRE;29.12.2009 00:00;;;;;;;;;;;;;;1.1;5.6;4;20.2;;;;;;;;;;;;;;;;63;;
PRE;30.12.2009 00:00;;;;;;;;;;;;;;2.9;12;10.4;43.2;;;;;;;;;;;;;;;;259;;
PRE;31.12.2009 00:00;;;;;;;;;;;;;;1.7;6.2;6.1;22.3;;;;;;;;;;;;;;;;243;;
PRE;01.01.2010 00:00;;;;;;;;;;;;;;3;11.6;10.8;41.8;;;;;;;;;;;;;;;;287;;
PRE;02.01.2010 00:00;;;;;;;;;;;;;;3.1;9.8;11.2;35.3;;;;;;;;;;;;;;;;349;;
PRE;03.01.2010 00:00;;;;;;;;;;;;;;2.8;8.5;10.1;30.6;;;;;;;;;;;;;;;;360;;
PRE;04.01.2010 00:00;;;;;;;;;;;;;;3.8;7.7;13.7;27.7;;;;;;;;;;;;;;;;9;;
PRE;05.01.2010 00:00;;;;;;;;;;;;;;3.8;8.1;13.7;29.2;;;;;;;;;;;;;;;;11;;
PRE;06.01.2010 00:00;;;;;;;;;;;;;;4.2;9.7;15.1;34.9;;;;;;;;;;;;;;;;248;;
PRE;07.01.2010 00:00;;;;;;;;;;;;;;2.4;8.6;8.6;31;;;;;;;;;;;;;;;;325;;
PRE;08.01.2010 00:00;;;;;;;;;;;;;;8.3;16.7;29.9;60.1;;;;;;;;;;;;;;;;24;;
PRE;09.01.2010 00:00;;;;;;;;;;;;;;5.7;12.2;20.5;43.9;;;;;;;;;;;;;;;;22;;
PRE;10.01.2010 00:00;;;;;;;;;;;;;;1.9;6.3;6.8;22.7;;;;;;;;;;;;;;;;337;;
PRE;11.01.2010 00:00;;;;;;;;;;;;;;2.5;6.1;9;22;;;;;;;;;;;;;;;;355;;
PRE;12.01.2010 00:00;;;;;;;;;;;;;;2;5;7.2;18;;;;;;;;;;;;;;;;354;;
PRE;13.01.2010 00:00;;;;;;;;;;;;;;1.6;7.7;5.8;27.7;;;;;;;;;;;;;;;;291;;
PRE;14.01.2010 00:00;;;;;;;;;;;;;;4.2;11.5;15.1;41.4;;;;;;;;;;;;;;;;17;;
PRE;15.01.2010 00:00;;;;;;;;;;;;;;2.2;8.6;7.9;31;;;;;;;;;;;;;;;;6;;
PRE;16.01.2010 00:00;;;;;;;;;;;;;;3.1;13.3;11.2;47.9;;;;;;;;;;;;;;;;266;;
PRE;17.01.2010 00:00;;;;;;;;;;;;;;4.1;10.6;14.8;38.2;;;;;;;;;;;;;;;;254;;
PRE;18.01.2010 00:00;;;;;;;;;;;;;;2.4;7;8.6;25.2;;;;;;;;;;;;;;;;22;;
PRE;19.01.2010 00:00;;;;;;;;;;;;;;2;7.6;7.2;27.4;;;;;;;;;;;;;;;;4;;
PRE;20.01.2010 00:00;;;;;;;;;;;;;;1.7;4.8;6.1;17.3;;;;;;;;;;;;;;;;326;;
PRE;21.01.2010 00:00;;;;;;;;;;;;;;1.3;4.3;4.7;15.5;;;;;;;;;;;;;;;;304;;
PRE;22.01.2010 00:00;;;;;;;;;;;;;;3.3;8.3;11.9;29.9;;;;;;;;;;;;;;;;21;;
PRE;23.01.2010 00:00;;;;;;;;;;;;;;1.4;4.1;5;14.8;;;;;;;;;;;;;;;;324;;
PRE;24.01.2010 00:00;;;;;;;;;;;;;;1;3.5;3.6;12.6;;;;;;;;;;;;;;;;315;;
PRE;25.01.2010 00:00;;;;;;;;;;;;;;2.4;8.6;8.6;31;;;;;;;;;;;;;;;;21;;
PRE;26.01.2010 00:00;;;;;;;;;;;;;;7.1;21.5;25.6;77.4;;;;;;;;;;;;;;;;25;;
PRE;27.01.2010 00:00;;;;;;;;;;;;;;5.1;18.3;18.4;65.9;;;;;;;;;;;;;;;;14;;
PRE;28.01.2010 00:00;;;;;;;;;;;;;;3.4;9.7;12.2;34.9;;;;;;;;;;;;;;;;248;;
PRE;29.01.2010 00:00;;;;;;;;;;;;;;5.7;13;20.5;46.8;;;;;;;;;;;;;;;;245;;
PRE;30.01.2010 00:00;;;;;;;;;;;;;;3.8;14.8;13.7;53.3;;;;;;;;;;;;;;;;268;;
PRE;31.01.2010 00:00;;;;;;;;;;;;;;2.1;5.7;7.6;20.5;;;;;;;;;;;;;;;;354;;
PRE;01.02.2010 00:00;;;;;;;;;;;;;;4.2;13;15.1;46.8;;;;;;;;;;;;;;;;257;;
PRE;02.02.2010 00:00;;;;;;;;;;;;;;5.8;11.8;20.9;42.5;;;;;;;;;;;;;;;;243;;
PRE;03.02.2010 00:00;;;;;;;;;;;;;;4.5;12.8;16.2;46.1;;;;;;;;;;;;;;;;245;;
PRE;04.02.2010 00:00;;;;;;;;;;;;;;1.5;4;5.4;14.4;;;;;;;;;;;;;;;;330;;
PRE;05.02.2010 00:00;;;;;;;;;;;;;;2.1;7.2;7.6;25.9;;;;;;;;;;;;;;;;245;;
PRE;06.02.2010 00:00;;;;;;;;;;;;;;1.3;6.8;4.7;24.5;;;;;;;;;;;;;;;;7;;
PRE;07.02.2010 00:00;;;;;;;;;;;;;;5.1;11.7;18.4;42.1;;;;;;;;;;;;;;;;32;;
PRE;08.02.2010 00:00;;;;;;;;;;;;;;3.7;8.5;13.3;30.6;;;;;;;;;;;;;;;;7;;
PRE;09.02.2010 00:00;;;;;;;;;;;;;;2.6;10.6;9.4;38.2;;;;;;;;;;;;;;;;9;;
PRE;10.02.2010 00:00;;;;;;;;;;;;;;3.4;10.5;12.2;37.8;;;;;;;;;;;;;;;;21;;
PRE;11.02.2010 00:00;;;;;;;;;;;;;;8.7;19.1;31.3;68.8;;;;;;;;;;;;;;;;38;;
PRE;12.02.2010 00:00;;;;;;;;;;;;;;4.7;12.2;16.9;43.9;;;;;;;;;;;;;;;;32;;
PRE;13.02.2010 00:00;;;;;;;;;;;;;;5.2;12.5;18.7;45;;;;;;;;;;;;;;;;28;;
PRE;14.02.2010 00:00;;;;;;;;;;;;;;3.1;8.3;11.2;29.9;;;;;;;;;;;;;;;;10;;
PRE;15.02.2010 00:00;;;;;;;;;;;;;;3.3;7.6;11.9;27.4;;;;;;;;;;;;;;;;360;;
PRE;16.02.2010 00:00;;;;;;;;;;;;;;2.9;7.3;10.4;26.3;;;;;;;;;;;;;;;;2;;
PRE;17.02.2010 00:00;;;;;;;;;;;;;;1.7;8.6;6.1;31;;;;;;;;;;;;;;;;330;;
PRE;18.02.2010 00:00;;;;;;;;;;;;;;1.8;8;6.5;28.8;;;;;;;;;;;;;;;;360;;
PRE;19.02.2010 00:00;;;;;;;;;;;;;;2;8.5;7.2;30.6;;;;;;;;;;;;;;;;34;;
PRE;20.02.2010 00:00;;;;;;;;;;;;;;3;11.5;10.8;41.4;;;;;;;;;;;;;;;;248;;
PRE;21.02.2010 00:00;;;;;;;;;;;;;;3.5;11.3;12.6;40.7;;;;;;;;;;;;;;;;233;;
PRE;22.02.2010 00:00;;;;;;;;;;;;;;2.6;9.7;9.4;34.9;;;;;;;;;;;;;;;;199;;
PRE;23.02.2010 00:00;;;;;;;;;;;;;;3.5;9.1;12.6;32.8;;;;;;;;;;;;;;;;236;;
PRE;24.02.2010 00:00;;;;;;;;;;;;;;2.4;13;8.6;46.8;;;;;;;;;;;;;;;;232;;
PRE;25.02.2010 00:00;;;;;;;;;;;;;;2.6;10.6;9.4;38.2;;;;;;;;;;;;;;;;223;;
PRE;26.02.2010 00:00;;;;;;;;;;;;;;5.6;19.8;20.2;71.3;;;;;;;;;;;;;;;;229;;
PRE;27.02.2010 00:00;;;;;;;;;;;;;;1.2;5.6;4.3;20.2;;;;;;;;;;;;;;;;217;;
PRE;28.02.2010 00:00;;;;;;;;;;;;;;6;20;21.6;72;;;;;;;;;;;;;;;;229;;
PRE;01.03.2010 00:00;;;;;;;;;;;;;;1.5;7.1;5.4;25.6;;;;;;;;;;;;;;;;259;;
PRE;02.03.2010 00:00;;;;;;;;;;;;;;4.4;12.5;15.8;45;;;;;;;;;;;;;;;;263;;
PRE;03.03.2010 00:00;;;;;;;;;;;;;;6.1;14.1;22;50.8;;;;;;;;;;;;;;;;22;;
PRE;04.03.2010 00:00;;;;;;;;;;;;;;6;12.8;21.6;46.1;;;;;;;;;;;;;;;;30;;
PRE;05.03.2010 00:00;;;;;;;;;;;;;;5.8;15.6;20.9;56.2;;;;;;;;;;;;;;;;32;;
PRE;06.03.2010 00:00;;;;;;;;;;;;;;3.9;13.1;14;47.2;;;;;;;;;;;;;;;;286;;
PRE;07.03.2010 00:00;;;;;;;;;;;;;;9.1;18.7;32.8;67.3;;;;;;;;;;;;;;;;23;;
PRE;08.03.2010 00:00;;;;;;;;;;;;;;10.4;25.2;37.4;90.7;;;;;;;;;;;;;;;;26;;
PRE;09.03.2010 00:00;;;;;;;;;;;;;;11.5;24.1;41.4;86.8;;;;;;;;;;;;;;;;29;;
PRE;10.03.2010 00:00;;;;;;;;;;;;;;6.1;14.3;22;51.5;;;;;;;;;;;;;;;;26;;
PRE;11.03.2010 00:00;;;;;;;;;;;;;;2.4;7.6;8.6;27.4;;;;;;;;;;;;;;;;34;;
PRE;12.03.2010 00:00;;;;;;;;;;;;;;4.4;11.1;15.8;40;;;;;;;;;;;;;;;;19;;
PRE;13.03.2010 00:00;;;;;;;;;;;;;;4.6;13;16.6;46.8;;;;;;;;;;;;;;;;28;;
PRE;14.03.2010 00:00;;;;;;;;;;;;;;3.4;10.7;12.2;38.5;;;;;;;;;;;;;;;;40;;
PRE;15.03.2010 00:00;;;;;;;;;;;;;;3.1;10.6;11.2;38.2;;;;;;;;;;;;;;;;36;;
PRE;16.03.2010 00:00;;;;;;;;;;;;;;1.9;5.3;6.8;19.1;;;;;;;;;;;;;;;;11;;
PRE;17.03.2010 00:00;;;;;;;;;;;;;;1.5;4.6;5.4;16.6;;;;;;;;;;;;;;;;45;;
PRE;18.03.2010 00:00;;;;;;;;;;;;;;2.3;11.2;8.3;40.3;;;;;;;;;;;;;;;;212;;
PRE;19.03.2010 00:00;;;;;;;;;;;;;;2.7;10.5;9.7;37.8;;;;;;;;;;;;;;;;205;;
PRE;20.03.2010 00:00;;;;;;;;;;;;;;4.2;12;15.1;43.2;;;;;;;;;;;;;;;;235;;
PRE;21.03.2010 00:00;;;;;;;;;;;;;;2.5;11;9;39.6;;;;;;;;;;;;;;;;225;;
PRE;22.03.2010 00:00;;;;;;;;;;;;;;2.5;8.5;9;30.6;;;;;;;;;;;;;;;;8;;
PRE;23.03.2010 00:00;;;;;;;;;;;;;;1.5;5.5;5.4;19.8;;;;;;;;;;;;;;;;297;;
PRE;24.03.2010 00:00;;;;;;;;;;;;;;1.3;3.7;4.7;13.3;;;;;;;;;;;;;;;;333;;
PRE;25.03.2010 00:00;;;;;;;;;;;;;;1.5;5.7;5.4;20.5;;;;;;;;;;;;;;;;217;;
PRE;26.03.2010 00:00;;;;;;;;;;;;;;4.8;17.3;17.3;62.3;;;;;;;;;;;;;;;;248;;
PRE;27.03.2010 00:00;;;;;;;;;;;;;;5.2;17.8;18.7;64.1;;;;;;;;;;;;;;;;242;;
PRE;28.03.2010 00:00;;;;;;;;;;;;;;5.4;12.8;19.4;46.1;;;;;;;;;;;;;;;;242;;
PRE;29.03.2010 00:00;;;;;;;;;;;;;;1.4;5.6;5;20.2;;;;;;;;;;;;;;;;180;;
PRE;30.03.2010 00:00;;;;;;;;;;;;;;5.1;18;18.4;64.8;;;;;;;;;;;;;;;;234;;
PRE;31.03.2010 00:00;;;;;;;;;;;;;;5.4;16.3;19.4;58.7;;;;;;;;;;;;;;;;239;;
PRE;01.04.2010 00:00;;;;;;;;;;;;;;1.9;10.1;6.8;36.4;;;;;;;;;;;;;;;;191;;
PRE;02.04.2010 00:00;;;;;;;;;;;;;;2.6;15.8;9.4;56.9;;;;;;;;;;;;;;;;225;;
PRE;03.04.2010 00:00;;;;;;;;;;;;;;4.2;17.1;15.1;61.6;;;;;;;;;;;;;;;;234;;
PRE;04.04.2010 00:00;;;;;;;;;;;;;;3.8;12.5;13.7;45;;;;;;;;;;;;;;;;236;;
PRE;05.04.2010 00:00;;;;;;;;;;;;;;1.8;5.8;6.5;20.9;;;;;;;;;;;;;;;;51;;
PRE;06.04.2010 00:00;;;;;;;;;;;;;;1.7;6.3;6.1;22.7;;;;;;;;;;;;;;;;349;;
PRE;07.04.2010 00:00;;;;;;;;;;;;;;2.7;11.2;9.7;40.3;;;;;;;;;;;;;;;;243;;
PRE;08.04.2010 00:00;;;;;;;;;;;;;;2.3;7.6;8.3;27.4;;;;;;;;;;;;;;;;262;;
PRE;09.04.2010 00:00;;;;;;;;;;;;;;5.2;11.8;18.7;42.5;;;;;;;;;;;;;;;;25;;
PRE;10.04.2010 00:00;;;;;;;;;;;;;;3.9;11.1;14;40;;;;;;;;;;;;;;;;32;;
PRE;11.04.2010 00:00;;;;;;;;;;;;;;8.6;17.6;31;63.4;;;;;;;;;;;;;;;;25;;
PRE;12.04.2010 00:00;;;;;;;;;;;;;;6.4;15;23;54;;;;;;;;;;;;;;;;25;;
PRE;13.04.2010 00:00;;;;;;;;;;;;;;3.6;11.2;13;40.3;;;;;;;;;;;;;;;;3;;
PRE;14.04.2010 00:00;;;;;;;;;;;;;;3;9.7;10.8;34.9;;;;;;;;;;;;;;;;18;;
PRE;15.04.2010 00:00;;;;;;;;;;;;;;4.8;10.7;17.3;38.5;;;;;;;;;;;;;;;;22;;
PRE;16.04.2010 00:00;;;;;;;;;;;;;;5.9;14;21.2;50.4;;;;;;;;;;;;;;;;33;;
PRE;17.04.2010 00:00;;;;;;;;;;;;;;3.8;12.8;13.7;46.1;;;;;;;;;;;;;;;;20;;
PRE;18.04.2010 00:00;;;;;;;;;;;;;;1.6;5.3;5.8;19.1;;;;;;;;;;;;;;;;63;;
PRE;19.04.2010 00:00;;;;;;;;;;;;;;1.5;4.3;5.4;15.5;;;;;;;;;;;;;;;;342;;
PRE;20.04.2010 00:00;;;;;;;;;;;;;;1.4;4.7;5;16.9;;;;;;;;;;;;;;;;27;;
PRE;21.04.2010 00:00;;;;;;;;;;;;;;2;5.8;7.2;20.9;;;;;;;;;;;;;;;;27;;
PRE;22.04.2010 00:00;;;;;;;;;;;;;;4.4;11.1;15.8;40;;;;;;;;;;;;;;;;17;;
PRE;23.04.2010 00:00;;;;;;;;;;;;;;3.7;9;13.3;32.4;;;;;;;;;;;;;;;;17;;
PRE;24.04.2010 00:00;;;;;;;;;;;;;;2.6;8;9.4;28.8;;;;;;;;;;;;;;;;22;;
PRE;25.04.2010 00:00;;;;;;;;;;;;;;1.2;3.6;4.3;13;;;;;;;;;;;;;;;;207;;
PRE;26.04.2010 00:00;;;;;;;;;;;;;;2.5;8.5;9;30.6;;;;;;;;;;;;;;;;14;;
PRE;27.04.2010 00:00;;;;;;;;;;;;;;5.2;11.8;18.7;42.5;;;;;;;;;;;;;;;;19;;
PRE;28.04.2010 00:00;;;;;;;;;;;;;;2.3;7.1;8.3;25.6;;;;;;;;;;;;;;;;35;;
PRE;29.04.2010 00:00;;;;;;;;;;;;;;3.8;14;13.7;50.4;;;;;;;;;;;;;;;;231;;
PRE;30.04.2010 00:00;;;;;;;;;;;;;;4.8;15;17.3;54;;;;;;;;;;;;;;;;236;;
PRE;01.05.2010 00:00;;;;;;;;;;;;;;1.6;6.7;5.8;24.1;;;;;;;;;;;;;;;;203;;
PRE;02.05.2010 00:00;;;;;;;;;;;;;;1.1;5;4;18;;;;;;;;;;;;;;;;153;;
PRE;03.05.2010 00:00;;;;;;;;;;;;;;2.8;11.3;10.1;40.7;;;;;;;;;;;;;;;;12;;
PRE;04.05.2010 00:00;;;;;;;;;;;;;;9.8;23;35.3;82.8;;;;;;;;;;;;;;;;29;;
PRE;05.05.2010 00:00;;;;;;;;;;;;;;6;14.7;21.6;52.9;;;;;;;;;;;;;;;;15;;
PRE;06.05.2010 00:00;;;;;;;;;;;;;;5.5;11.7;19.8;42.1;;;;;;;;;;;;;;;;233;;
PRE;07.05.2010 00:00;;;;;;;;;;;;;;2;7;7.2;25.2;;;;;;;;;;;;;;;;252;;
PRE;08.05.2010 00:00;;;;;;;;;;;;;;1.5;8.5;5.4;30.6;;;;;;;;;;;;;;;;141;;
PRE;09.05.2010 00:00;;;;;;;;;;;;;;1.2;4.3;4.3;15.5;;;;;;;;;;;;;;;;76;;
PRE;10.05.2010 00:00;;;;;;;;;;;;;;1.7;9;6.1;32.4;;;;;;;;;;;;;;;;104;;
PRE;11.05.2010 00:00;;;;;;;;;;;;;;3.4;15;12.2;54;;;;;;;;;;;;;;;;254;;
PRE;12.05.2010 00:00;;;;;;;;;;;;;;1.5;6.3;5.4;22.7;;;;;;;;;;;;;;;;169;;
PRE;13.05.2010 00:00;;;;;;;;;;;;;;3;8.6;10.8;31;;;;;;;;;;;;;;;;26;;
PRE;14.05.2010 00:00;;;;;;;;;;;;;;3.4;8.2;12.2;29.5;;;;;;;;;;;;;;;;34;;
PRE;15.05.2010 00:00;;;;;;;;;;;;;;4.5;12.5;16.2;45;;;;;;;;;;;;;;;;27;;
PRE;16.05.2010 00:00;;;;;;;;;;;;;;1.8;5.5;6.5;19.8;;;;;;;;;;;;;;;;63;;
PRE;17.05.2010 00:00;;;;;;;;;;;;;;1.1;4.1;4;14.8;;;;;;;;;;;;;;;;225;;
PRE;18.05.2010 00:00;;;;;;;;;;;;;;2.5;9.8;9;35.3;;;;;;;;;;;;;;;;12;;
PRE;19.05.2010 00:00;;;;;;;;;;;;;;5;13.6;18;49;;;;;;;;;;;;;;;;27;;
PRE;20.05.2010 00:00;;;;;;;;;;;;;;5.4;12.8;19.4;46.1;;;;;;;;;;;;;;;;32;;
PRE;21.05.2010 00:00;;;;;;;;;;;;;;7.4;15.5;26.6;55.8;;;;;;;;;;;;;;;;29;;
PRE;22.05.2010 00:00;;;;;;;;;;;;;;5.2;12;18.7;43.2;;;;;;;;;;;;;;;;28;;
PRE;23.05.2010 00:00;;;;;;;;;;;;;;4.8;13.7;17.3;49.3;;;;;;;;;;;;;;;;18;;
PRE;24.05.2010 00:00;;;;;;;;;;;;;;1.4;5.5;5;19.8;;;;;;;;;;;;;;;;180;;
PRE;25.05.2010 00:00;;;;;;;;;;;;;;3.6;13.1;13;47.2;;;;;;;;;;;;;;;;226;;
PRE;26.05.2010 00:00;;;;;;;;;;;;;;5.4;18.2;19.4;65.5;;;;;;;;;;;;;;;;238;;
PRE;27.05.2010 00:00;;;;;;;;;;;;;;2.5;7.7;9;27.7;;;;;;;;;;;;;;;;240;;
PRE;28.05.2010 00:00;;;;;;;;;;;;;;1.7;6.5;6.1;23.4;;;;;;;;;;;;;;;;141;;
PRE;29.05.2010 00:00;;;;;;;;;;;;;;2;7.7;7.2;27.7;;;;;;;;;;;;;;;;252;;
PRE;30.05.2010 00:00;;;;;;;;;;;;;;5.2;16.7;18.7;60.1;;;;;;;;;;;;;;;;240;;
PRE;31.05.2010 00:00;;;;;;;;;;;;;;2.3;8.3;8.3;29.9;;;;;;;;;;;;;;;;288;;
PRE;01.06.2010 00:00;;;;;;;;;;;;;;2.3;8.1;8.3;29.2;;;;;;;;;;;;;;;;360;;
PRE;02.06.2010 00:00;;;;;;;;;;;;;;4;12.7;14.4;45.7;;;;;;;;;;;;;;;;33;;
PRE;03.06.2010 00:00;;;;;;;;;;;;;;7.6;20.1;27.4;72.4;;;;;;;;;;;;;;;;24;;
PRE;04.06.2010 00:00;;;;;;;;;;;;;;2.9;10.5;10.4;37.8;;;;;;;;;;;;;;;;45;;
PRE;05.06.2010 00:00;;;;;;;;;;;;;;1.4;3.3;5;11.9;;;;;;;;;;;;;;;;90;;
PRE;06.06.2010 00:00;;;;;;;;;;;;;;2.5;14.7;9;52.9;;;;;;;;;;;;;;;;240;;
PRE;07.06.2010 00:00;;;;;;;;;;;;;;1.4;4.2;5;15.1;;;;;;;;;;;;;;;;153;;
PRE;08.06.2010 00:00;;;;;;;;;;;;;;1.8;10.5;6.5;37.8;;;;;;;;;;;;;;;;256;;
PRE;09.06.2010 00:00;;;;;;;;;;;;;;1.8;5.7;6.5;20.5;;;;;;;;;;;;;;;;261;;
PRE;10.06.2010 00:00;;;;;;;;;;;;;;2.7;10.5;9.7;37.8;;;;;;;;;;;;;;;;238;;
PRE;11.06.2010 00:00;;;;;;;;;;;;;;3.5;12.7;12.6;45.7;;;;;;;;;;;;;;;;229;;
PRE;12.06.2010 00:00;;;;;;;;;;;;;;1.2;9;4.3;32.4;;;;;;;;;;;;;;;;225;;
PRE;13.06.2010 00:00;;;;;;;;;;;;;;1.9;9;6.8;32.4;;;;;;;;;;;;;;;;135;;
PRE;14.06.2010 00:00;;;;;;;;;;;;;;1.9;7.8;6.8;28.1;;;;;;;;;;;;;;;;72;;
PRE;15.06.2010 00:00;;;;;;;;;;;;;;4.4;14;15.8;50.4;;;;;;;;;;;;;;;;27;;
PRE;16.06.2010 00:00;;;;;;;;;;;;;;5.6;12.6;20.2;45.4;;;;;;;;;;;;;;;;16;;
PRE;17.06.2010 00:00;;;;;;;;;;;;;;3;10.7;10.8;38.5;;;;;;;;;;;;;;;;196;;
PRE;18.06.2010 00:00;;;;;;;;;;;;;;1.6;6;5.8;21.6;;;;;;;;;;;;;;;;198;;
PRE;19.06.2010 00:00;;;;;;;;;;;;;;2.5;9.5;9;34.2;;;;;;;;;;;;;;;;360;;
PRE;20.06.2010 00:00;;;;;;;;;;;;;;6;16.1;21.6;58;;;;;;;;;;;;;;;;26;;
PRE;21.06.2010 00:00;;;;;;;;;;;;;;6.6;15.6;23.8;56.2;;;;;;;;;;;;;;;;28;;
PRE;22.06.2010 00:00;;;;;;;;;;;;;;5.9;13.3;21.2;47.9;;;;;;;;;;;;;;;;23;;
PRE;23.06.2010 00:00;;;;;;;;;;;;;;5.6;13.1;20.2;47.2;;;;;;;;;;;;;;;;21;;
PRE;24.06.2010 00:00;;;;;;;;;;;;;;3.2;9;11.5;32.4;;;;;;;;;;;;;;;;29;;
PRE;25.06.2010 00:00;;;;;;;;;;;;;;2.1;9.1;7.6;32.8;;;;;;;;;;;;;;;;37;;
PRE;26.06.2010 00:00;;;;;;;;;;;;;;2.1;6.1;7.6;22;;;;;;;;;;;;;;;;45;;
PRE;27.06.2010 00:00;;;;;;;;;;;;;;2;6.3;7.2;22.7;;;;;;;;;;;;;;;;252;;
PRE;28.06.2010 00:00;;;;;;;;;;;;;;1.9;8.8;6.8;31.7;;;;;;;;;;;;;;;;321;;
PRE;29.06.2010 00:00;;;;;;;;;;;;;;1.9;7.2;6.8;25.9;;;;;;;;;;;;;;;;270;;
PRE;30.06.2010 00:00;;;;;;;;;;;;;;2.6;10.2;9.4;36.7;;;;;;;;;;;;;;;;20;;
PRE;01.07.2010 00:00;;;;;;;;;;;;;;1.7;5.7;6.1;20.5;;;;;;;;;;;;;;;;256;;
PRE;02.07.2010 00:00;;;;;;;;;;;;;;2;7.7;7.2;27.7;;;;;;;;;;;;;;;;108;;
PRE;03.07.2010 00:00;;;;;;;;;;;;;;2.2;9.2;7.9;33.1;;;;;;;;;;;;;;;;146;;
PRE;04.07.2010 00:00;;;;;;;;;;;;;;2;9.7;7.2;34.9;;;;;;;;;;;;;;;;360;;
PRE;05.07.2010 00:00;;;;;;;;;;;;;;2.4;8.8;8.6;31.7;;;;;;;;;;;;;;;;360;;
PRE;06.07.2010 00:00;;;;;;;;;;;;;;3.4;10.1;12.2;36.4;;;;;;;;;;;;;;;;18;;
PRE;07.07.2010 00:00;;;;;;;;;;;;;;3.8;11;13.7;39.6;;;;;;;;;;;;;;;;26;;
PRE;08.07.2010 00:00;;;;;;;;;;;;;;1.9;7.6;6.8;27.4;;;;;;;;;;;;;;;;0;;
PRE;09.07.2010 00:00;;;;;;;;;;;;;;2;6.7;7.2;24.1;;;;;;;;;;;;;;;;249;;
PRE;10.07.2010 00:00;;;;;;;;;;;;;;2.4;15.6;8.6;56.2;;;;;;;;;;;;;;;;297;;
PRE;11.07.2010 00:00;;;;;;;;;;;;;;1.5;4.2;5.4;15.1;;;;;;;;;;;;;;;;117;;
PRE;12.07.2010 00:00;;;;;;;;;;;;;;3;19.2;10.8;69.1;;;;;;;;;;;;;;;;20;;
PRE;13.07.2010 00:00;;;;;;;;;;;;;;1.8;5.1;6.5;18.4;;;;;;;;;;;;;;;;72;;
PRE;14.07.2010 00:00;;;;;;;;;;;;;;2.5;13;9;46.8;;;;;;;;;;;;;;;;239;;
PRE;15.07.2010 00:00;;;;;;;;;;;;;;2.1;6.1;7.6;22;;;;;;;;;;;;;;;;90;;
PRE;16.07.2010 00:00;;;;;;;;;;;;;;2;6.1;7.2;22;;;;;;;;;;;;;;;;45;;
PRE;17.07.2010 00:00;;;;;;;;;;;;;;2.5;9.7;9;34.9;;;;;;;;;;;;;;;;21;;
PRE;18.07.2010 00:00;;;;;;;;;;;;;;6.2;15;22.3;54;;;;;;;;;;;;;;;;25;;
PRE;19.07.2010 00:00;;;;;;;;;;;;;;4.3;10.1;15.5;36.4;;;;;;;;;;;;;;;;26;;
PRE;20.07.2010 00:00;;;;;;;;;;;;;;2.3;7;8.3;25.2;;;;;;;;;;;;;;;;49;;
PRE;21.07.2010 00:00;;;;;;;;;;;;;;3.1;14;11.2;50.4;;;;;;;;;;;;;;;;234;;
PRE;22.07.2010 00:00;;;;;;;;;;;;;;2.4;8;8.6;28.8;;;;;;;;;;;;;;;;284;;
PRE;23.07.2010 00:00;;;;;;;;;;;;;;2.5;9;9;32.4;;;;;;;;;;;;;;;;276;;
PRE;24.07.2010 00:00;;;;;;;;;;;;;;2.4;8.5;8.6;30.6;;;;;;;;;;;;;;;;29;;
PRE;25.07.2010 00:00;;;;;;;;;;;;;;3.7;12.1;13.3;43.6;;;;;;;;;;;;;;;;34;;
PRE;26.07.2010 00:00;;;;;;;;;;;;;;1.8;7;6.5;25.2;;;;;;;;;;;;;;;;211;;
PRE;27.07.2010 00:00;;;;;;;;;;;;;;2;5.7;7.2;20.5;;;;;;;;;;;;;;;;207;;
PRE;28.07.2010 00:00;;;;;;;;;;;;;;1.8;10.1;6.5;36.4;;;;;;;;;;;;;;;;360;;
PRE;29.07.2010 00:00;;;;;;;;;;;;;;3.2;12.6;11.5;45.4;;;;;;;;;;;;;;;;267;;
PRE;30.07.2010 00:00;;;;;;;;;;;;;;2.9;9.5;10.4;34.2;;;;;;;;;;;;;;;;28;;
PRE;31.07.2010 00:00;;;;;;;;;;;;;;2.1;5.1;7.6;18.4;;;;;;;;;;;;;;;;60;;
PRE;01.08.2010 00:00;;;;;;;;;;;;;;2.9;16.5;10.4;59.4;;;;;;;;;;;;;;;;246;;
PRE;02.08.2010 00:00;;;;;;;;;;;;;;1.2;3.8;4.3;13.7;;;;;;;;;;;;;;;;270;;
PRE;03.08.2010 00:00;;;;;;;;;;;;;;2.4;8.2;8.6;29.5;;;;;;;;;;;;;;;;27;;
PRE;04.08.2010 00:00;;;;;;;;;;;;;;1.8;6.6;6.5;23.8;;;;;;;;;;;;;;;;243;;
PRE;05.08.2010 00:00;;;;;;;;;;;;;;2.9;11.6;10.4;41.8;;;;;;;;;;;;;;;;248;;
PRE;06.08.2010 00:00;;;;;;;;;;;;;;2.7;9.2;9.7;33.1;;;;;;;;;;;;;;;;16;;
PRE;07.08.2010 00:00;;;;;;;;;;;;;;2.2;6.3;7.9;22.7;;;;;;;;;;;;;;;;45;;
PRE;08.08.2010 00:00;;;;;;;;;;;;;;2.3;10;8.3;36;;;;;;;;;;;;;;;;261;;
PRE;09.08.2010 00:00;;;;;;;;;;;;;;1.7;4.1;6.1;14.8;;;;;;;;;;;;;;;;90;;
PRE;10.08.2010 00:00;;;;;;;;;;;;;;1.6;5.8;5.8;20.9;;;;;;;;;;;;;;;;360;;
PRE;11.08.2010 00:00;;;;;;;;;;;;;;1.7;6.3;6.1;22.7;;;;;;;;;;;;;;;;45;;
PRE;12.08.2010 00:00;;;;;;;;;;;;;;3.2;10;11.5;36;;;;;;;;;;;;;;;;257;;
PRE;13.08.2010 00:00;;;;;;;;;;;;;;3.2;8;11.5;28.8;;;;;;;;;;;;;;;;15;;
PRE;14.08.2010 00:00;;;;;;;;;;;;;;3.7;9.7;13.3;34.9;;;;;;;;;;;;;;;;8;;
PRE;15.08.2010 00:00;;;;;;;;;;;;;;5.1;14;18.4;50.4;;;;;;;;;;;;;;;;238;;
PRE;16.08.2010 00:00;;;;;;;;;;;;;;6.3;14.7;22.7;52.9;;;;;;;;;;;;;;;;239;;
PRE;17.08.2010 00:00;;;;;;;;;;;;;;2.7;10.3;9.7;37.1;;;;;;;;;;;;;;;;220;;
PRE;18.08.2010 00:00;;;;;;;;;;;;;;3.7;9.8;13.3;35.3;;;;;;;;;;;;;;;;241;;
PRE;19.08.2010 00:00;;;;;;;;;;;;;;2.2;9;7.9;32.4;;;;;;;;;;;;;;;;58;;
PRE;20.08.2010 00:00;;;;;;;;;;;;;;2.6;9.1;9.4;32.8;;;;;;;;;;;;;;;;270;;
PRE;21.08.2010 00:00;;;;;;;;;;;;;;1.5;4;5.4;14.4;;;;;;;;;;;;;;;;236;;
PRE;22.08.2010 00:00;;;;;;;;;;;;;;1.7;5.2;6.1;18.7;;;;;;;;;;;;;;;;90;;
PRE;23.08.2010 00:00;;;;;;;;;;;;;;1.7;12.5;6.1;45;;;;;;;;;;;;;;;;239;;
PRE;24.08.2010 00:00;;;;;;;;;;;;;;3.7;13.8;13.3;49.7;;;;;;;;;;;;;;;;248;;
PRE;25.08.2010 00:00;;;;;;;;;;;;;;1.6;4.5;5.8;16.2;;;;;;;;;;;;;;;;0;;
PRE;26.08.2010 00:00;;;;;;;;;;;;;;1.6;9.5;5.8;34.2;;;;;;;;;;;;;;;;180;;
PRE;27.08.2010 00:00;;;;;;;;;;;;;;3.5;19.7;12.6;70.9;;;;;;;;;;;;;;;;233;;
PRE;28.08.2010 00:00;;;;;;;;;;;;;;3.7;11.7;13.3;42.1;;;;;;;;;;;;;;;;348;;
PRE;29.08.2010 00:00;;;;;;;;;;;;;;2.7;8.2;9.7;29.5;;;;;;;;;;;;;;;;253;;
PRE;30.08.2010 00:00;;;;;;;;;;;;;;2.8;10.8;10.1;38.9;;;;;;;;;;;;;;;;270;;
PRE;31.08.2010 00:00;;;;;;;;;;;;;;6.1;14.1;22;50.8;;;;;;;;;;;;;;;;27;;
PRE;01.09.2010 00:00;;;;;;;;;;;;;;5.6;11.6;20.2;41.8;;;;;;;;;;;;;;;;21;;
PRE;02.09.2010 00:00;;;;;;;;;;;;;;2.9;8.3;10.4;29.9;;;;;;;;;;;;;;;;15;;
PRE;03.09.2010 00:00;;;;;;;;;;;;;;1.8;4.7;6.5;16.9;;;;;;;;;;;;;;;;281;;
PRE;04.09.2010 00:00;;;;;;;;;;;;;;2.4;8.5;8.6;30.6;;;;;;;;;;;;;;;;346;;
PRE;05.09.2010 00:00;;;;;;;;;;;;;;3.6;9.6;13;34.6;;;;;;;;;;;;;;;;18;;
PRE;06.09.2010 00:00;;;;;;;;;;;;;;3.3;8.5;11.9;30.6;;;;;;;;;;;;;;;;16;;
PRE;07.09.2010 00:00;;;;;;;;;;;;;;1.9;7.8;6.8;28.1;;;;;;;;;;;;;;;;5;;
PRE;08.09.2010 00:00;;;;;;;;;;;;;;6.2;20.1;22.3;72.4;;;;;;;;;;;;;;;;239;;
PRE;09.09.2010 00:00;;;;;;;;;;;;;;1.6;5;5.8;18;;;;;;;;;;;;;;;;279;;
PRE;10.09.2010 00:00;;;;;;;;;;;;;;2.7;8.1;9.7;29.2;;;;;;;;;;;;;;;;352;;
PRE;11.09.2010 00:00;;;;;;;;;;;;;;3.2;8.1;11.5;29.2;;;;;;;;;;;;;;;;20;;
PRE;12.09.2010 00:00;;;;;;;;;;;;;;1.8;12.8;6.5;46.1;;;;;;;;;;;;;;;;76;;
PRE;13.09.2010 00:00;;;;;;;;;;;;;;3.6;10;13;36;;;;;;;;;;;;;;;;27;;
PRE;14.09.2010 00:00;;;;;;;;;;;;;;2.2;7.5;7.9;27;;;;;;;;;;;;;;;;21;;
PRE;15.09.2010 00:00;;;;;;;;;;;;;;2.5;9.3;9;33.5;;;;;;;;;;;;;;;;225;;
PRE;16.09.2010 00:00;;;;;;;;;;;;;;5.2;12.5;18.7;45;;;;;;;;;;;;;;;;237;;
PRE;17.09.2010 00:00;;;;;;;;;;;;;;2.6;6.8;9.4;24.5;;;;;;;;;;;;;;;;40;;
PRE;18.09.2010 00:00;;;;;;;;;;;;;;4.4;10.7;15.8;38.5;;;;;;;;;;;;;;;;21;;
PRE;19.09.2010 00:00;;;;;;;;;;;;;;3.9;10.2;14;36.7;;;;;;;;;;;;;;;;24;;
PRE;20.09.2010 00:00;;;;;;;;;;;;;;1.7;4.1;6.1;14.8;;;;;;;;;;;;;;;;360;;
PRE;21.09.2010 00:00;;;;;;;;;;;;;;1.7;4.1;6.1;14.8;;;;;;;;;;;;;;;;288;;
PRE;22.09.2010 00:00;;;;;;;;;;;;;;1.3;3.7;4.7;13.3;;;;;;;;;;;;;;;;315;;
PRE;23.09.2010 00:00;;;;;;;;;;;;;;2.2;9;7.9;32.4;;;;;;;;;;;;;;;;246;;
PRE;24.09.2010 00:00;;;;;;;;;;;;;;4.1;17.5;14.8;63;;;;;;;;;;;;;;;;239;;
PRE;25.09.2010 00:00;;;;;;;;;;;;;;3.2;12;11.5;43.2;;;;;;;;;;;;;;;;305;;
PRE;26.09.2010 00:00;;;;;;;;;;;;;;2.8;9.5;10.1;34.2;;;;;;;;;;;;;;;;17;;
PRE;27.09.2010 00:00;;;;;;;;;;;;;;2;5.7;7.2;20.5;;;;;;;;;;;;;;;;281;;
PRE;28.09.2010 00:00;;;;;;;;;;;;;;1.8;4.7;6.5;16.9;;;;;;;;;;;;;;;;315;;
PRE;29.09.2010 00:00;;;;;;;;;;;;;;2.1;5.1;7.6;18.4;;;;;;;;;;;;;;;;360;;
PRE;30.09.2010 00:00;;;;;;;;;;;;;;1.8;6.6;6.5;23.8;;;;;;;;;;;;;;;;236;;
PRE;01.10.2010 00:00;;;;;;;;;;;;;;1.8;5.5;6.5;19.8;;;;;;;;;;;;;;;;248;;
PRE;02.10.2010 00:00;;;;;;;;;;;;;;1.6;4.8;5.8;17.3;;;;;;;;;;;;;;;;90;;
PRE;03.10.2010 00:00;;;;;;;;;;;;;;1.6;4.2;5.8;15.1;;;;;;;;;;;;;;;;304;;
PRE;04.10.2010 00:00;;;;;;;;;;;;;;4.4;14.3;15.8;51.5;;;;;;;;;;;;;;;;317;;
PRE;05.10.2010 00:00;;;;;;;;;;;;;;4;11.2;14.4;40.3;;;;;;;;;;;;;;;;242;;
PRE;06.10.2010 00:00;;;;;;;;;;;;;;1.3;3.3;4.7;11.9;;;;;;;;;;;;;;;;326;;
PRE;07.10.2010 00:00;;;;;;;;;;;;;;2.7;11.2;9.7;40.3;;;;;;;;;;;;;;;;14;;
PRE;08.10.2010 00:00;;;;;;;;;;;;;;2.9;9.2;10.4;33.1;;;;;;;;;;;;;;;;7;;
PRE;09.10.2010 00:00;;;;;;;;;;;;;;2.2;8.7;7.9;31.3;;;;;;;;;;;;;;;;356;;
PRE;10.10.2010 00:00;;;;;;;;;;;;;;5.3;15.2;19.1;54.7;;;;;;;;;;;;;;;;18;;
PRE;11.10.2010 00:00;;;;;;;;;;;;;;4.9;11;17.6;39.6;;;;;;;;;;;;;;;;15;;
PRE;12.10.2010 00:00;;;;;;;;;;;;;;4.5;10.3;16.2;37.1;;;;;;;;;;;;;;;;22;;
PRE;13.10.2010 00:00;;;;;;;;;;;;;;4.4;9.7;15.8;34.9;;;;;;;;;;;;;;;;15;;
PRE;14.10.2010 00:00;;;;;;;;;;;;;;4.2;10.1;15.1;36.4;;;;;;;;;;;;;;;;13;;
PRE;15.10.2010 00:00;;;;;;;;;;;;;;4.3;10.6;15.5;38.2;;;;;;;;;;;;;;;;19;;
PRE;16.10.2010 00:00;;;;;;;;;;;;;;1.1;4.1;4;14.8;;;;;;;;;;;;;;;;9;;
PRE;17.10.2010 00:00;;;;;;;;;;;;;;5.8;18;20.9;64.8;;;;;;;;;;;;;;;;27;;
PRE;18.10.2010 00:00;;;;;;;;;;;;;;4.8;14;17.3;50.4;;;;;;;;;;;;;;;;35;;
PRE;19.10.2010 00:00;;;;;;;;;;;;;;4.4;12.1;15.8;43.6;;;;;;;;;;;;;;;;248;;
PRE;20.10.2010 00:00;;;;;;;;;;;;;;3.5;13.5;12.6;48.6;;;;;;;;;;;;;;;;259;;
PRE;21.10.2010 00:00;;;;;;;;;;;;;;2.9;8.8;10.4;31.7;;;;;;;;;;;;;;;;2;;
PRE;22.10.2010 00:00;;;;;;;;;;;;;;1.6;5.6;5.8;20.2;;;;;;;;;;;;;;;;349;;
PRE;23.10.2010 00:00;;;;;;;;;;;;;;5;15.7;18;56.5;;;;;;;;;;;;;;;;241;;
PRE;24.10.2010 00:00;;;;;;;;;;;;;;2.7;12.3;9.7;44.3;;;;;;;;;;;;;;;;270;;
PRE;25.10.2010 00:00;;;;;;;;;;;;;;10;25.8;36;92.9;;;;;;;;;;;;;;;;34;;
PRE;26.10.2010 00:00;;;;;;;;;;;;;;9.5;23.7;34.2;85.3;;;;;;;;;;;;;;;;28;;
PRE;27.10.2010 00:00;;;;;;;;;;;;;;2.5;7.3;9;26.3;;;;;;;;;;;;;;;;17;;
PRE;28.10.2010 00:00;;;;;;;;;;;;;;1.3;3.6;4.7;13;;;;;;;;;;;;;;;;315;;
PRE;29.10.2010 00:00;;;;;;;;;;;;;;1.3;3.2;4.7;11.5;;;;;;;;;;;;;;;;315;;
PRE;30.10.2010 00:00;;;;;;;;;;;;;;2.8;12.5;10.1;45;;;;;;;;;;;;;;;;315;;
PRE;31.10.2010 00:00;;;;;;;;;;;;;;3.1;11.5;11.2;41.4;;;;;;;;;;;;;;;;9;;
PRE;01.11.2010 00:00;;;;;;;;;;;;;;2;7.3;7.2;26.3;;;;;;;;;;;;;;;;9;;
PRE;02.11.2010 00:00;;;;;;;;;;;;;;3.5;10.5;12.6;37.8;;;;;;;;;;;;;;;;11;;
PRE;03.11.2010 00:00;;;;;;;;;;;;;;1.3;4.7;4.7;16.9;;;;;;;;;;;;;;;;225;;
PRE;04.11.2010 00:00;;;;;;;;;;;;;;1.2;3.8;4.3;13.7;;;;;;;;;;;;;;;;37;;
PRE;05.11.2010 00:00;;;;;;;;;;;;;;1;3.1;3.6;11.2;;;;;;;;;;;;;;;;14;;
PRE;06.11.2010 00:00;;;;;;;;;;;;;;1.6;7.3;5.8;26.3;;;;;;;;;;;;;;;;221;;
PRE;07.11.2010 00:00;;;;;;;;;;;;;;4.2;11.8;15.1;42.5;;;;;;;;;;;;;;;;243;;
PRE;08.11.2010 00:00;;;;;;;;;;;;;;6.3;13.7;22.7;49.3;;;;;;;;;;;;;;;;243;;
PRE;09.11.2010 00:00;;;;;;;;;;;;;;4.4;10.6;15.8;38.2;;;;;;;;;;;;;;;;249;;
PRE;10.11.2010 00:00;;;;;;;;;;;;;;5.3;17.2;19.1;61.9;;;;;;;;;;;;;;;;240;;
PRE;11.11.2010 00:00;;;;;;;;;;;;;;6.4;16.3;23;58.7;;;;;;;;;;;;;;;;244;;
PRE;12.11.2010 00:00;;;;;;;;;;;;;;7.2;14.8;25.9;53.3;;;;;;;;;;;;;;;;247;;
PRE;13.11.2010 00:00;;;;;;;;;;;;;;4;10;14.4;36;;;;;;;;;;;;;;;;238;;
PRE;14.11.2010 00:00;;;;;;;;;;;;;;3.3;12.5;11.9;45;;;;;;;;;;;;;;;;226;;
PRE;15.11.2010 00:00;;;;;;;;;;;;;;2.8;10.3;10.1;37.1;;;;;;;;;;;;;;;;294;;
PRE;16.11.2010 00:00;;;;;;;;;;;;;;5.4;14.2;19.4;51.1;;;;;;;;;;;;;;;;35;;
PRE;17.11.2010 00:00;;;;;;;;;;;;;;2.7;10.8;9.7;38.9;;;;;;;;;;;;;;;;11;;
PRE;18.11.2010 00:00;;;;;;;;;;;;;;2.2;6.5;7.9;23.4;;;;;;;;;;;;;;;;275;;
PRE;19.11.2010 00:00;;;;;;;;;;;;;;1.3;3.5;4.7;12.6;;;;;;;;;;;;;;;;342;;
PRE;20.11.2010 00:00;;;;;;;;;;;;;;4;11.5;14.4;41.4;;;;;;;;;;;;;;;;18;;
PRE;21.11.2010 00:00;;;;;;;;;;;;;;3.7;10.1;13.3;36.4;;;;;;;;;;;;;;;;7;;
PRE;22.11.2010 00:00;;;;;;;;;;;;;;1.9;6.1;6.8;22;;;;;;;;;;;;;;;;270;;
PRE;23.11.2010 00:00;;;;;;;;;;;;;;2.6;6.8;9.4;24.5;;;;;;;;;;;;;;;;276;;
PRE;24.11.2010 00:00;;;;;;;;;;;;;;2.6;7.5;9.4;27;;;;;;;;;;;;;;;;252;;
PRE;25.11.2010 00:00;;;;;;;;;;;;;;5;12.3;18;44.3;;;;;;;;;;;;;;;;250;;
PRE;26.11.2010 00:00;;;;;;;;;;;;;;2.6;7.8;9.4;28.1;;;;;;;;;;;;;;;;284;;
PRE;27.11.2010 00:00;;;;;;;;;;;;;;1.9;5.2;6.8;18.7;;;;;;;;;;;;;;;;339;;
PRE;28.11.2010 00:00;;;;;;;;;;;;;;4;10.2;14.4;36.7;;;;;;;;;;;;;;;;2;;
PRE;29.11.2010 00:00;;;;;;;;;;;;;;5;14.7;18;52.9;;;;;;;;;;;;;;;;257;;
PRE;30.11.2010 00:00;;;;;;;;;;;;;;5.4;10.7;19.4;38.5;;;;;;;;;;;;;;;;15;;
PRE;01.12.2010 00:00;;;;;;;;;;;;;;4.3;10.7;15.5;38.5;;;;;;;;;;;;;;;;340;;
PRE;02.12.2010 00:00;;;;;;;;;;;;;;2.8;6.8;10.1;24.5;;;;;;;;;;;;;;;;270;;
PRE;03.12.2010 00:00;;;;;;;;;;;;;;2.3;9.1;8.3;32.8;;;;;;;;;;;;;;;;267;;
PRE;04.12.2010 00:00;;;;;;;;;;;;;;2.8;6.6;10.1;23.8;;;;;;;;;;;;;;;;270;;
PRE;05.12.2010 00:00;;;;;;;;;;;;;;2.7;10.8;9.7;38.9;;;;;;;;;;;;;;;;242;;
PRE;06.12.2010 00:00;;;;;;;;;;;;;;1.6;8.8;5.8;31.7;;;;;;;;;;;;;;;;63;;
PRE;07.12.2010 00:00;;;;;;;;;;;;;;2.2;10.2;7.9;36.7;;;;;;;;;;;;;;;;247;;
PRE;08.12.2010 00:00;;;;;;;;;;;;;;2.7;19.5;9.7;70.2;;;;;;;;;;;;;;;;254;;
PRE;09.12.2010 00:00;;;;;;;;;;;;;;4.9;15.6;17.6;56.2;;;;;;;;;;;;;;;;8;;
PRE;10.12.2010 00:00;;;;;;;;;;;;;;1.6;6;5.8;21.6;;;;;;;;;;;;;;;;355;;
PRE;11.12.2010 00:00;;;;;;;;;;;;;;1.6;4.5;5.8;16.2;;;;;;;;;;;;;;;;275;;
PRE;12.12.2010 00:00;;;;;;;;;;;;;;3.3;8.5;11.9;30.6;;;;;;;;;;;;;;;;14;;
PRE;13.12.2010 00:00;;;;;;;;;;;;;;5.4;15.6;19.4;56.2;;;;;;;;;;;;;;;;26;;
PRE;14.12.2010 00:00;;;;;;;;;;;;;;4.2;13.6;15.1;49;;;;;;;;;;;;;;;;9;;
PRE;15.12.2010 00:00;;;;;;;;;;;;;;4.8;12.3;17.3;44.3;;;;;;;;;;;;;;;;27;;
PRE;16.12.2010 00:00;;;;;;;;;;;;;;4.6;14.2;16.6;51.1;;;;;;;;;;;;;;;;252;;
PRE;17.12.2010 00:00;;;;;;;;;;;;;;5.6;15.5;20.2;55.8;;;;;;;;;;;;;;;;250;;
PRE;18.12.2010 00:00;;;;;;;;;;;;;;5.2;13;18.7;46.8;;;;;;;;;;;;;;;;249;;
PRE;19.12.2010 00:00;;;;;;;;;;;;;;5.6;15.2;20.2;54.7;;;;;;;;;;;;;;;;236;;
PRE;20.12.2010 00:00;;;;;;;;;;;;;;6.1;14.6;22;52.6;;;;;;;;;;;;;;;;244;;
PRE;21.12.2010 00:00;;;;;;;;;;;;;;2.5;9.6;9;34.6;;;;;;;;;;;;;;;;326;;
PRE;22.12.2010 00:00;;;;;;;;;;;;;;1.2;4.6;4.3;16.6;;;;;;;;;;;;;;;;360;;
PRE;23.12.2010 00:00;;;;;;;;;;;;;;1.4;6.7;5;24.1;;;;;;;;;;;;;;;;329;;
PRE;24.12.2010 00:00;;;;;;;;;;;;;;3.1;10.3;11.2;37.1;;;;;;;;;;;;;;;;239;;
PRE;25.12.2010 00:00;;;;;;;;;;;;;;6.4;21.2;23;76.3;;;;;;;;;;;;;;;;28;;
PRE;26.12.2010 00:00;;;;;;;;;;;;;;8.8;18.6;31.7;67;;;;;;;;;;;;;;;;24;;
PRE;27.12.2010 00:00;;;;;;;;;;;;;;4;11.1;14.4;40;;;;;;;;;;;;;;;;21;;
PRE;28.12.2010 00:00;;;;;;;;;;;;;;1.1;3.7;4;13.3;;;;;;;;;;;;;;;;328;;
PRE;29.12.2010 00:00;;;;;;;;;;;;;;2;6;7.2;21.6;;;;;;;;;;;;;;;;354;;
PRE;30.12.2010 00:00;;;;;;;;;;;;;;1.8;5.7;6.5;20.5;;;;;;;;;;;;;;;;7;;
PRE;31.12.2010 00:00;;;;;;;;;;;;;;2.5;6.2;9;22.3;;;;;;;;;;;;;;;;2;;
PRE;01.01.2011 00:00;;;;;;;;;;;;;;1.8;6.7;6.5;24.1;;;;;;;;;;;;;;;;12;;
PRE;02.01.2011 00:00;;;;;;;;;;;;;;6.4;14.7;23;52.9;;;;;;;;;;;;;;;;32;;
PRE;03.01.2011 00:00;;;;;;;;;;;;;;5.4;13.8;19.4;49.7;;;;;;;;;;;;;;;;17;;
PRE;04.01.2011 00:00;;;;;;;;;;;;;;1.6;5.3;5.8;19.1;;;;;;;;;;;;;;;;360;;
PRE;05.01.2011 00:00;;;;;;;;;;;;;;1.6;11.1;5.8;40;;;;;;;;;;;;;;;;259;;
PRE;06.01.2011 00:00;;;;;;;;;;;;;;4.7;11.5;16.9;41.4;;;;;;;;;;;;;;;;233;;
PRE;07.01.2011 00:00;;;;;;;;;;;;;;1.1;7.2;4;25.9;;;;;;;;;;;;;;;;56;;
PRE;08.01.2011 00:00;;;;;;;;;;;;;;1.6;8.8;5.8;31.7;;;;;;;;;;;;;;;;243;;
PRE;09.01.2011 00:00;;;;;;;;;;;;;;2.9;8.3;10.4;29.9;;;;;;;;;;;;;;;;235;;
PRE;10.01.2011 00:00;;;;;;;;;;;;;;2.2;7.7;7.9;27.7;;;;;;;;;;;;;;;;357;;
PRE;11.01.2011 00:00;;;;;;;;;;;;;;4;12.5;14.4;45;;;;;;;;;;;;;;;;238;;
PRE;12.01.2011 00:00;;;;;;;;;;;;;;3;6.2;10.8;22.3;;;;;;;;;;;;;;;;222;;
PRE;13.01.2011 00:00;;;;;;;;;;;;;;2;6.3;7.2;22.7;;;;;;;;;;;;;;;;180;;
PRE;14.01.2011 00:00;;;;;;;;;;;;;;1.9;10;6.8;36;;;;;;;;;;;;;;;;360;;
PRE;15.01.2011 00:00;;;;;;;;;;;;;;2;8.3;7.2;29.9;;;;;;;;;;;;;;;;270;;
PRE;16.01.2011 00:00;;;;;;;;;;;;;;1.2;3.2;4.3;11.5;;;;;;;;;;;;;;;;304;;
PRE;17.01.2011 00:00;;;;;;;;;;;;;;1.3;4.3;4.7;15.5;;;;;;;;;;;;;;;;360;;
PRE;18.01.2011 00:00;;;;;;;;;;;;;;0.7;3.5;2.5;12.6;;;;;;;;;;;;;;;;342;;
PRE;19.01.2011 00:00;;;;;;;;;;;;;;3.4;9.6;12.2;34.6;;;;;;;;;;;;;;;;24;;
PRE;20.01.2011 00:00;;;;;;;;;;;;;;4.7;13;16.9;46.8;;;;;;;;;;;;;;;;23;;
PRE;21.01.2011 00:00;;;;;;;;;;;;;;10.7;22.1;38.5;79.6;;;;;;;;;;;;;;;;33;;
PRE;22.01.2011 00:00;;;;;;;;;;;;;;9.3;21.7;33.5;78.1;;;;;;;;;;;;;;;;32;;
PRE;23.01.2011 00:00;;;;;;;;;;;;;;6.4;12.6;23;45.4;;;;;;;;;;;;;;;;32;;
PRE;24.01.2011 00:00;;;;;;;;;;;;;;3.6;9.1;13;32.8;;;;;;;;;;;;;;;;29;;
PRE;25.01.2011 00:00;;;;;;;;;;;;;;1.4;4.7;5;16.9;;;;;;;;;;;;;;;;246;;
PRE;26.01.2011 00:00;;;;;;;;;;;;;;2.2;6.3;7.9;22.7;;;;;;;;;;;;;;;;293;;
PRE;27.01.2011 00:00;;;;;;;;;;;;;;4.6;11.3;16.6;40.7;;;;;;;;;;;;;;;;28;;
PRE;28.01.2011 00:00;;;;;;;;;;;;;;4.3;8.8;15.5;31.7;;;;;;;;;;;;;;;;18;;
PRE;29.01.2011 00:00;;;;;;;;;;;;;;4;10.8;14.4;38.9;;;;;;;;;;;;;;;;14;;
PRE;30.01.2011 00:00;;;;;;;;;;;;;;4.3;12.7;15.5;45.7;;;;;;;;;;;;;;;;15;;
PRE;31.01.2011 00:00;;;;;;;;;;;;;;3.5;8.1;12.6;29.2;;;;;;;;;;;;;;;;355;;
PRE;01.02.2011 00:00;;;;;;;;;;;;;;2.7;8;9.7;28.8;;;;;;;;;;;;;;;;355;;
PRE;02.02.2011 00:00;;;;;;;;;;;;;;5.8;11.7;20.9;42.1;;;;;;;;;;;;;;;;21;;
PRE;03.02.2011 00:00;;;;;;;;;;;;;;1.5;6;5.4;21.6;;;;;;;;;;;;;;;;310;;
PRE;04.02.2011 00:00;;;;;;;;;;;;;;1.2;5.5;4.3;19.8;;;;;;;;;;;;;;;;256;;
PRE;05.02.2011 00:00;;;;;;;;;;;;;;1.4;4.6;5;16.6;;;;;;;;;;;;;;;;333;;
PRE;06.02.2011 00:00;;;;;;;;;;;;;;1.1;2.8;4;10.1;;;;;;;;;;;;;;;;323;;
PRE;07.02.2011 00:00;;;;;;;;;;;;;;1.1;3;4;10.8;;;;;;;;;;;;;;;;333;;
PRE;08.02.2011 00:00;;;;;;;;;;;;;;1.7;9.2;6.1;33.1;;;;;;;;;;;;;;;;6;;
PRE;09.02.2011 00:00;;;;;;;;;;;;;;1;3.1;3.6;11.2;;;;;;;;;;;;;;;;315;;
PRE;10.02.2011 00:00;;;;;;;;;;;;;;1.1;3.1;4;11.2;;;;;;;;;;;;;;;;323;;
PRE;11.02.2011 00:00;;;;;;;;;;;;;;1;2.8;3.6;10.1;;;;;;;;;;;;;;;;333;;
PRE;12.02.2011 00:00;;;;;;;;;;;;;;0.8;2.6;2.9;9.4;;;;;;;;;;;;;;;;315;;
PRE;13.02.2011 00:00;;;;;;;;;;;;;;1.2;3.2;4.3;11.5;;;;;;;;;;;;;;;;11;;
PRE;14.02.2011 00:00;;;;;;;;;;;;;;1.6;7.1;5.8;25.6;;;;;;;;;;;;;;;;252;;
PRE;15.02.2011 00:00;;;;;;;;;;;;;;1.9;6.1;6.8;22;;;;;;;;;;;;;;;;288;;
PRE;16.02.2011 00:00;;;;;;;;;;;;;;3.2;8.5;11.5;30.6;;;;;;;;;;;;;;;;15;;
PRE;17.02.2011 00:00;;;;;;;;;;;;;;1.7;5.5;6.1;19.8;;;;;;;;;;;;;;;;346;;
PRE;18.02.2011 00:00;;;;;;;;;;;;;;1.2;4.2;4.3;15.1;;;;;;;;;;;;;;;;315;;
PRE;19.02.2011 00:00;;;;;;;;;;;;;;0.8;3.6;2.9;13;;;;;;;;;;;;;;;;0;;
PRE;20.02.2011 00:00;;;;;;;;;;;;;;1.3;6.5;4.7;23.4;;;;;;;;;;;;;;;;229;;
PRE;21.02.2011 00:00;;;;;;;;;;;;;;3.8;9.5;13.7;34.2;;;;;;;;;;;;;;;;252;;
PRE;22.02.2011 00:00;;;;;;;;;;;;;;4.3;10.8;15.5;38.9;;;;;;;;;;;;;;;;18;;
PRE;23.02.2011 00:00;;;;;;;;;;;;;;3.9;10.5;14;37.8;;;;;;;;;;;;;;;;16;;
PRE;24.02.2011 00:00;;;;;;;;;;;;;;1.2;4.1;4.3;14.8;;;;;;;;;;;;;;;;360;;
PRE;25.02.2011 00:00;;;;;;;;;;;;;;3;9.8;10.8;35.3;;;;;;;;;;;;;;;;20;;
PRE;26.02.2011 00:00;;;;;;;;;;;;;;3.5;13.2;12.6;47.5;;;;;;;;;;;;;;;;254;;
PRE;27.02.2011 00:00;;;;;;;;;;;;;;1.8;8.6;6.5;31;;;;;;;;;;;;;;;;315;;
PRE;28.02.2011 00:00;;;;;;;;;;;;;;6.8;14.7;24.5;52.9;;;;;;;;;;;;;;;;24;;
PRE;01.03.2011 00:00;;;;;;;;;;;;;;7.3;17.3;26.3;62.3;;;;;;;;;;;;;;;;29;;
PRE;02.03.2011 00:00;;;;;;;;;;;;;;5.7;16.6;20.5;59.8;;;;;;;;;;;;;;;;27;;
PRE;03.03.2011 00:00;;;;;;;;;;;;;;4.6;9.8;16.6;35.3;;;;;;;;;;;;;;;;16;;
PRE;04.03.2011 00:00;;;;;;;;;;;;;;3.3;8;11.9;28.8;;;;;;;;;;;;;;;;17;;
PRE;05.03.2011 00:00;;;;;;;;;;;;;;3.4;11.5;12.2;41.4;;;;;;;;;;;;;;;;27;;
PRE;06.03.2011 00:00;;;;;;;;;;;;;;5.5;13.7;19.8;49.3;;;;;;;;;;;;;;;;36;;
PRE;07.03.2011 00:00;;;;;;;;;;;;;;4.1;12.7;14.8;45.7;;;;;;;;;;;;;;;;14;;
PRE;08.03.2011 00:00;;;;;;;;;;;;;;1.7;7.2;6.1;25.9;;;;;;;;;;;;;;;;252;;
PRE;09.03.2011 00:00;;;;;;;;;;;;;;2.1;5.7;7.6;20.5;;;;;;;;;;;;;;;;225;;
PRE;10.03.2011 00:00;;;;;;;;;;;;;;2.2;9.7;7.9;34.9;;;;;;;;;;;;;;;;232;;
PRE;11.03.2011 00:00;;;;;;;;;;;;;;1.3;4;4.7;14.4;;;;;;;;;;;;;;;;45;;
PRE;12.03.2011 00:00;;;;;;;;;;;;;;1.3;5.7;4.7;20.5;;;;;;;;;;;;;;;;262;;
PRE;13.03.2011 00:00;;;;;;;;;;;;;;3.4;10.8;12.2;38.9;;;;;;;;;;;;;;;;337;;
PRE;14.03.2011 00:00;;;;;;;;;;;;;;2.2;9.7;7.9;34.9;;;;;;;;;;;;;;;;13;;
PRE;15.03.2011 00:00;;;;;;;;;;;;;;4.5;11.5;16.2;41.4;;;;;;;;;;;;;;;;15;;
PRE;16.03.2011 00:00;;;;;;;;;;;;;;2.7;9.8;9.7;35.3;;;;;;;;;;;;;;;;360;;
PRE;17.03.2011 00:00;;;;;;;;;;;;;;2.6;8;9.4;28.8;;;;;;;;;;;;;;;;245;;
PRE;18.03.2011 00:00;;;;;;;;;;;;;;1.3;4.3;4.7;15.5;;;;;;;;;;;;;;;;135;;
PRE;19.03.2011 00:00;;;;;;;;;;;;;;4.3;18.8;15.5;67.7;;;;;;;;;;;;;;;;21;;
PRE;20.03.2011 00:00;;;;;;;;;;;;;;7.8;15.8;28.1;56.9;;;;;;;;;;;;;;;;25;;
PRE;21.03.2011 00:00;;;;;;;;;;;;;;6.5;14.7;23.4;52.9;;;;;;;;;;;;;;;;25;;
PRE;22.03.2011 00:00;;;;;;;;;;;;;;4.2;8.7;15.1;31.3;;;;;;;;;;;;;;;;17;;
PRE;23.03.2011 00:00;;;;;;;;;;;;;;2.5;9;9;32.4;;;;;;;;;;;;;;;;34;;
PRE;24.03.2011 00:00;;;;;;;;;;;;;;1.1;4.6;4;16.6;;;;;;;;;;;;;;;;180;;
PRE;25.03.2011 00:00;;;;;;;;;;;;;;2;7.3;7.2;26.3;;;;;;;;;;;;;;;;240;;
PRE;26.03.2011 00:00;;;;;;;;;;;;;;1.8;7;6.5;25.2;;;;;;;;;;;;;;;;217;;
PRE;27.03.2011 00:00;;;;;;;;;;;;;;3;12.6;10.8;45.4;;;;;;;;;;;;;;;;239;;
PRE;28.03.2011 00:00;;;;;;;;;;;;;;1.4;5.5;5;19.8;;;;;;;;;;;;;;;;256;;
PRE;29.03.2011 00:00;;;;;;;;;;;;;;2;10.8;7.2;38.9;;;;;;;;;;;;;;;;231;;
PRE;30.03.2011 00:00;;;;;;;;;;;;;;1.9;7.1;6.8;25.6;;;;;;;;;;;;;;;;198;;
PRE;31.03.2011 00:00;;;;;;;;;;;;;;2.6;8.1;9.4;29.2;;;;;;;;;;;;;;;;221;;
PRE;01.04.2011 00:00;;;;;;;;;;;;;;1.5;5.2;5.4;18.7;;;;;;;;;;;;;;;;34;;
PRE;02.04.2011 00:00;;;;;;;;;;;;;;1.3;4.1;4.7;14.8;;;;;;;;;;;;;;;;27;;
PRE;03.04.2011 00:00;;;;;;;;;;;;;;1.8;6;6.5;21.6;;;;;;;;;;;;;;;;219;;
PRE;04.04.2011 00:00;;;;;;;;;;;;;;2.2;8.1;7.9;29.2;;;;;;;;;;;;;;;;34;;
PRE;05.04.2011 00:00;;;;;;;;;;;;;;1.6;5;5.8;18;;;;;;;;;;;;;;;;9;;
PRE;06.04.2011 00:00;;;;;;;;;;;;;;3.4;9.1;12.2;32.8;;;;;;;;;;;;;;;;17;;
PRE;07.04.2011 00:00;;;;;;;;;;;;;;1.5;5.1;5.4;18.4;;;;;;;;;;;;;;;;45;;
PRE;08.04.2011 00:00;;;;;;;;;;;;;;3.1;10;11.2;36;;;;;;;;;;;;;;;;18;;
PRE;09.04.2011 00:00;;;;;;;;;;;;;;6.8;14.1;24.5;50.8;;;;;;;;;;;;;;;;18;;
PRE;10.04.2011 00:00;;;;;;;;;;;;;;6.6;14.2;23.8;51.1;;;;;;;;;;;;;;;;25;;
PRE;11.04.2011 00:00;;;;;;;;;;;;;;2.5;11.3;9;40.7;;;;;;;;;;;;;;;;8;;
PRE;12.04.2011 00:00;;;;;;;;;;;;;;2.9;13.6;10.4;49;;;;;;;;;;;;;;;;16;;
PRE;13.04.2011 00:00;;;;;;;;;;;;;;4.6;13.3;16.6;47.9;;;;;;;;;;;;;;;;23;;
PRE;14.04.2011 00:00;;;;;;;;;;;;;;5.4;13.5;19.4;48.6;;;;;;;;;;;;;;;;24;;
PRE;15.04.2011 00:00;;;;;;;;;;;;;;6.7;15.1;24.1;54.4;;;;;;;;;;;;;;;;23;;
PRE;16.04.2011 00:00;;;;;;;;;;;;;;3.5;9.2;12.6;33.1;;;;;;;;;;;;;;;;21;;
PRE;17.04.2011 00:00;;;;;;;;;;;;;;2.6;6.8;9.4;24.5;;;;;;;;;;;;;;;;27;;
PRE;18.04.2011 00:00;;;;;;;;;;;;;;1.8;4.2;6.5;15.1;;;;;;;;;;;;;;;;34;;
PRE;19.04.2011 00:00;;;;;;;;;;;;;;1.4;4.3;5;15.5;;;;;;;;;;;;;;;;259;;
PRE;20.04.2011 00:00;;;;;;;;;;;;;;1.3;5.1;4.7;18.4;;;;;;;;;;;;;;;;225;;
PRE;21.04.2011 00:00;;;;;;;;;;;;;;1.5;5.2;5.4;18.7;;;;;;;;;;;;;;;;243;;
PRE;22.04.2011 00:00;;;;;;;;;;;;;;1.6;5.2;5.8;18.7;;;;;;;;;;;;;;;;270;;
PRE;23.04.2011 00:00;;;;;;;;;;;;;;2.9;10.7;10.4;38.5;;;;;;;;;;;;;;;;240;;
PRE;24.04.2011 00:00;;;;;;;;;;;;;;2.5;8.6;9;31;;;;;;;;;;;;;;;;353;;
PRE;25.04.2011 00:00;;;;;;;;;;;;;;5.5;14.1;19.8;50.8;;;;;;;;;;;;;;;;27;;
PRE;26.04.2011 00:00;;;;;;;;;;;;;;6.9;15.5;24.8;55.8;;;;;;;;;;;;;;;;29;;
PRE;27.04.2011 00:00;;;;;;;;;;;;;;3.9;11.3;14;40.7;;;;;;;;;;;;;;;;18;;
PRE;28.04.2011 00:00;;;;;;;;;;;;;;2.7;7.6;9.7;27.4;;;;;;;;;;;;;;;;27;;
PRE;29.04.2011 00:00;;;;;;;;;;;;;;2.1;10.3;7.6;37.1;;;;;;;;;;;;;;;;214;;
PRE;30.04.2011 00:00;;;;;;;;;;;;;;2.5;8.5;9;30.6;;;;;;;;;;;;;;;;10;;
PRE;01.05.2011 00:00;;;;;;;;;;;;;;2.1;10.1;7.6;36.4;;;;;;;;;;;;;;;;9;;
PRE;02.05.2011 00:00;;;;;;;;;;;;;;1.9;8.2;6.8;29.5;;;;;;;;;;;;;;;;180;;
PRE;03.05.2011 00:00;;;;;;;;;;;;;;3.1;12.1;11.2;43.6;;;;;;;;;;;;;;;;356;;
PRE;04.05.2011 00:00;;;;;;;;;;;;;;4;10;14.4;36;;;;;;;;;;;;;;;;17;;
PRE;05.05.2011 00:00;;;;;;;;;;;;;;2.8;9.3;10.1;33.5;;;;;;;;;;;;;;;;27;;
PRE;06.05.2011 00:00;;;;;;;;;;;;;;1.7;6.3;6.1;22.7;;;;;;;;;;;;;;;;0;;
PRE;07.05.2011 00:00;;;;;;;;;;;;;;1.6;6.3;5.8;22.7;;;;;;;;;;;;;;;;219;;
PRE;08.05.2011 00:00;;;;;;;;;;;;;;2.9;9.8;10.4;35.3;;;;;;;;;;;;;;;;352;;
PRE;09.05.2011 00:00;;;;;;;;;;;;;;2.6;10.6;9.4;38.2;;;;;;;;;;;;;;;;14;;
PRE;10.05.2011 00:00;;;;;;;;;;;;;;1.8;8.1;6.5;29.2;;;;;;;;;;;;;;;;243;;
PRE;11.05.2011 00:00;;;;;;;;;;;;;;1.7;9;6.1;32.4;;;;;;;;;;;;;;;;281;;
PRE;12.05.2011 00:00;;;;;;;;;;;;;;1.4;12;5;43.2;;;;;;;;;;;;;;;;27;;
PRE;13.05.2011 00:00;;;;;;;;;;;;;;2.7;10.7;9.7;38.5;;;;;;;;;;;;;;;;23;;
PRE;14.05.2011 00:00;;;;;;;;;;;;;;2;9.8;7.2;35.3;;;;;;;;;;;;;;;;278;;
PRE;15.05.2011 00:00;;;;;;;;;;;;;;2.2;14.5;7.9;52.2;;;;;;;;;;;;;;;;17;;
PRE;16.05.2011 00:00;;;;;;;;;;;;;;2;5.2;7.2;18.7;;;;;;;;;;;;;;;;14;;
PRE;17.05.2011 00:00;;;;;;;;;;;;;;2.3;5.6;8.3;20.2;;;;;;;;;;;;;;;;18;;
PRE;18.05.2011 00:00;;;;;;;;;;;;;;2;7.7;7.2;27.7;;;;;;;;;;;;;;;;153;;
PRE;19.05.2011 00:00;;;;;;;;;;;;;;2.1;14.8;7.6;53.3;;;;;;;;;;;;;;;;158;;
PRE;20.05.2011 00:00;;;;;;;;;;;;;;1.3;4.6;4.7;16.6;;;;;;;;;;;;;;;;270;;
PRE;21.05.2011 00:00;;;;;;;;;;;;;;2;6;7.2;21.6;;;;;;;;;;;;;;;;301;;
PRE;22.05.2011 00:00;;;;;;;;;;;;;;1.9;7.5;6.8;27;;;;;;;;;;;;;;;;45;;
PRE;23.05.2011 00:00;;;;;;;;;;;;;;2.8;8.8;10.1;31.7;;;;;;;;;;;;;;;;24;;
PRE;24.05.2011 00:00;;;;;;;;;;;;;;2.3;9.8;8.3;35.3;;;;;;;;;;;;;;;;14;;
PRE;25.05.2011 00:00;;;;;;;;;;;;;;3.3;11.2;11.9;40.3;;;;;;;;;;;;;;;;20;;
PRE;26.05.2011 00:00;;;;;;;;;;;;;;4.2;19.7;15.1;70.9;;;;;;;;;;;;;;;;246;;
PRE;27.05.2011 00:00;;;;;;;;;;;;;;3.3;12;11.9;43.2;;;;;;;;;;;;;;;;267;;
PRE;28.05.2011 00:00;;;;;;;;;;;;;;3.1;10.3;11.2;37.1;;;;;;;;;;;;;;;;24;;
PRE;29.05.2011 00:00;;;;;;;;;;;;;;2;5.6;7.2;20.2;;;;;;;;;;;;;;;;304;;
PRE;30.05.2011 00:00;;;;;;;;;;;;;;3;16.5;10.8;59.4;;;;;;;;;;;;;;;;200;;
PRE;31.05.2011 00:00;;;;;;;;;;;;;;3.3;10.3;11.9;37.1;;;;;;;;;;;;;;;;246;;
PRE;01.06.2011 00:00;;;;;;;;;;;;;;7.2;20.7;25.9;74.5;;;;;;;;;;;;;;;;31;;
PRE;02.06.2011 00:00;;;;;;;;;;;;;;5.9;14.5;21.2;52.2;;;;;;;;;;;;;;;;33;;
PRE;03.06.2011 00:00;;;;;;;;;;;;;;3.9;9.7;14;34.9;;;;;;;;;;;;;;;;24;;
PRE;04.06.2011 00:00;;;;;;;;;;;;;;2.5;19.3;9;69.5;;;;;;;;;;;;;;;;233;;
PRE;05.06.2011 00:00;;;;;;;;;;;;;;2.1;12.8;7.6;46.1;;;;;;;;;;;;;;;;229;;
PRE;06.06.2011 00:00;;;;;;;;;;;;;;2.7;14.6;9.7;52.6;;;;;;;;;;;;;;;;217;;
PRE;07.06.2011 00:00;;;;;;;;;;;;;;2.4;8.1;8.6;29.2;;;;;;;;;;;;;;;;232;;
PRE;08.06.2011 00:00;;;;;;;;;;;;;;2.1;7.7;7.6;27.7;;;;;;;;;;;;;;;;227;;
PRE;09.06.2011 00:00;;;;;;;;;;;;;;2;6.6;7.2;23.8;;;;;;;;;;;;;;;;354;;
PRE;10.06.2011 00:00;;;;;;;;;;;;;;1.3;4.2;4.7;15.1;;;;;;;;;;;;;;;;225;;
PRE;11.06.2011 00:00;;;;;;;;;;;;;;2.5;6.2;9;22.3;;;;;;;;;;;;;;;;225;;
PRE;12.06.2011 00:00;;;;;;;;;;;;;;1.9;6.7;6.8;24.1;;;;;;;;;;;;;;;;180;;
PRE;13.06.2011 00:00;;;;;;;;;;;;;;1.6;5.3;5.8;19.1;;;;;;;;;;;;;;;;8;;
PRE;14.06.2011 00:00;;;;;;;;;;;;;;1.9;7.1;6.8;25.6;;;;;;;;;;;;;;;;360;;
PRE;15.06.2011 00:00;;;;;;;;;;;;;;1.6;4.5;5.8;16.2;;;;;;;;;;;;;;;;225;;
PRE;16.06.2011 00:00;;;;;;;;;;;;;;2.5;14.6;9;52.6;;;;;;;;;;;;;;;;262;;
PRE;17.06.2011 00:00;;;;;;;;;;;;;;2.4;15.7;8.6;56.5;;;;;;;;;;;;;;;;216;;
PRE;18.06.2011 00:00;;;;;;;;;;;;;;3.6;10.2;13;36.7;;;;;;;;;;;;;;;;238;;
PRE;19.06.2011 00:00;;;;;;;;;;;;;;4.3;11.2;15.5;40.3;;;;;;;;;;;;;;;;235;;
PRE;20.06.2011 00:00;;;;;;;;;;;;;;1.8;7.2;6.5;25.9;;;;;;;;;;;;;;;;198;;
PRE;21.06.2011 00:00;;;;;;;;;;;;;;3;13.8;10.8;49.7;;;;;;;;;;;;;;;;230;;
PRE;22.06.2011 00:00;;;;;;;;;;;;;;3.8;18.3;13.7;65.9;;;;;;;;;;;;;;;;235;;
PRE;23.06.2011 00:00;;;;;;;;;;;;;;2.2;10.5;7.9;37.8;;;;;;;;;;;;;;;;263;;
PRE;24.06.2011 00:00;;;;;;;;;;;;;;2.4;8.1;8.6;29.2;;;;;;;;;;;;;;;;25;;
PRE;25.06.2011 00:00;;;;;;;;;;;;;;2.3;7;8.3;25.2;;;;;;;;;;;;;;;;24;;
PRE;26.06.2011 00:00;;;;;;;;;;;;;;2.6;7.6;9.4;27.4;;;;;;;;;;;;;;;;30;;
PRE;27.06.2011 00:00;;;;;;;;;;;;;;1.6;3.7;5.8;13.3;;;;;;;;;;;;;;;;56;;
PRE;28.06.2011 00:00;;;;;;;;;;;;;;1.7;4.5;6.1;16.2;;;;;;;;;;;;;;;;270;;
PRE;29.06.2011 00:00;;;;;;;;;;;;;;2.3;9;8.3;32.4;;;;;;;;;;;;;;;;351;;
PRE;30.06.2011 00:00;;;;;;;;;;;;;;3.6;10.6;13;38.2;;;;;;;;;;;;;;;;37;;
PRE;01.07.2011 00:00;;;;;;;;;;;;;;3.9;10;14;36;;;;;;;;;;;;;;;;15;;
PRE;02.07.2011 00:00;;;;;;;;;;;;;;4.6;10.8;16.6;38.9;;;;;;;;;;;;;;;;28;;
PRE;03.07.2011 00:00;;;;;;;;;;;;;;3.1;8.3;11.2;29.9;;;;;;;;;;;;;;;;37;;
PRE;04.07.2011 00:00;;;;;;;;;;;;;;2;6.3;7.2;22.7;;;;;;;;;;;;;;;;39;;
PRE;05.07.2011 00:00;;;;;;;;;;;;;;1.8;6;6.5;21.6;;;;;;;;;;;;;;;;225;;
PRE;06.07.2011 00:00;;;;;;;;;;;;;;1.9;7.1;6.8;25.6;;;;;;;;;;;;;;;;233;;
PRE;07.07.2011 00:00;;;;;;;;;;;;;;2.4;14.3;8.6;51.5;;;;;;;;;;;;;;;;233;;
PRE;08.07.2011 00:00;;;;;;;;;;;;;;1.9;9.1;6.8;32.8;;;;;;;;;;;;;;;;198;;
PRE;09.07.2011 00:00;;;;;;;;;;;;;;2.1;9.2;7.6;33.1;;;;;;;;;;;;;;;;39;;
PRE;10.07.2011 00:00;;;;;;;;;;;;;;2.5;9;9;32.4;;;;;;;;;;;;;;;;333;;
PRE;11.07.2011 00:00;;;;;;;;;;;;;;3;8.7;10.8;31.3;;;;;;;;;;;;;;;;16;;
PRE;12.07.2011 00:00;;;;;;;;;;;;;;1.9;8.7;6.8;31.3;;;;;;;;;;;;;;;;360;;
PRE;13.07.2011 00:00;;;;;;;;;;;;;;3.6;21.3;13;76.7;;;;;;;;;;;;;;;;240;;
PRE;14.07.2011 00:00;;;;;;;;;;;;;;2.3;6.7;8.3;24.1;;;;;;;;;;;;;;;;53;;
PRE;15.07.2011 00:00;;;;;;;;;;;;;;2.9;10.2;10.4;36.7;;;;;;;;;;;;;;;;41;;
PRE;16.07.2011 00:00;;;;;;;;;;;;;;3.8;12.8;13.7;46.1;;;;;;;;;;;;;;;;230;;
PRE;17.07.2011 00:00;;;;;;;;;;;;;;5;11.6;18;41.8;;;;;;;;;;;;;;;;237;;
PRE;18.07.2011 00:00;;;;;;;;;;;;;;4.6;14.5;16.6;52.2;;;;;;;;;;;;;;;;239;;
PRE;19.07.2011 00:00;;;;;;;;;;;;;;3.6;10.6;13;38.2;;;;;;;;;;;;;;;;248;;
PRE;20.07.2011 00:00;;;;;;;;;;;;;;3.4;9;12.2;32.4;;;;;;;;;;;;;;;;247;;
PRE;21.07.2011 00:00;;;;;;;;;;;;;;2.1;7.5;7.6;27;;;;;;;;;;;;;;;;231;;
PRE;22.07.2011 00:00;;;;;;;;;;;;;;2.6;11.1;9.4;40;;;;;;;;;;;;;;;;270;;
PRE;23.07.2011 00:00;;;;;;;;;;;;;;2.2;9.1;7.9;32.8;;;;;;;;;;;;;;;;229;;
PRE;24.07.2011 00:00;;;;;;;;;;;;;;1.5;7.7;5.4;27.7;;;;;;;;;;;;;;;;297;;
PRE;25.07.2011 00:00;;;;;;;;;;;;;;1.7;5.7;6.1;20.5;;;;;;;;;;;;;;;;263;;
PRE;26.07.2011 00:00;;;;;;;;;;;;;;1.4;3.8;5;13.7;;;;;;;;;;;;;;;;297;;
PRE;27.07.2011 00:00;;;;;;;;;;;;;;1.5;7.3;5.4;26.3;;;;;;;;;;;;;;;;304;;
PRE;28.07.2011 00:00;;;;;;;;;;;;;;1.8;6.5;6.5;23.4;;;;;;;;;;;;;;;;9;;
PRE;29.07.2011 00:00;;;;;;;;;;;;;;2.8;11.3;10.1;40.7;;;;;;;;;;;;;;;;24;;
PRE;30.07.2011 00:00;;;;;;;;;;;;;;3.2;10.6;11.5;38.2;;;;;;;;;;;;;;;;9;;
PRE;31.07.2011 00:00;;;;;;;;;;;;;;3.2;10;11.5;36;;;;;;;;;;;;;;;;31;;
PRE;01.08.2011 00:00;;;;;;;;;;;;;;2.7;9.1;9.7;32.8;;;;;;;;;;;;;;;;18;;
PRE;02.08.2011 00:00;;;;;;;;;;;;;;1.7;6;6.1;21.6;;;;;;;;;;;;;;;;360;;
PRE;03.08.2011 00:00;;;;;;;;;;;;;;3.2;7.6;11.5;27.4;;;;;;;;;;;;;;;;242;;
PRE;04.08.2011 00:00;;;;;;;;;;;;;;1.7;5.3;6.1;19.1;;;;;;;;;;;;;;;;238;;
PRE;05.08.2011 00:00;;;;;;;;;;;;;;1.6;8.3;5.8;29.9;;;;;;;;;;;;;;;;307;;
PRE;06.08.2011 00:00;;;;;;;;;;;;;;2.7;14;9.7;50.4;;;;;;;;;;;;;;;;240;;
PRE;07.08.2011 00:00;;;;;;;;;;;;;;4.8;14.3;17.3;51.5;;;;;;;;;;;;;;;;238;;
PRE;08.08.2011 00:00;;;;;;;;;;;;;;5.3;16.6;19.1;59.8;;;;;;;;;;;;;;;;241;;
PRE;09.08.2011 00:00;;;;;;;;;;;;;;1.7;7.3;6.1;26.3;;;;;;;;;;;;;;;;309;;
PRE;10.08.2011 00:00;;;;;;;;;;;;;;2.4;6.8;8.6;24.5;;;;;;;;;;;;;;;;24;;
PRE;11.08.2011 00:00;;;;;;;;;;;;;;1.6;6.3;5.8;22.7;;;;;;;;;;;;;;;;225;;
PRE;12.08.2011 00:00;;;;;;;;;;;;;;2.7;10.3;9.7;37.1;;;;;;;;;;;;;;;;242;;
PRE;13.08.2011 00:00;;;;;;;;;;;;;;1.5;4.5;5.4;16.2;;;;;;;;;;;;;;;;90;;
PRE;14.08.2011 00:00;;;;;;;;;;;;;;3.7;12;13.3;43.2;;;;;;;;;;;;;;;;242;;
PRE;15.08.2011 00:00;;;;;;;;;;;;;;2.7;10.5;9.7;37.8;;;;;;;;;;;;;;;;243;;
PRE;16.08.2011 00:00;;;;;;;;;;;;;;1.6;4.3;5.8;15.5;;;;;;;;;;;;;;;;45;;
PRE;17.08.2011 00:00;;;;;;;;;;;;;;1.5;3.6;5.4;13;;;;;;;;;;;;;;;;0;;
PRE;18.08.2011 00:00;;;;;;;;;;;;;;2.1;9.1;7.6;32.8;;;;;;;;;;;;;;;;231;;
PRE;19.08.2011 00:00;;;;;;;;;;;;;;2.6;10.7;9.4;38.5;;;;;;;;;;;;;;;;239;;
PRE;20.08.2011 00:00;;;;;;;;;;;;;;1.5;4.1;5.4;14.8;;;;;;;;;;;;;;;;45;;
PRE;21.08.2011 00:00;;;;;;;;;;;;;;1.6;4.5;5.8;16.2;;;;;;;;;;;;;;;;315;;
PRE;22.08.2011 00:00;;;;;;;;;;;;;;1.7;13.2;6.1;47.5;;;;;;;;;;;;;;;;63;;
PRE;23.08.2011 00:00;;;;;;;;;;;;;;1.5;3.8;5.4;13.7;;;;;;;;;;;;;;;;270;;
PRE;24.08.2011 00:00;;;;;;;;;;;;;;2.9;12.7;10.4;45.7;;;;;;;;;;;;;;;;283;;
PRE;25.08.2011 00:00;;;;;;;;;;;;;;2.2;7.3;7.9;26.3;;;;;;;;;;;;;;;;45;;
PRE;26.08.2011 00:00;;;;;;;;;;;;;;3.7;21.5;13.3;77.4;;;;;;;;;;;;;;;;264;;
PRE;27.08.2011 00:00;;;;;;;;;;;;;;4.3;12.6;15.5;45.4;;;;;;;;;;;;;;;;242;;
PRE;28.08.2011 00:00;;;;;;;;;;;;;;1.7;5.6;6.1;20.2;;;;;;;;;;;;;;;;307;;
PRE;29.08.2011 00:00;;;;;;;;;;;;;;2;6;7.2;21.6;;;;;;;;;;;;;;;;338;;
PRE;30.08.2011 00:00;;;;;;;;;;;;;;1.6;4.8;5.8;17.3;;;;;;;;;;;;;;;;243;;
PRE;31.08.2011 00:00;;;;;;;;;;;;;;1.6;4.5;5.8;16.2;;;;;;;;;;;;;;;;360;;
PRE;01.09.2011 00:00;;;;;;;;;;;;;;1.7;13.6;6.1;49;;;;;;;;;;;;;;;;233;;
PRE;02.09.2011 00:00;;;;;;;;;;;;;;1.3;4;4.7;14.4;;;;;;;;;;;;;;;;0;;
PRE;03.09.2011 00:00;;;;;;;;;;;;;;2.1;13;7.6;46.8;;;;;;;;;;;;;;;;250;;
PRE;04.09.2011 00:00;;;;;;;;;;;;;;1.2;6.1;4.3;22;;;;;;;;;;;;;;;;243;;
PRE;05.09.2011 00:00;;;;;;;;;;;;;;3;8.2;10.8;29.5;;;;;;;;;;;;;;;;250;;
PRE;06.09.2011 00:00;;;;;;;;;;;;;;2.5;9.8;9;35.3;;;;;;;;;;;;;;;;240;;
PRE;07.09.2011 00:00;;;;;;;;;;;;;;5.4;12.3;19.4;44.3;;;;;;;;;;;;;;;;236;;
PRE;08.09.2011 00:00;;;;;;;;;;;;;;3.8;10.6;13.7;38.2;;;;;;;;;;;;;;;;241;;
PRE;09.09.2011 00:00;;;;;;;;;;;;;;1.5;5.1;5.4;18.4;;;;;;;;;;;;;;;;333;;
PRE;10.09.2011 00:00;;;;;;;;;;;;;;1.5;7.3;5.4;26.3;;;;;;;;;;;;;;;;225;;
PRE;11.09.2011 00:00;;;;;;;;;;;;;;3.5;18.6;12.6;67;;;;;;;;;;;;;;;;231;;
PRE;12.09.2011 00:00;;;;;;;;;;;;;;2.1;7.3;7.6;26.3;;;;;;;;;;;;;;;;243;;
PRE;13.09.2011 00:00;;;;;;;;;;;;;;1.5;4.5;5.4;16.2;;;;;;;;;;;;;;;;236;;
PRE;14.09.2011 00:00;;;;;;;;;;;;;;2.7;7.8;9.7;28.1;;;;;;;;;;;;;;;;42;;
PRE;15.09.2011 00:00;;;;;;;;;;;;;;3.4;9;12.2;32.4;;;;;;;;;;;;;;;;14;;
PRE;16.09.2011 00:00;;;;;;;;;;;;;;1.2;3.5;4.3;12.6;;;;;;;;;;;;;;;;315;;
PRE;17.09.2011 00:00;;;;;;;;;;;;;;2.2;10.5;7.9;37.8;;;;;;;;;;;;;;;;237;;
PRE;18.09.2011 00:00;;;;;;;;;;;;;;3.9;14.3;14;51.5;;;;;;;;;;;;;;;;241;;
PRE;19.09.2011 00:00;;;;;;;;;;;;;;2.2;7.1;7.9;25.6;;;;;;;;;;;;;;;;253;;
PRE;20.09.2011 00:00;;;;;;;;;;;;;;4.4;13.1;15.8;47.2;;;;;;;;;;;;;;;;22;;
PRE;21.09.2011 00:00;;;;;;;;;;;;;;1.3;4.3;4.7;15.5;;;;;;;;;;;;;;;;315;;
PRE;22.09.2011 00:00;;;;;;;;;;;;;;1.8;6.3;6.5;22.7;;;;;;;;;;;;;;;;360;;
PRE;23.09.2011 00:00;;;;;;;;;;;;;;2.2;7.6;7.9;27.4;;;;;;;;;;;;;;;;9;;
PRE;24.09.2011 00:00;;;;;;;;;;;;;;1.5;4.3;5.4;15.5;;;;;;;;;;;;;;;;344;;
PRE;25.09.2011 00:00;;;;;;;;;;;;;;1.5;4.3;5.4;15.5;;;;;;;;;;;;;;;;300;;
PRE;26.09.2011 00:00;;;;;;;;;;;;;;1.5;5.3;5.4;19.1;;;;;;;;;;;;;;;;315;;
PRE;07.12.2011 00:00;;;;;;;;;;;;;;6.3;17.3;22.7;62.3;17.1;61.6;;;;;;;;;;;;;;242;;
PRE;08.12.2011 00:00;;;;;;;;;;;;;;4.3;9.5;15.5;34.2;9.2;33.1;;;;;;;;;;;;;;241;;
PRE;09.12.2011 00:00;;;;;;;;;;;;;;6.1;14.1;22;50.8;13.5;48.6;;;;;;;;;;;;;;246;;
PRE;10.12.2011 00:00;;;;;;;;;;;;;;3.5;10.4;12.6;37.4;10;36;;;;;;;;;;;;;;242;;
PRE;11.12.2011 00:00;;;;;;;;;;;;;;1.1;3;4;10.8;3;10.8;;;;;;;;;;;;;;301;;
PRE;12.12.2011 00:00;;;;;;;;;;;;;;4.5;15.4;16.2;55.4;15.1;54.4;;;;;;;;;;;;;;240;;
PRE;13.12.2011 00:00;;;;;;;;;;;;;;5.2;12.7;18.7;45.7;12.6;45.4;;;;;;;;;;;;;;230;;
PRE;14.12.2011 00:00;;;;;;;;;;;;;;7;19.7;25.2;70.9;18.6;67;;;;;;;;;;;;;;237;;
PRE;15.12.2011 00:00;;;;;;;;;;;;;;7.5;18.1;27;65.2;17.8;64.1;;;;;;;;;;;;;;238;;
PRE;16.12.2011 00:00;;;;;;;;;;;;;;10.1;23.3;36.4;83.9;22.1;79.6;;;;;;;;;;;;;;234;;
PRE;17.12.2011 00:00;;;;;;;;;;;;;;5.6;13.7;20.2;49.3;13.6;49;;;;;;;;;;;;;;239;;
PRE;18.12.2011 00:00;;;;;;;;;;;;;;4;10.8;14.4;38.9;10.5;37.8;;;;;;;;;;;;;;249;;
PRE;19.12.2011 00:00;;;;;;;;;;;;;;3.7;9.5;13.3;34.2;9.4;33.8;;;;;;;;;;;;;;258;;
PRE;20.12.2011 00:00;;;;;;;;;;;;;;3.9;13.1;14;47.2;12.8;46.1;;;;;;;;;;;;;;238;;
PRE;21.12.2011 00:00;;;;;;;;;;;;;;2.7;9.5;9.7;34.2;9.3;33.5;;;;;;;;;;;;;;247;;
PRE;22.12.2011 00:00;;;;;;;;;;;;;;1.2;6;4.3;21.6;5.8;20.9;;;;;;;;;;;;;;243;;
PRE;23.12.2011 00:00;;;;;;;;;;;;;;1.6;10.1;5.8;36.4;9.8;35.3;;;;;;;;;;;;;;257;;
PRE;24.12.2011 00:00;;;;;;;;;;;;;;4.1;15.2;14.8;54.7;14.7;52.9;;;;;;;;;;;;;;323;;
PRE;25.12.2011 00:00;;;;;;;;;;;;;;3.7;8.2;13.3;29.5;7.6;27.4;;;;;;;;;;;;;;29;;
PRE;26.12.2011 00:00;;;;;;;;;;;;;;2.7;9.1;9.7;32.8;8.8;31.7;;;;;;;;;;;;;;28;;
PRE;27.12.2011 00:00;;;;;;;;;;;;;;1.5;3.3;5.4;11.9;3.2;11.5;;;;;;;;;;;;;;323;;
PRE;28.12.2011 00:00;;;;;;;;;;;;;;1.2;3.7;4.3;13.3;3.6;13;;;;;;;;;;;;;;294;;
PRE;29.12.2011 00:00;;;;;;;;;;;;;;2.5;13;9;46.8;12.5;45;;;;;;;;;;;;;;252;;
PRE;30.12.2011 00:00;;;;;;;;;;;;;;4.6;12.1;16.6;43.6;11.8;42.5;;;;;;;;;;;;;;251;;
PRE;31.12.2011 00:00;;;;;;;;;;;;;;4.5;10.2;16.2;36.7;10;36;;;;;;;;;;;;;;221;;
PRE;01.01.2012 00:00;;;;;;;;;;;;;;1.2;4.5;4.3;16.2;4.4;15.8;;;;;;;;;;;;;;153;;
PRE;02.01.2012 00:00;;;;;;;;;;;;;;4.2;11.6;15.1;41.8;11.5;41.4;;;;;;;;;;;;;;235;;
PRE;03.01.2012 00:00;;;;;;;;;;;;;;5;13.3;18;47.9;12.8;46.1;;;;;;;;;;;;;;244;;
PRE;04.01.2012 00:00;;;;;;;;;;;;;;5.3;18.1;19.1;65.2;17.8;64.1;;;;;;;;;;;;;;243;;
PRE;05.01.2012 00:00;;;;;;;;;;;;;;8.6;21;31;75.6;20.2;72.7;;;;;;;;;;;;;;254;;
PRE;06.01.2012 00:00;;;;;;;;;;;;;;3.1;16;11.2;57.6;15.2;54.7;;;;;;;;;;;;;;329;;
PRE;07.01.2012 00:00;;;;;;;;;;;;;;4.8;11.1;17.3;40;10.8;38.9;;;;;;;;;;;;;;244;;
PRE;08.01.2012 00:00;;;;;;;;;;;;;;3.7;9.4;13.3;33.8;9.3;33.5;;;;;;;;;;;;;;253;;
PRE;09.01.2012 00:00;;;;;;;;;;;;;;2.5;8;9;28.8;7.9;28.4;;;;;;;;;;;;;;25;;
PRE;10.01.2012 00:00;;;;;;;;;;;;;;4.1;10.7;14.8;38.5;10.5;37.8;;;;;;;;;;;;;;34;;
PRE;11.01.2012 00:00;;;;;;;;;;;;;;2.7;8.8;9.7;31.7;8.6;31;;;;;;;;;;;;;;19;;
PRE;12.01.2012 00:00;;;;;;;;;;;;;;1.7;5.7;6.1;20.5;5.6;20.2;;;;;;;;;;;;;;315;;
PRE;13.01.2012 00:00;;;;;;;;;;;;;;2.8;12.9;10.1;46.4;12.5;45;;;;;;;;;;;;;;354;;
PRE;14.01.2012 00:00;;;;;;;;;;;;;;7.8;16.8;28.1;60.5;15.9;57.2;;;;;;;;;;;;;;29;;
PRE;15.01.2012 00:00;;;;;;;;;;;;;;4.4;10.9;15.8;39.2;10.5;37.8;;;;;;;;;;;;;;30;;
PRE;16.01.2012 00:00;;;;;;;;;;;;;;4.5;10.4;16.2;37.4;10.3;37.1;;;;;;;;;;;;;;18;;
PRE;17.01.2012 00:00;;;;;;;;;;;;;;2;6;7.2;21.6;5.9;21.2;;;;;;;;;;;;;;349;;
PRE;18.01.2012 00:00;;;;;;;;;;;;;;1.4;4.1;5;14.8;3.9;14;;;;;;;;;;;;;;297;;
PRE;19.01.2012 00:00;;;;;;;;;;;;;;5.5;12.3;19.8;44.3;12.1;43.6;;;;;;;;;;;;;;235;;
PRE;20.01.2012 00:00;;;;;;;;;;;;;;6.2;13;22.3;46.8;12.8;46.1;;;;;;;;;;;;;;243;;
PRE;21.01.2012 00:00;;;;;;;;;;;;;;7.6;14.1;27.4;50.8;13.3;47.9;;;;;;;;;;;;;;248;;
PRE;22.01.2012 00:00;;;;;;;;;;;;;;5.2;11.7;18.7;42.1;11.2;40.3;;;;;;;;;;;;;;244;;
PRE;23.01.2012 00:00;;;;;;;;;;;;;;2.4;6.9;8.6;24.8;6.8;24.5;;;;;;;;;;;;;;240;;
PRE;24.01.2012 00:00;;;;;;;;;;;;;;3.5;7.6;12.6;27.4;7.3;26.3;;;;;;;;;;;;;;241;;
PRE;25.01.2012 00:00;;;;;;;;;;;;;;1.6;5.6;5.8;20.2;5.5;19.8;;;;;;;;;;;;;;342;;
PRE;26.01.2012 00:00;;;;;;;;;;;;;;1.7;5.7;6.1;20.5;5.6;20.2;;;;;;;;;;;;;;323;;
PRE;27.01.2012 00:00;;;;;;;;;;;;;;1;3.5;3.6;12.6;3.4;12.2;;;;;;;;;;;;;;11;;
PRE;28.01.2012 00:00;;;;;;;;;;;;;;3.7;13.2;13.3;47.5;12.7;45.7;;;;;;;;;;;;;;23;;
PRE;29.01.2012 00:00;;;;;;;;;;;;;;6.2;14.1;22.3;50.8;13.4;48.2;;;;;;;;;;;;;;32;;
PRE;30.01.2012 00:00;;;;;;;;;;;;;;2.8;7.6;10.1;27.4;7.4;26.6;;;;;;;;;;;;;;13;;
PRE;31.01.2012 00:00;;;;;;;;;;;;;;4.6;9.8;16.6;35.3;9.7;34.9;;;;;;;;;;;;;;17;;
PRE;01.02.2012 00:00;;;;;;;;;;;;;;7.3;13.5;26.3;48.6;13;46.8;;;;;;;;;;;;;;23;;
PRE;02.02.2012 00:00;;;;;;;;;;;;;;7.5;13.4;27;48.2;13;46.8;;;;;;;;;;;;;;22;;
PRE;03.02.2012 00:00;;;;;;;;;;;;;;9.7;22.6;34.9;81.4;21.9;78.8;;;;;;;;;;;;;;35;;
PRE;04.02.2012 00:00;;;;;;;;;;;;;;10.3;22.3;37.1;80.3;20.9;75.2;;;;;;;;;;;;;;37;;
PRE;05.02.2012 00:00;;;;;;;;;;;;;;6.7;16.1;24.1;58;15.2;54.7;;;;;;;;;;;;;;32;;
PRE;06.02.2012 00:00;;;;;;;;;;;;;;6.8;14.3;24.5;51.5;13.9;50;;;;;;;;;;;;;;39;;
PRE;07.02.2012 00:00;;;;;;;;;;;;;;9.9;22;35.6;79.2;20.7;74.5;;;;;;;;;;;;;;37;;
PRE;08.02.2012 00:00;;;;;;;;;;;;;;5.8;13.2;20.9;47.5;12.2;43.9;;;;;;;;;;;;;;31;;
PRE;09.02.2012 00:00;;;;;;;;;;;;;;5.6;20;20.2;72;19.5;70.2;;;;;;;;;;;;;;24;;
PRE;10.02.2012 00:00;;;;;;;;;;;;;;12.1;23.6;43.6;85;23.5;84.6;;;;;;;;;;;;;;28;;
PRE;11.02.2012 00:00;;;;;;;;;;;;;;9.1;19.2;32.8;69.1;18.9;68;;;;;;;;;;;;;;37;;
PRE;12.02.2012 00:00;;;;;;;;;;;;;;7.7;16.2;27.7;58.3;15;54;;;;;;;;;;;;;;40;;
PRE;13.02.2012 00:00;;;;;;;;;;;;;;3.7;10.4;13.3;37.4;10.3;37.1;;;;;;;;;;;;;;23;;
PRE;14.02.2012 00:00;;;;;;;;;;;;;;1.5;3.7;5.4;13.3;3.7;13.3;;;;;;;;;;;;;;291;;
PRE;15.02.2012 00:00;;;;;;;;;;;;;;3.5;9.2;12.6;33.1;9;32.4;;;;;;;;;;;;;;248;;
PRE;16.02.2012 00:00;;;;;;;;;;;;;;3.3;12.2;11.9;43.9;12.1;43.6;;;;;;;;;;;;;;18;;
PRE;17.02.2012 00:00;;;;;;;;;;;;;;2.9;11.3;10.4;40.7;10.8;38.9;;;;;;;;;;;;;;19;;
PRE;18.02.2012 00:00;;;;;;;;;;;;;;1.3;3.5;4.7;12.6;3.4;12.2;;;;;;;;;;;;;;297;;
PRE;19.02.2012 00:00;;;;;;;;;;;;;;3.7;11.7;13.3;42.1;11.1;40;;;;;;;;;;;;;;264;;
PRE;20.02.2012 00:00;;;;;;;;;;;;;;7.8;18.6;28.1;67;17.9;64.4;;;;;;;;;;;;;;26;;
PRE;21.02.2012 00:00;;;;;;;;;;;;;;4;9.8;14.4;35.3;9.3;33.5;;;;;;;;;;;;;;22;;
PRE;22.02.2012 00:00;;;;;;;;;;;;;;2.6;8.3;9.4;29.9;8.1;29.2;;;;;;;;;;;;;;39;;
PRE;23.02.2012 00:00;;;;;;;;;;;;;;1.1;2.8;4;10.1;2.7;9.7;;;;;;;;;;;;;;301;;
PRE;24.02.2012 00:00;;;;;;;;;;;;;;1.4;5;5;18;4.9;17.6;;;;;;;;;;;;;;342;;
PRE;25.02.2012 00:00;;;;;;;;;;;;;;2.4;8.8;8.6;31.7;8.3;29.9;;;;;;;;;;;;;;5;;
PRE;26.02.2012 00:00;;;;;;;;;;;;;;4.7;13.3;16.9;47.9;12.8;46.1;;;;;;;;;;;;;;34;;
PRE;27.02.2012 00:00;;;;;;;;;;;;;;4.2;11.8;15.1;42.5;11.4;41;;;;;;;;;;;;;;35;;
PRE;28.02.2012 00:00;;;;;;;;;;;;;;2.4;8.6;8.6;31;8.4;30.2;;;;;;;;;;;;;;34;;
PRE;29.02.2012 00:00;;;;;;;;;;;;;;2;11.5;7.2;41.4;11.3;40.7;;;;;;;;;;;;;;38;;
PRE;01.03.2012 00:00;;;;;;;;;;;;;;1.1;4.4;4;15.8;4.3;15.5;;;;;;;;;;;;;;360;;
PRE;02.03.2012 00:00;;;;;;;;;;;;;;1.3;3.9;4.7;14;3.8;13.7;;;;;;;;;;;;;;346;;
PRE;03.03.2012 00:00;;;;;;;;;;;;;;1.4;4;5;14.4;3.9;14;;;;;;;;;;;;;;360;;
PRE;04.03.2012 00:00;;;;;;;;;;;;;;2;9.8;7.2;35.3;9.3;33.5;;;;;;;;;;;;;;257;;
PRE;05.03.2012 00:00;;;;;;;;;;;;;;3.7;13.6;13.3;49;12.9;46.4;;;;;;;;;;;;;;257;;
PRE;06.03.2012 00:00;;;;;;;;;;;;;;4.6;13.5;16.6;48.6;12.6;45.4;;;;;;;;;;;;;;25;;
PRE;07.03.2012 00:00;;;;;;;;;;;;;;2.8;10.8;10.1;38.9;10.5;37.8;;;;;;;;;;;;;;234;;
PRE;08.03.2012 00:00;;;;;;;;;;;;;;4.7;12.3;16.9;44.3;12;43.2;;;;;;;;;;;;;;16;;
PRE;09.03.2012 00:00;;;;;;;;;;;;;;7.5;17.1;27;61.6;16.6;59.8;;;;;;;;;;;;;;23;;
PRE;10.03.2012 00:00;;;;;;;;;;;;;;6.1;16;22;57.6;15.2;54.7;;;;;;;;;;;;;;30;;
PRE;11.03.2012 00:00;;;;;;;;;;;;;;8.6;21.4;31;77;20.9;75.2;;;;;;;;;;;;;;28;;
PRE;12.03.2012 00:00;;;;;;;;;;;;;;8.2;16.6;29.5;59.8;16.2;58.3;;;;;;;;;;;;;;29;;
PRE;13.03.2012 00:00;;;;;;;;;;;;;;7;16;25.2;57.6;15.7;56.5;;;;;;;;;;;;;;29;;
PRE;14.03.2012 00:00;;;;;;;;;;;;;;3.2;12.9;11.5;46.4;12.1;43.6;;;;;;;;;;;;;;32;;
PRE;15.03.2012 00:00;;;;;;;;;;;;;;1.2;4;4.3;14.4;3.8;13.7;;;;;;;;;;;;;;360;;
PRE;16.03.2012 00:00;;;;;;;;;;;;;;1.4;3.8;5;13.7;3.7;13.3;;;;;;;;;;;;;;360;;
PRE;17.03.2012 00:00;;;;;;;;;;;;;;2.3;7.2;8.3;25.9;7.1;25.6;;;;;;;;;;;;;;228;;
PRE;18.03.2012 00:00;;;;;;;;;;;;;;2.9;11;10.4;39.6;10.6;38.2;;;;;;;;;;;;;;236;;
PRE;19.03.2012 00:00;;;;;;;;;;;;;;1.6;8.6;5.8;31;8.4;30.2;;;;;;;;;;;;;;27;;
PRE;20.03.2012 00:00;;;;;;;;;;;;;;3.1;9.2;11.2;33.1;8.9;32;;;;;;;;;;;;;;45;;
PRE;21.03.2012 00:00;;;;;;;;;;;;;;4.3;10.4;15.5;37.4;10.2;36.7;;;;;;;;;;;;;;29;;
PRE;22.03.2012 00:00;;;;;;;;;;;;;;1.4;5.3;5;19.1;5.2;18.7;;;;;;;;;;;;;;180;;
PRE;23.03.2012 00:00;;;;;;;;;;;;;;1.5;6.2;5.4;22.3;6.2;22.3;;;;;;;;;;;;;;360;;
PRE;24.03.2012 00:00;;;;;;;;;;;;;;2.3;8.9;8.3;32;8.6;31;;;;;;;;;;;;;;10;;
PRE;25.03.2012 00:00;;;;;;;;;;;;;;6.4;14.2;23;51.1;14;50.4;;;;;;;;;;;;;;23;;
PRE;26.03.2012 00:00;;;;;;;;;;;;;;3.8;11;13.7;39.6;10.7;38.5;;;;;;;;;;;;;;24;;
PRE;27.03.2012 00:00;;;;;;;;;;;;;;5.5;12.1;19.8;43.6;11.5;41.4;;;;;;;;;;;;;;22;;
PRE;28.03.2012 00:00;;;;;;;;;;;;;;2.5;9.4;9;33.8;9.2;33.1;;;;;;;;;;;;;;36;;
PRE;29.03.2012 00:00;;;;;;;;;;;;;;2.4;9.8;8.6;35.3;9.5;34.2;;;;;;;;;;;;;;28;;
PRE;30.03.2012 00:00;;;;;;;;;;;;;;5.9;15;21.2;54;14.2;51.1;;;;;;;;;;;;;;22;;
PRE;31.03.2012 00:00;;;;;;;;;;;;;;2.5;9.5;9;34.2;9.1;32.8;;;;;;;;;;;;;;23;;
PRE;01.04.2012 00:00;;;;;;;;;;;;;;6.5;12.6;23.4;45.4;12.5;45;;;;;;;;;;;;;;25;;
PRE;02.04.2012 00:00;;;;;;;;;;;;;;3;10.9;10.8;39.2;10.4;37.4;;;;;;;;;;;;;;27;;
PRE;03.04.2012 00:00;;;;;;;;;;;;;;3.4;13.1;12.2;47.2;12.8;46.1;;;;;;;;;;;;;;222;;
PRE;04.04.2012 00:00;;;;;;;;;;;;;;2.9;8.9;10.4;32;8.6;31;;;;;;;;;;;;;;18;;
PRE;05.04.2012 00:00;;;;;;;;;;;;;;3.3;7.6;11.9;27.4;7.3;26.3;;;;;;;;;;;;;;23;;
PRE;06.04.2012 00:00;;;;;;;;;;;;;;3.3;11.7;11.9;42.1;11.6;41.8;;;;;;;;;;;;;;10;;
PRE;07.04.2012 00:00;;;;;;;;;;;;;;2.2;11.1;7.9;40;10.6;38.2;;;;;;;;;;;;;;45;;
PRE;08.04.2012 00:00;;;;;;;;;;;;;;3.8;10.5;13.7;37.8;10.1;36.4;;;;;;;;;;;;;;15;;
PRE;09.04.2012 00:00;;;;;;;;;;;;;;1.7;5.3;6.1;19.1;5.2;18.7;;;;;;;;;;;;;;243;;
PRE;10.04.2012 00:00;;;;;;;;;;;;;;4.3;14.8;15.5;53.3;14.7;52.9;;;;;;;;;;;;;;228;;
PRE;11.04.2012 00:00;;;;;;;;;;;;;;3.6;10.4;13;37.4;10.1;36.4;;;;;;;;;;;;;;233;;
PRE;12.04.2012 00:00;;;;;;;;;;;;;;1.7;6.2;6.1;22.3;6.1;22;;;;;;;;;;;;;;180;;
PRE;13.04.2012 00:00;;;;;;;;;;;;;;4.1;11.6;14.8;41.8;11.4;41;;;;;;;;;;;;;;24;;
PRE;14.04.2012 00:00;;;;;;;;;;;;;;5.6;14.5;20.2;52.2;13.5;48.6;;;;;;;;;;;;;;19;;
PRE;15.04.2012 00:00;;;;;;;;;;;;;;6.6;16.7;23.8;60.1;16.2;58.3;;;;;;;;;;;;;;21;;
PRE;16.04.2012 00:00;;;;;;;;;;;;;;8.3;19.7;29.9;70.9;18.7;67.3;;;;;;;;;;;;;;25;;
PRE;17.04.2012 00:00;;;;;;;;;;;;;;3.5;16;12.6;57.6;15.6;56.2;;;;;;;;;;;;;;54;;
PRE;18.04.2012 00:00;;;;;;;;;;;;;;5.8;14.5;20.9;52.2;13.9;50;;;;;;;;;;;;;;231;;
PRE;19.04.2012 00:00;;;;;;;;;;;;;;3.6;16;13;57.6;15.2;54.7;;;;;;;;;;;;;;226;;
PRE;20.04.2012 00:00;;;;;;;;;;;;;;4.8;18.2;17.3;65.5;16.8;60.5;;;;;;;;;;;;;;230;;
PRE;21.04.2012 00:00;;;;;;;;;;;;;;6.8;21.5;24.5;77.4;20.6;74.2;;;;;;;;;;;;;;236;;
PRE;22.04.2012 00:00;;;;;;;;;;;;;;4.6;16.6;16.6;59.8;16.1;58;;;;;;;;;;;;;;233;;
PRE;23.04.2012 00:00;;;;;;;;;;;;;;6.1;21.2;22;76.3;19.8;71.3;;;;;;;;;;;;;;235;;
PRE;24.04.2012 00:00;;;;;;;;;;;;;;7.9;18.5;28.4;66.6;17.8;64.1;;;;;;;;;;;;;;236;;
PRE;25.04.2012 00:00;;;;;;;;;;;;;;3.8;12.6;13.7;45.4;11.9;42.8;;;;;;;;;;;;;;213;;
PRE;26.04.2012 00:00;;;;;;;;;;;;;;2.9;11.7;10.4;42.1;11.5;41.4;;;;;;;;;;;;;;223;;
PRE;27.04.2012 00:00;;;;;;;;;;;;;;1.8;7.9;6.5;28.4;7.8;28.1;;;;;;;;;;;;;;337;;
PRE;28.04.2012 00:00;;;;;;;;;;;;;;1.8;6.1;6.5;22;6;21.6;;;;;;;;;;;;;;263;;
PRE;29.04.2012 00:00;;;;;;;;;;;;;;4.8;14.6;17.3;52.6;14.5;52.2;;;;;;;;;;;;;;237;;
PRE;30.04.2012 00:00;;;;;;;;;;;;;;3.7;22.3;13.3;80.3;21.5;77.4;;;;;;;;;;;;;;255;;
PRE;01.05.2012 00:00;;;;;;;;;;;;;;2.1;7.8;7.6;28.1;7.5;27;;;;;;;;;;;;;;39;;
PRE;02.05.2012 00:00;;;;;;;;;;;;;;3.8;11;13.7;39.6;10.6;38.2;;;;;;;;;;;;;;235;;
PRE;03.05.2012 00:00;;;;;;;;;;;;;;1.7;4.2;6.1;15.1;4.1;14.8;;;;;;;;;;;;;;72;;
PRE;04.05.2012 00:00;;;;;;;;;;;;;;2.8;15;10.1;54;14.2;51.1;;;;;;;;;;;;;;219;;
PRE;05.05.2012 00:00;;;;;;;;;;;;;;4.2;17.4;15.1;62.6;15.6;56.2;;;;;;;;;;;;;;229;;
PRE;06.05.2012 00:00;;;;;;;;;;;;;;3.6;14.2;13;51.1;13.7;49.3;;;;;;;;;;;;;;230;;
PRE;07.05.2012 00:00;;;;;;;;;;;;;;2;5.3;7.2;19.1;5.2;18.7;;;;;;;;;;;;;;214;;
PRE;08.05.2012 00:00;;;;;;;;;;;;;;1.5;5.3;5.4;19.1;5.1;18.4;;;;;;;;;;;;;;243;;
PRE;09.05.2012 00:00;;;;;;;;;;;;;;1.7;4.7;6.1;16.9;4.6;16.6;;;;;;;;;;;;;;108;;
PRE;10.05.2012 00:00;;;;;;;;;;;;;;1.6;3.7;5.8;13.3;3.6;13;;;;;;;;;;;;;;45;;
PRE;11.05.2012 00:00;;;;;;;;;;;;;;1.4;5.9;5;21.2;5.5;19.8;;;;;;;;;;;;;;207;;
PRE;12.05.2012 00:00;;;;;;;;;;;;;;4.3;14;15.5;50.4;13.4;48.2;;;;;;;;;;;;;;22;;
PRE;13.05.2012 00:00;;;;;;;;;;;;;;7.6;17;27.4;61.2;16.4;59;;;;;;;;;;;;;;26;;
PRE;14.05.2012 00:00;;;;;;;;;;;;;;4.1;10.6;14.8;38.2;10.3;37.1;;;;;;;;;;;;;;23;;
PRE;15.05.2012 00:00;;;;;;;;;;;;;;5.4;17.9;19.4;64.4;16.8;60.5;;;;;;;;;;;;;;251;;
PRE;16.05.2012 00:00;;;;;;;;;;;;;;3.2;9.5;11.5;34.2;9.3;33.5;;;;;;;;;;;;;;326;;
PRE;17.05.2012 00:00;;;;;;;;;;;;;;3.4;10.8;12.2;38.9;10.3;37.1;;;;;;;;;;;;;;24;;
PRE;18.05.2012 00:00;;;;;;;;;;;;;;2.2;9.5;7.9;34.2;9.1;32.8;;;;;;;;;;;;;;214;;
PRE;19.05.2012 00:00;;;;;;;;;;;;;;3.6;11.3;13;40.7;11;39.6;;;;;;;;;;;;;;2;;
PRE;20.05.2012 00:00;;;;;;;;;;;;;;2;7.7;7.2;27.7;7.5;27;;;;;;;;;;;;;;27;;
PRE;21.05.2012 00:00;;;;;;;;;;;;;;3.8;10.1;13.7;36.4;10;36;;;;;;;;;;;;;;227;;
PRE;22.05.2012 00:00;;;;;;;;;;;;;;2.6;7.3;9.4;26.3;7;25.2;;;;;;;;;;;;;;236;;
PRE;23.05.2012 00:00;;;;;;;;;;;;;;3.4;12.1;12.2;43.6;11.8;42.5;;;;;;;;;;;;;;28;;
PRE;24.05.2012 00:00;;;;;;;;;;;;;;5.8;13.3;20.9;47.9;13;46.8;;;;;;;;;;;;;;26;;
PRE;25.05.2012 00:00;;;;;;;;;;;;;;6.3;12.7;22.7;45.7;12.4;44.6;;;;;;;;;;;;;;14;;
PRE;26.05.2012 00:00;;;;;;;;;;;;;;4;9.7;14.4;34.9;9.4;33.8;;;;;;;;;;;;;;9;;
PRE;27.05.2012 00:00;;;;;;;;;;;;;;2.5;16.6;9;59.8;16.2;58.3;;;;;;;;;;;;;;360;;
PRE;28.05.2012 00:00;;;;;;;;;;;;;;2.1;6.9;7.6;24.8;6.8;24.5;;;;;;;;;;;;;;7;;
PRE;29.05.2012 00:00;;;;;;;;;;;;;;2.5;8.9;9;32;8.6;31;;;;;;;;;;;;;;11;;
PRE;30.05.2012 00:00;;;;;;;;;;;;;;1.6;4.5;5.8;16.2;4.3;15.5;;;;;;;;;;;;;;270;;
PRE;31.05.2012 00:00;;;;;;;;;;;;;;1.8;12.3;6.5;44.3;12;43.2;;;;;;;;;;;;;;27;;
PRE;01.06.2012 00:00;;;;;;;;;;;;;;2.2;7.6;7.9;27.4;7.5;27;;;;;;;;;;;;;;36;;
PRE;02.06.2012 00:00;;;;;;;;;;;;;;2.8;13.1;10.1;47.2;12.6;45.4;;;;;;;;;;;;;;34;;
PRE;03.06.2012 00:00;;;;;;;;;;;;;;4.3;13.8;15.5;49.7;13.3;47.9;;;;;;;;;;;;;;237;;
PRE;04.06.2012 00:00;;;;;;;;;;;;;;4;10.1;14.4;36.4;9.5;34.2;;;;;;;;;;;;;;234;;
PRE;05.06.2012 00:00;;;;;;;;;;;;;;2.1;6.6;7.6;23.8;6.4;23;;;;;;;;;;;;;;225;;
PRE;06.06.2012 00:00;;;;;;;;;;;;;;2.2;9.4;7.9;33.8;9.2;33.1;;;;;;;;;;;;;;249;;
PRE;07.06.2012 00:00;;;;;;;;;;;;;;2.9;20.3;10.4;73.1;19.6;70.6;;;;;;;;;;;;;;217;;
PRE;08.06.2012 00:00;;;;;;;;;;;;;;2.3;8.3;8.3;29.9;7.9;28.4;;;;;;;;;;;;;;239;;
PRE;09.06.2012 00:00;;;;;;;;;;;;;;1.7;5.7;6.1;20.5;5.7;20.5;;;;;;;;;;;;;;180;;
PRE;10.06.2012 00:00;;;;;;;;;;;;;;2.1;8.2;7.6;29.5;7.8;28.1;;;;;;;;;;;;;;238;;
PRE;11.06.2012 00:00;;;;;;;;;;;;;;3.7;13.2;13.3;47.5;12.7;45.7;;;;;;;;;;;;;;229;;
PRE;12.06.2012 00:00;;;;;;;;;;;;;;3.9;15.3;14;55.1;14.4;51.8;;;;;;;;;;;;;;236;;
PRE;13.06.2012 00:00;;;;;;;;;;;;;;4.1;10.2;14.8;36.7;9.9;35.6;;;;;;;;;;;;;;243;;
PRE;14.06.2012 00:00;;;;;;;;;;;;;;1.7;4.3;6.1;15.5;4.1;14.8;;;;;;;;;;;;;;45;;
PRE;15.06.2012 00:00;;;;;;;;;;;;;;3.1;11.5;11.2;41.4;11.2;40.3;;;;;;;;;;;;;;221;;
PRE;16.06.2012 00:00;;;;;;;;;;;;;;4;14.9;14.4;53.6;14.2;51.1;;;;;;;;;;;;;;227;;
PRE;17.06.2012 00:00;;;;;;;;;;;;;;2.3;6.7;8.3;24.1;6.6;23.8;;;;;;;;;;;;;;21;;
PRE;18.06.2012 00:00;;;;;;;;;;;;;;2;9.2;7.2;33.1;8.5;30.6;;;;;;;;;;;;;;262;;
PRE;19.06.2012 00:00;;;;;;;;;;;;;;2.2;7.4;7.9;26.6;7.3;26.3;;;;;;;;;;;;;;337;;
PRE;20.06.2012 00:00;;;;;;;;;;;;;;2.6;7.7;9.4;27.7;7.6;27.4;;;;;;;;;;;;;;297;;
PRE;21.06.2012 00:00;;;;;;;;;;;;;;2.7;20.7;9.7;74.5;19.8;71.3;;;;;;;;;;;;;;347;;
PRE;22.06.2012 00:00;;;;;;;;;;;;;;2.8;7.4;10.1;26.6;7.2;25.9;;;;;;;;;;;;;;252;;
PRE;23.06.2012 00:00;;;;;;;;;;;;;;2;6.5;7.2;23.4;6.4;23;;;;;;;;;;;;;;270;;
PRE;24.06.2012 00:00;;;;;;;;;;;;;;3.8;11.2;13.7;40.3;10.9;39.2;;;;;;;;;;;;;;239;;
PRE;25.06.2012 00:00;;;;;;;;;;;;;;4.9;13.2;17.6;47.5;12.9;46.4;;;;;;;;;;;;;;239;;
PRE;26.06.2012 00:00;;;;;;;;;;;;;;1.7;7.8;6.1;28.1;7.7;27.7;;;;;;;;;;;;;;194;;
PRE;27.06.2012 00:00;;;;;;;;;;;;;;2.1;5.7;7.6;20.5;5.5;19.8;;;;;;;;;;;;;;346;;
PRE;28.06.2012 00:00;;;;;;;;;;;;;;1.5;6;5.4;21.6;5.9;21.2;;;;;;;;;;;;;;135;;
PRE;29.06.2012 00:00;;;;;;;;;;;;;;2.9;9.6;10.4;34.6;9.1;32.8;;;;;;;;;;;;;;233;;
PRE;30.06.2012 00:00;;;;;;;;;;;;;;2;7.7;7.2;27.7;7.5;27;;;;;;;;;;;;;;243;;
PRE;01.07.2012 00:00;;;;;;;;;;;;;;2.5;7.9;9;28.4;7.7;27.7;;;;;;;;;;;;;;5;;
PRE;02.07.2012 00:00;;;;;;;;;;;;;;3.7;10.9;13.3;39.2;10.6;38.2;;;;;;;;;;;;;;333;;
PRE;03.07.2012 00:00;;;;;;;;;;;;;;2.2;8;7.9;28.8;7.7;27.7;;;;;;;;;;;;;;256;;
PRE;04.07.2012 00:00;;;;;;;;;;;;;;2.6;21.5;9.4;77.4;20.1;72.4;;;;;;;;;;;;;;16;;
PRE;05.07.2012 00:00;;;;;;;;;;;;;;1.7;25.1;6.1;90.4;24.6;88.6;;;;;;;;;;;;;;252;;
PRE;06.07.2012 00:00;;;;;;;;;;;;;;1.9;7.3;6.8;26.3;7.1;25.6;;;;;;;;;;;;;;221;;
PRE;07.07.2012 00:00;;;;;;;;;;;;;;2.1;5.3;7.6;19.1;5.2;18.7;;;;;;;;;;;;;;60;;
PRE;08.07.2012 00:00;;;;;;;;;;;;;;5.1;15.9;18.4;57.2;15.5;55.8;;;;;;;;;;;;;;242;;
PRE;09.07.2012 00:00;;;;;;;;;;;;;;2;8.6;7.2;31;8.5;30.6;;;;;;;;;;;;;;259;;
PRE;10.07.2012 00:00;;;;;;;;;;;;;;1.6;6;5.8;21.6;6;21.6;;;;;;;;;;;;;;254;;
PRE;11.07.2012 00:00;;;;;;;;;;;;;;5.1;13.3;18.4;47.9;12.4;44.6;;;;;;;;;;;;;;243;;
PRE;12.07.2012 00:00;;;;;;;;;;;;;;3.4;10.9;12.2;39.2;10.6;38.2;;;;;;;;;;;;;;250;;
PRE;13.07.2012 00:00;;;;;;;;;;;;;;5.3;14.6;19.1;52.6;14.5;52.2;;;;;;;;;;;;;;239;;
PRE;14.07.2012 00:00;;;;;;;;;;;;;;6;14.7;21.6;52.9;13.5;48.6;;;;;;;;;;;;;;238;;
PRE;15.07.2012 00:00;;;;;;;;;;;;;;4;13.1;14.4;47.2;12.2;43.9;;;;;;;;;;;;;;234;;
PRE;16.07.2012 00:00;;;;;;;;;;;;;;1.9;5.4;6.8;19.4;5.3;19.1;;;;;;;;;;;;;;219;;
PRE;17.07.2012 00:00;;;;;;;;;;;;;;3.1;7.7;11.2;27.7;7.5;27;;;;;;;;;;;;;;234;;
PRE;18.07.2012 00:00;;;;;;;;;;;;;;2.6;10.8;9.4;38.9;10.6;38.2;;;;;;;;;;;;;;233;;
PRE;19.07.2012 00:00;;;;;;;;;;;;;;5;13;18;46.8;12.5;45;;;;;;;;;;;;;;254;;
PRE;20.07.2012 00:00;;;;;;;;;;;;;;2.1;7.5;7.6;27;7.3;26.3;;;;;;;;;;;;;;30;;
PRE;21.07.2012 00:00;;;;;;;;;;;;;;3.9;9.9;14;35.6;9.7;34.9;;;;;;;;;;;;;;32;;
PRE;22.07.2012 00:00;;;;;;;;;;;;;;7.9;18.2;28.4;65.5;17.1;61.6;;;;;;;;;;;;;;25;;
PRE;23.07.2012 00:00;;;;;;;;;;;;;;7;16.3;25.2;58.7;15.4;55.4;;;;;;;;;;;;;;23;;
PRE;24.07.2012 00:00;;;;;;;;;;;;;;2.2;6.2;7.9;22.3;6;21.6;;;;;;;;;;;;;;29;;
PRE;25.07.2012 00:00;;;;;;;;;;;;;;2.1;8.4;7.6;30.2;8.2;29.5;;;;;;;;;;;;;;13;;
PRE;26.07.2012 00:00;;;;;;;;;;;;;;1.6;4.7;5.8;16.9;4.6;16.6;;;;;;;;;;;;;;252;;
PRE;27.07.2012 00:00;;;;;;;;;;;;;;2.3;13.3;8.3;47.9;12.9;46.4;;;;;;;;;;;;;;228;;
PRE;28.07.2012 00:00;;;;;;;;;;;;;;2.9;9.7;10.4;34.9;9.4;33.8;;;;;;;;;;;;;;238;;
PRE;29.07.2012 00:00;;;;;;;;;;;;;;3.7;9.7;13.3;34.9;9.6;34.6;;;;;;;;;;;;;;244;;
PRE;30.07.2012 00:00;;;;;;;;;;;;;;1.9;4.6;6.8;16.6;4.5;16.2;;;;;;;;;;;;;;27;;
PRE;31.07.2012 00:00;;;;;;;;;;;;;;1.9;7.8;6.8;28.1;7.6;27.4;;;;;;;;;;;;;;39;;
PRE;01.08.2012 00:00;;;;;;;;;;;;;;2.2;21.7;7.9;78.1;21;75.6;;;;;;;;;;;;;;34;;
PRE;02.08.2012 00:00;;;;;;;;;;;;;;1.9;6.3;6.8;22.7;6;21.6;;;;;;;;;;;;;;45;;
PRE;03.08.2012 00:00;;;;;;;;;;;;;;1.8;5;6.5;18;4.9;17.6;;;;;;;;;;;;;;72;;
PRE;04.08.2012 00:00;;;;;;;;;;;;;;1.9;9;6.8;32.4;8.4;30.2;;;;;;;;;;;;;;342;;
PRE;05.08.2012 00:00;;;;;;;;;;;;;;2.1;17.1;7.6;61.6;16.6;59.8;;;;;;;;;;;;;;217;;
PRE;06.08.2012 00:00;;;;;;;;;;;;;;3.1;8.6;11.2;31;8;28.8;;;;;;;;;;;;;;246;;
PRE;07.08.2012 00:00;;;;;;;;;;;;;;2.1;5.8;7.6;20.9;5.4;19.4;;;;;;;;;;;;;;315;;
PRE;08.08.2012 00:00;;;;;;;;;;;;;;3.8;9.3;13.7;33.5;9;32.4;;;;;;;;;;;;;;21;;
PRE;09.08.2012 00:00;;;;;;;;;;;;;;3.4;8.5;12.2;30.6;8;28.8;;;;;;;;;;;;;;28;;
PRE;10.08.2012 00:00;;;;;;;;;;;;;;3.5;9.1;12.6;32.8;8.5;30.6;;;;;;;;;;;;;;27;;
PRE;11.08.2012 00:00;;;;;;;;;;;;;;3.8;8.8;13.7;31.7;8.5;30.6;;;;;;;;;;;;;;16;;
PRE;12.08.2012 00:00;;;;;;;;;;;;;;2.2;6.6;7.9;23.8;6.4;23;;;;;;;;;;;;;;13;;
PRE;13.08.2012 00:00;;;;;;;;;;;;;;1.9;5.6;6.8;20.2;5.5;19.8;;;;;;;;;;;;;;293;;
PRE;14.08.2012 00:00;;;;;;;;;;;;;;2;5;7.2;18;5;18;;;;;;;;;;;;;;346;;
PRE;15.08.2012 00:00;;;;;;;;;;;;;;2.4;14.3;8.6;51.5;14;50.4;;;;;;;;;;;;;;252;;
PRE;16.08.2012 00:00;;;;;;;;;;;;;;2.9;7.7;10.4;27.7;7.5;27;;;;;;;;;;;;;;28;;
PRE;17.08.2012 00:00;;;;;;;;;;;;;;2.4;5.7;8.6;20.5;5.6;20.2;;;;;;;;;;;;;;20;;
PRE;18.08.2012 00:00;;;;;;;;;;;;;;1.3;3.7;4.7;13.3;3.7;13.3;;;;;;;;;;;;;;270;;
PRE;19.08.2012 00:00;;;;;;;;;;;;;;1.3;3.2;4.7;11.5;3.2;11.5;;;;;;;;;;;;;;288;;
PRE;20.08.2012 00:00;;;;;;;;;;;;;;2.4;9.3;8.6;33.5;9.2;33.1;;;;;;;;;;;;;;12;;
PRE;21.08.2012 00:00;;;;;;;;;;;;;;2.1;17.1;7.6;61.6;16.8;60.5;;;;;;;;;;;;;;30;;
PRE;22.08.2012 00:00;;;;;;;;;;;;;;1.7;6.7;6.1;24.1;6.6;23.8;;;;;;;;;;;;;;51;;
PRE;23.08.2012 00:00;;;;;;;;;;;;;;2.4;8.4;8.6;30.2;8.1;29.2;;;;;;;;;;;;;;9;;
PRE;24.08.2012 00:00;;;;;;;;;;;;;;2.7;8.9;9.7;32;8.7;31.3;;;;;;;;;;;;;;24;;
PRE;25.08.2012 00:00;;;;;;;;;;;;;;4.6;22.5;16.6;81;21.8;78.5;;;;;;;;;;;;;;251;;
PRE;26.08.2012 00:00;;;;;;;;;;;;;;3.6;9.9;13;35.6;9.5;34.2;;;;;;;;;;;;;;249;;
PRE;27.08.2012 00:00;;;;;;;;;;;;;;2.6;8.6;9.4;31;8.2;29.5;;;;;;;;;;;;;;16;;
PRE;28.08.2012 00:00;;;;;;;;;;;;;;2.1;8.6;7.6;31;8.3;29.9;;;;;;;;;;;;;;263;;
PRE;29.08.2012 00:00;;;;;;;;;;;;;;2.1;11.9;7.6;42.8;11.5;41.4;;;;;;;;;;;;;;232;;
PRE;30.08.2012 00:00;;;;;;;;;;;;;;2.6;11.6;9.4;41.8;11;39.6;;;;;;;;;;;;;;258;;
PRE;31.08.2012 00:00;;;;;;;;;;;;;;2.4;13.2;8.6;47.5;12.9;46.4;;;;;;;;;;;;;;342;;
PRE;01.09.2012 00:00;;;;;;;;;;;;;;6.7;15.5;24.1;55.8;15.4;55.4;;;;;;;;;;;;;;25;;
PRE;02.09.2012 00:00;;;;;;;;;;;;;;4.8;12.5;17.3;45;12.3;44.3;;;;;;;;;;;;;;26;;
PRE;03.09.2012 00:00;;;;;;;;;;;;;;7.9;19.1;28.4;68.8;18.7;67.3;;;;;;;;;;;;;;28;;
PRE;04.09.2012 00:00;;;;;;;;;;;;;;5.9;12.3;21.2;44.3;11.6;41.8;;;;;;;;;;;;;;27;;
PRE;05.09.2012 00:00;;;;;;;;;;;;;;3.8;10.9;13.7;39.2;10.5;37.8;;;;;;;;;;;;;;36;;
PRE;06.09.2012 00:00;;;;;;;;;;;;;;5.8;12.9;20.9;46.4;12.7;45.7;;;;;;;;;;;;;;24;;
PRE;07.09.2012 00:00;;;;;;;;;;;;;;2.7;7.3;9.7;26.3;7;25.2;;;;;;;;;;;;;;34;;
PRE;08.09.2012 00:00;;;;;;;;;;;;;;1.6;5.1;5.8;18.4;5;18;;;;;;;;;;;;;;243;;
PRE;09.09.2012 00:00;;;;;;;;;;;;;;1.5;3.8;5.4;13.7;3.7;13.3;;;;;;;;;;;;;;34;;
PRE;10.09.2012 00:00;;;;;;;;;;;;;;1.5;3.3;5.4;11.9;3.3;11.9;;;;;;;;;;;;;;342;;
PRE;11.09.2012 00:00;;;;;;;;;;;;;;3.4;12.3;12.2;44.3;11.9;42.8;;;;;;;;;;;;;;243;;
PRE;12.09.2012 00:00;;;;;;;;;;;;;;3.1;12;11.2;43.2;11.6;41.8;;;;;;;;;;;;;;360;;
PRE;13.09.2012 00:00;;;;;;;;;;;;;;3.8;10.4;13.7;37.4;10.2;36.7;;;;;;;;;;;;;;12;;
PRE;14.09.2012 00:00;;;;;;;;;;;;;;4;11.2;14.4;40.3;11.1;40;;;;;;;;;;;;;;23;;
PRE;15.09.2012 00:00;;;;;;;;;;;;;;3.3;11.6;11.9;41.8;10.7;38.5;;;;;;;;;;;;;;12;;
PRE;16.09.2012 00:00;;;;;;;;;;;;;;2.4;6.8;8.6;24.5;6.5;23.4;;;;;;;;;;;;;;21;;
PRE;17.09.2012 00:00;;;;;;;;;;;;;;1.4;4.1;5;14.8;4;14.4;;;;;;;;;;;;;;360;;
PRE;18.09.2012 00:00;;;;;;;;;;;;;;1.6;8.8;5.8;31.7;8.3;29.9;;;;;;;;;;;;;;262;;
PRE;19.09.2012 00:00;;;;;;;;;;;;;;3.9;12.4;14;44.6;11.8;42.5;;;;;;;;;;;;;;14;;
PRE;20.09.2012 00:00;;;;;;;;;;;;;;2.9;10;10.4;36;9.7;34.9;;;;;;;;;;;;;;22;;
PRE;21.09.2012 00:00;;;;;;;;;;;;;;2.6;9.1;9.4;32.8;9;32.4;;;;;;;;;;;;;;232;;
PRE;22.09.2012 00:00;;;;;;;;;;;;;;4.5;12.5;16.2;45;12.2;43.9;;;;;;;;;;;;;;251;;
PRE;23.09.2012 00:00;;;;;;;;;;;;;;2.3;8.1;8.3;29.2;7.8;28.1;;;;;;;;;;;;;;4;;
PRE;24.09.2012 00:00;;;;;;;;;;;;;;4.5;14.5;16.2;52.2;14.2;51.1;;;;;;;;;;;;;;240;;
PRE;25.09.2012 00:00;;;;;;;;;;;;;;3.4;8.7;12.2;31.3;8.4;30.2;;;;;;;;;;;;;;254;;
PRE;26.09.2012 00:00;;;;;;;;;;;;;;2.9;12.8;10.4;46.1;12.4;44.6;;;;;;;;;;;;;;270;;
PRE;27.09.2012 00:00;;;;;;;;;;;;;;4.9;20.4;17.6;73.4;20.1;72.4;;;;;;;;;;;;;;241;;
PRE;28.09.2012 00:00;;;;;;;;;;;;;;1.7;4.7;6.1;16.9;4.6;16.6;;;;;;;;;;;;;;284;;
PRE;29.09.2012 00:00;;;;;;;;;;;;;;3.3;11.7;11.9;42.1;11.3;40.7;;;;;;;;;;;;;;21;;
PRE;30.09.2012 00:00;;;;;;;;;;;;;;4.1;10.8;14.8;38.9;10.5;37.8;;;;;;;;;;;;;;17;;
PRE;01.10.2012 00:00;;;;;;;;;;;;;;1.5;5;5.4;18;4.8;17.3;;;;;;;;;;;;;;243;;
PRE;02.10.2012 00:00;;;;;;;;;;;;;;1.4;3.5;5;12.6;3.4;12.2;;;;;;;;;;;;;;326;;
PRE;03.10.2012 00:00;;;;;;;;;;;;;;3.2;12.3;11.5;44.3;11.9;42.8;;;;;;;;;;;;;;239;;
PRE;04.10.2012 00:00;;;;;;;;;;;;;;4.1;13.3;14.8;47.9;13;46.8;;;;;;;;;;;;;;242;;
PRE;05.10.2012 00:00;;;;;;;;;;;;;;1.9;7.7;6.8;27.7;7.5;27;;;;;;;;;;;;;;232;;
PRE;06.10.2012 00:00;;;;;;;;;;;;;;2;11.3;7.2;40.7;11.1;40;;;;;;;;;;;;;;225;;
PRE;07.10.2012 00:00;;;;;;;;;;;;;;3.5;10.3;12.6;37.1;10;36;;;;;;;;;;;;;;252;;
PRE;08.10.2012 00:00;;;;;;;;;;;;;;2.9;9.1;10.4;32.8;8.9;32;;;;;;;;;;;;;;349;;
PRE;09.10.2012 00:00;;;;;;;;;;;;;;3.6;9.5;13;34.2;9.3;33.5;;;;;;;;;;;;;;241;;
PRE;10.10.2012 00:00;;;;;;;;;;;;;;2.4;8.8;8.6;31.7;8.4;30.2;;;;;;;;;;;;;;240;;
PRE;11.10.2012 00:00;;;;;;;;;;;;;;1.3;4.2;4.7;15.1;4.1;14.8;;;;;;;;;;;;;;360;;
PRE;12.10.2012 00:00;;;;;;;;;;;;;;3.2;11.6;11.5;41.8;11.3;40.7;;;;;;;;;;;;;;242;;
PRE;13.10.2012 00:00;;;;;;;;;;;;;;3;9.4;10.8;33.8;9.2;33.1;;;;;;;;;;;;;;263;;
PRE;14.10.2012 00:00;;;;;;;;;;;;;;5.1;18.7;18.4;67.3;17.8;64.1;;;;;;;;;;;;;;241;;
PRE;15.10.2012 00:00;;;;;;;;;;;;;;2.8;10.3;10.1;37.1;10;36;;;;;;;;;;;;;;346;;
PRE;16.10.2012 00:00;;;;;;;;;;;;;;2;6.9;7.2;24.8;6.8;24.5;;;;;;;;;;;;;;275;;
PRE;17.10.2012 00:00;;;;;;;;;;;;;;1.7;5.1;6.1;18.4;5;18;;;;;;;;;;;;;;323;;
PRE;18.10.2012 00:00;;;;;;;;;;;;;;1.4;5.3;5;19.1;5.2;18.7;;;;;;;;;;;;;;323;;
PRE;19.10.2012 00:00;;;;;;;;;;;;;;1.8;4.3;6.5;15.5;4.2;15.1;;;;;;;;;;;;;;293;;
PRE;20.10.2012 00:00;;;;;;;;;;;;;;1.2;4;4.3;14.4;3.9;14;;;;;;;;;;;;;;333;;
PRE;21.10.2012 00:00;;;;;;;;;;;;;;1.5;4.5;5.4;16.2;4.4;15.8;;;;;;;;;;;;;;321;;
PRE;22.10.2012 00:00;;;;;;;;;;;;;;1.5;6.5;5.4;23.4;6.3;22.7;;;;;;;;;;;;;;315;;
PRE;23.10.2012 00:00;;;;;;;;;;;;;;3.9;8.6;14;31;8.4;30.2;;;;;;;;;;;;;;5;;
PRE;24.10.2012 00:00;;;;;;;;;;;;;;4.1;8.8;14.8;31.7;8.7;31.3;;;;;;;;;;;;;;9;;
PRE;25.10.2012 00:00;;;;;;;;;;;;;;2.8;7.4;10.1;26.6;6.9;24.8;;;;;;;;;;;;;;10;;
PRE;26.10.2012 00:00;;;;;;;;;;;;;;3.7;8.6;13.3;31;8.4;30.2;;;;;;;;;;;;;;5;;
PRE;27.10.2012 00:00;;;;;;;;;;;;;;4.4;14.8;15.8;53.3;14.2;51.1;;;;;;;;;;;;;;16;;
PRE;28.10.2012 00:00;;;;;;;;;;;;;;9.8;25.9;35.3;93.2;23.5;84.6;;;;;;;;;;;;;;37;;
PRE;29.10.2012 00:00;;;;;;;;;;;;;;4.4;13.3;15.8;47.9;12.8;46.1;;;;;;;;;;;;;;32;;
PRE;30.10.2012 00:00;;;;;;;;;;;;;;1.9;4.7;6.8;16.9;4.6;16.6;;;;;;;;;;;;;;307;;
PRE;31.10.2012 00:00;;;;;;;;;;;;;;2.5;8.4;9;30.2;8.3;29.9;;;;;;;;;;;;;;360;;
PRE;01.11.2012 00:00;;;;;;;;;;;;;;5.8;21.2;20.9;76.3;20.1;72.4;;;;;;;;;;;;;;242;;
PRE;02.11.2012 00:00;;;;;;;;;;;;;;8.1;20.4;29.2;73.4;19.4;69.8;;;;;;;;;;;;;;238;;
PRE;03.11.2012 00:00;;;;;;;;;;;;;;6.2;15.8;22.3;56.9;15.1;54.4;;;;;;;;;;;;;;236;;
PRE;04.11.2012 00:00;;;;;;;;;;;;;;2.9;11.5;10.4;41.4;11.2;40.3;;;;;;;;;;;;;;227;;
PRE;05.11.2012 00:00;;;;;;;;;;;;;;4.2;16.4;15.1;59;16.1;58;;;;;;;;;;;;;;245;;
PRE;06.11.2012 00:00;;;;;;;;;;;;;;2.9;10.4;10.4;37.4;10.1;36.4;;;;;;;;;;;;;;300;;
PRE;07.11.2012 00:00;;;;;;;;;;;;;;1.8;4.1;6.5;14.8;4;14.4;;;;;;;;;;;;;;301;;
PRE;08.11.2012 00:00;;;;;;;;;;;;;;1.4;3.7;5;13.3;3.6;13;;;;;;;;;;;;;;307;;
PRE;09.11.2012 00:00;;;;;;;;;;;;;;1.8;5.3;6.5;19.1;5.2;18.7;;;;;;;;;;;;;;360;;
PRE;10.11.2012 00:00;;;;;;;;;;;;;;1.6;5.8;5.8;20.9;5.5;19.8;;;;;;;;;;;;;;11;;
PRE;11.11.2012 00:00;;;;;;;;;;;;;;0.8;3.8;2.9;13.7;3.7;13.3;;;;;;;;;;;;;;22;;
PRE;12.11.2012 00:00;;;;;;;;;;;;;;3;7.5;10.8;27;7.2;25.9;;;;;;;;;;;;;;21;;
PRE;13.11.2012 00:00;;;;;;;;;;;;;;4.9;10;17.6;36;9.9;35.6;;;;;;;;;;;;;;17;;
PRE;14.11.2012 00:00;;;;;;;;;;;;;;2.2;6.8;7.9;24.5;6.6;23.8;;;;;;;;;;;;;;17;;
PRE;15.11.2012 00:00;;;;;;;;;;;;;;2;5.5;7.2;19.8;5.4;19.4;;;;;;;;;;;;;;7;;
PRE;16.11.2012 00:00;;;;;;;;;;;;;;1.4;3.6;5;13;3.5;12.6;;;;;;;;;;;;;;360;;
PRE;17.11.2012 00:00;;;;;;;;;;;;;;1.3;3.9;4.7;14;3.8;13.7;;;;;;;;;;;;;;255;;
PRE;18.11.2012 00:00;;;;;;;;;;;;;;1.4;4.1;5;14.8;4;14.4;;;;;;;;;;;;;;301;;
PRE;19.11.2012 00:00;;;;;;;;;;;;;;3.2;7;11.5;25.2;6.8;24.5;;;;;;;;;;;;;;356;;
PRE;20.11.2012 00:00;;;;;;;;;;;;;;2.1;5.2;7.6;18.7;5.1;18.4;;;;;;;;;;;;;;330;;
PRE;21.11.2012 00:00;;;;;;;;;;;;;;1.6;5.2;5.8;18.7;5;18;;;;;;;;;;;;;;331;;
PRE;22.11.2012 00:00;;;;;;;;;;;;;;1.6;5.5;5.8;19.8;5.5;19.8;;;;;;;;;;;;;;9;;
PRE;23.11.2012 00:00;;;;;;;;;;;;;;1.5;4;5.4;14.4;3.9;14;;;;;;;;;;;;;;284;;
PRE;24.11.2012 00:00;;;;;;;;;;;;;;1.1;4.3;4;15.5;4.2;15.1;;;;;;;;;;;;;;337;;
PRE;25.11.2012 00:00;;;;;;;;;;;;;;1.3;6.4;4.7;23;6.3;22.7;;;;;;;;;;;;;;0;;
PRE;26.11.2012 00:00;;;;;;;;;;;;;;0.7;3.7;2.5;13.3;3.6;13;;;;;;;;;;;;;;27;;
PRE;27.11.2012 00:00;;;;;;;;;;;;;;2.2;6.4;7.9;23;6.3;22.7;;;;;;;;;;;;;;346;;
PRE;28.11.2012 00:00;;;;;;;;;;;;;;7.4;20.1;26.6;72.4;18.8;67.7;;;;;;;;;;;;;;30;;
PRE;29.11.2012 00:00;;;;;;;;;;;;;;3.7;12.6;13.3;45.4;12.5;45;;;;;;;;;;;;;;35;;
PRE;30.11.2012 00:00;;;;;;;;;;;;;;7.3;16.7;26.3;60.1;16.1;58;;;;;;;;;;;;;;28;;
PRE;01.12.2012 00:00;;;;;;;;;;;;;;4.8;12.1;17.3;43.6;11.7;42.1;;;;;;;;;;;;;;10;;
PRE;02.12.2012 00:00;;;;;;;;;;;;;;3.7;10.2;13.3;36.7;9.9;35.6;;;;;;;;;;;;;;260;;
PRE;03.12.2012 00:00;;;;;;;;;;;;;;4.8;13.9;17.3;50;13.2;47.5;;;;;;;;;;;;;;244;;
PRE;04.12.2012 00:00;;;;;;;;;;;;;;6;17.4;21.6;62.6;16.6;59.8;;;;;;;;;;;;;;240;;
PRE;05.12.2012 00:00;;;;;;;;;;;;;;5;12.7;18;45.7;11.9;42.8;;;;;;;;;;;;;;241;;
PRE;06.12.2012 00:00;;;;;;;;;;;;;;2.2;8.5;7.9;30.6;8.2;29.5;;;;;;;;;;;;;;309;;
PRE;07.12.2012 00:00;;;;;;;;;;;;;;5.3;15.4;19.1;55.4;14.9;53.6;;;;;;;;;;;;;;240;;
PRE;08.12.2012 00:00;;;;;;;;;;;;;;3.9;15.3;14;55.1;15.1;54.4;;;;;;;;;;;;;;7;;
PRE;09.12.2012 00:00;;;;;;;;;;;;;;4.5;11.6;16.2;41.8;11.2;40.3;;;;;;;;;;;;;;256;;
PRE;10.12.2012 00:00;;;;;;;;;;;;;;4.7;13.1;16.9;47.2;12.9;46.4;;;;;;;;;;;;;;254;;
PRE;11.12.2012 00:00;;;;;;;;;;;;;;4.1;11.3;14.8;40.7;11.1;40;;;;;;;;;;;;;;4;;
PRE;12.12.2012 00:00;;;;;;;;;;;;;;3.4;7.9;12.2;28.4;7.8;28.1;;;;;;;;;;;;;;17;;
PRE;13.12.2012 00:00;;;;;;;;;;;;;;1.9;5.8;6.8;20.9;5.7;20.5;;;;;;;;;;;;;;353;;
PRE;14.12.2012 00:00;;;;;;;;;;;;;;1.2;4.8;4.3;17.3;4.7;16.9;;;;;;;;;;;;;;279;;
PRE;15.12.2012 00:00;;;;;;;;;;;;;;4.1;12.1;14.8;43.6;11.6;41.8;;;;;;;;;;;;;;250;;
PRE;16.12.2012 00:00;;;;;;;;;;;;;;5.1;12.1;18.4;43.6;11.7;42.1;;;;;;;;;;;;;;245;;
PRE;17.12.2012 00:00;;;;;;;;;;;;;;5.6;13.5;20.2;48.6;12.7;45.7;;;;;;;;;;;;;;244;;
PRE;18.12.2012 00:00;;;;;;;;;;;;;;5;13.2;18;47.5;13;46.8;;;;;;;;;;;;;;238;;
PRE;19.12.2012 00:00;;;;;;;;;;;;;;2;6.8;7.2;24.5;6.6;23.8;;;;;;;;;;;;;;337;;
PRE;20.12.2012 00:00;;;;;;;;;;;;;;1.8;5.7;6.5;20.5;5.6;20.2;;;;;;;;;;;;;;333;;
PRE;21.12.2012 00:00;;;;;;;;;;;;;;1.5;5.2;5.4;18.7;5.1;18.4;;;;;;;;;;;;;;236;;
PRE;22.12.2012 00:00;;;;;;;;;;;;;;4.5;16.1;16.2;58;14.9;53.6;;;;;;;;;;;;;;240;;
PRE;23.12.2012 00:00;;;;;;;;;;;;;;2.2;13;7.9;46.8;12.7;45.7;;;;;;;;;;;;;;169;;
PRE;24.12.2012 00:00;;;;;;;;;;;;;;2.3;8.8;8.3;31.7;8.4;30.2;;;;;;;;;;;;;;216;;
PRE;25.12.2012 00:00;;;;;;;;;;;;;;5.2;12.8;18.7;46.1;11.5;41.4;;;;;;;;;;;;;;239;;
PRE;26.12.2012 00:00;;;;;;;;;;;;;;4.6;10.4;16.6;37.4;10.1;36.4;;;;;;;;;;;;;;237;;
PRE;27.12.2012 00:00;;;;;;;;;;;;;;8.3;19.7;29.9;70.9;19.4;69.8;;;;;;;;;;;;;;242;;
PRE;28.12.2012 00:00;;;;;;;;;;;;;;3.1;14.8;11.2;53.3;14.2;51.1;;;;;;;;;;;;;;252;;
PRE;29.12.2012 00:00;;;;;;;;;;;;;;1.3;7.9;4.7;28.4;7.7;27.7;;;;;;;;;;;;;;293;;
PRE;30.12.2012 00:00;;;;;;;;;;;;;;4;9.7;14.4;34.9;9.5;34.2;;;;;;;;;;;;;;246;;
PRE;31.12.2012 00:00;;;;;;;;;;;;;;1.4;4.3;5;15.5;4.2;15.1;;;;;;;;;;;;;;286;;
PRE;01.01.2013 00:00;;;;;;;;;;;;;;3.8;11.4;13.7;41;11.2;40.3;;;;;;;;;;;;;;235;;
PRE;02.01.2013 00:00;;;;;;;;;;;;;;3.8;10.2;13.7;36.7;9.8;35.3;;;;;;;;;;;;;;18;;
PRE;03.01.2013 00:00;;;;;;;;;;;;;;1.5;6.3;5.4;22.7;6.1;22;;;;;;;;;;;;;;342;;
PRE;04.01.2013 00:00;;;;;;;;;;;;;;1.2;4.4;4.3;15.8;4.2;15.1;;;;;;;;;;;;;;351;;
PRE;05.01.2013 00:00;;;;;;;;;;;;;;1.7;7.1;6.1;25.6;6.8;24.5;;;;;;;;;;;;;;9;;
PRE;06.01.2013 00:00;;;;;;;;;;;;;;3;10.7;10.8;38.5;10.4;37.4;;;;;;;;;;;;;;27;;
PRE;07.01.2013 00:00;;;;;;;;;;;;;;3.4;10.9;12.2;39.2;10.6;38.2;;;;;;;;;;;;;;49;;
PRE;08.01.2013 00:00;;;;;;;;;;;;;;1.2;3.2;4.3;11.5;3.1;11.2;;;;;;;;;;;;;;304;;
PRE;09.01.2013 00:00;;;;;;;;;;;;;;1.4;3.6;5;13;3.5;12.6;;;;;;;;;;;;;;293;;
PRE;10.01.2013 00:00;;;;;;;;;;;;;;4.1;11.2;14.8;40.3;10.9;39.2;;;;;;;;;;;;;;242;;
PRE;11.01.2013 00:00;;;;;;;;;;;;;;4.1;11.2;14.8;40.3;11;39.6;;;;;;;;;;;;;;249;;
PRE;12.01.2013 00:00;;;;;;;;;;;;;;1.6;4.4;5.8;15.8;4.2;15.1;;;;;;;;;;;;;;291;;
PRE;13.01.2013 00:00;;;;;;;;;;;;;;3.3;9.6;11.9;34.6;9.3;33.5;;;;;;;;;;;;;;22;;
PRE;14.01.2013 00:00;;;;;;;;;;;;;;1.7;9.2;6.1;33.1;8.7;31.3;;;;;;;;;;;;;;351;;
PRE;15.01.2013 00:00;;;;;;;;;;;;;;4.8;10.8;17.3;38.9;10.6;38.2;;;;;;;;;;;;;;245;;
PRE;16.01.2013 00:00;;;;;;;;;;;;;;2.5;10.6;9;38.2;10.3;37.1;;;;;;;;;;;;;;3;;
PRE;17.01.2013 00:00;;;;;;;;;;;;;;4.4;10.6;15.8;38.2;10.4;37.4;;;;;;;;;;;;;;31;;
PRE;18.01.2013 00:00;;;;;;;;;;;;;;4.3;10;15.5;36;9.6;34.6;;;;;;;;;;;;;;16;;
PRE;19.01.2013 00:00;;;;;;;;;;;;;;4.9;12;17.6;43.2;11.8;42.5;;;;;;;;;;;;;;13;;
PRE;20.01.2013 00:00;;;;;;;;;;;;;;3.3;12.4;11.9;44.6;11.8;42.5;;;;;;;;;;;;;;318;;
PRE;21.01.2013 00:00;;;;;;;;;;;;;;4.3;11.4;15.5;41;10.8;38.9;;;;;;;;;;;;;;244;;
PRE;22.01.2013 00:00;;;;;;;;;;;;;;4;10.7;14.4;38.5;10.3;37.1;;;;;;;;;;;;;;256;;
PRE;23.01.2013 00:00;;;;;;;;;;;;;;3.5;10.2;12.6;36.7;10;36;;;;;;;;;;;;;;16;;
PRE;24.01.2013 00:00;;;;;;;;;;;;;;5.9;14.6;21.2;52.6;14.1;50.8;;;;;;;;;;;;;;38;;
PRE;25.01.2013 00:00;;;;;;;;;;;;;;5.1;12;18.4;43.2;11.4;41;;;;;;;;;;;;;;22;;
PRE;26.01.2013 00:00;;;;;;;;;;;;;;2.2;8.6;7.9;31;8.5;30.6;;;;;;;;;;;;;;346;;
PRE;27.01.2013 00:00;;;;;;;;;;;;;;2.7;11.7;9.7;42.1;11.2;40.3;;;;;;;;;;;;;;231;;
PRE;28.01.2013 00:00;;;;;;;;;;;;;;1.9;7.5;6.8;27;7.5;27;;;;;;;;;;;;;;236;;
PRE;29.01.2013 00:00;;;;;;;;;;;;;;4.5;10.7;16.2;38.5;10.3;37.1;;;;;;;;;;;;;;222;;
PRE;30.01.2013 00:00;;;;;;;;;;;;;;2.4;15.6;8.6;56.2;14.7;52.9;;;;;;;;;;;;;;245;;
PRE;31.01.2013 00:00;;;;;;;;;;;;;;4.6;13.3;16.6;47.9;12.4;44.6;;;;;;;;;;;;;;242;;
PRE;01.02.2013 00:00;;;;;;;;;;;;;;6.7;13.5;24.1;48.6;12.7;45.7;;;;;;;;;;;;;;243;;
PRE;02.02.2013 00:00;;;;;;;;;;;;;;5.5;16.7;19.8;60.1;15.9;57.2;;;;;;;;;;;;;;9;;
PRE;03.02.2013 00:00;;;;;;;;;;;;;;4.7;17.6;16.9;63.4;17.1;61.6;;;;;;;;;;;;;;18;;
PRE;04.02.2013 00:00;;;;;;;;;;;;;;6.4;11.7;23;42.1;11.1;40;;;;;;;;;;;;;;238;;
PRE;05.02.2013 00:00;;;;;;;;;;;;;;8.1;21.4;29.2;77;19.3;69.5;;;;;;;;;;;;;;237;;
PRE;06.02.2013 00:00;;;;;;;;;;;;;;5.6;15.8;20.2;56.9;15.4;55.4;;;;;;;;;;;;;;237;;
PRE;07.02.2013 00:00;;;;;;;;;;;;;;1.7;8.9;6.1;32;8.6;31;;;;;;;;;;;;;;323;;
PRE;08.02.2013 00:00;;;;;;;;;;;;;;2;7.2;7.2;25.9;7.1;25.6;;;;;;;;;;;;;;333;;
PRE;09.02.2013 00:00;;;;;;;;;;;;;;2.3;7;8.3;25.2;6.9;24.8;;;;;;;;;;;;;;321;;
PRE;10.02.2013 00:00;;;;;;;;;;;;;;2.2;5.1;7.9;18.4;5;18;;;;;;;;;;;;;;9;;
PRE;11.02.2013 00:00;;;;;;;;;;;;;;2.2;9.2;7.9;33.1;9.1;32.8;;;;;;;;;;;;;;360;;
PRE;12.02.2013 00:00;;;;;;;;;;;;;;2.9;8.1;10.4;29.2;7.7;27.7;;;;;;;;;;;;;;6;;
PRE;13.02.2013 00:00;;;;;;;;;;;;;;4.9;10.6;17.6;38.2;10.4;37.4;;;;;;;;;;;;;;13;;
PRE;14.02.2013 00:00;;;;;;;;;;;;;;2.9;9.5;10.4;34.2;9.2;33.1;;;;;;;;;;;;;;326;;
PRE;15.02.2013 00:00;;;;;;;;;;;;;;1.3;6.6;4.7;23.8;6.3;22.7;;;;;;;;;;;;;;18;;
PRE;16.02.2013 00:00;;;;;;;;;;;;;;4.1;8.5;14.8;30.6;8.4;30.2;;;;;;;;;;;;;;15;;
PRE;17.02.2013 00:00;;;;;;;;;;;;;;4.9;10.6;17.6;38.2;10.3;37.1;;;;;;;;;;;;;;30;;
PRE;18.02.2013 00:00;;;;;;;;;;;;;;3.1;7;11.2;25.2;6.7;24.1;;;;;;;;;;;;;;15;;
PRE;19.02.2013 00:00;;;;;;;;;;;;;;1.3;3.1;4.7;11.2;3;10.8;;;;;;;;;;;;;;315;;
PRE;20.02.2013 00:00;;;;;;;;;;;;;;5.4;13.4;19.4;48.2;12.7;45.7;;;;;;;;;;;;;;22;;
PRE;21.02.2013 00:00;;;;;;;;;;;;;;6.9;13.2;24.8;47.5;12.7;45.7;;;;;;;;;;;;;;25;;
PRE;22.02.2013 00:00;;;;;;;;;;;;;;6.9;12.1;24.8;43.6;11.7;42.1;;;;;;;;;;;;;;22;;
PRE;23.02.2013 00:00;;;;;;;;;;;;;;6.4;13.7;23;49.3;13.3;47.9;;;;;;;;;;;;;;30;;
PRE;24.02.2013 00:00;;;;;;;;;;;;;;4.8;10.1;17.3;36.4;9.8;35.3;;;;;;;;;;;;;;22;;
PRE;25.02.2013 00:00;;;;;;;;;;;;;;4.6;9.5;16.6;34.2;9.3;33.5;;;;;;;;;;;;;;17;;
PRE;26.02.2013 00:00;;;;;;;;;;;;;;4.8;12.6;17.3;45.4;12.4;44.6;;;;;;;;;;;;;;27;;
PRE;27.02.2013 00:00;;;;;;;;;;;;;;3.1;8.2;11.2;29.5;8;28.8;;;;;;;;;;;;;;19;;
PRE;28.02.2013 00:00;;;;;;;;;;;;;;1.8;6.9;6.5;24.8;6.9;24.8;;;;;;;;;;;;;;24;;
PRE;01.03.2013 00:00;;;;;;;;;;;;;;5.3;12.6;19.1;45.4;12.3;44.3;;;;;;;;;;;;;;28;;
PRE;02.03.2013 00:00;;;;;;;;;;;;;;5.1;9.8;18.4;35.3;9.4;33.8;;;;;;;;;;;;;;13;;
PRE;03.03.2013 00:00;;;;;;;;;;;;;;3.8;8.3;13.7;29.9;8.2;29.5;;;;;;;;;;;;;;6;;
PRE;04.03.2013 00:00;;;;;;;;;;;;;;2.4;6.2;8.6;22.3;6.1;22;;;;;;;;;;;;;;12;;
PRE;05.03.2013 00:00;;;;;;;;;;;;;;1.8;6.9;6.5;24.8;6.8;24.5;;;;;;;;;;;;;;255;;
PRE;06.03.2013 00:00;;;;;;;;;;;;;;2;5.9;7.2;21.2;5.7;20.5;;;;;;;;;;;;;;248;;
PRE;07.03.2013 00:00;;;;;;;;;;;;;;1.6;5.2;5.8;18.7;5.1;18.4;;;;;;;;;;;;;;360;;
PRE;08.03.2013 00:00;;;;;;;;;;;;;;1.4;4.3;5;15.5;4.2;15.1;;;;;;;;;;;;;;214;;
PRE;09.03.2013 00:00;;;;;;;;;;;;;;1.4;3.6;5;13;3.4;12.2;;;;;;;;;;;;;;323;;
PRE;10.03.2013 00:00;;;;;;;;;;;;;;1.3;9;4.7;32.4;8.4;30.2;;;;;;;;;;;;;;297;;
PRE;11.03.2013 00:00;;;;;;;;;;;;;;2.2;7.1;7.9;25.6;6.8;24.5;;;;;;;;;;;;;;229;;
PRE;12.03.2013 00:00;;;;;;;;;;;;;;2.9;10.3;10.4;37.1;10.1;36.4;;;;;;;;;;;;;;252;;
PRE;13.03.2013 00:00;;;;;;;;;;;;;;3.3;11.6;11.9;41.8;11.2;40.3;;;;;;;;;;;;;;10;;
PRE;14.03.2013 00:00;;;;;;;;;;;;;;5.8;14.5;20.9;52.2;14.3;51.5;;;;;;;;;;;;;;25;;
PRE;15.03.2013 00:00;;;;;;;;;;;;;;4.2;10;15.1;36;9.9;35.6;;;;;;;;;;;;;;20;;
PRE;16.03.2013 00:00;;;;;;;;;;;;;;2.2;10.6;7.9;38.2;10.3;37.1;;;;;;;;;;;;;;360;;
PRE;17.03.2013 00:00;;;;;;;;;;;;;;2.2;10.6;7.9;38.2;10.3;37.1;;;;;;;;;;;;;;245;;
PRE;18.03.2013 00:00;;;;;;;;;;;;;;3.9;14.8;14;53.3;14.3;51.5;;;;;;;;;;;;;;242;;
PRE;19.03.2013 00:00;;;;;;;;;;;;;;4.6;12.3;16.6;44.3;11.7;42.1;;;;;;;;;;;;;;238;;
PRE;20.03.2013 00:00;;;;;;;;;;;;;;3.6;16;13;57.6;14.8;53.3;;;;;;;;;;;;;;238;;
PRE;21.03.2013 00:00;;;;;;;;;;;;;;1.8;5.1;6.5;18.4;5;18;;;;;;;;;;;;;;53;;
PRE;22.03.2013 00:00;;;;;;;;;;;;;;3.1;7.6;11.2;27.4;7.4;26.6;;;;;;;;;;;;;;22;;
PRE;23.03.2013 00:00;;;;;;;;;;;;;;3.7;9;13.3;32.4;8.8;31.7;;;;;;;;;;;;;;10;;
PRE;24.03.2013 00:00;;;;;;;;;;;;;;6.1;11.9;22;42.8;11.6;41.8;;;;;;;;;;;;;;18;;
PRE;25.03.2013 00:00;;;;;;;;;;;;;;4.4;8.4;15.8;30.2;8.2;29.5;;;;;;;;;;;;;;16;;
PRE;26.03.2013 00:00;;;;;;;;;;;;;;5.2;9.8;18.7;35.3;9.5;34.2;;;;;;;;;;;;;;12;;
PRE;27.03.2013 00:00;;;;;;;;;;;;;;4.3;9.7;15.5;34.9;9.4;33.8;;;;;;;;;;;;;;18;;
PRE;28.03.2013 00:00;;;;;;;;;;;;;;1.7;5.4;6.1;19.4;5.3;19.1;;;;;;;;;;;;;;23;;
PRE;29.03.2013 00:00;;;;;;;;;;;;;;2.8;6.5;10.1;23.4;6.3;22.7;;;;;;;;;;;;;;16;;
PRE;30.03.2013 00:00;;;;;;;;;;;;;;2;6;7.2;21.6;5.9;21.2;;;;;;;;;;;;;;14;;
PRE;31.03.2013 00:00;;;;;;;;;;;;;;4.2;11.7;15.1;42.1;11.5;41.4;;;;;;;;;;;;;;35;;
PRE;01.04.2013 00:00;;;;;;;;;;;;;;5;10.5;18;37.8;10.1;36.4;;;;;;;;;;;;;;17;;
PRE;02.04.2013 00:00;;;;;;;;;;;;;;5.1;11.8;18.4;42.5;11.4;41;;;;;;;;;;;;;;16;;
PRE;03.04.2013 00:00;;;;;;;;;;;;;;5.2;12.8;18.7;46.1;12.4;44.6;;;;;;;;;;;;;;11;;
PRE;04.04.2013 00:00;;;;;;;;;;;;;;4.6;9.1;16.6;32.8;8.9;32;;;;;;;;;;;;;;19;;
PRE;05.04.2013 00:00;;;;;;;;;;;;;;3.1;9.5;11.2;34.2;9.3;33.5;;;;;;;;;;;;;;23;;
PRE;06.04.2013 00:00;;;;;;;;;;;;;;6.2;13.3;22.3;47.9;13;46.8;;;;;;;;;;;;;;29;;
PRE;07.04.2013 00:00;;;;;;;;;;;;;;5.5;11.8;19.8;42.5;11.3;40.7;;;;;;;;;;;;;;26;;
PRE;08.04.2013 00:00;;;;;;;;;;;;;;3.2;11.4;11.5;41;11.2;40.3;;;;;;;;;;;;;;253;;
PRE;09.04.2013 00:00;;;;;;;;;;;;;;5.7;19.5;20.5;70.2;18.7;67.3;;;;;;;;;;;;;;232;;
PRE;10.04.2013 00:00;;;;;;;;;;;;;;5.8;18;20.9;64.8;17.3;62.3;;;;;;;;;;;;;;237;;
PRE;11.04.2013 00:00;;;;;;;;;;;;;;3.1;18.5;11.2;66.6;18;64.8;;;;;;;;;;;;;;216;;
PRE;12.04.2013 00:00;;;;;;;;;;;;;;5.4;15.7;19.4;56.5;15.5;55.8;;;;;;;;;;;;;;236;;
PRE;13.04.2013 00:00;;;;;;;;;;;;;;2.4;11;8.6;39.6;10.4;37.4;;;;;;;;;;;;;;180;;
PRE;14.04.2013 00:00;;;;;;;;;;;;;;1.7;4.5;6.1;16.2;4.5;16.2;;;;;;;;;;;;;;14;;
PRE;15.04.2013 00:00;;;;;;;;;;;;;;1.3;3.9;4.7;14;3.8;13.7;;;;;;;;;;;;;;180;;
PRE;16.04.2013 00:00;;;;;;;;;;;;;;1.2;3.5;4.3;12.6;3.4;12.2;;;;;;;;;;;;;;135;;
PRE;17.04.2013 00:00;;;;;;;;;;;;;;1.6;4.3;5.8;15.5;4.2;15.1;;;;;;;;;;;;;;333;;
PRE;18.04.2013 00:00;;;;;;;;;;;;;;1.9;9.7;6.8;34.9;9.2;33.1;;;;;;;;;;;;;;225;;
PRE;19.04.2013 00:00;;;;;;;;;;;;;;3.3;10.9;11.9;39.2;10.5;37.8;;;;;;;;;;;;;;48;;
PRE;20.04.2013 00:00;;;;;;;;;;;;;;9.1;21.9;32.8;78.8;21.3;76.7;;;;;;;;;;;;;;25;;
PRE;21.04.2013 00:00;;;;;;;;;;;;;;1.9;6.6;6.8;23.8;6.3;22.7;;;;;;;;;;;;;;30;;
PRE;22.04.2013 00:00;;;;;;;;;;;;;;3.4;9.8;12.2;35.3;9.5;34.2;;;;;;;;;;;;;;17;;
PRE;23.04.2013 00:00;;;;;;;;;;;;;;1.9;7;6.8;25.2;6.9;24.8;;;;;;;;;;;;;;18;;
PRE;24.04.2013 00:00;;;;;;;;;;;;;;1.6;4.2;5.8;15.1;4.2;15.1;;;;;;;;;;;;;;34;;
PRE;25.04.2013 00:00;;;;;;;;;;;;;;1.6;4.5;5.8;16.2;4.5;16.2;;;;;;;;;;;;;;360;;
PRE;26.04.2013 00:00;;;;;;;;;;;;;;2.7;11.4;9.7;41;11.1;40;;;;;;;;;;;;;;236;;
PRE;27.04.2013 00:00;;;;;;;;;;;;;;3.2;10.2;11.5;36.7;9.9;35.6;;;;;;;;;;;;;;250;;
PRE;28.04.2013 00:00;;;;;;;;;;;;;;1.8;6.2;6.5;22.3;5.9;21.2;;;;;;;;;;;;;;219;;
PRE;29.04.2013 00:00;;;;;;;;;;;;;;2.3;10.2;8.3;36.7;9.8;35.3;;;;;;;;;;;;;;25;;
PRE;30.04.2013 00:00;;;;;;;;;;;;;;4.3;12.5;15.5;45;12.3;44.3;;;;;;;;;;;;;;26;;
PRE;01.05.2013 00:00;;;;;;;;;;;;;;3.3;10.5;11.9;37.8;9.8;35.3;;;;;;;;;;;;;;7;;
PRE;02.05.2013 00:00;;;;;;;;;;;;;;3;17.5;10.8;63;17;61.2;;;;;;;;;;;;;;28;;
PRE;03.05.2013 00:00;;;;;;;;;;;;;;4.1;14.6;14.8;52.6;13.8;49.7;;;;;;;;;;;;;;240;;
PRE;04.05.2013 00:00;;;;;;;;;;;;;;3;8.5;10.8;30.6;8.4;30.2;;;;;;;;;;;;;;360;;
PRE;05.05.2013 00:00;;;;;;;;;;;;;;5.1;12.8;18.4;46.1;12.3;44.3;;;;;;;;;;;;;;28;;
PRE;06.05.2013 00:00;;;;;;;;;;;;;;1.3;3.9;4.7;14;3.8;13.7;;;;;;;;;;;;;;239;;
PRE;07.05.2013 00:00;;;;;;;;;;;;;;1.5;4.6;5.4;16.6;4.4;15.8;;;;;;;;;;;;;;270;;
PRE;08.05.2013 00:00;;;;;;;;;;;;;;1.3;8.2;4.7;29.5;7.9;28.4;;;;;;;;;;;;;;236;;
PRE;09.05.2013 00:00;;;;;;;;;;;;;;1.9;6.1;6.8;22;6;21.6;;;;;;;;;;;;;;130;;
PRE;10.05.2013 00:00;;;;;;;;;;;;;;2.1;6.5;7.6;23.4;6.3;22.7;;;;;;;;;;;;;;129;;
PRE;11.05.2013 00:00;;;;;;;;;;;;;;1.6;6;5.8;21.6;5.7;20.5;;;;;;;;;;;;;;239;;
PRE;12.05.2013 00:00;;;;;;;;;;;;;;3.5;16.1;12.6;58;15.2;54.7;;;;;;;;;;;;;;239;;
PRE;13.05.2013 00:00;;;;;;;;;;;;;;2;5.9;7.2;21.2;5.8;20.9;;;;;;;;;;;;;;198;;
PRE;14.05.2013 00:00;;;;;;;;;;;;;;2;10;7.2;36;9.6;34.6;;;;;;;;;;;;;;169;;
PRE;15.05.2013 00:00;;;;;;;;;;;;;;3;9.1;10.8;32.8;8.9;32;;;;;;;;;;;;;;249;;
PRE;16.05.2013 00:00;;;;;;;;;;;;;;3.3;12.5;11.9;45;12;43.2;;;;;;;;;;;;;;243;;
PRE;17.05.2013 00:00;;;;;;;;;;;;;;2.9;8.8;10.4;31.7;8.4;30.2;;;;;;;;;;;;;;198;;
PRE;18.05.2013 00:00;;;;;;;;;;;;;;5.4;15.2;19.4;54.7;15;54;;;;;;;;;;;;;;301;;
PRE;19.05.2013 00:00;;;;;;;;;;;;;;4.7;15.5;16.9;55.8;15.2;54.7;;;;;;;;;;;;;;238;;
PRE;20.05.2013 00:00;;;;;;;;;;;;;;5.6;15.6;20.2;56.2;14.9;53.6;;;;;;;;;;;;;;241;;
PRE;21.05.2013 00:00;;;;;;;;;;;;;;5.6;13.7;20.2;49.3;13.3;47.9;;;;;;;;;;;;;;236;;
PRE;22.05.2013 00:00;;;;;;;;;;;;;;3.3;11.6;11.9;41.8;11.2;40.3;;;;;;;;;;;;;;13;;
PRE;23.05.2013 00:00;;;;;;;;;;;;;;2.8;16.1;10.1;58;15.4;55.4;;;;;;;;;;;;;;247;;
PRE;24.05.2013 00:00;;;;;;;;;;;;;;2.7;9.5;9.7;34.2;9.3;33.5;;;;;;;;;;;;;;214;;
PRE;25.05.2013 00:00;;;;;;;;;;;;;;2.8;9.7;10.1;34.9;9.5;34.2;;;;;;;;;;;;;;254;;
PRE;26.05.2013 00:00;;;;;;;;;;;;;;2.4;9.9;8.6;35.6;9.6;34.6;;;;;;;;;;;;;;235;;
PRE;27.05.2013 00:00;;;;;;;;;;;;;;1.8;5.2;6.5;18.7;5;18;;;;;;;;;;;;;;239;;
PRE;28.05.2013 00:00;;;;;;;;;;;;;;2.9;12.9;10.4;46.4;12.6;45.4;;;;;;;;;;;;;;231;;
PRE;29.05.2013 00:00;;;;;;;;;;;;;;2.8;8;10.1;28.8;7.8;28.1;;;;;;;;;;;;;;235;;
PRE;30.05.2013 00:00;;;;;;;;;;;;;;2.3;7.4;8.3;26.6;7.2;25.9;;;;;;;;;;;;;;238;;
PRE;31.05.2013 00:00;;;;;;;;;;;;;;2.3;6.7;8.3;24.1;6.5;23.4;;;;;;;;;;;;;;240;;
PRE;01.06.2013 00:00;;;;;;;;;;;;;;1.7;6.9;6.1;24.8;6.7;24.1;;;;;;;;;;;;;;180;;
PRE;02.06.2013 00:00;;;;;;;;;;;;;;5.3;14.5;19.1;52.2;13.7;49.3;;;;;;;;;;;;;;25;;
PRE;03.06.2013 00:00;;;;;;;;;;;;;;8;18.9;28.8;68;18.4;66.2;;;;;;;;;;;;;;26;;
PRE;04.06.2013 00:00;;;;;;;;;;;;;;4.5;14.2;16.2;51.1;13.4;48.2;;;;;;;;;;;;;;30;;
PRE;05.06.2013 00:00;;;;;;;;;;;;;;1.5;4.5;5.4;16.2;4.4;15.8;;;;;;;;;;;;;;207;;
PRE;06.06.2013 00:00;;;;;;;;;;;;;;1.9;5.6;6.8;20.2;5.4;19.4;;;;;;;;;;;;;;236;;
PRE;07.06.2013 00:00;;;;;;;;;;;;;;1.8;5.5;6.5;19.8;5.4;19.4;;;;;;;;;;;;;;234;;
PRE;08.06.2013 00:00;;;;;;;;;;;;;;2.4;14.5;8.6;52.2;14.3;51.5;;;;;;;;;;;;;;230;;
PRE;09.06.2013 00:00;;;;;;;;;;;;;;2.5;12.2;9;43.9;11.8;42.5;;;;;;;;;;;;;;233;;
PRE;10.06.2013 00:00;;;;;;;;;;;;;;1.3;4.4;4.7;15.8;4.3;15.5;;;;;;;;;;;;;;180;;
PRE;11.06.2013 00:00;;;;;;;;;;;;;;1.8;5.2;6.5;18.7;5.1;18.4;;;;;;;;;;;;;;254;;
PRE;12.06.2013 00:00;;;;;;;;;;;;;;1.5;3.8;5.4;13.7;3.8;13.7;;;;;;;;;;;;;;236;;
PRE;13.06.2013 00:00;;;;;;;;;;;;;;2.2;18.8;7.9;67.7;17.7;63.7;;;;;;;;;;;;;;270;;
PRE;14.06.2013 00:00;;;;;;;;;;;;;;2.9;9.6;10.4;34.6;9.2;33.1;;;;;;;;;;;;;;22;;
PRE;15.06.2013 00:00;;;;;;;;;;;;;;2.3;9;8.3;32.4;8.8;31.7;;;;;;;;;;;;;;225;;
PRE;16.06.2013 00:00;;;;;;;;;;;;;;1.9;5;6.8;18;4.9;17.6;;;;;;;;;;;;;;52;;
PRE;17.06.2013 00:00;;;;;;;;;;;;;;1.4;3.9;5;14;3.8;13.7;;;;;;;;;;;;;;270;;
PRE;18.06.2013 00:00;;;;;;;;;;;;;;1.5;4.4;5.4;15.8;4.4;15.8;;;;;;;;;;;;;;252;;
PRE;19.06.2013 00:00;;;;;;;;;;;;;;2.3;11.6;8.3;41.8;11.4;41;;;;;;;;;;;;;;238;;
PRE;20.06.2013 00:00;;;;;;;;;;;;;;3.3;17.2;11.9;61.9;15.8;56.9;;;;;;;;;;;;;;240;;
PRE;21.06.2013 00:00;;;;;;;;;;;;;;2;6.7;7.2;24.1;6.7;24.1;;;;;;;;;;;;;;236;;
PRE;22.06.2013 00:00;;;;;;;;;;;;;;2.4;9;8.6;32.4;8.5;30.6;;;;;;;;;;;;;;228;;
PRE;23.06.2013 00:00;;;;;;;;;;;;;;4.6;16.8;16.6;60.5;15.8;56.9;;;;;;;;;;;;;;266;;
PRE;24.06.2013 00:00;;;;;;;;;;;;;;2.3;7.3;8.3;26.3;7;25.2;;;;;;;;;;;;;;228;;
PRE;25.06.2013 00:00;;;;;;;;;;;;;;3.7;9.7;13.3;34.9;9.4;33.8;;;;;;;;;;;;;;21;;
PRE;26.06.2013 00:00;;;;;;;;;;;;;;5.2;11.9;18.7;42.8;11.3;40.7;;;;;;;;;;;;;;23;;
PRE;27.06.2013 00:00;;;;;;;;;;;;;;2.1;7.7;7.6;27.7;7.4;26.6;;;;;;;;;;;;;;23;;
PRE;28.06.2013 00:00;;;;;;;;;;;;;;2;7;7.2;25.2;6.8;24.5;;;;;;;;;;;;;;262;;
PRE;29.06.2013 00:00;;;;;;;;;;;;;;3.5;9.7;12.6;34.9;9.5;34.2;;;;;;;;;;;;;;244;;
PRE;30.06.2013 00:00;;;;;;;;;;;;;;2.3;5.5;8.3;19.8;5.4;19.4;;;;;;;;;;;;;;323;;
PRE;01.07.2013 00:00;;;;;;;;;;;;;;1.9;5.7;6.8;20.5;5.6;20.2;;;;;;;;;;;;;;72;;
PRE;02.07.2013 00:00;;;;;;;;;;;;;;2.1;13.6;7.6;49;13.3;47.9;;;;;;;;;;;;;;229;;
PRE;03.07.2013 00:00;;;;;;;;;;;;;;4.7;12;16.9;43.2;11.5;41.4;;;;;;;;;;;;;;239;;
PRE;04.07.2013 00:00;;;;;;;;;;;;;;2;7.1;7.2;25.6;6.9;24.8;;;;;;;;;;;;;;41;;
PRE;05.07.2013 00:00;;;;;;;;;;;;;;4.2;9.8;15.1;35.3;9.7;34.9;;;;;;;;;;;;;;21;;
PRE;06.07.2013 00:00;;;;;;;;;;;;;;4.8;9.3;17.3;33.5;8.9;32;;;;;;;;;;;;;;19;;
PRE;07.07.2013 00:00;;;;;;;;;;;;;;5.3;11.7;19.1;42.1;11.4;41;;;;;;;;;;;;;;24;;
PRE;08.07.2013 00:00;;;;;;;;;;;;;;4.6;10.9;16.6;39.2;10.6;38.2;;;;;;;;;;;;;;20;;
PRE;09.07.2013 00:00;;;;;;;;;;;;;;2.3;8.4;8.3;30.2;8.2;29.5;;;;;;;;;;;;;;68;;
PRE;10.07.2013 00:00;;;;;;;;;;;;;;3.3;10.1;11.9;36.4;9.9;35.6;;;;;;;;;;;;;;25;;
PRE;11.07.2013 00:00;;;;;;;;;;;;;;5.2;12.5;18.7;45;12.2;43.9;;;;;;;;;;;;;;27;;
PRE;12.07.2013 00:00;;;;;;;;;;;;;;4.3;13;15.5;46.8;11.7;42.1;;;;;;;;;;;;;;20;;
PRE;13.07.2013 00:00;;;;;;;;;;;;;;2.9;7.9;10.4;28.4;7.8;28.1;;;;;;;;;;;;;;23;;
PRE;14.07.2013 00:00;;;;;;;;;;;;;;5;10.6;18;38.2;10.5;37.8;;;;;;;;;;;;;;27;;
PRE;15.07.2013 00:00;;;;;;;;;;;;;;3.2;8.9;11.5;32;8.8;31.7;;;;;;;;;;;;;;32;;
PRE;16.07.2013 00:00;;;;;;;;;;;;;;3.1;9.2;11.2;33.1;8.9;32;;;;;;;;;;;;;;11;;
PRE;17.07.2013 00:00;;;;;;;;;;;;;;2.4;12.6;8.6;45.4;12.4;44.6;;;;;;;;;;;;;;326;;
PRE;18.07.2013 00:00;;;;;;;;;;;;;;1.6;5.7;5.8;20.5;5.6;20.2;;;;;;;;;;;;;;219;;
PRE;19.07.2013 00:00;;;;;;;;;;;;;;2.4;12.8;8.6;46.1;12.1;43.6;;;;;;;;;;;;;;228;;
PRE;20.07.2013 00:00;;;;;;;;;;;;;;1.8;6.8;6.5;24.5;6.6;23.8;;;;;;;;;;;;;;225;;
PRE;21.07.2013 00:00;;;;;;;;;;;;;;1.8;6.4;6.5;23;6.2;22.3;;;;;;;;;;;;;;256;;
PRE;22.07.2013 00:00;;;;;;;;;;;;;;1.9;6.4;6.8;23;6.1;22;;;;;;;;;;;;;;90;;
PRE;23.07.2013 00:00;;;;;;;;;;;;;;2.2;21.4;7.9;77;20.1;72.4;;;;;;;;;;;;;;180;;
PRE;24.07.2013 00:00;;;;;;;;;;;;;;2;11.1;7.2;40;10.8;38.9;;;;;;;;;;;;;;225;;
PRE;25.07.2013 00:00;;;;;;;;;;;;;;1.6;5.4;5.8;19.4;5.2;18.7;;;;;;;;;;;;;;360;;
PRE;26.07.2013 00:00;;;;;;;;;;;;;;1.7;5.3;6.1;19.1;5.3;19.1;;;;;;;;;;;;;;146;;
PRE;27.07.2013 00:00;;;;;;;;;;;;;;1.6;4.3;5.8;15.5;4.2;15.1;;;;;;;;;;;;;;135;;
PRE;28.07.2013 00:00;;;;;;;;;;;;;;2.7;12.8;9.7;46.1;12.3;44.3;;;;;;;;;;;;;;323;;
PRE;29.07.2013 00:00;;;;;;;;;;;;;;2.5;9.5;9;34.2;9.4;33.8;;;;;;;;;;;;;;240;;
PRE;30.07.2013 00:00;;;;;;;;;;;;;;2.4;7.3;8.6;26.3;7.1;25.6;;;;;;;;;;;;;;240;;
PRE;31.07.2013 00:00;;;;;;;;;;;;;;1.6;5.1;5.8;18.4;5;18;;;;;;;;;;;;;;236;;
PRE;01.08.2013 00:00;;;;;;;;;;;;;;1.6;3.9;5.8;14;3.8;13.7;;;;;;;;;;;;;;90;;
PRE;02.08.2013 00:00;;;;;;;;;;;;;;1.5;4.3;5.4;15.5;4.2;15.1;;;;;;;;;;;;;;180;;
PRE;03.08.2013 00:00;;;;;;;;;;;;;;2.5;7.5;9;27;7.4;26.6;;;;;;;;;;;;;;238;;
PRE;04.08.2013 00:00;;;;;;;;;;;;;;2.5;7.8;9;28.1;7.3;26.3;;;;;;;;;;;;;;15;;
PRE;05.08.2013 00:00;;;;;;;;;;;;;;2.6;7.5;9.4;27;7.3;26.3;;;;;;;;;;;;;;23;;
PRE;06.08.2013 00:00;;;;;;;;;;;;;;2.1;6.9;7.6;24.8;6.8;24.5;;;;;;;;;;;;;;249;;
PRE;07.08.2013 00:00;;;;;;;;;;;;;;2.5;21.9;9;78.8;20.4;73.4;;;;;;;;;;;;;;295;;
PRE;08.08.2013 00:00;;;;;;;;;;;;;;2.5;7.2;9;25.9;7.1;25.6;;;;;;;;;;;;;;15;;
PRE;09.08.2013 00:00;;;;;;;;;;;;;;2.6;9.4;9.4;33.8;9.1;32.8;;;;;;;;;;;;;;5;;
PRE;10.08.2013 00:00;;;;;;;;;;;;;;2.1;5.8;7.6;20.9;5.5;19.8;;;;;;;;;;;;;;360;;
PRE;11.08.2013 00:00;;;;;;;;;;;;;;1.9;4.8;6.8;17.3;4.6;16.6;;;;;;;;;;;;;;315;;
PRE;12.08.2013 00:00;;;;;;;;;;;;;;2.1;6.9;7.6;24.8;6.8;24.5;;;;;;;;;;;;;;243;;
PRE;13.08.2013 00:00;;;;;;;;;;;;;;3.4;10.2;12.2;36.7;9.8;35.3;;;;;;;;;;;;;;40;;
PRE;14.08.2013 00:00;;;;;;;;;;;;;;5.4;13.4;19.4;48.2;12.9;46.4;;;;;;;;;;;;;;25;;
PRE;15.08.2013 00:00;;;;;;;;;;;;;;4;9.9;14.4;35.6;9.4;33.8;;;;;;;;;;;;;;16;;
PRE;16.08.2013 00:00;;;;;;;;;;;;;;1.8;5.1;6.5;18.4;4.9;17.6;;;;;;;;;;;;;;243;;
PRE;17.08.2013 00:00;;;;;;;;;;;;;;1.7;4.5;6.1;16.2;4.4;15.8;;;;;;;;;;;;;;254;;
PRE;18.08.2013 00:00;;;;;;;;;;;;;;2.1;7.9;7.6;28.4;7.6;27.4;;;;;;;;;;;;;;243;;
PRE;19.08.2013 00:00;;;;;;;;;;;;;;3.6;12.3;13;44.3;11.8;42.5;;;;;;;;;;;;;;297;;
PRE;20.08.2013 00:00;;;;;;;;;;;;;;6.8;14.2;24.5;51.1;13.9;50;;;;;;;;;;;;;;20;;
PRE;21.08.2013 00:00;;;;;;;;;;;;;;4.4;13;15.8;46.8;12.7;45.7;;;;;;;;;;;;;;30;;
PRE;22.08.2013 00:00;;;;;;;;;;;;;;2.8;9.1;10.1;32.8;8.9;32;;;;;;;;;;;;;;23;;
PRE;23.08.2013 00:00;;;;;;;;;;;;;;1.8;4.9;6.5;17.6;4.7;16.9;;;;;;;;;;;;;;239;;
PRE;24.08.2013 00:00;;;;;;;;;;;;;;1.7;12.1;6.1;43.6;11.7;42.1;;;;;;;;;;;;;;279;;
PRE;25.08.2013 00:00;;;;;;;;;;;;;;2.7;7.4;9.7;26.6;7.3;26.3;;;;;;;;;;;;;;9;;
PRE;26.08.2013 00:00;;;;;;;;;;;;;;1.7;6.1;6.1;22;6;21.6;;;;;;;;;;;;;;256;;
PRE;27.08.2013 00:00;;;;;;;;;;;;;;2.3;6.7;8.3;24.1;6.6;23.8;;;;;;;;;;;;;;240;;
PRE;28.08.2013 00:00;;;;;;;;;;;;;;3.7;11.9;13.3;42.8;11.5;41.4;;;;;;;;;;;;;;14;;
PRE;29.08.2013 00:00;;;;;;;;;;;;;;3.6;9.9;13;35.6;9.4;33.8;;;;;;;;;;;;;;27;;
PRE;30.08.2013 00:00;;;;;;;;;;;;;;2.1;5.7;7.6;20.5;5.5;19.8;;;;;;;;;;;;;;270;;
PRE;31.08.2013 00:00;;;;;;;;;;;;;;2.2;8;7.9;28.8;7.8;28.1;;;;;;;;;;;;;;342;;
PRE;01.09.2013 00:00;;;;;;;;;;;;;;4.3;10.6;15.5;38.2;10.3;37.1;;;;;;;;;;;;;;13;;
PRE;02.09.2013 00:00;;;;;;;;;;;;;;4.8;11.5;17.3;41.4;11.3;40.7;;;;;;;;;;;;;;31;;
PRE;03.09.2013 00:00;;;;;;;;;;;;;;3;8.7;10.8;31.3;8.5;30.6;;;;;;;;;;;;;;30;;
PRE;04.09.2013 00:00;;;;;;;;;;;;;;1.5;3.8;5.4;13.7;3.7;13.3;;;;;;;;;;;;;;225;;
PRE;05.09.2013 00:00;;;;;;;;;;;;;;1.5;4.3;5.4;15.5;4.1;14.8;;;;;;;;;;;;;;297;;
PRE;06.09.2013 00:00;;;;;;;;;;;;;;1.9;15.2;6.8;54.7;14.6;52.6;;;;;;;;;;;;;;153;;
PRE;07.09.2013 00:00;;;;;;;;;;;;;;1.8;17.8;6.5;64.1;17;61.2;;;;;;;;;;;;;;236;;
PRE;08.09.2013 00:00;;;;;;;;;;;;;;2.5;9.3;9;33.5;9.2;33.1;;;;;;;;;;;;;;227;;
PRE;09.09.2013 00:00;;;;;;;;;;;;;;4.3;11.5;15.5;41.4;11.1;40;;;;;;;;;;;;;;233;;
PRE;10.09.2013 00:00;;;;;;;;;;;;;;4;12.8;14.4;46.1;11.9;42.8;;;;;;;;;;;;;;252;;
PRE;11.09.2013 00:00;;;;;;;;;;;;;;2.3;8.3;8.3;29.9;7.8;28.1;;;;;;;;;;;;;;264;;
PRE;12.09.2013 00:00;;;;;;;;;;;;;;2.3;7.6;8.3;27.4;7.4;26.6;;;;;;;;;;;;;;262;;
PRE;13.09.2013 00:00;;;;;;;;;;;;;;1.5;4.5;5.4;16.2;4.3;15.5;;;;;;;;;;;;;;261;;
PRE;14.09.2013 00:00;;;;;;;;;;;;;;1.8;6.1;6.5;22;6.1;22;;;;;;;;;;;;;;214;;
PRE;15.09.2013 00:00;;;;;;;;;;;;;;4.4;11.5;15.8;41.4;11.1;40;;;;;;;;;;;;;;236;;
PRE;16.09.2013 00:00;;;;;;;;;;;;;;4.8;14.7;17.3;52.9;14.4;51.8;;;;;;;;;;;;;;246;;
PRE;17.09.2013 00:00;;;;;;;;;;;;;;6.2;15.8;22.3;56.9;15.5;55.8;;;;;;;;;;;;;;233;;
PRE;18.09.2013 00:00;;;;;;;;;;;;;;6.9;16.8;24.8;60.5;15.6;56.2;;;;;;;;;;;;;;245;;
PRE;19.09.2013 00:00;;;;;;;;;;;;;;2;8.1;7.2;29.2;8;28.8;;;;;;;;;;;;;;211;;
PRE;20.09.2013 00:00;;;;;;;;;;;;;;1.9;5.2;6.8;18.7;5;18;;;;;;;;;;;;;;259;;
PRE;21.09.2013 00:00;;;;;;;;;;;;;;4;9.8;14.4;35.3;9.4;33.8;;;;;;;;;;;;;;22;;
PRE;22.09.2013 00:00;;;;;;;;;;;;;;3.2;7.9;11.5;28.4;7.6;27.4;;;;;;;;;;;;;;34;;
PRE;23.09.2013 00:00;;;;;;;;;;;;;;3.4;10.7;12.2;38.5;10.1;36.4;;;;;;;;;;;;;;20;;
PRE;24.09.2013 00:00;;;;;;;;;;;;;;1.3;3.4;4.7;12.2;3.3;11.9;;;;;;;;;;;;;;11;;
PRE;25.09.2013 00:00;;;;;;;;;;;;;;1.6;5.8;5.8;20.9;5.7;20.5;;;;;;;;;;;;;;219;;
PRE;26.09.2013 00:00;;;;;;;;;;;;;;1.7;5.6;6.1;20.2;5.5;19.8;;;;;;;;;;;;;;194;;
PRE;27.09.2013 00:00;;;;;;;;;;;;;;1.1;2.8;4;10.1;2.7;9.7;;;;;;;;;;;;;;333;;
PRE;28.09.2013 00:00;;;;;;;;;;;;;;1.7;8.1;6.1;29.2;7.9;28.4;;;;;;;;;;;;;;346;;
PRE;29.09.2013 00:00;;;;;;;;;;;;;;2.7;12.1;9.7;43.6;11.9;42.8;;;;;;;;;;;;;;360;;
PRE;30.09.2013 00:00;;;;;;;;;;;;;;2.1;5.5;7.6;19.8;5.5;19.8;;;;;;;;;;;;;;352;;
PRE;01.10.2013 00:00;;;;;;;;;;;;;;2.6;7.6;9.4;27.4;7.4;26.6;;;;;;;;;;;;;;7;;
PRE;02.10.2013 00:00;;;;;;;;;;;;;;4.6;11.1;16.6;40;11;39.6;;;;;;;;;;;;;;11;;
PRE;03.10.2013 00:00;;;;;;;;;;;;;;2.7;9.3;9.7;33.5;9.2;33.1;;;;;;;;;;;;;;357;;
PRE;04.10.2013 00:00;;;;;;;;;;;;;;1.7;7.8;6.1;28.1;7.5;27;;;;;;;;;;;;;;279;;
PRE;05.10.2013 00:00;;;;;;;;;;;;;;3.4;14.5;12.2;52.2;14.2;51.1;;;;;;;;;;;;;;243;;
PRE;06.10.2013 00:00;;;;;;;;;;;;;;3.7;10.1;13.3;36.4;9.8;35.3;;;;;;;;;;;;;;24;;
PRE;07.10.2013 00:00;;;;;;;;;;;;;;4.9;12.2;17.6;43.9;11.9;42.8;;;;;;;;;;;;;;17;;
PRE;08.10.2013 00:00;;;;;;;;;;;;;;3.6;7.3;13;26.3;7.2;25.9;;;;;;;;;;;;;;17;;
PRE;09.10.2013 00:00;;;;;;;;;;;;;;2.3;6.2;8.3;22.3;6.1;22;;;;;;;;;;;;;;13;;
PRE;10.10.2013 00:00;;;;;;;;;;;;;;3.9;13.1;14;47.2;12.6;45.4;;;;;;;;;;;;;;248;;
PRE;11.10.2013 00:00;;;;;;;;;;;;;;3.3;9.3;11.9;33.5;9.2;33.1;;;;;;;;;;;;;;248;;
PRE;12.10.2013 00:00;;;;;;;;;;;;;;1.9;7.9;6.8;28.4;7.6;27.4;;;;;;;;;;;;;;264;;
PRE;13.10.2013 00:00;;;;;;;;;;;;;;2.4;7.1;8.6;25.6;6.9;24.8;;;;;;;;;;;;;;235;;
PRE;14.10.2013 00:00;;;;;;;;;;;;;;1.8;6.6;6.5;23.8;6.6;23.8;;;;;;;;;;;;;;225;;
PRE;15.10.2013 00:00;;;;;;;;;;;;;;5.4;15.3;19.4;55.1;15.2;54.7;;;;;;;;;;;;;;248;;
PRE;16.10.2013 00:00;;;;;;;;;;;;;;3.2;12.4;11.5;44.6;11.7;42.1;;;;;;;;;;;;;;243;;
PRE;17.10.2013 00:00;;;;;;;;;;;;;;1.9;8.4;6.8;30.2;8.2;29.5;;;;;;;;;;;;;;293;;
PRE;18.10.2013 00:00;;;;;;;;;;;;;;2.8;8.1;10.1;29.2;8;28.8;;;;;;;;;;;;;;3;;
PRE;19.10.2013 00:00;;;;;;;;;;;;;;1.2;3.3;4.3;11.9;3.3;11.9;;;;;;;;;;;;;;27;;
PRE;20.10.2013 00:00;;;;;;;;;;;;;;2.1;9.3;7.6;33.5;9;32.4;;;;;;;;;;;;;;238;;
PRE;21.10.2013 00:00;;;;;;;;;;;;;;1;3.2;3.6;11.5;3.1;11.2;;;;;;;;;;;;;;326;;
PRE;22.10.2013 00:00;;;;;;;;;;;;;;1.3;4.1;4.7;14.8;4;14.4;;;;;;;;;;;;;;288;;
PRE;23.10.2013 00:00;;;;;;;;;;;;;;2;11.1;7.2;40;10.9;39.2;;;;;;;;;;;;;;270;;
PRE;24.10.2013 00:00;;;;;;;;;;;;;;1.5;7.2;5.4;25.9;5;18;;;;;;;;;;;;;;315;;
PRE;25.10.2013 00:00;;;;;;;;;;;;;;1.1;3.1;4;11.2;2.9;10.4;;;;;;;;;;;;;;307;;
PRE;26.10.2013 00:00;;;;;;;;;;;;;;1.1;3.4;4;12.2;3.3;11.9;;;;;;;;;;;;;;360;;
PRE;27.10.2013 00:00;;;;;;;;;;;;;;5.4;16.9;19.4;60.8;15.3;55.1;;;;;;;;;;;;;;238;;
PRE;28.10.2013 00:00;;;;;;;;;;;;;;5.9;16.6;21.2;59.8;16.2;58.3;;;;;;;;;;;;;;237;;
PRE;29.10.2013 00:00;;;;;;;;;;;;;;1.7;7.9;6.1;28.4;7.5;27;;;;;;;;;;;;;;249;;
PRE;30.10.2013 00:00;;;;;;;;;;;;;;4;12.1;14.4;43.6;11.5;41.4;;;;;;;;;;;;;;19;;
PRE;31.10.2013 00:00;;;;;;;;;;;;;;2.3;7.3;8.3;26.3;7;25.2;;;;;;;;;;;;;;3;;
PRE;01.11.2013 00:00;;;;;;;;;;;;;;1.2;9.9;4.3;35.6;9.6;34.6;;;;;;;;;;;;;;301;;
PRE;02.11.2013 00:00;;;;;;;;;;;;;;6.5;15.4;23.4;55.4;14.4;51.8;;;;;;;;;;;;;;241;;
PRE;03.11.2013 00:00;;;;;;;;;;;;;;5.6;15.9;20.2;57.2;15.1;54.4;;;;;;;;;;;;;;238;;
PRE;04.11.2013 00:00;;;;;;;;;;;;;;6.1;13;22;46.8;12.7;45.7;;;;;;;;;;;;;;246;;
PRE;05.11.2013 00:00;;;;;;;;;;;;;;5.6;14.6;20.2;52.6;14.2;51.1;;;;;;;;;;;;;;248;;
PRE;06.11.2013 00:00;;;;;;;;;;;;;;6.2;21.1;22.3;76;20.4;73.4;;;;;;;;;;;;;;242;;
PRE;07.11.2013 00:00;;;;;;;;;;;;;;2.4;12;8.6;43.2;11.7;42.1;;;;;;;;;;;;;;246;;
PRE;08.11.2013 00:00;;;;;;;;;;;;;;2.1;14.5;7.6;52.2;14.1;50.8;;;;;;;;;;;;;;222;;
PRE;09.11.2013 00:00;;;;;;;;;;;;;;4.6;13.6;16.6;49;13.4;48.2;;;;;;;;;;;;;;240;;
PRE;10.11.2013 00:00;;;;;;;;;;;;;;6;20.6;21.6;74.2;20.1;72.4;;;;;;;;;;;;;;255;;
PRE;11.11.2013 00:00;;;;;;;;;;;;;;7.8;19.6;28.1;70.6;18.8;67.7;;;;;;;;;;;;;;28;;
PRE;12.11.2013 00:00;;;;;;;;;;;;;;3.6;11.9;13;42.8;11.5;41.4;;;;;;;;;;;;;;27;;
PRE;13.11.2013 00:00;;;;;;;;;;;;;;6.8;16.8;24.5;60.5;16.5;59.4;;;;;;;;;;;;;;32;;
PRE;14.11.2013 00:00;;;;;;;;;;;;;;3.5;9.6;12.6;34.6;9.5;34.2;;;;;;;;;;;;;;250;;
PRE;15.11.2013 00:00;;;;;;;;;;;;;;7.9;21.8;28.4;78.5;20.7;74.5;;;;;;;;;;;;;;28;;
PRE;16.11.2013 00:00;;;;;;;;;;;;;;4;10.1;14.4;36.4;9.6;34.6;;;;;;;;;;;;;;20;;
PRE;17.11.2013 00:00;;;;;;;;;;;;;;1.9;5.7;6.8;20.5;5.6;20.2;;;;;;;;;;;;;;345;;
PRE;18.11.2013 00:00;;;;;;;;;;;;;;3.5;8.4;12.6;30.2;8.3;29.9;;;;;;;;;;;;;;7;;
PRE;19.11.2013 00:00;;;;;;;;;;;;;;2.3;8.2;8.3;29.5;8;28.8;;;;;;;;;;;;;;4;;
PRE;20.11.2013 00:00;;;;;;;;;;;;;;2.7;11.8;9.7;42.5;11.6;41.8;;;;;;;;;;;;;;246;;
PRE;21.11.2013 00:00;;;;;;;;;;;;;;3.7;12;13.3;43.2;11.3;40.7;;;;;;;;;;;;;;261;;
PRE;22.11.2013 00:00;;;;;;;;;;;;;;2.6;10;9.4;36;9.7;34.9;;;;;;;;;;;;;;22;;
PRE;23.11.2013 00:00;;;;;;;;;;;;;;8.3;19.5;29.9;70.2;19.3;69.5;;;;;;;;;;;;;;36;;
PRE;24.11.2013 00:00;;;;;;;;;;;;;;10.4;20.9;37.4;75.2;20.6;74.2;;;;;;;;;;;;;;28;;
PRE;25.11.2013 00:00;;;;;;;;;;;;;;9.5;19.3;34.2;69.5;18.5;66.6;;;;;;;;;;;;;;22;;
PRE;26.11.2013 00:00;;;;;;;;;;;;;;10.2;21.7;36.7;78.1;20.1;72.4;;;;;;;;;;;;;;25;;
PRE;27.11.2013 00:00;;;;;;;;;;;;;;7.3;19.1;26.3;68.8;18.7;67.3;;;;;;;;;;;;;;22;;
PRE;28.11.2013 00:00;;;;;;;;;;;;;;5.2;11.1;18.7;40;10.9;39.2;;;;;;;;;;;;;;27;;
PRE;29.11.2013 00:00;;;;;;;;;;;;;;2.7;8.5;9.7;30.6;8.1;29.2;;;;;;;;;;;;;;225;;
PRE;30.11.2013 00:00;;;;;;;;;;;;;;7;18.7;25.2;67.3;17.9;64.4;;;;;;;;;;;;;;23;;
PRE;01.12.2013 00:00;;;;;;;;;;;;;;9.3;20.9;33.5;75.2;20.6;74.2;;;;;;;;;;;;;;44;;
PRE;02.12.2013 00:00;;;;;;;;;;;;;;6.1;21.4;22;77;19.2;69.1;;;;;;;;;;;;;;43;;
PRE;03.12.2013 00:00;;;;;;;;;;;;;;1.4;3.4;5;12.2;3.3;11.9;;;;;;;;;;;;;;322;;
PRE;04.12.2013 00:00;;;;;;;;;;;;;;1.6;8.3;5.8;29.9;8.1;29.2;;;;;;;;;;;;;;315;;
PRE;05.12.2013 00:00;;;;;;;;;;;;;;3.6;11.3;13;40.7;11;39.6;;;;;;;;;;;;;;342;;
PRE;06.12.2013 00:00;;;;;;;;;;;;;;3.5;9.7;12.6;34.9;9.3;33.5;;;;;;;;;;;;;;257;;
PRE;07.12.2013 00:00;;;;;;;;;;;;;;4;10.9;14.4;39.2;10.2;36.7;;;;;;;;;;;;;;19;;
PRE;08.12.2013 00:00;;;;;;;;;;;;;;1.4;3.6;5;13;3.5;12.6;;;;;;;;;;;;;;328;;
PRE;09.12.2013 00:00;;;;;;;;;;;;;;1.4;4.3;5;15.5;4.3;15.5;;;;;;;;;;;;;;338;;
PRE;10.12.2013 00:00;;;;;;;;;;;;;;1.3;3.9;4.7;14;3.8;13.7;;;;;;;;;;;;;;324;;
PRE;11.12.2013 00:00;;;;;;;;;;;;;;1.5;4.1;5.4;14.8;4.1;14.8;;;;;;;;;;;;;;343;;
PRE;12.12.2013 00:00;;;;;;;;;;;;;;1.6;5.8;5.8;20.9;5.7;20.5;;;;;;;;;;;;;;333;;
PRE;13.12.2013 00:00;;;;;;;;;;;;;;1.7;4;6.1;14.4;3.9;14;;;;;;;;;;;;;;340;;
PRE;14.12.2013 00:00;;;;;;;;;;;;;;1.5;5.5;5.4;19.8;5.3;19.1;;;;;;;;;;;;;;319;;
PRE;15.12.2013 00:00;;;;;;;;;;;;;;1.4;4.3;5;15.5;4.2;15.1;;;;;;;;;;;;;;294;;
PRE;16.12.2013 00:00;;;;;;;;;;;;;;1.3;3.4;4.7;12.2;3.3;11.9;;;;;;;;;;;;;;329;;
PRE;17.12.2013 00:00;;;;;;;;;;;;;;1.2;3.5;4.3;12.6;3.4;12.2;;;;;;;;;;;;;;337;;
PRE;18.12.2013 00:00;;;;;;;;;;;;;;1;2.9;3.6;10.4;2.8;10.1;;;;;;;;;;;;;;337;;
PRE;19.12.2013 00:00;;;;;;;;;;;;;;2.1;9.4;7.6;33.8;9.3;33.5;;;;;;;;;;;;;;270;;
PRE;20.12.2013 00:00;;;;;;;;;;;;;;1.6;6.4;5.8;23;6.3;22.7;;;;;;;;;;;;;;346;;
PRE;21.12.2013 00:00;;;;;;;;;;;;;;1.4;4.5;5;16.2;4.4;15.8;;;;;;;;;;;;;;304;;
PRE;22.12.2013 00:00;;;;;;;;;;;;;;4.8;14.6;17.3;52.6;13.1;47.2;;;;;;;;;;;;;;235;;
PRE;23.12.2013 00:00;;;;;;;;;;;;;;4.8;12.3;17.3;44.3;11.6;41.8;;;;;;;;;;;;;;234;;
PRE;24.12.2013 00:00;;;;;;;;;;;;;;7.8;19.3;28.1;69.5;18.3;65.9;;;;;;;;;;;;;;231;;
PRE;25.12.2013 00:00;;;;;;;;;;;;;;4.9;21.3;17.6;76.7;19.8;71.3;;;;;;;;;;;;;;258;;
PRE;26.12.2013 00:00;;;;;;;;;;;;;;2.4;7.9;8.6;28.4;7.7;27.7;;;;;;;;;;;;;;267;;
PRE;27.12.2013 00:00;;;;;;;;;;;;;;2;6.7;7.2;24.1;6.5;23.4;;;;;;;;;;;;;;249;;
PRE;28.12.2013 00:00;;;;;;;;;;;;;;2.9;15.1;10.4;54.4;14.2;51.1;;;;;;;;;;;;;;263;;
PRE;29.12.2013 00:00;;;;;;;;;;;;;;2.9;7.9;10.4;28.4;7.5;27;;;;;;;;;;;;;;252;;
PRE;30.12.2013 00:00;;;;;;;;;;;;;;1.5;4.7;5.4;16.9;4.6;16.6;;;;;;;;;;;;;;326;;
PRE;31.12.2013 00:00;;;;;;;;;;;;;;1.2;4.7;4.3;16.9;4.6;16.6;;;;;;;;;;;;;;306;;
PRE;01.01.2014 00:00;;;;;;;;;;;;;;1.8;8.8;6.5;31.7;8.7;31.3;;;;;;;;;;;;;;233;;
PRE;02.01.2014 00:00;;;;;;;;;;;;;;2.3;11.2;8.3;40.3;10.9;39.2;;;;;;;;;;;;;;246;;
PRE;03.01.2014 00:00;;;;;;;;;;;;;;2.1;10.1;7.6;36.4;9.7;34.9;;;;;;;;;;;;;;222;;
PRE;04.01.2014 00:00;;;;;;;;;;;;;;1.6;8.3;5.8;29.9;8.1;29.2;;;;;;;;;;;;;;339;;
PRE;05.01.2014 00:00;;;;;;;;;;;;;;3.7;13.7;13.3;49.3;12.9;46.4;;;;;;;;;;;;;;238;;
PRE;06.01.2014 00:00;;;;;;;;;;;;;;1.2;4.6;4.3;16.6;4.4;15.8;;;;;;;;;;;;;;257;;
PRE;07.01.2014 00:00;;;;;;;;;;;;;;1.1;5.1;4;18.4;4.8;17.3;;;;;;;;;;;;;;117;;
PRE;08.01.2014 00:00;;;;;;;;;;;;;;1;4.4;3.6;15.8;4.3;15.5;;;;;;;;;;;;;;45;;
PRE;09.01.2014 00:00;;;;;;;;;;;;;;3.6;10.6;13;38.2;10.4;37.4;;;;;;;;;;;;;;221;;
PRE;10.01.2014 00:00;;;;;;;;;;;;;;3.3;8.7;11.9;31.3;8.5;30.6;;;;;;;;;;;;;;333;;
PRE;11.01.2014 00:00;;;;;;;;;;;;;;1.7;5.3;6.1;19.1;5.2;18.7;;;;;;;;;;;;;;342;;
PRE;12.01.2014 00:00;;;;;;;;;;;;;;2.5;8.1;9;29.2;7.7;27.7;;;;;;;;;;;;;;23;;
PRE;13.01.2014 00:00;;;;;;;;;;;;;;0.9;3.4;3.2;12.2;3.3;11.9;;;;;;;;;;;;;;225;;
PRE;14.01.2014 00:00;;;;;;;;;;;;;;3;8.9;10.8;32;8.5;30.6;;;;;;;;;;;;;;238;;
PRE;15.01.2014 00:00;;;;;;;;;;;;;;1.9;5.6;6.8;20.2;5.4;19.4;;;;;;;;;;;;;;249;;
PRE;16.01.2014 00:00;;;;;;;;;;;;;;1.3;4.9;4.7;17.6;4.8;17.3;;;;;;;;;;;;;;353;;
PRE;17.01.2014 00:00;;;;;;;;;;;;;;1.5;4.8;5.4;17.3;4.7;16.9;;;;;;;;;;;;;;338;;
PRE;18.01.2014 00:00;;;;;;;;;;;;;;2.6;6.8;9.4;24.5;6.7;24.1;;;;;;;;;;;;;;360;;
PRE;19.01.2014 00:00;;;;;;;;;;;;;;1.4;5.9;5;21.2;5.8;20.9;;;;;;;;;;;;;;360;;
PRE;20.01.2014 00:00;;;;;;;;;;;;;;3;10.8;10.8;38.9;10.5;37.8;;;;;;;;;;;;;;234;;
PRE;21.01.2014 00:00;;;;;;;;;;;;;;1.3;5.3;4.7;19.1;5.2;18.7;;;;;;;;;;;;;;18;;
PRE;22.01.2014 00:00;;;;;;;;;;;;;;2.2;6.1;7.9;22;5.9;21.2;;;;;;;;;;;;;;360;;
PRE;23.01.2014 00:00;;;;;;;;;;;;;;3.8;14.3;13.7;51.5;13.9;50;;;;;;;;;;;;;;238;;
PRE;24.01.2014 00:00;;;;;;;;;;;;;;3.4;11.8;12.2;42.5;11.4;41;;;;;;;;;;;;;;356;;
PRE;25.01.2014 00:00;;;;;;;;;;;;;;2.9;11.5;10.4;41.4;11.2;40.3;;;;;;;;;;;;;;16;;
PRE;26.01.2014 00:00;;;;;;;;;;;;;;4.9;14.6;17.6;52.6;14;50.4;;;;;;;;;;;;;;239;;
PRE;27.01.2014 00:00;;;;;;;;;;;;;;4.7;16.8;16.9;60.5;15.4;55.4;;;;;;;;;;;;;;238;;
PRE;28.01.2014 00:00;;;;;;;;;;;;;;2;6.8;7.2;24.5;6.7;24.1;;;;;;;;;;;;;;315;;
PRE;29.01.2014 00:00;;;;;;;;;;;;;;3.1;9;11.2;32.4;8.8;31.7;;;;;;;;;;;;;;4;;
PRE;30.01.2014 00:00;;;;;;;;;;;;;;2.9;8;10.4;28.8;7.7;27.7;;;;;;;;;;;;;;8;;
PRE;31.01.2014 00:00;;;;;;;;;;;;;;1.9;6.2;6.8;22.3;6.1;22;;;;;;;;;;;;;;349;;
PRE;01.02.2014 00:00;;;;;;;;;;;;;;2.2;9.8;7.9;35.3;9.3;33.5;;;;;;;;;;;;;;266;;
PRE;02.02.2014 00:00;;;;;;;;;;;;;;2.9;9;10.4;32.4;8.8;31.7;;;;;;;;;;;;;;31;;
PRE;03.02.2014 00:00;;;;;;;;;;;;;;2.6;8.6;9.4;31;8.5;30.6;;;;;;;;;;;;;;28;;
PRE;04.02.2014 00:00;;;;;;;;;;;;;;1.8;7.4;6.5;26.6;7.1;25.6;;;;;;;;;;;;;;16;;
PRE;05.02.2014 00:00;;;;;;;;;;;;;;2.5;10;9;36;9.4;33.8;;;;;;;;;;;;;;232;;
PRE;06.02.2014 00:00;;;;;;;;;;;;;;2.7;7.9;9.7;28.4;7.6;27.4;;;;;;;;;;;;;;220;;
PRE;07.02.2014 00:00;;;;;;;;;;;;;;4.1;15.6;14.8;56.2;15.1;54.4;;;;;;;;;;;;;;240;;
PRE;08.02.2014 00:00;;;;;;;;;;;;;;4.1;14.4;14.8;51.8;14;50.4;;;;;;;;;;;;;;233;;
PRE;09.02.2014 00:00;;;;;;;;;;;;;;5.9;18.7;21.2;67.3;17.8;64.1;;;;;;;;;;;;;;234;;
PRE;10.02.2014 00:00;;;;;;;;;;;;;;4.7;13;16.9;46.8;12.6;45.4;;;;;;;;;;;;;;292;;
PRE;11.02.2014 00:00;;;;;;;;;;;;;;2.4;8.2;8.6;29.5;8;28.8;;;;;;;;;;;;;;227;;
PRE;12.02.2014 00:00;;;;;;;;;;;;;;3.3;14.8;11.9;53.3;14.6;52.6;;;;;;;;;;;;;;234;;
PRE;13.02.2014 00:00;;;;;;;;;;;;;;7.7;30.4;27.7;109.4;29.6;106.6;;;;;;;;;;;;;;237;;
PRE;14.02.2014 00:00;;;;;;;;;;;;;;2.8;10.4;10.1;37.4;10.3;37.1;;;;;;;;;;;;;;239;;
PRE;15.02.2014 00:00;;;;;;;;;;;;;;2.3;15.6;8.3;56.2;14.9;53.6;;;;;;;;;;;;;;255;;
PRE;16.02.2014 00:00;;;;;;;;;;;;;;1.8;6.6;6.5;23.8;6.4;23;;;;;;;;;;;;;;241;;
PRE;17.02.2014 00:00;;;;;;;;;;;;;;1.8;6.1;6.5;22;5.9;21.2;;;;;;;;;;;;;;360;;
PRE;18.02.2014 00:00;;;;;;;;;;;;;;1.1;3.5;4;12.6;3.4;12.2;;;;;;;;;;;;;;333;;
PRE;19.02.2014 00:00;;;;;;;;;;;;;;1.1;3.7;4;13.3;3.7;13.3;;;;;;;;;;;;;;315;;
PRE;20.02.2014 00:00;;;;;;;;;;;;;;1.5;6.2;5.4;22.3;6;21.6;;;;;;;;;;;;;;256;;
PRE;21.02.2014 00:00;;;;;;;;;;;;;;2.6;9.7;9.4;34.9;9.4;33.8;;;;;;;;;;;;;;234;;
PRE;22.02.2014 00:00;;;;;;;;;;;;;;3.4;12;12.2;43.2;11.9;42.8;;;;;;;;;;;;;;240;;
PRE;23.02.2014 00:00;;;;;;;;;;;;;;2.1;6.2;7.6;22.3;6.1;22;;;;;;;;;;;;;;25;;
PRE;24.02.2014 00:00;;;;;;;;;;;;;;1.4;3.4;5;12.2;3.2;11.5;;;;;;;;;;;;;;346;;
PRE;25.02.2014 00:00;;;;;;;;;;;;;;1.5;7.8;5.4;28.1;7.6;27.4;;;;;;;;;;;;;;297;;
PRE;26.02.2014 00:00;;;;;;;;;;;;;;2.8;7.7;10.1;27.7;7.5;27;;;;;;;;;;;;;;246;;
PRE;27.02.2014 00:00;;;;;;;;;;;;;;3.8;17.6;13.7;63.4;17.2;61.9;;;;;;;;;;;;;;234;;
PRE;28.02.2014 00:00;;;;;;;;;;;;;;5.1;13.7;18.4;49.3;13.5;48.6;;;;;;;;;;;;;;243;;
PRE;01.03.2014 00:00;;;;;;;;;;;;;;2.8;6.7;10.1;24.1;6.5;23.4;;;;;;;;;;;;;;252;;
PRE;02.03.2014 00:00;;;;;;;;;;;;;;4.1;11.1;14.8;40;10.8;38.9;;;;;;;;;;;;;;11;;
PRE;03.03.2014 00:00;;;;;;;;;;;;;;3.4;14.5;12.2;52.2;13.6;49;;;;;;;;;;;;;;247;;
PRE;04.03.2014 00:00;;;;;;;;;;;;;;2.5;7.8;9;28.1;7.6;27.4;;;;;;;;;;;;;;29;;
PRE;05.03.2014 00:00;;;;;;;;;;;;;;6.5;15;23.4;54;14.7;52.9;;;;;;;;;;;;;;21;;
PRE;06.03.2014 00:00;;;;;;;;;;;;;;7;14.6;25.2;52.6;14.1;50.8;;;;;;;;;;;;;;20;;
PRE;07.03.2014 00:00;;;;;;;;;;;;;;1.9;8.2;6.8;29.5;7.9;28.4;;;;;;;;;;;;;;34;;
PRE;08.03.2014 00:00;;;;;;;;;;;;;;5.8;14.1;20.9;50.8;13.8;49.7;;;;;;;;;;;;;;23;;
PRE;09.03.2014 00:00;;;;;;;;;;;;;;1;2.9;3.6;10.4;2.8;10.1;;;;;;;;;;;;;;225;;
PRE;10.03.2014 00:00;;;;;;;;;;;;;;2.5;10.2;9;36.7;9.8;35.3;;;;;;;;;;;;;;7;;
PRE;11.03.2014 00:00;;;;;;;;;;;;;;4.8;11.6;17.3;41.8;11.5;41.4;;;;;;;;;;;;;;28;;
PRE;12.03.2014 00:00;;;;;;;;;;;;;;1.6;8.6;5.8;31;8.5;30.6;;;;;;;;;;;;;;14;;
PRE;13.03.2014 00:00;;;;;;;;;;;;;;1.4;3.5;5;12.6;3.4;12.2;;;;;;;;;;;;;;326;;
PRE;14.03.2014 00:00;;;;;;;;;;;;;;1.3;3.8;4.7;13.7;3.7;13.3;;;;;;;;;;;;;;288;;
PRE;15.03.2014 00:00;;;;;;;;;;;;;;2.4;12.5;8.6;45;11.8;42.5;;;;;;;;;;;;;;355;;
PRE;16.03.2014 00:00;;;;;;;;;;;;;;1.5;4.5;5.4;16.2;4.3;15.5;;;;;;;;;;;;;;360;;
PRE;17.03.2014 00:00;;;;;;;;;;;;;;1.4;3.8;5;13.7;3.7;13.3;;;;;;;;;;;;;;338;;
PRE;18.03.2014 00:00;;;;;;;;;;;;;;2.5;13.9;9;50;13.1;47.2;;;;;;;;;;;;;;279;;
PRE;19.03.2014 00:00;;;;;;;;;;;;;;3.9;12.3;14;44.3;11.7;42.1;;;;;;;;;;;;;;33;;
PRE;20.03.2014 00:00;;;;;;;;;;;;;;2;7.7;7.2;27.7;7.6;27.4;;;;;;;;;;;;;;360;;
PRE;21.03.2014 00:00;;;;;;;;;;;;;;5.7;12.2;20.5;43.9;11.5;41.4;;;;;;;;;;;;;;232;;
PRE;22.03.2014 00:00;;;;;;;;;;;;;;4.3;14.9;15.5;53.6;14.2;51.1;;;;;;;;;;;;;;236;;
PRE;23.03.2014 00:00;;;;;;;;;;;;;;2;5.3;7.2;19.1;5.2;18.7;;;;;;;;;;;;;;203;;
PRE;24.03.2014 00:00;;;;;;;;;;;;;;2.3;7.6;8.3;27.4;7.1;25.6;;;;;;;;;;;;;;245;;
PRE;25.03.2014 00:00;;;;;;;;;;;;;;2.5;7.8;9;28.1;7.6;27.4;;;;;;;;;;;;;;20;;
PRE;26.03.2014 00:00;;;;;;;;;;;;;;4.6;10.3;16.6;37.1;9.9;35.6;;;;;;;;;;;;;;15;;
PRE;27.03.2014 00:00;;;;;;;;;;;;;;2.2;6.2;7.9;22.3;6.1;22;;;;;;;;;;;;;;333;;
PRE;28.03.2014 00:00;;;;;;;;;;;;;;1.5;3.8;5.4;13.7;3.8;13.7;;;;;;;;;;;;;;270;;
PRE;29.03.2014 00:00;;;;;;;;;;;;;;2;7.7;7.2;27.7;7.2;25.9;;;;;;;;;;;;;;342;;
PRE;30.03.2014 00:00;;;;;;;;;;;;;;1.5;5.2;5.4;18.7;5.1;18.4;;;;;;;;;;;;;;342;;
PRE;31.03.2014 00:00;;;;;;;;;;;;;;1.2;3.4;4.3;12.2;3.2;11.5;;;;;;;;;;;;;;198;;
PRE;01.04.2014 00:00;;;;;;;;;;;;;;1.6;5.6;5.8;20.2;5.5;19.8;;;;;;;;;;;;;;225;;
PRE;02.04.2014 00:00;;;;;;;;;;;;;;1.5;5.1;5.4;18.4;5;18;;;;;;;;;;;;;;225;;
PRE;03.04.2014 00:00;;;;;;;;;;;;;;1.7;7.1;6.1;25.6;7;25.2;;;;;;;;;;;;;;264;;
PRE;04.04.2014 00:00;;;;;;;;;;;;;;3.1;11.7;11.2;42.1;11.4;41;;;;;;;;;;;;;;9;;
PRE;05.04.2014 00:00;;;;;;;;;;;;;;3.3;9.3;11.9;33.5;9.1;32.8;;;;;;;;;;;;;;10;;
PRE;06.04.2014 00:00;;;;;;;;;;;;;;1.8;5.4;6.5;19.4;5.3;19.1;;;;;;;;;;;;;;360;;
PRE;07.04.2014 00:00;;;;;;;;;;;;;;1.7;11.1;6.1;40;10.3;37.1;;;;;;;;;;;;;;0;;
PRE;08.04.2014 00:00;;;;;;;;;;;;;;3.9;11.5;14;41.4;11.1;40;;;;;;;;;;;;;;254;;
PRE;09.04.2014 00:00;;;;;;;;;;;;;;4.2;10.7;15.1;38.5;10.3;37.1;;;;;;;;;;;;;;29;;
PRE;10.04.2014 00:00;;;;;;;;;;;;;;3.9;9.4;14;33.8;9.1;32.8;;;;;;;;;;;;;;22;;
PRE;11.04.2014 00:00;;;;;;;;;;;;;;1.7;12.3;6.1;44.3;11.7;42.1;;;;;;;;;;;;;;297;;
PRE;12.04.2014 00:00;;;;;;;;;;;;;;1.3;3.9;4.7;14;3.8;13.7;;;;;;;;;;;;;;288;;
PRE;13.04.2014 00:00;;;;;;;;;;;;;;1.9;7.4;6.8;26.6;7.1;25.6;;;;;;;;;;;;;;7;;
PRE;14.04.2014 00:00;;;;;;;;;;;;;;2.5;11.1;9;40;10.7;38.5;;;;;;;;;;;;;;351;;
PRE;15.04.2014 00:00;;;;;;;;;;;;;;6.3;13.4;22.7;48.2;13.1;47.2;;;;;;;;;;;;;;20;;
PRE;16.04.2014 00:00;;;;;;;;;;;;;;8.1;15.7;29.2;56.5;14.8;53.3;;;;;;;;;;;;;;19;;
PRE;17.04.2014 00:00;;;;;;;;;;;;;;2.9;10.8;10.4;38.9;10.5;37.8;;;;;;;;;;;;;;25;;
PRE;18.04.2014 00:00;;;;;;;;;;;;;;2.8;13.3;10.1;47.9;12.7;45.7;;;;;;;;;;;;;;4;;
PRE;19.04.2014 00:00;;;;;;;;;;;;;;6.4;17.6;23;63.4;16.6;59.8;;;;;;;;;;;;;;18;;
PRE;20.04.2014 00:00;;;;;;;;;;;;;;2.1;9;7.6;32.4;8.7;31.3;;;;;;;;;;;;;;234;;
PRE;21.04.2014 00:00;;;;;;;;;;;;;;2.2;7.5;7.9;27;7.2;25.9;;;;;;;;;;;;;;225;;
PRE;22.04.2014 00:00;;;;;;;;;;;;;;1.7;7.8;6.1;28.1;7.7;27.7;;;;;;;;;;;;;;108;;
PRE;23.04.2014 00:00;;;;;;;;;;;;;;1.9;8.9;6.8;32;8.5;30.6;;;;;;;;;;;;;;243;;
PRE;24.04.2014 00:00;;;;;;;;;;;;;;1.6;4.7;5.8;16.9;4.6;16.6;;;;;;;;;;;;;;270;;
PRE;25.04.2014 00:00;;;;;;;;;;;;;;2.4;9.2;8.6;33.1;9.1;32.8;;;;;;;;;;;;;;225;;
PRE;26.04.2014 00:00;;;;;;;;;;;;;;2.3;12.2;8.3;43.9;11.6;41.8;;;;;;;;;;;;;;228;;
PRE;27.04.2014 00:00;;;;;;;;;;;;;;2.2;7.4;7.9;26.6;7.3;26.3;;;;;;;;;;;;;;223;;
PRE;28.04.2014 00:00;;;;;;;;;;;;;;1.9;5.4;6.8;19.4;5.2;18.7;;;;;;;;;;;;;;117;;
PRE;29.04.2014 00:00;;;;;;;;;;;;;;1.3;5.5;4.7;19.8;5.4;19.4;;;;;;;;;;;;;;90;;
PRE;30.04.2014 00:00;;;;;;;;;;;;;;2.3;9.4;8.3;33.8;9.2;33.1;;;;;;;;;;;;;;242;;
PRE;01.05.2014 00:00;;;;;;;;;;;;;;1.4;4.1;5;14.8;3.9;14;;;;;;;;;;;;;;249;;
PRE;02.05.2014 00:00;;;;;;;;;;;;;;3.1;9.7;11.2;34.9;9.2;33.1;;;;;;;;;;;;;;329;;
PRE;03.05.2014 00:00;;;;;;;;;;;;;;6.5;17.1;23.4;61.6;16.2;58.3;;;;;;;;;;;;;;29;;
PRE;04.05.2014 00:00;;;;;;;;;;;;;;7.7;17.6;27.7;63.4;16.7;60.1;;;;;;;;;;;;;;25;;
PRE;05.05.2014 00:00;;;;;;;;;;;;;;2.1;6.6;7.6;23.8;6.3;22.7;;;;;;;;;;;;;;31;;
PRE;06.05.2014 00:00;;;;;;;;;;;;;;4.2;13.6;15.1;49;13;46.8;;;;;;;;;;;;;;233;;
PRE;07.05.2014 00:00;;;;;;;;;;;;;;4.8;10.6;17.3;38.2;10.3;37.1;;;;;;;;;;;;;;238;;
PRE;08.05.2014 00:00;;;;;;;;;;;;;;3.1;9.2;11.2;33.1;9;32.4;;;;;;;;;;;;;;231;;
PRE;09.05.2014 00:00;;;;;;;;;;;;;;3.9;12.1;14;43.6;11.4;41;;;;;;;;;;;;;;245;;
PRE;10.05.2014 00:00;;;;;;;;;;;;;;3.1;12.7;11.2;45.7;11.7;42.1;;;;;;;;;;;;;;237;;
PRE;11.05.2014 00:00;;;;;;;;;;;;;;6;19.2;21.6;69.1;18.7;67.3;;;;;;;;;;;;;;241;;
PRE;12.05.2014 00:00;;;;;;;;;;;;;;3.5;12;12.6;43.2;11.5;41.4;;;;;;;;;;;;;;238;;
PRE;13.05.2014 00:00;;;;;;;;;;;;;;2.1;8.2;7.6;29.5;7.9;28.4;;;;;;;;;;;;;;187;;
PRE;14.05.2014 00:00;;;;;;;;;;;;;;2.3;14;8.3;50.4;13.5;48.6;;;;;;;;;;;;;;34;;
PRE;15.05.2014 00:00;;;;;;;;;;;;;;6.5;18.2;23.4;65.5;17.6;63.4;;;;;;;;;;;;;;26;;
PRE;16.05.2014 00:00;;;;;;;;;;;;;;10.7;25.3;38.5;91.1;24.3;87.5;;;;;;;;;;;;;;34;;
PRE;17.05.2014 00:00;;;;;;;;;;;;;;7.5;16;27;57.6;15.1;54.4;;;;;;;;;;;;;;23;;
PRE;18.05.2014 00:00;;;;;;;;;;;;;;2.4;9.2;8.6;33.1;9;32.4;;;;;;;;;;;;;;66;;
PRE;19.05.2014 00:00;;;;;;;;;;;;;;1.6;5.6;5.8;20.2;5.4;19.4;;;;;;;;;;;;;;238;;
PRE;20.05.2014 00:00;;;;;;;;;;;;;;1.4;4;5;14.4;3.9;14;;;;;;;;;;;;;;360;;
PRE;21.05.2014 00:00;;;;;;;;;;;;;;2.7;9.7;9.7;34.9;9.6;34.6;;;;;;;;;;;;;;3;;
PRE;22.05.2014 00:00;;;;;;;;;;;;;;2.5;15.6;9;56.2;14.6;52.6;;;;;;;;;;;;;;247;;
PRE;23.05.2014 00:00;;;;;;;;;;;;;;2.2;8.1;7.9;29.2;7.8;28.1;;;;;;;;;;;;;;135;;
PRE;24.05.2014 00:00;;;;;;;;;;;;;;3.4;13.6;12.2;49;13.3;47.9;;;;;;;;;;;;;;235;;
PRE;25.05.2014 00:00;;;;;;;;;;;;;;2.8;11.1;10.1;40;10.8;38.9;;;;;;;;;;;;;;360;;
PRE;26.05.2014 00:00;;;;;;;;;;;;;;1.6;11.4;5.8;41;11;39.6;;;;;;;;;;;;;;221;;
PRE;27.05.2014 00:00;;;;;;;;;;;;;;3.3;9.1;11.9;32.8;9;32.4;;;;;;;;;;;;;;232;;
PRE;28.05.2014 00:00;;;;;;;;;;;;;;1.5;7.2;5.4;25.9;7;25.2;;;;;;;;;;;;;;259;;
PRE;29.05.2014 00:00;;;;;;;;;;;;;;2.9;9.3;10.4;33.5;9;32.4;;;;;;;;;;;;;;11;;
PRE;30.05.2014 00:00;;;;;;;;;;;;;;5.6;14.2;20.2;51.1;13.9;50;;;;;;;;;;;;;;23;;
PRE;31.05.2014 00:00;;;;;;;;;;;;;;4.3;12;15.5;43.2;11.4;41;;;;;;;;;;;;;;32;;
PRE;01.06.2014 00:00;;;;;;;;;;;;;;2;6.4;7.2;23;6.3;22.7;;;;;;;;;;;;;;315;;
PRE;02.06.2014 00:00;;;;;;;;;;;;;;2.8;8.7;10.1;31.3;8.3;29.9;;;;;;;;;;;;;;356;;
PRE;03.06.2014 00:00;;;;;;;;;;;;;;1.9;8.6;6.8;31;8.3;29.9;;;;;;;;;;;;;;342;;
PRE;04.06.2014 00:00;;;;;;;;;;;;;;3.1;13;11.2;46.8;12.4;44.6;;;;;;;;;;;;;;239;;
PRE;05.06.2014 00:00;;;;;;;;;;;;;;1.7;4.2;6.1;15.1;4.1;14.8;;;;;;;;;;;;;;135;;
PRE;06.06.2014 00:00;;;;;;;;;;;;;;1.6;4.4;5.8;15.8;4.3;15.5;;;;;;;;;;;;;;248;;
PRE;07.06.2014 00:00;;;;;;;;;;;;;;1.6;4.6;5.8;16.6;4.6;16.6;;;;;;;;;;;;;;360;;
PRE;08.06.2014 00:00;;;;;;;;;;;;;;1.5;3.6;5.4;13;3.5;12.6;;;;;;;;;;;;;;360;;
PRE;09.06.2014 00:00;;;;;;;;;;;;;;2.1;8.3;7.6;29.9;8;28.8;;;;;;;;;;;;;;16;;
PRE;10.06.2014 00:00;;;;;;;;;;;;;;2.4;16.8;8.6;60.5;16.2;58.3;;;;;;;;;;;;;;270;;
PRE;11.06.2014 00:00;;;;;;;;;;;;;;2.4;9.9;8.6;35.6;9.5;34.2;;;;;;;;;;;;;;5;;
PRE;12.06.2014 00:00;;;;;;;;;;;;;;4.1;10.8;14.8;38.9;10.4;37.4;;;;;;;;;;;;;;16;;
PRE;13.06.2014 00:00;;;;;;;;;;;;;;3.7;8.8;13.3;31.7;8.6;31;;;;;;;;;;;;;;11;;
PRE;14.06.2014 00:00;;;;;;;;;;;;;;6.9;14.8;24.8;53.3;13.9;50;;;;;;;;;;;;;;28;;
PRE;15.06.2014 00:00;;;;;;;;;;;;;;8;18.2;28.8;65.5;17.3;62.3;;;;;;;;;;;;;;32;;
PRE;16.06.2014 00:00;;;;;;;;;;;;;;6.9;17.4;24.8;62.6;16.4;59;;;;;;;;;;;;;;28;;
PRE;17.06.2014 00:00;;;;;;;;;;;;;;5.5;14.6;19.8;52.6;14;50.4;;;;;;;;;;;;;;32;;
PRE;18.06.2014 00:00;;;;;;;;;;;;;;2.6;8.9;9.4;32;8.6;31;;;;;;;;;;;;;;68;;
PRE;19.06.2014 00:00;;;;;;;;;;;;;;2.3;10.3;8.3;37.1;10;36;;;;;;;;;;;;;;252;;
PRE;20.06.2014 00:00;;;;;;;;;;;;;;2.6;8.1;9.4;29.2;7.9;28.4;;;;;;;;;;;;;;8;;
PRE;21.06.2014 00:00;;;;;;;;;;;;;;3;9.3;10.8;33.5;9.2;33.1;;;;;;;;;;;;;;22;;
PRE;22.06.2014 00:00;;;;;;;;;;;;;;2.7;10.7;9.7;38.5;10.6;38.2;;;;;;;;;;;;;;23;;
PRE;23.06.2014 00:00;;;;;;;;;;;;;;3.4;13.9;12.2;50;13.7;49.3;;;;;;;;;;;;;;18;;
PRE;24.06.2014 00:00;;;;;;;;;;;;;;3.6;13.4;13;48.2;12.5;45;;;;;;;;;;;;;;17;;
PRE;25.06.2014 00:00;;;;;;;;;;;;;;3.9;10.1;14;36.4;10;36;;;;;;;;;;;;;;28;;
PRE;26.06.2014 00:00;;;;;;;;;;;;;;2.9;8.5;10.4;30.6;7.9;28.4;;;;;;;;;;;;;;41;;
PRE;27.06.2014 00:00;;;;;;;;;;;;;;1.9;6.9;6.8;24.8;6.7;24.1;;;;;;;;;;;;;;225;;
PRE;28.06.2014 00:00;;;;;;;;;;;;;;3.2;22.2;11.5;79.9;21.6;77.8;;;;;;;;;;;;;;227;;
PRE;29.06.2014 00:00;;;;;;;;;;;;;;4.4;11.2;15.8;40.3;10.8;38.9;;;;;;;;;;;;;;231;;
PRE;30.06.2014 00:00;;;;;;;;;;;;;;2.7;7.1;9.7;25.6;7;25.2;;;;;;;;;;;;;;232;;
PRE;01.07.2014 00:00;;;;;;;;;;;;;;2.5;11.9;9;42.8;11.7;42.1;;;;;;;;;;;;;;34;;
PRE;02.07.2014 00:00;;;;;;;;;;;;;;1.8;7.6;6.5;27.4;7.4;26.6;;;;;;;;;;;;;;15;;
PRE;03.07.2014 00:00;;;;;;;;;;;;;;2.6;7.5;9.4;27;7.4;26.6;;;;;;;;;;;;;;27;;
PRE;04.07.2014 00:00;;;;;;;;;;;;;;3.2;17.3;11.5;62.3;16.7;60.1;;;;;;;;;;;;;;264;;
PRE;05.07.2014 00:00;;;;;;;;;;;;;;4.4;11;15.8;39.6;10.8;38.9;;;;;;;;;;;;;;243;;
PRE;06.07.2014 00:00;;;;;;;;;;;;;;2.7;14.7;9.7;52.9;14.4;51.8;;;;;;;;;;;;;;188;;
PRE;07.07.2014 00:00;;;;;;;;;;;;;;2.2;8.6;7.9;31;8.4;30.2;;;;;;;;;;;;;;315;;
PRE;08.07.2014 00:00;;;;;;;;;;;;;;3.8;10.4;13.7;37.4;10.1;36.4;;;;;;;;;;;;;;228;;
PRE;09.07.2014 00:00;;;;;;;;;;;;;;3.2;7.7;11.5;27.7;7.5;27;;;;;;;;;;;;;;243;;
PRE;10.07.2014 00:00;;;;;;;;;;;;;;4.5;11.1;16.2;40;10.6;38.2;;;;;;;;;;;;;;235;;
PRE;11.07.2014 00:00;;;;;;;;;;;;;;2.1;6.4;7.6;23;6.3;22.7;;;;;;;;;;;;;;219;;
PRE;12.07.2014 00:00;;;;;;;;;;;;;;1.8;6;6.5;21.6;5.8;20.9;;;;;;;;;;;;;;180;;
PRE;13.07.2014 00:00;;;;;;;;;;;;;;3.9;10.7;14;38.5;10.3;37.1;;;;;;;;;;;;;;237;;
PRE;14.07.2014 00:00;;;;;;;;;;;;;;3.4;9.9;12.2;35.6;9.7;34.9;;;;;;;;;;;;;;244;;
PRE;15.07.2014 00:00;;;;;;;;;;;;;;2.6;7;9.4;25.2;6.8;24.5;;;;;;;;;;;;;;8;;
PRE;16.07.2014 00:00;;;;;;;;;;;;;;2.4;6.4;8.6;23;6.2;22.3;;;;;;;;;;;;;;360;;
PRE;17.07.2014 00:00;;;;;;;;;;;;;;2.4;6.8;8.6;24.5;6.4;23;;;;;;;;;;;;;;9;;
PRE;18.07.2014 00:00;;;;;;;;;;;;;;1.7;5.3;6.1;19.1;5.2;18.7;;;;;;;;;;;;;;243;;
PRE;19.07.2014 00:00;;;;;;;;;;;;;;1.5;3.9;5.4;14;3.7;13.3;;;;;;;;;;;;;;252;;
PRE;20.07.2014 00:00;;;;;;;;;;;;;;2.4;18.1;8.6;65.2;17.5;63;;;;;;;;;;;;;;259;;
PRE;21.07.2014 00:00;;;;;;;;;;;;;;3.3;7.8;11.9;28.1;7.7;27.7;;;;;;;;;;;;;;242;;
PRE;22.07.2014 00:00;;;;;;;;;;;;;;1.9;5.4;6.8;19.4;5.3;19.1;;;;;;;;;;;;;;219;;
PRE;23.07.2014 00:00;;;;;;;;;;;;;;3.9;10.9;14;39.2;10.6;38.2;;;;;;;;;;;;;;15;;
PRE;24.07.2014 00:00;;;;;;;;;;;;;;2.5;9.2;9;33.1;8.8;31.7;;;;;;;;;;;;;;214;;
PRE;25.07.2014 00:00;;;;;;;;;;;;;;1.8;5.1;6.5;18.4;5;18;;;;;;;;;;;;;;18;;
PRE;26.07.2014 00:00;;;;;;;;;;;;;;2.5;11.4;9;41;11;39.6;;;;;;;;;;;;;;240;;
PRE;27.07.2014 00:00;;;;;;;;;;;;;;2.4;9;8.6;32.4;8.9;32;;;;;;;;;;;;;;17;;
PRE;28.07.2014 00:00;;;;;;;;;;;;;;2.8;9;10.1;32.4;8.9;32;;;;;;;;;;;;;;242;;
PRE;29.07.2014 00:00;;;;;;;;;;;;;;2.4;8;8.6;28.8;7.7;27.7;;;;;;;;;;;;;;241;;
PRE;30.07.2014 00:00;;;;;;;;;;;;;;2.5;6.8;9;24.5;6.7;24.1;;;;;;;;;;;;;;236;;
PRE;31.07.2014 00:00;;;;;;;;;;;;;;3.9;11.2;14;40.3;10.9;39.2;;;;;;;;;;;;;;17;;
PRE;01.08.2014 00:00;;;;;;;;;;;;;;2.5;5.9;9;21.2;5.7;20.5;;;;;;;;;;;;;;11;;
PRE;02.08.2014 00:00;;;;;;;;;;;;;;3;11.8;10.8;42.5;11.7;42.1;;;;;;;;;;;;;;222;;
PRE;03.08.2014 00:00;;;;;;;;;;;;;;2;6.4;7.2;23;6.1;22;;;;;;;;;;;;;;246;;
PRE;04.08.2014 00:00;;;;;;;;;;;;;;2.4;8.6;8.6;31;8.3;29.9;;;;;;;;;;;;;;262;;
PRE;05.08.2014 00:00;;;;;;;;;;;;;;3;8.9;10.8;32;8.8;31.7;;;;;;;;;;;;;;360;;
PRE;06.08.2014 00:00;;;;;;;;;;;;;;2.2;7.6;7.9;27.4;7.5;27;;;;;;;;;;;;;;50;;
PRE;07.08.2014 00:00;;;;;;;;;;;;;;2.2;7.2;7.9;25.9;7.1;25.6;;;;;;;;;;;;;;330;;
PRE;08.08.2014 00:00;;;;;;;;;;;;;;2.5;11.3;9;40.7;11.2;40.3;;;;;;;;;;;;;;216;;
PRE;09.08.2014 00:00;;;;;;;;;;;;;;2.4;9.1;8.6;32.8;8.7;31.3;;;;;;;;;;;;;;202;;
PRE;10.08.2014 00:00;;;;;;;;;;;;;;3.3;16.6;11.9;59.8;16;57.6;;;;;;;;;;;;;;228;;
PRE;11.08.2014 00:00;;;;;;;;;;;;;;3.8;10.7;13.7;38.5;10.2;36.7;;;;;;;;;;;;;;252;;
PRE;12.08.2014 00:00;;;;;;;;;;;;;;1.6;7.3;5.8;26.3;7.1;25.6;;;;;;;;;;;;;;239;;
PRE;13.08.2014 00:00;;;;;;;;;;;;;;4.5;18.4;16.2;66.2;18.1;65.2;;;;;;;;;;;;;;246;;
PRE;14.08.2014 00:00;;;;;;;;;;;;;;3.4;11.8;12.2;42.5;11.6;41.8;;;;;;;;;;;;;;236;;
PRE;15.08.2014 00:00;;;;;;;;;;;;;;3.8;9.8;13.7;35.3;9.6;34.6;;;;;;;;;;;;;;237;;
PRE;16.08.2014 00:00;;;;;;;;;;;;;;2;11.1;7.2;40;10.3;37.1;;;;;;;;;;;;;;337;;
PRE;17.08.2014 00:00;;;;;;;;;;;;;;2.5;6.9;9;24.8;6.7;24.1;;;;;;;;;;;;;;252;;
PRE;18.08.2014 00:00;;;;;;;;;;;;;;5.1;14.8;18.4;53.3;14.5;52.2;;;;;;;;;;;;;;238;;
PRE;19.08.2014 00:00;;;;;;;;;;;;;;2.4;8.1;8.6;29.2;7.5;27;;;;;;;;;;;;;;246;;
PRE;20.08.2014 00:00;;;;;;;;;;;;;;1.7;6.7;6.1;24.1;6.6;23.8;;;;;;;;;;;;;;284;;
PRE;21.08.2014 00:00;;;;;;;;;;;;;;2.2;6.3;7.9;22.7;6.1;22;;;;;;;;;;;;;;360;;
PRE;22.08.2014 00:00;;;;;;;;;;;;;;2.8;11.9;10.1;42.8;11.6;41.8;;;;;;;;;;;;;;257;;
PRE;23.08.2014 00:00;;;;;;;;;;;;;;2.9;8.3;10.4;29.9;8.1;29.2;;;;;;;;;;;;;;243;;
PRE;24.08.2014 00:00;;;;;;;;;;;;;;3;7.2;10.8;25.9;6.9;24.8;;;;;;;;;;;;;;67;;
PRE;25.08.2014 00:00;;;;;;;;;;;;;;1.8;6;6.5;21.6;5.8;20.9;;;;;;;;;;;;;;292;;
PRE;26.08.2014 00:00;;;;;;;;;;;;;;4.8;12.4;17.3;44.6;11.9;42.8;;;;;;;;;;;;;;243;;
PRE;27.08.2014 00:00;;;;;;;;;;;;;;2.8;7.3;10.1;26.3;7;25.2;;;;;;;;;;;;;;253;;
PRE;28.08.2014 00:00;;;;;;;;;;;;;;1.5;4.4;5.4;15.8;4.2;15.1;;;;;;;;;;;;;;270;;
PRE;29.08.2014 00:00;;;;;;;;;;;;;;1.4;3.6;5;13;3.5;12.6;;;;;;;;;;;;;;63;;
PRE;30.08.2014 00:00;;;;;;;;;;;;;;2.1;6.5;7.6;23.4;6.3;22.7;;;;;;;;;;;;;;45;;
PRE;31.08.2014 00:00;;;;;;;;;;;;;;3.7;12.5;13.3;45;12;43.2;;;;;;;;;;;;;;291;;
PRE;01.09.2014 00:00;;;;;;;;;;;;;;4.5;11;16.2;39.6;10.7;38.5;;;;;;;;;;;;;;26;;
PRE;02.09.2014 00:00;;;;;;;;;;;;;;8;16.8;28.8;60.5;16;57.6;;;;;;;;;;;;;;26;;
PRE;03.09.2014 00:00;;;;;;;;;;;;;;6.8;16.3;24.5;58.7;15.8;56.9;;;;;;;;;;;;;;20;;
PRE;04.09.2014 00:00;;;;;;;;;;;;;;2.1;6.6;7.6;23.8;6.4;23;;;;;;;;;;;;;;52;;
PRE;05.09.2014 00:00;;;;;;;;;;;;;;1.7;6.2;6.1;22.3;6.1;22;;;;;;;;;;;;;;307;;
PRE;06.09.2014 00:00;;;;;;;;;;;;;;1.6;3.8;5.8;13.7;3.7;13.3;;;;;;;;;;;;;;270;;
PRE;07.09.2014 00:00;;;;;;;;;;;;;;1.5;3.9;5.4;14;3.8;13.7;;;;;;;;;;;;;;333;;
PRE;08.09.2014 00:00;;;;;;;;;;;;;;2.3;12.2;8.3;43.9;11.7;42.1;;;;;;;;;;;;;;301;;
PRE;09.09.2014 00:00;;;;;;;;;;;;;;1.6;7.5;5.8;27;7.3;26.3;;;;;;;;;;;;;;261;;
PRE;10.09.2014 00:00;;;;;;;;;;;;;;3.2;9.7;11.5;34.9;9.1;32.8;;;;;;;;;;;;;;2;;
PRE;11.09.2014 00:00;;;;;;;;;;;;;;4.8;10.8;17.3;38.9;10.2;36.7;;;;;;;;;;;;;;22;;
PRE;12.09.2014 00:00;;;;;;;;;;;;;;5.9;13.4;21.2;48.2;12.9;46.4;;;;;;;;;;;;;;22;;
PRE;13.09.2014 00:00;;;;;;;;;;;;;;6.3;15;22.7;54;14.5;52.2;;;;;;;;;;;;;;33;;
PRE;14.09.2014 00:00;;;;;;;;;;;;;;3.5;10.4;12.6;37.4;10.2;36.7;;;;;;;;;;;;;;23;;
PRE;15.09.2014 00:00;;;;;;;;;;;;;;1.7;4.8;6.1;17.3;4.7;16.9;;;;;;;;;;;;;;45;;
PRE;16.09.2014 00:00;;;;;;;;;;;;;;1.7;4.4;6.1;15.8;4.3;15.5;;;;;;;;;;;;;;18;;
PRE;17.09.2014 00:00;;;;;;;;;;;;;;1.8;6.8;6.5;24.5;6.4;23;;;;;;;;;;;;;;14;;
PRE;18.09.2014 00:00;;;;;;;;;;;;;;1.7;5.3;6.1;19.1;5.2;18.7;;;;;;;;;;;;;;342;;
PRE;19.09.2014 00:00;;;;;;;;;;;;;;1.6;7.8;5.8;28.1;7.7;27.7;;;;;;;;;;;;;;286;;
PRE;20.09.2014 00:00;;;;;;;;;;;;;;1.5;6.1;5.4;22;5.8;20.9;;;;;;;;;;;;;;315;;
PRE;21.09.2014 00:00;;;;;;;;;;;;;;2;9.6;7.2;34.6;9.3;33.5;;;;;;;;;;;;;;225;;
PRE;22.09.2014 00:00;;;;;;;;;;;;;;5.2;14.3;18.7;51.5;13.2;47.5;;;;;;;;;;;;;;23;;
PRE;23.09.2014 00:00;;;;;;;;;;;;;;5.7;16.9;20.5;60.8;15.9;57.2;;;;;;;;;;;;;;13;;
PRE;24.09.2014 00:00;;;;;;;;;;;;;;3.1;8.7;11.2;31.3;8.2;29.5;;;;;;;;;;;;;;247;;
PRE;25.09.2014 00:00;;;;;;;;;;;;;;3;9.4;10.8;33.8;9.1;32.8;;;;;;;;;;;;;;14;;
PRE;26.09.2014 00:00;;;;;;;;;;;;;;3.1;8.2;11.2;29.5;8.1;29.2;;;;;;;;;;;;;;21;;
PRE;27.09.2014 00:00;;;;;;;;;;;;;;2.9;8.7;10.4;31.3;8.3;29.9;;;;;;;;;;;;;;27;;
PRE;28.09.2014 00:00;;;;;;;;;;;;;;1.6;4.7;5.8;16.9;4.5;16.2;;;;;;;;;;;;;;323;;
PRE;29.09.2014 00:00;;;;;;;;;;;;;;1.5;7;5.4;25.2;6.9;24.8;;;;;;;;;;;;;;261;;
PRE;30.09.2014 00:00;;;;;;;;;;;;;;1;3.4;3.6;12.2;3.3;11.9;;;;;;;;;;;;;;14;;
PRE;01.10.2014 00:00;;;;;;;;;;;;;;2.7;6.5;9.7;23.4;6.4;23;;;;;;;;;;;;;;4;;
PRE;02.10.2014 00:00;;;;;;;;;;;;;;4.1;9.6;14.8;34.6;9.4;33.8;;;;;;;;;;;;;;27;;
PRE;03.10.2014 00:00;;;;;;;;;;;;;;2.3;7.9;8.3;28.4;7.5;27;;;;;;;;;;;;;;9;;
PRE;04.10.2014 00:00;;;;;;;;;;;;;;2;5.7;7.2;20.5;5.5;19.8;;;;;;;;;;;;;;34;;
PRE;05.10.2014 00:00;;;;;;;;;;;;;;1.9;11.2;6.8;40.3;10.8;38.9;;;;;;;;;;;;;;344;;
PRE;06.10.2014 00:00;;;;;;;;;;;;;;2.7;9.4;9.7;33.8;9.1;32.8;;;;;;;;;;;;;;231;;
PRE;07.10.2014 00:00;;;;;;;;;;;;;;3.2;12.1;11.5;43.6;11.8;42.5;;;;;;;;;;;;;;239;;
PRE;08.10.2014 00:00;;;;;;;;;;;;;;1.8;5.5;6.5;19.8;5.3;19.1;;;;;;;;;;;;;;23;;
PRE;09.10.2014 00:00;;;;;;;;;;;;;;1.5;7.9;5.4;28.4;7.8;28.1;;;;;;;;;;;;;;249;;
PRE;10.10.2014 00:00;;;;;;;;;;;;;;2.8;8.9;10.1;32;8.7;31.3;;;;;;;;;;;;;;360;;
PRE;11.10.2014 00:00;;;;;;;;;;;;;;2.1;8.9;7.6;32;8.8;31.7;;;;;;;;;;;;;;261;;
PRE;12.10.2014 00:00;;;;;;;;;;;;;;3.4;8.3;12.2;29.9;8.1;29.2;;;;;;;;;;;;;;9;;
PRE;13.10.2014 00:00;;;;;;;;;;;;;;1.8;8.4;6.5;30.2;8;28.8;;;;;;;;;;;;;;306;;
PRE;14.10.2014 00:00;;;;;;;;;;;;;;1.2;3.8;4.3;13.7;3.7;13.3;;;;;;;;;;;;;;338;;
PRE;15.10.2014 00:00;;;;;;;;;;;;;;1.1;4.6;4;16.6;4.3;15.5;;;;;;;;;;;;;;284;;
PRE;16.10.2014 00:00;;;;;;;;;;;;;;2.7;10.4;9.7;37.4;10.2;36.7;;;;;;;;;;;;;;234;;
PRE;17.10.2014 00:00;;;;;;;;;;;;;;3.9;14.9;14;53.6;14.1;50.8;;;;;;;;;;;;;;245;;
PRE;18.10.2014 00:00;;;;;;;;;;;;;;1.5;3.7;5.4;13.3;3.7;13.3;;;;;;;;;;;;;;347;;
PRE;19.10.2014 00:00;;;;;;;;;;;;;;1.3;4.4;4.7;15.8;4.2;15.1;;;;;;;;;;;;;;27;;
PRE;20.10.2014 00:00;;;;;;;;;;;;;;1.1;4.5;4;16.2;4.4;15.8;;;;;;;;;;;;;;360;;
PRE;21.10.2014 00:00;;;;;;;;;;;;;;5.1;24.9;18.4;89.6;23.5;84.6;;;;;;;;;;;;;;241;;
PRE;22.10.2014 00:00;;;;;;;;;;;;;;3.5;12.3;12.6;44.3;12;43.2;;;;;;;;;;;;;;268;;
PRE;23.10.2014 00:00;;;;;;;;;;;;;;4;10.8;14.4;38.9;10.4;37.4;;;;;;;;;;;;;;19;;
PRE;24.10.2014 00:00;;;;;;;;;;;;;;3.9;9.7;14;34.9;9.6;34.6;;;;;;;;;;;;;;21;;
PRE;25.10.2014 00:00;;;;;;;;;;;;;;1.6;5.5;5.8;19.8;5.3;19.1;;;;;;;;;;;;;;10;;
PRE;26.10.2014 00:00;;;;;;;;;;;;;;3.6;9.5;13;34.2;9.2;33.1;;;;;;;;;;;;;;15;;
PRE;27.10.2014 00:00;;;;;;;;;;;;;;2.7;7.5;9.7;27;7.4;26.6;;;;;;;;;;;;;;13;;
PRE;28.10.2014 00:00;;;;;;;;;;;;;;1.9;5.1;6.8;18.4;5;18;;;;;;;;;;;;;;6;;
PRE;29.10.2014 00:00;;;;;;;;;;;;;;1.4;3.5;5;12.6;3.4;12.2;;;;;;;;;;;;;;337;;
PRE;30.10.2014 00:00;;;;;;;;;;;;;;1.9;7.7;6.8;27.7;7.6;27.4;;;;;;;;;;;;;;20;;
PRE;31.10.2014 00:00;;;;;;;;;;;;;;1.4;4.4;5;15.8;4.2;15.1;;;;;;;;;;;;;;338;;
PRE;01.11.2014 00:00;;;;;;;;;;;;;;1.3;3.1;4.7;11.2;3;10.8;;;;;;;;;;;;;;326;;
PRE;02.11.2014 00:00;;;;;;;;;;;;;;1.5;7;5.4;25.2;6.8;24.5;;;;;;;;;;;;;;270;;
PRE;03.11.2014 00:00;;;;;;;;;;;;;;1.4;5.4;5;19.4;5.2;18.7;;;;;;;;;;;;;;286;;
PRE;04.11.2014 00:00;;;;;;;;;;;;;;3.1;10.8;11.2;38.9;10.2;36.7;;;;;;;;;;;;;;345;;
PRE;05.11.2014 00:00;;;;;;;;;;;;;;1.9;6.7;6.8;24.1;6.7;24.1;;;;;;;;;;;;;;9;;
PRE;06.11.2014 00:00;;;;;;;;;;;;;;3.8;8.7;13.7;31.3;8.3;29.9;;;;;;;;;;;;;;13;;
PRE;07.11.2014 00:00;;;;;;;;;;;;;;2.5;10.1;9;36.4;9.3;33.5;;;;;;;;;;;;;;254;;
PRE;08.11.2014 00:00;;;;;;;;;;;;;;2.6;8.5;9.4;30.6;8.2;29.5;;;;;;;;;;;;;;360;;
PRE;09.11.2014 00:00;;;;;;;;;;;;;;2.4;7.4;8.6;26.6;7.1;25.6;;;;;;;;;;;;;;353;;
PRE;10.11.2014 00:00;;;;;;;;;;;;;;2.4;6.1;8.6;22;6;21.6;;;;;;;;;;;;;;354;;
PRE;11.11.2014 00:00;;;;;;;;;;;;;;2.9;8.4;10.4;30.2;8.3;29.9;;;;;;;;;;;;;;2;;
PRE;12.11.2014 00:00;;;;;;;;;;;;;;1.5;4.7;5.4;16.9;4.6;16.6;;;;;;;;;;;;;;309;;
PRE;13.11.2014 00:00;;;;;;;;;;;;;;1.7;4.6;6.1;16.6;4.5;16.2;;;;;;;;;;;;;;343;;
PRE;14.11.2014 00:00;;;;;;;;;;;;;;2.4;8;8.6;28.8;7.9;28.4;;;;;;;;;;;;;;354;;
PRE;15.11.2014 00:00;;;;;;;;;;;;;;2.7;12;9.7;43.2;11.4;41;;;;;;;;;;;;;;249;;
PRE;16.11.2014 00:00;;;;;;;;;;;;;;4.9;13.9;17.6;50;13.6;49;;;;;;;;;;;;;;237;;
PRE;17.11.2014 00:00;;;;;;;;;;;;;;1.8;11;6.5;39.6;10.3;37.1;;;;;;;;;;;;;;258;;
PRE;18.11.2014 00:00;;;;;;;;;;;;;;3.1;9.8;11.2;35.3;9.6;34.6;;;;;;;;;;;;;;254;;
PRE;19.11.2014 00:00;;;;;;;;;;;;;;1.9;5.5;6.8;19.8;5.5;19.8;;;;;;;;;;;;;;360;;
PRE;20.11.2014 00:00;;;;;;;;;;;;;;2.2;7.5;7.9;27;7.3;26.3;;;;;;;;;;;;;;353;;
PRE;21.11.2014 00:00;;;;;;;;;;;;;;1.4;5.4;5;19.4;5.2;18.7;;;;;;;;;;;;;;346;;
PRE;22.11.2014 00:00;;;;;;;;;;;;;;1.5;4.7;5.4;16.9;4.6;16.6;;;;;;;;;;;;;;336;;
PRE;23.11.2014 00:00;;;;;;;;;;;;;;1.2;4.2;4.3;15.1;4.1;14.8;;;;;;;;;;;;;;342;;
PRE;24.11.2014 00:00;;;;;;;;;;;;;;1.1;4.5;4;16.2;4.4;15.8;;;;;;;;;;;;;;288;;
PRE;25.11.2014 00:00;;;;;;;;;;;;;;2.9;8.4;10.4;30.2;8.1;29.2;;;;;;;;;;;;;;13;;
PRE;26.11.2014 00:00;;;;;;;;;;;;;;1.9;6.2;6.8;22.3;6;21.6;;;;;;;;;;;;;;3;;
PRE;27.11.2014 00:00;;;;;;;;;;;;;;2.7;8.7;9.7;31.3;8.3;29.9;;;;;;;;;;;;;;16;;
PRE;28.11.2014 00:00;;;;;;;;;;;;;;5.6;12.5;20.2;45;12.2;43.9;;;;;;;;;;;;;;21;;
PRE;29.11.2014 00:00;;;;;;;;;;;;;;4.2;9.9;15.1;35.6;9.7;34.9;;;;;;;;;;;;;;20;;
PRE;30.11.2014 00:00;;;;;;;;;;;;;;3.4;8.9;12.2;32;8.7;31.3;;;;;;;;;;;;;;9;;
PRE;01.12.2014 00:00;;;;;;;;;;;;;;4.6;10.6;16.6;38.2;10.3;37.1;;;;;;;;;;;;;;12;;
PRE;02.12.2014 00:00;;;;;;;;;;;;;;3.4;7.8;12.2;28.1;7.5;27;;;;;;;;;;;;;;11;;
PRE;03.12.2014 00:00;;;;;;;;;;;;;;5.1;10.9;18.4;39.2;10.5;37.8;;;;;;;;;;;;;;18;;
PRE;04.12.2014 00:00;;;;;;;;;;;;;;3.1;7.6;11.2;27.4;7.3;26.3;;;;;;;;;;;;;;2;;
PRE;05.12.2014 00:00;;;;;;;;;;;;;;3.8;8.2;13.7;29.5;8;28.8;;;;;;;;;;;;;;16;;
PRE;06.12.2014 00:00;;;;;;;;;;;;;;7.6;16.2;27.4;58.3;15.4;55.4;;;;;;;;;;;;;;23;;
PRE;07.12.2014 00:00;;;;;;;;;;;;;;3.8;15.1;13.7;54.4;14.2;51.1;;;;;;;;;;;;;;21;;
PRE;08.12.2014 00:00;;;;;;;;;;;;;;2.8;9.9;10.1;35.6;9.6;34.6;;;;;;;;;;;;;;242;;
PRE;09.12.2014 00:00;;;;;;;;;;;;;;4.5;12.5;16.2;45;12.1;43.6;;;;;;;;;;;;;;18;;
PRE;10.12.2014 00:00;;;;;;;;;;;;;;3.4;8.2;12.2;29.5;8.1;29.2;;;;;;;;;;;;;;242;;
PRE;11.12.2014 00:00;;;;;;;;;;;;;;5.5;15.5;19.8;55.8;14.9;53.6;;;;;;;;;;;;;;240;;
PRE;12.12.2014 00:00;;;;;;;;;;;;;;6.2;14.7;22.3;52.9;14.3;51.5;;;;;;;;;;;;;;237;;
PRE;13.12.2014 00:00;;;;;;;;;;;;;;3;12.6;10.8;45.4;12;43.2;;;;;;;;;;;;;;233;;
PRE;14.12.2014 00:00;;;;;;;;;;;;;;1.1;4.5;4;16.2;4.4;15.8;;;;;;;;;;;;;;323;;
PRE;15.12.2014 00:00;;;;;;;;;;;;;;1.3;3;4.7;10.8;2.9;10.4;;;;;;;;;;;;;;225;;
PRE;16.12.2014 00:00;;;;;;;;;;;;;;1.3;6.9;4.7;24.8;6.7;24.1;;;;;;;;;;;;;;339;;
PRE;17.12.2014 00:00;;;;;;;;;;;;;;4.6;13.2;16.6;47.5;12.9;46.4;;;;;;;;;;;;;;246;;
PRE;18.12.2014 00:00;;;;;;;;;;;;;;2.6;6.4;9.4;23;6.2;22.3;;;;;;;;;;;;;;200;;
PRE;19.12.2014 00:00;;;;;;;;;;;;;;2.5;11.6;9;41.8;11.2;40.3;;;;;;;;;;;;;;233;;
PRE;20.12.2014 00:00;;;;;;;;;;;;;;4.2;12.1;15.1;43.6;11.5;41.4;;;;;;;;;;;;;;256;;
PRE;21.12.2014 00:00;;;;;;;;;;;;;;2;7;7.2;25.2;6.8;24.5;;;;;;;;;;;;;;346;;
PRE;22.12.2014 00:00;;;;;;;;;;;;;;1.4;4.4;5;15.8;4.2;15.1;;;;;;;;;;;;;;270;;
PRE;23.12.2014 00:00;;;;;;;;;;;;;;1;2.8;3.6;10.1;2.7;9.7;;;;;;;;;;;;;;300;;
PRE;24.12.2014 00:00;;;;;;;;;;;;;;3.4;9.6;12.2;34.6;9.4;33.8;;;;;;;;;;;;;;232;;
PRE;25.12.2014 00:00;;;;;;;;;;;;;;2.8;7.7;10.1;27.7;7.4;26.6;;;;;;;;;;;;;;222;;
PRE;26.12.2014 00:00;;;;;;;;;;;;;;2.2;6.3;7.9;22.7;6.2;22.3;;;;;;;;;;;;;;346;;
PRE;27.12.2014 00:00;;;;;;;;;;;;;;7.4;19.1;26.6;68.8;18.5;66.6;;;;;;;;;;;;;;238;;
PRE;28.12.2014 00:00;;;;;;;;;;;;;;6.1;22.2;22;79.9;21.2;76.3;;;;;;;;;;;;;;27;;
PRE;29.12.2014 00:00;;;;;;;;;;;;;;4.8;21.7;17.3;78.1;20.9;75.2;;;;;;;;;;;;;;25;;
PRE;30.12.2014 00:00;;;;;;;;;;;;;;5.7;11.5;20.5;41.4;10.9;39.2;;;;;;;;;;;;;;24;;
PRE;31.12.2014 00:00;;;;;;;;;;;;;;6.4;14.4;23;51.8;14.1;50.8;;;;;;;;;;;;;;36;;
PRE;01.01.2015 00:00;;;;;;;;;;;;;;3;8.3;10.8;29.9;8;28.8;;;;;;;;;;;;;;18;;
PRE;02.01.2015 00:00;;;;;;;;;;;;;;1.5;4.7;5.4;16.9;4.5;16.2;;;;;;;;;;;;;;297;;
PRE;03.01.2015 00:00;;;;;;;;;;;;;;4;14.3;14.4;51.5;13.6;49;;;;;;;;;;;;;;245;;
PRE;04.01.2015 00:00;;;;;;;;;;;;;;4.3;10.6;15.5;38.2;10.4;37.4;;;;;;;;;;;;;;327;;
PRE;05.01.2015 00:00;;;;;;;;;;;;;;3;9.1;10.8;32.8;8.9;32;;;;;;;;;;;;;;16;;
PRE;06.01.2015 00:00;;;;;;;;;;;;;;1.6;4.5;5.8;16.2;4.4;15.8;;;;;;;;;;;;;;285;;
PRE;07.01.2015 00:00;;;;;;;;;;;;;;1.5;4.5;5.4;16.2;4.4;15.8;;;;;;;;;;;;;;292;;
PRE;08.01.2015 00:00;;;;;;;;;;;;;;3.1;9.8;11.2;35.3;9.5;34.2;;;;;;;;;;;;;;248;;
PRE;09.01.2015 00:00;;;;;;;;;;;;;;6.7;16.5;24.1;59.4;15.6;56.2;;;;;;;;;;;;;;245;;
PRE;10.01.2015 00:00;;;;;;;;;;;;;;6.1;13.8;22;49.7;13.2;47.5;;;;;;;;;;;;;;244;;
PRE;11.01.2015 00:00;;;;;;;;;;;;;;4.3;14.3;15.5;51.5;13.3;47.9;;;;;;;;;;;;;;248;;
PRE;12.01.2015 00:00;;;;;;;;;;;;;;2;7.1;7.2;25.6;6.9;24.8;;;;;;;;;;;;;;225;;
PRE;13.01.2015 00:00;;;;;;;;;;;;;;6.1;17.6;22;63.4;17.4;62.6;;;;;;;;;;;;;;235;;
PRE;14.01.2015 00:00;;;;;;;;;;;;;;5.8;16.3;20.9;58.7;15.2;54.7;;;;;;;;;;;;;;243;;
PRE;15.01.2015 00:00;;;;;;;;;;;;;;5.7;15;20.5;54;14.6;52.6;;;;;;;;;;;;;;235;;
PRE;16.01.2015 00:00;;;;;;;;;;;;;;2.5;8.3;9;29.9;8.1;29.2;;;;;;;;;;;;;;294;;
PRE;17.01.2015 00:00;;;;;;;;;;;;;;2.8;9.8;10.1;35.3;9.1;32.8;;;;;;;;;;;;;;252;;
PRE;18.01.2015 00:00;;;;;;;;;;;;;;2;5.8;7.2;20.9;5.7;20.5;;;;;;;;;;;;;;324;;
PRE;19.01.2015 00:00;;;;;;;;;;;;;;1.8;6.9;6.5;24.8;6.8;24.5;;;;;;;;;;;;;;7;;
PRE;20.01.2015 00:00;;;;;;;;;;;;;;2.2;6.6;7.9;23.8;6.4;23;;;;;;;;;;;;;;8;;
PRE;21.01.2015 00:00;;;;;;;;;;;;;;4.6;10.2;16.6;36.7;9.8;35.3;;;;;;;;;;;;;;24;;
PRE;22.01.2015 00:00;;;;;;;;;;;;;;2.1;7.4;7.6;26.6;7.2;25.9;;;;;;;;;;;;;;350;;
PRE;23.01.2015 00:00;;;;;;;;;;;;;;5.8;13.6;20.9;49;13.2;47.5;;;;;;;;;;;;;;32;;
PRE;24.01.2015 00:00;;;;;;;;;;;;;;2.9;8.2;10.4;29.5;8;28.8;;;;;;;;;;;;;;25;;
PRE;25.01.2015 00:00;;;;;;;;;;;;;;6.5;18.2;23.4;65.5;17.6;63.4;;;;;;;;;;;;;;33;;
PRE;26.01.2015 00:00;;;;;;;;;;;;;;3.4;10.2;12.2;36.7;10;36;;;;;;;;;;;;;;329;;
PRE;27.01.2015 00:00;;;;;;;;;;;;;;2.8;7.2;10.1;25.9;7;25.2;;;;;;;;;;;;;;13;;
PRE;28.01.2015 00:00;;;;;;;;;;;;;;5.2;16.4;18.7;59;16.1;58;;;;;;;;;;;;;;247;;
PRE;29.01.2015 00:00;;;;;;;;;;;;;;7.2;17;25.9;61.2;16.1;58;;;;;;;;;;;;;;241;;
PRE;30.01.2015 00:00;;;;;;;;;;;;;;6.6;18.3;23.8;65.9;17;61.2;;;;;;;;;;;;;;232;;
PRE;31.01.2015 00:00;;;;;;;;;;;;;;4.2;13.3;15.1;47.9;13;46.8;;;;;;;;;;;;;;247;;
PRE;01.02.2015 00:00;;;;;;;;;;;;;;4.9;12.1;17.6;43.6;11.9;42.8;;;;;;;;;;;;;;244;;
PRE;02.02.2015 00:00;;;;;;;;;;;;;;4.2;12.6;15.1;45.4;12.2;43.9;;;;;;;;;;;;;;249;;
PRE;03.02.2015 00:00;;;;;;;;;;;;;;4.5;12.1;16.2;43.6;11.8;42.5;;;;;;;;;;;;;;21;;
PRE;04.02.2015 00:00;;;;;;;;;;;;;;8.6;18.2;31;65.5;17.5;63;;;;;;;;;;;;;;33;;
PRE;05.02.2015 00:00;;;;;;;;;;;;;;10.7;22.9;38.5;82.4;21.7;78.1;;;;;;;;;;;;;;35;;
PRE;06.02.2015 00:00;;;;;;;;;;;;;;9.7;21.2;34.9;76.3;19.8;71.3;;;;;;;;;;;;;;30;;
PRE;07.02.2015 00:00;;;;;;;;;;;;;;6.7;14.3;24.1;51.5;13.8;49.7;;;;;;;;;;;;;;22;;
PRE;08.02.2015 00:00;;;;;;;;;;;;;;8.8;20.4;31.7;73.4;19.9;71.6;;;;;;;;;;;;;;29;;
PRE;09.02.2015 00:00;;;;;;;;;;;;;;6.5;21.4;23.4;77;20.4;73.4;;;;;;;;;;;;;;31;;
PRE;10.02.2015 00:00;;;;;;;;;;;;;;4.3;13;15.5;46.8;12.1;43.6;;;;;;;;;;;;;;40;;
PRE;11.02.2015 00:00;;;;;;;;;;;;;;1.4;5.2;5;18.7;5.2;18.7;;;;;;;;;;;;;;344;;
PRE;12.02.2015 00:00;;;;;;;;;;;;;;1.2;3.3;4.3;11.9;3.3;11.9;;;;;;;;;;;;;;337;;
PRE;13.02.2015 00:00;;;;;;;;;;;;;;1.2;3.1;4.3;11.2;3;10.8;;;;;;;;;;;;;;333;;
PRE;14.02.2015 00:00;;;;;;;;;;;;;;1.7;10.8;6.1;38.9;10.4;37.4;;;;;;;;;;;;;;284;;
PRE;15.02.2015 00:00;;;;;;;;;;;;;;3.7;8.9;13.3;32;8.8;31.7;;;;;;;;;;;;;;15;;
PRE;16.02.2015 00:00;;;;;;;;;;;;;;4.3;12.2;15.5;43.9;11.6;41.8;;;;;;;;;;;;;;20;;
PRE;17.02.2015 00:00;;;;;;;;;;;;;;3.1;10.9;11.2;39.2;10.5;37.8;;;;;;;;;;;;;;17;;
PRE;18.02.2015 00:00;;;;;;;;;;;;;;5.1;12.4;18.4;44.6;11.9;42.8;;;;;;;;;;;;;;17;;
PRE;19.02.2015 00:00;;;;;;;;;;;;;;1.7;5;6.1;18;4.8;17.3;;;;;;;;;;;;;;333;;
PRE;20.02.2015 00:00;;;;;;;;;;;;;;3.5;12.9;12.6;46.4;12.6;45.4;;;;;;;;;;;;;;222;;
PRE;21.02.2015 00:00;;;;;;;;;;;;;;3.7;16.1;13.3;58;15.4;55.4;;;;;;;;;;;;;;249;;
PRE;22.02.2015 00:00;;;;;;;;;;;;;;3.9;12.1;14;43.6;11.8;42.5;;;;;;;;;;;;;;22;;
PRE;23.02.2015 00:00;;;;;;;;;;;;;;3.5;10.5;12.6;37.8;10.1;36.4;;;;;;;;;;;;;;218;;
PRE;24.02.2015 00:00;;;;;;;;;;;;;;2.3;8.9;8.3;32;8.8;31.7;;;;;;;;;;;;;;262;;
PRE;25.02.2015 00:00;;;;;;;;;;;;;;2.7;7.7;9.7;27.7;7.4;26.6;;;;;;;;;;;;;;35;;
PRE;26.02.2015 00:00;;;;;;;;;;;;;;2.3;6.6;8.3;23.8;6.4;23;;;;;;;;;;;;;;351;;
PRE;27.02.2015 00:00;;;;;;;;;;;;;;2.5;8.9;9;32;8.7;31.3;;;;;;;;;;;;;;288;;
PRE;28.02.2015 00:00;;;;;;;;;;;;;;2.6;8.4;9.4;30.2;8.3;29.9;;;;;;;;;;;;;;27;;
PRE;01.03.2015 00:00;;;;;;;;;;;;;;5.8;13.3;20.9;47.9;13;46.8;;;;;;;;;;;;;;233;;
PRE;02.03.2015 00:00;;;;;;;;;;;;;;6.7;19;24.1;68.4;18.1;65.2;;;;;;;;;;;;;;242;;
PRE;03.03.2015 00:00;;;;;;;;;;;;;;2.4;9.7;8.6;34.9;9;32.4;;;;;;;;;;;;;;250;;
PRE;04.03.2015 00:00;;;;;;;;;;;;;;3.6;11.6;13;41.8;11.4;41;;;;;;;;;;;;;;16;;
PRE;05.03.2015 00:00;;;;;;;;;;;;;;7.7;17.4;27.7;62.6;17;61.2;;;;;;;;;;;;;;36;;
PRE;06.03.2015 00:00;;;;;;;;;;;;;;7.4;17.9;26.6;64.4;16.5;59.4;;;;;;;;;;;;;;27;;
PRE;07.03.2015 00:00;;;;;;;;;;;;;;3.6;9.2;13;33.1;8.9;32;;;;;;;;;;;;;;34;;
PRE;08.03.2015 00:00;;;;;;;;;;;;;;3.2;11.6;11.5;41.8;11.1;40;;;;;;;;;;;;;;22;;
PRE;09.03.2015 00:00;;;;;;;;;;;;;;1.3;3.8;4.7;13.7;3.7;13.3;;;;;;;;;;;;;;270;;
PRE;10.03.2015 00:00;;;;;;;;;;;;;;1.4;5;5;18;4.9;17.6;;;;;;;;;;;;;;323;;
PRE;11.03.2015 00:00;;;;;;;;;;;;;;4.4;11.2;15.8;40.3;10.8;38.9;;;;;;;;;;;;;;20;;
PRE;12.03.2015 00:00;;;;;;;;;;;;;;7;14.7;25.2;52.9;14.2;51.1;;;;;;;;;;;;;;22;;
PRE;13.03.2015 00:00;;;;;;;;;;;;;;1.9;8.4;6.8;30.2;8.2;29.5;;;;;;;;;;;;;;21;;
PRE;14.03.2015 00:00;;;;;;;;;;;;;;5.6;12;20.2;43.2;11.3;40.7;;;;;;;;;;;;;;15;;
PRE;15.03.2015 00:00;;;;;;;;;;;;;;5.6;11.5;20.2;41.4;11.1;40;;;;;;;;;;;;;;24;;
PRE;16.03.2015 00:00;;;;;;;;;;;;;;1.8;7.7;6.5;27.7;7.3;26.3;;;;;;;;;;;;;;22;;
PRE;17.03.2015 00:00;;;;;;;;;;;;;;1.4;4.6;5;16.6;4.5;16.2;;;;;;;;;;;;;;256;;
PRE;18.03.2015 00:00;;;;;;;;;;;;;;2.1;8.3;7.6;29.9;8.1;29.2;;;;;;;;;;;;;;342;;
PRE;19.03.2015 00:00;;;;;;;;;;;;;;3.5;9.9;12.6;35.6;9.4;33.8;;;;;;;;;;;;;;23;;
PRE;20.03.2015 00:00;;;;;;;;;;;;;;2.5;8.6;9;31;8.4;30.2;;;;;;;;;;;;;;18;;
PRE;21.03.2015 00:00;;;;;;;;;;;;;;1.4;6.6;5;23.8;6.4;23;;;;;;;;;;;;;;37;;
PRE;22.03.2015 00:00;;;;;;;;;;;;;;7.3;20.3;26.3;73.1;18;64.8;;;;;;;;;;;;;;21;;
PRE;23.03.2015 00:00;;;;;;;;;;;;;;1.6;4.8;5.8;17.3;4.6;16.6;;;;;;;;;;;;;;333;;
PRE;24.03.2015 00:00;;;;;;;;;;;;;;1.3;5.4;4.7;19.4;5.2;18.7;;;;;;;;;;;;;;360;;
PRE;25.03.2015 00:00;;;;;;;;;;;;;;2;9.5;7.2;34.2;9.1;32.8;;;;;;;;;;;;;;284;;
PRE;26.03.2015 00:00;;;;;;;;;;;;;;1.9;7.9;6.8;28.4;7.7;27.7;;;;;;;;;;;;;;225;;
PRE;27.03.2015 00:00;;;;;;;;;;;;;;2;6.4;7.2;23;6.2;22.3;;;;;;;;;;;;;;221;;
PRE;28.03.2015 00:00;;;;;;;;;;;;;;2.5;9.8;9;35.3;9.6;34.6;;;;;;;;;;;;;;243;;
PRE;29.03.2015 00:00;;;;;;;;;;;;;;6.4;13.5;23;48.6;13;46.8;;;;;;;;;;;;;;238;;
PRE;30.03.2015 00:00;;;;;;;;;;;;;;5.8;15.9;20.9;57.2;15.3;55.1;;;;;;;;;;;;;;235;;
PRE;31.03.2015 00:00;;;;;;;;;;;;;;8.3;23.2;29.9;83.5;22.1;79.6;;;;;;;;;;;;;;243;;
PRE;01.04.2015 00:00;;;;;;;;;;;;;;5.2;18.2;18.7;65.5;17.7;63.7;;;;;;;;;;;;;;248;;
PRE;02.04.2015 00:00;;;;;;;;;;;;;;5.6;13.5;20.2;48.6;12.8;46.1;;;;;;;;;;;;;;249;;
PRE;03.04.2015 00:00;;;;;;;;;;;;;;2.1;6.8;7.6;24.5;6.7;24.1;;;;;;;;;;;;;;10;;
PRE;04.04.2015 00:00;;;;;;;;;;;;;;3.8;13.9;13.7;50;12.9;46.4;;;;;;;;;;;;;;284;;
PRE;05.04.2015 00:00;;;;;;;;;;;;;;9.3;22.4;33.5;80.6;21.2;76.3;;;;;;;;;;;;;;34;;
PRE;06.04.2015 00:00;;;;;;;;;;;;;;7.8;17.4;28.1;62.6;16.7;60.1;;;;;;;;;;;;;;29;;
PRE;07.04.2015 00:00;;;;;;;;;;;;;;8.5;19.3;30.6;69.5;18.4;66.2;;;;;;;;;;;;;;24;;
PRE;08.04.2015 00:00;;;;;;;;;;;;;;3.3;8.9;11.9;32;8.8;31.7;;;;;;;;;;;;;;41;;
PRE;09.04.2015 00:00;;;;;;;;;;;;;;1.3;3.9;4.7;14;3.8;13.7;;;;;;;;;;;;;;45;;
PRE;10.04.2015 00:00;;;;;;;;;;;;;;2.8;11.9;10.1;42.8;11.2;40.3;;;;;;;;;;;;;;232;;
PRE;11.04.2015 00:00;;;;;;;;;;;;;;2.9;8.4;10.4;30.2;8;28.8;;;;;;;;;;;;;;240;;
PRE;12.04.2015 00:00;;;;;;;;;;;;;;1.5;4.1;5.4;14.8;3.9;14;;;;;;;;;;;;;;27;;
PRE;13.04.2015 00:00;;;;;;;;;;;;;;2;7.8;7.2;28.1;7.7;27.7;;;;;;;;;;;;;;22;;
PRE;14.04.2015 00:00;;;;;;;;;;;;;;3.8;9.7;13.7;34.9;9.2;33.1;;;;;;;;;;;;;;12;;
PRE;15.04.2015 00:00;;;;;;;;;;;;;;1.6;5.4;5.8;19.4;5.4;19.4;;;;;;;;;;;;;;360;;
PRE;16.04.2015 00:00;;;;;;;;;;;;;;1.7;7;6.1;25.2;6.8;24.5;;;;;;;;;;;;;;240;;
PRE;17.04.2015 00:00;;;;;;;;;;;;;;3.4;9.9;12.2;35.6;9.7;34.9;;;;;;;;;;;;;;239;;
PRE;18.04.2015 00:00;;;;;;;;;;;;;;7.1;15.9;25.6;57.2;15.3;55.1;;;;;;;;;;;;;;23;;
PRE;19.04.2015 00:00;;;;;;;;;;;;;;4.3;11.6;15.5;41.8;11.2;40.3;;;;;;;;;;;;;;12;;
PRE;20.04.2015 00:00;;;;;;;;;;;;;;4.6;14.1;16.6;50.8;13.4;48.2;;;;;;;;;;;;;;27;;
PRE;21.04.2015 00:00;;;;;;;;;;;;;;5;13.5;18;48.6;12.7;45.7;;;;;;;;;;;;;;16;;
PRE;22.04.2015 00:00;;;;;;;;;;;;;;1.9;6.9;6.8;24.8;6.6;23.8;;;;;;;;;;;;;;270;;
PRE;23.04.2015 00:00;;;;;;;;;;;;;;2.6;8.5;9.4;30.6;8.3;29.9;;;;;;;;;;;;;;15;;
PRE;24.04.2015 00:00;;;;;;;;;;;;;;1.7;4.6;6.1;16.6;4.4;15.8;;;;;;;;;;;;;;346;;
PRE;25.04.2015 00:00;;;;;;;;;;;;;;3.3;14.2;11.9;51.1;13.2;47.5;;;;;;;;;;;;;;227;;
PRE;26.04.2015 00:00;;;;;;;;;;;;;;1.4;5.2;5;18.7;4.9;17.6;;;;;;;;;;;;;;180;;
PRE;27.04.2015 00:00;;;;;;;;;;;;;;2.1;10.6;7.6;38.2;10.3;37.1;;;;;;;;;;;;;;352;;
PRE;28.04.2015 00:00;;;;;;;;;;;;;;2.4;7.8;8.6;28.1;7.4;26.6;;;;;;;;;;;;;;117;;
PRE;29.04.2015 00:00;;;;;;;;;;;;;;2.8;8.4;10.1;30.2;8.1;29.2;;;;;;;;;;;;;;45;;
PRE;30.04.2015 00:00;;;;;;;;;;;;;;3.4;12.9;12.2;46.4;12.3;44.3;;;;;;;;;;;;;;234;;
PRE;01.05.2015 00:00;;;;;;;;;;;;;;5.9;13.5;21.2;48.6;12.9;46.4;;;;;;;;;;;;;;237;;
PRE;02.05.2015 00:00;;;;;;;;;;;;;;2.9;14.9;10.4;53.6;14.5;52.2;;;;;;;;;;;;;;222;;
PRE;03.05.2015 00:00;;;;;;;;;;;;;;1.7;5.5;6.1;19.8;5.4;19.4;;;;;;;;;;;;;;107;;
PRE;04.05.2015 00:00;;;;;;;;;;;;;;1.7;6.2;6.1;22.3;6;21.6;;;;;;;;;;;;;;76;;
PRE;05.05.2015 00:00;;;;;;;;;;;;;;1.4;7.6;5;27.4;7.4;26.6;;;;;;;;;;;;;;326;;
PRE;06.05.2015 00:00;;;;;;;;;;;;;;2.7;10.8;9.7;38.9;10.5;37.8;;;;;;;;;;;;;;248;;
PRE;07.05.2015 00:00;;;;;;;;;;;;;;1.5;3.9;5.4;14;3.8;13.7;;;;;;;;;;;;;;243;;
PRE;08.05.2015 00:00;;;;;;;;;;;;;;2.5;13.2;9;47.5;12.5;45;;;;;;;;;;;;;;247;;
PRE;09.05.2015 00:00;;;;;;;;;;;;;;3.1;9.6;11.2;34.6;9.3;33.5;;;;;;;;;;;;;;249;;
PRE;10.05.2015 00:00;;;;;;;;;;;;;;1.9;5.9;6.8;21.2;5.8;20.9;;;;;;;;;;;;;;315;;
PRE;11.05.2015 00:00;;;;;;;;;;;;;;1.3;3.2;4.7;11.5;3.2;11.5;;;;;;;;;;;;;;360;;
PRE;12.05.2015 00:00;;;;;;;;;;;;;;2.9;14.6;10.4;52.6;14;50.4;;;;;;;;;;;;;;230;;
PRE;13.05.2015 00:00;;;;;;;;;;;;;;4.6;16.3;16.6;58.7;15.6;56.2;;;;;;;;;;;;;;227;;
PRE;14.05.2015 00:00;;;;;;;;;;;;;;4.4;14.6;15.8;52.6;13.6;49;;;;;;;;;;;;;;259;;
PRE;15.05.2015 00:00;;;;;;;;;;;;;;3.4;10.3;12.2;37.1;9.9;35.6;;;;;;;;;;;;;;35;;
PRE;16.05.2015 00:00;;;;;;;;;;;;;;3.2;9.6;11.5;34.6;9.2;33.1;;;;;;;;;;;;;;43;;
PRE;17.05.2015 00:00;;;;;;;;;;;;;;2.3;6.3;8.3;22.7;6.2;22.3;;;;;;;;;;;;;;29;;
PRE;18.05.2015 00:00;;;;;;;;;;;;;;2.3;9.2;8.3;33.1;8.9;32;;;;;;;;;;;;;;243;;
PRE;19.05.2015 00:00;;;;;;;;;;;;;;3.2;8.2;11.5;29.5;7.8;28.1;;;;;;;;;;;;;;252;;
PRE;20.05.2015 00:00;;;;;;;;;;;;;;3.4;10.9;12.2;39.2;10.7;38.5;;;;;;;;;;;;;;45;;
PRE;21.05.2015 00:00;;;;;;;;;;;;;;5.6;14;20.2;50.4;13.9;50;;;;;;;;;;;;;;34;;
PRE;23.05.2015 00:00;;;;;;;;;;;;;;7.8;19.2;28.1;69.1;17.7;63.7;;;;;;;;;;;;;;32;;
PRE;24.05.2015 00:00;;;;;;;;;;;;;;5.6;15.2;20.2;54.7;14.7;52.9;;;;;;;;;;;;;;23;;
PRE;25.05.2015 00:00;;;;;;;;;;;;;;1.9;9.2;6.8;33.1;8.8;31.7;;;;;;;;;;;;;;301;;
PRE;26.05.2015 00:00;;;;;;;;;;;;;;4.1;13.6;14.8;49;13;46.8;;;;;;;;;;;;;;8;;
PRE;27.05.2015 00:00;;;;;;;;;;;;;;5.6;14.2;20.2;51.1;14;50.4;;;;;;;;;;;;;;26;;
PRE;28.05.2015 00:00;;;;;;;;;;;;;;1.7;4.8;6.1;17.3;4.6;16.6;;;;;;;;;;;;;;0;;
PRE;29.05.2015 00:00;;;;;;;;;;;;;;3.7;13.2;13.3;47.5;12.8;46.1;;;;;;;;;;;;;;236;;
PRE;30.05.2015 00:00;;;;;;;;;;;;;;3.6;10;13;36;9.5;34.2;;;;;;;;;;;;;;245;;
PRE;31.05.2015 00:00;;;;;;;;;;;;;;2.4;10.3;8.6;37.1;9.9;35.6;;;;;;;;;;;;;;231;;
PRE;01.06.2015 00:00;;;;;;;;;;;;;;3.5;12.9;12.6;46.4;12.4;44.6;;;;;;;;;;;;;;226;;
PRE;02.06.2015 00:00;;;;;;;;;;;;;;3.1;10.7;11.2;38.5;10.2;36.7;;;;;;;;;;;;;;227;;
PRE;03.06.2015 00:00;;;;;;;;;;;;;;1.8;6.2;6.5;22.3;6;21.6;;;;;;;;;;;;;;40;;
PRE;04.06.2015 00:00;;;;;;;;;;;;;;3.2;9.3;11.5;33.5;9.1;32.8;;;;;;;;;;;;;;13;;
PRE;05.06.2015 00:00;;;;;;;;;;;;;;2.3;16.5;8.3;59.4;15.4;55.4;;;;;;;;;;;;;;238;;
PRE;06.06.2015 00:00;;;;;;;;;;;;;;2.6;13.8;9.4;49.7;13.8;49.7;;;;;;;;;;;;;;304;;
PRE;07.06.2015 00:00;;;;;;;;;;;;;;2.5;10.3;9;37.1;10;36;;;;;;;;;;;;;;323;;
PRE;08.06.2015 00:00;;;;;;;;;;;;;;4.1;11.2;14.8;40.3;10.8;38.9;;;;;;;;;;;;;;29;;
PRE;09.06.2015 00:00;;;;;;;;;;;;;;6;12.5;21.6;45;12.2;43.9;;;;;;;;;;;;;;23;;
PRE;10.06.2015 00:00;;;;;;;;;;;;;;4.3;10.3;15.5;37.1;9.9;35.6;;;;;;;;;;;;;;15;;
PRE;11.06.2015 00:00;;;;;;;;;;;;;;2.6;9.4;9.4;33.8;9.3;33.5;;;;;;;;;;;;;;42;;
PRE;12.06.2015 00:00;;;;;;;;;;;;;;2.2;15.8;7.9;56.9;15.2;54.7;;;;;;;;;;;;;;236;;
PRE;13.06.2015 00:00;;;;;;;;;;;;;;2.9;13.8;10.4;49.7;12.9;46.4;;;;;;;;;;;;;;222;;
PRE;14.06.2015 00:00;;;;;;;;;;;;;;2.7;12.4;9.7;44.6;11.9;42.8;;;;;;;;;;;;;;235;;
PRE;15.06.2015 00:00;;;;;;;;;;;;;;2.9;8;10.4;28.8;7.7;27.7;;;;;;;;;;;;;;288;;
PRE;16.06.2015 00:00;;;;;;;;;;;;;;6;15.7;21.6;56.5;15.3;55.1;;;;;;;;;;;;;;22;;
PRE;17.06.2015 00:00;;;;;;;;;;;;;;5.7;14.5;20.5;52.2;13.5;48.6;;;;;;;;;;;;;;22;;
PRE;18.06.2015 00:00;;;;;;;;;;;;;;2.1;8.9;7.6;32;8.5;30.6;;;;;;;;;;;;;;249;;
PRE;19.06.2015 00:00;;;;;;;;;;;;;;3.9;12;14;43.2;11.4;41;;;;;;;;;;;;;;13;;
PRE;20.06.2015 00:00;;;;;;;;;;;;;;2.1;7.4;7.6;26.6;7.3;26.3;;;;;;;;;;;;;;34;;
PRE;21.06.2015 00:00;;;;;;;;;;;;;;1.5;5.7;5.4;20.5;5.6;20.2;;;;;;;;;;;;;;214;;
PRE;22.06.2015 00:00;;;;;;;;;;;;;;4.1;13.1;14.8;47.2;12.3;44.3;;;;;;;;;;;;;;232;;
PRE;23.06.2015 00:00;;;;;;;;;;;;;;4;11.1;14.4;40;10.9;39.2;;;;;;;;;;;;;;37;;
PRE;24.06.2015 00:00;;;;;;;;;;;;;;3.7;10.4;13.3;37.4;10.2;36.7;;;;;;;;;;;;;;19;;
PRE;25.06.2015 00:00;;;;;;;;;;;;;;2;7.2;7.2;25.9;6.9;24.8;;;;;;;;;;;;;;34;;
PRE;26.06.2015 00:00;;;;;;;;;;;;;;2.1;7.3;7.6;26.3;7;25.2;;;;;;;;;;;;;;270;;
PRE;27.06.2015 00:00;;;;;;;;;;;;;;3;10.7;10.8;38.5;10.4;37.4;;;;;;;;;;;;;;293;;
PRE;28.06.2015 00:00;;;;;;;;;;;;;;2.9;8.4;10.4;30.2;8.3;29.9;;;;;;;;;;;;;;21;;
PRE;29.06.2015 00:00;;;;;;;;;;;;;;2.2;6.8;7.9;24.5;6.5;23.4;;;;;;;;;;;;;;326;;
PRE;30.06.2015 00:00;;;;;;;;;;;;;;2.1;6.6;7.6;23.8;6.4;23;;;;;;;;;;;;;;360;;
PRE;01.07.2015 00:00;;;;;;;;;;;;;;1.8;5.1;6.5;18.4;5;18;;;;;;;;;;;;;;162;;
PRE;02.07.2015 00:00;;;;;;;;;;;;;;2.3;9.2;8.3;33.1;8.9;32;;;;;;;;;;;;;;223;;
PRE;03.07.2015 00:00;;;;;;;;;;;;;;1.8;5.7;6.5;20.5;5.5;19.8;;;;;;;;;;;;;;248;;
PRE;04.07.2015 00:00;;;;;;;;;;;;;;2.1;6;7.6;21.6;5.7;20.5;;;;;;;;;;;;;;194;;
PRE;05.07.2015 00:00;;;;;;;;;;;;;;2.6;11.7;9.4;42.1;10.8;38.9;;;;;;;;;;;;;;232;;
PRE;06.07.2015 00:00;;;;;;;;;;;;;;2.7;7.7;9.7;27.7;7.5;27;;;;;;;;;;;;;;36;;
PRE;07.07.2015 00:00;;;;;;;;;;;;;;3.1;17.5;11.2;63;16.7;60.1;;;;;;;;;;;;;;242;;
PRE;08.07.2015 00:00;;;;;;;;;;;;;;5;13.6;18;49;13;46.8;;;;;;;;;;;;;;263;;
PRE;09.07.2015 00:00;;;;;;;;;;;;;;3.4;11;12.2;39.6;10.7;38.5;;;;;;;;;;;;;;25;;
PRE;10.07.2015 00:00;;;;;;;;;;;;;;3.8;10.8;13.7;38.9;10.6;38.2;;;;;;;;;;;;;;20;;
PRE;11.07.2015 00:00;;;;;;;;;;;;;;2.7;11.2;9.7;40.3;10.8;38.9;;;;;;;;;;;;;;251;;
PRE;12.07.2015 00:00;;;;;;;;;;;;;;2;10.8;7.2;38.9;10;36;;;;;;;;;;;;;;256;;
PRE;13.07.2015 00:00;;;;;;;;;;;;;;1.7;5;6.1;18;4.9;17.6;;;;;;;;;;;;;;143;;
PRE;14.07.2015 00:00;;;;;;;;;;;;;;2;5.7;7.2;20.5;5.5;19.8;;;;;;;;;;;;;;360;;
PRE;15.07.2015 00:00;;;;;;;;;;;;;;3.2;8.4;11.5;30.2;8.1;29.2;;;;;;;;;;;;;;356;;
PRE;16.07.2015 00:00;;;;;;;;;;;;;;1.8;5.6;6.5;20.2;5.5;19.8;;;;;;;;;;;;;;180;;
PRE;17.07.2015 00:00;;;;;;;;;;;;;;2.6;10.6;9.4;38.2;9.9;35.6;;;;;;;;;;;;;;58;;
PRE;18.07.2015 00:00;;;;;;;;;;;;;;2.6;12.7;9.4;45.7;12.1;43.6;;;;;;;;;;;;;;45;;
PRE;19.07.2015 00:00;;;;;;;;;;;;;;4.1;12;14.8;43.2;11.6;41.8;;;;;;;;;;;;;;254;;
PRE;20.07.2015 00:00;;;;;;;;;;;;;;2.1;6.6;7.6;23.8;6.5;23.4;;;;;;;;;;;;;;79;;
PRE;21.07.2015 00:00;;;;;;;;;;;;;;2.4;14.5;8.6;52.2;13.6;49;;;;;;;;;;;;;;231;;
PRE;22.07.2015 00:00;;;;;;;;;;;;;;3.2;13.1;11.5;47.2;12.8;46.1;;;;;;;;;;;;;;243;;
PRE;23.07.2015 00:00;;;;;;;;;;;;;;3.2;10.6;11.5;38.2;10.2;36.7;;;;;;;;;;;;;;5;;
PRE;24.07.2015 00:00;;;;;;;;;;;;;;3.3;11.6;11.9;41.8;11.3;40.7;;;;;;;;;;;;;;32;;
PRE;25.07.2015 00:00;;;;;;;;;;;;;;5.1;14.7;18.4;52.9;14.2;51.1;;;;;;;;;;;;;;267;;
PRE;26.07.2015 00:00;;;;;;;;;;;;;;3;8.8;10.8;31.7;8.7;31.3;;;;;;;;;;;;;;351;;
PRE;27.07.2015 00:00;;;;;;;;;;;;;;5.3;14;19.1;50.4;13.4;48.2;;;;;;;;;;;;;;235;;
PRE;28.07.2015 00:00;;;;;;;;;;;;;;4.7;11.3;16.9;40.7;11.1;40;;;;;;;;;;;;;;246;;
PRE;29.07.2015 00:00;;;;;;;;;;;;;;3.5;9.5;12.6;34.2;9.4;33.8;;;;;;;;;;;;;;267;;
PRE;30.07.2015 00:00;;;;;;;;;;;;;;3.8;9.1;13.7;32.8;8.9;32;;;;;;;;;;;;;;29;;
PRE;31.07.2015 00:00;;;;;;;;;;;;;;4.8;12.4;17.3;44.6;12.2;43.9;;;;;;;;;;;;;;12;;
PRE;01.08.2015 00:00;;;;;;;;;;;;;;1.9;10.8;6.8;38.9;10.2;36.7;;;;;;;;;;;;;;279;;
PRE;02.08.2015 00:00;;;;;;;;;;;;;;3.4;9.8;12.2;35.3;9.4;33.8;;;;;;;;;;;;;;12;;
PRE;03.08.2015 00:00;;;;;;;;;;;;;;1.6;3.7;5.8;13.3;3.7;13.3;;;;;;;;;;;;;;270;;
PRE;04.08.2015 00:00;;;;;;;;;;;;;;1.8;5.6;6.5;20.2;5.5;19.8;;;;;;;;;;;;;;45;;
PRE;05.08.2015 00:00;;;;;;;;;;;;;;2.6;7;9.4;25.2;6.7;24.1;;;;;;;;;;;;;;42;;
PRE;06.08.2015 00:00;;;;;;;;;;;;;;1.5;4.1;5.4;14.8;4;14.4;;;;;;;;;;;;;;270;;
PRE;07.08.2015 00:00;;;;;;;;;;;;;;1.8;11;6.5;39.6;9.8;35.3;;;;;;;;;;;;;;252;;
PRE;08.08.2015 00:00;;;;;;;;;;;;;;3.1;11.7;11.2;42.1;11.5;41.4;;;;;;;;;;;;;;11;;
PRE;09.08.2015 00:00;;;;;;;;;;;;;;2.4;6.1;8.6;22;5.8;20.9;;;;;;;;;;;;;;264;;
PRE;10.08.2015 00:00;;;;;;;;;;;;;;2.6;8.6;9.4;31;8.3;29.9;;;;;;;;;;;;;;36;;
PRE;11.08.2015 00:00;;;;;;;;;;;;;;1.8;5.5;6.5;19.8;5.4;19.4;;;;;;;;;;;;;;135;;
PRE;12.08.2015 00:00;;;;;;;;;;;;;;1.9;5.6;6.8;20.2;5.4;19.4;;;;;;;;;;;;;;315;;
PRE;13.08.2015 00:00;;;;;;;;;;;;;;2.2;25.4;7.9;91.4;24.3;87.5;;;;;;;;;;;;;;241;;
PRE;14.08.2015 00:00;;;;;;;;;;;;;;2.6;11.4;9.4;41;11.1;40;;;;;;;;;;;;;;256;;
PRE;15.08.2015 00:00;;;;;;;;;;;;;;3.6;10.6;13;38.2;10;36;;;;;;;;;;;;;;254;;
PRE;16.08.2015 00:00;;;;;;;;;;;;;;1.3;4.7;4.7;16.9;4.6;16.6;;;;;;;;;;;;;;225;;
PRE;17.08.2015 00:00;;;;;;;;;;;;;;3.6;9;13;32.4;8.7;31.3;;;;;;;;;;;;;;18;;
PRE;18.08.2015 00:00;;;;;;;;;;;;;;2.6;8.7;9.4;31.3;8.4;30.2;;;;;;;;;;;;;;13;;
PRE;19.08.2015 00:00;;;;;;;;;;;;;;4.5;10.4;16.2;37.4;10.1;36.4;;;;;;;;;;;;;;24;;
PRE;20.08.2015 00:00;;;;;;;;;;;;;;2.8;7.1;10.1;25.6;6.9;24.8;;;;;;;;;;;;;;34;;
PRE;21.08.2015 00:00;;;;;;;;;;;;;;3.9;10.2;14;36.7;10.1;36.4;;;;;;;;;;;;;;25;;
PRE;22.08.2015 00:00;;;;;;;;;;;;;;2;5.6;7.2;20.2;5.3;19.1;;;;;;;;;;;;;;68;;
PRE;23.08.2015 00:00;;;;;;;;;;;;;;1.5;3.8;5.4;13.7;3.7;13.3;;;;;;;;;;;;;;281;;
PRE;24.08.2015 00:00;;;;;;;;;;;;;;2.8;11.3;10.1;40.7;10.7;38.5;;;;;;;;;;;;;;249;;
PRE;25.08.2015 00:00;;;;;;;;;;;;;;2.2;6.7;7.9;24.1;6.5;23.4;;;;;;;;;;;;;;240;;
PRE;26.08.2015 00:00;;;;;;;;;;;;;;1.6;4.4;5.8;15.8;4.2;15.1;;;;;;;;;;;;;;270;;
PRE;27.08.2015 00:00;;;;;;;;;;;;;;2.9;10.8;10.4;38.9;10.5;37.8;;;;;;;;;;;;;;223;;
PRE;28.08.2015 00:00;;;;;;;;;;;;;;2.8;8.6;10.1;31;8.5;30.6;;;;;;;;;;;;;;219;;
PRE;29.08.2015 00:00;;;;;;;;;;;;;;1.4;4.5;5;16.2;4.4;15.8;;;;;;;;;;;;;;214;;
PRE;30.08.2015 00:00;;;;;;;;;;;;;;1.6;4.9;5.8;17.6;4.9;17.6;;;;;;;;;;;;;;225;;
PRE;31.08.2015 00:00;;;;;;;;;;;;;;2.4;12.4;8.6;44.6;12;43.2;;;;;;;;;;;;;;223;;
PRE;01.09.2015 00:00;;;;;;;;;;;;;;4.5;19;16.2;68.4;18.3;65.9;;;;;;;;;;;;;;226;;
PRE;02.09.2015 00:00;;;;;;;;;;;;;;2.7;8.6;9.7;31;8.3;29.9;;;;;;;;;;;;;;18;;
PRE;03.09.2015 00:00;;;;;;;;;;;;;;2;7;7.2;25.2;6.6;23.8;;;;;;;;;;;;;;270;;
PRE;04.09.2015 00:00;;;;;;;;;;;;;;2.2;6.7;7.9;24.1;6.6;23.8;;;;;;;;;;;;;;14;;
PRE;05.09.2015 00:00;;;;;;;;;;;;;;2.7;8.3;9.7;29.9;8.2;29.5;;;;;;;;;;;;;;352;;
PRE;06.09.2015 00:00;;;;;;;;;;;;;;3.7;11;13.3;39.6;10.4;37.4;;;;;;;;;;;;;;7;;
PRE;07.09.2015 00:00;;;;;;;;;;;;;;6.5;13.5;23.4;48.6;12.7;45.7;;;;;;;;;;;;;;28;;
PRE;08.09.2015 00:00;;;;;;;;;;;;;;4.2;10.6;15.1;38.2;10.3;37.1;;;;;;;;;;;;;;31;;
PRE;09.09.2015 00:00;;;;;;;;;;;;;;4.5;9.8;16.2;35.3;9.4;33.8;;;;;;;;;;;;;;17;;
PRE;10.09.2015 00:00;;;;;;;;;;;;;;4.4;10.7;15.8;38.5;10.5;37.8;;;;;;;;;;;;;;16;;
PRE;11.09.2015 00:00;;;;;;;;;;;;;;1.8;5.8;6.5;20.9;5.6;20.2;;;;;;;;;;;;;;27;;
PRE;12.09.2015 00:00;;;;;;;;;;;;;;1.5;9.5;5.4;34.2;9.4;33.8;;;;;;;;;;;;;;236;;
PRE;13.09.2015 00:00;;;;;;;;;;;;;;2.3;12.1;8.3;43.6;11.6;41.8;;;;;;;;;;;;;;256;;
PRE;14.09.2015 00:00;;;;;;;;;;;;;;4.3;17.6;15.5;63.4;17.3;62.3;;;;;;;;;;;;;;235;;
PRE;15.09.2015 00:00;;;;;;;;;;;;;;3;7.6;10.8;27.4;7.4;26.6;;;;;;;;;;;;;;257;;
PRE;16.09.2015 00:00;;;;;;;;;;;;;;3;16.4;10.8;59;16.2;58.3;;;;;;;;;;;;;;236;;
PRE;17.09.2015 00:00;;;;;;;;;;;;;;2.7;13.3;9.7;47.9;12.9;46.4;;;;;;;;;;;;;;252;;
PRE;18.09.2015 00:00;;;;;;;;;;;;;;2;6.3;7.2;22.7;6.2;22.3;;;;;;;;;;;;;;270;;
PRE;19.09.2015 00:00;;;;;;;;;;;;;;2;8;7.2;28.8;7.8;28.1;;;;;;;;;;;;;;337;;
PRE;20.09.2015 00:00;;;;;;;;;;;;;;4.7;12.1;16.9;43.6;11.9;42.8;;;;;;;;;;;;;;20;;
PRE;21.09.2015 00:00;;;;;;;;;;;;;;2.8;8.6;10.1;31;8.4;30.2;;;;;;;;;;;;;;5;;
PRE;22.09.2015 00:00;;;;;;;;;;;;;;4.8;15.5;17.3;55.8;14.7;52.9;;;;;;;;;;;;;;237;;
PRE;23.09.2015 00:00;;;;;;;;;;;;;;2.4;8.8;8.6;31.7;8.5;30.6;;;;;;;;;;;;;;261;;
PRE;24.09.2015 00:00;;;;;;;;;;;;;;3.9;10.6;14;38.2;10.2;36.7;;;;;;;;;;;;;;21;;
PRE;25.09.2015 00:00;;;;;;;;;;;;;;4.9;10.4;17.6;37.4;10.2;36.7;;;;;;;;;;;;;;28;;
PRE;26.09.2015 00:00;;;;;;;;;;;;;;5.5;12.5;19.8;45;12.3;44.3;;;;;;;;;;;;;;28;;
PRE;27.09.2015 00:00;;;;;;;;;;;;;;6.1;14.2;22;51.1;12.6;45.4;;;;;;;;;;;;;;22;;
PRE;28.09.2015 00:00;;;;;;;;;;;;;;8;17.6;28.8;63.4;17.3;62.3;;;;;;;;;;;;;;29;;
PRE;29.09.2015 00:00;;;;;;;;;;;;;;5.4;12.4;19.4;44.6;11.9;42.8;;;;;;;;;;;;;;31;;
PRE;30.09.2015 00:00;;;;;;;;;;;;;;6.2;13.4;22.3;48.2;12.8;46.1;;;;;;;;;;;;;;20;;
PRE;01.10.2015 00:00;;;;;;;;;;;;;;6;12.4;21.6;44.6;12.1;43.6;;;;;;;;;;;;;;16;;
PRE;02.10.2015 00:00;;;;;;;;;;;;;;2.5;8.3;9;29.9;8.1;29.2;;;;;;;;;;;;;;360;;
PRE;03.10.2015 00:00;;;;;;;;;;;;;;2.4;8.4;8.6;30.2;8;28.8;;;;;;;;;;;;;;234;;
PRE;04.10.2015 00:00;;;;;;;;;;;;;;2.2;6.4;7.9;23;6.2;22.3;;;;;;;;;;;;;;238;;
PRE;05.10.2015 00:00;;;;;;;;;;;;;;1.4;4.7;5;16.9;4.6;16.6;;;;;;;;;;;;;;166;;
PRE;06.10.2015 00:00;;;;;;;;;;;;;;1.8;7.4;6.5;26.6;7.3;26.3;;;;;;;;;;;;;;232;;
PRE;07.10.2015 00:00;;;;;;;;;;;;;;2.8;8.8;10.1;31.7;8.7;31.3;;;;;;;;;;;;;;245;;
PRE;08.10.2015 00:00;;;;;;;;;;;;;;2.9;7.4;10.4;26.6;7.2;25.9;;;;;;;;;;;;;;10;;
PRE;09.10.2015 00:00;;;;;;;;;;;;;;4;9.2;14.4;33.1;8.8;31.7;;;;;;;;;;;;;;17;;
PRE;10.10.2015 00:00;;;;;;;;;;;;;;4.9;10.1;17.6;36.4;9.8;35.3;;;;;;;;;;;;;;30;;
PRE;11.10.2015 00:00;;;;;;;;;;;;;;5.1;9.6;18.4;34.6;9.4;33.8;;;;;;;;;;;;;;10;;
PRE;12.10.2015 00:00;;;;;;;;;;;;;;2.4;6.9;8.6;24.8;6.8;24.5;;;;;;;;;;;;;;352;;
PRE;13.10.2015 00:00;;;;;;;;;;;;;;2.8;12.7;10.1;45.7;12.1;43.6;;;;;;;;;;;;;;267;;
PRE;14.10.2015 00:00;;;;;;;;;;;;;;3.5;9.3;12.6;33.5;8.8;31.7;;;;;;;;;;;;;;3;;
PRE;15.10.2015 00:00;;;;;;;;;;;;;;2.4;7.7;8.6;27.7;7.6;27.4;;;;;;;;;;;;;;13;;
PRE;16.10.2015 00:00;;;;;;;;;;;;;;3.5;9.2;12.6;33.1;9;32.4;;;;;;;;;;;;;;22;;
PRE;17.10.2015 00:00;;;;;;;;;;;;;;2.5;6.5;9;23.4;6.2;22.3;;;;;;;;;;;;;;342;;
PRE;18.10.2015 00:00;;;;;;;;;;;;;;2.8;8;10.1;28.8;7.8;28.1;;;;;;;;;;;;;;17;;
PRE;19.10.2015 00:00;;;;;;;;;;;;;;5.3;12;19.1;43.2;11.1;40;;;;;;;;;;;;;;20;;
PRE;20.10.2015 00:00;;;;;;;;;;;;;;6.1;15.1;22;54.4;14;50.4;;;;;;;;;;;;;;23;;
PRE;21.10.2015 00:00;;;;;;;;;;;;;;6;14.1;21.6;50.8;13.3;47.9;;;;;;;;;;;;;;23;;
PRE;22.10.2015 00:00;;;;;;;;;;;;;;2.1;5.4;7.6;19.4;5.2;18.7;;;;;;;;;;;;;;9;;
PRE;23.10.2015 00:00;;;;;;;;;;;;;;3.4;10;12.2;36;9.7;34.9;;;;;;;;;;;;;;16;;
PRE;24.10.2015 00:00;;;;;;;;;;;;;;1.2;3.5;4.3;12.6;3.3;11.9;;;;;;;;;;;;;;288;;
PRE;25.10.2015 00:00;;;;;;;;;;;;;;2.3;7.5;8.3;27;7.2;25.9;;;;;;;;;;;;;;13;;
PRE;26.10.2015 00:00;;;;;;;;;;;;;;1.6;5.2;5.8;18.7;5.2;18.7;;;;;;;;;;;;;;18;;
PRE;27.10.2015 00:00;;;;;;;;;;;;;;1.5;5.1;5.4;18.4;5;18;;;;;;;;;;;;;;315;;
PRE;28.10.2015 00:00;;;;;;;;;;;;;;2.3;10.7;8.3;38.5;10.3;37.1;;;;;;;;;;;;;;265;;
PRE;29.10.2015 00:00;;;;;;;;;;;;;;2.7;8.8;9.7;31.7;8.6;31;;;;;;;;;;;;;;27;;
PRE;30.10.2015 00:00;;;;;;;;;;;;;;1.8;5.2;6.5;18.7;5.1;18.4;;;;;;;;;;;;;;21;;
PRE;31.10.2015 00:00;;;;;;;;;;;;;;3.1;7.9;11.2;28.4;7.6;27.4;;;;;;;;;;;;;;14;;
PRE;01.11.2015 00:00;;;;;;;;;;;;;;2;4.7;7.2;16.9;4.6;16.6;;;;;;;;;;;;;;345;;
PRE;02.11.2015 00:00;;;;;;;;;;;;;;2.1;7.1;7.6;25.6;7;25.2;;;;;;;;;;;;;;353;;
PRE;03.11.2015 00:00;;;;;;;;;;;;;;1.7;4.6;6.1;16.6;4.5;16.2;;;;;;;;;;;;;;331;;
PRE;04.11.2015 00:00;;;;;;;;;;;;;;1.1;3.4;4;12.2;3.4;12.2;;;;;;;;;;;;;;301;;
PRE;05.11.2015 00:00;;;;;;;;;;;;;;1.3;3.6;4.7;13;3.5;12.6;;;;;;;;;;;;;;304;;
PRE;06.11.2015 00:00;;;;;;;;;;;;;;1.1;3;4;10.8;2.8;10.1;;;;;;;;;;;;;;346;;
PRE;07.11.2015 00:00;;;;;;;;;;;;;;1.4;4;5;14.4;3.9;14;;;;;;;;;;;;;;333;;
PRE;08.11.2015 00:00;;;;;;;;;;;;;;1.4;3.8;5;13.7;3.7;13.3;;;;;;;;;;;;;;307;;
PRE;09.11.2015 00:00;;;;;;;;;;;;;;1.3;4.1;4.7;14.8;4;14.4;;;;;;;;;;;;;;360;;
PRE;10.11.2015 00:00;;;;;;;;;;;;;;1.3;2.9;4.7;10.4;2.8;10.1;;;;;;;;;;;;;;321;;
PRE;11.11.2015 00:00;;;;;;;;;;;;;;1.2;3.2;4.3;11.5;3.1;11.2;;;;;;;;;;;;;;300;;
PRE;12.11.2015 00:00;;;;;;;;;;;;;;2.4;7.7;8.6;27.7;7.5;27;;;;;;;;;;;;;;360;;
PRE;13.11.2015 00:00;;;;;;;;;;;;;;1.2;4;4.3;14.4;3.8;13.7;;;;;;;;;;;;;;286;;
PRE;14.11.2015 00:00;;;;;;;;;;;;;;2.1;9.7;7.6;34.9;9.3;33.5;;;;;;;;;;;;;;247;;
PRE;15.11.2015 00:00;;;;;;;;;;;;;;2.2;7.3;7.9;26.3;7.1;25.6;;;;;;;;;;;;;;230;;
PRE;16.11.2015 00:00;;;;;;;;;;;;;;1.2;3.9;4.3;14;3.9;14;;;;;;;;;;;;;;309;;
PRE;17.11.2015 00:00;;;;;;;;;;;;;;3.7;10.7;13.3;38.5;10.3;37.1;;;;;;;;;;;;;;233;;
PRE;18.11.2015 00:00;;;;;;;;;;;;;;4.5;10.2;16.2;36.7;10.1;36.4;;;;;;;;;;;;;;240;;
PRE;19.11.2015 00:00;;;;;;;;;;;;;;4.9;12.1;17.6;43.6;11.6;41.8;;;;;;;;;;;;;;236;;
PRE;20.11.2015 00:00;;;;;;;;;;;;;;7.6;17.7;27.4;63.7;17.1;61.6;;;;;;;;;;;;;;240;;
PRE;21.11.2015 00:00;;;;;;;;;;;;;;4.2;17.7;15.1;63.7;17;61.2;;;;;;;;;;;;;;248;;
PRE;22.11.2015 00:00;;;;;;;;;;;;;;3.4;9.4;12.2;33.8;9.1;32.8;;;;;;;;;;;;;;324;;
PRE;23.11.2015 00:00;;;;;;;;;;;;;;3.9;10.1;14;36.4;9.9;35.6;;;;;;;;;;;;;;22;;
PRE;24.11.2015 00:00;;;;;;;;;;;;;;3.4;14.7;12.2;52.9;13.7;49.3;;;;;;;;;;;;;;258;;
PRE;25.11.2015 00:00;;;;;;;;;;;;;;4.8;13.6;17.3;49;13.4;48.2;;;;;;;;;;;;;;247;;
PRE;26.11.2015 00:00;;;;;;;;;;;;;;4.7;17.6;16.9;63.4;16.8;60.5;;;;;;;;;;;;;;30;;
PRE;27.11.2015 00:00;;;;;;;;;;;;;;5.2;18.2;18.7;65.5;18;64.8;;;;;;;;;;;;;;23;;
PRE;28.11.2015 00:00;;;;;;;;;;;;;;3;8.5;10.8;30.6;8.2;29.5;;;;;;;;;;;;;;245;;
PRE;29.11.2015 00:00;;;;;;;;;;;;;;7.1;13.7;25.6;49.3;13.3;47.9;;;;;;;;;;;;;;248;;
PRE;30.11.2015 00:00;;;;;;;;;;;;;;5.9;13;21.2;46.8;12.1;43.6;;;;;;;;;;;;;;247;;
PRE;01.12.2015 00:00;;;;;;;;;;;;;;3.1;8.3;11.2;29.9;8.2;29.5;;;;;;;;;;;;;;255;;
PRE;02.12.2015 00:00;;;;;;;;;;;;;;1.4;3.8;5;13.7;3.7;13.3;;;;;;;;;;;;;;318;;
PRE;03.12.2015 00:00;;;;;;;;;;;;;;1.4;4.7;5;16.9;4.6;16.6;;;;;;;;;;;;;;323;;
PRE;04.12.2015 00:00;;;;;;;;;;;;;;1.4;8.2;5;29.5;7.7;27.7;;;;;;;;;;;;;;311;;
PRE;05.12.2015 00:00;;;;;;;;;;;;;;1.8;6.6;6.5;23.8;6.3;22.7;;;;;;;;;;;;;;315;;
PRE;06.12.2015 00:00;;;;;;;;;;;;;;1.3;3.5;4.7;12.6;3.4;12.2;;;;;;;;;;;;;;297;;
PRE;07.12.2015 00:00;;;;;;;;;;;;;;1.4;4.5;5;16.2;4.4;15.8;;;;;;;;;;;;;;333;;
PRE;08.12.2015 00:00;;;;;;;;;;;;;;1.3;4;4.7;14.4;3.9;14;;;;;;;;;;;;;;276;;
PRE;09.12.2015 00:00;;;;;;;;;;;;;;2.4;9.7;8.6;34.9;9.1;32.8;;;;;;;;;;;;;;15;;
PRE;10.12.2015 00:00;;;;;;;;;;;;;;2.4;7.4;8.6;26.6;7.1;25.6;;;;;;;;;;;;;;3;;
PRE;11.12.2015 00:00;;;;;;;;;;;;;;1.6;5.6;5.8;20.2;5.5;19.8;;;;;;;;;;;;;;278;;
PRE;12.12.2015 00:00;;;;;;;;;;;;;;1.6;3.5;5.8;12.6;3.4;12.2;;;;;;;;;;;;;;346;;
PRE;13.12.2015 00:00;;;;;;;;;;;;;;2.3;8.1;8.3;29.2;7.8;28.1;;;;;;;;;;;;;;347;;
PRE;14.12.2015 00:00;;;;;;;;;;;;;;1.7;5.7;6.1;20.5;5.6;20.2;;;;;;;;;;;;;;326;;
PRE;15.12.2015 00:00;;;;;;;;;;;;;;1.2;3.6;4.3;13;3.5;12.6;;;;;;;;;;;;;;284;;
PRE;16.12.2015 00:00;;;;;;;;;;;;;;1.1;3.5;4;12.6;3.4;12.2;;;;;;;;;;;;;;307;;
PRE;17.12.2015 00:00;;;;;;;;;;;;;;0.9;3;3.2;10.8;3;10.8;;;;;;;;;;;;;;307;;
PRE;18.12.2015 00:00;;;;;;;;;;;;;;0.8;3.1;2.9;11.2;3;10.8;;;;;;;;;;;;;;281;;
PRE;19.12.2015 00:00;;;;;;;;;;;;;;1;3.2;3.6;11.5;3.2;11.5;;;;;;;;;;;;;;315;;
PRE;20.12.2015 00:00;;;;;;;;;;;;;;0.7;2.7;2.5;9.7;2.6;9.4;;;;;;;;;;;;;;252;;
PRE;21.12.2015 00:00;;;;;;;;;;;;;;3.6;8.5;13;30.6;8.1;29.2;;;;;;;;;;;;;;238;;
PRE;22.12.2015 00:00;;;;;;;;;;;;;;1.5;5.8;5.4;20.9;5.8;20.9;;;;;;;;;;;;;;229;;
PRE;23.12.2015 00:00;;;;;;;;;;;;;;2.2;7.3;7.9;26.3;7;25.2;;;;;;;;;;;;;;249;;
PRE;24.12.2015 00:00;;;;;;;;;;;;;;1.2;3.4;4.3;12.2;3.3;11.9;;;;;;;;;;;;;;349;;
PRE;25.12.2015 00:00;;;;;;;;;;;;;;1.3;3.2;4.7;11.5;3.1;11.2;;;;;;;;;;;;;;360;;
PRE;26.12.2015 00:00;;;;;;;;;;;;;;1.3;3.2;4.7;11.5;3.1;11.2;;;;;;;;;;;;;;328;;
PRE;27.12.2015 00:00;;;;;;;;;;;;;;1.1;2.9;4;10.4;2.8;10.1;;;;;;;;;;;;;;315;;
PRE;28.12.2015 00:00;;;;;;;;;;;;;;0.9;2.6;3.2;9.4;2.6;9.4;;;;;;;;;;;;;;307;;
PRE;29.12.2015 00:00;;;;;;;;;;;;;;1.3;3.8;4.7;13.7;3.8;13.7;;;;;;;;;;;;;;311;;
PRE;30.12.2015 00:00;;;;;;;;;;;;;;2.2;7;7.9;25.2;6.9;24.8;;;;;;;;;;;;;;340;;
PRE;31.12.2015 00:00;;;;;;;;;;;;;;1.3;5;4.7;18;5;18;;;;;;;;;;;;;;214;;
PRE;01.01.2016 00:00;;;;;;;;;;;;;;3.4;8.9;12.2;32;8.5;30.6;;;;;;;;;;;;;;7;;
PRE;02.01.2016 00:00;;;;;;;;;;;;;;2.4;7.8;8.6;28.1;7.5;27;;;;;;;;;;;;;;262;;
PRE;03.01.2016 00:00;;;;;;;;;;;;;;4.4;14.8;15.8;53.3;14.1;50.8;;;;;;;;;;;;;;240;;
PRE;04.01.2016 00:00;;;;;;;;;;;;;;6.2;14.6;22.3;52.6;14;50.4;;;;;;;;;;;;;;240;;
PRE;05.01.2016 00:00;;;;;;;;;;;;;;4.6;12.9;16.6;46.4;12.4;44.6;;;;;;;;;;;;;;238;;
PRE;06.01.2016 00:00;;;;;;;;;;;;;;4.4;13.8;15.8;49.7;13.2;47.5;;;;;;;;;;;;;;242;;
PRE;07.01.2016 00:00;;;;;;;;;;;;;;5.1;13.7;18.4;49.3;13.4;48.2;;;;;;;;;;;;;;242;;
PRE;08.01.2016 00:00;;;;;;;;;;;;;;1.5;5.7;5.4;20.5;5.6;20.2;;;;;;;;;;;;;;346;;
PRE;09.01.2016 00:00;;;;;;;;;;;;;;1.5;4.7;5.4;16.9;4.6;16.6;;;;;;;;;;;;;;23;;
PRE;10.01.2016 00:00;;;;;;;;;;;;;;3.3;10.6;11.9;38.2;10.2;36.7;;;;;;;;;;;;;;231;;
PRE;11.01.2016 00:00;;;;;;;;;;;;;;7.3;20.6;26.3;74.2;19.9;71.6;;;;;;;;;;;;;;231;;
PRE;12.01.2016 00:00;;;;;;;;;;;;;;9.1;22;32.8;79.2;20.9;75.2;;;;;;;;;;;;;;230;;
PRE;13.01.2016 00:00;;;;;;;;;;;;;;5.9;16.7;21.2;60.1;16.4;59;;;;;;;;;;;;;;227;;
PRE;14.01.2016 00:00;;;;;;;;;;;;;;2.9;13.3;10.4;47.9;12.4;44.6;;;;;;;;;;;;;;258;;
PRE;15.01.2016 00:00;;;;;;;;;;;;;;4;10.4;14.4;37.4;10.3;37.1;;;;;;;;;;;;;;246;;
PRE;16.01.2016 00:00;;;;;;;;;;;;;;2.4;9;8.6;32.4;8.8;31.7;;;;;;;;;;;;;;301;;
PRE;17.01.2016 00:00;;;;;;;;;;;;;;3.3;9.7;11.9;34.9;9.3;33.5;;;;;;;;;;;;;;300;;
PRE;18.01.2016 00:00;;;;;;;;;;;;;;4.3;9.7;15.5;34.9;9.2;33.1;;;;;;;;;;;;;;11;;
PRE;19.01.2016 00:00;;;;;;;;;;;;;;0.8;4.1;2.9;14.8;4.1;14.8;;;;;;;;;;;;;;342;;
PRE;20.01.2016 00:00;;;;;;;;;;;;;;2.6;6.9;9.4;24.8;6.8;24.5;;;;;;;;;;;;;;2;;
PRE;21.01.2016 00:00;;;;;;;;;;;;;;5.3;12;19.1;43.2;11.5;41.4;;;;;;;;;;;;;;10;;
PRE;22.01.2016 00:00;;;;;;;;;;;;;;1.3;4.4;4.7;15.8;4.2;15.1;;;;;;;;;;;;;;281;;
PRE;23.01.2016 00:00;;;;;;;;;;;;;;2.9;8.7;10.4;31.3;8.5;30.6;;;;;;;;;;;;;;304;;
PRE;24.01.2016 00:00;;;;;;;;;;;;;;1.5;6.6;5.4;23.8;6.5;23.4;;;;;;;;;;;;;;339;;
PRE;25.01.2016 00:00;;;;;;;;;;;;;;1.2;3.5;4.3;12.6;3.4;12.2;;;;;;;;;;;;;;315;;
PRE;26.01.2016 00:00;;;;;;;;;;;;;;1;3.5;3.6;12.6;3.4;12.2;;;;;;;;;;;;;;307;;
PRE;27.01.2016 00:00;;;;;;;;;;;;;;1.4;11.9;5;42.8;11.6;41.8;;;;;;;;;;;;;;270;;
PRE;28.01.2016 00:00;;;;;;;;;;;;;;1.8;11.6;6.5;41.8;11.1;40;;;;;;;;;;;;;;211;;
PRE;29.01.2016 00:00;;;;;;;;;;;;;;1.6;6.1;5.8;22;5.9;21.2;;;;;;;;;;;;;;243;;
PRE;30.01.2016 00:00;;;;;;;;;;;;;;8.6;22.3;31;80.3;21.2;76.3;;;;;;;;;;;;;;236;;
PRE;31.01.2016 00:00;;;;;;;;;;;;;;7.8;16.5;28.1;59.4;15.7;56.5;;;;;;;;;;;;;;244;;
PRE;01.02.2016 00:00;;;;;;;;;;;;;;4.2;10.9;15.1;39.2;10.3;37.1;;;;;;;;;;;;;;244;;
PRE;02.02.2016 00:00;;;;;;;;;;;;;;3.2;11.3;11.5;40.7;11.2;40.3;;;;;;;;;;;;;;237;;
PRE;03.02.2016 00:00;;;;;;;;;;;;;;3.8;10.2;13.7;36.7;10;36;;;;;;;;;;;;;;252;;
PRE;04.02.2016 00:00;;;;;;;;;;;;;;5.8;15;20.9;54;14.1;50.8;;;;;;;;;;;;;;243;;
PRE;05.02.2016 00:00;;;;;;;;;;;;;;1.6;6;5.8;21.6;5.9;21.2;;;;;;;;;;;;;;248;;
PRE;06.02.2016 00:00;;;;;;;;;;;;;;1.1;3.1;4;11.2;3;10.8;;;;;;;;;;;;;;297;;
PRE;07.02.2016 00:00;;;;;;;;;;;;;;4;17;14.4;61.2;16.1;58;;;;;;;;;;;;;;253;;
PRE;08.02.2016 00:00;;;;;;;;;;;;;;8.4;19.3;30.2;69.5;18.4;66.2;;;;;;;;;;;;;;242;;
PRE;09.02.2016 00:00;;;;;;;;;;;;;;8.9;25.3;32;91.1;24.5;88.2;;;;;;;;;;;;;;239;;
PRE;10.02.2016 00:00;;;;;;;;;;;;;;6.1;17.2;22;61.9;16.6;59.8;;;;;;;;;;;;;;230;;
PRE;11.02.2016 00:00;;;;;;;;;;;;;;2;5.9;7.2;21.2;5.7;20.5;;;;;;;;;;;;;;243;;
PRE;12.02.2016 00:00;;;;;;;;;;;;;;1.8;11.9;6.5;42.8;11.5;41.4;;;;;;;;;;;;;;249;;
PRE;13.02.2016 00:00;;;;;;;;;;;;;;6.4;17;23;61.2;16.5;59.4;;;;;;;;;;;;;;243;;
PRE;14.02.2016 00:00;;;;;;;;;;;;;;4.1;14.1;14.8;50.8;13.6;49;;;;;;;;;;;;;;236;;
PRE;15.02.2016 00:00;;;;;;;;;;;;;;4;11.5;14.4;41.4;11.1;40;;;;;;;;;;;;;;11;;
PRE;16.02.2016 00:00;;;;;;;;;;;;;;8.7;19.1;31.3;68.8;18.2;65.5;;;;;;;;;;;;;;28;;
PRE;17.02.2016 00:00;;;;;;;;;;;;;;2.7;6.9;9.7;24.8;6.8;24.5;;;;;;;;;;;;;;270;;
PRE;18.02.2016 00:00;;;;;;;;;;;;;;2.8;9;10.1;32.4;8.9;32;;;;;;;;;;;;;;225;;
PRE;19.02.2016 00:00;;;;;;;;;;;;;;2.2;8.1;7.9;29.2;8;28.8;;;;;;;;;;;;;;217;;
PRE;20.02.2016 00:00;;;;;;;;;;;;;;4.9;13.6;17.6;49;13.4;48.2;;;;;;;;;;;;;;236;;
PRE;21.02.2016 00:00;;;;;;;;;;;;;;2.2;13.1;7.9;47.2;12.7;45.7;;;;;;;;;;;;;;171;;
PRE;22.02.2016 00:00;;;;;;;;;;;;;;2.8;10.8;10.1;38.9;10.5;37.8;;;;;;;;;;;;;;232;;
PRE;23.02.2016 00:00;;;;;;;;;;;;;;4.6;12.7;16.6;45.7;12.4;44.6;;;;;;;;;;;;;;239;;
PRE;24.02.2016 00:00;;;;;;;;;;;;;;2.9;7.3;10.4;26.3;7.2;25.9;;;;;;;;;;;;;;8;;
PRE;25.02.2016 00:00;;;;;;;;;;;;;;2.5;11.4;9;41;11.1;40;;;;;;;;;;;;;;35;;
PRE;26.02.2016 00:00;;;;;;;;;;;;;;4.4;8.7;15.8;31.3;8.3;29.9;;;;;;;;;;;;;;15;;
PRE;27.02.2016 00:00;;;;;;;;;;;;;;7.4;16.7;26.6;60.1;16.3;58.7;;;;;;;;;;;;;;18;;
PRE;28.02.2016 00:00;;;;;;;;;;;;;;5.9;17.4;21.2;62.6;16.3;58.7;;;;;;;;;;;;;;22;;
PRE;29.02.2016 00:00;;;;;;;;;;;;;;7.8;19.9;28.1;71.6;19.1;68.8;;;;;;;;;;;;;;32;;
PRE;01.03.2016 00:00;;;;;;;;;;;;;;2.5;11;9;39.6;10.7;38.5;;;;;;;;;;;;;;270;;
PRE;02.03.2016 00:00;;;;;;;;;;;;;;6.1;22.4;22;80.6;20.9;75.2;;;;;;;;;;;;;;239;;
PRE;03.03.2016 00:00;;;;;;;;;;;;;;4.6;15.1;16.6;54.4;14.4;51.8;;;;;;;;;;;;;;240;;
PRE;04.03.2016 00:00;;;;;;;;;;;;;;3;12.2;10.8;43.9;12;43.2;;;;;;;;;;;;;;219;;
PRE;05.03.2016 00:00;;;;;;;;;;;;;;3.9;14.8;14;53.3;14.5;52.2;;;;;;;;;;;;;;229;;
PRE;06.03.2016 00:00;;;;;;;;;;;;;;3.6;10.3;13;37.1;10.2;36.7;;;;;;;;;;;;;;241;;
PRE;07.03.2016 00:00;;;;;;;;;;;;;;3.2;10.6;11.5;38.2;10.2;36.7;;;;;;;;;;;;;;243;;
PRE;08.03.2016 00:00;;;;;;;;;;;;;;2.8;8.2;10.1;29.5;8;28.8;;;;;;;;;;;;;;315;;
PRE;09.03.2016 00:00;;;;;;;;;;;;;;1.8;5.6;6.5;20.2;5.2;18.7;;;;;;;;;;;;;;0;;
PRE;10.03.2016 00:00;;;;;;;;;;;;;;4.1;10.8;14.8;38.9;10.5;37.8;;;;;;;;;;;;;;27;;
PRE;11.03.2016 00:00;;;;;;;;;;;;;;6.5;13.8;23.4;49.7;13.3;47.9;;;;;;;;;;;;;;37;;
PRE;12.03.2016 00:00;;;;;;;;;;;;;;5.5;13.6;19.8;49;13.4;48.2;;;;;;;;;;;;;;29;;
PRE;13.03.2016 00:00;;;;;;;;;;;;;;7.6;16.1;27.4;58;15.9;57.2;;;;;;;;;;;;;;26;;
PRE;14.03.2016 00:00;;;;;;;;;;;;;;5.4;12;19.4;43.2;11.6;41.8;;;;;;;;;;;;;;23;;
PRE;15.03.2016 00:00;;;;;;;;;;;;;;3.5;14.5;12.6;52.2;13;46.8;;;;;;;;;;;;;;21;;
PRE;16.03.2016 00:00;;;;;;;;;;;;;;7.6;17.2;27.4;61.9;16.8;60.5;;;;;;;;;;;;;;23;;
PRE;17.03.2016 00:00;;;;;;;;;;;;;;2.4;7.3;8.6;26.3;7.1;25.6;;;;;;;;;;;;;;13;;
PRE;18.03.2016 00:00;;;;;;;;;;;;;;1.4;4.6;5;16.6;4.4;15.8;;;;;;;;;;;;;;270;;
PRE;19.03.2016 00:00;;;;;;;;;;;;;;1.3;3.8;4.7;13.7;3.8;13.7;;;;;;;;;;;;;;256;;
PRE;20.03.2016 00:00;;;;;;;;;;;;;;2.3;8.6;8.3;31;8.4;30.2;;;;;;;;;;;;;;14;;
PRE;21.03.2016 00:00;;;;;;;;;;;;;;5.7;11.5;20.5;41.4;11.1;40;;;;;;;;;;;;;;19;;
PRE;22.03.2016 00:00;;;;;;;;;;;;;;8;17.6;28.8;63.4;17;61.2;;;;;;;;;;;;;;32;;
PRE;23.03.2016 00:00;;;;;;;;;;;;;;9.1;19.6;32.8;70.6;18.7;67.3;;;;;;;;;;;;;;28;;
PRE;24.03.2016 00:00;;;;;;;;;;;;;;4.1;12.5;14.8;45;12;43.2;;;;;;;;;;;;;;27;;
PRE;25.03.2016 00:00;;;;;;;;;;;;;;3.9;11.9;14;42.8;11.6;41.8;;;;;;;;;;;;;;234;;
PRE;26.03.2016 00:00;;;;;;;;;;;;;;1.6;4.3;5.8;15.5;4.2;15.1;;;;;;;;;;;;;;236;;
PRE;27.03.2016 00:00;;;;;;;;;;;;;;2.8;15;10.1;54;14.5;52.2;;;;;;;;;;;;;;235;;
PRE;28.03.2016 00:00;;;;;;;;;;;;;;5.7;14.7;20.5;52.9;14.1;50.8;;;;;;;;;;;;;;244;;
PRE;29.03.2016 00:00;;;;;;;;;;;;;;4.5;14;16.2;50.4;14;50.4;;;;;;;;;;;;;;239;;
PRE;30.03.2016 00:00;;;;;;;;;;;;;;2.5;9.9;9;35.6;9.6;34.6;;;;;;;;;;;;;;214;;
PRE;31.03.2016 00:00;;;;;;;;;;;;;;1.8;8.6;6.5;31;8.5;30.6;;;;;;;;;;;;;;270;;
PRE;01.04.2016 00:00;;;;;;;;;;;;;;3.3;11.4;11.9;41;11.1;40;;;;;;;;;;;;;;265;;
PRE;02.04.2016 00:00;;;;;;;;;;;;;;3;10.2;10.8;36.7;10;36;;;;;;;;;;;;;;23;;
PRE;03.04.2016 00:00;;;;;;;;;;;;;;1.4;4.7;5;16.9;4.7;16.9;;;;;;;;;;;;;;252;;
PRE;04.04.2016 00:00;;;;;;;;;;;;;;1.5;7.1;5.4;25.6;6.7;24.1;;;;;;;;;;;;;;230;;
PRE;05.04.2016 00:00;;;;;;;;;;;;;;1.6;6.1;5.8;22;6;21.6;;;;;;;;;;;;;;252;;
PRE;06.04.2016 00:00;;;;;;;;;;;;;;1.7;9;6.1;32.4;8.7;31.3;;;;;;;;;;;;;;135;;
PRE;07.04.2016 00:00;;;;;;;;;;;;;;3.3;9.9;11.9;35.6;9.7;34.9;;;;;;;;;;;;;;263;;
PRE;08.04.2016 00:00;;;;;;;;;;;;;;5.6;13.8;20.2;49.7;12.9;46.4;;;;;;;;;;;;;;22;;
PRE;09.04.2016 00:00;;;;;;;;;;;;;;3.3;11.3;11.9;40.7;10.9;39.2;;;;;;;;;;;;;;25;;
PRE;10.04.2016 00:00;;;;;;;;;;;;;;1.8;4.9;6.5;17.6;4.7;16.9;;;;;;;;;;;;;;22;;
PRE;11.04.2016 00:00;;;;;;;;;;;;;;1.6;6.1;5.8;22;5.8;20.9;;;;;;;;;;;;;;360;;
PRE;12.04.2016 00:00;;;;;;;;;;;;;;1.8;5;6.5;18;4.9;17.6;;;;;;;;;;;;;;56;;
PRE;13.04.2016 00:00;;;;;;;;;;;;;;2.6;13.1;9.4;47.2;12.7;45.7;;;;;;;;;;;;;;301;;
PRE;14.04.2016 00:00;;;;;;;;;;;;;;2.7;7.8;9.7;28.1;7.6;27.4;;;;;;;;;;;;;;225;;
PRE;15.04.2016 00:00;;;;;;;;;;;;;;2.2;10.8;7.9;38.9;10.3;37.1;;;;;;;;;;;;;;248;;
PRE;16.04.2016 00:00;;;;;;;;;;;;;;4.7;17.7;16.9;63.7;16.8;60.5;;;;;;;;;;;;;;233;;
PRE;17.04.2016 00:00;;;;;;;;;;;;;;3.8;14.5;13.7;52.2;13.4;48.2;;;;;;;;;;;;;;246;;
PRE;18.04.2016 00:00;;;;;;;;;;;;;;1.9;6.6;6.8;23.8;6.3;22.7;;;;;;;;;;;;;;60;;
PRE;19.04.2016 00:00;;;;;;;;;;;;;;6.1;11.9;22;42.8;11.7;42.1;;;;;;;;;;;;;;23;;
PRE;20.04.2016 00:00;;;;;;;;;;;;;;4.9;11.7;17.6;42.1;11.2;40.3;;;;;;;;;;;;;;23;;
PRE;21.04.2016 00:00;;;;;;;;;;;;;;2.8;9.5;10.1;34.2;9.2;33.1;;;;;;;;;;;;;;321;;
PRE;22.04.2016 00:00;;;;;;;;;;;;;;3.4;9;12.2;32.4;8.4;30.2;;;;;;;;;;;;;;225;;
PRE;23.04.2016 00:00;;;;;;;;;;;;;;3.2;9.8;11.5;35.3;9.4;33.8;;;;;;;;;;;;;;282;;
PRE;24.04.2016 00:00;;;;;;;;;;;;;;3.4;10.3;12.2;37.1;9.8;35.3;;;;;;;;;;;;;;41;;
PRE;25.04.2016 00:00;;;;;;;;;;;;;;2.7;7.6;9.7;27.4;7.2;25.9;;;;;;;;;;;;;;240;;
PRE;26.04.2016 00:00;;;;;;;;;;;;;;6.8;16.2;24.5;58.3;15.5;55.8;;;;;;;;;;;;;;233;;
PRE;27.04.2016 00:00;;;;;;;;;;;;;;3.2;10.9;11.5;39.2;10.4;37.4;;;;;;;;;;;;;;254;;
PRE;28.04.2016 00:00;;;;;;;;;;;;;;2.4;5.7;8.6;20.5;5.5;19.8;;;;;;;;;;;;;;24;;
PRE;29.04.2016 00:00;;;;;;;;;;;;;;1.8;4.3;6.5;15.5;4.2;15.1;;;;;;;;;;;;;;18;;
PRE;30.04.2016 00:00;;;;;;;;;;;;;;2.7;11.1;9.7;40;10.7;38.5;;;;;;;;;;;;;;234;;
PRE;01.05.2016 00:00;;;;;;;;;;;;;;2.7;9.9;9.7;35.6;9.6;34.6;;;;;;;;;;;;;;29;;
PRE;02.05.2016 00:00;;;;;;;;;;;;;;4.8;16.6;17.3;59.8;16.2;58.3;;;;;;;;;;;;;;34;;
PRE;03.05.2016 00:00;;;;;;;;;;;;;;2.4;11.5;8.6;41.4;11;39.6;;;;;;;;;;;;;;345;;
PRE;04.05.2016 00:00;;;;;;;;;;;;;;7.3;15.9;26.3;57.2;15.3;55.1;;;;;;;;;;;;;;20;;
PRE;05.05.2016 00:00;;;;;;;;;;;;;;4.1;11.1;14.8;40;10.9;39.2;;;;;;;;;;;;;;17;;
PRE;06.05.2016 00:00;;;;;;;;;;;;;;1.5;3.9;5.4;14;3.8;13.7;;;;;;;;;;;;;;256;;
PRE;07.05.2016 00:00;;;;;;;;;;;;;;1.6;5.4;5.8;19.4;5.3;19.1;;;;;;;;;;;;;;243;;
PRE;08.05.2016 00:00;;;;;;;;;;;;;;1.6;4.9;5.8;17.6;4.8;17.3;;;;;;;;;;;;;;27;;
PRE;09.05.2016 00:00;;;;;;;;;;;;;;3.7;10.3;13.3;37.1;10.1;36.4;;;;;;;;;;;;;;352;;
PRE;10.05.2016 00:00;;;;;;;;;;;;;;2;7.9;7.2;28.4;7.7;27.7;;;;;;;;;;;;;;180;;
PRE;11.05.2016 00:00;;;;;;;;;;;;;;3.1;14;11.2;50.4;13.7;49.3;;;;;;;;;;;;;;246;;
PRE;12.05.2016 00:00;;;;;;;;;;;;;;3.1;10.4;11.2;37.4;10;36;;;;;;;;;;;;;;234;;
PRE;13.05.2016 00:00;;;;;;;;;;;;;;2.9;7.9;10.4;28.4;7.7;27.7;;;;;;;;;;;;;;237;;
PRE;14.05.2016 00:00;;;;;;;;;;;;;;2.1;12;7.6;43.2;11.8;42.5;;;;;;;;;;;;;;23;;
PRE;15.05.2016 00:00;;;;;;;;;;;;;;3.7;10.1;13.3;36.4;9.9;35.6;;;;;;;;;;;;;;25;;
PRE;16.05.2016 00:00;;;;;;;;;;;;;;1.6;5.1;5.8;18.4;5;18;;;;;;;;;;;;;;45;;
PRE;17.05.2016 00:00;;;;;;;;;;;;;;1.4;4.8;5;17.3;4.6;16.6;;;;;;;;;;;;;;288;;
PRE;18.05.2016 00:00;;;;;;;;;;;;;;3.5;18.2;12.6;65.5;17;61.2;;;;;;;;;;;;;;238;;
PRE;19.05.2016 00:00;;;;;;;;;;;;;;2.8;10;10.1;36;9.8;35.3;;;;;;;;;;;;;;225;;
PRE;20.05.2016 00:00;;;;;;;;;;;;;;1.7;4.3;6.1;15.5;4.2;15.1;;;;;;;;;;;;;;249;;
PRE;21.05.2016 00:00;;;;;;;;;;;;;;1.7;3.8;6.1;13.7;3.7;13.3;;;;;;;;;;;;;;45;;
PRE;22.05.2016 00:00;;;;;;;;;;;;;;4;16.2;14.4;58.3;15.6;56.2;;;;;;;;;;;;;;234;;
PRE;23.05.2016 00:00;;;;;;;;;;;;;;4.6;9.7;16.6;34.9;9.4;33.8;;;;;;;;;;;;;;229;;
PRE;24.05.2016 00:00;;;;;;;;;;;;;;2.8;6.7;10.1;24.1;6.6;23.8;;;;;;;;;;;;;;344;;
PRE;25.05.2016 00:00;;;;;;;;;;;;;;1.7;5.9;6.1;21.2;5.7;20.5;;;;;;;;;;;;;;76;;
PRE;26.05.2016 00:00;;;;;;;;;;;;;;1.4;4.6;5;16.6;4.5;16.2;;;;;;;;;;;;;;236;;
PRE;27.05.2016 00:00;;;;;;;;;;;;;;1.4;7.2;5;25.9;6.6;23.8;;;;;;;;;;;;;;90;;
PRE;28.05.2016 00:00;;;;;;;;;;;;;;3.2;8.5;11.5;30.6;8.4;30.2;;;;;;;;;;;;;;7;;
PRE;29.05.2016 00:00;;;;;;;;;;;;;;2.9;8.3;10.4;29.9;8;28.8;;;;;;;;;;;;;;240;;
PRE;30.05.2016 00:00;;;;;;;;;;;;;;5.7;13.8;20.5;49.7;13.5;48.6;;;;;;;;;;;;;;234;;
PRE;31.05.2016 00:00;;;;;;;;;;;;;;5.1;12.8;18.4;46.1;12.4;44.6;;;;;;;;;;;;;;237;;
PRE;01.06.2016 00:00;;;;;;;;;;;;;;1.8;5.4;6.5;19.4;5.2;18.7;;;;;;;;;;;;;;217;;
PRE;02.06.2016 00:00;;;;;;;;;;;;;;3.4;8.7;12.2;31.3;8.6;31;;;;;;;;;;;;;;243;;
PRE;03.06.2016 00:00;;;;;;;;;;;;;;2.3;6;8.3;21.6;5.7;20.5;;;;;;;;;;;;;;239;;
PRE;04.06.2016 00:00;;;;;;;;;;;;;;1.5;5.7;5.4;20.5;5.5;19.8;;;;;;;;;;;;;;360;;
PRE;05.06.2016 00:00;;;;;;;;;;;;;;2.5;9.6;9;34.6;9.5;34.2;;;;;;;;;;;;;;22;;
PRE;06.06.2016 00:00;;;;;;;;;;;;;;2;6.2;7.2;22.3;6;21.6;;;;;;;;;;;;;;315;;
PRE;07.06.2016 00:00;;;;;;;;;;;;;;1.6;9.4;5.8;33.8;9.2;33.1;;;;;;;;;;;;;;236;;
PRE;08.06.2016 00:00;;;;;;;;;;;;;;2.3;9.2;8.3;33.1;8.9;32;;;;;;;;;;;;;;228;;
PRE;09.06.2016 00:00;;;;;;;;;;;;;;3.4;10.1;12.2;36.4;9.8;35.3;;;;;;;;;;;;;;24;;
PRE;10.06.2016 00:00;;;;;;;;;;;;;;2.5;6.9;9;24.8;6.7;24.1;;;;;;;;;;;;;;11;;
PRE;11.06.2016 00:00;;;;;;;;;;;;;;2.4;10.6;8.6;38.2;10.2;36.7;;;;;;;;;;;;;;219;;
PRE;12.06.2016 00:00;;;;;;;;;;;;;;3.1;8.3;11.2;29.9;8.1;29.2;;;;;;;;;;;;;;236;;
PRE;13.06.2016 00:00;;;;;;;;;;;;;;4.1;11.2;14.8;40.3;11;39.6;;;;;;;;;;;;;;240;;
PRE;14.06.2016 00:00;;;;;;;;;;;;;;4.1;10.9;14.8;39.2;10.9;39.2;;;;;;;;;;;;;;232;;
PRE;15.06.2016 00:00;;;;;;;;;;;;;;5.5;15.4;19.8;55.4;14.1;50.8;;;;;;;;;;;;;;246;;
PRE;16.06.2016 00:00;;;;;;;;;;;;;;1.7;11.6;6.1;41.8;11.4;41;;;;;;;;;;;;;;180;;
PRE;17.06.2016 00:00;;;;;;;;;;;;;;4.2;15.8;15.1;56.9;14.9;53.6;;;;;;;;;;;;;;239;;
PRE;18.06.2016 00:00;;;;;;;;;;;;;;2.4;10.2;8.6;36.7;9.8;35.3;;;;;;;;;;;;;;233;;
PRE;19.06.2016 00:00;;;;;;;;;;;;;;2.9;10.1;10.4;36.4;9.9;35.6;;;;;;;;;;;;;;18;;
PRE;20.06.2016 00:00;;;;;;;;;;;;;;3;7.2;10.8;25.9;7;25.2;;;;;;;;;;;;;;270;;
PRE;21.06.2016 00:00;;;;;;;;;;;;;;2.2;8.2;7.9;29.5;8.1;29.2;;;;;;;;;;;;;;210;;
PRE;22.06.2016 00:00;;;;;;;;;;;;;;2.1;6.8;7.6;24.5;6.6;23.8;;;;;;;;;;;;;;297;;
PRE;23.06.2016 00:00;;;;;;;;;;;;;;1.8;8;6.5;28.8;7.8;28.1;;;;;;;;;;;;;;229;;
PRE;24.06.2016 00:00;;;;;;;;;;;;;;2;7.5;7.2;27;7.1;25.6;;;;;;;;;;;;;;214;;
PRE;25.06.2016 00:00;;;;;;;;;;;;;;2.5;14.5;9;52.2;14.1;50.8;;;;;;;;;;;;;;288;;
PRE;26.06.2016 00:00;;;;;;;;;;;;;;2.7;7;9.7;25.2;6.8;24.5;;;;;;;;;;;;;;23;;
PRE;27.06.2016 00:00;;;;;;;;;;;;;;3;7.8;10.8;28.1;7.6;27.4;;;;;;;;;;;;;;29;;
PRE;28.06.2016 00:00;;;;;;;;;;;;;;1.8;6.1;6.5;22;5.9;21.2;;;;;;;;;;;;;;225;;
PRE;29.06.2016 00:00;;;;;;;;;;;;;;2.6;11.6;9.4;41.8;11.4;41;;;;;;;;;;;;;;220;;
PRE;30.06.2016 00:00;;;;;;;;;;;;;;3.4;10.9;12.2;39.2;10.7;38.5;;;;;;;;;;;;;;236;;
PRE;01.07.2016 00:00;;;;;;;;;;;;;;2;26.7;7.2;96.1;25.6;92.2;;;;;;;;;;;;;;211;;
PRE;02.07.2016 00:00;;;;;;;;;;;;;;3.1;11;11.2;39.6;10.6;38.2;;;;;;;;;;;;;;257;;
PRE;03.07.2016 00:00;;;;;;;;;;;;;;1.9;5.1;6.8;18.4;4.9;17.6;;;;;;;;;;;;;;90;;
PRE;04.07.2016 00:00;;;;;;;;;;;;;;2.4;6.1;8.6;22;6.1;22;;;;;;;;;;;;;;360;;
PRE;05.07.2016 00:00;;;;;;;;;;;;;;2.4;10.8;8.6;38.9;10.2;36.7;;;;;;;;;;;;;;292;;
PRE;06.07.2016 00:00;;;;;;;;;;;;;;2.3;8.1;8.3;29.2;7.9;28.4;;;;;;;;;;;;;;315;;
PRE;07.07.2016 00:00;;;;;;;;;;;;;;3.1;9.8;11.2;35.3;9.5;34.2;;;;;;;;;;;;;;10;;
PRE;08.07.2016 00:00;;;;;;;;;;;;;;2.3;8.9;8.3;32;8.6;31;;;;;;;;;;;;;;247;;
PRE;09.07.2016 00:00;;;;;;;;;;;;;;2;5.9;7.2;21.2;5.7;20.5;;;;;;;;;;;;;;27;;
PRE;10.07.2016 00:00;;;;;;;;;;;;;;2.3;8.5;8.3;30.6;8.4;30.2;;;;;;;;;;;;;;230;;
PRE;11.07.2016 00:00;;;;;;;;;;;;;;2.3;12.1;8.3;43.6;11.5;41.4;;;;;;;;;;;;;;238;;
PRE;12.07.2016 00:00;;;;;;;;;;;;;;2.3;8.4;8.3;30.2;8.3;29.9;;;;;;;;;;;;;;245;;
PRE;13.07.2016 00:00;;;;;;;;;;;;;;4.3;17.8;15.5;64.1;17.2;61.9;;;;;;;;;;;;;;264;;
PRE;14.07.2016 00:00;;;;;;;;;;;;;;2.1;8.3;7.6;29.9;8.2;29.5;;;;;;;;;;;;;;53;;
PRE;15.07.2016 00:00;;;;;;;;;;;;;;5.2;12.6;18.7;45.4;12.4;44.6;;;;;;;;;;;;;;24;;
PRE;16.07.2016 00:00;;;;;;;;;;;;;;7;16.8;25.2;60.5;16;57.6;;;;;;;;;;;;;;28;;
PRE;17.07.2016 00:00;;;;;;;;;;;;;;3.5;10.2;12.6;36.7;10.1;36.4;;;;;;;;;;;;;;30;;
PRE;18.07.2016 00:00;;;;;;;;;;;;;;1.8;5.6;6.5;20.2;5.5;19.8;;;;;;;;;;;;;;225;;
PRE;19.07.2016 00:00;;;;;;;;;;;;;;1.7;4;6.1;14.4;3.9;14;;;;;;;;;;;;;;233;;
PRE;20.07.2016 00:00;;;;;;;;;;;;;;2;7.5;7.2;27;7.2;25.9;;;;;;;;;;;;;;233;;
PRE;21.07.2016 00:00;;;;;;;;;;;;;;2.4;10.7;8.6;38.5;10.2;36.7;;;;;;;;;;;;;;354;;
PRE;22.07.2016 00:00;;;;;;;;;;;;;;1.8;8.6;6.5;31;8.3;29.9;;;;;;;;;;;;;;315;;
PRE;23.07.2016 00:00;;;;;;;;;;;;;;1.7;6.7;6.1;24.1;6.6;23.8;;;;;;;;;;;;;;346;;
PRE;24.07.2016 00:00;;;;;;;;;;;;;;2.5;9.5;9;34.2;9.2;33.1;;;;;;;;;;;;;;320;;
PRE;25.07.2016 00:00;;;;;;;;;;;;;;2.5;7.8;9;28.1;7.3;26.3;;;;;;;;;;;;;;5;;
PRE;26.07.2016 00:00;;;;;;;;;;;;;;2.7;8.1;9.7;29.2;7.9;28.4;;;;;;;;;;;;;;354;;
PRE;27.07.2016 00:00;;;;;;;;;;;;;;2;8.2;7.2;29.5;8.1;29.2;;;;;;;;;;;;;;90;;
PRE;28.07.2016 00:00;;;;;;;;;;;;;;2.2;7.6;7.9;27.4;7.2;25.9;;;;;;;;;;;;;;270;;
PRE;29.07.2016 00:00;;;;;;;;;;;;;;1.7;5;6.1;18;4.9;17.6;;;;;;;;;;;;;;0;;
PRE;30.07.2016 00:00;;;;;;;;;;;;;;2.9;13.9;10.4;50;13.5;48.6;;;;;;;;;;;;;;237;;
PRE;31.07.2016 00:00;;;;;;;;;;;;;;3.4;10.8;12.2;38.9;10.2;36.7;;;;;;;;;;;;;;256;;
PRE;01.08.2016 00:00;;;;;;;;;;;;;;3.4;8.4;12.2;30.2;8.2;29.5;;;;;;;;;;;;;;13;;
PRE;02.08.2016 00:00;;;;;;;;;;;;;;2;6.3;7.2;22.7;6.2;22.3;;;;;;;;;;;;;;248;;
PRE;03.08.2016 00:00;;;;;;;;;;;;;;1.8;5.5;6.5;19.8;5.3;19.1;;;;;;;;;;;;;;270;;
PRE;04.08.2016 00:00;;;;;;;;;;;;;;2.1;8.9;7.6;32;8.6;31;;;;;;;;;;;;;;225;;
PRE;05.08.2016 00:00;;;;;;;;;;;;;;2.3;8.6;8.3;31;8.3;29.9;;;;;;;;;;;;;;354;;
PRE;06.08.2016 00:00;;;;;;;;;;;;;;4.2;10.6;15.1;38.2;10.4;37.4;;;;;;;;;;;;;;27;;
PRE;07.08.2016 00:00;;;;;;;;;;;;;;5;12.2;18;43.9;12;43.2;;;;;;;;;;;;;;28;;
PRE;08.08.2016 00:00;;;;;;;;;;;;;;1.8;6.1;6.5;22;5.8;20.9;;;;;;;;;;;;;;262;;
PRE;09.08.2016 00:00;;;;;;;;;;;;;;3;13.1;10.8;47.2;12.7;45.7;;;;;;;;;;;;;;28;;
PRE;10.08.2016 00:00;;;;;;;;;;;;;;3.3;9;11.9;32.4;8.7;31.3;;;;;;;;;;;;;;21;;
PRE;11.08.2016 00:00;;;;;;;;;;;;;;3.2;8.6;11.5;31;8.3;29.9;;;;;;;;;;;;;;40;;
PRE;12.08.2016 00:00;;;;;;;;;;;;;;2.2;5.3;7.9;19.1;5.2;18.7;;;;;;;;;;;;;;45;;
PRE;13.08.2016 00:00;;;;;;;;;;;;;;1.9;4.9;6.8;17.6;4.7;16.9;;;;;;;;;;;;;;59;;
PRE;14.08.2016 00:00;;;;;;;;;;;;;;1.7;4.2;6.1;15.1;4;14.4;;;;;;;;;;;;;;27;;
PRE;15.08.2016 00:00;;;;;;;;;;;;;;2;6.7;7.2;24.1;6.5;23.4;;;;;;;;;;;;;;297;;
PRE;16.08.2016 00:00;;;;;;;;;;;;;;2.2;18.1;7.9;65.2;17;61.2;;;;;;;;;;;;;;307;;
PRE;17.08.2016 00:00;;;;;;;;;;;;;;1.8;5.3;6.5;19.1;5;18;;;;;;;;;;;;;;333;;
PRE;18.08.2016 00:00;;;;;;;;;;;;;;2.1;9.2;7.6;33.1;8.9;32;;;;;;;;;;;;;;243;;
PRE;19.08.2016 00:00;;;;;;;;;;;;;;1.8;5.4;6.5;19.4;5.2;18.7;;;;;;;;;;;;;;45;;
PRE;20.08.2016 00:00;;;;;;;;;;;;;;2.9;10.5;10.4;37.8;10.2;36.7;;;;;;;;;;;;;;259;;
PRE;21.08.2016 00:00;;;;;;;;;;;;;;3.5;10.3;12.6;37.1;10.2;36.7;;;;;;;;;;;;;;272;;
PRE;22.08.2016 00:00;;;;;;;;;;;;;;5;10.6;18;38.2;10.5;37.8;;;;;;;;;;;;;;28;;
PRE;23.08.2016 00:00;;;;;;;;;;;;;;4;10.4;14.4;37.4;9.9;35.6;;;;;;;;;;;;;;32;;
PRE;24.08.2016 00:00;;;;;;;;;;;;;;2;6.4;7.2;23;6.1;22;;;;;;;;;;;;;;45;;
PRE;25.08.2016 00:00;;;;;;;;;;;;;;1.6;4.2;5.8;15.1;4.1;14.8;;;;;;;;;;;;;;56;;
PRE;26.08.2016 00:00;;;;;;;;;;;;;;1.4;4.1;5;14.8;4;14.4;;;;;;;;;;;;;;239;;
PRE;27.08.2016 00:00;;;;;;;;;;;;;;1.9;5.2;6.8;18.7;5.1;18.4;;;;;;;;;;;;;;63;;
PRE;28.08.2016 00:00;;;;;;;;;;;;;;1.7;5.5;6.1;19.8;5.3;19.1;;;;;;;;;;;;;;90;;
PRE;29.08.2016 00:00;;;;;;;;;;;;;;2.1;8.8;7.6;31.7;8.3;29.9;;;;;;;;;;;;;;24;;
PRE;30.08.2016 00:00;;;;;;;;;;;;;;5.5;12.5;19.8;45;11.9;42.8;;;;;;;;;;;;;;25;;
PRE;31.08.2016 00:00;;;;;;;;;;;;;;1.7;6.2;6.1;22.3;6.1;22;;;;;;;;;;;;;;63;;
PRE;01.09.2016 00:00;;;;;;;;;;;;;;2.2;6.5;7.9;23.4;6.5;23.4;;;;;;;;;;;;;;351;;
PRE;02.09.2016 00:00;;;;;;;;;;;;;;1.8;5.9;6.5;21.2;5.8;20.9;;;;;;;;;;;;;;342;;
PRE;03.09.2016 00:00;;;;;;;;;;;;;;1.6;4.1;5.8;14.8;3.9;14;;;;;;;;;;;;;;304;;
PRE;04.09.2016 00:00;;;;;;;;;;;;;;2.7;13;9.7;46.8;11.8;42.5;;;;;;;;;;;;;;321;;
PRE;05.09.2016 00:00;;;;;;;;;;;;;;1.8;7.7;6.5;27.7;7.5;27;;;;;;;;;;;;;;14;;
PRE;06.09.2016 00:00;;;;;;;;;;;;;;7.3;17.9;26.3;64.4;16.9;60.8;;;;;;;;;;;;;;28;;
PRE;07.09.2016 00:00;;;;;;;;;;;;;;2.9;10.2;10.4;36.7;10;36;;;;;;;;;;;;;;35;;
PRE;08.09.2016 00:00;;;;;;;;;;;;;;1.6;4.5;5.8;16.2;4.3;15.5;;;;;;;;;;;;;;90;;
PRE;09.09.2016 00:00;;;;;;;;;;;;;;2.4;7;8.6;25.2;6.8;24.5;;;;;;;;;;;;;;11;;
PRE;10.09.2016 00:00;;;;;;;;;;;;;;1.6;5;5.8;18;4.9;17.6;;;;;;;;;;;;;;284;;
PRE;11.09.2016 00:00;;;;;;;;;;;;;;2.1;6.6;7.6;23.8;6.4;23;;;;;;;;;;;;;;13;;
PRE;12.09.2016 00:00;;;;;;;;;;;;;;1.9;6.3;6.8;22.7;6.2;22.3;;;;;;;;;;;;;;342;;
PRE;13.09.2016 00:00;;;;;;;;;;;;;;1.5;5;5.4;18;4.9;17.6;;;;;;;;;;;;;;270;;
PRE;14.09.2016 00:00;;;;;;;;;;;;;;2.4;9.2;8.6;33.1;9;32.4;;;;;;;;;;;;;;24;;
PRE;15.09.2016 00:00;;;;;;;;;;;;;;2.9;14.3;10.4;51.5;14.1;50.8;;;;;;;;;;;;;;315;;
PRE;16.09.2016 00:00;;;;;;;;;;;;;;1.8;5.5;6.5;19.8;5.4;19.4;;;;;;;;;;;;;;304;;
PRE;17.09.2016 00:00;;;;;;;;;;;;;;3;8.8;10.8;31.7;8.7;31.3;;;;;;;;;;;;;;238;;
PRE;18.09.2016 00:00;;;;;;;;;;;;;;2.6;8.8;9.4;31.7;8.4;30.2;;;;;;;;;;;;;;247;;
PRE;19.09.2016 00:00;;;;;;;;;;;;;;2.9;9.4;10.4;33.8;9.2;33.1;;;;;;;;;;;;;;331;;
PRE;20.09.2016 00:00;;;;;;;;;;;;;;4.2;10.6;15.1;38.2;10.1;36.4;;;;;;;;;;;;;;25;;
PRE;21.09.2016 00:00;;;;;;;;;;;;;;5;12.3;18;44.3;12;43.2;;;;;;;;;;;;;;19;;
PRE;22.09.2016 00:00;;;;;;;;;;;;;;2.4;6.5;8.6;23.4;6.2;22.3;;;;;;;;;;;;;;351;;
PRE;23.09.2016 00:00;;;;;;;;;;;;;;2.2;8.5;7.9;30.6;8.2;29.5;;;;;;;;;;;;;;360;;
PRE;24.09.2016 00:00;;;;;;;;;;;;;;2.6;7.6;9.4;27.4;7.3;26.3;;;;;;;;;;;;;;12;;
PRE;25.09.2016 00:00;;;;;;;;;;;;;;1.6;4.8;5.8;17.3;4.6;16.6;;;;;;;;;;;;;;360;;
PRE;26.09.2016 00:00;;;;;;;;;;;;;;1.8;5.9;6.5;21.2;5.8;20.9;;;;;;;;;;;;;;297;;
PRE;27.09.2016 00:00;;;;;;;;;;;;;;2.4;6.8;8.6;24.5;6.7;24.1;;;;;;;;;;;;;;13;;
PRE;28.09.2016 00:00;;;;;;;;;;;;;;1.6;4.4;5.8;15.8;4.2;15.1;;;;;;;;;;;;;;326;;
PRE;29.09.2016 00:00;;;;;;;;;;;;;;2.8;9.5;10.1;34.2;9.2;33.1;;;;;;;;;;;;;;236;;
PRE;30.09.2016 00:00;;;;;;;;;;;;;;3.7;10.8;13.3;38.9;10.4;37.4;;;;;;;;;;;;;;235;;
PRE;01.10.2016 00:00;;;;;;;;;;;;;;3.3;11.8;11.9;42.5;11.3;40.7;;;;;;;;;;;;;;238;;
PRE;02.10.2016 00:00;;;;;;;;;;;;;;3.6;10.2;13;36.7;9.9;35.6;;;;;;;;;;;;;;253;;
PRE;03.10.2016 00:00;;;;;;;;;;;;;;4.3;11.2;15.5;40.3;10.9;39.2;;;;;;;;;;;;;;22;;
PRE;04.10.2016 00:00;;;;;;;;;;;;;;7;15.2;25.2;54.7;14.3;51.5;;;;;;;;;;;;;;25;;
PRE;05.10.2016 00:00;;;;;;;;;;;;;;6.4;15.3;23;55.1;14.9;53.6;;;;;;;;;;;;;;20;;
PRE;06.10.2016 00:00;;;;;;;;;;;;;;5.4;12.6;19.4;45.4;12.3;44.3;;;;;;;;;;;;;;21;;
PRE;07.10.2016 00:00;;;;;;;;;;;;;;3.2;9.1;11.5;32.8;8.9;32;;;;;;;;;;;;;;14;;
PRE;08.10.2016 00:00;;;;;;;;;;;;;;2.7;9.6;9.7;34.6;9.1;32.8;;;;;;;;;;;;;;12;;
PRE;09.10.2016 00:00;;;;;;;;;;;;;;4;9.8;14.4;35.3;9.2;33.1;;;;;;;;;;;;;;24;;
PRE;10.10.2016 00:00;;;;;;;;;;;;;;4.8;10;17.3;36;9.6;34.6;;;;;;;;;;;;;;22;;
PRE;11.10.2016 00:00;;;;;;;;;;;;;;6;15.1;21.6;54.4;14.1;50.8;;;;;;;;;;;;;;26;;
PRE;12.10.2016 00:00;;;;;;;;;;;;;;4.9;12.5;17.6;45;12.3;44.3;;;;;;;;;;;;;;15;;
PRE;13.10.2016 00:00;;;;;;;;;;;;;;6.5;12.9;23.4;46.4;12.8;46.1;;;;;;;;;;;;;;14;;
PRE;14.10.2016 00:00;;;;;;;;;;;;;;2.8;12.8;10.1;46.1;12.3;44.3;;;;;;;;;;;;;;346;;
PRE;15.10.2016 00:00;;;;;;;;;;;;;;2;5.8;7.2;20.9;5.7;20.5;;;;;;;;;;;;;;231;;
PRE;16.10.2016 00:00;;;;;;;;;;;;;;1.5;4.3;5.4;15.5;4.2;15.1;;;;;;;;;;;;;;315;;
PRE;17.10.2016 00:00;;;;;;;;;;;;;;1.2;3.5;4.3;12.6;3.4;12.2;;;;;;;;;;;;;;315;;
PRE;18.10.2016 00:00;;;;;;;;;;;;;;1.5;5.6;5.4;20.2;5.5;19.8;;;;;;;;;;;;;;239;;
PRE;19.10.2016 00:00;;;;;;;;;;;;;;2.6;7.7;9.4;27.7;7.5;27;;;;;;;;;;;;;;250;;
PRE;20.10.2016 00:00;;;;;;;;;;;;;;1.7;5;6.1;18;4.8;17.3;;;;;;;;;;;;;;297;;
PRE;21.10.2016 00:00;;;;;;;;;;;;;;1.9;6;6.8;21.6;5.7;20.5;;;;;;;;;;;;;;288;;
PRE;22.10.2016 00:00;;;;;;;;;;;;;;2.4;5.4;8.6;19.4;5.2;18.7;;;;;;;;;;;;;;360;;
PRE;23.10.2016 00:00;;;;;;;;;;;;;;1.7;6.4;6.1;23;6.2;22.3;;;;;;;;;;;;;;360;;
PRE;24.10.2016 00:00;;;;;;;;;;;;;;1.5;4.5;5.4;16.2;4.3;15.5;;;;;;;;;;;;;;292;;
PRE;25.10.2016 00:00;;;;;;;;;;;;;;1.5;5.6;5.4;20.2;5.5;19.8;;;;;;;;;;;;;;36;;
PRE;26.10.2016 00:00;;;;;;;;;;;;;;2.4;10.7;8.6;38.5;10.5;37.8;;;;;;;;;;;;;;28;;
PRE;27.10.2016 00:00;;;;;;;;;;;;;;5.6;13.3;20.2;47.9;12.9;46.4;;;;;;;;;;;;;;25;;
PRE;28.10.2016 00:00;;;;;;;;;;;;;;3.5;10.6;12.6;38.2;10.2;36.7;;;;;;;;;;;;;;27;;
PRE;29.10.2016 00:00;;;;;;;;;;;;;;5.7;13.6;20.5;49;12.8;46.1;;;;;;;;;;;;;;33;;
PRE;30.10.2016 00:00;;;;;;;;;;;;;;4.2;11.6;15.1;41.8;11.1;40;;;;;;;;;;;;;;45;;
PRE;31.10.2016 00:00;;;;;;;;;;;;;;3.8;8.9;13.7;32;8.6;31;;;;;;;;;;;;;;11;;
PRE;01.11.2016 00:00;;;;;;;;;;;;;;1.2;4.8;4.3;17.3;4.5;16.2;;;;;;;;;;;;;;297;;
PRE;02.11.2016 00:00;;;;;;;;;;;;;;1.3;7.3;4.7;26.3;7.2;25.9;;;;;;;;;;;;;;51;;
PRE;03.11.2016 00:00;;;;;;;;;;;;;;4.9;11.2;17.6;40.3;10.9;39.2;;;;;;;;;;;;;;12;;
PRE;04.11.2016 00:00;;;;;;;;;;;;;;2.1;10.3;7.6;37.1;10;36;;;;;;;;;;;;;;243;;
PRE;05.11.2016 00:00;;;;;;;;;;;;;;2.2;10.2;7.9;36.7;9.9;35.6;;;;;;;;;;;;;;212;;
PRE;06.11.2016 00:00;;;;;;;;;;;;;;2.4;9.8;8.6;35.3;9.5;34.2;;;;;;;;;;;;;;230;;
PRE;07.11.2016 00:00;;;;;;;;;;;;;;3.5;11.3;12.6;40.7;11.1;40;;;;;;;;;;;;;;254;;
PRE;08.11.2016 00:00;;;;;;;;;;;;;;2.9;8.4;10.4;30.2;8.2;29.5;;;;;;;;;;;;;;256;;
PRE;09.11.2016 00:00;;;;;;;;;;;;;;6.1;13.7;22;49.3;13;46.8;;;;;;;;;;;;;;247;;
PRE;10.11.2016 00:00;;;;;;;;;;;;;;6.3;13.8;22.7;49.7;13.3;47.9;;;;;;;;;;;;;;239;;
PRE;11.11.2016 00:00;;;;;;;;;;;;;;3.1;13.7;11.2;49.3;13.2;47.5;;;;;;;;;;;;;;253;;
PRE;12.11.2016 00:00;;;;;;;;;;;;;;1.6;5.1;5.8;18.4;4.7;16.9;;;;;;;;;;;;;;336;;
PRE;13.11.2016 00:00;;;;;;;;;;;;;;2.8;8.4;10.1;30.2;8.1;29.2;;;;;;;;;;;;;;7;;
PRE;14.11.2016 00:00;;;;;;;;;;;;;;4.5;10;16.2;36;9.3;33.5;;;;;;;;;;;;;;22;;
PRE;15.11.2016 00:00;;;;;;;;;;;;;;1.4;4.8;5;17.3;4.7;16.9;;;;;;;;;;;;;;321;;
PRE;16.11.2016 00:00;;;;;;;;;;;;;;1.6;8.1;5.8;29.2;7.8;28.1;;;;;;;;;;;;;;265;;
PRE;17.11.2016 00:00;;;;;;;;;;;;;;4.6;12.7;16.6;45.7;12.1;43.6;;;;;;;;;;;;;;241;;
PRE;18.11.2016 00:00;;;;;;;;;;;;;;7.3;14.9;26.3;53.6;14.2;51.1;;;;;;;;;;;;;;236;;
PRE;19.11.2016 00:00;;;;;;;;;;;;;;4.4;16.1;15.8;58;15.7;56.5;;;;;;;;;;;;;;237;;
PRE;20.11.2016 00:00;;;;;;;;;;;;;;2;9.1;7.2;32.8;8.6;31;;;;;;;;;;;;;;270;;
PRE;21.11.2016 00:00;;;;;;;;;;;;;;1.4;7.2;5;25.9;7.1;25.6;;;;;;;;;;;;;;328;;
PRE;22.11.2016 00:00;;;;;;;;;;;;;;3.1;10.5;11.2;37.8;10;36;;;;;;;;;;;;;;2;;
PRE;23.11.2016 00:00;;;;;;;;;;;;;;2.2;12.4;7.9;44.6;12;43.2;;;;;;;;;;;;;;315;;
PRE;24.11.2016 00:00;;;;;;;;;;;;;;2.9;11.9;10.4;42.8;11.3;40.7;;;;;;;;;;;;;;360;;
PRE;25.11.2016 00:00;;;;;;;;;;;;;;3.5;14.3;12.6;51.5;13.9;50;;;;;;;;;;;;;;20;;
PRE;26.11.2016 00:00;;;;;;;;;;;;;;2.2;6.5;7.9;23.4;6.3;22.7;;;;;;;;;;;;;;11;;
PRE;27.11.2016 00:00;;;;;;;;;;;;;;4.3;13.3;15.5;47.9;13;46.8;;;;;;;;;;;;;;13;;
PRE;28.11.2016 00:00;;;;;;;;;;;;;;9;18.3;32.4;65.9;17.4;62.6;;;;;;;;;;;;;;18;;
PRE;29.11.2016 00:00;;;;;;;;;;;;;;5.8;13.9;20.9;50;13.5;48.6;;;;;;;;;;;;;;12;;
PRE;30.11.2016 00:00;;;;;;;;;;;;;;1.6;5.6;5.8;20.2;5.4;19.4;;;;;;;;;;;;;;333;;
PRE;01.12.2016 00:00;;;;;;;;;;;;;;2.4;7.6;8.6;27.4;7.2;25.9;;;;;;;;;;;;;;360;;
PRE;02.12.2016 00:00;;;;;;;;;;;;;;4.6;11.9;16.6;42.8;11.4;41;;;;;;;;;;;;;;22;;
PRE;03.12.2016 00:00;;;;;;;;;;;;;;3.2;10.1;11.5;36.4;9.9;35.6;;;;;;;;;;;;;;46;;
PRE;04.12.2016 00:00;;;;;;;;;;;;;;3.4;7.8;12.2;28.1;7.5;27;;;;;;;;;;;;;;9;;
PRE;05.12.2016 00:00;;;;;;;;;;;;;;2.5;6.2;9;22.3;6;21.6;;;;;;;;;;;;;;353;;
PRE;06.12.2016 00:00;;;;;;;;;;;;;;2.1;7;7.6;25.2;6.6;23.8;;;;;;;;;;;;;;360;;
PRE;07.12.2016 00:00;;;;;;;;;;;;;;2.1;5.5;7.6;19.8;5.4;19.4;;;;;;;;;;;;;;357;;
PRE;08.12.2016 00:00;;;;;;;;;;;;;;1.5;4.5;5.4;16.2;4.3;15.5;;;;;;;;;;;;;;297;;
PRE;09.12.2016 00:00;;;;;;;;;;;;;;1.3;4.4;4.7;15.8;4.2;15.1;;;;;;;;;;;;;;333;;
PRE;10.12.2016 00:00;;;;;;;;;;;;;;1;3;3.6;10.8;2.9;10.4;;;;;;;;;;;;;;261;;
PRE;11.12.2016 00:00;;;;;;;;;;;;;;1.1;5.9;4;21.2;5.7;20.5;;;;;;;;;;;;;;315;;
PRE;12.12.2016 00:00;;;;;;;;;;;;;;2.4;9.6;8.6;34.6;9.2;33.1;;;;;;;;;;;;;;29;;
PRE;13.12.2016 00:00;;;;;;;;;;;;;;1.1;3.3;4;11.9;3.3;11.9;;;;;;;;;;;;;;311;;
PRE;14.12.2016 00:00;;;;;;;;;;;;;;1.7;4.5;6.1;16.2;4.4;15.8;;;;;;;;;;;;;;352;;
PRE;15.12.2016 00:00;;;;;;;;;;;;;;2.2;6.3;7.9;22.7;6.1;22;;;;;;;;;;;;;;351;;
PRE;16.12.2016 00:00;;;;;;;;;;;;;;4.1;9.2;14.8;33.1;8.9;32;;;;;;;;;;;;;;6;;
PRE;17.12.2016 00:00;;;;;;;;;;;;;;3.1;6.5;11.2;23.4;6.4;23;;;;;;;;;;;;;;354;;
PRE;18.12.2016 00:00;;;;;;;;;;;;;;2.5;8.8;9;31.7;8.2;29.5;;;;;;;;;;;;;;360;;
PRE;19.12.2016 00:00;;;;;;;;;;;;;;4.7;12.2;16.9;43.9;12;43.2;;;;;;;;;;;;;;21;;
PRE;20.12.2016 00:00;;;;;;;;;;;;;;3;9.1;10.8;32.8;8.9;32;;;;;;;;;;;;;;14;;
PRE;21.12.2016 00:00;;;;;;;;;;;;;;2.6;5.6;9.4;20.2;5.5;19.8;;;;;;;;;;;;;;358;;
PRE;22.12.2016 00:00;;;;;;;;;;;;;;1.4;4.1;5;14.8;4;14.4;;;;;;;;;;;;;;307;;
PRE;23.12.2016 00:00;;;;;;;;;;;;;;1.9;6;6.8;21.6;5.8;20.9;;;;;;;;;;;;;;262;;
PRE;24.12.2016 00:00;;;;;;;;;;;;;;2;6.2;7.2;22.3;6.1;22;;;;;;;;;;;;;;219;;
PRE;25.12.2016 00:00;;;;;;;;;;;;;;2;8.4;7.2;30.2;8;28.8;;;;;;;;;;;;;;239;;
PRE;26.12.2016 00:00;;;;;;;;;;;;;;1.4;3.9;5;14;3.9;14;;;;;;;;;;;;;;304;;
PRE;27.12.2016 00:00;;;;;;;;;;;;;;5.8;13.2;20.9;47.5;12.8;46.1;;;;;;;;;;;;;;31;;
PRE;28.12.2016 00:00;;;;;;;;;;;;;;5.5;12.5;19.8;45;11.9;42.8;;;;;;;;;;;;;;43;;
PRE;29.12.2016 00:00;;;;;;;;;;;;;;4.9;12.9;17.6;46.4;12.4;44.6;;;;;;;;;;;;;;30;;
PRE;30.12.2016 00:00;;;;;;;;;;;;;;2.3;5.4;8.3;19.4;5.2;18.7;;;;;;;;;;;;;;343;;
PRE;31.12.2016 00:00;;;;;;;;;;;;;;1.7;5;6.1;18;4.9;17.6;;;;;;;;;;;;;;326;;
PRE;01.01.2017 00:00;;;;;;;;;;;;;;1.5;4.5;5.4;16.2;4.4;15.8;;;;;;;;;;;;;;286;;
PRE;02.01.2017 00:00;;;;;;;;;;;;;;2.2;8.5;7.9;30.6;8.4;30.2;;;;;;;;;;;;;;349;;
PRE;03.01.2017 00:00;;;;;;;;;;;;;;5.7;14.7;20.5;52.9;14.4;51.8;;;;;;;;;;;;;;26;;
PRE;04.01.2017 00:00;;;;;;;;;;;;;;3.6;11.9;13;42.8;11.6;41.8;;;;;;;;;;;;;;240;;
PRE;05.01.2017 00:00;;;;;;;;;;;;;;4.1;13;14.8;46.8;12.8;46.1;;;;;;;;;;;;;;21;;
PRE;06.01.2017 00:00;;;;;;;;;;;;;;7.1;15.8;25.6;56.9;14.7;52.9;;;;;;;;;;;;;;31;;
PRE;07.01.2017 00:00;;;;;;;;;;;;;;3.5;11;12.6;39.6;10.4;37.4;;;;;;;;;;;;;;22;;
PRE;08.01.2017 00:00;;;;;;;;;;;;;;3.7;11.6;13.3;41.8;11.1;40;;;;;;;;;;;;;;9;;
PRE;09.01.2017 00:00;;;;;;;;;;;;;;3.6;11.8;13;42.5;11.6;41.8;;;;;;;;;;;;;;11;;
PRE;10.01.2017 00:00;;;;;;;;;;;;;;1.7;4.7;6.1;16.9;4.6;16.6;;;;;;;;;;;;;;274;;
PRE;11.01.2017 00:00;;;;;;;;;;;;;;5.3;15.1;19.1;54.4;14.8;53.3;;;;;;;;;;;;;;248;;
PRE;12.01.2017 00:00;;;;;;;;;;;;;;5.5;32.6;19.8;117.4;30.2;108.7;;;;;;;;;;;;;;238;;
PRE;13.01.2017 00:00;;;;;;;;;;;;;;6.1;22;22;79.2;20.6;74.2;;;;;;;;;;;;;;240;;
PRE;14.01.2017 00:00;;;;;;;;;;;;;;3.3;9.4;11.9;33.8;9.2;33.1;;;;;;;;;;;;;;258;;
PRE;15.01.2017 00:00;;;;;;;;;;;;;;1.5;4.4;5.4;15.8;4.3;15.5;;;;;;;;;;;;;;354;;
PRE;16.01.2017 00:00;;;;;;;;;;;;;;5.9;20.5;21.2;73.8;20;72;;;;;;;;;;;;;;31;;
PRE;17.01.2017 00:00;;;;;;;;;;;;;;11.8;25.8;42.5;92.9;23.3;83.9;;;;;;;;;;;;;;35;;
PRE;18.01.2017 00:00;;;;;;;;;;;;;;7.2;14.5;25.9;52.2;14.1;50.8;;;;;;;;;;;;;;29;;
PRE;19.01.2017 00:00;;;;;;;;;;;;;;4.4;9;15.8;32.4;8.8;31.7;;;;;;;;;;;;;;33;;
PRE;20.01.2017 00:00;;;;;;;;;;;;;;4;8.1;14.4;29.2;7.9;28.4;;;;;;;;;;;;;;359;;
PRE;21.01.2017 00:00;;;;;;;;;;;;;;4.1;8.6;14.8;31;8.3;29.9;;;;;;;;;;;;;;1;;
PRE;22.01.2017 00:00;;;;;;;;;;;;;;4.1;9;14.8;32.4;8.7;31.3;;;;;;;;;;;;;;4;;
PRE;23.01.2017 00:00;;;;;;;;;;;;;;3.8;9.1;13.7;32.8;8.5;30.6;;;;;;;;;;;;;;3;;
PRE;24.01.2017 00:00;;;;;;;;;;;;;;6.1;12.3;22;44.3;12;43.2;;;;;;;;;;;;;;19;;
PRE;25.01.2017 00:00;;;;;;;;;;;;;;6.2;11.1;22.3;40;10.9;39.2;;;;;;;;;;;;;;10;;
PRE;26.01.2017 00:00;;;;;;;;;;;;;;4.8;10;17.3;36;9.7;34.9;;;;;;;;;;;;;;7;;
PRE;27.01.2017 00:00;;;;;;;;;;;;;;1.7;7.2;6.1;25.9;7.1;25.6;;;;;;;;;;;;;;352;;
PRE;28.01.2017 00:00;;;;;;;;;;;;;;1.2;3.5;4.3;12.6;3.4;12.2;;;;;;;;;;;;;;310;;
PRE;29.01.2017 00:00;;;;;;;;;;;;;;1;2.6;3.6;9.4;2.6;9.4;;;;;;;;;;;;;;337;;
PRE;30.01.2017 00:00;;;;;;;;;;;;;;2.7;12.4;9.7;44.6;11.9;42.8;;;;;;;;;;;;;;225;;
PRE;31.01.2017 00:00;;;;;;;;;;;;;;2.1;9.3;7.6;33.5;9.2;33.1;;;;;;;;;;;;;;194;;
PRE;01.02.2017 00:00;;;;;;;;;;;;;;1;3.4;3.6;12.2;3.3;11.9;;;;;;;;;;;;;;59;;
PRE;02.02.2017 00:00;;;;;;;;;;;;;;1.1;4.2;4;15.1;4.1;14.8;;;;;;;;;;;;;;304;;
PRE;03.02.2017 00:00;;;;;;;;;;;;;;4.2;18;15.1;64.8;17.2;61.9;;;;;;;;;;;;;;236;;
PRE;04.02.2017 00:00;;;;;;;;;;;;;;4.4;23.1;15.8;83.2;22.7;81.7;;;;;;;;;;;;;;240;;
PRE;05.02.2017 00:00;;;;;;;;;;;;;;1.4;5.1;5;18.4;4.9;17.6;;;;;;;;;;;;;;6;;
PRE;06.02.2017 00:00;;;;;;;;;;;;;;1.4;5.3;5;19.1;5.2;18.7;;;;;;;;;;;;;;17;;
PRE;07.02.2017 00:00;;;;;;;;;;;;;;2.1;5.8;7.6;20.9;5.7;20.5;;;;;;;;;;;;;;346;;
PRE;08.02.2017 00:00;;;;;;;;;;;;;;3.4;9.5;12.2;34.2;9.3;33.5;;;;;;;;;;;;;;27;;
PRE;09.02.2017 00:00;;;;;;;;;;;;;;5.1;11.7;18.4;42.1;11.5;41.4;;;;;;;;;;;;;;25;;
PRE;10.02.2017 00:00;;;;;;;;;;;;;;2.9;7;10.4;25.2;6.9;24.8;;;;;;;;;;;;;;8;;
PRE;11.02.2017 00:00;;;;;;;;;;;;;;1.6;5.2;5.8;18.7;5;18;;;;;;;;;;;;;;353;;
PRE;12.02.2017 00:00;;;;;;;;;;;;;;5.7;12.9;20.5;46.4;12.5;45;;;;;;;;;;;;;;15;;
PRE;13.02.2017 00:00;;;;;;;;;;;;;;6.6;15;23.8;54;14.2;51.1;;;;;;;;;;;;;;21;;
PRE;14.02.2017 00:00;;;;;;;;;;;;;;2.3;8.3;8.3;29.9;8;28.8;;;;;;;;;;;;;;4;;
PRE;15.02.2017 00:00;;;;;;;;;;;;;;1.2;3.1;4.3;11.2;3;10.8;;;;;;;;;;;;;;349;;
PRE;16.02.2017 00:00;;;;;;;;;;;;;;1;3.2;3.6;11.5;3;10.8;;;;;;;;;;;;;;360;;
PRE;17.02.2017 00:00;;;;;;;;;;;;;;1.7;7.7;6.1;27.7;7.4;26.6;;;;;;;;;;;;;;5;;
PRE;18.02.2017 00:00;;;;;;;;;;;;;;4.6;10.3;16.6;37.1;10.1;36.4;;;;;;;;;;;;;;21;;
PRE;19.02.2017 00:00;;;;;;;;;;;;;;1.4;4.4;5;15.8;4.3;15.5;;;;;;;;;;;;;;360;;
PRE;20.02.2017 00:00;;;;;;;;;;;;;;1.4;4.1;5;14.8;3.9;14;;;;;;;;;;;;;;284;;
PRE;21.02.2017 00:00;;;;;;;;;;;;;;2.5;9.1;9;32.8;8.9;32;;;;;;;;;;;;;;215;;
PRE;22.02.2017 00:00;;;;;;;;;;;;;;5.5;12.4;19.8;44.6;11.7;42.1;;;;;;;;;;;;;;237;;
PRE;23.02.2017 00:00;;;;;;;;;;;;;;5.9;20.4;21.2;73.4;19.6;70.6;;;;;;;;;;;;;;235;;
PRE;24.02.2017 00:00;;;;;;;;;;;;;;4;13.3;14.4;47.9;12.9;46.4;;;;;;;;;;;;;;287;;
PRE;25.02.2017 00:00;;;;;;;;;;;;;;4.3;13.1;15.5;47.2;12.6;45.4;;;;;;;;;;;;;;16;;
PRE;26.02.2017 00:00;;;;;;;;;;;;;;1.4;4.4;5;15.8;4.3;15.5;;;;;;;;;;;;;;360;;
PRE;27.02.2017 00:00;;;;;;;;;;;;;;6.1;18.5;22;66.6;17.4;62.6;;;;;;;;;;;;;;231;;
PRE;28.02.2017 00:00;;;;;;;;;;;;;;7.8;28.5;28.1;102.6;27.6;99.4;;;;;;;;;;;;;;229;;
PRE;01.03.2017 00:00;;;;;;;;;;;;;;7.4;16.3;26.6;58.7;15.5;55.8;;;;;;;;;;;;;;238;;
PRE;02.03.2017 00:00;;;;;;;;;;;;;;3.9;12;14;43.2;11.5;41.4;;;;;;;;;;;;;;247;;
PRE;03.03.2017 00:00;;;;;;;;;;;;;;1.2;3.7;4.3;13.3;3.6;13;;;;;;;;;;;;;;279;;
PRE;04.03.2017 00:00;;;;;;;;;;;;;;5.3;24;19.1;86.4;23.6;85;;;;;;;;;;;;;;239;;
PRE;05.03.2017 00:00;;;;;;;;;;;;;;7.3;22.2;26.3;79.9;21.5;77.4;;;;;;;;;;;;;;235;;
PRE;06.03.2017 00:00;;;;;;;;;;;;;;6;19.3;21.6;69.5;18.6;67;;;;;;;;;;;;;;237;;
PRE;07.03.2017 00:00;;;;;;;;;;;;;;2.2;8.8;7.9;31.7;8.7;31.3;;;;;;;;;;;;;;236;;
PRE;08.03.2017 00:00;;;;;;;;;;;;;;2.6;7.5;9.4;27;7.3;26.3;;;;;;;;;;;;;;208;;
PRE;09.03.2017 00:00;;;;;;;;;;;;;;1.7;4.8;6.1;17.3;4.7;16.9;;;;;;;;;;;;;;122;;
PRE;10.03.2017 00:00;;;;;;;;;;;;;;5;12.3;18;44.3;11.6;41.8;;;;;;;;;;;;;;23;;
PRE;11.03.2017 00:00;;;;;;;;;;;;;;2.4;7.9;8.6;28.4;7.6;27.4;;;;;;;;;;;;;;34;;
PRE;12.03.2017 00:00;;;;;;;;;;;;;;1.4;3.8;5;13.7;3.7;13.3;;;;;;;;;;;;;;315;;
PRE;13.03.2017 00:00;;;;;;;;;;;;;;3.3;9.4;11.9;33.8;8.9;32;;;;;;;;;;;;;;22;;
PRE;14.03.2017 00:00;;;;;;;;;;;;;;3.3;9.3;11.9;33.5;9;32.4;;;;;;;;;;;;;;36;;
PRE;15.03.2017 00:00;;;;;;;;;;;;;;4.7;10.2;16.9;36.7;10;36;;;;;;;;;;;;;;23;;
PRE;16.03.2017 00:00;;;;;;;;;;;;;;1.9;7.3;6.8;26.3;7;25.2;;;;;;;;;;;;;;36;;
PRE;17.03.2017 00:00;;;;;;;;;;;;;;2.6;13.4;9.4;48.2;13.1;47.2;;;;;;;;;;;;;;238;;
PRE;18.03.2017 00:00;;;;;;;;;;;;;;5;13.7;18;49.3;13.4;48.2;;;;;;;;;;;;;;235;;
PRE;19.03.2017 00:00;;;;;;;;;;;;;;1.1;4.2;4;15.1;4.2;15.1;;;;;;;;;;;;;;162;;
PRE;20.03.2017 00:00;;;;;;;;;;;;;;1.6;5.1;5.8;18.4;4.9;17.6;;;;;;;;;;;;;;214;;
PRE;21.03.2017 00:00;;;;;;;;;;;;;;1.3;4.7;4.7;16.9;4.6;16.6;;;;;;;;;;;;;;162;;
PRE;22.03.2017 00:00;;;;;;;;;;;;;;2.4;8.3;8.6;29.9;8.2;29.5;;;;;;;;;;;;;;198;;
PRE;23.03.2017 00:00;;;;;;;;;;;;;;3.5;11.4;12.6;41;11.1;40;;;;;;;;;;;;;;21;;
PRE;24.03.2017 00:00;;;;;;;;;;;;;;4.3;12.2;15.5;43.9;11.9;42.8;;;;;;;;;;;;;;20;;
PRE;25.03.2017 00:00;;;;;;;;;;;;;;7.1;18.3;25.6;65.9;17.1;61.6;;;;;;;;;;;;;;350;;
PRE;26.03.2017 00:00;;;;;;;;;;;;;;3.3;12;11.9;43.2;11.7;42.1;;;;;;;;;;;;;;270;;
PRE;27.03.2017 00:00;;;;;;;;;;;;;;1.8;7.8;6.5;28.1;7.3;26.3;;;;;;;;;;;;;;360;;
PRE;28.03.2017 00:00;;;;;;;;;;;;;;1.4;4.3;5;15.5;4.1;14.8;;;;;;;;;;;;;;72;;
PRE;29.03.2017 00:00;;;;;;;;;;;;;;2;5.2;7.2;18.7;5.1;18.4;;;;;;;;;;;;;;32;;
PRE;30.03.2017 00:00;;;;;;;;;;;;;;1.3;5.1;4.7;18.4;5;18;;;;;;;;;;;;;;270;;
PRE;31.03.2017 00:00;;;;;;;;;;;;;;1.8;6.7;6.5;24.1;6.6;23.8;;;;;;;;;;;;;;252;;
PRE;01.04.2017 00:00;;;;;;;;;;;;;;4.4;15.2;15.8;54.7;14.5;52.2;;;;;;;;;;;;;;235;;
PRE;02.04.2017 00:00;;;;;;;;;;;;;;4.5;13.2;16.2;47.5;12.9;46.4;;;;;;;;;;;;;;25;;
PRE;03.04.2017 00:00;;;;;;;;;;;;;;2.8;8.1;10.1;29.2;7.9;28.4;;;;;;;;;;;;;;27;;
PRE;04.04.2017 00:00;;;;;;;;;;;;;;2.8;9.1;10.1;32.8;8.8;31.7;;;;;;;;;;;;;;13;;
PRE;05.04.2017 00:00;;;;;;;;;;;;;;5.9;15.3;21.2;55.1;14.8;53.3;;;;;;;;;;;;;;25;;
PRE;06.04.2017 00:00;;;;;;;;;;;;;;6.7;16.5;24.1;59.4;15.9;57.2;;;;;;;;;;;;;;27;;
PRE;07.04.2017 00:00;;;;;;;;;;;;;;4.7;16.6;16.9;59.8;15.3;55.1;;;;;;;;;;;;;;35;;
PRE;08.04.2017 00:00;;;;;;;;;;;;;;3;10.5;10.8;37.8;10.4;37.4;;;;;;;;;;;;;;25;;
PRE;09.04.2017 00:00;;;;;;;;;;;;;;1.5;3.5;5.4;12.6;3.4;12.2;;;;;;;;;;;;;;326;;
PRE;10.04.2017 00:00;;;;;;;;;;;;;;2;15.4;7.2;55.4;14.7;52.9;;;;;;;;;;;;;;286;;
PRE;11.04.2017 00:00;;;;;;;;;;;;;;4.2;11.8;15.1;42.5;11.4;41;;;;;;;;;;;;;;27;;
PRE;12.04.2017 00:00;;;;;;;;;;;;;;2;6.3;7.2;22.7;6.1;22;;;;;;;;;;;;;;18;;
PRE;13.04.2017 00:00;;;;;;;;;;;;;;1.6;5.8;5.8;20.9;5.6;20.2;;;;;;;;;;;;;;45;;
PRE;14.04.2017 00:00;;;;;;;;;;;;;;1.8;7.5;6.5;27;7.4;26.6;;;;;;;;;;;;;;315;;
PRE;15.04.2017 00:00;;;;;;;;;;;;;;2.3;11.2;8.3;40.3;10.8;38.9;;;;;;;;;;;;;;291;;
PRE;16.04.2017 00:00;;;;;;;;;;;;;;2.6;10.8;9.4;38.9;10.7;38.5;;;;;;;;;;;;;;279;;
PRE;17.04.2017 00:00;;;;;;;;;;;;;;2.6;12.4;9.4;44.6;12;43.2;;;;;;;;;;;;;;286;;
PRE;18.04.2017 00:00;;;;;;;;;;;;;;5.4;15;19.4;54;13.8;49.7;;;;;;;;;;;;;;31;;
PRE;19.04.2017 00:00;;;;;;;;;;;;;;7;19;25.2;68.4;17.4;62.6;;;;;;;;;;;;;;30;;
PRE;20.04.2017 00:00;;;;;;;;;;;;;;8.9;17;32;61.2;15.9;57.2;;;;;;;;;;;;;;24;;
PRE;21.04.2017 00:00;;;;;;;;;;;;;;3.5;12.9;12.6;46.4;12.4;44.6;;;;;;;;;;;;;;36;;
PRE;22.04.2017 00:00;;;;;;;;;;;;;;2.4;10.8;8.6;38.9;10;36;;;;;;;;;;;;;;38;;
PRE;23.04.2017 00:00;;;;;;;;;;;;;;4.9;11;17.6;39.6;10.7;38.5;;;;;;;;;;;;;;27;;
PRE;24.04.2017 00:00;;;;;;;;;;;;;;3.5;10.2;12.6;36.7;9.8;35.3;;;;;;;;;;;;;;329;;
PRE;25.04.2017 00:00;;;;;;;;;;;;;;4.7;13.1;16.9;47.2;12.7;45.7;;;;;;;;;;;;;;239;;
PRE;26.04.2017 00:00;;;;;;;;;;;;;;3.7;13.6;13.3;49;13.2;47.5;;;;;;;;;;;;;;287;;
PRE;27.04.2017 00:00;;;;;;;;;;;;;;2.8;7;10.1;25.2;6.8;24.5;;;;;;;;;;;;;;29;;
PRE;28.04.2017 00:00;;;;;;;;;;;;;;2.4;9.7;8.6;34.9;9.4;33.8;;;;;;;;;;;;;;82;;
PRE;29.04.2017 00:00;;;;;;;;;;;;;;3.1;8.7;11.2;31.3;8.4;30.2;;;;;;;;;;;;;;18;;
PRE;30.04.2017 00:00;;;;;;;;;;;;;;2.1;14.9;7.6;53.6;14.5;52.2;;;;;;;;;;;;;;270;;
PRE;01.05.2017 00:00;;;;;;;;;;;;;;4.1;16.2;14.8;58.3;15;54;;;;;;;;;;;;;;233;;
PRE;02.05.2017 00:00;;;;;;;;;;;;;;1.7;8.6;6.1;31;8.3;29.9;;;;;;;;;;;;;;243;;
PRE;03.05.2017 00:00;;;;;;;;;;;;;;1.8;6.1;6.5;22;5.9;21.2;;;;;;;;;;;;;;173;;
PRE;04.05.2017 00:00;;;;;;;;;;;;;;1.6;8.8;5.8;31.7;8.7;31.3;;;;;;;;;;;;;;270;;
PRE;05.05.2017 00:00;;;;;;;;;;;;;;2.5;7.9;9;28.4;7.7;27.7;;;;;;;;;;;;;;11;;
PRE;06.05.2017 00:00;;;;;;;;;;;;;;5;14.3;18;51.5;14;50.4;;;;;;;;;;;;;;276;;
PRE;07.05.2017 00:00;;;;;;;;;;;;;;3.7;7.8;13.3;28.1;7.7;27.7;;;;;;;;;;;;;;240;;
PRE;08.05.2017 00:00;;;;;;;;;;;;;;2.2;9.2;7.9;33.1;8.9;32;;;;;;;;;;;;;;51;;
PRE;09.05.2017 00:00;;;;;;;;;;;;;;5.4;14.6;19.4;52.6;13.6;49;;;;;;;;;;;;;;20;;
PRE;10.05.2017 00:00;;;;;;;;;;;;;;3.2;14;11.5;50.4;13.2;47.5;;;;;;;;;;;;;;259;;
PRE;11.05.2017 00:00;;;;;;;;;;;;;;2.8;12.4;10.1;44.6;11.8;42.5;;;;;;;;;;;;;;252;;
PRE;12.05.2017 00:00;;;;;;;;;;;;;;1.8;7.4;6.5;26.6;7.2;25.9;;;;;;;;;;;;;;222;;
PRE;13.05.2017 00:00;;;;;;;;;;;;;;1.4;8.6;5;31;8.4;30.2;;;;;;;;;;;;;;153;;
PRE;14.05.2017 00:00;;;;;;;;;;;;;;1.6;7.5;5.8;27;7.1;25.6;;;;;;;;;;;;;;37;;
PRE;15.05.2017 00:00;;;;;;;;;;;;;;2.5;7.4;9;26.6;7.4;26.6;;;;;;;;;;;;;;10;;
PRE;16.05.2017 00:00;;;;;;;;;;;;;;1.8;6.9;6.5;24.8;6.8;24.5;;;;;;;;;;;;;;72;;
PRE;17.05.2017 00:00;;;;;;;;;;;;;;2;8.6;7.2;31;8.5;30.6;;;;;;;;;;;;;;212;;
PRE;18.05.2017 00:00;;;;;;;;;;;;;;2.3;8;8.3;28.8;7.7;27.7;;;;;;;;;;;;;;237;;
PRE;19.05.2017 00:00;;;;;;;;;;;;;;2.8;10.3;10.1;37.1;9.9;35.6;;;;;;;;;;;;;;249;;
PRE;20.05.2017 00:00;;;;;;;;;;;;;;2.5;6.8;9;24.5;6.6;23.8;;;;;;;;;;;;;;12;;
PRE;21.05.2017 00:00;;;;;;;;;;;;;;4;9.5;14.4;34.2;9.3;33.5;;;;;;;;;;;;;;24;;
PRE;22.05.2017 00:00;;;;;;;;;;;;;;2.1;8.8;7.6;31.7;8.1;29.2;;;;;;;;;;;;;;236;;
PRE;23.05.2017 00:00;;;;;;;;;;;;;;2;7.9;7.2;28.4;7.6;27.4;;;;;;;;;;;;;;333;;
PRE;24.05.2017 00:00;;;;;;;;;;;;;;4.1;9.9;14.8;35.6;9.5;34.2;;;;;;;;;;;;;;29;;
PRE;25.05.2017 00:00;;;;;;;;;;;;;;7;16;25.2;57.6;15.2;54.7;;;;;;;;;;;;;;23;;
PRE;26.05.2017 00:00;;;;;;;;;;;;;;3.6;10.9;13;39.2;10.6;38.2;;;;;;;;;;;;;;28;;
PRE;27.05.2017 00:00;;;;;;;;;;;;;;1.6;5.3;5.8;19.1;4.9;17.6;;;;;;;;;;;;;;225;;
PRE;28.05.2017 00:00;;;;;;;;;;;;;;1.6;5.6;5.8;20.2;5.4;19.4;;;;;;;;;;;;;;270;;
PRE;29.05.2017 00:00;;;;;;;;;;;;;;1.9;9.5;6.8;34.2;9.2;33.1;;;;;;;;;;;;;;211;;
PRE;30.05.2017 00:00;;;;;;;;;;;;;;1.7;6.8;6.1;24.5;6.7;24.1;;;;;;;;;;;;;;68;;
PRE;31.05.2017 00:00;;;;;;;;;;;;;;3.3;11.9;11.9;42.8;11.5;41.4;;;;;;;;;;;;;;356;;
PRE;01.06.2017 00:00;;;;;;;;;;;;;;2.1;10.8;7.6;38.9;10.5;37.8;;;;;;;;;;;;;;255;;
PRE;02.06.2017 00:00;;;;;;;;;;;;;;2;5.8;7.2;20.9;5.5;19.8;;;;;;;;;;;;;;146;;
PRE;03.06.2017 00:00;;;;;;;;;;;;;;2.4;11.5;8.6;41.4;11.1;40;;;;;;;;;;;;;;225;;
PRE;04.06.2017 00:00;;;;;;;;;;;;;;3.2;10.9;11.5;39.2;10.5;37.8;;;;;;;;;;;;;;243;;
PRE;05.06.2017 00:00;;;;;;;;;;;;;;2.3;6.1;8.3;22;6;21.6;;;;;;;;;;;;;;27;;
PRE;06.06.2017 00:00;;;;;;;;;;;;;;4.4;17.9;15.8;64.4;17.3;62.3;;;;;;;;;;;;;;233;;
PRE;07.06.2017 00:00;;;;;;;;;;;;;;4.1;11.9;14.8;42.8;11.5;41.4;;;;;;;;;;;;;;232;;
PRE;08.06.2017 00:00;;;;;;;;;;;;;;2.1;6.4;7.6;23;6;21.6;;;;;;;;;;;;;;40;;
PRE;09.06.2017 00:00;;;;;;;;;;;;;;1.9;7.3;6.8;26.3;7.1;25.6;;;;;;;;;;;;;;236;;
PRE;10.06.2017 00:00;;;;;;;;;;;;;;2.8;8.1;10.1;29.2;7.8;28.1;;;;;;;;;;;;;;18;;
PRE;11.06.2017 00:00;;;;;;;;;;;;;;1.9;7.2;6.8;25.9;6.9;24.8;;;;;;;;;;;;;;53;;
PRE;12.06.2017 00:00;;;;;;;;;;;;;;2.1;8.9;7.6;32;8.8;31.7;;;;;;;;;;;;;;301;;
PRE;13.06.2017 00:00;;;;;;;;;;;;;;2.8;8.6;10.1;31;8.4;30.2;;;;;;;;;;;;;;17;;
PRE;14.06.2017 00:00;;;;;;;;;;;;;;2.8;9.7;10.1;34.9;9.4;33.8;;;;;;;;;;;;;;9;;
PRE;15.06.2017 00:00;;;;;;;;;;;;;;1.6;4.6;5.8;16.6;4.3;15.5;;;;;;;;;;;;;;166;;
PRE;16.06.2017 00:00;;;;;;;;;;;;;;3;10.7;10.8;38.5;10;36;;;;;;;;;;;;;;31;;
PRE;17.06.2017 00:00;;;;;;;;;;;;;;6.7;17.8;24.1;64.1;17;61.2;;;;;;;;;;;;;;29;;
PRE;18.06.2017 00:00;;;;;;;;;;;;;;6.3;15.7;22.7;56.5;15.2;54.7;;;;;;;;;;;;;;16;;
PRE;19.06.2017 00:00;;;;;;;;;;;;;;1.9;7.1;6.8;25.6;7;25.2;;;;;;;;;;;;;;90;;
PRE;20.06.2017 00:00;;;;;;;;;;;;;;2;6.3;7.2;22.7;6.1;22;;;;;;;;;;;;;;218;;
PRE;21.06.2017 00:00;;;;;;;;;;;;;;1.8;5.5;6.5;19.8;5.5;19.8;;;;;;;;;;;;;;270;;
PRE;22.06.2017 00:00;;;;;;;;;;;;;;1.8;6.2;6.5;22.3;6.2;22.3;;;;;;;;;;;;;;234;;
PRE;23.06.2017 00:00;;;;;;;;;;;;;;2.8;8.5;10.1;30.6;8.1;29.2;;;;;;;;;;;;;;237;;
PRE;24.06.2017 00:00;;;;;;;;;;;;;;2.5;8.5;9;30.6;8.4;30.2;;;;;;;;;;;;;;229;;
PRE;25.06.2017 00:00;;;;;;;;;;;;;;2.4;6.7;8.6;24.1;6.5;23.4;;;;;;;;;;;;;;228;;
PRE;26.06.2017 00:00;;;;;;;;;;;;;;2.6;8.7;9.4;31.3;8.5;30.6;;;;;;;;;;;;;;315;;
PRE;27.06.2017 00:00;;;;;;;;;;;;;;2.3;11.7;8.3;42.1;11.5;41.4;;;;;;;;;;;;;;117;;
PRE;28.06.2017 00:00;;;;;;;;;;;;;;5.9;16.2;21.2;58.3;14.9;53.6;;;;;;;;;;;;;;236;;
PRE;29.06.2017 00:00;;;;;;;;;;;;;;4.8;16.5;17.3;59.4;15.7;56.5;;;;;;;;;;;;;;238;;
PRE;30.06.2017 00:00;;;;;;;;;;;;;;6.1;17.5;22;63;17;61.2;;;;;;;;;;;;;;238;;
PRE;01.07.2017 00:00;;;;;;;;;;;;;;4.3;8.9;15.5;32;8.7;31.3;;;;;;;;;;;;;;235;;
PRE;02.07.2017 00:00;;;;;;;;;;;;;;1.6;4.5;5.8;16.2;4.4;15.8;;;;;;;;;;;;;;241;;
PRE;03.07.2017 00:00;;;;;;;;;;;;;;1.8;4.9;6.5;17.6;4.7;16.9;;;;;;;;;;;;;;207;;
PRE;04.07.2017 00:00;;;;;;;;;;;;;;2.1;6.6;7.6;23.8;6.5;23.4;;;;;;;;;;;;;;315;;
PRE;05.07.2017 00:00;;;;;;;;;;;;;;1.6;4.2;5.8;15.1;4;14.4;;;;;;;;;;;;;;63;;
PRE;06.07.2017 00:00;;;;;;;;;;;;;;2.1;5.7;7.6;20.5;5.7;20.5;;;;;;;;;;;;;;225;;
PRE;07.07.2017 00:00;;;;;;;;;;;;;;2.7;8.8;9.7;31.7;8.5;30.6;;;;;;;;;;;;;;230;;
PRE;08.07.2017 00:00;;;;;;;;;;;;;;2.9;10.1;10.4;36.4;9.5;34.2;;;;;;;;;;;;;;24;;
PRE;09.07.2017 00:00;;;;;;;;;;;;;;3.4;13.7;12.2;49.3;13.2;47.5;;;;;;;;;;;;;;25;;
PRE;10.07.2017 00:00;;;;;;;;;;;;;;2.4;18.5;8.6;66.6;16.8;60.5;;;;;;;;;;;;;;228;;
PRE;11.07.2017 00:00;;;;;;;;;;;;;;2.6;10.7;9.4;38.5;10.6;38.2;;;;;;;;;;;;;;239;;
PRE;12.07.2017 00:00;;;;;;;;;;;;;;4.9;13.7;17.6;49.3;13.3;47.9;;;;;;;;;;;;;;243;;
PRE;13.07.2017 00:00;;;;;;;;;;;;;;3;9;10.8;32.4;8.7;31.3;;;;;;;;;;;;;;18;;
PRE;14.07.2017 00:00;;;;;;;;;;;;;;2.7;11.1;9.7;40;10.9;39.2;;;;;;;;;;;;;;285;;
PRE;15.07.2017 00:00;;;;;;;;;;;;;;4;9.3;14.4;33.5;9;32.4;;;;;;;;;;;;;;27;;
PRE;16.07.2017 00:00;;;;;;;;;;;;;;4.4;9.6;15.8;34.6;9.1;32.8;;;;;;;;;;;;;;27;;
PRE;17.07.2017 00:00;;;;;;;;;;;;;;2.1;7.2;7.6;25.9;6.9;24.8;;;;;;;;;;;;;;45;;
PRE;18.07.2017 00:00;;;;;;;;;;;;;;2.1;7.6;7.6;27.4;7.3;26.3;;;;;;;;;;;;;;202;;
PRE;19.07.2017 00:00;;;;;;;;;;;;;;3.6;12;13;43.2;11.5;41.4;;;;;;;;;;;;;;229;;
PRE;20.07.2017 00:00;;;;;;;;;;;;;;3.1;13.3;11.2;47.9;12.9;46.4;;;;;;;;;;;;;;232;;
PRE;21.07.2017 00:00;;;;;;;;;;;;;;2.3;10.3;8.3;37.1;10;36;;;;;;;;;;;;;;346;;
PRE;22.07.2017 00:00;;;;;;;;;;;;;;2.2;11.4;7.9;41;11.2;40.3;;;;;;;;;;;;;;221;;
PRE;23.07.2017 00:00;;;;;;;;;;;;;;4.4;12.1;15.8;43.6;11.8;42.5;;;;;;;;;;;;;;243;;
PRE;24.07.2017 00:00;;;;;;;;;;;;;;4.3;12.2;15.5;43.9;11.8;42.5;;;;;;;;;;;;;;245;;
PRE;25.07.2017 00:00;;;;;;;;;;;;;;4.2;10.9;15.1;39.2;10.6;38.2;;;;;;;;;;;;;;239;;
PRE;26.07.2017 00:00;;;;;;;;;;;;;;2.6;7.4;9.4;26.6;7.2;25.9;;;;;;;;;;;;;;234;;
PRE;27.07.2017 00:00;;;;;;;;;;;;;;3.5;10.9;12.6;39.2;10.7;38.5;;;;;;;;;;;;;;228;;
PRE;28.07.2017 00:00;;;;;;;;;;;;;;4.3;10.3;15.5;37.1;10;36;;;;;;;;;;;;;;236;;
PRE;29.07.2017 00:00;;;;;;;;;;;;;;1.6;5;5.8;18;4.8;17.3;;;;;;;;;;;;;;180;;
PRE;30.07.2017 00:00;;;;;;;;;;;;;;3.4;14;12.2;50.4;13.4;48.2;;;;;;;;;;;;;;226;;
PRE;31.07.2017 00:00;;;;;;;;;;;;;;1.8;6.3;6.5;22.7;6;21.6;;;;;;;;;;;;;;315;;
PRE;01.08.2017 00:00;;;;;;;;;;;;;;1.6;5.9;5.8;21.2;5.5;19.8;;;;;;;;;;;;;;180;;
PRE;02.08.2017 00:00;;;;;;;;;;;;;;1.9;5.2;6.8;18.7;4.8;17.3;;;;;;;;;;;;;;61;;
PRE;03.08.2017 00:00;;;;;;;;;;;;;;2.7;8.9;9.7;32;8.5;30.6;;;;;;;;;;;;;;223;;
PRE;04.08.2017 00:00;;;;;;;;;;;;;;3.2;10;11.5;36;9.9;35.6;;;;;;;;;;;;;;252;;
PRE;05.08.2017 00:00;;;;;;;;;;;;;;2.8;10.8;10.1;38.9;10.5;37.8;;;;;;;;;;;;;;266;;
PRE;06.08.2017 00:00;;;;;;;;;;;;;;5.2;11.5;18.7;41.4;11.3;40.7;;;;;;;;;;;;;;29;;
PRE;07.08.2017 00:00;;;;;;;;;;;;;;3.6;10.6;13;38.2;10.4;37.4;;;;;;;;;;;;;;28;;
PRE;08.08.2017 00:00;;;;;;;;;;;;;;2.7;17.4;9.7;62.6;16.6;59.8;;;;;;;;;;;;;;246;;
PRE;09.08.2017 00:00;;;;;;;;;;;;;;2.3;7.6;8.3;27.4;7.5;27;;;;;;;;;;;;;;270;;
PRE;10.08.2017 00:00;;;;;;;;;;;;;;2.6;9;9.4;32.4;8.6;31;;;;;;;;;;;;;;10;;
PRE;11.08.2017 00:00;;;;;;;;;;;;;;2.6;8.7;9.4;31.3;8.4;30.2;;;;;;;;;;;;;;356;;
PRE;12.08.2017 00:00;;;;;;;;;;;;;;1.6;5.5;5.8;19.8;5.4;19.4;;;;;;;;;;;;;;243;;
PRE;13.08.2017 00:00;;;;;;;;;;;;;;2;5.2;7.2;18.7;5.1;18.4;;;;;;;;;;;;;;279;;
PRE;14.08.2017 00:00;;;;;;;;;;;;;;1.8;4;6.5;14.4;3.9;14;;;;;;;;;;;;;;53;;
PRE;15.08.2017 00:00;;;;;;;;;;;;;;1.8;9.2;6.5;33.1;9.1;32.8;;;;;;;;;;;;;;270;;
PRE;16.08.2017 00:00;;;;;;;;;;;;;;1.8;6.6;6.5;23.8;6.5;23.4;;;;;;;;;;;;;;307;;
PRE;17.08.2017 00:00;;;;;;;;;;;;;;1.7;4.4;6.1;15.8;4.2;15.1;;;;;;;;;;;;;;270;;
PRE;18.08.2017 00:00;;;;;;;;;;;;;;2.7;18.4;9.7;66.2;18.3;65.9;;;;;;;;;;;;;;252;;
PRE;19.08.2017 00:00;;;;;;;;;;;;;;3.2;9.3;11.5;33.5;8.9;32;;;;;;;;;;;;;;261;;
PRE;20.08.2017 00:00;;;;;;;;;;;;;;4.2;9.5;15.1;34.2;9.1;32.8;;;;;;;;;;;;;;18;;
PRE;21.08.2017 00:00;;;;;;;;;;;;;;3.3;9.3;11.9;33.5;9;32.4;;;;;;;;;;;;;;28;;
PRE;22.08.2017 00:00;;;;;;;;;;;;;;2.6;7.7;9.4;27.7;7.4;26.6;;;;;;;;;;;;;;34;;
PRE;23.08.2017 00:00;;;;;;;;;;;;;;1.7;4.3;6.1;15.5;4.1;14.8;;;;;;;;;;;;;;90;;
PRE;24.08.2017 00:00;;;;;;;;;;;;;;1.9;16.9;6.8;60.8;16.5;59.4;;;;;;;;;;;;;;315;;
PRE;25.08.2017 00:00;;;;;;;;;;;;;;1.5;5.1;5.4;18.4;4.9;17.6;;;;;;;;;;;;;;360;;
PRE;26.08.2017 00:00;;;;;;;;;;;;;;1.6;4.2;5.8;15.1;4.1;14.8;;;;;;;;;;;;;;90;;
PRE;27.08.2017 00:00;;;;;;;;;;;;;;1.3;4;4.7;14.4;3.9;14;;;;;;;;;;;;;;360;;
PRE;28.08.2017 00:00;;;;;;;;;;;;;;1.6;5.5;5.8;19.8;5.3;19.1;;;;;;;;;;;;;;22;;
PRE;29.08.2017 00:00;;;;;;;;;;;;;;1.5;4.7;5.4;16.9;4.5;16.2;;;;;;;;;;;;;;180;;
PRE;30.08.2017 00:00;;;;;;;;;;;;;;2.4;9.8;8.6;35.3;9.5;34.2;;;;;;;;;;;;;;225;;
PRE;31.08.2017 00:00;;;;;;;;;;;;;;3.2;10;11.5;36;9.7;34.9;;;;;;;;;;;;;;275;;
PRE;01.09.2017 00:00;;;;;;;;;;;;;;3.6;8.5;13;30.6;8.3;29.9;;;;;;;;;;;;;;21;;
PRE;02.09.2017 00:00;;;;;;;;;;;;;;2.5;13.5;9;48.6;12.9;46.4;;;;;;;;;;;;;;16;;
PRE;03.09.2017 00:00;;;;;;;;;;;;;;2.2;5.9;7.9;21.2;5.7;20.5;;;;;;;;;;;;;;330;;
PRE;04.09.2017 00:00;;;;;;;;;;;;;;1.6;5.2;5.8;18.7;5.1;18.4;;;;;;;;;;;;;;72;;
PRE;05.09.2017 00:00;;;;;;;;;;;;;;1.9;5;6.8;18;4.8;17.3;;;;;;;;;;;;;;248;;
PRE;07.09.2017 00:00;;;;;;;;;;;;;;1.8;6.7;6.5;24.1;6.6;23.8;;;;;;;;;;;;;;349;;
PRE;08.09.2017 00:00;;;;;;;;;;;;;;4.6;10.4;16.6;37.4;10.1;36.4;;;;;;;;;;;;;;236;;
PRE;09.09.2017 00:00;;;;;;;;;;;;;;5.2;16.4;18.7;59;15.8;56.9;;;;;;;;;;;;;;233;;
PRE;10.09.2017 00:00;;;;;;;;;;;;;;2.1;8.1;7.6;29.2;7.9;28.4;;;;;;;;;;;;;;252;;
PRE;11.09.2017 00:00;;;;;;;;;;;;;;5.6;15.1;20.2;54.4;14.6;52.6;;;;;;;;;;;;;;237;;
PRE;12.09.2017 00:00;;;;;;;;;;;;;;4;12.3;14.4;44.3;11.9;42.8;;;;;;;;;;;;;;241;;
PRE;13.09.2017 00:00;;;;;;;;;;;;;;7.2;15.8;25.9;56.9;14.2;51.1;;;;;;;;;;;;;;245;;
PRE;14.09.2017 00:00;;;;;;;;;;;;;;6.8;22.9;24.5;82.4;21;75.6;;;;;;;;;;;;;;243;;
PRE;15.09.2017 00:00;;;;;;;;;;;;;;2.1;5.5;7.6;19.8;5.3;19.1;;;;;;;;;;;;;;270;;
PRE;16.09.2017 00:00;;;;;;;;;;;;;;2.4;8.1;8.6;29.2;7.9;28.4;;;;;;;;;;;;;;266;;
PRE;17.09.2017 00:00;;;;;;;;;;;;;;4.1;14.3;14.8;51.5;13.7;49.3;;;;;;;;;;;;;;238;;
PRE;18.09.2017 00:00;;;;;;;;;;;;;;2.1;7.2;7.6;25.9;6.6;23.8;;;;;;;;;;;;;;304;;
PRE;19.09.2017 00:00;;;;;;;;;;;;;;1.6;7.2;5.8;25.9;7;25.2;;;;;;;;;;;;;;277;;
PRE;20.09.2017 00:00;;;;;;;;;;;;;;3.3;9.1;11.9;32.8;8.8;31.7;;;;;;;;;;;;;;20;;
PRE;21.09.2017 00:00;;;;;;;;;;;;;;2.8;7.9;10.1;28.4;7.8;28.1;;;;;;;;;;;;;;4;;
PRE;22.09.2017 00:00;;;;;;;;;;;;;;1.5;3.8;5.4;13.7;3.7;13.3;;;;;;;;;;;;;;323;;
PRE;23.09.2017 00:00;;;;;;;;;;;;;;1.5;3.9;5.4;14;3.8;13.7;;;;;;;;;;;;;;270;;
PRE;24.09.2017 00:00;;;;;;;;;;;;;;1.6;4.7;5.8;16.9;4.5;16.2;;;;;;;;;;;;;;281;;
PRE;25.09.2017 00:00;;;;;;;;;;;;;;1.5;4.8;5.4;17.3;4.6;16.6;;;;;;;;;;;;;;360;;
PRE;26.09.2017 00:00;;;;;;;;;;;;;;2.2;7.4;7.9;26.6;7.2;25.9;;;;;;;;;;;;;;349;;
PRE;27.09.2017 00:00;;;;;;;;;;;;;;1.6;4.5;5.8;16.2;4.4;15.8;;;;;;;;;;;;;;315;;
PRE;28.09.2017 00:00;;;;;;;;;;;;;;1.5;4.4;5.4;15.8;4.1;14.8;;;;;;;;;;;;;;342;;
PRE;29.09.2017 00:00;;;;;;;;;;;;;;1.3;4;4.7;14.4;3.8;13.7;;;;;;;;;;;;;;304;;
PRE;30.09.2017 00:00;;;;;;;;;;;;;;2.6;13.3;9.4;47.9;13.2;47.5;;;;;;;;;;;;;;243;;
PRE;01.10.2017 00:00;;;;;;;;;;;;;;1.9;6.4;6.8;23;6.3;22.7;;;;;;;;;;;;;;16;;
PRE;02.10.2017 00:00;;;;;;;;;;;;;;3.6;11.8;13;42.5;10.9;39.2;;;;;;;;;;;;;;237;;
PRE;03.10.2017 00:00;;;;;;;;;;;;;;4.1;10.3;14.8;37.1;9.9;35.6;;;;;;;;;;;;;;286;;
PRE;04.10.2017 00:00;;;;;;;;;;;;;;1.9;5.4;6.8;19.4;5.2;18.7;;;;;;;;;;;;;;360;;
PRE;05.10.2017 00:00;;;;;;;;;;;;;;2.9;12.6;10.4;45.4;12.3;44.3;;;;;;;;;;;;;;233;;
PRE;06.10.2017 00:00;;;;;;;;;;;;;;4.6;13.4;16.6;48.2;13;46.8;;;;;;;;;;;;;;12;;
PRE;07.10.2017 00:00;;;;;;;;;;;;;;2.6;8.5;9.4;30.6;8.1;29.2;;;;;;;;;;;;;;333;;
PRE;08.10.2017 00:00;;;;;;;;;;;;;;2.1;7.2;7.6;25.9;7;25.2;;;;;;;;;;;;;;225;;
PRE;09.10.2017 00:00;;;;;;;;;;;;;;1.8;5.1;6.5;18.4;4.9;17.6;;;;;;;;;;;;;;337;;
PRE;10.10.2017 00:00;;;;;;;;;;;;;;1.6;3.6;5.8;13;3.4;12.2;;;;;;;;;;;;;;297;;
PRE;11.10.2017 00:00;;;;;;;;;;;;;;1.6;4.2;5.8;15.1;4.1;14.8;;;;;;;;;;;;;;333;;
PRE;12.10.2017 00:00;;;;;;;;;;;;;;2.1;8.6;7.6;31;8.3;29.9;;;;;;;;;;;;;;225;;
PRE;13.10.2017 00:00;;;;;;;;;;;;;;1.7;6.6;6.1;23.8;6.4;23;;;;;;;;;;;;;;344;;
PRE;14.10.2017 00:00;;;;;;;;;;;;;;1.5;3.8;5.4;13.7;3.7;13.3;;;;;;;;;;;;;;321;;
PRE;15.10.2017 00:00;;;;;;;;;;;;;;1.5;3.4;5.4;12.2;3.3;11.9;;;;;;;;;;;;;;329;;
PRE;16.10.2017 00:00;;;;;;;;;;;;;;1.5;4.7;5.4;16.9;4.6;16.6;;;;;;;;;;;;;;329;;
PRE;17.10.2017 00:00;;;;;;;;;;;;;;1.3;3.9;4.7;14;3.8;13.7;;;;;;;;;;;;;;315;;
PRE;18.10.2017 00:00;;;;;;;;;;;;;;1.5;3.7;5.4;13.3;3.7;13.3;;;;;;;;;;;;;;323;;
PRE;19.10.2017 00:00;;;;;;;;;;;;;;1.6;3.7;5.8;13.3;3.6;13;;;;;;;;;;;;;;297;;
PRE;20.10.2017 00:00;;;;;;;;;;;;;;1.8;7.2;6.5;25.9;7.1;25.6;;;;;;;;;;;;;;243;;
PRE;21.10.2017 00:00;;;;;;;;;;;;;;5.2;19.2;18.7;69.1;17.3;62.3;;;;;;;;;;;;;;240;;
PRE;22.10.2017 00:00;;;;;;;;;;;;;;4.7;16.1;16.9;58;15.5;55.8;;;;;;;;;;;;;;241;;
PRE;23.10.2017 00:00;;;;;;;;;;;;;;3.4;9.6;12.2;34.6;9.2;33.1;;;;;;;;;;;;;;253;;
PRE;24.10.2017 00:00;;;;;;;;;;;;;;1.8;5.8;6.5;20.9;5.7;20.5;;;;;;;;;;;;;;5;;
PRE;25.10.2017 00:00;;;;;;;;;;;;;;1.3;3.9;4.7;14;3.9;14;;;;;;;;;;;;;;315;;
PRE;26.10.2017 00:00;;;;;;;;;;;;;;1.2;3.5;4.3;12.6;3.4;12.2;;;;;;;;;;;;;;307;;
PRE;27.10.2017 00:00;;;;;;;;;;;;;;3.1;10.9;11.2;39.2;10.7;38.5;;;;;;;;;;;;;;18;;
PRE;28.10.2017 00:00;;;;;;;;;;;;;;2.9;10.4;10.4;37.4;10;36;;;;;;;;;;;;;;21;;
PRE;29.10.2017 00:00;;;;;;;;;;;;;;2.9;8.1;10.4;29.2;7.7;27.7;;;;;;;;;;;;;;243;;
PRE;30.10.2017 00:00;;;;;;;;;;;;;;8.4;19.3;30.2;69.5;18.8;67.7;;;;;;;;;;;;;;25;;
PRE;31.10.2017 00:00;;;;;;;;;;;;;;3.5;9.5;12.6;34.2;9.2;33.1;;;;;;;;;;;;;;22;;
PRE;01.11.2017 00:00;;;;;;;;;;;;;;1.5;3.7;5.4;13.3;3.6;13;;;;;;;;;;;;;;311;;
PRE;02.11.2017 00:00;;;;;;;;;;;;;;2.4;10.8;8.6;38.9;10.7;38.5;;;;;;;;;;;;;;246;;
PRE;03.11.2017 00:00;;;;;;;;;;;;;;1.7;6.2;6.1;22.3;6;21.6;;;;;;;;;;;;;;7;;
PRE;04.11.2017 00:00;;;;;;;;;;;;;;1.3;5.6;4.7;20.2;5.4;19.4;;;;;;;;;;;;;;281;;
PRE;05.11.2017 00:00;;;;;;;;;;;;;;3;9.5;10.8;34.2;8.9;32;;;;;;;;;;;;;;284;;
PRE;06.11.2017 00:00;;;;;;;;;;;;;;8.5;20.4;30.6;73.4;19.6;70.6;;;;;;;;;;;;;;29;;
PRE;07.11.2017 00:00;;;;;;;;;;;;;;4.5;16.1;16.2;58;15.6;56.2;;;;;;;;;;;;;;22;;
PRE;08.11.2017 00:00;;;;;;;;;;;;;;2.7;7.1;9.7;25.6;6.9;24.8;;;;;;;;;;;;;;270;;
PRE;09.11.2017 00:00;;;;;;;;;;;;;;4;8.4;14.4;30.2;8.2;29.5;;;;;;;;;;;;;;12;;
PRE;10.11.2017 00:00;;;;;;;;;;;;;;3.8;10.2;13.7;36.7;9.8;35.3;;;;;;;;;;;;;;245;;
PRE;11.11.2017 00:00;;;;;;;;;;;;;;6.7;13.7;24.1;49.3;13.1;47.2;;;;;;;;;;;;;;245;;
PRE;12.11.2017 00:00;;;;;;;;;;;;;;7.1;20.1;25.6;72.4;19.4;69.8;;;;;;;;;;;;;;238;;
PRE;13.11.2017 00:00;;;;;;;;;;;;;;4.8;14.2;17.3;51.1;13.8;49.7;;;;;;;;;;;;;;29;;
PRE;14.11.2017 00:00;;;;;;;;;;;;;;7.6;17.2;27.4;61.9;16.1;58;;;;;;;;;;;;;;36;;
PRE;15.11.2017 00:00;;;;;;;;;;;;;;5.1;11.8;18.4;42.5;11.6;41.8;;;;;;;;;;;;;;48;;
PRE;16.11.2017 00:00;;;;;;;;;;;;;;4.1;10.1;14.8;36.4;10.1;36.4;;;;;;;;;;;;;;6;;
PRE;17.11.2017 00:00;;;;;;;;;;;;;;5.8;14.5;20.9;52.2;13.9;50;;;;;;;;;;;;;;35;;
PRE;18.11.2017 00:00;;;;;;;;;;;;;;2.7;11.9;9.7;42.8;11.2;40.3;;;;;;;;;;;;;;59;;
PRE;19.11.2017 00:00;;;;;;;;;;;;;;3;8.8;10.8;31.7;8.5;30.6;;;;;;;;;;;;;;251;;
PRE;20.11.2017 00:00;;;;;;;;;;;;;;1.7;6.6;6.1;23.8;6.5;23.4;;;;;;;;;;;;;;276;;
PRE;21.11.2017 00:00;;;;;;;;;;;;;;1.4;3.6;5;13;3.5;12.6;;;;;;;;;;;;;;307;;
PRE;22.11.2017 00:00;;;;;;;;;;;;;;1.9;8.3;6.8;29.9;8.1;29.2;;;;;;;;;;;;;;258;;
PRE;23.11.2017 00:00;;;;;;;;;;;;;;3.6;10.2;13;36.7;9.9;35.6;;;;;;;;;;;;;;223;;
PRE;24.11.2017 00:00;;;;;;;;;;;;;;4.2;13.3;15.1;47.9;12.8;46.1;;;;;;;;;;;;;;235;;
PRE;25.11.2017 00:00;;;;;;;;;;;;;;4.9;15.6;17.6;56.2;14.9;53.6;;;;;;;;;;;;;;244;;
PRE;26.11.2017 00:00;;;;;;;;;;;;;;2.6;9.3;9.4;33.5;8.9;32;;;;;;;;;;;;;;297;;
PRE;27.11.2017 00:00;;;;;;;;;;;;;;3;8.6;10.8;31;8.4;30.2;;;;;;;;;;;;;;244;;
PRE;28.11.2017 00:00;;;;;;;;;;;;;;6.8;15.4;24.5;55.4;14.6;52.6;;;;;;;;;;;;;;249;;
PRE;29.11.2017 00:00;;;;;;;;;;;;;;3.2;11.9;11.5;42.8;11.4;41;;;;;;;;;;;;;;258;;
PRE;30.11.2017 00:00;;;;;;;;;;;;;;4.5;13.5;16.2;48.6;13.2;47.5;;;;;;;;;;;;;;246;;
PRE;01.12.2017 00:00;;;;;;;;;;;;;;4.6;12.2;16.6;43.9;12;43.2;;;;;;;;;;;;;;14;;
PRE;02.12.2017 00:00;;;;;;;;;;;;;;8.9;18.8;32;67.7;17.7;63.7;;;;;;;;;;;;;;30;;
PRE;03.12.2017 00:00;;;;;;;;;;;;;;3.2;10;11.5;36;9.4;33.8;;;;;;;;;;;;;;41;;
PRE;04.12.2017 00:00;;;;;;;;;;;;;;1.8;4;6.5;14.4;4;14.4;;;;;;;;;;;;;;279;;
PRE;05.12.2017 00:00;;;;;;;;;;;;;;2.1;5.6;7.6;20.2;5.4;19.4;;;;;;;;;;;;;;357;;
PRE;06.12.2017 00:00;;;;;;;;;;;;;;1.7;4.4;6.1;15.8;4.2;15.1;;;;;;;;;;;;;;333;;
PRE;07.12.2017 00:00;;;;;;;;;;;;;;4.1;15.5;14.8;55.8;15.2;54.7;;;;;;;;;;;;;;242;;
PRE;08.12.2017 00:00;;;;;;;;;;;;;;6.3;16.5;22.7;59.4;15.6;56.2;;;;;;;;;;;;;;241;;
PRE;09.12.2017 00:00;;;;;;;;;;;;;;3.7;12;13.3;43.2;11.7;42.1;;;;;;;;;;;;;;255;;
PRE;10.12.2017 00:00;;;;;;;;;;;;;;6;18.1;21.6;65.2;17.1;61.6;;;;;;;;;;;;;;240;;
PRE;11.12.2017 00:00;;;;;;;;;;;;;;3.7;14.9;13.3;53.6;14.5;52.2;;;;;;;;;;;;;;232;;
PRE;12.12.2017 00:00;;;;;;;;;;;;;;3;11.8;10.8;42.5;11.5;41.4;;;;;;;;;;;;;;259;;
PRE;13.12.2017 00:00;;;;;;;;;;;;;;6.6;17.3;23.8;62.3;16.9;60.8;;;;;;;;;;;;;;240;;
PRE;14.12.2017 00:00;;;;;;;;;;;;;;8.8;23.1;31.7;83.2;21.9;78.8;;;;;;;;;;;;;;238;;
PRE;15.12.2017 00:00;;;;;;;;;;;;;;6.1;20.5;22;73.8;19.8;71.3;;;;;;;;;;;;;;234;;
PRE;16.12.2017 00:00;;;;;;;;;;;;;;2.7;7.8;9.7;28.1;7.6;27.4;;;;;;;;;;;;;;253;;
PRE;17.12.2017 00:00;;;;;;;;;;;;;;1.7;5;6.1;18;4.8;17.3;;;;;;;;;;;;;;311;;
PRE;18.12.2017 00:00;;;;;;;;;;;;;;3.7;11.8;13.3;42.5;11.5;41.4;;;;;;;;;;;;;;249;;
PRE;19.12.2017 00:00;;;;;;;;;;;;;;2.3;5.5;8.3;19.8;5.4;19.4;;;;;;;;;;;;;;29;;
PRE;20.12.2017 00:00;;;;;;;;;;;;;;3.6;9.5;13;34.2;9.4;33.8;;;;;;;;;;;;;;34;;
PRE;21.12.2017 00:00;;;;;;;;;;;;;;2.2;8;7.9;28.8;7.8;28.1;;;;;;;;;;;;;;16;;
PRE;22.12.2017 00:00;;;;;;;;;;;;;;1.1;6;4;21.6;5.8;20.9;;;;;;;;;;;;;;11;;
PRE;23.12.2017 00:00;;;;;;;;;;;;;;3.4;8.7;12.2;31.3;8.3;29.9;;;;;;;;;;;;;;30;;
PRE;24.12.2017 00:00;;;;;;;;;;;;;;1.3;3.7;4.7;13.3;3.6;13;;;;;;;;;;;;;;310;;
PRE;25.12.2017 00:00;;;;;;;;;;;;;;1.4;3.9;5;14;3.8;13.7;;;;;;;;;;;;;;279;;
PRE;26.12.2017 00:00;;;;;;;;;;;;;;3.3;14.7;11.9;52.9;14.3;51.5;;;;;;;;;;;;;;237;;
PRE;27.12.2017 00:00;;;;;;;;;;;;;;5.1;16.9;18.4;60.8;16.4;59;;;;;;;;;;;;;;228;;
PRE;28.12.2017 00:00;;;;;;;;;;;;;;3.2;12.1;11.5;43.6;11.9;42.8;;;;;;;;;;;;;;264;;
PRE;29.12.2017 00:00;;;;;;;;;;;;;;5.4;15.9;19.4;57.2;14.8;53.3;;;;;;;;;;;;;;245;;
PRE;30.12.2017 00:00;;;;;;;;;;;;;;7.6;15.6;27.4;56.2;15.1;54.4;;;;;;;;;;;;;;251;;
PRE;31.12.2017 00:00;;;;;;;;;;;;;;4.3;15.4;15.5;55.4;13.7;49.3;;;;;;;;;;;;;;238;;
PRE;01.01.2018 00:00;;;;;;;;;;;;;;7.3;19.1;26.3;68.8;17.9;64.4;;;;;;;;;;;;;;234;;
PRE;02.01.2018 00:00;;;;;;;;;;;;;;6.3;14.9;22.7;53.6;14.3;51.5;;;;;;;;;;;;;;240;;
PRE;03.01.2018 00:00;;;;;;;;;;;;;;8.5;26.3;30.6;94.7;25.3;91.1;;;;;;;;;;;;;;245;;
PRE;04.01.2018 00:00;;;;;;;;;;;;;;7.9;16.4;28.4;59;15.4;55.4;;;;;;;;;;;;;;243;;
PRE;05.01.2018 00:00;;;;;;;;;;;;;;4.2;14.5;15.1;52.2;14.4;51.8;;;;;;;;;;;;;;243;;
PRE;06.01.2018 00:00;;;;;;;;;;;;;;3.7;10;13.3;36;9.7;34.9;;;;;;;;;;;;;;22;;
PRE;07.01.2018 00:00;;;;;;;;;;;;;;5.4;12.1;19.4;43.6;11.7;42.1;;;;;;;;;;;;;;31;;
PRE;08.01.2018 00:00;;;;;;;;;;;;;;5.5;13.5;19.8;48.6;13.2;47.5;;;;;;;;;;;;;;17;;
PRE;09.01.2018 00:00;;;;;;;;;;;;;;1.9;9.8;6.8;35.3;9.5;34.2;;;;;;;;;;;;;;270;;
PRE;10.01.2018 00:00;;;;;;;;;;;;;;1.3;4.3;4.7;15.5;4.1;14.8;;;;;;;;;;;;;;304;;
PRE;11.01.2018 00:00;;;;;;;;;;;;;;2.3;8.2;8.3;29.5;7.8;28.1;;;;;;;;;;;;;;27;;
PRE;12.01.2018 00:00;;;;;;;;;;;;;;4.1;10.6;14.8;38.2;10.4;37.4;;;;;;;;;;;;;;25;;
PRE;13.01.2018 00:00;;;;;;;;;;;;;;3.3;7.5;11.9;27;7.2;25.9;;;;;;;;;;;;;;18;;
PRE;14.01.2018 00:00;;;;;;;;;;;;;;3.8;8.3;13.7;29.9;8.1;29.2;;;;;;;;;;;;;;9;;
PRE;15.01.2018 00:00;;;;;;;;;;;;;;5.7;24.2;20.5;87.1;23.7;85.3;;;;;;;;;;;;;;234;;
PRE;16.01.2018 00:00;;;;;;;;;;;;;;9.8;23.9;35.3;86;22.4;80.6;;;;;;;;;;;;;;234;;
PRE;17.01.2018 00:00;;;;;;;;;;;;;;7;23.1;25.2;83.2;22.1;79.6;;;;;;;;;;;;;;238;;
PRE;18.01.2018 00:00;;;;;;;;;;;;;;7.8;15;28.1;54;14.9;53.6;;;;;;;;;;;;;;241;;
PRE;19.01.2018 00:00;;;;;;;;;;;;;;6.2;22.2;22.3;79.9;21.8;78.5;;;;;;;;;;;;;;238;;
PRE;20.01.2018 00:00;;;;;;;;;;;;;;7.4;15.6;26.6;56.2;15.2;54.7;;;;;;;;;;;;;;244;;
PRE;21.01.2018 00:00;;;;;;;;;;;;;;5.2;13.3;18.7;47.9;13.1;47.2;;;;;;;;;;;;;;241;;
PRE;22.01.2018 00:00;;;;;;;;;;;;;;6.4;14.2;23;51.1;13.6;49;;;;;;;;;;;;;;247;;
PRE;23.01.2018 00:00;;;;;;;;;;;;;;1.2;4.1;4.3;14.8;4.1;14.8;;;;;;;;;;;;;;45;;
PRE;24.01.2018 00:00;;;;;;;;;;;;;;1.9;11.1;6.8;40;10.8;38.9;;;;;;;;;;;;;;241;;
PRE;25.01.2018 00:00;;;;;;;;;;;;;;3.9;14.2;14;51.1;13.6;49;;;;;;;;;;;;;;228;;
PRE;26.01.2018 00:00;;;;;;;;;;;;;;1.8;7.2;6.5;25.9;7;25.2;;;;;;;;;;;;;;360;;
PRE;27.01.2018 00:00;;;;;;;;;;;;;;2.6;8.3;9.4;29.9;8.2;29.5;;;;;;;;;;;;;;13;;
PRE;28.01.2018 00:00;;;;;;;;;;;;;;1.8;5.3;6.5;19.1;5.2;18.7;;;;;;;;;;;;;;231;;
PRE;29.01.2018 00:00;;;;;;;;;;;;;;1.3;4.8;4.7;17.3;4.6;16.6;;;;;;;;;;;;;;249;;
PRE;30.01.2018 00:00;;;;;;;;;;;;;;1.5;4;5.4;14.4;3.9;14;;;;;;;;;;;;;;162;;
PRE;31.01.2018 00:00;;;;;;;;;;;;;;6.2;25;22.3;90;23.3;83.9;;;;;;;;;;;;;;236;;
PRE;01.02.2018 00:00;;;;;;;;;;;;;;5.1;17.1;18.4;61.6;16.5;59.4;;;;;;;;;;;;;;237;;
PRE;02.02.2018 00:00;;;;;;;;;;;;;;1.3;4.7;4.7;16.9;4.6;16.6;;;;;;;;;;;;;;342;;
PRE;03.02.2018 00:00;;;;;;;;;;;;;;1.6;6.7;5.8;24.1;6.5;23.4;;;;;;;;;;;;;;323;;
PRE;04.02.2018 00:00;;;;;;;;;;;;;;2.7;7.6;9.7;27.4;7.3;26.3;;;;;;;;;;;;;;11;;
PRE;05.02.2018 00:00;;;;;;;;;;;;;;5.5;11.7;19.8;42.1;11.5;41.4;;;;;;;;;;;;;;18;;
PRE;06.02.2018 00:00;;;;;;;;;;;;;;3.6;8.5;13;30.6;8.4;30.2;;;;;;;;;;;;;;12;;
PRE;07.02.2018 00:00;;;;;;;;;;;;;;1.9;6.7;6.8;24.1;6.4;23;;;;;;;;;;;;;;17;;
PRE;08.02.2018 00:00;;;;;;;;;;;;;;4.6;10.1;16.6;36.4;9.6;34.6;;;;;;;;;;;;;;20;;
PRE;09.02.2018 00:00;;;;;;;;;;;;;;2.6;6.8;9.4;24.5;6.7;24.1;;;;;;;;;;;;;;304;;
PRE;10.02.2018 00:00;;;;;;;;;;;;;;1.6;5.7;5.8;20.5;5.4;19.4;;;;;;;;;;;;;;360;;
PRE;11.02.2018 00:00;;;;;;;;;;;;;;4.1;11.8;14.8;42.5;11.2;40.3;;;;;;;;;;;;;;239;;
PRE;12.02.2018 00:00;;;;;;;;;;;;;;3.3;9.8;11.9;35.3;9.5;34.2;;;;;;;;;;;;;;345;;
PRE;13.02.2018 00:00;;;;;;;;;;;;;;2.7;8.3;9.7;29.9;8.1;29.2;;;;;;;;;;;;;;25;;
PRE;14.02.2018 00:00;;;;;;;;;;;;;;1.5;4.9;5.4;17.6;4.8;17.3;;;;;;;;;;;;;;344;;
PRE;15.02.2018 00:00;;;;;;;;;;;;;;2.2;7.8;7.9;28.1;7.5;27;;;;;;;;;;;;;;175;;
PRE;16.02.2018 00:00;;;;;;;;;;;;;;3.3;9.9;11.9;35.6;9.6;34.6;;;;;;;;;;;;;;25;;
PRE;17.02.2018 00:00;;;;;;;;;;;;;;2.7;9.6;9.7;34.6;9.4;33.8;;;;;;;;;;;;;;240;;
PRE;18.02.2018 00:00;;;;;;;;;;;;;;5.1;12.8;18.4;46.1;12.6;45.4;;;;;;;;;;;;;;26;;
PRE;19.02.2018 00:00;;;;;;;;;;;;;;2.1;6;7.6;21.6;5.8;20.9;;;;;;;;;;;;;;349;;
PRE;20.02.2018 00:00;;;;;;;;;;;;;;5.3;15.1;19.1;54.4;14.4;51.8;;;;;;;;;;;;;;28;;
PRE;21.02.2018 00:00;;;;;;;;;;;;;;9.6;20;34.6;72;19.2;69.1;;;;;;;;;;;;;;31;;
PRE;22.02.2018 00:00;;;;;;;;;;;;;;8;16.3;28.8;58.7;15.7;56.5;;;;;;;;;;;;;;28;;
PRE;23.02.2018 00:00;;;;;;;;;;;;;;7;13.8;25.2;49.7;12.9;46.4;;;;;;;;;;;;;;27;;
PRE;24.02.2018 00:00;;;;;;;;;;;;;;6.5;12.1;23.4;43.6;11.7;42.1;;;;;;;;;;;;;;24;;
PRE;25.02.2018 00:00;;;;;;;;;;;;;;9.3;21.2;33.5;76.3;19.1;68.8;;;;;;;;;;;;;;31;;
PRE;26.02.2018 00:00;;;;;;;;;;;;;;10.7;25.1;38.5;90.4;22.8;82.1;;;;;;;;;;;;;;36;;
PRE;27.02.2018 00:00;;;;;;;;;;;;;;7.4;17;26.6;61.2;16.4;59;;;;;;;;;;;;;;29;;
PRE;28.02.2018 00:00;;;;;;;;;;;;;;7.5;15.6;27;56.2;15.3;55.1;;;;;;;;;;;;;;9;;
PRE;01.03.2018 00:00;;;;;;;;;;;;;;7.6;16.1;27.4;58;15.5;55.8;;;;;;;;;;;;;;12;;
PRE;02.03.2018 00:00;;;;;;;;;;;;;;3.6;13.1;13;47.2;12.6;45.4;;;;;;;;;;;;;;5;;
PRE;03.03.2018 00:00;;;;;;;;;;;;;;2.8;10.3;10.1;37.1;9.8;35.3;;;;;;;;;;;;;;300;;
PRE;04.03.2018 00:00;;;;;;;;;;;;;;1.9;7.7;6.8;27.7;7.3;26.3;;;;;;;;;;;;;;304;;
PRE;05.03.2018 00:00;;;;;;;;;;;;;;2.3;9;8.3;32.4;8.8;31.7;;;;;;;;;;;;;;352;;
PRE;06.03.2018 00:00;;;;;;;;;;;;;;2;7.8;7.2;28.1;7.3;26.3;;;;;;;;;;;;;;238;;
PRE;07.03.2018 00:00;;;;;;;;;;;;;;4.7;14.6;16.9;52.6;14.4;51.8;;;;;;;;;;;;;;239;;
PRE;08.03.2018 00:00;;;;;;;;;;;;;;3.9;10.4;14;37.4;10.3;37.1;;;;;;;;;;;;;;230;;
PRE;09.03.2018 00:00;;;;;;;;;;;;;;4.2;11.4;15.1;41;11.1;40;;;;;;;;;;;;;;223;;
PRE;10.03.2018 00:00;;;;;;;;;;;;;;1.8;6.1;6.5;22;5.9;21.2;;;;;;;;;;;;;;270;;
PRE;11.03.2018 00:00;;;;;;;;;;;;;;1.9;6.4;6.8;23;6.3;22.7;;;;;;;;;;;;;;278;;
PRE;12.03.2018 00:00;;;;;;;;;;;;;;4.3;14.2;15.5;51.1;13.9;50;;;;;;;;;;;;;;234;;
PRE;13.03.2018 00:00;;;;;;;;;;;;;;5.5;13.4;19.8;48.2;13.1;47.2;;;;;;;;;;;;;;236;;
PRE;14.03.2018 00:00;;;;;;;;;;;;;;1.6;5.2;5.8;18.7;5;18;;;;;;;;;;;;;;315;;
PRE;15.03.2018 00:00;;;;;;;;;;;;;;3.7;13.2;13.3;47.5;12.8;46.1;;;;;;;;;;;;;;273;;
PRE;16.03.2018 00:00;;;;;;;;;;;;;;1.7;6.1;6.1;22;5.9;21.2;;;;;;;;;;;;;;171;;
PRE;17.03.2018 00:00;;;;;;;;;;;;;;3.4;10.4;12.2;37.4;10.1;36.4;;;;;;;;;;;;;;237;;
PRE;18.03.2018 00:00;;;;;;;;;;;;;;3.9;9.9;14;35.6;9.7;34.9;;;;;;;;;;;;;;13;;
PRE;19.03.2018 00:00;;;;;;;;;;;;;;4.6;13.7;16.6;49.3;13;46.8;;;;;;;;;;;;;;23;;
PRE;20.03.2018 00:00;;;;;;;;;;;;;;9;18.7;32.4;67.3;18.2;65.5;;;;;;;;;;;;;;34;;
PRE;21.03.2018 00:00;;;;;;;;;;;;;;9.1;20.5;32.8;73.8;19.7;70.9;;;;;;;;;;;;;;33;;
PRE;22.03.2018 00:00;;;;;;;;;;;;;;4;11.9;14.4;42.8;11.3;40.7;;;;;;;;;;;;;;29;;
PRE;23.03.2018 00:00;;;;;;;;;;;;;;2.3;7;8.3;25.2;6.8;24.5;;;;;;;;;;;;;;30;;
PRE;24.03.2018 00:00;;;;;;;;;;;;;;2;8.1;7.2;29.2;7.9;28.4;;;;;;;;;;;;;;36;;
PRE;25.03.2018 00:00;;;;;;;;;;;;;;2;7.1;7.2;25.6;7;25.2;;;;;;;;;;;;;;347;;
PRE;26.03.2018 00:00;;;;;;;;;;;;;;1.9;10.4;6.8;37.4;10.3;37.1;;;;;;;;;;;;;;336;;
PRE;27.03.2018 00:00;;;;;;;;;;;;;;4.2;13.6;15.1;49;13;46.8;;;;;;;;;;;;;;245;;
PRE;28.03.2018 00:00;;;;;;;;;;;;;;5.5;14.4;19.8;51.8;12.7;45.7;;;;;;;;;;;;;;237;;
PRE;29.03.2018 00:00;;;;;;;;;;;;;;3.5;9.4;12.6;33.8;8.7;31.3;;;;;;;;;;;;;;250;;
PRE;30.03.2018 00:00;;;;;;;;;;;;;;3.4;9.4;12.2;33.8;9.1;32.8;;;;;;;;;;;;;;329;;
PRE;31.03.2018 00:00;;;;;;;;;;;;;;2.6;10.1;9.4;36.4;10;36;;;;;;;;;;;;;;248;;
PRE;01.04.2018 00:00;;;;;;;;;;;;;;4.3;11.5;15.5;41.4;11.4;41;;;;;;;;;;;;;;236;;
PRE;02.04.2018 00:00;;;;;;;;;;;;;;1.2;3.6;4.3;13;3.5;12.6;;;;;;;;;;;;;;333;;
PRE;03.04.2018 00:00;;;;;;;;;;;;;;1.2;6.9;4.3;24.8;6.7;24.1;;;;;;;;;;;;;;326;;
PRE;04.04.2018 00:00;;;;;;;;;;;;;;2.1;16;7.6;57.6;15.5;55.8;;;;;;;;;;;;;;259;;
PRE;05.04.2018 00:00;;;;;;;;;;;;;;3.6;11.3;13;40.7;10.8;38.9;;;;;;;;;;;;;;236;;
PRE;06.04.2018 00:00;;;;;;;;;;;;;;3.1;10.2;11.2;36.7;10;36;;;;;;;;;;;;;;21;;
PRE;07.04.2018 00:00;;;;;;;;;;;;;;1.2;3.5;4.3;12.6;3.4;12.2;;;;;;;;;;;;;;360;;
PRE;08.04.2018 00:00;;;;;;;;;;;;;;2.1;8.2;7.6;29.5;7.9;28.4;;;;;;;;;;;;;;270;;
PRE;09.04.2018 00:00;;;;;;;;;;;;;;2.9;11.2;10.4;40.3;10.7;38.5;;;;;;;;;;;;;;232;;
PRE;10.04.2018 00:00;;;;;;;;;;;;;;3.5;22.3;12.6;80.3;21.8;78.5;;;;;;;;;;;;;;297;;
PRE;11.04.2018 00:00;;;;;;;;;;;;;;4.4;12.6;15.8;45.4;12.1;43.6;;;;;;;;;;;;;;18;;
PRE;12.04.2018 00:00;;;;;;;;;;;;;;3.4;10.2;12.2;36.7;9.9;35.6;;;;;;;;;;;;;;235;;
PRE;13.04.2018 00:00;;;;;;;;;;;;;;4;12.4;14.4;44.6;12.1;43.6;;;;;;;;;;;;;;236;;
PRE;14.04.2018 00:00;;;;;;;;;;;;;;1.3;4.8;4.7;17.3;4.7;16.9;;;;;;;;;;;;;;297;;
PRE;15.04.2018 00:00;;;;;;;;;;;;;;1.6;5.5;5.8;19.8;5.3;19.1;;;;;;;;;;;;;;214;;
PRE;16.04.2018 00:00;;;;;;;;;;;;;;2.7;8.8;9.7;31.7;8.5;30.6;;;;;;;;;;;;;;24;;
PRE;17.04.2018 00:00;;;;;;;;;;;;;;3.9;9.9;14;35.6;9.4;33.8;;;;;;;;;;;;;;27;;
PRE;18.04.2018 00:00;;;;;;;;;;;;;;3.2;9.1;11.5;32.8;8.9;32;;;;;;;;;;;;;;25;;
PRE;19.04.2018 00:00;;;;;;;;;;;;;;1.3;4.7;4.7;16.9;4.6;16.6;;;;;;;;;;;;;;315;;
PRE;20.04.2018 00:00;;;;;;;;;;;;;;1.5;4.5;5.4;16.2;4.3;15.5;;;;;;;;;;;;;;333;;
PRE;21.04.2018 00:00;;;;;;;;;;;;;;1.4;3.9;5;14;3.8;13.7;;;;;;;;;;;;;;326;;
PRE;22.04.2018 00:00;;;;;;;;;;;;;;1.3;4.8;4.7;17.3;4.7;16.9;;;;;;;;;;;;;;45;;
PRE;23.04.2018 00:00;;;;;;;;;;;;;;2.2;10.3;7.9;37.1;10;36;;;;;;;;;;;;;;264;;
PRE;24.04.2018 00:00;;;;;;;;;;;;;;1.5;4.3;5.4;15.5;4.1;14.8;;;;;;;;;;;;;;360;;
PRE;25.04.2018 00:00;;;;;;;;;;;;;;4.5;15.7;16.2;56.5;14.9;53.6;;;;;;;;;;;;;;240;;
PRE;26.04.2018 00:00;;;;;;;;;;;;;;3.4;9.3;12.2;33.5;8.8;31.7;;;;;;;;;;;;;;18;;
PRE;27.04.2018 00:00;;;;;;;;;;;;;;2.9;9.2;10.4;33.1;8.7;31.3;;;;;;;;;;;;;;34;;
PRE;28.04.2018 00:00;;;;;;;;;;;;;;1.8;6.5;6.5;23.4;6.4;23;;;;;;;;;;;;;;7;;
PRE;29.04.2018 00:00;;;;;;;;;;;;;;4;23.1;14.4;83.2;22.2;79.9;;;;;;;;;;;;;;249;;
PRE;30.04.2018 00:00;;;;;;;;;;;;;;7.5;19.1;27;68.8;18.1;65.2;;;;;;;;;;;;;;228;;
PRE;01.05.2018 00:00;;;;;;;;;;;;;;2.4;6.6;8.6;23.8;6.5;23.4;;;;;;;;;;;;;;68;;
PRE;02.05.2018 00:00;;;;;;;;;;;;;;2.5;7;9;25.2;6.8;24.5;;;;;;;;;;;;;;43;;
PRE;03.05.2018 00:00;;;;;;;;;;;;;;7.1;17.7;25.6;63.7;17.4;62.6;;;;;;;;;;;;;;30;;
PRE;04.05.2018 00:00;;;;;;;;;;;;;;8.6;17;31;61.2;16.5;59.4;;;;;;;;;;;;;;27;;
PRE;05.05.2018 00:00;;;;;;;;;;;;;;4.7;13.9;16.9;50;13.5;48.6;;;;;;;;;;;;;;27;;
PRE;06.05.2018 00:00;;;;;;;;;;;;;;4;10.6;14.4;38.2;10.1;36.4;;;;;;;;;;;;;;20;;
PRE;07.05.2018 00:00;;;;;;;;;;;;;;3.5;12.7;12.6;45.7;12.2;43.9;;;;;;;;;;;;;;41;;
PRE;08.05.2018 00:00;;;;;;;;;;;;;;1.8;8.7;6.5;31.3;8.5;30.6;;;;;;;;;;;;;;72;;
PRE;09.05.2018 00:00;;;;;;;;;;;;;;1.6;8.3;5.8;29.9;8;28.8;;;;;;;;;;;;;;256;;
PRE;10.05.2018 00:00;;;;;;;;;;;;;;2.1;7.7;7.6;27.7;7.5;27;;;;;;;;;;;;;;329;;
PRE;11.05.2018 00:00;;;;;;;;;;;;;;2.4;8.5;8.6;30.6;8.3;29.9;;;;;;;;;;;;;;49;;
PRE;12.05.2018 00:00;;;;;;;;;;;;;;2;10.9;7.2;39.2;10.6;38.2;;;;;;;;;;;;;;270;;
PRE;13.05.2018 00:00;;;;;;;;;;;;;;2.2;7.5;7.9;27;7.1;25.6;;;;;;;;;;;;;;236;;
PRE;14.05.2018 00:00;;;;;;;;;;;;;;3.4;8.8;12.2;31.7;8.5;30.6;;;;;;;;;;;;;;229;;
PRE;15.05.2018 00:00;;;;;;;;;;;;;;2.4;7.4;8.6;26.6;7.3;26.3;;;;;;;;;;;;;;240;;
PRE;16.05.2018 00:00;;;;;;;;;;;;;;1.4;4.8;5;17.3;4.7;16.9;;;;;;;;;;;;;;333;;
PRE;17.05.2018 00:00;;;;;;;;;;;;;;5.3;12.3;19.1;44.3;11.9;42.8;;;;;;;;;;;;;;20;;
PRE;18.05.2018 00:00;;;;;;;;;;;;;;4;10.2;14.4;36.7;9.8;35.3;;;;;;;;;;;;;;41;;
PRE;19.05.2018 00:00;;;;;;;;;;;;;;3.2;10.3;11.5;37.1;10;36;;;;;;;;;;;;;;28;;
PRE;20.05.2018 00:00;;;;;;;;;;;;;;3.6;10.8;13;38.9;10.3;37.1;;;;;;;;;;;;;;16;;
PRE;21.05.2018 00:00;;;;;;;;;;;;;;1.6;5;5.8;18;4.9;17.6;;;;;;;;;;;;;;34;;
PRE;22.05.2018 00:00;;;;;;;;;;;;;;2.3;11.1;8.3;40;10.8;38.9;;;;;;;;;;;;;;225;;
PRE;23.05.2018 00:00;;;;;;;;;;;;;;1.8;5.8;6.5;20.9;5.6;20.2;;;;;;;;;;;;;;229;;
PRE;24.05.2018 00:00;;;;;;;;;;;;;;1.7;4.5;6.1;16.2;4.3;15.5;;;;;;;;;;;;;;90;;
PRE;25.05.2018 00:00;;;;;;;;;;;;;;1.7;4.8;6.1;17.3;4.7;16.9;;;;;;;;;;;;;;297;;
PRE;26.05.2018 00:00;;;;;;;;;;;;;;3.2;12.1;11.5;43.6;11.8;42.5;;;;;;;;;;;;;;35;;
PRE;27.05.2018 00:00;;;;;;;;;;;;;;4.1;19;14.8;68.4;18;64.8;;;;;;;;;;;;;;360;;
PRE;28.05.2018 00:00;;;;;;;;;;;;;;2.7;10;9.7;36;9.8;35.3;;;;;;;;;;;;;;237;;
PRE;29.05.2018 00:00;;;;;;;;;;;;;;1.9;10.6;6.8;38.2;10.1;36.4;;;;;;;;;;;;;;210;;
PRE;30.05.2018 00:00;;;;;;;;;;;;;;2.2;12.7;7.9;45.7;12.5;45;;;;;;;;;;;;;;240;;
PRE;31.05.2018 00:00;;;;;;;;;;;;;;2.4;8.7;8.6;31.3;8.5;30.6;;;;;;;;;;;;;;228;;
PRE;01.06.2018 00:00;;;;;;;;;;;;;;1.8;6;6.5;21.6;5.9;21.2;;;;;;;;;;;;;;225;;
PRE;02.06.2018 00:00;;;;;;;;;;;;;;2.1;6.1;7.6;22;5.8;20.9;;;;;;;;;;;;;;301;;
PRE;03.06.2018 00:00;;;;;;;;;;;;;;3.3;14.6;11.9;52.6;13.6;49;;;;;;;;;;;;;;346;;
PRE;04.06.2018 00:00;;;;;;;;;;;;;;2.5;12.3;9;44.3;12;43.2;;;;;;;;;;;;;;225;;
PRE;05.06.2018 00:00;;;;;;;;;;;;;;2.4;12.7;8.6;45.7;12.3;44.3;;;;;;;;;;;;;;223;;
PRE;06.06.2018 00:00;;;;;;;;;;;;;;2.3;8.8;8.3;31.7;8.7;31.3;;;;;;;;;;;;;;232;;
PRE;07.06.2018 00:00;;;;;;;;;;;;;;1.9;9.5;6.8;34.2;9.1;32.8;;;;;;;;;;;;;;236;;
PRE;08.06.2018 00:00;;;;;;;;;;;;;;2.4;13.1;8.6;47.2;12.9;46.4;;;;;;;;;;;;;;233;;
PRE;09.06.2018 00:00;;;;;;;;;;;;;;1.5;4.6;5.4;16.6;4.5;16.2;;;;;;;;;;;;;;252;;
PRE;10.06.2018 00:00;;;;;;;;;;;;;;1.8;5.8;6.5;20.9;5.7;20.5;;;;;;;;;;;;;;207;;
PRE;11.06.2018 00:00;;;;;;;;;;;;;;2.5;12.1;9;43.6;11.5;41.4;;;;;;;;;;;;;;234;;
PRE;12.06.2018 00:00;;;;;;;;;;;;;;2.1;11.9;7.6;42.8;11.2;40.3;;;;;;;;;;;;;;39;;
PRE;13.06.2018 00:00;;;;;;;;;;;;;;3.6;11.8;13;42.5;11.5;41.4;;;;;;;;;;;;;;33;;
PRE;14.06.2018 00:00;;;;;;;;;;;;;;3.9;10.3;14;37.1;10.1;36.4;;;;;;;;;;;;;;48;;
PRE;15.06.2018 00:00;;;;;;;;;;;;;;4.1;9.8;14.8;35.3;9.5;34.2;;;;;;;;;;;;;;28;;
PRE;16.06.2018 00:00;;;;;;;;;;;;;;2.3;6.9;8.3;24.8;6.8;24.5;;;;;;;;;;;;;;326;;
PRE;17.06.2018 00:00;;;;;;;;;;;;;;2.3;9.5;8.3;34.2;9.1;32.8;;;;;;;;;;;;;;27;;
PRE;18.06.2018 00:00;;;;;;;;;;;;;;3.2;7.8;11.5;28.1;7.4;26.6;;;;;;;;;;;;;;26;;
PRE;19.06.2018 00:00;;;;;;;;;;;;;;4.7;10.2;16.9;36.7;9.8;35.3;;;;;;;;;;;;;;28;;
PRE;20.06.2018 00:00;;;;;;;;;;;;;;2.3;6.8;8.3;24.5;6.6;23.8;;;;;;;;;;;;;;50;;
PRE;21.06.2018 00:00;;;;;;;;;;;;;;2.8;12;10.1;43.2;11.6;41.8;;;;;;;;;;;;;;338;;
PRE;22.06.2018 00:00;;;;;;;;;;;;;;7.1;15.7;25.6;56.5;15;54;;;;;;;;;;;;;;30;;
PRE;23.06.2018 00:00;;;;;;;;;;;;;;5.7;12.6;20.5;45.4;12.3;44.3;;;;;;;;;;;;;;30;;
PRE;24.06.2018 00:00;;;;;;;;;;;;;;4.3;12.1;15.5;43.6;10.7;38.5;;;;;;;;;;;;;;24;;
PRE;25.06.2018 00:00;;;;;;;;;;;;;;6.3;15.1;22.7;54.4;14.7;52.9;;;;;;;;;;;;;;27;;
PRE;26.06.2018 00:00;;;;;;;;;;;;;;5.7;12.7;20.5;45.7;12;43.2;;;;;;;;;;;;;;34;;
PRE;27.06.2018 00:00;;;;;;;;;;;;;;7.4;15.4;26.6;55.4;15.1;54.4;;;;;;;;;;;;;;25;;
PRE;28.06.2018 00:00;;;;;;;;;;;;;;10.1;19.2;36.4;69.1;18.5;66.6;;;;;;;;;;;;;;24;;
PRE;29.06.2018 00:00;;;;;;;;;;;;;;4.6;13.1;16.6;47.2;12.7;45.7;;;;;;;;;;;;;;21;;
PRE;30.06.2018 00:00;;;;;;;;;;;;;;1.6;4.8;5.8;17.3;4.7;16.9;;;;;;;;;;;;;;219;;
PRE;01.07.2018 00:00;;;;;;;;;;;;;;2.7;10;9.7;36;9.4;33.8;;;;;;;;;;;;;;360;;
PRE;02.07.2018 00:00;;;;;;;;;;;;;;2.9;9.3;10.4;33.5;8.9;32;;;;;;;;;;;;;;20;;
PRE;03.07.2018 00:00;;;;;;;;;;;;;;2.7;15.1;9.7;54.4;14.7;52.9;;;;;;;;;;;;;;352;;
PRE;04.07.2018 00:00;;;;;;;;;;;;;;2.1;19.2;7.6;69.1;17.7;63.7;;;;;;;;;;;;;;45;;
PRE;05.07.2018 00:00;;;;;;;;;;;;;;3.3;12.5;11.9;45;11.8;42.5;;;;;;;;;;;;;;243;;
PRE;06.07.2018 00:00;;;;;;;;;;;;;;3.2;10.2;11.5;36.7;10;36;;;;;;;;;;;;;;261;;
PRE;07.07.2018 00:00;;;;;;;;;;;;;;5.7;13.1;20.5;47.2;12.7;45.7;;;;;;;;;;;;;;28;;
PRE;08.07.2018 00:00;;;;;;;;;;;;;;4.5;10;16.2;36;9.7;34.9;;;;;;;;;;;;;;27;;
PRE;09.07.2018 00:00;;;;;;;;;;;;;;4;10;14.4;36;9.8;35.3;;;;;;;;;;;;;;31;;
PRE;10.07.2018 00:00;;;;;;;;;;;;;;2.7;9.4;9.7;33.8;9;32.4;;;;;;;;;;;;;;356;;
PRE;11.07.2018 00:00;;;;;;;;;;;;;;4.1;10.2;14.8;36.7;10;36;;;;;;;;;;;;;;37;;
PRE;12.07.2018 00:00;;;;;;;;;;;;;;3.2;8.7;11.5;31.3;8.5;30.6;;;;;;;;;;;;;;18;;
PRE;13.07.2018 00:00;;;;;;;;;;;;;;2;6.3;7.2;22.7;6;21.6;;;;;;;;;;;;;;59;;
PRE;14.07.2018 00:00;;;;;;;;;;;;;;2;7.3;7.2;26.3;7;25.2;;;;;;;;;;;;;;135;;
PRE;15.07.2018 00:00;;;;;;;;;;;;;;2.8;18.1;10.1;65.2;17.4;62.6;;;;;;;;;;;;;;16;;
PRE;16.07.2018 00:00;;;;;;;;;;;;;;2.6;9.3;9.4;33.5;9.1;32.8;;;;;;;;;;;;;;11;;
PRE;17.07.2018 00:00;;;;;;;;;;;;;;2.3;8.4;8.3;30.2;8.1;29.2;;;;;;;;;;;;;;270;;
PRE;18.07.2018 00:00;;;;;;;;;;;;;;2.3;6.7;8.3;24.1;6.4;23;;;;;;;;;;;;;;351;;
PRE;19.07.2018 00:00;;;;;;;;;;;;;;2.2;7.3;7.9;26.3;7.2;25.9;;;;;;;;;;;;;;27;;
PRE;20.07.2018 00:00;;;;;;;;;;;;;;2.6;14.2;9.4;51.1;14;50.4;;;;;;;;;;;;;;292;;
PRE;21.07.2018 00:00;;;;;;;;;;;;;;1.7;6.1;6.1;22;6;21.6;;;;;;;;;;;;;;225;;
PRE;22.07.2018 00:00;;;;;;;;;;;;;;3.2;9.8;11.5;35.3;9.3;33.5;;;;;;;;;;;;;;35;;
PRE;23.07.2018 00:00;;;;;;;;;;;;;;5.6;11.9;20.2;42.8;11.7;42.1;;;;;;;;;;;;;;23;;
PRE;24.07.2018 00:00;;;;;;;;;;;;;;2.4;8.7;8.6;31.3;8.5;30.6;;;;;;;;;;;;;;48;;
PRE;25.07.2018 00:00;;;;;;;;;;;;;;2.1;11.3;7.6;40.7;11;39.6;;;;;;;;;;;;;;73;;
PRE;26.07.2018 00:00;;;;;;;;;;;;;;2.8;11;10.1;39.6;10.8;38.9;;;;;;;;;;;;;;14;;
PRE;27.07.2018 00:00;;;;;;;;;;;;;;1.5;4.4;5.4;15.8;4.3;15.5;;;;;;;;;;;;;;243;;
PRE;28.07.2018 00:00;;;;;;;;;;;;;;1.5;8.5;5.4;30.6;8.3;29.9;;;;;;;;;;;;;;315;;
PRE;29.07.2018 00:00;;;;;;;;;;;;;;2.3;6.3;8.3;22.7;6.1;22;;;;;;;;;;;;;;7;;
PRE;30.07.2018 00:00;;;;;;;;;;;;;;1.7;4.6;6.1;16.6;4.6;16.6;;;;;;;;;;;;;;279;;
PRE;31.07.2018 00:00;;;;;;;;;;;;;;2.1;7.9;7.6;28.4;7.7;27.7;;;;;;;;;;;;;;353;;
PRE;01.08.2018 00:00;;;;;;;;;;;;;;2.7;14.7;9.7;52.9;14.4;51.8;;;;;;;;;;;;;;333;;
PRE;02.08.2018 00:00;;;;;;;;;;;;;;3.8;10.2;13.7;36.7;9.9;35.6;;;;;;;;;;;;;;18;;
PRE;03.08.2018 00:00;;;;;;;;;;;;;;3.4;8.6;12.2;31;8.4;30.2;;;;;;;;;;;;;;29;;
PRE;04.08.2018 00:00;;;;;;;;;;;;;;1.8;5.9;6.5;21.2;5.7;20.5;;;;;;;;;;;;;;360;;
PRE;05.08.2018 00:00;;;;;;;;;;;;;;2.9;9;10.4;32.4;8.8;31.7;;;;;;;;;;;;;;15;;
PRE;06.08.2018 00:00;;;;;;;;;;;;;;2.7;19.4;9.7;69.8;17.9;64.4;;;;;;;;;;;;;;198;;
PRE;07.08.2018 00:00;;;;;;;;;;;;;;2;8.7;7.2;31.3;8.2;29.5;;;;;;;;;;;;;;101;;
PRE;08.08.2018 00:00;;;;;;;;;;;;;;2.8;10;10.1;36;9.7;34.9;;;;;;;;;;;;;;204;;
PRE;09.08.2018 00:00;;;;;;;;;;;;;;4.5;16.7;16.2;60.1;16.3;58.7;;;;;;;;;;;;;;245;;
PRE;10.08.2018 00:00;;;;;;;;;;;;;;2;6.1;7.2;22;6;21.6;;;;;;;;;;;;;;127;;
PRE;11.08.2018 00:00;;;;;;;;;;;;;;2.8;7.3;10.1;26.3;7;25.2;;;;;;;;;;;;;;42;;
PRE;12.08.2018 00:00;;;;;;;;;;;;;;2.1;5.8;7.6;20.9;5.7;20.5;;;;;;;;;;;;;;72;;
PRE;13.08.2018 00:00;;;;;;;;;;;;;;4.9;12.3;17.6;44.3;12;43.2;;;;;;;;;;;;;;239;;
PRE;14.08.2018 00:00;;;;;;;;;;;;;;2.5;6.8;9;24.5;6.6;23.8;;;;;;;;;;;;;;291;;
PRE;15.08.2018 00:00;;;;;;;;;;;;;;3.8;11.7;13.7;42.1;11.2;40.3;;;;;;;;;;;;;;24;;
PRE;16.08.2018 00:00;;;;;;;;;;;;;;1.8;5.6;6.5;20.2;5.6;20.2;;;;;;;;;;;;;;63;;
PRE;17.08.2018 00:00;;;;;;;;;;;;;;2.8;11;10.1;39.6;10.6;38.2;;;;;;;;;;;;;;360;;
PRE;18.08.2018 00:00;;;;;;;;;;;;;;3.5;9;12.6;32.4;8.7;31.3;;;;;;;;;;;;;;29;;
PRE;19.08.2018 00:00;;;;;;;;;;;;;;2.6;7.9;9.4;28.4;7.6;27.4;;;;;;;;;;;;;;326;;
PRE;20.08.2018 00:00;;;;;;;;;;;;;;2.9;8.5;10.4;30.6;8.1;29.2;;;;;;;;;;;;;;22;;
PRE;21.08.2018 00:00;;;;;;;;;;;;;;3.3;9.8;11.9;35.3;9.5;34.2;;;;;;;;;;;;;;20;;
PRE;22.08.2018 00:00;;;;;;;;;;;;;;2.5;13.8;9;49.7;13.5;48.6;;;;;;;;;;;;;;232;;
PRE;23.08.2018 00:00;;;;;;;;;;;;;;2.5;15.3;9;55.1;14.7;52.9;;;;;;;;;;;;;;243;;
PRE;24.08.2018 00:00;;;;;;;;;;;;;;3.6;13.4;13;48.2;12.6;45.4;;;;;;;;;;;;;;260;;
PRE;25.08.2018 00:00;;;;;;;;;;;;;;2.9;10.3;10.4;37.1;10;36;;;;;;;;;;;;;;279;;
PRE;26.08.2018 00:00;;;;;;;;;;;;;;3.8;11.2;13.7;40.3;10.5;37.8;;;;;;;;;;;;;;12;;
PRE;27.08.2018 00:00;;;;;;;;;;;;;;1.9;5.2;6.8;18.7;5.1;18.4;;;;;;;;;;;;;;252;;
PRE;28.08.2018 00:00;;;;;;;;;;;;;;1.9;5.9;6.8;21.2;5.8;20.9;;;;;;;;;;;;;;297;;
PRE;29.08.2018 00:00;;;;;;;;;;;;;;3.5;16.2;12.6;58.3;15.5;55.8;;;;;;;;;;;;;;233;;
PRE;30.08.2018 00:00;;;;;;;;;;;;;;2.8;7.3;10.1;26.3;7.1;25.6;;;;;;;;;;;;;;21;;
PRE;31.08.2018 00:00;;;;;;;;;;;;;;3;10.5;10.8;37.8;10.2;36.7;;;;;;;;;;;;;;28;;
PRE;01.09.2018 00:00;;;;;;;;;;;;;;6.2;14.4;22.3;51.8;13.8;49.7;;;;;;;;;;;;;;30;;
PRE;02.09.2018 00:00;;;;;;;;;;;;;;6;12.7;21.6;45.7;12.1;43.6;;;;;;;;;;;;;;27;;
PRE;03.09.2018 00:00;;;;;;;;;;;;;;3;8.2;10.8;29.5;8;28.8;;;;;;;;;;;;;;19;;
PRE;04.09.2018 00:00;;;;;;;;;;;;;;2.6;6.6;9.4;23.8;6.5;23.4;;;;;;;;;;;;;;8;;
PRE;05.09.2018 00:00;;;;;;;;;;;;;;1.8;4.6;6.5;16.6;4.5;16.2;;;;;;;;;;;;;;360;;
PRE;06.09.2018 00:00;;;;;;;;;;;;;;2;8.2;7.2;29.5;7.8;28.1;;;;;;;;;;;;;;257;;
PRE;07.09.2018 00:00;;;;;;;;;;;;;;1.9;5;6.8;18;5;18;;;;;;;;;;;;;;63;;
PRE;08.09.2018 00:00;;;;;;;;;;;;;;2.3;6.7;8.3;24.1;6.5;23.4;;;;;;;;;;;;;;11;;
PRE;09.09.2018 00:00;;;;;;;;;;;;;;1.7;4.2;6.1;15.1;4.1;14.8;;;;;;;;;;;;;;342;;
PRE;10.09.2018 00:00;;;;;;;;;;;;;;1.8;5.3;6.5;19.1;5.2;18.7;;;;;;;;;;;;;;307;;
PRE;11.09.2018 00:00;;;;;;;;;;;;;;1.7;4.8;6.1;17.3;4.7;16.9;;;;;;;;;;;;;;304;;
PRE;12.09.2018 00:00;;;;;;;;;;;;;;1.6;4.4;5.8;15.8;4.2;15.1;;;;;;;;;;;;;;63;;
PRE;13.09.2018 00:00;;;;;;;;;;;;;;2.6;9.9;9.4;35.6;9.5;34.2;;;;;;;;;;;;;;360;;
PRE;14.09.2018 00:00;;;;;;;;;;;;;;2.6;6.1;9.4;22;6;21.6;;;;;;;;;;;;;;37;;
PRE;15.09.2018 00:00;;;;;;;;;;;;;;3.9;9.4;14;33.8;9.2;33.1;;;;;;;;;;;;;;22;;
PRE;16.09.2018 00:00;;;;;;;;;;;;;;2.7;8.2;9.7;29.5;8.1;29.2;;;;;;;;;;;;;;24;;
PRE;17.09.2018 00:00;;;;;;;;;;;;;;2;4.7;7.2;16.9;4.6;16.6;;;;;;;;;;;;;;16;;
PRE;18.09.2018 00:00;;;;;;;;;;;;;;2;9.1;7.2;32.8;9;32.4;;;;;;;;;;;;;;326;;
PRE;19.09.2018 00:00;;;;;;;;;;;;;;1.8;4.1;6.5;14.8;4;14.4;;;;;;;;;;;;;;360;;
PRE;20.09.2018 00:00;;;;;;;;;;;;;;1.7;4.2;6.1;15.1;4.1;14.8;;;;;;;;;;;;;;304;;
PRE;21.09.2018 00:00;;;;;;;;;;;;;;3.6;17.1;13;61.6;16.1;58;;;;;;;;;;;;;;250;;
PRE;22.09.2018 00:00;;;;;;;;;;;;;;2.6;8.1;9.4;29.2;7.8;28.1;;;;;;;;;;;;;;288;;
PRE;23.09.2018 00:00;;;;;;;;;;;;;;6.3;17;22.7;61.2;16.6;59.8;;;;;;;;;;;;;;239;;
PRE;24.09.2018 00:00;;;;;;;;;;;;;;8.4;21;30.2;75.6;20.4;73.4;;;;;;;;;;;;;;30;;
PRE;25.09.2018 00:00;;;;;;;;;;;;;;7.4;17;26.6;61.2;16.1;58;;;;;;;;;;;;;;23;;
PRE;26.09.2018 00:00;;;;;;;;;;;;;;2.5;10.8;9;38.9;10.3;37.1;;;;;;;;;;;;;;22;;
PRE;27.09.2018 00:00;;;;;;;;;;;;;;1.4;3.5;5;12.6;3.4;12.2;;;;;;;;;;;;;;315;;
PRE;28.09.2018 00:00;;;;;;;;;;;;;;3.1;16.5;11.2;59.4;15.7;56.5;;;;;;;;;;;;;;3;;
PRE;29.09.2018 00:00;;;;;;;;;;;;;;6.2;16.7;22.3;60.1;15.9;57.2;;;;;;;;;;;;;;21;;
PRE;30.09.2018 00:00;;;;;;;;;;;;;;2.3;14.7;8.3;52.9;14.3;51.5;;;;;;;;;;;;;;228;;
PRE;01.10.2018 00:00;;;;;;;;;;;;;;3.4;14.5;12.2;52.2;13.8;49.7;;;;;;;;;;;;;;8;;
PRE;02.10.2018 00:00;;;;;;;;;;;;;;3;7.6;10.8;27.4;7.5;27;;;;;;;;;;;;;;37;;
PRE;03.10.2018 00:00;;;;;;;;;;;;;;4.1;13.6;14.8;49;13.5;48.6;;;;;;;;;;;;;;17;;
PRE;04.10.2018 00:00;;;;;;;;;;;;;;4.3;14.2;15.5;51.1;13.5;48.6;;;;;;;;;;;;;;28;;
PRE;05.10.2018 00:00;;;;;;;;;;;;;;1.6;4.1;5.8;14.8;4;14.4;;;;;;;;;;;;;;297;;
PRE;06.10.2018 00:00;;;;;;;;;;;;;;1.4;5.5;5;19.8;5.5;19.8;;;;;;;;;;;;;;360;;
PRE;07.10.2018 00:00;;;;;;;;;;;;;;2.2;7.2;7.9;25.9;6.9;24.8;;;;;;;;;;;;;;238;;
PRE;08.10.2018 00:00;;;;;;;;;;;;;;1.5;5.3;5.4;19.1;5.2;18.7;;;;;;;;;;;;;;45;;
PRE;09.10.2018 00:00;;;;;;;;;;;;;;2.2;7.5;7.9;27;7.3;26.3;;;;;;;;;;;;;;27;;
PRE;10.10.2018 00:00;;;;;;;;;;;;;;2.8;10;10.1;36;9.4;33.8;;;;;;;;;;;;;;4;;
PRE;11.10.2018 00:00;;;;;;;;;;;;;;1.2;4;4.3;14.4;3.8;13.7;;;;;;;;;;;;;;304;;
PRE;12.10.2018 00:00;;;;;;;;;;;;;;1.5;3.6;5.4;13;3.5;12.6;;;;;;;;;;;;;;346;;
PRE;13.10.2018 00:00;;;;;;;;;;;;;;1.5;4;5.4;14.4;3.8;13.7;;;;;;;;;;;;;;342;;
PRE;14.10.2018 00:00;;;;;;;;;;;;;;1.8;4.5;6.5;16.2;4.3;15.5;;;;;;;;;;;;;;297;;
PRE;15.10.2018 00:00;;;;;;;;;;;;;;2.5;8.3;9;29.9;8.1;29.2;;;;;;;;;;;;;;360;;
PRE;16.10.2018 00:00;;;;;;;;;;;;;;2;5.9;7.2;21.2;5.8;20.9;;;;;;;;;;;;;;5;;
PRE;17.10.2018 00:00;;;;;;;;;;;;;;2.9;9.2;10.4;33.1;9.1;32.8;;;;;;;;;;;;;;18;;
PRE;18.10.2018 00:00;;;;;;;;;;;;;;5;10.8;18;38.9;10.5;37.8;;;;;;;;;;;;;;29;;
PRE;19.10.2018 00:00;;;;;;;;;;;;;;3.6;8.6;13;31;8.2;29.5;;;;;;;;;;;;;;30;;
PRE;20.10.2018 00:00;;;;;;;;;;;;;;4.4;10.2;15.8;36.7;10;36;;;;;;;;;;;;;;40;;
PRE;21.10.2018 00:00;;;;;;;;;;;;;;5.9;15;21.2;54;14.4;51.8;;;;;;;;;;;;;;35;;
PRE;22.10.2018 00:00;;;;;;;;;;;;;;7.2;18.3;25.9;65.9;17;61.2;;;;;;;;;;;;;;26;;
PRE;23.10.2018 00:00;;;;;;;;;;;;;;3.6;16;13;57.6;15.3;55.1;;;;;;;;;;;;;;28;;
PRE;24.10.2018 00:00;;;;;;;;;;;;;;3.4;10.9;12.2;39.2;10.6;38.2;;;;;;;;;;;;;;28;;
PRE;25.10.2018 00:00;;;;;;;;;;;;;;2.6;9.7;9.4;34.9;9.2;33.1;;;;;;;;;;;;;;6;;
PRE;26.10.2018 00:00;;;;;;;;;;;;;;2.6;8.3;9.4;29.9;8.2;29.5;;;;;;;;;;;;;;246;;
PRE;27.10.2018 00:00;;;;;;;;;;;;;;3.7;14.2;13.3;51.1;13.8;49.7;;;;;;;;;;;;;;21;;
PRE;28.10.2018 00:00;;;;;;;;;;;;;;6.8;14.6;24.5;52.6;14.1;50.8;;;;;;;;;;;;;;29;;
PRE;29.10.2018 00:00;;;;;;;;;;;;;;6.2;18.6;22.3;67;17.2;61.9;;;;;;;;;;;;;;17;;
PRE;30.10.2018 00:00;;;;;;;;;;;;;;7.7;23.1;27.7;83.2;21.8;78.5;;;;;;;;;;;;;;233;;
PRE;31.10.2018 00:00;;;;;;;;;;;;;;3.6;10.4;13;37.4;10.1;36.4;;;;;;;;;;;;;;5;;
PRE;01.11.2018 00:00;;;;;;;;;;;;;;2.8;12.5;10.1;45;11.8;42.5;;;;;;;;;;;;;;239;;
PRE;02.11.2018 00:00;;;;;;;;;;;;;;3.8;15;13.7;54;14.5;52.2;;;;;;;;;;;;;;14;;
PRE;03.11.2018 00:00;;;;;;;;;;;;;;5.6;15.2;20.2;54.7;14.4;51.8;;;;;;;;;;;;;;18;;
PRE;04.11.2018 00:00;;;;;;;;;;;;;;3.6;7.6;13;27.4;7.4;26.6;;;;;;;;;;;;;;10;;
PRE;05.11.2018 00:00;;;;;;;;;;;;;;1.7;5.5;6.1;19.8;5.4;19.4;;;;;;;;;;;;;;310;;
PRE;06.11.2018 00:00;;;;;;;;;;;;;;2.9;14.2;10.4;51.1;13;46.8;;;;;;;;;;;;;;249;;
PRE;07.11.2018 00:00;;;;;;;;;;;;;;1.7;6.2;6.1;22.3;6;21.6;;;;;;;;;;;;;;261;;
PRE;08.11.2018 00:00;;;;;;;;;;;;;;2.5;5.8;9;20.9;5.7;20.5;;;;;;;;;;;;;;3;;
PRE;09.11.2018 00:00;;;;;;;;;;;;;;2;6.2;7.2;22.3;6.1;22;;;;;;;;;;;;;;9;;
PRE;10.11.2018 00:00;;;;;;;;;;;;;;1.2;3.6;4.3;13;3.6;13;;;;;;;;;;;;;;360;;
PRE;11.11.2018 00:00;;;;;;;;;;;;;;1.8;6.2;6.5;22.3;6;21.6;;;;;;;;;;;;;;304;;
PRE;12.11.2018 00:00;;;;;;;;;;;;;;1.1;4.7;4;16.9;4.6;16.6;;;;;;;;;;;;;;360;;
PRE;13.11.2018 00:00;;;;;;;;;;;;;;2.3;7.4;8.3;26.6;7.2;25.9;;;;;;;;;;;;;;13;;
PRE;14.11.2018 00:00;;;;;;;;;;;;;;2.4;8.3;8.6;29.9;8.1;29.2;;;;;;;;;;;;;;4;;
PRE;15.11.2018 00:00;;;;;;;;;;;;;;3;8.8;10.8;31.7;8.4;30.2;;;;;;;;;;;;;;10;;
PRE;16.11.2018 00:00;;;;;;;;;;;;;;5;10.2;18;36.7;10;36;;;;;;;;;;;;;;14;;
PRE;17.11.2018 00:00;;;;;;;;;;;;;;5.5;12.3;19.8;44.3;11.4;41;;;;;;;;;;;;;;15;;
PRE;18.11.2018 00:00;;;;;;;;;;;;;;5.3;13.5;19.1;48.6;13.1;47.2;;;;;;;;;;;;;;14;;
PRE;19.11.2018 00:00;;;;;;;;;;;;;;5.7;11.5;20.5;41.4;10.7;38.5;;;;;;;;;;;;;;17;;
PRE;20.11.2018 00:00;;;;;;;;;;;;;;4.6;9.8;16.6;35.3;9.5;34.2;;;;;;;;;;;;;;9;;
PRE;21.11.2018 00:00;;;;;;;;;;;;;;2.8;8.1;10.1;29.2;8;28.8;;;;;;;;;;;;;;355;;
PRE;22.11.2018 00:00;;;;;;;;;;;;;;2.3;6.6;8.3;23.8;6.4;23;;;;;;;;;;;;;;348;;
PRE;23.11.2018 00:00;;;;;;;;;;;;;;3.5;9;12.6;32.4;8.9;32;;;;;;;;;;;;;;360;;
PRE;24.11.2018 00:00;;;;;;;;;;;;;;2.1;7.5;7.6;27;7.3;26.3;;;;;;;;;;;;;;252;;
PRE;25.11.2018 00:00;;;;;;;;;;;;;;2.6;8.1;9.4;29.2;7.8;28.1;;;;;;;;;;;;;;357;;
PRE;26.11.2018 00:00;;;;;;;;;;;;;;3.4;8.4;12.2;30.2;8.2;29.5;;;;;;;;;;;;;;9;;
PRE;27.11.2018 00:00;;;;;;;;;;;;;;1.3;4.4;4.7;15.8;4.2;15.1;;;;;;;;;;;;;;360;;
PRE;28.11.2018 00:00;;;;;;;;;;;;;;2.2;5.9;7.9;21.2;5.8;20.9;;;;;;;;;;;;;;360;;
PRE;29.11.2018 00:00;;;;;;;;;;;;;;1.5;5.7;5.4;20.5;5.6;20.2;;;;;;;;;;;;;;310;;
PRE;30.11.2018 00:00;;;;;;;;;;;;;;1.8;7.7;6.5;27.7;7.6;27.4;;;;;;;;;;;;;;260;;
PRE;01.12.2018 00:00;;;;;;;;;;;;;;2.8;11.1;10.1;40;11;39.6;;;;;;;;;;;;;;241;;
PRE;02.12.2018 00:00;;;;;;;;;;;;;;7.5;15.2;27;54.7;14.4;51.8;;;;;;;;;;;;;;245;;
PRE;03.12.2018 00:00;;;;;;;;;;;;;;5.1;22.9;18.4;82.4;22.5;81;;;;;;;;;;;;;;245;;
PRE;04.12.2018 00:00;;;;;;;;;;;;;;3.2;14.7;11.5;52.9;13.8;49.7;;;;;;;;;;;;;;250;;
PRE;05.12.2018 00:00;;;;;;;;;;;;;;1.6;3.8;5.8;13.7;3.7;13.3;;;;;;;;;;;;;;270;;
PRE;06.12.2018 00:00;;;;;;;;;;;;;;2.9;8.4;10.4;30.2;8;28.8;;;;;;;;;;;;;;234;;
PRE;07.12.2018 00:00;;;;;;;;;;;;;;6.2;19.1;22.3;68.8;18.1;65.2;;;;;;;;;;;;;;231;;
PRE;08.12.2018 00:00;;;;;;;;;;;;;;7.1;16.5;25.6;59.4;15.9;57.2;;;;;;;;;;;;;;237;;
PRE;09.12.2018 00:00;;;;;;;;;;;;;;7.5;20.4;27;73.4;19.7;70.9;;;;;;;;;;;;;;235;;
PRE;10.12.2018 00:00;;;;;;;;;;;;;;2.4;7.4;8.6;26.6;7;25.2;;;;;;;;;;;;;;247;;
PRE;11.12.2018 00:00;;;;;;;;;;;;;;3.1;7.4;11.2;26.6;7.2;25.9;;;;;;;;;;;;;;6;;
PRE;12.12.2018 00:00;;;;;;;;;;;;;;4.2;8;15.1;28.8;7.9;28.4;;;;;;;;;;;;;;6;;
PRE;13.12.2018 00:00;;;;;;;;;;;;;;4.3;8.9;15.5;32;8.5;30.6;;;;;;;;;;;;;;14;;
PRE;14.12.2018 00:00;;;;;;;;;;;;;;4.7;9.3;16.9;33.5;9;32.4;;;;;;;;;;;;;;10;;
PRE;15.12.2018 00:00;;;;;;;;;;;;;;3.8;10;13.7;36;9.7;34.9;;;;;;;;;;;;;;11;;
PRE;16.12.2018 00:00;;;;;;;;;;;;;;1.9;6.1;6.8;22;5.8;20.9;;;;;;;;;;;;;;333;;
PRE;17.12.2018 00:00;;;;;;;;;;;;;;2.1;7.5;7.6;27;7.4;26.6;;;;;;;;;;;;;;274;;
PRE;18.12.2018 00:00;;;;;;;;;;;;;;1.6;5.8;5.8;20.9;5.7;20.5;;;;;;;;;;;;;;340;;
PRE;19.12.2018 00:00;;;;;;;;;;;;;;1.5;6;5.4;21.6;5.9;21.2;;;;;;;;;;;;;;263;;
PRE;20.12.2018 00:00;;;;;;;;;;;;;;5.1;10.4;18.4;37.4;10;36;;;;;;;;;;;;;;243;;
PRE;21.12.2018 00:00;;;;;;;;;;;;;;8;15.9;28.8;57.2;15.6;56.2;;;;;;;;;;;;;;245;;
PRE;22.12.2018 00:00;;;;;;;;;;;;;;5.4;11.5;19.4;41.4;11.1;40;;;;;;;;;;;;;;248;;
PRE;23.12.2018 00:00;;;;;;;;;;;;;;5.4;12.6;19.4;45.4;12.1;43.6;;;;;;;;;;;;;;245;;
PRE;24.12.2018 00:00;;;;;;;;;;;;;;5.3;12.9;19.1;46.4;12.5;45;;;;;;;;;;;;;;325;;
PRE;25.12.2018 00:00;;;;;;;;;;;;;;5.5;12.1;19.8;43.6;11.9;42.8;;;;;;;;;;;;;;26;;
PRE;26.12.2018 00:00;;;;;;;;;;;;;;3.2;7.6;11.5;27.4;7.4;26.6;;;;;;;;;;;;;;354;;
PRE;27.12.2018 00:00;;;;;;;;;;;;;;1.7;5.3;6.1;19.1;5.2;18.7;;;;;;;;;;;;;;333;;
PRE;28.12.2018 00:00;;;;;;;;;;;;;;1.9;7;6.8;25.2;6.9;24.8;;;;;;;;;;;;;;340;;
PRE;29.12.2018 00:00;;;;;;;;;;;;;;4.2;9.1;15.1;32.8;9;32.4;;;;;;;;;;;;;;6;;
PRE;30.12.2018 00:00;;;;;;;;;;;;;;3.5;13.3;12.6;47.9;13;46.8;;;;;;;;;;;;;;22;;
PRE;31.12.2018 00:00;;;;;;;;;;;;;;3.2;9.3;11.5;33.5;9.1;32.8;;;;;;;;;;;;;;35;;
PRE;01.01.2019 00:00;;;;;;;;;;;;;;2.1;7.7;7.6;27.7;7.6;27.4;;;;;;;;;;;;;;28;;
PRE;02.01.2019 00:00;;;;;;;;;;;;;;4.3;12.1;15.5;43.6;11.6;41.8;;;;;;;;;;;;;;25;;
PRE;03.01.2019 00:00;;;;;;;;;;;;;;7.8;16.4;28.1;59;15.5;55.8;;;;;;;;;;;;;;26;;
PRE;04.01.2019 00:00;;;;;;;;;;;;;;6.4;17.6;23;63.4;16.9;60.8;;;;;;;;;;;;;;28;;
PRE;05.01.2019 00:00;;;;;;;;;;;;;;2.6;7.9;9.4;28.4;7.8;28.1;;;;;;;;;;;;;;35;;
PRE;06.01.2019 00:00;;;;;;;;;;;;;;3.6;9.1;13;32.8;8.5;30.6;;;;;;;;;;;;;;19;;
PRE;07.01.2019 00:00;;;;;;;;;;;;;;3.1;9.2;11.2;33.1;8.9;32;;;;;;;;;;;;;;31;;
PRE;08.01.2019 00:00;;;;;;;;;;;;;;4.1;11.7;14.8;42.1;10.8;38.9;;;;;;;;;;;;;;249;;
PRE;09.01.2019 00:00;;;;;;;;;;;;;;2.5;11.1;9;40;10.9;39.2;;;;;;;;;;;;;;24;;
PRE;10.01.2019 00:00;;;;;;;;;;;;;;6.2;13.3;22.3;47.9;12.8;46.1;;;;;;;;;;;;;;24;;
PRE;11.01.2019 00:00;;;;;;;;;;;;;;4.2;10.8;15.1;38.9;10.4;37.4;;;;;;;;;;;;;;32;;
PRE;12.01.2019 00:00;;;;;;;;;;;;;;2.5;11.7;9;42.1;11.3;40.7;;;;;;;;;;;;;;249;;
PRE;13.01.2019 00:00;;;;;;;;;;;;;;7.9;13.8;28.4;49.7;13.1;47.2;;;;;;;;;;;;;;251;;
PRE;14.01.2019 00:00;;;;;;;;;;;;;;2.9;11.9;10.4;42.8;11.6;41.8;;;;;;;;;;;;;;270;;
PRE;15.01.2019 00:00;;;;;;;;;;;;;;1.9;5.2;6.8;18.7;5;18;;;;;;;;;;;;;;319;;
PRE;16.01.2019 00:00;;;;;;;;;;;;;;2.9;12.2;10.4;43.9;11.7;42.1;;;;;;;;;;;;;;243;;
PRE;17.01.2019 00:00;;;;;;;;;;;;;;4.9;13.5;17.6;48.6;12.8;46.1;;;;;;;;;;;;;;237;;
PRE;18.01.2019 00:00;;;;;;;;;;;;;;4.4;11.9;15.8;42.8;11.5;41.4;;;;;;;;;;;;;;16;;
PRE;19.01.2019 00:00;;;;;;;;;;;;;;2;6.5;7.2;23.4;6.3;22.7;;;;;;;;;;;;;;356;;
PRE;20.01.2019 00:00;;;;;;;;;;;;;;2;5;7.2;18;4.9;17.6;;;;;;;;;;;;;;6;;
PRE;21.01.2019 00:00;;;;;;;;;;;;;;4.2;9.2;15.1;33.1;8.9;32;;;;;;;;;;;;;;22;;
PRE;22.01.2019 00:00;;;;;;;;;;;;;;2.1;7.5;7.6;27;7.4;26.6;;;;;;;;;;;;;;4;;
PRE;23.01.2019 00:00;;;;;;;;;;;;;;2.2;8.1;7.9;29.2;7.8;28.1;;;;;;;;;;;;;;356;;
PRE;24.01.2019 00:00;;;;;;;;;;;;;;4.3;9.6;15.5;34.6;9.2;33.1;;;;;;;;;;;;;;11;;
PRE;25.01.2019 00:00;;;;;;;;;;;;;;3.5;9.1;12.6;32.8;8.9;32;;;;;;;;;;;;;;11;;
PRE;26.01.2019 00:00;;;;;;;;;;;;;;2.9;8.5;10.4;30.6;8.1;29.2;;;;;;;;;;;;;;241;;
PRE;27.01.2019 00:00;;;;;;;;;;;;;;6.8;21.4;24.5;77;20.8;74.9;;;;;;;;;;;;;;238;;
PRE;28.01.2019 00:00;;;;;;;;;;;;;;3.7;11.3;13.3;40.7;10.9;39.2;;;;;;;;;;;;;;235;;
PRE;29.01.2019 00:00;;;;;;;;;;;;;;2.3;9.7;8.3;34.9;9.3;33.5;;;;;;;;;;;;;;252;;
PRE;30.01.2019 00:00;;;;;;;;;;;;;;8;22.3;28.8;80.3;21.3;76.7;;;;;;;;;;;;;;226;;
PRE;31.01.2019 00:00;;;;;;;;;;;;;;1.7;8.3;6.1;29.9;8;28.8;;;;;;;;;;;;;;240;;
PRE;01.02.2019 00:00;;;;;;;;;;;;;;1.9;8;6.8;28.8;7.6;27.4;;;;;;;;;;;;;;243;;
PRE;02.02.2019 00:00;;;;;;;;;;;;;;2.7;9.6;9.7;34.6;9.4;33.8;;;;;;;;;;;;;;3;;
PRE;03.02.2019 00:00;;;;;;;;;;;;;;3.2;12.5;11.5;45;11.9;42.8;;;;;;;;;;;;;;31;;
PRE;04.02.2019 00:00;;;;;;;;;;;;;;4.4;12.8;15.8;46.1;12.3;44.3;;;;;;;;;;;;;;20;;
PRE;05.02.2019 00:00;;;;;;;;;;;;;;3.8;8.8;13.7;31.7;8.2;29.5;;;;;;;;;;;;;;11;;
PRE;06.02.2019 00:00;;;;;;;;;;;;;;2;7.4;7.2;26.6;7.2;25.9;;;;;;;;;;;;;;342;;
PRE;07.02.2019 00:00;;;;;;;;;;;;;;2.2;7.5;7.9;27;7.2;25.9;;;;;;;;;;;;;;237;;
PRE;08.02.2019 00:00;;;;;;;;;;;;;;1.7;10.2;6.1;36.7;9.9;35.6;;;;;;;;;;;;;;235;;
PRE;09.02.2019 00:00;;;;;;;;;;;;;;5.6;13.9;20.2;50;13.4;48.2;;;;;;;;;;;;;;243;;
PRE;10.02.2019 00:00;;;;;;;;;;;;;;7.6;19.8;27.4;71.3;19.5;70.2;;;;;;;;;;;;;;238;;
PRE;11.02.2019 00:00;;;;;;;;;;;;;;3.1;15;11.2;54;14.7;52.9;;;;;;;;;;;;;;240;;
PRE;12.02.2019 00:00;;;;;;;;;;;;;;3.5;11.2;12.6;40.3;10.6;38.2;;;;;;;;;;;;;;28;;
PRE;13.02.2019 00:00;;;;;;;;;;;;;;3;10.8;10.8;38.9;10.5;37.8;;;;;;;;;;;;;;27;;
PRE;14.02.2019 00:00;;;;;;;;;;;;;;1.2;3.5;4.3;12.6;3.4;12.2;;;;;;;;;;;;;;307;;
PRE;15.02.2019 00:00;;;;;;;;;;;;;;1.2;4.1;4.3;14.8;4;14.4;;;;;;;;;;;;;;315;;
PRE;16.02.2019 00:00;;;;;;;;;;;;;;1.2;3.2;4.3;11.5;3.1;11.2;;;;;;;;;;;;;;315;;
PRE;17.02.2019 00:00;;;;;;;;;;;;;;1.3;4.3;4.7;15.5;4.2;15.1;;;;;;;;;;;;;;315;;
PRE;18.02.2019 00:00;;;;;;;;;;;;;;1.6;6.1;5.8;22;6;21.6;;;;;;;;;;;;;;259;;
PRE;19.02.2019 00:00;;;;;;;;;;;;;;1.1;3.4;4;12.2;3.4;12.2;;;;;;;;;;;;;;304;;
PRE;20.02.2019 00:00;;;;;;;;;;;;;;1.2;3;4.3;10.8;2.9;10.4;;;;;;;;;;;;;;338;;
PRE;21.02.2019 00:00;;;;;;;;;;;;;;1.1;3.2;4;11.5;3.1;11.2;;;;;;;;;;;;;;360;;
PRE;22.02.2019 00:00;;;;;;;;;;;;;;5.7;15.4;20.5;55.4;14.9;53.6;;;;;;;;;;;;;;23;;
PRE;23.02.2019 00:00;;;;;;;;;;;;;;6.7;14.5;24.1;52.2;14;50.4;;;;;;;;;;;;;;27;;
PRE;24.02.2019 00:00;;;;;;;;;;;;;;4;9.4;14.4;33.8;9.1;32.8;;;;;;;;;;;;;;28;;
PRE;25.02.2019 00:00;;;;;;;;;;;;;;2.1;6.9;7.6;24.8;6.5;23.4;;;;;;;;;;;;;;42;;
PRE;26.02.2019 00:00;;;;;;;;;;;;;;1.7;6.9;6.1;24.8;6.9;24.8;;;;;;;;;;;;;;51;;
PRE;27.02.2019 00:00;;;;;;;;;;;;;;1.5;3.9;5.4;14;3.8;13.7;;;;;;;;;;;;;;236;;
PRE;28.02.2019 00:00;;;;;;;;;;;;;;2.9;13.1;10.4;47.2;11.9;42.8;;;;;;;;;;;;;;252;;
PRE;01.03.2019 00:00;;;;;;;;;;;;;;4.3;13.3;15.5;47.9;12.9;46.4;;;;;;;;;;;;;;233;;
PRE;02.03.2019 00:00;;;;;;;;;;;;;;3.4;10.2;12.2;36.7;9.9;35.6;;;;;;;;;;;;;;231;;
PRE;03.03.2019 00:00;;;;;;;;;;;;;;3;12;10.8;43.2;11.8;42.5;;;;;;;;;;;;;;213;;
PRE;04.03.2019 00:00;;;;;;;;;;;;;;7.6;18.9;27.4;68;18.4;66.2;;;;;;;;;;;;;;233;;
PRE;05.03.2019 00:00;;;;;;;;;;;;;;4.8;15;17.3;54;14.4;51.8;;;;;;;;;;;;;;240;;
PRE;06.03.2019 00:00;;;;;;;;;;;;;;1.4;5.1;5;18.4;5;18;;;;;;;;;;;;;;329;;
PRE;07.03.2019 00:00;;;;;;;;;;;;;;5.7;19.5;20.5;70.2;18.6;67;;;;;;;;;;;;;;236;;
PRE;08.03.2019 00:00;;;;;;;;;;;;;;3.7;11.8;13.3;42.5;11.2;40.3;;;;;;;;;;;;;;240;;
PRE;09.03.2019 00:00;;;;;;;;;;;;;;6.2;14.1;22.3;50.8;13.8;49.7;;;;;;;;;;;;;;243;;
PRE;10.03.2019 00:00;;;;;;;;;;;;;;7.7;19.7;27.7;70.9;18.9;68;;;;;;;;;;;;;;246;;
PRE;11.03.2019 00:00;;;;;;;;;;;;;;3.6;14.9;13;53.6;14.4;51.8;;;;;;;;;;;;;;238;;
PRE;12.03.2019 00:00;;;;;;;;;;;;;;3.2;17.8;11.5;64.1;17.1;61.6;;;;;;;;;;;;;;227;;
PRE;13.03.2019 00:00;;;;;;;;;;;;;;5.8;16.3;20.9;58.7;15.7;56.5;;;;;;;;;;;;;;235;;
PRE;14.03.2019 00:00;;;;;;;;;;;;;;6.8;18.4;24.5;66.2;17.8;64.1;;;;;;;;;;;;;;239;;
PRE;15.03.2019 00:00;;;;;;;;;;;;;;6.1;12.6;22;45.4;12.4;44.6;;;;;;;;;;;;;;247;;
PRE;16.03.2019 00:00;;;;;;;;;;;;;;3.2;8.6;11.5;31;8.3;29.9;;;;;;;;;;;;;;225;;
PRE;17.03.2019 00:00;;;;;;;;;;;;;;5.5;20.9;19.8;75.2;20.2;72.7;;;;;;;;;;;;;;240;;
PRE;18.03.2019 00:00;;;;;;;;;;;;;;2.5;7.9;9;28.4;7.5;27;;;;;;;;;;;;;;250;;
PRE;19.03.2019 00:00;;;;;;;;;;;;;;5.9;13.9;21.2;50;13.7;49.3;;;;;;;;;;;;;;24;;
PRE;20.03.2019 00:00;;;;;;;;;;;;;;7.7;15.5;27.7;55.8;14.9;53.6;;;;;;;;;;;;;;25;;
PRE;21.03.2019 00:00;;;;;;;;;;;;;;4;12.1;14.4;43.6;11.9;42.8;;;;;;;;;;;;;;23;;
PRE;22.03.2019 00:00;;;;;;;;;;;;;;1.4;4.1;5;14.8;4;14.4;;;;;;;;;;;;;;360;;
PRE;23.03.2019 00:00;;;;;;;;;;;;;;1.5;5.7;5.4;20.5;5.5;19.8;;;;;;;;;;;;;;326;;
PRE;24.03.2019 00:00;;;;;;;;;;;;;;1.4;5.3;5;19.1;5.2;18.7;;;;;;;;;;;;;;360;;
PRE;25.03.2019 00:00;;;;;;;;;;;;;;4.8;15.4;17.3;55.4;15.3;55.1;;;;;;;;;;;;;;14;;
PRE;26.03.2019 00:00;;;;;;;;;;;;;;7.8;19.1;28.1;68.8;18.7;67.3;;;;;;;;;;;;;;33;;
PRE;27.03.2019 00:00;;;;;;;;;;;;;;8.6;17;31;61.2;16.3;58.7;;;;;;;;;;;;;;27;;
PRE;28.03.2019 00:00;;;;;;;;;;;;;;5.4;14.7;19.4;52.9;13.9;50;;;;;;;;;;;;;;33;;
PRE;29.03.2019 00:00;;;;;;;;;;;;;;2.7;9.7;9.7;34.9;9.4;33.8;;;;;;;;;;;;;;18;;
PRE;30.03.2019 00:00;;;;;;;;;;;;;;1.5;3.8;5.4;13.7;3.7;13.3;;;;;;;;;;;;;;288;;
PRE;31.03.2019 00:00;;;;;;;;;;;;;;2.7;8.2;9.7;29.5;7.8;28.1;;;;;;;;;;;;;;356;;
PRE;01.04.2019 00:00;;;;;;;;;;;;;;2.6;8.9;9.4;32;8.8;31.7;;;;;;;;;;;;;;21;;
PRE;02.04.2019 00:00;;;;;;;;;;;;;;4.1;19.2;14.8;69.1;18.8;67.7;;;;;;;;;;;;;;226;;
PRE;03.04.2019 00:00;;;;;;;;;;;;;;3.8;12.6;13.7;45.4;12.3;44.3;;;;;;;;;;;;;;237;;
PRE;04.04.2019 00:00;;;;;;;;;;;;;;2.2;6.3;7.9;22.7;6;21.6;;;;;;;;;;;;;;256;;
PRE;05.04.2019 00:00;;;;;;;;;;;;;;3.5;9;12.6;32.4;8.6;31;;;;;;;;;;;;;;22;;
PRE;06.04.2019 00:00;;;;;;;;;;;;;;3.5;10.3;12.6;37.1;10.2;36.7;;;;;;;;;;;;;;360;;
PRE;07.04.2019 00:00;;;;;;;;;;;;;;2.3;8.3;8.3;29.9;7.8;28.1;;;;;;;;;;;;;;233;;
PRE;08.04.2019 00:00;;;;;;;;;;;;;;1.6;4.7;5.8;16.9;4.6;16.6;;;;;;;;;;;;;;270;;
PRE;09.04.2019 00:00;;;;;;;;;;;;;;2.6;9.4;9.4;33.8;9;32.4;;;;;;;;;;;;;;355;;
PRE;10.04.2019 00:00;;;;;;;;;;;;;;4.3;12;15.5;43.2;11.5;41.4;;;;;;;;;;;;;;33;;
PRE;11.04.2019 00:00;;;;;;;;;;;;;;8.9;21.3;32;76.7;20.2;72.7;;;;;;;;;;;;;;28;;
PRE;12.04.2019 00:00;;;;;;;;;;;;;;5.7;14.7;20.5;52.9;14.3;51.5;;;;;;;;;;;;;;28;;
PRE;13.04.2019 00:00;;;;;;;;;;;;;;3;9.1;10.8;32.8;8.8;31.7;;;;;;;;;;;;;;30;;
PRE;14.04.2019 00:00;;;;;;;;;;;;;;5.3;13.2;19.1;47.5;12.5;45;;;;;;;;;;;;;;28;;
PRE;15.04.2019 00:00;;;;;;;;;;;;;;3.2;9.2;11.5;33.1;9;32.4;;;;;;;;;;;;;;33;;
PRE;16.04.2019 00:00;;;;;;;;;;;;;;3.4;12;12.2;43.2;11.5;41.4;;;;;;;;;;;;;;236;;
PRE;17.04.2019 00:00;;;;;;;;;;;;;;2.4;7.1;8.6;25.6;6.9;24.8;;;;;;;;;;;;;;10;;
PRE;18.04.2019 00:00;;;;;;;;;;;;;;1.7;5.7;6.1;20.5;5.6;20.2;;;;;;;;;;;;;;333;;
PRE;19.04.2019 00:00;;;;;;;;;;;;;;2.1;6.9;7.6;24.8;6.6;23.8;;;;;;;;;;;;;;360;;
PRE;20.04.2019 00:00;;;;;;;;;;;;;;2.8;9.4;10.1;33.8;9.3;33.5;;;;;;;;;;;;;;13;;
PRE;21.04.2019 00:00;;;;;;;;;;;;;;1.3;6.4;4.7;23;6.3;22.7;;;;;;;;;;;;;;261;;
PRE;22.04.2019 00:00;;;;;;;;;;;;;;3.7;10.1;13.3;36.4;9.7;34.9;;;;;;;;;;;;;;9;;
PRE;23.04.2019 00:00;;;;;;;;;;;;;;1.6;7.1;5.8;25.6;6.8;24.5;;;;;;;;;;;;;;240;;
PRE;24.04.2019 00:00;;;;;;;;;;;;;;3.8;23.2;13.7;83.5;22.4;80.6;;;;;;;;;;;;;;248;;
PRE;25.04.2019 00:00;;;;;;;;;;;;;;2.8;12.2;10.1;43.9;12;43.2;;;;;;;;;;;;;;311;;
PRE;26.04.2019 00:00;;;;;;;;;;;;;;3.2;10.2;11.5;36.7;9.6;34.6;;;;;;;;;;;;;;228;;
PRE;27.04.2019 00:00;;;;;;;;;;;;;;5.3;13.6;19.1;49;13.3;47.9;;;;;;;;;;;;;;232;;
PRE;28.04.2019 00:00;;;;;;;;;;;;;;2.5;11.1;9;40;11;39.6;;;;;;;;;;;;;;242;;
PRE;29.04.2019 00:00;;;;;;;;;;;;;;4.8;13.3;17.3;47.9;12.5;45;;;;;;;;;;;;;;25;;
PRE;30.04.2019 00:00;;;;;;;;;;;;;;6;14.4;21.6;51.8;13.7;49.3;;;;;;;;;;;;;;27;;
PRE;01.05.2019 00:00;;;;;;;;;;;;;;2.8;9.2;10.1;33.1;9;32.4;;;;;;;;;;;;;;23;;
PRE;02.05.2019 00:00;;;;;;;;;;;;;;3;12;10.8;43.2;11.9;42.8;;;;;;;;;;;;;;234;;
PRE;03.05.2019 00:00;;;;;;;;;;;;;;2.4;7.7;8.6;27.7;7.3;26.3;;;;;;;;;;;;;;29;;
PRE;04.05.2019 00:00;;;;;;;;;;;;;;4;14;14.4;50.4;13.7;49.3;;;;;;;;;;;;;;315;;
PRE;05.05.2019 00:00;;;;;;;;;;;;;;6.4;18.1;23;65.2;16.9;60.8;;;;;;;;;;;;;;26;;
PRE;06.05.2019 00:00;;;;;;;;;;;;;;5.3;14.8;19.1;53.3;14.3;51.5;;;;;;;;;;;;;;25;;
PRE;07.05.2019 00:00;;;;;;;;;;;;;;1.8;4.8;6.5;17.3;4.7;16.9;;;;;;;;;;;;;;60;;
PRE;08.05.2019 00:00;;;;;;;;;;;;;;3.3;8.4;11.9;30.2;8.1;29.2;;;;;;;;;;;;;;225;;
PRE;09.05.2019 00:00;;;;;;;;;;;;;;5.2;13.3;18.7;47.9;12.9;46.4;;;;;;;;;;;;;;241;;
PRE;10.05.2019 00:00;;;;;;;;;;;;;;2.2;9;7.9;32.4;8.9;32;;;;;;;;;;;;;;204;;
PRE;11.05.2019 00:00;;;;;;;;;;;;;;4.5;17.1;16.2;61.6;16.5;59.4;;;;;;;;;;;;;;241;;
PRE;12.05.2019 00:00;;;;;;;;;;;;;;7;17.7;25.2;63.7;17.3;62.3;;;;;;;;;;;;;;38;;
PRE;13.05.2019 00:00;;;;;;;;;;;;;;11.2;27.1;40.3;97.6;26.3;94.7;;;;;;;;;;;;;;33;;
PRE;14.05.2019 00:00;;;;;;;;;;;;;;9.9;23.1;35.6;83.2;21.8;78.5;;;;;;;;;;;;;;31;;
PRE;15.05.2019 00:00;;;;;;;;;;;;;;9.8;22.5;35.3;81;21.8;78.5;;;;;;;;;;;;;;29;;
PRE;16.05.2019 00:00;;;;;;;;;;;;;;4.3;9.7;15.5;34.9;9.5;34.2;;;;;;;;;;;;;;22;;
PRE;17.05.2019 00:00;;;;;;;;;;;;;;2.6;8.3;9.4;29.9;8.2;29.5;;;;;;;;;;;;;;243;;
PRE;18.05.2019 00:00;;;;;;;;;;;;;;1.3;4.5;4.7;16.2;4.4;15.8;;;;;;;;;;;;;;194;;
PRE;19.05.2019 00:00;;;;;;;;;;;;;;1.3;5.4;4.7;19.4;5.2;18.7;;;;;;;;;;;;;;135;;
PRE;20.05.2019 00:00;;;;;;;;;;;;;;1.2;3.8;4.3;13.7;3.7;13.3;;;;;;;;;;;;;;82;;
PRE;21.05.2019 00:00;;;;;;;;;;;;;;2.2;9.2;7.9;33.1;9;32.4;;;;;;;;;;;;;;48;;
PRE;22.05.2019 00:00;;;;;;;;;;;;;;4;9.1;14.4;32.8;9;32.4;;;;;;;;;;;;;;33;;
PRE;23.05.2019 00:00;;;;;;;;;;;;;;2.8;11;10.1;39.6;10.5;37.8;;;;;;;;;;;;;;27;;
PRE;24.05.2019 00:00;;;;;;;;;;;;;;1.7;7.2;6.1;25.9;7.1;25.6;;;;;;;;;;;;;;351;;
PRE;25.05.2019 00:00;;;;;;;;;;;;;;2;8.1;7.2;29.2;7.9;28.4;;;;;;;;;;;;;;342;;
PRE;26.05.2019 00:00;;;;;;;;;;;;;;2;7.7;7.2;27.7;7.6;27.4;;;;;;;;;;;;;;18;;
PRE;27.05.2019 00:00;;;;;;;;;;;;;;1.9;6.6;6.8;23.8;6.4;23;;;;;;;;;;;;;;360;;
PRE;28.05.2019 00:00;;;;;;;;;;;;;;1.7;7.9;6.1;28.4;7.6;27.4;;;;;;;;;;;;;;79;;
PRE;29.05.2019 00:00;;;;;;;;;;;;;;2.2;7.9;7.9;28.4;7.7;27.7;;;;;;;;;;;;;;45;;
PRE;30.05.2019 00:00;;;;;;;;;;;;;;3.5;9;12.6;32.4;8.8;31.7;;;;;;;;;;;;;;27;;
PRE;31.05.2019 00:00;;;;;;;;;;;;;;3.3;8.2;11.9;29.5;7.7;27.7;;;;;;;;;;;;;;27;;
PRE;01.06.2019 00:00;;;;;;;;;;;;;;1.7;4.8;6.1;17.3;4.7;16.9;;;;;;;;;;;;;;233;;
PRE;02.06.2019 00:00;;;;;;;;;;;;;;1.6;3.8;5.8;13.7;3.8;13.7;;;;;;;;;;;;;;18;;
PRE;03.06.2019 00:00;;;;;;;;;;;;;;2.4;9.6;8.6;34.6;9.3;33.5;;;;;;;;;;;;;;82;;
PRE;04.06.2019 00:00;;;;;;;;;;;;;;2;8;7.2;28.8;7.9;28.4;;;;;;;;;;;;;;220;;
PRE;05.06.2019 00:00;;;;;;;;;;;;;;2.6;12.9;9.4;46.4;12.5;45;;;;;;;;;;;;;;243;;
PRE;06.06.2019 00:00;;;;;;;;;;;;;;2.5;7.9;9;28.4;7.5;27;;;;;;;;;;;;;;18;;
PRE;07.06.2019 00:00;;;;;;;;;;;;;;4.1;13.6;14.8;49;13.4;48.2;;;;;;;;;;;;;;270;;
PRE;08.06.2019 00:00;;;;;;;;;;;;;;3.1;9.8;11.2;35.3;9.4;33.8;;;;;;;;;;;;;;247;;
PRE;09.06.2019 00:00;;;;;;;;;;;;;;2.9;10.9;10.4;39.2;10.4;37.4;;;;;;;;;;;;;;13;;
PRE;10.06.2019 00:00;;;;;;;;;;;;;;1.8;12.4;6.5;44.6;12.2;43.9;;;;;;;;;;;;;;6;;
PRE;11.06.2019 00:00;;;;;;;;;;;;;;2.1;7.2;7.6;25.9;6.8;24.5;;;;;;;;;;;;;;284;;
PRE;12.06.2019 00:00;;;;;;;;;;;;;;2.8;10.1;10.1;36.4;9.8;35.3;;;;;;;;;;;;;;217;;
PRE;13.06.2019 00:00;;;;;;;;;;;;;;2.2;6;7.9;21.6;5.9;21.2;;;;;;;;;;;;;;27;;
PRE;14.06.2019 00:00;;;;;;;;;;;;;;3.7;11.3;13.3;40.7;10.8;38.9;;;;;;;;;;;;;;354;;
PRE;15.06.2019 00:00;;;;;;;;;;;;;;2.9;23.1;10.4;83.2;22.5;81;;;;;;;;;;;;;;238;;
PRE;16.06.2019 00:00;;;;;;;;;;;;;;3.1;10.4;11.2;37.4;10;36;;;;;;;;;;;;;;20;;
PRE;17.06.2019 00:00;;;;;;;;;;;;;;3.4;10.8;12.2;38.9;10.4;37.4;;;;;;;;;;;;;;11;;
PRE;18.06.2019 00:00;;;;;;;;;;;;;;1.7;5;6.1;18;4.8;17.3;;;;;;;;;;;;;;56;;
PRE;19.06.2019 00:00;;;;;;;;;;;;;;2.1;7.4;7.6;26.6;7.2;25.9;;;;;;;;;;;;;;230;;
PRE;20.06.2019 00:00;;;;;;;;;;;;;;2.5;8.7;9;31.3;8.4;30.2;;;;;;;;;;;;;;292;;
PRE;21.06.2019 00:00;;;;;;;;;;;;;;3.3;10.9;11.9;39.2;10.5;37.8;;;;;;;;;;;;;;24;;
PRE;22.06.2019 00:00;;;;;;;;;;;;;;1.8;6.4;6.5;23;6.2;22.3;;;;;;;;;;;;;;22;;
PRE;23.06.2019 00:00;;;;;;;;;;;;;;2.3;6.1;8.3;22;5.8;20.9;;;;;;;;;;;;;;7;;
PRE;24.06.2019 00:00;;;;;;;;;;;;;;1.4;4.4;5;15.8;4.3;15.5;;;;;;;;;;;;;;243;;
PRE;25.06.2019 00:00;;;;;;;;;;;;;;1.3;3.4;4.7;12.2;3.3;11.9;;;;;;;;;;;;;;236;;
PRE;26.06.2019 00:00;;;;;;;;;;;;;;1.3;3.6;4.7;13;3.6;13;;;;;;;;;;;;;;270;;
PRE;27.06.2019 00:00;;;;;;;;;;;;;;2;8.1;7.2;29.2;7.7;27.7;;;;;;;;;;;;;;17;;
PRE;28.06.2019 00:00;;;;;;;;;;;;;;4.7;10.8;16.9;38.9;10.4;37.4;;;;;;;;;;;;;;20;;
PRE;29.06.2019 00:00;;;;;;;;;;;;;;2.7;8.8;9.7;31.7;8.5;30.6;;;;;;;;;;;;;;30;;
PRE;30.06.2019 00:00;;;;;;;;;;;;;;2.5;19.5;9;70.2;18.7;67.3;;;;;;;;;;;;;;220;;
PRE;01.07.2019 00:00;;;;;;;;;;;;;;2.6;18;9.4;64.8;17.1;61.6;;;;;;;;;;;;;;187;;
PRE;02.07.2019 00:00;;;;;;;;;;;;;;2.5;7.8;9;28.1;7.5;27;;;;;;;;;;;;;;22;;
PRE;03.07.2019 00:00;;;;;;;;;;;;;;4.1;9.8;14.8;35.3;9.6;34.6;;;;;;;;;;;;;;15;;
PRE;04.07.2019 00:00;;;;;;;;;;;;;;3;9.5;10.8;34.2;9.1;32.8;;;;;;;;;;;;;;15;;
PRE;05.07.2019 00:00;;;;;;;;;;;;;;1.8;4.2;6.5;15.1;4;14.4;;;;;;;;;;;;;;45;;
PRE;06.07.2019 00:00;;;;;;;;;;;;;;2.4;23.1;8.6;83.2;22;79.2;;;;;;;;;;;;;;353;;
PRE;07.07.2019 00:00;;;;;;;;;;;;;;2.2;17.8;7.9;64.1;17.6;63.4;;;;;;;;;;;;;;315;;
PRE;08.07.2019 00:00;;;;;;;;;;;;;;2.7;10.3;9.7;37.1;9.9;35.6;;;;;;;;;;;;;;27;;
PRE;09.07.2019 00:00;;;;;;;;;;;;;;5.4;11.2;19.4;40.3;11.1;40;;;;;;;;;;;;;;29;;
PRE;10.07.2019 00:00;;;;;;;;;;;;;;5.4;12.9;19.4;46.4;12.6;45.4;;;;;;;;;;;;;;29;;
PRE;11.07.2019 00:00;;;;;;;;;;;;;;1.7;5.6;6.1;20.2;5.5;19.8;;;;;;;;;;;;;;360;;
PRE;12.07.2019 00:00;;;;;;;;;;;;;;2.8;9.9;10.1;35.6;9.7;34.9;;;;;;;;;;;;;;245;;
PRE;13.07.2019 00:00;;;;;;;;;;;;;;3.9;10.1;14;36.4;9.8;35.3;;;;;;;;;;;;;;15;;
PRE;14.07.2019 00:00;;;;;;;;;;;;;;4.8;12;17.3;43.2;11.6;41.8;;;;;;;;;;;;;;27;;
PRE;15.07.2019 00:00;;;;;;;;;;;;;;6.5;16.4;23.4;59;15.4;55.4;;;;;;;;;;;;;;27;;
PRE;16.07.2019 00:00;;;;;;;;;;;;;;2.7;8.2;9.7;29.5;7.6;27.4;;;;;;;;;;;;;;49;;
PRE;17.07.2019 00:00;;;;;;;;;;;;;;1.8;5.3;6.5;19.1;5.2;18.7;;;;;;;;;;;;;;270;;
PRE;18.07.2019 00:00;;;;;;;;;;;;;;1.8;5.1;6.5;18.4;5;18;;;;;;;;;;;;;;264;;
PRE;19.07.2019 00:00;;;;;;;;;;;;;;1.9;4.5;6.8;16.2;4.3;15.5;;;;;;;;;;;;;;56;;
PRE;20.07.2019 00:00;;;;;;;;;;;;;;4;13;14.4;46.8;12.7;45.7;;;;;;;;;;;;;;231;;
PRE;21.07.2019 00:00;;;;;;;;;;;;;;2.5;14.6;9;52.6;14;50.4;;;;;;;;;;;;;;222;;
PRE;22.07.2019 00:00;;;;;;;;;;;;;;2.5;8.8;9;31.7;8.6;31;;;;;;;;;;;;;;7;;
PRE;23.07.2019 00:00;;;;;;;;;;;;;;1.8;7.2;6.5;25.9;7.1;25.6;;;;;;;;;;;;;;90;;
PRE;24.07.2019 00:00;;;;;;;;;;;;;;1.9;6.5;6.8;23.4;6.3;22.7;;;;;;;;;;;;;;360;;
PRE;25.07.2019 00:00;;;;;;;;;;;;;;2.2;21.8;7.9;78.5;21.7;78.1;;;;;;;;;;;;;;207;;
PRE;26.07.2019 00:00;;;;;;;;;;;;;;3;13;10.8;46.8;12.6;45.4;;;;;;;;;;;;;;270;;
PRE;27.07.2019 00:00;;;;;;;;;;;;;;2.7;15.5;9.7;55.8;15.3;55.1;;;;;;;;;;;;;;307;;
PRE;28.07.2019 00:00;;;;;;;;;;;;;;1.9;9;6.8;32.4;8.6;31;;;;;;;;;;;;;;252;;
PRE;29.07.2019 00:00;;;;;;;;;;;;;;3.5;11;12.6;39.6;10.6;38.2;;;;;;;;;;;;;;20;;
PRE;30.07.2019 00:00;;;;;;;;;;;;;;2.3;9.4;8.3;33.8;9.2;33.1;;;;;;;;;;;;;;270;;
PRE;31.07.2019 00:00;;;;;;;;;;;;;;2.1;6.5;7.6;23.4;6.4;23;;;;;;;;;;;;;;90;;
PRE;01.08.2019 00:00;;;;;;;;;;;;;;3;7.8;10.8;28.1;7.7;27.7;;;;;;;;;;;;;;13;;
PRE;02.08.2019 00:00;;;;;;;;;;;;;;1.8;8.9;6.5;32;8.4;30.2;;;;;;;;;;;;;;270;;
PRE;03.08.2019 00:00;;;;;;;;;;;;;;2.5;7.2;9;25.9;7.1;25.6;;;;;;;;;;;;;;338;;
PRE;04.08.2019 00:00;;;;;;;;;;;;;;2.1;5.8;7.6;20.9;5.7;20.5;;;;;;;;;;;;;;27;;
PRE;05.08.2019 00:00;;;;;;;;;;;;;;2.4;9.1;8.6;32.8;9;32.4;;;;;;;;;;;;;;228;;
PRE;06.08.2019 00:00;;;;;;;;;;;;;;3.1;27.1;11.2;97.6;26.1;94;;;;;;;;;;;;;;249;;
PRE;07.08.2019 00:00;;;;;;;;;;;;;;3.5;11.7;12.6;42.1;11.6;41.8;;;;;;;;;;;;;;255;;
PRE;08.08.2019 00:00;;;;;;;;;;;;;;1.8;4;6.5;14.4;3.9;14;;;;;;;;;;;;;;297;;
PRE;09.08.2019 00:00;;;;;;;;;;;;;;2.1;16.3;7.6;58.7;15.7;56.5;;;;;;;;;;;;;;297;;
PRE;10.08.2019 00:00;;;;;;;;;;;;;;2;9.4;7.2;33.8;9;32.4;;;;;;;;;;;;;;304;;
PRE;11.08.2019 00:00;;;;;;;;;;;;;;3;14.2;10.8;51.1;13.5;48.6;;;;;;;;;;;;;;360;;
PRE;12.08.2019 00:00;;;;;;;;;;;;;;2.6;9.5;9.4;34.2;9.3;33.5;;;;;;;;;;;;;;302;;
PRE;13.08.2019 00:00;;;;;;;;;;;;;;2.7;8.1;9.7;29.2;8;28.8;;;;;;;;;;;;;;13;;
PRE;14.08.2019 00:00;;;;;;;;;;;;;;2.8;7.6;10.1;27.4;7.4;26.6;;;;;;;;;;;;;;21;;
PRE;15.08.2019 00:00;;;;;;;;;;;;;;3.9;12.1;14;43.6;11.9;42.8;;;;;;;;;;;;;;260;;
PRE;16.08.2019 00:00;;;;;;;;;;;;;;1.8;5.8;6.5;20.9;5.7;20.5;;;;;;;;;;;;;;297;;
PRE;17.08.2019 00:00;;;;;;;;;;;;;;3.4;12.9;12.2;46.4;12.4;44.6;;;;;;;;;;;;;;232;;
PRE;18.08.2019 00:00;;;;;;;;;;;;;;5.4;22.3;19.4;80.3;22;79.2;;;;;;;;;;;;;;235;;
PRE;19.08.2019 00:00;;;;;;;;;;;;;;2.4;7.1;8.6;25.6;7;25.2;;;;;;;;;;;;;;236;;
PRE;20.08.2019 00:00;;;;;;;;;;;;;;2.8;9.2;10.1;33.1;9;32.4;;;;;;;;;;;;;;18;;
PRE;21.08.2019 00:00;;;;;;;;;;;;;;6.5;15.6;23.4;56.2;15.4;55.4;;;;;;;;;;;;;;31;;
PRE;22.08.2019 00:00;;;;;;;;;;;;;;4.3;9.8;15.5;35.3;9.7;34.9;;;;;;;;;;;;;;20;;
PRE;23.08.2019 00:00;;;;;;;;;;;;;;4.3;9.1;15.5;32.8;9;32.4;;;;;;;;;;;;;;19;;
PRE;24.08.2019 00:00;;;;;;;;;;;;;;1.6;4.1;5.8;14.8;4;14.4;;;;;;;;;;;;;;56;;
PRE;25.08.2019 00:00;;;;;;;;;;;;;;1.5;3.7;5.4;13.3;3.5;12.6;;;;;;;;;;;;;;270;;
PRE;26.08.2019 00:00;;;;;;;;;;;;;;1.5;4.2;5.4;15.1;4.1;14.8;;;;;;;;;;;;;;297;;
PRE;27.08.2019 00:00;;;;;;;;;;;;;;1.5;11.5;5.4;41.4;10.7;38.5;;;;;;;;;;;;;;284;;
PRE;28.08.2019 00:00;;;;;;;;;;;;;;1.8;5.5;6.5;19.8;5.4;19.4;;;;;;;;;;;;;;360;;
PRE;29.08.2019 00:00;;;;;;;;;;;;;;2.1;6.3;7.6;22.7;6.2;22.3;;;;;;;;;;;;;;337;;
PRE;30.08.2019 00:00;;;;;;;;;;;;;;2;6;7.2;21.6;5.9;21.2;;;;;;;;;;;;;;360;;
PRE;31.08.2019 00:00;;;;;;;;;;;;;;1.9;8;6.8;28.8;7.6;27.4;;;;;;;;;;;;;;243;;
PRE;01.09.2019 00:00;;;;;;;;;;;;;;2.2;9.2;7.9;33.1;8.7;31.3;;;;;;;;;;;;;;53;;
PRE;02.09.2019 00:00;;;;;;;;;;;;;;4.9;11.3;17.6;40.7;10.6;38.2;;;;;;;;;;;;;;33;;
PRE;03.09.2019 00:00;;;;;;;;;;;;;;4.3;11.3;15.5;40.7;11.2;40.3;;;;;;;;;;;;;;29;;
PRE;04.09.2019 00:00;;;;;;;;;;;;;;1.6;4.5;5.8;16.2;4.2;15.1;;;;;;;;;;;;;;0;;
PRE;05.09.2019 00:00;;;;;;;;;;;;;;3.6;10.5;13;37.8;10.3;37.1;;;;;;;;;;;;;;21;;
PRE;06.09.2019 00:00;;;;;;;;;;;;;;6.2;15;22.3;54;14.2;51.1;;;;;;;;;;;;;;23;;
PRE;07.09.2019 00:00;;;;;;;;;;;;;;1.8;7;6.5;25.2;6.9;24.8;;;;;;;;;;;;;;288;;
PRE;08.09.2019 00:00;;;;;;;;;;;;;;1.7;8.7;6.1;31.3;8.5;30.6;;;;;;;;;;;;;;360;;
PRE;09.09.2019 00:00;;;;;;;;;;;;;;1.6;4.9;5.8;17.6;4.6;16.6;;;;;;;;;;;;;;288;;
PRE;10.09.2019 00:00;;;;;;;;;;;;;;3.7;8.2;13.3;29.5;8.1;29.2;;;;;;;;;;;;;;17;;
PRE;11.09.2019 00:00;;;;;;;;;;;;;;2.5;8.4;9;30.2;8.1;29.2;;;;;;;;;;;;;;18;;
PRE;12.09.2019 00:00;;;;;;;;;;;;;;2.1;6.6;7.6;23.8;6.6;23.8;;;;;;;;;;;;;;7;;
PRE;13.09.2019 00:00;;;;;;;;;;;;;;2.1;6.6;7.6;23.8;6.5;23.4;;;;;;;;;;;;;;360;;
PRE;14.09.2019 00:00;;;;;;;;;;;;;;3.2;9.1;11.5;32.8;8.8;31.7;;;;;;;;;;;;;;19;;
PRE;15.09.2019 00:00;;;;;;;;;;;;;;1.5;3.8;5.4;13.7;3.8;13.7;;;;;;;;;;;;;;360;;
PRE;16.09.2019 00:00;;;;;;;;;;;;;;1.4;3.9;5;14;3.8;13.7;;;;;;;;;;;;;;315;;
PRE;17.09.2019 00:00;;;;;;;;;;;;;;3;11.7;10.8;42.1;11.5;41.4;;;;;;;;;;;;;;21;;
PRE;18.09.2019 00:00;;;;;;;;;;;;;;6.8;13.5;24.5;48.6;13.2;47.5;;;;;;;;;;;;;;29;;
PRE;19.09.2019 00:00;;;;;;;;;;;;;;7.8;15;28.1;54;14.3;51.5;;;;;;;;;;;;;;26;;
PRE;20.09.2019 00:00;;;;;;;;;;;;;;5.1;11.2;18.4;40.3;11;39.6;;;;;;;;;;;;;;21;;
PRE;21.09.2019 00:00;;;;;;;;;;;;;;2.5;7.7;9;27.7;7.5;27;;;;;;;;;;;;;;11;;
PRE;22.09.2019 00:00;;;;;;;;;;;;;;2;9.3;7.2;33.5;9;32.4;;;;;;;;;;;;;;221;;
PRE;23.09.2019 00:00;;;;;;;;;;;;;;2.2;7.1;7.9;25.6;6.9;24.8;;;;;;;;;;;;;;243;;
PRE;24.09.2019 00:00;;;;;;;;;;;;;;3.8;13.8;13.7;49.7;13.3;47.9;;;;;;;;;;;;;;257;;
PRE;25.09.2019 00:00;;;;;;;;;;;;;;5.2;12.2;18.7;43.9;11.9;42.8;;;;;;;;;;;;;;234;;
PRE;26.09.2019 00:00;;;;;;;;;;;;;;3.6;9.4;13;33.8;9.1;32.8;;;;;;;;;;;;;;248;;
PRE;27.09.2019 00:00;;;;;;;;;;;;;;4.7;14.5;16.9;52.2;13.6;49;;;;;;;;;;;;;;238;;
PRE;28.09.2019 00:00;;;;;;;;;;;;;;4.1;13.2;14.8;47.5;12.8;46.1;;;;;;;;;;;;;;250;;
PRE;29.09.2019 00:00;;;;;;;;;;;;;;5.3;17.2;19.1;61.9;17;61.2;;;;;;;;;;;;;;236;;
PRE;30.09.2019 00:00;;;;;;;;;;;;;;4.1;12.4;14.8;44.6;12.2;43.9;;;;;;;;;;;;;;236;;
PRE;01.10.2019 00:00;;;;;;;;;;;;;;3.1;15.2;11.2;54.7;14.9;53.6;;;;;;;;;;;;;;254;;
PRE;02.10.2019 00:00;;;;;;;;;;;;;;4.1;11;14.8;39.6;10.7;38.5;;;;;;;;;;;;;;264;;
PRE;03.10.2019 00:00;;;;;;;;;;;;;;3.7;10.5;13.3;37.8;10.3;37.1;;;;;;;;;;;;;;9;;
PRE;04.10.2019 00:00;;;;;;;;;;;;;;4.9;13.6;17.6;49;13.3;47.9;;;;;;;;;;;;;;247;;
PRE;05.10.2019 00:00;;;;;;;;;;;;;;3.1;9.1;11.2;32.8;9.1;32.8;;;;;;;;;;;;;;238;;
PRE;06.10.2019 00:00;;;;;;;;;;;;;;4.3;12.7;15.5;45.7;12.1;43.6;;;;;;;;;;;;;;241;;
PRE;07.10.2019 00:00;;;;;;;;;;;;;;2.1;6.6;7.6;23.8;6.5;23.4;;;;;;;;;;;;;;347;;
PRE;08.10.2019 00:00;;;;;;;;;;;;;;3.6;9.9;13;35.6;9.7;34.9;;;;;;;;;;;;;;226;;
PRE;09.10.2019 00:00;;;;;;;;;;;;;;5.3;17.1;19.1;61.6;16.4;59;;;;;;;;;;;;;;242;;
PRE;10.10.2019 00:00;;;;;;;;;;;;;;3.8;11.2;13.7;40.3;10.9;39.2;;;;;;;;;;;;;;250;;
PRE;11.10.2019 00:00;;;;;;;;;;;;;;1.6;4.6;5.8;16.6;4.5;16.2;;;;;;;;;;;;;;304;;
PRE;12.10.2019 00:00;;;;;;;;;;;;;;1.8;8.7;6.5;31.3;8.2;29.5;;;;;;;;;;;;;;219;;
PRE;13.10.2019 00:00;;;;;;;;;;;;;;1.7;6.6;6.1;23.8;6.5;23.4;;;;;;;;;;;;;;180;;
PRE;14.10.2019 00:00;;;;;;;;;;;;;;1.6;5;5.8;18;4.8;17.3;;;;;;;;;;;;;;315;;
PRE;15.10.2019 00:00;;;;;;;;;;;;;;4.1;12.7;14.8;45.7;12.2;43.9;;;;;;;;;;;;;;237;;
PRE;16.10.2019 00:00;;;;;;;;;;;;;;2.3;8.5;8.3;30.6;8.2;29.5;;;;;;;;;;;;;;231;;
PRE;17.10.2019 00:00;;;;;;;;;;;;;;0.9;4.9;3.2;17.6;4.8;17.3;;;;;;;;;;;;;;225;;
PRE;18.10.2019 00:00;;;;;;;;;;;;;;1.6;8;5.8;28.8;7.5;27;;;;;;;;;;;;;;207;;
PRE;19.10.2019 00:00;;;;;;;;;;;;;;2.3;9.6;8.3;34.6;9.3;33.5;;;;;;;;;;;;;;6;;
PRE;20.10.2019 00:00;;;;;;;;;;;;;;2;6.7;7.2;24.1;6.6;23.8;;;;;;;;;;;;;;10;;
PRE;21.10.2019 00:00;;;;;;;;;;;;;;1.8;6.5;6.5;23.4;6.4;23;;;;;;;;;;;;;;276;;
PRE;22.10.2019 00:00;;;;;;;;;;;;;;3.9;8.8;14;31.7;8.6;31;;;;;;;;;;;;;;27;;
PRE;23.10.2019 00:00;;;;;;;;;;;;;;4;10.8;14.4;38.9;10.6;38.2;;;;;;;;;;;;;;353;;
PRE;24.10.2019 00:00;;;;;;;;;;;;;;2.7;8.5;9.7;30.6;8.4;30.2;;;;;;;;;;;;;;254;;
PRE;25.10.2019 00:00;;;;;;;;;;;;;;2;5.9;7.2;21.2;5.7;20.5;;;;;;;;;;;;;;349;;
PRE;26.10.2019 00:00;;;;;;;;;;;;;;1.3;3.5;4.7;12.6;3.4;12.2;;;;;;;;;;;;;;338;;
PRE;27.10.2019 00:00;;;;;;;;;;;;;;1;2.7;3.6;9.7;2.5;9;;;;;;;;;;;;;;349;;
PRE;28.10.2019 00:00;;;;;;;;;;;;;;1.6;6.4;5.8;23;6.3;22.7;;;;;;;;;;;;;;10;;
PRE;29.10.2019 00:00;;;;;;;;;;;;;;3.7;11.2;13.3;40.3;11.1;40;;;;;;;;;;;;;;10;;
PRE;30.10.2019 00:00;;;;;;;;;;;;;;4.4;8.8;15.8;31.7;8.5;30.6;;;;;;;;;;;;;;4;;
PRE;31.10.2019 00:00;;;;;;;;;;;;;;3;8.2;10.8;29.5;8;28.8;;;;;;;;;;;;;;6;;
PRE;01.11.2019 00:00;;;;;;;;;;;;;;4.8;14;17.3;50.4;13.6;49;;;;;;;;;;;;;;246;;
PRE;02.11.2019 00:00;;;;;;;;;;;;;;6.6;16.1;23.8;58;15.2;54.7;;;;;;;;;;;;;;236;;
PRE;03.11.2019 00:00;;;;;;;;;;;;;;5;16.2;18;58.3;15.6;56.2;;;;;;;;;;;;;;240;;
PRE;04.11.2019 00:00;;;;;;;;;;;;;;7;16;25.2;57.6;15.7;56.5;;;;;;;;;;;;;;238;;
PRE;05.11.2019 00:00;;;;;;;;;;;;;;3.9;15.4;14;55.4;14.8;53.3;;;;;;;;;;;;;;237;;
PRE;06.11.2019 00:00;;;;;;;;;;;;;;3.2;7.7;11.5;27.7;7.5;27;;;;;;;;;;;;;;241;;
PRE;07.11.2019 00:00;;;;;;;;;;;;;;3.9;11.7;14;42.1;11.1;40;;;;;;;;;;;;;;239;;
PRE;08.11.2019 00:00;;;;;;;;;;;;;;2.9;7.1;10.4;25.6;7;25.2;;;;;;;;;;;;;;9;;
PRE;09.11.2019 00:00;;;;;;;;;;;;;;1.8;4.7;6.5;16.9;4.6;16.6;;;;;;;;;;;;;;301;;
PRE;10.11.2019 00:00;;;;;;;;;;;;;;2.7;8.1;9.7;29.2;7.8;28.1;;;;;;;;;;;;;;348;;
PRE;11.11.2019 00:00;;;;;;;;;;;;;;3.6;8.5;13;30.6;8.2;29.5;;;;;;;;;;;;;;285;;
PRE;12.11.2019 00:00;;;;;;;;;;;;;;3.4;8.2;12.2;29.5;8.1;29.2;;;;;;;;;;;;;;252;;
PRE;13.11.2019 00:00;;;;;;;;;;;;;;2;5.9;7.2;21.2;5.7;20.5;;;;;;;;;;;;;;274;;
PRE;14.11.2019 00:00;;;;;;;;;;;;;;3.6;11.3;13;40.7;11;39.6;;;;;;;;;;;;;;4;;
PRE;15.11.2019 00:00;;;;;;;;;;;;;;4;15.3;14.4;55.1;15.2;54.7;;;;;;;;;;;;;;263;;
PRE;16.11.2019 00:00;;;;;;;;;;;;;;3.2;10.2;11.5;36.7;10;36;;;;;;;;;;;;;;276;;
PRE;17.11.2019 00:00;;;;;;;;;;;;;;3.7;9.6;13.3;34.6;9.2;33.1;;;;;;;;;;;;;;331;;
PRE;18.11.2019 00:00;;;;;;;;;;;;;;3.1;7.7;11.2;27.7;7.5;27;;;;;;;;;;;;;;258;;
PRE;19.11.2019 00:00;;;;;;;;;;;;;;4.7;10.6;16.9;38.2;10.1;36.4;;;;;;;;;;;;;;32;;
PRE;20.11.2019 00:00;;;;;;;;;;;;;;2.7;6.8;9.7;24.5;6.7;24.1;;;;;;;;;;;;;;2;;
PRE;21.11.2019 00:00;;;;;;;;;;;;;;2.6;6.6;9.4;23.8;6.3;22.7;;;;;;;;;;;;;;358;;
PRE;22.11.2019 00:00;;;;;;;;;;;;;;4.1;12.4;14.8;44.6;11.8;42.5;;;;;;;;;;;;;;14;;
PRE;23.11.2019 00:00;;;;;;;;;;;;;;2.6;10.9;9.4;39.2;10.1;36.4;;;;;;;;;;;;;;287;;
PRE;24.11.2019 00:00;;;;;;;;;;;;;;1.4;4.3;5;15.5;4.2;15.1;;;;;;;;;;;;;;300;;
PRE;25.11.2019 00:00;;;;;;;;;;;;;;1.5;5.2;5.4;18.7;4.9;17.6;;;;;;;;;;;;;;343;;
PRE;26.11.2019 00:00;;;;;;;;;;;;;;1.3;5.3;4.7;19.1;5.1;18.4;;;;;;;;;;;;;;339;;
PRE;27.11.2019 00:00;;;;;;;;;;;;;;4.1;16;14.8;57.6;15;54;;;;;;;;;;;;;;238;;
PRE;28.11.2019 00:00;;;;;;;;;;;;;;5.8;15.7;20.9;56.5;15.4;55.4;;;;;;;;;;;;;;235;;
PRE;29.11.2019 00:00;;;;;;;;;;;;;;4.6;11;16.6;39.6;10.9;39.2;;;;;;;;;;;;;;242;;
PRE;30.11.2019 00:00;;;;;;;;;;;;;;4.4;11.7;15.8;42.1;11.4;41;;;;;;;;;;;;;;3;;
PRE;01.12.2019 00:00;;;;;;;;;;;;;;2.7;13.4;9.7;48.2;12.8;46.1;;;;;;;;;;;;;;351;;
PRE;02.12.2019 00:00;;;;;;;;;;;;;;7;16.2;25.2;58.3;15.5;55.8;;;;;;;;;;;;;;29;;
PRE;03.12.2019 00:00;;;;;;;;;;;;;;5.5;14.9;19.8;53.6;14.1;50.8;;;;;;;;;;;;;;21;;
PRE;04.12.2019 00:00;;;;;;;;;;;;;;2.9;8;10.4;28.8;7.8;28.1;;;;;;;;;;;;;;351;;
PRE;05.12.2019 00:00;;;;;;;;;;;;;;2;5.2;7.2;18.7;5;18;;;;;;;;;;;;;;313;;
PRE;06.12.2019 00:00;;;;;;;;;;;;;;1.3;3.3;4.7;11.9;3.2;11.5;;;;;;;;;;;;;;294;;
PRE;07.12.2019 00:00;;;;;;;;;;;;;;3.8;10.5;13.7;37.8;10.1;36.4;;;;;;;;;;;;;;246;;
PRE;08.12.2019 00:00;;;;;;;;;;;;;;5.1;12.5;18.4;45;12.1;43.6;;;;;;;;;;;;;;241;;
PRE;09.12.2019 00:00;;;;;;;;;;;;;;6.7;19.1;24.1;68.8;17.6;63.4;;;;;;;;;;;;;;231;;
PRE;10.12.2019 00:00;;;;;;;;;;;;;;3.8;14.7;13.7;52.9;14.2;51.1;;;;;;;;;;;;;;358;;
PRE;11.12.2019 00:00;;;;;;;;;;;;;;3.5;12.4;12.6;44.6;12.3;44.3;;;;;;;;;;;;;;254;;
PRE;12.12.2019 00:00;;;;;;;;;;;;;;5.6;13.9;20.2;50;13.7;49.3;;;;;;;;;;;;;;242;;
PRE;13.12.2019 00:00;;;;;;;;;;;;;;7;18.4;25.2;66.2;17.1;61.6;;;;;;;;;;;;;;241;;
PRE;14.12.2019 00:00;;;;;;;;;;;;;;7.8;22;28.1;79.2;20.7;74.5;;;;;;;;;;;;;;236;;
PRE;15.12.2019 00:00;;;;;;;;;;;;;;3.6;13;13;46.8;12.3;44.3;;;;;;;;;;;;;;247;;
PRE;16.12.2019 00:00;;;;;;;;;;;;;;1.2;6;4.3;21.6;5.9;21.2;;;;;;;;;;;;;;315;;
PRE;17.12.2019 00:00;;;;;;;;;;;;;;1.2;3.5;4.3;12.6;3.4;12.2;;;;;;;;;;;;;;315;;
PRE;18.12.2019 00:00;;;;;;;;;;;;;;2.2;9;7.9;32.4;8.8;31.7;;;;;;;;;;;;;;348;;
PRE;19.12.2019 00:00;;;;;;;;;;;;;;1.4;4.6;5;16.6;4.5;16.2;;;;;;;;;;;;;;321;;
PRE;20.12.2019 00:00;;;;;;;;;;;;;;3.3;13.9;11.9;50;13.7;49.3;;;;;;;;;;;;;;254;;
PRE;21.12.2019 00:00;;;;;;;;;;;;;;2.7;9.6;9.7;34.6;9.2;33.1;;;;;;;;;;;;;;225;;
PRE;28.12.2019 00:00;;;;;;;;;;;;;;6.8;13;24.5;46.8;12.5;45;;;;;;;;;;;;;;26;;
PRE;29.12.2019 00:00;;;;;;;;;;;;;;5.8;11.5;20.9;41.4;11.3;40.7;;;;;;;;;;;;;;18;;
PRE;30.12.2019 00:00;;;;;;;;;;;;;;2.7;8.5;9.7;30.6;8.3;29.9;;;;;;;;;;;;;;16;;
PRE;31.12.2019 00:00;;;;;;;;;;;;;;2.5;7.5;9;27;7.3;26.3;;;;;;;;;;;;;;360;;
PRE;01.01.2020 00:00;;;;;;;;;;;;;;2.7;7.3;9.7;26.3;7.1;25.6;;;;;;;;;;;;;;12;;
PRE;02.01.2020 00:00;;;;;;;;;;;;;;1.4;4.8;5;17.3;4.7;16.9;;;;;;;;;;;;;;333;;
PRE;03.01.2020 00:00;;;;;;;;;;;;;;1.6;7.9;5.8;28.4;7.5;27;;;;;;;;;;;;;;230;;
PRE;04.01.2020 00:00;;;;;;;;;;;;;;2.6;7.7;9.4;27.7;7.5;27;;;;;;;;;;;;;;24;;
PRE;05.01.2020 00:00;;;;;;;;;;;;;;4.9;10.6;17.6;38.2;10.4;37.4;;;;;;;;;;;;;;32;;
PRE;06.01.2020 00:00;;;;;;;;;;;;;;1.2;4.5;4.3;16.2;4.4;15.8;;;;;;;;;;;;;;326;;
PRE;07.01.2020 00:00;;;;;;;;;;;;;;2.1;9.7;7.6;34.9;9.6;34.6;;;;;;;;;;;;;;360;;
PRE;08.01.2020 00:00;;;;;;;;;;;;;;1.2;4.2;4.3;15.1;4.1;14.8;;;;;;;;;;;;;;315;;
PRE;09.01.2020 00:00;;;;;;;;;;;;;;2.7;14.1;9.7;50.8;13.3;47.9;;;;;;;;;;;;;;235;;
PRE;10.01.2020 00:00;;;;;;;;;;;;;;4.6;16.3;16.6;58.7;15.5;55.8;;;;;;;;;;;;;;244;;
PRE;11.01.2020 00:00;;;;;;;;;;;;;;3.7;11.1;13.3;40;11;39.6;;;;;;;;;;;;;;15;;
PRE;12.01.2020 00:00;;;;;;;;;;;;;;1.8;4.9;6.5;17.6;4.8;17.3;;;;;;;;;;;;;;270;;
PRE;13.01.2020 00:00;;;;;;;;;;;;;;1.3;3.2;4.7;11.5;3.1;11.2;;;;;;;;;;;;;;291;;
PRE;14.01.2020 00:00;;;;;;;;;;;;;;3.8;12.7;13.7;45.7;11.8;42.5;;;;;;;;;;;;;;228;;
PRE;15.01.2020 00:00;;;;;;;;;;;;;;3.8;15;13.7;54;14.6;52.6;;;;;;;;;;;;;;231;;
PRE;16.01.2020 00:00;;;;;;;;;;;;;;1.6;3.7;5.8;13.3;3.6;13;;;;;;;;;;;;;;326;;
PRE;17.01.2020 00:00;;;;;;;;;;;;;;1.5;7.1;5.4;25.6;7;25.2;;;;;;;;;;;;;;247;;
PRE;18.01.2020 00:00;;;;;;;;;;;;;;3.3;10.9;11.9;39.2;10.5;37.8;;;;;;;;;;;;;;329;;
PRE;19.01.2020 00:00;;;;;;;;;;;;;;8.7;17.8;31.3;64.1;17.6;63.4;;;;;;;;;;;;;;27;;
PRE;20.01.2020 00:00;;;;;;;;;;;;;;7.6;15.8;27.4;56.9;15.1;54.4;;;;;;;;;;;;;;27;;
PRE;21.01.2020 00:00;;;;;;;;;;;;;;3.7;10.1;13.3;36.4;9.6;34.6;;;;;;;;;;;;;;22;;
PRE;22.01.2020 00:00;;;;;;;;;;;;;;2.4;10.8;8.6;38.9;10.6;38.2;;;;;;;;;;;;;;7;;
PRE;23.01.2020 00:00;;;;;;;;;;;;;;4.2;12;15.1;43.2;11.6;41.8;;;;;;;;;;;;;;17;;
PRE;24.01.2020 00:00;;;;;;;;;;;;;;1.6;4.8;5.8;17.3;4.7;16.9;;;;;;;;;;;;;;12;;
PRE;25.01.2020 00:00;;;;;;;;;;;;;;1.2;4;4.3;14.4;3.9;14;;;;;;;;;;;;;;349;;
PRE;26.01.2020 00:00;;;;;;;;;;;;;;1.4;4.7;5;16.9;4.7;16.9;;;;;;;;;;;;;;315;;
PRE;27.01.2020 00:00;;;;;;;;;;;;;;4.2;16.6;15.1;59.8;15.7;56.5;;;;;;;;;;;;;;231;;
PRE;28.01.2020 00:00;;;;;;;;;;;;;;9.7;24.4;34.9;87.8;23.3;83.9;;;;;;;;;;;;;;231;;
PRE;29.01.2020 00:00;;;;;;;;;;;;;;5.6;17.8;20.2;64.1;17.2;61.9;;;;;;;;;;;;;;242;;
PRE;30.01.2020 00:00;;;;;;;;;;;;;;3.4;11.2;12.2;40.3;10.7;38.5;;;;;;;;;;;;;;233;;
PRE;31.01.2020 00:00;;;;;;;;;;;;;;1.7;5.7;6.1;20.5;5.5;19.8;;;;;;;;;;;;;;130;;
PRE;01.02.2020 00:00;;;;;;;;;;;;;;4.2;13.1;15.1;47.2;12.7;45.7;;;;;;;;;;;;;;242;;
PRE;02.02.2020 00:00;;;;;;;;;;;;;;6.6;19.5;23.8;70.2;18.4;66.2;;;;;;;;;;;;;;245;;
PRE;03.02.2020 00:00;;;;;;;;;;;;;;6.9;15.4;24.8;55.4;15.1;54.4;;;;;;;;;;;;;;247;;
PRE;04.02.2020 00:00;;;;;;;;;;;;;;4.2;22.3;15.1;80.3;21;75.6;;;;;;;;;;;;;;261;;
PRE;05.02.2020 00:00;;;;;;;;;;;;;;5.1;15.4;18.4;55.4;14.6;52.6;;;;;;;;;;;;;;17;;
PRE;06.02.2020 00:00;;;;;;;;;;;;;;4;13.1;14.4;47.2;12.8;46.1;;;;;;;;;;;;;;30;;
PRE;07.02.2020 00:00;;;;;;;;;;;;;;1.6;3.6;5.8;13;3.5;12.6;;;;;;;;;;;;;;330;;
PRE;08.02.2020 00:00;;;;;;;;;;;;;;1.3;4.1;4.7;14.8;4;14.4;;;;;;;;;;;;;;338;;
PRE;09.02.2020 00:00;;;;;;;;;;;;;;6.5;19;23.4;68.4;17.3;62.3;;;;;;;;;;;;;;233;;
PRE;10.02.2020 00:00;;;;;;;;;;;;;;10.7;24.7;38.5;88.9;22.9;82.4;;;;;;;;;;;;;;238;;
PRE;11.02.2020 00:00;;;;;;;;;;;;;;7.9;21.2;28.4;76.3;21;75.6;;;;;;;;;;;;;;237;;
PRE;12.02.2020 00:00;;;;;;;;;;;;;;4.4;11.1;15.8;40;10.9;39.2;;;;;;;;;;;;;;240;;
PRE;13.02.2020 00:00;;;;;;;;;;;;;;6.9;22;24.8;79.2;20.9;75.2;;;;;;;;;;;;;;240;;
PRE;14.02.2020 00:00;;;;;;;;;;;;;;4;14.5;14.4;52.2;14.1;50.8;;;;;;;;;;;;;;255;;
PRE;15.02.2020 00:00;;;;;;;;;;;;;;1.6;7.1;5.8;25.6;6.8;24.5;;;;;;;;;;;;;;270;;
PRE;16.02.2020 00:00;;;;;;;;;;;;;;7.3;15.7;26.3;56.5;15.1;54.4;;;;;;;;;;;;;;228;;
PRE;17.02.2020 00:00;;;;;;;;;;;;;;6.1;14.9;22;53.6;14;50.4;;;;;;;;;;;;;;235;;
PRE;18.02.2020 00:00;;;;;;;;;;;;;;3.5;8.9;12.6;32;8.7;31.3;;;;;;;;;;;;;;241;;
PRE;19.02.2020 00:00;;;;;;;;;;;;;;5;11.7;18;42.1;11.4;41;;;;;;;;;;;;;;243;;
PRE;20.02.2020 00:00;;;;;;;;;;;;;;2.7;12;9.7;43.2;11.8;42.5;;;;;;;;;;;;;;231;;
PRE;21.02.2020 00:00;;;;;;;;;;;;;;2.5;8.6;9;31;8.4;30.2;;;;;;;;;;;;;;270;;
PRE;22.02.2020 00:00;;;;;;;;;;;;;;1.8;6.1;6.5;22;5.9;21.2;;;;;;;;;;;;;;252;;
PRE;23.02.2020 00:00;;;;;;;;;;;;;;3.4;9.3;12.2;33.5;8.9;32;;;;;;;;;;;;;;225;;
PRE;24.02.2020 00:00;;;;;;;;;;;;;;3.7;11.2;13.3;40.3;10.9;39.2;;;;;;;;;;;;;;237;;
PRE;25.02.2020 00:00;;;;;;;;;;;;;;7.2;20.4;25.9;73.4;20;72;;;;;;;;;;;;;;238;;
PRE;26.02.2020 00:00;;;;;;;;;;;;;;7;20;25.2;72;19.6;70.6;;;;;;;;;;;;;;229;;
PRE;27.02.2020 00:00;;;;;;;;;;;;;;6.9;18.9;24.8;68;18.2;65.5;;;;;;;;;;;;;;243;;
PRE;28.02.2020 00:00;;;;;;;;;;;;;;1.8;8.5;6.5;30.6;8.1;29.2;;;;;;;;;;;;;;207;;
PRE;29.02.2020 00:00;;;;;;;;;;;;;;5.5;24.2;19.8;87.1;21.4;77;;;;;;;;;;;;;;233;;
PRE;01.03.2020 00:00;;;;;;;;;;;;;;6.6;27.5;23.8;99;25.6;92.2;;;;;;;;;;;;;;233;;
PRE;02.03.2020 00:00;;;;;;;;;;;;;;4.1;13.1;14.8;47.2;12.8;46.1;;;;;;;;;;;;;;253;;
PRE;03.03.2020 00:00;;;;;;;;;;;;;;3;10.4;10.8;37.4;10;36;;;;;;;;;;;;;;239;;
PRE;04.03.2020 00:00;;;;;;;;;;;;;;2.5;10.8;9;38.9;10;36;;;;;;;;;;;;;;201;;
PRE;05.03.2020 00:00;;;;;;;;;;;;;;5.5;18;19.8;64.8;16.6;59.8;;;;;;;;;;;;;;232;;
PRE;06.03.2020 00:00;;;;;;;;;;;;;;6;18.4;21.6;66.2;17.4;62.6;;;;;;;;;;;;;;236;;
PRE;07.03.2020 00:00;;;;;;;;;;;;;;2;7;7.2;25.2;6.7;24.1;;;;;;;;;;;;;;34;;
PRE;08.03.2020 00:00;;;;;;;;;;;;;;2;12;7.2;43.2;11.6;41.8;;;;;;;;;;;;;;231;;
PRE;09.03.2020 00:00;;;;;;;;;;;;;;3;10.4;10.8;37.4;10.3;37.1;;;;;;;;;;;;;;225;;
PRE;10.03.2020 00:00;;;;;;;;;;;;;;4.5;12.3;16.2;44.3;11.8;42.5;;;;;;;;;;;;;;228;;
PRE;11.03.2020 00:00;;;;;;;;;;;;;;1.3;4.2;4.7;15.1;4.1;14.8;;;;;;;;;;;;;;73;;
PRE;12.03.2020 00:00;;;;;;;;;;;;;;2.6;12.3;9.4;44.3;11.4;41;;;;;;;;;;;;;;234;;
PRE;13.03.2020 00:00;;;;;;;;;;;;;;3.1;12.2;11.2;43.9;11.4;41;;;;;;;;;;;;;;360;;
PRE;14.03.2020 00:00;;;;;;;;;;;;;;2.5;7.1;9;25.6;7;25.2;;;;;;;;;;;;;;17;;
PRE;15.03.2020 00:00;;;;;;;;;;;;;;1.8;5;6.5;18;4.8;17.3;;;;;;;;;;;;;;53;;
PRE;16.03.2020 00:00;;;;;;;;;;;;;;1.3;3.2;4.7;11.5;3.1;11.2;;;;;;;;;;;;;;288;;
PRE;17.03.2020 00:00;;;;;;;;;;;;;;1.5;6;5.4;21.6;5.9;21.2;;;;;;;;;;;;;;315;;
PRE;18.03.2020 00:00;;;;;;;;;;;;;;1.3;3.6;4.7;13;3.5;12.6;;;;;;;;;;;;;;270;;
PRE;19.03.2020 00:00;;;;;;;;;;;;;;1.6;4.3;5.8;15.5;4.2;15.1;;;;;;;;;;;;;;9;;
PRE;20.03.2020 00:00;;;;;;;;;;;;;;2.3;10.6;8.3;38.2;10.1;36.4;;;;;;;;;;;;;;346;;
PRE;21.03.2020 00:00;;;;;;;;;;;;;;4.8;14.5;17.3;52.2;14.1;50.8;;;;;;;;;;;;;;15;;
PRE;22.03.2020 00:00;;;;;;;;;;;;;;7.4;14.5;26.6;52.2;14;50.4;;;;;;;;;;;;;;24;;
PRE;23.03.2020 00:00;;;;;;;;;;;;;;6.7;13.2;24.1;47.5;12.5;45;;;;;;;;;;;;;;21;;
PRE;24.03.2020 00:00;;;;;;;;;;;;;;6.7;13.1;24.1;47.2;12.3;44.3;;;;;;;;;;;;;;23;;
PRE;25.03.2020 00:00;;;;;;;;;;;;;;6.4;14.7;23;52.9;14.4;51.8;;;;;;;;;;;;;;31;;
PRE;26.03.2020 00:00;;;;;;;;;;;;;;6.5;14.5;23.4;52.2;13;46.8;;;;;;;;;;;;;;22;;
PRE;27.03.2020 00:00;;;;;;;;;;;;;;2.4;7.5;8.6;27;7.3;26.3;;;;;;;;;;;;;;45;;
PRE;28.03.2020 00:00;;;;;;;;;;;;;;2.1;7;7.6;25.2;6.7;24.1;;;;;;;;;;;;;;347;;
PRE;29.03.2020 00:00;;;;;;;;;;;;;;5.6;16.7;20.2;60.1;15.9;57.2;;;;;;;;;;;;;;24;;
PRE;30.03.2020 00:00;;;;;;;;;;;;;;9.5;19.1;34.2;68.8;18.6;67;;;;;;;;;;;;;;30;;
PRE;31.03.2020 00:00;;;;;;;;;;;;;;7.8;15.2;28.1;54.7;14.6;52.6;;;;;;;;;;;;;;26;;
PRE;01.04.2020 00:00;;;;;;;;;;;;;;3.3;11.2;11.9;40.3;10.8;38.9;;;;;;;;;;;;;;31;;
PRE;02.04.2020 00:00;;;;;;;;;;;;;;1.5;4;5.4;14.4;3.9;14;;;;;;;;;;;;;;333;;
PRE;03.04.2020 00:00;;;;;;;;;;;;;;3.3;8.8;11.9;31.7;8.4;30.2;;;;;;;;;;;;;;21;;
PRE;04.04.2020 00:00;;;;;;;;;;;;;;3.3;10.4;11.9;37.4;10;36;;;;;;;;;;;;;;30;;
PRE;05.04.2020 00:00;;;;;;;;;;;;;;1.5;4;5.4;14.4;4;14.4;;;;;;;;;;;;;;214;;
PRE;06.04.2020 00:00;;;;;;;;;;;;;;1.6;4.5;5.8;16.2;4.4;15.8;;;;;;;;;;;;;;63;;
PRE;07.04.2020 00:00;;;;;;;;;;;;;;1.8;5.6;6.5;20.2;5.5;19.8;;;;;;;;;;;;;;263;;
PRE;08.04.2020 00:00;;;;;;;;;;;;;;1.5;4;5.4;14.4;3.9;14;;;;;;;;;;;;;;254;;
PRE;09.04.2020 00:00;;;;;;;;;;;;;;2.3;8.2;8.3;29.5;7.9;28.4;;;;;;;;;;;;;;17;;
PRE;10.04.2020 00:00;;;;;;;;;;;;;;1.4;5.9;5;21.2;5.6;20.2;;;;;;;;;;;;;;180;;
PRE;11.04.2020 00:00;;;;;;;;;;;;;;1.6;3.9;5.8;14;3.8;13.7;;;;;;;;;;;;;;256;;
PRE;12.04.2020 00:00;;;;;;;;;;;;;;2.5;8.5;9;30.6;8.3;29.9;;;;;;;;;;;;;;234;;
PRE;13.04.2020 00:00;;;;;;;;;;;;;;3;17.8;10.8;64.1;17.4;62.6;;;;;;;;;;;;;;355;;
PRE;14.04.2020 00:00;;;;;;;;;;;;;;9.8;19.2;35.3;69.1;18.3;65.9;;;;;;;;;;;;;;21;;
PRE;15.04.2020 00:00;;;;;;;;;;;;;;3.3;12.3;11.9;44.3;11.9;42.8;;;;;;;;;;;;;;23;;
PRE;16.04.2020 00:00;;;;;;;;;;;;;;1.7;5.3;6.1;19.1;5.2;18.7;;;;;;;;;;;;;;63;;
PRE;17.04.2020 00:00;;;;;;;;;;;;;;1.5;5.6;5.4;20.2;5.3;19.1;;;;;;;;;;;;;;207;;
PRE;18.04.2020 00:00;;;;;;;;;;;;;;2.8;9.6;10.1;34.6;9.4;33.8;;;;;;;;;;;;;;270;;
PRE;19.04.2020 00:00;;;;;;;;;;;;;;3.1;9.7;11.2;34.9;9.5;34.2;;;;;;;;;;;;;;8;;
PRE;20.04.2020 00:00;;;;;;;;;;;;;;6.2;12.7;22.3;45.7;12.1;43.6;;;;;;;;;;;;;;11;;
PRE;21.04.2020 00:00;;;;;;;;;;;;;;5.4;10.8;19.4;38.9;10.4;37.4;;;;;;;;;;;;;;11;;
PRE;22.04.2020 00:00;;;;;;;;;;;;;;2.7;8.7;9.7;31.3;8.5;30.6;;;;;;;;;;;;;;9;;
PRE;23.04.2020 00:00;;;;;;;;;;;;;;1.9;5.7;6.8;20.5;5.7;20.5;;;;;;;;;;;;;;259;;
PRE;24.04.2020 00:00;;;;;;;;;;;;;;1.7;4.8;6.1;17.3;4.7;16.9;;;;;;;;;;;;;;263;;
PRE;25.04.2020 00:00;;;;;;;;;;;;;;2.3;9.8;8.3;35.3;9.4;33.8;;;;;;;;;;;;;;297;;
PRE;26.04.2020 00:00;;;;;;;;;;;;;;2.6;9.5;9.4;34.2;9.3;33.5;;;;;;;;;;;;;;238;;
PRE;27.04.2020 00:00;;;;;;;;;;;;;;2;10.2;7.2;36.7;10;36;;;;;;;;;;;;;;225;;
PRE;28.04.2020 00:00;;;;;;;;;;;;;;3.5;9.8;12.6;35.3;9.2;33.1;;;;;;;;;;;;;;236;;
PRE;29.04.2020 00:00;;;;;;;;;;;;;;4;10.3;14.4;37.1;10;36;;;;;;;;;;;;;;240;;
PRE;30.04.2020 00:00;;;;;;;;;;;;;;3.2;10.6;11.5;38.2;10.3;37.1;;;;;;;;;;;;;;242;;
PRE;01.05.2020 00:00;;;;;;;;;;;;;;6;16.3;21.6;58.7;15.6;56.2;;;;;;;;;;;;;;238;;
PRE;02.05.2020 00:00;;;;;;;;;;;;;;3.9;10.5;14;37.8;10.2;36.7;;;;;;;;;;;;;;241;;
PRE;03.05.2020 00:00;;;;;;;;;;;;;;1.8;5.2;6.5;18.7;5.1;18.4;;;;;;;;;;;;;;45;;
PRE;04.05.2020 00:00;;;;;;;;;;;;;;1.6;4.3;5.8;15.5;4.2;15.1;;;;;;;;;;;;;;56;;
PRE;05.05.2020 00:00;;;;;;;;;;;;;;2.2;8.5;7.9;30.6;8.3;29.9;;;;;;;;;;;;;;14;;
PRE;06.05.2020 00:00;;;;;;;;;;;;;;5.6;12.5;20.2;45;12.3;44.3;;;;;;;;;;;;;;13;;
PRE;07.05.2020 00:00;;;;;;;;;;;;;;2.7;10.1;9.7;36.4;9.8;35.3;;;;;;;;;;;;;;27;;
PRE;08.05.2020 00:00;;;;;;;;;;;;;;1.9;6.7;6.8;24.1;6.6;23.8;;;;;;;;;;;;;;225;;
PRE;09.05.2020 00:00;;;;;;;;;;;;;;2.8;11.2;10.1;40.3;10.9;39.2;;;;;;;;;;;;;;223;;
PRE;10.05.2020 00:00;;;;;;;;;;;;;;2;8.1;7.2;29.2;7.8;28.1;;;;;;;;;;;;;;215;;
PRE;11.05.2020 00:00;;;;;;;;;;;;;;3.6;18.4;13;66.2;17.8;64.1;;;;;;;;;;;;;;360;;
PRE;12.05.2020 00:00;;;;;;;;;;;;;;4.8;15.5;17.3;55.8;15.2;54.7;;;;;;;;;;;;;;37;;
PRE;13.05.2020 00:00;;;;;;;;;;;;;;3.6;11.4;13;41;10.8;38.9;;;;;;;;;;;;;;14;;
PRE;14.05.2020 00:00;;;;;;;;;;;;;;5.9;14.7;21.2;52.9;13.9;50;;;;;;;;;;;;;;26;;
PRE;15.05.2020 00:00;;;;;;;;;;;;;;5;9.9;18;35.6;9.4;33.8;;;;;;;;;;;;;;26;;
PRE;16.05.2020 00:00;;;;;;;;;;;;;;4.2;10.8;15.1;38.9;10.5;37.8;;;;;;;;;;;;;;27;;
PRE;17.05.2020 00:00;;;;;;;;;;;;;;5.9;14.8;21.2;53.3;14.3;51.5;;;;;;;;;;;;;;25;;
PRE;18.05.2020 00:00;;;;;;;;;;;;;;4.2;9;15.1;32.4;8.8;31.7;;;;;;;;;;;;;;23;;
PRE;19.05.2020 00:00;;;;;;;;;;;;;;7.8;17.4;28.1;62.6;17;61.2;;;;;;;;;;;;;;21;;
PRE;20.05.2020 00:00;;;;;;;;;;;;;;8.1;17.7;29.2;63.7;16.6;59.8;;;;;;;;;;;;;;18;;
PRE;21.05.2020 00:00;;;;;;;;;;;;;;4.1;12.2;14.8;43.9;11.6;41.8;;;;;;;;;;;;;;35;;
PRE;22.05.2020 00:00;;;;;;;;;;;;;;1.3;3.4;4.7;12.2;3.3;11.9;;;;;;;;;;;;;;90;;
PRE;23.05.2020 00:00;;;;;;;;;;;;;;2.6;15;9.4;54;14.5;52.2;;;;;;;;;;;;;;270;;
PRE;24.05.2020 00:00;;;;;;;;;;;;;;4.4;9.9;15.8;35.6;9.5;34.2;;;;;;;;;;;;;;27;;
PRE;25.05.2020 00:00;;;;;;;;;;;;;;7.2;14.2;25.9;51.1;13.3;47.9;;;;;;;;;;;;;;27;;
PRE;26.05.2020 00:00;;;;;;;;;;;;;;7.6;15.1;27.4;54.4;14.7;52.9;;;;;;;;;;;;;;28;;
PRE;27.05.2020 00:00;;;;;;;;;;;;;;4.7;16.3;16.9;58.7;15.5;55.8;;;;;;;;;;;;;;22;;
PRE;28.05.2020 00:00;;;;;;;;;;;;;;4.2;12.3;15.1;44.3;11.9;42.8;;;;;;;;;;;;;;27;;
PRE;29.05.2020 00:00;;;;;;;;;;;;;;8.1;16.2;29.2;58.3;15.3;55.1;;;;;;;;;;;;;;21;;
PRE;30.05.2020 00:00;;;;;;;;;;;;;;4.6;11;16.6;39.6;10.8;38.9;;;;;;;;;;;;;;23;;
PRE;31.05.2020 00:00;;;;;;;;;;;;;;4.3;11.2;15.5;40.3;11.1;40;;;;;;;;;;;;;;27;;
PRE;01.06.2020 00:00;;;;;;;;;;;;;;3.6;10.6;13;38.2;10.2;36.7;;;;;;;;;;;;;;16;;
PRE;02.06.2020 00:00;;;;;;;;;;;;;;2.1;10.8;7.6;38.9;10.4;37.4;;;;;;;;;;;;;;236;;
PRE;03.06.2020 00:00;;;;;;;;;;;;;;2.2;14.5;7.9;52.2;13.9;50;;;;;;;;;;;;;;243;;
PRE;04.06.2020 00:00;;;;;;;;;;;;;;3;11.9;10.8;42.8;11.5;41.4;;;;;;;;;;;;;;238;;
PRE;05.06.2020 00:00;;;;;;;;;;;;;;6.4;16.3;23;58.7;15.5;55.8;;;;;;;;;;;;;;242;;
PRE;06.06.2020 00:00;;;;;;;;;;;;;;4.5;12.6;16.2;45.4;12.3;44.3;;;;;;;;;;;;;;241;;
PRE;07.06.2020 00:00;;;;;;;;;;;;;;1.5;5.6;5.4;20.2;5.5;19.8;;;;;;;;;;;;;;39;;
PRE;08.06.2020 00:00;;;;;;;;;;;;;;4.8;14.5;17.3;52.2;13.6;49;;;;;;;;;;;;;;17;;
PRE;09.06.2020 00:00;;;;;;;;;;;;;;2.3;8.6;8.3;31;8.2;29.5;;;;;;;;;;;;;;4;;
PRE;10.06.2020 00:00;;;;;;;;;;;;;;1.5;5.5;5.4;19.8;5.4;19.4;;;;;;;;;;;;;;220;;
PRE;11.06.2020 00:00;;;;;;;;;;;;;;2.2;7.3;7.9;26.3;7.3;26.3;;;;;;;;;;;;;;124;;
PRE;12.06.2020 00:00;;;;;;;;;;;;;;3.7;10.1;13.3;36.4;9.8;35.3;;;;;;;;;;;;;;323;;
PRE;13.06.2020 00:00;;;;;;;;;;;;;;2.8;18.2;10.1;65.5;17.5;63;;;;;;;;;;;;;;236;;
PRE;14.06.2020 00:00;;;;;;;;;;;;;;1.6;5.3;5.8;19.1;5.1;18.4;;;;;;;;;;;;;;135;;
PRE;15.06.2020 00:00;;;;;;;;;;;;;;2.1;7.4;7.6;26.6;7.3;26.3;;;;;;;;;;;;;;20;;
PRE;16.06.2020 00:00;;;;;;;;;;;;;;2.4;8.3;8.6;29.9;7.9;28.4;;;;;;;;;;;;;;14;;
PRE;17.06.2020 00:00;;;;;;;;;;;;;;2.9;9.3;10.4;33.5;9;32.4;;;;;;;;;;;;;;225;;
PRE;18.06.2020 00:00;;;;;;;;;;;;;;2.3;10.8;8.3;38.9;10.6;38.2;;;;;;;;;;;;;;141;;
PRE;19.06.2020 00:00;;;;;;;;;;;;;;2;7.8;7.2;28.1;7.4;26.6;;;;;;;;;;;;;;307;;
PRE;20.06.2020 00:00;;;;;;;;;;;;;;2.3;6.2;8.3;22.3;6.1;22;;;;;;;;;;;;;;352;;
PRE;21.06.2020 00:00;;;;;;;;;;;;;;1.8;5.4;6.5;19.4;5.2;18.7;;;;;;;;;;;;;;256;;
PRE;22.06.2020 00:00;;;;;;;;;;;;;;4.5;12.1;16.2;43.6;11.8;42.5;;;;;;;;;;;;;;20;;
PRE;23.06.2020 00:00;;;;;;;;;;;;;;4.4;12.3;15.8;44.3;11.7;42.1;;;;;;;;;;;;;;21;;
PRE;24.06.2020 00:00;;;;;;;;;;;;;;3.8;8.9;13.7;32;8.6;31;;;;;;;;;;;;;;16;;
PRE;25.06.2020 00:00;;;;;;;;;;;;;;2.5;8.6;9;31;8.4;30.2;;;;;;;;;;;;;;14;;
PRE;26.06.2020 00:00;;;;;;;;;;;;;;3.2;14.2;11.5;51.1;13.9;50;;;;;;;;;;;;;;236;;
PRE;27.06.2020 00:00;;;;;;;;;;;;;;2.9;10.6;10.4;38.2;10.4;37.4;;;;;;;;;;;;;;225;;
PRE;28.06.2020 00:00;;;;;;;;;;;;;;2.5;8.6;9;31;8.4;30.2;;;;;;;;;;;;;;236;;
PRE;29.06.2020 00:00;;;;;;;;;;;;;;3.8;11.5;13.7;41.4;10.9;39.2;;;;;;;;;;;;;;250;;
PRE;30.06.2020 00:00;;;;;;;;;;;;;;1.9;5.3;6.8;19.1;5.1;18.4;;;;;;;;;;;;;;207;;
PRE;01.07.2020 00:00;;;;;;;;;;;;;;2.6;18.3;9.4;65.9;17.5;63;;;;;;;;;;;;;;236;;
PRE;02.07.2020 00:00;;;;;;;;;;;;;;3.8;14.9;13.7;53.6;14.4;51.8;;;;;;;;;;;;;;255;;
PRE;03.07.2020 00:00;;;;;;;;;;;;;;3.4;8.9;12.2;32;8.7;31.3;;;;;;;;;;;;;;38;;
PRE;04.07.2020 00:00;;;;;;;;;;;;;;2.4;5.4;8.6;19.4;5.3;19.1;;;;;;;;;;;;;;90;;
PRE;05.07.2020 00:00;;;;;;;;;;;;;;2;7.2;7.2;25.9;7.1;25.6;;;;;;;;;;;;;;198;;
PRE;06.07.2020 00:00;;;;;;;;;;;;;;4.5;15.3;16.2;55.1;14.4;51.8;;;;;;;;;;;;;;309;;
PRE;07.07.2020 00:00;;;;;;;;;;;;;;4.7;13.2;16.9;47.5;12.8;46.1;;;;;;;;;;;;;;28;;
PRE;08.07.2020 00:00;;;;;;;;;;;;;;1.8;5.3;6.5;19.1;5.1;18.4;;;;;;;;;;;;;;270;;
PRE;09.07.2020 00:00;;;;;;;;;;;;;;1.7;4.7;6.1;16.9;4.6;16.6;;;;;;;;;;;;;;270;;
PRE;10.07.2020 00:00;;;;;;;;;;;;;;3.5;10.5;12.6;37.8;10.1;36.4;;;;;;;;;;;;;;252;;
PRE;11.07.2020 00:00;;;;;;;;;;;;;;3.6;10.6;13;38.2;10.5;37.8;;;;;;;;;;;;;;43;;
PRE;12.07.2020 00:00;;;;;;;;;;;;;;6;12.8;21.6;46.1;11.9;42.8;;;;;;;;;;;;;;21;;
PRE;13.07.2020 00:00;;;;;;;;;;;;;;3.4;8.9;12.2;32;8.6;31;;;;;;;;;;;;;;19;;
PRE;14.07.2020 00:00;;;;;;;;;;;;;;2.2;7.6;7.9;27.4;7.4;26.6;;;;;;;;;;;;;;253;;
PRE;15.07.2020 00:00;;;;;;;;;;;;;;2.7;8.1;9.7;29.2;7.9;28.4;;;;;;;;;;;;;;250;;
PRE;16.07.2020 00:00;;;;;;;;;;;;;;1.5;5.9;5.4;21.2;5.7;20.5;;;;;;;;;;;;;;72;;
PRE;17.07.2020 00:00;;;;;;;;;;;;;;4.6;12.1;16.6;43.6;11.8;42.5;;;;;;;;;;;;;;24;;
PRE;18.07.2020 00:00;;;;;;;;;;;;;;5.4;14.9;19.4;53.6;14;50.4;;;;;;;;;;;;;;32;;
PRE;19.07.2020 00:00;;;;;;;;;;;;;;2.7;6.4;9.7;23;6.2;22.3;;;;;;;;;;;;;;18;;
PRE;20.07.2020 00:00;;;;;;;;;;;;;;1.7;3.9;6.1;14;3.8;13.7;;;;;;;;;;;;;;45;;
PRE;21.07.2020 00:00;;;;;;;;;;;;;;2.4;10.1;8.6;36.4;9.8;35.3;;;;;;;;;;;;;;39;;
PRE;22.07.2020 00:00;;;;;;;;;;;;;;2.3;7.1;8.3;25.6;6.9;24.8;;;;;;;;;;;;;;45;;
PRE;23.07.2020 00:00;;;;;;;;;;;;;;1.5;4.1;5.4;14.8;4;14.4;;;;;;;;;;;;;;76;;
PRE;24.07.2020 00:00;;;;;;;;;;;;;;3.4;11.6;12.2;41.8;11.5;41.4;;;;;;;;;;;;;;315;;
PRE;25.07.2020 00:00;;;;;;;;;;;;;;1.8;4.4;6.5;15.8;4.3;15.5;;;;;;;;;;;;;;0;;
PRE;26.07.2020 00:00;;;;;;;;;;;;;;4.1;11.5;14.8;41.4;11.1;40;;;;;;;;;;;;;;243;;
PRE;27.07.2020 00:00;;;;;;;;;;;;;;2.3;7.9;8.3;28.4;7.5;27;;;;;;;;;;;;;;135;;
PRE;28.07.2020 00:00;;;;;;;;;;;;;;3.9;14.1;14;50.8;13.5;48.6;;;;;;;;;;;;;;239;;
PRE;29.07.2020 00:00;;;;;;;;;;;;;;2.4;5.9;8.6;21.2;5.8;20.9;;;;;;;;;;;;;;39;;
PRE;30.07.2020 00:00;;;;;;;;;;;;;;2.4;7.2;8.6;25.9;7.2;25.9;;;;;;;;;;;;;;38;;
PRE;31.07.2020 00:00;;;;;;;;;;;;;;1.9;9.8;6.8;35.3;9.6;34.6;;;;;;;;;;;;;;68;;
PRE;01.08.2020 00:00;;;;;;;;;;;;;;2.8;18.9;10.1;68;18.6;67;;;;;;;;;;;;;;339;;
PRE;02.08.2020 00:00;;;;;;;;;;;;;;2.2;8.9;7.9;32;8.6;31;;;;;;;;;;;;;;14;;
PRE;03.08.2020 00:00;;;;;;;;;;;;;;2.3;8.1;8.3;29.2;8;28.8;;;;;;;;;;;;;;360;;
PRE;04.08.2020 00:00;;;;;;;;;;;;;;3.7;11.3;13.3;40.7;11.2;40.3;;;;;;;;;;;;;;27;;
PRE;05.08.2020 00:00;;;;;;;;;;;;;;5.3;12.1;19.1;43.6;11.9;42.8;;;;;;;;;;;;;;32;;
PRE;06.08.2020 00:00;;;;;;;;;;;;;;2.9;6.8;10.4;24.5;6.6;23.8;;;;;;;;;;;;;;28;;
PRE;07.08.2020 00:00;;;;;;;;;;;;;;1.7;5.3;6.1;19.1;5.2;18.7;;;;;;;;;;;;;;45;;
PRE;08.08.2020 00:00;;;;;;;;;;;;;;2.2;7.9;7.9;28.4;7.6;27.4;;;;;;;;;;;;;;24;;
PRE;09.08.2020 00:00;;;;;;;;;;;;;;1.8;6;6.5;21.6;5.8;20.9;;;;;;;;;;;;;;342;;
PRE;10.08.2020 00:00;;;;;;;;;;;;;;2.2;7.5;7.9;27;7.3;26.3;;;;;;;;;;;;;;90;;
PRE;11.08.2020 00:00;;;;;;;;;;;;;;1.8;4.3;6.5;15.5;4.1;14.8;;;;;;;;;;;;;;63;;
PRE;12.08.2020 00:00;;;;;;;;;;;;;;3.1;16;11.2;57.6;15.8;56.9;;;;;;;;;;;;;;68;;
PRE;13.08.2020 00:00;;;;;;;;;;;;;;2.5;18.6;9;67;18.3;65.9;;;;;;;;;;;;;;45;;
PRE;14.08.2020 00:00;;;;;;;;;;;;;;1.9;5.3;6.8;19.1;5.2;18.7;;;;;;;;;;;;;;333;;
PRE;15.08.2020 00:00;;;;;;;;;;;;;;2.1;6.2;7.6;22.3;6.1;22;;;;;;;;;;;;;;30;;
PRE;16.08.2020 00:00;;;;;;;;;;;;;;1.8;26.3;6.5;94.7;24.8;89.3;;;;;;;;;;;;;;239;;
PRE;17.08.2020 00:00;;;;;;;;;;;;;;1.9;6.8;6.8;24.5;6.6;23.8;;;;;;;;;;;;;;225;;
PRE;18.08.2020 00:00;;;;;;;;;;;;;;2.5;14.4;9;51.8;14.2;51.1;;;;;;;;;;;;;;16;;
PRE;19.08.2020 00:00;;;;;;;;;;;;;;2.9;6.5;10.4;23.4;6.4;23;;;;;;;;;;;;;;16;;
PRE;20.08.2020 00:00;;;;;;;;;;;;;;1.8;4.8;6.5;17.3;4.8;17.3;;;;;;;;;;;;;;45;;
PRE;21.08.2020 00:00;;;;;;;;;;;;;;3.2;10.7;11.5;38.5;10.5;37.8;;;;;;;;;;;;;;225;;
PRE;22.08.2020 00:00;;;;;;;;;;;;;;3.7;10.6;13.3;38.2;10.1;36.4;;;;;;;;;;;;;;253;;
PRE;23.08.2020 00:00;;;;;;;;;;;;;;2.9;9.1;10.4;32.8;8.9;32;;;;;;;;;;;;;;255;;
PRE;24.08.2020 00:00;;;;;;;;;;;;;;2.9;7.4;10.4;26.6;7.1;25.6;;;;;;;;;;;;;;27;;
PRE;25.08.2020 00:00;;;;;;;;;;;;;;2.3;7.5;8.3;27;7.3;26.3;;;;;;;;;;;;;;252;;
PRE;26.08.2020 00:00;;;;;;;;;;;;;;4.9;13.3;17.6;47.9;13.2;47.5;;;;;;;;;;;;;;246;;
PRE;27.08.2020 00:00;;;;;;;;;;;;;;1.7;5.5;6.1;19.8;5.4;19.4;;;;;;;;;;;;;;243;;
PRE;28.08.2020 00:00;;;;;;;;;;;;;;4.1;14;14.8;50.4;13.6;49;;;;;;;;;;;;;;239;;
PRE;29.08.2020 00:00;;;;;;;;;;;;;;2.8;8.1;10.1;29.2;7.8;28.1;;;;;;;;;;;;;;344;;
PRE;30.08.2020 00:00;;;;;;;;;;;;;;1.6;4.9;5.8;17.6;4.8;17.3;;;;;;;;;;;;;;354;;
PRE;31.08.2020 00:00;;;;;;;;;;;;;;3.4;10.1;12.2;36.4;9.5;34.2;;;;;;;;;;;;;;22;;
PRE;01.09.2020 00:00;;;;;;;;;;;;;;3.9;8.9;14;32;8.7;31.3;;;;;;;;;;;;;;25;;
PRE;02.09.2020 00:00;;;;;;;;;;;;;;3.4;8.7;12.2;31.3;8.5;30.6;;;;;;;;;;;;;;17;;
PRE;03.09.2020 00:00;;;;;;;;;;;;;;1.6;4.7;5.8;16.9;4.6;16.6;;;;;;;;;;;;;;304;;
PRE;04.09.2020 00:00;;;;;;;;;;;;;;1.5;3.2;5.4;11.5;3.1;11.2;;;;;;;;;;;;;;360;;
PRE;05.09.2020 00:00;;;;;;;;;;;;;;2.6;9.8;9.4;35.3;9.6;34.6;;;;;;;;;;;;;;238;;
PRE;06.09.2020 00:00;;;;;;;;;;;;;;3.5;10.6;12.6;38.2;10.4;37.4;;;;;;;;;;;;;;20;;
PRE;07.09.2020 00:00;;;;;;;;;;;;;;7.1;16.2;25.6;58.3;15.9;57.2;;;;;;;;;;;;;;27;;
PRE;08.09.2020 00:00;;;;;;;;;;;;;;3;9.2;10.8;33.1;9;32.4;;;;;;;;;;;;;;27;;
PRE;09.09.2020 00:00;;;;;;;;;;;;;;1.6;4;5.8;14.4;3.9;14;;;;;;;;;;;;;;284;;
PRE;10.09.2020 00:00;;;;;;;;;;;;;;3.1;9.9;11.2;35.6;9.7;34.9;;;;;;;;;;;;;;31;;
PRE;11.09.2020 00:00;;;;;;;;;;;;;;2.7;7.5;9.7;27;7.4;26.6;;;;;;;;;;;;;;18;;
PRE;12.09.2020 00:00;;;;;;;;;;;;;;2;6.9;7.2;24.8;6.7;24.1;;;;;;;;;;;;;;11;;
PRE;13.09.2020 00:00;;;;;;;;;;;;;;2.5;9.1;9;32.8;8.6;31;;;;;;;;;;;;;;25;;
PRE;14.09.2020 00:00;;;;;;;;;;;;;;1.5;3.5;5.4;12.6;3.4;12.2;;;;;;;;;;;;;;342;;
PRE;15.09.2020 00:00;;;;;;;;;;;;;;1.4;3.8;5;13.7;3.8;13.7;;;;;;;;;;;;;;284;;
PRE;16.09.2020 00:00;;;;;;;;;;;;;;3.1;11;11.2;39.6;10.7;38.5;;;;;;;;;;;;;;9;;
PRE;17.09.2020 00:00;;;;;;;;;;;;;;7;15.1;25.2;54.4;14.4;51.8;;;;;;;;;;;;;;22;;
PRE;18.09.2020 00:00;;;;;;;;;;;;;;4.1;10.2;14.8;36.7;9.9;35.6;;;;;;;;;;;;;;21;;
PRE;19.09.2020 00:00;;;;;;;;;;;;;;3.1;9.9;11.2;35.6;9.6;34.6;;;;;;;;;;;;;;13;;
PRE;20.09.2020 00:00;;;;;;;;;;;;;;2.1;12.5;7.6;45;11.8;42.5;;;;;;;;;;;;;;222;;
PRE;21.09.2020 00:00;;;;;;;;;;;;;;1.8;5.5;6.5;19.8;5.4;19.4;;;;;;;;;;;;;;214;;
PRE;22.09.2020 00:00;;;;;;;;;;;;;;2.2;10;7.9;36;9.6;34.6;;;;;;;;;;;;;;214;;
PRE;23.09.2020 00:00;;;;;;;;;;;;;;2.7;7.8;9.7;28.1;7.7;27.7;;;;;;;;;;;;;;231;;
PRE;24.09.2020 00:00;;;;;;;;;;;;;;5;19.4;18;69.8;18.4;66.2;;;;;;;;;;;;;;242;;
PRE;25.09.2020 00:00;;;;;;;;;;;;;;4.7;16.6;16.9;59.8;16.2;58.3;;;;;;;;;;;;;;240;;
PRE;26.09.2020 00:00;;;;;;;;;;;;;;4.8;14.1;17.3;50.8;13.6;49;;;;;;;;;;;;;;237;;
PRE;27.09.2020 00:00;;;;;;;;;;;;;;7.1;16.5;25.6;59.4;15.9;57.2;;;;;;;;;;;;;;234;;
PRE;28.09.2020 00:00;;;;;;;;;;;;;;4.6;12.4;16.6;44.6;11.9;42.8;;;;;;;;;;;;;;241;;
PRE;29.09.2020 00:00;;;;;;;;;;;;;;2.8;7.7;10.1;27.7;7.6;27.4;;;;;;;;;;;;;;276;;
PRE;30.09.2020 00:00;;;;;;;;;;;;;;2.3;6.4;8.3;23;6.3;22.7;;;;;;;;;;;;;;347;;
PRE;01.10.2020 00:00;;;;;;;;;;;;;;1.9;6.6;6.8;23.8;6.4;23;;;;;;;;;;;;;;258;;
PRE;02.10.2020 00:00;;;;;;;;;;;;;;4.3;16.6;15.5;59.8;15.7;56.5;;;;;;;;;;;;;;333;;
PRE;03.10.2020 00:00;;;;;;;;;;;;;;5.4;19.9;19.4;71.6;18.5;66.6;;;;;;;;;;;;;;230;;
PRE;04.10.2020 00:00;;;;;;;;;;;;;;6.2;25;22.3;90;24.2;87.1;;;;;;;;;;;;;;236;;
PRE;05.10.2020 00:00;;;;;;;;;;;;;;6.1;16.9;22;60.8;16.6;59.8;;;;;;;;;;;;;;242;;
PRE;06.10.2020 00:00;;;;;;;;;;;;;;6.8;15.4;24.5;55.4;14.3;51.5;;;;;;;;;;;;;;240;;
PRE;07.10.2020 00:00;;;;;;;;;;;;;;4.7;12;16.9;43.2;11.6;41.8;;;;;;;;;;;;;;239;;
PRE;08.10.2020 00:00;;;;;;;;;;;;;;1.8;5.7;6.5;20.5;5.6;20.2;;;;;;;;;;;;;;252;;
PRE;09.10.2020 00:00;;;;;;;;;;;;;;2;8.1;7.2;29.2;8;28.8;;;;;;;;;;;;;;252;;
PRE;10.10.2020 00:00;;;;;;;;;;;;;;2.5;7.6;9;27.4;7.5;27;;;;;;;;;;;;;;329;;
PRE;11.10.2020 00:00;;;;;;;;;;;;;;3.7;10.8;13.3;38.9;10.6;38.2;;;;;;;;;;;;;;18;;
PRE;12.10.2020 00:00;;;;;;;;;;;;;;4.3;10.4;15.5;37.4;10.3;37.1;;;;;;;;;;;;;;15;;
PRE;13.10.2020 00:00;;;;;;;;;;;;;;2.1;7.8;7.6;28.1;7.7;27.7;;;;;;;;;;;;;;343;;
PRE;14.10.2020 00:00;;;;;;;;;;;;;;4.9;12;17.6;43.2;11.8;42.5;;;;;;;;;;;;;;19;;
PRE;15.10.2020 00:00;;;;;;;;;;;;;;7.2;16.3;25.9;58.7;15.7;56.5;;;;;;;;;;;;;;29;;
PRE;16.10.2020 00:00;;;;;;;;;;;;;;6.3;14.3;22.7;51.5;13.9;50;;;;;;;;;;;;;;21;;
PRE;17.10.2020 00:00;;;;;;;;;;;;;;3.4;8.8;12.2;31.7;8.7;31.3;;;;;;;;;;;;;;14;;
PRE;18.10.2020 00:00;;;;;;;;;;;;;;2.9;7.1;10.4;25.6;6.9;24.8;;;;;;;;;;;;;;16;;
PRE;19.10.2020 00:00;;;;;;;;;;;;;;1.7;4.1;6.1;14.8;3.9;14;;;;;;;;;;;;;;333;;
PRE;20.10.2020 00:00;;;;;;;;;;;;;;1.3;4.1;4.7;14.8;4;14.4;;;;;;;;;;;;;;360;;
PRE;21.10.2020 00:00;;;;;;;;;;;;;;1.3;4.3;4.7;15.5;4.2;15.1;;;;;;;;;;;;;;326;;
PRE;22.10.2020 00:00;;;;;;;;;;;;;;1.2;3.7;4.3;13.3;3.7;13.3;;;;;;;;;;;;;;270;;
PRE;23.10.2020 00:00;;;;;;;;;;;;;;1.7;8.4;6.1;30.2;8;28.8;;;;;;;;;;;;;;246;;
PRE;24.10.2020 00:00;;;;;;;;;;;;;;2.1;8.1;7.6;29.2;7.9;28.4;;;;;;;;;;;;;;239;;
PRE;25.10.2020 00:00;;;;;;;;;;;;;;1.6;5.8;5.8;20.9;5.6;20.2;;;;;;;;;;;;;;243;;
PRE;26.10.2020 00:00;;;;;;;;;;;;;;2.8;8;10.1;28.8;7.8;28.1;;;;;;;;;;;;;;238;;
PRE;27.10.2020 00:00;;;;;;;;;;;;;;4.1;9.8;14.8;35.3;9.6;34.6;;;;;;;;;;;;;;240;;
PRE;28.10.2020 00:00;;;;;;;;;;;;;;4.8;11.5;17.3;41.4;11.2;40.3;;;;;;;;;;;;;;238;;
PRE;29.10.2020 00:00;;;;;;;;;;;;;;3.6;11.8;13;42.5;11.4;41;;;;;;;;;;;;;;247;;
PRE;30.10.2020 00:00;;;;;;;;;;;;;;1.6;4.9;5.8;17.6;4.7;16.9;;;;;;;;;;;;;;256;;
PRE;31.10.2020 00:00;;;;;;;;;;;;;;1.2;4.3;4.3;15.5;4.1;14.8;;;;;;;;;;;;;;321;;
PRE;01.11.2020 00:00;;;;;;;;;;;;;;0.6;2.4;2.2;8.6;2.3;8.3;;;;;;;;;;;;;;243;;
PRE;02.11.2020 00:00;;;;;;;;;;;;;;1.8;8.2;6.5;29.5;7.8;28.1;;;;;;;;;;;;;;243;;
PRE;03.11.2020 00:00;;;;;;;;;;;;;;3.2;11.1;11.5;40;10.7;38.5;;;;;;;;;;;;;;246;;
PRE;04.11.2020 00:00;;;;;;;;;;;;;;5.4;13;19.4;46.8;12.7;45.7;;;;;;;;;;;;;;28;;
PRE;05.11.2020 00:00;;;;;;;;;;;;;;5;10.1;18;36.4;10;36;;;;;;;;;;;;;;24;;
PRE;06.11.2020 00:00;;;;;;;;;;;;;;2.3;6.5;8.3;23.4;6.4;23;;;;;;;;;;;;;;9;;
PRE;07.11.2020 00:00;;;;;;;;;;;;;;2.2;7.1;7.9;25.6;6.8;24.5;;;;;;;;;;;;;;6;;
PRE;08.11.2020 00:00;;;;;;;;;;;;;;1.2;4.2;4.3;15.1;4;14.4;;;;;;;;;;;;;;360;;
PRE;09.11.2020 00:00;;;;;;;;;;;;;;1.4;3.9;5;14;3.8;13.7;;;;;;;;;;;;;;326;;
PRE;10.11.2020 00:00;;;;;;;;;;;;;;1.4;4.2;5;15.1;4.1;14.8;;;;;;;;;;;;;;344;;
PRE;11.11.2020 00:00;;;;;;;;;;;;;;1.9;4.2;6.8;15.1;4.2;15.1;;;;;;;;;;;;;;320;;
PRE;12.11.2020 00:00;;;;;;;;;;;;;;1.6;4.1;5.8;14.8;4;14.4;;;;;;;;;;;;;;284;;
PRE;13.11.2020 00:00;;;;;;;;;;;;;;1.3;3;4.7;10.8;2.9;10.4;;;;;;;;;;;;;;333;;
PRE;14.11.2020 00:00;;;;;;;;;;;;;;1.5;3.1;5.4;11.2;2.9;10.4;;;;;;;;;;;;;;315;;
PRE;15.11.2020 00:00;;;;;;;;;;;;;;2.6;12.9;9.4;46.4;12.8;46.1;;;;;;;;;;;;;;243;;
PRE;16.11.2020 00:00;;;;;;;;;;;;;;3.5;12.1;12.6;43.6;11.8;42.5;;;;;;;;;;;;;;243;;
PRE;17.11.2020 00:00;;;;;;;;;;;;;;1.9;6;6.8;21.6;5.8;20.9;;;;;;;;;;;;;;360;;
PRE;18.11.2020 00:00;;;;;;;;;;;;;;1.3;4.4;4.7;15.8;4.2;15.1;;;;;;;;;;;;;;304;;
PRE;19.11.2020 00:00;;;;;;;;;;;;;;3;13.5;10.8;48.6;12.5;45;;;;;;;;;;;;;;270;;
PRE;20.11.2020 00:00;;;;;;;;;;;;;;5.4;14.1;19.4;50.8;13.8;49.7;;;;;;;;;;;;;;22;;
PRE;21.11.2020 00:00;;;;;;;;;;;;;;5.3;12.8;19.1;46.1;12.3;44.3;;;;;;;;;;;;;;16;;
PRE;22.11.2020 00:00;;;;;;;;;;;;;;1.5;4.8;5.4;17.3;4.7;16.9;;;;;;;;;;;;;;315;;
PRE;23.11.2020 00:00;;;;;;;;;;;;;;2.8;7.9;10.1;28.4;7.8;28.1;;;;;;;;;;;;;;7;;
PRE;24.11.2020 00:00;;;;;;;;;;;;;;2.7;7.2;9.7;25.9;6.9;24.8;;;;;;;;;;;;;;13;;
PRE;25.11.2020 00:00;;;;;;;;;;;;;;1.9;5.5;6.8;19.8;5.5;19.8;;;;;;;;;;;;;;333;;
PRE;26.11.2020 00:00;;;;;;;;;;;;;;2.3;6.2;8.3;22.3;6;21.6;;;;;;;;;;;;;;346;;
PRE;27.11.2020 00:00;;;;;;;;;;;;;;2.6;5.6;9.4;20.2;5.5;19.8;;;;;;;;;;;;;;358;;
PRE;28.11.2020 00:00;;;;;;;;;;;;;;5.4;12.9;19.4;46.4;12.5;45;;;;;;;;;;;;;;20;;
PRE;29.11.2020 00:00;;;;;;;;;;;;;;5.2;10.3;18.7;37.1;10.1;36.4;;;;;;;;;;;;;;33;;
PRE;30.11.2020 00:00;;;;;;;;;;;;;;3.1;8.9;11.2;32;8.8;31.7;;;;;;;;;;;;;;339;;
PRE;01.12.2020 00:00;;;;;;;;;;;;;;3.5;10.8;12.6;38.9;10.3;37.1;;;;;;;;;;;;;;261;;
PRE;02.12.2020 00:00;;;;;;;;;;;;;;4.4;13.4;15.8;48.2;12.9;46.4;;;;;;;;;;;;;;25;;
PRE;03.12.2020 00:00;;;;;;;;;;;;;;3.8;9.6;13.7;34.6;9.5;34.2;;;;;;;;;;;;;;241;;
PRE;04.12.2020 00:00;;;;;;;;;;;;;;2.9;13.9;10.4;50;12.9;46.4;;;;;;;;;;;;;;254;;
PRE;05.12.2020 00:00;;;;;;;;;;;;;;3.8;9;13.7;32.4;8.7;31.3;;;;;;;;;;;;;;342;;
PRE;06.12.2020 00:00;;;;;;;;;;;;;;1.8;6.9;6.5;24.8;6.6;23.8;;;;;;;;;;;;;;285;;
PRE;07.12.2020 00:00;;;;;;;;;;;;;;3.6;9.4;13;33.8;9.2;33.1;;;;;;;;;;;;;;255;;
PRE;08.12.2020 00:00;;;;;;;;;;;;;;2.6;8.1;9.4;29.2;7.9;28.4;;;;;;;;;;;;;;5;;
PRE;09.12.2020 00:00;;;;;;;;;;;;;;1.7;8;6.1;28.8;7.6;27.4;;;;;;;;;;;;;;355;;
PRE;10.12.2020 00:00;;;;;;;;;;;;;;1.8;5.2;6.5;18.7;5;18;;;;;;;;;;;;;;321;;
PRE;11.12.2020 00:00;;;;;;;;;;;;;;3;12.5;10.8;45;11.7;42.1;;;;;;;;;;;;;;242;;
PRE;12.12.2020 00:00;;;;;;;;;;;;;;3.7;9.1;13.3;32.8;8.8;31.7;;;;;;;;;;;;;;243;;
PRE;13.12.2020 00:00;;;;;;;;;;;;;;2.2;8.1;7.9;29.2;7.6;27.4;;;;;;;;;;;;;;263;;
PRE;14.12.2020 00:00;;;;;;;;;;;;;;1.4;3.5;5;12.6;3.5;12.6;;;;;;;;;;;;;;323;;
PRE;15.12.2020 00:00;;;;;;;;;;;;;;1.5;6.5;5.4;23.4;6.4;23;;;;;;;;;;;;;;343;;
PRE;16.12.2020 00:00;;;;;;;;;;;;;;1.2;3.3;4.3;11.9;3.2;11.5;;;;;;;;;;;;;;14;;
PRE;17.12.2020 00:00;;;;;;;;;;;;;;1.1;3.4;4;12.2;3.3;11.9;;;;;;;;;;;;;;281;;
PRE;18.12.2020 00:00;;;;;;;;;;;;;;1.6;4.1;5.8;14.8;3.9;14;;;;;;;;;;;;;;355;;
PRE;19.12.2020 00:00;;;;;;;;;;;;;;1.5;5.7;5.4;20.5;5.7;20.5;;;;;;;;;;;;;;4;;
PRE;20.12.2020 00:00;;;;;;;;;;;;;;1.1;4.3;4;15.5;4.2;15.1;;;;;;;;;;;;;;315;;
PRE;21.12.2020 00:00;;;;;;;;;;;;;;3.8;13.7;13.7;49.3;13.4;48.2;;;;;;;;;;;;;;239;;
PRE;22.12.2020 00:00;;;;;;;;;;;;;;2.5;8.4;9;30.2;8.2;29.5;;;;;;;;;;;;;;191;;
PRE;23.12.2020 00:00;;;;;;;;;;;;;;3.7;12.6;13.3;45.4;12.2;43.9;;;;;;;;;;;;;;240;;
PRE;24.12.2020 00:00;;;;;;;;;;;;;;6.5;17.9;23.4;64.4;17.5;63;;;;;;;;;;;;;;236;;
PRE;25.12.2020 00:00;;;;;;;;;;;;;;5.5;16.9;19.8;60.8;15.7;56.5;;;;;;;;;;;;;;29;;
PRE;26.12.2020 00:00;;;;;;;;;;;;;;4.5;14.7;16.2;52.9;14.4;51.8;;;;;;;;;;;;;;19;;
PRE;27.12.2020 00:00;;;;;;;;;;;;;;6.6;22.8;23.8;82.1;21.7;78.1;;;;;;;;;;;;;;240;;
PRE;28.12.2020 00:00;;;;;;;;;;;;;;7.4;21;26.6;75.6;20.3;73.1;;;;;;;;;;;;;;229;;
PRE;29.12.2020 00:00;;;;;;;;;;;;;;5.9;19.1;21.2;68.8;18.4;66.2;;;;;;;;;;;;;;238;;
PRE;30.12.2020 00:00;;;;;;;;;;;;;;3.4;9.1;12.2;32.8;8.9;32;;;;;;;;;;;;;;248;;
PRE;31.12.2020 00:00;;;;;;;;;;;;;;4.8;10.7;17.3;38.5;10.4;37.4;;;;;;;;;;;;;;245;;
PRE;01.01.2021 00:00;;;;;;;;;;;;;;3.3;8.8;11.9;31.7;8.6;31;;;;;;;;;;;;;;31;;
PRE;02.01.2021 00:00;;;;;;;;;;;;;;6.8;14.7;24.5;52.9;14.5;52.2;;;;;;;;;;;;;;30;;
PRE;03.01.2021 00:00;;;;;;;;;;;;;;3.9;8.7;14;31.3;8.6;31;;;;;;;;;;;;;;16;;
PRE;04.01.2021 00:00;;;;;;;;;;;;;;5;10.8;18;38.9;10.5;37.8;;;;;;;;;;;;;;20;;
PRE;05.01.2021 00:00;;;;;;;;;;;;;;3.2;8.4;11.5;30.2;8.2;29.5;;;;;;;;;;;;;;9;;
PRE;06.01.2021 00:00;;;;;;;;;;;;;;1.5;5.3;5.4;19.1;5.2;18.7;;;;;;;;;;;;;;4;;
PRE;07.01.2021 00:00;;;;;;;;;;;;;;1.7;6.9;6.1;24.8;6.8;24.5;;;;;;;;;;;;;;49;;
PRE;08.01.2021 00:00;;;;;;;;;;;;;;3;8.6;10.8;31;8.3;29.9;;;;;;;;;;;;;;40;;
PRE;09.01.2021 00:00;;;;;;;;;;;;;;7.6;16.7;27.4;60.1;15.3;55.1;;;;;;;;;;;;;;38;;
PRE;10.01.2021 00:00;;;;;;;;;;;;;;7.7;15.6;27.7;56.2;15.1;54.4;;;;;;;;;;;;;;40;;
PRE;11.01.2021 00:00;;;;;;;;;;;;;;3.5;9.7;12.6;34.9;9.4;33.8;;;;;;;;;;;;;;38;;
PRE;12.01.2021 00:00;;;;;;;;;;;;;;6.5;13.2;23.4;47.5;12.6;45.4;;;;;;;;;;;;;;247;;
PRE;13.01.2021 00:00;;;;;;;;;;;;;;5.3;12.5;19.1;45;12.2;43.9;;;;;;;;;;;;;;247;;
PRE;14.01.2021 00:00;;;;;;;;;;;;;;6.3;13.2;22.7;47.5;12.8;46.1;;;;;;;;;;;;;;250;;
PRE;15.01.2021 00:00;;;;;;;;;;;;;;4.9;12.2;17.6;43.9;12;43.2;;;;;;;;;;;;;;298;;
PRE;16.01.2021 00:00;;;;;;;;;;;;;;3.5;11.4;12.6;41;11.1;40;;;;;;;;;;;;;;323;;
PRE;17.01.2021 00:00;;;;;;;;;;;;;;3.8;10.7;13.7;38.5;10.5;37.8;;;;;;;;;;;;;;244;;
PRE;18.01.2021 00:00;;;;;;;;;;;;;;1.8;5.5;6.5;19.8;5.3;19.1;;;;;;;;;;;;;;270;;
PRE;19.01.2021 00:00;;;;;;;;;;;;;;2.4;8.9;8.6;32;8.7;31.3;;;;;;;;;;;;;;223;;
PRE;20.01.2021 00:00;;;;;;;;;;;;;;1.5;6;5.4;21.6;5.9;21.2;;;;;;;;;;;;;;225;;
PRE;21.01.2021 00:00;;;;;;;;;;;;;;6.4;21.5;23;77.4;20.3;73.1;;;;;;;;;;;;;;238;;
PRE;22.01.2021 00:00;;;;;;;;;;;;;;3.6;14.8;13;53.3;14.6;52.6;;;;;;;;;;;;;;257;;
PRE;23.01.2021 00:00;;;;;;;;;;;;;;6.4;18.5;23;66.6;18;64.8;;;;;;;;;;;;;;239;;
PRE;24.01.2021 00:00;;;;;;;;;;;;;;4;16.2;14.4;58.3;15.5;55.8;;;;;;;;;;;;;;247;;
PRE;25.01.2021 00:00;;;;;;;;;;;;;;4.4;14.9;15.8;53.6;14.2;51.1;;;;;;;;;;;;;;245;;
PRE;26.01.2021 00:00;;;;;;;;;;;;;;1.5;4.5;5.4;16.2;4.4;15.8;;;;;;;;;;;;;;315;;
PRE;27.01.2021 00:00;;;;;;;;;;;;;;4.1;10.3;14.8;37.1;9.6;34.6;;;;;;;;;;;;;;243;;
PRE;28.01.2021 00:00;;;;;;;;;;;;;;6.4;14.7;23;52.9;14.1;50.8;;;;;;;;;;;;;;246;;
PRE;29.01.2021 00:00;;;;;;;;;;;;;;7.3;20.1;26.3;72.4;19.7;70.9;;;;;;;;;;;;;;234;;
PRE;30.01.2021 00:00;;;;;;;;;;;;;;3.5;11;12.6;39.6;10.5;37.8;;;;;;;;;;;;;;234;;
PRE;31.01.2021 00:00;;;;;;;;;;;;;;1.7;9.5;6.1;34.2;9;32.4;;;;;;;;;;;;;;219;;
PRE;01.02.2021 00:00;;;;;;;;;;;;;;2.9;9.2;10.4;33.1;9;32.4;;;;;;;;;;;;;;229;;
PRE;02.02.2021 00:00;;;;;;;;;;;;;;6.1;13.7;22;49.3;13.5;48.6;;;;;;;;;;;;;;243;;
PRE;03.02.2021 00:00;;;;;;;;;;;;;;4.9;16.3;17.6;58.7;15.9;57.2;;;;;;;;;;;;;;234;;
PRE;04.02.2021 00:00;;;;;;;;;;;;;;1.7;5.5;6.1;19.8;5.3;19.1;;;;;;;;;;;;;;360;;
PRE;05.02.2021 00:00;;;;;;;;;;;;;;1.4;7.6;5;27.4;7.3;26.3;;;;;;;;;;;;;;315;;
PRE;06.02.2021 00:00;;;;;;;;;;;;;;2.2;12;7.9;43.2;11.8;42.5;;;;;;;;;;;;;;310;;
PRE;07.02.2021 00:00;;;;;;;;;;;;;;4.5;10;16.2;36;9.7;34.9;;;;;;;;;;;;;;239;;
PRE;08.02.2021 00:00;;;;;;;;;;;;;;5;15.3;18;55.1;15;54;;;;;;;;;;;;;;236;;
PRE;09.02.2021 00:00;;;;;;;;;;;;;;5.2;14.3;18.7;51.5;13.7;49.3;;;;;;;;;;;;;;287;;
PRE;10.02.2021 00:00;;;;;;;;;;;;;;3;11.3;10.8;40.7;11.1;40;;;;;;;;;;;;;;249;;
PRE;11.02.2021 00:00;;;;;;;;;;;;;;7.1;14.1;25.6;50.8;13.7;49.3;;;;;;;;;;;;;;18;;
PRE;12.02.2021 00:00;;;;;;;;;;;;;;7.2;13.4;25.9;48.2;12.6;45.4;;;;;;;;;;;;;;20;;
PRE;13.02.2021 00:00;;;;;;;;;;;;;;6.7;12.6;24.1;45.4;12.2;43.9;;;;;;;;;;;;;;24;;
PRE;14.02.2021 00:00;;;;;;;;;;;;;;3.2;11.4;11.5;41;11.2;40.3;;;;;;;;;;;;;;7;;
PRE;15.02.2021 00:00;;;;;;;;;;;;;;3.9;10;14;36;9.7;34.9;;;;;;;;;;;;;;230;;
PRE;16.02.2021 00:00;;;;;;;;;;;;;;3.7;10.8;13.3;38.9;10.4;37.4;;;;;;;;;;;;;;226;;
PRE;17.02.2021 00:00;;;;;;;;;;;;;;2.2;9.4;7.9;33.8;9.3;33.5;;;;;;;;;;;;;;256;;
PRE;18.02.2021 00:00;;;;;;;;;;;;;;2.8;13;10.1;46.8;12.4;44.6;;;;;;;;;;;;;;241;;
PRE;19.02.2021 00:00;;;;;;;;;;;;;;2.8;10;10.1;36;9.9;35.6;;;;;;;;;;;;;;225;;
PRE;20.02.2021 00:00;;;;;;;;;;;;;;1.4;3.3;5;11.9;3.2;11.5;;;;;;;;;;;;;;326;;
PRE;21.02.2021 00:00;;;;;;;;;;;;;;1.3;4.4;4.7;15.8;4.2;15.1;;;;;;;;;;;;;;315;;
PRE;22.02.2021 00:00;;;;;;;;;;;;;;1.4;3.9;5;14;3.8;13.7;;;;;;;;;;;;;;301;;
PRE;23.02.2021 00:00;;;;;;;;;;;;;;1.3;3.8;4.7;13.7;3.8;13.7;;;;;;;;;;;;;;338;;
PRE;24.02.2021 00:00;;;;;;;;;;;;;;1.2;3.5;4.3;12.6;3.5;12.6;;;;;;;;;;;;;;315;;
PRE;25.02.2021 00:00;;;;;;;;;;;;;;1.2;3.1;4.3;11.2;3;10.8;;;;;;;;;;;;;;315;;
PRE;26.02.2021 00:00;;;;;;;;;;;;;;1.2;8.7;4.3;31.3;8.4;30.2;;;;;;;;;;;;;;349;;
PRE;27.02.2021 00:00;;;;;;;;;;;;;;10.2;23.3;36.7;83.9;22;79.2;;;;;;;;;;;;;;32;;
PRE;28.02.2021 00:00;;;;;;;;;;;;;;5.4;11.4;19.4;41;10.9;39.2;;;;;;;;;;;;;;16;;
PRE;01.03.2021 00:00;;;;;;;;;;;;;;1.6;4.5;5.8;16.2;4.4;15.8;;;;;;;;;;;;;;22;;
PRE;02.03.2021 00:00;;;;;;;;;;;;;;1.2;3.5;4.3;12.6;3.4;12.2;;;;;;;;;;;;;;315;;
PRE;03.03.2021 00:00;;;;;;;;;;;;;;1;2.9;3.6;10.4;2.8;10.1;;;;;;;;;;;;;;307;;
PRE;04.03.2021 00:00;;;;;;;;;;;;;;1.2;7.6;4.3;27.4;7.3;26.3;;;;;;;;;;;;;;72;;
PRE;05.03.2021 00:00;;;;;;;;;;;;;;5;15.9;18;57.2;14.7;52.9;;;;;;;;;;;;;;28;;
PRE;06.03.2021 00:00;;;;;;;;;;;;;;5.6;14.1;20.2;50.8;13.6;49;;;;;;;;;;;;;;15;;
PRE;07.03.2021 00:00;;;;;;;;;;;;;;1.6;7.1;5.8;25.6;7;25.2;;;;;;;;;;;;;;45;;
PRE;08.03.2021 00:00;;;;;;;;;;;;;;4.3;9.7;15.5;34.9;9.5;34.2;;;;;;;;;;;;;;16;;
PRE;09.03.2021 00:00;;;;;;;;;;;;;;3.5;10.1;12.6;36.4;9.2;33.1;;;;;;;;;;;;;;6;;
PRE;10.03.2021 00:00;;;;;;;;;;;;;;2.2;9.8;7.9;35.3;9.5;34.2;;;;;;;;;;;;;;288;;
PRE;11.03.2021 00:00;;;;;;;;;;;;;;8.9;18.3;32;65.9;18;64.8;;;;;;;;;;;;;;239;;
PRE;12.03.2021 00:00;;;;;;;;;;;;;;5.5;14.9;19.8;53.6;14.3;51.5;;;;;;;;;;;;;;227;;
PRE;13.03.2021 00:00;;;;;;;;;;;;;;9.4;24.5;33.8;88.2;24.4;87.8;;;;;;;;;;;;;;232;;
PRE;14.03.2021 00:00;;;;;;;;;;;;;;5.9;16.8;21.2;60.5;15.6;56.2;;;;;;;;;;;;;;240;;
PRE;15.03.2021 00:00;;;;;;;;;;;;;;4.7;13.3;16.9;47.9;12.8;46.1;;;;;;;;;;;;;;246;;
PRE;16.03.2021 00:00;;;;;;;;;;;;;;2;6.9;7.2;24.8;6.7;24.1;;;;;;;;;;;;;;239;;
PRE;17.03.2021 00:00;;;;;;;;;;;;;;2.4;9;8.6;32.4;8.7;31.3;;;;;;;;;;;;;;11;;
PRE;18.03.2021 00:00;;;;;;;;;;;;;;5.6;13;20.2;46.8;12.5;45;;;;;;;;;;;;;;18;;
PRE;19.03.2021 00:00;;;;;;;;;;;;;;6.4;17.3;23;62.3;16.7;60.1;;;;;;;;;;;;;;30;;
PRE;20.03.2021 00:00;;;;;;;;;;;;;;10;20.5;36;73.8;20.2;72.7;;;;;;;;;;;;;;25;;
PRE;21.03.2021 00:00;;;;;;;;;;;;;;6.2;14.9;22.3;53.6;14.3;51.5;;;;;;;;;;;;;;33;;
PRE;22.03.2021 00:00;;;;;;;;;;;;;;8.2;16.7;29.5;60.1;16.3;58.7;;;;;;;;;;;;;;24;;
PRE;23.03.2021 00:00;;;;;;;;;;;;;;4.7;12.5;16.9;45;12.3;44.3;;;;;;;;;;;;;;22;;
PRE;24.03.2021 00:00;;;;;;;;;;;;;;1.8;4.3;6.5;15.5;4.2;15.1;;;;;;;;;;;;;;281;;
PRE;25.03.2021 00:00;;;;;;;;;;;;;;1.5;3.4;5.4;12.2;3.3;11.9;;;;;;;;;;;;;;315;;
PRE;26.03.2021 00:00;;;;;;;;;;;;;;2.5;16.9;9;60.8;15.9;57.2;;;;;;;;;;;;;;232;;
PRE;27.03.2021 00:00;;;;;;;;;;;;;;4.4;11.2;15.8;40.3;11;39.6;;;;;;;;;;;;;;238;;
PRE;28.03.2021 00:00;;;;;;;;;;;;;;1.8;5.7;6.5;20.5;5.5;19.8;;;;;;;;;;;;;;14;;
PRE;29.03.2021 00:00;;;;;;;;;;;;;;1.6;4.1;5.8;14.8;4;14.4;;;;;;;;;;;;;;307;;
PRE;30.03.2021 00:00;;;;;;;;;;;;;;1.5;4;5.4;14.4;3.9;14;;;;;;;;;;;;;;307;;
PRE;31.03.2021 00:00;;;;;;;;;;;;;;1.3;3.2;4.7;11.5;3.1;11.2;;;;;;;;;;;;;;304;;
PRE;01.04.2021 00:00;;;;;;;;;;;;;;1.5;4.2;5.4;15.1;4.1;14.8;;;;;;;;;;;;;;34;;
PRE;02.04.2021 00:00;;;;;;;;;;;;;;3.3;13.2;11.9;47.5;12.8;46.1;;;;;;;;;;;;;;13;;
PRE;03.04.2021 00:00;;;;;;;;;;;;;;9.8;19.8;35.3;71.3;18.9;68;;;;;;;;;;;;;;32;;
PRE;04.04.2021 00:00;;;;;;;;;;;;;;5.8;15.6;20.9;56.2;15.1;54.4;;;;;;;;;;;;;;27;;
PRE;05.04.2021 00:00;;;;;;;;;;;;;;4.8;13.3;17.3;47.9;12.7;45.7;;;;;;;;;;;;;;250;;
PRE;06.04.2021 00:00;;;;;;;;;;;;;;4.7;14.4;16.9;51.8;13.6;49;;;;;;;;;;;;;;12;;
PRE;07.04.2021 00:00;;;;;;;;;;;;;;2.9;9.1;10.4;32.8;8.9;32;;;;;;;;;;;;;;45;;
PRE;08.04.2021 00:00;;;;;;;;;;;;;;2;4.7;7.2;16.9;4.5;16.2;;;;;;;;;;;;;;18;;
PRE;09.04.2021 00:00;;;;;;;;;;;;;;6.2;15.4;22.3;55.4;14.5;52.2;;;;;;;;;;;;;;228;;
PRE;10.04.2021 00:00;;;;;;;;;;;;;;3.7;15;13.3;54;14.4;51.8;;;;;;;;;;;;;;223;;
PRE;11.04.2021 00:00;;;;;;;;;;;;;;4.1;13.9;14.8;50;13.3;47.9;;;;;;;;;;;;;;223;;
PRE;12.04.2021 00:00;;;;;;;;;;;;;;4.7;13.5;16.9;48.6;12.8;46.1;;;;;;;;;;;;;;32;;
PRE;13.04.2021 00:00;;;;;;;;;;;;;;7.1;15;25.6;54;14.5;52.2;;;;;;;;;;;;;;21;;
PRE;14.04.2021 00:00;;;;;;;;;;;;;;6.9;13.8;24.8;49.7;13;46.8;;;;;;;;;;;;;;23;;
PRE;15.04.2021 00:00;;;;;;;;;;;;;;7.3;14.2;26.3;51.1;13.5;48.6;;;;;;;;;;;;;;27;;
PRE;16.04.2021 00:00;;;;;;;;;;;;;;7.6;14.3;27.4;51.5;13.7;49.3;;;;;;;;;;;;;;26;;
PRE;17.04.2021 00:00;;;;;;;;;;;;;;7.7;15.4;27.7;55.4;15;54;;;;;;;;;;;;;;28;;
PRE;18.04.2021 00:00;;;;;;;;;;;;;;4.6;10.5;16.6;37.8;10.1;36.4;;;;;;;;;;;;;;28;;
PRE;19.04.2021 00:00;;;;;;;;;;;;;;4;10.4;14.4;37.4;10;36;;;;;;;;;;;;;;27;;
PRE;20.04.2021 00:00;;;;;;;;;;;;;;2.5;7.4;9;26.6;7.2;25.9;;;;;;;;;;;;;;9;;
PRE;21.04.2021 00:00;;;;;;;;;;;;;;2.5;10;9;36;9.8;35.3;;;;;;;;;;;;;;270;;
PRE;22.04.2021 00:00;;;;;;;;;;;;;;3.8;12.1;13.7;43.6;11.6;41.8;;;;;;;;;;;;;;21;;
PRE;23.04.2021 00:00;;;;;;;;;;;;;;5.4;13;19.4;46.8;12;43.2;;;;;;;;;;;;;;17;;
PRE;24.04.2021 00:00;;;;;;;;;;;;;;1.7;5.7;6.1;20.5;5.6;20.2;;;;;;;;;;;;;;63;;
PRE;25.04.2021 00:00;;;;;;;;;;;;;;4.1;11.3;14.8;40.7;10.7;38.5;;;;;;;;;;;;;;18;;
PRE;26.04.2021 00:00;;;;;;;;;;;;;;4.8;12.4;17.3;44.6;11.4;41;;;;;;;;;;;;;;17;;
PRE;27.04.2021 00:00;;;;;;;;;;;;;;2.9;9.6;10.4;34.6;9.4;33.8;;;;;;;;;;;;;;21;;
PRE;28.04.2021 00:00;;;;;;;;;;;;;;4.5;12.6;16.2;45.4;12.1;43.6;;;;;;;;;;;;;;233;;
PRE;29.04.2021 00:00;;;;;;;;;;;;;;2.2;8.2;7.9;29.5;7.9;28.4;;;;;;;;;;;;;;233;;
PRE;30.04.2021 00:00;;;;;;;;;;;;;;1.9;4.7;6.8;16.9;4.5;16.2;;;;;;;;;;;;;;309;;
PRE;01.05.2021 00:00;;;;;;;;;;;;;;2.9;9.4;10.4;33.8;8.9;32;;;;;;;;;;;;;;23;;
PRE;02.05.2021 00:00;;;;;;;;;;;;;;1.8;11.2;6.5;40.3;10.7;38.5;;;;;;;;;;;;;;351;;
PRE;03.05.2021 00:00;;;;;;;;;;;;;;2.2;6.5;7.9;23.4;6.3;22.7;;;;;;;;;;;;;;270;;
PRE;04.05.2021 00:00;;;;;;;;;;;;;;7.4;20.7;26.6;74.5;19.6;70.6;;;;;;;;;;;;;;235;;
PRE;05.05.2021 00:00;;;;;;;;;;;;;;5.8;17.6;20.9;63.4;17.2;61.9;;;;;;;;;;;;;;247;;
PRE;06.05.2021 00:00;;;;;;;;;;;;;;5.6;14.2;20.2;51.1;13.6;49;;;;;;;;;;;;;;236;;
PRE;07.05.2021 00:00;;;;;;;;;;;;;;3.7;13.3;13.3;47.9;12.6;45.4;;;;;;;;;;;;;;229;;
PRE;08.05.2021 00:00;;;;;;;;;;;;;;1.9;5.3;6.8;19.1;5;18;;;;;;;;;;;;;;63;;
PRE;09.05.2021 00:00;;;;;;;;;;;;;;1.8;5.6;6.5;20.2;5.6;20.2;;;;;;;;;;;;;;49;;
PRE;10.05.2021 00:00;;;;;;;;;;;;;;1.9;10.1;6.8;36.4;9.7;34.9;;;;;;;;;;;;;;232;;
PRE;11.05.2021 00:00;;;;;;;;;;;;;;3.9;14.9;14;53.6;14.2;51.1;;;;;;;;;;;;;;232;;
PRE;12.05.2021 00:00;;;;;;;;;;;;;;1.8;5.6;6.5;20.2;5.5;19.8;;;;;;;;;;;;;;207;;
PRE;13.05.2021 00:00;;;;;;;;;;;;;;2.9;13.3;10.4;47.9;12.8;46.1;;;;;;;;;;;;;;225;;
PRE;14.05.2021 00:00;;;;;;;;;;;;;;3.7;11.1;13.3;40;10.8;38.9;;;;;;;;;;;;;;235;;
PRE;15.05.2021 00:00;;;;;;;;;;;;;;3.9;14.7;14;52.9;12.8;46.1;;;;;;;;;;;;;;240;;
PRE;16.05.2021 00:00;;;;;;;;;;;;;;2.4;14;8.6;50.4;13.7;49.3;;;;;;;;;;;;;;198;;
PRE;17.05.2021 00:00;;;;;;;;;;;;;;4.6;16;16.6;57.6;15.3;55.1;;;;;;;;;;;;;;236;;
PRE;18.05.2021 00:00;;;;;;;;;;;;;;3.2;12.5;11.5;45;12.2;43.9;;;;;;;;;;;;;;234;;
PRE;19.05.2021 00:00;;;;;;;;;;;;;;2.7;10.4;9.7;37.4;10.3;37.1;;;;;;;;;;;;;;233;;
PRE;20.05.2021 00:00;;;;;;;;;;;;;;2;6.4;7.2;23;6.2;22.3;;;;;;;;;;;;;;210;;
PRE;21.05.2021 00:00;;;;;;;;;;;;;;2.3;7.9;8.3;28.4;7.7;27.7;;;;;;;;;;;;;;153;;
PRE;22.05.2021 00:00;;;;;;;;;;;;;;4.5;11.4;16.2;41;11.2;40.3;;;;;;;;;;;;;;236;;
PRE;23.05.2021 00:00;;;;;;;;;;;;;;2.5;9.8;9;35.3;9.5;34.2;;;;;;;;;;;;;;214;;
PRE;24.05.2021 00:00;;;;;;;;;;;;;;3.7;16.2;13.3;58.3;15.7;56.5;;;;;;;;;;;;;;239;;
PRE;25.05.2021 00:00;;;;;;;;;;;;;;5.6;14.2;20.2;51.1;13.6;49;;;;;;;;;;;;;;232;;
PRE;26.05.2021 00:00;;;;;;;;;;;;;;5.1;12.8;18.4;46.1;12.3;44.3;;;;;;;;;;;;;;243;;
PRE;27.05.2021 00:00;;;;;;;;;;;;;;3.4;10.9;12.2;39.2;10.5;37.8;;;;;;;;;;;;;;22;;
PRE;28.05.2021 00:00;;;;;;;;;;;;;;4.2;9.2;15.1;33.1;8.8;31.7;;;;;;;;;;;;;;16;;
PRE;29.05.2021 00:00;;;;;;;;;;;;;;5.3;12.1;19.1;43.6;11.4;41;;;;;;;;;;;;;;16;;
PRE;30.05.2021 00:00;;;;;;;;;;;;;;7;14.1;25.2;50.8;13.4;48.2;;;;;;;;;;;;;;15;;
PRE;31.05.2021 00:00;;;;;;;;;;;;;;3.2;9.2;11.5;33.1;9;32.4;;;;;;;;;;;;;;27;;
PRE;01.06.2021 00:00;;;;;;;;;;;;;;3.4;11.6;12.2;41.8;10.7;38.5;;;;;;;;;;;;;;343;;
PRE;02.06.2021 00:00;;;;;;;;;;;;;;1.8;6.3;6.5;22.7;6.1;22;;;;;;;;;;;;;;232;;
PRE;03.06.2021 00:00;;;;;;;;;;;;;;1.6;11.7;5.8;42.1;10.9;39.2;;;;;;;;;;;;;;143;;
PRE;04.06.2021 00:00;;;;;;;;;;;;;;1.7;8.9;6.1;32;8.6;31;;;;;;;;;;;;;;98;;
PRE;05.06.2021 00:00;;;;;;;;;;;;;;2.9;8.8;10.4;31.7;8.5;30.6;;;;;;;;;;;;;;225;;
PRE;06.06.2021 00:00;;;;;;;;;;;;;;4.2;12.1;15.1;43.6;11.5;41.4;;;;;;;;;;;;;;36;;
PRE;07.06.2021 00:00;;;;;;;;;;;;;;3.6;10.1;13;36.4;10;36;;;;;;;;;;;;;;30;;
PRE;08.06.2021 00:00;;;;;;;;;;;;;;2.2;9;7.9;32.4;8.7;31.3;;;;;;;;;;;;;;45;;
PRE;09.06.2021 00:00;;;;;;;;;;;;;;2.3;9.7;8.3;34.9;9;32.4;;;;;;;;;;;;;;54;;
PRE;10.06.2021 00:00;;;;;;;;;;;;;;4.1;11.1;14.8;40;10.9;39.2;;;;;;;;;;;;;;17;;
PRE;11.06.2021 00:00;;;;;;;;;;;;;;3.9;11;14;39.6;10.3;37.1;;;;;;;;;;;;;;24;;
PRE;12.06.2021 00:00;;;;;;;;;;;;;;2.1;5.7;7.6;20.5;5.6;20.2;;;;;;;;;;;;;;326;;
PRE;13.06.2021 00:00;;;;;;;;;;;;;;5.6;12.5;20.2;45;12.1;43.6;;;;;;;;;;;;;;24;;
PRE;14.06.2021 00:00;;;;;;;;;;;;;;3.8;10.3;13.7;37.1;10.2;36.7;;;;;;;;;;;;;;13;;
PRE;15.06.2021 00:00;;;;;;;;;;;;;;2.6;7.4;9.4;26.6;7.3;26.3;;;;;;;;;;;;;;323;;
PRE;16.06.2021 00:00;;;;;;;;;;;;;;1.7;3.7;6.1;13.3;3.5;12.6;;;;;;;;;;;;;;18;;
PRE;17.06.2021 00:00;;;;;;;;;;;;;;2.5;20.7;9;74.5;20.1;72.4;;;;;;;;;;;;;;270;;
PRE;18.06.2021 00:00;;;;;;;;;;;;;;2.3;8.1;8.3;29.2;7.8;28.1;;;;;;;;;;;;;;236;;
PRE;19.06.2021 00:00;;;;;;;;;;;;;;2.4;10.7;8.6;38.5;10.2;36.7;;;;;;;;;;;;;;256;;
PRE;20.06.2021 00:00;;;;;;;;;;;;;;3;19.8;10.8;71.3;19;68.4;;;;;;;;;;;;;;297;;
PRE;21.06.2021 00:00;;;;;;;;;;;;;;2.8;11.2;10.1;40.3;10.9;39.2;;;;;;;;;;;;;;49;;
PRE;22.06.2021 00:00;;;;;;;;;;;;;;3;9.4;10.8;33.8;9.1;32.8;;;;;;;;;;;;;;48;;
PRE;23.06.2021 00:00;;;;;;;;;;;;;;2.8;14.6;10.1;52.6;14;50.4;;;;;;;;;;;;;;21;;
PRE;24.06.2021 00:00;;;;;;;;;;;;;;3.3;16.9;11.9;60.8;16.6;59.8;;;;;;;;;;;;;;237;;
PRE;25.06.2021 00:00;;;;;;;;;;;;;;2.4;5.1;8.6;18.4;5;18;;;;;;;;;;;;;;236;;
PRE;26.06.2021 00:00;;;;;;;;;;;;;;2;4.9;7.2;17.6;4.7;16.9;;;;;;;;;;;;;;90;;
PRE;27.06.2021 00:00;;;;;;;;;;;;;;1.9;8.2;6.8;29.5;8;28.8;;;;;;;;;;;;;;360;;
PRE;28.06.2021 00:00;;;;;;;;;;;;;;3.8;9.7;13.7;34.9;9.1;32.8;;;;;;;;;;;;;;20;;
PRE;29.06.2021 00:00;;;;;;;;;;;;;;4.1;13;14.8;46.8;12.4;44.6;;;;;;;;;;;;;;247;;
PRE;30.06.2021 00:00;;;;;;;;;;;;;;4.2;11.7;15.1;42.1;11.4;41;;;;;;;;;;;;;;238;;
PRE;01.07.2021 00:00;;;;;;;;;;;;;;2.7;6.8;9.7;24.5;6.7;24.1;;;;;;;;;;;;;;242;;
PRE;02.07.2021 00:00;;;;;;;;;;;;;;2.3;6.5;8.3;23.4;6.3;22.7;;;;;;;;;;;;;;349;;
PRE;03.07.2021 00:00;;;;;;;;;;;;;;1.6;5.5;5.8;19.8;5.4;19.4;;;;;;;;;;;;;;351;;
PRE;04.07.2021 00:00;;;;;;;;;;;;;;2.9;13.6;10.4;49;13;46.8;;;;;;;;;;;;;;236;;
PRE;05.07.2021 00:00;;;;;;;;;;;;;;4.6;13.9;16.6;50;13.5;48.6;;;;;;;;;;;;;;237;;
PRE;06.07.2021 00:00;;;;;;;;;;;;;;1.6;7.6;5.8;27.4;7.1;25.6;;;;;;;;;;;;;;307;;
PRE;07.07.2021 00:00;;;;;;;;;;;;;;2.7;9.6;9.7;34.6;9.3;33.5;;;;;;;;;;;;;;27;;
PRE;08.07.2021 00:00;;;;;;;;;;;;;;2;7.1;7.2;25.6;6.8;24.5;;;;;;;;;;;;;;283;;
PRE;09.07.2021 00:00;;;;;;;;;;;;;;2;6.4;7.2;23;6.2;22.3;;;;;;;;;;;;;;7;;
PRE;10.07.2021 00:00;;;;;;;;;;;;;;2.1;16.4;7.6;59;15.7;56.5;;;;;;;;;;;;;;225;;
PRE;11.07.2021 00:00;;;;;;;;;;;;;;1.8;5.3;6.5;19.1;5.2;18.7;;;;;;;;;;;;;;225;;
PRE;12.07.2021 00:00;;;;;;;;;;;;;;2.3;8.9;8.3;32;8.6;31;;;;;;;;;;;;;;36;;
PRE;13.07.2021 00:00;;;;;;;;;;;;;;2.5;15.1;9;54.4;14.8;53.3;;;;;;;;;;;;;;222;;
PRE;14.07.2021 00:00;;;;;;;;;;;;;;4.6;12.6;16.6;45.4;12.3;44.3;;;;;;;;;;;;;;237;;
PRE;15.07.2021 00:00;;;;;;;;;;;;;;4.4;11.1;15.8;40;10.9;39.2;;;;;;;;;;;;;;242;;
PRE;16.07.2021 00:00;;;;;;;;;;;;;;3.1;10.9;11.2;39.2;10.5;37.8;;;;;;;;;;;;;;14;;
PRE;17.07.2021 00:00;;;;;;;;;;;;;;7.9;19.8;28.4;71.3;19;68.4;;;;;;;;;;;;;;23;;
PRE;18.07.2021 00:00;;;;;;;;;;;;;;9.5;18.7;34.2;67.3;18.5;66.6;;;;;;;;;;;;;;22;;
PRE;19.07.2021 00:00;;;;;;;;;;;;;;7.5;18.2;27;65.5;17.5;63;;;;;;;;;;;;;;26;;
PRE;20.07.2021 00:00;;;;;;;;;;;;;;4.2;10;15.1;36;9.6;34.6;;;;;;;;;;;;;;26;;
PRE;21.07.2021 00:00;;;;;;;;;;;;;;2.6;7.2;9.4;25.9;7.1;25.6;;;;;;;;;;;;;;13;;
PRE;22.07.2021 00:00;;;;;;;;;;;;;;2;5.5;7.2;19.8;5.4;19.4;;;;;;;;;;;;;;315;;
PRE;23.07.2021 00:00;;;;;;;;;;;;;;1.6;4.2;5.8;15.1;4.1;14.8;;;;;;;;;;;;;;90;;
PRE;24.07.2021 00:00;;;;;;;;;;;;;;2.3;9.1;8.3;32.8;8.9;32;;;;;;;;;;;;;;360;;
PRE;25.07.2021 00:00;;;;;;;;;;;;;;1.9;5.8;6.8;20.9;5.6;20.2;;;;;;;;;;;;;;9;;
PRE;26.07.2021 00:00;;;;;;;;;;;;;;2.3;6.6;8.3;23.8;6.4;23;;;;;;;;;;;;;;24;;
PRE;27.07.2021 00:00;;;;;;;;;;;;;;1.9;4.6;6.8;16.6;4.4;15.8;;;;;;;;;;;;;;360;;
PRE;28.07.2021 00:00;;;;;;;;;;;;;;3.7;10.6;13.3;38.2;10.3;37.1;;;;;;;;;;;;;;246;;
PRE;29.07.2021 00:00;;;;;;;;;;;;;;1.6;5.2;5.8;18.7;5.1;18.4;;;;;;;;;;;;;;90;;
PRE;30.07.2021 00:00;;;;;;;;;;;;;;2.9;10;10.4;36;9.8;35.3;;;;;;;;;;;;;;240;;
PRE;31.07.2021 00:00;;;;;;;;;;;;;;2.1;9;7.6;32.4;8.9;32;;;;;;;;;;;;;;11;;
PRE;01.08.2021 00:00;;;;;;;;;;;;;;1.6;7.7;5.8;27.7;7.5;27;;;;;;;;;;;;;;337;;
PRE;02.08.2021 00:00;;;;;;;;;;;;;;2.1;5.5;7.6;19.8;5.2;18.7;;;;;;;;;;;;;;261;;
PRE;03.08.2021 00:00;;;;;;;;;;;;;;2.7;11.7;9.7;42.1;11.3;40.7;;;;;;;;;;;;;;251;;
PRE;04.08.2021 00:00;;;;;;;;;;;;;;1.8;4.9;6.5;17.6;4.9;17.6;;;;;;;;;;;;;;4;;
PRE;05.08.2021 00:00;;;;;;;;;;;;;;3.6;10.2;13;36.7;10;36;;;;;;;;;;;;;;236;;
PRE;06.08.2021 00:00;;;;;;;;;;;;;;4.1;11.1;14.8;40;10.7;38.5;;;;;;;;;;;;;;235;;
PRE;07.08.2021 00:00;;;;;;;;;;;;;;2.3;6.6;8.3;23.8;6.5;23.4;;;;;;;;;;;;;;286;;
PRE;08.08.2021 00:00;;;;;;;;;;;;;;3.9;10.6;14;38.2;10.5;37.8;;;;;;;;;;;;;;242;;
PRE;09.08.2021 00:00;;;;;;;;;;;;;;1.8;5.2;6.5;18.7;4.7;16.9;;;;;;;;;;;;;;307;;
PRE;10.08.2021 00:00;;;;;;;;;;;;;;1.6;4.4;5.8;15.8;4.3;15.5;;;;;;;;;;;;;;34;;
PRE;11.08.2021 00:00;;;;;;;;;;;;;;1.6;5.2;5.8;18.7;5;18;;;;;;;;;;;;;;360;;
PRE;12.08.2021 00:00;;;;;;;;;;;;;;2.1;16;7.6;57.6;15;54;;;;;;;;;;;;;;217;;
PRE;13.08.2021 00:00;;;;;;;;;;;;;;1.3;5.6;4.7;20.2;4.4;15.8;;;;;;;;;;;;;;315;;
PRE;14.08.2021 00:00;;;;;;;;;;;;;;1.5;4.2;5.4;15.1;4;14.4;;;;;;;;;;;;;;18;;
PRE;15.08.2021 00:00;;;;;;;;;;;;;;2.5;10.4;9;37.4;10;36;;;;;;;;;;;;;;236;;
PRE;16.08.2021 00:00;;;;;;;;;;;;;;4.2;14.2;15.1;51.1;13.9;50;;;;;;;;;;;;;;255;;
PRE;17.08.2021 00:00;;;;;;;;;;;;;;1.8;7.2;6.5;25.9;6.8;24.5;;;;;;;;;;;;;;270;;
PRE;18.08.2021 00:00;;;;;;;;;;;;;;1.8;7.2;6.5;25.9;7;25.2;;;;;;;;;;;;;;11;;
PRE;19.08.2021 00:00;;;;;;;;;;;;;;1.8;5.9;6.5;21.2;5.6;20.2;;;;;;;;;;;;;;270;;
PRE;20.08.2021 00:00;;;;;;;;;;;;;;1.5;4.7;5.4;16.9;4.4;15.8;;;;;;;;;;;;;;225;;
PRE;21.08.2021 00:00;;;;;;;;;;;;;;1.6;5.7;5.8;20.5;5.6;20.2;;;;;;;;;;;;;;315;;
PRE;22.08.2021 00:00;;;;;;;;;;;;;;3.4;12.9;12.2;46.4;12.2;43.9;;;;;;;;;;;;;;293;;
PRE;23.08.2021 00:00;;;;;;;;;;;;;;5.2;12.9;18.7;46.4;12.4;44.6;;;;;;;;;;;;;;23;;
PRE;24.08.2021 00:00;;;;;;;;;;;;;;7.6;17.1;27.4;61.6;16.6;59.8;;;;;;;;;;;;;;28;;
PRE;25.08.2021 00:00;;;;;;;;;;;;;;4.4;10.9;15.8;39.2;10.7;38.5;;;;;;;;;;;;;;21;;
PRE;26.08.2021 00:00;;;;;;;;;;;;;;2.5;10;9;36;9.8;35.3;;;;;;;;;;;;;;329;;
PRE;27.08.2021 00:00;;;;;;;;;;;;;;4.6;11.2;16.6;40.3;10.9;39.2;;;;;;;;;;;;;;18;;
PRE;28.08.2021 00:00;;;;;;;;;;;;;;5.4;12.6;19.4;45.4;12.2;43.9;;;;;;;;;;;;;;19;;
PRE;29.08.2021 00:00;;;;;;;;;;;;;;4.1;11.2;14.8;40.3;10.8;38.9;;;;;;;;;;;;;;27;;
PRE;30.08.2021 00:00;;;;;;;;;;;;;;5.1;12.1;18.4;43.6;11.5;41.4;;;;;;;;;;;;;;29;;
PRE;31.08.2021 00:00;;;;;;;;;;;;;;6.4;15.1;23;54.4;14.2;51.1;;;;;;;;;;;;;;25;;
PRE;01.09.2021 00:00;;;;;;;;;;;;;;5.3;12;19.1;43.2;11.5;41.4;;;;;;;;;;;;;;28;;
PRE;02.09.2021 00:00;;;;;;;;;;;;;;3.9;9.2;14;33.1;9.1;32.8;;;;;;;;;;;;;;19;;
PRE;03.09.2021 00:00;;;;;;;;;;;;;;1.7;5.5;6.1;19.8;5.5;19.8;;;;;;;;;;;;;;247;;
PRE;04.09.2021 00:00;;;;;;;;;;;;;;1.8;6.7;6.5;24.1;6.4;23;;;;;;;;;;;;;;247;;
PRE;05.09.2021 00:00;;;;;;;;;;;;;;1.9;5.5;6.8;19.8;5.4;19.4;;;;;;;;;;;;;;279;;
PRE;06.09.2021 00:00;;;;;;;;;;;;;;1.9;5.1;6.8;18.4;5;18;;;;;;;;;;;;;;284;;
PRE;07.09.2021 00:00;;;;;;;;;;;;;;2.2;7.3;7.9;26.3;7.2;25.9;;;;;;;;;;;;;;21;;
PRE;08.09.2021 00:00;;;;;;;;;;;;;;2;6;7.2;21.6;5.8;20.9;;;;;;;;;;;;;;27;;
PRE;09.09.2021 00:00;;;;;;;;;;;;;;1.9;9.4;6.8;33.8;9.1;32.8;;;;;;;;;;;;;;241;;
PRE;10.09.2021 00:00;;;;;;;;;;;;;;1.7;8.6;6.1;31;8.4;30.2;;;;;;;;;;;;;;255;;
PRE;11.09.2021 00:00;;;;;;;;;;;;;;2.1;5.8;7.6;20.9;5.7;20.5;;;;;;;;;;;;;;14;;
PRE;12.09.2021 00:00;;;;;;;;;;;;;;2;4.7;7.2;16.9;4.6;16.6;;;;;;;;;;;;;;297;;
PRE;13.09.2021 00:00;;;;;;;;;;;;;;1.8;4.4;6.5;15.8;4.2;15.1;;;;;;;;;;;;;;37;;
PRE;14.09.2021 00:00;;;;;;;;;;;;;;1.2;4.1;4.3;14.8;4;14.4;;;;;;;;;;;;;;315;;
PRE;15.09.2021 00:00;;;;;;;;;;;;;;1.8;7.3;6.5;26.3;7;25.2;;;;;;;;;;;;;;225;;
PRE;16.09.2021 00:00;;;;;;;;;;;;;;1.4;5.1;5;18.4;4.9;17.6;;;;;;;;;;;;;;270;;
PRE;17.09.2021 00:00;;;;;;;;;;;;;;3.1;8.7;11.2;31.3;8.4;30.2;;;;;;;;;;;;;;22;;
PRE;18.09.2021 00:00;;;;;;;;;;;;;;2.9;7.2;10.4;25.9;7.1;25.6;;;;;;;;;;;;;;12;;
PRE;19.09.2021 00:00;;;;;;;;;;;;;;2.7;14.2;9.7;51.1;13.8;49.7;;;;;;;;;;;;;;249;;
PRE;20.09.2021 00:00;;;;;;;;;;;;;;1.5;4.7;5.4;16.9;4.7;16.9;;;;;;;;;;;;;;18;;
PRE;21.09.2021 00:00;;;;;;;;;;;;;;4.7;11.6;16.9;41.8;11;39.6;;;;;;;;;;;;;;28;;
PRE;22.09.2021 00:00;;;;;;;;;;;;;;5.3;12.9;19.1;46.4;12.3;44.3;;;;;;;;;;;;;;27;;
PRE;23.09.2021 00:00;;;;;;;;;;;;;;2.4;9.9;8.6;35.6;9.4;33.8;;;;;;;;;;;;;;5;;
PRE;24.09.2021 00:00;;;;;;;;;;;;;;1.5;4;5.4;14.4;3.8;13.7;;;;;;;;;;;;;;315;;
PRE;25.09.2021 00:00;;;;;;;;;;;;;;1.8;5;6.5;18;4.9;17.6;;;;;;;;;;;;;;9;;
PRE;26.09.2021 00:00;;;;;;;;;;;;;;2.9;10.5;10.4;37.8;10.2;36.7;;;;;;;;;;;;;;245;;
PRE;27.09.2021 00:00;;;;;;;;;;;;;;1.4;8;5;28.8;7.7;27.7;;;;;;;;;;;;;;270;;
PRE;28.09.2021 00:00;;;;;;;;;;;;;;3.4;13.1;12.2;47.2;12.5;45;;;;;;;;;;;;;;355;;
PRE;29.09.2021 00:00;;;;;;;;;;;;;;3.5;12;12.6;43.2;11.6;41.8;;;;;;;;;;;;;;243;;
PRE;30.09.2021 00:00;;;;;;;;;;;;;;3.1;9.4;11.2;33.8;9.2;33.1;;;;;;;;;;;;;;9;;
PRE;01.10.2021 00:00;;;;;;;;;;;;;;1.7;5.3;6.1;19.1;5;18;;;;;;;;;;;;;;261;;
PRE;02.10.2021 00:00;;;;;;;;;;;;;;3.4;9.2;12.2;33.1;9;32.4;;;;;;;;;;;;;;220;;
PRE;03.10.2021 00:00;;;;;;;;;;;;;;3.2;10.9;11.5;39.2;10.6;38.2;;;;;;;;;;;;;;223;;
PRE;04.10.2021 00:00;;;;;;;;;;;;;;2.7;7.9;9.7;28.4;7.6;27.4;;;;;;;;;;;;;;9;;
PRE;05.10.2021 00:00;;;;;;;;;;;;;;4.6;17.2;16.6;61.9;16.5;59.4;;;;;;;;;;;;;;242;;
PRE;06.10.2021 00:00;;;;;;;;;;;;;;2;11.9;7.2;42.8;11.4;41;;;;;;;;;;;;;;256;;
PRE;07.10.2021 00:00;;;;;;;;;;;;;;6.8;19.2;24.5;69.1;18;64.8;;;;;;;;;;;;;;25;;
PRE;08.10.2021 00:00;;;;;;;;;;;;;;5.7;12.1;20.5;43.6;11.9;42.8;;;;;;;;;;;;;;28;;
PRE;09.10.2021 00:00;;;;;;;;;;;;;;5.1;10.1;18.4;36.4;9.7;34.9;;;;;;;;;;;;;;14;;
PRE;10.10.2021 00:00;;;;;;;;;;;;;;4.9;10.9;17.6;39.2;10.5;37.8;;;;;;;;;;;;;;22;;
PRE;11.10.2021 00:00;;;;;;;;;;;;;;4.6;11;16.6;39.6;10.7;38.5;;;;;;;;;;;;;;25;;
PRE;12.10.2021 00:00;;;;;;;;;;;;;;3.9;10;14;36;9.9;35.6;;;;;;;;;;;;;;29;;
PRE;13.10.2021 00:00;;;;;;;;;;;;;;4.8;11.8;17.3;42.5;11.7;42.1;;;;;;;;;;;;;;24;;
PRE;14.10.2021 00:00;;;;;;;;;;;;;;3.7;11.1;13.3;40;10.3;37.1;;;;;;;;;;;;;;18;;
PRE;15.10.2021 00:00;;;;;;;;;;;;;;1.9;7;6.8;25.2;6.8;24.5;;;;;;;;;;;;;;354;;
PRE;16.10.2021 00:00;;;;;;;;;;;;;;2.7;7.9;9.7;28.4;7.7;27.7;;;;;;;;;;;;;;18;;
PRE;17.10.2021 00:00;;;;;;;;;;;;;;1.7;3.5;6.1;12.6;3.4;12.2;;;;;;;;;;;;;;326;;
PRE;18.10.2021 00:00;;;;;;;;;;;;;;1.4;3.5;5;12.6;3.4;12.2;;;;;;;;;;;;;;315;;
PRE;19.10.2021 00:00;;;;;;;;;;;;;;1.2;3.8;4.3;13.7;3.7;13.3;;;;;;;;;;;;;;284;;
PRE;20.10.2021 00:00;;;;;;;;;;;;;;6;18.1;21.6;65.2;17.3;62.3;;;;;;;;;;;;;;228;;
PRE;21.10.2021 00:00;;;;;;;;;;;;;;6.4;20.3;23;73.1;19.6;70.6;;;;;;;;;;;;;;236;;
PRE;22.10.2021 00:00;;;;;;;;;;;;;;3.7;9;13.3;32.4;8.5;30.6;;;;;;;;;;;;;;330;;
PRE;23.10.2021 00:00;;;;;;;;;;;;;;5.1;11.2;18.4;40.3;11;39.6;;;;;;;;;;;;;;22;;
PRE;24.10.2021 00:00;;;;;;;;;;;;;;1.5;4.8;5.4;17.3;4.6;16.6;;;;;;;;;;;;;;321;;
PRE;25.10.2021 00:00;;;;;;;;;;;;;;1.5;3.3;5.4;11.9;3.2;11.5;;;;;;;;;;;;;;333;;
PRE;26.10.2021 00:00;;;;;;;;;;;;;;2.3;8;8.3;28.8;7.8;28.1;;;;;;;;;;;;;;14;;
PRE;27.10.2021 00:00;;;;;;;;;;;;;;3.4;9.6;12.2;34.6;9.4;33.8;;;;;;;;;;;;;;22;;
PRE;28.10.2021 00:00;;;;;;;;;;;;;;1.7;4.4;6.1;15.8;4.2;15.1;;;;;;;;;;;;;;319;;
PRE;29.10.2021 00:00;;;;;;;;;;;;;;1.4;4;5;14.4;3.9;14;;;;;;;;;;;;;;300;;
PRE;30.10.2021 00:00;;;;;;;;;;;;;;1.4;6.6;5;23.8;6.3;22.7;;;;;;;;;;;;;;300;;
PRE;31.10.2021 00:00;;;;;;;;;;;;;;1.2;4.8;4.3;17.3;4.7;16.9;;;;;;;;;;;;;;270;;
PRE;01.11.2021 00:00;;;;;;;;;;;;;;2.8;10.3;10.1;37.1;9.7;34.9;;;;;;;;;;;;;;234;;
PRE;02.11.2021 00:00;;;;;;;;;;;;;;4.6;15.4;16.6;55.4;14.9;53.6;;;;;;;;;;;;;;236;;
PRE;03.11.2021 00:00;;;;;;;;;;;;;;3.9;11.7;14;42.1;11.5;41.4;;;;;;;;;;;;;;268;;
PRE;04.11.2021 00:00;;;;;;;;;;;;;;3.1;9.3;11.2;33.5;9.1;32.8;;;;;;;;;;;;;;249;;
PRE;05.11.2021 00:00;;;;;;;;;;;;;;4.5;12.9;16.2;46.4;12.4;44.6;;;;;;;;;;;;;;15;;
PRE;06.11.2021 00:00;;;;;;;;;;;;;;5.3;14;19.1;50.4;13.7;49.3;;;;;;;;;;;;;;35;;
PRE;07.11.2021 00:00;;;;;;;;;;;;;;1.5;4.3;5.4;15.5;4.2;15.1;;;;;;;;;;;;;;346;;
PRE;08.11.2021 00:00;;;;;;;;;;;;;;6.2;15.3;22.3;55.1;14.9;53.6;;;;;;;;;;;;;;27;;
PRE;09.11.2021 00:00;;;;;;;;;;;;;;4.1;11.2;14.8;40.3;11.1;40;;;;;;;;;;;;;;24;;
PRE;10.11.2021 00:00;;;;;;;;;;;;;;1.5;4.5;5.4;16.2;4.4;15.8;;;;;;;;;;;;;;350;;
PRE;11.11.2021 00:00;;;;;;;;;;;;;;1.3;5.3;4.7;19.1;5.2;18.7;;;;;;;;;;;;;;339;;
PRE;12.11.2021 00:00;;;;;;;;;;;;;;1.8;5.5;6.5;19.8;5.4;19.4;;;;;;;;;;;;;;345;;
PRE;13.11.2021 00:00;;;;;;;;;;;;;;2.1;6.9;7.6;24.8;6.7;24.1;;;;;;;;;;;;;;239;;
PRE;14.11.2021 00:00;;;;;;;;;;;;;;4.2;11.3;15.1;40.7;10.7;38.5;;;;;;;;;;;;;;16;;
PRE;15.11.2021 00:00;;;;;;;;;;;;;;4.8;10.8;17.3;38.9;10.3;37.1;;;;;;;;;;;;;;18;;
PRE;16.11.2021 00:00;;;;;;;;;;;;;;1.5;5.1;5.4;18.4;4.9;17.6;;;;;;;;;;;;;;4;;
PRE;17.11.2021 00:00;;;;;;;;;;;;;;3.4;10.2;12.2;36.7;10;36;;;;;;;;;;;;;;14;;
PRE;18.11.2021 00:00;;;;;;;;;;;;;;4.7;11.7;16.9;42.1;11.5;41.4;;;;;;;;;;;;;;17;;
PRE;19.11.2021 00:00;;;;;;;;;;;;;;3.5;6.8;12.6;24.5;6.6;23.8;;;;;;;;;;;;;;8;;
PRE;20.11.2021 00:00;;;;;;;;;;;;;;1.8;7.1;6.5;25.6;7;25.2;;;;;;;;;;;;;;347;;
PRE;21.11.2021 00:00;;;;;;;;;;;;;;2.2;10.2;7.9;36.7;9.9;35.6;;;;;;;;;;;;;;346;;
PRE;22.11.2021 00:00;;;;;;;;;;;;;;7.8;16.6;28.1;59.8;16.3;58.7;;;;;;;;;;;;;;32;;
PRE;23.11.2021 00:00;;;;;;;;;;;;;;6.7;16.4;24.1;59;15.6;56.2;;;;;;;;;;;;;;20;;
PRE;24.11.2021 00:00;;;;;;;;;;;;;;3.7;7.3;13.3;26.3;7.1;25.6;;;;;;;;;;;;;;7;;
PRE;25.11.2021 00:00;;;;;;;;;;;;;;3;8.2;10.8;29.5;8.1;29.2;;;;;;;;;;;;;;4;;
PRE;26.11.2021 00:00;;;;;;;;;;;;;;4.6;12.2;16.6;43.9;11.8;42.5;;;;;;;;;;;;;;262;;
PRE;27.11.2021 00:00;;;;;;;;;;;;;;6.1;15.1;22;54.4;14.8;53.3;;;;;;;;;;;;;;240;;
PRE;28.11.2021 00:00;;;;;;;;;;;;;;4.4;9.5;15.8;34.2;9;32.4;;;;;;;;;;;;;;249;;
PRE;29.11.2021 00:00;;;;;;;;;;;;;;2.8;11;10.1;39.6;10.8;38.9;;;;;;;;;;;;;;5;;
PRE;30.11.2021 00:00;;;;;;;;;;;;;;4.7;10.9;16.9;39.2;10.7;38.5;;;;;;;;;;;;;;244;;
PRE;01.12.2021 00:00;;;;;;;;;;;;;;6.4;15;23;54;14.3;51.5;;;;;;;;;;;;;;245;;
PRE;02.12.2021 00:00;;;;;;;;;;;;;;3.9;14.3;14;51.5;13.2;47.5;;;;;;;;;;;;;;284;;
PRE;03.12.2021 00:00;;;;;;;;;;;;;;4;15.3;14.4;55.1;14.4;51.8;;;;;;;;;;;;;;260;;
PRE;04.12.2021 00:00;;;;;;;;;;;;;;6.6;15.6;23.8;56.2;15.3;55.1;;;;;;;;;;;;;;244;;
PRE;05.12.2021 00:00;;;;;;;;;;;;;;4.1;10.4;14.8;37.4;10.1;36.4;;;;;;;;;;;;;;249;;
PRE;06.12.2021 00:00;;;;;;;;;;;;;;3.2;10.2;11.5;36.7;9.7;34.9;;;;;;;;;;;;;;256;;
PRE;07.12.2021 00:00;;;;;;;;;;;;;;4.2;10.6;15.1;38.2;10.4;37.4;;;;;;;;;;;;;;238;;
PRE;08.12.2021 00:00;;;;;;;;;;;;;;2.4;7.7;8.6;27.7;7.6;27.4;;;;;;;;;;;;;;232;;
PRE;09.12.2021 00:00;;;;;;;;;;;;;;2.6;7.2;9.4;25.9;7.1;25.6;;;;;;;;;;;;;;252;;
PRE;10.12.2021 00:00;;;;;;;;;;;;;;5.1;13.5;18.4;48.6;12.8;46.1;;;;;;;;;;;;;;243;;
PRE;11.12.2021 00:00;;;;;;;;;;;;;;3;9;10.8;32.4;8.8;31.7;;;;;;;;;;;;;;270;;
PRE;12.12.2021 00:00;;;;;;;;;;;;;;3.9;8;14;28.8;7.8;28.1;;;;;;;;;;;;;;6;;
PRE;13.12.2021 00:00;;;;;;;;;;;;;;2.3;6.9;8.3;24.8;6.8;24.5;;;;;;;;;;;;;;350;;
PRE;14.12.2021 00:00;;;;;;;;;;;;;;1.6;3.8;5.8;13.7;3.8;13.7;;;;;;;;;;;;;;335;;
PRE;15.12.2021 00:00;;;;;;;;;;;;;;4.2;9.5;15.1;34.2;9.2;33.1;;;;;;;;;;;;;;19;;
PRE;16.12.2021 00:00;;;;;;;;;;;;;;5.7;14.4;20.5;51.8;13.1;47.2;;;;;;;;;;;;;;51;;
PRE;17.12.2021 00:00;;;;;;;;;;;;;;4.1;10.8;14.8;38.9;10.4;37.4;;;;;;;;;;;;;;58;;
PRE;18.12.2021 00:00;;;;;;;;;;;;;;3.5;11.4;12.6;41;11;39.6;;;;;;;;;;;;;;48;;
PRE;19.12.2021 00:00;;;;;;;;;;;;;;3.7;7.8;13.3;28.1;7.4;26.6;;;;;;;;;;;;;;17;;
PRE;20.12.2021 00:00;;;;;;;;;;;;;;4.8;12.2;17.3;43.9;11.7;42.1;;;;;;;;;;;;;;44;;
PRE;21.12.2021 00:00;;;;;;;;;;;;;;1.9;5.4;6.8;19.4;5.2;18.7;;;;;;;;;;;;;;13;;
PRE;22.12.2021 00:00;;;;;;;;;;;;;;2.1;5.3;7.6;19.1;5.2;18.7;;;;;;;;;;;;;;7;;
PRE;23.12.2021 00:00;;;;;;;;;;;;;;1.3;4.8;4.7;17.3;4.7;16.9;;;;;;;;;;;;;;254;;
PRE;24.12.2021 00:00;;;;;;;;;;;;;;1.1;4.2;4;15.1;4;14.4;;;;;;;;;;;;;;214;;
PRE;25.12.2021 00:00;;;;;;;;;;;;;;1;2.9;3.6;10.4;2.8;10.1;;;;;;;;;;;;;;338;;
PRE;26.12.2021 00:00;;;;;;;;;;;;;;0.8;3.3;2.9;11.9;3.3;11.9;;;;;;;;;;;;;;124;;
PRE;27.12.2021 00:00;;;;;;;;;;;;;;3.3;12.4;11.9;44.6;11.9;42.8;;;;;;;;;;;;;;242;;
PRE;28.12.2021 00:00;;;;;;;;;;;;;;6.9;16.1;24.8;58;15.7;56.5;;;;;;;;;;;;;;243;;
PRE;29.12.2021 00:00;;;;;;;;;;;;;;3.6;11.6;13;41.8;10.9;39.2;;;;;;;;;;;;;;231;;
PRE;30.12.2021 00:00;;;;;;;;;;;;;;1;3.1;3.6;11.2;3.1;11.2;;;;;;;;;;;;;;34;;
PRE;31.12.2021 00:00;;;;;;;;;;;;;;1.1;4.3;4;15.5;4.3;15.5;;;;;;;;;;;;;;270;;
PRE;01.01.2022 00:00;;;;;;;;;;;;;;1.1;3.3;4;11.9;3.2;11.5;;;;;;;;;;;;;;326;;
PRE;02.01.2022 00:00;;;;;;;;;;;;;;1.1;8.7;4;31.3;8.4;30.2;;;;;;;;;;;;;;259;;
PRE;03.01.2022 00:00;;;;;;;;;;;;;;4.3;10.6;15.5;38.2;10.4;37.4;;;;;;;;;;;;;;245;;
PRE;04.01.2022 00:00;;;;;;;;;;;;;;7.1;16.5;25.6;59.4;15.7;56.5;;;;;;;;;;;;;;240;;
PRE;05.01.2022 00:00;;;;;;;;;;;;;;4.4;12.9;15.8;46.4;12.5;45;;;;;;;;;;;;;;338;;
PRE;06.01.2022 00:00;;;;;;;;;;;;;;4.1;10.3;14.8;37.1;10.2;36.7;;;;;;;;;;;;;;31;;
PRE;07.01.2022 00:00;;;;;;;;;;;;;;4.4;12.2;15.8;43.9;11.7;42.1;;;;;;;;;;;;;;248;;
PRE;08.01.2022 00:00;;;;;;;;;;;;;;6.7;16.2;24.1;58.3;15.3;55.1;;;;;;;;;;;;;;247;;
PRE;09.01.2022 00:00;;;;;;;;;;;;;;6.1;21.3;22;76.7;20.6;74.2;;;;;;;;;;;;;;236;;
PRE;10.01.2022 00:00;;;;;;;;;;;;;;6.4;15.2;23;54.7;14.8;53.3;;;;;;;;;;;;;;20;;
PRE;11.01.2022 00:00;;;;;;;;;;;;;;8.1;17.1;29.2;61.6;16.8;60.5;;;;;;;;;;;;;;34;;
PRE;12.01.2022 00:00;;;;;;;;;;;;;;6.8;15.4;24.5;55.4;14.8;53.3;;;;;;;;;;;;;;41;;
PRE;13.01.2022 00:00;;;;;;;;;;;;;;4.2;12.9;15.1;46.4;12.7;45.7;;;;;;;;;;;;;;44;;
PRE;14.01.2022 00:00;;;;;;;;;;;;;;1.4;3.9;5;14;3.8;13.7;;;;;;;;;;;;;;331;;
PRE;15.01.2022 00:00;;;;;;;;;;;;;;1.5;4.6;5.4;16.6;4.5;16.2;;;;;;;;;;;;;;294;;
PRE;16.01.2022 00:00;;;;;;;;;;;;;;1.5;4.2;5.4;15.1;4.1;14.8;;;;;;;;;;;;;;308;;
PRE;17.01.2022 00:00;;;;;;;;;;;;;;3.6;14.1;13;50.8;13.3;47.9;;;;;;;;;;;;;;21;;
PRE;18.01.2022 00:00;;;;;;;;;;;;;;5.3;15.4;19.1;55.4;13.9;50;;;;;;;;;;;;;;31;;
PRE;19.01.2022 00:00;;;;;;;;;;;;;;3.4;12.6;12.2;45.4;12;43.2;;;;;;;;;;;;;;243;;
PRE;20.01.2022 00:00;;;;;;;;;;;;;;3.5;13.7;12.6;49.3;13.1;47.2;;;;;;;;;;;;;;19;;
PRE;21.01.2022 00:00;;;;;;;;;;;;;;8;19.9;28.8;71.6;18.8;67.7;;;;;;;;;;;;;;37;;
PRE;22.01.2022 00:00;;;;;;;;;;;;;;6;13.8;21.6;49.7;13.3;47.9;;;;;;;;;;;;;;32;;
PRE;23.01.2022 00:00;;;;;;;;;;;;;;4.5;12.3;16.2;44.3;12.2;43.9;;;;;;;;;;;;;;43;;
PRE;24.01.2022 00:00;;;;;;;;;;;;;;2.6;7.1;9.4;25.6;6.9;24.8;;;;;;;;;;;;;;3;;
PRE;25.01.2022 00:00;;;;;;;;;;;;;;1.6;5.9;5.8;21.2;5.7;20.5;;;;;;;;;;;;;;336;;
PRE;26.01.2022 00:00;;;;;;;;;;;;;;1.9;5.3;6.8;19.1;5.1;18.4;;;;;;;;;;;;;;352;;
PRE;27.01.2022 00:00;;;;;;;;;;;;;;1.6;4.8;5.8;17.3;4.7;16.9;;;;;;;;;;;;;;270;;
PRE;28.01.2022 00:00;;;;;;;;;;;;;;3.8;10.3;13.7;37.1;9.8;35.3;;;;;;;;;;;;;;26;;
PRE;29.01.2022 00:00;;;;;;;;;;;;;;2;7.4;7.2;26.6;7.2;25.9;;;;;;;;;;;;;;260;;
PRE;30.01.2022 00:00;;;;;;;;;;;;;;1.8;8.3;6.5;29.9;8.1;29.2;;;;;;;;;;;;;;354;;
PRE;31.01.2022 00:00;;;;;;;;;;;;;;4.5;12.6;16.2;45.4;12.5;45;;;;;;;;;;;;;;261;;
PRE;01.02.2022 00:00;;;;;;;;;;;;;;4;13.1;14.4;47.2;12.8;46.1;;;;;;;;;;;;;;250;;
PRE;02.02.2022 00:00;;;;;;;;;;;;;;5;13.8;18;49.7;13.4;48.2;;;;;;;;;;;;;;250;;
PRE;03.02.2022 00:00;;;;;;;;;;;;;;1.1;3.5;4;12.6;3.4;12.2;;;;;;;;;;;;;;247;;
PRE;04.02.2022 00:00;;;;;;;;;;;;;;4.5;15.1;16.2;54.4;14.8;53.3;;;;;;;;;;;;;;236;;
PRE;05.02.2022 00:00;;;;;;;;;;;;;;2.7;7.8;9.7;28.1;7.6;27.4;;;;;;;;;;;;;;18;;
PRE;06.02.2022 00:00;;;;;;;;;;;;;;6.6;15.7;23.8;56.5;15.1;54.4;;;;;;;;;;;;;;239;;
PRE;07.02.2022 00:00;;;;;;;;;;;;;;4.2;15.5;15.1;55.8;14.9;53.6;;;;;;;;;;;;;;349;;
PRE;08.02.2022 00:00;;;;;;;;;;;;;;2.4;7.5;8.6;27;7.3;26.3;;;;;;;;;;;;;;4;;
PRE;09.02.2022 00:00;;;;;;;;;;;;;;1.3;2.9;4.7;10.4;2.8;10.1;;;;;;;;;;;;;;315;;
PRE;10.02.2022 00:00;;;;;;;;;;;;;;2;7.8;7.2;28.1;7.5;27;;;;;;;;;;;;;;201;;
PRE;11.02.2022 00:00;;;;;;;;;;;;;;5.1;13.8;18.4;49.7;13.3;47.9;;;;;;;;;;;;;;26;;
PRE;12.02.2022 00:00;;;;;;;;;;;;;;3.4;14.1;12.2;50.8;13.5;48.6;;;;;;;;;;;;;;20;;
PRE;13.02.2022 00:00;;;;;;;;;;;;;;1.7;4.8;6.1;17.3;4.7;16.9;;;;;;;;;;;;;;333;;
PRE;14.02.2022 00:00;;;;;;;;;;;;;;2.4;9.5;8.6;34.2;9.4;33.8;;;;;;;;;;;;;;247;;
PRE;15.02.2022 00:00;;;;;;;;;;;;;;4;9.5;14.4;34.2;9.4;33.8;;;;;;;;;;;;;;238;;
PRE;16.02.2022 00:00;;;;;;;;;;;;;;7;13.7;25.2;49.3;13.1;47.2;;;;;;;;;;;;;;245;;
PRE;17.02.2022 00:00;;;;;;;;;;;;;;5.9;15.5;21.2;55.8;14;50.4;;;;;;;;;;;;;;244;;
PRE;18.02.2022 00:00;;;;;;;;;;;;;;4.9;15.5;17.6;55.8;14.8;53.3;;;;;;;;;;;;;;232;;
PRE;19.02.2022 00:00;;;;;;;;;;;;;;3.4;12.7;12.2;45.7;12.3;44.3;;;;;;;;;;;;;;236;;
PRE;20.02.2022 00:00;;;;;;;;;;;;;;5.9;13.1;21.2;47.2;12.7;45.7;;;;;;;;;;;;;;236;;
PRE;21.02.2022 00:00;;;;;;;;;;;;;;5.9;21.4;21.2;77;19.7;70.9;;;;;;;;;;;;;;234;;
PRE;22.02.2022 00:00;;;;;;;;;;;;;;2.5;8.7;9;31.3;8.4;30.2;;;;;;;;;;;;;;230;;
PRE;23.02.2022 00:00;;;;;;;;;;;;;;1.3;4.9;4.7;17.6;4.8;17.3;;;;;;;;;;;;;;288;;
PRE;24.02.2022 00:00;;;;;;;;;;;;;;3.9;13.5;14;48.6;13.3;47.9;;;;;;;;;;;;;;237;;
PRE;25.02.2022 00:00;;;;;;;;;;;;;;2.5;12.1;9;43.6;11.7;42.1;;;;;;;;;;;;;;34;;
PRE;26.02.2022 00:00;;;;;;;;;;;;;;7.7;17.9;27.7;64.4;17.2;61.9;;;;;;;;;;;;;;19;;
PRE;27.02.2022 00:00;;;;;;;;;;;;;;4.9;10.7;17.6;38.5;10.3;37.1;;;;;;;;;;;;;;16;;
PRE;28.02.2022 00:00;;;;;;;;;;;;;;3.9;12.7;14;45.7;12.4;44.6;;;;;;;;;;;;;;20;;
PRE;01.03.2022 00:00;;;;;;;;;;;;;;3.1;9.9;11.2;35.6;9.7;34.9;;;;;;;;;;;;;;27;;
PRE;02.03.2022 00:00;;;;;;;;;;;;;;1.6;3.8;5.8;13.7;3.7;13.3;;;;;;;;;;;;;;346;;
PRE;03.03.2022 00:00;;;;;;;;;;;;;;2.2;8;7.9;28.8;7.7;27.7;;;;;;;;;;;;;;13;;
PRE;04.03.2022 00:00;;;;;;;;;;;;;;5.6;12.4;20.2;44.6;11.9;42.8;;;;;;;;;;;;;;19;;
PRE;05.03.2022 00:00;;;;;;;;;;;;;;4.2;10.7;15.1;38.5;10.5;37.8;;;;;;;;;;;;;;29;;
PRE;06.03.2022 00:00;;;;;;;;;;;;;;5.7;12.8;20.5;46.1;12.4;44.6;;;;;;;;;;;;;;17;;
PRE;07.03.2022 00:00;;;;;;;;;;;;;;5.8;10.9;20.9;39.2;10.6;38.2;;;;;;;;;;;;;;17;;
PRE;08.03.2022 00:00;;;;;;;;;;;;;;3.2;10;11.5;36;9.8;35.3;;;;;;;;;;;;;;14;;
PRE;09.03.2022 00:00;;;;;;;;;;;;;;1.5;4.4;5.4;15.8;4.2;15.1;;;;;;;;;;;;;;307;;
PRE;10.03.2022 00:00;;;;;;;;;;;;;;1.8;5.2;6.5;18.7;5.1;18.4;;;;;;;;;;;;;;309;;
PRE;11.03.2022 00:00;;;;;;;;;;;;;;1.7;5;6.1;18;4.9;17.6;;;;;;;;;;;;;;278;;
PRE;12.03.2022 00:00;;;;;;;;;;;;;;2.2;11.3;7.9;40.7;11;39.6;;;;;;;;;;;;;;27;;
PRE;13.03.2022 00:00;;;;;;;;;;;;;;3.8;15.5;13.7;55.8;15.3;55.1;;;;;;;;;;;;;;245;;
PRE;14.03.2022 00:00;;;;;;;;;;;;;;1.8;8.6;6.5;31;8.1;29.2;;;;;;;;;;;;;;254;;
PRE;15.03.2022 00:00;;;;;;;;;;;;;;1.2;4.3;4.3;15.5;4.2;15.1;;;;;;;;;;;;;;288;;
PRE;16.03.2022 00:00;;;;;;;;;;;;;;1.3;5.2;4.7;18.7;5.1;18.4;;;;;;;;;;;;;;349;;
PRE;17.03.2022 00:00;;;;;;;;;;;;;;4.6;14.8;16.6;53.3;14.3;51.5;;;;;;;;;;;;;;20;;
PRE;18.03.2022 00:00;;;;;;;;;;;;;;8.5;18.5;30.6;66.6;18.2;65.5;;;;;;;;;;;;;;30;;
PRE;19.03.2022 00:00;;;;;;;;;;;;;;4.3;12;15.5;43.2;11.8;42.5;;;;;;;;;;;;;;14;;
PRE;20.03.2022 00:00;;;;;;;;;;;;;;1.6;6;5.8;21.6;5.9;21.2;;;;;;;;;;;;;;326;;
PRE;21.03.2022 00:00;;;;;;;;;;;;;;1.4;3.8;5;13.7;3.8;13.7;;;;;;;;;;;;;;248;;
PRE;22.03.2022 00:00;;;;;;;;;;;;;;1.6;4.7;5.8;16.9;4.6;16.6;;;;;;;;;;;;;;261;;
PRE;23.03.2022 00:00;;;;;;;;;;;;;;1.7;4.7;6.1;16.9;4.6;16.6;;;;;;;;;;;;;;270;;
PRE;24.03.2022 00:00;;;;;;;;;;;;;;1.4;4.1;5;14.8;4;14.4;;;;;;;;;;;;;;256;;
PRE;25.03.2022 00:00;;;;;;;;;;;;;;2.9;9.3;10.4;33.5;8.9;32;;;;;;;;;;;;;;13;;
PRE;26.03.2022 00:00;;;;;;;;;;;;;;4.8;9.5;17.3;34.2;9.4;33.8;;;;;;;;;;;;;;15;;
PRE;27.03.2022 00:00;;;;;;;;;;;;;;1.8;7.9;6.5;28.4;7.7;27.7;;;;;;;;;;;;;;342;;
PRE;28.03.2022 00:00;;;;;;;;;;;;;;1.5;3.6;5.4;13;3.5;12.6;;;;;;;;;;;;;;346;;
PRE;29.03.2022 00:00;;;;;;;;;;;;;;1.9;8.3;6.8;29.9;7.9;28.4;;;;;;;;;;;;;;236;;
PRE;30.03.2022 00:00;;;;;;;;;;;;;;2.8;8.4;10.1;30.2;8.2;29.5;;;;;;;;;;;;;;223;;
PRE;31.03.2022 00:00;;;;;;;;;;;;;;2.3;11;8.3;39.6;10.6;38.2;;;;;;;;;;;;;;236;;
PRE;01.04.2022 00:00;;;;;;;;;;;;;;2.2;10.3;7.9;37.1;10;36;;;;;;;;;;;;;;18;;
PRE;02.04.2022 00:00;;;;;;;;;;;;;;5;11.4;18;41;11.1;40;;;;;;;;;;;;;;32;;
PRE;03.04.2022 00:00;;;;;;;;;;;;;;6.6;13.9;23.8;50;13.4;48.2;;;;;;;;;;;;;;27;;
PRE;04.04.2022 00:00;;;;;;;;;;;;;;3.2;8.3;11.5;29.9;8;28.8;;;;;;;;;;;;;;326;;
PRE;05.04.2022 00:00;;;;;;;;;;;;;;2;5.6;7.2;20.2;5.5;19.8;;;;;;;;;;;;;;234;;
PRE;06.04.2022 00:00;;;;;;;;;;;;;;3.1;10.9;11.2;39.2;10.7;38.5;;;;;;;;;;;;;;238;;
PRE;07.04.2022 00:00;;;;;;;;;;;;;;7.4;14.3;26.6;51.5;13.7;49.3;;;;;;;;;;;;;;238;;
PRE;08.04.2022 00:00;;;;;;;;;;;;;;8.1;24.5;29.2;88.2;23.7;85.3;;;;;;;;;;;;;;240;;
PRE;09.04.2022 00:00;;;;;;;;;;;;;;3.1;19;11.2;68.4;18.3;65.9;;;;;;;;;;;;;;254;;
PRE;10.04.2022 00:00;;;;;;;;;;;;;;2.5;6.4;9;23;6.1;22;;;;;;;;;;;;;;23;;
PRE;11.04.2022 00:00;;;;;;;;;;;;;;2.3;7.9;8.3;28.4;7.6;27.4;;;;;;;;;;;;;;18;;
PRE;12.04.2022 00:00;;;;;;;;;;;;;;1.3;3.8;4.7;13.7;3.7;13.3;;;;;;;;;;;;;;27;;
PRE;13.04.2022 00:00;;;;;;;;;;;;;;1.5;5.4;5.4;19.4;5.3;19.1;;;;;;;;;;;;;;270;;
PRE;14.04.2022 00:00;;;;;;;;;;;;;;2.2;8.7;7.9;31.3;8.2;29.5;;;;;;;;;;;;;;320;;
PRE;15.04.2022 00:00;;;;;;;;;;;;;;3.9;9.5;14;34.2;9.3;33.5;;;;;;;;;;;;;;26;;
PRE;16.04.2022 00:00;;;;;;;;;;;;;;7.8;18.8;28.1;67.7;18.1;65.2;;;;;;;;;;;;;;28;;
PRE;17.04.2022 00:00;;;;;;;;;;;;;;7.6;17.1;27.4;61.6;16.4;59;;;;;;;;;;;;;;26;;
PRE;18.04.2022 00:00;;;;;;;;;;;;;;2.8;10.7;10.1;38.5;10.5;37.8;;;;;;;;;;;;;;27;;
PRE;19.04.2022 00:00;;;;;;;;;;;;;;2.5;8.7;9;31.3;8.3;29.9;;;;;;;;;;;;;;342;;
PRE;20.04.2022 00:00;;;;;;;;;;;;;;4.5;10.3;16.2;37.1;10.2;36.7;;;;;;;;;;;;;;14;;
PRE;21.04.2022 00:00;;;;;;;;;;;;;;5.2;12.1;18.7;43.6;11.4;41;;;;;;;;;;;;;;20;;
PRE;22.04.2022 00:00;;;;;;;;;;;;;;3.2;11.3;11.5;40.7;10.6;38.2;;;;;;;;;;;;;;25;;
PRE;23.04.2022 00:00;;;;;;;;;;;;;;4.8;20.1;17.3;72.4;19;68.4;;;;;;;;;;;;;;4;;
PRE;24.04.2022 00:00;;;;;;;;;;;;;;4.1;10.8;14.8;38.9;10.4;37.4;;;;;;;;;;;;;;235;;
PRE;25.04.2022 00:00;;;;;;;;;;;;;;3.8;10.2;13.7;36.7;9.6;34.6;;;;;;;;;;;;;;242;;
PRE;26.04.2022 00:00;;;;;;;;;;;;;;3;9;10.8;32.4;8.9;32;;;;;;;;;;;;;;45;;
PRE;27.04.2022 00:00;;;;;;;;;;;;;;5;10.5;18;37.8;10.3;37.1;;;;;;;;;;;;;;19;;
PRE;28.04.2022 00:00;;;;;;;;;;;;;;4.9;10.5;17.6;37.8;9.9;35.6;;;;;;;;;;;;;;17;;
PRE;29.04.2022 00:00;;;;;;;;;;;;;;2.2;8.5;7.9;30.6;8.2;29.5;;;;;;;;;;;;;;31;;
PRE;30.04.2022 00:00;;;;;;;;;;;;;;2.4;11.1;8.6;40;10.5;37.8;;;;;;;;;;;;;;27;;
PRE;01.05.2022 00:00;;;;;;;;;;;;;;3.7;10.3;13.3;37.1;9.6;34.6;;;;;;;;;;;;;;34;;
PRE;02.05.2022 00:00;;;;;;;;;;;;;;3.2;7.6;11.5;27.4;7.3;26.3;;;;;;;;;;;;;;18;;
PRE;03.05.2022 00:00;;;;;;;;;;;;;;2.3;10.5;8.3;37.8;10.1;36.4;;;;;;;;;;;;;;270;;
PRE;04.05.2022 00:00;;;;;;;;;;;;;;1.6;8.2;5.8;29.5;7.6;27.4;;;;;;;;;;;;;;233;;
PRE;05.05.2022 00:00;;;;;;;;;;;;;;1.5;5.6;5.4;20.2;5.5;19.8;;;;;;;;;;;;;;50;;
PRE;06.05.2022 00:00;;;;;;;;;;;;;;7.5;17.7;27;63.7;17.2;61.9;;;;;;;;;;;;;;24;;
PRE;07.05.2022 00:00;;;;;;;;;;;;;;7.2;16.4;25.9;59;15.7;56.5;;;;;;;;;;;;;;28;;
PRE;08.05.2022 00:00;;;;;;;;;;;;;;6.7;14.9;24.1;53.6;14.3;51.5;;;;;;;;;;;;;;29;;
PRE;09.05.2022 00:00;;;;;;;;;;;;;;2.2;6.7;7.9;24.1;6.5;23.4;;;;;;;;;;;;;;31;;
PRE;10.05.2022 00:00;;;;;;;;;;;;;;1.7;4.6;6.1;16.6;4.5;16.2;;;;;;;;;;;;;;34;;
PRE;11.05.2022 00:00;;;;;;;;;;;;;;4.3;14.6;15.5;52.6;14;50.4;;;;;;;;;;;;;;232;;
PRE;12.05.2022 00:00;;;;;;;;;;;;;;3.1;9.4;11.2;33.8;9.2;33.1;;;;;;;;;;;;;;236;;
PRE;13.05.2022 00:00;;;;;;;;;;;;;;2.1;6.6;7.6;23.8;6.4;23;;;;;;;;;;;;;;27;;
PRE;14.05.2022 00:00;;;;;;;;;;;;;;3;6.9;10.8;24.8;6.8;24.5;;;;;;;;;;;;;;15;;
PRE;15.05.2022 00:00;;;;;;;;;;;;;;1.9;8.9;6.8;32;8.7;31.3;;;;;;;;;;;;;;63;;
PRE;16.05.2022 00:00;;;;;;;;;;;;;;2;6;7.2;21.6;5.9;21.2;;;;;;;;;;;;;;297;;
PRE;17.05.2022 00:00;;;;;;;;;;;;;;2.1;6.2;7.6;22.3;6;21.6;;;;;;;;;;;;;;18;;
PRE;18.05.2022 00:00;;;;;;;;;;;;;;2.2;8.9;7.9;32;8.7;31.3;;;;;;;;;;;;;;14;;
PRE;19.05.2022 00:00;;;;;;;;;;;;;;2.4;13.5;8.6;48.6;12.9;46.4;;;;;;;;;;;;;;229;;
PRE;20.05.2022 00:00;;;;;;;;;;;;;;4.3;17.7;15.5;63.7;16.9;60.8;;;;;;;;;;;;;;232;;
PRE;21.05.2022 00:00;;;;;;;;;;;;;;3.4;8.4;12.2;30.2;8.3;29.9;;;;;;;;;;;;;;250;;
PRE;22.05.2022 00:00;;;;;;;;;;;;;;3;9.9;10.8;35.6;9.5;34.2;;;;;;;;;;;;;;4;;
PRE;23.05.2022 00:00;;;;;;;;;;;;;;3.4;15;12.2;54;14.9;53.6;;;;;;;;;;;;;;253;;
PRE;24.05.2022 00:00;;;;;;;;;;;;;;3.3;10.1;11.9;36.4;9.4;33.8;;;;;;;;;;;;;;219;;
PRE;25.05.2022 00:00;;;;;;;;;;;;;;3.1;8.9;11.2;32;8.8;31.7;;;;;;;;;;;;;;25;;
PRE;26.05.2022 00:00;;;;;;;;;;;;;;2.7;8.6;9.7;31;8.4;30.2;;;;;;;;;;;;;;38;;
PRE;27.05.2022 00:00;;;;;;;;;;;;;;2.6;7.7;9.4;27.7;7.4;26.6;;;;;;;;;;;;;;36;;
PRE;28.05.2022 00:00;;;;;;;;;;;;;;5.1;13.3;18.4;47.9;12.5;45;;;;;;;;;;;;;;33;;
PRE;29.05.2022 00:00;;;;;;;;;;;;;;5;10.7;18;38.5;10.5;37.8;;;;;;;;;;;;;;27;;
PRE;30.05.2022 00:00;;;;;;;;;;;;;;3.4;9.2;12.2;33.1;8.8;31.7;;;;;;;;;;;;;;23;;
PRE;31.05.2022 00:00;;;;;;;;;;;;;;3.3;16.2;11.9;58.3;15.3;55.1;;;;;;;;;;;;;;238;;
PRE;01.06.2022 00:00;;;;;;;;;;;;;;2;7.5;7.2;27;7.4;26.6;;;;;;;;;;;;;;256;;
PRE;02.06.2022 00:00;;;;;;;;;;;;;;1.9;5.2;6.8;18.7;5.2;18.7;;;;;;;;;;;;;;90;;
PRE;03.06.2022 00:00;;;;;;;;;;;;;;2.6;8.8;9.4;31.7;8.5;30.6;;;;;;;;;;;;;;18;;
PRE;04.06.2022 00:00;;;;;;;;;;;;;;3.4;10.7;12.2;38.5;10.5;37.8;;;;;;;;;;;;;;18;;
PRE;05.06.2022 00:00;;;;;;;;;;;;;;2.8;11.8;10.1;42.5;11.4;41;;;;;;;;;;;;;;248;;
PRE;06.06.2022 00:00;;;;;;;;;;;;;;2.4;10.3;8.6;37.1;10;36;;;;;;;;;;;;;;236;;
PRE;07.06.2022 00:00;;;;;;;;;;;;;;3.8;15.7;13.7;56.5;14.8;53.3;;;;;;;;;;;;;;255;;
PRE;08.06.2022 00:00;;;;;;;;;;;;;;3.2;12.3;11.5;44.3;11.6;41.8;;;;;;;;;;;;;;247;;
PRE;09.06.2022 00:00;;;;;;;;;;;;;;2.1;7.4;7.6;26.6;7.3;26.3;;;;;;;;;;;;;;349;;
PRE;10.06.2022 00:00;;;;;;;;;;;;;;4.8;12.7;17.3;45.7;12.1;43.6;;;;;;;;;;;;;;20;;
PRE;11.06.2022 00:00;;;;;;;;;;;;;;2.5;6.8;9;24.5;6.7;24.1;;;;;;;;;;;;;;32;;
PRE;12.06.2022 00:00;;;;;;;;;;;;;;1.6;6;5.8;21.6;5.9;21.2;;;;;;;;;;;;;;243;;
PRE;13.06.2022 00:00;;;;;;;;;;;;;;3.6;11.8;13;42.5;11.6;41.8;;;;;;;;;;;;;;28;;
PRE;14.06.2022 00:00;;;;;;;;;;;;;;3.3;9.3;11.9;33.5;9;32.4;;;;;;;;;;;;;;16;;
PRE;15.06.2022 00:00;;;;;;;;;;;;;;2.8;11.2;10.1;40.3;11;39.6;;;;;;;;;;;;;;236;;
PRE;16.06.2022 00:00;;;;;;;;;;;;;;2.4;9;8.6;32.4;8.8;31.7;;;;;;;;;;;;;;30;;
PRE;17.06.2022 00:00;;;;;;;;;;;;;;3.7;8.8;13.3;31.7;8.6;31;;;;;;;;;;;;;;20;;
PRE;18.06.2022 00:00;;;;;;;;;;;;;;2.7;10.5;9.7;37.8;10.1;36.4;;;;;;;;;;;;;;21;;
PRE;19.06.2022 00:00;;;;;;;;;;;;;;4;11.7;14.4;42.1;11.3;40.7;;;;;;;;;;;;;;223;;
PRE;20.06.2022 00:00;;;;;;;;;;;;;;3.7;10.4;13.3;37.4;10.2;36.7;;;;;;;;;;;;;;243;;
PRE;21.06.2022 00:00;;;;;;;;;;;;;;2.8;10.1;10.1;36.4;9.8;35.3;;;;;;;;;;;;;;326;;
PRE;22.06.2022 00:00;;;;;;;;;;;;;;2.2;13.6;7.9;49;13.1;47.2;;;;;;;;;;;;;;225;;
PRE;23.06.2022 00:00;;;;;;;;;;;;;;2.1;19.1;7.6;68.8;18.4;66.2;;;;;;;;;;;;;;231;;
PRE;24.06.2022 00:00;;;;;;;;;;;;;;2.9;12.7;10.4;45.7;12.3;44.3;;;;;;;;;;;;;;247;;
PRE;25.06.2022 00:00;;;;;;;;;;;;;;2.7;15.7;9.7;56.5;15.2;54.7;;;;;;;;;;;;;;22;;
PRE;26.06.2022 00:00;;;;;;;;;;;;;;2.7;10.5;9.7;37.8;10.2;36.7;;;;;;;;;;;;;;10;;
PRE;27.06.2022 00:00;;;;;;;;;;;;;;2.8;8.5;10.1;30.6;8.3;29.9;;;;;;;;;;;;;;13;;
PRE;28.06.2022 00:00;;;;;;;;;;;;;;4.8;12.3;17.3;44.3;12;43.2;;;;;;;;;;;;;;27;;
PRE;29.06.2022 00:00;;;;;;;;;;;;;;2.2;5;7.9;18;4.8;17.3;;;;;;;;;;;;;;108;;
PRE;30.06.2022 00:00;;;;;;;;;;;;;;2.8;12.2;10.1;43.9;12;43.2;;;;;;;;;;;;;;248;;
PRE;01.07.2022 00:00;;;;;;;;;;;;;;2.7;7.5;9.7;27;7.1;25.6;;;;;;;;;;;;;;51;;
PRE;02.07.2022 00:00;;;;;;;;;;;;;;3.1;9.9;11.2;35.6;9.8;35.3;;;;;;;;;;;;;;24;;
PRE;03.07.2022 00:00;;;;;;;;;;;;;;2.1;10.8;7.6;38.9;10.4;37.4;;;;;;;;;;;;;;45;;
PRE;04.07.2022 00:00;;;;;;;;;;;;;;3.1;11.4;11.2;41;11.1;40;;;;;;;;;;;;;;34;;
PRE;05.07.2022 00:00;;;;;;;;;;;;;;2.9;8.6;10.4;31;8.3;29.9;;;;;;;;;;;;;;52;;
PRE;06.07.2022 00:00;;;;;;;;;;;;;;3.9;10.6;14;38.2;10.1;36.4;;;;;;;;;;;;;;28;;
PRE;07.07.2022 00:00;;;;;;;;;;;;;;4.9;12.7;17.6;45.7;11.9;42.8;;;;;;;;;;;;;;18;;
PRE;08.07.2022 00:00;;;;;;;;;;;;;;7;15;25.2;54;13.7;49.3;;;;;;;;;;;;;;33;;
PRE;09.07.2022 00:00;;;;;;;;;;;;;;5.3;12.7;19.1;45.7;11.9;42.8;;;;;;;;;;;;;;28;;
PRE;10.07.2022 00:00;;;;;;;;;;;;;;5.8;14.6;20.9;52.6;14;50.4;;;;;;;;;;;;;;28;;
PRE;11.07.2022 00:00;;;;;;;;;;;;;;5.9;13.7;21.2;49.3;13.4;48.2;;;;;;;;;;;;;;28;;
PRE;12.07.2022 00:00;;;;;;;;;;;;;;4.6;10.8;16.6;38.9;10.5;37.8;;;;;;;;;;;;;;39;;
PRE;13.07.2022 00:00;;;;;;;;;;;;;;2.4;7.5;8.6;27;7.5;27;;;;;;;;;;;;;;45;;
PRE;14.07.2022 00:00;;;;;;;;;;;;;;2.6;11.5;9.4;41.4;11;39.6;;;;;;;;;;;;;;242;;
PRE;15.07.2022 00:00;;;;;;;;;;;;;;3.5;10.6;12.6;38.2;10.3;37.1;;;;;;;;;;;;;;23;;
PRE;16.07.2022 00:00;;;;;;;;;;;;;;4.9;10.6;17.6;38.2;10.4;37.4;;;;;;;;;;;;;;35;;
PRE;17.07.2022 00:00;;;;;;;;;;;;;;5.5;12.5;19.8;45;12.1;43.6;;;;;;;;;;;;;;27;;
PRE;18.07.2022 00:00;;;;;;;;;;;;;;5;12.4;18;44.6;12;43.2;;;;;;;;;;;;;;28;;
PRE;19.07.2022 00:00;;;;;;;;;;;;;;2.2;7.5;7.9;27;7.3;26.3;;;;;;;;;;;;;;68;;
PRE;20.07.2022 00:00;;;;;;;;;;;;;;2.6;12.3;9.4;44.3;11.5;41.4;;;;;;;;;;;;;;81;;
PRE;21.07.2022 00:00;;;;;;;;;;;;;;2.6;7.8;9.4;28.1;7.4;26.6;;;;;;;;;;;;;;51;;
PRE;22.07.2022 00:00;;;;;;;;;;;;;;2.9;10.4;10.4;37.4;10.2;36.7;;;;;;;;;;;;;;43;;
PRE;23.07.2022 00:00;;;;;;;;;;;;;;2.7;8.7;9.7;31.3;8.1;29.2;;;;;;;;;;;;;;7;;
PRE;24.07.2022 00:00;;;;;;;;;;;;;;2.5;7.2;9;25.9;7.1;25.6;;;;;;;;;;;;;;51;;
PRE;25.07.2022 00:00;;;;;;;;;;;;;;3.4;14.3;12.2;51.5;14.1;50.8;;;;;;;;;;;;;;254;;
PRE;26.07.2022 00:00;;;;;;;;;;;;;;3.8;11.3;13.7;40.7;11;39.6;;;;;;;;;;;;;;43;;
PRE;27.07.2022 00:00;;;;;;;;;;;;;;4.5;11.5;16.2;41.4;10.9;39.2;;;;;;;;;;;;;;39;;
PRE;28.07.2022 00:00;;;;;;;;;;;;;;3.7;10.8;13.3;38.9;10.7;38.5;;;;;;;;;;;;;;13;;
PRE;29.07.2022 00:00;;;;;;;;;;;;;;2.5;12.1;9;43.6;11.8;42.5;;;;;;;;;;;;;;286;;
PRE;30.07.2022 00:00;;;;;;;;;;;;;;2.6;7.3;9.4;26.3;7;25.2;;;;;;;;;;;;;;58;;
PRE;31.07.2022 00:00;;;;;;;;;;;;;;2.2;5.1;7.9;18.4;4.9;17.6;;;;;;;;;;;;;;315;;
PRE;01.08.2022 00:00;;;;;;;;;;;;;;2;10;7.2;36;9.7;34.9;;;;;;;;;;;;;;34;;
PRE;02.08.2022 00:00;;;;;;;;;;;;;;3.3;7.7;11.9;27.7;7.4;26.6;;;;;;;;;;;;;;34;;
PRE;03.08.2022 00:00;;;;;;;;;;;;;;2;5.1;7.2;18.4;4.9;17.6;;;;;;;;;;;;;;63;;
PRE;04.08.2022 00:00;;;;;;;;;;;;;;1.9;7.4;6.8;26.6;7.3;26.3;;;;;;;;;;;;;;79;;
PRE;05.08.2022 00:00;;;;;;;;;;;;;;3.1;14.7;11.2;52.9;14.1;50.8;;;;;;;;;;;;;;55;;
PRE;06.08.2022 00:00;;;;;;;;;;;;;;6.1;15;22;54;14.8;53.3;;;;;;;;;;;;;;32;;
PRE;07.08.2022 00:00;;;;;;;;;;;;;;6;12.8;21.6;46.1;12.2;43.9;;;;;;;;;;;;;;27;;
PRE;08.08.2022 00:00;;;;;;;;;;;;;;5.8;13.3;20.9;47.9;12.9;46.4;;;;;;;;;;;;;;28;;
PRE;09.08.2022 00:00;;;;;;;;;;;;;;6.4;16.7;23;60.1;16.3;58.7;;;;;;;;;;;;;;24;;
PRE;10.08.2022 00:00;;;;;;;;;;;;;;5.3;11.9;19.1;42.8;11.2;40.3;;;;;;;;;;;;;;24;;
PRE;11.08.2022 00:00;;;;;;;;;;;;;;4.4;10.4;15.8;37.4;10.1;36.4;;;;;;;;;;;;;;27;;
PRE;12.08.2022 00:00;;;;;;;;;;;;;;5.2;12;18.7;43.2;11.6;41.8;;;;;;;;;;;;;;23;;
PRE;13.08.2022 00:00;;;;;;;;;;;;;;4.2;11.4;15.1;41;11;39.6;;;;;;;;;;;;;;27;;
PRE;14.08.2022 00:00;;;;;;;;;;;;;;4;11.5;14.4;41.4;11.2;40.3;;;;;;;;;;;;;;255;;
PRE;15.08.2022 00:00;;;;;;;;;;;;;;3.4;12.7;12.2;45.7;12.5;45;;;;;;;;;;;;;;234;;
PRE;16.08.2022 00:00;;;;;;;;;;;;;;2.2;7.3;7.9;26.3;6.9;24.8;;;;;;;;;;;;;;360;;
PRE;17.08.2022 00:00;;;;;;;;;;;;;;2.7;17.6;9.7;63.4;16.4;59;;;;;;;;;;;;;;352;;
PRE;18.08.2022 00:00;;;;;;;;;;;;;;2.6;9.7;9.4;34.9;9.3;33.5;;;;;;;;;;;;;;25;;
PRE;19.08.2022 00:00;;;;;;;;;;;;;;1.9;5.8;6.8;20.9;5.7;20.5;;;;;;;;;;;;;;263;;
PRE;20.08.2022 00:00;;;;;;;;;;;;;;1.5;4.9;5.4;17.6;4.8;17.3;;;;;;;;;;;;;;270;;
PRE;21.08.2022 00:00;;;;;;;;;;;;;;2.4;7.7;8.6;27.7;7.5;27;;;;;;;;;;;;;;360;;
PRE;22.08.2022 00:00;;;;;;;;;;;;;;2.8;11;10.1;39.6;10.3;37.1;;;;;;;;;;;;;;6;;
PRE;23.08.2022 00:00;;;;;;;;;;;;;;4.5;11.9;16.2;42.8;11.8;42.5;;;;;;;;;;;;;;25;;
PRE;24.08.2022 00:00;;;;;;;;;;;;;;4.4;9.2;15.8;33.1;9.1;32.8;;;;;;;;;;;;;;18;;
PRE;25.08.2022 00:00;;;;;;;;;;;;;;1.5;4.5;5.4;16.2;4.3;15.5;;;;;;;;;;;;;;90;;
PRE;26.08.2022 00:00;;;;;;;;;;;;;;2.8;8.7;10.1;31.3;8.6;31;;;;;;;;;;;;;;288;;
PRE;27.08.2022 00:00;;;;;;;;;;;;;;3.9;10;14;36;9.7;34.9;;;;;;;;;;;;;;30;;
PRE;28.08.2022 00:00;;;;;;;;;;;;;;4;9.7;14.4;34.9;9.6;34.6;;;;;;;;;;;;;;34;;
PRE;29.08.2022 00:00;;;;;;;;;;;;;;2.1;5.4;7.6;19.4;5.2;18.7;;;;;;;;;;;;;;50;;
PRE;30.08.2022 00:00;;;;;;;;;;;;;;2.3;11.4;8.3;41;10.7;38.5;;;;;;;;;;;;;;16;;
PRE;31.08.2022 00:00;;;;;;;;;;;;;;4;12.9;14.4;46.4;12.4;44.6;;;;;;;;;;;;;;26;;
PRE;01.09.2022 00:00;;;;;;;;;;;;;;4.7;10.7;16.9;38.5;10.1;36.4;;;;;;;;;;;;;;23;;
PRE;02.09.2022 00:00;;;;;;;;;;;;;;2.8;7.9;10.1;28.4;7.4;26.6;;;;;;;;;;;;;;21;;
PRE;03.09.2022 00:00;;;;;;;;;;;;;;1.7;9.1;6.1;32.8;9;32.4;;;;;;;;;;;;;;239;;
PRE;04.09.2022 00:00;;;;;;;;;;;;;;1.9;5.5;6.8;19.8;5.4;19.4;;;;;;;;;;;;;;326;;
PRE;05.09.2022 00:00;;;;;;;;;;;;;;1.6;4.3;5.8;15.5;4.2;15.1;;;;;;;;;;;;;;360;;
PRE;06.09.2022 00:00;;;;;;;;;;;;;;2.6;9.5;9.4;34.2;9.3;33.5;;;;;;;;;;;;;;360;;
PRE;07.09.2022 00:00;;;;;;;;;;;;;;2.6;19;9.4;68.4;18.6;67;;;;;;;;;;;;;;9;;
PRE;08.09.2022 00:00;;;;;;;;;;;;;;4;11.3;14.4;40.7;10.7;38.5;;;;;;;;;;;;;;238;;
PRE;09.09.2022 00:00;;;;;;;;;;;;;;4.8;16.8;17.3;60.5;15.8;56.9;;;;;;;;;;;;;;240;;
PRE;10.09.2022 00:00;;;;;;;;;;;;;;3.7;10.4;13.3;37.4;10.3;37.1;;;;;;;;;;;;;;247;;
PRE;11.09.2022 00:00;;;;;;;;;;;;;;2.7;7.7;9.7;27.7;7.3;26.3;;;;;;;;;;;;;;7;;
PRE;12.09.2022 00:00;;;;;;;;;;;;;;1.6;4.6;5.8;16.6;4.4;15.8;;;;;;;;;;;;;;360;;
PRE;13.09.2022 00:00;;;;;;;;;;;;;;1.6;8.5;5.8;30.6;8;28.8;;;;;;;;;;;;;;270;;
PRE;14.09.2022 00:00;;;;;;;;;;;;;;4.3;15.2;15.5;54.7;14.1;50.8;;;;;;;;;;;;;;234;;
PRE;15.09.2022 00:00;;;;;;;;;;;;;;3.1;9;11.2;32.4;8.9;32;;;;;;;;;;;;;;239;;
PRE;16.09.2022 00:00;;;;;;;;;;;;;;3.1;13.3;11.2;47.9;13.2;47.5;;;;;;;;;;;;;;325;;
PRE;17.09.2022 00:00;;;;;;;;;;;;;;3.7;10.2;13.3;36.7;10.1;36.4;;;;;;;;;;;;;;12;;
PRE;18.09.2022 00:00;;;;;;;;;;;;;;2;5.3;7.2;19.1;5.1;18.4;;;;;;;;;;;;;;360;;
PRE;19.09.2022 00:00;;;;;;;;;;;;;;4.1;11;14.8;39.6;10.4;37.4;;;;;;;;;;;;;;22;;
PRE;20.09.2022 00:00;;;;;;;;;;;;;;5.4;11.9;19.4;42.8;11.2;40.3;;;;;;;;;;;;;;26;;
PRE;21.09.2022 00:00;;;;;;;;;;;;;;5.6;12.7;20.2;45.7;12.3;44.3;;;;;;;;;;;;;;17;;
PRE;22.09.2022 00:00;;;;;;;;;;;;;;3;8.4;10.8;30.2;8.1;29.2;;;;;;;;;;;;;;9;;
PRE;23.09.2022 00:00;;;;;;;;;;;;;;2.7;8.1;9.7;29.2;8;28.8;;;;;;;;;;;;;;238;;
PRE;24.09.2022 00:00;;;;;;;;;;;;;;2.3;8;8.3;28.8;7.8;28.1;;;;;;;;;;;;;;239;;
PRE;25.09.2022 00:00;;;;;;;;;;;;;;1.6;9.4;5.8;33.8;9.1;32.8;;;;;;;;;;;;;;301;;
PRE;26.09.2022 00:00;;;;;;;;;;;;;;4.5;14.5;16.2;52.2;14;50.4;;;;;;;;;;;;;;240;;
PRE;27.09.2022 00:00;;;;;;;;;;;;;;6.1;15;22;54;14.6;52.6;;;;;;;;;;;;;;238;;
PRE;28.09.2022 00:00;;;;;;;;;;;;;;5.7;14.9;20.5;53.6;13.9;50;;;;;;;;;;;;;;245;;
PRE;29.09.2022 00:00;;;;;;;;;;;;;;2.9;8.6;10.4;31;8.1;29.2;;;;;;;;;;;;;;248;;
PRE;30.09.2022 00:00;;;;;;;;;;;;;;3.2;9.2;11.5;33.1;8.8;31.7;;;;;;;;;;;;;;9;;
PRE;01.10.2022 00:00;;;;;;;;;;;;;;6.2;18.1;22.3;65.2;17.5;63;;;;;;;;;;;;;;246;;
PRE;02.10.2022 00:00;;;;;;;;;;;;;;3.6;14.4;13;51.8;13.5;48.6;;;;;;;;;;;;;;240;;
PRE;03.10.2022 00:00;;;;;;;;;;;;;;4;10.9;14.4;39.2;10.5;37.8;;;;;;;;;;;;;;16;;
PRE;04.10.2022 00:00;;;;;;;;;;;;;;1.8;6.2;6.5;22.3;6;21.6;;;;;;;;;;;;;;21;;
PRE;05.10.2022 00:00;;;;;;;;;;;;;;2.3;8.4;8.3;30.2;8.1;29.2;;;;;;;;;;;;;;238;;
PRE;06.10.2022 00:00;;;;;;;;;;;;;;2.5;7.4;9;26.6;6.9;24.8;;;;;;;;;;;;;;15;;
PRE;07.10.2022 00:00;;;;;;;;;;;;;;1.1;3.8;4;13.7;3.7;13.3;;;;;;;;;;;;;;360;;
PRE;08.10.2022 00:00;;;;;;;;;;;;;;2.4;10.9;8.6;39.2;10.7;38.5;;;;;;;;;;;;;;16;;
PRE;09.10.2022 00:00;;;;;;;;;;;;;;2.9;11.4;10.4;41;10.7;38.5;;;;;;;;;;;;;;15;;
PRE;10.10.2022 00:00;;;;;;;;;;;;;;1.3;4;4.7;14.4;3.9;14;;;;;;;;;;;;;;34;;
PRE;11.10.2022 00:00;;;;;;;;;;;;;;2.3;7.2;8.3;25.9;7;25.2;;;;;;;;;;;;;;11;;
PRE;12.10.2022 00:00;;;;;;;;;;;;;;2.6;6.8;9.4;24.5;6.5;23.4;;;;;;;;;;;;;;360;;
PRE;13.10.2022 00:00;;;;;;;;;;;;;;1.3;5.1;4.7;18.4;5;18;;;;;;;;;;;;;;236;;
PRE;14.10.2022 00:00;;;;;;;;;;;;;;5;10.9;18;39.2;10.6;38.2;;;;;;;;;;;;;;244;;
PRE;15.10.2022 00:00;;;;;;;;;;;;;;3.1;9.7;11.2;34.9;9;32.4;;;;;;;;;;;;;;240;;
PRE;16.10.2022 00:00;;;;;;;;;;;;;;1.2;4.5;4.3;16.2;4.2;15.1;;;;;;;;;;;;;;90;;
PRE;17.10.2022 00:00;;;;;;;;;;;;;;1.1;3.2;4;11.5;3;10.8;;;;;;;;;;;;;;346;;
PRE;18.10.2022 00:00;;;;;;;;;;;;;;1.4;6.2;5;22.3;6.1;22;;;;;;;;;;;;;;22;;
PRE;19.10.2022 00:00;;;;;;;;;;;;;;2.8;9.4;10.1;33.8;9.1;32.8;;;;;;;;;;;;;;14;;
PRE;20.10.2022 00:00;;;;;;;;;;;;;;1.2;5.3;4.3;19.1;5.2;18.7;;;;;;;;;;;;;;297;;
PRE;21.10.2022 00:00;;;;;;;;;;;;;;1.3;6.9;4.7;24.8;6.7;24.1;;;;;;;;;;;;;;270;;
PRE;22.10.2022 00:00;;;;;;;;;;;;;;1.6;4.5;5.8;16.2;4.3;15.5;;;;;;;;;;;;;;233;;
PRE;23.10.2022 00:00;;;;;;;;;;;;;;1.7;14.8;6.1;53.3;13.8;49.7;;;;;;;;;;;;;;252;;
PRE;24.10.2022 00:00;;;;;;;;;;;;;;1.5;9.6;5.4;34.6;9.5;34.2;;;;;;;;;;;;;;297;;
PRE;25.10.2022 00:00;;;;;;;;;;;;;;1.4;4.4;5;15.8;4.3;15.5;;;;;;;;;;;;;;270;;
PRE;26.10.2022 00:00;;;;;;;;;;;;;;1.5;4.9;5.4;17.6;4.8;17.3;;;;;;;;;;;;;;329;;
PRE;27.10.2022 00:00;;;;;;;;;;;;;;1;2.8;3.6;10.1;2.7;9.7;;;;;;;;;;;;;;333;;
PRE;28.10.2022 00:00;;;;;;;;;;;;;;1;2.9;3.6;10.4;2.8;10.1;;;;;;;;;;;;;;307;;
PRE;29.10.2022 00:00;;;;;;;;;;;;;;1.2;3.3;4.3;11.9;3.3;11.9;;;;;;;;;;;;;;315;;
PRE;30.10.2022 00:00;;;;;;;;;;;;;;1;2.7;3.6;9.7;2.6;9.4;;;;;;;;;;;;;;297;;
PRE;31.10.2022 00:00;;;;;;;;;;;;;;1.4;3.9;5;14;3.9;14;;;;;;;;;;;;;;292;;
PRE;01.11.2022 00:00;;;;;;;;;;;;;;2.7;10.5;9.7;37.8;10.1;36.4;;;;;;;;;;;;;;249;;
PRE;02.11.2022 00:00;;;;;;;;;;;;;;1.5;4.3;5.4;15.5;4.2;15.1;;;;;;;;;;;;;;344;;
PRE;03.11.2022 00:00;;;;;;;;;;;;;;2.2;13.7;7.9;49.3;13.2;47.5;;;;;;;;;;;;;;247;;
PRE;04.11.2022 00:00;;;;;;;;;;;;;;3.7;13.1;13.3;47.2;12.9;46.4;;;;;;;;;;;;;;246;;
PRE;05.11.2022 00:00;;;;;;;;;;;;;;2;5.7;7.2;20.5;5.5;19.8;;;;;;;;;;;;;;328;;
PRE;06.11.2022 00:00;;;;;;;;;;;;;;2.6;7.5;9.4;27;7.4;26.6;;;;;;;;;;;;;;292;;
PRE;07.11.2022 00:00;;;;;;;;;;;;;;2.1;7.1;7.6;25.6;7;25.2;;;;;;;;;;;;;;259;;
PRE;08.11.2022 00:00;;;;;;;;;;;;;;1.1;3.9;4;14;3.8;13.7;;;;;;;;;;;;;;315;;
PRE;09.11.2022 00:00;;;;;;;;;;;;;;1.1;6.6;4;23.8;6.5;23.4;;;;;;;;;;;;;;225;;
PRE;10.11.2022 00:00;;;;;;;;;;;;;;3.6;10.3;13;37.1;9.6;34.6;;;;;;;;;;;;;;13;;
PRE;11.11.2022 00:00;;;;;;;;;;;;;;1.3;5.6;4.7;20.2;5.5;19.8;;;;;;;;;;;;;;333;;
PRE;12.11.2022 00:00;;;;;;;;;;;;;;2.6;7.1;9.4;25.6;6.7;24.1;;;;;;;;;;;;;;5;;
PRE;13.11.2022 00:00;;;;;;;;;;;;;;1.9;6.3;6.8;22.7;6.2;22.3;;;;;;;;;;;;;;352;;
PRE;14.11.2022 00:00;;;;;;;;;;;;;;3.1;9.2;11.2;33.1;8.9;32;;;;;;;;;;;;;;229;;
PRE;15.11.2022 00:00;;;;;;;;;;;;;;1.2;5.6;4.3;20.2;5.4;19.4;;;;;;;;;;;;;;360;;
PRE;16.11.2022 00:00;;;;;;;;;;;;;;3.7;11.2;13.3;40.3;11;39.6;;;;;;;;;;;;;;238;;
PRE;17.11.2022 00:00;;;;;;;;;;;;;;6.3;16.2;22.7;58.3;15.2;54.7;;;;;;;;;;;;;;240;;
PRE;18.11.2022 00:00;;;;;;;;;;;;;;3.8;14.9;13.7;53.6;14.1;50.8;;;;;;;;;;;;;;243;;
PRE;19.11.2022 00:00;;;;;;;;;;;;;;2.1;9.1;7.6;32.8;8.6;31;;;;;;;;;;;;;;3;;
PRE;20.11.2022 00:00;;;;;;;;;;;;;;3.9;16.6;14;59.8;16;57.6;;;;;;;;;;;;;;243;;
PRE;21.11.2022 00:00;;;;;;;;;;;;;;3.9;11.4;14;41;10.9;39.2;;;;;;;;;;;;;;247;;
PRE;22.11.2022 00:00;;;;;;;;;;;;;;4.5;12.7;16.2;45.7;12.3;44.3;;;;;;;;;;;;;;244;;
PRE;23.11.2022 00:00;;;;;;;;;;;;;;3.4;11.3;12.2;40.7;10.9;39.2;;;;;;;;;;;;;;247;;
PRE;24.11.2022 00:00;;;;;;;;;;;;;;3.3;9.2;11.9;33.1;8.9;32;;;;;;;;;;;;;;257;;
PRE;25.11.2022 00:00;;;;;;;;;;;;;;1.5;7;5.4;25.2;6.7;24.1;;;;;;;;;;;;;;338;;
PRE;26.11.2022 00:00;;;;;;;;;;;;;;4;9.6;14.4;34.6;9.3;33.5;;;;;;;;;;;;;;15;;
PRE;27.11.2022 00:00;;;;;;;;;;;;;;1.3;5.2;4.7;18.7;5.1;18.4;;;;;;;;;;;;;;320;;
PRE;28.11.2022 00:00;;;;;;;;;;;;;;2.9;9;10.4;32.4;8.7;31.3;;;;;;;;;;;;;;243;;
PRE;29.11.2022 00:00;;;;;;;;;;;;;;2.5;9.8;9;35.3;9.4;33.8;;;;;;;;;;;;;;11;;
PRE;30.11.2022 00:00;;;;;;;;;;;;;;5.1;11.9;18.4;42.8;11.4;41;;;;;;;;;;;;;;28;;
PRE;01.12.2022 00:00;;;;;;;;;;;;;;5.2;12.2;18.7;43.9;11.6;41.8;;;;;;;;;;;;;;18;;
PRE;02.12.2022 00:00;;;;;;;;;;;;;;4;9;14.4;32.4;8.8;31.7;;;;;;;;;;;;;;12;;
PRE;03.12.2022 00:00;;;;;;;;;;;;;;5.5;13.5;19.8;48.6;13.3;47.9;;;;;;;;;;;;;;26;;
PRE;04.12.2022 00:00;;;;;;;;;;;;;;2.9;7.9;10.4;28.4;7.6;27.4;;;;;;;;;;;;;;360;;
PRE;05.12.2022 00:00;;;;;;;;;;;;;;2;6;7.2;21.6;5.8;20.9;;;;;;;;;;;;;;290;;
PRE;06.12.2022 00:00;;;;;;;;;;;;;;2.3;6.8;8.3;24.5;6.7;24.1;;;;;;;;;;;;;;354;;
PRE;07.12.2022 00:00;;;;;;;;;;;;;;3.6;9.8;13;35.3;9.7;34.9;;;;;;;;;;;;;;12;;
PRE;08.12.2022 00:00;;;;;;;;;;;;;;2.1;5.8;7.6;20.9;5.8;20.9;;;;;;;;;;;;;;311;;
PRE;09.12.2022 00:00;;;;;;;;;;;;;;2.2;5;7.9;18;4.8;17.3;;;;;;;;;;;;;;3;;
PRE;10.12.2022 00:00;;;;;;;;;;;;;;3.1;7.9;11.2;28.4;7.6;27.4;;;;;;;;;;;;;;17;;
PRE;11.12.2022 00:00;;;;;;;;;;;;;;4.7;9.4;16.9;33.8;9.2;33.1;;;;;;;;;;;;;;14;;
PRE;12.12.2022 00:00;;;;;;;;;;;;;;4.6;11.9;16.6;42.8;11.5;41.4;;;;;;;;;;;;;;14;;
PRE;13.12.2022 00:00;;;;;;;;;;;;;;4.7;11.6;16.9;41.8;11.1;40;;;;;;;;;;;;;;13;;
PRE;14.12.2022 00:00;;;;;;;;;;;;;;2.5;9;9;32.4;8.4;30.2;;;;;;;;;;;;;;242;;
PRE;15.12.2022 00:00;;;;;;;;;;;;;;4;12.4;14.4;44.6;11.8;42.5;;;;;;;;;;;;;;16;;
PRE;16.12.2022 00:00;;;;;;;;;;;;;;3.8;12.3;13.7;44.3;12.1;43.6;;;;;;;;;;;;;;18;;
PRE;17.12.2022 00:00;;;;;;;;;;;;;;5.3;11.9;19.1;42.8;11.4;41;;;;;;;;;;;;;;19;;
PRE;18.12.2022 00:00;;;;;;;;;;;;;;1.8;5.5;6.5;19.8;5.4;19.4;;;;;;;;;;;;;;333;;
PRE;19.12.2022 00:00;;;;;;;;;;;;;;1.1;2.8;4;10.1;2.8;10.1;;;;;;;;;;;;;;360;;
PRE;20.12.2022 00:00;;;;;;;;;;;;;;1.7;7.5;6.1;27;7.3;26.3;;;;;;;;;;;;;;236;;
PRE;21.12.2022 00:00;;;;;;;;;;;;;;2.7;10.5;9.7;37.8;10.1;36.4;;;;;;;;;;;;;;229;;
PRE;22.12.2022 00:00;;;;;;;;;;;;;;6.2;13.6;22.3;49;13.2;47.5;;;;;;;;;;;;;;245;;
PRE;23.12.2022 00:00;;;;;;;;;;;;;;5.7;15.2;20.5;54.7;14.9;53.6;;;;;;;;;;;;;;247;;
PRE;24.12.2022 00:00;;;;;;;;;;;;;;3.1;10.6;11.2;38.2;10.3;37.1;;;;;;;;;;;;;;283;;
PRE;25.12.2022 00:00;;;;;;;;;;;;;;1.2;5;4.3;18;4.8;17.3;;;;;;;;;;;;;;297;;
PRE;26.12.2022 00:00;;;;;;;;;;;;;;3.5;10.7;12.6;38.5;10.3;37.1;;;;;;;;;;;;;;234;;
PRE;27.12.2022 00:00;;;;;;;;;;;;;;2.2;9.3;7.9;33.5;9.2;33.1;;;;;;;;;;;;;;248;;
PRE;28.12.2022 00:00;;;;;;;;;;;;;;3.3;13.7;11.9;49.3;12.7;45.7;;;;;;;;;;;;;;222;;
PRE;29.12.2022 00:00;;;;;;;;;;;;;;3.7;13.8;13.3;49.7;13.3;47.9;;;;;;;;;;;;;;236;;
PRE;30.12.2022 00:00;;;;;;;;;;;;;;3.8;11.5;13.7;41.4;11.4;41;;;;;;;;;;;;;;239;;
PRE;31.12.2022 00:00;;;;;;;;;;;;;;2.8;11.8;10.1;42.5;11.3;40.7;;;;;;;;;;;;;;221;;
PRE;01.01.2023 00:00;;;;;;;;;;;;;;4.1;10.2;14.8;36.7;9.6;34.6;;;;;;;;;;;;;;228;;
PRE;02.01.2023 00:00;;;;;;;;;;;;;;3.5;10.9;12.6;39.2;10.8;38.9;;;;;;;;;;;;;;238;;
PRE;03.01.2023 00:00;;;;;;;;;;;;;;0.9;3.7;3.2;13.3;3.7;13.3;;;;;;;;;;;;;;346;;
PRE;04.01.2023 00:00;;;;;;;;;;;;;;2.3;7;8.3;25.2;6.8;24.5;;;;;;;;;;;;;;223;;
PRE;05.01.2023 00:00;;;;;;;;;;;;;;2.1;6.9;7.6;24.8;6.8;24.5;;;;;;;;;;;;;;207;;
PRE;06.01.2023 00:00;;;;;;;;;;;;;;0.9;3.4;3.2;12.2;3.2;11.5;;;;;;;;;;;;;;288;;
PRE;07.01.2023 00:00;;;;;;;;;;;;;;2.6;10.8;9.4;38.9;10.4;37.4;;;;;;;;;;;;;;212;;
PRE;08.01.2023 00:00;;;;;;;;;;;;;;2.2;11.6;7.9;41.8;11.4;41;;;;;;;;;;;;;;218;;
PRE;09.01.2023 00:00;;;;;;;;;;;;;;6.3;19.8;22.7;71.3;19.4;69.8;;;;;;;;;;;;;;233;;
PRE;10.01.2023 00:00;;;;;;;;;;;;;;3.5;10.7;12.6;38.5;10;36;;;;;;;;;;;;;;234;;
PRE;11.01.2023 00:00;;;;;;;;;;;;;;2.6;6.8;9.4;24.5;6.8;24.5;;;;;;;;;;;;;;217;;
PRE;12.01.2023 00:00;;;;;;;;;;;;;;5.1;11.2;18.4;40.3;11;39.6;;;;;;;;;;;;;;245;;
PRE;13.01.2023 00:00;;;;;;;;;;;;;;6;13.5;21.6;48.6;13.1;47.2;;;;;;;;;;;;;;244;;
PRE;14.01.2023 00:00;;;;;;;;;;;;;;5.1;12.9;18.4;46.4;12.5;45;;;;;;;;;;;;;;235;;
PRE;15.01.2023 00:00;;;;;;;;;;;;;;6.3;15.1;22.7;54.4;14.7;52.9;;;;;;;;;;;;;;243;;
PRE;16.01.2023 00:00;;;;;;;;;;;;;;7.4;19;26.6;68.4;17.9;64.4;;;;;;;;;;;;;;239;;
PRE;17.01.2023 00:00;;;;;;;;;;;;;;2.7;11.4;9.7;41;11.1;40;;;;;;;;;;;;;;280;;
PRE;18.01.2023 00:00;;;;;;;;;;;;;;2.4;9.5;8.6;34.2;9.3;33.5;;;;;;;;;;;;;;290;;
PRE;19.01.2023 00:00;;;;;;;;;;;;;;2.1;6;7.6;21.6;5.8;20.9;;;;;;;;;;;;;;340;;
PRE;20.01.2023 00:00;;;;;;;;;;;;;;2.1;4.9;7.6;17.6;4.7;16.9;;;;;;;;;;;;;;9;;
PRE;21.01.2023 00:00;;;;;;;;;;;;;;7.9;22.5;28.4;81;21.7;78.1;;;;;;;;;;;;;;35;;
PRE;22.01.2023 00:00;;;;;;;;;;;;;;7.9;18.6;28.4;67;17.7;63.7;;;;;;;;;;;;;;38;;
PRE;23.01.2023 00:00;;;;;;;;;;;;;;8.5;18.6;30.6;67;18;64.8;;;;;;;;;;;;;;37;;
PRE;24.01.2023 00:00;;;;;;;;;;;;;;4.3;12.5;15.5;45;12;43.2;;;;;;;;;;;;;;53;;
PRE;25.01.2023 00:00;;;;;;;;;;;;;;3.1;9.2;11.2;33.1;9;32.4;;;;;;;;;;;;;;42;;
PRE;26.01.2023 00:00;;;;;;;;;;;;;;4.4;13.1;15.8;47.2;12.6;45.4;;;;;;;;;;;;;;52;;
PRE;27.01.2023 00:00;;;;;;;;;;;;;;8;18.2;28.8;65.5;17.3;62.3;;;;;;;;;;;;;;38;;
PRE;28.01.2023 00:00;;;;;;;;;;;;;;8.5;18;30.6;64.8;17.6;63.4;;;;;;;;;;;;;;31;;
PRE;29.01.2023 00:00;;;;;;;;;;;;;;3.4;10.8;12.2;38.9;10.3;37.1;;;;;;;;;;;;;;20;;
PRE;30.01.2023 00:00;;;;;;;;;;;;;;1.8;5.3;6.5;19.1;5.2;18.7;;;;;;;;;;;;;;292;;
PRE;31.01.2023 00:00;;;;;;;;;;;;;;2.4;6.3;8.6;22.7;6.2;22.3;;;;;;;;;;;;;;347;;
PRE;01.02.2023 00:00;;;;;;;;;;;;;;2.1;7.2;7.6;25.9;7.1;25.6;;;;;;;;;;;;;;250;;
PRE;02.02.2023 00:00;;;;;;;;;;;;;;1.7;4.8;6.1;17.3;4.7;16.9;;;;;;;;;;;;;;256;;
PRE;03.02.2023 00:00;;;;;;;;;;;;;;1.7;4.9;6.1;17.6;4.8;17.3;;;;;;;;;;;;;;351;;
PRE;04.02.2023 00:00;;;;;;;;;;;;;;4.4;11.3;15.8;40.7;10.7;38.5;;;;;;;;;;;;;;29;;
PRE;05.02.2023 00:00;;;;;;;;;;;;;;4.3;10.9;15.5;39.2;10.5;37.8;;;;;;;;;;;;;;25;;
PRE;06.02.2023 00:00;;;;;;;;;;;;;;8.1;17.9;29.2;64.4;17.4;62.6;;;;;;;;;;;;;;24;;
PRE;07.02.2023 00:00;;;;;;;;;;;;;;6.1;14.5;22;52.2;13.9;50;;;;;;;;;;;;;;22;;
PRE;08.02.2023 00:00;;;;;;;;;;;;;;3.8;12.8;13.7;46.1;12.3;44.3;;;;;;;;;;;;;;15;;
PRE;09.02.2023 00:00;;;;;;;;;;;;;;1.5;5;5.4;18;4.8;17.3;;;;;;;;;;;;;;319;;
PRE;10.02.2023 00:00;;;;;;;;;;;;;;2.7;7.2;9.7;25.9;6.9;24.8;;;;;;;;;;;;;;16;;
PRE;11.02.2023 00:00;;;;;;;;;;;;;;1.5;5.1;5.4;18.4;5;18;;;;;;;;;;;;;;8;;
PRE;12.02.2023 00:00;;;;;;;;;;;;;;2.6;10.4;9.4;37.4;10;36;;;;;;;;;;;;;;24;;
PRE;13.02.2023 00:00;;;;;;;;;;;;;;1.4;5.3;5;19.1;5.2;18.7;;;;;;;;;;;;;;346;;
PRE;14.02.2023 00:00;;;;;;;;;;;;;;1.4;3.3;5;11.9;3.3;11.9;;;;;;;;;;;;;;329;;
PRE;15.02.2023 00:00;;;;;;;;;;;;;;1.2;3.1;4.3;11.2;3;10.8;;;;;;;;;;;;;;323;;
PRE;16.02.2023 00:00;;;;;;;;;;;;;;1.2;3.1;4.3;11.2;3;10.8;;;;;;;;;;;;;;346;;
PRE;17.02.2023 00:00;;;;;;;;;;;;;;1.3;4.7;4.7;16.9;4.6;16.6;;;;;;;;;;;;;;225;;
PRE;18.02.2023 00:00;;;;;;;;;;;;;;1.3;3.9;4.7;14;3.7;13.3;;;;;;;;;;;;;;34;;
PRE;19.02.2023 00:00;;;;;;;;;;;;;;1.9;6.5;6.8;23.4;6.3;22.7;;;;;;;;;;;;;;56;;
PRE;20.02.2023 00:00;;;;;;;;;;;;;;2.3;6.9;8.3;24.8;6.9;24.8;;;;;;;;;;;;;;17;;
PRE;21.02.2023 00:00;;;;;;;;;;;;;;1.4;3;5;10.8;3;10.8;;;;;;;;;;;;;;333;;
PRE;22.02.2023 00:00;;;;;;;;;;;;;;1.6;8.7;5.8;31.3;8.6;31;;;;;;;;;;;;;;248;;
PRE;23.02.2023 00:00;;;;;;;;;;;;;;1.7;6.1;6.1;22;6;21.6;;;;;;;;;;;;;;30;;
PRE;24.02.2023 00:00;;;;;;;;;;;;;;1.7;7.9;6.1;28.4;7.7;27.7;;;;;;;;;;;;;;239;;
PRE;25.02.2023 00:00;;;;;;;;;;;;;;5.1;14.7;18.4;52.9;14.1;50.8;;;;;;;;;;;;;;28;;
PRE;26.02.2023 00:00;;;;;;;;;;;;;;13;28;46.8;100.8;26.2;94.3;;;;;;;;;;;;;;34;;
PRE;27.02.2023 00:00;;;;;;;;;;;;;;9.1;20.7;32.8;74.5;20;72;;;;;;;;;;;;;;25;;
PRE;28.02.2023 00:00;;;;;;;;;;;;;;6.3;13.7;22.7;49.3;12.3;44.3;;;;;;;;;;;;;;21;;
PRE;01.03.2023 00:00;;;;;;;;;;;;;;5.3;11.2;19.1;40.3;10.9;39.2;;;;;;;;;;;;;;26;;
PRE;02.03.2023 00:00;;;;;;;;;;;;;;2.3;7.7;8.3;27.7;7.4;26.6;;;;;;;;;;;;;;17;;
PRE;03.03.2023 00:00;;;;;;;;;;;;;;3.1;8.4;11.2;30.2;8.3;29.9;;;;;;;;;;;;;;16;;
PRE;04.03.2023 00:00;;;;;;;;;;;;;;2.5;7.9;9;28.4;7.4;26.6;;;;;;;;;;;;;;37;;
PRE;05.03.2023 00:00;;;;;;;;;;;;;;3.5;11.1;12.6;40;11;39.6;;;;;;;;;;;;;;18;;
PRE;06.03.2023 00:00;;;;;;;;;;;;;;2.5;11.6;9;41.8;11.4;41;;;;;;;;;;;;;;266;;
PRE;07.03.2023 00:00;;;;;;;;;;;;;;4.4;15.7;15.8;56.5;15.3;55.1;;;;;;;;;;;;;;232;;
PRE;08.03.2023 00:00;;;;;;;;;;;;;;7.3;14.7;26.3;52.9;14.1;50.8;;;;;;;;;;;;;;243;;
PRE;09.03.2023 00:00;;;;;;;;;;;;;;7.2;19;25.9;68.4;18;64.8;;;;;;;;;;;;;;236;;
PRE;10.03.2023 00:00;;;;;;;;;;;;;;8.8;21.8;31.7;78.5;20.9;75.2;;;;;;;;;;;;;;229;;
PRE;11.03.2023 00:00;;;;;;;;;;;;;;2.9;9.9;10.4;35.6;9.8;35.3;;;;;;;;;;;;;;351;;
PRE;12.03.2023 00:00;;;;;;;;;;;;;;3.5;11.4;12.6;41;10.9;39.2;;;;;;;;;;;;;;233;;
PRE;13.03.2023 00:00;;;;;;;;;;;;;;4.7;18.8;16.9;67.7;18.1;65.2;;;;;;;;;;;;;;212;;
PRE;14.03.2023 00:00;;;;;;;;;;;;;;6;17.3;21.6;62.3;16.4;59;;;;;;;;;;;;;;239;;
PRE;15.03.2023 00:00;;;;;;;;;;;;;;2.1;10.3;7.6;37.1;10.2;36.7;;;;;;;;;;;;;;27;;
PRE;16.03.2023 00:00;;;;;;;;;;;;;;2.1;5.9;7.6;21.2;5.6;20.2;;;;;;;;;;;;;;22;;
PRE;17.03.2023 00:00;;;;;;;;;;;;;;2.3;9.6;8.3;34.6;9.2;33.1;;;;;;;;;;;;;;225;;
PRE;18.03.2023 00:00;;;;;;;;;;;;;;2.2;8.4;7.9;30.2;8.2;29.5;;;;;;;;;;;;;;234;;
PRE;19.03.2023 00:00;;;;;;;;;;;;;;3;10.1;10.8;36.4;9.9;35.6;;;;;;;;;;;;;;239;;
PRE;20.03.2023 00:00;;;;;;;;;;;;;;1.8;5.8;6.5;20.9;5.6;20.2;;;;;;;;;;;;;;256;;
PRE;21.03.2023 00:00;;;;;;;;;;;;;;1.3;3.4;4.7;12.2;3.3;11.9;;;;;;;;;;;;;;333;;
PRE;22.03.2023 00:00;;;;;;;;;;;;;;1.6;6.2;5.8;22.3;5.9;21.2;;;;;;;;;;;;;;297;;
PRE;23.03.2023 00:00;;;;;;;;;;;;;;4.1;15.7;14.8;56.5;15.6;56.2;;;;;;;;;;;;;;238;;
PRE;24.03.2023 00:00;;;;;;;;;;;;;;4.8;13.6;17.3;49;13;46.8;;;;;;;;;;;;;;236;;
PRE;25.03.2023 00:00;;;;;;;;;;;;;;5.7;17.7;20.5;63.7;17.3;62.3;;;;;;;;;;;;;;238;;
PRE;26.03.2023 00:00;;;;;;;;;;;;;;5.2;22.3;18.7;80.3;22.1;79.6;;;;;;;;;;;;;;237;;
PRE;27.03.2023 00:00;;;;;;;;;;;;;;3.4;12.8;12.2;46.1;12.8;46.1;;;;;;;;;;;;;;335;;
PRE;28.03.2023 00:00;;;;;;;;;;;;;;2;6.4;7.2;23;6.2;22.3;;;;;;;;;;;;;;51;;
PRE;29.03.2023 00:00;;;;;;;;;;;;;;1.8;6.3;6.5;22.7;5.9;21.2;;;;;;;;;;;;;;77;;
PRE;30.03.2023 00:00;;;;;;;;;;;;;;4.6;15.5;16.6;55.8;14.2;51.1;;;;;;;;;;;;;;240;;
PRE;31.03.2023 00:00;;;;;;;;;;;;;;7.7;29.8;27.7;107.3;29.5;106.2;;;;;;;;;;;;;;237;;
PRE;01.04.2023 00:00;;;;;;;;;;;;;;6.1;16.2;22;58.3;15.5;55.8;;;;;;;;;;;;;;235;;
PRE;02.04.2023 00:00;;;;;;;;;;;;;;2.3;7.3;8.3;26.3;7.2;25.9;;;;;;;;;;;;;;236;;
PRE;03.04.2023 00:00;;;;;;;;;;;;;;8;18.5;28.8;66.6;18.3;65.9;;;;;;;;;;;;;;32;;
PRE;04.04.2023 00:00;;;;;;;;;;;;;;8.8;20.9;31.7;75.2;19.4;69.8;;;;;;;;;;;;;;27;;
PRE;05.04.2023 00:00;;;;;;;;;;;;;;3.6;12.9;13;46.4;12.5;45;;;;;;;;;;;;;;12;;
PRE;06.04.2023 00:00;;;;;;;;;;;;;;1.6;4.6;5.8;16.6;4.5;16.2;;;;;;;;;;;;;;252;;
PRE;07.04.2023 00:00;;;;;;;;;;;;;;2.8;9.3;10.1;33.5;9.2;33.1;;;;;;;;;;;;;;220;;
PRE;08.04.2023 00:00;;;;;;;;;;;;;;5.3;12.8;19.1;46.1;12.4;44.6;;;;;;;;;;;;;;27;;
PRE;09.04.2023 00:00;;;;;;;;;;;;;;4.4;11;15.8;39.6;10.6;38.2;;;;;;;;;;;;;;23;;
PRE;10.04.2023 00:00;;;;;;;;;;;;;;1.5;7.3;5.4;26.3;7.1;25.6;;;;;;;;;;;;;;180;;
PRE;11.04.2023 00:00;;;;;;;;;;;;;;4.2;11.6;15.1;41.8;11.1;40;;;;;;;;;;;;;;235;;
PRE;12.04.2023 00:00;;;;;;;;;;;;;;4.7;14.8;16.9;53.3;14;50.4;;;;;;;;;;;;;;234;;
PRE;13.04.2023 00:00;;;;;;;;;;;;;;3.6;11.6;13;41.8;11.1;40;;;;;;;;;;;;;;235;;
PRE;14.04.2023 00:00;;;;;;;;;;;;;;1.9;8.8;6.8;31.7;8.7;31.3;;;;;;;;;;;;;;214;;
PRE;15.04.2023 00:00;;;;;;;;;;;;;;3.7;11.1;13.3;40;10.6;38.2;;;;;;;;;;;;;;231;;
PRE;16.04.2023 00:00;;;;;;;;;;;;;;2.3;11.9;8.3;42.8;11.7;42.1;;;;;;;;;;;;;;25;;
PRE;17.04.2023 00:00;;;;;;;;;;;;;;7;16.4;25.2;59;15.8;56.9;;;;;;;;;;;;;;24;;
PRE;18.04.2023 00:00;;;;;;;;;;;;;;4.8;12;17.3;43.2;11.6;41.8;;;;;;;;;;;;;;24;;
PRE;19.04.2023 00:00;;;;;;;;;;;;;;3.8;11.8;13.7;42.5;11.6;41.8;;;;;;;;;;;;;;13;;
PRE;20.04.2023 00:00;;;;;;;;;;;;;;3.8;12.8;13.7;46.1;12.6;45.4;;;;;;;;;;;;;;15;;
PRE;21.04.2023 00:00;;;;;;;;;;;;;;2.2;8.4;7.9;30.2;8.2;29.5;;;;;;;;;;;;;;8;;
PRE;22.04.2023 00:00;;;;;;;;;;;;;;1.5;7.6;5.4;27.4;7.4;26.6;;;;;;;;;;;;;;256;;
PRE;23.04.2023 00:00;;;;;;;;;;;;;;4.1;20.2;14.8;72.7;19.5;70.2;;;;;;;;;;;;;;240;;
PRE;24.04.2023 00:00;;;;;;;;;;;;;;4.5;12.2;16.2;43.9;11.7;42.1;;;;;;;;;;;;;;245;;
PRE;25.04.2023 00:00;;;;;;;;;;;;;;2.8;11.8;10.1;42.5;11.6;41.8;;;;;;;;;;;;;;238;;
PRE;26.04.2023 00:00;;;;;;;;;;;;;;1.7;5.5;6.1;19.8;5.3;19.1;;;;;;;;;;;;;;51;;
PRE;27.04.2023 00:00;;;;;;;;;;;;;;1.4;3.7;5;13.3;3.6;13;;;;;;;;;;;;;;90;;
PRE;28.04.2023 00:00;;;;;;;;;;;;;;4;13.1;14.4;47.2;12.6;45.4;;;;;;;;;;;;;;238;;
PRE;29.04.2023 00:00;;;;;;;;;;;;;;2.2;8.7;7.9;31.3;8.5;30.6;;;;;;;;;;;;;;45;;
PRE;30.04.2023 00:00;;;;;;;;;;;;;;3.4;11.2;12.2;40.3;10.7;38.5;;;;;;;;;;;;;;20;;
PRE;01.05.2023 00:00;;;;;;;;;;;;;;1.7;8.1;6.1;29.2;8;28.8;;;;;;;;;;;;;;54;;
PRE;02.05.2023 00:00;;;;;;;;;;;;;;5.4;12.7;19.4;45.7;12.3;44.3;;;;;;;;;;;;;;26;;
PRE;03.05.2023 00:00;;;;;;;;;;;;;;5.7;12.9;20.5;46.4;12.3;44.3;;;;;;;;;;;;;;16;;
PRE;04.05.2023 00:00;;;;;;;;;;;;;;1.7;7.2;6.1;25.9;7.1;25.6;;;;;;;;;;;;;;153;;
PRE;05.05.2023 00:00;;;;;;;;;;;;;;1.8;9.7;6.5;34.9;9.3;33.5;;;;;;;;;;;;;;240;;
PRE;06.05.2023 00:00;;;;;;;;;;;;;;2.4;6.3;8.6;22.7;6.3;22.7;;;;;;;;;;;;;;20;;
PRE;07.05.2023 00:00;;;;;;;;;;;;;;1.5;6.5;5.4;23.4;6.4;23;;;;;;;;;;;;;;211;;
PRE;08.05.2023 00:00;;;;;;;;;;;;;;1.7;6;6.1;21.6;5.8;20.9;;;;;;;;;;;;;;45;;
PRE;09.05.2023 00:00;;;;;;;;;;;;;;2.9;10.3;10.4;37.1;9.6;34.6;;;;;;;;;;;;;;233;;
PRE;10.05.2023 00:00;;;;;;;;;;;;;;4.1;10.9;14.8;39.2;10.4;37.4;;;;;;;;;;;;;;243;;
PRE;11.05.2023 00:00;;;;;;;;;;;;;;2;9.9;7.2;35.6;9.4;33.8;;;;;;;;;;;;;;360;;
PRE;12.05.2023 00:00;;;;;;;;;;;;;;4.3;11.6;15.5;41.8;11.1;40;;;;;;;;;;;;;;25;;
PRE;13.05.2023 00:00;;;;;;;;;;;;;;2.6;8.8;9.4;31.7;8.7;31.3;;;;;;;;;;;;;;8;;
PRE;14.05.2023 00:00;;;;;;;;;;;;;;2.8;10.5;10.1;37.8;10;36;;;;;;;;;;;;;;28;;
PRE;15.05.2023 00:00;;;;;;;;;;;;;;2.2;8.6;7.9;31;8.4;30.2;;;;;;;;;;;;;;35;;
PRE;16.05.2023 00:00;;;;;;;;;;;;;;5.9;16;21.2;57.6;15.2;54.7;;;;;;;;;;;;;;31;;
PRE;17.05.2023 00:00;;;;;;;;;;;;;;9.7;22.8;34.9;82.1;20.6;74.2;;;;;;;;;;;;;;42;;
PRE;18.05.2023 00:00;;;;;;;;;;;;;;5.4;11.3;19.4;40.7;11.1;40;;;;;;;;;;;;;;25;;
PRE;19.05.2023 00:00;;;;;;;;;;;;;;5;12.4;18;44.6;11.8;42.5;;;;;;;;;;;;;;31;;
PRE;20.05.2023 00:00;;;;;;;;;;;;;;4.3;12;15.5;43.2;11;39.6;;;;;;;;;;;;;;28;;
PRE;21.05.2023 00:00;;;;;;;;;;;;;;1.5;5.7;5.4;20.5;5.6;20.2;;;;;;;;;;;;;;225;;
PRE;22.05.2023 00:00;;;;;;;;;;;;;;1.8;11.3;6.5;40.7;11.1;40;;;;;;;;;;;;;;270;;
PRE;23.05.2023 00:00;;;;;;;;;;;;;;3.8;12.3;13.7;44.3;11.5;41.4;;;;;;;;;;;;;;15;;
PRE;24.05.2023 00:00;;;;;;;;;;;;;;5.5;12.1;19.8;43.6;11.6;41.8;;;;;;;;;;;;;;27;;
PRE;25.05.2023 00:00;;;;;;;;;;;;;;4.9;12.6;17.6;45.4;12.3;44.3;;;;;;;;;;;;;;27;;
PRE;26.05.2023 00:00;;;;;;;;;;;;;;2.5;9.9;9;35.6;9.7;34.9;;;;;;;;;;;;;;23;;
PRE;27.05.2023 00:00;;;;;;;;;;;;;;4;9.6;14.4;34.6;9.4;33.8;;;;;;;;;;;;;;19;;
PRE;28.05.2023 00:00;;;;;;;;;;;;;;3.7;9.4;13.3;33.8;9;32.4;;;;;;;;;;;;;;21;;
PRE;29.05.2023 00:00;;;;;;;;;;;;;;5.8;12.8;20.9;46.1;12.3;44.3;;;;;;;;;;;;;;21;;
PRE;30.05.2023 00:00;;;;;;;;;;;;;;5.7;12.3;20.5;44.3;12;43.2;;;;;;;;;;;;;;23;;
PRE;31.05.2023 00:00;;;;;;;;;;;;;;3.4;12;12.2;43.2;11.6;41.8;;;;;;;;;;;;;;25;;
PRE;01.06.2023 00:00;;;;;;;;;;;;;;2.1;7;7.6;25.2;6.6;23.8;;;;;;;;;;;;;;63;;
PRE;02.06.2023 00:00;;;;;;;;;;;;;;2.8;11.1;10.1;40;10.7;38.5;;;;;;;;;;;;;;18;;
PRE;03.06.2023 00:00;;;;;;;;;;;;;;2;6.4;7.2;23;6.1;22;;;;;;;;;;;;;;198;;
PRE;04.06.2023 00:00;;;;;;;;;;;;;;2.5;12.3;9;44.3;12;43.2;;;;;;;;;;;;;;90;;
PRE;05.06.2023 00:00;;;;;;;;;;;;;;3.2;12.4;11.5;44.6;11.9;42.8;;;;;;;;;;;;;;33;;
PRE;06.06.2023 00:00;;;;;;;;;;;;;;2.4;7.9;8.6;28.4;7.5;27;;;;;;;;;;;;;;34;;
PRE;07.06.2023 00:00;;;;;;;;;;;;;;2.7;8.4;9.7;30.2;8.1;29.2;;;;;;;;;;;;;;9;;
PRE;08.06.2023 00:00;;;;;;;;;;;;;;2.1;6.2;7.6;22.3;5.9;21.2;;;;;;;;;;;;;;315;;
PRE;09.06.2023 00:00;;;;;;;;;;;;;;3.3;8.6;11.9;31;8.5;30.6;;;;;;;;;;;;;;264;;
PRE;10.06.2023 00:00;;;;;;;;;;;;;;1.5;6.3;5.4;22.7;6.2;22.3;;;;;;;;;;;;;;211;;
PRE;11.06.2023 00:00;;;;;;;;;;;;;;2.6;8.9;9.4;32;8.7;31.3;;;;;;;;;;;;;;348;;
PRE;12.06.2023 00:00;;;;;;;;;;;;;;2.8;10.2;10.1;36.7;9.8;35.3;;;;;;;;;;;;;;54;;
PRE;13.06.2023 00:00;;;;;;;;;;;;;;3.3;9;11.9;32.4;8.6;31;;;;;;;;;;;;;;41;;
PRE;14.06.2023 00:00;;;;;;;;;;;;;;4.3;10.4;15.5;37.4;9.9;35.6;;;;;;;;;;;;;;29;;
PRE;15.06.2023 00:00;;;;;;;;;;;;;;2.3;6.1;8.3;22;5.9;21.2;;;;;;;;;;;;;;288;;
PRE;16.06.2023 00:00;;;;;;;;;;;;;;2.1;5.4;7.6;19.4;5.2;18.7;;;;;;;;;;;;;;262;;
PRE;17.06.2023 00:00;;;;;;;;;;;;;;1.7;4.6;6.1;16.6;4.5;16.2;;;;;;;;;;;;;;270;;
PRE;18.06.2023 00:00;;;;;;;;;;;;;;3;10.1;10.8;36.4;9.9;35.6;;;;;;;;;;;;;;229;;
PRE;19.06.2023 00:00;;;;;;;;;;;;;;2.3;8.3;8.3;29.9;8;28.8;;;;;;;;;;;;;;173;;
PRE;20.06.2023 00:00;;;;;;;;;;;;;;2.2;7;7.9;25.2;6.8;24.5;;;;;;;;;;;;;;30;;
PRE;21.06.2023 00:00;;;;;;;;;;;;;;2.4;11.4;8.6;41;10.9;39.2;;;;;;;;;;;;;;27;;
PRE;22.06.2023 00:00;;;;;;;;;;;;;;3.5;37.5;12.6;135;34.7;124.9;;;;;;;;;;;;;;240;;
PRE;23.06.2023 00:00;;;;;;;;;;;;;;2.9;8.2;10.4;29.5;8;28.8;;;;;;;;;;;;;;42;;
PRE;24.06.2023 00:00;;;;;;;;;;;;;;7.1;17.2;25.6;61.9;16.8;60.5;;;;;;;;;;;;;;22;;
PRE;25.06.2023 00:00;;;;;;;;;;;;;;2.1;7.4;7.6;26.6;7.3;26.3;;;;;;;;;;;;;;63;;
PRE;26.06.2023 00:00;;;;;;;;;;;;;;2.1;10.7;7.6;38.5;10.3;37.1;;;;;;;;;;;;;;286;;
PRE;27.06.2023 00:00;;;;;;;;;;;;;;3.8;9.4;13.7;33.8;9.3;33.5;;;;;;;;;;;;;;37;;
PRE;28.06.2023 00:00;;;;;;;;;;;;;;4.2;10.7;15.1;38.5;10.6;38.2;;;;;;;;;;;;;;36;;
PRE;29.06.2023 00:00;;;;;;;;;;;;;;3.3;12.3;11.9;44.3;11.9;42.8;;;;;;;;;;;;;;78;;
PRE;30.06.2023 00:00;;;;;;;;;;;;;;3.2;12.6;11.5;45.4;12.3;44.3;;;;;;;;;;;;;;240;;
PRE;01.07.2023 00:00;;;;;;;;;;;;;;4.6;11.8;16.6;42.5;11.5;41.4;;;;;;;;;;;;;;236;;
PRE;02.07.2023 00:00;;;;;;;;;;;;;;3.4;10.1;12.2;36.4;9.8;35.3;;;;;;;;;;;;;;249;;
PRE;03.07.2023 00:00;;;;;;;;;;;;;;3.7;10.9;13.3;39.2;10.5;37.8;;;;;;;;;;;;;;235;;
PRE;04.07.2023 00:00;;;;;;;;;;;;;;2.8;10.2;10.1;36.7;9.7;34.9;;;;;;;;;;;;;;233;;
PRE;05.07.2023 00:00;;;;;;;;;;;;;;3.4;12.5;12.2;45;12.1;43.6;;;;;;;;;;;;;;243;;
PRE;06.07.2023 00:00;;;;;;;;;;;;;;2.6;6.2;9.4;22.3;5.9;21.2;;;;;;;;;;;;;;36;;
PRE;07.07.2023 00:00;;;;;;;;;;;;;;2;5.3;7.2;19.1;5.2;18.7;;;;;;;;;;;;;;14;;
PRE;08.07.2023 00:00;;;;;;;;;;;;;;3.5;15.2;12.6;54.7;14.5;52.2;;;;;;;;;;;;;;19;;
PRE;09.07.2023 00:00;;;;;;;;;;;;;;1.7;4.5;6.1;16.2;4.4;15.8;;;;;;;;;;;;;;315;;
PRE;10.07.2023 00:00;;;;;;;;;;;;;;1.8;6.1;6.5;22;5.9;21.2;;;;;;;;;;;;;;270;;
PRE;11.07.2023 00:00;;;;;;;;;;;;;;2.3;17.9;8.3;64.4;15.2;54.7;;;;;;;;;;;;;;90;;
PRE;12.07.2023 00:00;;;;;;;;;;;;;;2.9;15.1;10.4;54.4;14.1;50.8;;;;;;;;;;;;;;249;;
PRE;13.07.2023 00:00;;;;;;;;;;;;;;2.3;5.6;8.3;20.2;5.6;20.2;;;;;;;;;;;;;;60;;
PRE;14.07.2023 00:00;;;;;;;;;;;;;;2.7;9.3;9.7;33.5;8.8;31.7;;;;;;;;;;;;;;72;;
PRE;15.07.2023 00:00;;;;;;;;;;;;;;3.6;17.3;13;62.3;16.7;60.1;;;;;;;;;;;;;;233;;
PRE;16.07.2023 00:00;;;;;;;;;;;;;;2.3;6.8;8.3;24.5;6.5;23.4;;;;;;;;;;;;;;76;;
PRE;17.07.2023 00:00;;;;;;;;;;;;;;2.4;7;8.6;25.2;6.8;24.5;;;;;;;;;;;;;;45;;
PRE;18.07.2023 00:00;;;;;;;;;;;;;;2.8;10.3;10.1;37.1;10;36;;;;;;;;;;;;;;33;;
PRE;19.07.2023 00:00;;;;;;;;;;;;;;3.9;11.4;14;41;11.2;40.3;;;;;;;;;;;;;;249;;
PRE;20.07.2023 00:00;;;;;;;;;;;;;;2.1;6.2;7.6;22.3;6;21.6;;;;;;;;;;;;;;63;;
PRE;21.07.2023 00:00;;;;;;;;;;;;;;2.9;11.1;10.4;40;10.4;37.4;;;;;;;;;;;;;;350;;
PRE;22.07.2023 00:00;;;;;;;;;;;;;;2.7;8.7;9.7;31.3;8.4;30.2;;;;;;;;;;;;;;240;;
PRE;23.07.2023 00:00;;;;;;;;;;;;;;4;12.3;14.4;44.3;12;43.2;;;;;;;;;;;;;;233;;
PRE;24.07.2023 00:00;;;;;;;;;;;;;;3.4;23.7;12.2;85.3;22.3;80.3;;;;;;;;;;;;;;235;;
PRE;25.07.2023 00:00;;;;;;;;;;;;;;4.9;15.4;17.6;55.4;15.2;54.7;;;;;;;;;;;;;;239;;
PRE;26.07.2023 00:00;;;;;;;;;;;;;;2.3;6.3;8.3;22.7;6.3;22.7;;;;;;;;;;;;;;240;;
PRE;27.07.2023 00:00;;;;;;;;;;;;;;2.9;10.4;10.4;37.4;10.2;36.7;;;;;;;;;;;;;;229;;
PRE;28.07.2023 00:00;;;;;;;;;;;;;;4.6;13.2;16.6;47.5;12.8;46.1;;;;;;;;;;;;;;234;;
PRE;29.07.2023 00:00;;;;;;;;;;;;;;2.9;9.8;10.4;35.3;9.7;34.9;;;;;;;;;;;;;;243;;
PRE;30.07.2023 00:00;;;;;;;;;;;;;;3.9;11.8;14;42.5;11.3;40.7;;;;;;;;;;;;;;252;;
PRE;31.07.2023 00:00;;;;;;;;;;;;;;2.2;8;7.9;28.8;7.6;27.4;;;;;;;;;;;;;;234;;
PRE;01.08.2023 00:00;;;;;;;;;;;;;;5;18.9;18;68;17.4;62.6;;;;;;;;;;;;;;240;;
PRE;02.08.2023 00:00;;;;;;;;;;;;;;8.7;21.4;31.3;77;21.3;76.7;;;;;;;;;;;;;;234;;
PRE;03.08.2023 00:00;;;;;;;;;;;;;;5.7;13.8;20.5;49.7;13.4;48.2;;;;;;;;;;;;;;238;;
PRE;04.08.2023 00:00;;;;;;;;;;;;;;4;10.4;14.4;37.4;10.1;36.4;;;;;;;;;;;;;;283;;
PRE;05.08.2023 00:00;;;;;;;;;;;;;;2.9;12;10.4;43.2;11.5;41.4;;;;;;;;;;;;;;238;;
PRE;06.08.2023 00:00;;;;;;;;;;;;;;5.2;14.3;18.7;51.5;14.1;50.8;;;;;;;;;;;;;;232;;
PRE;07.08.2023 00:00;;;;;;;;;;;;;;2.1;6.4;7.6;23;6.3;22.7;;;;;;;;;;;;;;14;;
PRE;08.08.2023 00:00;;;;;;;;;;;;;;2;5.4;7.2;19.4;5.3;19.1;;;;;;;;;;;;;;45;;
PRE;09.08.2023 00:00;;;;;;;;;;;;;;2.2;6.4;7.9;23;6.3;22.7;;;;;;;;;;;;;;333;;
PRE;10.08.2023 00:00;;;;;;;;;;;;;;2.5;6.2;9;22.3;6.1;22;;;;;;;;;;;;;;13;;
PRE;11.08.2023 00:00;;;;;;;;;;;;;;1.7;5.4;6.1;19.4;4.8;17.3;;;;;;;;;;;;;;256;;
PRE;12.08.2023 00:00;;;;;;;;;;;;;;2.2;10.2;7.9;36.7;10;36;;;;;;;;;;;;;;216;;
PRE;13.08.2023 00:00;;;;;;;;;;;;;;2.1;6.9;7.6;24.8;6.7;24.1;;;;;;;;;;;;;;39;;
PRE;14.08.2023 00:00;;;;;;;;;;;;;;2;6.4;7.2;23;6.1;22;;;;;;;;;;;;;;207;;
PRE;15.08.2023 00:00;;;;;;;;;;;;;;3.3;14.2;11.9;51.1;13.6;49;;;;;;;;;;;;;;270;;
PRE;16.08.2023 00:00;;;;;;;;;;;;;;1.9;6.3;6.8;22.7;6.1;22;;;;;;;;;;;;;;0;;
PRE;17.08.2023 00:00;;;;;;;;;;;;;;2.3;6.1;8.3;22;6;21.6;;;;;;;;;;;;;;42;;
PRE;18.08.2023 00:00;;;;;;;;;;;;;;2;4.5;7.2;16.2;4.3;15.5;;;;;;;;;;;;;;45;;
PRE;19.08.2023 00:00;;;;;;;;;;;;;;2;6.5;7.2;23.4;6.3;22.7;;;;;;;;;;;;;;18;;
PRE;20.08.2023 00:00;;;;;;;;;;;;;;1.9;5.6;6.8;20.2;5.5;19.8;;;;;;;;;;;;;;27;;
PRE;21.08.2023 00:00;;;;;;;;;;;;;;1.7;6.2;6.1;22.3;6.1;22;;;;;;;;;;;;;;56;;
PRE;22.08.2023 00:00;;;;;;;;;;;;;;1.6;4.9;5.8;17.6;4.7;16.9;;;;;;;;;;;;;;56;;
PRE;23.08.2023 00:00;;;;;;;;;;;;;;2.9;10.5;10.4;37.8;10.4;37.4;;;;;;;;;;;;;;25;;
PRE;24.08.2023 00:00;;;;;;;;;;;;;;2.5;10.1;9;36.4;10;36;;;;;;;;;;;;;;13;;
PRE;25.08.2023 00:00;;;;;;;;;;;;;;3.1;13.8;11.2;49.7;13.2;47.5;;;;;;;;;;;;;;308;;
PRE;26.08.2023 00:00;;;;;;;;;;;;;;3;9.8;10.8;35.3;9.4;33.8;;;;;;;;;;;;;;256;;
PRE;27.08.2023 00:00;;;;;;;;;;;;;;2;6.3;7.2;22.7;6.1;22;;;;;;;;;;;;;;30;;
PRE;28.08.2023 00:00;;;;;;;;;;;;;;3.6;10.6;13;38.2;9.9;35.6;;;;;;;;;;;;;;32;;
PRE;29.08.2023 00:00;;;;;;;;;;;;;;3.6;8.1;13;29.2;7.7;27.7;;;;;;;;;;;;;;14;;
PRE;30.08.2023 00:00;;;;;;;;;;;;;;2.1;6.9;7.6;24.8;6.7;24.1;;;;;;;;;;;;;;254;;
PRE;31.08.2023 00:00;;;;;;;;;;;;;;3.5;10;12.6;36;9.5;34.2;;;;;;;;;;;;;;235;;
PRE;01.09.2023 00:00;;;;;;;;;;;;;;2.4;9.8;8.6;35.3;9.6;34.6;;;;;;;;;;;;;;235;;
PRE;02.09.2023 00:00;;;;;;;;;;;;;;1.5;4.2;5.4;15.1;4;14.4;;;;;;;;;;;;;;270;;
PRE;03.09.2023 00:00;;;;;;;;;;;;;;4;11.5;14.4;41.4;11.1;40;;;;;;;;;;;;;;21;;
PRE;04.09.2023 00:00;;;;;;;;;;;;;;4.1;10.8;14.8;38.9;10.6;38.2;;;;;;;;;;;;;;21;;
PRE;05.09.2023 00:00;;;;;;;;;;;;;;3;10.6;10.8;38.2;9.9;35.6;;;;;;;;;;;;;;15;;
PRE;06.09.2023 00:00;;;;;;;;;;;;;;1.7;6.2;6.1;22.3;6.1;22;;;;;;;;;;;;;;360;;
PRE;07.09.2023 00:00;;;;;;;;;;;;;;1.4;3.4;5;12.2;3.3;11.9;;;;;;;;;;;;;;56;;
PRE;08.09.2023 00:00;;;;;;;;;;;;;;1.4;4.1;5;14.8;4;14.4;;;;;;;;;;;;;;243;;
PRE;09.09.2023 00:00;;;;;;;;;;;;;;1.5;3.5;5.4;12.6;3.4;12.2;;;;;;;;;;;;;;270;;
PRE;10.09.2023 00:00;;;;;;;;;;;;;;1.4;3.5;5;12.6;3.4;12.2;;;;;;;;;;;;;;304;;
PRE;11.09.2023 00:00;;;;;;;;;;;;;;1.7;4.3;6.1;15.5;4.2;15.1;;;;;;;;;;;;;;326;;
PRE;12.09.2023 00:00;;;;;;;;;;;;;;2.6;10.5;9.4;37.8;10.2;36.7;;;;;;;;;;;;;;231;;
PRE;13.09.2023 00:00;;;;;;;;;;;;;;1.8;8.2;6.5;29.5;8.1;29.2;;;;;;;;;;;;;;288;;
PRE;14.09.2023 00:00;;;;;;;;;;;;;;4.1;9.8;14.8;35.3;9.6;34.6;;;;;;;;;;;;;;28;;
PRE;15.09.2023 00:00;;;;;;;;;;;;;;2.1;6.7;7.6;24.1;6.6;23.8;;;;;;;;;;;;;;38;;
PRE;16.09.2023 00:00;;;;;;;;;;;;;;2.5;8.6;9;31;8.4;30.2;;;;;;;;;;;;;;306;;
PRE;17.09.2023 00:00;;;;;;;;;;;;;;1.4;4.6;5;16.6;4.6;16.6;;;;;;;;;;;;;;297;;
PRE;18.09.2023 00:00;;;;;;;;;;;;;;2.8;11.2;10.1;40.3;10.8;38.9;;;;;;;;;;;;;;236;;
PRE;19.09.2023 00:00;;;;;;;;;;;;;;2.5;7.4;9;26.6;7.1;25.6;;;;;;;;;;;;;;242;;
PRE;20.09.2023 00:00;;;;;;;;;;;;;;1.4;4;5;14.4;3.8;13.7;;;;;;;;;;;;;;315;;
PRE;21.09.2023 00:00;;;;;;;;;;;;;;2.9;13;10.4;46.8;12.6;45.4;;;;;;;;;;;;;;229;;
PRE;22.09.2023 00:00;;;;;;;;;;;;;;5.3;14.3;19.1;51.5;13.7;49.3;;;;;;;;;;;;;;239;;
PRE;23.09.2023 00:00;;;;;;;;;;;;;;1.7;6.1;6.1;22;6;21.6;;;;;;;;;;;;;;281;;
PRE;24.09.2023 00:00;;;;;;;;;;;;;;4.8;11.6;17.3;41.8;11.4;41;;;;;;;;;;;;;;21;;
PRE;25.09.2023 00:00;;;;;;;;;;;;;;2.2;7.1;7.9;25.6;6.9;24.8;;;;;;;;;;;;;;355;;
PRE;26.09.2023 00:00;;;;;;;;;;;;;;1.5;3.5;5.4;12.6;3.4;12.2;;;;;;;;;;;;;;321;;
PRE;27.09.2023 00:00;;;;;;;;;;;;;;1.5;4.4;5.4;15.8;4.3;15.5;;;;;;;;;;;;;;309;;
PRE;28.09.2023 00:00;;;;;;;;;;;;;;1.3;3.5;4.7;12.6;3.4;12.2;;;;;;;;;;;;;;279;;
PRE;29.09.2023 00:00;;;;;;;;;;;;;;1.8;8.5;6.5;30.6;8.3;29.9;;;;;;;;;;;;;;264;;
PRE;30.09.2023 00:00;;;;;;;;;;;;;;1.9;6.4;6.8;23;6.1;22;;;;;;;;;;;;;;6;;
PRE;01.10.2023 00:00;;;;;;;;;;;;;;2.6;6.7;9.4;24.1;6.5;23.4;;;;;;;;;;;;;;360;;
PRE;02.10.2023 00:00;;;;;;;;;;;;;;1.2;4;4.3;14.4;3.9;14;;;;;;;;;;;;;;315;;
PRE;03.10.2023 00:00;;;;;;;;;;;;;;4;14.4;14.4;51.8;14;50.4;;;;;;;;;;;;;;248;;
PRE;04.10.2023 00:00;;;;;;;;;;;;;;4.4;9.9;15.8;35.6;9.7;34.9;;;;;;;;;;;;;;20;;
PRE;05.10.2023 00:00;;;;;;;;;;;;;;1.7;4.9;6.1;17.6;4.7;16.9;;;;;;;;;;;;;;351;;
PRE;06.10.2023 00:00;;;;;;;;;;;;;;2.4;7.2;8.6;25.9;6.7;24.1;;;;;;;;;;;;;;356;;
PRE;07.10.2023 00:00;;;;;;;;;;;;;;1.9;6.6;6.8;23.8;6.4;23;;;;;;;;;;;;;;354;;
PRE;08.10.2023 00:00;;;;;;;;;;;;;;1.2;4.5;4.3;16.2;4.4;15.8;;;;;;;;;;;;;;323;;
PRE;09.10.2023 00:00;;;;;;;;;;;;;;1.5;3.2;5.4;11.5;3.1;11.2;;;;;;;;;;;;;;310;;
PRE;10.10.2023 00:00;;;;;;;;;;;;;;1.4;3.1;5;11.2;3;10.8;;;;;;;;;;;;;;321;;
PRE;11.10.2023 00:00;;;;;;;;;;;;;;1.5;3.3;5.4;11.9;3.2;11.5;;;;;;;;;;;;;;333;;
PRE;12.10.2023 00:00;;;;;;;;;;;;;;1.2;4;4.3;14.4;3.9;14;;;;;;;;;;;;;;315;;
PRE;13.10.2023 00:00;;;;;;;;;;;;;;3.9;13.7;14;49.3;13.1;47.2;;;;;;;;;;;;;;230;;
PRE;14.10.2023 00:00;;;;;;;;;;;;;;5.1;16.6;18.4;59.8;15.8;56.9;;;;;;;;;;;;;;242;;
PRE;15.10.2023 00:00;;;;;;;;;;;;;;4.3;13.3;15.5;47.9;12.9;46.4;;;;;;;;;;;;;;27;;
PRE;16.10.2023 00:00;;;;;;;;;;;;;;5.1;11.7;18.4;42.1;11.3;40.7;;;;;;;;;;;;;;12;;
PRE;17.10.2023 00:00;;;;;;;;;;;;;;3.1;7.4;11.2;26.6;7.2;25.9;;;;;;;;;;;;;;9;;
PRE;18.10.2023 00:00;;;;;;;;;;;;;;2.4;8.1;8.6;29.2;7.9;28.4;;;;;;;;;;;;;;3;;
PRE;19.10.2023 00:00;;;;;;;;;;;;;;1.9;6.9;6.8;24.8;6.8;24.5;;;;;;;;;;;;;;10;;
PRE;20.10.2023 00:00;;;;;;;;;;;;;;6.2;17.3;22.3;62.3;16.3;58.7;;;;;;;;;;;;;;240;;
PRE;21.10.2023 00:00;;;;;;;;;;;;;;4.9;15.6;17.6;56.2;15.5;55.8;;;;;;;;;;;;;;235;;
PRE;22.10.2023 00:00;;;;;;;;;;;;;;2.3;8.2;8.3;29.5;8;28.8;;;;;;;;;;;;;;256;;
PRE;23.10.2023 00:00;;;;;;;;;;;;;;3.4;11.7;12.2;42.1;11.5;41.4;;;;;;;;;;;;;;16;;
PRE;24.10.2023 00:00;;;;;;;;;;;;;;2.4;7.7;8.6;27.7;7.4;26.6;;;;;;;;;;;;;;283;;
PRE;25.10.2023 00:00;;;;;;;;;;;;;;5;15.3;18;55.1;14.6;52.6;;;;;;;;;;;;;;240;;
PRE;26.10.2023 00:00;;;;;;;;;;;;;;3.9;13.7;14;49.3;13.6;49;;;;;;;;;;;;;;241;;
PRE;27.10.2023 00:00;;;;;;;;;;;;;;5.1;14.5;18.4;52.2;14.2;51.1;;;;;;;;;;;;;;241;;
PRE;28.10.2023 00:00;;;;;;;;;;;;;;5.1;15.1;18.4;54.4;14.3;51.5;;;;;;;;;;;;;;243;;
PRE;29.10.2023 00:00;;;;;;;;;;;;;;4;13.4;14.4;48.2;12.5;45;;;;;;;;;;;;;;227;;
PRE;30.10.2023 00:00;;;;;;;;;;;;;;3.2;9.1;11.5;32.8;9;32.4;;;;;;;;;;;;;;273;;
PRE;31.10.2023 00:00;;;;;;;;;;;;;;4.2;16.2;15.1;58.3;15.8;56.9;;;;;;;;;;;;;;242;;
PRE;01.11.2023 00:00;;;;;;;;;;;;;;3.1;12.9;11.2;46.4;12.6;45.4;;;;;;;;;;;;;;252;;
PRE;02.11.2023 00:00;;;;;;;;;;;;;;4.4;15.6;15.8;56.2;15.6;56.2;;;;;;;;;;;;;;232;;
PRE;03.11.2023 00:00;;;;;;;;;;;;;;4.6;13.9;16.6;50;13.2;47.5;;;;;;;;;;;;;;243;;
PRE;04.11.2023 00:00;;;;;;;;;;;;;;5.5;14.5;19.8;52.2;13.7;49.3;;;;;;;;;;;;;;242;;
PRE;05.11.2023 00:00;;;;;;;;;;;;;;7.5;21.7;27;78.1;20.9;75.2;;;;;;;;;;;;;;237;;
PRE;06.11.2023 00:00;;;;;;;;;;;;;;4.7;14.6;16.9;52.6;13.9;50;;;;;;;;;;;;;;243;;
PRE;07.11.2023 00:00;;;;;;;;;;;;;;3.7;12.8;13.3;46.1;12.6;45.4;;;;;;;;;;;;;;244;;
PRE;08.11.2023 00:00;;;;;;;;;;;;;;2.2;7.8;7.9;28.1;7.7;27.7;;;;;;;;;;;;;;237;;
PRE;09.11.2023 00:00;;;;;;;;;;;;;;5.9;12.6;21.2;45.4;12;43.2;;;;;;;;;;;;;;246;;
PRE;10.11.2023 00:00;;;;;;;;;;;;;;5.9;15.1;21.2;54.4;14.8;53.3;;;;;;;;;;;;;;234;;
PRE;11.11.2023 00:00;;;;;;;;;;;;;;4.4;12.7;15.8;45.7;12.4;44.6;;;;;;;;;;;;;;240;;
PRE;12.11.2023 00:00;;;;;;;;;;;;;;4.6;12;16.6;43.2;11.6;41.8;;;;;;;;;;;;;;245;;
PRE;13.11.2023 00:00;;;;;;;;;;;;;;7.1;14.7;25.6;52.9;13.7;49.3;;;;;;;;;;;;;;249;;
PRE;14.11.2023 00:00;;;;;;;;;;;;;;6;22.6;21.6;81.4;22.3;80.3;;;;;;;;;;;;;;241;;
PRE;15.11.2023 00:00;;;;;;;;;;;;;;3.6;10;13;36;9.7;34.9;;;;;;;;;;;;;;243;;
PRE;16.11.2023 00:00;;;;;;;;;;;;;;6.5;23.7;23.4;85.3;22.5;81;;;;;;;;;;;;;;241;;
PRE;17.11.2023 00:00;;;;;;;;;;;;;;4;19.5;14.4;70.2;18.6;67;;;;;;;;;;;;;;249;;
PRE;18.11.2023 00:00;;;;;;;;;;;;;;1;4.7;3.6;16.9;4.6;16.6;;;;;;;;;;;;;;279;;
PRE;19.11.2023 00:00;;;;;;;;;;;;;;2.5;8;9;28.8;7.8;28.1;;;;;;;;;;;;;;237;;
PRE;20.11.2023 00:00;;;;;;;;;;;;;;4.1;11.1;14.8;40;10.9;39.2;;;;;;;;;;;;;;249;;
PRE;21.11.2023 00:00;;;;;;;;;;;;;;2.8;9.3;10.1;33.5;9.2;33.1;;;;;;;;;;;;;;326;;
PRE;22.11.2023 00:00;;;;;;;;;;;;;;7.4;19.9;26.6;71.6;18.6;67;;;;;;;;;;;;;;27;;
PRE;23.11.2023 00:00;;;;;;;;;;;;;;3.5;10.7;12.6;38.5;10.4;37.4;;;;;;;;;;;;;;16;;
PRE;24.11.2023 00:00;;;;;;;;;;;;;;3.3;16.1;11.9;58;15.6;56.2;;;;;;;;;;;;;;285;;
PRE;25.11.2023 00:00;;;;;;;;;;;;;;1.9;8.1;6.8;29.2;7.9;28.4;;;;;;;;;;;;;;9;;
PRE;26.11.2023 00:00;;;;;;;;;;;;;;2.1;6.8;7.6;24.5;6.7;24.1;;;;;;;;;;;;;;6;;
PRE;27.11.2023 00:00;;;;;;;;;;;;;;5.5;14.7;19.8;52.9;14.2;51.1;;;;;;;;;;;;;;242;;
PRE;28.11.2023 00:00;;;;;;;;;;;;;;4.7;14.2;16.9;51.1;13.7;49.3;;;;;;;;;;;;;;255;;
PRE;29.11.2023 00:00;;;;;;;;;;;;;;1.6;5.2;5.8;18.7;5.1;18.4;;;;;;;;;;;;;;280;;
PRE;30.11.2023 00:00;;;;;;;;;;;;;;1.8;6.6;6.5;23.8;6.5;23.4;;;;;;;;;;;;;;349;;
PRE;01.12.2023 00:00;;;;;;;;;;;;;;2.8;8.7;10.1;31.3;8.4;30.2;;;;;;;;;;;;;;23;;
PRE;02.12.2023 00:00;;;;;;;;;;;;;;2;7.1;7.2;25.6;7;25.2;;;;;;;;;;;;;;27;;
PRE;03.12.2023 00:00;;;;;;;;;;;;;;2.6;6.2;9.4;22.3;6.1;22;;;;;;;;;;;;;;5;;
PRE;04.12.2023 00:00;;;;;;;;;;;;;;1.5;7.6;5.4;27.4;7.4;26.6;;;;;;;;;;;;;;319;;
PRE;05.12.2023 00:00;;;;;;;;;;;;;;6.5;16.1;23.4;58;15.7;56.5;;;;;;;;;;;;;;238;;
PRE;06.12.2023 00:00;;;;;;;;;;;;;;2.4;8.1;8.6;29.2;7.5;27;;;;;;;;;;;;;;257;;
PRE;07.12.2023 00:00;;;;;;;;;;;;;;2.1;5.1;7.6;18.4;4.9;17.6;;;;;;;;;;;;;;16;;
PRE;08.12.2023 00:00;;;;;;;;;;;;;;1;4.9;3.6;17.6;4.8;17.3;;;;;;;;;;;;;;217;;
PRE;09.12.2023 00:00;;;;;;;;;;;;;;5.6;19.9;20.2;71.6;19.2;69.1;;;;;;;;;;;;;;240;;
PRE;10.12.2023 00:00;;;;;;;;;;;;;;5.8;14.8;20.9;53.3;14.3;51.5;;;;;;;;;;;;;;242;;
PRE;11.12.2023 00:00;;;;;;;;;;;;;;5.4;17;19.4;61.2;16.3;58.7;;;;;;;;;;;;;;244;;
PRE;12.12.2023 00:00;;;;;;;;;;;;;;3.5;10;12.6;36;9.8;35.3;;;;;;;;;;;;;;237;;
PRE;13.12.2023 00:00;;;;;;;;;;;;;;3.7;13.5;13.3;48.6;13.1;47.2;;;;;;;;;;;;;;239;;
PRE;14.12.2023 00:00;;;;;;;;;;;;;;1.9;7.7;6.8;27.7;7.4;26.6;;;;;;;;;;;;;;265;;
PRE;15.12.2023 00:00;;;;;;;;;;;;;;3.1;8.2;11.2;29.5;7.9;28.4;;;;;;;;;;;;;;33;;
PRE;16.12.2023 00:00;;;;;;;;;;;;;;5.5;13.7;19.8;49.3;13;46.8;;;;;;;;;;;;;;30;;
PRE;17.12.2023 00:00;;;;;;;;;;;;;;2;7.6;7.2;27.4;7.5;27;;;;;;;;;;;;;;350;;
PRE;18.12.2023 00:00;;;;;;;;;;;;;;1.2;3.8;4.3;13.7;3.7;13.3;;;;;;;;;;;;;;324;;
PRE;19.12.2023 00:00;;;;;;;;;;;;;;1.2;5.2;4.3;18.7;5;18;;;;;;;;;;;;;;284;;
PRE;20.12.2023 00:00;;;;;;;;;;;;;;1.8;7.2;6.5;25.9;7.1;25.6;;;;;;;;;;;;;;234;;
PRE;21.12.2023 00:00;;;;;;;;;;;;;;7.4;16.6;26.6;59.8;15.9;57.2;;;;;;;;;;;;;;246;;
PRE;22.12.2023 00:00;;;;;;;;;;;;;;5.9;15.1;21.2;54.4;14.5;52.2;;;;;;;;;;;;;;239;;
PRE;23.12.2023 00:00;;;;;;;;;;;;;;5.4;12.1;19.4;43.6;11.7;42.1;;;;;;;;;;;;;;243;;
PRE;24.12.2023 00:00;;;;;;;;;;;;;;2.9;9.2;10.4;33.1;9.1;32.8;;;;;;;;;;;;;;236;;
PRE;25.12.2023 00:00;;;;;;;;;;;;;;1.6;6.7;5.8;24.1;6.5;23.4;;;;;;;;;;;;;;198;;
PRE;26.12.2023 00:00;;;;;;;;;;;;;;1.5;4.5;5.4;16.2;4.3;15.5;;;;;;;;;;;;;;243;;
PRE;27.12.2023 00:00;;;;;;;;;;;;;;1.5;12.1;5.4;43.6;12;43.2;;;;;;;;;;;;;;257;;
PRE;28.12.2023 00:00;;;;;;;;;;;;;;5.2;11.6;18.7;41.8;10.9;39.2;;;;;;;;;;;;;;234;;
PRE;29.12.2023 00:00;;;;;;;;;;;;;;3.8;10.6;13.7;38.2;10.1;36.4;;;;;;;;;;;;;;231;;
PRE;30.12.2023 00:00;;;;;;;;;;;;;;1.1;8;4;28.8;7.6;27.4;;;;;;;;;;;;;;301;;
PRE;31.12.2023 00:00;;;;;;;;;;;;;;3.6;19.3;13;69.5;18.9;68;;;;;;;;;;;;;;243;;
PRE;01.01.2024 00:00;;;;;;;;;;;;;;5.2;11.4;18.7;41;10.8;38.9;;;;;;;;;;;;;;244;;
PRE;02.01.2024 00:00;;;;;;;;;;;;;;8;14.4;28.8;51.8;13.9;50;;;;;;;;;;;;;;244;;
PRE;03.01.2024 00:00;;;;;;;;;;;;;;8.6;21.1;31;76;20.5;73.8;;;;;;;;;;;;;;238;;
PRE;04.01.2024 00:00;;;;;;;;;;;;;;4;17.3;14.4;62.3;16.3;58.7;;;;;;;;;;;;;;240;;
PRE;05.01.2024 00:00;;;;;;;;;;;;;;1.4;5.4;5;19.4;5.2;18.7;;;;;;;;;;;;;;20;;
PRE;06.01.2024 00:00;;;;;;;;;;;;;;3.5;10.3;12.6;37.1;10.1;36.4;;;;;;;;;;;;;;22;;
PRE;07.01.2024 00:00;;;;;;;;;;;;;;7.1;19.1;25.6;68.8;18.3;65.9;;;;;;;;;;;;;;31;;
PRE;08.01.2024 00:00;;;;;;;;;;;;;;8.2;18.5;29.5;66.6;18;64.8;;;;;;;;;;;;;;27;;
PRE;09.01.2024 00:00;;;;;;;;;;;;;;5;9;18;32.4;8.8;31.7;;;;;;;;;;;;;;9;;
PRE;10.01.2024 00:00;;;;;;;;;;;;;;5.2;11.7;18.7;42.1;11.5;41.4;;;;;;;;;;;;;;17;;
PRE;11.01.2024 00:00;;;;;;;;;;;;;;5.9;11.8;21.2;42.5;11.2;40.3;;;;;;;;;;;;;;30;;
PRE;12.01.2024 00:00;;;;;;;;;;;;;;6.2;12.3;22.3;44.3;12.1;43.6;;;;;;;;;;;;;;29;;
PRE;13.01.2024 00:00;;;;;;;;;;;;;;2.7;11.6;9.7;41.8;11.2;40.3;;;;;;;;;;;;;;353;;
PRE;14.01.2024 00:00;;;;;;;;;;;;;;1.8;5.1;6.5;18.4;5;18;;;;;;;;;;;;;;284;;
PRE;15.01.2024 00:00;;;;;;;;;;;;;;4.3;14.4;15.5;51.8;13.5;48.6;;;;;;;;;;;;;;243;;
PRE;16.01.2024 00:00;;;;;;;;;;;;;;2;5.6;7.2;20.2;5.6;20.2;;;;;;;;;;;;;;352;;
PRE;17.01.2024 00:00;;;;;;;;;;;;;;1.8;8.4;6.5;30.2;8.2;29.5;;;;;;;;;;;;;;128;;
PRE;18.01.2024 00:00;;;;;;;;;;;;;;5.6;15.2;20.2;54.7;14.6;52.6;;;;;;;;;;;;;;247;;
PRE;19.01.2024 00:00;;;;;;;;;;;;;;7.2;16;25.9;57.6;15.4;55.4;;;;;;;;;;;;;;35;;
PRE;20.01.2024 00:00;;;;;;;;;;;;;;5.8;15.3;20.9;55.1;14.9;53.6;;;;;;;;;;;;;;26;;
PRE;21.01.2024 00:00;;;;;;;;;;;;;;1.3;6.3;4.7;22.7;6.2;22.3;;;;;;;;;;;;;;254;;
PRE;22.01.2024 00:00;;;;;;;;;;;;;;5.9;17.3;21.2;62.3;16.7;60.1;;;;;;;;;;;;;;236;;
PRE;23.01.2024 00:00;;;;;;;;;;;;;;3.8;11.7;13.7;42.1;11.4;41;;;;;;;;;;;;;;235;;
PRE;24.01.2024 00:00;;;;;;;;;;;;;;3.9;10.6;14;38.2;10.4;37.4;;;;;;;;;;;;;;228;;
PRE;25.01.2024 00:00;;;;;;;;;;;;;;1.9;7.2;6.8;25.9;6.9;24.8;;;;;;;;;;;;;;228;;
PRE;26.01.2024 00:00;;;;;;;;;;;;;;1.5;5.3;5.4;19.1;5.2;18.7;;;;;;;;;;;;;;256;;
PRE;27.01.2024 00:00;;;;;;;;;;;;;;4;10.6;14.4;38.2;10.2;36.7;;;;;;;;;;;;;;15;;
PRE;28.01.2024 00:00;;;;;;;;;;;;;;0.8;4.2;2.9;15.1;4.1;14.8;;;;;;;;;;;;;;333;;
PRE;29.01.2024 00:00;;;;;;;;;;;;;;1.1;2.6;4;9.4;2.5;9;;;;;;;;;;;;;;329;;
PRE;30.01.2024 00:00;;;;;;;;;;;;;;1.1;3.4;4;12.2;3.2;11.5;;;;;;;;;;;;;;338;;
PRE;31.01.2024 00:00;;;;;;;;;;;;;;1.1;3;4;10.8;2.9;10.4;;;;;;;;;;;;;;307;;
PRE;01.02.2024 00:00;;;;;;;;;;;;;;0.9;3.2;3.2;11.5;3.1;11.2;;;;;;;;;;;;;;342;;
PRE;02.02.2024 00:00;;;;;;;;;;;;;;1.4;3.8;5;13.7;3.7;13.3;;;;;;;;;;;;;;344;;
PRE;03.02.2024 00:00;;;;;;;;;;;;;;1.1;3.5;4;12.6;3.3;11.9;;;;;;;;;;;;;;315;;
PRE;04.02.2024 00:00;;;;;;;;;;;;;;1;3.2;3.6;11.5;3.2;11.5;;;;;;;;;;;;;;284;;
PRE;05.02.2024 00:00;;;;;;;;;;;;;;0.9;3;3.2;10.8;2.9;10.4;;;;;;;;;;;;;;346;;
PRE;06.02.2024 00:00;;;;;;;;;;;;;;2.3;11.3;8.3;40.7;10.9;39.2;;;;;;;;;;;;;;240;;
PRE;07.02.2024 00:00;;;;;;;;;;;;;;5.2;11.2;18.7;40.3;10.7;38.5;;;;;;;;;;;;;;234;;
PRE;08.02.2024 00:00;;;;;;;;;;;;;;3.7;10.9;13.3;39.2;10.6;38.2;;;;;;;;;;;;;;241;;
PRE;09.02.2024 00:00;;;;;;;;;;;;;;2.7;12.6;9.7;45.4;12;43.2;;;;;;;;;;;;;;229;;
PRE;10.02.2024 00:00;;;;;;;;;;;;;;4.6;14.5;16.6;52.2;14.4;51.8;;;;;;;;;;;;;;308;;
PRE;11.02.2024 00:00;;;;;;;;;;;;;;5.2;12.4;18.7;44.6;12.1;43.6;;;;;;;;;;;;;;245;;
PRE;12.02.2024 00:00;;;;;;;;;;;;;;1.7;7.3;6.1;26.3;7;25.2;;;;;;;;;;;;;;247;;
PRE;13.02.2024 00:00;;;;;;;;;;;;;;1.1;4.3;4;15.5;4.1;14.8;;;;;;;;;;;;;;297;;
PRE;14.02.2024 00:00;;;;;;;;;;;;;;0.8;2.9;2.9;10.4;2.9;10.4;;;;;;;;;;;;;;342;;
PRE;15.02.2024 00:00;;;;;;;;;;;;;;0.9;3.3;3.2;11.9;3.2;11.5;;;;;;;;;;;;;;315;;
PRE;16.02.2024 00:00;;;;;;;;;;;;;;1;3;3.6;10.8;2.9;10.4;;;;;;;;;;;;;;37;;
PRE;17.02.2024 00:00;;;;;;;;;;;;;;2.6;9.2;9.4;33.1;8.7;31.3;;;;;;;;;;;;;;13;;
PRE;18.02.2024 00:00;;;;;;;;;;;;;;2.1;8.7;7.6;31.3;8.4;30.2;;;;;;;;;;;;;;326;;
PRE;19.02.2024 00:00;;;;;;;;;;;;;;1.5;7.6;5.4;27.4;7.4;26.6;;;;;;;;;;;;;;231;;
PRE;20.02.2024 00:00;;;;;;;;;;;;;;2.3;7.8;8.3;28.1;7.7;27.7;;;;;;;;;;;;;;22;;
PRE;21.02.2024 00:00;;;;;;;;;;;;;;2.5;13.7;9;49.3;13.5;48.6;;;;;;;;;;;;;;235;;
PRE;22.02.2024 00:00;;;;;;;;;;;;;;7.8;20.1;28.1;72.4;19.2;69.1;;;;;;;;;;;;;;240;;
PRE;23.02.2024 00:00;;;;;;;;;;;;;;4.5;13.6;16.2;49;13.3;47.9;;;;;;;;;;;;;;243;;
PRE;24.02.2024 00:00;;;;;;;;;;;;;;5.6;14.5;20.2;52.2;14.2;51.1;;;;;;;;;;;;;;232;;
PRE;25.02.2024 00:00;;;;;;;;;;;;;;3.5;12;12.6;43.2;11.5;41.4;;;;;;;;;;;;;;229;;
PRE;26.02.2024 00:00;;;;;;;;;;;;;;2.9;10.6;10.4;38.2;10.4;37.4;;;;;;;;;;;;;;339;;
PRE;27.02.2024 00:00;;;;;;;;;;;;;;7.6;19;27.4;68.4;18.1;65.2;;;;;;;;;;;;;;26;;
PRE;28.02.2024 00:00;;;;;;;;;;;;;;6.3;16.2;22.7;58.3;15.4;55.4;;;;;;;;;;;;;;25;;
PRE;29.02.2024 00:00;;;;;;;;;;;;;;1.9;6;6.8;21.6;5.9;21.2;;;;;;;;;;;;;;21;;
PRE;01.03.2024 00:00;;;;;;;;;;;;;;2.1;6.2;7.6;22.3;6;21.6;;;;;;;;;;;;;;229;;
PRE;02.03.2024 00:00;;;;;;;;;;;;;;2.7;8.5;9.7;30.6;8.3;29.9;;;;;;;;;;;;;;13;;
PRE;03.03.2024 00:00;;;;;;;;;;;;;;2.9;9.7;10.4;34.9;9.3;33.5;;;;;;;;;;;;;;217;;
PRE;04.03.2024 00:00;;;;;;;;;;;;;;2;10.3;7.2;37.1;9.9;35.6;;;;;;;;;;;;;;220;;
PRE;05.03.2024 00:00;;;;;;;;;;;;;;4.5;11.4;16.2;41;11.1;40;;;;;;;;;;;;;;237;;
PRE;06.03.2024 00:00;;;;;;;;;;;;;;2.6;10.5;9.4;37.8;10.3;37.1;;;;;;;;;;;;;;329;;
PRE;07.03.2024 00:00;;;;;;;;;;;;;;4;10.3;14.4;37.1;9.9;35.6;;;;;;;;;;;;;;24;;
PRE;08.03.2024 00:00;;;;;;;;;;;;;;3.8;9.7;13.7;34.9;9.5;34.2;;;;;;;;;;;;;;20;;
PRE;09.03.2024 00:00;;;;;;;;;;;;;;2.9;10.5;10.4;37.8;10.1;36.4;;;;;;;;;;;;;;335;;
PRE;10.03.2024 00:00;;;;;;;;;;;;;;3.3;12.6;11.9;45.4;12.5;45;;;;;;;;;;;;;;236;;
PRE;11.03.2024 00:00;;;;;;;;;;;;;;1.9;6.3;6.8;22.7;6.1;22;;;;;;;;;;;;;;265;;
PRE;12.03.2024 00:00;;;;;;;;;;;;;;1.7;7.2;6.1;25.9;6.8;24.5;;;;;;;;;;;;;;218;;
PRE;13.03.2024 00:00;;;;;;;;;;;;;;2.6;6.9;9.4;24.8;6.8;24.5;;;;;;;;;;;;;;6;;
PRE;14.03.2024 00:00;;;;;;;;;;;;;;1.4;8;5;28.8;7.6;27.4;;;;;;;;;;;;;;180;;
PRE;15.03.2024 00:00;;;;;;;;;;;;;;4;14.1;14.4;50.8;13.7;49.3;;;;;;;;;;;;;;238;;
PRE;16.03.2024 00:00;;;;;;;;;;;;;;3.7;10.4;13.3;37.4;10;36;;;;;;;;;;;;;;238;;
PRE;17.03.2024 00:00;;;;;;;;;;;;;;1.1;3.5;4;12.6;3.4;12.2;;;;;;;;;;;;;;270;;
PRE;18.03.2024 00:00;;;;;;;;;;;;;;1.9;7.9;6.8;28.4;7.7;27.7;;;;;;;;;;;;;;45;;
PRE;19.03.2024 00:00;;;;;;;;;;;;;;3;7.6;10.8;27.4;7.4;26.6;;;;;;;;;;;;;;14;;
PRE;20.03.2024 00:00;;;;;;;;;;;;;;1.1;3.2;4;11.5;3.1;11.2;;;;;;;;;;;;;;360;;
PRE;21.03.2024 00:00;;;;;;;;;;;;;;1.8;7.3;6.5;26.3;7.2;25.9;;;;;;;;;;;;;;0;;
PRE;22.03.2024 00:00;;;;;;;;;;;;;;1.3;5.5;4.7;19.8;5.3;19.1;;;;;;;;;;;;;;297;;
PRE;23.03.2024 00:00;;;;;;;;;;;;;;6.9;18.9;24.8;68;18.7;67.3;;;;;;;;;;;;;;247;;
PRE;24.03.2024 00:00;;;;;;;;;;;;;;4.5;15;16.2;54;14.4;51.8;;;;;;;;;;;;;;242;;
PRE;25.03.2024 00:00;;;;;;;;;;;;;;2.8;9.3;10.1;33.5;8.8;31.7;;;;;;;;;;;;;;14;;
PRE;26.03.2024 00:00;;;;;;;;;;;;;;2.1;9;7.6;32.4;8.5;30.6;;;;;;;;;;;;;;255;;
PRE;27.03.2024 00:00;;;;;;;;;;;;;;3.4;13.2;12.2;47.5;12.9;46.4;;;;;;;;;;;;;;234;;
PRE;28.03.2024 00:00;;;;;;;;;;;;;;5.3;17.6;19.1;63.4;16.7;60.1;;;;;;;;;;;;;;237;;
PRE;29.03.2024 00:00;;;;;;;;;;;;;;2.4;9.5;8.6;34.2;9.2;33.1;;;;;;;;;;;;;;6;;
PRE;30.03.2024 00:00;;;;;;;;;;;;;;2.3;8.6;8.3;31;8.4;30.2;;;;;;;;;;;;;;347;;
PRE;31.03.2024 00:00;;;;;;;;;;;;;;2.5;9.8;9;35.3;9.6;34.6;;;;;;;;;;;;;;355;;
PRE;01.04.2024 00:00;;;;;;;;;;;;;;5.9;18.5;21.2;66.6;17.5;63;;;;;;;;;;;;;;229;;
PRE;02.04.2024 00:00;;;;;;;;;;;;;;4.5;11.5;16.2;41.4;10.8;38.9;;;;;;;;;;;;;;244;;
PRE;03.04.2024 00:00;;;;;;;;;;;;;;5;14.5;18;52.2;14.1;50.8;;;;;;;;;;;;;;247;;
PRE;04.04.2024 00:00;;;;;;;;;;;;;;3.7;13.8;13.3;49.7;13.4;48.2;;;;;;;;;;;;;;232;;
PRE;05.04.2024 00:00;;;;;;;;;;;;;;4.2;14;15.1;50.4;13.2;47.5;;;;;;;;;;;;;;233;;
PRE;06.04.2024 00:00;;;;;;;;;;;;;;1.6;8.3;5.8;29.9;8.1;29.2;;;;;;;;;;;;;;191;;
PRE;07.04.2024 00:00;;;;;;;;;;;;;;1.1;6.5;4;23.4;6.4;23;;;;;;;;;;;;;;360;;
PRE;08.04.2024 00:00;;;;;;;;;;;;;;1.6;7.6;5.8;27.4;7.5;27;;;;;;;;;;;;;;279;;
PRE;09.04.2024 00:00;;;;;;;;;;;;;;3.5;14.8;12.6;53.3;14.5;52.2;;;;;;;;;;;;;;240;;
PRE;10.04.2024 00:00;;;;;;;;;;;;;;5.2;14.5;18.7;52.2;14.1;50.8;;;;;;;;;;;;;;29;;
PRE;11.04.2024 00:00;;;;;;;;;;;;;;4;10.8;14.4;38.9;10.3;37.1;;;;;;;;;;;;;;24;;
PRE;12.04.2024 00:00;;;;;;;;;;;;;;1.2;4.6;4.3;16.6;4.5;16.2;;;;;;;;;;;;;;135;;
PRE;13.04.2024 00:00;;;;;;;;;;;;;;1.2;3;4.3;10.8;2.9;10.4;;;;;;;;;;;;;;315;;
PRE;14.04.2024 00:00;;;;;;;;;;;;;;1.2;6.2;4.3;22.3;5.8;20.9;;;;;;;;;;;;;;180;;
PRE;15.04.2024 00:00;;;;;;;;;;;;;;6.8;17.4;24.5;62.6;16.3;58.7;;;;;;;;;;;;;;247;;
PRE;16.04.2024 00:00;;;;;;;;;;;;;;5.8;16.7;20.9;60.1;16.1;58;;;;;;;;;;;;;;234;;
PRE;17.04.2024 00:00;;;;;;;;;;;;;;3.1;10.1;11.2;36.4;9.8;35.3;;;;;;;;;;;;;;241;;
PRE;18.04.2024 00:00;;;;;;;;;;;;;;4.2;11.4;15.1;41;10.8;38.9;;;;;;;;;;;;;;7;;
PRE;19.04.2024 00:00;;;;;;;;;;;;;;4.4;11.6;15.8;41.8;11.3;40.7;;;;;;;;;;;;;;237;;
PRE;20.04.2024 00:00;;;;;;;;;;;;;;3.2;11.2;11.5;40.3;10.8;38.9;;;;;;;;;;;;;;16;;
PRE;21.04.2024 00:00;;;;;;;;;;;;;;3.8;10.3;13.7;37.1;10;36;;;;;;;;;;;;;;5;;
PRE;22.04.2024 00:00;;;;;;;;;;;;;;7;17.7;25.2;63.7;16.8;60.5;;;;;;;;;;;;;;25;;
PRE;23.04.2024 00:00;;;;;;;;;;;;;;7.1;18;25.6;64.8;16.9;60.8;;;;;;;;;;;;;;35;;
PRE;24.04.2024 00:00;;;;;;;;;;;;;;2.5;8.6;9;31;8.5;30.6;;;;;;;;;;;;;;260;;
PRE;25.04.2024 00:00;;;;;;;;;;;;;;1.9;5.3;6.8;19.1;5.1;18.4;;;;;;;;;;;;;;180;;
PRE;26.04.2024 00:00;;;;;;;;;;;;;;3.4;11;12.2;39.6;10.8;38.9;;;;;;;;;;;;;;238;;
PRE;27.04.2024 00:00;;;;;;;;;;;;;;1.9;5;6.8;18;4.8;17.3;;;;;;;;;;;;;;307;;
PRE;28.04.2024 00:00;;;;;;;;;;;;;;1.9;7.2;6.8;25.9;7;25.2;;;;;;;;;;;;;;354;;
PRE;29.04.2024 00:00;;;;;;;;;;;;;;2.5;7.7;9;27.7;7.5;27;;;;;;;;;;;;;;37;;
PRE;30.04.2024 00:00;;;;;;;;;;;;;;1.3;5.1;4.7;18.4;5;18;;;;;;;;;;;;;;248;;
PRE;01.05.2024 00:00;;;;;;;;;;;;;;1.3;4.9;4.7;17.6;4.8;17.3;;;;;;;;;;;;;;262;;
PRE;02.05.2024 00:00;;;;;;;;;;;;;;4.1;11.3;14.8;40.7;11.1;40;;;;;;;;;;;;;;229;;
PRE;03.05.2024 00:00;;;;;;;;;;;;;;2.8;7.6;10.1;27.4;7.3;26.3;;;;;;;;;;;;;;225;;
PRE;04.05.2024 00:00;;;;;;;;;;;;;;2.9;14;10.4;50.4;13.6;49;;;;;;;;;;;;;;225;;
PRE;05.05.2024 00:00;;;;;;;;;;;;;;2.4;9.9;8.6;35.6;9.7;34.9;;;;;;;;;;;;;;214;;
PRE;06.05.2024 00:00;;;;;;;;;;;;;;4.3;12.4;15.5;44.6;11.8;42.5;;;;;;;;;;;;;;237;;
PRE;07.05.2024 00:00;;;;;;;;;;;;;;2.5;7.3;9;26.3;7.1;25.6;;;;;;;;;;;;;;29;;
PRE;08.05.2024 00:00;;;;;;;;;;;;;;5.8;14.6;20.9;52.6;14.1;50.8;;;;;;;;;;;;;;32;;
PRE;09.05.2024 00:00;;;;;;;;;;;;;;5.7;12.4;20.5;44.6;12.2;43.9;;;;;;;;;;;;;;20;;
PRE;10.05.2024 00:00;;;;;;;;;;;;;;2.2;6.5;7.9;23.4;6.3;22.7;;;;;;;;;;;;;;7;;
PRE;11.05.2024 00:00;;;;;;;;;;;;;;1.2;4.7;4.3;16.9;4.6;16.6;;;;;;;;;;;;;;180;;
PRE;12.05.2024 00:00;;;;;;;;;;;;;;1.6;6.7;5.8;24.1;6.5;23.4;;;;;;;;;;;;;;124;;
PRE;13.05.2024 00:00;;;;;;;;;;;;;;2;8.4;7.2;30.2;8.2;29.5;;;;;;;;;;;;;;70;;
PRE;14.05.2024 00:00;;;;;;;;;;;;;;2.9;10.5;10.4;37.8;10.3;37.1;;;;;;;;;;;;;;234;;
PRE;15.05.2024 00:00;;;;;;;;;;;;;;1.2;15.7;4.3;56.5;14.9;53.6;;;;;;;;;;;;;;225;;
PRE;16.05.2024 00:00;;;;;;;;;;;;;;2.1;8.2;7.6;29.5;8.1;29.2;;;;;;;;;;;;;;233;;
PRE;17.05.2024 00:00;;;;;;;;;;;;;;2.4;7.4;8.6;26.6;7.1;25.6;;;;;;;;;;;;;;209;;
PRE;18.05.2024 00:00;;;;;;;;;;;;;;2.3;10.5;8.3;37.8;10.2;36.7;;;;;;;;;;;;;;241;;
PRE;19.05.2024 00:00;;;;;;;;;;;;;;2;6.8;7.2;24.5;6.6;23.8;;;;;;;;;;;;;;31;;
PRE;20.05.2024 00:00;;;;;;;;;;;;;;2.6;19.8;9.4;71.3;19;68.4;;;;;;;;;;;;;;248;;
PRE;21.05.2024 00:00;;;;;;;;;;;;;;3.3;11.2;11.9;40.3;10.8;38.9;;;;;;;;;;;;;;239;;
PRE;22.05.2024 00:00;;;;;;;;;;;;;;2.7;7.7;9.7;27.7;7.5;27;;;;;;;;;;;;;;223;;
PRE;23.05.2024 00:00;;;;;;;;;;;;;;1.8;5.8;6.5;20.9;5.7;20.5;;;;;;;;;;;;;;238;;
PRE;24.05.2024 00:00;;;;;;;;;;;;;;2.4;11.4;8.6;41;11;39.6;;;;;;;;;;;;;;180;;
PRE;25.05.2024 00:00;;;;;;;;;;;;;;1.7;6.9;6.1;24.8;6.5;23.4;;;;;;;;;;;;;;277;;
PRE;26.05.2024 00:00;;;;;;;;;;;;;;1.2;4.4;4.3;15.8;4.2;15.1;;;;;;;;;;;;;;27;;
PRE;27.05.2024 00:00;;;;;;;;;;;;;;1.5;6.4;5.4;23;6.1;22;;;;;;;;;;;;;;45;;
PRE;28.05.2024 00:00;;;;;;;;;;;;;;1.6;5.2;5.8;18.7;5;18;;;;;;;;;;;;;;180;;
PRE;29.05.2024 00:00;;;;;;;;;;;;;;2.8;12;10.1;43.2;11.7;42.1;;;;;;;;;;;;;;232;;
PRE;30.05.2024 00:00;;;;;;;;;;;;;;4.6;13.1;16.6;47.2;12.6;45.4;;;;;;;;;;;;;;241;;
PRE;31.05.2024 00:00;;;;;;;;;;;;;;2.6;7.9;9.4;28.4;7.6;27.4;;;;;;;;;;;;;;237;;
PRE;01.06.2024 00:00;;;;;;;;;;;;;;2.5;8.7;9;31.3;8.3;29.9;;;;;;;;;;;;;;33;;
PRE;02.06.2024 00:00;;;;;;;;;;;;;;1.8;6.6;6.5;23.8;6.3;22.7;;;;;;;;;;;;;;32;;
PRE;03.06.2024 00:00;;;;;;;;;;;;;;2.8;9.8;10.1;35.3;9.4;33.8;;;;;;;;;;;;;;25;;
PRE;04.06.2024 00:00;;;;;;;;;;;;;;2.7;7.7;9.7;27.7;7.6;27.4;;;;;;;;;;;;;;180;;
PRE;05.06.2024 00:00;;;;;;;;;;;;;;3;12.5;10.8;45;11.9;42.8;;;;;;;;;;;;;;234;;
PRE;06.06.2024 00:00;;;;;;;;;;;;;;2.5;13.5;9;48.6;13;46.8;;;;;;;;;;;;;;237;;
PRE;07.06.2024 00:00;;;;;;;;;;;;;;1.9;10.4;6.8;37.4;9.7;34.9;;;;;;;;;;;;;;225;;
PRE;08.06.2024 00:00;;;;;;;;;;;;;;1.5;8;5.4;28.8;7.9;28.4;;;;;;;;;;;;;;360;;
PRE;09.06.2024 00:00;;;;;;;;;;;;;;3.8;10.4;13.7;37.4;10.1;36.4;;;;;;;;;;;;;;21;;
PRE;10.06.2024 00:00;;;;;;;;;;;;;;2.4;10.4;8.6;37.4;9.9;35.6;;;;;;;;;;;;;;247;;
PRE;11.06.2024 00:00;;;;;;;;;;;;;;3.2;9.8;11.5;35.3;9.2;33.1;;;;;;;;;;;;;;32;;
PRE;12.06.2024 00:00;;;;;;;;;;;;;;4.5;10.1;16.2;36.4;9.8;35.3;;;;;;;;;;;;;;18;;
PRE;13.06.2024 00:00;;;;;;;;;;;;;;2.1;6.6;7.6;23.8;6.3;22.7;;;;;;;;;;;;;;63;;
PRE;14.06.2024 00:00;;;;;;;;;;;;;;4.7;14.3;16.9;51.5;13.8;49.7;;;;;;;;;;;;;;239;;
PRE;15.06.2024 00:00;;;;;;;;;;;;;;4.3;11;15.5;39.6;10.8;38.9;;;;;;;;;;;;;;231;;
PRE;16.06.2024 00:00;;;;;;;;;;;;;;3.5;9.4;12.6;33.8;9.2;33.1;;;;;;;;;;;;;;236;;
PRE;17.06.2024 00:00;;;;;;;;;;;;;;2.7;8.5;9.7;30.6;8.2;29.5;;;;;;;;;;;;;;15;;
PRE;18.06.2024 00:00;;;;;;;;;;;;;;1.6;5.1;5.8;18.4;4.9;17.6;;;;;;;;;;;;;;90;;
PRE;19.06.2024 00:00;;;;;;;;;;;;;;1.5;4.2;5.4;15.1;4.1;14.8;;;;;;;;;;;;;;243;;
PRE;20.06.2024 00:00;;;;;;;;;;;;;;3;14.4;10.8;51.8;13.7;49.3;;;;;;;;;;;;;;293;;
PRE;21.06.2024 00:00;;;;;;;;;;;;;;2.9;12.1;10.4;43.6;11.4;41;;;;;;;;;;;;;;242;;
PRE;22.06.2024 00:00;;;;;;;;;;;;;;2.5;6.9;9;24.8;6.8;24.5;;;;;;;;;;;;;;241;;
PRE;23.06.2024 00:00;;;;;;;;;;;;;;6.2;15.5;22.3;55.8;14.7;52.9;;;;;;;;;;;;;;25;;
PRE;24.06.2024 00:00;;;;;;;;;;;;;;4.7;11.3;16.9;40.7;10.9;39.2;;;;;;;;;;;;;;33;;
PRE;25.06.2024 00:00;;;;;;;;;;;;;;2.5;13.6;9;49;13.4;48.2;;;;;;;;;;;;;;45;;
PRE;26.06.2024 00:00;;;;;;;;;;;;;;1.1;4.2;4;15.1;4.1;14.8;;;;;;;;;;;;;;297;;
PRE;27.06.2024 00:00;;;;;;;;;;;;;;1.6;8.2;5.8;29.5;7.9;28.4;;;;;;;;;;;;;;229;;
PRE;28.06.2024 00:00;;;;;;;;;;;;;;2;9.7;7.2;34.9;9.5;34.2;;;;;;;;;;;;;;8;;
PRE;29.06.2024 00:00;;;;;;;;;;;;;;2.4;27.3;8.6;98.3;26.1;94;;;;;;;;;;;;;;292;;
PRE;30.06.2024 00:00;;;;;;;;;;;;;;4;13.2;14.4;47.5;12.8;46.1;;;;;;;;;;;;;;232;;
PRE;01.07.2024 00:00;;;;;;;;;;;;;;1.6;7.5;5.8;27;7.2;25.9;;;;;;;;;;;;;;108;;
PRE;02.07.2024 00:00;;;;;;;;;;;;;;1.6;7;5.8;25.2;6.8;24.5;;;;;;;;;;;;;;236;;
PRE;03.07.2024 00:00;;;;;;;;;;;;;;2.2;9.8;7.9;35.3;9.4;33.8;;;;;;;;;;;;;;240;;
PRE;04.07.2024 00:00;;;;;;;;;;;;;;4.6;12.7;16.6;45.7;12;43.2;;;;;;;;;;;;;;236;;
PRE;05.07.2024 00:00;;;;;;;;;;;;;;1.6;5.1;5.8;18.4;5;18;;;;;;;;;;;;;;90;;
PRE;06.07.2024 00:00;;;;;;;;;;;;;;3.6;15.5;13;55.8;15.3;55.1;;;;;;;;;;;;;;241;;
PRE;07.07.2024 00:00;;;;;;;;;;;;;;2.3;7.5;8.3;27;7.3;26.3;;;;;;;;;;;;;;17;;
PRE;08.07.2024 00:00;;;;;;;;;;;;;;2.1;5.6;7.6;20.2;5.5;19.8;;;;;;;;;;;;;;45;;
PRE;09.07.2024 00:00;;;;;;;;;;;;;;1.6;7.3;5.8;26.3;7;25.2;;;;;;;;;;;;;;217;;
PRE;10.07.2024 00:00;;;;;;;;;;;;;;1.5;5.3;5.4;19.1;5.1;18.4;;;;;;;;;;;;;;252;;
PRE;11.07.2024 00:00;;;;;;;;;;;;;;2.1;12.9;7.6;46.4;12.5;45;;;;;;;;;;;;;;135;;
PRE;12.07.2024 00:00;;;;;;;;;;;;;;3.8;13.9;13.7;50;13.5;48.6;;;;;;;;;;;;;;239;;
PRE;13.07.2024 00:00;;;;;;;;;;;;;;1.9;6.6;6.8;23.8;6.5;23.4;;;;;;;;;;;;;;236;;
PRE;14.07.2024 00:00;;;;;;;;;;;;;;1.6;5.2;5.8;18.7;4.1;14.8;;;;;;;;;;;;;;304;;
PRE;15.07.2024 00:00;;;;;;;;;;;;;;1.6;13.6;5.8;49;12.3;44.3;;;;;;;;;;;;;;315;;
PRE;16.07.2024 00:00;;;;;;;;;;;;;;3.3;11.5;11.9;41.4;11.3;40.7;;;;;;;;;;;;;;267;;
PRE;17.07.2024 00:00;;;;;;;;;;;;;;3.1;8.3;11.2;29.9;8.1;29.2;;;;;;;;;;;;;;18;;
PRE;18.07.2024 00:00;;;;;;;;;;;;;;2.1;6.7;7.6;24.1;6.6;23.8;;;;;;;;;;;;;;34;;
PRE;19.07.2024 00:00;;;;;;;;;;;;;;1.2;3.7;4.3;13.3;3.6;13;;;;;;;;;;;;;;360;;
PRE;20.07.2024 00:00;;;;;;;;;;;;;;1.5;6.5;5.4;23.4;6.5;23.4;;;;;;;;;;;;;;225;;
PRE;21.07.2024 00:00;;;;;;;;;;;;;;2.5;13.1;9;47.2;12.6;45.4;;;;;;;;;;;;;;198;;
PRE;22.07.2024 00:00;;;;;;;;;;;;;;1.7;8;6.1;28.8;7.7;27.7;;;;;;;;;;;;;;90;;
PRE;23.07.2024 00:00;;;;;;;;;;;;;;2.5;11.3;9;40.7;11;39.6;;;;;;;;;;;;;;284;;
PRE;24.07.2024 00:00;;;;;;;;;;;;;;2.8;8.7;10.1;31.3;8.3;29.9;;;;;;;;;;;;;;5;;
PRE;25.07.2024 00:00;;;;;;;;;;;;;;2.8;9.8;10.1;35.3;9.3;33.5;;;;;;;;;;;;;;15;;
PRE;26.07.2024 00:00;;;;;;;;;;;;;;1.6;4.7;5.8;16.9;4.7;16.9;;;;;;;;;;;;;;214;;
PRE;27.07.2024 00:00;;;;;;;;;;;;;;2;8;7.2;28.8;7.7;27.7;;;;;;;;;;;;;;222;;
PRE;28.07.2024 00:00;;;;;;;;;;;;;;4.4;10.8;15.8;38.9;10.5;37.8;;;;;;;;;;;;;;14;;
PRE;29.07.2024 00:00;;;;;;;;;;;;;;3.6;9;13;32.4;8.4;30.2;;;;;;;;;;;;;;21;;
PRE;30.07.2024 00:00;;;;;;;;;;;;;;1.6;5.9;5.8;21.2;5.7;20.5;;;;;;;;;;;;;;360;;
PRE;31.07.2024 00:00;;;;;;;;;;;;;;2.4;15.5;8.6;55.8;15.2;54.7;;;;;;;;;;;;;;349;;
PRE;01.08.2024 00:00;;;;;;;;;;;;;;2.3;9.6;8.3;34.6;9.4;33.8;;;;;;;;;;;;;;73;;
PRE;02.08.2024 00:00;;;;;;;;;;;;;;1.5;4.3;5.4;15.5;4.2;15.1;;;;;;;;;;;;;;63;;
PRE;03.08.2024 00:00;;;;;;;;;;;;;;2.7;8.6;9.7;31;8.2;29.5;;;;;;;;;;;;;;29;;
PRE;04.08.2024 00:00;;;;;;;;;;;;;;2.1;7;7.6;25.2;6.9;24.8;;;;;;;;;;;;;;39;;
PRE;05.08.2024 00:00;;;;;;;;;;;;;;2.9;8.5;10.4;30.6;7.8;28.1;;;;;;;;;;;;;;16;;
PRE;06.08.2024 00:00;;;;;;;;;;;;;;1.8;4.8;6.5;17.3;4.7;16.9;;;;;;;;;;;;;;27;;
PRE;07.08.2024 00:00;;;;;;;;;;;;;;2.5;9.9;9;35.6;9.4;33.8;;;;;;;;;;;;;;15;;
PRE;08.08.2024 00:00;;;;;;;;;;;;;;2.3;6.1;8.3;22;6;21.6;;;;;;;;;;;;;;45;;
PRE;09.08.2024 00:00;;;;;;;;;;;;;;1.8;6.1;6.5;22;5.9;21.2;;;;;;;;;;;;;;360;;
PRE;10.08.2024 00:00;;;;;;;;;;;;;;2.8;7.3;10.1;26.3;6.7;24.1;;;;;;;;;;;;;;5;;
PRE;11.08.2024 00:00;;;;;;;;;;;;;;3.1;10.7;11.2;38.5;10.5;37.8;;;;;;;;;;;;;;18;;
PRE;12.08.2024 00:00;;;;;;;;;;;;;;2.7;12.4;9.7;44.6;11.9;42.8;;;;;;;;;;;;;;20;;
PRE;13.08.2024 00:00;;;;;;;;;;;;;;2.9;14;10.4;50.4;13.6;49;;;;;;;;;;;;;;53;;
PRE;14.08.2024 00:00;;;;;;;;;;;;;;2.3;8;8.3;28.8;7.6;27.4;;;;;;;;;;;;;;342;;
PRE;15.08.2024 00:00;;;;;;;;;;;;;;2.3;6.7;8.3;24.1;6.6;23.8;;;;;;;;;;;;;;14;;
PRE;16.08.2024 00:00;;;;;;;;;;;;;;1.8;11.4;6.5;41;11;39.6;;;;;;;;;;;;;;217;;
PRE;17.08.2024 00:00;;;;;;;;;;;;;;2.1;9.8;7.6;35.3;9.2;33.1;;;;;;;;;;;;;;164;;
PRE;18.08.2024 00:00;;;;;;;;;;;;;;3.5;11.5;12.6;41.4;11.2;40.3;;;;;;;;;;;;;;238;;
PRE;19.08.2024 00:00;;;;;;;;;;;;;;6.1;18.1;22;65.2;17.5;63;;;;;;;;;;;;;;29;;
PRE;20.08.2024 00:00;;;;;;;;;;;;;;2.9;7.9;10.4;28.4;7.7;27.7;;;;;;;;;;;;;;23;;
PRE;21.08.2024 00:00;;;;;;;;;;;;;;3;7.9;10.8;28.4;7.7;27.7;;;;;;;;;;;;;;53;;
PRE;22.08.2024 00:00;;;;;;;;;;;;;;2.5;7.5;9;27;7.4;26.6;;;;;;;;;;;;;;27;;
PRE;23.08.2024 00:00;;;;;;;;;;;;;;2;7;7.2;25.2;6.9;24.8;;;;;;;;;;;;;;243;;
PRE;24.08.2024 00:00;;;;;;;;;;;;;;2.8;11.8;10.1;42.5;11.6;41.8;;;;;;;;;;;;;;232;;
PRE;25.08.2024 00:00;;;;;;;;;;;;;;2.9;10.1;10.4;36.4;9.8;35.3;;;;;;;;;;;;;;17;;
PRE;26.08.2024 00:00;;;;;;;;;;;;;;4.3;10.7;15.5;38.5;10.4;37.4;;;;;;;;;;;;;;34;;
PRE;27.08.2024 00:00;;;;;;;;;;;;;;4.2;9.7;15.1;34.9;9.3;33.5;;;;;;;;;;;;;;20;;
PRE;28.08.2024 00:00;;;;;;;;;;;;;;1.4;3.9;5;14;3.8;13.7;;;;;;;;;;;;;;45;;
PRE;29.08.2024 00:00;;;;;;;;;;;;;;1.7;4.7;6.1;16.9;4.6;16.6;;;;;;;;;;;;;;360;;
PRE;30.08.2024 00:00;;;;;;;;;;;;;;1.3;3.9;4.7;14;3.7;13.3;;;;;;;;;;;;;;0;;
PRE;31.08.2024 00:00;;;;;;;;;;;;;;1.6;4.9;5.8;17.6;4.8;17.3;;;;;;;;;;;;;;56;;
PRE;01.09.2024 00:00;;;;;;;;;;;;;;2.5;14.9;9;53.6;14.6;52.6;;;;;;;;;;;;;;234;;
PRE;02.09.2024 00:00;;;;;;;;;;;;;;1.6;5.5;5.8;19.8;5.2;18.7;;;;;;;;;;;;;;270;;
PRE;03.09.2024 00:00;;;;;;;;;;;;;;1.9;13.1;6.8;47.2;12.6;45.4;;;;;;;;;;;;;;63;;
PRE;04.09.2024 00:00;;;;;;;;;;;;;;1.5;5.9;5.4;21.2;5.8;20.9;;;;;;;;;;;;;;270;;
PRE;05.09.2024 00:00;;;;;;;;;;;;;;3.3;12.9;11.9;46.4;12.6;45.4;;;;;;;;;;;;;;243;;
PRE;06.09.2024 00:00;;;;;;;;;;;;;;1.6;4.7;5.8;16.9;4.6;16.6;;;;;;;;;;;;;;333;;
PRE;07.09.2024 00:00;;;;;;;;;;;;;;1.6;7.1;5.8;25.6;7;25.2;;;;;;;;;;;;;;315;;
PRE;08.09.2024 00:00;;;;;;;;;;;;;;2.3;8.3;8.3;29.9;8;28.8;;;;;;;;;;;;;;249;;
PRE;09.09.2024 00:00;;;;;;;;;;;;;;4.6;11.4;16.6;41;11.2;40.3;;;;;;;;;;;;;;242;;
PRE;10.09.2024 00:00;;;;;;;;;;;;;;4;8.6;14.4;31;8.3;29.9;;;;;;;;;;;;;;251;;
PRE;11.09.2024 00:00;;;;;;;;;;;;;;4.6;11.4;16.6;41;11.1;40;;;;;;;;;;;;;;240;;
PRE;12.09.2024 00:00;;;;;;;;;;;;;;3.1;9.5;11.2;34.2;9.4;33.8;;;;;;;;;;;;;;9;;
PRE;13.09.2024 00:00;;;;;;;;;;;;;;4.1;12.6;14.8;45.4;12.2;43.9;;;;;;;;;;;;;;12;;
PRE;14.09.2024 00:00;;;;;;;;;;;;;;6.6;17;23.8;61.2;16.3;58.7;;;;;;;;;;;;;;27;;
PRE;15.09.2024 00:00;;;;;;;;;;;;;;8.1;17.2;29.2;61.9;16.9;60.8;;;;;;;;;;;;;;29;;
PRE;16.09.2024 00:00;;;;;;;;;;;;;;6.9;15.7;24.8;56.5;15.2;54.7;;;;;;;;;;;;;;26;;
PRE;17.09.2024 00:00;;;;;;;;;;;;;;8.3;21.5;29.9;77.4;20.4;73.4;;;;;;;;;;;;;;26;;
PRE;18.09.2024 00:00;;;;;;;;;;;;;;3.3;9.3;11.9;33.5;9.1;32.8;;;;;;;;;;;;;;28;;
PRE;19.09.2024 00:00;;;;;;;;;;;;;;2.9;12;10.4;43.2;11.9;42.8;;;;;;;;;;;;;;357;;
PRE;20.09.2024 00:00;;;;;;;;;;;;;;1.4;3.7;5;13.3;3.5;12.6;;;;;;;;;;;;;;333;;
PRE;21.09.2024 00:00;;;;;;;;;;;;;;1.4;3.6;5;13;3.5;12.6;;;;;;;;;;;;;;304;;
PRE;22.09.2024 00:00;;;;;;;;;;;;;;1.3;4.8;4.7;17.3;4.7;16.9;;;;;;;;;;;;;;233;;
PRE;23.09.2024 00:00;;;;;;;;;;;;;;1.5;8.6;5.4;31;8.3;29.9;;;;;;;;;;;;;;225;;
PRE;24.09.2024 00:00;;;;;;;;;;;;;;4.4;13.2;15.8;47.5;12.9;46.4;;;;;;;;;;;;;;239;;
PRE;25.09.2024 00:00;;;;;;;;;;;;;;4.8;15.3;17.3;55.1;14.8;53.3;;;;;;;;;;;;;;237;;
PRE;26.09.2024 00:00;;;;;;;;;;;;;;5;13.8;18;49.7;13.4;48.2;;;;;;;;;;;;;;240;;
PRE;27.09.2024 00:00;;;;;;;;;;;;;;5.4;18.5;19.4;66.6;18;64.8;;;;;;;;;;;;;;230;;
PRE;28.09.2024 00:00;;;;;;;;;;;;;;3.8;12.5;13.7;45;12.2;43.9;;;;;;;;;;;;;;310;;
PRE;29.09.2024 00:00;;;;;;;;;;;;;;2.8;10.6;10.1;38.2;10.4;37.4;;;;;;;;;;;;;;20;;
PRE;30.09.2024 00:00;;;;;;;;;;;;;;4.9;13.9;17.6;50;13.7;49.3;;;;;;;;;;;;;;242;;
PRE;01.10.2024 00:00;;;;;;;;;;;;;;3.6;19;13;68.4;18.3;65.9;;;;;;;;;;;;;;240;;
PRE;02.10.2024 00:00;;;;;;;;;;;;;;3.2;9.4;11.5;33.8;8.9;32;;;;;;;;;;;;;;356;;
PRE;03.10.2024 00:00;;;;;;;;;;;;;;6.7;18.2;24.1;65.5;17.3;62.3;;;;;;;;;;;;;;25;;
PRE;04.10.2024 00:00;;;;;;;;;;;;;;6.7;17;24.1;61.2;16.1;58;;;;;;;;;;;;;;28;;
PRE;05.10.2024 00:00;;;;;;;;;;;;;;4.2;13.2;15.1;47.5;13.1;47.2;;;;;;;;;;;;;;18;;
PRE;06.10.2024 00:00;;;;;;;;;;;;;;1.3;5.3;4.7;19.1;5.2;18.7;;;;;;;;;;;;;;196;;
PRE;07.10.2024 00:00;;;;;;;;;;;;;;1.3;5.5;4.7;19.8;5.4;19.4;;;;;;;;;;;;;;135;;
PRE;08.10.2024 00:00;;;;;;;;;;;;;;1.9;5.7;6.8;20.5;5.6;20.2;;;;;;;;;;;;;;225;;
PRE;09.10.2024 00:00;;;;;;;;;;;;;;2.6;14.7;9.4;52.9;14.1;50.8;;;;;;;;;;;;;;229;;
PRE;10.10.2024 00:00;;;;;;;;;;;;;;4.2;19.9;15.1;71.6;19.8;71.3;;;;;;;;;;;;;;233;;
PRE;11.10.2024 00:00;;;;;;;;;;;;;;2.5;6.5;9;23.4;6.4;23;;;;;;;;;;;;;;345;;
PRE;12.10.2024 00:00;;;;;;;;;;;;;;1.5;5;5.4;18;4.9;17.6;;;;;;;;;;;;;;259;;
PRE;13.10.2024 00:00;;;;;;;;;;;;;;1.8;6.2;6.5;22.3;6.1;22;;;;;;;;;;;;;;158;;
PRE;14.10.2024 00:00;;;;;;;;;;;;;;1.3;3.8;4.7;13.7;3.8;13.7;;;;;;;;;;;;;;27;;
PRE;15.10.2024 00:00;;;;;;;;;;;;;;3.5;11;12.6;39.6;10.5;37.8;;;;;;;;;;;;;;14;;
PRE;16.10.2024 00:00;;;;;;;;;;;;;;1.4;5;5;18;4.8;17.3;;;;;;;;;;;;;;333;;
PRE;17.10.2024 00:00;;;;;;;;;;;;;;1.5;8.2;5.4;29.5;7.9;28.4;;;;;;;;;;;;;;18;;
PRE;18.10.2024 00:00;;;;;;;;;;;;;;1.9;10.6;6.8;38.2;10.5;37.8;;;;;;;;;;;;;;337;;
PRE;19.10.2024 00:00;;;;;;;;;;;;;;1.8;5.8;6.5;20.9;5.6;20.2;;;;;;;;;;;;;;360;;
PRE;20.10.2024 00:00;;;;;;;;;;;;;;1.3;5;4.7;18;4.9;17.6;;;;;;;;;;;;;;342;;
PRE;21.10.2024 00:00;;;;;;;;;;;;;;1;3.7;3.6;13.3;3.6;13;;;;;;;;;;;;;;288;;
PRE;22.10.2024 00:00;;;;;;;;;;;;;;1.7;7.8;6.1;28.1;7.6;27.4;;;;;;;;;;;;;;35;;
PRE;23.10.2024 00:00;;;;;;;;;;;;;;4.5;9.2;16.2;33.1;9.1;32.8;;;;;;;;;;;;;;19;;
PRE;24.10.2024 00:00;;;;;;;;;;;;;;1.5;5.5;5.4;19.8;5.4;19.4;;;;;;;;;;;;;;6;;
PRE;25.10.2024 00:00;;;;;;;;;;;;;;2.4;6.8;8.6;24.5;6.7;24.1;;;;;;;;;;;;;;360;;
PRE;26.10.2024 00:00;;;;;;;;;;;;;;1.9;6.2;6.8;22.3;6.1;22;;;;;;;;;;;;;;4;;
PRE;27.10.2024 00:00;;;;;;;;;;;;;;1.4;4.6;5;16.6;4.4;15.8;;;;;;;;;;;;;;323;;
PRE;28.10.2024 00:00;;;;;;;;;;;;;;1.2;3.8;4.3;13.7;3.7;13.3;;;;;;;;;;;;;;297;;
PRE;29.10.2024 00:00;;;;;;;;;;;;;;1.1;3.1;4;11.2;3;10.8;;;;;;;;;;;;;;315;;
PRE;30.10.2024 00:00;;;;;;;;;;;;;;1.9;6.9;6.8;24.8;6.9;24.8;;;;;;;;;;;;;;9;;
PRE;31.10.2024 00:00;;;;;;;;;;;;;;1.8;5;6.5;18;4.9;17.6;;;;;;;;;;;;;;349;;
PRE;01.11.2024 00:00;;;;;;;;;;;;;;1.3;3.3;4.7;11.9;3.3;11.9;;;;;;;;;;;;;;329;;
PRE;02.11.2024 00:00;;;;;;;;;;;;;;3.7;10.8;13.3;38.9;10.6;38.2;;;;;;;;;;;;;;10;;
PRE;03.11.2024 00:00;;;;;;;;;;;;;;2.3;7.5;8.3;27;7.4;26.6;;;;;;;;;;;;;;360;;
PRE;04.11.2024 00:00;;;;;;;;;;;;;;1.6;5.2;5.8;18.7;5;18;;;;;;;;;;;;;;360;;
PRE;05.11.2024 00:00;;;;;;;;;;;;;;1.2;3.9;4.3;14;3.8;13.7;;;;;;;;;;;;;;346;;
PRE;06.11.2024 00:00;;;;;;;;;;;;;;1.9;6.2;6.8;22.3;6;21.6;;;;;;;;;;;;;;356;;
PRE;07.11.2024 00:00;;;;;;;;;;;;;;1.9;6;6.8;21.6;5.9;21.2;;;;;;;;;;;;;;18;;
PRE;08.11.2024 00:00;;;;;;;;;;;;;;1.8;4.8;6.5;17.3;4.7;16.9;;;;;;;;;;;;;;336;;
PRE;09.11.2024 00:00;;;;;;;;;;;;;;2.5;7.1;9;25.6;7;25.2;;;;;;;;;;;;;;357;;
PRE;10.11.2024 00:00;;;;;;;;;;;;;;4.2;10.8;15.1;38.9;10.5;37.8;;;;;;;;;;;;;;18;;
PRE;11.11.2024 00:00;;;;;;;;;;;;;;3.4;9.9;12.2;35.6;9.8;35.3;;;;;;;;;;;;;;24;;
PRE;12.11.2024 00:00;;;;;;;;;;;;;;6.2;15.1;22.3;54.4;14.6;52.6;;;;;;;;;;;;;;19;;
PRE;13.11.2024 00:00;;;;;;;;;;;;;;4.7;9.7;16.9;34.9;9.4;33.8;;;;;;;;;;;;;;14;;
PRE;14.11.2024 00:00;;;;;;;;;;;;;;7;15.9;25.2;57.2;15.1;54.4;;;;;;;;;;;;;;33;;
PRE;15.11.2024 00:00;;;;;;;;;;;;;;3.7;9.7;13.3;34.9;9.6;34.6;;;;;;;;;;;;;;25;;
PRE;16.11.2024 00:00;;;;;;;;;;;;;;1.5;4.2;5.4;15.1;4.1;14.8;;;;;;;;;;;;;;301;;
PRE;17.11.2024 00:00;;;;;;;;;;;;;;2.8;9.2;10.1;33.1;8.9;32;;;;;;;;;;;;;;247;;
PRE;18.11.2024 00:00;;;;;;;;;;;;;;3.8;9.4;13.7;33.8;9.2;33.1;;;;;;;;;;;;;;245;;
PRE;19.11.2024 00:00;;;;;;;;;;;;;;7;22.4;25.2;80.6;21.4;77;;;;;;;;;;;;;;244;;
PRE;20.11.2024 00:00;;;;;;;;;;;;;;4.3;19.1;15.5;68.8;18.4;66.2;;;;;;;;;;;;;;248;;
PRE;21.11.2024 00:00;;;;;;;;;;;;;;5.3;24.2;19.1;87.1;23.5;84.6;;;;;;;;;;;;;;252;;
PRE;22.11.2024 00:00;;;;;;;;;;;;;;4.1;21.4;14.8;77;20.9;75.2;;;;;;;;;;;;;;268;;
PRE;23.11.2024 00:00;;;;;;;;;;;;;;3.1;10.6;11.2;38.2;9.9;35.6;;;;;;;;;;;;;;245;;
PRE;24.11.2024 00:00;;;;;;;;;;;;;;3.3;10.4;11.9;37.4;9.9;35.6;;;;;;;;;;;;;;217;;
PRE;25.11.2024 00:00;;;;;;;;;;;;;;4.1;13;14.8;46.8;12.3;44.3;;;;;;;;;;;;;;219;;
PRE;26.11.2024 00:00;;;;;;;;;;;;;;1.9;7.5;6.8;27;7.2;25.9;;;;;;;;;;;;;;240;;
PRE;27.11.2024 00:00;;;;;;;;;;;;;;1.5;7.4;5.4;26.6;7.1;25.6;;;;;;;;;;;;;;278;;
PRE;28.11.2024 00:00;;;;;;;;;;;;;;4.3;12.3;15.5;44.3;11.9;42.8;;;;;;;;;;;;;;275;;
PRE;29.11.2024 00:00;;;;;;;;;;;;;;6.3;13.2;22.7;47.5;12.8;46.1;;;;;;;;;;;;;;17;;
PRE;30.11.2024 00:00;;;;;;;;;;;;;;2.1;5.9;7.6;21.2;5.8;20.9;;;;;;;;;;;;;;351;;
PRE;01.12.2024 00:00;;;;;;;;;;;;;;1.3;3.8;4.7;13.7;3.8;13.7;;;;;;;;;;;;;;294;;
PRE;02.12.2024 00:00;;;;;;;;;;;;;;1.1;5.5;4;19.8;5.4;19.4;;;;;;;;;;;;;;259;;
PRE;03.12.2024 00:00;;;;;;;;;;;;;;2.2;9.3;7.9;33.5;9.2;33.1;;;;;;;;;;;;;;326;;
PRE;04.12.2024 00:00;;;;;;;;;;;;;;4;9.7;14.4;34.9;9.6;34.6;;;;;;;;;;;;;;8;;
PRE;05.12.2024 00:00;;;;;;;;;;;;;;2.9;10;10.4;36;9.7;34.9;;;;;;;;;;;;;;264;;
PRE;06.12.2024 00:00;;;;;;;;;;;;;;4;18.6;14.4;67;17.6;63.4;;;;;;;;;;;;;;251;;
PRE;07.12.2024 00:00;;;;;;;;;;;;;;5;14.3;18;51.5;13.7;49.3;;;;;;;;;;;;;;233;;
PRE;08.12.2024 00:00;;;;;;;;;;;;;;4.3;10.6;15.5;38.2;10.2;36.7;;;;;;;;;;;;;;268;;
PRE;09.12.2024 00:00;;;;;;;;;;;;;;7.9;19.6;28.4;70.6;18.9;68;;;;;;;;;;;;;;26;;
PRE;10.12.2024 00:00;;;;;;;;;;;;;;6;11.7;21.6;42.1;11.4;41;;;;;;;;;;;;;;14;;
PRE;11.12.2024 00:00;;;;;;;;;;;;;;4.1;8.4;14.8;30.2;8.3;29.9;;;;;;;;;;;;;;9;;
PRE;12.12.2024 00:00;;;;;;;;;;;;;;3.4;7.2;12.2;25.9;6.9;24.8;;;;;;;;;;;;;;2;;
PRE;13.12.2024 00:00;;;;;;;;;;;;;;3.2;8.3;11.5;29.9;8.1;29.2;;;;;;;;;;;;;;7;;
PRE;14.12.2024 00:00;;;;;;;;;;;;;;2.8;8.2;10.1;29.5;7.9;28.4;;;;;;;;;;;;;;243;;
PRE;15.12.2024 00:00;;;;;;;;;;;;;;1.7;5.1;6.1;18.4;5.1;18.4;;;;;;;;;;;;;;5;;
PRE;16.12.2024 00:00;;;;;;;;;;;;;;1.5;4.1;5.4;14.8;4;14.4;;;;;;;;;;;;;;299;;
PRE;17.12.2024 00:00;;;;;;;;;;;;;;1.2;3.5;4.3;12.6;3.5;12.6;;;;;;;;;;;;;;328;;
PRE;18.12.2024 00:00;;;;;;;;;;;;;;0.9;3.5;3.2;12.6;3.4;12.2;;;;;;;;;;;;;;315;;
PRE;19.12.2024 00:00;;;;;;;;;;;;;;4.4;20.8;15.8;74.9;20.4;73.4;;;;;;;;;;;;;;250;;
PRE;20.12.2024 00:00;;;;;;;;;;;;;;1.9;6.3;6.8;22.7;6.1;22;;;;;;;;;;;;;;346;;
PRE;21.12.2024 00:00;;;;;;;;;;;;;;3.9;10.6;14;38.2;10.4;37.4;;;;;;;;;;;;;;234;;
PRE;22.12.2024 00:00;;;;;;;;;;;;;;6.6;16.3;23.8;58.7;15.6;56.2;;;;;;;;;;;;;;249;;
PRE;23.12.2024 00:00;;;;;;;;;;;;;;2.4;10.2;8.6;36.7;10;36;;;;;;;;;;;;;;278;;
PRE;24.12.2024 00:00;;;;;;;;;;;;;;4.5;14.3;16.2;51.5;13.9;50;;;;;;;;;;;;;;21;;
PRE;25.12.2024 00:00;;;;;;;;;;;;;;5.3;13;19.1;46.8;12.9;46.4;;;;;;;;;;;;;;36;;
PRE;26.12.2024 00:00;;;;;;;;;;;;;;4.3;8.6;15.5;31;8.5;30.6;;;;;;;;;;;;;;11;;
PRE;27.12.2024 00:00;;;;;;;;;;;;;;1.9;4.7;6.8;16.9;4.6;16.6;;;;;;;;;;;;;;343;;
PRE;28.12.2024 00:00;;;;;;;;;;;;;;1.7;4.8;6.1;17.3;4.6;16.6;;;;;;;;;;;;;;326;;
PRE;29.12.2024 00:00;;;;;;;;;;;;;;1.4;3.7;5;13.3;3.6;13;;;;;;;;;;;;;;312;;
PRE;30.12.2024 00:00;;;;;;;;;;;;;;1.7;3.9;6.1;14;3.8;13.7;;;;;;;;;;;;;;323;;
PRE;31.12.2024 00:00;;;;;;;;;;;;;;1.6;3.7;5.8;13.3;3.6;13;;;;;;;;;;;;;;293;;
