station_abbr;reference_timestamp;tre200d0;tre200dx;tre200dn;tre005d0;tre005dx;tre005dn;ure200d0;pva200d0;prestad0;pp0qffd0;ppz850d0;ppz700d0;pp0qnhd0;fkl010d0;fkl010d1;fu3010d0;fu3010d1;fkl010d3;fu3010d3;wcc006d0;rre150d0;rka150d0;htoautd0;gre000d0;oli000d0;olo000d0;osr000d0;ods000d0;sre000d0;sremaxdv;erefaod0;xcd000d0;dkl010d0;xno000d0;xno012d0
SCM;29.01.1993 00:00;;;;;;;;;971.3;;;;;;;;;;;;;;;;;;;;;;;;;;
SCM;30.01.1993 00:00;;;;;;;;;976;;;;;;;;;;;;;;;;;;;;;;;;;;
SCM;31.01.1993 00:00;;;;;;;;;982.5;;;;;;;;;;;;;;;;;;;;;;;;;;
SCM;01.02.1993 00:00;;;;;;;;;988.3;;;;;0.6;2.9;2.2;10.4;;;;;;;;;;;;;;;;180;;
SCM;02.02.1993 00:00;;;;;;;;;990.5;;;;;0.7;2.8;2.5;10.1;;;;;;;;;;;;;;;;108;;
SCM;03.02.1993 00:00;;;;;;;;;989.6;;;;;0.8;3.1;2.9;11.2;;;;;;;;;;;;;;;;315;;
SCM;04.02.1993 00:00;;;;;;;;;987.6;;;;;0.7;2.9;2.5;10.4;;;;;;;;;;;;;;;;90;;
SCM;05.02.1993 00:00;;;;;;;;;986.5;;;;;0.7;2.9;2.5;10.4;;;;;;;;;;;;;;;;90;;
SCM;06.02.1993 00:00;;;;;;;;;985.1;;;;;0.7;2.8;2.5;10.1;;;;;;;;;;;;;;;;90;;
SCM;07.02.1993 00:00;;;;;;;;;983.9;;;;;0.7;3;2.5;10.8;;;;;;;;;;;;;;;;252;;
SCM;08.02.1993 00:00;;;;;;;;;984.8;;;;;1.1;4;4;14.4;;;;;;;;;;;;;;;;243;;
SCM;09.02.1993 00:00;;;;;;;;;983.2;;;;;1.1;3.5;4;12.6;;;;;;;;;;;;;;;;236;;
SCM;10.02.1993 00:00;;;;;;;;;982.7;;;;;0.9;3.5;3.2;12.6;;;;;;;;;;;;;;;;180;;
SCM;11.02.1993 00:00;;;;;;;;;984.5;;;;;1.1;3.1;4;11.2;;;;;;;;;;;;;;;;225;;
SCM;12.02.1993 00:00;;;;;;;;;986.7;;;;;1;3.6;3.6;13;;;;;;;;;;;;;;;;198;;
SCM;13.02.1993 00:00;;;;;;;;;987.4;;;;;0.7;2.8;2.5;10.1;;;;;;;;;;;;;;;;180;;
SCM;14.02.1993 00:00;;;;;;;;;985.9;;;;;0.8;2.5;2.9;9;;;;;;;;;;;;;;;;90;;
SCM;15.02.1993 00:00;;;;;;;;;985.2;;;;;1;3.3;3.6;11.9;;;;;;;;;;;;;;;;198;;
SCM;16.02.1993 00:00;;;;;;;;;982.5;;;;;1.1;3.9;4;14;;;;;;;;;;;;;;;;270;;
SCM;17.02.1993 00:00;;;;;;;;;978.4;;;;;0.6;2;2.2;7.2;;;;;;;;;;;;;;;;104;;
SCM;18.02.1993 00:00;;;;;;;;;978.3;;;;;1.1;5.4;4;19.4;;;;;;;;;;;;;;;;252;;
SCM;19.02.1993 00:00;;;;;;;;;972.2;;;;;3.1;14.1;11.2;50.8;;;;;;;;;;;;;;;;281;;
SCM;20.02.1993 00:00;;;;;;;;;976.6;;;;;2.8;9.4;10.1;33.8;;;;;;;;;;;;;;;;277;;
SCM;21.02.1993 00:00;;;;;;;;;963.1;;;;;5.1;15.5;18.4;55.8;;;;;;;;;;;;;;;;278;;
SCM;22.02.1993 00:00;;;;;;;;;967.5;;;;;1.9;6.8;6.8;24.5;;;;;;;;;;;;;;;;275;;
SCM;23.02.1993 00:00;;;;;;;;;973.4;;;;;1.2;6.5;4.3;23.4;;;;;;;;;;;;;;;;90;;
SCM;24.02.1993 00:00;;;;;;;;;979.4;;;;;2.3;8.8;8.3;31.7;;;;;;;;;;;;;;;;87;;
SCM;25.02.1993 00:00;;;;;;;;;975.9;;;;;1.3;7;4.7;25.2;;;;;;;;;;;;;;;;96;;
SCM;26.02.1993 00:00;;;;;;;;;967.5;;;;;1;6.8;3.6;24.5;;;;;;;;;;;;;;;;99;;
SCM;27.02.1993 00:00;;;;;;;;;964.4;;;;;0.8;3.5;2.9;12.6;;;;;;;;;;;;;;;;72;;
SCM;28.02.1993 00:00;;;;;;;;;963.8;;;;;2;9.5;7.2;34.2;;;;;;;;;;;;;;;;63;;
SCM;01.03.1993 00:00;;;;;;;;;956.9;;;;;1;4.5;3.6;16.2;;;;;;;;;;;;;;;;243;;
SCM;02.03.1993 00:00;;;;;;;;;955.1;;;;;0.7;3.3;2.5;11.9;;;;;;;;;;;;;;;;236;;
SCM;03.03.1993 00:00;;;;;;;;;963.1;;;;;1.2;4.1;4.3;14.8;;;;;;;;;;;;;;;;259;;
SCM;04.03.1993 00:00;;;;;;;;;971.4;;;;;1.1;7.4;4;26.6;;;;;;;;;;;;;;;;31;;
SCM;05.03.1993 00:00;;;;;;;;;974.4;;;;;1.3;4.4;4.7;15.8;;;;;;;;;;;;;;;;180;;
SCM;06.03.1993 00:00;;;;;;;;;972.4;;;;;1;5.8;3.6;20.9;;;;;;;;;;;;;;;;104;;
SCM;07.03.1993 00:00;;;;;;;;;970.9;;;;;1.1;8.6;4;31;;;;;;;;;;;;;;;;45;;
SCM;08.03.1993 00:00;;;;;;;;;971.2;;;;;3.6;13.8;13;49.7;;;;;;;;;;;;;;;;64;;
SCM;09.03.1993 00:00;;;;;;;;;976;;;;;0.9;3.6;3.2;13;;;;;;;;;;;;;;;;270;;
SCM;10.03.1993 00:00;;;;;;;;;978.5;;;;;0.9;4.8;3.2;17.3;;;;;;;;;;;;;;;;45;;
SCM;11.03.1993 00:00;;;;;;;;;979.3;;;;;0.9;6;3.2;21.6;;;;;;;;;;;;;;;;63;;
SCM;12.03.1993 00:00;;;;;;;;;977.5;;;;;0.8;5.3;2.9;19.1;;;;;;;;;;;;;;;;270;;
SCM;13.03.1993 00:00;;;;;;;;;975.3;;;;;1.4;5.3;5;19.1;;;;;;;;;;;;;;;;256;;
SCM;14.03.1993 00:00;;;;;;;;;977.3;;;;;1.1;7;4;25.2;;;;;;;;;;;;;;;;45;;
SCM;15.03.1993 00:00;;;;;;;;;980.4;;;;;1.2;6;4.3;21.6;;;;;;;;;;;;;;;;270;;
SCM;16.03.1993 00:00;;;;;;;;;982.4;;;;;1;6.1;3.6;22;;;;;;;;;;;;;;;;225;;
SCM;17.03.1993 00:00;;;;;;;;;982.5;;;;;1;6.1;3.6;22;;;;;;;;;;;;;;;;90;;
SCM;18.03.1993 00:00;;;;;;;;;979;;;;;1.7;12.3;6.1;44.3;;;;;;;;;;;;;;;;90;;
SCM;19.03.1993 00:00;;;;;;;;;979.3;;;;;1.4;6.4;5;23;;;;;;;;;;;;;;;;270;;
SCM;20.03.1993 00:00;;;;;;;;;975.4;;;;;0.7;7.6;2.5;27.4;;;;;;;;;;;;;;;;225;;
SCM;21.03.1993 00:00;;;;;;;;;970.6;;;;;1.6;7.3;5.8;26.3;;;;;;;;;;;;;;;;284;;
SCM;22.03.1993 00:00;;;;;;;;;971.8;;;;;1.1;7.4;4;26.6;;;;;;;;;;;;;;;;101;;
SCM;23.03.1993 00:00;;;;;;;;;976.4;;;;;1.6;7.5;5.8;27;;;;;;;;;;;;;;;;248;;
SCM;24.03.1993 00:00;;;;;;;;;976.7;;;;;1.8;5.4;6.5;19.4;;;;;;;;;;;;;;;;266;;
SCM;25.03.1993 00:00;;;;;;;;;977.6;;;;;1.3;8;4.7;28.8;;;;;;;;;;;;;;;;270;;
SCM;26.03.1993 00:00;;;;;;;;;976.3;;;;;1.3;6.3;4.7;22.7;;;;;;;;;;;;;;;;153;;
SCM;27.03.1993 00:00;;;;;;;;;974.3;;;;;0.9;7;3.2;25.2;;;;;;;;;;;;;;;;90;;
SCM;28.03.1993 00:00;;;;;;;;;970.8;;;;;2.1;9.3;7.6;33.5;;;;;;;;;;;;;;;;69;;
SCM;29.03.1993 00:00;;;;;;;;;973.5;;;;;1.9;7.1;6.8;25.6;;;;;;;;;;;;;;;;101;;
SCM;30.03.1993 00:00;;;;;;;;;975.2;;;;;2.2;9.4;7.9;33.8;;;;;;;;;;;;;;;;127;;
SCM;31.03.1993 00:00;;;;;;;;;973.3;;;;;1.8;9.3;6.5;33.5;;;;;;;;;;;;;;;;85;;
SCM;01.04.1993 00:00;;;;;;;;;965.2;;;;;4.6;13.4;16.6;48.2;;;;;;;;;;;;;;;;119;;
SCM;02.04.1993 00:00;;;;;;;;;966.7;;;;;2.2;6;7.9;21.6;;;;;;;;;;;;;;;;267;;
SCM;03.04.1993 00:00;;;;;;;;;965.6;;;;;1.4;6.3;5;22.7;;;;;;;;;;;;;;;;243;;
SCM;04.04.1993 00:00;;;;;;;;;965.7;;;;;2.4;18.1;8.6;65.2;;;;;;;;;;;;;;;;276;;
SCM;05.04.1993 00:00;;;;;;;;;968;;;;;1.8;8.5;6.5;30.6;;;;;;;;;;;;;;;;162;;
SCM;06.04.1993 00:00;;;;;;;;;964.1;;;;;3.1;12.5;11.2;45;;;;;;;;;;;;;;;;265;;
SCM;07.04.1993 00:00;;;;;;;;;966.7;;;;;2;15.6;7.2;56.2;;;;;;;;;;;;;;;;249;;
SCM;08.04.1993 00:00;;;;;;;;;969.6;;;;;1.2;4.8;4.3;17.3;;;;;;;;;;;;;;;;98;;
SCM;09.04.1993 00:00;;;;;;;;;968.5;;;;;1.4;5;5;18;;;;;;;;;;;;;;;;270;;
SCM;10.04.1993 00:00;;;;;;;;;964;;;;;1.4;11;5;39.6;;;;;;;;;;;;;;;;96;;
SCM;11.04.1993 00:00;;;;;;;;;959.7;;;;;1.2;9.6;4.3;34.6;;;;;;;;;;;;;;;;270;;
SCM;12.04.1993 00:00;;;;;;;;;956.7;;;;;1.2;5.9;4.3;21.2;;;;;;;;;;;;;;;;225;;
SCM;13.04.1993 00:00;;;;;;;;;956;;;;;1.8;10.4;6.5;37.4;;;;;;;;;;;;;;;;236;;
SCM;14.04.1993 00:00;;;;;;;;;963.3;;;;;1.7;7.1;6.1;25.6;;;;;;;;;;;;;;;;239;;
SCM;15.04.1993 00:00;;;;;;;;;965.3;;;;;1.4;13.4;5;48.2;;;;;;;;;;;;;;;;225;;
SCM;16.04.1993 00:00;;;;;;;;;973.2;;;;;0.8;6.8;2.9;24.5;;;;;;;;;;;;;;;;135;;
SCM;17.04.1993 00:00;;;;;;;;;975.4;;;;;1.1;7.6;4;27.4;;;;;;;;;;;;;;;;96;;
SCM;18.04.1993 00:00;;;;;;;;;974.8;;;;;0.8;4.3;2.9;15.5;;;;;;;;;;;;;;;;106;;
SCM;19.04.1993 00:00;;;;;;;;;974.1;;;;;1.7;10;6.1;36;;;;;;;;;;;;;;;;258;;
SCM;20.04.1993 00:00;;;;;;;;;970.9;;;;;1.6;6.6;5.8;23.8;;;;;;;;;;;;;;;;270;;
SCM;21.04.1993 00:00;;;;;;;;;966.2;;;;;2.5;14;9;50.4;;;;;;;;;;;;;;;;99;;
SCM;22.04.1993 00:00;;;;;;;;;965.5;;;;;2.8;18.1;10.1;65.2;;;;;;;;;;;;;;;;120;;
SCM;23.04.1993 00:00;;;;;;;;;964.5;;;;;2.6;12.4;9.4;44.6;;;;;;;;;;;;;;;;135;;
SCM;24.04.1993 00:00;;;;;;;;;958.3;;;;;7.2;19.9;25.9;71.6;;;;;;;;;;;;;;;;116;;
SCM;25.04.1993 00:00;;;;;;;;;956.7;;;;;4.1;17.8;14.8;64.1;;;;;;;;;;;;;;;;117;;
SCM;26.04.1993 00:00;;;;;;;;;963.2;;;;;2.2;13.4;7.9;48.2;;;;;;;;;;;;;;;;241;;
SCM;27.04.1993 00:00;;;;;;;;;964;;;;;5.5;17.3;19.8;62.3;;;;;;;;;;;;;;;;111;;
SCM;28.04.1993 00:00;;;;;;;;;961.2;;;;;4;16.1;14.4;58;;;;;;;;;;;;;;;;108;;
SCM;29.04.1993 00:00;;;;;;;;;963.9;;;;;1.1;5.8;4;20.9;;;;;;;;;;;;;;;;270;;
SCM;30.04.1993 00:00;;;;;;;;;963.7;;;;;1.7;10.3;6.1;37.1;;;;;;;;;;;;;;;;262;;
SCM;01.05.1993 00:00;;;;;;;;;964.3;;;;;1.9;7.5;6.8;27;;;;;;;;;;;;;;;;236;;
SCM;02.05.1993 00:00;;;;;;;;;965.2;;;;;1.6;9.6;5.8;34.6;;;;;;;;;;;;;;;;264;;
SCM;03.05.1993 00:00;;;;;;;;;972.4;;;;;1.2;9.6;4.3;34.6;;;;;;;;;;;;;;;;243;;
SCM;04.05.1993 00:00;;;;;;;;;975.7;;;;;1.8;11.1;6.5;40;;;;;;;;;;;;;;;;73;;
SCM;05.05.1993 00:00;;;;;;;;;971.6;;;;;1.3;6.1;4.7;22;;;;;;;;;;;;;;;;333;;
SCM;06.05.1993 00:00;;;;;;;;;969;;;;;1.2;4.9;4.3;17.6;;;;;;;;;;;;;;;;270;;
SCM;07.05.1993 00:00;;;;;;;;;969.1;;;;;1.3;5.8;4.7;20.9;;;;;;;;;;;;;;;;256;;
SCM;08.05.1993 00:00;;;;;;;;;969;;;;;1.7;6.6;6.1;23.8;;;;;;;;;;;;;;;;254;;
SCM;09.05.1993 00:00;;;;;;;;;968.4;;;;;1.7;10.9;6.1;39.2;;;;;;;;;;;;;;;;292;;
SCM;10.05.1993 00:00;;;;;;;;;968.2;;;;;1.5;6.1;5.4;22;;;;;;;;;;;;;;;;0;;
SCM;11.05.1993 00:00;;;;;;;;;965.3;;;;;2.6;15.9;9.4;57.2;;;;;;;;;;;;;;;;124;;
SCM;12.05.1993 00:00;;;;;;;;;961.8;;;;;1.2;5;4.3;18;;;;;;;;;;;;;;;;248;;
SCM;13.05.1993 00:00;;;;;;;;;954.4;;;;;1.7;9.8;6.1;35.3;;;;;;;;;;;;;;;;254;;
SCM;14.05.1993 00:00;;;;;;;;;956.6;;;;;1.1;7;4;25.2;;;;;;;;;;;;;;;;225;;
SCM;15.05.1993 00:00;;;;;;;;;963.9;;;;;1.7;12.4;6.1;44.6;;;;;;;;;;;;;;;;240;;
SCM;16.05.1993 00:00;;;;;;;;;972.4;;;;;1.2;6.6;4.3;23.8;;;;;;;;;;;;;;;;243;;
SCM;17.05.1993 00:00;;;;;;;;;968.1;;;;;1.6;9.5;5.8;34.2;;;;;;;;;;;;;;;;180;;
SCM;18.05.1993 00:00;;;;;;;;;964.7;;;;;2;14.5;7.2;52.2;;;;;;;;;;;;;;;;261;;
SCM;19.05.1993 00:00;;;;;;;;;965.4;;;;;1.7;7;6.1;25.2;;;;;;;;;;;;;;;;270;;
SCM;20.05.1993 00:00;;;;;;;;;966.8;;;;;2.5;24.1;9;86.8;;;;;;;;;;;;;;;;267;;
SCM;21.05.1993 00:00;;;;;;;;;973.6;;;;;2;10.1;7.2;36.4;;;;;;;;;;;;;;;;284;;
SCM;22.05.1993 00:00;;;;;;;;;971.1;;;;;2;6.9;7.2;24.8;;;;;;;;;;;;;;;;247;;
SCM;23.05.1993 00:00;;;;;;;;;971.1;;;;;1.4;6.6;5;23.8;;;;;;;;;;;;;;;;270;;
SCM;24.05.1993 00:00;;;;;;;;;970.1;;;;;1.7;10;6.1;36;;;;;;;;;;;;;;;;135;;
SCM;25.05.1993 00:00;;;;;;;;;967.3;;;;;2;10.4;7.2;37.4;;;;;;;;;;;;;;;;101;;
SCM;26.05.1993 00:00;;;;;;;;;962.4;;;;;1.8;9.4;6.5;33.8;;;;;;;;;;;;;;;;0;;
SCM;27.05.1993 00:00;;;;;;;;;961;;;;;2.8;16;10.1;57.6;;;;;;;;;;;;;;;;263;;
SCM;28.05.1993 00:00;;;;;;;;;967.4;;;;;2.3;14;8.3;50.4;;;;;;;;;;;;;;;;102;;
SCM;29.05.1993 00:00;;;;;;;;;969.2;;;;;1.6;4.8;5.8;17.3;;;;;;;;;;;;;;;;239;;
SCM;30.05.1993 00:00;;;;;;;;;967.5;;;;;1.6;12.8;5.8;46.1;;;;;;;;;;;;;;;;239;;
SCM;31.05.1993 00:00;;;;;;;;;972.3;;;;;1.4;6.6;5;23.8;;;;;;;;;;;;;;;;248;;
SCM;01.06.1993 00:00;;;;;;;;;969.6;;;;;1.3;4.4;4.7;15.8;;;;;;;;;;;;;;;;259;;
SCM;02.06.1993 00:00;;;;;;;;;968.1;;;;;2.1;16.1;7.6;58;;;;;;;;;;;;;;;;278;;
SCM;03.06.1993 00:00;;;;;;;;;969.9;;;;;1.8;9.1;6.5;32.8;;;;;;;;;;;;;;;;270;;
SCM;04.06.1993 00:00;;;;;;;;;969.7;;;;;1.5;10.3;5.4;37.1;;;;;;;;;;;;;;;;90;;
SCM;05.06.1993 00:00;;;;;;;;;971.6;;;;;1.7;6.5;6.1;23.4;;;;;;;;;;;;;;;;248;;
SCM;06.06.1993 00:00;;;;;;;;;971.7;;;;;1;4.3;3.6;15.5;;;;;;;;;;;;;;;;270;;
SCM;07.06.1993 00:00;;;;;;;;;970.3;;;;;1.4;8.4;5;30.2;;;;;;;;;;;;;;;;256;;
SCM;08.06.1993 00:00;;;;;;;;;968;;;;;1.6;7.9;5.8;28.4;;;;;;;;;;;;;;;;68;;
SCM;09.06.1993 00:00;;;;;;;;;965.4;;;;;1.7;9.8;6.1;35.3;;;;;;;;;;;;;;;;278;;
SCM;10.06.1993 00:00;;;;;;;;;965;;;;;1.6;7;5.8;25.2;;;;;;;;;;;;;;;;243;;
SCM;11.06.1993 00:00;;;;;;;;;968;;;;;2.6;12.8;9.4;46.1;;;;;;;;;;;;;;;;0;;
SCM;12.06.1993 00:00;;;;;;;;;968.4;;;;;3.2;11.4;11.5;41;;;;;;;;;;;;;;;;270;;
SCM;13.06.1993 00:00;;;;;;;;;968.1;;;;;1.4;9.3;5;33.5;;;;;;;;;;;;;;;;262;;
SCM;14.06.1993 00:00;;;;;;;;;972.1;;;;;1.1;10;4;36;;;;;;;;;;;;;;;;162;;
SCM;15.06.1993 00:00;;;;;;;;;974.1;;;;;1;7.8;3.6;28.1;;;;;;;;;;;;;;;;180;;
SCM;16.06.1993 00:00;;;;;;;;;975.1;;;;;1.2;6.1;4.3;22;;;;;;;;;;;;;;;;231;;
SCM;17.06.1993 00:00;;;;;;;;;974;;;;;1.7;9.3;6.1;33.5;;;;;;;;;;;;;;;;270;;
SCM;18.06.1993 00:00;;;;;;;;;974;;;;;1.5;7.5;5.4;27;;;;;;;;;;;;;;;;180;;
SCM;19.06.1993 00:00;;;;;;;;;970.9;;;;;1.4;8;5;28.8;;;;;;;;;;;;;;;;207;;
SCM;20.06.1993 00:00;;;;;;;;;970.9;;;;;1.3;8.3;4.7;29.9;;;;;;;;;;;;;;;;104;;
SCM;21.06.1993 00:00;;;;;;;;;968.4;;;;;1.4;8.6;5;31;;;;;;;;;;;;;;;;104;;
SCM;22.06.1993 00:00;;;;;;;;;965.4;;;;;1.9;11.4;6.8;41;;;;;;;;;;;;;;;;243;;
SCM;23.06.1993 00:00;;;;;;;;;964.7;;;;;1.1;9.4;4;33.8;;;;;;;;;;;;;;;;124;;
SCM;24.06.1993 00:00;;;;;;;;;973.4;;;;;0.8;3.5;2.9;12.6;;;;;;;;;;;;;;;;256;;
SCM;25.06.1993 00:00;;;;;;;;;976.8;;;;;2;7.6;7.2;27.4;;;;;;;;;;;;;;;;249;;
SCM;26.06.1993 00:00;;;;;;;;;975.4;;;;;0.7;5.3;2.5;19.1;;;;;;;;;;;;;;;;146;;
SCM;27.06.1993 00:00;;;;;;;;;972.3;;;;;1;8;3.6;28.8;;;;;;;;;;;;;;;;90;;
SCM;28.06.1993 00:00;;;;;;;;;970.1;;;;;2.6;10.4;9.4;37.4;;;;;;;;;;;;;;;;36;;
SCM;29.06.1993 00:00;;;;;;;;;967.2;;;;;1.4;4.8;5;17.3;;;;;;;;;;;;;;;;256;;
SCM;30.06.1993 00:00;;;;;;;;;968.1;;;;;1.2;6;4.3;21.6;;;;;;;;;;;;;;;;263;;
SCM;01.07.1993 00:00;;;;;;;;;968.8;;;;;1.8;11.1;6.5;40;;;;;;;;;;;;;;;;217;;
SCM;02.07.1993 00:00;;;;;;;;;971.1;;;;;1.1;8.3;4;29.9;;;;;;;;;;;;;;;;180;;
SCM;03.07.1993 00:00;;;;;;;;;974.7;;;;;1.4;4.5;5;16.2;;;;;;;;;;;;;;;;254;;
SCM;04.07.1993 00:00;;;;;;;;;976.4;;;;;1.2;3.4;4.3;12.2;;;;;;;;;;;;;;;;270;;
SCM;05.07.1993 00:00;;;;;;;;;969.9;;;;;1.7;13.3;6.1;47.9;;;;;;;;;;;;;;;;243;;
SCM;06.07.1993 00:00;;;;;;;;;975.9;;;;;1.3;9.4;4.7;33.8;;;;;;;;;;;;;;;;225;;
SCM;07.07.1993 00:00;;;;;;;;;977.2;;;;;1.4;5.3;5;19.1;;;;;;;;;;;;;;;;238;;
SCM;08.07.1993 00:00;;;;;;;;;972.5;;;;;2;7.3;7.2;26.3;;;;;;;;;;;;;;;;247;;
SCM;09.07.1993 00:00;;;;;;;;;966.6;;;;;1.1;6.5;4;23.4;;;;;;;;;;;;;;;;180;;
SCM;10.07.1993 00:00;;;;;;;;;963;;;;;2.2;12.1;7.9;43.6;;;;;;;;;;;;;;;;270;;
SCM;11.07.1993 00:00;;;;;;;;;968.1;;;;;2;13.4;7.2;48.2;;;;;;;;;;;;;;;;112;;
SCM;12.07.1993 00:00;;;;;;;;;974.4;;;;;1.8;23.1;6.5;83.2;;;;;;;;;;;;;;;;135;;
SCM;13.07.1993 00:00;;;;;;;;;977.9;;;;;1.2;4.3;4.3;15.5;;;;;;;;;;;;;;;;117;;
SCM;14.07.1993 00:00;;;;;;;;;971.8;;;;;2;8.6;7.2;31;;;;;;;;;;;;;;;;90;;
SCM;15.07.1993 00:00;;;;;;;;;969.7;;;;;1.3;6.4;4.7;23;;;;;;;;;;;;;;;;99;;
SCM;16.07.1993 00:00;;;;;;;;;970.8;;;;;1.6;13;5.8;46.8;;;;;;;;;;;;;;;;90;;
SCM;17.07.1993 00:00;;;;;;;;;972.7;;;;;1.6;17.1;5.8;61.6;;;;;;;;;;;;;;;;90;;
SCM;18.07.1993 00:00;;;;;;;;;970.9;;;;;1.7;9.8;6.1;35.3;;;;;;;;;;;;;;;;108;;
SCM;19.07.1993 00:00;;;;;;;;;966.7;;;;;1.1;10.8;4;38.9;;;;;;;;;;;;;;;;99;;
SCM;20.07.1993 00:00;;;;;;;;;966;;;;;1.1;11.6;4;41.8;;;;;;;;;;;;;;;;135;;
SCM;21.07.1993 00:00;;;;;;;;;972.3;;;;;1.1;11.1;4;40;;;;;;;;;;;;;;;;124;;
SCM;22.07.1993 00:00;;;;;;;;;976.8;;;;;1.1;12.4;4;44.6;;;;;;;;;;;;;;;;101;;
SCM;23.07.1993 00:00;;;;;;;;;978;;;;;1.3;5.6;4.7;20.2;;;;;;;;;;;;;;;;239;;
SCM;24.07.1993 00:00;;;;;;;;;971.3;;;;;1.3;6.9;4.7;24.8;;;;;;;;;;;;;;;;180;;
SCM;25.07.1993 00:00;;;;;;;;;966.3;;;;;1.5;7.5;5.4;27;;;;;;;;;;;;;;;;90;;
SCM;26.07.1993 00:00;;;;;;;;;972.4;;;;;1.3;7.6;4.7;27.4;;;;;;;;;;;;;;;;239;;
SCM;27.07.1993 00:00;;;;;;;;;974.4;;;;;1.2;5.3;4.3;19.1;;;;;;;;;;;;;;;;211;;
SCM;28.07.1993 00:00;;;;;;;;;974.5;;;;;0.8;3.6;2.9;13;;;;;;;;;;;;;;;;117;;
SCM;29.07.1993 00:00;;;;;;;;;973.1;;;;;1.2;6.9;4.3;24.8;;;;;;;;;;;;;;;;76;;
SCM;30.07.1993 00:00;;;;;;;;;968.6;;;;;1.9;22.4;6.8;80.6;;;;;;;;;;;;;;;;90;;
SCM;31.07.1993 00:00;;;;;;;;;974.7;;;;;1.4;15;5;54;;;;;;;;;;;;;;;;254;;
SCM;01.08.1993 00:00;;;;;;;;;974.6;;;;;1.5;5.4;5.4;19.4;;;;;;;;;;;;;;;;263;;
SCM;02.08.1993 00:00;;;;;;;;;972.4;;;;;1.1;5.5;4;19.8;;;;;;;;;;;;;;;;225;;
SCM;03.08.1993 00:00;;;;;;;;;972.5;;;;;2.4;12;8.6;43.2;;;;;;;;;;;;;;;;104;;
SCM;04.08.1993 00:00;;;;;;;;;972.6;;;;;2.1;20.3;7.6;73.1;;;;;;;;;;;;;;;;90;;
SCM;05.08.1993 00:00;;;;;;;;;971.5;;;;;1.2;9.1;4.3;32.8;;;;;;;;;;;;;;;;108;;
SCM;06.08.1993 00:00;;;;;;;;;974.7;;;;;0.9;5.9;3.2;21.2;;;;;;;;;;;;;;;;225;;
SCM;07.08.1993 00:00;;;;;;;;;972.9;;;;;1;3.8;3.6;13.7;;;;;;;;;;;;;;;;262;;
SCM;08.08.1993 00:00;;;;;;;;;970.7;;;;;1.1;7.3;4;26.3;;;;;;;;;;;;;;;;233;;
SCM;09.08.1993 00:00;;;;;;;;;970.5;;;;;1;3.9;3.6;14;;;;;;;;;;;;;;;;162;;
SCM;10.08.1993 00:00;;;;;;;;;968.7;;;;;1.4;11.1;5;40;;;;;;;;;;;;;;;;90;;
SCM;11.08.1993 00:00;;;;;;;;;971.2;;;;;1.3;6.4;4.7;23;;;;;;;;;;;;;;;;191;;
SCM;12.08.1993 00:00;;;;;;;;;969.8;;;;;1;6.5;3.6;23.4;;;;;;;;;;;;;;;;90;;
SCM;13.08.1993 00:00;;;;;;;;;973.1;;;;;1.5;5.6;5.4;20.2;;;;;;;;;;;;;;;;256;;
SCM;14.08.1993 00:00;;;;;;;;;970.5;;;;;1.5;6.4;5.4;23;;;;;;;;;;;;;;;;256;;
SCM;15.08.1993 00:00;;;;;;;;;972.3;;;;;1.7;9;6.1;32.4;;;;;;;;;;;;;;;;236;;
SCM;16.08.1993 00:00;;;;;;;;;974;;;;;1.1;5.4;4;19.4;;;;;;;;;;;;;;;;243;;
SCM;17.08.1993 00:00;;;;;;;;;975.9;;;;;1;8.5;3.6;30.6;;;;;;;;;;;;;;;;297;;
SCM;18.08.1993 00:00;;;;;;;;;976;;;;;1.3;4.3;4.7;15.5;;;;;;;;;;;;;;;;240;;
SCM;19.08.1993 00:00;;;;;;;;;976;;;;;1.2;6.1;4.3;22;;;;;;;;;;;;;;;;243;;
SCM;20.08.1993 00:00;;;;;;;;;976.4;;;;;1;5.9;3.6;21.2;;;;;;;;;;;;;;;;225;;
SCM;21.08.1993 00:00;;;;;;;;;972.5;;;;;1.1;7.4;4;26.6;;;;;;;;;;;;;;;;90;;
SCM;22.08.1993 00:00;;;;;;;;;965.6;;;;;1.5;11.4;5.4;41;;;;;;;;;;;;;;;;117;;
SCM;23.08.1993 00:00;;;;;;;;;965.7;;;;;1.4;9.8;5;35.3;;;;;;;;;;;;;;;;180;;
SCM;24.08.1993 00:00;;;;;;;;;968.4;;;;;1.2;8;4.3;28.8;;;;;;;;;;;;;;;;292;;
SCM;25.08.1993 00:00;;;;;;;;;969.4;;;;;1.2;4.5;4.3;16.2;;;;;;;;;;;;;;;;279;;
SCM;26.08.1993 00:00;;;;;;;;;969.1;;;;;1.1;5.8;4;20.9;;;;;;;;;;;;;;;;117;;
SCM;27.08.1993 00:00;;;;;;;;;965.4;;;;;1.4;6.6;5;23.8;;;;;;;;;;;;;;;;270;;
SCM;28.08.1993 00:00;;;;;;;;;971.5;;;;;1;4.9;3.6;17.6;;;;;;;;;;;;;;;;292;;
SCM;29.08.1993 00:00;;;;;;;;;978;;;;;1.3;8.3;4.7;29.9;;;;;;;;;;;;;;;;56;;
SCM;30.08.1993 00:00;;;;;;;;;977.3;;;;;1.2;7.5;4.3;27;;;;;;;;;;;;;;;;236;;
SCM;31.08.1993 00:00;;;;;;;;;976.3;;;;;1;5;3.6;18;;;;;;;;;;;;;;;;90;;
SCM;01.09.1993 00:00;;;;;;;;;977.3;;;;;2.1;8.9;7.6;32;;;;;;;;;;;;;;;;81;;
SCM;02.09.1993 00:00;;;;;;;;;974.4;;;;;1.2;5.6;4.3;20.2;;;;;;;;;;;;;;;;233;;
SCM;03.09.1993 00:00;;;;;;;;;967.3;;;;;0.8;5.1;2.9;18.4;;;;;;;;;;;;;;;;101;;
SCM;04.09.1993 00:00;;;;;;;;;966.8;;;;;1.1;6.1;4;22;;;;;;;;;;;;;;;;180;;
SCM;05.09.1993 00:00;;;;;;;;;971.3;;;;;1.5;8.6;5.4;31;;;;;;;;;;;;;;;;90;;
SCM;06.09.1993 00:00;;;;;;;;;970.1;;;;;1.9;9.3;6.8;33.5;;;;;;;;;;;;;;;;162;;
SCM;07.09.1993 00:00;;;;;;;;;965.9;;;;;2.4;11.3;8.6;40.7;;;;;;;;;;;;;;;;90;;
SCM;08.09.1993 00:00;;;;;;;;;963.8;;;;;1.5;8.3;5.4;29.9;;;;;;;;;;;;;;;;90;;
SCM;09.09.1993 00:00;;;;;;;;;963.7;;;;;1.8;18.9;6.5;68;;;;;;;;;;;;;;;;257;;
SCM;10.09.1993 00:00;;;;;;;;;966.1;;;;;1.2;10.4;4.3;37.4;;;;;;;;;;;;;;;;106;;
SCM;11.09.1993 00:00;;;;;;;;;964.6;;;;;1.5;8.3;5.4;29.9;;;;;;;;;;;;;;;;117;;
SCM;12.09.1993 00:00;;;;;;;;;961.1;;;;;1.3;10;4.7;36;;;;;;;;;;;;;;;;225;;
SCM;13.09.1993 00:00;;;;;;;;;954.1;;;;;2.7;17.9;9.7;64.4;;;;;;;;;;;;;;;;275;;
SCM;14.09.1993 00:00;;;;;;;;;956.6;;;;;1.6;9.6;5.8;34.6;;;;;;;;;;;;;;;;225;;
SCM;15.09.1993 00:00;;;;;;;;;960.1;;;;;1.4;7.1;5;25.6;;;;;;;;;;;;;;;;108;;
SCM;16.09.1993 00:00;;;;;;;;;965.7;;;;;1.7;10.8;6.1;38.9;;;;;;;;;;;;;;;;284;;
SCM;17.09.1993 00:00;;;;;;;;;969.9;;;;;1.1;5.5;4;19.8;;;;;;;;;;;;;;;;243;;
SCM;18.09.1993 00:00;;;;;;;;;971.4;;;;;0.6;3.3;2.2;11.9;;;;;;;;;;;;;;;;0;;
SCM;19.09.1993 00:00;;;;;;;;;974.5;;;;;0.9;5.3;3.2;19.1;;;;;;;;;;;;;;;;225;;
SCM;20.09.1993 00:00;;;;;;;;;975.5;;;;;1;5.1;3.6;18.4;;;;;;;;;;;;;;;;90;;
SCM;21.09.1993 00:00;;;;;;;;;973.6;;;;;1;6.3;3.6;22.7;;;;;;;;;;;;;;;;270;;
SCM;22.09.1993 00:00;;;;;;;;;967.3;;;;;2.4;16.5;8.6;59.4;;;;;;;;;;;;;;;;108;;
SCM;23.09.1993 00:00;;;;;;;;;964.5;;;;;1.1;5.1;4;18.4;;;;;;;;;;;;;;;;243;;
SCM;24.09.1993 00:00;;;;;;;;;959.1;;;;;1.3;8.8;4.7;31.7;;;;;;;;;;;;;;;;249;;
SCM;25.09.1993 00:00;;;;;;;;;960.9;;;;;1.8;9.9;6.5;35.6;;;;;;;;;;;;;;;;287;;
SCM;26.09.1993 00:00;;;;;;;;;968.7;;;;;1.3;9.1;4.7;32.8;;;;;;;;;;;;;;;;284;;
SCM;27.09.1993 00:00;;;;;;;;;969.3;;;;;1.6;6.8;5.8;24.5;;;;;;;;;;;;;;;;231;;
SCM;28.09.1993 00:00;;;;;;;;;969;;;;;1.4;6.4;5;23;;;;;;;;;;;;;;;;293;;
SCM;29.09.1993 00:00;;;;;;;;;968.9;;;;;1;4.3;3.6;15.5;;;;;;;;;;;;;;;;124;;
SCM;30.09.1993 00:00;;;;;;;;;966.2;;;;;1.1;6.6;4;23.8;;;;;;;;;;;;;;;;180;;
SCM;01.10.1993 00:00;;;;;;;;;956;;;;;1.8;11.5;6.5;41.4;;;;;;;;;;;;;;;;252;;
SCM;02.10.1993 00:00;;;;;;;;;950.1;;;;;1.3;8;4.7;28.8;;;;;;;;;;;;;;;;297;;
SCM;03.10.1993 00:00;;;;;;;;;958;;;;;1.4;9.4;5;33.8;;;;;;;;;;;;;;;;63;;
SCM;04.10.1993 00:00;;;;;;;;;965.8;;;;;0.9;6.4;3.2;23;;;;;;;;;;;;;;;;90;;
SCM;05.10.1993 00:00;;;;;;;;;961.9;;;;;1.4;8.5;5;30.6;;;;;;;;;;;;;;;;252;;
SCM;06.10.1993 00:00;;;;;;;;;960;;;;;1.3;5.6;4.7;20.2;;;;;;;;;;;;;;;;81;;
SCM;07.10.1993 00:00;;;;;;;;;963.3;;;;;0.8;3.4;2.9;12.2;;;;;;;;;;;;;;;;243;;
SCM;08.10.1993 00:00;;;;;;;;;961.7;;;;;1.4;11;5;39.6;;;;;;;;;;;;;;;;104;;
SCM;09.10.1993 00:00;;;;;;;;;967.9;;;;;1.1;3.5;4;12.6;;;;;;;;;;;;;;;;124;;
SCM;10.10.1993 00:00;;;;;;;;;965.9;;;;;1.4;5.8;5;20.9;;;;;;;;;;;;;;;;257;;
SCM;11.10.1993 00:00;;;;;;;;;961.7;;;;;1.6;12.3;5.8;44.3;;;;;;;;;;;;;;;;257;;
SCM;12.10.1993 00:00;;;;;;;;;957.2;;;;;3.4;16;12.2;57.6;;;;;;;;;;;;;;;;120;;
SCM;13.10.1993 00:00;;;;;;;;;958.5;;;;;2;10.8;7.2;38.9;;;;;;;;;;;;;;;;180;;
SCM;14.10.1993 00:00;;;;;;;;;957.6;;;;;1.5;14;5.4;50.4;;;;;;;;;;;;;;;;72;;
SCM;15.10.1993 00:00;;;;;;;;;965.8;;;;;2.1;13.8;7.6;49.7;;;;;;;;;;;;;;;;90;;
SCM;16.10.1993 00:00;;;;;;;;;970.3;;;;;1.4;5.5;5;19.8;;;;;;;;;;;;;;;;257;;
SCM;17.10.1993 00:00;;;;;;;;;971.9;;;;;1.6;7;5.8;25.2;;;;;;;;;;;;;;;;270;;
SCM;18.10.1993 00:00;;;;;;;;;981;;;;;1.2;6.3;4.3;22.7;;;;;;;;;;;;;;;;281;;
SCM;19.10.1993 00:00;;;;;;;;;982.1;;;;;1.1;3.7;4;13.3;;;;;;;;;;;;;;;;270;;
SCM;20.10.1993 00:00;;;;;;;;;977;;;;;0.7;3;2.5;10.8;;;;;;;;;;;;;;;;281;;
SCM;21.10.1993 00:00;;;;;;;;;969.5;;;;;1;7.2;3.6;25.9;;;;;;;;;;;;;;;;90;;
SCM;22.10.1993 00:00;;;;;;;;;965.4;;;;;1.6;7.3;5.8;26.3;;;;;;;;;;;;;;;;74;;
SCM;23.10.1993 00:00;;;;;;;;;966.1;;;;;0.8;3.8;2.9;13.7;;;;;;;;;;;;;;;;76;;
SCM;24.10.1993 00:00;;;;;;;;;970.2;;;;;0.8;3.6;2.9;13;;;;;;;;;;;;;;;;72;;
SCM;25.10.1993 00:00;;;;;;;;;977.3;;;;;1.9;8.8;6.8;31.7;;;;;;;;;;;;;;;;68;;
SCM;26.10.1993 00:00;;;;;;;;;978.5;;;;;1.1;6.2;4;22.3;;;;;;;;;;;;;;;;63;;
SCM;27.10.1993 00:00;;;;;;;;;978.4;;;;;0.8;5.2;2.9;18.7;;;;;;;;;;;;;;;;72;;
SCM;28.10.1993 00:00;;;;;;;;;976.8;;;;;1;3.8;3.6;13.7;;;;;;;;;;;;;;;;135;;
SCM;29.10.1993 00:00;;;;;;;;;976.9;;;;;1.1;3.1;4;11.2;;;;;;;;;;;;;;;;180;;
SCM;30.10.1993 00:00;;;;;;;;;977.4;;;;;1.1;3.3;4;11.9;;;;;;;;;;;;;;;;180;;
SCM;31.10.1993 00:00;;;;;;;;;974.5;;;;;0.8;3.2;2.9;11.5;;;;;;;;;;;;;;;;90;;
SCM;01.11.1993 00:00;;;;;;;;;970.4;;;;;0.8;3.1;2.9;11.2;;;;;;;;;;;;;;;;270;;
SCM;02.11.1993 00:00;;;;;;;;;966;;;;;0.7;3.1;2.5;11.2;;;;;;;;;;;;;;;;270;;
SCM;03.11.1993 00:00;;;;;;;;;965.4;;;;;0.6;2.5;2.2;9;;;;;;;;;;;;;;;;270;;
SCM;04.11.1993 00:00;;;;;;;;;965.4;;;;;0.9;4;3.2;14.4;;;;;;;;;;;;;;;;225;;
SCM;05.11.1993 00:00;;;;;;;;;960.6;;;;;1;3.5;3.6;12.6;;;;;;;;;;;;;;;;153;;
SCM;06.11.1993 00:00;;;;;;;;;956.1;;;;;0.5;2.2;1.8;7.9;;;;;;;;;;;;;;;;117;;
SCM;07.11.1993 00:00;;;;;;;;;959.3;;;;;0.6;3.3;2.2;11.9;;;;;;;;;;;;;;;;180;;
SCM;08.11.1993 00:00;;;;;;;;;967.7;;;;;1;4;3.6;14.4;;;;;;;;;;;;;;;;261;;
SCM;09.11.1993 00:00;;;;;;;;;973.3;;;;;0.7;2.8;2.5;10.1;;;;;;;;;;;;;;;;259;;
SCM;10.11.1993 00:00;;;;;;;;;973.4;;;;;0.6;2.5;2.2;9;;;;;;;;;;;;;;;;180;;
SCM;11.11.1993 00:00;;;;;;;;;973.4;;;;;0.9;4.8;3.2;17.3;;;;;;;;;;;;;;;;180;;
SCM;12.11.1993 00:00;;;;;;;;;978.2;;;;;1;4.7;3.6;16.9;;;;;;;;;;;;;;;;259;;
SCM;13.11.1993 00:00;;;;;;;;;977.7;;;;;1.6;8.5;5.8;30.6;;;;;;;;;;;;;;;;225;;
SCM;14.11.1993 00:00;;;;;;;;;970.3;;;;;4.7;20.3;16.9;73.1;;;;;;;;;;;;;;;;266;;
SCM;15.11.1993 00:00;;;;;;;;;976.4;;;;;4.4;14.6;15.8;52.6;;;;;;;;;;;;;;;;281;;
SCM;16.11.1993 00:00;;;;;;;;;982.8;;;;;1.5;8;5.4;28.8;;;;;;;;;;;;;;;;45;;
SCM;17.11.1993 00:00;;;;;;;;;983.1;;;;;2.7;10.1;9.7;36.4;;;;;;;;;;;;;;;;68;;
SCM;18.11.1993 00:00;;;;;;;;;981.8;;;;;2.1;6.8;7.6;24.5;;;;;;;;;;;;;;;;54;;
SCM;19.11.1993 00:00;;;;;;;;;976.5;;;;;2.3;7.8;8.3;28.1;;;;;;;;;;;;;;;;51;;
SCM;20.11.1993 00:00;;;;;;;;;969.2;;;;;1.7;6.8;6.1;24.5;;;;;;;;;;;;;;;;58;;
SCM;22.11.1993 00:00;;;;;;;;;974.6;;;;;0.9;4.1;3.2;14.8;;;;;;;;;;;;;;;;72;;
SCM;23.11.1993 00:00;;;;;;;;;974;;;;;1.1;4.8;4;17.3;;;;;;;;;;;;;;;;90;;
SCM;24.11.1993 00:00;;;;;;;;;975.4;;;;;0.8;4.2;2.9;15.1;;;;;;;;;;;;;;;;90;;
SCM;25.11.1993 00:00;;;;;;;;;979.9;;;;;0.8;3.8;2.9;13.7;;;;;;;;;;;;;;;;90;;
SCM;26.11.1993 00:00;;;;;;;;;978.9;;;;;1.1;4.2;4;15.1;;;;;;;;;;;;;;;;84;;
SCM;27.11.1993 00:00;;;;;;;;;977.4;;;;;0.8;3.3;2.9;11.9;;;;;;;;;;;;;;;;68;;
SCM;28.11.1993 00:00;;;;;;;;;977.2;;;;;1.3;5.6;4.7;20.2;;;;;;;;;;;;;;;;16;;
SCM;29.11.1993 00:00;;;;;;;;;976.6;;;;;1.5;9.5;5.4;34.2;;;;;;;;;;;;;;;;59;;
SCM;30.11.1993 00:00;;;;;;;;;968.1;;;;;1.2;8.3;4.3;29.9;;;;;;;;;;;;;;;;108;;
SCM;01.12.1993 00:00;;;;;;;;;965.1;;;;;0.7;5.1;2.5;18.4;;;;;;;;;;;;;;;;72;;
SCM;02.12.1993 00:00;;;;;;;;;976.9;;;;;1;7;3.6;25.2;;;;;;;;;;;;;;;;81;;
SCM;03.12.1993 00:00;;;;;;;;;979.9;;;;;0.7;3.8;2.5;13.7;;;;;;;;;;;;;;;;76;;
SCM;04.12.1993 00:00;;;;;;;;;975.7;;;;;0.8;3.5;2.9;12.6;;;;;;;;;;;;;;;;72;;
SCM;05.12.1993 00:00;;;;;;;;;980;;;;;0.8;4.3;2.9;15.5;;;;;;;;;;;;;;;;90;;
SCM;06.12.1993 00:00;;;;;;;;;977.5;;;;;0.5;2.8;1.8;10.1;;;;;;;;;;;;;;;;135;;
SCM;07.12.1993 00:00;;;;;;;;;969.9;;;;;0.8;5.3;2.9;19.1;;;;;;;;;;;;;;;;90;;
SCM;08.12.1993 00:00;;;;;;;;;965.4;;;;;2;11.8;7.2;42.5;;;;;;;;;;;;;;;;68;;
SCM;09.12.1993 00:00;;;;;;;;;966.9;;;;;5.8;21.3;20.9;76.7;;;;;;;;;;;;;;;;278;;
SCM;10.12.1993 00:00;;;;;;;;;968.3;;;;;1.8;11;6.5;39.6;;;;;;;;;;;;;;;;72;;
SCM;11.12.1993 00:00;;;;;;;;;967.2;;;;;4.4;19.7;15.8;70.9;;;;;;;;;;;;;;;;282;;
SCM;12.12.1993 00:00;;;;;;;;;973.1;;;;;3.6;15;13;54;;;;;;;;;;;;;;;;287;;
SCM;13.12.1993 00:00;;;;;;;;;961.4;;;;;2.1;14.3;7.6;51.5;;;;;;;;;;;;;;;;87;;
SCM;14.12.1993 00:00;;;;;;;;;960.5;;;;;1.2;8.5;4.3;30.6;;;;;;;;;;;;;;;;81;;
SCM;15.12.1993 00:00;;;;;;;;;954.1;;;;;1.2;6.6;4.3;23.8;;;;;;;;;;;;;;;;82;;
SCM;16.12.1993 00:00;;;;;;;;;957.3;;;;;2.8;17.2;10.1;61.9;;;;;;;;;;;;;;;;282;;
SCM;17.12.1993 00:00;;;;;;;;;972.2;;;;;2.5;19.2;9;69.1;;;;;;;;;;;;;;;;311;;
SCM;18.12.1993 00:00;;;;;;;;;979.3;;;;;0.9;5.5;3.2;19.8;;;;;;;;;;;;;;;;76;;
SCM;19.12.1993 00:00;;;;;;;;;974.2;;;;;1.3;8;4.7;28.8;;;;;;;;;;;;;;;;72;;
SCM;20.12.1993 00:00;;;;;;;;;966;;;;;4.7;22.3;16.9;80.3;;;;;;;;;;;;;;;;280;;
SCM;21.12.1993 00:00;;;;;;;;;960.3;;;;;7.1;23.1;25.6;83.2;;;;;;;;;;;;;;;;274;;
SCM;22.12.1993 00:00;;;;;;;;;968.2;;;;;3.5;14.7;12.6;52.9;;;;;;;;;;;;;;;;280;;
SCM;23.12.1993 00:00;;;;;;;;;963.9;;;;;2.3;12.3;8.3;44.3;;;;;;;;;;;;;;;;72;;
SCM;24.12.1993 00:00;;;;;;;;;950.8;;;;;2.9;16.2;10.4;58.3;;;;;;;;;;;;;;;;279;;
SCM;25.12.1993 00:00;;;;;;;;;950.8;;;;;1.6;9.5;5.8;34.2;;;;;;;;;;;;;;;;297;;
SCM;26.12.1993 00:00;;;;;;;;;959.3;;;;;1.2;6.1;4.3;22;;;;;;;;;;;;;;;;288;;
SCM;27.12.1993 00:00;;;;;;;;;966.6;;;;;0.8;3.2;2.9;11.5;;;;;;;;;;;;;;;;83;;
SCM;28.12.1993 00:00;;;;;;;;;968.5;;;;;1.4;6.1;5;22;;;;;;;;;;;;;;;;90;;
SCM;29.12.1993 00:00;;;;;;;;;971.5;;;;;1.6;11.2;5.8;40.3;;;;;;;;;;;;;;;;96;;
SCM;30.12.1993 00:00;;;;;;;;;973.6;;;;;1.5;10.5;5.4;37.8;;;;;;;;;;;;;;;;85;;
SCM;31.12.1993 00:00;;;;;;;;;966.2;;;;;1.3;10.1;4.7;36.4;;;;;;;;;;;;;;;;90;;
SCM;01.01.1994 00:00;;;;;;;;;967.7;;;;;1.4;12.6;5;45.4;;;;;;;;;;;;;;;;326;;
SCM;02.01.1994 00:00;;;;;;;;;963.6;;;;;1.9;15.6;6.8;56.2;;;;;;;;;;;;;;;;95;;
SCM;03.01.1994 00:00;;;;;;;;;962.1;;;;;2.5;13.3;9;47.9;;;;;;;;;;;;;;;;93;;
SCM;04.01.1994 00:00;;;;;;;;;959.1;;;;;1.4;8.2;5;29.5;;;;;;;;;;;;;;;;76;;
SCM;05.01.1994 00:00;;;;;;;;;955.9;;;;;1.4;10;5;36;;;;;;;;;;;;;;;;90;;
SCM;06.01.1994 00:00;;;;;;;;;944.1;;;;;1.8;11.3;6.5;40.7;;;;;;;;;;;;;;;;248;;
SCM;07.01.1994 00:00;;;;;;;;;949.4;;;;;2.3;11.8;8.3;42.5;;;;;;;;;;;;;;;;250;;
SCM;08.01.1994 00:00;;;;;;;;;965;;;;;1.2;5.2;4.3;18.7;;;;;;;;;;;;;;;;249;;
SCM;09.01.1994 00:00;;;;;;;;;964.6;;;;;1;8.1;3.6;29.2;;;;;;;;;;;;;;;;225;;
SCM;10.01.1994 00:00;;;;;;;;;955.2;;;;;1.2;7.1;4.3;25.6;;;;;;;;;;;;;;;;270;;
SCM;11.01.1994 00:00;;;;;;;;;960.9;;;;;0.5;3.3;1.8;11.9;;;;;;;;;;;;;;;;90;;
SCM;12.01.1994 00:00;;;;;;;;;971.2;;;;;1.1;7.5;4;27;;;;;;;;;;;;;;;;243;;
SCM;13.01.1994 00:00;;;;;;;;;973.5;;;;;1.6;8.7;5.8;31.3;;;;;;;;;;;;;;;;82;;
SCM;14.01.1994 00:00;;;;;;;;;973.2;;;;;1.1;5.1;4;18.4;;;;;;;;;;;;;;;;153;;
SCM;15.01.1994 00:00;;;;;;;;;966.3;;;;;0.9;5.1;3.2;18.4;;;;;;;;;;;;;;;;98;;
SCM;16.01.1994 00:00;;;;;;;;;957.8;;;;;1.2;6.1;4.3;22;;;;;;;;;;;;;;;;243;;
SCM;17.01.1994 00:00;;;;;;;;;968.2;;;;;1.3;6;4.7;21.6;;;;;;;;;;;;;;;;281;;
SCM;18.01.1994 00:00;;;;;;;;;982.7;;;;;1.3;6.7;4.7;24.1;;;;;;;;;;;;;;;;256;;
SCM;19.01.1994 00:00;;;;;;;;;979.1;;;;;1.1;5.1;4;18.4;;;;;;;;;;;;;;;;180;;
SCM;20.01.1994 00:00;;;;;;;;;980;;;;;1;3.1;3.6;11.2;;;;;;;;;;;;;;;;90;;
SCM;21.01.1994 00:00;;;;;;;;;982.1;;;;;1;4.3;3.6;15.5;;;;;;;;;;;;;;;;104;;
SCM;22.01.1994 00:00;;;;;;;;;985.3;;;;;0.9;4.6;3.2;16.6;;;;;;;;;;;;;;;;117;;
SCM;23.01.1994 00:00;;;;;;;;;983.1;;;;;1;4.2;3.6;15.1;;;;;;;;;;;;;;;;90;;
SCM;24.01.1994 00:00;;;;;;;;;976.1;;;;;0.9;4;3.2;14.4;;;;;;;;;;;;;;;;82;;
SCM;25.01.1994 00:00;;;;;;;;;972.3;;;;;1.2;6.1;4.3;22;;;;;;;;;;;;;;;;73;;
SCM;26.01.1994 00:00;;;;;;;;;971.9;;;;;6.3;24.7;22.7;88.9;;;;;;;;;;;;;;;;276;;
SCM;27.01.1994 00:00;;;;;;;;;977.5;;;;;2.2;12.1;7.9;43.6;;;;;;;;;;;;;;;;279;;
SCM;28.01.1994 00:00;;;;;;;;;974.8;;;;;6;29.7;21.6;106.9;;;;;;;;;;;;;;;;273;;
SCM;29.01.1994 00:00;;;;;;;;;988;;;;;2.1;11.7;7.6;42.1;;;;;;;;;;;;;;;;90;;
SCM;30.01.1994 00:00;;;;;;;;;981.3;;;;;1.6;11.8;5.8;42.5;;;;;;;;;;;;;;;;97;;
SCM;31.01.1994 00:00;;;;;;;;;978.2;;;;;0.7;4;2.5;14.4;;;;;;;;;;;;;;;;90;;
SCM;01.02.1994 00:00;;;;;;;;;974.5;;;;;1.1;5.5;4;19.8;;;;;;;;;;;;;;;;0;;
SCM;02.02.1994 00:00;;;;;;;;;970.8;;;;;1.1;6.3;4;22.7;;;;;;;;;;;;;;;;69;;
SCM;03.02.1994 00:00;;;;;;;;;957.9;;;;;1.5;10.8;5.4;38.9;;;;;;;;;;;;;;;;198;;
SCM;04.02.1994 00:00;;;;;;;;;951.7;;;;;3.2;13.5;11.5;48.6;;;;;;;;;;;;;;;;163;;
SCM;05.02.1994 00:00;;;;;;;;;957.7;;;;;2.6;13;9.4;46.8;;;;;;;;;;;;;;;;190;;
SCM;06.02.1994 00:00;;;;;;;;;966.3;;;;;0.9;3.6;3.2;13;;;;;;;;;;;;;;;;297;;
SCM;07.02.1994 00:00;;;;;;;;;965.4;;;;;0.4;2.1;1.4;7.6;;;;;;;;;;;;;;;;225;;
SCM;08.02.1994 00:00;;;;;;;;;972.1;;;;;0.5;3.1;1.8;11.2;;;;;;;;;;;;;;;;270;;
SCM;09.02.1994 00:00;;;;;;;;;979.6;;;;;0.8;7.3;2.9;26.3;;;;;;;;;;;;;;;;108;;
SCM;10.02.1994 00:00;;;;;;;;;973.6;;;;;1.7;11.5;6.1;41.4;;;;;;;;;;;;;;;;84;;
SCM;11.02.1994 00:00;;;;;;;;;974.2;;;;;2;9.1;7.2;32.8;;;;;;;;;;;;;;;;307;;
SCM;12.02.1994 00:00;;;;;;;;;972.5;;;;;3;12.6;10.8;45.4;;;;;;;;;;;;;;;;80;;
SCM;13.02.1994 00:00;;;;;;;;;967.4;;;;;2.4;9.3;8.6;33.5;;;;;;;;;;;;;;;;73;;
SCM;14.02.1994 00:00;;;;;;;;;967.8;;;;;2;9.3;7.2;33.5;;;;;;;;;;;;;;;;45;;
SCM;15.02.1994 00:00;;;;;;;;;972.3;;;;;1.3;5.1;4.7;18.4;;;;;;;;;;;;;;;;264;;
SCM;16.02.1994 00:00;;;;;;;;;973.7;;;;;1;4;3.6;14.4;;;;;;;;;;;;;;;;243;;
SCM;17.02.1994 00:00;;;;;;;;;971.7;;;;;0.8;4.8;2.9;17.3;;;;;;;;;;;;;;;;90;;
SCM;18.02.1994 00:00;;;;;;;;;970.4;;;;;1.3;5.6;4.7;20.2;;;;;;;;;;;;;;;;108;;
SCM;19.02.1994 00:00;;;;;;;;;972.4;;;;;1.1;4.6;4;16.6;;;;;;;;;;;;;;;;233;;
SCM;20.02.1994 00:00;;;;;;;;;964.1;;;;;1.3;11.3;4.7;40.7;;;;;;;;;;;;;;;;76;;
SCM;21.02.1994 00:00;;;;;;;;;966.1;;;;;1.3;8;4.7;28.8;;;;;;;;;;;;;;;;84;;
SCM;22.02.1994 00:00;;;;;;;;;966.7;;;;;1.3;8.8;4.7;31.7;;;;;;;;;;;;;;;;85;;
SCM;23.02.1994 00:00;;;;;;;;;960.8;;;;;1.8;12.1;6.5;43.6;;;;;;;;;;;;;;;;207;;
SCM;24.02.1994 00:00;;;;;;;;;960;;;;;1.1;4.8;4;17.3;;;;;;;;;;;;;;;;90;;
SCM;25.02.1994 00:00;;;;;;;;;969.6;;;;;1.2;6.7;4.3;24.1;;;;;;;;;;;;;;;;90;;
SCM;26.02.1994 00:00;;;;;;;;;968.9;;;;;1.2;6.2;4.3;22.3;;;;;;;;;;;;;;;;270;;
SCM;27.02.1994 00:00;;;;;;;;;962.3;;;;;3.1;17.8;11.2;64.1;;;;;;;;;;;;;;;;256;;
SCM;28.02.1994 00:00;;;;;;;;;962.6;;;;;3;12.5;10.8;45;;;;;;;;;;;;;;;;113;;
SCM;01.03.1994 00:00;;;;;;;;;968.2;;;;;1.1;6.8;4;24.5;;;;;;;;;;;;;;;;72;;
SCM;02.03.1994 00:00;;;;;;;;;976;;;;;1.1;7.2;4;25.9;;;;;;;;;;;;;;;;259;;
SCM;03.03.1994 00:00;;;;;;;;;976.4;;;;;1.8;11.6;6.5;41.8;;;;;;;;;;;;;;;;239;;
SCM;04.03.1994 00:00;;;;;;;;;981.7;;;;;2.6;14.7;9.4;52.9;;;;;;;;;;;;;;;;231;;
SCM;05.03.1994 00:00;;;;;;;;;975.4;;;;;1.7;14;6.1;50.4;;;;;;;;;;;;;;;;180;;
SCM;06.03.1994 00:00;;;;;;;;;978.5;;;;;0.8;8.1;2.9;29.2;;;;;;;;;;;;;;;;90;;
SCM;07.03.1994 00:00;;;;;;;;;978.5;;;;;0.5;3.3;1.8;11.9;;;;;;;;;;;;;;;;225;;
SCM;08.03.1994 00:00;;;;;;;;;978.1;;;;;0.7;4;2.5;14.4;;;;;;;;;;;;;;;;0;;
SCM;09.03.1994 00:00;;;;;;;;;975.8;;;;;1.8;9.3;6.5;33.5;;;;;;;;;;;;;;;;45;;
SCM;10.03.1994 00:00;;;;;;;;;978.8;;;;;1.4;9.2;5;33.1;;;;;;;;;;;;;;;;326;;
SCM;11.03.1994 00:00;;;;;;;;;976;;;;;1;4.8;3.6;17.3;;;;;;;;;;;;;;;;270;;
SCM;12.03.1994 00:00;;;;;;;;;971.6;;;;;1.7;7.5;6.1;27;;;;;;;;;;;;;;;;270;;
SCM;13.03.1994 00:00;;;;;;;;;970.5;;;;;3;15.2;10.8;54.7;;;;;;;;;;;;;;;;280;;
SCM;14.03.1994 00:00;;;;;;;;;977.4;;;;;1.9;12;6.8;43.2;;;;;;;;;;;;;;;;270;;
SCM;15.03.1994 00:00;;;;;;;;;974.9;;;;;5.2;13.8;18.7;49.7;;;;;;;;;;;;;;;;270;;
SCM;16.03.1994 00:00;;;;;;;;;972.3;;;;;3.7;14;13.3;50.4;;;;;;;;;;;;;;;;280;;
SCM;17.03.1994 00:00;;;;;;;;;973.1;;;;;5;21.3;18;76.7;;;;;;;;;;;;;;;;276;;
SCM;18.03.1994 00:00;;;;;;;;;973.1;;;;;1.2;10.7;4.3;38.5;;;;;;;;;;;;;;;;270;;
SCM;19.03.1994 00:00;;;;;;;;;967;;;;;3.5;14.3;12.6;51.5;;;;;;;;;;;;;;;;270;;
SCM;20.03.1994 00:00;;;;;;;;;969;;;;;0.8;5.5;2.9;19.8;;;;;;;;;;;;;;;;90;;
SCM;21.03.1994 00:00;;;;;;;;;967.9;;;;;1.3;13.5;4.7;48.6;;;;;;;;;;;;;;;;153;;
SCM;22.03.1994 00:00;;;;;;;;;976.2;;;;;1;3.7;3.6;13.3;;;;;;;;;;;;;;;;259;;
SCM;23.03.1994 00:00;;;;;;;;;979.7;;;;;0.6;2.6;2.2;9.4;;;;;;;;;;;;;;;;90;;
SCM;24.03.1994 00:00;;;;;;;;;975.9;;;;;3.4;17.6;12.2;63.4;;;;;;;;;;;;;;;;279;;
SCM;25.03.1994 00:00;;;;;;;;;967.3;;;;;2;11.8;7.2;42.5;;;;;;;;;;;;;;;;266;;
SCM;26.03.1994 00:00;;;;;;;;;967.5;;;;;1.6;15;5.8;54;;;;;;;;;;;;;;;;225;;
SCM;27.03.1994 00:00;;;;;;;;;972.9;;;;;1.4;6;5;21.6;;;;;;;;;;;;;;;;153;;
SCM;28.03.1994 00:00;;;;;;;;;973.2;;;;;1.1;10.6;4;38.2;;;;;;;;;;;;;;;;270;;
SCM;29.03.1994 00:00;;;;;;;;;977.1;;;;;1.2;5.5;4.3;19.8;;;;;;;;;;;;;;;;270;;
SCM;30.03.1994 00:00;;;;;;;;;972.1;;;;;2;15.2;7.2;54.7;;;;;;;;;;;;;;;;146;;
SCM;31.03.1994 00:00;;;;;;;;;965.4;;;;;1.8;16.5;6.5;59.4;;;;;;;;;;;;;;;;108;;
SCM;01.04.1994 00:00;;;;;;;;;956.9;;;;;3.3;18.5;11.9;66.6;;;;;;;;;;;;;;;;283;;
SCM;02.04.1994 00:00;;;;;;;;;962.7;;;;;2.3;12.5;8.3;45;;;;;;;;;;;;;;;;275;;
SCM;03.04.1994 00:00;;;;;;;;;971.9;;;;;1.7;9.8;6.1;35.3;;;;;;;;;;;;;;;;259;;
SCM;04.04.1994 00:00;;;;;;;;;966.4;;;;;2.9;10.1;10.4;36.4;;;;;;;;;;;;;;;;253;;
SCM;05.04.1994 00:00;;;;;;;;;968.2;;;;;2.1;17.3;7.6;62.3;;;;;;;;;;;;;;;;239;;
SCM;06.04.1994 00:00;;;;;;;;;965.2;;;;;1.4;7.5;5;27;;;;;;;;;;;;;;;;180;;
SCM;07.04.1994 00:00;;;;;;;;;957;;;;;1.9;8.6;6.8;31;;;;;;;;;;;;;;;;252;;
SCM;08.04.1994 00:00;;;;;;;;;963.6;;;;;2.7;17;9.7;61.2;;;;;;;;;;;;;;;;279;;
SCM;09.04.1994 00:00;;;;;;;;;955.9;;;;;2.9;12.5;10.4;45;;;;;;;;;;;;;;;;281;;
SCM;10.04.1994 00:00;;;;;;;;;955;;;;;1.3;7.3;4.7;26.3;;;;;;;;;;;;;;;;207;;
SCM;11.04.1994 00:00;;;;;;;;;963.4;;;;;1.3;5.8;4.7;20.9;;;;;;;;;;;;;;;;270;;
SCM;12.04.1994 00:00;;;;;;;;;964.8;;;;;2.2;9.3;7.9;33.5;;;;;;;;;;;;;;;;283;;
SCM;13.04.1994 00:00;;;;;;;;;965.3;;;;;5.1;16.1;18.4;58;;;;;;;;;;;;;;;;280;;
SCM;14.04.1994 00:00;;;;;;;;;966.2;;;;;2;8.2;7.2;29.5;;;;;;;;;;;;;;;;261;;
SCM;15.04.1994 00:00;;;;;;;;;967.9;;;;;1.3;5.6;4.7;20.2;;;;;;;;;;;;;;;;249;;
SCM;16.04.1994 00:00;;;;;;;;;963.4;;;;;1.2;7.1;4.3;25.6;;;;;;;;;;;;;;;;90;;
SCM;17.04.1994 00:00;;;;;;;;;956.4;;;;;2;6.5;7.2;23.4;;;;;;;;;;;;;;;;243;;
SCM;18.04.1994 00:00;;;;;;;;;962.1;;;;;2.1;11.5;7.6;41.4;;;;;;;;;;;;;;;;45;;
SCM;19.04.1994 00:00;;;;;;;;;960.9;;;;;1.5;5.5;5.4;19.8;;;;;;;;;;;;;;;;252;;
SCM;20.04.1994 00:00;;;;;;;;;959.5;;;;;0.9;5.3;3.2;19.1;;;;;;;;;;;;;;;;252;;
SCM;21.04.1994 00:00;;;;;;;;;962.9;;;;;1.3;7.2;4.7;25.9;;;;;;;;;;;;;;;;249;;
SCM;22.04.1994 00:00;;;;;;;;;964.1;;;;;1.4;6.8;5;24.5;;;;;;;;;;;;;;;;264;;
SCM;23.04.1994 00:00;;;;;;;;;962.6;;;;;1.4;6.3;5;22.7;;;;;;;;;;;;;;;;259;;
SCM;24.04.1994 00:00;;;;;;;;;962.2;;;;;1.2;5;4.3;18;;;;;;;;;;;;;;;;259;;
SCM;25.04.1994 00:00;;;;;;;;;964.6;;;;;2.1;9.1;7.6;32.8;;;;;;;;;;;;;;;;263;;
SCM;26.04.1994 00:00;;;;;;;;;977.4;;;;;1.4;5;5;18;;;;;;;;;;;;;;;;236;;
SCM;27.04.1994 00:00;;;;;;;;;981.8;;;;;1.4;5.5;5;19.8;;;;;;;;;;;;;;;;252;;
SCM;28.04.1994 00:00;;;;;;;;;983.6;;;;;1.3;7.7;4.7;27.7;;;;;;;;;;;;;;;;270;;
SCM;29.04.1994 00:00;;;;;;;;;980.2;;;;;1.5;5.2;5.4;18.7;;;;;;;;;;;;;;;;270;;
SCM;30.04.1994 00:00;;;;;;;;;976.3;;;;;1.2;7.1;4.3;25.6;;;;;;;;;;;;;;;;243;;
SCM;01.05.1994 00:00;;;;;;;;;974.4;;;;;1.7;7.5;6.1;27;;;;;;;;;;;;;;;;135;;
SCM;02.05.1994 00:00;;;;;;;;;973.7;;;;;1.9;7.7;6.8;27.7;;;;;;;;;;;;;;;;34;;
SCM;03.05.1994 00:00;;;;;;;;;969.8;;;;;1;3.5;3.6;12.6;;;;;;;;;;;;;;;;270;;
SCM;04.05.1994 00:00;;;;;;;;;969.1;;;;;1.7;8.5;6.1;30.6;;;;;;;;;;;;;;;;243;;
SCM;05.05.1994 00:00;;;;;;;;;974.7;;;;;1.3;7.3;4.7;26.3;;;;;;;;;;;;;;;;90;;
SCM;06.05.1994 00:00;;;;;;;;;975;;;;;1.3;3.6;4.7;13;;;;;;;;;;;;;;;;101;;
SCM;07.05.1994 00:00;;;;;;;;;968.6;;;;;1.2;4.2;4.3;15.1;;;;;;;;;;;;;;;;270;;
SCM;08.05.1994 00:00;;;;;;;;;965.3;;;;;1.5;7;5.4;25.2;;;;;;;;;;;;;;;;270;;
SCM;09.05.1994 00:00;;;;;;;;;967;;;;;2.6;6;9.4;21.6;;;;;;;;;;;;;;;;251;;
SCM;10.05.1994 00:00;;;;;;;;;967.6;;;;;1.9;5.2;6.8;18.7;;;;;;;;;;;;;;;;253;;
SCM;11.05.1994 00:00;;;;;;;;;962;;;;;1.7;7.3;6.1;26.3;;;;;;;;;;;;;;;;63;;
SCM;12.05.1994 00:00;;;;;;;;;963.6;;;;;1.1;7.7;4;27.7;;;;;;;;;;;;;;;;256;;
SCM;13.05.1994 00:00;;;;;;;;;964.2;;;;;2.3;11.6;8.3;41.8;;;;;;;;;;;;;;;;171;;
SCM;14.05.1994 00:00;;;;;;;;;961;;;;;3.7;15.5;13.3;55.8;;;;;;;;;;;;;;;;144;;
SCM;15.05.1994 00:00;;;;;;;;;966;;;;;1.5;6.2;5.4;22.3;;;;;;;;;;;;;;;;261;;
SCM;16.05.1994 00:00;;;;;;;;;962.5;;;;;1.9;11.3;6.8;40.7;;;;;;;;;;;;;;;;243;;
SCM;17.05.1994 00:00;;;;;;;;;962;;;;;2.1;9.5;7.6;34.2;;;;;;;;;;;;;;;;207;;
SCM;18.05.1994 00:00;;;;;;;;;955.3;;;;;1.1;4.5;4;16.2;;;;;;;;;;;;;;;;233;;
SCM;19.05.1994 00:00;;;;;;;;;958.1;;;;;0.9;8.7;3.2;31.3;;;;;;;;;;;;;;;;90;;
SCM;20.05.1994 00:00;;;;;;;;;960;;;;;0.9;6.5;3.2;23.4;;;;;;;;;;;;;;;;90;;
SCM;21.05.1994 00:00;;;;;;;;;963.6;;;;;1.5;6.3;5.4;22.7;;;;;;;;;;;;;;;;90;;
SCM;22.05.1994 00:00;;;;;;;;;968.5;;;;;1;3.7;3.6;13.3;;;;;;;;;;;;;;;;104;;
SCM;23.05.1994 00:00;;;;;;;;;966.2;;;;;1.1;9.5;4;34.2;;;;;;;;;;;;;;;;259;;
SCM;24.05.1994 00:00;;;;;;;;;963.5;;;;;1.9;12.3;6.8;44.3;;;;;;;;;;;;;;;;262;;
SCM;25.05.1994 00:00;;;;;;;;;966.9;;;;;1.1;8.6;4;31;;;;;;;;;;;;;;;;249;;
SCM;26.05.1994 00:00;;;;;;;;;965.6;;;;;1.4;8.2;5;29.5;;;;;;;;;;;;;;;;90;;
SCM;27.05.1994 00:00;;;;;;;;;969.8;;;;;1.2;10;4.3;36;;;;;;;;;;;;;;;;225;;
SCM;28.05.1994 00:00;;;;;;;;;969.2;;;;;0.9;3.2;3.2;11.5;;;;;;;;;;;;;;;;243;;
SCM;29.05.1994 00:00;;;;;;;;;970.3;;;;;1.6;7.1;5.8;25.6;;;;;;;;;;;;;;;;90;;
SCM;30.05.1994 00:00;;;;;;;;;974.1;;;;;1.3;6.5;4.7;23.4;;;;;;;;;;;;;;;;90;;
SCM;31.05.1994 00:00;;;;;;;;;975.5;;;;;1.3;5.3;4.7;19.1;;;;;;;;;;;;;;;;257;;
SCM;01.06.1994 00:00;;;;;;;;;972.6;;;;;1.3;12.6;4.7;45.4;;;;;;;;;;;;;;;;76;;
SCM;02.06.1994 00:00;;;;;;;;;966.6;;;;;2.2;29.6;7.9;106.6;;;;;;;;;;;;;;;;207;;
SCM;03.06.1994 00:00;;;;;;;;;970.5;;;;;1.8;16.6;6.5;59.8;;;;;;;;;;;;;;;;112;;
SCM;04.06.1994 00:00;;;;;;;;;968.3;;;;;1.3;7;4.7;25.2;;;;;;;;;;;;;;;;248;;
SCM;05.06.1994 00:00;;;;;;;;;970.9;;;;;4.2;19.7;15.1;70.9;;;;;;;;;;;;;;;;274;;
SCM;06.06.1994 00:00;;;;;;;;;976.8;;;;;0.9;4.6;3.2;16.6;;;;;;;;;;;;;;;;124;;
SCM;07.06.1994 00:00;;;;;;;;;975.4;;;;;1.3;5.2;4.7;18.7;;;;;;;;;;;;;;;;225;;
SCM;08.06.1994 00:00;;;;;;;;;970.3;;;;;1.8;13.7;6.5;49.3;;;;;;;;;;;;;;;;198;;
SCM;09.06.1994 00:00;;;;;;;;;978.1;;;;;2.1;10.5;7.6;37.8;;;;;;;;;;;;;;;;243;;
SCM;10.06.1994 00:00;;;;;;;;;977.6;;;;;1.5;6.2;5.4;22.3;;;;;;;;;;;;;;;;270;;
SCM;11.06.1994 00:00;;;;;;;;;975.4;;;;;1.1;7.5;4;27;;;;;;;;;;;;;;;;256;;
SCM;12.06.1994 00:00;;;;;;;;;975.9;;;;;2.7;10.2;9.7;36.7;;;;;;;;;;;;;;;;80;;
SCM;13.06.1994 00:00;;;;;;;;;975.2;;;;;2.4;8.5;8.6;30.6;;;;;;;;;;;;;;;;83;;
SCM;14.06.1994 00:00;;;;;;;;;973.5;;;;;0.7;3.1;2.5;11.2;;;;;;;;;;;;;;;;180;;
SCM;15.06.1994 00:00;;;;;;;;;972.3;;;;;1.5;6.8;5.4;24.5;;;;;;;;;;;;;;;;261;;
SCM;16.06.1994 00:00;;;;;;;;;969.8;;;;;1.7;8.1;6.1;29.2;;;;;;;;;;;;;;;;259;;
SCM;17.06.1994 00:00;;;;;;;;;969.8;;;;;1.4;8.1;5;29.2;;;;;;;;;;;;;;;;260;;
SCM;18.06.1994 00:00;;;;;;;;;968.9;;;;;1.1;6.5;4;23.4;;;;;;;;;;;;;;;;117;;
SCM;19.06.1994 00:00;;;;;;;;;969.3;;;;;1.3;10.6;4.7;38.2;;;;;;;;;;;;;;;;117;;
SCM;20.06.1994 00:00;;;;;;;;;971.8;;;;;1.4;8.5;5;30.6;;;;;;;;;;;;;;;;254;;
SCM;21.06.1994 00:00;;;;;;;;;975.7;;;;;0.7;3;2.5;10.8;;;;;;;;;;;;;;;;180;;
SCM;22.06.1994 00:00;;;;;;;;;978.1;;;;;1.5;6;5.4;21.6;;;;;;;;;;;;;;;;247;;
SCM;23.06.1994 00:00;;;;;;;;;975.9;;;;;1.9;8;6.8;28.8;;;;;;;;;;;;;;;;254;;
SCM;24.06.1994 00:00;;;;;;;;;969.5;;;;;1.1;5.7;4;20.5;;;;;;;;;;;;;;;;259;;
SCM;25.06.1994 00:00;;;;;;;;;966.2;;;;;1.5;10.3;5.4;37.1;;;;;;;;;;;;;;;;260;;
SCM;26.06.1994 00:00;;;;;;;;;967.8;;;;;1.4;8.6;5;31;;;;;;;;;;;;;;;;260;;
SCM;27.06.1994 00:00;;;;;;;;;971.9;;;;;1.4;8.3;5;29.9;;;;;;;;;;;;;;;;243;;
SCM;28.06.1994 00:00;;;;;;;;;972.5;;;;;1.2;5.3;4.3;19.1;;;;;;;;;;;;;;;;247;;
SCM;29.06.1994 00:00;;;;;;;;;973.6;;;;;1.9;8.1;6.8;29.2;;;;;;;;;;;;;;;;259;;
SCM;30.06.1994 00:00;;;;;;;;;973.7;;;;;1.6;9.3;5.8;33.5;;;;;;;;;;;;;;;;90;;
SCM;01.07.1994 00:00;;;;;;;;;970.7;;;;;1.2;5.2;4.3;18.7;;;;;;;;;;;;;;;;261;;
SCM;02.07.1994 00:00;;;;;;;;;968.5;;;;;1.2;7.3;4.3;26.3;;;;;;;;;;;;;;;;90;;
SCM;03.07.1994 00:00;;;;;;;;;968.8;;;;;1.1;6.8;4;24.5;;;;;;;;;;;;;;;;270;;
SCM;04.07.1994 00:00;;;;;;;;;969.5;;;;;1.7;18.3;6.1;65.9;;;;;;;;;;;;;;;;252;;
SCM;05.07.1994 00:00;;;;;;;;;971.9;;;;;1.2;7.6;4.3;27.4;;;;;;;;;;;;;;;;117;;
SCM;06.07.1994 00:00;;;;;;;;;969.2;;;;;2;13.8;7.2;49.7;;;;;;;;;;;;;;;;231;;
SCM;07.07.1994 00:00;;;;;;;;;972.5;;;;;1;5.3;3.6;19.1;;;;;;;;;;;;;;;;101;;
SCM;08.07.1994 00:00;;;;;;;;;972.3;;;;;0.8;4.7;2.9;16.9;;;;;;;;;;;;;;;;214;;
SCM;09.07.1994 00:00;;;;;;;;;973.7;;;;;1.2;8.1;4.3;29.2;;;;;;;;;;;;;;;;247;;
SCM;10.07.1994 00:00;;;;;;;;;974.7;;;;;1.9;8.8;6.8;31.7;;;;;;;;;;;;;;;;72;;
SCM;11.07.1994 00:00;;;;;;;;;972.8;;;;;1.5;7;5.4;25.2;;;;;;;;;;;;;;;;288;;
SCM;12.07.1994 00:00;;;;;;;;;971.6;;;;;0.9;4;3.2;14.4;;;;;;;;;;;;;;;;252;;
SCM;13.07.1994 00:00;;;;;;;;;971.9;;;;;2.1;8.2;7.6;29.5;;;;;;;;;;;;;;;;111;;
SCM;14.07.1994 00:00;;;;;;;;;973.8;;;;;1.9;10.5;6.8;37.8;;;;;;;;;;;;;;;;90;;
SCM;15.07.1994 00:00;;;;;;;;;974.8;;;;;1;4.2;3.6;15.1;;;;;;;;;;;;;;;;231;;
SCM;16.07.1994 00:00;;;;;;;;;972.8;;;;;1.2;5;4.3;18;;;;;;;;;;;;;;;;270;;
SCM;17.07.1994 00:00;;;;;;;;;970.8;;;;;1.9;7.5;6.8;27;;;;;;;;;;;;;;;;90;;
SCM;18.07.1994 00:00;;;;;;;;;970;;;;;2.7;10.5;9.7;37.8;;;;;;;;;;;;;;;;96;;
SCM;19.07.1994 00:00;;;;;;;;;968.3;;;;;1.3;15.8;4.7;56.9;;;;;;;;;;;;;;;;225;;
SCM;20.07.1994 00:00;;;;;;;;;968.8;;;;;0.7;2.7;2.5;9.7;;;;;;;;;;;;;;;;153;;
SCM;21.07.1994 00:00;;;;;;;;;969.3;;;;;1.2;4.8;4.3;17.3;;;;;;;;;;;;;;;;247;;
SCM;22.07.1994 00:00;;;;;;;;;969.8;;;;;1.1;3.7;4;13.3;;;;;;;;;;;;;;;;248;;
SCM;23.07.1994 00:00;;;;;;;;;969.5;;;;;2.5;18.6;9;67;;;;;;;;;;;;;;;;117;;
SCM;24.07.1994 00:00;;;;;;;;;968.6;;;;;1.2;7.3;4.3;26.3;;;;;;;;;;;;;;;;90;;
SCM;25.07.1994 00:00;;;;;;;;;970.2;;;;;3;16;10.8;57.6;;;;;;;;;;;;;;;;111;;
SCM;26.07.1994 00:00;;;;;;;;;972.8;;;;;1.4;8.5;5;30.6;;;;;;;;;;;;;;;;90;;
SCM;27.07.1994 00:00;;;;;;;;;971.3;;;;;1.2;5;4.3;18;;;;;;;;;;;;;;;;90;;
SCM;28.07.1994 00:00;;;;;;;;;969.5;;;;;1.5;6.8;5.4;24.5;;;;;;;;;;;;;;;;180;;
SCM;29.07.1994 00:00;;;;;;;;;969.7;;;;;1.6;7.3;5.8;26.3;;;;;;;;;;;;;;;;82;;
SCM;30.07.1994 00:00;;;;;;;;;968.7;;;;;1.4;11.2;5;40.3;;;;;;;;;;;;;;;;239;;
SCM;31.07.1994 00:00;;;;;;;;;966.9;;;;;1.7;15.3;6.1;55.1;;;;;;;;;;;;;;;;225;;
SCM;01.08.1994 00:00;;;;;;;;;969.7;;;;;2.2;8.5;7.9;30.6;;;;;;;;;;;;;;;;246;;
SCM;02.08.1994 00:00;;;;;;;;;972.1;;;;;1.2;3.8;4.3;13.7;;;;;;;;;;;;;;;;236;;
SCM;03.08.1994 00:00;;;;;;;;;972.7;;;;;1;3.1;3.6;11.2;;;;;;;;;;;;;;;;0;;
SCM;04.08.1994 00:00;;;;;;;;;972.5;;;;;0.8;4.1;2.9;14.8;;;;;;;;;;;;;;;;90;;
SCM;05.08.1994 00:00;;;;;;;;;972.3;;;;;1.3;5.7;4.7;20.5;;;;;;;;;;;;;;;;117;;
SCM;06.08.1994 00:00;;;;;;;;;971.9;;;;;2.9;19.3;10.4;69.5;;;;;;;;;;;;;;;;114;;
SCM;07.08.1994 00:00;;;;;;;;;970.7;;;;;4;16;14.4;57.6;;;;;;;;;;;;;;;;107;;
SCM;08.08.1994 00:00;;;;;;;;;970.2;;;;;2.3;11;8.3;39.6;;;;;;;;;;;;;;;;94;;
SCM;09.08.1994 00:00;;;;;;;;;965.6;;;;;1.5;6.7;5.4;24.1;;;;;;;;;;;;;;;;117;;
SCM;10.08.1994 00:00;;;;;;;;;961;;;;;3.1;17.7;11.2;63.7;;;;;;;;;;;;;;;;169;;
SCM;11.08.1994 00:00;;;;;;;;;964.9;;;;;2.2;9.6;7.9;34.6;;;;;;;;;;;;;;;;100;;
SCM;12.08.1994 00:00;;;;;;;;;969.9;;;;;1;4.7;3.6;16.9;;;;;;;;;;;;;;;;90;;
SCM;13.08.1994 00:00;;;;;;;;;970.9;;;;;1.7;7.5;6.1;27;;;;;;;;;;;;;;;;166;;
SCM;14.08.1994 00:00;;;;;;;;;973.9;;;;;1.5;6.5;5.4;23.4;;;;;;;;;;;;;;;;236;;
SCM;15.08.1994 00:00;;;;;;;;;975.6;;;;;1.8;6.1;6.5;22;;;;;;;;;;;;;;;;246;;
SCM;16.08.1994 00:00;;;;;;;;;973.6;;;;;0.9;3.6;3.2;13;;;;;;;;;;;;;;;;270;;
SCM;17.08.1994 00:00;;;;;;;;;968.9;;;;;1.4;13.6;5;49;;;;;;;;;;;;;;;;90;;
SCM;18.08.1994 00:00;;;;;;;;;969.3;;;;;2.7;15.3;9.7;55.1;;;;;;;;;;;;;;;;282;;
SCM;19.08.1994 00:00;;;;;;;;;968.1;;;;;0.9;3.2;3.2;11.5;;;;;;;;;;;;;;;;117;;
SCM;20.08.1994 00:00;;;;;;;;;969.2;;;;;0.9;4.8;3.2;17.3;;;;;;;;;;;;;;;;153;;
SCM;21.08.1994 00:00;;;;;;;;;969.4;;;;;1.5;14.7;5.4;52.9;;;;;;;;;;;;;;;;98;;
SCM;22.08.1994 00:00;;;;;;;;;970.6;;;;;2.4;11.8;8.6;42.5;;;;;;;;;;;;;;;;98;;
SCM;23.08.1994 00:00;;;;;;;;;969.7;;;;;1;14.1;3.6;50.8;;;;;;;;;;;;;;;;108;;
SCM;24.08.1994 00:00;;;;;;;;;967.9;;;;;1.1;19.8;4;71.3;;;;;;;;;;;;;;;;135;;
SCM;25.08.1994 00:00;;;;;;;;;964.5;;;;;1.3;6.2;4.7;22.3;;;;;;;;;;;;;;;;135;;
SCM;26.08.1994 00:00;;;;;;;;;968;;;;;1;4.6;3.6;16.6;;;;;;;;;;;;;;;;112;;
SCM;27.08.1994 00:00;;;;;;;;;970.9;;;;;1;4.6;3.6;16.6;;;;;;;;;;;;;;;;214;;
SCM;28.08.1994 00:00;;;;;;;;;969.6;;;;;1.3;5.3;4.7;19.1;;;;;;;;;;;;;;;;248;;
SCM;29.08.1994 00:00;;;;;;;;;971.1;;;;;1.1;4.3;4;15.5;;;;;;;;;;;;;;;;252;;
SCM;30.08.1994 00:00;;;;;;;;;968.4;;;;;1.5;8.1;5.4;29.2;;;;;;;;;;;;;;;;101;;
SCM;31.08.1994 00:00;;;;;;;;;966.9;;;;;2.2;17;7.9;61.2;;;;;;;;;;;;;;;;90;;
SCM;01.09.1994 00:00;;;;;;;;;968.6;;;;;1.4;7.6;5;27.4;;;;;;;;;;;;;;;;117;;
SCM;02.09.1994 00:00;;;;;;;;;969.5;;;;;1.4;8.6;5;31;;;;;;;;;;;;;;;;106;;
SCM;03.09.1994 00:00;;;;;;;;;971.6;;;;;1.1;7.1;4;25.6;;;;;;;;;;;;;;;;233;;
SCM;04.09.1994 00:00;;;;;;;;;972.9;;;;;1.7;6.2;6.1;22.3;;;;;;;;;;;;;;;;236;;
SCM;05.09.1994 00:00;;;;;;;;;974.9;;;;;1.3;6.5;4.7;23.4;;;;;;;;;;;;;;;;259;;
SCM;06.09.1994 00:00;;;;;;;;;969.8;;;;;1.4;6.7;5;24.1;;;;;;;;;;;;;;;;135;;
SCM;07.09.1994 00:00;;;;;;;;;965.5;;;;;1.7;7;6.1;25.2;;;;;;;;;;;;;;;;249;;
SCM;08.09.1994 00:00;;;;;;;;;962.8;;;;;1.3;8.2;4.7;29.5;;;;;;;;;;;;;;;;270;;
SCM;09.09.1994 00:00;;;;;;;;;968.3;;;;;1.7;9.7;6.1;34.9;;;;;;;;;;;;;;;;259;;
SCM;10.09.1994 00:00;;;;;;;;;968.9;;;;;1.3;7.5;4.7;27;;;;;;;;;;;;;;;;90;;
SCM;11.09.1994 00:00;;;;;;;;;969.3;;;;;1.2;4.6;4.3;16.6;;;;;;;;;;;;;;;;90;;
SCM;12.09.1994 00:00;;;;;;;;;968.3;;;;;1.8;15.2;6.5;54.7;;;;;;;;;;;;;;;;63;;
SCM;13.09.1994 00:00;;;;;;;;;967.4;;;;;1.5;8.2;5.4;29.5;;;;;;;;;;;;;;;;83;;
SCM;14.09.1994 00:00;;;;;;;;;955.4;;;;;2.9;17;10.4;61.2;;;;;;;;;;;;;;;;90;;
SCM;15.09.1994 00:00;;;;;;;;;959.1;;;;;2.5;17.2;9;61.9;;;;;;;;;;;;;;;;279;;
SCM;16.09.1994 00:00;;;;;;;;;963.7;;;;;1.9;10.2;6.8;36.7;;;;;;;;;;;;;;;;265;;
SCM;17.09.1994 00:00;;;;;;;;;972.1;;;;;1.2;5.2;4.3;18.7;;;;;;;;;;;;;;;;90;;
SCM;18.09.1994 00:00;;;;;;;;;976;;;;;1;4.3;3.6;15.5;;;;;;;;;;;;;;;;180;;
SCM;19.09.1994 00:00;;;;;;;;;973.9;;;;;1.1;4.3;4;15.5;;;;;;;;;;;;;;;;214;;
SCM;20.09.1994 00:00;;;;;;;;;962.3;;;;;1.4;7.1;5;25.6;;;;;;;;;;;;;;;;214;;
SCM;21.09.1994 00:00;;;;;;;;;962.8;;;;;0.9;3.1;3.2;11.2;;;;;;;;;;;;;;;;270;;
SCM;23.09.1994 00:00;;;;;;;;;970.6;;;;;1.4;4.7;5;16.9;;;;;;;;;;;;;;;;265;;
SCM;24.09.1994 00:00;;;;;;;;;968.9;;;;;1.1;7;4;25.2;;;;;;;;;;;;;;;;262;;
SCM;25.09.1994 00:00;;;;;;;;;971.1;;;;;1.5;5.7;5.4;20.5;;;;;;;;;;;;;;;;253;;
SCM;26.09.1994 00:00;;;;;;;;;969.7;;;;;0.7;3.5;2.5;12.6;;;;;;;;;;;;;;;;135;;
SCM;27.09.1994 00:00;;;;;;;;;971.4;;;;;1;4.7;3.6;16.9;;;;;;;;;;;;;;;;217;;
SCM;28.09.1994 00:00;;;;;;;;;974.5;;;;1023;1.5;5.8;5.4;20.9;;;;;;;;;;;;;;;;253;;
SCM;29.09.1994 00:00;;;;;;;;;975.6;;;;;0.8;3.3;2.9;11.9;;;;;;;;;;;;;;;;225;;
SCM;30.09.1994 00:00;;;;;;;;;973.5;;;;;0.7;2.7;2.5;9.7;;;;;;;;;;;;;;;;90;;
SCM;01.10.1994 00:00;;;;;;;;;973.7;;;;;0.8;4.3;2.9;15.5;;;;;;;;;;;;;;;;180;;
SCM;02.10.1994 00:00;;;;;;;;;970.1;;;;;0.9;3.3;3.2;11.9;;;;;;;;;;;;;;;;104;;
SCM;03.10.1994 00:00;;;;;;;;;962.5;;;;;1.6;8.5;5.8;30.6;;;;;;;;;;;;;;;;315;;
SCM;04.10.1994 00:00;;;;;;;;;969.2;;;;;1.3;8.7;4.7;31.3;;;;;;;;;;;;;;;;297;;
SCM;05.10.1994 00:00;;;;;;;;;979.9;;;;;1.4;10.6;5;38.2;;;;;;;;;;;;;;;;233;;
SCM;06.10.1994 00:00;;;;;;;;;984.6;;;;;2.4;9.7;8.6;34.9;;;;;;;;;;;;;;;;73;;
SCM;07.10.1994 00:00;;;;;;;;;977.5;;;;;1.2;6.1;4.3;22;;;;;;;;;;;;;;;;256;;
SCM;08.10.1994 00:00;;;;;;;;;974.8;;;;;1.1;5.3;4;19.1;;;;;;;;;;;;;;;;90;;
SCM;09.10.1994 00:00;;;;;;;;;976.7;;;;1025.3;1;4.2;3.6;15.1;;;;;;;;;;;;;;;;90;;
SCM;10.10.1994 00:00;;;;;;;;;976.9;;;;;0.9;4.7;3.2;16.9;;;;;;;;;;;;;;;;90;;
SCM;11.10.1994 00:00;;;;;;;;;977.5;;;;;0.9;3.7;3.2;13.3;;;;;;;;;;;;;;;;90;;
SCM;12.10.1994 00:00;;;;;;;;;980.4;;;;;0.6;2.2;2.2;7.9;;;;;;;;;;;;;;;;180;;
SCM;13.10.1994 00:00;;;;;;;;;982.2;;;;;1;4.2;3.6;15.1;;;;;;;;;;;;;;;;214;;
SCM;14.10.1994 00:00;;;;;;;;;979.9;;;;;1;6.1;3.6;22;;;;;;;;;;;;;;;;117;;
SCM;15.10.1994 00:00;;;;;;;;;975.5;;;;;0.8;3.2;2.9;11.5;;;;;;;;;;;;;;;;270;;
SCM;16.10.1994 00:00;;;;;;;;;972.4;;;;;0.9;3.7;3.2;13.3;;;;;;;;;;;;;;;;270;;
SCM;17.10.1994 00:00;;;;;;;;;971.9;;;;;1.3;7.6;4.7;27.4;;;;;;;;;;;;;;;;61;;
SCM;18.10.1994 00:00;;;;;;;;;969.9;;;;;0.9;4.5;3.2;16.2;;;;;;;;;;;;;;;;304;;
SCM;19.10.1994 00:00;;;;;;;;;962.5;;;;;1.5;9;5.4;32.4;;;;;;;;;;;;;;;;253;;
SCM;20.10.1994 00:00;;;;;;;;;958.2;;;;;1.7;6.5;6.1;23.4;;;;;;;;;;;;;;;;258;;
SCM;21.10.1994 00:00;;;;;;;;;961.2;;;;;0.6;3.2;2.2;11.5;;;;;;;;;;;;;;;;180;;
SCM;22.10.1994 00:00;;;;;;;;;959.8;;;;;1.2;4.7;4.3;16.9;;;;;;;;;;;;;;;;90;;
SCM;23.10.1994 00:00;;;;;;;;;958.4;;;;;1.4;10.5;5;37.8;;;;;;;;;;;;;;;;77;;
SCM;24.10.1994 00:00;;;;;;;;;964.2;;;;;1.4;15.2;5;54.7;;;;;;;;;;;;;;;;315;;
SCM;25.10.1994 00:00;;;;;;;;;964.4;;;;;1.8;6.8;6.5;24.5;;;;;;;;;;;;;;;;117;;
SCM;26.10.1994 00:00;;;;;;;;;965.5;;;;;1.5;13;5.4;46.8;;;;;;;;;;;;;;;;0;;
SCM;27.10.1994 00:00;;;;;;;;;968.2;;;;;1.3;5.3;4.7;19.1;;;;;;;;;;;;;;;;90;;
SCM;28.10.1994 00:00;;;;;;;;;966.9;;;;;1;4.3;3.6;15.5;;;;;;;;;;;;;;;;81;;
SCM;29.10.1994 00:00;;;;;;;;;969.1;;;;;0.8;3.1;2.9;11.2;;;;;;;;;;;;;;;;99;;
SCM;30.10.1994 00:00;;;;;;;;;969.4;;;;;1.1;7.5;4;27;;;;;;;;;;;;;;;;72;;
SCM;31.10.1994 00:00;;;;;;;;;968.2;;;;;1.2;4.3;4.3;15.5;;;;;;;;;;;;;;;;67;;
SCM;01.11.1994 00:00;;;;;;;;;973.6;;;;;1;7.5;3.6;27;;;;;;;;;;;;;;;;90;;
SCM;02.11.1994 00:00;;;;;;;;;973.4;;;;;1.2;4;4.3;14.4;;;;;;;;;;;;;;;;262;;
SCM;03.11.1994 00:00;;;;;;;;;969.7;;;;;1.2;5.1;4.3;18.4;;;;;;;;;;;;;;;;270;;
SCM;04.11.1994 00:00;;;;;;;;;967.3;;;;;1.2;5.5;4.3;19.8;;;;;;;;;;;;;;;;270;;
SCM;05.11.1994 00:00;;;;;;;;;963;;;;;2.4;9.6;8.6;34.6;;;;;;;;;;;;;;;;270;;
SCM;06.11.1994 00:00;;;;;;;;;966.6;;;;;1.2;5.5;4.3;19.8;;;;;;;;;;;;;;;;253;;
SCM;07.11.1994 00:00;;;;;;;;;965.4;;;;1013.4;0.5;2.3;1.8;8.3;;;;;;;;;;;;;;;;90;;
SCM;08.11.1994 00:00;;;;;;;;;966.4;;;;;1.3;4.7;4.7;16.9;;;;;;;;;;;;;;;;225;;
SCM;09.11.1994 00:00;;;;;;;;;964.6;;;;;1;3.8;3.6;13.7;;;;;;;;;;;;;;;;270;;
SCM;10.11.1994 00:00;;;;;;;;;962.4;;;;;1.2;6.5;4.3;23.4;;;;;;;;;;;;;;;;85;;
SCM;11.11.1994 00:00;;;;;;;;;966.8;;;;1014.9;0.8;2.6;2.9;9.4;;;;;;;;;;;;;;;;90;;
SCM;12.11.1994 00:00;;;;;;;;;969.1;;;;;0.9;4.5;3.2;16.2;;;;;;;;;;;;;;;;99;;
SCM;13.11.1994 00:00;;;;;;;;;974.6;;;;;1.1;5.3;4;19.1;;;;;;;;;;;;;;;;72;;
SCM;14.11.1994 00:00;;;;;;;;;977.3;;;;;0.9;4.7;3.2;16.9;;;;;;;;;;;;;;;;68;;
SCM;15.11.1994 00:00;;;;;;;;;974.7;;;;;2;9.7;7.2;34.9;;;;;;;;;;;;;;;;302;;
SCM;16.11.1994 00:00;;;;;;;;;974.3;;;;;1.7;9.6;6.1;34.6;;;;;;;;;;;;;;;;270;;
SCM;17.11.1994 00:00;;;;;;;;;971.2;;;;;1;6.6;3.6;23.8;;;;;;;;;;;;;;;;261;;
SCM;18.11.1994 00:00;;;;;;;;;971;;;;;1.3;7.1;4.7;25.6;;;;;;;;;;;;;;;;45;;
SCM;19.11.1994 00:00;;;;;;;;;975.7;;;;;1.3;5.3;4.7;19.1;;;;;;;;;;;;;;;;80;;
SCM;20.11.1994 00:00;;;;;;;;;979.1;;;;;1.4;9.8;5;35.3;;;;;;;;;;;;;;;;90;;
SCM;21.11.1994 00:00;;;;;;;;;978.8;;;;;0.9;6.1;3.2;22;;;;;;;;;;;;;;;;259;;
SCM;22.11.1994 00:00;;;;;;;;;978.4;;;;;1;4;3.6;14.4;;;;;;;;;;;;;;;;153;;
SCM;23.11.1994 00:00;;;;;;;;;980.9;;;;;0.7;3.2;2.5;11.5;;;;;;;;;;;;;;;;124;;
SCM;24.11.1994 00:00;;;;;;;;;985;;;;;0.7;2.6;2.5;9.4;;;;;;;;;;;;;;;;90;;
SCM;25.11.1994 00:00;;;;;;;;;986.4;;;;;0.7;3.8;2.5;13.7;;;;;;;;;;;;;;;;90;;
SCM;26.11.1994 00:00;;;;;;;;;982.1;;;;;1;5;3.6;18;;;;;;;;;;;;;;;;259;;
SCM;27.11.1994 00:00;;;;;;;;;978;;;;;1.3;7.6;4.7;27.4;;;;;;;;;;;;;;;;90;;
SCM;28.11.1994 00:00;;;;;;;;;984.2;;;;;0.9;4.2;3.2;15.1;;;;;;;;;;;;;;;;90;;
SCM;29.11.1994 00:00;;;;;;;;;985.4;;;;;1;3.7;3.6;13.3;;;;;;;;;;;;;;;;90;;
SCM;30.11.1994 00:00;;;;;;;;;982.8;;;;;0.9;5.2;3.2;18.7;;;;;;;;;;;;;;;;63;;
SCM;01.12.1994 00:00;;;;;;;;;982;;;;;1.2;3.7;4.3;13.3;;;;;;;;;;;;;;;;122;;
SCM;02.12.1994 00:00;;;;;;;;;982.7;;;;1031.6;0.9;3.2;3.2;11.5;;;;;;;;;;;;;;;;82;;
SCM;03.12.1994 00:00;;;;;;;;;983.1;;;;1032;1.1;4.8;4;17.3;;;;;;;;;;;;;;;;79;;
SCM;04.12.1994 00:00;;;;;;;;;980.7;;;;;1.1;5.3;4;19.1;;;;;;;;;;;;;;;;68;;
SCM;05.12.1994 00:00;;;;;;;;;975.7;;;;;1;6;3.6;21.6;;;;;;;;;;;;;;;;74;;
SCM;06.12.1994 00:00;;;;;;;;;980.6;;;;;1.2;7.8;4.3;28.1;;;;;;;;;;;;;;;;72;;
SCM;07.12.1994 00:00;;;;;;;;;976.1;;;;;1.1;7.5;4;27;;;;;;;;;;;;;;;;76;;
SCM;08.12.1994 00:00;;;;;;;;;975;;;;;0.9;5;3.2;18;;;;;;;;;;;;;;;;72;;
SCM;09.12.1994 00:00;;;;;;;;;971.3;;;;;1.8;12.3;6.5;44.3;;;;;;;;;;;;;;;;86;;
SCM;10.12.1994 00:00;;;;;;;;;979.7;;;;;1.3;13;4.7;46.8;;;;;;;;;;;;;;;;63;;
SCM;11.12.1994 00:00;;;;;;;;;986.3;;;;;0.6;3.3;2.2;11.9;;;;;;;;;;;;;;;;90;;
SCM;12.12.1994 00:00;;;;;;;;;985.5;;;;;0.9;3.5;3.2;12.6;;;;;;;;;;;;;;;;79;;
SCM;13.12.1994 00:00;;;;;;;;;981.7;;;;;1.1;3.6;4;13;;;;;;;;;;;;;;;;108;;
SCM;14.12.1994 00:00;;;;;;;;;978.1;;;;;1.1;4;4;14.4;;;;;;;;;;;;;;;;360;;
SCM;15.12.1994 00:00;;;;;;;;;979.9;;;;;1.7;7.3;6.1;26.3;;;;;;;;;;;;;;;;67;;
SCM;16.12.1994 00:00;;;;;;;;;982.6;;;;;1.2;4.5;4.3;16.2;;;;;;;;;;;;;;;;106;;
SCM;17.12.1994 00:00;;;;;;;;;981.3;;;;;0.9;5.7;3.2;20.5;;;;;;;;;;;;;;;;90;;
SCM;18.12.1994 00:00;;;;;;;;;973.5;;;;;1;5.1;3.6;18.4;;;;;;;;;;;;;;;;76;;
SCM;19.12.1994 00:00;;;;;;;;;971.5;;;;;1.1;9.2;4;33.1;;;;;;;;;;;;;;;;90;;
SCM;20.12.1994 00:00;;;;;;;;;972.1;;;;;1;3.6;3.6;13;;;;;;;;;;;;;;;;76;;
SCM;21.12.1994 00:00;;;;;;;;;972;;;;;1;4.2;3.6;15.1;;;;;;;;;;;;;;;;323;;
SCM;22.12.1994 00:00;;;;;;;;;972.1;;;;;1.9;11.2;6.8;40.3;;;;;;;;;;;;;;;;41;;
SCM;23.12.1994 00:00;;;;;;;;;977.6;;;;;2.3;8.8;8.3;31.7;;;;;;;;;;;;;;;;70;;
SCM;24.12.1994 00:00;;;;;;;;;976.7;;;;;1.5;8.2;5.4;29.5;;;;;;;;;;;;;;;;39;;
SCM;25.12.1994 00:00;;;;;;;;;975.3;;;;;0.9;3.5;3.2;12.6;;;;;;;;;;;;;;;;81;;
SCM;26.12.1994 00:00;;;;;;;;;973.1;;;;;1.2;4.3;4.3;15.5;;;;;;;;;;;;;;;;90;;
SCM;27.12.1994 00:00;;;;;;;;;967.4;;;;;1.2;5;4.3;18;;;;;;;;;;;;;;;;72;;
SCM;28.12.1994 00:00;;;;;;;;;969.9;;;;;0.9;6.7;3.2;24.1;;;;;;;;;;;;;;;;67;;
SCM;29.12.1994 00:00;;;;;;;;;967.4;;;;;1;8.3;3.6;29.9;;;;;;;;;;;;;;;;76;;
SCM;30.12.1994 00:00;;;;;;;;;959.3;;;;;2.3;17.2;8.3;61.9;;;;;;;;;;;;;;;;225;;
SCM;31.12.1994 00:00;;;;;;;;;955.9;;;;;1.5;6.5;5.4;23.4;;;;;;;;;;;;;;;;73;;
SCM;01.01.1995 00:00;;;;;;;;;957.9;;;;;3.4;15.6;12.2;56.2;;;;;;;;;;;;;;;;280;;
SCM;02.01.1995 00:00;;;;;;;;;967.4;;;;;3.6;15;13;54;;;;;;;;;;;;;;;;281;;
SCM;03.01.1995 00:00;;;;;;;;;978.8;;;;;1.5;6.1;5.4;22;;;;;;;;;;;;;;;;304;;
SCM;04.01.1995 00:00;;;;;;;;;979.7;;;;;1.7;7.7;6.1;27.7;;;;;;;;;;;;;;;;70;;
SCM;05.01.1995 00:00;;;;;;;;;977.7;;;;;1.3;3.5;4.7;12.6;;;;;;;;;;;;;;;;85;;
SCM;06.01.1995 00:00;;;;;;;;;973;;;;;1.3;4.5;4.7;16.2;;;;;;;;;;;;;;;;80;;
SCM;07.01.1995 00:00;;;;;;;;;982.6;;;;;1.1;4.6;4;16.6;;;;;;;;;;;;;;;;79;;
SCM;08.01.1995 00:00;;;;;;;;;984;;;;;1;5.2;3.6;18.7;;;;;;;;;;;;;;;;82;;
SCM;09.01.1995 00:00;;;;;;;;;979.7;;;;;0.9;4.5;3.2;16.2;;;;;;;;;;;;;;;;83;;
SCM;10.01.1995 00:00;;;;;;;;;968.9;;;;;3;12.8;10.8;46.1;;;;;;;;;;;;;;;;293;;
SCM;11.01.1995 00:00;;;;;;;;;961.7;;;;;3.4;15.2;12.2;54.7;;;;;;;;;;;;;;;;291;;
SCM;12.01.1995 00:00;;;;;;;;;970.6;;;;;3.2;11.6;11.5;41.8;;;;;;;;;;;;;;;;280;;
SCM;13.01.1995 00:00;;;;;;;;;987.3;;;;;0.9;4.6;3.2;16.6;;;;;;;;;;;;;;;;45;;
SCM;14.01.1995 00:00;;;;;;;;;986.1;;;;;1.1;5.2;4;18.7;;;;;;;;;;;;;;;;84;;
SCM;15.01.1995 00:00;;;;;;;;;983.1;;;;;1;3.6;3.6;13;;;;;;;;;;;;;;;;90;;
SCM;16.01.1995 00:00;;;;;;;;;980.5;;;;;1.2;3.3;4.3;11.9;;;;;;;;;;;;;;;;85;;
SCM;17.01.1995 00:00;;;;;;;;;973.8;;;;;1.1;4.8;4;17.3;;;;;;;;;;;;;;;;82;;
SCM;18.01.1995 00:00;;;;;;;;;964.5;;;;;1.4;6.7;5;24.1;;;;;;;;;;;;;;;;288;;
SCM;19.01.1995 00:00;;;;;;;;;971.2;;;;;1.9;14.2;6.8;51.1;;;;;;;;;;;;;;;;94;;
SCM;20.01.1995 00:00;;;;;;;;;971.7;;;;;2.3;15.2;8.3;54.7;;;;;;;;;;;;;;;;225;;
SCM;21.01.1995 00:00;;;;;;;;;974.1;;;;;1.1;7.6;4;27.4;;;;;;;;;;;;;;;;90;;
SCM;22.01.1995 00:00;;;;;;;;;964.9;;;;;2.3;14;8.3;50.4;;;;;;;;;;;;;;;;108;;
SCM;23.01.1995 00:00;;;;;;;;;960.8;;;;;1.5;8.2;5.4;29.5;;;;;;;;;;;;;;;;27;;
SCM;24.01.1995 00:00;;;;;;;;;968.7;;;;;4;17.1;14.4;61.6;;;;;;;;;;;;;;;;280;;
SCM;25.01.1995 00:00;;;;;;;;;962.3;;;;;2.9;15.5;10.4;55.8;;;;;;;;;;;;;;;;90;;
SCM;26.01.1995 00:00;;;;;;;;;957.3;;;;;3.6;30.3;13;109.1;;;;;;;;;;;;;;;;281;;
SCM;27.01.1995 00:00;;;;;;;;;969.9;;;;;4.3;16.7;15.5;60.1;;;;;;;;;;;;;;;;266;;
SCM;28.01.1995 00:00;;;;;;;;;963;;;;;2.7;15.8;9.7;56.9;;;;;;;;;;;;;;;;180;;
SCM;29.01.1995 00:00;;;;;;;;;963.1;;;;;2.3;20.1;8.3;72.4;;;;;;;;;;;;;;;;346;;
SCM;30.01.1995 00:00;;;;;;;;;963.1;;;;;1.3;10.3;4.7;37.1;;;;;;;;;;;;;;;;90;;
SCM;31.01.1995 00:00;;;;;;;;;979.6;;;;;2.4;15.8;8.6;56.9;;;;;;;;;;;;;;;;110;;
SCM;01.02.1995 00:00;;;;;;;;;976.9;;;;;1.2;10;4.3;36;;;;;;;;;;;;;;;;83;;
SCM;02.02.1995 00:00;;;;;;;;;978.1;;;;;0.9;4.6;3.2;16.6;;;;;;;;;;;;;;;;270;;
SCM;03.02.1995 00:00;;;;;;;;;984.4;;;;;1.1;7.7;4;27.7;;;;;;;;;;;;;;;;236;;
SCM;04.02.1995 00:00;;;;;;;;;982.6;;;;;1;5.8;3.6;20.9;;;;;;;;;;;;;;;;90;;
SCM;05.02.1995 00:00;;;;;;;;;983.1;;;;;0.6;2.7;2.2;9.7;;;;;;;;;;;;;;;;90;;
SCM;06.02.1995 00:00;;;;;;;;;978.8;;;;;0.9;3.6;3.2;13;;;;;;;;;;;;;;;;90;;
SCM;07.02.1995 00:00;;;;;;;;;971;;;;;0.9;5.8;3.2;20.9;;;;;;;;;;;;;;;;90;;
SCM;08.02.1995 00:00;;;;;;;;;962.4;;;;;0.9;5.8;3.2;20.9;;;;;;;;;;;;;;;;135;;
SCM;09.02.1995 00:00;;;;;;;;;957;;;;;0.9;8;3.2;28.8;;;;;;;;;;;;;;;;90;;
SCM;10.02.1995 00:00;;;;;;;;;961.6;;;;;1.6;11.2;5.8;40.3;;;;;;;;;;;;;;;;106;;
SCM;11.02.1995 00:00;;;;;;;;;965.3;;;;;1.4;8.1;5;29.2;;;;;;;;;;;;;;;;162;;
SCM;12.02.1995 00:00;;;;;;;;;970.4;;;;;1.2;6.7;4.3;24.1;;;;;;;;;;;;;;;;82;;
SCM;13.02.1995 00:00;;;;;;;;;967.8;;;;;1.7;9.2;6.1;33.1;;;;;;;;;;;;;;;;264;;
SCM;14.02.1995 00:00;;;;;;;;;969.7;;;;;2.4;10.8;8.6;38.9;;;;;;;;;;;;;;;;278;;
SCM;15.02.1995 00:00;;;;;;;;;968.9;;;;;1.9;12.1;6.8;43.6;;;;;;;;;;;;;;;;90;;
SCM;16.02.1995 00:00;;;;;;;;;970.9;;;;;3.4;19.2;12.2;69.1;;;;;;;;;;;;;;;;272;;
SCM;17.02.1995 00:00;;;;;;;;;966;;;;;2;13.2;7.2;47.5;;;;;;;;;;;;;;;;53;;
SCM;18.02.1995 00:00;;;;;;;;;970.6;;;;;0.8;3.5;2.9;12.6;;;;;;;;;;;;;;;;90;;
SCM;19.02.1995 00:00;;;;;;;;;977.2;;;;;1.5;10.5;5.4;37.8;;;;;;;;;;;;;;;;86;;
SCM;20.02.1995 00:00;;;;;;;;;977.7;;;;;1.2;7.1;4.3;25.6;;;;;;;;;;;;;;;;79;;
SCM;21.02.1995 00:00;;;;;;;;;973.2;;;;;1.9;12;6.8;43.2;;;;;;;;;;;;;;;;263;;
SCM;22.02.1995 00:00;;;;;;;;;976.4;;;;;1.3;9.3;4.7;33.5;;;;;;;;;;;;;;;;90;;
SCM;23.02.1995 00:00;;;;;;;;;966.9;;;;;1.3;9;4.7;32.4;;;;;;;;;;;;;;;;360;;
SCM;24.02.1995 00:00;;;;;;;;;954.3;;;;;3.9;19.6;14;70.6;;;;;;;;;;;;;;;;115;;
SCM;25.02.1995 00:00;;;;;;;;;952;;;;;2.2;24.2;7.9;87.1;;;;;;;;;;;;;;;;90;;
SCM;26.02.1995 00:00;;;;;;;;;954.4;;;;;2;7.2;7.2;25.9;;;;;;;;;;;;;;;;249;;
SCM;27.02.1995 00:00;;;;;;;;;975;;;;;1.7;7.2;6.1;25.9;;;;;;;;;;;;;;;;270;;
SCM;28.02.1995 00:00;;;;;;;;;981.9;;;;;1.5;9.8;5.4;35.3;;;;;;;;;;;;;;;;97;;
SCM;01.03.1995 00:00;;;;;;;;;971.4;;;;;0.7;2.8;2.5;10.1;;;;;;;;;;;;;;;;180;;
SCM;02.03.1995 00:00;;;;;;;;;967.3;;;;;1.8;10.8;6.5;38.9;;;;;;;;;;;;;;;;264;;
SCM;03.03.1995 00:00;;;;;;;;;959.4;;;;;1.8;14.8;6.5;53.3;;;;;;;;;;;;;;;;104;;
SCM;04.03.1995 00:00;;;;;;;;;962.2;;;;;1.5;6;5.4;21.6;;;;;;;;;;;;;;;;263;;
SCM;05.03.1995 00:00;;;;;;;;;957.8;;;;;1.6;8.3;5.8;29.9;;;;;;;;;;;;;;;;135;;
SCM;06.03.1995 00:00;;;;;;;;;960.1;;;;;2;12.7;7.2;45.7;;;;;;;;;;;;;;;;279;;
SCM;07.03.1995 00:00;;;;;;;;;968.3;;;;;1.8;7.7;6.5;27.7;;;;;;;;;;;;;;;;104;;
SCM;08.03.1995 00:00;;;;;;;;;962.7;;;;;3.5;14.1;12.6;50.8;;;;;;;;;;;;;;;;141;;
SCM;09.03.1995 00:00;;;;;;;;;971.5;;;;;1.1;5.1;4;18.4;;;;;;;;;;;;;;;;108;;
SCM;10.03.1995 00:00;;;;;;;;;970.7;;;;;1.1;8.1;4;29.2;;;;;;;;;;;;;;;;259;;
SCM;11.03.1995 00:00;;;;;;;;;970.8;;;;;0.7;2.5;2.5;9;;;;;;;;;;;;;;;;270;;
SCM;12.03.1995 00:00;;;;;;;;;973.1;;;;;1;8.6;3.6;31;;;;;;;;;;;;;;;;315;;
SCM;13.03.1995 00:00;;;;;;;;;970.5;;;;;2;11.1;7.2;40;;;;;;;;;;;;;;;;72;;
SCM;14.03.1995 00:00;;;;;;;;;964.4;;;;;1.7;6.7;6.1;24.1;;;;;;;;;;;;;;;;243;;
SCM;15.03.1995 00:00;;;;;;;;;957.5;;;;;1.9;9.7;6.8;34.9;;;;;;;;;;;;;;;;284;;
SCM;16.03.1995 00:00;;;;;;;;;963.4;;;;;2.1;10.3;7.6;37.1;;;;;;;;;;;;;;;;229;;
SCM;17.03.1995 00:00;;;;;;;;;962.8;;;;;3.5;13;12.6;46.8;;;;;;;;;;;;;;;;98;;
SCM;18.03.1995 00:00;;;;;;;;;965.3;;;;;1.6;14.6;5.8;52.6;;;;;;;;;;;;;;;;180;;
SCM;19.03.1995 00:00;;;;;;;;;962.4;;;;;2.8;15.2;10.1;54.7;;;;;;;;;;;;;;;;290;;
SCM;20.03.1995 00:00;;;;;;;;;974;;;;;2.4;17.7;8.6;63.7;;;;;;;;;;;;;;;;283;;
SCM;21.03.1995 00:00;;;;;;;;;984;;;;;1.4;7.8;5;28.1;;;;;;;;;;;;;;;;297;;
SCM;22.03.1995 00:00;;;;;;;;;989.2;;;;;1.4;7;5;25.2;;;;;;;;;;;;;;;;79;;
SCM;23.03.1995 00:00;;;;;;;;;985.1;;;;;1.4;7.1;5;25.6;;;;;;;;;;;;;;;;124;;
SCM;24.03.1995 00:00;;;;;;;;;977.8;;;;;0.9;3.6;3.2;13;;;;;;;;;;;;;;;;0;;
SCM;25.03.1995 00:00;;;;;;;;;974.3;;;;;2.7;11.2;9.7;40.3;;;;;;;;;;;;;;;;270;;
SCM;26.03.1995 00:00;;;;;;;;;973;;;;;3.3;11.6;11.9;41.8;;;;;;;;;;;;;;;;276;;
SCM;27.03.1995 00:00;;;;;;;;;959.7;;;;;3.5;16.1;12.6;58;;;;;;;;;;;;;;;;274;;
SCM;28.03.1995 00:00;;;;;;;;;964.5;;;;;3;11.6;10.8;41.8;;;;;;;;;;;;;;;;254;;
SCM;29.03.1995 00:00;;;;;;;;;959.6;;;;;4.1;16.8;14.8;60.5;;;;;;;;;;;;;;;;274;;
SCM;30.03.1995 00:00;;;;;;;;;980.9;;;;;1.7;6.8;6.1;24.5;;;;;;;;;;;;;;;;146;;
SCM;31.03.1995 00:00;;;;;;;;;985.3;;;;;2.7;9.7;9.7;34.9;;;;;;;;;;;;;;;;135;;
SCM;01.04.1995 00:00;;;;;;;;;985.3;;;;;1.1;3.5;4;12.6;;;;;;;;;;;;;;;;84;;
SCM;02.04.1995 00:00;;;;;;;;;982.8;;;;;1.2;5;4.3;18;;;;;;;;;;;;;;;;90;;
SCM;03.04.1995 00:00;;;;;;;;;974;;;;;1.5;12.8;5.4;46.1;;;;;;;;;;;;;;;;96;;
SCM;04.04.1995 00:00;;;;;;;;;972.7;;;;;1.5;7.8;5.4;28.1;;;;;;;;;;;;;;;;63;;
SCM;05.04.1995 00:00;;;;;;;;;974.6;;;;;1.1;5.3;4;19.1;;;;;;;;;;;;;;;;0;;
SCM;06.04.1995 00:00;;;;;;;;;976.4;;;;;0.9;5.1;3.2;18.4;;;;;;;;;;;;;;;;225;;
SCM;07.04.1995 00:00;;;;;;;;;974.8;;;;;1.3;7.5;4.7;27;;;;;;;;;;;;;;;;252;;
SCM;08.04.1995 00:00;;;;;;;;;972.4;;;;;1.9;8.1;6.8;29.2;;;;;;;;;;;;;;;;266;;
SCM;09.04.1995 00:00;;;;;;;;;974.8;;;;;1.9;7;6.8;25.2;;;;;;;;;;;;;;;;238;;
SCM;10.04.1995 00:00;;;;;;;;;972.8;;;;;1.6;8.2;5.8;29.5;;;;;;;;;;;;;;;;243;;
SCM;11.04.1995 00:00;;;;;;;;;975.3;;;;;0.8;3.1;2.9;11.2;;;;;;;;;;;;;;;;243;;
SCM;12.04.1995 00:00;;;;;;;;;976.1;;;;;1.4;8.2;5;29.5;;;;;;;;;;;;;;;;261;;
SCM;13.04.1995 00:00;;;;;;;;;977.3;;;;;2.3;12.2;8.3;43.9;;;;;;;;;;;;;;;;81;;
SCM;14.04.1995 00:00;;;;;;;;;980.4;;;;;2.2;13.2;7.9;47.5;;;;;;;;;;;;;;;;62;;
SCM;15.04.1995 00:00;;;;;;;;;973.6;;;;;0.9;4.1;3.2;14.8;;;;;;;;;;;;;;;;90;;
SCM;16.04.1995 00:00;;;;;;;;;966.2;;;;;1.7;7.7;6.1;27.7;;;;;;;;;;;;;;;;297;;
SCM;17.04.1995 00:00;;;;;;;;;966.3;;;;;2.1;9.3;7.6;33.5;;;;;;;;;;;;;;;;270;;
SCM;18.04.1995 00:00;;;;;;;;;959;;;;;1.1;5.8;4;20.9;;;;;;;;;;;;;;;;117;;
SCM;19.04.1995 00:00;;;;;;;;;957.2;;;;;2.6;15.3;9.4;55.1;;;;;;;;;;;;;;;;261;;
SCM;20.04.1995 00:00;;;;;;;;;965.8;;;;;2;9.6;7.2;34.6;;;;;;;;;;;;;;;;259;;
SCM;21.04.1995 00:00;;;;;;;;;962.8;;;;;2.4;12.6;8.6;45.4;;;;;;;;;;;;;;;;105;;
SCM;22.04.1995 00:00;;;;;;;;;964.9;;;;;3.2;11.7;11.5;42.1;;;;;;;;;;;;;;;;253;;
SCM;23.04.1995 00:00;;;;;;;;;966.7;;;;;1.5;8.6;5.4;31;;;;;;;;;;;;;;;;252;;
SCM;24.04.1995 00:00;;;;;;;;;957.6;;;;;0.7;2.6;2.5;9.4;;;;;;;;;;;;;;;;256;;
SCM;25.04.1995 00:00;;;;;;;;;951.3;;;;;2;10.6;7.2;38.2;;;;;;;;;;;;;;;;263;;
SCM;26.04.1995 00:00;;;;;;;;;955.2;;;;;0.6;3;2.2;10.8;;;;;;;;;;;;;;;;124;;
SCM;27.04.1995 00:00;;;;;;;;;959.6;;;;;0.8;3.6;2.9;13;;;;;;;;;;;;;;;;104;;
SCM;28.04.1995 00:00;;;;;;;;;965.1;;;;;1.4;6;5;21.6;;;;;;;;;;;;;;;;259;;
SCM;29.04.1995 00:00;;;;;;;;;969.4;;;;;1.6;14.7;5.8;52.9;;;;;;;;;;;;;;;;270;;
SCM;30.04.1995 00:00;;;;;;;;;973.9;;;;;0.8;8.6;2.9;31;;;;;;;;;;;;;;;;243;;
SCM;01.05.1995 00:00;;;;;;;;;974.8;;;;;1.5;8.2;5.4;29.5;;;;;;;;;;;;;;;;45;;
SCM;02.05.1995 00:00;;;;;;;;;976.8;;;;;2.1;8.1;7.6;29.2;;;;;;;;;;;;;;;;360;;
SCM;03.05.1995 00:00;;;;;;;;;978.6;;;;;1.1;4.7;4;16.9;;;;;;;;;;;;;;;;262;;
SCM;04.05.1995 00:00;;;;;;;;;978.2;;;;;1.1;5.1;4;18.4;;;;;;;;;;;;;;;;270;;
SCM;05.05.1995 00:00;;;;;;;;;975.9;;;;;1.6;6.2;5.8;22.3;;;;;;;;;;;;;;;;360;;
SCM;06.05.1995 00:00;;;;;;;;;971.8;;;;;1.6;8.6;5.8;31;;;;;;;;;;;;;;;;90;;
SCM;07.05.1995 00:00;;;;;;;;;970.4;;;;;1.5;8.7;5.4;31.3;;;;;;;;;;;;;;;;180;;
SCM;08.05.1995 00:00;;;;;;;;;969.3;;;;;2.1;9.6;7.6;34.6;;;;;;;;;;;;;;;;90;;
SCM;09.05.1995 00:00;;;;;;;;;967.8;;;;;0.7;4.5;2.5;16.2;;;;;;;;;;;;;;;;243;;
SCM;10.05.1995 00:00;;;;;;;;;966.1;;;;;1.3;5.7;4.7;20.5;;;;;;;;;;;;;;;;249;;
SCM;11.05.1995 00:00;;;;;;;;;957.4;;;;;1.5;9.2;5.4;33.1;;;;;;;;;;;;;;;;180;;
SCM;12.05.1995 00:00;;;;;;;;;948.5;;;;;1.6;8.6;5.8;31;;;;;;;;;;;;;;;;90;;
SCM;13.05.1995 00:00;;;;;;;;;955.2;;;;;3.4;14.5;12.2;52.2;;;;;;;;;;;;;;;;274;;
SCM;14.05.1995 00:00;;;;;;;;;972.2;;;;;1.8;8;6.5;28.8;;;;;;;;;;;;;;;;239;;
SCM;15.05.1995 00:00;;;;;;;;;969.6;;;;;1.7;6;6.1;21.6;;;;;;;;;;;;;;;;243;;
SCM;16.05.1995 00:00;;;;;;;;;963.2;;;;;1.9;8.6;6.8;31;;;;;;;;;;;;;;;;257;;
SCM;17.05.1995 00:00;;;;;;;;;961.7;;;;;3.5;16;12.6;57.6;;;;;;;;;;;;;;;;272;;
SCM;18.05.1995 00:00;;;;;;;;;961.4;;;;;2.2;9.3;7.9;33.5;;;;;;;;;;;;;;;;267;;
SCM;19.05.1995 00:00;;;;;;;;;969.7;;;;;1.7;8.2;6.1;29.5;;;;;;;;;;;;;;;;253;;
SCM;20.05.1995 00:00;;;;;;;;;976.5;;;;;1.1;9;4;32.4;;;;;;;;;;;;;;;;101;;
SCM;21.05.1995 00:00;;;;;;;;;978.3;;;;;1.6;7.3;5.8;26.3;;;;;;;;;;;;;;;;59;;
SCM;22.05.1995 00:00;;;;;;;;;973.3;;;;;1.3;4.2;4.7;15.1;;;;;;;;;;;;;;;;254;;
SCM;23.05.1995 00:00;;;;;;;;;967.8;;;;;1.6;8.3;5.8;29.9;;;;;;;;;;;;;;;;262;;
SCM;24.05.1995 00:00;;;;;;;;;965.6;;;;;1.4;10.6;5;38.2;;;;;;;;;;;;;;;;270;;
SCM;25.05.1995 00:00;;;;;;;;;966.1;;;;;1.4;12.2;5;43.9;;;;;;;;;;;;;;;;270;;
SCM;26.05.1995 00:00;;;;;;;;;969.1;;;;;1.1;4;4;14.4;;;;;;;;;;;;;;;;256;;
SCM;27.05.1995 00:00;;;;;;;;;973.7;;;;;1;5.3;3.6;19.1;;;;;;;;;;;;;;;;180;;
SCM;28.05.1995 00:00;;;;;;;;;974;;;;;1.8;7.6;6.5;27.4;;;;;;;;;;;;;;;;270;;
SCM;29.05.1995 00:00;;;;;;;;;972.5;;;;;2.1;9.6;7.6;34.6;;;;;;;;;;;;;;;;0;;
SCM;30.05.1995 00:00;;;;;;;;;969;;;;;2.8;9;10.1;32.4;;;;;;;;;;;;;;;;251;;
SCM;31.05.1995 00:00;;;;;;;;;965.1;;;;;1.6;7.1;5.8;25.6;;;;;;;;;;;;;;;;254;;
SCM;01.06.1995 00:00;;;;;;;;;967.5;;;;;3.1;10.1;11.2;36.4;;;;;;;;;;;;;;;;272;;
SCM;02.06.1995 00:00;;;;;;;;;969.7;;;;;1;6.7;3.6;24.1;;;;;;;;;;;;;;;;135;;
SCM;03.06.1995 00:00;;;;;;;;;970.4;;;;;1.2;4.5;4.3;16.2;;;;;;;;;;;;;;;;248;;
SCM;04.06.1995 00:00;;;;;;;;;971.6;;;;;0.8;4.6;2.9;16.6;;;;;;;;;;;;;;;;153;;
SCM;05.06.1995 00:00;;;;;;;;;972.1;;;;;1.4;9.3;5;33.5;;;;;;;;;;;;;;;;153;;
SCM;06.06.1995 00:00;;;;;;;;;974;;;;;0.7;2.7;2.5;9.7;;;;;;;;;;;;;;;;99;;
SCM;07.06.1995 00:00;;;;;;;;;970.7;;;;;1.1;5.8;4;20.9;;;;;;;;;;;;;;;;254;;
SCM;08.06.1995 00:00;;;;;;;;;967.8;;;;;1.3;5.6;4.7;20.2;;;;;;;;;;;;;;;;249;;
SCM;09.06.1995 00:00;;;;;;;;;970.4;;;;;2.6;13.2;9.4;47.5;;;;;;;;;;;;;;;;238;;
SCM;10.06.1995 00:00;;;;;;;;;966.6;;;;;1.7;6.3;6.1;22.7;;;;;;;;;;;;;;;;248;;
SCM;11.06.1995 00:00;;;;;;;;;963.8;;;;;0.9;3.6;3.2;13;;;;;;;;;;;;;;;;153;;
SCM;12.06.1995 00:00;;;;;;;;;963.1;;;;;1.1;7.2;4;25.9;;;;;;;;;;;;;;;;257;;
SCM;13.06.1995 00:00;;;;;;;;;967;;;;;1.4;11.6;5;41.8;;;;;;;;;;;;;;;;247;;
SCM;14.06.1995 00:00;;;;;;;;;970.5;;;;;1.2;9.1;4.3;32.8;;;;;;;;;;;;;;;;153;;
SCM;15.06.1995 00:00;;;;;;;;;970.2;;;;;1.7;7.2;6.1;25.9;;;;;;;;;;;;;;;;236;;
SCM;16.06.1995 00:00;;;;;;;;;971;;;;;1;7.7;3.6;27.7;;;;;;;;;;;;;;;;214;;
SCM;17.06.1995 00:00;;;;;;;;;969.4;;;;;1;4.7;3.6;16.9;;;;;;;;;;;;;;;;225;;
SCM;18.06.1995 00:00;;;;;;;;;970.4;;;;;1;4.6;3.6;16.6;;;;;;;;;;;;;;;;243;;
SCM;19.06.1995 00:00;;;;;;;;;973.4;;;;;1.6;6.5;5.8;23.4;;;;;;;;;;;;;;;;257;;
SCM;20.06.1995 00:00;;;;;;;;;973.6;;;;;0.7;3.5;2.5;12.6;;;;;;;;;;;;;;;;270;;
SCM;21.06.1995 00:00;;;;;;;;;975.4;;;;;1.2;8.6;4.3;31;;;;;;;;;;;;;;;;90;;
SCM;22.06.1995 00:00;;;;;;;;;973.7;;;;;1.3;8.7;4.7;31.3;;;;;;;;;;;;;;;;270;;
SCM;23.06.1995 00:00;;;;;;;;;970.1;;;;;1.2;7.8;4.3;28.1;;;;;;;;;;;;;;;;243;;
SCM;24.06.1995 00:00;;;;;;;;;969.9;;;;;0.9;3.7;3.2;13.3;;;;;;;;;;;;;;;;135;;
SCM;25.06.1995 00:00;;;;;;;;;973.6;;;;;1.8;9.1;6.5;32.8;;;;;;;;;;;;;;;;66;;
SCM;26.06.1995 00:00;;;;;;;;;972.7;;;;;2.6;10.8;9.4;38.9;;;;;;;;;;;;;;;;68;;
SCM;27.06.1995 00:00;;;;;;;;;968.2;;;;;2.1;11.7;7.6;42.1;;;;;;;;;;;;;;;;75;;
SCM;28.06.1995 00:00;;;;;;;;;967.6;;;;;1.8;9.2;6.5;33.1;;;;;;;;;;;;;;;;68;;
SCM;29.06.1995 00:00;;;;;;;;;967.7;;;;;1.2;6.5;4.3;23.4;;;;;;;;;;;;;;;;284;;
SCM;30.06.1995 00:00;;;;;;;;;968.8;;;;;0.7;3.5;2.5;12.6;;;;;;;;;;;;;;;;256;;
SCM;01.07.1995 00:00;;;;;;;;;968.7;;;;;1.6;15.7;5.8;56.5;;;;;;;;;;;;;;;;108;;
SCM;02.07.1995 00:00;;;;;;;;;962.9;;;;;2;12.2;7.2;43.9;;;;;;;;;;;;;;;;95;;
SCM;03.07.1995 00:00;;;;;;;;;960.8;;;;;2;14.1;7.2;50.8;;;;;;;;;;;;;;;;96;;
SCM;04.07.1995 00:00;;;;;;;;;967.9;;;;;1.4;6.6;5;23.8;;;;;;;;;;;;;;;;243;;
SCM;05.07.1995 00:00;;;;;;;;;972.6;;;;;1.2;3.7;4.3;13.3;;;;;;;;;;;;;;;;264;;
SCM;06.07.1995 00:00;;;;;;;;;972.7;;;;;1;7.6;3.6;27.4;;;;;;;;;;;;;;;;63;;
SCM;07.07.1995 00:00;;;;;;;;;971.6;;;;;0.8;3.3;2.9;11.9;;;;;;;;;;;;;;;;270;;
SCM;08.07.1995 00:00;;;;;;;;;972.2;;;;;1.2;5.8;4.3;20.9;;;;;;;;;;;;;;;;270;;
SCM;09.07.1995 00:00;;;;;;;;;971.7;;;;;0.8;4.8;2.9;17.3;;;;;;;;;;;;;;;;270;;
SCM;10.07.1995 00:00;;;;;;;;;967.5;;;;;2.5;18.6;9;67;;;;;;;;;;;;;;;;106;;
SCM;11.07.1995 00:00;;;;;;;;;964.2;;;;;2;12.6;7.2;45.4;;;;;;;;;;;;;;;;104;;
SCM;12.07.1995 00:00;;;;;;;;;967.3;;;;;1.6;7;5.8;25.2;;;;;;;;;;;;;;;;207;;
SCM;13.07.1995 00:00;;;;;;;;;967.3;;;;;2.5;15.6;9;56.2;;;;;;;;;;;;;;;;96;;
SCM;14.07.1995 00:00;;;;;;;;;968.5;;;;;2.3;15.5;8.3;55.8;;;;;;;;;;;;;;;;225;;
SCM;15.07.1995 00:00;;;;;;;;;968.5;;;;;1.3;6.8;4.7;24.5;;;;;;;;;;;;;;;;121;;
SCM;16.07.1995 00:00;;;;;;;;;969.2;;;;;1.6;12.2;5.8;43.9;;;;;;;;;;;;;;;;108;;
SCM;17.07.1995 00:00;;;;;;;;;970.1;;;;;1.4;6.7;5;24.1;;;;;;;;;;;;;;;;231;;
SCM;18.07.1995 00:00;;;;;;;;;973.6;;;;;1.4;7.8;5;28.1;;;;;;;;;;;;;;;;247;;
SCM;19.07.1995 00:00;;;;;;;;;976.5;;;;;1.2;4.8;4.3;17.3;;;;;;;;;;;;;;;;270;;
SCM;20.07.1995 00:00;;;;;;;;;973.5;;;;;0.8;4.2;2.9;15.1;;;;;;;;;;;;;;;;225;;
SCM;21.07.1995 00:00;;;;;;;;;970.4;;;;;2.1;18.3;7.6;65.9;;;;;;;;;;;;;;;;94;;
SCM;22.07.1995 00:00;;;;;;;;;968.3;;;;;2.9;21.7;10.4;78.1;;;;;;;;;;;;;;;;103;;
SCM;23.07.1995 00:00;;;;;;;;;974.9;;;;;1.8;9.3;6.5;33.5;;;;;;;;;;;;;;;;56;;
SCM;24.07.1995 00:00;;;;;;;;;974.5;;;;;0.9;3.2;3.2;11.5;;;;;;;;;;;;;;;;259;;
SCM;25.07.1995 00:00;;;;;;;;;970.5;;;;;1.1;4.5;4;16.2;;;;;;;;;;;;;;;;254;;
SCM;26.07.1995 00:00;;;;;;;;;967.8;;;;;0.8;4.5;2.9;16.2;;;;;;;;;;;;;;;;256;;
SCM;27.07.1995 00:00;;;;;;;;;971.4;;;;;1.4;11;5;39.6;;;;;;;;;;;;;;;;112;;
SCM;28.07.1995 00:00;;;;;;;;;973;;;;;1.3;6.1;4.7;22;;;;;;;;;;;;;;;;243;;
SCM;29.07.1995 00:00;;;;;;;;;970.3;;;;;1.4;7.3;5;26.3;;;;;;;;;;;;;;;;90;;
SCM;30.07.1995 00:00;;;;;;;;;967.6;;;;;1.5;6;5.4;21.6;;;;;;;;;;;;;;;;180;;
SCM;31.07.1995 00:00;;;;;;;;;966.5;;;;;1.5;10.2;5.4;36.7;;;;;;;;;;;;;;;;108;;
SCM;01.08.1995 00:00;;;;;;;;;967.9;;;;;1.4;7.1;5;25.6;;;;;;;;;;;;;;;;104;;
SCM;02.08.1995 00:00;;;;;;;;;969.1;;;;;0.9;6.3;3.2;22.7;;;;;;;;;;;;;;;;90;;
SCM;03.08.1995 00:00;;;;;;;;;967.3;;;;;1;5.3;3.6;19.1;;;;;;;;;;;;;;;;360;;
SCM;04.08.1995 00:00;;;;;;;;;966;;;;;1;4.1;3.6;14.8;;;;;;;;;;;;;;;;270;;
SCM;05.08.1995 00:00;;;;;;;;;969;;;;;1;4.8;3.6;17.3;;;;;;;;;;;;;;;;45;;
SCM;06.08.1995 00:00;;;;;;;;;970.7;;;;;1.6;8.7;5.8;31.3;;;;;;;;;;;;;;;;153;;
SCM;07.08.1995 00:00;;;;;;;;;969.1;;;;;1.4;8.2;5;29.5;;;;;;;;;;;;;;;;225;;
SCM;08.08.1995 00:00;;;;;;;;;968.4;;;;;1.2;16.2;4.3;58.3;;;;;;;;;;;;;;;;153;;
SCM;09.08.1995 00:00;;;;;;;;;971.3;;;;;0.9;5.2;3.2;18.7;;;;;;;;;;;;;;;;288;;
SCM;10.08.1995 00:00;;;;;;;;;974.3;;;;;1.3;4.8;4.7;17.3;;;;;;;;;;;;;;;;249;;
SCM;11.08.1995 00:00;;;;;;;;;975.3;;;;;1.3;6.5;4.7;23.4;;;;;;;;;;;;;;;;243;;
SCM;12.08.1995 00:00;;;;;;;;;975.4;;;;;1.1;4.5;4;16.2;;;;;;;;;;;;;;;;180;;
SCM;13.08.1995 00:00;;;;;;;;;973;;;;;1.3;8.5;4.7;30.6;;;;;;;;;;;;;;;;45;;
SCM;14.08.1995 00:00;;;;;;;;;971.3;;;;;0.7;5.8;2.5;20.9;;;;;;;;;;;;;;;;153;;
SCM;15.08.1995 00:00;;;;;;;;;972.2;;;;;1.4;8.8;5;31.7;;;;;;;;;;;;;;;;72;;
SCM;16.08.1995 00:00;;;;;;;;;972.5;;;;;1;5.2;3.6;18.7;;;;;;;;;;;;;;;;180;;
SCM;17.08.1995 00:00;;;;;;;;;968.9;;;;;2.2;9.1;7.9;32.8;;;;;;;;;;;;;;;;75;;
SCM;18.08.1995 00:00;;;;;;;;;969.1;;;;;1;4.8;3.6;17.3;;;;;;;;;;;;;;;;252;;
SCM;19.08.1995 00:00;;;;;;;;;970;;;;;1.3;6.2;4.7;22.3;;;;;;;;;;;;;;;;135;;
SCM;20.08.1995 00:00;;;;;;;;;970.7;;;;;1;5.6;3.6;20.2;;;;;;;;;;;;;;;;117;;
SCM;21.08.1995 00:00;;;;;;;;;970;;;;;1;7;3.6;25.2;;;;;;;;;;;;;;;;90;;
SCM;22.08.1995 00:00;;;;;;;;;968.1;;;;;0.9;4.2;3.2;15.1;;;;;;;;;;;;;;;;243;;
SCM;23.08.1995 00:00;;;;;;;;;968.4;;;;;1.3;8.8;4.7;31.7;;;;;;;;;;;;;;;;103;;
SCM;24.08.1995 00:00;;;;;;;;;968.5;;;;;0.9;7.3;3.2;26.3;;;;;;;;;;;;;;;;124;;
SCM;25.08.1995 00:00;;;;;;;;;969.7;;;;;0.9;6.1;3.2;22;;;;;;;;;;;;;;;;117;;
SCM;26.08.1995 00:00;;;;;;;;;970.2;;;;;1.6;10.8;5.8;38.9;;;;;;;;;;;;;;;;263;;
SCM;27.08.1995 00:00;;;;;;;;;968.1;;;;;1.3;7.6;4.7;27.4;;;;;;;;;;;;;;;;270;;
SCM;28.08.1995 00:00;;;;;;;;;967.4;;;;;2.7;13.2;9.7;47.5;;;;;;;;;;;;;;;;274;;
SCM;29.08.1995 00:00;;;;;;;;;972.5;;;;;2.8;13;10.1;46.8;;;;;;;;;;;;;;;;286;;
SCM;30.08.1995 00:00;;;;;;;;;974.5;;;;;1.4;10;5;36;;;;;;;;;;;;;;;;103;;
SCM;31.08.1995 00:00;;;;;;;;;973.6;;;;;1.1;11.1;4;40;;;;;;;;;;;;;;;;82;;
SCM;01.09.1995 00:00;;;;;;;;;971.6;;;;;0.8;2.8;2.9;10.1;;;;;;;;;;;;;;;;90;;
SCM;02.09.1995 00:00;;;;;;;;;969.3;;;;;1;7.3;3.6;26.3;;;;;;;;;;;;;;;;236;;
SCM;03.09.1995 00:00;;;;;;;;;964.4;;;;;1.9;16.7;6.8;60.1;;;;;;;;;;;;;;;;90;;
SCM;04.09.1995 00:00;;;;;;;;;964.2;;;;;1.1;5.3;4;19.1;;;;;;;;;;;;;;;;72;;
SCM;05.09.1995 00:00;;;;;;;;;961.1;;;;;1.7;8.2;6.1;29.5;;;;;;;;;;;;;;;;153;;
SCM;06.09.1995 00:00;;;;;;;;;960.3;;;;;1.2;9;4.3;32.4;;;;;;;;;;;;;;;;76;;
SCM;07.09.1995 00:00;;;;;;;;;957.4;;;;;4.8;25.1;17.3;90.4;;;;;;;;;;;;;;;;105;;
SCM;08.09.1995 00:00;;;;;;;;;960.1;;;;;2.7;23;9.7;82.8;;;;;;;;;;;;;;;;98;;
SCM;09.09.1995 00:00;;;;;;;;;969.7;;;;;1.8;9.5;6.5;34.2;;;;;;;;;;;;;;;;263;;
SCM;10.09.1995 00:00;;;;;;;;;967.4;;;;;1;4.8;3.6;17.3;;;;;;;;;;;;;;;;0;;
SCM;11.09.1995 00:00;;;;;;;;;967.9;;;;;1.2;10.5;4.3;37.8;;;;;;;;;;;;;;;;90;;
SCM;12.09.1995 00:00;;;;;;;;;969.4;;;;;1.8;7.5;6.5;27;;;;;;;;;;;;;;;;250;;
SCM;13.09.1995 00:00;;;;;;;;;966.1;;;;;1;10.8;3.6;38.9;;;;;;;;;;;;;;;;281;;
SCM;14.09.1995 00:00;;;;;;;;;967.9;;;;;0.8;3.8;2.9;13.7;;;;;;;;;;;;;;;;135;;
SCM;15.09.1995 00:00;;;;;;;;;965.6;;;;;0.9;5;3.2;18;;;;;;;;;;;;;;;;90;;
SCM;16.09.1995 00:00;;;;;;;;;965.5;;;;;1.5;7;5.4;25.2;;;;;;;;;;;;;;;;90;;
SCM;17.09.1995 00:00;;;;;;;;;969;;;;;1.3;7.8;4.7;28.1;;;;;;;;;;;;;;;;90;;
SCM;18.09.1995 00:00;;;;;;;;;969.4;;;;;1.5;7.1;5.4;25.6;;;;;;;;;;;;;;;;248;;
SCM;19.09.1995 00:00;;;;;;;;;961.3;;;;;1;5.5;3.6;19.8;;;;;;;;;;;;;;;;263;;
SCM;20.09.1995 00:00;;;;;;;;;963;;;;;1.4;6.7;5;24.1;;;;;;;;;;;;;;;;270;;
SCM;21.09.1995 00:00;;;;;;;;;970.6;;;;;0.8;4.3;2.9;15.5;;;;;;;;;;;;;;;;259;;
SCM;22.09.1995 00:00;;;;;;;;;974.4;;;;;1;3.6;3.6;13;;;;;;;;;;;;;;;;249;;
SCM;23.09.1995 00:00;;;;;;;;;975.6;;;;;0.7;2.8;2.5;10.1;;;;;;;;;;;;;;;;225;;
SCM;24.09.1995 00:00;;;;;;;;;970.8;;;;;0.9;6.2;3.2;22.3;;;;;;;;;;;;;;;;90;;
SCM;25.09.1995 00:00;;;;;;;;;971.8;;;;;1;7.8;3.6;28.1;;;;;;;;;;;;;;;;243;;
SCM;26.09.1995 00:00;;;;;;;;;977.7;;;;;0.9;4.5;3.2;16.2;;;;;;;;;;;;;;;;180;;
SCM;27.09.1995 00:00;;;;;;;;;972.2;;;;;0.9;8.7;3.2;31.3;;;;;;;;;;;;;;;;0;;
SCM;28.09.1995 00:00;;;;;;;;;974.2;;;;;1;10;3.6;36;;;;;;;;;;;;;;;;153;;
SCM;29.09.1995 00:00;;;;;;;;;975.2;;;;;1.1;7.7;4;27.7;;;;;;;;;;;;;;;;194;;
SCM;30.09.1995 00:00;;;;;;;;;972.6;;;;;0.9;5;3.2;18;;;;;;;;;;;;;;;;108;;
SCM;01.10.1995 00:00;;;;;;;;;971.7;;;;;1.4;8.2;5;29.5;;;;;;;;;;;;;;;;81;;
SCM;02.10.1995 00:00;;;;;;;;;974.6;;;;;1;7.1;3.6;25.6;;;;;;;;;;;;;;;;79;;
SCM;03.10.1995 00:00;;;;;;;;;974.9;;;;;1;6.2;3.6;22.3;;;;;;;;;;;;;;;;270;;
SCM;04.10.1995 00:00;;;;;;;;;971.9;;;;;0.7;6.7;2.5;24.1;;;;;;;;;;;;;;;;243;;
SCM;05.10.1995 00:00;;;;;;;;;971.2;;;;;2;8.6;7.2;31;;;;;;;;;;;;;;;;259;;
SCM;06.10.1995 00:00;;;;;;;;;975.4;;;;;0.9;5.7;3.2;20.5;;;;;;;;;;;;;;;;254;;
SCM;07.10.1995 00:00;;;;;;;;;980.9;;;;;1;7.1;3.6;25.6;;;;;;;;;;;;;;;;225;;
SCM;08.10.1995 00:00;;;;;;;;;981.5;;;;;0.8;4.7;2.9;16.9;;;;;;;;;;;;;;;;256;;
SCM;09.10.1995 00:00;;;;;;;;;978.3;;;;;0.5;4;1.8;14.4;;;;;;;;;;;;;;;;270;;
SCM;10.10.1995 00:00;;;;;;;;;976.4;;;;;0.6;4.2;2.2;15.1;;;;;;;;;;;;;;;;90;;
SCM;11.10.1995 00:00;;;;;;;;;976.5;;;;;0.6;7;2.2;25.2;;;;;;;;;;;;;;;;0;;
SCM;12.10.1995 00:00;;;;;;;;;976.8;;;;;0.8;3;2.9;10.8;;;;;;;;;;;;;;;;256;;
SCM;13.10.1995 00:00;;;;;;;;;976.9;;;;;0.8;3.2;2.9;11.5;;;;;;;;;;;;;;;;180;;
SCM;14.10.1995 00:00;;;;;;;;;975.3;;;;;0.8;4;2.9;14.4;;;;;;;;;;;;;;;;180;;
SCM;15.10.1995 00:00;;;;;;;;;975.1;;;;;0.5;3.8;1.8;13.7;;;;;;;;;;;;;;;;90;;
SCM;16.10.1995 00:00;;;;;;;;;976.6;;;;;1.1;7.5;4;27;;;;;;;;;;;;;;;;207;;
SCM;17.10.1995 00:00;;;;;;;;;979.2;;;;;0.9;5.7;3.2;20.5;;;;;;;;;;;;;;;;90;;
SCM;18.10.1995 00:00;;;;;;;;;982.1;;;;;0.7;5.2;2.5;18.7;;;;;;;;;;;;;;;;63;;
SCM;19.10.1995 00:00;;;;;;;;;982.6;;;;;1;4.6;3.6;16.6;;;;;;;;;;;;;;;;270;;
SCM;20.10.1995 00:00;;;;;;;;;978.8;;;;;0.9;4.7;3.2;16.9;;;;;;;;;;;;;;;;252;;
SCM;21.10.1995 00:00;;;;;;;;;976.1;;;;;1.3;8.8;4.7;31.7;;;;;;;;;;;;;;;;27;;
SCM;22.10.1995 00:00;;;;;;;;;976;;;;;1;7.5;3.6;27;;;;;;;;;;;;;;;;76;;
SCM;23.10.1995 00:00;;;;;;;;;978.4;;;;;0.9;4.6;3.2;16.6;;;;;;;;;;;;;;;;90;;
SCM;24.10.1995 00:00;;;;;;;;;975.8;;;;;0.9;3.7;3.2;13.3;;;;;;;;;;;;;;;;0;;
SCM;25.10.1995 00:00;;;;;;;;;977.2;;;;;1;5.7;3.6;20.5;;;;;;;;;;;;;;;;72;;
SCM;26.10.1995 00:00;;;;;;;;;976.6;;;;;0.7;4.1;2.5;14.8;;;;;;;;;;;;;;;;0;;
SCM;27.10.1995 00:00;;;;;;;;;974.5;;;;;0.8;5.3;2.9;19.1;;;;;;;;;;;;;;;;76;;
SCM;28.10.1995 00:00;;;;;;;;;972.4;;;;;1;7.8;3.6;28.1;;;;;;;;;;;;;;;;90;;
SCM;29.10.1995 00:00;;;;;;;;;968.1;;;;;1;7.8;3.6;28.1;;;;;;;;;;;;;;;;90;;
SCM;30.10.1995 00:00;;;;;;;;;972.1;;;;;0.8;5;2.9;18;;;;;;;;;;;;;;;;0;;
SCM;31.10.1995 00:00;;;;;;;;;977.6;;;;;0.8;3.5;2.9;12.6;;;;;;;;;;;;;;;;256;;
SCM;01.11.1995 00:00;;;;;;;;;971.2;;;;;1.1;5.8;4;20.9;;;;;;;;;;;;;;;;254;;
SCM;02.11.1995 00:00;;;;;;;;;967.9;;;;;1.7;9.1;6.1;32.8;;;;;;;;;;;;;;;;276;;
SCM;03.11.1995 00:00;;;;;;;;;967.7;;;;;4.1;17.5;14.8;63;;;;;;;;;;;;;;;;277;;
SCM;04.11.1995 00:00;;;;;;;;;977.5;;;;;1.4;9.8;5;35.3;;;;;;;;;;;;;;;;297;;
SCM;05.11.1995 00:00;;;;;;;;;985.3;;;;;2.2;9.1;7.9;32.8;;;;;;;;;;;;;;;;72;;
SCM;06.11.1995 00:00;;;;;;;;;984.7;;;;;1.1;6;4;21.6;;;;;;;;;;;;;;;;90;;
SCM;07.11.1995 00:00;;;;;;;;;980.2;;;;;0.8;3.2;2.9;11.5;;;;;;;;;;;;;;;;90;;
SCM;08.11.1995 00:00;;;;;;;;;976.6;;;;;0.7;3.2;2.5;11.5;;;;;;;;;;;;;;;;90;;
SCM;09.11.1995 00:00;;;;;;;;;971.6;;;;;0.9;4.5;3.2;16.2;;;;;;;;;;;;;;;;180;;
SCM;10.11.1995 00:00;;;;;;;;;967.8;;;;;0.8;7;2.9;25.2;;;;;;;;;;;;;;;;243;;
SCM;11.11.1995 00:00;;;;;;;;;965.3;;;;;4.6;19.5;16.6;70.2;;;;;;;;;;;;;;;;148;;
SCM;12.11.1995 00:00;;;;;;;;;965.6;;;;;2.7;17.2;9.7;61.9;;;;;;;;;;;;;;;;242;;
SCM;13.11.1995 00:00;;;;;;;;;970;;;;;1;6.5;3.6;23.4;;;;;;;;;;;;;;;;248;;
SCM;14.11.1995 00:00;;;;;;;;;970;;;;;0.9;4.7;3.2;16.9;;;;;;;;;;;;;;;;256;;
SCM;15.11.1995 00:00;;;;;;;;;962.9;;;;;0.8;4.7;2.9;16.9;;;;;;;;;;;;;;;;90;;
SCM;16.11.1995 00:00;;;;;;;;;956.7;;;;;0.9;10.7;3.2;38.5;;;;;;;;;;;;;;;;90;;
SCM;17.11.1995 00:00;;;;;;;;;958.5;;;;;2.1;10.1;7.6;36.4;;;;;;;;;;;;;;;;281;;
SCM;18.11.1995 00:00;;;;;;;;;974.5;;;;;3.2;13.6;11.5;49;;;;;;;;;;;;;;;;278;;
SCM;19.11.1995 00:00;;;;;;;;;979;;;;;1.2;8.6;4.3;31;;;;;;;;;;;;;;;;101;;
SCM;20.11.1995 00:00;;;;;;;;;979.9;;;;;1.6;11.3;5.8;40.7;;;;;;;;;;;;;;;;329;;
SCM;21.11.1995 00:00;;;;;;;;;978.3;;;;;1.2;8.3;4.3;29.9;;;;;;;;;;;;;;;;90;;
SCM;22.11.1995 00:00;;;;;;;;;979.1;;;;;1;3.6;3.6;13;;;;;;;;;;;;;;;;82;;
SCM;23.11.1995 00:00;;;;;;;;;980.2;;;;;0.9;7.7;3.2;27.7;;;;;;;;;;;;;;;;81;;
SCM;24.11.1995 00:00;;;;;;;;;973.6;;;;;1;4;3.6;14.4;;;;;;;;;;;;;;;;76;;
SCM;25.11.1995 00:00;;;;;;;;;969;;;;;0.8;2.7;2.9;9.7;;;;;;;;;;;;;;;;63;;
SCM;26.11.1995 00:00;;;;;;;;;964.1;;;;;1.9;6.1;6.8;22;;;;;;;;;;;;;;;;267;;
SCM;27.11.1995 00:00;;;;;;;;;964.3;;;;;0.9;3.6;3.2;13;;;;;;;;;;;;;;;;360;;
SCM;28.11.1995 00:00;;;;;;;;;969.2;;;;;0.6;2.6;2.2;9.4;;;;;;;;;;;;;;;;90;;
SCM;29.11.1995 00:00;;;;;;;;;973.5;;;;;0.8;4.3;2.9;15.5;;;;;;;;;;;;;;;;90;;
SCM;30.11.1995 00:00;;;;;;;;;975.8;;;;;1;4.3;3.6;15.5;;;;;;;;;;;;;;;;76;;
SCM;01.12.1995 00:00;;;;;;;;;979.1;;;;;0.8;4.1;2.9;14.8;;;;;;;;;;;;;;;;79;;
SCM;02.12.1995 00:00;;;;;;;;;979.5;;;;;0.9;4.5;3.2;16.2;;;;;;;;;;;;;;;;72;;
SCM;03.12.1995 00:00;;;;;;;;;975;;;;;0.7;4.2;2.5;15.1;;;;;;;;;;;;;;;;72;;
SCM;04.12.1995 00:00;;;;;;;;;970.6;;;;;2.2;11;7.9;39.6;;;;;;;;;;;;;;;;59;;
SCM;05.12.1995 00:00;;;;;;;;;966.5;;;;;1.9;7.8;6.8;28.1;;;;;;;;;;;;;;;;63;;
SCM;06.12.1995 00:00;;;;;;;;;966.6;;;;;1.4;5.6;5;20.2;;;;;;;;;;;;;;;;68;;
SCM;07.12.1995 00:00;;;;;;;;;970;;;;;0.9;3.2;3.2;11.5;;;;;;;;;;;;;;;;90;;
SCM;08.12.1995 00:00;;;;;;;;;977.1;;;;;0.8;4.5;2.9;16.2;;;;;;;;;;;;;;;;90;;
SCM;09.12.1995 00:00;;;;;;;;;983.9;;;;;0.9;3.5;3.2;12.6;;;;;;;;;;;;;;;;72;;
SCM;10.12.1995 00:00;;;;;;;;;985.5;;;;;0.9;3;3.2;10.8;;;;;;;;;;;;;;;;68;;
SCM;11.12.1995 00:00;;;;;;;;;983.1;;;;;1;3.2;3.6;11.5;;;;;;;;;;;;;;;;113;;
SCM;12.12.1995 00:00;;;;;;;;;976.1;;;;;1;6;3.6;21.6;;;;;;;;;;;;;;;;63;;
SCM;13.12.1995 00:00;;;;;;;;;972.8;;;;;2.8;12.2;10.1;43.9;;;;;;;;;;;;;;;;67;;
SCM;14.12.1995 00:00;;;;;;;;;968.7;;;;;2.1;13.5;7.6;48.6;;;;;;;;;;;;;;;;68;;
SCM;15.12.1995 00:00;;;;;;;;;972.7;;;;;1;6;3.6;21.6;;;;;;;;;;;;;;;;288;;
SCM;16.12.1995 00:00;;;;;;;;;972.3;;;;;0.9;4.3;3.2;15.5;;;;;;;;;;;;;;;;288;;
SCM;17.12.1995 00:00;;;;;;;;;972.4;;;;;0.9;3.6;3.2;13;;;;;;;;;;;;;;;;27;;
SCM;18.12.1995 00:00;;;;;;;;;971.9;;;;;0.7;2.3;2.5;8.3;;;;;;;;;;;;;;;;90;;
SCM;19.12.1995 00:00;;;;;;;;;970.3;;;;;0.8;3.3;2.9;11.9;;;;;;;;;;;;;;;;135;;
SCM;20.12.1995 00:00;;;;;;;;;967.2;;;;;0.9;4.6;3.2;16.6;;;;;;;;;;;;;;;;90;;
SCM;21.12.1995 00:00;;;;;;;;;968.9;;;;;1.3;7.5;4.7;27;;;;;;;;;;;;;;;;85;;
SCM;22.12.1995 00:00;;;;;;;;;959.7;;;;;2.2;11.8;7.9;42.5;;;;;;;;;;;;;;;;104;;
SCM;23.12.1995 00:00;;;;;;;;;950.3;;;;;1.9;15.2;6.8;54.7;;;;;;;;;;;;;;;;304;;
SCM;24.12.1995 00:00;;;;;;;;;951.6;;;;;1.1;7.1;4;25.6;;;;;;;;;;;;;;;;82;;
SCM;25.12.1995 00:00;;;;;;;;;950.9;;;;;1.2;5.2;4.3;18.7;;;;;;;;;;;;;;;;76;;
SCM;26.12.1995 00:00;;;;;;;;;953;;;;;1.1;6.3;4;22.7;;;;;;;;;;;;;;;;278;;
SCM;27.12.1995 00:00;;;;;;;;;963.6;;;;;1.2;4;4.3;14.4;;;;;;;;;;;;;;;;284;;
SCM;28.12.1995 00:00;;;;;;;;;965.7;;;;;1.6;5.3;5.8;19.1;;;;;;;;;;;;;;;;82;;
SCM;29.12.1995 00:00;;;;;;;;;966.5;;;;;0.6;4;2.2;14.4;;;;;;;;;;;;;;;;56;;
SCM;30.12.1995 00:00;;;;;;;;;957.9;;;;;1.4;9.1;5;32.8;;;;;;;;;;;;;;;;270;;
SCM;31.12.1995 00:00;;;;;;;;;951.4;;;;;0.8;3.6;2.9;13;;;;;;;;;;;;;;;;360;;
SCM;01.01.1996 00:00;;;;;;;;;955.5;;;;;0.9;4.3;3.2;15.5;;;;;;;;;;;;;;;;270;;
SCM;02.01.1996 00:00;;;;;;;;;962.2;;;;;0.9;2.8;3.2;10.1;;;;;;;;;;;;;;;;106;;
SCM;03.01.1996 00:00;;;;;;;;;973.8;;;;;0.8;5.5;2.9;19.8;;;;;;;;;;;;;;;;180;;
SCM;04.01.1996 00:00;;;;;;;;;970.5;;;;;1.3;7.5;4.7;27;;;;;;;;;;;;;;;;207;;
SCM;05.01.1996 00:00;;;;;;;;;959.3;;;;;0.8;4.3;2.9;15.5;;;;;;;;;;;;;;;;0;;
SCM;06.01.1996 00:00;;;;;;;;;954;;;;;0.8;4.6;2.9;16.6;;;;;;;;;;;;;;;;315;;
SCM;07.01.1996 00:00;;;;;;;;;957.2;;;;;1.8;10.5;6.5;37.8;;;;;;;;;;;;;;;;248;;
SCM;08.01.1996 00:00;;;;;;;;;966.7;;;;;1.3;8.1;4.7;29.2;;;;;;;;;;;;;;;;256;;
SCM;09.01.1996 00:00;;;;;;;;;963.7;;;;;1.3;6.6;4.7;23.8;;;;;;;;;;;;;;;;277;;
SCM;10.01.1996 00:00;;;;;;;;;961.1;;;;;1.4;6;5;21.6;;;;;;;;;;;;;;;;270;;
SCM;11.01.1996 00:00;;;;;;;;;960.8;;;;;1.3;8.1;4.7;29.2;;;;;;;;;;;;;;;;261;;
SCM;12.01.1996 00:00;;;;;;;;;959.8;;;;;0.8;5.2;2.9;18.7;;;;;;;;;;;;;;;;270;;
SCM;13.01.1996 00:00;;;;;;;;;970.3;;;;;0.5;3.1;1.8;11.2;;;;;;;;;;;;;;;;90;;
SCM;14.01.1996 00:00;;;;;;;;;974.5;;;;;0.7;3;2.5;10.8;;;;;;;;;;;;;;;;108;;
SCM;15.01.1996 00:00;;;;;;;;;980;;;;;0.8;3;2.9;10.8;;;;;;;;;;;;;;;;117;;
SCM;16.01.1996 00:00;;;;;;;;;982.5;;;;;0.9;3.5;3.2;12.6;;;;;;;;;;;;;;;;153;;
SCM;17.01.1996 00:00;;;;;;;;;981.2;;;;;0.8;2.8;2.9;10.1;;;;;;;;;;;;;;;;90;;
SCM;18.01.1996 00:00;;;;;;;;;977.2;;;;;0.8;2.8;2.9;10.1;;;;;;;;;;;;;;;;45;;
SCM;19.01.1996 00:00;;;;;;;;;970.7;;;;;0.9;3.5;3.2;12.6;;;;;;;;;;;;;;;;76;;
SCM;20.01.1996 00:00;;;;;;;;;967.4;;;;;1.1;4.7;4;16.9;;;;;;;;;;;;;;;;180;;
SCM;21.01.1996 00:00;;;;;;;;;969.6;;;;;0.8;3.7;2.9;13.3;;;;;;;;;;;;;;;;207;;
SCM;22.01.1996 00:00;;;;;;;;;968.2;;;;;1.1;5.3;4;19.1;;;;;;;;;;;;;;;;270;;
SCM;23.01.1996 00:00;;;;;;;;;962.9;;;;;1.2;5.2;4.3;18.7;;;;;;;;;;;;;;;;259;;
SCM;24.01.1996 00:00;;;;;;;;;960;;;;;0.7;3.8;2.5;13.7;;;;;;;;;;;;;;;;243;;
SCM;25.01.1996 00:00;;;;;;;;;959.3;;;;;0.9;3.5;3.2;12.6;;;;;;;;;;;;;;;;256;;
SCM;26.01.1996 00:00;;;;;;;;;962.5;;;;;0.8;3;2.9;10.8;;;;;;;;;;;;;;;;270;;
SCM;27.01.1996 00:00;;;;;;;;;968;;;;;0.7;3;2.5;10.8;;;;;;;;;;;;;;;;252;;
SCM;28.01.1996 00:00;;;;;;;;;968.6;;;;;1.6;6;5.8;21.6;;;;;;;;;;;;;;;;59;;
SCM;29.01.1996 00:00;;;;;;;;;968.4;;;;;1.7;6.6;6.1;23.8;;;;;;;;;;;;;;;;342;;
SCM;30.01.1996 00:00;;;;;;;;;972.6;;;;;2.6;8.2;9.4;29.5;;;;;;;;;;;;;;;;52;;
SCM;31.01.1996 00:00;;;;;;;;;972.6;;;;;1.7;8.5;6.1;30.6;;;;;;;;;;;;;;;;27;;
SCM;01.02.1996 00:00;;;;;;;;;971.4;;;;;1.1;5.1;4;18.4;;;;;;;;;;;;;;;;236;;
SCM;02.02.1996 00:00;;;;;;;;;964;;;;;0.7;4.2;2.5;15.1;;;;;;;;;;;;;;;;270;;
SCM;03.02.1996 00:00;;;;;;;;;964.4;;;;;0.7;3.5;2.5;12.6;;;;;;;;;;;;;;;;252;;
SCM;04.02.1996 00:00;;;;;;;;;964.3;;;;;1.6;7.5;5.8;27;;;;;;;;;;;;;;;;39;;
SCM;05.02.1996 00:00;;;;;;;;;963.3;;;;;1.6;7.3;5.8;26.3;;;;;;;;;;;;;;;;48;;
SCM;06.02.1996 00:00;;;;;;;;;951;;;;;1.4;6.5;5;23.4;;;;;;;;;;;;;;;;261;;
SCM;07.02.1996 00:00;;;;;;;;;950.1;;;;;1.3;7.8;4.7;28.1;;;;;;;;;;;;;;;;84;;
SCM;08.02.1996 00:00;;;;;;;;;959.9;;;;;1.2;5.3;4.3;19.1;;;;;;;;;;;;;;;;270;;
SCM;09.02.1996 00:00;;;;;;;;;971.4;;;;;0.9;3.6;3.2;13;;;;;;;;;;;;;;;;90;;
SCM;10.02.1996 00:00;;;;;;;;;968.7;;;;;1;3.8;3.6;13.7;;;;;;;;;;;;;;;;81;;
SCM;11.02.1996 00:00;;;;;;;;;969;;;;;1.3;8;4.7;28.8;;;;;;;;;;;;;;;;84;;
SCM;12.02.1996 00:00;;;;;;;;;959.6;;;;;3.5;17.2;12.6;61.9;;;;;;;;;;;;;;;;102;;
SCM;13.02.1996 00:00;;;;;;;;;955;;;;;1.7;10.6;6.1;38.2;;;;;;;;;;;;;;;;284;;
SCM;14.02.1996 00:00;;;;;;;;;971.8;;;;;2.2;6.3;7.9;22.7;;;;;;;;;;;;;;;;261;;
SCM;15.02.1996 00:00;;;;;;;;;982.7;;;;;1.3;6.7;4.7;24.1;;;;;;;;;;;;;;;;63;;
SCM;16.02.1996 00:00;;;;;;;;;979.5;;;;;0.9;3.8;3.2;13.7;;;;;;;;;;;;;;;;90;;
SCM;17.02.1996 00:00;;;;;;;;;973.8;;;;;2.8;13.6;10.1;49;;;;;;;;;;;;;;;;288;;
SCM;18.02.1996 00:00;;;;;;;;;962.7;;;;;1.2;11.2;4.3;40.3;;;;;;;;;;;;;;;;81;;
SCM;19.02.1996 00:00;;;;;;;;;950.5;;;;;1.2;8.5;4.3;30.6;;;;;;;;;;;;;;;;90;;
SCM;20.02.1996 00:00;;;;;;;;;959.5;;;;;1.1;4.2;4;15.1;;;;;;;;;;;;;;;;243;;
SCM;21.02.1996 00:00;;;;;;;;;962.8;;;;;2.1;12.2;7.6;43.9;;;;;;;;;;;;;;;;66;;
SCM;22.02.1996 00:00;;;;;;;;;970.4;;;;;1.7;6.6;6.1;23.8;;;;;;;;;;;;;;;;266;;
SCM;23.02.1996 00:00;;;;;;;;;970;;;;;1.1;6.5;4;23.4;;;;;;;;;;;;;;;;99;;
SCM;24.02.1996 00:00;;;;;;;;;969.6;;;;;1.1;8.7;4;31.3;;;;;;;;;;;;;;;;98;;
SCM;25.02.1996 00:00;;;;;;;;;967.2;;;;;1.2;10.8;4.3;38.9;;;;;;;;;;;;;;;;90;;
SCM;26.02.1996 00:00;;;;;;;;;967.8;;;;;1.9;8.8;6.8;31.7;;;;;;;;;;;;;;;;231;;
SCM;27.02.1996 00:00;;;;;;;;;969.9;;;;;2;12;7.2;43.2;;;;;;;;;;;;;;;;198;;
SCM;28.02.1996 00:00;;;;;;;;;973.6;;;;;0.4;2.3;1.4;8.3;;;;;;;;;;;;;;;;225;;
SCM;29.02.1996 00:00;;;;;;;;;977.6;;;;;0.9;5;3.2;18;;;;;;;;;;;;;;;;243;;
SCM;01.03.1996 00:00;;;;;;;;;976.3;;;;;1.2;6.8;4.3;24.5;;;;;;;;;;;;;;;;248;;
SCM;02.03.1996 00:00;;;;;;;;;973.4;;;;;1.3;6.1;4.7;22;;;;;;;;;;;;;;;;207;;
SCM;03.03.1996 00:00;;;;;;;;;970;;;;;1.1;4.6;4;16.6;;;;;;;;;;;;;;;;112;;
SCM;04.03.1996 00:00;;;;;;;;;971.6;;;;;1.6;8.3;5.8;29.9;;;;;;;;;;;;;;;;162;;
SCM;05.03.1996 00:00;;;;;;;;;976.1;;;;;2.1;11;7.6;39.6;;;;;;;;;;;;;;;;98;;
SCM;06.03.1996 00:00;;;;;;;;;973.9;;;;;1.6;6.8;5.8;24.5;;;;;;;;;;;;;;;;270;;
SCM;07.03.1996 00:00;;;;;;;;;967.7;;;;;1.2;7.7;4.3;27.7;;;;;;;;;;;;;;;;79;;
SCM;08.03.1996 00:00;;;;;;;;;972.9;;;;;1;4;3.6;14.4;;;;;;;;;;;;;;;;243;;
SCM;09.03.1996 00:00;;;;;;;;;974;;;;;0.7;3.5;2.5;12.6;;;;;;;;;;;;;;;;270;;
SCM;10.03.1996 00:00;;;;;;;;;973.1;;;;;1.6;10;5.8;36;;;;;;;;;;;;;;;;68;;
SCM;11.03.1996 00:00;;;;;;;;;967.6;;;;;0.9;4.3;3.2;15.5;;;;;;;;;;;;;;;;243;;
SCM;12.03.1996 00:00;;;;;;;;;963.5;;;;;2.2;8.5;7.9;30.6;;;;;;;;;;;;;;;;53;;
SCM;13.03.1996 00:00;;;;;;;;;960.8;;;;;1.3;5.5;4.7;19.8;;;;;;;;;;;;;;;;0;;
SCM;14.03.1996 00:00;;;;;;;;;960.2;;;;;1.3;7.2;4.7;25.9;;;;;;;;;;;;;;;;249;;
SCM;15.03.1996 00:00;;;;;;;;;959;;;;;1;4.3;3.6;15.5;;;;;;;;;;;;;;;;256;;
SCM;16.03.1996 00:00;;;;;;;;;960.4;;;;;0.6;2.7;2.2;9.7;;;;;;;;;;;;;;;;252;;
SCM;17.03.1996 00:00;;;;;;;;;966.9;;;;;0.5;3;1.8;10.8;;;;;;;;;;;;;;;;252;;
SCM;18.03.1996 00:00;;;;;;;;;968.5;;;;;0.6;3.5;2.2;12.6;;;;;;;;;;;;;;;;259;;
SCM;19.03.1996 00:00;;;;;;;;;966.8;;;;;1;4.5;3.6;16.2;;;;;;;;;;;;;;;;262;;
SCM;20.03.1996 00:00;;;;;;;;;964;;;;;0.7;3.7;2.5;13.3;;;;;;;;;;;;;;;;259;;
SCM;21.03.1996 00:00;;;;;;;;;966.6;;;;;1.4;8.1;5;29.2;;;;;;;;;;;;;;;;256;;
SCM;22.03.1996 00:00;;;;;;;;;971.2;;;;;1.6;9.5;5.8;34.2;;;;;;;;;;;;;;;;94;;
SCM;23.03.1996 00:00;;;;;;;;;971.7;;;;;1.6;8.6;5.8;31;;;;;;;;;;;;;;;;90;;
SCM;24.03.1996 00:00;;;;;;;;;971.9;;;;;1.4;9.8;5;35.3;;;;;;;;;;;;;;;;90;;
SCM;25.03.1996 00:00;;;;;;;;;969.6;;;;;1.1;6.7;4;24.1;;;;;;;;;;;;;;;;225;;
SCM;26.03.1996 00:00;;;;;;;;;963.2;;;;;1.3;6.6;4.7;23.8;;;;;;;;;;;;;;;;256;;
SCM;27.03.1996 00:00;;;;;;;;;965.4;;;;;1.4;8.1;5;29.2;;;;;;;;;;;;;;;;40;;
SCM;28.03.1996 00:00;;;;;;;;;966.8;;;;;1.4;6.3;5;22.7;;;;;;;;;;;;;;;;246;;
SCM;29.03.1996 00:00;;;;;;;;;966.3;;;;;3;12.2;10.8;43.9;;;;;;;;;;;;;;;;257;;
SCM;30.03.1996 00:00;;;;;;;;;965.4;;;;;1.4;11.7;5;42.1;;;;;;;;;;;;;;;;252;;
SCM;31.03.1996 00:00;;;;;;;;;966.9;;;;;1.7;8.6;6.1;31;;;;;;;;;;;;;;;;259;;
SCM;01.04.1996 00:00;;;;;;;;;959.7;;;;;1.5;8.6;5.4;31;;;;;;;;;;;;;;;;68;;
SCM;02.04.1996 00:00;;;;;;;;;963.6;;;;;1.5;7.6;5.4;27.4;;;;;;;;;;;;;;;;315;;
SCM;03.04.1996 00:00;;;;;;;;;970;;;;;1.5;9.1;5.4;32.8;;;;;;;;;;;;;;;;45;;
SCM;04.04.1996 00:00;;;;;;;;;973.6;;;;;2;8.1;7.2;29.2;;;;;;;;;;;;;;;;68;;
SCM;05.04.1996 00:00;;;;;;;;;969.9;;;;;1.2;5.3;4.3;19.1;;;;;;;;;;;;;;;;270;;
SCM;06.04.1996 00:00;;;;;;;;;970.4;;;;;0.6;2.7;2.2;9.7;;;;;;;;;;;;;;;;270;;
SCM;07.04.1996 00:00;;;;;;;;;972;;;;;0.9;4.5;3.2;16.2;;;;;;;;;;;;;;;;259;;
SCM;08.04.1996 00:00;;;;;;;;;976.4;;;;;1.1;11.3;4;40.7;;;;;;;;;;;;;;;;270;;
SCM;09.04.1996 00:00;;;;;;;;;976.6;;;;;1.3;7;4.7;25.2;;;;;;;;;;;;;;;;248;;
SCM;10.04.1996 00:00;;;;;;;;;970.9;;;;;0.8;4.5;2.9;16.2;;;;;;;;;;;;;;;;270;;
SCM;11.04.1996 00:00;;;;;;;;;967.4;;;;;1.1;6.3;4;22.7;;;;;;;;;;;;;;;;90;;
SCM;12.04.1996 00:00;;;;;;;;;965.9;;;;;1;7.8;3.6;28.1;;;;;;;;;;;;;;;;214;;
SCM;13.04.1996 00:00;;;;;;;;;968.9;;;;;1.2;5.5;4.3;19.8;;;;;;;;;;;;;;;;180;;
SCM;14.04.1996 00:00;;;;;;;;;973.4;;;;;1.4;6.3;5;22.7;;;;;;;;;;;;;;;;63;;
SCM;15.04.1996 00:00;;;;;;;;;977.5;;;;;1.3;7.3;4.7;26.3;;;;;;;;;;;;;;;;63;;
SCM;16.04.1996 00:00;;;;;;;;;970.8;;;;;1.6;8.8;5.8;31.7;;;;;;;;;;;;;;;;45;;
SCM;17.04.1996 00:00;;;;;;;;;964.8;;;;;1.4;9;5;32.4;;;;;;;;;;;;;;;;249;;
SCM;18.04.1996 00:00;;;;;;;;;972.3;;;;;1.9;9.8;6.8;35.3;;;;;;;;;;;;;;;;246;;
SCM;19.04.1996 00:00;;;;;;;;;972.7;;;;;1;5.8;3.6;20.9;;;;;;;;;;;;;;;;270;;
SCM;20.04.1996 00:00;;;;;;;;;969.2;;;;;2.1;11.2;7.6;40.3;;;;;;;;;;;;;;;;135;;
SCM;21.04.1996 00:00;;;;;;;;;966.8;;;;;3.3;12.8;11.9;46.1;;;;;;;;;;;;;;;;106;;
SCM;22.04.1996 00:00;;;;;;;;;965.1;;;;;7.2;20.6;25.9;74.2;;;;;;;;;;;;;;;;113;;
SCM;23.04.1996 00:00;;;;;;;;;964.9;;;;;4.7;18.8;16.9;67.7;;;;;;;;;;;;;;;;192;;
SCM;24.04.1996 00:00;;;;;;;;;973.9;;;;;1.5;7.3;5.4;26.3;;;;;;;;;;;;;;;;162;;
SCM;25.04.1996 00:00;;;;;;;;;975.6;;;;;1.2;6;4.3;21.6;;;;;;;;;;;;;;;;104;;
SCM;26.04.1996 00:00;;;;;;;;;971.3;;;;;1.9;10.1;6.8;36.4;;;;;;;;;;;;;;;;67;;
SCM;27.04.1996 00:00;;;;;;;;;965;;;;;0.9;4;3.2;14.4;;;;;;;;;;;;;;;;263;;
SCM;28.04.1996 00:00;;;;;;;;;961;;;;;0.9;5.2;3.2;18.7;;;;;;;;;;;;;;;;270;;
SCM;29.04.1996 00:00;;;;;;;;;958.2;;;;;0.9;4.6;3.2;16.6;;;;;;;;;;;;;;;;243;;
SCM;30.04.1996 00:00;;;;;;;;;956.6;;;;;1.5;7.6;5.4;27.4;;;;;;;;;;;;;;;;262;;
SCM;01.05.1996 00:00;;;;;;;;;954.4;;;;;1.5;15.1;5.4;54.4;;;;;;;;;;;;;;;;254;;
SCM;02.05.1996 00:00;;;;;;;;;953.4;;;;;2;18.7;7.2;67.3;;;;;;;;;;;;;;;;270;;
SCM;03.05.1996 00:00;;;;;;;;;957;;;;;1.6;10;5.8;36;;;;;;;;;;;;;;;;104;;
SCM;04.05.1996 00:00;;;;;;;;;966.2;;;;;1.2;12.3;4.3;44.3;;;;;;;;;;;;;;;;225;;
SCM;05.05.1996 00:00;;;;;;;;;967.7;;;;;1.1;5.3;4;19.1;;;;;;;;;;;;;;;;252;;
SCM;06.05.1996 00:00;;;;;;;;;964.2;;;;;1.2;5.8;4.3;20.9;;;;;;;;;;;;;;;;270;;
SCM;07.05.1996 00:00;;;;;;;;;962.8;;;;;1.8;13.8;6.5;49.7;;;;;;;;;;;;;;;;270;;
SCM;08.05.1996 00:00;;;;;;;;;964.5;;;;;2;7.3;7.2;26.3;;;;;;;;;;;;;;;;254;;
SCM;09.05.1996 00:00;;;;;;;;;962.9;;;;;1.9;6.1;6.8;22;;;;;;;;;;;;;;;;255;;
SCM;10.05.1996 00:00;;;;;;;;;961.7;;;;;1.3;5.2;4.7;18.7;;;;;;;;;;;;;;;;34;;
SCM;11.05.1996 00:00;;;;;;;;;963;;;;;0.9;3.3;3.2;11.9;;;;;;;;;;;;;;;;252;;
SCM;12.05.1996 00:00;;;;;;;;;964.9;;;;;1.9;6.1;6.8;22;;;;;;;;;;;;;;;;256;;
SCM;13.05.1996 00:00;;;;;;;;;970.5;;;;;1.7;6.2;6.1;22.3;;;;;;;;;;;;;;;;250;;
SCM;14.05.1996 00:00;;;;;;;;;967.7;;;;;0.9;4.1;3.2;14.8;;;;;;;;;;;;;;;;248;;
SCM;15.05.1996 00:00;;;;;;;;;963.8;;;;;1.1;5.6;4;20.2;;;;;;;;;;;;;;;;249;;
SCM;16.05.1996 00:00;;;;;;;;;962.8;;;;;1.3;4.5;4.7;16.2;;;;;;;;;;;;;;;;265;;
SCM;17.05.1996 00:00;;;;;;;;;962.3;;;;;1.6;7.2;5.8;25.9;;;;;;;;;;;;;;;;214;;
SCM;18.05.1996 00:00;;;;;;;;;958.8;;;;;3;20.6;10.8;74.2;;;;;;;;;;;;;;;;122;;
SCM;19.05.1996 00:00;;;;;;;;;961.6;;;;;2.2;14.5;7.9;52.2;;;;;;;;;;;;;;;;252;;
SCM;20.05.1996 00:00;;;;;;;;;969.7;;;;;2;9.5;7.2;34.2;;;;;;;;;;;;;;;;83;;
SCM;21.05.1996 00:00;;;;;;;;;975;;;;;2.5;15.6;9;56.2;;;;;;;;;;;;;;;;127;;
SCM;22.05.1996 00:00;;;;;;;;;978.1;;;;;1.4;5.7;5;20.5;;;;;;;;;;;;;;;;211;;
SCM;23.05.1996 00:00;;;;;;;;;975.6;;;;;1.4;6.2;5;22.3;;;;;;;;;;;;;;;;90;;
SCM;24.05.1996 00:00;;;;;;;;;970.3;;;;;1.7;12;6.1;43.2;;;;;;;;;;;;;;;;117;;
SCM;25.05.1996 00:00;;;;;;;;;967.7;;;;;1.6;15.7;5.8;56.5;;;;;;;;;;;;;;;;90;;
SCM;26.05.1996 00:00;;;;;;;;;970.5;;;;;1.1;7.7;4;27.7;;;;;;;;;;;;;;;;90;;
SCM;27.05.1996 00:00;;;;;;;;;967.3;;;;;2.6;18.3;9.4;65.9;;;;;;;;;;;;;;;;275;;
SCM;28.05.1996 00:00;;;;;;;;;975.3;;;;;2.3;9.5;8.3;34.2;;;;;;;;;;;;;;;;270;;
SCM;29.05.1996 00:00;;;;;;;;;976.3;;;;;1.3;4.1;4.7;14.8;;;;;;;;;;;;;;;;270;;
SCM;30.05.1996 00:00;;;;;;;;;973.5;;;;;0.9;6.8;3.2;24.5;;;;;;;;;;;;;;;;270;;
SCM;31.05.1996 00:00;;;;;;;;;973.2;;;;;1.5;6.1;5.4;22;;;;;;;;;;;;;;;;270;;
SCM;01.06.1996 00:00;;;;;;;;;972.4;;;;;2.3;10;8.3;36;;;;;;;;;;;;;;;;257;;
SCM;02.06.1996 00:00;;;;;;;;;968;;;;;2.5;14;9;50.4;;;;;;;;;;;;;;;;261;;
SCM;03.06.1996 00:00;;;;;;;;;972.6;;;;;1.4;5.1;5;18.4;;;;;;;;;;;;;;;;256;;
SCM;04.06.1996 00:00;;;;;;;;;978.5;;;;;1.6;8.3;5.8;29.9;;;;;;;;;;;;;;;;72;;
SCM;05.06.1996 00:00;;;;;;;;;977;;;;;1.2;4.6;4.3;16.6;;;;;;;;;;;;;;;;264;;
SCM;06.06.1996 00:00;;;;;;;;;975;;;;;1.2;10.5;4.3;37.8;;;;;;;;;;;;;;;;252;;
SCM;07.06.1996 00:00;;;;;;;;;973.7;;;;;2.6;21.6;9.4;77.8;;;;;;;;;;;;;;;;99;;
SCM;08.06.1996 00:00;;;;;;;;;973.9;;;;;2;15.7;7.2;56.5;;;;;;;;;;;;;;;;263;;
SCM;09.06.1996 00:00;;;;;;;;;974.9;;;;;1.6;7.8;5.8;28.1;;;;;;;;;;;;;;;;247;;
SCM;10.06.1996 00:00;;;;;;;;;975;;;;;1.7;7.2;6.1;25.9;;;;;;;;;;;;;;;;254;;
SCM;11.06.1996 00:00;;;;;;;;;976.8;;;;;1.2;4.5;4.3;16.2;;;;;;;;;;;;;;;;270;;
SCM;12.06.1996 00:00;;;;;;;;;977.9;;;;;1.8;14;6.5;50.4;;;;;;;;;;;;;;;;135;;
SCM;13.06.1996 00:00;;;;;;;;;980;;;;;1.8;10.8;6.5;38.9;;;;;;;;;;;;;;;;63;;
SCM;14.06.1996 00:00;;;;;;;;;978.5;;;;;2.6;10.3;9.4;37.1;;;;;;;;;;;;;;;;66;;
SCM;15.06.1996 00:00;;;;;;;;;976.2;;;;;1.8;8.8;6.5;31.7;;;;;;;;;;;;;;;;72;;
SCM;16.06.1996 00:00;;;;;;;;;973.4;;;;;1.6;7;5.8;25.2;;;;;;;;;;;;;;;;90;;
SCM;17.06.1996 00:00;;;;;;;;;971.5;;;;;1.6;6.2;5.8;22.3;;;;;;;;;;;;;;;;240;;
SCM;18.06.1996 00:00;;;;;;;;;967.9;;;;;2.3;12.8;8.3;46.1;;;;;;;;;;;;;;;;266;;
SCM;19.06.1996 00:00;;;;;;;;;965;;;;;1.9;13;6.8;46.8;;;;;;;;;;;;;;;;270;;
SCM;20.06.1996 00:00;;;;;;;;;963.3;;;;;1.2;12.8;4.3;46.1;;;;;;;;;;;;;;;;180;;
SCM;21.06.1996 00:00;;;;;;;;;960.5;;;;;1.3;6.2;4.7;22.3;;;;;;;;;;;;;;;;101;;
SCM;22.06.1996 00:00;;;;;;;;;965.9;;;;;2.1;12.6;7.6;45.4;;;;;;;;;;;;;;;;261;;
SCM;23.06.1996 00:00;;;;;;;;;973.6;;;;;1.5;6.8;5.4;24.5;;;;;;;;;;;;;;;;284;;
SCM;24.06.1996 00:00;;;;;;;;;975.1;;;;;1.5;7.5;5.4;27;;;;;;;;;;;;;;;;153;;
SCM;25.06.1996 00:00;;;;;;;;;974.6;;;;;1.5;9.5;5.4;34.2;;;;;;;;;;;;;;;;180;;
SCM;26.06.1996 00:00;;;;;;;;;974.3;;;;;1.1;4.3;4;15.5;;;;;;;;;;;;;;;;180;;
SCM;27.06.1996 00:00;;;;;;;;;976.7;;;;;1.4;8.1;5;29.2;;;;;;;;;;;;;;;;233;;
SCM;28.06.1996 00:00;;;;;;;;;974;;;;;1.2;5.8;4.3;20.9;;;;;;;;;;;;;;;;180;;
SCM;29.06.1996 00:00;;;;;;;;;968.6;;;;;3.7;17;13.3;61.2;;;;;;;;;;;;;;;;272;;
SCM;30.06.1996 00:00;;;;;;;;;970.4;;;;;1.6;8.1;5.8;29.2;;;;;;;;;;;;;;;;266;;
SCM;01.07.1996 00:00;;;;;;;;;965.3;;;;;1.1;7.2;4;25.9;;;;;;;;;;;;;;;;101;;
SCM;02.07.1996 00:00;;;;;;;;;966.5;;;;;1.3;4.8;4.7;17.3;;;;;;;;;;;;;;;;153;;
SCM;03.07.1996 00:00;;;;;;;;;968;;;;;1.9;7.6;6.8;27.4;;;;;;;;;;;;;;;;225;;
SCM;04.07.1996 00:00;;;;;;;;;968.9;;;;;1.5;10.1;5.4;36.4;;;;;;;;;;;;;;;;72;;
SCM;05.07.1996 00:00;;;;;;;;;964.6;;;;;1.8;20;6.5;72;;;;;;;;;;;;;;;;225;;
SCM;06.07.1996 00:00;;;;;;;;;964.1;;;;;1.1;9.5;4;34.2;;;;;;;;;;;;;;;;108;;
SCM;07.07.1996 00:00;;;;;;;;;958.2;;;;;1.2;6.7;4.3;24.1;;;;;;;;;;;;;;;;90;;
SCM;08.07.1996 00:00;;;;;;;;;965.5;;;;;2.9;13;10.4;46.8;;;;;;;;;;;;;;;;268;;
SCM;09.07.1996 00:00;;;;;;;;;977.8;;;;;0.9;7;3.2;25.2;;;;;;;;;;;;;;;;180;;
SCM;10.07.1996 00:00;;;;;;;;;976.5;;;;;0.9;4.2;3.2;15.1;;;;;;;;;;;;;;;;99;;
SCM;11.07.1996 00:00;;;;;;;;;975.4;;;;;1.2;4.2;4.3;15.1;;;;;;;;;;;;;;;;252;;
SCM;12.07.1996 00:00;;;;;;;;;972.8;;;;;1.4;5.3;4.7;19.1;;;;;;;;;;;;;;;;257;;
SCM;13.07.1996 00:00;;;;;;;;;975.3;;;;;1.2;5;4.3;18;;;;;;;;;;;;;;;;262;;
SCM;14.07.1996 00:00;;;;;;;;;978;;;;;1.2;6.3;4.3;22.7;;;;;;;;;;;;;;;;270;;
SCM;15.07.1996 00:00;;;;;;;;;975.5;;;;;0.9;4.3;3.2;15.5;;;;;;;;;;;;;;;;259;;
SCM;16.07.1996 00:00;;;;;;;;;976.2;;;;;2;9.8;7.2;35.3;;;;;;;;;;;;;;;;63;;
SCM;17.07.1996 00:00;;;;;;;;;974.8;;;;;1.6;7.6;5.8;27.4;;;;;;;;;;;;;;;;270;;
SCM;18.07.1996 00:00;;;;;;;;;974.1;;;;;1.4;9.1;5;32.8;;;;;;;;;;;;;;;;256;;
SCM;19.07.1996 00:00;;;;;;;;;975.2;;;;;1.7;8.6;6.1;31;;;;;;;;;;;;;;;;59;;
SCM;20.07.1996 00:00;;;;;;;;;975.5;;;;;1.3;8.2;4.7;29.5;;;;;;;;;;;;;;;;225;;
SCM;21.07.1996 00:00;;;;;;;;;975.9;;;;;1.4;8.5;5;30.6;;;;;;;;;;;;;;;;246;;
SCM;22.07.1996 00:00;;;;;;;;;974.5;;;;;1;4.3;3.6;15.5;;;;;;;;;;;;;;;;270;;
SCM;23.07.1996 00:00;;;;;;;;;970.7;;;;;2.1;16.7;7.6;60.1;;;;;;;;;;;;;;;;104;;
SCM;24.07.1996 00:00;;;;;;;;;968.6;;;;;3.4;16.8;12.2;60.5;;;;;;;;;;;;;;;;268;;
SCM;25.07.1996 00:00;;;;;;;;;972.8;;;;;1.6;6.6;5.8;23.8;;;;;;;;;;;;;;;;265;;
SCM;26.07.1996 00:00;;;;;;;;;972.8;;;;;1.5;7.3;5.4;26.3;;;;;;;;;;;;;;;;360;;
SCM;27.07.1996 00:00;;;;;;;;;971.4;;;;;1.6;9.7;5.8;34.9;;;;;;;;;;;;;;;;135;;
SCM;28.07.1996 00:00;;;;;;;;;971.3;;;;;1.3;22.3;4.7;80.3;;;;;;;;;;;;;;;;135;;
SCM;29.07.1996 00:00;;;;;;;;;969.9;;;;;1.3;6;4.7;21.6;;;;;;;;;;;;;;;;225;;
SCM;30.07.1996 00:00;;;;;;;;;970.3;;;;;2;10.6;7.2;38.2;;;;;;;;;;;;;;;;90;;
SCM;31.07.1996 00:00;;;;;;;;;971.6;;;;;1.1;5.5;4;19.8;;;;;;;;;;;;;;;;0;;
SCM;01.08.1996 00:00;;;;;;;;;970.5;;;;;1.1;8.3;4;29.9;;;;;;;;;;;;;;;;90;;
SCM;02.08.1996 00:00;;;;;;;;;973.7;;;;;2.1;14.7;7.6;52.9;;;;;;;;;;;;;;;;135;;
SCM;03.08.1996 00:00;;;;;;;;;976.5;;;;;1.1;7.2;4;25.9;;;;;;;;;;;;;;;;90;;
SCM;04.08.1996 00:00;;;;;;;;;973.2;;;;;1.7;8.2;6.1;29.5;;;;;;;;;;;;;;;;75;;
SCM;05.08.1996 00:00;;;;;;;;;968.1;;;;;0.9;3.8;3.2;13.7;;;;;;;;;;;;;;;;248;;
SCM;06.08.1996 00:00;;;;;;;;;968.8;;;;;0.8;4.3;2.9;15.5;;;;;;;;;;;;;;;;225;;
SCM;07.08.1996 00:00;;;;;;;;;973.6;;;;;0.8;3.7;2.9;13.3;;;;;;;;;;;;;;;;225;;
SCM;08.08.1996 00:00;;;;;;;;;976.8;;;;1025.3;1.8;6.1;6.5;22;;;;;;;;;;;;;;;;243;;
SCM;09.08.1996 00:00;;;;;;;;;971.8;;;;1022.8;1.9;8.1;6.8;29.2;;;;;;;;;;;;;;;;231;;
SCM;10.08.1996 00:00;;;;;;;;;970.9;;;;1019.2;1.8;22.1;6.5;79.6;;;;;;;;;;;;;;;;135;;
SCM;11.08.1996 00:00;;;;;;;;;969.3;;;;1017.5;2.3;12.3;8.3;44.3;;;;;;;;;;;;;;;;99;;
SCM;12.08.1996 00:00;;;;;;;;;975.9;;;;1024.4;1.1;7.5;4;27;;;;;;;;;;;;;;;;98;;
SCM;13.08.1996 00:00;;;;;;;;;977.6;;;;1025.7;2.2;11.1;7.9;40;;;;;;;;;;;;;;;;280;;
SCM;14.08.1996 00:00;;;;;;;;;976.9;;;;1025.5;1;4.5;3.6;16.2;;;;;;;;;;;;;;;;108;;
SCM;15.08.1996 00:00;;;;;;;;;979.4;;;;1028.1;1.1;7.2;4;25.9;;;;;;;;;;;;;;;;225;;
SCM;16.08.1996 00:00;;;;;;;;;982.5;;;;1031.3;1.1;5.1;4;18.4;;;;;;;;;;;;;;;;270;;
SCM;17.08.1996 00:00;;;;;;;;;980.8;;;;1029.6;1.6;8.3;5.8;29.9;;;;;;;;;;;;;;;;56;;
SCM;18.08.1996 00:00;;;;;;;;;978.6;;;;1027.3;1.4;9.3;5;33.5;;;;;;;;;;;;;;;;56;;
SCM;19.08.1996 00:00;;;;;;;;;976.3;;;;1024.9;1.2;7.8;4.3;28.1;;;;;;;;;;;;;;;;90;;
SCM;20.08.1996 00:00;;;;;;;;;974.3;;;;1022.8;1;6.2;3.6;22.3;;;;;;;;;;;;;;;;104;;
SCM;21.08.1996 00:00;;;;;;;;;974.6;;;;1023.1;1.1;7.1;4;25.6;;;;;;;;;;;;;;;;207;;
SCM;22.08.1996 00:00;;;;;;;;;973.7;;;;1022.1;1.4;6.2;5;22.3;;;;;;;;;;;;;;;;264;;
SCM;23.08.1996 00:00;;;;;;;;;974.4;;;;1022.8;1.3;4.8;4.7;17.3;;;;;;;;;;;;;;;;243;;
SCM;24.08.1996 00:00;;;;;;;;;974.6;;;;1025.9;1;6.3;3.6;22.7;;;;;;;;;;;;;;;;117;;
SCM;25.08.1996 00:00;;;;;;;;;976.7;;;;1027.9;1.4;7.6;5;27.4;;;;;;;;;;;;;;;;243;;
SCM;26.08.1996 00:00;;;;;;;;;978.3;;;;1027;1.4;6.6;5;23.8;;;;;;;;;;;;;;;;96;;
SCM;27.08.1996 00:00;;;;;;;;;976.3;;;;1024.9;1.1;8.3;4;29.9;;;;;;;;;;;;;;;;90;;
SCM;28.08.1996 00:00;;;;;;;;;980.4;;;;1029.1;1.9;10.7;6.8;38.5;;;;;;;;;;;;;;;;264;;
SCM;29.08.1996 00:00;;;;;;;;;979.7;;;;1028.4;1.2;6.2;4.3;22.3;;;;;;;;;;;;;;;;225;;
SCM;30.08.1996 00:00;;;;;;;;;984;;;;1032.9;1.1;7.1;4;25.6;;;;;;;;;;;;;;;;207;;
SCM;31.08.1996 00:00;;;;;;;;;985.9;;;;1034.9;1;6.3;3.6;22.7;;;;;;;;;;;;;;;;256;;
SCM;01.09.1996 00:00;;;;;;;;;982.6;;;;1036.1;0.9;4.2;3.2;15.1;;;;;;;;;;;;;;;;286;;
SCM;02.09.1996 00:00;;;;;;;;;985.4;;;;1034.4;2;13.8;7.2;49.7;;;;;;;;;;;;;;;;74;;
SCM;03.09.1996 00:00;;;;;;;;;981.3;;;;1029.9;1.5;5.8;5.4;20.9;;;;;;;;;;;;;;;;270;;
SCM;04.09.1996 00:00;;;;;;;;;978.2;;;;1026.8;0.9;6.8;3.2;24.5;;;;;;;;;;;;;;;;270;;
SCM;05.09.1996 00:00;;;;;;;;;979.3;;;;1029.5;0.9;4.2;3.2;15.1;;;;;;;;;;;;;;;;256;;
SCM;06.09.1996 00:00;;;;;;;;;981.6;;;;1030.5;1.5;8.8;5.4;31.7;;;;;;;;;;;;;;;;248;;
SCM;07.09.1996 00:00;;;;;;;;;982.6;;;;1034.1;2;9;7.2;32.4;;;;;;;;;;;;;;;;63;;
SCM;08.09.1996 00:00;;;;;;;;;982.4;;;;1033.5;2.4;11;8.6;39.6;;;;;;;;;;;;;;;;76;;
SCM;09.09.1996 00:00;;;;;;;;;979.3;;;;1030.4;1.5;5.8;5.4;20.9;;;;;;;;;;;;;;;;79;;
SCM;10.09.1996 00:00;;;;;;;;;980.6;;;;1032;1.3;7.3;4.7;26.3;;;;;;;;;;;;;;;;234;;
SCM;11.09.1996 00:00;;;;;;;;;978.5;;;;1027.2;1.1;5.7;4;20.5;;;;;;;;;;;;;;;;233;;
SCM;12.09.1996 00:00;;;;;;;;;971.5;;;;1019.8;1.6;8.6;5.8;31;;;;;;;;;;;;;;;;263;;
SCM;13.09.1996 00:00;;;;;;;;;972.1;;;;1022.8;2.8;11.2;10.1;40.3;;;;;;;;;;;;;;;;281;;
SCM;14.09.1996 00:00;;;;;;;;;982.5;;;;1034;1.4;7;5;25.2;;;;;;;;;;;;;;;;67;;
SCM;15.09.1996 00:00;;;;;;;;;986.1;;;;1038.2;1.2;6.8;4.3;24.5;;;;;;;;;;;;;;;;135;;
SCM;16.09.1996 00:00;;;;;;;;;984.1;;;;1035.9;2.5;10;9;36;;;;;;;;;;;;;;;;68;;
SCM;17.09.1996 00:00;;;;;;;;;979.3;;;;1027.9;0.9;3.7;3.2;13.3;;;;;;;;;;;;;;;;252;;
SCM;18.09.1996 00:00;;;;;;;;;975.2;;;;1023.1;1.3;6.1;4.7;22;;;;;;;;;;;;;;;;297;;
SCM;19.09.1996 00:00;;;;;;;;;962.9;;;;1010.6;1.2;5.2;4.3;18.7;;;;;;;;;;;;;;;;247;;
SCM;20.09.1996 00:00;;;;;;;;;958.6;;;;;1;4.7;3.6;16.9;;;;;;;;;;;;;;;;225;;
SCM;21.09.1996 00:00;;;;;;;;;956;;;;;1.3;6.3;4.7;22.7;;;;;;;;;;;;;;;;240;;
SCM;22.09.1996 00:00;;;;;;;;;956.5;;;;;1;4.1;3.6;14.8;;;;;;;;;;;;;;;;262;;
SCM;23.09.1996 00:00;;;;;;;;;960.1;;;;;2.1;6.2;7.6;22.3;;;;;;;;;;;;;;;;279;;
SCM;24.09.1996 00:00;;;;;;;;;964.5;;;;;0.8;13.2;2.9;47.5;;;;;;;;;;;;;;;;180;;
SCM;25.09.1996 00:00;;;;;;;;;965.2;;;;;1.3;5.2;4.7;18.7;;;;;;;;;;;;;;;;217;;
SCM;26.09.1996 00:00;;;;;;;;;971.1;;;;;0.9;5.5;3.2;19.8;;;;;;;;;;;;;;;;72;;
SCM;27.09.1996 00:00;;;;;;;;;970.9;;;;;1.2;11.1;4.3;40;;;;;;;;;;;;;;;;82;;
SCM;28.09.1996 00:00;;;;;;;;;977.8;;;;;0.7;4.2;2.5;15.1;;;;;;;;;;;;;;;;135;;
SCM;29.09.1996 00:00;;;;;;;;;977.5;;;;;0.9;4.7;3.2;16.9;;;;;;;;;;;;;;;;79;;
SCM;30.09.1996 00:00;;;;;;;;;970.1;;;;;0.7;5.1;2.5;18.4;;;;;;;;;;;;;;;;63;;
SCM;01.10.1996 00:00;;;;;;;;;960.8;;;;;2.6;21.2;9.4;76.3;;;;;;;;;;;;;;;;265;;
SCM;02.10.1996 00:00;;;;;;;;;969.8;;;;;0.9;6.3;3.2;22.7;;;;;;;;;;;;;;;;360;;
SCM;03.10.1996 00:00;;;;;;;;;977.7;;;;;1.2;8;4.3;28.8;;;;;;;;;;;;;;;;225;;
SCM;04.10.1996 00:00;;;;;;;;;973;;;;;0.9;9;3.2;32.4;;;;;;;;;;;;;;;;90;;
SCM;05.10.1996 00:00;;;;;;;;;968;;;;;1.3;10.6;4.7;38.2;;;;;;;;;;;;;;;;225;;
SCM;06.10.1996 00:00;;;;;;;;;969.9;;;;;1.3;7.7;4.7;27.7;;;;;;;;;;;;;;;;90;;
SCM;07.10.1996 00:00;;;;;;;;;969.9;;;;;0.9;6.6;3.2;23.8;;;;;;;;;;;;;;;;180;;
SCM;08.10.1996 00:00;;;;;;;;;969.3;;;;;0.7;3.1;2.5;11.2;;;;;;;;;;;;;;;;135;;
SCM;09.10.1996 00:00;;;;;;;;;971.4;;;;;0.4;2;1.4;7.2;;;;;;;;;;;;;;;;225;;
SCM;10.10.1996 00:00;;;;;;;;;973;;;;;0.8;3.6;2.9;13;;;;;;;;;;;;;;;;261;;
SCM;11.10.1996 00:00;;;;;;;;;972.2;;;;;0.8;3.5;2.9;12.6;;;;;;;;;;;;;;;;243;;
SCM;12.10.1996 00:00;;;;;;;;;969.8;;;;;0.9;8;3.2;28.8;;;;;;;;;;;;;;;;72;;
SCM;13.10.1996 00:00;;;;;;;;;965.8;;;;;1.8;17.2;6.5;61.9;;;;;;;;;;;;;;;;194;;
SCM;14.10.1996 00:00;;;;;;;;;962.2;;;;;2.5;13.3;9;47.9;;;;;;;;;;;;;;;;129;;
SCM;15.10.1996 00:00;;;;;;;;;961.1;;;;;1;4.7;3.6;16.9;;;;;;;;;;;;;;;;261;;
SCM;16.10.1996 00:00;;;;;;;;;959.9;;;;;2.8;9.1;10.1;32.8;;;;;;;;;;;;;;;;270;;
SCM;17.10.1996 00:00;;;;;;;;;963.7;;;;;0.8;4.5;2.9;16.2;;;;;;;;;;;;;;;;270;;
SCM;18.10.1996 00:00;;;;;;;;;967.8;;;;;1.1;8.1;4;29.2;;;;;;;;;;;;;;;;153;;
SCM;19.10.1996 00:00;;;;;;;;;973.7;;;;;1.2;9.5;4.3;34.2;;;;;;;;;;;;;;;;68;;
SCM;20.10.1996 00:00;;;;;;;;;978.5;;;;;0.9;5.1;3.2;18.4;;;;;;;;;;;;;;;;74;;
SCM;21.10.1996 00:00;;;;;;;;;974.2;;;;;0.9;9.6;3.2;34.6;;;;;;;;;;;;;;;;82;;
SCM;22.10.1996 00:00;;;;;;;;;976.6;;;;;1.1;4.8;4;17.3;;;;;;;;;;;;;;;;239;;
SCM;23.10.1996 00:00;;;;;;;;;976.3;;;;;0.9;4.5;3.2;16.2;;;;;;;;;;;;;;;;239;;
SCM;24.10.1996 00:00;;;;;;;;;976;;;;;0.8;2.7;2.9;9.7;;;;;;;;;;;;;;;;225;;
SCM;25.10.1996 00:00;;;;;;;;;975.9;;;;;0.8;5.1;2.9;18.4;;;;;;;;;;;;;;;;270;;
SCM;26.10.1996 00:00;;;;;;;;;978.8;;;;;0.6;4.2;2.2;15.1;;;;;;;;;;;;;;;;72;;
SCM;27.10.1996 00:00;;;;;;;;;976.1;;;;;0.8;4.8;2.9;17.3;;;;;;;;;;;;;;;;90;;
SCM;28.10.1996 00:00;;;;;;;;;968.5;;;;;0.8;5.8;2.9;20.9;;;;;;;;;;;;;;;;90;;
SCM;29.10.1996 00:00;;;;;;;;;965.4;;;;;4.3;19.3;15.5;69.5;;;;;;;;;;;;;;;;278;;
SCM;30.10.1996 00:00;;;;;;;;;979.9;;;;;1.2;6;4.3;21.6;;;;;;;;;;;;;;;;270;;
SCM;31.10.1996 00:00;;;;;;;;;977.9;;;;;0.8;4.6;2.9;16.6;;;;;;;;;;;;;;;;90;;
SCM;01.11.1996 00:00;;;;;;;;;979.1;;;;;0.6;3.5;2.2;12.6;;;;;;;;;;;;;;;;79;;
SCM;02.11.1996 00:00;;;;;;;;;982.4;;;;;0.7;3.2;2.5;11.5;;;;;;;;;;;;;;;;76;;
SCM;03.11.1996 00:00;;;;;;;;;978.1;;;;;0.7;3.5;2.5;12.6;;;;;;;;;;;;;;;;45;;
SCM;04.11.1996 00:00;;;;;;;;;969.4;;;;;0.8;4.7;2.9;16.9;;;;;;;;;;;;;;;;0;;
SCM;05.11.1996 00:00;;;;;;;;;968.7;;;;;1.3;12;4.7;43.2;;;;;;;;;;;;;;;;288;;
SCM;06.11.1996 00:00;;;;;;;;;973.5;;;;;0.8;4.6;2.9;16.6;;;;;;;;;;;;;;;;90;;
SCM;07.11.1996 00:00;;;;;;;;;969.1;;;;;1.8;19.2;6.5;69.1;;;;;;;;;;;;;;;;288;;
SCM;08.11.1996 00:00;;;;;;;;;978.8;;;;;1.7;10;6.1;36;;;;;;;;;;;;;;;;270;;
SCM;09.11.1996 00:00;;;;;;;;;981.3;;;;;1.1;8.5;4;30.6;;;;;;;;;;;;;;;;124;;
SCM;10.11.1996 00:00;;;;;;;;;969;;;;;1;7.1;3.6;25.6;;;;;;;;;;;;;;;;45;;
SCM;11.11.1996 00:00;;;;;;;;;952.8;;;;;2.7;19.7;9.7;70.9;;;;;;;;;;;;;;;;108;;
SCM;12.11.1996 00:00;;;;;;;;;952.5;;;;;2.8;19.1;10.1;68.8;;;;;;;;;;;;;;;;180;;
SCM;13.11.1996 00:00;;;;;;;;;962.1;;;;1009.9;1.3;5.7;4.7;20.5;;;;;;;;;;;;;;;;284;;
SCM;14.11.1996 00:00;;;;;;;;;967.5;;;;;1.4;8.8;5;31.7;;;;;;;;;;;;;;;;69;;
SCM;15.11.1996 00:00;;;;;;;;;970.1;;;;;0.7;6.2;2.5;22.3;;;;;;;;;;;;;;;;18;;
SCM;16.11.1996 00:00;;;;;;;;;972.1;;;;;0.8;4.1;2.9;14.8;;;;;;;;;;;;;;;;270;;
SCM;17.11.1996 00:00;;;;;;;;;962.7;;;;;0.7;3.3;2.5;11.9;;;;;;;;;;;;;;;;270;;
SCM;18.11.1996 00:00;;;;;;;;;951.6;;;;;2.2;11.1;7.9;40;;;;;;;;;;;;;;;;284;;
SCM;19.11.1996 00:00;;;;;;;;;952;;;;;1.5;8.8;5.4;31.7;;;;;;;;;;;;;;;;288;;
SCM;20.11.1996 00:00;;;;;;;;;945.7;;;;;3.4;19.5;12.2;70.2;;;;;;;;;;;;;;;;277;;
SCM;21.11.1996 00:00;;;;;;;;;959.8;;;;;3.1;19.2;11.2;69.1;;;;;;;;;;;;;;;;277;;
SCM;22.11.1996 00:00;;;;;;;;;964.6;;;;;1.3;6.6;4.7;23.8;;;;;;;;;;;;;;;;90;;
SCM;23.11.1996 00:00;;;;;;;;;965.5;;;;;0.9;4.7;3.2;16.9;;;;;;;;;;;;;;;;45;;
SCM;24.11.1996 00:00;;;;;;;;;975.4;;;;;2.1;10;7.6;36;;;;;;;;;;;;;;;;59;;
SCM;25.11.1996 00:00;;;;;;;;;959.8;;;;;2.1;14.8;7.2;53.3;;;;;;;;;;;;;;;;79;;
SCM;26.11.1996 00:00;;;;;;;;;958.2;;;;;1.6;9.6;5.8;34.6;;;;;;;;;;;;;;;;321;;
SCM;27.11.1996 00:00;;;;;;;;;959.5;;;;;1.2;8.3;4.3;29.9;;;;;;;;;;;;;;;;307;;
SCM;28.11.1996 00:00;;;;;;;;;964.1;;;;;1.9;6.3;6.8;22.7;;;;;;;;;;;;;;;;273;;
SCM;29.11.1996 00:00;;;;;;;;;964.8;;;;;2;15.8;7.2;56.9;;;;;;;;;;;;;;;;96;;
SCM;30.11.1996 00:00;;;;;;;;;956.6;;;;;1;6.1;3.6;22;;;;;;;;;;;;;;;;72;;
SCM;01.12.1996 00:00;;;;;;;;;970.9;;;;;1.9;14.3;6.8;51.5;;;;;;;;;;;;;;;;56;;
SCM;02.12.1996 00:00;;;;;;;;;969.3;;;;;1.9;14.6;6.8;52.6;;;;;;;;;;;;;;;;309;;
SCM;03.12.1996 00:00;;;;;;;;;966.8;;;;;2.6;13.2;9.4;47.5;;;;;;;;;;;;;;;;93;;
SCM;04.12.1996 00:00;;;;;;;;;963.1;;;;;2.2;11.6;7.9;41.8;;;;;;;;;;;;;;;;86;;
SCM;05.12.1996 00:00;;;;;;;;;966.4;;;;;1.4;7.3;5;26.3;;;;;;;;;;;;;;;;256;;
SCM;06.12.1996 00:00;;;;;;;;;969.5;;;;;0.5;3.2;1.8;11.5;;;;;;;;;;;;;;;;90;;
SCM;07.12.1996 00:00;;;;;;;;;974.9;;;;;0.7;2.7;2.5;9.7;;;;;;;;;;;;;;;;56;;
SCM;08.12.1996 00:00;;;;;;;;;975.4;;;;;0.9;3.3;3.2;11.9;;;;;;;;;;;;;;;;90;;
SCM;09.12.1996 00:00;;;;;;;;;970.3;;;;;0.8;5.5;2.9;19.8;;;;;;;;;;;;;;;;225;;
SCM;10.12.1996 00:00;;;;;;;;;965.9;;;;;0.7;3.3;2.5;11.9;;;;;;;;;;;;;;;;315;;
SCM;11.12.1996 00:00;;;;;;;;;967.8;;;;;0.7;2.8;2.5;10.1;;;;;;;;;;;;;;;;360;;
SCM;12.12.1996 00:00;;;;;;;;;966.4;;;;;0.8;3.7;2.9;13.3;;;;;;;;;;;;;;;;34;;
SCM;13.12.1996 00:00;;;;;;;;;956.1;;;;;1;4.7;3.6;16.9;;;;;;;;;;;;;;;;270;;
SCM;14.12.1996 00:00;;;;;;;;;956.9;;;;;1.1;5;4;18;;;;;;;;;;;;;;;;262;;
SCM;15.12.1996 00:00;;;;;;;;;968.2;;;;;0.7;3.5;2.5;12.6;;;;;;;;;;;;;;;;304;;
SCM;16.12.1996 00:00;;;;;;;;;969.7;;;;;0.6;2.6;2.2;9.4;;;;;;;;;;;;;;;;63;;
SCM;17.12.1996 00:00;;;;;;;;;968.1;;;;;1;5.8;3.6;20.9;;;;;;;;;;;;;;;;74;;
SCM;18.12.1996 00:00;;;;;;;;;963.2;;;;;1;6.2;3.6;22.3;;;;;;;;;;;;;;;;67;;
SCM;19.12.1996 00:00;;;;;;;;;957.1;;;;;1;5;3.6;18;;;;;;;;;;;;;;;;90;;
SCM;20.12.1996 00:00;;;;;;;;;955.6;;;;;0.6;3;2.2;10.8;;;;;;;;;;;;;;;;79;;
SCM;21.12.1996 00:00;;;;;;;;;960.9;;;;;1.1;6;4;21.6;;;;;;;;;;;;;;;;252;;
SCM;22.12.1996 00:00;;;;;;;;;962.2;;;;;1;4.7;3.6;16.9;;;;;;;;;;;;;;;;257;;
SCM;23.12.1996 00:00;;;;;;;;;951.5;;;;;0.9;4.3;3.2;15.5;;;;;;;;;;;;;;;;256;;
SCM;24.12.1996 00:00;;;;;;;;;954.2;;;;;1.4;5.2;5;18.7;;;;;;;;;;;;;;;;270;;
SCM;25.12.1996 00:00;;;;;;;;;962.7;;;;;1.6;7.5;5.8;27;;;;;;;;;;;;;;;;27;;
SCM;26.12.1996 00:00;;;;;;;;;981.9;;;;;3.4;13.3;12.2;47.9;;;;;;;;;;;;;;;;60;;
SCM;27.12.1996 00:00;;;;;;;;;977.6;;;;;1.5;9.7;5.4;34.9;;;;;;;;;;;;;;;;349;;
SCM;28.12.1996 00:00;;;;;;;;;967.2;;;;;1.2;7.6;4.3;27.4;;;;;;;;;;;;;;;;63;;
SCM;29.12.1996 00:00;;;;;;;;;965.6;;;;;1.3;4.7;4.7;16.9;;;;;;;;;;;;;;;;310;;
SCM;30.12.1996 00:00;;;;;;;;;956;;;;;0.8;4;2.9;14.4;;;;;;;;;;;;;;;;72;;
SCM;31.12.1996 00:00;;;;;;;;;961.5;;;;;0.6;4.8;2.2;17.3;;;;;;;;;;;;;;;;45;;
SCM;01.01.1997 00:00;;;;;;;;;966;;;;;0.9;4.1;3.2;14.8;;;;;;;;;;;;;;;;333;;
SCM;02.01.1997 00:00;;;;;;;;;965.8;;;;;0.8;3.3;2.9;11.9;;;;;;;;;;;;;;;;63;;
SCM;03.01.1997 00:00;;;;;;;;;957.7;;;;;0.7;4;2.5;14.4;;;;;;;;;;;;;;;;297;;
SCM;04.01.1997 00:00;;;;;;;;;952.7;;;;;0.7;4.6;2.5;16.6;;;;;;;;;;;;;;;;63;;
SCM;05.01.1997 00:00;;;;;;;;;961.1;;;;;0.6;3.6;2.2;13;;;;;;;;;;;;;;;;63;;
SCM;06.01.1997 00:00;;;;;;;;;965.5;;;;;0.5;2.6;1.8;9.4;;;;;;;;;;;;;;;;90;;
SCM;07.01.1997 00:00;;;;;;;;;966.8;;;;;0.8;3.1;2.9;11.2;;;;;;;;;;;;;;;;278;;
SCM;08.01.1997 00:00;;;;;;;;;961.5;;;;;0.8;3.7;2.9;13.3;;;;;;;;;;;;;;;;270;;
SCM;09.01.1997 00:00;;;;;;;;;957.5;;;;;0.6;2.5;2.2;9;;;;;;;;;;;;;;;;90;;
SCM;10.01.1997 00:00;;;;;;;;;966.4;;;;;1;4;3.6;14.4;;;;;;;;;;;;;;;;270;;
SCM;11.01.1997 00:00;;;;;;;;;976.9;;;;;1.1;4;4;14.4;;;;;;;;;;;;;;;;270;;
SCM;12.01.1997 00:00;;;;;;;;;980.3;;;;;0.9;3.3;3.2;11.9;;;;;;;;;;;;;;;;117;;
SCM;13.01.1997 00:00;;;;;;;;;979.8;;;;;0.9;4;3.2;14.4;;;;;;;;;;;;;;;;53;;
SCM;14.01.1997 00:00;;;;;;;;;979.3;;;;;0.8;3.5;2.9;12.6;;;;;;;;;;;;;;;;63;;
SCM;15.01.1997 00:00;;;;;;;;;979.8;;;;;0.8;2.7;2.9;9.7;;;;;;;;;;;;;;;;90;;
SCM;16.01.1997 00:00;;;;;;;;;976.9;;;;;0.8;3.1;2.9;11.2;;;;;;;;;;;;;;;;90;;
SCM;17.01.1997 00:00;;;;;;;;;973.3;;;;;0.7;3;2.5;10.8;;;;;;;;;;;;;;;;76;;
SCM;18.01.1997 00:00;;;;;;;;;972.8;;;;;0.7;4.3;2.5;15.5;;;;;;;;;;;;;;;;90;;
SCM;19.01.1997 00:00;;;;;;;;;967.3;;;;;1;6.1;3.6;22;;;;;;;;;;;;;;;;270;;
SCM;20.01.1997 00:00;;;;;;;;;970.8;;;;;0.9;6.6;3.2;23.8;;;;;;;;;;;;;;;;252;;
SCM;21.01.1997 00:00;;;;;;;;;976.9;;;;;0.8;3.3;2.9;11.9;;;;;;;;;;;;;;;;259;;
SCM;22.01.1997 00:00;;;;;;;;;976.4;;;;;1.2;5.8;4.3;20.9;;;;;;;;;;;;;;;;270;;
SCM;23.01.1997 00:00;;;;;;;;;977.2;;;;;0.8;5.7;2.9;20.5;;;;;;;;;;;;;;;;225;;
SCM;24.01.1997 00:00;;;;;;;;;979.6;;;;;0.5;2.8;1.8;10.1;;;;;;;;;;;;;;;;0;;
SCM;25.01.1997 00:00;;;;;;;;;981.2;;;;;0.8;2.7;2.9;9.7;;;;;;;;;;;;;;;;117;;
SCM;26.01.1997 00:00;;;;;;;;;978.3;;;;;0.8;2.7;2.9;9.7;;;;;;;;;;;;;;;;90;;
SCM;27.01.1997 00:00;;;;;;;;;980.3;;;;;0.7;3.1;2.5;11.2;;;;;;;;;;;;;;;;90;;
SCM;28.01.1997 00:00;;;;;;;;;983.9;;;;;1.1;7.5;4;27;;;;;;;;;;;;;;;;53;;
SCM;29.01.1997 00:00;;;;;;;;;987.8;;;;;1.3;5;4.7;18;;;;;;;;;;;;;;;;270;;
SCM;30.01.1997 00:00;;;;;;;;;985.8;;;;;0.8;4;2.9;14.4;;;;;;;;;;;;;;;;225;;
SCM;31.01.1997 00:00;;;;;;;;;982.8;;;;;1.1;4.3;4;15.5;;;;;;;;;;;;;;;;270;;
SCM;01.02.1997 00:00;;;;;;;;;981;;;;;1.1;5.7;4;20.5;;;;;;;;;;;;;;;;243;;
SCM;02.02.1997 00:00;;;;;;;;;978.2;;;;;1;3.7;3.6;13.3;;;;;;;;;;;;;;;;243;;
SCM;03.02.1997 00:00;;;;;;;;;979;;;;;0.8;3.1;2.9;11.2;;;;;;;;;;;;;;;;90;;
SCM;04.02.1997 00:00;;;;;;;;;977.8;;;;;0.8;3.1;2.9;11.2;;;;;;;;;;;;;;;;117;;
SCM;05.02.1997 00:00;;;;;;;;;973.4;;;;;1.2;6.3;4.3;22.7;;;;;;;;;;;;;;;;63;;
SCM;06.02.1997 00:00;;;;;;;;;984.7;;;;;1.4;10.3;5;37.1;;;;;;;;;;;;;;;;104;;
SCM;07.02.1997 00:00;;;;;;;;;984.3;;;;;0.9;10.7;3.2;38.5;;;;;;;;;;;;;;;;0;;
SCM;08.02.1997 00:00;;;;;;;;;984.7;;;;;0.7;4.5;2.5;16.2;;;;;;;;;;;;;;;;90;;
SCM;09.02.1997 00:00;;;;;;;;;982.4;;;;;0.6;4.3;2.2;15.5;;;;;;;;;;;;;;;;45;;
SCM;10.02.1997 00:00;;;;;;;;;977.3;;;;;0.8;5;2.9;18;;;;;;;;;;;;;;;;63;;
SCM;11.02.1997 00:00;;;;;;;;;975.6;;;;;0.7;4.2;2.5;15.1;;;;;;;;;;;;;;;;68;;
SCM;12.02.1997 00:00;;;;;;;;;971.3;;;;;2.2;15.2;7.9;54.7;;;;;;;;;;;;;;;;275;;
SCM;13.02.1997 00:00;;;;;;;;;962.4;;;;;4.5;23.8;16.2;85.7;;;;;;;;;;;;;;;;275;;
SCM;14.02.1997 00:00;;;;;;;;;959.6;;;;;2.6;14.5;9.4;52.2;;;;;;;;;;;;;;;;86;;
SCM;15.02.1997 00:00;;;;;;;;;965.4;;;;;1.8;10.7;6.5;38.5;;;;;;;;;;;;;;;;252;;
SCM;16.02.1997 00:00;;;;;;;;;975.7;;;;;1.2;6.2;4.3;22.3;;;;;;;;;;;;;;;;90;;
SCM;17.02.1997 00:00;;;;;;;;;976.3;;;;;1;5.1;3.6;18.4;;;;;;;;;;;;;;;;74;;
SCM;18.02.1997 00:00;;;;;;;;;973.4;;;;;2.8;19.7;10.1;70.9;;;;;;;;;;;;;;;;323;;
SCM;19.02.1997 00:00;;;;;;;;;980.8;;;;;2.6;25.8;9.4;92.9;;;;;;;;;;;;;;;;277;;
SCM;20.02.1997 00:00;;;;;;;;;979.4;;;;;1.7;12.1;6.1;43.6;;;;;;;;;;;;;;;;270;;
SCM;21.02.1997 00:00;;;;;;;;;982.4;;;;;2.1;9.7;7.6;34.9;;;;;;;;;;;;;;;;275;;
SCM;22.02.1997 00:00;;;;;;;;;981.2;;;;;1;8.2;3.6;29.5;;;;;;;;;;;;;;;;90;;
SCM;23.02.1997 00:00;;;;;;;;;972.1;;;;;0.5;2.7;1.8;9.7;;;;;;;;;;;;;;;;360;;
SCM;24.02.1997 00:00;;;;;;;;;965.7;;;;;1.8;12.8;6.5;46.1;;;;;;;;;;;;;;;;135;;
SCM;25.02.1997 00:00;;;;;;;;;963.6;;;;;1.8;11.5;6.5;41.4;;;;;;;;;;;;;;;;297;;
SCM;26.02.1997 00:00;;;;;;;;;968.1;;;;;3.7;20.6;13.3;74.2;;;;;;;;;;;;;;;;268;;
SCM;27.02.1997 00:00;;;;;;;;;985.2;;;;;2.3;13.7;8.3;49.3;;;;;;;;;;;;;;;;283;;
SCM;28.02.1997 00:00;;;;;;;;;985.5;;;;;2.3;14.2;8.3;51.1;;;;;;;;;;;;;;;;99;;
SCM;01.03.1997 00:00;;;;;;;;;981.4;;;;;1.4;7.7;5;27.7;;;;;;;;;;;;;;;;67;;
SCM;02.03.1997 00:00;;;;;;;;;979.6;;;;;1.4;9.1;5;32.8;;;;;;;;;;;;;;;;101;;
SCM;03.03.1997 00:00;;;;;;;;;984.2;;;;;0.9;4.6;3.2;16.6;;;;;;;;;;;;;;;;72;;
SCM;04.03.1997 00:00;;;;;;;;;982.9;;;;;1.4;11.2;5;40.3;;;;;;;;;;;;;;;;67;;
SCM;05.03.1997 00:00;;;;;;;;;979.2;;;;;1.9;10.2;6.8;36.7;;;;;;;;;;;;;;;;297;;
SCM;06.03.1997 00:00;;;;;;;;;982.7;;;;;0.8;4.7;2.9;16.9;;;;;;;;;;;;;;;;256;;
SCM;07.03.1997 00:00;;;;;;;;;982.1;;;;;1.4;5.8;5;20.9;;;;;;;;;;;;;;;;253;;
SCM;08.03.1997 00:00;;;;;;;;;983.7;;;;;1.4;5.3;5;19.1;;;;;;;;;;;;;;;;255;;
SCM;09.03.1997 00:00;;;;;;;;;984.2;;;;;0.7;3.3;2.5;11.9;;;;;;;;;;;;;;;;236;;
SCM;10.03.1997 00:00;;;;;;;;;984.9;;;;;0.7;3.1;2.5;11.2;;;;;;;;;;;;;;;;270;;
SCM;11.03.1997 00:00;;;;;;;;;982.5;;;;;0.6;2.7;2.2;9.7;;;;;;;;;;;;;;;;256;;
SCM;12.03.1997 00:00;;;;;;;;;982;;;;;0.5;3.6;1.8;13;;;;;;;;;;;;;;;;0;;
SCM;13.03.1997 00:00;;;;;;;;;979.4;;;;;0.9;6;3.2;21.6;;;;;;;;;;;;;;;;270;;
SCM;14.03.1997 00:00;;;;;;;;;974.9;;;;;1.3;10;4.7;36;;;;;;;;;;;;;;;;257;;
SCM;15.03.1997 00:00;;;;;;;;;978;;;;;0.6;2.7;2.2;9.7;;;;;;;;;;;;;;;;207;;
SCM;16.03.1997 00:00;;;;;;;;;979;;;;;0.6;3;2.2;10.8;;;;;;;;;;;;;;;;117;;
SCM;17.03.1997 00:00;;;;;;;;;977.7;;;;;0.5;3.7;1.8;13.3;;;;;;;;;;;;;;;;207;;
SCM;18.03.1997 00:00;;;;;;;;;967.9;;;;;1.6;14.3;5.8;51.5;;;;;;;;;;;;;;;;270;;
SCM;19.03.1997 00:00;;;;;;;;;960.7;;;;;4.7;17.6;16.9;63.4;;;;;;;;;;;;;;;;273;;
SCM;20.03.1997 00:00;;;;;;;;;969.1;;;;;2.8;10.1;10.1;36.4;;;;;;;;;;;;;;;;274;;
SCM;21.03.1997 00:00;;;;;;;;;973.1;;;;;0.8;5.8;2.9;20.9;;;;;;;;;;;;;;;;90;;
SCM;22.03.1997 00:00;;;;;;;;;975.2;;;;;1.1;6.6;4;23.8;;;;;;;;;;;;;;;;72;;
SCM;23.03.1997 00:00;;;;;;;;;967.1;;;;;1.3;10.8;4.7;38.9;;;;;;;;;;;;;;;;236;;
SCM;24.03.1997 00:00;;;;;;;;;963;;;;;1;7.7;3.6;27.7;;;;;;;;;;;;;;;;270;;
SCM;25.03.1997 00:00;;;;;;;;;967.9;;;;;0.9;6;3.2;21.6;;;;;;;;;;;;;;;;225;;
SCM;26.03.1997 00:00;;;;;;;;;973.8;;;;;1;5.7;3.6;20.5;;;;;;;;;;;;;;;;243;;
SCM;27.03.1997 00:00;;;;;;;;;974.2;;;;;0.8;3.8;2.9;13.7;;;;;;;;;;;;;;;;90;;
SCM;28.03.1997 00:00;;;;;;;;;968.7;;;;;1.8;15.6;6.5;56.2;;;;;;;;;;;;;;;;274;;
SCM;29.03.1997 00:00;;;;;;;;;973.7;;;;;2.3;12.6;8.3;45.4;;;;;;;;;;;;;;;;273;;
SCM;30.03.1997 00:00;;;;;;;;;976.5;;;;;1.3;7.3;4.7;26.3;;;;;;;;;;;;;;;;315;;
SCM;31.03.1997 00:00;;;;;;;;;976.3;;;;;1.8;9.8;6.5;35.3;;;;;;;;;;;;;;;;86;;
SCM;01.04.1997 00:00;;;;;;;;;972.6;;;;;1.2;6;4.3;21.6;;;;;;;;;;;;;;;;315;;
SCM;02.04.1997 00:00;;;;;;;;;969.3;;;;;1.1;5.6;4;20.2;;;;;;;;;;;;;;;;259;;
SCM;03.04.1997 00:00;;;;;;;;;966.6;;;;;2.5;12.7;9;45.7;;;;;;;;;;;;;;;;263;;
SCM;04.04.1997 00:00;;;;;;;;;973;;;;;1.7;10.5;6.1;37.8;;;;;;;;;;;;;;;;270;;
SCM;05.04.1997 00:00;;;;;;;;;973.2;;;;;0.9;5.6;3.2;20.2;;;;;;;;;;;;;;;;90;;
SCM;06.04.1997 00:00;;;;;;;;;973.1;;;;;2.4;12.1;8.6;43.6;;;;;;;;;;;;;;;;297;;
SCM;07.04.1997 00:00;;;;;;;;;979.4;;;;;2.8;10;10.1;36;;;;;;;;;;;;;;;;69;;
SCM;08.04.1997 00:00;;;;;;;;;979.2;;;;;1.1;4.5;4;16.2;;;;;;;;;;;;;;;;254;;
SCM;09.04.1997 00:00;;;;;;;;;980.3;;;;;0.6;2.8;2.2;10.1;;;;;;;;;;;;;;;;252;;
SCM;10.04.1997 00:00;;;;;;;;;980.4;;;;;1;4.8;3.6;17.3;;;;;;;;;;;;;;;;252;;
SCM;11.04.1997 00:00;;;;;;;;;973.3;;;;;3;14.2;10.8;51.1;;;;;;;;;;;;;;;;270;;
SCM;12.04.1997 00:00;;;;;;;;;974.6;;;;;1.8;9;6.5;32.4;;;;;;;;;;;;;;;;248;;
SCM;13.04.1997 00:00;;;;;;;;;974.3;;;;;1.6;6.6;5.8;23.8;;;;;;;;;;;;;;;;63;;
SCM;14.04.1997 00:00;;;;;;;;;972.9;;;;;1.3;5.5;4.7;19.8;;;;;;;;;;;;;;;;243;;
SCM;15.04.1997 00:00;;;;;;;;;973;;;;;1.8;10.1;6.5;36.4;;;;;;;;;;;;;;;;315;;
SCM;16.04.1997 00:00;;;;;;;;;973.6;;;;;1.2;8.3;4.3;29.9;;;;;;;;;;;;;;;;108;;
SCM;17.04.1997 00:00;;;;;;;;;970.4;;;;;3;12.7;10.8;45.7;;;;;;;;;;;;;;;;68;;
SCM;18.04.1997 00:00;;;;;;;;;968.7;;;;;1.4;5.6;5;20.2;;;;;;;;;;;;;;;;246;;
SCM;19.04.1997 00:00;;;;;;;;;961;;;;;1.7;10.3;6.1;37.1;;;;;;;;;;;;;;;;281;;
SCM;20.04.1997 00:00;;;;;;;;;962.3;;;;;1.7;9.2;6.1;33.1;;;;;;;;;;;;;;;;45;;
SCM;21.04.1997 00:00;;;;;;;;;962.4;;;;;3.6;12.7;13;45.7;;;;;;;;;;;;;;;;70;;
SCM;22.04.1997 00:00;;;;;;;;;963.3;;;;;1.2;8.5;4.3;30.6;;;;;;;;;;;;;;;;99;;
SCM;23.04.1997 00:00;;;;;;;;;969.3;;;;;1.1;7.1;4;25.6;;;;;;;;;;;;;;;;248;;
SCM;24.04.1997 00:00;;;;;;;;;972.6;;;;;1.3;7.2;4.7;25.9;;;;;;;;;;;;;;;;225;;
SCM;25.04.1997 00:00;;;;;;;;;970.4;;;;;1.8;10;6.5;36;;;;;;;;;;;;;;;;270;;
SCM;26.04.1997 00:00;;;;;;;;;967.1;;;;;1.6;10.8;5.8;38.9;;;;;;;;;;;;;;;;90;;
SCM;27.04.1997 00:00;;;;;;;;;964.3;;;;;1.1;8.6;4;31;;;;;;;;;;;;;;;;98;;
SCM;28.04.1997 00:00;;;;;;;;;967.8;;;;;1.2;11.5;4.3;41.4;;;;;;;;;;;;;;;;256;;
SCM;29.04.1997 00:00;;;;;;;;;966.8;;;;;1.9;10.5;6.8;37.8;;;;;;;;;;;;;;;;270;;
SCM;30.04.1997 00:00;;;;;;;;;974.3;;;;;0.5;4.2;1.8;15.1;;;;;;;;;;;;;;;;104;;
SCM;01.05.1997 00:00;;;;;;;;;978.8;;;;;2.1;10.1;7.6;36.4;;;;;;;;;;;;;;;;69;;
SCM;02.05.1997 00:00;;;;;;;;;978.2;;;;;1.1;5.1;4;18.4;;;;;;;;;;;;;;;;261;;
SCM;03.05.1997 00:00;;;;;;;;;971.4;;;;;0.9;5.8;3.2;20.9;;;;;;;;;;;;;;;;270;;
SCM;04.05.1997 00:00;;;;;;;;;964.1;;;;;0.8;5.1;2.9;18.4;;;;;;;;;;;;;;;;90;;
SCM;05.05.1997 00:00;;;;;;;;;953.6;;;;;2.8;14;10.1;50.4;;;;;;;;;;;;;;;;180;;
SCM;06.05.1997 00:00;;;;;;;;;948.2;;;;;3.5;19.7;12.6;70.9;;;;;;;;;;;;;;;;270;;
SCM;07.05.1997 00:00;;;;;;;;;954.5;;;;;2;13.2;7.2;47.5;;;;;;;;;;;;;;;;217;;
SCM;08.05.1997 00:00;;;;;;;;;959.5;;;;;1.4;12.1;5;43.6;;;;;;;;;;;;;;;;270;;
SCM;09.05.1997 00:00;;;;;;;;;961.9;;;;;2.7;14;9.7;50.4;;;;;;;;;;;;;;;;90;;
SCM;10.05.1997 00:00;;;;;;;;;968.1;;;;;1.6;13.3;5.8;47.9;;;;;;;;;;;;;;;;135;;
SCM;11.05.1997 00:00;;;;;;;;;967;;;;;4.6;18.6;16.6;67;;;;;;;;;;;;;;;;115;;
SCM;12.05.1997 00:00;;;;;;;;;974.2;;;;;1.3;6.3;4.7;22.7;;;;;;;;;;;;;;;;255;;
SCM;13.05.1997 00:00;;;;;;;;;974.1;;;;;0.9;4.8;3.2;17.3;;;;;;;;;;;;;;;;270;;
SCM;14.05.1997 00:00;;;;;;;;;971.5;;;;;0.6;3;2.2;10.8;;;;;;;;;;;;;;;;270;;
SCM;15.05.1997 00:00;;;;;;;;;969.4;;;;;1.2;10.1;4.3;36.4;;;;;;;;;;;;;;;;90;;
SCM;16.05.1997 00:00;;;;;;;;;966.7;;;;;1.7;10.2;6.1;36.7;;;;;;;;;;;;;;;;288;;
SCM;17.05.1997 00:00;;;;;;;;;965.8;;;;;0.9;4.1;3.2;14.8;;;;;;;;;;;;;;;;270;;
SCM;18.05.1997 00:00;;;;;;;;;966.8;;;;;2.3;11;8.3;39.6;;;;;;;;;;;;;;;;270;;
SCM;19.05.1997 00:00;;;;;;;;;963.9;;;;;1.8;11;6.5;39.6;;;;;;;;;;;;;;;;252;;
SCM;20.05.1997 00:00;;;;;;;;;962.9;;;;;1.1;13.5;4;48.6;;;;;;;;;;;;;;;;45;;
SCM;21.05.1997 00:00;;;;;;;;;963.8;;;;;2.3;8.6;8.3;31;;;;;;;;;;;;;;;;252;;
SCM;22.05.1997 00:00;;;;;;;;;967.5;;;;;1.3;8.8;4.7;31.7;;;;;;;;;;;;;;;;252;;
SCM;23.05.1997 00:00;;;;;;;;;968.2;;;;;2;8.7;7.2;31.3;;;;;;;;;;;;;;;;284;;
SCM;24.05.1997 00:00;;;;;;;;;972;;;;;1.6;9.6;5.8;34.6;;;;;;;;;;;;;;;;74;;
SCM;25.05.1997 00:00;;;;;;;;;973.7;;;;;1.8;8.5;6.5;30.6;;;;;;;;;;;;;;;;277;;
SCM;26.05.1997 00:00;;;;;;;;;972.9;;;;;1.4;6.3;5;22.7;;;;;;;;;;;;;;;;252;;
SCM;27.05.1997 00:00;;;;;;;;;970.2;;;;;1.8;8.5;6.5;30.6;;;;;;;;;;;;;;;;255;;
SCM;28.05.1997 00:00;;;;;;;;;974.2;;;;;2.4;10.3;8.6;37.1;;;;;;;;;;;;;;;;63;;
SCM;29.05.1997 00:00;;;;;;;;;976;;;;;2.1;7.6;7.6;27.4;;;;;;;;;;;;;;;;254;;
SCM;30.05.1997 00:00;;;;;;;;;975.1;;;;;2.4;11.7;8.6;42.1;;;;;;;;;;;;;;;;65;;
SCM;31.05.1997 00:00;;;;;;;;;969.8;;;;;3.7;13.1;13.3;47.2;;;;;;;;;;;;;;;;67;;
SCM;01.06.1997 00:00;;;;;;;;;963.5;;;;;1.9;8.8;6.8;31.7;;;;;;;;;;;;;;;;72;;
SCM;02.06.1997 00:00;;;;;;;;;964.5;;;;;0.7;3.8;2.5;13.7;;;;;;;;;;;;;;;;252;;
SCM;03.06.1997 00:00;;;;;;;;;968.2;;;;;1.1;10.3;4;37.1;;;;;;;;;;;;;;;;104;;
SCM;04.06.1997 00:00;;;;;;;;;967.5;;;;;1.5;6.1;5.4;22;;;;;;;;;;;;;;;;270;;
SCM;05.06.1997 00:00;;;;;;;;;959.9;;;;;2.2;12.7;7.9;45.7;;;;;;;;;;;;;;;;126;;
SCM;06.06.1997 00:00;;;;;;;;;964.2;;;;;1;6.1;3.6;22;;;;;;;;;;;;;;;;104;;
SCM;07.06.1997 00:00;;;;;;;;;964.8;;;;;1.1;13.5;4;48.6;;;;;;;;;;;;;;;;252;;
SCM;08.06.1997 00:00;;;;;;;;;970;;;;;1.5;10;5.4;36;;;;;;;;;;;;;;;;108;;
SCM;09.06.1997 00:00;;;;;;;;;974.4;;;;;1.2;5.7;4.3;20.5;;;;;;;;;;;;;;;;360;;
SCM;10.06.1997 00:00;;;;;;;;;969.1;;;;;1.2;5.3;4.3;19.1;;;;;;;;;;;;;;;;360;;
SCM;11.06.1997 00:00;;;;;;;;;963.7;;;;;2.1;11.2;7.6;40.3;;;;;;;;;;;;;;;;101;;
SCM;12.06.1997 00:00;;;;;;;;;964.3;;;;;1.7;7.3;6.1;26.3;;;;;;;;;;;;;;;;236;;
SCM;13.06.1997 00:00;;;;;;;;;962;;;;;1.4;13.2;5;47.5;;;;;;;;;;;;;;;;124;;
SCM;14.06.1997 00:00;;;;;;;;;965.1;;;;;1.8;11.6;6.5;41.8;;;;;;;;;;;;;;;;270;;
SCM;15.06.1997 00:00;;;;;;;;;970.4;;;;;1.3;7.1;4.7;25.6;;;;;;;;;;;;;;;;236;;
SCM;16.06.1997 00:00;;;;;;;;;969;;;;;1.2;10.8;4.3;38.9;;;;;;;;;;;;;;;;256;;
SCM;17.06.1997 00:00;;;;;;;;;968.6;;;;;1;5.6;3.6;20.2;;;;;;;;;;;;;;;;127;;
SCM;18.06.1997 00:00;;;;;;;;;969.5;;;;;1.5;9;5.4;32.4;;;;;;;;;;;;;;;;108;;
SCM;19.06.1997 00:00;;;;;;;;;962.4;;;;;1.5;5.1;5.4;18.4;;;;;;;;;;;;;;;;252;;
SCM;20.06.1997 00:00;;;;;;;;;961.8;;;;;1.2;6.3;4.3;22.7;;;;;;;;;;;;;;;;153;;
SCM;21.06.1997 00:00;;;;;;;;;959.1;;;;;2;11.3;7.2;40.7;;;;;;;;;;;;;;;;225;;
SCM;22.06.1997 00:00;;;;;;;;;961.1;;;;;2.2;11.6;7.9;41.8;;;;;;;;;;;;;;;;87;;
SCM;23.06.1997 00:00;;;;;;;;;964.4;;;;;1.6;10.8;5.8;38.9;;;;;;;;;;;;;;;;225;;
SCM;24.06.1997 00:00;;;;;;;;;968.7;;;;;0.9;11.6;3.2;41.8;;;;;;;;;;;;;;;;117;;
SCM;25.06.1997 00:00;;;;;;;;;963.5;;;;;1.5;6.3;5.4;22.7;;;;;;;;;;;;;;;;231;;
SCM;26.06.1997 00:00;;;;;;;;;953.9;;;;;1.6;8.8;5.8;31.7;;;;;;;;;;;;;;;;97;;
SCM;27.06.1997 00:00;;;;;;;;;955;;;;;1.5;7.3;5.4;26.3;;;;;;;;;;;;;;;;243;;
SCM;28.06.1997 00:00;;;;;;;;;960.7;;;;;1.6;11.6;5.8;41.8;;;;;;;;;;;;;;;;90;;
SCM;29.06.1997 00:00;;;;;;;;;955.9;;;;;2.4;16.5;8.6;59.4;;;;;;;;;;;;;;;;239;;
SCM;30.06.1997 00:00;;;;;;;;;960.2;;;;;1.8;7.8;6.5;28.1;;;;;;;;;;;;;;;;214;;
SCM;01.07.1997 00:00;;;;;;;;;964.9;;;;;1;5.3;3.6;19.1;;;;;;;;;;;;;;;;146;;
SCM;02.07.1997 00:00;;;;;;;;;964.8;;;;;2.7;18;9.7;64.8;;;;;;;;;;;;;;;;106;;
SCM;03.07.1997 00:00;;;;;;;;;968.3;;;;;1.9;9.2;6.8;33.1;;;;;;;;;;;;;;;;255;;
SCM;04.07.1997 00:00;;;;;;;;;971.8;;;;;1.6;12.7;5.8;45.7;;;;;;;;;;;;;;;;153;;
SCM;05.07.1997 00:00;;;;;;;;;972.4;;;;;1.5;9.8;5.4;35.3;;;;;;;;;;;;;;;;90;;
SCM;06.07.1997 00:00;;;;;;;;;977.8;;;;;1.1;4.6;4;16.6;;;;;;;;;;;;;;;;56;;
SCM;07.07.1997 00:00;;;;;;;;;977.2;;;;;0.8;3.2;2.9;11.5;;;;;;;;;;;;;;;;180;;
SCM;08.07.1997 00:00;;;;;;;;;972.7;;;;;1.6;8;5.8;28.8;;;;;;;;;;;;;;;;63;;
SCM;09.07.1997 00:00;;;;;;;;;967.6;;;;;1.7;9.1;6.1;32.8;;;;;;;;;;;;;;;;270;;
SCM;10.07.1997 00:00;;;;;;;;;965.8;;;;;1.9;15.7;6.8;56.5;;;;;;;;;;;;;;;;104;;
SCM;11.07.1997 00:00;;;;;;;;;967.3;;;;;1.9;11.1;6.8;40;;;;;;;;;;;;;;;;95;;
SCM;12.07.1997 00:00;;;;;;;;;969;;;;;1.3;8.3;4.7;29.9;;;;;;;;;;;;;;;;90;;
SCM;13.07.1997 00:00;;;;;;;;;970;;;;;1.3;10.7;4.7;38.5;;;;;;;;;;;;;;;;90;;
SCM;14.07.1997 00:00;;;;;;;;;972.2;;;;;1.4;14.2;5;51.1;;;;;;;;;;;;;;;;0;;
SCM;15.07.1997 00:00;;;;;;;;;974.4;;;;;1.2;6.7;4.3;24.1;;;;;;;;;;;;;;;;194;;
SCM;16.07.1997 00:00;;;;;;;;;970.3;;;;;1.2;7.8;4.3;28.1;;;;;;;;;;;;;;;;256;;
SCM;17.07.1997 00:00;;;;;;;;;963.6;;;;;1.2;9.7;4.3;34.9;;;;;;;;;;;;;;;;135;;
SCM;18.07.1997 00:00;;;;;;;;;965.2;;;;;1.9;29.3;6.8;105.5;;;;;;;;;;;;;;;;281;;
SCM;19.07.1997 00:00;;;;;;;;;972;;;;;1;8.5;3.6;30.6;;;;;;;;;;;;;;;;315;;
SCM;20.07.1997 00:00;;;;;;;;;973.1;;;;;1.1;6.8;4;24.5;;;;;;;;;;;;;;;;153;;
SCM;21.07.1997 00:00;;;;;;;;;971.6;;;;;1.2;4.7;4.3;16.9;;;;;;;;;;;;;;;;248;;
SCM;22.07.1997 00:00;;;;;;;;;971;;;;;0.9;3.5;3.2;12.6;;;;;;;;;;;;;;;;270;;
SCM;23.07.1997 00:00;;;;;;;;;971.8;;;;;1;8.7;3.6;31.3;;;;;;;;;;;;;;;;104;;
SCM;24.07.1997 00:00;;;;;;;;;968.1;;;;;1.3;8.1;4.7;29.2;;;;;;;;;;;;;;;;252;;
SCM;25.07.1997 00:00;;;;;;;;;968;;;;;1.7;14.6;6.1;52.6;;;;;;;;;;;;;;;;278;;
SCM;26.07.1997 00:00;;;;;;;;;971.7;;;;;0.9;4.3;3.2;15.5;;;;;;;;;;;;;;;;198;;
SCM;27.07.1997 00:00;;;;;;;;;973.3;;;;;1.3;6.6;4.7;23.8;;;;;;;;;;;;;;;;236;;
SCM;28.07.1997 00:00;;;;;;;;;973.6;;;;;1.2;7.3;4.3;26.3;;;;;;;;;;;;;;;;248;;
SCM;29.07.1997 00:00;;;;;;;;;972.7;;;;;1;8.5;3.6;30.6;;;;;;;;;;;;;;;;135;;
SCM;30.07.1997 00:00;;;;;;;;;971.4;;;;;0.8;3.7;2.9;13.3;;;;;;;;;;;;;;;;252;;
SCM;31.07.1997 00:00;;;;;;;;;969.7;;;;;1.4;8.7;5;31.3;;;;;;;;;;;;;;;;270;;
SCM;01.08.1997 00:00;;;;;;;;;969.5;;;;;0.8;2.7;2.9;9.7;;;;;;;;;;;;;;;;112;;
SCM;02.08.1997 00:00;;;;;;;;;971;;;;;0.8;2.7;2.9;9.7;;;;;;;;;;;;;;;;97;;
SCM;03.08.1997 00:00;;;;;;;;;970.5;;;;;0.9;5.6;3.2;20.2;;;;;;;;;;;;;;;;243;;
SCM;04.08.1997 00:00;;;;;;;;;970;;;;;0.9;4.2;3.2;15.1;;;;;;;;;;;;;;;;0;;
SCM;05.08.1997 00:00;;;;;;;;;967.8;;;;;1.1;9.2;4;33.1;;;;;;;;;;;;;;;;270;;
SCM;06.08.1997 00:00;;;;;;;;;966.6;;;;;0.7;5;2.5;18;;;;;;;;;;;;;;;;243;;
SCM;07.08.1997 00:00;;;;;;;;;967.2;;;;;1.4;7.7;5;27.7;;;;;;;;;;;;;;;;99;;
SCM;08.08.1997 00:00;;;;;;;;;970.5;;;;;1.1;13.3;4;47.9;;;;;;;;;;;;;;;;81;;
SCM;09.08.1997 00:00;;;;;;;;;972.1;;;;;0.9;5.7;3.2;20.5;;;;;;;;;;;;;;;;63;;
SCM;10.08.1997 00:00;;;;;;;;;969.9;;;;;1.1;6.8;4;24.5;;;;;;;;;;;;;;;;27;;
SCM;11.08.1997 00:00;;;;;;;;;968.9;;;;;0.9;6;3.2;21.6;;;;;;;;;;;;;;;;259;;
SCM;12.08.1997 00:00;;;;;;;;;973.4;;;;;0.9;3.8;3.2;13.7;;;;;;;;;;;;;;;;252;;
SCM;13.08.1997 00:00;;;;;;;;;974.8;;;;;1.2;12.1;4.3;43.6;;;;;;;;;;;;;;;;0;;
SCM;14.08.1997 00:00;;;;;;;;;974.5;;;;;0.7;5.5;2.5;19.8;;;;;;;;;;;;;;;;0;;
SCM;15.08.1997 00:00;;;;;;;;;972.3;;;;;1.7;8.3;6.1;29.9;;;;;;;;;;;;;;;;225;;
SCM;16.08.1997 00:00;;;;;;;;;970.6;;;;;1.2;6.8;4.3;24.5;;;;;;;;;;;;;;;;90;;
SCM;17.08.1997 00:00;;;;;;;;;970.9;;;;;1.1;7.6;4;27.4;;;;;;;;;;;;;;;;90;;
SCM;18.08.1997 00:00;;;;;;;;;970.7;;;;;1.1;14.2;4;51.1;;;;;;;;;;;;;;;;81;;
SCM;19.08.1997 00:00;;;;;;;;;969.8;;;;;0.7;3.7;2.5;13.3;;;;;;;;;;;;;;;;45;;
SCM;20.08.1997 00:00;;;;;;;;;970.3;;;;;0.8;4.1;2.9;14.8;;;;;;;;;;;;;;;;360;;
SCM;21.08.1997 00:00;;;;;;;;;972.3;;;;;1.3;8.7;4.7;31.3;;;;;;;;;;;;;;;;180;;
SCM;22.08.1997 00:00;;;;;;;;;973.7;;;;;1.1;5.8;4;20.9;;;;;;;;;;;;;;;;243;;
SCM;23.08.1997 00:00;;;;;;;;;971.1;;;;;0.7;5.2;2.5;18.7;;;;;;;;;;;;;;;;90;;
SCM;24.08.1997 00:00;;;;;;;;;968.8;;;;;1.1;4.6;4;16.6;;;;;;;;;;;;;;;;76;;
SCM;25.08.1997 00:00;;;;;;;;;964.8;;;;;1.2;8.6;4.3;31;;;;;;;;;;;;;;;;90;;
SCM;26.08.1997 00:00;;;;;;;;;963.9;;;;;1.8;6.6;6.5;23.8;;;;;;;;;;;;;;;;225;;
SCM;27.08.1997 00:00;;;;;;;;;961.2;;;;;1.5;8.6;5.4;31;;;;;;;;;;;;;;;;225;;
SCM;28.08.1997 00:00;;;;;;;;;960.5;;;;;2.6;17.8;9.4;64.1;;;;;;;;;;;;;;;;270;;
SCM;29.08.1997 00:00;;;;;;;;;970;;;;;1.9;11.7;6.8;42.1;;;;;;;;;;;;;;;;297;;
SCM;30.08.1997 00:00;;;;;;;;;973.3;;;;;1.1;6.6;4;23.8;;;;;;;;;;;;;;;;83;;
SCM;31.08.1997 00:00;;;;;;;;;971.7;;;;;1.2;6.6;4.3;23.8;;;;;;;;;;;;;;;;81;;
SCM;01.09.1997 00:00;;;;;;;;;969.8;;;;;0.8;5.1;2.9;18.4;;;;;;;;;;;;;;;;72;;
SCM;02.09.1997 00:00;;;;;;;;;970.8;;;;;0.7;3.6;2.5;13;;;;;;;;;;;;;;;;225;;
SCM;03.09.1997 00:00;;;;;;;;;972.1;;;;;1.8;7.2;6.5;25.9;;;;;;;;;;;;;;;;252;;
SCM;04.09.1997 00:00;;;;;;;;;972.7;;;;;1;5.7;3.6;20.5;;;;;;;;;;;;;;;;243;;
SCM;05.09.1997 00:00;;;;;;;;;972;;;;;0.8;6.7;2.9;24.1;;;;;;;;;;;;;;;;180;;
SCM;06.09.1997 00:00;;;;;;;;;973.9;;;;;1.7;8.5;6.1;30.6;;;;;;;;;;;;;;;;253;;
SCM;07.09.1997 00:00;;;;;;;;;977.5;;;;;0.9;5.3;3.2;19.1;;;;;;;;;;;;;;;;259;;
SCM;08.09.1997 00:00;;;;;;;;;977.5;;;;;1.1;4.7;4;16.9;;;;;;;;;;;;;;;;231;;
SCM;09.09.1997 00:00;;;;;;;;;973.7;;;;;1.4;6.7;5;24.1;;;;;;;;;;;;;;;;254;;
SCM;10.09.1997 00:00;;;;;;;;;973;;;;;1.6;6.8;5.8;24.5;;;;;;;;;;;;;;;;270;;
SCM;11.09.1997 00:00;;;;;;;;;968.8;;;;;0.8;4.1;2.9;14.8;;;;;;;;;;;;;;;;225;;
SCM;12.09.1997 00:00;;;;;;;;;965;;;;;0.9;11.8;3.2;42.5;;;;;;;;;;;;;;;;270;;
SCM;13.09.1997 00:00;;;;;;;;;969;;;;;1.3;8.8;4.7;31.7;;;;;;;;;;;;;;;;270;;
SCM;14.09.1997 00:00;;;;;;;;;975.8;;;;;1.5;8.5;5.4;30.6;;;;;;;;;;;;;;;;270;;
SCM;15.09.1997 00:00;;;;;;;;;977.1;;;;;1.4;7.7;5;27.7;;;;;;;;;;;;;;;;248;;
SCM;16.09.1997 00:00;;;;;;;;;975.8;;;;;0.7;5.5;2.5;19.8;;;;;;;;;;;;;;;;90;;
SCM;17.09.1997 00:00;;;;;;;;;976.4;;;;;0.8;6;2.9;21.6;;;;;;;;;;;;;;;;72;;
SCM;18.09.1997 00:00;;;;;;;;;976.3;;;;;0.7;6.5;2.5;23.4;;;;;;;;;;;;;;;;270;;
SCM;19.09.1997 00:00;;;;;;;;;975.4;;;;;0.9;4;3.2;14.4;;;;;;;;;;;;;;;;180;;
SCM;20.09.1997 00:00;;;;;;;;;975.1;;;;;1.3;9.3;4.7;33.5;;;;;;;;;;;;;;;;74;;
SCM;21.09.1997 00:00;;;;;;;;;974.8;;;;;1;3.1;3.6;11.2;;;;;;;;;;;;;;;;254;;
SCM;22.09.1997 00:00;;;;;;;;;974.8;;;;;0.7;5.2;2.5;18.7;;;;;;;;;;;;;;;;225;;
SCM;23.09.1997 00:00;;;;;;;;;974;;;;;0.7;3.6;2.5;13;;;;;;;;;;;;;;;;207;;
SCM;24.09.1997 00:00;;;;;;;;;974;;;;;1.3;5.7;4.7;20.5;;;;;;;;;;;;;;;;236;;
SCM;25.09.1997 00:00;;;;;;;;;976.6;;;;;1;4.5;3.6;16.2;;;;;;;;;;;;;;;;252;;
SCM;26.09.1997 00:00;;;;;;;;;975.2;;;;;1;4.6;3.6;16.6;;;;;;;;;;;;;;;;225;;
SCM;27.09.1997 00:00;;;;;;;;;970.1;;;;;0.7;3.1;2.5;11.2;;;;;;;;;;;;;;;;90;;
SCM;28.09.1997 00:00;;;;;;;;;969.3;;;;;0.5;2.7;1.8;9.7;;;;;;;;;;;;;;;;63;;
SCM;29.09.1997 00:00;;;;;;;;;973.8;;;;;0.8;4.3;2.9;15.5;;;;;;;;;;;;;;;;45;;
SCM;30.09.1997 00:00;;;;;;;;;976.3;;;;;0.7;3.5;2.5;12.6;;;;;;;;;;;;;;;;90;;
SCM;01.10.1997 00:00;;;;;;;;;972.4;;;;;0.6;2.8;2.2;10.1;;;;;;;;;;;;;;;;90;;
SCM;02.10.1997 00:00;;;;;;;;;968.3;;;;;2.3;11.7;8.3;42.1;;;;;;;;;;;;;;;;270;;
SCM;03.10.1997 00:00;;;;;;;;;971.3;;;;;1.6;6.2;5.8;22.3;;;;;;;;;;;;;;;;246;;
SCM;04.10.1997 00:00;;;;;;;;;973.5;;;;;0.9;5.8;3.2;20.9;;;;;;;;;;;;;;;;90;;
SCM;05.10.1997 00:00;;;;;;;;;969.9;;;;;0.8;6.3;2.9;22.7;;;;;;;;;;;;;;;;76;;
SCM;06.10.1997 00:00;;;;;;;;;964.1;;;;;1.2;5.1;4.3;18.4;;;;;;;;;;;;;;;;236;;
SCM;07.10.1997 00:00;;;;;;;;;962.6;;;;;0.7;4.1;2.5;14.8;;;;;;;;;;;;;;;;90;;
SCM;08.10.1997 00:00;;;;;;;;;968;;;;;1;6.6;3.6;23.8;;;;;;;;;;;;;;;;81;;
SCM;09.10.1997 00:00;;;;;;;;;968.5;;;;;1;8.1;3.6;29.2;;;;;;;;;;;;;;;;90;;
SCM;10.10.1997 00:00;;;;;;;;;963.5;;;;;1.3;11.5;4.7;41.4;;;;;;;;;;;;;;;;360;;
SCM;11.10.1997 00:00;;;;;;;;;961.9;;;;;1.4;7.5;5;27;;;;;;;;;;;;;;;;279;;
SCM;12.10.1997 00:00;;;;;;;;;956.8;;;;;2.1;16;7.6;57.6;;;;;;;;;;;;;;;;293;;
SCM;13.10.1997 00:00;;;;;;;;;966.6;;;;;0.9;7.1;3.2;25.6;;;;;;;;;;;;;;;;90;;
SCM;14.10.1997 00:00;;;;;;;;;971.6;;;;;1.1;8.6;4;31;;;;;;;;;;;;;;;;45;;
SCM;15.10.1997 00:00;;;;;;;;;968.8;;;;;1.2;8.6;4.3;31;;;;;;;;;;;;;;;;90;;
SCM;16.10.1997 00:00;;;;;;;;;967.8;;;;;1.1;9;4;32.4;;;;;;;;;;;;;;;;84;;
SCM;17.10.1997 00:00;;;;;;;;;971.8;;;;;0.7;3.7;2.5;13.3;;;;;;;;;;;;;;;;90;;
SCM;18.10.1997 00:00;;;;;;;;;976.4;;;;;0.6;2.7;2.2;9.7;;;;;;;;;;;;;;;;90;;
SCM;19.10.1997 00:00;;;;;;;;;973.3;;;;;0.8;4.7;2.9;16.9;;;;;;;;;;;;;;;;124;;
SCM;20.10.1997 00:00;;;;;;;;;967;;;;;0.8;4.5;2.9;16.2;;;;;;;;;;;;;;;;180;;
SCM;21.10.1997 00:00;;;;;;;;;965.4;;;;;1.4;8.8;5;31.7;;;;;;;;;;;;;;;;60;;
SCM;22.10.1997 00:00;;;;;;;;;965.6;;;;;0.8;4.2;2.5;15.1;;;;;;;;;;;;;;;;256;;
SCM;23.10.1997 00:00;;;;;;;;;964.9;;;;;1;4.2;3.6;15.1;;;;;;;;;;;;;;;;248;;
SCM;24.10.1997 00:00;;;;;;;;;971.5;;;;;1.4;6;5;21.6;;;;;;;;;;;;;;;;315;;
SCM;25.10.1997 00:00;;;;;;;;;977.3;;;;;0.7;4.5;2.5;16.2;;;;;;;;;;;;;;;;180;;
SCM;26.10.1997 00:00;;;;;;;;;975.9;;;;;0.8;3.5;2.9;12.6;;;;;;;;;;;;;;;;90;;
SCM;27.10.1997 00:00;;;;;;;;;974.2;;;;;1.6;13.6;5.8;49;;;;;;;;;;;;;;;;52;;
SCM;28.10.1997 00:00;;;;;;;;;977.1;;;;;2.4;11.1;8.6;40;;;;;;;;;;;;;;;;57;;
SCM;29.10.1997 00:00;;;;;;;;;981.2;;;;;1.5;9.5;5.4;34.2;;;;;;;;;;;;;;;;45;;
SCM;30.10.1997 00:00;;;;;;;;;977.9;;;;;0.7;3.8;2.5;13.7;;;;;;;;;;;;;;;;63;;
SCM;31.10.1997 00:00;;;;;;;;;976.5;;;;;1;5.3;3.6;19.1;;;;;;;;;;;;;;;;153;;
SCM;01.11.1997 00:00;;;;;;;;;975.1;;;;;0.7;2.5;2.5;9;;;;;;;;;;;;;;;;90;;
SCM;02.11.1997 00:00;;;;;;;;;971.4;;;;;0.6;3.3;2.2;11.9;;;;;;;;;;;;;;;;90;;
SCM;03.11.1997 00:00;;;;;;;;;967.9;;;;;0.6;3.5;2.2;12.6;;;;;;;;;;;;;;;;72;;
SCM;04.11.1997 00:00;;;;;;;;;965.3;;;;;0.6;3;2.2;10.8;;;;;;;;;;;;;;;;0;;
SCM;05.11.1997 00:00;;;;;;;;;959.2;;;;;1.1;6.1;4;22;;;;;;;;;;;;;;;;254;;
SCM;06.11.1997 00:00;;;;;;;;;945.6;;;;;2.2;19.5;7.9;70.2;;;;;;;;;;;;;;;;233;;
SCM;07.11.1997 00:00;;;;;;;;;951.7;;;;;1.9;14.8;6.8;53.3;;;;;;;;;;;;;;;;162;;
SCM;08.11.1997 00:00;;;;;;;;;956.2;;;;;1.3;12.1;4.7;43.6;;;;;;;;;;;;;;;;83;;
SCM;09.11.1997 00:00;;;;;;;;;956.4;;;;;1.7;12.2;6.1;43.9;;;;;;;;;;;;;;;;86;;
SCM;10.11.1997 00:00;;;;;;;;;958.1;;;;;1.3;7.8;4.7;28.1;;;;;;;;;;;;;;;;74;;
SCM;11.11.1997 00:00;;;;;;;;;955;;;;;1.8;9.6;6.5;34.6;;;;;;;;;;;;;;;;214;;
SCM;12.11.1997 00:00;;;;;;;;;954.1;;;;;0.8;11.2;2.9;40.3;;;;;;;;;;;;;;;;45;;
SCM;13.11.1997 00:00;;;;;;;;;960.7;;;;;0.6;2.7;2.2;9.7;;;;;;;;;;;;;;;;90;;
SCM;14.11.1997 00:00;;;;;;;;;967;;;;;0.9;4.6;3.2;16.6;;;;;;;;;;;;;;;;243;;
SCM;15.11.1997 00:00;;;;;;;;;973.3;;;;;1.4;10.3;5;37.1;;;;;;;;;;;;;;;;90;;
SCM;16.11.1997 00:00;;;;;;;;;971;;;;;0.7;4;2.5;14.4;;;;;;;;;;;;;;;;90;;
SCM;17.11.1997 00:00;;;;;;;;;969.9;;;;;1;6.2;3.6;22.3;;;;;;;;;;;;;;;;270;;
SCM;18.11.1997 00:00;;;;;;;;;965.4;;;;;0.9;4.8;3.2;17.3;;;;;;;;;;;;;;;;180;;
SCM;19.11.1997 00:00;;;;;;;;;958.3;;;;;0.7;3.5;2.5;12.6;;;;;;;;;;;;;;;;76;;
SCM;20.11.1997 00:00;;;;;;;;;957.8;;;;;1.3;8.7;4.7;31.3;;;;;;;;;;;;;;;;73;;
SCM;21.11.1997 00:00;;;;;;;;;963.4;;;;;0.7;3.7;2.5;13.3;;;;;;;;;;;;;;;;90;;
SCM;22.11.1997 00:00;;;;;;;;;965.5;;;;;0.9;4.2;3.2;15.1;;;;;;;;;;;;;;;;270;;
SCM;23.11.1997 00:00;;;;;;;;;970.6;;;;;0.6;3.2;2.2;11.5;;;;;;;;;;;;;;;;72;;
SCM;24.11.1997 00:00;;;;;;;;;967.1;;;;;0.9;4.7;3.2;16.9;;;;;;;;;;;;;;;;180;;
SCM;25.11.1997 00:00;;;;;;;;;963;;;;;0.5;3.3;1.8;11.9;;;;;;;;;;;;;;;;72;;
SCM;26.11.1997 00:00;;;;;;;;;963.6;;;;;0.7;3;2.5;10.8;;;;;;;;;;;;;;;;63;;
SCM;27.11.1997 00:00;;;;;;;;;968.1;;;;;0.7;3.5;2.5;12.6;;;;;;;;;;;;;;;;63;;
SCM;28.11.1997 00:00;;;;;;;;;966.4;;;;;0.7;4.6;2.5;16.6;;;;;;;;;;;;;;;;90;;
SCM;29.11.1997 00:00;;;;;;;;;962.7;;;;;0.7;6.3;2.5;22.7;;;;;;;;;;;;;;;;76;;
SCM;30.11.1997 00:00;;;;;;;;;962.2;;;;;0.4;4;1.4;14.4;;;;;;;;;;;;;;;;90;;
SCM;01.12.1997 00:00;;;;;;;;;964.2;;;;;0.8;9.3;2.9;33.5;;;;;;;;;;;;;;;;90;;
SCM;02.12.1997 00:00;;;;;;;;;952.6;;;;;1;5.8;3.6;20.9;;;;;;;;;;;;;;;;333;;
SCM;03.12.1997 00:00;;;;;;;;;958.3;;;;;1.8;11.7;6.5;42.1;;;;;;;;;;;;;;;;285;;
SCM;04.12.1997 00:00;;;;;;;;;965.6;;;;;0.8;4.6;2.9;16.6;;;;;;;;;;;;;;;;81;;
SCM;05.12.1997 00:00;;;;;;;;;972.7;;;;;1.3;4.8;4.3;17.3;;;;;;;;;;;;;;;;63;;
SCM;06.12.1997 00:00;;;;;;;;;975.9;;;;;0.8;5;2.9;18;;;;;;;;;;;;;;;;82;;
SCM;07.12.1997 00:00;;;;;;;;;971.8;;;;;0.9;5;3.2;18;;;;;;;;;;;;;;;;90;;
SCM;08.12.1997 00:00;;;;;;;;;966.7;;;;;0.7;3.5;2.5;12.6;;;;;;;;;;;;;;;;76;;
SCM;09.12.1997 00:00;;;;;;;;;968.8;;;;;0.6;3.8;2.2;13.7;;;;;;;;;;;;;;;;72;;
SCM;10.12.1997 00:00;;;;;;;;;969.5;;;;;0.9;5.2;3.2;18.7;;;;;;;;;;;;;;;;90;;
SCM;11.12.1997 00:00;;;;;;;;;964.9;;;;;1;8.7;3.6;31.3;;;;;;;;;;;;;;;;74;;
SCM;12.12.1997 00:00;;;;;;;;;966.4;;;;;3.7;17.6;13.3;63.4;;;;;;;;;;;;;;;;279;;
SCM;13.12.1997 00:00;;;;;;;;;978.9;;;;;1.4;9.5;5;34.2;;;;;;;;;;;;;;;;283;;
SCM;14.12.1997 00:00;;;;;;;;;977.5;;;;;0.7;4.6;2.5;16.6;;;;;;;;;;;;;;;;90;;
SCM;15.12.1997 00:00;;;;;;;;;971;;;;;2;11;7.2;39.6;;;;;;;;;;;;;;;;62;;
SCM;16.12.1997 00:00;;;;;;;;;968.8;;;;;1.7;9.8;6.1;35.3;;;;;;;;;;;;;;;;41;;
SCM;17.12.1997 00:00;;;;;;;;;961.8;;;;;5.6;20.5;20.2;73.8;;;;;;;;;;;;;;;;149;;
SCM;18.12.1997 00:00;;;;;;;;;958.8;;;;;3.4;12.2;12.2;43.9;;;;;;;;;;;;;;;;263;;
SCM;19.12.1997 00:00;;;;;;;;;956;;;;;1.6;8.7;5.8;31.3;;;;;;;;;;;;;;;;255;;
SCM;20.12.1997 00:00;;;;;;;;;954.2;;;;;0.5;2.8;1.8;10.1;;;;;;;;;;;;;;;;0;;
SCM;21.12.1997 00:00;;;;;;;;;959.1;;;;;0.9;10.6;3.2;38.2;;;;;;;;;;;;;;;;315;;
SCM;22.12.1997 00:00;;;;;;;;;965.4;;;;;0.6;3.7;2.2;13.3;;;;;;;;;;;;;;;;90;;
SCM;23.12.1997 00:00;;;;;;;;;973.1;;;;;0.7;3.2;2.5;11.5;;;;;;;;;;;;;;;;90;;
SCM;24.12.1997 00:00;;;;;;;;;978.8;;;;;1.4;9.6;5;34.6;;;;;;;;;;;;;;;;81;;
SCM;25.12.1997 00:00;;;;;;;;;972.4;;;;;1.2;8.2;4.3;29.5;;;;;;;;;;;;;;;;77;;
SCM;26.12.1997 00:00;;;;;;;;;965;;;;;2.1;14;7.6;50.4;;;;;;;;;;;;;;;;275;;
SCM;27.12.1997 00:00;;;;;;;;;964.1;;;;;1.5;9.5;5.4;34.2;;;;;;;;;;;;;;;;281;;
SCM;28.12.1997 00:00;;;;;;;;;966.6;;;;;0.8;7;2.9;25.2;;;;;;;;;;;;;;;;79;;
SCM;29.12.1997 00:00;;;;;;;;;966.2;;;;;0.8;6.3;2.9;22.7;;;;;;;;;;;;;;;;82;;
SCM;30.12.1997 00:00;;;;;;;;;967.1;;;;;0.8;6.6;2.9;23.8;;;;;;;;;;;;;;;;0;;
SCM;31.12.1997 00:00;;;;;;;;;966;;;;;1.7;13.6;6.1;49;;;;;;;;;;;;;;;;135;;
SCM;01.01.1998 00:00;;;;;;;;;968.1;;;;;0.6;3;2.2;10.8;;;;;;;;;;;;;;;;72;;
SCM;02.01.1998 00:00;;;;;;;;;958.2;;;;;2.3;17.6;8.3;63.4;;;;;;;;;;;;;;;;225;;
SCM;03.01.1998 00:00;;;;;;;;;962.7;;;;;2.1;12.5;7.6;45;;;;;;;;;;;;;;;;315;;
SCM;04.01.1998 00:00;;;;;;;;;965.3;;;;;2.4;15;8.6;54;;;;;;;;;;;;;;;;288;;
SCM;05.01.1998 00:00;;;;;;;;;964.5;;;;;2.5;12;9;43.2;;;;;;;;;;;;;;;;275;;
SCM;06.01.1998 00:00;;;;;;;;;969.3;;;;;2.6;23;9.4;82.8;;;;;;;;;;;;;;;;281;;
SCM;07.01.1998 00:00;;;;;;;;;973.7;;;;;1.1;8.6;4;31;;;;;;;;;;;;;;;;77;;
SCM;08.01.1998 00:00;;;;;;;;;980.8;;;;;1.2;7;4.3;25.2;;;;;;;;;;;;;;;;79;;
SCM;09.01.1998 00:00;;;;;;;;;984.4;;;;;1.4;8.7;5;31.3;;;;;;;;;;;;;;;;81;;
SCM;10.01.1998 00:00;;;;;;;;;981.8;;;;;0.5;3.7;1.8;13.3;;;;;;;;;;;;;;;;270;;
SCM;11.01.1998 00:00;;;;;;;;;976.7;;;;;1.1;4.5;4;16.2;;;;;;;;;;;;;;;;270;;
SCM;12.01.1998 00:00;;;;;;;;;973.6;;;;;0.7;6.7;2.5;24.1;;;;;;;;;;;;;;;;270;;
SCM;13.01.1998 00:00;;;;;;;;;966.1;;;;;1;6.8;3.6;24.5;;;;;;;;;;;;;;;;297;;
SCM;14.01.1998 00:00;;;;;;;;;968.6;;;;;0.7;6.2;2.5;22.3;;;;;;;;;;;;;;;;90;;
SCM;15.01.1998 00:00;;;;;;;;;975.1;;;;;0.4;2.8;1.4;10.1;;;;;;;;;;;;;;;;0;;
SCM;16.01.1998 00:00;;;;;;;;;967.5;;;;;0.9;9.3;3.2;33.5;;;;;;;;;;;;;;;;315;;
SCM;17.01.1998 00:00;;;;;;;;;977.1;;;;;2.7;13.3;9.7;47.9;;;;;;;;;;;;;;;;323;;
SCM;18.01.1998 00:00;;;;;;;;;967;;;;;2.4;12.5;8.6;45;;;;;;;;;;;;;;;;124;;
SCM;19.01.1998 00:00;;;;;;;;;954.6;;;;;3.7;15.3;13.3;55.1;;;;;;;;;;;;;;;;279;;
SCM;20.01.1998 00:00;;;;;;;;;967.4;;;;;2.6;11.1;9.4;40;;;;;;;;;;;;;;;;284;;
SCM;21.01.1998 00:00;;;;;;;;;979.8;;;;;1.2;6.2;4.3;22.3;;;;;;;;;;;;;;;;270;;
SCM;22.01.1998 00:00;;;;;;;;;976.8;;;;;1.9;8.5;6.8;30.6;;;;;;;;;;;;;;;;63;;
SCM;23.01.1998 00:00;;;;;;;;;975.2;;;;;0.9;4.6;3.2;16.6;;;;;;;;;;;;;;;;74;;
SCM;24.01.1998 00:00;;;;;;;;;972.1;;;;;0.8;4.8;2.9;17.3;;;;;;;;;;;;;;;;82;;
SCM;25.01.1998 00:00;;;;;;;;;972.1;;;;;2;9;7.2;32.4;;;;;;;;;;;;;;;;56;;
SCM;26.01.1998 00:00;;;;;;;;;976.6;;;;;1.9;7.5;6.8;27;;;;;;;;;;;;;;;;43;;
SCM;27.01.1998 00:00;;;;;;;;;973;;;;;1;3.7;3.6;13.3;;;;;;;;;;;;;;;;101;;
SCM;28.01.1998 00:00;;;;;;;;;971.2;;;;;1.1;3.5;4;12.6;;;;;;;;;;;;;;;;77;;
SCM;29.01.1998 00:00;;;;;;;;;971.9;;;;;0.8;3.8;2.9;13.7;;;;;;;;;;;;;;;;53;;
SCM;30.01.1998 00:00;;;;;;;;;970.6;;;;;1.1;4;4;14.4;;;;;;;;;;;;;;;;90;;
SCM;31.01.1998 00:00;;;;;;;;;967.5;;;;;1.5;8.7;5.4;31.3;;;;;;;;;;;;;;;;84;;
SCM;01.02.1998 00:00;;;;;;;;;965.7;;;;;1.3;5.1;4.7;18.4;;;;;;;;;;;;;;;;135;;
SCM;02.02.1998 00:00;;;;;;;;;962.7;;;;;0.7;3.3;2.5;11.9;;;;;;;;;;;;;;;;79;;
SCM;03.02.1998 00:00;;;;;;;;;963;;;;;1.9;10.1;6.8;36.4;;;;;;;;;;;;;;;;101;;
SCM;04.02.1998 00:00;;;;;;;;;964.1;;;;;1.1;7.5;4;27;;;;;;;;;;;;;;;;117;;
SCM;05.02.1998 00:00;;;;;;;;;971.6;;;;;0.7;3;2.5;10.8;;;;;;;;;;;;;;;;90;;
SCM;06.02.1998 00:00;;;;;;;;;975.8;;;;;0.9;3;3.2;10.8;;;;;;;;;;;;;;;;90;;
SCM;07.02.1998 00:00;;;;;;;;;976.7;;;;;1;6.8;3.6;24.5;;;;;;;;;;;;;;;;72;;
SCM;08.02.1998 00:00;;;;;;;;;982.3;;;;;0.4;2.8;1.4;10.1;;;;;;;;;;;;;;;;135;;
SCM;09.02.1998 00:00;;;;;;;;;982.5;;;;;0.7;5.3;2.5;19.1;;;;;;;;;;;;;;;;72;;
SCM;10.02.1998 00:00;;;;;;;;;984;;;;;0.7;4.1;2.5;14.8;;;;;;;;;;;;;;;;79;;
SCM;11.02.1998 00:00;;;;;;;;;985;;;;;0.8;4.8;2.9;17.3;;;;;;;;;;;;;;;;79;;
SCM;12.02.1998 00:00;;;;;;;;;985.7;;;;;0.7;5.2;2.5;18.7;;;;;;;;;;;;;;;;72;;
SCM;13.02.1998 00:00;;;;;;;;;986.3;;;;;0.6;3.6;2.2;13;;;;;;;;;;;;;;;;0;;
SCM;14.02.1998 00:00;;;;;;;;;985.7;;;;;0.5;2.7;1.8;9.7;;;;;;;;;;;;;;;;90;;
SCM;15.02.1998 00:00;;;;;;;;;984.3;;;;;0.9;6;3.2;21.6;;;;;;;;;;;;;;;;270;;
SCM;16.02.1998 00:00;;;;;;;;;977.9;;;;;1.2;10.3;4.3;37.1;;;;;;;;;;;;;;;;297;;
SCM;17.02.1998 00:00;;;;;;;;;984;;;;;0.9;9.2;3.2;33.1;;;;;;;;;;;;;;;;256;;
SCM;18.02.1998 00:00;;;;;;;;;986.5;;;;;0.9;5.2;3.2;18.7;;;;;;;;;;;;;;;;256;;
SCM;19.02.1998 00:00;;;;;;;;;982.8;;;;;0.6;4.1;2.2;14.8;;;;;;;;;;;;;;;;360;;
SCM;20.02.1998 00:00;;;;;;;;;977.4;;;;;0.8;3.3;2.9;11.9;;;;;;;;;;;;;;;;270;;
SCM;21.02.1998 00:00;;;;;;;;;972.6;;;;;1.3;6.6;4.7;23.8;;;;;;;;;;;;;;;;270;;
SCM;22.02.1998 00:00;;;;;;;;;973.3;;;;;1;8.7;3.6;31.3;;;;;;;;;;;;;;;;304;;
SCM;23.02.1998 00:00;;;;;;;;;981.3;;;;;0.4;3.1;1.4;11.2;;;;;;;;;;;;;;;;225;;
SCM;24.02.1998 00:00;;;;;;;;;985.5;;;;;1;4.5;3.6;16.2;;;;;;;;;;;;;;;;243;;
SCM;25.02.1998 00:00;;;;;;;;;985.6;;;;;0.8;7.2;2.9;25.9;;;;;;;;;;;;;;;;180;;
SCM;26.02.1998 00:00;;;;;;;;;983.8;;;;;0.9;4;3.2;14.4;;;;;;;;;;;;;;;;256;;
SCM;27.02.1998 00:00;;;;;;;;;977.5;;;;;0.7;5.3;2.5;19.1;;;;;;;;;;;;;;;;256;;
SCM;28.02.1998 00:00;;;;;;;;;968.8;;;;;2.3;10.5;8.3;37.8;;;;;;;;;;;;;;;;273;;
SCM;01.03.1998 00:00;;;;;;;;;971.5;;;;;0.9;5.2;3.2;18.7;;;;;;;;;;;;;;;;90;;
SCM;02.03.1998 00:00;;;;;;;;;975.5;;;;;1.4;8.8;5;31.7;;;;;;;;;;;;;;;;270;;
SCM;04.03.1998 00:00;;;;;;;;;966.2;;;;;1.4;8.7;5;31.3;;;;;;;;;;;;;;;;76;;
SCM;05.03.1998 00:00;;;;;;;;;972.3;;;;;4.9;22.2;17.6;79.9;;;;;;;;;;;;;;;;270;;
SCM;06.03.1998 00:00;;;;;;;;;976.3;;;;;1.1;9.1;4;32.8;;;;;;;;;;;;;;;;90;;
SCM;07.03.1998 00:00;;;;;;;;;968.4;;;;;2.4;14.1;8.6;50.8;;;;;;;;;;;;;;;;293;;
SCM;08.03.1998 00:00;;;;;;;;;962.2;;;;;2.6;15.7;9.4;56.5;;;;;;;;;;;;;;;;283;;
SCM;09.03.1998 00:00;;;;;;;;;972.2;;;;;1.6;9.1;5.8;32.8;;;;;;;;;;;;;;;;77;;
SCM;10.03.1998 00:00;;;;;;;;;981.1;;;;;1.2;7;4.3;25.2;;;;;;;;;;;;;;;;90;;
SCM;11.03.1998 00:00;;;;;;;;;965.7;;;;;2.2;12.6;7.9;45.4;;;;;;;;;;;;;;;;90;;
SCM;12.03.1998 00:00;;;;;;;;;969.5;;;;;1.1;6;4;21.6;;;;;;;;;;;;;;;;0;;
SCM;13.03.1998 00:00;;;;;;;;;977.7;;;;;0.9;4.5;3.2;16.2;;;;;;;;;;;;;;;;261;;
SCM;14.03.1998 00:00;;;;;;;;;980;;;;;0.7;5.8;2.5;20.9;;;;;;;;;;;;;;;;90;;
SCM;15.03.1998 00:00;;;;;;;;;980.5;;;;;0.6;3.2;2.2;11.5;;;;;;;;;;;;;;;;90;;
SCM;16.03.1998 00:00;;;;;;;;;980.4;;;;;0.5;3.1;1.8;11.2;;;;;;;;;;;;;;;;90;;
SCM;17.03.1998 00:00;;;;;;;;;981.1;;;;;0.4;2.8;1.4;10.1;;;;;;;;;;;;;;;;0;;
SCM;18.03.1998 00:00;;;;;;;;;984.5;;;;;0.9;4.2;3.2;15.1;;;;;;;;;;;;;;;;262;;
SCM;19.03.1998 00:00;;;;;;;;;986.7;;;;;0.8;5.8;2.9;20.9;;;;;;;;;;;;;;;;225;;
SCM;20.03.1998 00:00;;;;;;;;;984.2;;;;;1.4;8.7;5;31.3;;;;;;;;;;;;;;;;260;;
SCM;21.03.1998 00:00;;;;;;;;;980.2;;;;;1.4;10.1;5;36.4;;;;;;;;;;;;;;;;77;;
SCM;22.03.1998 00:00;;;;;;;;;980.4;;;;;1.7;10.6;6.1;38.2;;;;;;;;;;;;;;;;86;;
SCM;23.03.1998 00:00;;;;;;;;;974.4;;;;;1;5.3;3.6;19.1;;;;;;;;;;;;;;;;270;;
SCM;24.03.1998 00:00;;;;;;;;;978.2;;;;;1;8;3.6;28.8;;;;;;;;;;;;;;;;45;;
SCM;25.03.1998 00:00;;;;;;;;;980;;;;;1.7;8.8;6.1;31.7;;;;;;;;;;;;;;;;66;;
SCM;26.03.1998 00:00;;;;;;;;;974.3;;;;;0.7;4.3;2.5;15.5;;;;;;;;;;;;;;;;180;;
SCM;27.03.1998 00:00;;;;;;;;;973.2;;;;;0.8;4.1;2.9;14.8;;;;;;;;;;;;;;;;79;;
SCM;28.03.1998 00:00;;;;;;;;;970.6;;;;;1;7.2;3.6;25.9;;;;;;;;;;;;;;;;252;;
SCM;29.03.1998 00:00;;;;;;;;;965.1;;;;;0.8;6;2.9;21.6;;;;;;;;;;;;;;;;270;;
SCM;30.03.1998 00:00;;;;;;;;;968;;;;;0.9;3.8;3.2;13.7;;;;;;;;;;;;;;;;270;;
SCM;31.03.1998 00:00;;;;;;;;;968.5;;;;;0.9;5;3.2;18;;;;;;;;;;;;;;;;270;;
SCM;01.04.1998 00:00;;;;;;;;;966.9;;;;;1.5;7.7;5.4;27.7;;;;;;;;;;;;;;;;263;;
SCM;02.04.1998 00:00;;;;;;;;;962.2;;;;;1.2;21;4.3;75.6;;;;;;;;;;;;;;;;243;;
SCM;03.04.1998 00:00;;;;;;;;;955.3;;;;;2.4;15.2;8.6;54.7;;;;;;;;;;;;;;;;114;;
SCM;04.04.1998 00:00;;;;;;;;;958.7;;;;;2;15.5;7.2;55.8;;;;;;;;;;;;;;;;0;;
SCM;05.04.1998 00:00;;;;;;;;;961.1;;;;;4.1;17.6;14.8;63.4;;;;;;;;;;;;;;;;106;;
SCM;06.04.1998 00:00;;;;;;;;;962.7;;;;;1.2;6.8;4.3;24.5;;;;;;;;;;;;;;;;96;;
SCM;07.04.1998 00:00;;;;;;;;;956.5;;;;;1.9;17;6.8;61.2;;;;;;;;;;;;;;;;262;;
SCM;08.04.1998 00:00;;;;;;;;;958.3;;;;;1.4;9.7;5;34.9;;;;;;;;;;;;;;;;243;;
SCM;10.04.1998 00:00;;;;;;;;;948;;;;;3;;10.8;;;;;;;;;;;;;;;;;251;;
SCM;11.04.1998 00:00;;;;;;;;;951.2;;;;;2.2;18.1;7.9;65.2;;;;;;;;;;;;;;;;258;;
SCM;12.04.1998 00:00;;;;;;;;;955.4;;;;;1.9;9.6;6.8;34.6;;;;;;;;;;;;;;;;315;;
SCM;13.04.1998 00:00;;;;;;;;;958.5;;;;;2.5;12.7;9;45.7;;;;;;;;;;;;;;;;266;;
SCM;14.04.1998 00:00;;;;;;;;;960.6;;;;;1;5.2;3.6;18.7;;;;;;;;;;;;;;;;104;;
SCM;15.04.1998 00:00;;;;;;;;;952.6;;;;;3.6;21.1;13;76;;;;;;;;;;;;;;;;121;;
SCM;16.04.1998 00:00;;;;;;;;;951.8;;;;;1.6;11.2;5.8;40.3;;;;;;;;;;;;;;;;257;;
SCM;17.04.1998 00:00;;;;;;;;;945.7;;;;;2;28.8;7.2;103.7;;;;;;;;;;;;;;;;252;;
SCM;18.04.1998 00:00;;;;;;;;;954.6;;;;;2.2;9.8;7.9;35.3;;;;;;;;;;;;;;;;274;;
SCM;19.04.1998 00:00;;;;;;;;;964.6;;;;;1.3;9.6;4.7;34.6;;;;;;;;;;;;;;;;252;;
SCM;20.04.1998 00:00;;;;;;;;;968.5;;;;;2.1;8.3;7.6;29.9;;;;;;;;;;;;;;;;135;;
SCM;21.04.1998 00:00;;;;;;;;;971.3;;;;;1;6;3.6;21.6;;;;;;;;;;;;;;;;90;;
SCM;22.04.1998 00:00;;;;;;;;;967.1;;;;;1.4;9;5;32.4;;;;;;;;;;;;;;;;45;;
SCM;23.04.1998 00:00;;;;;;;;;966.9;;;;;0.8;5.5;2.9;19.8;;;;;;;;;;;;;;;;256;;
SCM;24.04.1998 00:00;;;;;;;;;972.7;;;;;0.8;4.1;2.9;14.8;;;;;;;;;;;;;;;;104;;
SCM;25.04.1998 00:00;;;;;;;;;971.2;;;;;1.1;5;4;18;;;;;;;;;;;;;;;;270;;
SCM;26.04.1998 00:00;;;;;;;;;959.8;;;;;2.3;13;8.3;46.8;;;;;;;;;;;;;;;;243;;
SCM;27.04.1998 00:00;;;;;;;;;953.9;;;;;2.3;24.3;8.3;87.5;;;;;;;;;;;;;;;;270;;
SCM;28.04.1998 00:00;;;;;;;;;960.5;;;;;0.8;2.5;2.9;9;;;;;;;;;;;;;;;;117;;
SCM;29.04.1998 00:00;;;;;;;;;957.3;;;;;2;7.8;7.2;28.1;;;;;;;;;;;;;;;;246;;
SCM;30.04.1998 00:00;;;;;;;;;955.9;;;;;1.9;12.8;6.8;46.1;;;;;;;;;;;;;;;;114;;
SCM;01.05.1998 00:00;;;;;;;;;961.3;;;;;0.7;5.2;2.5;18.7;;;;;;;;;;;;;;;;135;;
SCM;02.05.1998 00:00;;;;;;;;;963.1;;;;;1;6.2;3.6;22.3;;;;;;;;;;;;;;;;90;;
SCM;03.05.1998 00:00;;;;;;;;;960.8;;;;;1.4;6.2;5;22.3;;;;;;;;;;;;;;;;180;;
SCM;04.05.1998 00:00;;;;;;;;;960.6;;;;;1.1;7.1;4;25.6;;;;;;;;;;;;;;;;63;;
SCM;05.05.1998 00:00;;;;;;;;;963.7;;;;;1.7;7.1;6.1;25.6;;;;;;;;;;;;;;;;252;;
SCM;06.05.1998 00:00;;;;;;;;;966.8;;;;;1.3;9.2;4.7;33.1;;;;;;;;;;;;;;;;257;;
SCM;07.05.1998 00:00;;;;;;;;;972.3;;;;;1.7;7.6;6.1;27.4;;;;;;;;;;;;;;;;250;;
SCM;08.05.1998 00:00;;;;;;;;;975.9;;;;;1.4;6.7;5;24.1;;;;;;;;;;;;;;;;0;;
SCM;09.05.1998 00:00;;;;;;;;;976;;;;;1.1;5.5;4;19.8;;;;;;;;;;;;;;;;270;;
SCM;10.05.1998 00:00;;;;;;;;;971.3;;;;;1;5.7;3.6;20.5;;;;;;;;;;;;;;;;270;;
SCM;11.05.1998 00:00;;;;;;;;;968.2;;;;;1.5;7.6;5.4;27.4;;;;;;;;;;;;;;;;270;;
SCM;12.05.1998 00:00;;;;;;;;;969.6;;;;;1;6.8;3.6;24.5;;;;;;;;;;;;;;;;45;;
SCM;13.05.1998 00:00;;;;;;;;;970.5;;;;;0.7;4.3;2.5;15.5;;;;;;;;;;;;;;;;270;;
SCM;14.05.1998 00:00;;;;;;;;;969.4;;;;;1.7;11.6;6.1;41.8;;;;;;;;;;;;;;;;74;;
SCM;15.05.1998 00:00;;;;;;;;;967.6;;;;;2.3;10.6;8.3;38.2;;;;;;;;;;;;;;;;72;;
SCM;16.05.1998 00:00;;;;;;;;;967.6;;;;;2.3;9.1;8.3;32.8;;;;;;;;;;;;;;;;72;;
SCM;17.05.1998 00:00;;;;;;;;;971.4;;;;;1.9;11.8;6.8;42.5;;;;;;;;;;;;;;;;48;;
SCM;18.05.1998 00:00;;;;;;;;;975.8;;;;;1.9;12.3;6.8;44.3;;;;;;;;;;;;;;;;90;;
SCM;19.05.1998 00:00;;;;;;;;;974.8;;;;;2.2;11.2;7.9;40.3;;;;;;;;;;;;;;;;74;;
SCM;20.05.1998 00:00;;;;;;;;;970.6;;;;;1.2;6.1;4.3;22;;;;;;;;;;;;;;;;270;;
SCM;21.05.1998 00:00;;;;;;;;;968.9;;;;;1.7;11.7;6.1;42.1;;;;;;;;;;;;;;;;252;;
SCM;22.05.1998 00:00;;;;;;;;;970.7;;;;;1;9.5;3.6;34.2;;;;;;;;;;;;;;;;79;;
SCM;23.05.1998 00:00;;;;;;;;;969.2;;;;;1.6;5.8;5.8;20.9;;;;;;;;;;;;;;;;254;;
SCM;24.05.1998 00:00;;;;;;;;;964.8;;;;;1.4;5.6;5;20.2;;;;;;;;;;;;;;;;236;;
SCM;25.05.1998 00:00;;;;;;;;;962.5;;;;;0.9;6.6;3.2;23.8;;;;;;;;;;;;;;;;180;;
SCM;26.05.1998 00:00;;;;;;;;;961.4;;;;;2;10.1;7.2;36.4;;;;;;;;;;;;;;;;207;;
SCM;27.05.1998 00:00;;;;;;;;;961.5;;;;;1.5;6.5;5.4;23.4;;;;;;;;;;;;;;;;249;;
SCM;28.05.1998 00:00;;;;;;;;;959.7;;;;;1.6;12;5.8;43.2;;;;;;;;;;;;;;;;217;;
SCM;29.05.1998 00:00;;;;;;;;;965.2;;;;;0.7;3.7;2.5;13.3;;;;;;;;;;;;;;;;243;;
SCM;30.05.1998 00:00;;;;;;;;;964.4;;;;;1.7;8.5;6.1;30.6;;;;;;;;;;;;;;;;207;;
SCM;31.05.1998 00:00;;;;;;;;;965.1;;;;;2.1;23.8;7.6;85.7;;;;;;;;;;;;;;;;262;;
SCM;01.06.1998 00:00;;;;;;;;;967.5;;;;;1.9;8.2;6.8;29.5;;;;;;;;;;;;;;;;240;;
SCM;02.06.1998 00:00;;;;;;;;;965.6;;;;;2;24.6;7.2;88.6;;;;;;;;;;;;;;;;236;;
SCM;03.06.1998 00:00;;;;;;;;;970.5;;;;;1.4;6.2;5;22.3;;;;;;;;;;;;;;;;236;;
SCM;04.06.1998 00:00;;;;;;;;;970.7;;;;;1;3.3;3.6;11.9;;;;;;;;;;;;;;;;243;;
SCM;05.06.1998 00:00;;;;;;;;;967.6;;;;;3.1;14;11.2;50.4;;;;;;;;;;;;;;;;107;;
SCM;06.06.1998 00:00;;;;;;;;;965.4;;;;;3.7;16.7;13.3;60.1;;;;;;;;;;;;;;;;133;;
SCM;07.06.1998 00:00;;;;;;;;;966.8;;;;;2.6;12;9.4;43.2;;;;;;;;;;;;;;;;252;;
SCM;08.06.1998 00:00;;;;;;;;;972.7;;;;;1.1;4.7;4;16.9;;;;;;;;;;;;;;;;124;;
SCM;09.06.1998 00:00;;;;;;;;;969.1;;;;;1.3;4.3;4.7;15.5;;;;;;;;;;;;;;;;225;;
SCM;10.06.1998 00:00;;;;;;;;;962.3;;;;;2;12.3;7.2;44.3;;;;;;;;;;;;;;;;270;;
SCM;11.06.1998 00:00;;;;;;;;;960.6;;;;;1.2;8.2;4.3;29.5;;;;;;;;;;;;;;;;90;;
SCM;12.06.1998 00:00;;;;;;;;;967.8;;;;;2.1;13.2;7.6;47.5;;;;;;;;;;;;;;;;294;;
SCM;13.06.1998 00:00;;;;;;;;;970.7;;;;;1.3;7;4.7;25.2;;;;;;;;;;;;;;;;108;;
SCM;14.06.1998 00:00;;;;;;;;;966.8;;;;;1.6;12.6;5.8;45.4;;;;;;;;;;;;;;;;108;;
SCM;15.06.1998 00:00;;;;;;;;;968.1;;;;;1.5;7.6;5.4;27.4;;;;;;;;;;;;;;;;90;;
SCM;16.06.1998 00:00;;;;;;;;;973.4;;;;;1.1;8.7;4;31.3;;;;;;;;;;;;;;;;101;;
SCM;17.06.1998 00:00;;;;;;;;;978.1;;;;;1.3;7;4.7;25.2;;;;;;;;;;;;;;;;234;;
SCM;18.06.1998 00:00;;;;;;;;;978.1;;;;;1.3;9.2;4.7;33.1;;;;;;;;;;;;;;;;236;;
SCM;19.06.1998 00:00;;;;;;;;;976.6;;;;;1.2;4.6;4.3;16.6;;;;;;;;;;;;;;;;270;;
SCM;20.06.1998 00:00;;;;;;;;;975.4;;;;;1.3;7.3;4.7;26.3;;;;;;;;;;;;;;;;270;;
SCM;21.06.1998 00:00;;;;;;;;;974;;;;;1;4.6;3.6;16.6;;;;;;;;;;;;;;;;315;;
SCM;22.06.1998 00:00;;;;;;;;;974.4;;;;;1.7;9.5;6.1;34.2;;;;;;;;;;;;;;;;256;;
SCM;23.06.1998 00:00;;;;;;;;;972.7;;;;;;;;;;;;;;;;;;;;;;;;;;
SCM;24.06.1998 00:00;;;;;;;;;967.7;;;;;;;;;;;;;;;;;;;;;;;;;;
SCM;25.06.1998 00:00;;;;;;;;;966.3;;;;;1.4;9.1;5;32.8;;;;;;;;;;;;;;;;117;;
SCM;26.06.1998 00:00;;;;;;;;;968.3;;;;;1.5;7.6;5.4;27.4;;;;;;;;;;;;;;;;108;;
SCM;27.06.1998 00:00;;;;;;;;;967;;;;;2.3;11.8;8.3;42.5;;;;;;;;;;;;;;;;112;;
SCM;28.06.1998 00:00;;;;;;;;;971.2;;;;;1;6.1;3.6;22;;;;;;;;;;;;;;;;270;;
SCM;29.06.1998 00:00;;;;;;;;;971.4;;;;;1;5.3;3.6;19.1;;;;;;;;;;;;;;;;240;;
SCM;30.06.1998 00:00;;;;;;;;;967.6;;;;;1.1;6.8;4;24.5;;;;;;;;;;;;;;;;239;;
SCM;01.07.1998 00:00;;;;;;;;;963.2;;;;;1.6;12;5.8;43.2;;;;;;;;;;;;;;;;360;;
SCM;02.07.1998 00:00;;;;;;;;;964.5;;;;;1.5;7.2;5.4;25.9;;;;;;;;;;;;;;;;256;;
SCM;03.07.1998 00:00;;;;;;;;;967.9;;;;;1.3;12;4.7;43.2;;;;;;;;;;;;;;;;261;;
SCM;04.07.1998 00:00;;;;;;;;;973.8;;;;;1.6;6.8;5.8;24.5;;;;;;;;;;;;;;;;261;;
SCM;05.07.1998 00:00;;;;;;;;;971.6;;;;;1.5;7.7;5.4;27.7;;;;;;;;;;;;;;;;265;;
SCM;06.07.1998 00:00;;;;;;;;;965.5;;;;;1.3;8.8;4.7;31.7;;;;;;;;;;;;;;;;243;;
SCM;07.07.1998 00:00;;;;;;;;;961.2;;;;;1.2;10.3;4.3;37.1;;;;;;;;;;;;;;;;90;;
SCM;08.07.1998 00:00;;;;;;;;;967.7;;;;;2.4;14;8.6;50.4;;;;;;;;;;;;;;;;270;;
SCM;09.07.1998 00:00;;;;;;;;;969.3;;;;;0.8;3.8;2.9;13.7;;;;;;;;;;;;;;;;90;;
SCM;10.07.1998 00:00;;;;;;;;;969.1;;;;;0.7;5.2;2.5;18.7;;;;;;;;;;;;;;;;153;;
SCM;11.07.1998 00:00;;;;;;;;;968.2;;;;;2;14.2;7.2;51.1;;;;;;;;;;;;;;;;266;;
SCM;12.07.1998 00:00;;;;;;;;;966.7;;;;;1.9;13.5;6.8;48.6;;;;;;;;;;;;;;;;261;;
SCM;13.07.1998 00:00;;;;;;;;;964;;;;;1.4;10.2;5;36.7;;;;;;;;;;;;;;;;270;;
SCM;14.07.1998 00:00;;;;;;;;;967.4;;;;;1.7;9.2;6.1;33.1;;;;;;;;;;;;;;;;255;;
SCM;15.07.1998 00:00;;;;;;;;;969.3;;;;;1.6;8.3;5.8;29.9;;;;;;;;;;;;;;;;249;;
SCM;16.07.1998 00:00;;;;;;;;;969.2;;;;;0.9;7.8;3.2;28.1;;;;;;;;;;;;;;;;112;;
SCM;17.07.1998 00:00;;;;;;;;;969;;;;;1.5;9;5.4;32.4;;;;;;;;;;;;;;;;252;;
SCM;18.07.1998 00:00;;;;;;;;;968.5;;;;;1.4;6.3;5;22.7;;;;;;;;;;;;;;;;230;;
SCM;19.07.1998 00:00;;;;;;;;;968.5;;;;;1.3;6.7;4.7;24.1;;;;;;;;;;;;;;;;90;;
SCM;20.07.1998 00:00;;;;;;;;;967.1;;;;;2.1;14;7.6;50.4;;;;;;;;;;;;;;;;95;;
SCM;21.07.1998 00:00;;;;;;;;;966.4;;;;;2.7;16.3;9.7;58.7;;;;;;;;;;;;;;;;235;;
SCM;22.07.1998 00:00;;;;;;;;;970.5;;;;;1.5;5.6;5.4;20.2;;;;;;;;;;;;;;;;248;;
SCM;23.07.1998 00:00;;;;;;;;;969.5;;;;;1.8;7.7;6.5;27.7;;;;;;;;;;;;;;;;219;;
SCM;24.07.1998 00:00;;;;;;;;;971.1;;;;;1.1;10.5;4;37.8;;;;;;;;;;;;;;;;236;;
SCM;25.07.1998 00:00;;;;;;;;;970.8;;;;;1.2;5.6;4.3;20.2;;;;;;;;;;;;;;;;104;;
SCM;26.07.1998 00:00;;;;;;;;;967.3;;;;;1.1;6.2;4;22.3;;;;;;;;;;;;;;;;180;;
SCM;27.07.1998 00:00;;;;;;;;;965.9;;;;;1.3;8.2;4.7;29.5;;;;;;;;;;;;;;;;90;;
SCM;28.07.1998 00:00;;;;;;;;;967.1;;;;;0.8;5.3;2.9;19.1;;;;;;;;;;;;;;;;124;;
SCM;29.07.1998 00:00;;;;;;;;;965.7;;;;;1.5;9.1;5.4;32.8;;;;;;;;;;;;;;;;247;;
SCM;30.07.1998 00:00;;;;;;;;;964.7;;;;;2.3;10.2;8.3;36.7;;;;;;;;;;;;;;;;255;;
SCM;31.07.1998 00:00;;;;;;;;;969.2;;;;;1.1;10.2;4;36.7;;;;;;;;;;;;;;;;225;;
SCM;01.08.1998 00:00;;;;;;;;;967.2;;;;;2.1;18;7.6;64.8;;;;;;;;;;;;;;;;239;;
SCM;02.08.1998 00:00;;;;;;;;;970.6;;;;;1.9;9.3;6.8;33.5;;;;;;;;;;;;;;;;266;;
SCM;03.08.1998 00:00;;;;;;;;;974.7;;;;;1;5.2;3.6;18.7;;;;;;;;;;;;;;;;259;;
SCM;04.08.1998 00:00;;;;;;;;;976.3;;;;;0.8;3.6;2.9;13;;;;;;;;;;;;;;;;207;;
SCM;05.08.1998 00:00;;;;;;;;;978.8;;;;;1;6.5;3.6;23.4;;;;;;;;;;;;;;;;82;;
SCM;06.08.1998 00:00;;;;;;;;;977.1;;;;;1.1;5.2;4;18.7;;;;;;;;;;;;;;;;270;;
SCM;07.08.1998 00:00;;;;;;;;;974.5;;;;;1;5.3;3.6;19.1;;;;;;;;;;;;;;;;259;;
SCM;08.08.1998 00:00;;;;;;;;;971.5;;;;;0.7;3;2.5;10.8;;;;;;;;;;;;;;;;270;;
SCM;09.08.1998 00:00;;;;;;;;;969.7;;;;;0.8;4.5;2.9;16.2;;;;;;;;;;;;;;;;45;;
SCM;10.08.1998 00:00;;;;;;;;;970.5;;;;;0.7;5.1;2.5;18.4;;;;;;;;;;;;;;;;0;;
SCM;11.08.1998 00:00;;;;;;;;;971.5;;;;;0.9;5.8;3.2;20.9;;;;;;;;;;;;;;;;63;;
SCM;12.08.1998 00:00;;;;;;;;;968.5;;;;;1;10.7;3.6;38.5;;;;;;;;;;;;;;;;90;;
SCM;13.08.1998 00:00;;;;;;;;;968.2;;;;;1.3;14.5;4.7;52.2;;;;;;;;;;;;;;;;262;;
SCM;14.08.1998 00:00;;;;;;;;;967.1;;;;;1.5;5.6;5.4;20.2;;;;;;;;;;;;;;;;246;;
SCM;15.08.1998 00:00;;;;;;;;;968.7;;;;;1;5;3.6;18;;;;;;;;;;;;;;;;207;;
SCM;16.08.1998 00:00;;;;;;;;;972.1;;;;;1;7.2;3.6;25.9;;;;;;;;;;;;;;;;90;;
SCM;17.08.1998 00:00;;;;;;;;;970.1;;;;;1.5;11.2;5.4;40.3;;;;;;;;;;;;;;;;99;;
SCM;18.08.1998 00:00;;;;;;;;;969.6;;;;;1.8;14.8;6.5;53.3;;;;;;;;;;;;;;;;107;;
SCM;19.08.1998 00:00;;;;;;;;;970.4;;;;;0.9;5.2;3.2;18.7;;;;;;;;;;;;;;;;198;;
SCM;20.08.1998 00:00;;;;;;;;;969.3;;;;;1.5;5.8;5.4;20.9;;;;;;;;;;;;;;;;234;;
SCM;21.08.1998 00:00;;;;;;;;;966.4;;;;;1.4;7.6;5;27.4;;;;;;;;;;;;;;;;301;;
SCM;22.08.1998 00:00;;;;;;;;;965.5;;;;;1.2;10.7;4.3;38.5;;;;;;;;;;;;;;;;297;;
SCM;23.08.1998 00:00;;;;;;;;;969.1;;;;;1.3;8.6;4.7;31;;;;;;;;;;;;;;;;243;;
SCM;24.08.1998 00:00;;;;;;;;;967.8;;;;;1;9.3;3.6;33.5;;;;;;;;;;;;;;;;90;;
SCM;25.08.1998 00:00;;;;;;;;;972.6;;;;;1.2;5.1;4.3;18.4;;;;;;;;;;;;;;;;217;;
SCM;26.08.1998 00:00;;;;;;;;;968.9;;;;;1.6;9.2;5.8;33.1;;;;;;;;;;;;;;;;259;;
SCM;27.08.1998 00:00;;;;;;;;;968.6;;;;;1.1;6.2;4;22.3;;;;;;;;;;;;;;;;225;;
SCM;28.08.1998 00:00;;;;;;;;;971.1;;;;;1.1;5.7;4;20.5;;;;;;;;;;;;;;;;225;;
SCM;29.08.1998 00:00;;;;;;;;;971.6;;;;;0.9;4.5;3.2;16.2;;;;;;;;;;;;;;;;315;;
SCM;30.08.1998 00:00;;;;;;;;;971.4;;;;;0.9;4.3;3.2;15.5;;;;;;;;;;;;;;;;214;;
SCM;31.08.1998 00:00;;;;;;;;;969.1;;;;;1;4.7;3.6;16.9;;;;;;;;;;;;;;;;225;;
SCM;01.09.1998 00:00;;;;;;;;;969.6;;;;;1.2;9.3;4.3;33.5;;;;;;;;;;;;;;;;90;;
SCM;02.09.1998 00:00;;;;;;;;;968.6;;;;;1.3;9.8;4.7;35.3;;;;;;;;;;;;;;;;90;;
SCM;03.09.1998 00:00;;;;;;;;;968.2;;;;;1.8;12.3;6.5;44.3;;;;;;;;;;;;;;;;90;;
SCM;04.09.1998 00:00;;;;;;;;;964.8;;;;;0.9;3.8;3.2;13.7;;;;;;;;;;;;;;;;252;;
SCM;05.09.1998 00:00;;;;;;;;;963.5;;;;;1.2;10;4.3;36;;;;;;;;;;;;;;;;90;;
SCM;06.09.1998 00:00;;;;;;;;;965.6;;;;;0.8;6.6;2.9;23.8;;;;;;;;;;;;;;;;104;;
SCM;07.09.1998 00:00;;;;;;;;;961.6;;;;;1;7;3.6;25.2;;;;;;;;;;;;;;;;135;;
SCM;08.09.1998 00:00;;;;;;;;;965.5;;;;;0.6;3;2.2;10.8;;;;;;;;;;;;;;;;104;;
SCM;09.09.1998 00:00;;;;;;;;;965.5;;;;;1.2;7.5;4.3;27;;;;;;;;;;;;;;;;90;;
SCM;10.09.1998 00:00;;;;;;;;;964.4;;;;;2.7;15.5;9.7;55.8;;;;;;;;;;;;;;;;214;;
SCM;11.09.1998 00:00;;;;;;;;;960.2;;;;;1.2;8.5;4.3;30.6;;;;;;;;;;;;;;;;90;;
SCM;12.09.1998 00:00;;;;;;;;;952.9;;;;;2.1;14.3;7.6;51.5;;;;;;;;;;;;;;;;315;;
SCM;13.09.1998 00:00;;;;;;;;;952.1;;;;;1.8;13.5;6.5;48.6;;;;;;;;;;;;;;;;286;;
SCM;14.09.1998 00:00;;;;;;;;;957.7;;;;;4.3;17.3;15.5;62.3;;;;;;;;;;;;;;;;280;;
SCM;15.09.1998 00:00;;;;;;;;;965.1;;;;;4;15.1;14.4;54.4;;;;;;;;;;;;;;;;275;;
SCM;16.09.1998 00:00;;;;;;;;;964.5;;;;;1.8;14.7;6.5;52.9;;;;;;;;;;;;;;;;278;;
SCM;17.09.1998 00:00;;;;;;;;;967.9;;;;;1.8;13.8;6.5;49.7;;;;;;;;;;;;;;;;284;;
SCM;18.09.1998 00:00;;;;;;;;;976;;;;;0.8;3.8;2.9;13.7;;;;;;;;;;;;;;;;90;;
SCM;19.09.1998 00:00;;;;;;;;;980.9;;;;;1.1;8;4;28.8;;;;;;;;;;;;;;;;261;;
SCM;20.09.1998 00:00;;;;;;;;;980.6;;;;;1.6;7.8;5.8;28.1;;;;;;;;;;;;;;;;90;;
SCM;21.09.1998 00:00;;;;;;;;;978.6;;;;;1.1;4.7;4;16.9;;;;;;;;;;;;;;;;263;;
SCM;22.09.1998 00:00;;;;;;;;;974.7;;;;;0.7;3.6;2.5;13;;;;;;;;;;;;;;;;243;;
SCM;23.09.1998 00:00;;;;;;;;;973.6;;;;;0.7;3.7;2.5;13.3;;;;;;;;;;;;;;;;180;;
SCM;24.09.1998 00:00;;;;;;;;;971.1;;;;;0.7;3;2.5;10.8;;;;;;;;;;;;;;;;270;;
SCM;25.09.1998 00:00;;;;;;;;;966.3;;;;;0.9;8.2;3.2;29.5;;;;;;;;;;;;;;;;0;;
SCM;26.09.1998 00:00;;;;;;;;;959.3;;;;;1.8;11.3;6.5;40.7;;;;;;;;;;;;;;;;252;;
SCM;27.09.1998 00:00;;;;;;;;;959.3;;;;;1;5.6;3.6;20.2;;;;;;;;;;;;;;;;135;;
SCM;28.09.1998 00:00;;;;;;;;;960.8;;;;;0.8;5;2.9;18;;;;;;;;;;;;;;;;90;;
SCM;29.09.1998 00:00;;;;;;;;;961.9;;;;;1;6.1;3.6;22;;;;;;;;;;;;;;;;79;;
SCM;30.09.1998 00:00;;;;;;;;;959.3;;;;;0.9;10.5;3.2;37.8;;;;;;;;;;;;;;;;256;;
SCM;01.10.1998 00:00;;;;;;;;;960.1;;;;;1.4;8.2;5;29.5;;;;;;;;;;;;;;;;98;;
SCM;02.10.1998 00:00;;;;;;;;;959.5;;;;;1.3;7.8;4.7;28.1;;;;;;;;;;;;;;;;214;;
SCM;03.10.1998 00:00;;;;;;;;;962.1;;;;;1.2;5.6;4.3;20.2;;;;;;;;;;;;;;;;249;;
SCM;04.10.1998 00:00;;;;;;;;;959.2;;;;;1.1;7.6;4;27.4;;;;;;;;;;;;;;;;90;;
SCM;05.10.1998 00:00;;;;;;;;;959.5;;;;;0.6;4.3;2.2;15.5;;;;;;;;;;;;;;;;90;;
SCM;06.10.1998 00:00;;;;;;;;;960.5;;;;;1.6;7.6;5.8;27.4;;;;;;;;;;;;;;;;252;;
SCM;07.10.1998 00:00;;;;;;;;;965.7;;;;;1.1;5.3;4;19.1;;;;;;;;;;;;;;;;270;;
SCM;08.10.1998 00:00;;;;;;;;;969.4;;;;;0.9;4;3.2;14.4;;;;;;;;;;;;;;;;225;;
SCM;09.10.1998 00:00;;;;;;;;;972.2;;;;;1;5.1;3.6;18.4;;;;;;;;;;;;;;;;236;;
SCM;10.10.1998 00:00;;;;;;;;;969.1;;;;;1.2;8.6;4.3;31;;;;;;;;;;;;;;;;236;;
SCM;11.10.1998 00:00;;;;;;;;;969;;;;;0.6;5.5;2.2;19.8;;;;;;;;;;;;;;;;90;;
SCM;12.10.1998 00:00;;;;;;;;;967.6;;;;;2.3;13.5;8.3;48.6;;;;;;;;;;;;;;;;279;;
SCM;13.10.1998 00:00;;;;;;;;;975.7;;;;;1;8.7;3.6;31.3;;;;;;;;;;;;;;;;225;;
SCM;14.10.1998 00:00;;;;;;;;;976.9;;;;;0.7;5.7;2.5;20.5;;;;;;;;;;;;;;;;90;;
SCM;15.10.1998 00:00;;;;;;;;;976.3;;;;;0.6;2.8;2.2;10.1;;;;;;;;;;;;;;;;90;;
SCM;16.10.1998 00:00;;;;;;;;;972;;;;;0.9;7.6;3.2;27.4;;;;;;;;;;;;;;;;63;;
SCM;17.10.1998 00:00;;;;;;;;;966.1;;;;;1.3;11.8;4.7;42.5;;;;;;;;;;;;;;;;90;;
SCM;18.10.1998 00:00;;;;;;;;;970.9;;;;;0.9;9;3.2;32.4;;;;;;;;;;;;;;;;0;;
SCM;19.10.1998 00:00;;;;;;;;;969.5;;;;;0.6;5;2.2;18;;;;;;;;;;;;;;;;360;;
SCM;20.10.1998 00:00;;;;;;;;;976;;;;;0.8;8;2.9;28.8;;;;;;;;;;;;;;;;117;;
SCM;21.10.1998 00:00;;;;;;;;;977.5;;;;;1.2;7.8;4.3;28.1;;;;;;;;;;;;;;;;90;;
SCM;22.10.1998 00:00;;;;;;;;;979.8;;;;;0.8;5.3;2.9;19.1;;;;;;;;;;;;;;;;63;;
SCM;23.10.1998 00:00;;;;;;;;;975.6;;;;;1;10;3.6;36;;;;;;;;;;;;;;;;72;;
SCM;24.10.1998 00:00;;;;;;;;;967.6;;;;;1.6;20.3;5.8;73.1;;;;;;;;;;;;;;;;135;;
SCM;25.10.1998 00:00;;;;;;;;;957.4;;;;;4.2;19.8;15.1;71.3;;;;;;;;;;;;;;;;253;;
SCM;26.10.1998 00:00;;;;;;;;;967;;;;;1.3;10.8;4.7;38.9;;;;;;;;;;;;;;;;333;;
SCM;27.10.1998 00:00;;;;;;;;;974.4;;;;;1.6;13.5;5.8;48.6;;;;;;;;;;;;;;;;53;;
SCM;28.10.1998 00:00;;;;;;;;;967.3;;;;;2.2;15.2;7.9;54.7;;;;;;;;;;;;;;;;311;;
SCM;29.10.1998 00:00;;;;;;;;;968.3;;;;;3.4;24;12.2;86.4;;;;;;;;;;;;;;;;278;;
SCM;30.10.1998 00:00;;;;;;;;;972;;;;;4;15.1;14.4;54.4;;;;;;;;;;;;;;;;282;;
SCM;31.10.1998 00:00;;;;;;;;;967.9;;;;;1.5;12.6;5.4;45.4;;;;;;;;;;;;;;;;79;;
SCM;01.11.1998 00:00;;;;;;;;;958.2;;;;;2.1;10.1;7.6;36.4;;;;;;;;;;;;;;;;297;;
SCM;02.11.1998 00:00;;;;;;;;;961.3;;;;;1.2;8.1;4.3;29.2;;;;;;;;;;;;;;;;90;;
SCM;03.11.1998 00:00;;;;;;;;;955.8;;;;;1;9.8;3.6;35.3;;;;;;;;;;;;;;;;0;;
SCM;04.11.1998 00:00;;;;;;;;;958.3;;;;;1.1;9.5;4;34.2;;;;;;;;;;;;;;;;0;;
SCM;05.11.1998 00:00;;;;;;;;;971.7;;;;;0.8;8.6;2.9;31;;;;;;;;;;;;;;;;90;;
SCM;06.11.1998 00:00;;;;;;;;;979.5;;;;;0.9;3.8;3.2;13.7;;;;;;;;;;;;;;;;81;;
SCM;07.11.1998 00:00;;;;;;;;;980.7;;;;;1.4;9.1;5;32.8;;;;;;;;;;;;;;;;90;;
SCM;08.11.1998 00:00;;;;;;;;;979.4;;;;;1.1;6.5;4;23.4;;;;;;;;;;;;;;;;72;;
SCM;09.11.1998 00:00;;;;;;;;;976.2;;;;;1.2;7.5;4.3;27;;;;;;;;;;;;;;;;63;;
SCM;10.11.1998 00:00;;;;;;;;;970.3;;;;;1.2;11.6;4.3;41.8;;;;;;;;;;;;;;;;270;;
SCM;11.11.1998 00:00;;;;;;;;;975.5;;;;;1.3;6.8;4.7;24.5;;;;;;;;;;;;;;;;45;;
SCM;12.11.1998 00:00;;;;;;;;;966;;;;;0.7;6.6;2.5;23.8;;;;;;;;;;;;;;;;90;;
SCM;14.11.1998 00:00;;;;;;;;;956.3;;;;;2.2;15.5;7.9;55.8;;;;;;;;;;;;;;;;278;;
SCM;15.11.1998 00:00;;;;;;;;;965.7;;;;;3.1;13.6;11.2;49;;;;;;;;;;;;;;;;282;;
SCM;16.11.1998 00:00;;;;;;;;;972.9;;;;;1.7;11.7;6.1;42.1;;;;;;;;;;;;;;;;307;;
SCM;18.11.1998 00:00;;;;;;;;;976.5;;;;;1.6;6.6;5.8;23.8;;;;;;;;;;;;;;;;90;;
SCM;19.11.1998 00:00;;;;;;;;;976.5;;;;;0.8;8.3;2.9;29.9;;;;;;;;;;;;;;;;90;;
SCM;20.11.1998 00:00;;;;;;;;;981.5;;;;;1.8;10.8;6.5;38.9;;;;;;;;;;;;;;;;55;;
SCM;21.11.1998 00:00;;;;;;;;;983.6;;;;;3.2;10.5;11.5;37.8;;;;;;;;;;;;;;;;65;;
SCM;22.11.1998 00:00;;;;;;;;;977.4;;;;;1.1;7.5;4;27;;;;;;;;;;;;;;;;84;;
SCM;23.11.1998 00:00;;;;;;;;;973;;;;;0.7;2.6;2.5;9.4;;;;;;;;;;;;;;;;81;;
SCM;24.11.1998 00:00;;;;;;;;;973.1;;;;;0.7;3.6;2.5;13;;;;;;;;;;;;;;;;90;;
SCM;25.11.1998 00:00;;;;;;;;;969.2;;;;;1;4.3;3.6;15.5;;;;;;;;;;;;;;;;117;;
SCM;26.11.1998 00:00;;;;;;;;;972.8;;;;;0.6;3.5;2.2;12.6;;;;;;;;;;;;;;;;90;;
SCM;27.11.1998 00:00;;;;;;;;;971.6;;;;;0.6;2.6;2.2;9.4;;;;;;;;;;;;;;;;79;;
SCM;28.11.1998 00:00;;;;;;;;;972;;;;;0.8;4.2;2.9;15.1;;;;;;;;;;;;;;;;90;;
SCM;29.11.1998 00:00;;;;;;;;;965.6;;;;;0.6;6.1;2.2;22;;;;;;;;;;;;;;;;79;;
SCM;30.11.1998 00:00;;;;;;;;;970.6;;;;;1.1;9.1;4;32.8;;;;;;;;;;;;;;;;40;;
SCM;01.12.1998 00:00;;;;;;;;;976.4;;;;;2.2;7.8;7.9;28.1;;;;;;;;;;;;;;;;55;;
SCM;02.12.1998 00:00;;;;;;;;;975.5;;;;;1.3;6.6;4.7;23.8;;;;;;;;;;;;;;;;61;;
SCM;03.12.1998 00:00;;;;;;;;;970.9;;;;;0.9;3.2;3.2;11.5;;;;;;;;;;;;;;;;79;;
SCM;04.12.1998 00:00;;;;;;;;;961.4;;;;;1;4.1;3.6;14.8;;;;;;;;;;;;;;;;18;;
SCM;05.12.1998 00:00;;;;;;;;;964.5;;;;;2.1;14.1;7.6;50.8;;;;;;;;;;;;;;;;286;;
SCM;06.12.1998 00:00;;;;;;;;;971.1;;;;;4.3;17.3;15.5;62.3;;;;;;;;;;;;;;;;278;;
SCM;07.12.1998 00:00;;;;;;;;;979.4;;;;;2.1;10.2;7.6;36.7;;;;;;;;;;;;;;;;298;;
SCM;08.12.1998 00:00;;;;;;;;;983.1;;;;;1;4.2;3.6;15.1;;;;;;;;;;;;;;;;69;;
SCM;09.12.1998 00:00;;;;;;;;;979.8;;;;;1.2;11.3;4.3;40.7;;;;;;;;;;;;;;;;90;;
SCM;10.12.1998 00:00;;;;;;;;;974.8;;;;;0.8;4.7;2.9;16.9;;;;;;;;;;;;;;;;72;;
SCM;11.12.1998 00:00;;;;;;;;;971.9;;;;;0.8;4.5;2.9;16.2;;;;;;;;;;;;;;;;72;;
SCM;12.12.1998 00:00;;;;;;;;;978.5;;;;;0.7;3.8;2.5;13.7;;;;;;;;;;;;;;;;45;;
SCM;13.12.1998 00:00;;;;;;;;;983.4;;;;;1.2;13.3;4.3;47.9;;;;;;;;;;;;;;;;342;;
SCM;14.12.1998 00:00;;;;;;;;;985.4;;;;;0.7;3.8;2.5;13.7;;;;;;;;;;;;;;;;79;;
SCM;15.12.1998 00:00;;;;;;;;;982.6;;;;;0.7;6.2;2.5;22.3;;;;;;;;;;;;;;;;90;;
SCM;16.12.1998 00:00;;;;;;;;;985;;;;;0.9;5.8;3.2;20.9;;;;;;;;;;;;;;;;45;;
SCM;17.12.1998 00:00;;;;;;;;;982;;;;;1.1;5.6;;20.2;;;;;;;;;;;;;;;;315;;
SCM;18.12.1998 00:00;;;;;;;;;977;;;;;0.8;4.3;2.9;15.5;;;;;;;;;;;;;;;;315;;
SCM;19.12.1998 00:00;;;;;;;;;970;;;;;2.5;15.2;9;54.7;;;;;;;;;;;;;;;;273;;
SCM;20.12.1998 00:00;;;;;;;;;960.3;;;;;1.1;4.3;4;15.5;;;;;;;;;;;;;;;;262;;
SCM;21.12.1998 00:00;;;;;;;;;970.6;;;;;1.5;5.5;5.4;19.8;;;;;;;;;;;;;;;;256;;
SCM;22.12.1998 00:00;;;;;;;;;979.2;;;;;0.7;5.3;2.5;19.1;;;;;;;;;;;;;;;;81;;
SCM;23.12.1998 00:00;;;;;;;;;976.2;;;;;1.5;7;5.4;25.2;;;;;;;;;;;;;;;;153;;
SCM;24.12.1998 00:00;;;;;;;;;975.7;;;;;0.8;4.8;2.9;17.3;;;;;;;;;;;;;;;;63;;
SCM;25.12.1998 00:00;;;;;;;;;981;;;;;0.6;4;2.2;14.4;;;;;;;;;;;;;;;;90;;
SCM;26.12.1998 00:00;;;;;;;;;976.5;;;;;1.1;6.8;4;24.5;;;;;;;;;;;;;;;;79;;
SCM;27.12.1998 00:00;;;;;;;;;968.6;;;;;0.8;5.7;2.9;20.5;;;;;;;;;;;;;;;;45;;
SCM;28.12.1998 00:00;;;;;;;;;969;;;;;0.8;5.7;2.9;20.5;;;;;;;;;;;;;;;;68;;
SCM;29.12.1998 00:00;;;;;;;;;968.8;;;;;1.2;11.8;4.3;42.5;;;;;;;;;;;;;;;;74;;
SCM;30.12.1998 00:00;;;;;;;;;968.6;;;;;0.5;2.5;1.8;9;;;;;;;;;;;;;;;;270;;
SCM;31.12.1998 00:00;;;;;;;;;965;;;;;1.8;6;6.5;21.6;;;;;;;;;;;;;;;;263;;
SCM;01.01.1999 00:00;;;;;;;;;965.1;;;;;1.1;7.2;4;25.9;;;;;;;;;;;;;;;;270;;
SCM;02.01.1999 00:00;;;;;;;;;965.4;;;;;0.8;4.5;2.9;16.2;;;;;;;;;;;;;;;;270;;
SCM;03.01.1999 00:00;;;;;;;;;966.3;;;;;2.2;14.3;7.9;51.5;;;;;;;;;;;;;;;;291;;
SCM;04.01.1999 00:00;;;;;;;;;973.1;;;;;2.5;13;9;46.8;;;;;;;;;;;;;;;;85;;
SCM;05.01.1999 00:00;;;;;;;;;974.9;;;;;1.1;9.7;4;34.9;;;;;;;;;;;;;;;;72;;
SCM;06.01.1999 00:00;;;;;;;;;973.4;;;;;0.5;3.5;1.8;12.6;;;;;;;;;;;;;;;;45;;
SCM;07.01.1999 00:00;;;;;;;;;967;;;;;0.8;5;2.9;18;;;;;;;;;;;;;;;;63;;
SCM;08.01.1999 00:00;;;;;;;;;960.2;;;;;2.3;14.8;8.3;53.3;;;;;;;;;;;;;;;;281;;
SCM;09.01.1999 00:00;;;;;;;;;959.9;;;;;0.8;8.5;2.9;30.6;;;;;;;;;;;;;;;;90;;
SCM;10.01.1999 00:00;;;;;;;;;957.3;;;;;0.8;6.3;2.9;22.7;;;;;;;;;;;;;;;;360;;
SCM;11.01.1999 00:00;;;;;;;;;956;;;;;0.9;7.5;3.2;27;;;;;;;;;;;;;;;;281;;
SCM;12.01.1999 00:00;;;;;;;;;967.5;;;;;1.9;11.3;6.8;40.7;;;;;;;;;;;;;;;;277;;
SCM;13.01.1999 00:00;;;;;;;;;964.2;;;;;0.8;5.5;2.9;19.8;;;;;;;;;;;;;;;;63;;
SCM;14.01.1999 00:00;;;;;;;;;966.9;;;;;1;7.7;3.6;27.7;;;;;;;;;;;;;;;;74;;
SCM;15.01.1999 00:00;;;;;;;;;971.4;;;;;1.1;6.7;4;24.1;;;;;;;;;;;;;;;;69;;
SCM;16.01.1999 00:00;;;;;;;;;967.4;;;;;1.3;12.7;4.7;45.7;;;;;;;;;;;;;;;;76;;
SCM;17.01.1999 00:00;;;;;;;;;967.2;;;;;1.6;15.2;5.8;54.7;;;;;;;;;;;;;;;;198;;
SCM;18.01.1999 00:00;;;;;;;;;975.1;;;;;0.9;8.3;3.2;29.9;;;;;;;;;;;;;;;;81;;
SCM;19.01.1999 00:00;;;;;;;;;976.9;;;;;0.6;3.2;2.2;11.5;;;;;;;;;;;;;;;;90;;
SCM;20.01.1999 00:00;;;;;;;;;976.7;;;;;0.5;3.1;1.8;11.2;;;;;;;;;;;;;;;;270;;
SCM;21.01.1999 00:00;;;;;;;;;976.8;;;;;0.6;2.6;2.2;9.4;;;;;;;;;;;;;;;;90;;
SCM;22.01.1999 00:00;;;;;;;;;976.9;;;;;0.7;2.7;2.5;9.7;;;;;;;;;;;;;;;;90;;
SCM;23.01.1999 00:00;;;;;;;;;976.2;;;;;0.8;2.7;2.5;9.7;;;;;;;;;;;;;;;;79;;
SCM;24.01.1999 00:00;;;;;;;;;978.3;;;;;0.8;4.1;2.9;14.8;;;;;;;;;;;;;;;;90;;
SCM;25.01.1999 00:00;;;;;;;;;978.7;;;;;0.8;3.7;2.9;13.3;;;;;;;;;;;;;;;;68;;
SCM;26.01.1999 00:00;;;;;;;;;968.3;;;;;1.3;7.3;4.7;26.3;;;;;;;;;;;;;;;;63;;
SCM;27.01.1999 00:00;;;;;;;;;962.8;;;;;2.9;15.8;10.4;56.9;;;;;;;;;;;;;;;;287;;
SCM;28.01.1999 00:00;;;;;;;;;961.9;;;;;2.1;12.5;7.6;45;;;;;;;;;;;;;;;;290;;
SCM;29.01.1999 00:00;;;;;;;;;972.6;;;;;1.7;10.3;6.1;37.1;;;;;;;;;;;;;;;;301;;
SCM;30.01.1999 00:00;;;;;;;;;984.3;;;;;0.7;5;2.5;18;;;;;;;;;;;;;;;;342;;
SCM;31.01.1999 00:00;;;;;;;;;985.2;;;;;1.6;8.3;5.8;29.9;;;;;;;;;;;;;;;;72;;
SCM;01.02.1999 00:00;;;;;;;;;985;;;;;1;4;3.6;14.4;;;;;;;;;;;;;;;;82;;
SCM;02.02.1999 00:00;;;;;;;;;986;;;;;0.8;10.8;2.9;38.9;;;;;;;;;;;;;;;;76;;
SCM;03.02.1999 00:00;;;;;;;;;987.6;;;;;0.8;4.7;2.9;16.9;;;;;;;;;;;;;;;;72;;
SCM;04.02.1999 00:00;;;;;;;;;982.6;;;;;0.5;4.5;1.8;16.2;;;;;;;;;;;;;;;;90;;
SCM;05.02.1999 00:00;;;;;;;;;969;;;;;4.4;17.3;15.8;62.3;;;;;;;;;;;;;;;;283;;
SCM;06.02.1999 00:00;;;;;;;;;964;;;;;3.6;14.5;13;52.2;;;;;;;;;;;;;;;;282;;
SCM;07.02.1999 00:00;;;;;;;;;955.6;;;;;2.3;15.2;8.3;54.7;;;;;;;;;;;;;;;;275;;
SCM;08.02.1999 00:00;;;;;;;;;959.4;;;;;5.1;16;18.4;57.6;;;;;;;;;;;;;;;;268;;
SCM;09.02.1999 00:00;;;;;;;;;949.5;;;;;3.9;18;14;64.8;;;;;;;;;;;;;;;;115;;
SCM;10.02.1999 00:00;;;;;;;;;959.1;;;;;0.8;3.1;2.9;11.2;;;;;;;;;;;;;;;;90;;
SCM;11.02.1999 00:00;;;;;;;;;966.1;;;;;1.2;5;4.3;18;;;;;;;;;;;;;;;;270;;
SCM;12.02.1999 00:00;;;;;;;;;975.2;;;;;1;3.7;3.6;13.3;;;;;;;;;;;;;;;;63;;
SCM;13.02.1999 00:00;;;;;;;;;978.9;;;;;1;4.5;3.6;16.2;;;;;;;;;;;;;;;;74;;
SCM;14.02.1999 00:00;;;;;;;;;979.5;;;;;0.8;4.6;2.9;16.6;;;;;;;;;;;;;;;;72;;
SCM;15.02.1999 00:00;;;;;;;;;977.2;;;;;0.9;3.5;3.2;12.6;;;;;;;;;;;;;;;;72;;
SCM;16.02.1999 00:00;;;;;;;;;969.3;;;;;1.1;5;4;18;;;;;;;;;;;;;;;;67;;
SCM;17.02.1999 00:00;;;;;;;;;965.6;;;;;3.7;15.8;13.3;56.9;;;;;;;;;;;;;;;;279;;
SCM;18.02.1999 00:00;;;;;;;;;969.6;;;;;1.4;10.3;5;37.1;;;;;;;;;;;;;;;;321;;
SCM;19.02.1999 00:00;;;;;;;;;973.9;;;;;0.9;3.6;3.2;13;;;;;;;;;;;;;;;;69;;
SCM;20.02.1999 00:00;;;;;;;;;970.8;;;;;0.8;3.5;2.9;12.6;;;;;;;;;;;;;;;;63;;
SCM;21.02.1999 00:00;;;;;;;;;963.7;;;;;1.2;12.2;4.3;43.9;;;;;;;;;;;;;;;;59;;
SCM;22.02.1999 00:00;;;;;;;;;955.2;;;;;5.7;20.7;20.5;74.5;;;;;;;;;;;;;;;;274;;
SCM;23.02.1999 00:00;;;;;;;;;962.7;;;;;6.9;18.3;24.8;65.9;;;;;;;;;;;;;;;;273;;
SCM;24.02.1999 00:00;;;;;;;;;963.9;;;;;1;9.1;3.6;32.8;;;;;;;;;;;;;;;;333;;
SCM;25.02.1999 00:00;;;;;;;;;970.8;;;;;1.3;5.8;4.7;20.9;;;;;;;;;;;;;;;;254;;
SCM;26.02.1999 00:00;;;;;;;;;972.1;;;;;0.7;5.8;2.5;20.9;;;;;;;;;;;;;;;;0;;
SCM;27.02.1999 00:00;;;;;;;;;968.7;;;;;0.6;3.8;2.2;13.7;;;;;;;;;;;;;;;;72;;
SCM;28.02.1999 00:00;;;;;;;;;975.2;;;;;1.1;7.7;4;27.7;;;;;;;;;;;;;;;;256;;
SCM;01.03.1999 00:00;;;;;;;;;975.8;;;;;0.7;3.7;2.5;13.3;;;;;;;;;;;;;;;;90;;
SCM;02.03.1999 00:00;;;;;;;;;970.4;;;;;1;3.7;3.6;13.3;;;;;;;;;;;;;;;;77;;
SCM;03.03.1999 00:00;;;;;;;;;956.2;;;;;1;4.2;3.6;15.1;;;;;;;;;;;;;;;;76;;
SCM;04.03.1999 00:00;;;;;;;;;947.3;;;;;1.7;9.2;6.1;33.1;;;;;;;;;;;;;;;;252;;
SCM;05.03.1999 00:00;;;;;;;;;949;;;;;1.1;10.1;4;36.4;;;;;;;;;;;;;;;;0;;
SCM;06.03.1999 00:00;;;;;;;;;954.5;;;;;1.3;10.2;4.7;36.7;;;;;;;;;;;;;;;;225;;
SCM;07.03.1999 00:00;;;;;;;;;960.2;;;;;0.7;4.1;2.5;14.8;;;;;;;;;;;;;;;;104;;
SCM;08.03.1999 00:00;;;;;;;;;961.4;;;;;4.5;21.6;16.2;77.8;;;;;;;;;;;;;;;;116;;
SCM;09.03.1999 00:00;;;;;;;;;960;;;;;3.4;17.3;12.2;62.3;;;;;;;;;;;;;;;;122;;
SCM;10.03.1999 00:00;;;;;;;;;963.8;;;;;3.1;18.7;11.2;67.3;;;;;;;;;;;;;;;;100;;
SCM;11.03.1999 00:00;;;;;;;;;967.1;;;;;1;5.6;3.6;20.2;;;;;;;;;;;;;;;;262;;
SCM;12.03.1999 00:00;;;;;;;;;967.9;;;;;0.8;4.5;2.9;16.2;;;;;;;;;;;;;;;;259;;
SCM;13.03.1999 00:00;;;;;;;;;969.4;;;;;0.8;6.7;2.9;24.1;;;;;;;;;;;;;;;;270;;
SCM;14.03.1999 00:00;;;;;;;;;973.2;;;;;1.2;9.8;4.3;35.3;;;;;;;;;;;;;;;;90;;
SCM;15.03.1999 00:00;;;;;;;;;976.7;;;;;1.1;9.2;4;33.1;;;;;;;;;;;;;;;;342;;
SCM;16.03.1999 00:00;;;;;;;;;976.7;;;;;1.2;7.7;4.3;27.7;;;;;;;;;;;;;;;;45;;
SCM;17.03.1999 00:00;;;;;;;;;976.2;;;;;2.1;13.7;7.6;49.3;;;;;;;;;;;;;;;;60;;
SCM;18.03.1999 00:00;;;;;;;;;972.2;;;;;1;4.7;3.6;16.9;;;;;;;;;;;;;;;;252;;
SCM;19.03.1999 00:00;;;;;;;;;971.9;;;;;1.1;5.6;4;20.2;;;;;;;;;;;;;;;;270;;
SCM;20.03.1999 00:00;;;;;;;;;975.8;;;;;0.9;7.1;3.2;25.6;;;;;;;;;;;;;;;;270;;
SCM;21.03.1999 00:00;;;;;;;;;966.8;;;;;1.1;9.1;4;32.8;;;;;;;;;;;;;;;;153;;
SCM;22.03.1999 00:00;;;;;;;;;961;;;;;2.1;15.7;7.6;56.5;;;;;;;;;;;;;;;;278;;
SCM;23.03.1999 00:00;;;;;;;;;969.1;;;;;1.4;8.8;5;31.7;;;;;;;;;;;;;;;;45;;
SCM;24.03.1999 00:00;;;;;;;;;966.4;;;;;1.5;10;5.4;36;;;;;;;;;;;;;;;;96;;
SCM;25.03.1999 00:00;;;;;;;;;957.9;;;;;4.8;18.1;17.3;65.2;;;;;;;;;;;;;;;;122;;
SCM;26.03.1999 00:00;;;;;;;;;954.9;;;;;1.9;16.8;6.8;60.5;;;;;;;;;;;;;;;;188;;
SCM;27.03.1999 00:00;;;;;;;;;953.5;;;;;2.1;8.7;7.6;31.3;;;;;;;;;;;;;;;;257;;
SCM;28.03.1999 00:00;;;;;;;;;963.3;;;;;1.4;5.3;5;19.1;;;;;;;;;;;;;;;;252;;
SCM;29.03.1999 00:00;;;;;;;;;971.2;;;;;0.7;2.7;2.5;9.7;;;;;;;;;;;;;;;;262;;
SCM;30.03.1999 00:00;;;;;;;;;971.5;;;;;1;5;3.6;18;;;;;;;;;;;;;;;;256;;
SCM;31.03.1999 00:00;;;;;;;;;970.5;;;;;1.1;5.2;4;18.7;;;;;;;;;;;;;;;;249;;
SCM;01.04.1999 00:00;;;;;;;;;967.5;;;;;1;6.6;3.6;23.8;;;;;;;;;;;;;;;;270;;
SCM;02.04.1999 00:00;;;;;;;;;969.2;;;;;1.7;11.5;6.1;41.4;;;;;;;;;;;;;;;;180;;
SCM;03.04.1999 00:00;;;;;;;;;974;;;;;1;5.1;3.6;18.4;;;;;;;;;;;;;;;;248;;
SCM;04.04.1999 00:00;;;;;;;;;977.8;;;;;0.7;3.5;2.5;12.6;;;;;;;;;;;;;;;;90;;
SCM;05.04.1999 00:00;;;;;;;;;980.3;;;;;0.9;4.6;3.2;16.6;;;;;;;;;;;;;;;;259;;
SCM;06.04.1999 00:00;;;;;;;;;976.5;;;;;1.2;8.5;4.3;30.6;;;;;;;;;;;;;;;;90;;
SCM;07.04.1999 00:00;;;;;;;;;969.5;;;;;1.3;10.3;4.7;37.1;;;;;;;;;;;;;;;;270;;
SCM;08.04.1999 00:00;;;;;;;;;971.5;;;;;0.8;4.1;2.9;14.8;;;;;;;;;;;;;;;;180;;
SCM;09.04.1999 00:00;;;;;;;;;974.6;;;;;0.9;4.8;3.2;17.3;;;;;;;;;;;;;;;;180;;
SCM;10.04.1999 00:00;;;;;;;;;971.4;;;;;1.2;5.3;4.3;19.1;;;;;;;;;;;;;;;;243;;
SCM;11.04.1999 00:00;;;;;;;;;970.5;;;;;1.5;13.2;5.4;47.5;;;;;;;;;;;;;;;;262;;
SCM;12.04.1999 00:00;;;;;;;;;960;;;;;1.4;9.7;5;34.9;;;;;;;;;;;;;;;;256;;
SCM;13.04.1999 00:00;;;;;;;;;956.5;;;;;2.8;16;10.1;57.6;;;;;;;;;;;;;;;;278;;
SCM;14.04.1999 00:00;;;;;;;;;954.1;;;;;1.8;13.1;6.5;47.2;;;;;;;;;;;;;;;;247;;
SCM;15.04.1999 00:00;;;;;;;;;958.4;;;;;1.7;11.7;6.1;42.1;;;;;;;;;;;;;;;;261;;
SCM;16.04.1999 00:00;;;;;;;;;959.4;;;;;0.5;2.1;1.8;7.6;;;;;;;;;;;;;;;;90;;
SCM;17.04.1999 00:00;;;;;;;;;958.6;;;;;0.9;5.6;3.2;20.2;;;;;;;;;;;;;;;;270;;
SCM;18.04.1999 00:00;;;;;;;;;966.3;;;;;1.7;16;6.1;57.6;;;;;;;;;;;;;;;;277;;
SCM;19.04.1999 00:00;;;;;;;;;970.2;;;;;2;14.7;7.2;52.9;;;;;;;;;;;;;;;;263;;
SCM;20.04.1999 00:00;;;;;;;;;966.1;;;;;2.9;10.6;10.4;38.2;;;;;;;;;;;;;;;;94;;
SCM;21.04.1999 00:00;;;;;;;;;962.6;;;;;1.1;6.5;4;23.4;;;;;;;;;;;;;;;;90;;
SCM;22.04.1999 00:00;;;;;;;;;967;;;;;1.8;10.6;6.5;38.2;;;;;;;;;;;;;;;;225;;
SCM;23.04.1999 00:00;;;;;;;;;966;;;;;1.5;14.7;5.4;52.9;;;;;;;;;;;;;;;;262;;
SCM;24.04.1999 00:00;;;;;;;;;968.8;;;;;0.7;5.2;2.5;18.7;;;;;;;;;;;;;;;;236;;
SCM;25.04.1999 00:00;;;;;;;;;966.8;;;;;1.8;6.2;6.5;22.3;;;;;;;;;;;;;;;;243;;
SCM;26.04.1999 00:00;;;;;;;;;963.4;;;;;1;5.8;3.6;20.9;;;;;;;;;;;;;;;;262;;
SCM;27.04.1999 00:00;;;;;;;;;965.2;;;;;1.4;8.7;5;31.3;;;;;;;;;;;;;;;;243;;
SCM;28.04.1999 00:00;;;;;;;;;967.9;;;;;1.8;7.7;6.5;27.7;;;;;;;;;;;;;;;;73;;
SCM;29.04.1999 00:00;;;;;;;;;962.9;;;;;1.7;9;6.1;32.4;;;;;;;;;;;;;;;;265;;
SCM;30.04.1999 00:00;;;;;;;;;968.1;;;;;0.9;8.5;3.2;30.6;;;;;;;;;;;;;;;;259;;
SCM;01.05.1999 00:00;;;;;;;;;969.7;;;;;1.1;7;4;25.2;;;;;;;;;;;;;;;;76;;
SCM;02.05.1999 00:00;;;;;;;;;969.4;;;;;1.2;8.6;4.3;31;;;;;;;;;;;;;;;;297;;
SCM;03.05.1999 00:00;;;;;;;;;966.9;;;;;1.7;9.3;6.1;33.5;;;;;;;;;;;;;;;;333;;
SCM;04.05.1999 00:00;;;;;;;;;958.1;;;;;1.3;8.7;4.7;31.3;;;;;;;;;;;;;;;;259;;
SCM;05.05.1999 00:00;;;;;;;;;963.2;;;;;1.2;7.1;4.3;25.6;;;;;;;;;;;;;;;;96;;
SCM;06.05.1999 00:00;;;;;;;;;969;;;;;1.3;7.1;4.7;25.6;;;;;;;;;;;;;;;;108;;
SCM;07.05.1999 00:00;;;;;;;;;965.7;;;;;1.5;12.5;5.4;45;;;;;;;;;;;;;;;;261;;
SCM;08.05.1999 00:00;;;;;;;;;967.8;;;;;0.7;7.6;2.5;27.4;;;;;;;;;;;;;;;;90;;
SCM;09.05.1999 00:00;;;;;;;;;970.6;;;;;1.5;6.6;5.4;23.8;;;;;;;;;;;;;;;;243;;
SCM;10.05.1999 00:00;;;;;;;;;969.4;;;;;1.7;10.2;6.1;36.7;;;;;;;;;;;;;;;;261;;
SCM;11.05.1999 00:00;;;;;;;;;968.9;;;;;1.1;7;4;25.2;;;;;;;;;;;;;;;;99;;
SCM;12.05.1999 00:00;;;;;;;;;966.3;;;;;1;6;3.6;21.6;;;;;;;;;;;;;;;;0;;
SCM;13.05.1999 00:00;;;;;;;;;966.5;;;;;0.9;6.7;3.2;24.1;;;;;;;;;;;;;;;;225;;
SCM;14.05.1999 00:00;;;;;;;;;964.4;;;;;1.2;9.3;4.3;33.5;;;;;;;;;;;;;;;;247;;
SCM;15.05.1999 00:00;;;;;;;;;965.1;;;;;0.5;6.5;1.8;23.4;;;;;;;;;;;;;;;;135;;
SCM;16.05.1999 00:00;;;;;;;;;966.7;;;;;1.6;8.3;5.8;29.9;;;;;;;;;;;;;;;;270;;
SCM;17.05.1999 00:00;;;;;;;;;962.7;;;;;1.6;6.6;5.8;23.8;;;;;;;;;;;;;;;;250;;
SCM;18.05.1999 00:00;;;;;;;;;963.3;;;;;1.7;7.5;6.1;27;;;;;;;;;;;;;;;;253;;
SCM;19.05.1999 00:00;;;;;;;;;964.7;;;;;1.9;12.1;6.8;43.6;;;;;;;;;;;;;;;;260;;
SCM;20.05.1999 00:00;;;;;;;;;964.7;;;;;1.2;11.8;4.3;42.5;;;;;;;;;;;;;;;;261;;
SCM;21.05.1999 00:00;;;;;;;;;966.2;;;;;1;5.6;3.6;20.2;;;;;;;;;;;;;;;;270;;
SCM;22.05.1999 00:00;;;;;;;;;971.5;;;;;1;8.1;3.6;29.2;;;;;;;;;;;;;;;;270;;
SCM;23.05.1999 00:00;;;;;;;;;975.4;;;;;1.2;5.6;4.3;20.2;;;;;;;;;;;;;;;;249;;
SCM;24.05.1999 00:00;;;;;;;;;972.9;;;;;1.2;5.6;4.3;20.2;;;;;;;;;;;;;;;;259;;
SCM;25.05.1999 00:00;;;;;;;;;970.7;;;;;1.5;7.6;5.4;27.4;;;;;;;;;;;;;;;;225;;
SCM;26.05.1999 00:00;;;;;;;;;970.5;;;;;1.5;6.8;5.4;24.5;;;;;;;;;;;;;;;;248;;
SCM;27.05.1999 00:00;;;;;;;;;970;;;;;1.1;6.5;4;23.4;;;;;;;;;;;;;;;;270;;
SCM;28.05.1999 00:00;;;;;;;;;974.6;;;;;1.6;10.8;5.8;38.9;;;;;;;;;;;;;;;;124;;
SCM;29.05.1999 00:00;;;;;;;;;971.4;;;;;2;10;7.2;36;;;;;;;;;;;;;;;;83;;
SCM;30.05.1999 00:00;;;;;;;;;969.1;;;;;1.3;8.6;4.7;31;;;;;;;;;;;;;;;;135;;
SCM;31.05.1999 00:00;;;;;;;;;971.9;;;;;1.6;12;5.8;43.2;;;;;;;;;;;;;;;;90;;
SCM;01.06.1999 00:00;;;;;;;;;970.7;;;;;2;9.8;7.2;35.3;;;;;;;;;;;;;;;;108;;
SCM;02.06.1999 00:00;;;;;;;;;967.8;;;;;3.2;23.3;11.9;83.9;;;;;;;;;;;;;;;;236;;
SCM;03.06.1999 00:00;;;;;;;;;968;;;;;2.4;10.6;9;38.2;;;;;;;;;;;;;;;;228;;
SCM;04.06.1999 00:00;;;;;;;;;968;;;;;1.1;6.6;4;23.8;;;;;;;;;;;;;;;;90;;
SCM;05.06.1999 00:00;;;;;;;;;963.3;;;;;2.8;10.5;10.1;37.8;;;;;;;;;;;;;;;;261;;
SCM;06.06.1999 00:00;;;;;;;;;966.6;;;;;1.5;8.1;5.4;29.2;;;;;;;;;;;;;;;;180;;
SCM;07.06.1999 00:00;;;;;;;;;968.9;;;;;2.3;9.1;;32.8;;;;;;;;;;;;;;;;108;;
SCM;08.06.1999 00:00;;;;;;;;;975;;;;;1.8;8;6.5;28.8;;;;;;;;;;;;;;;;153;;
SCM;09.06.1999 00:00;;;;;;;;;976.6;;;;;1.1;6.2;4;22.3;;;;;;;;;;;;;;;;270;;
SCM;10.06.1999 00:00;;;;;;;;;974.6;;;;;1.4;5.2;5;18.7;;;;;;;;;;;;;;;;247;;
SCM;11.06.1999 00:00;;;;;;;;;973.8;;;;;1;6.1;3.6;22;;;;;;;;;;;;;;;;270;;
SCM;12.06.1999 00:00;;;;;;;;;972.6;;;;;1.6;5.6;5.8;20.2;;;;;;;;;;;;;;;;253;;
SCM;13.06.1999 00:00;;;;;;;;;970.9;;;;;1.6;13.8;5.8;49.7;;;;;;;;;;;;;;;;270;;
SCM;14.06.1999 00:00;;;;;;;;;971.3;;;;;1.6;8.5;5.8;30.6;;;;;;;;;;;;;;;;233;;
SCM;15.06.1999 00:00;;;;;;;;;973.7;;;;;0.9;4.2;3.2;15.1;;;;;;;;;;;;;;;;254;;
SCM;16.06.1999 00:00;;;;;;;;;973;;;;;1.1;4.7;4;16.9;;;;;;;;;;;;;;;;263;;
SCM;17.06.1999 00:00;;;;;;;;;971.5;;;;;0.9;4.8;3.2;17.3;;;;;;;;;;;;;;;;117;;
SCM;18.06.1999 00:00;;;;;;;;;971.3;;;;;0.6;4.5;2.2;16.2;;;;;;;;;;;;;;;;0;;
SCM;19.06.1999 00:00;;;;;;;;;972.6;;;;;1.4;9.3;5;33.5;;;;;;;;;;;;;;;;90;;
SCM;20.06.1999 00:00;;;;;;;;;969.2;;;;;1.5;6.8;5.4;24.5;;;;;;;;;;;;;;;;248;;
SCM;21.06.1999 00:00;;;;;;;;;966.6;;;;;1.4;12.6;5;45.4;;;;;;;;;;;;;;;;270;;
SCM;22.06.1999 00:00;;;;;;;;;973.9;;;;;1.6;7.3;5.8;26.3;;;;;;;;;;;;;;;;77;;
SCM;23.06.1999 00:00;;;;;;;;;973.3;;;;;1.8;9.6;6.5;34.6;;;;;;;;;;;;;;;;261;;
SCM;24.06.1999 00:00;;;;;;;;;974;;;;;1.1;6.2;4;22.3;;;;;;;;;;;;;;;;270;;
SCM;25.06.1999 00:00;;;;;;;;;970.7;;;;;0.9;6.6;3.2;23.8;;;;;;;;;;;;;;;;243;;
SCM;26.06.1999 00:00;;;;;;;;;965.3;;;;;1.6;8.5;5.8;30.6;;;;;;;;;;;;;;;;45;;
SCM;27.06.1999 00:00;;;;;;;;;963.5;;;;;2.3;18.2;8.3;65.5;;;;;;;;;;;;;;;;117;;
SCM;28.06.1999 00:00;;;;;;;;;970.4;;;;;1.2;8.2;4.3;29.5;;;;;;;;;;;;;;;;106;;
SCM;29.06.1999 00:00;;;;;;;;;972.8;;;;;0.8;3.6;2.9;13;;;;;;;;;;;;;;;;252;;
SCM;30.06.1999 00:00;;;;;;;;;973.7;;;;;1.1;8;4;28.8;;;;;;;;;;;;;;;;90;;
SCM;01.07.1999 00:00;;;;;;;;;972.6;;;;;0.9;6;3.2;21.6;;;;;;;;;;;;;;;;256;;
SCM;02.07.1999 00:00;;;;;;;;;969.3;;;;;0.9;4.3;3.2;15.5;;;;;;;;;;;;;;;;270;;
SCM;03.07.1999 00:00;;;;;;;;;966;;;;;1.6;10.5;5.8;37.8;;;;;;;;;;;;;;;;90;;
SCM;04.07.1999 00:00;;;;;;;;;963.1;;;;;1;5.6;3.6;20.2;;;;;;;;;;;;;;;;0;;
SCM;05.07.1999 00:00;;;;;;;;;961.9;;;;;3.3;15.1;11.9;54.4;;;;;;;;;;;;;;;;231;;
SCM;06.07.1999 00:00;;;;;;;;;968.6;;;;;1.2;7;4.3;25.2;;;;;;;;;;;;;;;;104;;
SCM;07.07.1999 00:00;;;;;;;;;975.3;;;;;0.6;3.1;2.2;11.2;;;;;;;;;;;;;;;;108;;
SCM;08.07.1999 00:00;;;;;;;;;977.2;;;;;0.7;5.1;2.5;18.4;;;;;;;;;;;;;;;;180;;
SCM;09.07.1999 00:00;;;;;;;;;973;;;;;3;12.3;10.8;44.3;;;;;;;;;;;;;;;;69;;
SCM;10.07.1999 00:00;;;;;;;;;966.9;;;;;1.2;6.7;4.3;24.1;;;;;;;;;;;;;;;;261;;
SCM;11.07.1999 00:00;;;;;;;;;966.4;;;;;0.9;4.6;3.2;16.6;;;;;;;;;;;;;;;;236;;
SCM;12.07.1999 00:00;;;;;;;;;965.9;;;;;1.3;7.7;4.7;27.7;;;;;;;;;;;;;;;;90;;
SCM;13.07.1999 00:00;;;;;;;;;962.7;;;;;1.6;20.5;5.8;73.8;;;;;;;;;;;;;;;;45;;
SCM;14.07.1999 00:00;;;;;;;;;964.7;;;;;0.9;8.3;3.2;29.9;;;;;;;;;;;;;;;;225;;
SCM;15.07.1999 00:00;;;;;;;;;968.9;;;;;0.7;3.6;2.5;13;;;;;;;;;;;;;;;;135;;
SCM;16.07.1999 00:00;;;;;;;;;971.9;;;;;0.8;3.6;2.9;13;;;;;;;;;;;;;;;;236;;
SCM;17.07.1999 00:00;;;;;;;;;971.1;;;;;1.2;6.7;4.3;24.1;;;;;;;;;;;;;;;;261;;
SCM;18.07.1999 00:00;;;;;;;;;969.2;;;;;1.2;8.5;4.3;30.6;;;;;;;;;;;;;;;;90;;
SCM;19.07.1999 00:00;;;;;;;;;969.1;;;;;1.4;8;5;28.8;;;;;;;;;;;;;;;;90;;
SCM;20.07.1999 00:00;;;;;;;;;969.5;;;;;1;5.5;3.6;19.8;;;;;;;;;;;;;;;;180;;
SCM;21.07.1999 00:00;;;;;;;;;969.7;;;;;1.2;9;4.3;32.4;;;;;;;;;;;;;;;;270;;
SCM;22.07.1999 00:00;;;;;;;;;970.3;;;;;1;8.7;3.6;31.3;;;;;;;;;;;;;;;;270;;
SCM;23.07.1999 00:00;;;;;;;;;974;;;;;0.7;3.3;2.5;11.9;;;;;;;;;;;;;;;;135;;
SCM;24.07.1999 00:00;;;;;;;;;973.7;;;;;1.9;9.1;6.8;32.8;;;;;;;;;;;;;;;;75;;
SCM;25.07.1999 00:00;;;;;;;;;969.9;;;;;1.5;7;5.4;25.2;;;;;;;;;;;;;;;;263;;
SCM;26.07.1999 00:00;;;;;;;;;968.6;;;;;1;5.8;3.6;20.9;;;;;;;;;;;;;;;;270;;
SCM;27.07.1999 00:00;;;;;;;;;967.3;;;;;1;6.6;3.6;23.8;;;;;;;;;;;;;;;;270;;
SCM;28.07.1999 00:00;;;;;;;;;967.1;;;;;0.9;8.5;3.2;30.6;;;;;;;;;;;;;;;;90;;
SCM;29.07.1999 00:00;;;;;;;;;967.5;;;;;1.2;7.7;4.3;27.7;;;;;;;;;;;;;;;;225;;
SCM;30.07.1999 00:00;;;;;;;;;966.5;;;;;1.1;5.3;4;19.1;;;;;;;;;;;;;;;;256;;
SCM;31.07.1999 00:00;;;;;;;;;965.8;;;;;1.2;6.3;4.3;22.7;;;;;;;;;;;;;;;;243;;
SCM;01.08.1999 00:00;;;;;;;;;967.3;;;;;1.7;8.7;6.1;31.3;;;;;;;;;;;;;;;;153;;
SCM;02.08.1999 00:00;;;;;;;;;967.4;;;;;1.3;7.7;4.7;27.7;;;;;;;;;;;;;;;;81;;
SCM;03.08.1999 00:00;;;;;;;;;966.8;;;;;1.1;6;4;21.6;;;;;;;;;;;;;;;;108;;
SCM;04.08.1999 00:00;;;;;;;;;965.2;;;;;1.3;9.7;4.7;34.9;;;;;;;;;;;;;;;;256;;
SCM;05.08.1999 00:00;;;;;;;;;966.6;;;;;1.3;8;4.7;28.8;;;;;;;;;;;;;;;;225;;
SCM;06.08.1999 00:00;;;;;;;;;964.1;;;;;2.1;28.5;7.6;102.6;;;;;;;;;;;;;;;;0;;
SCM;07.08.1999 00:00;;;;;;;;;961.4;;;;;1.6;10.1;5.8;36.4;;;;;;;;;;;;;;;;117;;
SCM;08.08.1999 00:00;;;;;;;;;956.9;;;;;2;13;7.2;46.8;;;;;;;;;;;;;;;;101;;
SCM;09.08.1999 00:00;;;;;;;;;961;;;;;1.5;7.1;5.4;25.6;;;;;;;;;;;;;;;;153;;
SCM;10.08.1999 00:00;;;;;;;;;966.1;;;;;1.3;8.8;4.7;31.7;;;;;;;;;;;;;;;;96;;
SCM;11.08.1999 00:00;;;;;;;;;970.7;;;;;1;18;3.6;64.8;;;;;;;;;;;;;;;;108;;
SCM;12.08.1999 00:00;;;;;;;;;968.2;;;;;1.2;6.3;4.3;22.7;;;;;;;;;;;;;;;;262;;
SCM;13.08.1999 00:00;;;;;;;;;968.2;;;;;1;4.6;3.6;16.6;;;;;;;;;;;;;;;;233;;
SCM;14.08.1999 00:00;;;;;;;;;964.5;;;;;1.3;7.3;4.7;26.3;;;;;;;;;;;;;;;;104;;
SCM;15.08.1999 00:00;;;;;;;;;964.7;;;;;0.8;5.5;2.9;19.8;;;;;;;;;;;;;;;;180;;
SCM;16.08.1999 00:00;;;;;;;;;963.3;;;;;0.9;11.5;3.2;41.4;;;;;;;;;;;;;;;;104;;
SCM;17.08.1999 00:00;;;;;;;;;963.6;;;;;1;4;3.6;14.4;;;;;;;;;;;;;;;;153;;
SCM;18.08.1999 00:00;;;;;;;;;962.1;;;;;1.1;5.7;4;20.5;;;;;;;;;;;;;;;;90;;
SCM;19.08.1999 00:00;;;;;;;;;968.5;;;;;0.9;5.5;3.2;19.8;;;;;;;;;;;;;;;;231;;
SCM;20.08.1999 00:00;;;;;;;;;972.4;;;;;1.1;5.5;4;19.8;;;;;;;;;;;;;;;;108;;
SCM;21.08.1999 00:00;;;;;;;;;971.8;;;;;1;4.5;3.6;16.2;;;;;;;;;;;;;;;;252;;
SCM;22.08.1999 00:00;;;;;;;;;970.7;;;;;1.2;7;4.3;25.2;;;;;;;;;;;;;;;;262;;
SCM;23.08.1999 00:00;;;;;;;;;970.4;;;;;0.8;6.1;2.9;22;;;;;;;;;;;;;;;;180;;
SCM;24.08.1999 00:00;;;;;;;;;970.9;;;;;2.2;9.5;7.9;34.2;;;;;;;;;;;;;;;;90;;
SCM;25.08.1999 00:00;;;;;;;;;969.6;;;;;1.2;7.6;4.3;27.4;;;;;;;;;;;;;;;;270;;
SCM;26.08.1999 00:00;;;;;;;;;970;;;;;1.1;6.2;4;22.3;;;;;;;;;;;;;;;;90;;
SCM;27.08.1999 00:00;;;;;;;;;971.5;;;;;1.1;6.1;4;22;;;;;;;;;;;;;;;;90;;
SCM;28.08.1999 00:00;;;;;;;;;972.5;;;;;1;6.3;3.6;22.7;;;;;;;;;;;;;;;;90;;
SCM;29.08.1999 00:00;;;;;;;;;970.2;;;;;1.1;6.5;4;23.4;;;;;;;;;;;;;;;;72;;
SCM;30.08.1999 00:00;;;;;;;;;969.7;;;;;1.1;6;4;21.6;;;;;;;;;;;;;;;;252;;
SCM;31.08.1999 00:00;;;;;;;;;969.6;;;;;1.1;4.7;4;16.9;;;;;;;;;;;;;;;;239;;
SCM;01.09.1999 00:00;;;;;;;;;972.4;;;;;1.2;8;4.3;28.8;;;;;;;;;;;;;;;;90;;
SCM;02.09.1999 00:00;;;;;;;;;971.9;;;;;2.5;12;9;43.2;;;;;;;;;;;;;;;;69;;
SCM;03.09.1999 00:00;;;;;;;;;967.5;;;;;1.9;8.3;6.8;29.9;;;;;;;;;;;;;;;;236;;
SCM;04.09.1999 00:00;;;;;;;;;969.5;;;;;1.6;7.1;5.8;25.6;;;;;;;;;;;;;;;;219;;
SCM;05.09.1999 00:00;;;;;;;;;968.6;;;;;1.2;8.5;4.3;30.6;;;;;;;;;;;;;;;;90;;
SCM;06.09.1999 00:00;;;;;;;;;967.7;;;;;1.3;12.7;4.7;45.7;;;;;;;;;;;;;;;;0;;
SCM;07.09.1999 00:00;;;;;;;;;969.9;;;;;1.1;6;4;21.6;;;;;;;;;;;;;;;;180;;
SCM;08.09.1999 00:00;;;;;;;;;972.1;;;;;1.2;8.3;4.3;29.9;;;;;;;;;;;;;;;;63;;
SCM;09.09.1999 00:00;;;;;;;;;974.8;;;;;0.8;3.8;2.9;13.7;;;;;;;;;;;;;;;;225;;
SCM;10.09.1999 00:00;;;;;;;;;976.1;;;;;0.8;6.7;2.9;24.1;;;;;;;;;;;;;;;;90;;
SCM;11.09.1999 00:00;;;;;;;;;973.2;;;;;0.7;4.7;2.5;16.9;;;;;;;;;;;;;;;;0;;
SCM;12.09.1999 00:00;;;;;;;;;969.5;;;;;1;6.3;3.6;22.7;;;;;;;;;;;;;;;;72;;
SCM;13.09.1999 00:00;;;;;;;;;964.6;;;;;0.8;5.3;2.9;19.1;;;;;;;;;;;;;;;;0;;
SCM;14.09.1999 00:00;;;;;;;;;965.6;;;;;0.9;4;3.2;14.4;;;;;;;;;;;;;;;;180;;
SCM;15.09.1999 00:00;;;;;;;;;964.2;;;;;0.7;3.5;2.5;12.6;;;;;;;;;;;;;;;;225;;
SCM;16.09.1999 00:00;;;;;;;;;965.6;;;;;1.5;5.5;5.4;19.8;;;;;;;;;;;;;;;;270;;
SCM;17.09.1999 00:00;;;;;;;;;963.4;;;;;1.8;8.2;6.5;29.5;;;;;;;;;;;;;;;;246;;
SCM;18.09.1999 00:00;;;;;;;;;962;;;;;0.8;3.5;2.9;12.6;;;;;;;;;;;;;;;;252;;
SCM;19.09.1999 00:00;;;;;;;;;954;;;;;3.6;17.7;13;63.7;;;;;;;;;;;;;;;;119;;
SCM;20.09.1999 00:00;;;;;;;;;953.1;;;;;1.8;11.2;6.5;40.3;;;;;;;;;;;;;;;;256;;
SCM;21.09.1999 00:00;;;;;;;;;960.7;;;;;2.3;12.2;8.3;43.9;;;;;;;;;;;;;;;;98;;
SCM;22.09.1999 00:00;;;;;;;;;965;;;;;2.6;11;9.4;39.6;;;;;;;;;;;;;;;;107;;
SCM;23.09.1999 00:00;;;;;;;;;968.4;;;;;1.6;12.5;5.8;45;;;;;;;;;;;;;;;;236;;
SCM;24.09.1999 00:00;;;;;;;;;972;;;;;1.5;10.8;5.4;38.9;;;;;;;;;;;;;;;;97;;
SCM;25.09.1999 00:00;;;;;;;;;967.2;;;;;1.3;11.8;4.7;42.5;;;;;;;;;;;;;;;;90;;
SCM;26.09.1999 00:00;;;;;;;;;964.7;;;;;1.2;6.5;4.3;23.4;;;;;;;;;;;;;;;;79;;
SCM;27.09.1999 00:00;;;;;;;;;964.3;;;;;1.4;;5;;;;;;;;;;;;;;;;;90;;
SCM;29.09.1999 00:00;;;;;;;;;964.9;;;;;1.6;12.1;5.8;43.6;;;;;;;;;;;;;;;;84;;
SCM;30.09.1999 00:00;;;;;;;;;957.8;;;;;1.3;14.6;4.7;52.6;;;;;;;;;;;;;;;;63;;
SCM;01.10.1999 00:00;;;;;;;;;965.7;;;;;1.4;9.8;5;35.3;;;;;;;;;;;;;;;;270;;
SCM;02.10.1999 00:00;;;;;;;;;962.2;;;;;1;5.6;3.6;20.2;;;;;;;;;;;;;;;;117;;
SCM;03.10.1999 00:00;;;;;;;;;963.1;;;;;1.8;10.2;6.5;36.7;;;;;;;;;;;;;;;;45;;
SCM;04.10.1999 00:00;;;;;;;;;967.9;;;;;1.2;9;4.3;32.4;;;;;;;;;;;;;;;;90;;
SCM;05.10.1999 00:00;;;;;;;;;974;;;;;1;5.6;3.6;20.2;;;;;;;;;;;;;;;;360;;
SCM;06.10.1999 00:00;;;;;;;;;977.8;;;;;1;5.3;3.6;19.1;;;;;;;;;;;;;;;;90;;
SCM;07.10.1999 00:00;;;;;;;;;979.9;;;;;0.9;4;3.2;14.4;;;;;;;;;;;;;;;;180;;
SCM;08.10.1999 00:00;;;;;;;;;979.9;;;;;0.9;4.5;3.2;16.2;;;;;;;;;;;;;;;;153;;
SCM;09.10.1999 00:00;;;;;;;;;979;;;;;0.6;5.5;2.2;19.8;;;;;;;;;;;;;;;;90;;
SCM;10.10.1999 00:00;;;;;;;;;978.7;;;;;0.6;3.5;2.2;12.6;;;;;;;;;;;;;;;;0;;
SCM;11.10.1999 00:00;;;;;;;;;978.9;;;;;1.3;7.2;4.7;25.9;;;;;;;;;;;;;;;;239;;
SCM;12.10.1999 00:00;;;;;;;;;978.5;;;;;0.8;5.3;2.9;19.1;;;;;;;;;;;;;;;;207;;
SCM;13.10.1999 00:00;;;;;;;;;977.9;;;;;0.6;3;2.2;10.8;;;;;;;;;;;;;;;;270;;
SCM;14.10.1999 00:00;;;;;;;;;976.2;;;;;1;5.3;3.6;19.1;;;;;;;;;;;;;;;;233;;
SCM;15.10.1999 00:00;;;;;;;;;972.7;;;;;0.7;4.3;2.5;15.5;;;;;;;;;;;;;;;;252;;
SCM;16.10.1999 00:00;;;;;;;;;971.7;;;;;0.8;5.2;2.9;18.7;;;;;;;;;;;;;;;;248;;
SCM;17.10.1999 00:00;;;;;;;;;970.4;;;;;1.3;4.8;4.7;17.3;;;;;;;;;;;;;;;;260;;
SCM;18.10.1999 00:00;;;;;;;;;965.9;;;;;1.3;8.5;4.7;30.6;;;;;;;;;;;;;;;;51;;
SCM;19.10.1999 00:00;;;;;;;;;963;;;;;0.9;4.6;3.2;16.6;;;;;;;;;;;;;;;;252;;
SCM;20.10.1999 00:00;;;;;;;;;959.9;;;;;1.5;7.7;5.4;27.7;;;;;;;;;;;;;;;;256;;
SCM;21.10.1999 00:00;;;;;;;;;955.1;;;;;1.3;9.8;4.7;35.3;;;;;;;;;;;;;;;;259;;
SCM;22.10.1999 00:00;;;;;;;;;957.9;;;;;1.9;11.7;6.8;42.1;;;;;;;;;;;;;;;;243;;
SCM;23.10.1999 00:00;;;;;;;;;958.5;;;;;1.3;8.3;4.7;29.9;;;;;;;;;;;;;;;;76;;
SCM;24.10.1999 00:00;;;;;;;;;952.4;;;;;2.9;15.8;10.1;56.9;;;;;;;;;;;;;;;;122;;
SCM;25.10.1999 00:00;;;;;;;;;958.8;;;;;1.2;9;4.3;32.4;;;;;;;;;;;;;;;;90;;
SCM;26.10.1999 00:00;;;;;;;;;971.5;;;;;0.8;9.7;2.9;34.9;;;;;;;;;;;;;;;;90;;
SCM;27.10.1999 00:00;;;;;;;;;979.8;;;;;1;8.2;3.6;29.5;;;;;;;;;;;;;;;;108;;
SCM;28.10.1999 00:00;;;;;;;;;979.1;;;;;1;8;3.6;28.8;;;;;;;;;;;;;;;;90;;
SCM;29.10.1999 00:00;;;;;;;;;977.2;;;;;1;8.6;3.6;31;;;;;;;;;;;;;;;;243;;
SCM;30.10.1999 00:00;;;;;;;;;970;;;;;1.7;14.7;6.1;52.9;;;;;;;;;;;;;;;;135;;
SCM;31.10.1999 00:00;;;;;;;;;976.9;;;;;0.8;6.7;2.9;24.1;;;;;;;;;;;;;;;;270;;
SCM;01.11.1999 00:00;;;;;;;;;976.1;;;;;0.7;4.7;2.5;16.9;;;;;;;;;;;;;;;;90;;
SCM;02.11.1999 00:00;;;;;;;;;973.5;;;;;0.9;7.8;3.2;28.1;;;;;;;;;;;;;;;;270;;
SCM;03.11.1999 00:00;;;;;;;;;979.1;;;;;1.7;6.5;6.1;23.4;;;;;;;;;;;;;;;;264;;
SCM;04.11.1999 00:00;;;;;;;;;973.3;;;;;0.6;5.7;2.2;20.5;;;;;;;;;;;;;;;;270;;
SCM;05.11.1999 00:00;;;;;;;;;967.7;;;;;1.2;4.7;4.3;16.9;;;;;;;;;;;;;;;;243;;
SCM;06.11.1999 00:00;;;;;;;;;965.6;;;;;1.4;11.5;5;41.4;;;;;;;;;;;;;;;;90;;
SCM;07.11.1999 00:00;;;;;;;;;976.8;;;;;0.8;4.6;2.9;16.6;;;;;;;;;;;;;;;;135;;
SCM;08.11.1999 00:00;;;;;;;;;980.9;;;;;0.6;3.1;2.2;11.2;;;;;;;;;;;;;;;;90;;
SCM;09.11.1999 00:00;;;;;;;;;979.5;;;;;0.7;5.1;2.5;18.4;;;;;;;;;;;;;;;;63;;
SCM;10.11.1999 00:00;;;;;;;;;975.8;;;;;0.7;2.5;2.5;9;;;;;;;;;;;;;;;;81;;
SCM;11.11.1999 00:00;;;;;;;;;976;;;;;1.6;10.2;5.8;36.7;;;;;;;;;;;;;;;;60;;
SCM;12.11.1999 00:00;;;;;;;;;977.6;;;;;0.8;5.2;2.9;18.7;;;;;;;;;;;;;;;;72;;
SCM;13.11.1999 00:00;;;;;;;;;971.4;;;;;1;6.1;3.6;22;;;;;;;;;;;;;;;;63;;
SCM;14.11.1999 00:00;;;;;;;;;966;;;;;0.8;6.2;2.9;22.3;;;;;;;;;;;;;;;;56;;
SCM;15.11.1999 00:00;;;;;;;;;967.3;;;;;1.8;12.2;6.5;43.9;;;;;;;;;;;;;;;;48;;
SCM;16.11.1999 00:00;;;;;;;;;966.3;;;;;1;5.7;3.6;20.5;;;;;;;;;;;;;;;;270;;
SCM;17.11.1999 00:00;;;;;;;;;966;;;;;0.7;4.3;2.5;15.5;;;;;;;;;;;;;;;;315;;
SCM;18.11.1999 00:00;;;;;;;;;960;;;;;1.4;7.7;5;27.7;;;;;;;;;;;;;;;;63;;
SCM;19.11.1999 00:00;;;;;;;;;958;;;;;1.2;6.5;4.3;23.4;;;;;;;;;;;;;;;;281;;
SCM;20.11.1999 00:00;;;;;;;;;963.9;;;;;1;4.1;3.6;14.8;;;;;;;;;;;;;;;;76;;
SCM;21.11.1999 00:00;;;;;;;;;963.1;;;;;0.8;4.3;2.9;15.5;;;;;;;;;;;;;;;;68;;
SCM;22.11.1999 00:00;;;;;;;;;968.9;;;;;0.6;3.7;2.2;13.3;;;;;;;;;;;;;;;;76;;
SCM;23.11.1999 00:00;;;;;;;;;975.9;;;;;0.5;2.2;1.8;7.9;;;;;;;;;;;;;;;;79;;
SCM;24.11.1999 00:00;;;;;;;;;980.7;;;;;0.6;5;2.2;18;;;;;;;;;;;;;;;;79;;
SCM;25.11.1999 00:00;;;;;;;;;984.7;;;;;1;4.8;3.6;17.3;;;;;;;;;;;;;;;;90;;
SCM;26.11.1999 00:00;;;;;;;;;983.6;;;;;1;3.6;3.6;13;;;;;;;;;;;;;;;;84;;
SCM;27.11.1999 00:00;;;;;;;;;983.2;;;;;1.3;7;4.7;25.2;;;;;;;;;;;;;;;;77;;
SCM;28.11.1999 00:00;;;;;;;;;982.2;;;;;0.9;6.2;3.2;22.3;;;;;;;;;;;;;;;;82;;
SCM;29.11.1999 00:00;;;;;;;;;981.2;;;;;0.8;3;2.9;10.8;;;;;;;;;;;;;;;;72;;
SCM;30.11.1999 00:00;;;;;;;;;983.1;;;;;1.1;5.7;4;20.5;;;;;;;;;;;;;;;;76;;
SCM;01.12.1999 00:00;;;;;;;;;979.2;;;;;0.8;3.6;2.9;13;;;;;;;;;;;;;;;;82;;
SCM;02.12.1999 00:00;;;;;;;;;978.6;;;;;0.7;4.5;2.5;16.2;;;;;;;;;;;;;;;;68;;
SCM;03.12.1999 00:00;;;;;;;;;973;;;;;1;9.8;;35.3;;;;;;;;;;;;;;;;76;;
SCM;04.12.1999 00:00;;;;;;;;;966.2;;;;;1.6;11.8;5.8;42.5;;;;;;;;;;;;;;;;37;;
SCM;05.12.1999 00:00;;;;;;;;;975;;;;;1.3;15.7;4.7;56.5;;;;;;;;;;;;;;;;45;;
SCM;06.12.1999 00:00;;;;;;;;;981.1;;;;;0.9;5.2;3.6;18.7;;;;;;;;;;;;;;;;76;;
SCM;07.12.1999 00:00;;;;;;;;;973.7;;;;;1;5.1;3.6;18.4;;;;;;;;;;;;;;;;76;;
SCM;08.12.1999 00:00;;;;;;;;;970.5;;;;;1;9.2;3.6;33.1;;;;;;;;;;;;;;;;74;;
SCM;09.12.1999 00:00;;;;;;;;;960.1;;;;;1;9.5;3.6;34.2;;;;;;;;;;;;;;;;63;;
SCM;10.12.1999 00:00;;;;;;;;;960.6;;;;;0.6;4.2;2.2;15.1;;;;;;;;;;;;;;;;90;;
SCM;11.12.1999 00:00;;;;;;;;;961.6;;;;;1.8;12.3;6.5;44.3;;;;;;;;;;;;;;;;81;;
SCM;12.12.1999 00:00;;;;;;;;;955;;;;;4.2;34.2;15.1;123.1;;;;;;;;;;;;;;;;263;;
SCM;13.12.1999 00:00;;;;;;;;;964.3;;;;;4.9;17.3;17.6;62.3;;;;;;;;;;;;;;;;270;;
SCM;14.12.1999 00:00;;;;;;;;;954.1;;;;;2.3;13;7.9;46.8;;;;;;;;;;;;;;;;127;;
SCM;15.12.1999 00:00;;;;;;;;;957.5;;;;;0.7;6;2.5;21.6;;;;;;;;;;;;;;;;360;;
SCM;16.12.1999 00:00;;;;;;;;;971.2;;;;;0.7;4.5;2.5;16.2;;;;;;;;;;;;;;;;346;;
SCM;17.12.1999 00:00;;;;;;;;;977.1;;;;;1.1;5.6;4;20.2;;;;;;;;;;;;;;;;90;;
SCM;18.12.1999 00:00;;;;;;;;;969.5;;;;;0.9;4.5;3.2;16.2;;;;;;;;;;;;;;;;74;;
SCM;19.12.1999 00:00;;;;;;;;;963.6;;;;;1.3;8;4.7;28.8;;;;;;;;;;;;;;;;333;;
SCM;20.12.1999 00:00;;;;;;;;;974.4;;;;;1;6.3;3.6;22.7;;;;;;;;;;;;;;;;279;;
SCM;21.12.1999 00:00;;;;;;;;;980.3;;;;;1.3;5.7;4.7;20.5;;;;;;;;;;;;;;;;90;;
SCM;22.12.1999 00:00;;;;;;;;;982.3;;;;;0.9;4.3;3.2;15.5;;;;;;;;;;;;;;;;90;;
SCM;23.12.1999 00:00;;;;;;;;;978.9;;;;;1;4.3;3.6;15.5;;;;;;;;;;;;;;;;59;;
SCM;24.12.1999 00:00;;;;;;;;;972.7;;;;;1.3;10.7;4.7;38.5;;;;;;;;;;;;;;;;79;;
SCM;25.12.1999 00:00;;;;;;;;;959.7;;;;;4;24.8;14.4;89.3;;;;;;;;;;;;;;;;259;;
SCM;26.12.1999 00:00;;;;;;;;;950.9;;;;;6;39.5;21.6;142.2;;;;;;;;;;;;;;;;266;;
SCM;27.12.1999 00:00;;;;;;;;;947.6;;;;;4.5;23;16.2;82.8;;;;;;;;;;;;;;;;272;;
SCM;28.12.1999 00:00;;;;;;;;;945.6;;;;;3.5;23;12.6;82.8;;;;;;;;;;;;;;;;268;;
SCM;29.12.1999 00:00;;;;;;;;;965.3;;;;;1.4;5.7;5;20.5;;;;;;;;;;;;;;;;283;;
SCM;30.12.1999 00:00;;;;;;;;;977.3;;;;;1;7.8;3.6;28.1;;;;;;;;;;;;;;;;76;;
SCM;31.12.1999 00:00;;;;;;;;;975.7;;;;;2;10.8;7.2;38.9;;;;;;;;;;;;;;;;93;;
SCM;01.01.2000 00:00;;;;;;;;;978.5;;;;;0.6;3.8;2.2;13.7;;;;;;;;;;;;;;;;79;;
SCM;02.01.2000 00:00;;;;;;;;;981.3;;;;;1;6.6;3.6;23.8;;;;;;;;;;;;;;;;135;;
SCM;03.01.2000 00:00;;;;;;;;;981.3;;;;;0.7;5.3;2.5;19.1;;;;;;;;;;;;;;;;90;;
SCM;04.01.2000 00:00;;;;;;;;;977.5;;;;;1.1;5.7;4;20.5;;;;;;;;;;;;;;;;81;;
SCM;05.01.2000 00:00;;;;;;;;;975.8;;;;;1;3.8;3.6;13.7;;;;;;;;;;;;;;;;72;;
SCM;06.01.2000 00:00;;;;;;;;;975.7;;;;;0.8;3.2;2.9;11.5;;;;;;;;;;;;;;;;90;;
SCM;07.01.2000 00:00;;;;;;;;;977.3;;;;;0.8;4.1;2.9;14.8;;;;;;;;;;;;;;;;90;;
SCM;08.01.2000 00:00;;;;;;;;;975.8;;;;;0.9;4.7;3.2;16.9;;;;;;;;;;;;;;;;74;;
SCM;09.01.2000 00:00;;;;;;;;;974.7;;;;;0.8;5.6;2.9;20.2;;;;;;;;;;;;;;;;81;;
SCM;10.01.2000 00:00;;;;;;;;;981.7;;;;;0.6;2.8;2.2;10.1;;;;;;;;;;;;;;;;225;;
SCM;11.01.2000 00:00;;;;;;;;;985.9;;;;;0.6;2.6;2.2;9.4;;;;;;;;;;;;;;;;117;;
SCM;12.01.2000 00:00;;;;;;;;;981.3;;;;;0.8;3.3;2.9;11.9;;;;;;;;;;;;;;;;0;;
SCM;13.01.2000 00:00;;;;;;;;;973.6;;;;;0.7;3.5;2.5;12.6;;;;;;;;;;;;;;;;90;;
SCM;14.01.2000 00:00;;;;;;;;;973;;;;;0.9;4.6;3.2;16.6;;;;;;;;;;;;;;;;243;;
SCM;15.01.2000 00:00;;;;;;;;;979.4;;;;;0.8;4.2;2.9;15.1;;;;;;;;;;;;;;;;63;;
SCM;16.01.2000 00:00;;;;;;;;;983.1;;;;;1.8;9;6.5;32.4;;;;;;;;;;;;;;;;82;;
SCM;17.01.2000 00:00;;;;;;;;;981.9;;;;;0.8;4.8;2.9;17.3;;;;;;;;;;;;;;;;90;;
SCM;18.01.2000 00:00;;;;;;;;;976;;;;;1.1;6;4;21.6;;;;;;;;;;;;;;;;309;;
SCM;19.01.2000 00:00;;;;;;;;;979.5;;;;;0.8;5.7;2.9;20.5;;;;;;;;;;;;;;;;252;;
SCM;20.01.2000 00:00;;;;;;;;;982.1;;;;;0.6;4.1;2.2;14.8;;;;;;;;;;;;;;;;90;;
SCM;21.01.2000 00:00;;;;;;;;;979.2;;;;;0.8;5;2.9;18;;;;;;;;;;;;;;;;79;;
SCM;22.01.2000 00:00;;;;;;;;;967.4;;;;;0.6;5.8;2.2;20.9;;;;;;;;;;;;;;;;76;;
SCM;23.01.2000 00:00;;;;;;;;;964.2;;;;;1.8;5.1;6.5;18.4;;;;;;;;;;;;;;;;280;;
SCM;24.01.2000 00:00;;;;;;;;;971.2;;;;;1.3;7;4.7;25.2;;;;;;;;;;;;;;;;360;;
SCM;25.01.2000 00:00;;;;;;;;;977.7;;;;;1.4;7.1;5;25.6;;;;;;;;;;;;;;;;79;;
SCM;26.01.2000 00:00;;;;;;;;;983.7;;;;;1;2.8;3.6;10.1;;;;;;;;;;;;;;;;84;;
SCM;27.01.2000 00:00;;;;;;;;;983.5;;;;;0.9;2.8;3.2;10.1;;;;;;;;;;;;;;;;76;;
SCM;28.01.2000 00:00;;;;;;;;;976.7;;;;;0.8;6.6;2.9;23.8;;;;;;;;;;;;;;;;76;;
SCM;29.01.2000 00:00;;;;;;;;;968.9;;;;;1.2;6.3;4.3;22.7;;;;;;;;;;;;;;;;73;;
SCM;30.01.2000 00:00;;;;;;;;;973.5;;;;;3.3;14.3;11.9;51.5;;;;;;;;;;;;;;;;300;;
SCM;31.01.2000 00:00;;;;;;;;;980.7;;;;;0.9;9.3;3.2;33.5;;;;;;;;;;;;;;;;90;;
SCM;01.02.2000 00:00;;;;;;;;;975.7;;;;;0.8;8;2.9;28.8;;;;;;;;;;;;;;;;63;;
SCM;02.02.2000 00:00;;;;;;;;;972.8;;;;;0.9;5.2;3.2;18.7;;;;;;;;;;;;;;;;79;;
SCM;03.02.2000 00:00;;;;;;;;;985;;;;;0.9;4.2;3.2;15.1;;;;;;;;;;;;;;;;270;;
SCM;04.02.2000 00:00;;;;;;;;;988.4;;;;;0.9;6.6;3.2;23.8;;;;;;;;;;;;;;;;207;;
SCM;05.02.2000 00:00;;;;;;;;;985.1;;;;;0.8;6.1;2.9;22;;;;;;;;;;;;;;;;360;;
SCM;06.02.2000 00:00;;;;;;;;;978.3;;;;;0.6;2.8;2.2;10.1;;;;;;;;;;;;;;;;45;;
SCM;07.02.2000 00:00;;;;;;;;;975.1;;;;;0.7;8.2;2.5;29.5;;;;;;;;;;;;;;;;360;;
SCM;08.02.2000 00:00;;;;;;;;;969.6;;;;;0.9;8.5;3.2;30.6;;;;;;;;;;;;;;;;76;;
SCM;09.02.2000 00:00;;;;;;;;;977.3;;;;;3.7;17.5;13.3;63;;;;;;;;;;;;;;;;277;;
SCM;10.02.2000 00:00;;;;;;;;;977.6;;;;;2.4;20.1;8.6;72.4;;;;;;;;;;;;;;;;97;;
SCM;11.02.2000 00:00;;;;;;;;;977.5;;;;;1.1;6.5;4;23.4;;;;;;;;;;;;;;;;34;;
SCM;12.02.2000 00:00;;;;;;;;;978.6;;;;;0.7;3.6;2.5;13;;;;;;;;;;;;;;;;252;;
SCM;13.02.2000 00:00;;;;;;;;;975.9;;;;;0.8;5.1;2.9;18.4;;;;;;;;;;;;;;;;82;;
SCM;14.02.2000 00:00;;;;;;;;;975.7;;;;;0.7;5.1;2.5;18.4;;;;;;;;;;;;;;;;72;;
SCM;15.02.2000 00:00;;;;;;;;;971.6;;;;;1.1;9.2;4;33.1;;;;;;;;;;;;;;;;84;;
SCM;16.02.2000 00:00;;;;;;;;;960.9;;;;;3;18.2;10.8;65.5;;;;;;;;;;;;;;;;273;;
SCM;17.02.2000 00:00;;;;;;;;;963.3;;;;;1.2;8.6;4.3;31;;;;;;;;;;;;;;;;284;;
SCM;18.02.2000 00:00;;;;;;;;;964.7;;;;;2.1;14.5;7.6;52.2;;;;;;;;;;;;;;;;97;;
SCM;19.02.2000 00:00;;;;;;;;;962.8;;;;;2.6;11.7;9.4;42.1;;;;;;;;;;;;;;;;284;;
SCM;20.02.2000 00:00;;;;;;;;;975;;;;;3.3;11.2;11.9;40.3;;;;;;;;;;;;;;;;265;;
SCM;21.02.2000 00:00;;;;;;;;;980.3;;;;;1;4.1;3.6;14.8;;;;;;;;;;;;;;;;90;;
SCM;22.02.2000 00:00;;;;;;;;;977;;;;;1.2;8;4.3;28.8;;;;;;;;;;;;;;;;90;;
SCM;23.02.2000 00:00;;;;;;;;;978.6;;;;;1.1;6.6;4;23.8;;;;;;;;;;;;;;;;90;;
SCM;24.02.2000 00:00;;;;;;;;;981.2;;;;;2;12.6;7.2;45.4;;;;;;;;;;;;;;;;93;;
SCM;25.02.2000 00:00;;;;;;;;;979.9;;;;;0.8;5.1;2.9;18.4;;;;;;;;;;;;;;;;82;;
SCM;26.02.2000 00:00;;;;;;;;;981.8;;;;;1.5;7.7;5.4;27.7;;;;;;;;;;;;;;;;198;;
SCM;27.02.2000 00:00;;;;;;;;;979.8;;;;;1.3;7.1;4.7;25.6;;;;;;;;;;;;;;;;90;;
SCM;28.02.2000 00:00;;;;;;;;;974.3;;;;;3.6;16.1;13;58;;;;;;;;;;;;;;;;124;;
SCM;29.02.2000 00:00;;;;;;;;;969.8;;;;;1.2;10.2;4.3;36.7;;;;;;;;;;;;;;;;214;;
SCM;01.03.2000 00:00;;;;;;;;;960.4;;;;;1.7;19;6.1;68.4;;;;;;;;;;;;;;;;270;;
SCM;02.03.2000 00:00;;;;;;;;;975.3;;;;;2.4;11.3;8.6;40.7;;;;;;;;;;;;;;;;262;;
SCM;03.03.2000 00:00;;;;;;;;;970.2;;;;;2.1;10.7;7.6;38.5;;;;;;;;;;;;;;;;256;;
SCM;04.03.2000 00:00;;;;;;;;;972.4;;;;;2.8;10.8;10.1;38.9;;;;;;;;;;;;;;;;272;;
SCM;05.03.2000 00:00;;;;;;;;;984.3;;;;;1.5;5.3;5.4;19.1;;;;;;;;;;;;;;;;254;;
SCM;06.03.2000 00:00;;;;;;;;;982.2;;;;;1;7.6;3.6;27.4;;;;;;;;;;;;;;;;135;;
SCM;07.03.2000 00:00;;;;;;;;;980.2;;;;;0.9;4.5;2.9;16.2;;;;;;;;;;;;;;;;180;;
SCM;08.03.2000 00:00;;;;;;;;;981.7;;;;;1;5.1;3.6;18.4;;;;;;;;;;;;;;;;76;;
SCM;09.03.2000 00:00;;;;;;;;;979.2;;;;;1.1;7.2;4;25.9;;;;;;;;;;;;;;;;63;;
SCM;10.03.2000 00:00;;;;;;;;;;;;;;;;5;;;;;;;;;;;;;;;;;270;;
SCM;11.03.2000 00:00;;;;;;;;;972.7;;;;;1.7;;6.1;;;;;;;;;;;;;;;;;270;;
SCM;12.03.2000 00:00;;;;;;;;;974.4;;;;;1.3;6;4.7;21.6;;;;;;;;;;;;;;;;263;;
SCM;13.03.2000 00:00;;;;;;;;;976.1;;;;;0.5;3.2;1.8;11.5;;;;;;;;;;;;;;;;256;;
SCM;14.03.2000 00:00;;;;;;;;;975.1;;;;;1.1;10.3;4;37.1;;;;;;;;;;;;;;;;108;;
SCM;15.03.2000 00:00;;;;;;;;;979.3;;;;;2;10.5;7.2;37.8;;;;;;;;;;;;;;;;255;;
SCM;16.03.2000 00:00;;;;;;;;;982.1;;;;;0.8;2.7;2.9;9.7;;;;;;;;;;;;;;;;82;;
SCM;17.03.2000 00:00;;;;;;;;;978.8;;;;;0.4;2.7;1.4;9.7;;;;;;;;;;;;;;;;90;;
SCM;18.03.2000 00:00;;;;;;;;;976.9;;;;;0.4;2.1;1.4;7.6;;;;;;;;;;;;;;;;117;;
SCM;19.03.2000 00:00;;;;;;;;;978.3;;;;;1.3;9.8;4.7;35.3;;;;;;;;;;;;;;;;117;;
SCM;20.03.2000 00:00;;;;;;;;;975.8;;;;;2.5;10.5;9;37.8;;;;;;;;;;;;;;;;70;;
SCM;21.03.2000 00:00;;;;;;;;;972.8;;;;;0.8;7.3;2.9;26.3;;;;;;;;;;;;;;;;252;;
SCM;22.03.2000 00:00;;;;;;;;;970.8;;;;;1.3;7.8;4.7;28.1;;;;;;;;;;;;;;;;90;;
SCM;23.03.2000 00:00;;;;;;;;;967.2;;;;;1.5;10.1;5.4;36.4;;;;;;;;;;;;;;;;90;;
SCM;24.03.2000 00:00;;;;;;;;;965.8;;;;;1.7;9;6.1;32.4;;;;;;;;;;;;;;;;243;;
SCM;25.03.2000 00:00;;;;;;;;;967.7;;;;;1.2;6;4.3;21.6;;;;;;;;;;;;;;;;261;;
SCM;26.03.2000 00:00;;;;;;;;;964.4;;;;;1.4;7.1;5;25.6;;;;;;;;;;;;;;;;99;;
SCM;27.03.2000 00:00;;;;;;;;;960;;;;;1.2;9.1;4.3;32.8;;;;;;;;;;;;;;;;360;;
SCM;28.03.2000 00:00;;;;;;;;;960.9;;;;;1.7;8.3;6.1;29.9;;;;;;;;;;;;;;;;63;;
SCM;29.03.2000 00:00;;;;;;;;;957.7;;;;;1.6;9;5.8;32.4;;;;;;;;;;;;;;;;286;;
SCM;30.03.2000 00:00;;;;;;;;;964;;;;;2.9;11.7;10.4;42.1;;;;;;;;;;;;;;;;270;;
SCM;31.03.2000 00:00;;;;;;;;;960.8;;;;;1.3;8.7;4.7;31.3;;;;;;;;;;;;;;;;97;;
SCM;01.04.2000 00:00;;;;;;;;;959.3;;;;;1.3;7.3;4.7;26.3;;;;;;;;;;;;;;;;270;;
SCM;02.04.2000 00:00;;;;;;;;;955.4;;;;;3.5;15.3;12.6;55.1;;;;;;;;;;;;;;;;119;;
SCM;03.04.2000 00:00;;;;;;;;;945.5;;;;;5.4;19.1;19.4;68.8;;;;;;;;;;;;;;;;123;;
SCM;04.04.2000 00:00;;;;;;;;;946.5;;;;;2.6;14.7;9.4;52.9;;;;;;;;;;;;;;;;121;;
SCM;05.04.2000 00:00;;;;;;;;;957.2;;;;;1.1;6.6;4;23.8;;;;;;;;;;;;;;;;281;;
SCM;06.04.2000 00:00;;;;;;;;;972.9;;;;;2.4;12;8.6;43.2;;;;;;;;;;;;;;;;73;;
SCM;07.04.2000 00:00;;;;;;;;;978.6;;;;;2;8.8;7.2;31.7;;;;;;;;;;;;;;;;79;;
SCM;08.04.2000 00:00;;;;;;;;;972.7;;;;;1.4;5.7;5;20.5;;;;;;;;;;;;;;;;270;;
SCM;09.04.2000 00:00;;;;;;;;;961.4;;;;;1.6;9.7;5.8;34.9;;;;;;;;;;;;;;;;225;;
SCM;10.04.2000 00:00;;;;;;;;;957.1;;;;;1.9;9.7;6.8;34.9;;;;;;;;;;;;;;;;254;;
SCM;11.04.2000 00:00;;;;;;;;;951.4;;;;;0.8;4.5;2.9;16.2;;;;;;;;;;;;;;;;180;;
SCM;12.04.2000 00:00;;;;;;;;;949.7;;;;;2.7;13.7;9.7;49.3;;;;;;;;;;;;;;;;207;;
SCM;14.04.2000 00:00;;;;;;;;;953.2;;;;;2.9;;9.4;;;;;;;;;;;;;;;;;248;;
SCM;15.04.2000 00:00;;;;;;;;;955.1;;;;;3.4;14;12.6;50.4;;;;;;;;;;;;;;;;117;;
SCM;16.04.2000 00:00;;;;;;;;;954;;;;;4.6;17.1;16.6;61.6;;;;;;;;;;;;;;;;109;;
SCM;17.04.2000 00:00;;;;;;;;;959.2;;;;;2.1;12.5;7.2;45;;;;;;;;;;;;;;;;121;;
SCM;18.04.2000 00:00;;;;;;;;;963.2;;;;;1.5;13.3;5.4;47.9;;;;;;;;;;;;;;;;103;;
SCM;19.04.2000 00:00;;;;;;;;;964.4;;;;;0.8;3.3;2.9;11.9;;;;;;;;;;;;;;;;180;;
SCM;20.04.2000 00:00;;;;;;;;;966.9;;;;;1.1;4.5;4;16.2;;;;;;;;;;;;;;;;270;;
SCM;21.04.2000 00:00;;;;;;;;;968.6;;;;;1.5;8.5;5.4;30.6;;;;;;;;;;;;;;;;45;;
SCM;22.04.2000 00:00;;;;;;;;;965.1;;;;;3.6;18;13;64.8;;;;;;;;;;;;;;;;108;;
SCM;23.04.2000 00:00;;;;;;;;;962.6;;;;;3.2;19.6;11.5;70.6;;;;;;;;;;;;;;;;262;;
SCM;24.04.2000 00:00;;;;;;;;;967.1;;;;;1.2;9.3;4.3;33.5;;;;;;;;;;;;;;;;252;;
SCM;25.04.2000 00:00;;;;;;;;;965.4;;;;;1.5;6.3;5.4;22.7;;;;;;;;;;;;;;;;256;;
SCM;26.04.2000 00:00;;;;;;;;;963.4;;;;;1.3;7.1;4.3;25.6;;;;;;;;;;;;;;;;225;;
SCM;27.04.2000 00:00;;;;;;;;;960.6;;;;;2.4;13.5;8.6;48.6;;;;;;;;;;;;;;;;111;;
SCM;28.04.2000 00:00;;;;;;;;;958.6;;;;;3.7;17.3;13.3;62.3;;;;;;;;;;;;;;;;126;;
SCM;29.04.2000 00:00;;;;;;;;;967.3;;;;;1.9;6;6.8;21.6;;;;;;;;;;;;;;;;251;;
SCM;30.04.2000 00:00;;;;;;;;;970.7;;;;;1.1;4.5;4;16.2;;;;;;;;;;;;;;;;264;;
SCM;01.05.2000 00:00;;;;;;;;;968.2;;;;;1.4;9.1;5;32.8;;;;;;;;;;;;;;;;243;;
SCM;02.05.2000 00:00;;;;;;;;;967.4;;;;;1;6.6;3.6;23.8;;;;;;;;;;;;;;;;270;;
SCM;03.05.2000 00:00;;;;;;;;;968.8;;;;;1.6;9.2;5.8;33.1;;;;;;;;;;;;;;;;270;;
SCM;04.05.2000 00:00;;;;;;;;;969.1;;;;;2;12;7.2;43.2;;;;;;;;;;;;;;;;166;;
SCM;05.05.2000 00:00;;;;;;;;;966.6;;;;;2.1;14.2;7.6;51.1;;;;;;;;;;;;;;;;0;;
SCM;06.05.2000 00:00;;;;;;;;;965.4;;;;;1.4;10.1;5;36.4;;;;;;;;;;;;;;;;127;;
SCM;07.05.2000 00:00;;;;;;;;;966.8;;;;;1.8;7.7;6.5;27.7;;;;;;;;;;;;;;;;0;;
SCM;08.05.2000 00:00;;;;;;;;;969.9;;;;;1.4;11.7;5;42.1;;;;;;;;;;;;;;;;0;;
SCM;09.05.2000 00:00;;;;;;;;;969.3;;;;;1.8;12;6.5;43.2;;;;;;;;;;;;;;;;180;;
SCM;10.05.2000 00:00;;;;;;;;;967;;;;;2;10.8;7.2;38.9;;;;;;;;;;;;;;;;207;;
SCM;11.05.2000 00:00;;;;;;;;;966.5;;;;;2.4;14.6;8.6;52.6;;;;;;;;;;;;;;;;180;;
SCM;12.05.2000 00:00;;;;;;;;;972.2;;;;;1.2;11.6;4.3;41.8;;;;;;;;;;;;;;;;281;;
SCM;13.05.2000 00:00;;;;;;;;;972.6;;;;;1;5.6;3.6;20.2;;;;;;;;;;;;;;;;117;;
SCM;14.05.2000 00:00;;;;;;;;;973.2;;;;;1.3;6.1;4.7;22;;;;;;;;;;;;;;;;270;;
SCM;15.05.2000 00:00;;;;;;;;;972.3;;;;;0.3;3.3;1.1;11.9;;;;;;;;;;;;;;;;270;;
SCM;16.05.2000 00:00;;;;;;;;;969.7;;;;;1.5;10.2;5.4;36.7;;;;;;;;;;;;;;;;207;;
SCM;17.05.2000 00:00;;;;;;;;;967.4;;;;;1.9;12.2;6.8;43.9;;;;;;;;;;;;;;;;252;;
SCM;18.05.2000 00:00;;;;;;;;;964.7;;;;;1.1;10.7;4;38.5;;;;;;;;;;;;;;;;233;;
SCM;19.05.2000 00:00;;;;;;;;;964.9;;;;;1.3;11.5;4.7;41.4;;;;;;;;;;;;;;;;257;;
SCM;20.05.2000 00:00;;;;;;;;;965.3;;;;;2.2;10.3;7.9;37.1;;;;;;;;;;;;;;;;262;;
SCM;21.05.2000 00:00;;;;;;;;;963;;;;;1.8;12.7;6.5;45.7;;;;;;;;;;;;;;;;256;;
SCM;22.05.2000 00:00;;;;;;;;;970;;;;;1.9;8.8;6.8;31.7;;;;;;;;;;;;;;;;252;;
SCM;23.05.2000 00:00;;;;;;;;;971.7;;;;;1.8;6.6;6.5;23.8;;;;;;;;;;;;;;;;247;;
SCM;24.05.2000 00:00;;;;;;;;;969.4;;;;;1;4.8;3.6;17.3;;;;;;;;;;;;;;;;259;;
SCM;25.05.2000 00:00;;;;;;;;;968.7;;;;;2;9.2;7.2;33.1;;;;;;;;;;;;;;;;263;;
SCM;27.05.2000 00:00;;;;;;;;;969.1;;;;;2.1;;7.6;;;;;;;;;;;;;;;;;270;;
SCM;28.05.2000 00:00;;;;;;;;;964.8;;;;;1.2;7.6;4.3;27.4;;;;;;;;;;;;;;;;256;;
SCM;29.05.2000 00:00;;;;;;;;;969;;;;;0.9;5.1;3.2;18.4;;;;;;;;;;;;;;;;90;;
SCM;30.05.2000 00:00;;;;;;;;;968.4;;;;;1.1;5;4;18;;;;;;;;;;;;;;;;90;;
SCM;31.05.2000 00:00;;;;;;;;;970.9;;;;;1.5;10.6;5.4;38.2;;;;;;;;;;;;;;;;315;;
SCM;01.06.2000 00:00;;;;;;;;;975.5;;;;;1.3;5.7;4.7;20.5;;;;;;;;;;;;;;;;270;;
SCM;02.06.2000 00:00;;;;;;;;;973.1;;;;;0.9;5.1;3.2;18.4;;;;;;;;;;;;;;;;270;;
SCM;03.06.2000 00:00;;;;;;;;;970.7;;;;;1.2;9.8;4.3;35.3;;;;;;;;;;;;;;;;90;;
SCM;04.06.2000 00:00;;;;;;;;;970.2;;;;;1.1;6.5;4;23.4;;;;;;;;;;;;;;;;90;;
SCM;05.06.2000 00:00;;;;;;;;;967.9;;;;;2.1;16.7;7.6;60.1;;;;;;;;;;;;;;;;246;;
SCM;06.06.2000 00:00;;;;;;;;;972.3;;;;;1.7;11.8;6.1;42.5;;;;;;;;;;;;;;;;266;;
SCM;07.06.2000 00:00;;;;;;;;;974.6;;;;;1.3;6;4.7;21.6;;;;;;;;;;;;;;;;217;;
SCM;08.06.2000 00:00;;;;;;;;;970.5;;;;;1.2;5.5;4.3;19.8;;;;;;;;;;;;;;;;270;;
SCM;09.06.2000 00:00;;;;;;;;;966.2;;;;;1.8;8.8;6.5;31.7;;;;;;;;;;;;;;;;225;;
SCM;10.06.2000 00:00;;;;;;;;;965.3;;;;;1.9;12;6.8;43.2;;;;;;;;;;;;;;;;0;;
SCM;11.06.2000 00:00;;;;;;;;;966.8;;;;;2.1;15.5;7.6;55.8;;;;;;;;;;;;;;;;256;;
SCM;12.06.2000 00:00;;;;;;;;;976.8;;;;;1.6;7.5;5.8;27;;;;;;;;;;;;;;;;257;;
SCM;13.06.2000 00:00;;;;;;;;;975.7;;;;;1.6;16.1;5.8;58;;;;;;;;;;;;;;;;270;;
SCM;14.06.2000 00:00;;;;;;;;;975.8;;;;;1.3;7.2;4.7;25.9;;;;;;;;;;;;;;;;207;;
SCM;15.06.2000 00:00;;;;;;;;;975.8;;;;;2.2;9.1;7.9;32.8;;;;;;;;;;;;;;;;249;;
SCM;16.06.2000 00:00;;;;;;;;;976.4;;;;;1.1;8.8;4;31.7;;;;;;;;;;;;;;;;90;;
SCM;17.06.2000 00:00;;;;;;;;;978.5;;;;;1.8;7.7;6.5;27.7;;;;;;;;;;;;;;;;360;;
SCM;18.06.2000 00:00;;;;;;;;;978.1;;;;;0.9;3;3.2;10.8;;;;;;;;;;;;;;;;270;;
SCM;19.06.2000 00:00;;;;;;;;;974.3;;;;;0.7;5;2.5;18;;;;;;;;;;;;;;;;270;;
SCM;20.06.2000 00:00;;;;;;;;;969.8;;;;;0.9;8.1;3.2;29.2;;;;;;;;;;;;;;;;270;;
SCM;21.06.2000 00:00;;;;;;;;;969.5;;;;;1.5;6.5;5.4;23.4;;;;;;;;;;;;;;;;263;;
SCM;22.06.2000 00:00;;;;;;;;;970.9;;;;;2.1;8.1;7.6;29.2;;;;;;;;;;;;;;;;257;;
SCM;23.06.2000 00:00;;;;;;;;;973.3;;;;;1;5.8;3.6;20.9;;;;;;;;;;;;;;;;99;;
SCM;24.06.2000 00:00;;;;;;;;;970.6;;;;;1;8.8;3.6;31.7;;;;;;;;;;;;;;;;117;;
SCM;25.06.2000 00:00;;;;;;;;;971.8;;;;;0.6;3.6;2.2;13;;;;;;;;;;;;;;;;207;;
SCM;26.06.2000 00:00;;;;;;;;;973.2;;;;;1.5;6.6;5.4;23.8;;;;;;;;;;;;;;;;233;;
SCM;28.06.2000 00:00;;;;;;;;;969.3;;;;;0.7;3.2;2.5;11.5;;;;;;;;;;;;;;;;135;;
SCM;29.06.2000 00:00;;;;;;;;;970.3;;;;;1.4;6.7;5;24.1;;;;;;;;;;;;;;;;243;;
SCM;02.07.2000 00:00;;;;;;;;;964.9;;;;;1.9;9.7;6.8;34.9;;;;;;;;;;;;;;;;104;;
SCM;03.07.2000 00:00;;;;;;;;;964;;;;;1.8;14.1;6.5;50.8;;;;;;;;;;;;;;;;243;;
SCM;04.07.2000 00:00;;;;;;;;;962.3;;;;;1.5;9.2;5.4;33.1;;;;;;;;;;;;;;;;83;;
SCM;05.07.2000 00:00;;;;;;;;;969.6;;;;;0.8;4.5;2.9;16.2;;;;;;;;;;;;;;;;233;;
SCM;06.07.2000 00:00;;;;;;;;;970.5;;;;;1.5;5.8;5.4;20.9;;;;;;;;;;;;;;;;243;;
SCM;07.07.2000 00:00;;;;;;;;;964.1;;;;;1.8;15;6.5;54;;;;;;;;;;;;;;;;90;;
SCM;08.07.2000 00:00;;;;;;;;;967.3;;;;;1.9;8.1;6.8;29.2;;;;;;;;;;;;;;;;276;;
SCM;09.07.2000 00:00;;;;;;;;;964.1;;;;;1.1;7.3;4;26.3;;;;;;;;;;;;;;;;90;;
SCM;10.07.2000 00:00;;;;;;;;;954.7;;;;;1.3;10.5;4.7;37.8;;;;;;;;;;;;;;;;90;;
SCM;11.07.2000 00:00;;;;;;;;;956.9;;;;;1.3;8.8;4.7;31.7;;;;;;;;;;;;;;;;76;;
SCM;12.07.2000 00:00;;;;;;;;;967.9;;;;;1.2;6.5;4.3;23.4;;;;;;;;;;;;;;;;63;;
SCM;13.07.2000 00:00;;;;;;;;;969.8;;;;;0.8;3.7;2.9;13.3;;;;;;;;;;;;;;;;108;;
SCM;14.07.2000 00:00;;;;;;;;;963.7;;;;;1;9.5;3.6;34.2;;;;;;;;;;;;;;;;63;;
SCM;15.07.2000 00:00;;;;;;;;;964.1;;;;;1.3;7.5;4.7;27;;;;;;;;;;;;;;;;292;;
SCM;16.07.2000 00:00;;;;;;;;;968.1;;;;;1.1;8.5;4;30.6;;;;;;;;;;;;;;;;256;;
SCM;17.07.2000 00:00;;;;;;;;;970.5;;;;;2.6;11;9.4;39.6;;;;;;;;;;;;;;;;198;;
SCM;18.07.2000 00:00;;;;;;;;;970.6;;;;;1.5;6.1;5.4;22;;;;;;;;;;;;;;;;236;;
SCM;19.07.2000 00:00;;;;;;;;;970.8;;;;;1.1;8.2;4;29.5;;;;;;;;;;;;;;;;252;;
SCM;20.07.2000 00:00;;;;;;;;;972.2;;;;;1.9;7;6.8;25.2;;;;;;;;;;;;;;;;90;;
SCM;21.07.2000 00:00;;;;;;;;;972.5;;;;;1.4;5.8;5;20.9;;;;;;;;;;;;;;;;246;;
SCM;22.07.2000 00:00;;;;;;;;;968.8;;;;;0.7;3.6;2.5;13;;;;;;;;;;;;;;;;236;;
SCM;23.07.2000 00:00;;;;;;;;;965.5;;;;;1.5;10.5;5.4;37.8;;;;;;;;;;;;;;;;108;;
SCM;24.07.2000 00:00;;;;;;;;;961.6;;;;;1.8;9.3;6.5;33.5;;;;;;;;;;;;;;;;90;;
SCM;25.07.2000 00:00;;;;;;;;;962;;;;;1.2;14.3;4.3;51.5;;;;;;;;;;;;;;;;135;;
SCM;26.07.2000 00:00;;;;;;;;;964.8;;;;;1.5;8.7;5.4;31.3;;;;;;;;;;;;;;;;111;;
SCM;27.07.2000 00:00;;;;;;;;;968.8;;;;;1.6;7.1;5.8;25.6;;;;;;;;;;;;;;;;252;;
SCM;28.07.2000 00:00;;;;;;;;;969.1;;;;;1.2;16;4.3;57.6;;;;;;;;;;;;;;;;117;;
SCM;29.07.2000 00:00;;;;;;;;;972.1;;;;;1.2;14.2;4.3;51.1;;;;;;;;;;;;;;;;90;;
SCM;30.07.2000 00:00;;;;;;;;;975.8;;;;;0.8;6.5;2.9;23.4;;;;;;;;;;;;;;;;180;;
SCM;31.07.2000 00:00;;;;;;;;;975.9;;;;;1.1;5.3;4;19.1;;;;;;;;;;;;;;;;259;;
SCM;01.08.2000 00:00;;;;;;;;;973.5;;;;;0.8;5.2;2.9;18.7;;;;;;;;;;;;;;;;270;;
SCM;02.08.2000 00:00;;;;;;;;;972.1;;;;;1.8;9.3;6.5;33.5;;;;;;;;;;;;;;;;76;;
SCM;03.08.2000 00:00;;;;;;;;;972.5;;;;;1.2;8.1;4.3;29.2;;;;;;;;;;;;;;;;117;;
SCM;04.08.2000 00:00;;;;;;;;;972.3;;;;;0.8;5.5;2.9;19.8;;;;;;;;;;;;;;;;124;;
SCM;05.08.2000 00:00;;;;;;;;;970.8;;;;;1;7.2;3.6;25.9;;;;;;;;;;;;;;;;304;;
SCM;06.08.2000 00:00;;;;;;;;;972.7;;;;;1.6;7.1;5.8;25.6;;;;;;;;;;;;;;;;277;;
SCM;07.08.2000 00:00;;;;;;;;;974.9;;;;;1;6.2;3.6;22.3;;;;;;;;;;;;;;;;90;;
SCM;08.08.2000 00:00;;;;;;;;;973.4;;;;;1.3;7.8;4.7;28.1;;;;;;;;;;;;;;;;90;;
SCM;09.08.2000 00:00;;;;;;;;;972.8;;;;;1;3.7;3.6;13.3;;;;;;;;;;;;;;;;270;;
SCM;10.08.2000 00:00;;;;;;;;;971.1;;;;;0.8;5.2;2.9;18.7;;;;;;;;;;;;;;;;225;;
SCM;11.08.2000 00:00;;;;;;;;;967.7;;;;;1.3;8.2;4.7;29.5;;;;;;;;;;;;;;;;90;;
SCM;12.08.2000 00:00;;;;;;;;;967;;;;;1.1;6.6;4;23.8;;;;;;;;;;;;;;;;90;;
SCM;13.08.2000 00:00;;;;;;;;;969.8;;;;;0.9;5.3;3.2;19.1;;;;;;;;;;;;;;;;270;;
SCM;14.08.2000 00:00;;;;;;;;;973.1;;;;;1.1;7.6;4;27.4;;;;;;;;;;;;;;;;90;;
SCM;15.08.2000 00:00;;;;;;;;;973.4;;;;;1.1;5.6;4;20.2;;;;;;;;;;;;;;;;256;;
SCM;16.08.2000 00:00;;;;;;;;;970.2;;;;;0.9;5.3;3.2;19.1;;;;;;;;;;;;;;;;256;;
SCM;17.08.2000 00:00;;;;;;;;;968.1;;;;;1.5;7.6;5.4;27.4;;;;;;;;;;;;;;;;225;;
SCM;18.08.2000 00:00;;;;;;;;;967.8;;;;;1.8;10.1;6.5;36.4;;;;;;;;;;;;;;;;90;;
SCM;19.08.2000 00:00;;;;;;;;;967.6;;;;;1;6.8;3.6;24.5;;;;;;;;;;;;;;;;270;;
SCM;20.08.2000 00:00;;;;;;;;;965.6;;;;;2.1;14.8;7.6;53.3;;;;;;;;;;;;;;;;113;;
SCM;21.08.2000 00:00;;;;;;;;;968.3;;;;;2.2;22;7.9;79.2;;;;;;;;;;;;;;;;260;;
SCM;22.08.2000 00:00;;;;;;;;;971.4;;;;;1.3;4.2;4.7;15.1;;;;;;;;;;;;;;;;225;;
SCM;23.08.2000 00:00;;;;;;;;;972.1;;;;;0.9;6;3.2;21.6;;;;;;;;;;;;;;;;270;;
SCM;24.08.2000 00:00;;;;;;;;;974.5;;;;;0.8;4.7;2.9;16.9;;;;;;;;;;;;;;;;0;;
SCM;25.08.2000 00:00;;;;;;;;;972.5;;;;;1;5.3;3.6;19.1;;;;;;;;;;;;;;;;72;;
SCM;26.08.2000 00:00;;;;;;;;;965.3;;;;;1.4;8;5;28.8;;;;;;;;;;;;;;;;135;;
SCM;27.08.2000 00:00;;;;;;;;;969.9;;;;;1.2;9.8;4.3;35.3;;;;;;;;;;;;;;;;270;;
SCM;28.08.2000 00:00;;;;;;;;;973.4;;;;;0.9;4.3;3.2;15.5;;;;;;;;;;;;;;;;225;;
SCM;29.08.2000 00:00;;;;;;;;;972.1;;;;;1.4;6.1;5;22;;;;;;;;;;;;;;;;236;;
SCM;30.08.2000 00:00;;;;;;;;;968;;;;;0.9;5.5;3.2;19.8;;;;;;;;;;;;;;;;108;;
SCM;31.08.2000 00:00;;;;;;;;;963.3;;;;;0.9;7;3.2;25.2;;;;;;;;;;;;;;;;90;;
SCM;01.09.2000 00:00;;;;;;;;;962.5;;;;;1.2;10.2;4.3;36.7;;;;;;;;;;;;;;;;243;;
SCM;02.09.2000 00:00;;;;;;;;;964.1;;;;;2.7;13;9.7;46.8;;;;;;;;;;;;;;;;270;;
SCM;03.09.2000 00:00;;;;;;;;;967.5;;;;;1;5.6;3.6;20.2;;;;;;;;;;;;;;;;56;;
SCM;04.09.2000 00:00;;;;;;;;;972.5;;;;;0.8;6.2;2.9;22.3;;;;;;;;;;;;;;;;90;;
SCM;05.09.2000 00:00;;;;;;;;;975.4;;;;;0.8;3.7;2.9;13.3;;;;;;;;;;;;;;;;198;;
SCM;06.09.2000 00:00;;;;;;;;;970.5;;;;;1;6.3;3.6;22.7;;;;;;;;;;;;;;;;90;;
SCM;07.09.2000 00:00;;;;;;;;;969.2;;;;;1.7;8.6;6.1;31;;;;;;;;;;;;;;;;279;;
SCM;08.09.2000 00:00;;;;;;;;;974.5;;;;;1.3;6.6;4.7;23.8;;;;;;;;;;;;;;;;0;;
SCM;09.09.2000 00:00;;;;;;;;;976;;;;;0.6;4.3;2.2;15.5;;;;;;;;;;;;;;;;270;;
SCM;10.09.2000 00:00;;;;;;;;;973.7;;;;;0.6;2.8;2.2;10.1;;;;;;;;;;;;;;;;243;;
SCM;13.09.2000 00:00;;;;;;;;;967.8;;;;;0.8;11.7;2.9;42.1;;;;;;;;;;;;;;;;90;;
SCM;14.09.2000 00:00;;;;;;;;;968.8;;;;;0.7;5.1;2.5;18.4;;;;;;;;;;;;;;;;90;;
SCM;15.09.2000 00:00;;;;;;;;;967;;;;;1.3;8.7;4.7;31.3;;;;;;;;;;;;;;;;82;;
SCM;16.09.2000 00:00;;;;;;;;;965.8;;;;;1.2;12.3;4.3;44.3;;;;;;;;;;;;;;;;297;;
SCM;17.09.2000 00:00;;;;;;;;;965.6;;;;;1.3;6.3;4.7;22.7;;;;;;;;;;;;;;;;270;;
SCM;18.09.2000 00:00;;;;;;;;;961.7;;;;;1;4.3;3.6;15.5;;;;;;;;;;;;;;;;236;;
SCM;19.09.2000 00:00;;;;;;;;;957.3;;;;;2.3;15.8;8.3;56.9;;;;;;;;;;;;;;;;139;;
SCM;20.09.2000 00:00;;;;;;;;;958.8;;;;;1.9;9.1;6.8;32.8;;;;;;;;;;;;;;;;270;;
SCM;21.09.2000 00:00;;;;;;;;;969.6;;;;;1.9;14.3;6.8;51.5;;;;;;;;;;;;;;;;291;;
SCM;22.09.2000 00:00;;;;;;;;;976.2;;;;;1;4.5;3.6;16.2;;;;;;;;;;;;;;;;77;;
SCM;23.09.2000 00:00;;;;;;;;;973.4;;;;;1;4.5;3.6;16.2;;;;;;;;;;;;;;;;225;;
SCM;24.09.2000 00:00;;;;;;;;;972.1;;;;;0.8;5;2.9;18;;;;;;;;;;;;;;;;243;;
SCM;25.09.2000 00:00;;;;;;;;;974.8;;;;;1;6.6;3.6;23.8;;;;;;;;;;;;;;;;0;;
SCM;26.09.2000 00:00;;;;;;;;;973.9;;;;;0.9;6.7;3.2;24.1;;;;;;;;;;;;;;;;90;;
SCM;27.09.2000 00:00;;;;;;;;;971.5;;;;;1.2;6;4.3;21.6;;;;;;;;;;;;;;;;180;;
SCM;28.09.2000 00:00;;;;;;;;;964;;;;;1.3;8.5;4.7;30.6;;;;;;;;;;;;;;;;214;;
SCM;29.09.2000 00:00;;;;;;;;;955.4;;;;;4.9;20.3;17.6;73.1;;;;;;;;;;;;;;;;108;;
SCM;30.09.2000 00:00;;;;;;;;;958.3;;;;;1.2;7.1;4.3;25.6;;;;;;;;;;;;;;;;270;;
SCM;01.10.2000 00:00;;;;;;;;;960.1;;;;;0.5;2.6;1.8;9.4;;;;;;;;;;;;;;;;243;;
SCM;02.10.2000 00:00;;;;;;;;;964.6;;;;;0.7;5.8;2.5;20.9;;;;;;;;;;;;;;;;90;;
SCM;03.10.2000 00:00;;;;;;;;;973.1;;;;;1.2;7.8;4.3;28.1;;;;;;;;;;;;;;;;83;;
SCM;04.10.2000 00:00;;;;;;;;;973.4;;;;;0.8;4.6;2.9;16.6;;;;;;;;;;;;;;;;180;;
SCM;05.10.2000 00:00;;;;;;;;;971;;;;;0.4;2.5;1.4;9;;;;;;;;;;;;;;;;180;;
SCM;06.10.2000 00:00;;;;;;;;;974.5;;;;;1.1;13.3;4;47.9;;;;;;;;;;;;;;;;270;;
SCM;07.10.2000 00:00;;;;;;;;;975.8;;;;;0.8;6.2;2.9;22.3;;;;;;;;;;;;;;;;135;;
SCM;08.10.2000 00:00;;;;;;;;;972.5;;;;;1.4;5.7;5;20.5;;;;;;;;;;;;;;;;252;;
SCM;09.10.2000 00:00;;;;;;;;;964.6;;;;;1.2;10.1;4.3;36.4;;;;;;;;;;;;;;;;98;;
SCM;10.10.2000 00:00;;;;;;;;;953.5;;;;;1.6;12;5.8;43.2;;;;;;;;;;;;;;;;45;;
SCM;11.10.2000 00:00;;;;;;;;;946.7;;;;;0.9;7.7;3.2;27.7;;;;;;;;;;;;;;;;45;;
SCM;12.10.2000 00:00;;;;;;;;;954.4;;;;;0.7;4.3;2.5;15.5;;;;;;;;;;;;;;;;76;;
SCM;13.10.2000 00:00;;;;;;;;;963.7;;;;;1;6.5;3.6;23.4;;;;;;;;;;;;;;;;243;;
SCM;14.10.2000 00:00;;;;;;;;;965.6;;;;;1.1;6.3;4;22.7;;;;;;;;;;;;;;;;249;;
SCM;15.10.2000 00:00;;;;;;;;;960;;;;;1;4.3;3.6;15.5;;;;;;;;;;;;;;;;233;;
SCM;16.10.2000 00:00;;;;;;;;;965.2;;;;;0.9;5.8;3.2;20.9;;;;;;;;;;;;;;;;248;;
SCM;17.10.2000 00:00;;;;;;;;;976.2;;;;;0.5;5;1.8;18;;;;;;;;;;;;;;;;90;;
SCM;18.10.2000 00:00;;;;;;;;;976.1;;;;;0.5;3.1;1.8;11.2;;;;;;;;;;;;;;;;135;;
SCM;19.10.2000 00:00;;;;;;;;;973.4;;;;;0.5;3.1;1.8;11.2;;;;;;;;;;;;;;;;90;;
SCM;20.10.2000 00:00;;;;;;;;;972.6;;;;;1;6.1;3.6;22;;;;;;;;;;;;;;;;248;;
SCM;22.10.2000 00:00;;;;;;;;;980.9;;;;;1.1;5.2;4;18.7;;;;;;;;;;;;;;;;225;;
SCM;23.10.2000 00:00;;;;;;;;;978.7;;;;;0.9;5.6;3.2;20.2;;;;;;;;;;;;;;;;90;;
SCM;24.10.2000 00:00;;;;;;;;;976.2;;;;;0.9;8;3.2;28.8;;;;;;;;;;;;;;;;72;;
SCM;25.10.2000 00:00;;;;;;;;;970.5;;;;;0.9;4.6;3.2;16.6;;;;;;;;;;;;;;;;72;;
SCM;26.10.2000 00:00;;;;;;;;;969.7;;;;;0.9;6.7;3.2;24.1;;;;;;;;;;;;;;;;63;;
SCM;27.10.2000 00:00;;;;;;;;;974.1;;;;;0.7;4;2.5;14.4;;;;;;;;;;;;;;;;81;;
SCM;28.10.2000 00:00;;;;;;;;;971.4;;;;;0.6;3.8;2.2;13.7;;;;;;;;;;;;;;;;90;;
SCM;29.10.2000 00:00;;;;;;;;;971.4;;;;;1;6;3.6;21.6;;;;;;;;;;;;;;;;360;;
SCM;30.10.2000 00:00;;;;;;;;;959.5;;;;;1.1;7.7;4;27.7;;;;;;;;;;;;;;;;0;;
SCM;31.10.2000 00:00;;;;;;;;;958.2;;;;;2.1;10;7.6;36;;;;;;;;;;;;;;;;117;;
SCM;01.11.2000 00:00;;;;;;;;;962.4;;;;;1.6;9.6;5.8;34.6;;;;;;;;;;;;;;;;85;;
SCM;02.11.2000 00:00;;;;;;;;;958.2;;;;;1.5;8.2;5.4;29.5;;;;;;;;;;;;;;;;270;;
SCM;03.11.2000 00:00;;;;;;;;;955.7;;;;;1.1;8;4;28.8;;;;;;;;;;;;;;;;270;;
SCM;04.11.2000 00:00;;;;;;;;;965.1;;;;;1.3;6.5;4.7;23.4;;;;;;;;;;;;;;;;90;;
SCM;05.11.2000 00:00;;;;;;;;;963.9;;;;;2.9;22;10.4;79.2;;;;;;;;;;;;;;;;109;;
SCM;06.11.2000 00:00;;;;;;;;;942.2;;;;;5.4;23.2;19.4;83.5;;;;;;;;;;;;;;;;108;;
SCM;07.11.2000 00:00;;;;;;;;;943.3;;;;;0.6;3.2;2.2;11.5;;;;;;;;;;;;;;;;90;;
SCM;09.11.2000 00:00;;;;;;;;;;;;;;;;3.2;;;;;;;;;;;;;;;;;;;
SCM;11.11.2000 00:00;;;;;;;;;975.4;;;;;1.4;7.8;5;28.1;;;;;;;;;;;;;;;;84;;
SCM;12.11.2000 00:00;;;;;;;;;964.1;;;;;3;18.1;10.8;65.2;;;;;;;;;;;;;;;;114;;
SCM;13.11.2000 00:00;;;;;;;;;955.6;;;;;1.7;7.7;5.8;27.7;;;;;;;;;;;;;;;;266;;
SCM;14.11.2000 00:00;;;;;;;;;961.6;;;;;1.7;10.8;6.1;38.9;;;;;;;;;;;;;;;;270;;
SCM;15.11.2000 00:00;;;;;;;;;968.9;;;;;0.8;6.8;2.9;24.5;;;;;;;;;;;;;;;;90;;
SCM;16.11.2000 00:00;;;;;;;;;966.6;;;;;1.2;6.7;4.3;24.1;;;;;;;;;;;;;;;;180;;
SCM;17.11.2000 00:00;;;;;;;;;966.3;;;;;0.7;3.2;2.5;11.5;;;;;;;;;;;;;;;;81;;
SCM;18.11.2000 00:00;;;;;;;;;969.4;;;;;1;6.1;3.6;22;;;;;;;;;;;;;;;;90;;
SCM;19.11.2000 00:00;;;;;;;;;960.8;;;;;1.4;10.3;5;37.1;;;;;;;;;;;;;;;;90;;
SCM;20.11.2000 00:00;;;;;;;;;958.8;;;;;1;4.6;3.6;16.6;;;;;;;;;;;;;;;;83;;
SCM;21.11.2000 00:00;;;;;;;;;961.4;;;;;1.3;10.1;4.7;36.4;;;;;;;;;;;;;;;;96;;
SCM;22.11.2000 00:00;;;;;;;;;965.1;;;;;1.3;7;4.7;25.2;;;;;;;;;;;;;;;;117;;
SCM;23.11.2000 00:00;;;;;;;;;957.5;;;;;2;14.1;7.2;50.8;;;;;;;;;;;;;;;;240;;
SCM;24.11.2000 00:00;;;;;;;;;963.3;;;;;0.9;5.3;3.2;19.1;;;;;;;;;;;;;;;;304;;
SCM;25.11.2000 00:00;;;;;;;;;962.5;;;;;1.3;12;4.7;43.2;;;;;;;;;;;;;;;;90;;
SCM;26.11.2000 00:00;;;;;;;;;961.6;;;;;2.1;16;7.6;57.6;;;;;;;;;;;;;;;;338;;
SCM;27.11.2000 00:00;;;;;;;;;971.5;;;;;2.3;15.5;8.3;55.8;;;;;;;;;;;;;;;;98;;
SCM;28.11.2000 00:00;;;;;;;;;972.4;;;;;1.9;10.8;6.8;38.9;;;;;;;;;;;;;;;;90;;
SCM;29.11.2000 00:00;;;;;;;;;968.7;;;;;0.9;5.2;3.2;18.7;;;;;;;;;;;;;;;;256;;
SCM;30.11.2000 00:00;;;;;;;;;971.2;;;;;1.1;7;4;25.2;;;;;;;;;;;;;;;;256;;
SCM;01.12.2000 00:00;;;;;;;;;970.6;;;;;1;5.1;3.6;18.4;;;;;;;;;;;;;;;;281;;
SCM;02.12.2000 00:00;;;;;;;;;969.9;;;;;1.2;6;4.3;21.6;;;;;;;;;;;;;;;;270;;
SCM;03.12.2000 00:00;;;;;;;;;972.7;;;;;0.6;5.3;2.2;19.1;;;;;;;;;;;;;;;;90;;
SCM;04.12.2000 00:00;;;;;;;;;972.3;;;;;0.7;3.8;2.5;13.7;;;;;;;;;;;;;;;;90;;
SCM;05.12.2000 00:00;;;;;;;;;971.4;;;;;1.2;7.3;4.3;26.3;;;;;;;;;;;;;;;;180;;
SCM;06.12.2000 00:00;;;;;;;;;970;;;;;1.4;6.8;5;24.5;;;;;;;;;;;;;;;;0;;
SCM;07.12.2000 00:00;;;;;;;;;963.5;;;;;2.7;17.1;9.7;61.6;;;;;;;;;;;;;;;;245;;
SCM;08.12.2000 00:00;;;;;;;;;963.5;;;;;2.4;15.1;8.6;54.4;;;;;;;;;;;;;;;;246;;
SCM;09.12.2000 00:00;;;;;;;;;970.2;;;;;0.7;4.3;2.5;15.5;;;;;;;;;;;;;;;;90;;
SCM;10.12.2000 00:00;;;;;;;;;974.3;;;;;1;8.3;3.6;29.9;;;;;;;;;;;;;;;;117;;
SCM;11.12.2000 00:00;;;;;;;;;980;;;;;1;6.3;3.6;22.7;;;;;;;;;;;;;;;;79;;
SCM;12.12.2000 00:00;;;;;;;;;977.1;;;;;1.2;9.6;4.3;34.6;;;;;;;;;;;;;;;;76;;
SCM;13.12.2000 00:00;;;;;;;;;973.8;;;;;1.1;6.8;4;24.5;;;;;;;;;;;;;;;;270;;
SCM;14.12.2000 00:00;;;;;;;;;965.7;;;;;1.1;4.6;4;16.6;;;;;;;;;;;;;;;;73;;
SCM;15.12.2000 00:00;;;;;;;;;962;;;;;2.9;13.7;10.4;49.3;;;;;;;;;;;;;;;;279;;
SCM;16.12.2000 00:00;;;;;;;;;967.1;;;;;2.1;11.2;7.6;40.3;;;;;;;;;;;;;;;;293;;
SCM;17.12.2000 00:00;;;;;;;;;968.4;;;;;1;3.8;3.6;13.7;;;;;;;;;;;;;;;;84;;
SCM;18.12.2000 00:00;;;;;;;;;972.4;;;;;1.4;9.1;5;32.8;;;;;;;;;;;;;;;;81;;
SCM;19.12.2000 00:00;;;;;;;;;972.8;;;;;1;7.3;3.6;26.3;;;;;;;;;;;;;;;;76;;
SCM;20.12.2000 00:00;;;;;;;;;970.9;;;;;1.1;6.2;4;22.3;;;;;;;;;;;;;;;;56;;
SCM;21.12.2000 00:00;;;;;;;;;972.5;;;;;1.1;4.7;4;16.9;;;;;;;;;;;;;;;;135;;
SCM;22.12.2000 00:00;;;;;;;;;970.9;;;;;0.9;4.5;3.2;16.2;;;;;;;;;;;;;;;;180;;
SCM;23.12.2000 00:00;;;;;;;;;967.1;;;;;0.7;3.6;2.5;13;;;;;;;;;;;;;;;;63;;
SCM;24.12.2000 00:00;;;;;;;;;957.7;;;;;0.9;4.6;3.2;16.6;;;;;;;;;;;;;;;;72;;
SCM;25.12.2000 00:00;;;;;;;;;948.7;;;;;0.8;3.8;2.9;13.7;;;;;;;;;;;;;;;;90;;
SCM;26.12.2000 00:00;;;;;;;;;945.7;;;;;1.2;6.1;4.3;22;;;;;;;;;;;;;;;;180;;
SCM;27.12.2000 00:00;;;;;;;;;945;;;;;1.3;6.5;4.7;23.4;;;;;;;;;;;;;;;;252;;
SCM;28.12.2000 00:00;;;;;;;;;950.9;;;;;1;9.8;3.6;35.3;;;;;;;;;;;;;;;;333;;
SCM;29.12.2000 00:00;;;;;;;;;952.7;;;;;0.6;4.2;2.2;15.1;;;;;;;;;;;;;;;;63;;
SCM;30.12.2000 00:00;;;;;;;;;956.8;;;;;1.2;6.3;4.3;22.7;;;;;;;;;;;;;;;;56;;
SCM;31.12.2000 00:00;;;;;;;;;968.8;;;;;1;5.3;3.6;19.1;;;;;;;;;;;;;;;;83;;
SCM;01.01.2001 00:00;;;;;;;;;961.4;;;;;1.6;9.8;5.8;35.3;;;;;;;;;;;;;;;;180;;
SCM;02.01.2001 00:00;;;;;;;;;958.2;;;;;1.8;12.2;6.5;43.9;;;;;;;;;;;;;;;;79;;
SCM;03.01.2001 00:00;;;;;;;;;963.7;;;;;1.1;8.6;4;31;;;;;;;;;;;;;;;;84;;
SCM;04.01.2001 00:00;;;;;;;;;960.8;;;;;1.7;10.5;6.1;37.8;;;;;;;;;;;;;;;;104;;
SCM;05.01.2001 00:00;;;;;;;;;955.9;;;;;2.4;16.3;8.6;58.7;;;;;;;;;;;;;;;;236;;
SCM;06.01.2001 00:00;;;;;;;;;958.6;;;;;1;8.3;3.6;29.9;;;;;;;;;;;;;;;;270;;
SCM;07.01.2001 00:00;;;;;;;;;965.9;;;;;0.6;5.7;2.2;20.5;;;;;;;;;;;;;;;;90;;
SCM;08.01.2001 00:00;;;;;;;;;966.1;;;;;0.4;2.1;1.4;7.6;;;;;;;;;;;;;;;;315;;
SCM;09.01.2001 00:00;;;;;;;;;968.3;;;;;1.7;9.1;6.1;32.8;;;;;;;;;;;;;;;;90;;
SCM;10.01.2001 00:00;;;;;;;;;967;;;;;1.5;11;5.4;39.6;;;;;;;;;;;;;;;;261;;
SCM;11.01.2001 00:00;;;;;;;;;969.4;;;;;2;12.7;7.2;45.7;;;;;;;;;;;;;;;;90;;
SCM;12.01.2001 00:00;;;;;;;;;971.5;;;;;1.3;8;4.7;28.8;;;;;;;;;;;;;;;;31;;
SCM;13.01.2001 00:00;;;;;;;;;974.7;;;;;2.3;9.8;8.3;35.3;;;;;;;;;;;;;;;;45;;
SCM;14.01.2001 00:00;;;;;;;;;975.4;;;;;1.8;9;6.5;32.4;;;;;;;;;;;;;;;;40;;
SCM;15.01.2001 00:00;;;;;;;;;974.9;;;;;0.8;3.6;2.9;13;;;;;;;;;;;;;;;;281;;
SCM;16.01.2001 00:00;;;;;;;;;973.8;;;;;0.7;3.5;2.5;12.6;;;;;;;;;;;;;;;;135;;
SCM;17.01.2001 00:00;;;;;;;;;971.4;;;;;1.2;8.2;4.3;29.5;;;;;;;;;;;;;;;;124;;
SCM;18.01.2001 00:00;;;;;;;;;971.1;;;;;1.1;6.1;4;22;;;;;;;;;;;;;;;;117;;
SCM;19.01.2001 00:00;;;;;;;;;972.3;;;;;1;7.5;3.6;27;;;;;;;;;;;;;;;;225;;
SCM;20.01.2001 00:00;;;;;;;;;974.8;;;;;1;5.5;3.6;19.8;;;;;;;;;;;;;;;;252;;
SCM;21.01.2001 00:00;;;;;;;;;976;;;;;0.8;3.7;2.9;13.3;;;;;;;;;;;;;;;;236;;
SCM;22.01.2001 00:00;;;;;;;;;966.4;;;;;2;14.3;7.2;51.5;;;;;;;;;;;;;;;;124;;
SCM;23.01.2001 00:00;;;;;;;;;962.5;;;;;2.5;11.5;9;41.4;;;;;;;;;;;;;;;;90;;
SCM;24.01.2001 00:00;;;;;;;;;959.2;;;;;3;16.7;10.8;60.1;;;;;;;;;;;;;;;;135;;
SCM;25.01.2001 00:00;;;;;;;;;960.7;;;;;1.3;9.1;4.7;32.8;;;;;;;;;;;;;;;;270;;
SCM;26.01.2001 00:00;;;;;;;;;959.9;;;;;1.1;15.2;4;54.7;;;;;;;;;;;;;;;;101;;
SCM;27.01.2001 00:00;;;;;;;;;955.9;;;;;4.1;18.3;14.8;65.9;;;;;;;;;;;;;;;;265;;
SCM;28.01.2001 00:00;;;;;;;;;954.8;;;;;2.2;11.5;7.9;41.4;;;;;;;;;;;;;;;;114;;
SCM;29.01.2001 00:00;;;;;;;;;963.9;;;;;0.9;6.5;3.2;23.4;;;;;;;;;;;;;;;;0;;
SCM;30.01.2001 00:00;;;;;;;;;971.3;;;;;0.9;7;3.2;25.2;;;;;;;;;;;;;;;;63;;
SCM;31.01.2001 00:00;;;;;;;;;971;;;;;1.1;6.3;4;22.7;;;;;;;;;;;;;;;;76;;
SCM;01.02.2001 00:00;;;;;;;;;975.6;;;;;0.8;5.1;2.9;18.4;;;;;;;;;;;;;;;;252;;
SCM;02.02.2001 00:00;;;;;;;;;973.1;;;;;1;9.5;3.6;34.2;;;;;;;;;;;;;;;;112;;
SCM;03.02.2001 00:00;;;;;;;;;965.2;;;;;1.2;4.7;4.3;16.9;;;;;;;;;;;;;;;;73;;
SCM;04.02.2001 00:00;;;;;;;;;962.4;;;;;1.2;5.3;4.3;19.1;;;;;;;;;;;;;;;;80;;
SCM;05.02.2001 00:00;;;;;;;;;961.4;;;;;2.6;16.8;9.4;60.5;;;;;;;;;;;;;;;;284;;
SCM;06.02.2001 00:00;;;;;;;;;963.7;;;;;2;11.8;7.2;42.5;;;;;;;;;;;;;;;;104;;
SCM;07.02.2001 00:00;;;;;;;;;960.3;;;;;3.9;19.3;14;69.5;;;;;;;;;;;;;;;;166;;
SCM;08.02.2001 00:00;;;;;;;;;956.5;;;;;3;18.1;10.8;65.2;;;;;;;;;;;;;;;;119;;
SCM;09.02.2001 00:00;;;;;;;;;968.1;;;;;1.2;9.2;4.3;33.1;;;;;;;;;;;;;;;;270;;
SCM;10.02.2001 00:00;;;;;;;;;983;;;;;1.2;8.7;4.3;31.3;;;;;;;;;;;;;;;;207;;
SCM;11.02.2001 00:00;;;;;;;;;989.4;;;;;1.3;11;4.7;39.6;;;;;;;;;;;;;;;;101;;
SCM;12.02.2001 00:00;;;;;;;;;982.2;;;;;0.7;3.7;2.5;13.3;;;;;;;;;;;;;;;;45;;
SCM;13.02.2001 00:00;;;;;;;;;976;;;;;1.8;14;6.5;50.4;;;;;;;;;;;;;;;;73;;
SCM;14.02.2001 00:00;;;;;;;;;978.1;;;;;1.7;9.5;6.1;34.2;;;;;;;;;;;;;;;;41;;
SCM;15.02.2001 00:00;;;;;;;;;981;;;;;0.7;3.6;2.5;13;;;;;;;;;;;;;;;;236;;
SCM;16.02.2001 00:00;;;;;;;;;980.9;;;;;0.6;3.7;2.2;13.3;;;;;;;;;;;;;;;;270;;
SCM;17.02.2001 00:00;;;;;;;;;982.1;;;;;1;7.3;3.6;26.3;;;;;;;;;;;;;;;;225;;
SCM;18.02.2001 00:00;;;;;;;;;984.8;;;;;1.1;8.3;4;29.9;;;;;;;;;;;;;;;;63;;
SCM;19.02.2001 00:00;;;;;;;;;984.9;;;;;1.1;4.3;4;15.5;;;;;;;;;;;;;;;;247;;
SCM;20.02.2001 00:00;;;;;;;;;982.4;;;;;0.5;3.1;1.8;11.2;;;;;;;;;;;;;;;;225;;
SCM;21.02.2001 00:00;;;;;;;;;979.6;;;;;0.8;7.5;2.9;27;;;;;;;;;;;;;;;;252;;
SCM;22.02.2001 00:00;;;;;;;;;969.6;;;;;1.8;8.5;6.5;30.6;;;;;;;;;;;;;;;;297;;
SCM;23.02.2001 00:00;;;;;;;;;957.8;;;;;2.7;13.8;9.7;49.7;;;;;;;;;;;;;;;;276;;
SCM;24.02.2001 00:00;;;;;;;;;958.5;;;;;0.9;8;3.2;28.8;;;;;;;;;;;;;;;;270;;
SCM;25.02.2001 00:00;;;;;;;;;961;;;;;0.9;4.7;3.2;16.9;;;;;;;;;;;;;;;;360;;
SCM;26.02.2001 00:00;;;;;;;;;961.5;;;;;1.4;8.1;4.7;29.2;;;;;;;;;;;;;;;;108;;
SCM;27.02.2001 00:00;;;;;;;;;951.3;;;;;5.1;15.8;18.4;56.9;;;;;;;;;;;;;;;;112;;
SCM;28.02.2001 00:00;;;;;;;;;946.3;;;;;3;14.3;10.8;51.5;;;;;;;;;;;;;;;;132;;
SCM;01.03.2001 00:00;;;;;;;;;951.2;;;;;1.5;11.3;5.4;40.7;;;;;;;;;;;;;;;;270;;
SCM;02.03.2001 00:00;;;;;;;;;950.1;;;;;1.9;11.1;6.8;40;;;;;;;;;;;;;;;;117;;
SCM;03.03.2001 00:00;;;;;;;;;943.9;;;;;1.6;7.3;5.8;26.3;;;;;;;;;;;;;;;;252;;
SCM;04.03.2001 00:00;;;;;;;;;952.1;;;;;1;9.7;3.6;34.9;;;;;;;;;;;;;;;;270;;
SCM;05.03.2001 00:00;;;;;;;;;967.1;;;;;0.9;6.1;3.2;22;;;;;;;;;;;;;;;;45;;
SCM;06.03.2001 00:00;;;;;;;;;971;;;;;1.2;6.7;4.3;24.1;;;;;;;;;;;;;;;;253;;
SCM;07.03.2001 00:00;;;;;;;;;966.6;;;;;1;5.2;3.6;18.7;;;;;;;;;;;;;;;;252;;
SCM;08.03.2001 00:00;;;;;;;;;958.4;;;;;1.2;8.5;4.3;30.6;;;;;;;;;;;;;;;;247;;
SCM;09.03.2001 00:00;;;;;;;;;961.9;;;;;0.6;4.8;2.2;17.3;;;;;;;;;;;;;;;;104;;
SCM;10.03.2001 00:00;;;;;;;;;962.8;;;;;1.3;9.5;4.7;34.2;;;;;;;;;;;;;;;;80;;
SCM;11.03.2001 00:00;;;;;;;;;966.4;;;;;1.8;15.6;6.5;56.2;;;;;;;;;;;;;;;;90;;
SCM;12.03.2001 00:00;;;;;;;;;961.4;;;;;2.8;15.5;10.1;55.8;;;;;;;;;;;;;;;;135;;
SCM;13.03.2001 00:00;;;;;;;;;960.9;;;;;2.7;12.8;9.7;46.1;;;;;;;;;;;;;;;;268;;
SCM;14.03.2001 00:00;;;;;;;;;965.2;;;;;1.8;12.2;6.5;43.9;;;;;;;;;;;;;;;;280;;
SCM;15.03.2001 00:00;;;;;;;;;966.2;;;;;1.4;9.3;5;33.5;;;;;;;;;;;;;;;;90;;
SCM;16.03.2001 00:00;;;;;;;;;961.6;;;;;1.9;12.1;6.8;43.6;;;;;;;;;;;;;;;;198;;
SCM;17.03.2001 00:00;;;;;;;;;955.5;;;;;1.5;7.1;5.4;25.6;;;;;;;;;;;;;;;;255;;
SCM;18.03.2001 00:00;;;;;;;;;957.8;;;;;1.1;8.1;4;29.2;;;;;;;;;;;;;;;;270;;
SCM;19.03.2001 00:00;;;;;;;;;964.7;;;;;1.7;9.5;;34.2;;;;;;;;;;;;;;;;265;;
SCM;20.03.2001 00:00;;;;;;;;;964.4;;;;;1.5;7;5.4;25.2;;;;;;;;;;;;;;;;236;;
SCM;21.03.2001 00:00;;;;;;;;;958.3;;;;;1.9;14.6;6.8;52.6;;;;;;;;;;;;;;;;129;;
SCM;22.03.2001 00:00;;;;;;;;;956.9;;;;;3.4;21.6;12.2;77.8;;;;;;;;;;;;;;;;283;;
SCM;23.03.2001 00:00;;;;;;;;;960.3;;;;;1.9;15.7;6.8;56.5;;;;;;;;;;;;;;;;95;;
SCM;24.03.2001 00:00;;;;;;;;;954.1;;;;;1.6;13.6;5.8;49;;;;;;;;;;;;;;;;270;;
SCM;25.03.2001 00:00;;;;;;;;;951.1;;;;;2.3;13;8.3;46.8;;;;;;;;;;;;;;;;117;;
SCM;26.03.2001 00:00;;;;;;;;;958.8;;;;;1.1;9;4;32.4;;;;;;;;;;;;;;;;263;;
SCM;27.03.2001 00:00;;;;;;;;;962.6;;;;;1.5;6.8;5.4;24.5;;;;;;;;;;;;;;;;240;;
SCM;28.03.2001 00:00;;;;;;;;;960.6;;;;;1.3;17.3;4.7;62.3;;;;;;;;;;;;;;;;270;;
SCM;29.03.2001 00:00;;;;;;;;;956.1;;;;;1.6;11.2;5.8;40.3;;;;;;;;;;;;;;;;214;;
SCM;30.03.2001 00:00;;;;;;;;;965.9;;;;;1.2;7.1;4.3;25.6;;;;;;;;;;;;;;;;90;;
SCM;31.03.2001 00:00;;;;;;;;;975.7;;;;;1.4;8.6;5;31;;;;;;;;;;;;;;;;243;;
SCM;01.04.2001 00:00;;;;;;;;;975.6;;;;;1.4;7.1;5;25.6;;;;;;;;;;;;;;;;72;;
SCM;02.04.2001 00:00;;;;;;;;;970.9;;;;;1.2;8;4.3;28.8;;;;;;;;;;;;;;;;45;;
SCM;03.04.2001 00:00;;;;;;;;;970.4;;;;;1.1;7.3;4;26.3;;;;;;;;;;;;;;;;256;;
SCM;04.04.2001 00:00;;;;;;;;;965.5;;;;;2;22.1;7.2;79.6;;;;;;;;;;;;;;;;270;;
SCM;05.04.2001 00:00;;;;;;;;;970.5;;;;;1.8;11.6;6.5;41.8;;;;;;;;;;;;;;;;252;;
SCM;06.04.2001 00:00;;;;;;;;;966;;;;;2.1;13;7.6;46.8;;;;;;;;;;;;;;;;143;;
SCM;07.04.2001 00:00;;;;;;;;;959.4;;;;;1.5;10;5.4;36;;;;;;;;;;;;;;;;90;;
SCM;08.04.2001 00:00;;;;;;;;;966.5;;;;;1;6.7;3.6;24.1;;;;;;;;;;;;;;;;270;;
SCM;09.04.2001 00:00;;;;;;;;;973.3;;;;;1.1;7.1;4;25.6;;;;;;;;;;;;;;;;207;;
SCM;10.04.2001 00:00;;;;;;;;;966.7;;;;;1.4;10;5;36;;;;;;;;;;;;;;;;99;;
SCM;11.04.2001 00:00;;;;;;;;;969.4;;;;;1;6.7;3.6;24.1;;;;;;;;;;;;;;;;0;;
SCM;12.04.2001 00:00;;;;;;;;;974.8;;;;;0.7;4.2;2.5;15.1;;;;;;;;;;;;;;;;270;;
SCM;13.04.2001 00:00;;;;;;;;;974.7;;;;;1.3;8.3;4.7;29.9;;;;;;;;;;;;;;;;90;;
SCM;14.04.2001 00:00;;;;;;;;;975.1;;;;;1.1;5.2;4;18.7;;;;;;;;;;;;;;;;254;;
SCM;15.04.2001 00:00;;;;;;;;;966.5;;;;;1.4;10.6;5;38.2;;;;;;;;;;;;;;;;99;;
SCM;16.04.2001 00:00;;;;;;;;;965.4;;;;;1.1;8.2;4;29.5;;;;;;;;;;;;;;;;90;;
SCM;17.04.2001 00:00;;;;;;;;;968.1;;;;;0.8;5.3;2.9;19.1;;;;;;;;;;;;;;;;225;;
SCM;18.04.2001 00:00;;;;;;;;;960.6;;;;;2.1;13.5;7.6;48.6;;;;;;;;;;;;;;;;265;;
SCM;19.04.2001 00:00;;;;;;;;;960.6;;;;;1.6;8;5.8;28.8;;;;;;;;;;;;;;;;265;;
SCM;20.04.2001 00:00;;;;;;;;;959.8;;;;;1;5.7;3.6;20.5;;;;;;;;;;;;;;;;0;;
SCM;21.04.2001 00:00;;;;;;;;;956.9;;;;;1.9;7.7;6.8;27.7;;;;;;;;;;;;;;;;274;;
SCM;22.04.2001 00:00;;;;;;;;;958.2;;;;;1.3;4.8;4.7;17.3;;;;;;;;;;;;;;;;278;;
SCM;23.04.2001 00:00;;;;;;;;;956.8;;;;;2.1;9.7;7.6;34.9;;;;;;;;;;;;;;;;249;;
SCM;24.04.2001 00:00;;;;;;;;;964.3;;;;;1.8;9.2;6.5;33.1;;;;;;;;;;;;;;;;162;;
SCM;25.04.2001 00:00;;;;;;;;;966.4;;;;;2.2;12.6;7.9;45.4;;;;;;;;;;;;;;;;260;;
SCM;26.04.2001 00:00;;;;;;;;;972.7;;;;;2.1;15.5;7.6;55.8;;;;;;;;;;;;;;;;265;;
SCM;27.04.2001 00:00;;;;;;;;;969.4;;;;;1;5.5;3.6;19.8;;;;;;;;;;;;;;;;236;;
SCM;28.04.2001 00:00;;;;;;;;;966.9;;;;;1.2;6.2;4.3;22.3;;;;;;;;;;;;;;;;231;;
SCM;29.04.2001 00:00;;;;;;;;;962.5;;;;;1.4;6.2;5;22.3;;;;;;;;;;;;;;;;259;;
SCM;30.04.2001 00:00;;;;;;;;;960.6;;;;;3;15.2;10.8;54.7;;;;;;;;;;;;;;;;108;;
SCM;01.05.2001 00:00;;;;;;;;;965.9;;;;;3.4;13.6;12.2;49;;;;;;;;;;;;;;;;146;;
SCM;02.05.2001 00:00;;;;;;;;;964.7;;;;;1.6;7.6;5.8;27.4;;;;;;;;;;;;;;;;270;;
SCM;03.05.2001 00:00;;;;;;;;;959.1;;;;;2.4;9.8;8.6;35.3;;;;;;;;;;;;;;;;259;;
SCM;04.05.2001 00:00;;;;;;;;;956.4;;;;;1.5;9.1;5.4;32.8;;;;;;;;;;;;;;;;250;;
SCM;05.05.2001 00:00;;;;;;;;;957.3;;;;;1.4;6;5;21.6;;;;;;;;;;;;;;;;259;;
SCM;06.05.2001 00:00;;;;;;;;;964.5;;;;;1.5;4.8;5.4;17.3;;;;;;;;;;;;;;;;265;;
SCM;07.05.2001 00:00;;;;;;;;;969.3;;;;;1.1;4.1;4;14.8;;;;;;;;;;;;;;;;263;;
SCM;08.05.2001 00:00;;;;;;;;;972.1;;;;;1;4.3;3.6;15.5;;;;;;;;;;;;;;;;262;;
SCM;09.05.2001 00:00;;;;;;;;;970;;;;;1.3;6;4.7;21.6;;;;;;;;;;;;;;;;255;;
SCM;10.05.2001 00:00;;;;;;;;;967.8;;;;;1.1;9.8;4;35.3;;;;;;;;;;;;;;;;90;;
SCM;11.05.2001 00:00;;;;;;;;;968.3;;;;;1.7;9.7;6.1;34.9;;;;;;;;;;;;;;;;63;;
SCM;12.05.2001 00:00;;;;;;;;;968.1;;;;;1.9;10.2;6.8;36.7;;;;;;;;;;;;;;;;75;;
SCM;13.05.2001 00:00;;;;;;;;;964.3;;;;;0.9;6.1;3.2;22;;;;;;;;;;;;;;;;252;;
SCM;14.05.2001 00:00;;;;;;;;;961.7;;;;;2.2;18.8;7.9;67.7;;;;;;;;;;;;;;;;90;;
SCM;15.05.2001 00:00;;;;;;;;;962.4;;;;;1.6;27.6;5.8;99.4;;;;;;;;;;;;;;;;247;;
SCM;16.05.2001 00:00;;;;;;;;;963.7;;;;;2;13.1;7.2;47.2;;;;;;;;;;;;;;;;117;;
SCM;17.05.2001 00:00;;;;;;;;;965.3;;;;;1.2;9;4.3;32.4;;;;;;;;;;;;;;;;254;;
SCM;18.05.2001 00:00;;;;;;;;;970.8;;;;;1.6;17.3;5.8;62.3;;;;;;;;;;;;;;;;270;;
SCM;19.05.2001 00:00;;;;;;;;;974.2;;;;;1.8;9;6.5;32.4;;;;;;;;;;;;;;;;270;;
SCM;20.05.2001 00:00;;;;;;;;;971.7;;;;;1.7;8.7;6.1;31.3;;;;;;;;;;;;;;;;45;;
SCM;21.05.2001 00:00;;;;;;;;;967.4;;;;;1.7;11.5;6.1;41.4;;;;;;;;;;;;;;;;76;;
SCM;22.05.2001 00:00;;;;;;;;;966.7;;;;;1.4;6.2;5;22.3;;;;;;;;;;;;;;;;261;;
SCM;23.05.2001 00:00;;;;;;;;;970.6;;;;;1.1;6.1;4;22;;;;;;;;;;;;;;;;270;;
SCM;24.05.2001 00:00;;;;;;;;;971.3;;;;;0.9;7.8;3.2;28.1;;;;;;;;;;;;;;;;135;;
SCM;25.05.2001 00:00;;;;;;;;;970.3;;;;;1;9.8;3.6;35.3;;;;;;;;;;;;;;;;117;;
SCM;26.05.2001 00:00;;;;;;;;;972.3;;;;;1.2;6.5;4.3;23.4;;;;;;;;;;;;;;;;259;;
SCM;27.05.2001 00:00;;;;;;;;;975.3;;;;;1;6.7;3.6;24.1;;;;;;;;;;;;;;;;256;;
SCM;28.05.2001 00:00;;;;;;;;;976.1;;;;;1.3;7.1;4.7;25.6;;;;;;;;;;;;;;;;254;;
SCM;29.05.2001 00:00;;;;;;;;;973.7;;;;;1;6.2;3.6;22.3;;;;;;;;;;;;;;;;248;;
SCM;30.05.2001 00:00;;;;;;;;;968.7;;;;;1.2;5.3;4.3;19.1;;;;;;;;;;;;;;;;262;;
SCM;31.05.2001 00:00;;;;;;;;;967.3;;;;;1.3;16.1;4.7;58;;;;;;;;;;;;;;;;360;;
SCM;01.06.2001 00:00;;;;;;;;;971.9;;;;;1.5;5.2;5.4;18.7;;;;;;;;;;;;;;;;259;;
SCM;02.06.2001 00:00;;;;;;;;;966.7;;;;;1.1;9.5;4;34.2;;;;;;;;;;;;;;;;90;;
SCM;03.06.2001 00:00;;;;;;;;;969.9;;;;;1.7;10.6;6.1;38.2;;;;;;;;;;;;;;;;277;;
SCM;04.06.2001 00:00;;;;;;;;;977;;;;;1.3;5.6;4.7;20.2;;;;;;;;;;;;;;;;207;;
SCM;05.06.2001 00:00;;;;;;;;;972.1;;;;;1.1;5.6;4;20.2;;;;;;;;;;;;;;;;270;;
SCM;06.06.2001 00:00;;;;;;;;;969.3;;;;;1.2;14.2;4.3;51.1;;;;;;;;;;;;;;;;135;;
SCM;07.06.2001 00:00;;;;;;;;;968.3;;;;;2.1;5.1;7.6;18.4;;;;;;;;;;;;;;;;246;;
SCM;08.06.2001 00:00;;;;;;;;;966.1;;;;;0.8;7.6;2.9;27.4;;;;;;;;;;;;;;;;135;;
SCM;09.06.2001 00:00;;;;;;;;;964.3;;;;;1;6.1;3.6;22;;;;;;;;;;;;;;;;101;;
SCM;10.06.2001 00:00;;;;;;;;;964.9;;;;;1.7;6.3;6.1;22.7;;;;;;;;;;;;;;;;214;;
SCM;11.06.2001 00:00;;;;;;;;;973.4;;;;;1.9;9.8;6.8;35.3;;;;;;;;;;;;;;;;249;;
SCM;12.06.2001 00:00;;;;;;;;;972.4;;;;;1.6;6.6;5.8;23.8;;;;;;;;;;;;;;;;270;;
SCM;13.06.2001 00:00;;;;;;;;;967.8;;;;;1.4;10.6;5;38.2;;;;;;;;;;;;;;;;82;;
SCM;14.06.2001 00:00;;;;;;;;;968.1;;;;;1;6.7;3.6;24.1;;;;;;;;;;;;;;;;198;;
SCM;15.06.2001 00:00;;;;;;;;;966;;;;;2.7;15.7;9.7;56.5;;;;;;;;;;;;;;;;117;;
SCM;16.06.2001 00:00;;;;;;;;;965.2;;;;;3.4;15.3;12.2;55.1;;;;;;;;;;;;;;;;103;;
SCM;17.06.2001 00:00;;;;;;;;;966.8;;;;;1.7;13.6;6.1;49;;;;;;;;;;;;;;;;259;;
SCM;18.06.2001 00:00;;;;;;;;;973.6;;;;;2.3;13.6;8.3;49;;;;;;;;;;;;;;;;276;;
SCM;19.06.2001 00:00;;;;;;;;;976.8;;;;;0.8;3.7;2.9;13.3;;;;;;;;;;;;;;;;259;;
SCM;20.06.2001 00:00;;;;;;;;;972.7;;;;;1.7;6.5;6.1;23.4;;;;;;;;;;;;;;;;253;;
SCM;21.06.2001 00:00;;;;;;;;;967.7;;;;;1.6;8.5;5.8;30.6;;;;;;;;;;;;;;;;264;;
SCM;22.06.2001 00:00;;;;;;;;;966.4;;;;;1.7;9.1;6.1;32.8;;;;;;;;;;;;;;;;266;;
SCM;23.06.2001 00:00;;;;;;;;;969.9;;;;;1.2;5.7;4.3;20.5;;;;;;;;;;;;;;;;259;;
SCM;24.06.2001 00:00;;;;;;;;;972.8;;;;;0.8;3.8;2.9;13.7;;;;;;;;;;;;;;;;259;;
SCM;25.06.2001 00:00;;;;;;;;;973.8;;;;;1.3;6;4.7;21.6;;;;;;;;;;;;;;;;288;;
SCM;26.06.2001 00:00;;;;;;;;;970.1;;;;;1;5.3;3.6;19.1;;;;;;;;;;;;;;;;259;;
SCM;27.06.2001 00:00;;;;;;;;;967.2;;;;;2.4;19.8;8.6;71.3;;;;;;;;;;;;;;;;143;;
SCM;28.06.2001 00:00;;;;;;;;;971.9;;;;;1.4;8.1;5;29.2;;;;;;;;;;;;;;;;254;;
SCM;29.06.2001 00:00;;;;;;;;;974.5;;;;;1.1;3.5;4;12.6;;;;;;;;;;;;;;;;256;;
SCM;30.06.2001 00:00;;;;;;;;;973.7;;;;;1.3;6.8;4.7;24.5;;;;;;;;;;;;;;;;248;;
SCM;01.07.2001 00:00;;;;;;;;;976.9;;;;;2.1;9.7;7.6;34.9;;;;;;;;;;;;;;;;230;;
SCM;02.07.2001 00:00;;;;;;;;;976.6;;;;;1.4;6.2;5;22.3;;;;;;;;;;;;;;;;45;;
SCM;03.07.2001 00:00;;;;;;;;;969.4;;;;;1.6;7.2;5.8;25.9;;;;;;;;;;;;;;;;360;;
SCM;04.07.2001 00:00;;;;;;;;;963.8;;;;;1;3.8;3.6;13.7;;;;;;;;;;;;;;;;252;;
SCM;05.07.2001 00:00;;;;;;;;;963.7;;;;;1.6;7.7;5.8;27.7;;;;;;;;;;;;;;;;76;;
SCM;06.07.2001 00:00;;;;;;;;;960.9;;;;;2.9;15.8;10.4;56.9;;;;;;;;;;;;;;;;171;;
SCM;07.07.2001 00:00;;;;;;;;;965.4;;;;;2.2;15.1;7.9;54.4;;;;;;;;;;;;;;;;76;;
SCM;08.07.2001 00:00;;;;;;;;;968.5;;;;;1.7;13.8;6.1;49.7;;;;;;;;;;;;;;;;225;;
SCM;09.07.2001 00:00;;;;;;;;;969.2;;;;;1;4.3;3.6;15.5;;;;;;;;;;;;;;;;207;;
SCM;10.07.2001 00:00;;;;;;;;;966.9;;;;;1.2;7.8;4.3;28.1;;;;;;;;;;;;;;;;162;;
SCM;11.07.2001 00:00;;;;;;;;;969.6;;;;;0.8;3.1;2.9;11.2;;;;;;;;;;;;;;;;90;;
SCM;12.07.2001 00:00;;;;;;;;;968.6;;;;;1.4;6.1;5;22;;;;;;;;;;;;;;;;236;;
SCM;13.07.2001 00:00;;;;;;;;;966.2;;;;;1.1;9.3;4;33.5;;;;;;;;;;;;;;;;180;;
SCM;14.07.2001 00:00;;;;;;;;;963.2;;;;;1.8;11.5;6.5;41.4;;;;;;;;;;;;;;;;257;;
SCM;15.07.2001 00:00;;;;;;;;;966.1;;;;;2.5;19;9;68.4;;;;;;;;;;;;;;;;259;;
SCM;16.07.2001 00:00;;;;;;;;;967.7;;;;;1.1;5.2;4;18.7;;;;;;;;;;;;;;;;263;;
SCM;17.07.2001 00:00;;;;;;;;;963.4;;;;;0.9;4.8;3.2;17.3;;;;;;;;;;;;;;;;207;;
SCM;18.07.2001 00:00;;;;;;;;;960.9;;;;;2.9;10.6;10.4;38.2;;;;;;;;;;;;;;;;88;;
SCM;19.07.2001 00:00;;;;;;;;;960.5;;;;;1.3;6.7;4.7;24.1;;;;;;;;;;;;;;;;95;;
SCM;20.07.2001 00:00;;;;;;;;;968.2;;;;;1.6;11.1;5.8;40;;;;;;;;;;;;;;;;281;;
SCM;21.07.2001 00:00;;;;;;;;;973.5;;;;;1.6;;5.8;;;;;;;;;;;;;;;;;233;;
SCM;22.07.2001 00:00;;;;;;;;;970.9;;;;;0.9;5.8;3.2;20.9;;;;;;;;;;;;;;;;270;;
SCM;23.07.2001 00:00;;;;;;;;;968.3;;;;;1.3;20;4.7;72;;;;;;;;;;;;;;;;270;;
SCM;24.07.2001 00:00;;;;;;;;;968.1;;;;;1;5.6;3.6;20.2;;;;;;;;;;;;;;;;117;;
SCM;25.07.2001 00:00;;;;;;;;;968.2;;;;;1.6;10.2;5.8;36.7;;;;;;;;;;;;;;;;66;;
SCM;26.07.2001 00:00;;;;;;;;;968.5;;;;;0.9;4.1;3.2;14.8;;;;;;;;;;;;;;;;270;;
SCM;27.07.2001 00:00;;;;;;;;;969.2;;;;;1.2;9.6;4.3;34.6;;;;;;;;;;;;;;;;90;;
SCM;28.07.2001 00:00;;;;;;;;;971.1;;;;;1;5.3;3.6;19.1;;;;;;;;;;;;;;;;315;;
SCM;29.07.2001 00:00;;;;;;;;;973.3;;;;;1.2;5;4.3;18;;;;;;;;;;;;;;;;270;;
SCM;30.07.2001 00:00;;;;;;;;;975.4;;;;;1.1;4.6;4;16.6;;;;;;;;;;;;;;;;270;;
SCM;31.07.2001 00:00;;;;;;;;;974.7;;;;;0.8;4.3;2.9;15.5;;;;;;;;;;;;;;;;252;;
SCM;01.08.2001 00:00;;;;;;;;;972.9;;;;;0.9;3.7;3.2;13.3;;;;;;;;;;;;;;;;252;;
SCM;02.08.2001 00:00;;;;;;;;;966.4;;;;;1.3;9.6;4.7;34.6;;;;;;;;;;;;;;;;225;;
SCM;03.08.2001 00:00;;;;;;;;;967.9;;;;;1.6;7.7;5.8;27.7;;;;;;;;;;;;;;;;270;;
SCM;04.08.2001 00:00;;;;;;;;;971.6;;;;;1.2;13;4.3;46.8;;;;;;;;;;;;;;;;117;;
SCM;05.08.2001 00:00;;;;;;;;;973.8;;;;;1.1;7.5;4;27;;;;;;;;;;;;;;;;233;;
SCM;06.08.2001 00:00;;;;;;;;;971.4;;;;;1;4.8;3.6;17.3;;;;;;;;;;;;;;;;180;;
SCM;07.08.2001 00:00;;;;;;;;;968.1;;;;;1;4.6;3.6;16.6;;;;;;;;;;;;;;;;153;;
SCM;08.08.2001 00:00;;;;;;;;;966.1;;;;;1;6.2;3.6;22.3;;;;;;;;;;;;;;;;90;;
SCM;09.08.2001 00:00;;;;;;;;;969.6;;;;;0.9;3.5;3.2;12.6;;;;;;;;;;;;;;;;108;;
SCM;10.08.2001 00:00;;;;;;;;;975.6;;;;;0.8;7;2.9;25.2;;;;;;;;;;;;;;;;104;;
SCM;11.08.2001 00:00;;;;;;;;;978.5;;;;;0.9;3.6;3.2;13;;;;;;;;;;;;;;;;214;;
SCM;12.08.2001 00:00;;;;;;;;;974.4;;;;;1.1;4.8;4;17.3;;;;;;;;;;;;;;;;225;;
SCM;13.08.2001 00:00;;;;;;;;;970.7;;;;;0.9;4.6;3.2;16.6;;;;;;;;;;;;;;;;90;;
SCM;14.08.2001 00:00;;;;;;;;;969.6;;;;;0.7;5.6;2.5;20.2;;;;;;;;;;;;;;;;0;;
SCM;15.08.2001 00:00;;;;;;;;;970.2;;;;;1;7.2;3.6;25.9;;;;;;;;;;;;;;;;72;;
SCM;16.08.2001 00:00;;;;;;;;;970.9;;;;;2.1;11.8;7.6;42.5;;;;;;;;;;;;;;;;256;;
SCM;17.08.2001 00:00;;;;;;;;;969.3;;;;;1.8;18.1;6.5;65.2;;;;;;;;;;;;;;;;107;;
SCM;18.08.2001 00:00;;;;;;;;;965.9;;;;;0.8;4.7;2.9;16.9;;;;;;;;;;;;;;;;0;;
SCM;19.08.2001 00:00;;;;;;;;;965.3;;;;;1.6;6.5;5.8;23.4;;;;;;;;;;;;;;;;256;;
SCM;20.08.2001 00:00;;;;;;;;;968.8;;;;;1.7;13.8;6.1;49.7;;;;;;;;;;;;;;;;106;;
SCM;21.08.2001 00:00;;;;;;;;;971.1;;;;;1.4;7;5;25.2;;;;;;;;;;;;;;;;72;;
SCM;22.08.2001 00:00;;;;;;;;;972.7;;;;;1.3;5.7;4.7;20.5;;;;;;;;;;;;;;;;270;;
SCM;23.08.2001 00:00;;;;;;;;;971.9;;;;;1.5;6.5;5.4;23.4;;;;;;;;;;;;;;;;243;;
SCM;24.08.2001 00:00;;;;;;;;;970.9;;;;;1.2;5.2;4.3;18.7;;;;;;;;;;;;;;;;248;;
SCM;25.08.2001 00:00;;;;;;;;;970.8;;;;;1;5.5;3.6;19.8;;;;;;;;;;;;;;;;225;;
SCM;26.08.2001 00:00;;;;;;;;;970.5;;;;;0.8;3.5;2.9;12.6;;;;;;;;;;;;;;;;270;;
SCM;27.08.2001 00:00;;;;;;;;;968.9;;;;;1.5;8.1;5.4;29.2;;;;;;;;;;;;;;;;261;;
SCM;28.08.2001 00:00;;;;;;;;;968.3;;;;;1.1;4.3;4;15.5;;;;;;;;;;;;;;;;239;;
SCM;29.08.2001 00:00;;;;;;;;;964.6;;;;;1.4;5.1;5;18.4;;;;;;;;;;;;;;;;249;;
SCM;30.08.2001 00:00;;;;;;;;;963.7;;;;;1.1;8;4;28.8;;;;;;;;;;;;;;;;117;;
SCM;31.08.2001 00:00;;;;;;;;;965.1;;;;;0.8;7.7;2.9;27.7;;;;;;;;;;;;;;;;90;;
SCM;01.09.2001 00:00;;;;;;;;;968.7;;;;;0.7;5;2.5;18;;;;;;;;;;;;;;;;0;;
SCM;02.09.2001 00:00;;;;;;;;;970.9;;;;;1;4.3;3.6;15.5;;;;;;;;;;;;;;;;194;;
SCM;03.09.2001 00:00;;;;;;;;;967.7;;;;;1.2;7;4.3;25.2;;;;;;;;;;;;;;;;135;;
SCM;04.09.2001 00:00;;;;;;;;;965.4;;;;;1.6;19.6;5.8;70.6;;;;;;;;;;;;;;;;307;;
SCM;05.09.2001 00:00;;;;;;;;;971.2;;;;;2.7;11;9.7;39.6;;;;;;;;;;;;;;;;279;;
SCM;06.09.2001 00:00;;;;;;;;;970.5;;;;;1.1;6.5;4;23.4;;;;;;;;;;;;;;;;207;;
SCM;07.09.2001 00:00;;;;;;;;;970.2;;;;;0.8;4.3;2.9;15.5;;;;;;;;;;;;;;;;0;;
SCM;08.09.2001 00:00;;;;;;;;;966.3;;;;;1.5;12.1;5.4;43.6;;;;;;;;;;;;;;;;291;;
SCM;09.09.2001 00:00;;;;;;;;;966.9;;;;;2.3;14.7;8.3;52.9;;;;;;;;;;;;;;;;261;;
SCM;10.09.2001 00:00;;;;;;;;;969.2;;;;;1.6;11.8;5.8;42.5;;;;;;;;;;;;;;;;256;;
SCM;11.09.2001 00:00;;;;;;;;;971.2;;;;;0.9;5;3.2;18;;;;;;;;;;;;;;;;104;;
SCM;12.09.2001 00:00;;;;;;;;;972.5;;;;;1.1;3.7;4;13.3;;;;;;;;;;;;;;;;90;;
SCM;13.09.2001 00:00;;;;;;;;;964.9;;;;;0.9;7.2;3.2;25.9;;;;;;;;;;;;;;;;81;;
SCM;14.09.2001 00:00;;;;;;;;;962.4;;;;;1.1;12.1;4;43.6;;;;;;;;;;;;;;;;90;;
SCM;15.09.2001 00:00;;;;;;;;;968.1;;;;;0.9;7.8;3.2;28.1;;;;;;;;;;;;;;;;117;;
SCM;16.09.2001 00:00;;;;;;;;;966.9;;;;;1.7;15.5;6.1;55.8;;;;;;;;;;;;;;;;278;;
SCM;17.09.2001 00:00;;;;;;;;;966.6;;;;;0.8;3.5;2.9;12.6;;;;;;;;;;;;;;;;90;;
SCM;18.09.2001 00:00;;;;;;;;;966.6;;;;;1.4;5.8;5;20.9;;;;;;;;;;;;;;;;207;;
SCM;19.09.2001 00:00;;;;;;;;;966.2;;;;;1.2;5.8;4.3;20.9;;;;;;;;;;;;;;;;225;;
SCM;20.09.2001 00:00;;;;;;;;;968.5;;;;;1;9.3;3.6;33.5;;;;;;;;;;;;;;;;90;;
SCM;21.09.2001 00:00;;;;;;;;;969.1;;;;;1.2;7.3;4.3;26.3;;;;;;;;;;;;;;;;90;;
SCM;22.09.2001 00:00;;;;;;;;;966;;;;;0.8;5.8;2.9;20.9;;;;;;;;;;;;;;;;90;;
SCM;23.09.2001 00:00;;;;;;;;;958.9;;;;;0.9;5.1;3.2;18.4;;;;;;;;;;;;;;;;252;;
SCM;24.09.2001 00:00;;;;;;;;;963.1;;;;;0.5;2.7;1.8;9.7;;;;;;;;;;;;;;;;225;;
SCM;25.09.2001 00:00;;;;;;;;;969.7;;;;;0.9;5.5;3.2;19.8;;;;;;;;;;;;;;;;90;;
SCM;26.09.2001 00:00;;;;;;;;;973.6;;;;;0.9;6.7;3.2;24.1;;;;;;;;;;;;;;;;90;;
SCM;27.09.2001 00:00;;;;;;;;;972;;;;;1.1;8.1;4;29.2;;;;;;;;;;;;;;;;82;;
SCM;28.09.2001 00:00;;;;;;;;;969.4;;;;;0.9;4.5;3.2;16.2;;;;;;;;;;;;;;;;90;;
SCM;29.09.2001 00:00;;;;;;;;;967.5;;;;;0.7;5.5;2.5;19.8;;;;;;;;;;;;;;;;243;;
SCM;30.09.2001 00:00;;;;;;;;;969.2;;;;;0.9;9.2;3.2;33.1;;;;;;;;;;;;;;;;90;;
SCM;01.10.2001 00:00;;;;;;;;;969.1;;;;;1.4;8.1;5;29.2;;;;;;;;;;;;;;;;84;;
SCM;02.10.2001 00:00;;;;;;;;;968.6;;;;;1.1;7;4;25.2;;;;;;;;;;;;;;;;79;;
SCM;03.10.2001 00:00;;;;;;;;;967.1;;;;;1.4;16;5;57.6;;;;;;;;;;;;;;;;270;;
SCM;04.10.2001 00:00;;;;;;;;;970.3;;;;;1.1;8.7;4;31.3;;;;;;;;;;;;;;;;225;;
SCM;05.10.2001 00:00;;;;;;;;;966.1;;;;;0.7;4.2;2.5;15.1;;;;;;;;;;;;;;;;180;;
SCM;06.10.2001 00:00;;;;;;;;;965.5;;;;;1;5.3;3.6;19.1;;;;;;;;;;;;;;;;90;;
SCM;07.10.2001 00:00;;;;;;;;;963.8;;;;;1.2;14.7;4.3;52.9;;;;;;;;;;;;;;;;81;;
SCM;08.10.2001 00:00;;;;;;;;;965.5;;;;;1.3;12.2;4.7;43.9;;;;;;;;;;;;;;;;252;;
SCM;09.10.2001 00:00;;;;;;;;;969.9;;;;;1.2;8.6;4.3;31;;;;;;;;;;;;;;;;166;;
SCM;10.10.2001 00:00;;;;;;;;;978.4;;;;;0.7;4;2.5;14.4;;;;;;;;;;;;;;;;243;;
SCM;11.10.2001 00:00;;;;;;;;;982.9;;;;;0.8;5.6;2.9;20.2;;;;;;;;;;;;;;;;90;;
SCM;12.10.2001 00:00;;;;;;;;;980.4;;;;;0.7;3;2.5;10.8;;;;;;;;;;;;;;;;252;;
SCM;13.10.2001 00:00;;;;;;;;;976.9;;;;;0.7;3.3;2.5;11.9;;;;;;;;;;;;;;;;270;;
SCM;14.10.2001 00:00;;;;;;;;;973.5;;;;;0.5;3.1;1.8;11.2;;;;;;;;;;;;;;;;90;;
SCM;15.10.2001 00:00;;;;;;;;;971.4;;;;;0.5;2.3;1.8;8.3;;;;;;;;;;;;;;;;270;;
SCM;16.10.2001 00:00;;;;;;;;;977;;;;;0.7;3.2;2.5;11.5;;;;;;;;;;;;;;;;0;;
SCM;17.10.2001 00:00;;;;;;;;;973.1;;;;;0.9;5;3.2;18;;;;;;;;;;;;;;;;135;;
SCM;18.10.2001 00:00;;;;;;;;;968.4;;;;;1.3;7.1;4.7;25.6;;;;;;;;;;;;;;;;243;;
SCM;19.10.2001 00:00;;;;;;;;;966.8;;;;;0.9;4.2;3.2;15.1;;;;;;;;;;;;;;;;259;;
SCM;20.10.2001 00:00;;;;;;;;;960.5;;;;;2.7;17.7;9.7;63.7;;;;;;;;;;;;;;;;225;;
SCM;21.10.2001 00:00;;;;;;;;;962.5;;;;;1.7;12.3;6.1;44.3;;;;;;;;;;;;;;;;90;;
SCM;22.10.2001 00:00;;;;;;;;;969.1;;;;;1.1;5.6;4;20.2;;;;;;;;;;;;;;;;99;;
SCM;23.10.2001 00:00;;;;;;;;;971.2;;;;;0.7;8.2;2.5;29.5;;;;;;;;;;;;;;;;90;;
SCM;24.10.2001 00:00;;;;;;;;;977.7;;;;;0.5;2.3;1.8;8.3;;;;;;;;;;;;;;;;90;;
SCM;25.10.2001 00:00;;;;;;;;;978.9;;;;;1.2;10.5;4.3;37.8;;;;;;;;;;;;;;;;90;;
SCM;26.10.2001 00:00;;;;;;;;;975;;;;;1.1;6.5;4;23.4;;;;;;;;;;;;;;;;225;;
SCM;27.10.2001 00:00;;;;;;;;;975.4;;;;;1;6.2;3.6;22.3;;;;;;;;;;;;;;;;82;;
SCM;28.10.2001 00:00;;;;;;;;;978.1;;;;;1;9.1;3.6;32.8;;;;;;;;;;;;;;;;81;;
SCM;29.10.2001 00:00;;;;;;;;;979.2;;;;;0.6;6.3;2.2;22.7;;;;;;;;;;;;;;;;72;;
SCM;30.10.2001 00:00;;;;;;;;;978.4;;;;;0.9;7.3;3.2;26.3;;;;;;;;;;;;;;;;79;;
SCM;31.10.2001 00:00;;;;;;;;;976.3;;;;;1.1;15.7;4;56.5;;;;;;;;;;;;;;;;270;;
SCM;01.11.2001 00:00;;;;;;;;;986;;;;;1.4;7.1;5;25.6;;;;;;;;;;;;;;;;82;;
SCM;02.11.2001 00:00;;;;;;;;;987.6;;;;;2;9.3;7.2;33.5;;;;;;;;;;;;;;;;83;;
SCM;03.11.2001 00:00;;;;;;;;;982.4;;;;;0.8;4;2.9;14.4;;;;;;;;;;;;;;;;180;;
SCM;04.11.2001 00:00;;;;;;;;;975.4;;;;;0.6;2.3;2.2;8.3;;;;;;;;;;;;;;;;90;;
SCM;05.11.2001 00:00;;;;;;;;;974;;;;;0.6;3.6;2.2;13;;;;;;;;;;;;;;;;76;;
SCM;06.11.2001 00:00;;;;;;;;;971.8;;;;;1.9;10.8;6.8;38.9;;;;;;;;;;;;;;;;281;;
SCM;07.11.2001 00:00;;;;;;;;;967.4;;;;;0.8;6;2.9;21.6;;;;;;;;;;;;;;;;79;;
SCM;08.11.2001 00:00;;;;;;;;;954.8;;;;;5.2;21.5;18.7;77.4;;;;;;;;;;;;;;;;277;;
SCM;09.11.2001 00:00;;;;;;;;;963.5;;;;;1.3;8.6;4.7;31;;;;;;;;;;;;;;;;315;;
SCM;10.11.2001 00:00;;;;;;;;;975.6;;;;;2.3;9.1;8.3;32.8;;;;;;;;;;;;;;;;72;;
SCM;11.11.2001 00:00;;;;;;;;;972.5;;;;;1.1;7.8;4;28.1;;;;;;;;;;;;;;;;63;;
SCM;12.11.2001 00:00;;;;;;;;;966.4;;;;;0.7;3.2;2.5;11.5;;;;;;;;;;;;;;;;333;;
SCM;13.11.2001 00:00;;;;;;;;;964.7;;;;;0.7;4.7;2.5;16.9;;;;;;;;;;;;;;;;76;;
SCM;14.11.2001 00:00;;;;;;;;;974.2;;;;;2;7.8;7.2;28.1;;;;;;;;;;;;;;;;54;;
SCM;15.11.2001 00:00;;;;;;;;;982.5;;;;;2;8.7;7.2;31.3;;;;;;;;;;;;;;;;57;;
SCM;16.11.2001 00:00;;;;;;;;;986.5;;;;;0.7;4.5;2.5;16.2;;;;;;;;;;;;;;;;56;;
SCM;17.11.2001 00:00;;;;;;;;;983.3;;;;;0.8;3.7;2.5;13.3;;;;;;;;;;;;;;;;63;;
SCM;18.11.2001 00:00;;;;;;;;;974.3;;;;;0.9;3.5;3.2;12.6;;;;;;;;;;;;;;;;124;;
SCM;19.11.2001 00:00;;;;;;;;;972.4;;;;;1.6;7.7;5.8;27.7;;;;;;;;;;;;;;;;60;;
SCM;20.11.2001 00:00;;;;;;;;;979.6;;;;;1.6;7.7;5.8;27.7;;;;;;;;;;;;;;;;70;;
SCM;21.11.2001 00:00;;;;;;;;;983.2;;;;;0.7;3.2;2.5;11.5;;;;;;;;;;;;;;;;99;;
SCM;22.11.2001 00:00;;;;;;;;;975.2;;;;;1.7;17.8;6.1;64.1;;;;;;;;;;;;;;;;288;;
SCM;23.11.2001 00:00;;;;;;;;;973.6;;;;;1.9;10.5;6.8;37.8;;;;;;;;;;;;;;;;286;;
SCM;24.11.2001 00:00;;;;;;;;;977.1;;;;;0.8;3;2.9;10.8;;;;;;;;;;;;;;;;74;;
SCM;25.11.2001 00:00;;;;;;;;;972.4;;;;;0.7;2.6;2.5;9.4;;;;;;;;;;;;;;;;72;;
SCM;26.11.2001 00:00;;;;;;;;;965.7;;;;;0.7;4.1;2.5;14.8;;;;;;;;;;;;;;;;82;;
SCM;27.11.2001 00:00;;;;;;;;;965.3;;;;;0.8;7.8;2.9;28.1;;;;;;;;;;;;;;;;297;;
SCM;28.11.2001 00:00;;;;;;;;;972;;;;;0.9;9.1;3.2;32.8;;;;;;;;;;;;;;;;79;;
SCM;29.11.2001 00:00;;;;;;;;;975.9;;;;;0.8;5.2;2.9;18.7;;;;;;;;;;;;;;;;90;;
SCM;30.11.2001 00:00;;;;;;;;;970.3;;;;;1;9.8;3.6;35.3;;;;;;;;;;;;;;;;84;;
SCM;01.12.2001 00:00;;;;;;;;;973;;;;;0.8;8;2.9;28.8;;;;;;;;;;;;;;;;81;;
SCM;02.12.2001 00:00;;;;;;;;;974.9;;;;;0.8;5.3;2.9;19.1;;;;;;;;;;;;;;;;117;;
SCM;03.12.2001 00:00;;;;;;;;;975.3;;;;;0.8;6;2.9;21.6;;;;;;;;;;;;;;;;90;;
SCM;04.12.2001 00:00;;;;;;;;;973;;;;;1;8.8;3.6;31.7;;;;;;;;;;;;;;;;83;;
SCM;05.12.2001 00:00;;;;;;;;;976.2;;;;;1.2;9.7;4.3;34.9;;;;;;;;;;;;;;;;101;;
SCM;06.12.2001 00:00;;;;;;;;;978.8;;;;;2.4;11.8;8.6;42.5;;;;;;;;;;;;;;;;277;;
SCM;07.12.2001 00:00;;;;;;;;;983.9;;;;;1.9;9.8;6.8;35.3;;;;;;;;;;;;;;;;79;;
SCM;08.12.2001 00:00;;;;;;;;;985;;;;;1.6;8.7;5.8;31.3;;;;;;;;;;;;;;;;65;;
SCM;09.12.2001 00:00;;;;;;;;;985.4;;;;;1.2;9.5;4.3;34.2;;;;;;;;;;;;;;;;63;;
SCM;10.12.2001 00:00;;;;;;;;;987.1;;;;;1;4.8;3.6;17.3;;;;;;;;;;;;;;;;108;;
SCM;11.12.2001 00:00;;;;;;;;;983.6;;;;;0.7;3.6;2.5;13;;;;;;;;;;;;;;;;90;;
SCM;12.12.2001 00:00;;;;;;;;;976.7;;;;;1.4;8.2;5;29.5;;;;;;;;;;;;;;;;81;;
SCM;13.12.2001 00:00;;;;;;;;;975.4;;;;;2.1;15.8;7.6;56.9;;;;;;;;;;;;;;;;74;;
SCM;14.12.2001 00:00;;;;;;;;;980.6;;;;;3.2;13.5;11.5;48.6;;;;;;;;;;;;;;;;52;;
SCM;15.12.2001 00:00;;;;;;;;;980.2;;;;;1.3;7;4.7;25.2;;;;;;;;;;;;;;;;45;;
SCM;16.12.2001 00:00;;;;;;;;;980.4;;;;;1.5;5.5;5.4;19.8;;;;;;;;;;;;;;;;81;;
SCM;17.12.2001 00:00;;;;;;;;;983.4;;;;;1.3;6.1;4.7;22;;;;;;;;;;;;;;;;85;;
SCM;18.12.2001 00:00;;;;;;;;;983.6;;;;;0.8;3.3;2.9;11.9;;;;;;;;;;;;;;;;82;;
SCM;19.12.2001 00:00;;;;;;;;;981.2;;;;;0.9;3.7;3.2;13.3;;;;;;;;;;;;;;;;81;;
SCM;20.12.2001 00:00;;;;;;;;;976.8;;;;;0.8;3.5;2.9;12.6;;;;;;;;;;;;;;;;81;;
SCM;21.12.2001 00:00;;;;;;;;;971.6;;;;;1;3.7;3.6;13.3;;;;;;;;;;;;;;;;83;;
SCM;22.12.2001 00:00;;;;;;;;;961.9;;;;;1.3;8.5;4.7;30.6;;;;;;;;;;;;;;;;326;;
SCM;23.12.2001 00:00;;;;;;;;;967.2;;;;;1.2;6.7;4.3;24.1;;;;;;;;;;;;;;;;310;;
SCM;24.12.2001 00:00;;;;;;;;;970.3;;;;;1.1;4;4;14.4;;;;;;;;;;;;;;;;84;;
SCM;25.12.2001 00:00;;;;;;;;;960.6;;;;;1.2;8.6;4.3;31;;;;;;;;;;;;;;;;72;;
SCM;26.12.2001 00:00;;;;;;;;;958.7;;;;;2.4;14.1;8.6;50.8;;;;;;;;;;;;;;;;282;;
SCM;27.12.2001 00:00;;;;;;;;;968.2;;;;;2.1;12.2;7.6;43.9;;;;;;;;;;;;;;;;72;;
SCM;28.12.2001 00:00;;;;;;;;;964.3;;;;;2;12.5;7.2;45;;;;;;;;;;;;;;;;45;;
SCM;29.12.2001 00:00;;;;;;;;;954.7;;;;;1.2;7.3;4.3;26.3;;;;;;;;;;;;;;;;63;;
SCM;30.12.2001 00:00;;;;;;;;;963;;;;;1.4;12.3;5;44.3;;;;;;;;;;;;;;;;264;;
SCM;31.12.2001 00:00;;;;;;;;;976.9;;;;;1.3;4.8;4.7;17.3;;;;;;;;;;;;;;;;225;;
SCM;01.01.2002 00:00;;;;;;;;;988.2;;;;;1.3;7.1;4.7;25.6;;;;;;;;;;;;;;;;80;;
SCM;02.01.2002 00:00;;;;;;;;;985.3;;;;;1;6.5;3.6;23.4;;;;;;;;;;;;;;;;76;;
SCM;03.01.2002 00:00;;;;;;;;;980.2;;;;;1;10.3;3.6;37.1;;;;;;;;;;;;;;;;84;;
SCM;04.01.2002 00:00;;;;;;;;;984.5;;;;;0.9;4.5;3.2;16.2;;;;;;;;;;;;;;;;82;;
SCM;05.01.2002 00:00;;;;;;;;;988.2;;;;;0.9;3;3.2;10.8;;;;;;;;;;;;;;;;90;;
SCM;06.01.2002 00:00;;;;;;;;;986.4;;;;;1.1;4.2;4;15.1;;;;;;;;;;;;;;;;68;;
SCM;07.01.2002 00:00;;;;;;;;;980.3;;;;;0.9;3.3;3.2;11.9;;;;;;;;;;;;;;;;79;;
SCM;08.01.2002 00:00;;;;;;;;;984.6;;;;;0.8;3;2.9;10.8;;;;;;;;;;;;;;;;81;;
SCM;09.01.2002 00:00;;;;;;;;;989.3;;;;;0.9;3.3;3.2;11.9;;;;;;;;;;;;;;;;79;;
SCM;10.01.2002 00:00;;;;;;;;;987.9;;;;;0.9;3.1;3.2;11.2;;;;;;;;;;;;;;;;74;;
SCM;11.01.2002 00:00;;;;;;;;;986.6;;;;;0.8;3.2;2.9;11.5;;;;;;;;;;;;;;;;82;;
SCM;12.01.2002 00:00;;;;;;;;;984.9;;;;;0.7;3.7;2.5;13.3;;;;;;;;;;;;;;;;90;;
SCM;13.01.2002 00:00;;;;;;;;;981.5;;;;;0.8;3.8;2.9;13.7;;;;;;;;;;;;;;;;90;;
SCM;14.01.2002 00:00;;;;;;;;;979.1;;;;;1;3.5;3.6;12.6;;;;;;;;;;;;;;;;117;;
SCM;15.01.2002 00:00;;;;;;;;;973.2;;;;;1;4.2;3.6;15.1;;;;;;;;;;;;;;;;106;;
SCM;16.01.2002 00:00;;;;;;;;;973.7;;;;;0.7;3.6;2.5;13;;;;;;;;;;;;;;;;90;;
SCM;17.01.2002 00:00;;;;;;;;;975.9;;;;;0.9;4.7;3.2;16.9;;;;;;;;;;;;;;;;252;;
SCM;18.01.2002 00:00;;;;;;;;;975.6;;;;;1;4;3.6;14.4;;;;;;;;;;;;;;;;82;;
SCM;19.01.2002 00:00;;;;;;;;;975.1;;;;;1;5.6;3.6;20.2;;;;;;;;;;;;;;;;74;;
SCM;20.01.2002 00:00;;;;;;;;;977.2;;;;;0.8;4.3;2.9;15.5;;;;;;;;;;;;;;;;74;;
SCM;21.01.2002 00:00;;;;;;;;;972.7;;;;;1.2;9.1;4.3;32.8;;;;;;;;;;;;;;;;74;;
SCM;22.01.2002 00:00;;;;;;;;;968.3;;;;;0.9;6.2;3.2;22.3;;;;;;;;;;;;;;;;76;;
SCM;23.01.2002 00:00;;;;;;;;;963.3;;;;;1.7;10.2;6.1;36.7;;;;;;;;;;;;;;;;207;;
SCM;24.01.2002 00:00;;;;;;;;;961.3;;;;;2.4;12.8;8.6;46.1;;;;;;;;;;;;;;;;279;;
SCM;25.01.2002 00:00;;;;;;;;;973.6;;;;;1.6;10.8;5.8;38.9;;;;;;;;;;;;;;;;283;;
SCM;26.01.2002 00:00;;;;;;;;;974;;;;;1;6.5;3.6;23.4;;;;;;;;;;;;;;;;90;;
SCM;27.01.2002 00:00;;;;;;;;;971.7;;;;;1.9;15.7;6.8;56.5;;;;;;;;;;;;;;;;333;;
SCM;28.01.2002 00:00;;;;;;;;;980.2;;;;;1.1;6.7;4;24.1;;;;;;;;;;;;;;;;76;;
SCM;29.01.2002 00:00;;;;;;;;;981.3;;;;;1;11.1;3.6;40;;;;;;;;;;;;;;;;76;;
SCM;30.01.2002 00:00;;;;;;;;;976.1;;;;;0.9;6.7;3.2;24.1;;;;;;;;;;;;;;;;297;;
SCM;31.01.2002 00:00;;;;;;;;;975;;;;;0.7;4.5;2.5;16.2;;;;;;;;;;;;;;;;90;;
SCM;01.02.2002 00:00;;;;;;;;;979;;;;;1.4;14.1;5;50.8;;;;;;;;;;;;;;;;90;;
SCM;02.02.2002 00:00;;;;;;;;;979.8;;;;;1.5;11.1;5.4;40;;;;;;;;;;;;;;;;270;;
SCM;03.02.2002 00:00;;;;;;;;;974.1;;;;;1.7;7.2;6.1;25.9;;;;;;;;;;;;;;;;270;;
SCM;04.02.2002 00:00;;;;;;;;;976.3;;;;;0.9;6.6;3.2;23.8;;;;;;;;;;;;;;;;0;;
SCM;05.02.2002 00:00;;;;;;;;;966.7;;;;;1;6.5;3.6;23.4;;;;;;;;;;;;;;;;360;;
SCM;06.02.2002 00:00;;;;;;;;;960.1;;;;;0.6;9.7;2.2;34.9;;;;;;;;;;;;;;;;225;;
SCM;07.02.2002 00:00;;;;;;;;;973.3;;;;;0.7;2.7;2.5;9.7;;;;;;;;;;;;;;;;117;;
SCM;08.02.2002 00:00;;;;;;;;;978.7;;;;;0.8;6.5;2.9;23.4;;;;;;;;;;;;;;;;90;;
SCM;09.02.2002 00:00;;;;;;;;;970.7;;;;;0.8;7.3;2.9;26.3;;;;;;;;;;;;;;;;72;;
SCM;10.02.2002 00:00;;;;;;;;;969.9;;;;;3.1;15.5;11.2;55.8;;;;;;;;;;;;;;;;278;;
SCM;11.02.2002 00:00;;;;;;;;;971.6;;;;;1.2;6.3;4.3;22.7;;;;;;;;;;;;;;;;76;;
SCM;12.02.2002 00:00;;;;;;;;;973.6;;;;;1.6;10;5.8;36;;;;;;;;;;;;;;;;360;;
SCM;13.02.2002 00:00;;;;;;;;;970.1;;;;;1.5;8.8;5.4;31.7;;;;;;;;;;;;;;;;63;;
SCM;14.02.2002 00:00;;;;;;;;;964.3;;;;;2.8;11.5;10.1;41.4;;;;;;;;;;;;;;;;60;;
SCM;15.02.2002 00:00;;;;;;;;;970.3;;;;;1.5;8.3;5.4;29.9;;;;;;;;;;;;;;;;38;;
SCM;16.02.2002 00:00;;;;;;;;;973.8;;;;;0.7;3.1;2.5;11.2;;;;;;;;;;;;;;;;252;;
SCM;17.02.2002 00:00;;;;;;;;;973;;;;;0.5;2.6;1.8;9.4;;;;;;;;;;;;;;;;0;;
SCM;18.02.2002 00:00;;;;;;;;;972.7;;;;;1.2;7.6;4.3;27.4;;;;;;;;;;;;;;;;254;;
SCM;19.02.2002 00:00;;;;;;;;;977.1;;;;;2.7;13.7;9.7;49.3;;;;;;;;;;;;;;;;259;;
SCM;20.02.2002 00:00;;;;;;;;;960.8;;;;;2.7;14.3;9.7;51.5;;;;;;;;;;;;;;;;260;;
SCM;21.02.2002 00:00;;;;;;;;;964.4;;;;;2.4;16.2;8.6;58.3;;;;;;;;;;;;;;;;273;;
SCM;22.02.2002 00:00;;;;;;;;;968.2;;;;;1;5.5;3.6;19.8;;;;;;;;;;;;;;;;84;;
SCM;23.02.2002 00:00;;;;;;;;;960.9;;;;;5;21.8;18;78.5;;;;;;;;;;;;;;;;276;;
SCM;24.02.2002 00:00;;;;;;;;;966.6;;;;;5.1;17.6;18.4;63.4;;;;;;;;;;;;;;;;262;;
SCM;25.02.2002 00:00;;;;;;;;;966;;;;;2.2;13.8;7.9;49.7;;;;;;;;;;;;;;;;102;;
SCM;26.02.2002 00:00;;;;;;;;;961.9;;;;;2.2;11.3;7.9;40.7;;;;;;;;;;;;;;;;297;;
SCM;27.02.2002 00:00;;;;;;;;;959.8;;;;;1.7;12.2;6.1;43.9;;;;;;;;;;;;;;;;270;;
SCM;28.02.2002 00:00;;;;;;;;;961.5;;;;;2.9;14.5;10.4;52.2;;;;;;;;;;;;;;;;275;;
SCM;01.03.2002 00:00;;;;;;;;;962.2;;;;;1.4;6.8;5;24.5;;;;;;;;;;;;;;;;63;;
SCM;02.03.2002 00:00;;;;;;;;;962.6;;;;;0.8;5.6;2.9;20.2;;;;;;;;;;;;;;;;259;;
SCM;03.03.2002 00:00;;;;;;;;;969.4;;;;;1.1;5.1;4;18.4;;;;;;;;;;;;;;;;254;;
SCM;04.03.2002 00:00;;;;;;;;;969.9;;;;;1.1;4.7;4;16.9;;;;;;;;;;;;;;;;249;;
SCM;05.03.2002 00:00;;;;;;;;;963;;;;;0.6;3.7;2.2;13.3;;;;;;;;;;;;;;;;270;;
SCM;06.03.2002 00:00;;;;;;;;;963.4;;;;;1;6.2;3.6;22.3;;;;;;;;;;;;;;;;243;;
SCM;07.03.2002 00:00;;;;;;;;;972.8;;;;;1.9;9.2;6.8;33.1;;;;;;;;;;;;;;;;274;;
SCM;08.03.2002 00:00;;;;;;;;;975.4;;;;;1.2;7.1;4.3;25.6;;;;;;;;;;;;;;;;90;;
SCM;09.03.2002 00:00;;;;;;;;;968.6;;;;;1.2;7.2;4.3;25.9;;;;;;;;;;;;;;;;270;;
SCM;10.03.2002 00:00;;;;;;;;;971.8;;;;;1.1;5.8;4;20.9;;;;;;;;;;;;;;;;259;;
SCM;11.03.2002 00:00;;;;;;;;;971.3;;;;;1.2;7.7;4.3;27.7;;;;;;;;;;;;;;;;270;;
SCM;12.03.2002 00:00;;;;;;;;;968;;;;;1.3;6.5;4.7;23.4;;;;;;;;;;;;;;;;288;;
SCM;13.03.2002 00:00;;;;;;;;;965.9;;;;;1.4;8;5;28.8;;;;;;;;;;;;;;;;79;;
SCM;14.03.2002 00:00;;;;;;;;;960.3;;;;;3.2;15;11.5;54;;;;;;;;;;;;;;;;111;;
SCM;15.03.2002 00:00;;;;;;;;;964.8;;;;;0.9;5;3.2;18;;;;;;;;;;;;;;;;243;;
SCM;16.03.2002 00:00;;;;;;;;;967;;;;;1;4.2;3.6;15.1;;;;;;;;;;;;;;;;270;;
SCM;17.03.2002 00:00;;;;;;;;;965.2;;;;;0.9;4.7;3.2;16.9;;;;;;;;;;;;;;;;270;;
SCM;18.03.2002 00:00;;;;;;;;;963.4;;;;;1.2;6.6;4.3;23.8;;;;;;;;;;;;;;;;252;;
SCM;19.03.2002 00:00;;;;;;;;;962.2;;;;;3.1;14;11.2;50.4;;;;;;;;;;;;;;;;288;;
SCM;20.03.2002 00:00;;;;;;;;;971.4;;;;;5.7;20.2;20.5;72.7;;;;;;;;;;;;;;;;280;;
SCM;21.03.2002 00:00;;;;;;;;;973.6;;;;;3.9;12.8;14;46.1;;;;;;;;;;;;;;;;273;;
SCM;22.03.2002 00:00;;;;;;;;;974.6;;;;;3.9;13.7;14;49.3;;;;;;;;;;;;;;;;275;;
SCM;23.03.2002 00:00;;;;;;;;;978;;;;;1.6;8.3;5.8;29.9;;;;;;;;;;;;;;;;243;;
SCM;24.03.2002 00:00;;;;;;;;;980.3;;;;;1.5;9.6;5.4;34.6;;;;;;;;;;;;;;;;68;;
SCM;25.03.2002 00:00;;;;;;;;;977.4;;;;;2.5;13.3;9;47.9;;;;;;;;;;;;;;;;70;;
SCM;26.03.2002 00:00;;;;;;;;;976.5;;;;;1.5;6.8;5.4;24.5;;;;;;;;;;;;;;;;270;;
SCM;27.03.2002 00:00;;;;;;;;;977.1;;;;;1.9;10.2;6.8;36.7;;;;;;;;;;;;;;;;56;;
SCM;28.03.2002 00:00;;;;;;;;;976.2;;;;;1.2;4.7;4.3;16.9;;;;;;;;;;;;;;;;254;;
SCM;29.03.2002 00:00;;;;;;;;;974;;;;;1.8;9;6.5;32.4;;;;;;;;;;;;;;;;265;;
SCM;30.03.2002 00:00;;;;;;;;;974.8;;;;;1;5.7;3.6;20.5;;;;;;;;;;;;;;;;248;;
SCM;31.03.2002 00:00;;;;;;;;;971.9;;;;;1;5.3;3.6;19.1;;;;;;;;;;;;;;;;243;;
SCM;01.04.2002 00:00;;;;;;;;;969.1;;;;;0.8;5.7;2.9;20.5;;;;;;;;;;;;;;;;270;;
SCM;02.04.2002 00:00;;;;;;;;;966.4;;;;;1.5;7.5;5.4;27;;;;;;;;;;;;;;;;315;;
SCM;03.04.2002 00:00;;;;;;;;;958;;;;;2.8;11.5;10.1;41.4;;;;;;;;;;;;;;;;107;;
SCM;04.04.2002 00:00;;;;;;;;;955.8;;;;;2.2;9.5;7.9;34.2;;;;;;;;;;;;;;;;53;;
SCM;05.04.2002 00:00;;;;;;;;;956.7;;;;;1.5;9;5.4;32.4;;;;;;;;;;;;;;;;0;;
SCM;06.04.2002 00:00;;;;;;;;;962.5;;;;;2.9;11.3;10.4;40.7;;;;;;;;;;;;;;;;61;;
SCM;07.04.2002 00:00;;;;;;;;;967.3;;;;;1.4;4.6;5;16.6;;;;;;;;;;;;;;;;260;;
SCM;08.04.2002 00:00;;;;;;;;;968.1;;;;;0.8;5.2;2.9;18.7;;;;;;;;;;;;;;;;225;;
SCM;09.04.2002 00:00;;;;;;;;;964.3;;;;;1.6;10.2;5.8;36.7;;;;;;;;;;;;;;;;90;;
SCM;10.04.2002 00:00;;;;;;;;;959.2;;;;;1.8;9.1;6.5;32.8;;;;;;;;;;;;;;;;34;;
SCM;11.04.2002 00:00;;;;;;;;;955;;;;;0.9;5.8;3.2;20.9;;;;;;;;;;;;;;;;252;;
SCM;12.04.2002 00:00;;;;;;;;;948.4;;;;;0.5;3;1.8;10.8;;;;;;;;;;;;;;;;252;;
SCM;13.04.2002 00:00;;;;;;;;;950.8;;;;;1.6;10.5;5.8;37.8;;;;;;;;;;;;;;;;270;;
SCM;14.04.2002 00:00;;;;;;;;;961.5;;;;;2.2;9.3;7.9;33.5;;;;;;;;;;;;;;;;279;;
SCM;15.04.2002 00:00;;;;;;;;;966.5;;;;;1;9.1;3.6;32.8;;;;;;;;;;;;;;;;225;;
SCM;16.04.2002 00:00;;;;;;;;;967.6;;;;;1.6;8.8;6.1;31.7;;;;;;;;;;;;;;;;243;;
SCM;17.04.2002 00:00;;;;;;;;;968.9;;;;;1.3;5.7;4.7;20.5;;;;;;;;;;;;;;;;234;;
SCM;18.04.2002 00:00;;;;;;;;;970;;;;;1.3;5.7;4.7;20.5;;;;;;;;;;;;;;;;217;;
SCM;19.04.2002 00:00;;;;;;;;;973.3;;;;;0.9;8.7;3.2;31.3;;;;;;;;;;;;;;;;135;;
SCM;20.04.2002 00:00;;;;;;;;;978.8;;;;;0.9;9.2;3.2;33.1;;;;;;;;;;;;;;;;256;;
SCM;21.04.2002 00:00;;;;;;;;;982.2;;;;;1.2;6.6;4.3;23.8;;;;;;;;;;;;;;;;45;;
SCM;22.04.2002 00:00;;;;;;;;;982.1;;;;;1.1;4.6;4;16.6;;;;;;;;;;;;;;;;254;;
SCM;23.04.2002 00:00;;;;;;;;;980.2;;;;;1.3;6.6;4.7;23.8;;;;;;;;;;;;;;;;252;;
SCM;24.04.2002 00:00;;;;;;;;;978.2;;;;;0.7;2.7;2.5;9.7;;;;;;;;;;;;;;;;117;;
SCM;25.04.2002 00:00;;;;;;;;;973.8;;;;;1.4;5.5;5;19.8;;;;;;;;;;;;;;;;95;;
SCM;26.04.2002 00:00;;;;;;;;;965.3;;;;;2.5;21.7;9;78.1;;;;;;;;;;;;;;;;284;;
SCM;27.04.2002 00:00;;;;;;;;;967.1;;;;;3.7;14.5;13.3;52.2;;;;;;;;;;;;;;;;265;;
SCM;28.04.2002 00:00;;;;;;;;;961.8;;;;;2.6;15;9.4;54;;;;;;;;;;;;;;;;225;;
SCM;29.04.2002 00:00;;;;;;;;;964.9;;;;;2.6;15.1;9.4;54.4;;;;;;;;;;;;;;;;273;;
SCM;30.04.2002 00:00;;;;;;;;;966;;;;;1.7;10.1;6.1;36.4;;;;;;;;;;;;;;;;243;;
SCM;01.05.2002 00:00;;;;;;;;;962.2;;;;;4.9;17.6;17.6;63.4;;;;;;;;;;;;;;;;228;;
SCM;02.05.2002 00:00;;;;;;;;;961.9;;;;;1.9;6.7;6.8;24.1;;;;;;;;;;;;;;;;256;;
SCM;03.05.2002 00:00;;;;;;;;;962.2;;;;;1.6;7.1;5.8;25.6;;;;;;;;;;;;;;;;261;;
SCM;04.05.2002 00:00;;;;;;;;;964.4;;;;;1.3;7.1;4.7;25.6;;;;;;;;;;;;;;;;270;;
SCM;05.05.2002 00:00;;;;;;;;;968.1;;;;;1.3;7.5;4.7;27;;;;;;;;;;;;;;;;249;;
SCM;06.05.2002 00:00;;;;;;;;;971.3;;;;;1.8;7.7;6.5;27.7;;;;;;;;;;;;;;;;247;;
SCM;07.05.2002 00:00;;;;;;;;;968.5;;;;;1.4;6.5;5;23.4;;;;;;;;;;;;;;;;261;;
SCM;08.05.2002 00:00;;;;;;;;;960.8;;;;;1.9;11.1;6.8;40;;;;;;;;;;;;;;;;315;;
SCM;09.05.2002 00:00;;;;;;;;;960.5;;;;;1.7;9.1;6.1;32.8;;;;;;;;;;;;;;;;279;;
SCM;10.05.2002 00:00;;;;;;;;;960.9;;;;;1.4;6.7;5;24.1;;;;;;;;;;;;;;;;249;;
SCM;11.05.2002 00:00;;;;;;;;;963.2;;;;;1.4;6.2;5;22.3;;;;;;;;;;;;;;;;249;;
SCM;12.05.2002 00:00;;;;;;;;;966.6;;;;;1.8;8.6;6.5;31;;;;;;;;;;;;;;;;261;;
SCM;13.05.2002 00:00;;;;;;;;;968.2;;;;;1.8;10.1;6.5;36.4;;;;;;;;;;;;;;;;248;;
SCM;14.05.2002 00:00;;;;;;;;;973.7;;;;;1.8;9.6;6.5;34.6;;;;;;;;;;;;;;;;261;;
SCM;15.05.2002 00:00;;;;;;;;;977.9;;;;;1.9;6.8;6.8;24.5;;;;;;;;;;;;;;;;248;;
SCM;16.05.2002 00:00;;;;;;;;;973.5;;;;;1.1;5.3;4;19.1;;;;;;;;;;;;;;;;270;;
SCM;17.05.2002 00:00;;;;;;;;;966.3;;;;;1.7;9.6;6.1;34.6;;;;;;;;;;;;;;;;104;;
SCM;18.05.2002 00:00;;;;;;;;;968.5;;;;;2.4;12.3;8.6;44.3;;;;;;;;;;;;;;;;261;;
SCM;19.05.2002 00:00;;;;;;;;;973.4;;;;;1.1;4.1;4;14.8;;;;;;;;;;;;;;;;257;;
SCM;20.05.2002 00:00;;;;;;;;;967.7;;;;;1.7;7;6.1;25.2;;;;;;;;;;;;;;;;225;;
SCM;21.05.2002 00:00;;;;;;;;;961;;;;;1.8;16.5;6.5;59.4;;;;;;;;;;;;;;;;162;;
SCM;22.05.2002 00:00;;;;;;;;;957.1;;;;;5.3;17.6;19.1;63.4;;;;;;;;;;;;;;;;112;;
SCM;23.05.2002 00:00;;;;;;;;;961;;;;;2.7;12.7;9.7;45.7;;;;;;;;;;;;;;;;261;;
SCM;24.05.2002 00:00;;;;;;;;;966.7;;;;;1;5.3;3.6;19.1;;;;;;;;;;;;;;;;117;;
SCM;25.05.2002 00:00;;;;;;;;;968.1;;;;;2.1;16;7.6;57.6;;;;;;;;;;;;;;;;262;;
SCM;26.05.2002 00:00;;;;;;;;;964.4;;;;;1.7;6.6;6.1;23.8;;;;;;;;;;;;;;;;207;;
SCM;27.05.2002 00:00;;;;;;;;;962.8;;;;;1.3;6.7;4.7;24.1;;;;;;;;;;;;;;;;108;;
SCM;28.05.2002 00:00;;;;;;;;;965.6;;;;;1.1;6.1;4;22;;;;;;;;;;;;;;;;97;;
SCM;29.05.2002 00:00;;;;;;;;;971.6;;;;;1.7;11.1;6.1;40;;;;;;;;;;;;;;;;252;;
SCM;30.05.2002 00:00;;;;;;;;;975;;;;;2;8.3;7.2;29.9;;;;;;;;;;;;;;;;251;;
SCM;31.05.2002 00:00;;;;;;;;;976.2;;;;;1.4;6;5;21.6;;;;;;;;;;;;;;;;250;;
SCM;01.06.2002 00:00;;;;;;;;;973.6;;;;;1.2;7;4.3;25.2;;;;;;;;;;;;;;;;263;;
SCM;02.06.2002 00:00;;;;;;;;;970.1;;;;;1.2;5.7;4.3;20.5;;;;;;;;;;;;;;;;288;;
SCM;03.06.2002 00:00;;;;;;;;;965.9;;;;;1.1;7.5;4;27;;;;;;;;;;;;;;;;117;;
SCM;04.06.2002 00:00;;;;;;;;;960.7;;;;;1.8;9.3;6.5;33.5;;;;;;;;;;;;;;;;81;;
SCM;05.06.2002 00:00;;;;;;;;;952.4;;;;;3.6;20.5;13;73.8;;;;;;;;;;;;;;;;157;;
SCM;06.06.2002 00:00;;;;;;;;;953;;;;;2.1;13.6;7.6;49;;;;;;;;;;;;;;;;243;;
SCM;07.06.2002 00:00;;;;;;;;;959.9;;;;;1.5;10;5.4;36;;;;;;;;;;;;;;;;270;;
SCM;08.06.2002 00:00;;;;;;;;;961.3;;;;;1;4.8;3.6;17.3;;;;;;;;;;;;;;;;225;;
SCM;09.06.2002 00:00;;;;;;;;;962.1;;;;;0.9;3.7;3.2;13.3;;;;;;;;;;;;;;;;225;;
SCM;10.06.2002 00:00;;;;;;;;;968.3;;;;;1.3;6.5;4.7;23.4;;;;;;;;;;;;;;;;248;;
SCM;11.06.2002 00:00;;;;;;;;;971.7;;;;;1.7;6.7;6.1;24.1;;;;;;;;;;;;;;;;250;;
SCM;12.06.2002 00:00;;;;;;;;;972.2;;;;;0.8;5.2;2.9;18.7;;;;;;;;;;;;;;;;270;;
SCM;13.06.2002 00:00;;;;;;;;;972;;;;;1.6;9.1;5.8;32.8;;;;;;;;;;;;;;;;256;;
SCM;14.06.2002 00:00;;;;;;;;;971.1;;;;;0.9;7;3.2;25.2;;;;;;;;;;;;;;;;90;;
SCM;15.06.2002 00:00;;;;;;;;;970.1;;;;;1.5;8.1;5.4;29.2;;;;;;;;;;;;;;;;79;;
SCM;16.06.2002 00:00;;;;;;;;;971.8;;;;;1.5;8.2;5.4;29.5;;;;;;;;;;;;;;;;90;;
SCM;17.06.2002 00:00;;;;;;;;;972;;;;;1.2;9.6;4.3;34.6;;;;;;;;;;;;;;;;90;;
SCM;18.06.2002 00:00;;;;;;;;;970.9;;;;;1.1;6.7;4;24.1;;;;;;;;;;;;;;;;0;;
SCM;19.06.2002 00:00;;;;;;;;;970.9;;;;;1.7;14.5;6.1;52.2;;;;;;;;;;;;;;;;90;;
SCM;20.06.2002 00:00;;;;;;;;;971.9;;;;;1.2;9;4.3;32.4;;;;;;;;;;;;;;;;135;;
SCM;21.06.2002 00:00;;;;;;;;;973.1;;;;;1.6;8.5;5.8;30.6;;;;;;;;;;;;;;;;99;;
SCM;22.06.2002 00:00;;;;;;;;;973.3;;;;;1.4;7.7;5;27.7;;;;;;;;;;;;;;;;256;;
SCM;23.06.2002 00:00;;;;;;;;;970;;;;;1.1;5.1;4;18.4;;;;;;;;;;;;;;;;259;;
SCM;24.06.2002 00:00;;;;;;;;;973.6;;;;;1.3;7.7;4.7;27.7;;;;;;;;;;;;;;;;207;;
SCM;25.06.2002 00:00;;;;;;;;;975.6;;;;;1.6;9.6;5.8;34.6;;;;;;;;;;;;;;;;77;;
SCM;26.06.2002 00:00;;;;;;;;;973.1;;;;;1.5;6.2;5.4;22.3;;;;;;;;;;;;;;;;236;;
SCM;27.06.2002 00:00;;;;;;;;;967.4;;;;;1.5;7.5;5.4;27;;;;;;;;;;;;;;;;256;;
SCM;28.06.2002 00:00;;;;;;;;;968.9;;;;;1.1;5.2;4;18.7;;;;;;;;;;;;;;;;108;;
SCM;29.06.2002 00:00;;;;;;;;;972.7;;;;;1.1;6;4;21.6;;;;;;;;;;;;;;;;217;;
SCM;30.06.2002 00:00;;;;;;;;;969.7;;;;;1.4;5.6;5;20.2;;;;;;;;;;;;;;;;236;;
SCM;01.07.2002 00:00;;;;;;;;;964.9;;;;;1.1;4.1;4;14.8;;;;;;;;;;;;;;;;180;;
SCM;02.07.2002 00:00;;;;;;;;;962.9;;;;;1.1;7;4;25.2;;;;;;;;;;;;;;;;259;;
SCM;03.07.2002 00:00;;;;;;;;;961.9;;;;;1.6;10;5.8;36;;;;;;;;;;;;;;;;207;;
SCM;04.07.2002 00:00;;;;;;;;;971.1;;;;;1.8;11.7;6.5;42.1;;;;;;;;;;;;;;;;270;;
SCM;05.07.2002 00:00;;;;;;;;;968.1;;;;;1.1;4.1;4;14.8;;;;;;;;;;;;;;;;261;;
SCM;06.07.2002 00:00;;;;;;;;;969;;;;;1.1;8.2;4;29.5;;;;;;;;;;;;;;;;117;;
SCM;07.07.2002 00:00;;;;;;;;;971.4;;;;;1.9;6.8;6.8;24.5;;;;;;;;;;;;;;;;230;;
SCM;08.07.2002 00:00;;;;;;;;;967.6;;;;;1;6;3.6;21.6;;;;;;;;;;;;;;;;225;;
SCM;09.07.2002 00:00;;;;;;;;;964.3;;;;;1.5;21.5;5.4;77.4;;;;;;;;;;;;;;;;236;;
SCM;10.07.2002 00:00;;;;;;;;;965.5;;;;;1.9;17.2;6.8;61.9;;;;;;;;;;;;;;;;270;;
SCM;11.07.2002 00:00;;;;;;;;;972.1;;;;;1.9;8.5;6.8;30.6;;;;;;;;;;;;;;;;212;;
SCM;12.07.2002 00:00;;;;;;;;;970.5;;;;;1.2;7.2;4.3;25.9;;;;;;;;;;;;;;;;225;;
SCM;13.07.2002 00:00;;;;;;;;;968.8;;;;;1.4;7.3;5;26.3;;;;;;;;;;;;;;;;81;;
SCM;14.07.2002 00:00;;;;;;;;;970.7;;;;;0.7;4.9;2.5;17.6;;;;;;;;;;;;;;;;225;;
SCM;15.07.2002 00:00;;;;;;;;;965.6;;;;;1.2;6.6;4.3;23.8;;;;;;;;;;;;;;;;225;;
SCM;16.07.2002 00:00;;;;;;;;;962.9;;;;;2.3;7.7;8.3;27.7;;;;;;;;;;;;;;;;259;;
SCM;17.07.2002 00:00;;;;;;;;;965.8;;;;;1.7;9.8;6.1;35.3;;;;;;;;;;;;;;;;270;;
SCM;18.07.2002 00:00;;;;;;;;;968.5;;;;;1;7.8;3.6;28.1;;;;;;;;;;;;;;;;76;;
SCM;19.07.2002 00:00;;;;;;;;;968.6;;;;;1.8;5.7;6.5;20.5;;;;;;;;;;;;;;;;246;;
SCM;20.07.2002 00:00;;;;;;;;;969;;;;;1.1;5.5;4;19.8;;;;;;;;;;;;;;;;153;;
SCM;21.07.2002 00:00;;;;;;;;;968;;;;;1.4;12.1;5;43.6;;;;;;;;;;;;;;;;72;;
SCM;22.07.2002 00:00;;;;;;;;;970.8;;;;;1;5.2;3.6;18.7;;;;;;;;;;;;;;;;225;;
SCM;23.07.2002 00:00;;;;;;;;;968.5;;;;;1.1;5.2;4;18.7;;;;;;;;;;;;;;;;239;;
SCM;24.07.2002 00:00;;;;;;;;;968.3;;;;;1.3;11.7;4.7;42.1;;;;;;;;;;;;;;;;288;;
SCM;25.07.2002 00:00;;;;;;;;;970.1;;;;;1.1;9.3;4;33.5;;;;;;;;;;;;;;;;117;;
SCM;26.07.2002 00:00;;;;;;;;;972.4;;;;;1.3;4.7;4.7;16.9;;;;;;;;;;;;;;;;95;;
SCM;27.07.2002 00:00;;;;;;;;;971.2;;;;;1.5;7.8;5.4;28.1;;;;;;;;;;;;;;;;63;;
SCM;28.07.2002 00:00;;;;;;;;;970.5;;;;;0.8;3.6;2.9;13;;;;;;;;;;;;;;;;261;;
SCM;29.07.2002 00:00;;;;;;;;;968.9;;;;;1;5;3.6;18;;;;;;;;;;;;;;;;270;;
SCM;30.07.2002 00:00;;;;;;;;;964;;;;;1.3;9.6;4.7;34.6;;;;;;;;;;;;;;;;45;;
SCM;31.07.2002 00:00;;;;;;;;;962.9;;;;;1.2;10.3;4.3;37.1;;;;;;;;;;;;;;;;239;;
SCM;01.08.2002 00:00;;;;;;;;;965.4;;;;;1.5;16;5.4;57.6;;;;;;;;;;;;;;;;252;;
SCM;02.08.2002 00:00;;;;;;;;;967.4;;;;;1.9;8.1;6.8;29.2;;;;;;;;;;;;;;;;214;;
SCM;03.08.2002 00:00;;;;;;;;;967.4;;;;;2.8;12;10.1;43.2;;;;;;;;;;;;;;;;270;;
SCM;04.08.2002 00:00;;;;;;;;;966.7;;;;;1.7;8.7;6.1;31.3;;;;;;;;;;;;;;;;207;;
SCM;05.08.2002 00:00;;;;;;;;;966.9;;;;;1;4.6;3.6;16.6;;;;;;;;;;;;;;;;225;;
SCM;06.08.2002 00:00;;;;;;;;;966.3;;;;;1.1;13.6;4;49;;;;;;;;;;;;;;;;270;;
SCM;07.08.2002 00:00;;;;;;;;;969.1;;;;;0.8;5.5;2.9;19.8;;;;;;;;;;;;;;;;72;;
SCM;08.08.2002 00:00;;;;;;;;;965.9;;;;;1.3;4.2;4.7;15.1;;;;;;;;;;;;;;;;243;;
SCM;09.08.2002 00:00;;;;;;;;;960.8;;;;;1.4;6.6;5;23.8;;;;;;;;;;;;;;;;247;;
SCM;10.08.2002 00:00;;;;;;;;;957.7;;;;;1.8;7.7;6.5;27.7;;;;;;;;;;;;;;;;285;;
SCM;11.08.2002 00:00;;;;;;;;;959.4;;;;;0.9;5;3.2;18;;;;;;;;;;;;;;;;360;;
SCM;12.08.2002 00:00;;;;;;;;;966.1;;;;;1.4;12.3;5;44.3;;;;;;;;;;;;;;;;283;;
SCM;13.08.2002 00:00;;;;;;;;;972.4;;;;;0.7;4.5;2.5;16.2;;;;;;;;;;;;;;;;108;;
SCM;14.08.2002 00:00;;;;;;;;;971.6;;;;;1.8;9.6;6.5;34.6;;;;;;;;;;;;;;;;74;;
SCM;15.08.2002 00:00;;;;;;;;;969.8;;;;;0.9;4.3;3.2;15.5;;;;;;;;;;;;;;;;270;;
SCM;16.08.2002 00:00;;;;;;;;;969.9;;;;;0.8;4.1;2.9;14.8;;;;;;;;;;;;;;;;270;;
SCM;17.08.2002 00:00;;;;;;;;;967.9;;;;;0.9;4.6;3.2;16.6;;;;;;;;;;;;;;;;270;;
SCM;18.08.2002 00:00;;;;;;;;;966.8;;;;;0.7;3.3;2.5;11.9;;;;;;;;;;;;;;;;270;;
SCM;19.08.2002 00:00;;;;;;;;;968.5;;;;;1;6.7;3.6;24.1;;;;;;;;;;;;;;;;90;;
SCM;20.08.2002 00:00;;;;;;;;;969;;;;;2;21.3;7.2;76.7;;;;;;;;;;;;;;;;180;;
SCM;21.08.2002 00:00;;;;;;;;;969.3;;;;;0.7;3.6;2.5;13;;;;;;;;;;;;;;;;101;;
SCM;22.08.2002 00:00;;;;;;;;;968.1;;;;;1;4.2;3.6;15.1;;;;;;;;;;;;;;;;248;;
SCM;23.08.2002 00:00;;;;;;;;;969;;;;;1.2;6;4.3;21.6;;;;;;;;;;;;;;;;108;;
SCM;24.08.2002 00:00;;;;;;;;;971.3;;;;;1.1;4.5;4;16.2;;;;;;;;;;;;;;;;225;;
SCM;25.08.2002 00:00;;;;;;;;;971.3;;;;;1.3;6.2;4.7;22.3;;;;;;;;;;;;;;;;252;;
SCM;26.08.2002 00:00;;;;;;;;;967.3;;;;;1;5.2;3.6;18.7;;;;;;;;;;;;;;;;239;;
SCM;27.08.2002 00:00;;;;;;;;;968.2;;;;;0.9;7.8;3.2;28.1;;;;;;;;;;;;;;;;233;;
SCM;28.08.2002 00:00;;;;;;;;;967;;;;;1.2;7;4.3;25.2;;;;;;;;;;;;;;;;225;;
SCM;29.08.2002 00:00;;;;;;;;;968.7;;;;;0.9;3.6;3.2;13;;;;;;;;;;;;;;;;225;;
SCM;30.08.2002 00:00;;;;;;;;;970.8;;;;;1.1;4.3;4;15.5;;;;;;;;;;;;;;;;239;;
SCM;31.08.2002 00:00;;;;;;;;;971.1;;;;;0.8;10.8;2.9;38.9;;;;;;;;;;;;;;;;225;;
SCM;01.09.2002 00:00;;;;;;;;;974.4;;;;;1.4;9.7;5;34.9;;;;;;;;;;;;;;;;326;;
SCM;02.09.2002 00:00;;;;;;;;;974.6;;;;;1.2;7.8;4.3;28.1;;;;;;;;;;;;;;;;284;;
SCM;03.09.2002 00:00;;;;;;;;;969.3;;;;;1.4;8.7;5;31.3;;;;;;;;;;;;;;;;104;;
SCM;04.09.2002 00:00;;;;;;;;;967.8;;;;;1;8;3.6;28.8;;;;;;;;;;;;;;;;90;;
SCM;05.09.2002 00:00;;;;;;;;;967.6;;;;;0.9;6.8;3.2;24.5;;;;;;;;;;;;;;;;207;;
SCM;06.09.2002 00:00;;;;;;;;;969.6;;;;;1;4.8;3.6;17.3;;;;;;;;;;;;;;;;247;;
SCM;07.09.2002 00:00;;;;;;;;;967.1;;;;;1.1;4.1;4;14.8;;;;;;;;;;;;;;;;214;;
SCM;08.09.2002 00:00;;;;;;;;;965.2;;;;;1.1;9.2;4;33.1;;;;;;;;;;;;;;;;90;;
SCM;09.09.2002 00:00;;;;;;;;;965.8;;;;;2.4;12.7;8.6;45.7;;;;;;;;;;;;;;;;262;;
SCM;10.09.2002 00:00;;;;;;;;;972.8;;;;;0.9;4.5;3.2;16.2;;;;;;;;;;;;;;;;90;;
SCM;11.09.2002 00:00;;;;;;;;;973.2;;;;;1.1;8.6;4;31;;;;;;;;;;;;;;;;76;;
SCM;12.09.2002 00:00;;;;;;;;;970.5;;;;;1.4;8.5;5;30.6;;;;;;;;;;;;;;;;256;;
SCM;13.09.2002 00:00;;;;;;;;;971.4;;;;;1;5.1;3.6;18.4;;;;;;;;;;;;;;;;252;;
SCM;14.09.2002 00:00;;;;;;;;;971.6;;;;;1;4.3;3.6;15.5;;;;;;;;;;;;;;;;239;;
SCM;15.09.2002 00:00;;;;;;;;;970.6;;;;;1.5;9.8;5.4;35.3;;;;;;;;;;;;;;;;63;;
SCM;16.09.2002 00:00;;;;;;;;;969.3;;;;;1.2;4.7;4.3;16.9;;;;;;;;;;;;;;;;0;;
SCM;17.09.2002 00:00;;;;;;;;;968.8;;;;;0.9;4.7;3.2;16.9;;;;;;;;;;;;;;;;180;;
SCM;18.09.2002 00:00;;;;;;;;;967.7;;;;;1;4.8;3.6;17.3;;;;;;;;;;;;;;;;90;;
SCM;19.09.2002 00:00;;;;;;;;;968.6;;;;;1.3;7.3;4.7;26.3;;;;;;;;;;;;;;;;84;;
SCM;20.09.2002 00:00;;;;;;;;;970.1;;;;;1.3;7.7;4.7;27.7;;;;;;;;;;;;;;;;85;;
SCM;21.09.2002 00:00;;;;;;;;;966.2;;;;;1;4.6;3.6;16.6;;;;;;;;;;;;;;;;239;;
SCM;22.09.2002 00:00;;;;;;;;;961.5;;;;;2;7.1;7.2;25.6;;;;;;;;;;;;;;;;263;;
SCM;23.09.2002 00:00;;;;;;;;;961.4;;;;;1.1;8.2;4;29.5;;;;;;;;;;;;;;;;270;;
SCM;24.09.2002 00:00;;;;;;;;;963.5;;;;;1;7.5;3.6;27;;;;;;;;;;;;;;;;315;;
SCM;25.09.2002 00:00;;;;;;;;;969.4;;;;;0.5;2.5;1.8;9;;;;;;;;;;;;;;;;315;;
SCM;26.09.2002 00:00;;;;;;;;;971.6;;;;;1;4.7;3.6;16.9;;;;;;;;;;;;;;;;90;;
SCM;27.09.2002 00:00;;;;;;;;;974.7;;;;;0.5;2.3;1.8;8.3;;;;;;;;;;;;;;;;117;;
SCM;28.09.2002 00:00;;;;;;;;;977.9;;;;;1;6;3.6;21.6;;;;;;;;;;;;;;;;72;;
SCM;29.09.2002 00:00;;;;;;;;;979.2;;;;;1.1;3.8;4;13.7;;;;;;;;;;;;;;;;236;;
SCM;30.09.2002 00:00;;;;;;;;;978.6;;;;;0.7;6;2.5;21.6;;;;;;;;;;;;;;;;90;;
SCM;01.10.2002 00:00;;;;;;;;;976.4;;;;;0.8;6.3;2.9;22.7;;;;;;;;;;;;;;;;90;;
SCM;02.10.2002 00:00;;;;;;;;;975.9;;;;;0.8;5.8;2.9;20.9;;;;;;;;;;;;;;;;72;;
SCM;03.10.2002 00:00;;;;;;;;;976.5;;;;;0.8;5.2;2.9;18.7;;;;;;;;;;;;;;;;72;;
SCM;04.10.2002 00:00;;;;;;;;;976.3;;;;;0.7;4.1;2.5;14.8;;;;;;;;;;;;;;;;90;;
SCM;05.10.2002 00:00;;;;;;;;;975.7;;;;;1;5.2;3.6;18.7;;;;;;;;;;;;;;;;247;;
SCM;06.10.2002 00:00;;;;;;;;;967;;;;;0.7;3.1;2.5;11.2;;;;;;;;;;;;;;;;90;;
SCM;07.10.2002 00:00;;;;;;;;;968.1;;;;;1;5.7;3.6;20.5;;;;;;;;;;;;;;;;243;;
SCM;08.10.2002 00:00;;;;;;;;;964.4;;;;;0.9;4.7;3.2;16.9;;;;;;;;;;;;;;;;243;;
SCM;09.10.2002 00:00;;;;;;;;;960.5;;;;;1.1;5.5;4;19.8;;;;;;;;;;;;;;;;249;;
SCM;10.10.2002 00:00;;;;;;;;;958.2;;;;;1.2;5;4.3;18;;;;;;;;;;;;;;;;252;;
SCM;11.10.2002 00:00;;;;;;;;;961.3;;;;;0.8;3.2;2.9;11.5;;;;;;;;;;;;;;;;270;;
SCM;12.10.2002 00:00;;;;;;;;;963.9;;;;;0.8;4;2.9;14.4;;;;;;;;;;;;;;;;270;;
SCM;13.10.2002 00:00;;;;;;;;;965.6;;;;;1;5.1;3.6;18.4;;;;;;;;;;;;;;;;108;;
SCM;14.10.2002 00:00;;;;;;;;;966.3;;;;;0.9;6.2;3.2;22.3;;;;;;;;;;;;;;;;90;;
SCM;15.10.2002 00:00;;;;;;;;;965.9;;;;;1.1;8.6;3.6;31;;;;;;;;;;;;;;;;180;;
SCM;16.10.2002 00:00;;;;;;;;;959.7;;;;;1.2;8.1;4.3;29.2;;;;;;;;;;;;;;;;288;;
SCM;17.10.2002 00:00;;;;;;;;;958.3;;;;;1.1;6.8;4;24.5;;;;;;;;;;;;;;;;90;;
SCM;18.10.2002 00:00;;;;;;;;;965.4;;;;;2.2;15.3;7.9;55.1;;;;;;;;;;;;;;;;281;;
SCM;19.10.2002 00:00;;;;;;;;;971.7;;;;;1.7;11.7;6.1;42.1;;;;;;;;;;;;;;;;288;;
SCM;20.10.2002 00:00;;;;;;;;;969.6;;;;;1.2;9.8;4.3;35.3;;;;;;;;;;;;;;;;90;;
SCM;21.10.2002 00:00;;;;;;;;;960.1;;;;;1.6;11.8;5.8;42.5;;;;;;;;;;;;;;;;243;;
SCM;22.10.2002 00:00;;;;;;;;;954.7;;;;;0.9;5.1;3.2;18.4;;;;;;;;;;;;;;;;180;;
SCM;23.10.2002 00:00;;;;;;;;;959.5;;;;;1.7;15.2;6.1;54.7;;;;;;;;;;;;;;;;281;;
SCM;24.10.2002 00:00;;;;;;;;;967.4;;;;;0.8;3.5;2.9;12.6;;;;;;;;;;;;;;;;180;;
SCM;25.10.2002 00:00;;;;;;;;;963.5;;;;;1.4;9.1;5;32.8;;;;;;;;;;;;;;;;180;;
SCM;26.10.2002 00:00;;;;;;;;;972.3;;;;;3.9;18.5;14;66.6;;;;;;;;;;;;;;;;276;;
SCM;27.10.2002 00:00;;;;;;;;;972;;;;;4.8;23.2;18;83.5;;;;;;;;;;;;;;;;264;;
SCM;28.10.2002 00:00;;;;;;;;;983;;;;;1.9;16.1;6.8;58;;;;;;;;;;;;;;;;265;;
SCM;29.10.2002 00:00;;;;;;;;;975;;;;;1.1;9;4;32.4;;;;;;;;;;;;;;;;90;;
SCM;30.10.2002 00:00;;;;;;;;;969.3;;;;;0.9;4.7;3.2;16.9;;;;;;;;;;;;;;;;72;;
SCM;31.10.2002 00:00;;;;;;;;;970.8;;;;;0.7;4.8;2.5;17.3;;;;;;;;;;;;;;;;72;;
SCM;01.11.2002 00:00;;;;;;;;;973;;;;;0.8;4.3;2.9;15.5;;;;;;;;;;;;;;;;225;;
SCM;02.11.2002 00:00;;;;;;;;;969.7;;;;;1.9;13.7;6.8;49.3;;;;;;;;;;;;;;;;94;;
SCM;03.11.2002 00:00;;;;;;;;;964.4;;;;;2.9;16.6;10.4;59.8;;;;;;;;;;;;;;;;99;;
SCM;04.11.2002 00:00;;;;;;;;;968.9;;;;;1.2;8.8;4.3;31.7;;;;;;;;;;;;;;;;0;;
SCM;05.11.2002 00:00;;;;;;;;;975.3;;;;;0.8;5.3;2.9;19.1;;;;;;;;;;;;;;;;90;;
SCM;06.11.2002 00:00;;;;;;;;;972.5;;;;;1.1;6;4;21.6;;;;;;;;;;;;;;;;101;;
SCM;07.11.2002 00:00;;;;;;;;;965.5;;;;;1.9;11.3;6.8;40.7;;;;;;;;;;;;;;;;297;;
SCM;08.11.2002 00:00;;;;;;;;;970.4;;;;;1.9;11.1;6.8;40;;;;;;;;;;;;;;;;27;;
SCM;09.11.2002 00:00;;;;;;;;;959.6;;;;;1.2;13.8;4.3;49.7;;;;;;;;;;;;;;;;82;;
SCM;10.11.2002 00:00;;;;;;;;;964;;;;;2;14.2;7.2;51.1;;;;;;;;;;;;;;;;96;;
SCM;11.11.2002 00:00;;;;;;;;;963.2;;;;;1.1;11.5;4;41.4;;;;;;;;;;;;;;;;79;;
SCM;12.11.2002 00:00;;;;;;;;;966.4;;;;;1.3;7;4.7;25.2;;;;;;;;;;;;;;;;108;;
SCM;13.11.2002 00:00;;;;;;;;;956.4;;;;;1.6;10.1;5.8;36.4;;;;;;;;;;;;;;;;239;;
SCM;14.11.2002 00:00;;;;;;;;;947.7;;;;;2.4;11.6;8.6;41.8;;;;;;;;;;;;;;;;225;;
SCM;15.11.2002 00:00;;;;;;;;;948.2;;;;;1.1;10;4;36;;;;;;;;;;;;;;;;243;;
SCM;16.11.2002 00:00;;;;;;;;;951.1;;;;;1.2;8;4.3;28.8;;;;;;;;;;;;;;;;288;;
SCM;17.11.2002 00:00;;;;;;;;;964.8;;;;;0.7;3.7;2.5;13.3;;;;;;;;;;;;;;;;76;;
SCM;18.11.2002 00:00;;;;;;;;;965.3;;;;;0.6;4.5;2.2;16.2;;;;;;;;;;;;;;;;180;;
SCM;19.11.2002 00:00;;;;;;;;;963.5;;;;;0.5;2.3;1.8;8.3;;;;;;;;;;;;;;;;90;;
SCM;20.11.2002 00:00;;;;;;;;;964.4;;;;;1.5;6.8;5.4;24.5;;;;;;;;;;;;;;;;260;;
SCM;21.11.2002 00:00;;;;;;;;;952.6;;;;;1.5;6.6;5.4;23.8;;;;;;;;;;;;;;;;270;;
SCM;22.11.2002 00:00;;;;;;;;;957.4;;;;;0.9;9.2;3.2;33.1;;;;;;;;;;;;;;;;360;;
SCM;23.11.2002 00:00;;;;;;;;;962.2;;;;;4.3;19.1;15.5;68.8;;;;;;;;;;;;;;;;104;;
SCM;24.11.2002 00:00;;;;;;;;;960.7;;;;;0.9;10.3;3.2;37.1;;;;;;;;;;;;;;;;252;;
SCM;25.11.2002 00:00;;;;;;;;;957.8;;;;;1.7;13.2;6.1;47.5;;;;;;;;;;;;;;;;231;;
SCM;26.11.2002 00:00;;;;;;;;;965.5;;;;;0.6;4.2;2.2;15.1;;;;;;;;;;;;;;;;270;;
SCM;27.11.2002 00:00;;;;;;;;;968.2;;;;;1;4.1;3.6;14.8;;;;;;;;;;;;;;;;259;;
SCM;28.11.2002 00:00;;;;;;;;;967.9;;;;;0.8;5.1;2.9;18.4;;;;;;;;;;;;;;;;270;;
SCM;29.11.2002 00:00;;;;;;;;;967.9;;;;;0.9;7.1;3.2;25.6;;;;;;;;;;;;;;;;83;;
SCM;30.11.2002 00:00;;;;;;;;;972.6;;;;;0.6;5;2.2;18;;;;;;;;;;;;;;;;90;;
SCM;01.12.2002 00:00;;;;;;;;;967.1;;;;;1.4;7.6;5;27.4;;;;;;;;;;;;;;;;153;;
SCM;02.12.2002 00:00;;;;;;;;;960.1;;;;;0.9;7.6;3.2;27.4;;;;;;;;;;;;;;;;82;;
SCM;03.12.2002 00:00;;;;;;;;;961.6;;;;;0.5;3.8;1.8;13.7;;;;;;;;;;;;;;;;270;;
SCM;04.12.2002 00:00;;;;;;;;;966.9;;;;;0.8;4.1;2.9;14.8;;;;;;;;;;;;;;;;90;;
SCM;05.12.2002 00:00;;;;;;;;;966.1;;;;;0.6;2.7;2.2;9.7;;;;;;;;;;;;;;;;90;;
SCM;06.12.2002 00:00;;;;;;;;;968.7;;;;;1.3;7.6;4.7;27.4;;;;;;;;;;;;;;;;90;;
SCM;07.12.2002 00:00;;;;;;;;;968.6;;;;;1.4;5.7;5;20.5;;;;;;;;;;;;;;;;45;;
SCM;08.12.2002 00:00;;;;;;;;;970.3;;;;;1.8;6.5;6.5;23.4;;;;;;;;;;;;;;;;52;;
SCM;09.12.2002 00:00;;;;;;;;;970.3;;;;;1.1;5.8;4;20.9;;;;;;;;;;;;;;;;45;;
SCM;10.12.2002 00:00;;;;;;;;;971.8;;;;;1.1;4.8;4;17.3;;;;;;;;;;;;;;;;270;;
SCM;11.12.2002 00:00;;;;;;;;;971.9;;;;;0.8;4.2;2.9;15.1;;;;;;;;;;;;;;;;270;;
SCM;12.12.2002 00:00;;;;;;;;;973.5;;;;;0.7;4.1;2.5;14.8;;;;;;;;;;;;;;;;27;;
SCM;13.12.2002 00:00;;;;;;;;;976.5;;;;;0.8;3.3;2.9;11.9;;;;;;;;;;;;;;;;90;;
SCM;14.12.2002 00:00;;;;;;;;;971.7;;;;;0.7;5;2.5;18;;;;;;;;;;;;;;;;288;;
SCM;15.12.2002 00:00;;;;;;;;;969.4;;;;;0.9;7.3;3.2;26.3;;;;;;;;;;;;;;;;90;;
SCM;16.12.2002 00:00;;;;;;;;;970;;;;;1.3;9.7;4.7;34.9;;;;;;;;;;;;;;;;85;;
SCM;17.12.2002 00:00;;;;;;;;;970.3;;;;;0.8;5;2.9;18;;;;;;;;;;;;;;;;82;;
SCM;18.12.2002 00:00;;;;;;;;;975.9;;;;;1.8;9.5;6.5;34.2;;;;;;;;;;;;;;;;53;;
SCM;19.12.2002 00:00;;;;;;;;;978.8;;;;;1;6.8;3.6;24.5;;;;;;;;;;;;;;;;27;;
SCM;20.12.2002 00:00;;;;;;;;;976;;;;;0.8;4.7;2.9;16.9;;;;;;;;;;;;;;;;90;;
SCM;21.12.2002 00:00;;;;;;;;;973.2;;;;;0.9;6.5;3.2;23.4;;;;;;;;;;;;;;;;82;;
SCM;22.12.2002 00:00;;;;;;;;;968.5;;;;;1.1;7.1;4;25.6;;;;;;;;;;;;;;;;63;;
SCM;23.12.2002 00:00;;;;;;;;;967.1;;;;;1.1;8.8;4;31.7;;;;;;;;;;;;;;;;76;;
SCM;24.12.2002 00:00;;;;;;;;;967.7;;;;;0.6;3.2;2.2;11.5;;;;;;;;;;;;;;;;76;;
SCM;25.12.2002 00:00;;;;;;;;;969.5;;;;;0.4;2.5;1.4;9;;;;;;;;;;;;;;;;90;;
SCM;26.12.2002 00:00;;;;;;;;;966.2;;;;;1;8.3;3.6;29.9;;;;;;;;;;;;;;;;45;;
SCM;27.12.2002 00:00;;;;;;;;;955;;;;;3.7;15.1;13.3;54.4;;;;;;;;;;;;;;;;135;;
SCM;28.12.2002 00:00;;;;;;;;;955.7;;;;;0.7;8;2.5;28.8;;;;;;;;;;;;;;;;360;;
SCM;29.12.2002 00:00;;;;;;;;;964.9;;;;;1.3;10.7;4.7;38.5;;;;;;;;;;;;;;;;360;;
SCM;30.12.2002 00:00;;;;;;;;;960.7;;;;;1.1;4.7;4;16.9;;;;;;;;;;;;;;;;73;;
SCM;31.12.2002 00:00;;;;;;;;;961.7;;;;;0.5;3;1.8;10.8;;;;;;;;;;;;;;;;90;;
SCM;01.01.2003 00:00;;;;;;;;;963.3;;;;;1;8.7;3.6;31.3;;;;;;;;;;;;;;;;135;;
SCM;02.01.2003 00:00;;;;;;;;;953.7;;;;;4.2;31.1;15.1;112;;;;;;;;;;;;;;;;275;;
SCM;03.01.2003 00:00;;;;;;;;;956.2;;;;;2.9;13.6;10.4;49;;;;;;;;;;;;;;;;275;;
SCM;04.01.2003 00:00;;;;;;;;;955.3;;;;;1.6;14.8;5.8;53.3;;;;;;;;;;;;;;;;288;;
SCM;05.01.2003 00:00;;;;;;;;;961.3;;;;;2.1;11;7.6;39.6;;;;;;;;;;;;;;;;278;;
SCM;06.01.2003 00:00;;;;;;;;;960.5;;;;;1.2;6;4.3;21.6;;;;;;;;;;;;;;;;79;;
SCM;07.01.2003 00:00;;;;;;;;;963.5;;;;;1;6.5;3.6;23.4;;;;;;;;;;;;;;;;51;;
SCM;08.01.2003 00:00;;;;;;;;;961.3;;;;;1.1;6;4;21.6;;;;;;;;;;;;;;;;67;;
SCM;13.01.2003 00:00;;;;;;;;;984.7;;;;;0;0;0;0;;;;;;;;;;;;;;;;0;;
SCM;14.01.2003 00:00;;;;;;;;;986.7;;;;;0;0;0;0;;;;;;;;;;;;;;;;0;;
SCM;15.01.2003 00:00;;;;;;;;;982.1;;;;;0;0;0;0;;;;;;;;;;;;;;;;0;;
SCM;16.01.2003 00:00;;;;;;;;;981.6;;;;;0;0;0;0;;;;;;;;;;;;;;;;0;;
SCM;17.01.2003 00:00;;;;;;;;;976.3;;;;;0;0;0;0;;;;;;;;;;;;;;;;0;;
SCM;18.01.2003 00:00;;;;;;;;;972.1;;;;;0;0;0;0;;;;;;;;;;;;;;;;0;;
SCM;19.01.2003 00:00;;;;;;;;;966;;;;;0;0;0;0;;;;;;;;;;;;;;;;0;;
SCM;20.01.2003 00:00;;;;;;;;;962.1;;;;;0.4;6.8;1.4;24.5;;;;;;;;;;;;;;;;315;;
SCM;21.01.2003 00:00;;;;;;;;;950.7;;;;;1.9;9.6;6.8;34.6;;;;;;;;;;;;;;;;0;;
SCM;22.01.2003 00:00;;;;;;;;;955;;;;;1;5.1;3.6;18.4;;;;;;;;;;;;;;;;90;;
SCM;23.01.2003 00:00;;;;;;;;;969.7;;;;;1.1;6.8;4;24.5;;;;;;;;;;;;;;;;360;;
SCM;24.01.2003 00:00;;;;;;;;;983.4;;;;;0.8;7;2.9;25.2;;;;;;;;;;;;;;;;68;;
SCM;25.01.2003 00:00;;;;;;;;;983.8;;;;;1.3;7.1;4.7;25.6;;;;;;;;;;;;;;;;58;;
SCM;26.01.2003 00:00;;;;;;;;;982.5;;;;;0.8;4.2;2.9;15.1;;;;;;;;;;;;;;;;90;;
SCM;27.01.2003 00:00;;;;;;;;;981.7;;;;;1.2;7.5;4.3;27;;;;;;;;;;;;;;;;85;;
SCM;28.01.2003 00:00;;;;;;;;;971.5;;;;;2.4;13.1;8.6;47.2;;;;;;;;;;;;;;;;270;;
SCM;29.01.2003 00:00;;;;;;;;;956.3;;;;;2.4;14.2;8.6;51.1;;;;;;;;;;;;;;;;281;;
SCM;30.01.2003 00:00;;;;;;;;;954;;;;;2.5;17.6;9;63.4;;;;;;;;;;;;;;;;275;;
SCM;31.01.2003 00:00;;;;;;;;;962.7;;;;;2.4;10.6;8.6;38.2;;;;;;;;;;;;;;;;267;;
SCM;01.02.2003 00:00;;;;;;;;;972.8;;;;;1.1;;4;;;;;;;;;;;;;;;;;84;;
SCM;03.02.2003 00:00;;;;;;;;;954.2;;;;;1.7;12.8;6.1;46.1;;;;;;;;;;;;;;;;96;;
SCM;04.02.2003 00:00;;;;;;;;;948.1;;;;;2.4;15;8.6;54;;;;;;;;;;;;;;;;270;;
SCM;05.02.2003 00:00;;;;;;;;;958.4;;;;;2.4;9.2;8.6;33.1;;;;;;;;;;;;;;;;276;;
SCM;06.02.2003 00:00;;;;;;;;;970.5;;;;;2;9.5;7.2;34.2;;;;;;;;;;;;;;;;285;;
SCM;07.02.2003 00:00;;;;;;;;;976.6;;;;;1.2;9.2;4.3;33.1;;;;;;;;;;;;;;;;84;;
SCM;08.02.2003 00:00;;;;;;;;;975.4;;;;;0.8;4.1;2.9;14.8;;;;;;;;;;;;;;;;81;;
SCM;09.02.2003 00:00;;;;;;;;;971.4;;;;;1.1;5.1;4;18.4;;;;;;;;;;;;;;;;225;;
SCM;10.02.2003 00:00;;;;;;;;;973.5;;;;;1.1;4;4;14.4;;;;;;;;;;;;;;;;90;;
SCM;11.02.2003 00:00;;;;;;;;;976.5;;;;;1.5;6.7;5.4;24.1;;;;;;;;;;;;;;;;70;;
SCM;12.02.2003 00:00;;;;;;;;;976.2;;;;;2;7;7.2;25.2;;;;;;;;;;;;;;;;47;;
SCM;13.02.2003 00:00;;;;;;;;;974.1;;;;;1.5;4.6;5.4;16.6;;;;;;;;;;;;;;;;97;;
SCM;14.02.2003 00:00;;;;;;;;;975.3;;;;;1.3;6.1;4.7;22;;;;;;;;;;;;;;;;45;;
SCM;15.02.2003 00:00;;;;;;;;;978.6;;;;;1.2;5.3;4.3;19.1;;;;;;;;;;;;;;;;51;;
SCM;16.02.2003 00:00;;;;;;;;;977.6;;;;;2.5;10;9;36;;;;;;;;;;;;;;;;56;;
SCM;17.02.2003 00:00;;;;;;;;;978.8;;;;;2.4;;8.6;;;;;;;;;;;;;;;;;74;;
SCM;23.02.2003 00:00;;;;;;;;;982.2;;;;;0.7;3.3;2.5;11.9;;;;;;;;;;;;;;;;90;;
SCM;24.02.2003 00:00;;;;;;;;;979.5;;;;;0.5;2.5;1.8;9;;;;;;;;;;;;;;;;117;;
SCM;25.02.2003 00:00;;;;;;;;;972.8;;;;;1.9;15.3;6.8;55.1;;;;;;;;;;;;;;;;211;;
SCM;26.02.2003 00:00;;;;;;;;;967.6;;;;;3;19;10.8;68.4;;;;;;;;;;;;;;;;113;;
SCM;27.02.2003 00:00;;;;;;;;;969.4;;;;;1.8;11.8;6.5;42.5;;;;;;;;;;;;;;;;117;;
SCM;28.02.2003 00:00;;;;;;;;;976.4;;;;;1.1;6.3;4;22.7;;;;;;;;;;;;;;;;74;;
SCM;01.03.2003 00:00;;;;;;;;;972.9;;;;;1.1;6.7;4;24.1;;;;;;;;;;;;;;;;83;;
SCM;02.03.2003 00:00;;;;;;;;;967.5;;;;;1.7;16.8;6.1;60.5;;;;;;;;;;;;;;;;90;;
SCM;03.03.2003 00:00;;;;;;;;;971.5;;;;;1.6;9.6;5.8;34.6;;;;;;;;;;;;;;;;292;;
SCM;04.03.2003 00:00;;;;;;;;;974.4;;;;;1.1;5.7;4;20.5;;;;;;;;;;;;;;;;225;;
SCM;05.03.2003 00:00;;;;;;;;;970.9;;;;;1;5.1;3.6;18.4;;;;;;;;;;;;;;;;0;;
SCM;06.03.2003 00:00;;;;;;;;;968.2;;;;;2.2;10.5;7.9;37.8;;;;;;;;;;;;;;;;270;;
SCM;07.03.2003 00:00;;;;;;;;;973.9;;;;;1.1;7.5;4;27;;;;;;;;;;;;;;;;90;;
SCM;08.03.2003 00:00;;;;;;;;;976.6;;;;;0.7;3.6;2.5;13;;;;;;;;;;;;;;;;135;;
SCM;09.03.2003 00:00;;;;;;;;;977.6;;;;;1.1;9.1;4;32.8;;;;;;;;;;;;;;;;90;;
SCM;10.03.2003 00:00;;;;;;;;;978.7;;;;;1.7;10.6;6.1;38.2;;;;;;;;;;;;;;;;82;;
SCM;11.03.2003 00:00;;;;;;;;;975;;;;;1.2;8.3;4.3;29.9;;;;;;;;;;;;;;;;74;;
SCM;12.03.2003 00:00;;;;;;;;;974.9;;;;;1.3;5.7;4.7;20.5;;;;;;;;;;;;;;;;76;;
SCM;13.03.2003 00:00;;;;;;;;;980.2;;;;;2.3;13.2;8.3;47.5;;;;;;;;;;;;;;;;73;;
SCM;14.03.2003 00:00;;;;;;;;;978.5;;;;;3.7;12.7;13.3;45.7;;;;;;;;;;;;;;;;66;;
SCM;15.03.2003 00:00;;;;;;;;;983.4;;;;;3.6;11;13;39.6;;;;;;;;;;;;;;;;72;;
SCM;16.03.2003 00:00;;;;;;;;;987.4;;;;;3.2;10.7;11.5;38.5;;;;;;;;;;;;;;;;63;;
SCM;17.03.2003 00:00;;;;;;;;;982.6;;;;;0.8;2.7;2.9;9.7;;;;;;;;;;;;;;;;256;;
SCM;18.03.2003 00:00;;;;;;;;;978.5;;;;;1.7;9.1;6.1;32.8;;;;;;;;;;;;;;;;63;;
SCM;19.03.2003 00:00;;;;;;;;;977.7;;;;;0.8;4.1;2.9;14.8;;;;;;;;;;;;;;;;252;;
SCM;20.03.2003 00:00;;;;;;;;;975.4;;;;;1;4.5;3.6;16.2;;;;;;;;;;;;;;;;259;;
SCM;21.03.2003 00:00;;;;;;;;;972.2;;;;;1.4;14.1;5;50.8;;;;;;;;;;;;;;;;45;;
SCM;22.03.2003 00:00;;;;;;;;;973.6;;;;;1.1;5.8;4;20.9;;;;;;;;;;;;;;;;261;;
SCM;23.03.2003 00:00;;;;;;;;;977.5;;;;;0.8;4;2.9;14.4;;;;;;;;;;;;;;;;270;;
SCM;24.03.2003 00:00;;;;;;;;;979.4;;;;;1.2;5.6;4.3;20.2;;;;;;;;;;;;;;;;270;;
SCM;25.03.2003 00:00;;;;;;;;;974.2;;;;;1;6.3;3.6;22.7;;;;;;;;;;;;;;;;360;;
SCM;26.03.2003 00:00;;;;;;;;;969.9;;;;;0.9;4;3.2;14.4;;;;;;;;;;;;;;;;270;;
SCM;27.03.2003 00:00;;;;;;;;;969.1;;;;;0.9;6.6;3.2;23.8;;;;;;;;;;;;;;;;270;;
SCM;28.03.2003 00:00;;;;;;;;;966.4;;;;;3;13;10.8;46.8;;;;;;;;;;;;;;;;99;;
SCM;29.03.2003 00:00;;;;;;;;;965.7;;;;;1;4.8;3.6;17.3;;;;;;;;;;;;;;;;270;;
SCM;30.03.2003 00:00;;;;;;;;;966;;;;;1.4;10;5;36;;;;;;;;;;;;;;;;263;;
SCM;31.03.2003 00:00;;;;;;;;;970.9;;;;;1.1;6.1;4;22;;;;;;;;;;;;;;;;108;;
SCM;01.04.2003 00:00;;;;;;;;;969.3;;;;;0.9;6.2;3.2;22.3;;;;;;;;;;;;;;;;248;;
SCM;02.04.2003 00:00;;;;;;;;;959.9;;;;;3.3;20.8;11.9;74.9;;;;;;;;;;;;;;;;265;;
SCM;03.04.2003 00:00;;;;;;;;;967.6;;;;;1.8;7.5;6.5;27;;;;;;;;;;;;;;;;270;;
SCM;04.04.2003 00:00;;;;;;;;;975.6;;;;;2.7;12.6;9.7;45.4;;;;;;;;;;;;;;;;71;;
SCM;05.04.2003 00:00;;;;;;;;;973.9;;;;;1.7;7.1;6.1;25.6;;;;;;;;;;;;;;;;243;;
SCM;06.04.2003 00:00;;;;;;;;;971;;;;;1.6;8.2;5.8;29.5;;;;;;;;;;;;;;;;63;;
SCM;07.04.2003 00:00;;;;;;;;;971.9;;;;;2.5;11.7;9;42.1;;;;;;;;;;;;;;;;71;;
SCM;08.04.2003 00:00;;;;;;;;;970.2;;;;;2.3;8.8;8.3;31.7;;;;;;;;;;;;;;;;162;;
SCM;09.04.2003 00:00;;;;;;;;;962.8;;;;;0.9;4.6;3.2;16.6;;;;;;;;;;;;;;;;90;;
SCM;10.04.2003 00:00;;;;;;;;;956.5;;;;;1.7;11.8;6.1;42.5;;;;;;;;;;;;;;;;263;;
SCM;11.04.2003 00:00;;;;;;;;;962.9;;;;;1.4;5.5;5;19.8;;;;;;;;;;;;;;;;127;;
SCM;12.04.2003 00:00;;;;;;;;;968.2;;;;;0.9;6;3.2;21.6;;;;;;;;;;;;;;;;90;;
SCM;13.04.2003 00:00;;;;;;;;;971.1;;;;;1.6;7.2;5.8;25.9;;;;;;;;;;;;;;;;315;;
SCM;14.04.2003 00:00;;;;;;;;;967.4;;;;;2.1;7.7;7.6;27.7;;;;;;;;;;;;;;;;256;;
SCM;15.04.2003 00:00;;;;;;;;;969.9;;;;;2.6;9.8;9.4;35.3;;;;;;;;;;;;;;;;95;;
SCM;16.04.2003 00:00;;;;;;;;;971.7;;;;;1.5;6.2;5.4;22.3;;;;;;;;;;;;;;;;263;;
SCM;17.04.2003 00:00;;;;;;;;;974.4;;;;;1.8;9;6.5;32.4;;;;;;;;;;;;;;;;56;;
SCM;18.04.2003 00:00;;;;;;;;;972;;;;;1.5;11.2;5.4;40.3;;;;;;;;;;;;;;;;76;;
SCM;19.04.2003 00:00;;;;;;;;;962.9;;;;;2.4;9.8;8.6;35.3;;;;;;;;;;;;;;;;56;;
SCM;20.04.2003 00:00;;;;;;;;;961.1;;;;;3.7;16.7;13.3;60.1;;;;;;;;;;;;;;;;128;;
SCM;21.04.2003 00:00;;;;;;;;;966.7;;;;;1.3;13;4.7;46.8;;;;;;;;;;;;;;;;103;;
SCM;22.04.2003 00:00;;;;;;;;;966.4;;;;;1.3;9.3;4.7;33.5;;;;;;;;;;;;;;;;79;;
SCM;23.04.2003 00:00;;;;;;;;;965.8;;;;;1.2;7.3;4.3;26.3;;;;;;;;;;;;;;;;104;;
SCM;24.04.2003 00:00;;;;;;;;;968.6;;;;;1.3;5.5;4.7;19.8;;;;;;;;;;;;;;;;0;;
SCM;25.04.2003 00:00;;;;;;;;;967.5;;;;;2.2;7.6;7.9;27.4;;;;;;;;;;;;;;;;90;;
SCM;26.04.2003 00:00;;;;;;;;;965.3;;;;;2.5;10.6;9;38.2;;;;;;;;;;;;;;;;259;;
SCM;27.04.2003 00:00;;;;;;;;;968;;;;;2.2;9.5;7.9;34.2;;;;;;;;;;;;;;;;262;;
SCM;28.04.2003 00:00;;;;;;;;;962.9;;;;;4.9;20.1;17.6;72.4;;;;;;;;;;;;;;;;117;;
SCM;29.04.2003 00:00;;;;;;;;;966.5;;;;;2.6;22.5;9.4;81;;;;;;;;;;;;;;;;218;;
SCM;30.04.2003 00:00;;;;;;;;;966.4;;;;;3.1;16.7;11.2;60.1;;;;;;;;;;;;;;;;260;;
SCM;01.05.2003 00:00;;;;;;;;;973.2;;;;;1.9;7.3;6.8;26.3;;;;;;;;;;;;;;;;236;;
SCM;02.05.2003 00:00;;;;;;;;;968.5;;;;;1.6;11.7;5.8;42.1;;;;;;;;;;;;;;;;257;;
SCM;03.05.2003 00:00;;;;;;;;;975.4;;;;;1.7;6.3;6.1;22.7;;;;;;;;;;;;;;;;243;;
SCM;04.05.2003 00:00;;;;;;;;;971.6;;;;;1.6;11.5;5.8;41.4;;;;;;;;;;;;;;;;207;;
SCM;05.05.2003 00:00;;;;;;;;;965.5;;;;;4;15;14.4;54;;;;;;;;;;;;;;;;112;;
SCM;06.05.2003 00:00;;;;;;;;;967.7;;;;;2.2;13.8;7.9;49.7;;;;;;;;;;;;;;;;214;;
SCM;07.05.2003 00:00;;;;;;;;;970;;;;;1.1;4.1;4;14.8;;;;;;;;;;;;;;;;264;;
SCM;08.05.2003 00:00;;;;;;;;;970.4;;;;;1.1;13.7;4;49.3;;;;;;;;;;;;;;;;270;;
SCM;09.05.2003 00:00;;;;;;;;;970.9;;;;;1.6;7.5;5.8;27;;;;;;;;;;;;;;;;90;;
SCM;10.05.2003 00:00;;;;;;;;;971.2;;;;;1.3;4.5;4.7;16.2;;;;;;;;;;;;;;;;248;;
SCM;11.05.2003 00:00;;;;;;;;;970.9;;;;;1.5;8.5;5.4;30.6;;;;;;;;;;;;;;;;239;;
SCM;12.05.2003 00:00;;;;;;;;;970.4;;;;;1;8;3.6;28.8;;;;;;;;;;;;;;;;243;;
SCM;13.05.2003 00:00;;;;;;;;;970.1;;;;;1.9;10.1;6.8;36.4;;;;;;;;;;;;;;;;259;;
SCM;14.05.2003 00:00;;;;;;;;;974.4;;;;;1.9;10.8;6.8;38.9;;;;;;;;;;;;;;;;99;;
SCM;15.05.2003 00:00;;;;;;;;;973.9;;;;;1.4;5.2;5;18.7;;;;;;;;;;;;;;;;180;;
SCM;16.05.2003 00:00;;;;;;;;;967.7;;;;;2.1;8.8;7.6;31.7;;;;;;;;;;;;;;;;236;;
SCM;17.05.2003 00:00;;;;;;;;;967.9;;;;;2.2;9.6;7.9;34.6;;;;;;;;;;;;;;;;117;;
SCM;18.05.2003 00:00;;;;;;;;;970.4;;;;;1.1;6.5;4;23.4;;;;;;;;;;;;;;;;101;;
SCM;19.05.2003 00:00;;;;;;;;;968.5;;;;;2.2;31.1;7.9;112;;;;;;;;;;;;;;;;259;;
SCM;20.05.2003 00:00;;;;;;;;;972.9;;;;;1.3;13.2;4.7;47.5;;;;;;;;;;;;;;;;90;;
SCM;21.05.2003 00:00;;;;;;;;;978;;;;;1.3;9.1;4.7;32.8;;;;;;;;;;;;;;;;90;;
SCM;22.05.2003 00:00;;;;;;;;;979.2;;;;;1.3;7.3;4.7;26.3;;;;;;;;;;;;;;;;90;;
SCM;23.05.2003 00:00;;;;;;;;;970.8;;;;;1.7;9.1;6.1;32.8;;;;;;;;;;;;;;;;99;;
SCM;24.05.2003 00:00;;;;;;;;;960.5;;;;;3.8;12.8;13.7;46.1;;;;;;;;;;;;;;;;100;;
SCM;25.05.2003 00:00;;;;;;;;;967.3;;;;;2;6.6;7.2;23.8;;;;;;;;;;;;;;;;261;;
SCM;26.05.2003 00:00;;;;;;;;;971.1;;;;;1.6;7.5;5.8;27;;;;;;;;;;;;;;;;259;;
SCM;27.05.2003 00:00;;;;;;;;;972.4;;;;;0.7;4.1;2.5;14.8;;;;;;;;;;;;;;;;259;;
SCM;28.05.2003 00:00;;;;;;;;;970.3;;;;;1.2;4.3;4.3;15.5;;;;;;;;;;;;;;;;256;;
SCM;29.05.2003 00:00;;;;;;;;;967.6;;;;;1.8;12.7;6.5;45.7;;;;;;;;;;;;;;;;225;;
SCM;30.05.2003 00:00;;;;;;;;;966.5;;;;;1.3;5.3;4.7;19.1;;;;;;;;;;;;;;;;270;;
SCM;31.05.2003 00:00;;;;;;;;;965.6;;;;;1.8;20.2;6.5;72.7;;;;;;;;;;;;;;;;180;;
SCM;01.06.2003 00:00;;;;;;;;;963.8;;;;;1.3;6.8;4.7;24.5;;;;;;;;;;;;;;;;270;;
SCM;02.06.2003 00:00;;;;;;;;;964.7;;;;;2.3;16.2;8.3;58.3;;;;;;;;;;;;;;;;122;;
SCM;03.06.2003 00:00;;;;;;;;;966.1;;;;;1.5;9;5.4;32.4;;;;;;;;;;;;;;;;90;;
SCM;04.06.2003 00:00;;;;;;;;;968.1;;;;;1.4;6.2;5;22.3;;;;;;;;;;;;;;;;117;;
SCM;05.06.2003 00:00;;;;;;;;;971;;;;;2.2;9.7;7.9;34.9;;;;;;;;;;;;;;;;252;;
SCM;06.06.2003 00:00;;;;;;;;;972.1;;;;;2.1;7.6;7.6;27.4;;;;;;;;;;;;;;;;247;;
SCM;07.06.2003 00:00;;;;;;;;;970;;;;;1.9;7;6.8;25.2;;;;;;;;;;;;;;;;207;;
SCM;08.06.2003 00:00;;;;;;;;;968.3;;;;;1.5;9.8;5.4;35.3;;;;;;;;;;;;;;;;103;;
SCM;09.06.2003 00:00;;;;;;;;;971.3;;;;;1.4;5.8;5;20.9;;;;;;;;;;;;;;;;243;;
SCM;10.06.2003 00:00;;;;;;;;;969.7;;;;;1.5;6.3;5.4;22.7;;;;;;;;;;;;;;;;270;;
SCM;11.06.2003 00:00;;;;;;;;;971.8;;;;;1.3;7.5;4.7;27;;;;;;;;;;;;;;;;270;;
SCM;12.06.2003 00:00;;;;;;;;;971;;;;;1.9;15.6;6.8;56.2;;;;;;;;;;;;;;;;106;;
SCM;13.06.2003 00:00;;;;;;;;;973;;;;;1.8;8.1;6.5;29.2;;;;;;;;;;;;;;;;207;;
SCM;14.06.2003 00:00;;;;;;;;;971.1;;;;;3.1;22.7;11.2;81.7;;;;;;;;;;;;;;;;125;;
SCM;15.06.2003 00:00;;;;;;;;;969.3;;;;;1.4;10.5;5;37.8;;;;;;;;;;;;;;;;117;;
SCM;16.06.2003 00:00;;;;;;;;;965.6;;;;;1.3;6.5;4.7;23.4;;;;;;;;;;;;;;;;180;;
SCM;17.06.2003 00:00;;;;;;;;;964.7;;;;;1.3;7.2;4.7;25.9;;;;;;;;;;;;;;;;243;;
SCM;18.06.2003 00:00;;;;;;;;;972;;;;;2.4;9.6;8.6;34.6;;;;;;;;;;;;;;;;257;;
SCM;19.06.2003 00:00;;;;;;;;;975.8;;;;;1.3;6.7;4.7;24.1;;;;;;;;;;;;;;;;225;;
SCM;20.06.2003 00:00;;;;;;;;;972.3;;;;;2.6;10.6;9.4;38.2;;;;;;;;;;;;;;;;264;;
SCM;21.06.2003 00:00;;;;;;;;;969.6;;;;;1.2;4.8;4.3;17.3;;;;;;;;;;;;;;;;238;;
SCM;22.06.2003 00:00;;;;;;;;;965.4;;;;;1;4.7;3.6;16.9;;;;;;;;;;;;;;;;225;;
SCM;23.06.2003 00:00;;;;;;;;;965.1;;;;;2.1;11.8;7.6;42.5;;;;;;;;;;;;;;;;259;;
SCM;24.06.2003 00:00;;;;;;;;;969.7;;;;;2.1;11;7.6;39.6;;;;;;;;;;;;;;;;266;;
SCM;25.06.2003 00:00;;;;;;;;;969.6;;;;;1.4;5.5;5;19.8;;;;;;;;;;;;;;;;252;;
SCM;26.06.2003 00:00;;;;;;;;;967.3;;;;;1.8;16.2;6.5;58.3;;;;;;;;;;;;;;;;135;;
SCM;27.06.2003 00:00;;;;;;;;;966.6;;;;;1.5;7.3;5.4;26.3;;;;;;;;;;;;;;;;239;;
SCM;28.06.2003 00:00;;;;;;;;;965.5;;;;;1.2;4.8;4.3;17.3;;;;;;;;;;;;;;;;231;;
SCM;29.06.2003 00:00;;;;;;;;;962;;;;;1.1;5.6;4;20.2;;;;;;;;;;;;;;;;108;;
SCM;30.06.2003 00:00;;;;;;;;;958;;;;;3.2;11.6;11.5;41.8;;;;;;;;;;;;;;;;108;;
SCM;01.07.2003 00:00;;;;;;;;;960.5;;;;;1.8;24.6;6.5;88.6;;;;;;;;;;;;;;;;90;;
SCM;02.07.2003 00:00;;;;;;;;;961.8;;;;;2.4;12.2;8.6;43.9;;;;;;;;;;;;;;;;225;;
SCM;03.07.2003 00:00;;;;;;;;;965.5;;;;;1.6;11.7;5.8;42.1;;;;;;;;;;;;;;;;99;;
SCM;04.07.2003 00:00;;;;;;;;;969.6;;;;;1.2;7.2;4.3;25.9;;;;;;;;;;;;;;;;72;;
SCM;05.07.2003 00:00;;;;;;;;;970.6;;;;;1;3.3;3.6;11.9;;;;;;;;;;;;;;;;146;;
SCM;06.07.2003 00:00;;;;;;;;;971.2;;;;;1.7;6.3;6.1;22.7;;;;;;;;;;;;;;;;230;;
SCM;07.07.2003 00:00;;;;;;;;;973.1;;;;;1.4;6.8;5;24.5;;;;;;;;;;;;;;;;241;;
SCM;08.07.2003 00:00;;;;;;;;;972.1;;;;;1.5;5.8;5.4;20.9;;;;;;;;;;;;;;;;240;;
SCM;09.07.2003 00:00;;;;;;;;;970.4;;;;;1;5.8;3.6;20.9;;;;;;;;;;;;;;;;248;;
SCM;10.07.2003 00:00;;;;;;;;;970.6;;;;;1.6;5.7;5.8;20.5;;;;;;;;;;;;;;;;238;;
SCM;11.07.2003 00:00;;;;;;;;;970.9;;;;;1.5;6;5.4;21.6;;;;;;;;;;;;;;;;240;;
SCM;12.07.2003 00:00;;;;;;;;;970.7;;;;;1.3;4.7;4.7;16.9;;;;;;;;;;;;;;;;248;;
SCM;13.07.2003 00:00;;;;;;;;;968.9;;;;;1.8;9;6.5;32.4;;;;;;;;;;;;;;;;315;;
SCM;14.07.2003 00:00;;;;;;;;;965.1;;;;1013.3;1.4;6.1;4.7;22;;;;;;;;;;;;;;;;270;;
SCM;15.07.2003 00:00;;;;;;;;;963.7;;;;;2;14.6;7.2;52.6;;;;;;;;;;;;;;;;114;;
SCM;16.07.2003 00:00;;;;;;;;;963.6;;;;;3.4;40.7;12.2;146.5;;;;;;;;;;;;;;;;97;;
SCM;17.07.2003 00:00;;;;;;;;;972.6;;;;;1.4;10.1;5;36.4;;;;;;;;;;;;;;;;225;;
SCM;18.07.2003 00:00;;;;;;;;;;;;;;;;5.4;;;;;;;;;;;;;;;;;243;;
SCM;19.07.2003 00:00;;;;;;;;;971.9;;;;;1.2;5.5;4.3;19.8;;;;;;;;;;;;;;;;270;;
SCM;20.07.2003 00:00;;;;;;;;;967.6;;;;;1.5;8.2;5.4;29.5;;;;;;;;;;;;;;;;90;;
SCM;21.07.2003 00:00;;;;;;;;;970.1;;;;;4;21.3;14.4;76.7;;;;;;;;;;;;;;;;97;;
SCM;22.07.2003 00:00;;;;;;;;;971.6;;;;;2.5;13.3;9;47.9;;;;;;;;;;;;;;;;143;;
SCM;23.07.2003 00:00;;;;;;;;;970.5;;;;;2.2;12;7.9;43.2;;;;;;;;;;;;;;;;98;;
SCM;24.07.2003 00:00;;;;;;;;;969.2;;;;;1.3;8.7;4.7;31.3;;;;;;;;;;;;;;;;90;;
SCM;25.07.2003 00:00;;;;;;;;;967.8;;;;;1.8;10.1;6.5;36.4;;;;;;;;;;;;;;;;225;;
SCM;26.07.2003 00:00;;;;;;;;;966.2;;;;;1.3;7.2;4.7;25.9;;;;;;;;;;;;;;;;90;;
SCM;27.07.2003 00:00;;;;;;;;;967;;;;;3.1;15.2;11.2;54.7;;;;;;;;;;;;;;;;108;;
SCM;28.07.2003 00:00;;;;;;;;;974.2;;;;;0.8;3.2;2.9;11.5;;;;;;;;;;;;;;;;117;;
SCM;29.07.2003 00:00;;;;;;;;;975.8;;;;;1.1;4.5;4;16.2;;;;;;;;;;;;;;;;135;;
SCM;30.07.2003 00:00;;;;;;;;;971;;;;;1.4;8.8;5;31.7;;;;;;;;;;;;;;;;90;;
SCM;31.07.2003 00:00;;;;;;;;;969.8;;;;;1.2;7.6;4.3;27.4;;;;;;;;;;;;;;;;117;;
SCM;01.08.2003 00:00;;;;;;;;;970.9;;;;;1.4;8.6;5;31;;;;;;;;;;;;;;;;77;;
SCM;02.08.2003 00:00;;;;;;;;;972.1;;;;;1.2;4.1;4.3;14.8;;;;;;;;;;;;;;;;259;;
SCM;03.08.2003 00:00;;;;;;;;;973;;;;;0.9;5;3.2;18;;;;;;;;;;;;;;;;225;;
SCM;04.08.2003 00:00;;;;;;;;;974.1;;;;;0.9;5.1;3.2;18.4;;;;;;;;;;;;;;;;0;;
SCM;05.08.2003 00:00;;;;;;;;;974;;;;;0.7;3.2;2.5;11.5;;;;;;;;;;;;;;;;225;;
SCM;06.08.2003 00:00;;;;;;;;;973.4;;;;;1;8.3;3.6;29.9;;;;;;;;;;;;;;;;90;;
SCM;07.08.2003 00:00;;;;;;;;;972.5;;;;;1.3;7.7;4.7;27.7;;;;;;;;;;;;;;;;68;;
SCM;08.08.2003 00:00;;;;;;;;;971.7;;;;;1.3;8.2;4.7;29.5;;;;;;;;;;;;;;;;79;;
SCM;09.08.2003 00:00;;;;;;;;;971.4;;;;;1.1;7.1;4;25.6;;;;;;;;;;;;;;;;90;;
SCM;10.08.2003 00:00;;;;;;;;;969.8;;;;;1.3;9;4.7;32.4;;;;;;;;;;;;;;;;104;;
SCM;11.08.2003 00:00;;;;;;;;;971.2;;;;;1.1;6.1;4;22;;;;;;;;;;;;;;;;207;;
SCM;12.08.2003 00:00;;;;;;;;;974.4;;;;;1;4.5;3.6;16.2;;;;;;;;;;;;;;;;45;;
SCM;13.08.2003 00:00;;;;;;;;;972.7;;;;;2.1;16.8;7.6;60.5;;;;;;;;;;;;;;;;120;;
SCM;14.08.2003 00:00;;;;;;;;;969.4;;;;;2.9;13.2;10.4;47.5;;;;;;;;;;;;;;;;98;;
SCM;15.08.2003 00:00;;;;;;;;;967.8;;;;;1.9;11.7;6.8;42.1;;;;;;;;;;;;;;;;94;;
SCM;16.08.2003 00:00;;;;;;;;;967.9;;;;;2.1;17.5;7.6;63;;;;;;;;;;;;;;;;130;;
SCM;17.08.2003 00:00;;;;;;;;;968.4;;;;;1.9;22;6.8;79.2;;;;;;;;;;;;;;;;270;;
SCM;18.08.2003 00:00;;;;;;;;;971.7;;;;;2.2;9.6;7.9;34.6;;;;;;;;;;;;;;;;106;;
SCM;19.08.2003 00:00;;;;;;;;;973.1;;;;;1.5;6.3;5.4;22.7;;;;;;;;;;;;;;;;166;;
SCM;20.08.2003 00:00;;;;;;;;;970.5;;;;;2.8;9.7;10.1;34.9;;;;;;;;;;;;;;;;121;;
SCM;21.08.2003 00:00;;;;;;;;;969.8;;;;;1.3;5.7;4.7;20.5;;;;;;;;;;;;;;;;135;;
SCM;22.08.2003 00:00;;;;;;;;;971;;;;;1.7;7;6.1;25.2;;;;;;;;;;;;;;;;231;;
SCM;23.08.2003 00:00;;;;;;;;;970.9;;;;;1.2;4.2;4.3;15.1;;;;;;;;;;;;;;;;233;;
SCM;24.08.2003 00:00;;;;;;;;;968;;;;;1.5;9.6;5.4;34.6;;;;;;;;;;;;;;;;108;;
SCM;25.08.2003 00:00;;;;;;;;;965;;;;;1.4;7.8;5;28.1;;;;;;;;;;;;;;;;90;;
SCM;26.08.2003 00:00;;;;;;;;;965.8;;;;;1.7;8.3;6.1;29.9;;;;;;;;;;;;;;;;240;;
SCM;27.08.2003 00:00;;;;;;;;;964.4;;;;;1.2;6.5;4.3;23.4;;;;;;;;;;;;;;;;214;;
SCM;28.08.2003 00:00;;;;;;;;;960.3;;;;;2.4;24.1;8.6;86.8;;;;;;;;;;;;;;;;113;;
SCM;29.08.2003 00:00;;;;;;;;;959.2;;;;;2.2;14.5;7.9;52.2;;;;;;;;;;;;;;;;85;;
SCM;30.08.2003 00:00;;;;;;;;;966.3;;;;;1.3;9.1;4.7;32.8;;;;;;;;;;;;;;;;79;;
SCM;31.08.2003 00:00;;;;;;;;;971.1;;;;;1.4;7.3;5;26.3;;;;;;;;;;;;;;;;98;;
SCM;01.09.2003 00:00;;;;;;;;;971.3;;;;;1.6;6.6;5.8;23.8;;;;;;;;;;;;;;;;225;;
SCM;02.09.2003 00:00;;;;;;;;;974.9;;;;;1.6;8.7;5.8;31.3;;;;;;;;;;;;;;;;84;;
SCM;03.09.2003 00:00;;;;;;;;;978.1;;;;;1.8;8.7;6.5;31.3;;;;;;;;;;;;;;;;85;;
SCM;04.09.2003 00:00;;;;;;;;;979.1;;;;;1.1;3.7;4;13.3;;;;;;;;;;;;;;;;225;;
SCM;05.09.2003 00:00;;;;;;;;;973.7;;;;;1.1;6.1;4;22;;;;;;;;;;;;;;;;207;;
SCM;06.09.2003 00:00;;;;;;;;;971.9;;;;;0.7;2.7;2.5;9.7;;;;;;;;;;;;;;;;108;;
SCM;07.09.2003 00:00;;;;;;;;;967.2;;;;;1.6;15.8;5.8;56.9;;;;;;;;;;;;;;;;270;;
SCM;08.09.2003 00:00;;;;;;;;;962;;;;;1.4;5.8;5;20.9;;;;;;;;;;;;;;;;180;;
SCM;09.09.2003 00:00;;;;;;;;;961.5;;;;;1;5.2;3.6;18.7;;;;;;;;;;;;;;;;90;;
SCM;10.09.2003 00:00;;;;;;;;;969.6;;;;;1.2;10.2;4.3;36.7;;;;;;;;;;;;;;;;252;;
SCM;11.09.2003 00:00;;;;;;;;;972;;;;;1.4;10;5;36;;;;;;;;;;;;;;;;180;;
SCM;12.09.2003 00:00;;;;;;;;;978.6;;;;;1.6;8.8;5.8;31.7;;;;;;;;;;;;;;;;270;;
SCM;13.09.2003 00:00;;;;;;;;;979.7;;;;;1.5;8;5.4;28.8;;;;;;;;;;;;;;;;68;;
SCM;14.09.2003 00:00;;;;;;;;;978.5;;;;;1.9;8;6.8;28.8;;;;;;;;;;;;;;;;112;;
SCM;15.09.2003 00:00;;;;;;;;;977.1;;;;;1.2;4.3;4.3;15.5;;;;;;;;;;;;;;;;233;;
SCM;16.09.2003 00:00;;;;;;;;;976.5;;;;;1.1;4.1;4;14.8;;;;;;;;;;;;;;;;270;;
SCM;17.09.2003 00:00;;;;;;;;;975.4;;;;;0.9;4.1;3.2;14.8;;;;;;;;;;;;;;;;0;;
SCM;18.09.2003 00:00;;;;;;;;;974.4;;;;;1;5.1;3.6;18.4;;;;;;;;;;;;;;;;63;;
SCM;19.09.2003 00:00;;;;;;;;;974.5;;;;;0.9;6;3.2;21.6;;;;;;;;;;;;;;;;72;;
SCM;20.09.2003 00:00;;;;;;;;;975.5;;;;;0.7;4.2;2.5;15.1;;;;;;;;;;;;;;;;90;;
SCM;21.09.2003 00:00;;;;;;;;;974.6;;;;;0.9;5.5;3.2;19.8;;;;;;;;;;;;;;;;72;;
SCM;22.09.2003 00:00;;;;;;;;;967.3;;;;;1.1;4;4;14.4;;;;;;;;;;;;;;;;90;;
SCM;23.09.2003 00:00;;;;;;;;;969;;;;;1.7;10.5;6.1;37.8;;;;;;;;;;;;;;;;270;;
SCM;24.09.2003 00:00;;;;;;;;;977.9;;;;;2.3;10.5;8.3;37.8;;;;;;;;;;;;;;;;81;;
SCM;25.09.2003 00:00;;;;;;;;;978.2;;;;;1.1;4.6;4;16.6;;;;;;;;;;;;;;;;225;;
SCM;26.09.2003 00:00;;;;;;;;;974;;;;;0.9;4.8;3.2;17.3;;;;;;;;;;;;;;;;90;;
SCM;27.09.2003 00:00;;;;;;;;;969.9;;;;;1.4;4.7;5;16.9;;;;;;;;;;;;;;;;270;;
SCM;28.09.2003 00:00;;;;;;;;;965.3;;;;;1.6;9;5.8;32.4;;;;;;;;;;;;;;;;262;;
SCM;29.09.2003 00:00;;;;;;;;;967.6;;;;;1;7.7;3.6;27.7;;;;;;;;;;;;;;;;117;;
SCM;30.09.2003 00:00;;;;;;;;;966.5;;;;;0.9;3.5;3.2;12.6;;;;;;;;;;;;;;;;180;;
SCM;01.10.2003 00:00;;;;;;;;;963.8;;;;;1.7;8;6.1;28.8;;;;;;;;;;;;;;;;263;;
SCM;02.10.2003 00:00;;;;;;;;;966;;;;;0.9;5;3.2;18;;;;;;;;;;;;;;;;76;;
SCM;03.10.2003 00:00;;;;;;;;;964.4;;;;;1.4;5.5;5;19.8;;;;;;;;;;;;;;;;83;;
SCM;04.10.2003 00:00;;;;;;;;;960.7;;;;;1.2;9.6;4.3;34.6;;;;;;;;;;;;;;;;304;;
SCM;05.10.2003 00:00;;;;;;;;;961.4;;;;;2.4;11.8;8.6;42.5;;;;;;;;;;;;;;;;274;;
SCM;06.10.2003 00:00;;;;;;;;;969.3;;;;;1.8;11.2;6.5;40.3;;;;;;;;;;;;;;;;180;;
SCM;07.10.2003 00:00;;;;;;;;;962.9;;;;;3.2;17.7;11.5;63.7;;;;;;;;;;;;;;;;281;;
SCM;08.10.2003 00:00;;;;;;;;;970.2;;;;;1.7;8.3;6.1;29.9;;;;;;;;;;;;;;;;135;;
SCM;09.10.2003 00:00;;;;;;;;;972;;;;;1.5;8.6;5.4;31;;;;;;;;;;;;;;;;360;;
SCM;10.10.2003 00:00;;;;;;;;;974.8;;;;;0.7;5;2.5;18;;;;;;;;;;;;;;;;90;;
SCM;11.10.2003 00:00;;;;;;;;;975.9;;;;;0.9;3.7;3.2;13.3;;;;;;;;;;;;;;;;135;;
SCM;12.10.2003 00:00;;;;;;;;;974.6;;;;;1.4;5.7;5;20.5;;;;;;;;;;;;;;;;239;;
SCM;13.10.2003 00:00;;;;;;;;;973.3;;;;;1;6.7;3.6;24.1;;;;;;;;;;;;;;;;225;;
SCM;14.10.2003 00:00;;;;;;;;;974.2;;;;;1.4;6.8;5;24.5;;;;;;;;;;;;;;;;45;;
SCM;15.10.2003 00:00;;;;;;;;;975.5;;;;;1.5;10.5;5.4;37.8;;;;;;;;;;;;;;;;261;;
SCM;16.10.2003 00:00;;;;;;;;;975.3;;;;;1.8;10.3;6.5;37.1;;;;;;;;;;;;;;;;72;;
SCM;17.10.2003 00:00;;;;;;;;;972.6;;;;;1.1;5.2;4;18.7;;;;;;;;;;;;;;;;0;;
SCM;18.10.2003 00:00;;;;;;;;;965.6;;;;;1.3;5.6;4.7;20.2;;;;;;;;;;;;;;;;225;;
SCM;19.10.2003 00:00;;;;;;;;;960.1;;;;;0.8;3.7;2.9;13.3;;;;;;;;;;;;;;;;135;;
SCM;20.10.2003 00:00;;;;;;;;;952;;;;;0.8;7.8;2.9;28.1;;;;;;;;;;;;;;;;180;;
SCM;21.10.2003 00:00;;;;;;;;;960.1;;;;;1.8;13.7;6.5;49.3;;;;;;;;;;;;;;;;279;;
SCM;22.10.2003 00:00;;;;;;;;;962.5;;;;;1.1;4.4;4;15.8;;;;;;;;;;;;;;;;117;;
SCM;23.10.2003 00:00;;;;;;;;;958.4;;;;;0.9;4.1;3.2;14.8;;;;;;;;;;;;;;;;326;;
SCM;24.10.2003 00:00;;;;;;;;;968.1;;;;;0.9;4.8;3.2;17.3;;;;;;;;;;;;;;;;360;;
SCM;25.10.2003 00:00;;;;;;;;;974.6;;;;;1.3;7.3;4.7;26.3;;;;;;;;;;;;;;;;127;;
SCM;26.10.2003 00:00;;;;;;;;;967.9;;;;;1.4;12.3;5;44.3;;;;;;;;;;;;;;;;90;;
SCM;27.10.2003 00:00;;;;;;;;;969.5;;;;;1.1;4.5;4;16.2;;;;;;;;;;;;;;;;207;;
SCM;28.10.2003 00:00;;;;;;;;;968.9;;;;;1.1;4.6;4;16.6;;;;;;;;;;;;;;;;243;;
SCM;29.10.2003 00:00;;;;;;;;;956.4;;;;;1.2;7.1;4.3;25.6;;;;;;;;;;;;;;;;225;;
SCM;30.10.2003 00:00;;;;;;;;;948.7;;;;;3.2;16.3;11.5;58.7;;;;;;;;;;;;;;;;276;;
SCM;31.10.2003 00:00;;;;;;;;;939;;;;;2.6;13.7;9.4;49.3;;;;;;;;;;;;;;;;252;;
SCM;01.11.2003 00:00;;;;;;;;;950.8;;;;;1.2;8;4.3;28.8;;;;;;;;;;;;;;;;82;;
SCM;02.11.2003 00:00;;;;;;;;;963;;;;;0.8;4.2;2.9;15.1;;;;;;;;;;;;;;;;79;;
SCM;03.11.2003 00:00;;;;;;;;;971.9;;;;;1;5.7;3.6;20.5;;;;;;;;;;;;;;;;68;;
SCM;04.11.2003 00:00;;;;;;;;;981.7;;;;;1;6.1;3.6;22;;;;;;;;;;;;;;;;76;;
SCM;05.11.2003 00:00;;;;;;;;;981.9;;;;;0.7;3.8;2.5;13.7;;;;;;;;;;;;;;;;225;;
SCM;06.11.2003 00:00;;;;;;;;;980.6;;;;;0.9;4.2;3.2;15.1;;;;;;;;;;;;;;;;99;;
SCM;07.11.2003 00:00;;;;;;;;;973.7;;;;;2.5;10.7;9;38.5;;;;;;;;;;;;;;;;67;;
SCM;08.11.2003 00:00;;;;;;;;;970.7;;;;;1.5;7.6;5.4;27.4;;;;;;;;;;;;;;;;248;;
SCM;09.11.2003 00:00;;;;;;;;;976.3;;;;;0.7;3.3;2.5;11.9;;;;;;;;;;;;;;;;90;;
SCM;10.11.2003 00:00;;;;;;;;;974.5;;;;;0.7;2.3;2.5;8.3;;;;;;;;;;;;;;;;90;;
SCM;11.11.2003 00:00;;;;;;;;;974.3;;;;;1;3.5;3.6;12.6;;;;;;;;;;;;;;;;104;;
SCM;12.11.2003 00:00;;;;;;;;;973.2;;;;;0.9;3.1;3.2;11.2;;;;;;;;;;;;;;;;104;;
SCM;13.11.2003 00:00;;;;;;;;;977.8;;;;;0.8;4;2.9;14.4;;;;;;;;;;;;;;;;117;;
SCM;14.11.2003 00:00;;;;;;;;;974.9;;;;;1.2;6.7;4.3;24.1;;;;;;;;;;;;;;;;153;;
SCM;15.11.2003 00:00;;;;;;;;;969.7;;;;;1.3;8.2;4.7;29.5;;;;;;;;;;;;;;;;90;;
SCM;16.11.2003 00:00;;;;;;;;;966;;;;;1.2;6.5;4.3;23.4;;;;;;;;;;;;;;;;252;;
SCM;17.11.2003 00:00;;;;;;;;;977.6;;;;;1.3;10.2;4.7;36.7;;;;;;;;;;;;;;;;270;;
SCM;18.11.2003 00:00;;;;;;;;;980.4;;;;;0.9;5.7;3.2;20.5;;;;;;;;;;;;;;;;90;;
SCM;19.11.2003 00:00;;;;;;;;;977.7;;;;;0.5;2.7;1.8;9.7;;;;;;;;;;;;;;;;90;;
SCM;20.11.2003 00:00;;;;;;;;;972.6;;;;;0.7;3.1;2.5;11.2;;;;;;;;;;;;;;;;243;;
SCM;21.11.2003 00:00;;;;;;;;;967.8;;;;;1;4.3;3.6;15.5;;;;;;;;;;;;;;;;270;;
SCM;22.11.2003 00:00;;;;;;;;;964.6;;;;;0.9;4;3.2;14.4;;;;;;;;;;;;;;;;270;;
SCM;23.11.2003 00:00;;;;;;;;;961;;;;;1.6;8;5.8;28.8;;;;;;;;;;;;;;;;270;;
SCM;24.11.2003 00:00;;;;;;;;;960.1;;;;;1.4;5.2;5;18.7;;;;;;;;;;;;;;;;276;;
SCM;25.11.2003 00:00;;;;;;;;;963.9;;;;;0.6;2.7;2.2;9.7;;;;;;;;;;;;;;;;270;;
SCM;26.11.2003 00:00;;;;;;;;;957.8;;;;;1.1;4.3;4;15.5;;;;;;;;;;;;;;;;252;;
SCM;27.11.2003 00:00;;;;;;;;;950.7;;;;;1.4;11.6;5;41.8;;;;;;;;;;;;;;;;292;;
SCM;28.11.2003 00:00;;;;;;;;;962.1;;;;;0.8;3.6;2.9;13;;;;;;;;;;;;;;;;81;;
SCM;29.11.2003 00:00;;;;;;;;;966.8;;;;;0.8;2.8;2.9;10.1;;;;;;;;;;;;;;;;101;;
SCM;30.11.2003 00:00;;;;;;;;;963.4;;;;;1.2;8.5;4.3;30.6;;;;;;;;;;;;;;;;72;;
SCM;01.12.2003 00:00;;;;;;;;;957.9;;;;;4.2;16.3;15.1;58.7;;;;;;;;;;;;;;;;184;;
SCM;02.12.2003 00:00;;;;;;;;;964.3;;;;;1.5;7.2;5.4;25.9;;;;;;;;;;;;;;;;265;;
SCM;03.12.2003 00:00;;;;;;;;;969.7;;;;;0.7;4.1;2.5;14.8;;;;;;;;;;;;;;;;270;;
SCM;04.12.2003 00:00;;;;;;;;;972.6;;;;;1.5;5.6;5.4;20.2;;;;;;;;;;;;;;;;257;;
SCM;05.12.2003 00:00;;;;;;;;;978.2;;;;;1;5;3.6;18;;;;;;;;;;;;;;;;297;;
SCM;06.12.2003 00:00;;;;;;;;;974;;;;;1.3;7.3;4.7;26.3;;;;;;;;;;;;;;;;270;;
SCM;07.12.2003 00:00;;;;;;;;;974.6;;;;;3.1;13.1;11.2;47.2;;;;;;;;;;;;;;;;54;;
SCM;08.12.2003 00:00;;;;;;;;;976.6;;;;;0.8;2.7;2.9;9.7;;;;;;;;;;;;;;;;90;;
SCM;09.12.2003 00:00;;;;;;;;;970;;;;;1;3.6;3.6;13;;;;;;;;;;;;;;;;90;;
SCM;10.12.2003 00:00;;;;;;;;;968;;;;;0.9;3.1;3.2;11.2;;;;;;;;;;;;;;;;90;;
SCM;11.12.2003 00:00;;;;;;;;;971.6;;;;;1.1;5.1;4;18.4;;;;;;;;;;;;;;;;81;;
SCM;12.12.2003 00:00;;;;;;;;;976;;;;;1;5.2;3.6;18.7;;;;;;;;;;;;;;;;74;;
SCM;13.12.2003 00:00;;;;;;;;;973.9;;;;;1.1;7.6;4;27.4;;;;;;;;;;;;;;;;76;;
SCM;14.12.2003 00:00;;;;;;;;;967.1;;;;;3.6;17.1;13;61.6;;;;;;;;;;;;;;;;274;;
SCM;15.12.2003 00:00;;;;;;;;;971.8;;;;;3.7;13.5;13.3;48.6;;;;;;;;;;;;;;;;277;;
SCM;16.12.2003 00:00;;;;;;;;;979.9;;;;;2.2;7.7;7.9;27.7;;;;;;;;;;;;;;;;321;;
SCM;17.12.2003 00:00;;;;;;;;;978.4;;;;;1.3;9.5;4.7;34.2;;;;;;;;;;;;;;;;85;;
SCM;18.12.2003 00:00;;;;;;;;;975.9;;;;;0.9;4.1;3.2;14.8;;;;;;;;;;;;;;;;117;;
SCM;19.12.2003 00:00;;;;;;;;;975.2;;;;;1.1;6.3;4;22.7;;;;;;;;;;;;;;;;72;;
SCM;20.12.2003 00:00;;;;;;;;;973.2;;;;;1.1;6.3;4;22.7;;;;;;;;;;;;;;;;82;;
SCM;21.12.2003 00:00;;;;;;;;;963.4;;;;;2;10.3;7.2;37.1;;;;;;;;;;;;;;;;285;;
SCM;22.12.2003 00:00;;;;;;;;;969;;;;;1.8;9.1;6.5;32.8;;;;;;;;;;;;;;;;279;;
SCM;23.12.2003 00:00;;;;;;;;;979.8;;;;;1.8;9;6.5;32.4;;;;;;;;;;;;;;;;81;;
SCM;26.12.2003 00:00;;;;;;;;;970.9;;;;;1.2;6.2;4.3;22.3;;;;;;;;;;;;;;;;77;;
SCM;27.12.2003 00:00;;;;;;;;;962;;;;;0.9;5;3.2;18;;;;;;;;;;;;;;;;74;;
SCM;28.12.2003 00:00;;;;;;;;;954.8;;;;;2.1;10.1;7.6;36.4;;;;;;;;;;;;;;;;278;;
SCM;29.12.2003 00:00;;;;;;;;;962.7;;;;;1.3;10.3;4.7;37.1;;;;;;;;;;;;;;;;60;;
SCM;30.12.2003 00:00;;;;;;;;;963.3;;;;;0.7;2.8;2.5;10.1;;;;;;;;;;;;;;;;72;;
SCM;31.12.2003 00:00;;;;;;;;;969.4;;;;;1.2;6.7;4.3;24.1;;;;;;;;;;;;;;;;270;;
SCM;01.01.2004 00:00;;;;;;;;;964.6;;;;;0.8;3.7;2.9;13.3;;;;;;;;;;;;;;;;90;;
SCM;02.01.2004 00:00;;;;;;;;;962.8;;;;;0.9;5.8;3.2;20.9;;;;;;;;;;;;;;;;45;;
SCM;03.01.2004 00:00;;;;;;;;;970.3;;;;;1.3;6.7;4.7;24.1;;;;;;;;;;;;;;;;315;;
SCM;04.01.2004 00:00;;;;;;;;;971.9;;;;;1;3.2;3.6;11.5;;;;;;;;;;;;;;;;79;;
SCM;05.01.2004 00:00;;;;;;;;;975.1;;;;;1.1;6.5;4;23.4;;;;;;;;;;;;;;;;79;;
SCM;06.01.2004 00:00;;;;;;;;;973.9;;;;;1.3;6.8;4.7;24.5;;;;;;;;;;;;;;;;108;;
SCM;07.01.2004 00:00;;;;;;;;;971.8;;;;;0.7;3.8;2.5;13.7;;;;;;;;;;;;;;;;90;;
SCM;08.01.2004 00:00;;;;;;;;;965.4;;;;;1.2;8.3;4.3;29.9;;;;;;;;;;;;;;;;135;;
SCM;09.01.2004 00:00;;;;;;;;;962.1;;;;;1.7;11.7;6.1;42.1;;;;;;;;;;;;;;;;315;;
SCM;10.01.2004 00:00;;;;;;;;;969.3;;;;;1.7;15.8;6.1;56.9;;;;;;;;;;;;;;;;342;;
SCM;11.01.2004 00:00;;;;;;;;;967.1;;;;;2.8;13.1;10.1;47.2;;;;;;;;;;;;;;;;92;;
SCM;12.01.2004 00:00;;;;;;;;;960.3;;;;;3.9;22.2;14;79.9;;;;;;;;;;;;;;;;276;;
SCM;13.01.2004 00:00;;;;;;;;;952.6;;;;;3.5;24;12.6;86.4;;;;;;;;;;;;;;;;141;;
SCM;14.01.2004 00:00;;;;;;;;;956.5;;;;;2.6;15;9.4;54;;;;;;;;;;;;;;;;275;;
SCM;15.01.2004 00:00;;;;;;;;;962.9;;;;;4.3;19.8;15.5;71.3;;;;;;;;;;;;;;;;277;;
SCM;16.01.2004 00:00;;;;;;;;;957.5;;;;;2.8;14.6;10.1;52.6;;;;;;;;;;;;;;;;93;;
SCM;17.01.2004 00:00;;;;;;;;;954.7;;;;;1.7;11.2;6.1;40.3;;;;;;;;;;;;;;;;79;;
SCM;18.01.2004 00:00;;;;;;;;;964;;;;;1.9;11.3;6.8;40.7;;;;;;;;;;;;;;;;70;;
SCM;19.01.2004 00:00;;;;;;;;;971.2;;;;;0.8;4.7;2.9;16.9;;;;;;;;;;;;;;;;360;;
SCM;20.01.2004 00:00;;;;;;;;;962.9;;;;;0.7;3.5;2.5;12.6;;;;;;;;;;;;;;;;72;;
SCM;21.01.2004 00:00;;;;;;;;;968.5;;;;;1.2;5.5;4.3;19.8;;;;;;;;;;;;;;;;270;;
SCM;22.01.2004 00:00;;;;;;;;;971.9;;;;;1.1;5.7;4;20.5;;;;;;;;;;;;;;;;90;;
SCM;23.01.2004 00:00;;;;;;;;;969.6;;;;;1.3;11.7;4.7;42.1;;;;;;;;;;;;;;;;90;;
SCM;24.01.2004 00:00;;;;;;;;;967.8;;;;;1.1;5.5;4;19.8;;;;;;;;;;;;;;;;90;;
SCM;25.01.2004 00:00;;;;;;;;;967.3;;;;;1.1;5.7;4;20.5;;;;;;;;;;;;;;;;83;;
SCM;26.01.2004 00:00;;;;;;;;;954.7;;;;;2.7;14;9.7;50.4;;;;;;;;;;;;;;;;240;;
SCM;27.01.2004 00:00;;;;;;;;;952.6;;;;;1.7;10.2;6.1;36.7;;;;;;;;;;;;;;;;270;;
SCM;28.01.2004 00:00;;;;;;;;;956.2;;;;;1;10.1;3.6;36.4;;;;;;;;;;;;;;;;270;;
SCM;29.01.2004 00:00;;;;;;;;;959.9;;;;;2.9;17.2;10.4;61.9;;;;;;;;;;;;;;;;276;;
SCM;30.01.2004 00:00;;;;;;;;;971.3;;;;;1.3;11.6;4.7;41.8;;;;;;;;;;;;;;;;83;;
SCM;31.01.2004 00:00;;;;;;;;;970;;;;;1.3;9.5;4.7;34.2;;;;;;;;;;;;;;;;81;;
SCM;01.02.2004 00:00;;;;;;;;;977.3;;;;;1.5;7.6;5.4;27.4;;;;;;;;;;;;;;;;73;;
SCM;02.02.2004 00:00;;;;;;;;;981;;;;;1.3;6;4.7;21.6;;;;;;;;;;;;;;;;75;;
SCM;03.02.2004 00:00;;;;;;;;;984.6;;;;;1;5;3.6;18;;;;;;;;;;;;;;;;72;;
SCM;04.02.2004 00:00;;;;;;;;;985.7;;;;;1;5.6;3.6;20.2;;;;;;;;;;;;;;;;76;;
SCM;05.02.2004 00:00;;;;;;;;;984;;;;;1.4;6.3;5;22.7;;;;;;;;;;;;;;;;63;;
SCM;06.02.2004 00:00;;;;;;;;;977.7;;;;;1.6;10.1;5.8;36.4;;;;;;;;;;;;;;;;79;;
SCM;07.02.2004 00:00;;;;;;;;;973.1;;;;;2.7;12.8;9.7;46.1;;;;;;;;;;;;;;;;276;;
SCM;08.02.2004 00:00;;;;;;;;;972.3;;;;;6.5;26.8;23.4;96.5;;;;;;;;;;;;;;;;277;;
SCM;09.02.2004 00:00;;;;;;;;;983.1;;;;;2.1;11.1;7.6;40;;;;;;;;;;;;;;;;270;;
SCM;10.02.2004 00:00;;;;;;;;;983.4;;;;;1.4;8.2;5;29.5;;;;;;;;;;;;;;;;96;;
SCM;11.02.2004 00:00;;;;;;;;;977.3;;;;;1;13.8;3.6;49.7;;;;;;;;;;;;;;;;72;;
SCM;12.02.2004 00:00;;;;;;;;;981.5;;;;;0.6;2.5;2.2;9;;;;;;;;;;;;;;;;117;;
SCM;13.02.2004 00:00;;;;;;;;;982.6;;;;;0.9;4;3.2;14.4;;;;;;;;;;;;;;;;180;;
SCM;14.02.2004 00:00;;;;;;;;;976.7;;;;;0.7;2.8;2.5;10.1;;;;;;;;;;;;;;;;101;;
SCM;15.02.2004 00:00;;;;;;;;;974.6;;;;;0.8;3.7;2.9;13.3;;;;;;;;;;;;;;;;90;;
SCM;16.02.2004 00:00;;;;;;;;;975.3;;;;;1.9;11;6.8;39.6;;;;;;;;;;;;;;;;86;;
SCM;17.02.2004 00:00;;;;;;;;;977;;;;;0.7;2.5;2.5;9;;;;;;;;;;;;;;;;99;;
SCM;18.02.2004 00:00;;;;;;;;;971.4;;;;;1.2;5.1;4.3;18.4;;;;;;;;;;;;;;;;135;;
SCM;19.02.2004 00:00;;;;;;;;;963.1;;;;;4.1;14;14.8;50.4;;;;;;;;;;;;;;;;74;;
SCM;20.02.2004 00:00;;;;;;;;;967.8;;;;;1.4;6.8;5;24.5;;;;;;;;;;;;;;;;270;;
SCM;21.02.2004 00:00;;;;;;;;;960.4;;;;;2;7.5;7.2;27;;;;;;;;;;;;;;;;267;;
SCM;22.02.2004 00:00;;;;;;;;;956.3;;;;;0.9;6.1;3.2;22;;;;;;;;;;;;;;;;270;;
SCM;23.02.2004 00:00;;;;;;;;;961.9;;;;;2.2;8.2;7.9;29.5;;;;;;;;;;;;;;;;254;;
SCM;24.02.2004 00:00;;;;;;;;;968;;;;;1.3;6.2;4.7;22.3;;;;;;;;;;;;;;;;225;;
SCM;25.02.2004 00:00;;;;;;;;;961.5;;;;;1.2;5.7;4.3;20.5;;;;;;;;;;;;;;;;112;;
SCM;26.02.2004 00:00;;;;;;;;;954.6;;;;;1.6;7.2;5.8;25.9;;;;;;;;;;;;;;;;252;;
SCM;27.02.2004 00:00;;;;;;;;;951.8;;;;;1.5;8.2;5.4;29.5;;;;;;;;;;;;;;;;243;;
SCM;28.02.2004 00:00;;;;;;;;;955.5;;;;;1.8;7.5;6.5;27;;;;;;;;;;;;;;;;117;;
SCM;29.02.2004 00:00;;;;;;;;;964.6;;;;;1.4;8.2;5;29.5;;;;;;;;;;;;;;;;124;;
SCM;01.03.2004 00:00;;;;;;;;;975.3;;;;;2.4;11.3;8.6;40.7;;;;;;;;;;;;;;;;78;;
SCM;02.03.2004 00:00;;;;;;;;;982.1;;;;;1.1;4;4;14.4;;;;;;;;;;;;;;;;135;;
SCM;03.03.2004 00:00;;;;;;;;;982;;;;;1.1;3.6;4;13;;;;;;;;;;;;;;;;135;;
SCM;04.03.2004 00:00;;;;;;;;;976;;;;;1.1;6;4;21.6;;;;;;;;;;;;;;;;180;;
SCM;05.03.2004 00:00;;;;;;;;;970;;;;;0.9;4.1;3.2;14.8;;;;;;;;;;;;;;;;248;;
SCM;06.03.2004 00:00;;;;;;;;;970.1;;;;;0.9;4.5;3.2;16.2;;;;;;;;;;;;;;;;225;;
SCM;07.03.2004 00:00;;;;;;;;;973.7;;;;;1.5;7.1;5.4;25.6;;;;;;;;;;;;;;;;243;;
SCM;08.03.2004 00:00;;;;;;;;;975.1;;;;;1.7;5.7;6.1;20.5;;;;;;;;;;;;;;;;270;;
SCM;09.03.2004 00:00;;;;;;;;;975.3;;;;;1.6;6.7;5.8;24.1;;;;;;;;;;;;;;;;0;;
SCM;10.03.2004 00:00;;;;;;;;;970.4;;;;;1.7;5.8;6.1;20.9;;;;;;;;;;;;;;;;243;;
SCM;11.03.2004 00:00;;;;;;;;;969.5;;;;;1.3;3.3;4.7;11.9;;;;;;;;;;;;;;;;231;;
SCM;12.03.2004 00:00;;;;;;;;;967;;;;;2;11.3;7.2;40.7;;;;;;;;;;;;;;;;210;;
SCM;13.03.2004 00:00;;;;;;;;;971.5;;;;;2.5;10.7;9;38.5;;;;;;;;;;;;;;;;249;;
SCM;14.03.2004 00:00;;;;;;;;;981;;;;;1.2;4.2;4.3;15.1;;;;;;;;;;;;;;;;263;;
SCM;15.03.2004 00:00;;;;;;;;;985.1;;;;;1.2;5.2;4.3;18.7;;;;;;;;;;;;;;;;270;;
SCM;16.03.2004 00:00;;;;;;;;;984.8;;;;;1.2;9.5;4.3;34.2;;;;;;;;;;;;;;;;0;;
SCM;17.03.2004 00:00;;;;;;;;;982;;;;;1.2;8.3;4.3;29.9;;;;;;;;;;;;;;;;72;;
SCM;18.03.2004 00:00;;;;;;;;;977.4;;;;;1.1;12;4;43.2;;;;;;;;;;;;;;;;63;;
SCM;19.03.2004 00:00;;;;;;;;;975.7;;;;;1.5;7.3;5.4;26.3;;;;;;;;;;;;;;;;248;;
SCM;20.03.2004 00:00;;;;;;;;;972.6;;;;;1.5;12.2;5.4;43.9;;;;;;;;;;;;;;;;270;;
SCM;21.03.2004 00:00;;;;;;;;;966.3;;;;;3.8;17.8;13.7;64.1;;;;;;;;;;;;;;;;274;;
SCM;22.03.2004 00:00;;;;;;;;;966.2;;;;;2.1;10;7.6;36;;;;;;;;;;;;;;;;277;;
SCM;23.03.2004 00:00;;;;;;;;;961.7;;;;;1.7;5.6;6.1;20.2;;;;;;;;;;;;;;;;253;;
SCM;24.03.2004 00:00;;;;;;;;;962.7;;;;;2.3;7;8.3;25.2;;;;;;;;;;;;;;;;263;;
SCM;25.03.2004 00:00;;;;;;;;;965.6;;;;;1.5;8.5;5.4;30.6;;;;;;;;;;;;;;;;288;;
SCM;26.03.2004 00:00;;;;;;;;;965.2;;;;;1.8;8.7;6.5;31.3;;;;;;;;;;;;;;;;63;;
SCM;27.03.2004 00:00;;;;;;;;;965.5;;;;;2.5;9.1;9;32.8;;;;;;;;;;;;;;;;63;;
SCM;28.03.2004 00:00;;;;;;;;;969.7;;;;;1;2.8;3.6;10.1;;;;;;;;;;;;;;;;236;;
SCM;29.03.2004 00:00;;;;;;;;;969.6;;;;;2;9.2;7.2;33.1;;;;;;;;;;;;;;;;45;;
SCM;30.03.2004 00:00;;;;;;;;;964.8;;;;;1.3;6.6;4.7;23.8;;;;;;;;;;;;;;;;252;;
SCM;31.03.2004 00:00;;;;;;;;;964.2;;;;;1.4;4;5;14.4;;;;;;;;;;;;;;;;265;;
SCM;01.04.2004 00:00;;;;;;;;;962.5;;;;;1.3;6.1;4.7;22;;;;;;;;;;;;;;;;256;;
SCM;02.04.2004 00:00;;;;;;;;;963.2;;;;;3.2;14.1;11.5;50.8;;;;;;;;;;;;;;;;164;;
SCM;03.04.2004 00:00;;;;;;;;;975.2;;;;;1;5.1;3.6;18.4;;;;;;;;;;;;;;;;207;;
SCM;04.04.2004 00:00;;;;;;;;;974.9;;;;;1.4;9.2;5;33.1;;;;;;;;;;;;;;;;259;;
SCM;05.04.2004 00:00;;;;;;;;;969.8;;;;;4.4;15.7;15.8;56.5;;;;;;;;;;;;;;;;266;;
SCM;06.04.2004 00:00;;;;;;;;;961.1;;;;;2.7;20.1;9.7;72.4;;;;;;;;;;;;;;;;270;;
SCM;07.04.2004 00:00;;;;;;;;;962.7;;;;;1.3;10;4.7;36;;;;;;;;;;;;;;;;81;;
SCM;08.04.2004 00:00;;;;;;;;;965.6;;;;;1.3;6.5;4.7;23.4;;;;;;;;;;;;;;;;180;;
SCM;09.04.2004 00:00;;;;;;;;;961.3;;;;;2.7;10;9.7;36;;;;;;;;;;;;;;;;85;;
SCM;10.04.2004 00:00;;;;;;;;;962.4;;;;;2.1;6.8;7.6;24.5;;;;;;;;;;;;;;;;254;;
SCM;11.04.2004 00:00;;;;;;;;;968.4;;;;;1.9;8.3;6.8;29.9;;;;;;;;;;;;;;;;180;;
SCM;12.04.2004 00:00;;;;;;;;;969.5;;;;;2;9.7;7.2;34.9;;;;;;;;;;;;;;;;59;;
SCM;13.04.2004 00:00;;;;;;;;;969.1;;;;;1;3.8;3.6;13.7;;;;;;;;;;;;;;;;262;;
SCM;14.04.2004 00:00;;;;;;;;;969.8;;;;;1.2;4.5;4.3;16.2;;;;;;;;;;;;;;;;254;;
SCM;15.04.2004 00:00;;;;;;;;;970.7;;;;;1.3;6.2;4.7;22.3;;;;;;;;;;;;;;;;259;;
SCM;16.04.2004 00:00;;;;;;;;;964;;;;;2.7;13.5;9.7;48.6;;;;;;;;;;;;;;;;112;;
SCM;17.04.2004 00:00;;;;;;;;;957.8;;;;;1.4;10.1;5;36.4;;;;;;;;;;;;;;;;249;;
SCM;18.04.2004 00:00;;;;;;;;;950.3;;;;;2.3;10.6;8.3;38.2;;;;;;;;;;;;;;;;253;;
SCM;19.04.2004 00:00;;;;;;;;;954.2;;;;;2.7;10.6;9.7;38.2;;;;;;;;;;;;;;;;96;;
SCM;20.04.2004 00:00;;;;;;;;;961.4;;;;;2.3;10.8;8.3;38.9;;;;;;;;;;;;;;;;98;;
SCM;21.04.2004 00:00;;;;;;;;;967.2;;;;;1.8;6.7;6.5;24.1;;;;;;;;;;;;;;;;90;;
SCM;22.04.2004 00:00;;;;;;;;;966;;;;;1.5;9.5;5.4;34.2;;;;;;;;;;;;;;;;90;;
SCM;23.04.2004 00:00;;;;;;;;;969.5;;;;;1.5;7.8;5.4;28.1;;;;;;;;;;;;;;;;257;;
SCM;24.04.2004 00:00;;;;;;;;;973.8;;;;;1.7;7.5;6.1;27;;;;;;;;;;;;;;;;72;;
SCM;25.04.2004 00:00;;;;;;;;;974.3;;;;;2.9;11.2;10.4;40.3;;;;;;;;;;;;;;;;78;;
SCM;26.04.2004 00:00;;;;;;;;;969.4;;;;;2;7.1;7.2;25.6;;;;;;;;;;;;;;;;243;;
SCM;27.04.2004 00:00;;;;;;;;;964;;;;;1;4;3.6;14.4;;;;;;;;;;;;;;;;259;;
SCM;28.04.2004 00:00;;;;;;;;;960;;;;;2.7;11.3;9.7;40.7;;;;;;;;;;;;;;;;119;;
SCM;29.04.2004 00:00;;;;;;;;;954.5;;;;;3.3;18.7;11.9;67.3;;;;;;;;;;;;;;;;115;;
SCM;30.04.2004 00:00;;;;;;;;;951.4;;;;;2.9;11.1;10.4;40;;;;;;;;;;;;;;;;150;;
SCM;01.05.2004 00:00;;;;;;;;;960.4;;;;;1.4;5.2;5;18.7;;;;;;;;;;;;;;;;260;;
SCM;02.05.2004 00:00;;;;;;;;;961.4;;;;;1.8;7;6.5;25.2;;;;;;;;;;;;;;;;236;;
SCM;03.05.2004 00:00;;;;;;;;;956.2;;;;;1;3.5;3.6;12.6;;;;;;;;;;;;;;;;252;;
SCM;04.05.2004 00:00;;;;;;;;;947.7;;;;;1.1;7.5;4;27;;;;;;;;;;;;;;;;243;;
SCM;05.05.2004 00:00;;;;;;;;;944.9;;;;;1.5;7.1;5.4;25.6;;;;;;;;;;;;;;;;261;;
SCM;06.05.2004 00:00;;;;;;;;;949.6;;;;;1.1;4.2;4;15.1;;;;;;;;;;;;;;;;99;;
SCM;07.05.2004 00:00;;;;;;;;;955.4;;;;;1.4;13.3;5;47.9;;;;;;;;;;;;;;;;180;;
SCM;08.05.2004 00:00;;;;;;;;;957.4;;;;;2.3;14.6;8.3;52.6;;;;;;;;;;;;;;;;265;;
SCM;09.05.2004 00:00;;;;;;;;;961.2;;;;;1.2;11.6;4.3;41.8;;;;;;;;;;;;;;;;0;;
SCM;10.05.2004 00:00;;;;;;;;;964.4;;;;;1;3.8;3.6;13.7;;;;;;;;;;;;;;;;243;;
SCM;11.05.2004 00:00;;;;;;;;;968;;;;;1.3;5.7;4.7;20.5;;;;;;;;;;;;;;;;270;;
SCM;12.05.2004 00:00;;;;;;;;;965.1;;;;;1.3;9.7;4.7;34.9;;;;;;;;;;;;;;;;207;;
SCM;13.05.2004 00:00;;;;;;;;;967;;;;;1.6;6.6;5.8;23.8;;;;;;;;;;;;;;;;180;;
SCM;14.05.2004 00:00;;;;;;;;;972.5;;;;;1.4;9.8;5;35.3;;;;;;;;;;;;;;;;252;;
SCM;15.05.2004 00:00;;;;;;;;;976.3;;;;;1;4.7;3.6;16.9;;;;;;;;;;;;;;;;259;;
SCM;16.05.2004 00:00;;;;;;;;;976.6;;;;;1.4;8.6;5;31;;;;;;;;;;;;;;;;85;;
SCM;17.05.2004 00:00;;;;;;;;;975;;;;;1.6;5.5;5.8;19.8;;;;;;;;;;;;;;;;45;;
SCM;18.05.2004 00:00;;;;;;;;;974.9;;;;1023.6;1.5;7.1;5.4;25.6;;;;;;;;;;;;;;;;248;;
SCM;19.05.2004 00:00;;;;;;;;;975.1;;;;;1.5;9.3;5.4;33.5;;;;;;;;;;;;;;;;256;;
SCM;20.05.2004 00:00;;;;;;;;;969.8;;;;;1.3;6.5;4.7;23.4;;;;;;;;;;;;;;;;247;;
SCM;21.05.2004 00:00;;;;;;;;;966.4;;;;;1.6;9.8;5.8;35.3;;;;;;;;;;;;;;;;225;;
SCM;22.05.2004 00:00;;;;;;;;;970.7;;;;;1.1;9.6;4;34.6;;;;;;;;;;;;;;;;45;;
SCM;23.05.2004 00:00;;;;;;;;;974.3;;;;;1.4;6.5;5;23.4;;;;;;;;;;;;;;;;270;;
SCM;24.05.2004 00:00;;;;;;;;;974.3;;;;;2;7.3;7.2;26.3;;;;;;;;;;;;;;;;236;;
SCM;25.05.2004 00:00;;;;;;;;;971.3;;;;;1.5;5.8;5.4;20.9;;;;;;;;;;;;;;;;262;;
SCM;26.05.2004 00:00;;;;;;;;;968.7;;;;;1.9;11;6.8;39.6;;;;;;;;;;;;;;;;143;;
SCM;27.05.2004 00:00;;;;;;;;;971.4;;;;;1.4;8.1;5;29.2;;;;;;;;;;;;;;;;248;;
SCM;28.05.2004 00:00;;;;;;;;;974.5;;;;;1.4;5.1;5;18.4;;;;;;;;;;;;;;;;243;;
SCM;29.05.2004 00:00;;;;;;;;;974.9;;;;;1.8;7.3;6.5;26.3;;;;;;;;;;;;;;;;67;;
SCM;30.05.2004 00:00;;;;;;;;;972.7;;;;;1.1;5.3;4;19.1;;;;;;;;;;;;;;;;236;;
SCM;31.05.2004 00:00;;;;;;;;;972;;;;;1.1;6.8;4;24.5;;;;;;;;;;;;;;;;98;;
SCM;01.06.2004 00:00;;;;;;;;;969.2;;;;;1.3;5.6;4.7;20.2;;;;;;;;;;;;;;;;90;;
SCM;02.06.2004 00:00;;;;;;;;;970.7;;;;;1.8;8.6;6.5;31;;;;;;;;;;;;;;;;284;;
SCM;03.06.2004 00:00;;;;;;;;;974.3;;;;;1;7;3.6;25.2;;;;;;;;;;;;;;;;98;;
SCM;04.06.2004 00:00;;;;;;;;;972.9;;;;;0.9;5.5;3.2;19.8;;;;;;;;;;;;;;;;180;;
SCM;05.06.2004 00:00;;;;;;;;;969.4;;;;;1.1;7.1;4;25.6;;;;;;;;;;;;;;;;124;;
SCM;06.06.2004 00:00;;;;;;;;;970.7;;;;;1.5;6.1;5.4;22;;;;;;;;;;;;;;;;315;;
SCM;07.06.2004 00:00;;;;;;;;;973.1;;;;;0.9;3.8;3.2;13.7;;;;;;;;;;;;;;;;252;;
SCM;08.06.2004 00:00;;;;;;;;;974.3;;;;;1.1;8;4;28.8;;;;;;;;;;;;;;;;90;;
SCM;09.06.2004 00:00;;;;;;;;;974.5;;;;;1.3;8.6;4.7;31;;;;;;;;;;;;;;;;270;;
SCM;10.06.2004 00:00;;;;;;;;;973.1;;;;;2.2;16.1;7.9;58;;;;;;;;;;;;;;;;117;;
SCM;11.06.2004 00:00;;;;;;;;;972.2;;;;;2.1;13.2;7.6;47.5;;;;;;;;;;;;;;;;99;;
SCM;12.06.2004 00:00;;;;;;;;;972.5;;;;;1.1;4.3;4;15.5;;;;;;;;;;;;;;;;90;;
SCM;13.06.2004 00:00;;;;;;;;;976.8;;;;;1;11.1;3.6;40;;;;;;;;;;;;;;;;236;;
SCM;14.06.2004 00:00;;;;;;;;;976.7;;;;;2.4;9.8;8.6;35.3;;;;;;;;;;;;;;;;78;;
SCM;15.06.2004 00:00;;;;;;;;;972;;;;;1.2;5.1;4.3;18.4;;;;;;;;;;;;;;;;262;;
SCM;16.06.2004 00:00;;;;;;;;;970;;;;;0.7;4.5;2.5;16.2;;;;;;;;;;;;;;;;90;;
SCM;17.06.2004 00:00;;;;;;;;;966.9;;;;;1.6;7.6;5.8;27.4;;;;;;;;;;;;;;;;255;;
SCM;18.06.2004 00:00;;;;;;;;;961;;;;;1.3;9.1;4.7;32.8;;;;;;;;;;;;;;;;262;;
SCM;19.06.2004 00:00;;;;;;;;;959.8;;;;;1;11.7;3.6;42.1;;;;;;;;;;;;;;;;252;;
SCM;20.06.2004 00:00;;;;;;;;;961.1;;;;;1.1;10.3;4;37.1;;;;;;;;;;;;;;;;146;;
SCM;21.06.2004 00:00;;;;;;;;;966;;;;;1.7;6.5;6.1;23.4;;;;;;;;;;;;;;;;214;;
SCM;22.06.2004 00:00;;;;;;;;;968.9;;;;;1.7;9.5;6.1;34.2;;;;;;;;;;;;;;;;112;;
SCM;23.06.2004 00:00;;;;;;;;;965.5;;;;;2.4;22;8.6;79.2;;;;;;;;;;;;;;;;104;;
SCM;24.06.2004 00:00;;;;;;;;;967.1;;;;;2;9.6;7.2;34.6;;;;;;;;;;;;;;;;261;;
SCM;25.06.2004 00:00;;;;;;;;;971;;;;;1;4.6;3.6;16.6;;;;;;;;;;;;;;;;225;;
SCM;26.06.2004 00:00;;;;;;;;;973.3;;;;;1.1;4.8;4;17.3;;;;;;;;;;;;;;;;252;;
SCM;27.06.2004 00:00;;;;;;;;;972.9;;;;;1.2;8.6;4.3;31;;;;;;;;;;;;;;;;101;;
SCM;28.06.2004 00:00;;;;;;;;;975.9;;;;;1.1;4.6;4;16.6;;;;;;;;;;;;;;;;252;;
SCM;29.06.2004 00:00;;;;;;;;;975.6;;;;;1.7;5.8;6.1;20.9;;;;;;;;;;;;;;;;242;;
SCM;30.06.2004 00:00;;;;;;;;;969.9;;;;;1.5;6.8;5.4;24.5;;;;;;;;;;;;;;;;254;;
SCM;01.07.2004 00:00;;;;;;;;;967.7;;;;;1.1;7.2;4;25.9;;;;;;;;;;;;;;;;270;;
SCM;02.07.2004 00:00;;;;;;;;;969.4;;;;;1.3;10.1;4.7;36.4;;;;;;;;;;;;;;;;225;;
SCM;03.07.2004 00:00;;;;;;;;;971.4;;;;;1.7;10;6.1;36;;;;;;;;;;;;;;;;257;;
SCM;04.07.2004 00:00;;;;;;;;;970.3;;;;;1.3;5.5;4.7;19.8;;;;;;;;;;;;;;;;198;;
SCM;05.07.2004 00:00;;;;;;;;;971;;;;;1.6;8.3;5.8;29.9;;;;;;;;;;;;;;;;90;;
SCM;06.07.2004 00:00;;;;;;;;;971.4;;;;;1.4;7.1;5;25.6;;;;;;;;;;;;;;;;252;;
SCM;07.07.2004 00:00;;;;;;;;;965.3;;;;;2.3;9.2;8.3;33.1;;;;;;;;;;;;;;;;234;;
SCM;08.07.2004 00:00;;;;;;;;;963.8;;;;;2.6;14.2;9.4;51.1;;;;;;;;;;;;;;;;260;;
SCM;09.07.2004 00:00;;;;;;;;;968.4;;;;;2.2;13.2;7.9;47.5;;;;;;;;;;;;;;;;225;;
SCM;10.07.2004 00:00;;;;;;;;;969.6;;;;;1.1;8.5;4;30.6;;;;;;;;;;;;;;;;225;;
SCM;11.07.2004 00:00;;;;;;;;;967.5;;;;;1.5;9.2;5.4;33.1;;;;;;;;;;;;;;;;111;;
SCM;12.07.2004 00:00;;;;;;;;;966.6;;;;;1.2;10.2;4.3;36.7;;;;;;;;;;;;;;;;180;;
SCM;13.07.2004 00:00;;;;;;;;;970.1;;;;1018.6;1;8.6;3.6;31;;;;;;;;;;;;;;;;117;;
SCM;14.07.2004 00:00;;;;;;;;;972.7;;;;;1.8;6.7;6.5;24.1;;;;;;;;;;;;;;;;241;;
SCM;15.07.2004 00:00;;;;;;;;;971.7;;;;;1;5.1;3.6;18.4;;;;;;;;;;;;;;;;198;;
SCM;16.07.2004 00:00;;;;;;;;;969;;;;;1.4;7;5;25.2;;;;;;;;;;;;;;;;270;;
SCM;17.07.2004 00:00;;;;;;;;;969.3;;;;;1.9;14.7;6.8;52.9;;;;;;;;;;;;;;;;45;;
SCM;18.07.2004 00:00;;;;;;;;;970.5;;;;;1.4;6.3;5;22.7;;;;;;;;;;;;;;;;264;;
SCM;19.07.2004 00:00;;;;;;;;;970.3;;;;;1.1;4.5;4;16.2;;;;;;;;;;;;;;;;225;;
SCM;20.07.2004 00:00;;;;;;;;;967.7;;;;;1.9;10.3;6.8;37.1;;;;;;;;;;;;;;;;225;;
SCM;21.07.2004 00:00;;;;;;;;;969.7;;;;;1.3;6.5;4.7;23.4;;;;;;;;;;;;;;;;270;;
SCM;22.07.2004 00:00;;;;;;;;;971.2;;;;;1.5;13.7;5.4;49.3;;;;;;;;;;;;;;;;256;;
SCM;23.07.2004 00:00;;;;;;;;;972.1;;;;;2.4;19.2;8.6;69.1;;;;;;;;;;;;;;;;98;;
SCM;24.07.2004 00:00;;;;;;;;;973.8;;;;;1.4;15;5;54;;;;;;;;;;;;;;;;236;;
SCM;25.07.2004 00:00;;;;;;;;;970.7;;;;;1.5;7.1;5.4;25.6;;;;;;;;;;;;;;;;234;;
SCM;26.07.2004 00:00;;;;;;;;;968;;;;;1.4;6.5;5;23.4;;;;;;;;;;;;;;;;264;;
SCM;27.07.2004 00:00;;;;;;;;;970.4;;;;;1.7;6.5;6.1;23.4;;;;;;;;;;;;;;;;101;;
SCM;28.07.2004 00:00;;;;;;;;;969.9;;;;;1.7;7.3;6.1;26.3;;;;;;;;;;;;;;;;63;;
SCM;29.07.2004 00:00;;;;;;;;;968.5;;;;;1;3.7;3.6;13.3;;;;;;;;;;;;;;;;243;;
SCM;30.07.2004 00:00;;;;;;;;;971;;;;;1;4.8;3.6;17.3;;;;;;;;;;;;;;;;225;;
SCM;31.07.2004 00:00;;;;;;;;;972;;;;;1;5.6;3.6;20.2;;;;;;;;;;;;;;;;252;;
SCM;01.08.2004 00:00;;;;;;;;;969.4;;;;;0.9;5.5;3.2;19.8;;;;;;;;;;;;;;;;225;;
SCM;02.08.2004 00:00;;;;;;;;;966.5;;;;;0.9;4.7;3.2;16.9;;;;;;;;;;;;;;;;236;;
SCM;03.08.2004 00:00;;;;;;;;;963.5;;;;;1.3;15;4.7;54;;;;;;;;;;;;;;;;236;;
SCM;04.08.2004 00:00;;;;;;;;;962.9;;;;;2;14.3;7.2;51.5;;;;;;;;;;;;;;;;108;;
SCM;05.08.2004 00:00;;;;;;;;;963.2;;;;;2.2;12.5;7.9;45;;;;;;;;;;;;;;;;189;;
SCM;06.08.2004 00:00;;;;;;;;;967.1;;;;;1.2;8.7;4.3;31.3;;;;;;;;;;;;;;;;99;;
SCM;07.08.2004 00:00;;;;;;;;;966;;;;;1.8;10.8;6.5;38.9;;;;;;;;;;;;;;;;96;;
SCM;08.08.2004 00:00;;;;;;;;;963.2;;;;;2.6;13.2;9.4;47.5;;;;;;;;;;;;;;;;106;;
SCM;09.08.2004 00:00;;;;;;;;;963.5;;;;;1.6;8.2;5.8;29.5;;;;;;;;;;;;;;;;90;;
SCM;10.08.2004 00:00;;;;;;;;;963.8;;;;;1.4;9;5;32.4;;;;;;;;;;;;;;;;256;;
SCM;11.08.2004 00:00;;;;;;;;;965.5;;;;;1.2;6.5;4.3;23.4;;;;;;;;;;;;;;;;135;;
SCM;12.08.2004 00:00;;;;;;;;;963.5;;;;;1.8;20.1;6.5;72.4;;;;;;;;;;;;;;;;225;;
SCM;13.08.2004 00:00;;;;;;;;;966.4;;;;;2.5;16;9;57.6;;;;;;;;;;;;;;;;266;;
SCM;14.08.2004 00:00;;;;;;;;;972;;;;;1.9;12.3;6.8;44.3;;;;;;;;;;;;;;;;288;;
SCM;15.08.2004 00:00;;;;;;;;;972.6;;;;;1.3;5.7;4.7;20.5;;;;;;;;;;;;;;;;135;;
SCM;16.08.2004 00:00;;;;;;;;;966.3;;;;;1.8;10.6;6.5;38.2;;;;;;;;;;;;;;;;108;;
SCM;17.08.2004 00:00;;;;;;;;;962.9;;;;;1.9;10.5;6.8;37.8;;;;;;;;;;;;;;;;214;;
SCM;18.08.2004 00:00;;;;;;;;;962.8;;;;;2.2;12.3;7.9;44.3;;;;;;;;;;;;;;;;180;;
SCM;19.08.2004 00:00;;;;;;;;;966.6;;;;;2.3;11.7;8.3;42.1;;;;;;;;;;;;;;;;249;;
SCM;20.08.2004 00:00;;;;;;;;;966.1;;;;;1.5;12.3;5.4;44.3;;;;;;;;;;;;;;;;99;;
SCM;21.08.2004 00:00;;;;;;;;;969.9;;;;;2.5;14.1;9;50.8;;;;;;;;;;;;;;;;273;;
SCM;22.08.2004 00:00;;;;;;;;;973.1;;;;;1.5;4.5;5.4;16.2;;;;;;;;;;;;;;;;225;;
SCM;23.08.2004 00:00;;;;;;;;;970.9;;;;;1.2;5.7;4.3;20.5;;;;;;;;;;;;;;;;117;;
SCM;24.08.2004 00:00;;;;;;;;;969.6;;;;;1.3;10.1;4.7;36.4;;;;;;;;;;;;;;;;90;;
SCM;25.08.2004 00:00;;;;;;;;;967.2;;;;;1.8;14;6.5;50.4;;;;;;;;;;;;;;;;260;;
SCM;26.08.2004 00:00;;;;;;;;;970.3;;;;;1.8;8.5;6.5;30.6;;;;;;;;;;;;;;;;270;;
SCM;27.08.2004 00:00;;;;;;;;;970.4;;;;;1.3;4.8;4.7;17.3;;;;;;;;;;;;;;;;112;;
SCM;28.08.2004 00:00;;;;;;;;;968.3;;;;;1.4;5.5;5;19.8;;;;;;;;;;;;;;;;248;;
SCM;29.08.2004 00:00;;;;;;;;;969.5;;;;;1.3;4.5;4.7;16.2;;;;;;;;;;;;;;;;111;;
SCM;30.08.2004 00:00;;;;;;;;;968.9;;;;;1.7;10.3;6.1;37.1;;;;;;;;;;;;;;;;270;;
SCM;31.08.2004 00:00;;;;;;;;;970.5;;;;;0.9;3.2;3.2;11.5;;;;;;;;;;;;;;;;108;;
SCM;01.09.2004 00:00;;;;;;;;;969.3;;;;;1.2;3.7;4.3;13.3;;;;;;;;;;;;;;;;239;;
SCM;02.09.2004 00:00;;;;;;;;;970.7;;;;;0.8;4.2;2.9;15.1;;;;;;;;;;;;;;;;270;;
SCM;03.09.2004 00:00;;;;;;;;;975.6;;;;;1;7.8;3.6;28.1;;;;;;;;;;;;;;;;72;;
SCM;04.09.2004 00:00;;;;;;;;;978.8;;;;;1.3;6.3;4.7;22.7;;;;;;;;;;;;;;;;74;;
SCM;05.09.2004 00:00;;;;;;;;;975.8;;;;;1.4;5.1;5;18.4;;;;;;;;;;;;;;;;90;;
SCM;06.09.2004 00:00;;;;;;;;;974.5;;;;;0.8;4;2.9;14.4;;;;;;;;;;;;;;;;270;;
SCM;07.09.2004 00:00;;;;;;;;;976.5;;;;;1.1;6.3;4;22.7;;;;;;;;;;;;;;;;270;;
SCM;08.09.2004 00:00;;;;;;;;;978.6;;;;;1.3;7.3;4.7;26.3;;;;;;;;;;;;;;;;90;;
SCM;09.09.2004 00:00;;;;;;;;;976.9;;;;;1.1;5.6;4;20.2;;;;;;;;;;;;;;;;225;;
SCM;10.09.2004 00:00;;;;;;;;;973.8;;;;;1;4.3;3.6;15.5;;;;;;;;;;;;;;;;180;;
SCM;11.09.2004 00:00;;;;;;;;;972.6;;;;;1.2;6.3;4.3;22.7;;;;;;;;;;;;;;;;135;;
SCM;12.09.2004 00:00;;;;;;;;;972.2;;;;;1.2;6.2;4.3;22.3;;;;;;;;;;;;;;;;81;;
SCM;13.09.2004 00:00;;;;;;;;;968.6;;;;;1.6;9.5;5.8;34.2;;;;;;;;;;;;;;;;112;;
SCM;14.09.2004 00:00;;;;;;;;;966.9;;;;;1.4;10;5;36;;;;;;;;;;;;;;;;95;;
SCM;15.09.2004 00:00;;;;;;;;;972.3;;;;;1.1;6.7;4;24.1;;;;;;;;;;;;;;;;90;;
SCM;16.09.2004 00:00;;;;;;;;;975.7;;;;;2;9.7;7.2;34.9;;;;;;;;;;;;;;;;86;;
SCM;17.09.2004 00:00;;;;;;;;;975.5;;;;;1.2;5.6;4.3;20.2;;;;;;;;;;;;;;;;225;;
SCM;18.09.2004 00:00;;;;;;;;;971.9;;;;;0.8;2.8;2.9;10.1;;;;;;;;;;;;;;;;90;;
SCM;19.09.2004 00:00;;;;;;;;;971.2;;;;;1.5;6.8;5.4;24.5;;;;;;;;;;;;;;;;270;;
SCM;20.09.2004 00:00;;;;;;;;;970.9;;;;;1.3;5.1;4.7;18.4;;;;;;;;;;;;;;;;240;;
SCM;21.09.2004 00:00;;;;;;;;;972.7;;;;;2.6;11.3;9.4;40.7;;;;;;;;;;;;;;;;280;;
SCM;22.09.2004 00:00;;;;;;;;;973.5;;;;;2.1;7.6;7.6;27.4;;;;;;;;;;;;;;;;288;;
SCM;23.09.2004 00:00;;;;;;;;;965.8;;;;;2.3;11.3;8.3;40.7;;;;;;;;;;;;;;;;293;;
SCM;24.09.2004 00:00;;;;;;;;;967;;;;;1.3;7.3;4.7;26.3;;;;;;;;;;;;;;;;106;;
SCM;25.09.2004 00:00;;;;;;;;;972.7;;;;;1;2.8;3.6;10.1;;;;;;;;;;;;;;;;90;;
SCM;26.09.2004 00:00;;;;;;;;;975.6;;;;;0.9;2.3;3.2;8.3;;;;;;;;;;;;;;;;97;;
SCM;27.09.2004 00:00;;;;;;;;;976.1;;;;;0.9;5.2;3.2;18.7;;;;;;;;;;;;;;;;90;;
SCM;28.09.2004 00:00;;;;;;;;;973.6;;;;;1;4.6;3.6;16.6;;;;;;;;;;;;;;;;90;;
SCM;29.09.2004 00:00;;;;;;;;;971.4;;;;;0.8;5.5;2.9;19.8;;;;;;;;;;;;;;;;90;;
SCM;30.09.2004 00:00;;;;;;;;;972.6;;;;;0.9;5.8;3.2;20.9;;;;;;;;;;;;;;;;90;;
SCM;01.10.2004 00:00;;;;;;;;;973.3;;;;;1.1;6.6;4;23.8;;;;;;;;;;;;;;;;99;;
SCM;02.10.2004 00:00;;;;;;;;;974.6;;;;;1.3;6.7;4.7;24.1;;;;;;;;;;;;;;;;252;;
SCM;03.10.2004 00:00;;;;;;;;;975.2;;;;;0.9;5.2;3.2;18.7;;;;;;;;;;;;;;;;135;;
SCM;04.10.2004 00:00;;;;;;;;;971.7;;;;;1.3;7.1;4.7;25.6;;;;;;;;;;;;;;;;90;;
SCM;05.10.2004 00:00;;;;;;;;;969.9;;;;;1.2;7.7;4.3;27.7;;;;;;;;;;;;;;;;79;;
SCM;06.10.2004 00:00;;;;;;;;;970.6;;;;;1.2;10;4.3;36;;;;;;;;;;;;;;;;0;;
SCM;07.10.2004 00:00;;;;;;;;;970.7;;;;;1.1;7.8;4;28.1;;;;;;;;;;;;;;;;225;;
SCM;08.10.2004 00:00;;;;;;;;;967.2;;;;;0.9;17.3;3.2;62.3;;;;;;;;;;;;;;;;135;;
SCM;09.10.2004 00:00;;;;;;;;;965;;;;;2.6;11.1;9.4;40;;;;;;;;;;;;;;;;146;;
SCM;10.10.2004 00:00;;;;;;;;;963;;;;;1.5;12.1;5.4;43.6;;;;;;;;;;;;;;;;256;;
SCM;11.10.2004 00:00;;;;;;;;;967.9;;;;;1.2;4;4.3;14.4;;;;;;;;;;;;;;;;270;;
SCM;12.10.2004 00:00;;;;;;;;;970.8;;;;;0.9;4.5;3.2;16.2;;;;;;;;;;;;;;;;236;;
SCM;13.10.2004 00:00;;;;;;;;;968.7;;;;;1.4;5.5;5;19.8;;;;;;;;;;;;;;;;219;;
SCM;14.10.2004 00:00;;;;;;;;;961.4;;;;;1.1;15.5;4;55.8;;;;;;;;;;;;;;;;180;;
SCM;15.10.2004 00:00;;;;;;;;;956;;;;;1.9;12.2;6.8;43.9;;;;;;;;;;;;;;;;256;;
SCM;16.10.2004 00:00;;;;;;;;;956.5;;;;;1.4;7.6;5;27.4;;;;;;;;;;;;;;;;96;;
SCM;17.10.2004 00:00;;;;;;;;;960.9;;;;;1.7;8.3;6.1;29.9;;;;;;;;;;;;;;;;83;;
SCM;18.10.2004 00:00;;;;;;;;;965.5;;;;;1.7;7.5;6.1;27;;;;;;;;;;;;;;;;45;;
SCM;19.10.2004 00:00;;;;;;;;;963.2;;;;;1.8;8.5;6.5;30.6;;;;;;;;;;;;;;;;90;;
SCM;20.10.2004 00:00;;;;;;;;;961.5;;;;;2.1;9.8;7.6;35.3;;;;;;;;;;;;;;;;247;;
SCM;21.10.2004 00:00;;;;;;;;;968.2;;;;;1.2;12.6;4.3;45.4;;;;;;;;;;;;;;;;360;;
SCM;22.10.2004 00:00;;;;;;;;;971.7;;;;;1.2;5;4.3;18;;;;;;;;;;;;;;;;243;;
SCM;23.10.2004 00:00;;;;;;;;;970.9;;;;;1.1;9.2;4;33.1;;;;;;;;;;;;;;;;90;;
SCM;24.10.2004 00:00;;;;;;;;;967.7;;;;;1;5.3;3.6;19.1;;;;;;;;;;;;;;;;76;;
SCM;25.10.2004 00:00;;;;;;;;;966.5;;;;;1.8;10.1;6.5;36.4;;;;;;;;;;;;;;;;270;;
SCM;26.10.2004 00:00;;;;;;;;;964;;;;;2.6;9.7;9.4;34.9;;;;;;;;;;;;;;;;256;;
SCM;27.10.2004 00:00;;;;;;;;;958.3;;;;;1.3;6.2;4.7;22.3;;;;;;;;;;;;;;;;259;;
SCM;28.10.2004 00:00;;;;;;;;;954.4;;;;;2.1;11.7;7.6;42.1;;;;;;;;;;;;;;;;246;;
SCM;29.10.2004 00:00;;;;;;;;;953.8;;;;;1;5.8;3.6;20.9;;;;;;;;;;;;;;;;259;;
SCM;30.10.2004 00:00;;;;;;;;;960.9;;;;;0.8;6;2.9;21.6;;;;;;;;;;;;;;;;225;;
SCM;31.10.2004 00:00;;;;;;;;;964.2;;;;;1.4;9.3;5;33.5;;;;;;;;;;;;;;;;76;;
SCM;01.11.2004 00:00;;;;;;;;;966.4;;;;;1.2;4;4.3;14.4;;;;;;;;;;;;;;;;252;;
SCM;02.11.2004 00:00;;;;;;;;;967.9;;;;;1.1;5.2;4;18.7;;;;;;;;;;;;;;;;256;;
SCM;03.11.2004 00:00;;;;;;;;;971.1;;;;;0.6;3.8;2.2;13.7;;;;;;;;;;;;;;;;117;;
SCM;04.11.2004 00:00;;;;;;;;;973.6;;;;;0.8;2.8;2.9;10.1;;;;;;;;;;;;;;;;99;;
SCM;05.11.2004 00:00;;;;;;;;;977;;;;;1.1;6.2;4;22.3;;;;;;;;;;;;;;;;236;;
SCM;06.11.2004 00:00;;;;;;;;;975.5;;;;;0.9;3.6;3.2;13;;;;;;;;;;;;;;;;0;;
SCM;07.11.2004 00:00;;;;;;;;;971.9;;;;;0.7;3.8;2.5;13.7;;;;;;;;;;;;;;;;76;;
SCM;08.11.2004 00:00;;;;;;;;;968.2;;;;;1.2;5.7;4.3;20.5;;;;;;;;;;;;;;;;45;;
SCM;09.11.2004 00:00;;;;;;;;;962.2;;;;;1.2;6.2;4.3;22.3;;;;;;;;;;;;;;;;45;;
SCM;10.11.2004 00:00;;;;;;;;;961.6;;;;;1.1;3.7;4;13.3;;;;;;;;;;;;;;;;101;;
SCM;11.11.2004 00:00;;;;;;;;;967.1;;;;;1.5;7.2;5.4;25.9;;;;;;;;;;;;;;;;85;;
SCM;12.11.2004 00:00;;;;;;;;;972.5;;;;;0.8;3;2.9;10.8;;;;;;;;;;;;;;;;56;;
SCM;13.11.2004 00:00;;;;;;;;;975.8;;;;;0.9;4.3;3.2;15.5;;;;;;;;;;;;;;;;0;;
SCM;14.11.2004 00:00;;;;;;;;;978.2;;;;;2.1;10.6;7.6;38.2;;;;;;;;;;;;;;;;69;;
SCM;15.11.2004 00:00;;;;;;;;;977.5;;;;;2.8;11.1;10.1;40;;;;;;;;;;;;;;;;77;;
SCM;16.11.2004 00:00;;;;;;;;;980.8;;;;;1.2;6.6;4.3;23.8;;;;;;;;;;;;;;;;99;;
SCM;17.11.2004 00:00;;;;;;;;;981;;;;;1.2;4;4.3;14.4;;;;;;;;;;;;;;;;82;;
SCM;18.11.2004 00:00;;;;;;;;;973.1;;;;;2.7;12.2;9.7;43.9;;;;;;;;;;;;;;;;287;;
SCM;19.11.2004 00:00;;;;;;;;;967.6;;;;;3.6;17.1;13;61.6;;;;;;;;;;;;;;;;272;;
SCM;20.11.2004 00:00;;;;;;;;;975.9;;;;;1.7;14.6;6.1;52.6;;;;;;;;;;;;;;;;291;;
SCM;21.11.2004 00:00;;;;;;;;;978.6;;;;;1.9;10.7;6.8;38.5;;;;;;;;;;;;;;;;87;;
SCM;22.11.2004 00:00;;;;;;;;;977;;;;;1.4;10;5;36;;;;;;;;;;;;;;;;86;;
SCM;23.11.2004 00:00;;;;;;;;;978.4;;;;;0.8;3.3;2.9;11.9;;;;;;;;;;;;;;;;81;;
SCM;24.11.2004 00:00;;;;;;;;;980.5;;;;;1.3;7.2;4.7;25.9;;;;;;;;;;;;;;;;56;;
SCM;25.11.2004 00:00;;;;;;;;;979.1;;;;;1;5.3;3.6;19.1;;;;;;;;;;;;;;;;90;;
SCM;26.11.2004 00:00;;;;;;;;;978.3;;;;;1;4.6;3.6;16.6;;;;;;;;;;;;;;;;72;;
SCM;27.11.2004 00:00;;;;;;;;;977.4;;;;;1.1;4.6;4;16.6;;;;;;;;;;;;;;;;77;;
SCM;28.11.2004 00:00;;;;;;;;;969.3;;;;;0.9;4;3.2;14.4;;;;;;;;;;;;;;;;90;;
SCM;29.11.2004 00:00;;;;;;;;;963.8;;;;;1.5;9.1;5.4;32.8;;;;;;;;;;;;;;;;45;;
SCM;30.11.2004 00:00;;;;;;;;;961.1;;;;;1;4.3;3.6;15.5;;;;;;;;;;;;;;;;333;;
SCM;01.12.2004 00:00;;;;;;;;;961.5;;;;;1;3.7;3.6;13.3;;;;;;;;;;;;;;;;297;;
SCM;02.12.2004 00:00;;;;;;;;;963.3;;;;;0.9;4.2;3.2;15.1;;;;;;;;;;;;;;;;45;;
SCM;03.12.2004 00:00;;;;;;;;;971.7;;;;;0.9;3.5;3.2;12.6;;;;;;;;;;;;;;;;79;;
SCM;04.12.2004 00:00;;;;;;;;;978.5;;;;;1;3.2;3.6;11.5;;;;;;;;;;;;;;;;90;;
SCM;05.12.2004 00:00;;;;;;;;;979.5;;;;;1.1;6.1;4;22;;;;;;;;;;;;;;;;72;;
SCM;06.12.2004 00:00;;;;;;;;;980;;;;;1.6;7.2;5.8;25.9;;;;;;;;;;;;;;;;63;;
SCM;07.12.2004 00:00;;;;;;;;;979.6;;;;;0.8;3.5;2.9;12.6;;;;;;;;;;;;;;;;99;;
SCM;08.12.2004 00:00;;;;;;;;;979;;;;;1.4;7.6;5;27.4;;;;;;;;;;;;;;;;96;;
SCM;09.12.2004 00:00;;;;;;;;;976.2;;;;;0.8;3.5;2.9;12.6;;;;;;;;;;;;;;;;108;;
SCM;10.12.2004 00:00;;;;;;;;;976.4;;;;;0.9;3;3.2;10.8;;;;;;;;;;;;;;;;76;;
SCM;11.12.2004 00:00;;;;;;;;;978.1;;;;;0.9;3.6;3.2;13;;;;;;;;;;;;;;;;45;;
SCM;12.12.2004 00:00;;;;;;;;;980.1;;;;;1;3;3.6;10.8;;;;;;;;;;;;;;;;45;;
SCM;13.12.2004 00:00;;;;;;;;;981.8;;;;;0.9;3;3.2;10.8;;;;;;;;;;;;;;;;45;;
SCM;14.12.2004 00:00;;;;;;;;;981.7;;;;;0.9;3.3;3.2;11.9;;;;;;;;;;;;;;;;22;;
SCM;15.12.2004 00:00;;;;;;;;;978.5;;;;;0.9;2.8;3.2;10.1;;;;;;;;;;;;;;;;68;;
SCM;16.12.2004 00:00;;;;;;;;;969.5;;;;;1.3;7.8;4.7;28.1;;;;;;;;;;;;;;;;53;;
SCM;17.12.2004 00:00;;;;;;;;;957.9;;;;;3.3;26.2;11.9;94.3;;;;;;;;;;;;;;;;247;;
SCM;18.12.2004 00:00;;;;;;;;;964.8;;;;;6.2;21.8;22.3;78.5;;;;;;;;;;;;;;;;269;;
SCM;19.12.2004 00:00;;;;;;;;;957.2;;;;;3.5;16.3;12.6;58.7;;;;;;;;;;;;;;;;92;;
SCM;20.12.2004 00:00;;;;;;;;;968.2;;;;;1.9;13.8;6.8;49.7;;;;;;;;;;;;;;;;31;;
SCM;21.12.2004 00:00;;;;;;;;;974.5;;;;;1.5;6.1;5.4;22;;;;;;;;;;;;;;;;85;;
SCM;22.12.2004 00:00;;;;;;;;;976.7;;;;;1.7;8.5;6.1;30.6;;;;;;;;;;;;;;;;90;;
SCM;23.12.2004 00:00;;;;;;;;;971.6;;;;;1.1;4.7;4;16.9;;;;;;;;;;;;;;;;84;;
SCM;24.12.2004 00:00;;;;;;;;;966.4;;;;;1.9;8.2;6.8;29.5;;;;;;;;;;;;;;;;77;;
SCM;25.12.2004 00:00;;;;;;;;;953.9;;;;;1.9;12.7;6.8;45.7;;;;;;;;;;;;;;;;90;;
SCM;26.12.2004 00:00;;;;;;;;;953;;;;;1.2;3.8;4.3;13.7;;;;;;;;;;;;;;;;281;;
SCM;27.12.2004 00:00;;;;;;;;;964.6;;;;;0.8;3.1;2.9;11.2;;;;;;;;;;;;;;;;281;;
SCM;28.12.2004 00:00;;;;;;;;;964.1;;;;;1.6;7.1;5.8;25.6;;;;;;;;;;;;;;;;281;;
SCM;29.12.2004 00:00;;;;;;;;;977;;;;;1.1;6.7;4;24.1;;;;;;;;;;;;;;;;27;;
SCM;30.12.2004 00:00;;;;;;;;;985;;;;;1.3;9.2;4.7;33.1;;;;;;;;;;;;;;;;96;;
SCM;31.12.2004 00:00;;;;;;;;;982;;;;;1.2;6.7;4.3;24.1;;;;;;;;;;;;;;;;79;;
SCM;01.01.2005 00:00;;;;;;;;;979.7;;;;;1.2;5;4.3;18;;;;;;;;;;;;;;;;79;;
SCM;02.01.2005 00:00;;;;;;;;;978.4;;;;;2.2;11.1;7.9;40;;;;;;;;;;;;;;;;284;;
SCM;03.01.2005 00:00;;;;;;;;;987.6;;;;;0.9;10.8;3.2;38.9;;;;;;;;;;;;;;;;72;;
SCM;04.01.2005 00:00;;;;;;;;;985.2;;;;;1.1;8.3;4;29.9;;;;;;;;;;;;;;;;77;;
SCM;05.01.2005 00:00;;;;;;;;;983.2;;;;;1.1;5.5;4;19.8;;;;;;;;;;;;;;;;82;;
SCM;06.01.2005 00:00;;;;;;;;;985.4;;;;;1.5;11.1;5.4;40;;;;;;;;;;;;;;;;315;;
SCM;07.01.2005 00:00;;;;;;;;;986;;;;;1.1;6.8;4;24.5;;;;;;;;;;;;;;;;76;;
SCM;08.01.2005 00:00;;;;;;;;;978.9;;;;;1.2;4.6;4.3;16.6;;;;;;;;;;;;;;;;79;;
SCM;09.01.2005 00:00;;;;;;;;;981.6;;;;;1.5;8.5;5.4;30.6;;;;;;;;;;;;;;;;73;;
SCM;10.01.2005 00:00;;;;;;;;;980.5;;;;;0.9;8.8;3.2;31.7;;;;;;;;;;;;;;;;76;;
SCM;11.01.2005 00:00;;;;;;;;;981.8;;;;;1.1;5.2;4;18.7;;;;;;;;;;;;;;;;69;;
SCM;12.01.2005 00:00;;;;;;;;;979.3;;;;;1.1;5.7;4;20.5;;;;;;;;;;;;;;;;76;;
SCM;13.01.2005 00:00;;;;;;;;;981.3;;;;;0.8;6.6;2.9;23.8;;;;;;;;;;;;;;;;180;;
SCM;14.01.2005 00:00;;;;;;;;;981.7;;;;;0.7;2.7;2.5;9.7;;;;;;;;;;;;;;;;90;;
SCM;15.01.2005 00:00;;;;;;;;;980.1;;;;;0.9;3.1;3.2;11.2;;;;;;;;;;;;;;;;108;;
SCM;16.01.2005 00:00;;;;;;;;;980;;;;;0.8;3;2.9;10.8;;;;;;;;;;;;;;;;90;;
SCM;17.01.2005 00:00;;;;;;;;;976.7;;;;;1.1;;4;;;;;;;;;;;;;;;;;82;;
SCM;19.01.2005 00:00;;;;;;;;;967.3;;;;;0.8;5.7;2.9;20.5;;;;;;;;;;;;;;;;76;;
SCM;20.01.2005 00:00;;;;;;;;;968.6;;;;;2.8;17.5;10.1;63;;;;;;;;;;;;;;;;342;;
SCM;21.01.2005 00:00;;;;;;;;;964.2;;;;;5.3;27;19.1;97.2;;;;;;;;;;;;;;;;276;;
SCM;22.01.2005 00:00;;;;;;;;;969.2;;;;;2.4;11.2;8.6;40.3;;;;;;;;;;;;;;;;275;;
SCM;23.01.2005 00:00;;;;;;;;;969;;;;;1.5;9.6;5.4;34.6;;;;;;;;;;;;;;;;94;;
SCM;24.01.2005 00:00;;;;;;;;;966.3;;;;;2;9.8;7.2;35.3;;;;;;;;;;;;;;;;274;;
SCM;25.01.2005 00:00;;;;;;;;;967;;;;;1.8;5.6;6.5;20.2;;;;;;;;;;;;;;;;278;;
SCM;29.01.2005 00:00;;;;;;;;;971;;;;;0;0;0;0;;;;;;;;;;;;;;;;0;;
SCM;01.02.2005 00:00;;;;;;;;;975.7;;;;;1.6;8.2;5.8;29.5;;;;;;;;;;;;;;;;270;;
SCM;02.02.2005 00:00;;;;;;;;;981.8;;;;;0.6;3.1;2.2;11.2;;;;;;;;;;;;;;;;90;;
SCM;03.02.2005 00:00;;;;;;;;;982.1;;;;;0.7;4.2;2.5;15.1;;;;;;;;;;;;;;;;101;;
SCM;04.02.2005 00:00;;;;;;;;;980.8;;;;;0.9;4;3.2;14.4;;;;;;;;;;;;;;;;90;;
SCM;05.02.2005 00:00;;;;;;;;;976.4;;;;;0.9;3.5;3.2;12.6;;;;;;;;;;;;;;;;104;;
SCM;06.02.2005 00:00;;;;;;;;;975.7;;;;;1.2;5.8;4.3;20.9;;;;;;;;;;;;;;;;180;;
SCM;07.02.2005 00:00;;;;;;;;;977;;;;;1;6;3.6;21.6;;;;;;;;;;;;;;;;112;;
SCM;08.02.2005 00:00;;;;;;;;;980.8;;;;;1.1;5.2;4;18.7;;;;;;;;;;;;;;;;82;;
SCM;09.02.2005 00:00;;;;;;;;;983.3;;;;;1.2;9;4.3;32.4;;;;;;;;;;;;;;;;90;;
SCM;10.02.2005 00:00;;;;;;;;;984.4;;;;;1;4.6;3.6;16.6;;;;;;;;;;;;;;;;81;;
SCM;11.02.2005 00:00;;;;;;;;;978.7;;;;;1.2;9.5;4.3;34.2;;;;;;;;;;;;;;;;85;;
SCM;12.02.2005 00:00;;;;;;;;;965.7;;;;;2.1;23.2;7.6;83.5;;;;;;;;;;;;;;;;326;;
SCM;13.02.2005 00:00;;;;;;;;;955.4;;;;;4.8;19.7;17.3;70.9;;;;;;;;;;;;;;;;271;;
SCM;14.02.2005 00:00;;;;;;;;;957.8;;;;;2.1;10.7;7.6;38.5;;;;;;;;;;;;;;;;286;;
SCM;15.02.2005 00:00;;;;;;;;;959;;;;;1.2;6.3;4.3;22.7;;;;;;;;;;;;;;;;259;;
SCM;16.02.2005 00:00;;;;;;;;;966.9;;;;;1;3.7;3.6;13.3;;;;;;;;;;;;;;;;279;;
SCM;17.02.2005 00:00;;;;;;;;;972.3;;;;;1.1;4.6;4;16.6;;;;;;;;;;;;;;;;90;;
SCM;18.02.2005 00:00;;;;;;;;;971.7;;;;;1;3.2;3.6;11.5;;;;;;;;;;;;;;;;101;;
SCM;19.02.2005 00:00;;;;;;;;;963.2;;;;;1.3;9.6;4.7;34.6;;;;;;;;;;;;;;;;95;;
SCM;20.02.2005 00:00;;;;;;;;;959.4;;;;;1.2;6;4.3;21.6;;;;;;;;;;;;;;;;236;;
SCM;21.02.2005 00:00;;;;;;;;;955.8;;;;;1.3;4.5;4.7;16.2;;;;;;;;;;;;;;;;264;;
SCM;22.02.2005 00:00;;;;;;;;;955.2;;;;;1.2;4.7;4.3;16.9;;;;;;;;;;;;;;;;180;;
SCM;23.02.2005 00:00;;;;;;;;;959.7;;;;;1.3;4.3;4.7;15.5;;;;;;;;;;;;;;;;103;;
SCM;24.02.2005 00:00;;;;;;;;;963.2;;;;;1;3.1;3.6;11.2;;;;;;;;;;;;;;;;101;;
SCM;25.02.2005 00:00;;;;;;;;;964.5;;;;;1.5;5;5.4;18;;;;;;;;;;;;;;;;90;;
SCM;26.02.2005 00:00;;;;;;;;;962.9;;;;;1.3;5.7;4.7;20.5;;;;;;;;;;;;;;;;90;;
SCM;27.02.2005 00:00;;;;;;;;;961.7;;;;;;;;;;;;;;;;;;;;;;;;;;
SCM;01.03.2005 00:00;;;;;;;;;963.3;;;;;1;3.2;3.6;11.5;;;;;;;;;;;;;;;;98;;
SCM;02.03.2005 00:00;;;;;;;;;958.9;;;;;0.8;4.1;2.9;14.8;;;;;;;;;;;;;;;;90;;
SCM;03.03.2005 00:00;;;;;;;;;957.9;;;;;1.6;11;5.8;39.6;;;;;;;;;;;;;;;;90;;
SCM;04.03.2005 00:00;;;;;;;;;961.5;;;;;0.7;3.7;2.5;13.3;;;;;;;;;;;;;;;;153;;
SCM;05.03.2005 00:00;;;;;;;;;957.1;;;;;1.1;5.7;4;20.5;;;;;;;;;;;;;;;;117;;
SCM;06.03.2005 00:00;;;;;;;;;965.5;;;;;1.1;5.3;4;19.1;;;;;;;;;;;;;;;;297;;
SCM;07.03.2005 00:00;;;;;;;;;973.8;;;;;1.1;6.2;4;22.3;;;;;;;;;;;;;;;;117;;
SCM;08.03.2005 00:00;;;;;;;;;976.4;;;;;1.1;9.2;4;33.1;;;;;;;;;;;;;;;;63;;
SCM;09.03.2005 00:00;;;;;;;;;978.9;;;;;1.4;9.7;5;34.9;;;;;;;;;;;;;;;;326;;
SCM;10.03.2005 00:00;;;;;;;;;977.7;;;;;1;5.7;3.6;20.5;;;;;;;;;;;;;;;;76;;
SCM;11.03.2005 00:00;;;;;;;;;969.3;;;;;1.2;7.3;4.3;26.3;;;;;;;;;;;;;;;;360;;
SCM;12.03.2005 00:00;;;;;;;;;960.8;;;;;5.6;17.7;20.2;63.7;;;;;;;;;;;;;;;;271;;
SCM;13.03.2005 00:00;;;;;;;;;965.6;;;;;1;4.1;3.6;14.8;;;;;;;;;;;;;;;;112;;
SCM;14.03.2005 00:00;;;;;;;;;968;;;;;1;4.1;3.6;14.8;;;;;;;;;;;;;;;;90;;
SCM;15.03.2005 00:00;;;;;;;;;976;;;;;1.7;10.8;6.1;38.9;;;;;;;;;;;;;;;;86;;
SCM;16.03.2005 00:00;;;;;;;;;980.8;;;;;1.4;10.5;5;37.8;;;;;;;;;;;;;;;;85;;
SCM;17.03.2005 00:00;;;;;;;;;982.4;;;;;1.4;6.5;5;23.4;;;;;;;;;;;;;;;;85;;
SCM;18.03.2005 00:00;;;;;;;;;980.6;;;;;1.2;7.1;4.3;25.6;;;;;;;;;;;;;;;;74;;
SCM;19.03.2005 00:00;;;;;;;;;974.4;;;;;1.8;10.8;6.5;38.9;;;;;;;;;;;;;;;;95;;
SCM;20.03.2005 00:00;;;;;;;;;970.1;;;;;1.8;9.2;6.5;33.1;;;;;;;;;;;;;;;;53;;
SCM;21.03.2005 00:00;;;;;;;;;966.8;;;;;1.2;4.1;4.3;14.8;;;;;;;;;;;;;;;;263;;
SCM;22.03.2005 00:00;;;;;;;;;967.1;;;;;0.9;3.6;3.2;13;;;;;;;;;;;;;;;;259;;
SCM;23.03.2005 00:00;;;;;;;;;969.8;;;;;1.5;7.5;5.4;27;;;;;;;;;;;;;;;;124;;
SCM;24.03.2005 00:00;;;;;;;;;969.2;;;;;1.5;12.5;5.4;45;;;;;;;;;;;;;;;;270;;
SCM;25.03.2005 00:00;;;;;;;;;969.1;;;;;1;7.2;3.6;25.9;;;;;;;;;;;;;;;;108;;
SCM;26.03.2005 00:00;;;;;;;;;960.8;;;;;1.4;5.8;5;20.9;;;;;;;;;;;;;;;;257;;
SCM;27.03.2005 00:00;;;;;;;;;960;;;;;1.3;6.8;4.7;24.5;;;;;;;;;;;;;;;;225;;
SCM;28.03.2005 00:00;;;;;;;;;965.1;;;;;0.7;3.8;2.5;13.7;;;;;;;;;;;;;;;;90;;
SCM;29.03.2005 00:00;;;;;;;;;965.2;;;;;1.4;8.6;5;31;;;;;;;;;;;;;;;;270;;
SCM;30.03.2005 00:00;;;;;;;;;967.8;;;;;0.9;7.7;3.2;27.7;;;;;;;;;;;;;;;;90;;
SCM;31.03.2005 00:00;;;;;;;;;972.4;;;;;0.6;3.1;2.2;11.2;;;;;;;;;;;;;;;;270;;
SCM;01.04.2005 00:00;;;;;;;;;974.4;;;;;1.6;9;5.8;32.4;;;;;;;;;;;;;;;;297;;
SCM;02.04.2005 00:00;;;;;;;;;973.1;;;;;1.7;10;6.1;36;;;;;;;;;;;;;;;;257;;
SCM;03.04.2005 00:00;;;;;;;;;975.2;;;;;2.7;14.5;9.7;52.2;;;;;;;;;;;;;;;;102;;
SCM;04.04.2005 00:00;;;;;;;;;976.5;;;;;2;7.5;7.2;27;;;;;;;;;;;;;;;;135;;
SCM;05.04.2005 00:00;;;;;;;;;978;;;;;2.1;9.8;7.6;35.3;;;;;;;;;;;;;;;;214;;
SCM;06.04.2005 00:00;;;;;;;;;972.9;;;;;1.8;8.5;6.5;30.6;;;;;;;;;;;;;;;;214;;
SCM;07.04.2005 00:00;;;;;;;;;962.9;;;;;2;11;7.2;39.6;;;;;;;;;;;;;;;;252;;
SCM;08.04.2005 00:00;;;;;;;;;958.1;;;;;2;7;7.2;25.2;;;;;;;;;;;;;;;;284;;
SCM;09.04.2005 00:00;;;;;;;;;964.6;;;;;1.5;6.5;5.4;23.4;;;;;;;;;;;;;;;;278;;
SCM;10.04.2005 00:00;;;;;;;;;975;;;;;2.5;8.7;9;31.3;;;;;;;;;;;;;;;;63;;
SCM;11.04.2005 00:00;;;;;;;;;973.7;;;;;3.7;12.8;13.3;46.1;;;;;;;;;;;;;;;;85;;
SCM;12.04.2005 00:00;;;;;;;;;969.8;;;;;1.4;5.8;5;20.9;;;;;;;;;;;;;;;;240;;
SCM;13.04.2005 00:00;;;;;;;;;964.8;;;;;1.3;5.5;4.7;19.8;;;;;;;;;;;;;;;;252;;
SCM;14.04.2005 00:00;;;;;;;;;959.7;;;;;2;7.7;7.2;27.7;;;;;;;;;;;;;;;;239;;
SCM;15.04.2005 00:00;;;;;;;;;955.8;;;;;3;10.3;10.8;37.1;;;;;;;;;;;;;;;;247;;
SCM;16.04.2005 00:00;;;;;;;;;949.7;;;;;2.1;9.1;7.6;32.8;;;;;;;;;;;;;;;;270;;
SCM;17.04.2005 00:00;;;;;;;;;952.4;;;;;2.2;10.2;7.9;36.7;;;;;;;;;;;;;;;;273;;
SCM;18.04.2005 00:00;;;;;;;;;955.9;;;;;1;3.6;3.6;13;;;;;;;;;;;;;;;;98;;
SCM;19.04.2005 00:00;;;;;;;;;957.8;;;;;1.6;10.8;5.8;38.9;;;;;;;;;;;;;;;;276;;
SCM;20.04.2005 00:00;;;;;;;;;961.9;;;;;1.6;7.5;5.8;27;;;;;;;;;;;;;;;;265;;
SCM;21.04.2005 00:00;;;;;;;;;967.2;;;;;1.3;6.5;4.7;23.4;;;;;;;;;;;;;;;;270;;
SCM;22.04.2005 00:00;;;;;;;;;966.8;;;;;1.7;6.7;6.1;24.1;;;;;;;;;;;;;;;;246;;
SCM;23.04.2005 00:00;;;;;;;;;964.7;;;;;2.2;8.5;7.9;30.6;;;;;;;;;;;;;;;;104;;
SCM;24.04.2005 00:00;;;;;;;;;962.3;;;;;2.2;8.8;7.9;31.7;;;;;;;;;;;;;;;;248;;
SCM;25.04.2005 00:00;;;;;;;;;962.7;;;;;1.6;9.1;5.8;32.8;;;;;;;;;;;;;;;;276;;
SCM;26.04.2005 00:00;;;;;;;;;968.9;;;;1017.4;1.2;5;4.3;18;;;;;;;;;;;;;;;;194;;
SCM;27.04.2005 00:00;;;;;;;;;972;;;;1020.6;1.3;8.7;4.7;31.3;;;;;;;;;;;;;;;;117;;
SCM;28.04.2005 00:00;;;;;;;;;973.9;;;;1022.6;1.4;10;5;36;;;;;;;;;;;;;;;;117;;
SCM;29.04.2005 00:00;;;;;;;;;972.6;;;;1021.2;1.1;5.6;4;20.2;;;;;;;;;;;;;;;;180;;
SCM;30.04.2005 00:00;;;;;;;;;968.4;;;;1016.8;1.6;9.1;5.8;32.8;;;;;;;;;;;;;;;;90;;
SCM;01.05.2005 00:00;;;;;;;;;966.8;;;;1015.1;1.7;8;6.1;28.8;;;;;;;;;;;;;;;;27;;
SCM;02.05.2005 00:00;;;;;;;;;968.2;;;;1016.7;2.2;11.1;7.9;40;;;;;;;;;;;;;;;;225;;
SCM;03.05.2005 00:00;;;;;;;;;969.6;;;;1018.1;1.9;16.7;6.8;60.1;;;;;;;;;;;;;;;;104;;
SCM;04.05.2005 00:00;;;;;;;;;968.4;;;;1016.8;1.4;10.1;5;36.4;;;;;;;;;;;;;;;;146;;
SCM;05.05.2005 00:00;;;;;;;;;968.1;;;;1016.5;1;6.1;3.6;22;;;;;;;;;;;;;;;;117;;
SCM;06.05.2005 00:00;;;;;;;;;970;;;;1018.5;1.5;10.3;5.4;37.1;;;;;;;;;;;;;;;;281;;
SCM;07.05.2005 00:00;;;;;;;;;965.5;;;;1013.8;2;16.2;7.2;58.3;;;;;;;;;;;;;;;;270;;
SCM;08.05.2005 00:00;;;;;;;;;965.4;;;;1013.6;1.9;10.5;6.8;37.8;;;;;;;;;;;;;;;;257;;
SCM;09.05.2005 00:00;;;;;;;;;965;;;;1013.3;1.2;11.5;4.3;41.4;;;;;;;;;;;;;;;;117;;
SCM;10.05.2005 00:00;;;;;;;;;967.1;;;;1015.4;1.1;5.1;4;18.4;;;;;;;;;;;;;;;;90;;
SCM;11.05.2005 00:00;;;;;;;;;971.2;;;;1019.7;2.2;8.1;7.9;29.2;;;;;;;;;;;;;;;;135;;
SCM;12.05.2005 00:00;;;;;;;;;968;;;;1016.4;1.9;8.3;6.8;29.9;;;;;;;;;;;;;;;;297;;
SCM;13.05.2005 00:00;;;;;;;;;967.5;;;;1015.8;1.1;10.6;4;38.2;;;;;;;;;;;;;;;;243;;
SCM;14.05.2005 00:00;;;;;;;;;965.6;;;;1013.8;2.1;13.5;7.6;48.6;;;;;;;;;;;;;;;;233;;
SCM;15.05.2005 00:00;;;;;;;;;967.9;;;;1016.3;1.5;9;5.4;32.4;;;;;;;;;;;;;;;;256;;
SCM;16.05.2005 00:00;;;;;;;;;965;;;;1013.2;1.9;14.5;6.8;52.2;;;;;;;;;;;;;;;;264;;
SCM;17.05.2005 00:00;;;;;;;;;963.8;;;;1012;1.9;12;6.8;43.2;;;;;;;;;;;;;;;;225;;
SCM;18.05.2005 00:00;;;;;;;;;969.4;;;;1017.9;0.9;5;3.2;18;;;;;;;;;;;;;;;;225;;
SCM;19.05.2005 00:00;;;;;;;;;974.5;;;;1023.2;1.9;6.7;6.8;24.1;;;;;;;;;;;;;;;;245;;
SCM;20.05.2005 00:00;;;;;;;;;971.9;;;;1020.5;1.4;10.2;5;36.7;;;;;;;;;;;;;;;;270;;
SCM;21.05.2005 00:00;;;;;;;;;968.3;;;;1016.7;1.8;13.1;6.5;47.2;;;;;;;;;;;;;;;;270;;
SCM;22.05.2005 00:00;;;;;;;;;967.1;;;;1015.4;1.7;15.2;6.1;54.7;;;;;;;;;;;;;;;;248;;
SCM;23.05.2005 00:00;;;;;;;;;971.9;;;;1020.5;1.9;8.3;6.8;29.9;;;;;;;;;;;;;;;;270;;
SCM;24.05.2005 00:00;;;;;;;;;976.7;;;;1025.5;2;6.8;7.2;24.5;;;;;;;;;;;;;;;;240;;
SCM;25.05.2005 00:00;;;;;;;;;976.7;;;;1025.5;1.6;7.2;5.8;25.9;;;;;;;;;;;;;;;;45;;
SCM;26.05.2005 00:00;;;;;;;;;973.2;;;;1021.9;1.3;6.8;4.7;24.5;;;;;;;;;;;;;;;;270;;
SCM;27.05.2005 00:00;;;;;;;;;969.6;;;;1018;1.5;8.5;5.4;30.6;;;;;;;;;;;;;;;;90;;
SCM;28.05.2005 00:00;;;;;;;;;970;;;;1018.5;2.5;21.8;9;78.5;;;;;;;;;;;;;;;;127;;
SCM;29.05.2005 00:00;;;;;;;;;968.6;;;;1017;2.3;13;8.3;46.8;;;;;;;;;;;;;;;;105;;
SCM;30.05.2005 00:00;;;;;;;;;971.9;;;;1020.5;2.3;12.6;8.3;45.4;;;;;;;;;;;;;;;;261;;
SCM;31.05.2005 00:00;;;;;;;;;976.1;;;;1024.9;1.9;7.2;6.8;25.9;;;;;;;;;;;;;;;;247;;
SCM;01.06.2005 00:00;;;;;;;;;972.9;;;;1021.6;1.4;8.1;5;29.2;;;;;;;;;;;;;;;;252;;
SCM;02.06.2005 00:00;;;;;;;;;969.7;;;;1018.2;1.6;6.3;5.8;22.7;;;;;;;;;;;;;;;;240;;
SCM;03.06.2005 00:00;;;;;;;;;966.4;;;;1014.7;1.2;10.1;4.3;36.4;;;;;;;;;;;;;;;;270;;
SCM;04.06.2005 00:00;;;;;;;;;969.7;;;;1018.2;1.2;8.8;4.3;31.7;;;;;;;;;;;;;;;;117;;
SCM;05.06.2005 00:00;;;;;;;;;971.8;;;;1020.4;1;6.1;3.6;22;;;;;;;;;;;;;;;;248;;
SCM;06.06.2005 00:00;;;;;;;;;972.3;;;;1020.9;1.1;4.8;4;17.3;;;;;;;;;;;;;;;;124;;
SCM;07.06.2005 00:00;;;;;;;;;979;;;;1027.9;2.1;8.5;7.6;30.6;;;;;;;;;;;;;;;;252;;
SCM;08.06.2005 00:00;;;;;;;;;982;;;;1031.1;3.2;9.7;11.5;34.9;;;;;;;;;;;;;;;;75;;
SCM;09.06.2005 00:00;;;;;;;;;977.7;;;;1026.5;3;11.6;10.8;41.8;;;;;;;;;;;;;;;;73;;
SCM;10.06.2005 00:00;;;;;;;;;971.7;;;;1020.3;1.4;6.2;5;22.3;;;;;;;;;;;;;;;;0;;
SCM;11.06.2005 00:00;;;;;;;;;964.9;;;;1013.2;1.5;7.6;5.4;27.4;;;;;;;;;;;;;;;;240;;
SCM;12.06.2005 00:00;;;;;;;;;962.1;;;;1010.1;1.3;7.1;4.7;25.6;;;;;;;;;;;;;;;;99;;
SCM;13.06.2005 00:00;;;;;;;;;961.7;;;;1009.8;1.9;14.2;6.8;51.1;;;;;;;;;;;;;;;;90;;
SCM;14.06.2005 00:00;;;;;;;;;965.2;;;;1013.4;1.2;13.2;4.3;47.5;;;;;;;;;;;;;;;;256;;
SCM;15.06.2005 00:00;;;;;;;;;971.8;;;;1020.4;0.7;3.3;2.5;11.9;;;;;;;;;;;;;;;;135;;
SCM;16.06.2005 00:00;;;;;;;;;975.9;;;;1024.7;1.9;7.5;6.8;27;;;;;;;;;;;;;;;;247;;
SCM;17.06.2005 00:00;;;;;;;;;978.9;;;;1027.8;0.9;5.5;3.2;19.8;;;;;;;;;;;;;;;;0;;
SCM;18.06.2005 00:00;;;;;;;;;975;;;;1023.8;1.5;8.5;5.4;30.6;;;;;;;;;;;;;;;;63;;
SCM;19.06.2005 00:00;;;;;;;;;970.1;;;;1018.6;1.8;8.2;6.5;29.5;;;;;;;;;;;;;;;;63;;
SCM;20.06.2005 00:00;;;;;;;;;968.5;;;;1016.9;0.9;5.7;3.2;20.5;;;;;;;;;;;;;;;;270;;
SCM;21.06.2005 00:00;;;;;;;;;969.8;;;;1018.3;0.7;3.2;2.5;11.5;;;;;;;;;;;;;;;;259;;
SCM;22.06.2005 00:00;;;;;;;;;972;;;;1020.6;1.1;5.2;4;18.7;;;;;;;;;;;;;;;;270;;
SCM;23.06.2005 00:00;;;;;;;;;971.2;;;;1019.7;1;4.3;3.6;15.5;;;;;;;;;;;;;;;;256;;
SCM;24.06.2005 00:00;;;;;;;;;968.5;;;;1016.9;1.4;10.6;5;38.2;;;;;;;;;;;;;;;;225;;
SCM;25.06.2005 00:00;;;;;;;;;970.5;;;;1019;2.1;10.1;7.6;36.4;;;;;;;;;;;;;;;;103;;
SCM;26.06.2005 00:00;;;;;;;;;973;;;;1021.6;1.1;4.1;4;14.8;;;;;;;;;;;;;;;;90;;
SCM;27.06.2005 00:00;;;;;;;;;971.3;;;;1019.9;0.9;4.2;3.2;15.1;;;;;;;;;;;;;;;;252;;
SCM;28.06.2005 00:00;;;;;;;;;967.5;;;;1015.9;0.9;8.7;3.2;31.3;;;;;;;;;;;;;;;;180;;
SCM;29.06.2005 00:00;;;;;;;;;962.8;;;;1011;2;21;7.2;75.6;;;;;;;;;;;;;;;;101;;
SCM;30.06.2005 00:00;;;;;;;;;964.3;;;;1012.5;1.1;6.2;4;22.3;;;;;;;;;;;;;;;;135;;
SCM;01.07.2005 00:00;;;;;;;;;970.2;;;;1018.7;2.1;15.2;7.6;54.7;;;;;;;;;;;;;;;;248;;
SCM;02.07.2005 00:00;;;;;;;;;974.5;;;;1023.3;1.1;3.6;4;13;;;;;;;;;;;;;;;;124;;
SCM;03.07.2005 00:00;;;;;;;;;969.9;;;;1018.3;1.6;6.1;5.8;22;;;;;;;;;;;;;;;;236;;
SCM;04.07.2005 00:00;;;;;;;;;964.4;;;;1012.7;2.4;24.1;8.6;86.8;;;;;;;;;;;;;;;;243;;
SCM;05.07.2005 00:00;;;;;;;;;968.3;;;;1016.7;1.9;15.2;6.8;54.7;;;;;;;;;;;;;;;;94;;
SCM;06.07.2005 00:00;;;;;;;;;965.9;;;;1014.2;2;9.2;7.2;33.1;;;;;;;;;;;;;;;;98;;
SCM;07.07.2005 00:00;;;;;;;;;967.1;;;;1015.5;1.2;8.7;4.3;31.3;;;;;;;;;;;;;;;;90;;
SCM;08.07.2005 00:00;;;;;;;;;968.3;;;;1016.7;1.4;11;5;39.6;;;;;;;;;;;;;;;;162;;
SCM;09.07.2005 00:00;;;;;;;;;969.5;;;;1017.9;1.6;9.3;5.8;33.5;;;;;;;;;;;;;;;;101;;
SCM;10.07.2005 00:00;;;;;;;;;972.5;;;;1021.1;0.7;3.2;2.5;11.5;;;;;;;;;;;;;;;;117;;
SCM;11.07.2005 00:00;;;;;;;;;976;;;;1024.8;1.4;6.6;5;23.8;;;;;;;;;;;;;;;;247;;
SCM;12.07.2005 00:00;;;;;;;;;975;;;;1023.7;2;9.7;7.2;34.9;;;;;;;;;;;;;;;;72;;
SCM;13.07.2005 00:00;;;;;;;;;972.8;;;;1021.4;1.5;8.2;5.4;29.5;;;;;;;;;;;;;;;;72;;
SCM;14.07.2005 00:00;;;;;;;;;972.3;;;;1020.9;0.9;4.5;3.2;16.2;;;;;;;;;;;;;;;;270;;
SCM;15.07.2005 00:00;;;;;;;;;970.3;;;;1018.9;1.4;7.7;5;27.7;;;;;;;;;;;;;;;;243;;
SCM;16.07.2005 00:00;;;;;;;;;968.8;;;;1017.2;1.7;8.6;6.1;31;;;;;;;;;;;;;;;;86;;
SCM;17.07.2005 00:00;;;;;;;;;967.6;;;;1015.9;0.9;5.2;3.2;18.7;;;;;;;;;;;;;;;;72;;
SCM;18.07.2005 00:00;;;;;;;;;964.4;;;;1012.6;2;12.1;7.2;43.6;;;;;;;;;;;;;;;;90;;
SCM;19.07.2005 00:00;;;;;;;;;972.2;;;;1020.8;1.4;9.5;5;34.2;;;;;;;;;;;;;;;;207;;
SCM;20.07.2005 00:00;;;;;;;;;975.2;;;;1024;2.5;10.8;9;38.9;;;;;;;;;;;;;;;;264;;
SCM;21.07.2005 00:00;;;;;;;;;971.7;;;;1020.2;1.3;8.6;4.7;31;;;;;;;;;;;;;;;;162;;
SCM;22.07.2005 00:00;;;;;;;;;966.3;;;;1014.6;1.6;7.8;5.8;28.1;;;;;;;;;;;;;;;;261;;
SCM;23.07.2005 00:00;;;;;;;;;964.1;;;;1012.3;1.3;5.7;4.7;20.5;;;;;;;;;;;;;;;;217;;
SCM;24.07.2005 00:00;;;;;;;;;963.4;;;;1011.6;1.5;8.7;5.4;31.3;;;;;;;;;;;;;;;;90;;
SCM;25.07.2005 00:00;;;;;;;;;963.3;;;;1011.4;1.6;8.3;5.8;29.9;;;;;;;;;;;;;;;;90;;
SCM;26.07.2005 00:00;;;;;;;;;965.2;;;;1013.5;1.2;6.8;4.3;24.5;;;;;;;;;;;;;;;;153;;
SCM;27.07.2005 00:00;;;;;;;;;964.7;;;;1012.9;1.8;9.1;6.5;32.8;;;;;;;;;;;;;;;;98;;
SCM;28.07.2005 00:00;;;;;;;;;965.4;;;;1013.6;1.5;10.1;5.4;36.4;;;;;;;;;;;;;;;;99;;
SCM;29.07.2005 00:00;;;;;;;;;966.3;;;;1014.6;1.9;22.7;6.8;81.7;;;;;;;;;;;;;;;;135;;
SCM;30.07.2005 00:00;;;;;;;;;968.7;;;;1017.1;1.2;6.7;4.3;24.1;;;;;;;;;;;;;;;;153;;
SCM;31.07.2005 00:00;;;;;;;;;968.7;;;;1017.1;0.9;4.1;3.2;14.8;;;;;;;;;;;;;;;;101;;
SCM;01.08.2005 00:00;;;;;;;;;968.7;;;;1017.1;1.2;10;4.3;36;;;;;;;;;;;;;;;;225;;
SCM;02.08.2005 00:00;;;;;;;;;968.2;;;;1016.6;2.3;10;8.3;36;;;;;;;;;;;;;;;;254;;
SCM;03.08.2005 00:00;;;;;;;;;973.5;;;;1022.2;2.5;6.7;9;24.1;;;;;;;;;;;;;;;;259;;
SCM;04.08.2005 00:00;;;;;;;;;976.1;;;;1024.9;1.2;5.8;4.3;20.9;;;;;;;;;;;;;;;;225;;
SCM;05.08.2005 00:00;;;;;;;;;973.8;;;;1022.5;1.3;6.7;4.7;24.1;;;;;;;;;;;;;;;;225;;
SCM;06.08.2005 00:00;;;;;;;;;970.5;;;;1019;1.3;6.7;4.7;24.1;;;;;;;;;;;;;;;;135;;
SCM;07.08.2005 00:00;;;;;;;;;967.8;;;;1016.2;1.7;7.2;6.1;25.9;;;;;;;;;;;;;;;;104;;
SCM;08.08.2005 00:00;;;;;;;;;969.4;;;;1017.9;1.5;6.7;5.4;24.1;;;;;;;;;;;;;;;;194;;
SCM;09.08.2005 00:00;;;;;;;;;967.9;;;;1016.3;1.4;5.5;5;19.8;;;;;;;;;;;;;;;;207;;
SCM;10.08.2005 00:00;;;;;;;;;966.5;;;;1014.8;0.7;2.6;2.5;9.4;;;;;;;;;;;;;;;;135;;
SCM;11.08.2005 00:00;;;;;;;;;966.8;;;;1015.1;1.4;6;5;21.6;;;;;;;;;;;;;;;;241;;
SCM;12.08.2005 00:00;;;;;;;;;967.9;;;;1016.3;1.3;5.2;4.7;18.7;;;;;;;;;;;;;;;;217;;
SCM;13.08.2005 00:00;;;;;;;;;971.2;;;;1019.8;1.2;5.8;4.3;20.9;;;;;;;;;;;;;;;;214;;
SCM;14.08.2005 00:00;;;;;;;;;969.4;;;;1017.9;1.3;9.1;4.7;32.8;;;;;;;;;;;;;;;;76;;
SCM;15.08.2005 00:00;;;;;;;;;972.2;;;;1020.8;1.2;4.5;4.3;16.2;;;;;;;;;;;;;;;;98;;
SCM;16.08.2005 00:00;;;;;;;;;972;;;;1020.6;2;12;7.2;43.2;;;;;;;;;;;;;;;;75;;
SCM;17.08.2005 00:00;;;;;;;;;969.6;;;;1018.1;1.5;7.3;5.4;26.3;;;;;;;;;;;;;;;;252;;
SCM;18.08.2005 00:00;;;;;;;;;968.1;;;;1016.5;1.1;5.8;4;20.9;;;;;;;;;;;;;;;;233;;
SCM;19.08.2005 00:00;;;;;;;;;969.2;;;;1017.6;1.2;8.3;4.3;29.9;;;;;;;;;;;;;;;;135;;
SCM;20.08.2005 00:00;;;;;;;;;969.7;;;;1018.2;1.9;9.6;6.8;34.6;;;;;;;;;;;;;;;;252;;
SCM;21.08.2005 00:00;;;;;;;;;965.3;;;;1013.5;2;6.7;7.2;24.1;;;;;;;;;;;;;;;;255;;
SCM;22.08.2005 00:00;;;;;;;;;963.8;;;;1012;2.4;9.2;8.6;33.1;;;;;;;;;;;;;;;;267;;
SCM;23.08.2005 00:00;;;;;;;;;967.8;;;;1016.2;1.6;8.8;5.8;31.7;;;;;;;;;;;;;;;;45;;
SCM;24.08.2005 00:00;;;;;;;;;967.4;;;;1015.8;1.6;7;5.8;25.2;;;;;;;;;;;;;;;;207;;
SCM;25.08.2005 00:00;;;;;;;;;964.7;;;;1012.9;1.2;5.3;4.3;19.1;;;;;;;;;;;;;;;;180;;
SCM;26.08.2005 00:00;;;;;;;;;970.6;;;;1019.1;1;7.6;3.6;27.4;;;;;;;;;;;;;;;;254;;
SCM;27.08.2005 00:00;;;;;;;;;969.9;;;;1018.4;1.3;7.7;4.7;27.7;;;;;;;;;;;;;;;;225;;
SCM;28.08.2005 00:00;;;;;;;;;972.6;;;;1021.3;1;4;3.6;14.4;;;;;;;;;;;;;;;;153;;
SCM;29.08.2005 00:00;;;;;;;;;974.9;;;;1023.6;0.7;3.8;2.5;13.7;;;;;;;;;;;;;;;;225;;
SCM;30.08.2005 00:00;;;;;;;;;974.9;;;;1023.6;0.9;3.7;3.2;13.3;;;;;;;;;;;;;;;;243;;
SCM;31.08.2005 00:00;;;;;;;;;970;;;;1018.5;0.8;3.3;2.9;11.9;;;;;;;;;;;;;;;;225;;
SCM;01.09.2005 00:00;;;;;;;;;969.7;;;;1018.2;0.9;5.8;3.2;20.9;;;;;;;;;;;;;;;;0;;
SCM;02.09.2005 00:00;;;;;;;;;974.6;;;;1023.4;0.9;5.6;3.2;20.2;;;;;;;;;;;;;;;;270;;
SCM;03.09.2005 00:00;;;;;;;;;976.2;;;;1025;1.1;5.8;4;20.9;;;;;;;;;;;;;;;;270;;
SCM;04.09.2005 00:00;;;;;;;;;974;;;;1022.8;1.2;4.7;4.3;16.9;;;;;;;;;;;;;;;;256;;
SCM;05.09.2005 00:00;;;;;;;;;968.5;;;;1017;0.8;3.6;2.9;13;;;;;;;;;;;;;;;;243;;
SCM;06.09.2005 00:00;;;;;;;;;964.4;;;;1012.6;1.8;13.2;6.5;47.5;;;;;;;;;;;;;;;;96;;
SCM;07.09.2005 00:00;;;;;;;;;965.2;;;;1013.5;2.6;13;9.4;46.8;;;;;;;;;;;;;;;;127;;
SCM;08.09.2005 00:00;;;;;;;;;967.5;;;;1015.8;1;4.8;3.6;17.3;;;;;;;;;;;;;;;;225;;
SCM;09.09.2005 00:00;;;;;;;;;964.2;;;;1012.4;1;10.3;3.6;37.1;;;;;;;;;;;;;;;;162;;
SCM;10.09.2005 00:00;;;;;;;;;964.6;;;;1012.8;1;3;3.6;10.8;;;;;;;;;;;;;;;;103;;
SCM;11.09.2005 00:00;;;;;;;;;963;;;;1011.1;1.4;7.6;5;27.4;;;;;;;;;;;;;;;;264;;
SCM;12.09.2005 00:00;;;;;;;;;968.1;;;;1016.4;1.8;8.8;6.5;31.7;;;;;;;;;;;;;;;;250;;
SCM;13.09.2005 00:00;;;;;;;;;974.5;;;;1023.2;1.3;5.1;4.7;18.4;;;;;;;;;;;;;;;;256;;
SCM;14.09.2005 00:00;;;;;;;;;976.8;;;;1025.6;1.1;5.1;4;18.4;;;;;;;;;;;;;;;;249;;
SCM;15.09.2005 00:00;;;;;;;;;972.6;;;;1021.3;1.2;6.5;4.3;23.4;;;;;;;;;;;;;;;;225;;
SCM;16.09.2005 00:00;;;;;;;;;961.6;;;;1009.7;2.1;11;7.6;39.6;;;;;;;;;;;;;;;;259;;
SCM;17.09.2005 00:00;;;;;;;;;968.2;;;;1016.6;2.3;11.6;8.3;41.8;;;;;;;;;;;;;;;;84;;
SCM;18.09.2005 00:00;;;;;;;;;971.6;;;;1020.2;3.1;11.3;11.2;40.7;;;;;;;;;;;;;;;;65;;
SCM;19.09.2005 00:00;;;;;;;;;973;;;;1021.7;1;5.7;3.6;20.5;;;;;;;;;;;;;;;;360;;
SCM;20.09.2005 00:00;;;;;;;;;974.8;;;;1023.5;0.7;3.3;2.5;11.9;;;;;;;;;;;;;;;;180;;
SCM;21.09.2005 00:00;;;;;;;;;972.2;;;;1020.8;1.3;6.5;4.7;23.4;;;;;;;;;;;;;;;;261;;
SCM;22.09.2005 00:00;;;;;;;;;971.7;;;;1020.3;0.8;3.5;2.9;12.6;;;;;;;;;;;;;;;;207;;
SCM;23.09.2005 00:00;;;;;;;;;970.6;;;;1019.1;0.9;5.1;3.2;18.4;;;;;;;;;;;;;;;;90;;
SCM;24.09.2005 00:00;;;;;;;;;970.3;;;;1018.8;0.9;4.7;3.2;16.9;;;;;;;;;;;;;;;;63;;
SCM;25.09.2005 00:00;;;;;;;;;968;;;;1016.4;0.9;3.3;3.2;11.9;;;;;;;;;;;;;;;;90;;
SCM;26.09.2005 00:00;;;;;;;;;973.3;;;;1022;1;4.6;3.6;16.6;;;;;;;;;;;;;;;;207;;
SCM;27.09.2005 00:00;;;;;;;;;974;;;;1022.7;0.8;4.3;2.9;15.5;;;;;;;;;;;;;;;;90;;
SCM;28.09.2005 00:00;;;;;;;;;973.9;;;;1022.6;1.4;6.6;5;23.8;;;;;;;;;;;;;;;;256;;
SCM;29.09.2005 00:00;;;;;;;;;973.6;;;;1022.2;1.2;8.8;4.3;31.7;;;;;;;;;;;;;;;;0;;
SCM;30.09.2005 00:00;;;;;;;;;976.8;;;;1025.6;1.4;6;5;21.6;;;;;;;;;;;;;;;;153;;
SCM;01.10.2005 00:00;;;;;;;;;969.9;;;;1018.4;1;9.3;3.6;33.5;;;;;;;;;;;;;;;;90;;
SCM;02.10.2005 00:00;;;;;;;;;971.1;;;;1019.6;1.5;12.3;5.4;44.3;;;;;;;;;;;;;;;;180;;
SCM;03.10.2005 00:00;;;;;;;;;973.1;;;;1021.8;0.9;2.8;3.2;10.1;;;;;;;;;;;;;;;;90;;
SCM;04.10.2005 00:00;;;;;;;;;971.7;;;;1020.3;1.2;5.3;4.3;19.1;;;;;;;;;;;;;;;;207;;
SCM;05.10.2005 00:00;;;;;;;;;973.3;;;;1022;1.3;5.3;4.7;19.1;;;;;;;;;;;;;;;;233;;
SCM;06.10.2005 00:00;;;;;;;;;973;;;;1021.6;1.3;5.5;4.7;19.8;;;;;;;;;;;;;;;;236;;
SCM;07.10.2005 00:00;;;;;;;;;971.2;;;;1019.7;0.9;4;3.2;14.4;;;;;;;;;;;;;;;;180;;
SCM;08.10.2005 00:00;;;;;;;;;972.6;;;;1021.2;1;4;3.6;14.4;;;;;;;;;;;;;;;;135;;
SCM;09.10.2005 00:00;;;;;;;;;975.6;;;;1024.3;1.1;5.2;4;18.7;;;;;;;;;;;;;;;;135;;
SCM;10.10.2005 00:00;;;;;;;;;974.7;;;;1023.5;1.1;5.1;4;18.4;;;;;;;;;;;;;;;;243;;
SCM;11.10.2005 00:00;;;;;;;;;971.6;;;;1020.2;1.1;9.1;4;32.8;;;;;;;;;;;;;;;;117;;
SCM;12.10.2005 00:00;;;;;;;;;970.6;;;;1019.1;1.7;10.2;6.1;36.7;;;;;;;;;;;;;;;;90;;
SCM;13.10.2005 00:00;;;;;;;;;971.5;;;;1020.1;1;5.7;3.6;20.5;;;;;;;;;;;;;;;;90;;
SCM;14.10.2005 00:00;;;;;;;;;976.8;;;;1025.7;0.9;3.8;3.2;13.7;;;;;;;;;;;;;;;;270;;
SCM;15.10.2005 00:00;;;;;;;;;978.5;;;;1027.5;1.2;5.3;4.3;19.1;;;;;;;;;;;;;;;;239;;
SCM;16.10.2005 00:00;;;;;;;;;976.8;;;;1025.6;1.4;4.5;5;16.2;;;;;;;;;;;;;;;;214;;
SCM;17.10.2005 00:00;;;;;;;;;973.5;;;;1022.1;1.5;10.6;5.4;38.2;;;;;;;;;;;;;;;;99;;
SCM;18.10.2005 00:00;;;;;;;;;971.9;;;;1020.5;1.4;4.1;5;14.8;;;;;;;;;;;;;;;;265;;
SCM;19.10.2005 00:00;;;;;;;;;970.4;;;;1018.9;1;6.7;3.6;24.1;;;;;;;;;;;;;;;;135;;
SCM;20.10.2005 00:00;;;;;;;;;967.6;;;;1016;0.9;6.3;3.2;22.7;;;;;;;;;;;;;;;;79;;
SCM;21.10.2005 00:00;;;;;;;;;963.2;;;;1011.4;1.2;5.5;4.3;19.8;;;;;;;;;;;;;;;;72;;
SCM;22.10.2005 00:00;;;;;;;;;963;;;;1011.2;1.6;10;5.8;36;;;;;;;;;;;;;;;;81;;
SCM;23.10.2005 00:00;;;;;;;;;969.7;;;;1018.2;0.7;3.5;2.5;12.6;;;;;;;;;;;;;;;;90;;
SCM;24.10.2005 00:00;;;;;;;;;973.6;;;;1022.2;1;7.2;3.6;25.9;;;;;;;;;;;;;;;;90;;
SCM;25.10.2005 00:00;;;;;;;;;971.5;;;;1020.1;1;4.7;3.6;16.9;;;;;;;;;;;;;;;;79;;
SCM;26.10.2005 00:00;;;;;;;;;974.6;;;;1023.3;1;5.2;3.6;18.7;;;;;;;;;;;;;;;;74;;
SCM;27.10.2005 00:00;;;;;;;;;973.7;;;;1022.4;0.7;3.1;2.5;11.2;;;;;;;;;;;;;;;;90;;
SCM;28.10.2005 00:00;;;;;;;;;973.3;;;;1022;0.8;3.7;2.9;13.3;;;;;;;;;;;;;;;;90;;
SCM;29.10.2005 00:00;;;;;;;;;972.6;;;;1021.2;0.9;3.7;3.2;13.3;;;;;;;;;;;;;;;;0;;
SCM;30.10.2005 00:00;;;;;;;;;971.4;;;;1019.9;1;3.2;3.6;11.5;;;;;;;;;;;;;;;;45;;
SCM;31.10.2005 00:00;;;;;;;;;967.4;;;;1015.8;1.8;6.5;6.5;23.4;;;;;;;;;;;;;;;;262;;
SCM;01.11.2005 00:00;;;;;;;;;971.3;;;;1019.9;1.1;7.6;4;27.4;;;;;;;;;;;;;;;;135;;
SCM;02.11.2005 00:00;;;;;;;;;972.1;;;;1020.7;1.2;9.3;4.3;33.5;;;;;;;;;;;;;;;;90;;
SCM;03.11.2005 00:00;;;;;;;;;971.3;;;;1019.9;1.2;8.6;4.3;31;;;;;;;;;;;;;;;;90;;
SCM;04.11.2005 00:00;;;;;;;;;969.4;;;;1017.9;1.6;10.2;5.8;36.7;;;;;;;;;;;;;;;;207;;
SCM;05.11.2005 00:00;;;;;;;;;977.9;;;;1026.7;1.2;8;4.3;28.8;;;;;;;;;;;;;;;;180;;
SCM;06.11.2005 00:00;;;;;;;;;978.3;;;;1027.3;0.9;3.7;3.2;13.3;;;;;;;;;;;;;;;;117;;
SCM;07.11.2005 00:00;;;;;;;;;978.6;;;;1027.6;0.9;5.3;3.2;19.1;;;;;;;;;;;;;;;;90;;
SCM;08.11.2005 00:00;;;;;;;;;976.7;;;;1025.5;1.1;3.6;4;13;;;;;;;;;;;;;;;;288;;
SCM;09.11.2005 00:00;;;;;;;;;976.2;;;;1025;0.9;4.2;3.2;15.1;;;;;;;;;;;;;;;;360;;
SCM;10.11.2005 00:00;;;;;;;;;985.2;;;;1034.4;1.3;5;4.7;18;;;;;;;;;;;;;;;;180;;
SCM;11.11.2005 00:00;;;;;;;;;981.5;;;;1030.6;1.3;11.1;4.7;40;;;;;;;;;;;;;;;;124;;
SCM;12.11.2005 00:00;;;;;;;;;971.5;;;;1020.1;1.2;5.7;4.3;20.5;;;;;;;;;;;;;;;;63;;
SCM;13.11.2005 00:00;;;;;;;;;971.4;;;;1019.9;1;4.5;3.6;16.2;;;;;;;;;;;;;;;;360;;
SCM;14.11.2005 00:00;;;;;;;;;973.5;;;;1022.2;1.6;5.6;5.8;20.2;;;;;;;;;;;;;;;;70;;
SCM;15.11.2005 00:00;;;;;;;;;965.2;;;;1013.5;0.9;2.8;3.2;10.1;;;;;;;;;;;;;;;;117;;
SCM;16.11.2005 00:00;;;;;;;;;957.2;;;;1005.1;1.3;8.5;4.7;30.6;;;;;;;;;;;;;;;;270;;
SCM;17.11.2005 00:00;;;;;;;;;965.1;;;;1013.4;1;4.2;3.6;15.1;;;;;;;;;;;;;;;;270;;
SCM;18.11.2005 00:00;;;;;;;;;971.8;;;;1020.4;1;6.1;3.6;22;;;;;;;;;;;;;;;;90;;
SCM;19.11.2005 00:00;;;;;;;;;978.7;;;;1027.6;1.4;6.5;5;23.4;;;;;;;;;;;;;;;;80;;
SCM;20.11.2005 00:00;;;;;;;;;982.1;;;;1031.2;1.2;6.2;4.3;22.3;;;;;;;;;;;;;;;;90;;
SCM;21.11.2005 00:00;;;;;;;;;979.9;;;;1028.9;1.1;7.5;4;27;;;;;;;;;;;;;;;;83;;
SCM;22.11.2005 00:00;;;;;;;;;980.7;;;;1029.7;3.9;12.2;14;43.9;;;;;;;;;;;;;;;;80;;
SCM;23.11.2005 00:00;;;;;;;;;977.5;;;;1026.4;3;14.3;10.8;51.5;;;;;;;;;;;;;;;;73;;
SCM;24.11.2005 00:00;;;;;;;;;967.8;;;;1016.2;1.6;6.5;5.8;23.4;;;;;;;;;;;;;;;;59;;
SCM;25.11.2005 00:00;;;;;;;;;949.5;;;;996.9;1.6;9;5.8;32.4;;;;;;;;;;;;;;;;56;;
SCM;26.11.2005 00:00;;;;;;;;;948.9;;;;996.4;1.8;10.5;6.5;37.8;;;;;;;;;;;;;;;;79;;
SCM;27.11.2005 00:00;;;;;;;;;951.1;;;;998.6;1.3;3.7;4.7;13.3;;;;;;;;;;;;;;;;80;;
SCM;28.11.2005 00:00;;;;;;;;;955.5;;;;1003.3;1.5;6.6;5.4;23.8;;;;;;;;;;;;;;;;76;;
SCM;29.11.2005 00:00;;;;;;;;;957.8;;;;1005.7;0.9;2.7;3.2;9.7;;;;;;;;;;;;;;;;76;;
SCM;30.11.2005 00:00;;;;;;;;;964.6;;;;1012.8;0.9;3.3;3.2;11.9;;;;;;;;;;;;;;;;81;;
SCM;01.12.2005 00:00;;;;;;;;;963.1;;;;1011.2;0.8;4.6;2.9;16.6;;;;;;;;;;;;;;;;99;;
SCM;02.12.2005 00:00;;;;;;;;;954.8;;;;1002.5;2.4;10.1;8.6;36.4;;;;;;;;;;;;;;;;267;;
SCM;03.12.2005 00:00;;;;;;;;;957.1;;;;1004.9;1.3;5.7;4.7;20.5;;;;;;;;;;;;;;;;77;;
SCM;04.12.2005 00:00;;;;;;;;;956.6;;;;1004.4;2.2;11.1;7.9;40;;;;;;;;;;;;;;;;90;;
SCM;05.12.2005 00:00;;;;;;;;;955.4;;;;1003.2;0.9;10.7;3.2;38.5;;;;;;;;;;;;;;;;76;;
SCM;06.12.2005 00:00;;;;;;;;;959.1;;;;1007.1;0.8;4.3;2.9;15.5;;;;;;;;;;;;;;;;90;;
SCM;07.12.2005 00:00;;;;;;;;;969;;;;1017.5;1;4.2;3.6;15.1;;;;;;;;;;;;;;;;76;;
SCM;08.12.2005 00:00;;;;;;;;;970;;;;1018.4;2;11.1;7.2;40;;;;;;;;;;;;;;;;87;;
SCM;09.12.2005 00:00;;;;;;;;;980.3;;;;1029.3;1;6.3;3.6;22.7;;;;;;;;;;;;;;;;81;;
SCM;10.12.2005 00:00;;;;;;;;;986.5;;;;1035.9;2;8.5;7.2;30.6;;;;;;;;;;;;;;;;80;;
SCM;11.12.2005 00:00;;;;;;;;;984.5;;;;1033.7;1.8;9.8;6.5;35.3;;;;;;;;;;;;;;;;76;;
SCM;12.12.2005 00:00;;;;;;;;;979.1;;;;1028;0.8;3.8;2.9;13.7;;;;;;;;;;;;;;;;63;;
SCM;13.12.2005 00:00;;;;;;;;;980.2;;;;1029.2;1.1;4.3;4;15.5;;;;;;;;;;;;;;;;81;;
SCM;14.12.2005 00:00;;;;;;;;;976.5;;;;1025.3;0.9;4.6;3.2;16.6;;;;;;;;;;;;;;;;82;;
SCM;15.12.2005 00:00;;;;;;;;;974.2;;;;1022.9;1.1;5.6;4;20.2;;;;;;;;;;;;;;;;104;;
SCM;16.12.2005 00:00;;;;;;;;;963.4;;;;1011.6;3.1;18.1;11.2;65.2;;;;;;;;;;;;;;;;295;;
SCM;17.12.2005 00:00;;;;;;;;;962.5;;;;1010.6;5.2;14.6;18.7;52.6;;;;;;;;;;;;;;;;273;;
SCM;18.12.2005 00:00;;;;;;;;;974;;;;1022.7;1.6;8.7;5.8;31.3;;;;;;;;;;;;;;;;315;;
SCM;19.12.2005 00:00;;;;;;;;;978.2;;;;1027.1;1.4;7.6;5;27.4;;;;;;;;;;;;;;;;81;;
SCM;20.12.2005 00:00;;;;;;;;;982;;;;1031.1;0.9;4.6;3.2;16.6;;;;;;;;;;;;;;;;90;;
SCM;21.12.2005 00:00;;;;;;;;;983.6;;;;1032.8;1.6;14.8;5.8;53.3;;;;;;;;;;;;;;;;95;;
SCM;22.12.2005 00:00;;;;;;;;;983.7;;;;1032.9;1.1;3.3;4;11.9;;;;;;;;;;;;;;;;90;;
SCM;23.12.2005 00:00;;;;;;;;;979.9;;;;1028.9;0.8;3.6;2.9;13;;;;;;;;;;;;;;;;82;;
SCM;24.12.2005 00:00;;;;;;;;;976.6;;;;1025.4;0.8;2.7;2.9;9.7;;;;;;;;;;;;;;;;81;;
SCM;25.12.2005 00:00;;;;;;;;;971.5;;;;1020.1;1;6;3.6;21.6;;;;;;;;;;;;;;;;96;;
SCM;26.12.2005 00:00;;;;;;;;;963.8;;;;1012;0.8;3.6;2.9;13;;;;;;;;;;;;;;;;90;;
SCM;27.12.2005 00:00;;;;;;;;;956.4;;;;1004.2;1.2;9.7;4.3;34.9;;;;;;;;;;;;;;;;225;;
SCM;28.12.2005 00:00;;;;;;;;;959.9;;;;1007.9;1.2;5.1;4.3;18.4;;;;;;;;;;;;;;;;307;;
SCM;29.12.2005 00:00;;;;;;;;;967.6;;;;1016;1.1;5.2;4;18.7;;;;;;;;;;;;;;;;84;;
SCM;30.12.2005 00:00;;;;;;;;;967.7;;;;1016.1;2.5;11.7;9;42.1;;;;;;;;;;;;;;;;86;;
SCM;31.12.2005 00:00;;;;;;;;;959.8;;;;1007.8;1.5;10.1;5.4;36.4;;;;;;;;;;;;;;;;84;;
SCM;01.01.2006 00:00;;;;;;;;;959.3;;;;1007.3;1.2;6.2;4.3;22.3;;;;;;;;;;;;;;;;77;;
SCM;02.01.2006 00:00;;;;;;;;;968.3;;;;1016.7;0.9;6.7;3.2;24.1;;;;;;;;;;;;;;;;360;;
SCM;03.01.2006 00:00;;;;;;;;;977.4;;;;1026.3;1;3.2;3.6;11.5;;;;;;;;;;;;;;;;270;;
SCM;04.01.2006 00:00;;;;;;;;;974.2;;;;1022.9;1.6;8.8;5.8;31.7;;;;;;;;;;;;;;;;86;;
SCM;05.01.2006 00:00;;;;;;;;;967.8;;;;1016.2;1.1;6.6;4;23.8;;;;;;;;;;;;;;;;90;;
SCM;06.01.2006 00:00;;;;;;;;;970.7;;;;1019.2;1;3.7;3.6;13.3;;;;;;;;;;;;;;;;79;;
SCM;07.01.2006 00:00;;;;;;;;;976.1;;;;1024.9;1;4;3.6;14.4;;;;;;;;;;;;;;;;76;;
SCM;08.01.2006 00:00;;;;;;;;;978.3;;;;1027.2;0.9;3.3;3.2;11.9;;;;;;;;;;;;;;;;63;;
SCM;09.01.2006 00:00;;;;;;;;;980.1;;;;1029.1;1.1;3.7;4;13.3;;;;;;;;;;;;;;;;90;;
SCM;10.01.2006 00:00;;;;;;;;;982.6;;;;1031.7;1.1;5;4;18;;;;;;;;;;;;;;;;90;;
SCM;11.01.2006 00:00;;;;;;;;;982.9;;;;1032;1.1;4.3;4;15.5;;;;;;;;;;;;;;;;63;;
SCM;12.01.2006 00:00;;;;;;;;;982.4;;;;1031.6;0.8;3;2.9;10.8;;;;;;;;;;;;;;;;90;;
SCM;13.01.2006 00:00;;;;;;;;;982.3;;;;1031.4;1;3;3.6;10.8;;;;;;;;;;;;;;;;90;;
SCM;14.01.2006 00:00;;;;;;;;;981.6;;;;1030.6;1.1;3.1;4;11.2;;;;;;;;;;;;;;;;90;;
SCM;15.01.2006 00:00;;;;;;;;;977.1;;;;1026;1.1;3.8;4;13.7;;;;;;;;;;;;;;;;83;;
SCM;16.01.2006 00:00;;;;;;;;;974.1;;;;1022.8;1.2;6.1;4.3;22;;;;;;;;;;;;;;;;90;;
SCM;17.01.2006 00:00;;;;;;;;;965.4;;;;1013.7;1.7;13;6.1;46.8;;;;;;;;;;;;;;;;96;;
SCM;18.01.2006 00:00;;;;;;;;;965.8;;;;1014.1;1.3;8;4.7;28.8;;;;;;;;;;;;;;;;342;;
SCM;19.01.2006 00:00;;;;;;;;;975.6;;;;1024.4;0.8;7.5;2.9;27;;;;;;;;;;;;;;;;90;;
SCM;20.01.2006 00:00;;;;;;;;;976.1;;;;1024.9;1;5;3.6;18;;;;;;;;;;;;;;;;117;;
SCM;21.01.2006 00:00;;;;;;;;;976.3;;;;1025.1;0.8;5.3;2.9;19.1;;;;;;;;;;;;;;;;90;;
SCM;22.01.2006 00:00;;;;;;;;;981.4;;;;1030.5;0.9;6.1;3.2;22;;;;;;;;;;;;;;;;0;;
SCM;23.01.2006 00:00;;;;;;;;;983.3;;;;1032.4;2.7;11.6;9.7;41.8;;;;;;;;;;;;;;;;45;;
SCM;24.01.2006 00:00;;;;;;;;;982.4;;;;1031.5;1;4.5;3.6;16.2;;;;;;;;;;;;;;;;0;;
SCM;25.01.2006 00:00;;;;;;;;;972.4;;;;1021;0.9;3.5;3.2;12.6;;;;;;;;;;;;;;;;90;;
SCM;26.01.2006 00:00;;;;;;;;;964.5;;;;1012.8;1.1;5.5;4;19.8;;;;;;;;;;;;;;;;90;;
SCM;27.01.2006 00:00;;;;;;;;;967.7;;;;1016.1;1;4.5;3.6;16.2;;;;;;;;;;;;;;;;243;;
SCM;28.01.2006 00:00;;;;;;;;;969.2;;;;1017.6;1.8;7.2;6.5;25.9;;;;;;;;;;;;;;;;270;;
SCM;29.01.2006 00:00;;;;;;;;;973.5;;;;1022.1;0.8;3.6;2.9;13;;;;;;;;;;;;;;;;252;;
SCM;30.01.2006 00:00;;;;;;;;;975;;;;1023.8;0.7;2.8;2.5;10.1;;;;;;;;;;;;;;;;104;;
SCM;31.01.2006 00:00;;;;;;;;;974.5;;;;1023.2;0.7;2.2;2.5;7.9;;;;;;;;;;;;;;;;90;;
SCM;01.02.2006 00:00;;;;;;;;;973.9;;;;1022.5;0.8;3.7;2.9;13.3;;;;;;;;;;;;;;;;90;;
SCM;02.02.2006 00:00;;;;;;;;;971;;;;1019.5;0.8;3.1;2.9;11.2;;;;;;;;;;;;;;;;90;;
SCM;03.02.2006 00:00;;;;;;;;;969.1;;;;1017.5;1.1;3.5;4;12.6;;;;;;;;;;;;;;;;90;;
SCM;04.02.2006 00:00;;;;;;;;;973.2;;;;1021.9;1.1;6.2;4;22.3;;;;;;;;;;;;;;;;39;;
SCM;05.02.2006 00:00;;;;;;;;;978.4;;;;1027.3;1.1;5.8;4;20.9;;;;;;;;;;;;;;;;0;;
SCM;06.02.2006 00:00;;;;;;;;;978.4;;;;1027.3;0.7;2.3;2.5;8.3;;;;;;;;;;;;;;;;108;;
SCM;07.02.2006 00:00;;;;;;;;;975.9;;;;1024.7;0.6;4.3;2.2;15.5;;;;;;;;;;;;;;;;0;;
SCM;08.02.2006 00:00;;;;;;;;;964.9;;;;1013.2;2.5;12.6;9;45.4;;;;;;;;;;;;;;;;267;;
SCM;09.02.2006 00:00;;;;;;;;;963.8;;;;1012;2.6;14.8;9.4;53.3;;;;;;;;;;;;;;;;281;;
SCM;10.02.2006 00:00;;;;;;;;;970.5;;;;1019;1.7;7.2;6.1;25.9;;;;;;;;;;;;;;;;300;;
SCM;11.02.2006 00:00;;;;;;;;;975.8;;;;1024.5;0.8;6.5;2.9;23.4;;;;;;;;;;;;;;;;59;;
SCM;12.02.2006 00:00;;;;;;;;;977.3;;;;1026.2;0.9;4.7;3.2;16.9;;;;;;;;;;;;;;;;98;;
SCM;13.02.2006 00:00;;;;;;;;;975.1;;;;1023.9;0.9;4.2;3.2;15.1;;;;;;;;;;;;;;;;90;;
SCM;14.02.2006 00:00;;;;;;;;;973.1;;;;1021.7;1;5.1;3.6;18.4;;;;;;;;;;;;;;;;90;;
SCM;15.02.2006 00:00;;;;;;;;;963;;;;1011.2;1.5;12.7;5.4;45.7;;;;;;;;;;;;;;;;82;;
SCM;16.02.2006 00:00;;;;;;;;;950.2;;;;997.7;1.4;7.7;5;27.7;;;;;;;;;;;;;;;;76;;
SCM;17.02.2006 00:00;;;;;;;;;953.3;;;;1000.9;1.7;12;6.1;43.2;;;;;;;;;;;;;;;;333;;
SCM;18.02.2006 00:00;;;;;;;;;955.4;;;;1003.2;2;14.1;7.2;50.8;;;;;;;;;;;;;;;;90;;
SCM;19.02.2006 00:00;;;;;;;;;953.2;;;;1000.9;3.9;16.5;14;59.4;;;;;;;;;;;;;;;;105;;
SCM;20.02.2006 00:00;;;;;;;;;956.4;;;;1004.2;1.1;10.7;4;38.5;;;;;;;;;;;;;;;;45;;
SCM;21.02.2006 00:00;;;;;;;;;961.7;;;;1009.8;1.2;5.8;4.3;20.9;;;;;;;;;;;;;;;;225;;
SCM;22.02.2006 00:00;;;;;;;;;968.2;;;;1016.6;1.1;5.5;4;19.8;;;;;;;;;;;;;;;;252;;
SCM;23.02.2006 00:00;;;;;;;;;967.4;;;;1015.8;1.2;4.7;4.3;16.9;;;;;;;;;;;;;;;;261;;
SCM;24.02.2006 00:00;;;;;;;;;961.5;;;;1009.5;1;5.7;3.6;20.5;;;;;;;;;;;;;;;;18;;
SCM;25.02.2006 00:00;;;;;;;;;960.6;;;;1008.6;1.2;4;4.3;14.4;;;;;;;;;;;;;;;;247;;
SCM;26.02.2006 00:00;;;;;;;;;964.1;;;;1012.3;1;6.1;3.6;22;;;;;;;;;;;;;;;;281;;
SCM;27.02.2006 00:00;;;;;;;;;966.4;;;;1014.7;1.8;7.6;6.5;27.4;;;;;;;;;;;;;;;;73;;
SCM;28.02.2006 00:00;;;;;;;;;960.2;;;;1008.2;1.2;8.6;4.3;31;;;;;;;;;;;;;;;;90;;
SCM;01.03.2006 00:00;;;;;;;;;959.8;;;;1007.8;2.7;13;9.7;46.8;;;;;;;;;;;;;;;;270;;
SCM;02.03.2006 00:00;;;;;;;;;959.6;;;;1007.6;2.5;10.8;9;38.9;;;;;;;;;;;;;;;;85;;
SCM;03.03.2006 00:00;;;;;;;;;952.2;;;;999.8;3.9;17.3;14;62.3;;;;;;;;;;;;;;;;103;;
SCM;04.03.2006 00:00;;;;;;;;;948.9;;;;996.3;1.1;13;4;46.8;;;;;;;;;;;;;;;;284;;
SCM;05.03.2006 00:00;;;;;;;;;958.2;;;;1006.1;1.1;3.1;4;11.2;;;;;;;;;;;;;;;;264;;
SCM;06.03.2006 00:00;;;;;;;;;968.2;;;;1016.6;1.7;10.5;6.1;37.8;;;;;;;;;;;;;;;;279;;
SCM;07.03.2006 00:00;;;;;;;;;972;;;;1020.6;3.2;11.2;11.5;40.3;;;;;;;;;;;;;;;;278;;
SCM;08.03.2006 00:00;;;;;;;;;963.3;;;;1011.5;2.8;12.1;10.1;43.6;;;;;;;;;;;;;;;;95;;
SCM;09.03.2006 00:00;;;;;;;;;958.1;;;;1006;2.9;14.3;10.4;51.5;;;;;;;;;;;;;;;;284;;
SCM;10.03.2006 00:00;;;;;;;;;959.5;;;;1007.5;1.9;15.7;6.8;56.5;;;;;;;;;;;;;;;;270;;
SCM;11.03.2006 00:00;;;;;;;;;960.4;;;;1008.4;2.2;13.1;7.9;47.2;;;;;;;;;;;;;;;;277;;
SCM;12.03.2006 00:00;;;;;;;;;974.8;;;;1023.5;1.7;9.1;6.1;32.8;;;;;;;;;;;;;;;;104;;
SCM;13.03.2006 00:00;;;;;;;;;977;;;;1025.8;2.4;10.2;8.6;36.7;;;;;;;;;;;;;;;;82;;
SCM;14.03.2006 00:00;;;;;;;;;973.8;;;;1022.5;1.2;5.5;4.3;19.8;;;;;;;;;;;;;;;;153;;
SCM;15.03.2006 00:00;;;;;;;;;969.3;;;;1017.7;1.1;5.2;4;18.7;;;;;;;;;;;;;;;;225;;
SCM;16.03.2006 00:00;;;;;;;;;970.1;;;;1018.6;1.5;4.8;5.4;17.3;;;;;;;;;;;;;;;;360;;
SCM;17.03.2006 00:00;;;;;;;;;970.3;;;;1018.8;1.5;5.1;5.4;18.4;;;;;;;;;;;;;;;;243;;
SCM;18.03.2006 00:00;;;;;;;;;966.4;;;;1014.8;1.8;5.8;6.5;20.9;;;;;;;;;;;;;;;;236;;
SCM;19.03.2006 00:00;;;;;;;;;963.1;;;;1011.3;0.7;2.8;2.5;10.1;;;;;;;;;;;;;;;;243;;
SCM;20.03.2006 00:00;;;;;;;;;961.7;;;;1009.7;0.7;2.8;2.5;10.1;;;;;;;;;;;;;;;;135;;
SCM;21.03.2006 00:00;;;;;;;;;958.4;;;;1006.3;1.7;7.8;6.1;28.1;;;;;;;;;;;;;;;;252;;
SCM;22.03.2006 00:00;;;;;;;;;957.7;;;;1005.6;1.1;7;4;25.2;;;;;;;;;;;;;;;;63;;
SCM;23.03.2006 00:00;;;;;;;;;960.6;;;;1008.6;1.5;12.8;5.4;46.1;;;;;;;;;;;;;;;;217;;
SCM;24.03.2006 00:00;;;;;;;;;958.1;;;;1006;1.2;6.6;4.3;23.8;;;;;;;;;;;;;;;;90;;
SCM;25.03.2006 00:00;;;;;;;;;965.6;;;;1013.9;1.2;9.3;4.3;33.5;;;;;;;;;;;;;;;;90;;
SCM;26.03.2006 00:00;;;;;;;;;969;;;;1017.4;2.5;11.6;9;41.8;;;;;;;;;;;;;;;;93;;
SCM;27.03.2006 00:00;;;;;;;;;964;;;;1012.2;1.8;13.6;6.5;49;;;;;;;;;;;;;;;;90;;
SCM;28.03.2006 00:00;;;;;;;;;962.7;;;;1010.8;1.4;10.8;5;38.9;;;;;;;;;;;;;;;;270;;
SCM;29.03.2006 00:00;;;;;;;;;966.8;;;;1015.2;1.8;9.7;6.5;34.9;;;;;;;;;;;;;;;;277;;
SCM;30.03.2006 00:00;;;;;;;;;967.1;;;;1015.4;2;9.2;7.2;33.1;;;;;;;;;;;;;;;;83;;
SCM;31.03.2006 00:00;;;;;;;;;967.9;;;;1016.3;2.6;13.6;9.4;49;;;;;;;;;;;;;;;;263;;
SCM;01.04.2006 00:00;;;;;;;;;967.8;;;;1016.1;1.8;9.3;6.5;33.5;;;;;;;;;;;;;;;;45;;
SCM;02.04.2006 00:00;;;;;;;;;968.4;;;;1016.8;1.5;10.8;5.4;38.9;;;;;;;;;;;;;;;;225;;
SCM;03.04.2006 00:00;;;;;;;;;971.9;;;;1020.5;2.9;16.7;10.4;60.1;;;;;;;;;;;;;;;;261;;
SCM;04.04.2006 00:00;;;;;;;;;966.5;;;;1014.8;1.9;6.8;6.8;24.5;;;;;;;;;;;;;;;;112;;
SCM;05.04.2006 00:00;;;;;;;;;959.6;;;;1007.5;2.3;6.7;8.3;24.1;;;;;;;;;;;;;;;;259;;
SCM;06.04.2006 00:00;;;;;;;;;965.8;;;;1014.1;2.3;8;8.3;28.8;;;;;;;;;;;;;;;;68;;
SCM;07.04.2006 00:00;;;;;;;;;967.3;;;;1015.6;1.5;4.3;5.4;15.5;;;;;;;;;;;;;;;;240;;
SCM;08.04.2006 00:00;;;;;;;;;965.2;;;;1013.4;1.5;6.8;5.4;24.5;;;;;;;;;;;;;;;;225;;
SCM;09.04.2006 00:00;;;;;;;;;964.5;;;;1012.7;2.6;8;9.4;28.8;;;;;;;;;;;;;;;;250;;
SCM;10.04.2006 00:00;;;;;;;;;962;;;;1010.1;3.1;10.3;11.2;37.1;;;;;;;;;;;;;;;;256;;
SCM;11.04.2006 00:00;;;;;;;;;969.9;;;;1018.4;2;8.6;7.2;31;;;;;;;;;;;;;;;;266;;
SCM;12.04.2006 00:00;;;;;;;;;968.4;;;;1016.8;1.3;6.3;4.7;22.7;;;;;;;;;;;;;;;;95;;
SCM;13.04.2006 00:00;;;;;;;;;970;;;;1018.5;1.7;12;6.1;43.2;;;;;;;;;;;;;;;;153;;
SCM;14.04.2006 00:00;;;;;;;;;968.7;;;;1017.2;1.4;5.5;5;19.8;;;;;;;;;;;;;;;;112;;
SCM;15.04.2006 00:00;;;;;;;;;965.8;;;;1014.1;1.6;7.3;5.8;26.3;;;;;;;;;;;;;;;;252;;
SCM;16.04.2006 00:00;;;;;;;;;967.7;;;;1016;1.4;11.7;5;42.1;;;;;;;;;;;;;;;;284;;
SCM;17.04.2006 00:00;;;;;;;;;966;;;;1014.3;1.6;8;5.8;28.8;;;;;;;;;;;;;;;;248;;
SCM;18.04.2006 00:00;;;;;;;;;966.7;;;;1015;1.1;6.1;4;22;;;;;;;;;;;;;;;;135;;
SCM;19.04.2006 00:00;;;;;;;;;966.4;;;;1014.7;1.1;5.7;4;20.5;;;;;;;;;;;;;;;;248;;
SCM;20.04.2006 00:00;;;;;;;;;967;;;;1015.3;1.4;5.8;5;20.9;;;;;;;;;;;;;;;;261;;
SCM;21.04.2006 00:00;;;;;;;;;967.1;;;;1015.5;1.7;5.7;6.1;20.5;;;;;;;;;;;;;;;;270;;
SCM;22.04.2006 00:00;;;;;;;;;968.4;;;;1016.8;1.7;12.6;6.1;45.4;;;;;;;;;;;;;;;;45;;
SCM;23.04.2006 00:00;;;;;;;;;967.9;;;;1016.3;1;4.8;3.6;17.3;;;;;;;;;;;;;;;;108;;
SCM;24.04.2006 00:00;;;;;;;;;968.5;;;;1016.9;1.6;10.3;5.8;37.1;;;;;;;;;;;;;;;;277;;
SCM;25.04.2006 00:00;;;;;;;;;970.4;;;;1018.9;1.3;10.2;4.7;36.7;;;;;;;;;;;;;;;;270;;
SCM;26.04.2006 00:00;;;;;;;;;970.8;;;;1019.4;1;9.7;3.6;34.9;;;;;;;;;;;;;;;;225;;
SCM;27.04.2006 00:00;;;;;;;;;969.2;;;;1017.7;0.6;5;2.2;18;;;;;;;;;;;;;;;;180;;
SCM;28.04.2006 00:00;;;;;;;;;966.7;;;;1015;2.7;6.5;9.7;23.4;;;;;;;;;;;;;;;;252;;
SCM;29.04.2006 00:00;;;;;;;;;965.8;;;;1014;1.7;6.8;6.1;24.5;;;;;;;;;;;;;;;;90;;
SCM;30.04.2006 00:00;;;;;;;;;965;;;;1013.2;1.1;3.8;4;13.7;;;;;;;;;;;;;;;;198;;
SCM;01.05.2006 00:00;;;;;;;;;963.9;;;;1012.1;1.6;5.8;5.8;20.9;;;;;;;;;;;;;;;;239;;
SCM;02.05.2006 00:00;;;;;;;;;967.2;;;;1015.6;1.5;8.2;5.4;29.5;;;;;;;;;;;;;;;;256;;
SCM;03.05.2006 00:00;;;;;;;;;968.8;;;;1017.2;2.7;10;9.7;36;;;;;;;;;;;;;;;;79;;
SCM;04.05.2006 00:00;;;;;;;;;968.3;;;;1016.7;1.4;8.5;5;30.6;;;;;;;;;;;;;;;;243;;
SCM;05.05.2006 00:00;;;;;;;;;972.1;;;;1020.7;1.2;6.5;4.3;23.4;;;;;;;;;;;;;;;;90;;
SCM;06.05.2006 00:00;;;;;;;;;970.6;;;;1019.1;1.4;9.3;5;33.5;;;;;;;;;;;;;;;;90;;
SCM;07.05.2006 00:00;;;;;;;;;968.8;;;;1017.2;1.6;5.6;5.8;20.2;;;;;;;;;;;;;;;;256;;
SCM;08.05.2006 00:00;;;;;;;;;965.3;;;;1013.5;2.6;15.7;9.4;56.5;;;;;;;;;;;;;;;;255;;
SCM;09.05.2006 00:00;;;;;;;;;968.7;;;;1017.1;2.1;13.8;7.6;49.7;;;;;;;;;;;;;;;;281;;
SCM;10.05.2006 00:00;;;;;;;;;967.9;;;;1016.3;2;7.8;7.2;28.1;;;;;;;;;;;;;;;;249;;
SCM;11.05.2006 00:00;;;;;;;;;968.2;;;;1016.7;1.3;5.2;4.7;18.7;;;;;;;;;;;;;;;;259;;
SCM;12.05.2006 00:00;;;;;;;;;969.9;;;;1018.4;1.3;7.1;4.7;25.6;;;;;;;;;;;;;;;;270;;
SCM;13.05.2006 00:00;;;;;;;;;971.5;;;;1020.1;1.4;13.8;5;49.7;;;;;;;;;;;;;;;;243;;
SCM;14.05.2006 00:00;;;;;;;;;973.9;;;;1022.6;1.2;7.1;4.3;25.6;;;;;;;;;;;;;;;;101;;
SCM;15.05.2006 00:00;;;;;;;;;970.5;;;;1019;1.6;8.8;5.8;31.7;;;;;;;;;;;;;;;;108;;
SCM;16.05.2006 00:00;;;;;;;;;971.3;;;;1019.8;1.6;9.5;5.8;34.2;;;;;;;;;;;;;;;;99;;
SCM;17.05.2006 00:00;;;;;;;;;971.9;;;;1020.5;1.1;7.6;4;27.4;;;;;;;;;;;;;;;;106;;
SCM;18.05.2006 00:00;;;;;;;;;968.9;;;;1017.4;2.2;11.6;7.9;41.8;;;;;;;;;;;;;;;;83;;
SCM;19.05.2006 00:00;;;;;;;;;968.2;;;;1016.6;2.7;11.5;9.7;41.4;;;;;;;;;;;;;;;;262;;
SCM;20.05.2006 00:00;;;;;;;;;961;;;;1009.1;1.6;9.5;5.8;34.2;;;;;;;;;;;;;;;;270;;
SCM;21.05.2006 00:00;;;;;;;;;962.6;;;;1010.8;1.7;10;6.1;36;;;;;;;;;;;;;;;;104;;
SCM;22.05.2006 00:00;;;;;;;;;960.4;;;;1008.4;4.9;18.1;17.6;65.2;;;;;;;;;;;;;;;;151;;
SCM;23.05.2006 00:00;;;;;;;;;971.7;;;;1020.3;1.5;7;5.4;25.2;;;;;;;;;;;;;;;;90;;
SCM;24.05.2006 00:00;;;;;;;;;975;;;;1023.7;1.7;7.3;6.1;26.3;;;;;;;;;;;;;;;;243;;
SCM;25.05.2006 00:00;;;;;;;;;975.5;;;;1024.2;1.3;7.6;4.7;27.4;;;;;;;;;;;;;;;;243;;
SCM;26.05.2006 00:00;;;;;;;;;976.1;;;;1024.9;2.8;13;10.1;46.8;;;;;;;;;;;;;;;;265;;
SCM;27.05.2006 00:00;;;;;;;;;976.6;;;;1025.5;0.9;9;3.2;32.4;;;;;;;;;;;;;;;;270;;
SCM;28.05.2006 00:00;;;;;;;;;972.1;;;;1020.7;1.9;11.3;6.8;40.7;;;;;;;;;;;;;;;;274;;
SCM;29.05.2006 00:00;;;;;;;;;965.1;;;;1013.4;1.8;8.6;6.5;31;;;;;;;;;;;;;;;;207;;
SCM;30.05.2006 00:00;;;;;;;;;965.7;;;;1014;2.5;13.6;9;49;;;;;;;;;;;;;;;;253;;
SCM;31.05.2006 00:00;;;;;;;;;970.3;;;;1018.8;1.7;6.3;6.1;22.7;;;;;;;;;;;;;;;;261;;
SCM;01.06.2006 00:00;;;;;;;;;974.8;;;;1023.5;1.3;13.3;4.7;47.9;;;;;;;;;;;;;;;;0;;
SCM;02.06.2006 00:00;;;;;;;;;977.6;;;;1026.5;0.9;4.3;3.2;15.5;;;;;;;;;;;;;;;;198;;
SCM;03.06.2006 00:00;;;;;;;;;977.4;;;;1026.3;1.2;4.8;4.3;17.3;;;;;;;;;;;;;;;;243;;
SCM;04.06.2006 00:00;;;;;;;;;974.8;;;;1023.5;1.2;8.3;4.3;29.9;;;;;;;;;;;;;;;;104;;
SCM;05.06.2006 00:00;;;;;;;;;973.9;;;;1022.6;0.8;4.1;2.9;14.8;;;;;;;;;;;;;;;;225;;
SCM;06.06.2006 00:00;;;;;;;;;975.8;;;;1024.6;1.3;7.6;4.7;27.4;;;;;;;;;;;;;;;;90;;
SCM;07.06.2006 00:00;;;;;;;;;976.8;;;;1025.7;1.8;8.2;6.5;29.5;;;;;;;;;;;;;;;;76;;
SCM;08.06.2006 00:00;;;;;;;;;976.4;;;;1025.2;2;10.3;7.2;37.1;;;;;;;;;;;;;;;;45;;
SCM;09.06.2006 00:00;;;;;;;;;974.9;;;;1023.7;1.7;6.7;6.1;24.1;;;;;;;;;;;;;;;;270;;
SCM;10.06.2006 00:00;;;;;;;;;973.7;;;;1022.4;1.4;6.2;5;22.3;;;;;;;;;;;;;;;;297;;
SCM;11.06.2006 00:00;;;;;;;;;974.5;;;;1023.2;2.1;9.8;7.6;35.3;;;;;;;;;;;;;;;;68;;
SCM;12.06.2006 00:00;;;;;;;;;975.8;;;;1024.5;1;4.3;3.6;15.5;;;;;;;;;;;;;;;;263;;
SCM;13.06.2006 00:00;;;;;;;;;973.7;;;;1022.4;1.3;5.5;4.7;19.8;;;;;;;;;;;;;;;;297;;
SCM;14.06.2006 00:00;;;;;;;;;969.8;;;;1018.3;1.1;7.2;4;25.9;;;;;;;;;;;;;;;;270;;
SCM;15.06.2006 00:00;;;;;;;;;968.7;;;;1017.1;1.8;8.8;6.5;31.7;;;;;;;;;;;;;;;;243;;
SCM;16.06.2006 00:00;;;;;;;;;969.2;;;;1017.7;2.4;14.6;8.6;52.6;;;;;;;;;;;;;;;;124;;
SCM;17.06.2006 00:00;;;;;;;;;970.3;;;;1018.9;1.4;11.3;5;40.7;;;;;;;;;;;;;;;;90;;
SCM;18.06.2006 00:00;;;;;;;;;969.5;;;;1018;1.8;16.8;6.5;60.5;;;;;;;;;;;;;;;;270;;
SCM;19.06.2006 00:00;;;;;;;;;969.1;;;;1017.6;1.9;9.3;6.8;33.5;;;;;;;;;;;;;;;;124;;
SCM;20.06.2006 00:00;;;;;;;;;969;;;;1017.4;1.6;8.2;5.8;29.5;;;;;;;;;;;;;;;;98;;
SCM;21.06.2006 00:00;;;;;;;;;967.6;;;;1016;1.8;19.8;6.5;71.3;;;;;;;;;;;;;;;;247;;
SCM;22.06.2006 00:00;;;;;;;;;968.2;;;;1016.6;1.5;6.6;5.4;23.8;;;;;;;;;;;;;;;;256;;
SCM;23.06.2006 00:00;;;;;;;;;968.7;;;;1017.1;1.3;6.8;4.7;24.5;;;;;;;;;;;;;;;;233;;
SCM;24.06.2006 00:00;;;;;;;;;967.1;;;;1015.5;1.7;16.2;6.1;58.3;;;;;;;;;;;;;;;;180;;
SCM;25.06.2006 00:00;;;;;;;;;964.9;;;;1013.1;2.6;15.5;9.4;55.8;;;;;;;;;;;;;;;;127;;
SCM;26.06.2006 00:00;;;;;;;;;968.9;;;;1017.4;1.9;6.5;6.8;23.4;;;;;;;;;;;;;;;;241;;
SCM;27.06.2006 00:00;;;;;;;;;970.1;;;;1018.6;1.9;12.3;6.8;44.3;;;;;;;;;;;;;;;;231;;
SCM;28.06.2006 00:00;;;;;;;;;970.1;;;;1018.5;1.3;8.5;4.7;30.6;;;;;;;;;;;;;;;;135;;
SCM;29.06.2006 00:00;;;;;;;;;971.3;;;;1019.8;1.4;7.2;5;25.9;;;;;;;;;;;;;;;;90;;
SCM;30.06.2006 00:00;;;;;;;;;973.8;;;;1022.5;1.6;7.7;5.8;27.7;;;;;;;;;;;;;;;;72;;
SCM;01.07.2006 00:00;;;;;;;;;972.9;;;;1021.5;2;8.7;7.2;31.3;;;;;;;;;;;;;;;;75;;
SCM;02.07.2006 00:00;;;;;;;;;970;;;;1018.5;1.5;9.3;5.4;33.5;;;;;;;;;;;;;;;;333;;
SCM;03.07.2006 00:00;;;;;;;;;967.6;;;;1015.9;0.9;4;3.2;14.4;;;;;;;;;;;;;;;;261;;
SCM;04.07.2006 00:00;;;;;;;;;968.2;;;;1016.6;1;6.2;3.6;22.3;;;;;;;;;;;;;;;;180;;
SCM;05.07.2006 00:00;;;;;;;;;969.7;;;;1018.2;2.1;24.6;7.6;88.6;;;;;;;;;;;;;;;;288;;
SCM;06.07.2006 00:00;;;;;;;;;971;;;;1019.5;2.3;9.8;8.3;35.3;;;;;;;;;;;;;;;;261;;
SCM;07.07.2006 00:00;;;;;;;;;971.6;;;;1020.2;0.9;2.7;3.2;9.7;;;;;;;;;;;;;;;;117;;
SCM;08.07.2006 00:00;;;;;;;;;972.1;;;;1020.7;0.9;3.7;3.2;13.3;;;;;;;;;;;;;;;;104;;
SCM;09.07.2006 00:00;;;;;;;;;972.2;;;;1020.8;1.4;6.5;5;23.4;;;;;;;;;;;;;;;;243;;
SCM;10.07.2006 00:00;;;;;;;;;975.8;;;;1024.6;1.6;5.7;5.8;20.5;;;;;;;;;;;;;;;;243;;
SCM;11.07.2006 00:00;;;;;;;;;974.3;;;;1023;1.3;6.3;4.7;22.7;;;;;;;;;;;;;;;;214;;
SCM;12.07.2006 00:00;;;;;;;;;972.9;;;;1021.6;1.5;7.1;5.4;25.6;;;;;;;;;;;;;;;;45;;
SCM;13.07.2006 00:00;;;;;;;;;971.9;;;;1020.5;1.4;8.2;5;29.5;;;;;;;;;;;;;;;;101;;
SCM;14.07.2006 00:00;;;;;;;;;973.2;;;;1021.8;1.5;8.7;5.4;31.3;;;;;;;;;;;;;;;;90;;
SCM;15.07.2006 00:00;;;;;;;;;974.8;;;;1023.6;2;7.7;7.2;27.7;;;;;;;;;;;;;;;;236;;
SCM;16.07.2006 00:00;;;;;;;;;974.8;;;;1023.6;1.4;8.1;5;29.2;;;;;;;;;;;;;;;;360;;
SCM;17.07.2006 00:00;;;;;;;;;974;;;;1022.7;1.3;6.2;4.7;22.3;;;;;;;;;;;;;;;;252;;
SCM;18.07.2006 00:00;;;;;;;;;972.8;;;;1021.4;1.1;6.8;4;24.5;;;;;;;;;;;;;;;;270;;
SCM;19.07.2006 00:00;;;;;;;;;972.4;;;;1021.1;0.9;6.1;3.2;22;;;;;;;;;;;;;;;;0;;
SCM;20.07.2006 00:00;;;;;;;;;972.8;;;;1021.4;1.5;8.2;5.4;29.5;;;;;;;;;;;;;;;;243;;
SCM;21.07.2006 00:00;;;;;;;;;972.4;;;;1021;2.3;15.2;8.3;54.7;;;;;;;;;;;;;;;;110;;
SCM;22.07.2006 00:00;;;;;;;;;970.2;;;;1018.7;2.8;12.3;10.1;44.3;;;;;;;;;;;;;;;;180;;
SCM;23.07.2006 00:00;;;;;;;;;971.5;;;;1020;1.6;7;5.8;25.2;;;;;;;;;;;;;;;;90;;
SCM;24.07.2006 00:00;;;;;;;;;970.1;;;;1018.7;1.3;5;4.7;18;;;;;;;;;;;;;;;;270;;
SCM;25.07.2006 00:00;;;;;;;;;968.9;;;;1017.4;1.2;5.2;4.3;18.7;;;;;;;;;;;;;;;;248;;
SCM;26.07.2006 00:00;;;;;;;;;969.7;;;;1018.2;1.5;11;5.4;39.6;;;;;;;;;;;;;;;;261;;
SCM;27.07.2006 00:00;;;;;;;;;968.4;;;;1016.8;1.9;12.3;6.8;44.3;;;;;;;;;;;;;;;;254;;
SCM;28.07.2006 00:00;;;;;;;;;965.3;;;;1013.6;3.9;17.5;14;63;;;;;;;;;;;;;;;;128;;
SCM;29.07.2006 00:00;;;;;;;;;964.7;;;;1012.9;1.2;5.5;4.3;19.8;;;;;;;;;;;;;;;;99;;
SCM;30.07.2006 00:00;;;;;;;;;966.7;;;;1015.1;2;7.7;7.2;27.7;;;;;;;;;;;;;;;;231;;
SCM;31.07.2006 00:00;;;;;;;;;967.5;;;;1015.9;2.2;12.6;7.9;45.4;;;;;;;;;;;;;;;;153;;
SCM;01.08.2006 00:00;;;;;;;;;965.7;;;;1014;1.2;10;4.3;36;;;;;;;;;;;;;;;;90;;
SCM;02.08.2006 00:00;;;;;;;;;964.4;;;;1012.6;1.2;7.2;4.3;25.9;;;;;;;;;;;;;;;;252;;
SCM;03.08.2006 00:00;;;;;;;;;960.6;;;;1008.6;1.5;16.1;5.4;58;;;;;;;;;;;;;;;;90;;
SCM;04.08.2006 00:00;;;;;;;;;964.7;;;;1013;1.2;6;4.3;21.6;;;;;;;;;;;;;;;;96;;
SCM;05.08.2006 00:00;;;;;;;;;968.7;;;;1017.1;1.2;5;4.3;18;;;;;;;;;;;;;;;;99;;
SCM;06.08.2006 00:00;;;;;;;;;970.8;;;;1019.3;0.9;6.3;3.2;22.7;;;;;;;;;;;;;;;;117;;
SCM;07.08.2006 00:00;;;;;;;;;969.9;;;;1018.4;1.1;4.1;4;14.8;;;;;;;;;;;;;;;;108;;
SCM;08.08.2006 00:00;;;;;;;;;967;;;;1015.4;1.2;7.2;4.3;25.9;;;;;;;;;;;;;;;;256;;
SCM;09.08.2006 00:00;;;;;;;;;966.8;;;;1015.2;1.2;4.8;4.3;17.3;;;;;;;;;;;;;;;;243;;
SCM;10.08.2006 00:00;;;;;;;;;967;;;;1015.3;1.2;9.7;4.3;34.9;;;;;;;;;;;;;;;;90;;
SCM;16.08.2006 00:00;;;;;;;;;960.5;;;;1008.6;1.7;10.8;6.1;38.9;;;;;;;;;;;;;;;;94;;
SCM;17.08.2006 00:00;;;;;;;;;958.8;;;;1006.8;1.9;12.2;6.8;43.9;;;;;;;;;;;;;;;;149;;
SCM;18.08.2006 00:00;;;;;;;;;963.8;;;;1011.9;1.8;21;6.5;75.6;;;;;;;;;;;;;;;;214;;
SCM;19.08.2006 00:00;;;;;;;;;969.2;;;;1017.7;1.6;14.7;5.8;52.9;;;;;;;;;;;;;;;;254;;
SCM;20.08.2006 00:00;;;;;;;;;974.3;;;;1023;1.3;8.7;4.7;31.3;;;;;;;;;;;;;;;;98;;
SCM;21.08.2006 00:00;;;;;;;;;973.8;;;;1022.4;1.2;8.3;4.3;29.9;;;;;;;;;;;;;;;;236;;
SCM;22.08.2006 00:00;;;;;;;;;971.7;;;;1020.3;1.2;9.5;4.3;34.2;;;;;;;;;;;;;;;;90;;
SCM;23.08.2006 00:00;;;;;;;;;967.9;;;;1016.3;1.6;6.3;5.8;22.7;;;;;;;;;;;;;;;;243;;
SCM;24.08.2006 00:00;;;;;;;;;965;;;;1013.3;1.3;8.1;4.7;29.2;;;;;;;;;;;;;;;;63;;
SCM;25.08.2006 00:00;;;;;;;;;964.2;;;;1012.4;1.3;9.8;4.7;35.3;;;;;;;;;;;;;;;;243;;
SCM;26.08.2006 00:00;;;;;;;;;964.7;;;;1012.9;1.6;10.7;5.8;38.5;;;;;;;;;;;;;;;;214;;
SCM;27.08.2006 00:00;;;;;;;;;968.4;;;;1016.8;1.1;3.3;4;11.9;;;;;;;;;;;;;;;;96;;
SCM;28.08.2006 00:00;;;;;;;;;965.4;;;;1013.6;1.3;7.8;4.7;28.1;;;;;;;;;;;;;;;;90;;
SCM;29.08.2006 00:00;;;;;;;;;965;;;;1013.2;1.3;7.6;4.7;27.4;;;;;;;;;;;;;;;;117;;
SCM;30.08.2006 00:00;;;;;;;;;973.1;;;;1021.7;1.3;7.5;4.7;27;;;;;;;;;;;;;;;;96;;
SCM;31.08.2006 00:00;;;;;;;;;977.6;;;;1026.4;1.5;7.2;5.4;25.9;;;;;;;;;;;;;;;;124;;
SCM;01.09.2006 00:00;;;;;;;;;972.7;;;;1021.3;1.2;8.1;4.3;29.2;;;;;;;;;;;;;;;;90;;
SCM;02.09.2006 00:00;;;;;;;;;970;;;;1018.4;0.9;5.5;3.2;19.8;;;;;;;;;;;;;;;;63;;
SCM;03.09.2006 00:00;;;;;;;;;973.6;;;;1022.3;0.9;4.1;3.2;14.8;;;;;;;;;;;;;;;;90;;
SCM;04.09.2006 00:00;;;;;;;;;977.9;;;;1026.8;1.6;7;5.8;25.2;;;;;;;;;;;;;;;;243;;
SCM;05.09.2006 00:00;;;;;;;;;976.2;;;;1025;1.1;4;4;14.4;;;;;;;;;;;;;;;;256;;
SCM;06.09.2006 00:00;;;;;;;;;970.9;;;;1019.4;1.7;12.3;6.1;44.3;;;;;;;;;;;;;;;;180;;
SCM;07.09.2006 00:00;;;;;;;;;968.1;;;;1016.4;1.2;15.8;4.3;56.9;;;;;;;;;;;;;;;;90;;
SCM;08.09.2006 00:00;;;;;;;;;975.3;;;;1024.1;3.1;10.5;11.2;37.8;;;;;;;;;;;;;;;;63;;
SCM;09.09.2006 00:00;;;;;;;;;975.6;;;;1024.4;0.9;5.6;3.2;20.2;;;;;;;;;;;;;;;;259;;
SCM;10.09.2006 00:00;;;;;;;;;975.4;;;;1024.2;0.9;5.8;3.2;20.9;;;;;;;;;;;;;;;;180;;
SCM;11.09.2006 00:00;;;;;;;;;973.8;;;;1022.4;1.3;7.5;4.7;27;;;;;;;;;;;;;;;;135;;
SCM;12.09.2006 00:00;;;;;;;;;971.4;;;;1020;1.4;7;5;25.2;;;;;;;;;;;;;;;;146;;
SCM;13.09.2006 00:00;;;;;;;;;967.9;;;;1016.3;1.3;9.7;4.7;34.9;;;;;;;;;;;;;;;;98;;
SCM;14.09.2006 00:00;;;;;;;;;960.2;;;;1008.2;3.4;13.5;12.2;48.6;;;;;;;;;;;;;;;;109;;
SCM;15.09.2006 00:00;;;;;;;;;955.3;;;;1003.1;2.3;12.6;8.3;45.4;;;;;;;;;;;;;;;;143;;
SCM;16.09.2006 00:00;;;;;;;;;961.3;;;;1009.3;1.3;4.8;4.7;17.3;;;;;;;;;;;;;;;;246;;
SCM;17.09.2006 00:00;;;;;;;;;962.6;;;;1010.7;1.7;7.6;6.1;27.4;;;;;;;;;;;;;;;;261;;
SCM;18.09.2006 00:00;;;;;;;;;966.9;;;;1015.3;1;7;3.6;25.2;;;;;;;;;;;;;;;;90;;
SCM;19.09.2006 00:00;;;;;;;;;970.1;;;;1018.6;0.8;4.2;2.9;15.1;;;;;;;;;;;;;;;;101;;
SCM;20.09.2006 00:00;;;;;;;;;970.3;;;;1018.8;1;6;3.6;21.6;;;;;;;;;;;;;;;;90;;
SCM;21.09.2006 00:00;;;;;;;;;968;;;;1016.4;1.2;9;4.3;32.4;;;;;;;;;;;;;;;;76;;
SCM;22.09.2006 00:00;;;;;;;;;966.1;;;;1014.4;1.5;8.6;5.4;31;;;;;;;;;;;;;;;;90;;
SCM;23.09.2006 00:00;;;;;;;;;964.8;;;;1013;0.8;5.1;2.9;18.4;;;;;;;;;;;;;;;;270;;
SCM;24.09.2006 00:00;;;;;;;;;962.1;;;;1010.2;1.8;10.6;6.5;38.2;;;;;;;;;;;;;;;;27;;
SCM;25.09.2006 00:00;;;;;;;;;962.9;;;;1011;1.6;10.7;5.8;38.5;;;;;;;;;;;;;;;;265;;
SCM;26.09.2006 00:00;;;;;;;;;969.3;;;;1017.7;1;4.2;3.6;15.1;;;;;;;;;;;;;;;;252;;
SCM;27.09.2006 00:00;;;;;;;;;968.1;;;;1016.5;0.7;3.3;2.5;11.9;;;;;;;;;;;;;;;;243;;
SCM;28.09.2006 00:00;;;;;;;;;965.5;;;;1013.8;1.3;5.1;4.7;18.4;;;;;;;;;;;;;;;;239;;
SCM;29.09.2006 00:00;;;;;;;;;965.5;;;;1013.8;1;4.2;3.6;15.1;;;;;;;;;;;;;;;;90;;
SCM;30.09.2006 00:00;;;;;;;;;966.8;;;;1015.1;1;6.5;3.6;23.4;;;;;;;;;;;;;;;;90;;
SCM;01.10.2006 00:00;;;;;;;;;968.6;;;;1017.1;1.5;10.1;5.4;36.4;;;;;;;;;;;;;;;;90;;
SCM;02.10.2006 00:00;;;;;;;;;966.1;;;;1014.4;1.7;7.8;6.1;28.1;;;;;;;;;;;;;;;;112;;
SCM;03.10.2006 00:00;;;;;;;;;957.4;;;;1005.3;3.2;22.6;11.5;81.4;;;;;;;;;;;;;;;;268;;
SCM;04.10.2006 00:00;;;;;;;;;966.7;;;;1015;1.3;9.3;4.7;33.5;;;;;;;;;;;;;;;;270;;
SCM;05.10.2006 00:00;;;;;;;;;973.7;;;;1022.3;0.8;3.7;2.9;13.3;;;;;;;;;;;;;;;;90;;
SCM;06.10.2006 00:00;;;;;;;;;971.3;;;;1019.9;1.2;8.5;4.3;30.6;;;;;;;;;;;;;;;;83;;
SCM;07.10.2006 00:00;;;;;;;;;971;;;;1019.6;1;7.3;3.6;26.3;;;;;;;;;;;;;;;;90;;
SCM;08.10.2006 00:00;;;;;;;;;974.2;;;;1022.9;1.2;5.6;4.3;20.2;;;;;;;;;;;;;;;;180;;
SCM;09.10.2006 00:00;;;;;;;;;974.1;;;;1022.8;0.9;4.6;3.2;16.6;;;;;;;;;;;;;;;;76;;
SCM;10.10.2006 00:00;;;;;;;;;972.5;;;;1021.1;0.8;5.6;2.9;20.2;;;;;;;;;;;;;;;;72;;
SCM;11.10.2006 00:00;;;;;;;;;968.2;;;;1016.6;1;6;3.6;21.6;;;;;;;;;;;;;;;;90;;
SCM;12.10.2006 00:00;;;;;;;;;973.4;;;;1022.1;0.8;4;2.9;14.4;;;;;;;;;;;;;;;;63;;
SCM;13.10.2006 00:00;;;;;;;;;977.7;;;;1026.5;1;3.1;3.6;11.2;;;;;;;;;;;;;;;;236;;
SCM;14.10.2006 00:00;;;;;;;;;975.5;;;;1024.2;1;5.1;3.6;18.4;;;;;;;;;;;;;;;;45;;
SCM;15.10.2006 00:00;;;;;;;;;975.5;;;;1024.2;1.1;7.5;4;27;;;;;;;;;;;;;;;;63;;
SCM;16.10.2006 00:00;;;;;;;;;973.6;;;;1022.2;1.2;5.7;4.3;20.5;;;;;;;;;;;;;;;;270;;
SCM;17.10.2006 00:00;;;;;;;;;969.8;;;;1018.3;1;6.5;3.6;23.4;;;;;;;;;;;;;;;;135;;
SCM;18.10.2006 00:00;;;;;;;;;963.5;;;;1011.7;0.8;4.3;2.9;15.5;;;;;;;;;;;;;;;;90;;
SCM;19.10.2006 00:00;;;;;;;;;957.1;;;;1004.9;0.8;3.7;2.9;13.3;;;;;;;;;;;;;;;;90;;
SCM;20.10.2006 00:00;;;;;;;;;956.5;;;;1004.4;1;7.1;3.6;25.6;;;;;;;;;;;;;;;;90;;
SCM;21.10.2006 00:00;;;;;;;;;960.2;;;;1008.2;0.9;6.2;3.2;22.3;;;;;;;;;;;;;;;;108;;
SCM;22.10.2006 00:00;;;;;;;;;960.8;;;;1008.8;1.2;5.7;4.3;20.5;;;;;;;;;;;;;;;;79;;
SCM;23.10.2006 00:00;;;;;;;;;956.7;;;;1004.5;1.7;9;6.1;32.4;;;;;;;;;;;;;;;;257;;
SCM;24.10.2006 00:00;;;;;;;;;960.4;;;;1008.5;2.4;15.1;8.6;54.4;;;;;;;;;;;;;;;;270;;
SCM;25.10.2006 00:00;;;;;;;;;964.9;;;;1013.2;1.6;7.3;5.8;26.3;;;;;;;;;;;;;;;;243;;
SCM;26.10.2006 00:00;;;;;;;;;966.3;;;;1014.6;1.9;9.5;6.8;34.2;;;;;;;;;;;;;;;;261;;
SCM;27.10.2006 00:00;;;;;;;;;976.6;;;;1025.4;0.8;3.5;2.9;12.6;;;;;;;;;;;;;;;;90;;
SCM;28.10.2006 00:00;;;;;;;;;979.3;;;;1028.3;0.5;2.2;1.8;7.9;;;;;;;;;;;;;;;;225;;
SCM;29.10.2006 00:00;;;;;;;;;975.2;;;;1023.9;0.6;3.3;2.2;11.9;;;;;;;;;;;;;;;;104;;
SCM;30.10.2006 00:00;;;;;;;;;972.2;;;;1020.8;0.9;6.2;3.2;22.3;;;;;;;;;;;;;;;;225;;
SCM;31.10.2006 00:00;;;;;;;;;965.8;;;;1014.1;0.7;5.7;2.5;20.5;;;;;;;;;;;;;;;;90;;
SCM;01.11.2006 00:00;;;;;;;;;970.6;;;;1019.1;2.1;10.5;7.6;37.8;;;;;;;;;;;;;;;;280;;
SCM;02.11.2006 00:00;;;;;;;;;979.6;;;;1028.6;1.2;5.6;4.3;20.2;;;;;;;;;;;;;;;;315;;
SCM;03.11.2006 00:00;;;;;;;;;981.1;;;;1030.2;1;3.7;3.6;13.3;;;;;;;;;;;;;;;;90;;
SCM;04.11.2006 00:00;;;;;;;;;984;;;;1033.2;1.4;8.1;5;29.2;;;;;;;;;;;;;;;;97;;
SCM;05.11.2006 00:00;;;;;;;;;982.8;;;;1032;1;4.5;3.6;16.2;;;;;;;;;;;;;;;;90;;
SCM;06.11.2006 00:00;;;;;;;;;980.8;;;;1029.8;1;3.8;3.6;13.7;;;;;;;;;;;;;;;;90;;
SCM;07.11.2006 00:00;;;;;;;;;976.8;;;;1025.6;1;8.8;3.6;31.7;;;;;;;;;;;;;;;;90;;
SCM;08.11.2006 00:00;;;;;;;;;978.8;;;;1027.7;0.9;3.3;3.2;11.9;;;;;;;;;;;;;;;;79;;
SCM;09.11.2006 00:00;;;;;;;;;980.9;;;;1030;0.9;4.2;3.2;15.1;;;;;;;;;;;;;;;;82;;
SCM;10.11.2006 00:00;;;;;;;;;983.7;;;;1032.9;1.3;6.5;4.7;23.4;;;;;;;;;;;;;;;;76;;
SCM;11.11.2006 00:00;;;;;;;;;976.2;;;;1025;1.1;4.7;4;16.9;;;;;;;;;;;;;;;;79;;
SCM;12.11.2006 00:00;;;;;;;;;971.9;;;;1020.4;3.3;16;11.9;57.6;;;;;;;;;;;;;;;;276;;
SCM;13.11.2006 00:00;;;;;;;;;971.4;;;;1019.9;1.6;8.5;5.8;30.6;;;;;;;;;;;;;;;;309;;
SCM;14.11.2006 00:00;;;;;;;;;970.5;;;;1019;1.1;4.1;4;14.8;;;;;;;;;;;;;;;;77;;
SCM;15.11.2006 00:00;;;;;;;;;969;;;;1017.5;2.4;14.1;8.6;50.8;;;;;;;;;;;;;;;;263;;
SCM;16.11.2006 00:00;;;;;;;;;963.7;;;;1011.9;3;14.3;10.8;51.5;;;;;;;;;;;;;;;;251;;
SCM;17.11.2006 00:00;;;;;;;;;964.3;;;;1012.5;1.7;8.3;6.1;29.9;;;;;;;;;;;;;;;;259;;
SCM;18.11.2006 00:00;;;;;;;;;970.3;;;;1018.8;0.6;3;2.2;10.8;;;;;;;;;;;;;;;;72;;
SCM;19.11.2006 00:00;;;;;;;;;972.8;;;;1021.4;1.4;10.3;5;37.1;;;;;;;;;;;;;;;;270;;
SCM;20.11.2006 00:00;;;;;;;;;971.2;;;;1019.7;1.1;9.6;4;34.6;;;;;;;;;;;;;;;;124;;
SCM;21.11.2006 00:00;;;;;;;;;957.2;;;;1005.2;1.3;11.5;4.7;41.4;;;;;;;;;;;;;;;;82;;
SCM;22.11.2006 00:00;;;;;;;;;957.5;;;;1005.4;2;11.2;7.2;40.3;;;;;;;;;;;;;;;;297;;
SCM;23.11.2006 00:00;;;;;;;;;956;;;;1003.8;1.8;13.2;6.5;47.5;;;;;;;;;;;;;;;;90;;
SCM;24.11.2006 00:00;;;;;;;;;958.4;;;;1006.3;2;10.3;7.2;37.1;;;;;;;;;;;;;;;;288;;
SCM;25.11.2006 00:00;;;;;;;;;961.7;;;;1009.7;3.1;14;11.2;50.4;;;;;;;;;;;;;;;;258;;
SCM;26.11.2006 00:00;;;;;;;;;972.6;;;;1021.2;1;5;3.6;18;;;;;;;;;;;;;;;;270;;
SCM;27.11.2006 00:00;;;;;;;;;976.3;;;;1025.1;1;5.8;3.6;20.9;;;;;;;;;;;;;;;;270;;
SCM;28.11.2006 00:00;;;;;;;;;975.5;;;;1024.3;0.8;4.1;2.9;14.8;;;;;;;;;;;;;;;;72;;
SCM;29.11.2006 00:00;;;;;;;;;981.6;;;;1030.6;1;4.3;3.6;15.5;;;;;;;;;;;;;;;;72;;
SCM;30.11.2006 00:00;;;;;;;;;982.9;;;;1032.1;1;4.1;3.6;14.8;;;;;;;;;;;;;;;;270;;
SCM;01.12.2006 00:00;;;;;;;;;981.6;;;;1030.7;1;5.7;3.6;20.5;;;;;;;;;;;;;;;;135;;
SCM;02.12.2006 00:00;;;;;;;;;975.5;;;;1024.3;1.2;6.1;4.3;22;;;;;;;;;;;;;;;;90;;
SCM;03.12.2006 00:00;;;;;;;;;968;;;;1016.4;1.3;7.6;4.7;27.4;;;;;;;;;;;;;;;;90;;
SCM;04.12.2006 00:00;;;;;;;;;965.6;;;;1013.8;1.7;13.8;6.1;49.7;;;;;;;;;;;;;;;;79;;
SCM;05.12.2006 00:00;;;;;;;;;964.5;;;;1012.7;1.3;7;4.7;25.2;;;;;;;;;;;;;;;;72;;
SCM;06.12.2006 00:00;;;;;;;;;963.8;;;;1011.9;1.6;11.5;5.8;41.4;;;;;;;;;;;;;;;;297;;
SCM;07.12.2006 00:00;;;;;;;;;964.2;;;;1012.4;1.9;9.1;6.8;32.8;;;;;;;;;;;;;;;;112;;
SCM;08.12.2006 00:00;;;;;;;;;954.4;;;;1002.1;2.2;21.3;7.9;76.7;;;;;;;;;;;;;;;;180;;
SCM;09.12.2006 00:00;;;;;;;;;964.4;;;;1012.6;1;3;3.6;10.8;;;;;;;;;;;;;;;;83;;
SCM;10.12.2006 00:00;;;;;;;;;980.3;;;;1029.3;1.1;5.3;4;19.1;;;;;;;;;;;;;;;;96;;
SCM;11.12.2006 00:00;;;;;;;;;980.8;;;;1029.8;1.6;7;5.8;25.2;;;;;;;;;;;;;;;;85;;
SCM;12.12.2006 00:00;;;;;;;;;978.3;;;;1027.2;1.2;7.8;4.3;28.1;;;;;;;;;;;;;;;;79;;
SCM;13.12.2006 00:00;;;;;;;;;982.8;;;;1032;1;5.1;3.6;18.4;;;;;;;;;;;;;;;;90;;
SCM;14.12.2006 00:00;;;;;;;;;983.5;;;;1032.6;0.9;5.2;3.2;18.7;;;;;;;;;;;;;;;;90;;
SCM;15.12.2006 00:00;;;;;;;;;982.4;;;;1031.6;1.1;4.1;4;14.8;;;;;;;;;;;;;;;;79;;
SCM;16.12.2006 00:00;;;;;;;;;978.4;;;;1027.4;1.1;4.2;4;15.1;;;;;;;;;;;;;;;;72;;
SCM;17.12.2006 00:00;;;;;;;;;977.7;;;;1026.5;1.4;4.1;5;14.8;;;;;;;;;;;;;;;;270;;
SCM;18.12.2006 00:00;;;;;;;;;976.7;;;;1025.6;1.9;9.1;6.8;32.8;;;;;;;;;;;;;;;;63;;
SCM;19.12.2006 00:00;;;;;;;;;978.5;;;;1027.4;3.9;12.3;14;44.3;;;;;;;;;;;;;;;;64;;
SCM;20.12.2006 00:00;;;;;;;;;983.9;;;;1033.1;1.6;7.2;5.8;25.9;;;;;;;;;;;;;;;;61;;
SCM;21.12.2006 00:00;;;;;;;;;985.9;;;;1035.2;1.1;4.8;4;17.3;;;;;;;;;;;;;;;;90;;
SCM;22.12.2006 00:00;;;;;;;;;987;;;;1036.3;1;5.1;3.6;18.4;;;;;;;;;;;;;;;;81;;
SCM;23.12.2006 00:00;;;;;;;;;987.3;;;;1036.6;0.8;2.6;2.9;9.4;;;;;;;;;;;;;;;;90;;
SCM;24.12.2006 00:00;;;;;;;;;985.5;;;;1034.8;1;3.2;3.6;11.5;;;;;;;;;;;;;;;;98;;
SCM;25.12.2006 00:00;;;;;;;;;983.9;;;;1033.1;1.3;3.6;4.7;13;;;;;;;;;;;;;;;;108;;
SCM;26.12.2006 00:00;;;;;;;;;984.9;;;;1034.1;1.3;3.6;4.7;13;;;;;;;;;;;;;;;;103;;
SCM;27.12.2006 00:00;;;;;;;;;984.3;;;;1033.5;0.9;3.5;3.2;12.6;;;;;;;;;;;;;;;;68;;
SCM;28.12.2006 00:00;;;;;;;;;981.9;;;;1031;0.9;3.1;3.2;11.2;;;;;;;;;;;;;;;;90;;
SCM;29.12.2006 00:00;;;;;;;;;980.5;;;;1029.5;0.8;3.3;2.9;11.9;;;;;;;;;;;;;;;;360;;
SCM;30.12.2006 00:00;;;;;;;;;980.8;;;;1029.8;1.1;4.2;4;15.1;;;;;;;;;;;;;;;;68;;
SCM;31.12.2006 00:00;;;;;;;;;983.8;;;;1033;1.4;6;5;21.6;;;;;;;;;;;;;;;;75;;
SCM;01.01.2007 00:00;;;;;;;;;975.6;;;;1024.3;2.2;16.6;7.9;59.8;;;;;;;;;;;;;;;;297;;
SCM;02.01.2007 00:00;;;;;;;;;976;;;;1024.8;3.7;22.2;13.3;79.9;;;;;;;;;;;;;;;;280;;
SCM;03.01.2007 00:00;;;;;;;;;982.8;;;;1031.9;1.9;9.7;6.8;34.9;;;;;;;;;;;;;;;;76;;
SCM;04.01.2007 00:00;;;;;;;;;972.3;;;;1020.9;2.2;12.7;7.9;45.7;;;;;;;;;;;;;;;;27;;
SCM;05.01.2007 00:00;;;;;;;;;977.5;;;;1026.4;2;8.3;7.2;29.9;;;;;;;;;;;;;;;;282;;
SCM;06.01.2007 00:00;;;;;;;;;977;;;;1025.9;1.3;6;4.7;21.6;;;;;;;;;;;;;;;;80;;
SCM;07.01.2007 00:00;;;;;;;;;974;;;;1022.7;1.1;5;4;18;;;;;;;;;;;;;;;;77;;
SCM;08.01.2007 00:00;;;;;;;;;967.8;;;;1016.1;1.4;10.2;5;36.7;;;;;;;;;;;;;;;;84;;
SCM;09.01.2007 00:00;;;;;;;;;973.2;;;;1021.9;1.8;13.1;6.5;47.2;;;;;;;;;;;;;;;;86;;
SCM;10.01.2007 00:00;;;;;;;;;974.5;;;;1023.3;1.2;9.3;4.3;33.5;;;;;;;;;;;;;;;;74;;
SCM;11.01.2007 00:00;;;;;;;;;975.9;;;;1024.7;3.3;16.2;11.9;58.3;;;;;;;;;;;;;;;;277;;
SCM;12.01.2007 00:00;;;;;;;;;980.7;;;;1029.8;2.6;13.7;9.4;49.3;;;;;;;;;;;;;;;;278;;
SCM;13.01.2007 00:00;;;;;;;;;979.2;;;;1028.2;1;4.7;3.6;16.9;;;;;;;;;;;;;;;;79;;
SCM;14.01.2007 00:00;;;;;;;;;982.3;;;;1031.5;0.7;3;2.5;10.8;;;;;;;;;;;;;;;;76;;
SCM;15.01.2007 00:00;;;;;;;;;980.2;;;;1029.2;1.1;4.3;4;15.5;;;;;;;;;;;;;;;;104;;
SCM;16.01.2007 00:00;;;;;;;;;976.9;;;;1025.7;1.3;4.5;4.7;16.2;;;;;;;;;;;;;;;;80;;
SCM;17.01.2007 00:00;;;;;;;;;975;;;;1023.8;1.2;6;4.3;21.6;;;;;;;;;;;;;;;;76;;
SCM;18.01.2007 00:00;;;;;;;;;967.6;;;;1016;3.1;17.5;11.2;63;;;;;;;;;;;;;;;;301;;
SCM;19.01.2007 00:00;;;;;;;;;973.1;;;;1021.7;7.4;20.6;26.6;74.2;;;;;;;;;;;;;;;;277;;
SCM;20.01.2007 00:00;;;;;;;;;974.4;;;;1023.1;1.8;9.3;6.5;33.5;;;;;;;;;;;;;;;;283;;
SCM;21.01.2007 00:00;;;;;;;;;971.2;;;;1019.7;2.1;10.5;7.6;37.8;;;;;;;;;;;;;;;;280;;
SCM;22.01.2007 00:00;;;;;;;;;965.7;;;;1014;1.9;10.7;6.8;38.5;;;;;;;;;;;;;;;;75;;
SCM;23.01.2007 00:00;;;;;;;;;952.8;;;;1000.5;2.6;10.6;9.4;38.2;;;;;;;;;;;;;;;;55;;
SCM;24.01.2007 00:00;;;;;;;;;955.8;;;;1003.6;2.1;8.5;7.6;30.6;;;;;;;;;;;;;;;;273;;
SCM;25.01.2007 00:00;;;;;;;;;966.4;;;;1014.7;2.3;8.8;8.3;31.7;;;;;;;;;;;;;;;;60;;
SCM;26.01.2007 00:00;;;;;;;;;974.2;;;;1022.9;0.9;5.1;3.2;18.4;;;;;;;;;;;;;;;;27;;
SCM;27.01.2007 00:00;;;;;;;;;981.3;;;;1030.4;1.1;3;4;10.8;;;;;;;;;;;;;;;;84;;
SCM;28.01.2007 00:00;;;;;;;;;982.6;;;;1031.7;1.2;5.2;4.3;18.7;;;;;;;;;;;;;;;;84;;
SCM;29.01.2007 00:00;;;;;;;;;977.7;;;;1026.6;1.4;9.2;5;33.1;;;;;;;;;;;;;;;;99;;
SCM;30.01.2007 00:00;;;;;;;;;975.7;;;;1024.5;0.8;4.5;2.9;16.2;;;;;;;;;;;;;;;;76;;
SCM;31.01.2007 00:00;;;;;;;;;976;;;;1024.8;1.2;4.8;4.3;17.3;;;;;;;;;;;;;;;;180;;
SCM;01.02.2007 00:00;;;;;;;;;979.7;;;;1028.6;1.2;7;4.3;25.2;;;;;;;;;;;;;;;;124;;
SCM;02.02.2007 00:00;;;;;;;;;981.9;;;;1031;0.9;4.5;3.2;16.2;;;;;;;;;;;;;;;;117;;
SCM;03.02.2007 00:00;;;;;;;;;983.6;;;;1032.8;1.9;11.6;6.8;41.8;;;;;;;;;;;;;;;;61;;
SCM;04.02.2007 00:00;;;;;;;;;979.8;;;;1028.8;1.4;7;5;25.2;;;;;;;;;;;;;;;;117;;
SCM;05.02.2007 00:00;;;;;;;;;969.7;;;;1018.2;0.9;3.8;3.2;13.7;;;;;;;;;;;;;;;;76;;
SCM;06.02.2007 00:00;;;;;;;;;958.7;;;;1006.6;1.1;3.5;4;12.6;;;;;;;;;;;;;;;;180;;
SCM;07.02.2007 00:00;;;;;;;;;953.2;;;;1000.9;1.3;10.3;4.7;37.1;;;;;;;;;;;;;;;;90;;
SCM;08.02.2007 00:00;;;;;;;;;952.8;;;;1000.4;1.8;14.1;6.5;50.8;;;;;;;;;;;;;;;;0;;
SCM;09.02.2007 00:00;;;;;;;;;958.5;;;;1006.5;1.4;10.6;5;38.2;;;;;;;;;;;;;;;;99;;
SCM;10.02.2007 00:00;;;;;;;;;960.6;;;;1008.6;1.4;7.6;5;27.4;;;;;;;;;;;;;;;;81;;
SCM;11.02.2007 00:00;;;;;;;;;960.8;;;;1008.8;2.3;13.1;8.3;47.2;;;;;;;;;;;;;;;;87;;
SCM;12.02.2007 00:00;;;;;;;;;955.6;;;;1003.3;3.9;18.8;14;67.7;;;;;;;;;;;;;;;;301;;
SCM;13.02.2007 00:00;;;;;;;;;964.5;;;;1012.8;3.9;15.8;14;56.9;;;;;;;;;;;;;;;;281;;
SCM;14.02.2007 00:00;;;;;;;;;961.4;;;;1009.5;2.3;13;8.3;46.8;;;;;;;;;;;;;;;;180;;
SCM;15.02.2007 00:00;;;;;;;;;973.1;;;;1021.8;1.5;11.2;5.4;40.3;;;;;;;;;;;;;;;;252;;
SCM;16.02.2007 00:00;;;;;;;;;972.7;;;;1021.3;1.2;6.5;4.3;23.4;;;;;;;;;;;;;;;;256;;
SCM;17.02.2007 00:00;;;;;;;;;968.3;;;;1016.7;1;5.3;3.6;19.1;;;;;;;;;;;;;;;;252;;
SCM;18.02.2007 00:00;;;;;;;;;966.3;;;;1014.6;1.2;5.5;4.3;19.8;;;;;;;;;;;;;;;;262;;
SCM;19.02.2007 00:00;;;;;;;;;965.3;;;;1013.6;0.9;4.2;3.2;15.1;;;;;;;;;;;;;;;;270;;
SCM;20.02.2007 00:00;;;;;;;;;963.8;;;;1011.9;0.8;4.6;2.9;16.6;;;;;;;;;;;;;;;;270;;
SCM;21.02.2007 00:00;;;;;;;;;966.2;;;;1014.5;0.8;5.5;2.9;19.8;;;;;;;;;;;;;;;;0;;
SCM;22.02.2007 00:00;;;;;;;;;965;;;;1013.3;0.9;5.1;3.2;18.4;;;;;;;;;;;;;;;;63;;
SCM;23.02.2007 00:00;;;;;;;;;963.4;;;;1011.6;1;4.7;3.6;16.9;;;;;;;;;;;;;;;;63;;
SCM;24.02.2007 00:00;;;;;;;;;960.9;;;;1009;2.3;17.5;8.3;63;;;;;;;;;;;;;;;;90;;
SCM;25.02.2007 00:00;;;;;;;;;958.3;;;;1006.3;2.3;14.7;8.3;52.9;;;;;;;;;;;;;;;;79;;
SCM;26.02.2007 00:00;;;;;;;;;964.3;;;;1012.5;2;10.5;7.2;37.8;;;;;;;;;;;;;;;;288;;
SCM;27.02.2007 00:00;;;;;;;;;970.3;;;;1018.8;2.7;11.7;9.7;42.1;;;;;;;;;;;;;;;;270;;
SCM;28.02.2007 00:00;;;;;;;;;961.7;;;;1009.8;2.7;20.3;9.7;73.1;;;;;;;;;;;;;;;;291;;
SCM;01.03.2007 00:00;;;;;;;;;957;;;;1004.8;1.4;10.7;5;38.5;;;;;;;;;;;;;;;;79;;
SCM;02.03.2007 00:00;;;;;;;;;962.1;;;;1010.2;1.4;7.2;5;25.9;;;;;;;;;;;;;;;;81;;
SCM;03.03.2007 00:00;;;;;;;;;964.2;;;;1012.4;4.5;17.5;16.2;63;;;;;;;;;;;;;;;;265;;
SCM;04.03.2007 00:00;;;;;;;;;970.8;;;;1019.3;3;15.7;10.8;56.5;;;;;;;;;;;;;;;;100;;
SCM;05.03.2007 00:00;;;;;;;;;973.1;;;;1021.7;2;12.3;7.2;44.3;;;;;;;;;;;;;;;;270;;
SCM;06.03.2007 00:00;;;;;;;;;968;;;;1016.4;1.3;7.3;4.7;26.3;;;;;;;;;;;;;;;;252;;
SCM;07.03.2007 00:00;;;;;;;;;959.2;;;;1007.1;1.2;5.7;4.3;20.5;;;;;;;;;;;;;;;;225;;
SCM;08.03.2007 00:00;;;;;;;;;970.9;;;;1019.4;0.8;4.3;2.9;15.5;;;;;;;;;;;;;;;;259;;
SCM;09.03.2007 00:00;;;;;;;;;978.9;;;;1027.8;1;9;3.6;32.4;;;;;;;;;;;;;;;;256;;
SCM;10.03.2007 00:00;;;;;;;;;986.4;;;;1035.7;1.8;8;6.5;28.8;;;;;;;;;;;;;;;;270;;
SCM;11.03.2007 00:00;;;;;;;;;983.4;;;;1032.5;2.4;10;8.6;36;;;;;;;;;;;;;;;;87;;
SCM;12.03.2007 00:00;;;;;;;;;978;;;;1026.9;1;7.8;3.6;28.1;;;;;;;;;;;;;;;;0;;
SCM;13.03.2007 00:00;;;;;;;;;979.2;;;;1028.1;0.7;5;2.5;18;;;;;;;;;;;;;;;;0;;
SCM;14.03.2007 00:00;;;;;;;;;981.4;;;;1030.5;0.9;4.2;3.2;15.1;;;;;;;;;;;;;;;;252;;
SCM;15.03.2007 00:00;;;;;;;;;978.4;;;;1027.3;0.5;2.3;1.8;8.3;;;;;;;;;;;;;;;;270;;
SCM;16.03.2007 00:00;;;;;;;;;976.2;;;;1025;0.8;4.1;2.9;14.8;;;;;;;;;;;;;;;;243;;
SCM;17.03.2007 00:00;;;;;;;;;976.4;;;;1025.2;1.5;5.5;5.4;19.8;;;;;;;;;;;;;;;;246;;
SCM;18.03.2007 00:00;;;;;;;;;963.3;;;;1011.4;3.3;15.2;11.9;54.7;;;;;;;;;;;;;;;;263;;
SCM;19.03.2007 00:00;;;;;;;;;947.7;;;;995.1;1.7;12.1;6.1;43.6;;;;;;;;;;;;;;;;0;;
SCM;20.03.2007 00:00;;;;;;;;;949.7;;;;997.2;2.7;8.2;9.7;29.5;;;;;;;;;;;;;;;;265;;
SCM;21.03.2007 00:00;;;;;;;;;957.9;;;;1005.8;1.6;5.2;5.8;18.7;;;;;;;;;;;;;;;;274;;
SCM;22.03.2007 00:00;;;;;;;;;962.7;;;;1010.8;2;9.2;7.2;33.1;;;;;;;;;;;;;;;;284;;
SCM;23.03.2007 00:00;;;;;;;;;959.9;;;;1007.9;1.4;8;5;28.8;;;;;;;;;;;;;;;;286;;
SCM;24.03.2007 00:00;;;;;;;;;960;;;;1008;0.9;2.6;3.2;9.4;;;;;;;;;;;;;;;;135;;
SCM;25.03.2007 00:00;;;;;;;;;964.9;;;;1013.2;1.1;5.8;4;20.9;;;;;;;;;;;;;;;;0;;
SCM;26.03.2007 00:00;;;;;;;;;967.3;;;;1015.7;1.2;6.5;4.3;23.4;;;;;;;;;;;;;;;;243;;
SCM;27.03.2007 00:00;;;;;;;;;967.3;;;;1015.7;1;5.8;3.6;20.9;;;;;;;;;;;;;;;;0;;
SCM;28.03.2007 00:00;;;;;;;;;966.9;;;;1015.2;1.2;7;4.3;25.2;;;;;;;;;;;;;;;;248;;
SCM;29.03.2007 00:00;;;;;;;;;966.1;;;;1014.4;1.4;5.6;5;20.2;;;;;;;;;;;;;;;;231;;
SCM;30.03.2007 00:00;;;;;;;;;961.7;;;;1009.7;2.6;20;9.4;72;;;;;;;;;;;;;;;;260;;
SCM;31.03.2007 00:00;;;;;;;;;966.9;;;;1015.2;2;7.2;7.2;25.9;;;;;;;;;;;;;;;;241;;
SCM;01.04.2007 00:00;;;;;;;;;973.3;;;;1022;1.2;4.5;4.3;16.2;;;;;;;;;;;;;;;;252;;
SCM;02.04.2007 00:00;;;;;;;;;973.3;;;;1021.9;1.3;6;4.7;21.6;;;;;;;;;;;;;;;;257;;
SCM;03.04.2007 00:00;;;;;;;;;964;;;;1012.2;1.5;10.3;5.4;37.1;;;;;;;;;;;;;;;;214;;
SCM;04.04.2007 00:00;;;;;;;;;962.9;;;;1011;3.2;13.3;11.5;47.9;;;;;;;;;;;;;;;;66;;
SCM;05.04.2007 00:00;;;;;;;;;969.4;;;;1017.8;1.6;7.3;5.8;26.3;;;;;;;;;;;;;;;;243;;
SCM;06.04.2007 00:00;;;;;;;;;971.8;;;;1020.3;1.1;4;4;14.4;;;;;;;;;;;;;;;;262;;
SCM;07.04.2007 00:00;;;;;;;;;971.5;;;;1020.1;1.3;7.8;4.7;28.1;;;;;;;;;;;;;;;;252;;
SCM;08.04.2007 00:00;;;;;;;;;972.8;;;;1021.4;1.5;7.2;5.4;25.9;;;;;;;;;;;;;;;;34;;
SCM;09.04.2007 00:00;;;;;;;;;971.5;;;;1020.1;1.4;7.1;5;25.6;;;;;;;;;;;;;;;;231;;
SCM;10.04.2007 00:00;;;;;;;;;972.2;;;;1020.8;1.7;6;6.1;21.6;;;;;;;;;;;;;;;;243;;
SCM;11.04.2007 00:00;;;;;;;;;972.2;;;;1020.9;1.4;7.1;5;25.6;;;;;;;;;;;;;;;;270;;
SCM;12.04.2007 00:00;;;;;;;;;970.9;;;;1019.5;1.1;7.7;4;27.7;;;;;;;;;;;;;;;;270;;
SCM;13.04.2007 00:00;;;;;;;;;968.7;;;;1017.1;2.2;12.2;7.9;43.9;;;;;;;;;;;;;;;;135;;
SCM;14.04.2007 00:00;;;;;;;;;970.3;;;;1018.8;1.6;8;5.8;28.8;;;;;;;;;;;;;;;;0;;
SCM;15.04.2007 00:00;;;;;;;;;971.9;;;;1020.5;1.1;6.3;4;22.7;;;;;;;;;;;;;;;;270;;
SCM;16.04.2007 00:00;;;;;;;;;970.7;;;;1019.3;1.1;4.8;4;17.3;;;;;;;;;;;;;;;;261;;
SCM;17.04.2007 00:00;;;;;;;;;969.5;;;;1017.9;1.4;5.1;5;18.4;;;;;;;;;;;;;;;;256;;
SCM;18.04.2007 00:00;;;;;;;;;971.2;;;;1019.8;1.8;8.1;6.5;29.2;;;;;;;;;;;;;;;;45;;
SCM;19.04.2007 00:00;;;;;;;;;969.5;;;;1017.9;1.6;5.7;5.8;20.5;;;;;;;;;;;;;;;;247;;
SCM;20.04.2007 00:00;;;;;;;;;969.2;;;;1017.6;1.7;6.8;6.1;24.5;;;;;;;;;;;;;;;;243;;
SCM;21.04.2007 00:00;;;;;;;;;970.4;;;;1018.9;0.9;4.2;3.2;15.1;;;;;;;;;;;;;;;;261;;
SCM;22.04.2007 00:00;;;;;;;;;972.8;;;;1021.4;1.4;7;5;25.2;;;;;;;;;;;;;;;;247;;
SCM;23.04.2007 00:00;;;;;;;;;974.2;;;;1022.9;1.4;6.3;5;22.7;;;;;;;;;;;;;;;;243;;
SCM;24.04.2007 00:00;;;;;;;;;971.1;;;;1019.6;1.4;5.7;5;20.5;;;;;;;;;;;;;;;;90;;
SCM;25.04.2007 00:00;;;;;;;;;966.7;;;;1015.1;1.7;7.8;6.1;28.1;;;;;;;;;;;;;;;;360;;
SCM;26.04.2007 00:00;;;;;;;;;967.6;;;;1015.9;1.8;9.1;6.5;32.8;;;;;;;;;;;;;;;;225;;
SCM;27.04.2007 00:00;;;;;;;;;971.5;;;;1020.1;1.5;8.1;5.4;29.2;;;;;;;;;;;;;;;;90;;
SCM;28.04.2007 00:00;;;;;;;;;971.9;;;;1020.5;1.4;4.6;5;16.6;;;;;;;;;;;;;;;;243;;
SCM;29.04.2007 00:00;;;;;;;;;966.5;;;;1014.8;2.4;10.8;8.6;38.9;;;;;;;;;;;;;;;;76;;
SCM;30.04.2007 00:00;;;;;;;;;962.6;;;;1010.7;2.1;16.7;7.6;60.1;;;;;;;;;;;;;;;;108;;
SCM;01.05.2007 00:00;;;;;;;;;962.1;;;;1010.1;2.3;10.6;8.3;38.2;;;;;;;;;;;;;;;;60;;
SCM;02.05.2007 00:00;;;;;;;;;961.2;;;;1009.2;2.1;11.8;7.6;42.5;;;;;;;;;;;;;;;;253;;
SCM;03.05.2007 00:00;;;;;;;;;962.5;;;;1010.6;1.9;9.2;6.8;33.1;;;;;;;;;;;;;;;;135;;
SCM;04.05.2007 00:00;;;;;;;;;957.5;;;;1005.3;1.2;5.6;4.3;20.2;;;;;;;;;;;;;;;;225;;
SCM;05.05.2007 00:00;;;;;;;;;959.5;;;;1007.5;1;3.8;3.6;13.7;;;;;;;;;;;;;;;;90;;
SCM;06.05.2007 00:00;;;;;;;;;968.3;;;;1016.7;1.1;5.2;4;18.7;;;;;;;;;;;;;;;;99;;
SCM;07.05.2007 00:00;;;;;;;;;971.5;;;;1020.1;1.2;6;4.3;21.6;;;;;;;;;;;;;;;;0;;
SCM;08.05.2007 00:00;;;;;;;;;970.3;;;;1018.8;4.1;14.2;14.8;51.1;;;;;;;;;;;;;;;;277;;
SCM;09.05.2007 00:00;;;;;;;;;971.8;;;;1020.4;4.4;16.6;15.8;59.8;;;;;;;;;;;;;;;;270;;
SCM;10.05.2007 00:00;;;;;;;;;969.2;;;;1017.6;1.3;7.6;4.7;27.4;;;;;;;;;;;;;;;;117;;
SCM;11.05.2007 00:00;;;;;;;;;964.4;;;;1012.6;3.2;14;11.5;50.4;;;;;;;;;;;;;;;;276;;
SCM;12.05.2007 00:00;;;;;;;;;966.4;;;;1014.7;2.5;13;9;46.8;;;;;;;;;;;;;;;;265;;
SCM;13.05.2007 00:00;;;;;;;;;962.1;;;;1010.2;3.4;14.2;12.2;51.1;;;;;;;;;;;;;;;;117;;
SCM;14.05.2007 00:00;;;;;;;;;962.7;;;;1010.8;3.6;17.2;13;61.9;;;;;;;;;;;;;;;;258;;
SCM;15.05.2007 00:00;;;;;;;;;970;;;;1018.5;2.4;14.2;8.6;51.1;;;;;;;;;;;;;;;;180;;
SCM;16.05.2007 00:00;;;;;;;;;967.6;;;;1016;2.3;12;8.3;43.2;;;;;;;;;;;;;;;;249;;
SCM;17.05.2007 00:00;;;;;;;;;965.5;;;;1013.8;1.7;6.7;6.1;24.1;;;;;;;;;;;;;;;;63;;
SCM;18.05.2007 00:00;;;;;;;;;970.1;;;;1018.6;1.6;5.7;5.8;20.5;;;;;;;;;;;;;;;;241;;
SCM;19.05.2007 00:00;;;;;;;;;966.4;;;;1014.8;1.1;6;4;21.6;;;;;;;;;;;;;;;;315;;
SCM;20.05.2007 00:00;;;;;;;;;965.1;;;;1013.4;1.2;10.1;4.3;36.4;;;;;;;;;;;;;;;;264;;
SCM;21.05.2007 00:00;;;;;;;;;968;;;;1016.4;2.4;13.1;8.6;47.2;;;;;;;;;;;;;;;;247;;
SCM;22.05.2007 00:00;;;;;;;;;971;;;;1019.5;1.2;7.3;4.3;26.3;;;;;;;;;;;;;;;;135;;
SCM;23.05.2007 00:00;;;;;;;;;969.1;;;;1017.5;2;10.1;7.2;36.4;;;;;;;;;;;;;;;;76;;
SCM;24.05.2007 00:00;;;;;;;;;966.6;;;;1014.9;1.6;14.2;5.8;51.1;;;;;;;;;;;;;;;;117;;
SCM;25.05.2007 00:00;;;;;;;;;962.1;;;;1010.2;2.7;12.6;9.7;45.4;;;;;;;;;;;;;;;;90;;
SCM;26.05.2007 00:00;;;;;;;;;956.4;;;;1004.2;4.3;19;15.5;68.4;;;;;;;;;;;;;;;;111;;
SCM;27.05.2007 00:00;;;;;;;;;952.9;;;;1000.6;2.3;11.8;8.3;42.5;;;;;;;;;;;;;;;;256;;
SCM;28.05.2007 00:00;;;;;;;;;953.7;;;;1001.4;1.8;10.8;6.5;38.9;;;;;;;;;;;;;;;;270;;
SCM;29.05.2007 00:00;;;;;;;;;961.5;;;;1009.6;3.8;15.8;13.7;56.9;;;;;;;;;;;;;;;;276;;
SCM;30.05.2007 00:00;;;;;;;;;966.2;;;;1014.6;1.6;6;5.8;21.6;;;;;;;;;;;;;;;;127;;
SCM;31.05.2007 00:00;;;;;;;;;963.8;;;;1012;1.9;11.2;6.8;40.3;;;;;;;;;;;;;;;;270;;
SCM;01.06.2007 00:00;;;;;;;;;967.6;;;;1016;1.4;8.1;5;29.2;;;;;;;;;;;;;;;;264;;
SCM;02.06.2007 00:00;;;;;;;;;972.1;;;;1020.7;0.9;3.7;3.2;13.3;;;;;;;;;;;;;;;;225;;
SCM;03.06.2007 00:00;;;;;;;;;970.9;;;;1019.5;1.4;5;5;18;;;;;;;;;;;;;;;;248;;
SCM;04.06.2007 00:00;;;;;;;;;969.4;;;;1017.9;1.2;8.7;4.3;31.3;;;;;;;;;;;;;;;;248;;
SCM;05.06.2007 00:00;;;;;;;;;966.5;;;;1014.9;1.7;10.1;6.1;36.4;;;;;;;;;;;;;;;;135;;
SCM;06.06.2007 00:00;;;;;;;;;964;;;;1012.2;1.7;5;6.1;18;;;;;;;;;;;;;;;;247;;
SCM;07.06.2007 00:00;;;;;;;;;964.2;;;;1012.4;1.9;6.6;6.8;23.8;;;;;;;;;;;;;;;;234;;
SCM;08.06.2007 00:00;;;;;;;;;968;;;;1016.4;1.2;6.3;4.3;22.7;;;;;;;;;;;;;;;;180;;
SCM;09.06.2007 00:00;;;;;;;;;968.6;;;;1017;1.9;8.5;6.8;30.6;;;;;;;;;;;;;;;;95;;
SCM;10.06.2007 00:00;;;;;;;;;967;;;;1015.3;1.8;8.8;6.5;31.7;;;;;;;;;;;;;;;;153;;
SCM;11.06.2007 00:00;;;;;;;;;966.3;;;;1014.6;1.2;11;4.3;39.6;;;;;;;;;;;;;;;;261;;
SCM;12.06.2007 00:00;;;;;;;;;964.6;;;;1012.8;1.7;10.2;6.1;36.7;;;;;;;;;;;;;;;;217;;
SCM;13.06.2007 00:00;;;;;;;;;962.1;;;;1010.2;2.3;9.2;8.3;33.1;;;;;;;;;;;;;;;;101;;
SCM;14.06.2007 00:00;;;;;;;;;959.5;;;;1007.5;2.5;11.2;9;40.3;;;;;;;;;;;;;;;;96;;
SCM;15.06.2007 00:00;;;;;;;;;961.3;;;;1009.4;3.3;18.1;11.9;65.2;;;;;;;;;;;;;;;;214;;
SCM;16.06.2007 00:00;;;;;;;;;963.9;;;;1012.1;1.8;7.2;6.5;25.9;;;;;;;;;;;;;;;;130;;
SCM;17.06.2007 00:00;;;;;;;;;962.3;;;;1010.4;1.7;10;6.1;36;;;;;;;;;;;;;;;;270;;
SCM;18.06.2007 00:00;;;;;;;;;965.9;;;;1014.2;1.5;8.5;5.4;30.6;;;;;;;;;;;;;;;;135;;
SCM;19.06.2007 00:00;;;;;;;;;965.6;;;;1013.9;2.1;10.1;7.6;36.4;;;;;;;;;;;;;;;;104;;
SCM;20.06.2007 00:00;;;;;;;;;965.3;;;;1013.6;2.4;21.5;8.6;77.4;;;;;;;;;;;;;;;;243;;
SCM;21.06.2007 00:00;;;;;;;;;966.2;;;;1014.5;1.1;20.3;4;73.1;;;;;;;;;;;;;;;;124;;
SCM;22.06.2007 00:00;;;;;;;;;965.8;;;;1014;1.4;14.7;5;52.9;;;;;;;;;;;;;;;;98;;
SCM;23.06.2007 00:00;;;;;;;;;968;;;;1016.4;2;10.7;7.2;38.5;;;;;;;;;;;;;;;;256;;
SCM;24.06.2007 00:00;;;;;;;;;966.9;;;;1015.2;1.5;8.8;5.4;31.7;;;;;;;;;;;;;;;;239;;
SCM;25.06.2007 00:00;;;;;;;;;962.2;;;;1010.3;2.9;17.1;10.4;61.6;;;;;;;;;;;;;;;;153;;
SCM;26.06.2007 00:00;;;;;;;;;962;;;;1010.1;3.6;19;13;68.4;;;;;;;;;;;;;;;;275;;
SCM;27.06.2007 00:00;;;;;;;;;965;;;;1013.2;2.1;12.1;7.6;43.6;;;;;;;;;;;;;;;;270;;
SCM;28.06.2007 00:00;;;;;;;;;968.6;;;;1017.1;1.4;8;5;28.8;;;;;;;;;;;;;;;;233;;
SCM;29.06.2007 00:00;;;;;;;;;969.7;;;;1018.1;1.6;7.2;5.8;25.9;;;;;;;;;;;;;;;;241;;
SCM;30.06.2007 00:00;;;;;;;;;970.3;;;;1018.8;1.2;4.2;4.3;15.1;;;;;;;;;;;;;;;;256;;
SCM;01.07.2007 00:00;;;;;;;;;965.5;;;;1013.8;2.5;15;9;54;;;;;;;;;;;;;;;;162;;
SCM;02.07.2007 00:00;;;;;;;;;965.4;;;;1013.6;1.6;16.1;5.8;58;;;;;;;;;;;;;;;;97;;
SCM;03.07.2007 00:00;;;;;;;;;963;;;;1011.1;1.8;8.5;6.5;30.6;;;;;;;;;;;;;;;;243;;
SCM;04.07.2007 00:00;;;;;;;;;964.6;;;;1012.8;3.8;16.1;13.7;58;;;;;;;;;;;;;;;;270;;
SCM;05.07.2007 00:00;;;;;;;;;970.9;;;;1019.4;1.8;12.8;6.5;46.1;;;;;;;;;;;;;;;;287;;
SCM;06.07.2007 00:00;;;;;;;;;969.5;;;;1017.9;1.8;10.7;6.5;38.5;;;;;;;;;;;;;;;;252;;
SCM;07.07.2007 00:00;;;;;;;;;970.6;;;;1019.1;1;4;3.6;14.4;;;;;;;;;;;;;;;;236;;
SCM;08.07.2007 00:00;;;;;;;;;969.6;;;;1018.1;1.6;12.8;5.8;46.1;;;;;;;;;;;;;;;;90;;
SCM;09.07.2007 00:00;;;;;;;;;967.7;;;;1016.1;1.5;10;5.4;36;;;;;;;;;;;;;;;;180;;
SCM;10.07.2007 00:00;;;;;;;;;968.4;;;;1016.8;1.4;15.6;5;56.2;;;;;;;;;;;;;;;;108;;
SCM;11.07.2007 00:00;;;;;;;;;970.1;;;;1018.6;1.2;11.7;4.3;42.1;;;;;;;;;;;;;;;;111;;
SCM;12.07.2007 00:00;;;;;;;;;972.7;;;;1021.3;1.1;7.5;4;27;;;;;;;;;;;;;;;;207;;
SCM;13.07.2007 00:00;;;;;;;;;971.4;;;;1019.9;1.4;8.5;5;30.6;;;;;;;;;;;;;;;;0;;
SCM;14.07.2007 00:00;;;;;;;;;971;;;;1019.6;1.2;5.2;4.3;18.7;;;;;;;;;;;;;;;;360;;
SCM;15.07.2007 00:00;;;;;;;;;968.8;;;;1017.2;1.2;10.1;4.3;36.4;;;;;;;;;;;;;;;;270;;
SCM;16.07.2007 00:00;;;;;;;;;967.1;;;;1015.5;3;12.8;10.8;46.1;;;;;;;;;;;;;;;;113;;
SCM;17.07.2007 00:00;;;;;;;;;970.5;;;;1019;1.4;6;5;21.6;;;;;;;;;;;;;;;;253;;
SCM;18.07.2007 00:00;;;;;;;;;971.1;;;;1019.7;1.4;7.8;5;28.1;;;;;;;;;;;;;;;;243;;
SCM;19.07.2007 00:00;;;;;;;;;968.4;;;;1016.8;2;16.7;7.2;60.1;;;;;;;;;;;;;;;;236;;
SCM;20.07.2007 00:00;;;;;;;;;967.5;;;;1015.9;3.4;14.3;12.2;51.5;;;;;;;;;;;;;;;;225;;
SCM;21.07.2007 00:00;;;;;;;;;968;;;;1016.4;1.7;12.5;6.1;45;;;;;;;;;;;;;;;;261;;
SCM;22.07.2007 00:00;;;;;;;;;967.3;;;;1015.7;1.1;5.1;4;18.4;;;;;;;;;;;;;;;;117;;
SCM;23.07.2007 00:00;;;;;;;;;958.4;;;;1006.3;3.4;17.2;12.2;61.9;;;;;;;;;;;;;;;;103;;
SCM;24.07.2007 00:00;;;;;;;;;963.6;;;;1011.8;2.9;14.3;10.4;51.5;;;;;;;;;;;;;;;;275;;
SCM;25.07.2007 00:00;;;;;;;;;969.9;;;;1018.4;1.7;7.1;6.1;25.6;;;;;;;;;;;;;;;;238;;
SCM;26.07.2007 00:00;;;;;;;;;967.6;;;;1016;1;4;3.6;14.4;;;;;;;;;;;;;;;;256;;
SCM;27.07.2007 00:00;;;;;;;;;969.8;;;;1018.3;1;4.2;3.6;15.1;;;;;;;;;;;;;;;;214;;
SCM;28.07.2007 00:00;;;;;;;;;970.8;;;;1019.3;1.7;10;6.1;36;;;;;;;;;;;;;;;;259;;
SCM;29.07.2007 00:00;;;;;;;;;968.4;;;;1016.8;2.1;12;7.6;43.2;;;;;;;;;;;;;;;;262;;
SCM;30.07.2007 00:00;;;;;;;;;970.4;;;;1019;1.4;9.5;5;34.2;;;;;;;;;;;;;;;;166;;
SCM;31.07.2007 00:00;;;;;;;;;970.1;;;;1018.6;1.9;5.8;6.8;20.9;;;;;;;;;;;;;;;;135;;
SCM;01.08.2007 00:00;;;;;;;;;967.6;;;;1016;1.4;11;5;39.6;;;;;;;;;;;;;;;;108;;
SCM;02.08.2007 00:00;;;;;;;;;968.2;;;;1016.5;1.7;9.7;6.1;34.9;;;;;;;;;;;;;;;;76;;
SCM;03.08.2007 00:00;;;;;;;;;974.4;;;;1023.1;1.1;4.5;4;16.2;;;;;;;;;;;;;;;;124;;
SCM;04.08.2007 00:00;;;;;;;;;975.3;;;;1024;1.6;5.8;5.8;20.9;;;;;;;;;;;;;;;;72;;
SCM;05.08.2007 00:00;;;;;;;;;968.6;;;;1017.1;1.2;5.6;4.3;20.2;;;;;;;;;;;;;;;;243;;
SCM;06.08.2007 00:00;;;;;;;;;963.9;;;;1012.1;1.3;9.3;4.7;33.5;;;;;;;;;;;;;;;;259;;
SCM;07.08.2007 00:00;;;;;;;;;964.6;;;;1012.9;0.9;5;3.2;18;;;;;;;;;;;;;;;;225;;
SCM;08.08.2007 00:00;;;;;;;;;964.4;;;;1012.6;2.6;9.8;9.4;35.3;;;;;;;;;;;;;;;;275;;
SCM;09.08.2007 00:00;;;;;;;;;965.6;;;;1013.9;1.7;7.8;6.1;28.1;;;;;;;;;;;;;;;;307;;
SCM;10.08.2007 00:00;;;;;;;;;966.5;;;;1014.9;1.1;4.2;4;15.1;;;;;;;;;;;;;;;;211;;
SCM;11.08.2007 00:00;;;;;;;;;966.1;;;;1014.4;0.7;4.3;2.5;15.5;;;;;;;;;;;;;;;;117;;
SCM;12.08.2007 00:00;;;;;;;;;964;;;;1012.2;1.3;5.1;4.7;18.4;;;;;;;;;;;;;;;;248;;
SCM;13.08.2007 00:00;;;;;;;;;965.6;;;;1013.8;1.6;6.7;5.8;24.1;;;;;;;;;;;;;;;;214;;
SCM;14.08.2007 00:00;;;;;;;;;965.6;;;;1013.9;1.8;7;6.5;25.2;;;;;;;;;;;;;;;;217;;
SCM;15.08.2007 00:00;;;;;;;;;962.7;;;;1010.8;2.1;12.8;7.6;46.1;;;;;;;;;;;;;;;;98;;
SCM;16.08.2007 00:00;;;;;;;;;966.9;;;;1015.2;1.4;12.2;5;43.9;;;;;;;;;;;;;;;;135;;
SCM;17.08.2007 00:00;;;;;;;;;972;;;;1020.6;1.1;6.5;4;23.4;;;;;;;;;;;;;;;;153;;
SCM;18.08.2007 00:00;;;;;;;;;968.5;;;;1017;1.2;4.3;4.3;15.5;;;;;;;;;;;;;;;;239;;
SCM;19.08.2007 00:00;;;;;;;;;964.3;;;;1012.5;2.6;14.3;9.4;51.5;;;;;;;;;;;;;;;;106;;
SCM;20.08.2007 00:00;;;;;;;;;961.4;;;;1009.5;1.2;8.5;4.3;30.6;;;;;;;;;;;;;;;;225;;
SCM;21.08.2007 00:00;;;;;;;;;958.8;;;;1006.7;1.1;4.1;4;14.8;;;;;;;;;;;;;;;;233;;
SCM;22.08.2007 00:00;;;;;;;;;962.8;;;;1010.9;1.4;5.5;5;19.8;;;;;;;;;;;;;;;;234;;
SCM;23.08.2007 00:00;;;;;;;;;967.1;;;;1015.5;1.4;4.6;5;16.6;;;;;;;;;;;;;;;;214;;
SCM;24.08.2007 00:00;;;;;;;;;974.8;;;;1023.5;1.2;6.8;4.3;24.5;;;;;;;;;;;;;;;;180;;
SCM;25.08.2007 00:00;;;;;;;;;979;;;;1027.9;1.2;5.3;4.3;19.1;;;;;;;;;;;;;;;;248;;
SCM;26.08.2007 00:00;;;;;;;;;977.8;;;;1026.7;0.8;4.6;2.9;16.6;;;;;;;;;;;;;;;;0;;
SCM;27.08.2007 00:00;;;;;;;;;972.6;;;;1021.2;0.6;2.7;2.2;9.7;;;;;;;;;;;;;;;;117;;
SCM;28.08.2007 00:00;;;;;;;;;968.3;;;;1016.7;2;11.5;7.2;41.4;;;;;;;;;;;;;;;;111;;
SCM;29.08.2007 00:00;;;;;;;;;965.1;;;;1013.3;1.8;10.8;6.5;38.9;;;;;;;;;;;;;;;;86;;
SCM;30.08.2007 00:00;;;;;;;;;968;;;;1016.4;1.1;6.6;4;23.8;;;;;;;;;;;;;;;;243;;
SCM;31.08.2007 00:00;;;;;;;;;972;;;;1020.6;1.1;4.1;4;14.8;;;;;;;;;;;;;;;;239;;
SCM;01.09.2007 00:00;;;;;;;;;973.5;;;;1022.1;1.2;4;4.3;14.4;;;;;;;;;;;;;;;;217;;
SCM;02.09.2007 00:00;;;;;;;;;971.6;;;;1020.2;1.6;7;5.8;25.2;;;;;;;;;;;;;;;;235;;
SCM;03.09.2007 00:00;;;;;;;;;968.2;;;;1016.6;2;11.5;7.2;41.4;;;;;;;;;;;;;;;;270;;
SCM;04.09.2007 00:00;;;;;;;;;973.3;;;;1022;1.9;12;6.8;43.2;;;;;;;;;;;;;;;;265;;
SCM;05.09.2007 00:00;;;;;;;;;979.2;;;;1028.1;1.8;8.7;6.5;31.3;;;;;;;;;;;;;;;;248;;
SCM;06.09.2007 00:00;;;;;;;;;978.5;;;;1027.4;1.4;5.5;5;19.8;;;;;;;;;;;;;;;;243;;
SCM;07.09.2007 00:00;;;;;;;;;977.4;;;;1026.3;1.5;6.1;5.4;22;;;;;;;;;;;;;;;;90;;
SCM;08.09.2007 00:00;;;;;;;;;975.1;;;;1023.9;1.6;5.1;5.8;18.4;;;;;;;;;;;;;;;;225;;
SCM;09.09.2007 00:00;;;;;;;;;972;;;;1020.6;1;5.2;3.6;18.7;;;;;;;;;;;;;;;;239;;
SCM;10.09.2007 00:00;;;;;;;;;969.9;;;;1018.4;1.9;9;6.8;32.4;;;;;;;;;;;;;;;;270;;
SCM;11.09.2007 00:00;;;;;;;;;973;;;;1021.6;1.8;10.2;6.5;36.7;;;;;;;;;;;;;;;;265;;
SCM;12.09.2007 00:00;;;;;;;;;975.7;;;;1024.5;1.7;5.7;6.1;20.5;;;;;;;;;;;;;;;;90;;
SCM;13.09.2007 00:00;;;;;;;;;974.9;;;;1023.6;1.1;3.7;4;13.3;;;;;;;;;;;;;;;;225;;
SCM;14.09.2007 00:00;;;;;;;;;972.7;;;;1021.3;1;7.1;3.6;25.6;;;;;;;;;;;;;;;;108;;
SCM;15.09.2007 00:00;;;;;;;;;974.8;;;;1023.5;1.1;4.6;4;16.6;;;;;;;;;;;;;;;;207;;
SCM;16.09.2007 00:00;;;;;;;;;971.2;;;;1019.8;0.8;3.8;2.9;13.7;;;;;;;;;;;;;;;;90;;
SCM;17.09.2007 00:00;;;;;;;;;965.7;;;;1014;1.7;8.7;6.1;31.3;;;;;;;;;;;;;;;;99;;
SCM;18.09.2007 00:00;;;;;;;;;969.4;;;;1017.9;2.3;10.8;8.3;38.9;;;;;;;;;;;;;;;;270;;
SCM;19.09.2007 00:00;;;;;;;;;975.9;;;;1024.7;1.7;7.2;6.1;25.9;;;;;;;;;;;;;;;;230;;
SCM;20.09.2007 00:00;;;;;;;;;976.6;;;;1025.4;1.4;8.6;5;31;;;;;;;;;;;;;;;;135;;
SCM;21.09.2007 00:00;;;;;;;;;975.7;;;;1024.4;1.2;9.5;4.3;34.2;;;;;;;;;;;;;;;;90;;
SCM;22.09.2007 00:00;;;;;;;;;975.3;;;;1024;1.1;4.6;4;16.6;;;;;;;;;;;;;;;;90;;
SCM;23.09.2007 00:00;;;;;;;;;974.4;;;;1023.2;0.8;3.3;2.9;11.9;;;;;;;;;;;;;;;;90;;
SCM;24.09.2007 00:00;;;;;;;;;970.2;;;;1018.7;1.3;8.5;4.7;30.6;;;;;;;;;;;;;;;;153;;
SCM;25.09.2007 00:00;;;;;;;;;969.8;;;;1018.3;2.5;13.8;9;49.7;;;;;;;;;;;;;;;;99;;
SCM;26.09.2007 00:00;;;;;;;;;964.5;;;;1012.7;1.2;7.7;4.3;27.7;;;;;;;;;;;;;;;;90;;
SCM;27.09.2007 00:00;;;;;;;;;957.5;;;;1005.4;0.9;3.6;3.2;13;;;;;;;;;;;;;;;;124;;
SCM;28.09.2007 00:00;;;;;;;;;960.8;;;;1008.8;1.1;7.1;4;25.6;;;;;;;;;;;;;;;;270;;
SCM;29.09.2007 00:00;;;;;;;;;969.3;;;;1017.8;1.3;4.5;4.7;16.2;;;;;;;;;;;;;;;;135;;
SCM;30.09.2007 00:00;;;;;;;;;975.2;;;;1024;1.4;10.1;5;36.4;;;;;;;;;;;;;;;;96;;
SCM;01.10.2007 00:00;;;;;;;;;975.5;;;;1024.2;1.3;8.6;4.7;31;;;;;;;;;;;;;;;;101;;
SCM;02.10.2007 00:00;;;;;;;;;972.6;;;;1021.2;1.1;6.2;4;22.3;;;;;;;;;;;;;;;;90;;
SCM;03.10.2007 00:00;;;;;;;;;971.5;;;;1020.1;1;8;3.6;28.8;;;;;;;;;;;;;;;;90;;
SCM;04.10.2007 00:00;;;;;;;;;973.4;;;;1022.1;1.4;11.2;5;40.3;;;;;;;;;;;;;;;;103;;
SCM;05.10.2007 00:00;;;;;;;;;971.9;;;;1020.4;1.1;9.1;4;32.8;;;;;;;;;;;;;;;;0;;
SCM;06.10.2007 00:00;;;;;;;;;970.2;;;;1018.7;1.4;8.6;5;31;;;;;;;;;;;;;;;;288;;
SCM;07.10.2007 00:00;;;;;;;;;971.7;;;;1020.2;1.5;5.6;5.4;20.2;;;;;;;;;;;;;;;;247;;
SCM;08.10.2007 00:00;;;;;;;;;974.1;;;;1022.8;1.4;5.6;5;20.2;;;;;;;;;;;;;;;;234;;
SCM;09.10.2007 00:00;;;;;;;;;975.6;;;;1024.3;0.9;4.6;3.2;16.6;;;;;;;;;;;;;;;;180;;
SCM;10.10.2007 00:00;;;;;;;;;973.2;;;;1021.8;1.3;6.6;4.7;23.8;;;;;;;;;;;;;;;;117;;
SCM;11.10.2007 00:00;;;;;;;;;975.4;;;;1024.2;1.2;7;4.3;25.2;;;;;;;;;;;;;;;;135;;
SCM;12.10.2007 00:00;;;;;;;;;974.9;;;;1023.7;1;4.5;3.6;16.2;;;;;;;;;;;;;;;;233;;
SCM;13.10.2007 00:00;;;;;;;;;974.8;;;;1023.5;1.5;8.1;5.4;29.2;;;;;;;;;;;;;;;;76;;
SCM;14.10.2007 00:00;;;;;;;;;975;;;;1023.7;1.2;4.2;4.3;15.1;;;;;;;;;;;;;;;;214;;
SCM;15.10.2007 00:00;;;;;;;;;973.7;;;;1022.4;0.8;4.5;2.9;16.2;;;;;;;;;;;;;;;;90;;
SCM;16.10.2007 00:00;;;;;;;;;974.2;;;;1022.9;0.9;7.2;3.2;25.9;;;;;;;;;;;;;;;;76;;
SCM;17.10.2007 00:00;;;;;;;;;973.2;;;;1021.8;1.3;9.5;4.7;34.2;;;;;;;;;;;;;;;;90;;
SCM;18.10.2007 00:00;;;;;;;;;978.9;;;;1027.9;0.9;5.6;3.2;20.2;;;;;;;;;;;;;;;;135;;
SCM;19.10.2007 00:00;;;;;;;;;981.3;;;;1030.4;1;7.3;3.6;26.3;;;;;;;;;;;;;;;;135;;
SCM;20.10.2007 00:00;;;;;;;;;982.1;;;;1031.2;2.5;9.7;9;34.9;;;;;;;;;;;;;;;;65;;
SCM;21.10.2007 00:00;;;;;;;;;978.3;;;;1027.2;1.3;5;4.7;18;;;;;;;;;;;;;;;;72;;
SCM;22.10.2007 00:00;;;;;;;;;973.2;;;;1021.8;2.6;10.8;9.4;38.9;;;;;;;;;;;;;;;;68;;
SCM;23.10.2007 00:00;;;;;;;;;970.3;;;;1018.8;2.5;8.1;9;29.2;;;;;;;;;;;;;;;;72;;
SCM;24.10.2007 00:00;;;;;;;;;968.6;;;;1017;3.3;10.6;11.9;38.2;;;;;;;;;;;;;;;;60;;
SCM;25.10.2007 00:00;;;;;;;;;970.2;;;;1018.7;1.2;6.7;4.3;24.1;;;;;;;;;;;;;;;;79;;
SCM;26.10.2007 00:00;;;;;;;;;970.2;;;;1018.7;0.9;3.7;3.2;13.3;;;;;;;;;;;;;;;;252;;
SCM;27.10.2007 00:00;;;;;;;;;979.4;;;;1028.4;0.9;4.5;3.2;16.2;;;;;;;;;;;;;;;;225;;
SCM;28.10.2007 00:00;;;;;;;;;975.6;;;;1024.3;0.9;5.1;3.2;18.4;;;;;;;;;;;;;;;;90;;
SCM;29.10.2007 00:00;;;;;;;;;968.5;;;;1016.9;1;4.2;3.6;15.1;;;;;;;;;;;;;;;;117;;
SCM;30.10.2007 00:00;;;;;;;;;969.8;;;;1018.2;1.6;6.6;5.8;23.8;;;;;;;;;;;;;;;;270;;
SCM;31.10.2007 00:00;;;;;;;;;977.2;;;;1026;2.2;10;7.9;36;;;;;;;;;;;;;;;;70;;
SCM;01.11.2007 00:00;;;;;;;;;981.2;;;;1030.2;1.1;4.8;4;17.3;;;;;;;;;;;;;;;;214;;
SCM;02.11.2007 00:00;;;;;;;;;981.9;;;;1031;0.8;2.6;2.9;9.4;;;;;;;;;;;;;;;;135;;
SCM;03.11.2007 00:00;;;;;;;;;979.1;;;;1028;0.9;3.1;3.2;11.2;;;;;;;;;;;;;;;;108;;
SCM;04.11.2007 00:00;;;;;;;;;976.1;;;;1024.9;1.4;8.5;5;30.6;;;;;;;;;;;;;;;;79;;
SCM;05.11.2007 00:00;;;;;;;;;977.1;;;;1025.9;1.1;4;4;14.4;;;;;;;;;;;;;;;;261;;
SCM;06.11.2007 00:00;;;;;;;;;979.6;;;;1028.5;1;10.5;3.6;37.8;;;;;;;;;;;;;;;;315;;
SCM;07.11.2007 00:00;;;;;;;;;979.5;;;;1028.4;1.1;7.8;4;28.1;;;;;;;;;;;;;;;;79;;
SCM;08.11.2007 00:00;;;;;;;;;972.9;;;;1021.6;1.3;11.1;4.7;40;;;;;;;;;;;;;;;;117;;
SCM;09.11.2007 00:00;;;;;;;;;970.5;;;;1019;6.4;21.7;23;78.1;;;;;;;;;;;;;;;;273;;
SCM;10.11.2007 00:00;;;;;;;;;973.3;;;;1022;4.5;19.3;16.2;69.5;;;;;;;;;;;;;;;;286;;
SCM;11.11.2007 00:00;;;;;;;;;967.2;;;;1015.6;6.3;17.7;22.7;63.7;;;;;;;;;;;;;;;;279;;
SCM;12.11.2007 00:00;;;;;;;;;971.8;;;;1020.4;2.2;10.1;7.9;36.4;;;;;;;;;;;;;;;;266;;
SCM;13.11.2007 00:00;;;;;;;;;968.2;;;;1016.6;1.3;10.3;4.7;37.1;;;;;;;;;;;;;;;;90;;
SCM;14.11.2007 00:00;;;;;;;;;959.8;;;;1007.8;1.3;7.8;4.7;28.1;;;;;;;;;;;;;;;;342;;
SCM;15.11.2007 00:00;;;;;;;;;969.7;;;;1018.2;1.4;7.1;5;25.6;;;;;;;;;;;;;;;;297;;
SCM;16.11.2007 00:00;;;;;;;;;976.3;;;;1025.1;2.1;8.5;7.6;30.6;;;;;;;;;;;;;;;;78;;
SCM;17.11.2007 00:00;;;;;;;;;975.4;;;;1024.2;1.3;4.5;4.7;16.2;;;;;;;;;;;;;;;;85;;
SCM;18.11.2007 00:00;;;;;;;;;965.7;;;;1013.9;1.1;4;4;14.4;;;;;;;;;;;;;;;;84;;
SCM;19.11.2007 00:00;;;;;;;;;964.5;;;;1012.7;1.2;4.7;4.3;16.9;;;;;;;;;;;;;;;;72;;
SCM;20.11.2007 00:00;;;;;;;;;965.1;;;;1013.3;2.1;10.1;7.6;36.4;;;;;;;;;;;;;;;;259;;
SCM;21.11.2007 00:00;;;;;;;;;963.2;;;;1011.3;2.2;10.6;7.9;38.2;;;;;;;;;;;;;;;;263;;
SCM;22.11.2007 00:00;;;;;;;;;961.9;;;;1010;0.8;4.1;2.9;14.8;;;;;;;;;;;;;;;;0;;
SCM;23.11.2007 00:00;;;;;;;;;964.7;;;;1012.9;0.6;3.3;2.2;11.9;;;;;;;;;;;;;;;;0;;
SCM;24.11.2007 00:00;;;;;;;;;972.1;;;;1020.7;1.5;8.3;5.4;29.9;;;;;;;;;;;;;;;;360;;
SCM;25.11.2007 00:00;;;;;;;;;974.8;;;;1023.5;0.9;4;3.2;14.4;;;;;;;;;;;;;;;;270;;
SCM;26.11.2007 00:00;;;;;;;;;978.3;;;;1027.2;2.8;11.1;10.1;40;;;;;;;;;;;;;;;;277;;
SCM;27.11.2007 00:00;;;;;;;;;979;;;;1027.9;1.2;5.1;4.3;18.4;;;;;;;;;;;;;;;;96;;
SCM;28.11.2007 00:00;;;;;;;;;972.3;;;;1020.9;0.9;3.6;3.2;13;;;;;;;;;;;;;;;;135;;
SCM;29.11.2007 00:00;;;;;;;;;967;;;;1015.4;0.9;4.2;3.2;15.1;;;;;;;;;;;;;;;;76;;
SCM;30.11.2007 00:00;;;;;;;;;967.3;;;;1015.6;1.1;7.2;4;25.9;;;;;;;;;;;;;;;;83;;
SCM;01.12.2007 00:00;;;;;;;;;966.4;;;;1014.7;0.9;4.5;3.2;16.2;;;;;;;;;;;;;;;;90;;
SCM;02.12.2007 00:00;;;;;;;;;964.7;;;;1012.9;0.9;4.8;3.2;17.3;;;;;;;;;;;;;;;;79;;
SCM;03.12.2007 00:00;;;;;;;;;957.3;;;;1005.2;3.8;20;13.7;72;;;;;;;;;;;;;;;;274;;
SCM;04.12.2007 00:00;;;;;;;;;971.1;;;;1019.7;3;14.5;10.8;52.2;;;;;;;;;;;;;;;;288;;
SCM;05.12.2007 00:00;;;;;;;;;975.2;;;;1023.9;2.1;10.3;7.6;37.1;;;;;;;;;;;;;;;;93;;
SCM;06.12.2007 00:00;;;;;;;;;974;;;;1022.7;1.1;9.7;4;34.9;;;;;;;;;;;;;;;;84;;
SCM;07.12.2007 00:00;;;;;;;;;962;;;;1010.1;2.2;11.1;7.9;40;;;;;;;;;;;;;;;;76;;
SCM;08.12.2007 00:00;;;;;;;;;963.4;;;;1011.6;2.2;17.7;7.9;63.7;;;;;;;;;;;;;;;;360;;
SCM;09.12.2007 00:00;;;;;;;;;952.2;;;;999.8;2.5;14.3;9;51.5;;;;;;;;;;;;;;;;97;;
SCM;10.12.2007 00:00;;;;;;;;;956.8;;;;1004.6;1.8;9.2;6.5;33.1;;;;;;;;;;;;;;;;94;;
SCM;11.12.2007 00:00;;;;;;;;;972.1;;;;1020.6;1.5;7;5.4;25.2;;;;;;;;;;;;;;;;315;;
SCM;12.12.2007 00:00;;;;;;;;;982.4;;;;1031.5;0.7;2.3;2.5;8.3;;;;;;;;;;;;;;;;90;;
SCM;13.12.2007 00:00;;;;;;;;;985.4;;;;1034.7;1.5;7.6;5.4;27.4;;;;;;;;;;;;;;;;78;;
SCM;14.12.2007 00:00;;;;;;;;;983.6;;;;1032.7;2.5;12.5;9;45;;;;;;;;;;;;;;;;60;;
SCM;15.12.2007 00:00;;;;;;;;;980.5;;;;1029.5;3;10.6;10.8;38.2;;;;;;;;;;;;;;;;67;;
SCM;16.12.2007 00:00;;;;;;;;;981;;;;1030;2.8;9.6;10.1;34.6;;;;;;;;;;;;;;;;81;;
SCM;17.12.2007 00:00;;;;;;;;;979.6;;;;1028.6;2.5;10.6;9;38.2;;;;;;;;;;;;;;;;90;;
SCM;18.12.2007 00:00;;;;;;;;;982.8;;;;1031.9;1.7;6.5;6.1;23.4;;;;;;;;;;;;;;;;78;;
SCM;19.12.2007 00:00;;;;;;;;;988.1;;;;1037.4;1;3;3.6;10.8;;;;;;;;;;;;;;;;106;;
SCM;20.12.2007 00:00;;;;;;;;;985.9;;;;1035.2;0.9;3.2;3.2;11.5;;;;;;;;;;;;;;;;81;;
SCM;21.12.2007 00:00;;;;;;;;;981.3;;;;1030.4;1.2;3.6;4.3;13;;;;;;;;;;;;;;;;97;;
SCM;22.12.2007 00:00;;;;;;;;;979.7;;;;1028.7;1;3;3.6;10.8;;;;;;;;;;;;;;;;97;;
SCM;23.12.2007 00:00;;;;;;;;;980.5;;;;1029.6;1.1;3.6;4;13;;;;;;;;;;;;;;;;68;;
SCM;24.12.2007 00:00;;;;;;;;;980.4;;;;1029.4;1;3.3;3.6;11.9;;;;;;;;;;;;;;;;45;;
SCM;25.12.2007 00:00;;;;;;;;;976.9;;;;1025.7;1;3.2;3.6;11.5;;;;;;;;;;;;;;;;63;;
SCM;26.12.2007 00:00;;;;;;;;;979.8;;;;1028.8;0.8;3.7;2.9;13.3;;;;;;;;;;;;;;;;79;;
SCM;27.12.2007 00:00;;;;;;;;;986.2;;;;1035.5;1;4.2;3.6;15.1;;;;;;;;;;;;;;;;82;;
SCM;28.12.2007 00:00;;;;;;;;;983.6;;;;1032.8;0.9;3.1;3.2;11.2;;;;;;;;;;;;;;;;90;;
SCM;29.12.2007 00:00;;;;;;;;;977;;;;1025.9;1.2;4.5;4.3;16.2;;;;;;;;;;;;;;;;81;;
SCM;30.12.2007 00:00;;;;;;;;;977.4;;;;1026.3;0.8;3.6;2.9;13;;;;;;;;;;;;;;;;81;;
SCM;31.12.2007 00:00;;;;;;;;;980;;;;1029;0.7;3.6;2.5;13;;;;;;;;;;;;;;;;90;;
SCM;01.01.2008 00:00;;;;;;;;;974.7;;;;1023.4;1.3;9.6;4.7;34.6;;;;;;;;;;;;;;;;72;;
SCM;02.01.2008 00:00;;;;;;;;;968.2;;;;1016.6;1;3.3;3.6;11.9;;;;;;;;;;;;;;;;90;;
SCM;03.01.2008 00:00;;;;;;;;;957.6;;;;1005.4;4.3;17.1;15.5;61.6;;;;;;;;;;;;;;;;193;;
SCM;04.01.2008 00:00;;;;;;;;;962.8;;;;1010.9;2.7;13;9.7;46.8;;;;;;;;;;;;;;;;265;;
SCM;05.01.2008 00:00;;;;;;;;;965.1;;;;1013.3;1.1;5;4;18;;;;;;;;;;;;;;;;270;;
SCM;06.01.2008 00:00;;;;;;;;;967.1;;;;1015.4;1.5;9.1;5.4;32.8;;;;;;;;;;;;;;;;81;;
SCM;07.01.2008 00:00;;;;;;;;;972.3;;;;1020.9;2.1;12.2;7.6;43.9;;;;;;;;;;;;;;;;97;;
SCM;08.01.2008 00:00;;;;;;;;;975.6;;;;1024.4;0.9;5.6;3.2;20.2;;;;;;;;;;;;;;;;79;;
SCM;09.01.2008 00:00;;;;;;;;;972.6;;;;1021.3;1.2;6.1;4.3;22;;;;;;;;;;;;;;;;68;;
SCM;10.01.2008 00:00;;;;;;;;;972.1;;;;1020.8;1.4;9.7;5;34.9;;;;;;;;;;;;;;;;80;;
SCM;11.01.2008 00:00;;;;;;;;;961.7;;;;1009.8;1.8;7;6.5;25.2;;;;;;;;;;;;;;;;266;;
SCM;12.01.2008 00:00;;;;;;;;;964.7;;;;1012.9;1.1;8.7;4;31.3;;;;;;;;;;;;;;;;90;;
SCM;13.01.2008 00:00;;;;;;;;;968.7;;;;1017.1;0.9;7.1;3.2;25.6;;;;;;;;;;;;;;;;236;;
SCM;14.01.2008 00:00;;;;;;;;;966.4;;;;1014.7;0.8;3;2.9;10.8;;;;;;;;;;;;;;;;90;;
SCM;15.01.2008 00:00;;;;;;;;;962.1;;;;1010.2;1.6;9.2;5.8;33.1;;;;;;;;;;;;;;;;254;;
SCM;16.01.2008 00:00;;;;;;;;;956;;;;1003.8;1.5;14.6;5.4;52.6;;;;;;;;;;;;;;;;252;;
SCM;17.01.2008 00:00;;;;;;;;;966.1;;;;1014.4;1.1;8;4;28.8;;;;;;;;;;;;;;;;117;;
SCM;18.01.2008 00:00;;;;;;;;;974.7;;;;1023.4;1.9;11;6.8;39.6;;;;;;;;;;;;;;;;86;;
SCM;19.01.2008 00:00;;;;;;;;;981.9;;;;1031;1.6;5.1;5.8;18.4;;;;;;;;;;;;;;;;79;;
SCM;20.01.2008 00:00;;;;;;;;;981.1;;;;1030.1;1;4.8;3.6;17.3;;;;;;;;;;;;;;;;76;;
SCM;21.01.2008 00:00;;;;;;;;;974.3;;;;1023;0.9;5.2;3.2;18.7;;;;;;;;;;;;;;;;79;;
SCM;22.01.2008 00:00;;;;;;;;;973;;;;1021.6;2.8;13.7;10.1;49.3;;;;;;;;;;;;;;;;279;;
SCM;23.01.2008 00:00;;;;;;;;;983.5;;;;1032.7;1.9;10.7;6.8;38.5;;;;;;;;;;;;;;;;90;;
SCM;24.01.2008 00:00;;;;;;;;;982.5;;;;1031.6;0.8;6.3;2.9;22.7;;;;;;;;;;;;;;;;90;;
SCM;25.01.2008 00:00;;;;;;;;;990.2;;;;1039.7;1.2;6.7;4.3;24.1;;;;;;;;;;;;;;;;243;;
SCM;26.01.2008 00:00;;;;;;;;;989.7;;;;1039.1;1.2;5.8;4.3;20.9;;;;;;;;;;;;;;;;153;;
SCM;27.01.2008 00:00;;;;;;;;;986.7;;;;1036;0.8;4.2;2.9;15.1;;;;;;;;;;;;;;;;90;;
SCM;28.01.2008 00:00;;;;;;;;;983.9;;;;1033.1;0.7;4.7;2.5;16.9;;;;;;;;;;;;;;;;0;;
SCM;29.01.2008 00:00;;;;;;;;;978.5;;;;1027.4;0.5;2.1;1.8;7.6;;;;;;;;;;;;;;;;90;;
SCM;30.01.2008 00:00;;;;;;;;;976.2;;;;1025;1.3;6.2;4.7;22.3;;;;;;;;;;;;;;;;270;;
SCM;31.01.2008 00:00;;;;;;;;;974.3;;;;1023;1.2;5;4.3;18;;;;;;;;;;;;;;;;236;;
SCM;01.02.2008 00:00;;;;;;;;;960.7;;;;1008.7;1.8;14.6;6.5;52.6;;;;;;;;;;;;;;;;113;;
SCM;02.02.2008 00:00;;;;;;;;;969.3;;;;1017.7;1.3;8.6;4.7;31;;;;;;;;;;;;;;;;90;;
SCM;03.02.2008 00:00;;;;;;;;;968.2;;;;1016.6;0.9;5;3.2;18;;;;;;;;;;;;;;;;270;;
SCM;04.02.2008 00:00;;;;;;;;;962.8;;;;1010.9;1.5;11.1;5.4;40;;;;;;;;;;;;;;;;270;;
SCM;05.02.2008 00:00;;;;;;;;;973.7;;;;1022.4;1;6.7;3.6;24.1;;;;;;;;;;;;;;;;90;;
SCM;06.02.2008 00:00;;;;;;;;;978.6;;;;1027.5;1.7;13.8;6.1;49.7;;;;;;;;;;;;;;;;360;;
SCM;07.02.2008 00:00;;;;;;;;;987.6;;;;1037;1;6.5;3.6;23.4;;;;;;;;;;;;;;;;90;;
SCM;08.02.2008 00:00;;;;;;;;;986.2;;;;1035.5;1.4;9.1;5;32.8;;;;;;;;;;;;;;;;90;;
SCM;09.02.2008 00:00;;;;;;;;;984.3;;;;1033.5;0.6;2.3;2.2;8.3;;;;;;;;;;;;;;;;90;;
SCM;10.02.2008 00:00;;;;;;;;;983.5;;;;1032.6;0.7;3;2.5;10.8;;;;;;;;;;;;;;;;180;;
SCM;11.02.2008 00:00;;;;;;;;;982.8;;;;1031.9;0.7;2.7;2.5;9.7;;;;;;;;;;;;;;;;180;;
SCM;12.02.2008 00:00;;;;;;;;;982.7;;;;1031.8;0.7;2.3;2.5;8.3;;;;;;;;;;;;;;;;90;;
SCM;13.02.2008 00:00;;;;;;;;;984.4;;;;1033.6;0.7;4.5;2.5;16.2;;;;;;;;;;;;;;;;90;;
SCM;14.02.2008 00:00;;;;;;;;;983.6;;;;1032.7;0.6;2.2;2.2;7.9;;;;;;;;;;;;;;;;180;;
SCM;15.02.2008 00:00;;;;;;;;;983.3;;;;1032.5;2.5;10.6;9;38.2;;;;;;;;;;;;;;;;70;;
SCM;16.02.2008 00:00;;;;;;;;;988;;;;1037.4;3.1;11.1;11.2;40;;;;;;;;;;;;;;;;55;;
SCM;17.02.2008 00:00;;;;;;;;;989.8;;;;1039.2;0.9;2.7;3.2;9.7;;;;;;;;;;;;;;;;225;;
SCM;18.02.2008 00:00;;;;;;;;;983.6;;;;1032.7;0.7;2.6;2.5;9.4;;;;;;;;;;;;;;;;135;;
SCM;19.02.2008 00:00;;;;;;;;;976.7;;;;1025.5;0.7;3.6;2.5;13;;;;;;;;;;;;;;;;90;;
SCM;20.02.2008 00:00;;;;;;;;;975;;;;1023.7;0.8;4.5;2.9;16.2;;;;;;;;;;;;;;;;90;;
SCM;21.02.2008 00:00;;;;;;;;;978.9;;;;1027.9;1.3;7.5;4.7;27;;;;;;;;;;;;;;;;84;;
SCM;22.02.2008 00:00;;;;;;;;;981.5;;;;1030.5;0.6;3.3;2.2;11.9;;;;;;;;;;;;;;;;0;;
SCM;23.02.2008 00:00;;;;;;;;;980.7;;;;1029.7;1.4;12.7;5;45.7;;;;;;;;;;;;;;;;90;;
SCM;24.02.2008 00:00;;;;;;;;;975.4;;;;1024.1;0.9;9.5;3.2;34.2;;;;;;;;;;;;;;;;270;;
SCM;25.02.2008 00:00;;;;;;;;;975.3;;;;1024;0.8;3.2;2.9;11.5;;;;;;;;;;;;;;;;270;;
SCM;26.02.2008 00:00;;;;;;;;;970;;;;1018.5;0.8;4.3;2.9;15.5;;;;;;;;;;;;;;;;63;;
SCM;27.02.2008 00:00;;;;;;;;;971.6;;;;1020.2;0.9;7.7;3.2;27.7;;;;;;;;;;;;;;;;180;;
SCM;28.02.2008 00:00;;;;;;;;;974.1;;;;1022.8;0.8;5.7;2.9;20.5;;;;;;;;;;;;;;;;243;;
SCM;29.02.2008 00:00;;;;;;;;;972;;;;1020.6;1;5.8;3.6;20.9;;;;;;;;;;;;;;;;90;;
SCM;01.03.2008 00:00;;;;;;;;;963.4;;;;1011.5;6.2;23.5;22.3;84.6;;;;;;;;;;;;;;;;273;;
SCM;02.03.2008 00:00;;;;;;;;;968.1;;;;1016.5;4;16.5;14.4;59.4;;;;;;;;;;;;;;;;276;;
SCM;03.03.2008 00:00;;;;;;;;;965.5;;;;1013.8;2.6;14;9.4;50.4;;;;;;;;;;;;;;;;270;;
SCM;04.03.2008 00:00;;;;;;;;;965.5;;;;1013.8;1.5;8.7;5.4;31.3;;;;;;;;;;;;;;;;261;;
SCM;05.03.2008 00:00;;;;;;;;;975.7;;;;1024.5;2;7.8;7.2;28.1;;;;;;;;;;;;;;;;45;;
SCM;06.03.2008 00:00;;;;;;;;;975.7;;;;1024.5;1.5;6.8;5.4;24.5;;;;;;;;;;;;;;;;85;;
SCM;07.03.2008 00:00;;;;;;;;;967.1;;;;1015.5;1.1;4.2;4;15.1;;;;;;;;;;;;;;;;233;;
SCM;08.03.2008 00:00;;;;;;;;;965.1;;;;1013.4;1;3.8;3.6;13.7;;;;;;;;;;;;;;;;108;;
SCM;09.03.2008 00:00;;;;;;;;;960.1;;;;1008.1;1.2;6;4.3;21.6;;;;;;;;;;;;;;;;252;;
SCM;10.03.2008 00:00;;;;;;;;;950.8;;;;998.3;2.1;10.8;7.6;38.9;;;;;;;;;;;;;;;;243;;
SCM;11.03.2008 00:00;;;;;;;;;954.8;;;;1002.5;2.9;14.5;10.4;52.2;;;;;;;;;;;;;;;;270;;
SCM;12.03.2008 00:00;;;;;;;;;960.2;;;;1008.2;3.8;18.3;13.7;65.9;;;;;;;;;;;;;;;;281;;
SCM;13.03.2008 00:00;;;;;;;;;970.7;;;;1019.3;3.3;13.5;11.9;48.6;;;;;;;;;;;;;;;;268;;
SCM;14.03.2008 00:00;;;;;;;;;968.1;;;;1016.5;1.3;8.8;4.7;31.7;;;;;;;;;;;;;;;;90;;
SCM;15.03.2008 00:00;;;;;;;;;962.5;;;;1010.6;2;14.8;7.2;53.3;;;;;;;;;;;;;;;;111;;
SCM;16.03.2008 00:00;;;;;;;;;959.2;;;;1007.2;2.7;15.7;9.7;56.5;;;;;;;;;;;;;;;;262;;
SCM;17.03.2008 00:00;;;;;;;;;961.3;;;;1009.4;0.8;5.2;2.9;18.7;;;;;;;;;;;;;;;;135;;
SCM;18.03.2008 00:00;;;;;;;;;964.3;;;;1012.5;1.1;4.6;4;16.6;;;;;;;;;;;;;;;;90;;
SCM;19.03.2008 00:00;;;;;;;;;965.9;;;;1014.2;1.6;8.2;5.8;29.5;;;;;;;;;;;;;;;;243;;
SCM;20.03.2008 00:00;;;;;;;;;967.4;;;;1015.8;2.1;9.3;7.6;33.5;;;;;;;;;;;;;;;;263;;
SCM;21.03.2008 00:00;;;;;;;;;945.6;;;;992.9;2.8;11.3;10.1;40.7;;;;;;;;;;;;;;;;108;;
SCM;22.03.2008 00:00;;;;;;;;;943.6;;;;990.8;1.6;10.5;5.8;37.8;;;;;;;;;;;;;;;;270;;
SCM;23.03.2008 00:00;;;;;;;;;949;;;;996.4;2.1;11.3;7.6;40.7;;;;;;;;;;;;;;;;255;;
SCM;24.03.2008 00:00;;;;;;;;;950.1;;;;997.6;2.5;13.8;9;49.7;;;;;;;;;;;;;;;;267;;
SCM;25.03.2008 00:00;;;;;;;;;957.5;;;;1005.4;4.2;17.7;15.1;63.7;;;;;;;;;;;;;;;;268;;
SCM;26.03.2008 00:00;;;;;;;;;956.8;;;;1004.7;1.6;8;5.8;28.8;;;;;;;;;;;;;;;;90;;
SCM;27.03.2008 00:00;;;;;;;;;955;;;;1002.7;1.1;5.3;4;19.1;;;;;;;;;;;;;;;;117;;
SCM;28.03.2008 00:00;;;;;;;;;964;;;;1012.2;1.4;5.5;5;19.8;;;;;;;;;;;;;;;;214;;
SCM;29.03.2008 00:00;;;;;;;;;971.7;;;;1020.2;1.6;9;5.8;32.4;;;;;;;;;;;;;;;;225;;
SCM;30.03.2008 00:00;;;;;;;;;964.1;;;;1012.3;4.2;14.7;15.1;52.9;;;;;;;;;;;;;;;;115;;
SCM;31.03.2008 00:00;;;;;;;;;969.7;;;;1018.1;1.5;7.3;5.4;26.3;;;;;;;;;;;;;;;;260;;
SCM;01.04.2008 00:00;;;;;;;;;975.6;;;;1024.4;0.6;3.3;2.2;11.9;;;;;;;;;;;;;;;;180;;
SCM;02.04.2008 00:00;;;;;;;;;974.7;;;;1023.4;3.1;14.6;11.2;52.6;;;;;;;;;;;;;;;;270;;
SCM;03.04.2008 00:00;;;;;;;;;975;;;;1023.7;1.7;11;6.1;39.6;;;;;;;;;;;;;;;;270;;
SCM;04.04.2008 00:00;;;;;;;;;976.6;;;;1025.5;1.3;6.2;4.7;22.3;;;;;;;;;;;;;;;;225;;
SCM;05.04.2008 00:00;;;;;;;;;964.4;;;;1012.6;2.1;7;7.6;25.2;;;;;;;;;;;;;;;;101;;
SCM;06.04.2008 00:00;;;;;;;;;954.5;;;;1002.2;1.3;6.6;4.7;23.8;;;;;;;;;;;;;;;;243;;
SCM;07.04.2008 00:00;;;;;;;;;957.7;;;;1005.6;4.3;20;15.5;72;;;;;;;;;;;;;;;;267;;
SCM;08.04.2008 00:00;;;;;;;;;956;;;;1003.8;1.4;6.5;5;23.4;;;;;;;;;;;;;;;;243;;
SCM;09.04.2008 00:00;;;;;;;;;950.6;;;;998.2;2.1;9.3;7.6;33.5;;;;;;;;;;;;;;;;231;;
SCM;10.04.2008 00:00;;;;;;;;;949.7;;;;997.2;2.1;9;7.6;32.4;;;;;;;;;;;;;;;;255;;
SCM;11.04.2008 00:00;;;;;;;;;952.7;;;;1000.3;2.5;17.5;9;63;;;;;;;;;;;;;;;;267;;
SCM;12.04.2008 00:00;;;;;;;;;964.3;;;;1012.5;1;3.8;3.6;13.7;;;;;;;;;;;;;;;;104;;
SCM;13.04.2008 00:00;;;;;;;;;966.2;;;;1014.5;1.8;9.7;6.5;34.9;;;;;;;;;;;;;;;;117;;
SCM;14.04.2008 00:00;;;;;;;;;967.2;;;;1015.6;1.5;13.8;5.4;49.7;;;;;;;;;;;;;;;;117;;
SCM;15.04.2008 00:00;;;;;;;;;971.3;;;;1019.9;2.2;9.6;7.9;34.6;;;;;;;;;;;;;;;;287;;
SCM;16.04.2008 00:00;;;;;;;;;968.6;;;;1017;1.7;10.3;6.1;37.1;;;;;;;;;;;;;;;;239;;
SCM;17.04.2008 00:00;;;;;;;;;956.2;;;;1004;1.7;9.2;6.1;33.1;;;;;;;;;;;;;;;;236;;
SCM;18.04.2008 00:00;;;;;;;;;948.2;;;;995.6;1.5;8;5.4;28.8;;;;;;;;;;;;;;;;260;;
SCM;19.04.2008 00:00;;;;;;;;;952.2;;;;999.8;3;12;10.8;43.2;;;;;;;;;;;;;;;;261;;
SCM;20.04.2008 00:00;;;;;;;;;954.2;;;;1001.9;3.7;17.7;13.3;63.7;;;;;;;;;;;;;;;;127;;
SCM;21.04.2008 00:00;;;;;;;;;952.1;;;;999.7;2.1;15.7;7.6;56.5;;;;;;;;;;;;;;;;230;;
SCM;22.04.2008 00:00;;;;;;;;;959.9;;;;1007.9;1;3.5;3.6;12.6;;;;;;;;;;;;;;;;90;;
SCM;23.04.2008 00:00;;;;;;;;;970.5;;;;1019;1;4.3;3.6;15.5;;;;;;;;;;;;;;;;99;;
SCM;24.04.2008 00:00;;;;;;;;;976;;;;1024.8;0.9;4.1;3.2;14.8;;;;;;;;;;;;;;;;108;;
SCM;25.04.2008 00:00;;;;;;;;;979.9;;;;1028.9;1;5.5;3.6;19.8;;;;;;;;;;;;;;;;104;;
SCM;26.04.2008 00:00;;;;;;;;;977.8;;;;1026.7;1.7;7.5;6.1;27;;;;;;;;;;;;;;;;72;;
SCM;27.04.2008 00:00;;;;;;;;;971.7;;;;1020.3;1.4;5.7;5;20.5;;;;;;;;;;;;;;;;207;;
SCM;28.04.2008 00:00;;;;;;;;;963.3;;;;1011.5;2.5;13.1;9;47.2;;;;;;;;;;;;;;;;254;;
SCM;29.04.2008 00:00;;;;;;;;;959.2;;;;1007.1;1.1;6.7;4;24.1;;;;;;;;;;;;;;;;135;;
SCM;30.04.2008 00:00;;;;;;;;;957.3;;;;1005.2;3;23.7;10.8;85.3;;;;;;;;;;;;;;;;253;;
SCM;01.05.2008 00:00;;;;;;;;;967.3;;;;1015.7;1.6;14.8;5.8;53.3;;;;;;;;;;;;;;;;112;;
SCM;02.05.2008 00:00;;;;;;;;;974;;;;1022.7;1.2;8.3;4.3;29.9;;;;;;;;;;;;;;;;135;;
SCM;03.05.2008 00:00;;;;;;;;;975;;;;1023.7;1.1;5.3;4;19.1;;;;;;;;;;;;;;;;254;;
SCM;04.05.2008 00:00;;;;;;;;;972.3;;;;1020.9;1.3;7.6;4.7;27.4;;;;;;;;;;;;;;;;45;;
SCM;05.05.2008 00:00;;;;;;;;;972.9;;;;1021.5;3.1;11.7;11.2;42.1;;;;;;;;;;;;;;;;63;;
SCM;06.05.2008 00:00;;;;;;;;;972.3;;;;1020.9;2;7.8;7.2;28.1;;;;;;;;;;;;;;;;45;;
SCM;07.05.2008 00:00;;;;;;;;;970.9;;;;1019.4;1.4;8.3;5;29.9;;;;;;;;;;;;;;;;360;;
SCM;08.05.2008 00:00;;;;;;;;;968.3;;;;1016.8;1.4;6.3;5;22.7;;;;;;;;;;;;;;;;270;;
SCM;09.05.2008 00:00;;;;;;;;;965.6;;;;1013.9;1.6;7.2;5.8;25.9;;;;;;;;;;;;;;;;45;;
SCM;10.05.2008 00:00;;;;;;;;;965.6;;;;1013.9;2.2;11.3;7.9;40.7;;;;;;;;;;;;;;;;53;;
SCM;11.05.2008 00:00;;;;;;;;;967;;;;1015.3;1.8;11.7;6.5;42.1;;;;;;;;;;;;;;;;315;;
SCM;12.05.2008 00:00;;;;;;;;;966.8;;;;1015.1;1.9;8.3;6.8;29.9;;;;;;;;;;;;;;;;72;;
SCM;13.05.2008 00:00;;;;;;;;;964.8;;;;1013.1;1.8;10.5;6.5;37.8;;;;;;;;;;;;;;;;81;;
SCM;14.05.2008 00:00;;;;;;;;;964.6;;;;1012.9;1.3;5.8;4.7;20.9;;;;;;;;;;;;;;;;256;;
SCM;15.05.2008 00:00;;;;;;;;;963.3;;;;1011.4;2.5;19.5;9;70.2;;;;;;;;;;;;;;;;256;;
SCM;16.05.2008 00:00;;;;;;;;;961.2;;;;1009.3;2;12.9;7.2;46.4;;;;;;;;;;;;;;;;252;;
SCM;17.05.2008 00:00;;;;;;;;;960.4;;;;1008.4;1.6;11.2;5.8;40.3;;;;;;;;;;;;;;;;252;;
SCM;18.05.2008 00:00;;;;;;;;;960.4;;;;1008.4;2;12;7.2;43.2;;;;;;;;;;;;;;;;101;;
SCM;19.05.2008 00:00;;;;;;;;;960.3;;;;1008.3;1.6;8.3;5.8;29.9;;;;;;;;;;;;;;;;90;;
SCM;20.05.2008 00:00;;;;;;;;;961.3;;;;1009.4;2.9;11.5;10.4;41.4;;;;;;;;;;;;;;;;68;;
SCM;21.05.2008 00:00;;;;;;;;;964.7;;;;1012.9;1.1;6.6;4;23.8;;;;;;;;;;;;;;;;360;;
SCM;22.05.2008 00:00;;;;;;;;;965.9;;;;1014.1;1;3.3;3.6;11.9;;;;;;;;;;;;;;;;252;;
SCM;23.05.2008 00:00;;;;;;;;;964;;;;1012.2;1.8;5.8;6.5;20.9;;;;;;;;;;;;;;;;248;;
SCM;24.05.2008 00:00;;;;;;;;;961.5;;;;1009.6;2.2;11;7.9;39.6;;;;;;;;;;;;;;;;252;;
SCM;25.05.2008 00:00;;;;;;;;;964;;;;1012.2;3.1;16.7;11.2;60.1;;;;;;;;;;;;;;;;118;;
SCM;26.05.2008 00:00;;;;;;;;;963.1;;;;1011.3;5.1;17.1;18.4;61.6;;;;;;;;;;;;;;;;119;;
SCM;27.05.2008 00:00;;;;;;;;;961;;;;1009;4.1;16.8;14.8;60.5;;;;;;;;;;;;;;;;115;;
SCM;28.05.2008 00:00;;;;;;;;;962.3;;;;1010.4;2;9;7.2;32.4;;;;;;;;;;;;;;;;254;;
SCM;29.05.2008 00:00;;;;;;;;;960.7;;;;1008.7;2.4;15.3;8.6;55.1;;;;;;;;;;;;;;;;257;;
SCM;30.05.2008 00:00;;;;;;;;;962.6;;;;1010.7;1.4;16.5;5;59.4;;;;;;;;;;;;;;;;263;;
SCM;31.05.2008 00:00;;;;;;;;;967.4;;;;1015.8;1.5;14.7;5.4;52.9;;;;;;;;;;;;;;;;180;;
SCM;01.06.2008 00:00;;;;;;;;;966.3;;;;1014.6;1.1;6.1;4;22;;;;;;;;;;;;;;;;243;;
SCM;02.06.2008 00:00;;;;;;;;;963.9;;;;1012.1;3;20.3;10.8;73.1;;;;;;;;;;;;;;;;254;;
SCM;03.06.2008 00:00;;;;;;;;;966.5;;;;1014.8;1.4;10.5;5;37.8;;;;;;;;;;;;;;;;249;;
SCM;04.06.2008 00:00;;;;;;;;;967.4;;;;1015.7;1.8;5.2;6.5;18.7;;;;;;;;;;;;;;;;263;;
SCM;05.06.2008 00:00;;;;;;;;;964;;;;1012.2;0.5;3;1.8;10.8;;;;;;;;;;;;;;;;225;;
SCM;06.06.2008 00:00;;;;;;;;;964.7;;;;1012.9;1.8;6.6;6.5;23.8;;;;;;;;;;;;;;;;266;;
SCM;07.06.2008 00:00;;;;;;;;;968;;;;1016.4;0.8;3.5;2.9;12.6;;;;;;;;;;;;;;;;225;;
SCM;08.06.2008 00:00;;;;;;;;;968.6;;;;1017.1;1.3;7.8;4.7;28.1;;;;;;;;;;;;;;;;231;;
SCM;09.06.2008 00:00;;;;;;;;;971.1;;;;1019.6;1.4;12.1;5;43.6;;;;;;;;;;;;;;;;124;;
SCM;10.06.2008 00:00;;;;;;;;;971.6;;;;1020.1;2.2;17.5;7.9;63;;;;;;;;;;;;;;;;270;;
SCM;11.06.2008 00:00;;;;;;;;;969.8;;;;1018.2;0.9;5.3;3.2;19.1;;;;;;;;;;;;;;;;90;;
SCM;12.06.2008 00:00;;;;;;;;;965.1;;;;1013.4;2.2;11.6;7.9;41.8;;;;;;;;;;;;;;;;242;;
SCM;13.06.2008 00:00;;;;;;;;;967.2;;;;1015.6;1.3;8.5;4.7;30.6;;;;;;;;;;;;;;;;315;;
SCM;14.06.2008 00:00;;;;;;;;;967.5;;;;1015.9;1.6;6.7;5.8;24.1;;;;;;;;;;;;;;;;117;;
SCM;15.06.2008 00:00;;;;;;;;;964.6;;;;1012.8;1.2;4.3;4.3;15.5;;;;;;;;;;;;;;;;96;;
SCM;16.06.2008 00:00;;;;;;;;;962.5;;;;1010.6;1.1;4.7;4;16.9;;;;;;;;;;;;;;;;135;;
SCM;17.06.2008 00:00;;;;;;;;;964.2;;;;1012.4;0.8;4.8;2.9;17.3;;;;;;;;;;;;;;;;207;;
SCM;18.06.2008 00:00;;;;;;;;;968.9;;;;1017.3;1;5;3.6;18;;;;;;;;;;;;;;;;236;;
SCM;19.06.2008 00:00;;;;;;;;;969.5;;;;1017.9;1.8;7.1;6.5;25.6;;;;;;;;;;;;;;;;231;;
SCM;20.06.2008 00:00;;;;;;;;;972.2;;;;1020.8;1.4;7.1;5;25.6;;;;;;;;;;;;;;;;248;;
SCM;21.06.2008 00:00;;;;;;;;;972.3;;;;1020.9;1.6;7.1;5.8;25.6;;;;;;;;;;;;;;;;254;;
SCM;22.06.2008 00:00;;;;;;;;;970.1;;;;1018.6;1.8;9.1;6.5;32.8;;;;;;;;;;;;;;;;104;;
SCM;23.06.2008 00:00;;;;;;;;;970;;;;1018.5;1.8;10.8;6.5;38.9;;;;;;;;;;;;;;;;112;;
SCM;24.06.2008 00:00;;;;;;;;;968.7;;;;1017.1;1.9;9.1;6.8;32.8;;;;;;;;;;;;;;;;214;;
SCM;25.06.2008 00:00;;;;;;;;;968.9;;;;1017.4;1.5;17.6;5.4;63.4;;;;;;;;;;;;;;;;239;;
SCM;26.06.2008 00:00;;;;;;;;;971.7;;;;1020.2;1.3;5.7;4.7;20.5;;;;;;;;;;;;;;;;207;;
SCM;27.06.2008 00:00;;;;;;;;;972.2;;;;1020.8;1.8;8.7;6.5;31.3;;;;;;;;;;;;;;;;255;;
SCM;28.06.2008 00:00;;;;;;;;;973.2;;;;1021.9;1.3;5.1;4.7;18.4;;;;;;;;;;;;;;;;225;;
SCM;29.06.2008 00:00;;;;;;;;;970.7;;;;1019.2;2;10.2;7.2;36.7;;;;;;;;;;;;;;;;225;;
SCM;30.06.2008 00:00;;;;;;;;;971.3;;;;1019.9;1.5;8.1;5.4;29.2;;;;;;;;;;;;;;;;101;;
SCM;01.07.2008 00:00;;;;;;;;;968.1;;;;1016.5;1.7;11.6;6.1;41.8;;;;;;;;;;;;;;;;108;;
SCM;02.07.2008 00:00;;;;;;;;;964.5;;;;1012.7;1.9;10.2;6.8;36.7;;;;;;;;;;;;;;;;108;;
SCM;03.07.2008 00:00;;;;;;;;;964.9;;;;1013.2;2.1;15.6;7.6;56.2;;;;;;;;;;;;;;;;253;;
SCM;04.07.2008 00:00;;;;;;;;;969;;;;1017.4;1.4;4.6;5;16.6;;;;;;;;;;;;;;;;220;;
SCM;05.07.2008 00:00;;;;;;;;;967.1;;;;1015.5;1.1;4.1;4;14.8;;;;;;;;;;;;;;;;225;;
SCM;06.07.2008 00:00;;;;;;;;;963.7;;;;1011.9;1.8;14;6.5;50.4;;;;;;;;;;;;;;;;135;;
SCM;07.07.2008 00:00;;;;;;;;;964.6;;;;1012.8;1.2;6.1;4.3;22;;;;;;;;;;;;;;;;112;;
SCM;08.07.2008 00:00;;;;;;;;;969;;;;1017.4;2.8;11.5;10.1;41.4;;;;;;;;;;;;;;;;270;;
SCM;09.07.2008 00:00;;;;;;;;;970.6;;;;1019.1;1.8;8.1;6.5;29.2;;;;;;;;;;;;;;;;241;;
SCM;10.07.2008 00:00;;;;;;;;;967.9;;;;1016.3;1.2;6.6;4.3;23.8;;;;;;;;;;;;;;;;153;;
SCM;11.07.2008 00:00;;;;;;;;;964.5;;;;1012.8;2.4;13.7;8.6;49.3;;;;;;;;;;;;;;;;96;;
SCM;12.07.2008 00:00;;;;;;;;;965.4;;;;1013.6;1.3;4.5;4.7;16.2;;;;;;;;;;;;;;;;243;;
SCM;13.07.2008 00:00;;;;;;;;;965.4;;;;1013.7;1.8;8.6;6.5;31;;;;;;;;;;;;;;;;266;;
SCM;14.07.2008 00:00;;;;;;;;;974.6;;;;1023.3;1.9;7;6.8;25.2;;;;;;;;;;;;;;;;180;;
SCM;15.07.2008 00:00;;;;;;;;;979.6;;;;1028.5;1.7;7.2;6.1;25.9;;;;;;;;;;;;;;;;236;;
SCM;16.07.2008 00:00;;;;;;;;;973.2;;;;1021.9;1.5;6;5.4;21.6;;;;;;;;;;;;;;;;230;;
SCM;17.07.2008 00:00;;;;;;;;;968.1;;;;1016.5;1.4;9.6;5;34.6;;;;;;;;;;;;;;;;252;;
SCM;18.07.2008 00:00;;;;;;;;;967.8;;;;1016.2;1.1;7.8;4;28.1;;;;;;;;;;;;;;;;243;;
SCM;19.07.2008 00:00;;;;;;;;;967.2;;;;1015.5;1.6;6.5;5.8;23.4;;;;;;;;;;;;;;;;202;;
SCM;20.07.2008 00:00;;;;;;;;;967.2;;;;1015.6;1.1;7;4;25.2;;;;;;;;;;;;;;;;153;;
SCM;21.07.2008 00:00;;;;;;;;;972.2;;;;1020.8;2;9;7.2;32.4;;;;;;;;;;;;;;;;273;;
SCM;22.07.2008 00:00;;;;;;;;;975.9;;;;1024.6;1.6;7.3;5.8;26.3;;;;;;;;;;;;;;;;260;;
SCM;23.07.2008 00:00;;;;;;;;;974.4;;;;1023.1;2.3;9.7;8.3;34.9;;;;;;;;;;;;;;;;77;;
SCM;24.07.2008 00:00;;;;;;;;;968.2;;;;1016.6;1.9;7.6;6.8;27.4;;;;;;;;;;;;;;;;270;;
SCM;25.07.2008 00:00;;;;;;;;;965.3;;;;1013.6;1;4.7;3.6;16.9;;;;;;;;;;;;;;;;248;;
SCM;26.07.2008 00:00;;;;;;;;;965.6;;;;1013.9;1.2;5.2;4.3;18.7;;;;;;;;;;;;;;;;256;;
SCM;27.07.2008 00:00;;;;;;;;;967.9;;;;1016.2;1.2;4;4.3;14.4;;;;;;;;;;;;;;;;239;;
SCM;28.07.2008 00:00;;;;;;;;;967.7;;;;1016.1;2.1;12.6;7.6;45.4;;;;;;;;;;;;;;;;90;;
SCM;29.07.2008 00:00;;;;;;;;;969.8;;;;1018.3;2;12.3;7.2;44.3;;;;;;;;;;;;;;;;96;;
SCM;30.07.2008 00:00;;;;;;;;;970.7;;;;1019.2;2.3;17.1;8.3;61.6;;;;;;;;;;;;;;;;101;;
SCM;31.07.2008 00:00;;;;;;;;;969.1;;;;1017.5;1.6;11.8;5.8;42.5;;;;;;;;;;;;;;;;106;;
SCM;01.08.2008 00:00;;;;;;;;;971;;;;1019.5;1.9;10.8;6.8;38.9;;;;;;;;;;;;;;;;90;;
SCM;02.08.2008 00:00;;;;;;;;;971.6;;;;1020.2;1.5;6;5.4;21.6;;;;;;;;;;;;;;;;233;;
SCM;03.08.2008 00:00;;;;;;;;;969.9;;;;1018.4;1;7.3;3.6;26.3;;;;;;;;;;;;;;;;214;;
SCM;04.08.2008 00:00;;;;;;;;;967;;;;1015.3;1.2;7.7;4.3;27.7;;;;;;;;;;;;;;;;252;;
SCM;05.08.2008 00:00;;;;;;;;;970.2;;;;1018.7;1.4;7.7;5;27.7;;;;;;;;;;;;;;;;104;;
SCM;06.08.2008 00:00;;;;;;;;;967;;;;1015.4;1.4;6.8;5;24.5;;;;;;;;;;;;;;;;135;;
SCM;07.08.2008 00:00;;;;;;;;;963.6;;;;1011.8;2;21.5;7.2;77.4;;;;;;;;;;;;;;;;104;;
SCM;08.08.2008 00:00;;;;;;;;;965.3;;;;1013.6;2.1;11.8;7.6;42.5;;;;;;;;;;;;;;;;276;;
SCM;09.08.2008 00:00;;;;;;;;;969;;;;1017.4;1.1;7.5;4;27;;;;;;;;;;;;;;;;225;;
SCM;10.08.2008 00:00;;;;;;;;;965.3;;;;1013.6;1.1;5.2;4;18.7;;;;;;;;;;;;;;;;135;;
SCM;11.08.2008 00:00;;;;;;;;;960.6;;;;1008.7;2;14.1;7.2;50.8;;;;;;;;;;;;;;;;252;;
SCM;12.08.2008 00:00;;;;;;;;;958.4;;;;1006.4;1.7;9.1;6.1;32.8;;;;;;;;;;;;;;;;233;;
SCM;13.08.2008 00:00;;;;;;;;;966.8;;;;1015.1;1.2;6.1;4.3;22;;;;;;;;;;;;;;;;180;;
SCM;14.08.2008 00:00;;;;;;;;;967.8;;;;1016.1;0.9;9.3;3.2;33.5;;;;;;;;;;;;;;;;270;;
SCM;15.08.2008 00:00;;;;;;;;;965.1;;;;1013.4;3.1;12.5;11.2;45;;;;;;;;;;;;;;;;265;;
SCM;16.08.2008 00:00;;;;;;;;;964.5;;;;1012.8;1.7;11.7;6.1;42.1;;;;;;;;;;;;;;;;80;;
SCM;17.08.2008 00:00;;;;;;;;;965.6;;;;1013.8;1.2;6;4.3;21.6;;;;;;;;;;;;;;;;76;;
SCM;18.08.2008 00:00;;;;;;;;;967.8;;;;1016.2;2.2;8.8;7.9;31.7;;;;;;;;;;;;;;;;112;;
SCM;19.08.2008 00:00;;;;;;;;;967.3;;;;1015.7;2.1;16.7;7.6;60.1;;;;;;;;;;;;;;;;225;;
SCM;20.08.2008 00:00;;;;;;;;;970.8;;;;1019.4;0.7;2.6;2.5;9.4;;;;;;;;;;;;;;;;101;;
SCM;21.08.2008 00:00;;;;;;;;;971.8;;;;1020.4;1;4.3;3.6;15.5;;;;;;;;;;;;;;;;233;;
SCM;22.08.2008 00:00;;;;;;;;;967.8;;;;1016.2;1.3;17.5;4.7;63;;;;;;;;;;;;;;;;252;;
SCM;23.08.2008 00:00;;;;;;;;;968.2;;;;1016.6;1.5;8;5.4;28.8;;;;;;;;;;;;;;;;180;;
SCM;24.08.2008 00:00;;;;;;;;;968.1;;;;1016.6;1.7;6;6.1;21.6;;;;;;;;;;;;;;;;207;;
SCM;25.08.2008 00:00;;;;;;;;;970.9;;;;1019.5;0.8;3.1;2.9;11.2;;;;;;;;;;;;;;;;108;;
SCM;26.08.2008 00:00;;;;;;;;;974.7;;;;1023.4;0.9;3.3;3.2;11.9;;;;;;;;;;;;;;;;236;;
SCM;27.08.2008 00:00;;;;;;;;;973.8;;;;1022.4;1.4;5.8;5;20.9;;;;;;;;;;;;;;;;246;;
SCM;28.08.2008 00:00;;;;;;;;;972.2;;;;1020.7;1.3;4.8;4.7;17.3;;;;;;;;;;;;;;;;243;;
SCM;29.08.2008 00:00;;;;;;;;;971.3;;;;1019.8;1.1;5.2;4;18.7;;;;;;;;;;;;;;;;248;;
SCM;30.08.2008 00:00;;;;;;;;;969.4;;;;1017.8;1.1;5.2;4;18.7;;;;;;;;;;;;;;;;248;;
SCM;31.08.2008 00:00;;;;;;;;;968.1;;;;1016.5;1;8.3;3.6;29.9;;;;;;;;;;;;;;;;101;;
SCM;01.09.2008 00:00;;;;;;;;;970.5;;;;1019;1.2;6;4.3;21.6;;;;;;;;;;;;;;;;101;;
SCM;02.09.2008 00:00;;;;;;;;;966.5;;;;1014.8;1.4;10.6;5;38.2;;;;;;;;;;;;;;;;124;;
SCM;03.09.2008 00:00;;;;;;;;;962;;;;1010.1;2.1;17.1;7.6;61.6;;;;;;;;;;;;;;;;225;;
SCM;04.09.2008 00:00;;;;;;;;;962;;;;1010.2;1.3;7.5;4.7;27;;;;;;;;;;;;;;;;99;;
SCM;05.09.2008 00:00;;;;;;;;;959.2;;;;1007.3;3.2;14.2;11.5;51.1;;;;;;;;;;;;;;;;112;;
SCM;06.09.2008 00:00;;;;;;;;;962.2;;;;1010.3;2.3;10.2;8.3;36.7;;;;;;;;;;;;;;;;256;;
SCM;07.09.2008 00:00;;;;;;;;;967.3;;;;1015.7;2.2;11.6;7.9;41.8;;;;;;;;;;;;;;;;97;;
SCM;08.09.2008 00:00;;;;;;;;;970.4;;;;1018.9;1.5;6;5.4;21.6;;;;;;;;;;;;;;;;180;;
SCM;09.09.2008 00:00;;;;;;;;;970.6;;;;1019.1;1.1;7.3;4;26.3;;;;;;;;;;;;;;;;90;;
SCM;10.09.2008 00:00;;;;;;;;;970.3;;;;1018.8;2.3;11.1;8.3;40;;;;;;;;;;;;;;;;99;;
SCM;11.09.2008 00:00;;;;;;;;;964.6;;;;1012.9;1.7;10;6.1;36;;;;;;;;;;;;;;;;90;;
SCM;12.09.2008 00:00;;;;;;;;;964.9;;;;1013.2;1.4;10.1;5;36.4;;;;;;;;;;;;;;;;270;;
SCM;13.09.2008 00:00;;;;;;;;;964.1;;;;1012.3;1.9;6.6;6.8;23.8;;;;;;;;;;;;;;;;270;;
SCM;14.09.2008 00:00;;;;;;;;;969.2;;;;1017.7;0.9;4.1;3.2;14.8;;;;;;;;;;;;;;;;297;;
SCM;15.09.2008 00:00;;;;;;;;;971.1;;;;1019.7;1.1;6.7;4;24.1;;;;;;;;;;;;;;;;135;;
SCM;16.09.2008 00:00;;;;;;;;;971.5;;;;1020.1;2.4;12.4;8.6;44.6;;;;;;;;;;;;;;;;74;;
SCM;17.09.2008 00:00;;;;;;;;;972;;;;1020.6;1.3;5.1;4.7;18.4;;;;;;;;;;;;;;;;252;;
SCM;18.09.2008 00:00;;;;;;;;;972.9;;;;1021.5;1.4;5.2;5;18.7;;;;;;;;;;;;;;;;239;;
SCM;19.09.2008 00:00;;;;;;;;;973.8;;;;1022.5;0.9;4.1;3.2;14.8;;;;;;;;;;;;;;;;0;;
SCM;20.09.2008 00:00;;;;;;;;;976.9;;;;1025.7;2.2;11.3;7.9;40.7;;;;;;;;;;;;;;;;69;;
SCM;21.09.2008 00:00;;;;;;;;;972.8;;;;1021.5;0.9;6.6;3.2;23.8;;;;;;;;;;;;;;;;270;;
SCM;22.09.2008 00:00;;;;;;;;;969.2;;;;1017.6;1.3;6.3;4.7;22.7;;;;;;;;;;;;;;;;90;;
SCM;23.09.2008 00:00;;;;;;;;;968;;;;1016.4;1.2;8.5;4.3;30.6;;;;;;;;;;;;;;;;67;;
SCM;24.09.2008 00:00;;;;;;;;;971.3;;;;1019.9;1.2;5;4.3;18;;;;;;;;;;;;;;;;248;;
SCM;25.09.2008 00:00;;;;;;;;;975.7;;;;1024.4;1.4;9.6;5;34.6;;;;;;;;;;;;;;;;34;;
SCM;26.09.2008 00:00;;;;;;;;;978.8;;;;1027.6;2.8;10.7;10.1;38.5;;;;;;;;;;;;;;;;78;;
SCM;27.09.2008 00:00;;;;;;;;;978.7;;;;1027.6;1.1;5.5;4;19.8;;;;;;;;;;;;;;;;233;;
SCM;28.09.2008 00:00;;;;;;;;;976.4;;;;1025.2;1.3;5.3;4.7;19.1;;;;;;;;;;;;;;;;225;;
SCM;29.09.2008 00:00;;;;;;;;;971.3;;;;1019.8;1.1;6;4;21.6;;;;;;;;;;;;;;;;207;;
SCM;30.09.2008 00:00;;;;;;;;;967.4;;;;1015.8;1.2;7.2;4.3;25.9;;;;;;;;;;;;;;;;270;;
SCM;01.10.2008 00:00;;;;;;;;;963.6;;;;1011.9;3.2;12.7;11.5;45.7;;;;;;;;;;;;;;;;275;;
SCM;02.10.2008 00:00;;;;;;;;;961.7;;;;1009.9;1.4;8.5;5;;;;;;;;;;;;;;;;;;;
SCM;03.10.2008 00:00;;;;;;;;;963.6;;;;1011.8;1.3;11;4.7;39.6;;;;;;;;;;;;;;;;72;;
SCM;04.10.2008 00:00;;;;;;;;;971.5;;;;1020.1;2.6;10.7;9.4;38.5;;;;;;;;;;;;;;;;286;;
SCM;05.10.2008 00:00;;;;;;;;;969;;;;1017.4;1.5;8.7;5.4;31.3;;;;;;;;;;;;;;;;101;;
SCM;06.10.2008 00:00;;;;;;;;;970.9;;;;1019.5;1.1;6.5;4;23.4;;;;;;;;;;;;;;;;83;;
SCM;07.10.2008 00:00;;;;;;;;;969.7;;;;1018.2;1.2;6.5;4.3;23.4;;;;;;;;;;;;;;;;90;;
SCM;08.10.2008 00:00;;;;;;;;;968.6;;;;1017.1;0.9;5.5;3.2;19.8;;;;;;;;;;;;;;;;90;;
SCM;09.10.2008 00:00;;;;;;;;;978.9;;;;1027.8;1.4;5.5;5;19.8;;;;;;;;;;;;;;;;236;;
SCM;10.10.2008 00:00;;;;;;;;;984.1;;;;1033.2;1.3;4.6;4.7;16.6;;;;;;;;;;;;;;;;240;;
SCM;11.10.2008 00:00;;;;;;;;;982.9;;;;1032;0.8;6;2.9;21.6;;;;;;;;;;;;;;;;63;;
SCM;12.10.2008 00:00;;;;;;;;;980.4;;;;1029.4;1;6.1;3.6;22;;;;;;;;;;;;;;;;90;;
SCM;13.10.2008 00:00;;;;;;;;;975.7;;;;1024.4;0.9;4.8;3.2;17.3;;;;;;;;;;;;;;;;76;;
SCM;14.10.2008 00:00;;;;;;;;;973.9;;;;1022.5;0.7;3.8;2.5;13.7;;;;;;;;;;;;;;;;90;;
SCM;15.10.2008 00:00;;;;;;;;;971.9;;;;1020.5;0.7;4.2;2.5;15.1;;;;;;;;;;;;;;;;90;;
SCM;16.10.2008 00:00;;;;;;;;;967.8;;;;1016.2;1.4;13.5;5;48.6;;;;;;;;;;;;;;;;252;;
SCM;17.10.2008 00:00;;;;;;;;;971.5;;;;1020;1.4;5.6;5;20.2;;;;;;;;;;;;;;;;146;;
SCM;18.10.2008 00:00;;;;;;;;;971.9;;;;1020.5;0.8;5.6;2.9;20.2;;;;;;;;;;;;;;;;135;;
SCM;19.10.2008 00:00;;;;;;;;;975.3;;;;1024;1.4;9.1;5;32.8;;;;;;;;;;;;;;;;99;;
SCM;20.10.2008 00:00;;;;;;;;;973.1;;;;1021.7;1.3;6.5;4.7;23.4;;;;;;;;;;;;;;;;84;;
SCM;21.10.2008 00:00;;;;;;;;;967.6;;;;1016;1.1;9.7;4;34.9;;;;;;;;;;;;;;;;79;;
SCM;22.10.2008 00:00;;;;;;;;;972.1;;;;1020.7;3.2;8.6;11.5;31;;;;;;;;;;;;;;;;259;;
SCM;23.10.2008 00:00;;;;;;;;;978.2;;;;1027;1.4;7.6;5;27.4;;;;;;;;;;;;;;;;58;;
SCM;24.10.2008 00:00;;;;;;;;;977.4;;;;1026.2;0.8;4.1;2.9;14.8;;;;;;;;;;;;;;;;207;;
SCM;25.10.2008 00:00;;;;;;;;;982.1;;;;1031.2;1.2;8.2;4.3;29.5;;;;;;;;;;;;;;;;225;;
SCM;26.10.2008 00:00;;;;;;;;;977.4;;;;1026.2;1.2;6.7;4.3;24.1;;;;;;;;;;;;;;;;180;;
SCM;27.10.2008 00:00;;;;;;;;;964;;;;1012.2;1.1;4.7;4;16.9;;;;;;;;;;;;;;;;90;;
SCM;28.10.2008 00:00;;;;;;;;;961.5;;;;1009.6;1.4;8.3;5;29.9;;;;;;;;;;;;;;;;263;;
SCM;29.10.2008 00:00;;;;;;;;;956.4;;;;1004.3;1.6;7.2;5.8;25.9;;;;;;;;;;;;;;;;279;;
SCM;30.10.2008 00:00;;;;;;;;;951.2;;;;998.9;1;4.6;3.6;16.6;;;;;;;;;;;;;;;;81;;
SCM;31.10.2008 00:00;;;;;;;;;957.8;;;;1005.8;1;4;3.6;14.4;;;;;;;;;;;;;;;;45;;
SCM;01.11.2008 00:00;;;;;;;;;960.1;;;;1008.2;1.2;5.3;4.3;19.1;;;;;;;;;;;;;;;;360;;
SCM;02.11.2008 00:00;;;;;;;;;965.8;;;;1014.1;1.3;8.2;4.7;29.5;;;;;;;;;;;;;;;;333;;
SCM;03.11.2008 00:00;;;;;;;;;964.9;;;;1013.2;2.5;11.2;9;40.3;;;;;;;;;;;;;;;;235;;
SCM;04.11.2008 00:00;;;;;;;;;965;;;;1013.3;1.2;7.3;4.3;26.3;;;;;;;;;;;;;;;;270;;
SCM;05.11.2008 00:00;;;;;;;;;963.8;;;;1012;1.2;6.8;4.3;24.5;;;;;;;;;;;;;;;;270;;
SCM;06.11.2008 00:00;;;;;;;;;967.4;;;;1015.8;1.2;4.8;4.3;17.3;;;;;;;;;;;;;;;;207;;
SCM;07.11.2008 00:00;;;;;;;;;968.7;;;;1017.1;0.8;3.3;2.9;11.9;;;;;;;;;;;;;;;;90;;
SCM;08.11.2008 00:00;;;;;;;;;973.6;;;;1022.2;0.8;3.2;2.9;11.5;;;;;;;;;;;;;;;;72;;
SCM;09.11.2008 00:00;;;;;;;;;977.3;;;;1026.1;0.9;4.5;3.2;16.2;;;;;;;;;;;;;;;;76;;
SCM;10.11.2008 00:00;;;;;;;;;976.2;;;;1024.9;1.3;9.5;4.7;34.2;;;;;;;;;;;;;;;;83;;
SCM;11.11.2008 00:00;;;;;;;;;970.5;;;;1019;1.6;8.2;5.8;29.5;;;;;;;;;;;;;;;;243;;
SCM;12.11.2008 00:00;;;;;;;;;971.4;;;;1020;0.9;4.2;3.2;15.1;;;;;;;;;;;;;;;;225;;
SCM;13.11.2008 00:00;;;;;;;;;974.5;;;;1023.2;0.9;6.1;3.2;22;;;;;;;;;;;;;;;;45;;
SCM;14.11.2008 00:00;;;;;;;;;978.5;;;;1027.3;1;3.5;3.6;12.6;;;;;;;;;;;;;;;;0;;
SCM;15.11.2008 00:00;;;;;;;;;980.2;;;;1029.1;1.1;5.1;4;18.4;;;;;;;;;;;;;;;;225;;
SCM;16.11.2008 00:00;;;;;;;;;981.3;;;;1030.3;0.9;3.2;3.2;11.5;;;;;;;;;;;;;;;;76;;
SCM;17.11.2008 00:00;;;;;;;;;979.3;;;;1028.2;1.2;5.1;4.3;18.4;;;;;;;;;;;;;;;;67;;
SCM;18.11.2008 00:00;;;;;;;;;969.6;;;;1018.1;1;3.6;3.6;13;;;;;;;;;;;;;;;;83;;
SCM;19.11.2008 00:00;;;;;;;;;972.7;;;;1021.3;0.8;4.1;2.9;14.8;;;;;;;;;;;;;;;;90;;
SCM;20.11.2008 00:00;;;;;;;;;971.5;;;;1020.1;2.5;10.2;9;36.7;;;;;;;;;;;;;;;;276;;
SCM;21.11.2008 00:00;;;;;;;;;961.1;;;;1009.2;4.1;15.6;14.8;56.2;;;;;;;;;;;;;;;;284;;
SCM;22.11.2008 00:00;;;;;;;;;960.1;;;;1008.2;5.8;16.8;20.9;60.5;;;;;;;;;;;;;;;;274;;
SCM;23.11.2008 00:00;;;;;;;;;958.4;;;;1006.4;2.7;19;9.7;68.4;;;;;;;;;;;;;;;;180;;
SCM;24.11.2008 00:00;;;;;;;;;948.3;;;;995.9;2.7;17.7;9.7;63.7;;;;;;;;;;;;;;;;110;;
SCM;25.11.2008 00:00;;;;;;;;;963;;;;1011.3;1;4.7;3.6;16.9;;;;;;;;;;;;;;;;270;;
SCM;26.11.2008 00:00;;;;;;;;;976.5;;;;1025.3;0.9;5.8;3.2;20.9;;;;;;;;;;;;;;;;101;;
SCM;27.11.2008 00:00;;;;;;;;;973.8;;;;1022.5;1.1;3.6;4;13;;;;;;;;;;;;;;;;90;;
SCM;28.11.2008 00:00;;;;;;;;;957;;;;1004.9;1;4.1;3.6;14.8;;;;;;;;;;;;;;;;90;;
SCM;29.11.2008 00:00;;;;;;;;;948.3;;;;995.9;1.2;4.5;4.3;16.2;;;;;;;;;;;;;;;;0;;
SCM;30.11.2008 00:00;;;;;;;;;948.6;;;;996.3;1.4;7.8;5;28.1;;;;;;;;;;;;;;;;270;;
SCM;01.12.2008 00:00;;;;;;;;;952.1;;;;999.8;1.1;4.7;4;16.9;;;;;;;;;;;;;;;;90;;
SCM;02.12.2008 00:00;;;;;;;;;962.7;;;;1010.9;0.9;5.6;3.2;20.2;;;;;;;;;;;;;;;;45;;
SCM;03.12.2008 00:00;;;;;;;;;957.6;;;;1005.6;2;12.5;7.2;45;;;;;;;;;;;;;;;;106;;
SCM;04.12.2008 00:00;;;;;;;;;953.2;;;;1001;2;10.9;7.2;39.2;;;;;;;;;;;;;;;;85;;
SCM;05.12.2008 00:00;;;;;;;;;949.6;;;;997.2;1.9;9.7;6.8;34.9;;;;;;;;;;;;;;;;90;;
SCM;06.12.2008 00:00;;;;;;;;;962.7;;;;1011;1.8;9.3;6.5;33.5;;;;;;;;;;;;;;;;333;;
SCM;07.12.2008 00:00;;;;;;;;;976.3;;;;1025;1.1;5.5;4;19.8;;;;;;;;;;;;;;;;59;;
SCM;08.12.2008 00:00;;;;;;;;;977.3;;;;1026.1;1.3;7.6;4.7;27.4;;;;;;;;;;;;;;;;90;;
SCM;09.12.2008 00:00;;;;;;;;;969.2;;;;1017.7;1.2;6.8;4.3;24.5;;;;;;;;;;;;;;;;90;;
SCM;10.12.2008 00:00;;;;;;;;;962.5;;;;1010.6;0.9;3.1;3.2;11.2;;;;;;;;;;;;;;;;284;;
SCM;11.12.2008 00:00;;;;;;;;;962.1;;;;1010.3;1.2;4;4.3;14.4;;;;;;;;;;;;;;;;280;;
SCM;12.12.2008 00:00;;;;;;;;;967.6;;;;1016;0.7;2.8;2.5;10.1;;;;;;;;;;;;;;;;304;;
SCM;13.12.2008 00:00;;;;;;;;;958.5;;;;1006.6;1.1;6.5;4;23.4;;;;;;;;;;;;;;;;270;;
SCM;14.12.2008 00:00;;;;;;;;;950.9;;;;998.6;2.1;8.2;7.6;29.5;;;;;;;;;;;;;;;;270;;
SCM;15.12.2008 00:00;;;;;;;;;960.1;;;;1008.2;0.8;4.5;2.9;16.2;;;;;;;;;;;;;;;;297;;
SCM;16.12.2008 00:00;;;;;;;;;963.1;;;;1011.3;0.9;3;3.2;10.8;;;;;;;;;;;;;;;;27;;
SCM;17.12.2008 00:00;;;;;;;;;965.1;;;;1013.4;0.6;2.5;2.2;9;;;;;;;;;;;;;;;;63;;
SCM;18.12.2008 00:00;;;;;;;;;972.8;;;;1021.4;0.7;2.3;2.5;8.3;;;;;;;;;;;;;;;;76;;
SCM;19.12.2008 00:00;;;;;;;;;977.9;;;;1026.7;0.9;3.2;3.2;11.5;;;;;;;;;;;;;;;;83;;
SCM;20.12.2008 00:00;;;;;;;;;982.3;;;;1031.3;0.9;4.2;3.2;15.1;;;;;;;;;;;;;;;;90;;
SCM;21.12.2008 00:00;;;;;;;;;985.7;;;;1034.8;0.5;2.3;1.8;8.3;;;;;;;;;;;;;;;;90;;
SCM;22.12.2008 00:00;;;;;;;;;986.3;;;;1035.4;0.5;3;1.8;10.8;;;;;;;;;;;;;;;;90;;
SCM;23.12.2008 00:00;;;;;;;;;985;;;;1034.1;0.8;4.5;2.9;16.2;;;;;;;;;;;;;;;;270;;
SCM;24.12.2008 00:00;;;;;;;;;982;;;;1031;0.8;3.6;2.9;13;;;;;;;;;;;;;;;;45;;
SCM;25.12.2008 00:00;;;;;;;;;976.4;;;;1025.2;3;15;10.8;54;;;;;;;;;;;;;;;;68;;
SCM;26.12.2008 00:00;;;;;;;;;977.9;;;;1026.7;4.8;13.5;17.3;48.6;;;;;;;;;;;;;;;;65;;
SCM;27.12.2008 00:00;;;;;;;;;979.2;;;;1028;3.2;10.8;11.5;38.9;;;;;;;;;;;;;;;;82;;
SCM;28.12.2008 00:00;;;;;;;;;976.2;;;;1024.9;1.5;6.6;5.4;23.8;;;;;;;;;;;;;;;;90;;
SCM;29.12.2008 00:00;;;;;;;;;979.3;;;;1028.1;0.8;3;2.9;10.8;;;;;;;;;;;;;;;;101;;
SCM;30.12.2008 00:00;;;;;;;;;981;;;;1029.9;1;5.1;3.6;18.4;;;;;;;;;;;;;;;;45;;
SCM;31.12.2008 00:00;;;;;;;;;977.2;;;;1026;1.3;7;4.7;25.2;;;;;;;;;;;;;;;;0;;
SCM;01.01.2009 00:00;;;;;;;;;977.2;;;;1026;1.2;6.6;4.3;23.8;;;;;;;;;;;;;;;;117;;
SCM;02.01.2009 00:00;;;;;;;;;974.5;;;;1023.2;1.6;9.1;5.8;32.8;;;;;;;;;;;;;;;;70;;
SCM;03.01.2009 00:00;;;;;;;;;973.6;;;;1022.3;1.9;8.2;6.8;29.5;;;;;;;;;;;;;;;;43;;
SCM;04.01.2009 00:00;;;;;;;;;972;;;;1020.5;1;3.5;3.6;12.6;;;;;;;;;;;;;;;;99;;
SCM;05.01.2009 00:00;;;;;;;;;967.9;;;;1016.3;1.1;4;4;14.4;;;;;;;;;;;;;;;;104;;
SCM;06.01.2009 00:00;;;;;;;;;966.9;;;;1015.3;1.2;4.8;4.3;17.3;;;;;;;;;;;;;;;;63;;
SCM;07.01.2009 00:00;;;;;;;;;969.1;;;;1017.6;3.3;10.3;11.9;37.1;;;;;;;;;;;;;;;;54;;
SCM;08.01.2009 00:00;;;;;;;;;975;;;;1023.7;2.8;11.5;10.1;41.4;;;;;;;;;;;;;;;;58;;
SCM;09.01.2009 00:00;;;;;;;;;978.5;;;;1027.4;0.9;3;3.2;10.8;;;;;;;;;;;;;;;;101;;
SCM;10.01.2009 00:00;;;;;;;;;979.5;;;;1028.4;1;3.7;3.6;13.3;;;;;;;;;;;;;;;;63;;
SCM;11.01.2009 00:00;;;;;;;;;983.6;;;;1032.6;1.1;4.3;4;15.5;;;;;;;;;;;;;;;;45;;
SCM;12.01.2009 00:00;;;;;;;;;979.7;;;;1028.6;1;3.2;3.6;11.5;;;;;;;;;;;;;;;;90;;
SCM;13.01.2009 00:00;;;;;;;;;971.3;;;;1019.8;1.1;4;4;14.4;;;;;;;;;;;;;;;;63;;
SCM;14.01.2009 00:00;;;;;;;;;968.2;;;;1016.6;0.9;4.3;3.2;15.5;;;;;;;;;;;;;;;;90;;
SCM;15.01.2009 00:00;;;;;;;;;970.6;;;;1019.1;1;5.2;3.6;18.7;;;;;;;;;;;;;;;;90;;
SCM;16.01.2009 00:00;;;;;;;;;975.5;;;;1024.2;1;4.6;3.6;16.6;;;;;;;;;;;;;;;;104;;
SCM;17.01.2009 00:00;;;;;;;;;974.4;;;;1023.1;1.1;14.2;4;51.1;;;;;;;;;;;;;;;;79;;
SCM;18.01.2009 00:00;;;;;;;;;963.9;;;;1012.2;1.6;12.1;5.8;43.6;;;;;;;;;;;;;;;;72;;
SCM;19.01.2009 00:00;;;;;;;;;955.1;;;;1003;3;19.1;10.8;68.8;;;;;;;;;;;;;;;;108;;
SCM;20.01.2009 00:00;;;;;;;;;952.6;;;;1000.4;0.9;10.5;3.2;37.8;;;;;;;;;;;;;;;;90;;
SCM;21.01.2009 00:00;;;;;;;;;959.9;;;;1008;0.6;2.5;2.2;9;;;;;;;;;;;;;;;;108;;
SCM;22.01.2009 00:00;;;;;;;;;957.7;;;;1005.7;1.7;9.6;6.1;34.6;;;;;;;;;;;;;;;;225;;
SCM;23.01.2009 00:00;;;;;;;;;941.4;;;;988.8;4.3;22.7;15.5;81.7;;;;;;;;;;;;;;;;233;;
SCM;24.01.2009 00:00;;;;;;;;;942.4;;;;989.8;1.4;9.3;5;33.5;;;;;;;;;;;;;;;;90;;
SCM;25.01.2009 00:00;;;;;;;;;951.2;;;;999;1.3;7.3;4.7;26.3;;;;;;;;;;;;;;;;106;;
SCM;26.01.2009 00:00;;;;;;;;;952.9;;;;1000.7;0.8;4.2;2.9;15.1;;;;;;;;;;;;;;;;225;;
SCM;27.01.2009 00:00;;;;;;;;;962.6;;;;1010.8;0.9;3.3;3.2;11.9;;;;;;;;;;;;;;;;270;;
SCM;28.01.2009 00:00;;;;;;;;;967.1;;;;1015.5;0.9;5.1;3.2;18.4;;;;;;;;;;;;;;;;315;;
SCM;29.01.2009 00:00;;;;;;;;;968.5;;;;1016.9;1.7;6.5;6.1;23.4;;;;;;;;;;;;;;;;73;;
SCM;30.01.2009 00:00;;;;;;;;;970.1;;;;1018.6;1.6;7.2;5.8;25.9;;;;;;;;;;;;;;;;80;;
SCM;31.01.2009 00:00;;;;;;;;;965.6;;;;1014;2.7;10.2;9.7;36.7;;;;;;;;;;;;;;;;48;;
SCM;01.02.2009 00:00;;;;;;;;;956.2;;;;1004.2;1.7;6.7;6.1;24.1;;;;;;;;;;;;;;;;63;;
SCM;02.02.2009 00:00;;;;;;;;;950.5;;;;998.2;1.8;7.5;6.5;27;;;;;;;;;;;;;;;;266;;
SCM;03.02.2009 00:00;;;;;;;;;950.9;;;;998.6;0.8;4.2;2.9;15.1;;;;;;;;;;;;;;;;243;;
SCM;04.02.2009 00:00;;;;;;;;;951;;;;998.7;0.8;4.3;2.9;15.5;;;;;;;;;;;;;;;;90;;
SCM;05.02.2009 00:00;;;;;;;;;950.5;;;;998.3;1.2;7.3;4.3;26.3;;;;;;;;;;;;;;;;261;;
SCM;06.02.2009 00:00;;;;;;;;;945.4;;;;992.9;1.1;5;4;18;;;;;;;;;;;;;;;;256;;
SCM;07.02.2009 00:00;;;;;;;;;942.7;;;;990.1;1;4.5;3.6;16.2;;;;;;;;;;;;;;;;284;;
SCM;08.02.2009 00:00;;;;;;;;;955.8;;;;1003.7;1.8;7.1;6.5;25.6;;;;;;;;;;;;;;;;261;;
SCM;09.02.2009 00:00;;;;;;;;;961.4;;;;1009.5;1.3;17.2;4.7;61.9;;;;;;;;;;;;;;;;153;;
SCM;10.02.2009 00:00;;;;;;;;;954.7;;;;1002.6;7.3;30;26.3;108;;;;;;;;;;;;;;;;266;;
SCM;11.02.2009 00:00;;;;;;;;;966.2;;;;1014.5;3.6;13.5;13;48.6;;;;;;;;;;;;;;;;268;;
SCM;12.02.2009 00:00;;;;;;;;;968.6;;;;1017.1;1.3;7.6;4.7;27.4;;;;;;;;;;;;;;;;270;;
SCM;13.02.2009 00:00;;;;;;;;;971.4;;;;1020;1.4;5.7;5;20.5;;;;;;;;;;;;;;;;284;;
SCM;14.02.2009 00:00;;;;;;;;;973.6;;;;1022.3;0.8;3.3;2.9;11.9;;;;;;;;;;;;;;;;90;;
SCM;15.02.2009 00:00;;;;;;;;;978.6;;;;1027.4;0.9;2.8;3.2;10.1;;;;;;;;;;;;;;;;90;;
SCM;16.02.2009 00:00;;;;;;;;;975.9;;;;1024.7;1;3.7;3.6;13.3;;;;;;;;;;;;;;;;79;;
SCM;17.02.2009 00:00;;;;;;;;;971.5;;;;1020.1;0.7;6;2.5;21.6;;;;;;;;;;;;;;;;76;;
SCM;18.02.2009 00:00;;;;;;;;;974.8;;;;1023.5;1.2;6.5;4.3;23.4;;;;;;;;;;;;;;;;281;;
SCM;19.02.2009 00:00;;;;;;;;;977.7;;;;1026.5;1.2;4.7;4.3;16.9;;;;;;;;;;;;;;;;236;;
SCM;20.02.2009 00:00;;;;;;;;;981.1;;;;1030;1;8.2;3.6;29.5;;;;;;;;;;;;;;;;81;;
SCM;21.02.2009 00:00;;;;;;;;;981.1;;;;1030;0.6;3.8;2.2;13.7;;;;;;;;;;;;;;;;225;;
SCM;22.02.2009 00:00;;;;;;;;;977.7;;;;1026.5;0.6;3;2.2;10.8;;;;;;;;;;;;;;;;90;;
SCM;23.02.2009 00:00;;;;;;;;;971.9;;;;1020.5;1;7.1;3.6;25.6;;;;;;;;;;;;;;;;90;;
SCM;24.02.2009 00:00;;;;;;;;;974.3;;;;1023;0.6;3.3;2.2;11.9;;;;;;;;;;;;;;;;117;;
SCM;25.02.2009 00:00;;;;;;;;;979.8;;;;1028.6;1.2;5.1;4.3;18.4;;;;;;;;;;;;;;;;104;;
SCM;26.02.2009 00:00;;;;;;;;;976.5;;;;1025.3;1;6.8;3.6;24.5;;;;;;;;;;;;;;;;82;;
SCM;27.02.2009 00:00;;;;;;;;;973.7;;;;1022.4;1;4.3;3.6;15.5;;;;;;;;;;;;;;;;83;;
SCM;28.02.2009 00:00;;;;;;;;;967.9;;;;1016.3;1.5;6.5;5.4;23.4;;;;;;;;;;;;;;;;207;;
SCM;01.03.2009 00:00;;;;;;;;;964.8;;;;1013.1;0.7;3.5;2.5;12.6;;;;;;;;;;;;;;;;90;;
SCM;02.03.2009 00:00;;;;;;;;;967.4;;;;1015.8;0.8;4.8;2.9;17.3;;;;;;;;;;;;;;;;90;;
SCM;03.03.2009 00:00;;;;;;;;;966.2;;;;1014.5;0.5;3.1;1.8;11.2;;;;;;;;;;;;;;;;180;;
SCM;04.03.2009 00:00;;;;;;;;;946.9;;;;994.5;1.4;5;5;18;;;;;;;;;;;;;;;;243;;
SCM;05.03.2009 00:00;;;;;;;;;939.3;;;;986.6;0.7;2.2;2.5;7.9;;;;;;;;;;;;;;;;104;;
SCM;06.03.2009 00:00;;;;;;;;;951.2;;;;998.9;2.3;9;8.3;32.4;;;;;;;;;;;;;;;;295;;
SCM;07.03.2009 00:00;;;;;;;;;966.1;;;;1014.4;1.9;8.7;6.8;31.3;;;;;;;;;;;;;;;;249;;
SCM;08.03.2009 00:00;;;;;;;;;965.7;;;;1014.1;1.8;8.3;6.5;29.9;;;;;;;;;;;;;;;;90;;
SCM;09.03.2009 00:00;;;;;;;;;967.9;;;;1016.3;3;19.5;10.8;70.2;;;;;;;;;;;;;;;;264;;
SCM;10.03.2009 00:00;;;;;;;;;968.9;;;;1017.3;1.3;7.3;4.7;26.3;;;;;;;;;;;;;;;;79;;
SCM;11.03.2009 00:00;;;;;;;;;973.5;;;;1022.1;1.5;9.6;5.4;34.6;;;;;;;;;;;;;;;;135;;
SCM;12.03.2009 00:00;;;;;;;;;977.3;;;;1026.1;1.8;8.7;6.5;31.3;;;;;;;;;;;;;;;;94;;
SCM;13.03.2009 00:00;;;;;;;;;973.9;;;;1022.6;1.1;6.3;4;22.7;;;;;;;;;;;;;;;;90;;
SCM;14.03.2009 00:00;;;;;;;;;971.5;;;;1020.1;1;8.6;3.6;31;;;;;;;;;;;;;;;;90;;
SCM;15.03.2009 00:00;;;;;;;;;978.3;;;;1027.2;0.9;7.7;3.2;27.7;;;;;;;;;;;;;;;;180;;
SCM;16.03.2009 00:00;;;;;;;;;981.6;;;;1030.6;1.6;6;5.8;21.6;;;;;;;;;;;;;;;;72;;
SCM;17.03.2009 00:00;;;;;;;;;981.8;;;;1030.8;1.1;6.7;4;24.1;;;;;;;;;;;;;;;;270;;
SCM;18.03.2009 00:00;;;;;;;;;980;;;;1028.9;1.6;7.6;5.8;27.4;;;;;;;;;;;;;;;;45;;
SCM;19.03.2009 00:00;;;;;;;;;974.2;;;;1022.8;1.7;10.1;6.1;36.4;;;;;;;;;;;;;;;;90;;
SCM;20.03.2009 00:00;;;;;;;;;977.2;;;;1026;2.7;12;9.7;43.2;;;;;;;;;;;;;;;;67;;
SCM;21.03.2009 00:00;;;;;;;;;977.7;;;;1026.5;2;8.6;7.2;31;;;;;;;;;;;;;;;;77;;
SCM;22.03.2009 00:00;;;;;;;;;977.5;;;;1026.3;0.9;5.2;3.2;18.7;;;;;;;;;;;;;;;;180;;
SCM;23.03.2009 00:00;;;;;;;;;969.8;;;;1018.3;2.7;18.2;9.7;65.5;;;;;;;;;;;;;;;;258;;
SCM;24.03.2009 00:00;;;;;;;;;962.2;;;;1010.4;4.7;22.8;16.9;82.1;;;;;;;;;;;;;;;;270;;
SCM;25.03.2009 00:00;;;;;;;;;961.3;;;;1009.4;2.4;16.2;8.6;58.3;;;;;;;;;;;;;;;;284;;
SCM;26.03.2009 00:00;;;;;;;;;963.5;;;;1011.7;2.2;15.7;7.9;56.5;;;;;;;;;;;;;;;;279;;
SCM;27.03.2009 00:00;;;;;;;;;958.7;;;;1006.7;1.6;5.8;5.8;20.9;;;;;;;;;;;;;;;;90;;
SCM;28.03.2009 00:00;;;;;;;;;955.4;;;;1003.3;1.9;10;6.8;36;;;;;;;;;;;;;;;;264;;
SCM;29.03.2009 00:00;;;;;;;;;960.4;;;;1008.6;1.3;3.2;4.7;11.5;;;;;;;;;;;;;;;;264;;
SCM;30.03.2009 00:00;;;;;;;;;967.4;;;;1015.8;1.9;10.3;6.8;37.1;;;;;;;;;;;;;;;;67;;
SCM;31.03.2009 00:00;;;;;;;;;969.5;;;;1018;1.7;7.8;6.1;28.1;;;;;;;;;;;;;;;;60;;
SCM;01.04.2009 00:00;;;;;;;;;965.2;;;;1013.5;2.1;6.5;7.6;23.4;;;;;;;;;;;;;;;;249;;
SCM;02.04.2009 00:00;;;;;;;;;965.2;;;;1013.6;0.7;3.5;2.5;12.6;;;;;;;;;;;;;;;;252;;
SCM;03.04.2009 00:00;;;;;;;;;969.9;;;;1018.4;1.4;5.1;5;18.4;;;;;;;;;;;;;;;;243;;
SCM;04.04.2009 00:00;;;;;;;;;972.1;;;;1020.7;1.1;4.2;4;15.1;;;;;;;;;;;;;;;;256;;
SCM;05.04.2009 00:00;;;;;;;;;971.9;;;;1020.4;1.1;4.5;4;16.2;;;;;;;;;;;;;;;;270;;
SCM;06.04.2009 00:00;;;;;;;;;966.9;;;;1015.2;1.2;4.6;4.3;16.6;;;;;;;;;;;;;;;;256;;
SCM;07.04.2009 00:00;;;;;;;;;964.1;;;;1012.4;1.7;8.5;6.1;30.6;;;;;;;;;;;;;;;;252;;
SCM;08.04.2009 00:00;;;;;;;;;968.7;;;;1017.1;1.1;6;4;21.6;;;;;;;;;;;;;;;;225;;
SCM;09.04.2009 00:00;;;;;;;;;967.5;;;;1015.9;1.2;5.8;4.3;20.9;;;;;;;;;;;;;;;;259;;
SCM;10.04.2009 00:00;;;;;;;;;961.3;;;;1009.5;3.8;11.6;13.7;41.8;;;;;;;;;;;;;;;;112;;
SCM;11.04.2009 00:00;;;;;;;;;959.9;;;;1008;3.9;14.5;14;52.2;;;;;;;;;;;;;;;;117;;
SCM;12.04.2009 00:00;;;;;;;;;960.4;;;;1008.5;1.8;10.2;6.5;36.7;;;;;;;;;;;;;;;;180;;
SCM;13.04.2009 00:00;;;;;;;;;959.7;;;;1007.8;1.2;10.2;4.3;36.7;;;;;;;;;;;;;;;;45;;
SCM;14.04.2009 00:00;;;;;;;;;960.3;;;;1008.4;1.4;7.3;5;26.3;;;;;;;;;;;;;;;;360;;
SCM;15.04.2009 00:00;;;;;;;;;960.2;;;;1008.3;2.6;12.2;9.4;43.9;;;;;;;;;;;;;;;;118;;
SCM;16.04.2009 00:00;;;;;;;;;960.1;;;;1008.2;2.7;21.6;9.7;77.8;;;;;;;;;;;;;;;;236;;
SCM;17.04.2009 00:00;;;;;;;;;962.5;;;;1010.7;1.2;12.5;4.3;45;;;;;;;;;;;;;;;;90;;
SCM;18.04.2009 00:00;;;;;;;;;965.2;;;;1013.5;1.1;8.6;4;31;;;;;;;;;;;;;;;;233;;
SCM;19.04.2009 00:00;;;;;;;;;968.5;;;;1017;1;4;3.6;14.4;;;;;;;;;;;;;;;;252;;
SCM;20.04.2009 00:00;;;;;;;;;969.4;;;;1017.9;1.1;10;4;36;;;;;;;;;;;;;;;;262;;
SCM;21.04.2009 00:00;;;;;;;;;970.2;;;;1018.7;1.2;8.5;4.3;30.6;;;;;;;;;;;;;;;;90;;
SCM;22.04.2009 00:00;;;;;;;;;971.4;;;;1020;1.2;13.5;4.3;48.6;;;;;;;;;;;;;;;;252;;
SCM;23.04.2009 00:00;;;;;;;;;971.9;;;;1020.4;2.2;10.5;7.9;37.8;;;;;;;;;;;;;;;;239;;
SCM;24.04.2009 00:00;;;;;;;;;967.6;;;;1016;3.6;15.6;13;56.2;;;;;;;;;;;;;;;;112;;
SCM;25.04.2009 00:00;;;;;;;;;964.9;;;;1013.2;6.1;18.5;22;66.6;;;;;;;;;;;;;;;;124;;
SCM;26.04.2009 00:00;;;;;;;;;960;;;;1008.1;4.6;18.7;16.6;67.3;;;;;;;;;;;;;;;;119;;
SCM;27.04.2009 00:00;;;;;;;;;958.2;;;;1006.2;1.7;6.2;6.1;22.3;;;;;;;;;;;;;;;;257;;
SCM;28.04.2009 00:00;;;;;;;;;958.5;;;;1006.6;2.4;14.5;8.6;52.2;;;;;;;;;;;;;;;;112;;
SCM;29.04.2009 00:00;;;;;;;;;963.3;;;;1011.5;2.3;14.5;8.3;52.2;;;;;;;;;;;;;;;;107;;
SCM;30.04.2009 00:00;;;;;;;;;969.6;;;;1018.1;0.9;4.8;3.2;17.3;;;;;;;;;;;;;;;;180;;
SCM;01.05.2009 00:00;;;;;;;;;973;;;;1021.6;1.5;5.5;5.4;19.8;;;;;;;;;;;;;;;;247;;
SCM;02.05.2009 00:00;;;;;;;;;978.1;;;;1026.9;1.7;7.5;6.1;27;;;;;;;;;;;;;;;;101;;
SCM;03.05.2009 00:00;;;;;;;;;975.1;;;;1023.8;1.8;8.1;6.5;29.2;;;;;;;;;;;;;;;;259;;
SCM;04.05.2009 00:00;;;;;;;;;975.2;;;;1023.9;0.9;9.3;3.2;33.5;;;;;;;;;;;;;;;;236;;
SCM;05.05.2009 00:00;;;;;;;;;976.3;;;;1025;1.3;8;4.7;28.8;;;;;;;;;;;;;;;;239;;
SCM;06.05.2009 00:00;;;;;;;;;973.7;;;;1022.3;2.1;12.3;7.6;44.3;;;;;;;;;;;;;;;;266;;
SCM;07.05.2009 00:00;;;;;;;;;970.5;;;;1019;1.4;9.6;5;34.6;;;;;;;;;;;;;;;;90;;
SCM;08.05.2009 00:00;;;;;;;;;969.6;;;;1018.1;2.2;15.6;7.9;56.2;;;;;;;;;;;;;;;;101;;
SCM;09.05.2009 00:00;;;;;;;;;969.9;;;;1018.4;2.3;24.3;8.3;87.5;;;;;;;;;;;;;;;;180;;
SCM;10.05.2009 00:00;;;;;;;;;969.3;;;;1017.8;1.5;9.3;5.4;33.5;;;;;;;;;;;;;;;;270;;
SCM;11.05.2009 00:00;;;;;;;;;967.5;;;;1015.9;1.6;7.5;5.8;27;;;;;;;;;;;;;;;;247;;
SCM;12.05.2009 00:00;;;;;;;;;967.8;;;;1016.2;1.6;11.2;5.8;40.3;;;;;;;;;;;;;;;;180;;
SCM;13.05.2009 00:00;;;;;;;;;966.4;;;;1014.8;1.3;10.3;4.7;37.1;;;;;;;;;;;;;;;;108;;
SCM;14.05.2009 00:00;;;;;;;;;960.7;;;;1008.9;2;6.8;7.2;24.5;;;;;;;;;;;;;;;;247;;
SCM;15.05.2009 00:00;;;;;;;;;961.4;;;;1009.6;2.4;10.2;8.6;36.7;;;;;;;;;;;;;;;;262;;
SCM;16.05.2009 00:00;;;;;;;;;967.5;;;;1015.9;2.1;6.5;7.6;23.4;;;;;;;;;;;;;;;;241;;
SCM;17.05.2009 00:00;;;;;;;;;966.5;;;;1014.9;3.1;13.2;11.2;47.5;;;;;;;;;;;;;;;;124;;
SCM;18.05.2009 00:00;;;;;;;;;973.2;;;;1021.9;1.7;8.8;6.1;31.7;;;;;;;;;;;;;;;;198;;
SCM;19.05.2009 00:00;;;;;;;;;973.1;;;;1021.7;1.2;4;4.3;14.4;;;;;;;;;;;;;;;;252;;
SCM;20.05.2009 00:00;;;;;;;;;971.7;;;;1020.2;2.5;10.2;9;36.7;;;;;;;;;;;;;;;;101;;
SCM;21.05.2009 00:00;;;;;;;;;967.5;;;;1015.9;2.3;14;8.3;50.4;;;;;;;;;;;;;;;;108;;
SCM;22.05.2009 00:00;;;;;;;;;968.8;;;;1017.2;1.6;9.2;5.8;33.1;;;;;;;;;;;;;;;;265;;
SCM;23.05.2009 00:00;;;;;;;;;969.5;;;;1017.9;1.4;8.2;5;29.5;;;;;;;;;;;;;;;;262;;
SCM;24.05.2009 00:00;;;;;;;;;970.8;;;;1019.3;2;18.3;7.2;65.9;;;;;;;;;;;;;;;;105;;
SCM;25.05.2009 00:00;;;;;;;;;967.9;;;;1016.3;2.6;17.7;9.4;63.7;;;;;;;;;;;;;;;;94;;
SCM;26.05.2009 00:00;;;;;;;;;967.7;;;;1016.1;2.7;29.5;9.7;106.2;;;;;;;;;;;;;;;;248;;
SCM;27.05.2009 00:00;;;;;;;;;977.9;;;;1026.7;2.1;13.7;7.6;49.3;;;;;;;;;;;;;;;;252;;
SCM;28.05.2009 00:00;;;;;;;;;980.4;;;;1029.3;1.2;5.1;4.3;18.4;;;;;;;;;;;;;;;;231;;
SCM;29.05.2009 00:00;;;;;;;;;978;;;;1026.9;2.8;10.6;10.1;38.2;;;;;;;;;;;;;;;;68;;
SCM;30.05.2009 00:00;;;;;;;;;971.4;;;;1019.9;4.1;12.5;14.8;45;;;;;;;;;;;;;;;;85;;
SCM;31.05.2009 00:00;;;;;;;;;970.3;;;;1018.8;2;12.3;7.2;44.3;;;;;;;;;;;;;;;;85;;
SCM;01.06.2009 00:00;;;;;;;;;968.7;;;;1017.2;1.3;9;4.7;32.4;;;;;;;;;;;;;;;;252;;
SCM;02.06.2009 00:00;;;;;;;;;968.8;;;;1017.2;1.4;11.3;5;40.7;;;;;;;;;;;;;;;;270;;
SCM;03.06.2009 00:00;;;;;;;;;966.9;;;;1015.2;2;11;7.2;39.6;;;;;;;;;;;;;;;;259;;
SCM;04.06.2009 00:00;;;;;;;;;964.9;;;;1013.2;2.2;10;7.9;36;;;;;;;;;;;;;;;;270;;
SCM;05.06.2009 00:00;;;;;;;;;959.6;;;;1007.7;1.5;5.3;5.4;19.1;;;;;;;;;;;;;;;;231;;
SCM;06.06.2009 00:00;;;;;;;;;953.6;;;;1001.5;2.6;18.2;9.4;65.5;;;;;;;;;;;;;;;;93;;
SCM;07.06.2009 00:00;;;;;;;;;959.7;;;;1007.8;2.1;7.2;7.6;25.9;;;;;;;;;;;;;;;;127;;
SCM;08.06.2009 00:00;;;;;;;;;962.1;;;;1010.3;1.2;7.1;4.3;25.6;;;;;;;;;;;;;;;;180;;
SCM;09.06.2009 00:00;;;;;;;;;965.6;;;;1013.9;1.6;10.7;5.8;38.5;;;;;;;;;;;;;;;;98;;
SCM;10.06.2009 00:00;;;;;;;;;968.6;;;;1017.1;1.6;8.3;5.8;29.9;;;;;;;;;;;;;;;;162;;
SCM;11.06.2009 00:00;;;;;;;;;970.5;;;;1019;3.3;14.7;11.9;52.9;;;;;;;;;;;;;;;;275;;
SCM;12.06.2009 00:00;;;;;;;;;974.2;;;;1022.8;1.8;9.1;6.5;32.8;;;;;;;;;;;;;;;;262;;
SCM;13.06.2009 00:00;;;;;;;;;973;;;;1021.7;1.5;6;5.4;21.6;;;;;;;;;;;;;;;;225;;
SCM;14.06.2009 00:00;;;;;;;;;972;;;;1020.6;2;16.1;7.2;58;;;;;;;;;;;;;;;;153;;
SCM;15.06.2009 00:00;;;;;;;;;970.3;;;;1018.8;1.8;11.8;6.5;42.5;;;;;;;;;;;;;;;;0;;
SCM;16.06.2009 00:00;;;;;;;;;974.3;;;;1023;0.9;3.5;3.2;12.6;;;;;;;;;;;;;;;;135;;
SCM;17.06.2009 00:00;;;;;;;;;973.5;;;;1022.2;1.5;6;5.4;21.6;;;;;;;;;;;;;;;;256;;
SCM;18.06.2009 00:00;;;;;;;;;971.4;;;;1019.9;1.6;12.8;5.8;46.1;;;;;;;;;;;;;;;;135;;
SCM;19.06.2009 00:00;;;;;;;;;971.4;;;;1019.9;1.5;7.1;5.4;25.6;;;;;;;;;;;;;;;;252;;
SCM;20.06.2009 00:00;;;;;;;;;972.5;;;;1021.1;1.1;7.3;4;26.3;;;;;;;;;;;;;;;;297;;
SCM;21.06.2009 00:00;;;;;;;;;972.8;;;;1021.4;1.4;5.6;5;20.2;;;;;;;;;;;;;;;;270;;
SCM;22.06.2009 00:00;;;;;;;;;974.1;;;;1022.8;1.5;6.5;5.4;23.4;;;;;;;;;;;;;;;;270;;
SCM;23.06.2009 00:00;;;;;;;;;973.2;;;;1021.8;1.2;4.5;4.3;16.2;;;;;;;;;;;;;;;;225;;
SCM;24.06.2009 00:00;;;;;;;;;967.5;;;;1015.9;2.2;10.2;7.9;36.7;;;;;;;;;;;;;;;;80;;
SCM;25.06.2009 00:00;;;;;;;;;963.3;;;;1011.5;1.6;5.2;5.8;18.7;;;;;;;;;;;;;;;;243;;
SCM;26.06.2009 00:00;;;;;;;;;963.2;;;;1011.4;1.1;11.6;4;41.8;;;;;;;;;;;;;;;;315;;
SCM;27.06.2009 00:00;;;;;;;;;966.7;;;;1015;0.7;4.6;2.5;16.6;;;;;;;;;;;;;;;;108;;
SCM;28.06.2009 00:00;;;;;;;;;966.7;;;;1015.1;1.5;4.8;5.4;17.3;;;;;;;;;;;;;;;;252;;
SCM;29.06.2009 00:00;;;;;;;;;968.4;;;;1016.8;1.1;6.5;4;23.4;;;;;;;;;;;;;;;;270;;
SCM;30.06.2009 00:00;;;;;;;;;970.4;;;;1019;1.1;5.1;4;18.4;;;;;;;;;;;;;;;;180;;
SCM;01.07.2009 00:00;;;;;;;;;971;;;;1019.6;1.3;6.5;4.7;23.4;;;;;;;;;;;;;;;;90;;
SCM;02.07.2009 00:00;;;;;;;;;968.7;;;;1017.2;1.4;6;5;21.6;;;;;;;;;;;;;;;;101;;
SCM;03.07.2009 00:00;;;;;;;;;967.5;;;;1015.9;1.9;11.8;6.8;42.5;;;;;;;;;;;;;;;;98;;
SCM;04.07.2009 00:00;;;;;;;;;965.4;;;;1013.7;1.5;9.8;5.4;35.3;;;;;;;;;;;;;;;;248;;
SCM;05.07.2009 00:00;;;;;;;;;963.7;;;;1011.9;1.3;12.8;4.7;46.1;;;;;;;;;;;;;;;;117;;
SCM;06.07.2009 00:00;;;;;;;;;963.5;;;;1011.8;1;6;3.6;21.6;;;;;;;;;;;;;;;;135;;
SCM;07.07.2009 00:00;;;;;;;;;963.9;;;;1012.2;1.4;8.3;5;29.9;;;;;;;;;;;;;;;;117;;
SCM;08.07.2009 00:00;;;;;;;;;967.6;;;;1016;1.4;9.6;5;34.6;;;;;;;;;;;;;;;;90;;
SCM;09.07.2009 00:00;;;;;;;;;969.3;;;;1017.8;1.7;9.1;6.1;32.8;;;;;;;;;;;;;;;;214;;
SCM;10.07.2009 00:00;;;;;;;;;969.9;;;;1018.4;1.9;7.7;6.8;27.7;;;;;;;;;;;;;;;;254;;
SCM;11.07.2009 00:00;;;;;;;;;970.6;;;;1019.2;1.3;5.7;4.7;20.5;;;;;;;;;;;;;;;;124;;
SCM;12.07.2009 00:00;;;;;;;;;967.7;;;;1016.1;1.5;9.2;5.4;33.1;;;;;;;;;;;;;;;;90;;
SCM;13.07.2009 00:00;;;;;;;;;966.2;;;;1014.5;0.9;5;3.2;18;;;;;;;;;;;;;;;;243;;
SCM;14.07.2009 00:00;;;;;;;;;966.5;;;;1014.9;1.7;9;6.1;32.4;;;;;;;;;;;;;;;;27;;
SCM;15.07.2009 00:00;;;;;;;;;971.7;;;;1020.3;1.8;8.3;6.5;29.9;;;;;;;;;;;;;;;;180;;
SCM;16.07.2009 00:00;;;;;;;;;972.1;;;;1020.7;1.3;8;4.7;28.8;;;;;;;;;;;;;;;;252;;
SCM;17.07.2009 00:00;;;;;;;;;966.4;;;;1014.8;2.4;16.3;8.6;58.7;;;;;;;;;;;;;;;;225;;
SCM;18.07.2009 00:00;;;;;;;;;969.4;;;;1017.8;2;11.2;7.2;40.3;;;;;;;;;;;;;;;;90;;
SCM;19.07.2009 00:00;;;;;;;;;972.2;;;;1020.8;1.7;7.8;6.1;28.1;;;;;;;;;;;;;;;;135;;
SCM;20.07.2009 00:00;;;;;;;;;972.3;;;;1020.8;1.2;5.1;4.3;18.4;;;;;;;;;;;;;;;;129;;
SCM;21.07.2009 00:00;;;;;;;;;968.1;;;;1016.5;2.6;12.1;9.4;43.6;;;;;;;;;;;;;;;;96;;
SCM;22.07.2009 00:00;;;;;;;;;964.7;;;;1013;3;17.8;10.8;64.1;;;;;;;;;;;;;;;;104;;
SCM;23.07.2009 00:00;;;;;;;;;962.6;;;;1010.8;3.8;18;13.7;64.8;;;;;;;;;;;;;;;;176;;
SCM;24.07.2009 00:00;;;;;;;;;969.9;;;;1018.5;1.9;9.6;6.8;34.6;;;;;;;;;;;;;;;;243;;
SCM;25.07.2009 00:00;;;;;;;;;976.5;;;;1025.3;1;4.8;3.6;17.3;;;;;;;;;;;;;;;;135;;
SCM;26.07.2009 00:00;;;;;;;;;973.5;;;;1022.2;1.6;7.5;5.8;27;;;;;;;;;;;;;;;;225;;
SCM;27.07.2009 00:00;;;;;;;;;968;;;;1016.4;1.8;21.6;6.5;77.8;;;;;;;;;;;;;;;;124;;
SCM;28.07.2009 00:00;;;;;;;;;973;;;;1021.6;1.5;5.2;5.4;18.7;;;;;;;;;;;;;;;;233;;
SCM;29.07.2009 00:00;;;;;;;;;970.4;;;;1018.9;1.3;8.6;4.7;31;;;;;;;;;;;;;;;;108;;
SCM;30.07.2009 00:00;;;;;;;;;973.8;;;;1022.4;1;8.6;3.6;31;;;;;;;;;;;;;;;;225;;
SCM;31.07.2009 00:00;;;;;;;;;972.5;;;;1021.1;1.5;7.1;5.4;25.6;;;;;;;;;;;;;;;;45;;
SCM;01.08.2009 00:00;;;;;;;;;966.5;;;;1014.8;1.4;9.5;5;34.2;;;;;;;;;;;;;;;;90;;
SCM;02.08.2009 00:00;;;;;;;;;966.6;;;;1015;2.1;24;7.6;86.4;;;;;;;;;;;;;;;;99;;
SCM;03.08.2009 00:00;;;;;;;;;968.5;;;;1016.9;1.5;5.7;5.4;20.5;;;;;;;;;;;;;;;;253;;
SCM;04.08.2009 00:00;;;;;;;;;972;;;;1020.6;1.6;8.1;5.8;29.2;;;;;;;;;;;;;;;;0;;
SCM;05.08.2009 00:00;;;;;;;;;971.2;;;;1019.8;1.4;4.3;5;15.5;;;;;;;;;;;;;;;;256;;
SCM;06.08.2009 00:00;;;;;;;;;969.8;;;;1018.3;0.9;3.6;3.2;13;;;;;;;;;;;;;;;;259;;
SCM;07.08.2009 00:00;;;;;;;;;968.9;;;;1017.3;1.2;7.6;4.3;27.4;;;;;;;;;;;;;;;;248;;
SCM;08.08.2009 00:00;;;;;;;;;969.4;;;;1017.9;0.8;10.5;2.9;37.8;;;;;;;;;;;;;;;;207;;
SCM;09.08.2009 00:00;;;;;;;;;968.2;;;;1016.6;1.4;6.2;5;22.3;;;;;;;;;;;;;;;;243;;
SCM;10.08.2009 00:00;;;;;;;;;969.7;;;;1018.2;1.4;8.1;5;29.2;;;;;;;;;;;;;;;;117;;
SCM;11.08.2009 00:00;;;;;;;;;972.8;;;;1021.4;1.5;8.2;5.4;29.5;;;;;;;;;;;;;;;;236;;
SCM;12.08.2009 00:00;;;;;;;;;972.5;;;;1021.1;1;3.2;3.6;11.5;;;;;;;;;;;;;;;;211;;
SCM;13.08.2009 00:00;;;;;;;;;969.4;;;;1017.8;1.4;7.6;5;27.4;;;;;;;;;;;;;;;;225;;
SCM;14.08.2009 00:00;;;;;;;;;969.6;;;;1018.1;1.2;4.7;4.3;16.9;;;;;;;;;;;;;;;;162;;
SCM;15.08.2009 00:00;;;;;;;;;970.4;;;;1018.9;1.1;7;4;25.2;;;;;;;;;;;;;;;;104;;
SCM;16.08.2009 00:00;;;;;;;;;970.1;;;;1018.6;1.1;6;4;21.6;;;;;;;;;;;;;;;;90;;
SCM;17.08.2009 00:00;;;;;;;;;969.5;;;;1018;1.7;14.5;6.1;52.2;;;;;;;;;;;;;;;;90;;
SCM;18.08.2009 00:00;;;;;;;;;971.7;;;;1020.3;1.4;8.5;5;30.6;;;;;;;;;;;;;;;;90;;
SCM;19.08.2009 00:00;;;;;;;;;972.8;;;;1021.4;1.3;7.1;4.7;25.6;;;;;;;;;;;;;;;;124;;
SCM;20.08.2009 00:00;;;;;;;;;972.1;;;;1020.7;1.4;8.2;5;29.5;;;;;;;;;;;;;;;;90;;
SCM;21.08.2009 00:00;;;;;;;;;972.8;;;;1021.4;1.9;9.8;6.8;35.3;;;;;;;;;;;;;;;;255;;
SCM;22.08.2009 00:00;;;;;;;;;974.8;;;;1023.5;1.4;8.2;5;29.5;;;;;;;;;;;;;;;;288;;
SCM;23.08.2009 00:00;;;;;;;;;970.7;;;;1019.3;1.6;6.5;5.8;23.4;;;;;;;;;;;;;;;;243;;
SCM;24.08.2009 00:00;;;;;;;;;964.3;;;;1012.6;1.1;8.8;4;31.7;;;;;;;;;;;;;;;;135;;
SCM;25.08.2009 00:00;;;;;;;;;966.3;;;;1014.6;2.3;18.2;8.3;65.5;;;;;;;;;;;;;;;;180;;
SCM;26.08.2009 00:00;;;;;;;;;969.2;;;;1017.7;1.4;8.7;5;31.3;;;;;;;;;;;;;;;;153;;
SCM;27.08.2009 00:00;;;;;;;;;970.7;;;;1019.2;1.3;5.1;4.7;18.4;;;;;;;;;;;;;;;;243;;
SCM;28.08.2009 00:00;;;;;;;;;968.9;;;;1017.4;1.8;8.8;6.5;31.7;;;;;;;;;;;;;;;;256;;
SCM;29.08.2009 00:00;;;;;;;;;973.4;;;;1022;1.2;4.8;4.3;17.3;;;;;;;;;;;;;;;;103;;
SCM;30.08.2009 00:00;;;;;;;;;973.3;;;;1022;1.6;5;5.8;18;;;;;;;;;;;;;;;;231;;
SCM;31.08.2009 00:00;;;;;;;;;970.7;;;;1019.2;0.9;3.3;3.2;11.9;;;;;;;;;;;;;;;;180;;
SCM;01.09.2009 00:00;;;;;;;;;968.6;;;;1017;2.2;11.1;7.9;40;;;;;;;;;;;;;;;;180;;
SCM;02.09.2009 00:00;;;;;;;;;968.1;;;;1016.6;2.3;13.7;8.3;49.3;;;;;;;;;;;;;;;;103;;
SCM;03.09.2009 00:00;;;;;;;;;963;;;;1011.2;1.8;10.2;6.5;36.7;;;;;;;;;;;;;;;;270;;
SCM;04.09.2009 00:00;;;;;;;;;965.6;;;;1014;2.3;17.8;8.3;64.1;;;;;;;;;;;;;;;;270;;
SCM;05.09.2009 00:00;;;;;;;;;976.2;;;;1024.9;1.3;9.2;4.7;33.1;;;;;;;;;;;;;;;;214;;
SCM;06.09.2009 00:00;;;;;;;;;977.4;;;;1026.2;1.5;5.1;5.4;18.4;;;;;;;;;;;;;;;;180;;
SCM;07.09.2009 00:00;;;;;;;;;975.5;;;;1024.2;1.4;11.1;5;40;;;;;;;;;;;;;;;;99;;
SCM;08.09.2009 00:00;;;;;;;;;974.9;;;;1023.6;1.2;6.1;4.3;22;;;;;;;;;;;;;;;;90;;
SCM;09.09.2009 00:00;;;;;;;;;974.6;;;;1023.3;1;5.5;3.6;19.8;;;;;;;;;;;;;;;;225;;
SCM;10.09.2009 00:00;;;;;;;;;976.7;;;;1025.5;1;7.1;3.6;25.6;;;;;;;;;;;;;;;;90;;
SCM;11.09.2009 00:00;;;;;;;;;976.6;;;;1025.3;2;11.1;7.2;40;;;;;;;;;;;;;;;;68;;
SCM;12.09.2009 00:00;;;;;;;;;972.4;;;;1021;1.5;7.5;5.4;27;;;;;;;;;;;;;;;;81;;
SCM;13.09.2009 00:00;;;;;;;;;970;;;;1018.5;1.4;9.2;5;33.1;;;;;;;;;;;;;;;;247;;
SCM;14.09.2009 00:00;;;;;;;;;966.6;;;;1014.9;1.2;4.7;4.3;16.9;;;;;;;;;;;;;;;;225;;
SCM;15.09.2009 00:00;;;;;;;;;965.8;;;;1014.1;1.3;5.7;4.7;20.5;;;;;;;;;;;;;;;;162;;
SCM;16.09.2009 00:00;;;;;;;;;962.3;;;;1010.4;1;5.8;3.6;20.9;;;;;;;;;;;;;;;;243;;
SCM;17.09.2009 00:00;;;;;;;;;966.3;;;;1014.6;1.1;5.1;4;18.4;;;;;;;;;;;;;;;;231;;
SCM;18.09.2009 00:00;;;;;;;;;967.3;;;;1015.7;1;4.3;3.6;15.5;;;;;;;;;;;;;;;;243;;
SCM;19.09.2009 00:00;;;;;;;;;968.2;;;;1016.6;1.4;5.2;5;18.7;;;;;;;;;;;;;;;;240;;
SCM;20.09.2009 00:00;;;;;;;;;970.9;;;;1019.5;1.3;4.3;4.7;15.5;;;;;;;;;;;;;;;;249;;
SCM;21.09.2009 00:00;;;;;;;;;973.7;;;;1022.3;1.1;4.5;4;16.2;;;;;;;;;;;;;;;;243;;
SCM;22.09.2009 00:00;;;;;;;;;976.9;;;;1025.6;1.2;4.6;4.3;16.6;;;;;;;;;;;;;;;;233;;
SCM;23.09.2009 00:00;;;;;;;;;977.3;;;;1026.1;1.2;5.6;4.3;20.2;;;;;;;;;;;;;;;;236;;
SCM;24.09.2009 00:00;;;;;;;;;973.9;;;;1022.5;1;5.2;3.6;18.7;;;;;;;;;;;;;;;;233;;
SCM;25.09.2009 00:00;;;;;;;;;974.2;;;;1022.9;0.9;5.6;3.2;20.2;;;;;;;;;;;;;;;;270;;
SCM;26.09.2009 00:00;;;;;;;;;975.1;;;;1023.8;1.2;4.8;4.3;17.3;;;;;;;;;;;;;;;;247;;
SCM;27.09.2009 00:00;;;;;;;;;976.3;;;;1025.1;0.9;3.7;3.2;13.3;;;;;;;;;;;;;;;;259;;
SCM;28.09.2009 00:00;;;;;;;;;975.5;;;;1024.2;1.3;6;4.7;21.6;;;;;;;;;;;;;;;;231;;
SCM;29.09.2009 00:00;;;;;;;;;972.9;;;;1021.5;0.9;3.2;3.2;11.5;;;;;;;;;;;;;;;;207;;
SCM;30.09.2009 00:00;;;;;;;;;969.5;;;;1018;1.1;4.2;4;15.1;;;;;;;;;;;;;;;;225;;
SCM;01.10.2009 00:00;;;;;;;;;967.8;;;;1016.2;1.1;6.3;4;22.7;;;;;;;;;;;;;;;;225;;
SCM;02.10.2009 00:00;;;;;;;;;969.5;;;;1018;1.4;7.1;5;25.6;;;;;;;;;;;;;;;;265;;
SCM;03.10.2009 00:00;;;;;;;;;969.1;;;;1017.5;1.2;5;4.3;18;;;;;;;;;;;;;;;;180;;
SCM;04.10.2009 00:00;;;;;;;;;969.2;;;;1017.7;1.5;5.6;5.4;20.2;;;;;;;;;;;;;;;;248;;
SCM;05.10.2009 00:00;;;;;;;;;969.7;;;;1018.2;0.8;5.3;2.9;19.1;;;;;;;;;;;;;;;;101;;
SCM;06.10.2009 00:00;;;;;;;;;970.7;;;;1019.2;1;5.6;3.6;20.2;;;;;;;;;;;;;;;;81;;
SCM;07.10.2009 00:00;;;;;;;;;969;;;;1017.5;1.4;10.6;5;38.2;;;;;;;;;;;;;;;;81;;
SCM;08.10.2009 00:00;;;;;;;;;968.9;;;;1017.3;1.1;5;4;18;;;;;;;;;;;;;;;;90;;
SCM;09.10.2009 00:00;;;;;;;;;969.4;;;;1017.8;1.2;4.2;4.3;15.1;;;;;;;;;;;;;;;;207;;
SCM;10.10.2009 00:00;;;;;;;;;968.6;;;;1017.1;1.1;6.8;4;24.5;;;;;;;;;;;;;;;;90;;
SCM;11.10.2009 00:00;;;;;;;;;969.7;;;;1018.1;1.5;8.3;5.4;29.9;;;;;;;;;;;;;;;;262;;
SCM;12.10.2009 00:00;;;;;;;;;970.2;;;;1018.7;2.5;23.3;9;83.9;;;;;;;;;;;;;;;;282;;
SCM;13.10.2009 00:00;;;;;;;;;977.5;;;;1026.3;1.7;7.7;6.1;27.7;;;;;;;;;;;;;;;;263;;
SCM;14.10.2009 00:00;;;;;;;;;977;;;;1025.8;1.6;7.6;5.8;27.4;;;;;;;;;;;;;;;;63;;
SCM;15.10.2009 00:00;;;;;;;;;976.4;;;;1025.2;1.5;8.8;5.4;31.7;;;;;;;;;;;;;;;;68;;
SCM;16.10.2009 00:00;;;;;;;;;975.8;;;;1024.6;1.3;9.1;4.7;32.8;;;;;;;;;;;;;;;;90;;
SCM;17.10.2009 00:00;;;;;;;;;972.7;;;;1021.3;1.4;6.6;5;23.8;;;;;;;;;;;;;;;;323;;
SCM;18.10.2009 00:00;;;;;;;;;973.4;;;;1022;1.1;5.8;4;20.9;;;;;;;;;;;;;;;;79;;
SCM;19.10.2009 00:00;;;;;;;;;969.5;;;;1018;1.8;9.5;6.5;34.2;;;;;;;;;;;;;;;;90;;
SCM;20.10.2009 00:00;;;;;;;;;962.7;;;;1010.9;2.5;13.5;9;48.6;;;;;;;;;;;;;;;;107;;
SCM;21.10.2009 00:00;;;;;;;;;956.2;;;;1004.1;4.6;17.1;16.6;61.6;;;;;;;;;;;;;;;;162;;
SCM;22.10.2009 00:00;;;;;;;;;956.5;;;;1004.5;0.9;6.3;3.2;22.7;;;;;;;;;;;;;;;;90;;
SCM;23.10.2009 00:00;;;;;;;;;965.5;;;;1013.9;0.9;5.3;3.2;19.1;;;;;;;;;;;;;;;;90;;
SCM;24.10.2009 00:00;;;;;;;;;970.2;;;;1018.7;1.5;11.2;5.4;40.3;;;;;;;;;;;;;;;;127;;
SCM;25.10.2009 00:00;;;;;;;;;970.3;;;;1018.8;1.2;8.6;4.3;31;;;;;;;;;;;;;;;;90;;
SCM;26.10.2009 00:00;;;;;;;;;973.2;;;;1021.9;0.8;3.7;2.9;13.3;;;;;;;;;;;;;;;;243;;
SCM;27.10.2009 00:00;;;;;;;;;974.3;;;;1023;0.9;3.5;3.2;12.6;;;;;;;;;;;;;;;;180;;
SCM;28.10.2009 00:00;;;;;;;;;973.2;;;;1021.8;0.9;4.2;3.2;15.1;;;;;;;;;;;;;;;;79;;
SCM;29.10.2009 00:00;;;;;;;;;973.2;;;;1021.8;0.8;3.1;2.9;11.2;;;;;;;;;;;;;;;;90;;
SCM;30.10.2009 00:00;;;;;;;;;976.3;;;;1025;1.3;5.3;4.7;19.1;;;;;;;;;;;;;;;;225;;
SCM;31.10.2009 00:00;;;;;;;;;977.3;;;;1026.1;1;4.5;3.6;16.2;;;;;;;;;;;;;;;;90;;
SCM;01.11.2009 00:00;;;;;;;;;969.5;;;;1018;1.2;7.1;4.3;25.6;;;;;;;;;;;;;;;;90;;
SCM;02.11.2009 00:00;;;;;;;;;959.2;;;;1007.2;1.9;14;6.8;50.4;;;;;;;;;;;;;;;;288;;
SCM;03.11.2009 00:00;;;;;;;;;954.4;;;;1002.2;1.9;13.3;6.8;47.9;;;;;;;;;;;;;;;;107;;
SCM;04.11.2009 00:00;;;;;;;;;948.9;;;;996.6;4.1;18.7;14.8;67.3;;;;;;;;;;;;;;;;274;;
SCM;05.11.2009 00:00;;;;;;;;;955.1;;;;1003;1.3;6.2;4.7;22.3;;;;;;;;;;;;;;;;97;;
SCM;06.11.2009 00:00;;;;;;;;;961.6;;;;1009.8;1;4.2;3.6;15.1;;;;;;;;;;;;;;;;90;;
SCM;07.11.2009 00:00;;;;;;;;;956.5;;;;1004.4;1.3;5.3;4.7;19.1;;;;;;;;;;;;;;;;180;;
SCM;08.11.2009 00:00;;;;;;;;;955.4;;;;1003.3;1;4.7;3.6;16.9;;;;;;;;;;;;;;;;63;;
SCM;09.11.2009 00:00;;;;;;;;;960.1;;;;1008.2;0.8;3.2;2.9;11.5;;;;;;;;;;;;;;;;297;;
SCM;10.11.2009 00:00;;;;;;;;;964;;;;1012.2;0.7;2.6;2.5;9.4;;;;;;;;;;;;;;;;101;;
SCM;11.11.2009 00:00;;;;;;;;;963.2;;;;1011.5;1.3;5.5;4.7;19.8;;;;;;;;;;;;;;;;162;;
SCM;12.11.2009 00:00;;;;;;;;;966.1;;;;1014.4;1.9;10.2;6.8;36.7;;;;;;;;;;;;;;;;90;;
SCM;13.11.2009 00:00;;;;;;;;;968.7;;;;1017.1;1.6;12.6;5.8;45.4;;;;;;;;;;;;;;;;90;;
SCM;14.11.2009 00:00;;;;;;;;;967.3;;;;1015.7;3.1;15.2;11.2;54.7;;;;;;;;;;;;;;;;220;;
SCM;15.11.2009 00:00;;;;;;;;;968.8;;;;1017.2;2;11.1;7.2;40;;;;;;;;;;;;;;;;96;;
SCM;16.11.2009 00:00;;;;;;;;;966.4;;;;1014.7;1.6;13.5;5.8;48.6;;;;;;;;;;;;;;;;90;;
SCM;17.11.2009 00:00;;;;;;;;;967.9;;;;1016.4;1.7;12.5;6.1;45;;;;;;;;;;;;;;;;90;;
SCM;18.11.2009 00:00;;;;;;;;;976.3;;;;1025;1;5.8;3.6;20.9;;;;;;;;;;;;;;;;243;;
SCM;19.11.2009 00:00;;;;;;;;;977.5;;;;1026.3;1.2;7.7;4.3;27.7;;;;;;;;;;;;;;;;243;;
SCM;20.11.2009 00:00;;;;;;;;;977.9;;;;1026.7;1.1;4;4;14.4;;;;;;;;;;;;;;;;270;;
SCM;21.11.2009 00:00;;;;;;;;;977.8;;;;1026.7;1;4.1;3.6;14.8;;;;;;;;;;;;;;;;270;;
SCM;22.11.2009 00:00;;;;;;;;;972.1;;;;1020.7;1;5;3.6;18;;;;;;;;;;;;;;;;76;;
SCM;23.11.2009 00:00;;;;;;;;;970.1;;;;1018.6;3.5;16.3;12.6;58.7;;;;;;;;;;;;;;;;276;;
SCM;24.11.2009 00:00;;;;;;;;;972.6;;;;1021.2;1.1;7.3;4;26.3;;;;;;;;;;;;;;;;84;;
SCM;25.11.2009 00:00;;;;;;;;;968;;;;1016.5;1.4;12.6;5;45.4;;;;;;;;;;;;;;;;96;;
SCM;26.11.2009 00:00;;;;;;;;;968.4;;;;1016.8;0.8;4.1;2.9;14.8;;;;;;;;;;;;;;;;76;;
SCM;27.11.2009 00:00;;;;;;;;;965.3;;;;1013.6;1.3;8.7;4.7;31.3;;;;;;;;;;;;;;;;45;;
SCM;28.11.2009 00:00;;;;;;;;;964.3;;;;1012.6;1.4;6.8;5;24.5;;;;;;;;;;;;;;;;85;;
SCM;29.11.2009 00:00;;;;;;;;;954.1;;;;1001.9;1.7;8.1;6.1;29.2;;;;;;;;;;;;;;;;270;;
SCM;30.11.2009 00:00;;;;;;;;;951.8;;;;999.6;0.7;7.6;2.5;27.4;;;;;;;;;;;;;;;;333;;
SCM;01.12.2009 00:00;;;;;;;;;962.2;;;;1010.4;0.7;2.8;2.5;10.1;;;;;;;;;;;;;;;;74;;
SCM;02.12.2009 00:00;;;;;;;;;965.9;;;;1014.2;1.2;7.8;4.3;28.1;;;;;;;;;;;;;;;;90;;
SCM;03.12.2009 00:00;;;;;;;;;961.7;;;;1009.9;2.1;16.3;7.6;58.7;;;;;;;;;;;;;;;;84;;
SCM;04.12.2009 00:00;;;;;;;;;963.6;;;;1011.8;0.8;2.8;2.9;10.1;;;;;;;;;;;;;;;;90;;
SCM;05.12.2009 00:00;;;;;;;;;968.5;;;;1017;1.5;7.6;5.4;27.4;;;;;;;;;;;;;;;;80;;
SCM;06.12.2009 00:00;;;;;;;;;966.9;;;;1015.2;2;15.2;7.2;54.7;;;;;;;;;;;;;;;;85;;
SCM;07.12.2009 00:00;;;;;;;;;966;;;;1014.3;1.7;12.5;6.1;45;;;;;;;;;;;;;;;;81;;
SCM;08.12.2009 00:00;;;;;;;;;969.4;;;;1017.9;2.5;20;9;72;;;;;;;;;;;;;;;;276;;
SCM;09.12.2009 00:00;;;;;;;;;978.1;;;;1026.9;2;10.6;7.2;38.2;;;;;;;;;;;;;;;;97;;
SCM;10.12.2009 00:00;;;;;;;;;978.8;;;;1027.6;1.2;10.8;4.3;38.9;;;;;;;;;;;;;;;;83;;
SCM;11.12.2009 00:00;;;;;;;;;975.1;;;;1023.8;1.1;7.6;4;27.4;;;;;;;;;;;;;;;;27;;
SCM;12.12.2009 00:00;;;;;;;;;970.5;;;;1019;1.7;10.7;6.1;38.5;;;;;;;;;;;;;;;;63;;
SCM;13.12.2009 00:00;;;;;;;;;967;;;;1015.4;2.2;9.2;7.9;33.1;;;;;;;;;;;;;;;;68;;
SCM;14.12.2009 00:00;;;;;;;;;965.9;;;;1014.2;2.4;7.7;8.6;27.7;;;;;;;;;;;;;;;;53;;
SCM;15.12.2009 00:00;;;;;;;;;963.3;;;;1011.5;2.2;8.2;7.9;29.5;;;;;;;;;;;;;;;;57;;
SCM;16.12.2009 00:00;;;;;;;;;960.7;;;;1008.8;2;7.1;7.2;25.6;;;;;;;;;;;;;;;;109;;
SCM;17.12.2009 00:00;;;;;;;;;959.5;;;;1007.5;1.3;5.8;4.7;20.9;;;;;;;;;;;;;;;;90;;
SCM;18.12.2009 00:00;;;;;;;;;956.1;;;;1004;2.3;9.5;8.3;34.2;;;;;;;;;;;;;;;;100;;
SCM;19.12.2009 00:00;;;;;;;;;956.2;;;;1004.1;2.2;9.1;7.9;32.8;;;;;;;;;;;;;;;;279;;
SCM;20.12.2009 00:00;;;;;;;;;960.2;;;;1008.3;1.7;8.5;6.1;30.6;;;;;;;;;;;;;;;;77;;
SCM;21.12.2009 00:00;;;;;;;;;953.6;;;;1001.5;3;11;10.8;39.6;;;;;;;;;;;;;;;;90;;
SCM;22.12.2009 00:00;;;;;;;;;945.5;;;;993;2.9;21.6;10.4;77.8;;;;;;;;;;;;;;;;241;;
SCM;23.12.2009 00:00;;;;;;;;;949.3;;;;996.9;1.2;7.5;4.3;27;;;;;;;;;;;;;;;;270;;
SCM;24.12.2009 00:00;;;;;;;;;944.9;;;;992.4;1.6;10.6;5.8;38.2;;;;;;;;;;;;;;;;261;;
SCM;25.12.2009 00:00;;;;;;;;;954.3;;;;1002.2;4.3;17.5;15.5;63;;;;;;;;;;;;;;;;275;;
SCM;26.12.2009 00:00;;;;;;;;;962.1;;;;1010.3;2.6;13.6;9.4;49;;;;;;;;;;;;;;;;108;;
SCM;27.12.2009 00:00;;;;;;;;;962.5;;;;1010.7;1.1;6.8;4;24.5;;;;;;;;;;;;;;;;83;;
SCM;28.12.2009 00:00;;;;;;;;;959.9;;;;1007.9;2.3;11.6;8.3;41.8;;;;;;;;;;;;;;;;96;;
SCM;29.12.2009 00:00;;;;;;;;;955.8;;;;1003.8;1.6;8.6;5.8;31;;;;;;;;;;;;;;;;135;;
SCM;30.12.2009 00:00;;;;;;;;;951.4;;;;999.2;2.2;11.8;7.9;42.5;;;;;;;;;;;;;;;;86;;
SCM;31.12.2009 00:00;;;;;;;;;948.6;;;;996.2;1.8;11.7;6.5;42.1;;;;;;;;;;;;;;;;86;;
SCM;01.01.2010 00:00;;;;;;;;;947;;;;994.6;1.6;10.5;5.8;37.8;;;;;;;;;;;;;;;;270;;
SCM;02.01.2010 00:00;;;;;;;;;968.2;;;;1016.6;2.2;9.5;7.9;34.2;;;;;;;;;;;;;;;;270;;
SCM;03.01.2010 00:00;;;;;;;;;972.1;;;;1020.7;1.6;7.2;5.8;25.9;;;;;;;;;;;;;;;;86;;
SCM;04.01.2010 00:00;;;;;;;;;965.4;;;;1013.7;0.9;3;3.2;10.8;;;;;;;;;;;;;;;;83;;
SCM;05.01.2010 00:00;;;;;;;;;956.6;;;;1004.5;1;3.8;3.6;13.7;;;;;;;;;;;;;;;;99;;
SCM;06.01.2010 00:00;;;;;;;;;954.2;;;;1002.1;0.8;3.1;2.9;11.2;;;;;;;;;;;;;;;;76;;
SCM;07.01.2010 00:00;;;;;;;;;959.9;;;;1008;1;4.2;3.6;15.1;;;;;;;;;;;;;;;;83;;
SCM;08.01.2010 00:00;;;;;;;;;957.5;;;;1005.5;2.4;9.1;8.6;32.8;;;;;;;;;;;;;;;;66;;
SCM;09.01.2010 00:00;;;;;;;;;956;;;;1003.9;1.3;8.3;4.7;29.9;;;;;;;;;;;;;;;;27;;
SCM;10.01.2010 00:00;;;;;;;;;963.5;;;;1011.8;1.1;3.3;4;11.9;;;;;;;;;;;;;;;;297;;
SCM;11.01.2010 00:00;;;;;;;;;967.4;;;;1015.8;1;5.3;3.6;19.1;;;;;;;;;;;;;;;;0;;
SCM;12.01.2010 00:00;;;;;;;;;963.9;;;;1012.1;0.9;3.3;3.2;11.9;;;;;;;;;;;;;;;;90;;
SCM;13.01.2010 00:00;;;;;;;;;959.4;;;;1007.5;1.2;6.5;4.3;23.4;;;;;;;;;;;;;;;;270;;
SCM;14.01.2010 00:00;;;;;;;;;959;;;;1007.1;1;4.1;3.6;14.8;;;;;;;;;;;;;;;;270;;
SCM;15.01.2010 00:00;;;;;;;;;972;;;;1020.6;1.1;3.6;4;13;;;;;;;;;;;;;;;;90;;
SCM;16.01.2010 00:00;;;;;;;;;971.9;;;;1020.5;1.3;6.3;4.7;22.7;;;;;;;;;;;;;;;;101;;
SCM;17.01.2010 00:00;;;;;;;;;972.2;;;;1020.8;1.6;9.3;5.8;33.5;;;;;;;;;;;;;;;;45;;
SCM;18.01.2010 00:00;;;;;;;;;977.6;;;;1026.4;0.8;4.5;2.9;16.2;;;;;;;;;;;;;;;;90;;
SCM;19.01.2010 00:00;;;;;;;;;973.3;;;;1021.9;1.3;8.6;4.7;31;;;;;;;;;;;;;;;;243;;
SCM;20.01.2010 00:00;;;;;;;;;967.7;;;;1016.1;1.2;5.5;4.3;19.8;;;;;;;;;;;;;;;;90;;
SCM;21.01.2010 00:00;;;;;;;;;972.7;;;;1021.3;1;3.2;3.6;11.5;;;;;;;;;;;;;;;;84;;
SCM;22.01.2010 00:00;;;;;;;;;974.5;;;;1023.2;1;8.1;3.6;29.2;;;;;;;;;;;;;;;;90;;
SCM;23.01.2010 00:00;;;;;;;;;974.2;;;;1022.9;1.2;4.7;4.3;16.9;;;;;;;;;;;;;;;;90;;
SCM;24.01.2010 00:00;;;;;;;;;974.2;;;;1022.9;0.8;2.7;2.9;9.7;;;;;;;;;;;;;;;;90;;
SCM;25.01.2010 00:00;;;;;;;;;976.8;;;;1025.6;0.7;2.5;2.5;9;;;;;;;;;;;;;;;;117;;
SCM;26.01.2010 00:00;;;;;;;;;979.8;;;;1028.7;2;10;7.2;36;;;;;;;;;;;;;;;;342;;
SCM;27.01.2010 00:00;;;;;;;;;976.8;;;;1025.6;1.8;10.8;6.5;38.9;;;;;;;;;;;;;;;;9;;
SCM;28.01.2010 00:00;;;;;;;;;963.3;;;;1011.6;0.8;4.2;2.9;15.1;;;;;;;;;;;;;;;;82;;
SCM;29.01.2010 00:00;;;;;;;;;948.2;;;;995.9;1.2;9.1;4.3;32.8;;;;;;;;;;;;;;;;80;;
SCM;30.01.2010 00:00;;;;;;;;;948.4;;;;996;2.6;9.8;9.4;35.3;;;;;;;;;;;;;;;;267;;
SCM;31.01.2010 00:00;;;;;;;;;959.7;;;;1007.7;0.9;4.8;3.2;17.3;;;;;;;;;;;;;;;;45;;
SCM;01.02.2010 00:00;;;;;;;;;967;;;;1015.4;1;3.7;3.6;13.3;;;;;;;;;;;;;;;;83;;
SCM;02.02.2010 00:00;;;;;;;;;970.6;;;;1019.1;1.4;7.7;5;27.7;;;;;;;;;;;;;;;;63;;
SCM;03.02.2010 00:00;;;;;;;;;967.4;;;;1015.8;1.3;9.1;4.7;32.8;;;;;;;;;;;;;;;;80;;
SCM;04.02.2010 00:00;;;;;;;;;966.3;;;;1014.6;1.4;12.6;5;45.4;;;;;;;;;;;;;;;;90;;
SCM;05.02.2010 00:00;;;;;;;;;962.1;;;;1010.2;1.2;11.1;4.3;40;;;;;;;;;;;;;;;;256;;
SCM;06.02.2010 00:00;;;;;;;;;964.4;;;;1012.7;1;5;3.6;18;;;;;;;;;;;;;;;;180;;
SCM;07.02.2010 00:00;;;;;;;;;967.9;;;;1016.3;0.9;7.6;3.2;27.4;;;;;;;;;;;;;;;;270;;
SCM;08.02.2010 00:00;;;;;;;;;959;;;;1007;1.3;6.5;4.7;23.4;;;;;;;;;;;;;;;;236;;
SCM;09.02.2010 00:00;;;;;;;;;953.8;;;;1001.6;1.4;6.8;5;24.5;;;;;;;;;;;;;;;;207;;
SCM;10.02.2010 00:00;;;;;;;;;956;;;;1004;2.2;8.3;7.9;29.9;;;;;;;;;;;;;;;;267;;
SCM;11.02.2010 00:00;;;;;;;;;955.6;;;;1003.6;1.3;3.8;4.7;13.7;;;;;;;;;;;;;;;;292;;
SCM;12.02.2010 00:00;;;;;;;;;962.7;;;;1010.9;1;3.7;3.6;13.3;;;;;;;;;;;;;;;;90;;
SCM;13.02.2010 00:00;;;;;;;;;964.6;;;;1012.9;1;4;3.6;14.4;;;;;;;;;;;;;;;;104;;
SCM;14.02.2010 00:00;;;;;;;;;963.5;;;;1011.7;1;4.3;3.6;15.5;;;;;;;;;;;;;;;;90;;
SCM;15.02.2010 00:00;;;;;;;;;959.7;;;;1007.8;1.1;3.5;4;12.6;;;;;;;;;;;;;;;;153;;
SCM;16.02.2010 00:00;;;;;;;;;954.6;;;;1002.5;1;3.6;3.6;13;;;;;;;;;;;;;;;;90;;
SCM;17.02.2010 00:00;;;;;;;;;947.9;;;;995.5;0.9;4.2;3.2;15.1;;;;;;;;;;;;;;;;90;;
SCM;18.02.2010 00:00;;;;;;;;;952.3;;;;1000.1;1.1;9;4;32.4;;;;;;;;;;;;;;;;90;;
SCM;19.02.2010 00:00;;;;;;;;;948.3;;;;995.9;1;8;3.6;28.8;;;;;;;;;;;;;;;;270;;
SCM;20.02.2010 00:00;;;;;;;;;954.5;;;;1002.4;0.8;3;2.9;10.8;;;;;;;;;;;;;;;;112;;
SCM;21.02.2010 00:00;;;;;;;;;955.3;;;;1003.2;2.7;15.3;9.7;55.1;;;;;;;;;;;;;;;;96;;
SCM;22.02.2010 00:00;;;;;;;;;950;;;;997.7;2.9;17;10.4;61.2;;;;;;;;;;;;;;;;163;;
SCM;23.02.2010 00:00;;;;;;;;;951.8;;;;999.6;1.5;7.6;5.4;27.4;;;;;;;;;;;;;;;;108;;
SCM;24.02.2010 00:00;;;;;;;;;956.3;;;;1004.2;1.6;18.3;5.8;65.9;;;;;;;;;;;;;;;;90;;
SCM;25.02.2010 00:00;;;;;;;;;954.3;;;;1002.2;1.6;8.7;5.8;31.3;;;;;;;;;;;;;;;;270;;
SCM;26.02.2010 00:00;;;;;;;;;954.2;;;;1002.1;4.5;26.5;16.2;95.4;;;;;;;;;;;;;;;;270;;
SCM;27.02.2010 00:00;;;;;;;;;957.9;;;;1005.9;3.8;21.1;13.7;76;;;;;;;;;;;;;;;;115;;
SCM;28.02.2010 00:00;;;;;;;;;950.7;;;;998.4;5.6;24;20.2;86.4;;;;;;;;;;;;;;;;234;;
SCM;01.03.2010 00:00;;;;;;;;;963.8;;;;1012;1.7;9.7;6.1;34.9;;;;;;;;;;;;;;;;266;;
SCM;02.03.2010 00:00;;;;;;;;;972.1;;;;1020.7;1.1;8.3;4;29.9;;;;;;;;;;;;;;;;0;;
SCM;03.03.2010 00:00;;;;;;;;;966.4;;;;1014.7;2.8;13;10.1;46.8;;;;;;;;;;;;;;;;71;;
SCM;04.03.2010 00:00;;;;;;;;;963.7;;;;1011.9;1.3;7.6;4.7;27.4;;;;;;;;;;;;;;;;288;;
SCM;05.03.2010 00:00;;;;;;;;;973.9;;;;1022.6;1.9;9.5;6.8;34.2;;;;;;;;;;;;;;;;248;;
SCM;06.03.2010 00:00;;;;;;;;;970.4;;;;1019;2;11;7.2;39.6;;;;;;;;;;;;;;;;286;;
SCM;07.03.2010 00:00;;;;;;;;;972.4;;;;1021;4.5;12.8;16.2;46.1;;;;;;;;;;;;;;;;63;;
SCM;08.03.2010 00:00;;;;;;;;;969.7;;;;1018.2;3.6;13.5;13;48.6;;;;;;;;;;;;;;;;64;;
SCM;09.03.2010 00:00;;;;;;;;;966.2;;;;1014.6;4.3;12.7;15.5;45.7;;;;;;;;;;;;;;;;76;;
SCM;10.03.2010 00:00;;;;;;;;;964.1;;;;1012.4;2.1;8.3;7.6;29.9;;;;;;;;;;;;;;;;65;;
SCM;11.03.2010 00:00;;;;;;;;;965.3;;;;1013.6;1.6;5.8;5.8;20.9;;;;;;;;;;;;;;;;248;;
SCM;12.03.2010 00:00;;;;;;;;;970.4;;;;1018.9;1.3;4.7;4.7;16.9;;;;;;;;;;;;;;;;243;;
SCM;13.03.2010 00:00;;;;;;;;;976.4;;;;1025.2;1.5;7.2;5.4;25.9;;;;;;;;;;;;;;;;243;;
SCM;14.03.2010 00:00;;;;;;;;;977.7;;;;1026.5;1;6.1;3.6;22;;;;;;;;;;;;;;;;252;;
SCM;15.03.2010 00:00;;;;;;;;;977.6;;;;1026.4;0.6;3;2.2;10.8;;;;;;;;;;;;;;;;108;;
SCM;16.03.2010 00:00;;;;;;;;;979;;;;1027.8;1.4;7;5;25.2;;;;;;;;;;;;;;;;90;;
SCM;17.03.2010 00:00;;;;;;;;;979.9;;;;1028.8;2.1;12.1;7.6;43.6;;;;;;;;;;;;;;;;97;;
SCM;18.03.2010 00:00;;;;;;;;;976.9;;;;1025.7;1.3;8.2;4.7;29.5;;;;;;;;;;;;;;;;82;;
SCM;19.03.2010 00:00;;;;;;;;;974.1;;;;1022.8;1.9;11.1;6.8;40;;;;;;;;;;;;;;;;97;;
SCM;20.03.2010 00:00;;;;;;;;;970;;;;1018.5;2.2;12.7;7.9;45.7;;;;;;;;;;;;;;;;90;;
SCM;21.03.2010 00:00;;;;;;;;;971.1;;;;1019.6;1.6;10.6;5.8;38.2;;;;;;;;;;;;;;;;74;;
SCM;22.03.2010 00:00;;;;;;;;;973;;;;1021.6;0.9;3.6;3.2;13;;;;;;;;;;;;;;;;248;;
SCM;23.03.2010 00:00;;;;;;;;;970.7;;;;1019.2;1.1;5.3;4;19.1;;;;;;;;;;;;;;;;288;;
SCM;24.03.2010 00:00;;;;;;;;;965.3;;;;1013.6;1.2;12;4.3;43.2;;;;;;;;;;;;;;;;117;;
SCM;25.03.2010 00:00;;;;;;;;;961.7;;;;1009.9;6;16.5;21.6;59.4;;;;;;;;;;;;;;;;115;;
SCM;26.03.2010 00:00;;;;;;;;;962.6;;;;1010.9;3.2;23.6;11.5;85;;;;;;;;;;;;;;;;231;;
SCM;27.03.2010 00:00;;;;;;;;;963.9;;;;1012.2;2.1;12.6;7.6;45.4;;;;;;;;;;;;;;;;158;;
SCM;28.03.2010 00:00;;;;;;;;;967.8;;;;1016.2;1.2;10.2;4.3;36.7;;;;;;;;;;;;;;;;111;;
SCM;29.03.2010 00:00;;;;;;;;;960.7;;;;1008.8;2.7;14;9.7;50.4;;;;;;;;;;;;;;;;123;;
SCM;30.03.2010 00:00;;;;;;;;;952;;;;999.8;4.2;22.2;15.1;79.9;;;;;;;;;;;;;;;;242;;
SCM;31.03.2010 00:00;;;;;;;;;959.1;;;;1007.2;2.7;17.7;9.7;63.7;;;;;;;;;;;;;;;;252;;
SCM;01.04.2010 00:00;;;;;;;;;967;;;;1015.4;2.1;9.6;7.6;34.6;;;;;;;;;;;;;;;;108;;
SCM;02.04.2010 00:00;;;;;;;;;968.2;;;;1016.6;2.4;13.6;8.6;49;;;;;;;;;;;;;;;;96;;
SCM;03.04.2010 00:00;;;;;;;;;964.2;;;;1012.5;4;14.7;14.4;52.9;;;;;;;;;;;;;;;;110;;
SCM;04.04.2010 00:00;;;;;;;;;968.3;;;;1016.8;1.5;8.7;5.4;31.3;;;;;;;;;;;;;;;;236;;
SCM;05.04.2010 00:00;;;;;;;;;978.8;;;;1027.6;1.8;8.3;6.5;29.9;;;;;;;;;;;;;;;;284;;
SCM;06.04.2010 00:00;;;;;;;;;974.5;;;;1023.2;1.7;8.7;6.1;31.3;;;;;;;;;;;;;;;;90;;
SCM;07.04.2010 00:00;;;;;;;;;970.3;;;;1018.8;0.9;3.6;3.2;13;;;;;;;;;;;;;;;;261;;
SCM;08.04.2010 00:00;;;;;;;;;974.4;;;;1023.1;1.6;6.8;5.8;24.5;;;;;;;;;;;;;;;;249;;
SCM;09.04.2010 00:00;;;;;;;;;978.8;;;;1027.6;2.2;10.2;7.9;36.7;;;;;;;;;;;;;;;;284;;
SCM;10.04.2010 00:00;;;;;;;;;976.3;;;;1025.1;1.7;11.6;6.1;41.8;;;;;;;;;;;;;;;;270;;
SCM;11.04.2010 00:00;;;;;;;;;968.9;;;;1017.4;2.7;10;9.7;36;;;;;;;;;;;;;;;;87;;
SCM;12.04.2010 00:00;;;;;;;;;964.9;;;;1013.2;2.6;12;9.4;43.2;;;;;;;;;;;;;;;;73;;
SCM;13.04.2010 00:00;;;;;;;;;964.7;;;;1013;1.7;5.5;6.1;19.8;;;;;;;;;;;;;;;;225;;
SCM;14.04.2010 00:00;;;;;;;;;965.8;;;;1014.2;1;6.3;3.6;22.7;;;;;;;;;;;;;;;;252;;
SCM;15.04.2010 00:00;;;;;;;;;966.6;;;;1014.9;1.5;4.7;5.4;16.9;;;;;;;;;;;;;;;;249;;
SCM;16.04.2010 00:00;;;;;;;;;969.2;;;;1017.7;1.7;6.1;6.1;22;;;;;;;;;;;;;;;;254;;
SCM;17.04.2010 00:00;;;;;;;;;968.7;;;;1017.2;1.8;8.5;6.5;30.6;;;;;;;;;;;;;;;;270;;
SCM;18.04.2010 00:00;;;;;;;;;965.7;;;;1014;1.9;10.7;6.8;38.5;;;;;;;;;;;;;;;;101;;
SCM;19.04.2010 00:00;;;;;;;;;966.9;;;;1015.3;1.8;9.2;6.5;33.1;;;;;;;;;;;;;;;;103;;
SCM;20.04.2010 00:00;;;;;;;;;968.7;;;;1017.1;1.6;7.6;5.8;27.4;;;;;;;;;;;;;;;;90;;
SCM;21.04.2010 00:00;;;;;;;;;967.5;;;;1015.9;1.7;10.5;6.1;37.8;;;;;;;;;;;;;;;;256;;
SCM;22.04.2010 00:00;;;;;;;;;964.9;;;;1013.2;1.5;5;5.4;18;;;;;;;;;;;;;;;;265;;
SCM;23.04.2010 00:00;;;;;;;;;963.8;;;;1012;1.1;4.3;4;15.5;;;;;;;;;;;;;;;;262;;
SCM;24.04.2010 00:00;;;;;;;;;969;;;;1017.5;1.1;6;4;21.6;;;;;;;;;;;;;;;;284;;
SCM;25.04.2010 00:00;;;;;;;;;973.5;;;;1022.2;0.9;5.2;3.2;18.7;;;;;;;;;;;;;;;;259;;
SCM;26.04.2010 00:00;;;;;;;;;976.3;;;;1025.1;1.3;6.7;4.7;24.1;;;;;;;;;;;;;;;;162;;
SCM;27.04.2010 00:00;;;;;;;;;976.5;;;;1025.3;1.3;8;4.7;28.8;;;;;;;;;;;;;;;;72;;
SCM;28.04.2010 00:00;;;;;;;;;975.3;;;;1024;1.3;4.6;4.7;16.6;;;;;;;;;;;;;;;;259;;
SCM;29.04.2010 00:00;;;;;;;;;968.7;;;;1017.2;2.2;8.5;7.9;30.6;;;;;;;;;;;;;;;;135;;
SCM;30.04.2010 00:00;;;;;;;;;965.9;;;;1014.3;2.3;10.2;8.3;36.7;;;;;;;;;;;;;;;;252;;
SCM;01.05.2010 00:00;;;;;;;;;964.7;;;;1013;1.3;6;4.7;21.6;;;;;;;;;;;;;;;;98;;
SCM;02.05.2010 00:00;;;;;;;;;963.3;;;;1011.5;1.8;8.6;6.5;31;;;;;;;;;;;;;;;;225;;
SCM;03.05.2010 00:00;;;;;;;;;963.6;;;;1011.8;1.9;9.6;6.8;34.6;;;;;;;;;;;;;;;;113;;
SCM;04.05.2010 00:00;;;;;;;;;962.1;;;;1010.2;3.7;12.7;13.3;45.7;;;;;;;;;;;;;;;;75;;
SCM;05.05.2010 00:00;;;;;;;;;956.7;;;;1004.7;3.2;12.5;11.5;45;;;;;;;;;;;;;;;;69;;
SCM;06.05.2010 00:00;;;;;;;;;955.2;;;;1003.1;2.1;9.3;7.6;33.5;;;;;;;;;;;;;;;;267;;
SCM;07.05.2010 00:00;;;;;;;;;959.6;;;;1007.7;1.3;5.8;4.7;20.9;;;;;;;;;;;;;;;;253;;
SCM;08.05.2010 00:00;;;;;;;;;961;;;;1009.1;1.1;7.2;4;25.9;;;;;;;;;;;;;;;;90;;
SCM;09.05.2010 00:00;;;;;;;;;960.6;;;;1008.8;1.6;8.3;5.8;29.9;;;;;;;;;;;;;;;;257;;
SCM;10.05.2010 00:00;;;;;;;;;958.8;;;;1006.9;1.8;11.2;6.5;40.3;;;;;;;;;;;;;;;;95;;
SCM;11.05.2010 00:00;;;;;;;;;956.9;;;;1004.9;2.7;28.3;9.7;101.9;;;;;;;;;;;;;;;;162;;
SCM;12.05.2010 00:00;;;;;;;;;959.3;;;;1007.4;1.4;7.8;5;28.1;;;;;;;;;;;;;;;;270;;
SCM;13.05.2010 00:00;;;;;;;;;961.2;;;;1009.4;2.7;7.6;9.7;27.4;;;;;;;;;;;;;;;;268;;
SCM;14.05.2010 00:00;;;;;;;;;961.3;;;;1009.4;1.6;4.8;5.8;17.3;;;;;;;;;;;;;;;;262;;
SCM;15.05.2010 00:00;;;;;;;;;962;;;;1010.2;1.2;4;4.3;14.4;;;;;;;;;;;;;;;;254;;
SCM;16.05.2010 00:00;;;;;;;;;970.1;;;;1018.6;0.8;2.7;2.9;9.7;;;;;;;;;;;;;;;;101;;
SCM;17.05.2010 00:00;;;;;;;;;975;;;;1023.7;1.1;8.5;4;30.6;;;;;;;;;;;;;;;;225;;
SCM;18.05.2010 00:00;;;;;;;;;977.4;;;;1026.2;1.6;7.5;5.8;27;;;;;;;;;;;;;;;;233;;
SCM;19.05.2010 00:00;;;;;;;;;977.6;;;;1026.4;1.3;7.5;4.7;27;;;;;;;;;;;;;;;;236;;
SCM;20.05.2010 00:00;;;;;;;;;979.4;;;;1028.3;0.8;2.7;2.9;9.7;;;;;;;;;;;;;;;;153;;
SCM;21.05.2010 00:00;;;;;;;;;978.1;;;;1026.9;1.7;5.5;6.1;19.8;;;;;;;;;;;;;;;;247;;
SCM;22.05.2010 00:00;;;;;;;;;974.4;;;;1023.1;1.7;6.5;6.1;23.4;;;;;;;;;;;;;;;;243;;
SCM;23.05.2010 00:00;;;;;;;;;971.7;;;;1020.2;1.4;5.7;5;20.5;;;;;;;;;;;;;;;;315;;
SCM;24.05.2010 00:00;;;;;;;;;967.9;;;;1016.3;1.6;7.5;5.8;27;;;;;;;;;;;;;;;;243;;
SCM;25.05.2010 00:00;;;;;;;;;964.5;;;;1012.8;1;5.1;3.6;18.4;;;;;;;;;;;;;;;;153;;
SCM;26.05.2010 00:00;;;;;;;;;962;;;;1010.2;1.8;10.3;6.5;37.1;;;;;;;;;;;;;;;;198;;
SCM;27.05.2010 00:00;;;;;;;;;963.3;;;;1011.6;1;7.1;3.6;25.6;;;;;;;;;;;;;;;;112;;
SCM;28.05.2010 00:00;;;;;;;;;967;;;;1015.3;1.2;8.3;4.3;29.9;;;;;;;;;;;;;;;;162;;
SCM;29.05.2010 00:00;;;;;;;;;969.5;;;;1018;1.7;10.6;6.1;38.2;;;;;;;;;;;;;;;;180;;
SCM;30.05.2010 00:00;;;;;;;;;965.5;;;;1013.8;1.9;11.2;6.8;40.3;;;;;;;;;;;;;;;;297;;
SCM;31.05.2010 00:00;;;;;;;;;967.5;;;;1015.9;2.7;10.6;9.7;38.2;;;;;;;;;;;;;;;;275;;
SCM;01.06.2010 00:00;;;;;;;;;968;;;;1016.5;0.9;4;3.2;14.4;;;;;;;;;;;;;;;;90;;
SCM;02.06.2010 00:00;;;;;;;;;968;;;;1016.4;0.9;3.2;3.2;11.5;;;;;;;;;;;;;;;;108;;
SCM;03.06.2010 00:00;;;;;;;;;969.3;;;;1017.7;1.4;4.7;5;16.9;;;;;;;;;;;;;;;;261;;
SCM;04.06.2010 00:00;;;;;;;;;970.6;;;;1019.1;1.7;7.5;6.1;27;;;;;;;;;;;;;;;;261;;
SCM;05.06.2010 00:00;;;;;;;;;970.7;;;;1019.2;1.2;5;4.3;18;;;;;;;;;;;;;;;;270;;
SCM;06.06.2010 00:00;;;;;;;;;967.2;;;;1015.5;1.7;13;6.1;46.8;;;;;;;;;;;;;;;;259;;
SCM;07.06.2010 00:00;;;;;;;;;966.3;;;;1014.6;1.4;6.1;5;22;;;;;;;;;;;;;;;;243;;
SCM;08.06.2010 00:00;;;;;;;;;961.4;;;;1009.6;1.8;9.8;6.5;35.3;;;;;;;;;;;;;;;;248;;
SCM;09.06.2010 00:00;;;;;;;;;958.2;;;;1006.3;3.7;17.8;13.3;64.1;;;;;;;;;;;;;;;;125;;
SCM;10.06.2010 00:00;;;;;;;;;957.7;;;;1005.7;6.4;21.3;23;76.7;;;;;;;;;;;;;;;;115;;
SCM;11.06.2010 00:00;;;;;;;;;961.8;;;;1009.9;2;8.2;7.2;29.5;;;;;;;;;;;;;;;;263;;
SCM;12.06.2010 00:00;;;;;;;;;965;;;;1013.3;1.2;5.6;4.3;20.2;;;;;;;;;;;;;;;;225;;
SCM;13.06.2010 00:00;;;;;;;;;965.4;;;;1013.7;1.9;8.5;6.8;30.6;;;;;;;;;;;;;;;;245;;
SCM;14.06.2010 00:00;;;;;;;;;965.6;;;;1013.9;1.4;10.7;5;38.5;;;;;;;;;;;;;;;;113;;
SCM;15.06.2010 00:00;;;;;;;;;965.8;;;;1014.1;1.9;10.8;6.8;38.9;;;;;;;;;;;;;;;;90;;
SCM;16.06.2010 00:00;;;;;;;;;964;;;;1012.2;2.3;10.7;8.3;38.5;;;;;;;;;;;;;;;;67;;
SCM;17.06.2010 00:00;;;;;;;;;965.3;;;;1013.6;1.3;6.5;4.7;23.4;;;;;;;;;;;;;;;;239;;
SCM;18.06.2010 00:00;;;;;;;;;965.2;;;;1013.5;0.7;2.6;2.5;9.4;;;;;;;;;;;;;;;;108;;
SCM;19.06.2010 00:00;;;;;;;;;960.6;;;;1008.8;1.4;11.3;5;40.7;;;;;;;;;;;;;;;;252;;
SCM;20.06.2010 00:00;;;;;;;;;964;;;;1012.3;0.8;4.2;2.9;15.1;;;;;;;;;;;;;;;;225;;
SCM;21.06.2010 00:00;;;;;;;;;970.2;;;;1018.7;0.9;3;3.2;10.8;;;;;;;;;;;;;;;;243;;
SCM;22.06.2010 00:00;;;;;;;;;973.2;;;;1021.8;1.3;5.8;4.7;20.9;;;;;;;;;;;;;;;;135;;
SCM;23.06.2010 00:00;;;;;;;;;972.2;;;;1020.8;1.6;7.5;5.8;27;;;;;;;;;;;;;;;;68;;
SCM;24.06.2010 00:00;;;;;;;;;970.2;;;;1018.8;1.1;4.5;4;16.2;;;;;;;;;;;;;;;;259;;
SCM;25.06.2010 00:00;;;;;;;;;967.9;;;;1016.3;1.8;6.7;6.5;24.1;;;;;;;;;;;;;;;;246;;
SCM;26.06.2010 00:00;;;;;;;;;967.2;;;;1015.6;1.4;6.3;5;22.7;;;;;;;;;;;;;;;;56;;
SCM;27.06.2010 00:00;;;;;;;;;969.3;;;;1017.8;1.3;6.7;4.7;24.1;;;;;;;;;;;;;;;;63;;
SCM;02.07.2010 00:00;;;;;;;;;968.6;;;;1017;1.5;7.1;5.4;25.6;;;;;;;;;;;;;;;;225;;
SCM;06.07.2010 00:00;;;;;;;;;973.7;;;;1022.3;1;7;3.6;25.2;;;;;;;;;;;;;;;;256;;
SCM;07.07.2010 00:00;;;;;;;;;973.3;;;;1022;1.7;7.1;6.1;25.6;;;;;;;;;;;;;;;;90;;
SCM;08.07.2010 00:00;;;;;;;;;972.5;;;;1021.1;1.1;4.1;4;14.8;;;;;;;;;;;;;;;;207;;
SCM;09.07.2010 00:00;;;;;;;;;972.1;;;;1020.7;1.7;8.6;6.1;31;;;;;;;;;;;;;;;;225;;
SCM;10.07.2010 00:00;;;;;;;;;971.4;;;;1019.9;2.1;19;7.6;68.4;;;;;;;;;;;;;;;;236;;
SCM;11.07.2010 00:00;;;;;;;;;970.8;;;;1019.3;2.4;11;8.6;39.6;;;;;;;;;;;;;;;;124;;
SCM;12.07.2010 00:00;;;;;;;;;967.9;;;;1016.3;2.8;20.7;10.1;74.5;;;;;;;;;;;;;;;;194;;
SCM;13.07.2010 00:00;;;;;;;;;965.7;;;;1014.1;1.6;13.2;5.8;47.5;;;;;;;;;;;;;;;;153;;
SCM;14.07.2010 00:00;;;;;;;;;962.6;;;;1010.8;2;12.6;7.2;45.4;;;;;;;;;;;;;;;;248;;
SCM;15.07.2010 00:00;;;;;;;;;968.1;;;;1016.6;1.5;8.2;5.4;29.5;;;;;;;;;;;;;;;;253;;
SCM;16.07.2010 00:00;;;;;;;;;968.6;;;;1017;1.5;16.7;5.4;60.1;;;;;;;;;;;;;;;;256;;
SCM;17.07.2010 00:00;;;;;;;;;972.9;;;;1021.6;2.3;10.7;8.3;38.5;;;;;;;;;;;;;;;;262;;
SCM;18.07.2010 00:00;;;;;;;;;976.4;;;;1025.2;2.2;9.2;7.9;33.1;;;;;;;;;;;;;;;;78;;
SCM;19.07.2010 00:00;;;;;;;;;972.4;;;;1021;1.5;6.2;5.4;22.3;;;;;;;;;;;;;;;;72;;
SCM;20.07.2010 00:00;;;;;;;;;966.5;;;;1014.9;1.1;6.2;4;22.3;;;;;;;;;;;;;;;;225;;
SCM;21.07.2010 00:00;;;;;;;;;963.9;;;;1012.2;2.1;16.5;7.6;59.4;;;;;;;;;;;;;;;;111;;
SCM;22.07.2010 00:00;;;;;;;;;966.9;;;;1015.3;1.7;36.8;6.1;132.5;;;;;;;;;;;;;;;;240;;
SCM;23.07.2010 00:00;;;;;;;;;970.5;;;;1019.1;1.9;12.5;6.8;45;;;;;;;;;;;;;;;;264;;
SCM;24.07.2010 00:00;;;;;;;;;973.7;;;;1022.4;1.5;5.2;5.4;18.7;;;;;;;;;;;;;;;;360;;
SCM;25.07.2010 00:00;;;;;;;;;970;;;;1018.5;1.7;6.3;6.1;22.7;;;;;;;;;;;;;;;;236;;
SCM;26.07.2010 00:00;;;;;;;;;967.6;;;;1016;1.3;7.8;4.7;28.1;;;;;;;;;;;;;;;;101;;
SCM;27.07.2010 00:00;;;;;;;;;970.7;;;;1019.3;1.5;4.7;5.4;16.9;;;;;;;;;;;;;;;;103;;
SCM;28.07.2010 00:00;;;;;;;;;971;;;;1019.6;1.3;6.3;4.7;22.7;;;;;;;;;;;;;;;;104;;
SCM;29.07.2010 00:00;;;;;;;;;966.3;;;;1014.6;1.5;6.1;5.4;22;;;;;;;;;;;;;;;;85;;
SCM;30.07.2010 00:00;;;;;;;;;968.8;;;;1017.2;1.5;6.5;5.4;23.4;;;;;;;;;;;;;;;;97;;
SCM;31.07.2010 00:00;;;;;;;;;969.7;;;;1018.2;1.5;7;5.4;25.2;;;;;;;;;;;;;;;;207;;
SCM;01.08.2010 00:00;;;;;;;;;969;;;;1017.5;1.7;12.8;6.1;46.1;;;;;;;;;;;;;;;;99;;
SCM;02.08.2010 00:00;;;;;;;;;968.9;;;;1017.4;1.5;8.7;5.4;31.3;;;;;;;;;;;;;;;;117;;
SCM;03.08.2010 00:00;;;;;;;;;968.7;;;;1017.2;1.1;7.5;4;27;;;;;;;;;;;;;;;;99;;
SCM;04.08.2010 00:00;;;;;;;;;964.9;;;;1013.2;1.2;5.8;4.3;20.9;;;;;;;;;;;;;;;;207;;
SCM;05.08.2010 00:00;;;;;;;;;963;;;;1011.2;1.3;13.2;4.7;47.5;;;;;;;;;;;;;;;;90;;
SCM;06.08.2010 00:00;;;;;;;;;970.1;;;;1018.6;1.3;4.5;4.7;16.2;;;;;;;;;;;;;;;;95;;
SCM;07.08.2010 00:00;;;;;;;;;971.6;;;;1020.2;1.6;6.2;5.8;22.3;;;;;;;;;;;;;;;;239;;
SCM;08.08.2010 00:00;;;;;;;;;970.9;;;;1019.5;1.6;9.7;5.8;34.9;;;;;;;;;;;;;;;;96;;
SCM;09.08.2010 00:00;;;;;;;;;969.7;;;;1018.2;1.1;4.6;4;16.6;;;;;;;;;;;;;;;;252;;
SCM;10.08.2010 00:00;;;;;;;;;968.8;;;;1017.2;1;3.8;3.6;13.7;;;;;;;;;;;;;;;;243;;
SCM;11.08.2010 00:00;;;;;;;;;968;;;;1016.4;1;7.6;3.6;27.4;;;;;;;;;;;;;;;;124;;
SCM;12.08.2010 00:00;;;;;;;;;967.5;;;;1015.9;1.5;8;5.4;28.8;;;;;;;;;;;;;;;;106;;
SCM;13.08.2010 00:00;;;;;;;;;968.7;;;;1017.1;1;5.3;3.6;19.1;;;;;;;;;;;;;;;;124;;
SCM;14.08.2010 00:00;;;;;;;;;965.5;;;;1013.8;1.2;5.2;4.3;18.7;;;;;;;;;;;;;;;;247;;
SCM;15.08.2010 00:00;;;;;;;;;965.4;;;;1013.8;1.8;9.5;6.5;34.2;;;;;;;;;;;;;;;;113;;
SCM;16.08.2010 00:00;;;;;;;;;968.2;;;;1016.6;1.4;7.3;5;26.3;;;;;;;;;;;;;;;;81;;
SCM;17.08.2010 00:00;;;;;;;;;968.8;;;;1017.2;0.8;4.3;2.9;15.5;;;;;;;;;;;;;;;;90;;
SCM;18.08.2010 00:00;;;;;;;;;965.8;;;;1014.1;0.9;5;3.2;18;;;;;;;;;;;;;;;;90;;
SCM;19.08.2010 00:00;;;;;;;;;970.3;;;;1018.8;1.1;6.1;4;22;;;;;;;;;;;;;;;;243;;
SCM;20.08.2010 00:00;;;;;;;;;973.5;;;;1022.1;0.9;7.1;3.2;25.6;;;;;;;;;;;;;;;;270;;
SCM;21.08.2010 00:00;;;;;;;;;976.3;;;;1025.1;1.3;5.2;4.7;18.7;;;;;;;;;;;;;;;;270;;
SCM;22.08.2010 00:00;;;;;;;;;970.7;;;;1019.2;1.3;9.2;4.7;33.1;;;;;;;;;;;;;;;;90;;
SCM;23.08.2010 00:00;;;;;;;;;963;;;;1011.2;1.8;10.3;6.5;37.1;;;;;;;;;;;;;;;;90;;
SCM;24.08.2010 00:00;;;;;;;;;966;;;;1014.4;1.4;11.5;5;41.4;;;;;;;;;;;;;;;;270;;
SCM;25.08.2010 00:00;;;;;;;;;970.8;;;;1019.4;1.1;4.2;4;15.1;;;;;;;;;;;;;;;;239;;
SCM;26.08.2010 00:00;;;;;;;;;966.4;;;;1014.8;1.9;12.1;6.8;43.6;;;;;;;;;;;;;;;;90;;
SCM;27.08.2010 00:00;;;;;;;;;962.9;;;;1011.1;1.5;9.6;5.4;34.6;;;;;;;;;;;;;;;;256;;
SCM;28.08.2010 00:00;;;;;;;;;969.5;;;;1018;1.7;9.1;6.1;32.8;;;;;;;;;;;;;;;;259;;
SCM;29.08.2010 00:00;;;;;;;;;970.1;;;;1018.6;1.5;8.3;5.4;29.9;;;;;;;;;;;;;;;;243;;
SCM;30.08.2010 00:00;;;;;;;;;968.7;;;;1017.1;4.5;13.7;16.2;49.3;;;;;;;;;;;;;;;;277;;
SCM;31.08.2010 00:00;;;;;;;;;973.5;;;;1022.1;1.4;8.5;5;30.6;;;;;;;;;;;;;;;;90;;
SCM;01.09.2010 00:00;;;;;;;;;970.3;;;;1018.9;1.8;8.3;6.5;29.9;;;;;;;;;;;;;;;;75;;
SCM;02.09.2010 00:00;;;;;;;;;969.2;;;;1017.7;1;5.8;3.6;20.9;;;;;;;;;;;;;;;;180;;
SCM;03.09.2010 00:00;;;;;;;;;969.9;;;;1018.4;0.9;4.5;3.2;16.2;;;;;;;;;;;;;;;;243;;
SCM;04.09.2010 00:00;;;;;;;;;970.2;;;;1018.7;0.7;3.3;2.5;11.9;;;;;;;;;;;;;;;;225;;
SCM;05.09.2010 00:00;;;;;;;;;970.1;;;;1018.6;0.9;5.2;3.2;18.7;;;;;;;;;;;;;;;;270;;
SCM;06.09.2010 00:00;;;;;;;;;966.2;;;;1014.5;1.1;4.3;4;15.5;;;;;;;;;;;;;;;;248;;
SCM;07.09.2010 00:00;;;;;;;;;959;;;;1007.1;1.4;8.6;5;31;;;;;;;;;;;;;;;;153;;
SCM;08.09.2010 00:00;;;;;;;;;960.3;;;;1008.4;1.1;6.7;4;24.1;;;;;;;;;;;;;;;;90;;
SCM;09.09.2010 00:00;;;;;;;;;969.6;;;;1018.1;1.4;5.8;5;20.9;;;;;;;;;;;;;;;;225;;
SCM;10.09.2010 00:00;;;;;;;;;975;;;;1023.7;0.9;4.6;3.2;16.6;;;;;;;;;;;;;;;;104;;
SCM;11.09.2010 00:00;;;;;;;;;972.4;;;;1021.1;1.2;5.3;4.3;19.1;;;;;;;;;;;;;;;;90;;
SCM;12.09.2010 00:00;;;;;;;;;971.9;;;;1020.4;1.3;18.2;4.7;65.5;;;;;;;;;;;;;;;;261;;
SCM;13.09.2010 00:00;;;;;;;;;978.2;;;;1027;1.4;9.1;5;32.8;;;;;;;;;;;;;;;;117;;
SCM;14.09.2010 00:00;;;;;;;;;977;;;;1025.8;0.9;4.3;3.2;15.5;;;;;;;;;;;;;;;;90;;
SCM;15.09.2010 00:00;;;;;;;;;969.1;;;;1017.6;0.9;4.7;3.2;16.9;;;;;;;;;;;;;;;;45;;
SCM;16.09.2010 00:00;;;;;;;;;966.6;;;;1014.9;1.3;5.7;4.7;20.5;;;;;;;;;;;;;;;;243;;
SCM;17.09.2010 00:00;;;;;;;;;967.6;;;;1016;0.9;5.2;3.2;18.7;;;;;;;;;;;;;;;;153;;
SCM;18.09.2010 00:00;;;;;;;;;968.9;;;;1017.3;0.7;3.8;2.5;13.7;;;;;;;;;;;;;;;;243;;
SCM;19.09.2010 00:00;;;;;;;;;970.6;;;;1019.1;1.4;4.8;5;17.3;;;;;;;;;;;;;;;;236;;
SCM;20.09.2010 00:00;;;;;;;;;970.9;;;;1019.5;1;4.7;3.6;16.9;;;;;;;;;;;;;;;;90;;
SCM;21.09.2010 00:00;;;;;;;;;972.1;;;;1020.7;0.9;6.2;3.2;22.3;;;;;;;;;;;;;;;;90;;
SCM;22.09.2010 00:00;;;;;;;;;972.5;;;;1021.1;0.7;4.3;2.5;15.5;;;;;;;;;;;;;;;;90;;
SCM;23.09.2010 00:00;;;;;;;;;967.5;;;;1015.9;1;4.7;3.6;16.9;;;;;;;;;;;;;;;;90;;
SCM;24.09.2010 00:00;;;;;;;;;958.9;;;;1006.9;1.8;9.2;6.5;33.1;;;;;;;;;;;;;;;;0;;
SCM;25.09.2010 00:00;;;;;;;;;958.6;;;;1006.7;1.3;5.5;4.7;19.8;;;;;;;;;;;;;;;;90;;
SCM;26.09.2010 00:00;;;;;;;;;963;;;;1011.2;0.8;4.8;2.9;17.3;;;;;;;;;;;;;;;;153;;
SCM;27.09.2010 00:00;;;;;;;;;965.2;;;;1013.5;0.8;3.1;2.9;11.2;;;;;;;;;;;;;;;;153;;
SCM;28.09.2010 00:00;;;;;;;;;969.9;;;;1018.4;0.8;3.5;2.9;12.6;;;;;;;;;;;;;;;;180;;
SCM;29.09.2010 00:00;;;;;;;;;971.1;;;;1019.7;1;4;3.6;14.4;;;;;;;;;;;;;;;;180;;
SCM;30.09.2010 00:00;;;;;;;;;969.2;;;;1017.6;1.1;8.6;4;31;;;;;;;;;;;;;;;;98;;
SCM;01.10.2010 00:00;;;;;;;;;967.7;;;;1016.1;1;8.8;3.6;31.7;;;;;;;;;;;;;;;;101;;
SCM;02.10.2010 00:00;;;;;;;;;967.6;;;;1016;1.4;8.7;5;31.3;;;;;;;;;;;;;;;;90;;
SCM;03.10.2010 00:00;;;;;;;;;962.4;;;;1010.7;3.5;16.3;12.6;58.7;;;;;;;;;;;;;;;;126;;
SCM;04.10.2010 00:00;;;;;;;;;955.8;;;;1003.7;4.1;19.1;14.8;68.8;;;;;;;;;;;;;;;;118;;
SCM;05.10.2010 00:00;;;;;;;;;962.7;;;;1010.9;1.1;5.3;4;19.1;;;;;;;;;;;;;;;;117;;
SCM;06.10.2010 00:00;;;;;;;;;966.9;;;;1015.3;1.2;8.7;4.3;31.3;;;;;;;;;;;;;;;;225;;
SCM;07.10.2010 00:00;;;;;;;;;971.4;;;;1020;0.6;3.1;2.2;11.2;;;;;;;;;;;;;;;;117;;
SCM;08.10.2010 00:00;;;;;;;;;970.6;;;;1019.2;0.7;3.2;2.5;11.5;;;;;;;;;;;;;;;;180;;
SCM;09.10.2010 00:00;;;;;;;;;968;;;;1016.4;1.2;4.1;4.3;14.8;;;;;;;;;;;;;;;;256;;
SCM;10.10.2010 00:00;;;;;;;;;961.1;;;;1009.2;1.6;6.1;5.8;22;;;;;;;;;;;;;;;;259;;
SCM;11.10.2010 00:00;;;;;;;;;961.3;;;;1009.4;1.2;5.1;4.3;18.4;;;;;;;;;;;;;;;;262;;
SCM;12.10.2010 00:00;;;;;;;;;964.4;;;;1012.7;1.3;5.3;4.7;19.1;;;;;;;;;;;;;;;;207;;
SCM;13.10.2010 00:00;;;;;;;;;964.1;;;;1012.3;1;3.5;3.6;12.6;;;;;;;;;;;;;;;;259;;
SCM;14.10.2010 00:00;;;;;;;;;965.8;;;;1014.1;0.9;4.6;3.2;16.6;;;;;;;;;;;;;;;;180;;
SCM;15.10.2010 00:00;;;;;;;;;964.9;;;;1013.2;0.9;4.6;3.2;16.6;;;;;;;;;;;;;;;;270;;
SCM;16.10.2010 00:00;;;;;;;;;963.3;;;;1011.5;0.9;3.5;3.2;12.6;;;;;;;;;;;;;;;;360;;
SCM;17.10.2010 00:00;;;;;;;;;966.3;;;;1014.7;1.2;4.2;4.3;15.1;;;;;;;;;;;;;;;;270;;
SCM;18.10.2010 00:00;;;;;;;;;970.9;;;;1019.4;0.9;4.8;3.2;17.3;;;;;;;;;;;;;;;;34;;
SCM;19.10.2010 00:00;;;;;;;;;965.9;;;;1014.2;1.3;7.3;4.7;26.3;;;;;;;;;;;;;;;;281;;
SCM;20.10.2010 00:00;;;;;;;;;966.7;;;;1015.1;4;12.8;14.4;46.1;;;;;;;;;;;;;;;;275;;
SCM;21.10.2010 00:00;;;;;;;;;976.7;;;;1025.5;1.3;5.2;4.7;18.7;;;;;;;;;;;;;;;;297;;
SCM;22.10.2010 00:00;;;;;;;;;973.9;;;;1022.5;1.4;6.8;5;24.5;;;;;;;;;;;;;;;;90;;
SCM;23.10.2010 00:00;;;;;;;;;966.8;;;;1015.1;1.4;8.1;5;29.2;;;;;;;;;;;;;;;;79;;
SCM;24.10.2010 00:00;;;;;;;;;965;;;;1013.3;1.1;8.5;4;30.6;;;;;;;;;;;;;;;;90;;
SCM;25.10.2010 00:00;;;;;;;;;970.1;;;;1018.6;1.9;9.3;6.8;33.5;;;;;;;;;;;;;;;;72;;
SCM;26.10.2010 00:00;;;;;;;;;978.5;;;;1027.3;2.7;10.2;9.7;36.7;;;;;;;;;;;;;;;;78;;
SCM;27.10.2010 00:00;;;;;;;;;978;;;;1026.9;1.2;7.8;4.3;28.1;;;;;;;;;;;;;;;;108;;
SCM;28.10.2010 00:00;;;;;;;;;975.4;;;;1024.2;0.9;5.6;3.2;20.2;;;;;;;;;;;;;;;;76;;
SCM;29.10.2010 00:00;;;;;;;;;966.6;;;;1015;2.9;21.5;10.4;77.4;;;;;;;;;;;;;;;;135;;
SCM;30.10.2010 00:00;;;;;;;;;959.2;;;;1007.3;2.4;17.7;8.6;63.7;;;;;;;;;;;;;;;;245;;
SCM;31.10.2010 00:00;;;;;;;;;953.7;;;;1001.6;1.4;8;5;28.8;;;;;;;;;;;;;;;;256;;
SCM;01.11.2010 00:00;;;;;;;;;960.3;;;;1008.5;0.7;3.8;2.5;13.7;;;;;;;;;;;;;;;;270;;
SCM;02.11.2010 00:00;;;;;;;;;969.3;;;;1017.8;0.9;4.2;3.2;15.1;;;;;;;;;;;;;;;;225;;
SCM;03.11.2010 00:00;;;;;;;;;974.2;;;;1022.8;0.9;4.7;3.2;16.9;;;;;;;;;;;;;;;;90;;
SCM;04.11.2010 00:00;;;;;;;;;980.8;;;;1029.7;1;7.5;3.6;27;;;;;;;;;;;;;;;;90;;
SCM;05.11.2010 00:00;;;;;;;;;979.9;;;;1028.7;0.8;3.7;2.9;13.3;;;;;;;;;;;;;;;;90;;
SCM;06.11.2010 00:00;;;;;;;;;970.2;;;;1018.7;1.4;7.8;5;28.1;;;;;;;;;;;;;;;;0;;
SCM;07.11.2010 00:00;;;;;;;;;955.2;;;;1003.1;2;10.3;7.2;37.1;;;;;;;;;;;;;;;;360;;
SCM;08.11.2010 00:00;;;;;;;;;940.1;;;;987.4;1.6;9;5.8;32.4;;;;;;;;;;;;;;;;100;;
SCM;09.11.2010 00:00;;;;;;;;;935.1;;;;982.1;1;3.2;3.6;11.5;;;;;;;;;;;;;;;;135;;
SCM;10.11.2010 00:00;;;;;;;;;947.2;;;;994.7;1.9;14.2;6.8;51.1;;;;;;;;;;;;;;;;276;;
SCM;11.11.2010 00:00;;;;;;;;;962.8;;;;1011;1.4;8.5;5;30.6;;;;;;;;;;;;;;;;259;;
SCM;12.11.2010 00:00;;;;;;;;;960.1;;;;1008.2;1.5;7.3;5.4;26.3;;;;;;;;;;;;;;;;81;;
SCM;13.11.2010 00:00;;;;;;;;;960.5;;;;1008.7;1.3;4.7;4.7;16.9;;;;;;;;;;;;;;;;75;;
SCM;14.11.2010 00:00;;;;;;;;;958.2;;;;1006.2;3;17.2;10.8;61.9;;;;;;;;;;;;;;;;211;;
SCM;15.11.2010 00:00;;;;;;;;;962.8;;;;1011;2.5;13.1;9;47.2;;;;;;;;;;;;;;;;259;;
SCM;16.11.2010 00:00;;;;;;;;;969;;;;1017.5;1.4;7.2;5;25.9;;;;;;;;;;;;;;;;270;;
SCM;17.11.2010 00:00;;;;;;;;;962;;;;1010.2;0.8;4.1;2.9;14.8;;;;;;;;;;;;;;;;81;;
SCM;18.11.2010 00:00;;;;;;;;;963;;;;1011.2;0.8;4.3;2.9;15.5;;;;;;;;;;;;;;;;90;;
SCM;19.11.2010 00:00;;;;;;;;;968.7;;;;1017.1;1.2;8.3;4.3;29.9;;;;;;;;;;;;;;;;90;;
SCM;20.11.2010 00:00;;;;;;;;;964.9;;;;1013.1;1.7;9.2;6.1;33.1;;;;;;;;;;;;;;;;236;;
SCM;21.11.2010 00:00;;;;;;;;;956.5;;;;1004.4;1;4.2;3.6;15.1;;;;;;;;;;;;;;;;270;;
SCM;22.11.2010 00:00;;;;;;;;;953.5;;;;1001.4;1;3.6;3.6;13;;;;;;;;;;;;;;;;90;;
SCM;23.11.2010 00:00;;;;;;;;;958.4;;;;1006.5;1.1;4.5;4;16.2;;;;;;;;;;;;;;;;68;;
SCM;24.11.2010 00:00;;;;;;;;;962;;;;1010.2;0.9;8.2;3.2;29.5;;;;;;;;;;;;;;;;79;;
SCM;25.11.2010 00:00;;;;;;;;;956.7;;;;1004.6;1.6;7.6;5.8;27.4;;;;;;;;;;;;;;;;81;;
SCM;26.11.2010 00:00;;;;;;;;;957.2;;;;1005.1;2.3;15;8.3;54;;;;;;;;;;;;;;;;283;;
SCM;27.11.2010 00:00;;;;;;;;;956.8;;;;1004.7;1.1;3.7;4;13.3;;;;;;;;;;;;;;;;76;;
SCM;28.11.2010 00:00;;;;;;;;;954;;;;1001.8;1.1;4.2;4;15.1;;;;;;;;;;;;;;;;68;;
SCM;29.11.2010 00:00;;;;;;;;;958.3;;;;1006.3;2.2;12.8;7.9;46.1;;;;;;;;;;;;;;;;278;;
SCM;30.11.2010 00:00;;;;;;;;;958.2;;;;1006.2;1.4;6.8;5;24.5;;;;;;;;;;;;;;;;67;;
SCM;01.12.2010 00:00;;;;;;;;;950.5;;;;998.2;0.8;3.6;2.9;13;;;;;;;;;;;;;;;;326;;
SCM;02.12.2010 00:00;;;;;;;;;958.7;;;;1006.8;0.7;2.6;2.5;9.4;;;;;;;;;;;;;;;;63;;
SCM;03.12.2010 00:00;;;;;;;;;962;;;;1010.2;1.1;4;4;14.4;;;;;;;;;;;;;;;;74;;
SCM;04.12.2010 00:00;;;;;;;;;971.1;;;;1019.6;1.7;11.5;6.1;41.4;;;;;;;;;;;;;;;;90;;
SCM;05.12.2010 00:00;;;;;;;;;962.9;;;;1011.1;1.6;8.5;5.8;30.6;;;;;;;;;;;;;;;;90;;
SCM;06.12.2010 00:00;;;;;;;;;951.5;;;;999.2;1.3;8.7;4.7;31.3;;;;;;;;;;;;;;;;45;;
SCM;07.12.2010 00:00;;;;;;;;;953.9;;;;1001.7;1.3;6.8;4.7;24.5;;;;;;;;;;;;;;;;79;;
SCM;08.12.2010 00:00;;;;;;;;;956;;;;1003.9;2.1;18.5;7.6;66.6;;;;;;;;;;;;;;;;256;;
SCM;09.12.2010 00:00;;;;;;;;;975.3;;;;1024.1;2.9;14.5;10.4;52.2;;;;;;;;;;;;;;;;277;;
SCM;10.12.2010 00:00;;;;;;;;;982.7;;;;1031.7;1.1;8.7;4;31.3;;;;;;;;;;;;;;;;56;;
SCM;11.12.2010 00:00;;;;;;;;;976.7;;;;1025.5;0.8;3.5;2.9;12.6;;;;;;;;;;;;;;;;90;;
SCM;12.12.2010 00:00;;;;;;;;;968.5;;;;1017;1;4.1;3.6;14.8;;;;;;;;;;;;;;;;63;;
SCM;13.12.2010 00:00;;;;;;;;;971;;;;1019.6;1.5;6.6;5.4;23.8;;;;;;;;;;;;;;;;14;;
SCM;14.12.2010 00:00;;;;;;;;;974.4;;;;1023.1;0.9;3.3;3.2;11.9;;;;;;;;;;;;;;;;27;;
SCM;15.12.2010 00:00;;;;;;;;;977.1;;;;1025.9;1.2;6.1;4.3;22;;;;;;;;;;;;;;;;301;;
SCM;16.12.2010 00:00;;;;;;;;;965.9;;;;1014.2;1.9;14.6;6.8;52.6;;;;;;;;;;;;;;;;93;;
SCM;17.12.2010 00:00;;;;;;;;;948.8;;;;996.4;3.2;17.5;11.5;63;;;;;;;;;;;;;;;;113;;
SCM;18.12.2010 00:00;;;;;;;;;954.2;;;;1002;2.7;16.5;9.7;59.4;;;;;;;;;;;;;;;;88;;
SCM;19.12.2010 00:00;;;;;;;;;952.8;;;;1000.6;4.3;19.7;15.5;70.9;;;;;;;;;;;;;;;;132;;
SCM;20.12.2010 00:00;;;;;;;;;957;;;;1005;1.1;4.2;4;15.1;;;;;;;;;;;;;;;;72;;
SCM;21.12.2010 00:00;;;;;;;;;957.6;;;;1005.6;1.4;7.8;5;28.1;;;;;;;;;;;;;;;;72;;
SCM;22.12.2010 00:00;;;;;;;;;953.7;;;;1001.5;1.2;6.5;4.3;23.4;;;;;;;;;;;;;;;;225;;
SCM;23.12.2010 00:00;;;;;;;;;948.8;;;;996.5;0.9;4.1;3.2;14.8;;;;;;;;;;;;;;;;90;;
SCM;24.12.2010 00:00;;;;;;;;;952.4;;;;1000.2;1.5;5.6;5.4;20.2;;;;;;;;;;;;;;;;285;;
SCM;25.12.2010 00:00;;;;;;;;;966.6;;;;1015;1.5;4.3;5.4;15.5;;;;;;;;;;;;;;;;275;;
SCM;26.12.2010 00:00;;;;;;;;;976.9;;;;1025.6;1.3;4.2;4.7;15.1;;;;;;;;;;;;;;;;315;;
SCM;27.12.2010 00:00;;;;;;;;;975.3;;;;1024;1.8;8.5;6.5;30.6;;;;;;;;;;;;;;;;99;;
SCM;28.12.2010 00:00;;;;;;;;;973;;;;1021.6;0.9;5.1;3.2;18.4;;;;;;;;;;;;;;;;76;;
SCM;29.12.2010 00:00;;;;;;;;;973.3;;;;1021.9;0.7;3.8;2.5;13.7;;;;;;;;;;;;;;;;135;;
SCM;30.12.2010 00:00;;;;;;;;;973.9;;;;1022.5;1;5.1;3.6;18.4;;;;;;;;;;;;;;;;99;;
SCM;31.12.2010 00:00;;;;;;;;;974.8;;;;1023.5;1.2;4.1;4.3;14.8;;;;;;;;;;;;;;;;99;;
SCM;01.01.2011 00:00;;;;;;;;;972.6;;;;1021.2;1.2;3.3;4.3;11.9;;;;;;;;;;;;;;;;96;;
SCM;02.01.2011 00:00;;;;;;;;;972.5;;;;1021.1;1;4.8;3.6;17.3;;;;;;;;;;;;;;;;81;;
SCM;03.01.2011 00:00;;;;;;;;;973.9;;;;1022.5;1.4;6.3;5;22.7;;;;;;;;;;;;;;;;99;;
SCM;04.01.2011 00:00;;;;;;;;;969.9;;;;1018.4;1.2;5.7;4.3;20.5;;;;;;;;;;;;;;;;90;;
SCM;05.01.2011 00:00;;;;;;;;;965.7;;;;1014;1.8;9.1;6.5;32.8;;;;;;;;;;;;;;;;90;;
SCM;06.01.2011 00:00;;;;;;;;;961.2;;;;1009.3;1.8;12.6;6.5;45.4;;;;;;;;;;;;;;;;270;;
SCM;07.01.2011 00:00;;;;;;;;;964.6;;;;1012.9;1.8;9.6;6.5;34.6;;;;;;;;;;;;;;;;72;;
SCM;08.01.2011 00:00;;;;;;;;;965.7;;;;1014;1.3;6.7;4.7;24.1;;;;;;;;;;;;;;;;63;;
SCM;09.01.2011 00:00;;;;;;;;;966.5;;;;1014.9;1;5.7;3.6;20.5;;;;;;;;;;;;;;;;270;;
SCM;10.01.2011 00:00;;;;;;;;;970.9;;;;1019.4;1.5;4.3;5.4;15.5;;;;;;;;;;;;;;;;248;;
SCM;11.01.2011 00:00;;;;;;;;;965.9;;;;1014.2;0.8;5.8;2.9;20.9;;;;;;;;;;;;;;;;180;;
SCM;12.01.2011 00:00;;;;;;;;;973.4;;;;1022.1;0.9;8.1;3.2;29.2;;;;;;;;;;;;;;;;90;;
SCM;13.01.2011 00:00;;;;;;;;;972.9;;;;1021.5;1.1;3.7;4;13.3;;;;;;;;;;;;;;;;79;;
SCM;14.01.2011 00:00;;;;;;;;;972.9;;;;1021.5;0.8;4.5;2.9;16.2;;;;;;;;;;;;;;;;79;;
SCM;15.01.2011 00:00;;;;;;;;;978.7;;;;1027.6;1.1;9.5;4;34.2;;;;;;;;;;;;;;;;90;;
SCM;16.01.2011 00:00;;;;;;;;;979.1;;;;1027.9;1.1;11.8;4;42.5;;;;;;;;;;;;;;;;90;;
SCM;17.01.2011 00:00;;;;;;;;;978.5;;;;1027.4;0.9;4.2;3.2;15.1;;;;;;;;;;;;;;;;45;;
SCM;18.01.2011 00:00;;;;;;;;;978;;;;1026.8;1.1;5.2;4;18.7;;;;;;;;;;;;;;;;315;;
SCM;19.01.2011 00:00;;;;;;;;;978.6;;;;1027.5;1;10.6;3.6;38.2;;;;;;;;;;;;;;;;270;;
SCM;20.01.2011 00:00;;;;;;;;;976.6;;;;1025.3;1.1;4.7;4;16.9;;;;;;;;;;;;;;;;261;;
SCM;21.01.2011 00:00;;;;;;;;;978.6;;;;1027.5;2.3;9;8.3;32.4;;;;;;;;;;;;;;;;52;;
SCM;22.01.2011 00:00;;;;;;;;;977.1;;;;1025.9;2.4;7.8;8.6;28.1;;;;;;;;;;;;;;;;63;;
SCM;23.01.2011 00:00;;;;;;;;;976.3;;;;1025;1.1;4.1;4;14.8;;;;;;;;;;;;;;;;84;;
SCM;24.01.2011 00:00;;;;;;;;;975.8;;;;1024.5;1;3.7;3.6;13.3;;;;;;;;;;;;;;;;90;;
SCM;25.01.2011 00:00;;;;;;;;;969.4;;;;1017.9;0.8;2.8;2.9;10.1;;;;;;;;;;;;;;;;90;;
SCM;26.01.2011 00:00;;;;;;;;;961.7;;;;1009.9;0.9;3.7;3.2;13.3;;;;;;;;;;;;;;;;82;;
SCM;27.01.2011 00:00;;;;;;;;;963.9;;;;1012.2;0.9;3.8;3.2;13.7;;;;;;;;;;;;;;;;90;;
SCM;28.01.2011 00:00;;;;;;;;;966.6;;;;1015;1.7;7.7;6.1;27.7;;;;;;;;;;;;;;;;82;;
SCM;29.01.2011 00:00;;;;;;;;;966.4;;;;1014.8;1;3.5;3.6;12.6;;;;;;;;;;;;;;;;98;;
SCM;30.01.2011 00:00;;;;;;;;;966.7;;;;1015;1.3;4.7;4.7;16.9;;;;;;;;;;;;;;;;326;;
SCM;31.01.2011 00:00;;;;;;;;;972.6;;;;1021.2;1;4;3.6;14.4;;;;;;;;;;;;;;;;270;;
SCM;01.02.2011 00:00;;;;;;;;;977.3;;;;1026.1;1.2;4.3;4.3;15.5;;;;;;;;;;;;;;;;315;;
SCM;02.02.2011 00:00;;;;;;;;;981.7;;;;1030.6;1.2;3.7;4.3;13.3;;;;;;;;;;;;;;;;106;;
SCM;03.02.2011 00:00;;;;;;;;;982;;;;1031;1;4.1;3.6;14.8;;;;;;;;;;;;;;;;90;;
SCM;04.02.2011 00:00;;;;;;;;;982.8;;;;1031.8;1;5.1;3.6;18.4;;;;;;;;;;;;;;;;90;;
SCM;05.02.2011 00:00;;;;;;;;;983.3;;;;1032.4;0.9;4.3;3.2;15.5;;;;;;;;;;;;;;;;81;;
SCM;06.02.2011 00:00;;;;;;;;;981.5;;;;1030.5;0.7;4;2.5;14.4;;;;;;;;;;;;;;;;90;;
SCM;07.02.2011 00:00;;;;;;;;;976.5;;;;1025.3;0.9;5.3;3.2;19.1;;;;;;;;;;;;;;;;63;;
SCM;08.02.2011 00:00;;;;;;;;;974.9;;;;1023.6;0.9;4.8;3.2;17.3;;;;;;;;;;;;;;;;90;;
SCM;09.02.2011 00:00;;;;;;;;;974.2;;;;1022.9;0.5;2.5;1.8;9;;;;;;;;;;;;;;;;225;;
SCM;10.02.2011 00:00;;;;;;;;;974;;;;1022.6;0.8;4.7;2.9;16.9;;;;;;;;;;;;;;;;90;;
SCM;11.02.2011 00:00;;;;;;;;;970.5;;;;1019;0.9;5.7;3.2;20.5;;;;;;;;;;;;;;;;79;;
SCM;12.02.2011 00:00;;;;;;;;;968.4;;;;1016.8;0.6;3.8;2.2;13.7;;;;;;;;;;;;;;;;90;;
SCM;13.02.2011 00:00;;;;;;;;;963.7;;;;1011.9;1;6.1;3.6;22;;;;;;;;;;;;;;;;76;;
SCM;14.02.2011 00:00;;;;;;;;;959.6;;;;1007.6;1.4;7.7;5;27.7;;;;;;;;;;;;;;;;256;;
SCM;15.02.2011 00:00;;;;;;;;;954.4;;;;1002.3;1.4;7.2;5;25.9;;;;;;;;;;;;;;;;243;;
SCM;16.02.2011 00:00;;;;;;;;;951.1;;;;998.8;1.4;9.2;5;33.1;;;;;;;;;;;;;;;;231;;
SCM;17.02.2011 00:00;;;;;;;;;953.4;;;;1001.2;1;3.6;3.6;13;;;;;;;;;;;;;;;;225;;
SCM;18.02.2011 00:00;;;;;;;;;963.7;;;;1011.9;1.2;5.1;4.3;18.4;;;;;;;;;;;;;;;;248;;
SCM;19.02.2011 00:00;;;;;;;;;965.9;;;;1014.2;0.9;8;3.2;28.8;;;;;;;;;;;;;;;;180;;
SCM;20.02.2011 00:00;;;;;;;;;964.4;;;;1012.6;0.8;4.1;2.9;14.8;;;;;;;;;;;;;;;;225;;
SCM;21.02.2011 00:00;;;;;;;;;965.3;;;;1013.6;0.6;1.8;2.2;6.5;;;;;;;;;;;;;;;;90;;
SCM;22.02.2011 00:00;;;;;;;;;965.6;;;;1014;1.5;5.5;5.4;19.8;;;;;;;;;;;;;;;;307;;
SCM;23.02.2011 00:00;;;;;;;;;975.1;;;;1023.8;1.6;11;5.8;39.6;;;;;;;;;;;;;;;;101;;
SCM;24.02.2011 00:00;;;;;;;;;977.5;;;;1026.3;1.9;11.8;6.8;42.5;;;;;;;;;;;;;;;;106;;
SCM;25.02.2011 00:00;;;;;;;;;978.9;;;;1027.8;0.7;3.2;2.5;11.5;;;;;;;;;;;;;;;;135;;
SCM;26.02.2011 00:00;;;;;;;;;970.5;;;;1019;1.8;7.1;6.5;25.6;;;;;;;;;;;;;;;;231;;
SCM;27.02.2011 00:00;;;;;;;;;967.3;;;;1015.7;1.1;5.5;4;19.8;;;;;;;;;;;;;;;;90;;
SCM;28.02.2011 00:00;;;;;;;;;971.2;;;;1019.7;1;6;3.6;21.6;;;;;;;;;;;;;;;;281;;
SCM;01.03.2011 00:00;;;;;;;;;974.7;;;;1023.4;2.5;12.2;9;43.9;;;;;;;;;;;;;;;;63;;
SCM;02.03.2011 00:00;;;;;;;;;972.2;;;;1020.8;2.6;12.3;9.4;44.3;;;;;;;;;;;;;;;;62;;
SCM;03.03.2011 00:00;;;;;;;;;974.9;;;;1023.6;1.3;6.1;4.7;22;;;;;;;;;;;;;;;;270;;
SCM;04.03.2011 00:00;;;;;;;;;977.2;;;;1026;0.7;2.6;2.5;9.4;;;;;;;;;;;;;;;;225;;
SCM;05.03.2011 00:00;;;;;;;;;974.2;;;;1022.9;0.9;3.6;3.2;13;;;;;;;;;;;;;;;;198;;
SCM;06.03.2011 00:00;;;;;;;;;974.8;;;;1023.5;2.1;10.1;7.6;36.4;;;;;;;;;;;;;;;;51;;
SCM;07.03.2011 00:00;;;;;;;;;977.9;;;;1026.7;1.9;8.3;6.8;29.9;;;;;;;;;;;;;;;;326;;
SCM;08.03.2011 00:00;;;;;;;;;978.2;;;;1027;0.8;3.8;2.9;13.7;;;;;;;;;;;;;;;;135;;
SCM;09.03.2011 00:00;;;;;;;;;973.7;;;;1022.4;1.1;4.8;4;17.3;;;;;;;;;;;;;;;;90;;
SCM;10.03.2011 00:00;;;;;;;;;972.3;;;;1020.9;1.7;9.2;6.1;33.1;;;;;;;;;;;;;;;;263;;
SCM;11.03.2011 00:00;;;;;;;;;971.4;;;;1019.9;1.4;5;5;18;;;;;;;;;;;;;;;;236;;
SCM;12.03.2011 00:00;;;;;;;;;962.1;;;;1010.3;2.4;11;8.6;39.6;;;;;;;;;;;;;;;;238;;
SCM;13.03.2011 00:00;;;;;;;;;958.1;;;;1006.2;4.1;15.5;14.8;55.8;;;;;;;;;;;;;;;;126;;
SCM;14.03.2011 00:00;;;;;;;;;966;;;;1014.4;1.3;5.7;4.7;20.5;;;;;;;;;;;;;;;;270;;
SCM;15.03.2011 00:00;;;;;;;;;963;;;;1011.2;1.5;11;5.4;39.6;;;;;;;;;;;;;;;;256;;
SCM;16.03.2011 00:00;;;;;;;;;955.1;;;;1003;1.3;13.2;4.7;47.5;;;;;;;;;;;;;;;;270;;
SCM;17.03.2011 00:00;;;;;;;;;959.4;;;;1007.5;1.4;7;5;25.2;;;;;;;;;;;;;;;;266;;
SCM;18.03.2011 00:00;;;;;;;;;973.9;;;;1022.6;1.8;7.1;6.5;25.6;;;;;;;;;;;;;;;;266;;
SCM;19.03.2011 00:00;;;;;;;;;977.6;;;;1026.4;1.5;5.8;5.4;20.9;;;;;;;;;;;;;;;;270;;
SCM;20.03.2011 00:00;;;;;;;;;981.2;;;;1030.2;2.5;10.7;9;38.5;;;;;;;;;;;;;;;;75;;
SCM;21.03.2011 00:00;;;;;;;;;982.1;;;;1031.1;1.9;9.6;6.8;34.6;;;;;;;;;;;;;;;;76;;
SCM;22.03.2011 00:00;;;;;;;;;984.7;;;;1033.8;0.9;3.8;3.2;13.7;;;;;;;;;;;;;;;;259;;
SCM;23.03.2011 00:00;;;;;;;;;985.8;;;;1034.9;1.1;7.1;4;25.6;;;;;;;;;;;;;;;;259;;
SCM;24.03.2011 00:00;;;;;;;;;983;;;;1032.1;0.8;3.5;2.9;12.6;;;;;;;;;;;;;;;;270;;
SCM;25.03.2011 00:00;;;;;;;;;973;;;;1021.6;0.9;4.2;3.2;15.1;;;;;;;;;;;;;;;;45;;
SCM;26.03.2011 00:00;;;;;;;;;967.5;;;;1015.8;1.4;8.5;5;30.6;;;;;;;;;;;;;;;;225;;
SCM;27.03.2011 00:00;;;;;;;;;964.2;;;;1012.5;1.5;7.3;5.4;26.3;;;;;;;;;;;;;;;;225;;
SCM;28.03.2011 00:00;;;;;;;;;965.3;;;;1013.6;0.8;4.2;2.9;15.1;;;;;;;;;;;;;;;;270;;
SCM;29.03.2011 00:00;;;;;;;;;966.9;;;;1015.3;1.9;7.8;6.8;28.1;;;;;;;;;;;;;;;;246;;
SCM;30.03.2011 00:00;;;;;;;;;970;;;;1018.5;0.8;6.1;2.9;22;;;;;;;;;;;;;;;;180;;
SCM;31.03.2011 00:00;;;;;;;;;974.6;;;;1023.2;1.1;7.6;4;27.4;;;;;;;;;;;;;;;;243;;
SCM;01.04.2011 00:00;;;;;;;;;976.7;;;;1025.4;1.4;6.1;5;22;;;;;;;;;;;;;;;;252;;
SCM;02.04.2011 00:00;;;;;;;;;970.1;;;;1018.6;1.2;7.8;4.3;28.1;;;;;;;;;;;;;;;;90;;
SCM;03.04.2011 00:00;;;;;;;;;966;;;;1014.3;1.4;6.8;5;24.5;;;;;;;;;;;;;;;;45;;
SCM;04.04.2011 00:00;;;;;;;;;974.3;;;;1023;1.9;11.3;6.8;40.7;;;;;;;;;;;;;;;;261;;
SCM;05.04.2011 00:00;;;;;;;;;979.2;;;;1028.1;1.6;7;5.8;25.2;;;;;;;;;;;;;;;;219;;
SCM;06.04.2011 00:00;;;;;;;;;980.5;;;;1029.5;1.1;5.2;4;18.7;;;;;;;;;;;;;;;;0;;
SCM;07.04.2011 00:00;;;;;;;;;977.6;;;;1026.4;1;7.1;3.6;25.6;;;;;;;;;;;;;;;;252;;
SCM;08.04.2011 00:00;;;;;;;;;974.5;;;;1023.2;1.1;4.8;4;17.3;;;;;;;;;;;;;;;;257;;
SCM;09.04.2011 00:00;;;;;;;;;972.9;;;;1021.5;1.1;6.2;4;22.3;;;;;;;;;;;;;;;;270;;
SCM;10.04.2011 00:00;;;;;;;;;973;;;;1021.6;1.3;7.8;4.7;28.1;;;;;;;;;;;;;;;;72;;
SCM;11.04.2011 00:00;;;;;;;;;973.1;;;;1021.7;1;6.2;3.6;22.3;;;;;;;;;;;;;;;;252;;
SCM;12.04.2011 00:00;;;;;;;;;974.4;;;;1023.1;2;10.2;7.2;36.7;;;;;;;;;;;;;;;;270;;
SCM;13.04.2011 00:00;;;;;;;;;974.6;;;;1023.3;2.1;8.1;7.6;29.2;;;;;;;;;;;;;;;;248;;
SCM;14.04.2011 00:00;;;;;;;;;968.2;;;;1016.7;2.1;10.7;7.6;38.5;;;;;;;;;;;;;;;;79;;
SCM;15.04.2011 00:00;;;;;;;;;968.3;;;;1016.7;2.2;8.3;7.9;29.9;;;;;;;;;;;;;;;;79;;
SCM;16.04.2011 00:00;;;;;;;;;971.3;;;;1019.9;1.6;8.3;5.8;29.9;;;;;;;;;;;;;;;;241;;
SCM;17.04.2011 00:00;;;;;;;;;972.9;;;;1021.5;1.5;6.7;5.4;24.1;;;;;;;;;;;;;;;;249;;
SCM;18.04.2011 00:00;;;;;;;;;971;;;;1019.5;1.3;5.6;4.7;20.2;;;;;;;;;;;;;;;;248;;
SCM;19.04.2011 00:00;;;;;;;;;967.1;;;;1015.5;1.2;5.5;4.3;19.8;;;;;;;;;;;;;;;;0;;
SCM;20.04.2011 00:00;;;;;;;;;967.3;;;;1015.6;1.1;4.6;4;16.6;;;;;;;;;;;;;;;;270;;
SCM;21.04.2011 00:00;;;;;;;;;966.8;;;;1015.2;1.6;8.3;5.8;29.9;;;;;;;;;;;;;;;;243;;
SCM;22.04.2011 00:00;;;;;;;;;962.1;;;;1010.3;2.5;9.2;9;33.1;;;;;;;;;;;;;;;;135;;
SCM;23.04.2011 00:00;;;;;;;;;963;;;;1011.2;2.6;9.6;9.4;34.6;;;;;;;;;;;;;;;;114;;
SCM;24.04.2011 00:00;;;;;;;;;967.9;;;;1016.3;1.3;5.5;4.7;19.8;;;;;;;;;;;;;;;;247;;
SCM;25.04.2011 00:00;;;;;;;;;967.3;;;;1015.7;2.2;10.2;7.9;36.7;;;;;;;;;;;;;;;;77;;
SCM;26.04.2011 00:00;;;;;;;;;967.4;;;;1015.8;1.4;10.6;5;38.2;;;;;;;;;;;;;;;;270;;
SCM;27.04.2011 00:00;;;;;;;;;966.6;;;;1014.9;1.1;7.7;4;27.7;;;;;;;;;;;;;;;;104;;
SCM;28.04.2011 00:00;;;;;;;;;963.3;;;;1011.6;1.8;9.5;6.5;34.2;;;;;;;;;;;;;;;;180;;
SCM;29.04.2011 00:00;;;;;;;;;959.9;;;;1008;1.8;13.6;6.5;49;;;;;;;;;;;;;;;;146;;
SCM;30.04.2011 00:00;;;;;;;;;957.4;;;;1005.4;1.1;4.7;4;16.9;;;;;;;;;;;;;;;;225;;
SCM;01.05.2011 00:00;;;;;;;;;958.7;;;;1006.8;1.6;8.5;5.8;30.6;;;;;;;;;;;;;;;;79;;
SCM;02.05.2011 00:00;;;;;;;;;957.1;;;;1005.1;1.8;7.6;6.5;27.4;;;;;;;;;;;;;;;;99;;
SCM;03.05.2011 00:00;;;;;;;;;961.8;;;;1009.9;1.7;11.2;6.1;40.3;;;;;;;;;;;;;;;;75;;
SCM;04.05.2011 00:00;;;;;;;;;969.8;;;;1018.3;1.7;8.3;6.1;29.9;;;;;;;;;;;;;;;;249;;
SCM;05.05.2011 00:00;;;;;;;;;973;;;;1021.6;1.8;6;6.5;21.6;;;;;;;;;;;;;;;;247;;
SCM;06.05.2011 00:00;;;;;;;;;972.8;;;;1021.4;1.8;7.8;6.5;28.1;;;;;;;;;;;;;;;;252;;
SCM;07.05.2011 00:00;;;;;;;;;971.2;;;;1019.7;2.2;9.6;7.9;34.6;;;;;;;;;;;;;;;;84;;
SCM;08.05.2011 00:00;;;;;;;;;971.2;;;;1019.8;1.6;7.6;5.8;27.4;;;;;;;;;;;;;;;;225;;
SCM;09.05.2011 00:00;;;;;;;;;973.7;;;;1022.3;1.3;6;4.7;21.6;;;;;;;;;;;;;;;;259;;
SCM;10.05.2011 00:00;;;;;;;;;976.6;;;;1025.3;0.9;3.7;3.2;13.3;;;;;;;;;;;;;;;;243;;
SCM;11.05.2011 00:00;;;;;;;;;973.7;;;;1022.3;2.4;10.3;8.6;37.1;;;;;;;;;;;;;;;;225;;
SCM;12.05.2011 00:00;;;;;;;;;971;;;;1019.5;1.4;11.5;5;41.4;;;;;;;;;;;;;;;;117;;
SCM;13.05.2011 00:00;;;;;;;;;971.1;;;;1019.7;1.6;5.3;5.8;19.1;;;;;;;;;;;;;;;;259;;
SCM;14.05.2011 00:00;;;;;;;;;968.9;;;;1017.3;3;13.3;10.8;47.9;;;;;;;;;;;;;;;;225;;
SCM;15.05.2011 00:00;;;;;;;;;974.7;;;;1023.4;1.5;9.1;5.4;32.8;;;;;;;;;;;;;;;;112;;
SCM;16.05.2011 00:00;;;;;;;;;978.1;;;;1027;1;4.1;3.6;14.8;;;;;;;;;;;;;;;;135;;
SCM;17.05.2011 00:00;;;;;;;;;975;;;;1023.7;1.4;8;5;28.8;;;;;;;;;;;;;;;;90;;
SCM;18.05.2011 00:00;;;;;;;;;969.9;;;;1018.4;2;8.1;7.2;29.2;;;;;;;;;;;;;;;;236;;
SCM;19.05.2011 00:00;;;;;;;;;969.3;;;;1017.8;2.1;9.5;7.6;34.2;;;;;;;;;;;;;;;;256;;
SCM;20.05.2011 00:00;;;;;;;;;971.4;;;;1020;1.5;8;5.4;28.8;;;;;;;;;;;;;;;;236;;
SCM;21.05.2011 00:00;;;;;;;;;971.6;;;;1020.2;1.5;6.2;5.4;22.3;;;;;;;;;;;;;;;;225;;
SCM;22.05.2011 00:00;;;;;;;;;971.7;;;;1020.2;1.8;11.8;6.5;42.5;;;;;;;;;;;;;;;;153;;
SCM;23.05.2011 00:00;;;;;;;;;975.8;;;;1024.6;1.9;6.3;6.8;22.7;;;;;;;;;;;;;;;;234;;
SCM;24.05.2011 00:00;;;;;;;;;975.1;;;;1023.9;2.1;8;7.6;28.8;;;;;;;;;;;;;;;;257;;
SCM;25.05.2011 00:00;;;;;;;;;974.4;;;;1023.1;1.8;5.1;6.5;18.4;;;;;;;;;;;;;;;;252;;
SCM;26.05.2011 00:00;;;;;;;;;967.6;;;;1016;2.2;16.2;7.9;58.3;;;;;;;;;;;;;;;;112;;
SCM;27.05.2011 00:00;;;;;;;;;970;;;;1018.4;1.6;6.8;5.8;24.5;;;;;;;;;;;;;;;;90;;
SCM;28.05.2011 00:00;;;;;;;;;970.2;;;;1018.7;1.3;5.2;4.7;18.7;;;;;;;;;;;;;;;;211;;
SCM;29.05.2011 00:00;;;;;;;;;970.1;;;;1018.6;1.6;6;5.8;21.6;;;;;;;;;;;;;;;;243;;
SCM;30.05.2011 00:00;;;;;;;;;966.9;;;;1015.3;1.6;10;5.8;36;;;;;;;;;;;;;;;;270;;
SCM;31.05.2011 00:00;;;;;;;;;968.3;;;;1016.8;3;15;10.8;54;;;;;;;;;;;;;;;;265;;
SCM;01.06.2011 00:00;;;;;;;;;974.3;;;;1022.9;1.7;8.2;6.1;29.5;;;;;;;;;;;;;;;;56;;
SCM;02.06.2011 00:00;;;;;;;;;975.5;;;;1024.2;2.7;10;9.7;36;;;;;;;;;;;;;;;;74;;
SCM;03.06.2011 00:00;;;;;;;;;973.2;;;;1021.9;1.7;9;6.1;32.4;;;;;;;;;;;;;;;;263;;
SCM;04.06.2011 00:00;;;;;;;;;966.9;;;;1015.3;1.5;11.5;5.4;41.4;;;;;;;;;;;;;;;;243;;
SCM;05.06.2011 00:00;;;;;;;;;961.7;;;;1009.8;2;7.8;7.2;28.1;;;;;;;;;;;;;;;;248;;
SCM;06.06.2011 00:00;;;;;;;;;959.8;;;;1007.9;2.4;9.2;8.6;33.1;;;;;;;;;;;;;;;;191;;
SCM;07.06.2011 00:00;;;;;;;;;957.6;;;;1005.6;2.1;9.2;7.6;33.1;;;;;;;;;;;;;;;;153;;
SCM;08.06.2011 00:00;;;;;;;;;961.6;;;;1009.7;2;8.7;7.2;31.3;;;;;;;;;;;;;;;;274;;
SCM;09.06.2011 00:00;;;;;;;;;968.8;;;;1017.2;1.3;8.6;4.7;31;;;;;;;;;;;;;;;;180;;
SCM;10.06.2011 00:00;;;;;;;;;967.9;;;;1016.3;1.7;6.2;6.1;22.3;;;;;;;;;;;;;;;;243;;
SCM;11.06.2011 00:00;;;;;;;;;970.4;;;;1019;1;5.7;3.6;20.5;;;;;;;;;;;;;;;;236;;
SCM;12.06.2011 00:00;;;;;;;;;970.1;;;;1018.6;1.3;5.2;4.7;18.7;;;;;;;;;;;;;;;;236;;
SCM;13.06.2011 00:00;;;;;;;;;970.7;;;;1019.2;1.1;3.6;4;13;;;;;;;;;;;;;;;;111;;
SCM;14.06.2011 00:00;;;;;;;;;971.1;;;;1019.7;1.3;6.6;4.7;23.8;;;;;;;;;;;;;;;;236;;
SCM;15.06.2011 00:00;;;;;;;;;970.3;;;;1018.8;1.9;13;6.8;46.8;;;;;;;;;;;;;;;;225;;
SCM;16.06.2011 00:00;;;;;;;;;968.5;;;;1017;1.5;22.2;5.4;79.9;;;;;;;;;;;;;;;;236;;
SCM;17.06.2011 00:00;;;;;;;;;965.9;;;;1014.3;1.6;14.3;5.8;51.5;;;;;;;;;;;;;;;;225;;
SCM;18.06.2011 00:00;;;;;;;;;964.6;;;;1012.8;1.8;10.8;6.5;38.9;;;;;;;;;;;;;;;;90;;
SCM;19.06.2011 00:00;;;;;;;;;969.5;;;;1017.9;3.7;20.3;13.3;73.1;;;;;;;;;;;;;;;;268;;
SCM;20.06.2011 00:00;;;;;;;;;970.4;;;;1018.9;1.5;5;5.4;18;;;;;;;;;;;;;;;;146;;
SCM;21.06.2011 00:00;;;;;;;;;970;;;;1018.5;2.7;11.3;9.7;40.7;;;;;;;;;;;;;;;;110;;
SCM;22.06.2011 00:00;;;;;;;;;968.9;;;;1017.4;2;16.5;7.2;59.4;;;;;;;;;;;;;;;;124;;
SCM;23.06.2011 00:00;;;;;;;;;971.9;;;;1020.4;1.4;11;5;39.6;;;;;;;;;;;;;;;;180;;
SCM;24.06.2011 00:00;;;;;;;;;975.6;;;;1024.3;1;5.1;3.6;18.4;;;;;;;;;;;;;;;;162;;
SCM;25.06.2011 00:00;;;;;;;;;978.4;;;;1027.3;1.3;6.7;4.7;24.1;;;;;;;;;;;;;;;;166;;
SCM;26.06.2011 00:00;;;;;;;;;975.4;;;;1024.1;1.2;5.6;4.3;20.2;;;;;;;;;;;;;;;;270;;
SCM;27.06.2011 00:00;;;;;;;;;971.3;;;;1019.8;1.1;8.1;4;29.2;;;;;;;;;;;;;;;;243;;
SCM;28.06.2011 00:00;;;;;;;;;967.8;;;;1016.3;1.1;5.8;4;20.9;;;;;;;;;;;;;;;;0;;
SCM;29.06.2011 00:00;;;;;;;;;968.7;;;;1017.1;1.9;10.2;6.8;36.7;;;;;;;;;;;;;;;;233;;
SCM;30.06.2011 00:00;;;;;;;;;973.4;;;;1022;1.9;11.8;6.8;42.5;;;;;;;;;;;;;;;;239;;
SCM;01.07.2011 00:00;;;;;;;;;972.6;;;;1021.2;1.4;9.2;5;33.1;;;;;;;;;;;;;;;;135;;
SCM;02.07.2011 00:00;;;;;;;;;968.1;;;;1016.5;1.4;6;5;21.6;;;;;;;;;;;;;;;;236;;
SCM;03.07.2011 00:00;;;;;;;;;966.4;;;;1014.8;1.4;5.7;5;20.5;;;;;;;;;;;;;;;;225;;
SCM;04.07.2011 00:00;;;;;;;;;966.2;;;;1014.5;1.1;4;4;14.4;;;;;;;;;;;;;;;;233;;
SCM;05.07.2011 00:00;;;;;;;;;966.1;;;;1014.5;1.2;6.8;4.3;24.5;;;;;;;;;;;;;;;;225;;
SCM;06.07.2011 00:00;;;;;;;;;964.1;;;;1012.4;1.8;7.8;6.5;28.1;;;;;;;;;;;;;;;;257;;
SCM;07.07.2011 00:00;;;;;;;;;962.9;;;;1011.1;1.9;24.6;6.8;88.6;;;;;;;;;;;;;;;;248;;
SCM;08.07.2011 00:00;;;;;;;;;967;;;;1015.4;2.2;16.6;7.9;59.8;;;;;;;;;;;;;;;;217;;
SCM;09.07.2011 00:00;;;;;;;;;970;;;;1018.5;1.6;12;5.8;43.2;;;;;;;;;;;;;;;;207;;
SCM;10.07.2011 00:00;;;;;;;;;970.4;;;;1018.9;3;15.3;10.8;55.1;;;;;;;;;;;;;;;;207;;
SCM;11.07.2011 00:00;;;;;;;;;970.1;;;;1018.6;1.3;5.5;4.7;19.8;;;;;;;;;;;;;;;;243;;
SCM;12.07.2011 00:00;;;;;;;;;964.1;;;;1012.4;2.1;9.8;7.6;35.3;;;;;;;;;;;;;;;;153;;
SCM;13.07.2011 00:00;;;;;;;;;963.4;;;;1011.6;2.8;15.3;10.1;55.1;;;;;;;;;;;;;;;;90;;
SCM;14.07.2011 00:00;;;;;;;;;971;;;;1019.6;1.2;5.7;4.3;20.5;;;;;;;;;;;;;;;;225;;
SCM;15.07.2011 00:00;;;;;;;;;972.5;;;;1021.1;1.4;6.8;5;24.5;;;;;;;;;;;;;;;;180;;
SCM;16.07.2011 00:00;;;;;;;;;964.9;;;;1013.2;1.3;6.8;4.7;24.5;;;;;;;;;;;;;;;;162;;
SCM;17.07.2011 00:00;;;;;;;;;959.6;;;;1007.7;2.2;12.7;7.9;45.7;;;;;;;;;;;;;;;;63;;
SCM;18.07.2011 00:00;;;;;;;;;961.2;;;;1009.3;1.8;6.1;6.5;22;;;;;;;;;;;;;;;;94;;
SCM;19.07.2011 00:00;;;;;;;;;958.4;;;;1006.5;2.3;12.2;8.3;43.9;;;;;;;;;;;;;;;;243;;
SCM;20.07.2011 00:00;;;;;;;;;963.9;;;;1012.1;1.8;9.1;6.5;32.8;;;;;;;;;;;;;;;;315;;
SCM;21.07.2011 00:00;;;;;;;;;963.5;;;;1011.8;1;6.3;3.6;22.7;;;;;;;;;;;;;;;;135;;
SCM;22.07.2011 00:00;;;;;;;;;964.4;;;;1012.7;1;5.2;3.6;18.7;;;;;;;;;;;;;;;;108;;
SCM;23.07.2011 00:00;;;;;;;;;964.2;;;;1012.5;1.2;11.3;4.3;40.7;;;;;;;;;;;;;;;;225;;
SCM;24.07.2011 00:00;;;;;;;;;966.2;;;;1014.5;1.4;8.6;5;31;;;;;;;;;;;;;;;;256;;
SCM;25.07.2011 00:00;;;;;;;;;963.9;;;;1012.2;1.3;6.5;4.7;23.4;;;;;;;;;;;;;;;;117;;
SCM;26.07.2011 00:00;;;;;;;;;965.1;;;;1013.4;1.3;6.6;4.7;23.8;;;;;;;;;;;;;;;;225;;
SCM;27.07.2011 00:00;;;;;;;;;968.9;;;;1017.4;1.1;8.2;4;29.5;;;;;;;;;;;;;;;;236;;
SCM;28.07.2011 00:00;;;;;;;;;970.7;;;;1019.2;1;8.1;3.6;29.2;;;;;;;;;;;;;;;;180;;
SCM;29.07.2011 00:00;;;;;;;;;970.4;;;;1018.9;1;8.8;3.6;31.7;;;;;;;;;;;;;;;;108;;
SCM;30.07.2011 00:00;;;;;;;;;968.7;;;;1017.1;1.8;7.7;6.5;27.7;;;;;;;;;;;;;;;;243;;
SCM;31.07.2011 00:00;;;;;;;;;967.4;;;;1015.8;1.7;5.7;6.1;20.5;;;;;;;;;;;;;;;;243;;
SCM;01.08.2011 00:00;;;;;;;;;967.3;;;;1015.7;1.5;5.1;5.4;18.4;;;;;;;;;;;;;;;;246;;
SCM;02.08.2011 00:00;;;;;;;;;968.2;;;;1016.7;1.1;4.3;4;15.5;;;;;;;;;;;;;;;;0;;
SCM;03.08.2011 00:00;;;;;;;;;970.2;;;;1018.6;1.8;10.2;6.5;36.7;;;;;;;;;;;;;;;;99;;
SCM;04.08.2011 00:00;;;;;;;;;969.6;;;;1018.1;1;3.8;3.6;13.7;;;;;;;;;;;;;;;;124;;
SCM;05.08.2011 00:00;;;;;;;;;967.4;;;;1015.8;1.8;9.8;6.5;35.3;;;;;;;;;;;;;;;;108;;
SCM;06.08.2011 00:00;;;;;;;;;961.5;;;;1009.7;1.8;10.7;6.5;38.5;;;;;;;;;;;;;;;;135;;
SCM;07.08.2011 00:00;;;;;;;;;962;;;;1010.2;1.4;8.2;5;29.5;;;;;;;;;;;;;;;;0;;
SCM;08.08.2011 00:00;;;;;;;;;965.9;;;;1014.2;3;16.8;10.8;60.5;;;;;;;;;;;;;;;;267;;
SCM;09.08.2011 00:00;;;;;;;;;974.3;;;;1023;2.1;13.5;7.6;48.6;;;;;;;;;;;;;;;;225;;
SCM;10.08.2011 00:00;;;;;;;;;977;;;;1025.8;1.4;6.7;5;24.1;;;;;;;;;;;;;;;;191;;
SCM;11.08.2011 00:00;;;;;;;;;971;;;;1019.5;0.9;5.8;3.2;20.9;;;;;;;;;;;;;;;;90;;
SCM;12.08.2011 00:00;;;;;;;;;967.3;;;;1015.7;2.1;10.5;7.6;37.8;;;;;;;;;;;;;;;;265;;
SCM;13.08.2011 00:00;;;;;;;;;965.3;;;;1013.6;1.2;7.6;4.3;27.4;;;;;;;;;;;;;;;;180;;
SCM;14.08.2011 00:00;;;;;;;;;963.4;;;;1011.6;1.7;9.5;6.1;34.2;;;;;;;;;;;;;;;;135;;
SCM;15.08.2011 00:00;;;;;;;;;968.6;;;;1017;1.1;6;4;21.6;;;;;;;;;;;;;;;;180;;
SCM;16.08.2011 00:00;;;;;;;;;970.7;;;;1019.3;1.1;4.3;4;15.5;;;;;;;;;;;;;;;;231;;
SCM;17.08.2011 00:00;;;;;;;;;968.4;;;;1016.9;1;5.2;3.6;18.7;;;;;;;;;;;;;;;;225;;
SCM;18.08.2011 00:00;;;;;;;;;967.7;;;;1016.1;2.1;9.5;7.6;34.2;;;;;;;;;;;;;;;;180;;
SCM;19.08.2011 00:00;;;;;;;;;971;;;;1019.5;1.6;8.1;5.8;29.2;;;;;;;;;;;;;;;;207;;
SCM;20.08.2011 00:00;;;;;;;;;972.5;;;;1021.1;1;8.1;3.6;29.2;;;;;;;;;;;;;;;;108;;
SCM;21.08.2011 00:00;;;;;;;;;971.1;;;;1019.7;1.8;12;6.5;43.2;;;;;;;;;;;;;;;;95;;
SCM;22.08.2011 00:00;;;;;;;;;969.1;;;;1017.6;1.2;11;4.3;39.6;;;;;;;;;;;;;;;;90;;
SCM;23.08.2011 00:00;;;;;;;;;967.9;;;;1016.3;0.7;5.6;2.5;20.2;;;;;;;;;;;;;;;;90;;
SCM;01.11.2011 00:00;;;;;;;;;970.6;;;;1018.9;0.9;4.9;3.2;17.6;4.7;16.9;;;;;;;;;;;;;;135;;
SCM;02.11.2011 00:00;;;;;;;;;967.7;;;;1015.9;1.4;7.6;5;27.4;7;25.2;;;;;;;;;;;;;;270;;
SCM;03.11.2011 00:00;;;;;;;;;960.1;;;;1008;2.1;11;7.6;39.6;10.3;37.1;;;;;;;;;;;;;;255;;
SCM;04.11.2011 00:00;;;;;;;;;957.1;;;;1004.9;3.5;15.4;12.6;55.4;15.2;54.7;;;;;;;;;;;;;;150;;
SCM;05.11.2011 00:00;;;;;;;;;957.8;;;;1005.6;4.7;18.9;16.9;68;17.9;64.4;;;;;;;;;;;;;;137;;
SCM;06.11.2011 00:00;;;;;;;;;961.1;;;;1009.1;1.3;6.9;4.7;24.8;6.5;23.4;;;;;;;;;;;;;;277;;
SCM;07.11.2011 00:00;;;;;;;;;966.7;;;;1014.9;0.8;2.9;2.9;10.4;2.9;10.4;;;;;;;;;;;;;;270;;
SCM;08.11.2011 00:00;;;;;;;;;969;;;;1017.2;0.8;3;2.9;10.8;2.9;10.4;;;;;;;;;;;;;;270;;
SCM;09.11.2011 00:00;;;;;;;;;972.7;;;;1021.1;0.7;4.3;2.5;15.5;4.2;15.1;;;;;;;;;;;;;;270;;
SCM;10.11.2011 00:00;;;;;;;;;973.1;;;;1021.5;0.9;3.2;3.2;11.5;3.1;11.2;;;;;;;;;;;;;;108;;
SCM;11.11.2011 00:00;;;;;;;;;974.7;;;;1023.2;1;4.1;3.6;14.8;4;14.4;;;;;;;;;;;;;;104;;
SCM;12.11.2011 00:00;;;;;;;;;981.8;;;;1030.6;0.6;2.4;2.2;8.6;2.3;8.3;;;;;;;;;;;;;;90;;
SCM;13.11.2011 00:00;;;;;;;;;982.5;;;;1031.3;0.9;3.3;3.2;11.9;3.2;11.5;;;;;;;;;;;;;;135;;
SCM;14.11.2011 00:00;;;;;;;;;977.4;;;;1026;1;4.4;3.6;15.8;4.3;15.5;;;;;;;;;;;;;;117;;
SCM;15.11.2011 00:00;;;;;;;;;972.2;;;;1020.6;1.1;4.1;4;14.8;3.9;14;;;;;;;;;;;;;;121;;
SCM;16.11.2011 00:00;;;;;;;;;973;;;;1021.5;1;4.3;3.6;15.5;4.1;14.8;;;;;;;;;;;;;;99;;
SCM;17.11.2011 00:00;;;;;;;;;976.5;;;;1025.1;0.9;4;3.2;14.4;3.9;14;;;;;;;;;;;;;;79;;
SCM;18.11.2011 00:00;;;;;;;;;975.7;;;;1024.3;1;5;3.6;18;4.9;17.6;;;;;;;;;;;;;;76;;
SCM;19.11.2011 00:00;;;;;;;;;973.7;;;;1022.2;1.1;4.4;4;15.8;4.4;15.8;;;;;;;;;;;;;;270;;
SCM;20.11.2011 00:00;;;;;;;;;973.6;;;;1022;0.9;4.8;3.2;17.3;4.7;16.9;;;;;;;;;;;;;;90;;
SCM;21.11.2011 00:00;;;;;;;;;970.6;;;;1018.9;0.6;3.1;2.2;11.2;2.9;10.4;;;;;;;;;;;;;;90;;
SCM;22.11.2011 00:00;;;;;;;;;971.3;;;;1019.7;0.9;3;3.2;10.8;2.9;10.4;;;;;;;;;;;;;;101;;
SCM;23.11.2011 00:00;;;;;;;;;977.9;;;;1026.5;0.9;3.2;3.2;11.5;3.1;11.2;;;;;;;;;;;;;;63;;
SCM;24.11.2011 00:00;;;;;;;;;983.2;;;;1032;0.9;3.4;3.2;12.2;3.2;11.5;;;;;;;;;;;;;;79;;
SCM;25.11.2011 00:00;;;;;;;;;982;;;;1030.8;1.2;4.9;4.3;17.6;4.8;17.3;;;;;;;;;;;;;;90;;
SCM;26.11.2011 00:00;;;;;;;;;983.7;;;;1032.5;1.1;5.3;4;19.1;5.2;18.7;;;;;;;;;;;;;;90;;
SCM;27.11.2011 00:00;;;;;;;;;979.5;;;;1028.2;1;4.9;3.6;17.6;4.8;17.3;;;;;;;;;;;;;;90;;
SCM;28.11.2011 00:00;;;;;;;;;978;;;;1026.6;1.1;4.6;4;16.6;4.4;15.8;;;;;;;;;;;;;;90;;
SCM;29.11.2011 00:00;;;;;;;;;975.1;;;;1023.6;1.1;3.2;4;11.5;3.1;11.2;;;;;;;;;;;;;;77;;
SCM;30.11.2011 00:00;;;;;;;;;978.8;;;;1027.4;1.1;7.2;4;25.9;6.9;24.8;;;;;;;;;;;;;;74;;
SCM;01.12.2011 00:00;;;;;;;;;974.2;;;;1022.7;0.9;4.7;3.2;16.9;4.6;16.6;;;;;;;;;;;;;;90;;
SCM;02.12.2011 00:00;;;;;;;;;968.1;;;;1016.3;1.8;9.7;6.5;34.9;9.6;34.6;;;;;;;;;;;;;;279;;
SCM;03.12.2011 00:00;;;;;;;;;969.1;;;;1017.3;0.9;5.3;3.2;19.1;5.2;18.7;;;;;;;;;;;;;;360;;
SCM;04.12.2011 00:00;;;;;;;;;962;;;;1010;1.1;4.4;4;15.8;4.3;15.5;;;;;;;;;;;;;;82;;
SCM;05.12.2011 00:00;;;;;;;;;962.3;;;;1010.3;2.4;20.7;8.6;74.5;20;72;;;;;;;;;;;;;;281;;
SCM;06.12.2011 00:00;;;;;;;;;966.1;;;;1014.2;1.4;5.5;5;19.8;5.4;19.4;;;;;;;;;;;;;;90;;
SCM;07.12.2011 00:00;;;;;;;;;966.8;;;;1015;4.1;18.1;14.8;65.2;17.7;63.7;;;;;;;;;;;;;;287;;
SCM;08.12.2011 00:00;;;;;;;;;976.3;;;;1024.9;1.8;11.6;6.5;41.8;11.1;40;;;;;;;;;;;;;;307;;
SCM;09.12.2011 00:00;;;;;;;;;969;;;;1017.3;1.8;9.7;6.5;34.9;9.4;33.8;;;;;;;;;;;;;;87;;
SCM;10.12.2011 00:00;;;;;;;;;967.8;;;;1016;1.3;4.6;4.7;16.6;4.5;16.2;;;;;;;;;;;;;;90;;
SCM;11.12.2011 00:00;;;;;;;;;968.5;;;;1016.7;1.1;5.4;4;19.4;5.3;19.1;;;;;;;;;;;;;;233;;
SCM;12.12.2011 00:00;;;;;;;;;966.5;;;;1014.7;1.9;11.8;6.8;42.5;11.5;41.4;;;;;;;;;;;;;;300;;
SCM;13.12.2011 00:00;;;;;;;;;964.8;;;;1012.9;2.3;13.1;8.3;47.2;11.1;40;;;;;;;;;;;;;;96;;
SCM;14.12.2011 00:00;;;;;;;;;963.2;;;;1011.2;2.8;19.2;10.1;69.1;18.7;67.3;;;;;;;;;;;;;;360;;
SCM;15.12.2011 00:00;;;;;;;;;965.1;;;;1013.2;3.9;21.6;14;77.8;20.6;74.2;;;;;;;;;;;;;;252;;
SCM;16.12.2011 00:00;;;;;;;;;947.6;;;;995;7.3;26.5;26.3;95.4;25.2;90.7;;;;;;;;;;;;;;189;;
SCM;17.12.2011 00:00;;;;;;;;;958.4;;;;1006.2;3.4;16.5;12.2;59.4;15.8;56.9;;;;;;;;;;;;;;295;;
SCM;18.12.2011 00:00;;;;;;;;;965.2;;;;1013.3;1.4;12.2;5;43.9;11.8;42.5;;;;;;;;;;;;;;297;;
SCM;19.12.2011 00:00;;;;;;;;;971.4;;;;1019.8;0.8;4.5;2.9;16.2;4.4;15.8;;;;;;;;;;;;;;56;;
SCM;20.12.2011 00:00;;;;;;;;;967;;;;1015.2;2.2;13;7.9;46.8;13;46.8;;;;;;;;;;;;;;96;;
SCM;21.12.2011 00:00;;;;;;;;;972.5;;;;1020.9;1.4;6.8;5;24.5;6.7;24.1;;;;;;;;;;;;;;338;;
SCM;22.12.2011 00:00;;;;;;;;;977.2;;;;1025.8;1.2;4.2;4.3;15.1;4;14.4;;;;;;;;;;;;;;75;;
SCM;23.12.2011 00:00;;;;;;;;;976.3;;;;1024.9;1.1;5.5;4;19.8;5.3;19.1;;;;;;;;;;;;;;73;;
SCM;24.12.2011 00:00;;;;;;;;;979.3;;;;1028;2.6;13.7;9.4;49.3;13.4;48.2;;;;;;;;;;;;;;291;;
SCM;25.12.2011 00:00;;;;;;;;;988.1;;;;1037.1;1.7;10.3;6.1;37.1;9.9;35.6;;;;;;;;;;;;;;98;;
SCM;26.12.2011 00:00;;;;;;;;;989.3;;;;1038.4;0.9;4.3;3.2;15.5;4.2;15.1;;;;;;;;;;;;;;90;;
SCM;27.12.2011 00:00;;;;;;;;;987.4;;;;1036.5;0.8;2.9;2.9;10.4;2.8;10.1;;;;;;;;;;;;;;90;;
SCM;28.12.2011 00:00;;;;;;;;;981.4;;;;1030.2;1.2;5.7;4.3;20.5;5.6;20.2;;;;;;;;;;;;;;90;;
SCM;29.12.2011 00:00;;;;;;;;;978.1;;;;1026.7;1.5;7.4;5.4;26.6;7.1;25.6;;;;;;;;;;;;;;297;;
SCM;30.12.2011 00:00;;;;;;;;;970;;;;1018.4;2.7;12.7;9.7;45.7;12.1;43.6;;;;;;;;;;;;;;292;;
SCM;31.12.2011 00:00;;;;;;;;;970;;;;1018.3;2.2;13.9;7.9;50;13.3;47.9;;;;;;;;;;;;;;102;;
SCM;01.01.2012 00:00;;;;;;;;;971.8;;;;1020.2;1.7;10.5;6.1;37.8;10.3;37.1;;;;;;;;;;;;;;78;;
SCM;02.01.2012 00:00;;;;;;;;;968.5;;;;1016.8;1.5;11.9;5.4;42.8;11.4;41;;;;;;;;;;;;;;360;;
SCM;03.01.2012 00:00;;;;;;;;;975.7;;;;1024.3;1.5;12.9;5.4;46.4;12.5;45;;;;;;;;;;;;;;82;;
SCM;04.01.2012 00:00;;;;;;;;;973.9;;;;1022.3;2.6;15;9.4;54;14;50.4;;;;;;;;;;;;;;284;;
SCM;05.01.2012 00:00;;;;;;;;;959.9;;;;1007.8;3.8;20.2;13.7;72.7;19.5;70.2;;;;;;;;;;;;;;288;;
SCM;06.01.2012 00:00;;;;;;;;;970.9;;;;1019.3;3.6;13.9;13;50;13.7;49.3;;;;;;;;;;;;;;291;;
SCM;07.01.2012 00:00;;;;;;;;;976.1;;;;1024.7;1.4;9.7;5;34.9;9.3;33.5;;;;;;;;;;;;;;34;;
SCM;08.01.2012 00:00;;;;;;;;;975.7;;;;1024.2;2.8;9.9;10.1;35.6;9.2;33.1;;;;;;;;;;;;;;294;;
SCM;09.01.2012 00:00;;;;;;;;;982.4;;;;1031.2;0.9;4.1;3.2;14.8;4;14.4;;;;;;;;;;;;;;63;;
SCM;10.01.2012 00:00;;;;;;;;;985.6;;;;1034.5;1;5.6;3.6;20.2;5.4;19.4;;;;;;;;;;;;;;83;;
SCM;11.01.2012 00:00;;;;;;;;;986.4;;;;1035.4;0.9;4.3;3.2;15.5;4.2;15.1;;;;;;;;;;;;;;108;;
SCM;12.01.2012 00:00;;;;;;;;;981.7;;;;1030.5;1;5.4;3.6;19.4;5.3;19.1;;;;;;;;;;;;;;288;;
SCM;13.01.2012 00:00;;;;;;;;;979.5;;;;1028.2;0.7;3;2.5;10.8;2.9;10.4;;;;;;;;;;;;;;104;;
SCM;14.01.2012 00:00;;;;;;;;;977.2;;;;1025.9;1.4;6.1;5;22;5.9;21.2;;;;;;;;;;;;;;104;;
SCM;15.01.2012 00:00;;;;;;;;;973.4;;;;1021.8;1.6;6.8;5.8;24.5;6.5;23.4;;;;;;;;;;;;;;94;;
SCM;16.01.2012 00:00;;;;;;;;;974.8;;;;1023.3;0.9;3.2;3.2;11.5;3.2;11.5;;;;;;;;;;;;;;90;;
SCM;17.01.2012 00:00;;;;;;;;;980.9;;;;1029.6;0.9;3.8;3.2;13.7;3.7;13.3;;;;;;;;;;;;;;79;;
SCM;18.01.2012 00:00;;;;;;;;;983;;;;1031.8;0.8;3.7;2.9;13.3;3.6;13;;;;;;;;;;;;;;90;;
SCM;19.01.2012 00:00;;;;;;;;;978.2;;;;1026.9;2.2;13.7;7.9;49.3;13.1;47.2;;;;;;;;;;;;;;352;;
SCM;20.01.2012 00:00;;;;;;;;;971.1;;;;1019.5;5;17.9;18;64.4;17.2;61.9;;;;;;;;;;;;;;294;;
SCM;21.01.2012 00:00;;;;;;;;;969.4;;;;1017.7;2.4;14.8;8.6;53.3;14.4;51.8;;;;;;;;;;;;;;333;;
SCM;22.01.2012 00:00;;;;;;;;;968.2;;;;1016.4;3.8;14.5;13.7;52.2;14.2;51.1;;;;;;;;;;;;;;279;;
SCM;23.01.2012 00:00;;;;;;;;;970.3;;;;1018.6;1.8;9.5;6.5;34.2;9.1;32.8;;;;;;;;;;;;;;295;;
SCM;24.01.2012 00:00;;;;;;;;;972.9;;;;1021.4;1.6;11.5;5.8;41.4;10.9;39.2;;;;;;;;;;;;;;304;;
SCM;25.01.2012 00:00;;;;;;;;;972.7;;;;1021.1;1.5;6.2;5.4;22.3;6.1;22;;;;;;;;;;;;;;103;;
SCM;26.01.2012 00:00;;;;;;;;;970.4;;;;1018.8;1.5;9.2;5.4;33.1;9;32.4;;;;;;;;;;;;;;135;;
SCM;27.01.2012 00:00;;;;;;;;;973.9;;;;1022.4;1.7;7.6;6.1;27.4;7.4;26.6;;;;;;;;;;;;;;236;;
SCM;28.01.2012 00:00;;;;;;;;;975.5;;;;1024.1;1.2;5.9;4.3;21.2;5.7;20.5;;;;;;;;;;;;;;278;;
SCM;29.01.2012 00:00;;;;;;;;;972.5;;;;1020.9;1.3;7.9;4.7;28.4;7.8;28.1;;;;;;;;;;;;;;32;;
SCM;30.01.2012 00:00;;;;;;;;;973.6;;;;1022.1;0.8;2.8;2.9;10.1;2.8;10.1;;;;;;;;;;;;;;288;;
SCM;31.01.2012 00:00;;;;;;;;;968.5;;;;1016.8;1;4.5;3.6;16.2;4.3;15.5;;;;;;;;;;;;;;34;;
SCM;01.02.2012 00:00;;;;;;;;;969.2;;;;1017.5;1.4;7.7;5;27.7;7.6;27.4;;;;;;;;;;;;;;61;;
SCM;02.02.2012 00:00;;;;;;;;;970.7;;;;1019;1.6;8.1;5.8;29.2;7.8;28.1;;;;;;;;;;;;;;38;;
SCM;03.02.2012 00:00;;;;;;;;;978;;;;1026.6;2.5;10.3;9;37.1;10;36;;;;;;;;;;;;;;51;;
SCM;04.02.2012 00:00;;;;;;;;;981.8;;;;1030.6;2.7;9.6;9.7;34.6;9.4;33.8;;;;;;;;;;;;;;81;;
SCM;05.02.2012 00:00;;;;;;;;;979.4;;;;1028.1;1.7;8;6.1;28.8;7.7;27.7;;;;;;;;;;;;;;86;;
SCM;06.02.2012 00:00;;;;;;;;;980.1;;;;1028.8;1.7;8.8;6.1;31.7;8.5;30.6;;;;;;;;;;;;;;74;;
SCM;07.02.2012 00:00;;;;;;;;;978;;;;1026.6;3;10.4;10.8;37.4;9.4;33.8;;;;;;;;;;;;;;73;;
SCM;08.02.2012 00:00;;;;;;;;;980.1;;;;1028.8;2.7;9.1;9.7;32.8;8.5;30.6;;;;;;;;;;;;;;78;;
SCM;09.02.2012 00:00;;;;;;;;;981.4;;;;1030.2;1.3;5.7;4.7;20.5;5.6;20.2;;;;;;;;;;;;;;297;;
SCM;10.02.2012 00:00;;;;;;;;;980.3;;;;1029;2.8;10.9;10.1;39.2;10.2;36.7;;;;;;;;;;;;;;77;;
SCM;11.02.2012 00:00;;;;;;;;;976.1;;;;1024.7;3.3;10.2;11.9;36.7;9.7;34.9;;;;;;;;;;;;;;67;;
SCM;12.02.2012 00:00;;;;;;;;;977.7;;;;1026.3;1.8;7.6;6.5;27.4;6.7;24.1;;;;;;;;;;;;;;53;;
SCM;13.02.2012 00:00;;;;;;;;;975.1;;;;1023.7;0.9;3.2;3.2;11.5;3.1;11.2;;;;;;;;;;;;;;90;;
SCM;14.02.2012 00:00;;;;;;;;;969.4;;;;1017.7;0.9;3.7;3.2;13.3;3.7;13.3;;;;;;;;;;;;;;104;;
SCM;15.02.2012 00:00;;;;;;;;;968.1;;;;1016.4;3.1;13.9;11.2;50;13.6;49;;;;;;;;;;;;;;304;;
SCM;16.02.2012 00:00;;;;;;;;;975.5;;;;1024;1;6.3;3.6;22.7;6.2;22.3;;;;;;;;;;;;;;297;;
SCM;17.02.2012 00:00;;;;;;;;;977.7;;;;1026.3;1.1;5;4;18;4.9;17.6;;;;;;;;;;;;;;117;;
SCM;18.02.2012 00:00;;;;;;;;;972.3;;;;1020.7;0.9;4.1;3.2;14.8;4;14.4;;;;;;;;;;;;;;90;;
SCM;19.02.2012 00:00;;;;;;;;;972.1;;;;1020.5;1.5;8.7;5.4;31.3;8.6;31;;;;;;;;;;;;;;180;;
SCM;20.02.2012 00:00;;;;;;;;;981.7;;;;1030.5;1.9;10.6;6.8;38.2;9.8;35.3;;;;;;;;;;;;;;63;;
SCM;21.02.2012 00:00;;;;;;;;;982.8;;;;1031.6;0.9;3.6;3.2;13;3.5;12.6;;;;;;;;;;;;;;180;;
SCM;22.02.2012 00:00;;;;;;;;;981.3;;;;1030;0.8;3.3;2.9;11.9;3.1;11.2;;;;;;;;;;;;;;243;;
SCM;23.02.2012 00:00;;;;;;;;;979.9;;;;1028.6;0.9;4.2;3.2;15.1;4;14.4;;;;;;;;;;;;;;72;;
SCM;24.02.2012 00:00;;;;;;;;;980.2;;;;1029;0.8;3.7;2.9;13.3;3.6;13;;;;;;;;;;;;;;0;;
SCM;25.02.2012 00:00;;;;;;;;;976.4;;;;1025;0.8;4.4;2.9;15.8;4.3;15.5;;;;;;;;;;;;;;252;;
SCM;26.02.2012 00:00;;;;;;;;;975.9;;;;1024.4;0.8;4.8;2.9;17.3;4.6;16.6;;;;;;;;;;;;;;270;;
SCM;27.02.2012 00:00;;;;;;;;;977.9;;;;1026.6;1.2;4;4.3;14.4;3.8;13.7;;;;;;;;;;;;;;270;;
SCM;28.02.2012 00:00;;;;;;;;;977.5;;;;1026.1;1;7.3;3.6;26.3;7;25.2;;;;;;;;;;;;;;90;;
SCM;29.02.2012 00:00;;;;;;;;;975.7;;;;1024.3;1;3.7;3.6;13.3;3.6;13;;;;;;;;;;;;;;288;;
SCM;01.03.2012 00:00;;;;;;;;;975.6;;;;1024.1;1;5.6;3.6;20.2;5.5;19.8;;;;;;;;;;;;;;288;;
SCM;02.03.2012 00:00;;;;;;;;;976.4;;;;1024.9;1.1;7.7;4;27.7;7.3;26.3;;;;;;;;;;;;;;63;;
SCM;03.03.2012 00:00;;;;;;;;;974.8;;;;1023.4;0.8;9.5;2.9;34.2;8.7;31.3;;;;;;;;;;;;;;297;;
SCM;04.03.2012 00:00;;;;;;;;;971.9;;;;1020.3;1;4.6;3.6;16.6;4.5;16.2;;;;;;;;;;;;;;254;;
SCM;05.03.2012 00:00;;;;;;;;;973;;;;1021.5;2.9;18;10.4;64.8;17;61.2;;;;;;;;;;;;;;257;;
SCM;06.03.2012 00:00;;;;;;;;;974.8;;;;1023.3;1.2;5.6;4.3;20.2;5.5;19.8;;;;;;;;;;;;;;90;;
SCM;07.03.2012 00:00;;;;;;;;;975;;;;1023.5;1.1;6.7;4;24.1;6.6;23.8;;;;;;;;;;;;;;214;;
SCM;08.03.2012 00:00;;;;;;;;;978.3;;;;1027;1.1;8.2;4;29.5;7.8;28.1;;;;;;;;;;;;;;45;;
SCM;09.03.2012 00:00;;;;;;;;;986.9;;;;1035.8;1.3;7;4.7;25.2;6.8;24.5;;;;;;;;;;;;;;90;;
SCM;10.03.2012 00:00;;;;;;;;;986;;;;1034.9;1.2;4.5;4.3;16.2;4.4;15.8;;;;;;;;;;;;;;270;;
SCM;11.03.2012 00:00;;;;;;;;;983.6;;;;1032.5;1;5;3.6;18;4.9;17.6;;;;;;;;;;;;;;90;;
SCM;12.03.2012 00:00;;;;;;;;;981.9;;;;1030.7;1.3;3.7;4.7;13.3;3.6;13;;;;;;;;;;;;;;270;;
SCM;13.03.2012 00:00;;;;;;;;;980.9;;;;1029.7;1.1;5.4;4;19.4;5.2;18.7;;;;;;;;;;;;;;270;;
SCM;14.03.2012 00:00;;;;;;;;;980.2;;;;1028.9;1;3.9;3.6;14;3.7;13.3;;;;;;;;;;;;;;270;;
SCM;15.03.2012 00:00;;;;;;;;;979.6;;;;1028.3;1.1;7.5;4;27;7.3;26.3;;;;;;;;;;;;;;90;;
SCM;16.03.2012 00:00;;;;;;;;;976.3;;;;1024.9;1.6;9.7;5.8;34.9;9.4;33.8;;;;;;;;;;;;;;90;;
SCM;17.03.2012 00:00;;;;;;;;;971.9;;;;1020.3;3.2;14.6;11.5;52.6;14;50.4;;;;;;;;;;;;;;126;;
SCM;18.03.2012 00:00;;;;;;;;;970.6;;;;1018.9;2.2;12.3;7.9;44.3;11.7;42.1;;;;;;;;;;;;;;261;;
SCM;19.03.2012 00:00;;;;;;;;;978.9;;;;1027.5;1.2;4.6;4.3;16.6;4.6;16.6;;;;;;;;;;;;;;198;;
SCM;20.03.2012 00:00;;;;;;;;;984.1;;;;1032.9;1.5;5.7;5.4;20.5;5.6;20.2;;;;;;;;;;;;;;270;;
SCM;21.03.2012 00:00;;;;;;;;;983.2;;;;1032.1;0.8;5.4;2.9;19.4;5.2;18.7;;;;;;;;;;;;;;270;;
SCM;22.03.2012 00:00;;;;;;;;;978.6;;;;1027.3;0.7;4.3;2.5;15.5;4.3;15.5;;;;;;;;;;;;;;270;;
SCM;23.03.2012 00:00;;;;;;;;;976.3;;;;1024.9;1.2;6.5;4.3;23.4;6.1;22;;;;;;;;;;;;;;281;;
SCM;24.03.2012 00:00;;;;;;;;;976;;;;1024.6;1;3.7;3.6;13.3;3.7;13.3;;;;;;;;;;;;;;315;;
SCM;25.03.2012 00:00;;;;;;;;;978.9;;;;1027.6;1.6;9.8;5.8;35.3;9.5;34.2;;;;;;;;;;;;;;67;;
SCM;26.03.2012 00:00;;;;;;;;;981.3;;;;1030;1.8;8;6.5;28.8;7.6;27.4;;;;;;;;;;;;;;74;;
SCM;27.03.2012 00:00;;;;;;;;;981.7;;;;1030.5;1.1;7.2;4;25.9;6.6;23.8;;;;;;;;;;;;;;45;;
SCM;28.03.2012 00:00;;;;;;;;;978.3;;;;1027;1.3;6.2;4.7;22.3;5.8;20.9;;;;;;;;;;;;;;270;;
SCM;29.03.2012 00:00;;;;;;;;;973.4;;;;1021.8;1.4;7.8;5;28.1;7.7;27.7;;;;;;;;;;;;;;264;;
SCM;30.03.2012 00:00;;;;;;;;;970.7;;;;1019;0.7;2.9;2.5;10.4;2.8;10.1;;;;;;;;;;;;;;252;;
SCM;31.03.2012 00:00;;;;;;;;;964.7;;;;1012.8;2;8.9;7.2;32;8.7;31.3;;;;;;;;;;;;;;261;;
SCM;01.04.2012 00:00;;;;;;;;;965.6;;;;1013.7;2.4;9.6;8.6;34.6;9;32.4;;;;;;;;;;;;;;90;;
SCM;02.04.2012 00:00;;;;;;;;;961.1;;;;1009.1;1.2;8.2;4.3;29.5;7.9;28.4;;;;;;;;;;;;;;270;;
SCM;03.04.2012 00:00;;;;;;;;;957.5;;;;1005.3;1.8;16.6;6.5;59.8;15.9;57.2;;;;;;;;;;;;;;270;;
SCM;04.04.2012 00:00;;;;;;;;;959.8;;;;1007.8;2;10.2;7.2;36.7;10;36;;;;;;;;;;;;;;252;;
SCM;05.04.2012 00:00;;;;;;;;;961.9;;;;1009.9;2;4.6;7.2;16.6;4.6;16.6;;;;;;;;;;;;;;252;;
SCM;06.04.2012 00:00;;;;;;;;;961.3;;;;1009.2;1.4;4.7;5;16.9;4.7;16.9;;;;;;;;;;;;;;266;;
SCM;07.04.2012 00:00;;;;;;;;;957.8;;;;1005.7;0.8;7.1;2.9;25.6;6.3;22.7;;;;;;;;;;;;;;117;;
SCM;08.04.2012 00:00;;;;;;;;;965.2;;;;1013.3;1.9;8.1;6.8;29.2;7.8;28.1;;;;;;;;;;;;;;304;;
SCM;09.04.2012 00:00;;;;;;;;;962.9;;;;1010.9;2.4;10.7;8.6;38.5;10.6;38.2;;;;;;;;;;;;;;95;;
SCM;10.04.2012 00:00;;;;;;;;;952.9;;;;1000.5;3.2;16.8;11.5;60.5;16.5;59.4;;;;;;;;;;;;;;131;;
SCM;11.04.2012 00:00;;;;;;;;;955.1;;;;1002.9;1.9;9.2;6.8;33.1;9;32.4;;;;;;;;;;;;;;297;;
SCM;12.04.2012 00:00;;;;;;;;;956.7;;;;1004.4;2.1;9.9;7.6;35.6;9.6;34.6;;;;;;;;;;;;;;225;;
SCM;13.04.2012 00:00;;;;;;;;;955.9;;;;1003.7;0.9;3.5;3.2;12.6;3.4;12.2;;;;;;;;;;;;;;256;;
SCM;14.04.2012 00:00;;;;;;;;;951.4;;;;999;1.5;6.2;5.4;22.3;5.9;21.2;;;;;;;;;;;;;;276;;
SCM;15.04.2012 00:00;;;;;;;;;953.8;;;;1001.5;2.1;8.8;7.6;31.7;8.5;30.6;;;;;;;;;;;;;;247;;
SCM;16.04.2012 00:00;;;;;;;;;965.5;;;;1013.6;1.3;6.7;4.7;24.1;6.3;22.7;;;;;;;;;;;;;;63;;
SCM;17.04.2012 00:00;;;;;;;;;962.7;;;;1010.7;1.7;5.8;6.1;20.9;5.6;20.2;;;;;;;;;;;;;;252;;
SCM;18.04.2012 00:00;;;;;;;;;951.9;;;;999.4;2.7;11.2;9.7;40.3;10.9;39.2;;;;;;;;;;;;;;104;;
SCM;19.04.2012 00:00;;;;;;;;;947.2;;;;994.6;3.1;9.8;11.2;35.3;9.5;34.2;;;;;;;;;;;;;;210;;
SCM;20.04.2012 00:00;;;;;;;;;953.3;;;;1000.9;1.7;18.6;6.1;67;17.9;64.4;;;;;;;;;;;;;;270;;
SCM;21.04.2012 00:00;;;;;;;;;957.3;;;;1005.2;2.6;14.9;9.4;53.6;14.6;52.6;;;;;;;;;;;;;;288;;
SCM;22.04.2012 00:00;;;;;;;;;962.9;;;;1010.9;3.1;15.6;11.2;56.2;14.8;53.3;;;;;;;;;;;;;;274;;
SCM;23.04.2012 00:00;;;;;;;;;957.9;;;;1005.7;2.3;12.4;8.3;44.6;12.1;43.6;;;;;;;;;;;;;;252;;
SCM;24.04.2012 00:00;;;;;;;;;954.5;;;;1002.2;2.8;13.5;10.1;48.6;12.8;46.1;;;;;;;;;;;;;;315;;
SCM;25.04.2012 00:00;;;;;;;;;957.6;;;;1005.5;4.1;20.1;14.8;72.4;18.9;68;;;;;;;;;;;;;;144;;
SCM;26.04.2012 00:00;;;;;;;;;960.9;;;;1008.9;5.7;20.6;20.5;74.2;18.2;65.5;;;;;;;;;;;;;;135;;
SCM;27.04.2012 00:00;;;;;;;;;967;;;;1015.2;2.5;14.6;9;52.6;13.3;47.9;;;;;;;;;;;;;;256;;
SCM;28.04.2012 00:00;;;;;;;;;963.7;;;;1011.8;6.7;20.4;24.1;73.4;19.6;70.6;;;;;;;;;;;;;;112;;
SCM;29.04.2012 00:00;;;;;;;;;960.3;;;;1008.2;3.9;19.1;14;68.8;18.7;67.3;;;;;;;;;;;;;;119;;
SCM;30.04.2012 00:00;;;;;;;;;964.8;;;;1012.9;3.5;16.7;12.6;60.1;16;57.6;;;;;;;;;;;;;;156;;
SCM;01.05.2012 00:00;;;;;;;;;968.4;;;;1016.7;1.6;6.6;5.8;23.8;6.4;23;;;;;;;;;;;;;;270;;
SCM;02.05.2012 00:00;;;;;;;;;967.1;;;;1015.2;2.4;10.6;8.6;38.2;10.2;36.7;;;;;;;;;;;;;;257;;
SCM;03.05.2012 00:00;;;;;;;;;965.2;;;;1013.3;1.6;7;5.8;25.2;6.9;24.8;;;;;;;;;;;;;;256;;
SCM;04.05.2012 00:00;;;;;;;;;959.2;;;;1007.1;1.6;10.3;5.8;37.1;10.1;36.4;;;;;;;;;;;;;;261;;
SCM;05.05.2012 00:00;;;;;;;;;959.8;;;;1007.7;1.2;10.4;4.3;37.4;10.2;36.7;;;;;;;;;;;;;;101;;
SCM;06.05.2012 00:00;;;;;;;;;963.8;;;;1011.9;1.7;8.6;6.1;31;8.3;29.9;;;;;;;;;;;;;;107;;
SCM;07.05.2012 00:00;;;;;;;;;969.4;;;;1017.6;1.2;4.7;4.3;16.9;4.6;16.6;;;;;;;;;;;;;;236;;
SCM;08.05.2012 00:00;;;;;;;;;968.5;;;;1016.7;1.9;10.4;6.8;37.4;9.5;34.2;;;;;;;;;;;;;;261;;
SCM;09.05.2012 00:00;;;;;;;;;971.3;;;;1019.7;1.2;5.9;4.3;21.2;5.7;20.5;;;;;;;;;;;;;;270;;
SCM;10.05.2012 00:00;;;;;;;;;974.8;;;;1023.3;2.3;11.1;8.3;40;10.4;37.4;;;;;;;;;;;;;;90;;
SCM;11.05.2012 00:00;;;;;;;;;975.4;;;;1023.9;2.4;12.7;8.6;45.7;12.1;43.6;;;;;;;;;;;;;;101;;
SCM;12.05.2012 00:00;;;;;;;;;980.1;;;;1028.8;1.8;8.3;6.5;29.9;8.1;29.2;;;;;;;;;;;;;;260;;
SCM;13.05.2012 00:00;;;;;;;;;977.1;;;;1025.7;2.9;12.9;10.4;46.4;12.1;43.6;;;;;;;;;;;;;;81;;
SCM;14.05.2012 00:00;;;;;;;;;969.9;;;;1018.3;1.8;6.8;6.5;24.5;6.6;23.8;;;;;;;;;;;;;;255;;
SCM;15.05.2012 00:00;;;;;;;;;965.3;;;;1013.4;2.9;14.6;10.4;52.6;14;50.4;;;;;;;;;;;;;;279;;
SCM;16.05.2012 00:00;;;;;;;;;974.3;;;;1022.8;2.5;12.8;9;46.1;12.1;43.6;;;;;;;;;;;;;;304;;
SCM;17.05.2012 00:00;;;;;;;;;971;;;;1019.4;2.7;10.1;9.7;36.4;9.5;34.2;;;;;;;;;;;;;;119;;
SCM;18.05.2012 00:00;;;;;;;;;964.4;;;;1012.6;1.5;11;5.4;39.6;10.9;39.2;;;;;;;;;;;;;;262;;
SCM;19.05.2012 00:00;;;;;;;;;963;;;;1011.1;2;8.2;7.2;29.5;7.9;28.4;;;;;;;;;;;;;;252;;
SCM;20.05.2012 00:00;;;;;;;;;957.4;;;;1005.2;3.9;17.2;14;61.9;16.6;59.8;;;;;;;;;;;;;;129;;
SCM;21.05.2012 00:00;;;;;;;;;952.5;;;;1000.1;1.6;7.4;5.8;26.6;6.9;24.8;;;;;;;;;;;;;;264;;
SCM;22.05.2012 00:00;;;;;;;;;960.7;;;;1008.6;1.4;7.4;5;26.6;7.4;26.6;;;;;;;;;;;;;;248;;
SCM;23.05.2012 00:00;;;;;;;;;972.2;;;;1020.6;1.1;4.2;4;15.1;4.1;14.8;;;;;;;;;;;;;;256;;
SCM;24.05.2012 00:00;;;;;;;;;974;;;;1022.5;1.2;7.4;4.3;26.6;7.1;25.6;;;;;;;;;;;;;;90;;
SCM;25.05.2012 00:00;;;;;;;;;970.6;;;;1018.9;3;12.1;10.8;43.6;11.3;40.7;;;;;;;;;;;;;;74;;
SCM;26.05.2012 00:00;;;;;;;;;969.5;;;;1017.8;2;11;7.2;39.6;10.6;38.2;;;;;;;;;;;;;;63;;
SCM;27.05.2012 00:00;;;;;;;;;969.2;;;;1017.5;1.1;7.2;4;25.9;7;25.2;;;;;;;;;;;;;;270;;
SCM;28.05.2012 00:00;;;;;;;;;968.3;;;;1016.5;1.3;7.8;4.7;28.1;7.7;27.7;;;;;;;;;;;;;;250;;
SCM;29.05.2012 00:00;;;;;;;;;967.8;;;;1016;1.8;7.3;6.5;26.3;7;25.2;;;;;;;;;;;;;;240;;
SCM;30.05.2012 00:00;;;;;;;;;970.5;;;;1018.8;2;13.1;7.2;47.2;12.2;43.9;;;;;;;;;;;;;;252;;
SCM;31.05.2012 00:00;;;;;;;;;971.9;;;;1020.3;2.1;13.2;7.6;47.5;12.9;46.4;;;;;;;;;;;;;;105;;
SCM;01.06.2012 00:00;;;;;;;;;970.8;;;;1019.1;1;6.7;3.6;24.1;6.5;23.4;;;;;;;;;;;;;;117;;
SCM;02.06.2012 00:00;;;;;;;;;966.7;;;;1014.9;1.1;4;4;14.4;4;14.4;;;;;;;;;;;;;;225;;
SCM;03.06.2012 00:00;;;;;;;;;964.3;;;;1012.4;2;14.6;7.2;52.6;14.3;51.5;;;;;;;;;;;;;;281;;
SCM;04.06.2012 00:00;;;;;;;;;966.5;;;;1014.6;2.1;10.9;7.6;39.2;10.2;36.7;;;;;;;;;;;;;;103;;
SCM;05.06.2012 00:00;;;;;;;;;969;;;;1017.3;2.3;7.4;8.3;26.6;7.3;26.3;;;;;;;;;;;;;;262;;
SCM;06.06.2012 00:00;;;;;;;;;964.4;;;;1012.5;1.2;8.1;4.3;29.2;7.9;28.4;;;;;;;;;;;;;;98;;
SCM;07.06.2012 00:00;;;;;;;;;960.7;;;;1008.7;2.3;21.3;8.3;76.7;20.5;73.8;;;;;;;;;;;;;;117;;
SCM;08.06.2012 00:00;;;;;;;;;965.6;;;;1013.8;1.4;14.7;5;52.9;14.1;50.8;;;;;;;;;;;;;;180;;
SCM;09.06.2012 00:00;;;;;;;;;968.6;;;;1016.8;1.3;9.8;4.7;35.3;9.6;34.6;;;;;;;;;;;;;;108;;
SCM;10.06.2012 00:00;;;;;;;;;963.9;;;;1012;1.4;7;5;25.2;6.9;24.8;;;;;;;;;;;;;;214;;
SCM;11.06.2012 00:00;;;;;;;;;958.7;;;;1006.6;1.9;16.7;6.8;60.1;15.9;57.2;;;;;;;;;;;;;;101;;
SCM;12.06.2012 00:00;;;;;;;;;959.5;;;;1007.4;1.2;7.1;4.3;25.6;7;25.2;;;;;;;;;;;;;;90;;
SCM;13.06.2012 00:00;;;;;;;;;968.4;;;;1016.7;1.4;9.9;5;35.6;9.9;35.6;;;;;;;;;;;;;;124;;
SCM;14.06.2012 00:00;;;;;;;;;970.4;;;;1018.7;2.1;8.7;7.6;31.3;8.4;30.2;;;;;;;;;;;;;;225;;
SCM;15.06.2012 00:00;;;;;;;;;969.9;;;;1018.2;2.2;10.1;7.9;36.4;9.5;34.2;;;;;;;;;;;;;;104;;
SCM;16.06.2012 00:00;;;;;;;;;970.3;;;;1018.6;1.8;9.2;6.5;33.1;8.5;30.6;;;;;;;;;;;;;;270;;
SCM;17.06.2012 00:00;;;;;;;;;973;;;;1021.4;1.9;8.4;6.8;30.2;8.1;29.2;;;;;;;;;;;;;;262;;
SCM;18.06.2012 00:00;;;;;;;;;969.7;;;;1018;2.2;12.4;7.9;44.6;12.1;43.6;;;;;;;;;;;;;;262;;
SCM;19.06.2012 00:00;;;;;;;;;969;;;;1017.2;1.3;6.6;4.7;23.8;6.5;23.4;;;;;;;;;;;;;;257;;
SCM;20.06.2012 00:00;;;;;;;;;967.5;;;;1015.7;1;4.7;3.6;16.9;4.5;16.2;;;;;;;;;;;;;;135;;
SCM;21.06.2012 00:00;;;;;;;;;965.3;;;;1013.5;1.4;17.2;5;61.9;16.9;60.8;;;;;;;;;;;;;;225;;
SCM;22.06.2012 00:00;;;;;;;;;973.5;;;;1022;1.5;4.9;5.4;17.6;4.8;17.3;;;;;;;;;;;;;;259;;
SCM;23.06.2012 00:00;;;;;;;;;975.7;;;;1024.3;1.5;5.2;5.4;18.7;5.1;18.4;;;;;;;;;;;;;;250;;
SCM;24.06.2012 00:00;;;;;;;;;971.5;;;;1019.9;1.6;7.2;5.8;25.9;7.1;25.6;;;;;;;;;;;;;;259;;
SCM;25.06.2012 00:00;;;;;;;;;971.3;;;;1019.7;1.5;9.8;5.4;35.3;9.6;34.6;;;;;;;;;;;;;;225;;
SCM;26.06.2012 00:00;;;;;;;;;974.7;;;;1023.2;1.3;5.5;4.7;19.8;5.4;19.4;;;;;;;;;;;;;;117;;
SCM;27.06.2012 00:00;;;;;;;;;972.6;;;;1021;1.3;6.1;4.7;22;5.9;21.2;;;;;;;;;;;;;;153;;
SCM;28.06.2012 00:00;;;;;;;;;965.6;;;;1013.8;1.4;6.8;5;24.5;6.7;24.1;;;;;;;;;;;;;;135;;
SCM;29.06.2012 00:00;;;;;;;;;964.3;;;;1012.4;1.5;13.1;5.4;47.2;11.6;41.8;;;;;;;;;;;;;;90;;
SCM;30.06.2012 00:00;;;;;;;;;965;;;;1013.1;1.8;12.5;6.5;45;12.2;43.9;;;;;;;;;;;;;;275;;
SCM;01.07.2012 00:00;;;;;;;;;970.5;;;;1018.9;2.8;11.5;10.1;41.4;11.2;40.3;;;;;;;;;;;;;;257;;
SCM;02.07.2012 00:00;;;;;;;;;969.8;;;;1018.1;1.9;7.7;6.8;27.7;7.5;27;;;;;;;;;;;;;;243;;
SCM;03.07.2012 00:00;;;;;;;;;970.3;;;;1018.6;1.8;6.5;6.5;23.4;6.3;22.7;;;;;;;;;;;;;;262;;
SCM;04.07.2012 00:00;;;;;;;;;966.7;;;;1014.9;1.9;11;6.8;39.6;10.4;37.4;;;;;;;;;;;;;;243;;
SCM;05.07.2012 00:00;;;;;;;;;964;;;;1012;1.9;13;6.8;46.8;12.7;45.7;;;;;;;;;;;;;;240;;
SCM;06.07.2012 00:00;;;;;;;;;966.3;;;;1014.5;1.5;9.1;5.4;32.8;9;32.4;;;;;;;;;;;;;;265;;
SCM;07.07.2012 00:00;;;;;;;;;966.4;;;;1014.5;1.8;8.2;6.5;29.5;8.1;29.2;;;;;;;;;;;;;;207;;
SCM;08.07.2012 00:00;;;;;;;;;965.1;;;;1013.2;2.6;11.7;9.4;42.1;11.2;40.3;;;;;;;;;;;;;;191;;
SCM;09.07.2012 00:00;;;;;;;;;967.9;;;;1016.1;1.2;4.4;4.3;15.8;4.3;15.5;;;;;;;;;;;;;;225;;
SCM;10.07.2012 00:00;;;;;;;;;967.7;;;;1015.9;1.6;17.7;5.8;63.7;16.4;59;;;;;;;;;;;;;;117;;
SCM;11.07.2012 00:00;;;;;;;;;969.4;;;;1017.7;1.2;8.4;4.3;30.2;8.2;29.5;;;;;;;;;;;;;;256;;
SCM;12.07.2012 00:00;;;;;;;;;971;;;;1019.4;1.2;8.3;4.3;29.9;8.2;29.5;;;;;;;;;;;;;;243;;
SCM;13.07.2012 00:00;;;;;;;;;964.1;;;;1012.2;1;4.9;3.6;17.6;4.7;16.9;;;;;;;;;;;;;;146;;
SCM;14.07.2012 00:00;;;;;;;;;963.7;;;;1011.8;2.3;13.1;8.3;47.2;12.7;45.7;;;;;;;;;;;;;;282;;
SCM;15.07.2012 00:00;;;;;;;;;971.1;;;;1019.4;1.9;20.3;6.8;73.1;19.1;68.8;;;;;;;;;;;;;;248;;
SCM;16.07.2012 00:00;;;;;;;;;978.9;;;;1027.6;1.8;8.1;6.5;29.2;7.8;28.1;;;;;;;;;;;;;;252;;
SCM;17.07.2012 00:00;;;;;;;;;978.4;;;;1027.1;2.7;12.2;9.7;43.9;11.7;42.1;;;;;;;;;;;;;;283;;
SCM;18.07.2012 00:00;;;;;;;;;972.1;;;;1020.5;1.1;6.5;4;23.4;6;21.6;;;;;;;;;;;;;;135;;
SCM;19.07.2012 00:00;;;;;;;;;966.7;;;;1014.9;1.9;11.1;6.8;40;10.8;38.9;;;;;;;;;;;;;;283;;
SCM;20.07.2012 00:00;;;;;;;;;968.9;;;;1017.1;1.7;10.7;6.1;38.5;10.6;38.2;;;;;;;;;;;;;;265;;
SCM;21.07.2012 00:00;;;;;;;;;972.9;;;;1021.4;1.3;5.8;4.7;20.9;5.7;20.5;;;;;;;;;;;;;;252;;
SCM;22.07.2012 00:00;;;;;;;;;976.5;;;;1025.1;2.1;12.3;7.6;44.3;12;43.2;;;;;;;;;;;;;;90;;
SCM;23.07.2012 00:00;;;;;;;;;973.8;;;;1022.3;2.2;9.5;7.9;34.2;8.9;32;;;;;;;;;;;;;;80;;
SCM;24.07.2012 00:00;;;;;;;;;969.4;;;;1017.7;0.9;4.1;3.2;14.8;4;14.4;;;;;;;;;;;;;;270;;
SCM;25.07.2012 00:00;;;;;;;;;968.7;;;;1017;1.9;10.9;6.8;39.2;10.3;37.1;;;;;;;;;;;;;;101;;
SCM;26.07.2012 00:00;;;;;;;;;969.5;;;;1017.7;1.7;10.6;6.1;38.2;10.4;37.4;;;;;;;;;;;;;;112;;
SCM;27.07.2012 00:00;;;;;;;;;966.5;;;;1014.7;2.3;20.5;8.3;73.8;19.8;71.3;;;;;;;;;;;;;;105;;
SCM;28.07.2012 00:00;;;;;;;;;965.2;;;;1013.3;2.3;12.1;8.3;43.6;11.6;41.8;;;;;;;;;;;;;;99;;
SCM;29.07.2012 00:00;;;;;;;;;968.5;;;;1016.8;1;11.5;3.6;41.4;11.1;40;;;;;;;;;;;;;;180;;
SCM;30.07.2012 00:00;;;;;;;;;971.6;;;;1020;1.3;6.4;4.7;23;6.2;22.3;;;;;;;;;;;;;;236;;
SCM;31.07.2012 00:00;;;;;;;;;971.3;;;;1019.6;1.6;6.1;5.8;22;6;21.6;;;;;;;;;;;;;;243;;
SCM;01.08.2012 00:00;;;;;;;;;967.1;;;;1015.3;1.6;12.4;5.8;44.6;12.3;44.3;;;;;;;;;;;;;;225;;
SCM;02.08.2012 00:00;;;;;;;;;968.5;;;;1016.7;2.2;9.5;7.9;34.2;9.4;33.8;;;;;;;;;;;;;;255;;
SCM;03.08.2012 00:00;;;;;;;;;970;;;;1018.3;1.1;4.6;4;16.6;4.4;15.8;;;;;;;;;;;;;;243;;
SCM;04.08.2012 00:00;;;;;;;;;967.1;;;;1015.3;1.4;13.1;5;47.2;12.1;43.6;;;;;;;;;;;;;;117;;
SCM;05.08.2012 00:00;;;;;;;;;964.4;;;;1012.5;2.9;18.2;10.4;65.5;17.5;63;;;;;;;;;;;;;;146;;
SCM;06.08.2012 00:00;;;;;;;;;969.6;;;;1017.9;1.9;12.4;6.8;44.6;11.9;42.8;;;;;;;;;;;;;;261;;
SCM;07.08.2012 00:00;;;;;;;;;975.7;;;;1024.2;1.7;7.3;6.1;26.3;7.2;25.9;;;;;;;;;;;;;;254;;
SCM;08.08.2012 00:00;;;;;;;;;975.5;;;;1024;1.9;7.6;6.8;27.4;7.6;27.4;;;;;;;;;;;;;;249;;
SCM;09.08.2012 00:00;;;;;;;;;975.4;;;;1024;1.8;6.7;6.5;24.1;6.5;23.4;;;;;;;;;;;;;;247;;
SCM;10.08.2012 00:00;;;;;;;;;974.4;;;;1022.9;1.6;9.1;5.8;32.8;8.8;31.7;;;;;;;;;;;;;;249;;
SCM;11.08.2012 00:00;;;;;;;;;971;;;;1019.4;1.9;7.3;6.8;26.3;7;25.2;;;;;;;;;;;;;;76;;
SCM;12.08.2012 00:00;;;;;;;;;966.9;;;;1015.1;1.2;6.1;4.3;22;5.9;21.2;;;;;;;;;;;;;;236;;
SCM;13.08.2012 00:00;;;;;;;;;966.4;;;;1014.5;1.4;6.2;5;22.3;6.1;22;;;;;;;;;;;;;;225;;
SCM;14.08.2012 00:00;;;;;;;;;966.4;;;;1014.6;1.6;6.9;5.8;24.8;6.7;24.1;;;;;;;;;;;;;;225;;
SCM;15.08.2012 00:00;;;;;;;;;965.2;;;;1013.3;2;16.7;7.2;60.1;15.7;56.5;;;;;;;;;;;;;;143;;
SCM;16.08.2012 00:00;;;;;;;;;972.1;;;;1020.4;1.9;15.1;6.8;54.4;14.7;52.9;;;;;;;;;;;;;;265;;
SCM;17.08.2012 00:00;;;;;;;;;972.8;;;;1021.2;1.4;4.2;5;15.1;4.1;14.8;;;;;;;;;;;;;;243;;
SCM;18.08.2012 00:00;;;;;;;;;972.9;;;;1021.4;1.1;5.8;4;20.9;5.7;20.5;;;;;;;;;;;;;;90;;
SCM;19.08.2012 00:00;;;;;;;;;973.1;;;;1021.6;1.2;10.1;4.3;36.4;9.5;34.2;;;;;;;;;;;;;;104;;
SCM;20.08.2012 00:00;;;;;;;;;973.8;;;;1022.3;1.9;11.5;6.8;41.4;11.1;40;;;;;;;;;;;;;;90;;
SCM;21.08.2012 00:00;;;;;;;;;971;;;;1019.4;1.8;13.9;6.5;50;12.7;45.7;;;;;;;;;;;;;;124;;
SCM;22.08.2012 00:00;;;;;;;;;970.3;;;;1018.6;1.7;18.9;6.1;68;18.2;65.5;;;;;;;;;;;;;;252;;
SCM;23.08.2012 00:00;;;;;;;;;967.4;;;;1015.6;3.4;20.8;12.2;74.9;20.5;73.8;;;;;;;;;;;;;;128;;
SCM;24.08.2012 00:00;;;;;;;;;964.6;;;;1012.6;2.5;20;9;72;18.4;66.2;;;;;;;;;;;;;;117;;
SCM;25.08.2012 00:00;;;;;;;;;965.8;;;;1014;1.5;8.5;5.4;30.6;8.2;29.5;;;;;;;;;;;;;;112;;
SCM;26.08.2012 00:00;;;;;;;;;971.9;;;;1020.3;2.1;14.5;7.6;52.2;13.8;49.7;;;;;;;;;;;;;;275;;
SCM;27.08.2012 00:00;;;;;;;;;973.1;;;;1021.6;1.5;8;5.4;28.8;7.7;27.7;;;;;;;;;;;;;;135;;
SCM;28.08.2012 00:00;;;;;;;;;972.2;;;;1020.6;1.8;8.2;6.5;29.5;7.8;28.1;;;;;;;;;;;;;;90;;
SCM;29.08.2012 00:00;;;;;;;;;972.3;;;;1020.7;2.1;13.9;7.6;50;13.3;47.9;;;;;;;;;;;;;;113;;
SCM;30.08.2012 00:00;;;;;;;;;971.9;;;;1020.3;1.7;12.1;6.1;43.6;11.8;42.5;;;;;;;;;;;;;;101;;
SCM;31.08.2012 00:00;;;;;;;;;972.9;;;;1021.3;1.5;6.6;5.4;23.8;6.5;23.4;;;;;;;;;;;;;;103;;
SCM;01.09.2012 00:00;;;;;;;;;973.3;;;;1021.7;0.9;2.6;3.2;9.4;2.5;9;;;;;;;;;;;;;;97;;
SCM;02.09.2012 00:00;;;;;;;;;974.6;;;;1023.2;1.2;4.3;4.3;15.5;4.2;15.1;;;;;;;;;;;;;;225;;
SCM;03.09.2012 00:00;;;;;;;;;972.9;;;;1021.3;1.3;7.8;4.7;28.1;7.7;27.7;;;;;;;;;;;;;;281;;
SCM;04.09.2012 00:00;;;;;;;;;970.3;;;;1018.7;1;5.8;3.6;20.9;5.4;19.4;;;;;;;;;;;;;;0;;
SCM;05.09.2012 00:00;;;;;;;;;971.1;;;;1019.5;0.8;2.9;2.9;10.4;2.9;10.4;;;;;;;;;;;;;;252;;
SCM;06.09.2012 00:00;;;;;;;;;975.9;;;;1024.4;1.4;7;5;25.2;6.8;24.5;;;;;;;;;;;;;;45;;
SCM;07.09.2012 00:00;;;;;;;;;976.9;;;;1025.5;1.1;3.8;4;13.7;3.7;13.3;;;;;;;;;;;;;;248;;
SCM;08.09.2012 00:00;;;;;;;;;973.7;;;;1022.2;1.2;4.9;4.3;17.6;4.7;16.9;;;;;;;;;;;;;;243;;
SCM;09.09.2012 00:00;;;;;;;;;970.2;;;;1018.6;0.9;6;3.2;21.6;5.9;21.2;;;;;;;;;;;;;;90;;
SCM;10.09.2012 00:00;;;;;;;;;970.4;;;;1018.7;1.4;9.7;5;34.9;9.1;32.8;;;;;;;;;;;;;;90;;
SCM;11.09.2012 00:00;;;;;;;;;969.1;;;;1017.4;2.2;14.7;7.9;52.9;13.9;50;;;;;;;;;;;;;;104;;
SCM;12.09.2012 00:00;;;;;;;;;968.5;;;;1016.8;2;10.4;7.2;37.4;10;36;;;;;;;;;;;;;;252;;
SCM;13.09.2012 00:00;;;;;;;;;969.5;;;;1017.8;1.3;6.8;4.7;24.5;6.6;23.8;;;;;;;;;;;;;;143;;
SCM;14.09.2012 00:00;;;;;;;;;970.1;;;;1018.4;1.2;4.6;4.3;16.6;4.5;16.2;;;;;;;;;;;;;;180;;
SCM;15.09.2012 00:00;;;;;;;;;970.4;;;;1018.8;1.5;5.6;5.4;20.2;5.3;19.1;;;;;;;;;;;;;;72;;
SCM;16.09.2012 00:00;;;;;;;;;968.7;;;;1016.9;1;7.4;3.6;26.6;7.2;25.9;;;;;;;;;;;;;;90;;
SCM;17.09.2012 00:00;;;;;;;;;968.2;;;;1016.4;1.1;6.4;4;23;6.1;22;;;;;;;;;;;;;;90;;
SCM;18.09.2012 00:00;;;;;;;;;966.6;;;;1014.8;1.2;7.9;4.3;28.4;7.2;25.9;;;;;;;;;;;;;;225;;
SCM;19.09.2012 00:00;;;;;;;;;971.9;;;;1020.3;1.9;7;6.8;25.2;6.9;24.8;;;;;;;;;;;;;;275;;
SCM;20.09.2012 00:00;;;;;;;;;974.6;;;;1023.1;1.7;8.9;6.1;32;8.6;31;;;;;;;;;;;;;;127;;
SCM;21.09.2012 00:00;;;;;;;;;969.6;;;;1017.9;1.7;11.6;6.1;41.8;11.1;40;;;;;;;;;;;;;;99;;
SCM;22.09.2012 00:00;;;;;;;;;968.6;;;;1016.8;1.6;7.3;5.8;26.3;7;25.2;;;;;;;;;;;;;;135;;
SCM;23.09.2012 00:00;;;;;;;;;964.9;;;;1013;2.2;12.3;7.9;44.3;11.9;42.8;;;;;;;;;;;;;;252;;
SCM;24.09.2012 00:00;;;;;;;;;958;;;;1005.8;1.7;16.1;6.1;58;15.5;55.8;;;;;;;;;;;;;;281;;
SCM;25.09.2012 00:00;;;;;;;;;956.9;;;;1004.7;2.2;10.4;7.9;37.4;9.7;34.9;;;;;;;;;;;;;;180;;
SCM;26.09.2012 00:00;;;;;;;;;956.4;;;;1004.2;1.7;12.5;6.1;45;12.3;44.3;;;;;;;;;;;;;;280;;
SCM;27.09.2012 00:00;;;;;;;;;966.3;;;;1014.5;1.6;11.4;5.8;41;11.2;40.3;;;;;;;;;;;;;;135;;
SCM;28.09.2012 00:00;;;;;;;;;971.1;;;;1019.4;1;4.6;3.6;16.6;4.5;16.2;;;;;;;;;;;;;;225;;
SCM;29.09.2012 00:00;;;;;;;;;970.3;;;;1018.7;1.2;5.2;4.3;18.7;5.1;18.4;;;;;;;;;;;;;;256;;
SCM;30.09.2012 00:00;;;;;;;;;971.8;;;;1020.2;1.1;4.8;4;17.3;4.7;16.9;;;;;;;;;;;;;;270;;
SCM;01.10.2012 00:00;;;;;;;;;971.2;;;;1019.6;0.7;3.2;2.5;11.5;3;10.8;;;;;;;;;;;;;;104;;
SCM;02.10.2012 00:00;;;;;;;;;972.2;;;;1020.6;0.7;4.1;2.5;14.8;4;14.4;;;;;;;;;;;;;;180;;
SCM;03.10.2012 00:00;;;;;;;;;970.5;;;;1018.9;1.6;9.3;5.8;33.5;9.1;32.8;;;;;;;;;;;;;;108;;
SCM;04.10.2012 00:00;;;;;;;;;968.9;;;;1017.2;1.4;7.2;5;25.9;7;25.2;;;;;;;;;;;;;;83;;
SCM;05.10.2012 00:00;;;;;;;;;971;;;;1019.3;1.4;11.5;5;41.4;11.4;41;;;;;;;;;;;;;;90;;
SCM;06.10.2012 00:00;;;;;;;;;969.9;;;;1018.2;1.7;10.4;6.1;37.4;10.2;36.7;;;;;;;;;;;;;;101;;
SCM;07.10.2012 00:00;;;;;;;;;970.7;;;;1019;0.9;5.5;3.2;19.8;5.4;19.4;;;;;;;;;;;;;;270;;
SCM;08.10.2012 00:00;;;;;;;;;971;;;;1019.3;1.3;6.5;4.7;23.4;6.3;22.7;;;;;;;;;;;;;;243;;
SCM;09.10.2012 00:00;;;;;;;;;965.8;;;;1014;1.3;8.1;4.7;29.2;7.9;28.4;;;;;;;;;;;;;;135;;
SCM;10.10.2012 00:00;;;;;;;;;965.8;;;;1014;1.1;7.5;4;27;7.3;26.3;;;;;;;;;;;;;;83;;
SCM;11.10.2012 00:00;;;;;;;;;963;;;;1011;1.4;8.7;5;31.3;8.6;31;;;;;;;;;;;;;;236;;
SCM;12.10.2012 00:00;;;;;;;;;965.1;;;;1013.2;1.3;12.5;4.7;45;11.7;42.1;;;;;;;;;;;;;;360;;
SCM;13.10.2012 00:00;;;;;;;;;965.5;;;;1013.6;0.9;4.2;3.2;15.1;4;14.4;;;;;;;;;;;;;;225;;
SCM;14.10.2012 00:00;;;;;;;;;956.4;;;;1004.1;1.3;9.2;4.7;33.1;9;32.4;;;;;;;;;;;;;;90;;
SCM;15.10.2012 00:00;;;;;;;;;962.3;;;;1010.3;1.8;8.8;6.5;31.7;8.5;30.6;;;;;;;;;;;;;;90;;
SCM;16.10.2012 00:00;;;;;;;;;966.1;;;;1014.3;1.8;10.8;6.5;38.9;9.8;35.3;;;;;;;;;;;;;;104;;
SCM;17.10.2012 00:00;;;;;;;;;966;;;;1014.1;3.8;16.9;13.7;60.8;15.7;56.5;;;;;;;;;;;;;;141;;
SCM;18.10.2012 00:00;;;;;;;;;966.1;;;;1014.2;3.2;16.6;11.5;59.8;16.2;58.3;;;;;;;;;;;;;;210;;
SCM;19.10.2012 00:00;;;;;;;;;967.8;;;;1016;1.6;12.1;5.8;43.6;11.6;41.8;;;;;;;;;;;;;;276;;
SCM;20.10.2012 00:00;;;;;;;;;970.7;;;;1019.1;0.8;4.9;2.9;17.6;4.6;16.6;;;;;;;;;;;;;;0;;
SCM;21.10.2012 00:00;;;;;;;;;969.7;;;;1018;1;4.5;3.6;16.2;4.4;15.8;;;;;;;;;;;;;;0;;
SCM;22.10.2012 00:00;;;;;;;;;972.4;;;;1020.8;0.7;3.4;2.5;12.2;3.3;11.9;;;;;;;;;;;;;;225;;
SCM;23.10.2012 00:00;;;;;;;;;973.7;;;;1022.1;1.3;4.4;4.7;15.8;4.2;15.1;;;;;;;;;;;;;;180;;
SCM;24.10.2012 00:00;;;;;;;;;970.9;;;;1019.3;1;3.4;3.6;12.2;3.3;11.9;;;;;;;;;;;;;;270;;
SCM;25.10.2012 00:00;;;;;;;;;966.9;;;;1015.1;1;4.1;3.6;14.8;3.9;14;;;;;;;;;;;;;;225;;
SCM;26.10.2012 00:00;;;;;;;;;956.3;;;;1004.1;0.7;2.7;2.5;9.7;2.6;9.4;;;;;;;;;;;;;;256;;
SCM;27.10.2012 00:00;;;;;;;;;950.1;;;;997.6;3.3;11.9;11.9;42.8;11.8;42.5;;;;;;;;;;;;;;272;;
SCM;28.10.2012 00:00;;;;;;;;;961.8;;;;1009.8;1.7;9.2;6.1;33.1;8.5;30.6;;;;;;;;;;;;;;342;;
SCM;29.10.2012 00:00;;;;;;;;;967.7;;;;1015.9;1.2;6.1;4.3;22;5.9;21.2;;;;;;;;;;;;;;63;;
SCM;30.10.2012 00:00;;;;;;;;;961.7;;;;1009.7;1.3;8.6;4.7;31;8.4;30.2;;;;;;;;;;;;;;95;;
SCM;31.10.2012 00:00;;;;;;;;;953.9;;;;1001.5;1.2;4;4.3;14.4;3.9;14;;;;;;;;;;;;;;27;;
SCM;01.11.2012 00:00;;;;;;;;;947.4;;;;994.8;1.4;9.4;5;33.8;9.1;32.8;;;;;;;;;;;;;;117;;
SCM;02.11.2012 00:00;;;;;;;;;957.5;;;;1005.3;2.1;10.2;7.6;36.7;9.9;35.6;;;;;;;;;;;;;;90;;
SCM;03.11.2012 00:00;;;;;;;;;958.7;;;;1006.6;1.3;8.1;4.7;29.2;8;28.8;;;;;;;;;;;;;;243;;
SCM;04.11.2012 00:00;;;;;;;;;956.3;;;;1004.1;1.4;12.4;5;44.6;11.9;42.8;;;;;;;;;;;;;;270;;
SCM;05.11.2012 00:00;;;;;;;;;960.2;;;;1008.1;1.9;18.9;6.8;68;18.6;67;;;;;;;;;;;;;;281;;
SCM;06.11.2012 00:00;;;;;;;;;971.4;;;;1019.8;1;4.8;3.6;17.3;4.7;16.9;;;;;;;;;;;;;;104;;
SCM;07.11.2012 00:00;;;;;;;;;980.8;;;;1029.6;1;6.5;3.6;23.4;6.4;23;;;;;;;;;;;;;;98;;
SCM;08.11.2012 00:00;;;;;;;;;975.1;;;;1023.6;1;7.2;3.6;25.9;6.8;24.5;;;;;;;;;;;;;;90;;
SCM;09.11.2012 00:00;;;;;;;;;968.7;;;;1017;1.3;7.4;4.7;26.6;7;25.2;;;;;;;;;;;;;;360;;
SCM;10.11.2012 00:00;;;;;;;;;959.9;;;;1007.9;1.2;6.8;4.3;24.5;6.7;24.1;;;;;;;;;;;;;;270;;
SCM;11.11.2012 00:00;;;;;;;;;964.5;;;;1012.6;0.9;3.6;3.2;13;3.5;12.6;;;;;;;;;;;;;;90;;
SCM;12.11.2012 00:00;;;;;;;;;976.5;;;;1025;1.3;4.6;4.7;16.6;4.5;16.2;;;;;;;;;;;;;;264;;
SCM;13.11.2012 00:00;;;;;;;;;980.5;;;;1029.2;1;5;3.6;18;4.7;16.9;;;;;;;;;;;;;;284;;
SCM;14.11.2012 00:00;;;;;;;;;977.8;;;;1026.5;0.8;3.3;2.9;11.9;3.2;11.5;;;;;;;;;;;;;;108;;
SCM;15.11.2012 00:00;;;;;;;;;974;;;;1022.5;0.7;2.4;2.5;8.6;2.3;8.3;;;;;;;;;;;;;;90;;
SCM;16.11.2012 00:00;;;;;;;;;971;;;;1019.4;0.8;3.4;2.9;12.2;3.2;11.5;;;;;;;;;;;;;;104;;
SCM;17.11.2012 00:00;;;;;;;;;967.2;;;;1015.4;0.9;3.1;3.2;11.2;3.1;11.2;;;;;;;;;;;;;;79;;
SCM;18.11.2012 00:00;;;;;;;;;966.4;;;;1014.6;0.9;4;3.2;14.4;3.9;14;;;;;;;;;;;;;;90;;
SCM;19.11.2012 00:00;;;;;;;;;969.2;;;;1017.5;1;3.6;3.6;13;3.5;12.6;;;;;;;;;;;;;;90;;
SCM;20.11.2012 00:00;;;;;;;;;971.4;;;;1019.8;1;3.5;3.6;12.6;3.4;12.2;;;;;;;;;;;;;;18;;
SCM;21.11.2012 00:00;;;;;;;;;971.8;;;;1020.1;0.9;3.5;3.2;12.6;3.4;12.2;;;;;;;;;;;;;;76;;
SCM;22.11.2012 00:00;;;;;;;;;975;;;;1023.6;0.8;3.6;2.9;13;3.4;12.2;;;;;;;;;;;;;;90;;
SCM;23.11.2012 00:00;;;;;;;;;973.7;;;;1022.2;1.1;5;4;18;4.8;17.3;;;;;;;;;;;;;;83;;
SCM;24.11.2012 00:00;;;;;;;;;970.9;;;;1019.3;1.6;12.4;5.8;44.6;11.7;42.1;;;;;;;;;;;;;;90;;
SCM;25.11.2012 00:00;;;;;;;;;969.9;;;;1018.2;1;6.6;3.6;23.8;6.3;22.7;;;;;;;;;;;;;;76;;
SCM;26.11.2012 00:00;;;;;;;;;962.5;;;;1010.6;1.4;7.5;5;27;7.5;27;;;;;;;;;;;;;;281;;
SCM;27.11.2012 00:00;;;;;;;;;958.2;;;;1006.1;1.4;4;5;14.4;3.9;14;;;;;;;;;;;;;;265;;
SCM;28.11.2012 00:00;;;;;;;;;950.8;;;;998.3;1.7;6.6;6.1;23.8;6.5;23.4;;;;;;;;;;;;;;270;;
SCM;29.11.2012 00:00;;;;;;;;;953.2;;;;1000.8;0.6;3.6;2.2;13;3.4;12.2;;;;;;;;;;;;;;45;;
SCM;30.11.2012 00:00;;;;;;;;;959.2;;;;1007.1;0.8;5.2;2.9;18.7;5;18;;;;;;;;;;;;;;90;;
SCM;01.12.2012 00:00;;;;;;;;;964.8;;;;1013;1.1;6.5;4;23.4;6.2;22.3;;;;;;;;;;;;;;22;;
SCM;02.12.2012 00:00;;;;;;;;;967.2;;;;1015.4;0.7;3.1;2.5;11.2;3;10.8;;;;;;;;;;;;;;56;;
SCM;03.12.2012 00:00;;;;;;;;;968.9;;;;1017.2;1.1;12.6;4;45.4;12;43.2;;;;;;;;;;;;;;90;;
SCM;04.12.2012 00:00;;;;;;;;;957.8;;;;1005.6;2.8;18.2;10.1;65.5;17.6;63.4;;;;;;;;;;;;;;312;;
SCM;05.12.2012 00:00;;;;;;;;;957.8;;;;1005.6;1.2;6.8;4.3;24.5;6.3;22.7;;;;;;;;;;;;;;81;;
SCM;06.12.2012 00:00;;;;;;;;;966.8;;;;1015;2.1;13.3;7.6;47.9;12.9;46.4;;;;;;;;;;;;;;295;;
SCM;07.12.2012 00:00;;;;;;;;;959.6;;;;1007.5;2.9;14.7;10.4;52.9;13.8;49.7;;;;;;;;;;;;;;95;;
SCM;08.12.2012 00:00;;;;;;;;;968.7;;;;1017;0.8;4;2.9;14.4;3.9;14;;;;;;;;;;;;;;18;;
SCM;09.12.2012 00:00;;;;;;;;;975;;;;1023.5;1.1;4;4;14.4;3.8;13.7;;;;;;;;;;;;;;84;;
SCM;10.12.2012 00:00;;;;;;;;;965.8;;;;1014;3.1;13.6;11.2;49;13.3;47.9;;;;;;;;;;;;;;293;;
SCM;11.12.2012 00:00;;;;;;;;;973;;;;1021.4;2;10.4;7.2;37.4;10;36;;;;;;;;;;;;;;288;;
SCM;12.12.2012 00:00;;;;;;;;;973.3;;;;1021.8;1.7;13.9;6.1;50;13.7;49.3;;;;;;;;;;;;;;86;;
SCM;13.12.2012 00:00;;;;;;;;;965.8;;;;1013.9;3;19.3;10.8;69.5;18.2;65.5;;;;;;;;;;;;;;236;;
SCM;14.12.2012 00:00;;;;;;;;;958.3;;;;1006.2;2.8;13.2;10.1;47.5;12.6;45.4;;;;;;;;;;;;;;267;;
SCM;15.12.2012 00:00;;;;;;;;;960.5;;;;1008.4;1.6;8.6;5.8;31;8.5;30.6;;;;;;;;;;;;;;68;;
SCM;16.12.2012 00:00;;;;;;;;;964.4;;;;1012.5;1.3;5.1;4.7;18.4;5;18;;;;;;;;;;;;;;76;;
SCM;17.12.2012 00:00;;;;;;;;;963.1;;;;1011.2;1.2;13.8;4.3;49.7;13.2;47.5;;;;;;;;;;;;;;74;;
SCM;18.12.2012 00:00;;;;;;;;;967.8;;;;1016.1;0.9;3.8;3.2;13.7;3.7;13.3;;;;;;;;;;;;;;81;;
SCM;19.12.2012 00:00;;;;;;;;;973.8;;;;1022.3;1.5;7.6;5.4;27.4;7.3;26.3;;;;;;;;;;;;;;90;;
SCM;20.12.2012 00:00;;;;;;;;;967.7;;;;1015.9;1.2;7.8;4.3;28.1;7.5;27;;;;;;;;;;;;;;90;;
SCM;21.12.2012 00:00;;;;;;;;;966.7;;;;1014.9;1;4.4;3.6;15.8;4.3;15.5;;;;;;;;;;;;;;83;;
SCM;22.12.2012 00:00;;;;;;;;;971;;;;1019.3;1.6;13.7;5.8;49.3;13.4;48.2;;;;;;;;;;;;;;104;;
SCM;23.12.2012 00:00;;;;;;;;;970.1;;;;1018.4;1.6;5.5;5.8;19.8;5.3;19.1;;;;;;;;;;;;;;74;;
SCM;24.12.2012 00:00;;;;;;;;;966;;;;1014.1;1.5;10.7;5.4;38.5;10;36;;;;;;;;;;;;;;76;;
SCM;25.12.2012 00:00;;;;;;;;;962.7;;;;1010.7;1.9;13.9;6.8;50;13.8;49.7;;;;;;;;;;;;;;278;;
SCM;26.12.2012 00:00;;;;;;;;;970;;;;1018.3;2;12.3;7.2;44.3;11.7;42.1;;;;;;;;;;;;;;278;;
SCM;27.12.2012 00:00;;;;;;;;;967.2;;;;1015.4;2.8;21.5;10.1;77.4;20.8;74.9;;;;;;;;;;;;;;309;;
SCM;28.12.2012 00:00;;;;;;;;;979.2;;;;1027.9;3.6;14.3;13;51.5;14.2;51.1;;;;;;;;;;;;;;295;;
SCM;29.12.2012 00:00;;;;;;;;;973.6;;;;1022.1;1.5;10.8;5.4;38.9;10.1;36.4;;;;;;;;;;;;;;90;;
SCM;30.12.2012 00:00;;;;;;;;;975.8;;;;1024.3;1.5;10;5.4;36;9.7;34.9;;;;;;;;;;;;;;63;;
SCM;31.12.2012 00:00;;;;;;;;;973.1;;;;1021.6;0.9;7.7;3.2;27.7;7.5;27;;;;;;;;;;;;;;82;;
SCM;01.01.2013 00:00;;;;;;;;;965.2;;;;1013.4;0.9;3.6;3.2;13;3.6;13;;;;;;;;;;;;;;72;;
SCM;02.01.2013 00:00;;;;;;;;;977.3;;;;1025.9;1.1;5.5;4;19.8;5.3;19.1;;;;;;;;;;;;;;90;;
SCM;03.01.2013 00:00;;;;;;;;;988.4;;;;1037.4;1;6.2;3.6;22.3;6;21.6;;;;;;;;;;;;;;82;;
SCM;04.01.2013 00:00;;;;;;;;;988.7;;;;1037.7;0.8;3.6;2.9;13;3.5;12.6;;;;;;;;;;;;;;90;;
SCM;05.01.2013 00:00;;;;;;;;;985;;;;1033.9;0.5;2.9;1.8;10.4;2.8;10.1;;;;;;;;;;;;;;270;;
SCM;06.01.2013 00:00;;;;;;;;;983;;;;1031.8;0.8;3.3;2.9;11.9;3.2;11.5;;;;;;;;;;;;;;270;;
SCM;07.01.2013 00:00;;;;;;;;;980.3;;;;1029;1;6;3.6;21.6;5.9;21.2;;;;;;;;;;;;;;259;;
SCM;08.01.2013 00:00;;;;;;;;;978.3;;;;1027;0.7;2.5;2.5;9;2.4;8.6;;;;;;;;;;;;;;90;;
SCM;09.01.2013 00:00;;;;;;;;;973.5;;;;1021.9;0.9;3;3.2;10.8;2.9;10.4;;;;;;;;;;;;;;90;;
SCM;10.01.2013 00:00;;;;;;;;;967.2;;;;1015.4;0.9;3;3.2;10.8;2.9;10.4;;;;;;;;;;;;;;98;;
SCM;11.01.2013 00:00;;;;;;;;;966.8;;;;1015;0.6;2.7;2.2;9.7;2.6;9.4;;;;;;;;;;;;;;90;;
SCM;12.01.2013 00:00;;;;;;;;;967.3;;;;1015.5;0.9;4.7;3.2;16.9;4.5;16.2;;;;;;;;;;;;;;90;;
SCM;13.01.2013 00:00;;;;;;;;;963.7;;;;1011.8;0.9;3;3.2;10.8;2.9;10.4;;;;;;;;;;;;;;98;;
SCM;14.01.2013 00:00;;;;;;;;;963.4;;;;1011.4;1;3.4;3.6;12.2;3.3;11.9;;;;;;;;;;;;;;288;;
SCM;15.01.2013 00:00;;;;;;;;;958.4;;;;1006.3;1;4.3;3.6;15.5;4.2;15.1;;;;;;;;;;;;;;81;;
SCM;16.01.2013 00:00;;;;;;;;;958.6;;;;1006.5;0.9;4.3;3.2;15.5;4.2;15.1;;;;;;;;;;;;;;360;;
SCM;17.01.2013 00:00;;;;;;;;;963.2;;;;1011.3;1.4;5.6;5;20.2;5.5;19.8;;;;;;;;;;;;;;300;;
SCM;18.01.2013 00:00;;;;;;;;;958.3;;;;1006.2;1.2;4.1;4.3;14.8;4;14.4;;;;;;;;;;;;;;84;;
SCM;19.01.2013 00:00;;;;;;;;;946.7;;;;994.1;1;3.6;3.6;13;3.5;12.6;;;;;;;;;;;;;;90;;
SCM;20.01.2013 00:00;;;;;;;;;944.7;;;;992;0.9;4.3;3.2;15.5;4.1;14.8;;;;;;;;;;;;;;297;;
SCM;21.01.2013 00:00;;;;;;;;;950.7;;;;998.3;1.2;4.3;4.3;15.5;4.2;15.1;;;;;;;;;;;;;;56;;
SCM;22.01.2013 00:00;;;;;;;;;956.2;;;;1004;1.1;5.9;4;21.2;5.7;20.5;;;;;;;;;;;;;;90;;
SCM;23.01.2013 00:00;;;;;;;;;957.4;;;;1005.2;1.7;11.4;6.1;41;11.2;40.3;;;;;;;;;;;;;;90;;
SCM;24.01.2013 00:00;;;;;;;;;960.5;;;;1008.4;0.9;5.4;3.2;19.4;5.3;19.1;;;;;;;;;;;;;;76;;
SCM;25.01.2013 00:00;;;;;;;;;966.6;;;;1014.8;1;4.9;3.6;17.6;4.7;16.9;;;;;;;;;;;;;;81;;
SCM;26.01.2013 00:00;;;;;;;;;965.4;;;;1013.5;1.2;4.1;4.3;14.8;4;14.4;;;;;;;;;;;;;;96;;
SCM;27.01.2013 00:00;;;;;;;;;964;;;;1012.1;1.3;5.7;4.7;20.5;5.6;20.2;;;;;;;;;;;;;;90;;
SCM;28.01.2013 00:00;;;;;;;;;969.7;;;;1018;0.9;5.3;3.2;19.1;5.3;19.1;;;;;;;;;;;;;;83;;
SCM;29.01.2013 00:00;;;;;;;;;974;;;;1022.5;1.4;9.7;5;34.9;9.3;33.5;;;;;;;;;;;;;;80;;
SCM;30.01.2013 00:00;;;;;;;;;972.3;;;;1020.7;2.1;16.9;7.6;60.8;16.8;60.5;;;;;;;;;;;;;;56;;
SCM;31.01.2013 00:00;;;;;;;;;974.7;;;;1023.2;2.9;14.3;10.4;51.5;14;50.4;;;;;;;;;;;;;;295;;
SCM;01.02.2013 00:00;;;;;;;;;960.3;;;;1008.2;2;12.4;7.2;44.6;11.6;41.8;;;;;;;;;;;;;;90;;
SCM;02.02.2013 00:00;;;;;;;;;954.4;;;;1002.1;2.1;11.7;7.6;42.1;11.3;40.7;;;;;;;;;;;;;;281;;
SCM;03.02.2013 00:00;;;;;;;;;972;;;;1020.4;1.4;4.7;5;16.9;4.7;16.9;;;;;;;;;;;;;;301;;
SCM;04.02.2013 00:00;;;;;;;;;971.4;;;;1019.7;0.8;4.7;2.9;16.9;4.6;16.6;;;;;;;;;;;;;;82;;
SCM;05.02.2013 00:00;;;;;;;;;960.5;;;;1008.4;3.3;18.7;11.9;67.3;17.8;64.1;;;;;;;;;;;;;;295;;
SCM;06.02.2013 00:00;;;;;;;;;953.1;;;;1000.7;1.6;10.8;5.8;38.9;10.4;37.4;;;;;;;;;;;;;;346;;
SCM;07.02.2013 00:00;;;;;;;;;962.9;;;;1010.9;2.1;8.4;7.6;30.2;8.2;29.5;;;;;;;;;;;;;;293;;
SCM;08.02.2013 00:00;;;;;;;;;965.3;;;;1013.4;1.4;5.7;5;20.5;5.6;20.2;;;;;;;;;;;;;;288;;
SCM;09.02.2013 00:00;;;;;;;;;968.7;;;;1017;1.2;6;4.3;21.6;5.8;20.9;;;;;;;;;;;;;;281;;
SCM;10.02.2013 00:00;;;;;;;;;963.1;;;;1011.1;2.9;14.5;10.4;52.2;13.5;48.6;;;;;;;;;;;;;;106;;
SCM;11.02.2013 00:00;;;;;;;;;952.2;;;;999.8;3.2;17.1;11.5;61.6;16.6;59.8;;;;;;;;;;;;;;155;;
SCM;12.02.2013 00:00;;;;;;;;;959.8;;;;1007.8;1.1;3.7;4;13.3;3.6;13;;;;;;;;;;;;;;270;;
SCM;13.02.2013 00:00;;;;;;;;;971.8;;;;1020.2;0.9;3.3;3.2;11.9;3.2;11.5;;;;;;;;;;;;;;63;;
SCM;14.02.2013 00:00;;;;;;;;;972.5;;;;1020.9;1.1;6.3;4;22.7;6.1;22;;;;;;;;;;;;;;83;;
SCM;15.02.2013 00:00;;;;;;;;;970.8;;;;1019.1;0.7;2.4;2.5;8.6;2.3;8.3;;;;;;;;;;;;;;90;;
SCM;16.02.2013 00:00;;;;;;;;;974.4;;;;1022.9;0.6;2.8;2.2;10.1;2.7;9.7;;;;;;;;;;;;;;180;;
SCM;17.02.2013 00:00;;;;;;;;;971.5;;;;1019.8;1;5;3.6;18;4.8;17.3;;;;;;;;;;;;;;315;;
SCM;18.02.2013 00:00;;;;;;;;;970.2;;;;1018.5;0.7;3.5;2.5;12.6;3.3;11.9;;;;;;;;;;;;;;90;;
SCM;19.02.2013 00:00;;;;;;;;;969;;;;1017.3;1;5.8;3.6;20.9;5.6;20.2;;;;;;;;;;;;;;90;;
SCM;20.02.2013 00:00;;;;;;;;;968;;;;1016.3;1.7;10;6.1;36;9.6;34.6;;;;;;;;;;;;;;59;;
SCM;21.02.2013 00:00;;;;;;;;;964.9;;;;1013;2.3;9.6;8.3;34.6;9.3;33.5;;;;;;;;;;;;;;72;;
SCM;22.02.2013 00:00;;;;;;;;;958.9;;;;1006.8;1.9;7.5;6.8;27;7.2;25.9;;;;;;;;;;;;;;65;;
SCM;23.02.2013 00:00;;;;;;;;;958.7;;;;1006.6;1.6;6.9;5.8;24.8;6.5;23.4;;;;;;;;;;;;;;68;;
SCM;24.02.2013 00:00;;;;;;;;;962.7;;;;1010.8;1.1;5.2;4;18.7;5.1;18.4;;;;;;;;;;;;;;180;;
SCM;25.02.2013 00:00;;;;;;;;;969.2;;;;1017.5;1.1;3.1;4;11.2;3;10.8;;;;;;;;;;;;;;101;;
SCM;26.02.2013 00:00;;;;;;;;;975.3;;;;1023.9;1;3;3.6;10.8;2.9;10.4;;;;;;;;;;;;;;104;;
SCM;27.02.2013 00:00;;;;;;;;;976.4;;;;1025;1.7;5.1;6.1;18.4;5;18;;;;;;;;;;;;;;180;;
SCM;28.02.2013 00:00;;;;;;;;;974.8;;;;1023.3;1;3.3;3.6;11.9;3.2;11.5;;;;;;;;;;;;;;180;;
SCM;01.03.2013 00:00;;;;;;;;;972.2;;;;1020.6;1.7;7.3;6.1;26.3;7;25.2;;;;;;;;;;;;;;270;;
SCM;02.03.2013 00:00;;;;;;;;;972.6;;;;1021;2;7;7.2;25.2;6.7;24.1;;;;;;;;;;;;;;11;;
SCM;03.03.2013 00:00;;;;;;;;;971.9;;;;1020.3;1.1;3.6;4;13;3.5;12.6;;;;;;;;;;;;;;262;;
SCM;04.03.2013 00:00;;;;;;;;;969.5;;;;1017.8;1;4;3.6;14.4;3.9;14;;;;;;;;;;;;;;225;;
SCM;05.03.2013 00:00;;;;;;;;;963;;;;1011;4;25.8;14.4;92.9;23.8;85.7;;;;;;;;;;;;;;203;;
SCM;06.03.2013 00:00;;;;;;;;;954.3;;;;1002;4.3;20.3;15.5;73.1;17.9;64.4;;;;;;;;;;;;;;146;;
SCM;07.03.2013 00:00;;;;;;;;;953.9;;;;1001.5;0.9;6.9;3.2;24.8;6.7;24.1;;;;;;;;;;;;;;297;;
SCM;08.03.2013 00:00;;;;;;;;;953.7;;;;1001.4;2.1;10.6;7.6;38.2;10.2;36.7;;;;;;;;;;;;;;274;;
SCM;09.03.2013 00:00;;;;;;;;;956.3;;;;1004;1.1;4.5;4;16.2;4.5;16.2;;;;;;;;;;;;;;0;;
SCM;10.03.2013 00:00;;;;;;;;;953.1;;;;1000.7;1.4;7.8;5;28.1;7.6;27.4;;;;;;;;;;;;;;252;;
SCM;11.03.2013 00:00;;;;;;;;;951.8;;;;999.4;0.9;9.8;3.2;35.3;9.7;34.9;;;;;;;;;;;;;;90;;
SCM;12.03.2013 00:00;;;;;;;;;949.3;;;;996.8;2.1;7.8;7.6;28.1;7.6;27.4;;;;;;;;;;;;;;264;;
SCM;13.03.2013 00:00;;;;;;;;;953.5;;;;1001.2;3.5;7.7;12.6;27.7;7.6;27.4;;;;;;;;;;;;;;272;;
SCM;14.03.2013 00:00;;;;;;;;;960.8;;;;1008.7;1.9;8.3;6.8;29.9;7.9;28.4;;;;;;;;;;;;;;266;;
SCM;15.03.2013 00:00;;;;;;;;;967.2;;;;1015.4;2.7;8.7;9.7;31.3;8.6;31;;;;;;;;;;;;;;233;;
SCM;16.03.2013 00:00;;;;;;;;;964.8;;;;1012.9;3.5;13.7;12.6;49.3;13;46.8;;;;;;;;;;;;;;120;;
SCM;17.03.2013 00:00;;;;;;;;;953.9;;;;1001.5;5.4;21.1;19.4;76;19.3;69.5;;;;;;;;;;;;;;151;;
SCM;18.03.2013 00:00;;;;;;;;;947.9;;;;995.4;2.3;12.2;8.3;43.9;11.6;41.8;;;;;;;;;;;;;;264;;
SCM;19.03.2013 00:00;;;;;;;;;954.8;;;;1002.5;2;10.2;7.2;36.7;9.8;35.3;;;;;;;;;;;;;;265;;
SCM;20.03.2013 00:00;;;;;;;;;958.8;;;;1006.6;2.3;14.4;8.3;51.8;14.2;51.1;;;;;;;;;;;;;;279;;
SCM;21.03.2013 00:00;;;;;;;;;968.3;;;;1016.5;1;9.7;3.6;34.9;9.5;34.2;;;;;;;;;;;;;;117;;
SCM;22.03.2013 00:00;;;;;;;;;962.6;;;;1010.6;1.8;7.4;6.5;26.6;6.9;24.8;;;;;;;;;;;;;;304;;
SCM;23.03.2013 00:00;;;;;;;;;960.8;;;;1008.7;1.8;6.1;6.5;22;6;21.6;;;;;;;;;;;;;;256;;
SCM;24.03.2013 00:00;;;;;;;;;958.3;;;;1006.2;1.8;8.1;6.5;29.2;7.9;28.4;;;;;;;;;;;;;;37;;
SCM;25.03.2013 00:00;;;;;;;;;957.6;;;;1005.4;1.5;4.5;5.4;16.2;4.4;15.8;;;;;;;;;;;;;;263;;
SCM;26.03.2013 00:00;;;;;;;;;958;;;;1005.8;1.2;3.6;4.3;13;3.5;12.6;;;;;;;;;;;;;;270;;
SCM;27.03.2013 00:00;;;;;;;;;958.5;;;;1006.4;1.1;6.1;4;22;6;21.6;;;;;;;;;;;;;;233;;
SCM;28.03.2013 00:00;;;;;;;;;958.3;;;;1006.1;2;9.5;7.2;34.2;8.5;30.6;;;;;;;;;;;;;;252;;
SCM;29.03.2013 00:00;;;;;;;;;959.3;;;;1007.2;1.2;5.6;4.3;20.2;5.4;19.4;;;;;;;;;;;;;;248;;
SCM;30.03.2013 00:00;;;;;;;;;954.8;;;;1002.5;1;4.1;3.6;14.8;4;14.4;;;;;;;;;;;;;;259;;
SCM;31.03.2013 00:00;;;;;;;;;958.7;;;;1006.6;1.8;7.1;6.5;25.6;6.9;24.8;;;;;;;;;;;;;;270;;
SCM;01.04.2013 00:00;;;;;;;;;956.6;;;;1004.3;2.5;10;9;36;9.4;33.8;;;;;;;;;;;;;;73;;
SCM;02.04.2013 00:00;;;;;;;;;957.2;;;;1005;1.8;5.6;6.5;20.2;5.4;19.4;;;;;;;;;;;;;;276;;
SCM;03.04.2013 00:00;;;;;;;;;960.4;;;;1008.3;1.3;4.3;4.7;15.5;4.2;15.1;;;;;;;;;;;;;;276;;
SCM;04.04.2013 00:00;;;;;;;;;957;;;;1004.8;1.7;8.1;6.1;29.2;7.7;27.7;;;;;;;;;;;;;;276;;
SCM;05.04.2013 00:00;;;;;;;;;957.1;;;;1004.9;1.9;5.6;6.8;20.2;5.5;19.8;;;;;;;;;;;;;;260;;
SCM;06.04.2013 00:00;;;;;;;;;965.6;;;;1013.8;1.4;6.1;5;22;5.7;20.5;;;;;;;;;;;;;;63;;
SCM;07.04.2013 00:00;;;;;;;;;967.9;;;;1016.1;1.8;7.2;6.5;25.9;7.1;25.6;;;;;;;;;;;;;;79;;
SCM;08.04.2013 00:00;;;;;;;;;959;;;;1006.9;1.1;9.5;4;34.2;9.2;33.1;;;;;;;;;;;;;;288;;
SCM;09.04.2013 00:00;;;;;;;;;957.9;;;;1005.7;1.6;8.1;5.8;29.2;8;28.8;;;;;;;;;;;;;;135;;
SCM;10.04.2013 00:00;;;;;;;;;963.1;;;;1011.1;3.8;15.1;13.7;54.4;14.1;50.8;;;;;;;;;;;;;;278;;
SCM;11.04.2013 00:00;;;;;;;;;959.4;;;;1007.3;3;13.6;10.8;49;13.1;47.2;;;;;;;;;;;;;;100;;
SCM;12.04.2013 00:00;;;;;;;;;962.8;;;;1010.8;1.8;15.1;6.5;54.4;13.7;49.3;;;;;;;;;;;;;;281;;
SCM;13.04.2013 00:00;;;;;;;;;973.5;;;;1021.9;1.5;6.3;5.4;22.7;6.1;22;;;;;;;;;;;;;;219;;
SCM;14.04.2013 00:00;;;;;;;;;976.4;;;;1025;2.6;10.4;9.4;37.4;10.1;36.4;;;;;;;;;;;;;;98;;
SCM;15.04.2013 00:00;;;;;;;;;973.4;;;;1021.8;2;10.6;7.2;38.2;9.9;35.6;;;;;;;;;;;;;;207;;
SCM;16.04.2013 00:00;;;;;;;;;973.6;;;;1022.1;1.5;5.8;5.4;20.9;5.6;20.2;;;;;;;;;;;;;;270;;
SCM;17.04.2013 00:00;;;;;;;;;974.2;;;;1022.7;1.7;6.9;6.1;24.8;6.7;24.1;;;;;;;;;;;;;;270;;
SCM;18.04.2013 00:00;;;;;;;;;972.1;;;;1020.5;2.3;9.4;8.3;33.8;9;32.4;;;;;;;;;;;;;;264;;
SCM;19.04.2013 00:00;;;;;;;;;975.6;;;;1024.1;1.6;5.9;5.8;21.2;5.7;20.5;;;;;;;;;;;;;;270;;
SCM;20.04.2013 00:00;;;;;;;;;972;;;;1020.4;1.1;4.3;4;15.5;4.2;15.1;;;;;;;;;;;;;;281;;
SCM;21.04.2013 00:00;;;;;;;;;969.7;;;;1018;1;5;3.6;18;4.9;17.6;;;;;;;;;;;;;;225;;
SCM;22.04.2013 00:00;;;;;;;;;969.7;;;;1018.1;1;3.4;3.6;12.2;3.3;11.9;;;;;;;;;;;;;;254;;
SCM;23.04.2013 00:00;;;;;;;;;974.6;;;;1023.1;1.1;3.7;4;13.3;3.6;13;;;;;;;;;;;;;;270;;
SCM;24.04.2013 00:00;;;;;;;;;978.3;;;;1027;1.3;4.4;4.7;15.8;4.3;15.5;;;;;;;;;;;;;;284;;
SCM;25.04.2013 00:00;;;;;;;;;975.7;;;;1024.3;2.2;13.7;7.9;49.3;13;46.8;;;;;;;;;;;;;;112;;
SCM;26.04.2013 00:00;;;;;;;;;964.6;;;;1012.7;1.5;13.8;5.4;49.7;13.1;47.2;;;;;;;;;;;;;;277;;
SCM;27.04.2013 00:00;;;;;;;;;957;;;;1004.8;3.5;9.2;12.6;33.1;9;32.4;;;;;;;;;;;;;;263;;
SCM;28.04.2013 00:00;;;;;;;;;965.4;;;;1013.5;1.4;5.9;5;21.2;5.9;21.2;;;;;;;;;;;;;;270;;
SCM;29.04.2013 00:00;;;;;;;;;969.6;;;;1017.9;1.1;7.3;4;26.3;7.2;25.9;;;;;;;;;;;;;;270;;
SCM;30.04.2013 00:00;;;;;;;;;969.3;;;;1017.6;1;5.2;3.6;18.7;5;18;;;;;;;;;;;;;;261;;
SCM;01.05.2013 00:00;;;;;;;;;969.3;;;;1017.6;1.8;6.6;6.5;23.8;6.4;23;;;;;;;;;;;;;;270;;
SCM;02.05.2013 00:00;;;;;;;;;968.6;;;;1016.8;2.2;14.5;7.9;52.2;14;50.4;;;;;;;;;;;;;;270;;
SCM;03.05.2013 00:00;;;;;;;;;967.2;;;;1015.4;2.1;14.2;7.6;51.1;13.3;47.9;;;;;;;;;;;;;;248;;
SCM;04.05.2013 00:00;;;;;;;;;971.8;;;;1020.2;1.7;7.1;6.1;25.6;7;25.2;;;;;;;;;;;;;;257;;
SCM;05.05.2013 00:00;;;;;;;;;972.1;;;;1020.5;1.7;6.8;6.1;24.5;6.4;23;;;;;;;;;;;;;;256;;
SCM;06.05.2013 00:00;;;;;;;;;969.1;;;;1017.4;1.5;8.7;5.4;31.3;8.6;31;;;;;;;;;;;;;;259;;
SCM;07.05.2013 00:00;;;;;;;;;968.3;;;;1016.5;1.7;11.4;6.1;41;11.2;40.3;;;;;;;;;;;;;;106;;
SCM;08.05.2013 00:00;;;;;;;;;966.8;;;;1014.9;2;9.2;7.2;33.1;8.9;32;;;;;;;;;;;;;;243;;
SCM;09.05.2013 00:00;;;;;;;;;967.8;;;;1016.1;1.9;9.3;6.8;33.5;8.7;31.3;;;;;;;;;;;;;;259;;
SCM;10.05.2013 00:00;;;;;;;;;969.5;;;;1017.8;2;7.9;7.2;28.4;7.5;27;;;;;;;;;;;;;;257;;
SCM;11.05.2013 00:00;;;;;;;;;969.8;;;;1018.1;1.4;6.8;5;24.5;6.6;23.8;;;;;;;;;;;;;;248;;
SCM;12.05.2013 00:00;;;;;;;;;971.2;;;;1019.6;1.3;11;4.7;39.6;10.8;38.9;;;;;;;;;;;;;;90;;
SCM;13.05.2013 00:00;;;;;;;;;971.8;;;;1020.2;0.8;4.5;2.9;16.2;4.4;15.8;;;;;;;;;;;;;;153;;
SCM;14.05.2013 00:00;;;;;;;;;963.5;;;;1011.5;1.4;4.9;5;17.6;4.8;17.3;;;;;;;;;;;;;;259;;
SCM;15.05.2013 00:00;;;;;;;;;954.7;;;;1002.4;2.6;14.2;9.4;51.1;13.7;49.3;;;;;;;;;;;;;;253;;
SCM;16.05.2013 00:00;;;;;;;;;949.6;;;;997.1;2.3;8.7;8.3;31.3;8.3;29.9;;;;;;;;;;;;;;259;;
SCM;17.05.2013 00:00;;;;;;;;;954.6;;;;1002.3;1.4;6.7;5;24.1;6.7;24.1;;;;;;;;;;;;;;260;;
SCM;18.05.2013 00:00;;;;;;;;;959.4;;;;1007.3;3.7;19;13.3;68.4;17.4;62.6;;;;;;;;;;;;;;120;;
SCM;19.05.2013 00:00;;;;;;;;;962.4;;;;1010.4;2.3;12.9;8.3;46.4;12.3;44.3;;;;;;;;;;;;;;270;;
SCM;20.05.2013 00:00;;;;;;;;;966.1;;;;1014.3;1.6;7.3;5.8;26.3;7.2;25.9;;;;;;;;;;;;;;135;;
SCM;21.05.2013 00:00;;;;;;;;;965.4;;;;1013.6;1.2;4.3;4.3;15.5;4.2;15.1;;;;;;;;;;;;;;146;;
SCM;22.05.2013 00:00;;;;;;;;;964.9;;;;1013;1.8;8.7;6.5;31.3;8.6;31;;;;;;;;;;;;;;277;;
SCM;23.05.2013 00:00;;;;;;;;;962.6;;;;1010.6;1.7;16.3;6.1;58.7;15.1;54.4;;;;;;;;;;;;;;255;;
SCM;24.05.2013 00:00;;;;;;;;;963.9;;;;1011.9;1.5;10.5;5.4;37.8;10.3;37.1;;;;;;;;;;;;;;108;;
SCM;25.05.2013 00:00;;;;;;;;;964.8;;;;1012.9;1.5;8.2;5.4;29.5;7.7;27.7;;;;;;;;;;;;;;236;;
SCM;26.05.2013 00:00;;;;;;;;;968.1;;;;1016.4;2.6;16.6;9.4;59.8;16.1;58;;;;;;;;;;;;;;276;;
SCM;27.05.2013 00:00;;;;;;;;;964.6;;;;1012.7;1.7;6.5;6.1;23.4;6.4;23;;;;;;;;;;;;;;180;;
SCM;28.05.2013 00:00;;;;;;;;;957;;;;1004.8;2.5;23.8;9;85.7;23.5;84.6;;;;;;;;;;;;;;270;;
SCM;29.05.2013 00:00;;;;;;;;;958.4;;;;1006.3;1.8;10.9;6.5;39.2;10.5;37.8;;;;;;;;;;;;;;264;;
SCM;30.05.2013 00:00;;;;;;;;;960.4;;;;1008.3;1.1;6.8;4;24.5;6.4;23;;;;;;;;;;;;;;112;;
SCM;31.05.2013 00:00;;;;;;;;;960.6;;;;1008.5;1.8;10.5;6.5;37.8;10.2;36.7;;;;;;;;;;;;;;297;;
SCM;01.06.2013 00:00;;;;;;;;;965.8;;;;1014;1.7;9.1;6.1;32.8;8.8;31.7;;;;;;;;;;;;;;293;;
SCM;02.06.2013 00:00;;;;;;;;;972.2;;;;1020.6;1.5;7.3;5.4;26.3;7.1;25.6;;;;;;;;;;;;;;279;;
SCM;03.06.2013 00:00;;;;;;;;;974.3;;;;1022.8;2.3;11.5;8.3;41.4;11;39.6;;;;;;;;;;;;;;67;;
SCM;04.06.2013 00:00;;;;;;;;;970.3;;;;1018.7;2.1;6.5;7.6;23.4;6.3;22.7;;;;;;;;;;;;;;262;;
SCM;05.06.2013 00:00;;;;;;;;;968.5;;;;1016.8;1.3;5.9;4.7;21.2;5.8;20.9;;;;;;;;;;;;;;304;;
SCM;06.06.2013 00:00;;;;;;;;;970.1;;;;1018.4;1.4;7.2;5;25.9;7.1;25.6;;;;;;;;;;;;;;270;;
SCM;07.06.2013 00:00;;;;;;;;;970.3;;;;1018.6;1.1;7.1;4;25.6;6.8;24.5;;;;;;;;;;;;;;270;;
SCM;08.06.2013 00:00;;;;;;;;;965.9;;;;1014.1;1.6;20.7;5.8;74.5;19.8;71.3;;;;;;;;;;;;;;63;;
SCM;09.06.2013 00:00;;;;;;;;;962.3;;;;1010.3;1.3;13.7;4.7;49.3;12.9;46.4;;;;;;;;;;;;;;270;;
SCM;10.06.2013 00:00;;;;;;;;;965.2;;;;1013.3;1.7;9.4;6.1;33.8;9.3;33.5;;;;;;;;;;;;;;284;;
SCM;11.06.2013 00:00;;;;;;;;;970.4;;;;1018.8;0.8;8.5;2.9;30.6;8.3;29.9;;;;;;;;;;;;;;135;;
SCM;12.06.2013 00:00;;;;;;;;;973;;;;1021.5;1.2;6;4.3;21.6;5.8;20.9;;;;;;;;;;;;;;270;;
SCM;13.06.2013 00:00;;;;;;;;;970.6;;;;1018.9;2;18.3;7.2;65.9;17.4;62.6;;;;;;;;;;;;;;277;;
SCM;14.06.2013 00:00;;;;;;;;;972;;;;1020.4;1.8;6.7;6.5;24.1;6.6;23.8;;;;;;;;;;;;;;284;;
SCM;15.06.2013 00:00;;;;;;;;;969.2;;;;1017.5;1.1;16.5;4;59.4;16.1;58;;;;;;;;;;;;;;243;;
SCM;16.06.2013 00:00;;;;;;;;;968.8;;;;1017.1;1.7;12.6;6.1;45.4;12;43.2;;;;;;;;;;;;;;180;;
SCM;17.06.2013 00:00;;;;;;;;;965.9;;;;1014;4;13.4;14.4;48.2;12.8;46.1;;;;;;;;;;;;;;114;;
SCM;18.06.2013 00:00;;;;;;;;;967;;;;1015.2;2.1;14.6;7.6;52.6;13.8;49.7;;;;;;;;;;;;;;90;;
SCM;19.06.2013 00:00;;;;;;;;;965;;;;1013.1;3;15.6;10.8;56.2;14.8;53.3;;;;;;;;;;;;;;114;;
SCM;20.06.2013 00:00;;;;;;;;;966;;;;1014.2;2.6;20.4;9.4;73.4;19.9;71.6;;;;;;;;;;;;;;246;;
SCM;21.06.2013 00:00;;;;;;;;;969.8;;;;1018.1;1.6;6.5;5.8;23.4;6.4;23;;;;;;;;;;;;;;257;;
SCM;22.06.2013 00:00;;;;;;;;;970.7;;;;1019;1.4;6.3;5;22.7;6.2;22.3;;;;;;;;;;;;;;243;;
SCM;23.06.2013 00:00;;;;;;;;;970.7;;;;1019;1.4;7.3;5;26.3;7.1;25.6;;;;;;;;;;;;;;236;;
SCM;24.06.2013 00:00;;;;;;;;;974.1;;;;1022.6;1.5;12;5.4;43.2;11.5;41.4;;;;;;;;;;;;;;243;;
SCM;25.06.2013 00:00;;;;;;;;;977.3;;;;1025.9;1.5;10.7;5.4;38.5;10.4;37.4;;;;;;;;;;;;;;104;;
SCM;26.06.2013 00:00;;;;;;;;;979;;;;1027.7;0.9;7.7;3.2;27.7;7.4;26.6;;;;;;;;;;;;;;225;;
SCM;27.06.2013 00:00;;;;;;;;;976.4;;;;1025;1.3;10.1;4.7;36.4;9.6;34.6;;;;;;;;;;;;;;124;;
SCM;28.06.2013 00:00;;;;;;;;;974.1;;;;1022.6;1.1;5.5;4;19.8;5.4;19.4;;;;;;;;;;;;;;117;;
SCM;29.06.2013 00:00;;;;;;;;;974.2;;;;1022.7;1;4.6;3.6;16.6;4.2;15.1;;;;;;;;;;;;;;90;;
SCM;30.06.2013 00:00;;;;;;;;;975.2;;;;1023.7;1.1;5.1;4;18.4;5.1;18.4;;;;;;;;;;;;;;225;;
SCM;01.07.2013 00:00;;;;;;;;;971;;;;1019.4;1.4;6.4;5;23;6.3;22.7;;;;;;;;;;;;;;252;;
SCM;02.07.2013 00:00;;;;;;;;;969;;;;1017.3;2.6;16.2;9.4;58.3;16;57.6;;;;;;;;;;;;;;121;;
SCM;03.07.2013 00:00;;;;;;;;;967.9;;;;1016.2;1.3;6;4.7;21.6;5.9;21.2;;;;;;;;;;;;;;104;;
SCM;04.07.2013 00:00;;;;;;;;;974.5;;;;1023;1.1;7;4;25.2;6.9;24.8;;;;;;;;;;;;;;252;;
SCM;05.07.2013 00:00;;;;;;;;;979;;;;1027.7;1.4;5.6;5;20.2;5.5;19.8;;;;;;;;;;;;;;259;;
SCM;06.07.2013 00:00;;;;;;;;;977.4;;;;1026;1.6;7.2;5.8;25.9;6.9;24.8;;;;;;;;;;;;;;27;;
SCM;07.07.2013 00:00;;;;;;;;;977;;;;1025.6;1.7;6.5;6.1;23.4;6.4;23;;;;;;;;;;;;;;281;;
SCM;08.07.2013 00:00;;;;;;;;;976.6;;;;1025.2;1.8;7.7;6.5;27.7;7.2;25.9;;;;;;;;;;;;;;180;;
SCM;09.07.2013 00:00;;;;;;;;;973.1;;;;1021.5;1.1;4;4;14.4;3.9;14;;;;;;;;;;;;;;270;;
SCM;10.07.2013 00:00;;;;;;;;;969.2;;;;1017.4;1.2;6.3;4.3;22.7;6.2;22.3;;;;;;;;;;;;;;360;;
SCM;11.07.2013 00:00;;;;;;;;;968.9;;;;1017.2;1.9;8.2;6.8;29.5;7.9;28.4;;;;;;;;;;;;;;76;;
SCM;12.07.2013 00:00;;;;;;;;;971;;;;1019.4;1.5;5.9;5.4;21.2;5.7;20.5;;;;;;;;;;;;;;270;;
SCM;13.07.2013 00:00;;;;;;;;;971.7;;;;1020.1;1.2;4.7;4.3;16.9;4.5;16.2;;;;;;;;;;;;;;270;;
SCM;14.07.2013 00:00;;;;;;;;;972.9;;;;1021.3;1;4.9;3.6;17.6;4.7;16.9;;;;;;;;;;;;;;270;;
SCM;15.07.2013 00:00;;;;;;;;;973.7;;;;1022.2;1.5;7.1;5.4;25.6;7.1;25.6;;;;;;;;;;;;;;247;;
SCM;16.07.2013 00:00;;;;;;;;;973.2;;;;1021.7;1.3;5.1;4.7;18.4;5;18;;;;;;;;;;;;;;270;;
SCM;17.07.2013 00:00;;;;;;;;;973;;;;1021.4;2;14.8;7.2;53.3;14.4;51.8;;;;;;;;;;;;;;198;;
SCM;18.07.2013 00:00;;;;;;;;;971.9;;;;1020.3;2.5;13.2;9;47.5;12.4;44.6;;;;;;;;;;;;;;94;;
SCM;19.07.2013 00:00;;;;;;;;;971.3;;;;1019.7;1.7;14.8;6.1;53.3;14.1;50.8;;;;;;;;;;;;;;104;;
SCM;20.07.2013 00:00;;;;;;;;;970.3;;;;1018.6;1.4;6.4;5;23;6.3;22.7;;;;;;;;;;;;;;180;;
SCM;21.07.2013 00:00;;;;;;;;;970.8;;;;1019.2;1.2;8.1;4.3;29.2;7.7;27.7;;;;;;;;;;;;;;135;;
SCM;22.07.2013 00:00;;;;;;;;;969.7;;;;1018;1.3;6.8;4.7;24.5;6.7;24.1;;;;;;;;;;;;;;90;;
SCM;23.07.2013 00:00;;;;;;;;;967.7;;;;1015.9;2.3;16.8;8.3;60.5;15.7;56.5;;;;;;;;;;;;;;90;;
SCM;24.07.2013 00:00;;;;;;;;;969.6;;;;1017.9;1.6;11.4;5.8;41;10.8;38.9;;;;;;;;;;;;;;103;;
SCM;25.07.2013 00:00;;;;;;;;;970.2;;;;1018.5;1.4;9.7;5;34.9;9.3;33.5;;;;;;;;;;;;;;108;;
SCM;26.07.2013 00:00;;;;;;;;;967.8;;;;1016;1.7;8.8;6.1;31.7;8.3;29.9;;;;;;;;;;;;;;153;;
SCM;27.07.2013 00:00;;;;;;;;;963.8;;;;1011.9;2.2;17.9;7.9;64.4;16.6;59.8;;;;;;;;;;;;;;122;;
SCM;28.07.2013 00:00;;;;;;;;;965.3;;;;1013.4;3;11.9;10.8;42.8;11.5;41.4;;;;;;;;;;;;;;262;;
SCM;29.07.2013 00:00;;;;;;;;;971.7;;;;1020.1;2;17.1;7.2;61.6;16.7;60.1;;;;;;;;;;;;;;315;;
SCM;30.07.2013 00:00;;;;;;;;;975.3;;;;1023.9;1.3;5.7;4.7;20.5;5.6;20.2;;;;;;;;;;;;;;194;;
SCM;31.07.2013 00:00;;;;;;;;;973.8;;;;1022.2;1.4;6.6;5;23.8;6.4;23;;;;;;;;;;;;;;162;;
SCM;01.08.2013 00:00;;;;;;;;;970.1;;;;1018.4;1;7;3.6;25.2;6.9;24.8;;;;;;;;;;;;;;108;;
SCM;02.08.2013 00:00;;;;;;;;;969.1;;;;1017.4;1.2;6.9;4.3;24.8;6.7;24.1;;;;;;;;;;;;;;90;;
SCM;03.08.2013 00:00;;;;;;;;;971.6;;;;1020;2.4;10.1;8.6;36.4;9.8;35.3;;;;;;;;;;;;;;180;;
SCM;04.08.2013 00:00;;;;;;;;;973.6;;;;1022;1.6;9.6;5.8;34.6;9.3;33.5;;;;;;;;;;;;;;259;;
SCM;05.08.2013 00:00;;;;;;;;;969.8;;;;1018.2;1.8;17.4;6.5;62.6;16;57.6;;;;;;;;;;;;;;121;;
SCM;06.08.2013 00:00;;;;;;;;;968.1;;;;1016.3;2.9;28.6;10.4;103;28.3;101.9;;;;;;;;;;;;;;153;;
SCM;07.08.2013 00:00;;;;;;;;;965.6;;;;1013.7;2.6;10.8;9.4;38.9;10.6;38.2;;;;;;;;;;;;;;270;;
SCM;08.08.2013 00:00;;;;;;;;;969.5;;;;1017.8;1.4;8.5;5;30.6;8.3;29.9;;;;;;;;;;;;;;90;;
SCM;09.08.2013 00:00;;;;;;;;;974.1;;;;1022.6;2.3;7.8;8.3;28.1;7.6;27.4;;;;;;;;;;;;;;264;;
SCM;10.08.2013 00:00;;;;;;;;;973.9;;;;1022.4;1.1;5.7;4;20.5;5.4;19.4;;;;;;;;;;;;;;207;;
SCM;11.08.2013 00:00;;;;;;;;;972.1;;;;1020.5;1.4;5.7;5;20.5;5.5;19.8;;;;;;;;;;;;;;247;;
SCM;12.08.2013 00:00;;;;;;;;;969.6;;;;1018;1.4;7.3;5;26.3;7.3;26.3;;;;;;;;;;;;;;219;;
SCM;13.08.2013 00:00;;;;;;;;;971.9;;;;1020.3;1.5;5.6;5.4;20.2;5.5;19.8;;;;;;;;;;;;;;270;;
SCM;14.08.2013 00:00;;;;;;;;;974.2;;;;1022.7;1.1;5.5;4;19.8;5.5;19.8;;;;;;;;;;;;;;243;;
SCM;15.08.2013 00:00;;;;;;;;;974;;;;1022.5;1.3;4.2;4.7;15.1;4;14.4;;;;;;;;;;;;;;243;;
SCM;16.08.2013 00:00;;;;;;;;;971.5;;;;1019.8;0.9;2.7;3.2;9.7;2.6;9.4;;;;;;;;;;;;;;225;;
SCM;17.08.2013 00:00;;;;;;;;;970.2;;;;1018.5;1;3.7;3.6;13.3;3.7;13.3;;;;;;;;;;;;;;207;;
SCM;18.08.2013 00:00;;;;;;;;;969.8;;;;1018.1;1.9;11;6.8;39.6;10.7;38.5;;;;;;;;;;;;;;135;;
SCM;19.08.2013 00:00;;;;;;;;;971.9;;;;1020.3;1.5;10.1;5.4;36.4;9.4;33.8;;;;;;;;;;;;;;99;;
SCM;20.08.2013 00:00;;;;;;;;;978;;;;1026.6;1.6;8.7;5.8;31.3;8.4;30.2;;;;;;;;;;;;;;72;;
SCM;21.08.2013 00:00;;;;;;;;;975;;;;1023.5;1.6;5.3;5.8;19.1;5.1;18.4;;;;;;;;;;;;;;243;;
SCM;22.08.2013 00:00;;;;;;;;;970.7;;;;1019;1.2;4.8;4.3;17.3;4.7;16.9;;;;;;;;;;;;;;256;;
SCM;23.08.2013 00:00;;;;;;;;;968.4;;;;1016.6;1.1;3.8;4;13.7;3.8;13.7;;;;;;;;;;;;;;180;;
SCM;24.08.2013 00:00;;;;;;;;;966;;;;1014.1;1.9;12.4;6.8;44.6;11.7;42.1;;;;;;;;;;;;;;112;;
SCM;25.08.2013 00:00;;;;;;;;;965.2;;;;1013.3;2;11.7;7.2;42.1;11.4;41;;;;;;;;;;;;;;270;;
SCM;26.08.2013 00:00;;;;;;;;;965;;;;1013.1;1.2;3.8;4.3;13.7;3.8;13.7;;;;;;;;;;;;;;146;;
SCM;27.08.2013 00:00;;;;;;;;;966.1;;;;1014.2;1.3;7.8;4.7;28.1;7.6;27.4;;;;;;;;;;;;;;225;;
SCM;28.08.2013 00:00;;;;;;;;;970.6;;;;1019;1;3.3;3.6;11.9;3.2;11.5;;;;;;;;;;;;;;112;;
SCM;29.08.2013 00:00;;;;;;;;;973.2;;;;1021.6;1.2;4;4.3;14.4;3.8;13.7;;;;;;;;;;;;;;252;;
SCM;30.08.2013 00:00;;;;;;;;;973.1;;;;1021.6;1.5;6.9;5.4;24.8;6.8;24.5;;;;;;;;;;;;;;247;;
SCM;31.08.2013 00:00;;;;;;;;;974.5;;;;1023;1.4;5.9;5;21.2;5.8;20.9;;;;;;;;;;;;;;248;;
SCM;01.09.2013 00:00;;;;;;;;;976.8;;;;1025.4;1.8;8.1;6.5;29.2;7.8;28.1;;;;;;;;;;;;;;243;;
SCM;02.09.2013 00:00;;;;;;;;;979.2;;;;1027.9;1;4.8;3.6;17.3;4.6;16.6;;;;;;;;;;;;;;180;;
SCM;03.09.2013 00:00;;;;;;;;;978.4;;;;1027.1;1.2;4.5;4.3;16.2;4.3;15.5;;;;;;;;;;;;;;90;;
SCM;04.09.2013 00:00;;;;;;;;;974.6;;;;1023.1;0.9;6.3;3.2;22.7;6.1;22;;;;;;;;;;;;;;90;;
SCM;05.09.2013 00:00;;;;;;;;;968.8;;;;1017;0.9;4.6;3.2;16.6;4.4;15.8;;;;;;;;;;;;;;360;;
SCM;06.09.2013 00:00;;;;;;;;;965.6;;;;1013.8;1;3.9;3.6;14;3.8;13.7;;;;;;;;;;;;;;207;;
SCM;07.09.2013 00:00;;;;;;;;;968.8;;;;1017.1;1.5;12.2;5.4;43.9;11.8;42.5;;;;;;;;;;;;;;248;;
SCM;08.09.2013 00:00;;;;;;;;;971.7;;;;1020.1;1.5;8.7;5.4;31.3;8.5;30.6;;;;;;;;;;;;;;252;;
SCM;09.09.2013 00:00;;;;;;;;;973.3;;;;1021.8;1.4;8.5;5;30.6;8.4;30.2;;;;;;;;;;;;;;124;;
SCM;10.09.2013 00:00;;;;;;;;;970.3;;;;1018.7;1.3;5.6;4.7;20.2;5.5;19.8;;;;;;;;;;;;;;90;;
SCM;11.09.2013 00:00;;;;;;;;;970.7;;;;1019;1.7;10.4;6.1;37.4;10.1;36.4;;;;;;;;;;;;;;284;;
SCM;12.09.2013 00:00;;;;;;;;;971.5;;;;1019.9;1.2;4.7;4.3;16.9;4.6;16.6;;;;;;;;;;;;;;96;;
SCM;13.09.2013 00:00;;;;;;;;;974.6;;;;1023.1;1.3;5.7;4.7;20.5;5.5;19.8;;;;;;;;;;;;;;180;;
SCM;14.09.2013 00:00;;;;;;;;;969.9;;;;1018.2;1.5;9;5.4;32.4;8.6;31;;;;;;;;;;;;;;95;;
SCM;15.09.2013 00:00;;;;;;;;;964.8;;;;1012.9;1.4;11.5;5;41.4;11.3;40.7;;;;;;;;;;;;;;315;;
SCM;16.09.2013 00:00;;;;;;;;;960.9;;;;1008.9;1.5;10.2;5.4;36.7;9.8;35.3;;;;;;;;;;;;;;286;;
SCM;17.09.2013 00:00;;;;;;;;;962.1;;;;1010.1;2.9;13.5;10.4;48.6;12.9;46.4;;;;;;;;;;;;;;294;;
SCM;18.09.2013 00:00;;;;;;;;;958.1;;;;1005.9;3.4;16.2;12.2;58.3;15.1;54.4;;;;;;;;;;;;;;290;;
SCM;19.09.2013 00:00;;;;;;;;;967.4;;;;1015.6;1.6;8.6;5.8;31;8.3;29.9;;;;;;;;;;;;;;261;;
SCM;20.09.2013 00:00;;;;;;;;;971.9;;;;1020.3;1.1;5.4;4;19.4;5.3;19.1;;;;;;;;;;;;;;90;;
SCM;21.09.2013 00:00;;;;;;;;;977.7;;;;1026.3;1.4;6.5;5;23.4;6.1;22;;;;;;;;;;;;;;243;;
SCM;22.09.2013 00:00;;;;;;;;;979.5;;;;1028.2;1;5.8;3.6;20.9;5.6;20.2;;;;;;;;;;;;;;90;;
SCM;23.09.2013 00:00;;;;;;;;;976;;;;1024.5;1;4.3;3.6;15.5;4.1;14.8;;;;;;;;;;;;;;0;;
SCM;24.09.2013 00:00;;;;;;;;;969.5;;;;1017.8;1;7.1;3.6;25.6;6.9;24.8;;;;;;;;;;;;;;90;;
SCM;25.09.2013 00:00;;;;;;;;;966.3;;;;1014.5;0.9;6.2;3.2;22.3;5.9;21.2;;;;;;;;;;;;;;72;;
SCM;26.09.2013 00:00;;;;;;;;;968.1;;;;1016.3;1.8;8.6;6.5;31;8.1;29.2;;;;;;;;;;;;;;93;;
SCM;27.09.2013 00:00;;;;;;;;;967.1;;;;1015.3;1.8;9;6.5;32.4;8.8;31.7;;;;;;;;;;;;;;94;;
SCM;28.09.2013 00:00;;;;;;;;;963;;;;1011.1;1;4.3;3.6;15.5;4.2;15.1;;;;;;;;;;;;;;270;;
SCM;29.09.2013 00:00;;;;;;;;;958.5;;;;1006.4;1.8;6.3;6.5;22.7;6.2;22.3;;;;;;;;;;;;;;259;;
SCM;30.09.2013 00:00;;;;;;;;;959.7;;;;1007.6;1;3.4;3.6;12.2;3.3;11.9;;;;;;;;;;;;;;270;;
SCM;01.10.2013 00:00;;;;;;;;;963.4;;;;1011.5;0.8;4.6;2.9;16.6;4.4;15.8;;;;;;;;;;;;;;104;;
SCM;02.10.2013 00:00;;;;;;;;;968.6;;;;1016.9;1.6;5.8;5.8;20.9;5.6;20.2;;;;;;;;;;;;;;253;;
SCM;03.10.2013 00:00;;;;;;;;;971.3;;;;1019.7;1.7;5.9;6.1;21.2;5.8;20.9;;;;;;;;;;;;;;261;;
SCM;04.10.2013 00:00;;;;;;;;;971.6;;;;1020;1.2;4.7;4.3;16.9;4.7;16.9;;;;;;;;;;;;;;270;;
SCM;05.10.2013 00:00;;;;;;;;;970.7;;;;1019;1.3;9.1;4.7;32.8;9;32.4;;;;;;;;;;;;;;288;;
SCM;06.10.2013 00:00;;;;;;;;;975.2;;;;1023.7;1.2;4.8;4.3;17.3;4.6;16.6;;;;;;;;;;;;;;261;;
SCM;07.10.2013 00:00;;;;;;;;;975.6;;;;1024.2;1.2;5.1;4.3;18.4;5;18;;;;;;;;;;;;;;270;;
SCM;08.10.2013 00:00;;;;;;;;;975.7;;;;1024.3;1.1;4.5;4;16.2;4.4;15.8;;;;;;;;;;;;;;257;;
SCM;09.10.2013 00:00;;;;;;;;;972.4;;;;1020.9;1.4;5.5;5;19.8;5.4;19.4;;;;;;;;;;;;;;247;;
SCM;10.10.2013 00:00;;;;;;;;;964.2;;;;1012.2;1.9;9.9;6.8;35.6;9.7;34.9;;;;;;;;;;;;;;360;;
SCM;11.10.2013 00:00;;;;;;;;;965.7;;;;1013.8;1.4;4.2;5;15.1;4.1;14.8;;;;;;;;;;;;;;105;;
SCM;12.10.2013 00:00;;;;;;;;;968.2;;;;1016.5;1;8.3;3.6;29.9;7.6;27.4;;;;;;;;;;;;;;112;;
SCM;13.10.2013 00:00;;;;;;;;;971.9;;;;1020.3;1.3;5.3;4.7;19.1;5.2;18.7;;;;;;;;;;;;;;113;;
SCM;14.10.2013 00:00;;;;;;;;;970.8;;;;1019.1;1.3;7.6;4.7;27.4;7.4;26.6;;;;;;;;;;;;;;82;;
SCM;15.10.2013 00:00;;;;;;;;;965.8;;;;1014;1.1;8.2;4;29.5;7.9;28.4;;;;;;;;;;;;;;97;;
SCM;16.10.2013 00:00;;;;;;;;;967.8;;;;1016.1;1.1;9.6;4;34.6;9.3;33.5;;;;;;;;;;;;;;104;;
SCM;17.10.2013 00:00;;;;;;;;;972;;;;1020.4;1.2;8;4.3;28.8;7.6;27.4;;;;;;;;;;;;;;207;;
SCM;18.10.2013 00:00;;;;;;;;;970.5;;;;1018.8;0.9;6.8;3.2;24.5;6.7;24.1;;;;;;;;;;;;;;90;;
SCM;19.10.2013 00:00;;;;;;;;;969.5;;;;1017.8;1.4;9.3;5;33.5;9;32.4;;;;;;;;;;;;;;82;;
SCM;20.10.2013 00:00;;;;;;;;;971.1;;;;1019.5;2.1;8.9;7.6;32;8.6;31;;;;;;;;;;;;;;84;;
SCM;21.10.2013 00:00;;;;;;;;;971.2;;;;1019.5;1.1;10;4;36;9.8;35.3;;;;;;;;;;;;;;90;;
SCM;22.10.2013 00:00;;;;;;;;;964.7;;;;1012.8;3.7;18.7;13.3;67.3;18.3;65.9;;;;;;;;;;;;;;141;;
SCM;23.10.2013 00:00;;;;;;;;;966.4;;;;1014.6;1.8;11.1;6.5;40;10.4;37.4;;;;;;;;;;;;;;90;;
SCM;24.10.2013 00:00;;;;;;;;;971.1;;;;1019.4;1.1;6;4;21.6;5.8;20.9;;;;;;;;;;;;;;0;;
SCM;25.10.2013 00:00;;;;;;;;;970.1;;;;1018.4;2.1;7.6;7.6;27.4;7.5;27;;;;;;;;;;;;;;270;;
SCM;26.10.2013 00:00;;;;;;;;;970.9;;;;1019.2;1;8;3.6;28.8;7.5;27;;;;;;;;;;;;;;90;;
SCM;27.10.2013 00:00;;;;;;;;;969;;;;1017.2;1.3;8.5;4.7;30.6;8.4;30.2;;;;;;;;;;;;;;342;;
SCM;28.10.2013 00:00;;;;;;;;;964.1;;;;1012.2;2;10.9;7.2;39.2;10.3;37.1;;;;;;;;;;;;;;104;;
SCM;29.10.2013 00:00;;;;;;;;;970.9;;;;1019.2;0.9;7.9;3.2;28.4;7.7;27.7;;;;;;;;;;;;;;117;;
SCM;30.10.2013 00:00;;;;;;;;;976;;;;1024.6;1.2;5.9;4.3;21.2;5.8;20.9;;;;;;;;;;;;;;180;;
SCM;31.10.2013 00:00;;;;;;;;;976.4;;;;1025;0.9;3.2;3.2;11.5;3.1;11.2;;;;;;;;;;;;;;270;;
SCM;01.11.2013 00:00;;;;;;;;;971.6;;;;1020;0.9;4.5;3.2;16.2;4.4;15.8;;;;;;;;;;;;;;90;;
SCM;02.11.2013 00:00;;;;;;;;;963.7;;;;1011.8;1.1;7.6;4;27.4;7.4;26.6;;;;;;;;;;;;;;90;;
SCM;03.11.2013 00:00;;;;;;;;;964.2;;;;1012.3;3;18.6;10.8;67;18.1;65.2;;;;;;;;;;;;;;297;;
SCM;04.11.2013 00:00;;;;;;;;;953.3;;;;1001;2;13.5;7.2;48.6;12.8;46.1;;;;;;;;;;;;;;101;;
SCM;05.11.2013 00:00;;;;;;;;;955.1;;;;1002.8;1.2;11.4;4.3;41;10.5;37.8;;;;;;;;;;;;;;270;;
SCM;06.11.2013 00:00;;;;;;;;;962.9;;;;1010.9;2.2;12.6;7.9;45.4;12.4;44.6;;;;;;;;;;;;;;360;;
SCM;07.11.2013 00:00;;;;;;;;;968.3;;;;1016.6;1.7;9.8;6.1;35.3;9.3;33.5;;;;;;;;;;;;;;79;;
SCM;08.11.2013 00:00;;;;;;;;;965.1;;;;1013.2;1.5;11.8;5.4;42.5;11.2;40.3;;;;;;;;;;;;;;72;;
SCM;09.11.2013 00:00;;;;;;;;;967.3;;;;1015.5;1.1;8;4;28.8;7.7;27.7;;;;;;;;;;;;;;90;;
SCM;10.11.2013 00:00;;;;;;;;;962.8;;;;1010.9;3.2;26;11.5;93.6;25;90;;;;;;;;;;;;;;292;;
SCM;11.11.2013 00:00;;;;;;;;;979;;;;1027.7;2.1;10.2;7.6;36.7;9.9;35.6;;;;;;;;;;;;;;63;;
SCM;12.11.2013 00:00;;;;;;;;;977.7;;;;1026.3;1.1;3.8;4;13.7;3.7;13.3;;;;;;;;;;;;;;90;;
SCM;13.11.2013 00:00;;;;;;;;;979.2;;;;1027.9;2;8.9;7.2;32;8.3;29.9;;;;;;;;;;;;;;75;;
SCM;14.11.2013 00:00;;;;;;;;;973.5;;;;1022;0.9;4;3.2;14.4;3.9;14;;;;;;;;;;;;;;360;;
SCM;15.11.2013 00:00;;;;;;;;;972.4;;;;1020.8;2.6;10.7;9.4;38.5;10.1;36.4;;;;;;;;;;;;;;69;;
SCM;16.11.2013 00:00;;;;;;;;;977.7;;;;1026.4;2.3;7.9;8.3;28.4;7.5;27;;;;;;;;;;;;;;79;;
SCM;17.11.2013 00:00;;;;;;;;;973.3;;;;1021.7;1;4;3.6;14.4;3.7;13.3;;;;;;;;;;;;;;101;;
SCM;18.11.2013 00:00;;;;;;;;;964.6;;;;1012.7;0.8;3.1;2.9;11.2;3;10.8;;;;;;;;;;;;;;90;;
SCM;19.11.2013 00:00;;;;;;;;;957.2;;;;1005;1.4;7;5;25.2;6.8;24.5;;;;;;;;;;;;;;294;;
SCM;20.11.2013 00:00;;;;;;;;;957.4;;;;1005.2;1.1;4.5;4;16.2;4.4;15.8;;;;;;;;;;;;;;288;;
SCM;21.11.2013 00:00;;;;;;;;;950.3;;;;997.8;1.3;5.2;4.7;18.7;5.1;18.4;;;;;;;;;;;;;;342;;
SCM;22.11.2013 00:00;;;;;;;;;955.5;;;;1003.2;0.9;3.5;3.2;12.6;3.4;12.2;;;;;;;;;;;;;;90;;
SCM;23.11.2013 00:00;;;;;;;;;962;;;;1010;0.8;4.3;2.9;15.5;3.9;14;;;;;;;;;;;;;;90;;
SCM;24.11.2013 00:00;;;;;;;;;968.7;;;;1016.9;0.6;2.4;2.2;8.6;2.3;8.3;;;;;;;;;;;;;;27;;
SCM;25.11.2013 00:00;;;;;;;;;978.1;;;;1026.8;1.7;9.4;6.1;33.8;9;32.4;;;;;;;;;;;;;;77;;
SCM;26.11.2013 00:00;;;;;;;;;981.9;;;;1030.7;1.1;7.4;4;26.6;7.1;25.6;;;;;;;;;;;;;;97;;
SCM;27.11.2013 00:00;;;;;;;;;982.1;;;;1030.9;1.8;6.6;6.5;23.8;6.3;22.7;;;;;;;;;;;;;;79;;
SCM;28.11.2013 00:00;;;;;;;;;982.9;;;;1031.7;1;4.4;3.6;15.8;4.3;15.5;;;;;;;;;;;;;;90;;
SCM;29.11.2013 00:00;;;;;;;;;977.9;;;;1026.5;1.2;5;4.3;18;4.8;17.3;;;;;;;;;;;;;;90;;
SCM;30.11.2013 00:00;;;;;;;;;972;;;;1020.4;0.9;3.4;3.2;12.2;3.3;11.9;;;;;;;;;;;;;;90;;
SCM;01.12.2013 00:00;;;;;;;;;978.4;;;;1027.1;1.2;4.8;4.3;17.3;4.6;16.6;;;;;;;;;;;;;;84;;
SCM;02.12.2013 00:00;;;;;;;;;979.6;;;;1028.3;1.3;7.2;4.7;25.9;6.8;24.5;;;;;;;;;;;;;;84;;
SCM;03.12.2013 00:00;;;;;;;;;980.8;;;;1029.5;1;2.6;3.6;9.4;2.5;9;;;;;;;;;;;;;;84;;
SCM;04.12.2013 00:00;;;;;;;;;980;;;;1028.7;0.9;4.1;3.2;14.8;3.9;14;;;;;;;;;;;;;;90;;
SCM;05.12.2013 00:00;;;;;;;;;978.5;;;;1027.2;1.2;10.7;4.3;38.5;10.3;37.1;;;;;;;;;;;;;;90;;
SCM;06.12.2013 00:00;;;;;;;;;976.8;;;;1025.4;4.4;15.6;15.8;56.2;15.3;55.1;;;;;;;;;;;;;;288;;
SCM;07.12.2013 00:00;;;;;;;;;981;;;;1029.7;2;8.5;7.2;30.6;8.4;30.2;;;;;;;;;;;;;;51;;
SCM;08.12.2013 00:00;;;;;;;;;981.5;;;;1030.3;1;4.2;3.6;15.1;4.1;14.8;;;;;;;;;;;;;;82;;
SCM;09.12.2013 00:00;;;;;;;;;983.9;;;;1032.8;0.9;3.8;3.2;13.7;3.7;13.3;;;;;;;;;;;;;;81;;
SCM;10.12.2013 00:00;;;;;;;;;985.8;;;;1034.7;0.7;2.4;2.5;8.6;2.3;8.3;;;;;;;;;;;;;;90;;
SCM;11.12.2013 00:00;;;;;;;;;985.4;;;;1034.4;0.9;3.1;3.2;11.2;3;10.8;;;;;;;;;;;;;;90;;
SCM;12.12.2013 00:00;;;;;;;;;982.8;;;;1031.6;1.1;3.7;4;13.3;3.5;12.6;;;;;;;;;;;;;;97;;
SCM;13.12.2013 00:00;;;;;;;;;979.2;;;;1027.8;0.9;2.7;3.2;9.7;2.6;9.4;;;;;;;;;;;;;;72;;
SCM;14.12.2013 00:00;;;;;;;;;983.2;;;;1032;1.1;4.2;4;15.1;4.2;15.1;;;;;;;;;;;;;;82;;
SCM;15.12.2013 00:00;;;;;;;;;985.1;;;;1034;1.8;12.5;6.5;45;12.1;43.6;;;;;;;;;;;;;;107;;
SCM;16.12.2013 00:00;;;;;;;;;983.6;;;;1032.4;1.3;6.2;4.7;22.3;6.1;22;;;;;;;;;;;;;;270;;
SCM;17.12.2013 00:00;;;;;;;;;980.2;;;;1028.9;0.9;3.2;3.2;11.5;3.1;11.2;;;;;;;;;;;;;;45;;
SCM;18.12.2013 00:00;;;;;;;;;975.6;;;;1024.1;1.2;5.5;4.3;19.8;5.5;19.8;;;;;;;;;;;;;;76;;
SCM;19.12.2013 00:00;;;;;;;;;966.4;;;;1014.6;1.2;6.8;4.3;24.5;6.7;24.1;;;;;;;;;;;;;;360;;
SCM;20.12.2013 00:00;;;;;;;;;977.9;;;;1026.6;0.8;5.8;2.9;20.9;5.6;20.2;;;;;;;;;;;;;;45;;
SCM;21.12.2013 00:00;;;;;;;;;983.7;;;;1032.6;1.1;6;4;21.6;5.9;21.2;;;;;;;;;;;;;;63;;
SCM;22.12.2013 00:00;;;;;;;;;977.5;;;;1026.2;1.1;7.6;4;27.4;7.5;27;;;;;;;;;;;;;;90;;
SCM;23.12.2013 00:00;;;;;;;;;972.4;;;;1020.8;1.2;7.6;4.3;27.4;7.4;26.6;;;;;;;;;;;;;;63;;
SCM;24.12.2013 00:00;;;;;;;;;956.9;;;;1004.7;5;22.5;18;81;22;79.2;;;;;;;;;;;;;;135;;
SCM;25.12.2013 00:00;;;;;;;;;947;;;;994.4;3.3;18.8;11.9;67.7;17.7;63.7;;;;;;;;;;;;;;139;;
SCM;26.12.2013 00:00;;;;;;;;;951.3;;;;998.9;1.3;11;4.7;39.6;10.8;38.9;;;;;;;;;;;;;;323;;
SCM;27.12.2013 00:00;;;;;;;;;962.2;;;;1010.2;1.7;9.8;6.1;35.3;9.3;33.5;;;;;;;;;;;;;;106;;
SCM;28.12.2013 00:00;;;;;;;;;960.1;;;;1008;1.8;10.2;6.5;36.7;10;36;;;;;;;;;;;;;;270;;
SCM;29.12.2013 00:00;;;;;;;;;972.9;;;;1021.3;0.7;5.1;2.5;18.4;4.9;17.6;;;;;;;;;;;;;;63;;
SCM;30.12.2013 00:00;;;;;;;;;978.1;;;;1026.7;1.5;6.4;5.4;23;6.3;22.7;;;;;;;;;;;;;;207;;
SCM;31.12.2013 00:00;;;;;;;;;971.4;;;;1019.7;1.3;11;4.7;39.6;10.4;37.4;;;;;;;;;;;;;;117;;
SCM;01.01.2014 00:00;;;;;;;;;966.7;;;;1014.9;1.3;7.6;4.7;27.4;7.2;25.9;;;;;;;;;;;;;;90;;
SCM;02.01.2014 00:00;;;;;;;;;962.6;;;;1010.6;1.7;11.7;6.1;42.1;11.4;41;;;;;;;;;;;;;;45;;
SCM;03.01.2014 00:00;;;;;;;;;967;;;;1015.2;2.2;11.3;7.9;40.7;10.6;38.2;;;;;;;;;;;;;;98;;
SCM;04.01.2014 00:00;;;;;;;;;960.2;;;;1008.1;2.2;21.5;7.9;77.4;20.7;74.5;;;;;;;;;;;;;;107;;
SCM;05.01.2014 00:00;;;;;;;;;963.8;;;;1011.8;1.4;10.3;5;37.1;10;36;;;;;;;;;;;;;;326;;
SCM;06.01.2014 00:00;;;;;;;;;968.1;;;;1016.4;1.8;13.5;6.5;48.6;13;46.8;;;;;;;;;;;;;;90;;
SCM;07.01.2014 00:00;;;;;;;;;971.7;;;;1020.1;1.4;9.4;5;33.8;9.1;32.8;;;;;;;;;;;;;;79;;
SCM;08.01.2014 00:00;;;;;;;;;974.6;;;;1023.1;1.3;10.6;4.7;38.2;10.4;37.4;;;;;;;;;;;;;;83;;
SCM;09.01.2014 00:00;;;;;;;;;969;;;;1017.3;1;5.8;3.6;20.9;5.4;19.4;;;;;;;;;;;;;;72;;
SCM;10.01.2014 00:00;;;;;;;;;972;;;;1020.4;1.5;9.3;5.4;33.5;9;32.4;;;;;;;;;;;;;;76;;
SCM;11.01.2014 00:00;;;;;;;;;972.4;;;;1020.8;1;4.2;3.6;15.1;4.1;14.8;;;;;;;;;;;;;;270;;
SCM;12.01.2014 00:00;;;;;;;;;974.2;;;;1022.7;0.9;5.2;3.2;18.7;4.8;17.3;;;;;;;;;;;;;;270;;
SCM;13.01.2014 00:00;;;;;;;;;967.8;;;;1016;1;3.5;3.6;12.6;3.5;12.6;;;;;;;;;;;;;;90;;
SCM;14.01.2014 00:00;;;;;;;;;961.1;;;;1009;0.8;4.1;2.9;14.8;3.9;14;;;;;;;;;;;;;;90;;
SCM;15.01.2014 00:00;;;;;;;;;964.8;;;;1012.9;1;9.2;3.6;33.1;8.9;32;;;;;;;;;;;;;;117;;
SCM;16.01.2014 00:00;;;;;;;;;959.4;;;;1007.3;2.5;15.4;9;55.4;14.5;52.2;;;;;;;;;;;;;;180;;
SCM;17.01.2014 00:00;;;;;;;;;958.5;;;;1006.3;1.8;10.2;6.5;36.7;9.7;34.9;;;;;;;;;;;;;;94;;
SCM;18.01.2014 00:00;;;;;;;;;954.9;;;;1002.6;1.1;4.7;4;16.9;4.7;16.9;;;;;;;;;;;;;;297;;
SCM;19.01.2014 00:00;;;;;;;;;951.5;;;;999.1;1.2;5.1;4.3;18.4;5;18;;;;;;;;;;;;;;286;;
SCM;20.01.2014 00:00;;;;;;;;;955.9;;;;1003.6;0.6;4.4;2.2;15.8;4.3;15.5;;;;;;;;;;;;;;135;;
SCM;21.01.2014 00:00;;;;;;;;;964.1;;;;1012.2;1.1;7.7;4;27.7;7.4;26.6;;;;;;;;;;;;;;315;;
SCM;22.01.2014 00:00;;;;;;;;;964.2;;;;1012.3;0.8;3.6;2.9;13;3.5;12.6;;;;;;;;;;;;;;180;;
SCM;23.01.2014 00:00;;;;;;;;;967.7;;;;1016;0.8;3.1;2.9;11.2;3;10.8;;;;;;;;;;;;;;81;;
SCM;24.01.2014 00:00;;;;;;;;;967.6;;;;1015.8;1.5;9.3;5.4;33.5;9.1;32.8;;;;;;;;;;;;;;309;;
SCM;25.01.2014 00:00;;;;;;;;;969.7;;;;1017.9;1.1;4;4;14.4;3.9;14;;;;;;;;;;;;;;90;;
SCM;26.01.2014 00:00;;;;;;;;;963.6;;;;1011.6;3.1;16;11.2;57.6;14.9;53.6;;;;;;;;;;;;;;261;;
SCM;27.01.2014 00:00;;;;;;;;;954;;;;1001.7;1.5;14.4;5.4;51.8;12.7;45.7;;;;;;;;;;;;;;72;;
SCM;28.01.2014 00:00;;;;;;;;;953.1;;;;1000.7;1.8;9.3;6.5;33.5;9.1;32.8;;;;;;;;;;;;;;103;;
SCM;29.01.2014 00:00;;;;;;;;;951.5;;;;999.1;2.8;10.3;10.1;37.1;9.9;35.6;;;;;;;;;;;;;;101;;
SCM;30.01.2014 00:00;;;;;;;;;956.8;;;;1004.6;1;4.2;3.6;15.1;4;14.4;;;;;;;;;;;;;;270;;
SCM;31.01.2014 00:00;;;;;;;;;960.9;;;;1008.8;0.9;4.2;3.2;15.1;4.2;15.1;;;;;;;;;;;;;;90;;
SCM;01.02.2014 00:00;;;;;;;;;958.9;;;;1006.8;0.9;8.3;3.2;29.9;8.1;29.2;;;;;;;;;;;;;;90;;
SCM;02.02.2014 00:00;;;;;;;;;965.9;;;;1014;0.5;1.6;1.8;5.8;1.6;5.8;;;;;;;;;;;;;;108;;
SCM;03.02.2014 00:00;;;;;;;;;962.6;;;;1010.6;1.2;4.2;4.3;15.1;4.2;15.1;;;;;;;;;;;;;;263;;
SCM;04.02.2014 00:00;;;;;;;;;963.1;;;;1011.2;1.1;7.1;4;25.6;6.8;24.5;;;;;;;;;;;;;;270;;
SCM;05.02.2014 00:00;;;;;;;;;957;;;;1004.8;1.4;8.2;5;29.5;8.1;29.2;;;;;;;;;;;;;;270;;
SCM;06.02.2014 00:00;;;;;;;;;960.9;;;;1008.9;3;21;10.8;75.6;19.2;69.1;;;;;;;;;;;;;;124;;
SCM;07.02.2014 00:00;;;;;;;;;958.2;;;;1006;3.2;23.1;11.5;83.2;21.9;78.8;;;;;;;;;;;;;;214;;
SCM;08.02.2014 00:00;;;;;;;;;955.1;;;;1002.8;2.6;14.5;9.4;52.2;14.2;51.1;;;;;;;;;;;;;;129;;
SCM;09.02.2014 00:00;;;;;;;;;955.5;;;;1003.2;2.9;19.7;10.4;70.9;18.3;65.9;;;;;;;;;;;;;;252;;
SCM;10.02.2014 00:00;;;;;;;;;947.7;;;;995.1;4.2;18.5;15.1;66.6;18;64.8;;;;;;;;;;;;;;131;;
SCM;11.02.2014 00:00;;;;;;;;;959.6;;;;1007.5;1.6;9.8;5.8;35.3;9.5;34.2;;;;;;;;;;;;;;263;;
SCM;12.02.2014 00:00;;;;;;;;;962.9;;;;1010.9;1.8;13.2;6.5;47.5;12.7;45.7;;;;;;;;;;;;;;112;;
SCM;13.02.2014 00:00;;;;;;;;;957.1;;;;1004.9;2.8;25.6;10.1;92.2;25.2;90.7;;;;;;;;;;;;;;270;;
SCM;14.02.2014 00:00;;;;;;;;;962.4;;;;1010.4;2.9;16.9;10.4;60.8;15.1;54.4;;;;;;;;;;;;;;95;;
SCM;15.02.2014 00:00;;;;;;;;;959.1;;;;1007;4.2;22.2;15.1;79.9;19.7;70.9;;;;;;;;;;;;;;173;;
SCM;16.02.2014 00:00;;;;;;;;;967.5;;;;1015.7;2.4;12.5;8.6;45;12.2;43.9;;;;;;;;;;;;;;114;;
SCM;17.02.2014 00:00;;;;;;;;;968.1;;;;1016.3;1.3;6.2;4.7;22.3;5.9;21.2;;;;;;;;;;;;;;103;;
SCM;18.02.2014 00:00;;;;;;;;;967.9;;;;1016.2;1.1;6.2;4;22.3;5.9;21.2;;;;;;;;;;;;;;262;;
SCM;19.02.2014 00:00;;;;;;;;;968.5;;;;1016.8;0.7;4.4;2.5;15.8;4.3;15.5;;;;;;;;;;;;;;90;;
SCM;20.02.2014 00:00;;;;;;;;;966.8;;;;1015;1.3;8.2;4.7;29.5;7.9;28.4;;;;;;;;;;;;;;135;;
SCM;21.02.2014 00:00;;;;;;;;;965.2;;;;1013.3;1.5;15.2;5.4;54.7;14.4;51.8;;;;;;;;;;;;;;117;;
SCM;22.02.2014 00:00;;;;;;;;;970.2;;;;1018.5;0.9;6;3.2;21.6;5.7;20.5;;;;;;;;;;;;;;236;;
SCM;23.02.2014 00:00;;;;;;;;;973.7;;;;1022.2;2;8.7;7.2;31.3;8.2;29.5;;;;;;;;;;;;;;102;;
SCM;24.02.2014 00:00;;;;;;;;;969.5;;;;1017.7;1.3;8.4;4.7;30.2;7.9;28.4;;;;;;;;;;;;;;90;;
SCM;25.02.2014 00:00;;;;;;;;;967.6;;;;1015.8;1.7;13;6.1;46.8;12;43.2;;;;;;;;;;;;;;105;;
SCM;26.02.2014 00:00;;;;;;;;;968.1;;;;1016.4;3.3;11.8;11.9;42.5;11.5;41.4;;;;;;;;;;;;;;247;;
SCM;27.02.2014 00:00;;;;;;;;;970.4;;;;1018.7;1.1;7;4;25.2;6.6;23.8;;;;;;;;;;;;;;270;;
SCM;28.02.2014 00:00;;;;;;;;;957.7;;;;1005.5;2.4;10.9;8.6;39.2;10.6;38.2;;;;;;;;;;;;;;233;;
SCM;01.03.2014 00:00;;;;;;;;;955.1;;;;1002.8;0.9;6.4;3.2;23;6.2;22.3;;;;;;;;;;;;;;270;;
SCM;02.03.2014 00:00;;;;;;;;;955.3;;;;1003.1;1.1;6;4;21.6;5.9;21.2;;;;;;;;;;;;;;207;;
SCM;03.03.2014 00:00;;;;;;;;;948.7;;;;996.2;1.7;8.5;6.1;30.6;8.4;30.2;;;;;;;;;;;;;;180;;
SCM;04.03.2014 00:00;;;;;;;;;955.7;;;;1003.5;0.8;3.4;2.9;12.2;3.3;11.9;;;;;;;;;;;;;;270;;
SCM;05.03.2014 00:00;;;;;;;;;969.3;;;;1017.6;1;6.6;3.6;23.8;6.4;23;;;;;;;;;;;;;;207;;
SCM;06.03.2014 00:00;;;;;;;;;977.1;;;;1025.7;1.4;10;5;36;9.3;33.5;;;;;;;;;;;;;;76;;
SCM;07.03.2014 00:00;;;;;;;;;977.5;;;;1026.1;0.8;5.3;2.9;19.1;5.2;18.7;;;;;;;;;;;;;;90;;
SCM;08.03.2014 00:00;;;;;;;;;980.6;;;;1029.4;1.9;10.6;6.8;38.2;10.2;36.7;;;;;;;;;;;;;;82;;
SCM;09.03.2014 00:00;;;;;;;;;979.8;;;;1028.5;0.7;4;2.5;14.4;3.9;14;;;;;;;;;;;;;;270;;
SCM;10.03.2014 00:00;;;;;;;;;974.3;;;;1022.8;0.9;3.7;3.2;13.3;3.6;13;;;;;;;;;;;;;;270;;
SCM;11.03.2014 00:00;;;;;;;;;975.9;;;;1024.5;1.2;8.8;4.3;31.7;8.6;31;;;;;;;;;;;;;;72;;
SCM;12.03.2014 00:00;;;;;;;;;979.9;;;;1028.6;0.7;2.4;2.5;8.6;2.3;8.3;;;;;;;;;;;;;;270;;
SCM;13.03.2014 00:00;;;;;;;;;979.3;;;;1028;0.7;3.2;2.5;11.5;3.1;11.2;;;;;;;;;;;;;;315;;
SCM;14.03.2014 00:00;;;;;;;;;977.1;;;;1025.7;0.8;3.9;2.9;14;3.9;14;;;;;;;;;;;;;;0;;
SCM;15.03.2014 00:00;;;;;;;;;975.6;;;;1024.1;2.6;11.5;9.4;41.4;11.2;40.3;;;;;;;;;;;;;;276;;
SCM;16.03.2014 00:00;;;;;;;;;976.2;;;;1024.8;0.8;3.6;2.9;13;3.5;12.6;;;;;;;;;;;;;;90;;
SCM;17.03.2014 00:00;;;;;;;;;974.1;;;;1022.6;0.9;7.8;3.2;28.1;7.6;27.4;;;;;;;;;;;;;;63;;
SCM;18.03.2014 00:00;;;;;;;;;970.3;;;;1018.7;1;10.1;3.6;36.4;9.8;35.3;;;;;;;;;;;;;;297;;
SCM;19.03.2014 00:00;;;;;;;;;978;;;;1026.6;2.3;11;8.3;39.6;10.8;38.9;;;;;;;;;;;;;;259;;
SCM;20.03.2014 00:00;;;;;;;;;972.1;;;;1020.5;2.1;14.4;7.6;51.8;13.4;48.2;;;;;;;;;;;;;;153;;
SCM;21.03.2014 00:00;;;;;;;;;966.9;;;;1015.1;2.3;15.3;8.3;55.1;14.5;52.2;;;;;;;;;;;;;;219;;
SCM;22.03.2014 00:00;;;;;;;;;961.2;;;;1009.2;2.2;10.6;7.9;38.2;10.5;37.8;;;;;;;;;;;;;;276;;
SCM;23.03.2014 00:00;;;;;;;;;961.1;;;;1009.1;1.3;7.7;4.7;27.7;7.6;27.4;;;;;;;;;;;;;;90;;
SCM;24.03.2014 00:00;;;;;;;;;964.7;;;;1012.8;1.3;9.6;4.7;34.6;9.4;33.8;;;;;;;;;;;;;;90;;
SCM;25.03.2014 00:00;;;;;;;;;961.2;;;;1009.2;1.6;4.8;5.8;17.3;4.7;16.9;;;;;;;;;;;;;;124;;
SCM;26.03.2014 00:00;;;;;;;;;961.7;;;;1009.7;1.5;5.8;5.4;20.9;5.7;20.5;;;;;;;;;;;;;;246;;
SCM;27.03.2014 00:00;;;;;;;;;961.8;;;;1009.8;1.1;4.4;4;15.8;4.3;15.5;;;;;;;;;;;;;;259;;
SCM;28.03.2014 00:00;;;;;;;;;966.8;;;;1015;1.5;6;5.4;21.6;5.5;19.8;;;;;;;;;;;;;;315;;
SCM;29.03.2014 00:00;;;;;;;;;969.5;;;;1017.8;1.8;10.3;6.5;37.1;10;36;;;;;;;;;;;;;;252;;
SCM;30.03.2014 00:00;;;;;;;;;967.9;;;;1016.1;1.5;9.8;5.4;35.3;9.5;34.2;;;;;;;;;;;;;;243;;
SCM;31.03.2014 00:00;;;;;;;;;967;;;;1015.2;1.1;4.6;4;16.6;4.5;16.2;;;;;;;;;;;;;;315;;
SCM;01.04.2014 00:00;;;;;;;;;964.8;;;;1012.9;1.5;6.8;5.4;24.5;6.7;24.1;;;;;;;;;;;;;;259;;
SCM;02.04.2014 00:00;;;;;;;;;961.1;;;;1009.1;2.5;14.7;9;52.9;13;46.8;;;;;;;;;;;;;;99;;
SCM;03.04.2014 00:00;;;;;;;;;957.6;;;;1005.4;2.8;15.2;10.1;54.7;14.7;52.9;;;;;;;;;;;;;;114;;
SCM;04.04.2014 00:00;;;;;;;;;959.1;;;;1006.9;1.2;8.7;4.3;31.3;8.2;29.5;;;;;;;;;;;;;;270;;
SCM;05.04.2014 00:00;;;;;;;;;967.3;;;;1015.5;0.4;1.8;1.4;6.5;1.8;6.5;;;;;;;;;;;;;;243;;
SCM;06.04.2014 00:00;;;;;;;;;972;;;;1020.4;1.3;5.7;4.7;20.5;5.6;20.2;;;;;;;;;;;;;;264;;
SCM;07.04.2014 00:00;;;;;;;;;970.3;;;;1018.6;1.4;7.2;5;25.9;6.9;24.8;;;;;;;;;;;;;;72;;
SCM;08.04.2014 00:00;;;;;;;;;972.6;;;;1021;1.5;9.3;5.4;33.5;9.2;33.1;;;;;;;;;;;;;;304;;
SCM;09.04.2014 00:00;;;;;;;;;977;;;;1025.5;1.4;6.4;5;23;6.3;22.7;;;;;;;;;;;;;;234;;
SCM;10.04.2014 00:00;;;;;;;;;973.1;;;;1021.5;1.3;5.9;4.7;21.2;5.7;20.5;;;;;;;;;;;;;;63;;
SCM;11.04.2014 00:00;;;;;;;;;968.1;;;;1016.3;1.4;6.9;5;24.8;6.8;24.5;;;;;;;;;;;;;;270;;
SCM;12.04.2014 00:00;;;;;;;;;968.1;;;;1016.3;1.1;6.8;4;24.5;6.7;24.1;;;;;;;;;;;;;;252;;
SCM;13.04.2014 00:00;;;;;;;;;970.8;;;;1019.2;1.6;8;5.8;28.8;7.7;27.7;;;;;;;;;;;;;;257;;
SCM;14.04.2014 00:00;;;;;;;;;970.9;;;;1019.3;3.1;13.8;11.2;49.7;13.7;49.3;;;;;;;;;;;;;;274;;
SCM;15.04.2014 00:00;;;;;;;;;974.7;;;;1023.2;2.2;9.7;7.9;34.9;9.3;33.5;;;;;;;;;;;;;;270;;
SCM;16.04.2014 00:00;;;;;;;;;976.8;;;;1025.4;3.7;13.8;13.3;49.7;12.6;45.4;;;;;;;;;;;;;;71;;
SCM;17.04.2014 00:00;;;;;;;;;971.8;;;;1020.2;2.1;9;7.6;32.4;8.5;30.6;;;;;;;;;;;;;;246;;
SCM;18.04.2014 00:00;;;;;;;;;965.1;;;;1013.2;1.4;8.7;5;31.3;8.5;30.6;;;;;;;;;;;;;;342;;
SCM;19.04.2014 00:00;;;;;;;;;961.4;;;;1009.3;1.7;7.3;6.1;26.3;7;25.2;;;;;;;;;;;;;;81;;
SCM;20.04.2014 00:00;;;;;;;;;957.8;;;;1005.6;1.6;6.4;5.8;23;6.3;22.7;;;;;;;;;;;;;;253;;
SCM;21.04.2014 00:00;;;;;;;;;957.7;;;;1005.5;1.1;5.9;4;21.2;5.8;20.9;;;;;;;;;;;;;;231;;
SCM;22.04.2014 00:00;;;;;;;;;964.7;;;;1012.8;1.1;4.1;4;14.8;4;14.4;;;;;;;;;;;;;;248;;
SCM;23.04.2014 00:00;;;;;;;;;969.7;;;;1018;1.6;8.5;5.8;30.6;8.1;29.2;;;;;;;;;;;;;;34;;
SCM;24.04.2014 00:00;;;;;;;;;967.7;;;;1015.9;1.7;7.4;6.1;26.6;7.1;25.6;;;;;;;;;;;;;;90;;
SCM;25.04.2014 00:00;;;;;;;;;963.4;;;;1011.4;1.6;14.2;5.8;51.1;14;50.4;;;;;;;;;;;;;;264;;
SCM;26.04.2014 00:00;;;;;;;;;963.5;;;;1011.5;1.7;9.7;6.1;34.9;9.5;34.2;;;;;;;;;;;;;;262;;
SCM;27.04.2014 00:00;;;;;;;;;962.8;;;;1010.8;1.7;11;6.1;39.6;10.7;38.5;;;;;;;;;;;;;;270;;
SCM;28.04.2014 00:00;;;;;;;;;963.8;;;;1011.8;1.2;4.5;4.3;16.2;4.4;15.8;;;;;;;;;;;;;;315;;
SCM;29.04.2014 00:00;;;;;;;;;965.3;;;;1013.4;1.1;8.6;4;31;8.3;29.9;;;;;;;;;;;;;;162;;
SCM;30.04.2014 00:00;;;;;;;;;964.1;;;;1012.2;1.4;8.1;5;29.2;7.9;28.4;;;;;;;;;;;;;;101;;
SCM;01.05.2014 00:00;;;;;;;;;964.7;;;;1012.8;1.7;7.8;6.1;28.1;7.5;27;;;;;;;;;;;;;;253;;
SCM;02.05.2014 00:00;;;;;;;;;964.8;;;;1012.9;1.2;5;4.3;18;4.8;17.3;;;;;;;;;;;;;;0;;
SCM;03.05.2014 00:00;;;;;;;;;970.5;;;;1018.8;1.2;6.7;4.3;24.1;6.5;23.4;;;;;;;;;;;;;;74;;
SCM;04.05.2014 00:00;;;;;;;;;971.7;;;;1020.1;2;10.9;7.2;39.2;10.8;38.9;;;;;;;;;;;;;;79;;
SCM;05.05.2014 00:00;;;;;;;;;968.8;;;;1017.1;1.2;6.9;4.3;24.8;6.6;23.8;;;;;;;;;;;;;;270;;
SCM;06.05.2014 00:00;;;;;;;;;967.8;;;;1016;2.4;9.3;8.6;33.5;9.2;33.1;;;;;;;;;;;;;;262;;
SCM;07.05.2014 00:00;;;;;;;;;969.1;;;;1017.4;1.4;8.9;5;32;8.3;29.9;;;;;;;;;;;;;;270;;
SCM;08.05.2014 00:00;;;;;;;;;970.2;;;;1018.5;1.4;5.5;5;19.8;5.4;19.4;;;;;;;;;;;;;;194;;
SCM;09.05.2014 00:00;;;;;;;;;970.6;;;;1018.9;1;5.1;3.6;18.4;4.9;17.6;;;;;;;;;;;;;;124;;
SCM;10.05.2014 00:00;;;;;;;;;967.6;;;;1015.8;1.4;12.5;5;45;11.8;42.5;;;;;;;;;;;;;;243;;
SCM;11.05.2014 00:00;;;;;;;;;965.4;;;;1013.5;3.1;22.2;11.2;79.9;21.5;77.4;;;;;;;;;;;;;;272;;
SCM;12.05.2014 00:00;;;;;;;;;968.2;;;;1016.4;3.5;12.3;12.6;44.3;11.9;42.8;;;;;;;;;;;;;;270;;
SCM;13.05.2014 00:00;;;;;;;;;970.9;;;;1019.3;1.5;10.5;5.4;37.8;10.1;36.4;;;;;;;;;;;;;;270;;
SCM;14.05.2014 00:00;;;;;;;;;979;;;;1027.7;1.1;6.7;4;24.1;6.5;23.4;;;;;;;;;;;;;;90;;
SCM;15.05.2014 00:00;;;;;;;;;981;;;;1029.7;1.7;7.9;6.1;28.4;7.8;28.1;;;;;;;;;;;;;;76;;
SCM;16.05.2014 00:00;;;;;;;;;976.8;;;;1025.4;3;11.5;10.8;41.4;10.6;38.2;;;;;;;;;;;;;;77;;
SCM;17.05.2014 00:00;;;;;;;;;971.1;;;;1019.5;3;14;10.8;50.4;13.2;47.5;;;;;;;;;;;;;;82;;
SCM;18.05.2014 00:00;;;;;;;;;965.7;;;;1013.9;1.4;5.7;5;20.5;5.5;19.8;;;;;;;;;;;;;;259;;
SCM;19.05.2014 00:00;;;;;;;;;962.4;;;;1010.4;4;18.2;14.4;65.5;17.1;61.6;;;;;;;;;;;;;;122;;
SCM;20.05.2014 00:00;;;;;;;;;965.4;;;;1013.6;3.8;15.1;13.7;54.4;14.6;52.6;;;;;;;;;;;;;;120;;
SCM;21.05.2014 00:00;;;;;;;;;964.4;;;;1012.5;4.3;17.5;15.5;63;16.4;59;;;;;;;;;;;;;;125;;
SCM;22.05.2014 00:00;;;;;;;;;962.3;;;;1010.4;4.5;19;16.2;68.4;18.4;66.2;;;;;;;;;;;;;;137;;
SCM;23.05.2014 00:00;;;;;;;;;964.3;;;;1012.4;1.9;10.5;6.8;37.8;9.9;35.6;;;;;;;;;;;;;;275;;
SCM;24.05.2014 00:00;;;;;;;;;969;;;;1017.3;1.5;10.4;5.4;37.4;10.2;36.7;;;;;;;;;;;;;;265;;
SCM;25.05.2014 00:00;;;;;;;;;969.1;;;;1017.4;1.4;8;5;28.8;7.8;28.1;;;;;;;;;;;;;;270;;
SCM;26.05.2014 00:00;;;;;;;;;966.7;;;;1014.9;2.4;10.3;8.6;37.1;10.1;36.4;;;;;;;;;;;;;;260;;
SCM;27.05.2014 00:00;;;;;;;;;966.5;;;;1014.6;1;9.3;3.6;33.5;9.2;33.1;;;;;;;;;;;;;;135;;
SCM;28.05.2014 00:00;;;;;;;;;965.8;;;;1014;1.9;6;6.8;21.6;5.9;21.2;;;;;;;;;;;;;;246;;
SCM;29.05.2014 00:00;;;;;;;;;967.3;;;;1015.6;1.2;7.4;4.3;26.6;6.9;24.8;;;;;;;;;;;;;;63;;
SCM;30.05.2014 00:00;;;;;;;;;970.7;;;;1019.1;0.7;4;2.5;14.4;3.9;14;;;;;;;;;;;;;;0;;
SCM;31.05.2014 00:00;;;;;;;;;971.6;;;;1020;1.7;5.5;6.1;19.8;5.4;19.4;;;;;;;;;;;;;;259;;
SCM;01.06.2014 00:00;;;;;;;;;970.9;;;;1019.2;1.5;6.2;5.4;22.3;6.2;22.3;;;;;;;;;;;;;;249;;
SCM;02.06.2014 00:00;;;;;;;;;969.8;;;;1018.1;1.8;9.5;6.5;34.2;8.8;31.7;;;;;;;;;;;;;;153;;
SCM;03.06.2014 00:00;;;;;;;;;967.7;;;;1015.9;2.2;11.9;7.9;42.8;11.4;41;;;;;;;;;;;;;;231;;
SCM;04.06.2014 00:00;;;;;;;;;963.9;;;;1011.9;2;9.1;7.2;32.8;8.8;31.7;;;;;;;;;;;;;;270;;
SCM;05.06.2014 00:00;;;;;;;;;968.2;;;;1016.5;1.9;6.5;6.8;23.4;6.4;23;;;;;;;;;;;;;;243;;
SCM;06.06.2014 00:00;;;;;;;;;969;;;;1017.2;2.2;8.7;7.9;31.3;8.2;29.5;;;;;;;;;;;;;;135;;
SCM;07.06.2014 00:00;;;;;;;;;969.8;;;;1018.1;1.8;10.4;6.5;37.4;10.2;36.7;;;;;;;;;;;;;;90;;
SCM;08.06.2014 00:00;;;;;;;;;971.4;;;;1019.7;1.5;9.6;5.4;34.6;9.5;34.2;;;;;;;;;;;;;;117;;
SCM;09.06.2014 00:00;;;;;;;;;970.8;;;;1019.1;1.9;17;6.8;61.2;15.9;57.2;;;;;;;;;;;;;;117;;
SCM;10.06.2014 00:00;;;;;;;;;971.4;;;;1019.7;1.9;10.3;6.8;37.1;9.8;35.3;;;;;;;;;;;;;;112;;
SCM;11.06.2014 00:00;;;;;;;;;975;;;;1023.5;1.9;7.9;6.8;28.4;7.7;27.7;;;;;;;;;;;;;;117;;
SCM;12.06.2014 00:00;;;;;;;;;974.6;;;;1023.1;2.2;15.9;7.9;57.2;15.5;55.8;;;;;;;;;;;;;;104;;
SCM;13.06.2014 00:00;;;;;;;;;971.1;;;;1019.4;1.9;11.8;6.8;42.5;11.4;41;;;;;;;;;;;;;;194;;
SCM;14.06.2014 00:00;;;;;;;;;968.4;;;;1016.7;1.7;9.5;6.1;34.2;8.8;31.7;;;;;;;;;;;;;;135;;
SCM;15.06.2014 00:00;;;;;;;;;968.5;;;;1016.7;2.7;12.1;9.7;43.6;11.1;40;;;;;;;;;;;;;;77;;
SCM;16.06.2014 00:00;;;;;;;;;968.6;;;;1016.9;1.4;8.1;5;29.2;7.8;28.1;;;;;;;;;;;;;;56;;
SCM;17.06.2014 00:00;;;;;;;;;968.3;;;;1016.5;2.4;11.8;8.6;42.5;11.3;40.7;;;;;;;;;;;;;;86;;
SCM;18.06.2014 00:00;;;;;;;;;969.3;;;;1017.6;2.9;16.5;10.4;59.4;15.5;55.8;;;;;;;;;;;;;;118;;
SCM;19.06.2014 00:00;;;;;;;;;969.9;;;;1018.3;1.5;13.3;5.4;47.9;13;46.8;;;;;;;;;;;;;;146;;
SCM;20.06.2014 00:00;;;;;;;;;969.1;;;;1017.4;1.9;10.5;6.8;37.8;10.4;37.4;;;;;;;;;;;;;;360;;
SCM;21.06.2014 00:00;;;;;;;;;969.1;;;;1017.4;1.7;7.3;6.1;26.3;6.8;24.5;;;;;;;;;;;;;;250;;
SCM;22.06.2014 00:00;;;;;;;;;970.7;;;;1019;1.3;13.1;4.7;47.2;12;43.2;;;;;;;;;;;;;;158;;
SCM;23.06.2014 00:00;;;;;;;;;970.7;;;;1019;2.7;23.2;9.7;83.5;22.4;80.6;;;;;;;;;;;;;;127;;
SCM;24.06.2014 00:00;;;;;;;;;968.2;;;;1016.4;1.5;6.3;5.4;22.7;6.2;22.3;;;;;;;;;;;;;;108;;
SCM;25.06.2014 00:00;;;;;;;;;964.5;;;;1012.6;1.5;6.5;5.4;23.4;6.2;22.3;;;;;;;;;;;;;;98;;
SCM;26.06.2014 00:00;;;;;;;;;966.2;;;;1014.4;1.8;7.1;6.5;25.6;7;25.2;;;;;;;;;;;;;;241;;
SCM;27.06.2014 00:00;;;;;;;;;968.6;;;;1016.9;1.5;6.3;5.4;22.7;6.1;22;;;;;;;;;;;;;;225;;
SCM;28.06.2014 00:00;;;;;;;;;965.4;;;;1013.5;2.3;16.4;8.3;59;15.4;55.4;;;;;;;;;;;;;;243;;
SCM;29.06.2014 00:00;;;;;;;;;965.3;;;;1013.4;1.8;11.3;6.5;40.7;11;39.6;;;;;;;;;;;;;;104;;
SCM;30.06.2014 00:00;;;;;;;;;970;;;;1018.3;1.2;10.8;4.3;38.9;10.7;38.5;;;;;;;;;;;;;;104;;
SCM;01.07.2014 00:00;;;;;;;;;969.6;;;;1017.8;1.6;4.3;5.8;15.5;4.2;15.1;;;;;;;;;;;;;;225;;
SCM;02.07.2014 00:00;;;;;;;;;973.6;;;;1022;1.1;6.9;4;24.8;6.8;24.5;;;;;;;;;;;;;;90;;
SCM;03.07.2014 00:00;;;;;;;;;976;;;;1024.6;2;9.7;7.2;34.9;9.5;34.2;;;;;;;;;;;;;;117;;
SCM;04.07.2014 00:00;;;;;;;;;965.6;;;;1013.7;3.3;18.9;11.9;68;18.3;65.9;;;;;;;;;;;;;;141;;
SCM;05.07.2014 00:00;;;;;;;;;966.7;;;;1014.9;1;5;3.6;18;4.9;17.6;;;;;;;;;;;;;;117;;
SCM;06.07.2014 00:00;;;;;;;;;965.1;;;;1013.2;2;15.5;7.2;55.8;14.8;53.3;;;;;;;;;;;;;;284;;
SCM;07.07.2014 00:00;;;;;;;;;967;;;;1015.2;1.3;5.7;4.7;20.5;5.6;20.2;;;;;;;;;;;;;;233;;
SCM;08.07.2014 00:00;;;;;;;;;965.4;;;;1013.6;1.9;9.2;6.8;33.1;8.7;31.3;;;;;;;;;;;;;;288;;
SCM;09.07.2014 00:00;;;;;;;;;965.1;;;;1013.2;2.3;8.8;8.3;31.7;8.7;31.3;;;;;;;;;;;;;;290;;
SCM;10.07.2014 00:00;;;;;;;;;964.5;;;;1012.6;0.8;2.6;2.9;9.4;2.6;9.4;;;;;;;;;;;;;;112;;
SCM;11.07.2014 00:00;;;;;;;;;966.5;;;;1014.7;1.3;6.2;4.7;22.3;6.1;22;;;;;;;;;;;;;;279;;
SCM;12.07.2014 00:00;;;;;;;;;966.5;;;;1014.7;1;9.9;3.6;35.6;8.9;32;;;;;;;;;;;;;;270;;
SCM;13.07.2014 00:00;;;;;;;;;966.1;;;;1014.2;1;5.1;3.6;18.4;4.9;17.6;;;;;;;;;;;;;;135;;
SCM;14.07.2014 00:00;;;;;;;;;968.8;;;;1017.1;1.9;12.7;6.8;45.7;12.5;45;;;;;;;;;;;;;;231;;
SCM;15.07.2014 00:00;;;;;;;;;973.6;;;;1022;1.7;7.3;6.1;26.3;7.2;25.9;;;;;;;;;;;;;;243;;
SCM;16.07.2014 00:00;;;;;;;;;973.8;;;;1022.2;1.4;6.1;5;22;6;21.6;;;;;;;;;;;;;;257;;
SCM;17.07.2014 00:00;;;;;;;;;973.3;;;;1021.8;1.4;5.8;5;20.9;5.6;20.2;;;;;;;;;;;;;;360;;
SCM;18.07.2014 00:00;;;;;;;;;971;;;;1019.3;1.6;6.1;5.8;22;6;21.6;;;;;;;;;;;;;;79;;
SCM;19.07.2014 00:00;;;;;;;;;966.3;;;;1014.5;2.9;20;10.4;72;18.8;67.7;;;;;;;;;;;;;;129;;
SCM;20.07.2014 00:00;;;;;;;;;964.8;;;;1012.9;3.3;21.6;11.9;77.8;20.7;74.5;;;;;;;;;;;;;;255;;
SCM;21.07.2014 00:00;;;;;;;;;966.7;;;;1014.9;0.9;3.9;3.2;14;3.9;14;;;;;;;;;;;;;;121;;
SCM;22.07.2014 00:00;;;;;;;;;967;;;;1015.2;1.1;7.8;4;28.1;7.6;27.4;;;;;;;;;;;;;;243;;
SCM;23.07.2014 00:00;;;;;;;;;965.9;;;;1014.1;1.6;11;5.8;39.6;10.4;37.4;;;;;;;;;;;;;;90;;
SCM;24.07.2014 00:00;;;;;;;;;964.9;;;;1013;1;4.1;3.6;14.8;4;14.4;;;;;;;;;;;;;;259;;
SCM;25.07.2014 00:00;;;;;;;;;965.8;;;;1014;1.5;8.9;5.4;32;8.9;32;;;;;;;;;;;;;;90;;
SCM;26.07.2014 00:00;;;;;;;;;967.3;;;;1015.5;1.8;10.3;6.5;37.1;10.1;36.4;;;;;;;;;;;;;;259;;
SCM;27.07.2014 00:00;;;;;;;;;970;;;;1018.3;1.3;5.7;4.7;20.5;5.5;19.8;;;;;;;;;;;;;;95;;
SCM;28.07.2014 00:00;;;;;;;;;964.8;;;;1012.9;1.6;16.2;5.8;58.3;15.6;56.2;;;;;;;;;;;;;;270;;
SCM;29.07.2014 00:00;;;;;;;;;962.6;;;;1010.7;1.1;4.6;4;16.6;4.5;16.2;;;;;;;;;;;;;;231;;
SCM;30.07.2014 00:00;;;;;;;;;964.7;;;;1012.8;1.2;5.7;4.3;20.5;5.6;20.2;;;;;;;;;;;;;;243;;
SCM;31.07.2014 00:00;;;;;;;;;967.1;;;;1015.4;1.6;6.3;5.8;22.7;6.2;22.3;;;;;;;;;;;;;;270;;
SCM;01.08.2014 00:00;;;;;;;;;964;;;;1012.1;1;6.3;3.6;22.7;5.9;21.2;;;;;;;;;;;;;;0;;
SCM;02.08.2014 00:00;;;;;;;;;963;;;;1011;1.7;9.9;6.1;35.6;9.8;35.3;;;;;;;;;;;;;;108;;
SCM;03.08.2014 00:00;;;;;;;;;966.3;;;;1014.5;1.7;12.4;6.1;44.6;12.2;43.9;;;;;;;;;;;;;;248;;
SCM;04.08.2014 00:00;;;;;;;;;969.7;;;;1018;1.4;12.7;5;45.7;12;43.2;;;;;;;;;;;;;;90;;
SCM;05.08.2014 00:00;;;;;;;;;971.8;;;;1020.2;1.8;8.6;6.5;31;8.5;30.6;;;;;;;;;;;;;;248;;
SCM;06.08.2014 00:00;;;;;;;;;969.9;;;;1018.2;1.4;6;5;21.6;5.9;21.2;;;;;;;;;;;;;;249;;
SCM;07.08.2014 00:00;;;;;;;;;968.6;;;;1016.9;1.4;10.6;5;38.2;10.3;37.1;;;;;;;;;;;;;;225;;
SCM;08.08.2014 00:00;;;;;;;;;966.4;;;;1014.6;1.3;12.7;4.7;45.7;12.1;43.6;;;;;;;;;;;;;;0;;
SCM;09.08.2014 00:00;;;;;;;;;966.9;;;;1015.1;1.6;19.2;5.8;69.1;18.1;65.2;;;;;;;;;;;;;;121;;
SCM;10.08.2014 00:00;;;;;;;;;964.5;;;;1012.6;1.9;10;6.8;36;9.3;33.5;;;;;;;;;;;;;;270;;
SCM;11.08.2014 00:00;;;;;;;;;969;;;;1017.3;1.7;11.3;6.1;40.7;11;39.6;;;;;;;;;;;;;;259;;
SCM;12.08.2014 00:00;;;;;;;;;967.8;;;;1016;1.3;4;4.7;14.4;4;14.4;;;;;;;;;;;;;;207;;
SCM;13.08.2014 00:00;;;;;;;;;962.1;;;;1010.1;2.5;19.3;9;69.5;18.6;67;;;;;;;;;;;;;;284;;
SCM;14.08.2014 00:00;;;;;;;;;967.6;;;;1015.8;1.7;8.2;6.1;29.5;7.7;27.7;;;;;;;;;;;;;;211;;
SCM;15.08.2014 00:00;;;;;;;;;969.6;;;;1017.9;1.3;11;4.7;39.6;10.8;38.9;;;;;;;;;;;;;;315;;
SCM;16.08.2014 00:00;;;;;;;;;974.1;;;;1022.6;1.2;6.9;4.3;24.8;6.8;24.5;;;;;;;;;;;;;;108;;
SCM;17.08.2014 00:00;;;;;;;;;970.1;;;;1018.4;1.2;6.1;4.3;22;6;21.6;;;;;;;;;;;;;;214;;
SCM;18.08.2014 00:00;;;;;;;;;965.3;;;;1013.5;2;9.8;7.2;35.3;9;32.4;;;;;;;;;;;;;;270;;
SCM;19.08.2014 00:00;;;;;;;;;966.5;;;;1014.7;1.1;4.8;4;17.3;4.6;16.6;;;;;;;;;;;;;;248;;
SCM;20.08.2014 00:00;;;;;;;;;968.8;;;;1017.1;0.8;5;2.9;18;4.9;17.6;;;;;;;;;;;;;;207;;
SCM;21.08.2014 00:00;;;;;;;;;969.9;;;;1018.2;1.5;6.4;5.4;23;6.3;22.7;;;;;;;;;;;;;;225;;
SCM;22.08.2014 00:00;;;;;;;;;968.6;;;;1016.8;1.3;5.6;4.7;20.2;5.4;19.4;;;;;;;;;;;;;;231;;
SCM;23.08.2014 00:00;;;;;;;;;969.4;;;;1017.7;1;5.7;3.6;20.5;5.5;19.8;;;;;;;;;;;;;;108;;
SCM;24.08.2014 00:00;;;;;;;;;972.8;;;;1021.3;1.3;6.6;4.7;23.8;6.5;23.4;;;;;;;;;;;;;;194;;
SCM;25.08.2014 00:00;;;;;;;;;969.2;;;;1017.5;1.6;19.4;5.8;69.8;18.2;65.5;;;;;;;;;;;;;;103;;
SCM;26.08.2014 00:00;;;;;;;;;963.1;;;;1011.1;1.5;7.1;5.4;25.6;6.8;24.5;;;;;;;;;;;;;;84;;
SCM;27.08.2014 00:00;;;;;;;;;968.3;;;;1016.6;0.9;6.4;3.2;23;6.2;22.3;;;;;;;;;;;;;;117;;
SCM;28.08.2014 00:00;;;;;;;;;970.5;;;;1018.8;1.2;6.2;4.3;22.3;6;21.6;;;;;;;;;;;;;;180;;
SCM;29.08.2014 00:00;;;;;;;;;970.9;;;;1019.2;1.4;7.7;5;27.7;7.5;27;;;;;;;;;;;;;;101;;
SCM;30.08.2014 00:00;;;;;;;;;971.7;;;;1020.1;1.4;6.4;5;23;6.3;22.7;;;;;;;;;;;;;;246;;
SCM;31.08.2014 00:00;;;;;;;;;969.6;;;;1017.9;1.4;11.4;5;41;11.1;40;;;;;;;;;;;;;;225;;
SCM;01.09.2014 00:00;;;;;;;;;972.3;;;;1020.7;1.5;5.7;5.4;20.5;5.6;20.2;;;;;;;;;;;;;;270;;
SCM;02.09.2014 00:00;;;;;;;;;972.4;;;;1020.8;1.2;6.4;4.3;23;6.2;22.3;;;;;;;;;;;;;;81;;
SCM;03.09.2014 00:00;;;;;;;;;969.3;;;;1017.6;2.1;9.4;7.6;33.8;8.8;31.7;;;;;;;;;;;;;;87;;
SCM;04.09.2014 00:00;;;;;;;;;968.6;;;;1016.9;1.1;4.7;4;16.9;4.6;16.6;;;;;;;;;;;;;;243;;
SCM;05.09.2014 00:00;;;;;;;;;967.9;;;;1016.1;1.3;8.5;4.7;30.6;8.4;30.2;;;;;;;;;;;;;;96;;
SCM;06.09.2014 00:00;;;;;;;;;966.3;;;;1014.5;1.1;5.4;4;19.4;5.3;19.1;;;;;;;;;;;;;;180;;
SCM;07.09.2014 00:00;;;;;;;;;967;;;;1015.2;1;5.5;3.6;19.8;5.4;19.4;;;;;;;;;;;;;;90;;
SCM;08.09.2014 00:00;;;;;;;;;968.6;;;;1016.9;1.4;6.1;5;22;5.9;21.2;;;;;;;;;;;;;;106;;
SCM;09.09.2014 00:00;;;;;;;;;969.5;;;;1017.8;1.4;11.1;5;40;10.7;38.5;;;;;;;;;;;;;;90;;
SCM;10.09.2014 00:00;;;;;;;;;967.6;;;;1015.9;1.2;7;4.3;25.2;6.8;24.5;;;;;;;;;;;;;;90;;
SCM;11.09.2014 00:00;;;;;;;;;967.3;;;;1015.5;1.4;8.2;5;29.5;8;28.8;;;;;;;;;;;;;;270;;
SCM;12.09.2014 00:00;;;;;;;;;970.2;;;;1018.5;1.2;4.6;4.3;16.6;4.5;16.2;;;;;;;;;;;;;;180;;
SCM;13.09.2014 00:00;;;;;;;;;972.4;;;;1020.8;1.1;4;4;14.4;3.8;13.7;;;;;;;;;;;;;;135;;
SCM;14.09.2014 00:00;;;;;;;;;969.4;;;;1017.7;1.3;5;4.7;18;4.9;17.6;;;;;;;;;;;;;;252;;
SCM;15.09.2014 00:00;;;;;;;;;968;;;;1016.2;1;4.4;3.6;15.8;4.3;15.5;;;;;;;;;;;;;;256;;
SCM;16.09.2014 00:00;;;;;;;;;967.3;;;;1015.5;1.2;5.1;4.3;18.4;4.9;17.6;;;;;;;;;;;;;;90;;
SCM;17.09.2014 00:00;;;;;;;;;965;;;;1013.1;1.2;4.9;4.3;17.6;4.7;16.9;;;;;;;;;;;;;;243;;
SCM;18.09.2014 00:00;;;;;;;;;965.5;;;;1013.6;1.6;8.8;5.8;31.7;8.4;30.2;;;;;;;;;;;;;;90;;
SCM;19.09.2014 00:00;;;;;;;;;967.5;;;;1015.7;1.3;8.2;4.7;29.5;8;28.8;;;;;;;;;;;;;;135;;
SCM;20.09.2014 00:00;;;;;;;;;969.2;;;;1017.5;1.3;7.2;4.7;25.9;7.1;25.6;;;;;;;;;;;;;;106;;
SCM;21.09.2014 00:00;;;;;;;;;969.8;;;;1018.1;1.6;15.6;5.8;56.2;15.5;55.8;;;;;;;;;;;;;;135;;
SCM;22.09.2014 00:00;;;;;;;;;972.1;;;;1020.5;1.9;12;6.8;43.2;11.6;41.8;;;;;;;;;;;;;;274;;
SCM;23.09.2014 00:00;;;;;;;;;971.1;;;;1019.5;1.6;9.7;5.8;34.9;9.6;34.6;;;;;;;;;;;;;;85;;
SCM;24.09.2014 00:00;;;;;;;;;967.6;;;;1015.8;0.9;5.4;3.2;19.4;5.3;19.1;;;;;;;;;;;;;;270;;
SCM;25.09.2014 00:00;;;;;;;;;973.6;;;;1022;0.8;5.7;2.9;20.5;5.5;19.8;;;;;;;;;;;;;;117;;
SCM;26.09.2014 00:00;;;;;;;;;977.8;;;;1026.4;1;4.4;3.6;15.8;4.2;15.1;;;;;;;;;;;;;;90;;
SCM;27.09.2014 00:00;;;;;;;;;978.4;;;;1027.1;0.9;4.8;3.2;17.3;4.6;16.6;;;;;;;;;;;;;;0;;
SCM;28.09.2014 00:00;;;;;;;;;977.8;;;;1026.4;1.2;6.9;4.3;24.8;6.8;24.5;;;;;;;;;;;;;;243;;
SCM;29.09.2014 00:00;;;;;;;;;977.8;;;;1026.4;0.9;5.3;3.2;19.1;5.1;18.4;;;;;;;;;;;;;;90;;
SCM;30.09.2014 00:00;;;;;;;;;978.5;;;;1027.2;0.8;4.5;2.9;16.2;4.4;15.8;;;;;;;;;;;;;;90;;
SCM;01.10.2014 00:00;;;;;;;;;978.7;;;;1027.4;0.7;4.2;2.5;15.1;4.1;14.8;;;;;;;;;;;;;;99;;
SCM;02.10.2014 00:00;;;;;;;;;978.6;;;;1027.3;1;7.4;3.6;26.6;7;25.2;;;;;;;;;;;;;;360;;
SCM;03.10.2014 00:00;;;;;;;;;975.7;;;;1024.2;0.8;4.5;2.9;16.2;4.4;15.8;;;;;;;;;;;;;;252;;
SCM;04.10.2014 00:00;;;;;;;;;970.5;;;;1018.8;0.8;4.4;2.9;15.8;4.2;15.1;;;;;;;;;;;;;;117;;
SCM;05.10.2014 00:00;;;;;;;;;967.8;;;;1016;1.6;11.2;5.8;40.3;11;39.6;;;;;;;;;;;;;;270;;
SCM;06.10.2014 00:00;;;;;;;;;965.1;;;;1013.2;1.4;8.3;5;29.9;8.2;29.5;;;;;;;;;;;;;;243;;
SCM;07.10.2014 00:00;;;;;;;;;963.8;;;;1011.8;3.2;15;11.5;54;14.1;50.8;;;;;;;;;;;;;;188;;
SCM;08.10.2014 00:00;;;;;;;;;964.3;;;;1012.3;1.7;12.8;6.1;46.1;12.1;43.6;;;;;;;;;;;;;;117;;
SCM;09.10.2014 00:00;;;;;;;;;964;;;;1012.1;2;8.6;7.2;31;8.2;29.5;;;;;;;;;;;;;;274;;
SCM;10.10.2014 00:00;;;;;;;;;967.3;;;;1015.5;0.9;5.9;3.2;21.2;5.7;20.5;;;;;;;;;;;;;;180;;
SCM;11.10.2014 00:00;;;;;;;;;967.7;;;;1015.9;1.1;6.8;4;24.5;6.8;24.5;;;;;;;;;;;;;;248;;
SCM;12.10.2014 00:00;;;;;;;;;964.4;;;;1012.5;1.3;5;4.7;18;4.9;17.6;;;;;;;;;;;;;;270;;
SCM;13.10.2014 00:00;;;;;;;;;963.4;;;;1011.4;2.5;18.3;9;65.9;15.9;57.2;;;;;;;;;;;;;;121;;
SCM;14.10.2014 00:00;;;;;;;;;963.4;;;;1011.4;2.4;12.3;8.6;44.3;12.1;43.6;;;;;;;;;;;;;;99;;
SCM;15.10.2014 00:00;;;;;;;;;962.5;;;;1010.5;0.9;5.1;3.2;18.4;4.9;17.6;;;;;;;;;;;;;;108;;
SCM;16.10.2014 00:00;;;;;;;;;964.2;;;;1012.3;1.4;7.7;5;27.7;7.4;26.6;;;;;;;;;;;;;;85;;
SCM;17.10.2014 00:00;;;;;;;;;968.8;;;;1017.1;1.7;12.7;6.1;45.7;11.7;42.1;;;;;;;;;;;;;;90;;
SCM;18.10.2014 00:00;;;;;;;;;974.6;;;;1023.1;1.4;12.1;5;43.6;11.2;40.3;;;;;;;;;;;;;;99;;
SCM;19.10.2014 00:00;;;;;;;;;975.6;;;;1024.2;1;4.7;3.6;16.9;4.5;16.2;;;;;;;;;;;;;;72;;
SCM;20.10.2014 00:00;;;;;;;;;972.6;;;;1021;1;6.2;3.6;22.3;6;21.6;;;;;;;;;;;;;;72;;
SCM;21.10.2014 00:00;;;;;;;;;966.9;;;;1015.1;3.8;24.4;13.7;87.8;23.9;86;;;;;;;;;;;;;;278;;
SCM;22.10.2014 00:00;;;;;;;;;973.2;;;;1021.6;5.4;17.7;19.4;63.7;17;61.2;;;;;;;;;;;;;;283;;
SCM;23.10.2014 00:00;;;;;;;;;976.8;;;;1025.4;2;9.4;7.2;33.8;9.1;32.8;;;;;;;;;;;;;;360;;
SCM;24.10.2014 00:00;;;;;;;;;973.5;;;;1021.9;1.4;9.1;5;32.8;8.9;32;;;;;;;;;;;;;;117;;
SCM;25.10.2014 00:00;;;;;;;;;973.6;;;;1022;1.2;6.4;4.3;23;6.2;22.3;;;;;;;;;;;;;;90;;
SCM;26.10.2014 00:00;;;;;;;;;976.8;;;;1025.4;0.9;6.4;3.2;23;6.3;22.7;;;;;;;;;;;;;;90;;
SCM;27.10.2014 00:00;;;;;;;;;976.5;;;;1025;1.1;4.3;4;15.5;4.3;15.5;;;;;;;;;;;;;;270;;
SCM;28.10.2014 00:00;;;;;;;;;972.2;;;;1020.6;1.1;5.5;4;19.8;5.4;19.4;;;;;;;;;;;;;;98;;
SCM;29.10.2014 00:00;;;;;;;;;971.9;;;;1020.3;1;5.6;3.6;20.2;5.5;19.8;;;;;;;;;;;;;;81;;
SCM;30.10.2014 00:00;;;;;;;;;976.7;;;;1025.2;1.3;9.6;4.7;34.6;9.3;33.5;;;;;;;;;;;;;;84;;
SCM;31.10.2014 00:00;;;;;;;;;977.8;;;;1026.4;0.8;6.3;2.9;22.7;6;21.6;;;;;;;;;;;;;;90;;
SCM;01.11.2014 00:00;;;;;;;;;975.6;;;;1024.2;0.8;6.5;2.9;23.4;6.4;23;;;;;;;;;;;;;;90;;
SCM;02.11.2014 00:00;;;;;;;;;971.1;;;;1019.5;0.9;5;3.2;18;4.9;17.6;;;;;;;;;;;;;;72;;
SCM;03.11.2014 00:00;;;;;;;;;961.1;;;;1009.1;1.9;13.9;6.8;50;12.9;46.4;;;;;;;;;;;;;;135;;
SCM;04.11.2014 00:00;;;;;;;;;948.4;;;;995.8;3.5;17.5;12.6;63;16;57.6;;;;;;;;;;;;;;186;;
SCM;05.11.2014 00:00;;;;;;;;;957.2;;;;1005;1.7;10.1;6.1;36.4;9.6;34.6;;;;;;;;;;;;;;292;;
SCM;06.11.2014 00:00;;;;;;;;;965.7;;;;1013.8;1.1;2.6;4;9.4;2.5;9;;;;;;;;;;;;;;90;;
SCM;07.11.2014 00:00;;;;;;;;;964.4;;;;1012.5;1.2;4.5;4.3;16.2;4.3;15.5;;;;;;;;;;;;;;97;;
SCM;08.11.2014 00:00;;;;;;;;;965.5;;;;1013.6;0.9;6.4;3.2;23;6.3;22.7;;;;;;;;;;;;;;90;;
SCM;09.11.2014 00:00;;;;;;;;;962;;;;1010;1.2;6.6;4.3;23.8;6.5;23.4;;;;;;;;;;;;;;225;;
SCM;10.11.2014 00:00;;;;;;;;;965;;;;1013.1;1.1;4.9;4;17.6;4.7;16.9;;;;;;;;;;;;;;90;;
SCM;11.11.2014 00:00;;;;;;;;;959.1;;;;1007;1.3;4.9;4.7;17.6;4.8;17.3;;;;;;;;;;;;;;277;;
SCM;12.11.2014 00:00;;;;;;;;;958.3;;;;1006.1;1.1;6.9;4;24.8;6.7;24.1;;;;;;;;;;;;;;277;;
SCM;13.11.2014 00:00;;;;;;;;;964.4;;;;1012.5;1;5.8;3.6;20.9;5.4;19.4;;;;;;;;;;;;;;180;;
SCM;14.11.2014 00:00;;;;;;;;;961.6;;;;1009.6;1;6.2;3.6;22.3;6.1;22;;;;;;;;;;;;;;270;;
SCM;15.11.2014 00:00;;;;;;;;;955.9;;;;1003.6;1.5;15.3;5.4;55.1;14.6;52.6;;;;;;;;;;;;;;284;;
SCM;16.11.2014 00:00;;;;;;;;;957;;;;1004.8;1.3;8.2;4.7;29.5;8.2;29.5;;;;;;;;;;;;;;90;;
SCM;17.11.2014 00:00;;;;;;;;;957.5;;;;1005.3;0.8;6.4;2.9;23;6.3;22.7;;;;;;;;;;;;;;117;;
SCM;18.11.2014 00:00;;;;;;;;;961.5;;;;1009.5;0.8;6.4;2.9;23;6.3;22.7;;;;;;;;;;;;;;124;;
SCM;19.11.2014 00:00;;;;;;;;;971.5;;;;1019.9;0.9;5.2;3.2;18.7;5;18;;;;;;;;;;;;;;90;;
SCM;20.11.2014 00:00;;;;;;;;;975.8;;;;1024.4;1.3;5.3;4.7;19.1;5.2;18.7;;;;;;;;;;;;;;225;;
SCM;21.11.2014 00:00;;;;;;;;;973.5;;;;1022;0.7;4.1;2.5;14.8;4;14.4;;;;;;;;;;;;;;0;;
SCM;22.11.2014 00:00;;;;;;;;;973.3;;;;1021.7;1;4.5;3.6;16.2;4.4;15.8;;;;;;;;;;;;;;252;;
SCM;23.11.2014 00:00;;;;;;;;;974.5;;;;1023;0.9;3.8;3.2;13.7;3.7;13.3;;;;;;;;;;;;;;135;;
SCM;24.11.2014 00:00;;;;;;;;;974.3;;;;1022.8;1.3;8.6;4.7;31;8.3;29.9;;;;;;;;;;;;;;270;;
SCM;25.11.2014 00:00;;;;;;;;;972.1;;;;1020.5;0.7;2.6;2.5;9.4;2.6;9.4;;;;;;;;;;;;;;270;;
SCM;26.11.2014 00:00;;;;;;;;;966.8;;;;1014.9;0.5;2.3;1.8;8.3;2.2;7.9;;;;;;;;;;;;;;0;;
SCM;27.11.2014 00:00;;;;;;;;;961.4;;;;1009.4;0.7;2.8;2.5;10.1;2.7;9.7;;;;;;;;;;;;;;135;;
SCM;28.11.2014 00:00;;;;;;;;;960.2;;;;1008.1;1.1;5.2;4;18.7;5.1;18.4;;;;;;;;;;;;;;279;;
SCM;29.11.2014 00:00;;;;;;;;;964;;;;1012.1;1.2;4;4.3;14.4;3.9;14;;;;;;;;;;;;;;284;;
SCM;30.11.2014 00:00;;;;;;;;;962.4;;;;1010.4;0.7;2.8;2.5;10.1;2.7;9.7;;;;;;;;;;;;;;0;;
SCM;01.12.2014 00:00;;;;;;;;;957.1;;;;1004.9;1.2;4.7;4.3;16.9;4.6;16.6;;;;;;;;;;;;;;292;;
SCM;02.12.2014 00:00;;;;;;;;;961.2;;;;1009.2;0.8;3.2;2.9;11.5;3.1;11.2;;;;;;;;;;;;;;315;;
SCM;03.12.2014 00:00;;;;;;;;;965.4;;;;1013.5;1.2;7.1;4.3;25.6;6.9;24.8;;;;;;;;;;;;;;72;;
SCM;04.12.2014 00:00;;;;;;;;;965.8;;;;1013.9;1;4.3;3.6;15.5;4.1;14.8;;;;;;;;;;;;;;45;;
SCM;05.12.2014 00:00;;;;;;;;;969;;;;1017.2;0.9;3.6;3.2;13;3.5;12.6;;;;;;;;;;;;;;323;;
SCM;06.12.2014 00:00;;;;;;;;;971.5;;;;1019.9;0.8;4.2;2.9;15.1;3.9;14;;;;;;;;;;;;;;18;;
SCM;07.12.2014 00:00;;;;;;;;;973.5;;;;1022;0.8;3.8;2.9;13.7;3.7;13.3;;;;;;;;;;;;;;304;;
SCM;08.12.2014 00:00;;;;;;;;;972.2;;;;1020.6;0.9;4;3.2;14.4;3.9;14;;;;;;;;;;;;;;90;;
SCM;09.12.2014 00:00;;;;;;;;;977.2;;;;1025.7;1.1;4.2;4;15.1;4.1;14.8;;;;;;;;;;;;;;292;;
SCM;10.12.2014 00:00;;;;;;;;;977.4;;;;1026;1;6.2;3.6;22.3;6;21.6;;;;;;;;;;;;;;83;;
SCM;11.12.2014 00:00;;;;;;;;;972.5;;;;1020.9;2.8;19.6;10.1;70.6;19;68.4;;;;;;;;;;;;;;288;;
SCM;12.12.2014 00:00;;;;;;;;;966.6;;;;1014.8;1.9;13.1;6.8;47.2;12.8;46.1;;;;;;;;;;;;;;85;;
SCM;13.12.2014 00:00;;;;;;;;;965.9;;;;1014;1.3;6.8;4.7;24.5;6.6;23.8;;;;;;;;;;;;;;79;;
SCM;14.12.2014 00:00;;;;;;;;;969.3;;;;1017.6;0.9;7.9;3.2;28.4;7.5;27;;;;;;;;;;;;;;76;;
SCM;15.12.2014 00:00;;;;;;;;;969.7;;;;1018;1;4.7;3.6;16.9;4.5;16.2;;;;;;;;;;;;;;90;;
SCM;16.12.2014 00:00;;;;;;;;;966.5;;;;1014.7;0.8;4.2;2.9;15.1;4.1;14.8;;;;;;;;;;;;;;135;;
SCM;17.12.2014 00:00;;;;;;;;;967.5;;;;1015.7;0.7;5.7;2.5;20.5;5.5;19.8;;;;;;;;;;;;;;90;;
SCM;18.12.2014 00:00;;;;;;;;;973.1;;;;1021.5;1.2;5.5;4.3;19.8;5.3;19.1;;;;;;;;;;;;;;80;;
SCM;19.12.2014 00:00;;;;;;;;;975.1;;;;1023.6;1.4;9.7;5;34.9;9.4;33.8;;;;;;;;;;;;;;76;;
SCM;20.12.2014 00:00;;;;;;;;;979.5;;;;1028.2;1.7;6.8;6.1;24.5;6.7;24.1;;;;;;;;;;;;;;290;;
SCM;21.12.2014 00:00;;;;;;;;;985.2;;;;1034.1;1;6.3;3.6;22.7;6.1;22;;;;;;;;;;;;;;360;;
SCM;22.12.2014 00:00;;;;;;;;;982;;;;1030.8;1.1;5.4;4;19.4;5.1;18.4;;;;;;;;;;;;;;84;;
SCM;23.12.2014 00:00;;;;;;;;;978.2;;;;1026.9;0.9;4.1;3.2;14.8;3.9;14;;;;;;;;;;;;;;63;;
SCM;24.12.2014 00:00;;;;;;;;;977.6;;;;1026.3;1;4.3;3.6;15.5;4.2;15.1;;;;;;;;;;;;;;77;;
SCM;25.12.2014 00:00;;;;;;;;;978.9;;;;1027.6;1.2;5.3;4.3;19.1;5.1;18.4;;;;;;;;;;;;;;68;;
SCM;26.12.2014 00:00;;;;;;;;;980;;;;1028.7;1.2;6.4;4.3;23;6.3;22.7;;;;;;;;;;;;;;68;;
SCM;27.12.2014 00:00;;;;;;;;;958;;;;1005.8;5.2;20.9;18.7;75.2;20.4;73.4;;;;;;;;;;;;;;144;;
SCM;28.12.2014 00:00;;;;;;;;;965.3;;;;1013.4;1.6;11.5;5.8;41.4;10.9;39.2;;;;;;;;;;;;;;319;;
SCM;29.12.2014 00:00;;;;;;;;;984.3;;;;1033.2;0.9;4.1;3.2;14.8;3.8;13.7;;;;;;;;;;;;;;74;;
SCM;30.12.2014 00:00;;;;;;;;;986.8;;;;1035.8;;;2.5;186.8;;290.9;;;;;;;;;;;;;;82;;
SCM;31.12.2014 00:00;;;;;;;;;985.5;;;;1034.5;0.9;3.5;3.2;12.6;3.4;12.2;;;;;;;;;;;;;;56;;
SCM;01.01.2015 00:00;;;;;;;;;987.3;;;;1036.4;1.1;4.6;4;16.6;4.5;16.2;;;;;;;;;;;;;;83;;
SCM;02.01.2015 00:00;;;;;;;;;986.9;;;;1035.9;1.3;5.4;4.7;19.4;5.1;18.4;;;;;;;;;;;;;;76;;
SCM;03.01.2015 00:00;;;;;;;;;979.6;;;;1028.3;1.5;11.2;5.4;40.3;10.4;37.4;;;;;;;;;;;;;;37;;
SCM;04.01.2015 00:00;;;;;;;;;983;;;;1031.8;1.7;11.9;6.1;42.8;10.7;38.5;;;;;;;;;;;;;;297;;
SCM;05.01.2015 00:00;;;;;;;;;984.2;;;;1033.1;1.2;10.3;4.3;37.1;9.8;35.3;;;;;;;;;;;;;;101;;
SCM;06.01.2015 00:00;;;;;;;;;977.5;;;;1026.1;0.8;4.4;2.9;15.8;4.3;15.5;;;;;;;;;;;;;;90;;
SCM;07.01.2015 00:00;;;;;;;;;981.8;;;;1030.6;1;4.4;3.6;15.8;4.3;15.5;;;;;;;;;;;;;;90;;
SCM;08.01.2015 00:00;;;;;;;;;983.6;;;;1032.4;1.5;10.6;5.4;38.2;10;36;;;;;;;;;;;;;;37;;
SCM;09.01.2015 00:00;;;;;;;;;983.2;;;;1032.1;2.2;12.8;7.9;46.1;12.4;44.6;;;;;;;;;;;;;;326;;
SCM;10.01.2015 00:00;;;;;;;;;975.5;;;;1024.1;3.6;14.3;13;51.5;13.6;49;;;;;;;;;;;;;;289;;
SCM;11.01.2015 00:00;;;;;;;;;976.7;;;;1025.3;4.1;16.8;14.8;60.5;16.3;58.7;;;;;;;;;;;;;;287;;
SCM;12.01.2015 00:00;;;;;;;;;980;;;;1028.7;1.2;6;4.3;21.6;5.9;21.2;;;;;;;;;;;;;;77;;
SCM;13.01.2015 00:00;;;;;;;;;970.8;;;;1019.1;1.5;9.3;5.4;33.5;8.5;30.6;;;;;;;;;;;;;;79;;
SCM;14.01.2015 00:00;;;;;;;;;970.7;;;;1019.1;1.7;13.3;6.1;47.9;12.6;45.4;;;;;;;;;;;;;;342;;
SCM;15.01.2015 00:00;;;;;;;;;964.7;;;;1012.8;2;12.4;7.2;44.6;11.7;42.1;;;;;;;;;;;;;;153;;
SCM;16.01.2015 00:00;;;;;;;;;959.8;;;;1007.7;1;5.6;3.6;20.2;5.5;19.8;;;;;;;;;;;;;;304;;
SCM;17.01.2015 00:00;;;;;;;;;967.5;;;;1015.7;0.6;4.4;2.2;15.8;4.2;15.1;;;;;;;;;;;;;;72;;
SCM;18.01.2015 00:00;;;;;;;;;968.1;;;;1016.4;1;4.3;3.6;15.5;4.2;15.1;;;;;;;;;;;;;;270;;
SCM;19.01.2015 00:00;;;;;;;;;963.6;;;;1011.7;0.8;3.2;2.9;11.5;3.1;11.2;;;;;;;;;;;;;;90;;
SCM;20.01.2015 00:00;;;;;;;;;962.2;;;;1010.2;0.8;3.6;2.9;13;3.5;12.6;;;;;;;;;;;;;;90;;
SCM;21.01.2015 00:00;;;;;;;;;960.5;;;;1008.5;0.9;3.5;3.2;12.6;3.3;11.9;;;;;;;;;;;;;;27;;
SCM;22.01.2015 00:00;;;;;;;;;963.9;;;;1012;0.6;3.5;2.2;12.6;3.4;12.2;;;;;;;;;;;;;;63;;
SCM;23.01.2015 00:00;;;;;;;;;972;;;;1020.4;0.9;3.9;3.2;14;3.8;13.7;;;;;;;;;;;;;;297;;
SCM;24.01.2015 00:00;;;;;;;;;973.6;;;;1022;1;7.8;3.6;28.1;7.5;27;;;;;;;;;;;;;;270;;
SCM;25.01.2015 00:00;;;;;;;;;979.8;;;;1028.5;1.1;4;4;14.4;3.9;14;;;;;;;;;;;;;;288;;
SCM;26.01.2015 00:00;;;;;;;;;977.4;;;;1026.1;1;6.4;3.6;23;6;21.6;;;;;;;;;;;;;;83;;
SCM;27.01.2015 00:00;;;;;;;;;974.9;;;;1023.4;0.8;4;2.9;14.4;3.9;14;;;;;;;;;;;;;;326;;
SCM;28.01.2015 00:00;;;;;;;;;968.6;;;;1016.9;1;4.1;3.6;14.8;4;14.4;;;;;;;;;;;;;;82;;
SCM;29.01.2015 00:00;;;;;;;;;947.3;;;;994.7;1.4;8.6;5;31;8.5;30.6;;;;;;;;;;;;;;83;;
SCM;30.01.2015 00:00;;;;;;;;;934.8;;;;981.7;3.7;21.1;13.3;76;20.7;74.5;;;;;;;;;;;;;;280;;
SCM;31.01.2015 00:00;;;;;;;;;939.3;;;;986.4;1;5.7;3.6;20.5;5.6;20.2;;;;;;;;;;;;;;90;;
SCM;01.02.2015 00:00;;;;;;;;;947;;;;994.4;1.7;9.4;6.1;33.8;9.1;32.8;;;;;;;;;;;;;;307;;
SCM;02.02.2015 00:00;;;;;;;;;955.1;;;;1002.8;1.7;8.9;6.1;32;8.4;30.2;;;;;;;;;;;;;;307;;
SCM;03.02.2015 00:00;;;;;;;;;954.5;;;;1002.2;1;3;3.6;10.8;3;10.8;;;;;;;;;;;;;;84;;
SCM;04.02.2015 00:00;;;;;;;;;959.8;;;;1007.7;2.2;8.8;7.9;31.7;8.6;31;;;;;;;;;;;;;;70;;
SCM;05.02.2015 00:00;;;;;;;;;962.2;;;;1010.2;3.7;11.9;13.3;42.8;11.3;40.7;;;;;;;;;;;;;;68;;
SCM;06.02.2015 00:00;;;;;;;;;965.2;;;;1013.3;3.6;12.4;13;44.6;11.7;42.1;;;;;;;;;;;;;;69;;
SCM;07.02.2015 00:00;;;;;;;;;974.9;;;;1023.4;2.3;10;8.3;36;9.8;35.3;;;;;;;;;;;;;;55;;
SCM;08.02.2015 00:00;;;;;;;;;978.8;;;;1027.4;0.9;3.2;3.2;11.5;3;10.8;;;;;;;;;;;;;;76;;
SCM;09.02.2015 00:00;;;;;;;;;982.4;;;;1031.2;0.9;3.7;3.2;13.3;3.7;13.3;;;;;;;;;;;;;;83;;
SCM;10.02.2015 00:00;;;;;;;;;979.8;;;;1028.5;1;4.2;3.6;15.1;4.1;14.8;;;;;;;;;;;;;;90;;
SCM;11.02.2015 00:00;;;;;;;;;977.1;;;;1025.7;0.8;2.6;2.9;9.4;2.6;9.4;;;;;;;;;;;;;;90;;
SCM;12.02.2015 00:00;;;;;;;;;975;;;;1023.6;0.8;3;2.9;10.8;2.9;10.4;;;;;;;;;;;;;;;;
SCM;13.02.2015 00:00;;;;;;;;;971;;;;1019.4;1;5.7;3.6;20.5;5.5;19.8;;;;;;;;;;;;;;82;;
SCM;14.02.2015 00:00;;;;;;;;;962.9;;;;1010.9;0.9;6.4;3.2;23;6.3;22.7;;;;;;;;;;;;;;90;;
SCM;15.02.2015 00:00;;;;;;;;;963.4;;;;1011.4;0.7;2.3;2.5;8.3;2.2;7.9;;;;;;;;;;;;;;90;;
SCM;16.02.2015 00:00;;;;;;;;;970.4;;;;1018.7;0.9;2.9;3.2;10.4;2.8;10.1;;;;;;;;;;;;;;270;;
SCM;17.02.2015 00:00;;;;;;;;;981.9;;;;1030.7;1.1;4.5;4;16.2;4.4;15.8;;;;;;;;;;;;;;292;;
SCM;18.02.2015 00:00;;;;;;;;;988;;;;1037;2.3;8.6;8.3;31;8;28.8;;;;;;;;;;;;;;41;;
SCM;19.02.2015 00:00;;;;;;;;;982.3;;;;1031.1;1.1;4.6;4;16.6;4.3;15.5;;;;;;;;;;;;;;90;;
SCM;20.02.2015 00:00;;;;;;;;;969.7;;;;1018;1.1;12.2;4;43.9;11.7;42.1;;;;;;;;;;;;;;90;;
SCM;21.02.2015 00:00;;;;;;;;;955.5;;;;1003.2;2;10.2;7.2;36.7;9.8;35.3;;;;;;;;;;;;;;270;;
SCM;22.02.2015 00:00;;;;;;;;;961.3;;;;1009.2;0.8;3.3;2.9;11.9;3.2;11.5;;;;;;;;;;;;;;270;;
SCM;23.02.2015 00:00;;;;;;;;;957.5;;;;1005.3;1.2;7.6;4.3;27.4;7.4;26.6;;;;;;;;;;;;;;90;;
SCM;24.02.2015 00:00;;;;;;;;;963.3;;;;1011.4;0.8;9;2.9;32.4;8.8;31.7;;;;;;;;;;;;;;117;;
SCM;25.02.2015 00:00;;;;;;;;;971.3;;;;1019.7;0.9;4;3.2;14.4;3.8;13.7;;;;;;;;;;;;;;98;;
SCM;26.02.2015 00:00;;;;;;;;;970.7;;;;1019.1;2.1;8.8;7.6;31.7;8.6;31;;;;;;;;;;;;;;97;;
SCM;27.02.2015 00:00;;;;;;;;;966.6;;;;1014.8;2.2;16.7;7.9;60.1;15.7;56.5;;;;;;;;;;;;;;103;;
SCM;28.02.2015 00:00;;;;;;;;;971.6;;;;1019.9;0.9;4.6;3.2;16.6;4.5;16.2;;;;;;;;;;;;;;225;;
SCM;01.03.2015 00:00;;;;;;;;;965.5;;;;1013.6;1.2;4.6;4.3;16.6;4.5;16.2;;;;;;;;;;;;;;90;;
SCM;02.03.2015 00:00;;;;;;;;;965.4;;;;1013.6;2.5;13.4;9;48.2;13;46.8;;;;;;;;;;;;;;299;;
SCM;03.03.2015 00:00;;;;;;;;;975;;;;1023.5;1.3;6.3;4.7;22.7;5.9;21.2;;;;;;;;;;;;;;101;;
SCM;04.03.2015 00:00;;;;;;;;;978.8;;;;1027.5;1.6;9.1;5.8;32.8;9;32.4;;;;;;;;;;;;;;270;;
SCM;05.03.2015 00:00;;;;;;;;;985.8;;;;1034.8;1.4;4.6;5;16.6;4.5;16.2;;;;;;;;;;;;;;270;;
SCM;06.03.2015 00:00;;;;;;;;;987.1;;;;1036.1;1.2;5.4;4.3;19.4;5.3;19.1;;;;;;;;;;;;;;117;;
SCM;07.03.2015 00:00;;;;;;;;;983.2;;;;1032;1.2;8.4;4.3;30.2;8.1;29.2;;;;;;;;;;;;;;270;;
SCM;08.03.2015 00:00;;;;;;;;;977;;;;1025.6;0.9;4.9;3.2;17.6;4.7;16.9;;;;;;;;;;;;;;270;;
SCM;09.03.2015 00:00;;;;;;;;;976.2;;;;1024.8;1;4.7;3.6;16.9;4.6;16.6;;;;;;;;;;;;;;45;;
SCM;10.03.2015 00:00;;;;;;;;;977.6;;;;1026.2;1;7.4;3.6;26.6;6.8;24.5;;;;;;;;;;;;;;0;;
SCM;11.03.2015 00:00;;;;;;;;;978.1;;;;1026.7;0.8;7.2;2.9;25.9;6.9;24.8;;;;;;;;;;;;;;90;;
SCM;12.03.2015 00:00;;;;;;;;;977.4;;;;1026;1.9;11.1;6.8;40;10.3;37.1;;;;;;;;;;;;;;63;;
SCM;13.03.2015 00:00;;;;;;;;;971.6;;;;1020;1;5.2;3.6;18.7;5;18;;;;;;;;;;;;;;288;;
SCM;14.03.2015 00:00;;;;;;;;;972.1;;;;1020.5;1.3;6.5;4.7;23.4;6.4;23;;;;;;;;;;;;;;281;;
SCM;15.03.2015 00:00;;;;;;;;;971.8;;;;1020.2;1.3;4.8;4.7;17.3;4.7;16.9;;;;;;;;;;;;;;254;;
SCM;16.03.2015 00:00;;;;;;;;;971.9;;;;1020.3;1.1;4.8;4;17.3;4.7;16.9;;;;;;;;;;;;;;277;;
SCM;17.03.2015 00:00;;;;;;;;;973.4;;;;1021.8;0.9;3.2;3.2;11.5;3.1;11.2;;;;;;;;;;;;;;279;;
SCM;18.03.2015 00:00;;;;;;;;;974.8;;;;1023.3;1;4.7;3.6;16.9;4.7;16.9;;;;;;;;;;;;;;270;;
SCM;19.03.2015 00:00;;;;;;;;;974.2;;;;1022.7;1.2;6.6;4.3;23.8;6.5;23.4;;;;;;;;;;;;;;63;;
SCM;20.03.2015 00:00;;;;;;;;;972.6;;;;1021;0.7;3.1;2.5;11.2;3;10.8;;;;;;;;;;;;;;270;;
SCM;21.03.2015 00:00;;;;;;;;;968.6;;;;1016.9;1;5.9;3.6;21.2;5.7;20.5;;;;;;;;;;;;;;90;;
SCM;22.03.2015 00:00;;;;;;;;;968.6;;;;1016.9;2.4;11.2;8.6;40.3;10.5;37.8;;;;;;;;;;;;;;66;;
SCM;23.03.2015 00:00;;;;;;;;;967.1;;;;1015.3;0.9;3.5;3.2;12.6;3.5;12.6;;;;;;;;;;;;;;259;;
SCM;24.03.2015 00:00;;;;;;;;;960;;;;1007.9;1.5;9.9;5.4;35.6;9.5;34.2;;;;;;;;;;;;;;243;;
SCM;25.03.2015 00:00;;;;;;;;;956.3;;;;1004;2.4;15;8.6;54;14;50.4;;;;;;;;;;;;;;264;;
SCM;26.03.2015 00:00;;;;;;;;;962.9;;;;1011;1.4;6.1;5;22;5.9;21.2;;;;;;;;;;;;;;270;;
SCM;27.03.2015 00:00;;;;;;;;;971.9;;;;1020.3;1.4;7.8;5;28.1;7.7;27.7;;;;;;;;;;;;;;264;;
SCM;28.03.2015 00:00;;;;;;;;;973.8;;;;1022.3;1.8;11.8;6.5;42.5;11.3;40.7;;;;;;;;;;;;;;243;;
SCM;29.03.2015 00:00;;;;;;;;;965.6;;;;1013.7;1.7;14.6;6.1;52.6;14.3;51.5;;;;;;;;;;;;;;315;;
SCM;30.03.2015 00:00;;;;;;;;;962.7;;;;1010.7;4.2;16;15.1;57.6;15;54;;;;;;;;;;;;;;281;;
SCM;31.03.2015 00:00;;;;;;;;;964.8;;;;1012.9;6.5;23.8;23.4;85.7;23.2;83.5;;;;;;;;;;;;;;283;;
SCM;01.04.2015 00:00;;;;;;;;;974.6;;;;1023;5.1;20.2;18.4;72.7;19.7;70.9;;;;;;;;;;;;;;278;;
SCM;02.04.2015 00:00;;;;;;;;;972.5;;;;1020.9;3.5;13.8;12.6;49.7;13.3;47.9;;;;;;;;;;;;;;278;;
SCM;03.04.2015 00:00;;;;;;;;;971.9;;;;1020.3;1.8;8.6;6.5;31;8;28.8;;;;;;;;;;;;;;153;;
SCM;04.04.2015 00:00;;;;;;;;;964.7;;;;1012.8;1.1;5.4;4;19.4;5.3;19.1;;;;;;;;;;;;;;90;;
SCM;05.04.2015 00:00;;;;;;;;;970.7;;;;1019;2.4;13.9;8.6;50;13.6;49;;;;;;;;;;;;;;74;;
SCM;06.04.2015 00:00;;;;;;;;;978.5;;;;1027.1;1.5;7.4;5.4;26.6;7;25.2;;;;;;;;;;;;;;270;;
SCM;07.04.2015 00:00;;;;;;;;;984.8;;;;1033.7;2.1;10.4;7.6;37.4;9.7;34.9;;;;;;;;;;;;;;77;;
SCM;08.04.2015 00:00;;;;;;;;;982.4;;;;1031.2;1.9;6.7;6.8;24.1;6.5;23.4;;;;;;;;;;;;;;56;;
SCM;09.04.2015 00:00;;;;;;;;;978.5;;;;1027.2;1.1;8.5;4;30.6;8.1;29.2;;;;;;;;;;;;;;90;;
SCM;10.04.2015 00:00;;;;;;;;;974.4;;;;1022.9;1.5;10;5.4;36;9.5;34.2;;;;;;;;;;;;;;45;;
SCM;11.04.2015 00:00;;;;;;;;;977.6;;;;1026.2;1.4;9.7;5;34.9;9.6;34.6;;;;;;;;;;;;;;270;;
SCM;12.04.2015 00:00;;;;;;;;;980.9;;;;1029.7;1.4;5;5;18;4.8;17.3;;;;;;;;;;;;;;284;;
SCM;13.04.2015 00:00;;;;;;;;;981.7;;;;1030.4;1.5;7.1;5.4;25.6;7;25.2;;;;;;;;;;;;;;254;;
SCM;14.04.2015 00:00;;;;;;;;;980.8;;;;1029.6;1.1;11.4;4;41;10.9;39.2;;;;;;;;;;;;;;243;;
SCM;15.04.2015 00:00;;;;;;;;;972.9;;;;1021.3;1.9;9.8;6.8;35.3;9.4;33.8;;;;;;;;;;;;;;84;;
SCM;16.04.2015 00:00;;;;;;;;;968.1;;;;1016.3;1.8;9;6.5;32.4;8.5;30.6;;;;;;;;;;;;;;301;;
SCM;17.04.2015 00:00;;;;;;;;;967.1;;;;1015.3;1;5.6;3.6;20.2;5.5;19.8;;;;;;;;;;;;;;225;;
SCM;18.04.2015 00:00;;;;;;;;;971.8;;;;1020.2;2.8;10.5;10.1;37.8;10.2;36.7;;;;;;;;;;;;;;73;;
SCM;19.04.2015 00:00;;;;;;;;;969.4;;;;1017.7;2.2;9.8;7.9;35.3;9.1;32.8;;;;;;;;;;;;;;270;;
SCM;20.04.2015 00:00;;;;;;;;;974.7;;;;1023.2;1.3;7.7;4.7;27.7;7.5;27;;;;;;;;;;;;;;360;;
SCM;21.04.2015 00:00;;;;;;;;;978.4;;;;1027.1;1.5;7.5;5.4;27;7.1;25.6;;;;;;;;;;;;;;45;;
SCM;22.04.2015 00:00;;;;;;;;;974.4;;;;1022.9;1.7;9.4;6.1;33.8;9;32.4;;;;;;;;;;;;;;284;;
SCM;23.04.2015 00:00;;;;;;;;;968.9;;;;1017.2;1.8;8.6;6.5;31;8.4;30.2;;;;;;;;;;;;;;261;;
SCM;24.04.2015 00:00;;;;;;;;;967;;;;1015.2;1.1;6.6;4;23.8;6.5;23.4;;;;;;;;;;;;;;207;;
SCM;25.04.2015 00:00;;;;;;;;;965.1;;;;1013.2;1.9;11.5;6.8;41.4;10.9;39.2;;;;;;;;;;;;;;90;;
SCM;26.04.2015 00:00;;;;;;;;;961;;;;1008.9;1.5;7.3;5.4;26.3;7.2;25.9;;;;;;;;;;;;;;262;;
SCM;27.04.2015 00:00;;;;;;;;;954;;;;1001.7;1.7;8.8;6.1;31.7;8.6;31;;;;;;;;;;;;;;274;;
SCM;28.04.2015 00:00;;;;;;;;;968.5;;;;1016.7;3.3;16.7;11.9;60.1;16.3;58.7;;;;;;;;;;;;;;275;;
SCM;29.04.2015 00:00;;;;;;;;;969.9;;;;1018.2;1.7;6.5;6.1;23.4;6.3;22.7;;;;;;;;;;;;;;254;;
SCM;30.04.2015 00:00;;;;;;;;;968.4;;;;1016.7;1.4;8.8;5;31.7;8.4;30.2;;;;;;;;;;;;;;225;;
SCM;01.05.2015 00:00;;;;;;;;;960.5;;;;1008.4;3.1;15.7;11.2;56.5;14.5;52.2;;;;;;;;;;;;;;108;;
SCM;02.05.2015 00:00;;;;;;;;;963.7;;;;1011.8;1.2;8.5;4.3;30.6;8.3;29.9;;;;;;;;;;;;;;101;;
SCM;03.05.2015 00:00;;;;;;;;;962.3;;;;1010.3;2;9.8;7.2;35.3;9.4;33.8;;;;;;;;;;;;;;95;;
SCM;04.05.2015 00:00;;;;;;;;;963.4;;;;1011.4;2.9;21.7;10.4;78.1;20.5;73.8;;;;;;;;;;;;;;112;;
SCM;05.05.2015 00:00;;;;;;;;;961.9;;;;1009.9;4.8;25;17.3;90;24;86.4;;;;;;;;;;;;;;153;;
SCM;06.05.2015 00:00;;;;;;;;;969.7;;;;1018;2;8.6;7.2;31;8.5;30.6;;;;;;;;;;;;;;194;;
SCM;07.05.2015 00:00;;;;;;;;;971.7;;;;1020.1;1.9;7.8;6.8;28.1;7.7;27.7;;;;;;;;;;;;;;247;;
SCM;08.05.2015 00:00;;;;;;;;;968.6;;;;1016.9;1.6;20.2;5.8;72.7;19.6;70.6;;;;;;;;;;;;;;278;;
SCM;09.05.2015 00:00;;;;;;;;;974.9;;;;1023.4;0.9;7;3.2;25.2;6.8;24.5;;;;;;;;;;;;;;180;;
SCM;10.05.2015 00:00;;;;;;;;;978.9;;;;1027.5;1.5;5.2;5.4;18.7;5;18;;;;;;;;;;;;;;270;;
SCM;11.05.2015 00:00;;;;;;;;;976.1;;;;1024.7;1.4;11;5;39.6;10;36;;;;;;;;;;;;;;108;;
SCM;12.05.2015 00:00;;;;;;;;;973.2;;;;1021.6;1.5;10.2;5.4;36.7;9.7;34.9;;;;;;;;;;;;;;90;;
SCM;13.05.2015 00:00;;;;;;;;;969.1;;;;1017.4;1.2;5;4.3;18;4.9;17.6;;;;;;;;;;;;;;207;;
SCM;14.05.2015 00:00;;;;;;;;;964.1;;;;1012.2;3.1;11.2;11.2;40.3;10.9;39.2;;;;;;;;;;;;;;272;;
SCM;15.05.2015 00:00;;;;;;;;;967.2;;;;1015.4;1.2;7;4.3;25.2;6.6;23.8;;;;;;;;;;;;;;262;;
SCM;16.05.2015 00:00;;;;;;;;;976.1;;;;1024.6;1.2;4.9;4.3;17.6;4.9;17.6;;;;;;;;;;;;;;243;;
SCM;17.05.2015 00:00;;;;;;;;;975.6;;;;1024.2;1.7;6.3;6.1;22.7;6.1;22;;;;;;;;;;;;;;254;;
SCM;18.05.2015 00:00;;;;;;;;;965.3;;;;1013.4;1.2;7.3;4.3;26.3;7.3;26.3;;;;;;;;;;;;;;263;;
SCM;19.05.2015 00:00;;;;;;;;;963.9;;;;1012;1.4;6.2;5;22.3;6.1;22;;;;;;;;;;;;;;248;;
SCM;20.05.2015 00:00;;;;;;;;;968.7;;;;1017;1.4;8.4;5;30.2;8.2;29.5;;;;;;;;;;;;;;135;;
SCM;21.05.2015 00:00;;;;;;;;;975.7;;;;1024.2;0.9;6.2;3.2;22.3;5.9;21.2;;;;;;;;;;;;;;117;;
SCM;22.05.2015 00:00;;;;;;;;;975.2;;;;1023.8;1.9;9.3;6.8;33.5;8.8;31.7;;;;;;;;;;;;;;96;;
SCM;23.05.2015 00:00;;;;;;;;;970.5;;;;1018.8;1.3;7.3;4.7;26.3;6.9;24.8;;;;;;;;;;;;;;124;;
SCM;24.05.2015 00:00;;;;;;;;;969.4;;;;1017.7;1.4;7;5;25.2;6.7;24.1;;;;;;;;;;;;;;90;;
SCM;25.05.2015 00:00;;;;;;;;;967.8;;;;1016;1.1;9.9;4;35.6;9.4;33.8;;;;;;;;;;;;;;90;;
SCM;26.05.2015 00:00;;;;;;;;;970.4;;;;1018.7;1.2;4.7;4.3;16.9;4.5;16.2;;;;;;;;;;;;;;180;;
SCM;27.05.2015 00:00;;;;;;;;;974.7;;;;1023.2;1.2;4.2;4.3;15.1;4.1;14.8;;;;;;;;;;;;;;247;;
SCM;28.05.2015 00:00;;;;;;;;;970.4;;;;1018.7;1.8;6.8;6.5;24.5;6.7;24.1;;;;;;;;;;;;;;202;;
SCM;29.05.2015 00:00;;;;;;;;;965.6;;;;1013.7;1.8;8.5;6.5;30.6;8.2;29.5;;;;;;;;;;;;;;0;;
SCM;30.05.2015 00:00;;;;;;;;;969;;;;1017.3;1.2;4.7;4.3;16.9;4.6;16.6;;;;;;;;;;;;;;243;;
SCM;31.05.2015 00:00;;;;;;;;;969.2;;;;1017.5;1;4.4;3.6;15.8;4.3;15.5;;;;;;;;;;;;;;252;;
SCM;01.06.2015 00:00;;;;;;;;;969.7;;;;1018;1.6;8.5;5.8;30.6;8.3;29.9;;;;;;;;;;;;;;256;;
SCM;02.06.2015 00:00;;;;;;;;;971.8;;;;1020.1;1.1;4.1;4;14.8;3.9;14;;;;;;;;;;;;;;214;;
SCM;03.06.2015 00:00;;;;;;;;;975;;;;1023.5;1.4;5.7;5;20.5;5.7;20.5;;;;;;;;;;;;;;264;;
SCM;04.06.2015 00:00;;;;;;;;;975.5;;;;1024;0.8;3.6;2.9;13;3.5;12.6;;;;;;;;;;;;;;281;;
SCM;05.06.2015 00:00;;;;;;;;;972.6;;;;1021.1;1.2;12.6;4.3;45.4;12.5;45;;;;;;;;;;;;;;281;;
SCM;06.06.2015 00:00;;;;;;;;;974.9;;;;1023.5;2.9;27.4;10.4;98.6;24.5;88.2;;;;;;;;;;;;;;139;;
SCM;07.06.2015 00:00;;;;;;;;;975.7;;;;1024.3;2.1;15.3;7.6;55.1;15.1;54.4;;;;;;;;;;;;;;27;;
SCM;08.06.2015 00:00;;;;;;;;;973.2;;;;1021.6;2.2;9.7;7.9;34.9;9.2;33.1;;;;;;;;;;;;;;315;;
SCM;09.06.2015 00:00;;;;;;;;;972.5;;;;1020.9;2.2;11.7;7.9;42.1;11.1;40;;;;;;;;;;;;;;69;;
SCM;10.06.2015 00:00;;;;;;;;;972.8;;;;1021.2;1.2;5.3;4.3;19.1;5.2;18.7;;;;;;;;;;;;;;270;;
SCM;11.06.2015 00:00;;;;;;;;;969.4;;;;1017.7;2;9.4;7.2;33.8;9.1;32.8;;;;;;;;;;;;;;180;;
SCM;12.06.2015 00:00;;;;;;;;;964.6;;;;1012.7;1.8;10.1;6.5;36.4;9.6;34.6;;;;;;;;;;;;;;198;;
SCM;13.06.2015 00:00;;;;;;;;;964.8;;;;1012.9;2.7;13.4;9.7;48.2;13.2;47.5;;;;;;;;;;;;;;229;;
SCM;14.06.2015 00:00;;;;;;;;;963;;;;1011;2;10.5;7.2;37.8;10.2;36.7;;;;;;;;;;;;;;233;;
SCM;15.06.2015 00:00;;;;;;;;;967.7;;;;1015.9;0.9;5.5;3.2;19.8;5.4;19.4;;;;;;;;;;;;;;256;;
SCM;16.06.2015 00:00;;;;;;;;;970.7;;;;1019.1;1.3;7.8;4.7;28.1;7.5;27;;;;;;;;;;;;;;297;;
SCM;17.06.2015 00:00;;;;;;;;;973.3;;;;1021.8;1.2;5;4.3;18;4.8;17.3;;;;;;;;;;;;;;248;;
SCM;18.06.2015 00:00;;;;;;;;;971.6;;;;1020;0.7;5.3;2.5;19.1;5.2;18.7;;;;;;;;;;;;;;180;;
SCM;19.06.2015 00:00;;;;;;;;;970.3;;;;1018.7;1.7;11.1;6.1;40;10.7;38.5;;;;;;;;;;;;;;275;;
SCM;20.06.2015 00:00;;;;;;;;;972.4;;;;1020.9;2.1;10;7.6;36;9.7;34.9;;;;;;;;;;;;;;270;;
SCM;21.06.2015 00:00;;;;;;;;;972.2;;;;1020.6;1.5;5.2;5.4;18.7;5.1;18.4;;;;;;;;;;;;;;102;;
SCM;22.06.2015 00:00;;;;;;;;;966;;;;1014.2;2.7;15.6;9.7;56.2;15.2;54.7;;;;;;;;;;;;;;236;;
SCM;23.06.2015 00:00;;;;;;;;;968;;;;1016.3;1.4;7.1;5;25.6;6.9;24.8;;;;;;;;;;;;;;259;;
SCM;24.06.2015 00:00;;;;;;;;;973.5;;;;1021.9;1.5;4.7;5.4;16.9;4.6;16.6;;;;;;;;;;;;;;257;;
SCM;25.06.2015 00:00;;;;;;;;;974.9;;;;1023.4;1.1;5.4;4;19.4;5.3;19.1;;;;;;;;;;;;;;259;;
SCM;26.06.2015 00:00;;;;;;;;;973.7;;;;1022.1;1.4;6.5;5;23.4;6.2;22.3;;;;;;;;;;;;;;256;;
SCM;27.06.2015 00:00;;;;;;;;;971.5;;;;1019.9;1.2;9.6;4.3;34.6;9.1;32.8;;;;;;;;;;;;;;180;;
SCM;28.06.2015 00:00;;;;;;;;;973.2;;;;1021.7;1.6;4.9;5.8;17.6;4.9;17.6;;;;;;;;;;;;;;254;;
SCM;29.06.2015 00:00;;;;;;;;;974.1;;;;1022.6;1.1;4.1;4;14.8;3.9;14;;;;;;;;;;;;;;256;;
SCM;30.06.2015 00:00;;;;;;;;;972.2;;;;1020.6;1.3;4.4;4.7;15.8;4.2;15.1;;;;;;;;;;;;;;315;;
SCM;01.07.2015 00:00;;;;;;;;;971.5;;;;1019.8;0.8;4.8;2.9;17.3;4.6;16.6;;;;;;;;;;;;;;270;;
SCM;02.07.2015 00:00;;;;;;;;;973.4;;;;1021.8;1;4.1;3.6;14.8;3.9;14;;;;;;;;;;;;;;270;;
SCM;03.07.2015 00:00;;;;;;;;;975.6;;;;1024.2;1.7;9.8;6.1;35.3;9.4;33.8;;;;;;;;;;;;;;90;;
SCM;04.07.2015 00:00;;;;;;;;;974;;;;1022.5;1.6;11.7;5.8;42.1;10.9;39.2;;;;;;;;;;;;;;106;;
SCM;05.07.2015 00:00;;;;;;;;;970.2;;;;1018.5;1.3;8.7;4.7;31.3;8;28.8;;;;;;;;;;;;;;90;;
SCM;06.07.2015 00:00;;;;;;;;;972.7;;;;1021.1;1.4;7.5;5;27;7.3;26.3;;;;;;;;;;;;;;248;;
SCM;07.07.2015 00:00;;;;;;;;;966.2;;;;1014.4;2.2;16.6;7.9;59.8;16.2;58.3;;;;;;;;;;;;;;107;;
SCM;08.07.2015 00:00;;;;;;;;;968.3;;;;1016.5;1.4;5.9;5;21.2;5.7;20.5;;;;;;;;;;;;;;270;;
SCM;09.07.2015 00:00;;;;;;;;;972.9;;;;1021.3;1.9;6.7;6.8;24.1;6.6;23.8;;;;;;;;;;;;;;283;;
SCM;10.07.2015 00:00;;;;;;;;;972.9;;;;1021.3;2;6.1;7.2;22;5.9;21.2;;;;;;;;;;;;;;225;;
SCM;11.07.2015 00:00;;;;;;;;;970.6;;;;1018.9;2.1;11.7;7.6;42.1;11.4;41;;;;;;;;;;;;;;270;;
SCM;12.07.2015 00:00;;;;;;;;;971.2;;;;1019.6;1.6;8.5;5.8;30.6;8.3;29.9;;;;;;;;;;;;;;262;;
SCM;13.07.2015 00:00;;;;;;;;;971.8;;;;1020.2;1.4;6.7;5;24.1;6.5;23.4;;;;;;;;;;;;;;247;;
SCM;14.07.2015 00:00;;;;;;;;;971.7;;;;1020.1;1.7;9.3;6.1;33.5;8.7;31.3;;;;;;;;;;;;;;248;;
SCM;15.07.2015 00:00;;;;;;;;;971.4;;;;1019.8;1.6;6.4;5.8;23;6.3;22.7;;;;;;;;;;;;;;253;;
SCM;16.07.2015 00:00;;;;;;;;;970;;;;1018.3;1.2;4.5;4.3;16.2;4.4;15.8;;;;;;;;;;;;;;243;;
SCM;17.07.2015 00:00;;;;;;;;;970.5;;;;1018.9;3.7;20.9;13.3;75.2;20.4;73.4;;;;;;;;;;;;;;117;;
SCM;18.07.2015 00:00;;;;;;;;;971.1;;;;1019.4;2.3;12.9;8.3;46.4;12.5;45;;;;;;;;;;;;;;101;;
SCM;19.07.2015 00:00;;;;;;;;;967.3;;;;1015.5;2.3;9.3;8.3;33.5;9.1;32.8;;;;;;;;;;;;;;143;;
SCM;20.07.2015 00:00;;;;;;;;;968.7;;;;1017;1.1;5.6;4;20.2;5.4;19.4;;;;;;;;;;;;;;214;;
SCM;21.07.2015 00:00;;;;;;;;;968.7;;;;1017;1.2;4.6;4.3;16.6;4.4;15.8;;;;;;;;;;;;;;262;;
SCM;22.07.2015 00:00;;;;;;;;;967.6;;;;1015.8;1.9;19.5;6.8;70.2;19.2;69.1;;;;;;;;;;;;;;252;;
SCM;23.07.2015 00:00;;;;;;;;;968.9;;;;1017.2;1.6;7.1;5.8;25.6;7;25.2;;;;;;;;;;;;;;0;;
SCM;24.07.2015 00:00;;;;;;;;;963.7;;;;1011.7;2.2;18.6;7.9;67;17.6;63.4;;;;;;;;;;;;;;124;;
SCM;25.07.2015 00:00;;;;;;;;;966.3;;;;1014.5;2.8;14.1;10.1;50.8;13.9;50;;;;;;;;;;;;;;277;;
SCM;26.07.2015 00:00;;;;;;;;;966.6;;;;1014.8;1.6;5.6;5.8;20.2;5.2;18.7;;;;;;;;;;;;;;233;;
SCM;27.07.2015 00:00;;;;;;;;;962.9;;;;1010.9;3.1;13.3;11.2;47.9;13;46.8;;;;;;;;;;;;;;275;;
SCM;28.07.2015 00:00;;;;;;;;;964.8;;;;1012.9;2.8;8.9;10.1;32;8.6;31;;;;;;;;;;;;;;279;;
SCM;29.07.2015 00:00;;;;;;;;;965.8;;;;1013.9;1.7;8.7;6.1;31.3;8.2;29.5;;;;;;;;;;;;;;135;;
SCM;30.07.2015 00:00;;;;;;;;;969.1;;;;1017.4;0.8;3.2;2.9;11.5;3.1;11.2;;;;;;;;;;;;;;135;;
SCM;31.07.2015 00:00;;;;;;;;;967.4;;;;1015.6;1.2;7.8;4.3;28.1;7.4;26.6;;;;;;;;;;;;;;63;;
SCM;01.08.2015 00:00;;;;;;;;;968.1;;;;1016.4;1.5;6.4;5.4;23;6.3;22.7;;;;;;;;;;;;;;236;;
SCM;02.08.2015 00:00;;;;;;;;;971;;;;1019.4;1.3;7.2;4.7;25.9;6.9;24.8;;;;;;;;;;;;;;90;;
SCM;03.08.2015 00:00;;;;;;;;;970;;;;1018.3;1.4;7.8;5;28.1;7.7;27.7;;;;;;;;;;;;;;135;;
SCM;04.08.2015 00:00;;;;;;;;;969.9;;;;1018.2;2.1;12.3;7.6;44.3;11.9;42.8;;;;;;;;;;;;;;243;;
SCM;05.08.2015 00:00;;;;;;;;;969.7;;;;1018;1.6;6.7;5.8;24.1;6.5;23.4;;;;;;;;;;;;;;180;;
SCM;06.08.2015 00:00;;;;;;;;;969.2;;;;1017.5;1.6;8.8;5.8;31.7;8.4;30.2;;;;;;;;;;;;;;90;;
SCM;07.08.2015 00:00;;;;;;;;;968.6;;;;1016.9;1.4;10.2;5;36.7;9.9;35.6;;;;;;;;;;;;;;90;;
SCM;08.08.2015 00:00;;;;;;;;;970.6;;;;1019;2;9.2;7.2;33.1;8.8;31.7;;;;;;;;;;;;;;253;;
SCM;09.08.2015 00:00;;;;;;;;;969.5;;;;1017.8;2.5;11.9;9;42.8;11.6;41.8;;;;;;;;;;;;;;238;;
SCM;10.08.2015 00:00;;;;;;;;;968.2;;;;1016.4;1.9;8.1;6.8;29.2;8;28.8;;;;;;;;;;;;;;247;;
SCM;11.08.2015 00:00;;;;;;;;;968.9;;;;1017.2;1.3;4.1;4.7;14.8;4;14.4;;;;;;;;;;;;;;243;;
SCM;12.08.2015 00:00;;;;;;;;;971.1;;;;1019.5;1.2;4.2;4.3;15.1;4.2;15.1;;;;;;;;;;;;;;0;;
SCM;13.08.2015 00:00;;;;;;;;;966.9;;;;1015.1;1.7;20.2;6.1;72.7;19.4;69.8;;;;;;;;;;;;;;278;;
SCM;14.08.2015 00:00;;;;;;;;;964.5;;;;1012.6;2.4;13.5;8.6;48.6;13.3;47.9;;;;;;;;;;;;;;275;;
SCM;15.08.2015 00:00;;;;;;;;;965.6;;;;1013.7;1.5;7;5.4;25.2;6.9;24.8;;;;;;;;;;;;;;90;;
SCM;16.08.2015 00:00;;;;;;;;;965.7;;;;1013.8;1.5;5.3;5.4;19.1;5.2;18.7;;;;;;;;;;;;;;264;;
SCM;17.08.2015 00:00;;;;;;;;;966.3;;;;1014.5;1.2;4.5;4.3;16.2;4.4;15.8;;;;;;;;;;;;;;180;;
SCM;18.08.2015 00:00;;;;;;;;;967.9;;;;1016.2;1.2;5.6;4.3;20.2;5.5;19.8;;;;;;;;;;;;;;180;;
SCM;19.08.2015 00:00;;;;;;;;;972.4;;;;1020.8;1.5;5.6;5.4;20.2;5.5;19.8;;;;;;;;;;;;;;270;;
SCM;20.08.2015 00:00;;;;;;;;;975.5;;;;1024;1.4;6.5;5;23.4;6.3;22.7;;;;;;;;;;;;;;236;;
SCM;21.08.2015 00:00;;;;;;;;;975.2;;;;1023.7;1.6;6.4;5.8;23;6.1;22;;;;;;;;;;;;;;79;;
SCM;22.08.2015 00:00;;;;;;;;;969.8;;;;1018.1;1.3;5.1;4.7;18.4;4.8;17.3;;;;;;;;;;;;;;90;;
SCM;23.08.2015 00:00;;;;;;;;;962.5;;;;1010.6;2;8.2;7.2;29.5;8.1;29.2;;;;;;;;;;;;;;254;;
SCM;24.08.2015 00:00;;;;;;;;;962.4;;;;1010.4;1.8;11.7;6.5;42.1;11.4;41;;;;;;;;;;;;;;270;;
SCM;25.08.2015 00:00;;;;;;;;;971.5;;;;1019.9;1.5;6.5;5.4;23.4;6.3;22.7;;;;;;;;;;;;;;180;;
SCM;26.08.2015 00:00;;;;;;;;;970.4;;;;1018.7;1.2;8;4.3;28.8;7.7;27.7;;;;;;;;;;;;;;117;;
SCM;27.08.2015 00:00;;;;;;;;;967.3;;;;1015.5;1.8;10;6.5;36;9.5;34.2;;;;;;;;;;;;;;101;;
SCM;28.08.2015 00:00;;;;;;;;;971.3;;;;1019.7;1.1;7.3;4;26.3;7;25.2;;;;;;;;;;;;;;135;;
SCM;29.08.2015 00:00;;;;;;;;;973.2;;;;1021.6;1.1;8.1;4;29.2;7.8;28.1;;;;;;;;;;;;;;270;;
SCM;30.08.2015 00:00;;;;;;;;;972;;;;1020.4;1;7.3;3.6;26.3;6.7;24.1;;;;;;;;;;;;;;72;;
SCM;31.08.2015 00:00;;;;;;;;;968.4;;;;1016.7;1.4;5.4;5;19.4;5.1;18.4;;;;;;;;;;;;;;180;;
SCM;01.09.2015 00:00;;;;;;;;;967;;;;1015.2;2.8;15.5;10.1;55.8;14.3;51.5;;;;;;;;;;;;;;286;;
SCM;02.09.2015 00:00;;;;;;;;;968.7;;;;1017;1.2;5.3;4.3;19.1;5.2;18.7;;;;;;;;;;;;;;127;;
SCM;03.09.2015 00:00;;;;;;;;;967.8;;;;1016;1.4;6;5;21.6;5.9;21.2;;;;;;;;;;;;;;96;;
SCM;04.09.2015 00:00;;;;;;;;;968.4;;;;1016.6;1.5;4.9;5.4;17.6;4.8;17.3;;;;;;;;;;;;;;236;;
SCM;05.09.2015 00:00;;;;;;;;;971;;;;1019.4;1.3;8.1;4.7;29.2;8;28.8;;;;;;;;;;;;;;143;;
SCM;06.09.2015 00:00;;;;;;;;;976;;;;1024.5;1.3;5.7;4.7;20.5;5.4;19.4;;;;;;;;;;;;;;108;;
SCM;07.09.2015 00:00;;;;;;;;;977.4;;;;1026;1.6;5.7;5.8;20.5;5.6;20.2;;;;;;;;;;;;;;180;;
SCM;08.09.2015 00:00;;;;;;;;;974.2;;;;1022.7;1.7;6.9;6.1;24.8;6.6;23.8;;;;;;;;;;;;;;81;;
SCM;09.09.2015 00:00;;;;;;;;;971.2;;;;1019.5;1.6;8.8;5.8;31.7;8.5;30.6;;;;;;;;;;;;;;79;;
SCM;10.09.2015 00:00;;;;;;;;;969.8;;;;1018.1;1.5;8.5;5.4;30.6;8.4;30.2;;;;;;;;;;;;;;79;;
SCM;11.09.2015 00:00;;;;;;;;;969.6;;;;1017.9;1.8;11.8;6.5;42.5;11.2;40.3;;;;;;;;;;;;;;94;;
SCM;12.09.2015 00:00;;;;;;;;;968.8;;;;1017.1;2.6;11.7;9.4;42.1;11.2;40.3;;;;;;;;;;;;;;98;;
SCM;13.09.2015 00:00;;;;;;;;;962.9;;;;1010.9;1.8;11.8;6.5;42.5;11.3;40.7;;;;;;;;;;;;;;126;;
SCM;14.09.2015 00:00;;;;;;;;;961.9;;;;1009.9;2.3;12.5;8.3;45;11.9;42.8;;;;;;;;;;;;;;102;;
SCM;15.09.2015 00:00;;;;;;;;;962.6;;;;1010.6;1.4;6.1;5;22;5.9;21.2;;;;;;;;;;;;;;90;;
SCM;16.09.2015 00:00;;;;;;;;;954.1;;;;1001.8;2.4;11.5;8.6;41.4;11.1;40;;;;;;;;;;;;;;267;;
SCM;17.09.2015 00:00;;;;;;;;;961.5;;;;1009.4;2.4;12.2;8.6;43.9;11.8;42.5;;;;;;;;;;;;;;284;;
SCM;18.09.2015 00:00;;;;;;;;;971.6;;;;1020;1.4;7.5;5;27;7.5;27;;;;;;;;;;;;;;84;;
SCM;19.09.2015 00:00;;;;;;;;;974.8;;;;1023.3;0.9;4.4;3.2;15.8;4.3;15.5;;;;;;;;;;;;;;90;;
SCM;20.09.2015 00:00;;;;;;;;;975.4;;;;1024;1;3.9;3.6;14;3.7;13.3;;;;;;;;;;;;;;104;;
SCM;21.09.2015 00:00;;;;;;;;;968.7;;;;1017;1.3;4.7;4.7;16.9;4.7;16.9;;;;;;;;;;;;;;180;;
SCM;22.09.2015 00:00;;;;;;;;;961.1;;;;1009.1;1.6;12.4;5.8;44.6;12.3;44.3;;;;;;;;;;;;;;360;;
SCM;23.09.2015 00:00;;;;;;;;;966.6;;;;1014.7;1.3;7.5;4.7;27;7.3;26.3;;;;;;;;;;;;;;96;;
SCM;24.09.2015 00:00;;;;;;;;;973;;;;1021.5;1.2;5.1;4.3;18.4;5;18;;;;;;;;;;;;;;101;;
SCM;25.09.2015 00:00;;;;;;;;;973.8;;;;1022.3;0.9;4.6;3.2;16.6;4.4;15.8;;;;;;;;;;;;;;45;;
SCM;26.09.2015 00:00;;;;;;;;;973.6;;;;1022.1;1.1;5.4;4;19.4;5.3;19.1;;;;;;;;;;;;;;90;;
SCM;27.09.2015 00:00;;;;;;;;;977.1;;;;1025.7;1.7;8.6;6.1;31;8.1;29.2;;;;;;;;;;;;;;80;;
SCM;28.09.2015 00:00;;;;;;;;;980.4;;;;1029.1;3.2;10.8;11.5;38.9;10.6;38.2;;;;;;;;;;;;;;82;;
SCM;29.09.2015 00:00;;;;;;;;;978.2;;;;1026.8;2.2;9.1;7.9;32.8;8.8;31.7;;;;;;;;;;;;;;84;;
SCM;30.09.2015 00:00;;;;;;;;;978.1;;;;1026.7;1.3;5.7;4.7;20.5;5.6;20.2;;;;;;;;;;;;;;360;;
SCM;01.10.2015 00:00;;;;;;;;;975.6;;;;1024.2;1.1;5.1;4;18.4;4.9;17.6;;;;;;;;;;;;;;270;;
SCM;02.10.2015 00:00;;;;;;;;;971.9;;;;1020.3;0.8;3.1;2.9;11.2;3;10.8;;;;;;;;;;;;;;180;;
SCM;03.10.2015 00:00;;;;;;;;;968.9;;;;1017.2;0.9;3.4;3.2;12.2;3.3;11.9;;;;;;;;;;;;;;270;;
SCM;04.10.2015 00:00;;;;;;;;;970.6;;;;1019;2.4;11.1;8.6;40;10.8;38.9;;;;;;;;;;;;;;104;;
SCM;05.10.2015 00:00;;;;;;;;;966.8;;;;1015;1.7;9;6.1;32.4;8.9;32;;;;;;;;;;;;;;124;;
SCM;06.10.2015 00:00;;;;;;;;;962;;;;1010;1.7;9.7;6.1;34.9;9.4;33.8;;;;;;;;;;;;;;90;;
SCM;07.10.2015 00:00;;;;;;;;;968.1;;;;1016.3;1.2;7.1;4.3;25.6;7;25.2;;;;;;;;;;;;;;225;;
SCM;08.10.2015 00:00;;;;;;;;;971.9;;;;1020.3;1;5.1;3.6;18.4;4.9;17.6;;;;;;;;;;;;;;225;;
SCM;09.10.2015 00:00;;;;;;;;;970.7;;;;1019.1;0.8;3.7;2.9;13.3;3.6;13;;;;;;;;;;;;;;225;;
SCM;10.10.2015 00:00;;;;;;;;;966.3;;;;1014.5;1;4.8;3.6;17.3;4.7;16.9;;;;;;;;;;;;;;333;;
SCM;11.10.2015 00:00;;;;;;;;;963.7;;;;1011.8;1.1;6.7;4;24.1;6.5;23.4;;;;;;;;;;;;;;45;;
SCM;12.10.2015 00:00;;;;;;;;;966.1;;;;1014.3;1.2;6.5;4.3;23.4;6.3;22.7;;;;;;;;;;;;;;236;;
SCM;13.10.2015 00:00;;;;;;;;;966.2;;;;1014.4;1.6;9.6;5.8;34.6;9.5;34.2;;;;;;;;;;;;;;270;;
SCM;14.10.2015 00:00;;;;;;;;;966.3;;;;1014.4;1.1;6;4;21.6;5.9;21.2;;;;;;;;;;;;;;76;;
SCM;15.10.2015 00:00;;;;;;;;;965.3;;;;1013.4;1.1;5.4;4;19.4;5;18;;;;;;;;;;;;;;18;;
SCM;16.10.2015 00:00;;;;;;;;;969.8;;;;1018.1;1.3;4.8;4.7;17.3;4.7;16.9;;;;;;;;;;;;;;288;;
SCM;17.10.2015 00:00;;;;;;;;;969.7;;;;1018;0.8;3.5;2.9;12.6;3.4;12.2;;;;;;;;;;;;;;270;;
SCM;18.10.2015 00:00;;;;;;;;;969.5;;;;1017.8;0.8;2.9;2.9;10.4;2.8;10.1;;;;;;;;;;;;;;90;;
SCM;19.10.2015 00:00;;;;;;;;;971.4;;;;1019.8;1.1;4.7;4;16.9;4.5;16.2;;;;;;;;;;;;;;56;;
SCM;20.10.2015 00:00;;;;;;;;;973.1;;;;1021.6;0.9;5.1;3.2;18.4;5;18;;;;;;;;;;;;;;225;;
SCM;21.10.2015 00:00;;;;;;;;;972.5;;;;1020.9;0.9;3.9;3.2;14;3.8;13.7;;;;;;;;;;;;;;180;;
SCM;22.10.2015 00:00;;;;;;;;;972.5;;;;1020.9;1.1;6.2;4;22.3;6.1;22;;;;;;;;;;;;;;180;;
SCM;23.10.2015 00:00;;;;;;;;;975;;;;1023.5;1.1;5.2;4;18.7;5;18;;;;;;;;;;;;;;270;;
SCM;24.10.2015 00:00;;;;;;;;;972.8;;;;1021.2;1;4.2;3.6;15.1;3.9;14;;;;;;;;;;;;;;76;;
SCM;25.10.2015 00:00;;;;;;;;;975.8;;;;1024.3;0.9;4;3.2;14.4;3.8;13.7;;;;;;;;;;;;;;76;;
SCM;26.10.2015 00:00;;;;;;;;;971.5;;;;1019.9;0.9;3.6;3.2;13;3.5;12.6;;;;;;;;;;;;;;180;;
SCM;27.10.2015 00:00;;;;;;;;;969.2;;;;1017.5;1.2;4.9;4.3;17.6;4.8;17.3;;;;;;;;;;;;;;214;;
SCM;28.10.2015 00:00;;;;;;;;;964.9;;;;1013;1.5;8.8;5.4;31.7;8.7;31.3;;;;;;;;;;;;;;270;;
SCM;29.10.2015 00:00;;;;;;;;;971.6;;;;1020;0.8;2.8;2.9;10.1;2.8;10.1;;;;;;;;;;;;;;236;;
SCM;30.10.2015 00:00;;;;;;;;;976.4;;;;1024.9;1;3.7;3.6;13.3;3.6;13;;;;;;;;;;;;;;252;;
SCM;31.10.2015 00:00;;;;;;;;;978.7;;;;1027.3;1;3.8;3.6;13.7;3.8;13.7;;;;;;;;;;;;;;243;;
SCM;01.11.2015 00:00;;;;;;;;;981.6;;;;1030.3;0.8;2.8;2.9;10.1;2.7;9.7;;;;;;;;;;;;;;180;;
SCM;02.11.2015 00:00;;;;;;;;;979.4;;;;1028.1;1.1;4.7;4;16.9;4.6;16.6;;;;;;;;;;;;;;236;;
SCM;03.11.2015 00:00;;;;;;;;;974.1;;;;1022.6;1.4;6.8;5;24.5;6.6;23.8;;;;;;;;;;;;;;281;;
SCM;04.11.2015 00:00;;;;;;;;;974.8;;;;1023.3;0.7;4.5;2.5;16.2;4.4;15.8;;;;;;;;;;;;;;90;;
SCM;05.11.2015 00:00;;;;;;;;;974.8;;;;1023.3;1;4.1;3.6;14.8;3.9;14;;;;;;;;;;;;;;45;;
SCM;06.11.2015 00:00;;;;;;;;;978.1;;;;1026.7;0.8;4.6;2.9;16.6;4.5;16.2;;;;;;;;;;;;;;90;;
SCM;07.11.2015 00:00;;;;;;;;;980.4;;;;1029.2;1;5.2;3.6;18.7;5.1;18.4;;;;;;;;;;;;;;76;;
SCM;08.11.2015 00:00;;;;;;;;;981.1;;;;1029.9;1;9.6;3.6;34.6;9.3;33.5;;;;;;;;;;;;;;63;;
SCM;09.11.2015 00:00;;;;;;;;;981.6;;;;1030.3;1.1;7.5;4;27;7.2;25.9;;;;;;;;;;;;;;63;;
SCM;10.11.2015 00:00;;;;;;;;;980.8;;;;1029.5;0.8;5.4;2.9;19.4;5.3;19.1;;;;;;;;;;;;;;90;;
SCM;11.11.2015 00:00;;;;;;;;;979.4;;;;1028.1;0.8;3.1;2.9;11.2;2.9;10.4;;;;;;;;;;;;;;45;;
SCM;12.11.2015 00:00;;;;;;;;;979.9;;;;1028.6;0.8;3.7;2.9;13.3;3.7;13.3;;;;;;;;;;;;;;90;;
SCM;13.11.2015 00:00;;;;;;;;;980.6;;;;1029.3;0.8;3;2.9;10.8;2.8;10.1;;;;;;;;;;;;;;117;;
SCM;14.11.2015 00:00;;;;;;;;;981.9;;;;1030.7;1.2;6.9;4.3;24.8;6.7;24.1;;;;;;;;;;;;;;284;;
SCM;15.11.2015 00:00;;;;;;;;;975.5;;;;1024;1.2;4.2;4.3;15.1;4;14.4;;;;;;;;;;;;;;80;;
SCM;16.11.2015 00:00;;;;;;;;;972.6;;;;1021;0.9;5.1;3.2;18.4;4.9;17.6;;;;;;;;;;;;;;72;;
SCM;17.11.2015 00:00;;;;;;;;;972.5;;;;1020.9;0.9;4.8;3.2;17.3;4.6;16.6;;;;;;;;;;;;;;82;;
SCM;18.11.2015 00:00;;;;;;;;;975.1;;;;1023.6;1.7;9;6.1;32.4;8.8;31.7;;;;;;;;;;;;;;270;;
SCM;19.11.2015 00:00;;;;;;;;;974.5;;;;1023;2.3;13;8.3;46.8;12.3;44.3;;;;;;;;;;;;;;319;;
SCM;20.11.2015 00:00;;;;;;;;;962.1;;;;1010.1;2.8;12.3;10.1;44.3;12.1;43.6;;;;;;;;;;;;;;304;;
SCM;21.11.2015 00:00;;;;;;;;;953.1;;;;1000.8;2.5;15.8;9;56.9;15.3;55.1;;;;;;;;;;;;;;297;;
SCM;22.11.2015 00:00;;;;;;;;;960.8;;;;1008.8;1.2;7;4.3;25.2;6.8;24.5;;;;;;;;;;;;;;76;;
SCM;23.11.2015 00:00;;;;;;;;;973.7;;;;1022.1;1.4;4.6;5;16.6;4.4;15.8;;;;;;;;;;;;;;103;;
SCM;24.11.2015 00:00;;;;;;;;;973.9;;;;1022.4;1.3;9;4.7;32.4;8.7;31.3;;;;;;;;;;;;;;95;;
SCM;25.11.2015 00:00;;;;;;;;;962.7;;;;1010.7;0.9;4;3.2;14.4;3.8;13.7;;;;;;;;;;;;;;83;;
SCM;26.11.2015 00:00;;;;;;;;;966.9;;;;1015.1;1.4;5.2;5;18.7;5.1;18.4;;;;;;;;;;;;;;326;;
SCM;27.11.2015 00:00;;;;;;;;;969.2;;;;1017.4;1.3;4.7;4.7;16.9;4.5;16.2;;;;;;;;;;;;;;95;;
SCM;28.11.2015 00:00;;;;;;;;;971.5;;;;1019.9;1.1;5.8;4;20.9;5.7;20.5;;;;;;;;;;;;;;84;;
SCM;29.11.2015 00:00;;;;;;;;;977.1;;;;1025.7;1.3;8.1;4.7;29.2;7.4;26.6;;;;;;;;;;;;;;80;;
SCM;30.11.2015 00:00;;;;;;;;;979.9;;;;1028.6;3;11.3;10.8;40.7;10.8;38.9;;;;;;;;;;;;;;289;;
SCM;01.12.2015 00:00;;;;;;;;;982.6;;;;1031.4;1.6;8.9;5.8;32;8.7;31.3;;;;;;;;;;;;;;360;;
SCM;02.12.2015 00:00;;;;;;;;;981.9;;;;1030.7;0.9;3.5;3.2;12.6;3.4;12.2;;;;;;;;;;;;;;90;;
SCM;03.12.2015 00:00;;;;;;;;;982.3;;;;1031.1;1.3;5.1;4.7;18.4;5;18;;;;;;;;;;;;;;108;;
SCM;04.12.2015 00:00;;;;;;;;;985.1;;;;1034;1.1;4.3;4;15.5;4.2;15.1;;;;;;;;;;;;;;90;;
SCM;05.12.2015 00:00;;;;;;;;;984.4;;;;1033.3;1.5;7.9;5.4;28.4;7.5;27;;;;;;;;;;;;;;236;;
SCM;06.12.2015 00:00;;;;;;;;;983.6;;;;1032.5;1.2;4.8;4.3;17.3;4.6;16.6;;;;;;;;;;;;;;81;;
SCM;07.12.2015 00:00;;;;;;;;;985;;;;1033.9;0.9;6.6;3.2;23.8;6.4;23;;;;;;;;;;;;;;90;;
SCM;08.12.2015 00:00;;;;;;;;;984.7;;;;1033.6;0.9;3.6;3.2;13;3.5;12.6;;;;;;;;;;;;;;101;;
SCM;09.12.2015 00:00;;;;;;;;;988.3;;;;1037.4;0.8;5.8;2.9;20.9;5.7;20.5;;;;;;;;;;;;;;90;;
SCM;10.12.2015 00:00;;;;;;;;;987.4;;;;1036.4;1;3.8;3.6;13.7;3.8;13.7;;;;;;;;;;;;;;323;;
SCM;11.12.2015 00:00;;;;;;;;;983.1;;;;1032;0.9;3.8;3.2;13.7;3.7;13.3;;;;;;;;;;;;;;79;;
SCM;12.12.2015 00:00;;;;;;;;;979;;;;1027.7;1.4;5.9;5;21.2;5.7;20.5;;;;;;;;;;;;;;90;;
SCM;13.12.2015 00:00;;;;;;;;;975.2;;;;1023.7;0.9;3.8;3.2;13.7;3.8;13.7;;;;;;;;;;;;;;76;;
SCM;14.12.2015 00:00;;;;;;;;;975.4;;;;1024;0.9;5.1;3.2;18.4;4.9;17.6;;;;;;;;;;;;;;180;;
SCM;15.12.2015 00:00;;;;;;;;;978.6;;;;1027.3;0.9;4.2;3.2;15.1;4.2;15.1;;;;;;;;;;;;;;90;;
SCM;16.12.2015 00:00;;;;;;;;;981.5;;;;1030.3;1.7;12.4;6.1;44.6;12.2;43.9;;;;;;;;;;;;;;90;;
SCM;17.12.2015 00:00;;;;;;;;;980.2;;;;1029;1.6;8.5;5.8;30.6;8.2;29.5;;;;;;;;;;;;;;86;;
SCM;18.12.2015 00:00;;;;;;;;;978.6;;;;1027.3;1.2;8.6;4.3;31;8.4;30.2;;;;;;;;;;;;;;56;;
SCM;19.12.2015 00:00;;;;;;;;;977;;;;1025.6;0.8;3.8;2.9;13.7;3.6;13;;;;;;;;;;;;;;270;;
SCM;20.12.2015 00:00;;;;;;;;;976.3;;;;1024.9;0.9;3.9;3.2;14;3.8;13.7;;;;;;;;;;;;;;315;;
SCM;21.12.2015 00:00;;;;;;;;;981.5;;;;1030.3;0.9;3.8;3.2;13.7;3.7;13.3;;;;;;;;;;;;;;68;;
SCM;22.12.2015 00:00;;;;;;;;;983;;;;1031.8;1;5.9;3.6;21.2;5.7;20.5;;;;;;;;;;;;;;74;;
SCM;23.12.2015 00:00;;;;;;;;;982.3;;;;1031.2;1.2;5;4.3;18;4.7;16.9;;;;;;;;;;;;;;77;;
SCM;24.12.2015 00:00;;;;;;;;;980.2;;;;1028.9;0.9;5.7;3.2;20.5;5.5;19.8;;;;;;;;;;;;;;68;;
SCM;25.12.2015 00:00;;;;;;;;;984.3;;;;1033.2;1.4;8.6;5;31;8.2;29.5;;;;;;;;;;;;;;80;;
SCM;26.12.2015 00:00;;;;;;;;;984;;;;1032.9;0.9;4.5;3.2;16.2;4.3;15.5;;;;;;;;;;;;;;81;;
SCM;27.12.2015 00:00;;;;;;;;;983.8;;;;1032.7;0.9;4.9;3.2;17.6;4.8;17.3;;;;;;;;;;;;;;72;;
SCM;28.12.2015 00:00;;;;;;;;;981.2;;;;1030;0.7;3.4;2.5;12.2;3.3;11.9;;;;;;;;;;;;;;90;;
SCM;29.12.2015 00:00;;;;;;;;;980.9;;;;1029.6;0.9;3.7;3.2;13.3;3.6;13;;;;;;;;;;;;;;90;;
SCM;30.12.2015 00:00;;;;;;;;;978.3;;;;1026.9;0.9;3.5;3.2;12.6;3.4;12.2;;;;;;;;;;;;;;63;;
SCM;31.12.2015 00:00;;;;;;;;;977;;;;1025.6;1.2;7.6;4.3;27.4;7.1;25.6;;;;;;;;;;;;;;77;;
SCM;01.01.2016 00:00;;;;;;;;;975.5;;;;1024;1.2;5.6;4.3;20.2;5.5;19.8;;;;;;;;;;;;;;236;;
SCM;02.01.2016 00:00;;;;;;;;;966.8;;;;1014.9;1.2;6.9;4.3;24.8;6.8;24.5;;;;;;;;;;;;;;117;;
SCM;03.01.2016 00:00;;;;;;;;;959.6;;;;1007.5;0.9;4;3.2;14.4;3.8;13.7;;;;;;;;;;;;;;90;;
SCM;04.01.2016 00:00;;;;;;;;;949.1;;;;996.6;1.4;9.7;5;34.9;9.6;34.6;;;;;;;;;;;;;;68;;
SCM;05.01.2016 00:00;;;;;;;;;950.7;;;;998.3;1.9;11.7;6.8;42.1;10.8;38.9;;;;;;;;;;;;;;90;;
SCM;06.01.2016 00:00;;;;;;;;;953.9;;;;1001.6;1.6;11.2;5.8;40.3;10.9;39.2;;;;;;;;;;;;;;94;;
SCM;07.01.2016 00:00;;;;;;;;;953.9;;;;1001.6;1.7;12.2;6.1;43.9;11.8;42.5;;;;;;;;;;;;;;90;;
SCM;08.01.2016 00:00;;;;;;;;;958.8;;;;1006.7;1.5;8;5.4;28.8;7.6;27.4;;;;;;;;;;;;;;90;;
SCM;09.01.2016 00:00;;;;;;;;;956.6;;;;1004.4;1.6;8.2;5.8;29.5;7.9;28.4;;;;;;;;;;;;;;86;;
SCM;10.01.2016 00:00;;;;;;;;;953.4;;;;1001.1;1.5;10.1;5.4;36.4;9.5;34.2;;;;;;;;;;;;;;76;;
SCM;11.01.2016 00:00;;;;;;;;;948.3;;;;995.8;1.5;16.7;5.4;60.1;15.5;55.8;;;;;;;;;;;;;;315;;
SCM;12.01.2016 00:00;;;;;;;;;956.7;;;;1004.5;4.4;18.7;15.8;67.3;17.4;62.6;;;;;;;;;;;;;;287;;
SCM;13.01.2016 00:00;;;;;;;;;970.2;;;;1018.5;3.9;20.3;14;73.1;18.1;65.2;;;;;;;;;;;;;;285;;
SCM;14.01.2016 00:00;;;;;;;;;965.1;;;;1013.2;2.4;11.2;8.6;40.3;10.9;39.2;;;;;;;;;;;;;;93;;
SCM;15.01.2016 00:00;;;;;;;;;966.4;;;;1014.6;4.8;15.6;17.3;56.2;15;54;;;;;;;;;;;;;;289;;
SCM;16.01.2016 00:00;;;;;;;;;973.4;;;;1021.9;2.2;8.9;7.9;32;8.6;31;;;;;;;;;;;;;;292;;
SCM;17.01.2016 00:00;;;;;;;;;975;;;;1023.5;2.8;12.8;10.1;46.1;12.6;45.4;;;;;;;;;;;;;;291;;
SCM;18.01.2016 00:00;;;;;;;;;969.7;;;;1018;1.5;8;5.4;28.8;7.6;27.4;;;;;;;;;;;;;;85;;
SCM;19.01.2016 00:00;;;;;;;;;966.8;;;;1015;1;4.3;3.6;15.5;4.2;15.1;;;;;;;;;;;;;;84;;
SCM;20.01.2016 00:00;;;;;;;;;969.5;;;;1017.8;0.8;2.8;2.9;10.1;2.7;9.7;;;;;;;;;;;;;;90;;
SCM;21.01.2016 00:00;;;;;;;;;975.5;;;;1024;1.2;3.8;4.3;13.7;3.7;13.3;;;;;;;;;;;;;;261;;
SCM;22.01.2016 00:00;;;;;;;;;980.2;;;;1028.9;1.2;5.7;4.3;20.5;5.6;20.2;;;;;;;;;;;;;;90;;
SCM;23.01.2016 00:00;;;;;;;;;986;;;;1034.9;1.5;12.5;5.4;45;11.9;42.8;;;;;;;;;;;;;;86;;
SCM;24.01.2016 00:00;;;;;;;;;986.3;;;;1035.2;1.8;13.7;6.5;49.3;13.4;48.2;;;;;;;;;;;;;;104;;
SCM;25.01.2016 00:00;;;;;;;;;982.5;;;;1031.3;1.1;5.2;4;18.7;5;18;;;;;;;;;;;;;;45;;
SCM;26.01.2016 00:00;;;;;;;;;981.4;;;;1030.1;1.3;5.9;4.7;21.2;5.5;19.8;;;;;;;;;;;;;;74;;
SCM;27.01.2016 00:00;;;;;;;;;977.4;;;;1026.1;1.3;7.6;4.7;27.4;7.4;26.6;;;;;;;;;;;;;;75;;
SCM;28.01.2016 00:00;;;;;;;;;977.8;;;;1026.4;1.2;7;4.3;25.2;6.4;23;;;;;;;;;;;;;;72;;
SCM;29.01.2016 00:00;;;;;;;;;982.1;;;;1030.9;0.9;5.2;3.2;18.7;4.8;17.3;;;;;;;;;;;;;;90;;
SCM;30.01.2016 00:00;;;;;;;;;973.9;;;;1022.3;1.3;10.2;4.7;36.7;10;36;;;;;;;;;;;;;;90;;
SCM;31.01.2016 00:00;;;;;;;;;969.8;;;;1018.1;1.5;6.3;5.4;22.7;6.1;22;;;;;;;;;;;;;;83;;
SCM;01.02.2016 00:00;;;;;;;;;978.1;;;;1026.7;2;11.7;7.2;42.1;11.5;41.4;;;;;;;;;;;;;;281;;
SCM;02.02.2016 00:00;;;;;;;;;975.8;;;;1024.3;1;8;3.6;28.8;7.8;28.1;;;;;;;;;;;;;;270;;
SCM;03.02.2016 00:00;;;;;;;;;974;;;;1022.5;2;10.8;7.2;38.9;10.4;37.4;;;;;;;;;;;;;;287;;
SCM;04.02.2016 00:00;;;;;;;;;980.7;;;;1029.4;1.7;12;6.1;43.2;11.8;42.5;;;;;;;;;;;;;;307;;
SCM;05.02.2016 00:00;;;;;;;;;979.2;;;;1027.9;1.5;7.9;5.4;28.4;7.7;27.7;;;;;;;;;;;;;;104;;
SCM;06.02.2016 00:00;;;;;;;;;969.3;;;;1017.6;3.4;20.7;12.2;74.5;19.1;68.8;;;;;;;;;;;;;;148;;
SCM;07.02.2016 00:00;;;;;;;;;960.8;;;;1008.7;3;15.3;10.8;55.1;14.6;52.6;;;;;;;;;;;;;;261;;
SCM;08.02.2016 00:00;;;;;;;;;962.2;;;;1010.2;2.7;19.3;9.7;69.5;18.5;66.6;;;;;;;;;;;;;;297;;
SCM;09.02.2016 00:00;;;;;;;;;953.6;;;;1001.3;4.1;27.7;14.8;99.7;27;97.2;;;;;;;;;;;;;;280;;
SCM;10.02.2016 00:00;;;;;;;;;955.3;;;;1003;4.5;19.2;16.2;69.1;18.3;65.9;;;;;;;;;;;;;;290;;
SCM;11.02.2016 00:00;;;;;;;;;960.5;;;;1008.5;1.4;8.3;5;29.9;8.1;29.2;;;;;;;;;;;;;;112;;
SCM;12.02.2016 00:00;;;;;;;;;952.2;;;;999.9;2.1;11.3;7.6;40.7;11;39.6;;;;;;;;;;;;;;104;;
SCM;13.02.2016 00:00;;;;;;;;;945.7;;;;993.1;2.8;15.7;10.1;56.5;14.6;52.6;;;;;;;;;;;;;;110;;
SCM;14.02.2016 00:00;;;;;;;;;945.4;;;;992.8;2;11;7.2;39.6;10.8;38.9;;;;;;;;;;;;;;76;;
SCM;15.02.2016 00:00;;;;;;;;;963;;;;1011;2.1;9;7.6;32.4;8.9;32;;;;;;;;;;;;;;262;;
SCM;16.02.2016 00:00;;;;;;;;;977.9;;;;1026.6;2.7;11.1;9.7;40;10.6;38.2;;;;;;;;;;;;;;73;;
SCM;17.02.2016 00:00;;;;;;;;;969.8;;;;1018.1;1;4.7;3.6;16.9;4.5;16.2;;;;;;;;;;;;;;243;;
SCM;18.02.2016 00:00;;;;;;;;;967.9;;;;1016.1;1.1;3.8;4;13.7;3.7;13.3;;;;;;;;;;;;;;90;;
SCM;19.02.2016 00:00;;;;;;;;;974.2;;;;1022.6;1.3;8.4;4.7;30.2;8.2;29.5;;;;;;;;;;;;;;0;;
SCM;20.02.2016 00:00;;;;;;;;;976.8;;;;1025.4;1.8;11;6.5;39.6;10.5;37.8;;;;;;;;;;;;;;90;;
SCM;21.02.2016 00:00;;;;;;;;;974;;;;1022.5;1.4;6.9;5;24.8;6.7;24.1;;;;;;;;;;;;;;81;;
SCM;22.02.2016 00:00;;;;;;;;;967.3;;;;1015.5;1.2;7.5;4.3;27;7.2;25.9;;;;;;;;;;;;;;72;;
SCM;23.02.2016 00:00;;;;;;;;;967;;;;1015.2;2.3;14.4;8.3;51.8;13.7;49.3;;;;;;;;;;;;;;285;;
SCM;24.02.2016 00:00;;;;;;;;;968.5;;;;1016.7;1.3;5;4.7;18;4.9;17.6;;;;;;;;;;;;;;180;;
SCM;25.02.2016 00:00;;;;;;;;;963.8;;;;1011.9;1.2;6;4.3;21.6;5.8;20.9;;;;;;;;;;;;;;270;;
SCM;26.02.2016 00:00;;;;;;;;;961.9;;;;1009.9;1.1;7.2;4;25.9;6.8;24.5;;;;;;;;;;;;;;60;;
SCM;27.02.2016 00:00;;;;;;;;;955.9;;;;1003.6;1.1;4.1;4;14.8;4;14.4;;;;;;;;;;;;;;262;;
SCM;28.02.2016 00:00;;;;;;;;;958.1;;;;1006;1.1;9.6;4;34.6;9.3;33.5;;;;;;;;;;;;;;45;;
SCM;29.02.2016 00:00;;;;;;;;;964.3;;;;1012.4;2.6;10.1;9.4;36.4;9.5;34.2;;;;;;;;;;;;;;293;;
SCM;01.03.2016 00:00;;;;;;;;;972.6;;;;1021.1;1.3;5.6;4.7;20.2;5.5;19.8;;;;;;;;;;;;;;360;;
SCM;02.03.2016 00:00;;;;;;;;;960.8;;;;1008.8;2.4;22.2;8.6;79.9;21.9;78.8;;;;;;;;;;;;;;117;;
SCM;03.03.2016 00:00;;;;;;;;;957.8;;;;1005.6;1.9;10.3;6.8;37.1;10;36;;;;;;;;;;;;;;315;;
SCM;04.03.2016 00:00;;;;;;;;;954.5;;;;1002.2;3;17.9;10.8;64.4;17.3;62.3;;;;;;;;;;;;;;171;;
SCM;05.03.2016 00:00;;;;;;;;;949.8;;;;997.3;1;9.5;3.6;34.2;9.3;33.5;;;;;;;;;;;;;;90;;
SCM;06.03.2016 00:00;;;;;;;;;956.3;;;;1004.1;2.1;10;7.6;36;9.8;35.3;;;;;;;;;;;;;;291;;
SCM;07.03.2016 00:00;;;;;;;;;956.7;;;;1004.5;1.4;12.6;5;45.4;12.2;43.9;;;;;;;;;;;;;;225;;
SCM;08.03.2016 00:00;;;;;;;;;966.2;;;;1014.3;2.1;6.4;7.6;23;6.3;22.7;;;;;;;;;;;;;;276;;
SCM;09.03.2016 00:00;;;;;;;;;961.2;;;;1009.2;1.3;5.1;4.7;18.4;5;18;;;;;;;;;;;;;;259;;
SCM;10.03.2016 00:00;;;;;;;;;966.5;;;;1014.7;1;3.8;3.6;13.7;3.8;13.7;;;;;;;;;;;;;;236;;
SCM;11.03.2016 00:00;;;;;;;;;972.5;;;;1020.9;1.7;10.8;6.1;38.9;10.2;36.7;;;;;;;;;;;;;;72;;
SCM;12.03.2016 00:00;;;;;;;;;975.1;;;;1023.6;1.3;5;4.7;18;4.9;17.6;;;;;;;;;;;;;;297;;
SCM;13.03.2016 00:00;;;;;;;;;974.7;;;;1023.2;3.2;13.5;11.5;48.6;13.2;47.5;;;;;;;;;;;;;;76;;
SCM;14.03.2016 00:00;;;;;;;;;975.9;;;;1024.5;1.4;7.9;5;28.4;7.7;27.7;;;;;;;;;;;;;;67;;
SCM;15.03.2016 00:00;;;;;;;;;973;;;;1021.5;1.3;7.7;4.7;27.7;7.3;26.3;;;;;;;;;;;;;;288;;
SCM;16.03.2016 00:00;;;;;;;;;969.7;;;;1018;2.8;10.5;10.1;37.8;10;36;;;;;;;;;;;;;;66;;
SCM;17.03.2016 00:00;;;;;;;;;974.5;;;;1023;0.9;3.8;3.2;13.7;3.7;13.3;;;;;;;;;;;;;;270;;
SCM;18.03.2016 00:00;;;;;;;;;971.4;;;;1019.8;0.7;4.9;2.5;17.6;4.8;17.3;;;;;;;;;;;;;;270;;
SCM;19.03.2016 00:00;;;;;;;;;969.6;;;;1017.9;0.9;5.1;3.2;18.4;4.8;17.3;;;;;;;;;;;;;;270;;
SCM;20.03.2016 00:00;;;;;;;;;969;;;;1017.3;1;4.2;3.6;15.1;4.1;14.8;;;;;;;;;;;;;;262;;
SCM;21.03.2016 00:00;;;;;;;;;968.8;;;;1017.1;1.3;4.7;4.7;16.9;4.6;16.6;;;;;;;;;;;;;;253;;
SCM;22.03.2016 00:00;;;;;;;;;963.7;;;;1011.8;1.7;10.2;6.1;36.7;10;36;;;;;;;;;;;;;;73;;
SCM;23.03.2016 00:00;;;;;;;;;961;;;;1008.9;1.5;5.2;5.4;18.7;5.1;18.4;;;;;;;;;;;;;;264;;
SCM;24.03.2016 00:00;;;;;;;;;966.8;;;;1014.9;1;7.4;3.6;26.6;7.2;25.9;;;;;;;;;;;;;;252;;
SCM;25.03.2016 00:00;;;;;;;;;969.6;;;;1018;0.9;3.1;3.2;11.2;3.1;11.2;;;;;;;;;;;;;;124;;
SCM;26.03.2016 00:00;;;;;;;;;970.1;;;;1018.4;1.8;9.7;6.5;34.9;9.4;33.8;;;;;;;;;;;;;;120;;
SCM;27.03.2016 00:00;;;;;;;;;966.5;;;;1014.7;2.6;12.5;9.4;45;12.1;43.6;;;;;;;;;;;;;;243;;
SCM;28.03.2016 00:00;;;;;;;;;962;;;;1010;1.4;5.9;5;21.2;5.6;20.2;;;;;;;;;;;;;;108;;
SCM;29.03.2016 00:00;;;;;;;;;965.8;;;;1014;1.8;20.9;6.5;75.2;20.5;73.8;;;;;;;;;;;;;;248;;
SCM;30.03.2016 00:00;;;;;;;;;965.3;;;;1013.5;1.5;12.1;5.4;43.6;11.6;41.8;;;;;;;;;;;;;;84;;
SCM;31.03.2016 00:00;;;;;;;;;959.8;;;;1007.7;4.3;19.7;15.5;70.9;19.1;68.8;;;;;;;;;;;;;;122;;
SCM;01.04.2016 00:00;;;;;;;;;966.9;;;;1015.1;2.1;10.1;7.6;36.4;9.7;34.9;;;;;;;;;;;;;;275;;
SCM;02.04.2016 00:00;;;;;;;;;967.3;;;;1015.5;0.9;4;3.2;14.4;3.9;14;;;;;;;;;;;;;;278;;
SCM;03.04.2016 00:00;;;;;;;;;963.4;;;;1011.5;2.9;12.5;10.4;45;11.9;42.8;;;;;;;;;;;;;;211;;
SCM;04.04.2016 00:00;;;;;;;;;960.1;;;;1008;1.8;6.4;6.5;23;6.3;22.7;;;;;;;;;;;;;;266;;
SCM;05.04.2016 00:00;;;;;;;;;961.3;;;;1009.2;2.7;9;9.7;32.4;8.7;31.3;;;;;;;;;;;;;;265;;
SCM;06.04.2016 00:00;;;;;;;;;967.1;;;;1015.3;0.8;3.5;2.9;12.6;3.5;12.6;;;;;;;;;;;;;;153;;
SCM;07.04.2016 00:00;;;;;;;;;965.5;;;;1013.6;1.3;8.4;4.7;30.2;8.3;29.9;;;;;;;;;;;;;;261;;
SCM;08.04.2016 00:00;;;;;;;;;963.2;;;;1011.3;1.6;8.1;5.8;29.2;7.9;28.4;;;;;;;;;;;;;;117;;
SCM;09.04.2016 00:00;;;;;;;;;960.4;;;;1008.3;1.4;5.4;5;19.4;5.3;19.1;;;;;;;;;;;;;;252;;
SCM;10.04.2016 00:00;;;;;;;;;962.1;;;;1010.1;1.3;7.5;4.7;27;7.1;25.6;;;;;;;;;;;;;;117;;
SCM;11.04.2016 00:00;;;;;;;;;962.5;;;;1010.5;1;6.6;3.6;23.8;6.5;23.4;;;;;;;;;;;;;;270;;
SCM;12.04.2016 00:00;;;;;;;;;963.2;;;;1011.2;1.5;13.3;5.4;47.9;12.4;44.6;;;;;;;;;;;;;;252;;
SCM;13.04.2016 00:00;;;;;;;;;962.3;;;;1010.3;2;10.4;7.2;37.4;10.2;36.7;;;;;;;;;;;;;;248;;
SCM;14.04.2016 00:00;;;;;;;;;965.8;;;;1013.9;1.3;9.3;4.7;33.5;9;32.4;;;;;;;;;;;;;;104;;
SCM;15.04.2016 00:00;;;;;;;;;962.1;;;;1010.1;1.8;10.5;6.5;37.8;10.1;36.4;;;;;;;;;;;;;;108;;
SCM;16.04.2016 00:00;;;;;;;;;959;;;;1006.9;1.5;6.9;5.4;24.8;6.8;24.5;;;;;;;;;;;;;;270;;
SCM;17.04.2016 00:00;;;;;;;;;963.1;;;;1011.2;1.3;8.3;4.7;29.9;8;28.8;;;;;;;;;;;;;;225;;
SCM;18.04.2016 00:00;;;;;;;;;972.5;;;;1020.9;2.2;10.9;7.9;39.2;10.8;38.9;;;;;;;;;;;;;;278;;
SCM;19.04.2016 00:00;;;;;;;;;977.3;;;;1025.8;1.5;6.1;5.4;22;5.9;21.2;;;;;;;;;;;;;;236;;
SCM;20.04.2016 00:00;;;;;;;;;976.5;;;;1025.1;2;8.9;7.2;32;8.4;30.2;;;;;;;;;;;;;;18;;
SCM;21.04.2016 00:00;;;;;;;;;972.8;;;;1021.2;0.9;3.3;3.2;11.9;3.3;11.9;;;;;;;;;;;;;;270;;
SCM;22.04.2016 00:00;;;;;;;;;967.3;;;;1015.5;1.8;9.7;6.5;34.9;9.3;33.5;;;;;;;;;;;;;;257;;
SCM;23.04.2016 00:00;;;;;;;;;962;;;;1010;1.5;10;5.4;36;9.5;34.2;;;;;;;;;;;;;;280;;
SCM;24.04.2016 00:00;;;;;;;;;965.8;;;;1013.9;2.2;12.9;7.9;46.4;12.6;45.4;;;;;;;;;;;;;;274;;
SCM;25.04.2016 00:00;;;;;;;;;965.8;;;;1013.9;3.2;11.9;11.5;42.8;11.6;41.8;;;;;;;;;;;;;;268;;
SCM;26.04.2016 00:00;;;;;;;;;958.8;;;;1006.6;2.9;14.7;10.4;52.9;14.4;51.8;;;;;;;;;;;;;;281;;
SCM;27.04.2016 00:00;;;;;;;;;965.2;;;;1013.3;2.9;15.9;10.4;57.2;15.4;55.4;;;;;;;;;;;;;;255;;
SCM;28.04.2016 00:00;;;;;;;;;967.6;;;;1015.8;1.9;6.3;6.8;22.7;6.2;22.3;;;;;;;;;;;;;;225;;
SCM;29.04.2016 00:00;;;;;;;;;969.2;;;;1017.5;1.9;6;6.8;21.6;5.9;21.2;;;;;;;;;;;;;;248;;
SCM;30.04.2016 00:00;;;;;;;;;966.8;;;;1015;2.3;20.7;8.3;74.5;20.2;72.7;;;;;;;;;;;;;;279;;
SCM;01.05.2016 00:00;;;;;;;;;970.7;;;;1019;1.6;6.1;5.8;22;5.9;21.2;;;;;;;;;;;;;;306;;
SCM;02.05.2016 00:00;;;;;;;;;973.8;;;;1022.2;1.1;4.7;4;16.9;4.5;16.2;;;;;;;;;;;;;;112;;
SCM;03.05.2016 00:00;;;;;;;;;974.5;;;;1023;1.8;13;6.5;46.8;12.8;46.1;;;;;;;;;;;;;;135;;
SCM;04.05.2016 00:00;;;;;;;;;977.3;;;;1025.9;1.7;9.8;6.1;35.3;9.4;33.8;;;;;;;;;;;;;;84;;
SCM;05.05.2016 00:00;;;;;;;;;971.4;;;;1019.8;2.2;7.5;7.9;27;7.1;25.6;;;;;;;;;;;;;;90;;
SCM;06.05.2016 00:00;;;;;;;;;967;;;;1015.2;2.3;9.6;8.3;34.6;9.4;33.8;;;;;;;;;;;;;;117;;
SCM;07.05.2016 00:00;;;;;;;;;963.4;;;;1011.5;2.6;11.5;9.4;41.4;10.8;38.9;;;;;;;;;;;;;;107;;
SCM;08.05.2016 00:00;;;;;;;;;962.6;;;;1010.6;4.5;14.1;16.2;50.8;12.9;46.4;;;;;;;;;;;;;;112;;
SCM;09.05.2016 00:00;;;;;;;;;964;;;;1012.1;4;13.8;14.4;49.7;13.1;47.2;;;;;;;;;;;;;;163;;
SCM;10.05.2016 00:00;;;;;;;;;961.3;;;;1009.3;3.2;14.6;11.5;52.6;13.6;49;;;;;;;;;;;;;;117;;
SCM;11.05.2016 00:00;;;;;;;;;955;;;;1002.7;1.6;12.7;5.8;45.7;11.9;42.8;;;;;;;;;;;;;;247;;
SCM;12.05.2016 00:00;;;;;;;;;953.7;;;;1001.3;1.6;9.6;5.8;34.6;9.3;33.5;;;;;;;;;;;;;;72;;
SCM;13.05.2016 00:00;;;;;;;;;954.7;;;;1002.4;0.8;2.8;2.9;10.1;2.7;9.7;;;;;;;;;;;;;;108;;
SCM;14.05.2016 00:00;;;;;;;;;962.6;;;;1010.6;2.2;11.3;7.9;40.7;11;39.6;;;;;;;;;;;;;;261;;
SCM;15.05.2016 00:00;;;;;;;;;971.8;;;;1020.2;2.1;8.4;7.6;30.2;8.2;29.5;;;;;;;;;;;;;;273;;
SCM;16.05.2016 00:00;;;;;;;;;973.5;;;;1022;1;5.3;3.6;19.1;5.1;18.4;;;;;;;;;;;;;;135;;
SCM;17.05.2016 00:00;;;;;;;;;971.4;;;;1019.7;0.8;3.7;2.9;13.3;3.5;12.6;;;;;;;;;;;;;;153;;
SCM;18.05.2016 00:00;;;;;;;;;965.1;;;;1013.3;1.9;10.4;6.8;37.4;9.9;35.6;;;;;;;;;;;;;;180;;
SCM;19.05.2016 00:00;;;;;;;;;967.1;;;;1015.3;1.1;8;4;28.8;7.3;26.3;;;;;;;;;;;;;;90;;
SCM;20.05.2016 00:00;;;;;;;;;973.5;;;;1021.9;1.2;6.3;4.3;22.7;6.2;22.3;;;;;;;;;;;;;;231;;
SCM;21.05.2016 00:00;;;;;;;;;970.1;;;;1018.4;1.5;7.4;5.4;26.6;7.2;25.9;;;;;;;;;;;;;;270;;
SCM;22.05.2016 00:00;;;;;;;;;963.7;;;;1011.8;3.4;15.2;12.2;54.7;14.8;53.3;;;;;;;;;;;;;;202;;
SCM;23.05.2016 00:00;;;;;;;;;968.2;;;;1016.5;1.6;12.3;5.8;44.3;11.7;42.1;;;;;;;;;;;;;;281;;
SCM;24.05.2016 00:00;;;;;;;;;967.8;;;;1016.1;1.5;5.5;5.4;19.8;5.4;19.4;;;;;;;;;;;;;;162;;
SCM;25.05.2016 00:00;;;;;;;;;966.5;;;;1014.7;1.6;7.8;5.8;28.1;7.7;27.7;;;;;;;;;;;;;;260;;
SCM;26.05.2016 00:00;;;;;;;;;967.1;;;;1015.3;1.2;4.3;4.3;15.5;4.1;14.8;;;;;;;;;;;;;;270;;
SCM;27.05.2016 00:00;;;;;;;;;966.5;;;;1014.7;1.7;20.3;6.1;73.1;19.9;71.6;;;;;;;;;;;;;;270;;
SCM;28.05.2016 00:00;;;;;;;;;964.8;;;;1012.9;1.7;8.2;6.1;29.5;8.1;29.2;;;;;;;;;;;;;;259;;
SCM;29.05.2016 00:00;;;;;;;;;960.3;;;;1008.2;1.1;10;4;36;9.7;34.9;;;;;;;;;;;;;;270;;
SCM;30.05.2016 00:00;;;;;;;;;961.2;;;;1009.1;2.1;11.1;7.6;40;10.9;39.2;;;;;;;;;;;;;;270;;
SCM;31.05.2016 00:00;;;;;;;;;964.8;;;;1012.9;1.8;9.7;6.5;34.9;9.4;33.8;;;;;;;;;;;;;;180;;
SCM;01.06.2016 00:00;;;;;;;;;966.6;;;;1014.8;1.5;5.3;5.4;19.1;5.1;18.4;;;;;;;;;;;;;;243;;
SCM;02.06.2016 00:00;;;;;;;;;964.6;;;;1012.7;0.8;3.8;2.9;13.7;3.8;13.7;;;;;;;;;;;;;;112;;
SCM;03.06.2016 00:00;;;;;;;;;964.1;;;;1012.2;1.4;8.1;5;29.2;7.9;28.4;;;;;;;;;;;;;;253;;
SCM;04.06.2016 00:00;;;;;;;;;966;;;;1014.1;1.1;9;4;32.4;8.9;32;;;;;;;;;;;;;;0;;
SCM;05.06.2016 00:00;;;;;;;;;969.5;;;;1017.8;1.4;7.1;5;25.6;6.9;24.8;;;;;;;;;;;;;;153;;
SCM;06.06.2016 00:00;;;;;;;;;971.1;;;;1019.5;1.6;5.8;5.8;20.9;5.7;20.5;;;;;;;;;;;;;;257;;
SCM;07.06.2016 00:00;;;;;;;;;973.1;;;;1021.6;1.2;6.3;4.3;22.7;6.1;22;;;;;;;;;;;;;;45;;
SCM;08.06.2016 00:00;;;;;;;;;972.2;;;;1020.6;1.5;9.2;5.4;33.1;9;32.4;;;;;;;;;;;;;;90;;
SCM;09.06.2016 00:00;;;;;;;;;969.3;;;;1017.6;2.2;8.5;7.9;30.6;8.2;29.5;;;;;;;;;;;;;;243;;
SCM;10.06.2016 00:00;;;;;;;;;964.9;;;;1013;2.2;7.9;7.9;28.4;7.4;26.6;;;;;;;;;;;;;;243;;
SCM;11.06.2016 00:00;;;;;;;;;964.9;;;;1013.1;1.3;8.6;4.7;31;8.4;30.2;;;;;;;;;;;;;;111;;
SCM;12.06.2016 00:00;;;;;;;;;964.7;;;;1012.8;1.3;10.4;4.7;37.4;10.2;36.7;;;;;;;;;;;;;;270;;
SCM;13.06.2016 00:00;;;;;;;;;959.6;;;;1007.5;1.2;8.3;4.3;29.9;7.9;28.4;;;;;;;;;;;;;;117;;
SCM;14.06.2016 00:00;;;;;;;;;957.1;;;;1004.9;1.2;7.1;4.3;25.6;6.8;24.5;;;;;;;;;;;;;;153;;
SCM;15.06.2016 00:00;;;;;;;;;956.6;;;;1004.4;1.7;10.5;6.1;37.8;10.2;36.7;;;;;;;;;;;;;;124;;
SCM;16.06.2016 00:00;;;;;;;;;957.1;;;;1004.8;2;6.2;7.2;22.3;6.1;22;;;;;;;;;;;;;;90;;
SCM;17.06.2016 00:00;;;;;;;;;965.1;;;;1013.3;2.7;11.8;9.7;42.5;11.5;41.4;;;;;;;;;;;;;;106;;
SCM;18.06.2016 00:00;;;;;;;;;971.5;;;;1019.9;2.4;13.2;8.6;47.5;12.9;46.4;;;;;;;;;;;;;;180;;
SCM;19.06.2016 00:00;;;;;;;;;975.6;;;;1024.1;1.1;9.4;4;33.8;9.3;33.5;;;;;;;;;;;;;;135;;
SCM;20.06.2016 00:00;;;;;;;;;974.5;;;;1023;1.3;6;4.7;21.6;5.9;21.2;;;;;;;;;;;;;;246;;
SCM;21.06.2016 00:00;;;;;;;;;975.8;;;;1024.3;1.2;6.2;4.3;22.3;6;21.6;;;;;;;;;;;;;;225;;
SCM;22.06.2016 00:00;;;;;;;;;975.2;;;;1023.8;1.1;5.1;4;18.4;4.9;17.6;;;;;;;;;;;;;;270;;
SCM;23.06.2016 00:00;;;;;;;;;972.5;;;;1020.9;1.2;9.3;4.3;33.5;8.6;31;;;;;;;;;;;;;;270;;
SCM;24.06.2016 00:00;;;;;;;;;970.1;;;;1018.4;1.9;14.3;6.8;51.5;14.2;51.1;;;;;;;;;;;;;;135;;
SCM;25.06.2016 00:00;;;;;;;;;968.8;;;;1017.1;2.1;11.9;7.6;42.8;11.8;42.5;;;;;;;;;;;;;;264;;
SCM;26.06.2016 00:00;;;;;;;;;971.9;;;;1020.3;0.7;4;2.5;14.4;3.9;14;;;;;;;;;;;;;;225;;
SCM;27.06.2016 00:00;;;;;;;;;973.9;;;;1022.4;1.4;6.7;5;24.1;6.5;23.4;;;;;;;;;;;;;;230;;
SCM;28.06.2016 00:00;;;;;;;;;970.7;;;;1019;1.8;8.7;6.5;31.3;8.3;29.9;;;;;;;;;;;;;;225;;
SCM;29.06.2016 00:00;;;;;;;;;967.9;;;;1016.1;1.4;4.9;5;17.6;4.8;17.3;;;;;;;;;;;;;;262;;
SCM;30.06.2016 00:00;;;;;;;;;969.4;;;;1017.7;1.9;6.2;6.8;22.3;6;21.6;;;;;;;;;;;;;;256;;
SCM;01.07.2016 00:00;;;;;;;;;970.1;;;;1018.4;2.2;8.8;7.9;31.7;8.6;31;;;;;;;;;;;;;;180;;
SCM;02.07.2016 00:00;;;;;;;;;971.2;;;;1019.6;1.9;9.2;6.8;33.1;8.8;31.7;;;;;;;;;;;;;;270;;
SCM;03.07.2016 00:00;;;;;;;;;974.4;;;;1022.9;1.2;4.9;4.3;17.6;4.8;17.3;;;;;;;;;;;;;;230;;
SCM;04.07.2016 00:00;;;;;;;;;972.7;;;;1021.2;1.8;7;6.5;25.2;6.9;24.8;;;;;;;;;;;;;;254;;
SCM;05.07.2016 00:00;;;;;;;;;970.5;;;;1018.9;1.9;7.5;6.8;27;7.1;25.6;;;;;;;;;;;;;;261;;
SCM;06.07.2016 00:00;;;;;;;;;972.6;;;;1021;1.5;6;5.4;21.6;5.9;21.2;;;;;;;;;;;;;;243;;
SCM;07.07.2016 00:00;;;;;;;;;972.5;;;;1020.9;1.8;6.2;6.5;22.3;6.2;22.3;;;;;;;;;;;;;;252;;
SCM;08.07.2016 00:00;;;;;;;;;971.5;;;;1019.9;1.3;7.7;4.7;27.7;7.3;26.3;;;;;;;;;;;;;;236;;
SCM;09.07.2016 00:00;;;;;;;;;972.9;;;;1021.3;1.2;6.8;4.3;24.5;6.8;24.5;;;;;;;;;;;;;;214;;
SCM;10.07.2016 00:00;;;;;;;;;968;;;;1016.3;1;4.5;3.6;16.2;4.4;15.8;;;;;;;;;;;;;;270;;
SCM;11.07.2016 00:00;;;;;;;;;967.1;;;;1015.3;2.1;12.3;7.6;44.3;12;43.2;;;;;;;;;;;;;;104;;
SCM;12.07.2016 00:00;;;;;;;;;967.9;;;;1016.1;1.7;7.2;6.1;25.9;7;25.2;;;;;;;;;;;;;;270;;
SCM;13.07.2016 00:00;;;;;;;;;969.6;;;;1017.9;1.3;13.5;4.7;48.6;13;46.8;;;;;;;;;;;;;;108;;
SCM;14.07.2016 00:00;;;;;;;;;973.4;;;;1021.8;1.4;7.4;5;26.6;7.2;25.9;;;;;;;;;;;;;;288;;
SCM;15.07.2016 00:00;;;;;;;;;978.5;;;;1027.1;1.2;4.5;4.3;16.2;4.4;15.8;;;;;;;;;;;;;;117;;
SCM;16.07.2016 00:00;;;;;;;;;978.2;;;;1026.8;1.3;5.9;4.7;21.2;5.8;20.9;;;;;;;;;;;;;;248;;
SCM;17.07.2016 00:00;;;;;;;;;975.1;;;;1023.7;1.2;5.6;4.3;20.2;5.4;19.4;;;;;;;;;;;;;;0;;
SCM;18.07.2016 00:00;;;;;;;;;974.1;;;;1022.6;1.1;6.2;4;22.3;6;21.6;;;;;;;;;;;;;;0;;
SCM;19.07.2016 00:00;;;;;;;;;972.6;;;;1021;1.2;7.6;4.3;27.4;7.4;26.6;;;;;;;;;;;;;;90;;
SCM;20.07.2016 00:00;;;;;;;;;969.5;;;;1017.8;1;5.6;3.6;20.2;5.3;19.1;;;;;;;;;;;;;;90;;
SCM;21.07.2016 00:00;;;;;;;;;969.3;;;;1017.6;1.8;10.5;6.5;37.8;10.3;37.1;;;;;;;;;;;;;;104;;
SCM;22.07.2016 00:00;;;;;;;;;968.5;;;;1016.8;1.6;16.8;5.8;60.5;16.2;58.3;;;;;;;;;;;;;;108;;
SCM;23.07.2016 00:00;;;;;;;;;970.6;;;;1018.9;1.1;4.7;4;16.9;4.6;16.6;;;;;;;;;;;;;;153;;
SCM;24.07.2016 00:00;;;;;;;;;971.9;;;;1020.3;1.8;7.7;6.5;27.7;7.5;27;;;;;;;;;;;;;;243;;
SCM;25.07.2016 00:00;;;;;;;;;972.3;;;;1020.7;0.5;5.5;1.8;19.8;5.4;19.4;;;;;;;;;;;;;;270;;
SCM;26.07.2016 00:00;;;;;;;;;972.1;;;;1020.5;1.3;7.1;4.7;25.6;6.8;24.5;;;;;;;;;;;;;;207;;
SCM;27.07.2016 00:00;;;;;;;;;971.2;;;;1019.6;1.3;6.9;4.7;24.8;6.8;24.5;;;;;;;;;;;;;;162;;
SCM;28.07.2016 00:00;;;;;;;;;970.7;;;;1019;1.5;5.7;5.4;20.5;5.4;19.4;;;;;;;;;;;;;;225;;
SCM;29.07.2016 00:00;;;;;;;;;969.3;;;;1017.5;1.2;4.9;4.3;17.6;4.9;17.6;;;;;;;;;;;;;;202;;
SCM;30.07.2016 00:00;;;;;;;;;967.6;;;;1015.8;2.5;14;9;50.4;13.4;48.2;;;;;;;;;;;;;;111;;
SCM;31.07.2016 00:00;;;;;;;;;968.2;;;;1016.5;1.7;12.8;6.1;46.1;12.2;43.9;;;;;;;;;;;;;;225;;
SCM;01.08.2016 00:00;;;;;;;;;972.3;;;;1020.7;1.2;5.3;4.3;19.1;5.1;18.4;;;;;;;;;;;;;;243;;
SCM;02.08.2016 00:00;;;;;;;;;972.3;;;;1020.7;1.7;7.4;6.1;26.6;7.3;26.3;;;;;;;;;;;;;;180;;
SCM;03.08.2016 00:00;;;;;;;;;969.4;;;;1017.7;1.2;5.6;4.3;20.2;5.4;19.4;;;;;;;;;;;;;;207;;
SCM;04.08.2016 00:00;;;;;;;;;966.3;;;;1014.5;2.4;14.1;8.6;50.8;13.2;47.5;;;;;;;;;;;;;;266;;
SCM;05.08.2016 00:00;;;;;;;;;972.8;;;;1021.3;1.9;13.6;6.8;49;13;46.8;;;;;;;;;;;;;;225;;
SCM;06.08.2016 00:00;;;;;;;;;979;;;;1027.7;0.9;4.1;3.2;14.8;4;14.4;;;;;;;;;;;;;;124;;
SCM;07.08.2016 00:00;;;;;;;;;979.3;;;;1028;1.4;4.8;5;17.3;4.6;16.6;;;;;;;;;;;;;;270;;
SCM;08.08.2016 00:00;;;;;;;;;974.5;;;;1023;1.4;6.1;5;22;5.9;21.2;;;;;;;;;;;;;;236;;
SCM;09.08.2016 00:00;;;;;;;;;973.2;;;;1021.7;1.5;6.7;5.4;24.1;6.5;23.4;;;;;;;;;;;;;;270;;
SCM;10.08.2016 00:00;;;;;;;;;973.5;;;;1021.9;1.4;6.9;5;24.8;6.8;24.5;;;;;;;;;;;;;;100;;
SCM;11.08.2016 00:00;;;;;;;;;976.6;;;;1025.2;1.3;6.5;4.7;23.4;6.1;22;;;;;;;;;;;;;;207;;
SCM;12.08.2016 00:00;;;;;;;;;979.3;;;;1028;1.7;6.2;6.1;22.3;6.2;22.3;;;;;;;;;;;;;;102;;
SCM;13.08.2016 00:00;;;;;;;;;976.9;;;;1025.5;1.1;8.2;4;29.5;8.1;29.2;;;;;;;;;;;;;;90;;
SCM;14.08.2016 00:00;;;;;;;;;974.5;;;;1023;1.1;7;4;25.2;6.8;24.5;;;;;;;;;;;;;;270;;
SCM;15.08.2016 00:00;;;;;;;;;972.1;;;;1020.5;1.7;8.3;6.1;29.9;8.1;29.2;;;;;;;;;;;;;;90;;
SCM;16.08.2016 00:00;;;;;;;;;968.3;;;;1016.6;1.6;9.4;5.8;33.8;9;32.4;;;;;;;;;;;;;;104;;
SCM;17.08.2016 00:00;;;;;;;;;965.6;;;;1013.7;1.9;11.4;6.8;41;11.1;40;;;;;;;;;;;;;;114;;
SCM;18.08.2016 00:00;;;;;;;;;964.7;;;;1012.8;2.6;17.6;9.4;63.4;17.2;61.9;;;;;;;;;;;;;;99;;
SCM;19.08.2016 00:00;;;;;;;;;965.5;;;;1013.6;1.8;9.4;6.5;33.8;9;32.4;;;;;;;;;;;;;;108;;
SCM;20.08.2016 00:00;;;;;;;;;969;;;;1017.3;1.6;10.4;5.8;37.4;10.2;36.7;;;;;;;;;;;;;;270;;
SCM;21.08.2016 00:00;;;;;;;;;975.4;;;;1024;1.6;7.4;5.8;26.6;7.3;26.3;;;;;;;;;;;;;;270;;
SCM;22.08.2016 00:00;;;;;;;;;980.5;;;;1029.2;1.5;4.5;5.4;16.2;4.3;15.5;;;;;;;;;;;;;;214;;
SCM;23.08.2016 00:00;;;;;;;;;978.4;;;;1027;1.4;5.2;5;18.7;4.9;17.6;;;;;;;;;;;;;;90;;
SCM;24.08.2016 00:00;;;;;;;;;974.3;;;;1022.7;0.9;5.8;3.2;20.9;5.6;20.2;;;;;;;;;;;;;;252;;
SCM;25.08.2016 00:00;;;;;;;;;971.1;;;;1019.4;0.8;2.9;2.9;10.4;2.9;10.4;;;;;;;;;;;;;;225;;
SCM;26.08.2016 00:00;;;;;;;;;971.2;;;;1019.5;1.1;3.9;4;14;3.8;13.7;;;;;;;;;;;;;;90;;
SCM;27.08.2016 00:00;;;;;;;;;971.1;;;;1019.5;1.1;8.9;4;32;8.7;31.3;;;;;;;;;;;;;;90;;
SCM;28.08.2016 00:00;;;;;;;;;971;;;;1019.3;1.1;4.6;4;16.6;4.4;15.8;;;;;;;;;;;;;;180;;
SCM;29.08.2016 00:00;;;;;;;;;973.2;;;;1021.6;0.7;4.5;2.5;16.2;4.3;15.5;;;;;;;;;;;;;;117;;
SCM;30.08.2016 00:00;;;;;;;;;973.4;;;;1021.9;1.5;7.4;5.4;26.6;7.1;25.6;;;;;;;;;;;;;;95;;
SCM;31.08.2016 00:00;;;;;;;;;973.2;;;;1021.6;1.1;11;4;39.6;10.4;37.4;;;;;;;;;;;;;;243;;
SCM;01.09.2016 00:00;;;;;;;;;975;;;;1023.5;1.4;4.4;5;15.8;4.3;15.5;;;;;;;;;;;;;;233;;
SCM;02.09.2016 00:00;;;;;;;;;973.7;;;;1022.2;1.3;5.5;4.7;19.8;5.4;19.4;;;;;;;;;;;;;;233;;
SCM;03.09.2016 00:00;;;;;;;;;972.5;;;;1021;1.1;5.2;4;18.7;5.1;18.4;;;;;;;;;;;;;;180;;
SCM;04.09.2016 00:00;;;;;;;;;971.2;;;;1019.6;1.4;7.7;5;27.7;7.4;26.6;;;;;;;;;;;;;;45;;
SCM;05.09.2016 00:00;;;;;;;;;975;;;;1023.5;0.8;3.2;2.9;11.5;3.1;11.2;;;;;;;;;;;;;;112;;
SCM;06.09.2016 00:00;;;;;;;;;976.8;;;;1025.4;2.2;9.5;7.9;34.2;9.1;32.8;;;;;;;;;;;;;;73;;
SCM;07.09.2016 00:00;;;;;;;;;971;;;;1019.3;1.3;8.7;4.7;31.3;8.3;29.9;;;;;;;;;;;;;;108;;
SCM;08.09.2016 00:00;;;;;;;;;968.6;;;;1016.9;0.9;3.7;3.2;13.3;3.6;13;;;;;;;;;;;;;;90;;
SCM;09.09.2016 00:00;;;;;;;;;969.6;;;;1017.8;1.2;7.7;4.3;27.7;7.4;26.6;;;;;;;;;;;;;;72;;
SCM;10.09.2016 00:00;;;;;;;;;969.5;;;;1017.8;1.8;15.3;6.5;55.1;14.8;53.3;;;;;;;;;;;;;;124;;
SCM;11.09.2016 00:00;;;;;;;;;970.6;;;;1019;2.3;12.6;8.3;45.4;12.2;43.9;;;;;;;;;;;;;;102;;
SCM;12.09.2016 00:00;;;;;;;;;970.5;;;;1018.8;1.9;10.6;6.8;38.2;10;36;;;;;;;;;;;;;;95;;
SCM;13.09.2016 00:00;;;;;;;;;967.8;;;;1016;1.7;10.9;6.1;39.2;10.7;38.5;;;;;;;;;;;;;;97;;
SCM;14.09.2016 00:00;;;;;;;;;965.2;;;;1013.3;1.6;11.1;5.8;40;10.7;38.5;;;;;;;;;;;;;;99;;
SCM;15.09.2016 00:00;;;;;;;;;964.9;;;;1013;2.4;12.3;8.6;44.3;11.9;42.8;;;;;;;;;;;;;;214;;
SCM;16.09.2016 00:00;;;;;;;;;968.2;;;;1016.4;1.9;9.9;6.8;35.6;9.5;34.2;;;;;;;;;;;;;;265;;
SCM;17.09.2016 00:00;;;;;;;;;968.2;;;;1016.5;1.3;9.7;4.7;34.9;9.6;34.6;;;;;;;;;;;;;;256;;
SCM;18.09.2016 00:00;;;;;;;;;966.5;;;;1014.7;1;8.5;3.6;30.6;8.4;30.2;;;;;;;;;;;;;;270;;
SCM;19.09.2016 00:00;;;;;;;;;970;;;;1018.3;1.1;4.9;4;17.6;4.7;16.9;;;;;;;;;;;;;;90;;
SCM;20.09.2016 00:00;;;;;;;;;969.2;;;;1017.5;1.2;5.6;4.3;20.2;5.5;19.8;;;;;;;;;;;;;;45;;
SCM;21.09.2016 00:00;;;;;;;;;970.1;;;;1018.4;1;3.5;3.6;12.6;3.4;12.2;;;;;;;;;;;;;;279;;
SCM;22.09.2016 00:00;;;;;;;;;973.6;;;;1022;1.3;5;4.7;18;4.9;17.6;;;;;;;;;;;;;;233;;
SCM;23.09.2016 00:00;;;;;;;;;977.3;;;;1025.9;0.9;4.3;3.2;15.5;4;14.4;;;;;;;;;;;;;;0;;
SCM;24.09.2016 00:00;;;;;;;;;976.4;;;;1025;1.2;5;4.3;18;4.7;16.9;;;;;;;;;;;;;;243;;
SCM;25.09.2016 00:00;;;;;;;;;973.5;;;;1021.9;1;4.3;3.6;15.5;4.2;15.1;;;;;;;;;;;;;;135;;
SCM;26.09.2016 00:00;;;;;;;;;973.6;;;;1022.1;1.3;5.5;4.7;19.8;5.3;19.1;;;;;;;;;;;;;;243;;
SCM;27.09.2016 00:00;;;;;;;;;977.8;;;;1026.4;1.1;4.6;4;16.6;4.4;15.8;;;;;;;;;;;;;;117;;
SCM;28.09.2016 00:00;;;;;;;;;981.7;;;;1030.5;0.9;3.9;3.2;14;3.6;13;;;;;;;;;;;;;;90;;
SCM;29.09.2016 00:00;;;;;;;;;976.1;;;;1024.7;1.1;5.6;4;20.2;5.4;19.4;;;;;;;;;;;;;;79;;
SCM;30.09.2016 00:00;;;;;;;;;969.8;;;;1018.1;1.4;7.4;5;26.6;7.1;25.6;;;;;;;;;;;;;;90;;
SCM;01.10.2016 00:00;;;;;;;;;966.3;;;;1014.4;1.6;10.3;5.8;37.1;9.7;34.9;;;;;;;;;;;;;;284;;
SCM;02.10.2016 00:00;;;;;;;;;970;;;;1018.3;1.1;6.5;4;23.4;6.4;23;;;;;;;;;;;;;;108;;
SCM;03.10.2016 00:00;;;;;;;;;977.7;;;;1026.4;1.1;5.4;4;19.4;5.3;19.1;;;;;;;;;;;;;;162;;
SCM;04.10.2016 00:00;;;;;;;;;978.8;;;;1027.5;2.8;12.3;10.1;44.3;11.9;42.8;;;;;;;;;;;;;;83;;
SCM;05.10.2016 00:00;;;;;;;;;976.1;;;;1024.6;2.6;12.2;9.4;43.9;11.5;41.4;;;;;;;;;;;;;;70;;
SCM;06.10.2016 00:00;;;;;;;;;969.6;;;;1017.9;2.7;12.9;9.7;46.4;12.3;44.3;;;;;;;;;;;;;;82;;
SCM;07.10.2016 00:00;;;;;;;;;968.8;;;;1017.1;1.3;5.8;4.7;20.9;5.7;20.5;;;;;;;;;;;;;;180;;
SCM;08.10.2016 00:00;;;;;;;;;972.1;;;;1020.5;0.8;3.5;2.9;12.6;3.3;11.9;;;;;;;;;;;;;;0;;
SCM;09.10.2016 00:00;;;;;;;;;974.2;;;;1022.7;1.3;7.7;4.7;27.7;7.6;27.4;;;;;;;;;;;;;;360;;
SCM;10.10.2016 00:00;;;;;;;;;972.9;;;;1021.4;1;5.1;3.6;18.4;4.7;16.9;;;;;;;;;;;;;;270;;
SCM;11.10.2016 00:00;;;;;;;;;968.7;;;;1017;1.2;7.6;4.3;27.4;7.4;26.6;;;;;;;;;;;;;;90;;
SCM;12.10.2016 00:00;;;;;;;;;967.8;;;;1016;1.5;8.8;5.4;31.7;8.3;29.9;;;;;;;;;;;;;;90;;
SCM;13.10.2016 00:00;;;;;;;;;963.8;;;;1011.9;1;4.2;3.6;15.1;4.1;14.8;;;;;;;;;;;;;;270;;
SCM;14.10.2016 00:00;;;;;;;;;959.3;;;;1007.2;1.6;8.6;5.8;31;8.5;30.6;;;;;;;;;;;;;;264;;
SCM;15.10.2016 00:00;;;;;;;;;967.7;;;;1015.9;0.7;4.5;2.5;16.2;4.3;15.5;;;;;;;;;;;;;;63;;
SCM;16.10.2016 00:00;;;;;;;;;973.9;;;;1022.4;1.4;5.9;5;21.2;5.8;20.9;;;;;;;;;;;;;;259;;
SCM;17.10.2016 00:00;;;;;;;;;975.8;;;;1024.4;1.2;6.4;4.3;23;6.3;22.7;;;;;;;;;;;;;;135;;
SCM;18.10.2016 00:00;;;;;;;;;975.7;;;;1024.2;0.7;2.7;2.5;9.7;2.6;9.4;;;;;;;;;;;;;;104;;
SCM;19.10.2016 00:00;;;;;;;;;972.2;;;;1020.6;1.1;7.5;4;27;7.3;26.3;;;;;;;;;;;;;;270;;
SCM;20.10.2016 00:00;;;;;;;;;968.4;;;;1016.7;1.2;6.3;4.3;22.7;6.2;22.3;;;;;;;;;;;;;;243;;
SCM;21.10.2016 00:00;;;;;;;;;968;;;;1016.2;1;4.5;3.6;16.2;4.1;14.8;;;;;;;;;;;;;;90;;
SCM;22.10.2016 00:00;;;;;;;;;967;;;;1015.2;1;4.7;3.6;16.9;4.6;16.6;;;;;;;;;;;;;;117;;
SCM;23.10.2016 00:00;;;;;;;;;964.5;;;;1012.6;1.7;9.7;6.1;34.9;9.5;34.2;;;;;;;;;;;;;;270;;
SCM;24.10.2016 00:00;;;;;;;;;967;;;;1015.2;1.4;6.9;5;24.8;6.8;24.5;;;;;;;;;;;;;;263;;
SCM;25.10.2016 00:00;;;;;;;;;974.4;;;;1022.9;1.1;6.8;4;24.5;6.6;23.8;;;;;;;;;;;;;;79;;
SCM;26.10.2016 00:00;;;;;;;;;978.4;;;;1027.1;1;4.3;3.6;15.5;4.3;15.5;;;;;;;;;;;;;;254;;
SCM;27.10.2016 00:00;;;;;;;;;984.2;;;;1033.1;1;3.8;3.6;13.7;3.7;13.3;;;;;;;;;;;;;;259;;
SCM;28.10.2016 00:00;;;;;;;;;985.8;;;;1034.8;0.9;4.7;3.2;16.9;4.6;16.6;;;;;;;;;;;;;;225;;
SCM;29.10.2016 00:00;;;;;;;;;984.4;;;;1033.3;1.1;4.6;4;16.6;4.5;16.2;;;;;;;;;;;;;;214;;
SCM;30.10.2016 00:00;;;;;;;;;980.2;;;;1029;0.9;3.5;3.2;12.6;3.5;12.6;;;;;;;;;;;;;;207;;
SCM;31.10.2016 00:00;;;;;;;;;978.6;;;;1027.3;0.9;4.9;3.2;17.6;4.6;16.6;;;;;;;;;;;;;;225;;
SCM;01.11.2016 00:00;;;;;;;;;974.6;;;;1023.1;0.8;2.5;2.9;9;2.5;9;;;;;;;;;;;;;;153;;
SCM;02.11.2016 00:00;;;;;;;;;971.7;;;;1020.1;1.1;6.1;4;22;6;21.6;;;;;;;;;;;;;;90;;
SCM;03.11.2016 00:00;;;;;;;;;972.8;;;;1021.2;1;4.7;3.6;16.9;4.5;16.2;;;;;;;;;;;;;;180;;
SCM;04.11.2016 00:00;;;;;;;;;967.7;;;;1015.9;0.9;9.4;3.2;33.8;8.7;31.3;;;;;;;;;;;;;;90;;
SCM;05.11.2016 00:00;;;;;;;;;956.3;;;;1004.1;1.3;7.7;4.7;27.7;7.5;27;;;;;;;;;;;;;;278;;
SCM;06.11.2016 00:00;;;;;;;;;956.2;;;;1004;1.4;7;5;25.2;6.9;24.8;;;;;;;;;;;;;;333;;
SCM;07.11.2016 00:00;;;;;;;;;960.8;;;;1008.8;1;8.8;3.6;31.7;8.5;30.6;;;;;;;;;;;;;;76;;
SCM;08.11.2016 00:00;;;;;;;;;963.2;;;;1011.2;1.1;6.1;4;22;6.1;22;;;;;;;;;;;;;;45;;
SCM;09.11.2016 00:00;;;;;;;;;959.8;;;;1007.7;2;14.3;7.2;51.5;13.9;50;;;;;;;;;;;;;;63;;
SCM;10.11.2016 00:00;;;;;;;;;963.3;;;;1011.4;2.1;13.2;7.6;47.5;12.6;45.4;;;;;;;;;;;;;;95;;
SCM;11.11.2016 00:00;;;;;;;;;967.7;;;;1015.9;2.3;8.6;8.3;31;8.4;30.2;;;;;;;;;;;;;;307;;
SCM;12.11.2016 00:00;;;;;;;;;974.2;;;;1022.7;1.1;6.2;4;22.3;6;21.6;;;;;;;;;;;;;;76;;
SCM;13.11.2016 00:00;;;;;;;;;975.4;;;;1023.9;0.9;7.6;3.2;27.4;7.5;27;;;;;;;;;;;;;;82;;
SCM;14.11.2016 00:00;;;;;;;;;981.1;;;;1029.9;1.3;6.4;4.7;23;6.1;22;;;;;;;;;;;;;;326;;
SCM;15.11.2016 00:00;;;;;;;;;982.3;;;;1031.1;1;4.7;3.6;16.9;4.6;16.6;;;;;;;;;;;;;;98;;
SCM;16.11.2016 00:00;;;;;;;;;975.9;;;;1024.4;0.7;3.8;2.5;13.7;3.7;13.3;;;;;;;;;;;;;;108;;
SCM;17.11.2016 00:00;;;;;;;;;967.7;;;;1015.9;1;4.6;3.6;16.6;4.4;15.8;;;;;;;;;;;;;;90;;
SCM;18.11.2016 00:00;;;;;;;;;961.7;;;;1009.6;1.7;7.8;6.1;28.1;7.6;27.4;;;;;;;;;;;;;;281;;
SCM;19.11.2016 00:00;;;;;;;;;964;;;;1012.1;1.8;18.5;6.5;66.6;17.8;64.1;;;;;;;;;;;;;;81;;
SCM;20.11.2016 00:00;;;;;;;;;960.2;;;;1008.1;2.5;13.5;9;48.6;13;46.8;;;;;;;;;;;;;;214;;
SCM;21.11.2016 00:00;;;;;;;;;956.1;;;;1003.9;6.8;21.3;24.5;76.7;20.4;73.4;;;;;;;;;;;;;;122;;
SCM;22.11.2016 00:00;;;;;;;;;963.4;;;;1011.5;2.3;16.6;8.3;59.8;16.2;58.3;;;;;;;;;;;;;;211;;
SCM;23.11.2016 00:00;;;;;;;;;966.8;;;;1015;2.3;9.3;8.3;33.5;9.1;32.8;;;;;;;;;;;;;;272;;
SCM;24.11.2016 00:00;;;;;;;;;965.3;;;;1013.4;3;17.3;10.8;62.3;15.4;55.4;;;;;;;;;;;;;;180;;
SCM;25.11.2016 00:00;;;;;;;;;966.5;;;;1014.7;0.8;3.4;2.9;12.2;3.3;11.9;;;;;;;;;;;;;;288;;
SCM;26.11.2016 00:00;;;;;;;;;969.5;;;;1017.8;0.9;4.9;3.2;17.6;4.8;17.3;;;;;;;;;;;;;;243;;
SCM;27.11.2016 00:00;;;;;;;;;968.9;;;;1017.1;1.4;11.4;5;41;11.1;40;;;;;;;;;;;;;;360;;
SCM;28.11.2016 00:00;;;;;;;;;972.1;;;;1020.5;3.8;13.8;13.7;49.7;12.8;46.1;;;;;;;;;;;;;;73;;
SCM;29.11.2016 00:00;;;;;;;;;980.8;;;;1029.5;1.2;8.8;4.3;31.7;8.6;31;;;;;;;;;;;;;;27;;
SCM;30.11.2016 00:00;;;;;;;;;984.8;;;;1033.7;0.9;3.6;3.2;13;3.5;12.6;;;;;;;;;;;;;;90;;
SCM;01.12.2016 00:00;;;;;;;;;979.8;;;;1028.5;0.9;4.9;3.2;17.6;4.9;17.6;;;;;;;;;;;;;;79;;
SCM;02.12.2016 00:00;;;;;;;;;973.9;;;;1022.3;0.8;4;2.9;14.4;3.8;13.7;;;;;;;;;;;;;;90;;
SCM;03.12.2016 00:00;;;;;;;;;972.2;;;;1020.7;1.2;5.2;4.3;18.7;5.1;18.4;;;;;;;;;;;;;;90;;
SCM;04.12.2016 00:00;;;;;;;;;976.7;;;;1025.2;0.8;2.5;2.9;9;2.4;8.6;;;;;;;;;;;;;;90;;
SCM;05.12.2016 00:00;;;;;;;;;979.5;;;;1028.2;1;2.9;3.6;10.4;2.9;10.4;;;;;;;;;;;;;;76;;
SCM;06.12.2016 00:00;;;;;;;;;982;;;;1030.8;0.7;6;2.5;21.6;5.9;21.2;;;;;;;;;;;;;;270;;
SCM;07.12.2016 00:00;;;;;;;;;985.8;;;;1034.7;1;3.3;3.6;11.9;3.2;11.5;;;;;;;;;;;;;;90;;
SCM;08.12.2016 00:00;;;;;;;;;986.5;;;;1035.4;1;4.2;3.6;15.1;4;14.4;;;;;;;;;;;;;;82;;
SCM;09.12.2016 00:00;;;;;;;;;984.3;;;;1033.2;0.7;3;2.5;10.8;2.9;10.4;;;;;;;;;;;;;;72;;
SCM;10.12.2016 00:00;;;;;;;;;979.5;;;;1028.2;0.8;3.2;2.9;11.5;3.1;11.2;;;;;;;;;;;;;;90;;
SCM;11.12.2016 00:00;;;;;;;;;977;;;;1025.6;1;5.6;3.6;20.2;5.6;20.2;;;;;;;;;;;;;;270;;
SCM;12.12.2016 00:00;;;;;;;;;977.9;;;;1026.5;0.7;4.4;2.5;15.8;4;14.4;;;;;;;;;;;;;;90;;
SCM;13.12.2016 00:00;;;;;;;;;978.7;;;;1027.3;1;3.6;3.6;13;3.6;13;;;;;;;;;;;;;;76;;
SCM;14.12.2016 00:00;;;;;;;;;977.3;;;;1025.9;0.9;3.1;3.2;11.2;3;10.8;;;;;;;;;;;;;;98;;
SCM;15.12.2016 00:00;;;;;;;;;978.4;;;;1027;1;2.5;3.6;9;2.4;8.6;;;;;;;;;;;;;;96;;
SCM;16.12.2016 00:00;;;;;;;;;981.7;;;;1030.5;1;3.5;3.6;12.6;3.4;12.2;;;;;;;;;;;;;;68;;
SCM;17.12.2016 00:00;;;;;;;;;988.8;;;;1037.9;0.9;2.7;3.2;9.7;2.6;9.4;;;;;;;;;;;;;;53;;
SCM;18.12.2016 00:00;;;;;;;;;985.3;;;;1034.2;0.9;2.9;3.2;10.4;2.8;10.1;;;;;;;;;;;;;;76;;
SCM;19.12.2016 00:00;;;;;;;;;975.6;;;;1024.1;1;3.9;3.6;14;3.8;13.7;;;;;;;;;;;;;;270;;
SCM;20.12.2016 00:00;;;;;;;;;973.7;;;;1022.1;1;4.5;3.6;16.2;4.4;15.8;;;;;;;;;;;;;;309;;
SCM;21.12.2016 00:00;;;;;;;;;980.8;;;;1029.5;0.9;3.3;3.2;11.9;3.2;11.5;;;;;;;;;;;;;;76;;
SCM;22.12.2016 00:00;;;;;;;;;984.2;;;;1033.1;0.9;3.3;3.2;11.9;3.1;11.2;;;;;;;;;;;;;;76;;
SCM;23.12.2016 00:00;;;;;;;;;986;;;;1035;1;4;3.6;14.4;3.8;13.7;;;;;;;;;;;;;;117;;
SCM;24.12.2016 00:00;;;;;;;;;984.7;;;;1033.6;1;4.7;3.6;16.9;4.5;16.2;;;;;;;;;;;;;;79;;
SCM;25.12.2016 00:00;;;;;;;;;983.8;;;;1032.7;0.8;4.4;2.9;15.8;4.2;15.1;;;;;;;;;;;;;;76;;
SCM;26.12.2016 00:00;;;;;;;;;984.3;;;;1033.2;1.1;5.9;4;21.2;5.7;20.5;;;;;;;;;;;;;;270;;
SCM;27.12.2016 00:00;;;;;;;;;991.9;;;;1041.1;1.1;6.3;4;22.7;6.3;22.7;;;;;;;;;;;;;;270;;
SCM;28.12.2016 00:00;;;;;;;;;993;;;;1042.2;0.8;3.6;2.9;13;3.5;12.6;;;;;;;;;;;;;;90;;
SCM;29.12.2016 00:00;;;;;;;;;989.1;;;;1038.2;0.7;3;2.5;10.8;2.9;10.4;;;;;;;;;;;;;;108;;
SCM;30.12.2016 00:00;;;;;;;;;989;;;;1038.1;0.9;2.8;3.2;10.1;2.8;10.1;;;;;;;;;;;;;;90;;
SCM;31.12.2016 00:00;;;;;;;;;985.3;;;;1034.2;1;3.2;3.6;11.5;3.1;11.2;;;;;;;;;;;;;;81;;
SCM;01.01.2017 00:00;;;;;;;;;975.5;;;;1024;0.9;4.7;3.2;16.9;4.6;16.6;;;;;;;;;;;;;;68;;
SCM;02.01.2017 00:00;;;;;;;;;974.3;;;;1022.8;0.8;5.4;2.9;19.4;5.3;19.1;;;;;;;;;;;;;;270;;
SCM;03.01.2017 00:00;;;;;;;;;978.2;;;;1026.8;1;4.4;3.6;15.8;4.3;15.5;;;;;;;;;;;;;;360;;
SCM;04.01.2017 00:00;;;;;;;;;972.7;;;;1021.1;1.4;8.4;5;30.2;7.9;28.4;;;;;;;;;;;;;;342;;
SCM;05.01.2017 00:00;;;;;;;;;977.6;;;;1026.2;2.2;7.5;7.9;27;7.4;26.6;;;;;;;;;;;;;;289;;
SCM;06.01.2017 00:00;;;;;;;;;987;;;;1036;1.1;6.4;4;23;6;21.6;;;;;;;;;;;;;;76;;
SCM;07.01.2017 00:00;;;;;;;;;984.8;;;;1033.7;0;0.9;0;3.2;0.9;3.2;;;;;;;;;;;;;;0;;
SCM;08.01.2017 00:00;;;;;;;;;981.4;;;;1030.1;0.4;2.7;1.4;9.7;2.5;9;;;;;;;;;;;;;;45;;
SCM;09.01.2017 00:00;;;;;;;;;977.7;;;;1026.3;1;3.7;3.6;13.3;3.6;13;;;;;;;;;;;;;;90;;
SCM;10.01.2017 00:00;;;;;;;;;964.8;;;;1012.9;1.4;11.1;5;40;10.9;39.2;;;;;;;;;;;;;;90;;
SCM;11.01.2017 00:00;;;;;;;;;967.9;;;;1016.1;0.9;6.5;3.2;23.4;6.4;23;;;;;;;;;;;;;;79;;
SCM;12.01.2017 00:00;;;;;;;;;964.6;;;;1012.7;1.1;5.2;4;18.7;4.9;17.6;;;;;;;;;;;;;;76;;
SCM;13.01.2017 00:00;;;;;;;;;958.7;;;;1006.6;4.8;23.9;17.3;86;22.7;81.7;;;;;;;;;;;;;;285;;
SCM;14.01.2017 00:00;;;;;;;;;966.4;;;;1014.6;3.1;11.2;11.2;40.3;10.9;39.2;;;;;;;;;;;;;;290;;
SCM;15.01.2017 00:00;;;;;;;;;972.8;;;;1021.2;0.8;3.7;2.9;13.3;3.6;13;;;;;;;;;;;;;;76;;
SCM;16.01.2017 00:00;;;;;;;;;973.4;;;;1021.8;0.7;4.9;2.5;17.6;4.7;16.9;;;;;;;;;;;;;;108;;
SCM;17.01.2017 00:00;;;;;;;;;977.6;;;;1026.2;2.4;11.4;8.6;41;10.6;38.2;;;;;;;;;;;;;;75;;
SCM;18.01.2017 00:00;;;;;;;;;980.5;;;;1029.2;1.4;9.6;5;34.6;9.4;33.8;;;;;;;;;;;;;;98;;
SCM;19.01.2017 00:00;;;;;;;;;982.1;;;;1030.9;0.8;5.3;2.9;19.1;4.9;17.6;;;;;;;;;;;;;;83;;
SCM;20.01.2017 00:00;;;;;;;;;982;;;;1030.8;0.6;4.5;2.2;16.2;2.8;10.1;;;;;;;;;;;;;;;;
SCM;21.01.2017 00:00;;;;;;;;;980.1;;;;1028.8;1;3.5;3.6;12.6;3.4;12.2;;;;;;;;;;;;;;81;;
SCM;22.01.2017 00:00;;;;;;;;;976.4;;;;1025;1.1;3.9;4;14;3.8;13.7;;;;;;;;;;;;;;37;;
SCM;23.01.2017 00:00;;;;;;;;;975.3;;;;1023.8;1.2;3.4;4.3;12.2;3.2;11.5;;;;;;;;;;;;;;83;;
SCM;24.01.2017 00:00;;;;;;;;;976.7;;;;1025.3;1.8;7;6.5;25.2;6.8;24.5;;;;;;;;;;;;;;94;;
SCM;25.01.2017 00:00;;;;;;;;;977.4;;;;1026;2.2;7.3;7.9;26.3;7.1;25.6;;;;;;;;;;;;;;84;;
SCM;26.01.2017 00:00;;;;;;;;;975.6;;;;1024.2;1;4.6;3.6;16.6;4.5;16.2;;;;;;;;;;;;;;74;;
SCM;27.01.2017 00:00;;;;;;;;;972.2;;;;1020.6;1.5;4.9;5.4;17.6;4.8;17.3;;;;;;;;;;;;;;279;;
SCM;28.01.2017 00:00;;;;;;;;;971.6;;;;1020;1;3.6;3.6;13;3.5;12.6;;;;;;;;;;;;;;76;;
SCM;29.01.2017 00:00;;;;;;;;;974.7;;;;1023.2;1.2;6;4.3;21.6;5.8;20.9;;;;;;;;;;;;;;82;;
SCM;30.01.2017 00:00;;;;;;;;;970.6;;;;1018.9;1.3;9;4.7;32.4;8.7;31.3;;;;;;;;;;;;;;76;;
SCM;31.01.2017 00:00;;;;;;;;;968.7;;;;1016.9;1;4.8;3.6;17.3;4.7;16.9;;;;;;;;;;;;;;72;;
SCM;01.02.2017 00:00;;;;;;;;;968.8;;;;1017.1;1.8;9.8;6.5;35.3;9.3;33.5;;;;;;;;;;;;;;83;;
SCM;02.02.2017 00:00;;;;;;;;;964.3;;;;1012.4;2.2;8.2;7.9;29.5;8.1;29.2;;;;;;;;;;;;;;267;;
SCM;03.02.2017 00:00;;;;;;;;;961.3;;;;1009.2;1.3;8.7;4.7;31.3;7.9;28.4;;;;;;;;;;;;;;76;;
SCM;04.02.2017 00:00;;;;;;;;;957.4;;;;1005.2;2;10;7.2;36;9.5;34.2;;;;;;;;;;;;;;297;;
SCM;05.02.2017 00:00;;;;;;;;;956.5;;;;1004.2;2.4;10.6;8.6;38.2;9.9;35.6;;;;;;;;;;;;;;127;;
SCM;06.02.2017 00:00;;;;;;;;;966.9;;;;1015.1;0.8;3.4;2.9;12.2;3.4;12.2;;;;;;;;;;;;;;243;;
SCM;07.02.2017 00:00;;;;;;;;;969.2;;;;1017.5;1.4;6.9;5;24.8;6.6;23.8;;;;;;;;;;;;;;96;;
SCM;08.02.2017 00:00;;;;;;;;;970.7;;;;1019.1;1.1;7.3;4;26.3;7.1;25.6;;;;;;;;;;;;;;315;;
SCM;09.02.2017 00:00;;;;;;;;;972.1;;;;1020.5;1.4;4.7;5;16.9;4.6;16.6;;;;;;;;;;;;;;266;;
SCM;10.02.2017 00:00;;;;;;;;;970.5;;;;1018.8;1;7.7;3.6;27.7;7.4;26.6;;;;;;;;;;;;;;243;;
SCM;11.02.2017 00:00;;;;;;;;;971.3;;;;1019.7;1.1;4.8;4;17.3;4.7;16.9;;;;;;;;;;;;;;225;;
SCM;12.02.2017 00:00;;;;;;;;;974.5;;;;1023;1;4.3;3.6;15.5;4.2;15.1;;;;;;;;;;;;;;284;;
SCM;13.02.2017 00:00;;;;;;;;;976.1;;;;1024.7;1.4;8.8;5;31.7;8.3;29.9;;;;;;;;;;;;;;360;;
SCM;14.02.2017 00:00;;;;;;;;;980.9;;;;1029.6;0.7;2.8;2.5;10.1;2.7;9.7;;;;;;;;;;;;;;270;;
SCM;15.02.2017 00:00;;;;;;;;;986.2;;;;1035.1;0.7;4.7;2.5;16.9;4.5;16.2;;;;;;;;;;;;;;90;;
SCM;16.02.2017 00:00;;;;;;;;;983.4;;;;1032.3;1.1;4.5;4;16.2;4.1;14.8;;;;;;;;;;;;;;63;;
SCM;17.02.2017 00:00;;;;;;;;;979.2;;;;1027.9;1.1;6.1;4;22;5.9;21.2;;;;;;;;;;;;;;82;;
SCM;18.02.2017 00:00;;;;;;;;;977.3;;;;1025.9;1.3;5;4.7;18;4.9;17.6;;;;;;;;;;;;;;262;;
SCM;19.02.2017 00:00;;;;;;;;;976.5;;;;1025.1;0.8;6.2;2.9;22.3;6;21.6;;;;;;;;;;;;;;225;;
SCM;20.02.2017 00:00;;;;;;;;;975.8;;;;1024.4;0.5;3.6;1.8;13;3.5;12.6;;;;;;;;;;;;;;0;;
SCM;21.02.2017 00:00;;;;;;;;;973.3;;;;1021.8;1.1;7.2;4;25.9;6.8;24.5;;;;;;;;;;;;;;84;;
SCM;22.02.2017 00:00;;;;;;;;;969.8;;;;1018.1;1.7;11.2;6.1;40.3;10.8;38.9;;;;;;;;;;;;;;277;;
SCM;23.02.2017 00:00;;;;;;;;;961.2;;;;1009.2;1.5;13.4;5.4;48.2;13.1;47.2;;;;;;;;;;;;;;243;;
SCM;24.02.2017 00:00;;;;;;;;;966.7;;;;1014.9;2.1;21;7.6;75.6;19.7;70.9;;;;;;;;;;;;;;239;;
SCM;25.02.2017 00:00;;;;;;;;;973;;;;1021.4;1.7;7.2;6.1;25.9;7;25.2;;;;;;;;;;;;;;153;;
SCM;26.02.2017 00:00;;;;;;;;;970.1;;;;1018.4;1.1;4.2;4;15.1;4.1;14.8;;;;;;;;;;;;;;90;;
SCM;27.02.2017 00:00;;;;;;;;;960.3;;;;1008.2;1.7;13.4;6.1;48.2;12.8;46.1;;;;;;;;;;;;;;146;;
SCM;28.02.2017 00:00;;;;;;;;;953.5;;;;1001.2;3.5;20.5;12.6;73.8;19.5;70.2;;;;;;;;;;;;;;278;;
SCM;01.03.2017 00:00;;;;;;;;;962.6;;;;1010.6;2.1;13.2;7.6;47.5;13.1;47.2;;;;;;;;;;;;;;279;;
SCM;02.03.2017 00:00;;;;;;;;;968.6;;;;1016.9;1.2;10.3;4.3;37.1;10;36;;;;;;;;;;;;;;90;;
SCM;03.03.2017 00:00;;;;;;;;;962.1;;;;1010.1;3.5;17.8;12.6;64.1;17.7;63.7;;;;;;;;;;;;;;141;;
SCM;04.03.2017 00:00;;;;;;;;;949.7;;;;997.2;6;22.8;21.6;82.1;21.2;76.3;;;;;;;;;;;;;;123;;
SCM;05.03.2017 00:00;;;;;;;;;958.8;;;;1006.6;2.7;20.8;9.7;74.9;20;72;;;;;;;;;;;;;;166;;
SCM;06.03.2017 00:00;;;;;;;;;958.4;;;;1006.3;2.4;13.2;8.6;47.5;13.1;47.2;;;;;;;;;;;;;;72;;
SCM;07.03.2017 00:00;;;;;;;;;969.2;;;;1017.5;2.6;9.7;9.4;34.9;9.5;34.2;;;;;;;;;;;;;;292;;
SCM;08.03.2017 00:00;;;;;;;;;975.5;;;;1024.1;2.1;14.3;7.6;51.5;14.1;50.8;;;;;;;;;;;;;;108;;
SCM;09.03.2017 00:00;;;;;;;;;975.4;;;;1024;1.1;7.4;4;26.6;6.8;24.5;;;;;;;;;;;;;;90;;
SCM;10.03.2017 00:00;;;;;;;;;977.3;;;;1025.9;1.1;8;4;28.8;7.9;28.4;;;;;;;;;;;;;;243;;
SCM;11.03.2017 00:00;;;;;;;;;972.6;;;;1021;1.6;8;5.8;28.8;7.3;26.3;;;;;;;;;;;;;;180;;
SCM;12.03.2017 00:00;;;;;;;;;966.8;;;;1015;0.7;2.6;2.5;9.4;2.5;9;;;;;;;;;;;;;;256;;
SCM;13.03.2017 00:00;;;;;;;;;975.2;;;;1023.7;0.5;2.5;1.8;9;2.4;8.6;;;;;;;;;;;;;;252;;
SCM;14.03.2017 00:00;;;;;;;;;982.9;;;;1031.7;1.1;6.1;4;22;6;21.6;;;;;;;;;;;;;;252;;
SCM;15.03.2017 00:00;;;;;;;;;981.6;;;;1030.4;1.2;6;4.3;21.6;5.6;20.2;;;;;;;;;;;;;;0;;
SCM;16.03.2017 00:00;;;;;;;;;975.7;;;;1024.3;0.8;4.5;2.9;16.2;4.4;15.8;;;;;;;;;;;;;;270;;
SCM;17.03.2017 00:00;;;;;;;;;969.8;;;;1018.1;2.4;13.7;8.6;49.3;13;46.8;;;;;;;;;;;;;;274;;
SCM;18.03.2017 00:00;;;;;;;;;968.6;;;;1016.8;1.3;8.6;4.7;31;8.4;30.2;;;;;;;;;;;;;;270;;
SCM;19.03.2017 00:00;;;;;;;;;968.3;;;;1016.5;0.8;4.6;2.9;16.6;4.5;16.2;;;;;;;;;;;;;;135;;
SCM;20.03.2017 00:00;;;;;;;;;965.8;;;;1014;1.6;5.5;5.8;19.8;5.4;19.4;;;;;;;;;;;;;;266;;
SCM;21.03.2017 00:00;;;;;;;;;964.3;;;;1012.3;0.9;4.5;3.2;16.2;4.5;16.2;;;;;;;;;;;;;;248;;
SCM;22.03.2017 00:00;;;;;;;;;964.6;;;;1012.7;1.5;5.8;5.4;20.9;5.7;20.5;;;;;;;;;;;;;;270;;
SCM;23.03.2017 00:00;;;;;;;;;964.9;;;;1013;4.3;17.4;15.5;62.6;16.8;60.5;;;;;;;;;;;;;;115;;
SCM;24.03.2017 00:00;;;;;;;;;973;;;;1021.4;2.3;10.5;8.3;37.8;9.7;34.9;;;;;;;;;;;;;;270;;
SCM;25.03.2017 00:00;;;;;;;;;971.5;;;;1019.9;2.1;8.6;7.6;31;8.2;29.5;;;;;;;;;;;;;;360;;
SCM;26.03.2017 00:00;;;;;;;;;972.4;;;;1020.8;0.7;3.4;2.5;12.2;3.3;11.9;;;;;;;;;;;;;;135;;
SCM;27.03.2017 00:00;;;;;;;;;973.6;;;;1022;1;3.6;3.6;13;3.5;12.6;;;;;;;;;;;;;;270;;
SCM;28.03.2017 00:00;;;;;;;;;976.3;;;;1024.9;1.3;6;4.7;21.6;5.9;21.2;;;;;;;;;;;;;;248;;
SCM;29.03.2017 00:00;;;;;;;;;978.8;;;;1027.4;1.4;5.8;5;20.9;5.8;20.9;;;;;;;;;;;;;;261;;
SCM;30.03.2017 00:00;;;;;;;;;977.1;;;;1025.7;1.1;4;4;14.4;3.9;14;;;;;;;;;;;;;;270;;
SCM;31.03.2017 00:00;;;;;;;;;970.5;;;;1018.8;1.5;5.3;5.4;19.1;5.2;18.7;;;;;;;;;;;;;;270;;
SCM;01.04.2017 00:00;;;;;;;;;965.2;;;;1013.3;1.7;7.8;6.1;28.1;7.6;27.4;;;;;;;;;;;;;;266;;
SCM;02.04.2017 00:00;;;;;;;;;969.6;;;;1017.9;1.6;6.3;5.8;22.7;6.2;22.3;;;;;;;;;;;;;;261;;
SCM;03.04.2017 00:00;;;;;;;;;973.8;;;;1022.3;1.9;7.6;6.8;27.4;7.3;26.3;;;;;;;;;;;;;;261;;
SCM;04.04.2017 00:00;;;;;;;;;973.6;;;;1022.1;1;4.8;3.6;17.3;4.8;17.3;;;;;;;;;;;;;;90;;
SCM;05.04.2017 00:00;;;;;;;;;974;;;;1022.5;1;5.9;3.6;21.2;5.8;20.9;;;;;;;;;;;;;;214;;
SCM;06.04.2017 00:00;;;;;;;;;975.5;;;;1024;1.5;8.4;5.4;30.2;8;28.8;;;;;;;;;;;;;;45;;
SCM;07.04.2017 00:00;;;;;;;;;975.6;;;;1024.2;1;4.7;3.6;16.9;4.6;16.6;;;;;;;;;;;;;;256;;
SCM;08.04.2017 00:00;;;;;;;;;974.6;;;;1023.1;0.9;4.3;3.2;15.5;4.2;15.1;;;;;;;;;;;;;;270;;
SCM;09.04.2017 00:00;;;;;;;;;975.2;;;;1023.7;1.1;5.8;4;20.9;5.6;20.2;;;;;;;;;;;;;;270;;
SCM;10.04.2017 00:00;;;;;;;;;972.6;;;;1021;1.9;11.5;6.8;41.4;11.2;40.3;;;;;;;;;;;;;;275;;
SCM;11.04.2017 00:00;;;;;;;;;974.8;;;;1023.3;2.4;7.7;8.6;27.7;7.6;27.4;;;;;;;;;;;;;;245;;
SCM;12.04.2017 00:00;;;;;;;;;971.2;;;;1019.6;1.7;7;6.1;25.2;6.9;24.8;;;;;;;;;;;;;;233;;
SCM;13.04.2017 00:00;;;;;;;;;967.9;;;;1016.1;2.1;13.3;7.6;47.9;12.7;45.7;;;;;;;;;;;;;;266;;
SCM;14.04.2017 00:00;;;;;;;;;969;;;;1017.2;1.4;7.1;5;25.6;6.8;24.5;;;;;;;;;;;;;;219;;
SCM;15.04.2017 00:00;;;;;;;;;970;;;;1018.3;1.6;7.9;5.8;28.4;7.5;27;;;;;;;;;;;;;;243;;
SCM;16.04.2017 00:00;;;;;;;;;973.1;;;;1021.5;2;10.6;7.2;38.2;10.4;37.4;;;;;;;;;;;;;;243;;
SCM;17.04.2017 00:00;;;;;;;;;970.7;;;;1019.1;2.2;9.6;7.9;34.6;9.1;32.8;;;;;;;;;;;;;;284;;
SCM;18.04.2017 00:00;;;;;;;;;974.2;;;;1022.7;2.3;10.1;8.3;36.4;9.9;35.6;;;;;;;;;;;;;;270;;
SCM;19.04.2017 00:00;;;;;;;;;979.3;;;;1028;2.2;10.9;7.9;39.2;10.2;36.7;;;;;;;;;;;;;;76;;
SCM;20.04.2017 00:00;;;;;;;;;983.7;;;;1032.6;3;9;10.8;32.4;8.4;30.2;;;;;;;;;;;;;;76;;
SCM;21.04.2017 00:00;;;;;;;;;981.7;;;;1030.5;2.1;7.6;7.6;27.4;7.2;25.9;;;;;;;;;;;;;;104;;
SCM;22.04.2017 00:00;;;;;;;;;975.8;;;;1024.3;2;9.4;7.2;33.8;9.2;33.1;;;;;;;;;;;;;;270;;
SCM;23.04.2017 00:00;;;;;;;;;974.1;;;;1022.6;2.4;7.2;8.6;25.9;7;25.2;;;;;;;;;;;;;;225;;
SCM;24.04.2017 00:00;;;;;;;;;967.5;;;;1015.7;1.3;5.8;4.7;20.9;5.6;20.2;;;;;;;;;;;;;;214;;
SCM;25.04.2017 00:00;;;;;;;;;960.9;;;;1008.8;2;10.3;7.2;37.1;10.1;36.4;;;;;;;;;;;;;;281;;
SCM;26.04.2017 00:00;;;;;;;;;961.8;;;;1009.8;2.2;7.1;7.9;25.6;6.8;24.5;;;;;;;;;;;;;;259;;
SCM;27.04.2017 00:00;;;;;;;;;965.7;;;;1013.8;1.9;6.6;6.8;23.8;6.5;23.4;;;;;;;;;;;;;;270;;
SCM;28.04.2017 00:00;;;;;;;;;967.6;;;;1015.8;1.3;4.2;4.7;15.1;3.9;14;;;;;;;;;;;;;;67;;
SCM;29.04.2017 00:00;;;;;;;;;969.3;;;;1017.6;2.3;7.8;8.3;28.1;7.4;26.6;;;;;;;;;;;;;;76;;
SCM;30.04.2017 00:00;;;;;;;;;962.2;;;;1010.2;2.5;12.4;9;44.6;11.8;42.5;;;;;;;;;;;;;;100;;
SCM;01.05.2017 00:00;;;;;;;;;966.1;;;;1014.3;2.8;13.3;10.1;47.9;12.8;46.1;;;;;;;;;;;;;;261;;
SCM;02.05.2017 00:00;;;;;;;;;968.2;;;;1016.5;2.4;8.4;8.6;30.2;8.1;29.2;;;;;;;;;;;;;;146;;
SCM;03.05.2017 00:00;;;;;;;;;969.2;;;;1017.5;2.2;7;7.9;25.2;6.9;24.8;;;;;;;;;;;;;;238;;
SCM;04.05.2017 00:00;;;;;;;;;968;;;;1016.2;2;15.7;7.2;56.5;15.4;55.4;;;;;;;;;;;;;;112;;
SCM;05.05.2017 00:00;;;;;;;;;968.7;;;;1017;2.3;7.8;8.3;28.1;7.4;26.6;;;;;;;;;;;;;;76;;
SCM;06.05.2017 00:00;;;;;;;;;963.8;;;;1011.9;3.5;16.1;12.6;58;15.4;55.4;;;;;;;;;;;;;;214;;
SCM;07.05.2017 00:00;;;;;;;;;968.9;;;;1017.1;1;3.4;3.6;12.2;3.3;11.9;;;;;;;;;;;;;;113;;
SCM;08.05.2017 00:00;;;;;;;;;970.3;;;;1018.7;1.5;7.7;5.4;27.7;7.2;25.9;;;;;;;;;;;;;;248;;
SCM;09.05.2017 00:00;;;;;;;;;968.3;;;;1016.6;2;5.2;7.2;18.7;5.1;18.4;;;;;;;;;;;;;;246;;
SCM;10.05.2017 00:00;;;;;;;;;960.7;;;;1008.6;1.7;11.2;6.1;40.3;10.9;39.2;;;;;;;;;;;;;;225;;
SCM;11.05.2017 00:00;;;;;;;;;953.8;;;;1001.5;3.8;16.2;13.7;58.3;15.6;56.2;;;;;;;;;;;;;;122;;
SCM;12.05.2017 00:00;;;;;;;;;958.6;;;;1006.4;2.2;12.5;7.9;45;12.4;44.6;;;;;;;;;;;;;;253;;
SCM;13.05.2017 00:00;;;;;;;;;966.7;;;;1014.9;;;;;;;;;;;;;;;;;;;;;;
SCM;14.05.2017 00:00;;;;;;;;;975.6;;;;1024.2;1.9;14.6;6.8;52.6;14.3;51.5;;;;;;;;;;;;;;104;;
SCM;15.05.2017 00:00;;;;;;;;;980.8;;;;1029.6;2.2;6.3;7.9;22.7;6.1;22;;;;;;;;;;;;;;231;;
SCM;16.05.2017 00:00;;;;;;;;;979.4;;;;1028.1;2.2;8.1;7.9;29.2;7.7;27.7;;;;;;;;;;;;;;270;;
SCM;17.05.2017 00:00;;;;;;;;;972.2;;;;1020.6;1.7;6.4;6.1;23;6.3;22.7;;;;;;;;;;;;;;297;;
SCM;18.05.2017 00:00;;;;;;;;;965.6;;;;1013.8;2;7;7.2;25.2;6.8;24.5;;;;;;;;;;;;;;247;;
SCM;19.05.2017 00:00;;;;;;;;;967.5;;;;1015.7;3.1;11.7;11.2;42.1;11.4;41;;;;;;;;;;;;;;275;;
SCM;20.05.2017 00:00;;;;;;;;;975.2;;;;1023.7;1.5;5.4;5.4;19.4;5.3;19.1;;;;;;;;;;;;;;135;;
SCM;21.05.2017 00:00;;;;;;;;;975.3;;;;1023.8;1.8;9.3;6.5;33.5;8.6;31;;;;;;;;;;;;;;59;;
SCM;22.05.2017 00:00;;;;;;;;;970.5;;;;1018.8;1.4;6.7;5;24.1;6.4;23;;;;;;;;;;;;;;243;;
SCM;23.05.2017 00:00;;;;;;;;;972.2;;;;1020.7;2.3;9.9;8.3;35.6;9.7;34.9;;;;;;;;;;;;;;266;;
SCM;24.05.2017 00:00;;;;;;;;;974.7;;;;1023.2;2.3;10.2;8.3;36.7;9.8;35.3;;;;;;;;;;;;;;246;;
SCM;25.05.2017 00:00;;;;;;;;;972.8;;;;1021.2;2.1;8.6;7.6;31;8.2;29.5;;;;;;;;;;;;;;79;;
SCM;26.05.2017 00:00;;;;;;;;;970.7;;;;1019;2.2;7.5;7.9;27;6.9;24.8;;;;;;;;;;;;;;27;;
SCM;27.05.2017 00:00;;;;;;;;;971.5;;;;1019.9;1.4;4.8;5;17.3;4.8;17.3;;;;;;;;;;;;;;262;;
SCM;28.05.2017 00:00;;;;;;;;;971.5;;;;1019.9;1.8;8.2;6.5;29.5;8;28.8;;;;;;;;;;;;;;256;;
SCM;29.05.2017 00:00;;;;;;;;;968.4;;;;1016.7;2.3;10.8;8.3;38.9;10.5;37.8;;;;;;;;;;;;;;270;;
SCM;30.05.2017 00:00;;;;;;;;;969.3;;;;1017.6;2.3;10.2;8.3;36.7;10;36;;;;;;;;;;;;;;236;;
SCM;31.05.2017 00:00;;;;;;;;;971.9;;;;1020.3;2;6.9;7.2;24.8;6.5;23.4;;;;;;;;;;;;;;247;;
SCM;01.06.2017 00:00;;;;;;;;;972.7;;;;1021.1;3;13.1;10.8;47.2;12.2;43.9;;;;;;;;;;;;;;238;;
SCM;02.06.2017 00:00;;;;;;;;;970.6;;;;1019;3.1;12.6;11.2;45.4;12.5;45;;;;;;;;;;;;;;114;;
SCM;03.06.2017 00:00;;;;;;;;;966.8;;;;1015;2.5;13;9;46.8;12.1;43.6;;;;;;;;;;;;;;231;;
SCM;04.06.2017 00:00;;;;;;;;;968.3;;;;1016.5;2.3;8.4;8.3;30.2;8;28.8;;;;;;;;;;;;;;273;;
SCM;05.06.2017 00:00;;;;;;;;;966.5;;;;1014.6;1.5;5.5;5.4;19.8;5.3;19.1;;;;;;;;;;;;;;254;;
SCM;06.06.2017 00:00;;;;;;;;;963.1;;;;1011.1;2.4;13.4;8.6;48.2;13.1;47.2;;;;;;;;;;;;;;277;;
SCM;07.06.2017 00:00;;;;;;;;;972.3;;;;1020.7;3.2;13.8;11.5;49.7;13.5;48.6;;;;;;;;;;;;;;273;;
SCM;08.06.2017 00:00;;;;;;;;;971.7;;;;1020.1;1.8;9.8;6.5;35.3;9.1;32.8;;;;;;;;;;;;;;0;;
SCM;09.06.2017 00:00;;;;;;;;;969;;;;1017.3;2;9.2;7.2;33.1;9;32.4;;;;;;;;;;;;;;104;;
SCM;10.06.2017 00:00;;;;;;;;;972.8;;;;1021.2;1.8;5.6;6.5;20.2;5.5;19.8;;;;;;;;;;;;;;246;;
SCM;11.06.2017 00:00;;;;;;;;;970.4;;;;1018.7;1.8;7.9;6.5;28.4;7.8;28.1;;;;;;;;;;;;;;254;;
SCM;12.06.2017 00:00;;;;;;;;;970;;;;1018.3;1.5;9.5;5.4;34.2;9.2;33.1;;;;;;;;;;;;;;270;;
SCM;13.06.2017 00:00;;;;;;;;;969.6;;;;1017.9;1.8;4.9;6.5;17.6;4.8;17.3;;;;;;;;;;;;;;252;;
SCM;14.06.2017 00:00;;;;;;;;;969.2;;;;1017.4;1.2;3.6;4.3;13;3.4;12.2;;;;;;;;;;;;;;233;;
SCM;15.06.2017 00:00;;;;;;;;;970.1;;;;1018.4;2.6;11.9;9.4;42.8;11.7;42.1;;;;;;;;;;;;;;171;;
SCM;16.06.2017 00:00;;;;;;;;;973.9;;;;1022.4;2.6;11.1;9.4;40;10.6;38.2;;;;;;;;;;;;;;274;;
SCM;17.06.2017 00:00;;;;;;;;;976.9;;;;1025.5;2.8;9.2;10.1;33.1;8.6;31;;;;;;;;;;;;;;242;;
SCM;18.06.2017 00:00;;;;;;;;;974.2;;;;1022.7;3;9.3;10.8;33.5;9.2;33.1;;;;;;;;;;;;;;75;;
SCM;19.06.2017 00:00;;;;;;;;;972.4;;;;1020.8;1.2;4.2;4.3;15.1;4.2;15.1;;;;;;;;;;;;;;231;;
SCM;20.06.2017 00:00;;;;;;;;;970.3;;;;1018.6;1.8;5.9;6.5;21.2;5.8;20.9;;;;;;;;;;;;;;225;;
SCM;21.06.2017 00:00;;;;;;;;;968.8;;;;1017.1;1.2;6.3;4.3;22.7;6.2;22.3;;;;;;;;;;;;;;90;;
SCM;22.06.2017 00:00;;;;;;;;;969;;;;1017.3;1.5;7;5.4;25.2;6.9;24.8;;;;;;;;;;;;;;225;;
SCM;23.06.2017 00:00;;;;;;;;;970.1;;;;1018.4;1.8;11.3;6.5;40.7;11;39.6;;;;;;;;;;;;;;259;;
SCM;24.06.2017 00:00;;;;;;;;;970.8;;;;1019.2;1.8;5.9;6.5;21.2;5.7;20.5;;;;;;;;;;;;;;254;;
SCM;25.06.2017 00:00;;;;;;;;;969.3;;;;1017.6;1.2;5.5;4.3;19.8;5.3;19.1;;;;;;;;;;;;;;112;;
SCM;26.06.2017 00:00;;;;;;;;;966;;;;1014.1;2.3;12;8.3;43.2;11.9;42.8;;;;;;;;;;;;;;191;;
SCM;27.06.2017 00:00;;;;;;;;;960.9;;;;1008.9;2.5;13;9;46.8;12.7;45.7;;;;;;;;;;;;;;108;;
SCM;28.06.2017 00:00;;;;;;;;;955;;;;1002.7;2.5;19.4;9;69.8;19.1;68.8;;;;;;;;;;;;;;252;;
SCM;29.06.2017 00:00;;;;;;;;;956.6;;;;1004.3;2.4;12.6;8.6;45.4;12.1;43.6;;;;;;;;;;;;;;95;;
SCM;30.06.2017 00:00;;;;;;;;;962.3;;;;1010.3;2.3;11.1;8.3;40;10.6;38.2;;;;;;;;;;;;;;149;;
SCM;01.07.2017 00:00;;;;;;;;;968;;;;1016.2;3;11.7;10.8;42.1;11.2;40.3;;;;;;;;;;;;;;261;;
SCM;02.07.2017 00:00;;;;;;;;;974.5;;;;1023;1.9;8.6;6.8;31;8.1;29.2;;;;;;;;;;;;;;278;;
SCM;03.07.2017 00:00;;;;;;;;;976;;;;1024.5;1.3;3.9;4.7;14;3.8;13.7;;;;;;;;;;;;;;171;;
SCM;04.07.2017 00:00;;;;;;;;;973.4;;;;1021.9;1.9;7;6.8;25.2;6.6;23.8;;;;;;;;;;;;;;243;;
SCM;05.07.2017 00:00;;;;;;;;;971.2;;;;1019.5;1.3;7.7;4.7;27.7;7.3;26.3;;;;;;;;;;;;;;180;;
SCM;06.07.2017 00:00;;;;;;;;;971.2;;;;1019.5;1.7;8.4;6.1;30.2;8;28.8;;;;;;;;;;;;;;90;;
SCM;07.07.2017 00:00;;;;;;;;;971.3;;;;1019.7;1.6;8.8;5.8;31.7;8.7;31.3;;;;;;;;;;;;;;135;;
SCM;08.07.2017 00:00;;;;;;;;;970.3;;;;1018.7;2.9;16.8;10.4;60.5;16.3;58.7;;;;;;;;;;;;;;94;;
SCM;09.07.2017 00:00;;;;;;;;;967.3;;;;1015.5;3.3;14;11.9;50.4;13.4;48.2;;;;;;;;;;;;;;97;;
SCM;10.07.2017 00:00;;;;;;;;;965.7;;;;1013.8;1.8;13.7;6.5;49.3;13.2;47.5;;;;;;;;;;;;;;106;;
SCM;11.07.2017 00:00;;;;;;;;;968.6;;;;1016.9;1.9;6.6;6.8;23.8;6.4;23;;;;;;;;;;;;;;130;;
SCM;12.07.2017 00:00;;;;;;;;;968.5;;;;1016.7;2.8;13.5;10.1;48.6;12.5;45;;;;;;;;;;;;;;266;;
SCM;13.07.2017 00:00;;;;;;;;;971.7;;;;1020.1;1.7;6.2;6.1;22.3;5.8;20.9;;;;;;;;;;;;;;225;;
SCM;14.07.2017 00:00;;;;;;;;;970.7;;;;1019;1.6;11.9;5.8;42.8;11.7;42.1;;;;;;;;;;;;;;243;;
SCM;15.07.2017 00:00;;;;;;;;;974.5;;;;1023;2.2;8;7.9;28.8;7.9;28.4;;;;;;;;;;;;;;250;;
SCM;16.07.2017 00:00;;;;;;;;;976.3;;;;1024.9;1.8;5.6;6.5;20.2;5.4;19.4;;;;;;;;;;;;;;248;;
SCM;17.07.2017 00:00;;;;;;;;;973.1;;;;1021.5;1.9;7.4;6.8;26.6;6.8;24.5;;;;;;;;;;;;;;236;;
SCM;18.07.2017 00:00;;;;;;;;;969.8;;;;1018.1;2.5;13.6;9;49;12.6;45.4;;;;;;;;;;;;;;96;;
SCM;19.07.2017 00:00;;;;;;;;;967.3;;;;1015.5;3.3;25.6;11.9;92.2;23.8;85.7;;;;;;;;;;;;;;101;;
SCM;20.07.2017 00:00;;;;;;;;;967.7;;;;1015.9;2;8;7.2;28.8;7.9;28.4;;;;;;;;;;;;;;101;;
SCM;21.07.2017 00:00;;;;;;;;;965.9;;;;1014.1;1.9;18.7;6.8;67.3;18.2;65.5;;;;;;;;;;;;;;264;;
SCM;22.07.2017 00:00;;;;;;;;;967.7;;;;1015.9;2;22.3;7.2;80.3;21.3;76.7;;;;;;;;;;;;;;248;;
SCM;23.07.2017 00:00;;;;;;;;;970.2;;;;1018.6;1.5;7.5;5.4;27;7.5;27;;;;;;;;;;;;;;243;;
SCM;24.07.2017 00:00;;;;;;;;;964.9;;;;1013;1.9;12.1;6.8;43.6;11.9;42.8;;;;;;;;;;;;;;124;;
SCM;25.07.2017 00:00;;;;;;;;;965.3;;;;1013.4;2.3;11.6;8.3;41.8;11;39.6;;;;;;;;;;;;;;288;;
SCM;26.07.2017 00:00;;;;;;;;;966;;;;1014.2;1.6;5.8;5.8;20.9;5.6;20.2;;;;;;;;;;;;;;85;;
SCM;27.07.2017 00:00;;;;;;;;;965.9;;;;1014.1;2;10.4;7.2;37.4;9.9;35.6;;;;;;;;;;;;;;82;;
SCM;28.07.2017 00:00;;;;;;;;;969.2;;;;1017.5;1.6;7.9;5.8;28.4;7.5;27;;;;;;;;;;;;;;82;;
SCM;29.07.2017 00:00;;;;;;;;;969.6;;;;1017.8;1.7;10.1;6.1;36.4;10;36;;;;;;;;;;;;;;90;;
SCM;30.07.2017 00:00;;;;;;;;;967.3;;;;1015.5;4.2;18.7;15.1;67.3;17.2;61.9;;;;;;;;;;;;;;99;;
SCM;31.07.2017 00:00;;;;;;;;;968.1;;;;1016.4;2.5;15.7;9;56.5;15.1;54.4;;;;;;;;;;;;;;121;;
SCM;01.08.2017 00:00;;;;;;;;;968.4;;;;1016.6;3;16.8;10.8;60.5;16.2;58.3;;;;;;;;;;;;;;258;;
SCM;02.08.2017 00:00;;;;;;;;;971.9;;;;1020.3;1.7;8.4;6.1;30.2;7.9;28.4;;;;;;;;;;;;;;90;;
SCM;03.08.2017 00:00;;;;;;;;;968.7;;;;1016.9;1.9;8.5;6.8;30.6;8.1;29.2;;;;;;;;;;;;;;108;;
SCM;04.08.2017 00:00;;;;;;;;;968.9;;;;1017.2;2;8.2;7.2;29.5;7.8;28.1;;;;;;;;;;;;;;256;;
SCM;05.08.2017 00:00;;;;;;;;;969.7;;;;1018;1.7;8.6;6.1;31;8.3;29.9;;;;;;;;;;;;;;217;;
SCM;06.08.2017 00:00;;;;;;;;;974.2;;;;1022.7;2;6.8;7.2;24.5;6.6;23.8;;;;;;;;;;;;;;180;;
SCM;07.08.2017 00:00;;;;;;;;;969.5;;;;1017.8;2.2;6;7.9;21.6;5.7;20.5;;;;;;;;;;;;;;90;;
SCM;08.08.2017 00:00;;;;;;;;;966.7;;;;1014.9;1.9;13;6.8;46.8;12.9;46.4;;;;;;;;;;;;;;263;;
SCM;09.08.2017 00:00;;;;;;;;;969.3;;;;1017.6;1.5;7.2;5.4;25.9;7;25.2;;;;;;;;;;;;;;180;;
SCM;10.08.2017 00:00;;;;;;;;;972;;;;1020.4;2.1;9.4;7.6;33.8;9.1;32.8;;;;;;;;;;;;;;275;;
SCM;11.08.2017 00:00;;;;;;;;;971.1;;;;1019.4;2;8.4;7.2;30.2;8.2;29.5;;;;;;;;;;;;;;277;;
SCM;12.08.2017 00:00;;;;;;;;;973.9;;;;1022.4;1.3;4.1;4.7;14.8;4;14.4;;;;;;;;;;;;;;108;;
SCM;13.08.2017 00:00;;;;;;;;;973.1;;;;1021.5;2;6.4;7.2;23;6.2;22.3;;;;;;;;;;;;;;238;;
SCM;14.08.2017 00:00;;;;;;;;;971.8;;;;1020.2;1.6;8.8;5.8;31.7;8.5;30.6;;;;;;;;;;;;;;117;;
SCM;15.08.2017 00:00;;;;;;;;;972;;;;1020.4;2.8;13;10.1;46.8;12.6;45.4;;;;;;;;;;;;;;90;;
SCM;16.08.2017 00:00;;;;;;;;;973.6;;;;1022;1.8;8.1;6.5;29.2;7.8;28.1;;;;;;;;;;;;;;108;;
SCM;17.08.2017 00:00;;;;;;;;;971.9;;;;1020.3;1.3;5.6;4.7;20.2;5.5;19.8;;;;;;;;;;;;;;236;;
SCM;18.08.2017 00:00;;;;;;;;;969.4;;;;1017.7;2.1;19;7.6;68.4;18.6;67;;;;;;;;;;;;;;252;;
SCM;19.08.2017 00:00;;;;;;;;;972.7;;;;1021.2;1.8;6.2;6.5;22.3;6.1;22;;;;;;;;;;;;;;240;;
SCM;20.08.2017 00:00;;;;;;;;;976.2;;;;1024.7;1.9;6.5;6.8;23.4;6.2;22.3;;;;;;;;;;;;;;233;;
SCM;21.08.2017 00:00;;;;;;;;;975.8;;;;1024.4;1.7;4.7;6.1;16.9;4.4;15.8;;;;;;;;;;;;;;135;;
SCM;22.08.2017 00:00;;;;;;;;;972.1;;;;1020.5;1.9;6;6.8;21.6;5.7;20.5;;;;;;;;;;;;;;225;;
SCM;23.08.2017 00:00;;;;;;;;;969.6;;;;1017.9;1.4;9.1;5;32.8;8;28.8;;;;;;;;;;;;;;90;;
SCM;24.08.2017 00:00;;;;;;;;;971.3;;;;1019.7;2.3;24.9;8.3;89.6;23.9;86;;;;;;;;;;;;;;76;;
SCM;25.08.2017 00:00;;;;;;;;;971.2;;;;1019.6;1.4;6.6;5;23.8;6.3;22.7;;;;;;;;;;;;;;90;;
SCM;26.08.2017 00:00;;;;;;;;;970.2;;;;1018.6;1.9;9.3;6.8;33.5;8.2;29.5;;;;;;;;;;;;;;84;;
SCM;27.08.2017 00:00;;;;;;;;;970.8;;;;1019.2;1.8;10.4;6.5;37.4;9.8;35.3;;;;;;;;;;;;;;86;;
SCM;28.08.2017 00:00;;;;;;;;;970.4;;;;1018.7;1.2;7.2;4.3;25.9;6.7;24.1;;;;;;;;;;;;;;63;;
SCM;29.08.2017 00:00;;;;;;;;;968.1;;;;1016.3;1.4;7.1;5;25.6;6.8;24.5;;;;;;;;;;;;;;90;;
SCM;30.08.2017 00:00;;;;;;;;;965.8;;;;1013.9;2;10.4;7.2;37.4;10.1;36.4;;;;;;;;;;;;;;180;;
SCM;31.08.2017 00:00;;;;;;;;;970.2;;;;1018.5;1.8;9.1;6.5;32.8;8.7;31.3;;;;;;;;;;;;;;276;;
SCM;01.09.2017 00:00;;;;;;;;;970.8;;;;1019.1;2.3;7.4;8.3;26.6;7;25.2;;;;;;;;;;;;;;266;;
SCM;02.09.2017 00:00;;;;;;;;;970.7;;;;1019;1.8;6.5;6.5;23.4;6.3;22.7;;;;;;;;;;;;;;297;;
SCM;03.09.2017 00:00;;;;;;;;;969.7;;;;1018;1.6;5.3;5.8;19.1;5.1;18.4;;;;;;;;;;;;;;95;;
SCM;04.09.2017 00:00;;;;;;;;;970.4;;;;1018.8;2;8.4;7.2;30.2;8.2;29.5;;;;;;;;;;;;;;111;;
SCM;05.09.2017 00:00;;;;;;;;;973.2;;;;1021.6;1.9;9.7;6.8;34.9;9.4;33.8;;;;;;;;;;;;;;95;;
SCM;06.09.2017 00:00;;;;;;;;;972.4;;;;1020.9;1.6;7.4;5.8;26.6;7.2;25.9;;;;;;;;;;;;;;180;;
SCM;07.09.2017 00:00;;;;;;;;;970.9;;;;1019.3;1.4;5.9;5;21.2;5.9;21.2;;;;;;;;;;;;;;191;;
SCM;08.09.2017 00:00;;;;;;;;;964.8;;;;1012.9;1.9;5.4;6.8;19.4;5.2;18.7;;;;;;;;;;;;;;169;;
SCM;09.09.2017 00:00;;;;;;;;;957.6;;;;1005.4;1.9;9.4;6.8;33.8;9.1;32.8;;;;;;;;;;;;;;82;;
SCM;10.09.2017 00:00;;;;;;;;;960.7;;;;1008.6;3.8;12.4;13.7;44.6;12;43.2;;;;;;;;;;;;;;96;;
SCM;11.09.2017 00:00;;;;;;;;;959.6;;;;1007.5;2.2;10.8;7.9;38.9;10.4;37.4;;;;;;;;;;;;;;90;;
SCM;12.09.2017 00:00;;;;;;;;;966.1;;;;1014.3;1.6;7.8;5.8;28.1;7.7;27.7;;;;;;;;;;;;;;18;;
SCM;13.09.2017 00:00;;;;;;;;;967.1;;;;1015.3;2.4;11;8.6;39.6;10.7;38.5;;;;;;;;;;;;;;75;;
SCM;14.09.2017 00:00;;;;;;;;;966.3;;;;1014.4;2.9;15.1;10.4;54.4;14.7;52.9;;;;;;;;;;;;;;288;;
SCM;15.09.2017 00:00;;;;;;;;;967.2;;;;1015.4;2;7.1;7.2;25.6;6.8;24.5;;;;;;;;;;;;;;124;;
SCM;16.09.2017 00:00;;;;;;;;;964.8;;;;1013;2.2;14.1;7.9;50.8;13.8;49.7;;;;;;;;;;;;;;135;;
SCM;17.09.2017 00:00;;;;;;;;;966.9;;;;1015.1;1.5;17;5.4;61.2;16.4;59;;;;;;;;;;;;;;180;;
SCM;18.09.2017 00:00;;;;;;;;;969.7;;;;1018.1;1.7;6;6.1;21.6;5.9;21.2;;;;;;;;;;;;;;146;;
SCM;19.09.2017 00:00;;;;;;;;;971.5;;;;1019.8;1.4;8.3;5;29.9;7.9;28.4;;;;;;;;;;;;;;79;;
SCM;20.09.2017 00:00;;;;;;;;;974.6;;;;1023.1;1.5;6.1;5.4;22;5.7;20.5;;;;;;;;;;;;;;90;;
SCM;21.09.2017 00:00;;;;;;;;;972.8;;;;1021.2;1.7;6.6;6.1;23.8;5.8;20.9;;;;;;;;;;;;;;117;;
SCM;22.09.2017 00:00;;;;;;;;;973.5;;;;1022;1.2;5.4;4.3;19.4;5.1;18.4;;;;;;;;;;;;;;63;;
SCM;23.09.2017 00:00;;;;;;;;;973.6;;;;1022;1.1;4.6;4;16.6;4.4;15.8;;;;;;;;;;;;;;0;;
SCM;24.09.2017 00:00;;;;;;;;;972.7;;;;1021.1;1.4;7.9;5;28.4;7.6;27.4;;;;;;;;;;;;;;117;;
SCM;25.09.2017 00:00;;;;;;;;;971.5;;;;1019.8;1.8;8.4;6.5;30.2;8.4;30.2;;;;;;;;;;;;;;225;;
SCM;26.09.2017 00:00;;;;;;;;;973.6;;;;1022;1.4;4.8;5;17.3;4.7;16.9;;;;;;;;;;;;;;90;;
SCM;27.09.2017 00:00;;;;;;;;;975.2;;;;1023.7;1.4;7.4;5;26.6;6.9;24.8;;;;;;;;;;;;;;90;;
SCM;28.09.2017 00:00;;;;;;;;;977.2;;;;1025.8;1.5;5.9;5.4;21.2;5.5;19.8;;;;;;;;;;;;;;76;;
SCM;29.09.2017 00:00;;;;;;;;;975.2;;;;1023.7;1.7;8.5;6.1;30.6;8.3;29.9;;;;;;;;;;;;;;86;;
SCM;30.09.2017 00:00;;;;;;;;;970.9;;;;1019.2;2;9.7;7.2;34.9;9.6;34.6;;;;;;;;;;;;;;270;;
SCM;01.10.2017 00:00;;;;;;;;;974.1;;;;1022.6;1.6;5.5;5.8;19.8;5.4;19.4;;;;;;;;;;;;;;247;;
SCM;02.10.2017 00:00;;;;;;;;;973.3;;;;1021.8;1.2;4.3;4.3;15.5;4;14.4;;;;;;;;;;;;;;82;;
SCM;03.10.2017 00:00;;;;;;;;;973.4;;;;1021.8;1.6;12.8;5.8;46.1;12.6;45.4;;;;;;;;;;;;;;124;;
SCM;04.10.2017 00:00;;;;;;;;;977.3;;;;1025.9;1.3;5.9;4.7;21.2;5.5;19.8;;;;;;;;;;;;;;135;;
SCM;05.10.2017 00:00;;;;;;;;;971;;;;1019.4;1.7;9.8;6.1;35.3;9.2;33.1;;;;;;;;;;;;;;297;;
SCM;06.10.2017 00:00;;;;;;;;;974.1;;;;1022.6;1.7;11.8;6.1;42.5;11.5;41.4;;;;;;;;;;;;;;135;;
SCM;07.10.2017 00:00;;;;;;;;;975.4;;;;1024;1.3;5.1;4.7;18.4;4.9;17.6;;;;;;;;;;;;;;112;;
SCM;08.10.2017 00:00;;;;;;;;;972.7;;;;1021.1;1.3;10;4.7;36;9.8;35.3;;;;;;;;;;;;;;90;;
SCM;09.10.2017 00:00;;;;;;;;;973.1;;;;1021.6;1.2;5.1;4.3;18.4;5;18;;;;;;;;;;;;;;153;;
SCM;10.10.2017 00:00;;;;;;;;;973.7;;;;1022.2;1.3;4;4.7;14.4;3.7;13.3;;;;;;;;;;;;;;101;;
SCM;11.10.2017 00:00;;;;;;;;;974;;;;1022.5;1.5;7.3;5.4;26.3;6.7;24.1;;;;;;;;;;;;;;68;;
SCM;12.10.2017 00:00;;;;;;;;;977.8;;;;1026.4;1.4;7.3;5;26.3;7.1;25.6;;;;;;;;;;;;;;90;;
SCM;13.10.2017 00:00;;;;;;;;;979.8;;;;1028.5;1.3;6.5;4.7;23.4;6;21.6;;;;;;;;;;;;;;72;;
SCM;14.10.2017 00:00;;;;;;;;;980.1;;;;1028.8;1.1;4.6;4;16.6;4.4;15.8;;;;;;;;;;;;;;63;;
SCM;15.10.2017 00:00;;;;;;;;;979.6;;;;1028.3;1.3;6.1;4.7;22;6;21.6;;;;;;;;;;;;;;45;;
SCM;16.10.2017 00:00;;;;;;;;;979;;;;1027.6;1.4;9.2;5;33.1;9.1;32.8;;;;;;;;;;;;;;72;;
SCM;17.10.2017 00:00;;;;;;;;;975.2;;;;1023.7;1.3;5.1;4.7;18.4;4.7;16.9;;;;;;;;;;;;;;63;;
SCM;18.10.2017 00:00;;;;;;;;;969.3;;;;1017.6;1.7;9;6.1;32.4;8.7;31.3;;;;;;;;;;;;;;90;;
SCM;19.10.2017 00:00;;;;;;;;;966.8;;;;1015;1.8;10.5;6.5;37.8;9.7;34.9;;;;;;;;;;;;;;104;;
SCM;20.10.2017 00:00;;;;;;;;;969.5;;;;1017.7;1.4;6.2;5;22.3;6.1;22;;;;;;;;;;;;;;45;;
SCM;21.10.2017 00:00;;;;;;;;;970.8;;;;1019.1;1.5;12.2;5.4;43.9;11.9;42.8;;;;;;;;;;;;;;56;;
SCM;22.10.2017 00:00;;;;;;;;;972.4;;;;1020.8;2.8;19.7;10.1;70.9;18.9;68;;;;;;;;;;;;;;282;;
SCM;23.10.2017 00:00;;;;;;;;;976.2;;;;1024.7;2;8.3;7.2;29.9;8.1;29.2;;;;;;;;;;;;;;63;;
SCM;24.10.2017 00:00;;;;;;;;;978.7;;;;1027.4;2.7;11.6;9.7;41.8;11.1;40;;;;;;;;;;;;;;93;;
SCM;25.10.2017 00:00;;;;;;;;;977.9;;;;1026.5;1.7;11.8;6.1;42.5;10.8;38.9;;;;;;;;;;;;;;90;;
SCM;26.10.2017 00:00;;;;;;;;;978.1;;;;1026.7;1.1;5.8;4;20.9;5.2;18.7;;;;;;;;;;;;;;53;;
SCM;27.10.2017 00:00;;;;;;;;;978.4;;;;1027.1;1.3;7.9;4.7;28.4;7.6;27.4;;;;;;;;;;;;;;304;;
SCM;28.10.2017 00:00;;;;;;;;;978;;;;1026.7;1.7;8.8;6.1;31.7;8.7;31.3;;;;;;;;;;;;;;270;;
SCM;29.10.2017 00:00;;;;;;;;;970.6;;;;1019;2.2;9.8;7.9;35.3;9.3;33.5;;;;;;;;;;;;;;290;;
SCM;30.10.2017 00:00;;;;;;;;;976.2;;;;1024.8;1.8;7.2;6.5;25.9;6.8;24.5;;;;;;;;;;;;;;67;;
SCM;31.10.2017 00:00;;;;;;;;;978;;;;1026.7;1.6;5.5;5.8;19.8;5.3;19.1;;;;;;;;;;;;;;108;;
SCM;01.11.2017 00:00;;;;;;;;;975.9;;;;1024.4;1.2;3.9;4.3;14;3.6;13;;;;;;;;;;;;;;81;;
SCM;02.11.2017 00:00;;;;;;;;;970.9;;;;1019.3;1.4;4.9;5;17.6;4.8;17.3;;;;;;;;;;;;;;77;;
SCM;03.11.2017 00:00;;;;;;;;;968.3;;;;1016.5;1.4;7.3;5;26.3;6.8;24.5;;;;;;;;;;;;;;84;;
SCM;04.11.2017 00:00;;;;;;;;;965.4;;;;1013.5;1.3;6.8;4.7;24.5;6.4;23;;;;;;;;;;;;;;68;;
SCM;05.11.2017 00:00;;;;;;;;;964.3;;;;1012.4;2.4;13.2;8.6;47.5;12.4;44.6;;;;;;;;;;;;;;276;;
SCM;06.11.2017 00:00;;;;;;;;;970.8;;;;1019.2;1.9;9.2;6.8;33.1;8.5;30.6;;;;;;;;;;;;;;27;;
SCM;07.11.2017 00:00;;;;;;;;;968.3;;;;1016.6;1.6;6.7;5.8;24.1;6.6;23.8;;;;;;;;;;;;;;304;;
SCM;08.11.2017 00:00;;;;;;;;;969.6;;;;1017.9;1.1;5.9;4;21.2;5.7;20.5;;;;;;;;;;;;;;270;;
SCM;09.11.2017 00:00;;;;;;;;;974.7;;;;1023.2;1;2.6;3.6;9.4;2.6;9.4;;;;;;;;;;;;;;135;;
SCM;10.11.2017 00:00;;;;;;;;;974.7;;;;1023.2;1.3;4.8;4.7;17.3;4.6;16.6;;;;;;;;;;;;;;84;;
SCM;11.11.2017 00:00;;;;;;;;;968.7;;;;1017;1.2;5;4.3;18;4.7;16.9;;;;;;;;;;;;;;76;;
SCM;12.11.2017 00:00;;;;;;;;;959.1;;;;1006.9;2.6;18.1;9.4;65.2;17.3;62.3;;;;;;;;;;;;;;279;;
SCM;13.11.2017 00:00;;;;;;;;;967.2;;;;1015.4;2.2;6.9;7.9;24.8;6.7;24.1;;;;;;;;;;;;;;285;;
SCM;14.11.2017 00:00;;;;;;;;;976.3;;;;1024.9;1.8;7;6.5;25.2;6.6;23.8;;;;;;;;;;;;;;72;;
SCM;15.11.2017 00:00;;;;;;;;;976.4;;;;1025;2.1;7.3;7.6;26.3;6.9;24.8;;;;;;;;;;;;;;68;;
SCM;16.11.2017 00:00;;;;;;;;;975.7;;;;1024.2;1.4;3.8;5;13.7;3.6;13;;;;;;;;;;;;;;85;;
SCM;17.11.2017 00:00;;;;;;;;;976.8;;;;1025.4;1.2;6.8;4.3;24.5;6.5;23.4;;;;;;;;;;;;;;72;;
SCM;18.11.2017 00:00;;;;;;;;;975.1;;;;1023.6;1.8;6.6;6.5;23.8;6.2;22.3;;;;;;;;;;;;;;284;;
SCM;19.11.2017 00:00;;;;;;;;;973.5;;;;1022;1.2;6.3;4.3;22.7;6.1;22;;;;;;;;;;;;;;63;;
SCM;20.11.2017 00:00;;;;;;;;;974.8;;;;1023.3;1.4;4.7;5;16.9;4.5;16.2;;;;;;;;;;;;;;76;;
SCM;21.11.2017 00:00;;;;;;;;;971.7;;;;1020.1;2.2;10.8;7.9;38.9;10.4;37.4;;;;;;;;;;;;;;72;;
SCM;22.11.2017 00:00;;;;;;;;;967.3;;;;1015.5;1.6;10;5.8;36;8.9;32;;;;;;;;;;;;;;70;;
SCM;23.11.2017 00:00;;;;;;;;;967.4;;;;1015.6;1.6;7.5;5.8;27;7.5;27;;;;;;;;;;;;;;68;;
SCM;24.11.2017 00:00;;;;;;;;;968.3;;;;1016.6;2;10.1;7.2;36.4;9.3;33.5;;;;;;;;;;;;;;76;;
SCM;25.11.2017 00:00;;;;;;;;;966.5;;;;1014.6;2.6;11.2;9.4;40.3;10.7;38.5;;;;;;;;;;;;;;284;;
SCM;26.11.2017 00:00;;;;;;;;;978;;;;1026.7;1.8;9.9;6.5;35.6;9.8;35.3;;;;;;;;;;;;;;297;;
SCM;27.11.2017 00:00;;;;;;;;;977.1;;;;1025.7;1.8;9;6.5;32.4;8.9;32;;;;;;;;;;;;;;86;;
SCM;28.11.2017 00:00;;;;;;;;;963.8;;;;1011.9;1.2;6.7;4.3;24.1;6.5;23.4;;;;;;;;;;;;;;79;;
SCM;29.11.2017 00:00;;;;;;;;;959;;;;1006.8;1.4;5.4;5;19.4;5.4;19.4;;;;;;;;;;;;;;53;;
SCM;30.11.2017 00:00;;;;;;;;;960.2;;;;1008.1;1.5;8;5.4;28.8;7.6;27.4;;;;;;;;;;;;;;81;;
SCM;01.12.2017 00:00;;;;;;;;;963.9;;;;1012;1.5;8;5.4;28.8;7.8;28.1;;;;;;;;;;;;;;90;;
SCM;02.12.2017 00:00;;;;;;;;;971.9;;;;1020.3;2.7;8.6;9.7;31;8.1;29.2;;;;;;;;;;;;;;77;;
SCM;03.12.2017 00:00;;;;;;;;;977.5;;;;1026.1;1.7;6.4;6.1;23;6.1;22;;;;;;;;;;;;;;102;;
SCM;04.12.2017 00:00;;;;;;;;;984.2;;;;1033.1;1.2;3.3;4.3;11.9;3.1;11.2;;;;;;;;;;;;;;80;;
SCM;05.12.2017 00:00;;;;;;;;;988.1;;;;1037.1;1.1;4.5;4;16.2;4.4;15.8;;;;;;;;;;;;;;90;;
SCM;06.12.2017 00:00;;;;;;;;;985.6;;;;1034.6;1.4;4;5;14.4;3.9;14;;;;;;;;;;;;;;95;;
SCM;07.12.2017 00:00;;;;;;;;;976.5;;;;1025.1;1.5;4.4;5.4;15.8;4.3;15.5;;;;;;;;;;;;;;77;;
SCM;08.12.2017 00:00;;;;;;;;;967.3;;;;1015.5;2.4;13;8.6;46.8;12.7;45.7;;;;;;;;;;;;;;297;;
SCM;09.12.2017 00:00;;;;;;;;;969.8;;;;1018.1;2.1;12.3;7.6;44.3;11.9;42.8;;;;;;;;;;;;;;308;;
SCM;10.12.2017 00:00;;;;;;;;;952.2;;;;999.8;5.2;21.6;18.7;77.8;21.2;76.3;;;;;;;;;;;;;;107;;
SCM;11.12.2017 00:00;;;;;;;;;940.2;;;;987.3;2.6;12.6;9.4;45.4;12.2;43.9;;;;;;;;;;;;;;243;;
SCM;12.12.2017 00:00;;;;;;;;;963;;;;1011.1;1.9;14.7;6.8;52.9;14.3;51.5;;;;;;;;;;;;;;284;;
SCM;13.12.2017 00:00;;;;;;;;;965.5;;;;1013.7;2.8;13.4;10.1;48.2;13.1;47.2;;;;;;;;;;;;;;90;;
SCM;14.12.2017 00:00;;;;;;;;;955.6;;;;1003.3;2.8;20.5;10.1;73.8;18.2;65.5;;;;;;;;;;;;;;14;;
SCM;15.12.2017 00:00;;;;;;;;;953.4;;;;1001.1;2;12;7.2;43.2;11.2;40.3;;;;;;;;;;;;;;90;;
SCM;16.12.2017 00:00;;;;;;;;;963.7;;;;1011.7;1.5;5;5.4;18;4.7;16.9;;;;;;;;;;;;;;45;;
SCM;17.12.2017 00:00;;;;;;;;;976.2;;;;1024.8;1.2;4.9;4.3;17.6;4.7;16.9;;;;;;;;;;;;;;53;;
SCM;18.12.2017 00:00;;;;;;;;;976.4;;;;1024.9;2.1;11.5;7.6;41.4;11.3;40.7;;;;;;;;;;;;;;87;;
SCM;19.12.2017 00:00;;;;;;;;;984;;;;1032.8;1;3.1;3.6;11.2;3;10.8;;;;;;;;;;;;;;83;;
SCM;20.12.2017 00:00;;;;;;;;;985.7;;;;1034.6;1.4;5.6;5;20.2;5.3;19.1;;;;;;;;;;;;;;96;;
SCM;21.12.2017 00:00;;;;;;;;;988.2;;;;1037.3;1.4;5.6;5;20.2;5.4;19.4;;;;;;;;;;;;;;96;;
SCM;22.12.2017 00:00;;;;;;;;;987;;;;1036;1.2;4.5;4.3;16.2;4.3;15.5;;;;;;;;;;;;;;80;;
SCM;23.12.2017 00:00;;;;;;;;;987.5;;;;1036.5;1.1;4.6;4;16.6;4.4;15.8;;;;;;;;;;;;;;81;;
SCM;24.12.2017 00:00;;;;;;;;;983;;;;1031.9;1.3;4.8;4.7;17.3;4.7;16.9;;;;;;;;;;;;;;67;;
SCM;25.12.2017 00:00;;;;;;;;;974;;;;1022.5;1.2;5;4.3;18;4.8;17.3;;;;;;;;;;;;;;51;;
SCM;26.12.2017 00:00;;;;;;;;;962.4;;;;1010.5;1.8;11.1;6.5;40;10.6;38.2;;;;;;;;;;;;;;63;;
SCM;27.12.2017 00:00;;;;;;;;;944.5;;;;991.8;2.2;11.2;7.9;40.3;10.8;38.9;;;;;;;;;;;;;;307;;
SCM;28.12.2017 00:00;;;;;;;;;955.2;;;;1002.9;3.9;14.8;14;53.3;14.4;51.8;;;;;;;;;;;;;;281;;
SCM;29.12.2017 00:00;;;;;;;;;963.8;;;;1011.9;2.3;13.5;8.3;48.6;13.2;47.5;;;;;;;;;;;;;;77;;
SCM;30.12.2017 00:00;;;;;;;;;965.1;;;;1013.2;3.2;16.3;11.5;58.7;15.8;56.9;;;;;;;;;;;;;;98;;
SCM;31.12.2017 00:00;;;;;;;;;966.5;;;;1014.7;2.1;8.7;7.6;31.3;8.5;30.6;;;;;;;;;;;;;;81;;
SCM;01.01.2018 00:00;;;;;;;;;963.4;;;;1011.5;3;18.9;10.8;68;18.7;67.3;;;;;;;;;;;;;;270;;
SCM;02.01.2018 00:00;;;;;;;;;969;;;;1017.3;3.8;17.5;13.7;63;16.9;60.8;;;;;;;;;;;;;;285;;
SCM;03.01.2018 00:00;;;;;;;;;960.7;;;;1008.6;5.7;33.7;20.5;121.3;31.5;113.4;;;;;;;;;;;;;;279;;
SCM;04.01.2018 00:00;;;;;;;;;958.9;;;;1006.8;3;17.1;10.8;61.6;16.4;59;;;;;;;;;;;;;;81;;
SCM;05.01.2018 00:00;;;;;;;;;957.7;;;;1005.5;1.8;10.6;6.5;38.2;9.7;34.9;;;;;;;;;;;;;;77;;
SCM;06.01.2018 00:00;;;;;;;;;960;;;;1007.9;1.3;4.6;4.7;16.6;4.3;15.5;;;;;;;;;;;;;;90;;
SCM;07.01.2018 00:00;;;;;;;;;966.4;;;;1014.6;1.2;4.5;4.3;16.2;4.4;15.8;;;;;;;;;;;;;;277;;
SCM;08.01.2018 00:00;;;;;;;;;968.3;;;;1016.5;1.6;6.3;5.8;22.7;6.1;22;;;;;;;;;;;;;;259;;
SCM;09.01.2018 00:00;;;;;;;;;964.8;;;;1012.9;2.4;19.4;8.6;69.8;18.6;67;;;;;;;;;;;;;;63;;
SCM;10.01.2018 00:00;;;;;;;;;965.2;;;;1013.3;1.9;9.7;6.8;34.9;9.5;34.2;;;;;;;;;;;;;;124;;
SCM;11.01.2018 00:00;;;;;;;;;967.2;;;;1015.4;1.1;6.2;4;22.3;5.9;21.2;;;;;;;;;;;;;;72;;
SCM;12.01.2018 00:00;;;;;;;;;974.1;;;;1022.6;1.5;4.6;5.4;16.6;4.6;16.6;;;;;;;;;;;;;;253;;
SCM;13.01.2018 00:00;;;;;;;;;973.5;;;;1021.9;1.1;5.2;4;18.7;5;18;;;;;;;;;;;;;;108;;
SCM;14.01.2018 00:00;;;;;;;;;972.8;;;;1021.2;1.3;3.7;4.7;13.3;3.6;13;;;;;;;;;;;;;;135;;
SCM;15.01.2018 00:00;;;;;;;;;968.4;;;;1016.6;1.7;5.7;6.1;20.5;5.4;19.4;;;;;;;;;;;;;;90;;
SCM;16.01.2018 00:00;;;;;;;;;956.3;;;;1004.1;4.8;32;17.3;115.2;31.1;112;;;;;;;;;;;;;;281;;
SCM;17.01.2018 00:00;;;;;;;;;962.2;;;;1010.2;6.1;26;22;93.6;24.2;87.1;;;;;;;;;;;;;;278;;
SCM;18.01.2018 00:00;;;;;;;;;963.6;;;;1011.7;2.7;14.2;9.7;51.1;13.7;49.3;;;;;;;;;;;;;;45;;
SCM;19.01.2018 00:00;;;;;;;;;965;;;;1013.1;2.8;16.5;10.1;59.4;15.7;56.5;;;;;;;;;;;;;;274;;
SCM;20.01.2018 00:00;;;;;;;;;960.7;;;;1008.7;3.1;16.3;11.2;58.7;15.7;56.5;;;;;;;;;;;;;;103;;
SCM;21.01.2018 00:00;;;;;;;;;966.1;;;;1014.3;3.3;14.1;11.9;50.8;13.6;49;;;;;;;;;;;;;;277;;
SCM;22.01.2018 00:00;;;;;;;;;966.6;;;;1014.8;2.1;16.4;7.6;59;15.9;57.2;;;;;;;;;;;;;;75;;
SCM;23.01.2018 00:00;;;;;;;;;978.4;;;;1027.1;1.4;12.4;5;44.6;11.8;42.5;;;;;;;;;;;;;;76;;
SCM;24.01.2018 00:00;;;;;;;;;976.5;;;;1025.1;1.7;11.4;6.1;41;10.8;38.9;;;;;;;;;;;;;;81;;
SCM;25.01.2018 00:00;;;;;;;;;970;;;;1018.3;1.3;5.4;4.7;19.4;5.2;18.7;;;;;;;;;;;;;;63;;
SCM;26.01.2018 00:00;;;;;;;;;969.5;;;;1017.8;1.4;5.5;5;19.8;5.2;18.7;;;;;;;;;;;;;;270;;
SCM;27.01.2018 00:00;;;;;;;;;981.8;;;;1030.6;1.1;5.1;4;18.4;5.1;18.4;;;;;;;;;;;;;;248;;
SCM;28.01.2018 00:00;;;;;;;;;988.5;;;;1037.6;1;5.8;3.6;20.9;5.6;20.2;;;;;;;;;;;;;;79;;
SCM;29.01.2018 00:00;;;;;;;;;984.9;;;;1033.8;1;3.4;3.6;12.2;3.3;11.9;;;;;;;;;;;;;;45;;
SCM;30.01.2018 00:00;;;;;;;;;980.8;;;;1029.6;1.4;5.2;5;18.7;5.2;18.7;;;;;;;;;;;;;;180;;
SCM;31.01.2018 00:00;;;;;;;;;968.2;;;;1016.5;1.5;11.2;5.4;40.3;10.7;38.5;;;;;;;;;;;;;;108;;
SCM;01.02.2018 00:00;;;;;;;;;958.4;;;;1006.2;1.8;10.4;6.5;37.4;10.2;36.7;;;;;;;;;;;;;;360;;
SCM;02.02.2018 00:00;;;;;;;;;960.9;;;;1008.9;1.6;9.3;5.8;33.5;8.8;31.7;;;;;;;;;;;;;;121;;
SCM;03.02.2018 00:00;;;;;;;;;960.1;;;;1008;1.4;5.1;5;18.4;4.9;17.6;;;;;;;;;;;;;;90;;
SCM;04.02.2018 00:00;;;;;;;;;965.9;;;;1014.1;1.5;5;5.4;18;4.9;17.6;;;;;;;;;;;;;;90;;
SCM;05.02.2018 00:00;;;;;;;;;969.2;;;;1017.4;1.6;8.4;5.8;30.2;7.9;28.4;;;;;;;;;;;;;;18;;
SCM;06.02.2018 00:00;;;;;;;;;963.1;;;;1011.1;1;3.7;3.6;13.3;3.6;13;;;;;;;;;;;;;;117;;
SCM;07.02.2018 00:00;;;;;;;;;963.4;;;;1011.5;1.7;5.4;6.1;19.4;5.3;19.1;;;;;;;;;;;;;;262;;
SCM;08.02.2018 00:00;;;;;;;;;969.1;;;;1017.4;1.6;4.8;5.8;17.3;4.8;17.3;;;;;;;;;;;;;;261;;
SCM;09.02.2018 00:00;;;;;;;;;967.3;;;;1015.6;1.5;5.9;5.4;21.2;5.7;20.5;;;;;;;;;;;;;;180;;
SCM;10.02.2018 00:00;;;;;;;;;969;;;;1017.2;1.3;7.4;4.7;26.6;7;25.2;;;;;;;;;;;;;;117;;
SCM;11.02.2018 00:00;;;;;;;;;963.2;;;;1011.3;1.6;10.2;5.8;36.7;9.5;34.2;;;;;;;;;;;;;;84;;
SCM;12.02.2018 00:00;;;;;;;;;967.9;;;;1016.1;2.4;10.9;8.6;39.2;10.6;38.2;;;;;;;;;;;;;;264;;
SCM;13.02.2018 00:00;;;;;;;;;966;;;;1014.2;2.2;7.5;7.9;27;7.3;26.3;;;;;;;;;;;;;;87;;
SCM;14.02.2018 00:00;;;;;;;;;967.9;;;;1016.2;1.9;11.2;6.8;40.3;10.9;39.2;;;;;;;;;;;;;;83;;
SCM;15.02.2018 00:00;;;;;;;;;970.9;;;;1019.3;2.5;13.7;9;49.3;13;46.8;;;;;;;;;;;;;;90;;
SCM;16.02.2018 00:00;;;;;;;;;975.7;;;;1024.3;1.3;5.3;4.7;19.1;5;18;;;;;;;;;;;;;;76;;
SCM;17.02.2018 00:00;;;;;;;;;970.4;;;;1018.7;1.8;6.2;6.5;22.3;5.9;21.2;;;;;;;;;;;;;;257;;
SCM;18.02.2018 00:00;;;;;;;;;975;;;;1023.6;1.5;4.8;5.4;17.3;4.5;16.2;;;;;;;;;;;;;;300;;
SCM;19.02.2018 00:00;;;;;;;;;969.4;;;;1017.7;1.4;4.4;5;15.8;4.1;14.8;;;;;;;;;;;;;;270;;
SCM;20.02.2018 00:00;;;;;;;;;966.1;;;;1014.2;1.5;7.9;5.4;28.4;7.6;27.4;;;;;;;;;;;;;;297;;
SCM;21.02.2018 00:00;;;;;;;;;966.9;;;;1015.1;3.2;12.1;11.5;43.6;11.4;41;;;;;;;;;;;;;;59;;
SCM;22.02.2018 00:00;;;;;;;;;963.3;;;;1011.4;2.9;11.2;10.4;40.3;10.6;38.2;;;;;;;;;;;;;;59;;
SCM;23.02.2018 00:00;;;;;;;;;963.7;;;;1011.8;2.5;8.6;9;31;7.9;28.4;;;;;;;;;;;;;;49;;
SCM;24.02.2018 00:00;;;;;;;;;965.1;;;;1013.2;3.9;12.1;14;43.6;11.7;42.1;;;;;;;;;;;;;;57;;
SCM;25.02.2018 00:00;;;;;;;;;969.1;;;;1017.4;3.1;11.3;11.2;40.7;10.8;38.9;;;;;;;;;;;;;;51;;
SCM;26.02.2018 00:00;;;;;;;;;968.7;;;;1016.9;3.3;11.8;11.9;42.5;11.5;41.4;;;;;;;;;;;;;;61;;
SCM;27.02.2018 00:00;;;;;;;;;965.1;;;;1013.3;2.2;7.6;7.9;27.4;7.2;25.9;;;;;;;;;;;;;;74;;
SCM;28.02.2018 00:00;;;;;;;;;962.8;;;;1010.8;2.6;11.9;9.4;42.8;11.1;40;;;;;;;;;;;;;;63;;
SCM;01.03.2018 00:00;;;;;;;;;953;;;;1000.6;2.6;7.2;9.4;25.9;7.1;25.6;;;;;;;;;;;;;;249;;
SCM;02.03.2018 00:00;;;;;;;;;948.7;;;;996.2;1.8;11.6;6.5;41.8;11.4;41;;;;;;;;;;;;;;72;;
SCM;03.03.2018 00:00;;;;;;;;;950;;;;997.5;2.2;10.8;7.9;38.9;10.3;37.1;;;;;;;;;;;;;;233;;
SCM;04.03.2018 00:00;;;;;;;;;951.6;;;;999.2;2.6;10.3;9.4;37.1;10.2;36.7;;;;;;;;;;;;;;261;;
SCM;05.03.2018 00:00;;;;;;;;;947.6;;;;995.1;1.5;6;5.4;21.6;6;21.6;;;;;;;;;;;;;;270;;
SCM;06.03.2018 00:00;;;;;;;;;945.6;;;;993;1.4;8.2;5;29.5;8;28.8;;;;;;;;;;;;;;259;;
SCM;07.03.2018 00:00;;;;;;;;;953.4;;;;1001;1.5;12.6;5.4;45.4;12.4;44.6;;;;;;;;;;;;;;63;;
SCM;08.03.2018 00:00;;;;;;;;;960.7;;;;1008.7;2.3;10.7;8.3;38.5;10.6;38.2;;;;;;;;;;;;;;98;;
SCM;09.03.2018 00:00;;;;;;;;;962.5;;;;1010.5;2.2;11.9;7.9;42.8;11.5;41.4;;;;;;;;;;;;;;83;;
SCM;10.03.2018 00:00;;;;;;;;;959.2;;;;1007.1;3.6;18.6;13;67;17.9;64.4;;;;;;;;;;;;;;114;;
SCM;11.03.2018 00:00;;;;;;;;;951.2;;;;998.8;3.3;18;11.9;64.8;17.6;63.4;;;;;;;;;;;;;;117;;
SCM;12.03.2018 00:00;;;;;;;;;953.2;;;;1000.9;1.5;11.1;5.4;40;10.7;38.5;;;;;;;;;;;;;;0;;
SCM;13.03.2018 00:00;;;;;;;;;962.3;;;;1010.3;1.5;8.4;5.4;30.2;7.7;27.7;;;;;;;;;;;;;;288;;
SCM;14.03.2018 00:00;;;;;;;;;962.3;;;;1010.3;1.8;10.3;6.5;37.1;10.1;36.4;;;;;;;;;;;;;;90;;
SCM;15.03.2018 00:00;;;;;;;;;950.6;;;;998.1;4.5;15.8;16.2;56.9;15.1;54.4;;;;;;;;;;;;;;168;;
SCM;16.03.2018 00:00;;;;;;;;;955.2;;;;1002.9;1.2;6.9;4.3;24.8;6.7;24.1;;;;;;;;;;;;;;214;;
SCM;17.03.2018 00:00;;;;;;;;;948.3;;;;995.8;1.6;6.1;5.8;22;5.8;20.9;;;;;;;;;;;;;;270;;
SCM;18.03.2018 00:00;;;;;;;;;952.2;;;;999.8;2.1;6.5;7.6;23.4;6.3;22.7;;;;;;;;;;;;;;270;;
SCM;19.03.2018 00:00;;;;;;;;;958.6;;;;1006.4;1.9;4.7;6.8;16.9;4.6;16.6;;;;;;;;;;;;;;259;;
SCM;20.03.2018 00:00;;;;;;;;;966.7;;;;1014.9;1.8;8.6;6.5;31;8.4;30.2;;;;;;;;;;;;;;32;;
SCM;21.03.2018 00:00;;;;;;;;;975.9;;;;1024.5;1.8;7.2;6.5;25.9;6.9;24.8;;;;;;;;;;;;;;80;;
SCM;22.03.2018 00:00;;;;;;;;;971.4;;;;1019.8;1.9;7.6;6.8;27.4;7.3;26.3;;;;;;;;;;;;;;239;;
SCM;23.03.2018 00:00;;;;;;;;;960.5;;;;1008.4;1.9;7.8;6.8;28.1;7.5;27;;;;;;;;;;;;;;90;;
SCM;24.03.2018 00:00;;;;;;;;;952.8;;;;1000.4;2.5;8.9;9;32;8.6;31;;;;;;;;;;;;;;214;;
SCM;25.03.2018 00:00;;;;;;;;;958.3;;;;1006.2;2.5;10.9;9;39.2;10.1;36.4;;;;;;;;;;;;;;104;;
SCM;26.03.2018 00:00;;;;;;;;;966.1;;;;1014.3;1.1;10.9;4;39.2;10.8;38.9;;;;;;;;;;;;;;90;;
SCM;27.03.2018 00:00;;;;;;;;;967.1;;;;1015.3;1.5;7.4;5.4;26.6;7.1;25.6;;;;;;;;;;;;;;135;;
SCM;28.03.2018 00:00;;;;;;;;;960.8;;;;1008.7;1.4;8.5;5;30.6;8.3;29.9;;;;;;;;;;;;;;90;;
SCM;29.03.2018 00:00;;;;;;;;;960.8;;;;1008.8;2.4;9.6;8.6;34.6;9.1;32.8;;;;;;;;;;;;;;225;;
SCM;30.03.2018 00:00;;;;;;;;;954.8;;;;1002.5;4;17.8;14.4;64.1;17.3;62.3;;;;;;;;;;;;;;247;;
SCM;31.03.2018 00:00;;;;;;;;;954.2;;;;1001.9;1.8;6;6.5;21.6;5.9;21.2;;;;;;;;;;;;;;252;;
SCM;01.04.2018 00:00;;;;;;;;;964.8;;;;1012.9;3.3;14.9;11.9;53.6;14.3;51.5;;;;;;;;;;;;;;272;;
SCM;02.04.2018 00:00;;;;;;;;;962.7;;;;1010.7;4.2;18.6;15.1;67;18.2;65.5;;;;;;;;;;;;;;106;;
SCM;03.04.2018 00:00;;;;;;;;;959.4;;;;1007.3;5.1;16.8;18.4;60.5;16.5;59.4;;;;;;;;;;;;;;134;;
SCM;04.04.2018 00:00;;;;;;;;;960.1;;;;1008;4.1;16.8;14.8;60.5;16;57.6;;;;;;;;;;;;;;131;;
SCM;05.04.2018 00:00;;;;;;;;;968.8;;;;1017.1;2.8;14.1;10.1;50.8;13.3;47.9;;;;;;;;;;;;;;267;;
SCM;06.04.2018 00:00;;;;;;;;;969.6;;;;1017.9;1.9;5.8;6.8;20.9;5.6;20.2;;;;;;;;;;;;;;264;;
SCM;07.04.2018 00:00;;;;;;;;;964.9;;;;1013.1;2.6;11.3;9.4;40.7;10.4;37.4;;;;;;;;;;;;;;275;;
SCM;08.04.2018 00:00;;;;;;;;;960.1;;;;1008;6.5;18.8;23.4;67.7;17.8;64.1;;;;;;;;;;;;;;113;;
SCM;09.04.2018 00:00;;;;;;;;;957.2;;;;1005;3;14.6;10.8;52.6;14;50.4;;;;;;;;;;;;;;128;;
SCM;10.04.2018 00:00;;;;;;;;;956.9;;;;1004.7;2.9;19.8;10.4;71.3;19.4;69.8;;;;;;;;;;;;;;260;;
SCM;11.04.2018 00:00;;;;;;;;;955.9;;;;1003.7;2.6;12;9.4;43.2;11;39.6;;;;;;;;;;;;;;104;;
SCM;12.04.2018 00:00;;;;;;;;;952.6;;;;1000.3;6.1;18.3;22;65.9;17.7;63.7;;;;;;;;;;;;;;112;;
SCM;13.04.2018 00:00;;;;;;;;;962.8;;;;1010.8;2.7;13.1;9.7;47.2;12.1;43.6;;;;;;;;;;;;;;236;;
SCM;14.04.2018 00:00;;;;;;;;;969.9;;;;1018.2;1.9;7.9;6.8;28.4;7.5;27;;;;;;;;;;;;;;270;;
SCM;15.04.2018 00:00;;;;;;;;;965.2;;;;1013.4;1.5;8.9;5.4;32;8.5;30.6;;;;;;;;;;;;;;90;;
SCM;16.04.2018 00:00;;;;;;;;;968.7;;;;1017;1.1;4.9;4;17.6;4.7;16.9;;;;;;;;;;;;;;108;;
SCM;17.04.2018 00:00;;;;;;;;;976.6;;;;1025.2;1.8;7.4;6.5;26.6;6.8;24.5;;;;;;;;;;;;;;288;;
SCM;18.04.2018 00:00;;;;;;;;;979.7;;;;1028.4;2.5;7.7;9;27.7;7.4;26.6;;;;;;;;;;;;;;56;;
SCM;19.04.2018 00:00;;;;;;;;;978.5;;;;1027.2;1.7;7;6.1;25.2;6.4;23;;;;;;;;;;;;;;297;;
SCM;20.04.2018 00:00;;;;;;;;;975.3;;;;1023.9;1.7;9.6;6.1;34.6;9.3;33.5;;;;;;;;;;;;;;90;;
SCM;21.04.2018 00:00;;;;;;;;;972;;;;1020.4;2.1;9.2;7.6;33.1;8.9;32;;;;;;;;;;;;;;76;;
SCM;22.04.2018 00:00;;;;;;;;;969.1;;;;1017.4;2;9.2;7.2;33.1;8.5;30.6;;;;;;;;;;;;;;76;;
SCM;23.04.2018 00:00;;;;;;;;;970.8;;;;1019.1;2.3;11.8;8.3;42.5;11.6;41.8;;;;;;;;;;;;;;259;;
SCM;24.04.2018 00:00;;;;;;;;;970.9;;;;1019.3;1.6;6;5.8;21.6;5.8;20.9;;;;;;;;;;;;;;202;;
SCM;25.04.2018 00:00;;;;;;;;;967.7;;;;1015.9;3.2;12.6;11.5;45.4;12.3;44.3;;;;;;;;;;;;;;270;;
SCM;26.04.2018 00:00;;;;;;;;;971.5;;;;1019.8;1.5;8.3;5.4;29.9;8.1;29.2;;;;;;;;;;;;;;135;;
SCM;27.04.2018 00:00;;;;;;;;;964.4;;;;1012.5;1.4;4.5;5;16.2;4.4;15.8;;;;;;;;;;;;;;262;;
SCM;28.04.2018 00:00;;;;;;;;;964;;;;1012.1;1.7;6.3;6.1;22.7;6.2;22.3;;;;;;;;;;;;;;259;;
SCM;29.04.2018 00:00;;;;;;;;;957.2;;;;1005;4;15.4;14.4;55.4;15.2;54.7;;;;;;;;;;;;;;121;;
SCM;30.04.2018 00:00;;;;;;;;;960.7;;;;1008.6;2.9;14.8;10.4;53.3;14.4;51.8;;;;;;;;;;;;;;249;;
SCM;01.05.2018 00:00;;;;;;;;;965.4;;;;1013.5;1.7;7.4;6.1;26.6;7.2;25.9;;;;;;;;;;;;;;258;;
SCM;02.05.2018 00:00;;;;;;;;;963.5;;;;1011.5;1.8;7;6.5;25.2;6.7;24.1;;;;;;;;;;;;;;238;;
SCM;03.05.2018 00:00;;;;;;;;;965.3;;;;1013.5;2;7;7.2;25.2;6.8;24.5;;;;;;;;;;;;;;252;;
SCM;04.05.2018 00:00;;;;;;;;;966.9;;;;1015.1;2.2;9.1;7.9;32.8;8.7;31.3;;;;;;;;;;;;;;75;;
SCM;05.05.2018 00:00;;;;;;;;;969.3;;;;1017.6;2.2;6.9;7.9;24.8;6.6;23.8;;;;;;;;;;;;;;257;;
SCM;06.05.2018 00:00;;;;;;;;;970.4;;;;1018.8;2.2;7.4;7.9;26.6;7.1;25.6;;;;;;;;;;;;;;257;;
SCM;07.05.2018 00:00;;;;;;;;;967.2;;;;1015.4;1.7;9.9;6.1;35.6;9.6;34.6;;;;;;;;;;;;;;225;;
SCM;08.05.2018 00:00;;;;;;;;;961.5;;;;1009.5;1.7;7.3;6.1;26.3;7.3;26.3;;;;;;;;;;;;;;263;;
SCM;09.05.2018 00:00;;;;;;;;;959.7;;;;1007.6;1.2;6.8;4.3;24.5;6.5;23.4;;;;;;;;;;;;;;0;;
SCM;10.05.2018 00:00;;;;;;;;;966.8;;;;1015;1.5;9.1;5.4;32.8;8.9;32;;;;;;;;;;;;;;252;;
SCM;11.05.2018 00:00;;;;;;;;;969.4;;;;1017.7;2.4;8.2;8.6;29.5;7.8;28.1;;;;;;;;;;;;;;243;;
SCM;12.05.2018 00:00;;;;;;;;;965.4;;;;1013.5;2;14;7.2;50.4;13.5;48.6;;;;;;;;;;;;;;265;;
SCM;13.05.2018 00:00;;;;;;;;;962.5;;;;1010.5;3.8;10.3;13.7;37.1;10.2;36.7;;;;;;;;;;;;;;253;;
SCM;14.05.2018 00:00;;;;;;;;;962.5;;;;1010.5;2.6;10.9;9.4;39.2;10.8;38.9;;;;;;;;;;;;;;247;;
SCM;15.05.2018 00:00;;;;;;;;;965.4;;;;1013.5;2.1;13.5;7.6;48.6;12.4;44.6;;;;;;;;;;;;;;127;;
SCM;16.05.2018 00:00;;;;;;;;;967.9;;;;1016.2;1.2;5.1;4.3;18.4;4.9;17.6;;;;;;;;;;;;;;96;;
SCM;17.05.2018 00:00;;;;;;;;;970.6;;;;1019;1.1;4.3;4;15.5;4.1;14.8;;;;;;;;;;;;;;243;;
SCM;18.05.2018 00:00;;;;;;;;;970.5;;;;1018.9;1.9;8.1;6.8;29.2;7.9;28.4;;;;;;;;;;;;;;264;;
SCM;19.05.2018 00:00;;;;;;;;;970.4;;;;1018.7;1.9;10.4;6.8;37.4;10;36;;;;;;;;;;;;;;207;;
SCM;20.05.2018 00:00;;;;;;;;;969.3;;;;1017.6;2;8.6;7.2;31;8.4;30.2;;;;;;;;;;;;;;112;;
SCM;21.05.2018 00:00;;;;;;;;;965.9;;;;1014;1.4;7.3;5;26.3;6.9;24.8;;;;;;;;;;;;;;270;;
SCM;22.05.2018 00:00;;;;;;;;;965.1;;;;1013.3;1.3;9.8;4.7;35.3;9.4;33.8;;;;;;;;;;;;;;225;;
SCM;23.05.2018 00:00;;;;;;;;;969.3;;;;1017.6;1.9;9;6.8;32.4;8.8;31.7;;;;;;;;;;;;;;240;;
SCM;24.05.2018 00:00;;;;;;;;;970.4;;;;1018.8;1.7;4.9;6.1;17.6;4.7;16.9;;;;;;;;;;;;;;207;;
SCM;25.05.2018 00:00;;;;;;;;;970;;;;1018.3;1.7;6.7;6.1;24.1;6.2;22.3;;;;;;;;;;;;;;225;;
SCM;26.05.2018 00:00;;;;;;;;;971.5;;;;1019.9;2.2;14.9;7.9;53.6;14.4;51.8;;;;;;;;;;;;;;248;;
SCM;27.05.2018 00:00;;;;;;;;;970.3;;;;1018.6;3.2;16.4;11.5;59;15.5;55.8;;;;;;;;;;;;;;124;;
SCM;28.05.2018 00:00;;;;;;;;;968.1;;;;1016.3;3.1;10.5;11.2;37.8;9.9;35.6;;;;;;;;;;;;;;98;;
SCM;29.05.2018 00:00;;;;;;;;;967.9;;;;1016.2;1.9;8.2;6.8;29.5;8.1;29.2;;;;;;;;;;;;;;243;;
SCM;30.05.2018 00:00;;;;;;;;;966.9;;;;1015;2.2;18.1;7.9;65.2;17.8;64.1;;;;;;;;;;;;;;252;;
SCM;31.05.2018 00:00;;;;;;;;;968.2;;;;1016.4;2.4;16.7;8.6;60.1;16.3;58.7;;;;;;;;;;;;;;247;;
SCM;01.06.2018 00:00;;;;;;;;;972.1;;;;1020.5;1.7;9.2;6.1;33.1;8.7;31.3;;;;;;;;;;;;;;225;;
SCM;02.06.2018 00:00;;;;;;;;;971.2;;;;1019.5;2.2;6.8;7.9;24.5;6.7;24.1;;;;;;;;;;;;;;238;;
SCM;03.06.2018 00:00;;;;;;;;;967.9;;;;1016.1;1.8;7.1;6.5;25.6;6.5;23.4;;;;;;;;;;;;;;0;;
SCM;04.06.2018 00:00;;;;;;;;;963.4;;;;1011.4;2;14.1;7.2;50.8;13.7;49.3;;;;;;;;;;;;;;256;;
SCM;05.06.2018 00:00;;;;;;;;;962.9;;;;1011;2.8;15.7;10.1;56.5;14.2;51.1;;;;;;;;;;;;;;127;;
SCM;06.06.2018 00:00;;;;;;;;;965.1;;;;1013.2;2.2;10.4;7.9;37.4;10.1;36.4;;;;;;;;;;;;;;166;;
SCM;07.06.2018 00:00;;;;;;;;;967.6;;;;1015.9;1.7;6.8;6.1;24.5;6.5;23.4;;;;;;;;;;;;;;264;;
SCM;08.06.2018 00:00;;;;;;;;;965.3;;;;1013.5;1.8;14;6.5;50.4;13.9;50;;;;;;;;;;;;;;231;;
SCM;09.06.2018 00:00;;;;;;;;;965.8;;;;1013.9;2.1;15.5;7.6;55.8;15.2;54.7;;;;;;;;;;;;;;225;;
SCM;10.06.2018 00:00;;;;;;;;;965.2;;;;1013.4;1.6;6.7;5.8;24.1;6.2;22.3;;;;;;;;;;;;;;198;;
SCM;11.06.2018 00:00;;;;;;;;;963.2;;;;1011.3;1.6;10.1;5.8;36.4;10;36;;;;;;;;;;;;;;259;;
SCM;12.06.2018 00:00;;;;;;;;;962.4;;;;1010.4;2;6.5;7.2;23.4;6.3;22.7;;;;;;;;;;;;;;230;;
SCM;13.06.2018 00:00;;;;;;;;;965.7;;;;1013.9;2.4;9.5;8.6;34.2;9.3;33.5;;;;;;;;;;;;;;254;;
SCM;14.06.2018 00:00;;;;;;;;;968.5;;;;1016.8;2.4;7.5;8.6;27;7.4;26.6;;;;;;;;;;;;;;243;;
SCM;15.06.2018 00:00;;;;;;;;;968.6;;;;1016.8;1.6;7.8;5.8;28.1;7.5;27;;;;;;;;;;;;;;225;;
SCM;16.06.2018 00:00;;;;;;;;;968.4;;;;1016.6;2.1;6.8;7.6;24.5;6.7;24.1;;;;;;;;;;;;;;238;;
SCM;17.06.2018 00:00;;;;;;;;;971.6;;;;1020;1.5;8.9;5.4;32;8.7;31.3;;;;;;;;;;;;;;207;;
SCM;18.06.2018 00:00;;;;;;;;;974.9;;;;1023.4;1.8;6.8;6.5;24.5;6.6;23.8;;;;;;;;;;;;;;231;;
SCM;19.06.2018 00:00;;;;;;;;;976.2;;;;1024.7;1.9;5.7;6.8;20.5;5.5;19.8;;;;;;;;;;;;;;236;;
SCM;20.06.2018 00:00;;;;;;;;;972.6;;;;1021;1.5;5.2;5.4;18.7;5;18;;;;;;;;;;;;;;247;;
SCM;21.06.2018 00:00;;;;;;;;;970.1;;;;1018.4;2.6;9.9;9.4;35.6;9.5;34.2;;;;;;;;;;;;;;266;;
SCM;22.06.2018 00:00;;;;;;;;;975.8;;;;1024.4;2.1;8.5;7.6;30.6;8.1;29.2;;;;;;;;;;;;;;254;;
SCM;23.06.2018 00:00;;;;;;;;;975.6;;;;1024.2;2.5;7.7;9;27.7;7.2;25.9;;;;;;;;;;;;;;225;;
SCM;24.06.2018 00:00;;;;;;;;;972.4;;;;1020.8;2.7;7.2;9.7;25.9;7.1;25.6;;;;;;;;;;;;;;243;;
SCM;25.06.2018 00:00;;;;;;;;;973.5;;;;1021.9;1.7;6.1;6.1;22;5.9;21.2;;;;;;;;;;;;;;63;;
SCM;26.06.2018 00:00;;;;;;;;;973.8;;;;1022.3;2;8.3;7.2;29.9;7.7;27.7;;;;;;;;;;;;;;90;;
SCM;27.06.2018 00:00;;;;;;;;;972;;;;1020.4;2.8;11.5;10.1;41.4;10.9;39.2;;;;;;;;;;;;;;57;;
SCM;28.06.2018 00:00;;;;;;;;;969.7;;;;1018;3.8;14.3;13.7;51.5;13.3;47.9;;;;;;;;;;;;;;69;;
SCM;29.06.2018 00:00;;;;;;;;;967;;;;1015.2;2.3;9.6;8.3;34.6;8.8;31.7;;;;;;;;;;;;;;90;;
SCM;30.06.2018 00:00;;;;;;;;;965.3;;;;1013.5;1.8;6.4;6.5;23;6.2;22.3;;;;;;;;;;;;;;90;;
SCM;01.07.2018 00:00;;;;;;;;;965.2;;;;1013.3;2.2;9.1;7.9;32.8;9;32.4;;;;;;;;;;;;;;18;;
SCM;02.07.2018 00:00;;;;;;;;;965.7;;;;1013.8;1.5;5;5.4;18;4.9;17.6;;;;;;;;;;;;;;243;;
SCM;03.07.2018 00:00;;;;;;;;;969.4;;;;1017.7;1.8;12;6.5;43.2;11.5;41.4;;;;;;;;;;;;;;84;;
SCM;04.07.2018 00:00;;;;;;;;;968.7;;;;1016.9;2.1;8.2;7.6;29.5;7.2;25.9;;;;;;;;;;;;;;94;;
SCM;05.07.2018 00:00;;;;;;;;;968.8;;;;1017.1;2.4;14.1;8.6;50.8;13.8;49.7;;;;;;;;;;;;;;225;;
SCM;06.07.2018 00:00;;;;;;;;;972.7;;;;1021.2;1.4;4.8;5;17.3;4.7;16.9;;;;;;;;;;;;;;180;;
SCM;07.07.2018 00:00;;;;;;;;;974.4;;;;1022.9;1.7;6.1;6.1;22;5.9;21.2;;;;;;;;;;;;;;162;;
SCM;08.07.2018 00:00;;;;;;;;;973;;;;1021.5;2;7.9;7.2;28.4;7.6;27.4;;;;;;;;;;;;;;180;;
SCM;09.07.2018 00:00;;;;;;;;;971.1;;;;1019.5;1.6;6.3;5.8;22.7;6;21.6;;;;;;;;;;;;;;231;;
SCM;10.07.2018 00:00;;;;;;;;;968.8;;;;1017.1;1.8;8.5;6.5;30.6;8.4;30.2;;;;;;;;;;;;;;234;;
SCM;11.07.2018 00:00;;;;;;;;;968.9;;;;1017.2;1.9;6.6;6.8;23.8;6.3;22.7;;;;;;;;;;;;;;243;;
SCM;12.07.2018 00:00;;;;;;;;;969.8;;;;1018.1;2.3;7.4;8.3;26.6;7.1;25.6;;;;;;;;;;;;;;240;;
SCM;13.07.2018 00:00;;;;;;;;;971.3;;;;1019.7;2.1;8;7.6;28.8;7.8;28.1;;;;;;;;;;;;;;219;;
SCM;14.07.2018 00:00;;;;;;;;;970.3;;;;1018.6;1.8;7.1;6.5;25.6;6.9;24.8;;;;;;;;;;;;;;180;;
SCM;15.07.2018 00:00;;;;;;;;;968.7;;;;1016.9;2.5;15.3;9;55.1;14.5;52.2;;;;;;;;;;;;;;153;;
SCM;16.07.2018 00:00;;;;;;;;;966.2;;;;1014.3;2.2;10.7;7.9;38.5;10.4;37.4;;;;;;;;;;;;;;225;;
SCM;17.07.2018 00:00;;;;;;;;;969.3;;;;1017.6;2.2;14.4;7.9;51.8;14.1;50.8;;;;;;;;;;;;;;236;;
SCM;18.07.2018 00:00;;;;;;;;;969.3;;;;1017.6;2.4;8.1;8.6;29.2;7.9;28.4;;;;;;;;;;;;;;238;;
SCM;19.07.2018 00:00;;;;;;;;;968.2;;;;1016.4;1.9;7.2;6.8;25.9;6.7;24.1;;;;;;;;;;;;;;90;;
SCM;20.07.2018 00:00;;;;;;;;;966.7;;;;1014.9;2.8;15.2;10.1;54.7;14.7;52.9;;;;;;;;;;;;;;135;;
SCM;21.07.2018 00:00;;;;;;;;;966.6;;;;1014.8;2.9;10;10.4;36;9.5;34.2;;;;;;;;;;;;;;240;;
SCM;22.07.2018 00:00;;;;;;;;;968.1;;;;1016.4;1.3;7.5;4.7;27;7;25.2;;;;;;;;;;;;;;90;;
SCM;23.07.2018 00:00;;;;;;;;;969.8;;;;1018.1;1.6;6.6;5.8;23.8;6;21.6;;;;;;;;;;;;;;101;;
SCM;24.07.2018 00:00;;;;;;;;;966.9;;;;1015.1;2.6;9;9.4;32.4;8.7;31.3;;;;;;;;;;;;;;225;;
SCM;25.07.2018 00:00;;;;;;;;;967.5;;;;1015.7;1.8;6.5;6.5;23.4;6.3;22.7;;;;;;;;;;;;;;0;;
SCM;26.07.2018 00:00;;;;;;;;;966.8;;;;1015;2.3;12.6;8.3;45.4;11.5;41.4;;;;;;;;;;;;;;72;;
SCM;27.07.2018 00:00;;;;;;;;;965.1;;;;1013.2;1.8;6.2;6.5;22.3;6.1;22;;;;;;;;;;;;;;234;;
SCM;28.07.2018 00:00;;;;;;;;;966.5;;;;1014.6;2.1;10;7.6;36;9.6;34.6;;;;;;;;;;;;;;45;;
SCM;29.07.2018 00:00;;;;;;;;;968;;;;1016.3;2.6;8.2;9.4;29.5;8.1;29.2;;;;;;;;;;;;;;241;;
SCM;30.07.2018 00:00;;;;;;;;;969;;;;1017.3;2.1;6.4;7.6;23;6.2;22.3;;;;;;;;;;;;;;234;;
SCM;31.07.2018 00:00;;;;;;;;;969.3;;;;1017.6;2.4;8.3;8.6;29.9;8.2;29.5;;;;;;;;;;;;;;236;;
SCM;01.08.2018 00:00;;;;;;;;;971;;;;1019.4;2.3;8.1;8.3;29.2;8;28.8;;;;;;;;;;;;;;117;;
SCM;02.08.2018 00:00;;;;;;;;;973.2;;;;1021.7;2.5;9.7;9;34.9;9.5;34.2;;;;;;;;;;;;;;78;;
SCM;03.08.2018 00:00;;;;;;;;;971;;;;1019.4;1.9;7;6.8;25.2;6.7;24.1;;;;;;;;;;;;;;243;;
SCM;04.08.2018 00:00;;;;;;;;;970.1;;;;1018.4;1.6;5.5;5.8;19.8;5.3;19.1;;;;;;;;;;;;;;243;;
SCM;05.08.2018 00:00;;;;;;;;;969.9;;;;1018.2;2.3;8.6;8.3;31;8.1;29.2;;;;;;;;;;;;;;69;;
SCM;06.08.2018 00:00;;;;;;;;;968.7;;;;1016.9;3.4;17.2;12.2;61.9;16.6;59.8;;;;;;;;;;;;;;126;;
SCM;07.08.2018 00:00;;;;;;;;;966.9;;;;1015.1;3.4;16.6;12.2;59.8;15.6;56.2;;;;;;;;;;;;;;103;;
SCM;08.08.2018 00:00;;;;;;;;;968;;;;1016.2;2.6;11.4;9.4;41;11;39.6;;;;;;;;;;;;;;101;;
SCM;09.08.2018 00:00;;;;;;;;;968.7;;;;1016.9;3.8;17;13.7;61.2;16.4;59;;;;;;;;;;;;;;146;;
SCM;10.08.2018 00:00;;;;;;;;;976.5;;;;1025.1;1.6;8.3;5.8;29.9;8.1;29.2;;;;;;;;;;;;;;117;;
SCM;11.08.2018 00:00;;;;;;;;;975.7;;;;1024.2;2;7.5;7.2;27;7.3;26.3;;;;;;;;;;;;;;229;;
SCM;12.08.2018 00:00;;;;;;;;;969;;;;1017.3;2.2;6.8;7.9;24.5;6.7;24.1;;;;;;;;;;;;;;225;;
SCM;13.08.2018 00:00;;;;;;;;;965.5;;;;1013.6;3;10.7;10.8;38.5;10.1;36.4;;;;;;;;;;;;;;79;;
SCM;14.08.2018 00:00;;;;;;;;;969.8;;;;1018.1;1.3;4;4.7;14.4;3.8;13.7;;;;;;;;;;;;;;99;;
SCM;15.08.2018 00:00;;;;;;;;;972.5;;;;1020.9;1.6;4.8;5.8;17.3;4.8;17.3;;;;;;;;;;;;;;194;;
SCM;16.08.2018 00:00;;;;;;;;;969;;;;1017.3;2;6.1;7.2;22;6.1;22;;;;;;;;;;;;;;231;;
SCM;17.08.2018 00:00;;;;;;;;;969.6;;;;1018;1.8;9.6;6.5;34.6;9.3;33.5;;;;;;;;;;;;;;90;;
SCM;18.08.2018 00:00;;;;;;;;;973.4;;;;1021.8;2.1;8.3;7.6;29.9;7.8;28.1;;;;;;;;;;;;;;229;;
SCM;19.08.2018 00:00;;;;;;;;;973.3;;;;1021.7;2;7;7.2;25.2;6.9;24.8;;;;;;;;;;;;;;236;;
SCM;20.08.2018 00:00;;;;;;;;;971.9;;;;1020.3;1.8;6.7;6.5;24.1;6.4;23;;;;;;;;;;;;;;236;;
SCM;21.08.2018 00:00;;;;;;;;;971.2;;;;1019.5;2.4;9.8;8.6;35.3;9.5;34.2;;;;;;;;;;;;;;108;;
SCM;22.08.2018 00:00;;;;;;;;;970;;;;1018.3;1.7;7.9;6.1;28.4;7.6;27.4;;;;;;;;;;;;;;63;;
SCM;23.08.2018 00:00;;;;;;;;;968.1;;;;1016.3;3.3;15.5;11.9;55.8;15.1;54.4;;;;;;;;;;;;;;119;;
SCM;24.08.2018 00:00;;;;;;;;;967.8;;;;1016;2.1;10.3;7.6;37.1;9.9;35.6;;;;;;;;;;;;;;99;;
SCM;25.08.2018 00:00;;;;;;;;;968.3;;;;1016.6;1.7;6.2;6.1;22.3;6;21.6;;;;;;;;;;;;;;84;;
SCM;26.08.2018 00:00;;;;;;;;;969.9;;;;1018.2;1.8;6.8;6.5;24.5;6.4;23;;;;;;;;;;;;;;162;;
SCM;27.08.2018 00:00;;;;;;;;;970;;;;1018.3;1.6;6.9;5.8;24.8;6.3;22.7;;;;;;;;;;;;;;117;;
SCM;28.08.2018 00:00;;;;;;;;;970.5;;;;1018.9;1.7;6.8;6.1;24.5;6.5;23.4;;;;;;;;;;;;;;108;;
SCM;29.08.2018 00:00;;;;;;;;;969;;;;1017.3;2.5;17.3;9;62.3;17.1;61.6;;;;;;;;;;;;;;236;;
SCM;30.08.2018 00:00;;;;;;;;;972.9;;;;1021.4;1.4;6.2;5;22.3;6.1;22;;;;;;;;;;;;;;90;;
SCM;31.08.2018 00:00;;;;;;;;;971.6;;;;1020;2.3;10;8.3;36;9.7;34.9;;;;;;;;;;;;;;291;;
SCM;01.09.2018 00:00;;;;;;;;;974.5;;;;1023;1.5;5.3;5.4;19.1;5.2;18.7;;;;;;;;;;;;;;297;;
SCM;02.09.2018 00:00;;;;;;;;;972.2;;;;1020.6;1.3;5.1;4.7;18.4;4.9;17.6;;;;;;;;;;;;;;45;;
SCM;03.09.2018 00:00;;;;;;;;;968.9;;;;1017.2;1.2;5.1;4.3;18.4;5;18;;;;;;;;;;;;;;198;;
SCM;04.09.2018 00:00;;;;;;;;;968.8;;;;1017;1.7;5.8;6.1;20.9;5.6;20.2;;;;;;;;;;;;;;270;;
SCM;05.09.2018 00:00;;;;;;;;;968.7;;;;1016.9;1.4;4.8;5;17.3;4.5;16.2;;;;;;;;;;;;;;225;;
SCM;06.09.2018 00:00;;;;;;;;;965.8;;;;1014;2.3;8.2;8.3;29.5;8.1;29.2;;;;;;;;;;;;;;221;;
SCM;07.09.2018 00:00;;;;;;;;;969.1;;;;1017.4;1.2;4.6;4.3;16.6;4.5;16.2;;;;;;;;;;;;;;124;;
SCM;08.09.2018 00:00;;;;;;;;;972.9;;;;1021.3;1.7;4.8;6.1;17.3;4.7;16.9;;;;;;;;;;;;;;236;;
SCM;09.09.2018 00:00;;;;;;;;;974.2;;;;1022.7;1.2;8.3;4.3;29.9;7.9;28.4;;;;;;;;;;;;;;90;;
SCM;10.09.2018 00:00;;;;;;;;;976.3;;;;1024.9;1.2;4.6;4.3;16.6;4.2;15.1;;;;;;;;;;;;;;180;;
SCM;11.09.2018 00:00;;;;;;;;;977.7;;;;1026.3;1.5;10.2;5.4;36.7;9.9;35.6;;;;;;;;;;;;;;90;;
SCM;12.09.2018 00:00;;;;;;;;;974.4;;;;1022.9;1.5;11.6;5.4;41.8;11.5;41.4;;;;;;;;;;;;;;90;;
SCM;13.09.2018 00:00;;;;;;;;;971.1;;;;1019.5;2.2;11.3;7.9;40.7;10.7;38.5;;;;;;;;;;;;;;90;;
SCM;14.09.2018 00:00;;;;;;;;;972.1;;;;1020.5;1.7;7.9;6.1;28.4;7.6;27.4;;;;;;;;;;;;;;239;;
SCM;15.09.2018 00:00;;;;;;;;;975.5;;;;1024;2.2;6.4;7.9;23;6.3;22.7;;;;;;;;;;;;;;240;;
SCM;16.09.2018 00:00;;;;;;;;;974.6;;;;1023.1;1.1;4;4;14.4;3.8;13.7;;;;;;;;;;;;;;135;;
SCM;17.09.2018 00:00;;;;;;;;;972.5;;;;1021;1.5;7.2;5.4;25.9;6.8;24.5;;;;;;;;;;;;;;90;;
SCM;18.09.2018 00:00;;;;;;;;;971.3;;;;1019.7;1.6;10.8;5.8;38.9;10.4;37.4;;;;;;;;;;;;;;90;;
SCM;19.09.2018 00:00;;;;;;;;;973.6;;;;1022.1;2.2;11.2;7.9;40.3;10.6;38.2;;;;;;;;;;;;;;86;;
SCM;20.09.2018 00:00;;;;;;;;;972;;;;1020.4;1.8;9.6;6.5;34.6;9.1;32.8;;;;;;;;;;;;;;84;;
SCM;21.09.2018 00:00;;;;;;;;;969.2;;;;1017.5;2.1;10.7;7.6;38.5;10.2;36.7;;;;;;;;;;;;;;117;;
SCM;22.09.2018 00:00;;;;;;;;;975.2;;;;1023.8;1.7;5.4;6.1;19.4;5.1;18.4;;;;;;;;;;;;;;121;;
SCM;23.09.2018 00:00;;;;;;;;;970.2;;;;1018.6;2.8;23.1;10.1;83.2;20.6;74.2;;;;;;;;;;;;;;257;;
SCM;24.09.2018 00:00;;;;;;;;;982.7;;;;1031.6;2;8.6;7.2;31;8.1;29.2;;;;;;;;;;;;;;67;;
SCM;25.09.2018 00:00;;;;;;;;;985.4;;;;1034.3;3.4;10.3;12.2;37.1;10;36;;;;;;;;;;;;;;76;;
SCM;26.09.2018 00:00;;;;;;;;;985.4;;;;1034.3;1.4;6.2;5;22.3;6;21.6;;;;;;;;;;;;;;117;;
SCM;27.09.2018 00:00;;;;;;;;;980.4;;;;1029.1;1.2;5.6;4.3;20.2;5.5;19.8;;;;;;;;;;;;;;79;;
SCM;28.09.2018 00:00;;;;;;;;;973.8;;;;1022.3;1.9;13;6.8;46.8;12.6;45.4;;;;;;;;;;;;;;117;;
SCM;29.09.2018 00:00;;;;;;;;;973.5;;;;1021.9;2.4;10.3;8.6;37.1;9.5;34.2;;;;;;;;;;;;;;43;;
SCM;30.09.2018 00:00;;;;;;;;;969.5;;;;1017.8;1.4;17.9;5;64.4;17.5;63;;;;;;;;;;;;;;256;;
SCM;01.10.2018 00:00;;;;;;;;;970.5;;;;1018.8;1.7;8.9;6.1;32;8.7;31.3;;;;;;;;;;;;;;360;;
SCM;02.10.2018 00:00;;;;;;;;;976.5;;;;1025;1.6;6.8;5.8;24.5;6.7;24.1;;;;;;;;;;;;;;259;;
SCM;03.10.2018 00:00;;;;;;;;;978.7;;;;1027.4;1.2;5.7;4.3;20.5;5.6;20.2;;;;;;;;;;;;;;98;;
SCM;04.10.2018 00:00;;;;;;;;;977;;;;1025.6;1.7;5.5;6.1;19.8;5.4;19.4;;;;;;;;;;;;;;233;;
SCM;05.10.2018 00:00;;;;;;;;;972.6;;;;1021;1.1;5.5;4;19.8;5.3;19.1;;;;;;;;;;;;;;90;;
SCM;06.10.2018 00:00;;;;;;;;;966.5;;;;1014.7;1;4.6;3.6;16.6;4.4;15.8;;;;;;;;;;;;;;76;;
SCM;07.10.2018 00:00;;;;;;;;;966.9;;;;1015.1;1.6;8.9;5.8;32;8.3;29.9;;;;;;;;;;;;;;63;;
SCM;08.10.2018 00:00;;;;;;;;;971.8;;;;1020.2;1.5;5.3;5.4;19.1;5.2;18.7;;;;;;;;;;;;;;248;;
SCM;09.10.2018 00:00;;;;;;;;;973.2;;;;1021.6;1.6;4.3;5.8;15.5;4.2;15.1;;;;;;;;;;;;;;214;;
SCM;10.10.2018 00:00;;;;;;;;;968.7;;;;1017;2.2;13.2;7.9;47.5;12.5;45;;;;;;;;;;;;;;135;;
SCM;11.10.2018 00:00;;;;;;;;;968.1;;;;1016.3;2.7;14.2;9.7;51.1;13.4;48.2;;;;;;;;;;;;;;180;;
SCM;12.10.2018 00:00;;;;;;;;;975.5;;;;1024.1;1.4;6.3;5;22.7;6.2;22.3;;;;;;;;;;;;;;252;;
SCM;13.10.2018 00:00;;;;;;;;;973.2;;;;1021.6;1;4.9;3.6;17.6;4.5;16.2;;;;;;;;;;;;;;90;;
SCM;14.10.2018 00:00;;;;;;;;;966.2;;;;1014.3;3.2;13.1;11.5;47.2;12.7;45.7;;;;;;;;;;;;;;128;;
SCM;15.10.2018 00:00;;;;;;;;;966.5;;;;1014.6;2.6;10.7;9.4;38.5;9.9;35.6;;;;;;;;;;;;;;112;;
SCM;16.10.2018 00:00;;;;;;;;;970.7;;;;1019.1;1.6;10.1;5.8;36.4;9.5;34.2;;;;;;;;;;;;;;72;;
SCM;17.10.2018 00:00;;;;;;;;;970.5;;;;1018.9;1.1;7;4;25.2;6.5;23.4;;;;;;;;;;;;;;90;;
SCM;18.10.2018 00:00;;;;;;;;;970.6;;;;1018.9;1.3;7.8;4.7;28.1;7.7;27.7;;;;;;;;;;;;;;90;;
SCM;19.10.2018 00:00;;;;;;;;;973.7;;;;1022.1;1.1;4.3;4;15.5;4.1;14.8;;;;;;;;;;;;;;180;;
SCM;20.10.2018 00:00;;;;;;;;;978.9;;;;1027.6;1.6;5.4;5.8;19.4;4.9;17.6;;;;;;;;;;;;;;124;;
SCM;21.10.2018 00:00;;;;;;;;;977.5;;;;1026.2;1.6;5.9;5.8;21.2;5.7;20.5;;;;;;;;;;;;;;236;;
SCM;22.10.2018 00:00;;;;;;;;;978.8;;;;1027.5;1.4;5.1;5;18.4;4.9;17.6;;;;;;;;;;;;;;180;;
SCM;23.10.2018 00:00;;;;;;;;;980.5;;;;1029.2;1.2;4.3;4.3;15.5;4.2;15.1;;;;;;;;;;;;;;108;;
SCM;24.10.2018 00:00;;;;;;;;;978.2;;;;1026.8;1.1;3.7;4;13.3;3.5;12.6;;;;;;;;;;;;;;90;;
SCM;25.10.2018 00:00;;;;;;;;;972.2;;;;1020.6;1;4.2;3.6;15.1;3.8;13.7;;;;;;;;;;;;;;180;;
SCM;26.10.2018 00:00;;;;;;;;;963.9;;;;1012;1.3;5.9;4.7;21.2;5.8;20.9;;;;;;;;;;;;;;225;;
SCM;27.10.2018 00:00;;;;;;;;;959.6;;;;1007.5;1.7;6.8;6.1;24.5;6.8;24.5;;;;;;;;;;;;;;45;;
SCM;28.10.2018 00:00;;;;;;;;;955.6;;;;1003.4;2;9;7.2;32.4;8.8;31.7;;;;;;;;;;;;;;57;;
SCM;29.10.2018 00:00;;;;;;;;;946.7;;;;994;2.9;23.1;10.4;83.2;22.1;79.6;;;;;;;;;;;;;;74;;
SCM;30.10.2018 00:00;;;;;;;;;954.4;;;;1002.1;2.5;21.1;9;76;20.2;72.7;;;;;;;;;;;;;;304;;
SCM;31.10.2018 00:00;;;;;;;;;965.1;;;;1013.2;2;8.1;7.2;29.2;8;28.8;;;;;;;;;;;;;;275;;
SCM;01.11.2018 00:00;;;;;;;;;966;;;;1014.2;1.2;4.9;4.3;17.6;4.8;17.3;;;;;;;;;;;;;;63;;
SCM;02.11.2018 00:00;;;;;;;;;973.8;;;;1022.3;1.2;4.5;4.3;16.2;4.3;15.5;;;;;;;;;;;;;;135;;
SCM;03.11.2018 00:00;;;;;;;;;974.9;;;;1023.5;2;8.1;7.2;29.2;8;28.8;;;;;;;;;;;;;;90;;
SCM;04.11.2018 00:00;;;;;;;;;967.3;;;;1015.5;1.3;7.1;4.7;25.6;7;25.2;;;;;;;;;;;;;;270;;
SCM;05.11.2018 00:00;;;;;;;;;961.7;;;;1009.7;2.5;13.7;9;49.3;13.4;48.2;;;;;;;;;;;;;;207;;
SCM;06.11.2018 00:00;;;;;;;;;960.8;;;;1008.8;4.5;17.1;16.2;61.6;16.3;58.7;;;;;;;;;;;;;;133;;
SCM;07.11.2018 00:00;;;;;;;;;965.6;;;;1013.7;1;3.7;3.6;13.3;3.7;13.3;;;;;;;;;;;;;;45;;
SCM;08.11.2018 00:00;;;;;;;;;971.8;;;;1020.2;1.3;4.8;4.7;17.3;4.7;16.9;;;;;;;;;;;;;;252;;
SCM;09.11.2018 00:00;;;;;;;;;967.8;;;;1016.1;1.2;5.9;4.3;21.2;5.8;20.9;;;;;;;;;;;;;;180;;
SCM;10.11.2018 00:00;;;;;;;;;963.5;;;;1011.5;1.6;6.6;5.8;23.8;6.5;23.4;;;;;;;;;;;;;;259;;
SCM;11.11.2018 00:00;;;;;;;;;967;;;;1015.1;1.4;5.9;5;21.2;5.6;20.2;;;;;;;;;;;;;;360;;
SCM;12.11.2018 00:00;;;;;;;;;971.1;;;;1019.5;1.9;13.2;6.8;47.5;12.7;45.7;;;;;;;;;;;;;;259;;
SCM;13.11.2018 00:00;;;;;;;;;980.3;;;;1029;1.4;10;5;36;9.7;34.9;;;;;;;;;;;;;;45;;
SCM;14.11.2018 00:00;;;;;;;;;980.5;;;;1029.2;1.6;5;5.8;18;4.8;17.3;;;;;;;;;;;;;;239;;
SCM;15.11.2018 00:00;;;;;;;;;978.1;;;;1026.8;1.5;4.8;5.4;17.3;4.5;16.2;;;;;;;;;;;;;;117;;
SCM;16.11.2018 00:00;;;;;;;;;977.2;;;;1025.8;2.5;10.3;9;37.1;9.9;35.6;;;;;;;;;;;;;;63;;
SCM;17.11.2018 00:00;;;;;;;;;975;;;;1023.5;2.4;8.1;8.6;29.2;7.4;26.6;;;;;;;;;;;;;;59;;
SCM;18.11.2018 00:00;;;;;;;;;971.7;;;;1020.1;1.7;7.4;6.1;26.6;7.1;25.6;;;;;;;;;;;;;;55;;
SCM;19.11.2018 00:00;;;;;;;;;959.9;;;;1007.8;2.5;9.4;9;33.8;9.2;33.1;;;;;;;;;;;;;;60;;
SCM;20.11.2018 00:00;;;;;;;;;957.3;;;;1005.1;1.4;5.3;5;19.1;5.1;18.4;;;;;;;;;;;;;;315;;
SCM;21.11.2018 00:00;;;;;;;;;965.7;;;;1013.8;1.2;3.9;4.3;14;3.8;13.7;;;;;;;;;;;;;;22;;
SCM;22.11.2018 00:00;;;;;;;;;970.8;;;;1019.2;1.6;5.9;5.8;21.2;5.8;20.9;;;;;;;;;;;;;;259;;
SCM;23.11.2018 00:00;;;;;;;;;968.4;;;;1016.6;1.6;5.4;5.8;19.4;5.1;18.4;;;;;;;;;;;;;;277;;
SCM;24.11.2018 00:00;;;;;;;;;966.2;;;;1014.4;1.2;4;4.3;14.4;3.9;14;;;;;;;;;;;;;;76;;
SCM;25.11.2018 00:00;;;;;;;;;960;;;;1007.9;1.2;5.1;4.3;18.4;4.9;17.6;;;;;;;;;;;;;;333;;
SCM;26.11.2018 00:00;;;;;;;;;959.1;;;;1007;1.5;5.3;5.4;19.1;5.1;18.4;;;;;;;;;;;;;;291;;
SCM;27.11.2018 00:00;;;;;;;;;970.3;;;;1018.6;1.1;4.2;4;15.1;3.9;14;;;;;;;;;;;;;;34;;
SCM;28.11.2018 00:00;;;;;;;;;975.2;;;;1023.7;1.3;6.3;4.7;22.7;5.9;21.2;;;;;;;;;;;;;;90;;
SCM;29.11.2018 00:00;;;;;;;;;971.4;;;;1019.8;1.6;8.2;5.8;29.5;7.7;27.7;;;;;;;;;;;;;;225;;
SCM;30.11.2018 00:00;;;;;;;;;969;;;;1017.3;1.1;4.1;4;14.8;4;14.4;;;;;;;;;;;;;;68;;
SCM;01.12.2018 00:00;;;;;;;;;970.1;;;;1018.4;1.2;7.5;4.3;27;7;25.2;;;;;;;;;;;;;;84;;
SCM;02.12.2018 00:00;;;;;;;;;964.8;;;;1013;2.2;12;7.9;43.2;11.4;41;;;;;;;;;;;;;;74;;
SCM;03.12.2018 00:00;;;;;;;;;964.4;;;;1012.5;2.5;17.5;9;63;16.7;60.1;;;;;;;;;;;;;;77;;
SCM;04.12.2018 00:00;;;;;;;;;973.3;;;;1021.8;1.5;8.6;5.4;31;8.5;30.6;;;;;;;;;;;;;;79;;
SCM;05.12.2018 00:00;;;;;;;;;975.4;;;;1023.9;2;10.1;7.2;36.4;9.4;33.8;;;;;;;;;;;;;;90;;
SCM;06.12.2018 00:00;;;;;;;;;974.4;;;;1022.8;1.3;5.9;4.7;21.2;5.5;19.8;;;;;;;;;;;;;;82;;
SCM;07.12.2018 00:00;;;;;;;;;968.9;;;;1017.2;2.3;19.9;8.3;71.6;19.1;68.8;;;;;;;;;;;;;;270;;
SCM;08.12.2018 00:00;;;;;;;;;969.1;;;;1017.4;4.4;16.2;15.8;58.3;16;57.6;;;;;;;;;;;;;;279;;
SCM;09.12.2018 00:00;;;;;;;;;964.1;;;;1012.1;6.4;23.1;23;83.2;22.6;81.4;;;;;;;;;;;;;;278;;
SCM;10.12.2018 00:00;;;;;;;;;975.2;;;;1023.7;3.1;14.9;11.2;53.6;14.3;51.5;;;;;;;;;;;;;;294;;
SCM;11.12.2018 00:00;;;;;;;;;975.7;;;;1024.2;1.6;9.6;5.8;34.6;9.3;33.5;;;;;;;;;;;;;;90;;
SCM;12.12.2018 00:00;;;;;;;;;972.6;;;;1021;2.5;8.1;9;29.2;7.7;27.7;;;;;;;;;;;;;;90;;
SCM;13.12.2018 00:00;;;;;;;;;965.7;;;;1013.8;1.8;7.1;6.5;25.6;6.6;23.8;;;;;;;;;;;;;;77;;
SCM;14.12.2018 00:00;;;;;;;;;969.4;;;;1017.7;1.6;6.7;5.8;24.1;6.2;22.3;;;;;;;;;;;;;;48;;
SCM;15.12.2018 00:00;;;;;;;;;973.1;;;;1021.5;1.9;6.8;6.8;24.5;6.5;23.4;;;;;;;;;;;;;;85;;
SCM;16.12.2018 00:00;;;;;;;;;966.9;;;;1015.1;1.9;12.8;6.8;46.1;12.2;43.9;;;;;;;;;;;;;;78;;
SCM;17.12.2018 00:00;;;;;;;;;975.5;;;;1024.1;1.2;5.9;4.3;21.2;5.5;19.8;;;;;;;;;;;;;;73;;
SCM;18.12.2018 00:00;;;;;;;;;975.8;;;;1024.3;2.5;10.1;9;36.4;9.9;35.6;;;;;;;;;;;;;;56;;
SCM;19.12.2018 00:00;;;;;;;;;969.9;;;;1018.2;1.6;7.5;5.8;27;7.2;25.9;;;;;;;;;;;;;;76;;
SCM;20.12.2018 00:00;;;;;;;;;972.3;;;;1020.7;1.4;6;5;21.6;5.9;21.2;;;;;;;;;;;;;;75;;
SCM;21.12.2018 00:00;;;;;;;;;971.2;;;;1019.6;2.3;13.1;8.3;47.2;12.6;45.4;;;;;;;;;;;;;;77;;
SCM;22.12.2018 00:00;;;;;;;;;973.9;;;;1022.4;3.3;19.6;11.9;70.6;18.9;68;;;;;;;;;;;;;;291;;
SCM;23.12.2018 00:00;;;;;;;;;976.5;;;;1025.1;1.5;9.7;5.4;34.9;9.4;33.8;;;;;;;;;;;;;;77;;
SCM;24.12.2018 00:00;;;;;;;;;978.8;;;;1027.5;2.1;15.1;7.6;54.4;14.8;53.3;;;;;;;;;;;;;;304;;
SCM;25.12.2018 00:00;;;;;;;;;985.6;;;;1034.6;1.3;5.4;4.7;19.4;5.1;18.4;;;;;;;;;;;;;;135;;
SCM;26.12.2018 00:00;;;;;;;;;983.6;;;;1032.5;1.3;5.6;4.7;20.2;5.5;19.8;;;;;;;;;;;;;;243;;
SCM;27.12.2018 00:00;;;;;;;;;979.5;;;;1028.1;1.2;4.3;4.3;15.5;4.2;15.1;;;;;;;;;;;;;;90;;
SCM;28.12.2018 00:00;;;;;;;;;980.5;;;;1029.3;1.2;4.4;4.3;15.8;4;14.4;;;;;;;;;;;;;;82;;
SCM;29.12.2018 00:00;;;;;;;;;984.7;;;;1033.6;1.2;5.1;4.3;18.4;5;18;;;;;;;;;;;;;;37;;
SCM;30.12.2018 00:00;;;;;;;;;986.2;;;;1035.2;1.3;5.9;4.7;21.2;5.7;20.5;;;;;;;;;;;;;;68;;
SCM;31.12.2018 00:00;;;;;;;;;985.7;;;;1034.6;1.3;3.7;4.7;13.3;3.6;13;;;;;;;;;;;;;;85;;
SCM;01.01.2019 00:00;;;;;;;;;983;;;;1031.9;1.6;6.2;5.8;22.3;5.9;21.2;;;;;;;;;;;;;;256;;
SCM;02.01.2019 00:00;;;;;;;;;984.1;;;;1033;3.5;9.2;12.6;33.1;8.9;32;;;;;;;;;;;;;;277;;
SCM;03.01.2019 00:00;;;;;;;;;987.8;;;;1036.8;1;3.4;3.6;12.2;3.3;11.9;;;;;;;;;;;;;;90;;
SCM;04.01.2019 00:00;;;;;;;;;986.8;;;;1035.7;1.3;4.9;4.7;17.6;4.6;16.6;;;;;;;;;;;;;;95;;
SCM;05.01.2019 00:00;;;;;;;;;983.9;;;;1032.7;1;3.5;3.6;12.6;3.2;11.5;;;;;;;;;;;;;;77;;
SCM;06.01.2019 00:00;;;;;;;;;983.8;;;;1032.7;1;3.1;3.6;11.2;2.9;10.4;;;;;;;;;;;;;;77;;
SCM;07.01.2019 00:00;;;;;;;;;983.9;;;;1032.8;1;3.1;3.6;11.2;3;10.8;;;;;;;;;;;;;;74;;
SCM;08.01.2019 00:00;;;;;;;;;974;;;;1022.4;2.9;14;10.4;50.4;12.9;46.4;;;;;;;;;;;;;;288;;
SCM;09.01.2019 00:00;;;;;;;;;967.5;;;;1015.7;3.9;14;14;50.4;13.6;49;;;;;;;;;;;;;;275;;
SCM;10.01.2019 00:00;;;;;;;;;973.3;;;;1021.7;1.5;4.8;5.4;17.3;4.6;16.6;;;;;;;;;;;;;;279;;
SCM;11.01.2019 00:00;;;;;;;;;977.4;;;;1026.1;1.2;3.8;4.3;13.7;3.7;13.3;;;;;;;;;;;;;;76;;
SCM;12.01.2019 00:00;;;;;;;;;976.6;;;;1025.2;1.3;4.2;4.7;15.1;4;14.4;;;;;;;;;;;;;;81;;
SCM;13.01.2019 00:00;;;;;;;;;966.7;;;;1014.8;1.9;13.7;6.8;49.3;13;46.8;;;;;;;;;;;;;;52;;
SCM;14.01.2019 00:00;;;;;;;;;966.7;;;;1014.8;4;15.6;14.4;56.2;14.9;53.6;;;;;;;;;;;;;;280;;
SCM;15.01.2019 00:00;;;;;;;;;974.9;;;;1023.4;1.9;10.8;6.8;38.9;10.3;37.1;;;;;;;;;;;;;;84;;
SCM;16.01.2019 00:00;;;;;;;;;967.6;;;;1015.9;1.5;6.4;5.4;23;6.1;22;;;;;;;;;;;;;;73;;
SCM;17.01.2019 00:00;;;;;;;;;964.1;;;;1012.2;2.3;16.9;8.3;60.8;16.3;58.7;;;;;;;;;;;;;;360;;
SCM;18.01.2019 00:00;;;;;;;;;969.3;;;;1017.6;2.1;9.7;7.6;34.9;9.3;33.5;;;;;;;;;;;;;;90;;
SCM;19.01.2019 00:00;;;;;;;;;966.6;;;;1014.7;1.4;5.9;5;21.2;5.5;19.8;;;;;;;;;;;;;;81;;
SCM;20.01.2019 00:00;;;;;;;;;965.9;;;;1014.1;1.3;8.5;4.7;30.6;8.2;29.5;;;;;;;;;;;;;;84;;
SCM;21.01.2019 00:00;;;;;;;;;969.8;;;;1018.1;1.1;3.6;4;13;3.4;12.2;;;;;;;;;;;;;;90;;
SCM;22.01.2019 00:00;;;;;;;;;961.5;;;;1009.4;1.6;5;5.8;18;4.8;17.3;;;;;;;;;;;;;;90;;
SCM;23.01.2019 00:00;;;;;;;;;950.1;;;;997.6;1.6;6.2;5.8;22.3;5.7;20.5;;;;;;;;;;;;;;77;;
SCM;24.01.2019 00:00;;;;;;;;;960.2;;;;1008.1;1.9;5.9;6.8;21.2;5.7;20.5;;;;;;;;;;;;;;72;;
SCM;25.01.2019 00:00;;;;;;;;;968.8;;;;1017.1;1.5;7.7;5.4;27.7;7.4;26.6;;;;;;;;;;;;;;90;;
SCM;26.01.2019 00:00;;;;;;;;;966.2;;;;1014.4;2.1;10.2;7.6;36.7;9.8;35.3;;;;;;;;;;;;;;77;;
SCM;27.01.2019 00:00;;;;;;;;;950.3;;;;997.8;2.6;16.7;9.4;60.1;16.3;58.7;;;;;;;;;;;;;;342;;
SCM;28.01.2019 00:00;;;;;;;;;955.5;;;;1003.2;4.1;13.9;14.8;50;13.5;48.6;;;;;;;;;;;;;;281;;
SCM;29.01.2019 00:00;;;;;;;;;957.4;;;;1005.2;1.9;12.6;6.8;45.4;12;43.2;;;;;;;;;;;;;;84;;
SCM;30.01.2019 00:00;;;;;;;;;950.5;;;;998;4.8;19.3;17.3;69.5;18.6;67;;;;;;;;;;;;;;252;;
SCM;31.01.2019 00:00;;;;;;;;;949.3;;;;996.8;2.8;14.8;10.1;53.3;13.8;49.7;;;;;;;;;;;;;;107;;
SCM;01.02.2019 00:00;;;;;;;;;943.5;;;;990.8;2.3;12.2;8.3;43.9;11.4;41;;;;;;;;;;;;;;252;;
SCM;02.02.2019 00:00;;;;;;;;;949.2;;;;996.7;1.8;7.9;6.5;28.4;7.7;27.7;;;;;;;;;;;;;;252;;
SCM;03.02.2019 00:00;;;;;;;;;967.3;;;;1015.5;2.5;8.2;9;29.5;8;28.8;;;;;;;;;;;;;;264;;
SCM;04.02.2019 00:00;;;;;;;;;979.2;;;;1027.9;1.9;7.3;6.8;26.3;7.2;25.9;;;;;;;;;;;;;;146;;
SCM;05.02.2019 00:00;;;;;;;;;980.1;;;;1028.8;1.7;7.1;6.1;25.6;6.9;24.8;;;;;;;;;;;;;;112;;
SCM;06.02.2019 00:00;;;;;;;;;977.9;;;;1026.5;1.3;4.1;4.7;14.8;3.9;14;;;;;;;;;;;;;;270;;
SCM;07.02.2019 00:00;;;;;;;;;971.7;;;;1020.1;1.4;6;5;21.6;5.8;20.9;;;;;;;;;;;;;;72;;
SCM;08.02.2019 00:00;;;;;;;;;971.1;;;;1019.5;1.7;7.5;6.1;27;7;25.2;;;;;;;;;;;;;;76;;
SCM;09.02.2019 00:00;;;;;;;;;968.5;;;;1016.8;2.1;10.6;7.6;38.2;10.4;37.4;;;;;;;;;;;;;;27;;
SCM;10.02.2019 00:00;;;;;;;;;960.5;;;;1008.4;4;22.7;14.4;81.7;21.9;78.8;;;;;;;;;;;;;;275;;
SCM;11.02.2019 00:00;;;;;;;;;973.6;;;;1022;3.9;16.2;14;58.3;15.8;56.9;;;;;;;;;;;;;;283;;
SCM;12.02.2019 00:00;;;;;;;;;985.9;;;;1034.9;1.7;6.1;6.1;22;5.9;21.2;;;;;;;;;;;;;;217;;
SCM;13.02.2019 00:00;;;;;;;;;987.4;;;;1036.4;1.3;5;4.7;18;4.8;17.3;;;;;;;;;;;;;;90;;
SCM;14.02.2019 00:00;;;;;;;;;987.2;;;;1036.2;1.1;3.9;4;14;3.8;13.7;;;;;;;;;;;;;;225;;
SCM;15.02.2019 00:00;;;;;;;;;983.9;;;;1032.7;0.8;3.1;2.9;11.2;2.8;10.1;;;;;;;;;;;;;;0;;
SCM;16.02.2019 00:00;;;;;;;;;981.1;;;;1029.9;1.3;5.2;4.7;18.7;4.8;17.3;;;;;;;;;;;;;;56;;
SCM;17.02.2019 00:00;;;;;;;;;977.7;;;;1026.3;1.4;8.5;5;30.6;8.3;29.9;;;;;;;;;;;;;;56;;
SCM;18.02.2019 00:00;;;;;;;;;973.6;;;;1022;1;4;3.6;14.4;3.9;14;;;;;;;;;;;;;;0;;
SCM;19.02.2019 00:00;;;;;;;;;974.1;;;;1022.6;1.2;6;4.3;21.6;5.8;20.9;;;;;;;;;;;;;;63;;
SCM;20.02.2019 00:00;;;;;;;;;976.7;;;;1025.2;1.2;4;4.3;14.4;3.8;13.7;;;;;;;;;;;;;;63;;
SCM;21.02.2019 00:00;;;;;;;;;980.8;;;;1029.5;1.2;5.5;4.3;19.8;5.3;19.1;;;;;;;;;;;;;;72;;
SCM;22.02.2019 00:00;;;;;;;;;984.7;;;;1033.6;1.8;7.5;6.5;27;7.3;26.3;;;;;;;;;;;;;;75;;
SCM;23.02.2019 00:00;;;;;;;;;984.9;;;;1033.8;3.4;11.2;12.2;40.3;11;39.6;;;;;;;;;;;;;;55;;
SCM;24.02.2019 00:00;;;;;;;;;986.4;;;;1035.4;1.3;4.4;4.7;15.8;4.2;15.1;;;;;;;;;;;;;;256;;
SCM;25.02.2019 00:00;;;;;;;;;986.3;;;;1035.2;1.1;3.8;4;13.7;3.6;13;;;;;;;;;;;;;;225;;
SCM;26.02.2019 00:00;;;;;;;;;984.5;;;;1033.4;1.1;4.8;4;17.3;4.6;16.6;;;;;;;;;;;;;;270;;
SCM;27.02.2019 00:00;;;;;;;;;978.8;;;;1027.5;1.3;6.3;4.7;22.7;6.2;22.3;;;;;;;;;;;;;;270;;
SCM;28.02.2019 00:00;;;;;;;;;973.8;;;;1022.2;2.3;11.8;8.3;42.5;11.5;41.4;;;;;;;;;;;;;;264;;
SCM;01.03.2019 00:00;;;;;;;;;970.8;;;;1019.1;2.2;13.2;7.9;47.5;12.8;46.1;;;;;;;;;;;;;;288;;
SCM;02.03.2019 00:00;;;;;;;;;971.9;;;;1020.3;1;4.1;3.6;14.8;3.8;13.7;;;;;;;;;;;;;;108;;
SCM;03.03.2019 00:00;;;;;;;;;968.6;;;;1016.9;1.8;14.9;6.5;53.6;14.2;51.1;;;;;;;;;;;;;;79;;
SCM;04.03.2019 00:00;;;;;;;;;960.3;;;;1008.2;5.8;21.6;20.9;77.8;20.7;74.5;;;;;;;;;;;;;;267;;
SCM;05.03.2019 00:00;;;;;;;;;965.8;;;;1014;3.5;14.8;12.6;53.3;14.5;52.2;;;;;;;;;;;;;;272;;
SCM;06.03.2019 00:00;;;;;;;;;959.5;;;;1007.4;5;24;18;86.4;21.9;78.8;;;;;;;;;;;;;;112;;
SCM;07.03.2019 00:00;;;;;;;;;958.9;;;;1006.8;3.9;17.4;14;62.6;17.1;61.6;;;;;;;;;;;;;;255;;
SCM;08.03.2019 00:00;;;;;;;;;970.7;;;;1019;1.5;10.4;5.4;37.4;10.1;36.4;;;;;;;;;;;;;;68;;
SCM;09.03.2019 00:00;;;;;;;;;974;;;;1022.5;1.5;6.7;5.4;24.1;6.4;23;;;;;;;;;;;;;;68;;
SCM;10.03.2019 00:00;;;;;;;;;969.5;;;;1017.8;4.6;22.3;16.6;80.3;20.9;75.2;;;;;;;;;;;;;;279;;
SCM;11.03.2019 00:00;;;;;;;;;976.2;;;;1024.8;4.1;19.5;14.8;70.2;19.2;69.1;;;;;;;;;;;;;;278;;
SCM;12.03.2019 00:00;;;;;;;;;973.1;;;;1021.5;3;15.2;10.8;54.7;14.5;52.2;;;;;;;;;;;;;;120;;
SCM;13.03.2019 00:00;;;;;;;;;967.9;;;;1016.2;5;18.3;18;65.9;17.3;62.3;;;;;;;;;;;;;;271;;
SCM;14.03.2019 00:00;;;;;;;;;966.6;;;;1014.8;4.9;14.4;17.6;51.8;13.7;49.3;;;;;;;;;;;;;;277;;
SCM;15.03.2019 00:00;;;;;;;;;968.5;;;;1016.8;3;12.2;10.8;43.9;11.6;41.8;;;;;;;;;;;;;;315;;
SCM;16.03.2019 00:00;;;;;;;;;968.4;;;;1016.6;3.1;11.2;11.2;40.3;11;39.6;;;;;;;;;;;;;;266;;
SCM;17.03.2019 00:00;;;;;;;;;963.5;;;;1011.6;3.3;19.5;11.9;70.2;19.2;69.1;;;;;;;;;;;;;;270;;
SCM;18.03.2019 00:00;;;;;;;;;973;;;;1021.4;2.3;11.8;8.3;42.5;11.4;41;;;;;;;;;;;;;;252;;
SCM;19.03.2019 00:00;;;;;;;;;978.4;;;;1027.1;1.7;8.1;6.1;29.2;7.7;27.7;;;;;;;;;;;;;;85;;
SCM;20.03.2019 00:00;;;;;;;;;983.1;;;;1032;2.5;11.1;9;40;10.6;38.2;;;;;;;;;;;;;;79;;
SCM;21.03.2019 00:00;;;;;;;;;982.1;;;;1030.9;1.5;4.1;5.4;14.8;4;14.4;;;;;;;;;;;;;;254;;
SCM;22.03.2019 00:00;;;;;;;;;981;;;;1029.7;1.2;5.9;4.3;21.2;5.4;19.4;;;;;;;;;;;;;;0;;
SCM;23.03.2019 00:00;;;;;;;;;978.8;;;;1027.4;1.3;6.1;4.7;22;5.9;21.2;;;;;;;;;;;;;;360;;
SCM;24.03.2019 00:00;;;;;;;;;975.1;;;;1023.6;1.5;6.7;5.4;24.1;6.4;23;;;;;;;;;;;;;;257;;
SCM;25.03.2019 00:00;;;;;;;;;974.6;;;;1023.1;2.6;11;9.4;39.6;10.7;38.5;;;;;;;;;;;;;;264;;
SCM;26.03.2019 00:00;;;;;;;;;979.8;;;;1028.5;2;8.9;7.2;32;8.6;31;;;;;;;;;;;;;;75;;
SCM;27.03.2019 00:00;;;;;;;;;981.1;;;;1029.8;2.9;12.8;10.4;46.1;12.1;43.6;;;;;;;;;;;;;;68;;
SCM;28.03.2019 00:00;;;;;;;;;981.3;;;;1030;2.5;9.9;9;35.6;9.6;34.6;;;;;;;;;;;;;;63;;
SCM;29.03.2019 00:00;;;;;;;;;979.4;;;;1028.1;1.2;5.1;4.3;18.4;4.8;17.3;;;;;;;;;;;;;;270;;
SCM;30.03.2019 00:00;;;;;;;;;975.3;;;;1023.8;1.5;5;5.4;18;4.9;17.6;;;;;;;;;;;;;;270;;
SCM;31.03.2019 00:00;;;;;;;;;970.6;;;;1018.9;1.9;7.9;6.8;28.4;7.8;28.1;;;;;;;;;;;;;;72;;
SCM;01.04.2019 00:00;;;;;;;;;967.9;;;;1016.2;1.6;5.3;5.8;19.1;5.2;18.7;;;;;;;;;;;;;;262;;
SCM;02.04.2019 00:00;;;;;;;;;962.8;;;;1010.8;1.9;12.8;6.8;46.1;12.6;45.4;;;;;;;;;;;;;;262;;
SCM;03.04.2019 00:00;;;;;;;;;955.5;;;;1003.2;3.1;20.7;11.2;74.5;20.2;72.7;;;;;;;;;;;;;;260;;
SCM;04.04.2019 00:00;;;;;;;;;953.6;;;;1001.3;1.7;11.1;6.1;40;11;39.6;;;;;;;;;;;;;;304;;
SCM;05.04.2019 00:00;;;;;;;;;956.6;;;;1004.3;1.3;4.6;4.7;16.6;4.5;16.2;;;;;;;;;;;;;;101;;
SCM;06.04.2019 00:00;;;;;;;;;955.6;;;;1003.3;1.3;4.6;4.7;16.6;4.5;16.2;;;;;;;;;;;;;;243;;
SCM;07.04.2019 00:00;;;;;;;;;958.3;;;;1006.2;2.9;9.7;10.4;34.9;9.5;34.2;;;;;;;;;;;;;;252;;
SCM;08.04.2019 00:00;;;;;;;;;962.7;;;;1010.7;1.2;3.5;4.3;12.6;3.4;12.2;;;;;;;;;;;;;;225;;
SCM;09.04.2019 00:00;;;;;;;;;961.7;;;;1009.7;1.1;4.3;4;15.5;4.2;15.1;;;;;;;;;;;;;;225;;
SCM;10.04.2019 00:00;;;;;;;;;962;;;;1010;1.1;4.4;4;15.8;4.2;15.1;;;;;;;;;;;;;;236;;
SCM;11.04.2019 00:00;;;;;;;;;966.6;;;;1014.8;1.8;8.9;6.5;32;8.9;32;;;;;;;;;;;;;;112;;
SCM;12.04.2019 00:00;;;;;;;;;969.1;;;;1017.4;1.5;4.1;5.4;14.8;4;14.4;;;;;;;;;;;;;;257;;
SCM;13.04.2019 00:00;;;;;;;;;969.1;;;;1017.4;2.1;7.6;7.6;27.4;7.5;27;;;;;;;;;;;;;;243;;
SCM;14.04.2019 00:00;;;;;;;;;970.9;;;;1019.3;1.3;4.9;4.7;17.6;4.7;16.9;;;;;;;;;;;;;;270;;
SCM;15.04.2019 00:00;;;;;;;;;971;;;;1019.3;2;6.1;7.2;22;5.9;21.2;;;;;;;;;;;;;;243;;
SCM;16.04.2019 00:00;;;;;;;;;970.3;;;;1018.6;2.8;8.5;10.1;30.6;8.3;29.9;;;;;;;;;;;;;;252;;
SCM;17.04.2019 00:00;;;;;;;;;972.3;;;;1020.7;2;6.7;7.2;24.1;6.6;23.8;;;;;;;;;;;;;;248;;
SCM;18.04.2019 00:00;;;;;;;;;973;;;;1021.5;2.3;11.2;8.3;40.3;10.4;37.4;;;;;;;;;;;;;;297;;
SCM;19.04.2019 00:00;;;;;;;;;977.3;;;;1025.9;2.6;9.7;9.4;34.9;9.4;33.8;;;;;;;;;;;;;;90;;
SCM;20.04.2019 00:00;;;;;;;;;976.2;;;;1024.7;2.7;11;9.7;39.6;10.7;38.5;;;;;;;;;;;;;;79;;
SCM;21.04.2019 00:00;;;;;;;;;969;;;;1017.3;2.6;9.2;9.4;33.1;9;32.4;;;;;;;;;;;;;;259;;
SCM;22.04.2019 00:00;;;;;;;;;957.8;;;;1005.6;3.9;16.4;14;59;15.3;55.1;;;;;;;;;;;;;;122;;
SCM;23.04.2019 00:00;;;;;;;;;951.2;;;;998.8;5.1;14.6;18.4;52.6;14.1;50.8;;;;;;;;;;;;;;111;;
SCM;24.04.2019 00:00;;;;;;;;;956.8;;;;1004.6;5;19.3;18;69.5;18.9;68;;;;;;;;;;;;;;117;;
SCM;25.04.2019 00:00;;;;;;;;;961.1;;;;1009.1;4.5;17.2;16.2;61.9;16.6;59.8;;;;;;;;;;;;;;128;;
SCM;26.04.2019 00:00;;;;;;;;;969.2;;;;1017.5;2.2;8.8;7.9;31.7;8.5;30.6;;;;;;;;;;;;;;79;;
SCM;27.04.2019 00:00;;;;;;;;;971.8;;;;1020.2;2.3;12.1;8.3;43.6;11.5;41.4;;;;;;;;;;;;;;90;;
SCM;28.04.2019 00:00;;;;;;;;;973.1;;;;1021.5;1.7;8;6.1;28.8;7.7;27.7;;;;;;;;;;;;;;279;;
SCM;29.04.2019 00:00;;;;;;;;;973.8;;;;1022.2;1.4;4.2;5;15.1;4;14.4;;;;;;;;;;;;;;243;;
SCM;30.04.2019 00:00;;;;;;;;;971.6;;;;1020;1.3;3.9;4.7;14;3.6;13;;;;;;;;;;;;;;104;;
SCM;01.05.2019 00:00;;;;;;;;;967.5;;;;1015.7;2.4;7.1;8.6;25.6;7;25.2;;;;;;;;;;;;;;245;;
SCM;02.05.2019 00:00;;;;;;;;;964.3;;;;1012.4;2.3;15.1;8.3;54.4;14;50.4;;;;;;;;;;;;;;254;;
SCM;03.05.2019 00:00;;;;;;;;;964.1;;;;1012.2;1.5;6.9;5.4;24.8;6.7;24.1;;;;;;;;;;;;;;214;;
SCM;04.05.2019 00:00;;;;;;;;;961.4;;;;1009.3;2.2;15.1;7.9;54.4;14.7;52.9;;;;;;;;;;;;;;264;;
SCM;05.05.2019 00:00;;;;;;;;;968.4;;;;1016.7;1.8;6.2;6.5;22.3;6.2;22.3;;;;;;;;;;;;;;256;;
SCM;06.05.2019 00:00;;;;;;;;;972.4;;;;1020.8;1.9;7.8;6.8;28.1;7.5;27;;;;;;;;;;;;;;217;;
SCM;07.05.2019 00:00;;;;;;;;;968.9;;;;1017.2;2.3;8.9;8.3;32;8.7;31.3;;;;;;;;;;;;;;104;;
SCM;08.05.2019 00:00;;;;;;;;;959.8;;;;1007.7;3.2;12.1;11.5;43.6;11.6;41.8;;;;;;;;;;;;;;247;;
SCM;09.05.2019 00:00;;;;;;;;;958.5;;;;1006.3;3.3;16.5;11.9;59.4;16.1;58;;;;;;;;;;;;;;267;;
SCM;10.05.2019 00:00;;;;;;;;;964.9;;;;1013;1.3;5.8;4.7;20.9;5.7;20.5;;;;;;;;;;;;;;135;;
SCM;11.05.2019 00:00;;;;;;;;;967.2;;;;1015.4;4.1;23.7;14.8;85.3;23.4;84.2;;;;;;;;;;;;;;274;;
SCM;12.05.2019 00:00;;;;;;;;;980;;;;1028.7;2.9;10.8;10.4;38.9;10.7;38.5;;;;;;;;;;;;;;30;;
SCM;13.05.2019 00:00;;;;;;;;;981.5;;;;1030.3;4.1;13.8;14.8;49.7;13.3;47.9;;;;;;;;;;;;;;68;;
SCM;14.05.2019 00:00;;;;;;;;;977.2;;;;1025.8;3.6;12.6;13;45.4;12;43.2;;;;;;;;;;;;;;66;;
SCM;15.05.2019 00:00;;;;;;;;;971.9;;;;1020.3;3.9;12.5;14;45;12.4;44.6;;;;;;;;;;;;;;71;;
SCM;16.05.2019 00:00;;;;;;;;;964.8;;;;1012.9;2.6;6.9;9.4;24.8;6.8;24.5;;;;;;;;;;;;;;250;;
SCM;17.05.2019 00:00;;;;;;;;;958.5;;;;1006.3;1.6;13;5.8;46.8;12.7;45.7;;;;;;;;;;;;;;261;;
SCM;18.05.2019 00:00;;;;;;;;;957.8;;;;1005.6;1.7;4.7;6.1;16.9;4.7;16.9;;;;;;;;;;;;;;256;;
SCM;19.05.2019 00:00;;;;;;;;;957.3;;;;1005.2;1.6;7.1;5.8;25.6;7;25.2;;;;;;;;;;;;;;241;;
SCM;20.05.2019 00:00;;;;;;;;;959.9;;;;1007.8;1.3;7.6;4.7;27.4;7.2;25.9;;;;;;;;;;;;;;252;;
SCM;21.05.2019 00:00;;;;;;;;;966.7;;;;1014.8;1.7;6.5;6.1;23.4;6.2;22.3;;;;;;;;;;;;;;276;;
SCM;22.05.2019 00:00;;;;;;;;;971.2;;;;1019.5;1.4;4.8;5;17.3;4.6;16.6;;;;;;;;;;;;;;103;;
SCM;23.05.2019 00:00;;;;;;;;;969.9;;;;1018.2;2.1;7.3;7.6;26.3;7.2;25.9;;;;;;;;;;;;;;250;;
SCM;24.05.2019 00:00;;;;;;;;;966.9;;;;1015.1;1.8;7.8;6.5;28.1;7.8;28.1;;;;;;;;;;;;;;256;;
SCM;25.05.2019 00:00;;;;;;;;;968.5;;;;1016.8;1.2;6.2;4.3;22.3;6.1;22;;;;;;;;;;;;;;225;;
SCM;26.05.2019 00:00;;;;;;;;;968.5;;;;1016.7;1.1;3.9;4;14;3.8;13.7;;;;;;;;;;;;;;248;;
SCM;27.05.2019 00:00;;;;;;;;;963.2;;;;1011.3;1.2;4.3;4.3;15.5;4.1;14.8;;;;;;;;;;;;;;104;;
SCM;28.05.2019 00:00;;;;;;;;;963.6;;;;1011.6;1.9;10.2;6.8;36.7;9.7;34.9;;;;;;;;;;;;;;243;;
SCM;29.05.2019 00:00;;;;;;;;;972.9;;;;1021.4;1.5;5.6;5.4;20.2;5.4;19.4;;;;;;;;;;;;;;198;;
SCM;30.05.2019 00:00;;;;;;;;;978.1;;;;1026.8;1.5;6.6;5.4;23.8;6;21.6;;;;;;;;;;;;;;236;;
SCM;31.05.2019 00:00;;;;;;;;;977.2;;;;1025.8;2.1;8.4;7.6;30.2;7.9;28.4;;;;;;;;;;;;;;59;;
SCM;01.06.2019 00:00;;;;;;;;;973.9;;;;1022.3;1.8;5.8;6.5;20.9;5.6;20.2;;;;;;;;;;;;;;259;;
SCM;02.06.2019 00:00;;;;;;;;;970.2;;;;1018.6;2;8.9;7.2;32;8.7;31.3;;;;;;;;;;;;;;90;;
SCM;03.06.2019 00:00;;;;;;;;;968.6;;;;1016.9;2.6;13.3;9.4;47.9;12.8;46.1;;;;;;;;;;;;;;72;;
SCM;04.06.2019 00:00;;;;;;;;;963.6;;;;1011.7;2.7;12.8;9.7;46.1;12.4;44.6;;;;;;;;;;;;;;103;;
SCM;05.06.2019 00:00;;;;;;;;;959.2;;;;1007.1;2.8;12.5;10.1;45;12;43.2;;;;;;;;;;;;;;225;;
SCM;06.06.2019 00:00;;;;;;;;;966.7;;;;1014.9;2.5;9.6;9;34.6;9.5;34.2;;;;;;;;;;;;;;270;;
SCM;07.06.2019 00:00;;;;;;;;;965.8;;;;1013.9;2.9;15.7;10.4;56.5;15.5;55.8;;;;;;;;;;;;;;261;;
SCM;08.06.2019 00:00;;;;;;;;;975.7;;;;1024.2;1.7;7.7;6.1;27.7;6.8;24.5;;;;;;;;;;;;;;243;;
SCM;09.06.2019 00:00;;;;;;;;;973.3;;;;1021.8;1.8;6.1;6.5;22;6;21.6;;;;;;;;;;;;;;231;;
SCM;10.06.2019 00:00;;;;;;;;;967.4;;;;1015.6;1.8;8;6.5;28.8;7.8;28.1;;;;;;;;;;;;;;259;;
SCM;11.06.2019 00:00;;;;;;;;;963.8;;;;1011.9;3;8.9;10.8;32;8.6;31;;;;;;;;;;;;;;211;;
SCM;12.06.2019 00:00;;;;;;;;;964.6;;;;1012.7;1.7;11.3;6.1;40.7;10.9;39.2;;;;;;;;;;;;;;255;;
SCM;13.06.2019 00:00;;;;;;;;;967.9;;;;1016.1;2.3;7.7;8.3;27.7;7.6;27.4;;;;;;;;;;;;;;245;;
SCM;14.06.2019 00:00;;;;;;;;;966.9;;;;1015;2.8;16;10.1;57.6;15;54;;;;;;;;;;;;;;110;;
SCM;15.06.2019 00:00;;;;;;;;;968.7;;;;1016.9;2.9;19.9;10.4;71.6;19.4;69.8;;;;;;;;;;;;;;257;;
SCM;16.06.2019 00:00;;;;;;;;;973.8;;;;1022.2;1.8;6.2;6.5;22.3;5.7;20.5;;;;;;;;;;;;;;233;;
SCM;17.06.2019 00:00;;;;;;;;;970.4;;;;1018.7;2.1;5.4;7.6;19.4;5.3;19.1;;;;;;;;;;;;;;250;;
SCM;18.06.2019 00:00;;;;;;;;;968;;;;1016.2;2.9;14.8;10.4;53.3;14.6;52.6;;;;;;;;;;;;;;207;;
SCM;19.06.2019 00:00;;;;;;;;;965;;;;1013.1;3.2;13.3;11.5;47.9;13.1;47.2;;;;;;;;;;;;;;114;;
SCM;20.06.2019 00:00;;;;;;;;;968;;;;1016.2;1.9;9.1;6.8;32.8;9;32.4;;;;;;;;;;;;;;117;;
SCM;21.06.2019 00:00;;;;;;;;;969.8;;;;1018.1;1.6;7.2;5.8;25.9;6.8;24.5;;;;;;;;;;;;;;225;;
SCM;22.06.2019 00:00;;;;;;;;;969.1;;;;1017.4;1.5;5.9;5.4;21.2;5.8;20.9;;;;;;;;;;;;;;243;;
SCM;23.06.2019 00:00;;;;;;;;;969.8;;;;1018.1;1.6;5.9;5.8;21.2;5.4;19.4;;;;;;;;;;;;;;248;;
SCM;24.06.2019 00:00;;;;;;;;;971;;;;1019.4;1.7;7.5;6.1;27;7.2;25.9;;;;;;;;;;;;;;270;;
SCM;25.06.2019 00:00;;;;;;;;;972.6;;;;1021.1;1.6;7;5.8;25.2;6.8;24.5;;;;;;;;;;;;;;225;;
SCM;26.06.2019 00:00;;;;;;;;;975.4;;;;1024;1.2;6.5;4.3;23.4;5.8;20.9;;;;;;;;;;;;;;90;;
SCM;27.06.2019 00:00;;;;;;;;;974.4;;;;1022.9;1.3;8.1;4.7;29.2;7.4;26.6;;;;;;;;;;;;;;0;;
SCM;28.06.2019 00:00;;;;;;;;;973;;;;1021.4;1.9;6.9;6.8;24.8;6.3;22.7;;;;;;;;;;;;;;292;;
SCM;29.06.2019 00:00;;;;;;;;;970.4;;;;1018.7;1.6;5.8;5.8;20.9;5;18;;;;;;;;;;;;;;270;;
SCM;30.06.2019 00:00;;;;;;;;;970.2;;;;1018.6;1.6;9;5.8;32.4;8.2;29.5;;;;;;;;;;;;;;180;;
SCM;01.07.2019 00:00;;;;;;;;;970.5;;;;1018.8;3.3;14.3;11.9;51.5;14;50.4;;;;;;;;;;;;;;98;;
SCM;02.07.2019 00:00;;;;;;;;;971.2;;;;1019.5;2;11.5;7.2;41.4;10.9;39.2;;;;;;;;;;;;;;248;;
SCM;03.07.2019 00:00;;;;;;;;;971.4;;;;1019.7;1.8;8.4;6.5;30.2;7.8;28.1;;;;;;;;;;;;;;360;;
SCM;04.07.2019 00:00;;;;;;;;;971.9;;;;1020.3;2.4;8.2;8.6;29.5;7.7;27.7;;;;;;;;;;;;;;252;;
SCM;05.07.2019 00:00;;;;;;;;;970.1;;;;1018.5;1.5;8;5.4;28.8;7.8;28.1;;;;;;;;;;;;;;233;;
SCM;06.07.2019 00:00;;;;;;;;;966.7;;;;1014.9;2;27.8;7.2;100.1;25.6;92.2;;;;;;;;;;;;;;76;;
SCM;07.07.2019 00:00;;;;;;;;;966.1;;;;1014.3;2.8;11.8;10.1;42.5;11.6;41.8;;;;;;;;;;;;;;100;;
SCM;08.07.2019 00:00;;;;;;;;;968.7;;;;1017;2.2;9.4;7.9;33.8;9.3;33.5;;;;;;;;;;;;;;93;;
SCM;09.07.2019 00:00;;;;;;;;;969.2;;;;1017.5;1.8;9.5;6.5;34.2;8.8;31.7;;;;;;;;;;;;;;27;;
SCM;10.07.2019 00:00;;;;;;;;;970.2;;;;1018.6;2.2;7.1;7.9;25.6;7;25.2;;;;;;;;;;;;;;247;;
SCM;11.07.2019 00:00;;;;;;;;;968.2;;;;1016.5;1.8;7.7;6.5;27.7;7.5;27;;;;;;;;;;;;;;90;;
SCM;12.07.2019 00:00;;;;;;;;;967.3;;;;1015.5;2.1;8.1;7.6;29.2;7.8;28.1;;;;;;;;;;;;;;90;;
SCM;13.07.2019 00:00;;;;;;;;;970;;;;1018.3;2;8.2;7.2;29.5;7.5;27;;;;;;;;;;;;;;242;;
SCM;14.07.2019 00:00;;;;;;;;;967.4;;;;1015.6;2;9.3;7.2;33.5;9.1;32.8;;;;;;;;;;;;;;77;;
SCM;15.07.2019 00:00;;;;;;;;;967.6;;;;1015.8;1.5;4.6;5.4;16.6;4.5;16.2;;;;;;;;;;;;;;231;;
SCM;16.07.2019 00:00;;;;;;;;;969.1;;;;1017.4;2.1;6;7.6;21.6;5.9;21.2;;;;;;;;;;;;;;243;;
SCM;17.07.2019 00:00;;;;;;;;;966.6;;;;1014.8;1.6;5.9;5.8;21.2;5.8;20.9;;;;;;;;;;;;;;231;;
SCM;18.07.2019 00:00;;;;;;;;;966.6;;;;1014.8;1.9;7.8;6.8;28.1;7.7;27.7;;;;;;;;;;;;;;239;;
SCM;19.07.2019 00:00;;;;;;;;;968.6;;;;1016.9;1.6;5.7;5.8;20.5;5.5;19.8;;;;;;;;;;;;;;217;;
SCM;20.07.2019 00:00;;;;;;;;;968.8;;;;1017.1;2.5;9.1;9;32.8;8.9;32;;;;;;;;;;;;;;117;;
SCM;21.07.2019 00:00;;;;;;;;;974.6;;;;1023.1;1.4;5.2;5;18.7;5;18;;;;;;;;;;;;;;180;;
SCM;22.07.2019 00:00;;;;;;;;;975.9;;;;1024.4;1.3;4.6;4.7;16.6;4.4;15.8;;;;;;;;;;;;;;270;;
SCM;23.07.2019 00:00;;;;;;;;;972.4;;;;1020.8;1.2;4.4;4.3;15.8;4.3;15.5;;;;;;;;;;;;;;252;;
SCM;24.07.2019 00:00;;;;;;;;;969.8;;;;1018.1;1.2;6.1;4.3;22;5.9;21.2;;;;;;;;;;;;;;135;;
SCM;25.07.2019 00:00;;;;;;;;;967.8;;;;1016.1;1.6;6.8;5.8;24.5;6.5;23.4;;;;;;;;;;;;;;180;;
SCM;26.07.2019 00:00;;;;;;;;;963.6;;;;1011.7;2.9;17.7;10.4;63.7;16.8;60.5;;;;;;;;;;;;;;174;;
SCM;27.07.2019 00:00;;;;;;;;;957.6;;;;1005.4;2.1;7.9;7.6;28.4;7.6;27.4;;;;;;;;;;;;;;166;;
SCM;28.07.2019 00:00;;;;;;;;;958.5;;;;1006.4;2.8;10;10.1;36;9.9;35.6;;;;;;;;;;;;;;281;;
SCM;29.07.2019 00:00;;;;;;;;;964.9;;;;1013;1.5;4.6;5.4;16.6;4.5;16.2;;;;;;;;;;;;;;191;;
SCM;30.07.2019 00:00;;;;;;;;;967.5;;;;1015.7;2.3;10.5;8.3;37.8;10.2;36.7;;;;;;;;;;;;;;255;;
SCM;31.07.2019 00:00;;;;;;;;;971.3;;;;1019.7;1.3;7;4.7;25.2;6.9;24.8;;;;;;;;;;;;;;112;;
SCM;01.08.2019 00:00;;;;;;;;;969.7;;;;1018;1.8;6.2;6.5;22.3;6.1;22;;;;;;;;;;;;;;241;;
SCM;02.08.2019 00:00;;;;;;;;;968.7;;;;1016.9;2.2;9.8;7.9;35.3;9.7;34.9;;;;;;;;;;;;;;90;;
SCM;03.08.2019 00:00;;;;;;;;;969.1;;;;1017.4;2;7.6;7.2;27.4;7.5;27;;;;;;;;;;;;;;225;;
SCM;04.08.2019 00:00;;;;;;;;;968.7;;;;1017;1.6;5.9;5.8;21.2;5.5;19.8;;;;;;;;;;;;;;180;;
SCM;05.08.2019 00:00;;;;;;;;;967.1;;;;1015.3;1.8;8.6;6.5;31;8.3;29.9;;;;;;;;;;;;;;94;;
SCM;06.08.2019 00:00;;;;;;;;;966.9;;;;1015.1;3;14.7;10.8;52.9;14;50.4;;;;;;;;;;;;;;90;;
SCM;07.08.2019 00:00;;;;;;;;;965.2;;;;1013.3;2.2;11.2;7.9;40.3;10.6;38.2;;;;;;;;;;;;;;83;;
SCM;08.08.2019 00:00;;;;;;;;;967;;;;1015.2;1.8;7.4;6.5;26.6;6.9;24.8;;;;;;;;;;;;;;270;;
SCM;09.08.2019 00:00;;;;;;;;;965.5;;;;1013.6;2.6;12.9;9.4;46.4;12.6;45.4;;;;;;;;;;;;;;103;;
SCM;10.08.2019 00:00;;;;;;;;;971.2;;;;1019.6;1.4;10;5;36;9.7;34.9;;;;;;;;;;;;;;180;;
SCM;11.08.2019 00:00;;;;;;;;;968.8;;;;1017.1;2.3;18.2;8.3;65.5;17.3;62.3;;;;;;;;;;;;;;257;;
SCM;12.08.2019 00:00;;;;;;;;;970.5;;;;1018.8;2.2;10.2;7.9;36.7;9.8;35.3;;;;;;;;;;;;;;264;;
SCM;13.08.2019 00:00;;;;;;;;;972.5;;;;1021;1.1;4.4;4;15.8;4.1;14.8;;;;;;;;;;;;;;101;;
SCM;14.08.2019 00:00;;;;;;;;;971.7;;;;1020.1;1.9;7.3;6.8;26.3;6.9;24.8;;;;;;;;;;;;;;207;;
SCM;15.08.2019 00:00;;;;;;;;;970.2;;;;1018.5;1.6;8.7;5.8;31.3;7.9;28.4;;;;;;;;;;;;;;90;;
SCM;16.08.2019 00:00;;;;;;;;;971.1;;;;1019.5;2.2;6.7;7.9;24.1;6.2;22.3;;;;;;;;;;;;;;162;;
SCM;17.08.2019 00:00;;;;;;;;;967.6;;;;1015.8;1.8;10;6.5;36;9.4;33.8;;;;;;;;;;;;;;82;;
SCM;18.08.2019 00:00;;;;;;;;;964.9;;;;1013;2.3;10.5;8.3;37.8;10.1;36.4;;;;;;;;;;;;;;270;;
SCM;19.08.2019 00:00;;;;;;;;;971.2;;;;1019.5;2.6;10.6;9.4;38.2;10.5;37.8;;;;;;;;;;;;;;249;;
SCM;20.08.2019 00:00;;;;;;;;;975.8;;;;1024.4;1.9;7.8;6.8;28.1;7.7;27.7;;;;;;;;;;;;;;252;;
SCM;21.08.2019 00:00;;;;;;;;;977.9;;;;1026.5;1.9;7.4;6.8;26.6;6.9;24.8;;;;;;;;;;;;;;77;;
SCM;22.08.2019 00:00;;;;;;;;;976.9;;;;1025.5;1.6;5.4;5.8;19.4;5.3;19.1;;;;;;;;;;;;;;248;;
SCM;23.08.2019 00:00;;;;;;;;;975.9;;;;1024.5;1.6;4.2;5.8;15.1;4.2;15.1;;;;;;;;;;;;;;256;;
SCM;24.08.2019 00:00;;;;;;;;;973.1;;;;1021.5;1;3.3;3.6;11.9;3;10.8;;;;;;;;;;;;;;225;;
SCM;25.08.2019 00:00;;;;;;;;;972.1;;;;1020.5;1.3;5.1;4.7;18.4;5.1;18.4;;;;;;;;;;;;;;252;;
SCM;26.08.2019 00:00;;;;;;;;;971.3;;;;1019.6;1.2;5.8;4.3;20.9;5.7;20.5;;;;;;;;;;;;;;45;;
SCM;27.08.2019 00:00;;;;;;;;;970.5;;;;1018.8;1.3;7.5;4.7;27;7.4;26.6;;;;;;;;;;;;;;135;;
SCM;28.08.2019 00:00;;;;;;;;;970.4;;;;1018.7;1.8;7.5;6.5;27;7.2;25.9;;;;;;;;;;;;;;84;;
SCM;29.08.2019 00:00;;;;;;;;;973.5;;;;1021.9;2;9.7;7.2;34.9;9.3;33.5;;;;;;;;;;;;;;90;;
SCM;30.08.2019 00:00;;;;;;;;;973.7;;;;1022.2;1.4;8.5;5;30.6;8.2;29.5;;;;;;;;;;;;;;90;;
SCM;31.08.2019 00:00;;;;;;;;;968.9;;;;1017.1;2.2;12.5;7.9;45;12;43.2;;;;;;;;;;;;;;90;;
SCM;01.09.2019 00:00;;;;;;;;;968.5;;;;1016.7;2;11.8;7.2;42.5;11.5;41.4;;;;;;;;;;;;;;243;;
SCM;02.09.2019 00:00;;;;;;;;;974.2;;;;1022.7;1.7;5.6;6.1;20.2;5.6;20.2;;;;;;;;;;;;;;276;;
SCM;03.09.2019 00:00;;;;;;;;;976.5;;;;1025;1.8;5.2;6.5;18.7;5.1;18.4;;;;;;;;;;;;;;233;;
SCM;04.09.2019 00:00;;;;;;;;;970.9;;;;1019.3;1.1;3.6;4;13;3.5;12.6;;;;;;;;;;;;;;180;;
SCM;05.09.2019 00:00;;;;;;;;;972.7;;;;1021.1;1.9;7.5;6.8;27;7.2;25.9;;;;;;;;;;;;;;45;;
SCM;06.09.2019 00:00;;;;;;;;;974.2;;;;1022.7;1.3;6.6;4.7;23.8;6.5;23.4;;;;;;;;;;;;;;90;;
SCM;07.09.2019 00:00;;;;;;;;;971.9;;;;1020.2;1.7;5.9;6.1;21.2;5.3;19.1;;;;;;;;;;;;;;94;;
SCM;08.09.2019 00:00;;;;;;;;;969.9;;;;1018.2;1.4;12.2;5;43.9;12;43.2;;;;;;;;;;;;;;90;;
SCM;09.09.2019 00:00;;;;;;;;;968.7;;;;1017;1.6;5.9;5.8;21.2;5.5;19.8;;;;;;;;;;;;;;90;;
SCM;10.09.2019 00:00;;;;;;;;;969;;;;1017.3;1.4;5.3;5;19.1;5.2;18.7;;;;;;;;;;;;;;225;;
SCM;11.09.2019 00:00;;;;;;;;;976.8;;;;1025.4;1.5;5.7;5.4;20.5;5.7;20.5;;;;;;;;;;;;;;240;;
SCM;12.09.2019 00:00;;;;;;;;;983;;;;1031.8;1.3;4.6;4.7;16.6;4.5;16.2;;;;;;;;;;;;;;236;;
SCM;13.09.2019 00:00;;;;;;;;;983.1;;;;1031.9;1.2;5.3;4.3;19.1;5.1;18.4;;;;;;;;;;;;;;180;;
SCM;14.09.2019 00:00;;;;;;;;;980.7;;;;1029.5;1.2;5.7;4.3;20.5;5.2;18.7;;;;;;;;;;;;;;236;;
SCM;15.09.2019 00:00;;;;;;;;;976.8;;;;1025.4;1.1;3.9;4;14;3.6;13;;;;;;;;;;;;;;90;;
SCM;16.09.2019 00:00;;;;;;;;;972.5;;;;1021;1.2;9;4.3;32.4;8.6;31;;;;;;;;;;;;;;90;;
SCM;17.09.2019 00:00;;;;;;;;;971.2;;;;1019.6;1.1;7.9;4;28.4;7.4;26.6;;;;;;;;;;;;;;207;;
SCM;18.09.2019 00:00;;;;;;;;;973.7;;;;1022.1;2.3;9.2;8.3;33.1;9;32.4;;;;;;;;;;;;;;52;;
SCM;19.09.2019 00:00;;;;;;;;;976.3;;;;1024.9;2.3;9.2;8.3;33.1;8.9;32;;;;;;;;;;;;;;48;;
SCM;20.09.2019 00:00;;;;;;;;;976.4;;;;1025;1.6;6.5;5.8;23.4;6.1;22;;;;;;;;;;;;;;236;;
SCM;21.09.2019 00:00;;;;;;;;;970.9;;;;1019.3;1.3;5.4;4.7;19.4;5;18;;;;;;;;;;;;;;108;;
SCM;22.09.2019 00:00;;;;;;;;;964.6;;;;1012.7;1.5;14.6;5.4;52.6;14.2;51.1;;;;;;;;;;;;;;262;;
SCM;23.09.2019 00:00;;;;;;;;;970.6;;;;1018.9;1.9;11.1;6.8;40;10.7;38.5;;;;;;;;;;;;;;84;;
SCM;24.09.2019 00:00;;;;;;;;;966.7;;;;1014.9;2.1;10.5;7.6;37.8;10.2;36.7;;;;;;;;;;;;;;94;;
SCM;25.09.2019 00:00;;;;;;;;;965.2;;;;1013.3;1.4;9.8;5;35.3;9.1;32.8;;;;;;;;;;;;;;90;;
SCM;26.09.2019 00:00;;;;;;;;;968.7;;;;1017;2.1;9.4;7.6;33.8;8.7;31.3;;;;;;;;;;;;;;93;;
SCM;27.09.2019 00:00;;;;;;;;;968.1;;;;1016.4;1.6;7.6;5.8;27.4;7.4;26.6;;;;;;;;;;;;;;90;;
SCM;28.09.2019 00:00;;;;;;;;;971.7;;;;1020;1.3;7.8;4.7;28.1;7.1;25.6;;;;;;;;;;;;;;135;;
SCM;29.09.2019 00:00;;;;;;;;;965;;;;1013.2;1.7;7.8;6.1;28.1;7.4;26.6;;;;;;;;;;;;;;83;;
SCM;30.09.2019 00:00;;;;;;;;;967.4;;;;1015.6;2.2;12.5;7.9;45;12.3;44.3;;;;;;;;;;;;;;270;;
SCM;01.10.2019 00:00;;;;;;;;;962.5;;;;1010.6;1.5;8.2;5.4;29.5;7.7;27.7;;;;;;;;;;;;;;90;;
SCM;02.10.2019 00:00;;;;;;;;;964.1;;;;1012.2;1.9;19.7;6.8;70.9;18.7;67.3;;;;;;;;;;;;;;270;;
SCM;03.10.2019 00:00;;;;;;;;;971.1;;;;1019.5;1.8;6.7;6.5;24.1;6.6;23.8;;;;;;;;;;;;;;112;;
SCM;04.10.2019 00:00;;;;;;;;;965.5;;;;1013.7;1.7;9.3;6.1;33.5;8.8;31.7;;;;;;;;;;;;;;84;;
SCM;05.10.2019 00:00;;;;;;;;;967.3;;;;1015.5;1.4;7.1;5;25.6;6.7;24.1;;;;;;;;;;;;;;297;;
SCM;06.10.2019 00:00;;;;;;;;;967.1;;;;1015.3;1.8;21.5;6.5;77.4;20.8;74.9;;;;;;;;;;;;;;153;;
SCM;07.10.2019 00:00;;;;;;;;;970.8;;;;1019.2;1.6;8.1;5.8;29.2;7.4;26.6;;;;;;;;;;;;;;129;;
SCM;08.10.2019 00:00;;;;;;;;;968.2;;;;1016.4;1.6;8;5.8;28.8;7.4;26.6;;;;;;;;;;;;;;76;;
SCM;09.10.2019 00:00;;;;;;;;;967.9;;;;1016.1;2.4;11.2;8.6;40.3;11;39.6;;;;;;;;;;;;;;270;;
SCM;10.10.2019 00:00;;;;;;;;;972.6;;;;1021;2.6;12.6;9.4;45.4;12.5;45;;;;;;;;;;;;;;288;;
SCM;11.10.2019 00:00;;;;;;;;;972.9;;;;1021.3;1.8;10.7;6.5;38.5;10.1;36.4;;;;;;;;;;;;;;85;;
SCM;12.10.2019 00:00;;;;;;;;;970.9;;;;1019.3;1.7;10.8;6.1;38.9;10.7;38.5;;;;;;;;;;;;;;85;;
SCM;13.10.2019 00:00;;;;;;;;;970;;;;1018.3;1.2;4.3;4.3;15.5;4;14.4;;;;;;;;;;;;;;63;;
SCM;14.10.2019 00:00;;;;;;;;;967.4;;;;1015.6;1.2;7.4;4.3;26.6;6.9;24.8;;;;;;;;;;;;;;0;;
SCM;15.10.2019 00:00;;;;;;;;;963.3;;;;1011.3;2.4;16.9;8.6;60.8;15.8;56.9;;;;;;;;;;;;;;243;;
SCM;16.10.2019 00:00;;;;;;;;;969.2;;;;1017.5;1.7;10.5;6.1;37.8;10;36;;;;;;;;;;;;;;97;;
SCM;17.10.2019 00:00;;;;;;;;;968.8;;;;1017.1;1.4;8.9;5;32;8.5;30.6;;;;;;;;;;;;;;82;;
SCM;18.10.2019 00:00;;;;;;;;;966.8;;;;1015;2;11.4;7.2;41;11;39.6;;;;;;;;;;;;;;135;;
SCM;19.10.2019 00:00;;;;;;;;;963.3;;;;1011.3;2.1;11.4;7.6;41;10.7;38.5;;;;;;;;;;;;;;103;;
SCM;20.10.2019 00:00;;;;;;;;;961.4;;;;1009.4;1.7;9.9;6.1;35.6;9.7;34.9;;;;;;;;;;;;;;260;;
SCM;21.10.2019 00:00;;;;;;;;;971.6;;;;1019.9;2.1;6.1;7.6;22;6.1;22;;;;;;;;;;;;;;243;;
SCM;22.10.2019 00:00;;;;;;;;;974;;;;1022.5;1.1;3.7;4;13.3;3.6;13;;;;;;;;;;;;;;248;;
SCM;23.10.2019 00:00;;;;;;;;;966.4;;;;1014.6;1.6;7.5;5.8;27;7.3;26.3;;;;;;;;;;;;;;265;;
SCM;24.10.2019 00:00;;;;;;;;;966.3;;;;1014.5;2;9.8;7.2;35.3;9.7;34.9;;;;;;;;;;;;;;257;;
SCM;25.10.2019 00:00;;;;;;;;;974.8;;;;1023.3;1.2;4.5;4.3;16.2;4.4;15.8;;;;;;;;;;;;;;207;;
SCM;26.10.2019 00:00;;;;;;;;;974.2;;;;1022.7;1.2;4.4;4.3;15.8;4.1;14.8;;;;;;;;;;;;;;76;;
SCM;27.10.2019 00:00;;;;;;;;;973.5;;;;1022;1.1;7.1;4;25.6;6.9;24.8;;;;;;;;;;;;;;45;;
SCM;28.10.2019 00:00;;;;;;;;;970.9;;;;1019.2;1.7;5;6.1;18;4.8;17.3;;;;;;;;;;;;;;252;;
SCM;29.10.2019 00:00;;;;;;;;;971.4;;;;1019.8;1.5;3.9;5.4;14;3.8;13.7;;;;;;;;;;;;;;266;;
SCM;30.10.2019 00:00;;;;;;;;;973.8;;;;1022.3;0.9;4;3.2;14.4;3.7;13.3;;;;;;;;;;;;;;297;;
SCM;31.10.2019 00:00;;;;;;;;;971.6;;;;1020;1.3;5;4.7;18;5;18;;;;;;;;;;;;;;277;;
SCM;01.11.2019 00:00;;;;;;;;;964.6;;;;1012.7;1.2;5;4.3;18;4.5;16.2;;;;;;;;;;;;;;81;;
SCM;02.11.2019 00:00;;;;;;;;;953.2;;;;1000.8;1.8;7.7;6.5;27.7;7.3;26.3;;;;;;;;;;;;;;45;;
SCM;03.11.2019 00:00;;;;;;;;;945.1;;;;992.5;2.3;15.5;8.3;55.8;15.2;54.7;;;;;;;;;;;;;;270;;
SCM;04.11.2019 00:00;;;;;;;;;950;;;;997.5;1.8;11.3;6.5;40.7;10.9;39.2;;;;;;;;;;;;;;81;;
SCM;05.11.2019 00:00;;;;;;;;;952.6;;;;1000.2;2.1;8.9;7.6;32;8.5;30.6;;;;;;;;;;;;;;86;;
SCM;06.11.2019 00:00;;;;;;;;;958.2;;;;1006.1;1.3;4.7;4.7;16.9;4.6;16.6;;;;;;;;;;;;;;83;;
SCM;07.11.2019 00:00;;;;;;;;;957.4;;;;1005.2;1.6;8.5;5.8;30.6;8.1;29.2;;;;;;;;;;;;;;76;;
SCM;08.11.2019 00:00;;;;;;;;;958.2;;;;1006.1;1.5;6.6;5.4;23.8;6.4;23;;;;;;;;;;;;;;315;;
SCM;09.11.2019 00:00;;;;;;;;;962.8;;;;1010.8;1.6;6.8;5.8;24.5;6.4;23;;;;;;;;;;;;;;84;;
SCM;10.11.2019 00:00;;;;;;;;;964.1;;;;1012.1;1.4;4.9;5;17.6;4.8;17.3;;;;;;;;;;;;;;90;;
SCM;11.11.2019 00:00;;;;;;;;;963.3;;;;1011.4;1.8;6.1;6.5;22;6;21.6;;;;;;;;;;;;;;104;;
SCM;12.11.2019 00:00;;;;;;;;;960;;;;1007.9;1.6;5.1;5.8;18.4;5;18;;;;;;;;;;;;;;95;;
SCM;13.11.2019 00:00;;;;;;;;;957.7;;;;1005.5;1.5;7.4;5.4;26.6;7.2;25.9;;;;;;;;;;;;;;101;;
SCM;14.11.2019 00:00;;;;;;;;;952.4;;;;1000;2.8;11.4;10.1;41;10.5;37.8;;;;;;;;;;;;;;270;;
SCM;15.11.2019 00:00;;;;;;;;;952.3;;;;999.9;1.4;8.3;5;29.9;8.2;29.5;;;;;;;;;;;;;;63;;
SCM;16.11.2019 00:00;;;;;;;;;961;;;;1008.9;1.2;3.8;4.3;13.7;3.7;13.3;;;;;;;;;;;;;;180;;
SCM;17.11.2019 00:00;;;;;;;;;958;;;;1005.9;1.3;4.6;4.7;16.6;4.5;16.2;;;;;;;;;;;;;;34;;
SCM;18.11.2019 00:00;;;;;;;;;963.8;;;;1011.9;1.2;5;4.3;18;4.8;17.3;;;;;;;;;;;;;;63;;
SCM;19.11.2019 00:00;;;;;;;;;968.7;;;;1017;1.1;3.9;4;14;3.7;13.3;;;;;;;;;;;;;;81;;
SCM;20.11.2019 00:00;;;;;;;;;965.9;;;;1014;1;4.7;3.6;16.9;4.4;15.8;;;;;;;;;;;;;;63;;
SCM;21.11.2019 00:00;;;;;;;;;962;;;;1010;1.2;5;4.3;18;4.9;17.6;;;;;;;;;;;;;;53;;
SCM;22.11.2019 00:00;;;;;;;;;958.5;;;;1006.4;1.6;5.6;5.8;20.2;5.5;19.8;;;;;;;;;;;;;;297;;
SCM;23.11.2019 00:00;;;;;;;;;949.6;;;;997.1;3.2;11.5;11.5;41.4;11.1;40;;;;;;;;;;;;;;236;;
SCM;24.11.2019 00:00;;;;;;;;;958.7;;;;1006.6;1.2;11.4;4.3;41;10.9;39.2;;;;;;;;;;;;;;270;;
SCM;25.11.2019 00:00;;;;;;;;;962.9;;;;1011;1.1;3.5;4;12.6;3.3;11.9;;;;;;;;;;;;;;124;;
SCM;26.11.2019 00:00;;;;;;;;;960.7;;;;1008.6;1.3;7.9;4.7;28.4;7.8;28.1;;;;;;;;;;;;;;315;;
SCM;27.11.2019 00:00;;;;;;;;;954.1;;;;1001.8;1.8;10.9;6.5;39.2;10.6;38.2;;;;;;;;;;;;;;135;;
SCM;28.11.2019 00:00;;;;;;;;;957;;;;1004.8;1.4;13;5;46.8;12.4;44.6;;;;;;;;;;;;;;68;;
SCM;29.11.2019 00:00;;;;;;;;;965;;;;1013.1;1.5;8;5.4;28.8;7.2;25.9;;;;;;;;;;;;;;53;;
SCM;30.11.2019 00:00;;;;;;;;;972.6;;;;1021;1.7;7.7;6.1;27.7;7.3;26.3;;;;;;;;;;;;;;66;;
SCM;01.12.2019 00:00;;;;;;;;;967.6;;;;1015.8;1.5;5.8;5.4;20.9;5.7;20.5;;;;;;;;;;;;;;279;;
SCM;02.12.2019 00:00;;;;;;;;;974.6;;;;1023.1;1.8;9.3;6.5;33.5;9;32.4;;;;;;;;;;;;;;37;;
SCM;03.12.2019 00:00;;;;;;;;;977.3;;;;1025.9;1.9;7.9;6.8;28.4;7.6;27.4;;;;;;;;;;;;;;53;;
SCM;04.12.2019 00:00;;;;;;;;;973;;;;1021.4;1.5;4.7;5.4;16.9;4.6;16.6;;;;;;;;;;;;;;360;;
SCM;05.12.2019 00:00;;;;;;;;;974.9;;;;1023.4;1.3;4.4;4.7;15.8;4.1;14.8;;;;;;;;;;;;;;53;;
SCM;06.12.2019 00:00;;;;;;;;;972.8;;;;1021.2;1.6;5.6;5.8;20.2;5.6;20.2;;;;;;;;;;;;;;66;;
SCM;07.12.2019 00:00;;;;;;;;;971.5;;;;1019.9;1.5;5.6;5.4;20.2;5.5;19.8;;;;;;;;;;;;;;67;;
SCM;08.12.2019 00:00;;;;;;;;;967.3;;;;1015.5;1.6;7.8;5.8;28.1;7.4;26.6;;;;;;;;;;;;;;76;;
SCM;09.12.2019 00:00;;;;;;;;;962.8;;;;1010.8;3.7;16;13.3;57.6;15.3;55.1;;;;;;;;;;;;;;280;;
SCM;10.12.2019 00:00;;;;;;;;;977.1;;;;1025.7;2.7;11.9;9.7;42.8;11.4;41;;;;;;;;;;;;;;84;;
SCM;11.12.2019 00:00;;;;;;;;;966.2;;;;1014.4;1.4;9.3;5;33.5;9;32.4;;;;;;;;;;;;;;76;;
SCM;12.12.2019 00:00;;;;;;;;;956.5;;;;1004.3;2.6;14.4;9.4;51.8;13.7;49.3;;;;;;;;;;;;;;98;;
SCM;13.12.2019 00:00;;;;;;;;;943;;;;990.3;5.5;20;19.8;72;19.1;68.8;;;;;;;;;;;;;;253;;
SCM;14.12.2019 00:00;;;;;;;;;955.4;;;;1003.1;3.5;17;12.6;61.2;16.9;60.8;;;;;;;;;;;;;;304;;
SCM;15.12.2019 00:00;;;;;;;;;962.1;;;;1010.1;2.1;10.3;7.6;37.1;9.9;35.6;;;;;;;;;;;;;;77;;
SCM;16.12.2019 00:00;;;;;;;;;961.9;;;;1009.9;2.4;11.4;8.6;41;10.9;39.2;;;;;;;;;;;;;;270;;
SCM;17.12.2019 00:00;;;;;;;;;960.8;;;;1008.7;3.8;16.1;13.7;58;14.6;52.6;;;;;;;;;;;;;;149;;
SCM;18.12.2019 00:00;;;;;;;;;969.8;;;;1018.1;1.4;4.3;5;15.5;4.2;15.1;;;;;;;;;;;;;;315;;
SCM;19.12.2019 00:00;;;;;;;;;964.6;;;;1012.7;2;15.2;7.2;54.7;14.9;53.6;;;;;;;;;;;;;;265;;
SCM;20.12.2019 00:00;;;;;;;;;949.2;;;;996.7;5;23.8;18;85.7;22.2;79.9;;;;;;;;;;;;;;117;;
SCM;21.12.2019 00:00;;;;;;;;;947.9;;;;995.4;2.3;14.2;8.3;51.1;14;50.4;;;;;;;;;;;;;;86;;
SCM;22.12.2019 00:00;;;;;;;;;947.2;;;;994.6;3.4;17.1;12.2;61.6;16.9;60.8;;;;;;;;;;;;;;300;;
SCM;23.12.2019 00:00;;;;;;;;;965.9;;;;1014.1;4;13.8;14.4;49.7;13.6;49;;;;;;;;;;;;;;288;;
SCM;24.12.2019 00:00;;;;;;;;;971;;;;1019.4;2.5;16.8;9;60.5;16.3;58.7;;;;;;;;;;;;;;72;;
SCM;25.12.2019 00:00;;;;;;;;;974.3;;;;1022.8;3.5;11.1;12.6;40;10.2;36.7;;;;;;;;;;;;;;291;;
SCM;26.12.2019 00:00;;;;;;;;;976.8;;;;1025.4;1.7;7.2;6.1;25.9;6.9;24.8;;;;;;;;;;;;;;90;;
SCM;27.12.2019 00:00;;;;;;;;;978.7;;;;1027.4;1.3;6.3;4.7;22.7;6.1;22;;;;;;;;;;;;;;84;;
SCM;28.12.2019 00:00;;;;;;;;;987.1;;;;1036.1;1.7;8;6.1;28.8;7.4;26.6;;;;;;;;;;;;;;342;;
SCM;29.12.2019 00:00;;;;;;;;;987.5;;;;1036.5;1.4;5.8;5;20.9;5.5;19.8;;;;;;;;;;;;;;256;;
SCM;30.12.2019 00:00;;;;;;;;;985.5;;;;1034.5;1.1;3.7;4;13.3;3.5;12.6;;;;;;;;;;;;;;72;;
SCM;31.12.2019 00:00;;;;;;;;;985.1;;;;1034;1.2;4.2;4.3;15.1;4;14.4;;;;;;;;;;;;;;63;;
SCM;01.01.2020 00:00;;;;;;;;;983.8;;;;1032.7;1.3;4.6;4.7;16.6;4.2;15.1;;;;;;;;;;;;;;297;;
SCM;02.01.2020 00:00;;;;;;;;;982;;;;1030.8;1.2;4.5;4.3;16.2;4.2;15.1;;;;;;;;;;;;;;53;;
SCM;03.01.2020 00:00;;;;;;;;;980;;;;1028.7;1.4;5.1;5;18.4;4.9;17.6;;;;;;;;;;;;;;85;;
SCM;04.01.2020 00:00;;;;;;;;;983.8;;;;1032.7;1.5;7.1;5.4;25.6;6.9;24.8;;;;;;;;;;;;;;27;;
SCM;05.01.2020 00:00;;;;;;;;;985.8;;;;1034.8;1.1;3.6;4;13;3.4;12.2;;;;;;;;;;;;;;90;;
SCM;06.01.2020 00:00;;;;;;;;;981;;;;1029.7;1.1;4.3;4;15.5;4;14.4;;;;;;;;;;;;;;90;;
SCM;07.01.2020 00:00;;;;;;;;;981.7;;;;1030.5;1.5;9.8;5.4;35.3;9.5;34.2;;;;;;;;;;;;;;76;;
SCM;08.01.2020 00:00;;;;;;;;;981.8;;;;1030.6;1.8;8.7;6.5;31.3;8.5;30.6;;;;;;;;;;;;;;104;;
SCM;09.01.2020 00:00;;;;;;;;;974.7;;;;1023.2;1.5;7.2;5.4;25.9;6.7;24.1;;;;;;;;;;;;;;67;;
SCM;10.01.2020 00:00;;;;;;;;;976.2;;;;1024.7;1.2;4.2;4.3;15.1;4.1;14.8;;;;;;;;;;;;;;74;;
SCM;11.01.2020 00:00;;;;;;;;;983;;;;1031.9;1.2;4.7;4.3;16.9;4.6;16.6;;;;;;;;;;;;;;252;;
SCM;12.01.2020 00:00;;;;;;;;;980.2;;;;1028.9;1.2;4;4.3;14.4;3.8;13.7;;;;;;;;;;;;;;81;;
SCM;13.01.2020 00:00;;;;;;;;;974.5;;;;1023.1;1.3;7.5;4.7;27;7;25.2;;;;;;;;;;;;;;77;;
SCM;14.01.2020 00:00;;;;;;;;;971.4;;;;1019.7;1.4;5.5;5;19.8;5.3;19.1;;;;;;;;;;;;;;63;;
SCM;15.01.2020 00:00;;;;;;;;;974.6;;;;1023.1;1.5;6.5;5.4;23.4;6.2;22.3;;;;;;;;;;;;;;76;;
SCM;16.01.2020 00:00;;;;;;;;;979.1;;;;1027.7;1.7;9.5;6.1;34.2;8.8;31.7;;;;;;;;;;;;;;72;;
SCM;17.01.2020 00:00;;;;;;;;;974.8;;;;1023.3;1.3;5.9;4.7;21.2;5.6;20.2;;;;;;;;;;;;;;68;;
SCM;18.01.2020 00:00;;;;;;;;;979.4;;;;1028.1;1.4;10.4;5;37.4;10.3;37.1;;;;;;;;;;;;;;90;;
SCM;19.01.2020 00:00;;;;;;;;;985.5;;;;1034.4;1.7;8.3;6.1;29.9;8;28.8;;;;;;;;;;;;;;297;;
SCM;20.01.2020 00:00;;;;;;;;;991.7;;;;1040.9;2.3;7.9;8.3;28.4;7.5;27;;;;;;;;;;;;;;87;;
SCM;21.01.2020 00:00;;;;;;;;;989.7;;;;1038.8;1.2;4.1;4.3;14.8;4;14.4;;;;;;;;;;;;;;117;;
SCM;22.01.2020 00:00;;;;;;;;;985.2;;;;1034.1;1.3;4.6;4.7;16.6;4.5;16.2;;;;;;;;;;;;;;76;;
SCM;23.01.2020 00:00;;;;;;;;;980.5;;;;1029.2;1.3;4.6;4.7;16.6;4.3;15.5;;;;;;;;;;;;;;104;;
SCM;24.01.2020 00:00;;;;;;;;;976.6;;;;1025.2;1.1;4;4;14.4;3.8;13.7;;;;;;;;;;;;;;90;;
SCM;25.01.2020 00:00;;;;;;;;;974;;;;1022.5;1;4.7;3.6;16.9;4.2;15.1;;;;;;;;;;;;;;90;;
SCM;26.01.2020 00:00;;;;;;;;;972;;;;1020.4;1.4;5.7;5;20.5;5.6;20.2;;;;;;;;;;;;;;135;;
SCM;27.01.2020 00:00;;;;;;;;;966.7;;;;1014.9;1.6;5.8;5.8;20.9;5.7;20.5;;;;;;;;;;;;;;76;;
SCM;28.01.2020 00:00;;;;;;;;;959.5;;;;1007.4;5.4;25.3;19.4;91.1;24.5;88.2;;;;;;;;;;;;;;257;;
SCM;29.01.2020 00:00;;;;;;;;;966.9;;;;1015.1;3.4;23.7;12.2;85.3;23.6;85;;;;;;;;;;;;;;275;;
SCM;30.01.2020 00:00;;;;;;;;;969.5;;;;1017.7;3;12.4;10.8;44.6;12.1;43.6;;;;;;;;;;;;;;92;;
SCM;31.01.2020 00:00;;;;;;;;;969.7;;;;1018;1.9;11.1;6.8;40;10.4;37.4;;;;;;;;;;;;;;86;;
SCM;01.02.2020 00:00;;;;;;;;;967.4;;;;1015.6;2.4;10.7;8.6;38.5;9.9;35.6;;;;;;;;;;;;;;27;;
SCM;02.02.2020 00:00;;;;;;;;;970.4;;;;1018.7;2.2;10.8;7.9;38.9;10.7;38.5;;;;;;;;;;;;;;56;;
SCM;03.02.2020 00:00;;;;;;;;;970.4;;;;1018.7;2.7;16.6;9.7;59.8;15.7;56.5;;;;;;;;;;;;;;319;;
SCM;04.02.2020 00:00;;;;;;;;;969.3;;;;1017.6;6.8;24.2;24.5;87.1;23.8;85.7;;;;;;;;;;;;;;269;;
SCM;05.02.2020 00:00;;;;;;;;;983.8;;;;1032.6;2.7;10.8;9.7;38.9;10.6;38.2;;;;;;;;;;;;;;270;;
SCM;06.02.2020 00:00;;;;;;;;;982.3;;;;1031.1;1.9;9.4;6.8;33.8;9.4;33.8;;;;;;;;;;;;;;85;;
SCM;07.02.2020 00:00;;;;;;;;;978.2;;;;1026.8;1.3;4.8;4.7;17.3;4.6;16.6;;;;;;;;;;;;;;117;;
SCM;08.02.2020 00:00;;;;;;;;;977.1;;;;1025.6;1.2;4.3;4.3;15.5;3.8;13.7;;;;;;;;;;;;;;79;;
SCM;09.02.2020 00:00;;;;;;;;;973;;;;1021.5;2;8.1;7.2;29.2;8;28.8;;;;;;;;;;;;;;360;;
SCM;10.02.2020 00:00;;;;;;;;;962.8;;;;1010.8;7;28.4;25.2;102.2;27.9;100.4;;;;;;;;;;;;;;273;;
SCM;11.02.2020 00:00;;;;;;;;;967.7;;;;1015.9;6.1;31.8;22;114.5;30.9;111.2;;;;;;;;;;;;;;274;;
SCM;12.02.2020 00:00;;;;;;;;;974.1;;;;1022.6;2;10.9;7.2;39.2;10.3;37.1;;;;;;;;;;;;;;72;;
SCM;13.02.2020 00:00;;;;;;;;;966.2;;;;1014.4;3.7;20.4;13.3;73.4;19.2;69.1;;;;;;;;;;;;;;90;;
SCM;14.02.2020 00:00;;;;;;;;;975.2;;;;1023.7;3.2;14.2;11.5;51.1;14;50.4;;;;;;;;;;;;;;276;;
SCM;15.02.2020 00:00;;;;;;;;;976.1;;;;1024.7;1.7;12.9;6.1;46.4;12.1;43.6;;;;;;;;;;;;;;81;;
SCM;16.02.2020 00:00;;;;;;;;;971.7;;;;1020.1;1.9;12.8;6.8;46.1;12.5;45;;;;;;;;;;;;;;76;;
SCM;17.02.2020 00:00;;;;;;;;;973.6;;;;1022;2.2;11.2;7.9;40.3;10.7;38.5;;;;;;;;;;;;;;301;;
SCM;18.02.2020 00:00;;;;;;;;;980.4;;;;1029.1;2.3;9.6;8.3;34.6;9.3;33.5;;;;;;;;;;;;;;270;;
SCM;19.02.2020 00:00;;;;;;;;;976.8;;;;1025.4;2.4;12.9;8.6;46.4;11.3;40.7;;;;;;;;;;;;;;262;;
SCM;20.02.2020 00:00;;;;;;;;;974.9;;;;1023.4;2.3;9.5;8.3;34.2;9.4;33.8;;;;;;;;;;;;;;90;;
SCM;21.02.2020 00:00;;;;;;;;;981.2;;;;1030;1.8;10;6.5;36;9.6;34.6;;;;;;;;;;;;;;270;;
SCM;22.02.2020 00:00;;;;;;;;;981.7;;;;1030.5;1.3;7.9;4.7;28.4;7.5;27;;;;;;;;;;;;;;90;;
SCM;23.02.2020 00:00;;;;;;;;;978.4;;;;1027;2.5;11.4;9;41;10.8;38.9;;;;;;;;;;;;;;330;;
SCM;24.02.2020 00:00;;;;;;;;;972.4;;;;1020.8;2;10;7.2;36;9.7;34.9;;;;;;;;;;;;;;262;;
SCM;25.02.2020 00:00;;;;;;;;;960;;;;1008;3.1;12.5;11.2;45;12.2;43.9;;;;;;;;;;;;;;297;;
SCM;26.02.2020 00:00;;;;;;;;;959.1;;;;1007;4.1;21.8;14.8;78.5;21.4;77;;;;;;;;;;;;;;282;;
SCM;27.02.2020 00:00;;;;;;;;;959;;;;1006.8;5;23.5;18;84.6;23;82.8;;;;;;;;;;;;;;256;;
SCM;28.02.2020 00:00;;;;;;;;;970.5;;;;1018.9;4;15.4;14.4;55.4;15.3;55.1;;;;;;;;;;;;;;180;;
SCM;29.02.2020 00:00;;;;;;;;;957.8;;;;1005.6;5;25;18;90;23.1;83.2;;;;;;;;;;;;;;126;;
SCM;01.03.2020 00:00;;;;;;;;;955.2;;;;1002.9;2.7;24.3;9.7;87.5;23.7;85.3;;;;;;;;;;;;;;259;;
SCM;02.03.2020 00:00;;;;;;;;;946.4;;;;993.8;3.9;13.2;14;47.5;12.5;45;;;;;;;;;;;;;;243;;
SCM;03.03.2020 00:00;;;;;;;;;958.3;;;;1006.1;2.9;12.8;10.4;46.1;12.5;45;;;;;;;;;;;;;;273;;
SCM;04.03.2020 00:00;;;;;;;;;965.6;;;;1013.8;1.4;6.4;5;23;6;21.6;;;;;;;;;;;;;;99;;
SCM;05.03.2020 00:00;;;;;;;;;952.8;;;;1000.4;5;21.8;18;78.5;20.9;75.2;;;;;;;;;;;;;;122;;
SCM;06.03.2020 00:00;;;;;;;;;955.7;;;;1003.4;4.4;14.7;15.8;52.9;14.2;51.1;;;;;;;;;;;;;;277;;
SCM;07.03.2020 00:00;;;;;;;;;971.7;;;;1020.1;1.4;7.7;5;27.7;7.6;27.4;;;;;;;;;;;;;;236;;
SCM;08.03.2020 00:00;;;;;;;;;971.7;;;;1020;1.9;8.1;6.8;29.2;7.9;28.4;;;;;;;;;;;;;;90;;
SCM;09.03.2020 00:00;;;;;;;;;969.7;;;;1018;1.6;10.1;5.8;36.4;9.5;34.2;;;;;;;;;;;;;;315;;
SCM;10.03.2020 00:00;;;;;;;;;971.9;;;;1020.3;2;10.4;7.2;37.4;10.2;36.7;;;;;;;;;;;;;;87;;
SCM;11.03.2020 00:00;;;;;;;;;973.1;;;;1021.5;1.9;7.1;6.8;25.6;6.7;24.1;;;;;;;;;;;;;;74;;
SCM;12.03.2020 00:00;;;;;;;;;969.5;;;;1017.8;1.8;9.5;6.5;34.2;9.3;33.5;;;;;;;;;;;;;;360;;
SCM;13.03.2020 00:00;;;;;;;;;973.5;;;;1021.9;1.6;6.3;5.8;22.7;6.2;22.3;;;;;;;;;;;;;;108;;
SCM;14.03.2020 00:00;;;;;;;;;973.1;;;;1021.5;1.4;7.1;5;25.6;6.9;24.8;;;;;;;;;;;;;;90;;
SCM;15.03.2020 00:00;;;;;;;;;970.1;;;;1018.4;3.1;15.8;11.2;56.9;15.5;55.8;;;;;;;;;;;;;;110;;
SCM;16.03.2020 00:00;;;;;;;;;973.3;;;;1021.7;2.3;11.3;8.3;40.7;11.1;40;;;;;;;;;;;;;;99;;
SCM;17.03.2020 00:00;;;;;;;;;981.3;;;;1030.1;1.9;6.1;6.8;22;6;21.6;;;;;;;;;;;;;;315;;
SCM;18.03.2020 00:00;;;;;;;;;979.1;;;;1027.8;1.2;4.7;4.3;16.9;4.5;16.2;;;;;;;;;;;;;;270;;
SCM;19.03.2020 00:00;;;;;;;;;975.2;;;;1023.8;1.2;6.6;4.3;23.8;6.3;22.7;;;;;;;;;;;;;;270;;
SCM;20.03.2020 00:00;;;;;;;;;971.8;;;;1020.2;2.1;10.8;7.6;38.9;10.7;38.5;;;;;;;;;;;;;;236;;
SCM;21.03.2020 00:00;;;;;;;;;969.4;;;;1017.7;2.3;9.7;8.3;34.9;9.5;34.2;;;;;;;;;;;;;;58;;
SCM;22.03.2020 00:00;;;;;;;;;973.6;;;;1022.1;3.4;11.3;12.2;40.7;11.1;40;;;;;;;;;;;;;;53;;
SCM;23.03.2020 00:00;;;;;;;;;978.4;;;;1027.1;3;10.3;10.8;37.1;9.7;34.9;;;;;;;;;;;;;;53;;
SCM;24.03.2020 00:00;;;;;;;;;976.6;;;;1025.2;2.9;12.9;10.4;46.4;12.3;44.3;;;;;;;;;;;;;;59;;
SCM;25.03.2020 00:00;;;;;;;;;970.5;;;;1018.8;2.3;9.5;8.3;34.2;9.3;33.5;;;;;;;;;;;;;;61;;
SCM;26.03.2020 00:00;;;;;;;;;966.4;;;;1014.6;1.6;7.8;5.8;28.1;7.5;27;;;;;;;;;;;;;;297;;
SCM;27.03.2020 00:00;;;;;;;;;966.7;;;;1014.9;1.5;4.8;5.4;17.3;4.7;16.9;;;;;;;;;;;;;;248;;
SCM;28.03.2020 00:00;;;;;;;;;968.4;;;;1016.7;1.6;5.9;5.8;21.2;5.9;21.2;;;;;;;;;;;;;;254;;
SCM;29.03.2020 00:00;;;;;;;;;969.8;;;;1018.2;2.4;8.4;8.6;30.2;8.3;29.9;;;;;;;;;;;;;;258;;
SCM;30.03.2020 00:00;;;;;;;;;973.4;;;;1021.9;3.4;11.9;12.2;42.8;11.2;40.3;;;;;;;;;;;;;;67;;
SCM;31.03.2020 00:00;;;;;;;;;974.6;;;;1023.1;3.4;11.6;12.2;41.8;11.3;40.7;;;;;;;;;;;;;;69;;
SCM;01.04.2020 00:00;;;;;;;;;969.9;;;;1018.2;1.5;4.5;5.4;16.2;4.4;15.8;;;;;;;;;;;;;;254;;
SCM;02.04.2020 00:00;;;;;;;;;964.8;;;;1012.9;1.8;7.4;6.5;26.6;7.1;25.6;;;;;;;;;;;;;;246;;
SCM;03.04.2020 00:00;;;;;;;;;968.6;;;;1016.9;2.3;6.8;8.3;24.5;6.7;24.1;;;;;;;;;;;;;;251;;
SCM;04.04.2020 00:00;;;;;;;;;973.3;;;;1021.7;1.8;5.3;6.5;19.1;5.3;19.1;;;;;;;;;;;;;;262;;
SCM;05.04.2020 00:00;;;;;;;;;972.9;;;;1021.4;1.4;6;5;21.6;5.7;20.5;;;;;;;;;;;;;;270;;
SCM;06.04.2020 00:00;;;;;;;;;975.5;;;;1024;2.1;7.8;7.6;28.1;7.7;27.7;;;;;;;;;;;;;;270;;
SCM;07.04.2020 00:00;;;;;;;;;978.6;;;;1027.2;1.9;9;6.8;32.4;8.8;31.7;;;;;;;;;;;;;;53;;
SCM;08.04.2020 00:00;;;;;;;;;976.7;;;;1025.3;1.5;6.2;5.4;22.3;6.1;22;;;;;;;;;;;;;;263;;
SCM;09.04.2020 00:00;;;;;;;;;975.1;;;;1023.6;1.4;7.1;5;25.6;6.8;24.5;;;;;;;;;;;;;;53;;
SCM;10.04.2020 00:00;;;;;;;;;974.5;;;;1023;1.8;6.9;6.5;24.8;6.8;24.5;;;;;;;;;;;;;;254;;
SCM;11.04.2020 00:00;;;;;;;;;974;;;;1022.4;1.4;6.1;5;22;5.6;20.2;;;;;;;;;;;;;;315;;
SCM;12.04.2020 00:00;;;;;;;;;969.3;;;;1017.6;2;7.6;7.2;27.4;7.3;26.3;;;;;;;;;;;;;;252;;
SCM;13.04.2020 00:00;;;;;;;;;966.7;;;;1014.8;2.6;10.9;9.4;39.2;10.5;37.8;;;;;;;;;;;;;;72;;
SCM;14.04.2020 00:00;;;;;;;;;973;;;;1021.4;3.1;10.9;11.2;39.2;10.5;37.8;;;;;;;;;;;;;;56;;
SCM;15.04.2020 00:00;;;;;;;;;973.7;;;;1022.2;1.6;5.8;5.8;20.9;5.6;20.2;;;;;;;;;;;;;;252;;
SCM;16.04.2020 00:00;;;;;;;;;970.7;;;;1019.1;1.7;5.7;6.1;20.5;5.5;19.8;;;;;;;;;;;;;;262;;
SCM;17.04.2020 00:00;;;;;;;;;968.3;;;;1016.6;1.9;7.2;6.8;25.9;7.2;25.9;;;;;;;;;;;;;;270;;
SCM;18.04.2020 00:00;;;;;;;;;968.3;;;;1016.6;2.9;7.3;10.4;26.3;7;25.2;;;;;;;;;;;;;;238;;
SCM;19.04.2020 00:00;;;;;;;;;965;;;;1013.1;2.3;12.4;8.3;44.6;11.2;40.3;;;;;;;;;;;;;;59;;
SCM;20.04.2020 00:00;;;;;;;;;961.8;;;;1009.8;2.8;10.3;10.1;37.1;10.1;36.4;;;;;;;;;;;;;;57;;
SCM;21.04.2020 00:00;;;;;;;;;962;;;;1010;1.8;6.7;6.5;24.1;6.2;22.3;;;;;;;;;;;;;;261;;
SCM;22.04.2020 00:00;;;;;;;;;966;;;;1014.1;1.7;7.1;6.1;25.6;6.8;24.5;;;;;;;;;;;;;;257;;
SCM;23.04.2020 00:00;;;;;;;;;969.6;;;;1017.9;1.7;6.2;6.1;22.3;6.2;22.3;;;;;;;;;;;;;;246;;
SCM;24.04.2020 00:00;;;;;;;;;966.5;;;;1014.6;2.5;13.3;9;47.9;13;46.8;;;;;;;;;;;;;;260;;
SCM;25.04.2020 00:00;;;;;;;;;962.1;;;;1010.1;2.2;6.6;7.9;23.8;6.5;23.4;;;;;;;;;;;;;;180;;
SCM;26.04.2020 00:00;;;;;;;;;962.2;;;;1010.2;2.5;14.4;9;51.8;14.3;51.5;;;;;;;;;;;;;;241;;
SCM;27.04.2020 00:00;;;;;;;;;962.5;;;;1010.6;1.8;6.6;6.5;23.8;6.4;23;;;;;;;;;;;;;;189;;
SCM;28.04.2020 00:00;;;;;;;;;961.4;;;;1009.3;2;10;7.2;36;9.9;35.6;;;;;;;;;;;;;;254;;
SCM;29.04.2020 00:00;;;;;;;;;963.9;;;;1011.9;1.7;6.6;6.1;23.8;6.3;22.7;;;;;;;;;;;;;;90;;
SCM;30.04.2020 00:00;;;;;;;;;962;;;;1010;2.1;10;7.6;36;9.4;33.8;;;;;;;;;;;;;;80;;
SCM;01.05.2020 00:00;;;;;;;;;960.7;;;;1008.6;1.9;6.5;6.8;23.4;6.3;22.7;;;;;;;;;;;;;;243;;
SCM;02.05.2020 00:00;;;;;;;;;965.9;;;;1014;2.1;10.1;7.6;36.4;9.7;34.9;;;;;;;;;;;;;;97;;
SCM;03.05.2020 00:00;;;;;;;;;970.9;;;;1019.3;1.9;6.1;6.8;22;6;21.6;;;;;;;;;;;;;;158;;
SCM;04.05.2020 00:00;;;;;;;;;968.9;;;;1017.2;2.2;9.3;7.9;33.5;9;32.4;;;;;;;;;;;;;;217;;
SCM;05.05.2020 00:00;;;;;;;;;968.5;;;;1016.8;1.8;7;6.5;25.2;6.9;24.8;;;;;;;;;;;;;;270;;
SCM;06.05.2020 00:00;;;;;;;;;973.1;;;;1021.6;2.1;5.7;7.6;20.5;5.5;19.8;;;;;;;;;;;;;;264;;
SCM;07.05.2020 00:00;;;;;;;;;974.3;;;;1022.8;1.9;6.4;6.8;23;6.3;22.7;;;;;;;;;;;;;;249;;
SCM;08.05.2020 00:00;;;;;;;;;969.6;;;;1017.9;2;6.9;7.2;24.8;6.5;23.4;;;;;;;;;;;;;;256;;
SCM;09.05.2020 00:00;;;;;;;;;964.3;;;;1012.4;2.2;12.6;7.9;45.4;12.3;44.3;;;;;;;;;;;;;;260;;
SCM;10.05.2020 00:00;;;;;;;;;958.7;;;;1006.6;1.7;8.2;6.1;29.5;7.6;27.4;;;;;;;;;;;;;;135;;
SCM;11.05.2020 00:00;;;;;;;;;955.2;;;;1002.9;4;17.7;14.4;63.7;17.4;62.6;;;;;;;;;;;;;;260;;
SCM;12.05.2020 00:00;;;;;;;;;966.7;;;;1014.8;2.4;9.1;8.6;32.8;8.9;32;;;;;;;;;;;;;;63;;
SCM;13.05.2020 00:00;;;;;;;;;961.6;;;;1009.6;1.8;10.1;6.5;36.4;9.7;34.9;;;;;;;;;;;;;;297;;
SCM;14.05.2020 00:00;;;;;;;;;963.8;;;;1011.8;2.1;8.3;7.6;29.9;8;28.8;;;;;;;;;;;;;;18;;
SCM;15.05.2020 00:00;;;;;;;;;968.1;;;;1016.3;2;8.9;7.2;32;8.1;29.2;;;;;;;;;;;;;;45;;
SCM;16.05.2020 00:00;;;;;;;;;972.2;;;;1020.6;1.5;4.7;5.4;16.9;4.7;16.9;;;;;;;;;;;;;;248;;
SCM;17.05.2020 00:00;;;;;;;;;972.9;;;;1021.3;2.1;6.6;7.6;23.8;6.1;22;;;;;;;;;;;;;;256;;
SCM;18.05.2020 00:00;;;;;;;;;974.4;;;;1022.9;1.7;5.4;6.1;19.4;5.4;19.4;;;;;;;;;;;;;;252;;
SCM;19.05.2020 00:00;;;;;;;;;971.8;;;;1020.2;1.6;8;5.8;28.8;7.6;27.4;;;;;;;;;;;;;;45;;
SCM;20.05.2020 00:00;;;;;;;;;971.6;;;;1020;2.2;10.2;7.9;36.7;9.6;34.6;;;;;;;;;;;;;;58;;
SCM;21.05.2020 00:00;;;;;;;;;973.2;;;;1021.7;1.5;5.7;5.4;20.5;5.6;20.2;;;;;;;;;;;;;;270;;
SCM;22.05.2020 00:00;;;;;;;;;975;;;;1023.5;1.5;9.5;5.4;34.2;9.3;33.5;;;;;;;;;;;;;;90;;
SCM;23.05.2020 00:00;;;;;;;;;977.8;;;;1026.4;2.5;17.1;9;61.6;15.9;57.2;;;;;;;;;;;;;;264;;
SCM;24.05.2020 00:00;;;;;;;;;983.6;;;;1032.4;1.8;8.9;6.5;32;8.7;31.3;;;;;;;;;;;;;;239;;
SCM;25.05.2020 00:00;;;;;;;;;983.4;;;;1032.3;1.7;6.2;6.1;22.3;5.9;21.2;;;;;;;;;;;;;;90;;
SCM;26.05.2020 00:00;;;;;;;;;983.2;;;;1032;2.4;8.8;8.6;31.7;8.2;29.5;;;;;;;;;;;;;;67;;
SCM;27.05.2020 00:00;;;;;;;;;982;;;;1030.8;2.1;5.4;7.6;19.4;5.3;19.1;;;;;;;;;;;;;;243;;
SCM;28.05.2020 00:00;;;;;;;;;978.7;;;;1027.3;2;11.2;7.2;40.3;10.7;38.5;;;;;;;;;;;;;;63;;
SCM;29.05.2020 00:00;;;;;;;;;974;;;;1022.4;3.6;11.7;13;42.1;11;39.6;;;;;;;;;;;;;;67;;
SCM;30.05.2020 00:00;;;;;;;;;970.9;;;;1019.3;2.3;9.9;8.3;35.6;9.4;33.8;;;;;;;;;;;;;;74;;
SCM;31.05.2020 00:00;;;;;;;;;970.1;;;;1018.4;2.4;9.3;8.6;33.5;8.9;32;;;;;;;;;;;;;;72;;
SCM;01.06.2020 00:00;;;;;;;;;970.3;;;;1018.6;2;5.4;7.2;19.4;5.4;19.4;;;;;;;;;;;;;;249;;
SCM;02.06.2020 00:00;;;;;;;;;967.7;;;;1015.9;1.7;5.6;6.1;20.2;5.4;19.4;;;;;;;;;;;;;;259;;
SCM;03.06.2020 00:00;;;;;;;;;959.5;;;;1007.4;2.4;14.5;8.6;52.2;14.1;50.8;;;;;;;;;;;;;;97;;
SCM;04.06.2020 00:00;;;;;;;;;952.8;;;;1000.5;1.4;5.9;5;21.2;5.8;20.9;;;;;;;;;;;;;;90;;
SCM;05.06.2020 00:00;;;;;;;;;955.9;;;;1003.7;1.9;12.9;6.8;46.4;12.7;45.7;;;;;;;;;;;;;;284;;
SCM;06.06.2020 00:00;;;;;;;;;958.8;;;;1006.6;1.8;8.2;6.5;29.5;7.8;28.1;;;;;;;;;;;;;;259;;
SCM;07.06.2020 00:00;;;;;;;;;963.1;;;;1011.1;2.9;12.4;10.4;44.6;11.8;42.5;;;;;;;;;;;;;;90;;
SCM;08.06.2020 00:00;;;;;;;;;964.4;;;;1012.5;1.6;6.9;5.8;24.8;6.4;23;;;;;;;;;;;;;;104;;
SCM;09.06.2020 00:00;;;;;;;;;965.3;;;;1013.4;1.9;6.8;6.8;24.5;6.7;24.1;;;;;;;;;;;;;;254;;
SCM;10.06.2020 00:00;;;;;;;;;964.9;;;;1013;1.4;4.9;5;17.6;4.8;17.3;;;;;;;;;;;;;;90;;
SCM;11.06.2020 00:00;;;;;;;;;961.6;;;;1009.6;1.5;7.2;5.4;25.9;6.8;24.5;;;;;;;;;;;;;;0;;
SCM;12.06.2020 00:00;;;;;;;;;958.8;;;;1006.6;4.5;18.8;16.2;67.7;18.5;66.6;;;;;;;;;;;;;;116;;
SCM;13.06.2020 00:00;;;;;;;;;964.7;;;;1012.8;2.8;21.6;10.1;77.8;21;75.6;;;;;;;;;;;;;;270;;
SCM;14.06.2020 00:00;;;;;;;;;970.3;;;;1018.6;1.1;3.3;4;11.9;3.2;11.5;;;;;;;;;;;;;;113;;
SCM;15.06.2020 00:00;;;;;;;;;971.1;;;;1019.5;1.9;6.3;6.8;22.7;6.1;22;;;;;;;;;;;;;;153;;
SCM;16.06.2020 00:00;;;;;;;;;968.4;;;;1016.6;1.4;5.5;5;19.8;5.4;19.4;;;;;;;;;;;;;;90;;
SCM;17.06.2020 00:00;;;;;;;;;965.6;;;;1013.7;1.8;11.5;6.5;41.4;10.8;38.9;;;;;;;;;;;;;;276;;
SCM;18.06.2020 00:00;;;;;;;;;967.5;;;;1015.7;2.1;7.8;7.6;28.1;7.4;26.6;;;;;;;;;;;;;;236;;
SCM;19.06.2020 00:00;;;;;;;;;971.9;;;;1020.3;1.2;4.3;4.3;15.5;4.2;15.1;;;;;;;;;;;;;;104;;
SCM;20.06.2020 00:00;;;;;;;;;973.7;;;;1022.2;1.6;8;5.8;28.8;7.7;27.7;;;;;;;;;;;;;;68;;
SCM;21.06.2020 00:00;;;;;;;;;974.3;;;;1022.8;1;5.3;3.6;19.1;5.1;18.4;;;;;;;;;;;;;;117;;
SCM;22.06.2020 00:00;;;;;;;;;976.2;;;;1024.8;1.2;4.8;4.3;17.3;4.7;16.9;;;;;;;;;;;;;;214;;
SCM;23.06.2020 00:00;;;;;;;;;974.4;;;;1022.9;2.4;10.1;8.6;36.4;9.7;34.9;;;;;;;;;;;;;;70;;
SCM;24.06.2020 00:00;;;;;;;;;972.1;;;;1020.4;1.8;8.6;6.5;31;8.4;30.2;;;;;;;;;;;;;;360;;
SCM;25.06.2020 00:00;;;;;;;;;969.6;;;;1017.9;1.7;5.7;6.1;20.5;5.6;20.2;;;;;;;;;;;;;;252;;
SCM;26.06.2020 00:00;;;;;;;;;967.8;;;;1016.1;2.5;20.8;9;74.9;19.7;70.9;;;;;;;;;;;;;;98;;
SCM;27.06.2020 00:00;;;;;;;;;968.5;;;;1016.8;2.9;10.1;10.4;36.4;9.4;33.8;;;;;;;;;;;;;;90;;
SCM;28.06.2020 00:00;;;;;;;;;969.9;;;;1018.2;2.2;8.2;7.9;29.5;8.1;29.2;;;;;;;;;;;;;;243;;
SCM;29.06.2020 00:00;;;;;;;;;968.6;;;;1016.9;1.2;5;4.3;18;4.8;17.3;;;;;;;;;;;;;;180;;
SCM;30.06.2020 00:00;;;;;;;;;967.1;;;;1015.3;1.5;5.4;5.4;19.4;5.4;19.4;;;;;;;;;;;;;;217;;
SCM;01.07.2020 00:00;;;;;;;;;965.2;;;;1013.4;2.6;17.4;9.4;62.6;16.8;60.5;;;;;;;;;;;;;;107;;
SCM;02.07.2020 00:00;;;;;;;;;967.6;;;;1015.8;2;11.3;7.2;40.7;10.8;38.9;;;;;;;;;;;;;;214;;
SCM;03.07.2020 00:00;;;;;;;;;972.3;;;;1020.7;1.4;4;5;14.4;3.9;14;;;;;;;;;;;;;;225;;
SCM;04.07.2020 00:00;;;;;;;;;973.4;;;;1021.8;1.5;7.1;5.4;25.6;7;25.2;;;;;;;;;;;;;;219;;
SCM;05.07.2020 00:00;;;;;;;;;971.6;;;;1019.9;1.8;7.6;6.5;27.4;7.2;25.9;;;;;;;;;;;;;;234;;
SCM;06.07.2020 00:00;;;;;;;;;970.9;;;;1019.3;1.7;10;6.1;36;9.9;35.6;;;;;;;;;;;;;;284;;
SCM;07.07.2020 00:00;;;;;;;;;972.2;;;;1020.6;2.4;8.3;8.6;29.9;8.1;29.2;;;;;;;;;;;;;;240;;
SCM;08.07.2020 00:00;;;;;;;;;971.1;;;;1019.5;2.1;7.9;7.6;28.4;7.8;28.1;;;;;;;;;;;;;;246;;
SCM;09.07.2020 00:00;;;;;;;;;969.7;;;;1018;1.4;7.2;5;25.9;7;25.2;;;;;;;;;;;;;;135;;
SCM;10.07.2020 00:00;;;;;;;;;967.9;;;;1016.2;2.4;15.2;8.6;54.7;13.6;49;;;;;;;;;;;;;;79;;
SCM;11.07.2020 00:00;;;;;;;;;974.1;;;;1022.6;1.4;5.6;5;20.2;5.3;19.1;;;;;;;;;;;;;;104;;
SCM;12.07.2020 00:00;;;;;;;;;975.2;;;;1023.7;2;7.3;7.2;26.3;7.2;25.9;;;;;;;;;;;;;;56;;
SCM;13.07.2020 00:00;;;;;;;;;972.4;;;;1020.8;2.1;6.3;7.6;22.7;6.2;22.3;;;;;;;;;;;;;;236;;
SCM;14.07.2020 00:00;;;;;;;;;968;;;;1016.2;2;8;7.2;28.8;7.7;27.7;;;;;;;;;;;;;;229;;
SCM;15.07.2020 00:00;;;;;;;;;968.2;;;;1016.5;1.9;13.7;6.8;49.3;13.4;48.2;;;;;;;;;;;;;;104;;
SCM;16.07.2020 00:00;;;;;;;;;971.9;;;;1020.3;1.2;5.2;4.3;18.7;4.9;17.6;;;;;;;;;;;;;;97;;
SCM;17.07.2020 00:00;;;;;;;;;972.2;;;;1020.6;1.6;6.6;5.8;23.8;6.5;23.4;;;;;;;;;;;;;;255;;
SCM;18.07.2020 00:00;;;;;;;;;971.4;;;;1019.7;1.8;7.7;6.5;27.7;7.3;26.3;;;;;;;;;;;;;;0;;
SCM;19.07.2020 00:00;;;;;;;;;969.5;;;;1017.8;1.7;5.9;6.1;21.2;5.7;20.5;;;;;;;;;;;;;;243;;
SCM;20.07.2020 00:00;;;;;;;;;970.2;;;;1018.5;1.3;6.3;4.7;22.7;6.2;22.3;;;;;;;;;;;;;;207;;
SCM;21.07.2020 00:00;;;;;;;;;972.6;;;;1021.1;1.9;8.9;6.8;32;8.7;31.3;;;;;;;;;;;;;;94;;
SCM;22.07.2020 00:00;;;;;;;;;972;;;;1020.4;1.7;7.1;6.1;25.6;7;25.2;;;;;;;;;;;;;;106;;
SCM;23.07.2020 00:00;;;;;;;;;968.5;;;;1016.8;2.2;7.3;7.9;26.3;6.9;24.8;;;;;;;;;;;;;;180;;
SCM;24.07.2020 00:00;;;;;;;;;967.7;;;;1015.9;1.6;6.1;5.8;22;5.9;21.2;;;;;;;;;;;;;;90;;
SCM;25.07.2020 00:00;;;;;;;;;967.5;;;;1015.7;1.6;6.9;5.8;24.8;6.6;23.8;;;;;;;;;;;;;;162;;
SCM;26.07.2020 00:00;;;;;;;;;968.2;;;;1016.5;1.7;7.2;6.1;25.9;7.1;25.6;;;;;;;;;;;;;;207;;
SCM;27.07.2020 00:00;;;;;;;;;968.8;;;;1017.1;1.9;7.2;6.8;25.9;7.1;25.6;;;;;;;;;;;;;;108;;
SCM;28.07.2020 00:00;;;;;;;;;968;;;;1016.3;2.3;11.2;8.3;40.3;10.9;39.2;;;;;;;;;;;;;;233;;
SCM;29.07.2020 00:00;;;;;;;;;971.5;;;;1019.8;1.2;4.2;4.3;15.1;4;14.4;;;;;;;;;;;;;;233;;
SCM;30.07.2020 00:00;;;;;;;;;971.4;;;;1019.8;1.9;12;6.8;43.2;11.4;41;;;;;;;;;;;;;;135;;
SCM;31.07.2020 00:00;;;;;;;;;969.7;;;;1018;2;11;7.2;39.6;10.6;38.2;;;;;;;;;;;;;;95;;
SCM;01.08.2020 00:00;;;;;;;;;968.7;;;;1017;2.9;14;10.4;50.4;13.5;48.6;;;;;;;;;;;;;;102;;
SCM;02.08.2020 00:00;;;;;;;;;968.1;;;;1016.3;1.8;16.5;6.5;59.4;16.2;58.3;;;;;;;;;;;;;;207;;
SCM;03.08.2020 00:00;;;;;;;;;965.3;;;;1013.4;2.1;12.7;7.6;45.7;11.8;42.5;;;;;;;;;;;;;;288;;
SCM;04.08.2020 00:00;;;;;;;;;969.1;;;;1017.4;1.6;10.7;5.8;38.5;10.7;38.5;;;;;;;;;;;;;;276;;
SCM;05.08.2020 00:00;;;;;;;;;970.5;;;;1018.9;1.7;6.8;6.1;24.5;6.7;24.1;;;;;;;;;;;;;;180;;
SCM;06.08.2020 00:00;;;;;;;;;971.9;;;;1020.3;1.5;4.4;5.4;15.8;4.4;15.8;;;;;;;;;;;;;;261;;
SCM;07.08.2020 00:00;;;;;;;;;972.4;;;;1020.8;1.3;4;4.7;14.4;3.9;14;;;;;;;;;;;;;;252;;
SCM;08.08.2020 00:00;;;;;;;;;973;;;;1021.4;1.7;6.1;6.1;22;5.9;21.2;;;;;;;;;;;;;;243;;
SCM;09.08.2020 00:00;;;;;;;;;970.5;;;;1018.8;1.4;6.1;5;22;5.7;20.5;;;;;;;;;;;;;;252;;
SCM;10.08.2020 00:00;;;;;;;;;968.2;;;;1016.4;2;10.8;7.2;38.9;10.3;37.1;;;;;;;;;;;;;;84;;
SCM;11.08.2020 00:00;;;;;;;;;969.4;;;;1017.7;2;8;7.2;28.8;7.5;27;;;;;;;;;;;;;;84;;
SCM;12.08.2020 00:00;;;;;;;;;968.7;;;;1016.9;2.6;12.5;9.4;45;11.8;42.5;;;;;;;;;;;;;;86;;
SCM;13.08.2020 00:00;;;;;;;;;969;;;;1017.3;3;17.1;10.8;61.6;16.9;60.8;;;;;;;;;;;;;;94;;
SCM;14.08.2020 00:00;;;;;;;;;969.3;;;;1017.5;1.5;4.7;5.4;16.9;4.6;16.6;;;;;;;;;;;;;;96;;
SCM;15.08.2020 00:00;;;;;;;;;967.5;;;;1015.8;1.9;6.4;6.8;23;6.3;22.7;;;;;;;;;;;;;;239;;
SCM;16.08.2020 00:00;;;;;;;;;964.5;;;;1012.6;1.9;13.9;6.8;50;13.4;48.2;;;;;;;;;;;;;;243;;
SCM;17.08.2020 00:00;;;;;;;;;966.3;;;;1014.5;2.1;8.4;7.6;30.2;8.1;29.2;;;;;;;;;;;;;;97;;
SCM;18.08.2020 00:00;;;;;;;;;967;;;;1015.2;2.4;10.5;8.6;37.8;10.2;36.7;;;;;;;;;;;;;;105;;
SCM;19.08.2020 00:00;;;;;;;;;964.9;;;;1013;2.1;9.8;7.6;35.3;9.1;32.8;;;;;;;;;;;;;;90;;
SCM;20.08.2020 00:00;;;;;;;;;964.6;;;;1012.7;3;11.8;10.8;42.5;11.3;40.7;;;;;;;;;;;;;;90;;
SCM;21.08.2020 00:00;;;;;;;;;966.9;;;;1015;2.8;11.3;10.1;40.7;10.6;38.2;;;;;;;;;;;;;;90;;
SCM;22.08.2020 00:00;;;;;;;;;972.5;;;;1020.9;1.5;7.7;5.4;27.7;7.4;26.6;;;;;;;;;;;;;;254;;
SCM;23.08.2020 00:00;;;;;;;;;972.5;;;;1020.9;1.8;7.1;6.5;25.6;7;25.2;;;;;;;;;;;;;;253;;
SCM;24.08.2020 00:00;;;;;;;;;970.9;;;;1019.2;1.7;6.5;6.1;23.4;6.4;23;;;;;;;;;;;;;;198;;
SCM;25.08.2020 00:00;;;;;;;;;967.6;;;;1015.9;1.6;6.9;5.8;24.8;6.6;23.8;;;;;;;;;;;;;;99;;
SCM;26.08.2020 00:00;;;;;;;;;969.5;;;;1017.8;4.1;16;14.8;57.6;15.3;55.1;;;;;;;;;;;;;;268;;
SCM;27.08.2020 00:00;;;;;;;;;969;;;;1017.3;1.7;7.3;6.1;26.3;7.2;25.9;;;;;;;;;;;;;;198;;
SCM;28.08.2020 00:00;;;;;;;;;960.8;;;;1008.8;2;8.3;7.2;29.9;8;28.8;;;;;;;;;;;;;;68;;
SCM;29.08.2020 00:00;;;;;;;;;960.5;;;;1008.4;2.3;9;8.3;32.4;8.5;30.6;;;;;;;;;;;;;;90;;
SCM;30.08.2020 00:00;;;;;;;;;963.9;;;;1011.9;1.6;8.9;5.8;32;8.3;29.9;;;;;;;;;;;;;;342;;
SCM;31.08.2020 00:00;;;;;;;;;969.9;;;;1018.2;1.6;9.3;5.8;33.5;9.2;33.1;;;;;;;;;;;;;;270;;
SCM;01.09.2020 00:00;;;;;;;;;969;;;;1017.2;1.4;6.3;5;22.7;6;21.6;;;;;;;;;;;;;;81;;
SCM;02.09.2020 00:00;;;;;;;;;970.4;;;;1018.7;1.8;9.1;6.5;32.8;8.2;29.5;;;;;;;;;;;;;;153;;
SCM;03.09.2020 00:00;;;;;;;;;975.5;;;;1024.1;1.5;6.2;5.4;22.3;6;21.6;;;;;;;;;;;;;;108;;
SCM;04.09.2020 00:00;;;;;;;;;976.6;;;;1025.2;1.5;10;5.4;36;9.7;34.9;;;;;;;;;;;;;;90;;
SCM;05.09.2020 00:00;;;;;;;;;971.5;;;;1019.9;1.5;7;5.4;25.2;6.6;23.8;;;;;;;;;;;;;;270;;
SCM;06.09.2020 00:00;;;;;;;;;971.4;;;;1019.7;2.4;7.7;8.6;27.7;7.6;27.4;;;;;;;;;;;;;;267;;
SCM;07.09.2020 00:00;;;;;;;;;974.6;;;;1023.1;1.8;9.2;6.5;33.1;8.8;31.7;;;;;;;;;;;;;;85;;
SCM;08.09.2020 00:00;;;;;;;;;978.9;;;;1027.6;1.2;3.7;4.3;13.3;3.6;13;;;;;;;;;;;;;;225;;
SCM;09.09.2020 00:00;;;;;;;;;975.7;;;;1024.3;1.1;4;4;14.4;3.7;13.3;;;;;;;;;;;;;;180;;
SCM;10.09.2020 00:00;;;;;;;;;971.5;;;;1019.9;1.3;6.3;4.7;22.7;6;21.6;;;;;;;;;;;;;;243;;
SCM;11.09.2020 00:00;;;;;;;;;969.5;;;;1017.8;1.1;3.8;4;13.7;3.7;13.3;;;;;;;;;;;;;;239;;
SCM;12.09.2020 00:00;;;;;;;;;973.2;;;;1021.6;1.2;3.7;4.3;13.3;3.7;13.3;;;;;;;;;;;;;;252;;
SCM;13.09.2020 00:00;;;;;;;;;977.8;;;;1026.5;1.3;5;4.7;18;4.8;17.3;;;;;;;;;;;;;;225;;
SCM;14.09.2020 00:00;;;;;;;;;977.2;;;;1025.8;1.2;6.5;4.3;23.4;6.4;23;;;;;;;;;;;;;;90;;
SCM;15.09.2020 00:00;;;;;;;;;974.3;;;;1022.8;1.1;7.2;4;25.9;6.9;24.8;;;;;;;;;;;;;;90;;
SCM;16.09.2020 00:00;;;;;;;;;972.5;;;;1020.9;1.1;5.8;4;20.9;5.6;20.2;;;;;;;;;;;;;;63;;
SCM;17.09.2020 00:00;;;;;;;;;972.5;;;;1020.9;1.9;9.3;6.8;33.5;8.5;30.6;;;;;;;;;;;;;;73;;
SCM;18.09.2020 00:00;;;;;;;;;972.9;;;;1021.4;1.8;5.2;6.5;18.7;5;18;;;;;;;;;;;;;;256;;
SCM;19.09.2020 00:00;;;;;;;;;970.3;;;;1018.6;1.1;5.3;4;19.1;5;18;;;;;;;;;;;;;;180;;
SCM;20.09.2020 00:00;;;;;;;;;967.3;;;;1015.5;1.6;9.6;5.8;34.6;9;32.4;;;;;;;;;;;;;;166;;
SCM;21.09.2020 00:00;;;;;;;;;968.2;;;;1016.4;1.4;4;5;14.4;4;14.4;;;;;;;;;;;;;;90;;
SCM;22.09.2020 00:00;;;;;;;;;965.3;;;;1013.4;1.4;8.5;5;30.6;8.4;30.2;;;;;;;;;;;;;;180;;
SCM;23.09.2020 00:00;;;;;;;;;963.1;;;;1011.2;1.9;8.2;6.8;29.5;7.6;27.4;;;;;;;;;;;;;;101;;
SCM;24.09.2020 00:00;;;;;;;;;960.7;;;;1008.6;1.7;8.1;6.1;29.2;7.9;28.4;;;;;;;;;;;;;;117;;
SCM;25.09.2020 00:00;;;;;;;;;956.8;;;;1004.6;2.9;13.6;10.4;49;13.4;48.2;;;;;;;;;;;;;;278;;
SCM;26.09.2020 00:00;;;;;;;;;958.2;;;;1006.1;6.3;21.8;22.7;78.5;20.7;74.5;;;;;;;;;;;;;;260;;
SCM;27.09.2020 00:00;;;;;;;;;958.4;;;;1006.3;2;7.3;7.2;26.3;6.8;24.5;;;;;;;;;;;;;;284;;
SCM;28.09.2020 00:00;;;;;;;;;964.9;;;;1013;1.9;6.4;6.8;23;6.3;22.7;;;;;;;;;;;;;;252;;
SCM;29.09.2020 00:00;;;;;;;;;971.8;;;;1020.2;1.5;7.3;5.4;26.3;7;25.2;;;;;;;;;;;;;;83;;
SCM;30.09.2020 00:00;;;;;;;;;967.7;;;;1016;1.4;5.8;5;20.9;5.7;20.5;;;;;;;;;;;;;;198;;
SCM;01.10.2020 00:00;;;;;;;;;959.9;;;;1007.8;1.5;5.5;5.4;19.8;5.4;19.4;;;;;;;;;;;;;;135;;
SCM;02.10.2020 00:00;;;;;;;;;944.2;;;;991.5;2.6;15.8;9.4;56.9;15;54;;;;;;;;;;;;;;169;;
SCM;03.10.2020 00:00;;;;;;;;;947.5;;;;994.9;2.8;13.7;10.1;49.3;13.1;47.2;;;;;;;;;;;;;;278;;
SCM;04.10.2020 00:00;;;;;;;;;954;;;;1001.6;2.2;11.1;7.9;40;10;36;;;;;;;;;;;;;;153;;
SCM;05.10.2020 00:00;;;;;;;;;961.6;;;;1009.6;1.5;6.6;5.4;23.8;6.4;23;;;;;;;;;;;;;;96;;
SCM;06.10.2020 00:00;;;;;;;;;963.5;;;;1011.5;1.9;16;6.8;57.6;15.3;55.1;;;;;;;;;;;;;;90;;
SCM;07.10.2020 00:00;;;;;;;;;970.9;;;;1019.2;2.1;10.2;7.6;36.7;10.1;36.4;;;;;;;;;;;;;;297;;
SCM;08.10.2020 00:00;;;;;;;;;975.8;;;;1024.4;2.3;9.6;8.3;34.6;9.1;32.8;;;;;;;;;;;;;;87;;
SCM;09.10.2020 00:00;;;;;;;;;974.2;;;;1022.6;1;5.3;3.6;19.1;4.8;17.3;;;;;;;;;;;;;;76;;
SCM;10.10.2020 00:00;;;;;;;;;974.4;;;;1022.8;1.5;8;5.4;28.8;7.4;26.6;;;;;;;;;;;;;;45;;
SCM;11.10.2020 00:00;;;;;;;;;972.7;;;;1021.2;1.3;7.6;4.7;27.4;7.5;27;;;;;;;;;;;;;;135;;
SCM;12.10.2020 00:00;;;;;;;;;972.3;;;;1020.7;1.2;4.9;4.3;17.6;4.7;16.9;;;;;;;;;;;;;;90;;
SCM;13.10.2020 00:00;;;;;;;;;964.7;;;;1012.8;1.6;6.8;5.8;24.5;5.8;20.9;;;;;;;;;;;;;;90;;
SCM;14.10.2020 00:00;;;;;;;;;963.7;;;;1011.8;2.1;7.6;7.6;27.4;7.4;26.6;;;;;;;;;;;;;;84;;
SCM;15.10.2020 00:00;;;;;;;;;965.3;;;;1013.4;1.4;6.9;5;24.8;6.8;24.5;;;;;;;;;;;;;;50;;
SCM;16.10.2020 00:00;;;;;;;;;969.2;;;;1017.5;1.1;3.8;4;13.7;3.5;12.6;;;;;;;;;;;;;;96;;
SCM;17.10.2020 00:00;;;;;;;;;970.6;;;;1018.9;1.1;5.3;4;19.1;5.1;18.4;;;;;;;;;;;;;;153;;
SCM;18.10.2020 00:00;;;;;;;;;974.4;;;;1022.9;1.5;5.4;5.4;19.4;5.4;19.4;;;;;;;;;;;;;;214;;
SCM;19.10.2020 00:00;;;;;;;;;973.8;;;;1022.3;1.3;5.6;4.7;20.2;5.4;19.4;;;;;;;;;;;;;;90;;
SCM;20.10.2020 00:00;;;;;;;;;968.9;;;;1017.2;2.6;19.8;9.4;71.3;18.9;68;;;;;;;;;;;;;;110;;
SCM;21.10.2020 00:00;;;;;;;;;965.3;;;;1013.5;4.8;22.7;17.3;81.7;21.7;78.1;;;;;;;;;;;;;;197;;
SCM;22.10.2020 00:00;;;;;;;;;970.3;;;;1018.7;2.3;11.3;8.3;40.7;11.1;40;;;;;;;;;;;;;;180;;
SCM;23.10.2020 00:00;;;;;;;;;969;;;;1017.3;1.1;4.2;4;15.1;4.1;14.8;;;;;;;;;;;;;;0;;
SCM;24.10.2020 00:00;;;;;;;;;970.9;;;;1019.2;1.3;8.7;4.7;31.3;8.5;30.6;;;;;;;;;;;;;;90;;
SCM;25.10.2020 00:00;;;;;;;;;962.6;;;;1010.6;1.4;7.9;5;28.4;7.4;26.6;;;;;;;;;;;;;;0;;
SCM;26.10.2020 00:00;;;;;;;;;961.4;;;;1009.4;2.2;12.1;7.9;43.6;12;43.2;;;;;;;;;;;;;;304;;
SCM;27.10.2020 00:00;;;;;;;;;965.5;;;;1013.7;2;9.3;7.2;33.5;8.9;32;;;;;;;;;;;;;;86;;
SCM;28.10.2020 00:00;;;;;;;;;969.2;;;;1017.5;2.1;10.8;7.6;38.9;10.2;36.7;;;;;;;;;;;;;;86;;
SCM;29.10.2020 00:00;;;;;;;;;974.8;;;;1023.3;1.4;5.1;5;18.4;4.9;17.6;;;;;;;;;;;;;;76;;
SCM;30.10.2020 00:00;;;;;;;;;978.3;;;;1026.9;1.2;4.8;4.3;17.3;4.7;16.9;;;;;;;;;;;;;;90;;
SCM;31.10.2020 00:00;;;;;;;;;976.1;;;;1024.7;1.4;6.7;5;24.1;6.6;23.8;;;;;;;;;;;;;;180;;
SCM;01.11.2020 00:00;;;;;;;;;973.9;;;;1022.3;1.4;7.7;5;27.7;7.1;25.6;;;;;;;;;;;;;;63;;
SCM;02.11.2020 00:00;;;;;;;;;972.4;;;;1020.8;1.4;8.5;5;30.6;8.3;29.9;;;;;;;;;;;;;;83;;
SCM;03.11.2020 00:00;;;;;;;;;976.6;;;;1025.2;2.5;10.2;9;36.7;9.9;35.6;;;;;;;;;;;;;;257;;
SCM;04.11.2020 00:00;;;;;;;;;980.6;;;;1029.3;1.8;9.1;6.5;32.8;9;32.4;;;;;;;;;;;;;;37;;
SCM;05.11.2020 00:00;;;;;;;;;984.9;;;;1033.8;1.1;3.5;4;12.6;3.4;12.2;;;;;;;;;;;;;;225;;
SCM;06.11.2020 00:00;;;;;;;;;982.4;;;;1031.2;1.5;5;5.4;18;4.8;17.3;;;;;;;;;;;;;;214;;
SCM;07.11.2020 00:00;;;;;;;;;978.6;;;;1027.3;1.2;4.6;4.3;16.6;4.5;16.2;;;;;;;;;;;;;;270;;
SCM;08.11.2020 00:00;;;;;;;;;977.1;;;;1025.7;1.3;4.3;4.7;15.5;4.1;14.8;;;;;;;;;;;;;;0;;
SCM;09.11.2020 00:00;;;;;;;;;976.7;;;;1025.3;1;4;3.6;14.4;3.7;13.3;;;;;;;;;;;;;;270;;
SCM;10.11.2020 00:00;;;;;;;;;978.6;;;;1027.3;1;4.2;3.6;15.1;4.1;14.8;;;;;;;;;;;;;;135;;
SCM;11.11.2020 00:00;;;;;;;;;977.4;;;;1026;1.2;4.2;4.3;15.1;4.1;14.8;;;;;;;;;;;;;;135;;
SCM;12.11.2020 00:00;;;;;;;;;975.2;;;;1023.7;1.5;7;5.4;25.2;6.8;24.5;;;;;;;;;;;;;;80;;
SCM;13.11.2020 00:00;;;;;;;;;974.6;;;;1023.1;1.5;8.6;5.4;31;8.4;30.2;;;;;;;;;;;;;;77;;
SCM;14.11.2020 00:00;;;;;;;;;973.4;;;;1021.9;1.3;6.2;4.7;22.3;5.9;21.2;;;;;;;;;;;;;;72;;
SCM;15.11.2020 00:00;;;;;;;;;968.6;;;;1016.9;1.8;7.1;6.5;25.6;6.9;24.8;;;;;;;;;;;;;;66;;
SCM;16.11.2020 00:00;;;;;;;;;974;;;;1022.5;2;11;7.2;39.6;10.7;38.5;;;;;;;;;;;;;;276;;
SCM;17.11.2020 00:00;;;;;;;;;980.7;;;;1029.5;1.2;4.7;4.3;16.9;4.4;15.8;;;;;;;;;;;;;;90;;
SCM;18.11.2020 00:00;;;;;;;;;979.1;;;;1027.8;1.3;5.8;4.7;20.9;5.5;19.8;;;;;;;;;;;;;;72;;
SCM;19.11.2020 00:00;;;;;;;;;979.3;;;;1028;1.6;9.9;5.8;35.6;9.8;35.3;;;;;;;;;;;;;;45;;
SCM;20.11.2020 00:00;;;;;;;;;984.4;;;;1033.3;1.4;7.7;5;27.7;7.5;27;;;;;;;;;;;;;;82;;
SCM;21.11.2020 00:00;;;;;;;;;984.3;;;;1033.2;1.5;5.3;5.4;19.1;5.2;18.7;;;;;;;;;;;;;;90;;
SCM;22.11.2020 00:00;;;;;;;;;980.7;;;;1029.5;1.2;4.7;4.3;16.9;4.4;15.8;;;;;;;;;;;;;;90;;
SCM;23.11.2020 00:00;;;;;;;;;980.6;;;;1029.4;1.3;4.6;4.7;16.6;4.4;15.8;;;;;;;;;;;;;;76;;
SCM;24.11.2020 00:00;;;;;;;;;976.8;;;;1025.4;1.4;5.3;5;19.1;5.2;18.7;;;;;;;;;;;;;;90;;
SCM;25.11.2020 00:00;;;;;;;;;974;;;;1022.5;1.3;5;4.7;18;4.5;16.2;;;;;;;;;;;;;;79;;
SCM;26.11.2020 00:00;;;;;;;;;975.5;;;;1024;1.3;4.5;4.7;16.2;4.2;15.1;;;;;;;;;;;;;;45;;
SCM;27.11.2020 00:00;;;;;;;;;972.8;;;;1021.2;1.3;4.6;4.7;16.6;4.3;15.5;;;;;;;;;;;;;;63;;
SCM;28.11.2020 00:00;;;;;;;;;970.1;;;;1018.4;1.4;4.5;5;16.2;4.1;14.8;;;;;;;;;;;;;;74;;
SCM;29.11.2020 00:00;;;;;;;;;973;;;;1021.4;2.1;6.2;7.6;22.3;6;21.6;;;;;;;;;;;;;;61;;
SCM;30.11.2020 00:00;;;;;;;;;976.4;;;;1025;1.7;5.8;6.1;20.9;5.6;20.2;;;;;;;;;;;;;;61;;
SCM;01.12.2020 00:00;;;;;;;;;969.5;;;;1017.8;1.2;5.3;4.3;19.1;5;18;;;;;;;;;;;;;;69;;
SCM;02.12.2020 00:00;;;;;;;;;965.7;;;;1013.9;1;3.3;3.6;11.9;3.1;11.2;;;;;;;;;;;;;;63;;
SCM;03.12.2020 00:00;;;;;;;;;957.2;;;;1005;1.7;8.1;6.1;29.2;7.8;28.1;;;;;;;;;;;;;;90;;
SCM;04.12.2020 00:00;;;;;;;;;943.2;;;;990.4;2.4;8.4;8.6;30.2;8.2;29.5;;;;;;;;;;;;;;263;;
SCM;05.12.2020 00:00;;;;;;;;;951;;;;998.6;1.4;6;5;21.6;5.6;20.2;;;;;;;;;;;;;;63;;
SCM;06.12.2020 00:00;;;;;;;;;951.8;;;;999.4;1;3.5;3.6;12.6;3.1;11.2;;;;;;;;;;;;;;76;;
SCM;07.12.2020 00:00;;;;;;;;;953.4;;;;1001.1;1.3;4.5;4.7;16.2;4.2;15.1;;;;;;;;;;;;;;76;;
SCM;08.12.2020 00:00;;;;;;;;;954.3;;;;1002;1.3;4.9;4.7;17.6;4.7;16.9;;;;;;;;;;;;;;315;;
SCM;09.12.2020 00:00;;;;;;;;;961.4;;;;1009.4;1.2;4.6;4.3;16.6;4.4;15.8;;;;;;;;;;;;;;53;;
SCM;10.12.2020 00:00;;;;;;;;;958.8;;;;1006.7;1.3;4.3;4.7;15.5;4;14.4;;;;;;;;;;;;;;85;;
SCM;11.12.2020 00:00;;;;;;;;;953.1;;;;1000.7;1.8;10.5;6.5;37.8;10.2;36.7;;;;;;;;;;;;;;63;;
SCM;12.12.2020 00:00;;;;;;;;;954.4;;;;1002.1;1.4;6.3;5;22.7;6.2;22.3;;;;;;;;;;;;;;72;;
SCM;13.12.2020 00:00;;;;;;;;;965.6;;;;1013.8;1.3;8.4;4.7;30.2;8.3;29.9;;;;;;;;;;;;;;80;;
SCM;14.12.2020 00:00;;;;;;;;;966.7;;;;1014.9;1.4;8.3;5;29.9;7.8;28.1;;;;;;;;;;;;;;90;;
SCM;15.12.2020 00:00;;;;;;;;;967.4;;;;1015.7;1.8;7.9;6.5;28.4;7.8;28.1;;;;;;;;;;;;;;90;;
SCM;16.12.2020 00:00;;;;;;;;;971;;;;1019.4;1.6;5.6;5.8;20.2;5.4;19.4;;;;;;;;;;;;;;256;;
SCM;17.12.2020 00:00;;;;;;;;;976.5;;;;1025.1;1.2;4.5;4.3;16.2;4.3;15.5;;;;;;;;;;;;;;76;;
SCM;18.12.2020 00:00;;;;;;;;;976.6;;;;1025.2;1.3;5.3;4.7;19.1;5.1;18.4;;;;;;;;;;;;;;261;;
SCM;19.12.2020 00:00;;;;;;;;;973.6;;;;1022;1.5;5.8;5.4;20.9;5.5;19.8;;;;;;;;;;;;;;360;;
SCM;20.12.2020 00:00;;;;;;;;;974.7;;;;1023.2;1.5;5.1;5.4;18.4;4.7;16.9;;;;;;;;;;;;;;76;;
SCM;21.12.2020 00:00;;;;;;;;;975.5;;;;1024;1.7;6.8;6.1;24.5;6.6;23.8;;;;;;;;;;;;;;76;;
SCM;22.12.2020 00:00;;;;;;;;;975.1;;;;1023.6;2;10.5;7.2;37.8;9.3;33.5;;;;;;;;;;;;;;72;;
SCM;23.12.2020 00:00;;;;;;;;;970;;;;1018.3;1.4;8.7;5;31.3;8.4;30.2;;;;;;;;;;;;;;59;;
SCM;24.12.2020 00:00;;;;;;;;;966;;;;1014.2;1.9;12.7;6.8;45.7;12;43.2;;;;;;;;;;;;;;276;;
SCM;25.12.2020 00:00;;;;;;;;;971.3;;;;1019.6;2.5;11.9;9;42.8;11.6;41.8;;;;;;;;;;;;;;283;;
SCM;26.12.2020 00:00;;;;;;;;;976.1;;;;1024.7;1.3;6.1;4.7;22;5.9;21.2;;;;;;;;;;;;;;79;;
SCM;27.12.2020 00:00;;;;;;;;;953.7;;;;1001.3;1.9;7.7;6.8;27.7;7.4;26.6;;;;;;;;;;;;;;34;;
SCM;28.12.2020 00:00;;;;;;;;;936.4;;;;983.3;2.4;12.8;8.6;46.1;12.7;45.7;;;;;;;;;;;;;;56;;
SCM;29.12.2020 00:00;;;;;;;;;947.1;;;;994.5;1.4;4.8;5;17.3;4.7;16.9;;;;;;;;;;;;;;73;;
SCM;30.12.2020 00:00;;;;;;;;;958.1;;;;1005.9;1.7;7.1;6.1;25.6;6.5;23.4;;;;;;;;;;;;;;76;;
SCM;31.12.2020 00:00;;;;;;;;;958.8;;;;1006.6;2.1;9.6;7.6;34.6;9.3;33.5;;;;;;;;;;;;;;85;;
SCM;01.01.2021 00:00;;;;;;;;;959.4;;;;1007.3;1.4;5.4;5;19.4;5;18;;;;;;;;;;;;;;297;;
SCM;02.01.2021 00:00;;;;;;;;;960.6;;;;1008.5;1.6;9.8;5.8;35.3;8.9;32;;;;;;;;;;;;;;55;;
SCM;03.01.2021 00:00;;;;;;;;;961.8;;;;1009.8;1.1;4.1;4;14.8;3.8;13.7;;;;;;;;;;;;;;360;;
SCM;04.01.2021 00:00;;;;;;;;;962;;;;1010;2.4;9.4;8.6;33.8;8.9;32;;;;;;;;;;;;;;55;;
SCM;05.01.2021 00:00;;;;;;;;;962.6;;;;1010.6;1.2;4.7;4.3;16.9;4.5;16.2;;;;;;;;;;;;;;40;;
SCM;06.01.2021 00:00;;;;;;;;;964.9;;;;1013;1.2;3;4.3;10.8;2.9;10.4;;;;;;;;;;;;;;74;;
SCM;07.01.2021 00:00;;;;;;;;;966.8;;;;1015;2.2;9.2;7.9;33.1;9;32.4;;;;;;;;;;;;;;90;;
SCM;08.01.2021 00:00;;;;;;;;;968.4;;;;1016.7;1.5;6.6;5.4;23.8;6.4;23;;;;;;;;;;;;;;90;;
SCM;09.01.2021 00:00;;;;;;;;;970.4;;;;1018.8;2.1;8.6;7.6;31;8.3;29.9;;;;;;;;;;;;;;79;;
SCM;10.01.2021 00:00;;;;;;;;;972;;;;1020.4;2;7.8;7.2;28.1;7.3;26.3;;;;;;;;;;;;;;78;;
SCM;11.01.2021 00:00;;;;;;;;;973.8;;;;1022.3;1.7;4.8;6.1;17.3;4.7;16.9;;;;;;;;;;;;;;86;;
SCM;12.01.2021 00:00;;;;;;;;;970.3;;;;1018.7;1.6;6.2;5.8;22.3;6.1;22;;;;;;;;;;;;;;74;;
SCM;13.01.2021 00:00;;;;;;;;;971.2;;;;1019.6;1.3;4.6;4.7;16.6;4.5;16.2;;;;;;;;;;;;;;75;;
SCM;14.01.2021 00:00;;;;;;;;;968.5;;;;1016.8;2.8;14.1;10.1;50.8;13.9;50;;;;;;;;;;;;;;299;;
SCM;15.01.2021 00:00;;;;;;;;;972.1;;;;1020.5;1.5;5.8;5.4;20.9;5.5;19.8;;;;;;;;;;;;;;270;;
SCM;16.01.2021 00:00;;;;;;;;;977.1;;;;1025.7;1.3;4.6;4.7;16.6;4.3;15.5;;;;;;;;;;;;;;80;;
SCM;17.01.2021 00:00;;;;;;;;;972.2;;;;1020.7;1.3;6.2;4.7;22.3;6.1;22;;;;;;;;;;;;;;73;;
SCM;18.01.2021 00:00;;;;;;;;;978.6;;;;1027.3;1.2;8.6;4.3;31;8.2;29.5;;;;;;;;;;;;;;79;;
SCM;19.01.2021 00:00;;;;;;;;;972.5;;;;1020.9;1.9;10.9;6.8;39.2;10.7;38.5;;;;;;;;;;;;;;79;;
SCM;20.01.2021 00:00;;;;;;;;;962.2;;;;1010.2;4.3;20.1;15.5;72.4;19.7;70.9;;;;;;;;;;;;;;116;;
SCM;21.01.2021 00:00;;;;;;;;;955.8;;;;1003.5;3.4;18.5;12.2;66.6;17.5;63;;;;;;;;;;;;;;143;;
SCM;22.01.2021 00:00;;;;;;;;;948.8;;;;996.2;2.8;17.8;10.1;64.1;17.2;61.9;;;;;;;;;;;;;;76;;
SCM;23.01.2021 00:00;;;;;;;;;951.4;;;;998.9;2.7;13.7;9.7;49.3;13.5;48.6;;;;;;;;;;;;;;342;;
SCM;24.01.2021 00:00;;;;;;;;;954.4;;;;1002.1;2.9;12.2;10.4;43.9;12;43.2;;;;;;;;;;;;;;284;;
SCM;25.01.2021 00:00;;;;;;;;;958.7;;;;1006.5;2.4;10.5;8.6;37.8;10;36;;;;;;;;;;;;;;14;;
SCM;26.01.2021 00:00;;;;;;;;;973.1;;;;1021.6;2.1;8.9;7.6;32;8.5;30.6;;;;;;;;;;;;;;330;;
SCM;27.01.2021 00:00;;;;;;;;;970.3;;;;1018.6;2.6;13.6;9.4;49;13.5;48.6;;;;;;;;;;;;;;83;;
SCM;28.01.2021 00:00;;;;;;;;;963.6;;;;1011.7;2.6;11.2;9.4;40.3;11;39.6;;;;;;;;;;;;;;71;;
SCM;29.01.2021 00:00;;;;;;;;;958.8;;;;1006.6;3.1;13.2;11.2;47.5;12.9;46.4;;;;;;;;;;;;;;297;;
SCM;30.01.2021 00:00;;;;;;;;;954.5;;;;1002.2;2.2;11.2;7.9;40.3;10.6;38.2;;;;;;;;;;;;;;75;;
SCM;31.01.2021 00:00;;;;;;;;;951.6;;;;999.2;1.6;8.6;5.8;31;8.1;29.2;;;;;;;;;;;;;;78;;
SCM;01.02.2021 00:00;;;;;;;;;950.6;;;;998.1;1.7;9.2;6.1;33.1;8.9;32;;;;;;;;;;;;;;69;;
SCM;02.02.2021 00:00;;;;;;;;;960.6;;;;1008.5;1.9;9.1;6.8;32.8;8.7;31.3;;;;;;;;;;;;;;75;;
SCM;03.02.2021 00:00;;;;;;;;;960.6;;;;1008.5;2.1;9.8;7.6;35.3;9.4;33.8;;;;;;;;;;;;;;77;;
SCM;04.02.2021 00:00;;;;;;;;;967.1;;;;1015.3;1.6;7.8;5.8;28.1;7.5;27;;;;;;;;;;;;;;59;;
SCM;05.02.2021 00:00;;;;;;;;;964.8;;;;1012.9;1.4;4.9;5;17.6;4.7;16.9;;;;;;;;;;;;;;56;;
SCM;06.02.2021 00:00;;;;;;;;;957.2;;;;1005;1.6;7.1;5.8;25.6;7.1;25.6;;;;;;;;;;;;;;270;;
SCM;07.02.2021 00:00;;;;;;;;;950.6;;;;998.1;2.3;10.5;8.3;37.8;10.3;37.1;;;;;;;;;;;;;;264;;
SCM;08.02.2021 00:00;;;;;;;;;949.2;;;;996.7;2.6;10.2;9.4;36.7;10;36;;;;;;;;;;;;;;225;;
SCM;09.02.2021 00:00;;;;;;;;;953.2;;;;1000.8;1.4;6.1;5;22;5.9;21.2;;;;;;;;;;;;;;256;;
SCM;10.02.2021 00:00;;;;;;;;;956.4;;;;1004.2;2.8;11.1;10.1;40;10.9;39.2;;;;;;;;;;;;;;264;;
SCM;11.02.2021 00:00;;;;;;;;;974.5;;;;1023;2.3;7.7;8.3;27.7;7.3;26.3;;;;;;;;;;;;;;29;;
SCM;12.02.2021 00:00;;;;;;;;;975.8;;;;1024.3;2.6;9.8;9.4;35.3;9.2;33.1;;;;;;;;;;;;;;54;;
SCM;13.02.2021 00:00;;;;;;;;;981.8;;;;1030.6;2.2;8.8;7.9;31.7;8.3;29.9;;;;;;;;;;;;;;60;;
SCM;14.02.2021 00:00;;;;;;;;;986.8;;;;1035.8;1.6;6.9;5.8;24.8;6.4;23;;;;;;;;;;;;;;153;;
SCM;15.02.2021 00:00;;;;;;;;;983.8;;;;1032.7;1.7;7.3;6.1;26.3;7;25.2;;;;;;;;;;;;;;77;;
SCM;16.02.2021 00:00;;;;;;;;;974.7;;;;1023.2;1.7;11.3;6.1;40.7;10.8;38.9;;;;;;;;;;;;;;63;;
SCM;17.02.2021 00:00;;;;;;;;;974.3;;;;1022.8;1.4;6.5;5;23.4;6.2;22.3;;;;;;;;;;;;;;90;;
SCM;18.02.2021 00:00;;;;;;;;;969.8;;;;1018.1;2.1;11;7.6;39.6;10.7;38.5;;;;;;;;;;;;;;256;;
SCM;19.02.2021 00:00;;;;;;;;;971.6;;;;1020;1.6;8.3;5.8;29.9;8;28.8;;;;;;;;;;;;;;79;;
SCM;20.02.2021 00:00;;;;;;;;;971.2;;;;1019.5;1.7;8.9;6.1;32;8.1;29.2;;;;;;;;;;;;;;262;;
SCM;21.02.2021 00:00;;;;;;;;;970.2;;;;1018.5;2;10.4;7.2;37.4;10.2;36.7;;;;;;;;;;;;;;270;;
SCM;22.02.2021 00:00;;;;;;;;;975.3;;;;1023.8;3.7;15.9;13.3;57.2;15.1;54.4;;;;;;;;;;;;;;132;;
SCM;23.02.2021 00:00;;;;;;;;;986.3;;;;1035.2;1.3;6.8;4.7;24.5;6.4;23;;;;;;;;;;;;;;270;;
SCM;24.02.2021 00:00;;;;;;;;;985.6;;;;1034.6;1.3;5.2;4.7;18.7;5;18;;;;;;;;;;;;;;270;;
SCM;25.02.2021 00:00;;;;;;;;;982.3;;;;1031.1;1.3;5.2;4.7;18.7;5;18;;;;;;;;;;;;;;270;;
SCM;26.02.2021 00:00;;;;;;;;;981.7;;;;1030.5;1.5;7.2;5.4;25.9;6.8;24.5;;;;;;;;;;;;;;270;;
SCM;27.02.2021 00:00;;;;;;;;;983.5;;;;1032.4;3.3;14.2;11.9;51.1;11.8;42.5;;;;;;;;;;;;;;55;;
SCM;28.02.2021 00:00;;;;;;;;;982.6;;;;1031.4;1.9;4.8;6.8;17.3;4.6;16.6;;;;;;;;;;;;;;255;;
SCM;01.03.2021 00:00;;;;;;;;;981.7;;;;1030.5;1;3.2;3.6;11.5;2.9;10.4;;;;;;;;;;;;;;90;;
SCM;02.03.2021 00:00;;;;;;;;;982.9;;;;1031.7;1.1;8.4;4;30.2;7.4;26.6;;;;;;;;;;;;;;225;;
SCM;03.03.2021 00:00;;;;;;;;;981.5;;;;1030.3;1;4.6;3.6;16.6;4.2;15.1;;;;;;;;;;;;;;315;;
SCM;04.03.2021 00:00;;;;;;;;;973.1;;;;1021.6;1.5;8.5;5.4;30.6;8.2;29.5;;;;;;;;;;;;;;270;;
SCM;05.03.2021 00:00;;;;;;;;;973.8;;;;1022.3;1.8;8.4;6.5;30.2;8.2;29.5;;;;;;;;;;;;;;90;;
SCM;06.03.2021 00:00;;;;;;;;;978.3;;;;1026.9;1.9;8.1;6.8;29.2;7.8;28.1;;;;;;;;;;;;;;63;;
SCM;07.03.2021 00:00;;;;;;;;;973.9;;;;1022.3;1.5;6.2;5.4;22.3;6.2;22.3;;;;;;;;;;;;;;90;;
SCM;08.03.2021 00:00;;;;;;;;;969.9;;;;1018.3;1.9;6.9;6.8;24.8;6.4;23;;;;;;;;;;;;;;254;;
SCM;09.03.2021 00:00;;;;;;;;;969.6;;;;1017.9;1;4.3;3.6;15.5;4.1;14.8;;;;;;;;;;;;;;236;;
SCM;10.03.2021 00:00;;;;;;;;;971.3;;;;1019.7;1.7;7.1;6.1;25.6;6.7;24.1;;;;;;;;;;;;;;153;;
SCM;11.03.2021 00:00;;;;;;;;;964.4;;;;1012.5;3.6;17.6;13;63.4;16.2;58.3;;;;;;;;;;;;;;304;;
SCM;12.03.2021 00:00;;;;;;;;;967.4;;;;1015.6;4.7;16.8;16.9;60.5;16.4;59;;;;;;;;;;;;;;269;;
SCM;13.03.2021 00:00;;;;;;;;;962.5;;;;1010.5;3.4;21;12.2;75.6;20.6;74.2;;;;;;;;;;;;;;255;;
SCM;14.03.2021 00:00;;;;;;;;;967.1;;;;1015.3;3.6;20.4;13;73.4;19.7;70.9;;;;;;;;;;;;;;279;;
SCM;15.03.2021 00:00;;;;;;;;;968.6;;;;1016.8;1.8;7;6.5;25.2;6.8;24.5;;;;;;;;;;;;;;83;;
SCM;16.03.2021 00:00;;;;;;;;;975.6;;;;1024.1;2.4;16.1;8.6;58;14.9;53.6;;;;;;;;;;;;;;274;;
SCM;17.03.2021 00:00;;;;;;;;;973.7;;;;1022.2;1.4;8;5;28.8;7.2;25.9;;;;;;;;;;;;;;261;;
SCM;18.03.2021 00:00;;;;;;;;;972.7;;;;1021.2;1.5;6.2;5.4;22.3;6;21.6;;;;;;;;;;;;;;252;;
SCM;19.03.2021 00:00;;;;;;;;;969.5;;;;1017.8;2.3;8.5;8.3;30.6;8.1;29.2;;;;;;;;;;;;;;82;;
SCM;20.03.2021 00:00;;;;;;;;;975.9;;;;1024.5;1.8;7.6;6.5;27.4;7.4;26.6;;;;;;;;;;;;;;63;;
SCM;21.03.2021 00:00;;;;;;;;;973.6;;;;1022.1;1.6;7.2;5.8;25.9;7;25.2;;;;;;;;;;;;;;111;;
SCM;22.03.2021 00:00;;;;;;;;;973.9;;;;1022.4;1.5;6.1;5.4;22;5.6;20.2;;;;;;;;;;;;;;90;;
SCM;23.03.2021 00:00;;;;;;;;;976.6;;;;1025.2;1.9;7.5;6.8;27;7.2;25.9;;;;;;;;;;;;;;121;;
SCM;24.03.2021 00:00;;;;;;;;;976.1;;;;1024.7;1.8;9.8;6.5;35.3;9.3;33.5;;;;;;;;;;;;;;0;;
SCM;25.03.2021 00:00;;;;;;;;;974.2;;;;1022.7;1.7;6.4;6.1;23;6.3;22.7;;;;;;;;;;;;;;135;;
SCM;26.03.2021 00:00;;;;;;;;;972.5;;;;1020.9;1.6;7.2;5.8;25.9;7;25.2;;;;;;;;;;;;;;0;;
SCM;27.03.2021 00:00;;;;;;;;;978.4;;;;1027.1;1.6;9.9;5.8;35.6;9.2;33.1;;;;;;;;;;;;;;270;;
SCM;28.03.2021 00:00;;;;;;;;;982.9;;;;1031.7;1.5;5.5;5.4;19.8;5.2;18.7;;;;;;;;;;;;;;225;;
SCM;29.03.2021 00:00;;;;;;;;;984.3;;;;1033.2;1.8;8.8;6.5;31.7;8.3;29.9;;;;;;;;;;;;;;90;;
SCM;30.03.2021 00:00;;;;;;;;;982.1;;;;1030.9;1.2;7.9;4.3;28.4;7.6;27.4;;;;;;;;;;;;;;0;;
SCM;31.03.2021 00:00;;;;;;;;;976.5;;;;1025.1;1.5;7.5;5.4;27;7;25.2;;;;;;;;;;;;;;76;;
SCM;01.04.2021 00:00;;;;;;;;;971.8;;;;1020.2;1.8;10.7;6.5;38.5;10.1;36.4;;;;;;;;;;;;;;76;;
SCM;02.04.2021 00:00;;;;;;;;;969.4;;;;1017.6;2;10.8;7.2;38.9;10.5;37.8;;;;;;;;;;;;;;297;;
SCM;03.04.2021 00:00;;;;;;;;;972.9;;;;1021.3;3.2;10.4;11.5;37.4;10.1;36.4;;;;;;;;;;;;;;64;;
SCM;04.04.2021 00:00;;;;;;;;;971.8;;;;1020.2;2.5;7.5;9;27;7;25.2;;;;;;;;;;;;;;219;;
SCM;05.04.2021 00:00;;;;;;;;;964.4;;;;1012.5;3.5;18.2;12.6;65.5;17.8;64.1;;;;;;;;;;;;;;272;;
SCM;06.04.2021 00:00;;;;;;;;;966.9;;;;1015.1;2;9.9;7.2;35.6;9.7;34.9;;;;;;;;;;;;;;256;;
SCM;07.04.2021 00:00;;;;;;;;;973;;;;1021.5;4.7;12.2;16.9;43.9;12;43.2;;;;;;;;;;;;;;254;;
SCM;08.04.2021 00:00;;;;;;;;;976.2;;;;1024.8;1.9;11.1;6.8;40;10.9;39.2;;;;;;;;;;;;;;94;;
SCM;09.04.2021 00:00;;;;;;;;;970.3;;;;1018.7;4.5;15.3;16.2;55.1;14.4;51.8;;;;;;;;;;;;;;117;;
SCM;10.04.2021 00:00;;;;;;;;;966.7;;;;1014.9;3;12.9;10.8;46.4;12.6;45.4;;;;;;;;;;;;;;190;;
SCM;11.04.2021 00:00;;;;;;;;;963.8;;;;1011.8;2.7;12;9.7;43.2;11.7;42.1;;;;;;;;;;;;;;248;;
SCM;12.04.2021 00:00;;;;;;;;;977.1;;;;1025.7;2.6;12.2;9.4;43.9;11.7;42.1;;;;;;;;;;;;;;261;;
SCM;13.04.2021 00:00;;;;;;;;;980;;;;1028.7;1.8;9.9;6.5;35.6;9.6;34.6;;;;;;;;;;;;;;72;;
SCM;14.04.2021 00:00;;;;;;;;;977;;;;1025.5;2.7;11.4;9.7;41;10.1;36.4;;;;;;;;;;;;;;82;;
SCM;15.04.2021 00:00;;;;;;;;;975.2;;;;1023.7;2.9;11.9;10.4;42.8;11.7;42.1;;;;;;;;;;;;;;74;;
SCM;16.04.2021 00:00;;;;;;;;;972.5;;;;1020.9;3.2;10.9;11.5;39.2;10.5;37.8;;;;;;;;;;;;;;64;;
SCM;17.04.2021 00:00;;;;;;;;;971.5;;;;1019.8;2.1;8.3;7.6;29.9;8;28.8;;;;;;;;;;;;;;67;;
SCM;18.04.2021 00:00;;;;;;;;;971;;;;1019.4;1.6;6.5;5.8;23.4;6.4;23;;;;;;;;;;;;;;257;;
SCM;19.04.2021 00:00;;;;;;;;;970.5;;;;1018.9;1.5;6.8;5.4;24.5;6.5;23.4;;;;;;;;;;;;;;214;;
SCM;20.04.2021 00:00;;;;;;;;;968;;;;1016.2;1.6;6.6;5.8;23.8;6.1;22;;;;;;;;;;;;;;270;;
SCM;21.04.2021 00:00;;;;;;;;;967.9;;;;1016.2;2.3;8.2;8.3;29.5;7.9;28.4;;;;;;;;;;;;;;261;;
SCM;22.04.2021 00:00;;;;;;;;;972.3;;;;1020.7;1.9;10.9;6.8;39.2;10.3;37.1;;;;;;;;;;;;;;68;;
SCM;23.04.2021 00:00;;;;;;;;;975.5;;;;1024.1;2.1;7.4;7.6;26.6;7.1;25.6;;;;;;;;;;;;;;45;;
SCM;24.04.2021 00:00;;;;;;;;;973.1;;;;1021.6;1.3;8.1;4.7;29.2;7.7;27.7;;;;;;;;;;;;;;248;;
SCM;25.04.2021 00:00;;;;;;;;;970.5;;;;1018.9;2.4;9.1;8.6;32.8;8.5;30.6;;;;;;;;;;;;;;315;;
SCM;26.04.2021 00:00;;;;;;;;;964.6;;;;1012.7;2.1;9.5;7.6;34.2;9.3;33.5;;;;;;;;;;;;;;333;;
SCM;27.04.2021 00:00;;;;;;;;;958.2;;;;1006.1;1.6;5.1;5.8;18.4;5.1;18.4;;;;;;;;;;;;;;249;;
SCM;28.04.2021 00:00;;;;;;;;;957.1;;;;1004.8;2.5;12.3;9;44.3;12.1;43.6;;;;;;;;;;;;;;256;;
SCM;29.04.2021 00:00;;;;;;;;;961.2;;;;1009.2;1.7;7.8;6.1;28.1;7.6;27.4;;;;;;;;;;;;;;90;;
SCM;30.04.2021 00:00;;;;;;;;;963.1;;;;1011.1;3.1;13.5;11.2;48.6;13.1;47.2;;;;;;;;;;;;;;256;;
SCM;01.05.2021 00:00;;;;;;;;;963.1;;;;1011.1;2.5;6.4;9;23;6.3;22.7;;;;;;;;;;;;;;257;;
SCM;02.05.2021 00:00;;;;;;;;;970.7;;;;1019;1.7;11.2;6.1;40.3;10.6;38.2;;;;;;;;;;;;;;90;;
SCM;03.05.2021 00:00;;;;;;;;;972.9;;;;1021.4;1.9;5.3;6.8;19.1;5;18;;;;;;;;;;;;;;180;;
SCM;04.05.2021 00:00;;;;;;;;;963.8;;;;1011.9;3;18.5;10.8;66.6;18.2;65.5;;;;;;;;;;;;;;260;;
SCM;05.05.2021 00:00;;;;;;;;;963.7;;;;1011.7;2.5;11.7;9;42.1;11.5;41.4;;;;;;;;;;;;;;255;;
SCM;06.05.2021 00:00;;;;;;;;;963.3;;;;1011.3;2;12.9;7.2;46.4;12.2;43.9;;;;;;;;;;;;;;81;;
SCM;07.05.2021 00:00;;;;;;;;;968.2;;;;1016.5;2.4;18.8;8.6;67.7;18.2;65.5;;;;;;;;;;;;;;270;;
SCM;08.05.2021 00:00;;;;;;;;;969.4;;;;1017.7;2.8;11.3;10.1;40.7;11.2;40.3;;;;;;;;;;;;;;90;;
SCM;09.05.2021 00:00;;;;;;;;;962.6;;;;1010.6;5.7;19;20.5;68.4;17.2;61.9;;;;;;;;;;;;;;105;;
SCM;10.05.2021 00:00;;;;;;;;;961.4;;;;1009.3;5.4;20;19.4;72;18.9;68;;;;;;;;;;;;;;140;;
SCM;11.05.2021 00:00;;;;;;;;;962.6;;;;1010.7;2.3;17.5;8.3;63;16.6;59.8;;;;;;;;;;;;;;255;;
SCM;12.05.2021 00:00;;;;;;;;;965.3;;;;1013.5;1.3;7.4;4.7;26.6;7.2;25.9;;;;;;;;;;;;;;90;;
SCM;13.05.2021 00:00;;;;;;;;;962.4;;;;1010.4;1.6;13.5;5.8;48.6;13.2;47.5;;;;;;;;;;;;;;243;;
SCM;14.05.2021 00:00;;;;;;;;;962.9;;;;1010.9;2.7;18;9.7;64.8;17.5;63;;;;;;;;;;;;;;260;;
SCM;15.05.2021 00:00;;;;;;;;;962.5;;;;1010.6;2.4;7.5;8.6;27;7.4;26.6;;;;;;;;;;;;;;253;;
SCM;16.05.2021 00:00;;;;;;;;;960.4;;;;1008.4;2;10.4;7.2;37.4;9.9;35.6;;;;;;;;;;;;;;270;;
SCM;17.05.2021 00:00;;;;;;;;;964.5;;;;1012.6;3.4;22.6;12.2;81.4;22.1;79.6;;;;;;;;;;;;;;276;;
SCM;18.05.2021 00:00;;;;;;;;;968.7;;;;1017;1.6;9.9;5.8;35.6;9.3;33.5;;;;;;;;;;;;;;162;;
SCM;19.05.2021 00:00;;;;;;;;;972.4;;;;1020.8;1.6;13.6;5.8;49;13.5;48.6;;;;;;;;;;;;;;180;;
SCM;20.05.2021 00:00;;;;;;;;;974.1;;;;1022.6;1.3;5.4;4.7;19.4;5;18;;;;;;;;;;;;;;146;;
SCM;21.05.2021 00:00;;;;;;;;;966.8;;;;1015;1.7;7.7;6.1;27.7;7.6;27.4;;;;;;;;;;;;;;270;;
SCM;22.05.2021 00:00;;;;;;;;;965.2;;;;1013.3;2.3;10.1;8.3;36.4;9.5;34.2;;;;;;;;;;;;;;245;;
SCM;23.05.2021 00:00;;;;;;;;;970.5;;;;1018.8;1.8;9.2;6.5;33.1;9;32.4;;;;;;;;;;;;;;231;;
SCM;24.05.2021 00:00;;;;;;;;;967;;;;1015.2;2;11.9;7.2;42.8;11.7;42.1;;;;;;;;;;;;;;270;;
SCM;25.05.2021 00:00;;;;;;;;;973.2;;;;1021.7;4.8;16.4;17.3;59;15.8;56.9;;;;;;;;;;;;;;270;;
SCM;26.05.2021 00:00;;;;;;;;;970;;;;1018.4;1.5;7.5;5.4;27;7.2;25.9;;;;;;;;;;;;;;90;;
SCM;27.05.2021 00:00;;;;;;;;;973.1;;;;1021.6;2.2;7;7.9;25.2;6.9;24.8;;;;;;;;;;;;;;246;;
SCM;28.05.2021 00:00;;;;;;;;;972.6;;;;1021.1;2.3;7.7;8.3;27.7;7.5;27;;;;;;;;;;;;;;257;;
SCM;29.05.2021 00:00;;;;;;;;;973.7;;;;1022.2;2;7.6;7.2;27.4;7.3;26.3;;;;;;;;;;;;;;288;;
SCM;30.05.2021 00:00;;;;;;;;;973.7;;;;1022.2;3.4;11.9;12.2;42.8;11.2;40.3;;;;;;;;;;;;;;72;;
SCM;31.05.2021 00:00;;;;;;;;;971;;;;1019.3;2;7.7;7.2;27.7;7.4;26.6;;;;;;;;;;;;;;270;;
SCM;01.06.2021 00:00;;;;;;;;;967.8;;;;1016.1;1.8;6.7;6.5;24.1;6.4;23;;;;;;;;;;;;;;270;;
SCM;02.06.2021 00:00;;;;;;;;;969.5;;;;1017.8;2.2;13.2;7.9;47.5;11.9;42.8;;;;;;;;;;;;;;241;;
SCM;03.06.2021 00:00;;;;;;;;;973.9;;;;1022.4;1.8;6.4;6.5;23;6.3;22.7;;;;;;;;;;;;;;256;;
SCM;04.06.2021 00:00;;;;;;;;;974.4;;;;1022.9;2.4;10;8.6;36;9.3;33.5;;;;;;;;;;;;;;250;;
SCM;05.06.2021 00:00;;;;;;;;;975.3;;;;1023.8;1.6;13.8;5.8;49.7;13.6;49;;;;;;;;;;;;;;180;;
SCM;06.06.2021 00:00;;;;;;;;;973.8;;;;1022.3;1.6;5;5.8;18;5;18;;;;;;;;;;;;;;225;;
SCM;07.06.2021 00:00;;;;;;;;;972.6;;;;1021;1.9;8;6.8;28.8;7.4;26.6;;;;;;;;;;;;;;217;;
SCM;08.06.2021 00:00;;;;;;;;;973.2;;;;1021.7;1.3;7.2;4.7;25.9;7;25.2;;;;;;;;;;;;;;217;;
SCM;09.06.2021 00:00;;;;;;;;;973.8;;;;1022.3;2;27.6;7.2;99.4;27;97.2;;;;;;;;;;;;;;169;;
SCM;10.06.2021 00:00;;;;;;;;;973.1;;;;1021.5;1.8;7.2;6.5;25.9;7;25.2;;;;;;;;;;;;;;124;;
SCM;11.06.2021 00:00;;;;;;;;;972.2;;;;1020.5;1.5;6.7;5.4;24.1;6.4;23;;;;;;;;;;;;;;90;;
SCM;12.06.2021 00:00;;;;;;;;;973.7;;;;1022.2;2.2;8.7;7.9;31.3;8.7;31.3;;;;;;;;;;;;;;255;;
SCM;13.06.2021 00:00;;;;;;;;;976;;;;1024.5;2.2;7.5;7.9;27;7;25.2;;;;;;;;;;;;;;252;;
SCM;14.06.2021 00:00;;;;;;;;;972.4;;;;1020.8;1.6;5.4;5.8;19.4;5.1;18.4;;;;;;;;;;;;;;263;;
SCM;15.06.2021 00:00;;;;;;;;;970.7;;;;1019;1.9;7.1;6.8;25.6;6.8;24.5;;;;;;;;;;;;;;252;;
SCM;16.06.2021 00:00;;;;;;;;;967.6;;;;1015.8;1.7;6.9;6.1;24.8;6.8;24.5;;;;;;;;;;;;;;233;;
SCM;17.06.2021 00:00;;;;;;;;;966.6;;;;1014.8;2.2;8.1;7.9;29.2;7.9;28.4;;;;;;;;;;;;;;0;;
SCM;18.06.2021 00:00;;;;;;;;;967.6;;;;1015.8;2.2;12;7.9;43.2;11.4;41;;;;;;;;;;;;;;257;;
SCM;19.06.2021 00:00;;;;;;;;;967.1;;;;1015.3;1.8;6;6.5;21.6;5.9;21.2;;;;;;;;;;;;;;207;;
SCM;20.06.2021 00:00;;;;;;;;;963.3;;;;1011.3;2.6;14.8;9.4;53.3;14.6;52.6;;;;;;;;;;;;;;257;;
SCM;21.06.2021 00:00;;;;;;;;;962.8;;;;1010.8;2.4;15.7;8.6;56.5;15.2;54.7;;;;;;;;;;;;;;248;;
SCM;22.06.2021 00:00;;;;;;;;;966.4;;;;1014.5;1.8;6.9;6.5;24.8;6.7;24.1;;;;;;;;;;;;;;233;;
SCM;23.06.2021 00:00;;;;;;;;;969.7;;;;1018;2.9;15.8;10.4;56.9;15.5;55.8;;;;;;;;;;;;;;241;;
SCM;24.06.2021 00:00;;;;;;;;;971.6;;;;1019.9;2;9.5;7.2;34.2;9.1;32.8;;;;;;;;;;;;;;225;;
SCM;25.06.2021 00:00;;;;;;;;;972.6;;;;1021;1.9;7.4;6.8;26.6;6.9;24.8;;;;;;;;;;;;;;229;;
SCM;26.06.2021 00:00;;;;;;;;;970;;;;1018.4;1.9;6.6;6.8;23.8;6.5;23.4;;;;;;;;;;;;;;238;;
SCM;27.06.2021 00:00;;;;;;;;;967.6;;;;1015.9;1.8;12.5;6.5;45;12.1;43.6;;;;;;;;;;;;;;252;;
SCM;28.06.2021 00:00;;;;;;;;;967.9;;;;1016.1;2.4;28.1;8.6;101.2;26.8;96.5;;;;;;;;;;;;;;243;;
SCM;29.06.2021 00:00;;;;;;;;;967.2;;;;1015.4;3.3;19.8;11.9;71.3;18.9;68;;;;;;;;;;;;;;189;;
SCM;30.06.2021 00:00;;;;;;;;;968.9;;;;1017.2;2.9;11;10.4;39.6;10.8;38.9;;;;;;;;;;;;;;267;;
SCM;01.07.2021 00:00;;;;;;;;;970.9;;;;1019.3;1.8;4.6;6.5;16.6;4.5;16.2;;;;;;;;;;;;;;103;;
SCM;02.07.2021 00:00;;;;;;;;;971.2;;;;1019.5;1.7;6.8;6.1;24.5;6.6;23.8;;;;;;;;;;;;;;229;;
SCM;03.07.2021 00:00;;;;;;;;;969.4;;;;1017.6;1.6;9.9;5.8;35.6;9.6;34.6;;;;;;;;;;;;;;180;;
SCM;04.07.2021 00:00;;;;;;;;;966.7;;;;1014.9;1.7;10.6;6.1;38.2;10.2;36.7;;;;;;;;;;;;;;106;;
SCM;05.07.2021 00:00;;;;;;;;;966.3;;;;1014.5;2.1;9;7.6;32.4;8.6;31;;;;;;;;;;;;;;90;;
SCM;06.07.2021 00:00;;;;;;;;;965.5;;;;1013.6;3.3;15.3;11.9;55.1;14.7;52.9;;;;;;;;;;;;;;135;;
SCM;07.07.2021 00:00;;;;;;;;;970.6;;;;1018.9;1.8;5.6;6.5;20.2;5.2;18.7;;;;;;;;;;;;;;97;;
SCM;08.07.2021 00:00;;;;;;;;;973;;;;1021.5;1.5;11.3;5.4;40.7;10.7;38.5;;;;;;;;;;;;;;104;;
SCM;09.07.2021 00:00;;;;;;;;;974.8;;;;1023.3;1.4;4.2;5;15.1;4.1;14.8;;;;;;;;;;;;;;124;;
SCM;10.07.2021 00:00;;;;;;;;;970.2;;;;1018.5;2.2;14.1;7.9;50.8;13.6;49;;;;;;;;;;;;;;259;;
SCM;11.07.2021 00:00;;;;;;;;;969.8;;;;1018.1;2;5.2;7.2;18.7;5;18;;;;;;;;;;;;;;198;;
SCM;12.07.2021 00:00;;;;;;;;;963.4;;;;1011.4;2.4;9.6;8.6;34.6;9.5;34.2;;;;;;;;;;;;;;243;;
SCM;13.07.2021 00:00;;;;;;;;;965.1;;;;1013.2;2.3;14.7;8.3;52.9;14.3;51.5;;;;;;;;;;;;;;275;;
SCM;14.07.2021 00:00;;;;;;;;;966.9;;;;1015.1;1.4;8.7;5;31.3;8.1;29.2;;;;;;;;;;;;;;108;;
SCM;15.07.2021 00:00;;;;;;;;;967.9;;;;1016.1;1.4;7.7;5;27.7;7.5;27;;;;;;;;;;;;;;96;;
SCM;16.07.2021 00:00;;;;;;;;;971.7;;;;1020.1;1.3;6.8;4.7;24.5;6.3;22.7;;;;;;;;;;;;;;108;;
SCM;17.07.2021 00:00;;;;;;;;;973.6;;;;1022;1.2;4.4;4.3;15.8;4.2;15.1;;;;;;;;;;;;;;252;;
SCM;18.07.2021 00:00;;;;;;;;;972;;;;1020.4;2.2;7.4;7.9;26.6;7.1;25.6;;;;;;;;;;;;;;117;;
SCM;19.07.2021 00:00;;;;;;;;;970.1;;;;1018.4;1.7;7.9;6.1;28.4;7.4;26.6;;;;;;;;;;;;;;90;;
SCM;20.07.2021 00:00;;;;;;;;;970.7;;;;1019;1.7;7.9;6.1;28.4;7.8;28.1;;;;;;;;;;;;;;256;;
SCM;21.07.2021 00:00;;;;;;;;;972.7;;;;1021.2;1.2;6.1;4.3;22;6;21.6;;;;;;;;;;;;;;257;;
SCM;22.07.2021 00:00;;;;;;;;;971.8;;;;1020.2;1.5;6.3;5.4;22.7;6.2;22.3;;;;;;;;;;;;;;255;;
SCM;23.07.2021 00:00;;;;;;;;;967.6;;;;1015.8;1.5;6.2;5.4;22.3;6;21.6;;;;;;;;;;;;;;225;;
SCM;24.07.2021 00:00;;;;;;;;;964.1;;;;1012.2;2.4;22.6;8.6;81.4;22.2;79.9;;;;;;;;;;;;;;256;;
SCM;25.07.2021 00:00;;;;;;;;;964.7;;;;1012.7;2.3;17.5;8.3;63;17.3;62.3;;;;;;;;;;;;;;113;;
SCM;26.07.2021 00:00;;;;;;;;;967.1;;;;1015.3;2.2;11.4;7.9;41;10.5;37.8;;;;;;;;;;;;;;124;;
SCM;27.07.2021 00:00;;;;;;;;;967.9;;;;1016.1;1.9;8.6;6.8;31;8.2;29.5;;;;;;;;;;;;;;207;;
SCM;28.07.2021 00:00;;;;;;;;;969;;;;1017.3;2;10.5;7.2;37.8;10.4;37.4;;;;;;;;;;;;;;99;;
SCM;29.07.2021 00:00;;;;;;;;;968.3;;;;1016.5;1.5;6.8;5.4;24.5;6.2;22.3;;;;;;;;;;;;;;233;;
SCM;30.07.2021 00:00;;;;;;;;;965.7;;;;1013.8;1.8;16.9;6.5;60.8;16.8;60.5;;;;;;;;;;;;;;153;;
SCM;31.07.2021 00:00;;;;;;;;;965;;;;1013.1;2.3;12.9;8.3;46.4;12.6;45.4;;;;;;;;;;;;;;258;;
SCM;01.08.2021 00:00;;;;;;;;;965.8;;;;1013.9;2.2;11.2;7.9;40.3;10.8;38.9;;;;;;;;;;;;;;255;;
SCM;02.08.2021 00:00;;;;;;;;;969.2;;;;1017.5;1.6;8;5.8;28.8;7.8;28.1;;;;;;;;;;;;;;207;;
SCM;03.08.2021 00:00;;;;;;;;;968.8;;;;1017.1;1.6;8.3;5.8;29.9;8;28.8;;;;;;;;;;;;;;121;;
SCM;04.08.2021 00:00;;;;;;;;;966.9;;;;1015.1;1.1;5.7;4;20.5;5.4;19.4;;;;;;;;;;;;;;117;;
SCM;05.08.2021 00:00;;;;;;;;;964.9;;;;1013;1.6;5.7;5.8;20.5;5.6;20.2;;;;;;;;;;;;;;104;;
SCM;06.08.2021 00:00;;;;;;;;;963;;;;1011;1.5;9;5.4;32.4;8.7;31.3;;;;;;;;;;;;;;124;;
SCM;07.08.2021 00:00;;;;;;;;;962;;;;1010;2.2;12.9;7.9;46.4;12.6;45.4;;;;;;;;;;;;;;135;;
SCM;08.08.2021 00:00;;;;;;;;;969;;;;1017.3;1.5;6.4;5.4;23;6.2;22.3;;;;;;;;;;;;;;106;;
SCM;09.08.2021 00:00;;;;;;;;;972.5;;;;1020.9;1.8;6.5;6.5;23.4;6.5;23.4;;;;;;;;;;;;;;225;;
SCM;10.08.2021 00:00;;;;;;;;;971.8;;;;1020.2;1.2;6.3;4.3;22.7;6;21.6;;;;;;;;;;;;;;180;;
SCM;11.08.2021 00:00;;;;;;;;;972.5;;;;1020.9;1.4;5.5;5;19.8;5.3;19.1;;;;;;;;;;;;;;243;;
SCM;12.08.2021 00:00;;;;;;;;;972.9;;;;1021.3;1.5;11.1;5.4;40;11;39.6;;;;;;;;;;;;;;243;;
SCM;13.08.2021 00:00;;;;;;;;;975.8;;;;1024.3;1.1;4.3;4;15.5;4;14.4;;;;;;;;;;;;;;243;;
SCM;14.08.2021 00:00;;;;;;;;;973.3;;;;1021.7;1.3;4.5;4.7;16.2;4.4;15.8;;;;;;;;;;;;;;243;;
SCM;15.08.2021 00:00;;;;;;;;;968.3;;;;1016.5;1.5;5.9;5.4;21.2;5.6;20.2;;;;;;;;;;;;;;236;;
SCM;16.08.2021 00:00;;;;;;;;;969.5;;;;1017.8;1.7;13.2;6.1;47.5;11.8;42.5;;;;;;;;;;;;;;135;;
SCM;17.08.2021 00:00;;;;;;;;;973.1;;;;1021.5;1.8;11.6;6.5;41.8;10.7;38.5;;;;;;;;;;;;;;243;;
SCM;18.08.2021 00:00;;;;;;;;;971.8;;;;1020.2;1.6;5.9;5.8;21.2;5.8;20.9;;;;;;;;;;;;;;216;;
SCM;19.08.2021 00:00;;;;;;;;;969.7;;;;1018;2.1;6.7;7.6;24.1;6.6;23.8;;;;;;;;;;;;;;232;;
SCM;20.08.2021 00:00;;;;;;;;;970;;;;1018.3;2.1;6.7;7.6;24.1;6.6;23.8;;;;;;;;;;;;;;235;;
SCM;21.08.2021 00:00;;;;;;;;;971;;;;1019.4;1.5;7.3;5.4;26.3;6.9;24.8;;;;;;;;;;;;;;225;;
SCM;22.08.2021 00:00;;;;;;;;;973;;;;1021.4;1.9;11.1;6.8;40;10.8;38.9;;;;;;;;;;;;;;108;;
SCM;23.08.2021 00:00;;;;;;;;;973.9;;;;1022.3;1.7;7.3;6.1;26.3;7.2;25.9;;;;;;;;;;;;;;153;;
SCM;24.08.2021 00:00;;;;;;;;;973;;;;1021.5;3.7;11.8;13.3;42.5;11.3;40.7;;;;;;;;;;;;;;65;;
SCM;25.08.2021 00:00;;;;;;;;;970.9;;;;1019.2;1.7;6.3;6.1;22.7;6.1;22;;;;;;;;;;;;;;241;;
SCM;26.08.2021 00:00;;;;;;;;;967.4;;;;1015.6;2.1;10.2;7.6;36.7;9.9;35.6;;;;;;;;;;;;;;266;;
SCM;27.08.2021 00:00;;;;;;;;;968.7;;;;1016.9;1.6;6.9;5.8;24.8;6.7;24.1;;;;;;;;;;;;;;238;;
SCM;28.08.2021 00:00;;;;;;;;;970.6;;;;1019;1.3;6.2;4.7;22.3;6.1;22;;;;;;;;;;;;;;117;;
SCM;29.08.2021 00:00;;;;;;;;;970.2;;;;1018.5;1.3;5.3;4.7;19.1;5.2;18.7;;;;;;;;;;;;;;97;;
SCM;30.08.2021 00:00;;;;;;;;;970.4;;;;1018.7;1.1;3.1;4;11.2;2.9;10.4;;;;;;;;;;;;;;180;;
SCM;31.08.2021 00:00;;;;;;;;;973.8;;;;1022.3;2.1;10;7.6;36;9.8;35.3;;;;;;;;;;;;;;98;;
SCM;01.09.2021 00:00;;;;;;;;;976.2;;;;1024.7;2.2;9.3;7.9;33.5;9;32.4;;;;;;;;;;;;;;76;;
SCM;02.09.2021 00:00;;;;;;;;;975.2;;;;1023.8;1.2;5.3;4.3;19.1;4.1;14.8;;;;;;;;;;;;;;248;;
SCM;03.09.2021 00:00;;;;;;;;;971.8;;;;1020.2;1;3;3.6;10.8;3;10.8;;;;;;;;;;;;;;236;;
SCM;04.09.2021 00:00;;;;;;;;;969.5;;;;1017.8;1.2;5.3;4.3;19.1;5;18;;;;;;;;;;;;;;90;;
SCM;05.09.2021 00:00;;;;;;;;;972.1;;;;1020.5;1.5;6.3;5.4;22.7;5.9;21.2;;;;;;;;;;;;;;90;;
SCM;06.09.2021 00:00;;;;;;;;;975.1;;;;1023.6;1.2;5.8;4.3;20.9;5.6;20.2;;;;;;;;;;;;;;270;;
SCM;07.09.2021 00:00;;;;;;;;;974.4;;;;1022.9;1.2;4.9;4.3;17.6;4.7;16.9;;;;;;;;;;;;;;135;;
SCM;08.09.2021 00:00;;;;;;;;;969.1;;;;1017.3;1.9;11.2;6.8;40.3;10.3;37.1;;;;;;;;;;;;;;135;;
SCM;09.09.2021 00:00;;;;;;;;;968.9;;;;1017.2;3.3;16.9;11.9;60.8;16;57.6;;;;;;;;;;;;;;94;;
SCM;10.09.2021 00:00;;;;;;;;;970.3;;;;1018.6;1.7;7.3;6.1;26.3;7;25.2;;;;;;;;;;;;;;180;;
SCM;11.09.2021 00:00;;;;;;;;;971.9;;;;1020.3;1.8;6.9;6.5;24.8;6.8;24.5;;;;;;;;;;;;;;240;;
SCM;12.09.2021 00:00;;;;;;;;;970.8;;;;1019.1;1.6;6.4;5.8;23;6.3;22.7;;;;;;;;;;;;;;230;;
SCM;13.09.2021 00:00;;;;;;;;;969.9;;;;1018.2;1.5;7.5;5.4;27;7.3;26.3;;;;;;;;;;;;;;135;;
SCM;14.09.2021 00:00;;;;;;;;;968.8;;;;1017.1;1.8;8.7;6.5;31.3;8.3;29.9;;;;;;;;;;;;;;97;;
SCM;15.09.2021 00:00;;;;;;;;;968.2;;;;1016.4;1.6;8.8;5.8;31.7;8.4;30.2;;;;;;;;;;;;;;180;;
SCM;16.09.2021 00:00;;;;;;;;;969.1;;;;1017.4;1.1;5.6;4;20.2;5.4;19.4;;;;;;;;;;;;;;239;;
SCM;17.09.2021 00:00;;;;;;;;;968.3;;;;1016.6;1.8;8.2;6.5;29.5;7.7;27.7;;;;;;;;;;;;;;225;;
SCM;18.09.2021 00:00;;;;;;;;;967.5;;;;1015.7;1.5;6.1;5.4;22;5.9;21.2;;;;;;;;;;;;;;239;;
SCM;19.09.2021 00:00;;;;;;;;;967.8;;;;1016;1.4;7.2;5;25.9;7;25.2;;;;;;;;;;;;;;360;;
SCM;20.09.2021 00:00;;;;;;;;;971.7;;;;1020.1;1.3;4.5;4.7;16.2;4.4;15.8;;;;;;;;;;;;;;117;;
SCM;21.09.2021 00:00;;;;;;;;;978;;;;1026.6;1.7;7.2;6.1;25.9;6.3;22.7;;;;;;;;;;;;;;45;;
SCM;22.09.2021 00:00;;;;;;;;;978.3;;;;1026.9;1.6;7.8;5.8;28.1;7.5;27;;;;;;;;;;;;;;90;;
SCM;23.09.2021 00:00;;;;;;;;;974.4;;;;1022.9;1.3;5.4;4.7;19.4;5.3;19.1;;;;;;;;;;;;;;180;;
SCM;24.09.2021 00:00;;;;;;;;;972.1;;;;1020.5;1.3;6.4;4.7;23;6.1;22;;;;;;;;;;;;;;90;;
SCM;25.09.2021 00:00;;;;;;;;;970.8;;;;1019.2;1.5;8.1;5.4;29.2;7.9;28.4;;;;;;;;;;;;;;90;;
SCM;26.09.2021 00:00;;;;;;;;;971.6;;;;1020;2.3;13.5;8.3;48.6;12.5;45;;;;;;;;;;;;;;153;;
SCM;27.09.2021 00:00;;;;;;;;;972.5;;;;1020.9;1.2;5.9;4.3;21.2;5.7;20.5;;;;;;;;;;;;;;90;;
SCM;28.09.2021 00:00;;;;;;;;;974.2;;;;1022.7;1.8;7.2;6.5;25.9;7;25.2;;;;;;;;;;;;;;252;;
SCM;29.09.2021 00:00;;;;;;;;;975.8;;;;1024.3;1.9;11.1;6.8;40;10.6;38.2;;;;;;;;;;;;;;225;;
SCM;30.09.2021 00:00;;;;;;;;;979.3;;;;1028;1.9;8;6.8;28.8;7.8;28.1;;;;;;;;;;;;;;180;;
SCM;01.10.2021 00:00;;;;;;;;;973.2;;;;1021.6;1.4;5.2;5;18.7;4.9;17.6;;;;;;;;;;;;;;117;;
SCM;02.10.2021 00:00;;;;;;;;;966.8;;;;1015;3;15.2;10.8;54.7;14.7;52.9;;;;;;;;;;;;;;115;;
SCM;03.10.2021 00:00;;;;;;;;;962.5;;;;1010.6;5.1;19.3;18.4;69.5;18.8;67.7;;;;;;;;;;;;;;138;;
SCM;04.10.2021 00:00;;;;;;;;;970;;;;1018.3;2.1;6.3;7.6;22.7;6.1;22;;;;;;;;;;;;;;258;;
SCM;05.10.2021 00:00;;;;;;;;;966.1;;;;1014.2;1.5;9;5.4;32.4;8.6;31;;;;;;;;;;;;;;248;;
SCM;06.10.2021 00:00;;;;;;;;;974.6;;;;1023.1;1.6;10.1;5.8;36.4;9.9;35.6;;;;;;;;;;;;;;360;;
SCM;07.10.2021 00:00;;;;;;;;;977.5;;;;1026.1;1.9;8.8;6.8;31.7;8.1;29.2;;;;;;;;;;;;;;95;;
SCM;08.10.2021 00:00;;;;;;;;;976;;;;1024.5;2.1;9.1;7.6;32.8;8.4;30.2;;;;;;;;;;;;;;86;;
SCM;09.10.2021 00:00;;;;;;;;;976.1;;;;1024.7;1.2;6.4;4.3;23;6.1;22;;;;;;;;;;;;;;45;;
SCM;10.10.2021 00:00;;;;;;;;;977.5;;;;1026.1;1.3;4.8;4.7;17.3;4.8;17.3;;;;;;;;;;;;;;90;;
SCM;11.10.2021 00:00;;;;;;;;;977.6;;;;1026.2;1.7;10.6;6.1;38.2;10.2;36.7;;;;;;;;;;;;;;146;;
SCM;12.10.2021 00:00;;;;;;;;;973.8;;;;1022.2;1.3;4.9;4.7;17.6;4.8;17.3;;;;;;;;;;;;;;90;;
SCM;13.10.2021 00:00;;;;;;;;;976.3;;;;1024.9;1.6;9.6;5.8;34.6;8.9;32;;;;;;;;;;;;;;259;;
SCM;14.10.2021 00:00;;;;;;;;;977.8;;;;1026.4;1.6;8.8;5.8;31.7;7.9;28.4;;;;;;;;;;;;;;104;;
SCM;15.10.2021 00:00;;;;;;;;;972.3;;;;1020.7;1.2;4.9;4.3;17.6;4.8;17.3;;;;;;;;;;;;;;90;;
SCM;16.10.2021 00:00;;;;;;;;;972.3;;;;1020.7;1.6;7.4;5.8;26.6;6.7;24.1;;;;;;;;;;;;;;180;;
SCM;17.10.2021 00:00;;;;;;;;;973.2;;;;1021.6;1.4;4.7;5;16.9;4.6;16.6;;;;;;;;;;;;;;135;;
SCM;18.10.2021 00:00;;;;;;;;;976.9;;;;1025.5;1.4;7.4;5;26.6;7.1;25.6;;;;;;;;;;;;;;76;;
SCM;19.10.2021 00:00;;;;;;;;;977.5;;;;1026.1;1.5;8.3;5.4;29.9;8.1;29.2;;;;;;;;;;;;;;79;;
SCM;20.10.2021 00:00;;;;;;;;;968.6;;;;1016.9;2.3;19.9;8.3;71.6;17.8;64.1;;;;;;;;;;;;;;119;;
SCM;21.10.2021 00:00;;;;;;;;;965.6;;;;1013.8;4.7;16.9;16.9;60.8;16.8;60.5;;;;;;;;;;;;;;267;;
SCM;22.10.2021 00:00;;;;;;;;;973.6;;;;1022.1;1.8;7.9;6.5;28.4;7.7;27.7;;;;;;;;;;;;;;259;;
SCM;23.10.2021 00:00;;;;;;;;;978.5;;;;1027.2;1.6;7.3;5.8;26.3;6.7;24.1;;;;;;;;;;;;;;270;;
SCM;24.10.2021 00:00;;;;;;;;;977.4;;;;1026;1.2;4.8;4.3;17.3;4.6;16.6;;;;;;;;;;;;;;90;;
SCM;25.10.2021 00:00;;;;;;;;;974.5;;;;1023;1.2;4.8;4.3;17.3;4.7;16.9;;;;;;;;;;;;;;81;;
SCM;26.10.2021 00:00;;;;;;;;;977.1;;;;1025.7;1.4;6.2;5;22.3;6;21.6;;;;;;;;;;;;;;84;;
SCM;27.10.2021 00:00;;;;;;;;;977.1;;;;1025.7;1.7;5.7;6.1;20.5;5.6;20.2;;;;;;;;;;;;;;225;;
SCM;28.10.2021 00:00;;;;;;;;;972.7;;;;1021.1;1;4.9;3.6;17.6;4.8;17.3;;;;;;;;;;;;;;90;;
SCM;29.10.2021 00:00;;;;;;;;;966.8;;;;1015;1.3;4.8;4.7;17.3;4.4;15.8;;;;;;;;;;;;;;108;;
SCM;30.10.2021 00:00;;;;;;;;;962.3;;;;1010.3;2.4;8.3;8.6;29.9;8.1;29.2;;;;;;;;;;;;;;273;;
SCM;31.10.2021 00:00;;;;;;;;;961.3;;;;1009.3;2.2;9.2;7.9;33.1;8.8;31.7;;;;;;;;;;;;;;241;;
SCM;01.11.2021 00:00;;;;;;;;;958.8;;;;1006.7;2.5;8.7;9;31.3;8.5;30.6;;;;;;;;;;;;;;90;;
SCM;02.11.2021 00:00;;;;;;;;;957.4;;;;1005.2;1.9;7.4;6.8;26.6;7.2;25.9;;;;;;;;;;;;;;82;;
SCM;03.11.2021 00:00;;;;;;;;;954.3;;;;1002;2;9.1;7.2;32.8;8.8;31.7;;;;;;;;;;;;;;80;;
SCM;04.11.2021 00:00;;;;;;;;;962.6;;;;1010.6;2.8;11.4;10.1;41;11.2;40.3;;;;;;;;;;;;;;274;;
SCM;05.11.2021 00:00;;;;;;;;;975.2;;;;1023.7;1.9;7.4;6.8;26.6;7.1;25.6;;;;;;;;;;;;;;86;;
SCM;06.11.2021 00:00;;;;;;;;;980.1;;;;1028.8;1.9;8.6;6.8;31;8;28.8;;;;;;;;;;;;;;90;;
SCM;07.11.2021 00:00;;;;;;;;;975.2;;;;1023.7;1.7;6.1;6.1;22;5.5;19.8;;;;;;;;;;;;;;85;;
SCM;08.11.2021 00:00;;;;;;;;;974.1;;;;1022.5;1.8;7.4;6.5;26.6;7;25.2;;;;;;;;;;;;;;74;;
SCM;09.11.2021 00:00;;;;;;;;;976.2;;;;1024.8;1.6;6.7;5.8;24.1;6.5;23.4;;;;;;;;;;;;;;153;;
SCM;10.11.2021 00:00;;;;;;;;;975.9;;;;1024.4;1.1;6.1;4;22;5.8;20.9;;;;;;;;;;;;;;76;;
SCM;11.11.2021 00:00;;;;;;;;;975.3;;;;1023.8;1.3;4.4;4.7;15.8;4.1;14.8;;;;;;;;;;;;;;90;;
SCM;12.11.2021 00:00;;;;;;;;;971.6;;;;1020;1.2;4.6;4.3;16.6;4.5;16.2;;;;;;;;;;;;;;104;;
SCM;13.11.2021 00:00;;;;;;;;;969.7;;;;1018;1.5;5.3;5.4;19.1;5;18;;;;;;;;;;;;;;75;;
SCM;14.11.2021 00:00;;;;;;;;;969.3;;;;1017.6;1.1;7.8;4;28.1;7.7;27.7;;;;;;;;;;;;;;76;;
SCM;15.11.2021 00:00;;;;;;;;;971.8;;;;1020.2;1.6;7.9;5.8;28.4;7.2;25.9;;;;;;;;;;;;;;66;;
SCM;16.11.2021 00:00;;;;;;;;;973.3;;;;1021.7;1.1;4.5;4;16.2;4.2;15.1;;;;;;;;;;;;;;333;;
SCM;17.11.2021 00:00;;;;;;;;;976;;;;1024.6;2.2;6.7;7.9;24.1;6.5;23.4;;;;;;;;;;;;;;270;;
SCM;18.11.2021 00:00;;;;;;;;;982.3;;;;1031.1;1.1;4.5;4;16.2;4;14.4;;;;;;;;;;;;;;117;;
SCM;19.11.2021 00:00;;;;;;;;;983.4;;;;1032.3;1.3;5.5;4.7;19.8;5.3;19.1;;;;;;;;;;;;;;127;;
SCM;20.11.2021 00:00;;;;;;;;;977.4;;;;1026;1.2;4.3;4.3;15.5;4.1;14.8;;;;;;;;;;;;;;63;;
SCM;21.11.2021 00:00;;;;;;;;;965.7;;;;1013.9;1.3;4.9;4.7;17.6;4.6;16.6;;;;;;;;;;;;;;98;;
SCM;22.11.2021 00:00;;;;;;;;;969.3;;;;1017.6;2.9;10.8;10.4;38.9;10.4;37.4;;;;;;;;;;;;;;69;;
SCM;23.11.2021 00:00;;;;;;;;;975.5;;;;1024.1;2.5;9.3;9;33.5;8.8;31.7;;;;;;;;;;;;;;49;;
SCM;24.11.2021 00:00;;;;;;;;;970.7;;;;1019;1.6;6.1;5.8;22;5.9;21.2;;;;;;;;;;;;;;315;;
SCM;25.11.2021 00:00;;;;;;;;;961.6;;;;1009.6;1.1;3.7;4;13.3;3.4;12.2;;;;;;;;;;;;;;56;;
SCM;26.11.2021 00:00;;;;;;;;;954;;;;1001.6;1.8;6;6.5;21.6;5.8;20.9;;;;;;;;;;;;;;292;;
SCM;27.11.2021 00:00;;;;;;;;;947;;;;994.4;2;9.4;7.2;33.8;9.2;33.1;;;;;;;;;;;;;;79;;
SCM;28.11.2021 00:00;;;;;;;;;950.1;;;;997.6;1.6;7.1;5.8;25.6;6.7;24.1;;;;;;;;;;;;;;45;;
SCM;29.11.2021 00:00;;;;;;;;;962.3;;;;1010.3;3;8.3;10.8;29.9;7.9;28.4;;;;;;;;;;;;;;283;;
SCM;30.11.2021 00:00;;;;;;;;;972;;;;1020.4;1.8;10.4;6.5;37.4;10.3;37.1;;;;;;;;;;;;;;58;;
SCM;01.12.2021 00:00;;;;;;;;;959.8;;;;1007.8;1.9;6.9;6.8;24.8;6.6;23.8;;;;;;;;;;;;;;75;;
SCM;02.12.2021 00:00;;;;;;;;;957.2;;;;1005;2.5;10.6;9;38.2;10.1;36.4;;;;;;;;;;;;;;287;;
SCM;03.12.2021 00:00;;;;;;;;;966.7;;;;1014.8;2;11.9;7.2;42.8;11.6;41.8;;;;;;;;;;;;;;82;;
SCM;04.12.2021 00:00;;;;;;;;;957.1;;;;1004.9;3.2;19.7;11.5;70.9;19.3;69.5;;;;;;;;;;;;;;74;;
SCM;05.12.2021 00:00;;;;;;;;;958.5;;;;1006.4;1.2;7.6;4.3;27.4;6.9;24.8;;;;;;;;;;;;;;90;;
SCM;06.12.2021 00:00;;;;;;;;;965.9;;;;1014.1;1.5;6;5.4;21.6;5.5;19.8;;;;;;;;;;;;;;76;;
SCM;07.12.2021 00:00;;;;;;;;;964.1;;;;1012.2;3.2;14.8;11.5;53.3;14.1;50.8;;;;;;;;;;;;;;92;;
SCM;08.12.2021 00:00;;;;;;;;;955.1;;;;1002.8;1.1;5.6;4;20.2;5.3;19.1;;;;;;;;;;;;;;360;;
SCM;09.12.2021 00:00;;;;;;;;;960.4;;;;1008.4;1.5;10.3;5.4;37.1;10;36;;;;;;;;;;;;;;75;;
SCM;10.12.2021 00:00;;;;;;;;;952.6;;;;1000.2;3.5;13.6;12.6;49;13.1;47.2;;;;;;;;;;;;;;83;;
SCM;11.12.2021 00:00;;;;;;;;;969.7;;;;1018;2.2;10.2;7.9;36.7;10.1;36.4;;;;;;;;;;;;;;315;;
SCM;12.12.2021 00:00;;;;;;;;;980.2;;;;1028.9;1.5;7.6;5.4;27.4;7.5;27;;;;;;;;;;;;;;75;;
SCM;13.12.2021 00:00;;;;;;;;;980.5;;;;1029.2;1.2;5.5;4.3;19.8;5.2;18.7;;;;;;;;;;;;;;90;;
SCM;14.12.2021 00:00;;;;;;;;;981.2;;;;1030;1.4;5.9;5;21.2;5.7;20.5;;;;;;;;;;;;;;90;;
SCM;15.12.2021 00:00;;;;;;;;;983.8;;;;1032.6;1.2;4.2;4.3;15.1;4.1;14.8;;;;;;;;;;;;;;74;;
SCM;16.12.2021 00:00;;;;;;;;;987.4;;;;1036.4;1.9;9.5;6.8;34.2;9.3;33.5;;;;;;;;;;;;;;90;;
SCM;17.12.2021 00:00;;;;;;;;;987.8;;;;1036.8;1.6;9.6;5.8;34.6;9.1;32.8;;;;;;;;;;;;;;90;;
SCM;18.12.2021 00:00;;;;;;;;;985.8;;;;1034.8;1.7;8.7;6.1;31.3;8.4;30.2;;;;;;;;;;;;;;86;;
SCM;19.12.2021 00:00;;;;;;;;;981.2;;;;1030;1.5;4.8;5.4;17.3;4.7;16.9;;;;;;;;;;;;;;90;;
SCM;20.12.2021 00:00;;;;;;;;;976.2;;;;1024.8;1.5;4.7;5.4;16.9;4.6;16.6;;;;;;;;;;;;;;85;;
SCM;21.12.2021 00:00;;;;;;;;;974.8;;;;1023.3;1.8;4.7;6.5;16.9;4.4;15.8;;;;;;;;;;;;;;99;;
SCM;22.12.2021 00:00;;;;;;;;;975.9;;;;1024.5;1.6;4.8;5.8;17.3;4.4;15.8;;;;;;;;;;;;;;84;;
SCM;23.12.2021 00:00;;;;;;;;;970.6;;;;1018.9;1.8;5.7;6.5;20.5;5.5;19.8;;;;;;;;;;;;;;78;;
SCM;24.12.2021 00:00;;;;;;;;;963.3;;;;1011.3;1.9;8.3;6.8;29.9;8.2;29.5;;;;;;;;;;;;;;72;;
SCM;25.12.2021 00:00;;;;;;;;;959;;;;1006.9;2.1;9.6;7.6;34.6;9.3;33.5;;;;;;;;;;;;;;74;;
SCM;26.12.2021 00:00;;;;;;;;;959.8;;;;1007.7;1.9;6.6;6.8;23.8;6.2;22.3;;;;;;;;;;;;;;79;;
SCM;27.12.2021 00:00;;;;;;;;;957.9;;;;1005.7;2.3;11.5;8.3;41.4;10.9;39.2;;;;;;;;;;;;;;86;;
SCM;28.12.2021 00:00;;;;;;;;;957.6;;;;1005.4;3.6;20.8;13;74.9;20.4;73.4;;;;;;;;;;;;;;225;;
SCM;29.12.2021 00:00;;;;;;;;;966.5;;;;1014.7;3;15.9;10.8;57.2;15.1;54.4;;;;;;;;;;;;;;83;;
SCM;30.12.2021 00:00;;;;;;;;;975.8;;;;1024.4;1.8;5.8;6.5;20.9;5.6;20.2;;;;;;;;;;;;;;69;;
SCM;31.12.2021 00:00;;;;;;;;;978.2;;;;1026.8;1.5;8.8;5.4;31.7;8.1;29.2;;;;;;;;;;;;;;76;;
SCM;01.01.2022 00:00;;;;;;;;;979.6;;;;1028.3;1.4;7.4;5;26.6;6.8;24.5;;;;;;;;;;;;;;360;;
SCM;02.01.2022 00:00;;;;;;;;;975.1;;;;1023.6;1.8;10.5;6.5;37.8;10.1;36.4;;;;;;;;;;;;;;45;;
SCM;03.01.2022 00:00;;;;;;;;;971.1;;;;1019.5;2.2;12.3;7.9;44.3;11.9;42.8;;;;;;;;;;;;;;285;;
SCM;04.01.2022 00:00;;;;;;;;;955.8;;;;1003.6;2.2;10.6;7.9;38.2;10.2;36.7;;;;;;;;;;;;;;360;;
SCM;05.01.2022 00:00;;;;;;;;;963.6;;;;1011.7;2.7;12.3;9.7;44.3;12;43.2;;;;;;;;;;;;;;281;;
SCM;06.01.2022 00:00;;;;;;;;;971.8;;;;1020.2;1.3;4.3;4.7;15.5;4.2;15.1;;;;;;;;;;;;;;90;;
SCM;07.01.2022 00:00;;;;;;;;;971.7;;;;1020;1.6;6.7;5.8;24.1;6.5;23.4;;;;;;;;;;;;;;81;;
SCM;08.01.2022 00:00;;;;;;;;;964.8;;;;1012.9;3.7;19.9;13.3;71.6;19.5;70.2;;;;;;;;;;;;;;93;;
SCM;09.01.2022 00:00;;;;;;;;;958.7;;;;1006.5;3.4;15.9;12.2;57.2;15.4;55.4;;;;;;;;;;;;;;285;;
SCM;10.01.2022 00:00;;;;;;;;;971.3;;;;1019.7;1.3;4.7;4.7;16.9;4.6;16.6;;;;;;;;;;;;;;63;;
SCM;11.01.2022 00:00;;;;;;;;;981.4;;;;1030.2;2.2;9.9;7.9;35.6;9.6;34.6;;;;;;;;;;;;;;79;;
SCM;12.01.2022 00:00;;;;;;;;;987.6;;;;1036.6;1.7;6.1;6.1;22;5.8;20.9;;;;;;;;;;;;;;85;;
SCM;13.01.2022 00:00;;;;;;;;;989.9;;;;1039;1.3;4.1;4.7;14.8;3.7;13.3;;;;;;;;;;;;;;97;;
SCM;14.01.2022 00:00;;;;;;;;;986.3;;;;1035.3;1.3;4;4.7;14.4;3.8;13.7;;;;;;;;;;;;;;90;;
SCM;15.01.2022 00:00;;;;;;;;;979.1;;;;1027.8;1.4;4.6;5;16.6;4.2;15.1;;;;;;;;;;;;;;85;;
SCM;16.01.2022 00:00;;;;;;;;;980.8;;;;1029.5;1.4;5.6;5;20.2;5.2;18.7;;;;;;;;;;;;;;90;;
SCM;17.01.2022 00:00;;;;;;;;;986.7;;;;1035.6;1.5;5.6;5.4;20.2;5.5;19.8;;;;;;;;;;;;;;90;;
SCM;18.01.2022 00:00;;;;;;;;;985.8;;;;1034.8;1.7;11.4;6.1;41;11;39.6;;;;;;;;;;;;;;74;;
SCM;19.01.2022 00:00;;;;;;;;;980.5;;;;1029.2;1.7;5.3;6.1;19.1;4.9;17.6;;;;;;;;;;;;;;101;;
SCM;20.01.2022 00:00;;;;;;;;;979.6;;;;1028.3;1.4;8.5;5;30.6;8.3;29.9;;;;;;;;;;;;;;79;;
SCM;21.01.2022 00:00;;;;;;;;;984;;;;1032.8;1.5;4.5;5.4;16.2;4.3;15.5;;;;;;;;;;;;;;90;;
SCM;22.01.2022 00:00;;;;;;;;;985.5;;;;1034.4;1.6;5.5;5.8;19.8;5.3;19.1;;;;;;;;;;;;;;86;;
SCM;23.01.2022 00:00;;;;;;;;;984.4;;;;1033.3;1.3;4.8;4.7;17.3;4.6;16.6;;;;;;;;;;;;;;90;;
SCM;24.01.2022 00:00;;;;;;;;;984.1;;;;1033;1.4;4.1;5;14.8;3.7;13.3;;;;;;;;;;;;;;90;;
SCM;25.01.2022 00:00;;;;;;;;;984.5;;;;1033.4;1.4;4.3;5;15.5;4;14.4;;;;;;;;;;;;;;77;;
SCM;26.01.2022 00:00;;;;;;;;;983.1;;;;1031.9;1.3;4.6;4.7;16.6;4.2;15.1;;;;;;;;;;;;;;81;;
SCM;27.01.2022 00:00;;;;;;;;;981.8;;;;1030.6;1.3;7;4.7;25.2;6.8;24.5;;;;;;;;;;;;;;90;;
SCM;28.01.2022 00:00;;;;;;;;;986.6;;;;1035.5;1;3.2;3.6;11.5;3;10.8;;;;;;;;;;;;;;104;;
SCM;29.01.2022 00:00;;;;;;;;;984.1;;;;1032.9;1.3;5.9;4.7;21.2;5.5;19.8;;;;;;;;;;;;;;90;;
SCM;30.01.2022 00:00;;;;;;;;;980.4;;;;1029.1;1.1;4.1;4;14.8;3.8;13.7;;;;;;;;;;;;;;90;;
SCM;31.01.2022 00:00;;;;;;;;;969.7;;;;1018.1;4.1;15.6;14.8;56.2;15.3;55.1;;;;;;;;;;;;;;282;;
SCM;01.02.2022 00:00;;;;;;;;;974.7;;;;1023.2;3;11.5;10.8;41.4;11;39.6;;;;;;;;;;;;;;295;;
SCM;02.02.2022 00:00;;;;;;;;;974.4;;;;1022.9;4.3;13.6;15.5;49;13.3;47.9;;;;;;;;;;;;;;291;;
SCM;03.02.2022 00:00;;;;;;;;;972.1;;;;1020.5;2.2;12;7.9;43.2;11.3;40.7;;;;;;;;;;;;;;81;;
SCM;04.02.2022 00:00;;;;;;;;;970;;;;1018.3;1.6;7.1;5.8;25.6;7;25.2;;;;;;;;;;;;;;225;;
SCM;05.02.2022 00:00;;;;;;;;;976.7;;;;1025.3;1.5;8;5.4;28.8;7.7;27.7;;;;;;;;;;;;;;217;;
SCM;06.02.2022 00:00;;;;;;;;;971.9;;;;1020.3;2.7;17.9;9.7;64.4;17.3;62.3;;;;;;;;;;;;;;292;;
SCM;07.02.2022 00:00;;;;;;;;;976.9;;;;1025.5;5.1;20.7;18.4;74.5;20;72;;;;;;;;;;;;;;271;;
SCM;08.02.2022 00:00;;;;;;;;;985.2;;;;1034.1;1.9;10.4;6.8;37.4;10.1;36.4;;;;;;;;;;;;;;86;;
SCM;09.02.2022 00:00;;;;;;;;;981.2;;;;1030;1.3;6.1;4.7;22;6;21.6;;;;;;;;;;;;;;81;;
SCM;10.02.2022 00:00;;;;;;;;;976.8;;;;1025.4;1.8;7.7;6.5;27.7;7.2;25.9;;;;;;;;;;;;;;76;;
SCM;11.02.2022 00:00;;;;;;;;;981.2;;;;1029.9;2.3;10;8.3;36;9.5;34.2;;;;;;;;;;;;;;233;;
SCM;12.02.2022 00:00;;;;;;;;;979.8;;;;1028.5;2.3;10.2;8.3;36.7;9.4;33.8;;;;;;;;;;;;;;90;;
SCM;13.02.2022 00:00;;;;;;;;;971.5;;;;1019.9;2.7;16.1;9.7;58;15.1;54.4;;;;;;;;;;;;;;77;;
SCM;14.02.2022 00:00;;;;;;;;;962.9;;;;1010.9;5.5;25.4;19.8;91.4;24.5;88.2;;;;;;;;;;;;;;117;;
SCM;15.02.2022 00:00;;;;;;;;;968.8;;;;1017.1;1.5;15.8;5.4;56.9;15.5;55.8;;;;;;;;;;;;;;90;;
SCM;16.02.2022 00:00;;;;;;;;;966.6;;;;1014.8;2.2;11.7;7.9;42.1;11.4;41;;;;;;;;;;;;;;90;;
SCM;17.02.2022 00:00;;;;;;;;;967.2;;;;1015.4;4.7;18;16.9;64.8;17.2;61.9;;;;;;;;;;;;;;282;;
SCM;18.02.2022 00:00;;;;;;;;;965.4;;;;1013.6;2.7;16.6;9.7;59.8;15.4;55.4;;;;;;;;;;;;;;68;;
SCM;19.02.2022 00:00;;;;;;;;;972.6;;;;1021;1.6;12.5;5.8;45;12.1;43.6;;;;;;;;;;;;;;198;;
SCM;20.02.2022 00:00;;;;;;;;;972.3;;;;1020.7;1.9;8.1;6.8;29.2;7.8;28.1;;;;;;;;;;;;;;0;;
SCM;21.02.2022 00:00;;;;;;;;;965.8;;;;1013.9;4.4;19.6;15.8;70.6;18.9;68;;;;;;;;;;;;;;276;;
SCM;22.02.2022 00:00;;;;;;;;;976.4;;;;1025;3.3;13.1;11.9;47.2;12.8;46.1;;;;;;;;;;;;;;285;;
SCM;23.02.2022 00:00;;;;;;;;;977.7;;;;1026.3;1.7;5.3;6.1;19.1;5.1;18.4;;;;;;;;;;;;;;90;;
SCM;24.02.2022 00:00;;;;;;;;;971.2;;;;1019.5;2.3;15.1;8.3;54.4;14.9;53.6;;;;;;;;;;;;;;270;;
SCM;25.02.2022 00:00;;;;;;;;;978.7;;;;1027.4;2.2;11.9;7.9;42.8;11.7;42.1;;;;;;;;;;;;;;249;;
SCM;26.02.2022 00:00;;;;;;;;;982.1;;;;1030.9;2.9;10.2;10.4;36.7;9.9;35.6;;;;;;;;;;;;;;60;;
SCM;27.02.2022 00:00;;;;;;;;;979.2;;;;1027.9;2.4;11.5;8.6;41.4;11.3;40.7;;;;;;;;;;;;;;90;;
SCM;28.02.2022 00:00;;;;;;;;;980.8;;;;1029.5;1.2;4.6;4.3;16.6;4.4;15.8;;;;;;;;;;;;;;135;;
SCM;01.03.2022 00:00;;;;;;;;;978.6;;;;1027.3;1.7;7.2;6.1;25.9;6.9;24.8;;;;;;;;;;;;;;225;;
SCM;02.03.2022 00:00;;;;;;;;;973.7;;;;1022.2;1.4;7.3;5;26.3;6.5;23.4;;;;;;;;;;;;;;0;;
SCM;03.03.2022 00:00;;;;;;;;;968.3;;;;1016.6;1.5;6.2;5.4;22.3;6.1;22;;;;;;;;;;;;;;252;;
SCM;04.03.2022 00:00;;;;;;;;;968.7;;;;1017;1.6;7.2;5.8;25.9;6.8;24.5;;;;;;;;;;;;;;225;;
SCM;05.03.2022 00:00;;;;;;;;;969.4;;;;1017.7;1.7;8;6.1;28.8;7.1;25.6;;;;;;;;;;;;;;236;;
SCM;06.03.2022 00:00;;;;;;;;;970.4;;;;1018.7;2.2;8;7.9;28.8;7.5;27;;;;;;;;;;;;;;27;;
SCM;07.03.2022 00:00;;;;;;;;;971.7;;;;1020.1;2.1;9;7.6;32.4;8.7;31.3;;;;;;;;;;;;;;36;;
SCM;08.03.2022 00:00;;;;;;;;;972.3;;;;1020.8;1.4;5.1;5;18.4;4.7;16.9;;;;;;;;;;;;;;233;;
SCM;09.03.2022 00:00;;;;;;;;;975.2;;;;1023.7;1.4;6.1;5;22;5.6;20.2;;;;;;;;;;;;;;360;;
SCM;10.03.2022 00:00;;;;;;;;;974.3;;;;1022.8;1.5;7.4;5.4;26.6;7;25.2;;;;;;;;;;;;;;270;;
SCM;11.03.2022 00:00;;;;;;;;;969.8;;;;1018.1;2.9;18;10.4;64.8;17.8;64.1;;;;;;;;;;;;;;141;;
SCM;12.03.2022 00:00;;;;;;;;;970;;;;1018.3;3.8;18.7;13.7;67.3;17.8;64.1;;;;;;;;;;;;;;118;;
SCM;13.03.2022 00:00;;;;;;;;;967.7;;;;1015.9;4.9;15.1;17.6;54.4;13.9;50;;;;;;;;;;;;;;105;;
SCM;14.03.2022 00:00;;;;;;;;;978.6;;;;1027.2;2.7;14.6;9.7;52.6;14.2;51.1;;;;;;;;;;;;;;237;;
SCM;15.03.2022 00:00;;;;;;;;;977.4;;;;1026;2.3;18.1;8.3;65.2;17.9;64.4;;;;;;;;;;;;;;158;;
SCM;16.03.2022 00:00;;;;;;;;;974.5;;;;1023;1.5;4.8;5.4;17.3;4.7;16.9;;;;;;;;;;;;;;264;;
SCM;17.03.2022 00:00;;;;;;;;;977.4;;;;1026.1;1.5;7.7;5.4;27.7;7.2;25.9;;;;;;;;;;;;;;333;;
SCM;18.03.2022 00:00;;;;;;;;;984;;;;1032.9;3.8;12;13.7;43.2;11.4;41;;;;;;;;;;;;;;73;;
SCM;19.03.2022 00:00;;;;;;;;;981.8;;;;1030.6;2.9;10;10.4;36;9.3;33.5;;;;;;;;;;;;;;40;;
SCM;20.03.2022 00:00;;;;;;;;;980.1;;;;1028.8;3.4;17;12.2;61.2;16.3;58.7;;;;;;;;;;;;;;120;;
SCM;21.03.2022 00:00;;;;;;;;;982;;;;1030.8;3.3;11.9;11.9;42.8;11.3;40.7;;;;;;;;;;;;;;60;;
SCM;22.03.2022 00:00;;;;;;;;;981.8;;;;1030.5;1.5;5.2;5.4;18.7;4.9;17.6;;;;;;;;;;;;;;236;;
SCM;23.03.2022 00:00;;;;;;;;;980.8;;;;1029.5;1;4;3.6;14.4;3.7;13.3;;;;;;;;;;;;;;243;;
SCM;24.03.2022 00:00;;;;;;;;;978.7;;;;1027.3;1.1;3.7;4;13.3;3.4;12.2;;;;;;;;;;;;;;252;;
SCM;25.03.2022 00:00;;;;;;;;;977.1;;;;1025.7;1.8;8.8;6.5;31.7;8.5;30.6;;;;;;;;;;;;;;34;;
SCM;26.03.2022 00:00;;;;;;;;;977.2;;;;1025.8;2.2;9;7.9;32.4;8.9;32;;;;;;;;;;;;;;27;;
SCM;27.03.2022 00:00;;;;;;;;;978.5;;;;1027.2;1.3;4.3;4.7;15.5;4.2;15.1;;;;;;;;;;;;;;243;;
SCM;28.03.2022 00:00;;;;;;;;;974.4;;;;1022.9;1.4;5.3;5;19.1;5;18;;;;;;;;;;;;;;270;;
SCM;29.03.2022 00:00;;;;;;;;;963.2;;;;1011.3;2;7.8;7.2;28.1;7.5;27;;;;;;;;;;;;;;180;;
SCM;30.03.2022 00:00;;;;;;;;;954.7;;;;1002.5;1.6;9.2;5.8;33.1;9.1;32.8;;;;;;;;;;;;;;233;;
SCM;31.03.2022 00:00;;;;;;;;;948.7;;;;996.2;2.4;13.1;8.6;47.2;12.7;45.7;;;;;;;;;;;;;;220;;
SCM;01.04.2022 00:00;;;;;;;;;952.3;;;;999.9;2.6;7.2;9.4;25.9;6.9;24.8;;;;;;;;;;;;;;248;;
SCM;02.04.2022 00:00;;;;;;;;;960.9;;;;1008.8;2;5.9;7.2;21.2;5.6;20.2;;;;;;;;;;;;;;243;;
SCM;03.04.2022 00:00;;;;;;;;;970.3;;;;1018.6;1.8;8.6;6.5;31;8.5;30.6;;;;;;;;;;;;;;17;;
SCM;04.04.2022 00:00;;;;;;;;;970.2;;;;1018.5;2.6;9.9;9.4;35.6;9.8;35.3;;;;;;;;;;;;;;219;;
SCM;05.04.2022 00:00;;;;;;;;;966.6;;;;1014.8;1.3;5;4.7;18;4.8;17.3;;;;;;;;;;;;;;49;;
SCM;06.04.2022 00:00;;;;;;;;;960.6;;;;1008.6;1.8;7.7;6.5;27.7;7.4;26.6;;;;;;;;;;;;;;188;;
SCM;07.04.2022 00:00;;;;;;;;;956;;;;1003.8;2.8;17.4;10.1;62.6;17.1;61.6;;;;;;;;;;;;;;228;;
SCM;08.04.2022 00:00;;;;;;;;;954.2;;;;1001.9;4.2;18.8;15.1;67.7;18.4;66.2;;;;;;;;;;;;;;228;;
SCM;09.04.2022 00:00;;;;;;;;;965.8;;;;1013.9;3.2;19;11.5;68.4;18.7;67.3;;;;;;;;;;;;;;236;;
SCM;10.04.2022 00:00;;;;;;;;;973;;;;1021.4;1.8;7.9;6.5;28.4;7.4;26.6;;;;;;;;;;;;;;79;;
SCM;11.04.2022 00:00;;;;;;;;;968.6;;;;1016.8;1.9;12.3;6.8;44.3;12;43.2;;;;;;;;;;;;;;63;;
SCM;12.04.2022 00:00;;;;;;;;;965.7;;;;1013.9;1.7;7.1;6.1;25.6;6.9;24.8;;;;;;;;;;;;;;236;;
SCM;13.04.2022 00:00;;;;;;;;;967.7;;;;1015.9;1.3;5.3;4.7;19.1;4.8;17.3;;;;;;;;;;;;;;225;;
SCM;14.04.2022 00:00;;;;;;;;;971.3;;;;1019.7;1.8;7.8;6.5;28.1;7.7;27.7;;;;;;;;;;;;;;217;;
SCM;15.04.2022 00:00;;;;;;;;;974.9;;;;1023.4;1.6;5.9;5.8;21.2;5.7;20.5;;;;;;;;;;;;;;225;;
SCM;16.04.2022 00:00;;;;;;;;;977.2;;;;1025.7;3.2;12.3;11.5;44.3;11.4;41;;;;;;;;;;;;;;19;;
SCM;17.04.2022 00:00;;;;;;;;;974;;;;1022.5;3.1;10;11.2;36;9.7;34.9;;;;;;;;;;;;;;15;;
SCM;18.04.2022 00:00;;;;;;;;;968.3;;;;1016.5;1.7;5.7;6.1;20.5;5.4;19.4;;;;;;;;;;;;;;225;;
SCM;19.04.2022 00:00;;;;;;;;;963.9;;;;1011.9;1.7;8.1;6.1;29.2;7.9;28.4;;;;;;;;;;;;;;198;;
SCM;20.04.2022 00:00;;;;;;;;;962.5;;;;1010.6;2.4;8.9;8.6;32;8.3;29.9;;;;;;;;;;;;;;18;;
SCM;21.04.2022 00:00;;;;;;;;;958.6;;;;1006.4;1.9;8.6;6.8;31;8.1;29.2;;;;;;;;;;;;;;342;;
SCM;22.04.2022 00:00;;;;;;;;;953.6;;;;1001.3;1.6;5.3;5.8;19.1;5.1;18.4;;;;;;;;;;;;;;207;;
SCM;23.04.2022 00:00;;;;;;;;;952.1;;;;999.7;2.3;5.7;8.3;20.5;5.7;20.5;;;;;;;;;;;;;;212;;
SCM;24.04.2022 00:00;;;;;;;;;956;;;;1003.7;2.4;14.6;8.6;52.6;14.2;51.1;;;;;;;;;;;;;;219;;
SCM;25.04.2022 00:00;;;;;;;;;963.4;;;;1011.5;2;8.7;7.2;31.3;8.6;31;;;;;;;;;;;;;;270;;
SCM;26.04.2022 00:00;;;;;;;;;968.5;;;;1016.8;1.8;9.7;6.5;34.9;9.2;33.1;;;;;;;;;;;;;;180;;
SCM;27.04.2022 00:00;;;;;;;;;973;;;;1021.4;2.3;10.6;8.3;38.2;10;36;;;;;;;;;;;;;;18;;
SCM;28.04.2022 00:00;;;;;;;;;976.8;;;;1025.4;1.8;7.4;6.5;26.6;7;25.2;;;;;;;;;;;;;;214;;
SCM;29.04.2022 00:00;;;;;;;;;975.9;;;;1024.4;1.6;6.2;5.8;22.3;5.9;21.2;;;;;;;;;;;;;;201;;
SCM;30.04.2022 00:00;;;;;;;;;974.1;;;;1022.5;1.9;10.3;6.8;37.1;10;36;;;;;;;;;;;;;;45;;
SCM;01.05.2022 00:00;;;;;;;;;971.6;;;;1020;2;7.4;7.2;26.6;7.3;26.3;;;;;;;;;;;;;;135;;
SCM;02.05.2022 00:00;;;;;;;;;967.5;;;;1015.7;1.4;5.1;5;18.4;5;18;;;;;;;;;;;;;;191;;
SCM;03.05.2022 00:00;;;;;;;;;967.4;;;;1015.6;1.4;7.8;5;28.1;7.7;27.7;;;;;;;;;;;;;;166;;
SCM;04.05.2022 00:00;;;;;;;;;969.5;;;;1017.8;2.3;10.2;8.3;36.7;10;36;;;;;;;;;;;;;;45;;
SCM;05.05.2022 00:00;;;;;;;;;972.4;;;;1020.9;2.3;10.6;8.3;38.2;10.3;37.1;;;;;;;;;;;;;;198;;
SCM;06.05.2022 00:00;;;;;;;;;974.2;;;;1022.7;1.3;3.5;4.7;12.6;3.5;12.6;;;;;;;;;;;;;;194;;
SCM;07.05.2022 00:00;;;;;;;;;973.4;;;;1021.9;1.5;9.3;5.4;33.5;9;32.4;;;;;;;;;;;;;;203;;
SCM;08.05.2022 00:00;;;;;;;;;973.5;;;;1021.9;1.8;10.5;6.5;37.8;10.1;36.4;;;;;;;;;;;;;;360;;
SCM;09.05.2022 00:00;;;;;;;;;975.3;;;;1023.8;2.4;7.6;8.6;27.4;7.6;27.4;;;;;;;;;;;;;;166;;
SCM;10.05.2022 00:00;;;;;;;;;973.7;;;;1022.1;2.2;11.2;7.9;40.3;10.6;38.2;;;;;;;;;;;;;;76;;
SCM;11.05.2022 00:00;;;;;;;;;970.5;;;;1018.8;2;7.9;7.2;28.4;7.7;27.7;;;;;;;;;;;;;;180;;
SCM;12.05.2022 00:00;;;;;;;;;972.4;;;;1020.9;1.6;11.8;5.8;42.5;10.9;39.2;;;;;;;;;;;;;;193;;
SCM;13.05.2022 00:00;;;;;;;;;973.9;;;;1022.4;1.5;7.4;5.4;26.6;7.3;26.3;;;;;;;;;;;;;;162;;
SCM;14.05.2022 00:00;;;;;;;;;972.4;;;;1020.8;2.2;6.8;7.9;24.5;6.7;24.1;;;;;;;;;;;;;;191;;
SCM;15.05.2022 00:00;;;;;;;;;969.9;;;;1018.2;1.4;;5;;;;;;;;;;;;;;;;;;;
SCM;16.05.2022 00:00;;;;;;;;;972.4;;;;1020.9;2;;7.2;;;;;;;;;;;;;;;;;;;
SCM;17.05.2022 00:00;;;;;;;;;973.2;;;;1021.6;1.1;;4;;;;;;;;;;;;;;;;;;;
SCM;18.05.2022 00:00;;;;;;;;;973.4;;;;1021.9;1.9;8.5;6.8;30.6;8;28.8;;;;;;;;;;;;;;53;;
SCM;19.05.2022 00:00;;;;;;;;;975;;;;1023.5;2.7;12.7;9.7;45.7;11.7;42.1;;;;;;;;;;;;;;86;;
SCM;20.05.2022 00:00;;;;;;;;;973.5;;;;1021.9;3.3;14.3;11.9;51.5;14.2;51.1;;;;;;;;;;;;;;96;;
SCM;21.05.2022 00:00;;;;;;;;;973.9;;;;1022.3;1.3;6.3;4.7;22.7;6.1;22;;;;;;;;;;;;;;211;;
SCM;22.05.2022 00:00;;;;;;;;;966.4;;;;1014.6;2.1;10.5;7.6;37.8;10.3;37.1;;;;;;;;;;;;;;194;;
SCM;23.05.2022 00:00;;;;;;;;;959.5;;;;1007.4;3.2;20.1;11.5;72.4;19.9;71.6;;;;;;;;;;;;;;97;;
SCM;24.05.2022 00:00;;;;;;;;;963.9;;;;1011.9;1.4;9.3;5;33.5;8.8;31.7;;;;;;;;;;;;;;162;;
SCM;25.05.2022 00:00;;;;;;;;;970.7;;;;1019;1.5;4.4;5.4;15.8;4.2;15.1;;;;;;;;;;;;;;149;;
SCM;26.05.2022 00:00;;;;;;;;;976.2;;;;1024.8;2.1;7.6;7.6;27.4;7.5;27;;;;;;;;;;;;;;235;;
SCM;27.05.2022 00:00;;;;;;;;;974.8;;;;1023.3;2.6;8.7;9.4;31.3;8.6;31;;;;;;;;;;;;;;257;;
SCM;28.05.2022 00:00;;;;;;;;;970.1;;;;1018.4;1.8;9;6.5;32.4;8.7;31.3;;;;;;;;;;;;;;90;;
SCM;29.05.2022 00:00;;;;;;;;;963.6;;;;1011.6;2.4;8.9;8.6;32;8.6;31;;;;;;;;;;;;;;101;;
SCM;30.05.2022 00:00;;;;;;;;;963.2;;;;1011.3;2.3;9.2;8.3;33.1;8.8;31.7;;;;;;;;;;;;;;141;;
SCM;31.05.2022 00:00;;;;;;;;;966.6;;;;1014.8;2.6;11.9;9.4;42.8;11.4;41;;;;;;;;;;;;;;85;;
SCM;01.06.2022 00:00;;;;;;;;;969.4;;;;1017.7;1.6;7.6;5.8;27.4;7.4;26.6;;;;;;;;;;;;;;135;;
SCM;02.06.2022 00:00;;;;;;;;;970.4;;;;1018.7;1.8;9.9;6.5;35.6;9.4;33.8;;;;;;;;;;;;;;270;;
SCM;03.06.2022 00:00;;;;;;;;;969.1;;;;1017.4;3.2;14.2;11.5;51.1;13.5;48.6;;;;;;;;;;;;;;84;;
SCM;04.06.2022 00:00;;;;;;;;;969.8;;;;1018.1;2.6;11.1;9.4;40;10.6;38.2;;;;;;;;;;;;;;90;;
SCM;05.06.2022 00:00;;;;;;;;;969.6;;;;1017.9;2.6;15.8;9.4;56.9;14.9;53.6;;;;;;;;;;;;;;72;;
SCM;06.06.2022 00:00;;;;;;;;;970.8;;;;1019.2;2;6.9;7.2;24.8;6.9;24.8;;;;;;;;;;;;;;225;;
SCM;07.06.2022 00:00;;;;;;;;;969.6;;;;1017.9;1.8;8.2;6.5;29.5;8.1;29.2;;;;;;;;;;;;;;233;;
SCM;08.06.2022 00:00;;;;;;;;;965.1;;;;1013.3;2.2;12.8;7.9;46.1;12.6;45.4;;;;;;;;;;;;;;239;;
SCM;09.06.2022 00:00;;;;;;;;;970.8;;;;1019.1;2.4;13.5;8.6;48.6;13.1;47.2;;;;;;;;;;;;;;288;;
SCM;10.06.2022 00:00;;;;;;;;;975.8;;;;1024.4;1.5;6;5.4;21.6;5.7;20.5;;;;;;;;;;;;;;72;;
SCM;11.06.2022 00:00;;;;;;;;;975.9;;;;1024.4;1.8;7.5;6.5;27;6.7;24.1;;;;;;;;;;;;;;270;;
SCM;12.06.2022 00:00;;;;;;;;;973.7;;;;1022.1;1.9;11.1;6.8;40;10.3;37.1;;;;;;;;;;;;;;117;;
SCM;13.06.2022 00:00;;;;;;;;;973.2;;;;1021.7;1.5;9.2;5.4;33.1;8.9;32;;;;;;;;;;;;;;117;;
SCM;14.06.2022 00:00;;;;;;;;;971.7;;;;1020.1;1.9;6.2;6.8;22.3;5.8;20.9;;;;;;;;;;;;;;248;;
SCM;15.06.2022 00:00;;;;;;;;;970;;;;1018.3;1.6;7.6;5.8;27.4;7.3;26.3;;;;;;;;;;;;;;101;;
SCM;16.06.2022 00:00;;;;;;;;;972.3;;;;1020.7;2.2;14.3;7.9;51.5;12.3;44.3;;;;;;;;;;;;;;90;;
SCM;17.06.2022 00:00;;;;;;;;;975.9;;;;1024.4;1.6;5.6;5.8;20.2;5.4;19.4;;;;;;;;;;;;;;270;;
SCM;18.06.2022 00:00;;;;;;;;;971.3;;;;1019.7;2.2;8.5;7.9;30.6;8.4;30.2;;;;;;;;;;;;;;76;;
SCM;19.06.2022 00:00;;;;;;;;;964;;;;1012.1;3.3;11.5;11.9;41.4;11.1;40;;;;;;;;;;;;;;93;;
SCM;20.06.2022 00:00;;;;;;;;;965.5;;;;1013.6;2.7;11.4;9.7;41;11.1;40;;;;;;;;;;;;;;243;;
SCM;21.06.2022 00:00;;;;;;;;;965;;;;1013.1;2.6;19;9.4;68.4;17.9;64.4;;;;;;;;;;;;;;127;;
SCM;22.06.2022 00:00;;;;;;;;;965.5;;;;1013.6;2.6;26.8;9.4;96.5;25.5;91.8;;;;;;;;;;;;;;102;;
SCM;23.06.2022 00:00;;;;;;;;;965.4;;;;1013.5;2.3;23.7;8.3;85.3;23.5;84.6;;;;;;;;;;;;;;315;;
SCM;24.06.2022 00:00;;;;;;;;;965.7;;;;1013.8;2.2;11.8;7.9;42.5;11.3;40.7;;;;;;;;;;;;;;104;;
SCM;25.06.2022 00:00;;;;;;;;;966.8;;;;1015;2.1;10.3;7.6;37.1;9.6;34.6;;;;;;;;;;;;;;90;;
SCM;26.06.2022 00:00;;;;;;;;;965.8;;;;1013.9;3.4;12.8;12.2;46.1;11.9;42.8;;;;;;;;;;;;;;180;;
SCM;27.06.2022 00:00;;;;;;;;;970.8;;;;1019.1;2.6;9.5;9.4;34.2;8.9;32;;;;;;;;;;;;;;264;;
SCM;28.06.2022 00:00;;;;;;;;;971.1;;;;1019.5;1.6;11.6;5.8;41.8;11.2;40.3;;;;;;;;;;;;;;97;;
SCM;29.06.2022 00:00;;;;;;;;;967.3;;;;1015.5;1.8;5.7;6.5;20.5;5.6;20.2;;;;;;;;;;;;;;225;;
SCM;30.06.2022 00:00;;;;;;;;;965.6;;;;1013.7;2.1;20;7.6;72;19.7;70.9;;;;;;;;;;;;;;254;;
SCM;01.07.2022 00:00;;;;;;;;;973.3;;;;1021.8;1.7;9.6;6.1;34.6;9.2;33.1;;;;;;;;;;;;;;104;;
SCM;02.07.2022 00:00;;;;;;;;;973.3;;;;1021.8;1.9;5.5;6.8;19.8;5.2;18.7;;;;;;;;;;;;;;249;;
SCM;03.07.2022 00:00;;;;;;;;;971.9;;;;1020.3;1.9;14.3;6.8;51.5;13.3;47.9;;;;;;;;;;;;;;135;;
SCM;04.07.2022 00:00;;;;;;;;;972.3;;;;1020.7;3.1;14.7;11.2;52.9;14.5;52.2;;;;;;;;;;;;;;107;;
SCM;05.07.2022 00:00;;;;;;;;;973.7;;;;1022.2;1.6;6.7;5.8;24.1;6.5;23.4;;;;;;;;;;;;;;233;;
SCM;06.07.2022 00:00;;;;;;;;;974.9;;;;1023.4;2.4;7.6;8.6;27.4;7.5;27;;;;;;;;;;;;;;245;;
SCM;07.07.2022 00:00;;;;;;;;;976.3;;;;1024.9;2.4;9.7;8.6;34.9;9.2;33.1;;;;;;;;;;;;;;267;;
SCM;08.07.2022 00:00;;;;;;;;;980.2;;;;1028.9;2;5.7;7.2;20.5;5.1;18.4;;;;;;;;;;;;;;231;;
SCM;09.07.2022 00:00;;;;;;;;;977.7;;;;1026.4;1.7;5.1;6.1;18.4;5;18;;;;;;;;;;;;;;217;;
SCM;10.07.2022 00:00;;;;;;;;;974.6;;;;1023.1;2.4;9.8;8.6;35.3;9.4;33.8;;;;;;;;;;;;;;270;;
SCM;11.07.2022 00:00;;;;;;;;;974.2;;;;1022.7;2.4;7.1;8.6;25.6;7;25.2;;;;;;;;;;;;;;90;;
SCM;12.07.2022 00:00;;;;;;;;;975.8;;;;1024.4;2;8.3;7.2;29.9;7.8;28.1;;;;;;;;;;;;;;79;;
SCM;13.07.2022 00:00;;;;;;;;;974.9;;;;1023.4;1.9;8.5;6.8;30.6;8;28.8;;;;;;;;;;;;;;135;;
SCM;14.07.2022 00:00;;;;;;;;;971.4;;;;1019.7;2;7.9;7.2;28.4;7.5;27;;;;;;;;;;;;;;247;;
SCM;15.07.2022 00:00;;;;;;;;;971.6;;;;1019.9;1.9;6.8;6.8;24.5;6.7;24.1;;;;;;;;;;;;;;255;;
SCM;16.07.2022 00:00;;;;;;;;;973.7;;;;1022.1;2.3;10.1;8.3;36.4;8.8;31.7;;;;;;;;;;;;;;243;;
SCM;17.07.2022 00:00;;;;;;;;;975.9;;;;1024.5;1.9;7.6;6.8;27.4;7;25.2;;;;;;;;;;;;;;270;;
SCM;18.07.2022 00:00;;;;;;;;;975.1;;;;1023.6;1.7;5.9;6.1;21.2;5.6;20.2;;;;;;;;;;;;;;360;;
SCM;19.07.2022 00:00;;;;;;;;;971;;;;1019.4;1.6;8.2;5.8;29.5;8;28.8;;;;;;;;;;;;;;0;;
SCM;20.07.2022 00:00;;;;;;;;;971.3;;;;1019.7;2.3;11;8.3;39.6;10.8;38.9;;;;;;;;;;;;;;243;;
SCM;21.07.2022 00:00;;;;;;;;;974;;;;1022.4;1.4;4.9;5;17.6;4.8;17.3;;;;;;;;;;;;;;214;;
SCM;22.07.2022 00:00;;;;;;;;;970.5;;;;1018.8;1.8;10.2;6.5;36.7;9.9;35.6;;;;;;;;;;;;;;243;;
SCM;23.07.2022 00:00;;;;;;;;;971.8;;;;1020.2;2.1;19.5;7.6;70.2;18.4;66.2;;;;;;;;;;;;;;103;;
SCM;24.07.2022 00:00;;;;;;;;;970.9;;;;1019.3;1.8;6.2;6.5;22.3;6.1;22;;;;;;;;;;;;;;236;;
SCM;25.07.2022 00:00;;;;;;;;;967;;;;1015.2;3.2;11;11.5;39.6;10.1;36.4;;;;;;;;;;;;;;180;;
SCM;26.07.2022 00:00;;;;;;;;;969.6;;;;1017.9;1.5;5.7;5.4;20.5;5.5;19.8;;;;;;;;;;;;;;117;;
SCM;27.07.2022 00:00;;;;;;;;;968;;;;1016.2;1.7;5.5;6.1;19.8;5.1;18.4;;;;;;;;;;;;;;239;;
SCM;28.07.2022 00:00;;;;;;;;;966.9;;;;1015.1;3.1;19;11.2;68.4;18;64.8;;;;;;;;;;;;;;139;;
SCM;29.07.2022 00:00;;;;;;;;;970.1;;;;1018.4;2.4;10.8;8.6;38.9;10.1;36.4;;;;;;;;;;;;;;85;;
SCM;30.07.2022 00:00;;;;;;;;;972.6;;;;1021;1.8;11.2;6.5;40.3;10.9;39.2;;;;;;;;;;;;;;90;;
SCM;31.07.2022 00:00;;;;;;;;;971.8;;;;1020.2;2.1;7.8;7.6;28.1;7.5;27;;;;;;;;;;;;;;233;;
SCM;01.08.2022 00:00;;;;;;;;;970.7;;;;1019.1;2.3;16.2;8.3;58.3;15.8;56.9;;;;;;;;;;;;;;239;;
SCM;02.08.2022 00:00;;;;;;;;;970.7;;;;1019.1;2.4;10.4;8.6;37.4;9.9;35.6;;;;;;;;;;;;;;121;;
SCM;03.08.2022 00:00;;;;;;;;;969;;;;1017.2;2;7.5;7.2;27;7.3;26.3;;;;;;;;;;;;;;135;;
SCM;04.08.2022 00:00;;;;;;;;;967.7;;;;1015.9;1.7;7.8;6.1;28.1;7.1;25.6;;;;;;;;;;;;;;97;;
SCM;05.08.2022 00:00;;;;;;;;;969.5;;;;1017.8;3.1;19.3;11.2;69.5;18.3;65.9;;;;;;;;;;;;;;126;;
SCM;06.08.2022 00:00;;;;;;;;;974.4;;;;1022.9;1.9;9;6.8;32.4;8.6;31;;;;;;;;;;;;;;56;;
SCM;07.08.2022 00:00;;;;;;;;;972.5;;;;1020.9;1.6;6.6;5.8;23.8;6.1;22;;;;;;;;;;;;;;360;;
SCM;08.08.2022 00:00;;;;;;;;;973.2;;;;1021.6;1.9;7.2;6.8;25.9;7;25.2;;;;;;;;;;;;;;82;;
SCM;09.08.2022 00:00;;;;;;;;;974.3;;;;1022.8;2.2;8.2;7.9;29.5;8;28.8;;;;;;;;;;;;;;75;;
SCM;10.08.2022 00:00;;;;;;;;;973.1;;;;1021.6;2;9;7.2;32.4;8.7;31.3;;;;;;;;;;;;;;79;;
SCM;11.08.2022 00:00;;;;;;;;;971;;;;1019.4;1.7;5.6;6.1;20.2;5.3;19.1;;;;;;;;;;;;;;254;;
SCM;12.08.2022 00:00;;;;;;;;;968.7;;;;1017;2;9.2;7.2;33.1;9;32.4;;;;;;;;;;;;;;74;;
SCM;13.08.2022 00:00;;;;;;;;;967.1;;;;1015.3;2.1;7.5;7.6;27;7.2;25.9;;;;;;;;;;;;;;63;;
SCM;14.08.2022 00:00;;;;;;;;;962.7;;;;1010.7;2.4;11.3;8.6;40.7;11.1;40;;;;;;;;;;;;;;262;;
SCM;15.08.2022 00:00;;;;;;;;;962.9;;;;1010.9;2.6;11.1;9.4;40;10.2;36.7;;;;;;;;;;;;;;103;;
SCM;16.08.2022 00:00;;;;;;;;;963.8;;;;1011.9;2.4;8.8;8.6;31.7;8.3;29.9;;;;;;;;;;;;;;74;;
SCM;17.08.2022 00:00;;;;;;;;;964.7;;;;1012.8;2.2;15.9;7.9;57.2;15.7;56.5;;;;;;;;;;;;;;0;;
SCM;18.08.2022 00:00;;;;;;;;;965.9;;;;1014;1.4;6.8;5;24.5;6.5;23.4;;;;;;;;;;;;;;104;;
SCM;19.08.2022 00:00;;;;;;;;;968.6;;;;1016.9;2;11.1;7.2;40;10.8;38.9;;;;;;;;;;;;;;326;;
SCM;20.08.2022 00:00;;;;;;;;;971.6;;;;1020;1.5;4.2;5.4;15.1;4;14.4;;;;;;;;;;;;;;101;;
SCM;21.08.2022 00:00;;;;;;;;;969.1;;;;1017.4;1.8;9.3;6.5;33.5;9.1;32.8;;;;;;;;;;;;;;225;;
SCM;22.08.2022 00:00;;;;;;;;;967.6;;;;1015.8;1.6;6.4;5.8;23;6.1;22;;;;;;;;;;;;;;79;;
SCM;23.08.2022 00:00;;;;;;;;;969.9;;;;1018.3;1.9;7.5;6.8;27;6.9;24.8;;;;;;;;;;;;;;76;;
SCM;24.08.2022 00:00;;;;;;;;;970.4;;;;1018.7;2;7.7;7.2;27.7;7;25.2;;;;;;;;;;;;;;63;;
SCM;25.08.2022 00:00;;;;;;;;;968.4;;;;1016.6;1.1;5;4;18;4.8;17.3;;;;;;;;;;;;;;90;;
SCM;26.08.2022 00:00;;;;;;;;;967.1;;;;1015.3;2.2;14.8;7.9;53.3;14.4;51.8;;;;;;;;;;;;;;236;;
SCM;27.08.2022 00:00;;;;;;;;;967.4;;;;1015.6;1.6;6.6;5.8;23.8;6.2;22.3;;;;;;;;;;;;;;135;;
SCM;28.08.2022 00:00;;;;;;;;;969;;;;1017.3;2.1;6.2;7.6;22.3;5.8;20.9;;;;;;;;;;;;;;256;;
SCM;29.08.2022 00:00;;;;;;;;;970.8;;;;1019.2;1.6;5;5.8;18;4.9;17.6;;;;;;;;;;;;;;243;;
SCM;30.08.2022 00:00;;;;;;;;;970.5;;;;1018.9;1.7;14.7;6.1;52.9;14.3;51.5;;;;;;;;;;;;;;207;;
SCM;31.08.2022 00:00;;;;;;;;;971.4;;;;1019.7;1.6;5.1;5.8;18.4;5;18;;;;;;;;;;;;;;270;;
SCM;01.09.2022 00:00;;;;;;;;;969.8;;;;1018.1;1.7;5.7;6.1;20.5;5.5;19.8;;;;;;;;;;;;;;243;;
SCM;02.09.2022 00:00;;;;;;;;;967.1;;;;1015.3;2.4;14.6;8.6;52.6;13.3;47.9;;;;;;;;;;;;;;111;;
SCM;03.09.2022 00:00;;;;;;;;;968;;;;1016.3;2.9;12.6;10.4;45.4;12;43.2;;;;;;;;;;;;;;90;;
SCM;04.09.2022 00:00;;;;;;;;;972.4;;;;1020.8;1.7;9.9;6.1;35.6;9.2;33.1;;;;;;;;;;;;;;90;;
SCM;05.09.2022 00:00;;;;;;;;;973.2;;;;1021.7;1.7;9.7;6.1;34.9;9.4;33.8;;;;;;;;;;;;;;90;;
SCM;06.09.2022 00:00;;;;;;;;;971.2;;;;1019.6;3.1;12.5;11.2;45;12.2;43.9;;;;;;;;;;;;;;84;;
SCM;07.09.2022 00:00;;;;;;;;;967.9;;;;1016.1;2.2;17.9;7.9;64.4;17.6;63.4;;;;;;;;;;;;;;90;;
SCM;08.09.2022 00:00;;;;;;;;;966.9;;;;1015.1;1.7;7.7;6.1;27.7;7.4;26.6;;;;;;;;;;;;;;146;;
SCM;09.09.2022 00:00;;;;;;;;;968.4;;;;1016.6;1.5;14.2;5.4;51.1;13.5;48.6;;;;;;;;;;;;;;90;;
SCM;10.09.2022 00:00;;;;;;;;;970.9;;;;1019.3;1.6;4.7;5.8;16.9;4.5;16.2;;;;;;;;;;;;;;90;;
SCM;11.09.2022 00:00;;;;;;;;;971.9;;;;1020.3;1.6;4.8;5.8;17.3;4.7;16.9;;;;;;;;;;;;;;112;;
SCM;12.09.2022 00:00;;;;;;;;;968.6;;;;1016.9;1.7;8.6;6.1;31;8.2;29.5;;;;;;;;;;;;;;98;;
SCM;13.09.2022 00:00;;;;;;;;;964.8;;;;1012.9;1.6;9.6;5.8;34.6;9.3;33.5;;;;;;;;;;;;;;83;;
SCM;14.09.2022 00:00;;;;;;;;;962;;;;1010;1.5;11;5.4;39.6;10.3;37.1;;;;;;;;;;;;;;83;;
SCM;15.09.2022 00:00;;;;;;;;;963.3;;;;1011.4;1.3;10.5;4.7;37.8;10.2;36.7;;;;;;;;;;;;;;90;;
SCM;16.09.2022 00:00;;;;;;;;;965;;;;1013.1;1.5;10.1;5.4;36.4;9.5;34.2;;;;;;;;;;;;;;108;;
SCM;17.09.2022 00:00;;;;;;;;;969.7;;;;1018;1.9;9.7;6.8;34.9;9.1;32.8;;;;;;;;;;;;;;45;;
SCM;18.09.2022 00:00;;;;;;;;;971.5;;;;1019.8;1.9;8.2;6.8;29.5;8;28.8;;;;;;;;;;;;;;262;;
SCM;19.09.2022 00:00;;;;;;;;;972.9;;;;1021.4;1.7;6.1;6.1;22;6;21.6;;;;;;;;;;;;;;264;;
SCM;20.09.2022 00:00;;;;;;;;;974.7;;;;1023.2;1.6;7.5;5.8;27;7.4;26.6;;;;;;;;;;;;;;117;;
SCM;21.09.2022 00:00;;;;;;;;;974.7;;;;1023.2;1.9;9.9;6.8;35.6;9.4;33.8;;;;;;;;;;;;;;76;;
SCM;22.09.2022 00:00;;;;;;;;;973.2;;;;1021.6;1.4;4.4;5;15.8;4.3;15.5;;;;;;;;;;;;;;225;;
SCM;23.09.2022 00:00;;;;;;;;;970;;;;1018.3;1.2;4.8;4.3;17.3;4.7;16.9;;;;;;;;;;;;;;79;;
SCM;24.09.2022 00:00;;;;;;;;;966.5;;;;1014.7;1.3;6.2;4.7;22.3;6.1;22;;;;;;;;;;;;;;96;;
SCM;25.09.2022 00:00;;;;;;;;;965.5;;;;1013.6;1.3;5.5;4.7;19.8;5.4;19.4;;;;;;;;;;;;;;297;;
SCM;26.09.2022 00:00;;;;;;;;;961.3;;;;1009.3;1.4;6;5;21.6;5.8;20.9;;;;;;;;;;;;;;56;;
SCM;27.09.2022 00:00;;;;;;;;;957.5;;;;1005.3;3.4;16.4;12.2;59;16;57.6;;;;;;;;;;;;;;277;;
SCM;28.09.2022 00:00;;;;;;;;;954.4;;;;1002;2;9.2;7.2;33.1;8.2;29.5;;;;;;;;;;;;;;72;;
SCM;29.09.2022 00:00;;;;;;;;;956.1;;;;1003.9;1.2;5;4.3;18;4.9;17.6;;;;;;;;;;;;;;108;;
SCM;30.09.2022 00:00;;;;;;;;;964.1;;;;1012.2;1.1;3.7;4;13.3;3.5;12.6;;;;;;;;;;;;;;90;;
SCM;01.10.2022 00:00;;;;;;;;;970.2;;;;1018.5;1.3;4.9;4.7;17.6;4.7;16.9;;;;;;;;;;;;;;79;;
SCM;02.10.2022 00:00;;;;;;;;;974.8;;;;1023.3;1.8;11.6;6.5;41.8;11;39.6;;;;;;;;;;;;;;288;;
SCM;03.10.2022 00:00;;;;;;;;;977.3;;;;1025.9;1.6;5.2;5.8;18.7;5.1;18.4;;;;;;;;;;;;;;252;;
SCM;04.10.2022 00:00;;;;;;;;;975.6;;;;1024.1;1.3;7.5;4.7;27;7;25.2;;;;;;;;;;;;;;90;;
SCM;05.10.2022 00:00;;;;;;;;;976.6;;;;1025.2;1.4;6.6;5;23.8;6.4;23;;;;;;;;;;;;;;74;;
SCM;06.10.2022 00:00;;;;;;;;;981.2;;;;1030;1.7;6.4;6.1;23;6.3;22.7;;;;;;;;;;;;;;225;;
SCM;07.10.2022 00:00;;;;;;;;;976.6;;;;1025.2;1.2;6.6;4.3;23.8;6.3;22.7;;;;;;;;;;;;;;101;;
SCM;08.10.2022 00:00;;;;;;;;;974.6;;;;1023.1;1.2;7.2;4.3;25.9;6.9;24.8;;;;;;;;;;;;;;90;;
SCM;09.10.2022 00:00;;;;;;;;;972.7;;;;1021.2;1.2;6.6;4.3;23.8;6.1;22;;;;;;;;;;;;;;270;;
SCM;10.10.2022 00:00;;;;;;;;;972.4;;;;1020.8;1;4.8;3.6;17.3;4.3;15.5;;;;;;;;;;;;;;81;;
SCM;11.10.2022 00:00;;;;;;;;;974.7;;;;1023.2;1.3;7.3;4.7;26.3;6.9;24.8;;;;;;;;;;;;;;297;;
SCM;12.10.2022 00:00;;;;;;;;;975.3;;;;1023.8;1.5;5;5.4;18;4.9;17.6;;;;;;;;;;;;;;253;;
SCM;13.10.2022 00:00;;;;;;;;;973.6;;;;1022;1.2;7.8;4.3;28.1;7.6;27.4;;;;;;;;;;;;;;90;;
SCM;14.10.2022 00:00;;;;;;;;;969.4;;;;1017.7;2;8.6;7.2;31;7.8;28.1;;;;;;;;;;;;;;86;;
SCM;15.10.2022 00:00;;;;;;;;;967.5;;;;1015.7;1.6;8.8;5.8;31.7;8.3;29.9;;;;;;;;;;;;;;81;;
SCM;16.10.2022 00:00;;;;;;;;;972;;;;1020.4;1.7;10.4;6.1;37.4;9.9;35.6;;;;;;;;;;;;;;83;;
SCM;17.10.2022 00:00;;;;;;;;;978;;;;1026.6;1.3;6.6;4.7;23.8;6;21.6;;;;;;;;;;;;;;63;;
SCM;18.10.2022 00:00;;;;;;;;;979.6;;;;1028.3;1.2;7.7;4.3;27.7;7.1;25.6;;;;;;;;;;;;;;72;;
SCM;19.10.2022 00:00;;;;;;;;;975.1;;;;1023.6;1.5;4.8;5.4;17.3;4.6;16.6;;;;;;;;;;;;;;254;;
SCM;20.10.2022 00:00;;;;;;;;;969.9;;;;1018.2;1.9;11.5;6.8;41.4;10.8;38.9;;;;;;;;;;;;;;243;;
SCM;21.10.2022 00:00;;;;;;;;;967.4;;;;1015.6;1.8;8.2;6.5;29.5;7.8;28.1;;;;;;;;;;;;;;90;;
SCM;22.10.2022 00:00;;;;;;;;;970.6;;;;1019;2.4;9.3;8.6;33.5;8.9;32;;;;;;;;;;;;;;87;;
SCM;23.10.2022 00:00;;;;;;;;;968.5;;;;1016.8;2.7;11.5;9.7;41.4;11.2;40.3;;;;;;;;;;;;;;252;;
SCM;24.10.2022 00:00;;;;;;;;;970.3;;;;1018.7;2.2;9.1;7.9;32.8;8.5;30.6;;;;;;;;;;;;;;79;;
SCM;25.10.2022 00:00;;;;;;;;;972.1;;;;1020.5;2.2;10.3;7.9;37.1;10;36;;;;;;;;;;;;;;94;;
SCM;26.10.2022 00:00;;;;;;;;;974.4;;;;1022.9;2.8;18.1;10.1;65.2;17.6;63.4;;;;;;;;;;;;;;87;;
SCM;27.10.2022 00:00;;;;;;;;;978.3;;;;1027;2.2;10.7;7.9;38.5;9.9;35.6;;;;;;;;;;;;;;103;;
SCM;28.10.2022 00:00;;;;;;;;;978.2;;;;1026.9;1.7;10;6.1;36;9.4;33.8;;;;;;;;;;;;;;45;;
SCM;29.10.2022 00:00;;;;;;;;;976.5;;;;1025;1.4;8;5;28.8;7.6;27.4;;;;;;;;;;;;;;284;;
SCM;30.10.2022 00:00;;;;;;;;;974.4;;;;1022.9;0.9;3.5;3.2;12.6;3.4;12.2;;;;;;;;;;;;;;360;;
SCM;31.10.2022 00:00;;;;;;;;;972.3;;;;1020.7;1.1;5.6;4;20.2;5.3;19.1;;;;;;;;;;;;;;0;;
SCM;01.11.2022 00:00;;;;;;;;;974.1;;;;1022.5;1.2;3.9;4.3;14;3.8;13.7;;;;;;;;;;;;;;90;;
SCM;02.11.2022 00:00;;;;;;;;;976.7;;;;1025.3;1.2;5;4.3;18;4.8;17.3;;;;;;;;;;;;;;77;;
SCM;03.11.2022 00:00;;;;;;;;;966.5;;;;1014.7;2.1;15.5;7.6;55.8;15.1;54.4;;;;;;;;;;;;;;231;;
SCM;04.11.2022 00:00;;;;;;;;;962.5;;;;1010.5;2.2;11.1;7.9;40;10.8;38.9;;;;;;;;;;;;;;108;;
SCM;05.11.2022 00:00;;;;;;;;;972.2;;;;1020.6;1.3;5.7;4.7;20.5;5.6;20.2;;;;;;;;;;;;;;90;;
SCM;06.11.2022 00:00;;;;;;;;;970;;;;1018.3;1.8;7.7;6.5;27.7;7.6;27.4;;;;;;;;;;;;;;108;;
SCM;07.11.2022 00:00;;;;;;;;;971.4;;;;1019.8;1.6;6.3;5.8;22.7;6;21.6;;;;;;;;;;;;;;81;;
SCM;08.11.2022 00:00;;;;;;;;;968.3;;;;1016.5;1.7;7;6.1;25.2;6.8;24.5;;;;;;;;;;;;;;72;;
SCM;09.11.2022 00:00;;;;;;;;;969.8;;;;1018.1;1.6;9.2;5.8;33.1;8.6;31;;;;;;;;;;;;;;76;;
SCM;10.11.2022 00:00;;;;;;;;;979.7;;;;1028.4;1.2;4.3;4.3;15.5;4.1;14.8;;;;;;;;;;;;;;225;;
SCM;11.11.2022 00:00;;;;;;;;;985.1;;;;1034.1;1.1;3.5;4;12.6;3.4;12.2;;;;;;;;;;;;;;79;;
SCM;12.11.2022 00:00;;;;;;;;;983.4;;;;1032.2;1.2;3.3;4.3;11.9;2.9;10.4;;;;;;;;;;;;;;83;;
SCM;13.11.2022 00:00;;;;;;;;;973.9;;;;1022.3;1.3;4.7;4.7;16.9;4.6;16.6;;;;;;;;;;;;;;90;;
SCM;14.11.2022 00:00;;;;;;;;;969.2;;;;1017.5;2.5;14.4;9;51.8;13.2;47.5;;;;;;;;;;;;;;78;;
SCM;15.11.2022 00:00;;;;;;;;;963.1;;;;1011.1;2.5;10.2;9;36.7;9.5;34.2;;;;;;;;;;;;;;85;;
SCM;16.11.2022 00:00;;;;;;;;;957.1;;;;1004.9;1.6;9.5;5.8;34.2;9;32.4;;;;;;;;;;;;;;90;;
SCM;17.11.2022 00:00;;;;;;;;;952.5;;;;1000.1;2;13.4;7.2;48.2;13.3;47.9;;;;;;;;;;;;;;72;;
SCM;18.11.2022 00:00;;;;;;;;;958.7;;;;1006.6;2.5;17.3;9;62.3;16.9;60.8;;;;;;;;;;;;;;282;;
SCM;19.11.2022 00:00;;;;;;;;;963.7;;;;1011.7;1.1;8.2;4;29.5;8.1;29.2;;;;;;;;;;;;;;101;;
SCM;20.11.2022 00:00;;;;;;;;;966.1;;;;1014.3;1.4;10.5;5;37.8;9.9;35.6;;;;;;;;;;;;;;76;;
SCM;21.11.2022 00:00;;;;;;;;;957.8;;;;1005.6;2.1;8.4;7.6;30.2;8.2;29.5;;;;;;;;;;;;;;86;;
SCM;22.11.2022 00:00;;;;;;;;;955;;;;1002.7;1.2;7.2;4.3;25.9;7.2;25.9;;;;;;;;;;;;;;90;;
SCM;23.11.2022 00:00;;;;;;;;;958.7;;;;1006.6;2.2;9.6;7.9;34.6;9.1;32.8;;;;;;;;;;;;;;86;;
SCM;24.11.2022 00:00;;;;;;;;;968.7;;;;1016.9;2.9;12.9;10.4;46.4;11.7;42.1;;;;;;;;;;;;;;88;;
SCM;25.11.2022 00:00;;;;;;;;;973.1;;;;1021.5;1.6;10.8;5.8;38.9;10.6;38.2;;;;;;;;;;;;;;77;;
SCM;26.11.2022 00:00;;;;;;;;;981.8;;;;1030.6;1.3;8;4.7;28.8;7.7;27.7;;;;;;;;;;;;;;90;;
SCM;27.11.2022 00:00;;;;;;;;;975.8;;;;1024.4;1.4;6.2;5;22.3;5.7;20.5;;;;;;;;;;;;;;90;;
SCM;28.11.2022 00:00;;;;;;;;;967;;;;1015.2;1.2;4.5;4.3;16.2;4.3;15.5;;;;;;;;;;;;;;56;;
SCM;29.11.2022 00:00;;;;;;;;;969;;;;1017.3;1;2.6;3.6;9.4;2.5;9;;;;;;;;;;;;;;90;;
SCM;30.11.2022 00:00;;;;;;;;;971.3;;;;1019.7;1.2;6.9;4.3;24.8;6.7;24.1;;;;;;;;;;;;;;49;;
SCM;01.12.2022 00:00;;;;;;;;;972.2;;;;1020.6;0.9;3.5;3.2;12.6;3.2;11.5;;;;;;;;;;;;;;360;;
SCM;02.12.2022 00:00;;;;;;;;;969.4;;;;1017.7;1.1;4.1;4;14.8;4;14.4;;;;;;;;;;;;;;83;;
SCM;03.12.2022 00:00;;;;;;;;;966.2;;;;1014.4;1.2;5.7;4.3;20.5;5.1;18.4;;;;;;;;;;;;;;45;;
SCM;04.12.2022 00:00;;;;;;;;;964.4;;;;1012.5;1.2;4.4;4.3;15.8;4.2;15.1;;;;;;;;;;;;;;360;;
SCM;05.12.2022 00:00;;;;;;;;;971.2;;;;1019.5;2.1;6.5;7.6;23.4;6.3;22.7;;;;;;;;;;;;;;81;;
SCM;06.12.2022 00:00;;;;;;;;;970.1;;;;1018.4;1.7;11;6.1;39.6;10.6;38.2;;;;;;;;;;;;;;100;;
SCM;07.12.2022 00:00;;;;;;;;;968.3;;;;1016.6;1.2;5;4.3;18;4.8;17.3;;;;;;;;;;;;;;90;;
SCM;08.12.2022 00:00;;;;;;;;;961.5;;;;1009.5;1.5;4.3;5.4;15.5;4.2;15.1;;;;;;;;;;;;;;105;;
SCM;09.12.2022 00:00;;;;;;;;;954.9;;;;1002.6;1.3;4.8;4.7;17.3;4.6;16.6;;;;;;;;;;;;;;63;;
SCM;10.12.2022 00:00;;;;;;;;;958.8;;;;1006.7;2.2;7.9;7.9;28.4;7.8;28.1;;;;;;;;;;;;;;281;;
SCM;11.12.2022 00:00;;;;;;;;;962;;;;1010;1.7;6.5;6.1;23.4;6;21.6;;;;;;;;;;;;;;342;;
SCM;12.12.2022 00:00;;;;;;;;;963;;;;1011;1.5;5.4;5.4;19.4;5.3;19.1;;;;;;;;;;;;;;81;;
SCM;13.12.2022 00:00;;;;;;;;;958.5;;;;1006.3;1.4;3.6;5;13;3.4;12.2;;;;;;;;;;;;;;69;;
SCM;14.12.2022 00:00;;;;;;;;;953.7;;;;1001.4;1.3;5.3;4.7;19.1;5.2;18.7;;;;;;;;;;;;;;72;;
SCM;15.12.2022 00:00;;;;;;;;;954.9;;;;1002.6;1.3;7.4;4.7;26.6;7.3;26.3;;;;;;;;;;;;;;72;;
SCM;16.12.2022 00:00;;;;;;;;;962.3;;;;1010.3;1.6;6.2;5.8;22.3;5.9;21.2;;;;;;;;;;;;;;274;;
SCM;17.12.2022 00:00;;;;;;;;;975;;;;1023.5;1.4;4.7;5;16.9;4.5;16.2;;;;;;;;;;;;;;301;;
SCM;18.12.2022 00:00;;;;;;;;;980.5;;;;1029.2;1.5;4.1;5.4;14.8;4;14.4;;;;;;;;;;;;;;85;;
SCM;19.12.2022 00:00;;;;;;;;;978.4;;;;1027;1.4;6;5;21.6;5.9;21.2;;;;;;;;;;;;;;77;;
SCM;20.12.2022 00:00;;;;;;;;;973;;;;1021.4;1.5;8;5.4;28.8;7.7;27.7;;;;;;;;;;;;;;67;;
SCM;21.12.2022 00:00;;;;;;;;;969.8;;;;1018.1;1.4;6.6;5;23.8;6.4;23;;;;;;;;;;;;;;67;;
SCM;22.12.2022 00:00;;;;;;;;;966.7;;;;1014.9;2.3;14.7;8.3;52.9;14.4;51.8;;;;;;;;;;;;;;333;;
SCM;23.12.2022 00:00;;;;;;;;;965.5;;;;1013.6;1.9;12.7;6.8;45.7;12.5;45;;;;;;;;;;;;;;70;;
SCM;24.12.2022 00:00;;;;;;;;;971.3;;;;1019.7;1.8;10.1;6.5;36.4;9.7;34.9;;;;;;;;;;;;;;84;;
SCM;25.12.2022 00:00;;;;;;;;;970.8;;;;1019.2;2.7;13.1;9.7;47.2;12.9;46.4;;;;;;;;;;;;;;104;;
SCM;26.12.2022 00:00;;;;;;;;;974.7;;;;1023.3;2;14.7;7.2;52.9;14.1;50.8;;;;;;;;;;;;;;270;;
SCM;27.12.2022 00:00;;;;;;;;;980.8;;;;1029.6;1.3;5.8;4.7;20.9;5.6;20.2;;;;;;;;;;;;;;90;;
SCM;28.12.2022 00:00;;;;;;;;;974;;;;1022.5;2.4;11.9;8.6;42.8;11.7;42.1;;;;;;;;;;;;;;82;;
SCM;29.12.2022 00:00;;;;;;;;;968.5;;;;1016.8;2.7;13.4;9.7;48.2;12.6;45.4;;;;;;;;;;;;;;90;;
SCM;30.12.2022 00:00;;;;;;;;;969.9;;;;1018.2;1.9;9.9;6.8;35.6;9.6;34.6;;;;;;;;;;;;;;90;;
SCM;31.12.2022 00:00;;;;;;;;;973.3;;;;1021.7;2.2;13.6;7.9;49;13.2;47.5;;;;;;;;;;;;;;81;;
SCM;01.01.2023 00:00;;;;;;;;;975.2;;;;1023.7;2.3;18.6;8.3;67;16.7;60.1;;;;;;;;;;;;;;135;;
SCM;02.01.2023 00:00;;;;;;;;;975.6;;;;1024.2;2.4;15.7;8.6;56.5;14.9;53.6;;;;;;;;;;;;;;265;;
SCM;03.01.2023 00:00;;;;;;;;;982.1;;;;1030.9;1.2;3.9;4.3;14;3.8;13.7;;;;;;;;;;;;;;256;;
SCM;04.01.2023 00:00;;;;;;;;;981.6;;;;1030.4;1.2;4.7;4.3;16.9;4.5;16.2;;;;;;;;;;;;;;84;;
SCM;05.01.2023 00:00;;;;;;;;;978.4;;;;1027;1.5;6.2;5.4;22.3;6;21.6;;;;;;;;;;;;;;82;;
SCM;06.01.2023 00:00;;;;;;;;;976.4;;;;1025;1.2;8.3;4.3;29.9;7.9;28.4;;;;;;;;;;;;;;90;;
SCM;07.01.2023 00:00;;;;;;;;;970.4;;;;1018.7;1.5;6.4;5.4;23;6.1;22;;;;;;;;;;;;;;86;;
SCM;08.01.2023 00:00;;;;;;;;;960.9;;;;1008.8;1.6;7;5.8;25.2;6.8;24.5;;;;;;;;;;;;;;90;;
SCM;09.01.2023 00:00;;;;;;;;;961.4;;;;1009.4;3.3;14.5;11.9;52.2;14;50.4;;;;;;;;;;;;;;286;;
SCM;10.01.2023 00:00;;;;;;;;;975.1;;;;1023.7;2.8;12.9;10.1;46.4;12.4;44.6;;;;;;;;;;;;;;360;;
SCM;11.01.2023 00:00;;;;;;;;;973.5;;;;1021.9;2.4;13.9;8.6;50;13.7;49.3;;;;;;;;;;;;;;94;;
SCM;12.01.2023 00:00;;;;;;;;;974.4;;;;1022.9;1.6;6.5;5.8;23.4;6.3;22.7;;;;;;;;;;;;;;78;;
SCM;13.01.2023 00:00;;;;;;;;;971.7;;;;1020.1;2.4;10.2;8.6;36.7;10;36;;;;;;;;;;;;;;294;;
SCM;14.01.2023 00:00;;;;;;;;;970.3;;;;1018.6;3;16.4;10.8;59;15.4;55.4;;;;;;;;;;;;;;93;;
SCM;15.01.2023 00:00;;;;;;;;;963.5;;;;1011.6;2;11.8;7.2;42.5;11;39.6;;;;;;;;;;;;;;323;;
SCM;16.01.2023 00:00;;;;;;;;;948.2;;;;995.7;2.8;14.3;10.1;51.5;13.8;49.7;;;;;;;;;;;;;;85;;
SCM;17.01.2023 00:00;;;;;;;;;940.8;;;;987.9;1.8;6.7;6.5;24.1;6.5;23.4;;;;;;;;;;;;;;73;;
SCM;18.01.2023 00:00;;;;;;;;;949.6;;;;997.1;2.5;7.6;9;27.4;7.5;27;;;;;;;;;;;;;;250;;
SCM;19.01.2023 00:00;;;;;;;;;961.5;;;;1009.5;1.5;3.8;5.4;13.7;3.6;13;;;;;;;;;;;;;;86;;
SCM;20.01.2023 00:00;;;;;;;;;968.8;;;;1017.1;1.4;4.1;5;14.8;3.9;14;;;;;;;;;;;;;;86;;
SCM;21.01.2023 00:00;;;;;;;;;973.5;;;;1021.9;1.6;6;5.8;21.6;5.9;21.2;;;;;;;;;;;;;;297;;
SCM;22.01.2023 00:00;;;;;;;;;976.2;;;;1024.8;1.4;6;5;21.6;5.8;20.9;;;;;;;;;;;;;;84;;
SCM;23.01.2023 00:00;;;;;;;;;978.4;;;;1027;2.5;8.1;9;29.2;8;28.8;;;;;;;;;;;;;;85;;
SCM;24.01.2023 00:00;;;;;;;;;982.4;;;;1031.2;1.6;5.5;5.8;19.8;5.4;19.4;;;;;;;;;;;;;;82;;
SCM;25.01.2023 00:00;;;;;;;;;979.2;;;;1027.8;1.7;5.9;6.1;21.2;5.7;20.5;;;;;;;;;;;;;;73;;
SCM;26.01.2023 00:00;;;;;;;;;971.3;;;;1019.7;1.4;5.9;5;21.2;5.6;20.2;;;;;;;;;;;;;;79;;
SCM;27.01.2023 00:00;;;;;;;;;970.5;;;;1018.9;2.4;8.7;8.6;31.3;8.5;30.6;;;;;;;;;;;;;;68;;
SCM;28.01.2023 00:00;;;;;;;;;974.8;;;;1023.3;2.3;7.9;8.3;28.4;7.7;27.7;;;;;;;;;;;;;;70;;
SCM;29.01.2023 00:00;;;;;;;;;978.5;;;;1027.2;1.7;7.2;6.1;25.9;6.9;24.8;;;;;;;;;;;;;;124;;
SCM;30.01.2023 00:00;;;;;;;;;978.2;;;;1026.8;1.2;4.4;4.3;15.8;4.3;15.5;;;;;;;;;;;;;;108;;
SCM;31.01.2023 00:00;;;;;;;;;980.1;;;;1028.9;1.5;5.1;5.4;18.4;4.9;17.6;;;;;;;;;;;;;;135;;
SCM;01.02.2023 00:00;;;;;;;;;979;;;;1027.7;2.8;9.7;10.1;34.9;9.5;34.2;;;;;;;;;;;;;;273;;
SCM;02.02.2023 00:00;;;;;;;;;982.1;;;;1030.9;2.7;9.9;9.7;35.6;9.8;35.3;;;;;;;;;;;;;;288;;
SCM;03.02.2023 00:00;;;;;;;;;984.7;;;;1033.6;2.2;9.5;7.9;34.2;9.4;33.8;;;;;;;;;;;;;;286;;
SCM;04.02.2023 00:00;;;;;;;;;986.2;;;;1035.2;1.3;4.2;4.7;15.1;4.1;14.8;;;;;;;;;;;;;;225;;
SCM;05.02.2023 00:00;;;;;;;;;986.6;;;;1035.6;1.2;5.5;4.3;19.8;5.3;19.1;;;;;;;;;;;;;;135;;
SCM;06.02.2023 00:00;;;;;;;;;985.5;;;;1034.5;2.2;9.5;7.9;34.2;9.4;33.8;;;;;;;;;;;;;;62;;
SCM;07.02.2023 00:00;;;;;;;;;985.3;;;;1034.2;2.9;11;10.4;39.6;10.5;37.8;;;;;;;;;;;;;;81;;
SCM;08.02.2023 00:00;;;;;;;;;984.5;;;;1033.4;1.6;7.9;5.8;28.4;7.5;27;;;;;;;;;;;;;;180;;
SCM;09.02.2023 00:00;;;;;;;;;985;;;;1033.9;1.2;5.1;4.3;18.4;4.8;17.3;;;;;;;;;;;;;;90;;
SCM;10.02.2023 00:00;;;;;;;;;989.2;;;;1038.3;1.8;8.2;6.5;29.5;7.7;27.7;;;;;;;;;;;;;;90;;
SCM;11.02.2023 00:00;;;;;;;;;987.9;;;;1037;1.1;5.6;4;20.2;5.2;18.7;;;;;;;;;;;;;;108;;
SCM;12.02.2023 00:00;;;;;;;;;987.1;;;;1036.1;1.1;3.1;4;11.2;3;10.8;;;;;;;;;;;;;;207;;
SCM;13.02.2023 00:00;;;;;;;;;988.2;;;;1037.3;1.1;4.3;4;15.5;4.2;15.1;;;;;;;;;;;;;;135;;
SCM;14.02.2023 00:00;;;;;;;;;986;;;;1035;1;3.3;3.6;11.9;3.1;11.2;;;;;;;;;;;;;;153;;
SCM;15.02.2023 00:00;;;;;;;;;981.6;;;;1030.3;1.1;4;4;14.4;3.7;13.3;;;;;;;;;;;;;;90;;
SCM;16.02.2023 00:00;;;;;;;;;980.8;;;;1029.5;1;3.7;3.6;13.3;3.7;13.3;;;;;;;;;;;;;;90;;
SCM;17.02.2023 00:00;;;;;;;;;981.2;;;;1030;1.3;5.2;4.7;18.7;5;18;;;;;;;;;;;;;;79;;
SCM;18.02.2023 00:00;;;;;;;;;979.5;;;;1028.2;1.8;9.5;6.5;34.2;9.2;33.1;;;;;;;;;;;;;;236;;
SCM;19.02.2023 00:00;;;;;;;;;979.3;;;;1028;1.2;7.4;4.3;26.6;7.1;25.6;;;;;;;;;;;;;;270;;
SCM;20.02.2023 00:00;;;;;;;;;978.9;;;;1027.6;1.2;6.6;4.3;23.8;6;21.6;;;;;;;;;;;;;;135;;
SCM;21.02.2023 00:00;;;;;;;;;972;;;;1020.4;1.2;3.8;4.3;13.7;3.7;13.3;;;;;;;;;;;;;;90;;
SCM;22.02.2023 00:00;;;;;;;;;967.3;;;;1015.6;1.2;4.4;4.3;15.8;4.1;14.8;;;;;;;;;;;;;;270;;
SCM;23.02.2023 00:00;;;;;;;;;966;;;;1014.1;1.6;8.1;5.8;29.2;7.9;28.4;;;;;;;;;;;;;;98;;
SCM;24.02.2023 00:00;;;;;;;;;960.3;;;;1008.2;1.5;8.4;5.4;30.2;8.2;29.5;;;;;;;;;;;;;;207;;
SCM;25.02.2023 00:00;;;;;;;;;959.8;;;;1007.7;1.6;7.5;5.8;27;7;25.2;;;;;;;;;;;;;;263;;
SCM;26.02.2023 00:00;;;;;;;;;964.1;;;;1012.2;4.3;13.6;15.5;49;13.1;47.2;;;;;;;;;;;;;;78;;
SCM;27.02.2023 00:00;;;;;;;;;969.6;;;;1017.9;3.9;12.4;14;44.6;11.4;41;;;;;;;;;;;;;;74;;
SCM;28.02.2023 00:00;;;;;;;;;973.4;;;;1021.8;2;7.4;7.2;26.6;7;25.2;;;;;;;;;;;;;;59;;
SCM;01.03.2023 00:00;;;;;;;;;970.7;;;;1019;2.2;7.9;7.9;28.4;7.6;27.4;;;;;;;;;;;;;;63;;
SCM;02.03.2023 00:00;;;;;;;;;969.3;;;;1017.6;1.3;4.1;4.7;14.8;4.1;14.8;;;;;;;;;;;;;;247;;
SCM;03.03.2023 00:00;;;;;;;;;972;;;;1020.4;1.2;3.4;4.3;12.2;3.4;12.2;;;;;;;;;;;;;;231;;
SCM;04.03.2023 00:00;;;;;;;;;972.7;;;;1021.2;1.5;5;5.4;18;4.7;16.9;;;;;;;;;;;;;;257;;
SCM;05.03.2023 00:00;;;;;;;;;967.1;;;;1015.3;1.8;5;6.5;18;4.9;17.6;;;;;;;;;;;;;;247;;
SCM;06.03.2023 00:00;;;;;;;;;960.3;;;;1008.2;1.1;4.9;4;17.6;4.8;17.3;;;;;;;;;;;;;;101;;
SCM;07.03.2023 00:00;;;;;;;;;957;;;;1004.8;2;7.3;7.2;26.3;7.2;25.9;;;;;;;;;;;;;;241;;
SCM;08.03.2023 00:00;;;;;;;;;954;;;;1001.6;1.7;8.7;6.1;31.3;7.9;28.4;;;;;;;;;;;;;;97;;
SCM;09.03.2023 00:00;;;;;;;;;955.7;;;;1003.5;3.5;15.7;12.6;56.5;15.2;54.7;;;;;;;;;;;;;;266;;
SCM;10.03.2023 00:00;;;;;;;;;953.8;;;;1001.5;5.2;21.3;18.7;76.7;20.6;74.2;;;;;;;;;;;;;;274;;
SCM;11.03.2023 00:00;;;;;;;;;962.7;;;;1010.7;1.5;8.3;5.4;29.9;8.2;29.5;;;;;;;;;;;;;;153;;
SCM;12.03.2023 00:00;;;;;;;;;968.3;;;;1016.5;2.1;7.6;7.6;27.4;6.9;24.8;;;;;;;;;;;;;;84;;
SCM;13.03.2023 00:00;;;;;;;;;960.9;;;;1008.8;3.2;16.1;11.5;58;15.8;56.9;;;;;;;;;;;;;;101;;
SCM;14.03.2023 00:00;;;;;;;;;959;;;;1006.9;3.8;15.8;13.7;56.9;15.3;55.1;;;;;;;;;;;;;;277;;
SCM;15.03.2023 00:00;;;;;;;;;970.9;;;;1019.2;2.2;12.1;7.9;43.6;11.8;42.5;;;;;;;;;;;;;;259;;
SCM;16.03.2023 00:00;;;;;;;;;969.7;;;;1018;2.1;9;7.6;32.4;8.3;29.9;;;;;;;;;;;;;;121;;
SCM;17.03.2023 00:00;;;;;;;;;965.7;;;;1013.9;1.2;4.1;4.3;14.8;4;14.4;;;;;;;;;;;;;;270;;
SCM;18.03.2023 00:00;;;;;;;;;966.2;;;;1014.4;1.2;6.6;4.3;23.8;6.5;23.4;;;;;;;;;;;;;;225;;
SCM;19.03.2023 00:00;;;;;;;;;970.1;;;;1018.4;1.8;10.6;6.5;38.2;10.4;37.4;;;;;;;;;;;;;;153;;
SCM;20.03.2023 00:00;;;;;;;;;973.1;;;;1021.6;1.9;6.5;6.8;23.4;6.3;22.7;;;;;;;;;;;;;;240;;
SCM;21.03.2023 00:00;;;;;;;;;970;;;;1018.3;1;4.5;3.6;16.2;4.2;15.1;;;;;;;;;;;;;;180;;
SCM;22.03.2023 00:00;;;;;;;;;966.8;;;;1015;1.4;5.5;5;19.8;5.4;19.4;;;;;;;;;;;;;;180;;
SCM;23.03.2023 00:00;;;;;;;;;965.1;;;;1013.2;2;10.1;7.2;36.4;9.5;34.2;;;;;;;;;;;;;;82;;
SCM;24.03.2023 00:00;;;;;;;;;964.5;;;;1012.6;2.1;12.7;7.6;45.7;11.8;42.5;;;;;;;;;;;;;;90;;
SCM;25.03.2023 00:00;;;;;;;;;968;;;;1016.2;3.2;17.6;11.5;63.4;17.3;62.3;;;;;;;;;;;;;;270;;
SCM;26.03.2023 00:00;;;;;;;;;961.4;;;;1009.4;2.7;25.9;9.7;93.2;24.2;87.1;;;;;;;;;;;;;;72;;
SCM;27.03.2023 00:00;;;;;;;;;970.8;;;;1019.1;3.2;11.4;11.5;41;11.2;40.3;;;;;;;;;;;;;;270;;
SCM;28.03.2023 00:00;;;;;;;;;977.5;;;;1026.2;2.6;8.1;9.4;29.2;7.9;28.4;;;;;;;;;;;;;;109;;
SCM;29.03.2023 00:00;;;;;;;;;972.8;;;;1021.2;4.2;15.6;15.1;56.2;14.9;53.6;;;;;;;;;;;;;;96;;
SCM;30.03.2023 00:00;;;;;;;;;968.3;;;;1016.5;3.6;22.4;13;80.6;20.9;75.2;;;;;;;;;;;;;;90;;
SCM;31.03.2023 00:00;;;;;;;;;960.8;;;;1008.7;4.2;24.3;15.1;87.5;23.1;83.2;;;;;;;;;;;;;;270;;
SCM;01.04.2023 00:00;;;;;;;;;961.2;;;;1009.2;2.4;14;8.6;50.4;12.9;46.4;;;;;;;;;;;;;;283;;
SCM;02.04.2023 00:00;;;;;;;;;968;;;;1016.2;2;10.3;7.2;37.1;10.2;36.7;;;;;;;;;;;;;;230;;
SCM;03.04.2023 00:00;;;;;;;;;973.6;;;;1022.1;3.3;12.2;11.9;43.9;11.6;41.8;;;;;;;;;;;;;;66;;
SCM;04.04.2023 00:00;;;;;;;;;972.9;;;;1021.3;3.1;10.9;11.2;39.2;10.6;38.2;;;;;;;;;;;;;;63;;
SCM;05.04.2023 00:00;;;;;;;;;971.7;;;;1020.1;2.2;7.2;7.9;25.9;7.1;25.6;;;;;;;;;;;;;;233;;
SCM;06.04.2023 00:00;;;;;;;;;971.2;;;;1019.6;2.4;8.7;8.6;31.3;8.5;30.6;;;;;;;;;;;;;;243;;
SCM;07.04.2023 00:00;;;;;;;;;969.4;;;;1017.7;2.7;11.5;9.7;41.4;11.3;40.7;;;;;;;;;;;;;;252;;
SCM;08.04.2023 00:00;;;;;;;;;973.7;;;;1022.1;1;4.8;3.6;17.3;4.7;16.9;;;;;;;;;;;;;;180;;
SCM;09.04.2023 00:00;;;;;;;;;974.3;;;;1022.8;2.1;5.9;7.6;21.2;5.9;21.2;;;;;;;;;;;;;;252;;
SCM;10.04.2023 00:00;;;;;;;;;972.4;;;;1020.8;1.7;7.4;6.1;26.6;7.2;25.9;;;;;;;;;;;;;;243;;
SCM;11.04.2023 00:00;;;;;;;;;969.6;;;;1017.9;2.1;10.3;7.6;37.1;10.2;36.7;;;;;;;;;;;;;;135;;
SCM;12.04.2023 00:00;;;;;;;;;960;;;;1007.9;3.5;13.7;12.6;49.3;12.8;46.1;;;;;;;;;;;;;;112;;
SCM;13.04.2023 00:00;;;;;;;;;961.7;;;;1009.6;2.5;12.5;9;45;11.8;42.5;;;;;;;;;;;;;;262;;
SCM;14.04.2023 00:00;;;;;;;;;961.6;;;;1009.6;1.4;5.6;5;20.2;5.5;19.8;;;;;;;;;;;;;;127;;
SCM;15.04.2023 00:00;;;;;;;;;963.4;;;;1011.4;2.2;8.1;7.9;29.2;7.8;28.1;;;;;;;;;;;;;;108;;
SCM;16.04.2023 00:00;;;;;;;;;972.3;;;;1020.7;1.1;3.8;4;13.7;3.7;13.3;;;;;;;;;;;;;;117;;
SCM;17.04.2023 00:00;;;;;;;;;971.6;;;;1020;1.9;9.6;6.8;34.6;9;32.4;;;;;;;;;;;;;;98;;
SCM;18.04.2023 00:00;;;;;;;;;970.3;;;;1018.6;2.2;11.4;7.9;41;10.8;38.9;;;;;;;;;;;;;;270;;
SCM;19.04.2023 00:00;;;;;;;;;969.9;;;;1018.3;2.6;10.2;9.4;36.7;9.6;34.6;;;;;;;;;;;;;;253;;
SCM;20.04.2023 00:00;;;;;;;;;964.9;;;;1013;2.6;11.7;9.4;42.1;10.9;39.2;;;;;;;;;;;;;;90;;
SCM;21.04.2023 00:00;;;;;;;;;964.1;;;;1012.2;2.5;10.3;9;37.1;10.1;36.4;;;;;;;;;;;;;;247;;
SCM;22.04.2023 00:00;;;;;;;;;964.1;;;;1012.2;2.4;12.5;8.6;45;11.7;42.1;;;;;;;;;;;;;;256;;
SCM;23.04.2023 00:00;;;;;;;;;963;;;;1011.1;2.3;11.9;8.3;42.8;11.6;41.8;;;;;;;;;;;;;;240;;
SCM;24.04.2023 00:00;;;;;;;;;964.3;;;;1012.4;1.8;15;6.5;54;14.7;52.9;;;;;;;;;;;;;;270;;
SCM;25.04.2023 00:00;;;;;;;;;966.6;;;;1014.8;1.8;9.4;6.5;33.8;8.9;32;;;;;;;;;;;;;;99;;
SCM;26.04.2023 00:00;;;;;;;;;969.2;;;;1017.4;1.6;6.2;5.8;22.3;6.1;22;;;;;;;;;;;;;;211;;
SCM;27.04.2023 00:00;;;;;;;;;969.7;;;;1018;2.2;9.3;7.9;33.5;9.2;33.1;;;;;;;;;;;;;;113;;
SCM;28.04.2023 00:00;;;;;;;;;968.7;;;;1016.9;2.5;8.6;9;31;8.4;30.2;;;;;;;;;;;;;;83;;
SCM;29.04.2023 00:00;;;;;;;;;968.3;;;;1016.6;2.3;8.2;8.3;29.5;7.8;28.1;;;;;;;;;;;;;;135;;
SCM;30.04.2023 00:00;;;;;;;;;968.7;;;;1016.9;1.9;7.7;6.8;27.7;7.4;26.6;;;;;;;;;;;;;;315;;
SCM;01.05.2023 00:00;;;;;;;;;969;;;;1017.3;1.5;8.6;5.4;31;8.4;30.2;;;;;;;;;;;;;;243;;
SCM;02.05.2023 00:00;;;;;;;;;974;;;;1022.5;1.2;6.3;4.3;22.7;5.9;21.2;;;;;;;;;;;;;;124;;
SCM;03.05.2023 00:00;;;;;;;;;973.9;;;;1022.4;2.1;9.3;7.6;33.5;8.9;32;;;;;;;;;;;;;;59;;
SCM;04.05.2023 00:00;;;;;;;;;971.4;;;;1019.8;1.2;3.7;4.3;13.3;3.4;12.2;;;;;;;;;;;;;;259;;
SCM;05.05.2023 00:00;;;;;;;;;970.6;;;;1019;2.4;14.4;8.6;51.8;14.1;50.8;;;;;;;;;;;;;;90;;
SCM;06.05.2023 00:00;;;;;;;;;969.3;;;;1017.6;2.8;14.2;10.1;51.1;14;50.4;;;;;;;;;;;;;;106;;
SCM;07.05.2023 00:00;;;;;;;;;969.9;;;;1018.2;2.4;10.7;8.6;38.5;10.4;37.4;;;;;;;;;;;;;;124;;
SCM;08.05.2023 00:00;;;;;;;;;973.2;;;;1021.7;1.5;8.5;5.4;30.6;8.3;29.9;;;;;;;;;;;;;;225;;
SCM;09.05.2023 00:00;;;;;;;;;967.4;;;;1015.7;2.3;8.6;8.3;31;8.5;30.6;;;;;;;;;;;;;;243;;
SCM;10.05.2023 00:00;;;;;;;;;967.9;;;;1016.2;1.8;9.5;6.5;34.2;9.4;33.8;;;;;;;;;;;;;;117;;
SCM;11.05.2023 00:00;;;;;;;;;967.2;;;;1015.4;1.5;7;5.4;25.2;6.7;24.1;;;;;;;;;;;;;;135;;
SCM;12.05.2023 00:00;;;;;;;;;965.8;;;;1013.9;1.8;8.5;6.5;30.6;8.4;30.2;;;;;;;;;;;;;;117;;
SCM;13.05.2023 00:00;;;;;;;;;968.3;;;;1016.6;1.8;5.8;6.5;20.9;5.5;19.8;;;;;;;;;;;;;;256;;
SCM;14.05.2023 00:00;;;;;;;;;967.2;;;;1015.4;1.5;6;5.4;21.6;5.9;21.2;;;;;;;;;;;;;;207;;
SCM;15.05.2023 00:00;;;;;;;;;966.4;;;;1014.6;1.4;8.4;5;30.2;8.2;29.5;;;;;;;;;;;;;;207;;
SCM;16.05.2023 00:00;;;;;;;;;967.2;;;;1015.4;1.5;8.4;5.4;30.2;8.3;29.9;;;;;;;;;;;;;;241;;
SCM;17.05.2023 00:00;;;;;;;;;973.2;;;;1021.6;2.4;9.1;8.6;32.8;8.6;31;;;;;;;;;;;;;;81;;
SCM;18.05.2023 00:00;;;;;;;;;972.3;;;;1020.7;2.1;7.5;7.6;27;7.2;25.9;;;;;;;;;;;;;;360;;
SCM;19.05.2023 00:00;;;;;;;;;971;;;;1019.3;1.6;4.8;5.8;17.3;4.5;16.2;;;;;;;;;;;;;;248;;
SCM;20.05.2023 00:00;;;;;;;;;966.9;;;;1015.1;1.4;5.2;5;18.7;5.1;18.4;;;;;;;;;;;;;;254;;
SCM;21.05.2023 00:00;;;;;;;;;964.7;;;;1012.8;1.2;3.8;4.3;13.7;3.7;13.3;;;;;;;;;;;;;;243;;
SCM;22.05.2023 00:00;;;;;;;;;966.6;;;;1014.8;1.4;4.6;5;16.6;4.6;16.6;;;;;;;;;;;;;;270;;
SCM;23.05.2023 00:00;;;;;;;;;969.2;;;;1017.4;1.4;10;5;36;9.5;34.2;;;;;;;;;;;;;;112;;
SCM;24.05.2023 00:00;;;;;;;;;970.6;;;;1018.9;2.3;8.3;8.3;29.9;8.1;29.2;;;;;;;;;;;;;;278;;
SCM;25.05.2023 00:00;;;;;;;;;972.4;;;;1020.8;2.2;6;7.9;21.6;5.7;20.5;;;;;;;;;;;;;;254;;
SCM;26.05.2023 00:00;;;;;;;;;974.1;;;;1022.6;2.1;9;7.6;32.4;8.9;32;;;;;;;;;;;;;;270;;
SCM;27.05.2023 00:00;;;;;;;;;971.6;;;;1020;2.2;8.2;7.9;29.5;7.8;28.1;;;;;;;;;;;;;;270;;
SCM;28.05.2023 00:00;;;;;;;;;968.3;;;;1016.6;2.2;8.4;7.9;30.2;7.9;28.4;;;;;;;;;;;;;;56;;
SCM;29.05.2023 00:00;;;;;;;;;968.5;;;;1016.7;2.7;10.9;9.7;39.2;10.2;36.7;;;;;;;;;;;;;;72;;
SCM;30.05.2023 00:00;;;;;;;;;969.9;;;;1018.2;2.9;9.9;10.4;35.6;9.3;33.5;;;;;;;;;;;;;;74;;
SCM;31.05.2023 00:00;;;;;;;;;969.1;;;;1017.4;2.6;11.2;9.4;40.3;10.9;39.2;;;;;;;;;;;;;;90;;
SCM;01.06.2023 00:00;;;;;;;;;968.9;;;;1017.1;2.3;12.4;8.3;44.6;11.8;42.5;;;;;;;;;;;;;;153;;
SCM;02.06.2023 00:00;;;;;;;;;966.7;;;;1014.9;2.1;9.9;7.6;35.6;9.6;34.6;;;;;;;;;;;;;;69;;
SCM;03.06.2023 00:00;;;;;;;;;967.5;;;;1015.7;2.6;16.7;9.4;60.1;16.1;58;;;;;;;;;;;;;;129;;
SCM;04.06.2023 00:00;;;;;;;;;968.8;;;;1017;2.5;10.1;9;36.4;9.4;33.8;;;;;;;;;;;;;;129;;
SCM;05.06.2023 00:00;;;;;;;;;968.4;;;;1016.7;2.3;10.8;8.3;38.9;10.3;37.1;;;;;;;;;;;;;;111;;
SCM;06.06.2023 00:00;;;;;;;;;968.9;;;;1017.2;2.1;7.2;7.6;25.9;6.8;24.5;;;;;;;;;;;;;;80;;
SCM;07.06.2023 00:00;;;;;;;;;968.2;;;;1016.5;1.7;7;6.1;25.2;6.8;24.5;;;;;;;;;;;;;;225;;
SCM;08.06.2023 00:00;;;;;;;;;966.5;;;;1014.6;2.7;14.8;9.7;53.3;14.5;52.2;;;;;;;;;;;;;;112;;
SCM;09.06.2023 00:00;;;;;;;;;964.4;;;;1012.4;2.1;8.4;7.6;30.2;8;28.8;;;;;;;;;;;;;;90;;
SCM;10.06.2023 00:00;;;;;;;;;965.3;;;;1013.5;1.5;7.3;5.4;26.3;7.1;25.6;;;;;;;;;;;;;;217;;
SCM;11.06.2023 00:00;;;;;;;;;966.5;;;;1014.7;2.3;8.2;8.3;29.5;7.9;28.4;;;;;;;;;;;;;;90;;
SCM;12.06.2023 00:00;;;;;;;;;965.2;;;;1013.4;2.2;9.1;7.9;32.8;8.4;30.2;;;;;;;;;;;;;;104;;
SCM;13.06.2023 00:00;;;;;;;;;962.7;;;;1010.8;2.2;10.1;7.9;36.4;8.9;32;;;;;;;;;;;;;;117;;
SCM;14.06.2023 00:00;;;;;;;;;965.1;;;;1013.3;1.7;7.1;6.1;25.6;6.7;24.1;;;;;;;;;;;;;;207;;
SCM;15.06.2023 00:00;;;;;;;;;968.9;;;;1017.1;1.6;6.5;5.8;23.4;6.1;22;;;;;;;;;;;;;;202;;
SCM;16.06.2023 00:00;;;;;;;;;970.1;;;;1018.4;2.7;9.2;9.7;33.1;9.1;32.8;;;;;;;;;;;;;;202;;
SCM;17.06.2023 00:00;;;;;;;;;968.6;;;;1016.8;1.9;7.9;6.8;28.4;7.7;27.7;;;;;;;;;;;;;;180;;
SCM;18.06.2023 00:00;;;;;;;;;966.7;;;;1014.8;2.8;9.9;10.1;35.6;9.8;35.3;;;;;;;;;;;;;;117;;
SCM;19.06.2023 00:00;;;;;;;;;967.8;;;;1016;3.8;19.3;13.7;69.5;18.8;67.7;;;;;;;;;;;;;;139;;
SCM;20.06.2023 00:00;;;;;;;;;967.1;;;;1015.3;2.8;12.8;10.1;46.1;12.2;43.9;;;;;;;;;;;;;;211;;
SCM;21.06.2023 00:00;;;;;;;;;970.4;;;;1018.8;2.4;10.7;8.6;38.5;10.3;37.1;;;;;;;;;;;;;;233;;
SCM;22.06.2023 00:00;;;;;;;;;969.6;;;;1017.9;2.7;14.1;9.7;50.8;13.4;48.2;;;;;;;;;;;;;;254;;
SCM;23.06.2023 00:00;;;;;;;;;976.4;;;;1025;2.2;11.6;7.9;41.8;11.5;41.4;;;;;;;;;;;;;;259;;
SCM;24.06.2023 00:00;;;;;;;;;975.5;;;;1024;2.6;10.5;9.4;37.8;9.6;34.6;;;;;;;;;;;;;;76;;
SCM;25.06.2023 00:00;;;;;;;;;970.7;;;;1019.1;1.7;5.3;6.1;19.1;5.2;18.7;;;;;;;;;;;;;;231;;
SCM;26.06.2023 00:00;;;;;;;;;971.1;;;;1019.4;2.5;8.6;9;31;8.3;29.9;;;;;;;;;;;;;;266;;
SCM;27.06.2023 00:00;;;;;;;;;972.3;;;;1020.7;2.2;8.1;7.9;29.2;8;28.8;;;;;;;;;;;;;;248;;
SCM;28.06.2023 00:00;;;;;;;;;970.8;;;;1019.2;1.7;6.1;6.1;22;5.8;20.9;;;;;;;;;;;;;;117;;
SCM;29.06.2023 00:00;;;;;;;;;968;;;;1016.2;2.6;9.6;9.4;34.6;8.9;32;;;;;;;;;;;;;;166;;
SCM;30.06.2023 00:00;;;;;;;;;966.7;;;;1014.9;1.8;9.8;6.5;35.3;9.4;33.8;;;;;;;;;;;;;;162;;
SCM;01.07.2023 00:00;;;;;;;;;965.6;;;;1013.8;2;9.7;7.2;34.9;9.4;33.8;;;;;;;;;;;;;;194;;
SCM;02.07.2023 00:00;;;;;;;;;967.6;;;;1015.8;1.4;7.9;5;28.4;7.5;27;;;;;;;;;;;;;;153;;
SCM;03.07.2023 00:00;;;;;;;;;968.8;;;;1017;1.3;9.3;4.7;33.5;9.1;32.8;;;;;;;;;;;;;;225;;
SCM;04.07.2023 00:00;;;;;;;;;968.5;;;;1016.7;2;8.5;7.2;30.6;8.3;29.9;;;;;;;;;;;;;;180;;
SCM;05.07.2023 00:00;;;;;;;;;969.6;;;;1017.9;2.3;10.5;8.3;37.8;10.2;36.7;;;;;;;;;;;;;;180;;
SCM;06.07.2023 00:00;;;;;;;;;970.9;;;;1019.3;2.8;10.2;10.1;36.7;9.6;34.6;;;;;;;;;;;;;;131;;
SCM;07.07.2023 00:00;;;;;;;;;971.3;;;;1019.7;2.7;11.8;9.7;42.5;11.2;40.3;;;;;;;;;;;;;;87;;
SCM;08.07.2023 00:00;;;;;;;;;972.7;;;;1021.2;1.6;7.3;5.8;26.3;7;25.2;;;;;;;;;;;;;;259;;
SCM;09.07.2023 00:00;;;;;;;;;973.3;;;;1021.7;1.8;10.1;6.5;36.4;9.8;35.3;;;;;;;;;;;;;;96;;
SCM;10.07.2023 00:00;;;;;;;;;974.1;;;;1022.6;1.6;6.7;5.8;24.1;6.6;23.8;;;;;;;;;;;;;;239;;
SCM;11.07.2023 00:00;;;;;;;;;968.9;;;;1017.2;2.4;27.6;8.6;99.4;27.4;98.6;;;;;;;;;;;;;;117;;
SCM;12.07.2023 00:00;;;;;;;;;968.7;;;;1017;2.8;18.2;10.1;65.5;16.8;60.5;;;;;;;;;;;;;;96;;
SCM;13.07.2023 00:00;;;;;;;;;971.9;;;;1020.3;1.4;5;5;18;4.9;17.6;;;;;;;;;;;;;;143;;
SCM;14.07.2023 00:00;;;;;;;;;968.6;;;;1016.8;2;9.5;7.2;34.2;9.2;33.1;;;;;;;;;;;;;;225;;
SCM;15.07.2023 00:00;;;;;;;;;964.9;;;;1013.1;4.5;14.5;16.2;52.2;13.7;49.3;;;;;;;;;;;;;;105;;
SCM;16.07.2023 00:00;;;;;;;;;971.2;;;;1019.6;2.8;13.7;10.1;49.3;12.8;46.1;;;;;;;;;;;;;;242;;
SCM;17.07.2023 00:00;;;;;;;;;973.7;;;;1022.2;2;5.9;7.2;21.2;5.8;20.9;;;;;;;;;;;;;;241;;
SCM;18.07.2023 00:00;;;;;;;;;971.1;;;;1019.4;2.7;16.9;9.7;60.8;16.1;58;;;;;;;;;;;;;;106;;
SCM;19.07.2023 00:00;;;;;;;;;968.1;;;;1016.3;2.1;8.7;7.6;31.3;8.2;29.5;;;;;;;;;;;;;;252;;
SCM;20.07.2023 00:00;;;;;;;;;967.1;;;;1015.3;2;5.5;7.2;19.8;5.4;19.4;;;;;;;;;;;;;;245;;
SCM;21.07.2023 00:00;;;;;;;;;966.6;;;;1014.7;1.6;16;5.8;57.6;15.2;54.7;;;;;;;;;;;;;;108;;
SCM;22.07.2023 00:00;;;;;;;;;969.7;;;;1018;1.9;7.8;6.8;28.1;7.6;27.4;;;;;;;;;;;;;;144;;
SCM;23.07.2023 00:00;;;;;;;;;967.2;;;;1015.4;2.1;9.5;7.6;34.2;9.3;33.5;;;;;;;;;;;;;;99;;
SCM;24.07.2023 00:00;;;;;;;;;962.4;;;;1010.4;2.5;22.8;9;82.1;22.4;80.6;;;;;;;;;;;;;;153;;
SCM;25.07.2023 00:00;;;;;;;;;961.9;;;;1009.9;2.7;15.2;9.7;54.7;14.2;51.1;;;;;;;;;;;;;;270;;
SCM;26.07.2023 00:00;;;;;;;;;970;;;;1018.3;2.2;10.2;7.9;36.7;9.7;34.9;;;;;;;;;;;;;;84;;
SCM;27.07.2023 00:00;;;;;;;;;966.7;;;;1014.8;2.8;10.7;10.1;38.5;10.5;37.8;;;;;;;;;;;;;;95;;
SCM;28.07.2023 00:00;;;;;;;;;965.8;;;;1014;2;10.8;7.2;38.9;10.6;38.2;;;;;;;;;;;;;;108;;
SCM;29.07.2023 00:00;;;;;;;;;967;;;;1015.1;1.9;12.5;6.8;45;12.1;43.6;;;;;;;;;;;;;;94;;
SCM;30.07.2023 00:00;;;;;;;;;969.9;;;;1018.2;1.7;8.6;6.1;31;8.5;30.6;;;;;;;;;;;;;;225;;
SCM;31.07.2023 00:00;;;;;;;;;968;;;;1016.2;1.6;5.4;5.8;19.4;5.2;18.7;;;;;;;;;;;;;;171;;
SCM;01.08.2023 00:00;;;;;;;;;962;;;;1010.1;1.7;8.3;6.1;29.9;8;28.8;;;;;;;;;;;;;;45;;
SCM;02.08.2023 00:00;;;;;;;;;957.7;;;;1005.5;2.4;13.7;8.6;49.3;13.2;47.5;;;;;;;;;;;;;;95;;
SCM;03.08.2023 00:00;;;;;;;;;962.1;;;;1010.1;2.5;10.3;9;37.1;10;36;;;;;;;;;;;;;;278;;
SCM;04.08.2023 00:00;;;;;;;;;966.3;;;;1014.4;2.4;8.3;8.6;29.9;7.7;27.7;;;;;;;;;;;;;;252;;
SCM;05.08.2023 00:00;;;;;;;;;967.2;;;;1015.4;2.2;7.5;7.9;27;7.4;26.6;;;;;;;;;;;;;;264;;
SCM;06.08.2023 00:00;;;;;;;;;967.5;;;;1015.7;3.4;14;12.2;50.4;13.7;49.3;;;;;;;;;;;;;;283;;
SCM;07.08.2023 00:00;;;;;;;;;973.3;;;;1021.7;2.3;11.2;8.3;40.3;10.6;38.2;;;;;;;;;;;;;;281;;
SCM;08.08.2023 00:00;;;;;;;;;971.7;;;;1020;1.8;6.7;6.5;24.1;6.4;23;;;;;;;;;;;;;;146;;
SCM;09.08.2023 00:00;;;;;;;;;971.8;;;;1020.1;1.1;4.2;4;15.1;3.9;14;;;;;;;;;;;;;;90;;
SCM;10.08.2023 00:00;;;;;;;;;973.2;;;;1021.6;1.3;;4.7;;;;;;;;;;;;;;;;;;;
SCM;11.08.2023 00:00;;;;;;;;;974.3;;;;1022.8;1.2;;4.3;;;;;;;;;;;;;;;;;;;
SCM;12.08.2023 00:00;;;;;;;;;972.7;;;;1021.1;1.5;;5.4;;;;;;;;;;;;;;;;;;;
SCM;13.08.2023 00:00;;;;;;;;;971.2;;;;1019.5;1.3;;4.7;;;;;;;;;;;;;;;;;;;
SCM;14.08.2023 00:00;;;;;;;;;969.2;;;;1017.5;1.5;;5.4;;;;;;;;;;;;;;;;;;;
SCM;15.08.2023 00:00;;;;;;;;;970.6;;;;1019;1.9;8.1;6.8;29.2;8;28.8;;;;;;;;;;;;;;101;;
SCM;16.08.2023 00:00;;;;;;;;;970.8;;;;1019.1;3.3;18.3;11.9;65.9;17.5;63;;;;;;;;;;;;;;101;;
SCM;17.08.2023 00:00;;;;;;;;;970.7;;;;1019;4.2;20.5;15.1;73.8;18.8;67.7;;;;;;;;;;;;;;101;;
SCM;18.08.2023 00:00;;;;;;;;;969.4;;;;1017.6;2.4;12.1;8.6;43.6;11.8;42.5;;;;;;;;;;;;;;94;;
SCM;19.08.2023 00:00;;;;;;;;;971.1;;;;1019.5;1.7;8.8;6.1;31.7;8.6;31;;;;;;;;;;;;;;90;;
SCM;20.08.2023 00:00;;;;;;;;;973.8;;;;1022.2;1.1;5.1;4;18.4;4.9;17.6;;;;;;;;;;;;;;0;;
SCM;21.08.2023 00:00;;;;;;;;;974.4;;;;1022.9;1.1;4.4;4;15.8;4;14.4;;;;;;;;;;;;;;90;;
SCM;22.08.2023 00:00;;;;;;;;;972.6;;;;1021;1.1;5.3;4;19.1;5;18;;;;;;;;;;;;;;117;;
SCM;23.08.2023 00:00;;;;;;;;;971.9;;;;1020.3;1.2;5.2;4.3;18.7;5.1;18.4;;;;;;;;;;;;;;243;;
SCM;24.08.2023 00:00;;;;;;;;;968.7;;;;1016.9;1.9;21.8;6.8;78.5;21;75.6;;;;;;;;;;;;;;124;;
SCM;25.08.2023 00:00;;;;;;;;;967;;;;1015.2;3.3;14.1;11.9;50.8;12.9;46.4;;;;;;;;;;;;;;96;;
SCM;26.08.2023 00:00;;;;;;;;;966.6;;;;1014.8;1.9;8.5;6.8;30.6;7.9;28.4;;;;;;;;;;;;;;81;;
SCM;27.08.2023 00:00;;;;;;;;;965.6;;;;1013.7;2.9;13.1;10.4;47.2;12.5;45;;;;;;;;;;;;;;105;;
SCM;28.08.2023 00:00;;;;;;;;;963.3;;;;1011.3;2.6;8.7;9.4;31.3;8.4;30.2;;;;;;;;;;;;;;264;;
SCM;29.08.2023 00:00;;;;;;;;;965;;;;1013.1;1.3;3.3;4.7;11.9;3.2;11.5;;;;;;;;;;;;;;103;;
SCM;30.08.2023 00:00;;;;;;;;;964;;;;1012.1;1.4;4.5;5;16.2;4.2;15.1;;;;;;;;;;;;;;135;;
SCM;31.08.2023 00:00;;;;;;;;;968.4;;;;1016.7;1.5;9.1;5.4;32.8;8.5;30.6;;;;;;;;;;;;;;113;;
SCM;01.09.2023 00:00;;;;;;;;;970.1;;;;1018.4;1.7;9;6.1;32.4;8.6;31;;;;;;;;;;;;;;106;;
SCM;02.09.2023 00:00;;;;;;;;;973.1;;;;1021.5;1.4;7.8;5;28.1;7.4;26.6;;;;;;;;;;;;;;45;;
SCM;03.09.2023 00:00;;;;;;;;;977.6;;;;1026.2;1.5;6.3;5.4;22.7;5.9;21.2;;;;;;;;;;;;;;76;;
SCM;04.09.2023 00:00;;;;;;;;;975.3;;;;1023.8;1.4;5.3;5;19.1;5.3;19.1;;;;;;;;;;;;;;259;;
SCM;05.09.2023 00:00;;;;;;;;;972.7;;;;1021.1;1.2;5;4.3;18;4.9;17.6;;;;;;;;;;;;;;256;;
SCM;06.09.2023 00:00;;;;;;;;;972.3;;;;1020.7;1;4.8;3.6;17.3;4.6;16.6;;;;;;;;;;;;;;236;;
SCM;07.09.2023 00:00;;;;;;;;;971.7;;;;1020.1;1;5.5;3.6;19.8;4.5;16.2;;;;;;;;;;;;;;236;;
SCM;08.09.2023 00:00;;;;;;;;;971.3;;;;1019.7;1.2;5.6;4.3;20.2;5.2;18.7;;;;;;;;;;;;;;243;;
SCM;09.09.2023 00:00;;;;;;;;;970.9;;;;1019.3;1.2;3.8;4.3;13.7;3.8;13.7;;;;;;;;;;;;;;225;;
SCM;10.09.2023 00:00;;;;;;;;;971.1;;;;1019.5;1.2;5.7;4.3;20.5;5.6;20.2;;;;;;;;;;;;;;90;;
SCM;11.09.2023 00:00;;;;;;;;;968.1;;;;1016.4;1.3;6.8;4.7;24.5;6.6;23.8;;;;;;;;;;;;;;90;;
SCM;12.09.2023 00:00;;;;;;;;;967.1;;;;1015.3;2;12;7.2;43.2;11.8;42.5;;;;;;;;;;;;;;86;;
SCM;13.09.2023 00:00;;;;;;;;;970.9;;;;1019.2;1.6;9.8;5.8;35.3;9.5;34.2;;;;;;;;;;;;;;96;;
SCM;14.09.2023 00:00;;;;;;;;;972.4;;;;1020.8;1.3;6.3;4.7;22.7;5.7;20.5;;;;;;;;;;;;;;90;;
SCM;15.09.2023 00:00;;;;;;;;;969.3;;;;1017.6;1.3;5.6;4.7;20.2;5.4;19.4;;;;;;;;;;;;;;135;;
SCM;16.09.2023 00:00;;;;;;;;;967.6;;;;1015.8;2.2;9.2;7.9;33.1;9;32.4;;;;;;;;;;;;;;99;;
SCM;17.09.2023 00:00;;;;;;;;;967.3;;;;1015.5;3.2;17.1;11.5;61.6;15.8;56.9;;;;;;;;;;;;;;100;;
SCM;18.09.2023 00:00;;;;;;;;;966.3;;;;1014.5;2.7;15.9;9.7;57.2;15.2;54.7;;;;;;;;;;;;;;99;;
SCM;19.09.2023 00:00;;;;;;;;;969.9;;;;1018.2;1.2;3.8;4.3;13.7;3.7;13.3;;;;;;;;;;;;;;106;;
SCM;20.09.2023 00:00;;;;;;;;;965.7;;;;1013.8;1.4;4.9;5;17.6;4.7;16.9;;;;;;;;;;;;;;108;;
SCM;21.09.2023 00:00;;;;;;;;;957.4;;;;1005.2;1.7;10.3;6.1;37.1;10.1;36.4;;;;;;;;;;;;;;243;;
SCM;22.09.2023 00:00;;;;;;;;;961.2;;;;1009.1;4.4;17.1;15.8;61.6;16;57.6;;;;;;;;;;;;;;103;;
SCM;23.09.2023 00:00;;;;;;;;;971.6;;;;1020;1.9;7.7;6.8;27.7;7.4;26.6;;;;;;;;;;;;;;99;;
SCM;24.09.2023 00:00;;;;;;;;;976.4;;;;1025;2.2;10;7.9;36;9.8;35.3;;;;;;;;;;;;;;78;;
SCM;25.09.2023 00:00;;;;;;;;;975.4;;;;1023.9;1.3;5.5;4.7;19.8;5.4;19.4;;;;;;;;;;;;;;90;;
SCM;26.09.2023 00:00;;;;;;;;;974.6;;;;1023.1;1.4;5.2;5;18.7;5;18;;;;;;;;;;;;;;90;;
SCM;27.09.2023 00:00;;;;;;;;;973;;;;1021.4;1.6;6.7;5.8;24.1;6.3;22.7;;;;;;;;;;;;;;90;;
SCM;28.09.2023 00:00;;;;;;;;;972.6;;;;1021;1.4;5.8;5;20.9;5.5;19.8;;;;;;;;;;;;;;82;;
SCM;29.09.2023 00:00;;;;;;;;;975.1;;;;1023.6;1.4;10.9;5;39.2;10.2;36.7;;;;;;;;;;;;;;45;;
SCM;30.09.2023 00:00;;;;;;;;;977.9;;;;1026.6;1.3;5.8;4.7;20.9;5.7;20.5;;;;;;;;;;;;;;252;;
SCM;01.10.2023 00:00;;;;;;;;;978;;;;1026.7;1.3;8;4.7;28.8;7.7;27.7;;;;;;;;;;;;;;124;;
SCM;02.10.2023 00:00;;;;;;;;;975.7;;;;1024.2;1.6;9.2;5.8;33.1;8.4;30.2;;;;;;;;;;;;;;77;;
SCM;03.10.2023 00:00;;;;;;;;;975.3;;;;1023.8;1.8;10.7;6.5;38.5;9.9;35.6;;;;;;;;;;;;;;27;;
SCM;04.10.2023 00:00;;;;;;;;;979.8;;;;1028.5;1.6;6.5;5.8;23.4;6.5;23.4;;;;;;;;;;;;;;162;;
SCM;05.10.2023 00:00;;;;;;;;;978.7;;;;1027.3;1.1;4.3;4;15.5;4.2;15.1;;;;;;;;;;;;;;180;;
SCM;06.10.2023 00:00;;;;;;;;;978.7;;;;1027.4;1.1;4.2;4;15.1;4.1;14.8;;;;;;;;;;;;;;90;;
SCM;07.10.2023 00:00;;;;;;;;;979.4;;;;1028.1;1.4;6.6;5;23.8;6.2;22.3;;;;;;;;;;;;;;76;;
SCM;08.10.2023 00:00;;;;;;;;;978.9;;;;1027.6;1.3;7;4.7;25.2;6.1;22;;;;;;;;;;;;;;67;;
SCM;09.10.2023 00:00;;;;;;;;;976.4;;;;1025;1.4;6.5;5;23.4;6;21.6;;;;;;;;;;;;;;83;;
SCM;10.10.2023 00:00;;;;;;;;;975.2;;;;1023.7;1.2;4.9;4.3;17.6;4.5;16.2;;;;;;;;;;;;;;81;;
SCM;11.10.2023 00:00;;;;;;;;;973.3;;;;1021.8;1.3;6.1;4.7;22;5.8;20.9;;;;;;;;;;;;;;74;;
SCM;12.10.2023 00:00;;;;;;;;;972.5;;;;1020.9;1.5;6.7;5.4;24.1;6.3;22.7;;;;;;;;;;;;;;75;;
SCM;13.10.2023 00:00;;;;;;;;;969.2;;;;1017.5;1.6;9.3;5.8;33.5;8.9;32;;;;;;;;;;;;;;83;;
SCM;14.10.2023 00:00;;;;;;;;;969.1;;;;1017.4;2;11.6;7.2;41.8;11.1;40;;;;;;;;;;;;;;252;;
SCM;15.10.2023 00:00;;;;;;;;;973.7;;;;1022.2;1.5;6.6;5.4;23.8;6.4;23;;;;;;;;;;;;;;95;;
SCM;16.10.2023 00:00;;;;;;;;;970.6;;;;1019;1.9;6.7;6.8;24.1;6.3;22.7;;;;;;;;;;;;;;90;;
SCM;17.10.2023 00:00;;;;;;;;;967.8;;;;1016.1;1.3;4.7;4.7;16.9;4.5;16.2;;;;;;;;;;;;;;180;;
SCM;18.10.2023 00:00;;;;;;;;;959.9;;;;1007.8;1.9;7.6;6.8;27.4;7.1;25.6;;;;;;;;;;;;;;261;;
SCM;19.10.2023 00:00;;;;;;;;;949.2;;;;996.7;1.4;4.4;5;15.8;4.3;15.5;;;;;;;;;;;;;;90;;
SCM;20.10.2023 00:00;;;;;;;;;939.5;;;;986.6;2.1;14.4;7.6;51.8;13.6;49;;;;;;;;;;;;;;45;;
SCM;21.10.2023 00:00;;;;;;;;;955.3;;;;1003;1.9;9.4;6.8;33.8;9.1;32.8;;;;;;;;;;;;;;83;;
SCM;22.10.2023 00:00;;;;;;;;;965;;;;1013.1;1.8;9.5;6.5;34.2;9.1;32.8;;;;;;;;;;;;;;90;;
SCM;23.10.2023 00:00;;;;;;;;;962.8;;;;1010.8;2.3;9.9;8.3;35.6;9.8;35.3;;;;;;;;;;;;;;258;;
SCM;24.10.2023 00:00;;;;;;;;;959.8;;;;1007.7;1.1;3.6;4;13;3.5;12.6;;;;;;;;;;;;;;72;;
SCM;25.10.2023 00:00;;;;;;;;;955.6;;;;1003.3;2.1;13.2;7.6;47.5;13.1;47.2;;;;;;;;;;;;;;72;;
SCM;26.10.2023 00:00;;;;;;;;;952;;;;999.6;1.5;7.4;5.4;26.6;7.3;26.3;;;;;;;;;;;;;;63;;
SCM;27.10.2023 00:00;;;;;;;;;952.7;;;;1000.3;2.7;16.3;9.7;58.7;15.4;55.4;;;;;;;;;;;;;;290;;
SCM;28.10.2023 00:00;;;;;;;;;957.8;;;;1005.7;2.1;12.4;7.6;44.6;12;43.2;;;;;;;;;;;;;;87;;
SCM;29.10.2023 00:00;;;;;;;;;956.9;;;;1004.7;2.7;14.5;9.7;52.2;13.9;50;;;;;;;;;;;;;;247;;
SCM;30.10.2023 00:00;;;;;;;;;956.3;;;;1004.1;1.6;9;5.8;32.4;8.6;31;;;;;;;;;;;;;;270;;
SCM;31.10.2023 00:00;;;;;;;;;962.3;;;;1010.3;1.7;8.3;6.1;29.9;8.1;29.2;;;;;;;;;;;;;;81;;
SCM;01.11.2023 00:00;;;;;;;;;961.2;;;;1009.1;2.4;10.3;8.6;37.1;9.9;35.6;;;;;;;;;;;;;;83;;
SCM;02.11.2023 00:00;;;;;;;;;946.1;;;;993.5;2.5;13.9;9;50;13.7;49.3;;;;;;;;;;;;;;90;;
SCM;03.11.2023 00:00;;;;;;;;;946.4;;;;993.7;1.9;;6.8;;;;;;;;;;;;;;;;;;;
SCM;04.11.2023 00:00;;;;;;;;;944.5;;;;991.7;5;;18;;;;;;;;;;;;;;;;;;;
SCM;05.11.2023 00:00;;;;;;;;;946.1;;;;993.5;4.6;20.1;16.6;72.4;19.6;70.6;;;;;;;;;;;;;;333;;
SCM;06.11.2023 00:00;;;;;;;;;963.2;;;;1011.3;2.1;13.6;7.6;49;13.1;47.2;;;;;;;;;;;;;;117;;
SCM;07.11.2023 00:00;;;;;;;;;969.5;;;;1017.8;3;;10.8;;;;;;;;;;;;;;;;;;;
SCM;08.11.2023 00:00;;;;;;;;;971.1;;;;1019.4;3.5;12.9;12.6;46.4;12.9;46.4;;;;;;;;;;;;;;92;;
SCM;09.11.2023 00:00;;;;;;;;;963.3;;;;1011.3;2.1;10.1;7.6;36.4;8.9;32;;;;;;;;;;;;;;45;;
SCM;10.11.2023 00:00;;;;;;;;;958.4;;;;1006.2;1.8;11;6.5;39.6;10.9;39.2;;;;;;;;;;;;;;37;;
SCM;11.11.2023 00:00;;;;;;;;;962.5;;;;1010.5;3.1;14.8;11.2;53.3;14;50.4;;;;;;;;;;;;;;294;;
SCM;12.11.2023 00:00;;;;;;;;;962.5;;;;1010.5;2.2;8.4;7.9;30.2;8.1;29.2;;;;;;;;;;;;;;81;;
SCM;13.11.2023 00:00;;;;;;;;;966.3;;;;1014.5;1.9;7.9;6.8;28.4;7.8;28.1;;;;;;;;;;;;;;73;;
SCM;14.11.2023 00:00;;;;;;;;;967;;;;1015.2;2.8;18.2;10.1;65.5;17.4;62.6;;;;;;;;;;;;;;306;;
SCM;15.11.2023 00:00;;;;;;;;;973.4;;;;1021.9;2.9;11;10.4;39.6;10.9;39.2;;;;;;;;;;;;;;285;;
SCM;16.11.2023 00:00;;;;;;;;;966.1;;;;1014.3;4.2;26.9;15.1;96.8;26.2;94.3;;;;;;;;;;;;;;243;;
SCM;17.11.2023 00:00;;;;;;;;;973.4;;;;1021.8;3.3;18.5;11.9;66.6;17.9;64.4;;;;;;;;;;;;;;284;;
SCM;18.11.2023 00:00;;;;;;;;;976.9;;;;1025.5;3.1;14;11.2;50.4;13.8;49.7;;;;;;;;;;;;;;94;;
SCM;19.11.2023 00:00;;;;;;;;;971.3;;;;1019.7;1.8;5.8;6.5;20.9;5.6;20.2;;;;;;;;;;;;;;66;;
SCM;20.11.2023 00:00;;;;;;;;;967.9;;;;1016.1;2.4;10.6;8.6;38.2;10.2;36.7;;;;;;;;;;;;;;283;;
SCM;21.11.2023 00:00;;;;;;;;;967;;;;1015.2;1;6.8;3.6;24.5;6.7;24.1;;;;;;;;;;;;;;90;;
SCM;22.11.2023 00:00;;;;;;;;;975.9;;;;1024.4;1.5;8.2;5.4;29.5;8;28.8;;;;;;;;;;;;;;45;;
SCM;23.11.2023 00:00;;;;;;;;;977.8;;;;1026.4;1.5;5.1;5.4;18.4;4.9;17.6;;;;;;;;;;;;;;262;;
SCM;24.11.2023 00:00;;;;;;;;;965.8;;;;1013.9;3.1;15.4;11.2;55.4;14.9;53.6;;;;;;;;;;;;;;284;;
SCM;25.11.2023 00:00;;;;;;;;;966.2;;;;1014.3;3.9;12;14;43.2;11.5;41.4;;;;;;;;;;;;;;284;;
SCM;26.11.2023 00:00;;;;;;;;;969.5;;;;1017.8;2.6;10;9.4;36;9.6;34.6;;;;;;;;;;;;;;321;;
SCM;27.11.2023 00:00;;;;;;;;;958.5;;;;1006.4;2.1;11.3;7.6;40.7;11;39.6;;;;;;;;;;;;;;90;;
SCM;28.11.2023 00:00;;;;;;;;;955.1;;;;1002.8;2.8;14.1;10.1;50.8;13.7;49.3;;;;;;;;;;;;;;292;;
SCM;29.11.2023 00:00;;;;;;;;;959.9;;;;1007.8;2;7.1;7.2;25.6;6.7;24.1;;;;;;;;;;;;;;94;;
SCM;30.11.2023 00:00;;;;;;;;;953;;;;1000.6;1.9;10.1;6.8;36.4;10.1;36.4;;;;;;;;;;;;;;86;;
SCM;01.12.2023 00:00;;;;;;;;;952.5;;;;1000.1;1;3;3.6;10.8;2.9;10.4;;;;;;;;;;;;;;31;;
SCM;02.12.2023 00:00;;;;;;;;;961.8;;;;1009.8;3.1;8.8;11.2;31.7;8.5;30.6;;;;;;;;;;;;;;270;;
SCM;03.12.2023 00:00;;;;;;;;;974.1;;;;1022.5;1.8;12.3;6.5;44.3;11.6;41.8;;;;;;;;;;;;;;84;;
SCM;04.12.2023 00:00;;;;;;;;;964.7;;;;1012.8;2.2;11.4;7.9;41;11.1;40;;;;;;;;;;;;;;277;;
SCM;05.12.2023 00:00;;;;;;;;;962.9;;;;1010.9;1.5;7.9;5.4;28.4;7.3;26.3;;;;;;;;;;;;;;72;;
SCM;06.12.2023 00:00;;;;;;;;;968.7;;;;1017;1.2;4;4.3;14.4;3.8;13.7;;;;;;;;;;;;;;79;;
SCM;07.12.2023 00:00;;;;;;;;;969.9;;;;1018.2;2;7.9;7.2;28.4;7.7;27.7;;;;;;;;;;;;;;63;;
SCM;08.12.2023 00:00;;;;;;;;;965.6;;;;1013.7;1.9;10.2;6.8;36.7;9.9;35.6;;;;;;;;;;;;;;80;;
SCM;09.12.2023 00:00;;;;;;;;;964.5;;;;1012.6;2.1;13.2;7.6;47.5;12.9;46.4;;;;;;;;;;;;;;135;;
SCM;10.12.2023 00:00;;;;;;;;;967.7;;;;1015.9;2.9;17.4;10.4;62.6;17.1;61.6;;;;;;;;;;;;;;53;;
SCM;11.12.2023 00:00;;;;;;;;;964.3;;;;1012.4;1.9;9.4;6.8;33.8;8.7;31.3;;;;;;;;;;;;;;83;;
SCM;12.12.2023 00:00;;;;;;;;;961.9;;;;1009.9;3.2;12.8;11.5;46.1;12.3;44.3;;;;;;;;;;;;;;88;;
SCM;13.12.2023 00:00;;;;;;;;;956.2;;;;1003.9;1.4;8.1;5;29.2;7.9;28.4;;;;;;;;;;;;;;74;;
SCM;14.12.2023 00:00;;;;;;;;;970;;;;1018.4;1.3;6.4;4.7;23;6.3;22.7;;;;;;;;;;;;;;90;;
SCM;15.12.2023 00:00;;;;;;;;;987.1;;;;1036.1;1.3;6;4.7;21.6;5.6;20.2;;;;;;;;;;;;;;297;;
SCM;16.12.2023 00:00;;;;;;;;;992.2;;;;1041.4;1.6;5.9;5.8;21.2;5.7;20.5;;;;;;;;;;;;;;259;;
SCM;17.12.2023 00:00;;;;;;;;;991;;;;1040.2;1.1;3.5;4;12.6;3.4;12.2;;;;;;;;;;;;;;68;;
SCM;18.12.2023 00:00;;;;;;;;;987.4;;;;1036.4;1.1;3.7;4;13.3;3.5;12.6;;;;;;;;;;;;;;76;;
SCM;19.12.2023 00:00;;;;;;;;;978.6;;;;1027.3;1.8;7;6.5;25.2;6.9;24.8;;;;;;;;;;;;;;108;;
SCM;20.12.2023 00:00;;;;;;;;;973.3;;;;1021.7;1.5;7.9;5.4;28.4;7.2;25.9;;;;;;;;;;;;;;297;;
SCM;21.12.2023 00:00;;;;;;;;;964.8;;;;1012.9;3.6;16.2;13;58.3;15.2;54.7;;;;;;;;;;;;;;286;;
SCM;22.12.2023 00:00;;;;;;;;;964.5;;;;1012.6;7.2;16.3;25.9;58.7;16;57.6;;;;;;;;;;;;;;281;;
SCM;23.12.2023 00:00;;;;;;;;;971.2;;;;1019.6;5.8;15.8;20.9;56.9;15.2;54.7;;;;;;;;;;;;;;277;;
SCM;24.12.2023 00:00;;;;;;;;;972.2;;;;1020.6;1.6;6.8;5.8;24.5;6.7;24.1;;;;;;;;;;;;;;70;;
SCM;25.12.2023 00:00;;;;;;;;;970.4;;;;1018.7;1.6;6.8;5.8;24.5;6.8;24.5;;;;;;;;;;;;;;63;;
SCM;26.12.2023 00:00;;;;;;;;;973.3;;;;1021.8;1.1;4;4;14.4;3.8;13.7;;;;;;;;;;;;;;72;;
SCM;27.12.2023 00:00;;;;;;;;;973.8;;;;1022.3;1.2;5.3;4.3;19.1;5.1;18.4;;;;;;;;;;;;;;63;;
SCM;28.12.2023 00:00;;;;;;;;;973.7;;;;1022.2;1.6;6.2;5.8;22.3;6.1;22;;;;;;;;;;;;;;67;;
SCM;29.12.2023 00:00;;;;;;;;;971.6;;;;1020;1.5;6;5.4;21.6;5.8;20.9;;;;;;;;;;;;;;66;;
SCM;30.12.2023 00:00;;;;;;;;;970.3;;;;1018.6;1.8;10;6.5;36;9.8;35.3;;;;;;;;;;;;;;79;;
SCM;31.12.2023 00:00;;;;;;;;;962.8;;;;1010.8;2.8;14.1;10.1;50.8;13.5;48.6;;;;;;;;;;;;;;63;;
SCM;01.01.2024 00:00;;;;;;;;;966.8;;;;1015;1.6;10.3;5.8;37.1;10.1;36.4;;;;;;;;;;;;;;86;;
SCM;02.01.2024 00:00;;;;;;;;;960.8;;;;1008.7;2.1;14.9;7.6;53.6;14.5;52.2;;;;;;;;;;;;;;81;;
SCM;03.01.2024 00:00;;;;;;;;;958;;;;1005.9;3;19.5;10.8;70.2;18.8;67.7;;;;;;;;;;;;;;301;;
SCM;04.01.2024 00:00;;;;;;;;;962.5;;;;1010.5;4.3;15.9;15.5;57.2;15.5;55.8;;;;;;;;;;;;;;292;;
SCM;05.01.2024 00:00;;;;;;;;;957.8;;;;1005.6;1.1;5.3;4;19.1;5;18;;;;;;;;;;;;;;79;;
SCM;06.01.2024 00:00;;;;;;;;;960.6;;;;1008.6;1.4;3.5;5;12.6;3.2;11.5;;;;;;;;;;;;;;297;;
SCM;07.01.2024 00:00;;;;;;;;;964.4;;;;1012.5;1.2;5.6;4.3;20.2;5.4;19.4;;;;;;;;;;;;;;323;;
SCM;08.01.2024 00:00;;;;;;;;;970.4;;;;1018.8;2.4;11.2;8.6;40.3;10.5;37.8;;;;;;;;;;;;;;61;;
SCM;09.01.2024 00:00;;;;;;;;;974.4;;;;1022.9;1.5;7.7;5.4;27.7;7.2;25.9;;;;;;;;;;;;;;39;;
SCM;10.01.2024 00:00;;;;;;;;;976;;;;1024.6;1.2;4.1;4.3;14.8;3.9;14;;;;;;;;;;;;;;45;;
SCM;11.01.2024 00:00;;;;;;;;;977.9;;;;1026.5;1.6;5.9;5.8;21.2;5.7;20.5;;;;;;;;;;;;;;86;;
SCM;12.01.2024 00:00;;;;;;;;;980.1;;;;1028.9;1.3;4.8;4.7;17.3;4.5;16.2;;;;;;;;;;;;;;90;;
SCM;13.01.2024 00:00;;;;;;;;;975.5;;;;1024.1;1.3;4.4;4.7;15.8;4.2;15.1;;;;;;;;;;;;;;117;;
SCM;14.01.2024 00:00;;;;;;;;;964.9;;;;1013.1;1.4;5.2;5;18.7;5.1;18.4;;;;;;;;;;;;;;84;;
SCM;15.01.2024 00:00;;;;;;;;;960.4;;;;1008.4;1.7;6.9;6.1;24.8;6.7;24.1;;;;;;;;;;;;;;286;;
SCM;16.01.2024 00:00;;;;;;;;;961.6;;;;1009.6;1.4;7.8;5;28.1;7.4;26.6;;;;;;;;;;;;;;90;;
SCM;17.01.2024 00:00;;;;;;;;;948.7;;;;996.2;2.3;16.9;8.3;60.8;16.1;58;;;;;;;;;;;;;;84;;
SCM;18.01.2024 00:00;;;;;;;;;950.7;;;;998.2;2.8;10.6;10.1;38.2;10.4;37.4;;;;;;;;;;;;;;257;;
SCM;19.01.2024 00:00;;;;;;;;;971.9;;;;1020.3;1.8;5.2;6.5;18.7;5.1;18.4;;;;;;;;;;;;;;315;;
SCM;20.01.2024 00:00;;;;;;;;;980.3;;;;1029;2.3;7.9;8.3;28.4;7.5;27;;;;;;;;;;;;;;96;;
SCM;21.01.2024 00:00;;;;;;;;;982.2;;;;1031;1.6;5.9;5.8;21.2;5.5;19.8;;;;;;;;;;;;;;76;;
SCM;22.01.2024 00:00;;;;;;;;;976.9;;;;1025.5;1.8;9.3;6.5;33.5;9.1;32.8;;;;;;;;;;;;;;63;;
SCM;23.01.2024 00:00;;;;;;;;;983.5;;;;1032.3;2.6;12.5;9.4;45;11.8;42.5;;;;;;;;;;;;;;288;;
SCM;24.01.2024 00:00;;;;;;;;;982.3;;;;1031.1;2.6;11.5;9.4;41.4;10.4;37.4;;;;;;;;;;;;;;311;;
SCM;25.01.2024 00:00;;;;;;;;;981.9;;;;1030.7;1.3;5.8;4.7;20.9;5.5;19.8;;;;;;;;;;;;;;0;;
SCM;26.01.2024 00:00;;;;;;;;;982.5;;;;1031.3;1;4.5;3.6;16.2;4.4;15.8;;;;;;;;;;;;;;90;;
SCM;27.01.2024 00:00;;;;;;;;;986;;;;1034.9;1.9;11.4;6.8;41;11.1;40;;;;;;;;;;;;;;257;;
SCM;28.01.2024 00:00;;;;;;;;;984.1;;;;1033;1.3;5;4.7;18;4.9;17.6;;;;;;;;;;;;;;270;;
SCM;29.01.2024 00:00;;;;;;;;;983.5;;;;1032.3;0.9;3.3;3.2;11.9;3.1;11.2;;;;;;;;;;;;;;270;;
SCM;30.01.2024 00:00;;;;;;;;;984.7;;;;1033.6;0.9;6.3;3.2;22.7;5.6;20.2;;;;;;;;;;;;;;72;;
SCM;31.01.2024 00:00;;;;;;;;;985.2;;;;1034.2;1.1;4.1;4;14.8;3.9;14;;;;;;;;;;;;;;63;;
SCM;01.02.2024 00:00;;;;;;;;;984;;;;1032.9;1.1;4.9;4;17.6;4.5;16.2;;;;;;;;;;;;;;76;;
SCM;02.02.2024 00:00;;;;;;;;;985.5;;;;1034.5;1.3;9.3;4.7;33.5;8.8;31.7;;;;;;;;;;;;;;90;;
SCM;03.02.2024 00:00;;;;;;;;;982.6;;;;1031.4;1;5.6;3.6;20.2;5.4;19.4;;;;;;;;;;;;;;45;;
SCM;04.02.2024 00:00;;;;;;;;;981.8;;;;1030.5;1;3.3;3.6;11.9;3.3;11.9;;;;;;;;;;;;;;90;;
SCM;05.02.2024 00:00;;;;;;;;;978.7;;;;1027.3;1.2;4.4;4.3;15.8;4.1;14.8;;;;;;;;;;;;;;108;;
SCM;06.02.2024 00:00;;;;;;;;;973.9;;;;1022.4;1.1;5.3;4;19.1;5.1;18.4;;;;;;;;;;;;;;90;;
SCM;07.02.2024 00:00;;;;;;;;;966;;;;1014.2;1.3;7.1;4.7;25.6;6.8;24.5;;;;;;;;;;;;;;79;;
SCM;08.02.2024 00:00;;;;;;;;;957.3;;;;1005.1;2;10.7;7.2;38.5;10.1;36.4;;;;;;;;;;;;;;94;;
SCM;09.02.2024 00:00;;;;;;;;;946.7;;;;994.1;1;4.2;3.6;15.1;4;14.4;;;;;;;;;;;;;;297;;
SCM;10.02.2024 00:00;;;;;;;;;940.4;;;;987.5;1.4;5.5;5;19.8;5.4;19.4;;;;;;;;;;;;;;278;;
SCM;11.02.2024 00:00;;;;;;;;;950.5;;;;998;1.7;14;6.1;50.4;13.6;49;;;;;;;;;;;;;;281;;
SCM;12.02.2024 00:00;;;;;;;;;960.4;;;;1008.3;1.2;5.1;4.3;18.4;4.8;17.3;;;;;;;;;;;;;;225;;
SCM;13.02.2024 00:00;;;;;;;;;972.4;;;;1020.8;1.4;6.2;5;22.3;5.9;21.2;;;;;;;;;;;;;;117;;
SCM;14.02.2024 00:00;;;;;;;;;975.7;;;;1024.2;1.4;8.2;5;29.5;8;28.8;;;;;;;;;;;;;;75;;
SCM;15.02.2024 00:00;;;;;;;;;971.6;;;;1020;1.4;9;5;32.4;8.5;30.6;;;;;;;;;;;;;;56;;
SCM;16.02.2024 00:00;;;;;;;;;971.7;;;;1020.1;1.6;4.7;5.8;16.9;4.5;16.2;;;;;;;;;;;;;;283;;
SCM;17.02.2024 00:00;;;;;;;;;982;;;;1030.8;1.3;5.8;4.7;20.9;5.5;19.8;;;;;;;;;;;;;;276;;
SCM;18.02.2024 00:00;;;;;;;;;982.4;;;;1031.2;1.3;9.1;4.7;32.8;8.9;32;;;;;;;;;;;;;;270;;
SCM;19.02.2024 00:00;;;;;;;;;981.4;;;;1030.1;1.5;7.2;5.4;25.9;7.1;25.6;;;;;;;;;;;;;;261;;
SCM;20.02.2024 00:00;;;;;;;;;981.4;;;;1030.2;1.5;7.2;5.4;25.9;7;25.2;;;;;;;;;;;;;;270;;
SCM;21.02.2024 00:00;;;;;;;;;972.8;;;;1021.3;2.2;11.4;7.9;41;10.9;39.2;;;;;;;;;;;;;;101;;
SCM;22.02.2024 00:00;;;;;;;;;955.7;;;;1003.4;2.1;19.3;7.6;69.5;18.9;68;;;;;;;;;;;;;;270;;
SCM;23.02.2024 00:00;;;;;;;;;952.5;;;;1000.1;3.2;12.2;11.5;43.9;12.1;43.6;;;;;;;;;;;;;;108;;
SCM;24.02.2024 00:00;;;;;;;;;957.3;;;;1005.1;2.7;12.2;9.7;43.9;11.9;42.8;;;;;;;;;;;;;;100;;
SCM;25.02.2024 00:00;;;;;;;;;956.1;;;;1003.8;3.8;15.3;13.7;55.1;15;54;;;;;;;;;;;;;;127;;
SCM;26.02.2024 00:00;;;;;;;;;952.3;;;;999.9;2.3;14.1;8.3;50.8;13.8;49.7;;;;;;;;;;;;;;246;;
SCM;27.02.2024 00:00;;;;;;;;;962;;;;1010;1.5;7.9;5.4;28.4;7.6;27.4;;;;;;;;;;;;;;76;;
SCM;28.02.2024 00:00;;;;;;;;;970.9;;;;1019.2;1.2;4.4;4.3;15.8;4.3;15.5;;;;;;;;;;;;;;254;;
SCM;29.02.2024 00:00;;;;;;;;;965;;;;1013.1;1.3;5.1;4.7;18.4;5;18;;;;;;;;;;;;;;254;;
SCM;01.03.2024 00:00;;;;;;;;;960.3;;;;1008.3;1.3;9;4.7;32.4;8.6;31;;;;;;;;;;;;;;111;;
SCM;02.03.2024 00:00;;;;;;;;;955.6;;;;1003.3;2.7;12.6;9.7;45.4;11.8;42.5;;;;;;;;;;;;;;157;;
SCM;03.03.2024 00:00;;;;;;;;;951.4;;;;999;6.6;20.6;23.8;74.2;19.6;70.6;;;;;;;;;;;;;;115;;
SCM;04.03.2024 00:00;;;;;;;;;962.3;;;;1010.3;2.3;4.7;8.3;16.9;4.6;16.6;;;;;;;;;;;;;;257;;
SCM;05.03.2024 00:00;;;;;;;;;967.7;;;;1015.9;1.4;6.3;5;22.7;5.9;21.2;;;;;;;;;;;;;;236;;
SCM;06.03.2024 00:00;;;;;;;;;973;;;;1021.4;1.3;5.6;4.7;20.2;5.5;19.8;;;;;;;;;;;;;;96;;
SCM;07.03.2024 00:00;;;;;;;;;969.7;;;;1018.1;1.6;7.1;5.8;25.6;6.7;24.1;;;;;;;;;;;;;;79;;
SCM;08.03.2024 00:00;;;;;;;;;961.2;;;;1009.1;1.6;4.9;5.8;17.6;4.8;17.3;;;;;;;;;;;;;;270;;
SCM;09.03.2024 00:00;;;;;;;;;953.2;;;;1000.8;5.4;21.9;19.4;78.8;19.5;70.2;;;;;;;;;;;;;;114;;
SCM;10.03.2024 00:00;;;;;;;;;948.6;;;;996.1;3.6;16.3;13;58.7;15.7;56.5;;;;;;;;;;;;;;148;;
SCM;11.03.2024 00:00;;;;;;;;;959.8;;;;1007.7;1.7;7.7;6.1;27.7;7.4;26.6;;;;;;;;;;;;;;236;;
SCM;12.03.2024 00:00;;;;;;;;;970.5;;;;1018.9;1.1;8.9;4;32;8.7;31.3;;;;;;;;;;;;;;108;;
SCM;13.03.2024 00:00;;;;;;;;;971.5;;;;1019.8;1.8;6.9;6.5;24.8;6.8;24.5;;;;;;;;;;;;;;97;;
SCM;14.03.2024 00:00;;;;;;;;;968.2;;;;1016.4;1.5;10.2;5.4;36.7;9.8;35.3;;;;;;;;;;;;;;0;;
SCM;15.03.2024 00:00;;;;;;;;;968.8;;;;1017.1;1.6;12.1;5.8;43.6;11.1;40;;;;;;;;;;;;;;79;;
SCM;16.03.2024 00:00;;;;;;;;;974.2;;;;1022.7;2.3;12.1;8.3;43.6;12;43.2;;;;;;;;;;;;;;297;;
SCM;17.03.2024 00:00;;;;;;;;;973.9;;;;1022.3;2;10.9;7.2;39.2;10.4;37.4;;;;;;;;;;;;;;90;;
SCM;18.03.2024 00:00;;;;;;;;;970;;;;1018.3;1.7;8.1;6.1;29.2;7.9;28.4;;;;;;;;;;;;;;86;;
SCM;19.03.2024 00:00;;;;;;;;;971;;;;1019.3;2.2;8.8;7.9;31.7;8.6;31;;;;;;;;;;;;;;233;;
SCM;20.03.2024 00:00;;;;;;;;;971.8;;;;1020.2;1.4;7.9;5;28.4;7.6;27.4;;;;;;;;;;;;;;45;;
SCM;21.03.2024 00:00;;;;;;;;;976;;;;1024.6;1.1;5.8;4;20.9;5.5;19.8;;;;;;;;;;;;;;83;;
SCM;22.03.2024 00:00;;;;;;;;;971.5;;;;1019.9;1.7;9.4;6.1;33.8;8.5;30.6;;;;;;;;;;;;;;108;;
SCM;23.03.2024 00:00;;;;;;;;;966.1;;;;1014.2;3.3;16.3;11.9;58.7;16;57.6;;;;;;;;;;;;;;279;;
SCM;24.03.2024 00:00;;;;;;;;;964.8;;;;1012.9;2.5;15.1;9;54.4;14.4;51.8;;;;;;;;;;;;;;280;;
SCM;25.03.2024 00:00;;;;;;;;;957.3;;;;1005.1;2.9;15.7;10.4;56.5;14.7;52.9;;;;;;;;;;;;;;93;;
SCM;26.03.2024 00:00;;;;;;;;;945;;;;992.4;5.8;16.8;20.9;60.5;15.9;57.2;;;;;;;;;;;;;;135;;
SCM;27.03.2024 00:00;;;;;;;;;942.6;;;;989.8;3.4;14.2;12.2;51.1;13.7;49.3;;;;;;;;;;;;;;266;;
SCM;28.03.2024 00:00;;;;;;;;;949.6;;;;997.1;4;15.6;14.4;56.2;14.8;53.3;;;;;;;;;;;;;;99;;
SCM;29.03.2024 00:00;;;;;;;;;951.4;;;;999;5.7;20.2;20.5;72.7;19.8;71.3;;;;;;;;;;;;;;126;;
SCM;30.03.2024 00:00;;;;;;;;;951.2;;;;998.8;3.8;18.6;13.7;67;17.9;64.4;;;;;;;;;;;;;;124;;
SCM;31.03.2024 00:00;;;;;;;;;949.5;;;;997;4.5;21.1;16.2;76;20.6;74.2;;;;;;;;;;;;;;128;;
SCM;01.04.2024 00:00;;;;;;;;;955.4;;;;1003.1;2.3;12.4;8.3;44.6;12;43.2;;;;;;;;;;;;;;90;;
SCM;02.04.2024 00:00;;;;;;;;;966.5;;;;1014.6;2.8;12.1;10.1;43.6;11.7;42.1;;;;;;;;;;;;;;256;;
SCM;03.04.2024 00:00;;;;;;;;;965.6;;;;1013.8;1.9;11.7;6.8;42.1;11.3;40.7;;;;;;;;;;;;;;153;;
SCM;04.04.2024 00:00;;;;;;;;;969.1;;;;1017.4;1.8;8.8;6.5;31.7;8.6;31;;;;;;;;;;;;;;76;;
SCM;05.04.2024 00:00;;;;;;;;;969.5;;;;1017.8;2.4;12.3;8.6;44.3;11.2;40.3;;;;;;;;;;;;;;98;;
SCM;06.04.2024 00:00;;;;;;;;;970.6;;;;1018.9;1.8;8.2;6.5;29.5;8;28.8;;;;;;;;;;;;;;45;;
SCM;07.04.2024 00:00;;;;;;;;;969.4;;;;1017.7;3.5;16;12.6;57.6;15.4;55.4;;;;;;;;;;;;;;96;;
SCM;08.04.2024 00:00;;;;;;;;;963.2;;;;1011.3;4.7;16.2;16.9;58.3;15.4;55.4;;;;;;;;;;;;;;107;;
SCM;09.04.2024 00:00;;;;;;;;;969.9;;;;1018.2;3.5;14;12.6;50.4;13.2;47.5;;;;;;;;;;;;;;270;;
SCM;10.04.2024 00:00;;;;;;;;;980.5;;;;1029.2;1.6;6.1;5.8;22;5.6;20.2;;;;;;;;;;;;;;135;;
SCM;11.04.2024 00:00;;;;;;;;;984;;;;1032.9;1.7;5.3;6.1;19.1;5.2;18.7;;;;;;;;;;;;;;260;;
SCM;12.04.2024 00:00;;;;;;;;;983.8;;;;1032.6;1.3;5.6;4.7;20.2;5.3;19.1;;;;;;;;;;;;;;259;;
SCM;13.04.2024 00:00;;;;;;;;;979.6;;;;1028.3;1.4;8.1;5;29.2;7.9;28.4;;;;;;;;;;;;;;270;;
SCM;14.04.2024 00:00;;;;;;;;;973.7;;;;1022.2;1.3;6;4.7;21.6;5.6;20.2;;;;;;;;;;;;;;270;;
SCM;15.04.2024 00:00;;;;;;;;;964.5;;;;1012.6;4.3;16.2;15.5;58.3;15.8;56.9;;;;;;;;;;;;;;272;;
SCM;16.04.2024 00:00;;;;;;;;;963.8;;;;1011.8;5.5;16.4;19.8;59;16;57.6;;;;;;;;;;;;;;277;;
SCM;17.04.2024 00:00;;;;;;;;;963.7;;;;1011.8;3;11.9;10.8;42.8;11.6;41.8;;;;;;;;;;;;;;286;;
SCM;18.04.2024 00:00;;;;;;;;;969.1;;;;1017.3;1.9;7.2;6.8;25.9;7;25.2;;;;;;;;;;;;;;225;;
SCM;19.04.2024 00:00;;;;;;;;;969.5;;;;1017.8;3;12.3;10.8;44.3;11.9;42.8;;;;;;;;;;;;;;283;;
SCM;20.04.2024 00:00;;;;;;;;;971.2;;;;1019.6;1.7;8.7;6.1;31.3;8.5;30.6;;;;;;;;;;;;;;117;;
SCM;21.04.2024 00:00;;;;;;;;;970.7;;;;1019.1;1.8;11;6.5;39.6;10.7;38.5;;;;;;;;;;;;;;270;;
SCM;22.04.2024 00:00;;;;;;;;;969.5;;;;1017.8;1.5;5.7;5.4;20.5;5.5;19.8;;;;;;;;;;;;;;286;;
SCM;23.04.2024 00:00;;;;;;;;;966.8;;;;1015;1.4;4.7;5;16.9;4.6;16.6;;;;;;;;;;;;;;288;;
SCM;24.04.2024 00:00;;;;;;;;;964;;;;1012.1;2.6;11;9.4;39.6;10.6;38.2;;;;;;;;;;;;;;256;;
SCM;25.04.2024 00:00;;;;;;;;;961.2;;;;1009.1;2;7.5;7.2;27;7.4;26.6;;;;;;;;;;;;;;166;;
SCM;26.04.2024 00:00;;;;;;;;;959.5;;;;1007.4;3.3;11.7;11.9;42.1;11.3;40.7;;;;;;;;;;;;;;225;;
SCM;27.04.2024 00:00;;;;;;;;;960.7;;;;1008.7;5;17.3;18;62.3;16.3;58.7;;;;;;;;;;;;;;117;;
SCM;28.04.2024 00:00;;;;;;;;;966.5;;;;1014.7;4.5;15;16.2;54;13.8;49.7;;;;;;;;;;;;;;204;;
SCM;29.04.2024 00:00;;;;;;;;;971.3;;;;1019.6;1.3;5.6;4.7;20.2;5.5;19.8;;;;;;;;;;;;;;259;;
SCM;30.04.2024 00:00;;;;;;;;;966;;;;1014.1;2.2;13.1;7.9;47.2;12.7;45.7;;;;;;;;;;;;;;141;;
SCM;01.05.2024 00:00;;;;;;;;;956.6;;;;1004.4;3;10.9;10.8;39.2;10.6;38.2;;;;;;;;;;;;;;111;;
SCM;02.05.2024 00:00;;;;;;;;;956;;;;1003.7;2.9;18.1;10.4;65.2;17.8;64.1;;;;;;;;;;;;;;277;;
SCM;03.05.2024 00:00;;;;;;;;;967.7;;;;1015.9;1.8;7.3;6.5;26.3;7.1;25.6;;;;;;;;;;;;;;254;;
SCM;04.05.2024 00:00;;;;;;;;;966.8;;;;1015;1.7;5.5;6.1;19.8;5.4;19.4;;;;;;;;;;;;;;254;;
SCM;05.05.2024 00:00;;;;;;;;;964.7;;;;1012.9;1.2;6;4.3;21.6;5.8;20.9;;;;;;;;;;;;;;135;;
SCM;06.05.2024 00:00;;;;;;;;;963.7;;;;1011.7;2;11.3;7.2;40.7;11.1;40;;;;;;;;;;;;;;252;;
SCM;07.05.2024 00:00;;;;;;;;;968.5;;;;1016.8;1.7;6.8;6.1;24.5;6.6;23.8;;;;;;;;;;;;;;253;;
SCM;08.05.2024 00:00;;;;;;;;;974.7;;;;1023.2;1.9;6.7;6.8;24.1;6.6;23.8;;;;;;;;;;;;;;248;;
SCM;09.05.2024 00:00;;;;;;;;;974.8;;;;1023.3;1.8;6.7;6.5;24.1;6.3;22.7;;;;;;;;;;;;;;270;;
SCM;10.05.2024 00:00;;;;;;;;;972.5;;;;1020.9;1.7;6.3;6.1;22.7;6.1;22;;;;;;;;;;;;;;263;;
SCM;11.05.2024 00:00;;;;;;;;;971;;;;1019.3;1.7;5.7;6.1;20.5;5.7;20.5;;;;;;;;;;;;;;270;;
SCM;12.05.2024 00:00;;;;;;;;;968.6;;;;1016.8;1.8;10.2;6.5;36.7;9.6;34.6;;;;;;;;;;;;;;276;;
SCM;13.05.2024 00:00;;;;;;;;;965.5;;;;1013.6;3.6;18.3;13;65.9;16.2;58.3;;;;;;;;;;;;;;105;;
SCM;14.05.2024 00:00;;;;;;;;;958.7;;;;1006.6;2.7;9.6;9.7;34.6;9.1;32.8;;;;;;;;;;;;;;121;;
SCM;15.05.2024 00:00;;;;;;;;;958.8;;;;1006.6;2.3;13.9;8.3;50;13.5;48.6;;;;;;;;;;;;;;261;;
SCM;16.05.2024 00:00;;;;;;;;;958.8;;;;1006.6;3.3;9.5;11.9;34.2;9.3;33.5;;;;;;;;;;;;;;270;;
SCM;17.05.2024 00:00;;;;;;;;;962.4;;;;1010.4;1.6;8.3;5.8;29.9;8.1;29.2;;;;;;;;;;;;;;225;;
SCM;18.05.2024 00:00;;;;;;;;;964.8;;;;1012.9;1.9;9.9;6.8;35.6;9.6;34.6;;;;;;;;;;;;;;248;;
SCM;19.05.2024 00:00;;;;;;;;;964.7;;;;1012.8;2.1;6.7;7.6;24.1;6.6;23.8;;;;;;;;;;;;;;135;;
SCM;20.05.2024 00:00;;;;;;;;;961.3;;;;1009.3;1.7;13.7;6.1;49.3;13.5;48.6;;;;;;;;;;;;;;360;;
SCM;21.05.2024 00:00;;;;;;;;;962;;;;1010;2;11.3;7.2;40.7;11.1;40;;;;;;;;;;;;;;180;;
SCM;22.05.2024 00:00;;;;;;;;;966.1;;;;1014.3;1.7;8.5;6.1;30.6;8.2;29.5;;;;;;;;;;;;;;158;;
SCM;23.05.2024 00:00;;;;;;;;;969.6;;;;1017.9;1.5;6.4;5.4;23;6.2;22.3;;;;;;;;;;;;;;284;;
SCM;24.05.2024 00:00;;;;;;;;;970.6;;;;1018.9;2.2;15.4;7.9;55.4;15;54;;;;;;;;;;;;;;270;;
SCM;25.05.2024 00:00;;;;;;;;;970.5;;;;1018.9;1.9;9.4;6.8;33.8;9.1;32.8;;;;;;;;;;;;;;72;;
SCM;26.05.2024 00:00;;;;;;;;;970.7;;;;1019.1;1.7;9.9;6.1;35.6;9;32.4;;;;;;;;;;;;;;225;;
SCM;27.05.2024 00:00;;;;;;;;;971.1;;;;1019.4;2.3;9.9;8.3;35.6;9.4;33.8;;;;;;;;;;;;;;249;;
SCM;28.05.2024 00:00;;;;;;;;;972.8;;;;1021.2;1.7;6;6.1;21.6;5.9;21.2;;;;;;;;;;;;;;220;;
SCM;29.05.2024 00:00;;;;;;;;;967.6;;;;1015.8;2.1;9.4;7.6;33.8;8.9;32;;;;;;;;;;;;;;101;;
SCM;30.05.2024 00:00;;;;;;;;;961.2;;;;1009.2;1.7;16.7;6.1;60.1;16.1;58;;;;;;;;;;;;;;117;;
SCM;31.05.2024 00:00;;;;;;;;;964.5;;;;1012.5;1.7;5;6.1;18;4.8;17.3;;;;;;;;;;;;;;68;;
SCM;01.06.2024 00:00;;;;;;;;;969.6;;;;1017.9;1.2;4.2;4.3;15.1;4;14.4;;;;;;;;;;;;;;95;;
SCM;02.06.2024 00:00;;;;;;;;;970.7;;;;1019;1.2;5;4.3;18;4.7;16.9;;;;;;;;;;;;;;259;;
SCM;03.06.2024 00:00;;;;;;;;;969.8;;;;1018.1;2.3;7.3;8.3;26.3;7.3;26.3;;;;;;;;;;;;;;249;;
SCM;04.06.2024 00:00;;;;;;;;;966.8;;;;1015;2.2;8.3;7.9;29.9;8.3;29.9;;;;;;;;;;;;;;250;;
SCM;05.06.2024 00:00;;;;;;;;;967.7;;;;1015.9;1.6;11.5;5.8;41.4;11;39.6;;;;;;;;;;;;;;180;;
SCM;06.06.2024 00:00;;;;;;;;;969.6;;;;1017.9;1.9;10.5;6.8;37.8;10.2;36.7;;;;;;;;;;;;;;117;;
SCM;07.06.2024 00:00;;;;;;;;;970.5;;;;1018.8;1.9;9;6.8;32.4;8.4;30.2;;;;;;;;;;;;;;111;;
SCM;08.06.2024 00:00;;;;;;;;;966;;;;1014.2;2.1;10.4;7.6;37.4;9.7;34.9;;;;;;;;;;;;;;117;;
SCM;09.06.2024 00:00;;;;;;;;;960.9;;;;1008.9;1.8;9.2;6.5;33.1;8.8;31.7;;;;;;;;;;;;;;90;;
SCM;10.06.2024 00:00;;;;;;;;;962.3;;;;1010.3;2.4;8.5;8.6;30.6;8.2;29.5;;;;;;;;;;;;;;259;;
SCM;11.06.2024 00:00;;;;;;;;;968;;;;1016.3;1.8;5.9;6.5;21.2;5.7;20.5;;;;;;;;;;;;;;262;;
SCM;12.06.2024 00:00;;;;;;;;;969.3;;;;1017.6;1.7;6.4;6.1;23;6.1;22;;;;;;;;;;;;;;231;;
SCM;13.06.2024 00:00;;;;;;;;;969.3;;;;1017.6;1.9;7.4;6.8;26.6;7;25.2;;;;;;;;;;;;;;211;;
SCM;14.06.2024 00:00;;;;;;;;;965.7;;;;1013.9;1.7;10.7;6.1;38.5;10.4;37.4;;;;;;;;;;;;;;112;;
SCM;15.06.2024 00:00;;;;;;;;;964.2;;;;1012.2;2.1;11.5;7.6;41.4;10.1;36.4;;;;;;;;;;;;;;135;;
SCM;16.06.2024 00:00;;;;;;;;;964.9;;;;1013;2.1;8.4;7.6;30.2;8.1;29.2;;;;;;;;;;;;;;231;;
SCM;17.06.2024 00:00;;;;;;;;;967.7;;;;1015.9;2.6;10.4;9.4;37.4;10.3;37.1;;;;;;;;;;;;;;243;;
SCM;18.06.2024 00:00;;;;;;;;;966.4;;;;1014.6;2.9;10.9;10.4;39.2;10.5;37.8;;;;;;;;;;;;;;119;;
SCM;19.06.2024 00:00;;;;;;;;;967;;;;1015.3;1.9;7.1;6.8;25.6;6.8;24.5;;;;;;;;;;;;;;266;;
SCM;20.06.2024 00:00;;;;;;;;;970.1;;;;1018.5;2.4;12.9;8.6;46.4;12.5;45;;;;;;;;;;;;;;240;;
SCM;21.06.2024 00:00;;;;;;;;;969.1;;;;1017.4;2.5;11.8;9;42.5;11.7;42.1;;;;;;;;;;;;;;72;;
SCM;22.06.2024 00:00;;;;;;;;;969.8;;;;1018.1;2.7;13;9.7;46.8;12.6;45.4;;;;;;;;;;;;;;97;;
SCM;23.06.2024 00:00;;;;;;;;;970.5;;;;1018.8;1.5;7.1;5.4;25.6;6.8;24.5;;;;;;;;;;;;;;90;;
SCM;24.06.2024 00:00;;;;;;;;;967.7;;;;1015.9;2.1;9.1;7.6;32.8;8.6;31;;;;;;;;;;;;;;45;;
SCM;25.06.2024 00:00;;;;;;;;;964.8;;;;1012.9;1.7;14;6.1;50.4;13.2;47.5;;;;;;;;;;;;;;225;;
SCM;26.06.2024 00:00;;;;;;;;;964.9;;;;1013;2.4;11.1;8.6;40;10.9;39.2;;;;;;;;;;;;;;180;;
SCM;27.06.2024 00:00;;;;;;;;;966.2;;;;1014.4;3.1;15.3;11.2;55.1;12.9;46.4;;;;;;;;;;;;;;105;;
SCM;28.06.2024 00:00;;;;;;;;;969.7;;;;1018;2.5;12.3;9;44.3;11.8;42.5;;;;;;;;;;;;;;96;;
SCM;29.06.2024 00:00;;;;;;;;;964.7;;;;1012.8;2.2;16.4;7.9;59;15.9;57.2;;;;;;;;;;;;;;270;;
SCM;30.06.2024 00:00;;;;;;;;;965.8;;;;1014;1.6;10.3;5.8;37.1;10.2;36.7;;;;;;;;;;;;;;243;;
SCM;01.07.2024 00:00;;;;;;;;;969;;;;1017.2;1.3;14;4.7;50.4;13;46.8;;;;;;;;;;;;;;198;;
SCM;02.07.2024 00:00;;;;;;;;;969.1;;;;1017.3;1.5;7.5;5.4;27;7.1;25.6;;;;;;;;;;;;;;240;;
SCM;03.07.2024 00:00;;;;;;;;;965.6;;;;1013.8;1.5;6.5;5.4;23.4;6.1;22;;;;;;;;;;;;;;214;;
SCM;04.07.2024 00:00;;;;;;;;;966.3;;;;1014.5;1.6;10.1;5.8;36.4;9.9;35.6;;;;;;;;;;;;;;135;;
SCM;05.07.2024 00:00;;;;;;;;;966.6;;;;1014.7;2;8.7;7.2;31.3;8.3;29.9;;;;;;;;;;;;;;252;;
SCM;06.07.2024 00:00;;;;;;;;;963.1;;;;1011.1;2.1;13.4;7.6;48.2;12.8;46.1;;;;;;;;;;;;;;257;;
SCM;07.07.2024 00:00;;;;;;;;;968.3;;;;1016.5;1.9;9.4;6.8;33.8;9.2;33.1;;;;;;;;;;;;;;259;;
SCM;08.07.2024 00:00;;;;;;;;;969.7;;;;1018;1.7;6.4;6.1;23;5.9;21.2;;;;;;;;;;;;;;254;;
SCM;09.07.2024 00:00;;;;;;;;;968.6;;;;1016.9;1.9;9.6;6.8;34.6;9.3;33.5;;;;;;;;;;;;;;104;;
SCM;10.07.2024 00:00;;;;;;;;;970.6;;;;1019;2.4;8.2;8.6;29.5;8.1;29.2;;;;;;;;;;;;;;246;;
SCM;11.07.2024 00:00;;;;;;;;;969.9;;;;1018.2;2.8;12.1;10.1;43.6;11.5;41.4;;;;;;;;;;;;;;143;;
SCM;12.07.2024 00:00;;;;;;;;;965.7;;;;1013.9;2.6;17.4;9.4;62.6;16.9;60.8;;;;;;;;;;;;;;121;;
SCM;13.07.2024 00:00;;;;;;;;;967.4;;;;1015.6;1.5;5.3;5.4;19.1;5.1;18.4;;;;;;;;;;;;;;0;;
SCM;14.07.2024 00:00;;;;;;;;;967.2;;;;1015.4;1.7;7.9;6.1;28.4;7.7;27.7;;;;;;;;;;;;;;135;;
SCM;15.07.2024 00:00;;;;;;;;;965.7;;;;1013.8;2.3;11.7;8.3;42.1;11.3;40.7;;;;;;;;;;;;;;270;;
SCM;16.07.2024 00:00;;;;;;;;;969.6;;;;1017.9;2.4;9;8.6;32.4;8.6;31;;;;;;;;;;;;;;243;;
SCM;17.07.2024 00:00;;;;;;;;;973.3;;;;1021.7;1.7;6.3;6.1;22.7;6.2;22.3;;;;;;;;;;;;;;129;;
SCM;18.07.2024 00:00;;;;;;;;;972.8;;;;1021.2;1.4;4.9;5;17.6;4.7;16.9;;;;;;;;;;;;;;256;;
SCM;19.07.2024 00:00;;;;;;;;;970.7;;;;1019;1.9;10.4;6.8;37.4;9.8;35.3;;;;;;;;;;;;;;100;;
SCM;20.07.2024 00:00;;;;;;;;;964.3;;;;1012.4;1.9;8.8;6.8;31.7;8.5;30.6;;;;;;;;;;;;;;90;;
SCM;21.07.2024 00:00;;;;;;;;;964;;;;1012;2.8;10.4;10.1;37.4;10.2;36.7;;;;;;;;;;;;;;221;;
SCM;22.07.2024 00:00;;;;;;;;;971.4;;;;1019.8;1.7;8.7;6.1;31.3;8.6;31;;;;;;;;;;;;;;166;;
SCM;23.07.2024 00:00;;;;;;;;;972.9;;;;1021.3;1.8;7;6.5;25.2;6.8;24.5;;;;;;;;;;;;;;249;;
SCM;24.07.2024 00:00;;;;;;;;;971.7;;;;1020.1;2.5;8.2;9;29.5;7.9;28.4;;;;;;;;;;;;;;249;;
SCM;25.07.2024 00:00;;;;;;;;;967.3;;;;1015.5;1.9;5.4;6.8;19.4;5.2;18.7;;;;;;;;;;;;;;243;;
SCM;26.07.2024 00:00;;;;;;;;;966.1;;;;1014.3;1.3;6.3;4.7;22.7;5.9;21.2;;;;;;;;;;;;;;225;;
SCM;27.07.2024 00:00;;;;;;;;;967.6;;;;1015.9;2;9.8;7.2;35.3;9.3;33.5;;;;;;;;;;;;;;243;;
SCM;28.07.2024 00:00;;;;;;;;;975.2;;;;1023.7;2;5.5;7.2;19.8;5.4;19.4;;;;;;;;;;;;;;270;;
SCM;29.07.2024 00:00;;;;;;;;;973.7;;;;1022.1;2.1;5.3;7.6;19.1;5;18;;;;;;;;;;;;;;252;;
SCM;30.07.2024 00:00;;;;;;;;;970.1;;;;1018.5;1.5;9.4;5.4;33.8;9.1;32.8;;;;;;;;;;;;;;153;;
SCM;31.07.2024 00:00;;;;;;;;;968;;;;1016.2;2.5;20.2;9;72.7;19.7;70.9;;;;;;;;;;;;;;101;;
SCM;01.08.2024 00:00;;;;;;;;;966.6;;;;1014.8;2.3;14.8;8.3;53.3;13.6;49;;;;;;;;;;;;;;97;;
SCM;02.08.2024 00:00;;;;;;;;;965.8;;;;1014;1.8;11.1;6.5;40;10.8;38.9;;;;;;;;;;;;;;207;;
SCM;03.08.2024 00:00;;;;;;;;;966.9;;;;1015.1;1.6;6.5;5.8;23.4;6.3;22.7;;;;;;;;;;;;;;225;;
SCM;04.08.2024 00:00;;;;;;;;;968.8;;;;1017.1;1.8;6.5;6.5;23.4;6.3;22.7;;;;;;;;;;;;;;247;;
SCM;05.08.2024 00:00;;;;;;;;;967.6;;;;1015.8;2;6.1;7.2;22;6;21.6;;;;;;;;;;;;;;233;;
SCM;06.08.2024 00:00;;;;;;;;;965.5;;;;1013.7;1.3;4.3;4.7;15.5;4.2;15.1;;;;;;;;;;;;;;225;;
SCM;07.08.2024 00:00;;;;;;;;;967.5;;;;1015.7;1.9;16;6.8;57.6;15.5;55.8;;;;;;;;;;;;;;108;;
SCM;08.08.2024 00:00;;;;;;;;;970.2;;;;1018.5;1.1;5.9;4;21.2;5.8;20.9;;;;;;;;;;;;;;162;;
SCM;09.08.2024 00:00;;;;;;;;;972.1;;;;1020.5;1.5;5.9;5.4;21.2;5.8;20.9;;;;;;;;;;;;;;230;;
SCM;10.08.2024 00:00;;;;;;;;;974;;;;1022.4;1.6;4.8;5.8;17.3;4.7;16.9;;;;;;;;;;;;;;254;;
SCM;11.08.2024 00:00;;;;;;;;;971.4;;;;1019.8;1.3;3.7;4.7;13.3;3.6;13;;;;;;;;;;;;;;254;;
SCM;12.08.2024 00:00;;;;;;;;;967.4;;;;1015.6;2;14.5;7.2;52.2;14;50.4;;;;;;;;;;;;;;239;;
SCM;13.08.2024 00:00;;;;;;;;;964.4;;;;1012.5;1.7;11.7;6.1;42.1;11.1;40;;;;;;;;;;;;;;112;;
SCM;14.08.2024 00:00;;;;;;;;;966.7;;;;1014.9;1.8;10.9;6.5;39.2;10.6;38.2;;;;;;;;;;;;;;236;;
SCM;15.08.2024 00:00;;;;;;;;;970.3;;;;1018.6;1.4;3.8;5;13.7;3.7;13.3;;;;;;;;;;;;;;248;;
SCM;16.08.2024 00:00;;;;;;;;;969.9;;;;1018.3;2.4;11.4;8.6;41;10.9;39.2;;;;;;;;;;;;;;251;;
SCM;17.08.2024 00:00;;;;;;;;;967.3;;;;1015.5;1.9;6.4;6.8;23;6.2;22.3;;;;;;;;;;;;;;225;;
SCM;18.08.2024 00:00;;;;;;;;;965.5;;;;1013.7;1.7;12.1;6.1;43.6;11.5;41.4;;;;;;;;;;;;;;104;;
SCM;19.08.2024 00:00;;;;;;;;;969.4;;;;1017.7;1.8;11.5;6.5;41.4;10.9;39.2;;;;;;;;;;;;;;79;;
SCM;20.08.2024 00:00;;;;;;;;;966.8;;;;1015;1.7;5.1;6.1;18.4;4.9;17.6;;;;;;;;;;;;;;225;;
SCM;21.08.2024 00:00;;;;;;;;;970.9;;;;1019.3;1.6;7.7;5.8;27.7;7.3;26.3;;;;;;;;;;;;;;249;;
SCM;22.08.2024 00:00;;;;;;;;;968;;;;1016.2;1.4;5.5;5;19.8;5.2;18.7;;;;;;;;;;;;;;214;;
SCM;23.08.2024 00:00;;;;;;;;;967.8;;;;1016;1.5;6.1;5.4;22;5.6;20.2;;;;;;;;;;;;;;117;;
SCM;24.08.2024 00:00;;;;;;;;;966.6;;;;1014.8;1.8;10.3;6.5;37.1;10.1;36.4;;;;;;;;;;;;;;270;;
SCM;25.08.2024 00:00;;;;;;;;;974.3;;;;1022.8;1.9;8.7;6.8;31.3;8.1;29.2;;;;;;;;;;;;;;284;;
SCM;26.08.2024 00:00;;;;;;;;;974;;;;1022.5;2;8.8;7.2;31.7;8.6;31;;;;;;;;;;;;;;56;;
SCM;27.08.2024 00:00;;;;;;;;;971.8;;;;1020.2;2;6.1;7.2;22;5.9;21.2;;;;;;;;;;;;;;252;;
SCM;28.08.2024 00:00;;;;;;;;;970.8;;;;1019.1;1.2;6.4;4.3;23;6.2;22.3;;;;;;;;;;;;;;0;;
SCM;29.08.2024 00:00;;;;;;;;;971.3;;;;1019.7;1.4;5.9;5;21.2;5.7;20.5;;;;;;;;;;;;;;90;;
SCM;30.08.2024 00:00;;;;;;;;;970.5;;;;1018.8;1.2;5.7;4.3;20.5;5.3;19.1;;;;;;;;;;;;;;180;;
SCM;31.08.2024 00:00;;;;;;;;;970.3;;;;1018.7;1;3.6;3.6;13;3.5;12.6;;;;;;;;;;;;;;207;;
SCM;01.09.2024 00:00;;;;;;;;;968.4;;;;1016.6;1.7;24.2;6.1;87.1;23.2;83.5;;;;;;;;;;;;;;180;;
SCM;02.09.2024 00:00;;;;;;;;;967.4;;;;1015.6;1.6;4.6;5.8;16.6;4.6;16.6;;;;;;;;;;;;;;127;;
SCM;03.09.2024 00:00;;;;;;;;;968.3;;;;1016.5;1.3;6.2;4.7;22.3;5.7;20.5;;;;;;;;;;;;;;90;;
SCM;04.09.2024 00:00;;;;;;;;;966.7;;;;1014.9;1.5;5.7;5.4;20.5;5.6;20.2;;;;;;;;;;;;;;194;;
SCM;05.09.2024 00:00;;;;;;;;;960.8;;;;1008.8;2.8;8.6;10.1;31;8.2;29.5;;;;;;;;;;;;;;278;;
SCM;06.09.2024 00:00;;;;;;;;;964.7;;;;1012.8;1.8;6.1;6.5;22;6;21.6;;;;;;;;;;;;;;236;;
SCM;07.09.2024 00:00;;;;;;;;;964.2;;;;1012.3;2;12.9;7.2;46.4;12;43.2;;;;;;;;;;;;;;127;;
SCM;08.09.2024 00:00;;;;;;;;;964.2;;;;1012.2;2.1;13.7;7.6;49.3;13.4;48.2;;;;;;;;;;;;;;252;;
SCM;09.09.2024 00:00;;;;;;;;;963.7;;;;1011.8;1.8;10.6;6.5;38.2;10.5;37.8;;;;;;;;;;;;;;333;;
SCM;10.09.2024 00:00;;;;;;;;;967.9;;;;1016.1;1.7;8;6.1;28.8;7.8;28.1;;;;;;;;;;;;;;277;;
SCM;11.09.2024 00:00;;;;;;;;;964.6;;;;1012.7;2;11.3;7.2;40.7;11.1;40;;;;;;;;;;;;;;278;;
SCM;12.09.2024 00:00;;;;;;;;;966.8;;;;1015;2.1;7.1;7.6;25.6;6.9;24.8;;;;;;;;;;;;;;162;;
SCM;13.09.2024 00:00;;;;;;;;;973.1;;;;1021.5;2.3;8;8.3;28.8;7.8;28.1;;;;;;;;;;;;;;279;;
SCM;14.09.2024 00:00;;;;;;;;;979.4;;;;1028.1;1.9;5.9;6.8;21.2;5.8;20.9;;;;;;;;;;;;;;56;;
SCM;15.09.2024 00:00;;;;;;;;;977;;;;1025.6;2;7.1;7.2;25.6;6.8;24.5;;;;;;;;;;;;;;108;;
SCM;16.09.2024 00:00;;;;;;;;;975.2;;;;1023.7;1.3;3.5;4.7;12.6;3.4;12.2;;;;;;;;;;;;;;85;;
SCM;17.09.2024 00:00;;;;;;;;;972.5;;;;1020.9;2;9;7.2;32.4;8.8;31.7;;;;;;;;;;;;;;90;;
SCM;18.09.2024 00:00;;;;;;;;;971.1;;;;1019.4;1.7;6.8;6.1;24.5;6.7;24.1;;;;;;;;;;;;;;225;;
SCM;19.09.2024 00:00;;;;;;;;;969.9;;;;1018.2;1.4;4.4;5;15.8;4.3;15.5;;;;;;;;;;;;;;207;;
SCM;20.09.2024 00:00;;;;;;;;;971.5;;;;1019.9;1.2;3.8;4.3;13.7;3.7;13.3;;;;;;;;;;;;;;270;;
SCM;21.09.2024 00:00;;;;;;;;;971.5;;;;1019.8;0.9;4.2;3.2;15.1;4;14.4;;;;;;;;;;;;;;225;;
SCM;22.09.2024 00:00;;;;;;;;;968.2;;;;1016.4;1.3;6.1;4.7;22;6;21.6;;;;;;;;;;;;;;153;;
SCM;23.09.2024 00:00;;;;;;;;;964.6;;;;1012.7;1.9;10.3;6.8;37.1;9.9;35.6;;;;;;;;;;;;;;243;;
SCM;24.09.2024 00:00;;;;;;;;;963.7;;;;1011.8;1.6;7;5.8;25.2;6.4;23;;;;;;;;;;;;;;79;;
SCM;25.09.2024 00:00;;;;;;;;;962.8;;;;1010.8;1.9;10.1;6.8;36.4;9.9;35.6;;;;;;;;;;;;;;117;;
SCM;26.09.2024 00:00;;;;;;;;;957.1;;;;1004.9;1.5;7.6;5.4;27.4;7.4;26.6;;;;;;;;;;;;;;270;;
SCM;27.09.2024 00:00;;;;;;;;;960.8;;;;1008.7;1.8;10.8;6.5;38.9;10.3;37.1;;;;;;;;;;;;;;45;;
SCM;28.09.2024 00:00;;;;;;;;;972.8;;;;1021.2;1.8;9;6.5;32.4;8.9;32;;;;;;;;;;;;;;63;;
SCM;29.09.2024 00:00;;;;;;;;;975.7;;;;1024.3;1.8;7.8;6.5;28.1;7.7;27.7;;;;;;;;;;;;;;86;;
SCM;30.09.2024 00:00;;;;;;;;;970;;;;1018.3;1.4;5.3;5;19.1;5.2;18.7;;;;;;;;;;;;;;101;;
SCM;01.10.2024 00:00;;;;;;;;;964.7;;;;1012.8;1.7;10.4;6.1;37.4;9.8;35.3;;;;;;;;;;;;;;90;;
SCM;02.10.2024 00:00;;;;;;;;;962.4;;;;1010.4;1.7;11.8;6.1;42.5;11.2;40.3;;;;;;;;;;;;;;270;;
SCM;03.10.2024 00:00;;;;;;;;;963.4;;;;1011.4;1.4;8.7;5;31.3;8.2;29.5;;;;;;;;;;;;;;297;;
SCM;04.10.2024 00:00;;;;;;;;;967.3;;;;1015.5;1.5;5.2;5.4;18.7;5.1;18.4;;;;;;;;;;;;;;275;;
SCM;05.10.2024 00:00;;;;;;;;;967.7;;;;1016;1.5;5.5;5.4;19.8;5.3;19.1;;;;;;;;;;;;;;63;;
SCM;06.10.2024 00:00;;;;;;;;;963.4;;;;1011.5;1.4;6.4;5;23;6.1;22;;;;;;;;;;;;;;90;;
SCM;07.10.2024 00:00;;;;;;;;;960.2;;;;1008.1;2.1;12.2;7.6;43.9;11.8;42.5;;;;;;;;;;;;;;243;;
SCM;08.10.2024 00:00;;;;;;;;;958.3;;;;1006.2;1.6;8.1;5.8;29.2;7.9;28.4;;;;;;;;;;;;;;315;;
SCM;09.10.2024 00:00;;;;;;;;;950.4;;;;997.9;4.4;19.2;15.8;69.1;18.7;67.3;;;;;;;;;;;;;;105;;
SCM;10.10.2024 00:00;;;;;;;;;957.2;;;;1005;3.2;11.9;11.5;42.8;11.3;40.7;;;;;;;;;;;;;;274;;
SCM;11.10.2024 00:00;;;;;;;;;968.4;;;;1016.6;1.3;5.6;4.7;20.2;5.4;19.4;;;;;;;;;;;;;;84;;
SCM;12.10.2024 00:00;;;;;;;;;968;;;;1016.2;1.7;10.8;6.1;38.9;10.1;36.4;;;;;;;;;;;;;;225;;
SCM;13.10.2024 00:00;;;;;;;;;970.9;;;;1019.2;1.8;9.9;6.5;35.6;9.5;34.2;;;;;;;;;;;;;;90;;
SCM;14.10.2024 00:00;;;;;;;;;971.6;;;;1020;1.9;10.8;6.8;38.9;10.1;36.4;;;;;;;;;;;;;;82;;
SCM;15.10.2024 00:00;;;;;;;;;970.8;;;;1019.1;2.6;13.5;9.4;48.6;12.8;46.1;;;;;;;;;;;;;;85;;
SCM;16.10.2024 00:00;;;;;;;;;966.7;;;;1014.8;1.9;11.6;6.8;41.8;11.2;40.3;;;;;;;;;;;;;;270;;
SCM;17.10.2024 00:00;;;;;;;;;966.8;;;;1014.9;1.6;7.1;5.8;25.6;7;25.2;;;;;;;;;;;;;;252;;
SCM;18.10.2024 00:00;;;;;;;;;967.2;;;;1015.4;1;3.5;3.6;12.6;3.3;11.9;;;;;;;;;;;;;;45;;
SCM;19.10.2024 00:00;;;;;;;;;971.6;;;;1020;1.3;8;4.7;28.8;7.7;27.7;;;;;;;;;;;;;;117;;
SCM;20.10.2024 00:00;;;;;;;;;975.8;;;;1024.4;1.3;5.9;4.7;21.2;5.8;20.9;;;;;;;;;;;;;;243;;
SCM;21.10.2024 00:00;;;;;;;;;978.6;;;;1027.2;1.4;4.9;5;17.6;4.7;16.9;;;;;;;;;;;;;;270;;
SCM;22.10.2024 00:00;;;;;;;;;980.8;;;;1029.5;1.7;8.3;6.1;29.9;8.2;29.5;;;;;;;;;;;;;;248;;
SCM;23.10.2024 00:00;;;;;;;;;982.2;;;;1031;2.1;5.3;7.6;19.1;5.1;18.4;;;;;;;;;;;;;;259;;
SCM;24.10.2024 00:00;;;;;;;;;977.7;;;;1026.3;1.2;5.3;4.3;19.1;4.6;16.6;;;;;;;;;;;;;;270;;
SCM;25.10.2024 00:00;;;;;;;;;973.5;;;;1022;1;3.9;3.6;14;3.7;13.3;;;;;;;;;;;;;;180;;
SCM;26.10.2024 00:00;;;;;;;;;970.2;;;;1018.6;1;4.1;3.6;14.8;4;14.4;;;;;;;;;;;;;;135;;
SCM;27.10.2024 00:00;;;;;;;;;975;;;;1023.5;0.9;3.3;3.2;11.9;3.2;11.5;;;;;;;;;;;;;;90;;
SCM;28.10.2024 00:00;;;;;;;;;978.9;;;;1027.5;1.1;3.8;4;13.7;3.5;12.6;;;;;;;;;;;;;;360;;
SCM;29.10.2024 00:00;;;;;;;;;979.2;;;;1027.9;1.1;3.8;4;13.7;3.5;12.6;;;;;;;;;;;;;;270;;
SCM;30.10.2024 00:00;;;;;;;;;979.1;;;;1027.8;1.1;4.1;4;14.8;3.8;13.7;;;;;;;;;;;;;;146;;
SCM;31.10.2024 00:00;;;;;;;;;979.3;;;;1028;1.5;4.4;5.4;15.8;4.3;15.5;;;;;;;;;;;;;;180;;
SCM;01.11.2024 00:00;;;;;;;;;977.9;;;;1026.5;1.1;3.9;4;14;3.6;13;;;;;;;;;;;;;;90;;
SCM;02.11.2024 00:00;;;;;;;;;979;;;;1027.6;1.6;7.2;5.8;25.9;6.6;23.8;;;;;;;;;;;;;;90;;
SCM;03.11.2024 00:00;;;;;;;;;980.4;;;;1029.1;1.5;6;5.4;21.6;5.9;21.2;;;;;;;;;;;;;;207;;
SCM;04.11.2024 00:00;;;;;;;;;978.5;;;;1027.2;1.2;4.1;4.3;14.8;4;14.4;;;;;;;;;;;;;;225;;
SCM;05.11.2024 00:00;;;;;;;;;977.8;;;;1026.4;1.2;4.2;4.3;15.1;4;14.4;;;;;;;;;;;;;;104;;
SCM;06.11.2024 00:00;;;;;;;;;980.4;;;;1029.1;1.1;3.7;4;13.3;3.6;13;;;;;;;;;;;;;;90;;
SCM;07.11.2024 00:00;;;;;;;;;980.6;;;;1029.4;1.6;5.2;5.8;18.7;5.1;18.4;;;;;;;;;;;;;;135;;
SCM;08.11.2024 00:00;;;;;;;;;977.7;;;;1026.3;1.2;4.2;4.3;15.1;4;14.4;;;;;;;;;;;;;;90;;
SCM;09.11.2024 00:00;;;;;;;;;977.7;;;;1026.3;1.3;4.5;4.7;16.2;4.4;15.8;;;;;;;;;;;;;;135;;
SCM;10.11.2024 00:00;;;;;;;;;978.4;;;;1027;1.4;4.2;5;15.1;4;14.4;;;;;;;;;;;;;;146;;
SCM;11.11.2024 00:00;;;;;;;;;979.2;;;;1027.9;1.5;4.8;5.4;17.3;4.6;16.6;;;;;;;;;;;;;;127;;
SCM;12.11.2024 00:00;;;;;;;;;976.4;;;;1024.9;1.9;8.2;6.8;29.5;7.7;27.7;;;;;;;;;;;;;;48;;
SCM;13.11.2024 00:00;;;;;;;;;979.4;;;;1028.1;1.2;4.6;4.3;16.6;4.3;15.5;;;;;;;;;;;;;;315;;
SCM;14.11.2024 00:00;;;;;;;;;979.3;;;;1028;1.2;4;4.3;14.4;3.9;14;;;;;;;;;;;;;;0;;
SCM;15.11.2024 00:00;;;;;;;;;977.6;;;;1026.2;1.2;4.2;4.3;15.1;4;14.4;;;;;;;;;;;;;;90;;
SCM;16.11.2024 00:00;;;;;;;;;973.2;;;;1021.6;1.2;4.4;4.3;15.8;4.3;15.5;;;;;;;;;;;;;;90;;
SCM;17.11.2024 00:00;;;;;;;;;968.8;;;;1017.1;1.4;4.1;5;14.8;3.9;14;;;;;;;;;;;;;;45;;
SCM;18.11.2024 00:00;;;;;;;;;967.6;;;;1015.8;1.5;7.4;5.4;26.6;6.9;24.8;;;;;;;;;;;;;;270;;
SCM;19.11.2024 00:00;;;;;;;;;957.8;;;;1005.6;1.6;12.1;5.8;43.6;11;39.6;;;;;;;;;;;;;;75;;
SCM;20.11.2024 00:00;;;;;;;;;958.3;;;;1006.1;3.3;17.6;11.9;63.4;16.9;60.8;;;;;;;;;;;;;;279;;
SCM;21.11.2024 00:00;;;;;;;;;952.3;;;;999.9;2.7;11;9.7;39.6;10.7;38.5;;;;;;;;;;;;;;333;;
SCM;22.11.2024 00:00;;;;;;;;;963.5;;;;1011.6;3.3;13;11.9;46.8;12.7;45.7;;;;;;;;;;;;;;294;;
SCM;23.11.2024 00:00;;;;;;;;;975.1;;;;1023.7;2.9;14;10.4;50.4;13.5;48.6;;;;;;;;;;;;;;81;;
SCM;24.11.2024 00:00;;;;;;;;;974.2;;;;1022.6;2.2;13.5;7.9;48.6;12.9;46.4;;;;;;;;;;;;;;87;;
SCM;25.11.2024 00:00;;;;;;;;;967.8;;;;1016;5.3;23.3;19.1;83.9;22.8;82.1;;;;;;;;;;;;;;130;;
SCM;26.11.2024 00:00;;;;;;;;;974.5;;;;1023;1.2;6.2;4.3;22.3;6;21.6;;;;;;;;;;;;;;81;;
SCM;27.11.2024 00:00;;;;;;;;;974.6;;;;1023.1;1.3;5.5;4.7;19.8;5.3;19.1;;;;;;;;;;;;;;90;;
SCM;28.11.2024 00:00;;;;;;;;;977.7;;;;1026.3;1.2;7.8;4.3;28.1;7.2;25.9;;;;;;;;;;;;;;72;;
SCM;29.11.2024 00:00;;;;;;;;;981.8;;;;1030.6;1.7;5.3;6.1;19.1;5.1;18.4;;;;;;;;;;;;;;236;;
SCM;30.11.2024 00:00;;;;;;;;;981.2;;;;1029.9;1.4;5.1;5;18.4;4.8;17.3;;;;;;;;;;;;;;90;;
SCM;01.12.2024 00:00;;;;;;;;;978;;;;1026.6;1.3;5.5;4.7;19.8;5.2;18.7;;;;;;;;;;;;;;63;;
SCM;02.12.2024 00:00;;;;;;;;;972.1;;;;1020.5;1.4;7.5;5;27;7.3;26.3;;;;;;;;;;;;;;90;;
SCM;03.12.2024 00:00;;;;;;;;;972.3;;;;1020.6;1.1;4;4;14.4;3.9;14;;;;;;;;;;;;;;82;;
SCM;04.12.2024 00:00;;;;;;;;;977;;;;1025.6;1.2;5.2;4.3;18.7;5;18;;;;;;;;;;;;;;72;;
SCM;05.12.2024 00:00;;;;;;;;;975.7;;;;1024.2;1.8;9.3;6.5;33.5;9;32.4;;;;;;;;;;;;;;98;;
SCM;06.12.2024 00:00;;;;;;;;;969.7;;;;1018;3.4;14.8;12.2;53.3;14.6;52.6;;;;;;;;;;;;;;283;;
SCM;07.12.2024 00:00;;;;;;;;;961.4;;;;1009.4;2.6;14;9.4;50.4;13.5;48.6;;;;;;;;;;;;;;98;;
SCM;08.12.2024 00:00;;;;;;;;;958.7;;;;1006.5;1.2;4.3;4.3;15.5;4.1;14.8;;;;;;;;;;;;;;63;;
SCM;09.12.2024 00:00;;;;;;;;;965.8;;;;1013.9;2;8.6;7.2;31;8.2;29.5;;;;;;;;;;;;;;49;;
SCM;10.12.2024 00:00;;;;;;;;;972.1;;;;1020.5;1.6;8.1;5.8;29.2;7.6;27.4;;;;;;;;;;;;;;63;;
SCM;11.12.2024 00:00;;;;;;;;;977.5;;;;1026.1;2.1;6.6;7.6;23.8;5.5;19.8;;;;;;;;;;;;;;74;;
SCM;12.12.2024 00:00;;;;;;;;;979.7;;;;1028.4;1.7;4.9;6.1;17.6;4.6;16.6;;;;;;;;;;;;;;98;;
SCM;13.12.2024 00:00;;;;;;;;;978.1;;;;1026.8;1.3;3.7;4.7;13.3;3.4;12.2;;;;;;;;;;;;;;90;;
SCM;14.12.2024 00:00;;;;;;;;;975.3;;;;1023.9;1.3;4.5;4.7;16.2;4.3;15.5;;;;;;;;;;;;;;85;;
SCM;15.12.2024 00:00;;;;;;;;;984.4;;;;1033.3;1.2;4.6;4.3;16.6;4.3;15.5;;;;;;;;;;;;;;72;;
SCM;16.12.2024 00:00;;;;;;;;;988.3;;;;1037.4;1.3;7;4.7;25.2;6.5;23.4;;;;;;;;;;;;;;81;;
SCM;17.12.2024 00:00;;;;;;;;;982;;;;1030.8;1.2;4.9;4.3;17.6;4.7;16.9;;;;;;;;;;;;;;72;;
SCM;18.12.2024 00:00;;;;;;;;;975.5;;;;1024;1.3;5.4;4.7;19.4;5.1;18.4;;;;;;;;;;;;;;68;;
SCM;19.12.2024 00:00;;;;;;;;;962.8;;;;1010.9;2.9;16.5;10.4;59.4;16;57.6;;;;;;;;;;;;;;280;;
SCM;20.12.2024 00:00;;;;;;;;;974.8;;;;1023.3;1.8;8.8;6.5;31.7;8.5;30.6;;;;;;;;;;;;;;329;;
SCM;21.12.2024 00:00;;;;;;;;;975.2;;;;1023.7;2.6;11.9;9.4;42.8;11.5;41.4;;;;;;;;;;;;;;95;;
SCM;22.12.2024 00:00;;;;;;;;;961.7;;;;1009.6;3.3;19.7;11.9;70.9;18.4;66.2;;;;;;;;;;;;;;275;;
SCM;23.12.2024 00:00;;;;;;;;;967.6;;;;1015.8;1.7;8.2;6.1;29.5;7.5;27;;;;;;;;;;;;;;321;;
SCM;24.12.2024 00:00;;;;;;;;;980.2;;;;1028.9;1.7;6.2;6.1;22.3;6;21.6;;;;;;;;;;;;;;60;;
SCM;25.12.2024 00:00;;;;;;;;;985.8;;;;1034.8;1.4;9.6;5;34.6;9.1;32.8;;;;;;;;;;;;;;90;;
SCM;26.12.2024 00:00;;;;;;;;;985.3;;;;1034.2;1.1;3.7;4;13.3;3.4;12.2;;;;;;;;;;;;;;77;;
SCM;27.12.2024 00:00;;;;;;;;;984.9;;;;1033.8;1.2;3.7;4.3;13.3;3.4;12.2;;;;;;;;;;;;;;60;;
SCM;28.12.2024 00:00;;;;;;;;;982.7;;;;1031.5;1.2;3.4;4.3;12.2;3.3;11.9;;;;;;;;;;;;;;90;;
SCM;29.12.2024 00:00;;;;;;;;;982.3;;;;1031.1;1.2;3.6;4.3;13;3.4;12.2;;;;;;;;;;;;;;77;;
SCM;30.12.2024 00:00;;;;;;;;;983.2;;;;1032;1.3;4;4.7;14.4;3.9;14;;;;;;;;;;;;;;76;;
SCM;31.12.2024 00:00;;;;;;;;;982.6;;;;1031.4;1.3;4.2;4.7;15.1;4;14.4;;;;;;;;;;;;;;72;;
