station_abbr;reference_timestamp;tre200d0;tre200dx;tre200dn;tre005d0;tre005dx;tre005dn;ure200d0;pva200d0;prestad0;pp0qffd0;ppz850d0;ppz700d0;pp0qnhd0;fkl010d0;fkl010d1;fu3010d0;fu3010d1;fkl010d3;fu3010d3;wcc006d0;rre150d0;rka150d0;htoautd0;gre000d0;oli000d0;olo000d0;osr000d0;ods000d0;sre000d0;sremaxdv;erefaod0;xcd000d0;dkl010d0;xno000d0;xno012d0
STK;01.02.1993 00:00;;;;;;;;;;;;;;1.8;5.5;6.5;19.8;;;;;;;;;;;;;;;;37;;
STK;02.02.1993 00:00;;;;;;;;;;;;;;1.3;5.4;4.7;19.4;;;;;;;;;;;;;;;;45;;
STK;03.02.1993 00:00;;;;;;;;;;;;;;1.5;6.8;5.4;24.5;;;;;;;;;;;;;;;;52;;
STK;04.02.1993 00:00;;;;;;;;;;;;;;1.2;4;4.3;14.4;;;;;;;;;;;;;;;;214;;
STK;05.02.1993 00:00;;;;;;;;;;;;;;0.9;3.5;3.2;12.6;;;;;;;;;;;;;;;;198;;
STK;06.02.1993 00:00;;;;;;;;;;;;;;0.9;3.8;3.2;13.7;;;;;;;;;;;;;;;;360;;
STK;07.02.1993 00:00;;;;;;;;;;;;;;1.7;6.8;6.1;24.5;;;;;;;;;;;;;;;;39;;
STK;08.02.1993 00:00;;;;;;;;;;;;;;2.3;6.5;8.3;23.4;;;;;;;;;;;;;;;;37;;
STK;09.02.1993 00:00;;;;;;;;;;;;;;1.7;4.6;6.1;16.6;;;;;;;;;;;;;;;;23;;
STK;10.02.1993 00:00;;;;;;;;;;;;;;1.7;6.3;6.1;22.7;;;;;;;;;;;;;;;;32;;
STK;11.02.1993 00:00;;;;;;;;;;;;;;0.9;3.3;3.2;11.9;;;;;;;;;;;;;;;;360;;
STK;12.02.1993 00:00;;;;;;;;;;;;;;1.2;3.9;4.3;14;;;;;;;;;;;;;;;;304;;
STK;13.02.1993 00:00;;;;;;;;;;;;;;1.2;3.9;4.3;14;;;;;;;;;;;;;;;;45;;
STK;14.02.1993 00:00;;;;;;;;;;;;;;0.8;3.3;2.9;11.9;;;;;;;;;;;;;;;;63;;
STK;15.02.1993 00:00;;;;;;;;;;;;;;1.2;4.9;4.3;17.6;;;;;;;;;;;;;;;;49;;
STK;16.02.1993 00:00;;;;;;;;;;;;;;1.2;4.3;4.3;15.5;;;;;;;;;;;;;;;;270;;
STK;17.02.1993 00:00;;;;;;;;;;;;;;3.9;9.1;14;32.8;;;;;;;;;;;;;;;;231;;
STK;18.02.1993 00:00;;;;;;;;;;;;;;1.5;7;5.4;25.2;;;;;;;;;;;;;;;;191;;
STK;19.02.1993 00:00;;;;;;;;;;;;;;7.3;17.3;26.3;62.3;;;;;;;;;;;;;;;;238;;
STK;20.02.1993 00:00;;;;;;;;;;;;;;6.8;18.3;24.5;65.9;;;;;;;;;;;;;;;;238;;
STK;21.02.1993 00:00;;;;;;;;;;;;;;6.8;22.8;24.5;82.1;;;;;;;;;;;;;;;;245;;
STK;22.02.1993 00:00;;;;;;;;;;;;;;2.3;9.4;8.3;33.8;;;;;;;;;;;;;;;;17;;
STK;23.02.1993 00:00;;;;;;;;;;;;;;3.9;15.1;14;54.4;;;;;;;;;;;;;;;;58;;
STK;24.02.1993 00:00;;;;;;;;;;;;;;2.7;8.4;9.7;30.2;;;;;;;;;;;;;;;;59;;
STK;25.02.1993 00:00;;;;;;;;;;;;;;1.3;3.6;4.7;13;;;;;;;;;;;;;;;;146;;
STK;26.02.1993 00:00;;;;;;;;;;;;;;1.4;4.9;5;17.6;;;;;;;;;;;;;;;;207;;
STK;27.02.1993 00:00;;;;;;;;;;;;;;0.9;2.5;3.2;9;;;;;;;;;;;;;;;;135;;
STK;28.02.1993 00:00;;;;;;;;;;;;;;4.9;11.3;17.6;40.7;;;;;;;;;;;;;;;;52;;
STK;01.03.1993 00:00;;;;;;;;;;;;;;3.2;9.1;11.5;32.8;;;;;;;;;;;;;;;;57;;
STK;02.03.1993 00:00;;;;;;;;;;;;;;1.3;6.9;4.7;24.8;;;;;;;;;;;;;;;;67;;
STK;03.03.1993 00:00;;;;;;;;;;;;;;1.5;5.8;5.4;20.9;;;;;;;;;;;;;;;;31;;
STK;04.03.1993 00:00;;;;;;;;;;;;;;3.4;10.1;12.2;36.4;;;;;;;;;;;;;;;;53;;
STK;05.03.1993 00:00;;;;;;;;;;;;;;1.3;3.9;4.7;14;;;;;;;;;;;;;;;;90;;
STK;06.03.1993 00:00;;;;;;;;;;;;;;3.5;8.1;12.6;29.2;;;;;;;;;;;;;;;;229;;
STK;07.03.1993 00:00;;;;;;;;;;;;;;2.1;6.3;7.6;22.7;;;;;;;;;;;;;;;;214;;
STK;08.03.1993 00:00;;;;;;;;;;;;;;6.8;17;24.5;61.2;;;;;;;;;;;;;;;;65;;
STK;09.03.1993 00:00;;;;;;;;;;;;;;1.3;4.1;4.7;14.8;;;;;;;;;;;;;;;;67;;
STK;10.03.1993 00:00;;;;;;;;;;;;;;1;3.3;3.6;11.9;;;;;;;;;;;;;;;;90;;
STK;11.03.1993 00:00;;;;;;;;;;;;;;0.9;3;3.2;10.8;;;;;;;;;;;;;;;;90;;
STK;12.03.1993 00:00;;;;;;;;;;;;;;1;3.5;3.6;12.6;;;;;;;;;;;;;;;;117;;
STK;13.03.1993 00:00;;;;;;;;;;;;;;1;3.1;3.6;11.2;;;;;;;;;;;;;;;;90;;
STK;14.03.1993 00:00;;;;;;;;;;;;;;1.1;3.5;4;12.6;;;;;;;;;;;;;;;;90;;
STK;15.03.1993 00:00;;;;;;;;;;;;;;0.8;3.4;2.9;12.2;;;;;;;;;;;;;;;;90;;
STK;16.03.1993 00:00;;;;;;;;;;;;;;3.4;10.9;12.2;39.2;;;;;;;;;;;;;;;;236;;
STK;17.03.1993 00:00;;;;;;;;;;;;;;4;13.1;14.4;47.2;;;;;;;;;;;;;;;;229;;
STK;18.03.1993 00:00;;;;;;;;;;;;;;2.6;9.4;9.4;33.8;;;;;;;;;;;;;;;;231;;
STK;19.03.1993 00:00;;;;;;;;;;;;;;1.1;3.9;4;14;;;;;;;;;;;;;;;;72;;
STK;20.03.1993 00:00;;;;;;;;;;;;;;1.2;4.3;4.3;15.5;;;;;;;;;;;;;;;;90;;
STK;21.03.1993 00:00;;;;;;;;;;;;;;1.4;5.9;5;21.2;;;;;;;;;;;;;;;;207;;
STK;22.03.1993 00:00;;;;;;;;;;;;;;2.5;19;9;68.4;;;;;;;;;;;;;;;;230;;
STK;23.03.1993 00:00;;;;;;;;;;;;;;2.6;12.5;9.4;45;;;;;;;;;;;;;;;;234;;
STK;24.03.1993 00:00;;;;;;;;;;;;;;1.6;6.8;5.8;24.5;;;;;;;;;;;;;;;;45;;
STK;25.03.1993 00:00;;;;;;;;;;;;;;2.5;13.6;9;49;;;;;;;;;;;;;;;;15;;
STK;26.03.1993 00:00;;;;;;;;;;;;;;3;12.1;10.8;43.6;;;;;;;;;;;;;;;;39;;
STK;27.03.1993 00:00;;;;;;;;;;;;;;1.5;8.4;5.4;30.2;;;;;;;;;;;;;;;;270;;
STK;28.03.1993 00:00;;;;;;;;;;;;;;1.9;7.8;6.8;28.1;;;;;;;;;;;;;;;;55;;
STK;29.03.1993 00:00;;;;;;;;;;;;;;1.5;4.6;5.4;16.6;;;;;;;;;;;;;;;;81;;
STK;30.03.1993 00:00;;;;;;;;;;;;;;1.9;9;6.8;32.4;;;;;;;;;;;;;;;;230;;
STK;31.03.1993 00:00;;;;;;;;;;;;;;1.2;5.4;4.3;19.4;;;;;;;;;;;;;;;;90;;
STK;01.04.1993 00:00;;;;;;;;;;;;;;2.5;9.1;9;32.8;;;;;;;;;;;;;;;;231;;
STK;02.04.1993 00:00;;;;;;;;;;;;;;3.2;8.4;11.5;30.2;;;;;;;;;;;;;;;;235;;
STK;03.04.1993 00:00;;;;;;;;;;;;;;1.4;4.1;5;14.8;;;;;;;;;;;;;;;;230;;
STK;04.04.1993 00:00;;;;;;;;;;;;;;4.8;17.1;17.3;61.6;;;;;;;;;;;;;;;;234;;
STK;05.04.1993 00:00;;;;;;;;;;;;;;3;15.9;10.8;57.2;;;;;;;;;;;;;;;;225;;
STK;06.04.1993 00:00;;;;;;;;;;;;;;7.4;20.8;26.6;74.9;;;;;;;;;;;;;;;;242;;
STK;07.04.1993 00:00;;;;;;;;;;;;;;5.3;15;19.1;54;;;;;;;;;;;;;;;;237;;
STK;08.04.1993 00:00;;;;;;;;;;;;;;2.1;6.8;7.6;24.5;;;;;;;;;;;;;;;;56;;
STK;09.04.1993 00:00;;;;;;;;;;;;;;1.6;6.3;5.8;22.7;;;;;;;;;;;;;;;;54;;
STK;10.04.1993 00:00;;;;;;;;;;;;;;1;4.3;3.6;15.5;;;;;;;;;;;;;;;;59;;
STK;11.04.1993 00:00;;;;;;;;;;;;;;2.7;11.5;9.7;41.4;;;;;;;;;;;;;;;;211;;
STK;12.04.1993 00:00;;;;;;;;;;;;;;1.9;6.1;6.8;22;;;;;;;;;;;;;;;;237;;
STK;13.04.1993 00:00;;;;;;;;;;;;;;1.9;8.1;6.8;29.2;;;;;;;;;;;;;;;;225;;
STK;14.04.1993 00:00;;;;;;;;;;;;;;1.4;4.5;5;16.2;;;;;;;;;;;;;;;;225;;
STK;15.04.1993 00:00;;;;;;;;;;;;;;1.8;8.4;6.5;30.2;;;;;;;;;;;;;;;;72;;
STK;16.04.1993 00:00;;;;;;;;;;;;;;1.8;7.9;6.5;28.4;;;;;;;;;;;;;;;;225;;
STK;17.04.1993 00:00;;;;;;;;;;;;;;2.7;8.5;9.7;30.6;;;;;;;;;;;;;;;;234;;
STK;18.04.1993 00:00;;;;;;;;;;;;;;5.1;12.6;18.4;45.4;;;;;;;;;;;;;;;;237;;
STK;19.04.1993 00:00;;;;;;;;;;;;;;4.6;12.4;16.6;44.6;;;;;;;;;;;;;;;;235;;
STK;20.04.1993 00:00;;;;;;;;;;;;;;1.3;6.8;4.7;24.5;;;;;;;;;;;;;;;;252;;
STK;21.04.1993 00:00;;;;;;;;;;;;;;2.4;12;8.6;43.2;;;;;;;;;;;;;;;;233;;
STK;22.04.1993 00:00;;;;;;;;;;;;;;2.7;20.1;9.7;72.4;;;;;;;;;;;;;;;;225;;
STK;23.04.1993 00:00;;;;;;;;;;;;;;1.1;3.6;4;13;;;;;;;;;;;;;;;;45;;
STK;24.04.1993 00:00;;;;;;;;;;;;;;1.8;9.5;6.5;34.2;;;;;;;;;;;;;;;;141;;
STK;25.04.1993 00:00;;;;;;;;;;;;;;1.6;9.1;5.8;32.8;;;;;;;;;;;;;;;;149;;
STK;26.04.1993 00:00;;;;;;;;;;;;;;2.8;7.9;10.1;28.4;;;;;;;;;;;;;;;;162;;
STK;27.04.1993 00:00;;;;;;;;;;;;;;2.8;10;10.1;36;;;;;;;;;;;;;;;;67;;
STK;28.04.1993 00:00;;;;;;;;;;;;;;2.5;9.4;9;33.8;;;;;;;;;;;;;;;;74;;
STK;30.04.1993 00:00;;;;;;;;;;;;;;2.5;16.4;9;59;;;;;;;;;;;;;;;;223;;
STK;01.05.1993 00:00;;;;;;;;;;;;;;2.6;8.4;9.4;30.2;;;;;;;;;;;;;;;;227;;
STK;02.05.1993 00:00;;;;;;;;;;;;;;2.3;9.1;8.3;32.8;;;;;;;;;;;;;;;;227;;
STK;03.05.1993 00:00;;;;;;;;;;;;;;2.5;8.1;9;29.2;;;;;;;;;;;;;;;;301;;
STK;04.05.1993 00:00;;;;;;;;;;;;;;4.7;11.1;16.9;40;;;;;;;;;;;;;;;;54;;
STK;05.05.1993 00:00;;;;;;;;;;;;;;4.2;8.4;15.1;30.2;;;;;;;;;;;;;;;;41;;
STK;06.05.1993 00:00;;;;;;;;;;;;;;3.9;8.8;14;31.7;;;;;;;;;;;;;;;;48;;
STK;07.05.1993 00:00;;;;;;;;;;;;;;1.4;4.4;5;15.8;;;;;;;;;;;;;;;;18;;
STK;08.05.1993 00:00;;;;;;;;;;;;;;1.4;4.3;5;15.5;;;;;;;;;;;;;;;;79;;
STK;09.05.1993 00:00;;;;;;;;;;;;;;2.5;10.8;9;38.9;;;;;;;;;;;;;;;;180;;
STK;10.05.1993 00:00;;;;;;;;;;;;;;1.7;6.6;6.1;23.8;;;;;;;;;;;;;;;;59;;
STK;11.05.1993 00:00;;;;;;;;;;;;;;2.4;11.9;8.6;42.8;;;;;;;;;;;;;;;;231;;
STK;12.05.1993 00:00;;;;;;;;;;;;;;2.1;12.5;7.6;45;;;;;;;;;;;;;;;;225;;
STK;13.05.1993 00:00;;;;;;;;;;;;;;2.8;6.4;10.1;23;;;;;;;;;;;;;;;;227;;
STK;14.05.1993 00:00;;;;;;;;;;;;;;3.1;10.6;11.2;38.2;;;;;;;;;;;;;;;;235;;
STK;15.05.1993 00:00;;;;;;;;;;;;;;3.4;14;12.2;50.4;;;;;;;;;;;;;;;;239;;
STK;16.05.1993 00:00;;;;;;;;;;;;;;1.6;6;5.8;21.6;;;;;;;;;;;;;;;;61;;
STK;17.05.1993 00:00;;;;;;;;;;;;;;1.5;3.9;5.4;14;;;;;;;;;;;;;;;;68;;
STK;18.05.1993 00:00;;;;;;;;;;;;;;2.4;14.9;8.6;53.6;;;;;;;;;;;;;;;;217;;
STK;19.05.1993 00:00;;;;;;;;;;;;;;2.2;10.3;7.9;37.1;;;;;;;;;;;;;;;;72;;
STK;20.05.1993 00:00;;;;;;;;;;;;;;3.5;25.6;12.6;92.2;;;;;;;;;;;;;;;;234;;
STK;21.05.1993 00:00;;;;;;;;;;;;;;4.6;11.4;16.6;41;;;;;;;;;;;;;;;;227;;
STK;22.05.1993 00:00;;;;;;;;;;;;;;1.6;5.8;5.8;20.9;;;;;;;;;;;;;;;;63;;
STK;23.05.1993 00:00;;;;;;;;;;;;;;1.4;6;5;21.6;;;;;;;;;;;;;;;;69;;
STK;24.05.1993 00:00;;;;;;;;;;;;;;1.7;9.6;6.1;34.6;;;;;;;;;;;;;;;;214;;
STK;25.05.1993 00:00;;;;;;;;;;;;;;1.4;4.4;5;15.8;;;;;;;;;;;;;;;;162;;
STK;26.05.1993 00:00;;;;;;;;;;;;;;1.5;19;5.4;68.4;;;;;;;;;;;;;;;;162;;
STK;27.05.1993 00:00;;;;;;;;;;;;;;3.8;18.6;13.7;67;;;;;;;;;;;;;;;;238;;
STK;28.05.1993 00:00;;;;;;;;;;;;;;4.8;16.6;17.3;59.8;;;;;;;;;;;;;;;;238;;
STK;29.05.1993 00:00;;;;;;;;;;;;;;1.5;3.8;5.4;13.7;;;;;;;;;;;;;;;;101;;
STK;30.05.1993 00:00;;;;;;;;;;;;;;4;16.4;14.4;59;;;;;;;;;;;;;;;;237;;
STK;31.05.1993 00:00;;;;;;;;;;;;;;4.5;11.3;16.2;40.7;;;;;;;;;;;;;;;;240;;
STK;01.06.1993 00:00;;;;;;;;;;;;;;1.2;2.9;4.3;10.4;;;;;;;;;;;;;;;;34;;
STK;02.06.1993 00:00;;;;;;;;;;;;;;4.3;19;15.5;68.4;;;;;;;;;;;;;;;;234;;
STK;03.06.1993 00:00;;;;;;;;;;;;;;4.6;12.3;16.6;44.3;;;;;;;;;;;;;;;;232;;
STK;04.06.1993 00:00;;;;;;;;;;;;;;2;8.5;7.2;30.6;;;;;;;;;;;;;;;;48;;
STK;05.06.1993 00:00;;;;;;;;;;;;;;1.1;3.3;4;11.9;;;;;;;;;;;;;;;;135;;
STK;06.06.1993 00:00;;;;;;;;;;;;;;1.6;5.5;5.8;19.8;;;;;;;;;;;;;;;;90;;
STK;07.06.1993 00:00;;;;;;;;;;;;;;1.4;4.3;5;15.5;;;;;;;;;;;;;;;;90;;
STK;08.06.1993 00:00;;;;;;;;;;;;;;2.2;7;7.9;25.2;;;;;;;;;;;;;;;;56;;
STK;09.06.1993 00:00;;;;;;;;;;;;;;1.6;7.9;5.8;28.4;;;;;;;;;;;;;;;;83;;
STK;10.06.1993 00:00;;;;;;;;;;;;;;2.9;12;10.4;43.2;;;;;;;;;;;;;;;;241;;
STK;11.06.1993 00:00;;;;;;;;;;;;;;4.5;12.8;16.2;46.1;;;;;;;;;;;;;;;;230;;
STK;12.06.1993 00:00;;;;;;;;;;;;;;5.3;15.9;19.1;57.2;;;;;;;;;;;;;;;;236;;
STK;13.06.1993 00:00;;;;;;;;;;;;;;6.2;15.4;22.3;55.4;;;;;;;;;;;;;;;;232;;
STK;14.06.1993 00:00;;;;;;;;;;;;;;4.9;10.9;17.6;39.2;;;;;;;;;;;;;;;;236;;
STK;15.06.1993 00:00;;;;;;;;;;;;;;3.3;9.5;11.9;34.2;;;;;;;;;;;;;;;;232;;
STK;16.06.1993 00:00;;;;;;;;;;;;;;2.8;8.3;10.1;29.9;;;;;;;;;;;;;;;;234;;
STK;17.06.1993 00:00;;;;;;;;;;;;;;3.6;12.4;13;44.6;;;;;;;;;;;;;;;;236;;
STK;18.06.1993 00:00;;;;;;;;;;;;;;1.3;3.9;4.7;14;;;;;;;;;;;;;;;;225;;
STK;19.06.1993 00:00;;;;;;;;;;;;;;2.4;8;8.6;28.8;;;;;;;;;;;;;;;;231;;
STK;20.06.1993 00:00;;;;;;;;;;;;;;2.9;8.9;10.4;32;;;;;;;;;;;;;;;;238;;
STK;21.06.1993 00:00;;;;;;;;;;;;;;2.4;8.8;8.6;31.7;;;;;;;;;;;;;;;;216;;
STK;22.06.1993 00:00;;;;;;;;;;;;;;1.4;11;5;39.6;;;;;;;;;;;;;;;;360;;
STK;23.06.1993 00:00;;;;;;;;;;;;;;3;8.1;10.8;29.2;;;;;;;;;;;;;;;;236;;
STK;24.06.1993 00:00;;;;;;;;;;;;;;1.7;5.4;6.1;19.4;;;;;;;;;;;;;;;;344;;
STK;25.06.1993 00:00;;;;;;;;;;;;;;1.6;6.6;5.8;23.8;;;;;;;;;;;;;;;;72;;
STK;26.06.1993 00:00;;;;;;;;;;;;;;3.7;9.6;13.3;34.6;;;;;;;;;;;;;;;;234;;
STK;27.06.1993 00:00;;;;;;;;;;;;;;3.4;11.9;12.2;42.8;;;;;;;;;;;;;;;;236;;
STK;28.06.1993 00:00;;;;;;;;;;;;;;3.7;11.8;13.3;42.5;;;;;;;;;;;;;;;;64;;
STK;29.06.1993 00:00;;;;;;;;;;;;;;3.4;8.5;12.2;30.6;;;;;;;;;;;;;;;;55;;
STK;30.06.1993 00:00;;;;;;;;;;;;;;1.2;3.4;4.3;12.2;;;;;;;;;;;;;;;;90;;
STK;01.07.1993 00:00;;;;;;;;;;;;;;1.5;6.9;5.4;24.8;;;;;;;;;;;;;;;;67;;
STK;02.07.1993 00:00;;;;;;;;;;;;;;2.9;9.9;10.4;35.6;;;;;;;;;;;;;;;;229;;
STK;03.07.1993 00:00;;;;;;;;;;;;;;1.6;4.8;5.8;17.3;;;;;;;;;;;;;;;;235;;
STK;04.07.1993 00:00;;;;;;;;;;;;;;1.1;2.6;4;9.4;;;;;;;;;;;;;;;;135;;
STK;05.07.1993 00:00;;;;;;;;;;;;;;2.4;14.3;8.6;51.5;;;;;;;;;;;;;;;;27;;
STK;06.07.1993 00:00;;;;;;;;;;;;;;4.1;11.3;14.8;40.7;;;;;;;;;;;;;;;;27;;
STK;07.07.1993 00:00;;;;;;;;;;;;;;1.7;5.9;6.1;21.2;;;;;;;;;;;;;;;;219;;
STK;08.07.1993 00:00;;;;;;;;;;;;;;1.4;3.6;5;13;;;;;;;;;;;;;;;;101;;
STK;09.07.1993 00:00;;;;;;;;;;;;;;2.3;8.9;8.3;32;;;;;;;;;;;;;;;;229;;
STK;10.07.1993 00:00;;;;;;;;;;;;;;3.1;15;11.2;54;;;;;;;;;;;;;;;;233;;
STK;11.07.1993 00:00;;;;;;;;;;;;;;3.5;13.1;12.6;47.2;;;;;;;;;;;;;;;;222;;
STK;12.07.1993 00:00;;;;;;;;;;;;;;6;14.8;21.6;53.3;;;;;;;;;;;;;;;;223;;
STK;13.07.1993 00:00;;;;;;;;;;;;;;3.1;12.3;11.2;44.3;;;;;;;;;;;;;;;;232;;
STK;14.07.1993 00:00;;;;;;;;;;;;;;2.7;10;9.7;36;;;;;;;;;;;;;;;;223;;
STK;15.07.1993 00:00;;;;;;;;;;;;;;4.3;11.1;15.5;40;;;;;;;;;;;;;;;;234;;
STK;16.07.1993 00:00;;;;;;;;;;;;;;1.8;11.3;6.5;40.7;;;;;;;;;;;;;;;;225;;
STK;17.07.1993 00:00;;;;;;;;;;;;;;2.9;10.1;10.4;36.4;;;;;;;;;;;;;;;;231;;
STK;18.07.1993 00:00;;;;;;;;;;;;;;3.2;9;11.5;32.4;;;;;;;;;;;;;;;;232;;
STK;19.07.1993 00:00;;;;;;;;;;;;;;2.1;6.6;7.6;23.8;;;;;;;;;;;;;;;;221;;
STK;20.07.1993 00:00;;;;;;;;;;;;;;4.7;11.8;16.9;42.5;;;;;;;;;;;;;;;;230;;
STK;21.07.1993 00:00;;;;;;;;;;;;;;3.2;9.9;11.5;35.6;;;;;;;;;;;;;;;;238;;
STK;22.07.1993 00:00;;;;;;;;;;;;;;1.8;16.9;6.5;60.8;;;;;;;;;;;;;;;;221;;
STK;23.07.1993 00:00;;;;;;;;;;;;;;2.4;7.9;8.6;28.4;;;;;;;;;;;;;;;;234;;
STK;24.07.1993 00:00;;;;;;;;;;;;;;1.7;4.3;6.1;15.5;;;;;;;;;;;;;;;;72;;
STK;25.07.1993 00:00;;;;;;;;;;;;;;4.3;13.4;15.5;48.2;;;;;;;;;;;;;;;;235;;
STK;26.07.1993 00:00;;;;;;;;;;;;;;4.6;11.8;16.6;42.5;;;;;;;;;;;;;;;;242;;
STK;27.07.1993 00:00;;;;;;;;;;;;;;3.7;9.6;13.3;34.6;;;;;;;;;;;;;;;;235;;
STK;28.07.1993 00:00;;;;;;;;;;;;;;3.9;15.3;14;55.1;;;;;;;;;;;;;;;;233;;
STK;29.07.1993 00:00;;;;;;;;;;;;;;1;5;3.6;18;;;;;;;;;;;;;;;;236;;
STK;30.07.1993 00:00;;;;;;;;;;;;;;1.8;16.9;6.5;60.8;;;;;;;;;;;;;;;;207;;
STK;31.07.1993 00:00;;;;;;;;;;;;;;3.8;14.1;13.7;50.8;;;;;;;;;;;;;;;;231;;
STK;01.08.1993 00:00;;;;;;;;;;;;;;2;7.1;7.2;25.6;;;;;;;;;;;;;;;;62;;
STK;02.08.1993 00:00;;;;;;;;;;;;;;1.9;8.1;6.8;29.2;;;;;;;;;;;;;;;;214;;
STK;03.08.1993 00:00;;;;;;;;;;;;;;1.3;4.9;4.7;17.6;;;;;;;;;;;;;;;;72;;
STK;04.08.1993 00:00;;;;;;;;;;;;;;1.6;14.1;5.8;50.8;;;;;;;;;;;;;;;;221;;
STK;05.08.1993 00:00;;;;;;;;;;;;;;1.9;9.1;6.8;32.8;;;;;;;;;;;;;;;;230;;
STK;06.08.1993 00:00;;;;;;;;;;;;;;2.2;8.6;7.9;31;;;;;;;;;;;;;;;;270;;
STK;07.08.1993 00:00;;;;;;;;;;;;;;1.1;3.6;4;13;;;;;;;;;;;;;;;;72;;
STK;08.08.1993 00:00;;;;;;;;;;;;;;1.6;7.3;5.8;26.3;;;;;;;;;;;;;;;;214;;
STK;09.08.1993 00:00;;;;;;;;;;;;;;3;12.8;10.8;46.1;;;;;;;;;;;;;;;;237;;
STK;10.08.1993 00:00;;;;;;;;;;;;;;5.2;15.5;18.7;55.8;;;;;;;;;;;;;;;;226;;
STK;11.08.1993 00:00;;;;;;;;;;;;;;3.5;10.9;12.6;39.2;;;;;;;;;;;;;;;;240;;
STK;12.08.1993 00:00;;;;;;;;;;;;;;1.9;7.6;6.8;27.4;;;;;;;;;;;;;;;;231;;
STK;13.08.1993 00:00;;;;;;;;;;;;;;1.7;5.1;6.1;18.4;;;;;;;;;;;;;;;;52;;
STK;14.08.1993 00:00;;;;;;;;;;;;;;1.4;8.5;5;30.6;;;;;;;;;;;;;;;;124;;
STK;15.08.1993 00:00;;;;;;;;;;;;;;2.1;7.8;7.6;28.1;;;;;;;;;;;;;;;;216;;
STK;16.08.1993 00:00;;;;;;;;;;;;;;1.4;3.1;5;11.2;;;;;;;;;;;;;;;;153;;
STK;17.08.1993 00:00;;;;;;;;;;;;;;1.8;7.6;6.5;27.4;;;;;;;;;;;;;;;;38;;
STK;18.08.1993 00:00;;;;;;;;;;;;;;1.2;4.1;4.3;14.8;;;;;;;;;;;;;;;;45;;
STK;19.08.1993 00:00;;;;;;;;;;;;;;2;9;7.2;32.4;;;;;;;;;;;;;;;;219;;
STK;20.08.1993 00:00;;;;;;;;;;;;;;2;6;7.2;21.6;;;;;;;;;;;;;;;;223;;
STK;21.08.1993 00:00;;;;;;;;;;;;;;1.5;4.1;5.4;14.8;;;;;;;;;;;;;;;;101;;
STK;22.08.1993 00:00;;;;;;;;;;;;;;3.2;16.1;11.5;58;;;;;;;;;;;;;;;;237;;
STK;23.08.1993 00:00;;;;;;;;;;;;;;3.8;12.4;13.7;44.6;;;;;;;;;;;;;;;;238;;
STK;24.08.1993 00:00;;;;;;;;;;;;;;3.6;9.6;13;34.6;;;;;;;;;;;;;;;;49;;
STK;25.08.1993 00:00;;;;;;;;;;;;;;1.6;8.4;5.8;30.2;;;;;;;;;;;;;;;;61;;
STK;26.08.1993 00:00;;;;;;;;;;;;;;1.7;5.8;6.1;20.9;;;;;;;;;;;;;;;;58;;
STK;27.08.1993 00:00;;;;;;;;;;;;;;2.4;8.3;8.6;29.9;;;;;;;;;;;;;;;;27;;
STK;28.08.1993 00:00;;;;;;;;;;;;;;2.3;10.3;8.3;37.1;;;;;;;;;;;;;;;;47;;
STK;29.08.1993 00:00;;;;;;;;;;;;;;1.9;8.9;6.8;32;;;;;;;;;;;;;;;;72;;
STK;30.08.1993 00:00;;;;;;;;;;;;;;3.1;9.3;11.2;33.5;;;;;;;;;;;;;;;;231;;
STK;31.08.1993 00:00;;;;;;;;;;;;;;2;7.5;7.2;27;;;;;;;;;;;;;;;;117;;
STK;01.09.1993 00:00;;;;;;;;;;;;;;2;8.3;7.2;29.9;;;;;;;;;;;;;;;;67;;
STK;02.09.1993 00:00;;;;;;;;;;;;;;1.2;3;4.3;10.8;;;;;;;;;;;;;;;;153;;
STK;03.09.1993 00:00;;;;;;;;;;;;;;2.3;8.1;8.3;29.2;;;;;;;;;;;;;;;;221;;
STK;04.09.1993 00:00;;;;;;;;;;;;;;1.9;6.6;6.8;23.8;;;;;;;;;;;;;;;;234;;
STK;05.09.1993 00:00;;;;;;;;;;;;;;2.9;8;10.4;28.8;;;;;;;;;;;;;;;;253;;
STK;06.09.1993 00:00;;;;;;;;;;;;;;2.2;6.5;7.9;23.4;;;;;;;;;;;;;;;;68;;
STK;07.09.1993 00:00;;;;;;;;;;;;;;0.9;3.1;3.2;11.2;;;;;;;;;;;;;;;;117;;
STK;08.09.1993 00:00;;;;;;;;;;;;;;2;9.3;7.2;33.5;;;;;;;;;;;;;;;;223;;
STK;09.09.1993 00:00;;;;;;;;;;;;;;2.5;12.9;9;46.4;;;;;;;;;;;;;;;;234;;
STK;10.09.1993 00:00;;;;;;;;;;;;;;3.3;9.9;11.9;35.6;;;;;;;;;;;;;;;;231;;
STK;11.09.1993 00:00;;;;;;;;;;;;;;1.9;11.9;6.8;42.8;;;;;;;;;;;;;;;;230;;
STK;12.09.1993 00:00;;;;;;;;;;;;;;3;14.4;10.8;51.8;;;;;;;;;;;;;;;;237;;
STK;13.09.1993 00:00;;;;;;;;;;;;;;3.5;14.5;12.6;52.2;;;;;;;;;;;;;;;;234;;
STK;14.09.1993 00:00;;;;;;;;;;;;;;4;14.4;14.4;51.8;;;;;;;;;;;;;;;;223;;
STK;15.09.1993 00:00;;;;;;;;;;;;;;4.1;13;14.8;46.8;;;;;;;;;;;;;;;;231;;
STK;16.09.1993 00:00;;;;;;;;;;;;;;4;15.3;14.4;55.1;;;;;;;;;;;;;;;;231;;
STK;17.09.1993 00:00;;;;;;;;;;;;;;1.2;4.1;4.3;14.8;;;;;;;;;;;;;;;;191;;
STK;18.09.1993 00:00;;;;;;;;;;;;;;1.2;4.5;4.3;16.2;;;;;;;;;;;;;;;;67;;
STK;19.09.1993 00:00;;;;;;;;;;;;;;1.4;4.3;5;15.5;;;;;;;;;;;;;;;;74;;
STK;20.09.1993 00:00;;;;;;;;;;;;;;1;2.9;3.6;10.4;;;;;;;;;;;;;;;;90;;
STK;21.09.1993 00:00;;;;;;;;;;;;;;0.9;5.1;3.2;18.4;;;;;;;;;;;;;;;;214;;
STK;22.09.1993 00:00;;;;;;;;;;;;;;1.9;13.6;6.8;49;;;;;;;;;;;;;;;;229;;
STK;23.09.1993 00:00;;;;;;;;;;;;;;1.5;6.1;5.4;22;;;;;;;;;;;;;;;;53;;
STK;24.09.1993 00:00;;;;;;;;;;;;;;1.7;8.9;6.1;32;;;;;;;;;;;;;;;;232;;
STK;25.09.1993 00:00;;;;;;;;;;;;;;5.7;13.8;20.5;49.7;;;;;;;;;;;;;;;;231;;
STK;26.09.1993 00:00;;;;;;;;;;;;;;4.7;13.1;16.9;47.2;;;;;;;;;;;;;;;;230;;
STK;27.09.1993 00:00;;;;;;;;;;;;;;1.6;6.8;5.8;24.5;;;;;;;;;;;;;;;;211;;
STK;28.09.1993 00:00;;;;;;;;;;;;;;3.6;9.1;13;32.8;;;;;;;;;;;;;;;;224;;
STK;29.09.1993 00:00;;;;;;;;;;;;;;2.1;7.4;7.6;26.6;;;;;;;;;;;;;;;;202;;
STK;30.09.1993 00:00;;;;;;;;;;;;;;1.5;5.6;5.4;20.2;;;;;;;;;;;;;;;;104;;
STK;01.10.1993 00:00;;;;;;;;;;;;;;2.2;6.9;7.9;24.8;;;;;;;;;;;;;;;;191;;
STK;02.10.1993 00:00;;;;;;;;;;;;;;3.9;11.1;14;40;;;;;;;;;;;;;;;;231;;
STK;03.10.1993 00:00;;;;;;;;;;;;;;5.7;14.5;20.5;52.2;;;;;;;;;;;;;;;;226;;
STK;04.10.1993 00:00;;;;;;;;;;;;;;2.6;10.5;9.4;37.8;;;;;;;;;;;;;;;;222;;
STK;05.10.1993 00:00;;;;;;;;;;;;;;1;3.9;3.6;14;;;;;;;;;;;;;;;;194;;
STK;06.10.1993 00:00;;;;;;;;;;;;;;2.1;10.1;7.6;36.4;;;;;;;;;;;;;;;;223;;
STK;07.10.1993 00:00;;;;;;;;;;;;;;1.5;5.3;5.4;19.1;;;;;;;;;;;;;;;;90;;
STK;08.10.1993 00:00;;;;;;;;;;;;;;2.2;11;7.9;39.6;;;;;;;;;;;;;;;;221;;
STK;09.10.1993 00:00;;;;;;;;;;;;;;3;11.3;10.8;40.7;;;;;;;;;;;;;;;;226;;
STK;10.10.1993 00:00;;;;;;;;;;;;;;1;4.6;3.6;16.6;;;;;;;;;;;;;;;;0;;
STK;11.10.1993 00:00;;;;;;;;;;;;;;1;4.6;3.6;16.6;;;;;;;;;;;;;;;;90;;
STK;12.10.1993 00:00;;;;;;;;;;;;;;3;16.9;10.8;60.8;;;;;;;;;;;;;;;;230;;
STK;13.10.1993 00:00;;;;;;;;;;;;;;1.1;4.6;4;16.6;;;;;;;;;;;;;;;;27;;
STK;14.10.1993 00:00;;;;;;;;;;;;;;3.3;22.3;11.9;80.3;;;;;;;;;;;;;;;;225;;
STK;15.10.1993 00:00;;;;;;;;;;;;;;4.7;15.1;16.9;54.4;;;;;;;;;;;;;;;;238;;
STK;16.10.1993 00:00;;;;;;;;;;;;;;1.1;6.7;4;24.1;;;;;;;;;;;;;;;;90;;
STK;17.10.1993 00:00;;;;;;;;;;;;;;3.8;8.5;13.7;30.6;;;;;;;;;;;;;;;;45;;
STK;18.10.1993 00:00;;;;;;;;;;;;;;4.1;8.6;14.8;31;;;;;;;;;;;;;;;;56;;
STK;19.10.1993 00:00;;;;;;;;;;;;;;1.9;5.2;6.8;18.7;;;;;;;;;;;;;;;;16;;
STK;20.10.1993 00:00;;;;;;;;;;;;;;1.3;4.8;4.7;17.3;;;;;;;;;;;;;;;;252;;
STK;21.10.1993 00:00;;;;;;;;;;;;;;2.3;9.2;8.3;33.1;;;;;;;;;;;;;;;;229;;
STK;22.10.1993 00:00;;;;;;;;;;;;;;7.8;15.5;28.1;55.8;;;;;;;;;;;;;;;;50;;
STK;23.10.1993 00:00;;;;;;;;;;;;;;3.4;10.8;12.2;38.9;;;;;;;;;;;;;;;;36;;
STK;24.10.1993 00:00;;;;;;;;;;;;;;1.8;6.2;6.5;22.3;;;;;;;;;;;;;;;;23;;
STK;25.10.1993 00:00;;;;;;;;;;;;;;4.7;10;16.9;36;;;;;;;;;;;;;;;;50;;
STK;26.10.1993 00:00;;;;;;;;;;;;;;4.8;10.2;17.3;36.7;;;;;;;;;;;;;;;;51;;
STK;27.10.1993 00:00;;;;;;;;;;;;;;3.9;10;14;36;;;;;;;;;;;;;;;;56;;
STK;28.10.1993 00:00;;;;;;;;;;;;;;1.6;6.6;5.8;23.8;;;;;;;;;;;;;;;;48;;
STK;29.10.1993 00:00;;;;;;;;;;;;;;2.1;5.5;7.6;19.8;;;;;;;;;;;;;;;;28;;
STK;30.10.1993 00:00;;;;;;;;;;;;;;1.6;5.1;5.8;18.4;;;;;;;;;;;;;;;;10;;
STK;31.10.1993 00:00;;;;;;;;;;;;;;0.9;3.2;3.2;11.5;;;;;;;;;;;;;;;;166;;
STK;01.11.1993 00:00;;;;;;;;;;;;;;1.2;3.5;4.3;12.6;;;;;;;;;;;;;;;;24;;
STK;02.11.1993 00:00;;;;;;;;;;;;;;1.1;3.5;4;12.6;;;;;;;;;;;;;;;;36;;
STK;03.11.1993 00:00;;;;;;;;;;;;;;0.8;3.8;2.9;13.7;;;;;;;;;;;;;;;;63;;
STK;04.11.1993 00:00;;;;;;;;;;;;;;1.7;5.3;6.1;19.1;;;;;;;;;;;;;;;;45;;
STK;05.11.1993 00:00;;;;;;;;;;;;;;3.2;7.2;11.5;25.9;;;;;;;;;;;;;;;;49;;
STK;06.11.1993 00:00;;;;;;;;;;;;;;2;5.6;7.2;20.2;;;;;;;;;;;;;;;;249;;
STK;07.11.1993 00:00;;;;;;;;;;;;;;0.8;3.7;2.9;13.3;;;;;;;;;;;;;;;;219;;
STK;08.11.1993 00:00;;;;;;;;;;;;;;2.8;7.3;10.1;26.3;;;;;;;;;;;;;;;;230;;
STK;09.11.1993 00:00;;;;;;;;;;;;;;2;5.7;7.2;20.5;;;;;;;;;;;;;;;;229;;
STK;10.11.1993 00:00;;;;;;;;;;;;;;0.9;3.3;3.2;11.9;;;;;;;;;;;;;;;;56;;
STK;11.11.1993 00:00;;;;;;;;;;;;;;2.8;10.2;10.1;36.7;;;;;;;;;;;;;;;;227;;
STK;12.11.1993 00:00;;;;;;;;;;;;;;1;3.6;3.6;13;;;;;;;;;;;;;;;;315;;
STK;13.11.1993 00:00;;;;;;;;;;;;;;1.5;4.6;5.4;16.6;;;;;;;;;;;;;;;;284;;
STK;14.11.1993 00:00;;;;;;;;;;;;;;9.6;25.2;34.6;90.7;;;;;;;;;;;;;;;;236;;
STK;15.11.1993 00:00;;;;;;;;;;;;;;7.5;18.2;27;65.5;;;;;;;;;;;;;;;;235;;
STK;16.11.1993 00:00;;;;;;;;;;;;;;3.9;10.6;14;38.2;;;;;;;;;;;;;;;;51;;
STK;17.11.1993 00:00;;;;;;;;;;;;;;8;13.5;28.8;48.6;;;;;;;;;;;;;;;;59;;
STK;18.11.1993 00:00;;;;;;;;;;;;;;6.4;12.6;23;45.4;;;;;;;;;;;;;;;;60;;
STK;19.11.1993 00:00;;;;;;;;;;;;;;5.4;11.3;19.4;40.7;;;;;;;;;;;;;;;;55;;
STK;20.11.1993 00:00;;;;;;;;;;;;;;2.9;7.5;10.4;27;;;;;;;;;;;;;;;;21;;
STK;21.11.1993 00:00;;;;;;;;;;;;;;1.4;4.8;5;17.3;;;;;;;;;;;;;;;;27;;
STK;22.11.1993 00:00;;;;;;;;;;;;;;1.4;5.1;5;18.4;;;;;;;;;;;;;;;;214;;
STK;23.11.1993 00:00;;;;;;;;;;;;;;1;4.2;3.6;15.1;;;;;;;;;;;;;;;;90;;
STK;24.11.1993 00:00;;;;;;;;;;;;;;0.7;3.8;2.5;13.7;;;;;;;;;;;;;;;;124;;
STK;25.11.1993 00:00;;;;;;;;;;;;;;1.2;5.2;4.3;18.7;;;;;;;;;;;;;;;;74;;
STK;26.11.1993 00:00;;;;;;;;;;;;;;2.1;6.3;7.6;22.7;;;;;;;;;;;;;;;;58;;
STK;27.11.1993 00:00;;;;;;;;;;;;;;1.6;5.3;5.8;19.1;;;;;;;;;;;;;;;;333;;
STK;28.11.1993 00:00;;;;;;;;;;;;;;3.5;7.8;12.6;28.1;;;;;;;;;;;;;;;;19;;
STK;29.11.1993 00:00;;;;;;;;;;;;;;2.7;11.2;9.7;40.3;;;;;;;;;;;;;;;;45;;
STK;30.11.1993 00:00;;;;;;;;;;;;;;1.3;7.3;4.7;26.3;;;;;;;;;;;;;;;;90;;
STK;01.12.1993 00:00;;;;;;;;;;;;;;1.5;7.8;5.4;28.1;;;;;;;;;;;;;;;;229;;
STK;02.12.1993 00:00;;;;;;;;;;;;;;3.7;10.1;13.3;36.4;;;;;;;;;;;;;;;;228;;
STK;03.12.1993 00:00;;;;;;;;;;;;;;2.5;8;9;28.8;;;;;;;;;;;;;;;;221;;
STK;04.12.1993 00:00;;;;;;;;;;;;;;1;3.7;3.6;13.3;;;;;;;;;;;;;;;;225;;
STK;05.12.1993 00:00;;;;;;;;;;;;;;1.2;5.8;4.3;20.9;;;;;;;;;;;;;;;;135;;
STK;06.12.1993 00:00;;;;;;;;;;;;;;1;3.8;3.6;13.7;;;;;;;;;;;;;;;;27;;
STK;07.12.1993 00:00;;;;;;;;;;;;;;5.1;18.2;18.4;65.5;;;;;;;;;;;;;;;;224;;
STK;08.12.1993 00:00;;;;;;;;;;;;;;9.3;28.1;33.5;101.2;;;;;;;;;;;;;;;;229;;
STK;09.12.1993 00:00;;;;;;;;;;;;;;13.2;33.7;47.5;121.3;;;;;;;;;;;;;;;;236;;
STK;10.12.1993 00:00;;;;;;;;;;;;;;5;20.1;18;72.4;;;;;;;;;;;;;;;;225;;
STK;11.12.1993 00:00;;;;;;;;;;;;;;8.2;20.8;29.5;74.9;;;;;;;;;;;;;;;;237;;
STK;12.12.1993 00:00;;;;;;;;;;;;;;5.3;17.5;19.1;63;;;;;;;;;;;;;;;;229;;
STK;13.12.1993 00:00;;;;;;;;;;;;;;6.3;18.7;22.7;67.3;;;;;;;;;;;;;;;;222;;
STK;14.12.1993 00:00;;;;;;;;;;;;;;4.6;12.6;16.6;45.4;;;;;;;;;;;;;;;;226;;
STK;15.12.1993 00:00;;;;;;;;;;;;;;4.6;19.2;16.6;69.1;;;;;;;;;;;;;;;;232;;
STK;16.12.1993 00:00;;;;;;;;;;;;;;8;16.7;28.8;60.1;;;;;;;;;;;;;;;;224;;
STK;17.12.1993 00:00;;;;;;;;;;;;;;9.8;22.5;35.3;81;;;;;;;;;;;;;;;;229;;
STK;18.12.1993 00:00;;;;;;;;;;;;;;2.4;11.1;8.6;40;;;;;;;;;;;;;;;;232;;
STK;19.12.1993 00:00;;;;;;;;;;;;;;6.1;18.5;22;66.6;;;;;;;;;;;;;;;;224;;
STK;20.12.1993 00:00;;;;;;;;;;;;;;14;27.3;50.4;98.3;;;;;;;;;;;;;;;;229;;
STK;21.12.1993 00:00;;;;;;;;;;;;;;13.2;29.7;47.5;106.9;;;;;;;;;;;;;;;;242;;
STK;22.12.1993 00:00;;;;;;;;;;;;;;9.9;21.6;35.6;77.8;;;;;;;;;;;;;;;;230;;
STK;23.12.1993 00:00;;;;;;;;;;;;;;6.9;21.6;24.8;77.8;;;;;;;;;;;;;;;;229;;
STK;24.12.1993 00:00;;;;;;;;;;;;;;6.5;17;23.4;61.2;;;;;;;;;;;;;;;;230;;
STK;25.12.1993 00:00;;;;;;;;;;;;;;6.3;14.7;22.7;52.9;;;;;;;;;;;;;;;;241;;
STK;26.12.1993 00:00;;;;;;;;;;;;;;4.3;12.8;15.5;46.1;;;;;;;;;;;;;;;;245;;
STK;27.12.1993 00:00;;;;;;;;;;;;;;4.6;11.5;16.6;41.4;;;;;;;;;;;;;;;;223;;
STK;28.12.1993 00:00;;;;;;;;;;;;;;1.3;5.1;4.7;18.4;;;;;;;;;;;;;;;;207;;
STK;29.12.1993 00:00;;;;;;;;;;;;;;2.5;10.8;9;38.9;;;;;;;;;;;;;;;;223;;
STK;30.12.1993 00:00;;;;;;;;;;;;;;5.6;15.7;20.2;56.5;;;;;;;;;;;;;;;;229;;
STK;31.12.1993 00:00;;;;;;;;;;;;;;6.9;27;24.8;97.2;;;;;;;;;;;;;;;;227;;
STK;01.01.1994 00:00;;;;;;;;;;;;;;3;9;10.8;32.4;;;;;;;;;;;;;;;;232;;
STK;02.01.1994 00:00;;;;;;;;;;;;;;5.6;16.1;20.2;58;;;;;;;;;;;;;;;;232;;
STK;03.01.1994 00:00;;;;;;;;;;;;;;3.1;14.1;11.2;50.8;;;;;;;;;;;;;;;;232;;
STK;04.01.1994 00:00;;;;;;;;;;;;;;4.5;17.7;16.2;63.7;;;;;;;;;;;;;;;;224;;
STK;05.01.1994 00:00;;;;;;;;;;;;;;4.6;15.8;16.6;56.9;;;;;;;;;;;;;;;;228;;
STK;06.01.1994 00:00;;;;;;;;;;;;;;0.9;4;3.2;14.4;;;;;;;;;;;;;;;;207;;
STK;07.01.1994 00:00;;;;;;;;;;;;;;2.6;9.2;9.4;33.1;;;;;;;;;;;;;;;;234;;
STK;08.01.1994 00:00;;;;;;;;;;;;;;1.5;5.3;5.4;19.1;;;;;;;;;;;;;;;;231;;
STK;09.01.1994 00:00;;;;;;;;;;;;;;1.3;3.8;4.7;13.7;;;;;;;;;;;;;;;;233;;
STK;10.01.1994 00:00;;;;;;;;;;;;;;1.7;6.7;6.1;24.1;;;;;;;;;;;;;;;;52;;
STK;11.01.1994 00:00;;;;;;;;;;;;;;3.6;7.7;13;27.7;;;;;;;;;;;;;;;;233;;
STK;12.01.1994 00:00;;;;;;;;;;;;;;3.6;12.1;13;43.6;;;;;;;;;;;;;;;;233;;
STK;13.01.1994 00:00;;;;;;;;;;;;;;6.7;19.3;24.1;69.5;;;;;;;;;;;;;;;;232;;
STK;14.01.1994 00:00;;;;;;;;;;;;;;3.4;8.6;12.2;31;;;;;;;;;;;;;;;;229;;
STK;15.01.1994 00:00;;;;;;;;;;;;;;2.2;12.1;7.9;43.6;;;;;;;;;;;;;;;;234;;
STK;16.01.1994 00:00;;;;;;;;;;;;;;1.1;3.3;4;11.9;;;;;;;;;;;;;;;;40;;
STK;17.01.1994 00:00;;;;;;;;;;;;;;2.6;7.8;9.4;28.1;;;;;;;;;;;;;;;;35;;
STK;18.01.1994 00:00;;;;;;;;;;;;;;1.1;3.5;4;12.6;;;;;;;;;;;;;;;;171;;
STK;19.01.1994 00:00;;;;;;;;;;;;;;1.2;4.8;4.3;17.3;;;;;;;;;;;;;;;;210;;
STK;20.01.1994 00:00;;;;;;;;;;;;;;1.1;4.6;4;16.6;;;;;;;;;;;;;;;;211;;
STK;21.01.1994 00:00;;;;;;;;;;;;;;2.6;7.3;9.4;26.3;;;;;;;;;;;;;;;;36;;
STK;22.01.1994 00:00;;;;;;;;;;;;;;1.3;4;4.7;14.4;;;;;;;;;;;;;;;;203;;
STK;23.01.1994 00:00;;;;;;;;;;;;;;5.2;12.7;18.7;45.7;;;;;;;;;;;;;;;;231;;
STK;24.01.1994 00:00;;;;;;;;;;;;;;6.4;12.7;23;45.7;;;;;;;;;;;;;;;;234;;
STK;25.01.1994 00:00;;;;;;;;;;;;;;8.9;19;32;68.4;;;;;;;;;;;;;;;;231;;
STK;26.01.1994 00:00;;;;;;;;;;;;;;10;21.6;36;77.8;;;;;;;;;;;;;;;;240;;
STK;27.01.1994 00:00;;;;;;;;;;;;;;9.6;20.3;34.6;73.1;;;;;;;;;;;;;;;;228;;
STK;28.01.1994 00:00;;;;;;;;;;;;;;9.2;26.5;33.1;95.4;;;;;;;;;;;;;;;;247;;
STK;29.01.1994 00:00;;;;;;;;;;;;;;3.6;9.6;13;34.6;;;;;;;;;;;;;;;;233;;
STK;30.01.1994 00:00;;;;;;;;;;;;;;5.9;14.7;21.2;52.9;;;;;;;;;;;;;;;;229;;
STK;31.01.1994 00:00;;;;;;;;;;;;;;3.2;12.8;11.5;46.1;;;;;;;;;;;;;;;;233;;
STK;01.02.1994 00:00;;;;;;;;;;;;;;0.8;3.3;2.9;11.9;;;;;;;;;;;;;;;;45;;
STK;02.02.1994 00:00;;;;;;;;;;;;;;1.1;5;4;18;;;;;;;;;;;;;;;;360;;
STK;03.02.1994 00:00;;;;;;;;;;;;;;1.2;4.5;4.3;16.2;;;;;;;;;;;;;;;;72;;
STK;04.02.1994 00:00;;;;;;;;;;;;;;0.7;3.8;2.5;13.7;;;;;;;;;;;;;;;;180;;
STK;05.02.1994 00:00;;;;;;;;;;;;;;0.6;2.8;2.2;10.1;;;;;;;;;;;;;;;;214;;
STK;06.02.1994 00:00;;;;;;;;;;;;;;1.7;6.3;6.1;22.7;;;;;;;;;;;;;;;;238;;
STK;07.02.1994 00:00;;;;;;;;;;;;;;0.7;2.2;2.5;7.9;;;;;;;;;;;;;;;;53;;
STK;08.02.1994 00:00;;;;;;;;;;;;;;1.4;7.8;5;28.1;;;;;;;;;;;;;;;;222;;
STK;09.02.1994 00:00;;;;;;;;;;;;;;1.2;5;4.3;18;;;;;;;;;;;;;;;;214;;
STK;10.02.1994 00:00;;;;;;;;;;;;;;4.3;10.8;15.5;38.9;;;;;;;;;;;;;;;;243;;
STK;11.02.1994 00:00;;;;;;;;;;;;;;3;11.6;10.8;41.8;;;;;;;;;;;;;;;;243;;
STK;12.02.1994 00:00;;;;;;;;;;;;;;6;11.2;21.6;40.3;;;;;;;;;;;;;;;;57;;
STK;13.02.1994 00:00;;;;;;;;;;;;;;9.3;16.1;33.5;58;;;;;;;;;;;;;;;;58;;
STK;14.02.1994 00:00;;;;;;;;;;;;;;4.8;10.7;17.3;38.5;;;;;;;;;;;;;;;;58;;
STK;15.02.1994 00:00;;;;;;;;;;;;;;2;5.6;7.2;20.2;;;;;;;;;;;;;;;;36;;
STK;16.02.1994 00:00;;;;;;;;;;;;;;1.8;5.6;6.5;20.2;;;;;;;;;;;;;;;;42;;
STK;17.02.1994 00:00;;;;;;;;;;;;;;1.5;5.8;5.4;20.9;;;;;;;;;;;;;;;;61;;
STK;18.02.1994 00:00;;;;;;;;;;;;;;0.4;2.5;1.4;9;;;;;;;;;;;;;;;;117;;
STK;19.02.1994 00:00;;;;;;;;;;;;;;1.7;5.6;6.1;20.2;;;;;;;;;;;;;;;;59;;
STK;20.02.1994 00:00;;;;;;;;;;;;;;1.1;4;4;14.4;;;;;;;;;;;;;;;;207;;
STK;21.02.1994 00:00;;;;;;;;;;;;;;3.2;12;11.5;43.2;;;;;;;;;;;;;;;;228;;
STK;22.02.1994 00:00;;;;;;;;;;;;;;2.1;16;7.6;57.6;;;;;;;;;;;;;;;;232;;
STK;23.02.1994 00:00;;;;;;;;;;;;;;2.1;10.2;7.6;36.7;;;;;;;;;;;;;;;;233;;
STK;24.02.1994 00:00;;;;;;;;;;;;;;2.1;7.7;7.6;27.7;;;;;;;;;;;;;;;;225;;
STK;25.02.1994 00:00;;;;;;;;;;;;;;3;9;10.8;32.4;;;;;;;;;;;;;;;;232;;
STK;26.02.1994 00:00;;;;;;;;;;;;;;0.8;3.5;2.9;12.6;;;;;;;;;;;;;;;;90;;
STK;27.02.1994 00:00;;;;;;;;;;;;;;1.2;9.7;4.3;34.9;;;;;;;;;;;;;;;;220;;
STK;28.02.1994 00:00;;;;;;;;;;;;;;1.7;5.6;6.1;20.2;;;;;;;;;;;;;;;;90;;
STK;01.03.1994 00:00;;;;;;;;;;;;;;1.9;7.5;6.8;27;;;;;;;;;;;;;;;;230;;
STK;02.03.1994 00:00;;;;;;;;;;;;;;4.6;15.8;16.6;56.9;;;;;;;;;;;;;;;;233;;
STK;03.03.1994 00:00;;;;;;;;;;;;;;4.7;13.5;16.9;48.6;;;;;;;;;;;;;;;;234;;
STK;04.03.1994 00:00;;;;;;;;;;;;;;2.8;12.5;10.1;45;;;;;;;;;;;;;;;;247;;
STK;05.03.1994 00:00;;;;;;;;;;;;;;0.7;2.8;2.5;10.1;;;;;;;;;;;;;;;;90;;
STK;06.03.1994 00:00;;;;;;;;;;;;;;3.9;11.7;14;42.1;;;;;;;;;;;;;;;;234;;
STK;07.03.1994 00:00;;;;;;;;;;;;;;4.6;12.6;16.6;45.4;;;;;;;;;;;;;;;;232;;
STK;08.03.1994 00:00;;;;;;;;;;;;;;4.3;10.1;15.5;36.4;;;;;;;;;;;;;;;;228;;
STK;09.03.1994 00:00;;;;;;;;;;;;;;1;3.3;3.6;11.9;;;;;;;;;;;;;;;;135;;
STK;10.03.1994 00:00;;;;;;;;;;;;;;1.6;8;5.8;28.8;;;;;;;;;;;;;;;;61;;
STK;11.03.1994 00:00;;;;;;;;;;;;;;1;3.6;3.6;13;;;;;;;;;;;;;;;;79;;
STK;12.03.1994 00:00;;;;;;;;;;;;;;2.9;13.3;10.4;47.9;;;;;;;;;;;;;;;;242;;
STK;13.03.1994 00:00;;;;;;;;;;;;;;10.5;23.5;37.8;84.6;;;;;;;;;;;;;;;;231;;
STK;14.03.1994 00:00;;;;;;;;;;;;;;7.3;15.2;26.3;54.7;;;;;;;;;;;;;;;;238;;
STK;15.03.1994 00:00;;;;;;;;;;;;;;7.9;17.1;28.4;61.6;;;;;;;;;;;;;;;;234;;
STK;16.03.1994 00:00;;;;;;;;;;;;;;9.3;19.5;33.5;70.2;;;;;;;;;;;;;;;;240;;
STK;17.03.1994 00:00;;;;;;;;;;;;;;9.9;27.5;35.6;99;;;;;;;;;;;;;;;;242;;
STK;18.03.1994 00:00;;;;;;;;;;;;;;6.8;18.6;24.5;67;;;;;;;;;;;;;;;;235;;
STK;19.03.1994 00:00;;;;;;;;;;;;;;8.7;20.2;31.3;72.7;;;;;;;;;;;;;;;;236;;
STK;20.03.1994 00:00;;;;;;;;;;;;;;7.1;16.5;25.6;59.4;;;;;;;;;;;;;;;;229;;
STK;21.03.1994 00:00;;;;;;;;;;;;;;3.6;10.8;13;38.9;;;;;;;;;;;;;;;;229;;
STK;22.03.1994 00:00;;;;;;;;;;;;;;2.8;8.8;10.1;31.7;;;;;;;;;;;;;;;;234;;
STK;23.03.1994 00:00;;;;;;;;;;;;;;5.7;11.6;20.5;41.8;;;;;;;;;;;;;;;;229;;
STK;24.03.1994 00:00;;;;;;;;;;;;;;8.7;18.1;31.3;65.2;;;;;;;;;;;;;;;;238;;
STK;25.03.1994 00:00;;;;;;;;;;;;;;5.8;14.8;20.9;53.3;;;;;;;;;;;;;;;;237;;
STK;26.03.1994 00:00;;;;;;;;;;;;;;3;12.7;10.8;45.7;;;;;;;;;;;;;;;;257;;
STK;27.03.1994 00:00;;;;;;;;;;;;;;1.8;5.7;6.5;20.5;;;;;;;;;;;;;;;;58;;
STK;28.03.1994 00:00;;;;;;;;;;;;;;1.9;11.5;6.8;41.4;;;;;;;;;;;;;;;;228;;
STK;29.03.1994 00:00;;;;;;;;;;;;;;2.8;10.5;10.1;37.8;;;;;;;;;;;;;;;;231;;
STK;30.03.1994 00:00;;;;;;;;;;;;;;1.5;5.1;5.4;18.4;;;;;;;;;;;;;;;;67;;
STK;31.03.1994 00:00;;;;;;;;;;;;;;2.1;11;7.6;39.6;;;;;;;;;;;;;;;;225;;
STK;01.04.1994 00:00;;;;;;;;;;;;;;5.4;20.3;19.4;73.1;;;;;;;;;;;;;;;;232;;
STK;02.04.1994 00:00;;;;;;;;;;;;;;6.1;17.2;22;61.9;;;;;;;;;;;;;;;;235;;
STK;03.04.1994 00:00;;;;;;;;;;;;;;3.7;10.7;13.3;38.5;;;;;;;;;;;;;;;;243;;
STK;04.04.1994 00:00;;;;;;;;;;;;;;5.4;18.7;19.4;67.3;;;;;;;;;;;;;;;;235;;
STK;05.04.1994 00:00;;;;;;;;;;;;;;4.3;12.2;15.5;43.9;;;;;;;;;;;;;;;;235;;
STK;06.04.1994 00:00;;;;;;;;;;;;;;3.1;9.7;11.2;34.9;;;;;;;;;;;;;;;;233;;
STK;07.04.1994 00:00;;;;;;;;;;;;;;2.6;11;9.4;39.6;;;;;;;;;;;;;;;;225;;
STK;08.04.1994 00:00;;;;;;;;;;;;;;6.5;17.2;23.4;61.9;;;;;;;;;;;;;;;;227;;
STK;09.04.1994 00:00;;;;;;;;;;;;;;5.2;19.3;18.7;69.5;;;;;;;;;;;;;;;;231;;
STK;10.04.1994 00:00;;;;;;;;;;;;;;3.4;10.5;12.2;37.8;;;;;;;;;;;;;;;;240;;
STK;11.04.1994 00:00;;;;;;;;;;;;;;1.7;6.7;6.1;24.1;;;;;;;;;;;;;;;;56;;
STK;12.04.1994 00:00;;;;;;;;;;;;;;5.9;14.7;21.2;52.9;;;;;;;;;;;;;;;;240;;
STK;13.04.1994 00:00;;;;;;;;;;;;;;10.7;22.6;38.5;81.4;;;;;;;;;;;;;;;;237;;
STK;14.04.1994 00:00;;;;;;;;;;;;;;1.9;9.1;6.8;32.8;;;;;;;;;;;;;;;;31;;
STK;15.04.1994 00:00;;;;;;;;;;;;;;1.3;3.7;4.7;13.3;;;;;;;;;;;;;;;;15;;
STK;16.04.1994 00:00;;;;;;;;;;;;;;2.8;9.7;10.1;34.9;;;;;;;;;;;;;;;;57;;
STK;17.04.1994 00:00;;;;;;;;;;;;;;2.5;6.7;9;24.1;;;;;;;;;;;;;;;;40;;
STK;18.04.1994 00:00;;;;;;;;;;;;;;4;8.2;14.4;29.5;;;;;;;;;;;;;;;;46;;
STK;19.04.1994 00:00;;;;;;;;;;;;;;1.5;4.5;5.4;16.2;;;;;;;;;;;;;;;;55;;
STK;20.04.1994 00:00;;;;;;;;;;;;;;0.9;3.5;3.2;12.6;;;;;;;;;;;;;;;;72;;
STK;21.04.1994 00:00;;;;;;;;;;;;;;1.3;5.7;4.7;20.5;;;;;;;;;;;;;;;;230;;
STK;22.04.1994 00:00;;;;;;;;;;;;;;1.1;3.5;4;12.6;;;;;;;;;;;;;;;;45;;
STK;23.04.1994 00:00;;;;;;;;;;;;;;1.4;7;5;25.2;;;;;;;;;;;;;;;;108;;
STK;24.04.1994 00:00;;;;;;;;;;;;;;1.4;5.6;5;20.2;;;;;;;;;;;;;;;;59;;
STK;25.04.1994 00:00;;;;;;;;;;;;;;2.7;8.1;9.7;29.2;;;;;;;;;;;;;;;;246;;
STK;26.04.1994 00:00;;;;;;;;;;;;;;2.1;7.1;7.6;25.6;;;;;;;;;;;;;;;;239;;
STK;27.04.1994 00:00;;;;;;;;;;;;;;1.5;5.2;5.4;18.7;;;;;;;;;;;;;;;;225;;
STK;28.04.1994 00:00;;;;;;;;;;;;;;1.3;4.5;4.7;16.2;;;;;;;;;;;;;;;;56;;
STK;29.04.1994 00:00;;;;;;;;;;;;;;2.3;6.8;8.3;24.5;;;;;;;;;;;;;;;;61;;
STK;30.04.1994 00:00;;;;;;;;;;;;;;2;5.8;7.2;20.9;;;;;;;;;;;;;;;;232;;
STK;01.05.1994 00:00;;;;;;;;;;;;;;2.1;8.2;7.6;29.5;;;;;;;;;;;;;;;;63;;
STK;02.05.1994 00:00;;;;;;;;;;;;;;2.6;7.2;9.4;25.9;;;;;;;;;;;;;;;;55;;
STK;03.05.1994 00:00;;;;;;;;;;;;;;1.4;5.7;5;20.5;;;;;;;;;;;;;;;;66;;
STK;04.05.1994 00:00;;;;;;;;;;;;;;3.9;15.7;14;56.5;;;;;;;;;;;;;;;;235;;
STK;05.05.1994 00:00;;;;;;;;;;;;;;4.3;10.2;15.5;36.7;;;;;;;;;;;;;;;;240;;
STK;06.05.1994 00:00;;;;;;;;;;;;;;1.7;5.1;6.1;18.4;;;;;;;;;;;;;;;;67;;
STK;07.05.1994 00:00;;;;;;;;;;;;;;1.7;4.1;6.1;14.8;;;;;;;;;;;;;;;;42;;
STK;08.05.1994 00:00;;;;;;;;;;;;;;1.4;7.3;5;26.3;;;;;;;;;;;;;;;;225;;
STK;09.05.1994 00:00;;;;;;;;;;;;;;1.7;6.7;6.1;24.1;;;;;;;;;;;;;;;;236;;
STK;10.05.1994 00:00;;;;;;;;;;;;;;1.7;6.7;6.1;24.1;;;;;;;;;;;;;;;;38;;
STK;11.05.1994 00:00;;;;;;;;;;;;;;3.7;11.7;13.3;42.1;;;;;;;;;;;;;;;;60;;
STK;12.05.1994 00:00;;;;;;;;;;;;;;2;5.5;7.2;19.8;;;;;;;;;;;;;;;;237;;
STK;13.05.1994 00:00;;;;;;;;;;;;;;1.5;6.2;5.4;22.3;;;;;;;;;;;;;;;;54;;
STK;14.05.1994 00:00;;;;;;;;;;;;;;2.5;14;9;50.4;;;;;;;;;;;;;;;;238;;
STK;15.05.1994 00:00;;;;;;;;;;;;;;1.3;5.1;4.7;18.4;;;;;;;;;;;;;;;;236;;
STK;16.05.1994 00:00;;;;;;;;;;;;;;1.6;24.1;5.8;86.8;;;;;;;;;;;;;;;;225;;
STK;17.05.1994 00:00;;;;;;;;;;;;;;2.1;17.5;7.6;63;;;;;;;;;;;;;;;;45;;
STK;18.05.1994 00:00;;;;;;;;;;;;;;2;9.8;7.2;35.3;;;;;;;;;;;;;;;;253;;
STK;19.05.1994 00:00;;;;;;;;;;;;;;5.6;15.8;20.2;56.9;;;;;;;;;;;;;;;;238;;
STK;20.05.1994 00:00;;;;;;;;;;;;;;1.4;5.2;5;18.7;;;;;;;;;;;;;;;;198;;
STK;21.05.1994 00:00;;;;;;;;;;;;;;1.7;7.8;6.1;28.1;;;;;;;;;;;;;;;;90;;
STK;22.05.1994 00:00;;;;;;;;;;;;;;2.1;6.7;7.6;24.1;;;;;;;;;;;;;;;;63;;
STK;23.05.1994 00:00;;;;;;;;;;;;;;2.6;9.8;9.4;35.3;;;;;;;;;;;;;;;;229;;
STK;24.05.1994 00:00;;;;;;;;;;;;;;2.4;14.6;8.6;52.6;;;;;;;;;;;;;;;;225;;
STK;25.05.1994 00:00;;;;;;;;;;;;;;3.9;11.2;14;40.3;;;;;;;;;;;;;;;;236;;
STK;26.05.1994 00:00;;;;;;;;;;;;;;2.6;11.7;9.4;42.1;;;;;;;;;;;;;;;;227;;
STK;27.05.1994 00:00;;;;;;;;;;;;;;4.5;13.2;16.2;47.5;;;;;;;;;;;;;;;;236;;
STK;28.05.1994 00:00;;;;;;;;;;;;;;0.8;3.2;2.9;11.5;;;;;;;;;;;;;;;;56;;
STK;29.05.1994 00:00;;;;;;;;;;;;;;2.7;9.6;9.7;34.6;;;;;;;;;;;;;;;;90;;
STK;30.05.1994 00:00;;;;;;;;;;;;;;2.2;5.6;7.9;20.2;;;;;;;;;;;;;;;;45;;
STK;31.05.1994 00:00;;;;;;;;;;;;;;1.1;3.1;4;11.2;;;;;;;;;;;;;;;;63;;
STK;01.06.1994 00:00;;;;;;;;;;;;;;1.3;5.6;4.7;20.2;;;;;;;;;;;;;;;;198;;
STK;02.06.1994 00:00;;;;;;;;;;;;;;3.3;18;11.9;64.8;;;;;;;;;;;;;;;;234;;
STK;03.06.1994 00:00;;;;;;;;;;;;;;3.7;22;13.3;79.2;;;;;;;;;;;;;;;;237;;
STK;04.06.1994 00:00;;;;;;;;;;;;;;5.8;13.3;20.9;47.9;;;;;;;;;;;;;;;;237;;
STK;05.06.1994 00:00;;;;;;;;;;;;;;8.3;20.1;29.9;72.4;;;;;;;;;;;;;;;;237;;
STK;06.06.1994 00:00;;;;;;;;;;;;;;4.2;10.6;15.1;38.2;;;;;;;;;;;;;;;;233;;
STK;07.06.1994 00:00;;;;;;;;;;;;;;2.4;7;8.6;25.2;;;;;;;;;;;;;;;;228;;
STK;08.06.1994 00:00;;;;;;;;;;;;;;1.8;15.8;6.5;56.9;;;;;;;;;;;;;;;;180;;
STK;09.06.1994 00:00;;;;;;;;;;;;;;2.6;9.8;9.4;35.3;;;;;;;;;;;;;;;;255;;
STK;10.06.1994 00:00;;;;;;;;;;;;;;2.8;9.2;10.1;33.1;;;;;;;;;;;;;;;;241;;
STK;11.06.1994 00:00;;;;;;;;;;;;;;3;11.1;10.8;40;;;;;;;;;;;;;;;;37;;
STK;12.06.1994 00:00;;;;;;;;;;;;;;7.3;16.8;26.3;60.5;;;;;;;;;;;;;;;;57;;
STK;13.06.1994 00:00;;;;;;;;;;;;;;4.5;12.8;16.2;46.1;;;;;;;;;;;;;;;;56;;
STK;14.06.1994 00:00;;;;;;;;;;;;;;1.3;3.6;4.7;13;;;;;;;;;;;;;;;;52;;
STK;15.06.1994 00:00;;;;;;;;;;;;;;2;18;7.2;64.8;;;;;;;;;;;;;;;;225;;
STK;16.06.1994 00:00;;;;;;;;;;;;;;4.1;10.7;14.8;38.5;;;;;;;;;;;;;;;;238;;
STK;17.06.1994 00:00;;;;;;;;;;;;;;2.1;5.7;7.6;20.5;;;;;;;;;;;;;;;;229;;
STK;18.06.1994 00:00;;;;;;;;;;;;;;2.7;13.6;9.7;49;;;;;;;;;;;;;;;;235;;
STK;19.06.1994 00:00;;;;;;;;;;;;;;2.8;10.5;10.1;37.8;;;;;;;;;;;;;;;;232;;
STK;20.06.1994 00:00;;;;;;;;;;;;;;2.3;6.2;8.3;22.3;;;;;;;;;;;;;;;;223;;
STK;21.06.1994 00:00;;;;;;;;;;;;;;1.7;5.2;6.1;18.7;;;;;;;;;;;;;;;;229;;
STK;22.06.1994 00:00;;;;;;;;;;;;;;4.6;11.6;16.6;41.8;;;;;;;;;;;;;;;;238;;
STK;23.06.1994 00:00;;;;;;;;;;;;;;1.6;5.1;5.8;18.4;;;;;;;;;;;;;;;;66;;
STK;24.06.1994 00:00;;;;;;;;;;;;;;1.1;5;4;18;;;;;;;;;;;;;;;;51;;
STK;25.06.1994 00:00;;;;;;;;;;;;;;1.6;14;5.8;50.4;;;;;;;;;;;;;;;;0;;
STK;26.06.1994 00:00;;;;;;;;;;;;;;1.5;6.1;5.4;22;;;;;;;;;;;;;;;;221;;
STK;27.06.1994 00:00;;;;;;;;;;;;;;2.3;11;8.3;39.6;;;;;;;;;;;;;;;;225;;
STK;28.06.1994 00:00;;;;;;;;;;;;;;1.5;7.2;5.4;25.9;;;;;;;;;;;;;;;;239;;
STK;29.06.1994 00:00;;;;;;;;;;;;;;2.9;17.5;10.4;63;;;;;;;;;;;;;;;;236;;
STK;30.06.1994 00:00;;;;;;;;;;;;;;2.1;6.5;7.6;23.4;;;;;;;;;;;;;;;;43;;
STK;01.07.1994 00:00;;;;;;;;;;;;;;1.4;4.1;5;14.8;;;;;;;;;;;;;;;;54;;
STK;02.07.1994 00:00;;;;;;;;;;;;;;1.4;3.8;5;13.7;;;;;;;;;;;;;;;;72;;
STK;03.07.1994 00:00;;;;;;;;;;;;;;1.4;3.2;5;11.5;;;;;;;;;;;;;;;;81;;
STK;04.07.1994 00:00;;;;;;;;;;;;;;2.8;13.3;10.1;47.9;;;;;;;;;;;;;;;;233;;
STK;05.07.1994 00:00;;;;;;;;;;;;;;2.2;9;7.9;32.4;;;;;;;;;;;;;;;;270;;
STK;06.07.1994 00:00;;;;;;;;;;;;;;1.9;8.5;6.8;30.6;;;;;;;;;;;;;;;;50;;
STK;07.07.1994 00:00;;;;;;;;;;;;;;3.1;10.3;11.2;37.1;;;;;;;;;;;;;;;;215;;
STK;08.07.1994 00:00;;;;;;;;;;;;;;3;8.2;10.8;29.5;;;;;;;;;;;;;;;;235;;
STK;09.07.1994 00:00;;;;;;;;;;;;;;2.7;7.6;9.7;27.4;;;;;;;;;;;;;;;;270;;
STK;10.07.1994 00:00;;;;;;;;;;;;;;3.6;9.7;13;34.9;;;;;;;;;;;;;;;;51;;
STK;11.07.1994 00:00;;;;;;;;;;;;;;3.8;11;13.7;39.6;;;;;;;;;;;;;;;;62;;
STK;12.07.1994 00:00;;;;;;;;;;;;;;1.1;3;4;10.8;;;;;;;;;;;;;;;;79;;
STK;13.07.1994 00:00;;;;;;;;;;;;;;1.6;7.3;5.8;26.3;;;;;;;;;;;;;;;;69;;
STK;14.07.1994 00:00;;;;;;;;;;;;;;2.2;20.2;7.9;72.7;;;;;;;;;;;;;;;;180;;
STK;15.07.1994 00:00;;;;;;;;;;;;;;1.9;6.7;6.8;24.1;;;;;;;;;;;;;;;;228;;
STK;16.07.1994 00:00;;;;;;;;;;;;;;1.2;3.8;4.3;13.7;;;;;;;;;;;;;;;;68;;
STK;17.07.1994 00:00;;;;;;;;;;;;;;1.2;5.5;4.3;19.8;;;;;;;;;;;;;;;;90;;
STK;18.07.1994 00:00;;;;;;;;;;;;;;2.7;18.2;9.7;65.5;;;;;;;;;;;;;;;;225;;
STK;19.07.1994 00:00;;;;;;;;;;;;;;4.2;11.1;15.1;40;;;;;;;;;;;;;;;;233;;
STK;20.07.1994 00:00;;;;;;;;;;;;;;3.5;7.7;12.6;27.7;;;;;;;;;;;;;;;;243;;
STK;21.07.1994 00:00;;;;;;;;;;;;;;1.2;3.8;4.3;13.7;;;;;;;;;;;;;;;;90;;
STK;23.07.1994 00:00;;;;;;;;;;;;;;1.4;7.2;5;25.9;;;;;;;;;;;;;;;;117;;
STK;26.07.1994 00:00;;;;;;;;;;;;;;1.4;5.5;5;19.8;;;;;;;;;;;;;;;;90;;
STK;27.07.1994 00:00;;;;;;;;;;;;;;1;3.6;3.6;13;;;;;;;;;;;;;;;;76;;
STK;28.07.1994 00:00;;;;;;;;;;;;;;1.8;7.7;6.5;27.7;;;;;;;;;;;;;;;;191;;
STK;29.07.1994 00:00;;;;;;;;;;;;;;1.4;5.6;5;20.2;;;;;;;;;;;;;;;;90;;
STK;30.07.1994 00:00;;;;;;;;;;;;;;2.3;10.1;8.3;36.4;;;;;;;;;;;;;;;;240;;
STK;31.07.1994 00:00;;;;;;;;;;;;;;1.8;18.3;6.5;65.9;;;;;;;;;;;;;;;;315;;
STK;01.08.1994 00:00;;;;;;;;;;;;;;3.7;9.8;13.3;35.3;;;;;;;;;;;;;;;;234;;
STK;02.08.1994 00:00;;;;;;;;;;;;;;1.3;3.5;4.7;12.6;;;;;;;;;;;;;;;;76;;
STK;03.08.1994 00:00;;;;;;;;;;;;;;1.4;5;5;18;;;;;;;;;;;;;;;;90;;
STK;04.08.1994 00:00;;;;;;;;;;;;;;1.2;3;4.3;10.8;;;;;;;;;;;;;;;;180;;
STK;05.08.1994 00:00;;;;;;;;;;;;;;1.5;10;5.4;36;;;;;;;;;;;;;;;;56;;
STK;06.08.1994 00:00;;;;;;;;;;;;;;2.4;15.2;8.6;54.7;;;;;;;;;;;;;;;;60;;
STK;07.08.1994 00:00;;;;;;;;;;;;;;1.9;12.8;6.8;46.1;;;;;;;;;;;;;;;;135;;
STK;08.08.1994 00:00;;;;;;;;;;;;;;2.3;10.7;8.3;38.5;;;;;;;;;;;;;;;;238;;
STK;09.08.1994 00:00;;;;;;;;;;;;;;2.2;6.8;7.9;24.5;;;;;;;;;;;;;;;;58;;
STK;10.08.1994 00:00;;;;;;;;;;;;;;2.6;14.3;9.4;51.5;;;;;;;;;;;;;;;;219;;
STK;11.08.1994 00:00;;;;;;;;;;;;;;3.7;14;13.3;50.4;;;;;;;;;;;;;;;;236;;
STK;12.08.1994 00:00;;;;;;;;;;;;;;5.4;13.6;19.4;49;;;;;;;;;;;;;;;;229;;
STK;13.08.1994 00:00;;;;;;;;;;;;;;2.8;9.8;10.1;35.3;;;;;;;;;;;;;;;;225;;
STK;14.08.1994 00:00;;;;;;;;;;;;;;1.5;4.3;5.4;15.5;;;;;;;;;;;;;;;;346;;
STK;15.08.1994 00:00;;;;;;;;;;;;;;1.3;5.7;4.7;20.5;;;;;;;;;;;;;;;;77;;
STK;16.08.1994 00:00;;;;;;;;;;;;;;1.6;4.5;5.8;16.2;;;;;;;;;;;;;;;;84;;
STK;17.08.1994 00:00;;;;;;;;;;;;;;3.2;14.7;11.5;52.9;;;;;;;;;;;;;;;;228;;
STK;18.08.1994 00:00;;;;;;;;;;;;;;6.8;17.8;24.5;64.1;;;;;;;;;;;;;;;;236;;
STK;19.08.1994 00:00;;;;;;;;;;;;;;3.7;12.5;13.3;45;;;;;;;;;;;;;;;;232;;
STK;20.08.1994 00:00;;;;;;;;;;;;;;3.2;11.6;11.5;41.8;;;;;;;;;;;;;;;;230;;
STK;21.08.1994 00:00;;;;;;;;;;;;;;1.1;3.5;4;12.6;;;;;;;;;;;;;;;;82;;
STK;22.08.1994 00:00;;;;;;;;;;;;;;2;19.3;7.2;69.5;;;;;;;;;;;;;;;;124;;
STK;23.08.1994 00:00;;;;;;;;;;;;;;2;14.5;7.2;52.2;;;;;;;;;;;;;;;;227;;
STK;24.08.1994 00:00;;;;;;;;;;;;;;2.6;11.1;9.4;40;;;;;;;;;;;;;;;;238;;
STK;25.08.1994 00:00;;;;;;;;;;;;;;2.7;9.6;9.7;34.6;;;;;;;;;;;;;;;;231;;
STK;26.08.1994 00:00;;;;;;;;;;;;;;2.4;11.5;8.6;41.4;;;;;;;;;;;;;;;;229;;
STK;27.08.1994 00:00;;;;;;;;;;;;;;2.1;6.2;7.6;22.3;;;;;;;;;;;;;;;;227;;
STK;28.08.1994 00:00;;;;;;;;;;;;;;2.8;9.6;10.1;34.6;;;;;;;;;;;;;;;;239;;
STK;29.08.1994 00:00;;;;;;;;;;;;;;1.9;6.1;6.8;22;;;;;;;;;;;;;;;;38;;
STK;30.08.1994 00:00;;;;;;;;;;;;;;1.3;5;4.7;18;;;;;;;;;;;;;;;;50;;
STK;31.08.1994 00:00;;;;;;;;;;;;;;1.3;9.2;4.7;33.1;;;;;;;;;;;;;;;;90;;
STK;01.09.1994 00:00;;;;;;;;;;;;;;2.6;8;9.4;28.8;;;;;;;;;;;;;;;;232;;
STK;02.09.1994 00:00;;;;;;;;;;;;;;2;8.5;7.2;30.6;;;;;;;;;;;;;;;;227;;
STK;03.09.1994 00:00;;;;;;;;;;;;;;1.8;7.1;6.5;25.6;;;;;;;;;;;;;;;;84;;
STK;04.09.1994 00:00;;;;;;;;;;;;;;1.1;3.2;4;11.5;;;;;;;;;;;;;;;;180;;
STK;05.09.1994 00:00;;;;;;;;;;;;;;3.1;9.6;11.2;34.6;;;;;;;;;;;;;;;;236;;
STK;06.09.1994 00:00;;;;;;;;;;;;;;1.4;10.1;5;36.4;;;;;;;;;;;;;;;;90;;
STK;07.09.1994 00:00;;;;;;;;;;;;;;1.6;14.2;5.8;51.1;;;;;;;;;;;;;;;;315;;
STK;08.09.1994 00:00;;;;;;;;;;;;;;2.9;13.8;10.4;49.7;;;;;;;;;;;;;;;;236;;
STK;09.09.1994 00:00;;;;;;;;;;;;;;5.4;17.7;19.4;63.7;;;;;;;;;;;;;;;;235;;
STK;10.09.1994 00:00;;;;;;;;;;;;;;4.2;14.7;15.1;52.9;;;;;;;;;;;;;;;;241;;
STK;11.09.1994 00:00;;;;;;;;;;;;;;2.7;6.6;9.7;23.8;;;;;;;;;;;;;;;;246;;
STK;12.09.1994 00:00;;;;;;;;;;;;;;3.4;15.5;12.2;55.8;;;;;;;;;;;;;;;;226;;
STK;13.09.1994 00:00;;;;;;;;;;;;;;1.4;7.7;5;27.7;;;;;;;;;;;;;;;;191;;
STK;14.09.1994 00:00;;;;;;;;;;;;;;3.4;18.5;12.2;66.6;;;;;;;;;;;;;;;;225;;
STK;15.09.1994 00:00;;;;;;;;;;;;;;7.2;22.2;25.9;79.9;;;;;;;;;;;;;;;;223;;
STK;16.09.1994 00:00;;;;;;;;;;;;;;4.2;16;15.1;57.6;;;;;;;;;;;;;;;;235;;
STK;17.09.1994 00:00;;;;;;;;;;;;;;4.2;10.6;15.1;38.2;;;;;;;;;;;;;;;;235;;
STK;18.09.1994 00:00;;;;;;;;;;;;;;3.8;11.3;13.7;40.7;;;;;;;;;;;;;;;;225;;
STK;19.09.1994 00:00;;;;;;;;;;;;;;2;6;7.2;21.6;;;;;;;;;;;;;;;;202;;
STK;20.09.1994 00:00;;;;;;;;;;;;;;1.8;7;6.5;25.2;;;;;;;;;;;;;;;;214;;
STK;21.09.1994 00:00;;;;;;;;;;;;;;1.7;7.3;6.1;26.3;;;;;;;;;;;;;;;;42;;
STK;22.09.1994 00:00;;;;;;;;;;;;;;1.6;6.7;5.8;24.1;;;;;;;;;;;;;;;;45;;
STK;23.09.1994 00:00;;;;;;;;;;;;;;1.2;3.7;4.3;13.3;;;;;;;;;;;;;;;;79;;
STK;24.09.1994 00:00;;;;;;;;;;;;;;1.8;7.1;6.5;25.6;;;;;;;;;;;;;;;;232;;
STK;25.09.1994 00:00;;;;;;;;;;;;;;1.4;4.1;5;14.8;;;;;;;;;;;;;;;;180;;
STK;26.09.1994 00:00;;;;;;;;;;;;;;1.1;4.7;4;16.9;;;;;;;;;;;;;;;;225;;
STK;27.09.1994 00:00;;;;;;;;;;;;;;1.9;5.7;6.8;20.5;;;;;;;;;;;;;;;;230;;
STK;28.09.1994 00:00;;;;;;;;;;;;;;1;3.3;3.6;11.9;;;;;;;;;;;;;;;;79;;
STK;29.09.1994 00:00;;;;;;;;;;;;;;0.9;3;3.2;10.8;;;;;;;;;;;;;;;;117;;
STK;30.09.1994 00:00;;;;;;;;;;;;;;1;3.1;3.6;11.2;;;;;;;;;;;;;;;;72;;
STK;01.10.1994 00:00;;;;;;;;;;;;;;1;4;3.6;14.4;;;;;;;;;;;;;;;;90;;
STK;02.10.1994 00:00;;;;;;;;;;;;;;1.6;5.2;5.8;18.7;;;;;;;;;;;;;;;;225;;
STK;03.10.1994 00:00;;;;;;;;;;;;;;5.2;14.6;18.7;52.6;;;;;;;;;;;;;;;;230;;
STK;04.10.1994 00:00;;;;;;;;;;;;;;3.2;9.8;11.5;35.3;;;;;;;;;;;;;;;;256;;
STK;05.10.1994 00:00;;;;;;;;;;;;;;1.1;5.6;4;20.2;;;;;;;;;;;;;;;;233;;
STK;06.10.1994 00:00;;;;;;;;;;;;;;3.1;9.3;11.2;33.5;;;;;;;;;;;;;;;;59;;
STK;07.10.1994 00:00;;;;;;;;;;;;;;3.4;10.5;12.2;37.8;;;;;;;;;;;;;;;;55;;
STK;08.10.1994 00:00;;;;;;;;;;;;;;1.6;6.5;5.8;23.4;;;;;;;;;;;;;;;;54;;
STK;09.10.1994 00:00;;;;;;;;;;;;;;1.5;4.3;5.4;15.5;;;;;;;;;;;;;;;;99;;
STK;10.10.1994 00:00;;;;;;;;;;;;;;1.1;4.2;4;15.1;;;;;;;;;;;;;;;;79;;
STK;11.10.1994 00:00;;;;;;;;;;;;;;1.2;3.8;4.3;13.7;;;;;;;;;;;;;;;;112;;
STK;12.10.1994 00:00;;;;;;;;;;;;;;0.9;3.1;3.2;11.2;;;;;;;;;;;;;;;;90;;
STK;13.10.1994 00:00;;;;;;;;;;;;;;1.4;7.8;5;28.1;;;;;;;;;;;;;;;;61;;
STK;14.10.1994 00:00;;;;;;;;;;;;;;1.2;4.3;4.3;15.5;;;;;;;;;;;;;;;;79;;
STK;15.10.1994 00:00;;;;;;;;;;;;;;0.7;3;2.5;10.8;;;;;;;;;;;;;;;;56;;
STK;16.10.1994 00:00;;;;;;;;;;;;;;0.7;3.2;2.5;11.5;;;;;;;;;;;;;;;;68;;
STK;17.10.1994 00:00;;;;;;;;;;;;;;4.9;11;17.6;39.6;;;;;;;;;;;;;;;;49;;
STK;18.10.1994 00:00;;;;;;;;;;;;;;3.1;8.1;11.2;29.2;;;;;;;;;;;;;;;;48;;
STK;19.10.1994 00:00;;;;;;;;;;;;;;1.4;5.6;5;20.2;;;;;;;;;;;;;;;;41;;
STK;20.10.1994 00:00;;;;;;;;;;;;;;1.1;4.1;4;14.8;;;;;;;;;;;;;;;;56;;
STK;21.10.1994 00:00;;;;;;;;;;;;;;1.4;7.6;5;27.4;;;;;;;;;;;;;;;;210;;
STK;22.10.1994 00:00;;;;;;;;;;;;;;0.7;3.7;2.5;13.3;;;;;;;;;;;;;;;;63;;
STK;23.10.1994 00:00;;;;;;;;;;;;;;1.7;8.6;6.1;31;;;;;;;;;;;;;;;;221;;
STK;24.10.1994 00:00;;;;;;;;;;;;;;3.5;14.8;12.6;53.3;;;;;;;;;;;;;;;;231;;
STK;25.10.1994 00:00;;;;;;;;;;;;;;2.5;15.3;9;55.1;;;;;;;;;;;;;;;;229;;
STK;26.10.1994 00:00;;;;;;;;;;;;;;4.6;12;16.6;43.2;;;;;;;;;;;;;;;;222;;
STK;27.10.1994 00:00;;;;;;;;;;;;;;2.6;9.7;9.4;34.9;;;;;;;;;;;;;;;;223;;
STK;28.10.1994 00:00;;;;;;;;;;;;;;1.9;6.3;6.8;22.7;;;;;;;;;;;;;;;;214;;
STK;29.10.1994 00:00;;;;;;;;;;;;;;3.2;11.6;11.5;41.8;;;;;;;;;;;;;;;;225;;
STK;30.10.1994 00:00;;;;;;;;;;;;;;6.7;17.1;24.1;61.6;;;;;;;;;;;;;;;;230;;
STK;31.10.1994 00:00;;;;;;;;;;;;;;4;15.5;14.4;55.8;;;;;;;;;;;;;;;;231;;
STK;01.11.1994 00:00;;;;;;;;;;;;;;2.6;8.6;9.4;31;;;;;;;;;;;;;;;;225;;
STK;02.11.1994 00:00;;;;;;;;;;;;;;1.2;3.3;4.3;11.9;;;;;;;;;;;;;;;;39;;
STK;03.11.1994 00:00;;;;;;;;;;;;;;1.3;3.8;4.7;13.7;;;;;;;;;;;;;;;;11;;
STK;04.11.1994 00:00;;;;;;;;;;;;;;1.2;4.5;4.3;16.2;;;;;;;;;;;;;;;;36;;
STK;05.11.1994 00:00;;;;;;;;;;;;;;1.4;6.3;5;22.7;;;;;;;;;;;;;;;;222;;
STK;06.11.1994 00:00;;;;;;;;;;;;;;1.5;5.1;5.4;18.4;;;;;;;;;;;;;;;;222;;
STK;07.11.1994 00:00;;;;;;;;;;;;;;1.8;5.2;6.5;18.7;;;;;;;;;;;;;;;;225;;
STK;08.11.1994 00:00;;;;;;;;;;;;;;1;4.2;3.6;15.1;;;;;;;;;;;;;;;;225;;
STK;09.11.1994 00:00;;;;;;;;;;;;;;1.1;4.7;4;16.9;;;;;;;;;;;;;;;;27;;
STK;10.11.1994 00:00;;;;;;;;;;;;;;1.2;7.5;4.3;27;;;;;;;;;;;;;;;;212;;
STK;11.11.1994 00:00;;;;;;;;;;;;;;2.2;6.5;7.9;23.4;;;;;;;;;;;;;;;;223;;
STK;12.11.1994 00:00;;;;;;;;;;;;;;1.4;4.5;5;16.2;;;;;;;;;;;;;;;;112;;
STK;13.11.1994 00:00;;;;;;;;;;;;;;2;7.6;7.2;27.4;;;;;;;;;;;;;;;;225;;
STK;14.11.1994 00:00;;;;;;;;;;;;;;4;10.1;14.4;36.4;;;;;;;;;;;;;;;;225;;
STK;15.11.1994 00:00;;;;;;;;;;;;;;5.7;16.3;20.5;58.7;;;;;;;;;;;;;;;;232;;
STK;16.11.1994 00:00;;;;;;;;;;;;;;4.3;14;15.5;50.4;;;;;;;;;;;;;;;;237;;
STK;17.11.1994 00:00;;;;;;;;;;;;;;4.7;13.6;16.9;49;;;;;;;;;;;;;;;;236;;
STK;18.11.1994 00:00;;;;;;;;;;;;;;5.1;14.8;18.4;53.3;;;;;;;;;;;;;;;;227;;
STK;19.11.1994 00:00;;;;;;;;;;;;;;2.1;12.3;7.6;44.3;;;;;;;;;;;;;;;;227;;
STK;20.11.1994 00:00;;;;;;;;;;;;;;2.4;9.7;8.6;34.9;;;;;;;;;;;;;;;;225;;
STK;21.11.1994 00:00;;;;;;;;;;;;;;1.2;6.6;4.3;23.8;;;;;;;;;;;;;;;;180;;
STK;22.11.1994 00:00;;;;;;;;;;;;;;0.9;4.3;3.2;15.5;;;;;;;;;;;;;;;;360;;
STK;23.11.1994 00:00;;;;;;;;;;;;;;1.2;5.2;4.3;18.7;;;;;;;;;;;;;;;;230;;
STK;24.11.1994 00:00;;;;;;;;;;;;;;0.8;4.3;2.9;15.5;;;;;;;;;;;;;;;;180;;
STK;25.11.1994 00:00;;;;;;;;;;;;;;0.9;4.5;3.2;16.2;;;;;;;;;;;;;;;;360;;
STK;26.11.1994 00:00;;;;;;;;;;;;;;1.6;4.8;5.8;17.3;;;;;;;;;;;;;;;;243;;
STK;27.11.1994 00:00;;;;;;;;;;;;;;1.9;8;6.8;28.8;;;;;;;;;;;;;;;;56;;
STK;28.11.1994 00:00;;;;;;;;;;;;;;2.9;9.2;10.4;33.1;;;;;;;;;;;;;;;;53;;
STK;29.11.1994 00:00;;;;;;;;;;;;;;0.9;5.1;3.2;18.4;;;;;;;;;;;;;;;;45;;
STK;30.11.1994 00:00;;;;;;;;;;;;;;1.9;7.7;6.8;27.7;;;;;;;;;;;;;;;;62;;
STK;01.12.1994 00:00;;;;;;;;;;;;;;1.4;7.7;5;27.7;;;;;;;;;;;;;;;;73;;
STK;02.12.1994 00:00;;;;;;;;;;;;;;0.9;3.7;3.2;13.3;;;;;;;;;;;;;;;;169;;
STK;03.12.1994 00:00;;;;;;;;;;;;;;1.2;4.6;4.3;16.6;;;;;;;;;;;;;;;;263;;
STK;04.12.1994 00:00;;;;;;;;;;;;;;1.1;5.5;4;19.8;;;;;;;;;;;;;;;;117;;
STK;05.12.1994 00:00;;;;;;;;;;;;;;2.3;15.8;8.3;56.9;;;;;;;;;;;;;;;;225;;
STK;06.12.1994 00:00;;;;;;;;;;;;;;3.3;15.2;11.9;54.7;;;;;;;;;;;;;;;;232;;
STK;07.12.1994 00:00;;;;;;;;;;;;;;1.4;6;5;21.6;;;;;;;;;;;;;;;;241;;
STK;08.12.1994 00:00;;;;;;;;;;;;;;2.3;13.6;8.3;49;;;;;;;;;;;;;;;;221;;
STK;09.12.1994 00:00;;;;;;;;;;;;;;4.2;14.5;15.1;52.2;;;;;;;;;;;;;;;;224;;
STK;10.12.1994 00:00;;;;;;;;;;;;;;4.8;11.7;17.3;42.1;;;;;;;;;;;;;;;;234;;
STK;11.12.1994 00:00;;;;;;;;;;;;;;4.9;16.6;17.6;59.8;;;;;;;;;;;;;;;;230;;
STK;12.12.1994 00:00;;;;;;;;;;;;;;4;10.5;14.4;37.8;;;;;;;;;;;;;;;;233;;
STK;13.12.1994 00:00;;;;;;;;;;;;;;2.8;8.3;10.1;29.9;;;;;;;;;;;;;;;;228;;
STK;14.12.1994 00:00;;;;;;;;;;;;;;3.7;12.1;13.3;43.6;;;;;;;;;;;;;;;;240;;
STK;15.12.1994 00:00;;;;;;;;;;;;;;2.3;9.5;8.3;34.2;;;;;;;;;;;;;;;;43;;
STK;16.12.1994 00:00;;;;;;;;;;;;;;3.1;9.6;11.2;34.6;;;;;;;;;;;;;;;;222;;
STK;17.12.1994 00:00;;;;;;;;;;;;;;1.4;5;5;18;;;;;;;;;;;;;;;;45;;
STK;18.12.1994 00:00;;;;;;;;;;;;;;2.1;8.8;7.6;31.7;;;;;;;;;;;;;;;;225;;
STK;19.12.1994 00:00;;;;;;;;;;;;;;1;4.8;3.6;17.3;;;;;;;;;;;;;;;;219;;
STK;20.12.1994 00:00;;;;;;;;;;;;;;1.5;6.6;5.4;23.8;;;;;;;;;;;;;;;;219;;
STK;21.12.1994 00:00;;;;;;;;;;;;;;1.8;7.3;6.5;26.3;;;;;;;;;;;;;;;;27;;
STK;22.12.1994 00:00;;;;;;;;;;;;;;9.2;19.7;33.1;70.9;;;;;;;;;;;;;;;;50;;
STK;23.12.1994 00:00;;;;;;;;;;;;;;11.5;19.8;41.4;71.3;;;;;;;;;;;;;;;;56;;
STK;24.12.1994 00:00;;;;;;;;;;;;;;4.3;13.1;15.5;47.2;;;;;;;;;;;;;;;;53;;
STK;25.12.1994 00:00;;;;;;;;;;;;;;2.1;8.6;7.6;31;;;;;;;;;;;;;;;;220;;
STK;26.12.1994 00:00;;;;;;;;;;;;;;5.4;15;19.4;54;;;;;;;;;;;;;;;;230;;
STK;27.12.1994 00:00;;;;;;;;;;;;;;9.4;19.5;33.8;70.2;;;;;;;;;;;;;;;;228;;
STK;28.12.1994 00:00;;;;;;;;;;;;;;9.2;19.5;33.1;70.2;;;;;;;;;;;;;;;;227;;
STK;29.12.1994 00:00;;;;;;;;;;;;;;2.7;18.5;9.7;66.6;;;;;;;;;;;;;;;;228;;
STK;30.12.1994 00:00;;;;;;;;;;;;;;7.4;18.3;26.6;65.9;;;;;;;;;;;;;;;;221;;
STK;31.12.1994 00:00;;;;;;;;;;;;;;6.1;17.2;22;61.9;;;;;;;;;;;;;;;;224;;
STK;01.01.1995 00:00;;;;;;;;;;;;;;7.2;18.5;25.9;66.6;;;;;;;;;;;;;;;;239;;
STK;02.01.1995 00:00;;;;;;;;;;;;;;6.8;17.7;24.5;63.7;;;;;;;;;;;;;;;;234;;
STK;03.01.1995 00:00;;;;;;;;;;;;;;1.7;6.3;6.1;22.7;;;;;;;;;;;;;;;;354;;
STK;04.01.1995 00:00;;;;;;;;;;;;;;6;13;21.6;46.8;;;;;;;;;;;;;;;;52;;
STK;05.01.1995 00:00;;;;;;;;;;;;;;3.2;11.2;11.5;40.3;;;;;;;;;;;;;;;;59;;
STK;06.01.1995 00:00;;;;;;;;;;;;;;1.3;4.8;4.7;17.3;;;;;;;;;;;;;;;;209;;
STK;07.01.1995 00:00;;;;;;;;;;;;;;1.2;4.5;4.3;16.2;;;;;;;;;;;;;;;;243;;
STK;08.01.1995 00:00;;;;;;;;;;;;;;1.6;5.7;5.8;20.5;;;;;;;;;;;;;;;;63;;
STK;09.01.1995 00:00;;;;;;;;;;;;;;3.1;15.6;11.2;56.2;;;;;;;;;;;;;;;;222;;
STK;10.01.1995 00:00;;;;;;;;;;;;;;8.8;20.5;31.7;73.8;;;;;;;;;;;;;;;;234;;
STK;11.01.1995 00:00;;;;;;;;;;;;;;6.4;18.5;23;66.6;;;;;;;;;;;;;;;;245;;
STK;12.01.1995 00:00;;;;;;;;;;;;;;5.4;12.7;19.4;45.7;;;;;;;;;;;;;;;;258;;
STK;13.01.1995 00:00;;;;;;;;;;;;;;1.4;7.1;5;25.6;;;;;;;;;;;;;;;;230;;
STK;14.01.1995 00:00;;;;;;;;;;;;;;1.1;3.5;4;12.6;;;;;;;;;;;;;;;;180;;
STK;15.01.1995 00:00;;;;;;;;;;;;;;0.8;3.5;2.9;12.6;;;;;;;;;;;;;;;;72;;
STK;16.01.1995 00:00;;;;;;;;;;;;;;1.3;4.5;4.7;16.2;;;;;;;;;;;;;;;;225;;
STK;17.01.1995 00:00;;;;;;;;;;;;;;1.1;4;4;14.4;;;;;;;;;;;;;;;;180;;
STK;18.01.1995 00:00;;;;;;;;;;;;;;1.4;9;5;32.4;;;;;;;;;;;;;;;;225;;
STK;19.01.1995 00:00;;;;;;;;;;;;;;2.8;9.2;10.1;33.1;;;;;;;;;;;;;;;;230;;
STK;20.01.1995 00:00;;;;;;;;;;;;;;1.6;8.3;5.8;29.9;;;;;;;;;;;;;;;;225;;
STK;21.01.1995 00:00;;;;;;;;;;;;;;2.5;8.8;9;31.7;;;;;;;;;;;;;;;;222;;
STK;22.01.1995 00:00;;;;;;;;;;;;;;9.1;25.6;32.8;92.2;;;;;;;;;;;;;;;;225;;
STK;23.01.1995 00:00;;;;;;;;;;;;;;9.5;27.6;34.2;99.4;;;;;;;;;;;;;;;;232;;
STK;24.01.1995 00:00;;;;;;;;;;;;;;8.6;21.6;31;77.8;;;;;;;;;;;;;;;;229;;
STK;25.01.1995 00:00;;;;;;;;;;;;;;10.3;24.1;37.1;86.8;;;;;;;;;;;;;;;;226;;
STK;26.01.1995 00:00;;;;;;;;;;;;;;9.2;31.6;33.1;113.8;;;;;;;;;;;;;;;;232;;
STK;27.01.1995 00:00;;;;;;;;;;;;;;4.5;14.8;16.2;53.3;;;;;;;;;;;;;;;;239;;
STK;28.01.1995 00:00;;;;;;;;;;;;;;9.5;24.6;34.2;88.6;;;;;;;;;;;;;;;;226;;
STK;29.01.1995 00:00;;;;;;;;;;;;;;8.6;23;31;82.8;;;;;;;;;;;;;;;;225;;
STK;30.01.1995 00:00;;;;;;;;;;;;;;6.7;16.6;24.1;59.8;;;;;;;;;;;;;;;;236;;
STK;31.01.1995 00:00;;;;;;;;;;;;;;1.2;5;4.3;18;;;;;;;;;;;;;;;;56;;
STK;01.02.1995 00:00;;;;;;;;;;;;;;0.9;3.6;3.2;13;;;;;;;;;;;;;;;;90;;
STK;02.02.1995 00:00;;;;;;;;;;;;;;1;4.5;3.6;16.2;;;;;;;;;;;;;;;;0;;
STK;03.02.1995 00:00;;;;;;;;;;;;;;0.9;3.2;3.2;11.5;;;;;;;;;;;;;;;;27;;
STK;04.02.1995 00:00;;;;;;;;;;;;;;2.9;10.7;10.4;38.5;;;;;;;;;;;;;;;;228;;
STK;05.02.1995 00:00;;;;;;;;;;;;;;2.4;8.5;8.6;30.6;;;;;;;;;;;;;;;;231;;
STK;06.02.1995 00:00;;;;;;;;;;;;;;4.5;10.7;16.2;38.5;;;;;;;;;;;;;;;;236;;
STK;07.02.1995 00:00;;;;;;;;;;;;;;4.7;11.3;16.9;40.7;;;;;;;;;;;;;;;;231;;
STK;08.02.1995 00:00;;;;;;;;;;;;;;5.5;14.3;19.8;51.5;;;;;;;;;;;;;;;;230;;
STK;09.02.1995 00:00;;;;;;;;;;;;;;4.4;14.2;15.8;51.1;;;;;;;;;;;;;;;;230;;
STK;10.02.1995 00:00;;;;;;;;;;;;;;1.2;8.3;4.3;29.9;;;;;;;;;;;;;;;;214;;
STK;11.02.1995 00:00;;;;;;;;;;;;;;5.2;14.1;18.7;50.8;;;;;;;;;;;;;;;;229;;
STK;12.02.1995 00:00;;;;;;;;;;;;;;4.3;16.2;15.5;58.3;;;;;;;;;;;;;;;;226;;
STK;13.02.1995 00:00;;;;;;;;;;;;;;1.9;9.3;6.8;33.5;;;;;;;;;;;;;;;;214;;
STK;14.02.1995 00:00;;;;;;;;;;;;;;4.3;14.7;15.5;52.9;;;;;;;;;;;;;;;;237;;
STK;15.02.1995 00:00;;;;;;;;;;;;;;5;15.8;18;56.9;;;;;;;;;;;;;;;;235;;
STK;16.02.1995 00:00;;;;;;;;;;;;;;7;21.5;25.2;77.4;;;;;;;;;;;;;;;;234;;
STK;17.02.1995 00:00;;;;;;;;;;;;;;7;25.8;25.2;92.9;;;;;;;;;;;;;;;;231;;
STK;18.02.1995 00:00;;;;;;;;;;;;;;3.9;11.1;14;40;;;;;;;;;;;;;;;;225;;
STK;19.02.1995 00:00;;;;;;;;;;;;;;4.6;12;16.6;43.2;;;;;;;;;;;;;;;;223;;
STK;20.02.1995 00:00;;;;;;;;;;;;;;4.4;13;15.8;46.8;;;;;;;;;;;;;;;;230;;
STK;21.02.1995 00:00;;;;;;;;;;;;;;2.9;16;10.4;57.6;;;;;;;;;;;;;;;;240;;
STK;22.02.1995 00:00;;;;;;;;;;;;;;1.6;8.5;5.8;30.6;;;;;;;;;;;;;;;;191;;
STK;23.02.1995 00:00;;;;;;;;;;;;;;5.3;15.6;19.1;56.2;;;;;;;;;;;;;;;;228;;
STK;24.02.1995 00:00;;;;;;;;;;;;;;4.4;21.5;15.8;77.4;;;;;;;;;;;;;;;;228;;
STK;25.02.1995 00:00;;;;;;;;;;;;;;7;22.8;25.2;82.1;;;;;;;;;;;;;;;;227;;
STK;26.02.1995 00:00;;;;;;;;;;;;;;1.8;7.8;6.5;28.1;;;;;;;;;;;;;;;;270;;
STK;27.02.1995 00:00;;;;;;;;;;;;;;2.3;6.6;8.3;23.8;;;;;;;;;;;;;;;;238;;
STK;28.02.1995 00:00;;;;;;;;;;;;;;3.6;10.5;13;37.8;;;;;;;;;;;;;;;;235;;
STK;01.03.1995 00:00;;;;;;;;;;;;;;1.7;8.1;6.1;29.2;;;;;;;;;;;;;;;;225;;
STK;02.03.1995 00:00;;;;;;;;;;;;;;3.7;11.6;13.3;41.8;;;;;;;;;;;;;;;;241;;
STK;03.03.1995 00:00;;;;;;;;;;;;;;2.9;11.7;10.4;42.1;;;;;;;;;;;;;;;;226;;
STK;04.03.1995 00:00;;;;;;;;;;;;;;1.5;5.8;5.4;20.9;;;;;;;;;;;;;;;;90;;
STK;05.03.1995 00:00;;;;;;;;;;;;;;2.8;12.1;10.1;43.6;;;;;;;;;;;;;;;;225;;
STK;06.03.1995 00:00;;;;;;;;;;;;;;6.7;16.6;24.1;59.8;;;;;;;;;;;;;;;;231;;
STK;07.03.1995 00:00;;;;;;;;;;;;;;3.6;13.2;13;47.5;;;;;;;;;;;;;;;;231;;
STK;08.03.1995 00:00;;;;;;;;;;;;;;2.7;19.1;9.7;68.8;;;;;;;;;;;;;;;;229;;
STK;09.03.1995 00:00;;;;;;;;;;;;;;2;8;7.2;28.8;;;;;;;;;;;;;;;;225;;
STK;10.03.1995 00:00;;;;;;;;;;;;;;1.1;5.8;4;20.9;;;;;;;;;;;;;;;;45;;
STK;11.03.1995 00:00;;;;;;;;;;;;;;0.8;2.6;2.9;9.4;;;;;;;;;;;;;;;;108;;
STK;12.03.1995 00:00;;;;;;;;;;;;;;1.6;6.3;5.8;22.7;;;;;;;;;;;;;;;;55;;
STK;13.03.1995 00:00;;;;;;;;;;;;;;5.8;13.6;20.9;49;;;;;;;;;;;;;;;;57;;
STK;14.03.1995 00:00;;;;;;;;;;;;;;2.5;8.1;9;29.2;;;;;;;;;;;;;;;;346;;
STK;15.03.1995 00:00;;;;;;;;;;;;;;5.8;18.2;20.9;65.5;;;;;;;;;;;;;;;;237;;
STK;16.03.1995 00:00;;;;;;;;;;;;;;5;19.2;18;69.1;;;;;;;;;;;;;;;;241;;
STK;17.03.1995 00:00;;;;;;;;;;;;;;6.3;22.5;22.7;81;;;;;;;;;;;;;;;;226;;
STK;18.03.1995 00:00;;;;;;;;;;;;;;9;24.5;32.4;88.2;;;;;;;;;;;;;;;;227;;
STK;19.03.1995 00:00;;;;;;;;;;;;;;7.8;23.5;28.1;84.6;;;;;;;;;;;;;;;;236;;
STK;20.03.1995 00:00;;;;;;;;;;;;;;4.8;14.1;17.3;50.8;;;;;;;;;;;;;;;;235;;
STK;21.03.1995 00:00;;;;;;;;;;;;;;3.7;10.7;13.3;38.5;;;;;;;;;;;;;;;;229;;
STK;22.03.1995 00:00;;;;;;;;;;;;;;1.5;4.6;5.4;16.6;;;;;;;;;;;;;;;;135;;
STK;23.03.1995 00:00;;;;;;;;;;;;;;1.3;3.8;4.7;13.7;;;;;;;;;;;;;;;;99;;
STK;24.03.1995 00:00;;;;;;;;;;;;;;1.9;7.6;6.8;27.4;;;;;;;;;;;;;;;;228;;
STK;25.03.1995 00:00;;;;;;;;;;;;;;7.1;18.3;25.6;65.9;;;;;;;;;;;;;;;;244;;
STK;26.03.1995 00:00;;;;;;;;;;;;;;8.1;17.2;29.2;61.9;;;;;;;;;;;;;;;;236;;
STK;27.03.1995 00:00;;;;;;;;;;;;;;7.9;21.6;28.4;77.8;;;;;;;;;;;;;;;;235;;
STK;28.03.1995 00:00;;;;;;;;;;;;;;5.9;20;21.2;72;;;;;;;;;;;;;;;;232;;
STK;29.03.1995 00:00;;;;;;;;;;;;;;6.5;25.8;23.4;92.9;;;;;;;;;;;;;;;;260;;
STK;30.03.1995 00:00;;;;;;;;;;;;;;1.7;7.2;6.1;25.9;;;;;;;;;;;;;;;;59;;
STK;31.03.1995 00:00;;;;;;;;;;;;;;4.1;12.7;14.8;45.7;;;;;;;;;;;;;;;;232;;
STK;01.04.1995 00:00;;;;;;;;;;;;;;5.2;10.8;18.7;38.9;;;;;;;;;;;;;;;;221;;
STK;02.04.1995 00:00;;;;;;;;;;;;;;2.5;7.6;9;27.4;;;;;;;;;;;;;;;;229;;
STK;03.04.1995 00:00;;;;;;;;;;;;;;1.8;8.5;6.5;30.6;;;;;;;;;;;;;;;;220;;
STK;04.04.1995 00:00;;;;;;;;;;;;;;3.7;13.5;13.3;48.6;;;;;;;;;;;;;;;;237;;
STK;05.04.1995 00:00;;;;;;;;;;;;;;1.8;10.1;6.5;36.4;;;;;;;;;;;;;;;;231;;
STK;06.04.1995 00:00;;;;;;;;;;;;;;2.6;6.8;9.4;24.5;;;;;;;;;;;;;;;;233;;
STK;07.04.1995 00:00;;;;;;;;;;;;;;3.9;11;14;39.6;;;;;;;;;;;;;;;;233;;
STK;08.04.1995 00:00;;;;;;;;;;;;;;3.3;10;11.9;36;;;;;;;;;;;;;;;;333;;
STK;09.04.1995 00:00;;;;;;;;;;;;;;1.9;9.2;6.8;33.1;;;;;;;;;;;;;;;;45;;
STK;10.04.1995 00:00;;;;;;;;;;;;;;1.2;5;4.3;18;;;;;;;;;;;;;;;;225;;
STK;11.04.1995 00:00;;;;;;;;;;;;;;1.3;5.1;4.7;18.4;;;;;;;;;;;;;;;;72;;
STK;12.04.1995 00:00;;;;;;;;;;;;;;1.9;9.5;6.8;34.2;;;;;;;;;;;;;;;;55;;
STK;13.04.1995 00:00;;;;;;;;;;;;;;5.1;12.6;18.4;45.4;;;;;;;;;;;;;;;;51;;
STK;14.04.1995 00:00;;;;;;;;;;;;;;3.6;12.7;13;45.7;;;;;;;;;;;;;;;;50;;
STK;15.04.1995 00:00;;;;;;;;;;;;;;1.6;5.6;5.8;20.2;;;;;;;;;;;;;;;;231;;
STK;16.04.1995 00:00;;;;;;;;;;;;;;1.7;9.1;6.1;32.8;;;;;;;;;;;;;;;;238;;
STK;17.04.1995 00:00;;;;;;;;;;;;;;6.9;16.7;24.8;60.1;;;;;;;;;;;;;;;;234;;
STK;18.04.1995 00:00;;;;;;;;;;;;;;5.6;17.3;20.2;62.3;;;;;;;;;;;;;;;;237;;
STK;19.04.1995 00:00;;;;;;;;;;;;;;4.7;15.5;16.9;55.8;;;;;;;;;;;;;;;;238;;
STK;20.04.1995 00:00;;;;;;;;;;;;;;2.6;14.1;9.4;50.8;;;;;;;;;;;;;;;;225;;
STK;21.04.1995 00:00;;;;;;;;;;;;;;4.1;10.8;14.8;38.9;;;;;;;;;;;;;;;;63;;
STK;22.04.1995 00:00;;;;;;;;;;;;;;4.3;12.5;15.5;45;;;;;;;;;;;;;;;;231;;
STK;23.04.1995 00:00;;;;;;;;;;;;;;2.1;6.1;7.6;22;;;;;;;;;;;;;;;;51;;
STK;24.04.1995 00:00;;;;;;;;;;;;;;1.8;6;6.5;21.6;;;;;;;;;;;;;;;;219;;
STK;25.04.1995 00:00;;;;;;;;;;;;;;5.5;15.6;19.8;56.2;;;;;;;;;;;;;;;;235;;
STK;26.04.1995 00:00;;;;;;;;;;;;;;6.7;12.7;24.1;45.7;;;;;;;;;;;;;;;;226;;
STK;27.04.1995 00:00;;;;;;;;;;;;;;3.8;9.8;13.7;35.3;;;;;;;;;;;;;;;;227;;
STK;28.04.1995 00:00;;;;;;;;;;;;;;1.4;5.6;5;20.2;;;;;;;;;;;;;;;;56;;
STK;29.04.1995 00:00;;;;;;;;;;;;;;1.9;11.1;6.8;40;;;;;;;;;;;;;;;;236;;
STK;30.04.1995 00:00;;;;;;;;;;;;;;2.7;11.1;9.7;40;;;;;;;;;;;;;;;;239;;
STK;01.05.1995 00:00;;;;;;;;;;;;;;1.9;6.7;6.8;24.1;;;;;;;;;;;;;;;;52;;
STK;02.05.1995 00:00;;;;;;;;;;;;;;3.7;7.6;13.3;27.4;;;;;;;;;;;;;;;;51;;
STK;03.05.1995 00:00;;;;;;;;;;;;;;1.5;4.5;5.4;16.2;;;;;;;;;;;;;;;;56;;
STK;04.05.1995 00:00;;;;;;;;;;;;;;1.2;3.5;4.3;12.6;;;;;;;;;;;;;;;;82;;
STK;05.05.1995 00:00;;;;;;;;;;;;;;1.1;3.8;4;13.7;;;;;;;;;;;;;;;;68;;
STK;06.05.1995 00:00;;;;;;;;;;;;;;1.4;3.7;5;13.3;;;;;;;;;;;;;;;;202;;
STK;07.05.1995 00:00;;;;;;;;;;;;;;2.1;7.2;7.6;25.9;;;;;;;;;;;;;;;;234;;
STK;08.05.1995 00:00;;;;;;;;;;;;;;4.3;17.6;15.5;63.4;;;;;;;;;;;;;;;;237;;
STK;09.05.1995 00:00;;;;;;;;;;;;;;2.6;9.7;9.4;34.9;;;;;;;;;;;;;;;;302;;
STK;10.05.1995 00:00;;;;;;;;;;;;;;2.4;8.1;8.6;29.2;;;;;;;;;;;;;;;;37;;
STK;11.05.1995 00:00;;;;;;;;;;;;;;2;7.1;7.2;25.6;;;;;;;;;;;;;;;;54;;
STK;12.05.1995 00:00;;;;;;;;;;;;;;3.3;8.6;11.9;31;;;;;;;;;;;;;;;;45;;
STK;13.05.1995 00:00;;;;;;;;;;;;;;4.7;12.8;16.9;46.1;;;;;;;;;;;;;;;;239;;
STK;14.05.1995 00:00;;;;;;;;;;;;;;2.2;9.1;7.9;32.8;;;;;;;;;;;;;;;;232;;
STK;15.05.1995 00:00;;;;;;;;;;;;;;1.7;7.1;6.1;25.6;;;;;;;;;;;;;;;;52;;
STK;16.05.1995 00:00;;;;;;;;;;;;;;1.7;9.1;6.1;32.8;;;;;;;;;;;;;;;;135;;
STK;17.05.1995 00:00;;;;;;;;;;;;;;7.9;20.7;28.4;74.5;;;;;;;;;;;;;;;;234;;
STK;18.05.1995 00:00;;;;;;;;;;;;;;3.1;14.7;11.2;52.9;;;;;;;;;;;;;;;;234;;
STK;19.05.1995 00:00;;;;;;;;;;;;;;1.5;10.2;5.4;36.7;;;;;;;;;;;;;;;;243;;
STK;20.05.1995 00:00;;;;;;;;;;;;;;1.8;7.7;6.5;27.7;;;;;;;;;;;;;;;;230;;
STK;21.05.1995 00:00;;;;;;;;;;;;;;1.7;7;6.1;25.2;;;;;;;;;;;;;;;;66;;
STK;22.05.1995 00:00;;;;;;;;;;;;;;1.8;6.2;6.5;22.3;;;;;;;;;;;;;;;;60;;
STK;23.05.1995 00:00;;;;;;;;;;;;;;1.7;4.3;6.1;15.5;;;;;;;;;;;;;;;;81;;
STK;24.05.1995 00:00;;;;;;;;;;;;;;1.1;3.3;4;11.9;;;;;;;;;;;;;;;;63;;
STK;25.05.1995 00:00;;;;;;;;;;;;;;2;23.1;7.2;83.2;;;;;;;;;;;;;;;;234;;
STK;26.05.1995 00:00;;;;;;;;;;;;;;1.4;4.6;5;16.6;;;;;;;;;;;;;;;;225;;
STK;27.05.1995 00:00;;;;;;;;;;;;;;3.6;12.2;13;43.9;;;;;;;;;;;;;;;;233;;
STK;28.05.1995 00:00;;;;;;;;;;;;;;1.4;7.5;5;27;;;;;;;;;;;;;;;;54;;
STK;29.05.1995 00:00;;;;;;;;;;;;;;1.9;9.8;6.8;35.3;;;;;;;;;;;;;;;;232;;
STK;30.05.1995 00:00;;;;;;;;;;;;;;1.5;6.6;5.4;23.8;;;;;;;;;;;;;;;;225;;
STK;31.05.1995 00:00;;;;;;;;;;;;;;2.3;6;8.3;21.6;;;;;;;;;;;;;;;;238;;
STK;01.06.1995 00:00;;;;;;;;;;;;;;3.6;8;13;28.8;;;;;;;;;;;;;;;;238;;
STK;02.06.1995 00:00;;;;;;;;;;;;;;1.5;6;5.4;21.6;;;;;;;;;;;;;;;;214;;
STK;03.06.1995 00:00;;;;;;;;;;;;;;1.8;8.8;6.5;31.7;;;;;;;;;;;;;;;;243;;
STK;04.06.1995 00:00;;;;;;;;;;;;;;3.4;10;12.2;36;;;;;;;;;;;;;;;;230;;
STK;05.06.1995 00:00;;;;;;;;;;;;;;2.1;9;7.6;32.4;;;;;;;;;;;;;;;;219;;
STK;06.06.1995 00:00;;;;;;;;;;;;;;3;6.7;10.8;24.1;;;;;;;;;;;;;;;;225;;
STK;07.06.1995 00:00;;;;;;;;;;;;;;1.5;6.3;5.4;22.7;;;;;;;;;;;;;;;;243;;
STK;08.06.1995 00:00;;;;;;;;;;;;;;2.3;7.3;8.3;26.3;;;;;;;;;;;;;;;;307;;
STK;09.06.1995 00:00;;;;;;;;;;;;;;1.7;5.3;6.1;19.1;;;;;;;;;;;;;;;;22;;
STK;10.06.1995 00:00;;;;;;;;;;;;;;1.6;7;5.8;25.2;;;;;;;;;;;;;;;;34;;
STK;11.06.1995 00:00;;;;;;;;;;;;;;1.3;7.1;4.7;25.6;;;;;;;;;;;;;;;;243;;
STK;12.06.1995 00:00;;;;;;;;;;;;;;1.5;5.3;5.4;19.1;;;;;;;;;;;;;;;;351;;
STK;13.06.1995 00:00;;;;;;;;;;;;;;2.4;8.1;8.6;29.2;;;;;;;;;;;;;;;;234;;
STK;14.06.1995 00:00;;;;;;;;;;;;;;2.5;7.3;9;26.3;;;;;;;;;;;;;;;;237;;
STK;15.06.1995 00:00;;;;;;;;;;;;;;1.8;7.5;6.5;27;;;;;;;;;;;;;;;;252;;
STK;16.06.1995 00:00;;;;;;;;;;;;;;3.1;12;11.2;43.2;;;;;;;;;;;;;;;;242;;
STK;17.06.1995 00:00;;;;;;;;;;;;;;2.8;10;10.1;36;;;;;;;;;;;;;;;;238;;
STK;18.06.1995 00:00;;;;;;;;;;;;;;4.3;13.7;15.5;49.3;;;;;;;;;;;;;;;;235;;
STK;19.06.1995 00:00;;;;;;;;;;;;;;1.4;4.1;5;14.8;;;;;;;;;;;;;;;;67;;
STK;20.06.1995 00:00;;;;;;;;;;;;;;1.4;4.2;5;15.1;;;;;;;;;;;;;;;;198;;
STK;21.06.1995 00:00;;;;;;;;;;;;;;1.8;8.5;6.5;30.6;;;;;;;;;;;;;;;;232;;
STK;22.06.1995 00:00;;;;;;;;;;;;;;2.6;8.8;9.4;31.7;;;;;;;;;;;;;;;;25;;
STK;23.06.1995 00:00;;;;;;;;;;;;;;3.6;10.7;13;38.5;;;;;;;;;;;;;;;;39;;
STK;24.06.1995 00:00;;;;;;;;;;;;;;2.8;9.5;10.1;34.2;;;;;;;;;;;;;;;;45;;
STK;25.06.1995 00:00;;;;;;;;;;;;;;1.8;6.2;6.5;22.3;;;;;;;;;;;;;;;;62;;
STK;26.06.1995 00:00;;;;;;;;;;;;;;2.2;6.8;7.9;24.5;;;;;;;;;;;;;;;;60;;
STK;27.06.1995 00:00;;;;;;;;;;;;;;5.6;14.1;20.2;50.8;;;;;;;;;;;;;;;;60;;
STK;28.06.1995 00:00;;;;;;;;;;;;;;3.4;9.8;12.2;35.3;;;;;;;;;;;;;;;;55;;
STK;29.06.1995 00:00;;;;;;;;;;;;;;1.9;7.6;6.8;27.4;;;;;;;;;;;;;;;;58;;
STK;30.06.1995 00:00;;;;;;;;;;;;;;1.2;3.1;4.3;11.2;;;;;;;;;;;;;;;;90;;
STK;01.07.1995 00:00;;;;;;;;;;;;;;1.4;13.5;5;48.6;;;;;;;;;;;;;;;;236;;
STK;02.07.1995 00:00;;;;;;;;;;;;;;1.7;9.7;6.1;34.9;;;;;;;;;;;;;;;;162;;
STK;03.07.1995 00:00;;;;;;;;;;;;;;2.6;15.5;9.4;55.8;;;;;;;;;;;;;;;;231;;
STK;04.07.1995 00:00;;;;;;;;;;;;;;3.8;9.6;13.7;34.6;;;;;;;;;;;;;;;;238;;
STK;05.07.1995 00:00;;;;;;;;;;;;;;1.7;6;6.1;21.6;;;;;;;;;;;;;;;;36;;
STK;06.07.1995 00:00;;;;;;;;;;;;;;1.1;4.6;4;16.6;;;;;;;;;;;;;;;;72;;
STK;07.07.1995 00:00;;;;;;;;;;;;;;1.1;3.7;4;13.3;;;;;;;;;;;;;;;;90;;
STK;08.07.1995 00:00;;;;;;;;;;;;;;1.1;3.5;4;12.6;;;;;;;;;;;;;;;;72;;
STK;09.07.1995 00:00;;;;;;;;;;;;;;1.2;3.6;4.3;13;;;;;;;;;;;;;;;;117;;
STK;10.07.1995 00:00;;;;;;;;;;;;;;1.4;5;5;18;;;;;;;;;;;;;;;;72;;
STK;11.07.1995 00:00;;;;;;;;;;;;;;2.4;11;8.6;39.6;;;;;;;;;;;;;;;;260;;
STK;12.07.1995 00:00;;;;;;;;;;;;;;1.6;6;5.8;21.6;;;;;;;;;;;;;;;;214;;
STK;13.07.1995 00:00;;;;;;;;;;;;;;1.5;7.5;5.4;27;;;;;;;;;;;;;;;;90;;
STK;14.07.1995 00:00;;;;;;;;;;;;;;3.5;13.6;12.6;49;;;;;;;;;;;;;;;;229;;
STK;15.07.1995 00:00;;;;;;;;;;;;;;1.7;8.3;6.1;29.9;;;;;;;;;;;;;;;;222;;
STK;16.07.1995 00:00;;;;;;;;;;;;;;4.1;12.2;14.8;43.9;;;;;;;;;;;;;;;;231;;
STK;17.07.1995 00:00;;;;;;;;;;;;;;1.1;6.5;4;23.4;;;;;;;;;;;;;;;;360;;
STK;18.07.1995 00:00;;;;;;;;;;;;;;3.2;10.6;11.5;38.2;;;;;;;;;;;;;;;;236;;
STK;19.07.1995 00:00;;;;;;;;;;;;;;1.5;4.2;5.4;15.1;;;;;;;;;;;;;;;;63;;
STK;20.07.1995 00:00;;;;;;;;;;;;;;1.2;4.2;4.3;15.1;;;;;;;;;;;;;;;;51;;
STK;21.07.1995 00:00;;;;;;;;;;;;;;2;10.1;7.2;36.4;;;;;;;;;;;;;;;;228;;
STK;22.07.1995 00:00;;;;;;;;;;;;;;3.1;18;11.2;64.8;;;;;;;;;;;;;;;;249;;
STK;23.07.1995 00:00;;;;;;;;;;;;;;4.1;11.3;14.8;40.7;;;;;;;;;;;;;;;;52;;
STK;24.07.1995 00:00;;;;;;;;;;;;;;3.1;8;11.2;28.8;;;;;;;;;;;;;;;;57;;
STK;25.07.1995 00:00;;;;;;;;;;;;;;1.2;3.3;4.3;11.9;;;;;;;;;;;;;;;;32;;
STK;26.07.1995 00:00;;;;;;;;;;;;;;1.4;4.2;5;15.1;;;;;;;;;;;;;;;;82;;
STK;27.07.1995 00:00;;;;;;;;;;;;;;2.6;7.6;9.4;27.4;;;;;;;;;;;;;;;;234;;
STK;28.07.1995 00:00;;;;;;;;;;;;;;1.8;9.7;6.5;34.9;;;;;;;;;;;;;;;;243;;
STK;29.07.1995 00:00;;;;;;;;;;;;;;1.5;7.5;5.4;27;;;;;;;;;;;;;;;;61;;
STK;30.07.1995 00:00;;;;;;;;;;;;;;2.1;9;7.6;32.4;;;;;;;;;;;;;;;;56;;
STK;31.07.1995 00:00;;;;;;;;;;;;;;1.3;7.3;4.7;26.3;;;;;;;;;;;;;;;;135;;
STK;01.08.1995 00:00;;;;;;;;;;;;;;1.7;4.7;6.1;16.9;;;;;;;;;;;;;;;;210;;
STK;02.08.1995 00:00;;;;;;;;;;;;;;1.3;9.2;4.7;33.1;;;;;;;;;;;;;;;;90;;
STK;03.08.1995 00:00;;;;;;;;;;;;;;1.4;7;5;25.2;;;;;;;;;;;;;;;;56;;
STK;04.08.1995 00:00;;;;;;;;;;;;;;1.1;3.2;4;11.5;;;;;;;;;;;;;;;;90;;
STK;05.08.1995 00:00;;;;;;;;;;;;;;1.3;4.2;4.7;15.1;;;;;;;;;;;;;;;;76;;
STK;06.08.1995 00:00;;;;;;;;;;;;;;2.5;9.2;9;33.1;;;;;;;;;;;;;;;;233;;
STK;07.08.1995 00:00;;;;;;;;;;;;;;2.3;11.1;8.3;40;;;;;;;;;;;;;;;;215;;
STK;08.08.1995 00:00;;;;;;;;;;;;;;4.1;11.7;14.8;42.1;;;;;;;;;;;;;;;;50;;
STK;09.08.1995 00:00;;;;;;;;;;;;;;4.1;9.8;14.8;35.3;;;;;;;;;;;;;;;;44;;
STK;10.08.1995 00:00;;;;;;;;;;;;;;2.4;8.6;8.6;31;;;;;;;;;;;;;;;;63;;
STK;11.08.1995 00:00;;;;;;;;;;;;;;1.7;7.2;6.1;25.9;;;;;;;;;;;;;;;;198;;
STK;12.08.1995 00:00;;;;;;;;;;;;;;2.7;5.8;9.7;20.9;;;;;;;;;;;;;;;;227;;
STK;13.08.1995 00:00;;;;;;;;;;;;;;2.5;8.7;9;31.3;;;;;;;;;;;;;;;;232;;
STK;14.08.1995 00:00;;;;;;;;;;;;;;2.3;8.1;8.3;29.2;;;;;;;;;;;;;;;;236;;
STK;15.08.1995 00:00;;;;;;;;;;;;;;2.6;7.3;9.4;26.3;;;;;;;;;;;;;;;;43;;
STK;16.08.1995 00:00;;;;;;;;;;;;;;1.8;9.3;6.5;33.5;;;;;;;;;;;;;;;;63;;
STK;17.08.1995 00:00;;;;;;;;;;;;;;5.9;14.3;21.2;51.5;;;;;;;;;;;;;;;;57;;
STK;18.08.1995 00:00;;;;;;;;;;;;;;1.2;3.5;4.3;12.6;;;;;;;;;;;;;;;;79;;
STK;19.08.1995 00:00;;;;;;;;;;;;;;1.7;7.8;6.1;28.1;;;;;;;;;;;;;;;;194;;
STK;20.08.1995 00:00;;;;;;;;;;;;;;1.7;8.2;6.1;29.5;;;;;;;;;;;;;;;;222;;
STK;21.08.1995 00:00;;;;;;;;;;;;;;1.6;13;5.8;46.8;;;;;;;;;;;;;;;;56;;
STK;22.08.1995 00:00;;;;;;;;;;;;;;1.5;5.6;5.4;20.2;;;;;;;;;;;;;;;;79;;
STK;23.08.1995 00:00;;;;;;;;;;;;;;3.2;8.2;11.5;29.5;;;;;;;;;;;;;;;;232;;
STK;24.08.1995 00:00;;;;;;;;;;;;;;3.3;12.8;11.9;46.1;;;;;;;;;;;;;;;;234;;
STK;25.08.1995 00:00;;;;;;;;;;;;;;4.3;13.6;15.5;49;;;;;;;;;;;;;;;;235;;
STK;26.08.1995 00:00;;;;;;;;;;;;;;4.9;14.2;17.6;51.1;;;;;;;;;;;;;;;;243;;
STK;27.08.1995 00:00;;;;;;;;;;;;;;5.8;14.5;20.9;52.2;;;;;;;;;;;;;;;;236;;
STK;28.08.1995 00:00;;;;;;;;;;;;;;5.5;14;19.8;50.4;;;;;;;;;;;;;;;;252;;
STK;29.08.1995 00:00;;;;;;;;;;;;;;6.2;13.5;22.3;48.6;;;;;;;;;;;;;;;;248;;
STK;30.08.1995 00:00;;;;;;;;;;;;;;2.7;12.1;9.7;43.6;;;;;;;;;;;;;;;;240;;
STK;31.08.1995 00:00;;;;;;;;;;;;;;2.1;8.5;7.6;30.6;;;;;;;;;;;;;;;;218;;
STK;01.09.1995 00:00;;;;;;;;;;;;;;3.2;9.2;11.5;33.1;;;;;;;;;;;;;;;;235;;
STK;02.09.1995 00:00;;;;;;;;;;;;;;3.9;11.8;14;42.5;;;;;;;;;;;;;;;;233;;
STK;03.09.1995 00:00;;;;;;;;;;;;;;4.1;17.2;14.8;61.9;;;;;;;;;;;;;;;;234;;
STK;04.09.1995 00:00;;;;;;;;;;;;;;4.7;13.8;16.9;49.7;;;;;;;;;;;;;;;;223;;
STK;05.09.1995 00:00;;;;;;;;;;;;;;1.2;3.8;4.3;13.7;;;;;;;;;;;;;;;;194;;
STK;06.09.1995 00:00;;;;;;;;;;;;;;1;3.5;3.6;12.6;;;;;;;;;;;;;;;;162;;
STK;07.09.1995 00:00;;;;;;;;;;;;;;2.9;23;10.4;82.8;;;;;;;;;;;;;;;;234;;
STK;08.09.1995 00:00;;;;;;;;;;;;;;3.9;15.2;14;54.7;;;;;;;;;;;;;;;;225;;
STK;09.09.1995 00:00;;;;;;;;;;;;;;4.8;15.1;17.3;54.4;;;;;;;;;;;;;;;;231;;
STK;10.09.1995 00:00;;;;;;;;;;;;;;1.2;3.6;4.3;13;;;;;;;;;;;;;;;;76;;
STK;11.09.1995 00:00;;;;;;;;;;;;;;2.1;8.6;7.6;31;;;;;;;;;;;;;;;;225;;
STK;12.09.1995 00:00;;;;;;;;;;;;;;1.8;10.6;6.5;38.2;;;;;;;;;;;;;;;;240;;
STK;13.09.1995 00:00;;;;;;;;;;;;;;2.2;10.3;7.9;37.1;;;;;;;;;;;;;;;;238;;
STK;14.09.1995 00:00;;;;;;;;;;;;;;1.9;6.1;6.8;22;;;;;;;;;;;;;;;;227;;
STK;15.09.1995 00:00;;;;;;;;;;;;;;2.1;8;7.6;28.8;;;;;;;;;;;;;;;;223;;
STK;16.09.1995 00:00;;;;;;;;;;;;;;1.3;5.1;4.7;18.4;;;;;;;;;;;;;;;;207;;
STK;17.09.1995 00:00;;;;;;;;;;;;;;1.1;4.8;4;17.3;;;;;;;;;;;;;;;;76;;
STK;18.09.1995 00:00;;;;;;;;;;;;;;0.9;3.2;3.2;11.5;;;;;;;;;;;;;;;;117;;
STK;19.09.1995 00:00;;;;;;;;;;;;;;2.2;7;7.9;25.2;;;;;;;;;;;;;;;;59;;
STK;20.09.1995 00:00;;;;;;;;;;;;;;4;11.8;14.4;42.5;;;;;;;;;;;;;;;;240;;
STK;21.09.1995 00:00;;;;;;;;;;;;;;2.3;6.7;8.3;24.1;;;;;;;;;;;;;;;;270;;
STK;22.09.1995 00:00;;;;;;;;;;;;;;1;3.2;3.6;11.5;;;;;;;;;;;;;;;;90;;
STK;23.09.1995 00:00;;;;;;;;;;;;;;1.1;3.6;4;13;;;;;;;;;;;;;;;;135;;
STK;24.09.1995 00:00;;;;;;;;;;;;;;1.9;10.1;6.8;36.4;;;;;;;;;;;;;;;;228;;
STK;25.09.1995 00:00;;;;;;;;;;;;;;2.9;10.2;10.4;36.7;;;;;;;;;;;;;;;;231;;
STK;26.09.1995 00:00;;;;;;;;;;;;;;3.1;8;11.2;28.8;;;;;;;;;;;;;;;;230;;
STK;27.09.1995 00:00;;;;;;;;;;;;;;6.8;18.5;24.5;66.6;;;;;;;;;;;;;;;;228;;
STK;28.09.1995 00:00;;;;;;;;;;;;;;2.1;6.6;7.6;23.8;;;;;;;;;;;;;;;;242;;
STK;29.09.1995 00:00;;;;;;;;;;;;;;2.2;6.8;7.9;24.5;;;;;;;;;;;;;;;;225;;
STK;30.09.1995 00:00;;;;;;;;;;;;;;1.8;6.1;6.5;22;;;;;;;;;;;;;;;;223;;
STK;01.10.1995 00:00;;;;;;;;;;;;;;2.8;9;10.1;32.4;;;;;;;;;;;;;;;;222;;
STK;02.10.1995 00:00;;;;;;;;;;;;;;1.1;4.6;4;16.6;;;;;;;;;;;;;;;;108;;
STK;03.10.1995 00:00;;;;;;;;;;;;;;1;5.5;3.6;19.8;;;;;;;;;;;;;;;;135;;
STK;04.10.1995 00:00;;;;;;;;;;;;;;1;3.7;3.6;13.3;;;;;;;;;;;;;;;;72;;
STK;05.10.1995 00:00;;;;;;;;;;;;;;2.3;9.5;8.3;34.2;;;;;;;;;;;;;;;;231;;
STK;06.10.1995 00:00;;;;;;;;;;;;;;0.8;2.6;2.9;9.4;;;;;;;;;;;;;;;;153;;
STK;07.10.1995 00:00;;;;;;;;;;;;;;0.9;3.8;3.2;13.7;;;;;;;;;;;;;;;;90;;
STK;08.10.1995 00:00;;;;;;;;;;;;;;0.8;3.2;2.9;11.5;;;;;;;;;;;;;;;;63;;
STK;09.10.1995 00:00;;;;;;;;;;;;;;0.9;3;3.2;10.8;;;;;;;;;;;;;;;;90;;
STK;10.10.1995 00:00;;;;;;;;;;;;;;1.1;3.5;4;12.6;;;;;;;;;;;;;;;;59;;
STK;11.10.1995 00:00;;;;;;;;;;;;;;1;3.5;3.6;12.6;;;;;;;;;;;;;;;;124;;
STK;12.10.1995 00:00;;;;;;;;;;;;;;0.8;2.8;2.9;10.1;;;;;;;;;;;;;;;;135;;
STK;13.10.1995 00:00;;;;;;;;;;;;;;1.4;4;5;14.4;;;;;;;;;;;;;;;;56;;
STK;14.10.1995 00:00;;;;;;;;;;;;;;1.6;3.7;5.8;13.3;;;;;;;;;;;;;;;;61;;
STK;15.10.1995 00:00;;;;;;;;;;;;;;0.9;3.2;3.2;11.5;;;;;;;;;;;;;;;;68;;
STK;16.10.1995 00:00;;;;;;;;;;;;;;2;7.2;7.2;25.9;;;;;;;;;;;;;;;;56;;
STK;17.10.1995 00:00;;;;;;;;;;;;;;1.2;4.1;4.3;14.8;;;;;;;;;;;;;;;;67;;
STK;18.10.1995 00:00;;;;;;;;;;;;;;0.8;3.3;2.9;11.9;;;;;;;;;;;;;;;;45;;
STK;19.10.1995 00:00;;;;;;;;;;;;;;0.9;3.6;3.2;13;;;;;;;;;;;;;;;;219;;
STK;20.10.1995 00:00;;;;;;;;;;;;;;1.9;6.5;6.8;23.4;;;;;;;;;;;;;;;;277;;
STK;21.10.1995 00:00;;;;;;;;;;;;;;4.7;12;16.9;43.2;;;;;;;;;;;;;;;;52;;
STK;22.10.1995 00:00;;;;;;;;;;;;;;2.5;7.3;9;26.3;;;;;;;;;;;;;;;;53;;
STK;23.10.1995 00:00;;;;;;;;;;;;;;0.9;3.5;3.2;12.6;;;;;;;;;;;;;;;;180;;
STK;24.10.1995 00:00;;;;;;;;;;;;;;1.1;3.7;4;13.3;;;;;;;;;;;;;;;;288;;
STK;25.10.1995 00:00;;;;;;;;;;;;;;1.3;7;4.7;25.2;;;;;;;;;;;;;;;;211;;
STK;26.10.1995 00:00;;;;;;;;;;;;;;1;4.2;3.6;15.1;;;;;;;;;;;;;;;;207;;
STK;27.10.1995 00:00;;;;;;;;;;;;;;0.7;3.3;2.5;11.9;;;;;;;;;;;;;;;;214;;
STK;28.10.1995 00:00;;;;;;;;;;;;;;1.4;6.5;5;23.4;;;;;;;;;;;;;;;;135;;
STK;29.10.1995 00:00;;;;;;;;;;;;;;1.2;6.1;4.3;22;;;;;;;;;;;;;;;;225;;
STK;30.10.1995 00:00;;;;;;;;;;;;;;0.7;3.1;2.5;11.2;;;;;;;;;;;;;;;;63;;
STK;31.10.1995 00:00;;;;;;;;;;;;;;1.1;4;4;14.4;;;;;;;;;;;;;;;;45;;
STK;01.11.1995 00:00;;;;;;;;;;;;;;3.3;10.3;11.9;37.1;;;;;;;;;;;;;;;;242;;
STK;02.11.1995 00:00;;;;;;;;;;;;;;2.1;8.2;7.6;29.5;;;;;;;;;;;;;;;;283;;
STK;03.11.1995 00:00;;;;;;;;;;;;;;8.5;19.3;30.6;69.5;;;;;;;;;;;;;;;;238;;
STK;04.11.1995 00:00;;;;;;;;;;;;;;2.2;10.6;7.9;38.2;;;;;;;;;;;;;;;;336;;
STK;05.11.1995 00:00;;;;;;;;;;;;;;2.5;8.2;9;29.5;;;;;;;;;;;;;;;;45;;
STK;06.11.1995 00:00;;;;;;;;;;;;;;1.3;7.8;4.7;28.1;;;;;;;;;;;;;;;;104;;
STK;07.11.1995 00:00;;;;;;;;;;;;;;1.3;4.8;4.7;17.3;;;;;;;;;;;;;;;;211;;
STK;08.11.1995 00:00;;;;;;;;;;;;;;1;3.8;3.6;13.7;;;;;;;;;;;;;;;;124;;
STK;09.11.1995 00:00;;;;;;;;;;;;;;1;4.7;3.6;16.9;;;;;;;;;;;;;;;;180;;
STK;10.11.1995 00:00;;;;;;;;;;;;;;0.8;3.2;2.9;11.5;;;;;;;;;;;;;;;;360;;
STK;11.11.1995 00:00;;;;;;;;;;;;;;1.5;5.1;5.4;18.4;;;;;;;;;;;;;;;;55;;
STK;12.11.1995 00:00;;;;;;;;;;;;;;1.5;5.1;5.4;18.4;;;;;;;;;;;;;;;;45;;
STK;13.11.1995 00:00;;;;;;;;;;;;;;1.5;4.2;5.4;15.1;;;;;;;;;;;;;;;;304;;
STK;14.11.1995 00:00;;;;;;;;;;;;;;1.8;4.7;6.5;16.9;;;;;;;;;;;;;;;;223;;
STK;15.11.1995 00:00;;;;;;;;;;;;;;1.4;11.7;5;42.1;;;;;;;;;;;;;;;;219;;
STK;16.11.1995 00:00;;;;;;;;;;;;;;2.2;11;7.9;39.6;;;;;;;;;;;;;;;;233;;
STK;17.11.1995 00:00;;;;;;;;;;;;;;5.9;16.7;21.2;60.1;;;;;;;;;;;;;;;;240;;
STK;18.11.1995 00:00;;;;;;;;;;;;;;4.1;15.3;14.8;55.1;;;;;;;;;;;;;;;;241;;
STK;19.11.1995 00:00;;;;;;;;;;;;;;7;17;25.2;61.2;;;;;;;;;;;;;;;;224;;
STK;20.11.1995 00:00;;;;;;;;;;;;;;4.2;16.6;15.1;59.8;;;;;;;;;;;;;;;;234;;
STK;21.11.1995 00:00;;;;;;;;;;;;;;1.3;5.1;4.7;18.4;;;;;;;;;;;;;;;;34;;
STK;22.11.1995 00:00;;;;;;;;;;;;;;0.9;3.7;3.2;13.3;;;;;;;;;;;;;;;;180;;
STK;23.11.1995 00:00;;;;;;;;;;;;;;1.1;4.5;4;16.2;;;;;;;;;;;;;;;;225;;
STK;24.11.1995 00:00;;;;;;;;;;;;;;1;6.1;3.6;22;;;;;;;;;;;;;;;;225;;
STK;25.11.1995 00:00;;;;;;;;;;;;;;0.9;4.5;3.2;16.2;;;;;;;;;;;;;;;;79;;
STK;26.11.1995 00:00;;;;;;;;;;;;;;1.7;5.8;6.1;20.9;;;;;;;;;;;;;;;;42;;
STK;27.11.1995 00:00;;;;;;;;;;;;;;1.4;7.1;5;25.6;;;;;;;;;;;;;;;;284;;
STK;28.11.1995 00:00;;;;;;;;;;;;;;1.1;2.8;4;10.1;;;;;;;;;;;;;;;;214;;
STK;29.11.1995 00:00;;;;;;;;;;;;;;0.8;5.1;2.9;18.4;;;;;;;;;;;;;;;;34;;
STK;30.11.1995 00:00;;;;;;;;;;;;;;3.1;7.5;11.2;27;;;;;;;;;;;;;;;;49;;
STK;01.12.1995 00:00;;;;;;;;;;;;;;0.9;3.6;3.2;13;;;;;;;;;;;;;;;;169;;
STK;02.12.1995 00:00;;;;;;;;;;;;;;0.9;3.2;3.2;11.5;;;;;;;;;;;;;;;;198;;
STK;03.12.1995 00:00;;;;;;;;;;;;;;2.4;9;8.6;32.4;;;;;;;;;;;;;;;;68;;
STK;04.12.1995 00:00;;;;;;;;;;;;;;5.5;15.2;19.8;54.7;;;;;;;;;;;;;;;;56;;
STK;05.12.1995 00:00;;;;;;;;;;;;;;6.8;12.6;24.5;45.4;;;;;;;;;;;;;;;;56;;
STK;06.12.1995 00:00;;;;;;;;;;;;;;1.9;6.6;6.8;23.8;;;;;;;;;;;;;;;;50;;
STK;07.12.1995 00:00;;;;;;;;;;;;;;1.2;4.6;4.3;16.6;;;;;;;;;;;;;;;;23;;
STK;08.12.1995 00:00;;;;;;;;;;;;;;1.2;4.3;4.3;15.5;;;;;;;;;;;;;;;;31;;
STK;09.12.1995 00:00;;;;;;;;;;;;;;1.1;5;4;18;;;;;;;;;;;;;;;;45;;
STK;10.12.1995 00:00;;;;;;;;;;;;;;1.5;5.6;5.4;20.2;;;;;;;;;;;;;;;;67;;
STK;11.12.1995 00:00;;;;;;;;;;;;;;1.1;4.3;4;15.5;;;;;;;;;;;;;;;;22;;
STK;12.12.1995 00:00;;;;;;;;;;;;;;2.6;10.8;9.4;38.9;;;;;;;;;;;;;;;;45;;
STK;13.12.1995 00:00;;;;;;;;;;;;;;10.8;20;38.9;72;;;;;;;;;;;;;;;;50;;
STK;14.12.1995 00:00;;;;;;;;;;;;;;6.7;19.1;24.1;68.8;;;;;;;;;;;;;;;;55;;
STK;15.12.1995 00:00;;;;;;;;;;;;;;2.2;6.7;7.9;24.1;;;;;;;;;;;;;;;;56;;
STK;16.12.1995 00:00;;;;;;;;;;;;;;2.6;7;9.4;25.2;;;;;;;;;;;;;;;;47;;
STK;17.12.1995 00:00;;;;;;;;;;;;;;1.2;4.8;4.3;17.3;;;;;;;;;;;;;;;;270;;
STK;18.12.1995 00:00;;;;;;;;;;;;;;2.2;9;7.9;32.4;;;;;;;;;;;;;;;;219;;
STK;19.12.1995 00:00;;;;;;;;;;;;;;1.2;3.5;4.3;12.6;;;;;;;;;;;;;;;;262;;
STK;20.12.1995 00:00;;;;;;;;;;;;;;4.5;14.1;16.2;50.8;;;;;;;;;;;;;;;;230;;
STK;21.12.1995 00:00;;;;;;;;;;;;;;1.7;6.2;6.1;22.3;;;;;;;;;;;;;;;;45;;
STK;22.12.1995 00:00;;;;;;;;;;;;;;1.4;16.1;5;58;;;;;;;;;;;;;;;;214;;
STK;23.12.1995 00:00;;;;;;;;;;;;;;6.9;22.6;24.8;81.4;;;;;;;;;;;;;;;;232;;
STK;24.12.1995 00:00;;;;;;;;;;;;;;5.1;19.6;18.4;70.6;;;;;;;;;;;;;;;;228;;
STK;25.12.1995 00:00;;;;;;;;;;;;;;3.4;10.5;12.2;37.8;;;;;;;;;;;;;;;;211;;
STK;26.12.1995 00:00;;;;;;;;;;;;;;3.2;9.8;11.5;35.3;;;;;;;;;;;;;;;;48;;
STK;27.12.1995 00:00;;;;;;;;;;;;;;1.9;7.1;6.8;25.6;;;;;;;;;;;;;;;;43;;
STK;28.12.1995 00:00;;;;;;;;;;;;;;3.3;9;11.9;32.4;;;;;;;;;;;;;;;;69;;
STK;29.12.1995 00:00;;;;;;;;;;;;;;3.4;7.8;12.2;28.1;;;;;;;;;;;;;;;;56;;
STK;30.12.1995 00:00;;;;;;;;;;;;;;1.6;5.3;5.8;19.1;;;;;;;;;;;;;;;;11;;
STK;31.12.1995 00:00;;;;;;;;;;;;;;1.5;5.8;5.4;20.9;;;;;;;;;;;;;;;;344;;
STK;01.01.1996 00:00;;;;;;;;;;;;;;1.3;6.2;4.7;22.3;;;;;;;;;;;;;;;;29;;
STK;02.01.1996 00:00;;;;;;;;;;;;;;1.4;4.3;5;15.5;;;;;;;;;;;;;;;;30;;
STK;03.01.1996 00:00;;;;;;;;;;;;;;1.3;4.8;4.7;17.3;;;;;;;;;;;;;;;;23;;
STK;04.01.1996 00:00;;;;;;;;;;;;;;1.2;5.5;4.3;19.8;;;;;;;;;;;;;;;;82;;
STK;05.01.1996 00:00;;;;;;;;;;;;;;1.7;6;6.1;21.6;;;;;;;;;;;;;;;;54;;
STK;06.01.1996 00:00;;;;;;;;;;;;;;1.4;4.2;5;15.1;;;;;;;;;;;;;;;;49;;
STK;07.01.1996 00:00;;;;;;;;;;;;;;1.2;6.1;4.3;22;;;;;;;;;;;;;;;;360;;
STK;08.01.1996 00:00;;;;;;;;;;;;;;1.1;5;4;18;;;;;;;;;;;;;;;;36;;
STK;09.01.1996 00:00;;;;;;;;;;;;;;1.9;6.6;6.8;23.8;;;;;;;;;;;;;;;;35;;
STK;10.01.1996 00:00;;;;;;;;;;;;;;1.1;5;4;18;;;;;;;;;;;;;;;;37;;
STK;11.01.1996 00:00;;;;;;;;;;;;;;0.7;4.1;2.5;14.8;;;;;;;;;;;;;;;;225;;
STK;12.01.1996 00:00;;;;;;;;;;;;;;1.1;4.3;4;15.5;;;;;;;;;;;;;;;;225;;
STK;13.01.1996 00:00;;;;;;;;;;;;;;0.7;2.7;2.5;9.7;;;;;;;;;;;;;;;;45;;
STK;14.01.1996 00:00;;;;;;;;;;;;;;1.1;3.6;4;13;;;;;;;;;;;;;;;;63;;
STK;15.01.1996 00:00;;;;;;;;;;;;;;0.8;2.6;2.9;9.4;;;;;;;;;;;;;;;;225;;
STK;16.01.1996 00:00;;;;;;;;;;;;;;1.4;5.5;5;19.8;;;;;;;;;;;;;;;;63;;
STK;17.01.1996 00:00;;;;;;;;;;;;;;1.1;3.8;4;13.7;;;;;;;;;;;;;;;;259;;
STK;18.01.1996 00:00;;;;;;;;;;;;;;1.5;5.1;5.4;18.4;;;;;;;;;;;;;;;;232;;
STK;19.01.1996 00:00;;;;;;;;;;;;;;1.3;5.6;4.7;20.2;;;;;;;;;;;;;;;;360;;
STK;20.01.1996 00:00;;;;;;;;;;;;;;2.2;7;7.9;25.2;;;;;;;;;;;;;;;;61;;
STK;21.01.1996 00:00;;;;;;;;;;;;;;2.9;7.7;10.4;27.7;;;;;;;;;;;;;;;;50;;
STK;22.01.1996 00:00;;;;;;;;;;;;;;2.6;7.3;9.4;26.3;;;;;;;;;;;;;;;;57;;
STK;23.01.1996 00:00;;;;;;;;;;;;;;2.4;7.2;8.6;25.9;;;;;;;;;;;;;;;;35;;
STK;24.01.1996 00:00;;;;;;;;;;;;;;3.4;7.2;12.2;25.9;;;;;;;;;;;;;;;;35;;
STK;25.01.1996 00:00;;;;;;;;;;;;;;2.9;7.2;10.4;25.9;;;;;;;;;;;;;;;;55;;
STK;26.01.1996 00:00;;;;;;;;;;;;;;1.7;4.1;6.1;14.8;;;;;;;;;;;;;;;;21;;
STK;27.01.1996 00:00;;;;;;;;;;;;;;1.4;3.7;5;13.3;;;;;;;;;;;;;;;;27;;
STK;28.01.1996 00:00;;;;;;;;;;;;;;4;8.8;14.4;31.7;;;;;;;;;;;;;;;;44;;
STK;29.01.1996 00:00;;;;;;;;;;;;;;4.3;8.6;15.5;31;;;;;;;;;;;;;;;;50;;
STK;30.01.1996 00:00;;;;;;;;;;;;;;5.6;11.5;20.2;41.4;;;;;;;;;;;;;;;;61;;
STK;31.01.1996 00:00;;;;;;;;;;;;;;4.2;11.3;15.1;40.7;;;;;;;;;;;;;;;;52;;
STK;01.02.1996 00:00;;;;;;;;;;;;;;0.8;4.3;2.9;15.5;;;;;;;;;;;;;;;;207;;
STK;02.02.1996 00:00;;;;;;;;;;;;;;1.3;5.3;4.7;19.1;;;;;;;;;;;;;;;;222;;
STK;03.02.1996 00:00;;;;;;;;;;;;;;1.8;5.2;6.5;18.7;;;;;;;;;;;;;;;;218;;
STK;04.02.1996 00:00;;;;;;;;;;;;;;3.5;8.2;12.6;29.5;;;;;;;;;;;;;;;;37;;
STK;05.02.1996 00:00;;;;;;;;;;;;;;3.4;8.6;12.2;31;;;;;;;;;;;;;;;;54;;
STK;06.02.1996 00:00;;;;;;;;;;;;;;2.1;8.8;7.6;31.7;;;;;;;;;;;;;;;;42;;
STK;07.02.1996 00:00;;;;;;;;;;;;;;1.6;5.8;5.8;20.9;;;;;;;;;;;;;;;;34;;
STK;08.02.1996 00:00;;;;;;;;;;;;;;3.3;8.6;11.9;31;;;;;;;;;;;;;;;;257;;
STK;09.02.1996 00:00;;;;;;;;;;;;;;1.9;6.7;6.8;24.1;;;;;;;;;;;;;;;;217;;
STK;10.02.1996 00:00;;;;;;;;;;;;;;0.7;3;2.5;10.8;;;;;;;;;;;;;;;;135;;
STK;11.02.1996 00:00;;;;;;;;;;;;;;1.7;10.1;6.1;36.4;;;;;;;;;;;;;;;;231;;
STK;12.02.1996 00:00;;;;;;;;;;;;;;2.4;15.2;8.6;54.7;;;;;;;;;;;;;;;;208;;
STK;13.02.1996 00:00;;;;;;;;;;;;;;7.8;22.2;28.1;79.9;;;;;;;;;;;;;;;;230;;
STK;14.02.1996 00:00;;;;;;;;;;;;;;1.5;5.5;5.4;19.8;;;;;;;;;;;;;;;;323;;
STK;15.02.1996 00:00;;;;;;;;;;;;;;2.1;7.8;7.6;28.1;;;;;;;;;;;;;;;;50;;
STK;16.02.1996 00:00;;;;;;;;;;;;;;5.4;16;19.4;57.6;;;;;;;;;;;;;;;;224;;
STK;17.02.1996 00:00;;;;;;;;;;;;;;6.9;17.3;24.8;62.3;;;;;;;;;;;;;;;;235;;
STK;18.02.1996 00:00;;;;;;;;;;;;;;7.4;22.1;26.6;79.6;;;;;;;;;;;;;;;;223;;
STK;19.02.1996 00:00;;;;;;;;;;;;;;3.5;12.8;12.6;46.1;;;;;;;;;;;;;;;;230;;
STK;20.02.1996 00:00;;;;;;;;;;;;;;4.7;11.3;16.9;40.7;;;;;;;;;;;;;;;;270;;
STK;21.02.1996 00:00;;;;;;;;;;;;;;7.9;16.5;28.4;59.4;;;;;;;;;;;;;;;;44;;
STK;22.02.1996 00:00;;;;;;;;;;;;;;2.8;6.7;10.1;24.1;;;;;;;;;;;;;;;;252;;
STK;23.02.1996 00:00;;;;;;;;;;;;;;1.3;5.7;4.7;20.5;;;;;;;;;;;;;;;;169;;
STK;24.02.1996 00:00;;;;;;;;;;;;;;1.4;5.6;5;20.2;;;;;;;;;;;;;;;;215;;
STK;25.02.1996 00:00;;;;;;;;;;;;;;0.8;2.6;2.9;9.4;;;;;;;;;;;;;;;;135;;
STK;26.02.1996 00:00;;;;;;;;;;;;;;0.7;3.1;2.5;11.2;;;;;;;;;;;;;;;;198;;
STK;27.02.1996 00:00;;;;;;;;;;;;;;0.8;2.6;2.9;9.4;;;;;;;;;;;;;;;;198;;
STK;28.02.1996 00:00;;;;;;;;;;;;;;0.9;3.6;3.2;13;;;;;;;;;;;;;;;;72;;
STK;29.02.1996 00:00;;;;;;;;;;;;;;1.4;4.2;5;15.1;;;;;;;;;;;;;;;;225;;
STK;01.03.1996 00:00;;;;;;;;;;;;;;2.2;7.6;7.9;27.4;;;;;;;;;;;;;;;;235;;
STK;02.03.1996 00:00;;;;;;;;;;;;;;1.2;4.3;4.3;15.5;;;;;;;;;;;;;;;;63;;
STK;03.03.1996 00:00;;;;;;;;;;;;;;1.5;6.7;5.4;24.1;;;;;;;;;;;;;;;;72;;
STK;04.03.1996 00:00;;;;;;;;;;;;;;1;3.8;3.6;13.7;;;;;;;;;;;;;;;;53;;
STK;05.03.1996 00:00;;;;;;;;;;;;;;1.5;5.1;5.4;18.4;;;;;;;;;;;;;;;;222;;
STK;06.03.1996 00:00;;;;;;;;;;;;;;1.8;5.2;6.5;18.7;;;;;;;;;;;;;;;;53;;
STK;07.03.1996 00:00;;;;;;;;;;;;;;2.8;8.5;10.1;30.6;;;;;;;;;;;;;;;;50;;
STK;08.03.1996 00:00;;;;;;;;;;;;;;0.9;4.2;3.2;15.1;;;;;;;;;;;;;;;;51;;
STK;09.03.1996 00:00;;;;;;;;;;;;;;1.6;6;5.8;21.6;;;;;;;;;;;;;;;;45;;
STK;10.03.1996 00:00;;;;;;;;;;;;;;4.6;11.2;16.6;40.3;;;;;;;;;;;;;;;;56;;
STK;11.03.1996 00:00;;;;;;;;;;;;;;2.6;9.6;9.4;34.6;;;;;;;;;;;;;;;;52;;
STK;12.03.1996 00:00;;;;;;;;;;;;;;4.7;10.7;16.9;38.5;;;;;;;;;;;;;;;;50;;
STK;13.03.1996 00:00;;;;;;;;;;;;;;2.9;9.2;10.4;33.1;;;;;;;;;;;;;;;;58;;
STK;14.03.1996 00:00;;;;;;;;;;;;;;1.3;5.3;4.7;19.1;;;;;;;;;;;;;;;;52;;
STK;15.03.1996 00:00;;;;;;;;;;;;;;1.5;6.2;5.4;22.3;;;;;;;;;;;;;;;;54;;
STK;16.03.1996 00:00;;;;;;;;;;;;;;0.9;3.5;3.2;12.6;;;;;;;;;;;;;;;;72;;
STK;17.03.1996 00:00;;;;;;;;;;;;;;0.6;2.7;2.2;9.7;;;;;;;;;;;;;;;;90;;
STK;18.03.1996 00:00;;;;;;;;;;;;;;0.8;3.3;2.9;11.9;;;;;;;;;;;;;;;;68;;
STK;19.03.1996 00:00;;;;;;;;;;;;;;1;3.3;3.6;11.9;;;;;;;;;;;;;;;;135;;
STK;20.03.1996 00:00;;;;;;;;;;;;;;1.1;9.3;4;33.5;;;;;;;;;;;;;;;;135;;
STK;21.03.1996 00:00;;;;;;;;;;;;;;2.6;13.2;9.4;47.5;;;;;;;;;;;;;;;;217;;
STK;22.03.1996 00:00;;;;;;;;;;;;;;3.4;10.1;12.2;36.4;;;;;;;;;;;;;;;;226;;
STK;23.03.1996 00:00;;;;;;;;;;;;;;1;4.8;3.6;17.3;;;;;;;;;;;;;;;;60;;
STK;24.03.1996 00:00;;;;;;;;;;;;;;1.3;5.1;4.7;18.4;;;;;;;;;;;;;;;;63;;
STK;25.03.1996 00:00;;;;;;;;;;;;;;0.8;3.7;2.9;13.3;;;;;;;;;;;;;;;;56;;
STK;26.03.1996 00:00;;;;;;;;;;;;;;2.7;15.2;9.7;54.7;;;;;;;;;;;;;;;;232;;
STK;27.03.1996 00:00;;;;;;;;;;;;;;6;12.6;21.6;45.4;;;;;;;;;;;;;;;;46;;
STK;28.03.1996 00:00;;;;;;;;;;;;;;2.4;8.2;8.6;29.5;;;;;;;;;;;;;;;;276;;
STK;29.03.1996 00:00;;;;;;;;;;;;;;5.1;15.7;18.4;56.5;;;;;;;;;;;;;;;;250;;
STK;30.03.1996 00:00;;;;;;;;;;;;;;2.7;12.3;9.7;44.3;;;;;;;;;;;;;;;;229;;
STK;31.03.1996 00:00;;;;;;;;;;;;;;3.1;8.2;11.2;29.5;;;;;;;;;;;;;;;;242;;
STK;01.04.1996 00:00;;;;;;;;;;;;;;3.6;12.6;13;45.4;;;;;;;;;;;;;;;;56;;
STK;02.04.1996 00:00;;;;;;;;;;;;;;4.7;11.1;16.9;40;;;;;;;;;;;;;;;;50;;
STK;03.04.1996 00:00;;;;;;;;;;;;;;7.1;14.1;25.6;50.8;;;;;;;;;;;;;;;;48;;
STK;04.04.1996 00:00;;;;;;;;;;;;;;3.4;7.6;12.2;27.4;;;;;;;;;;;;;;;;51;;
STK;05.04.1996 00:00;;;;;;;;;;;;;;2.1;7.3;7.6;26.3;;;;;;;;;;;;;;;;62;;
STK;06.04.1996 00:00;;;;;;;;;;;;;;1.3;4.2;4.7;15.1;;;;;;;;;;;;;;;;63;;
STK;07.04.1996 00:00;;;;;;;;;;;;;;0.8;3.1;2.9;11.2;;;;;;;;;;;;;;;;90;;
STK;08.04.1996 00:00;;;;;;;;;;;;;;1.3;9.3;4.7;33.5;;;;;;;;;;;;;;;;360;;
STK;09.04.1996 00:00;;;;;;;;;;;;;;0.9;3.6;3.2;13;;;;;;;;;;;;;;;;90;;
STK;10.04.1996 00:00;;;;;;;;;;;;;;1.1;3.8;4;13.7;;;;;;;;;;;;;;;;90;;
STK;11.04.1996 00:00;;;;;;;;;;;;;;1.6;7.3;5.8;26.3;;;;;;;;;;;;;;;;231;;
STK;12.04.1996 00:00;;;;;;;;;;;;;;2.4;8.3;8.6;29.9;;;;;;;;;;;;;;;;146;;
STK;13.04.1996 00:00;;;;;;;;;;;;;;1.8;6.3;6.5;22.7;;;;;;;;;;;;;;;;45;;
STK;14.04.1996 00:00;;;;;;;;;;;;;;2.5;9.5;9;34.2;;;;;;;;;;;;;;;;59;;
STK;15.04.1996 00:00;;;;;;;;;;;;;;1.1;5.5;4;19.8;;;;;;;;;;;;;;;;72;;
STK;16.04.1996 00:00;;;;;;;;;;;;;;2.3;8;8.3;28.8;;;;;;;;;;;;;;;;57;;
STK;17.04.1996 00:00;;;;;;;;;;;;;;2.1;8;7.6;28.8;;;;;;;;;;;;;;;;214;;
STK;18.04.1996 00:00;;;;;;;;;;;;;;2;6.5;7.2;23.4;;;;;;;;;;;;;;;;228;;
STK;19.04.1996 00:00;;;;;;;;;;;;;;1.2;3.6;4.3;13;;;;;;;;;;;;;;;;90;;
STK;20.04.1996 00:00;;;;;;;;;;;;;;1.4;4.1;5;14.8;;;;;;;;;;;;;;;;81;;
STK;21.04.1996 00:00;;;;;;;;;;;;;;1.5;7.7;5.4;27.7;;;;;;;;;;;;;;;;124;;
STK;22.04.1996 00:00;;;;;;;;;;;;;;2.2;9.5;7.9;34.2;;;;;;;;;;;;;;;;72;;
STK;23.04.1996 00:00;;;;;;;;;;;;;;3.1;12.5;11.2;45;;;;;;;;;;;;;;;;232;;
STK;24.04.1996 00:00;;;;;;;;;;;;;;3.5;10.1;12.6;36.4;;;;;;;;;;;;;;;;236;;
STK;25.04.1996 00:00;;;;;;;;;;;;;;1.5;6.3;5.4;22.7;;;;;;;;;;;;;;;;59;;
STK;26.04.1996 00:00;;;;;;;;;;;;;;3.1;10.5;11.2;37.8;;;;;;;;;;;;;;;;62;;
STK;27.04.1996 00:00;;;;;;;;;;;;;;2.2;8.6;7.9;31;;;;;;;;;;;;;;;;66;;
STK;28.04.1996 00:00;;;;;;;;;;;;;;2;10.5;7.2;37.8;;;;;;;;;;;;;;;;247;;
STK;29.04.1996 00:00;;;;;;;;;;;;;;1.3;4.8;4.7;17.3;;;;;;;;;;;;;;;;45;;
STK;30.04.1996 00:00;;;;;;;;;;;;;;1.7;6.5;6.1;23.4;;;;;;;;;;;;;;;;238;;
STK;01.05.1996 00:00;;;;;;;;;;;;;;1.8;15.1;6.5;54.4;;;;;;;;;;;;;;;;270;;
STK;02.05.1996 00:00;;;;;;;;;;;;;;4.1;18.8;14.8;67.7;;;;;;;;;;;;;;;;232;;
STK;03.05.1996 00:00;;;;;;;;;;;;;;2.8;11.2;10.1;40.3;;;;;;;;;;;;;;;;222;;
STK;04.05.1996 00:00;;;;;;;;;;;;;;4.2;11.3;15.1;40.7;;;;;;;;;;;;;;;;233;;
STK;05.05.1996 00:00;;;;;;;;;;;;;;1.4;4.1;5;14.8;;;;;;;;;;;;;;;;45;;
STK;06.05.1996 00:00;;;;;;;;;;;;;;1.4;3.6;5;13;;;;;;;;;;;;;;;;81;;
STK;07.05.1996 00:00;;;;;;;;;;;;;;1.8;9.3;6.5;33.5;;;;;;;;;;;;;;;;22;;
STK;08.05.1996 00:00;;;;;;;;;;;;;;2.1;8.7;7.6;31.3;;;;;;;;;;;;;;;;32;;
STK;09.05.1996 00:00;;;;;;;;;;;;;;3.4;7.7;12.2;27.7;;;;;;;;;;;;;;;;13;;
STK;10.05.1996 00:00;;;;;;;;;;;;;;3.5;6.8;12.6;24.5;;;;;;;;;;;;;;;;45;;
STK;11.05.1996 00:00;;;;;;;;;;;;;;2.3;7.1;8.3;25.6;;;;;;;;;;;;;;;;47;;
STK;12.05.1996 00:00;;;;;;;;;;;;;;2;10;7.2;36;;;;;;;;;;;;;;;;36;;
STK;13.05.1996 00:00;;;;;;;;;;;;;;1;4.3;3.6;15.5;;;;;;;;;;;;;;;;259;;
STK;14.05.1996 00:00;;;;;;;;;;;;;;1.7;7.7;6.1;27.7;;;;;;;;;;;;;;;;58;;
STK;15.05.1996 00:00;;;;;;;;;;;;;;0.9;3.6;3.2;13;;;;;;;;;;;;;;;;45;;
STK;16.05.1996 00:00;;;;;;;;;;;;;;1.5;11.2;5.4;40.3;;;;;;;;;;;;;;;;54;;
STK;17.05.1996 00:00;;;;;;;;;;;;;;1.6;6.8;5.8;24.5;;;;;;;;;;;;;;;;108;;
STK;18.05.1996 00:00;;;;;;;;;;;;;;2.3;9.2;8.3;33.1;;;;;;;;;;;;;;;;225;;
STK;19.05.1996 00:00;;;;;;;;;;;;;;3.5;15.6;12.6;56.2;;;;;;;;;;;;;;;;236;;
STK;20.05.1996 00:00;;;;;;;;;;;;;;2;11.6;7.2;41.8;;;;;;;;;;;;;;;;225;;
STK;21.05.1996 00:00;;;;;;;;;;;;;;3.6;16;13;57.6;;;;;;;;;;;;;;;;228;;
STK;22.05.1996 00:00;;;;;;;;;;;;;;2.8;9.8;10.1;35.3;;;;;;;;;;;;;;;;234;;
STK;23.05.1996 00:00;;;;;;;;;;;;;;2.8;11;10.1;39.6;;;;;;;;;;;;;;;;231;;
STK;24.05.1996 00:00;;;;;;;;;;;;;;1.6;12.3;5.8;44.3;;;;;;;;;;;;;;;;231;;
STK;25.05.1996 00:00;;;;;;;;;;;;;;4.6;15.6;16.6;56.2;;;;;;;;;;;;;;;;230;;
STK;26.05.1996 00:00;;;;;;;;;;;;;;5.1;13.6;18.4;49;;;;;;;;;;;;;;;;232;;
STK;27.05.1996 00:00;;;;;;;;;;;;;;8.4;22.1;30.2;79.6;;;;;;;;;;;;;;;;239;;
STK;28.05.1996 00:00;;;;;;;;;;;;;;3.1;11.8;11.2;42.5;;;;;;;;;;;;;;;;270;;
STK;29.05.1996 00:00;;;;;;;;;;;;;;1.3;3.6;4.7;13;;;;;;;;;;;;;;;;60;;
STK;30.05.1996 00:00;;;;;;;;;;;;;;1.3;4.2;4.7;15.1;;;;;;;;;;;;;;;;63;;
STK;31.05.1996 00:00;;;;;;;;;;;;;;1.3;4.3;4.7;15.5;;;;;;;;;;;;;;;;207;;
STK;01.06.1996 00:00;;;;;;;;;;;;;;3.2;11;11.5;39.6;;;;;;;;;;;;;;;;262;;
STK;02.06.1996 00:00;;;;;;;;;;;;;;2.5;9.2;9;33.1;;;;;;;;;;;;;;;;356;;
STK;03.06.1996 00:00;;;;;;;;;;;;;;1.6;7.8;5.8;28.1;;;;;;;;;;;;;;;;38;;
STK;04.06.1996 00:00;;;;;;;;;;;;;;2.5;7.8;9;28.1;;;;;;;;;;;;;;;;56;;
STK;05.06.1996 00:00;;;;;;;;;;;;;;1.4;6.7;5;24.1;;;;;;;;;;;;;;;;56;;
STK;06.06.1996 00:00;;;;;;;;;;;;;;1.2;3.5;4.3;12.6;;;;;;;;;;;;;;;;74;;
STK;07.06.1996 00:00;;;;;;;;;;;;;;1.4;13.2;5;47.5;;;;;;;;;;;;;;;;108;;
STK;08.06.1996 00:00;;;;;;;;;;;;;;2.6;14.2;9.4;51.1;;;;;;;;;;;;;;;;246;;
STK;09.06.1996 00:00;;;;;;;;;;;;;;1.6;9.5;5.8;34.2;;;;;;;;;;;;;;;;230;;
STK;10.06.1996 00:00;;;;;;;;;;;;;;1.8;10.2;6.5;36.7;;;;;;;;;;;;;;;;30;;
STK;11.06.1996 00:00;;;;;;;;;;;;;;1.4;5.1;5;18.4;;;;;;;;;;;;;;;;79;;
STK;12.06.1996 00:00;;;;;;;;;;;;;;2.1;8.3;7.6;29.9;;;;;;;;;;;;;;;;354;;
STK;13.06.1996 00:00;;;;;;;;;;;;;;4.5;10.8;16.2;38.9;;;;;;;;;;;;;;;;37;;
STK;14.06.1996 00:00;;;;;;;;;;;;;;5.2;11.2;18.7;40.3;;;;;;;;;;;;;;;;52;;
STK;15.06.1996 00:00;;;;;;;;;;;;;;3.8;8.7;13.7;31.3;;;;;;;;;;;;;;;;48;;
STK;16.06.1996 00:00;;;;;;;;;;;;;;2.2;8.3;7.9;29.9;;;;;;;;;;;;;;;;54;;
STK;17.06.1996 00:00;;;;;;;;;;;;;;1.1;3.5;4;12.6;;;;;;;;;;;;;;;;56;;
STK;18.06.1996 00:00;;;;;;;;;;;;;;3.9;13.1;14;47.2;;;;;;;;;;;;;;;;240;;
STK;19.06.1996 00:00;;;;;;;;;;;;;;5.8;17.8;20.9;64.1;;;;;;;;;;;;;;;;249;;
STK;20.06.1996 00:00;;;;;;;;;;;;;;2.7;12.1;9.7;43.6;;;;;;;;;;;;;;;;235;;
STK;21.06.1996 00:00;;;;;;;;;;;;;;1.5;6.7;5.4;24.1;;;;;;;;;;;;;;;;210;;
STK;22.06.1996 00:00;;;;;;;;;;;;;;2.9;10.3;10.4;37.1;;;;;;;;;;;;;;;;280;;
STK;23.06.1996 00:00;;;;;;;;;;;;;;2.7;11.1;9.7;40;;;;;;;;;;;;;;;;238;;
STK;24.06.1996 00:00;;;;;;;;;;;;;;2.2;7.2;7.9;25.9;;;;;;;;;;;;;;;;27;;
STK;25.06.1996 00:00;;;;;;;;;;;;;;2.6;7.7;9.4;27.7;;;;;;;;;;;;;;;;29;;
STK;26.06.1996 00:00;;;;;;;;;;;;;;1.5;6.7;5.4;24.1;;;;;;;;;;;;;;;;360;;
STK;27.06.1996 00:00;;;;;;;;;;;;;;2.2;6.1;7.9;22;;;;;;;;;;;;;;;;231;;
STK;28.06.1996 00:00;;;;;;;;;;;;;;2.3;6.1;8.3;22;;;;;;;;;;;;;;;;236;;
STK;29.06.1996 00:00;;;;;;;;;;;;;;6.2;20.3;22.3;73.1;;;;;;;;;;;;;;;;248;;
STK;30.06.1996 00:00;;;;;;;;;;;;;;5.2;14.3;18.7;51.5;;;;;;;;;;;;;;;;241;;
STK;01.07.1996 00:00;;;;;;;;;;;;;;4.4;15.6;15.8;56.2;;;;;;;;;;;;;;;;231;;
STK;02.07.1996 00:00;;;;;;;;;;;;;;3.7;9.5;13.3;34.2;;;;;;;;;;;;;;;;227;;
STK;03.07.1996 00:00;;;;;;;;;;;;;;1.6;7.1;5.8;25.6;;;;;;;;;;;;;;;;207;;
STK;04.07.1996 00:00;;;;;;;;;;;;;;5.4;16.6;19.4;59.8;;;;;;;;;;;;;;;;227;;
STK;05.07.1996 00:00;;;;;;;;;;;;;;3.2;18.3;11.5;65.9;;;;;;;;;;;;;;;;234;;
STK;06.07.1996 00:00;;;;;;;;;;;;;;4.7;16.2;16.9;58.3;;;;;;;;;;;;;;;;234;;
STK;07.07.1996 00:00;;;;;;;;;;;;;;3.6;12.8;13;46.1;;;;;;;;;;;;;;;;46;;
STK;08.07.1996 00:00;;;;;;;;;;;;;;3.5;11.1;12.6;40;;;;;;;;;;;;;;;;246;;
STK;09.07.1996 00:00;;;;;;;;;;;;;;4.4;13.7;15.8;49.3;;;;;;;;;;;;;;;;235;;
STK;10.07.1996 00:00;;;;;;;;;;;;;;4.9;14.8;17.6;53.3;;;;;;;;;;;;;;;;227;;
STK;11.07.1996 00:00;;;;;;;;;;;;;;1.2;3.6;4.3;13;;;;;;;;;;;;;;;;72;;
STK;12.07.1996 00:00;;;;;;;;;;;;;;1.4;3.5;5;12.6;;;;;;;;;;;;;;;;90;;
STK;13.07.1996 00:00;;;;;;;;;;;;;;1.5;4.5;5.4;16.2;;;;;;;;;;;;;;;;117;;
STK;14.07.1996 00:00;;;;;;;;;;;;;;1.4;5.1;5;18.4;;;;;;;;;;;;;;;;59;;
STK;15.07.1996 00:00;;;;;;;;;;;;;;1.5;6;5.4;21.6;;;;;;;;;;;;;;;;49;;
STK;16.07.1996 00:00;;;;;;;;;;;;;;4.9;10.6;17.6;38.2;;;;;;;;;;;;;;;;55;;
STK;17.07.1996 00:00;;;;;;;;;;;;;;3.2;9.5;11.5;34.2;;;;;;;;;;;;;;;;48;;
STK;18.07.1996 00:00;;;;;;;;;;;;;;1.7;8;6.1;28.8;;;;;;;;;;;;;;;;60;;
STK;19.07.1996 00:00;;;;;;;;;;;;;;3.3;9.3;11.9;33.5;;;;;;;;;;;;;;;;48;;
STK;20.07.1996 00:00;;;;;;;;;;;;;;3.4;10.7;12.2;38.5;;;;;;;;;;;;;;;;47;;
STK;21.07.1996 00:00;;;;;;;;;;;;;;1.5;6.1;5.4;22;;;;;;;;;;;;;;;;61;;
STK;22.07.1996 00:00;;;;;;;;;;;;;;1.4;6.7;5;24.1;;;;;;;;;;;;;;;;63;;
STK;23.07.1996 00:00;;;;;;;;;;;;;;2.8;13.2;10.1;47.5;;;;;;;;;;;;;;;;217;;
STK;24.07.1996 00:00;;;;;;;;;;;;;;6.2;18;22.3;64.8;;;;;;;;;;;;;;;;246;;
STK;25.07.1996 00:00;;;;;;;;;;;;;;3.4;10.7;12.2;38.5;;;;;;;;;;;;;;;;248;;
STK;26.07.1996 00:00;;;;;;;;;;;;;;2.9;7.7;10.4;27.7;;;;;;;;;;;;;;;;53;;
STK;27.07.1996 00:00;;;;;;;;;;;;;;1.6;14.2;5.8;51.1;;;;;;;;;;;;;;;;211;;
STK;28.07.1996 00:00;;;;;;;;;;;;;;2.1;13.2;7.6;47.5;;;;;;;;;;;;;;;;153;;
STK;29.07.1996 00:00;;;;;;;;;;;;;;1.7;3.8;6.1;13.7;;;;;;;;;;;;;;;;90;;
STK;30.07.1996 00:00;;;;;;;;;;;;;;2.2;11.2;7.9;40.3;;;;;;;;;;;;;;;;230;;
STK;31.07.1996 00:00;;;;;;;;;;;;;;1;3.7;3.6;13.3;;;;;;;;;;;;;;;;236;;
STK;01.08.1996 00:00;;;;;;;;;;;;;;1.5;5.3;5.4;19.1;;;;;;;;;;;;;;;;210;;
STK;02.08.1996 00:00;;;;;;;;;;;;;;2.1;12.7;7.6;45.7;;;;;;;;;;;;;;;;256;;
STK;03.08.1996 00:00;;;;;;;;;;;;;;1.1;5.1;4;18.4;;;;;;;;;;;;;;;;194;;
STK;04.08.1996 00:00;;;;;;;;;;;;;;4.3;11.8;15.5;42.5;;;;;;;;;;;;;;;;58;;
STK;05.08.1996 00:00;;;;;;;;;;;;;;1.7;6.8;6.1;24.5;;;;;;;;;;;;;;;;63;;
STK;06.08.1996 00:00;;;;;;;;;;;;;;1.4;4.8;5;17.3;;;;;;;;;;;;;;;;79;;
STK;07.08.1996 00:00;;;;;;;;;;;;;;1.7;5.8;5.8;20.9;;;;;;;;;;;;;;;;225;;
STK;08.08.1996 00:00;;;;;;;;;;;;;;1.3;4.7;4.7;16.9;;;;;;;;;;;;;;;;37;;
STK;10.08.1996 00:00;;;;;;;;;;;;;;0.7;3.8;2.5;13.7;;;;;;;;;;;;;;;;90;;
STK;11.08.1996 00:00;;;;;;;;;;;;;;0;0;0;0;;;;;;;;;;;;;;;;0;;
STK;12.08.1996 00:00;;;;;;;;;;;;;;0;0;0;0;;;;;;;;;;;;;;;;0;;
STK;13.08.1996 00:00;;;;;;;;;;;;;;0;0;0;0;;;;;;;;;;;;;;;;0;;
STK;14.08.1996 00:00;;;;;;;;;;;;;;3;10.1;10.8;36.4;;;;;;;;;;;;;;;;235;;
STK;15.08.1996 00:00;;;;;;;;;;;;;;1.4;9.1;5;32.8;;;;;;;;;;;;;;;;198;;
STK;16.08.1996 00:00;;;;;;;;;;;;;;1.3;4;4.7;14.4;;;;;;;;;;;;;;;;79;;
STK;17.08.1996 00:00;;;;;;;;;;;;;;1.6;6.7;5.8;24.1;;;;;;;;;;;;;;;;60;;
STK;18.08.1996 00:00;;;;;;;;;;;;;;2.7;10.5;9.4;37.8;;;;;;;;;;;;;;;;60;;
STK;19.08.1996 00:00;;;;;;;;;;;;;;1.2;3.3;4.3;11.9;;;;;;;;;;;;;;;;79;;
STK;20.08.1996 00:00;;;;;;;;;;;;;;1.1;6.8;4;24.5;;;;;;;;;;;;;;;;198;;
STK;21.08.1996 00:00;;;;;;;;;;;;;;1.3;6.2;4.7;22.3;;;;;;;;;;;;;;;;229;;
STK;22.08.1996 00:00;;;;;;;;;;;;;;2.9;8.3;10.4;29.9;;;;;;;;;;;;;;;;235;;
STK;23.08.1996 00:00;;;;;;;;;;;;;;1.4;4.2;5;15.1;;;;;;;;;;;;;;;;146;;
STK;24.08.1996 00:00;;;;;;;;;;;;;;2.2;7.1;7.9;25.6;;;;;;;;;;;;;;;;229;;
STK;25.08.1996 00:00;;;;;;;;;;;;;;2.4;8.7;8.6;31.3;;;;;;;;;;;;;;;;227;;
STK;26.08.1996 00:00;;;;;;;;;;;;;;1.4;6.6;5;23.8;;;;;;;;;;;;;;;;164;;
STK;27.08.1996 00:00;;;;;;;;;;;;;;2;5.8;7.2;20.9;;;;;;;;;;;;;;;;225;;
STK;28.08.1996 00:00;;;;;;;;;;;;;;5.6;13.7;20.2;49.3;;;;;;;;;;;;;;;;235;;
STK;29.08.1996 00:00;;;;;;;;;;;;;;3.3;14.7;11.9;52.9;;;;;;;;;;;;;;;;238;;
STK;30.08.1996 00:00;;;;;;;;;;;;;;3.1;8.8;11.2;31.7;;;;;;;;;;;;;;;;232;;
STK;31.08.1996 00:00;;;;;;;;;;;;;;1.3;5.3;4.7;19.1;;;;;;;;;;;;;;;;270;;
STK;01.09.1996 00:00;;;;;;;;;;;;;;2.2;9.2;7.9;33.1;;;;;;;;;;;;;;;;35;;
STK;02.09.1996 00:00;;;;;;;;;;;;;;7.4;15.8;26.6;56.9;;;;;;;;;;;;;;;;61;;
STK;03.09.1996 00:00;;;;;;;;;;;;;;7.4;14.3;26.6;51.5;;;;;;;;;;;;;;;;60;;
STK;04.09.1996 00:00;;;;;;;;;;;;;;4.2;12.1;15.1;43.6;;;;;;;;;;;;;;;;67;;
STK;05.09.1996 00:00;;;;;;;;;;;;;;1.2;5.1;4.3;18.4;;;;;;;;;;;;;;;;104;;
STK;06.09.1996 00:00;;;;;;;;;;;;;;1.5;6.5;5.4;23.4;;;;;;;;;;;;;;;;72;;
STK;07.09.1996 00:00;;;;;;;;;;;;;;2.3;8.7;8.3;31.3;;;;;;;;;;;;;;;;63;;
STK;08.09.1996 00:00;;;;;;;;;;;;;;3.2;11.6;11.5;41.8;;;;;;;;;;;;;;;;69;;
STK;09.09.1996 00:00;;;;;;;;;;;;;;3.2;8.1;11.5;29.2;;;;;;;;;;;;;;;;51;;
STK;10.09.1996 00:00;;;;;;;;;;;;;;1.3;3.6;4.7;13;;;;;;;;;;;;;;;;166;;
STK;11.09.1996 00:00;;;;;;;;;;;;;;1.5;4.5;5.4;16.2;;;;;;;;;;;;;;;;135;;
STK;12.09.1996 00:00;;;;;;;;;;;;;;5.1;13.3;18.4;47.9;;;;;;;;;;;;;;;;244;;
STK;13.09.1996 00:00;;;;;;;;;;;;;;6.8;15;24.5;54;;;;;;;;;;;;;;;;249;;
STK;14.09.1996 00:00;;;;;;;;;;;;;;5.7;12.8;20.5;46.1;;;;;;;;;;;;;;;;242;;
STK;15.09.1996 00:00;;;;;;;;;;;;;;2.2;7.8;7.9;28.1;;;;;;;;;;;;;;;;49;;
STK;16.09.1996 00:00;;;;;;;;;;;;;;3.6;10.8;13;38.9;;;;;;;;;;;;;;;;58;;
STK;17.09.1996 00:00;;;;;;;;;;;;;;3.1;11;11.2;39.6;;;;;;;;;;;;;;;;61;;
STK;18.09.1996 00:00;;;;;;;;;;;;;;3.6;10;13;36;;;;;;;;;;;;;;;;57;;
STK;19.09.1996 00:00;;;;;;;;;;;;;;1.7;6;6.1;21.6;;;;;;;;;;;;;;;;75;;
STK;20.09.1996 00:00;;;;;;;;;;;;;;1.6;6.5;5.8;23.4;;;;;;;;;;;;;;;;217;;
STK;21.09.1996 00:00;;;;;;;;;;;;;;1.1;5.5;4;19.8;;;;;;;;;;;;;;;;67;;
STK;22.09.1996 00:00;;;;;;;;;;;;;;1.5;6.5;5.4;23.4;;;;;;;;;;;;;;;;35;;
STK;23.09.1996 00:00;;;;;;;;;;;;;;3;8.8;10.8;31.7;;;;;;;;;;;;;;;;240;;
STK;24.09.1996 00:00;;;;;;;;;;;;;;3.1;8.3;11.2;29.9;;;;;;;;;;;;;;;;230;;
STK;25.09.1996 00:00;;;;;;;;;;;;;;1.3;4.8;4.7;17.3;;;;;;;;;;;;;;;;127;;
STK;26.09.1996 00:00;;;;;;;;;;;;;;1;4.1;3.6;14.8;;;;;;;;;;;;;;;;117;;
STK;27.09.1996 00:00;;;;;;;;;;;;;;2.5;12.7;9;45.7;;;;;;;;;;;;;;;;227;;
STK;28.09.1996 00:00;;;;;;;;;;;;;;2.7;11.5;9.7;41.4;;;;;;;;;;;;;;;;236;;
STK;29.09.1996 00:00;;;;;;;;;;;;;;0;0;0;0;;;;;;;;;;;;;;;;0;;
STK;02.10.1996 00:00;;;;;;;;;;;;;;2.8;13;10.1;46.8;;;;;;;;;;;;;;;;252;;
STK;03.10.1996 00:00;;;;;;;;;;;;;;1;2.7;3.6;9.7;;;;;;;;;;;;;;;;162;;
STK;04.10.1996 00:00;;;;;;;;;;;;;;2.4;7;8.6;25.2;;;;;;;;;;;;;;;;231;;
STK;05.10.1996 00:00;;;;;;;;;;;;;;1.5;9;5.4;32.4;;;;;;;;;;;;;;;;218;;
STK;06.10.1996 00:00;;;;;;;;;;;;;;3.8;11.7;13.7;42.1;;;;;;;;;;;;;;;;62;;
STK;07.10.1996 00:00;;;;;;;;;;;;;;3.1;7.8;11.2;28.1;;;;;;;;;;;;;;;;58;;
STK;08.10.1996 00:00;;;;;;;;;;;;;;0.6;2.5;2.2;9;;;;;;;;;;;;;;;;243;;
STK;09.10.1996 00:00;;;;;;;;;;;;;;0;0;0;0;;;;;;;;;;;;;;;;0;;
STK;10.10.1996 00:00;;;;;;;;;;;;;;0;0;0;0;;;;;;;;;;;;;;;;0;;
STK;11.10.1996 00:00;;;;;;;;;;;;;;0;0;0;0;;;;;;;;;;;;;;;;0;;
STK;12.10.1996 00:00;;;;;;;;;;;;;;0;0;0;0;;;;;;;;;;;;;;;;0;;
STK;13.10.1996 00:00;;;;;;;;;;;;;;0;0;0;0;;;;;;;;;;;;;;;;0;;
STK;14.10.1996 00:00;;;;;;;;;;;;;;0.5;2.2;1.8;7.9;;;;;;;;;;;;;;;;198;;
STK;15.10.1996 00:00;;;;;;;;;;;;;;1;3.3;3.6;11.9;;;;;;;;;;;;;;;;207;;
STK;16.10.1996 00:00;;;;;;;;;;;;;;2.6;7.3;9.4;26.3;;;;;;;;;;;;;;;;238;;
STK;17.10.1996 00:00;;;;;;;;;;;;;;1.3;5.2;4.7;18.7;;;;;;;;;;;;;;;;229;;
STK;18.10.1996 00:00;;;;;;;;;;;;;;1.5;6.3;5.4;22.7;;;;;;;;;;;;;;;;194;;
STK;19.10.1996 00:00;;;;;;;;;;;;;;5.2;13.6;18.7;49;;;;;;;;;;;;;;;;237;;
STK;20.10.1996 00:00;;;;;;;;;;;;;;4;11.2;14.4;40.3;;;;;;;;;;;;;;;;230;;
STK;21.10.1996 00:00;;;;;;;;;;;;;;5.3;14.8;19.1;53.3;;;;;;;;;;;;;;;;230;;
STK;22.10.1996 00:00;;;;;;;;;;;;;;1;4.2;3.6;15.1;;;;;;;;;;;;;;;;63;;
STK;23.10.1996 00:00;;;;;;;;;;;;;;1.2;4.8;4.3;17.3;;;;;;;;;;;;;;;;50;;
STK;24.10.1996 00:00;;;;;;;;;;;;;;1.4;4.5;5;16.2;;;;;;;;;;;;;;;;32;;
STK;25.10.1996 00:00;;;;;;;;;;;;;;1.1;2.8;4;10.1;;;;;;;;;;;;;;;;45;;
STK;26.10.1996 00:00;;;;;;;;;;;;;;1.5;7;5.4;25.2;;;;;;;;;;;;;;;;225;;
STK;27.10.1996 00:00;;;;;;;;;;;;;;1.1;3.8;4;13.7;;;;;;;;;;;;;;;;180;;
STK;28.10.1996 00:00;;;;;;;;;;;;;;3.6;16.8;13;60.5;;;;;;;;;;;;;;;;229;;
STK;29.10.1996 00:00;;;;;;;;;;;;;;9.6;23.6;34.6;85;;;;;;;;;;;;;;;;240;;
STK;30.10.1996 00:00;;;;;;;;;;;;;;3.7;11.5;13.3;41.4;;;;;;;;;;;;;;;;245;;
STK;31.10.1996 00:00;;;;;;;;;;;;;;2;10.1;7.2;36.4;;;;;;;;;;;;;;;;227;;
STK;01.11.1996 00:00;;;;;;;;;;;;;;6.8;15.5;24.5;55.8;;;;;;;;;;;;;;;;233;;
STK;02.11.1996 00:00;;;;;;;;;;;;;;1.7;8.6;6.1;31;;;;;;;;;;;;;;;;247;;
STK;03.11.1996 00:00;;;;;;;;;;;;;;1.2;4.1;4.3;14.8;;;;;;;;;;;;;;;;207;;
STK;04.11.1996 00:00;;;;;;;;;;;;;;0.8;3.6;2.9;13;;;;;;;;;;;;;;;;90;;
STK;05.11.1996 00:00;;;;;;;;;;;;;;5.4;15.2;19.4;54.7;;;;;;;;;;;;;;;;235;;
STK;06.11.1996 00:00;;;;;;;;;;;;;;6.3;16.5;22.7;59.4;;;;;;;;;;;;;;;;232;;
STK;07.11.1996 00:00;;;;;;;;;;;;;;8;27;28.8;97.2;;;;;;;;;;;;;;;;234;;
STK;08.11.1996 00:00;;;;;;;;;;;;;;4.5;13.3;16.2;47.9;;;;;;;;;;;;;;;;242;;
STK;09.11.1996 00:00;;;;;;;;;;;;;;1.8;5.6;6.5;20.2;;;;;;;;;;;;;;;;225;;
STK;10.11.1996 00:00;;;;;;;;;;;;;;1;4.8;3.6;17.3;;;;;;;;;;;;;;;;90;;
STK;11.11.1996 00:00;;;;;;;;;;;;;;1;6.3;3.6;22.7;;;;;;;;;;;;;;;;72;;
STK;12.11.1996 00:00;;;;;;;;;;;;;;2.1;13.2;7.6;47.5;;;;;;;;;;;;;;;;225;;
STK;13.11.1996 00:00;;;;;;;;;;;;;;3;13;10.8;46.8;;;;;;;;;;;;;;;;229;;
STK;14.11.1996 00:00;;;;;;;;;;;;;;4.8;12.6;17.3;45.4;;;;;;;;;;;;;;;;58;;
STK;15.11.1996 00:00;;;;;;;;;;;;;;3.6;13.7;13;49.3;;;;;;;;;;;;;;;;64;;
STK;16.11.1996 00:00;;;;;;;;;;;;;;1.8;5.2;6.5;18.7;;;;;;;;;;;;;;;;28;;
STK;17.11.1996 00:00;;;;;;;;;;;;;;1.6;4.2;5.8;15.1;;;;;;;;;;;;;;;;355;;
STK;18.11.1996 00:00;;;;;;;;;;;;;;5.1;16.5;18.4;59.4;;;;;;;;;;;;;;;;251;;
STK;19.11.1996 00:00;;;;;;;;;;;;;;4.5;17;16.2;61.2;;;;;;;;;;;;;;;;228;;
STK;20.11.1996 00:00;;;;;;;;;;;;;;8.1;23.6;29.2;85;;;;;;;;;;;;;;;;232;;
STK;21.11.1996 00:00;;;;;;;;;;;;;;6;18.2;21.6;65.5;;;;;;;;;;;;;;;;235;;
STK;22.11.1996 00:00;;;;;;;;;;;;;;1.6;6.2;5.8;22.3;;;;;;;;;;;;;;;;27;;
STK;23.11.1996 00:00;;;;;;;;;;;;;;3.4;8;12.2;28.8;;;;;;;;;;;;;;;;234;;
STK;24.11.1996 00:00;;;;;;;;;;;;;;3.4;9.7;12.2;34.9;;;;;;;;;;;;;;;;232;;
STK;25.11.1996 00:00;;;;;;;;;;;;;;3.3;11.7;11.9;42.1;;;;;;;;;;;;;;;;225;;
STK;26.11.1996 00:00;;;;;;;;;;;;;;6.1;11.8;22;42.5;;;;;;;;;;;;;;;;240;;
STK;27.11.1996 00:00;;;;;;;;;;;;;;3.6;12.2;13;43.9;;;;;;;;;;;;;;;;237;;
STK;28.11.1996 00:00;;;;;;;;;;;;;;2.8;7.8;10.1;28.1;;;;;;;;;;;;;;;;266;;
STK;29.11.1996 00:00;;;;;;;;;;;;;;6.6;20.1;23.8;72.4;;;;;;;;;;;;;;;;229;;
STK;30.11.1996 00:00;;;;;;;;;;;;;;4.1;11.2;14.8;40.3;;;;;;;;;;;;;;;;229;;
STK;01.12.1996 00:00;;;;;;;;;;;;;;3.5;9.3;12.6;33.5;;;;;;;;;;;;;;;;236;;
STK;02.12.1996 00:00;;;;;;;;;;;;;;6;15.5;21.6;55.8;;;;;;;;;;;;;;;;239;;
STK;03.12.1996 00:00;;;;;;;;;;;;;;2.5;9.5;9;34.2;;;;;;;;;;;;;;;;227;;
STK;04.12.1996 00:00;;;;;;;;;;;;;;0.8;4.2;2.9;15.1;;;;;;;;;;;;;;;;194;;
STK;05.12.1996 00:00;;;;;;;;;;;;;;0.9;4.1;3.2;14.8;;;;;;;;;;;;;;;;153;;
STK;06.12.1996 00:00;;;;;;;;;;;;;;0.9;4.8;3.2;17.3;;;;;;;;;;;;;;;;90;;
STK;07.12.1996 00:00;;;;;;;;;;;;;;1.4;5;5;18;;;;;;;;;;;;;;;;20;;
STK;08.12.1996 00:00;;;;;;;;;;;;;;2;6.3;7.2;22.7;;;;;;;;;;;;;;;;61;;
STK;09.12.1996 00:00;;;;;;;;;;;;;;2.3;6.2;8.3;22.3;;;;;;;;;;;;;;;;49;;
STK;10.12.1996 00:00;;;;;;;;;;;;;;1.4;5.8;5;20.9;;;;;;;;;;;;;;;;29;;
STK;11.12.1996 00:00;;;;;;;;;;;;;;1.5;6.1;5.4;22;;;;;;;;;;;;;;;;225;;
STK;12.12.1996 00:00;;;;;;;;;;;;;;1.1;4.7;4;16.9;;;;;;;;;;;;;;;;203;;
STK;13.12.1996 00:00;;;;;;;;;;;;;;0.6;2.6;2.2;9.4;;;;;;;;;;;;;;;;27;;
STK;14.12.1996 00:00;;;;;;;;;;;;;;1.7;5.6;6.1;20.2;;;;;;;;;;;;;;;;38;;
STK;15.12.1996 00:00;;;;;;;;;;;;;;2.1;6.7;7.6;24.1;;;;;;;;;;;;;;;;236;;
STK;16.12.1996 00:00;;;;;;;;;;;;;;1.2;5.3;4.3;19.1;;;;;;;;;;;;;;;;214;;
STK;17.12.1996 00:00;;;;;;;;;;;;;;1.8;6.7;6.5;24.1;;;;;;;;;;;;;;;;221;;
STK;18.12.1996 00:00;;;;;;;;;;;;;;0.9;6;3.2;21.6;;;;;;;;;;;;;;;;153;;
STK;19.12.1996 00:00;;;;;;;;;;;;;;0.6;3.6;2.2;13;;;;;;;;;;;;;;;;180;;
STK;20.12.1996 00:00;;;;;;;;;;;;;;0.7;3.7;2.5;13.3;;;;;;;;;;;;;;;;214;;
STK;21.12.1996 00:00;;;;;;;;;;;;;;3.3;9.2;11.9;33.1;;;;;;;;;;;;;;;;46;;
STK;22.12.1996 00:00;;;;;;;;;;;;;;2.5;5.3;9;19.1;;;;;;;;;;;;;;;;36;;
STK;23.12.1996 00:00;;;;;;;;;;;;;;2.1;6.7;7.6;24.1;;;;;;;;;;;;;;;;38;;
STK;24.12.1996 00:00;;;;;;;;;;;;;;4.6;8.6;16.6;31;;;;;;;;;;;;;;;;53;;
STK;25.12.1996 00:00;;;;;;;;;;;;;;6.2;14.6;22.3;52.6;;;;;;;;;;;;;;;;48;;
STK;26.12.1996 00:00;;;;;;;;;;;;;;8.2;16.6;29.5;59.8;;;;;;;;;;;;;;;;62;;
STK;27.12.1996 00:00;;;;;;;;;;;;;;3.8;13.2;13.7;47.5;;;;;;;;;;;;;;;;43;;
STK;28.12.1996 00:00;;;;;;;;;;;;;;3.6;8.7;13;31.3;;;;;;;;;;;;;;;;24;;
STK;29.12.1996 00:00;;;;;;;;;;;;;;2.1;6.5;7.6;23.4;;;;;;;;;;;;;;;;355;;
STK;30.12.1996 00:00;;;;;;;;;;;;;;1.6;5.1;5.8;18.4;;;;;;;;;;;;;;;;225;;
STK;31.12.1996 00:00;;;;;;;;;;;;;;2.4;7;8.3;25.2;;;;;;;;;;;;;;;;14;;
STK;01.01.1997 00:00;;;;;;;;;;;;;;2.1;7.6;7.6;27.4;;;;;;;;;;;;;;;;22;;
STK;02.01.1997 00:00;;;;;;;;;;;;;;1.9;5.5;6.8;19.8;;;;;;;;;;;;;;;;19;;
STK;03.01.1997 00:00;;;;;;;;;;;;;;1.9;5.2;6.8;18.7;;;;;;;;;;;;;;;;22;;
STK;04.01.1997 00:00;;;;;;;;;;;;;;1.2;5.3;4.3;19.1;;;;;;;;;;;;;;;;304;;
STK;05.01.1997 00:00;;;;;;;;;;;;;;1.1;4.5;4;16.2;;;;;;;;;;;;;;;;234;;
STK;06.01.1997 00:00;;;;;;;;;;;;;;1.7;5.8;6.1;20.9;;;;;;;;;;;;;;;;25;;
STK;07.01.1997 00:00;;;;;;;;;;;;;;2.2;4;7.9;14.4;;;;;;;;;;;;;;;;8;;
STK;08.01.1997 00:00;;;;;;;;;;;;;;1.8;5.8;6.5;20.9;;;;;;;;;;;;;;;;20;;
STK;09.01.1997 00:00;;;;;;;;;;;;;;0.9;3.5;3.2;12.6;;;;;;;;;;;;;;;;18;;
STK;10.01.1997 00:00;;;;;;;;;;;;;;1.2;4.7;4.3;16.9;;;;;;;;;;;;;;;;261;;
STK;11.01.1997 00:00;;;;;;;;;;;;;;1.4;4.1;5;14.8;;;;;;;;;;;;;;;;278;;
STK;12.01.1997 00:00;;;;;;;;;;;;;;1.5;4.7;5.4;16.9;;;;;;;;;;;;;;;;14;;
STK;13.01.1997 00:00;;;;;;;;;;;;;;1.5;4.1;5.4;14.8;;;;;;;;;;;;;;;;6;;
STK;14.01.1997 00:00;;;;;;;;;;;;;;1.2;4.1;4.3;14.8;;;;;;;;;;;;;;;;18;;
STK;15.01.1997 00:00;;;;;;;;;;;;;;0.8;3.5;2.9;12.6;;;;;;;;;;;;;;;;153;;
STK;16.01.1997 00:00;;;;;;;;;;;;;;0.7;3.1;2.5;11.2;;;;;;;;;;;;;;;;243;;
STK;17.01.1997 00:00;;;;;;;;;;;;;;0.6;2.7;2.2;9.7;;;;;;;;;;;;;;;;243;;
STK;18.01.1997 00:00;;;;;;;;;;;;;;0.5;2;1.8;7.2;;;;;;;;;;;;;;;;270;;
STK;19.01.1997 00:00;;;;;;;;;;;;;;1.3;5.6;4.7;20.2;;;;;;;;;;;;;;;;231;;
STK;20.01.1997 00:00;;;;;;;;;;;;;;0.7;3.1;2.5;11.2;;;;;;;;;;;;;;;;180;;
STK;21.01.1997 00:00;;;;;;;;;;;;;;1.4;6.2;5;22.3;;;;;;;;;;;;;;;;58;;
STK;22.01.1997 00:00;;;;;;;;;;;;;;1.2;5.2;4.3;18.7;;;;;;;;;;;;;;;;270;;
STK;23.01.1997 00:00;;;;;;;;;;;;;;1;6.3;3.6;22.7;;;;;;;;;;;;;;;;225;;
STK;24.01.1997 00:00;;;;;;;;;;;;;;0.7;3.5;2.5;12.6;;;;;;;;;;;;;;;;180;;
STK;25.01.1997 00:00;;;;;;;;;;;;;;0.7;3.8;2.5;13.7;;;;;;;;;;;;;;;;72;;
STK;26.01.1997 00:00;;;;;;;;;;;;;;0.6;3.7;2.2;13.3;;;;;;;;;;;;;;;;56;;
STK;27.01.1997 00:00;;;;;;;;;;;;;;0.5;2;1.8;7.2;;;;;;;;;;;;;;;;225;;
STK;28.01.1997 00:00;;;;;;;;;;;;;;2.5;9.7;9;34.9;;;;;;;;;;;;;;;;56;;
STK;29.01.1997 00:00;;;;;;;;;;;;;;3.1;7.6;11.2;27.4;;;;;;;;;;;;;;;;44;;
STK;30.01.1997 00:00;;;;;;;;;;;;;;1.6;5.2;5.8;18.7;;;;;;;;;;;;;;;;36;;
STK;31.01.1997 00:00;;;;;;;;;;;;;;1.8;6.5;6.5;23.4;;;;;;;;;;;;;;;;23;;
STK;01.02.1997 00:00;;;;;;;;;;;;;;1.4;5.5;5;19.8;;;;;;;;;;;;;;;;56;;
STK;02.02.1997 00:00;;;;;;;;;;;;;;0.9;3.8;3.2;13.7;;;;;;;;;;;;;;;;248;;
STK;03.02.1997 00:00;;;;;;;;;;;;;;1.8;5.2;6.5;18.7;;;;;;;;;;;;;;;;232;;
STK;04.02.1997 00:00;;;;;;;;;;;;;;2;7.5;7.2;27;;;;;;;;;;;;;;;;236;;
STK;05.02.1997 00:00;;;;;;;;;;;;;;6;18.3;21.6;65.9;;;;;;;;;;;;;;;;240;;
STK;06.02.1997 00:00;;;;;;;;;;;;;;1.1;5.1;4;18.4;;;;;;;;;;;;;;;;90;;
STK;07.02.1997 00:00;;;;;;;;;;;;;;0.6;2.2;2.2;7.9;;;;;;;;;;;;;;;;117;;
STK;08.02.1997 00:00;;;;;;;;;;;;;;0.7;2.8;2.5;10.1;;;;;;;;;;;;;;;;153;;
STK;09.02.1997 00:00;;;;;;;;;;;;;;0.7;2.6;2.5;9.4;;;;;;;;;;;;;;;;117;;
STK;10.02.1997 00:00;;;;;;;;;;;;;;1.1;5.8;4;20.9;;;;;;;;;;;;;;;;198;;
STK;11.02.1997 00:00;;;;;;;;;;;;;;3;13.5;10.8;48.6;;;;;;;;;;;;;;;;228;;
STK;12.02.1997 00:00;;;;;;;;;;;;;;8.9;22.1;32;79.6;;;;;;;;;;;;;;;;233;;
STK;13.02.1997 00:00;;;;;;;;;;;;;;11.7;28.5;42.1;102.6;;;;;;;;;;;;;;;;240;;
STK;14.02.1997 00:00;;;;;;;;;;;;;;3;15;10.8;54;;;;;;;;;;;;;;;;237;;
STK;15.02.1997 00:00;;;;;;;;;;;;;;2.9;13.5;10.4;48.6;;;;;;;;;;;;;;;;243;;
STK;16.02.1997 00:00;;;;;;;;;;;;;;1.6;5.7;5.8;20.5;;;;;;;;;;;;;;;;90;;
STK;17.02.1997 00:00;;;;;;;;;;;;;;0.9;4.5;3.2;16.2;;;;;;;;;;;;;;;;225;;
STK;18.02.1997 00:00;;;;;;;;;;;;;;5.5;24.7;19.8;88.9;;;;;;;;;;;;;;;;237;;
STK;19.02.1997 00:00;;;;;;;;;;;;;;5.6;17.8;20.2;64.1;;;;;;;;;;;;;;;;242;;
STK;20.02.1997 00:00;;;;;;;;;;;;;;5.5;18.3;19.8;65.9;;;;;;;;;;;;;;;;237;;
STK;21.02.1997 00:00;;;;;;;;;;;;;;5.8;16.2;20.9;58.3;;;;;;;;;;;;;;;;242;;
STK;22.02.1997 00:00;;;;;;;;;;;;;;1.3;7.2;4.7;25.9;;;;;;;;;;;;;;;;180;;
STK;23.02.1997 00:00;;;;;;;;;;;;;;1;7.2;3.6;25.9;;;;;;;;;;;;;;;;225;;
STK;24.02.1997 00:00;;;;;;;;;;;;;;4.1;13.6;14.8;49;;;;;;;;;;;;;;;;227;;
STK;25.02.1997 00:00;;;;;;;;;;;;;;9.4;24.3;33.8;87.5;;;;;;;;;;;;;;;;229;;
STK;26.02.1997 00:00;;;;;;;;;;;;;;8.6;26;31;93.6;;;;;;;;;;;;;;;;238;;
STK;27.02.1997 00:00;;;;;;;;;;;;;;6.1;15.6;22;56.2;;;;;;;;;;;;;;;;241;;
STK;28.02.1997 00:00;;;;;;;;;;;;;;1;3.7;3.6;13.3;;;;;;;;;;;;;;;;108;;
STK;01.03.1997 00:00;;;;;;;;;;;;;;0.9;4.3;3.2;15.5;;;;;;;;;;;;;;;;68;;
STK;02.03.1997 00:00;;;;;;;;;;;;;;2.2;9.3;7.9;33.5;;;;;;;;;;;;;;;;229;;
STK;03.03.1997 00:00;;;;;;;;;;;;;;3.7;11.8;13.3;42.5;;;;;;;;;;;;;;;;237;;
STK;04.03.1997 00:00;;;;;;;;;;;;;;1.3;6.2;4.7;22.3;;;;;;;;;;;;;;;;58;;
STK;05.03.1997 00:00;;;;;;;;;;;;;;2.9;15.8;10.4;56.9;;;;;;;;;;;;;;;;238;;
STK;06.03.1997 00:00;;;;;;;;;;;;;;1.9;6.6;6.8;23.8;;;;;;;;;;;;;;;;233;;
STK;07.03.1997 00:00;;;;;;;;;;;;;;1.6;7.8;5.8;28.1;;;;;;;;;;;;;;;;60;;
STK;08.03.1997 00:00;;;;;;;;;;;;;;0.9;4.2;3.2;15.1;;;;;;;;;;;;;;;;59;;
STK;09.03.1997 00:00;;;;;;;;;;;;;;0.8;3.3;2.9;11.9;;;;;;;;;;;;;;;;90;;
STK;10.03.1997 00:00;;;;;;;;;;;;;;1.1;3;4;10.8;;;;;;;;;;;;;;;;90;;
STK;11.03.1997 00:00;;;;;;;;;;;;;;1;5.7;3.6;20.5;;;;;;;;;;;;;;;;68;;
STK;12.03.1997 00:00;;;;;;;;;;;;;;2.6;10.8;9.4;38.9;;;;;;;;;;;;;;;;234;;
STK;13.03.1997 00:00;;;;;;;;;;;;;;1.1;4.1;4;14.8;;;;;;;;;;;;;;;;135;;
STK;14.03.1997 00:00;;;;;;;;;;;;;;2.9;12.1;10.4;43.6;;;;;;;;;;;;;;;;240;;
STK;15.03.1997 00:00;;;;;;;;;;;;;;4.3;10;15.5;36;;;;;;;;;;;;;;;;234;;
STK;16.03.1997 00:00;;;;;;;;;;;;;;4.8;10.2;17.3;36.7;;;;;;;;;;;;;;;;230;;
STK;17.03.1997 00:00;;;;;;;;;;;;;;3.1;8.7;11.2;31.3;;;;;;;;;;;;;;;;238;;
STK;18.03.1997 00:00;;;;;;;;;;;;;;3.9;18.1;14;65.2;;;;;;;;;;;;;;;;241;;
STK;19.03.1997 00:00;;;;;;;;;;;;;;8.5;21.2;30.6;76.3;;;;;;;;;;;;;;;;241;;
STK;20.03.1997 00:00;;;;;;;;;;;;;;5;13.8;18;49.7;;;;;;;;;;;;;;;;252;;
STK;21.03.1997 00:00;;;;;;;;;;;;;;4.2;13.6;15.1;49;;;;;;;;;;;;;;;;241;;
STK;22.03.1997 00:00;;;;;;;;;;;;;;1.2;3.3;4.3;11.9;;;;;;;;;;;;;;;;58;;
STK;23.03.1997 00:00;;;;;;;;;;;;;;1.6;13.5;5.8;48.6;;;;;;;;;;;;;;;;243;;
STK;24.03.1997 00:00;;;;;;;;;;;;;;2.3;9.5;8.3;34.2;;;;;;;;;;;;;;;;232;;
STK;25.03.1997 00:00;;;;;;;;;;;;;;2.1;7.2;7.6;25.9;;;;;;;;;;;;;;;;237;;
STK;26.03.1997 00:00;;;;;;;;;;;;;;1.9;7.5;6.8;27;;;;;;;;;;;;;;;;240;;
STK;27.03.1997 00:00;;;;;;;;;;;;;;5;12.3;18;44.3;;;;;;;;;;;;;;;;236;;
STK;28.03.1997 00:00;;;;;;;;;;;;;;5.7;15.5;20.5;55.8;;;;;;;;;;;;;;;;253;;
STK;29.03.1997 00:00;;;;;;;;;;;;;;4.6;16.6;16.6;59.8;;;;;;;;;;;;;;;;252;;
STK;30.03.1997 00:00;;;;;;;;;;;;;;2;7.6;7.2;27.4;;;;;;;;;;;;;;;;252;;
STK;31.03.1997 00:00;;;;;;;;;;;;;;2.1;6.2;7.6;22.3;;;;;;;;;;;;;;;;63;;
STK;01.04.1997 00:00;;;;;;;;;;;;;;1.5;6.7;5.4;24.1;;;;;;;;;;;;;;;;61;;
STK;02.04.1997 00:00;;;;;;;;;;;;;;0.8;2.8;2.9;10.1;;;;;;;;;;;;;;;;135;;
STK;03.04.1997 00:00;;;;;;;;;;;;;;5;14;18;50.4;;;;;;;;;;;;;;;;246;;
STK;04.04.1997 00:00;;;;;;;;;;;;;;2.6;11;9.4;39.6;;;;;;;;;;;;;;;;295;;
STK;05.04.1997 00:00;;;;;;;;;;;;;;6.3;17;22.7;61.2;;;;;;;;;;;;;;;;233;;
STK;06.04.1997 00:00;;;;;;;;;;;;;;5.9;18;21.2;64.8;;;;;;;;;;;;;;;;270;;
STK;07.04.1997 00:00;;;;;;;;;;;;;;4.4;10.3;15.8;37.1;;;;;;;;;;;;;;;;65;;
STK;08.04.1997 00:00;;;;;;;;;;;;;;2.8;9.2;10.1;33.1;;;;;;;;;;;;;;;;56;;
STK;09.04.1997 00:00;;;;;;;;;;;;;;1.5;5.1;5.4;18.4;;;;;;;;;;;;;;;;117;;
STK;10.04.1997 00:00;;;;;;;;;;;;;;1.4;5.7;5;20.5;;;;;;;;;;;;;;;;219;;
STK;11.04.1997 00:00;;;;;;;;;;;;;;6.1;16.5;22;59.4;;;;;;;;;;;;;;;;253;;
STK;12.04.1997 00:00;;;;;;;;;;;;;;2.2;7.5;7.9;27;;;;;;;;;;;;;;;;47;;
STK;13.04.1997 00:00;;;;;;;;;;;;;;1.6;8.7;5.8;31.3;;;;;;;;;;;;;;;;58;;
STK;14.04.1997 00:00;;;;;;;;;;;;;;1.7;7;6.1;25.2;;;;;;;;;;;;;;;;243;;
STK;15.04.1997 00:00;;;;;;;;;;;;;;3.4;11.3;12.2;40.7;;;;;;;;;;;;;;;;30;;
STK;16.04.1997 00:00;;;;;;;;;;;;;;1.5;7.3;5.4;26.3;;;;;;;;;;;;;;;;90;;
STK;17.04.1997 00:00;;;;;;;;;;;;;;4.3;13;15.5;46.8;;;;;;;;;;;;;;;;63;;
STK;18.04.1997 00:00;;;;;;;;;;;;;;1.2;5.5;4.3;19.8;;;;;;;;;;;;;;;;90;;
STK;19.04.1997 00:00;;;;;;;;;;;;;;3.6;16.1;13;58;;;;;;;;;;;;;;;;41;;
STK;20.04.1997 00:00;;;;;;;;;;;;;;5.9;14.2;21.2;51.1;;;;;;;;;;;;;;;;51;;
STK;21.04.1997 00:00;;;;;;;;;;;;;;7;17.1;25.2;61.6;;;;;;;;;;;;;;;;60;;
STK;22.04.1997 00:00;;;;;;;;;;;;;;1.3;7.5;4.7;27;;;;;;;;;;;;;;;;69;;
STK;23.04.1997 00:00;;;;;;;;;;;;;;1.6;5.2;5.8;18.7;;;;;;;;;;;;;;;;60;;
STK;24.04.1997 00:00;;;;;;;;;;;;;;2;10;7.2;36;;;;;;;;;;;;;;;;235;;
STK;25.04.1997 00:00;;;;;;;;;;;;;;2.3;11.6;8.3;41.8;;;;;;;;;;;;;;;;241;;
STK;26.04.1997 00:00;;;;;;;;;;;;;;3.9;13.2;14;47.5;;;;;;;;;;;;;;;;229;;
STK;27.04.1997 00:00;;;;;;;;;;;;;;3.6;12.5;13;45;;;;;;;;;;;;;;;;229;;
STK;28.04.1997 00:00;;;;;;;;;;;;;;5.7;13.6;20.5;49;;;;;;;;;;;;;;;;237;;
STK;29.04.1997 00:00;;;;;;;;;;;;;;5.3;19.6;19.1;70.6;;;;;;;;;;;;;;;;230;;
STK;30.04.1997 00:00;;;;;;;;;;;;;;2.7;6.7;9.7;24.1;;;;;;;;;;;;;;;;230;;
STK;01.05.1997 00:00;;;;;;;;;;;;;;1.6;7.2;5.8;25.9;;;;;;;;;;;;;;;;63;;
STK;02.05.1997 00:00;;;;;;;;;;;;;;1.2;5;4.3;18;;;;;;;;;;;;;;;;90;;
STK;03.05.1997 00:00;;;;;;;;;;;;;;2.8;10.3;10.1;37.1;;;;;;;;;;;;;;;;237;;
STK;04.05.1997 00:00;;;;;;;;;;;;;;3;10.8;10.8;38.9;;;;;;;;;;;;;;;;232;;
STK;05.05.1997 00:00;;;;;;;;;;;;;;4.1;19.3;14.8;69.5;;;;;;;;;;;;;;;;236;;
STK;06.05.1997 00:00;;;;;;;;;;;;;;4.5;19.2;16.2;69.1;;;;;;;;;;;;;;;;240;;
STK;07.05.1997 00:00;;;;;;;;;;;;;;4.4;17.7;15.8;63.7;;;;;;;;;;;;;;;;236;;
STK;08.05.1997 00:00;;;;;;;;;;;;;;4.5;13.1;16.2;47.2;;;;;;;;;;;;;;;;245;;
STK;09.05.1997 00:00;;;;;;;;;;;;;;4.2;16.3;15.1;58.7;;;;;;;;;;;;;;;;232;;
STK;10.05.1997 00:00;;;;;;;;;;;;;;3.4;11.1;12.2;40;;;;;;;;;;;;;;;;237;;
STK;11.05.1997 00:00;;;;;;;;;;;;;;1.8;7.3;6.5;26.3;;;;;;;;;;;;;;;;171;;
STK;12.05.1997 00:00;;;;;;;;;;;;;;1.8;5.6;6.5;20.2;;;;;;;;;;;;;;;;230;;
STK;13.05.1997 00:00;;;;;;;;;;;;;;1;3.3;3.6;11.9;;;;;;;;;;;;;;;;207;;
STK;14.05.1997 00:00;;;;;;;;;;;;;;0.9;3;3.2;10.8;;;;;;;;;;;;;;;;233;;
STK;15.05.1997 00:00;;;;;;;;;;;;;;1.8;13.7;6.5;49.3;;;;;;;;;;;;;;;;76;;
STK;16.05.1997 00:00;;;;;;;;;;;;;;1.4;4.5;5;16.2;;;;;;;;;;;;;;;;135;;
STK;17.05.1997 00:00;;;;;;;;;;;;;;1.6;5.5;5.8;19.8;;;;;;;;;;;;;;;;153;;
STK;18.05.1997 00:00;;;;;;;;;;;;;;3.7;9.5;13.3;34.2;;;;;;;;;;;;;;;;236;;
STK;19.05.1997 00:00;;;;;;;;;;;;;;1.3;3.8;4.7;13.7;;;;;;;;;;;;;;;;135;;
STK;20.05.1997 00:00;;;;;;;;;;;;;;3;13.6;10.8;49;;;;;;;;;;;;;;;;228;;
STK;21.05.1997 00:00;;;;;;;;;;;;;;4.9;13.2;17.6;47.5;;;;;;;;;;;;;;;;246;;
STK;22.05.1997 00:00;;;;;;;;;;;;;;3.5;11.1;12.6;40;;;;;;;;;;;;;;;;237;;
STK;23.05.1997 00:00;;;;;;;;;;;;;;2.4;8;8.6;28.8;;;;;;;;;;;;;;;;57;;
STK;24.05.1997 00:00;;;;;;;;;;;;;;2.1;7.6;7.6;27.4;;;;;;;;;;;;;;;;49;;
STK;25.05.1997 00:00;;;;;;;;;;;;;;3.2;10.6;11.5;38.2;;;;;;;;;;;;;;;;53;;
STK;26.05.1997 00:00;;;;;;;;;;;;;;1.7;5.6;6.1;20.2;;;;;;;;;;;;;;;;135;;
STK;27.05.1997 00:00;;;;;;;;;;;;;;2.6;9.3;9.4;33.5;;;;;;;;;;;;;;;;37;;
STK;28.05.1997 00:00;;;;;;;;;;;;;;4.2;11.5;15.1;41.4;;;;;;;;;;;;;;;;50;;
STK;29.05.1997 00:00;;;;;;;;;;;;;;2.9;10.3;10.4;37.1;;;;;;;;;;;;;;;;67;;
STK;30.05.1997 00:00;;;;;;;;;;;;;;3.5;11;12.6;39.6;;;;;;;;;;;;;;;;65;;
STK;31.05.1997 00:00;;;;;;;;;;;;;;8.7;15.5;31.3;55.8;;;;;;;;;;;;;;;;61;;
STK;01.06.1997 00:00;;;;;;;;;;;;;;6.6;13.5;23.8;48.6;;;;;;;;;;;;;;;;61;;
STK;02.06.1997 00:00;;;;;;;;;;;;;;1;3.8;3.6;13.7;;;;;;;;;;;;;;;;79;;
STK;03.06.1997 00:00;;;;;;;;;;;;;;2.3;8.1;8.3;29.2;;;;;;;;;;;;;;;;221;;
STK;04.06.1997 00:00;;;;;;;;;;;;;;1.5;4.6;5.4;16.6;;;;;;;;;;;;;;;;56;;
STK;05.06.1997 00:00;;;;;;;;;;;;;;1.8;8.6;6.5;31;;;;;;;;;;;;;;;;60;;
STK;06.06.1997 00:00;;;;;;;;;;;;;;2.5;10.5;9;37.8;;;;;;;;;;;;;;;;230;;
STK;07.06.1997 00:00;;;;;;;;;;;;;;1.5;6.8;5.4;24.5;;;;;;;;;;;;;;;;56;;
STK;08.06.1997 00:00;;;;;;;;;;;;;;3.6;11.5;13;41.4;;;;;;;;;;;;;;;;239;;
STK;09.06.1997 00:00;;;;;;;;;;;;;;1.4;3.6;5;13;;;;;;;;;;;;;;;;68;;
STK;10.06.1997 00:00;;;;;;;;;;;;;;1.2;3.1;4.3;11.2;;;;;;;;;;;;;;;;68;;
STK;11.06.1997 00:00;;;;;;;;;;;;;;1.7;12.5;6.1;45;;;;;;;;;;;;;;;;56;;
STK;12.06.1997 00:00;;;;;;;;;;;;;;1.9;8;6.8;28.8;;;;;;;;;;;;;;;;236;;
STK;13.06.1997 00:00;;;;;;;;;;;;;;1.8;18.8;6.5;67.7;;;;;;;;;;;;;;;;221;;
STK;14.06.1997 00:00;;;;;;;;;;;;;;4.5;15.7;16.2;56.5;;;;;;;;;;;;;;;;234;;
STK;15.06.1997 00:00;;;;;;;;;;;;;;2.8;7;10.1;25.2;;;;;;;;;;;;;;;;246;;
STK;16.06.1997 00:00;;;;;;;;;;;;;;1.8;6.5;6.5;23.4;;;;;;;;;;;;;;;;51;;
STK;17.06.1997 00:00;;;;;;;;;;;;;;2.5;12.1;9;43.6;;;;;;;;;;;;;;;;248;;
STK;18.06.1997 00:00;;;;;;;;;;;;;;2.8;12.2;10.1;43.9;;;;;;;;;;;;;;;;262;;
STK;19.06.1997 00:00;;;;;;;;;;;;;;2;6.3;7.2;22.7;;;;;;;;;;;;;;;;8;;
STK;20.06.1997 00:00;;;;;;;;;;;;;;3.9;13.1;14;47.2;;;;;;;;;;;;;;;;235;;
STK;21.06.1997 00:00;;;;;;;;;;;;;;1.9;9.5;6.8;34.2;;;;;;;;;;;;;;;;236;;
STK;22.06.1997 00:00;;;;;;;;;;;;;;3;10.8;10.8;38.9;;;;;;;;;;;;;;;;217;;
STK;23.06.1997 00:00;;;;;;;;;;;;;;6.1;16.7;22;60.1;;;;;;;;;;;;;;;;240;;
STK;24.06.1997 00:00;;;;;;;;;;;;;;5.1;20;18.4;72;;;;;;;;;;;;;;;;231;;
STK;25.06.1997 00:00;;;;;;;;;;;;;;1.6;4.6;5.8;16.6;;;;;;;;;;;;;;;;239;;
STK;26.06.1997 00:00;;;;;;;;;;;;;;1.8;8.1;6.5;29.2;;;;;;;;;;;;;;;;180;;
STK;27.06.1997 00:00;;;;;;;;;;;;;;0.9;5.3;3.2;19.1;;;;;;;;;;;;;;;;207;;
STK;28.06.1997 00:00;;;;;;;;;;;;;;1.5;5.6;5.4;20.2;;;;;;;;;;;;;;;;61;;
STK;29.06.1997 00:00;;;;;;;;;;;;;;3.2;13.1;11.5;47.2;;;;;;;;;;;;;;;;247;;
STK;30.06.1997 00:00;;;;;;;;;;;;;;5;13;17.6;46.8;;;;;;;;;;;;;;;;235;;
STK;01.07.1997 00:00;;;;;;;;;;;;;;3.6;13.1;13;47.2;;;;;;;;;;;;;;;;244;;
STK;02.07.1997 00:00;;;;;;;;;;;;;;2.5;13.5;9;48.6;;;;;;;;;;;;;;;;45;;
STK;03.07.1997 00:00;;;;;;;;;;;;;;1.8;6.5;6.5;23.4;;;;;;;;;;;;;;;;243;;
STK;04.07.1997 00:00;;;;;;;;;;;;;;1.9;13.3;6.8;47.9;;;;;;;;;;;;;;;;214;;
STK;05.07.1997 00:00;;;;;;;;;;;;;;2.5;8.1;9;29.2;;;;;;;;;;;;;;;;243;;
STK;06.07.1997 00:00;;;;;;;;;;;;;;3.1;7.8;11.2;28.1;;;;;;;;;;;;;;;;233;;
STK;07.07.1997 00:00;;;;;;;;;;;;;;1.4;4.8;5;17.3;;;;;;;;;;;;;;;;228;;
STK;08.07.1997 00:00;;;;;;;;;;;;;;1.4;5.3;5;19.1;;;;;;;;;;;;;;;;56;;
STK;09.07.1997 00:00;;;;;;;;;;;;;;2.8;8.2;10.1;29.5;;;;;;;;;;;;;;;;54;;
STK;10.07.1997 00:00;;;;;;;;;;;;;;1.4;5.3;5;19.1;;;;;;;;;;;;;;;;90;;
STK;11.07.1997 00:00;;;;;;;;;;;;;;1.4;5.7;5;20.5;;;;;;;;;;;;;;;;225;;
STK;12.07.1997 00:00;;;;;;;;;;;;;;1.4;11.1;5;40;;;;;;;;;;;;;;;;72;;
STK;13.07.1997 00:00;;;;;;;;;;;;;;1.5;5.2;5.4;18.7;;;;;;;;;;;;;;;;74;;
STK;14.07.1997 00:00;;;;;;;;;;;;;;3;12.7;10.8;45.7;;;;;;;;;;;;;;;;231;;
STK;15.07.1997 00:00;;;;;;;;;;;;;;2.4;11.3;8.6;40.7;;;;;;;;;;;;;;;;225;;
STK;16.07.1997 00:00;;;;;;;;;;;;;;1.3;3.6;4.7;13;;;;;;;;;;;;;;;;82;;
STK;17.07.1997 00:00;;;;;;;;;;;;;;1.8;7.5;6.5;27;;;;;;;;;;;;;;;;231;;
STK;18.07.1997 00:00;;;;;;;;;;;;;;5.1;15.1;18.4;54.4;;;;;;;;;;;;;;;;237;;
STK;19.07.1997 00:00;;;;;;;;;;;;;;5.6;13.1;20.2;47.2;;;;;;;;;;;;;;;;237;;
STK;20.07.1997 00:00;;;;;;;;;;;;;;2.2;8;7.9;28.8;;;;;;;;;;;;;;;;231;;
STK;21.07.1997 00:00;;;;;;;;;;;;;;1.8;5.3;6.5;19.1;;;;;;;;;;;;;;;;241;;
STK;22.07.1997 00:00;;;;;;;;;;;;;;1.1;3.8;4;13.7;;;;;;;;;;;;;;;;59;;
STK;23.07.1997 00:00;;;;;;;;;;;;;;1.2;5.2;4.3;18.7;;;;;;;;;;;;;;;;180;;
STK;24.07.1997 00:00;;;;;;;;;;;;;;1.5;8.3;5.4;29.9;;;;;;;;;;;;;;;;243;;
STK;25.07.1997 00:00;;;;;;;;;;;;;;5.7;16;20.5;57.6;;;;;;;;;;;;;;;;240;;
STK;26.07.1997 00:00;;;;;;;;;;;;;;1.5;5.1;5.4;18.4;;;;;;;;;;;;;;;;234;;
STK;27.07.1997 00:00;;;;;;;;;;;;;;2.7;9.8;9.7;35.3;;;;;;;;;;;;;;;;239;;
STK;28.07.1997 00:00;;;;;;;;;;;;;;1.3;6.1;4.7;22;;;;;;;;;;;;;;;;60;;
STK;29.07.1997 00:00;;;;;;;;;;;;;;1.2;5.7;4.3;20.5;;;;;;;;;;;;;;;;117;;
STK;30.07.1997 00:00;;;;;;;;;;;;;;1.5;3.7;5.4;13.3;;;;;;;;;;;;;;;;162;;
STK;31.07.1997 00:00;;;;;;;;;;;;;;3.5;12.5;12.6;45;;;;;;;;;;;;;;;;246;;
STK;01.08.1997 00:00;;;;;;;;;;;;;;4.2;10.2;15.1;36.7;;;;;;;;;;;;;;;;230;;
STK;02.08.1997 00:00;;;;;;;;;;;;;;1.3;4.8;4.7;17.3;;;;;;;;;;;;;;;;225;;
STK;03.08.1997 00:00;;;;;;;;;;;;;;1;4;3.6;14.4;;;;;;;;;;;;;;;;72;;
STK;04.08.1997 00:00;;;;;;;;;;;;;;1.3;4.3;4.7;15.5;;;;;;;;;;;;;;;;90;;
STK;05.08.1997 00:00;;;;;;;;;;;;;;1.4;7.5;5;27;;;;;;;;;;;;;;;;81;;
STK;06.08.1997 00:00;;;;;;;;;;;;;;1.9;8.2;6.8;29.5;;;;;;;;;;;;;;;;231;;
STK;07.08.1997 00:00;;;;;;;;;;;;;;1;3;3.6;10.8;;;;;;;;;;;;;;;;0;;
STK;08.08.1997 00:00;;;;;;;;;;;;;;1.5;14.5;5.4;52.2;;;;;;;;;;;;;;;;207;;
STK;09.08.1997 00:00;;;;;;;;;;;;;;1.4;4.2;5;15.1;;;;;;;;;;;;;;;;56;;
STK;10.08.1997 00:00;;;;;;;;;;;;;;1.8;8.3;6.5;29.9;;;;;;;;;;;;;;;;69;;
STK;11.08.1997 00:00;;;;;;;;;;;;;;1.4;5.2;5;18.7;;;;;;;;;;;;;;;;69;;
STK;12.08.1997 00:00;;;;;;;;;;;;;;1.4;3.6;5;13;;;;;;;;;;;;;;;;90;;
STK;13.08.1997 00:00;;;;;;;;;;;;;;2;8;7.2;28.8;;;;;;;;;;;;;;;;189;;
STK;14.08.1997 00:00;;;;;;;;;;;;;;1.6;8;5.8;28.8;;;;;;;;;;;;;;;;229;;
STK;15.08.1997 00:00;;;;;;;;;;;;;;1.1;7.6;4;27.4;;;;;;;;;;;;;;;;90;;
STK;16.08.1997 00:00;;;;;;;;;;;;;;1.3;8.2;4.7;29.5;;;;;;;;;;;;;;;;135;;
STK;17.08.1997 00:00;;;;;;;;;;;;;;1.7;5.7;6.1;20.5;;;;;;;;;;;;;;;;220;;
STK;18.08.1997 00:00;;;;;;;;;;;;;;1.4;11.7;5;42.1;;;;;;;;;;;;;;;;146;;
STK;19.08.1997 00:00;;;;;;;;;;;;;;1.3;3.6;4.7;13;;;;;;;;;;;;;;;;146;;
STK;20.08.1997 00:00;;;;;;;;;;;;;;1.3;3.6;4.7;13;;;;;;;;;;;;;;;;153;;
STK;21.08.1997 00:00;;;;;;;;;;;;;;1.3;3.6;4.7;13;;;;;;;;;;;;;;;;143;;
STK;22.08.1997 00:00;;;;;;;;;;;;;;1.2;3;4.3;10.8;;;;;;;;;;;;;;;;135;;
STK;23.08.1997 00:00;;;;;;;;;;;;;;1.2;3.3;4.3;11.9;;;;;;;;;;;;;;;;180;;
STK;24.08.1997 00:00;;;;;;;;;;;;;;1.3;3.7;4.7;13.3;;;;;;;;;;;;;;;;127;;
STK;25.08.1997 00:00;;;;;;;;;;;;;;2.4;17.1;8.6;61.6;;;;;;;;;;;;;;;;221;;
STK;26.08.1997 00:00;;;;;;;;;;;;;;1.5;7.8;5.4;28.1;;;;;;;;;;;;;;;;220;;
STK;27.08.1997 00:00;;;;;;;;;;;;;;1.5;5;5.4;18;;;;;;;;;;;;;;;;112;;
STK;28.08.1997 00:00;;;;;;;;;;;;;;4.1;17.7;14.8;63.7;;;;;;;;;;;;;;;;236;;
STK;29.08.1997 00:00;;;;;;;;;;;;;;5.4;15.7;19.4;56.5;;;;;;;;;;;;;;;;237;;
STK;30.08.1997 00:00;;;;;;;;;;;;;;3.4;15;12.2;54;;;;;;;;;;;;;;;;225;;
STK;31.08.1997 00:00;;;;;;;;;;;;;;1.6;4.6;5.8;16.6;;;;;;;;;;;;;;;;76;;
STK;01.09.1997 00:00;;;;;;;;;;;;;;1.6;7.1;5.8;25.6;;;;;;;;;;;;;;;;198;;
STK;02.09.1997 00:00;;;;;;;;;;;;;;1.5;8;5.4;28.8;;;;;;;;;;;;;;;;236;;
STK;03.09.1997 00:00;;;;;;;;;;;;;;1.4;5.7;5;20.5;;;;;;;;;;;;;;;;22;;
STK;04.09.1997 00:00;;;;;;;;;;;;;;1.6;4.1;5.8;14.8;;;;;;;;;;;;;;;;222;;
STK;05.09.1997 00:00;;;;;;;;;;;;;;1.5;6.2;5.4;22.3;;;;;;;;;;;;;;;;203;;
STK;06.09.1997 00:00;;;;;;;;;;;;;;1.6;6.1;5.8;22;;;;;;;;;;;;;;;;259;;
STK;07.09.1997 00:00;;;;;;;;;;;;;;1.1;5.2;4;18.7;;;;;;;;;;;;;;;;243;;
STK;08.09.1997 00:00;;;;;;;;;;;;;;1.5;4.7;5.4;16.9;;;;;;;;;;;;;;;;180;;
STK;09.09.1997 00:00;;;;;;;;;;;;;;2.7;9;9.7;32.4;;;;;;;;;;;;;;;;243;;
STK;10.09.1997 00:00;;;;;;;;;;;;;;2.2;7.5;7.9;27;;;;;;;;;;;;;;;;49;;
STK;11.09.1997 00:00;;;;;;;;;;;;;;1.3;4.5;4.7;16.2;;;;;;;;;;;;;;;;117;;
STK;12.09.1997 00:00;;;;;;;;;;;;;;2;11.8;7.2;42.5;;;;;;;;;;;;;;;;225;;
STK;13.09.1997 00:00;;;;;;;;;;;;;;3.4;9;12.2;32.4;;;;;;;;;;;;;;;;225;;
STK;14.09.1997 00:00;;;;;;;;;;;;;;2.2;8.2;7.9;29.5;;;;;;;;;;;;;;;;52;;
STK;15.09.1997 00:00;;;;;;;;;;;;;;2.1;8.7;7.6;31.3;;;;;;;;;;;;;;;;72;;
STK;16.09.1997 00:00;;;;;;;;;;;;;;1.6;3.7;5.8;13.3;;;;;;;;;;;;;;;;113;;
STK;17.09.1997 00:00;;;;;;;;;;;;;;1.1;3.5;4;12.6;;;;;;;;;;;;;;;;124;;
STK;18.09.1997 00:00;;;;;;;;;;;;;;1.4;3.5;5;12.6;;;;;;;;;;;;;;;;180;;
STK;19.09.1997 00:00;;;;;;;;;;;;;;1.4;9.7;5;34.9;;;;;;;;;;;;;;;;90;;
STK;20.09.1997 00:00;;;;;;;;;;;;;;3.8;9.1;13.7;32.8;;;;;;;;;;;;;;;;58;;
STK;21.09.1997 00:00;;;;;;;;;;;;;;1.5;4.6;5.4;16.6;;;;;;;;;;;;;;;;45;;
STK;22.09.1997 00:00;;;;;;;;;;;;;;1;4.8;3.6;17.3;;;;;;;;;;;;;;;;90;;
STK;23.09.1997 00:00;;;;;;;;;;;;;;1.2;3.8;4.3;13.7;;;;;;;;;;;;;;;;112;;
STK;24.09.1997 00:00;;;;;;;;;;;;;;1.9;9.1;6.8;32.8;;;;;;;;;;;;;;;;72;;
STK;25.09.1997 00:00;;;;;;;;;;;;;;1.7;6.2;6.1;22.3;;;;;;;;;;;;;;;;45;;
STK;26.09.1997 00:00;;;;;;;;;;;;;;1;3.5;3.6;12.6;;;;;;;;;;;;;;;;202;;
STK;27.09.1997 00:00;;;;;;;;;;;;;;1.5;4.6;5.4;16.6;;;;;;;;;;;;;;;;207;;
STK;28.09.1997 00:00;;;;;;;;;;;;;;1.1;3.5;4;12.6;;;;;;;;;;;;;;;;194;;
STK;29.09.1997 00:00;;;;;;;;;;;;;;1.4;5;5;18;;;;;;;;;;;;;;;;180;;
STK;30.09.1997 00:00;;;;;;;;;;;;;;1.2;5.2;4.3;18.7;;;;;;;;;;;;;;;;230;;
STK;01.10.1997 00:00;;;;;;;;;;;;;;2.8;6.8;10.1;24.5;;;;;;;;;;;;;;;;226;;
STK;02.10.1997 00:00;;;;;;;;;;;;;;5.9;16.7;21.2;60.1;;;;;;;;;;;;;;;;246;;
STK;03.10.1997 00:00;;;;;;;;;;;;;;1.3;5.2;4.7;18.7;;;;;;;;;;;;;;;;90;;
STK;04.10.1997 00:00;;;;;;;;;;;;;;1.1;4.1;4;14.8;;;;;;;;;;;;;;;;143;;
STK;05.10.1997 00:00;;;;;;;;;;;;;;1.1;3.1;4;11.2;;;;;;;;;;;;;;;;166;;
STK;06.10.1997 00:00;;;;;;;;;;;;;;1;4;3.6;14.4;;;;;;;;;;;;;;;;198;;
STK;07.10.1997 00:00;;;;;;;;;;;;;;2;14;7.2;50.4;;;;;;;;;;;;;;;;234;;
STK;08.10.1997 00:00;;;;;;;;;;;;;;2.1;13.6;7.6;49;;;;;;;;;;;;;;;;234;;
STK;09.10.1997 00:00;;;;;;;;;;;;;;5.1;16.8;18.4;60.5;;;;;;;;;;;;;;;;238;;
STK;10.10.1997 00:00;;;;;;;;;;;;;;5.7;21.8;20.5;78.5;;;;;;;;;;;;;;;;234;;
STK;11.10.1997 00:00;;;;;;;;;;;;;;5.6;14.1;20.2;50.8;;;;;;;;;;;;;;;;238;;
STK;12.10.1997 00:00;;;;;;;;;;;;;;4.9;19;17.6;68.4;;;;;;;;;;;;;;;;242;;
STK;13.10.1997 00:00;;;;;;;;;;;;;;4.1;10.7;14.8;38.5;;;;;;;;;;;;;;;;249;;
STK;14.10.1997 00:00;;;;;;;;;;;;;;5.3;11.3;19.1;40.7;;;;;;;;;;;;;;;;247;;
STK;15.10.1997 00:00;;;;;;;;;;;;;;4.4;10.8;15.8;38.9;;;;;;;;;;;;;;;;224;;
STK;16.10.1997 00:00;;;;;;;;;;;;;;2.5;6.8;9;24.5;;;;;;;;;;;;;;;;222;;
STK;17.10.1997 00:00;;;;;;;;;;;;;;1.1;3.8;4;13.7;;;;;;;;;;;;;;;;135;;
STK;18.10.1997 00:00;;;;;;;;;;;;;;1;3.8;3.6;13.7;;;;;;;;;;;;;;;;360;;
STK;19.10.1997 00:00;;;;;;;;;;;;;;1;3.7;3.6;13.3;;;;;;;;;;;;;;;;243;;
STK;20.10.1997 00:00;;;;;;;;;;;;;;1.5;5.5;5.4;19.8;;;;;;;;;;;;;;;;270;;
STK;21.10.1997 00:00;;;;;;;;;;;;;;5.8;10.8;20.9;38.9;;;;;;;;;;;;;;;;58;;
STK;22.10.1997 00:00;;;;;;;;;;;;;;1.6;5.5;5.8;19.8;;;;;;;;;;;;;;;;17;;
STK;23.10.1997 00:00;;;;;;;;;;;;;;1.5;5;5.4;18;;;;;;;;;;;;;;;;6;;
STK;24.10.1997 00:00;;;;;;;;;;;;;;2.9;8.1;10.4;29.2;;;;;;;;;;;;;;;;38;;
STK;25.10.1997 00:00;;;;;;;;;;;;;;1.3;4.8;4.7;17.3;;;;;;;;;;;;;;;;101;;
STK;26.10.1997 00:00;;;;;;;;;;;;;;1.6;7.1;5.8;25.6;;;;;;;;;;;;;;;;90;;
STK;27.10.1997 00:00;;;;;;;;;;;;;;6;15.1;21.6;54.4;;;;;;;;;;;;;;;;59;;
STK;28.10.1997 00:00;;;;;;;;;;;;;;10.7;20.5;38.5;73.8;;;;;;;;;;;;;;;;63;;
STK;29.10.1997 00:00;;;;;;;;;;;;;;7.1;13.6;25.6;49;;;;;;;;;;;;;;;;60;;
STK;30.10.1997 00:00;;;;;;;;;;;;;;3.2;9.7;11.5;34.9;;;;;;;;;;;;;;;;76;;
STK;31.10.1997 00:00;;;;;;;;;;;;;;1.6;5.1;5.8;18.4;;;;;;;;;;;;;;;;204;;
STK;01.11.1997 00:00;;;;;;;;;;;;;;1.2;2.7;4.3;9.7;;;;;;;;;;;;;;;;193;;
STK;02.11.1997 00:00;;;;;;;;;;;;;;1;3.2;3.6;11.5;;;;;;;;;;;;;;;;180;;
STK;03.11.1997 00:00;;;;;;;;;;;;;;1;3.7;3.6;13.3;;;;;;;;;;;;;;;;214;;
STK;04.11.1997 00:00;;;;;;;;;;;;;;1.1;3.5;4;12.6;;;;;;;;;;;;;;;;45;;
STK;05.11.1997 00:00;;;;;;;;;;;;;;0.9;3.3;3.2;11.9;;;;;;;;;;;;;;;;225;;
STK;06.11.1997 00:00;;;;;;;;;;;;;;1.6;6.7;5.8;24.1;;;;;;;;;;;;;;;;230;;
STK;07.11.1997 00:00;;;;;;;;;;;;;;2.4;15;8.6;54;;;;;;;;;;;;;;;;233;;
STK;08.11.1997 00:00;;;;;;;;;;;;;;2.3;11;8.3;39.6;;;;;;;;;;;;;;;;229;;
STK;09.11.1997 00:00;;;;;;;;;;;;;;2.3;11.8;8.3;42.5;;;;;;;;;;;;;;;;240;;
STK;10.11.1997 00:00;;;;;;;;;;;;;;3.4;12.8;12.2;46.1;;;;;;;;;;;;;;;;229;;
STK;11.11.1997 00:00;;;;;;;;;;;;;;1.2;4.6;4.3;16.6;;;;;;;;;;;;;;;;225;;
STK;12.11.1997 00:00;;;;;;;;;;;;;;4.1;14.7;14.8;52.9;;;;;;;;;;;;;;;;225;;
STK;13.11.1997 00:00;;;;;;;;;;;;;;2.1;8.1;7.6;29.2;;;;;;;;;;;;;;;;225;;
STK;14.11.1997 00:00;;;;;;;;;;;;;;1.7;4.8;6.1;17.3;;;;;;;;;;;;;;;;225;;
STK;15.11.1997 00:00;;;;;;;;;;;;;;1.1;3.2;4;11.5;;;;;;;;;;;;;;;;214;;
STK;16.11.1997 00:00;;;;;;;;;;;;;;2.4;6.6;8.6;23.8;;;;;;;;;;;;;;;;117;;
STK;17.11.1997 00:00;;;;;;;;;;;;;;2.7;9.1;9.7;32.8;;;;;;;;;;;;;;;;66;;
STK;18.11.1997 00:00;;;;;;;;;;;;;;1.4;6.5;5;23.4;;;;;;;;;;;;;;;;56;;
STK;19.11.1997 00:00;;;;;;;;;;;;;;2.9;8.6;10.4;31;;;;;;;;;;;;;;;;59;;
STK;20.11.1997 00:00;;;;;;;;;;;;;;0.8;4.5;2.9;16.2;;;;;;;;;;;;;;;;45;;
STK;21.11.1997 00:00;;;;;;;;;;;;;;0.9;3.8;3.2;13.7;;;;;;;;;;;;;;;;135;;
STK;22.11.1997 00:00;;;;;;;;;;;;;;2;7.1;7.2;25.6;;;;;;;;;;;;;;;;34;;
STK;23.11.1997 00:00;;;;;;;;;;;;;;2.3;6;8.3;21.6;;;;;;;;;;;;;;;;41;;
STK;24.11.1997 00:00;;;;;;;;;;;;;;2.1;7.7;7.6;27.7;;;;;;;;;;;;;;;;62;;
STK;25.11.1997 00:00;;;;;;;;;;;;;;1.5;5.1;5.4;18.4;;;;;;;;;;;;;;;;15;;
STK;26.11.1997 00:00;;;;;;;;;;;;;;1.6;5.1;5.8;18.4;;;;;;;;;;;;;;;;39;;
STK;27.11.1997 00:00;;;;;;;;;;;;;;1;4.8;3.6;17.3;;;;;;;;;;;;;;;;90;;
STK;28.11.1997 00:00;;;;;;;;;;;;;;0.7;4.5;2.5;16.2;;;;;;;;;;;;;;;;0;;
STK;29.11.1997 00:00;;;;;;;;;;;;;;2;8.1;7.2;29.2;;;;;;;;;;;;;;;;223;;
STK;30.11.1997 00:00;;;;;;;;;;;;;;3.2;8.1;11.5;29.2;;;;;;;;;;;;;;;;232;;
STK;01.12.1997 00:00;;;;;;;;;;;;;;3.1;8.3;11.2;29.9;;;;;;;;;;;;;;;;245;;
STK;02.12.1997 00:00;;;;;;;;;;;;;;2.8;9.8;10.1;35.3;;;;;;;;;;;;;;;;57;;
STK;03.12.1997 00:00;;;;;;;;;;;;;;4;9.7;14.4;34.9;;;;;;;;;;;;;;;;247;;
STK;04.12.1997 00:00;;;;;;;;;;;;;;3.7;9.5;13.3;34.2;;;;;;;;;;;;;;;;59;;
STK;05.12.1997 00:00;;;;;;;;;;;;;;4.1;10.1;14.8;36.4;;;;;;;;;;;;;;;;59;;
STK;06.12.1997 00:00;;;;;;;;;;;;;;1.8;9.3;6.5;33.5;;;;;;;;;;;;;;;;95;;
STK;07.12.1997 00:00;;;;;;;;;;;;;;1.2;3.5;4.3;12.6;;;;;;;;;;;;;;;;169;;
STK;08.12.1997 00:00;;;;;;;;;;;;;;0.9;3.7;3.2;13.3;;;;;;;;;;;;;;;;180;;
STK;09.12.1997 00:00;;;;;;;;;;;;;;1.3;5.5;4.7;19.8;;;;;;;;;;;;;;;;228;;
STK;10.12.1997 00:00;;;;;;;;;;;;;;4.5;16;16.2;57.6;;;;;;;;;;;;;;;;233;;
STK;11.12.1997 00:00;;;;;;;;;;;;;;7.1;16.5;25.6;59.4;;;;;;;;;;;;;;;;233;;
STK;12.12.1997 00:00;;;;;;;;;;;;;;8.8;19.1;31.7;68.8;;;;;;;;;;;;;;;;241;;
STK;13.12.1997 00:00;;;;;;;;;;;;;;3.3;8.1;11.9;29.2;;;;;;;;;;;;;;;;247;;
STK;14.12.1997 00:00;;;;;;;;;;;;;;3.9;11.8;14;42.5;;;;;;;;;;;;;;;;234;;
STK;15.12.1997 00:00;;;;;;;;;;;;;;8.3;16.1;29.9;58;;;;;;;;;;;;;;;;58;;
STK;16.12.1997 00:00;;;;;;;;;;;;;;5.5;16.3;19.8;58.7;;;;;;;;;;;;;;;;55;;
STK;17.12.1997 00:00;;;;;;;;;;;;;;1.9;6.3;6.8;22.7;;;;;;;;;;;;;;;;15;;
STK;18.12.1997 00:00;;;;;;;;;;;;;;1.3;7.7;4.7;27.7;;;;;;;;;;;;;;;;51;;
STK;19.12.1997 00:00;;;;;;;;;;;;;;1.4;7;5;25.2;;;;;;;;;;;;;;;;135;;
STK;20.12.1997 00:00;;;;;;;;;;;;;;3.7;13.7;13.3;49.3;;;;;;;;;;;;;;;;227;;
STK;21.12.1997 00:00;;;;;;;;;;;;;;7.9;17;28.4;61.2;;;;;;;;;;;;;;;;230;;
STK;22.12.1997 00:00;;;;;;;;;;;;;;2.5;8.7;9;31.3;;;;;;;;;;;;;;;;246;;
STK;23.12.1997 00:00;;;;;;;;;;;;;;2.9;10.5;10.4;37.8;;;;;;;;;;;;;;;;236;;
STK;24.12.1997 00:00;;;;;;;;;;;;;;2.6;10.6;9.4;38.2;;;;;;;;;;;;;;;;234;;
STK;25.12.1997 00:00;;;;;;;;;;;;;;4.6;16.7;16.6;60.1;;;;;;;;;;;;;;;;232;;
STK;26.12.1997 00:00;;;;;;;;;;;;;;8.5;19.2;30.6;69.1;;;;;;;;;;;;;;;;233;;
STK;27.12.1997 00:00;;;;;;;;;;;;;;5;15.6;18;56.2;;;;;;;;;;;;;;;;233;;
STK;28.12.1997 00:00;;;;;;;;;;;;;;4.3;11.2;15.5;40.3;;;;;;;;;;;;;;;;230;;
STK;29.12.1997 00:00;;;;;;;;;;;;;;2.2;9.2;7.9;33.1;;;;;;;;;;;;;;;;223;;
STK;30.12.1997 00:00;;;;;;;;;;;;;;0.9;3.7;3.2;13.3;;;;;;;;;;;;;;;;207;;
STK;31.12.1997 00:00;;;;;;;;;;;;;;1;6.5;3.6;23.4;;;;;;;;;;;;;;;;219;;
STK;01.01.1998 00:00;;;;;;;;;;;;;;1;4;3.6;14.4;;;;;;;;;;;;;;;;180;;
STK;02.01.1998 00:00;;;;;;;;;;;;;;4.8;18.2;17.3;65.5;;;;;;;;;;;;;;;;221;;
STK;03.01.1998 00:00;;;;;;;;;;;;;;6.5;21.6;23.4;77.8;;;;;;;;;;;;;;;;233;;
STK;04.01.1998 00:00;;;;;;;;;;;;;;6.8;23.1;24.5;83.2;;;;;;;;;;;;;;;;235;;
STK;05.01.1998 00:00;;;;;;;;;;;;;;8.1;27.2;29.2;97.9;;;;;;;;;;;;;;;;234;;
STK;06.01.1998 00:00;;;;;;;;;;;;;;7.4;31;26.6;111.6;;;;;;;;;;;;;;;;240;;
STK;07.01.1998 00:00;;;;;;;;;;;;;;4.3;9.7;15.5;34.9;;;;;;;;;;;;;;;;238;;
STK;08.01.1998 00:00;;;;;;;;;;;;;;1.9;10.3;6.8;37.1;;;;;;;;;;;;;;;;225;;
STK;09.01.1998 00:00;;;;;;;;;;;;;;0.9;3.2;3.2;11.5;;;;;;;;;;;;;;;;180;;
STK;10.01.1998 00:00;;;;;;;;;;;;;;0.7;3;2.5;10.8;;;;;;;;;;;;;;;;207;;
STK;11.01.1998 00:00;;;;;;;;;;;;;;0.4;2.1;1.4;7.6;;;;;;;;;;;;;;;;180;;
STK;12.01.1998 00:00;;;;;;;;;;;;;;0.7;4.3;2.5;15.5;;;;;;;;;;;;;;;;45;;
STK;13.01.1998 00:00;;;;;;;;;;;;;;0.7;4.1;2.5;14.8;;;;;;;;;;;;;;;;153;;
STK;14.01.1998 00:00;;;;;;;;;;;;;;2.3;9.6;8.3;34.6;;;;;;;;;;;;;;;;233;;
STK;15.01.1998 00:00;;;;;;;;;;;;;;1.2;6.1;4.3;22;;;;;;;;;;;;;;;;221;;
STK;16.01.1998 00:00;;;;;;;;;;;;;;5.1;17.2;18.4;61.9;;;;;;;;;;;;;;;;227;;
STK;17.01.1998 00:00;;;;;;;;;;;;;;3.2;11.1;11.5;40;;;;;;;;;;;;;;;;238;;
STK;18.01.1998 00:00;;;;;;;;;;;;;;2.6;20.7;9.4;74.5;;;;;;;;;;;;;;;;227;;
STK;19.01.1998 00:00;;;;;;;;;;;;;;8.2;31.6;29.5;113.8;;;;;;;;;;;;;;;;234;;
STK;20.01.1998 00:00;;;;;;;;;;;;;;5.6;14.2;20.2;51.1;;;;;;;;;;;;;;;;237;;
STK;21.01.1998 00:00;;;;;;;;;;;;;;2.9;8;10.4;28.8;;;;;;;;;;;;;;;;53;;
STK;22.01.1998 00:00;;;;;;;;;;;;;;7.3;14.3;26.3;51.5;;;;;;;;;;;;;;;;60;;
STK;23.01.1998 00:00;;;;;;;;;;;;;;3.5;14.7;12.6;52.9;;;;;;;;;;;;;;;;69;;
STK;24.01.1998 00:00;;;;;;;;;;;;;;2.2;7.1;7.9;25.6;;;;;;;;;;;;;;;;45;;
STK;25.01.1998 00:00;;;;;;;;;;;;;;7.7;14;27.7;50.4;;;;;;;;;;;;;;;;60;;
STK;26.01.1998 00:00;;;;;;;;;;;;;;5.2;9.2;18.7;33.1;;;;;;;;;;;;;;;;55;;
STK;27.01.1998 00:00;;;;;;;;;;;;;;1.5;7;5.4;25.2;;;;;;;;;;;;;;;;31;;
STK;28.01.1998 00:00;;;;;;;;;;;;;;1.4;5.3;5;19.1;;;;;;;;;;;;;;;;230;;
STK;29.01.1998 00:00;;;;;;;;;;;;;;2.1;7.3;7.6;26.3;;;;;;;;;;;;;;;;60;;
STK;30.01.1998 00:00;;;;;;;;;;;;;;1.2;5.2;4.3;18.7;;;;;;;;;;;;;;;;270;;
STK;31.01.1998 00:00;;;;;;;;;;;;;;4.3;16.3;15.5;58.7;;;;;;;;;;;;;;;;54;;
STK;01.02.1998 00:00;;;;;;;;;;;;;;3.8;13.1;13.7;47.2;;;;;;;;;;;;;;;;46;;
STK;02.02.1998 00:00;;;;;;;;;;;;;;1.1;4.1;4;14.8;;;;;;;;;;;;;;;;207;;
STK;03.02.1998 00:00;;;;;;;;;;;;;;1.9;8.2;6.8;29.5;;;;;;;;;;;;;;;;67;;
STK;04.02.1998 00:00;;;;;;;;;;;;;;2;7.7;7.2;27.7;;;;;;;;;;;;;;;;63;;
STK;05.02.1998 00:00;;;;;;;;;;;;;;0.9;2.6;2.9;9.4;;;;;;;;;;;;;;;;180;;
STK;06.02.1998 00:00;;;;;;;;;;;;;;1.1;2.7;4;9.7;;;;;;;;;;;;;;;;211;;
STK;07.02.1998 00:00;;;;;;;;;;;;;;2.7;11;9.7;39.6;;;;;;;;;;;;;;;;237;;
STK;08.02.1998 00:00;;;;;;;;;;;;;;1.1;4;4;14.4;;;;;;;;;;;;;;;;217;;
STK;09.02.1998 00:00;;;;;;;;;;;;;;0.9;2.5;3.2;9;;;;;;;;;;;;;;;;162;;
STK;10.02.1998 00:00;;;;;;;;;;;;;;0.7;3;2.5;10.8;;;;;;;;;;;;;;;;117;;
STK;11.02.1998 00:00;;;;;;;;;;;;;;0.7;3;2.5;10.8;;;;;;;;;;;;;;;;153;;
STK;12.02.1998 00:00;;;;;;;;;;;;;;0.7;4;2.5;14.4;;;;;;;;;;;;;;;;90;;
STK;13.02.1998 00:00;;;;;;;;;;;;;;0.8;3.5;2.9;12.6;;;;;;;;;;;;;;;;117;;
STK;14.02.1998 00:00;;;;;;;;;;;;;;0.6;2.8;2.2;10.1;;;;;;;;;;;;;;;;207;;
STK;15.02.1998 00:00;;;;;;;;;;;;;;0.7;3.3;2.5;11.9;;;;;;;;;;;;;;;;207;;
STK;16.02.1998 00:00;;;;;;;;;;;;;;4.9;15.2;17.6;54.7;;;;;;;;;;;;;;;;240;;
STK;17.02.1998 00:00;;;;;;;;;;;;;;2.8;10;10.1;36;;;;;;;;;;;;;;;;236;;
STK;18.02.1998 00:00;;;;;;;;;;;;;;1.2;4.5;4.3;16.2;;;;;;;;;;;;;;;;225;;
STK;19.02.1998 00:00;;;;;;;;;;;;;;2.2;11;7.9;39.6;;;;;;;;;;;;;;;;227;;
STK;20.02.1998 00:00;;;;;;;;;;;;;;0.8;2.8;2.9;10.1;;;;;;;;;;;;;;;;180;;
STK;21.02.1998 00:00;;;;;;;;;;;;;;0.8;3.3;2.9;11.9;;;;;;;;;;;;;;;;135;;
STK;22.02.1998 00:00;;;;;;;;;;;;;;2.7;8.8;9.7;31.7;;;;;;;;;;;;;;;;230;;
STK;23.02.1998 00:00;;;;;;;;;;;;;;1.4;4.8;5;17.3;;;;;;;;;;;;;;;;222;;
STK;24.02.1998 00:00;;;;;;;;;;;;;;1.2;3.5;4.3;12.6;;;;;;;;;;;;;;;;54;;
STK;25.02.1998 00:00;;;;;;;;;;;;;;0.9;4.7;3.2;16.9;;;;;;;;;;;;;;;;60;;
STK;26.02.1998 00:00;;;;;;;;;;;;;;0.9;3.3;3.2;11.9;;;;;;;;;;;;;;;;90;;
STK;27.02.1998 00:00;;;;;;;;;;;;;;5.1;14.5;18.4;52.2;;;;;;;;;;;;;;;;236;;
STK;28.02.1998 00:00;;;;;;;;;;;;;;7;17.8;25.2;64.1;;;;;;;;;;;;;;;;237;;
STK;01.03.1998 00:00;;;;;;;;;;;;;;3.6;13.6;13;49;;;;;;;;;;;;;;;;234;;
STK;02.03.1998 00:00;;;;;;;;;;;;;;3.2;12.2;11.5;43.9;;;;;;;;;;;;;;;;234;;
STK;04.03.1998 00:00;;;;;;;;;;;;;;8.3;26.7;29.9;96.1;;;;;;;;;;;;;;;;235;;
STK;05.03.1998 00:00;;;;;;;;;;;;;;10.7;26.6;38.5;95.8;;;;;;;;;;;;;;;;247;;
STK;06.03.1998 00:00;;;;;;;;;;;;;;5.1;20.7;18.4;74.5;;;;;;;;;;;;;;;;232;;
STK;07.03.1998 00:00;;;;;;;;;;;;;;6.6;19.8;23.8;71.3;;;;;;;;;;;;;;;;241;;
STK;08.03.1998 00:00;;;;;;;;;;;;;;6;15.8;21.6;56.9;;;;;;;;;;;;;;;;234;;
STK;09.03.1998 00:00;;;;;;;;;;;;;;4.7;13.2;16.9;47.5;;;;;;;;;;;;;;;;44;;
STK;10.03.1998 00:00;;;;;;;;;;;;;;1.3;5.6;4.7;20.2;;;;;;;;;;;;;;;;198;;
STK;11.03.1998 00:00;;;;;;;;;;;;;;1.1;3.1;4;11.2;;;;;;;;;;;;;;;;108;;
STK;12.03.1998 00:00;;;;;;;;;;;;;;1.7;5.7;6.1;20.5;;;;;;;;;;;;;;;;241;;
STK;13.03.1998 00:00;;;;;;;;;;;;;;1.6;6;5.8;21.6;;;;;;;;;;;;;;;;225;;
STK;14.03.1998 00:00;;;;;;;;;;;;;;3.8;8.8;13.7;31.7;;;;;;;;;;;;;;;;236;;
STK;15.03.1998 00:00;;;;;;;;;;;;;;2.9;7.6;10.4;27.4;;;;;;;;;;;;;;;;232;;
STK;16.03.1998 00:00;;;;;;;;;;;;;;2.8;5.8;10.1;20.9;;;;;;;;;;;;;;;;226;;
STK;17.03.1998 00:00;;;;;;;;;;;;;;1.2;3.7;4.3;13.3;;;;;;;;;;;;;;;;252;;
STK;18.03.1998 00:00;;;;;;;;;;;;;;1.1;3.8;4;13.7;;;;;;;;;;;;;;;;72;;
STK;19.03.1998 00:00;;;;;;;;;;;;;;2;7.8;7.2;28.1;;;;;;;;;;;;;;;;45;;
STK;20.03.1998 00:00;;;;;;;;;;;;;;2.7;10.2;9.7;36.7;;;;;;;;;;;;;;;;247;;
STK;21.03.1998 00:00;;;;;;;;;;;;;;3.2;11.5;11.5;41.4;;;;;;;;;;;;;;;;63;;
STK;22.03.1998 00:00;;;;;;;;;;;;;;1.3;4.8;4.7;17.3;;;;;;;;;;;;;;;;81;;
STK;23.03.1998 00:00;;;;;;;;;;;;;;4;14.2;14;51.1;;;;;;;;;;;;;;;;243;;
STK;24.03.1998 00:00;;;;;;;;;;;;;;3.9;11;14;39.6;;;;;;;;;;;;;;;;58;;
STK;25.03.1998 00:00;;;;;;;;;;;;;;2.6;9.2;9.4;33.1;;;;;;;;;;;;;;;;72;;
STK;26.03.1998 00:00;;;;;;;;;;;;;;1.2;4;4.3;14.4;;;;;;;;;;;;;;;;180;;
STK;27.03.1998 00:00;;;;;;;;;;;;;;1.3;6.1;4.7;22;;;;;;;;;;;;;;;;236;;
STK;28.03.1998 00:00;;;;;;;;;;;;;;1.3;5.7;4.7;20.5;;;;;;;;;;;;;;;;72;;
STK;29.03.1998 00:00;;;;;;;;;;;;;;1.2;5.1;4.3;18.4;;;;;;;;;;;;;;;;59;;
STK;30.03.1998 00:00;;;;;;;;;;;;;;1;4.5;3.6;16.2;;;;;;;;;;;;;;;;135;;
STK;31.03.1998 00:00;;;;;;;;;;;;;;1.1;3.1;4;11.2;;;;;;;;;;;;;;;;135;;
STK;01.04.1998 00:00;;;;;;;;;;;;;;2.4;8;8.6;28.8;;;;;;;;;;;;;;;;233;;
STK;02.04.1998 00:00;;;;;;;;;;;;;;3.6;17;13;61.2;;;;;;;;;;;;;;;;240;;
STK;03.04.1998 00:00;;;;;;;;;;;;;;1.7;9.5;6.1;34.2;;;;;;;;;;;;;;;;211;;
STK;04.04.1998 00:00;;;;;;;;;;;;;;4.2;12.3;15.1;44.3;;;;;;;;;;;;;;;;230;;
STK;05.04.1998 00:00;;;;;;;;;;;;;;2;7.8;7.2;28.1;;;;;;;;;;;;;;;;72;;
STK;06.04.1998 00:00;;;;;;;;;;;;;;1.9;9.6;6.8;34.6;;;;;;;;;;;;;;;;243;;
STK;07.04.1998 00:00;;;;;;;;;;;;;;4.9;18.5;17.6;66.6;;;;;;;;;;;;;;;;232;;
STK;08.04.1998 00:00;;;;;;;;;;;;;;5.2;21.6;18.7;77.8;;;;;;;;;;;;;;;;239;;
STK;10.04.1998 00:00;;;;;;;;;;;;;;3.3;;11.9;;;;;;;;;;;;;;;;;234;;
STK;11.04.1998 00:00;;;;;;;;;;;;;;2.8;15.2;10.1;54.7;;;;;;;;;;;;;;;;243;;
STK;12.04.1998 00:00;;;;;;;;;;;;;;5.9;14.2;21.2;51.1;;;;;;;;;;;;;;;;235;;
STK;13.04.1998 00:00;;;;;;;;;;;;;;3.3;11.8;11.9;42.5;;;;;;;;;;;;;;;;237;;
STK;14.04.1998 00:00;;;;;;;;;;;;;;2.7;9.1;9.7;32.8;;;;;;;;;;;;;;;;221;;
STK;15.04.1998 00:00;;;;;;;;;;;;;;2.4;16.6;8.6;59.8;;;;;;;;;;;;;;;;225;;
STK;16.04.1998 00:00;;;;;;;;;;;;;;4.4;16.6;15.8;59.8;;;;;;;;;;;;;;;;238;;
STK;17.04.1998 00:00;;;;;;;;;;;;;;2.2;22.3;7.9;80.3;;;;;;;;;;;;;;;;237;;
STK;18.04.1998 00:00;;;;;;;;;;;;;;5.9;15.6;21.2;56.2;;;;;;;;;;;;;;;;237;;
STK;19.04.1998 00:00;;;;;;;;;;;;;;4.1;10.6;14.8;38.2;;;;;;;;;;;;;;;;235;;
STK;20.04.1998 00:00;;;;;;;;;;;;;;2.2;9.1;7.9;32.8;;;;;;;;;;;;;;;;242;;
STK;21.04.1998 00:00;;;;;;;;;;;;;;2;6.6;7.2;23.8;;;;;;;;;;;;;;;;225;;
STK;22.04.1998 00:00;;;;;;;;;;;;;;2.2;7.7;7.9;27.7;;;;;;;;;;;;;;;;54;;
STK;23.04.1998 00:00;;;;;;;;;;;;;;1.7;6;6.1;21.6;;;;;;;;;;;;;;;;219;;
STK;24.04.1998 00:00;;;;;;;;;;;;;;4.1;11;14.8;39.6;;;;;;;;;;;;;;;;235;;
STK;25.04.1998 00:00;;;;;;;;;;;;;;1.6;7.3;5.8;26.3;;;;;;;;;;;;;;;;90;;
STK;26.04.1998 00:00;;;;;;;;;;;;;;1.5;13.3;5.4;47.9;;;;;;;;;;;;;;;;153;;
STK;27.04.1998 00:00;;;;;;;;;;;;;;4.9;18.6;17.6;67;;;;;;;;;;;;;;;;239;;
STK;28.04.1998 00:00;;;;;;;;;;;;;;1.7;6;6.1;21.6;;;;;;;;;;;;;;;;228;;
STK;29.04.1998 00:00;;;;;;;;;;;;;;1.3;6.1;4.7;22;;;;;;;;;;;;;;;;61;;
STK;30.04.1998 00:00;;;;;;;;;;;;;;1.3;4;4.7;14.4;;;;;;;;;;;;;;;;90;;
STK;01.05.1998 00:00;;;;;;;;;;;;;;3.3;9.3;11.9;33.5;;;;;;;;;;;;;;;;236;;
STK;02.05.1998 00:00;;;;;;;;;;;;;;4.2;11.2;15.1;40.3;;;;;;;;;;;;;;;;233;;
STK;03.05.1998 00:00;;;;;;;;;;;;;;2.8;9;10.1;32.4;;;;;;;;;;;;;;;;43;;
STK;04.05.1998 00:00;;;;;;;;;;;;;;4;9.6;14.4;34.6;;;;;;;;;;;;;;;;37;;
STK;05.05.1998 00:00;;;;;;;;;;;;;;1.6;6.1;5.8;22;;;;;;;;;;;;;;;;360;;
STK;06.05.1998 00:00;;;;;;;;;;;;;;3.9;14.2;14;51.1;;;;;;;;;;;;;;;;240;;
STK;07.05.1998 00:00;;;;;;;;;;;;;;1.5;4.1;5.4;14.8;;;;;;;;;;;;;;;;72;;
STK;08.05.1998 00:00;;;;;;;;;;;;;;1.3;3.3;4.7;11.9;;;;;;;;;;;;;;;;79;;
STK;09.05.1998 00:00;;;;;;;;;;;;;;1.2;3.2;4.3;11.5;;;;;;;;;;;;;;;;90;;
STK;10.05.1998 00:00;;;;;;;;;;;;;;1.2;3.7;4.3;13.3;;;;;;;;;;;;;;;;53;;
STK;11.05.1998 00:00;;;;;;;;;;;;;;1.3;3.6;4.7;13;;;;;;;;;;;;;;;;104;;
STK;12.05.1998 00:00;;;;;;;;;;;;;;1.2;4.8;4.3;17.3;;;;;;;;;;;;;;;;90;;
STK;13.05.1998 00:00;;;;;;;;;;;;;;1.2;4.8;4.3;17.3;;;;;;;;;;;;;;;;72;;
STK;14.05.1998 00:00;;;;;;;;;;;;;;3.3;11.7;11.9;42.1;;;;;;;;;;;;;;;;66;;
STK;15.05.1998 00:00;;;;;;;;;;;;;;5.7;12.8;20.5;46.1;;;;;;;;;;;;;;;;57;;
STK;16.05.1998 00:00;;;;;;;;;;;;;;5.5;11.2;19.8;40.3;;;;;;;;;;;;;;;;57;;
STK;17.05.1998 00:00;;;;;;;;;;;;;;4.2;10.5;15.1;37.8;;;;;;;;;;;;;;;;55;;
STK;18.05.1998 00:00;;;;;;;;;;;;;;1.4;18;5;64.8;;;;;;;;;;;;;;;;79;;
STK;19.05.1998 00:00;;;;;;;;;;;;;;1.6;8;5.8;28.8;;;;;;;;;;;;;;;;70;;
STK;20.05.1998 00:00;;;;;;;;;;;;;;1.3;5.8;4.7;20.9;;;;;;;;;;;;;;;;56;;
STK;21.05.1998 00:00;;;;;;;;;;;;;;2.1;13.5;7.6;48.6;;;;;;;;;;;;;;;;242;;
STK;22.05.1998 00:00;;;;;;;;;;;;;;3.6;11.5;13;41.4;;;;;;;;;;;;;;;;46;;
STK;23.05.1998 00:00;;;;;;;;;;;;;;2.8;9.5;10.1;34.2;;;;;;;;;;;;;;;;48;;
STK;24.05.1998 00:00;;;;;;;;;;;;;;1.6;7;5.8;25.2;;;;;;;;;;;;;;;;72;;
STK;25.05.1998 00:00;;;;;;;;;;;;;;1.4;7.1;5;25.6;;;;;;;;;;;;;;;;270;;
STK;26.05.1998 00:00;;;;;;;;;;;;;;3;20.6;10.8;74.2;;;;;;;;;;;;;;;;238;;
STK;27.05.1998 00:00;;;;;;;;;;;;;;1.4;5.2;5;18.7;;;;;;;;;;;;;;;;45;;
STK;28.05.1998 00:00;;;;;;;;;;;;;;2.5;13.6;9;49;;;;;;;;;;;;;;;;219;;
STK;29.05.1998 00:00;;;;;;;;;;;;;;2.1;8.7;7.6;31.3;;;;;;;;;;;;;;;;229;;
STK;30.05.1998 00:00;;;;;;;;;;;;;;1.2;4.5;4.3;16.2;;;;;;;;;;;;;;;;53;;
STK;31.05.1998 00:00;;;;;;;;;;;;;;3.7;25.6;13.3;92.2;;;;;;;;;;;;;;;;237;;
STK;01.06.1998 00:00;;;;;;;;;;;;;;1.6;7.3;5.8;26.3;;;;;;;;;;;;;;;;233;;
STK;02.06.1998 00:00;;;;;;;;;;;;;;2.2;11.5;7.9;41.4;;;;;;;;;;;;;;;;237;;
STK;03.06.1998 00:00;;;;;;;;;;;;;;2.1;16;7.6;57.6;;;;;;;;;;;;;;;;231;;
STK;04.06.1998 00:00;;;;;;;;;;;;;;1.4;4.5;5;16.2;;;;;;;;;;;;;;;;63;;
STK;05.06.1998 00:00;;;;;;;;;;;;;;1.2;4.2;4.3;15.1;;;;;;;;;;;;;;;;74;;
STK;06.06.1998 00:00;;;;;;;;;;;;;;1.9;13.7;6.8;49.3;;;;;;;;;;;;;;;;233;;
STK;07.06.1998 00:00;;;;;;;;;;;;;;4.6;15.6;16.6;56.2;;;;;;;;;;;;;;;;239;;
STK;08.06.1998 00:00;;;;;;;;;;;;;;2.3;6.8;8.3;24.5;;;;;;;;;;;;;;;;228;;
STK;09.06.1998 00:00;;;;;;;;;;;;;;1.8;5.3;6.5;19.1;;;;;;;;;;;;;;;;242;;
STK;10.06.1998 00:00;;;;;;;;;;;;;;2.5;13.2;9;47.5;;;;;;;;;;;;;;;;234;;
STK;11.06.1998 00:00;;;;;;;;;;;;;;4.6;15;16.6;54;;;;;;;;;;;;;;;;233;;
STK;12.06.1998 00:00;;;;;;;;;;;;;;5.7;13.7;20.5;49.3;;;;;;;;;;;;;;;;246;;
STK;13.06.1998 00:00;;;;;;;;;;;;;;2.5;7.2;9;25.9;;;;;;;;;;;;;;;;180;;
STK;14.06.1998 00:00;;;;;;;;;;;;;;1.9;13.5;6.8;48.6;;;;;;;;;;;;;;;;234;;
STK;15.06.1998 00:00;;;;;;;;;;;;;;3.1;12.1;11.2;43.6;;;;;;;;;;;;;;;;224;;
STK;16.06.1998 00:00;;;;;;;;;;;;;;5.4;19.7;19.4;70.9;;;;;;;;;;;;;;;;235;;
STK;17.06.1998 00:00;;;;;;;;;;;;;;2.7;8.1;9.7;29.2;;;;;;;;;;;;;;;;243;;
STK;18.06.1998 00:00;;;;;;;;;;;;;;1.8;7;6.5;25.2;;;;;;;;;;;;;;;;233;;
STK;19.06.1998 00:00;;;;;;;;;;;;;;1.3;3.3;4.7;11.9;;;;;;;;;;;;;;;;82;;
STK;20.06.1998 00:00;;;;;;;;;;;;;;1.3;4.5;4.7;16.2;;;;;;;;;;;;;;;;68;;
STK;21.06.1998 00:00;;;;;;;;;;;;;;2;6.3;7.2;22.7;;;;;;;;;;;;;;;;233;;
STK;22.06.1998 00:00;;;;;;;;;;;;;;4.7;12.3;16.9;44.3;;;;;;;;;;;;;;;;241;;
STK;25.06.1998 00:00;;;;;;;;;;;;;;2.6;9.2;9.4;33.1;;;;;;;;;;;;;;;;238;;
STK;26.06.1998 00:00;;;;;;;;;;;;;;1.4;6.7;5;24.1;;;;;;;;;;;;;;;;243;;
STK;27.06.1998 00:00;;;;;;;;;;;;;;2;9.1;7.2;32.8;;;;;;;;;;;;;;;;234;;
STK;28.06.1998 00:00;;;;;;;;;;;;;;3.8;10;13.7;36;;;;;;;;;;;;;;;;226;;
STK;29.06.1998 00:00;;;;;;;;;;;;;;1.5;6.2;5.4;22.3;;;;;;;;;;;;;;;;229;;
STK;30.06.1998 00:00;;;;;;;;;;;;;;2.9;10.7;10.4;38.5;;;;;;;;;;;;;;;;247;;
STK;01.07.1998 00:00;;;;;;;;;;;;;;2.9;9.8;10.4;35.3;;;;;;;;;;;;;;;;59;;
STK;02.07.1998 00:00;;;;;;;;;;;;;;2.6;9.5;9.4;34.2;;;;;;;;;;;;;;;;36;;
STK;03.07.1998 00:00;;;;;;;;;;;;;;2;9.8;7.2;35.3;;;;;;;;;;;;;;;;228;;
STK;04.07.1998 00:00;;;;;;;;;;;;;;4;12;14.4;43.2;;;;;;;;;;;;;;;;239;;
STK;05.07.1998 00:00;;;;;;;;;;;;;;5;13.3;18;47.9;;;;;;;;;;;;;;;;242;;
STK;06.07.1998 00:00;;;;;;;;;;;;;;3.8;11.1;13.7;40;;;;;;;;;;;;;;;;240;;
STK;07.07.1998 00:00;;;;;;;;;;;;;;2.5;15.6;9;56.2;;;;;;;;;;;;;;;;270;;
STK;08.07.1998 00:00;;;;;;;;;;;;;;4;15.5;14.4;55.8;;;;;;;;;;;;;;;;254;;
STK;09.07.1998 00:00;;;;;;;;;;;;;;3.8;11.6;13.7;41.8;;;;;;;;;;;;;;;;231;;
STK;10.07.1998 00:00;;;;;;;;;;;;;;4.9;11.1;17.6;40;;;;;;;;;;;;;;;;240;;
STK;11.07.1998 00:00;;;;;;;;;;;;;;5.8;14.6;20.9;52.6;;;;;;;;;;;;;;;;245;;
STK;12.07.1998 00:00;;;;;;;;;;;;;;5.1;14.8;18.4;53.3;;;;;;;;;;;;;;;;241;;
STK;13.07.1998 00:00;;;;;;;;;;;;;;3.4;15;12.2;54;;;;;;;;;;;;;;;;243;;
STK;14.07.1998 00:00;;;;;;;;;;;;;;3.2;11.2;11.5;40.3;;;;;;;;;;;;;;;;238;;
STK;15.07.1998 00:00;;;;;;;;;;;;;;3;12;10.8;43.2;;;;;;;;;;;;;;;;243;;
STK;16.07.1998 00:00;;;;;;;;;;;;;;2.5;10.1;9;36.4;;;;;;;;;;;;;;;;232;;
STK;17.07.1998 00:00;;;;;;;;;;;;;;4.3;12.8;15.5;46.1;;;;;;;;;;;;;;;;242;;
STK;18.07.1998 00:00;;;;;;;;;;;;;;3.4;11.2;12.2;40.3;;;;;;;;;;;;;;;;243;;
STK;19.07.1998 00:00;;;;;;;;;;;;;;1.8;18.7;6.5;67.3;;;;;;;;;;;;;;;;248;;
STK;20.07.1998 00:00;;;;;;;;;;;;;;1.3;5.1;4.7;18.4;;;;;;;;;;;;;;;;74;;
STK;21.07.1998 00:00;;;;;;;;;;;;;;2.2;15.5;7.9;55.8;;;;;;;;;;;;;;;;234;;
STK;22.07.1998 00:00;;;;;;;;;;;;;;1.1;7.5;4;27;;;;;;;;;;;;;;;;74;;
STK;23.07.1998 00:00;;;;;;;;;;;;;;1.8;7.7;6.5;27.7;;;;;;;;;;;;;;;;241;;
STK;24.07.1998 00:00;;;;;;;;;;;;;;1.8;7.5;6.5;27;;;;;;;;;;;;;;;;56;;
STK;25.07.1998 00:00;;;;;;;;;;;;;;1.8;7.5;6.5;27;;;;;;;;;;;;;;;;77;;
STK;26.07.1998 00:00;;;;;;;;;;;;;;1.4;5.2;5;18.7;;;;;;;;;;;;;;;;79;;
STK;27.07.1998 00:00;;;;;;;;;;;;;;1.9;7.1;6.8;25.6;;;;;;;;;;;;;;;;225;;
STK;28.07.1998 00:00;;;;;;;;;;;;;;5.3;14.7;19.1;52.9;;;;;;;;;;;;;;;;238;;
STK;29.07.1998 00:00;;;;;;;;;;;;;;4.8;13.7;17.3;49.3;;;;;;;;;;;;;;;;240;;
STK;30.07.1998 00:00;;;;;;;;;;;;;;3.8;11.2;13.7;40.3;;;;;;;;;;;;;;;;249;;
STK;31.07.1998 00:00;;;;;;;;;;;;;;1.8;6;6.5;21.6;;;;;;;;;;;;;;;;210;;
STK;01.08.1998 00:00;;;;;;;;;;;;;;2.4;13;8.6;46.8;;;;;;;;;;;;;;;;346;;
STK;02.08.1998 00:00;;;;;;;;;;;;;;1.9;6.6;6.8;23.8;;;;;;;;;;;;;;;;270;;
STK;03.08.1998 00:00;;;;;;;;;;;;;;1.4;4.8;5;17.3;;;;;;;;;;;;;;;;346;;
STK;04.08.1998 00:00;;;;;;;;;;;;;;1.7;7.5;6.1;27;;;;;;;;;;;;;;;;228;;
STK;05.08.1998 00:00;;;;;;;;;;;;;;2.1;6.7;7.6;24.1;;;;;;;;;;;;;;;;47;;
STK;06.08.1998 00:00;;;;;;;;;;;;;;1.3;6.1;4.7;22;;;;;;;;;;;;;;;;67;;
STK;07.08.1998 00:00;;;;;;;;;;;;;;1.2;4.3;4.3;15.5;;;;;;;;;;;;;;;;79;;
STK;08.08.1998 00:00;;;;;;;;;;;;;;0.9;2.7;3.2;9.7;;;;;;;;;;;;;;;;180;;
STK;09.08.1998 00:00;;;;;;;;;;;;;;1.2;4.8;4.3;17.3;;;;;;;;;;;;;;;;108;;
STK;10.08.1998 00:00;;;;;;;;;;;;;;1.2;3.5;4.3;12.6;;;;;;;;;;;;;;;;104;;
STK;11.08.1998 00:00;;;;;;;;;;;;;;1.3;4;4.7;14.4;;;;;;;;;;;;;;;;101;;
STK;12.08.1998 00:00;;;;;;;;;;;;;;1.7;9.2;6.1;33.1;;;;;;;;;;;;;;;;229;;
STK;13.08.1998 00:00;;;;;;;;;;;;;;3.5;21.3;12.6;76.7;;;;;;;;;;;;;;;;247;;
STK;14.08.1998 00:00;;;;;;;;;;;;;;1.3;4.3;4.7;15.5;;;;;;;;;;;;;;;;63;;
STK;15.08.1998 00:00;;;;;;;;;;;;;;1.9;7.5;6.8;27;;;;;;;;;;;;;;;;222;;
STK;16.08.1998 00:00;;;;;;;;;;;;;;1.7;7.2;6.1;25.9;;;;;;;;;;;;;;;;207;;
STK;17.08.1998 00:00;;;;;;;;;;;;;;1.5;4.7;5.4;16.9;;;;;;;;;;;;;;;;101;;
STK;18.08.1998 00:00;;;;;;;;;;;;;;3.1;9.8;11.2;35.3;;;;;;;;;;;;;;;;232;;
STK;19.08.1998 00:00;;;;;;;;;;;;;;1.3;4;4.7;14.4;;;;;;;;;;;;;;;;124;;
STK;20.08.1998 00:00;;;;;;;;;;;;;;3.3;11.1;11.9;40;;;;;;;;;;;;;;;;237;;
STK;21.08.1998 00:00;;;;;;;;;;;;;;6.6;18.5;23.8;66.6;;;;;;;;;;;;;;;;236;;
STK;22.08.1998 00:00;;;;;;;;;;;;;;7;19.2;25.2;69.1;;;;;;;;;;;;;;;;244;;
STK;23.08.1998 00:00;;;;;;;;;;;;;;3.2;10.1;11.5;36.4;;;;;;;;;;;;;;;;239;;
STK;24.08.1998 00:00;;;;;;;;;;;;;;6.7;17.2;24.1;61.9;;;;;;;;;;;;;;;;233;;
STK;25.08.1998 00:00;;;;;;;;;;;;;;2.1;6.6;7.6;23.8;;;;;;;;;;;;;;;;253;;
STK;26.08.1998 00:00;;;;;;;;;;;;;;3.4;12.6;12.2;45.4;;;;;;;;;;;;;;;;236;;
STK;27.08.1998 00:00;;;;;;;;;;;;;;2.2;7;7.9;25.2;;;;;;;;;;;;;;;;11;;
STK;28.08.1998 00:00;;;;;;;;;;;;;;1.9;6.2;6.8;22.3;;;;;;;;;;;;;;;;45;;
STK;29.08.1998 00:00;;;;;;;;;;;;;;2.1;7.6;7.6;27.4;;;;;;;;;;;;;;;;25;;
STK;30.08.1998 00:00;;;;;;;;;;;;;;1.2;4;4.3;14.4;;;;;;;;;;;;;;;;162;;
STK;31.08.1998 00:00;;;;;;;;;;;;;;1.5;3.8;5.4;13.7;;;;;;;;;;;;;;;;90;;
STK;01.09.1998 00:00;;;;;;;;;;;;;;1;3.3;3.6;11.9;;;;;;;;;;;;;;;;108;;
STK;02.09.1998 00:00;;;;;;;;;;;;;;0.9;3.2;3.2;11.5;;;;;;;;;;;;;;;;72;;
STK;03.09.1998 00:00;;;;;;;;;;;;;;2.1;8.1;7.6;29.2;;;;;;;;;;;;;;;;236;;
STK;04.09.1998 00:00;;;;;;;;;;;;;;1.3;7.1;4.7;25.6;;;;;;;;;;;;;;;;90;;
STK;05.09.1998 00:00;;;;;;;;;;;;;;4.4;12.2;15.8;43.9;;;;;;;;;;;;;;;;234;;
STK;06.09.1998 00:00;;;;;;;;;;;;;;3.7;9.6;13.3;34.6;;;;;;;;;;;;;;;;229;;
STK;07.09.1998 00:00;;;;;;;;;;;;;;1.3;6.2;4.7;22.3;;;;;;;;;;;;;;;;243;;
STK;08.09.1998 00:00;;;;;;;;;;;;;;2.2;7;7.9;25.2;;;;;;;;;;;;;;;;231;;
STK;09.09.1998 00:00;;;;;;;;;;;;;;1.2;4.3;4.3;15.5;;;;;;;;;;;;;;;;90;;
STK;10.09.1998 00:00;;;;;;;;;;;;;;1.7;10.1;6.1;36.4;;;;;;;;;;;;;;;;229;;
STK;11.09.1998 00:00;;;;;;;;;;;;;;1.5;6.3;5.4;22.7;;;;;;;;;;;;;;;;220;;
STK;12.09.1998 00:00;;;;;;;;;;;;;;5.2;16.5;18.7;59.4;;;;;;;;;;;;;;;;239;;
STK;13.09.1998 00:00;;;;;;;;;;;;;;5.9;15.8;21.2;56.9;;;;;;;;;;;;;;;;235;;
STK;14.09.1998 00:00;;;;;;;;;;;;;;9;19.5;32.4;70.2;;;;;;;;;;;;;;;;231;;
STK;15.09.1998 00:00;;;;;;;;;;;;;;8.6;19.6;31;70.6;;;;;;;;;;;;;;;;232;;
STK;16.09.1998 00:00;;;;;;;;;;;;;;7.8;18.7;28.1;67.3;;;;;;;;;;;;;;;;240;;
STK;17.09.1998 00:00;;;;;;;;;;;;;;7.4;18.7;26.6;67.3;;;;;;;;;;;;;;;;241;;
STK;18.09.1998 00:00;;;;;;;;;;;;;;1.5;5;5.4;18;;;;;;;;;;;;;;;;108;;
STK;19.09.1998 00:00;;;;;;;;;;;;;;0.8;4.1;2.9;14.8;;;;;;;;;;;;;;;;81;;
STK;20.09.1998 00:00;;;;;;;;;;;;;;4.4;12.8;15.8;46.1;;;;;;;;;;;;;;;;62;;
STK;21.09.1998 00:00;;;;;;;;;;;;;;5.4;12.5;19.4;45;;;;;;;;;;;;;;;;64;;
STK;22.09.1998 00:00;;;;;;;;;;;;;;2.1;9.2;7.6;33.1;;;;;;;;;;;;;;;;73;;
STK;23.09.1998 00:00;;;;;;;;;;;;;;1.1;4;4;14.4;;;;;;;;;;;;;;;;135;;
STK;24.09.1998 00:00;;;;;;;;;;;;;;1.1;4.1;4;14.8;;;;;;;;;;;;;;;;180;;
STK;25.09.1998 00:00;;;;;;;;;;;;;;0.8;2.8;2.9;10.1;;;;;;;;;;;;;;;;90;;
STK;26.09.1998 00:00;;;;;;;;;;;;;;1.4;7.7;5;27.7;;;;;;;;;;;;;;;;117;;
STK;27.09.1998 00:00;;;;;;;;;;;;;;1.6;9.1;5.8;32.8;;;;;;;;;;;;;;;;221;;
STK;28.09.1998 00:00;;;;;;;;;;;;;;3.6;11.8;13;42.5;;;;;;;;;;;;;;;;233;;
STK;29.09.1998 00:00;;;;;;;;;;;;;;2.1;7.7;7.6;27.7;;;;;;;;;;;;;;;;235;;
STK;30.09.1998 00:00;;;;;;;;;;;;;;1.3;8.3;4.7;29.9;;;;;;;;;;;;;;;;247;;
STK;01.10.1998 00:00;;;;;;;;;;;;;;1.5;6;5.4;21.6;;;;;;;;;;;;;;;;225;;
STK;02.10.1998 00:00;;;;;;;;;;;;;;1.3;5.8;4.7;20.9;;;;;;;;;;;;;;;;252;;
STK;03.10.1998 00:00;;;;;;;;;;;;;;3.7;11.6;13.3;41.8;;;;;;;;;;;;;;;;232;;
STK;04.10.1998 00:00;;;;;;;;;;;;;;0.9;4.3;3.2;15.5;;;;;;;;;;;;;;;;135;;
STK;05.10.1998 00:00;;;;;;;;;;;;;;2.1;8.7;7.6;31.3;;;;;;;;;;;;;;;;61;;
STK;06.10.1998 00:00;;;;;;;;;;;;;;5;13.7;18;49.3;;;;;;;;;;;;;;;;54;;
STK;07.10.1998 00:00;;;;;;;;;;;;;;1.2;4.8;4.3;17.3;;;;;;;;;;;;;;;;233;;
STK;08.10.1998 00:00;;;;;;;;;;;;;;1.3;4.7;4.7;16.9;;;;;;;;;;;;;;;;252;;
STK;09.10.1998 00:00;;;;;;;;;;;;;;1.2;3.7;4.3;13.3;;;;;;;;;;;;;;;;270;;
STK;10.10.1998 00:00;;;;;;;;;;;;;;5.2;19.5;18.7;70.2;;;;;;;;;;;;;;;;234;;
STK;11.10.1998 00:00;;;;;;;;;;;;;;5.8;14.7;20.9;52.9;;;;;;;;;;;;;;;;230;;
STK;12.10.1998 00:00;;;;;;;;;;;;;;8;20.3;28.8;73.1;;;;;;;;;;;;;;;;248;;
STK;13.10.1998 00:00;;;;;;;;;;;;;;4.1;9.3;14.8;33.5;;;;;;;;;;;;;;;;222;;
STK;14.10.1998 00:00;;;;;;;;;;;;;;4.1;10.3;14.8;37.1;;;;;;;;;;;;;;;;229;;
STK;15.10.1998 00:00;;;;;;;;;;;;;;2.8;9.1;10.1;32.8;;;;;;;;;;;;;;;;232;;
STK;16.10.1998 00:00;;;;;;;;;;;;;;1.2;3.8;4.3;13.7;;;;;;;;;;;;;;;;108;;
STK;17.10.1998 00:00;;;;;;;;;;;;;;4.3;14;15.5;50.4;;;;;;;;;;;;;;;;227;;
STK;18.10.1998 00:00;;;;;;;;;;;;;;3;12.1;10.8;43.6;;;;;;;;;;;;;;;;235;;
STK;19.10.1998 00:00;;;;;;;;;;;;;;0.9;3.7;3.2;13.3;;;;;;;;;;;;;;;;243;;
STK;20.10.1998 00:00;;;;;;;;;;;;;;3.2;11.8;11.5;42.5;;;;;;;;;;;;;;;;230;;
STK;21.10.1998 00:00;;;;;;;;;;;;;;1.2;4.3;4.3;15.5;;;;;;;;;;;;;;;;207;;
STK;22.10.1998 00:00;;;;;;;;;;;;;;1.4;8.2;5;29.5;;;;;;;;;;;;;;;;220;;
STK;23.10.1998 00:00;;;;;;;;;;;;;;1.7;9.1;6.1;32.8;;;;;;;;;;;;;;;;221;;
STK;24.10.1998 00:00;;;;;;;;;;;;;;4.1;17;14.8;61.2;;;;;;;;;;;;;;;;230;;
STK;25.10.1998 00:00;;;;;;;;;;;;;;7.8;20.7;28.1;74.5;;;;;;;;;;;;;;;;235;;
STK;26.10.1998 00:00;;;;;;;;;;;;;;6.6;25;23.8;90;;;;;;;;;;;;;;;;231;;
STK;27.10.1998 00:00;;;;;;;;;;;;;;6.8;23.7;24.5;85.3;;;;;;;;;;;;;;;;229;;
STK;28.10.1998 00:00;;;;;;;;;;;;;;13.8;31.1;49.7;112;;;;;;;;;;;;;;;;233;;
STK;29.10.1998 00:00;;;;;;;;;;;;;;10.1;29.8;36.4;107.3;;;;;;;;;;;;;;;;239;;
STK;30.10.1998 00:00;;;;;;;;;;;;;;9;21.2;32.4;76.3;;;;;;;;;;;;;;;;233;;
STK;31.10.1998 00:00;;;;;;;;;;;;;;4.2;15.2;15.1;54.7;;;;;;;;;;;;;;;;234;;
STK;01.11.1998 00:00;;;;;;;;;;;;;;6.2;19.5;22.3;70.2;;;;;;;;;;;;;;;;238;;
STK;02.11.1998 00:00;;;;;;;;;;;;;;1.8;7.6;6.5;27.4;;;;;;;;;;;;;;;;243;;
STK;03.11.1998 00:00;;;;;;;;;;;;;;5;16.6;18;59.8;;;;;;;;;;;;;;;;224;;
STK;04.11.1998 00:00;;;;;;;;;;;;;;4.5;12.1;16.2;43.6;;;;;;;;;;;;;;;;230;;
STK;05.11.1998 00:00;;;;;;;;;;;;;;4.1;12.2;14.8;43.9;;;;;;;;;;;;;;;;236;;
STK;06.11.1998 00:00;;;;;;;;;;;;;;4.1;12.5;14.8;45;;;;;;;;;;;;;;;;231;;
STK;07.11.1998 00:00;;;;;;;;;;;;;;0.9;3.5;3.2;12.6;;;;;;;;;;;;;;;;162;;
STK;08.11.1998 00:00;;;;;;;;;;;;;;1;8;3.6;28.8;;;;;;;;;;;;;;;;217;;
STK;09.11.1998 00:00;;;;;;;;;;;;;;2.3;8.1;8.3;29.2;;;;;;;;;;;;;;;;235;;
STK;10.11.1998 00:00;;;;;;;;;;;;;;2.9;10.2;10.4;36.7;;;;;;;;;;;;;;;;239;;
STK;11.11.1998 00:00;;;;;;;;;;;;;;1.6;8.8;5.8;31.7;;;;;;;;;;;;;;;;221;;
STK;12.11.1998 00:00;;;;;;;;;;;;;;2.6;8.3;9.4;29.9;;;;;;;;;;;;;;;;245;;
STK;14.11.1998 00:00;;;;;;;;;;;;;;5.3;21.2;19.1;76.3;;;;;;;;;;;;;;;;228;;
STK;15.11.1998 00:00;;;;;;;;;;;;;;8.4;15.8;30.2;56.9;;;;;;;;;;;;;;;;237;;
STK;16.11.1998 00:00;;;;;;;;;;;;;;6.1;13;22;46.8;;;;;;;;;;;;;;;;235;;
STK;18.11.1998 00:00;;;;;;;;;;;;;;2.3;9;8.3;32.4;;;;;;;;;;;;;;;;55;;
STK;19.11.1998 00:00;;;;;;;;;;;;;;1.7;5;6.1;18;;;;;;;;;;;;;;;;225;;
STK;20.11.1998 00:00;;;;;;;;;;;;;;4.9;11.2;17.6;40.3;;;;;;;;;;;;;;;;57;;
STK;21.11.1998 00:00;;;;;;;;;;;;;;7.7;15.1;27.7;54.4;;;;;;;;;;;;;;;;61;;
STK;22.11.1998 00:00;;;;;;;;;;;;;;2.9;15;10.4;54;;;;;;;;;;;;;;;;66;;
STK;23.11.1998 00:00;;;;;;;;;;;;;;0.9;4.8;3.2;17.3;;;;;;;;;;;;;;;;180;;
STK;24.11.1998 00:00;;;;;;;;;;;;;;0.9;3.7;3.2;13.3;;;;;;;;;;;;;;;;45;;
STK;25.11.1998 00:00;;;;;;;;;;;;;;0.9;3.7;3.2;13.3;;;;;;;;;;;;;;;;135;;
STK;26.11.1998 00:00;;;;;;;;;;;;;;2.5;9.1;9;32.8;;;;;;;;;;;;;;;;223;;
STK;27.11.1998 00:00;;;;;;;;;;;;;;4.1;11.2;14.8;40.3;;;;;;;;;;;;;;;;228;;
STK;28.11.1998 00:00;;;;;;;;;;;;;;0.7;3;2.5;10.8;;;;;;;;;;;;;;;;63;;
STK;29.11.1998 00:00;;;;;;;;;;;;;;0.9;3.2;3.2;11.5;;;;;;;;;;;;;;;;236;;
STK;30.11.1998 00:00;;;;;;;;;;;;;;5.1;13.1;18.4;47.2;;;;;;;;;;;;;;;;52;;
STK;01.12.1998 00:00;;;;;;;;;;;;;;7.8;13.6;28.1;49;;;;;;;;;;;;;;;;61;;
STK;02.12.1998 00:00;;;;;;;;;;;;;;3.3;11;11.9;39.6;;;;;;;;;;;;;;;;51;;
STK;03.12.1998 00:00;;;;;;;;;;;;;;1.8;4.2;6.5;15.1;;;;;;;;;;;;;;;;7;;
STK;04.12.1998 00:00;;;;;;;;;;;;;;3.7;12.5;13.3;45;;;;;;;;;;;;;;;;252;;
STK;05.12.1998 00:00;;;;;;;;;;;;;;8.8;17.2;31.7;61.9;;;;;;;;;;;;;;;;231;;
STK;06.12.1998 00:00;;;;;;;;;;;;;;7.8;14.1;28.1;50.8;;;;;;;;;;;;;;;;244;;
STK;07.12.1998 00:00;;;;;;;;;;;;;;6.2;12.5;22.3;45;;;;;;;;;;;;;;;;236;;
STK;08.12.1998 00:00;;;;;;;;;;;;;;1.9;7.6;6.8;27.4;;;;;;;;;;;;;;;;216;;
STK;09.12.1998 00:00;;;;;;;;;;;;;;0.8;3.6;2.9;13;;;;;;;;;;;;;;;;252;;
STK;10.12.1998 00:00;;;;;;;;;;;;;;1.1;4.3;4;15.5;;;;;;;;;;;;;;;;217;;
STK;11.12.1998 00:00;;;;;;;;;;;;;;4;12.2;14.4;43.9;;;;;;;;;;;;;;;;235;;
STK;12.12.1998 00:00;;;;;;;;;;;;;;3;11.1;10.8;40;;;;;;;;;;;;;;;;228;;
STK;13.12.1998 00:00;;;;;;;;;;;;;;6.7;19;24.1;68.4;;;;;;;;;;;;;;;;240;;
STK;14.12.1998 00:00;;;;;;;;;;;;;;2.9;7.3;10.4;26.3;;;;;;;;;;;;;;;;226;;
STK;15.12.1998 00:00;;;;;;;;;;;;;;0.8;3.3;2.9;11.9;;;;;;;;;;;;;;;;217;;
STK;16.12.1998 00:00;;;;;;;;;;;;;;1.7;7.7;6.1;27.7;;;;;;;;;;;;;;;;225;;
STK;17.12.1998 00:00;;;;;;;;;;;;;;1.9;6.3;;22.7;;;;;;;;;;;;;;;;326;;
STK;18.12.1998 00:00;;;;;;;;;;;;;;1.2;6.1;4.3;22;;;;;;;;;;;;;;;;211;;
STK;19.12.1998 00:00;;;;;;;;;;;;;;4.7;20.2;16.9;72.7;;;;;;;;;;;;;;;;238;;
STK;20.12.1998 00:00;;;;;;;;;;;;;;2.3;8.6;8.3;31;;;;;;;;;;;;;;;;42;;
STK;21.12.1998 00:00;;;;;;;;;;;;;;2.3;8.7;8.3;31.3;;;;;;;;;;;;;;;;18;;
STK;22.12.1998 00:00;;;;;;;;;;;;;;1.9;5.6;6.8;20.2;;;;;;;;;;;;;;;;223;;
STK;23.12.1998 00:00;;;;;;;;;;;;;;1.1;4.6;4;16.6;;;;;;;;;;;;;;;;198;;
STK;24.12.1998 00:00;;;;;;;;;;;;;;2.1;9.6;7.6;34.6;;;;;;;;;;;;;;;;238;;
STK;25.12.1998 00:00;;;;;;;;;;;;;;2.6;7.5;9.4;27;;;;;;;;;;;;;;;;228;;
STK;26.12.1998 00:00;;;;;;;;;;;;;;2.8;9.8;10.1;35.3;;;;;;;;;;;;;;;;233;;
STK;27.12.1998 00:00;;;;;;;;;;;;;;2.4;10.1;8.6;36.4;;;;;;;;;;;;;;;;236;;
STK;28.12.1998 00:00;;;;;;;;;;;;;;1.1;5.1;4;18.4;;;;;;;;;;;;;;;;180;;
STK;29.12.1998 00:00;;;;;;;;;;;;;;1;5.7;3.6;20.5;;;;;;;;;;;;;;;;81;;
STK;30.12.1998 00:00;;;;;;;;;;;;;;0.8;4.2;2.9;15.1;;;;;;;;;;;;;;;;72;;
STK;31.12.1998 00:00;;;;;;;;;;;;;;1.1;5;4;18;;;;;;;;;;;;;;;;73;;
STK;01.01.1999 00:00;;;;;;;;;;;;;;1;4.6;3.6;16.6;;;;;;;;;;;;;;;;219;;
STK;02.01.1999 00:00;;;;;;;;;;;;;;0.8;9.2;2.9;33.1;;;;;;;;;;;;;;;;236;;
STK;03.01.1999 00:00;;;;;;;;;;;;;;6.6;22.6;23.8;81.4;;;;;;;;;;;;;;;;231;;
STK;04.01.1999 00:00;;;;;;;;;;;;;;4.5;12.8;16.2;46.1;;;;;;;;;;;;;;;;228;;
STK;05.01.1999 00:00;;;;;;;;;;;;;;0.8;5.2;2.9;18.7;;;;;;;;;;;;;;;;225;;
STK;06.01.1999 00:00;;;;;;;;;;;;;;0.5;2.5;1.8;9;;;;;;;;;;;;;;;;225;;
STK;07.01.1999 00:00;;;;;;;;;;;;;;4;18.7;14.4;67.3;;;;;;;;;;;;;;;;237;;
STK;08.01.1999 00:00;;;;;;;;;;;;;;7.1;19.6;25.6;70.6;;;;;;;;;;;;;;;;237;;
STK;09.01.1999 00:00;;;;;;;;;;;;;;4.7;13;16.9;46.8;;;;;;;;;;;;;;;;231;;
STK;10.01.1999 00:00;;;;;;;;;;;;;;3.2;11;11.5;39.6;;;;;;;;;;;;;;;;54;;
STK;11.01.1999 00:00;;;;;;;;;;;;;;3;11.8;10.8;42.5;;;;;;;;;;;;;;;;254;;
STK;12.01.1999 00:00;;;;;;;;;;;;;;5;13.5;18;48.6;;;;;;;;;;;;;;;;236;;
STK;13.01.1999 00:00;;;;;;;;;;;;;;6.9;14;24.8;50.4;;;;;;;;;;;;;;;;232;;
STK;14.01.1999 00:00;;;;;;;;;;;;;;6.7;13.7;24.1;49.3;;;;;;;;;;;;;;;;230;;
STK;15.01.1999 00:00;;;;;;;;;;;;;;3.6;12.7;13;45.7;;;;;;;;;;;;;;;;232;;
STK;16.01.1999 00:00;;;;;;;;;;;;;;2;8.6;7.2;31;;;;;;;;;;;;;;;;217;;
STK;17.01.1999 00:00;;;;;;;;;;;;;;0.9;4;3.2;14.4;;;;;;;;;;;;;;;;135;;
STK;18.01.1999 00:00;;;;;;;;;;;;;;1;5.6;3.6;20.2;;;;;;;;;;;;;;;;198;;
STK;19.01.1999 00:00;;;;;;;;;;;;;;0.5;2.2;1.8;7.9;;;;;;;;;;;;;;;;270;;
STK;20.01.1999 00:00;;;;;;;;;;;;;;0.6;2.7;2.2;9.7;;;;;;;;;;;;;;;;53;;
STK;21.01.1999 00:00;;;;;;;;;;;;;;0.6;2.3;2.2;8.3;;;;;;;;;;;;;;;;72;;
STK;22.01.1999 00:00;;;;;;;;;;;;;;0.6;3;2.2;10.8;;;;;;;;;;;;;;;;81;;
STK;23.01.1999 00:00;;;;;;;;;;;;;;0.8;3.7;2.9;13.3;;;;;;;;;;;;;;;;81;;
STK;24.01.1999 00:00;;;;;;;;;;;;;;0.9;3.7;3.2;13.3;;;;;;;;;;;;;;;;198;;
STK;25.01.1999 00:00;;;;;;;;;;;;;;2.2;9.7;7.9;34.9;;;;;;;;;;;;;;;;240;;
STK;26.01.1999 00:00;;;;;;;;;;;;;;4.7;14.8;16.9;53.3;;;;;;;;;;;;;;;;232;;
STK;27.01.1999 00:00;;;;;;;;;;;;;;8;19.7;28.8;70.9;;;;;;;;;;;;;;;;239;;
STK;28.01.1999 00:00;;;;;;;;;;;;;;6.8;17.2;24.5;61.9;;;;;;;;;;;;;;;;236;;
STK;29.01.1999 00:00;;;;;;;;;;;;;;4.1;12.1;14.8;43.6;;;;;;;;;;;;;;;;44;;
STK;30.01.1999 00:00;;;;;;;;;;;;;;2.6;10.3;9.4;37.1;;;;;;;;;;;;;;;;28;;
STK;31.01.1999 00:00;;;;;;;;;;;;;;4.6;10.1;16.6;36.4;;;;;;;;;;;;;;;;51;;
STK;01.02.1999 00:00;;;;;;;;;;;;;;1.7;6.3;6.1;22.7;;;;;;;;;;;;;;;;28;;
STK;02.02.1999 00:00;;;;;;;;;;;;;;0.8;3.8;2.9;13.7;;;;;;;;;;;;;;;;0;;
STK;03.02.1999 00:00;;;;;;;;;;;;;;2.1;6.5;7.6;23.4;;;;;;;;;;;;;;;;231;;
STK;04.02.1999 00:00;;;;;;;;;;;;;;6.5;22.6;23.4;81.4;;;;;;;;;;;;;;;;229;;
STK;05.02.1999 00:00;;;;;;;;;;;;;;9.1;18.8;32.8;67.7;;;;;;;;;;;;;;;;235;;
STK;06.02.1999 00:00;;;;;;;;;;;;;;5.2;12.6;18.7;45.4;;;;;;;;;;;;;;;;241;;
STK;07.02.1999 00:00;;;;;;;;;;;;;;7.1;15.6;25.6;56.2;;;;;;;;;;;;;;;;237;;
STK;08.02.1999 00:00;;;;;;;;;;;;;;6.7;16.8;24.1;60.5;;;;;;;;;;;;;;;;233;;
STK;09.02.1999 00:00;;;;;;;;;;;;;;1.2;5.7;4.3;20.5;;;;;;;;;;;;;;;;24;;
STK;10.02.1999 00:00;;;;;;;;;;;;;;1.3;4.1;4.7;14.8;;;;;;;;;;;;;;;;207;;
STK;11.02.1999 00:00;;;;;;;;;;;;;;2.1;8.1;7.6;29.2;;;;;;;;;;;;;;;;63;;
STK;12.02.1999 00:00;;;;;;;;;;;;;;1.9;10;6.8;36;;;;;;;;;;;;;;;;45;;
STK;13.02.1999 00:00;;;;;;;;;;;;;;2.4;8.6;8.6;31;;;;;;;;;;;;;;;;55;;
STK;14.02.1999 00:00;;;;;;;;;;;;;;2;6.2;7.2;22.3;;;;;;;;;;;;;;;;214;;
STK;15.02.1999 00:00;;;;;;;;;;;;;;1.2;4.7;4.3;16.9;;;;;;;;;;;;;;;;201;;
STK;16.02.1999 00:00;;;;;;;;;;;;;;6;16.3;21.6;58.7;;;;;;;;;;;;;;;;234;;
STK;17.02.1999 00:00;;;;;;;;;;;;;;8;19.8;28.8;71.3;;;;;;;;;;;;;;;;244;;
STK;18.02.1999 00:00;;;;;;;;;;;;;;4.3;9.8;15.5;35.3;;;;;;;;;;;;;;;;236;;
STK;19.02.1999 00:00;;;;;;;;;;;;;;8.2;19;29.5;68.4;;;;;;;;;;;;;;;;229;;
STK;20.02.1999 00:00;;;;;;;;;;;;;;7.8;17.2;28.1;61.9;;;;;;;;;;;;;;;;230;;
STK;21.02.1999 00:00;;;;;;;;;;;;;;9;20.2;32.4;72.7;;;;;;;;;;;;;;;;236;;
STK;22.02.1999 00:00;;;;;;;;;;;;;;7.7;18.5;27.7;66.6;;;;;;;;;;;;;;;;247;;
STK;23.02.1999 00:00;;;;;;;;;;;;;;9.8;20.5;35.3;73.8;;;;;;;;;;;;;;;;244;;
STK;24.02.1999 00:00;;;;;;;;;;;;;;3.5;10.6;12.6;38.2;;;;;;;;;;;;;;;;234;;
STK;25.02.1999 00:00;;;;;;;;;;;;;;1.8;7.6;6.5;27.4;;;;;;;;;;;;;;;;54;;
STK;26.02.1999 00:00;;;;;;;;;;;;;;1.2;5.2;4.3;18.7;;;;;;;;;;;;;;;;207;;
STK;27.02.1999 00:00;;;;;;;;;;;;;;0.6;2.7;2.2;9.7;;;;;;;;;;;;;;;;63;;
STK;28.02.1999 00:00;;;;;;;;;;;;;;0.7;4.3;2.5;15.5;;;;;;;;;;;;;;;;214;;
STK;01.03.1999 00:00;;;;;;;;;;;;;;6.4;18.5;23;66.6;;;;;;;;;;;;;;;;231;;
STK;02.03.1999 00:00;;;;;;;;;;;;;;8.4;18.1;30.2;65.2;;;;;;;;;;;;;;;;229;;
STK;03.03.1999 00:00;;;;;;;;;;;;;;4.3;16.7;15.5;60.1;;;;;;;;;;;;;;;;238;;
STK;04.03.1999 00:00;;;;;;;;;;;;;;3;10.6;10.8;38.2;;;;;;;;;;;;;;;;235;;
STK;05.03.1999 00:00;;;;;;;;;;;;;;3.3;12.6;11.9;45.4;;;;;;;;;;;;;;;;229;;
STK;06.03.1999 00:00;;;;;;;;;;;;;;3.4;9.6;12.2;34.6;;;;;;;;;;;;;;;;230;;
STK;07.03.1999 00:00;;;;;;;;;;;;;;4.3;14.1;15.5;50.8;;;;;;;;;;;;;;;;235;;
STK;08.03.1999 00:00;;;;;;;;;;;;;;1.8;11.2;6.5;40.3;;;;;;;;;;;;;;;;238;;
STK;09.03.1999 00:00;;;;;;;;;;;;;;2;9.5;7.2;34.2;;;;;;;;;;;;;;;;222;;
STK;10.03.1999 00:00;;;;;;;;;;;;;;1.2;4.5;4.3;16.2;;;;;;;;;;;;;;;;230;;
STK;11.03.1999 00:00;;;;;;;;;;;;;;1.5;5.5;5.4;19.8;;;;;;;;;;;;;;;;63;;
STK;12.03.1999 00:00;;;;;;;;;;;;;;0.9;2.7;3.2;9.7;;;;;;;;;;;;;;;;59;;
STK;13.03.1999 00:00;;;;;;;;;;;;;;0.9;3.7;3.2;13.3;;;;;;;;;;;;;;;;180;;
STK;14.03.1999 00:00;;;;;;;;;;;;;;0.9;15.6;3.2;56.2;;;;;;;;;;;;;;;;76;;
STK;15.03.1999 00:00;;;;;;;;;;;;;;1.3;6.6;4.7;23.8;;;;;;;;;;;;;;;;56;;
STK;16.03.1999 00:00;;;;;;;;;;;;;;2.3;9;8.3;32.4;;;;;;;;;;;;;;;;55;;
STK;17.03.1999 00:00;;;;;;;;;;;;;;3.9;10;14;36;;;;;;;;;;;;;;;;56;;
STK;18.03.1999 00:00;;;;;;;;;;;;;;1.5;6.1;5.4;22;;;;;;;;;;;;;;;;45;;
STK;19.03.1999 00:00;;;;;;;;;;;;;;2;7.6;7.2;27.4;;;;;;;;;;;;;;;;236;;
STK;20.03.1999 00:00;;;;;;;;;;;;;;1.7;5.3;6.1;19.1;;;;;;;;;;;;;;;;229;;
STK;21.03.1999 00:00;;;;;;;;;;;;;;3.4;12;12.2;43.2;;;;;;;;;;;;;;;;240;;
STK;22.03.1999 00:00;;;;;;;;;;;;;;6.7;16.8;24.1;60.5;;;;;;;;;;;;;;;;234;;
STK;23.03.1999 00:00;;;;;;;;;;;;;;6.4;15.6;23;56.2;;;;;;;;;;;;;;;;231;;
STK;24.03.1999 00:00;;;;;;;;;;;;;;1.7;6.5;6.1;23.4;;;;;;;;;;;;;;;;76;;
STK;25.03.1999 00:00;;;;;;;;;;;;;;1;3.3;3.6;11.9;;;;;;;;;;;;;;;;214;;
STK;26.03.1999 00:00;;;;;;;;;;;;;;1.5;5.3;5.4;19.1;;;;;;;;;;;;;;;;221;;
STK;27.03.1999 00:00;;;;;;;;;;;;;;3.5;10.8;12.6;38.9;;;;;;;;;;;;;;;;242;;
STK;28.03.1999 00:00;;;;;;;;;;;;;;2.8;9.3;10.1;33.5;;;;;;;;;;;;;;;;247;;
STK;29.03.1999 00:00;;;;;;;;;;;;;;0.9;3.8;3.2;13.7;;;;;;;;;;;;;;;;90;;
STK;30.03.1999 00:00;;;;;;;;;;;;;;0.7;2.7;2.5;9.7;;;;;;;;;;;;;;;;63;;
STK;31.03.1999 00:00;;;;;;;;;;;;;;1;5.2;3.6;18.7;;;;;;;;;;;;;;;;56;;
STK;01.04.1999 00:00;;;;;;;;;;;;;;1.1;3;4;10.8;;;;;;;;;;;;;;;;90;;
STK;02.04.1999 00:00;;;;;;;;;;;;;;1.4;6.7;5;24.1;;;;;;;;;;;;;;;;219;;
STK;03.04.1999 00:00;;;;;;;;;;;;;;1.8;4.6;6.5;16.6;;;;;;;;;;;;;;;;124;;
STK;04.04.1999 00:00;;;;;;;;;;;;;;4.1;12.6;14.8;45.4;;;;;;;;;;;;;;;;243;;
STK;05.04.1999 00:00;;;;;;;;;;;;;;1.4;4.8;5;17.3;;;;;;;;;;;;;;;;69;;
STK;06.04.1999 00:00;;;;;;;;;;;;;;2.2;9.3;7.9;33.5;;;;;;;;;;;;;;;;234;;
STK;07.04.1999 00:00;;;;;;;;;;;;;;3.5;16.5;12.6;59.4;;;;;;;;;;;;;;;;229;;
STK;08.04.1999 00:00;;;;;;;;;;;;;;2.1;9.5;7.6;34.2;;;;;;;;;;;;;;;;30;;
STK;09.04.1999 00:00;;;;;;;;;;;;;;1.4;5.5;5;19.8;;;;;;;;;;;;;;;;52;;
STK;10.04.1999 00:00;;;;;;;;;;;;;;1.8;5.5;6.5;19.8;;;;;;;;;;;;;;;;225;;
STK;11.04.1999 00:00;;;;;;;;;;;;;;4.6;10.6;16.6;38.2;;;;;;;;;;;;;;;;236;;
STK;12.04.1999 00:00;;;;;;;;;;;;;;5.2;17.8;18.7;64.1;;;;;;;;;;;;;;;;234;;
STK;13.04.1999 00:00;;;;;;;;;;;;;;7.6;16.3;27.4;58.7;;;;;;;;;;;;;;;;234;;
STK;14.04.1999 00:00;;;;;;;;;;;;;;6.1;14.2;22;51.1;;;;;;;;;;;;;;;;231;;
STK;15.04.1999 00:00;;;;;;;;;;;;;;4.7;19;16.9;68.4;;;;;;;;;;;;;;;;241;;
STK;16.04.1999 00:00;;;;;;;;;;;;;;0.6;3.2;2.2;11.5;;;;;;;;;;;;;;;;315;;
STK;17.04.1999 00:00;;;;;;;;;;;;;;1.7;6.5;6.1;23.4;;;;;;;;;;;;;;;;225;;
STK;18.04.1999 00:00;;;;;;;;;;;;;;3.4;19.8;12.2;71.3;;;;;;;;;;;;;;;;235;;
STK;19.04.1999 00:00;;;;;;;;;;;;;;3.1;13.5;11.2;48.6;;;;;;;;;;;;;;;;231;;
STK;20.04.1999 00:00;;;;;;;;;;;;;;1.2;4.1;4.3;14.8;;;;;;;;;;;;;;;;56;;
STK;21.04.1999 00:00;;;;;;;;;;;;;;2.1;8.7;7.6;31.3;;;;;;;;;;;;;;;;225;;
STK;22.04.1999 00:00;;;;;;;;;;;;;;3.2;15.2;11.5;54.7;;;;;;;;;;;;;;;;239;;
STK;23.04.1999 00:00;;;;;;;;;;;;;;1.9;9.2;6.8;33.1;;;;;;;;;;;;;;;;231;;
STK;24.04.1999 00:00;;;;;;;;;;;;;;1.6;4;5.8;14.4;;;;;;;;;;;;;;;;198;;
STK;25.04.1999 00:00;;;;;;;;;;;;;;1.3;5;4.7;18;;;;;;;;;;;;;;;;51;;
STK;26.04.1999 00:00;;;;;;;;;;;;;;1.6;6.2;5.8;22.3;;;;;;;;;;;;;;;;60;;
STK;27.04.1999 00:00;;;;;;;;;;;;;;1.9;10;6.8;36;;;;;;;;;;;;;;;;60;;
STK;28.04.1999 00:00;;;;;;;;;;;;;;3.4;10;12.2;36;;;;;;;;;;;;;;;;54;;
STK;29.04.1999 00:00;;;;;;;;;;;;;;1.6;9.3;5.8;33.5;;;;;;;;;;;;;;;;56;;
STK;30.04.1999 00:00;;;;;;;;;;;;;;3;10.2;10.8;36.7;;;;;;;;;;;;;;;;234;;
STK;01.05.1999 00:00;;;;;;;;;;;;;;1.4;9.5;5;34.2;;;;;;;;;;;;;;;;236;;
STK;02.05.1999 00:00;;;;;;;;;;;;;;1;3.3;3.6;11.9;;;;;;;;;;;;;;;;45;;
STK;03.05.1999 00:00;;;;;;;;;;;;;;3.4;11.3;12.2;40.7;;;;;;;;;;;;;;;;60;;
STK;04.05.1999 00:00;;;;;;;;;;;;;;4.8;10;17.3;36;;;;;;;;;;;;;;;;55;;
STK;05.05.1999 00:00;;;;;;;;;;;;;;1.9;6.7;6.8;24.1;;;;;;;;;;;;;;;;62;;
STK;06.05.1999 00:00;;;;;;;;;;;;;;2.3;8;8.3;28.8;;;;;;;;;;;;;;;;219;;
STK;07.05.1999 00:00;;;;;;;;;;;;;;1.8;17;6.5;61.2;;;;;;;;;;;;;;;;68;;
STK;08.05.1999 00:00;;;;;;;;;;;;;;2.7;14.3;9.7;51.5;;;;;;;;;;;;;;;;227;;
STK;09.05.1999 00:00;;;;;;;;;;;;;;1.6;4;5.8;14.4;;;;;;;;;;;;;;;;40;;
STK;10.05.1999 00:00;;;;;;;;;;;;;;1.9;10.8;6.8;38.9;;;;;;;;;;;;;;;;232;;
STK;11.05.1999 00:00;;;;;;;;;;;;;;1.4;4.3;5;15.5;;;;;;;;;;;;;;;;230;;
STK;12.05.1999 00:00;;;;;;;;;;;;;;1.4;5.1;5;18.4;;;;;;;;;;;;;;;;221;;
STK;13.05.1999 00:00;;;;;;;;;;;;;;1.7;9.1;6.1;32.8;;;;;;;;;;;;;;;;228;;
STK;14.05.1999 00:00;;;;;;;;;;;;;;1.9;7.8;6.8;28.1;;;;;;;;;;;;;;;;228;;
STK;15.05.1999 00:00;;;;;;;;;;;;;;1.7;6.2;6.1;22.3;;;;;;;;;;;;;;;;49;;
STK;16.05.1999 00:00;;;;;;;;;;;;;;3.4;10.2;12.2;36.7;;;;;;;;;;;;;;;;53;;
STK;17.05.1999 00:00;;;;;;;;;;;;;;3.8;8.7;13.7;31.3;;;;;;;;;;;;;;;;48;;
STK;18.05.1999 00:00;;;;;;;;;;;;;;1.7;7.2;6.1;25.9;;;;;;;;;;;;;;;;45;;
STK;19.05.1999 00:00;;;;;;;;;;;;;;2.4;14.8;8.6;53.3;;;;;;;;;;;;;;;;243;;
STK;20.05.1999 00:00;;;;;;;;;;;;;;1.8;8;6.5;28.8;;;;;;;;;;;;;;;;218;;
STK;21.05.1999 00:00;;;;;;;;;;;;;;5.9;10.2;21.2;36.7;;;;;;;;;;;;;;;;248;;
STK;22.05.1999 00:00;;;;;;;;;;;;;;3.1;10.3;11.2;37.1;;;;;;;;;;;;;;;;229;;
STK;23.05.1999 00:00;;;;;;;;;;;;;;1.5;4.7;5.4;16.9;;;;;;;;;;;;;;;;99;;
STK;24.05.1999 00:00;;;;;;;;;;;;;;1;3.2;3.6;11.5;;;;;;;;;;;;;;;;72;;
STK;25.05.1999 00:00;;;;;;;;;;;;;;2;8;7.2;28.8;;;;;;;;;;;;;;;;256;;
STK;26.05.1999 00:00;;;;;;;;;;;;;;1.5;4.7;5.4;16.9;;;;;;;;;;;;;;;;61;;
STK;27.05.1999 00:00;;;;;;;;;;;;;;1.2;5;4.3;18;;;;;;;;;;;;;;;;76;;
STK;28.05.1999 00:00;;;;;;;;;;;;;;2.7;12;9.7;43.2;;;;;;;;;;;;;;;;241;;
STK;29.05.1999 00:00;;;;;;;;;;;;;;1.7;6.3;6.1;22.7;;;;;;;;;;;;;;;;49;;
STK;30.05.1999 00:00;;;;;;;;;;;;;;1.6;8;5.8;28.8;;;;;;;;;;;;;;;;225;;
STK;31.05.1999 00:00;;;;;;;;;;;;;;1.4;13.3;5;47.9;;;;;;;;;;;;;;;;360;;
STK;01.06.1999 00:00;;;;;;;;;;;;;;1.4;4;5;14.4;;;;;;;;;;;;;;;;66;;
STK;02.06.1999 00:00;;;;;;;;;;;;;;3;17.8;10.1;64.1;;;;;;;;;;;;;;;;220;;
STK;03.06.1999 00:00;;;;;;;;;;;;;;2.3;7.8;8.6;28.1;;;;;;;;;;;;;;;;233;;
STK;04.06.1999 00:00;;;;;;;;;;;;;;4.2;12.6;15.1;45.4;;;;;;;;;;;;;;;;228;;
STK;05.06.1999 00:00;;;;;;;;;;;;;;2.4;11.2;8.6;40.3;;;;;;;;;;;;;;;;261;;
STK;06.06.1999 00:00;;;;;;;;;;;;;;2.1;10.7;7.6;38.5;;;;;;;;;;;;;;;;227;;
STK;09.06.1999 00:00;;;;;;;;;;;;;;1.2;4.5;4.3;16.2;;;;;;;;;;;;;;;;63;;
STK;10.06.1999 00:00;;;;;;;;;;;;;;1.2;4.2;4.3;15.1;;;;;;;;;;;;;;;;214;;
STK;11.06.1999 00:00;;;;;;;;;;;;;;1.5;5.6;5.4;20.2;;;;;;;;;;;;;;;;225;;
STK;12.06.1999 00:00;;;;;;;;;;;;;;1.6;9.2;5.8;33.1;;;;;;;;;;;;;;;;45;;
STK;13.06.1999 00:00;;;;;;;;;;;;;;2.4;13.8;8.6;49.7;;;;;;;;;;;;;;;;239;;
STK;14.06.1999 00:00;;;;;;;;;;;;;;1.3;12.1;4.7;43.6;;;;;;;;;;;;;;;;270;;
STK;15.06.1999 00:00;;;;;;;;;;;;;;1.3;5;4.7;18;;;;;;;;;;;;;;;;66;;
STK;16.06.1999 00:00;;;;;;;;;;;;;;1.5;6.7;5.4;24.1;;;;;;;;;;;;;;;;58;;
STK;17.06.1999 00:00;;;;;;;;;;;;;;1.1;3.7;4;13.3;;;;;;;;;;;;;;;;72;;
STK;18.06.1999 00:00;;;;;;;;;;;;;;2.2;7.5;7.6;27;;;;;;;;;;;;;;;;42;;
STK;19.06.1999 00:00;;;;;;;;;;;;;;1.3;7.5;4.7;27;;;;;;;;;;;;;;;;79;;
STK;20.06.1999 00:00;;;;;;;;;;;;;;2.7;10.1;9.7;36.4;;;;;;;;;;;;;;;;240;;
STK;21.06.1999 00:00;;;;;;;;;;;;;;4.4;13.1;15.8;47.2;;;;;;;;;;;;;;;;241;;
STK;22.06.1999 00:00;;;;;;;;;;;;;;2.6;8;9.4;28.8;;;;;;;;;;;;;;;;243;;
STK;23.06.1999 00:00;;;;;;;;;;;;;;2.2;6.7;7.9;24.1;;;;;;;;;;;;;;;;61;;
STK;24.06.1999 00:00;;;;;;;;;;;;;;1.3;5.1;4.7;18.4;;;;;;;;;;;;;;;;67;;
STK;25.06.1999 00:00;;;;;;;;;;;;;;1.2;3.5;4.3;12.6;;;;;;;;;;;;;;;;90;;
STK;26.06.1999 00:00;;;;;;;;;;;;;;2.4;12.8;8.6;46.1;;;;;;;;;;;;;;;;230;;
STK;27.06.1999 00:00;;;;;;;;;;;;;;3;22;10.8;79.2;;;;;;;;;;;;;;;;162;;
STK;28.06.1999 00:00;;;;;;;;;;;;;;3;10.1;10.8;36.4;;;;;;;;;;;;;;;;226;;
STK;29.06.1999 00:00;;;;;;;;;;;;;;1.7;6.8;6.1;24.5;;;;;;;;;;;;;;;;225;;
STK;30.06.1999 00:00;;;;;;;;;;;;;;2.1;16.2;7.6;58.3;;;;;;;;;;;;;;;;227;;
STK;01.07.1999 00:00;;;;;;;;;;;;;;1.6;5.5;5.8;19.8;;;;;;;;;;;;;;;;232;;
STK;02.07.1999 00:00;;;;;;;;;;;;;;1.4;3.8;5;13.7;;;;;;;;;;;;;;;;67;;
STK;03.07.1999 00:00;;;;;;;;;;;;;;1.3;4.5;4.7;16.2;;;;;;;;;;;;;;;;207;;
STK;04.07.1999 00:00;;;;;;;;;;;;;;1.2;3.3;4.3;11.9;;;;;;;;;;;;;;;;90;;
STK;05.07.1999 00:00;;;;;;;;;;;;;;2.1;10.7;7.6;38.5;;;;;;;;;;;;;;;;252;;
STK;06.07.1999 00:00;;;;;;;;;;;;;;2.8;16;10.1;57.6;;;;;;;;;;;;;;;;225;;
STK;07.07.1999 00:00;;;;;;;;;;;;;;3.4;9.8;12.2;35.3;;;;;;;;;;;;;;;;235;;
STK;08.07.1999 00:00;;;;;;;;;;;;;;1.6;4.7;5.8;16.9;;;;;;;;;;;;;;;;14;;
STK;09.07.1999 00:00;;;;;;;;;;;;;;4.2;11.3;15.1;40.7;;;;;;;;;;;;;;;;55;;
STK;10.07.1999 00:00;;;;;;;;;;;;;;2.4;8.5;8.6;30.6;;;;;;;;;;;;;;;;55;;
STK;11.07.1999 00:00;;;;;;;;;;;;;;1.1;5.7;4;20.5;;;;;;;;;;;;;;;;60;;
STK;12.07.1999 00:00;;;;;;;;;;;;;;2.3;8.7;8.3;31.3;;;;;;;;;;;;;;;;233;;
STK;13.07.1999 00:00;;;;;;;;;;;;;;2.6;12.7;9.4;45.7;;;;;;;;;;;;;;;;235;;
STK;14.07.1999 00:00;;;;;;;;;;;;;;5.2;15.7;18.7;56.5;;;;;;;;;;;;;;;;240;;
STK;15.07.1999 00:00;;;;;;;;;;;;;;2.9;9.6;10.4;34.6;;;;;;;;;;;;;;;;239;;
STK;16.07.1999 00:00;;;;;;;;;;;;;;2.1;13.2;7.6;47.5;;;;;;;;;;;;;;;;239;;
STK;17.07.1999 00:00;;;;;;;;;;;;;;1.3;5.5;4.7;19.8;;;;;;;;;;;;;;;;45;;
STK;18.07.1999 00:00;;;;;;;;;;;;;;1.4;4;5;14.4;;;;;;;;;;;;;;;;90;;
STK;19.07.1999 00:00;;;;;;;;;;;;;;1.7;9.6;6.1;34.6;;;;;;;;;;;;;;;;236;;
STK;20.07.1999 00:00;;;;;;;;;;;;;;1.8;13.5;6.5;48.6;;;;;;;;;;;;;;;;234;;
STK;21.07.1999 00:00;;;;;;;;;;;;;;4.3;13.8;15.5;49.7;;;;;;;;;;;;;;;;243;;
STK;22.07.1999 00:00;;;;;;;;;;;;;;3.6;13.5;13;48.6;;;;;;;;;;;;;;;;252;;
STK;23.07.1999 00:00;;;;;;;;;;;;;;3.3;8.6;11.9;31;;;;;;;;;;;;;;;;259;;
STK;24.07.1999 00:00;;;;;;;;;;;;;;3;8;10.8;28.8;;;;;;;;;;;;;;;;54;;
STK;25.07.1999 00:00;;;;;;;;;;;;;;3;9.3;10.8;33.5;;;;;;;;;;;;;;;;63;;
STK;26.07.1999 00:00;;;;;;;;;;;;;;1.4;5.3;5;19.1;;;;;;;;;;;;;;;;60;;
STK;27.07.1999 00:00;;;;;;;;;;;;;;1.3;5.6;4.7;20.2;;;;;;;;;;;;;;;;58;;
STK;28.07.1999 00:00;;;;;;;;;;;;;;2.1;6.3;7.6;22.7;;;;;;;;;;;;;;;;49;;
STK;29.07.1999 00:00;;;;;;;;;;;;;;2.6;9.1;9.4;32.8;;;;;;;;;;;;;;;;65;;
STK;30.07.1999 00:00;;;;;;;;;;;;;;2;7.8;7.2;28.1;;;;;;;;;;;;;;;;65;;
STK;31.07.1999 00:00;;;;;;;;;;;;;;1.1;4.7;4;16.9;;;;;;;;;;;;;;;;79;;
STK;01.08.1999 00:00;;;;;;;;;;;;;;1.3;3.3;4.7;11.9;;;;;;;;;;;;;;;;108;;
STK;02.08.1999 00:00;;;;;;;;;;;;;;1.4;5.2;5;18.7;;;;;;;;;;;;;;;;72;;
STK;03.08.1999 00:00;;;;;;;;;;;;;;2.1;6.8;7.6;24.5;;;;;;;;;;;;;;;;191;;
STK;04.08.1999 00:00;;;;;;;;;;;;;;1.2;7.7;4.3;27.7;;;;;;;;;;;;;;;;225;;
STK;05.08.1999 00:00;;;;;;;;;;;;;;1.7;7.8;6.1;28.1;;;;;;;;;;;;;;;;230;;
STK;06.08.1999 00:00;;;;;;;;;;;;;;2.6;24.1;9.4;86.8;;;;;;;;;;;;;;;;225;;
STK;07.08.1999 00:00;;;;;;;;;;;;;;1.8;8.8;6.5;31.7;;;;;;;;;;;;;;;;238;;
STK;08.08.1999 00:00;;;;;;;;;;;;;;2.1;13.7;7.6;49.3;;;;;;;;;;;;;;;;180;;
STK;09.08.1999 00:00;;;;;;;;;;;;;;2;9.6;7.2;34.6;;;;;;;;;;;;;;;;198;;
STK;10.08.1999 00:00;;;;;;;;;;;;;;2.9;10.2;10.4;36.7;;;;;;;;;;;;;;;;226;;
STK;11.08.1999 00:00;;;;;;;;;;;;;;4;13.7;14.4;49.3;;;;;;;;;;;;;;;;234;;
STK;12.08.1999 00:00;;;;;;;;;;;;;;2.6;7.6;9.4;27.4;;;;;;;;;;;;;;;;31;;
STK;13.08.1999 00:00;;;;;;;;;;;;;;1.2;4.1;4.3;14.8;;;;;;;;;;;;;;;;63;;
STK;14.08.1999 00:00;;;;;;;;;;;;;;2.7;8.6;9.7;31;;;;;;;;;;;;;;;;228;;
STK;15.08.1999 00:00;;;;;;;;;;;;;;4.7;12.1;16.9;43.6;;;;;;;;;;;;;;;;232;;
STK;16.08.1999 00:00;;;;;;;;;;;;;;1.6;6;5.8;21.6;;;;;;;;;;;;;;;;243;;
STK;17.08.1999 00:00;;;;;;;;;;;;;;3;9.1;10.8;32.8;;;;;;;;;;;;;;;;234;;
STK;18.08.1999 00:00;;;;;;;;;;;;;;1.7;11.3;6.1;40.7;;;;;;;;;;;;;;;;234;;
STK;19.08.1999 00:00;;;;;;;;;;;;;;3.5;12.1;12.6;43.6;;;;;;;;;;;;;;;;237;;
STK;20.08.1999 00:00;;;;;;;;;;;;;;2.3;7.6;8.3;27.4;;;;;;;;;;;;;;;;215;;
STK;21.08.1999 00:00;;;;;;;;;;;;;;1.4;9.1;5;32.8;;;;;;;;;;;;;;;;53;;
STK;22.08.1999 00:00;;;;;;;;;;;;;;2.5;7;9;25.2;;;;;;;;;;;;;;;;49;;
STK;23.08.1999 00:00;;;;;;;;;;;;;;1.2;4.1;4.3;14.8;;;;;;;;;;;;;;;;101;;
STK;24.08.1999 00:00;;;;;;;;;;;;;;1.8;5.8;6.5;20.9;;;;;;;;;;;;;;;;73;;
STK;25.08.1999 00:00;;;;;;;;;;;;;;1.3;7.6;4.7;27.4;;;;;;;;;;;;;;;;68;;
STK;26.08.1999 00:00;;;;;;;;;;;;;;1.6;8.6;5.8;31;;;;;;;;;;;;;;;;225;;
STK;27.08.1999 00:00;;;;;;;;;;;;;;1.1;4.7;4;16.9;;;;;;;;;;;;;;;;108;;
STK;28.08.1999 00:00;;;;;;;;;;;;;;1.9;7.8;6.8;28.1;;;;;;;;;;;;;;;;225;;
STK;29.08.1999 00:00;;;;;;;;;;;;;;2.4;7.7;8.6;27.7;;;;;;;;;;;;;;;;47;;
STK;30.08.1999 00:00;;;;;;;;;;;;;;1.3;4.3;4.7;15.5;;;;;;;;;;;;;;;;79;;
STK;31.08.1999 00:00;;;;;;;;;;;;;;1.2;3.3;4.3;11.9;;;;;;;;;;;;;;;;108;;
STK;01.09.1999 00:00;;;;;;;;;;;;;;2.1;9.7;7.6;34.9;;;;;;;;;;;;;;;;56;;
STK;02.09.1999 00:00;;;;;;;;;;;;;;5.7;15.8;20.5;56.9;;;;;;;;;;;;;;;;62;;
STK;03.09.1999 00:00;;;;;;;;;;;;;;4.8;13.6;17.3;49;;;;;;;;;;;;;;;;61;;
STK;04.09.1999 00:00;;;;;;;;;;;;;;1.1;3.7;4;13.3;;;;;;;;;;;;;;;;180;;
STK;05.09.1999 00:00;;;;;;;;;;;;;;1.4;4.5;5;16.2;;;;;;;;;;;;;;;;225;;
STK;06.09.1999 00:00;;;;;;;;;;;;;;1.7;8.5;6.1;30.6;;;;;;;;;;;;;;;;231;;
STK;07.09.1999 00:00;;;;;;;;;;;;;;1.9;6.8;6.8;24.5;;;;;;;;;;;;;;;;237;;
STK;08.09.1999 00:00;;;;;;;;;;;;;;1.5;6.2;5.4;22.3;;;;;;;;;;;;;;;;72;;
STK;09.09.1999 00:00;;;;;;;;;;;;;;1.2;3.2;4.3;11.5;;;;;;;;;;;;;;;;127;;
STK;10.09.1999 00:00;;;;;;;;;;;;;;1.1;5;4;18;;;;;;;;;;;;;;;;90;;
STK;11.09.1999 00:00;;;;;;;;;;;;;;1.5;4.1;5.4;14.8;;;;;;;;;;;;;;;;99;;
STK;12.09.1999 00:00;;;;;;;;;;;;;;1.2;3.1;4.3;11.2;;;;;;;;;;;;;;;;104;;
STK;13.09.1999 00:00;;;;;;;;;;;;;;1.2;3.3;4.3;11.9;;;;;;;;;;;;;;;;191;;
STK;14.09.1999 00:00;;;;;;;;;;;;;;1.7;5.3;6.1;19.1;;;;;;;;;;;;;;;;230;;
STK;15.09.1999 00:00;;;;;;;;;;;;;;1.6;5.1;5.8;18.4;;;;;;;;;;;;;;;;220;;
STK;16.09.1999 00:00;;;;;;;;;;;;;;1.2;5;4.3;18;;;;;;;;;;;;;;;;252;;
STK;17.09.1999 00:00;;;;;;;;;;;;;;1.9;16.1;6.8;58;;;;;;;;;;;;;;;;225;;
STK;18.09.1999 00:00;;;;;;;;;;;;;;1.4;4.5;5;16.2;;;;;;;;;;;;;;;;22;;
STK;19.09.1999 00:00;;;;;;;;;;;;;;1.6;5;5.8;18;;;;;;;;;;;;;;;;63;;
STK;20.09.1999 00:00;;;;;;;;;;;;;;3.5;12.7;12.6;45.7;;;;;;;;;;;;;;;;223;;
STK;21.09.1999 00:00;;;;;;;;;;;;;;1.5;5.6;5.4;20.2;;;;;;;;;;;;;;;;225;;
STK;22.09.1999 00:00;;;;;;;;;;;;;;1.5;7.1;5.4;25.6;;;;;;;;;;;;;;;;221;;
STK;23.09.1999 00:00;;;;;;;;;;;;;;1.3;7.5;4.7;27;;;;;;;;;;;;;;;;225;;
STK;24.09.1999 00:00;;;;;;;;;;;;;;1.3;5.2;4.7;18.7;;;;;;;;;;;;;;;;104;;
STK;25.09.1999 00:00;;;;;;;;;;;;;;1.1;6;4;21.6;;;;;;;;;;;;;;;;225;;
STK;26.09.1999 00:00;;;;;;;;;;;;;;2.6;9.3;9.4;33.5;;;;;;;;;;;;;;;;223;;
STK;27.09.1999 00:00;;;;;;;;;;;;;;1.3;;4.7;;;;;;;;;;;;;;;;;229;;
STK;29.09.1999 00:00;;;;;;;;;;;;;;4;13.3;14.4;47.9;;;;;;;;;;;;;;;;224;;
STK;30.09.1999 00:00;;;;;;;;;;;;;;3.3;13.7;11.9;49.3;;;;;;;;;;;;;;;;226;;
STK;01.10.1999 00:00;;;;;;;;;;;;;;5.7;17;20.5;61.2;;;;;;;;;;;;;;;;235;;
STK;02.10.1999 00:00;;;;;;;;;;;;;;2.5;21.5;9;77.4;;;;;;;;;;;;;;;;238;;
STK;03.10.1999 00:00;;;;;;;;;;;;;;3.5;13;12.6;46.8;;;;;;;;;;;;;;;;230;;
STK;04.10.1999 00:00;;;;;;;;;;;;;;4.2;15.1;15.1;54.4;;;;;;;;;;;;;;;;228;;
STK;05.10.1999 00:00;;;;;;;;;;;;;;3.5;10.2;12.6;36.7;;;;;;;;;;;;;;;;229;;
STK;06.10.1999 00:00;;;;;;;;;;;;;;1.1;4.2;4;15.1;;;;;;;;;;;;;;;;135;;
STK;07.10.1999 00:00;;;;;;;;;;;;;;1.3;3.8;4.7;13.7;;;;;;;;;;;;;;;;90;;
STK;08.10.1999 00:00;;;;;;;;;;;;;;4;10.6;14.4;38.2;;;;;;;;;;;;;;;;233;;
STK;09.10.1999 00:00;;;;;;;;;;;;;;4.5;11;16.2;39.6;;;;;;;;;;;;;;;;232;;
STK;10.10.1999 00:00;;;;;;;;;;;;;;1.7;7.3;6.1;26.3;;;;;;;;;;;;;;;;209;;
STK;11.10.1999 00:00;;;;;;;;;;;;;;1.5;4.6;5.4;16.6;;;;;;;;;;;;;;;;219;;
STK;12.10.1999 00:00;;;;;;;;;;;;;;0.9;3.5;3.2;12.6;;;;;;;;;;;;;;;;117;;
STK;13.10.1999 00:00;;;;;;;;;;;;;;0.9;4.3;3.2;15.5;;;;;;;;;;;;;;;;72;;
STK;14.10.1999 00:00;;;;;;;;;;;;;;1;5.7;3.6;20.5;;;;;;;;;;;;;;;;59;;
STK;15.10.1999 00:00;;;;;;;;;;;;;;1;5.3;3.6;19.1;;;;;;;;;;;;;;;;72;;
STK;16.10.1999 00:00;;;;;;;;;;;;;;1.7;7.1;6.1;25.6;;;;;;;;;;;;;;;;63;;
STK;17.10.1999 00:00;;;;;;;;;;;;;;2.2;10.3;7.9;37.1;;;;;;;;;;;;;;;;68;;
STK;18.10.1999 00:00;;;;;;;;;;;;;;6.6;13.3;23.8;47.9;;;;;;;;;;;;;;;;58;;
STK;19.10.1999 00:00;;;;;;;;;;;;;;2.7;7.6;9.7;27.4;;;;;;;;;;;;;;;;49;;
STK;20.10.1999 00:00;;;;;;;;;;;;;;2.6;8.5;9.4;30.6;;;;;;;;;;;;;;;;38;;
STK;21.10.1999 00:00;;;;;;;;;;;;;;1.6;5.7;5.8;20.5;;;;;;;;;;;;;;;;5;;
STK;22.10.1999 00:00;;;;;;;;;;;;;;1.2;8.6;4.3;31;;;;;;;;;;;;;;;;207;;
STK;23.10.1999 00:00;;;;;;;;;;;;;;1.7;13.1;6.1;47.2;;;;;;;;;;;;;;;;216;;
STK;24.10.1999 00:00;;;;;;;;;;;;;;1.8;11.2;6.5;40.3;;;;;;;;;;;;;;;;214;;
STK;25.10.1999 00:00;;;;;;;;;;;;;;1.5;7.5;5.4;27;;;;;;;;;;;;;;;;239;;
STK;26.10.1999 00:00;;;;;;;;;;;;;;2.7;8.6;9.7;31;;;;;;;;;;;;;;;;238;;
STK;27.10.1999 00:00;;;;;;;;;;;;;;0.8;4.1;2.9;14.8;;;;;;;;;;;;;;;;217;;
STK;28.10.1999 00:00;;;;;;;;;;;;;;0.9;2.8;3.2;10.1;;;;;;;;;;;;;;;;0;;
STK;29.10.1999 00:00;;;;;;;;;;;;;;1.1;3.5;4;12.6;;;;;;;;;;;;;;;;67;;
STK;30.10.1999 00:00;;;;;;;;;;;;;;1.1;5.5;4;19.8;;;;;;;;;;;;;;;;63;;
STK;31.10.1999 00:00;;;;;;;;;;;;;;4.1;18;14.8;64.8;;;;;;;;;;;;;;;;230;;
STK;01.11.1999 00:00;;;;;;;;;;;;;;1.1;3.8;4;13.7;;;;;;;;;;;;;;;;117;;
STK;02.11.1999 00:00;;;;;;;;;;;;;;1.9;8.1;6.8;29.2;;;;;;;;;;;;;;;;233;;
STK;03.11.1999 00:00;;;;;;;;;;;;;;2.9;9.7;10.4;34.9;;;;;;;;;;;;;;;;45;;
STK;04.11.1999 00:00;;;;;;;;;;;;;;2.5;9.7;9;34.9;;;;;;;;;;;;;;;;49;;
STK;05.11.1999 00:00;;;;;;;;;;;;;;1.8;6;6.5;21.6;;;;;;;;;;;;;;;;235;;
STK;06.11.1999 00:00;;;;;;;;;;;;;;4.2;15.6;15.1;56.2;;;;;;;;;;;;;;;;232;;
STK;07.11.1999 00:00;;;;;;;;;;;;;;1;4.3;3.6;15.5;;;;;;;;;;;;;;;;219;;
STK;08.11.1999 00:00;;;;;;;;;;;;;;1.8;4.2;6.5;15.1;;;;;;;;;;;;;;;;215;;
STK;09.11.1999 00:00;;;;;;;;;;;;;;2.2;5.3;7.9;19.1;;;;;;;;;;;;;;;;240;;
STK;10.11.1999 00:00;;;;;;;;;;;;;;1.8;6.3;6.5;22.7;;;;;;;;;;;;;;;;262;;
STK;11.11.1999 00:00;;;;;;;;;;;;;;6.9;15.3;24.8;55.1;;;;;;;;;;;;;;;;62;;
STK;12.11.1999 00:00;;;;;;;;;;;;;;1.9;6.3;6.8;22.7;;;;;;;;;;;;;;;;65;;
STK;13.11.1999 00:00;;;;;;;;;;;;;;2.1;7;7.6;25.2;;;;;;;;;;;;;;;;57;;
STK;14.11.1999 00:00;;;;;;;;;;;;;;2.2;7.1;7.9;25.6;;;;;;;;;;;;;;;;346;;
STK;15.11.1999 00:00;;;;;;;;;;;;;;6.5;13.5;23.4;48.6;;;;;;;;;;;;;;;;60;;
STK;16.11.1999 00:00;;;;;;;;;;;;;;3.9;12.2;14;43.9;;;;;;;;;;;;;;;;247;;
STK;17.11.1999 00:00;;;;;;;;;;;;;;6;13;21.6;46.8;;;;;;;;;;;;;;;;238;;
STK;18.11.1999 00:00;;;;;;;;;;;;;;4.8;14.1;17.3;50.8;;;;;;;;;;;;;;;;230;;
STK;19.11.1999 00:00;;;;;;;;;;;;;;1.6;6.1;5.8;22;;;;;;;;;;;;;;;;233;;
STK;20.11.1999 00:00;;;;;;;;;;;;;;3.1;9.6;11.2;34.6;;;;;;;;;;;;;;;;51;;
STK;21.11.1999 00:00;;;;;;;;;;;;;;3.9;11.3;14;40.7;;;;;;;;;;;;;;;;66;;
STK;22.11.1999 00:00;;;;;;;;;;;;;;4;11.1;14.4;40;;;;;;;;;;;;;;;;230;;
STK;23.11.1999 00:00;;;;;;;;;;;;;;5.2;13;18.7;46.8;;;;;;;;;;;;;;;;223;;
STK;24.11.1999 00:00;;;;;;;;;;;;;;1.1;4.7;4;16.9;;;;;;;;;;;;;;;;194;;
STK;25.11.1999 00:00;;;;;;;;;;;;;;1.2;4.2;4.3;15.1;;;;;;;;;;;;;;;;214;;
STK;26.11.1999 00:00;;;;;;;;;;;;;;1.7;4.7;6.1;16.9;;;;;;;;;;;;;;;;219;;
STK;27.11.1999 00:00;;;;;;;;;;;;;;1.4;5.8;5;20.9;;;;;;;;;;;;;;;;180;;
STK;28.11.1999 00:00;;;;;;;;;;;;;;0.8;3.2;2.9;11.5;;;;;;;;;;;;;;;;252;;
STK;29.11.1999 00:00;;;;;;;;;;;;;;1.4;5;5;18;;;;;;;;;;;;;;;;218;;
STK;30.11.1999 00:00;;;;;;;;;;;;;;1.6;8.3;5.8;29.9;;;;;;;;;;;;;;;;211;;
STK;01.12.1999 00:00;;;;;;;;;;;;;;4.1;15;14.8;54;;;;;;;;;;;;;;;;227;;
STK;02.12.1999 00:00;;;;;;;;;;;;;;6.4;14.8;23;53.3;;;;;;;;;;;;;;;;237;;
STK;03.12.1999 00:00;;;;;;;;;;;;;;5.8;21.3;;76.7;;;;;;;;;;;;;;;;241;;
STK;04.12.1999 00:00;;;;;;;;;;;;;;7.1;19.7;25.6;70.9;;;;;;;;;;;;;;;;236;;
STK;05.12.1999 00:00;;;;;;;;;;;;;;4.3;9.5;15.5;34.2;;;;;;;;;;;;;;;;243;;
STK;06.12.1999 00:00;;;;;;;;;;;;;;3.6;8.7;13;31.3;;;;;;;;;;;;;;;;235;;
STK;07.12.1999 00:00;;;;;;;;;;;;;;4.9;11.8;17.6;42.5;;;;;;;;;;;;;;;;234;;
STK;08.12.1999 00:00;;;;;;;;;;;;;;2.1;14.5;7.6;52.2;;;;;;;;;;;;;;;;235;;
STK;09.12.1999 00:00;;;;;;;;;;;;;;2.8;14.6;10.1;52.6;;;;;;;;;;;;;;;;230;;
STK;10.12.1999 00:00;;;;;;;;;;;;;;4.2;10.3;15.1;37.1;;;;;;;;;;;;;;;;231;;
STK;11.12.1999 00:00;;;;;;;;;;;;;;5.1;16.2;18.4;58.3;;;;;;;;;;;;;;;;238;;
STK;12.12.1999 00:00;;;;;;;;;;;;;;8.8;36;31.7;129.6;;;;;;;;;;;;;;;;225;;
STK;13.12.1999 00:00;;;;;;;;;;;;;;7.4;17.8;26.6;64.1;;;;;;;;;;;;;;;;225;;
STK;14.12.1999 00:00;;;;;;;;;;;;;;5.9;15.8;21.2;56.9;;;;;;;;;;;;;;;;227;;
STK;15.12.1999 00:00;;;;;;;;;;;;;;2.2;7.8;7.9;28.1;;;;;;;;;;;;;;;;240;;
STK;16.12.1999 00:00;;;;;;;;;;;;;;3;7.7;10.8;27.7;;;;;;;;;;;;;;;;24;;
STK;17.12.1999 00:00;;;;;;;;;;;;;;4.5;13.8;16.2;49.7;;;;;;;;;;;;;;;;224;;
STK;18.12.1999 00:00;;;;;;;;;;;;;;7.6;16.2;27.4;58.3;;;;;;;;;;;;;;;;226;;
STK;19.12.1999 00:00;;;;;;;;;;;;;;6.1;20.2;22;72.7;;;;;;;;;;;;;;;;234;;
STK;20.12.1999 00:00;;;;;;;;;;;;;;1.1;3.8;4;13.7;;;;;;;;;;;;;;;;301;;
STK;21.12.1999 00:00;;;;;;;;;;;;;;1.9;8;6.8;28.8;;;;;;;;;;;;;;;;56;;
STK;22.12.1999 00:00;;;;;;;;;;;;;;1.1;5;4;18;;;;;;;;;;;;;;;;56;;
STK;23.12.1999 00:00;;;;;;;;;;;;;;1.1;4.1;4;14.8;;;;;;;;;;;;;;;;198;;
STK;24.12.1999 00:00;;;;;;;;;;;;;;0.7;4;2.5;14.4;;;;;;;;;;;;;;;;45;;
STK;25.12.1999 00:00;;;;;;;;;;;;;;6.2;20.8;22.3;74.9;;;;;;;;;;;;;;;;229;;
STK;26.12.1999 00:00;;;;;;;;;;;;;;8.2;37.6;29.5;135.4;;;;;;;;;;;;;;;;241;;
STK;27.12.1999 00:00;;;;;;;;;;;;;;7.6;21.5;27.4;77.4;;;;;;;;;;;;;;;;237;;
STK;28.12.1999 00:00;;;;;;;;;;;;;;4.6;14.2;16.6;51.1;;;;;;;;;;;;;;;;238;;
STK;29.12.1999 00:00;;;;;;;;;;;;;;4.2;8.8;15.1;31.7;;;;;;;;;;;;;;;;243;;
STK;30.12.1999 00:00;;;;;;;;;;;;;;3.4;8.3;12.2;29.9;;;;;;;;;;;;;;;;232;;
STK;31.12.1999 00:00;;;;;;;;;;;;;;1.4;6.2;5;22.3;;;;;;;;;;;;;;;;218;;
STK;01.01.2000 00:00;;;;;;;;;;;;;;2.3;6.2;8.3;22.3;;;;;;;;;;;;;;;;227;;
STK;02.01.2000 00:00;;;;;;;;;;;;;;1.5;5.1;5.4;18.4;;;;;;;;;;;;;;;;27;;
STK;03.01.2000 00:00;;;;;;;;;;;;;;3.2;9.7;11.5;34.9;;;;;;;;;;;;;;;;228;;
STK;04.01.2000 00:00;;;;;;;;;;;;;;3.2;9.8;11.5;35.3;;;;;;;;;;;;;;;;238;;
STK;05.01.2000 00:00;;;;;;;;;;;;;;2;9.2;7.2;33.1;;;;;;;;;;;;;;;;217;;
STK;06.01.2000 00:00;;;;;;;;;;;;;;2.6;6.5;9.4;23.4;;;;;;;;;;;;;;;;223;;
STK;07.01.2000 00:00;;;;;;;;;;;;;;1.2;6;4.3;21.6;;;;;;;;;;;;;;;;202;;
STK;08.01.2000 00:00;;;;;;;;;;;;;;1.2;7.1;4.3;25.6;;;;;;;;;;;;;;;;234;;
STK;09.01.2000 00:00;;;;;;;;;;;;;;0.3;2;1.1;7.2;;;;;;;;;;;;;;;;63;;
STK;10.01.2000 00:00;;;;;;;;;;;;;;1.3;5.3;4.7;19.1;;;;;;;;;;;;;;;;27;;
STK;11.01.2000 00:00;;;;;;;;;;;;;;2.2;6.2;7.9;22.3;;;;;;;;;;;;;;;;49;;
STK;12.01.2000 00:00;;;;;;;;;;;;;;0.9;3.8;3.2;13.7;;;;;;;;;;;;;;;;45;;
STK;13.01.2000 00:00;;;;;;;;;;;;;;1.3;4.8;4.7;17.3;;;;;;;;;;;;;;;;198;;
STK;14.01.2000 00:00;;;;;;;;;;;;;;0.9;4.1;3.2;14.8;;;;;;;;;;;;;;;;45;;
STK;15.01.2000 00:00;;;;;;;;;;;;;;1.6;5.2;5.8;18.7;;;;;;;;;;;;;;;;31;;
STK;16.01.2000 00:00;;;;;;;;;;;;;;2.7;11;9.7;39.6;;;;;;;;;;;;;;;;69;;
STK;17.01.2000 00:00;;;;;;;;;;;;;;3.7;9.7;13.3;34.9;;;;;;;;;;;;;;;;231;;
STK;18.01.2000 00:00;;;;;;;;;;;;;;7.7;17.1;27.7;61.6;;;;;;;;;;;;;;;;243;;
STK;19.01.2000 00:00;;;;;;;;;;;;;;0.9;4.2;3.2;15.1;;;;;;;;;;;;;;;;27;;
STK;20.01.2000 00:00;;;;;;;;;;;;;;2.4;8.5;8.6;30.6;;;;;;;;;;;;;;;;238;;
STK;21.01.2000 00:00;;;;;;;;;;;;;;7;14.5;25.2;52.2;;;;;;;;;;;;;;;;232;;
STK;22.01.2000 00:00;;;;;;;;;;;;;;6.6;15.5;23.8;55.8;;;;;;;;;;;;;;;;231;;
STK;23.01.2000 00:00;;;;;;;;;;;;;;4.5;10.5;16.2;37.8;;;;;;;;;;;;;;;;247;;
STK;24.01.2000 00:00;;;;;;;;;;;;;;3.9;10.1;14;36.4;;;;;;;;;;;;;;;;55;;
STK;25.01.2000 00:00;;;;;;;;;;;;;;1.5;6.1;5.4;22;;;;;;;;;;;;;;;;41;;
STK;26.01.2000 00:00;;;;;;;;;;;;;;1.3;5.2;4.7;18.7;;;;;;;;;;;;;;;;180;;
STK;27.01.2000 00:00;;;;;;;;;;;;;;1.1;4.7;4;16.9;;;;;;;;;;;;;;;;186;;
STK;28.01.2000 00:00;;;;;;;;;;;;;;1.9;8.7;6.8;31.3;;;;;;;;;;;;;;;;233;;
STK;29.01.2000 00:00;;;;;;;;;;;;;;10.6;28.6;38.2;103;;;;;;;;;;;;;;;;229;;
STK;30.01.2000 00:00;;;;;;;;;;;;;;10.4;20.5;37.4;73.8;;;;;;;;;;;;;;;;232;;
STK;31.01.2000 00:00;;;;;;;;;;;;;;6.9;17.5;24.8;63;;;;;;;;;;;;;;;;230;;
STK;01.02.2000 00:00;;;;;;;;;;;;;;0.9;3.8;3.2;13.7;;;;;;;;;;;;;;;;180;;
STK;02.02.2000 00:00;;;;;;;;;;;;;;1.4;5.3;5;19.1;;;;;;;;;;;;;;;;217;;
STK;03.02.2000 00:00;;;;;;;;;;;;;;2.1;9.6;7.6;34.6;;;;;;;;;;;;;;;;233;;
STK;04.02.2000 00:00;;;;;;;;;;;;;;1.2;6;4.3;21.6;;;;;;;;;;;;;;;;214;;
STK;05.02.2000 00:00;;;;;;;;;;;;;;1.1;3.5;4;12.6;;;;;;;;;;;;;;;;90;;
STK;06.02.2000 00:00;;;;;;;;;;;;;;0.7;3.1;2.5;11.2;;;;;;;;;;;;;;;;135;;
STK;07.02.2000 00:00;;;;;;;;;;;;;;4.1;18;14.8;64.8;;;;;;;;;;;;;;;;229;;
STK;08.02.2000 00:00;;;;;;;;;;;;;;9.5;23.6;34.2;85;;;;;;;;;;;;;;;;230;;
STK;09.02.2000 00:00;;;;;;;;;;;;;;7.3;21;26.3;75.6;;;;;;;;;;;;;;;;244;;
STK;10.02.2000 00:00;;;;;;;;;;;;;;1.7;7.5;6.1;27;;;;;;;;;;;;;;;;216;;
STK;11.02.2000 00:00;;;;;;;;;;;;;;2.8;10;10.1;36;;;;;;;;;;;;;;;;45;;
STK;12.02.2000 00:00;;;;;;;;;;;;;;3.5;13.6;12.6;49;;;;;;;;;;;;;;;;237;;
STK;13.02.2000 00:00;;;;;;;;;;;;;;7.2;15.5;25.9;55.8;;;;;;;;;;;;;;;;231;;
STK;14.02.2000 00:00;;;;;;;;;;;;;;1.9;8.8;6.8;31.7;;;;;;;;;;;;;;;;238;;
STK;15.02.2000 00:00;;;;;;;;;;;;;;5.7;15.1;20.5;54.4;;;;;;;;;;;;;;;;233;;
STK;16.02.2000 00:00;;;;;;;;;;;;;;7.6;22.8;27.4;82.1;;;;;;;;;;;;;;;;238;;
STK;17.02.2000 00:00;;;;;;;;;;;;;;5.8;14.5;20.9;52.2;;;;;;;;;;;;;;;;235;;
STK;18.02.2000 00:00;;;;;;;;;;;;;;5.9;18;21.2;64.8;;;;;;;;;;;;;;;;237;;
STK;19.02.2000 00:00;;;;;;;;;;;;;;7.6;20.7;27.4;74.5;;;;;;;;;;;;;;;;238;;
STK;20.02.2000 00:00;;;;;;;;;;;;;;2.8;8;10.1;28.8;;;;;;;;;;;;;;;;257;;
STK;21.02.2000 00:00;;;;;;;;;;;;;;0.9;2.7;3.2;9.7;;;;;;;;;;;;;;;;124;;
STK;22.02.2000 00:00;;;;;;;;;;;;;;1.3;5;4.7;18;;;;;;;;;;;;;;;;76;;
STK;23.02.2000 00:00;;;;;;;;;;;;;;1.1;5.5;4;19.8;;;;;;;;;;;;;;;;230;;
STK;24.02.2000 00:00;;;;;;;;;;;;;;2.4;8.3;8.6;29.9;;;;;;;;;;;;;;;;231;;
STK;25.02.2000 00:00;;;;;;;;;;;;;;4.9;14.3;17.6;51.5;;;;;;;;;;;;;;;;235;;
STK;26.02.2000 00:00;;;;;;;;;;;;;;1.3;5.1;4.7;18.4;;;;;;;;;;;;;;;;37;;
STK;27.02.2000 00:00;;;;;;;;;;;;;;0.7;3;2.5;10.8;;;;;;;;;;;;;;;;90;;
STK;28.02.2000 00:00;;;;;;;;;;;;;;3.1;13.3;11.2;47.9;;;;;;;;;;;;;;;;221;;
STK;29.02.2000 00:00;;;;;;;;;;;;;;3.3;13.7;11.9;49.3;;;;;;;;;;;;;;;;225;;
STK;01.03.2000 00:00;;;;;;;;;;;;;;5.1;15.1;18.4;54.4;;;;;;;;;;;;;;;;235;;
STK;02.03.2000 00:00;;;;;;;;;;;;;;4.5;12.7;16.2;45.7;;;;;;;;;;;;;;;;237;;
STK;03.03.2000 00:00;;;;;;;;;;;;;;8.5;23.3;30.6;83.9;;;;;;;;;;;;;;;;231;;
STK;04.03.2000 00:00;;;;;;;;;;;;;;5.6;24.2;20.2;87.1;;;;;;;;;;;;;;;;259;;
STK;05.03.2000 00:00;;;;;;;;;;;;;;1.6;5.5;5.8;19.8;;;;;;;;;;;;;;;;222;;
STK;06.03.2000 00:00;;;;;;;;;;;;;;1;3.7;3.6;13.3;;;;;;;;;;;;;;;;90;;
STK;07.03.2000 00:00;;;;;;;;;;;;;;2.9;12.1;10.4;43.6;;;;;;;;;;;;;;;;234;;
STK;08.03.2000 00:00;;;;;;;;;;;;;;6.4;15.8;23;56.9;;;;;;;;;;;;;;;;228;;
STK;09.03.2000 00:00;;;;;;;;;;;;;;8.5;17.8;30.6;64.1;;;;;;;;;;;;;;;;237;;
STK;10.03.2000 00:00;;;;;;;;;;;;;;;;16.2;;;;;;;;;;;;;;;;;;;
STK;11.03.2000 00:00;;;;;;;;;;;;;;6.7;;24.1;;;;;;;;;;;;;;;;;238;;
STK;12.03.2000 00:00;;;;;;;;;;;;;;1.3;4.6;4.7;16.6;;;;;;;;;;;;;;;;59;;
STK;13.03.2000 00:00;;;;;;;;;;;;;;1.2;3.8;4.3;13.7;;;;;;;;;;;;;;;;90;;
STK;14.03.2000 00:00;;;;;;;;;;;;;;4.2;12;15.1;43.2;;;;;;;;;;;;;;;;238;;
STK;15.03.2000 00:00;;;;;;;;;;;;;;2.5;10.3;9;37.1;;;;;;;;;;;;;;;;304;;
STK;16.03.2000 00:00;;;;;;;;;;;;;;5.5;12.5;19.8;45;;;;;;;;;;;;;;;;235;;
STK;17.03.2000 00:00;;;;;;;;;;;;;;3.7;7.5;13.3;27;;;;;;;;;;;;;;;;234;;
STK;18.03.2000 00:00;;;;;;;;;;;;;;1.4;5;5;18;;;;;;;;;;;;;;;;233;;
STK;19.03.2000 00:00;;;;;;;;;;;;;;2.3;9.8;8.3;35.3;;;;;;;;;;;;;;;;60;;
STK;20.03.2000 00:00;;;;;;;;;;;;;;4;12.2;14.4;43.9;;;;;;;;;;;;;;;;65;;
STK;21.03.2000 00:00;;;;;;;;;;;;;;1;3.5;3.6;12.6;;;;;;;;;;;;;;;;63;;
STK;22.03.2000 00:00;;;;;;;;;;;;;;1.3;4.6;4.7;16.6;;;;;;;;;;;;;;;;90;;
STK;23.03.2000 00:00;;;;;;;;;;;;;;0.9;4.7;3.2;16.9;;;;;;;;;;;;;;;;72;;
STK;24.03.2000 00:00;;;;;;;;;;;;;;3;15.1;10.8;54.4;;;;;;;;;;;;;;;;233;;
STK;25.03.2000 00:00;;;;;;;;;;;;;;1.5;11.1;5.4;40;;;;;;;;;;;;;;;;108;;
STK;26.03.2000 00:00;;;;;;;;;;;;;;2.3;11.1;8.3;40;;;;;;;;;;;;;;;;227;;
STK;27.03.2000 00:00;;;;;;;;;;;;;;2.5;7.1;9;25.6;;;;;;;;;;;;;;;;241;;
STK;28.03.2000 00:00;;;;;;;;;;;;;;4.2;11;15.1;39.6;;;;;;;;;;;;;;;;61;;
STK;29.03.2000 00:00;;;;;;;;;;;;;;6.2;13.1;22.3;47.2;;;;;;;;;;;;;;;;22;;
STK;30.03.2000 00:00;;;;;;;;;;;;;;8.2;18.3;29.5;65.9;;;;;;;;;;;;;;;;239;;
STK;31.03.2000 00:00;;;;;;;;;;;;;;1.6;7.8;5.8;28.1;;;;;;;;;;;;;;;;243;;
STK;01.04.2000 00:00;;;;;;;;;;;;;;3.2;14.6;11.5;52.6;;;;;;;;;;;;;;;;232;;
STK;02.04.2000 00:00;;;;;;;;;;;;;;1.5;5.6;5.4;20.2;;;;;;;;;;;;;;;;56;;
STK;03.04.2000 00:00;;;;;;;;;;;;;;1.2;4;4.3;14.4;;;;;;;;;;;;;;;;76;;
STK;04.04.2000 00:00;;;;;;;;;;;;;;2;8.6;7.2;31;;;;;;;;;;;;;;;;67;;
STK;05.04.2000 00:00;;;;;;;;;;;;;;2.5;12.2;9;43.9;;;;;;;;;;;;;;;;235;;
STK;06.04.2000 00:00;;;;;;;;;;;;;;4.6;10.3;16.6;37.1;;;;;;;;;;;;;;;;53;;
STK;07.04.2000 00:00;;;;;;;;;;;;;;2.5;10.5;9;37.8;;;;;;;;;;;;;;;;67;;
STK;08.04.2000 00:00;;;;;;;;;;;;;;1.6;5.7;5.8;20.5;;;;;;;;;;;;;;;;60;;
STK;09.04.2000 00:00;;;;;;;;;;;;;;1.8;8.2;6.5;29.5;;;;;;;;;;;;;;;;56;;
STK;10.04.2000 00:00;;;;;;;;;;;;;;1.3;6.2;4.7;22.3;;;;;;;;;;;;;;;;53;;
STK;11.04.2000 00:00;;;;;;;;;;;;;;2.1;9.1;7.6;32.8;;;;;;;;;;;;;;;;225;;
STK;12.04.2000 00:00;;;;;;;;;;;;;;5.2;18.6;18.7;67;;;;;;;;;;;;;;;;234;;
STK;14.04.2000 00:00;;;;;;;;;;;;;;1.9;;6.5;;;;;;;;;;;;;;;;;41;;
STK;15.04.2000 00:00;;;;;;;;;;;;;;3.3;19.7;12.2;70.9;;;;;;;;;;;;;;;;236;;
STK;16.04.2000 00:00;;;;;;;;;;;;;;1.8;9.1;6.5;32.8;;;;;;;;;;;;;;;;58;;
STK;17.04.2000 00:00;;;;;;;;;;;;;;3.5;12.8;12.6;46.1;;;;;;;;;;;;;;;;239;;
STK;18.04.2000 00:00;;;;;;;;;;;;;;1;4.1;3.6;14.8;;;;;;;;;;;;;;;;45;;
STK;19.04.2000 00:00;;;;;;;;;;;;;;1.9;5.6;6.8;20.2;;;;;;;;;;;;;;;;237;;
STK;20.04.2000 00:00;;;;;;;;;;;;;;1;3.2;3.6;11.5;;;;;;;;;;;;;;;;45;;
STK;21.04.2000 00:00;;;;;;;;;;;;;;1.3;4.7;4.7;16.9;;;;;;;;;;;;;;;;207;;
STK;22.04.2000 00:00;;;;;;;;;;;;;;1.4;6.3;5;22.7;;;;;;;;;;;;;;;;81;;
STK;23.04.2000 00:00;;;;;;;;;;;;;;2.9;13.8;10.4;49.7;;;;;;;;;;;;;;;;235;;
STK;24.04.2000 00:00;;;;;;;;;;;;;;3.8;14.7;13.7;52.9;;;;;;;;;;;;;;;;240;;
STK;25.04.2000 00:00;;;;;;;;;;;;;;1.3;4.8;4.7;17.3;;;;;;;;;;;;;;;;45;;
STK;26.04.2000 00:00;;;;;;;;;;;;;;1.4;4.8;5;17.3;;;;;;;;;;;;;;;;74;;
STK;27.04.2000 00:00;;;;;;;;;;;;;;1.2;4;4.3;14.4;;;;;;;;;;;;;;;;90;;
STK;28.04.2000 00:00;;;;;;;;;;;;;;2.4;11.6;8.6;41.8;;;;;;;;;;;;;;;;233;;
STK;29.04.2000 00:00;;;;;;;;;;;;;;2.9;7.3;10.4;26.3;;;;;;;;;;;;;;;;235;;
STK;30.04.2000 00:00;;;;;;;;;;;;;;1.3;4;4.7;14.4;;;;;;;;;;;;;;;;225;;
STK;01.05.2000 00:00;;;;;;;;;;;;;;1.6;7.2;5.8;25.9;;;;;;;;;;;;;;;;49;;
STK;02.05.2000 00:00;;;;;;;;;;;;;;1.5;6;5.4;21.6;;;;;;;;;;;;;;;;53;;
STK;03.05.2000 00:00;;;;;;;;;;;;;;1.7;8.5;6.1;30.6;;;;;;;;;;;;;;;;225;;
STK;04.05.2000 00:00;;;;;;;;;;;;;;1.3;5.3;4.7;19.1;;;;;;;;;;;;;;;;72;;
STK;05.05.2000 00:00;;;;;;;;;;;;;;2.5;15.8;9;56.9;;;;;;;;;;;;;;;;34;;
STK;06.05.2000 00:00;;;;;;;;;;;;;;1.4;5.6;5;20.2;;;;;;;;;;;;;;;;76;;
STK;07.05.2000 00:00;;;;;;;;;;;;;;1.1;2.8;4;10.1;;;;;;;;;;;;;;;;90;;
STK;08.05.2000 00:00;;;;;;;;;;;;;;2.5;11.1;9;40;;;;;;;;;;;;;;;;238;;
STK;09.05.2000 00:00;;;;;;;;;;;;;;1.2;4.5;4.3;16.2;;;;;;;;;;;;;;;;90;;
STK;10.05.2000 00:00;;;;;;;;;;;;;;1.3;4;4.7;14.4;;;;;;;;;;;;;;;;90;;
STK;11.05.2000 00:00;;;;;;;;;;;;;;1.6;14.8;5.8;53.3;;;;;;;;;;;;;;;;217;;
STK;12.05.2000 00:00;;;;;;;;;;;;;;3.5;16;12.6;57.6;;;;;;;;;;;;;;;;238;;
STK;13.05.2000 00:00;;;;;;;;;;;;;;1.5;6;5.4;21.6;;;;;;;;;;;;;;;;59;;
STK;14.05.2000 00:00;;;;;;;;;;;;;;1.9;6.6;6.8;23.8;;;;;;;;;;;;;;;;62;;
STK;15.05.2000 00:00;;;;;;;;;;;;;;1.5;3.6;5.4;13;;;;;;;;;;;;;;;;99;;
STK;16.05.2000 00:00;;;;;;;;;;;;;;1.4;4.6;5;16.6;;;;;;;;;;;;;;;;117;;
STK;17.05.2000 00:00;;;;;;;;;;;;;;3.6;12.3;13;44.3;;;;;;;;;;;;;;;;241;;
STK;18.05.2000 00:00;;;;;;;;;;;;;;3.2;10.1;11.5;36.4;;;;;;;;;;;;;;;;222;;
STK;19.05.2000 00:00;;;;;;;;;;;;;;6.4;15.3;23;55.1;;;;;;;;;;;;;;;;244;;
STK;20.05.2000 00:00;;;;;;;;;;;;;;4.5;13.3;16.2;47.9;;;;;;;;;;;;;;;;247;;
STK;21.05.2000 00:00;;;;;;;;;;;;;;2.8;14.2;10.1;51.1;;;;;;;;;;;;;;;;241;;
STK;22.05.2000 00:00;;;;;;;;;;;;;;4.8;15.3;17.3;55.1;;;;;;;;;;;;;;;;246;;
STK;23.05.2000 00:00;;;;;;;;;;;;;;1.2;3.3;4.3;11.9;;;;;;;;;;;;;;;;74;;
STK;24.05.2000 00:00;;;;;;;;;;;;;;1.8;6.2;6.5;22.3;;;;;;;;;;;;;;;;231;;
STK;25.05.2000 00:00;;;;;;;;;;;;;;2.7;10.5;9.7;37.8;;;;;;;;;;;;;;;;238;;
STK;27.05.2000 00:00;;;;;;;;;;;;;;4.5;;16.2;;;;;;;;;;;;;;;;;234;;
STK;28.05.2000 00:00;;;;;;;;;;;;;;3.9;14.5;14;52.2;;;;;;;;;;;;;;;;235;;
STK;29.05.2000 00:00;;;;;;;;;;;;;;4.2;17.3;15.1;62.3;;;;;;;;;;;;;;;;248;;
STK;30.05.2000 00:00;;;;;;;;;;;;;;1.8;13.2;6.5;47.5;;;;;;;;;;;;;;;;236;;
STK;31.05.2000 00:00;;;;;;;;;;;;;;3.7;13;13.3;46.8;;;;;;;;;;;;;;;;237;;
STK;01.06.2000 00:00;;;;;;;;;;;;;;1.4;5.1;5;18.4;;;;;;;;;;;;;;;;243;;
STK;02.06.2000 00:00;;;;;;;;;;;;;;1.2;3.5;4.3;12.6;;;;;;;;;;;;;;;;233;;
STK;03.06.2000 00:00;;;;;;;;;;;;;;1.2;9.2;4.3;33.1;;;;;;;;;;;;;;;;180;;
STK;04.06.2000 00:00;;;;;;;;;;;;;;2.2;7.2;7.9;25.9;;;;;;;;;;;;;;;;73;;
STK;05.06.2000 00:00;;;;;;;;;;;;;;2.3;11.5;8.3;41.4;;;;;;;;;;;;;;;;225;;
STK;06.06.2000 00:00;;;;;;;;;;;;;;3.5;9.6;12.6;34.6;;;;;;;;;;;;;;;;235;;
STK;07.06.2000 00:00;;;;;;;;;;;;;;2.4;5.7;8.6;20.5;;;;;;;;;;;;;;;;231;;
STK;08.06.2000 00:00;;;;;;;;;;;;;;1.3;3.8;4.7;13.7;;;;;;;;;;;;;;;;50;;
STK;09.06.2000 00:00;;;;;;;;;;;;;;1.3;3.6;4.7;13;;;;;;;;;;;;;;;;72;;
STK;10.06.2000 00:00;;;;;;;;;;;;;;2.2;13;7.9;46.8;;;;;;;;;;;;;;;;90;;
STK;11.06.2000 00:00;;;;;;;;;;;;;;2.5;9.1;9;32.8;;;;;;;;;;;;;;;;288;;
STK;12.06.2000 00:00;;;;;;;;;;;;;;1.8;7.3;6.5;26.3;;;;;;;;;;;;;;;;28;;
STK;13.06.2000 00:00;;;;;;;;;;;;;;2.7;21.5;9.7;77.4;;;;;;;;;;;;;;;;56;;
STK;14.06.2000 00:00;;;;;;;;;;;;;;1.8;7.2;6.5;25.9;;;;;;;;;;;;;;;;240;;
STK;15.06.2000 00:00;;;;;;;;;;;;;;3.5;12.6;12.6;45.4;;;;;;;;;;;;;;;;252;;
STK;16.06.2000 00:00;;;;;;;;;;;;;;2.6;9.1;9.4;32.8;;;;;;;;;;;;;;;;48;;
STK;17.06.2000 00:00;;;;;;;;;;;;;;2.1;7.2;7.6;25.9;;;;;;;;;;;;;;;;65;;
STK;18.06.2000 00:00;;;;;;;;;;;;;;1.2;3.8;4.3;13.7;;;;;;;;;;;;;;;;79;;
STK;19.06.2000 00:00;;;;;;;;;;;;;;1.2;3;4.3;10.8;;;;;;;;;;;;;;;;162;;
STK;20.06.2000 00:00;;;;;;;;;;;;;;1.3;4.2;4.7;15.1;;;;;;;;;;;;;;;;225;;
STK;21.06.2000 00:00;;;;;;;;;;;;;;1.9;6.3;6.8;22.7;;;;;;;;;;;;;;;;225;;
STK;22.06.2000 00:00;;;;;;;;;;;;;;4.1;11.1;14.8;40;;;;;;;;;;;;;;;;240;;
STK;23.06.2000 00:00;;;;;;;;;;;;;;3.9;10.2;14;36.7;;;;;;;;;;;;;;;;233;;
STK;24.06.2000 00:00;;;;;;;;;;;;;;3.8;10.7;13.7;38.5;;;;;;;;;;;;;;;;233;;
STK;25.06.2000 00:00;;;;;;;;;;;;;;2.2;8.6;7.9;31;;;;;;;;;;;;;;;;225;;
STK;26.06.2000 00:00;;;;;;;;;;;;;;2;8.8;7.2;31.7;;;;;;;;;;;;;;;;45;;
STK;28.06.2000 00:00;;;;;;;;;;;;;;2.7;10.7;9.7;38.5;;;;;;;;;;;;;;;;227;;
STK;29.06.2000 00:00;;;;;;;;;;;;;;2.6;10.1;9.4;36.4;;;;;;;;;;;;;;;;243;;
STK;02.07.2000 00:00;;;;;;;;;;;;;;1.9;9.5;6.8;34.2;;;;;;;;;;;;;;;;66;;
STK;03.07.2000 00:00;;;;;;;;;;;;;;1.9;8.2;6.8;29.5;;;;;;;;;;;;;;;;279;;
STK;04.07.2000 00:00;;;;;;;;;;;;;;3.2;14.1;11.5;50.8;;;;;;;;;;;;;;;;248;;
STK;05.07.2000 00:00;;;;;;;;;;;;;;4.4;10.8;15.8;38.9;;;;;;;;;;;;;;;;237;;
STK;06.07.2000 00:00;;;;;;;;;;;;;;1.6;5.5;5.8;19.8;;;;;;;;;;;;;;;;68;;
STK;07.07.2000 00:00;;;;;;;;;;;;;;2.3;15.5;8.3;55.8;;;;;;;;;;;;;;;;239;;
STK;08.07.2000 00:00;;;;;;;;;;;;;;3.4;12.5;12.2;45;;;;;;;;;;;;;;;;247;;
STK;09.07.2000 00:00;;;;;;;;;;;;;;5.3;15.2;19.1;54.7;;;;;;;;;;;;;;;;229;;
STK;10.07.2000 00:00;;;;;;;;;;;;;;4;17;14.4;61.2;;;;;;;;;;;;;;;;225;;
STK;11.07.2000 00:00;;;;;;;;;;;;;;5.8;16.2;20.9;58.3;;;;;;;;;;;;;;;;235;;
STK;12.07.2000 00:00;;;;;;;;;;;;;;3.2;9.5;11.5;34.2;;;;;;;;;;;;;;;;230;;
STK;13.07.2000 00:00;;;;;;;;;;;;;;4.2;11.1;15.1;40;;;;;;;;;;;;;;;;227;;
STK;14.07.2000 00:00;;;;;;;;;;;;;;6.4;14.7;23;52.9;;;;;;;;;;;;;;;;229;;
STK;15.07.2000 00:00;;;;;;;;;;;;;;4.5;9.8;16.2;35.3;;;;;;;;;;;;;;;;233;;
STK;16.07.2000 00:00;;;;;;;;;;;;;;2.9;8.3;10.4;29.9;;;;;;;;;;;;;;;;234;;
STK;17.07.2000 00:00;;;;;;;;;;;;;;1.1;7.2;4;25.9;;;;;;;;;;;;;;;;76;;
STK;18.07.2000 00:00;;;;;;;;;;;;;;1.2;4.3;4.3;15.5;;;;;;;;;;;;;;;;135;;
STK;19.07.2000 00:00;;;;;;;;;;;;;;2.1;7.5;7.6;27;;;;;;;;;;;;;;;;278;;
STK;20.07.2000 00:00;;;;;;;;;;;;;;1.6;6;5.8;21.6;;;;;;;;;;;;;;;;52;;
STK;21.07.2000 00:00;;;;;;;;;;;;;;1.4;7.3;5;26.3;;;;;;;;;;;;;;;;225;;
STK;22.07.2000 00:00;;;;;;;;;;;;;;1.2;3.7;4.3;13.3;;;;;;;;;;;;;;;;82;;
STK;23.07.2000 00:00;;;;;;;;;;;;;;1.5;8.8;5.4;31.7;;;;;;;;;;;;;;;;63;;
STK;24.07.2000 00:00;;;;;;;;;;;;;;2.6;12.5;9.4;45;;;;;;;;;;;;;;;;239;;
STK;25.07.2000 00:00;;;;;;;;;;;;;;2.8;7.7;10.1;27.7;;;;;;;;;;;;;;;;242;;
STK;26.07.2000 00:00;;;;;;;;;;;;;;3.8;14.5;13.7;52.2;;;;;;;;;;;;;;;;235;;
STK;27.07.2000 00:00;;;;;;;;;;;;;;1.6;15.6;5.8;56.2;;;;;;;;;;;;;;;;225;;
STK;28.07.2000 00:00;;;;;;;;;;;;;;4.9;16.1;17.6;58;;;;;;;;;;;;;;;;236;;
STK;29.07.2000 00:00;;;;;;;;;;;;;;4.1;10.1;14.8;36.4;;;;;;;;;;;;;;;;228;;
STK;30.07.2000 00:00;;;;;;;;;;;;;;2.7;7.8;9.7;28.1;;;;;;;;;;;;;;;;235;;
STK;31.07.2000 00:00;;;;;;;;;;;;;;0.9;3.3;3.2;11.9;;;;;;;;;;;;;;;;63;;
STK;01.08.2000 00:00;;;;;;;;;;;;;;1.3;4.2;4.7;15.1;;;;;;;;;;;;;;;;217;;
STK;02.08.2000 00:00;;;;;;;;;;;;;;3;13;10.8;46.8;;;;;;;;;;;;;;;;234;;
STK;03.08.2000 00:00;;;;;;;;;;;;;;1.7;8.1;6.1;29.2;;;;;;;;;;;;;;;;231;;
STK;04.08.2000 00:00;;;;;;;;;;;;;;1.8;9.5;6.5;34.2;;;;;;;;;;;;;;;;67;;
STK;05.08.2000 00:00;;;;;;;;;;;;;;2.5;8.3;9;29.9;;;;;;;;;;;;;;;;28;;
STK;06.08.2000 00:00;;;;;;;;;;;;;;2.1;7.3;7.6;26.3;;;;;;;;;;;;;;;;238;;
STK;07.08.2000 00:00;;;;;;;;;;;;;;1.8;7.1;6.5;25.6;;;;;;;;;;;;;;;;225;;
STK;08.08.2000 00:00;;;;;;;;;;;;;;1;3.6;3.6;13;;;;;;;;;;;;;;;;135;;
STK;09.08.2000 00:00;;;;;;;;;;;;;;0.9;3.2;3.2;11.5;;;;;;;;;;;;;;;;90;;
STK;10.08.2000 00:00;;;;;;;;;;;;;;2.1;8.8;7.6;31.7;;;;;;;;;;;;;;;;232;;
STK;11.08.2000 00:00;;;;;;;;;;;;;;1.3;3.2;4.7;11.5;;;;;;;;;;;;;;;;90;;
STK;12.08.2000 00:00;;;;;;;;;;;;;;1.5;6.8;5.4;24.5;;;;;;;;;;;;;;;;180;;
STK;13.08.2000 00:00;;;;;;;;;;;;;;1.1;3;4;10.8;;;;;;;;;;;;;;;;180;;
STK;14.08.2000 00:00;;;;;;;;;;;;;;1.1;3.5;4;12.6;;;;;;;;;;;;;;;;219;;
STK;15.08.2000 00:00;;;;;;;;;;;;;;2.2;7.3;7.9;26.3;;;;;;;;;;;;;;;;231;;
STK;16.08.2000 00:00;;;;;;;;;;;;;;1.3;3.8;4.7;13.7;;;;;;;;;;;;;;;;232;;
STK;17.08.2000 00:00;;;;;;;;;;;;;;2.5;9.1;9;32.8;;;;;;;;;;;;;;;;238;;
STK;18.08.2000 00:00;;;;;;;;;;;;;;1.5;9;5.4;32.4;;;;;;;;;;;;;;;;53;;
STK;19.08.2000 00:00;;;;;;;;;;;;;;1.6;6.2;5.8;22.3;;;;;;;;;;;;;;;;236;;
STK;20.08.2000 00:00;;;;;;;;;;;;;;1.8;8;6.5;28.8;;;;;;;;;;;;;;;;207;;
STK;21.08.2000 00:00;;;;;;;;;;;;;;2.6;22.5;9.4;81;;;;;;;;;;;;;;;;234;;
STK;22.08.2000 00:00;;;;;;;;;;;;;;2;8.3;7.2;29.9;;;;;;;;;;;;;;;;108;;
STK;23.08.2000 00:00;;;;;;;;;;;;;;1.1;4.3;4;15.5;;;;;;;;;;;;;;;;117;;
STK;24.08.2000 00:00;;;;;;;;;;;;;;1.6;6.3;5.8;22.7;;;;;;;;;;;;;;;;196;;
STK;25.08.2000 00:00;;;;;;;;;;;;;;1.2;3;4.3;10.8;;;;;;;;;;;;;;;;90;;
STK;26.08.2000 00:00;;;;;;;;;;;;;;1.3;6.3;4.7;22.7;;;;;;;;;;;;;;;;56;;
STK;27.08.2000 00:00;;;;;;;;;;;;;;2.5;9.8;9;35.3;;;;;;;;;;;;;;;;219;;
STK;28.08.2000 00:00;;;;;;;;;;;;;;2.3;6.6;8.3;23.8;;;;;;;;;;;;;;;;225;;
STK;29.08.2000 00:00;;;;;;;;;;;;;;1.4;4;5;14.4;;;;;;;;;;;;;;;;127;;
STK;30.08.2000 00:00;;;;;;;;;;;;;;1.6;8.2;5.8;29.5;;;;;;;;;;;;;;;;215;;
STK;31.08.2000 00:00;;;;;;;;;;;;;;1.6;7;5.8;25.2;;;;;;;;;;;;;;;;228;;
STK;01.09.2000 00:00;;;;;;;;;;;;;;3.2;15.6;11.5;56.2;;;;;;;;;;;;;;;;247;;
STK;02.09.2000 00:00;;;;;;;;;;;;;;5.9;19.1;21.2;68.8;;;;;;;;;;;;;;;;234;;
STK;03.09.2000 00:00;;;;;;;;;;;;;;4.9;12.8;17.6;46.1;;;;;;;;;;;;;;;;234;;
STK;04.09.2000 00:00;;;;;;;;;;;;;;2.3;9.6;8.3;34.6;;;;;;;;;;;;;;;;229;;
STK;05.09.2000 00:00;;;;;;;;;;;;;;1.4;4;5;14.4;;;;;;;;;;;;;;;;194;;
STK;06.09.2000 00:00;;;;;;;;;;;;;;2.2;10.1;7.9;36.4;;;;;;;;;;;;;;;;219;;
STK;07.09.2000 00:00;;;;;;;;;;;;;;3.2;10.7;11.5;38.5;;;;;;;;;;;;;;;;249;;
STK;08.09.2000 00:00;;;;;;;;;;;;;;1.1;3.8;4;13.7;;;;;;;;;;;;;;;;90;;
STK;09.09.2000 00:00;;;;;;;;;;;;;;1.1;2.5;4;9;;;;;;;;;;;;;;;;135;;
STK;10.09.2000 00:00;;;;;;;;;;;;;;1.1;3.1;4;11.2;;;;;;;;;;;;;;;;124;;
STK;11.09.2000 00:00;;;;;;;;;;;;;;1.1;3.3;4;11.9;;;;;;;;;;;;;;;;117;;
STK;12.09.2000 00:00;;;;;;;;;;;;;;0.9;3.1;3.2;11.2;;;;;;;;;;;;;;;;135;;
STK;13.09.2000 00:00;;;;;;;;;;;;;;3;10.7;10.8;38.5;;;;;;;;;;;;;;;;228;;
STK;14.09.2000 00:00;;;;;;;;;;;;;;1.4;5.8;5;20.9;;;;;;;;;;;;;;;;90;;
STK;15.09.2000 00:00;;;;;;;;;;;;;;1;6.7;3.6;24.1;;;;;;;;;;;;;;;;194;;
STK;16.09.2000 00:00;;;;;;;;;;;;;;5.8;16.3;20.9;58.7;;;;;;;;;;;;;;;;237;;
STK;17.09.2000 00:00;;;;;;;;;;;;;;4.8;15.3;17.3;55.1;;;;;;;;;;;;;;;;226;;
STK;18.09.2000 00:00;;;;;;;;;;;;;;1.2;3.6;4.3;13;;;;;;;;;;;;;;;;76;;
STK;19.09.2000 00:00;;;;;;;;;;;;;;1.9;10;6.8;36;;;;;;;;;;;;;;;;45;;
STK;20.09.2000 00:00;;;;;;;;;;;;;;2.9;11;10.4;39.6;;;;;;;;;;;;;;;;234;;
STK;21.09.2000 00:00;;;;;;;;;;;;;;6.8;13.2;24.5;47.5;;;;;;;;;;;;;;;;242;;
STK;22.09.2000 00:00;;;;;;;;;;;;;;2;7.5;7.2;27;;;;;;;;;;;;;;;;121;;
STK;23.09.2000 00:00;;;;;;;;;;;;;;2.2;8.3;7.9;29.9;;;;;;;;;;;;;;;;65;;
STK;24.09.2000 00:00;;;;;;;;;;;;;;1.2;3.7;4.3;13.3;;;;;;;;;;;;;;;;45;;
STK;25.09.2000 00:00;;;;;;;;;;;;;;0.8;3;2.9;10.8;;;;;;;;;;;;;;;;90;;
STK;26.09.2000 00:00;;;;;;;;;;;;;;1.1;3.8;4;13.7;;;;;;;;;;;;;;;;90;;
STK;27.09.2000 00:00;;;;;;;;;;;;;;1;4.2;3.6;15.1;;;;;;;;;;;;;;;;135;;
STK;28.09.2000 00:00;;;;;;;;;;;;;;1;5;3.6;18;;;;;;;;;;;;;;;;117;;
STK;29.09.2000 00:00;;;;;;;;;;;;;;1.5;5.3;5.4;19.1;;;;;;;;;;;;;;;;101;;
STK;30.09.2000 00:00;;;;;;;;;;;;;;2.7;7;9.7;25.2;;;;;;;;;;;;;;;;231;;
STK;01.10.2000 00:00;;;;;;;;;;;;;;1.3;5.5;4.7;19.8;;;;;;;;;;;;;;;;234;;
STK;02.10.2000 00:00;;;;;;;;;;;;;;3.3;13.5;11.9;48.6;;;;;;;;;;;;;;;;232;;
STK;03.10.2000 00:00;;;;;;;;;;;;;;1.8;7.5;6.5;27;;;;;;;;;;;;;;;;90;;
STK;04.10.2000 00:00;;;;;;;;;;;;;;1;4.5;3.6;16.2;;;;;;;;;;;;;;;;153;;
STK;05.10.2000 00:00;;;;;;;;;;;;;;1.4;5.5;5;19.8;;;;;;;;;;;;;;;;225;;
STK;06.10.2000 00:00;;;;;;;;;;;;;;2.5;11.6;9;41.8;;;;;;;;;;;;;;;;239;;
STK;07.10.2000 00:00;;;;;;;;;;;;;;1.5;6;5.4;21.6;;;;;;;;;;;;;;;;225;;
STK;08.10.2000 00:00;;;;;;;;;;;;;;1.7;6.8;6.1;24.5;;;;;;;;;;;;;;;;207;;
STK;09.10.2000 00:00;;;;;;;;;;;;;;3.2;11.5;11.5;41.4;;;;;;;;;;;;;;;;228;;
STK;10.10.2000 00:00;;;;;;;;;;;;;;3.5;17.5;12.6;63;;;;;;;;;;;;;;;;232;;
STK;11.10.2000 00:00;;;;;;;;;;;;;;1.5;7.2;5.4;25.9;;;;;;;;;;;;;;;;229;;
STK;12.10.2000 00:00;;;;;;;;;;;;;;1.4;5.8;5;20.9;;;;;;;;;;;;;;;;90;;
STK;13.10.2000 00:00;;;;;;;;;;;;;;2.1;8.1;7.6;29.2;;;;;;;;;;;;;;;;326;;
STK;14.10.2000 00:00;;;;;;;;;;;;;;1.5;7.3;5.4;26.3;;;;;;;;;;;;;;;;37;;
STK;15.10.2000 00:00;;;;;;;;;;;;;;2.5;10;9;36;;;;;;;;;;;;;;;;225;;
STK;16.10.2000 00:00;;;;;;;;;;;;;;1.6;7;5.8;25.2;;;;;;;;;;;;;;;;222;;
STK;17.10.2000 00:00;;;;;;;;;;;;;;1.9;7.6;6.8;27.4;;;;;;;;;;;;;;;;230;;
STK;18.10.2000 00:00;;;;;;;;;;;;;;0.9;4;3.2;14.4;;;;;;;;;;;;;;;;90;;
STK;19.10.2000 00:00;;;;;;;;;;;;;;0.7;5.6;2.5;20.2;;;;;;;;;;;;;;;;198;;
STK;20.10.2000 00:00;;;;;;;;;;;;;;1;3.7;3.6;13.3;;;;;;;;;;;;;;;;37;;
STK;22.10.2000 00:00;;;;;;;;;;;;;;1.2;4.3;4.3;15.5;;;;;;;;;;;;;;;;45;;
STK;23.10.2000 00:00;;;;;;;;;;;;;;1.3;4.3;4.7;15.5;;;;;;;;;;;;;;;;239;;
STK;24.10.2000 00:00;;;;;;;;;;;;;;2.1;8.3;7.6;29.9;;;;;;;;;;;;;;;;236;;
STK;25.10.2000 00:00;;;;;;;;;;;;;;2.3;9.2;8.3;33.1;;;;;;;;;;;;;;;;235;;
STK;26.10.2000 00:00;;;;;;;;;;;;;;4.5;11.5;16.2;41.4;;;;;;;;;;;;;;;;229;;
STK;27.10.2000 00:00;;;;;;;;;;;;;;2.5;7.8;9;28.1;;;;;;;;;;;;;;;;225;;
STK;28.10.2000 00:00;;;;;;;;;;;;;;0.9;4.3;3.2;15.5;;;;;;;;;;;;;;;;180;;
STK;29.10.2000 00:00;;;;;;;;;;;;;;3.5;12.5;12.6;45;;;;;;;;;;;;;;;;237;;
STK;30.10.2000 00:00;;;;;;;;;;;;;;2.1;9.1;7.6;32.8;;;;;;;;;;;;;;;;227;;
STK;31.10.2000 00:00;;;;;;;;;;;;;;3.5;14.5;12.6;52.2;;;;;;;;;;;;;;;;226;;
STK;01.11.2000 00:00;;;;;;;;;;;;;;4.2;13.2;15.1;47.5;;;;;;;;;;;;;;;;226;;
STK;02.11.2000 00:00;;;;;;;;;;;;;;2.2;9.8;7.9;35.3;;;;;;;;;;;;;;;;207;;
STK;03.11.2000 00:00;;;;;;;;;;;;;;2.9;12.2;10.4;43.9;;;;;;;;;;;;;;;;230;;
STK;04.11.2000 00:00;;;;;;;;;;;;;;3;11.3;10.8;40.7;;;;;;;;;;;;;;;;229;;
STK;05.11.2000 00:00;;;;;;;;;;;;;;1.7;7.1;6.1;25.6;;;;;;;;;;;;;;;;180;;
STK;06.11.2000 00:00;;;;;;;;;;;;;;2.4;16.8;8.6;60.5;;;;;;;;;;;;;;;;243;;
STK;07.11.2000 00:00;;;;;;;;;;;;;;2.9;14.5;10.4;52.2;;;;;;;;;;;;;;;;222;;
STK;09.11.2000 00:00;;;;;;;;;;;;;;;;15.5;;;;;;;;;;;;;;;;;;;
STK;11.11.2000 00:00;;;;;;;;;;;;;;1.1;6;4;21.6;;;;;;;;;;;;;;;;198;;
STK;12.11.2000 00:00;;;;;;;;;;;;;;1.1;4.6;4;16.6;;;;;;;;;;;;;;;;217;;
STK;13.11.2000 00:00;;;;;;;;;;;;;;1.4;7.6;5;27.4;;;;;;;;;;;;;;;;214;;
STK;14.11.2000 00:00;;;;;;;;;;;;;;2.2;9.1;7.9;32.8;;;;;;;;;;;;;;;;242;;
STK;15.11.2000 00:00;;;;;;;;;;;;;;0.8;4;2.9;14.4;;;;;;;;;;;;;;;;207;;
STK;16.11.2000 00:00;;;;;;;;;;;;;;1.4;4.8;5;17.3;;;;;;;;;;;;;;;;270;;
STK;17.11.2000 00:00;;;;;;;;;;;;;;1.9;5.8;6.8;20.9;;;;;;;;;;;;;;;;211;;
STK;18.11.2000 00:00;;;;;;;;;;;;;;1.8;7.1;6.5;25.6;;;;;;;;;;;;;;;;210;;
STK;19.11.2000 00:00;;;;;;;;;;;;;;1.4;7.6;5;27.4;;;;;;;;;;;;;;;;216;;
STK;20.11.2000 00:00;;;;;;;;;;;;;;1.8;8.6;6.5;31;;;;;;;;;;;;;;;;233;;
STK;21.11.2000 00:00;;;;;;;;;;;;;;1.8;9;6.5;32.4;;;;;;;;;;;;;;;;225;;
STK;22.11.2000 00:00;;;;;;;;;;;;;;1.3;7;4.7;25.2;;;;;;;;;;;;;;;;211;;
STK;23.11.2000 00:00;;;;;;;;;;;;;;1.9;15.5;6.8;55.8;;;;;;;;;;;;;;;;243;;
STK;24.11.2000 00:00;;;;;;;;;;;;;;2.9;13;10.4;46.8;;;;;;;;;;;;;;;;232;;
STK;25.11.2000 00:00;;;;;;;;;;;;;;0.8;6.2;2.9;22.3;;;;;;;;;;;;;;;;194;;
STK;26.11.2000 00:00;;;;;;;;;;;;;;4.7;18.5;16.9;66.6;;;;;;;;;;;;;;;;238;;
STK;27.11.2000 00:00;;;;;;;;;;;;;;2.5;8.3;9;29.9;;;;;;;;;;;;;;;;234;;
STK;28.11.2000 00:00;;;;;;;;;;;;;;1.8;8.8;6.5;31.7;;;;;;;;;;;;;;;;225;;
STK;29.11.2000 00:00;;;;;;;;;;;;;;1.1;6.6;4;23.8;;;;;;;;;;;;;;;;180;;
STK;30.11.2000 00:00;;;;;;;;;;;;;;1.3;7;4.7;25.2;;;;;;;;;;;;;;;;146;;
STK;01.12.2000 00:00;;;;;;;;;;;;;;1.1;4.6;4;16.6;;;;;;;;;;;;;;;;259;;
STK;02.12.2000 00:00;;;;;;;;;;;;;;1.3;6.5;4.7;23.4;;;;;;;;;;;;;;;;31;;
STK;03.12.2000 00:00;;;;;;;;;;;;;;1.5;7.6;5.4;27.4;;;;;;;;;;;;;;;;225;;
STK;04.12.2000 00:00;;;;;;;;;;;;;;0.9;4;3.2;14.4;;;;;;;;;;;;;;;;225;;
STK;05.12.2000 00:00;;;;;;;;;;;;;;1.7;5.2;6.1;18.7;;;;;;;;;;;;;;;;243;;
STK;06.12.2000 00:00;;;;;;;;;;;;;;1.5;5.2;5.4;18.7;;;;;;;;;;;;;;;;225;;
STK;07.12.2000 00:00;;;;;;;;;;;;;;1.5;5.5;5.4;19.8;;;;;;;;;;;;;;;;18;;
STK;08.12.2000 00:00;;;;;;;;;;;;;;2.4;11.1;8.6;40;;;;;;;;;;;;;;;;232;;
STK;09.12.2000 00:00;;;;;;;;;;;;;;1.4;6.7;5;24.1;;;;;;;;;;;;;;;;233;;
STK;10.12.2000 00:00;;;;;;;;;;;;;;5.5;17.2;19.8;61.9;;;;;;;;;;;;;;;;225;;
STK;11.12.2000 00:00;;;;;;;;;;;;;;2.5;15.5;9;55.8;;;;;;;;;;;;;;;;225;;
STK;12.12.2000 00:00;;;;;;;;;;;;;;0.6;3;2.2;10.8;;;;;;;;;;;;;;;;180;;
STK;13.12.2000 00:00;;;;;;;;;;;;;;4;15.5;14.4;55.8;;;;;;;;;;;;;;;;233;;
STK;14.12.2000 00:00;;;;;;;;;;;;;;3.1;9.3;11.2;33.5;;;;;;;;;;;;;;;;228;;
STK;15.12.2000 00:00;;;;;;;;;;;;;;7.4;22.1;26.6;79.6;;;;;;;;;;;;;;;;238;;
STK;16.12.2000 00:00;;;;;;;;;;;;;;6;15.7;21.6;56.5;;;;;;;;;;;;;;;;234;;
STK;17.12.2000 00:00;;;;;;;;;;;;;;3.4;9.3;12.2;33.5;;;;;;;;;;;;;;;;225;;
STK;18.12.2000 00:00;;;;;;;;;;;;;;0.9;3.6;3.2;13;;;;;;;;;;;;;;;;211;;
STK;19.12.2000 00:00;;;;;;;;;;;;;;1.1;4.1;4;14.8;;;;;;;;;;;;;;;;135;;
STK;20.12.2000 00:00;;;;;;;;;;;;;;4.3;8.7;15.5;31.3;;;;;;;;;;;;;;;;60;;
STK;21.12.2000 00:00;;;;;;;;;;;;;;3;7.8;10.4;28.1;;;;;;;;;;;;;;;;54;;
STK;22.12.2000 00:00;;;;;;;;;;;;;;2;6.8;7.2;24.5;;;;;;;;;;;;;;;;58;;
STK;23.12.2000 00:00;;;;;;;;;;;;;;1.2;4.7;4.3;16.9;;;;;;;;;;;;;;;;211;;
STK;24.12.2000 00:00;;;;;;;;;;;;;;1;5.2;3.6;18.7;;;;;;;;;;;;;;;;225;;
STK;25.12.2000 00:00;;;;;;;;;;;;;;1.5;5.8;5.4;20.9;;;;;;;;;;;;;;;;228;;
STK;26.12.2000 00:00;;;;;;;;;;;;;;1.1;4.8;4;17.3;;;;;;;;;;;;;;;;198;;
STK;27.12.2000 00:00;;;;;;;;;;;;;;0.9;4.2;3.2;15.1;;;;;;;;;;;;;;;;135;;
STK;28.12.2000 00:00;;;;;;;;;;;;;;3.7;16.2;13.3;58.3;;;;;;;;;;;;;;;;237;;
STK;29.12.2000 00:00;;;;;;;;;;;;;;2.7;13.3;9.7;47.9;;;;;;;;;;;;;;;;233;;
STK;30.12.2000 00:00;;;;;;;;;;;;;;3.8;12.3;13.7;44.3;;;;;;;;;;;;;;;;235;;
STK;31.12.2000 00:00;;;;;;;;;;;;;;2.3;8.8;8.3;31.7;;;;;;;;;;;;;;;;214;;
STK;01.01.2001 00:00;;;;;;;;;;;;;;1.1;5.5;4;19.8;;;;;;;;;;;;;;;;270;;
STK;02.01.2001 00:00;;;;;;;;;;;;;;2.2;8;7.9;28.8;;;;;;;;;;;;;;;;225;;
STK;03.01.2001 00:00;;;;;;;;;;;;;;3.5;17.3;12.6;62.3;;;;;;;;;;;;;;;;237;;
STK;04.01.2001 00:00;;;;;;;;;;;;;;3;12.6;10.8;45.4;;;;;;;;;;;;;;;;229;;
STK;05.01.2001 00:00;;;;;;;;;;;;;;1.8;10.8;6.5;38.9;;;;;;;;;;;;;;;;218;;
STK;06.01.2001 00:00;;;;;;;;;;;;;;3;14;10.8;50.4;;;;;;;;;;;;;;;;235;;
STK;07.01.2001 00:00;;;;;;;;;;;;;;0.9;4.7;3.2;16.9;;;;;;;;;;;;;;;;216;;
STK;08.01.2001 00:00;;;;;;;;;;;;;;1;5.2;3.6;18.7;;;;;;;;;;;;;;;;220;;
STK;09.01.2001 00:00;;;;;;;;;;;;;;1.4;4.8;5;17.3;;;;;;;;;;;;;;;;231;;
STK;10.01.2001 00:00;;;;;;;;;;;;;;1.1;4.7;4;16.9;;;;;;;;;;;;;;;;239;;
STK;11.01.2001 00:00;;;;;;;;;;;;;;0.9;3.3;3.2;11.9;;;;;;;;;;;;;;;;56;;
STK;12.01.2001 00:00;;;;;;;;;;;;;;5.8;12.8;20.9;46.1;;;;;;;;;;;;;;;;51;;
STK;13.01.2001 00:00;;;;;;;;;;;;;;8.5;15.6;30.6;56.2;;;;;;;;;;;;;;;;63;;
STK;14.01.2001 00:00;;;;;;;;;;;;;;6.8;14.5;24.5;52.2;;;;;;;;;;;;;;;;67;;
STK;15.01.2001 00:00;;;;;;;;;;;;;;1.9;6.2;6.8;22.3;;;;;;;;;;;;;;;;40;;
STK;16.01.2001 00:00;;;;;;;;;;;;;;0.9;3.5;3.2;12.6;;;;;;;;;;;;;;;;45;;
STK;17.01.2001 00:00;;;;;;;;;;;;;;1.3;5.5;4.7;19.8;;;;;;;;;;;;;;;;238;;
STK;18.01.2001 00:00;;;;;;;;;;;;;;0.8;4.2;2.9;15.1;;;;;;;;;;;;;;;;360;;
STK;19.01.2001 00:00;;;;;;;;;;;;;;1.1;4.2;4;15.1;;;;;;;;;;;;;;;;304;;
STK;20.01.2001 00:00;;;;;;;;;;;;;;1;7;3.6;25.2;;;;;;;;;;;;;;;;243;;
STK;21.01.2001 00:00;;;;;;;;;;;;;;1.3;5;4.7;18;;;;;;;;;;;;;;;;225;;
STK;22.01.2001 00:00;;;;;;;;;;;;;;0.8;4.3;2.9;15.5;;;;;;;;;;;;;;;;252;;
STK;23.01.2001 00:00;;;;;;;;;;;;;;1.2;5.8;4.3;20.9;;;;;;;;;;;;;;;;207;;
STK;24.01.2001 00:00;;;;;;;;;;;;;;2.7;11.5;9.7;41.4;;;;;;;;;;;;;;;;231;;
STK;25.01.2001 00:00;;;;;;;;;;;;;;2.7;15.3;9.7;55.1;;;;;;;;;;;;;;;;234;;
STK;26.01.2001 00:00;;;;;;;;;;;;;;1.7;10.7;6.1;38.5;;;;;;;;;;;;;;;;228;;
STK;27.01.2001 00:00;;;;;;;;;;;;;;5.7;22;20.5;79.2;;;;;;;;;;;;;;;;239;;
STK;28.01.2001 00:00;;;;;;;;;;;;;;1;4.7;3.6;16.9;;;;;;;;;;;;;;;;53;;
STK;29.01.2001 00:00;;;;;;;;;;;;;;2.2;9.2;7.9;33.1;;;;;;;;;;;;;;;;52;;
STK;30.01.2001 00:00;;;;;;;;;;;;;;1.4;6.1;5;22;;;;;;;;;;;;;;;;66;;
STK;31.01.2001 00:00;;;;;;;;;;;;;;1.5;8.5;5.4;30.6;;;;;;;;;;;;;;;;68;;
STK;01.02.2001 00:00;;;;;;;;;;;;;;2.6;7.6;9.4;27.4;;;;;;;;;;;;;;;;45;;
STK;02.02.2001 00:00;;;;;;;;;;;;;;3.6;16;13;57.6;;;;;;;;;;;;;;;;232;;
STK;03.02.2001 00:00;;;;;;;;;;;;;;7.7;16.6;27.7;59.8;;;;;;;;;;;;;;;;231;;
STK;04.02.2001 00:00;;;;;;;;;;;;;;6.5;18.6;23.4;67;;;;;;;;;;;;;;;;229;;
STK;05.02.2001 00:00;;;;;;;;;;;;;;9.1;26.7;32.8;96.1;;;;;;;;;;;;;;;;230;;
STK;06.02.2001 00:00;;;;;;;;;;;;;;1.7;9.1;6.1;32.8;;;;;;;;;;;;;;;;229;;
STK;07.02.2001 00:00;;;;;;;;;;;;;;0.8;3.2;2.9;11.5;;;;;;;;;;;;;;;;180;;
STK;08.02.2001 00:00;;;;;;;;;;;;;;2.3;12.5;8.3;45;;;;;;;;;;;;;;;;225;;
STK;09.02.2001 00:00;;;;;;;;;;;;;;4;17.3;14.4;62.3;;;;;;;;;;;;;;;;241;;
STK;10.02.2001 00:00;;;;;;;;;;;;;;0.9;2.8;3.2;10.1;;;;;;;;;;;;;;;;153;;
STK;11.02.2001 00:00;;;;;;;;;;;;;;1;3.5;3.6;12.6;;;;;;;;;;;;;;;;135;;
STK;12.02.2001 00:00;;;;;;;;;;;;;;0.9;2.7;3.2;9.7;;;;;;;;;;;;;;;;90;;
STK;13.02.2001 00:00;;;;;;;;;;;;;;3.9;13.1;14;47.2;;;;;;;;;;;;;;;;55;;
STK;14.02.2001 00:00;;;;;;;;;;;;;;5.5;12.3;19.8;44.3;;;;;;;;;;;;;;;;56;;
STK;15.02.2001 00:00;;;;;;;;;;;;;;1.3;5.3;4.7;19.1;;;;;;;;;;;;;;;;90;;
STK;16.02.2001 00:00;;;;;;;;;;;;;;1.5;6.5;5.4;23.4;;;;;;;;;;;;;;;;210;;
STK;17.02.2001 00:00;;;;;;;;;;;;;;2.5;8.2;9;29.5;;;;;;;;;;;;;;;;249;;
STK;18.02.2001 00:00;;;;;;;;;;;;;;2.7;10;9.7;36;;;;;;;;;;;;;;;;61;;
STK;19.02.2001 00:00;;;;;;;;;;;;;;1.1;5.2;4;18.7;;;;;;;;;;;;;;;;194;;
STK;20.02.2001 00:00;;;;;;;;;;;;;;2.5;6.5;9;23.4;;;;;;;;;;;;;;;;241;;
STK;21.02.2001 00:00;;;;;;;;;;;;;;4.7;11.3;16.9;40.7;;;;;;;;;;;;;;;;235;;
STK;22.02.2001 00:00;;;;;;;;;;;;;;8.6;14.8;31;53.3;;;;;;;;;;;;;;;;239;;
STK;23.02.2001 00:00;;;;;;;;;;;;;;5.6;19.5;20.2;70.2;;;;;;;;;;;;;;;;237;;
STK;24.02.2001 00:00;;;;;;;;;;;;;;1.8;10.6;6.5;38.2;;;;;;;;;;;;;;;;254;;
STK;25.02.2001 00:00;;;;;;;;;;;;;;2.5;8.2;9;29.5;;;;;;;;;;;;;;;;60;;
STK;26.02.2001 00:00;;;;;;;;;;;;;;2.6;8.7;9.4;31.3;;;;;;;;;;;;;;;;232;;
STK;27.02.2001 00:00;;;;;;;;;;;;;;1.3;6.5;4.7;23.4;;;;;;;;;;;;;;;;54;;
STK;28.02.2001 00:00;;;;;;;;;;;;;;1.3;5.3;4.7;19.1;;;;;;;;;;;;;;;;180;;
STK;01.03.2001 00:00;;;;;;;;;;;;;;4.1;14.3;14.8;51.5;;;;;;;;;;;;;;;;234;;
STK;02.03.2001 00:00;;;;;;;;;;;;;;2.5;9.3;9;33.5;;;;;;;;;;;;;;;;90;;
STK;03.03.2001 00:00;;;;;;;;;;;;;;1.1;5.7;4;20.5;;;;;;;;;;;;;;;;207;;
STK;04.03.2001 00:00;;;;;;;;;;;;;;3.1;14.6;11.2;52.6;;;;;;;;;;;;;;;;225;;
STK;05.03.2001 00:00;;;;;;;;;;;;;;2.5;6.7;9;24.1;;;;;;;;;;;;;;;;104;;
STK;06.03.2001 00:00;;;;;;;;;;;;;;1.1;3.8;4;13.7;;;;;;;;;;;;;;;;67;;
STK;07.03.2001 00:00;;;;;;;;;;;;;;0.9;3;3.2;10.8;;;;;;;;;;;;;;;;45;;
STK;08.03.2001 00:00;;;;;;;;;;;;;;2.3;7.8;8.3;28.1;;;;;;;;;;;;;;;;233;;
STK;09.03.2001 00:00;;;;;;;;;;;;;;3.1;9.7;11.2;34.9;;;;;;;;;;;;;;;;233;;
STK;10.03.2001 00:00;;;;;;;;;;;;;;2.8;11.6;10.1;41.8;;;;;;;;;;;;;;;;231;;
STK;11.03.2001 00:00;;;;;;;;;;;;;;4.6;13;16.6;46.8;;;;;;;;;;;;;;;;238;;
STK;12.03.2001 00:00;;;;;;;;;;;;;;3.8;14.1;13.7;50.8;;;;;;;;;;;;;;;;231;;
STK;13.03.2001 00:00;;;;;;;;;;;;;;7.6;21.8;27.4;78.5;;;;;;;;;;;;;;;;234;;
STK;14.03.2001 00:00;;;;;;;;;;;;;;6.8;15.8;24.5;56.9;;;;;;;;;;;;;;;;235;;
STK;15.03.2001 00:00;;;;;;;;;;;;;;6.1;16;22;57.6;;;;;;;;;;;;;;;;228;;
STK;16.03.2001 00:00;;;;;;;;;;;;;;1.6;6.1;5.8;22;;;;;;;;;;;;;;;;180;;
STK;17.03.2001 00:00;;;;;;;;;;;;;;2.8;10.1;10.1;36.4;;;;;;;;;;;;;;;;236;;
STK;18.03.2001 00:00;;;;;;;;;;;;;;4.1;19.2;14.8;69.1;;;;;;;;;;;;;;;;234;;
STK;19.03.2001 00:00;;;;;;;;;;;;;;6.7;17.5;;63;;;;;;;;;;;;;;;;241;;
STK;20.03.2001 00:00;;;;;;;;;;;;;;1.8;5.2;6.5;18.7;;;;;;;;;;;;;;;;54;;
STK;21.03.2001 00:00;;;;;;;;;;;;;;4.6;17.7;16.6;63.7;;;;;;;;;;;;;;;;230;;
STK;22.03.2001 00:00;;;;;;;;;;;;;;6.8;23.6;24.5;85;;;;;;;;;;;;;;;;237;;
STK;23.03.2001 00:00;;;;;;;;;;;;;;2.3;16.1;8.3;58;;;;;;;;;;;;;;;;242;;
STK;24.03.2001 00:00;;;;;;;;;;;;;;1.7;10.6;6.1;38.2;;;;;;;;;;;;;;;;90;;
STK;25.03.2001 00:00;;;;;;;;;;;;;;5;27.6;18;99.4;;;;;;;;;;;;;;;;238;;
STK;26.03.2001 00:00;;;;;;;;;;;;;;4.4;16.8;15.8;60.5;;;;;;;;;;;;;;;;261;;
STK;27.03.2001 00:00;;;;;;;;;;;;;;2;5.6;7.2;20.2;;;;;;;;;;;;;;;;56;;
STK;28.03.2001 00:00;;;;;;;;;;;;;;1.3;7.3;4.7;26.3;;;;;;;;;;;;;;;;67;;
STK;29.03.2001 00:00;;;;;;;;;;;;;;2.6;11.8;9.4;42.5;;;;;;;;;;;;;;;;235;;
STK;30.03.2001 00:00;;;;;;;;;;;;;;2.5;8;9;28.8;;;;;;;;;;;;;;;;232;;
STK;31.03.2001 00:00;;;;;;;;;;;;;;1.6;6.1;5.8;22;;;;;;;;;;;;;;;;68;;
STK;01.04.2001 00:00;;;;;;;;;;;;;;1.2;4.7;4.3;16.9;;;;;;;;;;;;;;;;50;;
STK;02.04.2001 00:00;;;;;;;;;;;;;;1.4;5.6;5;20.2;;;;;;;;;;;;;;;;72;;
STK;03.04.2001 00:00;;;;;;;;;;;;;;2.7;13.7;9.7;49.3;;;;;;;;;;;;;;;;235;;
STK;04.04.2001 00:00;;;;;;;;;;;;;;4.1;19.5;14.8;70.2;;;;;;;;;;;;;;;;237;;
STK;05.04.2001 00:00;;;;;;;;;;;;;;4.3;15.5;15.5;55.8;;;;;;;;;;;;;;;;237;;
STK;06.04.2001 00:00;;;;;;;;;;;;;;5.4;16.1;19.4;58;;;;;;;;;;;;;;;;236;;
STK;07.04.2001 00:00;;;;;;;;;;;;;;3.4;15.8;12.2;56.9;;;;;;;;;;;;;;;;232;;
STK;08.04.2001 00:00;;;;;;;;;;;;;;3;10.3;10.8;37.1;;;;;;;;;;;;;;;;239;;
STK;09.04.2001 00:00;;;;;;;;;;;;;;5.3;13.7;19.1;49.3;;;;;;;;;;;;;;;;234;;
STK;10.04.2001 00:00;;;;;;;;;;;;;;5.5;11.2;19.8;40.3;;;;;;;;;;;;;;;;236;;
STK;11.04.2001 00:00;;;;;;;;;;;;;;2.5;8.1;9;29.2;;;;;;;;;;;;;;;;236;;
STK;12.04.2001 00:00;;;;;;;;;;;;;;1.7;7.5;6.1;27;;;;;;;;;;;;;;;;6;;
STK;13.04.2001 00:00;;;;;;;;;;;;;;2.5;8.7;9;31.3;;;;;;;;;;;;;;;;20;;
STK;14.04.2001 00:00;;;;;;;;;;;;;;2.4;12.3;8.6;44.3;;;;;;;;;;;;;;;;53;;
STK;15.04.2001 00:00;;;;;;;;;;;;;;8.9;18.5;32;66.6;;;;;;;;;;;;;;;;230;;
STK;16.04.2001 00:00;;;;;;;;;;;;;;3;9.7;10.8;34.9;;;;;;;;;;;;;;;;229;;
STK;17.04.2001 00:00;;;;;;;;;;;;;;1.9;7.3;6.8;26.3;;;;;;;;;;;;;;;;234;;
STK;18.04.2001 00:00;;;;;;;;;;;;;;5.2;15.7;18.7;56.5;;;;;;;;;;;;;;;;245;;
STK;19.04.2001 00:00;;;;;;;;;;;;;;1.3;6.7;4.7;24.1;;;;;;;;;;;;;;;;270;;
STK;20.04.2001 00:00;;;;;;;;;;;;;;1.5;8;5.4;28.8;;;;;;;;;;;;;;;;284;;
STK;21.04.2001 00:00;;;;;;;;;;;;;;1.3;6.5;4.7;23.4;;;;;;;;;;;;;;;;254;;
STK;22.04.2001 00:00;;;;;;;;;;;;;;2.1;5.6;7.6;20.2;;;;;;;;;;;;;;;;229;;
STK;23.04.2001 00:00;;;;;;;;;;;;;;2.7;10.7;9.4;38.5;;;;;;;;;;;;;;;;231;;
STK;24.04.2001 00:00;;;;;;;;;;;;;;1.9;13.2;6.8;47.5;;;;;;;;;;;;;;;;225;;
STK;25.04.2001 00:00;;;;;;;;;;;;;;3.5;14.2;12.6;51.1;;;;;;;;;;;;;;;;235;;
STK;26.04.2001 00:00;;;;;;;;;;;;;;3.5;14.8;12.6;53.3;;;;;;;;;;;;;;;;237;;
STK;27.04.2001 00:00;;;;;;;;;;;;;;1.5;9.3;5.4;33.5;;;;;;;;;;;;;;;;236;;
STK;28.04.2001 00:00;;;;;;;;;;;;;;2.9;9.8;10.4;35.3;;;;;;;;;;;;;;;;242;;
STK;29.04.2001 00:00;;;;;;;;;;;;;;1.4;4.3;5;15.5;;;;;;;;;;;;;;;;63;;
STK;30.04.2001 00:00;;;;;;;;;;;;;;1.8;8.5;6.5;30.6;;;;;;;;;;;;;;;;99;;
STK;01.05.2001 00:00;;;;;;;;;;;;;;2.2;9;7.9;32.4;;;;;;;;;;;;;;;;232;;
STK;02.05.2001 00:00;;;;;;;;;;;;;;1.1;5.3;4;19.1;;;;;;;;;;;;;;;;53;;
STK;03.05.2001 00:00;;;;;;;;;;;;;;3.2;11.3;11.5;40.7;;;;;;;;;;;;;;;;234;;
STK;04.05.2001 00:00;;;;;;;;;;;;;;2.9;10.6;10.4;38.2;;;;;;;;;;;;;;;;45;;
STK;05.05.2001 00:00;;;;;;;;;;;;;;2.9;8.5;10.4;30.6;;;;;;;;;;;;;;;;42;;
STK;06.05.2001 00:00;;;;;;;;;;;;;;3.8;9.7;13.7;34.9;;;;;;;;;;;;;;;;40;;
STK;07.05.2001 00:00;;;;;;;;;;;;;;3.5;8.1;12.6;29.2;;;;;;;;;;;;;;;;47;;
STK;08.05.2001 00:00;;;;;;;;;;;;;;3.1;8.5;11.2;30.6;;;;;;;;;;;;;;;;61;;
STK;09.05.2001 00:00;;;;;;;;;;;;;;1.2;4.1;4.3;14.8;;;;;;;;;;;;;;;;63;;
STK;10.05.2001 00:00;;;;;;;;;;;;;;1.6;8.5;5.8;30.6;;;;;;;;;;;;;;;;66;;
STK;11.05.2001 00:00;;;;;;;;;;;;;;3.1;11.3;11.2;40.7;;;;;;;;;;;;;;;;62;;
STK;12.05.2001 00:00;;;;;;;;;;;;;;2;8.1;7.2;29.2;;;;;;;;;;;;;;;;62;;
STK;13.05.2001 00:00;;;;;;;;;;;;;;1.2;4.1;4.3;14.8;;;;;;;;;;;;;;;;90;;
STK;14.05.2001 00:00;;;;;;;;;;;;;;2.5;21.3;9;76.7;;;;;;;;;;;;;;;;214;;
STK;15.05.2001 00:00;;;;;;;;;;;;;;1.8;9;6.5;32.4;;;;;;;;;;;;;;;;241;;
STK;16.05.2001 00:00;;;;;;;;;;;;;;2;14.3;7.2;51.5;;;;;;;;;;;;;;;;60;;
STK;17.05.2001 00:00;;;;;;;;;;;;;;2.9;10;10.4;36;;;;;;;;;;;;;;;;229;;
STK;18.05.2001 00:00;;;;;;;;;;;;;;3.7;18.6;13.3;67;;;;;;;;;;;;;;;;243;;
STK;19.05.2001 00:00;;;;;;;;;;;;;;1.6;5;5.8;18;;;;;;;;;;;;;;;;66;;
STK;20.05.2001 00:00;;;;;;;;;;;;;;3.3;9.3;11.9;33.5;;;;;;;;;;;;;;;;50;;
STK;21.05.2001 00:00;;;;;;;;;;;;;;4.6;13.3;16.6;47.9;;;;;;;;;;;;;;;;62;;
STK;22.05.2001 00:00;;;;;;;;;;;;;;4.5;10.6;16.2;38.2;;;;;;;;;;;;;;;;52;;
STK;23.05.2001 00:00;;;;;;;;;;;;;;1.7;6.1;6.1;22;;;;;;;;;;;;;;;;45;;
STK;24.05.2001 00:00;;;;;;;;;;;;;;1.5;6.6;5.4;23.8;;;;;;;;;;;;;;;;239;;
STK;25.05.2001 00:00;;;;;;;;;;;;;;2.2;9.2;7.9;33.1;;;;;;;;;;;;;;;;235;;
STK;26.05.2001 00:00;;;;;;;;;;;;;;1.3;3.3;4.7;11.9;;;;;;;;;;;;;;;;135;;
STK;27.05.2001 00:00;;;;;;;;;;;;;;2.6;8.2;9.4;29.5;;;;;;;;;;;;;;;;235;;
STK;28.05.2001 00:00;;;;;;;;;;;;;;3.4;9.3;12.2;33.5;;;;;;;;;;;;;;;;235;;
STK;29.05.2001 00:00;;;;;;;;;;;;;;2.5;8.1;9;29.2;;;;;;;;;;;;;;;;236;;
STK;30.05.2001 00:00;;;;;;;;;;;;;;1.4;4.7;5;16.9;;;;;;;;;;;;;;;;180;;
STK;31.05.2001 00:00;;;;;;;;;;;;;;3.3;15.5;11.9;55.8;;;;;;;;;;;;;;;;258;;
STK;01.06.2001 00:00;;;;;;;;;;;;;;1.5;5.5;5.4;19.8;;;;;;;;;;;;;;;;256;;
STK;02.06.2001 00:00;;;;;;;;;;;;;;5.5;13.3;19.8;47.9;;;;;;;;;;;;;;;;236;;
STK;03.06.2001 00:00;;;;;;;;;;;;;;4;15;14.4;54;;;;;;;;;;;;;;;;256;;
STK;04.06.2001 00:00;;;;;;;;;;;;;;2.9;8.1;10.4;29.2;;;;;;;;;;;;;;;;241;;
STK;05.06.2001 00:00;;;;;;;;;;;;;;1.6;4.5;5.8;16.2;;;;;;;;;;;;;;;;77;;
STK;06.06.2001 00:00;;;;;;;;;;;;;;4.5;13;16.2;46.8;;;;;;;;;;;;;;;;230;;
STK;07.06.2001 00:00;;;;;;;;;;;;;;4;10.6;14.4;38.2;;;;;;;;;;;;;;;;240;;
STK;08.06.2001 00:00;;;;;;;;;;;;;;2;8.3;7.2;29.9;;;;;;;;;;;;;;;;229;;
STK;09.06.2001 00:00;;;;;;;;;;;;;;1.9;6.1;6.8;22;;;;;;;;;;;;;;;;52;;
STK;10.06.2001 00:00;;;;;;;;;;;;;;2.2;9.8;7.9;35.3;;;;;;;;;;;;;;;;233;;
STK;11.06.2001 00:00;;;;;;;;;;;;;;4.2;13.8;15.1;49.7;;;;;;;;;;;;;;;;243;;
STK;12.06.2001 00:00;;;;;;;;;;;;;;1.5;3.8;5.4;13.7;;;;;;;;;;;;;;;;84;;
STK;13.06.2001 00:00;;;;;;;;;;;;;;2.3;17.5;8.3;63;;;;;;;;;;;;;;;;220;;
STK;14.06.2001 00:00;;;;;;;;;;;;;;2.4;10.5;8.6;37.8;;;;;;;;;;;;;;;;234;;
STK;15.06.2001 00:00;;;;;;;;;;;;;;1.9;16.2;6.8;58.3;;;;;;;;;;;;;;;;360;;
STK;16.06.2001 00:00;;;;;;;;;;;;;;1.6;8.5;5.8;30.6;;;;;;;;;;;;;;;;225;;
STK;17.06.2001 00:00;;;;;;;;;;;;;;5;12.7;18;45.7;;;;;;;;;;;;;;;;232;;
STK;18.06.2001 00:00;;;;;;;;;;;;;;5.5;12;19.8;43.2;;;;;;;;;;;;;;;;248;;
STK;19.06.2001 00:00;;;;;;;;;;;;;;2.1;9.1;7.6;32.8;;;;;;;;;;;;;;;;72;;
STK;20.06.2001 00:00;;;;;;;;;;;;;;1.3;3.7;4.7;13.3;;;;;;;;;;;;;;;;56;;
STK;21.06.2001 00:00;;;;;;;;;;;;;;2.9;12.3;10.4;44.3;;;;;;;;;;;;;;;;238;;
STK;22.06.2001 00:00;;;;;;;;;;;;;;3.9;15.1;14;54.4;;;;;;;;;;;;;;;;266;;
STK;23.06.2001 00:00;;;;;;;;;;;;;;1.3;4;4.7;14.4;;;;;;;;;;;;;;;;69;;
STK;24.06.2001 00:00;;;;;;;;;;;;;;1.2;4;4.3;14.4;;;;;;;;;;;;;;;;82;;
STK;25.06.2001 00:00;;;;;;;;;;;;;;1.1;4.2;4;15.1;;;;;;;;;;;;;;;;59;;
STK;26.06.2001 00:00;;;;;;;;;;;;;;1.2;3.2;4.3;11.5;;;;;;;;;;;;;;;;51;;
STK;27.06.2001 00:00;;;;;;;;;;;;;;1.7;11.1;6.1;40;;;;;;;;;;;;;;;;233;;
STK;28.06.2001 00:00;;;;;;;;;;;;;;2.1;7;7.6;25.2;;;;;;;;;;;;;;;;247;;
STK;29.06.2001 00:00;;;;;;;;;;;;;;1.2;4.1;4.3;14.8;;;;;;;;;;;;;;;;53;;
STK;30.06.2001 00:00;;;;;;;;;;;;;;2.3;9.5;8.3;34.2;;;;;;;;;;;;;;;;232;;
STK;01.07.2001 00:00;;;;;;;;;;;;;;1.6;7;5.8;25.2;;;;;;;;;;;;;;;;76;;
STK;02.07.2001 00:00;;;;;;;;;;;;;;1.8;6.3;6.5;22.7;;;;;;;;;;;;;;;;55;;
STK;03.07.2001 00:00;;;;;;;;;;;;;;3;9.3;10.8;33.5;;;;;;;;;;;;;;;;58;;
STK;04.07.2001 00:00;;;;;;;;;;;;;;1.5;6.3;5.4;22.7;;;;;;;;;;;;;;;;54;;
STK;05.07.2001 00:00;;;;;;;;;;;;;;1.7;6.8;6.1;24.5;;;;;;;;;;;;;;;;58;;
STK;06.07.2001 00:00;;;;;;;;;;;;;;2.9;18.8;10.4;67.7;;;;;;;;;;;;;;;;146;;
STK;07.07.2001 00:00;;;;;;;;;;;;;;4;13.7;14.4;49.3;;;;;;;;;;;;;;;;233;;
STK;08.07.2001 00:00;;;;;;;;;;;;;;4.7;12.8;16.9;46.1;;;;;;;;;;;;;;;;237;;
STK;09.07.2001 00:00;;;;;;;;;;;;;;2.7;8.8;9.7;31.7;;;;;;;;;;;;;;;;233;;
STK;10.07.2001 00:00;;;;;;;;;;;;;;1.9;7.8;6.8;28.1;;;;;;;;;;;;;;;;232;;
STK;11.07.2001 00:00;;;;;;;;;;;;;;4.2;14.3;15.1;51.5;;;;;;;;;;;;;;;;233;;
STK;12.07.2001 00:00;;;;;;;;;;;;;;2.1;7.8;7.6;28.1;;;;;;;;;;;;;;;;242;;
STK;13.07.2001 00:00;;;;;;;;;;;;;;2.7;7.8;9.7;28.1;;;;;;;;;;;;;;;;225;;
STK;14.07.2001 00:00;;;;;;;;;;;;;;1.5;11.7;5.4;42.1;;;;;;;;;;;;;;;;256;;
STK;15.07.2001 00:00;;;;;;;;;;;;;;2.5;13;9;46.8;;;;;;;;;;;;;;;;6;;
STK;16.07.2001 00:00;;;;;;;;;;;;;;1.7;8.1;6.1;29.2;;;;;;;;;;;;;;;;225;;
STK;17.07.2001 00:00;;;;;;;;;;;;;;1.9;6.1;6.8;22;;;;;;;;;;;;;;;;72;;
STK;18.07.2001 00:00;;;;;;;;;;;;;;1.8;11.1;6.5;40;;;;;;;;;;;;;;;;215;;
STK;19.07.2001 00:00;;;;;;;;;;;;;;1.6;8.6;5.8;31;;;;;;;;;;;;;;;;207;;
STK;20.07.2001 00:00;;;;;;;;;;;;;;5.6;13.1;20.2;47.2;;;;;;;;;;;;;;;;244;;
STK;21.07.2001 00:00;;;;;;;;;;;;;;2.1;;7.6;;;;;;;;;;;;;;;;;76;;
STK;22.07.2001 00:00;;;;;;;;;;;;;;1.2;4.5;4.3;16.2;;;;;;;;;;;;;;;;45;;
STK;23.07.2001 00:00;;;;;;;;;;;;;;2;15.7;7.2;56.5;;;;;;;;;;;;;;;;225;;
STK;24.07.2001 00:00;;;;;;;;;;;;;;1.6;5.5;5.8;19.8;;;;;;;;;;;;;;;;234;;
STK;25.07.2001 00:00;;;;;;;;;;;;;;1.9;8.1;6.8;29.2;;;;;;;;;;;;;;;;63;;
STK;26.07.2001 00:00;;;;;;;;;;;;;;1.1;4;4;14.4;;;;;;;;;;;;;;;;79;;
STK;27.07.2001 00:00;;;;;;;;;;;;;;1.2;3.8;4.3;13.7;;;;;;;;;;;;;;;;108;;
STK;28.07.2001 00:00;;;;;;;;;;;;;;1.6;6.3;5.8;22.7;;;;;;;;;;;;;;;;135;;
STK;29.07.2001 00:00;;;;;;;;;;;;;;1.7;7.2;6.1;25.9;;;;;;;;;;;;;;;;233;;
STK;30.07.2001 00:00;;;;;;;;;;;;;;1.1;3.2;4;11.5;;;;;;;;;;;;;;;;90;;
STK;31.07.2001 00:00;;;;;;;;;;;;;;1.6;6.2;5.8;22.3;;;;;;;;;;;;;;;;225;;
STK;01.08.2001 00:00;;;;;;;;;;;;;;1.3;3.6;4.7;13;;;;;;;;;;;;;;;;79;;
STK;02.08.2001 00:00;;;;;;;;;;;;;;1.4;10.5;5;37.8;;;;;;;;;;;;;;;;90;;
STK;03.08.2001 00:00;;;;;;;;;;;;;;1.9;11.1;6.8;40;;;;;;;;;;;;;;;;217;;
STK;04.08.2001 00:00;;;;;;;;;;;;;;3.1;13;11.2;46.8;;;;;;;;;;;;;;;;225;;
STK;05.08.2001 00:00;;;;;;;;;;;;;;4.2;11;15.1;39.6;;;;;;;;;;;;;;;;231;;
STK;06.08.2001 00:00;;;;;;;;;;;;;;3.3;14.1;11.9;50.8;;;;;;;;;;;;;;;;230;;
STK;07.08.2001 00:00;;;;;;;;;;;;;;4;12.7;14.4;45.7;;;;;;;;;;;;;;;;233;;
STK;08.08.2001 00:00;;;;;;;;;;;;;;2.7;10.2;9.7;36.7;;;;;;;;;;;;;;;;233;;
STK;09.08.2001 00:00;;;;;;;;;;;;;;1.8;5.5;6.5;19.8;;;;;;;;;;;;;;;;230;;
STK;10.08.2001 00:00;;;;;;;;;;;;;;4.2;11.2;15.1;40.3;;;;;;;;;;;;;;;;238;;
STK;11.08.2001 00:00;;;;;;;;;;;;;;1.2;5;4.3;18;;;;;;;;;;;;;;;;135;;
STK;12.08.2001 00:00;;;;;;;;;;;;;;1.3;4.1;4.7;14.8;;;;;;;;;;;;;;;;101;;
STK;13.08.2001 00:00;;;;;;;;;;;;;;1.5;4.7;5.4;16.9;;;;;;;;;;;;;;;;221;;
STK;14.08.2001 00:00;;;;;;;;;;;;;;1.1;3.6;4;13;;;;;;;;;;;;;;;;180;;
STK;15.08.2001 00:00;;;;;;;;;;;;;;1.1;3;4;10.8;;;;;;;;;;;;;;;;90;;
STK;16.08.2001 00:00;;;;;;;;;;;;;;2.2;10.3;7.9;37.1;;;;;;;;;;;;;;;;234;;
STK;17.08.2001 00:00;;;;;;;;;;;;;;2.1;8.5;7.6;30.6;;;;;;;;;;;;;;;;67;;
STK;18.08.2001 00:00;;;;;;;;;;;;;;1.3;4.5;4.7;16.2;;;;;;;;;;;;;;;;108;;
STK;19.08.2001 00:00;;;;;;;;;;;;;;2.1;17.2;7.6;61.9;;;;;;;;;;;;;;;;220;;
STK;20.08.2001 00:00;;;;;;;;;;;;;;2.3;13;8.3;46.8;;;;;;;;;;;;;;;;211;;
STK;21.08.2001 00:00;;;;;;;;;;;;;;1.3;5.2;4.7;18.7;;;;;;;;;;;;;;;;81;;
STK;22.08.2001 00:00;;;;;;;;;;;;;;1.5;6.6;5.4;23.8;;;;;;;;;;;;;;;;68;;
STK;23.08.2001 00:00;;;;;;;;;;;;;;1;2.6;3.6;9.4;;;;;;;;;;;;;;;;117;;
STK;24.08.2001 00:00;;;;;;;;;;;;;;1.2;3;4.3;10.8;;;;;;;;;;;;;;;;124;;
STK;25.08.2001 00:00;;;;;;;;;;;;;;1.1;2.8;4;10.1;;;;;;;;;;;;;;;;153;;
STK;26.08.2001 00:00;;;;;;;;;;;;;;1.3;2.7;4.7;9.7;;;;;;;;;;;;;;;;162;;
STK;27.08.2001 00:00;;;;;;;;;;;;;;3.8;11.2;13.7;40.3;;;;;;;;;;;;;;;;238;;
STK;28.08.2001 00:00;;;;;;;;;;;;;;2.8;8.5;10.1;30.6;;;;;;;;;;;;;;;;56;;
STK;29.08.2001 00:00;;;;;;;;;;;;;;2.1;7.6;7.6;27.4;;;;;;;;;;;;;;;;52;;
STK;30.08.2001 00:00;;;;;;;;;;;;;;2.6;15.7;9.4;56.5;;;;;;;;;;;;;;;;228;;
STK;31.08.2001 00:00;;;;;;;;;;;;;;3.8;10;13.7;36;;;;;;;;;;;;;;;;234;;
STK;01.09.2001 00:00;;;;;;;;;;;;;;2.8;10.2;10.1;36.7;;;;;;;;;;;;;;;;240;;
STK;02.09.2001 00:00;;;;;;;;;;;;;;2.4;6.7;8.6;24.1;;;;;;;;;;;;;;;;240;;
STK;03.09.2001 00:00;;;;;;;;;;;;;;1.8;6.8;6.5;24.5;;;;;;;;;;;;;;;;222;;
STK;04.09.2001 00:00;;;;;;;;;;;;;;4.9;12;17.6;43.2;;;;;;;;;;;;;;;;225;;
STK;05.09.2001 00:00;;;;;;;;;;;;;;5.6;12;20.2;43.2;;;;;;;;;;;;;;;;248;;
STK;06.09.2001 00:00;;;;;;;;;;;;;;3.3;9.2;11.9;33.1;;;;;;;;;;;;;;;;225;;
STK;07.09.2001 00:00;;;;;;;;;;;;;;4.7;13;16.9;46.8;;;;;;;;;;;;;;;;239;;
STK;08.09.2001 00:00;;;;;;;;;;;;;;8.4;18.3;30.2;65.9;;;;;;;;;;;;;;;;234;;
STK;09.09.2001 00:00;;;;;;;;;;;;;;5.4;16.8;19.4;60.5;;;;;;;;;;;;;;;;241;;
STK;10.09.2001 00:00;;;;;;;;;;;;;;7.1;15.6;25.6;56.2;;;;;;;;;;;;;;;;242;;
STK;11.09.2001 00:00;;;;;;;;;;;;;;4.7;10.2;16.9;36.7;;;;;;;;;;;;;;;;244;;
STK;12.09.2001 00:00;;;;;;;;;;;;;;5.6;13.3;20.2;47.9;;;;;;;;;;;;;;;;231;;
STK;13.09.2001 00:00;;;;;;;;;;;;;;3;14.1;10.8;50.8;;;;;;;;;;;;;;;;232;;
STK;14.09.2001 00:00;;;;;;;;;;;;;;3.8;16.1;13.7;58;;;;;;;;;;;;;;;;231;;
STK;15.09.2001 00:00;;;;;;;;;;;;;;4.4;11.2;15.8;40.3;;;;;;;;;;;;;;;;233;;
STK;16.09.2001 00:00;;;;;;;;;;;;;;5.4;14.2;19.4;51.1;;;;;;;;;;;;;;;;238;;
STK;17.09.2001 00:00;;;;;;;;;;;;;;2.5;7.8;9;28.1;;;;;;;;;;;;;;;;221;;
STK;18.09.2001 00:00;;;;;;;;;;;;;;1.4;4.3;5;15.5;;;;;;;;;;;;;;;;212;;
STK;19.09.2001 00:00;;;;;;;;;;;;;;1.9;7.7;6.8;27.7;;;;;;;;;;;;;;;;228;;
STK;20.09.2001 00:00;;;;;;;;;;;;;;3.9;12.8;14;46.1;;;;;;;;;;;;;;;;221;;
STK;21.09.2001 00:00;;;;;;;;;;;;;;2.6;8.7;9.4;31.3;;;;;;;;;;;;;;;;230;;
STK;22.09.2001 00:00;;;;;;;;;;;;;;1.2;4.1;4.3;14.8;;;;;;;;;;;;;;;;36;;
STK;23.09.2001 00:00;;;;;;;;;;;;;;2.3;6.7;8.3;24.1;;;;;;;;;;;;;;;;28;;
STK;24.09.2001 00:00;;;;;;;;;;;;;;1.9;5.3;6.8;19.1;;;;;;;;;;;;;;;;232;;
STK;25.09.2001 00:00;;;;;;;;;;;;;;1.6;5.6;5.8;20.2;;;;;;;;;;;;;;;;236;;
STK;26.09.2001 00:00;;;;;;;;;;;;;;1.7;6.8;6.1;24.5;;;;;;;;;;;;;;;;230;;
STK;27.09.2001 00:00;;;;;;;;;;;;;;1;3.2;3.6;11.5;;;;;;;;;;;;;;;;117;;
STK;28.09.2001 00:00;;;;;;;;;;;;;;0.9;3.3;3.2;11.9;;;;;;;;;;;;;;;;108;;
STK;29.09.2001 00:00;;;;;;;;;;;;;;1.2;5.5;4.3;19.8;;;;;;;;;;;;;;;;214;;
STK;30.09.2001 00:00;;;;;;;;;;;;;;1.8;6.5;6.5;23.4;;;;;;;;;;;;;;;;225;;
STK;01.10.2001 00:00;;;;;;;;;;;;;;1.2;5.1;4.3;18.4;;;;;;;;;;;;;;;;90;;
STK;02.10.2001 00:00;;;;;;;;;;;;;;1.8;8.7;6.5;31.3;;;;;;;;;;;;;;;;225;;
STK;03.10.2001 00:00;;;;;;;;;;;;;;1.3;7.3;4.7;26.3;;;;;;;;;;;;;;;;180;;
STK;04.10.2001 00:00;;;;;;;;;;;;;;2.1;9.3;7.6;33.5;;;;;;;;;;;;;;;;231;;
STK;05.10.2001 00:00;;;;;;;;;;;;;;1.1;8.6;4;31;;;;;;;;;;;;;;;;270;;
STK;06.10.2001 00:00;;;;;;;;;;;;;;1;4.2;3.6;15.1;;;;;;;;;;;;;;;;76;;
STK;07.10.2001 00:00;;;;;;;;;;;;;;1.4;7.6;5;27.4;;;;;;;;;;;;;;;;207;;
STK;08.10.2001 00:00;;;;;;;;;;;;;;1.5;10.1;5.4;36.4;;;;;;;;;;;;;;;;243;;
STK;09.10.2001 00:00;;;;;;;;;;;;;;1;3.6;3.6;13;;;;;;;;;;;;;;;;225;;
STK;10.10.2001 00:00;;;;;;;;;;;;;;1.1;3.3;4;11.9;;;;;;;;;;;;;;;;180;;
STK;11.10.2001 00:00;;;;;;;;;;;;;;1;3.6;3.6;13;;;;;;;;;;;;;;;;63;;
STK;12.10.2001 00:00;;;;;;;;;;;;;;0.8;2.7;2.9;9.7;;;;;;;;;;;;;;;;63;;
STK;13.10.2001 00:00;;;;;;;;;;;;;;0.9;3.8;3.2;13.7;;;;;;;;;;;;;;;;225;;
STK;14.10.2001 00:00;;;;;;;;;;;;;;0.8;3.3;2.9;11.9;;;;;;;;;;;;;;;;90;;
STK;15.10.2001 00:00;;;;;;;;;;;;;;0.8;2.7;2.9;9.7;;;;;;;;;;;;;;;;180;;
STK;16.10.2001 00:00;;;;;;;;;;;;;;1.4;5.6;5;20.2;;;;;;;;;;;;;;;;51;;
STK;17.10.2001 00:00;;;;;;;;;;;;;;1.3;4.5;4.7;16.2;;;;;;;;;;;;;;;;81;;
STK;18.10.2001 00:00;;;;;;;;;;;;;;0.9;2.7;3.2;9.7;;;;;;;;;;;;;;;;63;;
STK;19.10.2001 00:00;;;;;;;;;;;;;;1.1;4.7;4;16.9;;;;;;;;;;;;;;;;72;;
STK;20.10.2001 00:00;;;;;;;;;;;;;;1.7;8.7;6.1;31.3;;;;;;;;;;;;;;;;54;;
STK;21.10.2001 00:00;;;;;;;;;;;;;;2;7.5;7.2;27;;;;;;;;;;;;;;;;228;;
STK;22.10.2001 00:00;;;;;;;;;;;;;;2.4;10.7;8.6;38.5;;;;;;;;;;;;;;;;231;;
STK;23.10.2001 00:00;;;;;;;;;;;;;;1.4;8.3;5;29.9;;;;;;;;;;;;;;;;233;;
STK;24.10.2001 00:00;;;;;;;;;;;;;;3.4;9;12.2;32.4;;;;;;;;;;;;;;;;229;;
STK;25.10.2001 00:00;;;;;;;;;;;;;;3.4;11.1;12.2;40;;;;;;;;;;;;;;;;226;;
STK;26.10.2001 00:00;;;;;;;;;;;;;;1.1;3.8;4;13.7;;;;;;;;;;;;;;;;194;;
STK;27.10.2001 00:00;;;;;;;;;;;;;;0.9;4;3.2;14.4;;;;;;;;;;;;;;;;225;;
STK;28.10.2001 00:00;;;;;;;;;;;;;;1.5;4.6;5.4;16.6;;;;;;;;;;;;;;;;229;;
STK;29.10.2001 00:00;;;;;;;;;;;;;;1.9;7;6.8;25.2;;;;;;;;;;;;;;;;231;;
STK;30.10.2001 00:00;;;;;;;;;;;;;;2;8.1;7.2;29.2;;;;;;;;;;;;;;;;221;;
STK;31.10.2001 00:00;;;;;;;;;;;;;;3.3;17.8;11.9;64.1;;;;;;;;;;;;;;;;241;;
STK;01.11.2001 00:00;;;;;;;;;;;;;;1.2;9.3;4.3;33.5;;;;;;;;;;;;;;;;135;;
STK;02.11.2001 00:00;;;;;;;;;;;;;;4.6;11.7;16.6;42.1;;;;;;;;;;;;;;;;57;;
STK;03.11.2001 00:00;;;;;;;;;;;;;;1.7;9.8;6.1;35.3;;;;;;;;;;;;;;;;76;;
STK;04.11.2001 00:00;;;;;;;;;;;;;;1.2;5;4.3;18;;;;;;;;;;;;;;;;216;;
STK;05.11.2001 00:00;;;;;;;;;;;;;;1.2;6.3;4.3;22.7;;;;;;;;;;;;;;;;50;;
STK;06.11.2001 00:00;;;;;;;;;;;;;;5.4;15;19.4;54;;;;;;;;;;;;;;;;237;;
STK;07.11.2001 00:00;;;;;;;;;;;;;;8.4;17.6;30.2;63.4;;;;;;;;;;;;;;;;229;;
STK;08.11.2001 00:00;;;;;;;;;;;;;;12;27;43.2;97.2;;;;;;;;;;;;;;;;235;;
STK;09.11.2001 00:00;;;;;;;;;;;;;;3.3;11;11.9;39.6;;;;;;;;;;;;;;;;25;;
STK;10.11.2001 00:00;;;;;;;;;;;;;;8.2;14.8;29.5;53.3;;;;;;;;;;;;;;;;58;;
STK;11.11.2001 00:00;;;;;;;;;;;;;;3.5;11.1;12.6;40;;;;;;;;;;;;;;;;54;;
STK;12.11.2001 00:00;;;;;;;;;;;;;;2;8.7;7.2;31.3;;;;;;;;;;;;;;;;27;;
STK;13.11.2001 00:00;;;;;;;;;;;;;;2.3;9;8.3;32.4;;;;;;;;;;;;;;;;333;;
STK;14.11.2001 00:00;;;;;;;;;;;;;;5.7;14.6;20.5;52.6;;;;;;;;;;;;;;;;54;;
STK;15.11.2001 00:00;;;;;;;;;;;;;;6.1;15.1;22;54.4;;;;;;;;;;;;;;;;65;;
STK;16.11.2001 00:00;;;;;;;;;;;;;;2.2;7.3;7.9;26.3;;;;;;;;;;;;;;;;81;;
STK;17.11.2001 00:00;;;;;;;;;;;;;;1.4;7.8;5;28.1;;;;;;;;;;;;;;;;130;;
STK;18.11.2001 00:00;;;;;;;;;;;;;;1.1;4.6;4;16.6;;;;;;;;;;;;;;;;171;;
STK;19.11.2001 00:00;;;;;;;;;;;;;;3.9;14;14;50.4;;;;;;;;;;;;;;;;53;;
STK;20.11.2001 00:00;;;;;;;;;;;;;;1.7;9.5;6.1;34.2;;;;;;;;;;;;;;;;79;;
STK;21.11.2001 00:00;;;;;;;;;;;;;;1.4;6.8;5;24.5;;;;;;;;;;;;;;;;221;;
STK;22.11.2001 00:00;;;;;;;;;;;;;;7.6;19;27.4;68.4;;;;;;;;;;;;;;;;235;;
STK;23.11.2001 00:00;;;;;;;;;;;;;;3.5;9.5;12.6;34.2;;;;;;;;;;;;;;;;252;;
STK;24.11.2001 00:00;;;;;;;;;;;;;;5.1;10;18.4;36;;;;;;;;;;;;;;;;227;;
STK;25.11.2001 00:00;;;;;;;;;;;;;;3.1;7.5;11.2;27;;;;;;;;;;;;;;;;224;;
STK;26.11.2001 00:00;;;;;;;;;;;;;;1.9;7;6.8;25.2;;;;;;;;;;;;;;;;236;;
STK;27.11.2001 00:00;;;;;;;;;;;;;;3.3;11.6;11.9;41.8;;;;;;;;;;;;;;;;231;;
STK;28.11.2001 00:00;;;;;;;;;;;;;;4.9;14.1;17.6;50.8;;;;;;;;;;;;;;;;231;;
STK;29.11.2001 00:00;;;;;;;;;;;;;;3.8;13.5;13.7;48.6;;;;;;;;;;;;;;;;225;;
STK;30.11.2001 00:00;;;;;;;;;;;;;;5.9;13.2;21.2;47.5;;;;;;;;;;;;;;;;225;;
STK;01.12.2001 00:00;;;;;;;;;;;;;;1.1;6;4;21.6;;;;;;;;;;;;;;;;214;;
STK;02.12.2001 00:00;;;;;;;;;;;;;;1.1;3.8;4;13.7;;;;;;;;;;;;;;;;59;;
STK;03.12.2001 00:00;;;;;;;;;;;;;;0.9;3.2;3.2;11.5;;;;;;;;;;;;;;;;63;;
STK;04.12.2001 00:00;;;;;;;;;;;;;;4.2;14.8;15.1;53.3;;;;;;;;;;;;;;;;226;;
STK;05.12.2001 00:00;;;;;;;;;;;;;;4.4;14.6;15.8;52.6;;;;;;;;;;;;;;;;231;;
STK;06.12.2001 00:00;;;;;;;;;;;;;;6.3;20.8;22.7;74.9;;;;;;;;;;;;;;;;245;;
STK;07.12.2001 00:00;;;;;;;;;;;;;;3.1;9.1;11.2;32.8;;;;;;;;;;;;;;;;52;;
STK;08.12.2001 00:00;;;;;;;;;;;;;;7.9;13.5;28.4;48.6;;;;;;;;;;;;;;;;57;;
STK;09.12.2001 00:00;;;;;;;;;;;;;;5.5;10.7;19.8;38.5;;;;;;;;;;;;;;;;55;;
STK;10.12.2001 00:00;;;;;;;;;;;;;;1.6;8.8;5.8;31.7;;;;;;;;;;;;;;;;56;;
STK;11.12.2001 00:00;;;;;;;;;;;;;;0.9;3.7;3.2;13.3;;;;;;;;;;;;;;;;56;;
STK;12.12.2001 00:00;;;;;;;;;;;;;;3.2;7.3;11.5;26.3;;;;;;;;;;;;;;;;58;;
STK;13.12.2001 00:00;;;;;;;;;;;;;;7.7;22;27.7;79.2;;;;;;;;;;;;;;;;58;;
STK;14.12.2001 00:00;;;;;;;;;;;;;;7.8;15.8;28.1;56.9;;;;;;;;;;;;;;;;61;;
STK;15.12.2001 00:00;;;;;;;;;;;;;;3.2;11.2;11.5;40.3;;;;;;;;;;;;;;;;69;;
STK;16.12.2001 00:00;;;;;;;;;;;;;;9.2;19;33.1;68.4;;;;;;;;;;;;;;;;61;;
STK;17.12.2001 00:00;;;;;;;;;;;;;;1.6;9.5;5.8;34.2;;;;;;;;;;;;;;;;73;;
STK;18.12.2001 00:00;;;;;;;;;;;;;;2.1;7.6;7.6;27.4;;;;;;;;;;;;;;;;56;;
STK;19.12.2001 00:00;;;;;;;;;;;;;;2.3;8.6;8.3;31;;;;;;;;;;;;;;;;264;;
STK;20.12.2001 00:00;;;;;;;;;;;;;;3.2;11.8;11.5;42.5;;;;;;;;;;;;;;;;224;;
STK;21.12.2001 00:00;;;;;;;;;;;;;;5.8;20;20.9;72;;;;;;;;;;;;;;;;228;;
STK;22.12.2001 00:00;;;;;;;;;;;;;;7.9;19.7;28.4;70.9;;;;;;;;;;;;;;;;235;;
STK;23.12.2001 00:00;;;;;;;;;;;;;;4.7;11.7;16.9;42.1;;;;;;;;;;;;;;;;219;;
STK;24.12.2001 00:00;;;;;;;;;;;;;;4.9;15.6;17.6;56.2;;;;;;;;;;;;;;;;230;;
STK;25.12.2001 00:00;;;;;;;;;;;;;;10.7;21.6;38.5;77.8;;;;;;;;;;;;;;;;231;;
STK;26.12.2001 00:00;;;;;;;;;;;;;;7.3;15;26.3;54;;;;;;;;;;;;;;;;242;;
STK;27.12.2001 00:00;;;;;;;;;;;;;;6.2;14.5;22.3;52.2;;;;;;;;;;;;;;;;228;;
STK;28.12.2001 00:00;;;;;;;;;;;;;;12.3;27.3;44.3;98.3;;;;;;;;;;;;;;;;231;;
STK;29.12.2001 00:00;;;;;;;;;;;;;;12;27;43.2;97.2;;;;;;;;;;;;;;;;230;;
STK;30.12.2001 00:00;;;;;;;;;;;;;;4;13.2;14.4;47.5;;;;;;;;;;;;;;;;236;;
STK;31.12.2001 00:00;;;;;;;;;;;;;;1.8;6.5;6.5;23.4;;;;;;;;;;;;;;;;270;;
STK;01.01.2002 00:00;;;;;;;;;;;;;;1.2;3.8;4.3;13.7;;;;;;;;;;;;;;;;149;;
STK;02.01.2002 00:00;;;;;;;;;;;;;;1;4;3.6;14.4;;;;;;;;;;;;;;;;135;;
STK;03.01.2002 00:00;;;;;;;;;;;;;;4.3;11.8;15.5;42.5;;;;;;;;;;;;;;;;53;;
STK;04.01.2002 00:00;;;;;;;;;;;;;;1.5;5.2;5.4;18.7;;;;;;;;;;;;;;;;20;;
STK;05.01.2002 00:00;;;;;;;;;;;;;;1.1;3.8;4;13.7;;;;;;;;;;;;;;;;0;;
STK;06.01.2002 00:00;;;;;;;;;;;;;;1.1;4.6;4;16.6;;;;;;;;;;;;;;;;236;;
STK;07.01.2002 00:00;;;;;;;;;;;;;;2.9;11.6;10.4;41.8;;;;;;;;;;;;;;;;54;;
STK;08.01.2002 00:00;;;;;;;;;;;;;;0.8;3.5;2.9;12.6;;;;;;;;;;;;;;;;63;;
STK;09.01.2002 00:00;;;;;;;;;;;;;;1.1;4.3;4;15.5;;;;;;;;;;;;;;;;225;;
STK;10.01.2002 00:00;;;;;;;;;;;;;;1.1;4.5;4;16.2;;;;;;;;;;;;;;;;211;;
STK;11.01.2002 00:00;;;;;;;;;;;;;;1;4.3;3.6;15.5;;;;;;;;;;;;;;;;180;;
STK;12.01.2002 00:00;;;;;;;;;;;;;;0.7;3.2;2.5;11.5;;;;;;;;;;;;;;;;18;;
STK;13.01.2002 00:00;;;;;;;;;;;;;;1.4;5.3;5;19.1;;;;;;;;;;;;;;;;32;;
STK;14.01.2002 00:00;;;;;;;;;;;;;;1.8;6.3;6.5;22.7;;;;;;;;;;;;;;;;53;;
STK;15.01.2002 00:00;;;;;;;;;;;;;;1.4;4.2;5;15.1;;;;;;;;;;;;;;;;203;;
STK;16.01.2002 00:00;;;;;;;;;;;;;;1;3.8;3.6;13.7;;;;;;;;;;;;;;;;214;;
STK;17.01.2002 00:00;;;;;;;;;;;;;;0.8;3.1;2.9;11.2;;;;;;;;;;;;;;;;243;;
STK;18.01.2002 00:00;;;;;;;;;;;;;;1.4;6;5;21.6;;;;;;;;;;;;;;;;231;;
STK;19.01.2002 00:00;;;;;;;;;;;;;;2.6;10.6;9.4;38.2;;;;;;;;;;;;;;;;234;;
STK;20.01.2002 00:00;;;;;;;;;;;;;;4.3;11.2;15.5;40.3;;;;;;;;;;;;;;;;233;;
STK;21.01.2002 00:00;;;;;;;;;;;;;;4.1;14.8;14.8;53.3;;;;;;;;;;;;;;;;231;;
STK;22.01.2002 00:00;;;;;;;;;;;;;;1.8;9.5;6.5;34.2;;;;;;;;;;;;;;;;235;;
STK;23.01.2002 00:00;;;;;;;;;;;;;;1;5.5;3.6;19.8;;;;;;;;;;;;;;;;225;;
STK;24.01.2002 00:00;;;;;;;;;;;;;;5.1;15;18.4;54;;;;;;;;;;;;;;;;228;;
STK;25.01.2002 00:00;;;;;;;;;;;;;;4.3;15.1;15.5;54.4;;;;;;;;;;;;;;;;236;;
STK;26.01.2002 00:00;;;;;;;;;;;;;;6.6;17.1;23.8;61.6;;;;;;;;;;;;;;;;232;;
STK;27.01.2002 00:00;;;;;;;;;;;;;;13;34;46.8;122.4;;;;;;;;;;;;;;;;233;;
STK;28.01.2002 00:00;;;;;;;;;;;;;;7.4;18;26.6;64.8;;;;;;;;;;;;;;;;230;;
STK;29.01.2002 00:00;;;;;;;;;;;;;;2.1;9.6;7.6;34.6;;;;;;;;;;;;;;;;227;;
STK;30.01.2002 00:00;;;;;;;;;;;;;;0.8;2.7;2.9;9.7;;;;;;;;;;;;;;;;225;;
STK;31.01.2002 00:00;;;;;;;;;;;;;;2.9;9.3;10.4;33.5;;;;;;;;;;;;;;;;233;;
STK;01.02.2002 00:00;;;;;;;;;;;;;;2.1;9.7;7.6;34.9;;;;;;;;;;;;;;;;232;;
STK;02.02.2002 00:00;;;;;;;;;;;;;;0.7;2.6;2.5;9.4;;;;;;;;;;;;;;;;214;;
STK;03.02.2002 00:00;;;;;;;;;;;;;;0.6;2.5;2.2;9;;;;;;;;;;;;;;;;225;;
STK;04.02.2002 00:00;;;;;;;;;;;;;;2.5;11;9;39.6;;;;;;;;;;;;;;;;227;;
STK;05.02.2002 00:00;;;;;;;;;;;;;;2.4;9.8;8.6;35.3;;;;;;;;;;;;;;;;235;;
STK;06.02.2002 00:00;;;;;;;;;;;;;;2.9;13.7;10.4;49.3;;;;;;;;;;;;;;;;226;;
STK;07.02.2002 00:00;;;;;;;;;;;;;;1.4;3.6;5;13;;;;;;;;;;;;;;;;215;;
STK;08.02.2002 00:00;;;;;;;;;;;;;;4.8;13.6;17.3;49;;;;;;;;;;;;;;;;228;;
STK;09.02.2002 00:00;;;;;;;;;;;;;;6.2;21.7;22.3;78.1;;;;;;;;;;;;;;;;234;;
STK;10.02.2002 00:00;;;;;;;;;;;;;;8.8;20.5;31.7;73.8;;;;;;;;;;;;;;;;235;;
STK;11.02.2002 00:00;;;;;;;;;;;;;;6.1;14.3;22;51.5;;;;;;;;;;;;;;;;230;;
STK;12.02.2002 00:00;;;;;;;;;;;;;;7.3;19.8;26.3;71.3;;;;;;;;;;;;;;;;228;;
STK;13.02.2002 00:00;;;;;;;;;;;;;;5.5;16.1;19.8;58;;;;;;;;;;;;;;;;232;;
STK;14.02.2002 00:00;;;;;;;;;;;;;;7.7;16.8;27.7;60.5;;;;;;;;;;;;;;;;56;;
STK;15.02.2002 00:00;;;;;;;;;;;;;;5.5;13.6;19.8;49;;;;;;;;;;;;;;;;56;;
STK;16.02.2002 00:00;;;;;;;;;;;;;;2.2;10;7.9;36;;;;;;;;;;;;;;;;55;;
STK;17.02.2002 00:00;;;;;;;;;;;;;;0.7;2.8;2.5;10.1;;;;;;;;;;;;;;;;153;;
STK;18.02.2002 00:00;;;;;;;;;;;;;;2.8;12.7;10.1;45.7;;;;;;;;;;;;;;;;239;;
STK;19.02.2002 00:00;;;;;;;;;;;;;;9.6;22.8;34.6;82.1;;;;;;;;;;;;;;;;237;;
STK;20.02.2002 00:00;;;;;;;;;;;;;;11.4;22.8;41;82.1;;;;;;;;;;;;;;;;232;;
STK;21.02.2002 00:00;;;;;;;;;;;;;;3.9;13.5;14;48.6;;;;;;;;;;;;;;;;267;;
STK;22.02.2002 00:00;;;;;;;;;;;;;;6.6;17.7;23.8;63.7;;;;;;;;;;;;;;;;228;;
STK;23.02.2002 00:00;;;;;;;;;;;;;;10.6;22.7;38.2;81.7;;;;;;;;;;;;;;;;235;;
STK;24.02.2002 00:00;;;;;;;;;;;;;;6.9;17.3;24.8;62.3;;;;;;;;;;;;;;;;240;;
STK;25.02.2002 00:00;;;;;;;;;;;;;;9;18.7;32.4;67.3;;;;;;;;;;;;;;;;230;;
STK;26.02.2002 00:00;;;;;;;;;;;;;;10.4;24.2;37.4;87.1;;;;;;;;;;;;;;;;233;;
STK;27.02.2002 00:00;;;;;;;;;;;;;;6.1;18.3;22;65.9;;;;;;;;;;;;;;;;233;;
STK;28.02.2002 00:00;;;;;;;;;;;;;;5.7;15.6;20.5;56.2;;;;;;;;;;;;;;;;240;;
STK;01.03.2002 00:00;;;;;;;;;;;;;;1.2;6;4.3;21.6;;;;;;;;;;;;;;;;72;;
STK;02.03.2002 00:00;;;;;;;;;;;;;;1.7;8;6.1;28.8;;;;;;;;;;;;;;;;22;;
STK;03.03.2002 00:00;;;;;;;;;;;;;;1.2;3.7;4.3;13.3;;;;;;;;;;;;;;;;45;;
STK;04.03.2002 00:00;;;;;;;;;;;;;;0.9;4;3.2;14.4;;;;;;;;;;;;;;;;72;;
STK;05.03.2002 00:00;;;;;;;;;;;;;;1;4.7;3.6;16.9;;;;;;;;;;;;;;;;180;;
STK;06.03.2002 00:00;;;;;;;;;;;;;;3.7;13.3;13.3;47.9;;;;;;;;;;;;;;;;231;;
STK;07.03.2002 00:00;;;;;;;;;;;;;;7.6;20.2;27.4;72.7;;;;;;;;;;;;;;;;235;;
STK;08.03.2002 00:00;;;;;;;;;;;;;;1.8;6.3;6.5;22.7;;;;;;;;;;;;;;;;66;;
STK;09.03.2002 00:00;;;;;;;;;;;;;;3.3;10.6;11.9;38.2;;;;;;;;;;;;;;;;240;;
STK;10.03.2002 00:00;;;;;;;;;;;;;;1.9;9.6;6.8;34.6;;;;;;;;;;;;;;;;233;;
STK;11.03.2002 00:00;;;;;;;;;;;;;;1.1;4;4;14.4;;;;;;;;;;;;;;;;90;;
STK;12.03.2002 00:00;;;;;;;;;;;;;;1.1;3.8;4;13.7;;;;;;;;;;;;;;;;90;;
STK;13.03.2002 00:00;;;;;;;;;;;;;;1.1;3.8;4;13.7;;;;;;;;;;;;;;;;79;;
STK;14.03.2002 00:00;;;;;;;;;;;;;;1.2;11.1;4.3;40;;;;;;;;;;;;;;;;243;;
STK;15.03.2002 00:00;;;;;;;;;;;;;;1.3;7.3;4.7;26.3;;;;;;;;;;;;;;;;225;;
STK;16.03.2002 00:00;;;;;;;;;;;;;;0.9;3.3;3.2;11.9;;;;;;;;;;;;;;;;63;;
STK;17.03.2002 00:00;;;;;;;;;;;;;;1.2;4.2;4.3;15.1;;;;;;;;;;;;;;;;230;;
STK;18.03.2002 00:00;;;;;;;;;;;;;;3.4;18.3;12.2;65.9;;;;;;;;;;;;;;;;233;;
STK;19.03.2002 00:00;;;;;;;;;;;;;;8.6;21.3;31;76.7;;;;;;;;;;;;;;;;234;;
STK;20.03.2002 00:00;;;;;;;;;;;;;;10.2;20.8;36.7;74.9;;;;;;;;;;;;;;;;236;;
STK;21.03.2002 00:00;;;;;;;;;;;;;;7.7;16.1;27.7;58;;;;;;;;;;;;;;;;240;;
STK;22.03.2002 00:00;;;;;;;;;;;;;;5.7;18.3;20.5;65.9;;;;;;;;;;;;;;;;249;;
STK;23.03.2002 00:00;;;;;;;;;;;;;;2.7;15;9.7;54;;;;;;;;;;;;;;;;24;;
STK;24.03.2002 00:00;;;;;;;;;;;;;;4;11.1;14.4;40;;;;;;;;;;;;;;;;46;;
STK;25.03.2002 00:00;;;;;;;;;;;;;;5;10.2;18;36.7;;;;;;;;;;;;;;;;59;;
STK;26.03.2002 00:00;;;;;;;;;;;;;;1.8;8.3;6.5;29.9;;;;;;;;;;;;;;;;63;;
STK;27.03.2002 00:00;;;;;;;;;;;;;;4;12.5;14.4;45;;;;;;;;;;;;;;;;53;;
STK;28.03.2002 00:00;;;;;;;;;;;;;;3.2;9.3;11.5;33.5;;;;;;;;;;;;;;;;59;;
STK;29.03.2002 00:00;;;;;;;;;;;;;;1.4;6.3;5;22.7;;;;;;;;;;;;;;;;90;;
STK;30.03.2002 00:00;;;;;;;;;;;;;;2.2;6.2;7.9;22.3;;;;;;;;;;;;;;;;231;;
STK;31.03.2002 00:00;;;;;;;;;;;;;;1.5;6;5.4;21.6;;;;;;;;;;;;;;;;235;;
STK;01.04.2002 00:00;;;;;;;;;;;;;;1;2.7;3.6;9.7;;;;;;;;;;;;;;;;135;;
STK;02.04.2002 00:00;;;;;;;;;;;;;;1.7;5.8;6.1;20.9;;;;;;;;;;;;;;;;59;;
STK;03.04.2002 00:00;;;;;;;;;;;;;;2.6;7.6;9.4;27.4;;;;;;;;;;;;;;;;60;;
STK;04.04.2002 00:00;;;;;;;;;;;;;;2.3;8.7;8.3;31.3;;;;;;;;;;;;;;;;61;;
STK;05.04.2002 00:00;;;;;;;;;;;;;;2.5;9.2;9;33.1;;;;;;;;;;;;;;;;54;;
STK;06.04.2002 00:00;;;;;;;;;;;;;;6.9;13;24.8;46.8;;;;;;;;;;;;;;;;58;;
STK;07.04.2002 00:00;;;;;;;;;;;;;;4.9;9.1;17.6;32.8;;;;;;;;;;;;;;;;54;;
STK;08.04.2002 00:00;;;;;;;;;;;;;;1.6;4.6;5.8;16.6;;;;;;;;;;;;;;;;35;;
STK;09.04.2002 00:00;;;;;;;;;;;;;;3.4;11.1;12.2;40;;;;;;;;;;;;;;;;59;;
STK;10.04.2002 00:00;;;;;;;;;;;;;;6.7;12.8;24.1;46.1;;;;;;;;;;;;;;;;54;;
STK;11.04.2002 00:00;;;;;;;;;;;;;;2.1;5.8;7.6;20.9;;;;;;;;;;;;;;;;58;;
STK;12.04.2002 00:00;;;;;;;;;;;;;;0.9;5.2;3.2;18.7;;;;;;;;;;;;;;;;90;;
STK;13.04.2002 00:00;;;;;;;;;;;;;;2.4;7.3;8.6;26.3;;;;;;;;;;;;;;;;38;;
STK;14.04.2002 00:00;;;;;;;;;;;;;;2.9;7.7;10.4;27.7;;;;;;;;;;;;;;;;237;;
STK;15.04.2002 00:00;;;;;;;;;;;;;;2.3;10.3;8.3;37.1;;;;;;;;;;;;;;;;232;;
STK;16.04.2002 00:00;;;;;;;;;;;;;;3.9;11.5;13.7;41.4;;;;;;;;;;;;;;;;247;;
STK;17.04.2002 00:00;;;;;;;;;;;;;;2.7;7.3;9.7;26.3;;;;;;;;;;;;;;;;232;;
STK;18.04.2002 00:00;;;;;;;;;;;;;;1.4;6.7;5;24.1;;;;;;;;;;;;;;;;207;;
STK;19.04.2002 00:00;;;;;;;;;;;;;;2.3;8.8;8.3;31.7;;;;;;;;;;;;;;;;241;;
STK;20.04.2002 00:00;;;;;;;;;;;;;;1.2;9;4.3;32.4;;;;;;;;;;;;;;;;56;;
STK;21.04.2002 00:00;;;;;;;;;;;;;;3.8;10.2;13.7;36.7;;;;;;;;;;;;;;;;59;;
STK;22.04.2002 00:00;;;;;;;;;;;;;;1;4.2;3.6;15.1;;;;;;;;;;;;;;;;63;;
STK;23.04.2002 00:00;;;;;;;;;;;;;;1.2;3.7;4.3;13.3;;;;;;;;;;;;;;;;82;;
STK;24.04.2002 00:00;;;;;;;;;;;;;;1.7;5.8;6.1;20.9;;;;;;;;;;;;;;;;227;;
STK;25.04.2002 00:00;;;;;;;;;;;;;;1.9;8.3;6.8;29.9;;;;;;;;;;;;;;;;198;;
STK;26.04.2002 00:00;;;;;;;;;;;;;;4.2;17.3;15.1;62.3;;;;;;;;;;;;;;;;240;;
STK;27.04.2002 00:00;;;;;;;;;;;;;;6.2;16.2;22.3;58.3;;;;;;;;;;;;;;;;249;;
STK;28.04.2002 00:00;;;;;;;;;;;;;;3.4;23.5;12.2;84.6;;;;;;;;;;;;;;;;243;;
STK;29.04.2002 00:00;;;;;;;;;;;;;;5.7;18.8;20.5;67.7;;;;;;;;;;;;;;;;242;;
STK;30.04.2002 00:00;;;;;;;;;;;;;;1.5;4.5;5.4;16.2;;;;;;;;;;;;;;;;72;;
STK;01.05.2002 00:00;;;;;;;;;;;;;;2.8;10.8;10.1;38.9;;;;;;;;;;;;;;;;239;;
STK;02.05.2002 00:00;;;;;;;;;;;;;;2.2;8.1;7.9;29.2;;;;;;;;;;;;;;;;242;;
STK;03.05.2002 00:00;;;;;;;;;;;;;;2.7;10.8;9.7;38.9;;;;;;;;;;;;;;;;297;;
STK;04.05.2002 00:00;;;;;;;;;;;;;;3.2;9.1;11.5;32.8;;;;;;;;;;;;;;;;234;;
STK;05.05.2002 00:00;;;;;;;;;;;;;;3.4;8;12.2;28.8;;;;;;;;;;;;;;;;231;;
STK;06.05.2002 00:00;;;;;;;;;;;;;;2;6.8;7.2;24.5;;;;;;;;;;;;;;;;62;;
STK;07.05.2002 00:00;;;;;;;;;;;;;;1.8;8.1;6.5;29.2;;;;;;;;;;;;;;;;56;;
STK;08.05.2002 00:00;;;;;;;;;;;;;;1.3;4.5;4.7;16.2;;;;;;;;;;;;;;;;83;;
STK;09.05.2002 00:00;;;;;;;;;;;;;;2.7;15.5;9.7;55.8;;;;;;;;;;;;;;;;234;;
STK;10.05.2002 00:00;;;;;;;;;;;;;;1.6;6.5;5.8;23.4;;;;;;;;;;;;;;;;90;;
STK;11.05.2002 00:00;;;;;;;;;;;;;;3.4;9.3;12.2;33.5;;;;;;;;;;;;;;;;242;;
STK;12.05.2002 00:00;;;;;;;;;;;;;;2.5;8.6;9;31;;;;;;;;;;;;;;;;117;;
STK;13.05.2002 00:00;;;;;;;;;;;;;;2.1;8.3;7.6;29.9;;;;;;;;;;;;;;;;239;;
STK;14.05.2002 00:00;;;;;;;;;;;;;;3.9;10.5;14;37.8;;;;;;;;;;;;;;;;238;;
STK;15.05.2002 00:00;;;;;;;;;;;;;;1.6;4.7;5.8;16.9;;;;;;;;;;;;;;;;90;;
STK;16.05.2002 00:00;;;;;;;;;;;;;;1.4;4.2;5;15.1;;;;;;;;;;;;;;;;104;;
STK;17.05.2002 00:00;;;;;;;;;;;;;;1.6;4.6;5.8;16.6;;;;;;;;;;;;;;;;90;;
STK;18.05.2002 00:00;;;;;;;;;;;;;;3.4;10.1;12.2;36.4;;;;;;;;;;;;;;;;248;;
STK;19.05.2002 00:00;;;;;;;;;;;;;;1.5;5.7;5.4;20.5;;;;;;;;;;;;;;;;219;;
STK;20.05.2002 00:00;;;;;;;;;;;;;;2.1;6.6;7.6;23.8;;;;;;;;;;;;;;;;66;;
STK;21.05.2002 00:00;;;;;;;;;;;;;;1.6;4.8;5.8;17.3;;;;;;;;;;;;;;;;73;;
STK;22.05.2002 00:00;;;;;;;;;;;;;;1.6;12.6;5.8;45.4;;;;;;;;;;;;;;;;194;;
STK;23.05.2002 00:00;;;;;;;;;;;;;;3.8;9.1;13.7;32.8;;;;;;;;;;;;;;;;243;;
STK;24.05.2002 00:00;;;;;;;;;;;;;;2.5;7.7;9;27.7;;;;;;;;;;;;;;;;228;;
STK;25.05.2002 00:00;;;;;;;;;;;;;;2.7;13.7;9.7;49.3;;;;;;;;;;;;;;;;241;;
STK;26.05.2002 00:00;;;;;;;;;;;;;;2;6.6;7.2;23.8;;;;;;;;;;;;;;;;229;;
STK;27.05.2002 00:00;;;;;;;;;;;;;;2.7;8.6;9.7;31;;;;;;;;;;;;;;;;227;;
STK;28.05.2002 00:00;;;;;;;;;;;;;;2.9;9.7;10.4;34.9;;;;;;;;;;;;;;;;222;;
STK;29.05.2002 00:00;;;;;;;;;;;;;;3.1;11.2;11.2;40.3;;;;;;;;;;;;;;;;235;;
STK;30.05.2002 00:00;;;;;;;;;;;;;;1.1;3;4;10.8;;;;;;;;;;;;;;;;72;;
STK;31.05.2002 00:00;;;;;;;;;;;;;;1.3;3.6;4.7;13;;;;;;;;;;;;;;;;72;;
STK;01.06.2002 00:00;;;;;;;;;;;;;;1.3;4;4.7;14.4;;;;;;;;;;;;;;;;63;;
STK;02.06.2002 00:00;;;;;;;;;;;;;;1.9;6.3;6.8;22.7;;;;;;;;;;;;;;;;63;;
STK;03.06.2002 00:00;;;;;;;;;;;;;;1.6;10.8;5.8;38.9;;;;;;;;;;;;;;;;207;;
STK;04.06.2002 00:00;;;;;;;;;;;;;;1.6;7.5;5.8;27;;;;;;;;;;;;;;;;54;;
STK;05.06.2002 00:00;;;;;;;;;;;;;;3.8;16.7;13.7;60.1;;;;;;;;;;;;;;;;242;;
STK;06.06.2002 00:00;;;;;;;;;;;;;;2.3;15.7;8.3;56.5;;;;;;;;;;;;;;;;45;;
STK;07.06.2002 00:00;;;;;;;;;;;;;;5.6;13.8;20.2;49.7;;;;;;;;;;;;;;;;242;;
STK;08.06.2002 00:00;;;;;;;;;;;;;;1.4;5.2;5;18.7;;;;;;;;;;;;;;;;72;;
STK;09.06.2002 00:00;;;;;;;;;;;;;;1.5;5.6;5.4;20.2;;;;;;;;;;;;;;;;309;;
STK;10.06.2002 00:00;;;;;;;;;;;;;;5.8;14.1;20.9;50.8;;;;;;;;;;;;;;;;244;;
STK;11.06.2002 00:00;;;;;;;;;;;;;;3;10.5;10.8;37.8;;;;;;;;;;;;;;;;244;;
STK;12.06.2002 00:00;;;;;;;;;;;;;;1.6;5.7;5.8;20.5;;;;;;;;;;;;;;;;241;;
STK;13.06.2002 00:00;;;;;;;;;;;;;;3.8;12.3;13.7;44.3;;;;;;;;;;;;;;;;243;;
STK;14.06.2002 00:00;;;;;;;;;;;;;;1.6;6.6;5.8;23.8;;;;;;;;;;;;;;;;238;;
STK;15.06.2002 00:00;;;;;;;;;;;;;;1.3;4.7;4.7;16.9;;;;;;;;;;;;;;;;207;;
STK;16.06.2002 00:00;;;;;;;;;;;;;;2.1;12.6;7.6;45.4;;;;;;;;;;;;;;;;240;;
STK;17.06.2002 00:00;;;;;;;;;;;;;;1.5;4.7;5.4;16.9;;;;;;;;;;;;;;;;72;;
STK;18.06.2002 00:00;;;;;;;;;;;;;;1.6;5;5.8;18;;;;;;;;;;;;;;;;135;;
STK;19.06.2002 00:00;;;;;;;;;;;;;;1.5;15.1;5.4;54.4;;;;;;;;;;;;;;;;51;;
STK;20.06.2002 00:00;;;;;;;;;;;;;;2.1;12.2;7.6;43.9;;;;;;;;;;;;;;;;235;;
STK;21.06.2002 00:00;;;;;;;;;;;;;;2.1;12.7;7.6;45.7;;;;;;;;;;;;;;;;232;;
STK;22.06.2002 00:00;;;;;;;;;;;;;;1.8;5.3;6.5;19.1;;;;;;;;;;;;;;;;228;;
STK;23.06.2002 00:00;;;;;;;;;;;;;;2;7.5;7.2;27;;;;;;;;;;;;;;;;351;;
STK;24.06.2002 00:00;;;;;;;;;;;;;;2.1;9.3;7.2;33.5;;;;;;;;;;;;;;;;217;;
STK;25.06.2002 00:00;;;;;;;;;;;;;;2.1;7;7.6;25.2;;;;;;;;;;;;;;;;47;;
STK;26.06.2002 00:00;;;;;;;;;;;;;;1.3;3.7;4.7;13.3;;;;;;;;;;;;;;;;153;;
STK;27.06.2002 00:00;;;;;;;;;;;;;;2.9;9.8;10.4;35.3;;;;;;;;;;;;;;;;241;;
STK;28.06.2002 00:00;;;;;;;;;;;;;;2.3;9;8.3;32.4;;;;;;;;;;;;;;;;311;;
STK;29.06.2002 00:00;;;;;;;;;;;;;;1.8;6.3;6.5;22.7;;;;;;;;;;;;;;;;90;;
STK;30.06.2002 00:00;;;;;;;;;;;;;;2.3;9.1;8.3;32.8;;;;;;;;;;;;;;;;228;;
STK;01.07.2002 00:00;;;;;;;;;;;;;;3.2;11.6;11.5;41.8;;;;;;;;;;;;;;;;232;;
STK;02.07.2002 00:00;;;;;;;;;;;;;;4;12.5;14.4;45;;;;;;;;;;;;;;;;239;;
STK;03.07.2002 00:00;;;;;;;;;;;;;;4.5;22;16.2;79.2;;;;;;;;;;;;;;;;232;;
STK;04.07.2002 00:00;;;;;;;;;;;;;;6;17.1;21.6;61.6;;;;;;;;;;;;;;;;246;;
STK;05.07.2002 00:00;;;;;;;;;;;;;;1.6;6.3;5.8;22.7;;;;;;;;;;;;;;;;72;;
STK;06.07.2002 00:00;;;;;;;;;;;;;;2;6.7;7.2;24.1;;;;;;;;;;;;;;;;222;;
STK;07.07.2002 00:00;;;;;;;;;;;;;;1.5;4.5;5.4;16.2;;;;;;;;;;;;;;;;207;;
STK;08.07.2002 00:00;;;;;;;;;;;;;;1.6;4.3;5.8;15.5;;;;;;;;;;;;;;;;84;;
STK;09.07.2002 00:00;;;;;;;;;;;;;;1.5;19.5;5.4;70.2;;;;;;;;;;;;;;;;217;;
STK;10.07.2002 00:00;;;;;;;;;;;;;;4.3;19.2;15.5;69.1;;;;;;;;;;;;;;;;235;;
STK;11.07.2002 00:00;;;;;;;;;;;;;;1.7;5.5;6.1;19.8;;;;;;;;;;;;;;;;76;;
STK;12.07.2002 00:00;;;;;;;;;;;;;;1.4;3.8;5;13.7;;;;;;;;;;;;;;;;90;;
STK;13.07.2002 00:00;;;;;;;;;;;;;;2.2;9.5;7.9;34.2;;;;;;;;;;;;;;;;230;;
STK;14.07.2002 00:00;;;;;;;;;;;;;;2.1;7.5;7.6;27;;;;;;;;;;;;;;;;36;;
STK;15.07.2002 00:00;;;;;;;;;;;;;;5.1;12.7;18.4;45.7;;;;;;;;;;;;;;;;44;;
STK;16.07.2002 00:00;;;;;;;;;;;;;;2.9;7.8;10.4;28.1;;;;;;;;;;;;;;;;284;;
STK;17.07.2002 00:00;;;;;;;;;;;;;;4.8;10.7;17.3;38.5;;;;;;;;;;;;;;;;242;;
STK;18.07.2002 00:00;;;;;;;;;;;;;;3;7.1;10.8;25.6;;;;;;;;;;;;;;;;265;;
STK;19.07.2002 00:00;;;;;;;;;;;;;;1.2;4;4.3;14.4;;;;;;;;;;;;;;;;74;;
STK;20.07.2002 00:00;;;;;;;;;;;;;;1.7;8;6.1;28.8;;;;;;;;;;;;;;;;231;;
STK;21.07.2002 00:00;;;;;;;;;;;;;;3.4;25.3;12.2;91.1;;;;;;;;;;;;;;;;233;;
STK;22.07.2002 00:00;;;;;;;;;;;;;;1.8;7.2;6.5;25.9;;;;;;;;;;;;;;;;236;;
STK;23.07.2002 00:00;;;;;;;;;;;;;;1.9;8.6;6.8;31;;;;;;;;;;;;;;;;217;;
STK;24.07.2002 00:00;;;;;;;;;;;;;;4.8;16.6;17.3;59.8;;;;;;;;;;;;;;;;242;;
STK;25.07.2002 00:00;;;;;;;;;;;;;;3.2;11.2;11.5;40.3;;;;;;;;;;;;;;;;247;;
STK;26.07.2002 00:00;;;;;;;;;;;;;;1.5;7.6;5.4;27.4;;;;;;;;;;;;;;;;228;;
STK;27.07.2002 00:00;;;;;;;;;;;;;;3;7.6;10.8;27.4;;;;;;;;;;;;;;;;63;;
STK;28.07.2002 00:00;;;;;;;;;;;;;;1.1;3.6;4;13;;;;;;;;;;;;;;;;79;;
STK;29.07.2002 00:00;;;;;;;;;;;;;;1.3;3.2;4.7;11.5;;;;;;;;;;;;;;;;90;;
STK;30.07.2002 00:00;;;;;;;;;;;;;;2;10.3;7.2;37.1;;;;;;;;;;;;;;;;194;;
STK;31.07.2002 00:00;;;;;;;;;;;;;;3;12.8;10.8;46.1;;;;;;;;;;;;;;;;238;;
STK;01.08.2002 00:00;;;;;;;;;;;;;;3.6;18.2;13;65.5;;;;;;;;;;;;;;;;232;;
STK;02.08.2002 00:00;;;;;;;;;;;;;;1.3;6;4.7;21.6;;;;;;;;;;;;;;;;67;;
STK;03.08.2002 00:00;;;;;;;;;;;;;;2.4;11.8;8.6;42.5;;;;;;;;;;;;;;;;241;;
STK;04.08.2002 00:00;;;;;;;;;;;;;;2.2;7.5;7.9;27;;;;;;;;;;;;;;;;231;;
STK;05.08.2002 00:00;;;;;;;;;;;;;;1.9;5.7;6.8;20.5;;;;;;;;;;;;;;;;225;;
STK;06.08.2002 00:00;;;;;;;;;;;;;;2.6;9.2;9.4;33.1;;;;;;;;;;;;;;;;230;;
STK;07.08.2002 00:00;;;;;;;;;;;;;;4.5;11;16.2;39.6;;;;;;;;;;;;;;;;224;;
STK;08.08.2002 00:00;;;;;;;;;;;;;;1.4;4;5;14.4;;;;;;;;;;;;;;;;153;;
STK;09.08.2002 00:00;;;;;;;;;;;;;;2.6;11.1;9.4;40;;;;;;;;;;;;;;;;232;;
STK;10.08.2002 00:00;;;;;;;;;;;;;;3.7;11.8;13.3;42.5;;;;;;;;;;;;;;;;236;;
STK;11.08.2002 00:00;;;;;;;;;;;;;;5.2;8.7;18.7;31.3;;;;;;;;;;;;;;;;242;;
STK;12.08.2002 00:00;;;;;;;;;;;;;;6.2;15.2;22.3;54.7;;;;;;;;;;;;;;;;243;;
STK;13.08.2002 00:00;;;;;;;;;;;;;;2.3;7;8.3;25.2;;;;;;;;;;;;;;;;227;;
STK;14.08.2002 00:00;;;;;;;;;;;;;;2.4;9.2;8.6;33.1;;;;;;;;;;;;;;;;68;;
STK;15.08.2002 00:00;;;;;;;;;;;;;;1.2;5.3;4.3;19.1;;;;;;;;;;;;;;;;72;;
STK;16.08.2002 00:00;;;;;;;;;;;;;;1;3.3;3.6;11.9;;;;;;;;;;;;;;;;72;;
STK;17.08.2002 00:00;;;;;;;;;;;;;;0.9;2.7;3.2;9.7;;;;;;;;;;;;;;;;117;;
STK;18.08.2002 00:00;;;;;;;;;;;;;;1.1;3.1;4;11.2;;;;;;;;;;;;;;;;124;;
STK;19.08.2002 00:00;;;;;;;;;;;;;;1.5;5.6;5.4;20.2;;;;;;;;;;;;;;;;90;;
STK;20.08.2002 00:00;;;;;;;;;;;;;;1.8;12.7;6.5;45.7;;;;;;;;;;;;;;;;198;;
STK;21.08.2002 00:00;;;;;;;;;;;;;;3.2;8.8;11.5;31.7;;;;;;;;;;;;;;;;233;;
STK;22.08.2002 00:00;;;;;;;;;;;;;;1.3;4.3;4.7;15.5;;;;;;;;;;;;;;;;63;;
STK;23.08.2002 00:00;;;;;;;;;;;;;;0.8;3.5;2.9;12.6;;;;;;;;;;;;;;;;207;;
STK;24.08.2002 00:00;;;;;;;;;;;;;;1.6;4.7;5.8;16.9;;;;;;;;;;;;;;;;225;;
STK;25.08.2002 00:00;;;;;;;;;;;;;;1.7;7.6;6.1;27.4;;;;;;;;;;;;;;;;54;;
STK;26.08.2002 00:00;;;;;;;;;;;;;;1.7;9.2;6.1;33.1;;;;;;;;;;;;;;;;225;;
STK;27.08.2002 00:00;;;;;;;;;;;;;;3.3;13.1;11.9;47.2;;;;;;;;;;;;;;;;230;;
STK;28.08.2002 00:00;;;;;;;;;;;;;;1.4;4.3;5;15.5;;;;;;;;;;;;;;;;90;;
STK;29.08.2002 00:00;;;;;;;;;;;;;;1.2;8.5;4.3;30.6;;;;;;;;;;;;;;;;90;;
STK;30.08.2002 00:00;;;;;;;;;;;;;;1;2.6;3.6;9.4;;;;;;;;;;;;;;;;90;;
STK;31.08.2002 00:00;;;;;;;;;;;;;;2.2;9.8;7.9;35.3;;;;;;;;;;;;;;;;307;;
STK;01.09.2002 00:00;;;;;;;;;;;;;;4.8;12.8;17.3;46.1;;;;;;;;;;;;;;;;51;;
STK;02.09.2002 00:00;;;;;;;;;;;;;;5;12;18;43.2;;;;;;;;;;;;;;;;57;;
STK;03.09.2002 00:00;;;;;;;;;;;;;;2.2;8.1;7.9;29.2;;;;;;;;;;;;;;;;60;;
STK;04.09.2002 00:00;;;;;;;;;;;;;;1.2;8.7;4.3;31.3;;;;;;;;;;;;;;;;217;;
STK;05.09.2002 00:00;;;;;;;;;;;;;;1.3;7.6;4.7;27.4;;;;;;;;;;;;;;;;56;;
STK;06.09.2002 00:00;;;;;;;;;;;;;;1.3;5.5;4.7;19.8;;;;;;;;;;;;;;;;180;;
STK;07.09.2002 00:00;;;;;;;;;;;;;;1.1;3.7;4;13.3;;;;;;;;;;;;;;;;117;;
STK;08.09.2002 00:00;;;;;;;;;;;;;;1.6;7.5;5.8;27;;;;;;;;;;;;;;;;70;;
STK;09.09.2002 00:00;;;;;;;;;;;;;;2.2;9.8;7.9;35.3;;;;;;;;;;;;;;;;232;;
STK;10.09.2002 00:00;;;;;;;;;;;;;;2.2;8.2;7.9;29.5;;;;;;;;;;;;;;;;225;;
STK;11.09.2002 00:00;;;;;;;;;;;;;;3.7;9.6;13.3;34.6;;;;;;;;;;;;;;;;56;;
STK;12.09.2002 00:00;;;;;;;;;;;;;;7.3;15.3;26.3;55.1;;;;;;;;;;;;;;;;58;;
STK;13.09.2002 00:00;;;;;;;;;;;;;;5;10.8;18;38.9;;;;;;;;;;;;;;;;49;;
STK;14.09.2002 00:00;;;;;;;;;;;;;;1.3;4.3;4.7;15.5;;;;;;;;;;;;;;;;135;;
STK;15.09.2002 00:00;;;;;;;;;;;;;;1.5;9.6;5.4;34.6;;;;;;;;;;;;;;;;112;;
STK;16.09.2002 00:00;;;;;;;;;;;;;;1.3;4.5;4.7;16.2;;;;;;;;;;;;;;;;82;;
STK;17.09.2002 00:00;;;;;;;;;;;;;;1.4;3.8;5;13.7;;;;;;;;;;;;;;;;124;;
STK;18.09.2002 00:00;;;;;;;;;;;;;;1.3;4.1;4.7;14.8;;;;;;;;;;;;;;;;99;;
STK;19.09.2002 00:00;;;;;;;;;;;;;;1.6;6.2;5.8;22.3;;;;;;;;;;;;;;;;225;;
STK;20.09.2002 00:00;;;;;;;;;;;;;;2;8.7;7.2;31.3;;;;;;;;;;;;;;;;222;;
STK;21.09.2002 00:00;;;;;;;;;;;;;;1.8;6;6.5;21.6;;;;;;;;;;;;;;;;30;;
STK;22.09.2002 00:00;;;;;;;;;;;;;;2;10;7.2;36;;;;;;;;;;;;;;;;323;;
STK;23.09.2002 00:00;;;;;;;;;;;;;;3.2;8.6;11.5;31;;;;;;;;;;;;;;;;286;;
STK;24.09.2002 00:00;;;;;;;;;;;;;;6.4;17.5;23;63;;;;;;;;;;;;;;;;40;;
STK;25.09.2002 00:00;;;;;;;;;;;;;;2.5;6.6;9;23.8;;;;;;;;;;;;;;;;245;;
STK;26.09.2002 00:00;;;;;;;;;;;;;;4;10.8;14.4;38.9;;;;;;;;;;;;;;;;226;;
STK;27.09.2002 00:00;;;;;;;;;;;;;;2.4;6.3;8.6;22.7;;;;;;;;;;;;;;;;233;;
STK;28.09.2002 00:00;;;;;;;;;;;;;;2.2;8.3;7.9;29.9;;;;;;;;;;;;;;;;60;;
STK;29.09.2002 00:00;;;;;;;;;;;;;;2.4;9;8.6;32.4;;;;;;;;;;;;;;;;65;;
STK;30.09.2002 00:00;;;;;;;;;;;;;;1.4;3.5;5;12.6;;;;;;;;;;;;;;;;117;;
STK;01.10.2002 00:00;;;;;;;;;;;;;;1.2;3.5;4.3;12.6;;;;;;;;;;;;;;;;162;;
STK;02.10.2002 00:00;;;;;;;;;;;;;;1.1;3.2;4;11.5;;;;;;;;;;;;;;;;135;;
STK;03.10.2002 00:00;;;;;;;;;;;;;;1;5.1;3.6;18.4;;;;;;;;;;;;;;;;214;;
STK;04.10.2002 00:00;;;;;;;;;;;;;;1.6;8.1;5.8;29.2;;;;;;;;;;;;;;;;333;;
STK;05.10.2002 00:00;;;;;;;;;;;;;;1.8;7.7;6.5;27.7;;;;;;;;;;;;;;;;214;;
STK;06.10.2002 00:00;;;;;;;;;;;;;;5.4;12.2;19.4;43.9;;;;;;;;;;;;;;;;231;;
STK;07.10.2002 00:00;;;;;;;;;;;;;;1.6;8.5;5.8;30.6;;;;;;;;;;;;;;;;66;;
STK;08.10.2002 00:00;;;;;;;;;;;;;;1.9;7.2;6.8;25.9;;;;;;;;;;;;;;;;56;;
STK;09.10.2002 00:00;;;;;;;;;;;;;;1.8;6;6.5;21.6;;;;;;;;;;;;;;;;35;;
STK;10.10.2002 00:00;;;;;;;;;;;;;;3.1;9.1;11.2;32.8;;;;;;;;;;;;;;;;42;;
STK;11.10.2002 00:00;;;;;;;;;;;;;;2.2;6.2;7.9;22.3;;;;;;;;;;;;;;;;41;;
STK;12.10.2002 00:00;;;;;;;;;;;;;;1.3;5;4.7;18;;;;;;;;;;;;;;;;270;;
STK;13.10.2002 00:00;;;;;;;;;;;;;;2.1;6.8;7.6;24.5;;;;;;;;;;;;;;;;227;;
STK;14.10.2002 00:00;;;;;;;;;;;;;;2.3;7.8;8.3;28.1;;;;;;;;;;;;;;;;219;;
STK;15.10.2002 00:00;;;;;;;;;;;;;;0.9;3.7;3.2;13.3;;;;;;;;;;;;;;;;37;;
STK;16.10.2002 00:00;;;;;;;;;;;;;;1.7;10.1;6.1;36.4;;;;;;;;;;;;;;;;234;;
STK;17.10.2002 00:00;;;;;;;;;;;;;;3.4;15;12.2;54;;;;;;;;;;;;;;;;227;;
STK;18.10.2002 00:00;;;;;;;;;;;;;;6.5;22;23.4;79.2;;;;;;;;;;;;;;;;231;;
STK;19.10.2002 00:00;;;;;;;;;;;;;;4.7;16.5;16.9;59.4;;;;;;;;;;;;;;;;230;;
STK;20.10.2002 00:00;;;;;;;;;;;;;;1.1;3.6;4;13;;;;;;;;;;;;;;;;90;;
STK;21.10.2002 00:00;;;;;;;;;;;;;;2.1;9.7;7.6;34.9;;;;;;;;;;;;;;;;232;;
STK;22.10.2002 00:00;;;;;;;;;;;;;;4.4;17.7;15.8;63.7;;;;;;;;;;;;;;;;232;;
STK;23.10.2002 00:00;;;;;;;;;;;;;;7;17.8;25.2;64.1;;;;;;;;;;;;;;;;237;;
STK;24.10.2002 00:00;;;;;;;;;;;;;;2.1;9.5;7.6;34.2;;;;;;;;;;;;;;;;235;;
STK;25.10.2002 00:00;;;;;;;;;;;;;;4.6;22.1;16.6;79.6;;;;;;;;;;;;;;;;227;;
STK;26.10.2002 00:00;;;;;;;;;;;;;;8;21.6;28.8;77.8;;;;;;;;;;;;;;;;244;;
STK;27.10.2002 00:00;;;;;;;;;;;;;;8.9;31.2;35.3;112.3;;;;;;;;;;;;;;;;246;;
STK;28.10.2002 00:00;;;;;;;;;;;;;;5.5;17.3;19.8;62.3;;;;;;;;;;;;;;;;241;;
STK;29.10.2002 00:00;;;;;;;;;;;;;;0.9;3.3;3.2;11.9;;;;;;;;;;;;;;;;217;;
STK;30.10.2002 00:00;;;;;;;;;;;;;;2.3;9.1;8.3;32.8;;;;;;;;;;;;;;;;235;;
STK;31.10.2002 00:00;;;;;;;;;;;;;;1.2;4.2;4.3;15.1;;;;;;;;;;;;;;;;0;;
STK;01.11.2002 00:00;;;;;;;;;;;;;;1.8;8.5;6.5;30.6;;;;;;;;;;;;;;;;227;;
STK;02.11.2002 00:00;;;;;;;;;;;;;;4.3;10.3;15.5;37.1;;;;;;;;;;;;;;;;235;;
STK;03.11.2002 00:00;;;;;;;;;;;;;;4.5;13.6;16.2;49;;;;;;;;;;;;;;;;237;;
STK;04.11.2002 00:00;;;;;;;;;;;;;;5.1;13.3;18.4;47.9;;;;;;;;;;;;;;;;232;;
STK;05.11.2002 00:00;;;;;;;;;;;;;;2;7.1;7.2;25.6;;;;;;;;;;;;;;;;237;;
STK;06.11.2002 00:00;;;;;;;;;;;;;;0.9;4.8;3.2;17.3;;;;;;;;;;;;;;;;117;;
STK;07.11.2002 00:00;;;;;;;;;;;;;;4.8;11.2;17.3;40.3;;;;;;;;;;;;;;;;244;;
STK;08.11.2002 00:00;;;;;;;;;;;;;;5.3;12.7;19.1;45.7;;;;;;;;;;;;;;;;235;;
STK;09.11.2002 00:00;;;;;;;;;;;;;;6.9;18.8;24.8;67.7;;;;;;;;;;;;;;;;232;;
STK;10.11.2002 00:00;;;;;;;;;;;;;;1.9;9.2;6.8;33.1;;;;;;;;;;;;;;;;232;;
STK;11.11.2002 00:00;;;;;;;;;;;;;;5.7;17;20.5;61.2;;;;;;;;;;;;;;;;235;;
STK;12.11.2002 00:00;;;;;;;;;;;;;;0.9;3.7;3.2;13.3;;;;;;;;;;;;;;;;207;;
STK;13.11.2002 00:00;;;;;;;;;;;;;;1.4;7;5;25.2;;;;;;;;;;;;;;;;225;;
STK;14.11.2002 00:00;;;;;;;;;;;;;;2.8;12.3;10.1;44.3;;;;;;;;;;;;;;;;235;;
STK;15.11.2002 00:00;;;;;;;;;;;;;;1.3;12.3;4.7;44.3;;;;;;;;;;;;;;;;225;;
STK;16.11.2002 00:00;;;;;;;;;;;;;;3.5;18.2;12.6;65.5;;;;;;;;;;;;;;;;236;;
STK;17.11.2002 00:00;;;;;;;;;;;;;;1.1;6.5;4;23.4;;;;;;;;;;;;;;;;214;;
STK;18.11.2002 00:00;;;;;;;;;;;;;;1.1;3.5;4;12.6;;;;;;;;;;;;;;;;243;;
STK;19.11.2002 00:00;;;;;;;;;;;;;;2;6.2;7.2;22.3;;;;;;;;;;;;;;;;240;;
STK;20.11.2002 00:00;;;;;;;;;;;;;;1.5;4.8;5.4;17.3;;;;;;;;;;;;;;;;69;;
STK;21.11.2002 00:00;;;;;;;;;;;;;;1.5;6;5.4;21.6;;;;;;;;;;;;;;;;256;;
STK;22.11.2002 00:00;;;;;;;;;;;;;;4;13.8;14.4;49.7;;;;;;;;;;;;;;;;231;;
STK;23.11.2002 00:00;;;;;;;;;;;;;;1.1;5.2;4;18.7;;;;;;;;;;;;;;;;233;;
STK;24.11.2002 00:00;;;;;;;;;;;;;;1.3;5.8;4.7;20.9;;;;;;;;;;;;;;;;90;;
STK;25.11.2002 00:00;;;;;;;;;;;;;;2.1;11.3;7.6;40.7;;;;;;;;;;;;;;;;234;;
STK;26.11.2002 00:00;;;;;;;;;;;;;;0.9;3.7;3.2;13.3;;;;;;;;;;;;;;;;233;;
STK;27.11.2002 00:00;;;;;;;;;;;;;;0.6;3.5;2.2;12.6;;;;;;;;;;;;;;;;72;;
STK;28.11.2002 00:00;;;;;;;;;;;;;;0.9;4;3.2;14.4;;;;;;;;;;;;;;;;243;;
STK;29.11.2002 00:00;;;;;;;;;;;;;;2.1;8.7;7.6;31.3;;;;;;;;;;;;;;;;233;;
STK;30.11.2002 00:00;;;;;;;;;;;;;;2.1;4.7;7.6;16.9;;;;;;;;;;;;;;;;227;;
STK;01.12.2002 00:00;;;;;;;;;;;;;;1.2;4.6;4.3;16.6;;;;;;;;;;;;;;;;203;;
STK;02.12.2002 00:00;;;;;;;;;;;;;;3.9;14;14;50.4;;;;;;;;;;;;;;;;232;;
STK;03.12.2002 00:00;;;;;;;;;;;;;;1;7.1;3.6;25.6;;;;;;;;;;;;;;;;59;;
STK;04.12.2002 00:00;;;;;;;;;;;;;;0.7;2.8;2.5;10.1;;;;;;;;;;;;;;;;45;;
STK;05.12.2002 00:00;;;;;;;;;;;;;;3.5;12.1;12.6;43.6;;;;;;;;;;;;;;;;49;;
STK;06.12.2002 00:00;;;;;;;;;;;;;;8.4;12.5;30.2;45;;;;;;;;;;;;;;;;50;;
STK;07.12.2002 00:00;;;;;;;;;;;;;;6.3;10;22.7;36;;;;;;;;;;;;;;;;55;;
STK;08.12.2002 00:00;;;;;;;;;;;;;;5.3;9.7;19.1;34.9;;;;;;;;;;;;;;;;61;;
STK;09.12.2002 00:00;;;;;;;;;;;;;;4.5;9.3;16.2;33.5;;;;;;;;;;;;;;;;55;;
STK;10.12.2002 00:00;;;;;;;;;;;;;;2.6;6.8;9.4;24.5;;;;;;;;;;;;;;;;31;;
STK;11.12.2002 00:00;;;;;;;;;;;;;;2.5;6.5;9;23.4;;;;;;;;;;;;;;;;20;;
STK;12.12.2002 00:00;;;;;;;;;;;;;;1.2;4.3;4.3;15.5;;;;;;;;;;;;;;;;18;;
STK;13.12.2002 00:00;;;;;;;;;;;;;;1.1;4.2;4;15.1;;;;;;;;;;;;;;;;304;;
STK;14.12.2002 00:00;;;;;;;;;;;;;;1.5;4.8;5.4;17.3;;;;;;;;;;;;;;;;15;;
STK;15.12.2002 00:00;;;;;;;;;;;;;;1;8.8;3.6;31.7;;;;;;;;;;;;;;;;297;;
STK;16.12.2002 00:00;;;;;;;;;;;;;;4.4;11.7;15.8;42.1;;;;;;;;;;;;;;;;228;;
STK;17.12.2002 00:00;;;;;;;;;;;;;;1.7;5.8;6.1;20.9;;;;;;;;;;;;;;;;14;;
STK;18.12.2002 00:00;;;;;;;;;;;;;;4.6;9.2;16.6;33.1;;;;;;;;;;;;;;;;58;;
STK;19.12.2002 00:00;;;;;;;;;;;;;;2.8;9.6;10.1;34.6;;;;;;;;;;;;;;;;56;;
STK;20.12.2002 00:00;;;;;;;;;;;;;;2.8;9.7;10.1;34.9;;;;;;;;;;;;;;;;227;;
STK;21.12.2002 00:00;;;;;;;;;;;;;;4.7;11.2;16.9;40.3;;;;;;;;;;;;;;;;237;;
STK;22.12.2002 00:00;;;;;;;;;;;;;;4.2;17.5;15.1;63;;;;;;;;;;;;;;;;232;;
STK;23.12.2002 00:00;;;;;;;;;;;;;;2.5;12.3;9;44.3;;;;;;;;;;;;;;;;228;;
STK;24.12.2002 00:00;;;;;;;;;;;;;;0.9;4.6;3.2;16.6;;;;;;;;;;;;;;;;53;;
STK;25.12.2002 00:00;;;;;;;;;;;;;;0.6;2.8;2.2;10.1;;;;;;;;;;;;;;;;225;;
STK;26.12.2002 00:00;;;;;;;;;;;;;;1.3;6.5;4.7;23.4;;;;;;;;;;;;;;;;225;;
STK;27.12.2002 00:00;;;;;;;;;;;;;;1.1;5.3;4;19.1;;;;;;;;;;;;;;;;243;;
STK;28.12.2002 00:00;;;;;;;;;;;;;;3.1;9;11.2;32.4;;;;;;;;;;;;;;;;236;;
STK;29.12.2002 00:00;;;;;;;;;;;;;;7.2;19.6;25.9;70.6;;;;;;;;;;;;;;;;230;;
STK;30.12.2002 00:00;;;;;;;;;;;;;;7.3;23.7;26.3;85.3;;;;;;;;;;;;;;;;232;;
STK;31.12.2002 00:00;;;;;;;;;;;;;;4.5;11.8;16.2;42.5;;;;;;;;;;;;;;;;232;;
STK;01.01.2003 00:00;;;;;;;;;;;;;;4.5;13.2;16.2;47.5;;;;;;;;;;;;;;;;233;;
STK;02.01.2003 00:00;;;;;;;;;;;;;;10.8;33;38.9;118.8;;;;;;;;;;;;;;;;232;;
STK;03.01.2003 00:00;;;;;;;;;;;;;;8.5;23.1;30.6;83.2;;;;;;;;;;;;;;;;235;;
STK;04.01.2003 00:00;;;;;;;;;;;;;;5.4;18.2;19.4;65.5;;;;;;;;;;;;;;;;238;;
STK;05.01.2003 00:00;;;;;;;;;;;;;;5;15.2;18;54.7;;;;;;;;;;;;;;;;249;;
STK;06.01.2003 00:00;;;;;;;;;;;;;;4;11;14.4;39.6;;;;;;;;;;;;;;;;50;;
STK;07.01.2003 00:00;;;;;;;;;;;;;;5.6;12;20.2;43.2;;;;;;;;;;;;;;;;55;;
STK;08.01.2003 00:00;;;;;;;;;;;;;;5.3;10.5;19.1;37.8;;;;;;;;;;;;;;;;55;;
STK;09.01.2003 00:00;;;;;;;;;;;;;;2.7;8.7;9.7;31.3;;;;;;;;;;;;;;;;36;;
STK;10.01.2003 00:00;;;;;;;;;;;;;;4.4;15.1;15.8;54.4;;;;;;;;;;;;;;;;38;;
STK;11.01.2003 00:00;;;;;;;;;;;;;;9.3;18.2;33.5;65.5;;;;;;;;;;;;;;;;63;;
STK;12.01.2003 00:00;;;;;;;;;;;;;;3.5;12.5;12.6;45;;;;;;;;;;;;;;;;58;;
STK;13.01.2003 00:00;;;;;;;;;;;;;;4.1;9.5;14.8;34.2;;;;;;;;;;;;;;;;230;;
STK;14.01.2003 00:00;;;;;;;;;;;;;;2.4;9.2;8.6;33.1;;;;;;;;;;;;;;;;231;;
STK;15.01.2003 00:00;;;;;;;;;;;;;;2.2;7.8;7.9;28.1;;;;;;;;;;;;;;;;242;;
STK;16.01.2003 00:00;;;;;;;;;;;;;;2.3;8.3;8.3;29.9;;;;;;;;;;;;;;;;236;;
STK;17.01.2003 00:00;;;;;;;;;;;;;;1.2;5.1;4.3;18.4;;;;;;;;;;;;;;;;225;;
STK;18.01.2003 00:00;;;;;;;;;;;;;;0.8;4.2;2.9;15.1;;;;;;;;;;;;;;;;45;;
STK;19.01.2003 00:00;;;;;;;;;;;;;;1.3;6.1;4.7;22;;;;;;;;;;;;;;;;270;;
STK;20.01.2003 00:00;;;;;;;;;;;;;;1;5.7;3.6;20.5;;;;;;;;;;;;;;;;225;;
STK;21.01.2003 00:00;;;;;;;;;;;;;;1.8;7.1;6.5;25.6;;;;;;;;;;;;;;;;234;;
STK;22.01.2003 00:00;;;;;;;;;;;;;;5;15.8;18;56.9;;;;;;;;;;;;;;;;231;;
STK;23.01.2003 00:00;;;;;;;;;;;;;;5.4;11.2;19.4;40.3;;;;;;;;;;;;;;;;233;;
STK;24.01.2003 00:00;;;;;;;;;;;;;;3.2;8;11.5;28.8;;;;;;;;;;;;;;;;38;;
STK;25.01.2003 00:00;;;;;;;;;;;;;;2.4;7.7;8.6;27.7;;;;;;;;;;;;;;;;51;;
STK;26.01.2003 00:00;;;;;;;;;;;;;;2.4;7;8.6;25.2;;;;;;;;;;;;;;;;229;;
STK;27.01.2003 00:00;;;;;;;;;;;;;;4.5;12;16.2;43.2;;;;;;;;;;;;;;;;231;;
STK;28.01.2003 00:00;;;;;;;;;;;;;;8;20;28.8;72;;;;;;;;;;;;;;;;236;;
STK;29.01.2003 00:00;;;;;;;;;;;;;;8.2;20;29.5;72;;;;;;;;;;;;;;;;232;;
STK;30.01.2003 00:00;;;;;;;;;;;;;;5.6;13.2;20.2;47.5;;;;;;;;;;;;;;;;242;;
STK;31.01.2003 00:00;;;;;;;;;;;;;;2.2;7.2;7.9;25.9;;;;;;;;;;;;;;;;333;;
STK;01.02.2003 00:00;;;;;;;;;;;;;;1.6;4.8;5.8;17.3;;;;;;;;;;;;;;;;207;;
STK;02.02.2003 00:00;;;;;;;;;;;;;;5.6;12.1;20.2;43.6;;;;;;;;;;;;;;;;225;;
STK;03.02.2003 00:00;;;;;;;;;;;;;;6.9;19.3;24.8;69.5;;;;;;;;;;;;;;;;227;;
STK;04.02.2003 00:00;;;;;;;;;;;;;;1.7;7.6;6.1;27.4;;;;;;;;;;;;;;;;236;;
STK;05.02.2003 00:00;;;;;;;;;;;;;;5.4;13.2;19.4;47.5;;;;;;;;;;;;;;;;242;;
STK;06.02.2003 00:00;;;;;;;;;;;;;;3.7;10.3;13.3;37.1;;;;;;;;;;;;;;;;246;;
STK;07.02.2003 00:00;;;;;;;;;;;;;;1.5;7;5.4;25.2;;;;;;;;;;;;;;;;219;;
STK;08.02.2003 00:00;;;;;;;;;;;;;;0.8;3.6;2.9;13;;;;;;;;;;;;;;;;0;;
STK;09.02.2003 00:00;;;;;;;;;;;;;;1.9;8.2;6.8;29.5;;;;;;;;;;;;;;;;54;;
STK;10.02.2003 00:00;;;;;;;;;;;;;;2.6;5.5;9.4;19.8;;;;;;;;;;;;;;;;58;;
STK;11.02.2003 00:00;;;;;;;;;;;;;;2.6;8;9.4;28.8;;;;;;;;;;;;;;;;43;;
STK;12.02.2003 00:00;;;;;;;;;;;;;;3.8;9.7;13.7;34.9;;;;;;;;;;;;;;;;55;;
STK;13.02.2003 00:00;;;;;;;;;;;;;;1.9;6.6;6.8;23.8;;;;;;;;;;;;;;;;38;;
STK;14.02.2003 00:00;;;;;;;;;;;;;;2;6.1;7.2;22;;;;;;;;;;;;;;;;17;;
STK;15.02.2003 00:00;;;;;;;;;;;;;;2.2;9.6;7.9;34.6;;;;;;;;;;;;;;;;51;;
STK;16.02.2003 00:00;;;;;;;;;;;;;;8.5;18.5;30.6;66.6;;;;;;;;;;;;;;;;63;;
STK;17.02.2003 00:00;;;;;;;;;;;;;;6.7;15;24.1;54;;;;;;;;;;;;;;;;58;;
STK;18.02.2003 00:00;;;;;;;;;;;;;;2.7;8.6;9.7;31;;;;;;;;;;;;;;;;62;;
STK;19.02.2003 00:00;;;;;;;;;;;;;;1.3;4.7;4.7;16.9;;;;;;;;;;;;;;;;171;;
STK;20.02.2003 00:00;;;;;;;;;;;;;;1.1;3.6;4;13;;;;;;;;;;;;;;;;207;;
STK;21.02.2003 00:00;;;;;;;;;;;;;;0.8;5;2.9;18;;;;;;;;;;;;;;;;45;;
STK;22.02.2003 00:00;;;;;;;;;;;;;;0.9;3.7;3.2;13.3;;;;;;;;;;;;;;;;45;;
STK;23.02.2003 00:00;;;;;;;;;;;;;;0.9;3.3;3.2;11.9;;;;;;;;;;;;;;;;180;;
STK;24.02.2003 00:00;;;;;;;;;;;;;;0.6;3.2;2.2;11.5;;;;;;;;;;;;;;;;180;;
STK;25.02.2003 00:00;;;;;;;;;;;;;;0.8;2.8;2.9;10.1;;;;;;;;;;;;;;;;217;;
STK;26.02.2003 00:00;;;;;;;;;;;;;;0.6;2.5;2.2;9;;;;;;;;;;;;;;;;225;;
STK;27.02.2003 00:00;;;;;;;;;;;;;;1;2.6;3.6;9.4;;;;;;;;;;;;;;;;198;;
STK;28.02.2003 00:00;;;;;;;;;;;;;;0.8;2.8;2.9;10.1;;;;;;;;;;;;;;;;135;;
STK;01.03.2003 00:00;;;;;;;;;;;;;;1.5;9;5.4;32.4;;;;;;;;;;;;;;;;180;;
STK;02.03.2003 00:00;;;;;;;;;;;;;;4.1;14.8;14.8;53.3;;;;;;;;;;;;;;;;231;;
STK;03.03.2003 00:00;;;;;;;;;;;;;;3.3;12.7;11.9;45.7;;;;;;;;;;;;;;;;230;;
STK;04.03.2003 00:00;;;;;;;;;;;;;;0.9;3.2;3.2;11.5;;;;;;;;;;;;;;;;45;;
STK;05.03.2003 00:00;;;;;;;;;;;;;;0.9;3.3;3.2;11.9;;;;;;;;;;;;;;;;76;;
STK;06.03.2003 00:00;;;;;;;;;;;;;;2.1;10.3;7.6;37.1;;;;;;;;;;;;;;;;237;;
STK;07.03.2003 00:00;;;;;;;;;;;;;;1.5;6.2;5.4;22.3;;;;;;;;;;;;;;;;90;;
STK;08.03.2003 00:00;;;;;;;;;;;;;;3.3;14;11.9;50.4;;;;;;;;;;;;;;;;234;;
STK;09.03.2003 00:00;;;;;;;;;;;;;;0.9;3.8;3.2;13.7;;;;;;;;;;;;;;;;180;;
STK;10.03.2003 00:00;;;;;;;;;;;;;;1.1;5.6;4;20.2;;;;;;;;;;;;;;;;236;;
STK;11.03.2003 00:00;;;;;;;;;;;;;;1.6;9.3;5.8;33.5;;;;;;;;;;;;;;;;238;;
STK;12.03.2003 00:00;;;;;;;;;;;;;;4.4;13.6;15.8;49;;;;;;;;;;;;;;;;246;;
STK;13.03.2003 00:00;;;;;;;;;;;;;;2.9;11.8;10.4;42.5;;;;;;;;;;;;;;;;62;;
STK;14.03.2003 00:00;;;;;;;;;;;;;;6.4;12.8;23;46.1;;;;;;;;;;;;;;;;61;;
STK;15.03.2003 00:00;;;;;;;;;;;;;;8;15.5;28.8;55.8;;;;;;;;;;;;;;;;62;;
STK;16.03.2003 00:00;;;;;;;;;;;;;;7.1;13.7;25.6;49.3;;;;;;;;;;;;;;;;63;;
STK;17.03.2003 00:00;;;;;;;;;;;;;;0.9;4.1;3.2;14.8;;;;;;;;;;;;;;;;90;;
STK;18.03.2003 00:00;;;;;;;;;;;;;;2.6;9;9.4;32.4;;;;;;;;;;;;;;;;57;;
STK;19.03.2003 00:00;;;;;;;;;;;;;;1;3.6;3.6;13;;;;;;;;;;;;;;;;135;;
STK;20.03.2003 00:00;;;;;;;;;;;;;;1;3.5;3.6;12.6;;;;;;;;;;;;;;;;104;;
STK;21.03.2003 00:00;;;;;;;;;;;;;;2.9;11.1;10.4;40;;;;;;;;;;;;;;;;58;;
STK;22.03.2003 00:00;;;;;;;;;;;;;;2.3;8.2;8.3;29.5;;;;;;;;;;;;;;;;51;;
STK;23.03.2003 00:00;;;;;;;;;;;;;;1.1;3.2;4;11.5;;;;;;;;;;;;;;;;81;;
STK;24.03.2003 00:00;;;;;;;;;;;;;;1.2;4.3;4.3;15.5;;;;;;;;;;;;;;;;207;;
STK;25.03.2003 00:00;;;;;;;;;;;;;;1;6;3.6;21.6;;;;;;;;;;;;;;;;117;;
STK;26.03.2003 00:00;;;;;;;;;;;;;;1.4;5.3;5;19.1;;;;;;;;;;;;;;;;90;;
STK;27.03.2003 00:00;;;;;;;;;;;;;;1.1;3.1;4;11.2;;;;;;;;;;;;;;;;104;;
STK;28.03.2003 00:00;;;;;;;;;;;;;;0.9;6.2;3.2;22.3;;;;;;;;;;;;;;;;63;;
STK;29.03.2003 00:00;;;;;;;;;;;;;;1.2;4.6;4.3;16.6;;;;;;;;;;;;;;;;90;;
STK;30.03.2003 00:00;;;;;;;;;;;;;;1.4;6.7;5;24.1;;;;;;;;;;;;;;;;45;;
STK;31.03.2003 00:00;;;;;;;;;;;;;;2.1;8;7.6;28.8;;;;;;;;;;;;;;;;84;;
STK;01.04.2003 00:00;;;;;;;;;;;;;;3.4;17;12.2;61.2;;;;;;;;;;;;;;;;235;;
STK;02.04.2003 00:00;;;;;;;;;;;;;;5.1;27;18.4;97.2;;;;;;;;;;;;;;;;248;;
STK;03.04.2003 00:00;;;;;;;;;;;;;;2.8;8.1;10.1;29.2;;;;;;;;;;;;;;;;30;;
STK;04.04.2003 00:00;;;;;;;;;;;;;;2.5;10.1;9;36.4;;;;;;;;;;;;;;;;51;;
STK;05.04.2003 00:00;;;;;;;;;;;;;;2.1;7.6;7.6;27.4;;;;;;;;;;;;;;;;307;;
STK;06.04.2003 00:00;;;;;;;;;;;;;;3.9;11.3;14;40.7;;;;;;;;;;;;;;;;35;;
STK;07.04.2003 00:00;;;;;;;;;;;;;;4.1;14.8;14.8;53.3;;;;;;;;;;;;;;;;59;;
STK;08.04.2003 00:00;;;;;;;;;;;;;;2.7;10.3;9.7;37.1;;;;;;;;;;;;;;;;63;;
STK;09.04.2003 00:00;;;;;;;;;;;;;;2.5;7.8;9;28.1;;;;;;;;;;;;;;;;55;;
STK;10.04.2003 00:00;;;;;;;;;;;;;;2.9;16.8;10.4;60.5;;;;;;;;;;;;;;;;240;;
STK;11.04.2003 00:00;;;;;;;;;;;;;;1.4;4.1;5;14.8;;;;;;;;;;;;;;;;68;;
STK;12.04.2003 00:00;;;;;;;;;;;;;;1.5;6.8;5.4;24.5;;;;;;;;;;;;;;;;252;;
STK;13.04.2003 00:00;;;;;;;;;;;;;;2.2;7.6;7.9;27.4;;;;;;;;;;;;;;;;59;;
STK;14.04.2003 00:00;;;;;;;;;;;;;;2;7.6;7.2;27.4;;;;;;;;;;;;;;;;60;;
STK;15.04.2003 00:00;;;;;;;;;;;;;;2.7;11.1;9.7;40;;;;;;;;;;;;;;;;65;;
STK;16.04.2003 00:00;;;;;;;;;;;;;;1.7;7.8;6.1;28.1;;;;;;;;;;;;;;;;63;;
STK;17.04.2003 00:00;;;;;;;;;;;;;;2.3;10.3;8.3;37.1;;;;;;;;;;;;;;;;66;;
STK;18.04.2003 00:00;;;;;;;;;;;;;;3.7;13.7;13.3;49.3;;;;;;;;;;;;;;;;54;;
STK;19.04.2003 00:00;;;;;;;;;;;;;;4.7;11.2;16.9;40.3;;;;;;;;;;;;;;;;58;;
STK;20.04.2003 00:00;;;;;;;;;;;;;;1.7;6.7;6.1;24.1;;;;;;;;;;;;;;;;82;;
STK;21.04.2003 00:00;;;;;;;;;;;;;;3.7;11.1;13.3;40;;;;;;;;;;;;;;;;230;;
STK;22.04.2003 00:00;;;;;;;;;;;;;;1.5;9.1;5.4;32.8;;;;;;;;;;;;;;;;60;;
STK;23.04.2003 00:00;;;;;;;;;;;;;;1.3;9.2;4.7;33.1;;;;;;;;;;;;;;;;51;;
STK;24.04.2003 00:00;;;;;;;;;;;;;;1.3;4.5;4.7;16.2;;;;;;;;;;;;;;;;69;;
STK;25.04.2003 00:00;;;;;;;;;;;;;;1.2;4.5;4.3;16.2;;;;;;;;;;;;;;;;81;;
STK;26.04.2003 00:00;;;;;;;;;;;;;;3.7;15.3;13.3;55.1;;;;;;;;;;;;;;;;236;;
STK;27.04.2003 00:00;;;;;;;;;;;;;;4.3;12.1;15.5;43.6;;;;;;;;;;;;;;;;242;;
STK;28.04.2003 00:00;;;;;;;;;;;;;;1.4;5.8;5;20.9;;;;;;;;;;;;;;;;153;;
STK;29.04.2003 00:00;;;;;;;;;;;;;;2.5;10.8;9;38.9;;;;;;;;;;;;;;;;229;;
STK;30.04.2003 00:00;;;;;;;;;;;;;;4.4;17.7;15.8;63.7;;;;;;;;;;;;;;;;238;;
STK;01.05.2003 00:00;;;;;;;;;;;;;;2.2;9.2;7.9;33.1;;;;;;;;;;;;;;;;242;;
STK;02.05.2003 00:00;;;;;;;;;;;;;;1.8;10.5;6.5;37.8;;;;;;;;;;;;;;;;232;;
STK;03.05.2003 00:00;;;;;;;;;;;;;;3.9;12.8;14;46.1;;;;;;;;;;;;;;;;238;;
STK;04.05.2003 00:00;;;;;;;;;;;;;;1.4;5.8;5;20.9;;;;;;;;;;;;;;;;81;;
STK;05.05.2003 00:00;;;;;;;;;;;;;;0.9;5.7;3.2;20.5;;;;;;;;;;;;;;;;225;;
STK;06.05.2003 00:00;;;;;;;;;;;;;;2.2;7.2;7.9;25.9;;;;;;;;;;;;;;;;39;;
STK;07.05.2003 00:00;;;;;;;;;;;;;;1.9;6.3;6.8;22.7;;;;;;;;;;;;;;;;58;;
STK;08.05.2003 00:00;;;;;;;;;;;;;;2.6;23.3;9.4;83.9;;;;;;;;;;;;;;;;232;;
STK;09.05.2003 00:00;;;;;;;;;;;;;;2.3;7.5;8.3;27;;;;;;;;;;;;;;;;239;;
STK;10.05.2003 00:00;;;;;;;;;;;;;;1.8;7;6.5;25.2;;;;;;;;;;;;;;;;53;;
STK;11.05.2003 00:00;;;;;;;;;;;;;;1.4;6;5;21.6;;;;;;;;;;;;;;;;50;;
STK;12.05.2003 00:00;;;;;;;;;;;;;;2.3;13.1;8.3;47.2;;;;;;;;;;;;;;;;234;;
STK;13.05.2003 00:00;;;;;;;;;;;;;;3.3;10.8;11.9;38.9;;;;;;;;;;;;;;;;235;;
STK;14.05.2003 00:00;;;;;;;;;;;;;;4.1;16.8;14.8;60.5;;;;;;;;;;;;;;;;242;;
STK;15.05.2003 00:00;;;;;;;;;;;;;;1.9;7.8;6.8;28.1;;;;;;;;;;;;;;;;72;;
STK;16.05.2003 00:00;;;;;;;;;;;;;;1.6;5.2;5.8;18.7;;;;;;;;;;;;;;;;68;;
STK;17.05.2003 00:00;;;;;;;;;;;;;;2.4;9.2;8.6;33.1;;;;;;;;;;;;;;;;233;;
STK;18.05.2003 00:00;;;;;;;;;;;;;;3;11.8;10.8;42.5;;;;;;;;;;;;;;;;236;;
STK;19.05.2003 00:00;;;;;;;;;;;;;;4.3;26.1;15.5;94;;;;;;;;;;;;;;;;233;;
STK;20.05.2003 00:00;;;;;;;;;;;;;;6.1;19.2;22;69.1;;;;;;;;;;;;;;;;239;;
STK;21.05.2003 00:00;;;;;;;;;;;;;;4.4;14.8;15.8;53.3;;;;;;;;;;;;;;;;242;;
STK;22.05.2003 00:00;;;;;;;;;;;;;;2.9;9.5;10.4;34.2;;;;;;;;;;;;;;;;225;;
STK;23.05.2003 00:00;;;;;;;;;;;;;;1.9;6.3;6.8;22.7;;;;;;;;;;;;;;;;245;;
STK;24.05.2003 00:00;;;;;;;;;;;;;;2.2;11.7;7.9;42.1;;;;;;;;;;;;;;;;219;;
STK;25.05.2003 00:00;;;;;;;;;;;;;;3.4;10.6;12.2;38.2;;;;;;;;;;;;;;;;236;;
STK;26.05.2003 00:00;;;;;;;;;;;;;;1.8;7.8;6.5;28.1;;;;;;;;;;;;;;;;52;;
STK;27.05.2003 00:00;;;;;;;;;;;;;;1.1;7;4;25.2;;;;;;;;;;;;;;;;63;;
STK;28.05.2003 00:00;;;;;;;;;;;;;;2;9.6;7.2;34.6;;;;;;;;;;;;;;;;49;;
STK;29.05.2003 00:00;;;;;;;;;;;;;;1;6.1;3.6;22;;;;;;;;;;;;;;;;180;;
STK;30.05.2003 00:00;;;;;;;;;;;;;;1.5;3.5;5.4;12.6;;;;;;;;;;;;;;;;180;;
STK;31.05.2003 00:00;;;;;;;;;;;;;;2.1;14.3;7.6;51.5;;;;;;;;;;;;;;;;243;;
STK;01.06.2003 00:00;;;;;;;;;;;;;;1;3;3.6;10.8;;;;;;;;;;;;;;;;56;;
STK;02.06.2003 00:00;;;;;;;;;;;;;;1.8;15.7;6.5;56.5;;;;;;;;;;;;;;;;243;;
STK;03.06.2003 00:00;;;;;;;;;;;;;;0.9;2.7;3.2;9.7;;;;;;;;;;;;;;;;90;;
STK;04.06.2003 00:00;;;;;;;;;;;;;;1.7;5.3;6.1;19.1;;;;;;;;;;;;;;;;90;;
STK;05.06.2003 00:00;;;;;;;;;;;;;;2.1;9;7.6;32.4;;;;;;;;;;;;;;;;232;;
STK;06.06.2003 00:00;;;;;;;;;;;;;;1.6;6.7;5.8;24.1;;;;;;;;;;;;;;;;315;;
STK;07.06.2003 00:00;;;;;;;;;;;;;;1.6;10.2;5.8;36.7;;;;;;;;;;;;;;;;45;;
STK;08.06.2003 00:00;;;;;;;;;;;;;;2.9;20.8;10.4;74.9;;;;;;;;;;;;;;;;238;;
STK;09.06.2003 00:00;;;;;;;;;;;;;;1.3;6.6;4.7;23.8;;;;;;;;;;;;;;;;198;;
STK;10.06.2003 00:00;;;;;;;;;;;;;;1.3;4.1;4.7;14.8;;;;;;;;;;;;;;;;90;;
STK;11.06.2003 00:00;;;;;;;;;;;;;;1.3;3.8;4.7;13.7;;;;;;;;;;;;;;;;135;;
STK;12.06.2003 00:00;;;;;;;;;;;;;;1.7;14;6.1;50.4;;;;;;;;;;;;;;;;135;;
STK;13.06.2003 00:00;;;;;;;;;;;;;;1.7;11.7;6.1;42.1;;;;;;;;;;;;;;;;202;;
STK;14.06.2003 00:00;;;;;;;;;;;;;;1.4;11.1;5;40;;;;;;;;;;;;;;;;50;;
STK;15.06.2003 00:00;;;;;;;;;;;;;;1.3;6.1;4.7;22;;;;;;;;;;;;;;;;60;;
STK;16.06.2003 00:00;;;;;;;;;;;;;;1.7;6.6;6.1;23.8;;;;;;;;;;;;;;;;67;;
STK;17.06.2003 00:00;;;;;;;;;;;;;;2.5;11.7;9;42.1;;;;;;;;;;;;;;;;235;;
STK;18.06.2003 00:00;;;;;;;;;;;;;;4.8;14.3;17.3;51.5;;;;;;;;;;;;;;;;252;;
STK;19.06.2003 00:00;;;;;;;;;;;;;;2.8;10.6;10.1;38.2;;;;;;;;;;;;;;;;234;;
STK;20.06.2003 00:00;;;;;;;;;;;;;;5.3;17.1;19.1;61.6;;;;;;;;;;;;;;;;249;;
STK;21.06.2003 00:00;;;;;;;;;;;;;;1.8;6.3;6.5;22.7;;;;;;;;;;;;;;;;54;;
STK;22.06.2003 00:00;;;;;;;;;;;;;;1.5;4.2;5.4;15.1;;;;;;;;;;;;;;;;61;;
STK;23.06.2003 00:00;;;;;;;;;;;;;;3.5;17.2;12.6;61.9;;;;;;;;;;;;;;;;239;;
STK;24.06.2003 00:00;;;;;;;;;;;;;;3.2;12.5;11.5;45;;;;;;;;;;;;;;;;246;;
STK;25.06.2003 00:00;;;;;;;;;;;;;;2;9.7;7.2;34.9;;;;;;;;;;;;;;;;67;;
STK;26.06.2003 00:00;;;;;;;;;;;;;;2;21.2;7.2;76.3;;;;;;;;;;;;;;;;59;;
STK;27.06.2003 00:00;;;;;;;;;;;;;;2;12.2;7.2;43.9;;;;;;;;;;;;;;;;270;;
STK;28.06.2003 00:00;;;;;;;;;;;;;;1.7;9.3;6.1;33.5;;;;;;;;;;;;;;;;39;;
STK;29.06.2003 00:00;;;;;;;;;;;;;;2.1;6.8;7.6;24.5;;;;;;;;;;;;;;;;81;;
STK;30.06.2003 00:00;;;;;;;;;;;;;;2.2;15;7.9;54;;;;;;;;;;;;;;;;231;;
STK;01.07.2003 00:00;;;;;;;;;;;;;;3.1;15.5;11.2;55.8;;;;;;;;;;;;;;;;225;;
STK;02.07.2003 00:00;;;;;;;;;;;;;;4.7;13;16.9;46.8;;;;;;;;;;;;;;;;242;;
STK;03.07.2003 00:00;;;;;;;;;;;;;;5.5;19.7;19.8;70.9;;;;;;;;;;;;;;;;233;;
STK;04.07.2003 00:00;;;;;;;;;;;;;;5.7;13.8;20.5;49.7;;;;;;;;;;;;;;;;236;;
STK;05.07.2003 00:00;;;;;;;;;;;;;;3.3;9.1;11.9;32.8;;;;;;;;;;;;;;;;237;;
STK;06.07.2003 00:00;;;;;;;;;;;;;;1.4;3.8;5;13.7;;;;;;;;;;;;;;;;76;;
STK;07.07.2003 00:00;;;;;;;;;;;;;;1.4;4;5;14.4;;;;;;;;;;;;;;;;84;;
STK;08.07.2003 00:00;;;;;;;;;;;;;;1.5;3.6;5.4;13;;;;;;;;;;;;;;;;69;;
STK;09.07.2003 00:00;;;;;;;;;;;;;;1.9;7.1;6.8;25.6;;;;;;;;;;;;;;;;45;;
STK;10.07.2003 00:00;;;;;;;;;;;;;;1.5;4.2;5.4;15.1;;;;;;;;;;;;;;;;63;;
STK;11.07.2003 00:00;;;;;;;;;;;;;;1.5;4.2;5.4;15.1;;;;;;;;;;;;;;;;90;;
STK;12.07.2003 00:00;;;;;;;;;;;;;;2.2;9.5;7.9;34.2;;;;;;;;;;;;;;;;41;;
STK;13.07.2003 00:00;;;;;;;;;;;;;;1.9;7.2;6.8;25.9;;;;;;;;;;;;;;;;59;;
STK;16.07.2003 00:00;;;;;;;;;;;;;;1.8;15.8;6.5;56.9;;;;;;;;;;;;;;;;252;;
STK;17.07.2003 00:00;;;;;;;;;;;;;;2.6;9.6;9.4;34.6;;;;;;;;;;;;;;;;222;;
STK;18.07.2003 00:00;;;;;;;;;;;;;;;;5.8;;;;;;;;;;;;;;;;;;;
STK;19.07.2003 00:00;;;;;;;;;;;;;;1.5;4.3;5.4;15.5;;;;;;;;;;;;;;;;76;;
STK;20.07.2003 00:00;;;;;;;;;;;;;;2;14.8;7.2;53.3;;;;;;;;;;;;;;;;84;;
STK;21.07.2003 00:00;;;;;;;;;;;;;;2.2;25.3;7.9;91.1;;;;;;;;;;;;;;;;225;;
STK;22.07.2003 00:00;;;;;;;;;;;;;;1.8;11.3;6.5;40.7;;;;;;;;;;;;;;;;235;;
STK;23.07.2003 00:00;;;;;;;;;;;;;;1.6;8.6;5.8;31;;;;;;;;;;;;;;;;90;;
STK;24.07.2003 00:00;;;;;;;;;;;;;;2.1;14.1;7.6;50.8;;;;;;;;;;;;;;;;211;;
STK;25.07.2003 00:00;;;;;;;;;;;;;;1.1;4.3;4;15.5;;;;;;;;;;;;;;;;180;;
STK;26.07.2003 00:00;;;;;;;;;;;;;;1.6;6.1;5.8;22;;;;;;;;;;;;;;;;225;;
STK;27.07.2003 00:00;;;;;;;;;;;;;;3.1;19.3;11.2;69.5;;;;;;;;;;;;;;;;236;;
STK;28.07.2003 00:00;;;;;;;;;;;;;;2;10.7;7.2;38.5;;;;;;;;;;;;;;;;233;;
STK;29.07.2003 00:00;;;;;;;;;;;;;;1.1;3.2;4;11.5;;;;;;;;;;;;;;;;146;;
STK;30.07.2003 00:00;;;;;;;;;;;;;;1.3;8.2;4.7;29.5;;;;;;;;;;;;;;;;117;;
STK;31.07.2003 00:00;;;;;;;;;;;;;;2.1;11;7.6;39.6;;;;;;;;;;;;;;;;231;;
STK;01.08.2003 00:00;;;;;;;;;;;;;;1.6;6.2;5.8;22.3;;;;;;;;;;;;;;;;73;;
STK;02.08.2003 00:00;;;;;;;;;;;;;;1.1;3.5;4;12.6;;;;;;;;;;;;;;;;90;;
STK;03.08.2003 00:00;;;;;;;;;;;;;;1.2;3;4.3;10.8;;;;;;;;;;;;;;;;135;;
STK;04.08.2003 00:00;;;;;;;;;;;;;;1.3;4;4.7;14.4;;;;;;;;;;;;;;;;108;;
STK;05.08.2003 00:00;;;;;;;;;;;;;;1.2;5.1;4.3;18.4;;;;;;;;;;;;;;;;117;;
STK;06.08.2003 00:00;;;;;;;;;;;;;;1.1;4.2;4;15.1;;;;;;;;;;;;;;;;153;;
STK;07.08.2003 00:00;;;;;;;;;;;;;;1.5;6.5;5.4;23.4;;;;;;;;;;;;;;;;82;;
STK;08.08.2003 00:00;;;;;;;;;;;;;;1.5;14.2;5.4;51.1;;;;;;;;;;;;;;;;76;;
STK;09.08.2003 00:00;;;;;;;;;;;;;;1.4;6.1;5;22;;;;;;;;;;;;;;;;146;;
STK;10.08.2003 00:00;;;;;;;;;;;;;;1.3;9.1;4.7;32.8;;;;;;;;;;;;;;;;210;;
STK;11.08.2003 00:00;;;;;;;;;;;;;;1.6;5.6;5.8;20.2;;;;;;;;;;;;;;;;194;;
STK;12.08.2003 00:00;;;;;;;;;;;;;;1.5;3.6;5.4;13;;;;;;;;;;;;;;;;112;;
STK;13.08.2003 00:00;;;;;;;;;;;;;;1.9;9.1;6.8;32.8;;;;;;;;;;;;;;;;180;;
STK;14.08.2003 00:00;;;;;;;;;;;;;;2.1;12;7.6;43.2;;;;;;;;;;;;;;;;225;;
STK;15.08.2003 00:00;;;;;;;;;;;;;;1.5;7.8;5.4;28.1;;;;;;;;;;;;;;;;214;;
STK;16.08.2003 00:00;;;;;;;;;;;;;;1.6;10.8;5.8;38.9;;;;;;;;;;;;;;;;72;;
STK;17.08.2003 00:00;;;;;;;;;;;;;;2.2;24.2;7.9;87.1;;;;;;;;;;;;;;;;198;;
STK;18.08.2003 00:00;;;;;;;;;;;;;;2.8;11.1;10.1;40;;;;;;;;;;;;;;;;216;;
STK;19.08.2003 00:00;;;;;;;;;;;;;;1.8;5.7;6.5;20.5;;;;;;;;;;;;;;;;225;;
STK;20.08.2003 00:00;;;;;;;;;;;;;;1.5;9.3;5.4;33.5;;;;;;;;;;;;;;;;0;;
STK;21.08.2003 00:00;;;;;;;;;;;;;;1.4;4.5;5;16.2;;;;;;;;;;;;;;;;216;;
STK;22.08.2003 00:00;;;;;;;;;;;;;;2.1;7.7;7.6;27.7;;;;;;;;;;;;;;;;229;;
STK;23.08.2003 00:00;;;;;;;;;;;;;;1.7;6.5;6.1;23.4;;;;;;;;;;;;;;;;216;;
STK;24.08.2003 00:00;;;;;;;;;;;;;;1.3;7.6;4.7;27.4;;;;;;;;;;;;;;;;72;;
STK;25.08.2003 00:00;;;;;;;;;;;;;;1.8;6.6;6.5;23.8;;;;;;;;;;;;;;;;48;;
STK;26.08.2003 00:00;;;;;;;;;;;;;;2.5;10.5;9;37.8;;;;;;;;;;;;;;;;229;;
STK;27.08.2003 00:00;;;;;;;;;;;;;;2.3;8.3;8.3;29.9;;;;;;;;;;;;;;;;225;;
STK;28.08.2003 00:00;;;;;;;;;;;;;;1.8;22.8;6.5;82.1;;;;;;;;;;;;;;;;81;;
STK;29.08.2003 00:00;;;;;;;;;;;;;;4.3;17.5;15.5;63;;;;;;;;;;;;;;;;228;;
STK;30.08.2003 00:00;;;;;;;;;;;;;;3.6;11.2;13;40.3;;;;;;;;;;;;;;;;227;;
STK;31.08.2003 00:00;;;;;;;;;;;;;;2.3;12.8;8.3;46.1;;;;;;;;;;;;;;;;221;;
STK;01.09.2003 00:00;;;;;;;;;;;;;;1.6;9;5.8;32.4;;;;;;;;;;;;;;;;238;;
STK;02.09.2003 00:00;;;;;;;;;;;;;;2.5;10.2;9;36.7;;;;;;;;;;;;;;;;62;;
STK;03.09.2003 00:00;;;;;;;;;;;;;;4;11.8;14.4;42.5;;;;;;;;;;;;;;;;52;;
STK;04.09.2003 00:00;;;;;;;;;;;;;;1.4;3.8;5;13.7;;;;;;;;;;;;;;;;112;;
STK;05.09.2003 00:00;;;;;;;;;;;;;;1.5;4.5;5.4;16.2;;;;;;;;;;;;;;;;180;;
STK;06.09.2003 00:00;;;;;;;;;;;;;;2.3;7.8;8.3;28.1;;;;;;;;;;;;;;;;225;;
STK;07.09.2003 00:00;;;;;;;;;;;;;;2;14.7;7.2;52.9;;;;;;;;;;;;;;;;117;;
STK;08.09.2003 00:00;;;;;;;;;;;;;;2.4;10.6;8.6;38.2;;;;;;;;;;;;;;;;227;;
STK;09.09.2003 00:00;;;;;;;;;;;;;;2.2;8.2;7.9;29.5;;;;;;;;;;;;;;;;31;;
STK;10.09.2003 00:00;;;;;;;;;;;;;;5.3;13.3;19.1;47.9;;;;;;;;;;;;;;;;236;;
STK;11.09.2003 00:00;;;;;;;;;;;;;;4.1;16.1;14.8;58;;;;;;;;;;;;;;;;239;;
STK;12.09.2003 00:00;;;;;;;;;;;;;;2.5;8.2;9;29.5;;;;;;;;;;;;;;;;229;;
STK;13.09.2003 00:00;;;;;;;;;;;;;;1.6;8.1;5.8;29.2;;;;;;;;;;;;;;;;85;;
STK;14.09.2003 00:00;;;;;;;;;;;;;;5.6;16.6;20.2;59.8;;;;;;;;;;;;;;;;65;;
STK;15.09.2003 00:00;;;;;;;;;;;;;;1.4;5.1;5;18.4;;;;;;;;;;;;;;;;74;;
STK;16.09.2003 00:00;;;;;;;;;;;;;;1.4;3.6;5;13;;;;;;;;;;;;;;;;127;;
STK;17.09.2003 00:00;;;;;;;;;;;;;;1.2;3.2;4.3;11.5;;;;;;;;;;;;;;;;162;;
STK;18.09.2003 00:00;;;;;;;;;;;;;;1.2;3.1;4.3;11.2;;;;;;;;;;;;;;;;135;;
STK;19.09.2003 00:00;;;;;;;;;;;;;;1.2;3;4.3;10.8;;;;;;;;;;;;;;;;135;;
STK;20.09.2003 00:00;;;;;;;;;;;;;;1.4;3.3;5;11.9;;;;;;;;;;;;;;;;162;;
STK;21.09.2003 00:00;;;;;;;;;;;;;;1.1;3.6;4;13;;;;;;;;;;;;;;;;153;;
STK;22.09.2003 00:00;;;;;;;;;;;;;;2.1;8.3;7.6;29.9;;;;;;;;;;;;;;;;238;;
STK;23.09.2003 00:00;;;;;;;;;;;;;;3;11.2;10.8;40.3;;;;;;;;;;;;;;;;236;;
STK;24.09.2003 00:00;;;;;;;;;;;;;;4.9;12.5;17.6;45;;;;;;;;;;;;;;;;60;;
STK;25.09.2003 00:00;;;;;;;;;;;;;;1.9;12.6;6.8;45.4;;;;;;;;;;;;;;;;76;;
STK;26.09.2003 00:00;;;;;;;;;;;;;;1.7;5.6;6.1;20.2;;;;;;;;;;;;;;;;214;;
STK;27.09.2003 00:00;;;;;;;;;;;;;;1;3.1;3.6;11.2;;;;;;;;;;;;;;;;166;;
STK;28.09.2003 00:00;;;;;;;;;;;;;;2.6;10.2;9.4;36.7;;;;;;;;;;;;;;;;237;;
STK;29.09.2003 00:00;;;;;;;;;;;;;;3.1;8.8;11.2;31.7;;;;;;;;;;;;;;;;238;;
STK;30.09.2003 00:00;;;;;;;;;;;;;;1;3.2;3.6;11.5;;;;;;;;;;;;;;;;108;;
STK;01.10.2003 00:00;;;;;;;;;;;;;;1.4;7.3;5;26.3;;;;;;;;;;;;;;;;207;;
STK;02.10.2003 00:00;;;;;;;;;;;;;;1.1;3.7;4;13.3;;;;;;;;;;;;;;;;90;;
STK;03.10.2003 00:00;;;;;;;;;;;;;;2.3;17.7;8.3;63.7;;;;;;;;;;;;;;;;227;;
STK;04.10.2003 00:00;;;;;;;;;;;;;;3.6;14.6;13;52.6;;;;;;;;;;;;;;;;229;;
STK;05.10.2003 00:00;;;;;;;;;;;;;;4.1;9.7;14.8;34.9;;;;;;;;;;;;;;;;263;;
STK;06.10.2003 00:00;;;;;;;;;;;;;;6.7;16.1;24.1;58;;;;;;;;;;;;;;;;229;;
STK;07.10.2003 00:00;;;;;;;;;;;;;;8.8;24.6;31.7;88.6;;;;;;;;;;;;;;;;228;;
STK;08.10.2003 00:00;;;;;;;;;;;;;;9;21.6;32.4;77.8;;;;;;;;;;;;;;;;231;;
STK;09.10.2003 00:00;;;;;;;;;;;;;;4.5;16.3;16.2;58.7;;;;;;;;;;;;;;;;234;;
STK;10.10.2003 00:00;;;;;;;;;;;;;;3.2;10;11.5;36;;;;;;;;;;;;;;;;234;;
STK;11.10.2003 00:00;;;;;;;;;;;;;;1;4.6;3.6;16.6;;;;;;;;;;;;;;;;162;;
STK;12.10.2003 00:00;;;;;;;;;;;;;;2;8.1;7.2;29.2;;;;;;;;;;;;;;;;60;;
STK;13.10.2003 00:00;;;;;;;;;;;;;;2.1;5.8;7.6;20.9;;;;;;;;;;;;;;;;36;;
STK;14.10.2003 00:00;;;;;;;;;;;;;;4;12.6;14.4;45.4;;;;;;;;;;;;;;;;51;;
STK;15.10.2003 00:00;;;;;;;;;;;;;;6.1;15.1;22;54.4;;;;;;;;;;;;;;;;60;;
STK;16.10.2003 00:00;;;;;;;;;;;;;;7.2;15.1;25.9;54.4;;;;;;;;;;;;;;;;59;;
STK;17.10.2003 00:00;;;;;;;;;;;;;;2.8;10.6;10.1;38.2;;;;;;;;;;;;;;;;59;;
STK;18.10.2003 00:00;;;;;;;;;;;;;;1.8;7.2;6.5;25.9;;;;;;;;;;;;;;;;207;;
STK;19.10.2003 00:00;;;;;;;;;;;;;;1;4;3.6;14.4;;;;;;;;;;;;;;;;153;;
STK;20.10.2003 00:00;;;;;;;;;;;;;;1.6;5.5;5.8;19.8;;;;;;;;;;;;;;;;241;;
STK;21.10.2003 00:00;;;;;;;;;;;;;;4.3;14.3;15.5;51.5;;;;;;;;;;;;;;;;240;;
STK;22.10.2003 00:00;;;;;;;;;;;;;;2;8.8;7.2;31.7;;;;;;;;;;;;;;;;54;;
STK;23.10.2003 00:00;;;;;;;;;;;;;;5.4;12.1;19.4;43.6;;;;;;;;;;;;;;;;50;;
STK;24.10.2003 00:00;;;;;;;;;;;;;;3.1;9.7;11.2;34.9;;;;;;;;;;;;;;;;47;;
STK;25.10.2003 00:00;;;;;;;;;;;;;;2.5;7.7;9;27.7;;;;;;;;;;;;;;;;221;;
STK;26.10.2003 00:00;;;;;;;;;;;;;;1.5;5;5.4;18;;;;;;;;;;;;;;;;202;;
STK;27.10.2003 00:00;;;;;;;;;;;;;;1.7;8.2;6.1;29.5;;;;;;;;;;;;;;;;84;;
STK;28.10.2003 00:00;;;;;;;;;;;;;;1.1;3;4;10.8;;;;;;;;;;;;;;;;171;;
STK;29.10.2003 00:00;;;;;;;;;;;;;;1.8;8.5;6.5;30.6;;;;;;;;;;;;;;;;225;;
STK;30.10.2003 00:00;;;;;;;;;;;;;;3.4;16.3;12.2;58.7;;;;;;;;;;;;;;;;225;;
STK;31.10.2003 00:00;;;;;;;;;;;;;;1.8;11;6.5;39.6;;;;;;;;;;;;;;;;228;;
STK;01.11.2003 00:00;;;;;;;;;;;;;;2.1;12.3;7.6;44.3;;;;;;;;;;;;;;;;227;;
STK;02.11.2003 00:00;;;;;;;;;;;;;;1.7;8.6;6.1;31;;;;;;;;;;;;;;;;233;;
STK;03.11.2003 00:00;;;;;;;;;;;;;;3.7;12.8;13.3;46.1;;;;;;;;;;;;;;;;237;;
STK;04.11.2003 00:00;;;;;;;;;;;;;;0.6;3.1;2.2;11.2;;;;;;;;;;;;;;;;117;;
STK;05.11.2003 00:00;;;;;;;;;;;;;;1.1;4.2;4;15.1;;;;;;;;;;;;;;;;191;;
STK;06.11.2003 00:00;;;;;;;;;;;;;;1.9;11.2;6.8;40.3;;;;;;;;;;;;;;;;50;;
STK;07.11.2003 00:00;;;;;;;;;;;;;;8.5;18.7;30.6;67.3;;;;;;;;;;;;;;;;59;;
STK;08.11.2003 00:00;;;;;;;;;;;;;;2.1;7.2;7.6;25.9;;;;;;;;;;;;;;;;27;;
STK;09.11.2003 00:00;;;;;;;;;;;;;;1;4;3.6;14.4;;;;;;;;;;;;;;;;207;;
STK;10.11.2003 00:00;;;;;;;;;;;;;;1.5;4.8;5.4;17.3;;;;;;;;;;;;;;;;52;;
STK;11.11.2003 00:00;;;;;;;;;;;;;;0.6;3.2;2.2;11.5;;;;;;;;;;;;;;;;0;;
STK;12.11.2003 00:00;;;;;;;;;;;;;;1.9;6.7;6.8;24.1;;;;;;;;;;;;;;;;215;;
STK;13.11.2003 00:00;;;;;;;;;;;;;;2.2;6.8;7.9;24.5;;;;;;;;;;;;;;;;232;;
STK;14.11.2003 00:00;;;;;;;;;;;;;;2.2;7.6;7.9;27.4;;;;;;;;;;;;;;;;241;;
STK;15.11.2003 00:00;;;;;;;;;;;;;;1.1;6.6;4;23.8;;;;;;;;;;;;;;;;135;;
STK;16.11.2003 00:00;;;;;;;;;;;;;;1.4;4.7;5;16.9;;;;;;;;;;;;;;;;207;;
STK;17.11.2003 00:00;;;;;;;;;;;;;;2.9;8.2;10.4;29.5;;;;;;;;;;;;;;;;242;;
STK;18.11.2003 00:00;;;;;;;;;;;;;;2.9;9.3;10.4;33.5;;;;;;;;;;;;;;;;227;;
STK;19.11.2003 00:00;;;;;;;;;;;;;;1.2;4.5;4.3;16.2;;;;;;;;;;;;;;;;198;;
STK;20.11.2003 00:00;;;;;;;;;;;;;;0.7;2.8;2.5;10.1;;;;;;;;;;;;;;;;225;;
STK;21.11.2003 00:00;;;;;;;;;;;;;;0.7;4.3;2.5;15.5;;;;;;;;;;;;;;;;270;;
STK;22.11.2003 00:00;;;;;;;;;;;;;;0.6;2.7;2.2;9.7;;;;;;;;;;;;;;;;0;;
STK;23.11.2003 00:00;;;;;;;;;;;;;;0.9;3.5;3.2;12.6;;;;;;;;;;;;;;;;217;;
STK;24.11.2003 00:00;;;;;;;;;;;;;;1.2;4.5;4.3;16.2;;;;;;;;;;;;;;;;225;;
STK;25.11.2003 00:00;;;;;;;;;;;;;;0.9;4.8;3.2;17.3;;;;;;;;;;;;;;;;214;;
STK;26.11.2003 00:00;;;;;;;;;;;;;;0.8;3.6;2.9;13;;;;;;;;;;;;;;;;225;;
STK;27.11.2003 00:00;;;;;;;;;;;;;;1.9;10.6;6.8;38.2;;;;;;;;;;;;;;;;243;;
STK;28.11.2003 00:00;;;;;;;;;;;;;;4.7;9.6;16.9;34.6;;;;;;;;;;;;;;;;229;;
STK;29.11.2003 00:00;;;;;;;;;;;;;;1.7;5.6;6.1;20.2;;;;;;;;;;;;;;;;210;;
STK;30.11.2003 00:00;;;;;;;;;;;;;;0.8;4.1;2.9;14.8;;;;;;;;;;;;;;;;153;;
STK;01.12.2003 00:00;;;;;;;;;;;;;;1.4;4.7;5;16.9;;;;;;;;;;;;;;;;58;;
STK;02.12.2003 00:00;;;;;;;;;;;;;;1.5;6.7;5.4;24.1;;;;;;;;;;;;;;;;217;;
STK;03.12.2003 00:00;;;;;;;;;;;;;;1.1;4.1;4;14.8;;;;;;;;;;;;;;;;45;;
STK;04.12.2003 00:00;;;;;;;;;;;;;;2.3;8.5;8.3;30.6;;;;;;;;;;;;;;;;43;;
STK;05.12.2003 00:00;;;;;;;;;;;;;;1.2;5.5;4.3;19.8;;;;;;;;;;;;;;;;90;;
STK;06.12.2003 00:00;;;;;;;;;;;;;;4;13.3;14.4;47.9;;;;;;;;;;;;;;;;45;;
STK;07.12.2003 00:00;;;;;;;;;;;;;;7.7;16.7;27.7;60.1;;;;;;;;;;;;;;;;62;;
STK;08.12.2003 00:00;;;;;;;;;;;;;;2;8.3;7.2;29.9;;;;;;;;;;;;;;;;42;;
STK;09.12.2003 00:00;;;;;;;;;;;;;;1.8;5.8;6.5;20.9;;;;;;;;;;;;;;;;9;;
STK;10.12.2003 00:00;;;;;;;;;;;;;;1.5;6.1;5.4;22;;;;;;;;;;;;;;;;225;;
STK;11.12.2003 00:00;;;;;;;;;;;;;;0.6;3.2;2.2;11.5;;;;;;;;;;;;;;;;180;;
STK;12.12.2003 00:00;;;;;;;;;;;;;;2.3;8.5;8.3;30.6;;;;;;;;;;;;;;;;223;;
STK;13.12.2003 00:00;;;;;;;;;;;;;;3.9;15.6;14;56.2;;;;;;;;;;;;;;;;221;;
STK;14.12.2003 00:00;;;;;;;;;;;;;;8.1;23.7;29.2;85.3;;;;;;;;;;;;;;;;242;;
STK;15.12.2003 00:00;;;;;;;;;;;;;;6.6;16.6;23.8;59.8;;;;;;;;;;;;;;;;252;;
STK;16.12.2003 00:00;;;;;;;;;;;;;;3;10.5;10.8;37.8;;;;;;;;;;;;;;;;244;;
STK;17.12.2003 00:00;;;;;;;;;;;;;;;5.6;;20.2;;;;;;;;;;;;;;;;;;
STK;18.12.2003 00:00;;;;;;;;;;;;;;0.9;4.8;3.2;17.3;;;;;;;;;;;;;;;;162;;
STK;19.12.2003 00:00;;;;;;;;;;;;;;0.7;4.6;2.5;16.6;;;;;;;;;;;;;;;;0;;
STK;20.12.2003 00:00;;;;;;;;;;;;;;2.1;16.5;7.6;59.4;;;;;;;;;;;;;;;;217;;
STK;21.12.2003 00:00;;;;;;;;;;;;;;8.6;20.6;31;74.2;;;;;;;;;;;;;;;;232;;
STK;22.12.2003 00:00;;;;;;;;;;;;;;3.9;10.5;14;37.8;;;;;;;;;;;;;;;;261;;
STK;23.12.2003 00:00;;;;;;;;;;;;;;1.5;6.1;5.4;22;;;;;;;;;;;;;;;;212;;
STK;24.12.2003 00:00;;;;;;;;;;;;;;1.3;5.5;4.7;19.8;;;;;;;;;;;;;;;;67;;
STK;25.12.2003 00:00;;;;;;;;;;;;;;1.1;3.5;4;12.6;;;;;;;;;;;;;;;;171;;
STK;26.12.2003 00:00;;;;;;;;;;;;;;0.8;3.5;2.9;12.6;;;;;;;;;;;;;;;;135;;
STK;27.12.2003 00:00;;;;;;;;;;;;;;1.7;16.5;6.1;59.4;;;;;;;;;;;;;;;;217;;
STK;28.12.2003 00:00;;;;;;;;;;;;;;3.6;17;13;61.2;;;;;;;;;;;;;;;;233;;
STK;29.12.2003 00:00;;;;;;;;;;;;;;2.8;9.1;10.1;32.8;;;;;;;;;;;;;;;;63;;
STK;30.12.2003 00:00;;;;;;;;;;;;;;1.8;5.7;6.5;20.5;;;;;;;;;;;;;;;;51;;
STK;31.12.2003 00:00;;;;;;;;;;;;;;2.6;9;9.4;32.4;;;;;;;;;;;;;;;;40;;
STK;01.01.2004 00:00;;;;;;;;;;;;;;1.5;7.3;5.4;26.3;;;;;;;;;;;;;;;;42;;
STK;02.01.2004 00:00;;;;;;;;;;;;;;3.7;11.2;13.3;40.3;;;;;;;;;;;;;;;;51;;
STK;03.01.2004 00:00;;;;;;;;;;;;;;2.9;7.6;10.4;27.4;;;;;;;;;;;;;;;;25;;
STK;04.01.2004 00:00;;;;;;;;;;;;;;3.7;10;13.3;36;;;;;;;;;;;;;;;;224;;
STK;05.01.2004 00:00;;;;;;;;;;;;;;3.3;8.7;11.9;31.3;;;;;;;;;;;;;;;;230;;
STK;06.01.2004 00:00;;;;;;;;;;;;;;0.9;7;3.2;25.2;;;;;;;;;;;;;;;;225;;
STK;07.01.2004 00:00;;;;;;;;;;;;;;0.8;3.3;2.9;11.9;;;;;;;;;;;;;;;;45;;
STK;08.01.2004 00:00;;;;;;;;;;;;;;1.4;9.8;5;35.3;;;;;;;;;;;;;;;;222;;
STK;09.01.2004 00:00;;;;;;;;;;;;;;6.3;17.3;22.7;62.3;;;;;;;;;;;;;;;;232;;
STK;10.01.2004 00:00;;;;;;;;;;;;;;3.3;18.5;11.9;66.6;;;;;;;;;;;;;;;;236;;
STK;11.01.2004 00:00;;;;;;;;;;;;;;5.4;19.8;19.4;71.3;;;;;;;;;;;;;;;;229;;
STK;12.01.2004 00:00;;;;;;;;;;;;;;8.1;22.8;29.2;82.1;;;;;;;;;;;;;;;;239;;
STK;13.01.2004 00:00;;;;;;;;;;;;;;7.8;27;28.1;97.2;;;;;;;;;;;;;;;;230;;
STK;14.01.2004 00:00;;;;;;;;;;;;;;6.7;20.5;24.1;73.8;;;;;;;;;;;;;;;;238;;
STK;15.01.2004 00:00;;;;;;;;;;;;;;8;20.3;28.8;73.1;;;;;;;;;;;;;;;;237;;
STK;16.01.2004 00:00;;;;;;;;;;;;;;6.4;23.1;23;83.2;;;;;;;;;;;;;;;;228;;
STK;17.01.2004 00:00;;;;;;;;;;;;;;4.2;13.5;15.1;48.6;;;;;;;;;;;;;;;;241;;
STK;18.01.2004 00:00;;;;;;;;;;;;;;5.9;15;21.2;54;;;;;;;;;;;;;;;;50;;
STK;19.01.2004 00:00;;;;;;;;;;;;;;5;14.2;18;51.1;;;;;;;;;;;;;;;;231;;
STK;20.01.2004 00:00;;;;;;;;;;;;;;5.4;19.2;19.4;69.1;;;;;;;;;;;;;;;;232;;
STK;21.01.2004 00:00;;;;;;;;;;;;;;1.8;6.3;6.5;22.7;;;;;;;;;;;;;;;;77;;
STK;22.01.2004 00:00;;;;;;;;;;;;;;0.8;3.8;2.9;13.7;;;;;;;;;;;;;;;;68;;
STK;23.01.2004 00:00;;;;;;;;;;;;;;1.1;3.2;4;11.5;;;;;;;;;;;;;;;;45;;
STK;24.01.2004 00:00;;;;;;;;;;;;;;1.1;8;4;28.8;;;;;;;;;;;;;;;;225;;
STK;25.01.2004 00:00;;;;;;;;;;;;;;3.1;8.6;11.2;31;;;;;;;;;;;;;;;;231;;
STK;26.01.2004 00:00;;;;;;;;;;;;;;1.7;6.5;6.1;23.4;;;;;;;;;;;;;;;;58;;
STK;27.01.2004 00:00;;;;;;;;;;;;;;3.9;12.1;14;43.6;;;;;;;;;;;;;;;;239;;
STK;28.01.2004 00:00;;;;;;;;;;;;;;5.1;11;18.4;39.6;;;;;;;;;;;;;;;;233;;
STK;29.01.2004 00:00;;;;;;;;;;;;;;7;16.8;25.2;60.5;;;;;;;;;;;;;;;;229;;
STK;30.01.2004 00:00;;;;;;;;;;;;;;3.4;15.7;12.2;56.5;;;;;;;;;;;;;;;;225;;
STK;31.01.2004 00:00;;;;;;;;;;;;;;4.3;21.7;15.5;78.1;;;;;;;;;;;;;;;;223;;
STK;01.02.2004 00:00;;;;;;;;;;;;;;7.9;23.3;28.4;83.9;;;;;;;;;;;;;;;;227;;
STK;02.02.2004 00:00;;;;;;;;;;;;;;5.1;15.5;18.4;55.8;;;;;;;;;;;;;;;;229;;
STK;03.02.2004 00:00;;;;;;;;;;;;;;0.9;5;3.2;18;;;;;;;;;;;;;;;;180;;
STK;04.02.2004 00:00;;;;;;;;;;;;;;0.7;3.2;2.5;11.5;;;;;;;;;;;;;;;;207;;
STK;05.02.2004 00:00;;;;;;;;;;;;;;2.1;10;7.6;36;;;;;;;;;;;;;;;;217;;
STK;06.02.2004 00:00;;;;;;;;;;;;;;1.5;8.1;5.4;29.2;;;;;;;;;;;;;;;;225;;
STK;07.02.2004 00:00;;;;;;;;;;;;;;8.7;21.7;31.3;78.1;;;;;;;;;;;;;;;;243;;
STK;08.02.2004 00:00;;;;;;;;;;;;;;11;30.1;39.6;108.4;;;;;;;;;;;;;;;;239;;
STK;09.02.2004 00:00;;;;;;;;;;;;;;4.2;14;15.1;50.4;;;;;;;;;;;;;;;;248;;
STK;10.02.2004 00:00;;;;;;;;;;;;;;1.9;11.6;6.8;41.8;;;;;;;;;;;;;;;;225;;
STK;11.02.2004 00:00;;;;;;;;;;;;;;5;18;18;64.8;;;;;;;;;;;;;;;;227;;
STK;12.02.2004 00:00;;;;;;;;;;;;;;1.3;4.1;4.7;14.8;;;;;;;;;;;;;;;;61;;
STK;13.02.2004 00:00;;;;;;;;;;;;;;0.7;3.1;2.5;11.2;;;;;;;;;;;;;;;;63;;
STK;14.02.2004 00:00;;;;;;;;;;;;;;1.1;3.7;4;13.3;;;;;;;;;;;;;;;;53;;
STK;15.02.2004 00:00;;;;;;;;;;;;;;1.4;5.6;5;20.2;;;;;;;;;;;;;;;;66;;
STK;16.02.2004 00:00;;;;;;;;;;;;;;2.6;9.1;9.4;32.8;;;;;;;;;;;;;;;;54;;
STK;17.02.2004 00:00;;;;;;;;;;;;;;2;8.5;7.2;30.6;;;;;;;;;;;;;;;;227;;
STK;18.02.2004 00:00;;;;;;;;;;;;;;1.5;5.5;5.4;19.8;;;;;;;;;;;;;;;;38;;
STK;19.02.2004 00:00;;;;;;;;;;;;;;10.8;21.8;38.9;78.5;;;;;;;;;;;;;;;;61;;
STK;20.02.2004 00:00;;;;;;;;;;;;;;3.2;11.5;11.5;41.4;;;;;;;;;;;;;;;;56;;
STK;21.02.2004 00:00;;;;;;;;;;;;;;1.3;4.2;4.7;15.1;;;;;;;;;;;;;;;;56;;
STK;22.02.2004 00:00;;;;;;;;;;;;;;1.5;9;5.4;32.4;;;;;;;;;;;;;;;;40;;
STK;23.02.2004 00:00;;;;;;;;;;;;;;2.7;8.2;9.7;29.5;;;;;;;;;;;;;;;;31;;
STK;24.02.2004 00:00;;;;;;;;;;;;;;1.9;5.6;6.8;20.2;;;;;;;;;;;;;;;;220;;
STK;25.02.2004 00:00;;;;;;;;;;;;;;2.4;8.5;8.6;30.6;;;;;;;;;;;;;;;;231;;
STK;26.02.2004 00:00;;;;;;;;;;;;;;2.5;7.3;9;26.3;;;;;;;;;;;;;;;;256;;
STK;27.02.2004 00:00;;;;;;;;;;;;;;1.1;4.1;4;14.8;;;;;;;;;;;;;;;;230;;
STK;28.02.2004 00:00;;;;;;;;;;;;;;1.1;5.2;4;18.7;;;;;;;;;;;;;;;;211;;
STK;29.02.2004 00:00;;;;;;;;;;;;;;2.7;11.8;9.7;42.5;;;;;;;;;;;;;;;;56;;
STK;01.03.2004 00:00;;;;;;;;;;;;;;5.7;12;20.5;43.2;;;;;;;;;;;;;;;;53;;
STK;02.03.2004 00:00;;;;;;;;;;;;;;2;4.8;7.2;17.3;;;;;;;;;;;;;;;;232;;
STK;03.03.2004 00:00;;;;;;;;;;;;;;1.4;4.3;5;15.5;;;;;;;;;;;;;;;;215;;
STK;04.03.2004 00:00;;;;;;;;;;;;;;0.9;2.7;3.2;9.7;;;;;;;;;;;;;;;;104;;
STK;05.03.2004 00:00;;;;;;;;;;;;;;1.1;3.8;4;13.7;;;;;;;;;;;;;;;;60;;
STK;06.03.2004 00:00;;;;;;;;;;;;;;2.3;9.6;8.3;34.6;;;;;;;;;;;;;;;;237;;
STK;07.03.2004 00:00;;;;;;;;;;;;;;1.5;4.7;5.4;16.9;;;;;;;;;;;;;;;;225;;
STK;08.03.2004 00:00;;;;;;;;;;;;;;2.1;9.7;7.6;34.9;;;;;;;;;;;;;;;;47;;
STK;09.03.2004 00:00;;;;;;;;;;;;;;2;9.5;7.2;34.2;;;;;;;;;;;;;;;;56;;
STK;10.03.2004 00:00;;;;;;;;;;;;;;2.6;7.1;9.4;25.6;;;;;;;;;;;;;;;;45;;
STK;11.03.2004 00:00;;;;;;;;;;;;;;0.8;3.5;2.9;12.6;;;;;;;;;;;;;;;;236;;
STK;12.03.2004 00:00;;;;;;;;;;;;;;0.9;5.3;3.2;19.1;;;;;;;;;;;;;;;;117;;
STK;13.03.2004 00:00;;;;;;;;;;;;;;2.4;8.7;8.6;31.3;;;;;;;;;;;;;;;;231;;
STK;14.03.2004 00:00;;;;;;;;;;;;;;1.7;5.1;6.1;18.4;;;;;;;;;;;;;;;;232;;
STK;15.03.2004 00:00;;;;;;;;;;;;;;1.2;6.1;4.3;22;;;;;;;;;;;;;;;;239;;
STK;16.03.2004 00:00;;;;;;;;;;;;;;1;3.5;3.6;12.6;;;;;;;;;;;;;;;;76;;
STK;17.03.2004 00:00;;;;;;;;;;;;;;1;3.3;3.6;11.9;;;;;;;;;;;;;;;;76;;
STK;18.03.2004 00:00;;;;;;;;;;;;;;1.2;4.1;4.3;14.8;;;;;;;;;;;;;;;;180;;
STK;19.03.2004 00:00;;;;;;;;;;;;;;4.9;12;17.6;43.2;;;;;;;;;;;;;;;;238;;
STK;20.03.2004 00:00;;;;;;;;;;;;;;9.6;19.3;34.6;69.5;;;;;;;;;;;;;;;;235;;
STK;21.03.2004 00:00;;;;;;;;;;;;;;8.7;20.5;31.3;73.8;;;;;;;;;;;;;;;;243;;
STK;22.03.2004 00:00;;;;;;;;;;;;;;5.1;16.7;18.4;60.1;;;;;;;;;;;;;;;;233;;
STK;23.03.2004 00:00;;;;;;;;;;;;;;2;12.2;7.2;43.9;;;;;;;;;;;;;;;;48;;
STK;24.03.2004 00:00;;;;;;;;;;;;;;2.8;8.7;10.1;31.3;;;;;;;;;;;;;;;;16;;
STK;25.03.2004 00:00;;;;;;;;;;;;;;3.1;9;11.2;32.4;;;;;;;;;;;;;;;;49;;
STK;26.03.2004 00:00;;;;;;;;;;;;;;6;11.8;21.6;42.5;;;;;;;;;;;;;;;;50;;
STK;27.03.2004 00:00;;;;;;;;;;;;;;3.2;9.6;11.5;34.6;;;;;;;;;;;;;;;;63;;
STK;28.03.2004 00:00;;;;;;;;;;;;;;1.1;3.8;4;13.7;;;;;;;;;;;;;;;;90;;
STK;29.03.2004 00:00;;;;;;;;;;;;;;2.1;8;7.6;28.8;;;;;;;;;;;;;;;;65;;
STK;30.03.2004 00:00;;;;;;;;;;;;;;1.4;5.8;5;20.9;;;;;;;;;;;;;;;;61;;
STK;31.03.2004 00:00;;;;;;;;;;;;;;1.4;4.5;5;16.2;;;;;;;;;;;;;;;;90;;
STK;01.04.2004 00:00;;;;;;;;;;;;;;1.6;8.2;5.8;29.5;;;;;;;;;;;;;;;;72;;
STK;02.04.2004 00:00;;;;;;;;;;;;;;1.5;10.8;5.4;38.9;;;;;;;;;;;;;;;;225;;
STK;03.04.2004 00:00;;;;;;;;;;;;;;2.8;9.7;10.1;34.9;;;;;;;;;;;;;;;;228;;
STK;04.04.2004 00:00;;;;;;;;;;;;;;3.1;19.7;11.2;70.9;;;;;;;;;;;;;;;;242;;
STK;05.04.2004 00:00;;;;;;;;;;;;;;7.8;20.3;28.1;73.1;;;;;;;;;;;;;;;;245;;
STK;06.04.2004 00:00;;;;;;;;;;;;;;6.8;20.1;24.5;72.4;;;;;;;;;;;;;;;;235;;
STK;07.04.2004 00:00;;;;;;;;;;;;;;6.2;14.6;22.3;52.6;;;;;;;;;;;;;;;;242;;
STK;08.04.2004 00:00;;;;;;;;;;;;;;2.9;11.6;10.4;41.8;;;;;;;;;;;;;;;;243;;
STK;09.04.2004 00:00;;;;;;;;;;;;;;5.6;13.6;20.2;49;;;;;;;;;;;;;;;;52;;
STK;10.04.2004 00:00;;;;;;;;;;;;;;3.5;11.5;12.6;41.4;;;;;;;;;;;;;;;;58;;
STK;11.04.2004 00:00;;;;;;;;;;;;;;2.4;6.6;8.6;23.8;;;;;;;;;;;;;;;;67;;
STK;12.04.2004 00:00;;;;;;;;;;;;;;5.3;13.6;19.1;49;;;;;;;;;;;;;;;;56;;
STK;13.04.2004 00:00;;;;;;;;;;;;;;2.1;8;7.6;28.8;;;;;;;;;;;;;;;;58;;
STK;14.04.2004 00:00;;;;;;;;;;;;;;3;9.1;10.8;32.8;;;;;;;;;;;;;;;;48;;
STK;15.04.2004 00:00;;;;;;;;;;;;;;1.2;4.1;4.3;14.8;;;;;;;;;;;;;;;;79;;
STK;16.04.2004 00:00;;;;;;;;;;;;;;2.5;10.5;9;37.8;;;;;;;;;;;;;;;;72;;
STK;17.04.2004 00:00;;;;;;;;;;;;;;3.4;9;12.2;32.4;;;;;;;;;;;;;;;;232;;
STK;18.04.2004 00:00;;;;;;;;;;;;;;3.2;15.6;11.5;56.2;;;;;;;;;;;;;;;;238;;
STK;19.04.2004 00:00;;;;;;;;;;;;;;3.6;11.1;13;40;;;;;;;;;;;;;;;;224;;
STK;20.04.2004 00:00;;;;;;;;;;;;;;2.1;7.7;7.6;27.7;;;;;;;;;;;;;;;;198;;
STK;21.04.2004 00:00;;;;;;;;;;;;;;1;2.7;3.6;9.7;;;;;;;;;;;;;;;;72;;
STK;22.04.2004 00:00;;;;;;;;;;;;;;1.3;3.8;4.7;13.7;;;;;;;;;;;;;;;;79;;
STK;23.04.2004 00:00;;;;;;;;;;;;;;2.7;8.5;9.7;30.6;;;;;;;;;;;;;;;;343;;
STK;24.04.2004 00:00;;;;;;;;;;;;;;2.9;7.8;10.4;28.1;;;;;;;;;;;;;;;;54;;
STK;25.04.2004 00:00;;;;;;;;;;;;;;3.2;9;11.5;32.4;;;;;;;;;;;;;;;;62;;
STK;26.04.2004 00:00;;;;;;;;;;;;;;4;9.8;14.4;35.3;;;;;;;;;;;;;;;;58;;
STK;27.04.2004 00:00;;;;;;;;;;;;;;1.4;6.2;5;22.3;;;;;;;;;;;;;;;;83;;
STK;28.04.2004 00:00;;;;;;;;;;;;;;1.8;8.2;6.5;29.5;;;;;;;;;;;;;;;;76;;
STK;29.04.2004 00:00;;;;;;;;;;;;;;1.5;7;5.4;25.2;;;;;;;;;;;;;;;;104;;
STK;30.04.2004 00:00;;;;;;;;;;;;;;1.9;7.1;6.8;25.6;;;;;;;;;;;;;;;;227;;
STK;01.05.2004 00:00;;;;;;;;;;;;;;3.5;8.7;12.6;31.3;;;;;;;;;;;;;;;;231;;
STK;02.05.2004 00:00;;;;;;;;;;;;;;1.2;5.6;4.3;20.2;;;;;;;;;;;;;;;;76;;
STK;03.05.2004 00:00;;;;;;;;;;;;;;1.5;8.7;5.4;31.3;;;;;;;;;;;;;;;;63;;
STK;04.05.2004 00:00;;;;;;;;;;;;;;1.8;8.8;6.5;31.7;;;;;;;;;;;;;;;;210;;
STK;05.05.2004 00:00;;;;;;;;;;;;;;2.9;10.5;10.4;37.8;;;;;;;;;;;;;;;;219;;
STK;06.05.2004 00:00;;;;;;;;;;;;;;4.1;9.2;14.8;33.1;;;;;;;;;;;;;;;;234;;
STK;07.05.2004 00:00;;;;;;;;;;;;;;6.2;14.6;22.3;52.6;;;;;;;;;;;;;;;;233;;
STK;08.05.2004 00:00;;;;;;;;;;;;;;8.9;20.6;32;74.2;;;;;;;;;;;;;;;;231;;
STK;09.05.2004 00:00;;;;;;;;;;;;;;6.5;18.1;23.4;65.2;;;;;;;;;;;;;;;;226;;
STK;10.05.2004 00:00;;;;;;;;;;;;;;1.8;5;6.5;18;;;;;;;;;;;;;;;;207;;
STK;11.05.2004 00:00;;;;;;;;;;;;;;1.5;6.6;5.4;23.8;;;;;;;;;;;;;;;;90;;
STK;12.05.2004 00:00;;;;;;;;;;;;;;2.4;14.6;8.6;52.6;;;;;;;;;;;;;;;;43;;
STK;13.05.2004 00:00;;;;;;;;;;;;;;2.8;8.3;10.1;29.9;;;;;;;;;;;;;;;;42;;
STK;14.05.2004 00:00;;;;;;;;;;;;;;1.4;6.1;5;22;;;;;;;;;;;;;;;;63;;
STK;15.05.2004 00:00;;;;;;;;;;;;;;1.2;3.8;4.3;13.7;;;;;;;;;;;;;;;;60;;
STK;16.05.2004 00:00;;;;;;;;;;;;;;1.8;7.2;6.5;25.9;;;;;;;;;;;;;;;;79;;
STK;17.05.2004 00:00;;;;;;;;;;;;;;1.2;4.1;4.3;14.8;;;;;;;;;;;;;;;;56;;
STK;18.05.2004 00:00;;;;;;;;;;;;;;1.8;8.1;6.5;29.2;;;;;;;;;;;;;;;;228;;
STK;19.05.2004 00:00;;;;;;;;;;;;;;2;6.7;7.2;24.1;;;;;;;;;;;;;;;;230;;
STK;20.05.2004 00:00;;;;;;;;;;;;;;1.7;6.8;6.1;24.5;;;;;;;;;;;;;;;;211;;
STK;21.05.2004 00:00;;;;;;;;;;;;;;1.9;9.2;6.8;33.1;;;;;;;;;;;;;;;;236;;
STK;22.05.2004 00:00;;;;;;;;;;;;;;2.7;11.1;9.7;40;;;;;;;;;;;;;;;;47;;
STK;23.05.2004 00:00;;;;;;;;;;;;;;1.7;8.7;6.1;31.3;;;;;;;;;;;;;;;;63;;
STK;24.05.2004 00:00;;;;;;;;;;;;;;1.4;5.7;5;20.5;;;;;;;;;;;;;;;;63;;
STK;25.05.2004 00:00;;;;;;;;;;;;;;1.2;3.2;4.3;11.5;;;;;;;;;;;;;;;;90;;
STK;26.05.2004 00:00;;;;;;;;;;;;;;2.3;9.3;8.3;33.5;;;;;;;;;;;;;;;;270;;
STK;27.05.2004 00:00;;;;;;;;;;;;;;2;7.7;7.2;27.7;;;;;;;;;;;;;;;;39;;
STK;28.05.2004 00:00;;;;;;;;;;;;;;2.2;7.7;7.9;27.7;;;;;;;;;;;;;;;;52;;
STK;29.05.2004 00:00;;;;;;;;;;;;;;2.5;8.6;9;31;;;;;;;;;;;;;;;;61;;
STK;30.05.2004 00:00;;;;;;;;;;;;;;1.4;4.3;5;15.5;;;;;;;;;;;;;;;;194;;
STK;31.05.2004 00:00;;;;;;;;;;;;;;2.1;8.6;7.6;31;;;;;;;;;;;;;;;;228;;
STK;01.06.2004 00:00;;;;;;;;;;;;;;1;6;3.6;21.6;;;;;;;;;;;;;;;;233;;
STK;02.06.2004 00:00;;;;;;;;;;;;;;2.8;11;10.1;39.6;;;;;;;;;;;;;;;;235;;
STK;03.06.2004 00:00;;;;;;;;;;;;;;3.2;8.5;11.5;30.6;;;;;;;;;;;;;;;;233;;
STK;04.06.2004 00:00;;;;;;;;;;;;;;2;6.3;7.2;22.7;;;;;;;;;;;;;;;;248;;
STK;05.06.2004 00:00;;;;;;;;;;;;;;2.8;11.1;10.1;40;;;;;;;;;;;;;;;;242;;
STK;06.06.2004 00:00;;;;;;;;;;;;;;1.6;5.7;5.8;20.5;;;;;;;;;;;;;;;;67;;
STK;07.06.2004 00:00;;;;;;;;;;;;;;1.2;3.6;4.3;13;;;;;;;;;;;;;;;;90;;
STK;08.06.2004 00:00;;;;;;;;;;;;;;1.3;3.8;4.7;13.7;;;;;;;;;;;;;;;;104;;
STK;09.06.2004 00:00;;;;;;;;;;;;;;1.5;4.3;5.4;15.5;;;;;;;;;;;;;;;;229;;
STK;10.06.2004 00:00;;;;;;;;;;;;;;1.8;8.3;6.5;29.9;;;;;;;;;;;;;;;;243;;
STK;11.06.2004 00:00;;;;;;;;;;;;;;2;7.8;7.2;28.1;;;;;;;;;;;;;;;;238;;
STK;12.06.2004 00:00;;;;;;;;;;;;;;2.6;14.1;9.4;50.8;;;;;;;;;;;;;;;;274;;
STK;13.06.2004 00:00;;;;;;;;;;;;;;2;11.3;7.2;40.7;;;;;;;;;;;;;;;;25;;
STK;14.06.2004 00:00;;;;;;;;;;;;;;3.9;12.5;14;45;;;;;;;;;;;;;;;;62;;
STK;15.06.2004 00:00;;;;;;;;;;;;;;1.3;5.1;4.7;18.4;;;;;;;;;;;;;;;;216;;
STK;16.06.2004 00:00;;;;;;;;;;;;;;2.1;7.3;7.6;26.3;;;;;;;;;;;;;;;;230;;
STK;17.06.2004 00:00;;;;;;;;;;;;;;3.8;13.1;13.7;47.2;;;;;;;;;;;;;;;;237;;
STK;18.06.2004 00:00;;;;;;;;;;;;;;4.6;15.8;16.6;56.9;;;;;;;;;;;;;;;;246;;
STK;19.06.2004 00:00;;;;;;;;;;;;;;3.3;9.8;11.9;35.3;;;;;;;;;;;;;;;;238;;
STK;20.06.2004 00:00;;;;;;;;;;;;;;2.2;10.3;7.9;37.1;;;;;;;;;;;;;;;;229;;
STK;21.06.2004 00:00;;;;;;;;;;;;;;2;6.1;7.2;22;;;;;;;;;;;;;;;;238;;
STK;22.06.2004 00:00;;;;;;;;;;;;;;1.6;7.3;5.8;26.3;;;;;;;;;;;;;;;;236;;
STK;23.06.2004 00:00;;;;;;;;;;;;;;4.5;16.8;16.2;60.5;;;;;;;;;;;;;;;;237;;
STK;24.06.2004 00:00;;;;;;;;;;;;;;6.5;16;23.4;57.6;;;;;;;;;;;;;;;;248;;
STK;25.06.2004 00:00;;;;;;;;;;;;;;3.5;15.1;12.6;54.4;;;;;;;;;;;;;;;;250;;
STK;26.06.2004 00:00;;;;;;;;;;;;;;1.4;4.3;5;15.5;;;;;;;;;;;;;;;;90;;
STK;27.06.2004 00:00;;;;;;;;;;;;;;2.5;10;9;36;;;;;;;;;;;;;;;;225;;
STK;28.06.2004 00:00;;;;;;;;;;;;;;1.8;5.7;6.5;20.5;;;;;;;;;;;;;;;;243;;
STK;29.06.2004 00:00;;;;;;;;;;;;;;1.9;6.2;6.8;22.3;;;;;;;;;;;;;;;;233;;
STK;30.06.2004 00:00;;;;;;;;;;;;;;1.2;3.6;4.3;13;;;;;;;;;;;;;;;;72;;
STK;01.07.2004 00:00;;;;;;;;;;;;;;4.4;13.7;15.8;49.3;;;;;;;;;;;;;;;;242;;
STK;02.07.2004 00:00;;;;;;;;;;;;;;4.2;15;15.1;54;;;;;;;;;;;;;;;;240;;
STK;03.07.2004 00:00;;;;;;;;;;;;;;4.8;14.3;17.3;51.5;;;;;;;;;;;;;;;;250;;
STK;04.07.2004 00:00;;;;;;;;;;;;;;1.9;8.5;6.8;30.6;;;;;;;;;;;;;;;;240;;
STK;05.07.2004 00:00;;;;;;;;;;;;;;3.5;17.6;12.6;63.4;;;;;;;;;;;;;;;;235;;
STK;06.07.2004 00:00;;;;;;;;;;;;;;1.5;7;5.4;25.2;;;;;;;;;;;;;;;;60;;
STK;07.07.2004 00:00;;;;;;;;;;;;;;1.8;7.1;6.5;25.6;;;;;;;;;;;;;;;;45;;
STK;08.07.2004 00:00;;;;;;;;;;;;;;1.8;14.6;6.5;52.6;;;;;;;;;;;;;;;;247;;
STK;09.07.2004 00:00;;;;;;;;;;;;;;4.9;15;17.6;54;;;;;;;;;;;;;;;;243;;
STK;10.07.2004 00:00;;;;;;;;;;;;;;4.1;13.3;14.8;47.9;;;;;;;;;;;;;;;;238;;
STK;11.07.2004 00:00;;;;;;;;;;;;;;3.9;12.1;14;43.6;;;;;;;;;;;;;;;;236;;
STK;12.07.2004 00:00;;;;;;;;;;;;;;4.5;12.5;16.2;45;;;;;;;;;;;;;;;;233;;
STK;13.07.2004 00:00;;;;;;;;;;;;;;2.9;8.7;10.4;31.3;;;;;;;;;;;;;;;;233;;
STK;14.07.2004 00:00;;;;;;;;;;;;;;2.5;9;9;32.4;;;;;;;;;;;;;;;;239;;
STK;15.07.2004 00:00;;;;;;;;;;;;;;3;9.3;10.8;33.5;;;;;;;;;;;;;;;;234;;
STK;16.07.2004 00:00;;;;;;;;;;;;;;1.2;3.6;4.3;13;;;;;;;;;;;;;;;;72;;
STK;17.07.2004 00:00;;;;;;;;;;;;;;1.8;20.2;6.5;72.7;;;;;;;;;;;;;;;;180;;
STK;18.07.2004 00:00;;;;;;;;;;;;;;2.1;11.5;7.6;41.4;;;;;;;;;;;;;;;;221;;
STK;19.07.2004 00:00;;;;;;;;;;;;;;1.6;6.3;5.8;22.7;;;;;;;;;;;;;;;;72;;
STK;20.07.2004 00:00;;;;;;;;;;;;;;2.3;8.6;8.3;31;;;;;;;;;;;;;;;;233;;
STK;21.07.2004 00:00;;;;;;;;;;;;;;1.2;6.2;4.3;22.3;;;;;;;;;;;;;;;;225;;
STK;22.07.2004 00:00;;;;;;;;;;;;;;1.9;20.1;6.8;72.4;;;;;;;;;;;;;;;;68;;
STK;23.07.2004 00:00;;;;;;;;;;;;;;2.3;14.1;8.3;50.8;;;;;;;;;;;;;;;;225;;
STK;24.07.2004 00:00;;;;;;;;;;;;;;2;11.7;7.2;42.1;;;;;;;;;;;;;;;;227;;
STK;25.07.2004 00:00;;;;;;;;;;;;;;1.4;5.2;5;18.7;;;;;;;;;;;;;;;;254;;
STK;26.07.2004 00:00;;;;;;;;;;;;;;2.8;12.5;10.1;45;;;;;;;;;;;;;;;;243;;
STK;27.07.2004 00:00;;;;;;;;;;;;;;1.7;6.2;6.1;22.3;;;;;;;;;;;;;;;;73;;
STK;28.07.2004 00:00;;;;;;;;;;;;;;2.9;9.1;10.4;32.8;;;;;;;;;;;;;;;;70;;
STK;29.07.2004 00:00;;;;;;;;;;;;;;1.4;5;5;18;;;;;;;;;;;;;;;;82;;
STK;30.07.2004 00:00;;;;;;;;;;;;;;1.4;4.7;5;16.9;;;;;;;;;;;;;;;;180;;
STK;31.07.2004 00:00;;;;;;;;;;;;;;1.1;2.5;4;9;;;;;;;;;;;;;;;;180;;
STK;01.08.2004 00:00;;;;;;;;;;;;;;1.3;6.2;4.7;22.3;;;;;;;;;;;;;;;;117;;
STK;02.08.2004 00:00;;;;;;;;;;;;;;1.6;4.2;5.8;15.1;;;;;;;;;;;;;;;;77;;
STK;03.08.2004 00:00;;;;;;;;;;;;;;1.5;5.2;5.4;18.7;;;;;;;;;;;;;;;;90;;
STK;04.08.2004 00:00;;;;;;;;;;;;;;2.4;9;8.6;32.4;;;;;;;;;;;;;;;;180;;
STK;05.08.2004 00:00;;;;;;;;;;;;;;2;9;7.2;32.4;;;;;;;;;;;;;;;;212;;
STK;06.08.2004 00:00;;;;;;;;;;;;;;2.8;11.1;10.1;40;;;;;;;;;;;;;;;;237;;
STK;07.08.2004 00:00;;;;;;;;;;;;;;1.6;12.3;5.8;44.3;;;;;;;;;;;;;;;;236;;
STK;08.08.2004 00:00;;;;;;;;;;;;;;1.6;4.5;5.8;16.2;;;;;;;;;;;;;;;;68;;
STK;09.08.2004 00:00;;;;;;;;;;;;;;1.7;6;6.1;21.6;;;;;;;;;;;;;;;;60;;
STK;10.08.2004 00:00;;;;;;;;;;;;;;1.6;14.3;5.8;51.5;;;;;;;;;;;;;;;;225;;
STK;11.08.2004 00:00;;;;;;;;;;;;;;1.7;7.8;6.1;28.1;;;;;;;;;;;;;;;;225;;
STK;12.08.2004 00:00;;;;;;;;;;;;;;3;20.6;10.8;74.2;;;;;;;;;;;;;;;;232;;
STK;13.08.2004 00:00;;;;;;;;;;;;;;5.3;16.1;19.1;58;;;;;;;;;;;;;;;;236;;
STK;14.08.2004 00:00;;;;;;;;;;;;;;6.9;15.7;24.8;56.5;;;;;;;;;;;;;;;;237;;
STK;15.08.2004 00:00;;;;;;;;;;;;;;2;5.2;7.2;18.7;;;;;;;;;;;;;;;;180;;
STK;16.08.2004 00:00;;;;;;;;;;;;;;1.8;12.1;6.5;43.6;;;;;;;;;;;;;;;;225;;
STK;17.08.2004 00:00;;;;;;;;;;;;;;1.8;7.6;6.5;27.4;;;;;;;;;;;;;;;;243;;
STK;18.08.2004 00:00;;;;;;;;;;;;;;1.9;11.5;6.8;41.4;;;;;;;;;;;;;;;;214;;
STK;19.08.2004 00:00;;;;;;;;;;;;;;2.1;9.8;7.6;35.3;;;;;;;;;;;;;;;;243;;
STK;20.08.2004 00:00;;;;;;;;;;;;;;2.8;10;10.1;36;;;;;;;;;;;;;;;;227;;
STK;21.08.2004 00:00;;;;;;;;;;;;;;7;18.7;25.2;67.3;;;;;;;;;;;;;;;;245;;
STK;22.08.2004 00:00;;;;;;;;;;;;;;1.8;6;6.5;21.6;;;;;;;;;;;;;;;;81;;
STK;23.08.2004 00:00;;;;;;;;;;;;;;1.6;5.2;5.8;18.7;;;;;;;;;;;;;;;;90;;
STK;24.08.2004 00:00;;;;;;;;;;;;;;3.7;16.1;13.3;58;;;;;;;;;;;;;;;;239;;
STK;25.08.2004 00:00;;;;;;;;;;;;;;4.6;16.1;16.6;58;;;;;;;;;;;;;;;;243;;
STK;26.08.2004 00:00;;;;;;;;;;;;;;6.5;13.7;23.4;49.3;;;;;;;;;;;;;;;;237;;
STK;27.08.2004 00:00;;;;;;;;;;;;;;3.2;8.2;11.5;29.5;;;;;;;;;;;;;;;;233;;
STK;28.08.2004 00:00;;;;;;;;;;;;;;2.8;8.6;10.1;31;;;;;;;;;;;;;;;;241;;
STK;29.08.2004 00:00;;;;;;;;;;;;;;1.8;16.3;6.5;58.7;;;;;;;;;;;;;;;;232;;
STK;30.08.2004 00:00;;;;;;;;;;;;;;4.1;14.8;14.8;53.3;;;;;;;;;;;;;;;;236;;
STK;31.08.2004 00:00;;;;;;;;;;;;;;2.5;6.6;9;23.8;;;;;;;;;;;;;;;;257;;
STK;01.09.2004 00:00;;;;;;;;;;;;;;0.9;3.3;3.2;11.9;;;;;;;;;;;;;;;;90;;
STK;02.09.2004 00:00;;;;;;;;;;;;;;1.5;3.8;5.4;13.7;;;;;;;;;;;;;;;;83;;
STK;03.09.2004 00:00;;;;;;;;;;;;;;1.2;4.1;4.3;14.8;;;;;;;;;;;;;;;;90;;
STK;04.09.2004 00:00;;;;;;;;;;;;;;1.2;4.3;4.3;15.5;;;;;;;;;;;;;;;;68;;
STK;05.09.2004 00:00;;;;;;;;;;;;;;2.2;9.3;7.9;33.5;;;;;;;;;;;;;;;;63;;
STK;06.09.2004 00:00;;;;;;;;;;;;;;1.1;3.2;4;11.5;;;;;;;;;;;;;;;;90;;
STK;07.09.2004 00:00;;;;;;;;;;;;;;1.5;6.5;5.4;23.4;;;;;;;;;;;;;;;;83;;
STK;08.09.2004 00:00;;;;;;;;;;;;;;1.7;7.8;6.1;28.1;;;;;;;;;;;;;;;;76;;
STK;09.09.2004 00:00;;;;;;;;;;;;;;2.6;8;9.4;28.8;;;;;;;;;;;;;;;;57;;
STK;10.09.2004 00:00;;;;;;;;;;;;;;1.3;5.2;4.7;18.7;;;;;;;;;;;;;;;;90;;
STK;11.09.2004 00:00;;;;;;;;;;;;;;2.3;11.8;8.3;42.5;;;;;;;;;;;;;;;;233;;
STK;12.09.2004 00:00;;;;;;;;;;;;;;4.7;14.5;16.9;52.2;;;;;;;;;;;;;;;;235;;
STK;13.09.2004 00:00;;;;;;;;;;;;;;2.1;11.5;7.6;41.4;;;;;;;;;;;;;;;;235;;
STK;14.09.2004 00:00;;;;;;;;;;;;;;2.2;8.5;7.9;30.6;;;;;;;;;;;;;;;;229;;
STK;15.09.2004 00:00;;;;;;;;;;;;;;3.3;9.7;11.9;34.9;;;;;;;;;;;;;;;;226;;
STK;16.09.2004 00:00;;;;;;;;;;;;;;2.6;9.1;9.4;32.8;;;;;;;;;;;;;;;;56;;
STK;17.09.2004 00:00;;;;;;;;;;;;;;1.3;3.7;4.7;13.3;;;;;;;;;;;;;;;;104;;
STK;18.09.2004 00:00;;;;;;;;;;;;;;1.3;3.8;4.7;13.7;;;;;;;;;;;;;;;;216;;
STK;19.09.2004 00:00;;;;;;;;;;;;;;2.1;9.1;7.6;32.8;;;;;;;;;;;;;;;;232;;
STK;20.09.2004 00:00;;;;;;;;;;;;;;3.8;11.3;13.7;40.7;;;;;;;;;;;;;;;;237;;
STK;21.09.2004 00:00;;;;;;;;;;;;;;7.2;18.6;25.9;67;;;;;;;;;;;;;;;;240;;
STK;22.09.2004 00:00;;;;;;;;;;;;;;7.8;20.5;28.1;73.8;;;;;;;;;;;;;;;;245;;
STK;23.09.2004 00:00;;;;;;;;;;;;;;10.4;20.3;37.4;73.1;;;;;;;;;;;;;;;;238;;
STK;24.09.2004 00:00;;;;;;;;;;;;;;2.7;9.2;9.7;33.1;;;;;;;;;;;;;;;;243;;
STK;25.09.2004 00:00;;;;;;;;;;;;;;3.7;9.1;13.3;32.8;;;;;;;;;;;;;;;;242;;
STK;26.09.2004 00:00;;;;;;;;;;;;;;3.1;9.6;11.2;34.6;;;;;;;;;;;;;;;;224;;
STK;27.09.2004 00:00;;;;;;;;;;;;;;2;6.2;7.2;22.3;;;;;;;;;;;;;;;;234;;
STK;28.09.2004 00:00;;;;;;;;;;;;;;1.7;4.6;6.1;16.6;;;;;;;;;;;;;;;;228;;
STK;29.09.2004 00:00;;;;;;;;;;;;;;3.4;11.7;12.2;42.1;;;;;;;;;;;;;;;;234;;
STK;30.09.2004 00:00;;;;;;;;;;;;;;1;3.7;3.6;13.3;;;;;;;;;;;;;;;;68;;
STK;01.10.2004 00:00;;;;;;;;;;;;;;2.4;10.8;8.6;38.9;;;;;;;;;;;;;;;;231;;
STK;02.10.2004 00:00;;;;;;;;;;;;;;2.3;7;8.3;25.2;;;;;;;;;;;;;;;;234;;
STK;03.10.2004 00:00;;;;;;;;;;;;;;1.1;3.3;4;11.9;;;;;;;;;;;;;;;;104;;
STK;04.10.2004 00:00;;;;;;;;;;;;;;0.8;3.3;2.9;11.9;;;;;;;;;;;;;;;;135;;
STK;05.10.2004 00:00;;;;;;;;;;;;;;0.6;3.5;2.2;12.6;;;;;;;;;;;;;;;;135;;
STK;06.10.2004 00:00;;;;;;;;;;;;;;1.4;7.2;5;25.9;;;;;;;;;;;;;;;;225;;
STK;07.10.2004 00:00;;;;;;;;;;;;;;1.4;4.7;5;16.9;;;;;;;;;;;;;;;;27;;
STK;08.10.2004 00:00;;;;;;;;;;;;;;1.3;8.1;4.7;29.2;;;;;;;;;;;;;;;;225;;
STK;09.10.2004 00:00;;;;;;;;;;;;;;3.2;13.6;11.5;49;;;;;;;;;;;;;;;;38;;
STK;10.10.2004 00:00;;;;;;;;;;;;;;4;9.3;14.4;33.5;;;;;;;;;;;;;;;;52;;
STK;11.10.2004 00:00;;;;;;;;;;;;;;3.6;9.7;13;34.9;;;;;;;;;;;;;;;;62;;
STK;12.10.2004 00:00;;;;;;;;;;;;;;1.6;6.1;5.8;22;;;;;;;;;;;;;;;;55;;
STK;13.10.2004 00:00;;;;;;;;;;;;;;1;3.2;3.6;11.5;;;;;;;;;;;;;;;;27;;
STK;14.10.2004 00:00;;;;;;;;;;;;;;2;16.7;7.2;60.1;;;;;;;;;;;;;;;;225;;
STK;15.10.2004 00:00;;;;;;;;;;;;;;2.6;13.1;9.4;47.2;;;;;;;;;;;;;;;;235;;
STK;16.10.2004 00:00;;;;;;;;;;;;;;2.2;13.5;7.9;48.6;;;;;;;;;;;;;;;;227;;
STK;17.10.2004 00:00;;;;;;;;;;;;;;6.5;19.7;23.4;70.9;;;;;;;;;;;;;;;;228;;
STK;18.10.2004 00:00;;;;;;;;;;;;;;5.1;19.3;18.4;69.5;;;;;;;;;;;;;;;;234;;
STK;19.10.2004 00:00;;;;;;;;;;;;;;1.1;4.5;4;16.2;;;;;;;;;;;;;;;;41;;
STK;20.10.2004 00:00;;;;;;;;;;;;;;1.2;8.6;4.3;31;;;;;;;;;;;;;;;;252;;
STK;21.10.2004 00:00;;;;;;;;;;;;;;2.2;10.1;7.9;36.4;;;;;;;;;;;;;;;;229;;
STK;22.10.2004 00:00;;;;;;;;;;;;;;0.6;2.8;2.2;10.1;;;;;;;;;;;;;;;;90;;
STK;23.10.2004 00:00;;;;;;;;;;;;;;0.6;3;2.2;10.8;;;;;;;;;;;;;;;;90;;
STK;24.10.2004 00:00;;;;;;;;;;;;;;1;3.5;3.6;12.6;;;;;;;;;;;;;;;;180;;
STK;25.10.2004 00:00;;;;;;;;;;;;;;1.8;10.8;6.5;38.9;;;;;;;;;;;;;;;;233;;
STK;26.10.2004 00:00;;;;;;;;;;;;;;2.5;6.3;9;22.7;;;;;;;;;;;;;;;;25;;
STK;27.10.2004 00:00;;;;;;;;;;;;;;2.3;8.8;8.3;31.7;;;;;;;;;;;;;;;;45;;
STK;28.10.2004 00:00;;;;;;;;;;;;;;1.1;5.3;4;19.1;;;;;;;;;;;;;;;;135;;
STK;29.10.2004 00:00;;;;;;;;;;;;;;1.4;5.2;5;18.7;;;;;;;;;;;;;;;;234;;
STK;30.10.2004 00:00;;;;;;;;;;;;;;2.7;10.2;9.7;36.7;;;;;;;;;;;;;;;;227;;
STK;31.10.2004 00:00;;;;;;;;;;;;;;5.9;12.6;21.2;45.4;;;;;;;;;;;;;;;;56;;
STK;01.11.2004 00:00;;;;;;;;;;;;;;2.7;10;9.7;36;;;;;;;;;;;;;;;;47;;
STK;02.11.2004 00:00;;;;;;;;;;;;;;1.5;5.2;5.4;18.7;;;;;;;;;;;;;;;;34;;
STK;03.11.2004 00:00;;;;;;;;;;;;;;1.2;3.6;4.3;13;;;;;;;;;;;;;;;;0;;
STK;04.11.2004 00:00;;;;;;;;;;;;;;1.5;7.1;5.4;25.6;;;;;;;;;;;;;;;;231;;
STK;05.11.2004 00:00;;;;;;;;;;;;;;1.6;5.6;5.8;20.2;;;;;;;;;;;;;;;;307;;
STK;06.11.2004 00:00;;;;;;;;;;;;;;1.7;6.1;6.1;22;;;;;;;;;;;;;;;;259;;
STK;07.11.2004 00:00;;;;;;;;;;;;;;1.8;6;6.5;21.6;;;;;;;;;;;;;;;;265;;
STK;08.11.2004 00:00;;;;;;;;;;;;;;1.3;6.3;4.7;22.7;;;;;;;;;;;;;;;;166;;
STK;09.11.2004 00:00;;;;;;;;;;;;;;2.4;8.7;8.6;31.3;;;;;;;;;;;;;;;;22;;
STK;10.11.2004 00:00;;;;;;;;;;;;;;2.4;7.7;8.6;27.7;;;;;;;;;;;;;;;;248;;
STK;11.11.2004 00:00;;;;;;;;;;;;;;3.2;8.8;11.5;31.7;;;;;;;;;;;;;;;;54;;
STK;12.11.2004 00:00;;;;;;;;;;;;;;3.2;8.5;11.5;30.6;;;;;;;;;;;;;;;;266;;
STK;13.11.2004 00:00;;;;;;;;;;;;;;2.8;9.8;10.1;35.3;;;;;;;;;;;;;;;;246;;
STK;14.11.2004 00:00;;;;;;;;;;;;;;7.1;16.5;25.6;59.4;;;;;;;;;;;;;;;;56;;
STK;15.11.2004 00:00;;;;;;;;;;;;;;4;12.7;14.4;45.7;;;;;;;;;;;;;;;;56;;
STK;16.11.2004 00:00;;;;;;;;;;;;;;1.8;5.3;6.5;19.1;;;;;;;;;;;;;;;;218;;
STK;17.11.2004 00:00;;;;;;;;;;;;;;4.6;11.8;16.6;42.5;;;;;;;;;;;;;;;;240;;
STK;18.11.2004 00:00;;;;;;;;;;;;;;7.5;17.8;27;64.1;;;;;;;;;;;;;;;;227;;
STK;19.11.2004 00:00;;;;;;;;;;;;;;7.7;23.6;27.7;85;;;;;;;;;;;;;;;;248;;
STK;20.11.2004 00:00;;;;;;;;;;;;;;5;13.7;18;49.3;;;;;;;;;;;;;;;;248;;
STK;21.11.2004 00:00;;;;;;;;;;;;;;1;3.6;3.6;13;;;;;;;;;;;;;;;;117;;
STK;22.11.2004 00:00;;;;;;;;;;;;;;6.1;13.8;22;49.7;;;;;;;;;;;;;;;;235;;
STK;23.11.2004 00:00;;;;;;;;;;;;;;5.6;14.3;20.2;51.5;;;;;;;;;;;;;;;;236;;
STK;24.11.2004 00:00;;;;;;;;;;;;;;3.3;7.8;11.9;28.1;;;;;;;;;;;;;;;;50;;
STK;25.11.2004 00:00;;;;;;;;;;;;;;1.1;3.8;4;13.7;;;;;;;;;;;;;;;;360;;
STK;26.11.2004 00:00;;;;;;;;;;;;;;1.2;9.5;4.3;34.2;;;;;;;;;;;;;;;;229;;
STK;27.11.2004 00:00;;;;;;;;;;;;;;2.9;8.1;10.4;29.2;;;;;;;;;;;;;;;;231;;
STK;28.11.2004 00:00;;;;;;;;;;;;;;1.2;4.7;4.3;16.9;;;;;;;;;;;;;;;;214;;
STK;29.11.2004 00:00;;;;;;;;;;;;;;3.2;10.3;11.5;37.1;;;;;;;;;;;;;;;;48;;
STK;30.11.2004 00:00;;;;;;;;;;;;;;3.3;11;11.9;39.6;;;;;;;;;;;;;;;;57;;
STK;01.12.2004 00:00;;;;;;;;;;;;;;1.2;5.1;4.3;18.4;;;;;;;;;;;;;;;;220;;
STK;02.12.2004 00:00;;;;;;;;;;;;;;1.2;5.8;4.3;20.9;;;;;;;;;;;;;;;;225;;
STK;03.12.2004 00:00;;;;;;;;;;;;;;1.2;4.7;4.3;16.9;;;;;;;;;;;;;;;;214;;
STK;04.12.2004 00:00;;;;;;;;;;;;;;2.7;10.1;9.7;36.4;;;;;;;;;;;;;;;;57;;
STK;05.12.2004 00:00;;;;;;;;;;;;;;2.8;9.6;10.1;34.6;;;;;;;;;;;;;;;;58;;
STK;06.12.2004 00:00;;;;;;;;;;;;;;3.1;9.2;11.2;33.1;;;;;;;;;;;;;;;;60;;
STK;07.12.2004 00:00;;;;;;;;;;;;;;1.8;6.3;6.5;22.7;;;;;;;;;;;;;;;;40;;
STK;08.12.2004 00:00;;;;;;;;;;;;;;2.7;10;9.7;36;;;;;;;;;;;;;;;;69;;
STK;09.12.2004 00:00;;;;;;;;;;;;;;2.4;7.5;8.6;27;;;;;;;;;;;;;;;;60;;
STK;10.12.2004 00:00;;;;;;;;;;;;;;1;4.5;3.6;16.2;;;;;;;;;;;;;;;;22;;
STK;11.12.2004 00:00;;;;;;;;;;;;;;1.1;4.5;4;16.2;;;;;;;;;;;;;;;;14;;
STK;12.12.2004 00:00;;;;;;;;;;;;;;1.1;3.3;4;11.9;;;;;;;;;;;;;;;;304;;
STK;13.12.2004 00:00;;;;;;;;;;;;;;1.3;4.2;4.7;15.1;;;;;;;;;;;;;;;;207;;
STK;14.12.2004 00:00;;;;;;;;;;;;;;1.1;3.7;4;13.3;;;;;;;;;;;;;;;;207;;
STK;15.12.2004 00:00;;;;;;;;;;;;;;1;5.1;3.6;18.4;;;;;;;;;;;;;;;;217;;
STK;16.12.2004 00:00;;;;;;;;;;;;;;1.1;3.7;4;13.3;;;;;;;;;;;;;;;;217;;
STK;17.12.2004 00:00;;;;;;;;;;;;;;8.2;27.2;29.5;97.9;;;;;;;;;;;;;;;;230;;
STK;18.12.2004 00:00;;;;;;;;;;;;;;7.9;22.8;28.4;82.1;;;;;;;;;;;;;;;;236;;
STK;19.12.2004 00:00;;;;;;;;;;;;;;4.2;14.5;15.1;52.2;;;;;;;;;;;;;;;;59;;
STK;20.12.2004 00:00;;;;;;;;;;;;;;4.4;13.5;15.8;48.6;;;;;;;;;;;;;;;;55;;
STK;21.12.2004 00:00;;;;;;;;;;;;;;1.3;6.7;4.7;24.1;;;;;;;;;;;;;;;;270;;
STK;22.12.2004 00:00;;;;;;;;;;;;;;4.1;10.7;14.8;38.5;;;;;;;;;;;;;;;;229;;
STK;23.12.2004 00:00;;;;;;;;;;;;;;5.9;12.3;21.2;44.3;;;;;;;;;;;;;;;;231;;
STK;24.12.2004 00:00;;;;;;;;;;;;;;7;18.8;25.2;67.7;;;;;;;;;;;;;;;;227;;
STK;25.12.2004 00:00;;;;;;;;;;;;;;3.4;13.7;12.2;49.3;;;;;;;;;;;;;;;;232;;
STK;26.12.2004 00:00;;;;;;;;;;;;;;1.5;5.8;5.4;20.9;;;;;;;;;;;;;;;;346;;
STK;27.12.2004 00:00;;;;;;;;;;;;;;1.3;5;4.7;18;;;;;;;;;;;;;;;;18;;
STK;28.12.2004 00:00;;;;;;;;;;;;;;4;14.8;14.4;53.3;;;;;;;;;;;;;;;;237;;
STK;29.12.2004 00:00;;;;;;;;;;;;;;2.9;9;10.4;32.4;;;;;;;;;;;;;;;;234;;
STK;30.12.2004 00:00;;;;;;;;;;;;;;1.2;4.7;4.3;16.9;;;;;;;;;;;;;;;;229;;
STK;31.12.2004 00:00;;;;;;;;;;;;;;1.4;5.5;5;19.8;;;;;;;;;;;;;;;;215;;
STK;01.01.2005 00:00;;;;;;;;;;;;;;3.3;11;11.9;39.6;;;;;;;;;;;;;;;;230;;
STK;02.01.2005 00:00;;;;;;;;;;;;;;6;16.3;21.6;58.7;;;;;;;;;;;;;;;;239;;
STK;03.01.2005 00:00;;;;;;;;;;;;;;6.3;13.3;22.7;47.9;;;;;;;;;;;;;;;;235;;
STK;04.01.2005 00:00;;;;;;;;;;;;;;3.3;9.1;11.9;32.8;;;;;;;;;;;;;;;;233;;
STK;05.01.2005 00:00;;;;;;;;;;;;;;5.5;13.3;19.8;47.9;;;;;;;;;;;;;;;;235;;
STK;06.01.2005 00:00;;;;;;;;;;;;;;6.1;17.5;22;63;;;;;;;;;;;;;;;;239;;
STK;07.01.2005 00:00;;;;;;;;;;;;;;2.2;9.8;7.9;35.3;;;;;;;;;;;;;;;;235;;
STK;08.01.2005 00:00;;;;;;;;;;;;;;1.7;8.5;6.1;30.6;;;;;;;;;;;;;;;;225;;
STK;09.01.2005 00:00;;;;;;;;;;;;;;2.2;9.6;7.9;34.6;;;;;;;;;;;;;;;;231;;
STK;10.01.2005 00:00;;;;;;;;;;;;;;0.8;7.8;2.9;28.1;;;;;;;;;;;;;;;;225;;
STK;11.01.2005 00:00;;;;;;;;;;;;;;0.9;4.1;3.2;14.8;;;;;;;;;;;;;;;;90;;
STK;12.01.2005 00:00;;;;;;;;;;;;;;1.2;7;4.3;25.2;;;;;;;;;;;;;;;;211;;
STK;13.01.2005 00:00;;;;;;;;;;;;;;2.8;7.7;10.1;27.7;;;;;;;;;;;;;;;;226;;
STK;14.01.2005 00:00;;;;;;;;;;;;;;0.8;3.8;2.9;13.7;;;;;;;;;;;;;;;;117;;
STK;15.01.2005 00:00;;;;;;;;;;;;;;1.5;4.2;5.4;15.1;;;;;;;;;;;;;;;;207;;
STK;16.01.2005 00:00;;;;;;;;;;;;;;1.5;4.6;5.4;16.6;;;;;;;;;;;;;;;;231;;
STK;17.01.2005 00:00;;;;;;;;;;;;;;1.2;4.3;4.3;15.5;;;;;;;;;;;;;;;;203;;
STK;18.01.2005 00:00;;;;;;;;;;;;;;4;13.8;14.4;49.7;;;;;;;;;;;;;;;;242;;
STK;19.01.2005 00:00;;;;;;;;;;;;;;5.5;15.2;19.8;54.7;;;;;;;;;;;;;;;;232;;
STK;20.01.2005 00:00;;;;;;;;;;;;;;11.6;27.1;41.8;97.6;;;;;;;;;;;;;;;;231;;
STK;21.01.2005 00:00;;;;;;;;;;;;;;8.1;25;29.2;90;;;;;;;;;;;;;;;;244;;
STK;22.01.2005 00:00;;;;;;;;;;;;;;2.3;11;8.3;39.6;;;;;;;;;;;;;;;;245;;
STK;23.01.2005 00:00;;;;;;;;;;;;;;1.3;5.1;4.7;18.4;;;;;;;;;;;;;;;;34;;
STK;24.01.2005 00:00;;;;;;;;;;;;;;3.4;13;12.2;46.8;;;;;;;;;;;;;;;;315;;
STK;25.01.2005 00:00;;;;;;;;;;;;;;5.3;11.5;19.1;41.4;;;;;;;;;;;;;;;;39;;
STK;26.01.2005 00:00;;;;;;;;;;;;;;8.3;17.8;29.9;64.1;;;;;;;;;;;;;;;;53;;
STK;27.01.2005 00:00;;;;;;;;;;;;;;3.6;13.2;13;47.5;;;;;;;;;;;;;;;;55;;
STK;28.01.2005 00:00;;;;;;;;;;;;;;1.6;7.3;5.8;26.3;;;;;;;;;;;;;;;;180;;
STK;29.01.2005 00:00;;;;;;;;;;;;;;4.9;11.3;17.6;40.7;;;;;;;;;;;;;;;;48;;
STK;30.01.2005 00:00;;;;;;;;;;;;;;1.6;11;5.8;39.6;;;;;;;;;;;;;;;;56;;
STK;31.01.2005 00:00;;;;;;;;;;;;;;3.4;13.2;12.2;47.5;;;;;;;;;;;;;;;;226;;
STK;01.02.2005 00:00;;;;;;;;;;;;;;3.8;16.1;13.7;58;;;;;;;;;;;;;;;;243;;
STK;02.02.2005 00:00;;;;;;;;;;;;;;5.8;12.1;20.9;43.6;;;;;;;;;;;;;;;;236;;
STK;03.02.2005 00:00;;;;;;;;;;;;;;2.3;7.1;8.3;25.6;;;;;;;;;;;;;;;;229;;
STK;04.02.2005 00:00;;;;;;;;;;;;;;2.1;6.8;7.6;24.5;;;;;;;;;;;;;;;;60;;
STK;05.02.2005 00:00;;;;;;;;;;;;;;1;4.2;3.6;15.1;;;;;;;;;;;;;;;;45;;
STK;06.02.2005 00:00;;;;;;;;;;;;;;0.8;3.5;2.9;12.6;;;;;;;;;;;;;;;;76;;
STK;07.02.2005 00:00;;;;;;;;;;;;;;1;2.8;3.6;10.1;;;;;;;;;;;;;;;;51;;
STK;08.02.2005 00:00;;;;;;;;;;;;;;0.7;3;2.5;10.8;;;;;;;;;;;;;;;;135;;
STK;09.02.2005 00:00;;;;;;;;;;;;;;0.8;2.8;2.9;10.1;;;;;;;;;;;;;;;;180;;
STK;10.02.2005 00:00;;;;;;;;;;;;;;3.1;14.5;11.2;52.2;;;;;;;;;;;;;;;;232;;
STK;11.02.2005 00:00;;;;;;;;;;;;;;7.9;17.1;28.4;61.6;;;;;;;;;;;;;;;;227;;
STK;12.02.2005 00:00;;;;;;;;;;;;;;10;24;36;86.4;;;;;;;;;;;;;;;;233;;
STK;13.02.2005 00:00;;;;;;;;;;;;;;7.2;20.2;25.9;72.7;;;;;;;;;;;;;;;;242;;
STK;14.02.2005 00:00;;;;;;;;;;;;;;5.9;11.8;21.2;42.5;;;;;;;;;;;;;;;;238;;
STK;15.02.2005 00:00;;;;;;;;;;;;;;3.5;10;12.6;36;;;;;;;;;;;;;;;;326;;
STK;16.02.2005 00:00;;;;;;;;;;;;;;3.2;10.7;11.5;38.5;;;;;;;;;;;;;;;;33;;
STK;17.02.2005 00:00;;;;;;;;;;;;;;2.5;6.2;9;22.3;;;;;;;;;;;;;;;;45;;
STK;18.02.2005 00:00;;;;;;;;;;;;;;2.3;6.1;8.3;22;;;;;;;;;;;;;;;;53;;
STK;19.02.2005 00:00;;;;;;;;;;;;;;4.2;10;15.1;36;;;;;;;;;;;;;;;;233;;
STK;20.02.2005 00:00;;;;;;;;;;;;;;2;6.6;7.2;23.8;;;;;;;;;;;;;;;;236;;
STK;21.02.2005 00:00;;;;;;;;;;;;;;1.9;6.8;6.8;24.5;;;;;;;;;;;;;;;;19;;
STK;22.02.2005 00:00;;;;;;;;;;;;;;1.4;5.1;5;18.4;;;;;;;;;;;;;;;;354;;
STK;23.02.2005 00:00;;;;;;;;;;;;;;2;7.8;7.2;28.1;;;;;;;;;;;;;;;;227;;
STK;24.02.2005 00:00;;;;;;;;;;;;;;1.2;4.6;4.3;16.6;;;;;;;;;;;;;;;;27;;
STK;25.02.2005 00:00;;;;;;;;;;;;;;1.6;7.8;5.8;28.1;;;;;;;;;;;;;;;;42;;
STK;26.02.2005 00:00;;;;;;;;;;;;;;1.9;6.6;6.8;23.8;;;;;;;;;;;;;;;;55;;
STK;27.02.2005 00:00;;;;;;;;;;;;;;5.5;14.7;19.8;52.9;;;;;;;;;;;;;;;;52;;
STK;28.02.2005 00:00;;;;;;;;;;;;;;5.9;13;21.2;46.8;;;;;;;;;;;;;;;;56;;
STK;01.03.2005 00:00;;;;;;;;;;;;;;1.3;4.6;4.7;16.6;;;;;;;;;;;;;;;;212;;
STK;02.03.2005 00:00;;;;;;;;;;;;;;1.4;4.5;5;16.2;;;;;;;;;;;;;;;;189;;
STK;03.03.2005 00:00;;;;;;;;;;;;;;0.8;2.7;2.9;9.7;;;;;;;;;;;;;;;;90;;
STK;04.03.2005 00:00;;;;;;;;;;;;;;1.4;8.2;5;29.5;;;;;;;;;;;;;;;;221;;
STK;05.03.2005 00:00;;;;;;;;;;;;;;3;8.3;10.8;29.9;;;;;;;;;;;;;;;;229;;
STK;06.03.2005 00:00;;;;;;;;;;;;;;3.3;10.8;11.9;38.9;;;;;;;;;;;;;;;;34;;
STK;07.03.2005 00:00;;;;;;;;;;;;;;3.6;9.6;13;34.6;;;;;;;;;;;;;;;;226;;
STK;08.03.2005 00:00;;;;;;;;;;;;;;5.9;11.2;21.2;40.3;;;;;;;;;;;;;;;;233;;
STK;09.03.2005 00:00;;;;;;;;;;;;;;5.7;11.6;20.5;41.8;;;;;;;;;;;;;;;;240;;
STK;10.03.2005 00:00;;;;;;;;;;;;;;1.5;5.1;5.4;18.4;;;;;;;;;;;;;;;;180;;
STK;11.03.2005 00:00;;;;;;;;;;;;;;6.7;18.5;24.1;66.6;;;;;;;;;;;;;;;;241;;
STK;12.03.2005 00:00;;;;;;;;;;;;;;9.5;21.7;34.2;78.1;;;;;;;;;;;;;;;;236;;
STK;13.03.2005 00:00;;;;;;;;;;;;;;2;6.8;7.2;24.5;;;;;;;;;;;;;;;;225;;
STK;14.03.2005 00:00;;;;;;;;;;;;;;1.4;6.1;5;22;;;;;;;;;;;;;;;;229;;
STK;15.03.2005 00:00;;;;;;;;;;;;;;1.8;8.6;6.5;31;;;;;;;;;;;;;;;;240;;
STK;16.03.2005 00:00;;;;;;;;;;;;;;1;5.2;3.6;18.7;;;;;;;;;;;;;;;;180;;
STK;17.03.2005 00:00;;;;;;;;;;;;;;3.6;13.7;13;49.3;;;;;;;;;;;;;;;;236;;
STK;18.03.2005 00:00;;;;;;;;;;;;;;1.7;5.6;6.1;20.2;;;;;;;;;;;;;;;;229;;
STK;19.03.2005 00:00;;;;;;;;;;;;;;1.7;8.5;6.1;30.6;;;;;;;;;;;;;;;;66;;
STK;20.03.2005 00:00;;;;;;;;;;;;;;2.5;7;9;25.2;;;;;;;;;;;;;;;;58;;
STK;21.03.2005 00:00;;;;;;;;;;;;;;1.8;5.3;6.5;19.1;;;;;;;;;;;;;;;;50;;
STK;22.03.2005 00:00;;;;;;;;;;;;;;1.7;10;6.1;36;;;;;;;;;;;;;;;;225;;
STK;23.03.2005 00:00;;;;;;;;;;;;;;2;7.1;7.2;25.6;;;;;;;;;;;;;;;;67;;
STK;24.03.2005 00:00;;;;;;;;;;;;;;1.5;7.3;5.4;26.3;;;;;;;;;;;;;;;;90;;
STK;25.03.2005 00:00;;;;;;;;;;;;;;2.4;7;8.6;25.2;;;;;;;;;;;;;;;;225;;
STK;26.03.2005 00:00;;;;;;;;;;;;;;1.4;6.6;5;23.8;;;;;;;;;;;;;;;;60;;
STK;27.03.2005 00:00;;;;;;;;;;;;;;1.9;7.2;6.8;25.9;;;;;;;;;;;;;;;;230;;
STK;28.03.2005 00:00;;;;;;;;;;;;;;1.2;6.3;4.3;22.7;;;;;;;;;;;;;;;;243;;
STK;29.03.2005 00:00;;;;;;;;;;;;;;1.4;11;5;39.6;;;;;;;;;;;;;;;;45;;
STK;30.03.2005 00:00;;;;;;;;;;;;;;2.8;10.3;10.1;37.1;;;;;;;;;;;;;;;;237;;
STK;31.03.2005 00:00;;;;;;;;;;;;;;1;3.8;3.6;13.7;;;;;;;;;;;;;;;;243;;
STK;01.04.2005 00:00;;;;;;;;;;;;;;2.1;8.5;7.6;30.6;;;;;;;;;;;;;;;;63;;
STK;02.04.2005 00:00;;;;;;;;;;;;;;1.1;3.5;4;12.6;;;;;;;;;;;;;;;;72;;
STK;03.04.2005 00:00;;;;;;;;;;;;;;1.3;3.6;4.7;13;;;;;;;;;;;;;;;;124;;
STK;04.04.2005 00:00;;;;;;;;;;;;;;1.4;4;5;14.4;;;;;;;;;;;;;;;;135;;
STK;05.04.2005 00:00;;;;;;;;;;;;;;2.6;10.2;9.4;36.7;;;;;;;;;;;;;;;;245;;
STK;06.04.2005 00:00;;;;;;;;;;;;;;3.1;14.2;11.2;51.1;;;;;;;;;;;;;;;;234;;
STK;07.04.2005 00:00;;;;;;;;;;;;;;4.6;16.6;16.6;59.8;;;;;;;;;;;;;;;;228;;
STK;08.04.2005 00:00;;;;;;;;;;;;;;4.1;10.3;14.8;37.1;;;;;;;;;;;;;;;;231;;
STK;09.04.2005 00:00;;;;;;;;;;;;;;2.9;12.1;10.4;43.6;;;;;;;;;;;;;;;;11;;
STK;10.04.2005 00:00;;;;;;;;;;;;;;1.7;7.6;6.1;27.4;;;;;;;;;;;;;;;;63;;
STK;11.04.2005 00:00;;;;;;;;;;;;;;8.5;16.5;30.6;59.4;;;;;;;;;;;;;;;;52;;
STK;12.04.2005 00:00;;;;;;;;;;;;;;2.9;8.7;10.4;31.3;;;;;;;;;;;;;;;;69;;
STK;13.04.2005 00:00;;;;;;;;;;;;;;1.3;3;4.7;10.8;;;;;;;;;;;;;;;;229;;
STK;14.04.2005 00:00;;;;;;;;;;;;;;1.2;4.7;4.3;16.9;;;;;;;;;;;;;;;;135;;
STK;15.04.2005 00:00;;;;;;;;;;;;;;2.2;10.8;7.9;38.9;;;;;;;;;;;;;;;;229;;
STK;16.04.2005 00:00;;;;;;;;;;;;;;4.3;19;15.5;68.4;;;;;;;;;;;;;;;;252;;
STK;17.04.2005 00:00;;;;;;;;;;;;;;6.4;15;23;54;;;;;;;;;;;;;;;;239;;
STK;18.04.2005 00:00;;;;;;;;;;;;;;2.6;12.7;9.4;45.7;;;;;;;;;;;;;;;;229;;
STK;19.04.2005 00:00;;;;;;;;;;;;;;3.2;9.7;11.5;34.9;;;;;;;;;;;;;;;;235;;
STK;20.04.2005 00:00;;;;;;;;;;;;;;4;11.3;14.4;40.7;;;;;;;;;;;;;;;;242;;
STK;21.04.2005 00:00;;;;;;;;;;;;;;2;7.2;7.2;25.9;;;;;;;;;;;;;;;;62;;
STK;22.04.2005 00:00;;;;;;;;;;;;;;1.4;5.5;5;19.8;;;;;;;;;;;;;;;;60;;
STK;23.04.2005 00:00;;;;;;;;;;;;;;1.5;8.5;5.4;30.6;;;;;;;;;;;;;;;;225;;
STK;24.04.2005 00:00;;;;;;;;;;;;;;1.3;5.2;4.7;18.7;;;;;;;;;;;;;;;;56;;
STK;25.04.2005 00:00;;;;;;;;;;;;;;5.4;16.2;19.4;58.3;;;;;;;;;;;;;;;;233;;
STK;26.04.2005 00:00;;;;;;;;;;;;;;3.2;9.8;11.5;35.3;;;;;;;;;;;;;;;;241;;
STK;27.04.2005 00:00;;;;;;;;;;;;;;2.5;9.6;9;34.6;;;;;;;;;;;;;;;;227;;
STK;28.04.2005 00:00;;;;;;;;;;;;;;1.2;4;4.3;14.4;;;;;;;;;;;;;;;;63;;
STK;29.04.2005 00:00;;;;;;;;;;;;;;1.8;7.8;6.5;28.1;;;;;;;;;;;;;;;;68;;
STK;30.04.2005 00:00;;;;;;;;;;;;;;1.2;4.1;4.3;14.8;;;;;;;;;;;;;;;;67;;
STK;01.05.2005 00:00;;;;;;;;;;;;;;1.2;4.2;4.3;15.1;;;;;;;;;;;;;;;;90;;
STK;02.05.2005 00:00;;;;;;;;;;;;;;2.1;12.1;7.6;43.6;;;;;;;;;;;;;;;;230;;
STK;03.05.2005 00:00;;;;;;;;;;;;;;2.2;22.1;7.9;79.6;;;;;;;;;;;;;;;;229;;
STK;04.05.2005 00:00;;;;;;;;;;;;;;3.8;13.5;13.7;48.6;;;;;;;;;;;;;;;;237;;
STK;05.05.2005 00:00;;;;;;;;;;;;;;2.7;7.3;9.7;26.3;;;;;;;;;;;;;;;;235;;
STK;06.05.2005 00:00;;;;;;;;;;;;;;5.5;14;19.8;50.4;;;;;;;;;;;;;;;;233;;
STK;07.05.2005 00:00;;;;;;;;;;;;;;6.6;18.1;23.8;65.2;;;;;;;;;;;;;;;;236;;
STK;08.05.2005 00:00;;;;;;;;;;;;;;3.8;10.8;13.7;38.9;;;;;;;;;;;;;;;;254;;
STK;09.05.2005 00:00;;;;;;;;;;;;;;2.2;9.2;7.9;33.1;;;;;;;;;;;;;;;;270;;
STK;10.05.2005 00:00;;;;;;;;;;;;;;1.4;9.3;5;33.5;;;;;;;;;;;;;;;;56;;
STK;11.05.2005 00:00;;;;;;;;;;;;;;2.3;6.5;8.3;23.4;;;;;;;;;;;;;;;;62;;
STK;12.05.2005 00:00;;;;;;;;;;;;;;4.2;8.8;15.1;31.7;;;;;;;;;;;;;;;;62;;
STK;13.05.2005 00:00;;;;;;;;;;;;;;1.4;3.5;5;12.6;;;;;;;;;;;;;;;;72;;
STK;14.05.2005 00:00;;;;;;;;;;;;;;3.7;12.6;13.3;45.4;;;;;;;;;;;;;;;;236;;
STK;15.05.2005 00:00;;;;;;;;;;;;;;3.7;12;13.3;43.2;;;;;;;;;;;;;;;;242;;
STK;16.05.2005 00:00;;;;;;;;;;;;;;1.7;7.8;6.1;28.1;;;;;;;;;;;;;;;;233;;
STK;17.05.2005 00:00;;;;;;;;;;;;;;2.2;8.1;7.9;29.2;;;;;;;;;;;;;;;;56;;
STK;18.05.2005 00:00;;;;;;;;;;;;;;3.3;9.7;11.9;34.9;;;;;;;;;;;;;;;;34;;
STK;19.05.2005 00:00;;;;;;;;;;;;;;1.4;4.2;5;15.1;;;;;;;;;;;;;;;;60;;
STK;20.05.2005 00:00;;;;;;;;;;;;;;1.5;6.7;5.4;24.1;;;;;;;;;;;;;;;;83;;
STK;21.05.2005 00:00;;;;;;;;;;;;;;2;13.3;7.2;47.9;;;;;;;;;;;;;;;;225;;
STK;22.05.2005 00:00;;;;;;;;;;;;;;1.9;9.1;6.8;32.8;;;;;;;;;;;;;;;;243;;
STK;23.05.2005 00:00;;;;;;;;;;;;;;2.6;7.1;9.4;25.6;;;;;;;;;;;;;;;;228;;
STK;24.05.2005 00:00;;;;;;;;;;;;;;1.2;3.7;4.3;13.3;;;;;;;;;;;;;;;;81;;
STK;25.05.2005 00:00;;;;;;;;;;;;;;1.4;5;5;18;;;;;;;;;;;;;;;;53;;
STK;26.05.2005 00:00;;;;;;;;;;;;;;1.3;3.3;4.7;11.9;;;;;;;;;;;;;;;;79;;
STK;27.05.2005 00:00;;;;;;;;;;;;;;0.9;2.2;3.2;7.9;;;;;;;;;;;;;;;;90;;
STK;28.05.2005 00:00;;;;;;;;;;;;;;1.5;5.1;5.4;18.4;;;;;;;;;;;;;;;;231;;
STK;29.05.2005 00:00;;;;;;;;;;;;;;1.5;4.6;5.4;16.6;;;;;;;;;;;;;;;;90;;
STK;30.05.2005 00:00;;;;;;;;;;;;;;4.2;12.6;15.1;45.4;;;;;;;;;;;;;;;;243;;
STK;31.05.2005 00:00;;;;;;;;;;;;;;1.7;4.1;6.1;14.8;;;;;;;;;;;;;;;;42;;
STK;01.06.2005 00:00;;;;;;;;;;;;;;1.2;5.1;4.3;18.4;;;;;;;;;;;;;;;;69;;
STK;02.06.2005 00:00;;;;;;;;;;;;;;1.4;3.7;5;13.3;;;;;;;;;;;;;;;;83;;
STK;03.06.2005 00:00;;;;;;;;;;;;;;2.2;13.1;7.9;47.2;;;;;;;;;;;;;;;;228;;
STK;04.06.2005 00:00;;;;;;;;;;;;;;4.5;15;16.2;54;;;;;;;;;;;;;;;;233;;
STK;05.06.2005 00:00;;;;;;;;;;;;;;3.9;12;14;43.2;;;;;;;;;;;;;;;;243;;
STK;06.06.2005 00:00;;;;;;;;;;;;;;1.4;7.5;5;27;;;;;;;;;;;;;;;;225;;
STK;07.06.2005 00:00;;;;;;;;;;;;;;3.2;12.6;11.5;45.4;;;;;;;;;;;;;;;;25;;
STK;08.06.2005 00:00;;;;;;;;;;;;;;2.7;9.2;9.7;33.1;;;;;;;;;;;;;;;;63;;
STK;09.06.2005 00:00;;;;;;;;;;;;;;3.8;12.6;13.7;45.4;;;;;;;;;;;;;;;;58;;
STK;10.06.2005 00:00;;;;;;;;;;;;;;1.4;4.6;5;16.6;;;;;;;;;;;;;;;;81;;
STK;11.06.2005 00:00;;;;;;;;;;;;;;2.4;9.7;8.6;34.9;;;;;;;;;;;;;;;;288;;
STK;12.06.2005 00:00;;;;;;;;;;;;;;2.4;10.1;8.6;36.4;;;;;;;;;;;;;;;;281;;
STK;13.06.2005 00:00;;;;;;;;;;;;;;2.8;16.7;10.1;60.1;;;;;;;;;;;;;;;;239;;
STK;14.06.2005 00:00;;;;;;;;;;;;;;1.6;11;5.8;39.6;;;;;;;;;;;;;;;;220;;
STK;15.06.2005 00:00;;;;;;;;;;;;;;1.6;5.5;5.8;19.8;;;;;;;;;;;;;;;;236;;
STK;16.06.2005 00:00;;;;;;;;;;;;;;1.6;4.3;5.8;15.5;;;;;;;;;;;;;;;;219;;
STK;17.06.2005 00:00;;;;;;;;;;;;;;1.4;4.3;5;15.5;;;;;;;;;;;;;;;;90;;
STK;18.06.2005 00:00;;;;;;;;;;;;;;2.5;7.8;9;28.1;;;;;;;;;;;;;;;;54;;
STK;19.06.2005 00:00;;;;;;;;;;;;;;2.9;8.8;10.4;31.7;;;;;;;;;;;;;;;;58;;
STK;20.06.2005 00:00;;;;;;;;;;;;;;1.5;5.2;5.4;18.7;;;;;;;;;;;;;;;;76;;
STK;21.06.2005 00:00;;;;;;;;;;;;;;1.2;2.7;4.3;9.7;;;;;;;;;;;;;;;;135;;
STK;22.06.2005 00:00;;;;;;;;;;;;;;1.1;7.8;4;28.1;;;;;;;;;;;;;;;;81;;
STK;23.06.2005 00:00;;;;;;;;;;;;;;1.1;3.6;4;13;;;;;;;;;;;;;;;;90;;
STK;24.06.2005 00:00;;;;;;;;;;;;;;2.2;18.2;7.9;65.5;;;;;;;;;;;;;;;;236;;
STK;25.06.2005 00:00;;;;;;;;;;;;;;3.2;14.2;11.5;51.1;;;;;;;;;;;;;;;;232;;
STK;26.06.2005 00:00;;;;;;;;;;;;;;1.6;5.7;5.8;20.5;;;;;;;;;;;;;;;;67;;
STK;27.06.2005 00:00;;;;;;;;;;;;;;1.2;4.1;4.3;14.8;;;;;;;;;;;;;;;;81;;
STK;28.06.2005 00:00;;;;;;;;;;;;;;1.7;11.8;6.1;42.5;;;;;;;;;;;;;;;;73;;
STK;29.06.2005 00:00;;;;;;;;;;;;;;3.3;22.6;11.9;81.4;;;;;;;;;;;;;;;;242;;
STK;30.06.2005 00:00;;;;;;;;;;;;;;3.8;12.7;13.7;45.7;;;;;;;;;;;;;;;;236;;
STK;01.07.2005 00:00;;;;;;;;;;;;;;5.4;16.2;19.4;58.3;;;;;;;;;;;;;;;;243;;
STK;02.07.2005 00:00;;;;;;;;;;;;;;2.7;9.6;9.7;34.6;;;;;;;;;;;;;;;;230;;
STK;03.07.2005 00:00;;;;;;;;;;;;;;1.5;5;5.4;18;;;;;;;;;;;;;;;;63;;
STK;04.07.2005 00:00;;;;;;;;;;;;;;2.8;23.5;10.1;84.6;;;;;;;;;;;;;;;;235;;
STK;05.07.2005 00:00;;;;;;;;;;;;;;2.1;15.6;7.6;56.2;;;;;;;;;;;;;;;;233;;
STK;06.07.2005 00:00;;;;;;;;;;;;;;3.6;12.7;13;45.7;;;;;;;;;;;;;;;;228;;
STK;07.07.2005 00:00;;;;;;;;;;;;;;4;14.6;14.4;52.6;;;;;;;;;;;;;;;;229;;
STK;08.07.2005 00:00;;;;;;;;;;;;;;3.4;12.1;12.2;43.6;;;;;;;;;;;;;;;;229;;
STK;09.07.2005 00:00;;;;;;;;;;;;;;1.9;8.2;6.8;29.5;;;;;;;;;;;;;;;;63;;
STK;10.07.2005 00:00;;;;;;;;;;;;;;1.5;8.2;5.4;29.5;;;;;;;;;;;;;;;;74;;
STK;11.07.2005 00:00;;;;;;;;;;;;;;1.4;6;5;21.6;;;;;;;;;;;;;;;;236;;
STK;12.07.2005 00:00;;;;;;;;;;;;;;2.4;12.6;8.6;45.4;;;;;;;;;;;;;;;;58;;
STK;13.07.2005 00:00;;;;;;;;;;;;;;2.4;10.6;8.6;38.2;;;;;;;;;;;;;;;;66;;
STK;14.07.2005 00:00;;;;;;;;;;;;;;1.3;3.8;4.7;13.7;;;;;;;;;;;;;;;;45;;
STK;15.07.2005 00:00;;;;;;;;;;;;;;2.4;10;8.6;36;;;;;;;;;;;;;;;;237;;
STK;16.07.2005 00:00;;;;;;;;;;;;;;1.6;10.1;5.8;36.4;;;;;;;;;;;;;;;;232;;
STK;17.07.2005 00:00;;;;;;;;;;;;;;1.7;6;6.1;21.6;;;;;;;;;;;;;;;;231;;
STK;18.07.2005 00:00;;;;;;;;;;;;;;2.4;25.6;8.6;92.2;;;;;;;;;;;;;;;;225;;
STK;19.07.2005 00:00;;;;;;;;;;;;;;6.1;17.6;22;63.4;;;;;;;;;;;;;;;;240;;
STK;20.07.2005 00:00;;;;;;;;;;;;;;6.3;16;22.7;57.6;;;;;;;;;;;;;;;;247;;
STK;21.07.2005 00:00;;;;;;;;;;;;;;4.6;15.2;16.6;54.7;;;;;;;;;;;;;;;;238;;
STK;22.07.2005 00:00;;;;;;;;;;;;;;2.3;8.2;8.3;29.5;;;;;;;;;;;;;;;;262;;
STK;23.07.2005 00:00;;;;;;;;;;;;;;2.9;11.5;10.4;41.4;;;;;;;;;;;;;;;;236;;
STK;24.07.2005 00:00;;;;;;;;;;;;;;1.2;5.5;4.3;19.8;;;;;;;;;;;;;;;;90;;
STK;25.07.2005 00:00;;;;;;;;;;;;;;1.8;5.5;6.5;19.8;;;;;;;;;;;;;;;;216;;
STK;26.07.2005 00:00;;;;;;;;;;;;;;1.3;4.8;4.7;17.3;;;;;;;;;;;;;;;;225;;
STK;27.07.2005 00:00;;;;;;;;;;;;;;1.3;4.6;4.7;16.6;;;;;;;;;;;;;;;;82;;
STK;28.07.2005 00:00;;;;;;;;;;;;;;1.1;6.8;4;24.5;;;;;;;;;;;;;;;;90;;
STK;29.07.2005 00:00;;;;;;;;;;;;;;2.4;23.2;8.6;83.5;;;;;;;;;;;;;;;;234;;
STK;30.07.2005 00:00;;;;;;;;;;;;;;2.7;8.7;9.7;31.3;;;;;;;;;;;;;;;;225;;
STK;31.07.2005 00:00;;;;;;;;;;;;;;2.3;8.2;8.3;29.5;;;;;;;;;;;;;;;;227;;
STK;01.08.2005 00:00;;;;;;;;;;;;;;1.3;5;4.7;18;;;;;;;;;;;;;;;;54;;
STK;02.08.2005 00:00;;;;;;;;;;;;;;2.1;6.5;7.6;23.4;;;;;;;;;;;;;;;;4;;
STK;03.08.2005 00:00;;;;;;;;;;;;;;2.7;7.7;9.7;27.7;;;;;;;;;;;;;;;;227;;
STK;04.08.2005 00:00;;;;;;;;;;;;;;1.4;4.3;5;15.5;;;;;;;;;;;;;;;;90;;
STK;05.08.2005 00:00;;;;;;;;;;;;;;2.7;12.6;9.7;45.4;;;;;;;;;;;;;;;;234;;
STK;06.08.2005 00:00;;;;;;;;;;;;;;3.1;11;11.2;39.6;;;;;;;;;;;;;;;;247;;
STK;07.08.2005 00:00;;;;;;;;;;;;;;2.6;11;9.4;39.6;;;;;;;;;;;;;;;;259;;
STK;08.08.2005 00:00;;;;;;;;;;;;;;2.1;9.2;7.6;33.1;;;;;;;;;;;;;;;;225;;
STK;09.08.2005 00:00;;;;;;;;;;;;;;1.6;6;5.8;21.6;;;;;;;;;;;;;;;;212;;
STK;10.08.2005 00:00;;;;;;;;;;;;;;1.9;7.7;6.8;27.7;;;;;;;;;;;;;;;;234;;
STK;11.08.2005 00:00;;;;;;;;;;;;;;1.8;8.7;6.5;31.3;;;;;;;;;;;;;;;;76;;
STK;12.08.2005 00:00;;;;;;;;;;;;;;2.2;8.2;7.9;29.5;;;;;;;;;;;;;;;;235;;
STK;13.08.2005 00:00;;;;;;;;;;;;;;2.1;7.8;7.6;28.1;;;;;;;;;;;;;;;;223;;
STK;14.08.2005 00:00;;;;;;;;;;;;;;4;15.8;14.4;56.9;;;;;;;;;;;;;;;;236;;
STK;15.08.2005 00:00;;;;;;;;;;;;;;4.1;9.8;14.8;35.3;;;;;;;;;;;;;;;;233;;
STK;16.08.2005 00:00;;;;;;;;;;;;;;3.4;8.7;12.2;31.3;;;;;;;;;;;;;;;;72;;
STK;17.08.2005 00:00;;;;;;;;;;;;;;3.7;9.1;13.3;32.8;;;;;;;;;;;;;;;;66;;
STK;18.08.2005 00:00;;;;;;;;;;;;;;1.4;5.2;5;18.7;;;;;;;;;;;;;;;;135;;
STK;19.08.2005 00:00;;;;;;;;;;;;;;2.8;15.1;10.1;54.4;;;;;;;;;;;;;;;;238;;
STK;20.08.2005 00:00;;;;;;;;;;;;;;1.9;8.2;6.8;29.5;;;;;;;;;;;;;;;;18;;
STK;21.08.2005 00:00;;;;;;;;;;;;;;2.4;8.5;8.6;30.6;;;;;;;;;;;;;;;;19;;
STK;22.08.2005 00:00;;;;;;;;;;;;;;3;7.6;10.8;27.4;;;;;;;;;;;;;;;;287;;
STK;23.08.2005 00:00;;;;;;;;;;;;;;3.4;9.2;12.2;33.1;;;;;;;;;;;;;;;;233;;
STK;24.08.2005 00:00;;;;;;;;;;;;;;1.4;4.8;5;17.3;;;;;;;;;;;;;;;;234;;
STK;25.08.2005 00:00;;;;;;;;;;;;;;3.5;12.1;12.6;43.6;;;;;;;;;;;;;;;;233;;
STK;26.08.2005 00:00;;;;;;;;;;;;;;2.9;9.6;10.4;34.6;;;;;;;;;;;;;;;;239;;
STK;27.08.2005 00:00;;;;;;;;;;;;;;1;3.1;3.6;11.2;;;;;;;;;;;;;;;;76;;
STK;28.08.2005 00:00;;;;;;;;;;;;;;1.5;5.3;5.4;19.1;;;;;;;;;;;;;;;;55;;
STK;29.08.2005 00:00;;;;;;;;;;;;;;1.1;3.7;4;13.3;;;;;;;;;;;;;;;;0;;
STK;30.08.2005 00:00;;;;;;;;;;;;;;1.1;3.6;4;13;;;;;;;;;;;;;;;;68;;
STK;31.08.2005 00:00;;;;;;;;;;;;;;1.4;4.1;5;14.8;;;;;;;;;;;;;;;;82;;
STK;01.09.2005 00:00;;;;;;;;;;;;;;1.8;10.1;6.5;36.4;;;;;;;;;;;;;;;;230;;
STK;02.09.2005 00:00;;;;;;;;;;;;;;1.1;6;4;21.6;;;;;;;;;;;;;;;;56;;
STK;03.09.2005 00:00;;;;;;;;;;;;;;1.8;7;6.5;25.2;;;;;;;;;;;;;;;;63;;
STK;04.09.2005 00:00;;;;;;;;;;;;;;1.2;4.8;4.3;17.3;;;;;;;;;;;;;;;;54;;
STK;05.09.2005 00:00;;;;;;;;;;;;;;1.3;4.2;4.7;15.1;;;;;;;;;;;;;;;;99;;
STK;06.09.2005 00:00;;;;;;;;;;;;;;1.4;4;5;14.4;;;;;;;;;;;;;;;;90;;
STK;07.09.2005 00:00;;;;;;;;;;;;;;1.6;4.2;5.8;15.1;;;;;;;;;;;;;;;;210;;
STK;08.09.2005 00:00;;;;;;;;;;;;;;1.4;4.8;5;17.3;;;;;;;;;;;;;;;;108;;
STK;09.09.2005 00:00;;;;;;;;;;;;;;2.7;9;9.7;32.4;;;;;;;;;;;;;;;;234;;
STK;10.09.2005 00:00;;;;;;;;;;;;;;2;7.7;7.2;27.7;;;;;;;;;;;;;;;;219;;
STK;11.09.2005 00:00;;;;;;;;;;;;;;2.6;7.6;9.4;27.4;;;;;;;;;;;;;;;;229;;
STK;12.09.2005 00:00;;;;;;;;;;;;;;3;9;10.8;32.4;;;;;;;;;;;;;;;;234;;
STK;13.09.2005 00:00;;;;;;;;;;;;;;2;6.5;7.2;23.4;;;;;;;;;;;;;;;;30;;
STK;14.09.2005 00:00;;;;;;;;;;;;;;1.5;4.8;5.4;17.3;;;;;;;;;;;;;;;;232;;
STK;15.09.2005 00:00;;;;;;;;;;;;;;2.8;8.2;10.1;29.5;;;;;;;;;;;;;;;;234;;
STK;16.09.2005 00:00;;;;;;;;;;;;;;5;14.6;18;52.6;;;;;;;;;;;;;;;;246;;
STK;17.09.2005 00:00;;;;;;;;;;;;;;4.5;12;16.2;43.2;;;;;;;;;;;;;;;;49;;
STK;18.09.2005 00:00;;;;;;;;;;;;;;9.3;18.7;33.5;67.3;;;;;;;;;;;;;;;;57;;
STK;19.09.2005 00:00;;;;;;;;;;;;;;3.8;11.5;13.7;41.4;;;;;;;;;;;;;;;;65;;
STK;20.09.2005 00:00;;;;;;;;;;;;;;1;3.5;3.6;12.6;;;;;;;;;;;;;;;;99;;
STK;21.09.2005 00:00;;;;;;;;;;;;;;2.6;9.7;9.4;34.9;;;;;;;;;;;;;;;;66;;
STK;22.09.2005 00:00;;;;;;;;;;;;;;1.1;3.7;4;13.3;;;;;;;;;;;;;;;;127;;
STK;23.09.2005 00:00;;;;;;;;;;;;;;1.2;3;4.3;10.8;;;;;;;;;;;;;;;;214;;
STK;24.09.2005 00:00;;;;;;;;;;;;;;1.1;2.7;4;9.7;;;;;;;;;;;;;;;;124;;
STK;25.09.2005 00:00;;;;;;;;;;;;;;1.2;4.3;4.3;15.5;;;;;;;;;;;;;;;;101;;
STK;26.09.2005 00:00;;;;;;;;;;;;;;2.1;8.3;7.6;29.9;;;;;;;;;;;;;;;;233;;
STK;27.09.2005 00:00;;;;;;;;;;;;;;0.8;2.8;2.9;10.1;;;;;;;;;;;;;;;;207;;
STK;28.09.2005 00:00;;;;;;;;;;;;;;2.3;10.3;8.3;37.1;;;;;;;;;;;;;;;;242;;
STK;29.09.2005 00:00;;;;;;;;;;;;;;4.4;15.1;15.8;54.4;;;;;;;;;;;;;;;;239;;
STK;30.09.2005 00:00;;;;;;;;;;;;;;1.6;6.2;5.8;22.3;;;;;;;;;;;;;;;;221;;
STK;01.10.2005 00:00;;;;;;;;;;;;;;3.3;12.1;11.9;43.6;;;;;;;;;;;;;;;;233;;
STK;02.10.2005 00:00;;;;;;;;;;;;;;1.9;8.1;6.8;29.2;;;;;;;;;;;;;;;;216;;
STK;03.10.2005 00:00;;;;;;;;;;;;;;2.4;7.8;8.6;28.1;;;;;;;;;;;;;;;;42;;
STK;04.10.2005 00:00;;;;;;;;;;;;;;1.7;7.6;6.1;27.4;;;;;;;;;;;;;;;;180;;
STK;05.10.2005 00:00;;;;;;;;;;;;;;1.3;4.1;4.7;14.8;;;;;;;;;;;;;;;;229;;
STK;06.10.2005 00:00;;;;;;;;;;;;;;0.9;3.6;3.2;13;;;;;;;;;;;;;;;;217;;
STK;07.10.2005 00:00;;;;;;;;;;;;;;1.2;4;4.3;14.4;;;;;;;;;;;;;;;;243;;
STK;08.10.2005 00:00;;;;;;;;;;;;;;1.4;5.7;5;20.5;;;;;;;;;;;;;;;;231;;
STK;09.10.2005 00:00;;;;;;;;;;;;;;0.7;3.1;2.5;11.2;;;;;;;;;;;;;;;;180;;
STK;10.10.2005 00:00;;;;;;;;;;;;;;1;4.2;3.6;15.1;;;;;;;;;;;;;;;;45;;
STK;11.10.2005 00:00;;;;;;;;;;;;;;1.2;4.6;4.3;16.6;;;;;;;;;;;;;;;;180;;
STK;12.10.2005 00:00;;;;;;;;;;;;;;0.9;3.1;3.2;11.2;;;;;;;;;;;;;;;;146;;
STK;13.10.2005 00:00;;;;;;;;;;;;;;1;3.5;3.6;12.6;;;;;;;;;;;;;;;;146;;
STK;14.10.2005 00:00;;;;;;;;;;;;;;1.1;4.1;4;14.8;;;;;;;;;;;;;;;;51;;
STK;15.10.2005 00:00;;;;;;;;;;;;;;1.1;4.6;4;16.6;;;;;;;;;;;;;;;;135;;
STK;16.10.2005 00:00;;;;;;;;;;;;;;1.2;4.1;4.3;14.8;;;;;;;;;;;;;;;;297;;
STK;17.10.2005 00:00;;;;;;;;;;;;;;3.8;11.7;13.7;42.1;;;;;;;;;;;;;;;;46;;
STK;18.10.2005 00:00;;;;;;;;;;;;;;1.9;6;6.8;21.6;;;;;;;;;;;;;;;;24;;
STK;19.10.2005 00:00;;;;;;;;;;;;;;1.4;5.7;5;20.5;;;;;;;;;;;;;;;;360;;
STK;20.10.2005 00:00;;;;;;;;;;;;;;0.9;3;3.2;10.8;;;;;;;;;;;;;;;;90;;
STK;21.10.2005 00:00;;;;;;;;;;;;;;0.8;3.3;2.9;11.9;;;;;;;;;;;;;;;;56;;
STK;22.10.2005 00:00;;;;;;;;;;;;;;1.7;11.5;6.1;41.4;;;;;;;;;;;;;;;;222;;
STK;23.10.2005 00:00;;;;;;;;;;;;;;3.5;11.7;12.6;42.1;;;;;;;;;;;;;;;;226;;
STK;24.10.2005 00:00;;;;;;;;;;;;;;1.5;5.1;5.4;18.4;;;;;;;;;;;;;;;;228;;
STK;25.10.2005 00:00;;;;;;;;;;;;;;2.5;11.3;9;40.7;;;;;;;;;;;;;;;;231;;
STK;26.10.2005 00:00;;;;;;;;;;;;;;2.1;8.5;7.6;30.6;;;;;;;;;;;;;;;;234;;
STK;27.10.2005 00:00;;;;;;;;;;;;;;1.2;4.5;4.3;16.2;;;;;;;;;;;;;;;;202;;
STK;28.10.2005 00:00;;;;;;;;;;;;;;0.7;2.7;2.5;9.7;;;;;;;;;;;;;;;;180;;
STK;29.10.2005 00:00;;;;;;;;;;;;;;0.8;3;2.9;10.8;;;;;;;;;;;;;;;;117;;
STK;30.10.2005 00:00;;;;;;;;;;;;;;0.7;3.8;2.5;13.7;;;;;;;;;;;;;;;;90;;
STK;31.10.2005 00:00;;;;;;;;;;;;;;2.1;7.5;7.6;27;;;;;;;;;;;;;;;;72;;
STK;01.11.2005 00:00;;;;;;;;;;;;;;2.4;8.6;8.6;31;;;;;;;;;;;;;;;;231;;
STK;02.11.2005 00:00;;;;;;;;;;;;;;0.9;3.7;3.2;13.3;;;;;;;;;;;;;;;;207;;
STK;03.11.2005 00:00;;;;;;;;;;;;;;1.3;6.8;4.7;24.5;;;;;;;;;;;;;;;;214;;
STK;04.11.2005 00:00;;;;;;;;;;;;;;2.1;8.7;7.6;31.3;;;;;;;;;;;;;;;;229;;
STK;05.11.2005 00:00;;;;;;;;;;;;;;2.4;10.1;8.6;36.4;;;;;;;;;;;;;;;;227;;
STK;06.11.2005 00:00;;;;;;;;;;;;;;0.9;4;3.2;14.4;;;;;;;;;;;;;;;;360;;
STK;07.11.2005 00:00;;;;;;;;;;;;;;2.2;7.2;7.9;25.9;;;;;;;;;;;;;;;;236;;
STK;08.11.2005 00:00;;;;;;;;;;;;;;1.2;5.2;4.3;18.7;;;;;;;;;;;;;;;;236;;
STK;09.11.2005 00:00;;;;;;;;;;;;;;1.2;4.6;4.3;16.6;;;;;;;;;;;;;;;;236;;
STK;10.11.2005 00:00;;;;;;;;;;;;;;1;4;3.6;14.4;;;;;;;;;;;;;;;;270;;
STK;11.11.2005 00:00;;;;;;;;;;;;;;1;3.8;3.6;13.7;;;;;;;;;;;;;;;;90;;
STK;12.11.2005 00:00;;;;;;;;;;;;;;1;6.8;3.6;24.5;;;;;;;;;;;;;;;;207;;
STK;13.11.2005 00:00;;;;;;;;;;;;;;2.1;8.3;7.6;29.9;;;;;;;;;;;;;;;;38;;
STK;14.11.2005 00:00;;;;;;;;;;;;;;2.4;7.2;8.6;25.9;;;;;;;;;;;;;;;;55;;
STK;15.11.2005 00:00;;;;;;;;;;;;;;2.9;6.3;10.4;22.7;;;;;;;;;;;;;;;;229;;
STK;16.11.2005 00:00;;;;;;;;;;;;;;5.5;16.6;19.8;59.8;;;;;;;;;;;;;;;;244;;
STK;17.11.2005 00:00;;;;;;;;;;;;;;2.4;8.2;8.6;29.5;;;;;;;;;;;;;;;;236;;
STK;18.11.2005 00:00;;;;;;;;;;;;;;2.1;9.1;7.6;32.8;;;;;;;;;;;;;;;;223;;
STK;19.11.2005 00:00;;;;;;;;;;;;;;0.9;3.8;3.2;13.7;;;;;;;;;;;;;;;;143;;
STK;20.11.2005 00:00;;;;;;;;;;;;;;1;4.2;3.6;15.1;;;;;;;;;;;;;;;;233;;
STK;21.11.2005 00:00;;;;;;;;;;;;;;2.9;9.7;10.4;34.9;;;;;;;;;;;;;;;;207;;
STK;22.11.2005 00:00;;;;;;;;;;;;;;6.8;13.7;24.5;49.3;;;;;;;;;;;;;;;;62;;
STK;23.11.2005 00:00;;;;;;;;;;;;;;9;20;32.4;72;;;;;;;;;;;;;;;;59;;
STK;24.11.2005 00:00;;;;;;;;;;;;;;4.4;12.6;15.8;45.4;;;;;;;;;;;;;;;;103;;
STK;25.11.2005 00:00;;;;;;;;;;;;;;5.4;17.7;19.4;63.7;;;;;;;;;;;;;;;;237;;
STK;26.11.2005 00:00;;;;;;;;;;;;;;1.1;4.5;4;16.2;;;;;;;;;;;;;;;;207;;
STK;27.11.2005 00:00;;;;;;;;;;;;;;3.1;12.3;11.2;44.3;;;;;;;;;;;;;;;;222;;
STK;28.11.2005 00:00;;;;;;;;;;;;;;5.7;16;20.5;57.6;;;;;;;;;;;;;;;;225;;
STK;29.11.2005 00:00;;;;;;;;;;;;;;0.9;6.1;3.2;22;;;;;;;;;;;;;;;;225;;
STK;30.11.2005 00:00;;;;;;;;;;;;;;1;4;3.6;14.4;;;;;;;;;;;;;;;;225;;
STK;01.12.2005 00:00;;;;;;;;;;;;;;1.6;4.7;5.8;16.9;;;;;;;;;;;;;;;;14;;
STK;02.12.2005 00:00;;;;;;;;;;;;;;1.8;7.3;6.5;26.3;;;;;;;;;;;;;;;;45;;
STK;03.12.2005 00:00;;;;;;;;;;;;;;2.2;11.3;7.9;40.7;;;;;;;;;;;;;;;;227;;
STK;04.12.2005 00:00;;;;;;;;;;;;;;2.7;17;9.7;61.2;;;;;;;;;;;;;;;;220;;
STK;05.12.2005 00:00;;;;;;;;;;;;;;3.5;13.8;12.6;49.7;;;;;;;;;;;;;;;;226;;
STK;06.12.2005 00:00;;;;;;;;;;;;;;2.6;9.8;9.4;35.3;;;;;;;;;;;;;;;;233;;
STK;07.12.2005 00:00;;;;;;;;;;;;;;3.9;12.2;14;43.9;;;;;;;;;;;;;;;;233;;
STK;08.12.2005 00:00;;;;;;;;;;;;;;1.2;4.3;4.3;15.5;;;;;;;;;;;;;;;;229;;
STK;09.12.2005 00:00;;;;;;;;;;;;;;4.1;10.7;14.8;38.5;;;;;;;;;;;;;;;;53;;
STK;10.12.2005 00:00;;;;;;;;;;;;;;7.1;13.3;25.6;47.9;;;;;;;;;;;;;;;;55;;
STK;11.12.2005 00:00;;;;;;;;;;;;;;5.4;11.5;19.4;41.4;;;;;;;;;;;;;;;;54;;
STK;12.12.2005 00:00;;;;;;;;;;;;;;2.2;9.3;7.9;33.5;;;;;;;;;;;;;;;;63;;
STK;13.12.2005 00:00;;;;;;;;;;;;;;4;10.8;14.4;38.9;;;;;;;;;;;;;;;;61;;
STK;14.12.2005 00:00;;;;;;;;;;;;;;2.6;9;9.4;32.4;;;;;;;;;;;;;;;;47;;
STK;15.12.2005 00:00;;;;;;;;;;;;;;4.3;15;15.5;54;;;;;;;;;;;;;;;;226;;
STK;16.12.2005 00:00;;;;;;;;;;;;;;10.1;23.6;36.4;85;;;;;;;;;;;;;;;;231;;
STK;17.12.2005 00:00;;;;;;;;;;;;;;5.3;14.3;19.1;51.5;;;;;;;;;;;;;;;;257;;
STK;18.12.2005 00:00;;;;;;;;;;;;;;4.8;12.2;17.3;43.9;;;;;;;;;;;;;;;;237;;
STK;19.12.2005 00:00;;;;;;;;;;;;;;4.2;10.1;15.1;36.4;;;;;;;;;;;;;;;;229;;
STK;20.12.2005 00:00;;;;;;;;;;;;;;1.9;5.8;6.8;20.9;;;;;;;;;;;;;;;;245;;
STK;21.12.2005 00:00;;;;;;;;;;;;;;1.6;5.7;5.8;20.5;;;;;;;;;;;;;;;;41;;
STK;22.12.2005 00:00;;;;;;;;;;;;;;2.7;8.3;9.7;29.9;;;;;;;;;;;;;;;;227;;
STK;23.12.2005 00:00;;;;;;;;;;;;;;1;4;3.6;14.4;;;;;;;;;;;;;;;;214;;
STK;24.12.2005 00:00;;;;;;;;;;;;;;1.2;3.6;4.3;13;;;;;;;;;;;;;;;;221;;
STK;25.12.2005 00:00;;;;;;;;;;;;;;0.9;3.6;3.2;13;;;;;;;;;;;;;;;;225;;
STK;26.12.2005 00:00;;;;;;;;;;;;;;2;4.6;7.2;16.6;;;;;;;;;;;;;;;;229;;
STK;27.12.2005 00:00;;;;;;;;;;;;;;1.9;11;6.8;39.6;;;;;;;;;;;;;;;;235;;
STK;28.12.2005 00:00;;;;;;;;;;;;;;5.1;10.1;18.4;36.4;;;;;;;;;;;;;;;;239;;
STK;29.12.2005 00:00;;;;;;;;;;;;;;3.5;10.5;12.6;37.8;;;;;;;;;;;;;;;;220;;
STK;30.12.2005 00:00;;;;;;;;;;;;;;1.4;7.6;5;27.4;;;;;;;;;;;;;;;;262;;
STK;31.12.2005 00:00;;;;;;;;;;;;;;4.7;15.7;16.9;56.5;;;;;;;;;;;;;;;;228;;
STK;01.01.2006 00:00;;;;;;;;;;;;;;2.1;11.3;7.6;40.7;;;;;;;;;;;;;;;;227;;
STK;02.01.2006 00:00;;;;;;;;;;;;;;1;4.2;3.6;15.1;;;;;;;;;;;;;;;;45;;
STK;03.01.2006 00:00;;;;;;;;;;;;;;1.3;6.1;4.7;22;;;;;;;;;;;;;;;;68;;
STK;04.01.2006 00:00;;;;;;;;;;;;;;5.6;13.6;20.2;49;;;;;;;;;;;;;;;;62;;
STK;05.01.2006 00:00;;;;;;;;;;;;;;2.5;8.1;9;29.2;;;;;;;;;;;;;;;;65;;
STK;06.01.2006 00:00;;;;;;;;;;;;;;1.3;5.7;4.7;20.5;;;;;;;;;;;;;;;;61;;
STK;07.01.2006 00:00;;;;;;;;;;;;;;1;5.6;3.6;20.2;;;;;;;;;;;;;;;;74;;
STK;08.01.2006 00:00;;;;;;;;;;;;;;1.3;5.3;4.7;19.1;;;;;;;;;;;;;;;;54;;
STK;09.01.2006 00:00;;;;;;;;;;;;;;1;3.5;3.6;12.6;;;;;;;;;;;;;;;;214;;
STK;10.01.2006 00:00;;;;;;;;;;;;;;1;3.6;3.6;13;;;;;;;;;;;;;;;;225;;
STK;11.01.2006 00:00;;;;;;;;;;;;;;1.3;4.6;4.7;16.6;;;;;;;;;;;;;;;;225;;
STK;12.01.2006 00:00;;;;;;;;;;;;;;0.9;3.6;3.2;13;;;;;;;;;;;;;;;;225;;
STK;13.01.2006 00:00;;;;;;;;;;;;;;0.9;3.6;3.2;13;;;;;;;;;;;;;;;;63;;
STK;14.01.2006 00:00;;;;;;;;;;;;;;1.2;4;4.3;14.4;;;;;;;;;;;;;;;;18;;
STK;15.01.2006 00:00;;;;;;;;;;;;;;1.2;5.3;4.3;19.1;;;;;;;;;;;;;;;;360;;
STK;16.01.2006 00:00;;;;;;;;;;;;;;1;4.5;3.6;16.2;;;;;;;;;;;;;;;;225;;
STK;17.01.2006 00:00;;;;;;;;;;;;;;3.9;19.1;14;68.8;;;;;;;;;;;;;;;;224;;
STK;18.01.2006 00:00;;;;;;;;;;;;;;5.1;15.5;18.4;55.8;;;;;;;;;;;;;;;;236;;
STK;19.01.2006 00:00;;;;;;;;;;;;;;0.8;3.1;2.9;11.2;;;;;;;;;;;;;;;;72;;
STK;20.01.2006 00:00;;;;;;;;;;;;;;3;16.5;10.8;59.4;;;;;;;;;;;;;;;;234;;
STK;21.01.2006 00:00;;;;;;;;;;;;;;3.8;11.6;13.7;41.8;;;;;;;;;;;;;;;;235;;
STK;22.01.2006 00:00;;;;;;;;;;;;;;2.1;8.6;7.6;31;;;;;;;;;;;;;;;;68;;
STK;23.01.2006 00:00;;;;;;;;;;;;;;6.8;14.3;24.5;51.5;;;;;;;;;;;;;;;;59;;
STK;24.01.2006 00:00;;;;;;;;;;;;;;2;9.1;7.2;32.8;;;;;;;;;;;;;;;;54;;
STK;25.01.2006 00:00;;;;;;;;;;;;;;1.4;10;5;36;;;;;;;;;;;;;;;;233;;
STK;26.01.2006 00:00;;;;;;;;;;;;;;1.8;7.7;6.5;27.7;;;;;;;;;;;;;;;;38;;
STK;27.01.2006 00:00;;;;;;;;;;;;;;2;6.6;7.2;23.8;;;;;;;;;;;;;;;;24;;
STK;28.01.2006 00:00;;;;;;;;;;;;;;1.4;4.7;5;16.9;;;;;;;;;;;;;;;;66;;
STK;29.01.2006 00:00;;;;;;;;;;;;;;0.9;3.8;3.2;13.7;;;;;;;;;;;;;;;;67;;
STK;30.01.2006 00:00;;;;;;;;;;;;;;1;3.3;3.6;11.9;;;;;;;;;;;;;;;;56;;
STK;31.01.2006 00:00;;;;;;;;;;;;;;0.7;2.6;2.5;9.4;;;;;;;;;;;;;;;;180;;
STK;01.02.2006 00:00;;;;;;;;;;;;;;0.8;3;2.9;10.8;;;;;;;;;;;;;;;;207;;
STK;02.02.2006 00:00;;;;;;;;;;;;;;0.7;4.3;2.5;15.5;;;;;;;;;;;;;;;;236;;
STK;03.02.2006 00:00;;;;;;;;;;;;;;0.6;2.2;2.2;7.9;;;;;;;;;;;;;;;;45;;
STK;04.02.2006 00:00;;;;;;;;;;;;;;2.4;6.7;8.6;24.1;;;;;;;;;;;;;;;;33;;
STK;05.02.2006 00:00;;;;;;;;;;;;;;1.9;9.2;6.8;33.1;;;;;;;;;;;;;;;;66;;
STK;06.02.2006 00:00;;;;;;;;;;;;;;1.2;3.7;4.3;13.3;;;;;;;;;;;;;;;;217;;
STK;07.02.2006 00:00;;;;;;;;;;;;;;4.6;13.7;16.6;49.3;;;;;;;;;;;;;;;;235;;
STK;08.02.2006 00:00;;;;;;;;;;;;;;5.9;18.2;21.2;65.5;;;;;;;;;;;;;;;;235;;
STK;09.02.2006 00:00;;;;;;;;;;;;;;5.9;16.1;21.2;58;;;;;;;;;;;;;;;;241;;
STK;10.02.2006 00:00;;;;;;;;;;;;;;6.4;14.6;23;52.6;;;;;;;;;;;;;;;;235;;
STK;11.02.2006 00:00;;;;;;;;;;;;;;1.5;7.1;5.4;25.6;;;;;;;;;;;;;;;;69;;
STK;12.02.2006 00:00;;;;;;;;;;;;;;0.7;3.6;2.5;13;;;;;;;;;;;;;;;;360;;
STK;13.02.2006 00:00;;;;;;;;;;;;;;1;4;3.6;14.4;;;;;;;;;;;;;;;;72;;
STK;14.02.2006 00:00;;;;;;;;;;;;;;0.9;3.3;3.2;11.9;;;;;;;;;;;;;;;;53;;
STK;15.02.2006 00:00;;;;;;;;;;;;;;3.2;14.3;11.5;51.5;;;;;;;;;;;;;;;;222;;
STK;16.02.2006 00:00;;;;;;;;;;;;;;5.4;14.5;19.4;52.2;;;;;;;;;;;;;;;;227;;
STK;17.02.2006 00:00;;;;;;;;;;;;;;5.7;16.2;20.5;58.3;;;;;;;;;;;;;;;;229;;
STK;18.02.2006 00:00;;;;;;;;;;;;;;3.8;26.8;13.7;96.5;;;;;;;;;;;;;;;;229;;
STK;19.02.2006 00:00;;;;;;;;;;;;;;2.6;10.3;9.4;37.1;;;;;;;;;;;;;;;;51;;
STK;20.02.2006 00:00;;;;;;;;;;;;;;1.4;5.8;5;20.9;;;;;;;;;;;;;;;;230;;
STK;21.02.2006 00:00;;;;;;;;;;;;;;1;3.6;3.6;13;;;;;;;;;;;;;;;;72;;
STK;22.02.2006 00:00;;;;;;;;;;;;;;3.6;8.7;13;31.3;;;;;;;;;;;;;;;;51;;
STK;23.02.2006 00:00;;;;;;;;;;;;;;2.9;5.6;10.4;20.2;;;;;;;;;;;;;;;;45;;
STK;24.02.2006 00:00;;;;;;;;;;;;;;4.3;9.8;15.5;35.3;;;;;;;;;;;;;;;;60;;
STK;25.02.2006 00:00;;;;;;;;;;;;;;2.6;8.3;9.4;29.9;;;;;;;;;;;;;;;;47;;
STK;26.02.2006 00:00;;;;;;;;;;;;;;2.9;9.7;10.4;34.9;;;;;;;;;;;;;;;;46;;
STK;27.02.2006 00:00;;;;;;;;;;;;;;2.2;9.2;7.9;33.1;;;;;;;;;;;;;;;;50;;
STK;28.02.2006 00:00;;;;;;;;;;;;;;5.2;16.8;18.7;60.5;;;;;;;;;;;;;;;;227;;
STK;01.03.2006 00:00;;;;;;;;;;;;;;5.9;17.2;21.2;61.9;;;;;;;;;;;;;;;;235;;
STK;02.03.2006 00:00;;;;;;;;;;;;;;3.6;15.2;13;54.7;;;;;;;;;;;;;;;;231;;
STK;03.03.2006 00:00;;;;;;;;;;;;;;5.7;19.2;20.5;69.1;;;;;;;;;;;;;;;;228;;
STK;04.03.2006 00:00;;;;;;;;;;;;;;3.5;22.1;12.6;79.6;;;;;;;;;;;;;;;;60;;
STK;05.03.2006 00:00;;;;;;;;;;;;;;2.6;10.5;9.4;37.8;;;;;;;;;;;;;;;;333;;
STK;06.03.2006 00:00;;;;;;;;;;;;;;4.6;11.2;16.6;40.3;;;;;;;;;;;;;;;;237;;
STK;07.03.2006 00:00;;;;;;;;;;;;;;4.1;12;14.8;43.2;;;;;;;;;;;;;;;;244;;
STK;08.03.2006 00:00;;;;;;;;;;;;;;2.8;15.8;10.1;56.9;;;;;;;;;;;;;;;;232;;
STK;09.03.2006 00:00;;;;;;;;;;;;;;7.7;19.3;27.7;69.5;;;;;;;;;;;;;;;;233;;
STK;10.03.2006 00:00;;;;;;;;;;;;;;6.7;18.8;24.1;67.7;;;;;;;;;;;;;;;;233;;
STK;11.03.2006 00:00;;;;;;;;;;;;;;5.6;13.6;20.2;49;;;;;;;;;;;;;;;;247;;
STK;12.03.2006 00:00;;;;;;;;;;;;;;4.1;12.8;14.8;46.1;;;;;;;;;;;;;;;;8;;
STK;13.03.2006 00:00;;;;;;;;;;;;;;6.8;12.8;24.5;46.1;;;;;;;;;;;;;;;;64;;
STK;14.03.2006 00:00;;;;;;;;;;;;;;3.5;9.5;12.6;34.2;;;;;;;;;;;;;;;;60;;
STK;15.03.2006 00:00;;;;;;;;;;;;;;2.3;7.8;8.3;28.1;;;;;;;;;;;;;;;;56;;
STK;16.03.2006 00:00;;;;;;;;;;;;;;3.4;8;12.2;28.8;;;;;;;;;;;;;;;;60;;
STK;17.03.2006 00:00;;;;;;;;;;;;;;2.6;6.1;9.4;22;;;;;;;;;;;;;;;;56;;
STK;18.03.2006 00:00;;;;;;;;;;;;;;3.6;9.2;13;33.1;;;;;;;;;;;;;;;;63;;
STK;19.03.2006 00:00;;;;;;;;;;;;;;1;3.7;3.6;13.3;;;;;;;;;;;;;;;;79;;
STK;20.03.2006 00:00;;;;;;;;;;;;;;1;3.6;3.6;13;;;;;;;;;;;;;;;;72;;
STK;21.03.2006 00:00;;;;;;;;;;;;;;2.1;8.2;7.6;29.5;;;;;;;;;;;;;;;;231;;
STK;22.03.2006 00:00;;;;;;;;;;;;;;2.8;9.6;10.1;34.6;;;;;;;;;;;;;;;;72;;
STK;23.03.2006 00:00;;;;;;;;;;;;;;2.5;6.1;9;22;;;;;;;;;;;;;;;;49;;
STK;24.03.2006 00:00;;;;;;;;;;;;;;1.4;5.5;5;19.8;;;;;;;;;;;;;;;;54;;
STK;25.03.2006 00:00;;;;;;;;;;;;;;4.8;16.5;17.3;59.4;;;;;;;;;;;;;;;;233;;
STK;26.03.2006 00:00;;;;;;;;;;;;;;3.3;10.7;11.9;38.5;;;;;;;;;;;;;;;;236;;
STK;27.03.2006 00:00;;;;;;;;;;;;;;3.1;15.1;11.2;54.4;;;;;;;;;;;;;;;;238;;
STK;28.03.2006 00:00;;;;;;;;;;;;;;4.1;13.6;14.8;49;;;;;;;;;;;;;;;;226;;
STK;29.03.2006 00:00;;;;;;;;;;;;;;4.4;14.6;15.8;52.6;;;;;;;;;;;;;;;;240;;
STK;30.03.2006 00:00;;;;;;;;;;;;;;3.8;15.5;13.7;55.8;;;;;;;;;;;;;;;;233;;
STK;31.03.2006 00:00;;;;;;;;;;;;;;6.6;18.6;23.8;67;;;;;;;;;;;;;;;;237;;
STK;01.04.2006 00:00;;;;;;;;;;;;;;2;10.3;7.2;37.1;;;;;;;;;;;;;;;;247;;
STK;02.04.2006 00:00;;;;;;;;;;;;;;4.2;19.8;15.1;71.3;;;;;;;;;;;;;;;;243;;
STK;03.04.2006 00:00;;;;;;;;;;;;;;6;17;21.6;61.2;;;;;;;;;;;;;;;;243;;
STK;04.04.2006 00:00;;;;;;;;;;;;;;2.5;9.2;9;33.1;;;;;;;;;;;;;;;;360;;
STK;05.04.2006 00:00;;;;;;;;;;;;;;2.4;6.3;8.6;22.7;;;;;;;;;;;;;;;;32;;
STK;06.04.2006 00:00;;;;;;;;;;;;;;2.3;7.1;8.3;25.6;;;;;;;;;;;;;;;;49;;
STK;07.04.2006 00:00;;;;;;;;;;;;;;1.5;4.6;5.4;16.6;;;;;;;;;;;;;;;;90;;
STK;08.04.2006 00:00;;;;;;;;;;;;;;2.7;15.1;9.7;54.4;;;;;;;;;;;;;;;;237;;
STK;09.04.2006 00:00;;;;;;;;;;;;;;1.5;5.5;5.4;19.8;;;;;;;;;;;;;;;;256;;
STK;10.04.2006 00:00;;;;;;;;;;;;;;1.8;6.5;6.5;23.4;;;;;;;;;;;;;;;;9;;
STK;11.04.2006 00:00;;;;;;;;;;;;;;1.8;6.5;6.5;23.4;;;;;;;;;;;;;;;;90;;
STK;12.04.2006 00:00;;;;;;;;;;;;;;3.8;12.8;13.7;46.1;;;;;;;;;;;;;;;;231;;
STK;13.04.2006 00:00;;;;;;;;;;;;;;6.4;17.2;23;61.9;;;;;;;;;;;;;;;;233;;
STK;14.04.2006 00:00;;;;;;;;;;;;;;3.6;12;13;43.2;;;;;;;;;;;;;;;;236;;
STK;15.04.2006 00:00;;;;;;;;;;;;;;1.9;12;6.8;43.2;;;;;;;;;;;;;;;;225;;
STK;16.04.2006 00:00;;;;;;;;;;;;;;5.6;15.3;20.2;55.1;;;;;;;;;;;;;;;;233;;
STK;17.04.2006 00:00;;;;;;;;;;;;;;1.4;8.1;5;29.2;;;;;;;;;;;;;;;;262;;
STK;18.04.2006 00:00;;;;;;;;;;;;;;1;4.3;3.6;15.5;;;;;;;;;;;;;;;;297;;
STK;19.04.2006 00:00;;;;;;;;;;;;;;1.2;3.5;4.3;12.6;;;;;;;;;;;;;;;;45;;
STK;20.04.2006 00:00;;;;;;;;;;;;;;1.2;4;4.3;14.4;;;;;;;;;;;;;;;;90;;
STK;21.04.2006 00:00;;;;;;;;;;;;;;1;3;3.6;10.8;;;;;;;;;;;;;;;;72;;
STK;22.04.2006 00:00;;;;;;;;;;;;;;2;19.3;7.2;69.5;;;;;;;;;;;;;;;;270;;
STK;23.04.2006 00:00;;;;;;;;;;;;;;2.5;10.5;9;37.8;;;;;;;;;;;;;;;;227;;
STK;24.04.2006 00:00;;;;;;;;;;;;;;1.8;11.1;6.5;40;;;;;;;;;;;;;;;;76;;
STK;25.04.2006 00:00;;;;;;;;;;;;;;2.1;16.5;7.6;59.4;;;;;;;;;;;;;;;;242;;
STK;26.04.2006 00:00;;;;;;;;;;;;;;2.2;9.2;7.9;33.1;;;;;;;;;;;;;;;;233;;
STK;27.04.2006 00:00;;;;;;;;;;;;;;1.7;4.8;6.1;17.3;;;;;;;;;;;;;;;;225;;
STK;28.04.2006 00:00;;;;;;;;;;;;;;1.5;5.1;5.4;18.4;;;;;;;;;;;;;;;;297;;
STK;29.04.2006 00:00;;;;;;;;;;;;;;1.7;6.7;6.1;24.1;;;;;;;;;;;;;;;;243;;
STK;30.04.2006 00:00;;;;;;;;;;;;;;1.5;6.5;5.4;23.4;;;;;;;;;;;;;;;;239;;
STK;01.05.2006 00:00;;;;;;;;;;;;;;1.2;6.2;4.3;22.3;;;;;;;;;;;;;;;;90;;
STK;02.05.2006 00:00;;;;;;;;;;;;;;1.4;5;5;18;;;;;;;;;;;;;;;;66;;
STK;03.05.2006 00:00;;;;;;;;;;;;;;1.7;7.3;6.1;26.3;;;;;;;;;;;;;;;;63;;
STK;04.05.2006 00:00;;;;;;;;;;;;;;1.4;6.7;5;24.1;;;;;;;;;;;;;;;;67;;
STK;05.05.2006 00:00;;;;;;;;;;;;;;1.9;7.1;6.8;25.6;;;;;;;;;;;;;;;;237;;
STK;06.05.2006 00:00;;;;;;;;;;;;;;1.2;14;4.3;50.4;;;;;;;;;;;;;;;;63;;
STK;07.05.2006 00:00;;;;;;;;;;;;;;2.1;7.7;7.6;27.7;;;;;;;;;;;;;;;;65;;
STK;08.05.2006 00:00;;;;;;;;;;;;;;2.5;17.6;9;63.4;;;;;;;;;;;;;;;;240;;
STK;09.05.2006 00:00;;;;;;;;;;;;;;6.2;18;22.3;64.8;;;;;;;;;;;;;;;;230;;
STK;10.05.2006 00:00;;;;;;;;;;;;;;1.6;4.8;5.8;17.3;;;;;;;;;;;;;;;;135;;
STK;11.05.2006 00:00;;;;;;;;;;;;;;1.5;5.8;5.4;20.9;;;;;;;;;;;;;;;;72;;
STK;12.05.2006 00:00;;;;;;;;;;;;;;2.2;12;7.9;43.2;;;;;;;;;;;;;;;;234;;
STK;13.05.2006 00:00;;;;;;;;;;;;;;3;24.8;10.8;89.3;;;;;;;;;;;;;;;;240;;
STK;14.05.2006 00:00;;;;;;;;;;;;;;3.3;9.2;11.9;33.1;;;;;;;;;;;;;;;;228;;
STK;15.05.2006 00:00;;;;;;;;;;;;;;1.3;8.3;4.7;29.9;;;;;;;;;;;;;;;;214;;
STK;16.05.2006 00:00;;;;;;;;;;;;;;3.1;18.3;11.2;65.9;;;;;;;;;;;;;;;;239;;
STK;17.05.2006 00:00;;;;;;;;;;;;;;3.5;13.3;12.6;47.9;;;;;;;;;;;;;;;;239;;
STK;18.05.2006 00:00;;;;;;;;;;;;;;3;12.6;10.8;45.4;;;;;;;;;;;;;;;;229;;
STK;19.05.2006 00:00;;;;;;;;;;;;;;5.2;14.2;18.7;51.1;;;;;;;;;;;;;;;;247;;
STK;20.05.2006 00:00;;;;;;;;;;;;;;5.2;25.5;18.7;91.8;;;;;;;;;;;;;;;;235;;
STK;21.05.2006 00:00;;;;;;;;;;;;;;3.6;12.7;13;45.7;;;;;;;;;;;;;;;;235;;
STK;22.05.2006 00:00;;;;;;;;;;;;;;3.4;14.7;12.2;52.9;;;;;;;;;;;;;;;;238;;
STK;23.05.2006 00:00;;;;;;;;;;;;;;3.3;9.3;11.9;33.5;;;;;;;;;;;;;;;;237;;
STK;24.05.2006 00:00;;;;;;;;;;;;;;2.9;12.7;10.4;45.7;;;;;;;;;;;;;;;;242;;
STK;25.05.2006 00:00;;;;;;;;;;;;;;4.2;12.1;15.1;43.6;;;;;;;;;;;;;;;;233;;
STK;26.05.2006 00:00;;;;;;;;;;;;;;7.1;16.5;25.6;59.4;;;;;;;;;;;;;;;;238;;
STK;27.05.2006 00:00;;;;;;;;;;;;;;6.7;14.5;24.1;52.2;;;;;;;;;;;;;;;;235;;
STK;28.05.2006 00:00;;;;;;;;;;;;;;5.1;17.2;18.4;61.9;;;;;;;;;;;;;;;;234;;
STK;29.05.2006 00:00;;;;;;;;;;;;;;2.9;12.1;10.4;43.6;;;;;;;;;;;;;;;;241;;
STK;30.05.2006 00:00;;;;;;;;;;;;;;4.4;16.5;15.8;59.4;;;;;;;;;;;;;;;;262;;
STK;31.05.2006 00:00;;;;;;;;;;;;;;2.6;8.1;9.4;29.2;;;;;;;;;;;;;;;;253;;
STK;01.06.2006 00:00;;;;;;;;;;;;;;2.6;10.2;9.4;36.7;;;;;;;;;;;;;;;;248;;
STK;02.06.2006 00:00;;;;;;;;;;;;;;2.4;7.6;8.6;27.4;;;;;;;;;;;;;;;;45;;
STK;03.06.2006 00:00;;;;;;;;;;;;;;1.2;5.8;4.3;20.9;;;;;;;;;;;;;;;;63;;
STK;04.06.2006 00:00;;;;;;;;;;;;;;2.3;7.6;8.3;27.4;;;;;;;;;;;;;;;;241;;
STK;05.06.2006 00:00;;;;;;;;;;;;;;1.7;9.8;6.1;35.3;;;;;;;;;;;;;;;;240;;
STK;06.06.2006 00:00;;;;;;;;;;;;;;1.7;6.1;6.1;22;;;;;;;;;;;;;;;;56;;
STK;07.06.2006 00:00;;;;;;;;;;;;;;1.7;6.2;6.1;22.3;;;;;;;;;;;;;;;;62;;
STK;08.06.2006 00:00;;;;;;;;;;;;;;2.1;8.5;7.6;30.6;;;;;;;;;;;;;;;;53;;
STK;09.06.2006 00:00;;;;;;;;;;;;;;2.2;9.5;7.9;34.2;;;;;;;;;;;;;;;;63;;
STK;10.06.2006 00:00;;;;;;;;;;;;;;1.4;5;5;18;;;;;;;;;;;;;;;;54;;
STK;11.06.2006 00:00;;;;;;;;;;;;;;3.3;9.8;11.9;35.3;;;;;;;;;;;;;;;;56;;
STK;12.06.2006 00:00;;;;;;;;;;;;;;1.5;4.1;5.4;14.8;;;;;;;;;;;;;;;;74;;
STK;13.06.2006 00:00;;;;;;;;;;;;;;1.3;3.6;4.7;13;;;;;;;;;;;;;;;;79;;
STK;14.06.2006 00:00;;;;;;;;;;;;;;1.3;3.5;4.7;12.6;;;;;;;;;;;;;;;;81;;
STK;15.06.2006 00:00;;;;;;;;;;;;;;1.1;4.3;4;15.5;;;;;;;;;;;;;;;;153;;
STK;16.06.2006 00:00;;;;;;;;;;;;;;2.1;7.3;7.6;26.3;;;;;;;;;;;;;;;;232;;
STK;17.06.2006 00:00;;;;;;;;;;;;;;2.4;8.7;8.6;31.3;;;;;;;;;;;;;;;;246;;
STK;18.06.2006 00:00;;;;;;;;;;;;;;2.2;21.5;7.9;77.4;;;;;;;;;;;;;;;;217;;
STK;19.06.2006 00:00;;;;;;;;;;;;;;1.9;8.7;6.8;31.3;;;;;;;;;;;;;;;;236;;
STK;20.06.2006 00:00;;;;;;;;;;;;;;1.5;8;5.4;28.8;;;;;;;;;;;;;;;;229;;
STK;21.06.2006 00:00;;;;;;;;;;;;;;3.3;11.7;11.9;42.1;;;;;;;;;;;;;;;;233;;
STK;22.06.2006 00:00;;;;;;;;;;;;;;3;9;10.8;32.4;;;;;;;;;;;;;;;;234;;
STK;23.06.2006 00:00;;;;;;;;;;;;;;1.8;4.8;6.5;17.3;;;;;;;;;;;;;;;;49;;
STK;24.06.2006 00:00;;;;;;;;;;;;;;1.9;11.1;6.8;40;;;;;;;;;;;;;;;;104;;
STK;25.06.2006 00:00;;;;;;;;;;;;;;2.4;18;8.6;64.8;;;;;;;;;;;;;;;;239;;
STK;26.06.2006 00:00;;;;;;;;;;;;;;2;7.1;7.2;25.6;;;;;;;;;;;;;;;;232;;
STK;27.06.2006 00:00;;;;;;;;;;;;;;2.1;14.5;7.6;52.2;;;;;;;;;;;;;;;;242;;
STK;28.06.2006 00:00;;;;;;;;;;;;;;2.2;17.8;7.9;64.1;;;;;;;;;;;;;;;;180;;
STK;29.06.2006 00:00;;;;;;;;;;;;;;1.6;10.2;5.8;36.7;;;;;;;;;;;;;;;;228;;
STK;30.06.2006 00:00;;;;;;;;;;;;;;2.1;7.1;7.6;25.6;;;;;;;;;;;;;;;;65;;
STK;01.07.2006 00:00;;;;;;;;;;;;;;5.1;12.2;18.4;43.9;;;;;;;;;;;;;;;;59;;
STK;02.07.2006 00:00;;;;;;;;;;;;;;4.1;10;14.8;36;;;;;;;;;;;;;;;;61;;
STK;03.07.2006 00:00;;;;;;;;;;;;;;1.4;3.5;5;12.6;;;;;;;;;;;;;;;;63;;
STK;04.07.2006 00:00;;;;;;;;;;;;;;1.2;4;4.3;14.4;;;;;;;;;;;;;;;;180;;
STK;05.07.2006 00:00;;;;;;;;;;;;;;3;30.7;10.8;110.5;;;;;;;;;;;;;;;;236;;
STK;06.07.2006 00:00;;;;;;;;;;;;;;3.4;12.2;12.2;43.9;;;;;;;;;;;;;;;;240;;
STK;07.07.2006 00:00;;;;;;;;;;;;;;3.5;7.5;12.6;27;;;;;;;;;;;;;;;;231;;
STK;08.07.2006 00:00;;;;;;;;;;;;;;1.5;9.5;5.4;34.2;;;;;;;;;;;;;;;;203;;
STK;09.07.2006 00:00;;;;;;;;;;;;;;1.8;7.6;6.5;27.4;;;;;;;;;;;;;;;;229;;
STK;10.07.2006 00:00;;;;;;;;;;;;;;1.6;4;5.8;14.4;;;;;;;;;;;;;;;;207;;
STK;11.07.2006 00:00;;;;;;;;;;;;;;1.6;9.6;5.8;34.6;;;;;;;;;;;;;;;;225;;
STK;12.07.2006 00:00;;;;;;;;;;;;;;1.7;14.8;6.1;53.3;;;;;;;;;;;;;;;;49;;
STK;13.07.2006 00:00;;;;;;;;;;;;;;1.6;7.7;5.8;27.7;;;;;;;;;;;;;;;;63;;
STK;14.07.2006 00:00;;;;;;;;;;;;;;3.1;12.3;11.2;44.3;;;;;;;;;;;;;;;;58;;
STK;15.07.2006 00:00;;;;;;;;;;;;;;5.3;10.5;19.1;37.8;;;;;;;;;;;;;;;;54;;
STK;16.07.2006 00:00;;;;;;;;;;;;;;4;10.7;14.4;38.5;;;;;;;;;;;;;;;;55;;
STK;17.07.2006 00:00;;;;;;;;;;;;;;2.2;7.6;7.9;27.4;;;;;;;;;;;;;;;;54;;
STK;18.07.2006 00:00;;;;;;;;;;;;;;1.2;4.5;4.3;16.2;;;;;;;;;;;;;;;;79;;
STK;19.07.2006 00:00;;;;;;;;;;;;;;1.2;3.2;4.3;11.5;;;;;;;;;;;;;;;;104;;
STK;20.07.2006 00:00;;;;;;;;;;;;;;1.7;5.5;6.1;19.8;;;;;;;;;;;;;;;;228;;
STK;21.07.2006 00:00;;;;;;;;;;;;;;2.5;12.2;9;43.9;;;;;;;;;;;;;;;;58;;
STK;22.07.2006 00:00;;;;;;;;;;;;;;1.8;12.1;6.5;43.6;;;;;;;;;;;;;;;;27;;
STK;23.07.2006 00:00;;;;;;;;;;;;;;1.6;11.6;5.8;41.8;;;;;;;;;;;;;;;;225;;
STK;24.07.2006 00:00;;;;;;;;;;;;;;1.2;4.5;4.3;16.2;;;;;;;;;;;;;;;;54;;
STK;25.07.2006 00:00;;;;;;;;;;;;;;1.2;4;4.3;14.4;;;;;;;;;;;;;;;;90;;
STK;26.07.2006 00:00;;;;;;;;;;;;;;2.1;9.7;7.6;34.9;;;;;;;;;;;;;;;;232;;
STK;27.07.2006 00:00;;;;;;;;;;;;;;2.6;15;9.4;54;;;;;;;;;;;;;;;;349;;
STK;28.07.2006 00:00;;;;;;;;;;;;;;2.1;19.6;7.6;70.6;;;;;;;;;;;;;;;;232;;
STK;29.07.2006 00:00;;;;;;;;;;;;;;2.5;9.3;9;33.5;;;;;;;;;;;;;;;;225;;
STK;30.07.2006 00:00;;;;;;;;;;;;;;1.5;5.3;5.4;19.1;;;;;;;;;;;;;;;;101;;
STK;31.07.2006 00:00;;;;;;;;;;;;;;2.6;12;9.4;43.2;;;;;;;;;;;;;;;;235;;
STK;01.08.2006 00:00;;;;;;;;;;;;;;3.4;13.1;12.2;47.2;;;;;;;;;;;;;;;;225;;
STK;02.08.2006 00:00;;;;;;;;;;;;;;5.1;13.3;18.4;47.9;;;;;;;;;;;;;;;;238;;
STK;03.08.2006 00:00;;;;;;;;;;;;;;3.2;10.6;11.5;38.2;;;;;;;;;;;;;;;;226;;
STK;04.08.2006 00:00;;;;;;;;;;;;;;2.9;10.2;10.4;36.7;;;;;;;;;;;;;;;;239;;
STK;05.08.2006 00:00;;;;;;;;;;;;;;2.8;8.2;10.1;29.5;;;;;;;;;;;;;;;;239;;
STK;06.08.2006 00:00;;;;;;;;;;;;;;3.8;8.2;13.7;29.5;;;;;;;;;;;;;;;;232;;
STK;07.08.2006 00:00;;;;;;;;;;;;;;3;7.7;10.8;27.7;;;;;;;;;;;;;;;;224;;
STK;08.08.2006 00:00;;;;;;;;;;;;;;2.2;10.1;7.9;36.4;;;;;;;;;;;;;;;;39;;
STK;09.08.2006 00:00;;;;;;;;;;;;;;1.5;6.3;5.4;22.7;;;;;;;;;;;;;;;;56;;
STK;10.08.2006 00:00;;;;;;;;;;;;;;2.9;14.5;10.4;52.2;;;;;;;;;;;;;;;;233;;
STK;11.08.2006 00:00;;;;;;;;;;;;;;4.4;13.6;15.8;49;;;;;;;;;;;;;;;;226;;
STK;12.08.2006 00:00;;;;;;;;;;;;;;4;11;14.4;39.6;;;;;;;;;;;;;;;;232;;
STK;13.08.2006 00:00;;;;;;;;;;;;;;4.7;14.8;16.9;53.3;;;;;;;;;;;;;;;;220;;
STK;14.08.2006 00:00;;;;;;;;;;;;;;4.6;15.5;16.6;55.8;;;;;;;;;;;;;;;;233;;
STK;15.08.2006 00:00;;;;;;;;;;;;;;3.1;9.6;11.2;34.6;;;;;;;;;;;;;;;;236;;
STK;16.08.2006 00:00;;;;;;;;;;;;;;2.2;6.8;7.9;24.5;;;;;;;;;;;;;;;;74;;
STK;17.08.2006 00:00;;;;;;;;;;;;;;1.9;8.7;6.8;31.3;;;;;;;;;;;;;;;;79;;
STK;18.08.2006 00:00;;;;;;;;;;;;;;2.5;21.7;9;78.1;;;;;;;;;;;;;;;;233;;
STK;19.08.2006 00:00;;;;;;;;;;;;;;2.2;13;7.9;46.8;;;;;;;;;;;;;;;;233;;
STK;20.08.2006 00:00;;;;;;;;;;;;;;2.6;11.6;9.4;41.8;;;;;;;;;;;;;;;;223;;
STK;21.08.2006 00:00;;;;;;;;;;;;;;4.3;13.3;15.5;47.9;;;;;;;;;;;;;;;;235;;
STK;22.08.2006 00:00;;;;;;;;;;;;;;3.1;10.5;11.2;37.8;;;;;;;;;;;;;;;;230;;
STK;23.08.2006 00:00;;;;;;;;;;;;;;1.1;4.5;4;16.2;;;;;;;;;;;;;;;;81;;
STK;24.08.2006 00:00;;;;;;;;;;;;;;2.4;25.5;8.6;91.8;;;;;;;;;;;;;;;;225;;
STK;25.08.2006 00:00;;;;;;;;;;;;;;4.3;12.7;15.5;45.7;;;;;;;;;;;;;;;;239;;
STK;26.08.2006 00:00;;;;;;;;;;;;;;2.9;10.6;10.4;38.2;;;;;;;;;;;;;;;;235;;
STK;27.08.2006 00:00;;;;;;;;;;;;;;4.8;13.1;17.3;47.2;;;;;;;;;;;;;;;;233;;
STK;28.08.2006 00:00;;;;;;;;;;;;;;4.9;14.2;17.6;51.1;;;;;;;;;;;;;;;;229;;
STK;29.08.2006 00:00;;;;;;;;;;;;;;4.6;18.5;16.6;66.6;;;;;;;;;;;;;;;;231;;
STK;30.08.2006 00:00;;;;;;;;;;;;;;5.8;14.5;20.9;52.2;;;;;;;;;;;;;;;;240;;
STK;31.08.2006 00:00;;;;;;;;;;;;;;1.2;4;4.3;14.4;;;;;;;;;;;;;;;;214;;
STK;01.09.2006 00:00;;;;;;;;;;;;;;1.1;3.2;4;11.5;;;;;;;;;;;;;;;;108;;
STK;02.09.2006 00:00;;;;;;;;;;;;;;1.6;6;5.8;21.6;;;;;;;;;;;;;;;;221;;
STK;03.09.2006 00:00;;;;;;;;;;;;;;4.5;13.6;16.2;49;;;;;;;;;;;;;;;;235;;
STK;04.09.2006 00:00;;;;;;;;;;;;;;4.4;11;15.8;39.6;;;;;;;;;;;;;;;;237;;
STK;05.09.2006 00:00;;;;;;;;;;;;;;1.4;3.9;5;14;;;;;;;;;;;;;;;;68;;
STK;06.09.2006 00:00;;;;;;;;;;;;;;1;4.6;3.6;16.6;;;;;;;;;;;;;;;;214;;
STK;07.09.2006 00:00;;;;;;;;;;;;;;2.3;9.8;8.3;35.3;;;;;;;;;;;;;;;;249;;
STK;08.09.2006 00:00;;;;;;;;;;;;;;5.3;10.5;19.1;37.8;;;;;;;;;;;;;;;;52;;
STK;09.09.2006 00:00;;;;;;;;;;;;;;1.9;8.5;6.8;30.6;;;;;;;;;;;;;;;;62;;
STK;10.09.2006 00:00;;;;;;;;;;;;;;1.1;3;4;10.8;;;;;;;;;;;;;;;;81;;
STK;11.09.2006 00:00;;;;;;;;;;;;;;1.3;17;4.7;61.2;;;;;;;;;;;;;;;;153;;
STK;12.09.2006 00:00;;;;;;;;;;;;;;1;3.6;3.6;13;;;;;;;;;;;;;;;;135;;
STK;13.09.2006 00:00;;;;;;;;;;;;;;1.3;4.2;4.7;15.1;;;;;;;;;;;;;;;;79;;
STK;14.09.2006 00:00;;;;;;;;;;;;;;0.9;3.3;3.2;11.9;;;;;;;;;;;;;;;;108;;
STK;15.09.2006 00:00;;;;;;;;;;;;;;1.3;5.6;4.7;20.2;;;;;;;;;;;;;;;;360;;
STK;16.09.2006 00:00;;;;;;;;;;;;;;2.3;5.6;8.3;20.2;;;;;;;;;;;;;;;;236;;
STK;17.09.2006 00:00;;;;;;;;;;;;;;3;7.1;10.8;25.6;;;;;;;;;;;;;;;;241;;
STK;18.09.2006 00:00;;;;;;;;;;;;;;4;9.7;14.4;34.9;;;;;;;;;;;;;;;;235;;
STK;19.09.2006 00:00;;;;;;;;;;;;;;2.7;7.8;9.7;28.1;;;;;;;;;;;;;;;;233;;
STK;20.09.2006 00:00;;;;;;;;;;;;;;1.1;3.8;4;13.7;;;;;;;;;;;;;;;;90;;
STK;21.09.2006 00:00;;;;;;;;;;;;;;1;2.7;3.6;9.7;;;;;;;;;;;;;;;;117;;
STK;22.09.2006 00:00;;;;;;;;;;;;;;0.9;4.3;3.2;15.5;;;;;;;;;;;;;;;;90;;
STK;23.09.2006 00:00;;;;;;;;;;;;;;1.2;3.7;4.3;13.3;;;;;;;;;;;;;;;;90;;
STK;24.09.2006 00:00;;;;;;;;;;;;;;1.5;5.2;5.4;18.7;;;;;;;;;;;;;;;;79;;
STK;25.09.2006 00:00;;;;;;;;;;;;;;3.4;8.3;12.2;29.9;;;;;;;;;;;;;;;;238;;
STK;26.09.2006 00:00;;;;;;;;;;;;;;2.6;7.3;9.4;26.3;;;;;;;;;;;;;;;;235;;
STK;27.09.2006 00:00;;;;;;;;;;;;;;1.3;5.1;4.7;18.4;;;;;;;;;;;;;;;;77;;
STK;28.09.2006 00:00;;;;;;;;;;;;;;0.9;3.8;3.2;13.7;;;;;;;;;;;;;;;;108;;
STK;29.09.2006 00:00;;;;;;;;;;;;;;1.2;3.8;4.3;13.7;;;;;;;;;;;;;;;;196;;
STK;30.09.2006 00:00;;;;;;;;;;;;;;1.5;5;5.4;18;;;;;;;;;;;;;;;;180;;
STK;01.10.2006 00:00;;;;;;;;;;;;;;2.5;7.7;9;27.7;;;;;;;;;;;;;;;;235;;
STK;02.10.2006 00:00;;;;;;;;;;;;;;2.3;8.3;8.3;29.9;;;;;;;;;;;;;;;;242;;
STK;03.10.2006 00:00;;;;;;;;;;;;;;4.7;25.6;16.9;92.2;;;;;;;;;;;;;;;;239;;
STK;04.10.2006 00:00;;;;;;;;;;;;;;3.6;12.5;13;45;;;;;;;;;;;;;;;;226;;
STK;05.10.2006 00:00;;;;;;;;;;;;;;2.3;7.7;8.3;27.7;;;;;;;;;;;;;;;;229;;
STK;06.10.2006 00:00;;;;;;;;;;;;;;2.1;9.2;7.6;33.1;;;;;;;;;;;;;;;;235;;
STK;07.10.2006 00:00;;;;;;;;;;;;;;4.3;13.1;15.5;47.2;;;;;;;;;;;;;;;;236;;
STK;08.10.2006 00:00;;;;;;;;;;;;;;1.6;5;5.8;18;;;;;;;;;;;;;;;;63;;
STK;09.10.2006 00:00;;;;;;;;;;;;;;0.9;3.5;3.2;12.6;;;;;;;;;;;;;;;;198;;
STK;10.10.2006 00:00;;;;;;;;;;;;;;0.9;3.3;3.2;11.9;;;;;;;;;;;;;;;;162;;
STK;11.10.2006 00:00;;;;;;;;;;;;;;0.8;3.2;2.9;11.5;;;;;;;;;;;;;;;;180;;
STK;12.10.2006 00:00;;;;;;;;;;;;;;1.1;4.5;4;16.2;;;;;;;;;;;;;;;;180;;
STK;13.10.2006 00:00;;;;;;;;;;;;;;1.3;6.5;4.7;23.4;;;;;;;;;;;;;;;;63;;
STK;14.10.2006 00:00;;;;;;;;;;;;;;3.2;11.1;11.5;40;;;;;;;;;;;;;;;;53;;
STK;15.10.2006 00:00;;;;;;;;;;;;;;2.7;8;9.7;28.8;;;;;;;;;;;;;;;;47;;
STK;16.10.2006 00:00;;;;;;;;;;;;;;1.9;7.1;6.8;25.6;;;;;;;;;;;;;;;;48;;
STK;17.10.2006 00:00;;;;;;;;;;;;;;1.3;4;4.7;14.4;;;;;;;;;;;;;;;;180;;
STK;18.10.2006 00:00;;;;;;;;;;;;;;1.1;4.3;4;15.5;;;;;;;;;;;;;;;;180;;
STK;19.10.2006 00:00;;;;;;;;;;;;;;1.3;5.6;4.7;20.2;;;;;;;;;;;;;;;;108;;
STK;20.10.2006 00:00;;;;;;;;;;;;;;1.4;5;5;18;;;;;;;;;;;;;;;;225;;
STK;21.10.2006 00:00;;;;;;;;;;;;;;1.7;7.5;6.1;27;;;;;;;;;;;;;;;;235;;
STK;22.10.2006 00:00;;;;;;;;;;;;;;1.3;5.8;4.7;20.9;;;;;;;;;;;;;;;;207;;
STK;23.10.2006 00:00;;;;;;;;;;;;;;1.7;6.2;6.1;22.3;;;;;;;;;;;;;;;;228;;
STK;24.10.2006 00:00;;;;;;;;;;;;;;5.5;20.2;19.8;72.7;;;;;;;;;;;;;;;;242;;
STK;25.10.2006 00:00;;;;;;;;;;;;;;1.1;4.3;4;15.5;;;;;;;;;;;;;;;;104;;
STK;26.10.2006 00:00;;;;;;;;;;;;;;1.1;4.5;4;16.2;;;;;;;;;;;;;;;;194;;
STK;27.10.2006 00:00;;;;;;;;;;;;;;1.1;4.6;4;16.6;;;;;;;;;;;;;;;;230;;
STK;28.10.2006 00:00;;;;;;;;;;;;;;2.1;9.8;7.6;35.3;;;;;;;;;;;;;;;;235;;
STK;29.10.2006 00:00;;;;;;;;;;;;;;4.1;11;14.8;39.6;;;;;;;;;;;;;;;;227;;
STK;30.10.2006 00:00;;;;;;;;;;;;;;1.2;5.3;4.3;19.1;;;;;;;;;;;;;;;;56;;
STK;31.10.2006 00:00;;;;;;;;;;;;;;3.6;17;13;61.2;;;;;;;;;;;;;;;;233;;
STK;01.11.2006 00:00;;;;;;;;;;;;;;4;15;14.4;54;;;;;;;;;;;;;;;;270;;
STK;02.11.2006 00:00;;;;;;;;;;;;;;2.2;6.8;7.9;24.5;;;;;;;;;;;;;;;;263;;
STK;03.11.2006 00:00;;;;;;;;;;;;;;2.6;7.1;9.4;25.6;;;;;;;;;;;;;;;;227;;
STK;04.11.2006 00:00;;;;;;;;;;;;;;1.3;4.3;4.7;15.5;;;;;;;;;;;;;;;;198;;
STK;05.11.2006 00:00;;;;;;;;;;;;;;1.7;5.2;6.1;18.7;;;;;;;;;;;;;;;;222;;
STK;06.11.2006 00:00;;;;;;;;;;;;;;1.1;3.6;4;13;;;;;;;;;;;;;;;;166;;
STK;07.11.2006 00:00;;;;;;;;;;;;;;1.2;4.1;4.3;14.8;;;;;;;;;;;;;;;;194;;
STK;08.11.2006 00:00;;;;;;;;;;;;;;2.7;11.2;9.7;40.3;;;;;;;;;;;;;;;;233;;
STK;09.11.2006 00:00;;;;;;;;;;;;;;4.8;13.2;17.3;47.5;;;;;;;;;;;;;;;;239;;
STK;10.11.2006 00:00;;;;;;;;;;;;;;2.1;7.2;7.6;25.9;;;;;;;;;;;;;;;;48;;
STK;11.11.2006 00:00;;;;;;;;;;;;;;5.3;17;19.1;61.2;;;;;;;;;;;;;;;;233;;
STK;12.11.2006 00:00;;;;;;;;;;;;;;8.1;19.8;29.2;71.3;;;;;;;;;;;;;;;;245;;
STK;13.11.2006 00:00;;;;;;;;;;;;;;7.4;18;26.6;64.8;;;;;;;;;;;;;;;;228;;
STK;14.11.2006 00:00;;;;;;;;;;;;;;3.9;15;14;54;;;;;;;;;;;;;;;;234;;
STK;15.11.2006 00:00;;;;;;;;;;;;;;0.8;4.1;2.9;14.8;;;;;;;;;;;;;;;;225;;
STK;16.11.2006 00:00;;;;;;;;;;;;;;1;9.3;3.6;33.5;;;;;;;;;;;;;;;;243;;
STK;17.11.2006 00:00;;;;;;;;;;;;;;1.3;5.6;4.7;20.2;;;;;;;;;;;;;;;;225;;
STK;18.11.2006 00:00;;;;;;;;;;;;;;1.4;7.1;5;25.6;;;;;;;;;;;;;;;;222;;
STK;19.11.2006 00:00;;;;;;;;;;;;;;2;13.1;7.2;47.2;;;;;;;;;;;;;;;;232;;
STK;20.11.2006 00:00;;;;;;;;;;;;;;2.7;9.6;9.7;34.6;;;;;;;;;;;;;;;;231;;
STK;21.11.2006 00:00;;;;;;;;;;;;;;4.1;14.1;14.8;50.8;;;;;;;;;;;;;;;;227;;
STK;22.11.2006 00:00;;;;;;;;;;;;;;4.8;15.5;17.3;55.8;;;;;;;;;;;;;;;;241;;
STK;23.11.2006 00:00;;;;;;;;;;;;;;2;11.7;7.2;42.1;;;;;;;;;;;;;;;;236;;
STK;24.11.2006 00:00;;;;;;;;;;;;;;1.3;6;4.7;21.6;;;;;;;;;;;;;;;;214;;
STK;25.11.2006 00:00;;;;;;;;;;;;;;1.1;4.8;4;17.3;;;;;;;;;;;;;;;;230;;
STK;26.11.2006 00:00;;;;;;;;;;;;;;1;4.7;3.6;16.9;;;;;;;;;;;;;;;;219;;
STK;27.11.2006 00:00;;;;;;;;;;;;;;1;4.5;3.6;16.2;;;;;;;;;;;;;;;;34;;
STK;28.11.2006 00:00;;;;;;;;;;;;;;1.1;4.2;4;15.1;;;;;;;;;;;;;;;;180;;
STK;29.11.2006 00:00;;;;;;;;;;;;;;0.8;3.3;2.9;11.9;;;;;;;;;;;;;;;;76;;
STK;30.11.2006 00:00;;;;;;;;;;;;;;3.6;11.3;13;40.7;;;;;;;;;;;;;;;;55;;
STK;01.12.2006 00:00;;;;;;;;;;;;;;1.5;5.6;5.4;20.2;;;;;;;;;;;;;;;;222;;
STK;02.12.2006 00:00;;;;;;;;;;;;;;1;3.7;3.6;13.3;;;;;;;;;;;;;;;;214;;
STK;03.12.2006 00:00;;;;;;;;;;;;;;2.2;17.2;7.9;61.9;;;;;;;;;;;;;;;;218;;
STK;04.12.2006 00:00;;;;;;;;;;;;;;6.4;18.1;23;65.2;;;;;;;;;;;;;;;;228;;
STK;05.12.2006 00:00;;;;;;;;;;;;;;3;13.3;10.8;47.9;;;;;;;;;;;;;;;;229;;
STK;06.12.2006 00:00;;;;;;;;;;;;;;2.2;10.1;7.9;36.4;;;;;;;;;;;;;;;;236;;
STK;07.12.2006 00:00;;;;;;;;;;;;;;1.9;10.6;6.8;38.2;;;;;;;;;;;;;;;;230;;
STK;08.12.2006 00:00;;;;;;;;;;;;;;2.9;16.8;10.4;60.5;;;;;;;;;;;;;;;;233;;
STK;09.12.2006 00:00;;;;;;;;;;;;;;3.5;7.5;12.6;27;;;;;;;;;;;;;;;;220;;
STK;10.12.2006 00:00;;;;;;;;;;;;;;2.2;7.1;7.9;25.6;;;;;;;;;;;;;;;;236;;
STK;11.12.2006 00:00;;;;;;;;;;;;;;2.1;8.3;7.6;29.9;;;;;;;;;;;;;;;;219;;
STK;12.12.2006 00:00;;;;;;;;;;;;;;2;11.3;7.2;40.7;;;;;;;;;;;;;;;;234;;
STK;13.12.2006 00:00;;;;;;;;;;;;;;2;9.6;7.2;34.6;;;;;;;;;;;;;;;;222;;
STK;14.12.2006 00:00;;;;;;;;;;;;;;0.8;3.5;2.9;12.6;;;;;;;;;;;;;;;;270;;
STK;15.12.2006 00:00;;;;;;;;;;;;;;0.9;3.3;3.2;11.9;;;;;;;;;;;;;;;;233;;
STK;16.12.2006 00:00;;;;;;;;;;;;;;1;4.2;3.6;15.1;;;;;;;;;;;;;;;;236;;
STK;17.12.2006 00:00;;;;;;;;;;;;;;1.1;5.5;4;19.8;;;;;;;;;;;;;;;;18;;
STK;18.12.2006 00:00;;;;;;;;;;;;;;2.5;11.8;9;42.5;;;;;;;;;;;;;;;;63;;
STK;19.12.2006 00:00;;;;;;;;;;;;;;10.2;18.5;36.7;66.6;;;;;;;;;;;;;;;;56;;
STK;20.12.2006 00:00;;;;;;;;;;;;;;7;14.7;25.2;52.9;;;;;;;;;;;;;;;;56;;
STK;21.12.2006 00:00;;;;;;;;;;;;;;6.1;14.2;22;51.1;;;;;;;;;;;;;;;;48;;
STK;22.12.2006 00:00;;;;;;;;;;;;;;6.1;12.6;22;45.4;;;;;;;;;;;;;;;;60;;
STK;23.12.2006 00:00;;;;;;;;;;;;;;1.2;5.6;4.3;20.2;;;;;;;;;;;;;;;;84;;
STK;24.12.2006 00:00;;;;;;;;;;;;;;1.1;5.6;4;20.2;;;;;;;;;;;;;;;;84;;
STK;25.12.2006 00:00;;;;;;;;;;;;;;2;7.7;7.2;27.7;;;;;;;;;;;;;;;;66;;
STK;26.12.2006 00:00;;;;;;;;;;;;;;2;7.3;7.2;26.3;;;;;;;;;;;;;;;;73;;
STK;27.12.2006 00:00;;;;;;;;;;;;;;1.5;4.1;5.4;14.8;;;;;;;;;;;;;;;;211;;
STK;28.12.2006 00:00;;;;;;;;;;;;;;1.5;5;5.4;18;;;;;;;;;;;;;;;;212;;
STK;29.12.2006 00:00;;;;;;;;;;;;;;1.1;4.1;4;14.8;;;;;;;;;;;;;;;;221;;
STK;30.12.2006 00:00;;;;;;;;;;;;;;1.3;15.8;4.7;56.9;;;;;;;;;;;;;;;;211;;
STK;31.12.2006 00:00;;;;;;;;;;;;;;4.5;16.5;16.2;59.4;;;;;;;;;;;;;;;;234;;
STK;01.01.2007 00:00;;;;;;;;;;;;;;7.4;20.8;26.6;74.9;;;;;;;;;;;;;;;;230;;
STK;02.01.2007 00:00;;;;;;;;;;;;;;7.8;19.2;28.1;69.1;;;;;;;;;;;;;;;;237;;
STK;03.01.2007 00:00;;;;;;;;;;;;;;4.4;10.6;15.8;38.2;;;;;;;;;;;;;;;;233;;
STK;04.01.2007 00:00;;;;;;;;;;;;;;6.7;19.3;24.1;69.5;;;;;;;;;;;;;;;;234;;
STK;05.01.2007 00:00;;;;;;;;;;;;;;5.3;13.5;19.1;48.6;;;;;;;;;;;;;;;;230;;
STK;06.01.2007 00:00;;;;;;;;;;;;;;4.7;12.1;16.9;43.6;;;;;;;;;;;;;;;;237;;
STK;07.01.2007 00:00;;;;;;;;;;;;;;3.6;13.8;13;49.7;;;;;;;;;;;;;;;;234;;
STK;08.01.2007 00:00;;;;;;;;;;;;;;4.7;18.1;16.9;65.2;;;;;;;;;;;;;;;;226;;
STK;09.01.2007 00:00;;;;;;;;;;;;;;6.3;17.3;22.7;62.3;;;;;;;;;;;;;;;;230;;
STK;10.01.2007 00:00;;;;;;;;;;;;;;2.4;12.5;8.6;45;;;;;;;;;;;;;;;;237;;
STK;11.01.2007 00:00;;;;;;;;;;;;;;9.1;28;32.8;100.8;;;;;;;;;;;;;;;;239;;
STK;12.01.2007 00:00;;;;;;;;;;;;;;6;16.2;21.6;58.3;;;;;;;;;;;;;;;;234;;
STK;13.01.2007 00:00;;;;;;;;;;;;;;3.5;14.1;12.6;50.8;;;;;;;;;;;;;;;;229;;
STK;14.01.2007 00:00;;;;;;;;;;;;;;4.4;16.8;15.8;60.5;;;;;;;;;;;;;;;;233;;
STK;15.01.2007 00:00;;;;;;;;;;;;;;1.1;6;4;21.6;;;;;;;;;;;;;;;;219;;
STK;16.01.2007 00:00;;;;;;;;;;;;;;1.8;5.7;6.5;20.5;;;;;;;;;;;;;;;;162;;
STK;17.01.2007 00:00;;;;;;;;;;;;;;3.7;15.5;13.3;55.8;;;;;;;;;;;;;;;;226;;
STK;18.01.2007 00:00;;;;;;;;;;;;;;13.7;32.8;49.3;118.1;;;;;;;;;;;;;;;;233;;
STK;19.01.2007 00:00;;;;;;;;;;;;;;11.1;25.6;40;92.2;;;;;;;;;;;;;;;;236;;
STK;20.01.2007 00:00;;;;;;;;;;;;;;7.2;16.5;25.9;59.4;;;;;;;;;;;;;;;;228;;
STK;21.01.2007 00:00;;;;;;;;;;;;;;7.5;17.8;27;64.1;;;;;;;;;;;;;;;;238;;
STK;22.01.2007 00:00;;;;;;;;;;;;;;3;12.5;10.8;45;;;;;;;;;;;;;;;;52;;
STK;23.01.2007 00:00;;;;;;;;;;;;;;9.8;17.8;35.3;64.1;;;;;;;;;;;;;;;;54;;
STK;24.01.2007 00:00;;;;;;;;;;;;;;2.4;8.5;8.6;30.6;;;;;;;;;;;;;;;;291;;
STK;25.01.2007 00:00;;;;;;;;;;;;;;6.2;16;22.3;57.6;;;;;;;;;;;;;;;;59;;
STK;26.01.2007 00:00;;;;;;;;;;;;;;2.7;11.5;9.7;41.4;;;;;;;;;;;;;;;;72;;
STK;27.01.2007 00:00;;;;;;;;;;;;;;6.4;13.3;23;47.9;;;;;;;;;;;;;;;;228;;
STK;28.01.2007 00:00;;;;;;;;;;;;;;6;19.8;21.6;71.3;;;;;;;;;;;;;;;;234;;
STK;29.01.2007 00:00;;;;;;;;;;;;;;3.4;13.8;12.2;49.7;;;;;;;;;;;;;;;;225;;
STK;30.01.2007 00:00;;;;;;;;;;;;;;0.8;3.7;2.9;13.3;;;;;;;;;;;;;;;;76;;
STK;31.01.2007 00:00;;;;;;;;;;;;;;2;6.5;7.2;23.4;;;;;;;;;;;;;;;;227;;
STK;01.02.2007 00:00;;;;;;;;;;;;;;1.8;7;6.5;25.2;;;;;;;;;;;;;;;;234;;
STK;02.02.2007 00:00;;;;;;;;;;;;;;0.7;3.8;2.5;13.7;;;;;;;;;;;;;;;;45;;
STK;03.02.2007 00:00;;;;;;;;;;;;;;1.8;7.7;6.5;27.7;;;;;;;;;;;;;;;;69;;
STK;04.02.2007 00:00;;;;;;;;;;;;;;1.5;7;5.4;25.2;;;;;;;;;;;;;;;;66;;
STK;05.02.2007 00:00;;;;;;;;;;;;;;3.5;14;12.6;50.4;;;;;;;;;;;;;;;;230;;
STK;06.02.2007 00:00;;;;;;;;;;;;;;2.8;8.8;10.1;31.7;;;;;;;;;;;;;;;;227;;
STK;07.02.2007 00:00;;;;;;;;;;;;;;1.2;7.1;4.3;25.6;;;;;;;;;;;;;;;;239;;
STK;08.02.2007 00:00;;;;;;;;;;;;;;4.4;16;15.8;57.6;;;;;;;;;;;;;;;;232;;
STK;09.02.2007 00:00;;;;;;;;;;;;;;1.3;11.1;4.7;40;;;;;;;;;;;;;;;;207;;
STK;10.02.2007 00:00;;;;;;;;;;;;;;1.8;8.5;6.5;30.6;;;;;;;;;;;;;;;;228;;
STK;11.02.2007 00:00;;;;;;;;;;;;;;4;22.1;14.4;79.6;;;;;;;;;;;;;;;;238;;
STK;12.02.2007 00:00;;;;;;;;;;;;;;4.7;19.7;16.9;70.9;;;;;;;;;;;;;;;;232;;
STK;13.02.2007 00:00;;;;;;;;;;;;;;6.9;16.5;24.8;59.4;;;;;;;;;;;;;;;;230;;
STK;14.02.2007 00:00;;;;;;;;;;;;;;1.6;7.6;5.8;27.4;;;;;;;;;;;;;;;;225;;
STK;15.02.2007 00:00;;;;;;;;;;;;;;2.5;9.5;9;34.2;;;;;;;;;;;;;;;;243;;
STK;16.02.2007 00:00;;;;;;;;;;;;;;1.1;4.3;4;15.5;;;;;;;;;;;;;;;;72;;
STK;17.02.2007 00:00;;;;;;;;;;;;;;0.8;2.8;2.9;10.1;;;;;;;;;;;;;;;;90;;
STK;18.02.2007 00:00;;;;;;;;;;;;;;0.8;3.8;2.9;13.7;;;;;;;;;;;;;;;;63;;
STK;19.02.2007 00:00;;;;;;;;;;;;;;0.8;3.1;2.9;11.2;;;;;;;;;;;;;;;;117;;
STK;20.02.2007 00:00;;;;;;;;;;;;;;0.8;2.5;2.9;9;;;;;;;;;;;;;;;;180;;
STK;21.02.2007 00:00;;;;;;;;;;;;;;0.7;2.3;2.5;8.3;;;;;;;;;;;;;;;;135;;
STK;22.02.2007 00:00;;;;;;;;;;;;;;0.9;3;3.2;10.8;;;;;;;;;;;;;;;;79;;
STK;23.02.2007 00:00;;;;;;;;;;;;;;0.7;2.5;2.5;9;;;;;;;;;;;;;;;;90;;
STK;24.02.2007 00:00;;;;;;;;;;;;;;2.8;22.8;10.1;82.1;;;;;;;;;;;;;;;;239;;
STK;25.02.2007 00:00;;;;;;;;;;;;;;4.6;18.8;16.6;67.7;;;;;;;;;;;;;;;;232;;
STK;26.02.2007 00:00;;;;;;;;;;;;;;6.8;15.1;24.5;54.4;;;;;;;;;;;;;;;;234;;
STK;27.02.2007 00:00;;;;;;;;;;;;;;7.1;20.5;25.6;73.8;;;;;;;;;;;;;;;;235;;
STK;28.02.2007 00:00;;;;;;;;;;;;;;8.9;22.8;32;82.1;;;;;;;;;;;;;;;;234;;
STK;01.03.2007 00:00;;;;;;;;;;;;;;8.9;27;32;97.2;;;;;;;;;;;;;;;;232;;
STK;02.03.2007 00:00;;;;;;;;;;;;;;5;15.3;18;55.1;;;;;;;;;;;;;;;;236;;
STK;03.03.2007 00:00;;;;;;;;;;;;;;7.8;25.3;28.1;91.1;;;;;;;;;;;;;;;;240;;
STK;04.03.2007 00:00;;;;;;;;;;;;;;1.6;6.7;5.8;24.1;;;;;;;;;;;;;;;;81;;
STK;05.03.2007 00:00;;;;;;;;;;;;;;3.4;14.6;12.2;52.6;;;;;;;;;;;;;;;;235;;
STK;06.03.2007 00:00;;;;;;;;;;;;;;0.6;3.2;2.2;11.5;;;;;;;;;;;;;;;;63;;
STK;07.03.2007 00:00;;;;;;;;;;;;;;1.4;8.6;5;31;;;;;;;;;;;;;;;;238;;
STK;08.03.2007 00:00;;;;;;;;;;;;;;0.9;6.5;3.2;23.4;;;;;;;;;;;;;;;;27;;
STK;09.03.2007 00:00;;;;;;;;;;;;;;1.8;9.8;6.5;35.3;;;;;;;;;;;;;;;;235;;
STK;10.03.2007 00:00;;;;;;;;;;;;;;1.8;7.5;6.5;27;;;;;;;;;;;;;;;;307;;
STK;11.03.2007 00:00;;;;;;;;;;;;;;2.1;10.8;7.6;38.9;;;;;;;;;;;;;;;;62;;
STK;12.03.2007 00:00;;;;;;;;;;;;;;1.4;4.3;5;15.5;;;;;;;;;;;;;;;;99;;
STK;13.03.2007 00:00;;;;;;;;;;;;;;0.8;2.5;2.9;9;;;;;;;;;;;;;;;;90;;
STK;14.03.2007 00:00;;;;;;;;;;;;;;1.2;5.2;4.3;18.7;;;;;;;;;;;;;;;;67;;
STK;15.03.2007 00:00;;;;;;;;;;;;;;1;2.7;3.6;9.7;;;;;;;;;;;;;;;;45;;
STK;16.03.2007 00:00;;;;;;;;;;;;;;0.9;2.7;3.2;9.7;;;;;;;;;;;;;;;;153;;
STK;17.03.2007 00:00;;;;;;;;;;;;;;4.8;14.5;17.3;52.2;;;;;;;;;;;;;;;;240;;
STK;18.03.2007 00:00;;;;;;;;;;;;;;8.3;20.8;29.9;74.9;;;;;;;;;;;;;;;;239;;
STK;19.03.2007 00:00;;;;;;;;;;;;;;3.7;12.1;13.3;43.6;;;;;;;;;;;;;;;;232;;
STK;20.03.2007 00:00;;;;;;;;;;;;;;3.7;10.7;13.3;38.5;;;;;;;;;;;;;;;;9;;
STK;21.03.2007 00:00;;;;;;;;;;;;;;1.9;9.3;6.8;33.5;;;;;;;;;;;;;;;;229;;
STK;22.03.2007 00:00;;;;;;;;;;;;;;5.7;13.8;20.5;49.7;;;;;;;;;;;;;;;;227;;
STK;23.03.2007 00:00;;;;;;;;;;;;;;4.7;11.7;16.9;42.1;;;;;;;;;;;;;;;;234;;
STK;24.03.2007 00:00;;;;;;;;;;;;;;1.8;4.5;6.5;16.2;;;;;;;;;;;;;;;;239;;
STK;25.03.2007 00:00;;;;;;;;;;;;;;4;10.8;14.4;38.9;;;;;;;;;;;;;;;;57;;
STK;26.03.2007 00:00;;;;;;;;;;;;;;1.7;5.2;6.1;18.7;;;;;;;;;;;;;;;;48;;
STK;27.03.2007 00:00;;;;;;;;;;;;;;1.6;5.5;5.8;19.8;;;;;;;;;;;;;;;;76;;
STK;28.03.2007 00:00;;;;;;;;;;;;;;1.4;7.2;5;25.9;;;;;;;;;;;;;;;;90;;
STK;29.03.2007 00:00;;;;;;;;;;;;;;1.7;9;6.1;32.4;;;;;;;;;;;;;;;;246;;
STK;30.03.2007 00:00;;;;;;;;;;;;;;2.9;17.1;10.4;61.6;;;;;;;;;;;;;;;;261;;
STK;31.03.2007 00:00;;;;;;;;;;;;;;1.9;14.5;6.8;52.2;;;;;;;;;;;;;;;;234;;
STK;01.04.2007 00:00;;;;;;;;;;;;;;0.9;3.5;3.2;12.6;;;;;;;;;;;;;;;;135;;
STK;02.04.2007 00:00;;;;;;;;;;;;;;1;3.1;3.6;11.2;;;;;;;;;;;;;;;;90;;
STK;03.04.2007 00:00;;;;;;;;;;;;;;2.5;11.5;9;41.4;;;;;;;;;;;;;;;;7;;
STK;04.04.2007 00:00;;;;;;;;;;;;;;7.2;14.6;25.9;52.6;;;;;;;;;;;;;;;;56;;
STK;05.04.2007 00:00;;;;;;;;;;;;;;1.5;5.7;5.4;20.5;;;;;;;;;;;;;;;;56;;
STK;06.04.2007 00:00;;;;;;;;;;;;;;1.1;5.2;4;18.7;;;;;;;;;;;;;;;;81;;
STK;07.04.2007 00:00;;;;;;;;;;;;;;2.2;10.5;7.9;37.8;;;;;;;;;;;;;;;;48;;
STK;08.04.2007 00:00;;;;;;;;;;;;;;2.7;8.5;9.7;30.6;;;;;;;;;;;;;;;;50;;
STK;09.04.2007 00:00;;;;;;;;;;;;;;2.4;8.7;8.6;31.3;;;;;;;;;;;;;;;;233;;
STK;10.04.2007 00:00;;;;;;;;;;;;;;1.6;4.6;5.8;16.6;;;;;;;;;;;;;;;;61;;
STK;11.04.2007 00:00;;;;;;;;;;;;;;1.7;6.7;6.1;24.1;;;;;;;;;;;;;;;;67;;
STK;12.04.2007 00:00;;;;;;;;;;;;;;1;3.5;3.6;12.6;;;;;;;;;;;;;;;;79;;
STK;13.04.2007 00:00;;;;;;;;;;;;;;1.1;4;4;14.4;;;;;;;;;;;;;;;;90;;
STK;14.04.2007 00:00;;;;;;;;;;;;;;1.5;5.5;5.4;19.8;;;;;;;;;;;;;;;;72;;
STK;15.04.2007 00:00;;;;;;;;;;;;;;1.5;6.5;5.4;23.4;;;;;;;;;;;;;;;;67;;
STK;16.04.2007 00:00;;;;;;;;;;;;;;1.4;7.2;5;25.9;;;;;;;;;;;;;;;;63;;
STK;17.04.2007 00:00;;;;;;;;;;;;;;1.1;3.1;4;11.2;;;;;;;;;;;;;;;;180;;
STK;18.04.2007 00:00;;;;;;;;;;;;;;2.6;9.6;9.4;34.6;;;;;;;;;;;;;;;;50;;
STK;19.04.2007 00:00;;;;;;;;;;;;;;1.2;3.8;4.3;13.7;;;;;;;;;;;;;;;;51;;
STK;20.04.2007 00:00;;;;;;;;;;;;;;1.5;6.8;5.4;24.5;;;;;;;;;;;;;;;;63;;
STK;21.04.2007 00:00;;;;;;;;;;;;;;1.3;4.3;4.7;15.5;;;;;;;;;;;;;;;;69;;
STK;22.04.2007 00:00;;;;;;;;;;;;;;1.4;3.7;5;13.3;;;;;;;;;;;;;;;;162;;
STK;23.04.2007 00:00;;;;;;;;;;;;;;1.2;5.7;4.3;20.5;;;;;;;;;;;;;;;;198;;
STK;24.04.2007 00:00;;;;;;;;;;;;;;1.3;4.2;4.7;15.1;;;;;;;;;;;;;;;;72;;
STK;25.04.2007 00:00;;;;;;;;;;;;;;1.6;6.8;5.8;24.5;;;;;;;;;;;;;;;;61;;
STK;26.04.2007 00:00;;;;;;;;;;;;;;1.4;4.8;5;17.3;;;;;;;;;;;;;;;;77;;
STK;27.04.2007 00:00;;;;;;;;;;;;;;1.9;8.6;6.8;31;;;;;;;;;;;;;;;;216;;
STK;28.04.2007 00:00;;;;;;;;;;;;;;1.4;4;5;14.4;;;;;;;;;;;;;;;;230;;
STK;29.04.2007 00:00;;;;;;;;;;;;;;2.5;10.1;9;36.4;;;;;;;;;;;;;;;;63;;
STK;30.04.2007 00:00;;;;;;;;;;;;;;3.8;10.7;13.7;38.5;;;;;;;;;;;;;;;;54;;
STK;01.05.2007 00:00;;;;;;;;;;;;;;4.8;12.1;17.3;43.6;;;;;;;;;;;;;;;;56;;
STK;02.05.2007 00:00;;;;;;;;;;;;;;3.4;9.8;12.2;35.3;;;;;;;;;;;;;;;;57;;
STK;03.05.2007 00:00;;;;;;;;;;;;;;2.1;11.7;7.6;42.1;;;;;;;;;;;;;;;;135;;
STK;04.05.2007 00:00;;;;;;;;;;;;;;1.7;8.3;6.1;29.9;;;;;;;;;;;;;;;;50;;
STK;05.05.2007 00:00;;;;;;;;;;;;;;1.6;6.5;5.8;23.4;;;;;;;;;;;;;;;;329;;
STK;06.05.2007 00:00;;;;;;;;;;;;;;3;8.7;10.8;31.3;;;;;;;;;;;;;;;;224;;
STK;07.05.2007 00:00;;;;;;;;;;;;;;5.8;14.8;20.9;53.3;;;;;;;;;;;;;;;;230;;
STK;08.05.2007 00:00;;;;;;;;;;;;;;8.9;21.8;32;78.5;;;;;;;;;;;;;;;;236;;
STK;09.05.2007 00:00;;;;;;;;;;;;;;9.2;20.7;33.1;74.5;;;;;;;;;;;;;;;;242;;
STK;10.05.2007 00:00;;;;;;;;;;;;;;4.5;16;16.2;57.6;;;;;;;;;;;;;;;;237;;
STK;11.05.2007 00:00;;;;;;;;;;;;;;6.4;18.2;23;65.5;;;;;;;;;;;;;;;;254;;
STK;12.05.2007 00:00;;;;;;;;;;;;;;5.7;19.5;20.5;70.2;;;;;;;;;;;;;;;;245;;
STK;13.05.2007 00:00;;;;;;;;;;;;;;1.4;7.1;5;25.6;;;;;;;;;;;;;;;;117;;
STK;14.05.2007 00:00;;;;;;;;;;;;;;3.3;17.6;11.9;63.4;;;;;;;;;;;;;;;;270;;
STK;15.05.2007 00:00;;;;;;;;;;;;;;5.2;17.7;18.7;63.7;;;;;;;;;;;;;;;;239;;
STK;16.05.2007 00:00;;;;;;;;;;;;;;4;16.2;14.4;58.3;;;;;;;;;;;;;;;;240;;
STK;17.05.2007 00:00;;;;;;;;;;;;;;4.6;13.7;16.6;49.3;;;;;;;;;;;;;;;;233;;
STK;18.05.2007 00:00;;;;;;;;;;;;;;1.3;3.6;4.7;13;;;;;;;;;;;;;;;;74;;
STK;19.05.2007 00:00;;;;;;;;;;;;;;1.1;4;4;14.4;;;;;;;;;;;;;;;;79;;
STK;20.05.2007 00:00;;;;;;;;;;;;;;1.3;4.6;4.7;16.6;;;;;;;;;;;;;;;;135;;
STK;21.05.2007 00:00;;;;;;;;;;;;;;1.4;7.6;5;27.4;;;;;;;;;;;;;;;;45;;
STK;22.05.2007 00:00;;;;;;;;;;;;;;1.5;5;5.4;18;;;;;;;;;;;;;;;;63;;
STK;23.05.2007 00:00;;;;;;;;;;;;;;1.6;8;5.8;28.8;;;;;;;;;;;;;;;;61;;
STK;24.05.2007 00:00;;;;;;;;;;;;;;1.7;6.2;6.1;22.3;;;;;;;;;;;;;;;;76;;
STK;25.05.2007 00:00;;;;;;;;;;;;;;0.9;5;3.2;18;;;;;;;;;;;;;;;;135;;
STK;26.05.2007 00:00;;;;;;;;;;;;;;2.2;8.3;7.9;29.9;;;;;;;;;;;;;;;;225;;
STK;27.05.2007 00:00;;;;;;;;;;;;;;4.4;14.1;15.8;50.8;;;;;;;;;;;;;;;;240;;
STK;28.05.2007 00:00;;;;;;;;;;;;;;5.1;13;18.4;46.8;;;;;;;;;;;;;;;;229;;
STK;29.05.2007 00:00;;;;;;;;;;;;;;8.5;21;30.6;75.6;;;;;;;;;;;;;;;;238;;
STK;30.05.2007 00:00;;;;;;;;;;;;;;2.2;6.8;7.9;24.5;;;;;;;;;;;;;;;;75;;
STK;31.05.2007 00:00;;;;;;;;;;;;;;1.9;11;6.8;39.6;;;;;;;;;;;;;;;;69;;
STK;01.06.2007 00:00;;;;;;;;;;;;;;4.6;12.8;16.6;46.1;;;;;;;;;;;;;;;;237;;
STK;02.06.2007 00:00;;;;;;;;;;;;;;1.9;6;6.8;21.6;;;;;;;;;;;;;;;;232;;
STK;03.06.2007 00:00;;;;;;;;;;;;;;0.9;4.8;3.2;17.3;;;;;;;;;;;;;;;;39;;
STK;04.06.2007 00:00;;;;;;;;;;;;;;1.5;7.8;5.4;28.1;;;;;;;;;;;;;;;;67;;
STK;05.06.2007 00:00;;;;;;;;;;;;;;3.1;11.5;11.2;41.4;;;;;;;;;;;;;;;;54;;
STK;06.06.2007 00:00;;;;;;;;;;;;;;2.1;6.3;7.6;22.7;;;;;;;;;;;;;;;;53;;
STK;07.06.2007 00:00;;;;;;;;;;;;;;1.4;7.2;5;25.9;;;;;;;;;;;;;;;;198;;
STK;08.06.2007 00:00;;;;;;;;;;;;;;1.9;6.1;6.8;22;;;;;;;;;;;;;;;;236;;
STK;09.06.2007 00:00;;;;;;;;;;;;;;1.6;14.1;5.8;50.8;;;;;;;;;;;;;;;;233;;
STK;10.06.2007 00:00;;;;;;;;;;;;;;2;14.1;7.2;50.8;;;;;;;;;;;;;;;;243;;
STK;11.06.2007 00:00;;;;;;;;;;;;;;3.3;10.2;11.9;36.7;;;;;;;;;;;;;;;;237;;
STK;12.06.2007 00:00;;;;;;;;;;;;;;3.5;7.7;12.6;27.7;;;;;;;;;;;;;;;;237;;
STK;13.06.2007 00:00;;;;;;;;;;;;;;1.5;9.6;5.4;34.6;;;;;;;;;;;;;;;;59;;
STK;14.06.2007 00:00;;;;;;;;;;;;;;2.3;12.8;8.3;46.1;;;;;;;;;;;;;;;;51;;
STK;15.06.2007 00:00;;;;;;;;;;;;;;3.5;14.1;12.6;50.8;;;;;;;;;;;;;;;;236;;
STK;16.06.2007 00:00;;;;;;;;;;;;;;2.7;10.2;9.7;36.7;;;;;;;;;;;;;;;;246;;
STK;17.06.2007 00:00;;;;;;;;;;;;;;1.9;11.1;6.8;40;;;;;;;;;;;;;;;;180;;
STK;18.06.2007 00:00;;;;;;;;;;;;;;2.9;9.1;10.4;32.8;;;;;;;;;;;;;;;;242;;
STK;19.06.2007 00:00;;;;;;;;;;;;;;1.6;8.1;5.8;29.2;;;;;;;;;;;;;;;;76;;
STK;20.06.2007 00:00;;;;;;;;;;;;;;2.4;12.2;8.6;43.9;;;;;;;;;;;;;;;;236;;
STK;21.06.2007 00:00;;;;;;;;;;;;;;3.4;32.2;12.2;115.9;;;;;;;;;;;;;;;;246;;
STK;22.06.2007 00:00;;;;;;;;;;;;;;2;12.6;7.2;45.4;;;;;;;;;;;;;;;;228;;
STK;23.06.2007 00:00;;;;;;;;;;;;;;4.4;14.8;15.8;53.3;;;;;;;;;;;;;;;;248;;
STK;24.06.2007 00:00;;;;;;;;;;;;;;1.7;7.2;6.1;25.9;;;;;;;;;;;;;;;;63;;
STK;25.06.2007 00:00;;;;;;;;;;;;;;3.5;14.2;12.6;51.1;;;;;;;;;;;;;;;;234;;
STK;26.06.2007 00:00;;;;;;;;;;;;;;8.8;24.7;31.7;88.9;;;;;;;;;;;;;;;;237;;
STK;27.06.2007 00:00;;;;;;;;;;;;;;5.7;13.8;20.5;49.7;;;;;;;;;;;;;;;;230;;
STK;28.06.2007 00:00;;;;;;;;;;;;;;4.9;13.1;17.6;47.2;;;;;;;;;;;;;;;;240;;
STK;29.06.2007 00:00;;;;;;;;;;;;;;2.7;10.3;9.7;37.1;;;;;;;;;;;;;;;;251;;
STK;30.06.2007 00:00;;;;;;;;;;;;;;2.9;9.6;10.4;34.6;;;;;;;;;;;;;;;;235;;
STK;01.07.2007 00:00;;;;;;;;;;;;;;2;11.3;7.2;40.7;;;;;;;;;;;;;;;;225;;
STK;02.07.2007 00:00;;;;;;;;;;;;;;3.1;10;11.2;36;;;;;;;;;;;;;;;;222;;
STK;03.07.2007 00:00;;;;;;;;;;;;;;3.3;12.2;11.9;43.9;;;;;;;;;;;;;;;;242;;
STK;04.07.2007 00:00;;;;;;;;;;;;;;8.1;22.6;29.2;81.4;;;;;;;;;;;;;;;;237;;
STK;05.07.2007 00:00;;;;;;;;;;;;;;7;15.6;25.2;56.2;;;;;;;;;;;;;;;;235;;
STK;06.07.2007 00:00;;;;;;;;;;;;;;5.6;14.5;20.2;52.2;;;;;;;;;;;;;;;;236;;
STK;07.07.2007 00:00;;;;;;;;;;;;;;2.5;8.1;9;29.2;;;;;;;;;;;;;;;;237;;
STK;08.07.2007 00:00;;;;;;;;;;;;;;1.4;8.6;5;31;;;;;;;;;;;;;;;;252;;
STK;09.07.2007 00:00;;;;;;;;;;;;;;4;11.2;14.4;40.3;;;;;;;;;;;;;;;;232;;
STK;10.07.2007 00:00;;;;;;;;;;;;;;5.7;14.3;20.5;51.5;;;;;;;;;;;;;;;;231;;
STK;11.07.2007 00:00;;;;;;;;;;;;;;4.6;13.2;16.6;47.5;;;;;;;;;;;;;;;;232;;
STK;12.07.2007 00:00;;;;;;;;;;;;;;4.7;11.3;16.9;40.7;;;;;;;;;;;;;;;;235;;
STK;13.07.2007 00:00;;;;;;;;;;;;;;1.5;4.5;5.4;16.2;;;;;;;;;;;;;;;;60;;
STK;14.07.2007 00:00;;;;;;;;;;;;;;1.1;4.5;4;16.2;;;;;;;;;;;;;;;;225;;
STK;15.07.2007 00:00;;;;;;;;;;;;;;1.2;3.3;4.3;11.9;;;;;;;;;;;;;;;;90;;
STK;16.07.2007 00:00;;;;;;;;;;;;;;1.4;6.9;5;24.8;;;;;;;;;;;;;;;;153;;
STK;17.07.2007 00:00;;;;;;;;;;;;;;1.9;7.7;6.8;27.7;;;;;;;;;;;;;;;;233;;
STK;18.07.2007 00:00;;;;;;;;;;;;;;1.5;5.1;5.4;18.4;;;;;;;;;;;;;;;;54;;
STK;19.07.2007 00:00;;;;;;;;;;;;;;2.2;9.8;7.9;35.3;;;;;;;;;;;;;;;;230;;
STK;20.07.2007 00:00;;;;;;;;;;;;;;3.5;13.1;12.6;47.2;;;;;;;;;;;;;;;;244;;
STK;21.07.2007 00:00;;;;;;;;;;;;;;2.1;11.7;7.6;42.1;;;;;;;;;;;;;;;;238;;
STK;22.07.2007 00:00;;;;;;;;;;;;;;3.1;10.2;11.2;36.7;;;;;;;;;;;;;;;;231;;
STK;23.07.2007 00:00;;;;;;;;;;;;;;3;17.3;10.8;62.3;;;;;;;;;;;;;;;;233;;
STK;24.07.2007 00:00;;;;;;;;;;;;;;4.7;20.5;16.9;73.8;;;;;;;;;;;;;;;;237;;
STK;25.07.2007 00:00;;;;;;;;;;;;;;1.3;4.2;4.7;15.1;;;;;;;;;;;;;;;;211;;
STK;26.07.2007 00:00;;;;;;;;;;;;;;1.6;4;5.8;14.4;;;;;;;;;;;;;;;;214;;
STK;27.07.2007 00:00;;;;;;;;;;;;;;3.9;10.7;14;38.5;;;;;;;;;;;;;;;;238;;
STK;28.07.2007 00:00;;;;;;;;;;;;;;4.6;15.3;16.6;55.1;;;;;;;;;;;;;;;;247;;
STK;29.07.2007 00:00;;;;;;;;;;;;;;5.9;17.8;21.2;64.1;;;;;;;;;;;;;;;;245;;
STK;30.07.2007 00:00;;;;;;;;;;;;;;1.3;6.1;4.7;22;;;;;;;;;;;;;;;;22;;
STK;31.07.2007 00:00;;;;;;;;;;;;;;2.2;9.8;7.9;35.3;;;;;;;;;;;;;;;;65;;
STK;01.08.2007 00:00;;;;;;;;;;;;;;1.7;8.7;6.1;31.3;;;;;;;;;;;;;;;;55;;
STK;02.08.2007 00:00;;;;;;;;;;;;;;4;13.1;14.4;47.2;;;;;;;;;;;;;;;;231;;
STK;03.08.2007 00:00;;;;;;;;;;;;;;1.8;6.7;6.5;24.1;;;;;;;;;;;;;;;;231;;
STK;04.08.2007 00:00;;;;;;;;;;;;;;1.4;4.2;5;15.1;;;;;;;;;;;;;;;;53;;
STK;05.08.2007 00:00;;;;;;;;;;;;;;1.2;4.6;4.3;16.6;;;;;;;;;;;;;;;;67;;
STK;06.08.2007 00:00;;;;;;;;;;;;;;2.5;11;9;39.6;;;;;;;;;;;;;;;;225;;
STK;07.08.2007 00:00;;;;;;;;;;;;;;1.4;5.8;5;20.9;;;;;;;;;;;;;;;;232;;
STK;08.08.2007 00:00;;;;;;;;;;;;;;3.2;8.6;11.5;31;;;;;;;;;;;;;;;;246;;
STK;09.08.2007 00:00;;;;;;;;;;;;;;6;11.7;21.6;42.1;;;;;;;;;;;;;;;;233;;
STK;10.08.2007 00:00;;;;;;;;;;;;;;3.8;7.8;13.7;28.1;;;;;;;;;;;;;;;;234;;
STK;11.08.2007 00:00;;;;;;;;;;;;;;2.1;6;7.6;21.6;;;;;;;;;;;;;;;;219;;
STK;12.08.2007 00:00;;;;;;;;;;;;;;1.1;4.1;4;14.8;;;;;;;;;;;;;;;;90;;
STK;13.08.2007 00:00;;;;;;;;;;;;;;2.1;10;7.6;36;;;;;;;;;;;;;;;;225;;
STK;14.08.2007 00:00;;;;;;;;;;;;;;1.5;8.2;5.4;29.5;;;;;;;;;;;;;;;;234;;
STK;15.08.2007 00:00;;;;;;;;;;;;;;1.4;7.1;5;25.6;;;;;;;;;;;;;;;;79;;
STK;16.08.2007 00:00;;;;;;;;;;;;;;4.5;12.3;16.2;44.3;;;;;;;;;;;;;;;;232;;
STK;17.08.2007 00:00;;;;;;;;;;;;;;1.7;8.6;6.1;31;;;;;;;;;;;;;;;;297;;
STK;18.08.2007 00:00;;;;;;;;;;;;;;1.2;3.7;4.3;13.3;;;;;;;;;;;;;;;;63;;
STK;19.08.2007 00:00;;;;;;;;;;;;;;1.8;15;6.5;54;;;;;;;;;;;;;;;;232;;
STK;20.08.2007 00:00;;;;;;;;;;;;;;2.4;9;8.6;32.4;;;;;;;;;;;;;;;;236;;
STK;21.08.2007 00:00;;;;;;;;;;;;;;1.7;6.7;6.1;24.1;;;;;;;;;;;;;;;;241;;
STK;22.08.2007 00:00;;;;;;;;;;;;;;2.5;8.1;9;29.2;;;;;;;;;;;;;;;;238;;
STK;23.08.2007 00:00;;;;;;;;;;;;;;1.2;7.5;4.3;27;;;;;;;;;;;;;;;;153;;
STK;24.08.2007 00:00;;;;;;;;;;;;;;1;3.8;3.6;13.7;;;;;;;;;;;;;;;;90;;
STK;25.08.2007 00:00;;;;;;;;;;;;;;1;2.6;3.6;9.4;;;;;;;;;;;;;;;;180;;
STK;26.08.2007 00:00;;;;;;;;;;;;;;1.1;3;4;10.8;;;;;;;;;;;;;;;;180;;
STK;27.08.2007 00:00;;;;;;;;;;;;;;1.4;5.5;5;19.8;;;;;;;;;;;;;;;;220;;
STK;28.08.2007 00:00;;;;;;;;;;;;;;1.4;5.5;5;19.8;;;;;;;;;;;;;;;;39;;
STK;29.08.2007 00:00;;;;;;;;;;;;;;2;8.8;7.2;31.7;;;;;;;;;;;;;;;;11;;
STK;30.08.2007 00:00;;;;;;;;;;;;;;2.3;8.2;8.3;29.5;;;;;;;;;;;;;;;;45;;
STK;31.08.2007 00:00;;;;;;;;;;;;;;1.3;4.3;4.7;15.5;;;;;;;;;;;;;;;;162;;
STK;01.09.2007 00:00;;;;;;;;;;;;;;2.3;7.1;8.3;25.6;;;;;;;;;;;;;;;;241;;
STK;02.09.2007 00:00;;;;;;;;;;;;;;1.2;3.6;4.3;13;;;;;;;;;;;;;;;;143;;
STK;03.09.2007 00:00;;;;;;;;;;;;;;4.8;19.1;17.3;68.8;;;;;;;;;;;;;;;;243;;
STK;04.09.2007 00:00;;;;;;;;;;;;;;2.4;12.3;8.6;44.3;;;;;;;;;;;;;;;;325;;
STK;05.09.2007 00:00;;;;;;;;;;;;;;2;11.8;7.2;42.5;;;;;;;;;;;;;;;;270;;
STK;06.09.2007 00:00;;;;;;;;;;;;;;2.9;8.3;10.4;29.9;;;;;;;;;;;;;;;;236;;
STK;07.09.2007 00:00;;;;;;;;;;;;;;2.2;6.6;7.9;23.8;;;;;;;;;;;;;;;;360;;
STK;08.09.2007 00:00;;;;;;;;;;;;;;1.1;4.7;4;16.9;;;;;;;;;;;;;;;;56;;
STK;09.09.2007 00:00;;;;;;;;;;;;;;1.3;6.1;4.7;22;;;;;;;;;;;;;;;;243;;
STK;10.09.2007 00:00;;;;;;;;;;;;;;5;15.8;18;56.9;;;;;;;;;;;;;;;;245;;
STK;11.09.2007 00:00;;;;;;;;;;;;;;1.9;8.8;6.8;31.7;;;;;;;;;;;;;;;;256;;
STK;12.09.2007 00:00;;;;;;;;;;;;;;1.9;8.1;6.8;29.2;;;;;;;;;;;;;;;;50;;
STK;13.09.2007 00:00;;;;;;;;;;;;;;1.2;2.6;4.3;9.4;;;;;;;;;;;;;;;;90;;
STK;14.09.2007 00:00;;;;;;;;;;;;;;2.5;10.1;9;36.4;;;;;;;;;;;;;;;;233;;
STK;15.09.2007 00:00;;;;;;;;;;;;;;1.2;4.1;4.3;14.8;;;;;;;;;;;;;;;;81;;
STK;16.09.2007 00:00;;;;;;;;;;;;;;1.4;5;5;18;;;;;;;;;;;;;;;;225;;
STK;17.09.2007 00:00;;;;;;;;;;;;;;2.3;11.5;8.3;41.4;;;;;;;;;;;;;;;;232;;
STK;18.09.2007 00:00;;;;;;;;;;;;;;4.5;13.5;16.2;48.6;;;;;;;;;;;;;;;;234;;
STK;19.09.2007 00:00;;;;;;;;;;;;;;1.2;3.5;4.3;12.6;;;;;;;;;;;;;;;;135;;
STK;20.09.2007 00:00;;;;;;;;;;;;;;1.3;4.2;4.7;15.1;;;;;;;;;;;;;;;;153;;
STK;21.09.2007 00:00;;;;;;;;;;;;;;1.2;3.2;4.3;11.5;;;;;;;;;;;;;;;;117;;
STK;22.09.2007 00:00;;;;;;;;;;;;;;1.1;3.8;4;13.7;;;;;;;;;;;;;;;;124;;
STK;23.09.2007 00:00;;;;;;;;;;;;;;1.1;2.8;4;10.1;;;;;;;;;;;;;;;;146;;
STK;24.09.2007 00:00;;;;;;;;;;;;;;1.7;8;6.1;28.8;;;;;;;;;;;;;;;;229;;
STK;25.09.2007 00:00;;;;;;;;;;;;;;2.7;11.2;9.7;40.3;;;;;;;;;;;;;;;;231;;
STK;26.09.2007 00:00;;;;;;;;;;;;;;1.3;5;4.7;18;;;;;;;;;;;;;;;;8;;
STK;27.09.2007 00:00;;;;;;;;;;;;;;2.2;6.2;7.9;22.3;;;;;;;;;;;;;;;;252;;
STK;28.09.2007 00:00;;;;;;;;;;;;;;5.2;16.2;18.7;58.3;;;;;;;;;;;;;;;;230;;
STK;29.09.2007 00:00;;;;;;;;;;;;;;4;14.8;14.4;53.3;;;;;;;;;;;;;;;;236;;
STK;30.09.2007 00:00;;;;;;;;;;;;;;1.2;5.3;4.3;19.1;;;;;;;;;;;;;;;;90;;
STK;01.10.2007 00:00;;;;;;;;;;;;;;0.9;3.3;3.2;11.9;;;;;;;;;;;;;;;;90;;
STK;02.10.2007 00:00;;;;;;;;;;;;;;0.6;2.6;2.2;9.4;;;;;;;;;;;;;;;;90;;
STK;03.10.2007 00:00;;;;;;;;;;;;;;1.1;5.1;4;18.4;;;;;;;;;;;;;;;;198;;
STK;04.10.2007 00:00;;;;;;;;;;;;;;1.5;8;5.4;28.8;;;;;;;;;;;;;;;;219;;
STK;05.10.2007 00:00;;;;;;;;;;;;;;2;8.5;7.2;30.6;;;;;;;;;;;;;;;;53;;
STK;06.10.2007 00:00;;;;;;;;;;;;;;3.1;8.2;11.2;29.5;;;;;;;;;;;;;;;;45;;
STK;07.10.2007 00:00;;;;;;;;;;;;;;1;3;3.6;10.8;;;;;;;;;;;;;;;;90;;
STK;08.10.2007 00:00;;;;;;;;;;;;;;1;3.3;3.6;11.9;;;;;;;;;;;;;;;;162;;
STK;09.10.2007 00:00;;;;;;;;;;;;;;0.9;2.6;3.2;9.4;;;;;;;;;;;;;;;;189;;
STK;10.10.2007 00:00;;;;;;;;;;;;;;2.2;10;7.9;36;;;;;;;;;;;;;;;;50;;
STK;11.10.2007 00:00;;;;;;;;;;;;;;2.7;7.8;9.7;28.1;;;;;;;;;;;;;;;;49;;
STK;12.10.2007 00:00;;;;;;;;;;;;;;1.1;3.8;4;13.7;;;;;;;;;;;;;;;;207;;
STK;13.10.2007 00:00;;;;;;;;;;;;;;3.3;9.5;11.9;34.2;;;;;;;;;;;;;;;;58;;
STK;14.10.2007 00:00;;;;;;;;;;;;;;1.4;6;5;21.6;;;;;;;;;;;;;;;;30;;
STK;15.10.2007 00:00;;;;;;;;;;;;;;1.3;4.3;4.7;15.5;;;;;;;;;;;;;;;;180;;
STK;16.10.2007 00:00;;;;;;;;;;;;;;0.9;3.6;3.2;13;;;;;;;;;;;;;;;;180;;
STK;17.10.2007 00:00;;;;;;;;;;;;;;2.3;9.2;8.3;33.1;;;;;;;;;;;;;;;;234;;
STK;18.10.2007 00:00;;;;;;;;;;;;;;2.5;9.6;9;34.6;;;;;;;;;;;;;;;;311;;
STK;19.10.2007 00:00;;;;;;;;;;;;;;2;7.3;7.2;26.3;;;;;;;;;;;;;;;;5;;
STK;20.10.2007 00:00;;;;;;;;;;;;;;5.5;12.3;19.8;44.3;;;;;;;;;;;;;;;;51;;
STK;21.10.2007 00:00;;;;;;;;;;;;;;1.8;9;6.5;32.4;;;;;;;;;;;;;;;;32;;
STK;22.10.2007 00:00;;;;;;;;;;;;;;7.7;16.8;27.7;60.5;;;;;;;;;;;;;;;;62;;
STK;23.10.2007 00:00;;;;;;;;;;;;;;7.3;15.8;26.3;56.9;;;;;;;;;;;;;;;;60;;
STK;24.10.2007 00:00;;;;;;;;;;;;;;9;15;32.4;54;;;;;;;;;;;;;;;;60;;
STK;25.10.2007 00:00;;;;;;;;;;;;;;5.2;10.6;18.7;38.2;;;;;;;;;;;;;;;;61;;
STK;26.10.2007 00:00;;;;;;;;;;;;;;2.6;8.5;9.4;30.6;;;;;;;;;;;;;;;;45;;
STK;27.10.2007 00:00;;;;;;;;;;;;;;1.2;4.6;4.3;16.6;;;;;;;;;;;;;;;;207;;
STK;28.10.2007 00:00;;;;;;;;;;;;;;1;4.6;3.6;16.6;;;;;;;;;;;;;;;;79;;
STK;29.10.2007 00:00;;;;;;;;;;;;;;1.2;4.6;4.3;16.6;;;;;;;;;;;;;;;;233;;
STK;30.10.2007 00:00;;;;;;;;;;;;;;1.3;6;4.7;21.6;;;;;;;;;;;;;;;;243;;
STK;31.10.2007 00:00;;;;;;;;;;;;;;4.8;10.8;17.3;38.9;;;;;;;;;;;;;;;;51;;
STK;01.11.2007 00:00;;;;;;;;;;;;;;1.9;6;6.8;21.6;;;;;;;;;;;;;;;;36;;
STK;02.11.2007 00:00;;;;;;;;;;;;;;1;4.7;3.6;16.9;;;;;;;;;;;;;;;;68;;
STK;03.11.2007 00:00;;;;;;;;;;;;;;0.8;3.5;2.9;12.6;;;;;;;;;;;;;;;;117;;
STK;04.11.2007 00:00;;;;;;;;;;;;;;2;8.8;7.2;31.7;;;;;;;;;;;;;;;;74;;
STK;05.11.2007 00:00;;;;;;;;;;;;;;1.5;6.2;5.4;22.3;;;;;;;;;;;;;;;;153;;
STK;06.11.2007 00:00;;;;;;;;;;;;;;5.5;13.3;19.8;47.9;;;;;;;;;;;;;;;;241;;
STK;07.11.2007 00:00;;;;;;;;;;;;;;5.6;13.2;20.2;47.5;;;;;;;;;;;;;;;;232;;
STK;08.11.2007 00:00;;;;;;;;;;;;;;5.5;13.2;19.8;47.5;;;;;;;;;;;;;;;;230;;
STK;09.11.2007 00:00;;;;;;;;;;;;;;10.1;23;36.4;82.8;;;;;;;;;;;;;;;;249;;
STK;10.11.2007 00:00;;;;;;;;;;;;;;11.2;22.8;40.3;82.1;;;;;;;;;;;;;;;;238;;
STK;11.11.2007 00:00;;;;;;;;;;;;;;10;21.8;36;78.5;;;;;;;;;;;;;;;;232;;
STK;12.11.2007 00:00;;;;;;;;;;;;;;3.6;13;13;46.8;;;;;;;;;;;;;;;;256;;
STK;13.11.2007 00:00;;;;;;;;;;;;;;6.4;17.5;23;63;;;;;;;;;;;;;;;;231;;
STK;14.11.2007 00:00;;;;;;;;;;;;;;4.8;16.2;17.3;58.3;;;;;;;;;;;;;;;;257;;
STK;15.11.2007 00:00;;;;;;;;;;;;;;4.4;12.1;15.8;43.6;;;;;;;;;;;;;;;;48;;
STK;16.11.2007 00:00;;;;;;;;;;;;;;5.9;10.8;21.2;38.9;;;;;;;;;;;;;;;;59;;
STK;17.11.2007 00:00;;;;;;;;;;;;;;2.7;9.7;9.7;34.9;;;;;;;;;;;;;;;;56;;
STK;18.11.2007 00:00;;;;;;;;;;;;;;1.5;5.1;5.4;18.4;;;;;;;;;;;;;;;;124;;
STK;19.11.2007 00:00;;;;;;;;;;;;;;1.3;4.2;4.7;15.1;;;;;;;;;;;;;;;;217;;
STK;20.11.2007 00:00;;;;;;;;;;;;;;1.3;5.7;4.7;20.5;;;;;;;;;;;;;;;;45;;
STK;21.11.2007 00:00;;;;;;;;;;;;;;1;6.2;3.6;22.3;;;;;;;;;;;;;;;;37;;
STK;22.11.2007 00:00;;;;;;;;;;;;;;1.1;4.2;4;15.1;;;;;;;;;;;;;;;;270;;
STK;23.11.2007 00:00;;;;;;;;;;;;;;1.4;5.7;5;20.5;;;;;;;;;;;;;;;;225;;
STK;24.11.2007 00:00;;;;;;;;;;;;;;3.2;8.8;11.5;31.7;;;;;;;;;;;;;;;;48;;
STK;25.11.2007 00:00;;;;;;;;;;;;;;6.8;15.1;24.5;54.4;;;;;;;;;;;;;;;;234;;
STK;26.11.2007 00:00;;;;;;;;;;;;;;6.5;15.7;23.4;56.5;;;;;;;;;;;;;;;;247;;
STK;27.11.2007 00:00;;;;;;;;;;;;;;1.3;6;4.7;21.6;;;;;;;;;;;;;;;;146;;
STK;28.11.2007 00:00;;;;;;;;;;;;;;0.7;2.5;2.5;9;;;;;;;;;;;;;;;;135;;
STK;29.11.2007 00:00;;;;;;;;;;;;;;1.5;5.1;5.4;18.4;;;;;;;;;;;;;;;;225;;
STK;30.11.2007 00:00;;;;;;;;;;;;;;3.9;12.1;14;43.6;;;;;;;;;;;;;;;;234;;
STK;01.12.2007 00:00;;;;;;;;;;;;;;4.1;13.1;14.8;47.2;;;;;;;;;;;;;;;;233;;
STK;02.12.2007 00:00;;;;;;;;;;;;;;8.5;22;30.6;79.2;;;;;;;;;;;;;;;;229;;
STK;03.12.2007 00:00;;;;;;;;;;;;;;9;26.5;32.4;95.4;;;;;;;;;;;;;;;;232;;
STK;04.12.2007 00:00;;;;;;;;;;;;;;4.9;15.2;17.6;54.7;;;;;;;;;;;;;;;;241;;
STK;05.12.2007 00:00;;;;;;;;;;;;;;1.3;7.5;4.7;27;;;;;;;;;;;;;;;;225;;
STK;06.12.2007 00:00;;;;;;;;;;;;;;6.1;16.6;22;59.8;;;;;;;;;;;;;;;;232;;
STK;07.12.2007 00:00;;;;;;;;;;;;;;9.9;22.6;35.6;81.4;;;;;;;;;;;;;;;;231;;
STK;08.12.2007 00:00;;;;;;;;;;;;;;4.4;14.6;15.8;52.6;;;;;;;;;;;;;;;;230;;
STK;09.12.2007 00:00;;;;;;;;;;;;;;5.5;18.2;19.8;65.5;;;;;;;;;;;;;;;;227;;
STK;10.12.2007 00:00;;;;;;;;;;;;;;6.4;15;23;54;;;;;;;;;;;;;;;;227;;
STK;11.12.2007 00:00;;;;;;;;;;;;;;3.5;8.8;12.6;31.7;;;;;;;;;;;;;;;;249;;
STK;12.12.2007 00:00;;;;;;;;;;;;;;1.5;6.2;5.4;22.3;;;;;;;;;;;;;;;;360;;
STK;13.12.2007 00:00;;;;;;;;;;;;;;5.2;11.8;18.7;42.5;;;;;;;;;;;;;;;;58;;
STK;14.12.2007 00:00;;;;;;;;;;;;;;4.8;14;17.3;50.4;;;;;;;;;;;;;;;;60;;
STK;15.12.2007 00:00;;;;;;;;;;;;;;8.6;14.8;31;53.3;;;;;;;;;;;;;;;;61;;
STK;16.12.2007 00:00;;;;;;;;;;;;;;7.8;14.5;28.1;52.2;;;;;;;;;;;;;;;;65;;
STK;17.12.2007 00:00;;;;;;;;;;;;;;7.5;16.2;27;58.3;;;;;;;;;;;;;;;;63;;
STK;18.12.2007 00:00;;;;;;;;;;;;;;2.2;8.3;7.9;29.9;;;;;;;;;;;;;;;;61;;
STK;19.12.2007 00:00;;;;;;;;;;;;;;0.9;4.3;3.2;15.5;;;;;;;;;;;;;;;;225;;
STK;20.12.2007 00:00;;;;;;;;;;;;;;1.1;4.5;4;16.2;;;;;;;;;;;;;;;;360;;
STK;21.12.2007 00:00;;;;;;;;;;;;;;1.3;5;4.7;18;;;;;;;;;;;;;;;;307;;
STK;22.12.2007 00:00;;;;;;;;;;;;;;1.2;4.8;4.3;17.3;;;;;;;;;;;;;;;;239;;
STK;23.12.2007 00:00;;;;;;;;;;;;;;0.9;3.3;3.2;11.9;;;;;;;;;;;;;;;;225;;
STK;24.12.2007 00:00;;;;;;;;;;;;;;0.8;3.6;2.9;13;;;;;;;;;;;;;;;;27;;
STK;25.12.2007 00:00;;;;;;;;;;;;;;1.5;4.5;5.4;16.2;;;;;;;;;;;;;;;;14;;
STK;26.12.2007 00:00;;;;;;;;;;;;;;1;3.5;3.6;12.6;;;;;;;;;;;;;;;;207;;
STK;27.12.2007 00:00;;;;;;;;;;;;;;0.8;2.7;2.9;9.7;;;;;;;;;;;;;;;;27;;
STK;28.12.2007 00:00;;;;;;;;;;;;;;1.4;3.7;5;13.3;;;;;;;;;;;;;;;;315;;
STK;29.12.2007 00:00;;;;;;;;;;;;;;1.4;5.7;5;20.5;;;;;;;;;;;;;;;;201;;
STK;30.12.2007 00:00;;;;;;;;;;;;;;3.1;6.7;11.2;24.1;;;;;;;;;;;;;;;;228;;
STK;31.12.2007 00:00;;;;;;;;;;;;;;1.4;4.6;5;16.6;;;;;;;;;;;;;;;;231;;
STK;01.01.2008 00:00;;;;;;;;;;;;;;3;9.6;10.8;34.6;;;;;;;;;;;;;;;;45;;
STK;02.01.2008 00:00;;;;;;;;;;;;;;2.5;9.2;9;33.1;;;;;;;;;;;;;;;;61;;
STK;03.01.2008 00:00;;;;;;;;;;;;;;1.3;4.2;4.7;15.1;;;;;;;;;;;;;;;;36;;
STK;04.01.2008 00:00;;;;;;;;;;;;;;0.8;5.7;2.9;20.5;;;;;;;;;;;;;;;;207;;
STK;05.01.2008 00:00;;;;;;;;;;;;;;1.4;12.3;5;44.3;;;;;;;;;;;;;;;;225;;
STK;06.01.2008 00:00;;;;;;;;;;;;;;3.5;11.8;12.6;42.5;;;;;;;;;;;;;;;;234;;
STK;07.01.2008 00:00;;;;;;;;;;;;;;5;19.5;18;70.2;;;;;;;;;;;;;;;;239;;
STK;08.01.2008 00:00;;;;;;;;;;;;;;1.6;11.3;5.8;40.7;;;;;;;;;;;;;;;;210;;
STK;09.01.2008 00:00;;;;;;;;;;;;;;2.7;11.6;9.7;41.8;;;;;;;;;;;;;;;;233;;
STK;10.01.2008 00:00;;;;;;;;;;;;;;0.7;3.1;2.5;11.2;;;;;;;;;;;;;;;;180;;
STK;11.01.2008 00:00;;;;;;;;;;;;;;1.1;6.3;4;22.7;;;;;;;;;;;;;;;;225;;
STK;12.01.2008 00:00;;;;;;;;;;;;;;4.4;13.7;15.8;49.3;;;;;;;;;;;;;;;;231;;
STK;13.01.2008 00:00;;;;;;;;;;;;;;1.3;4.2;4.7;15.1;;;;;;;;;;;;;;;;8;;
STK;14.01.2008 00:00;;;;;;;;;;;;;;1.1;4.6;4;16.6;;;;;;;;;;;;;;;;214;;
STK;15.01.2008 00:00;;;;;;;;;;;;;;0.9;4;3.2;14.4;;;;;;;;;;;;;;;;63;;
STK;16.01.2008 00:00;;;;;;;;;;;;;;1.5;10.3;5.4;37.1;;;;;;;;;;;;;;;;221;;
STK;17.01.2008 00:00;;;;;;;;;;;;;;2.5;12.2;9;43.9;;;;;;;;;;;;;;;;216;;
STK;18.01.2008 00:00;;;;;;;;;;;;;;6.2;16.2;22.3;58.3;;;;;;;;;;;;;;;;231;;
STK;19.01.2008 00:00;;;;;;;;;;;;;;6.3;15.5;22.7;55.8;;;;;;;;;;;;;;;;229;;
STK;20.01.2008 00:00;;;;;;;;;;;;;;2.7;8.2;9.7;29.5;;;;;;;;;;;;;;;;238;;
STK;21.01.2008 00:00;;;;;;;;;;;;;;4.1;21.2;14.8;76.3;;;;;;;;;;;;;;;;233;;
STK;22.01.2008 00:00;;;;;;;;;;;;;;6.1;19.2;22;69.1;;;;;;;;;;;;;;;;242;;
STK;23.01.2008 00:00;;;;;;;;;;;;;;0.8;3.3;2.9;11.9;;;;;;;;;;;;;;;;135;;
STK;24.01.2008 00:00;;;;;;;;;;;;;;0.9;3.2;3.2;11.5;;;;;;;;;;;;;;;;217;;
STK;25.01.2008 00:00;;;;;;;;;;;;;;1.4;5.6;5;20.2;;;;;;;;;;;;;;;;360;;
STK;26.01.2008 00:00;;;;;;;;;;;;;;1.9;5.8;6.8;20.9;;;;;;;;;;;;;;;;250;;
STK;27.01.2008 00:00;;;;;;;;;;;;;;3.3;8.8;11.9;31.7;;;;;;;;;;;;;;;;225;;
STK;28.01.2008 00:00;;;;;;;;;;;;;;0.6;2.6;2.2;9.4;;;;;;;;;;;;;;;;198;;
STK;29.01.2008 00:00;;;;;;;;;;;;;;0.8;3.4;2.9;12.2;;;;;;;;;;;;;;;;76;;
STK;30.01.2008 00:00;;;;;;;;;;;;;;3.5;10.8;12.6;38.9;;;;;;;;;;;;;;;;237;;
STK;31.01.2008 00:00;;;;;;;;;;;;;;3.4;10;12.2;36;;;;;;;;;;;;;;;;241;;
STK;01.02.2008 00:00;;;;;;;;;;;;;;7.3;19.7;26.3;70.9;;;;;;;;;;;;;;;;229;;
STK;02.02.2008 00:00;;;;;;;;;;;;;;3.1;10.3;11.2;37.1;;;;;;;;;;;;;;;;235;;
STK;03.02.2008 00:00;;;;;;;;;;;;;;1.2;5.1;4.3;18.4;;;;;;;;;;;;;;;;180;;
STK;04.02.2008 00:00;;;;;;;;;;;;;;3.2;11;11.5;39.6;;;;;;;;;;;;;;;;227;;
STK;05.02.2008 00:00;;;;;;;;;;;;;;3.5;12.3;12.6;44.3;;;;;;;;;;;;;;;;235;;
STK;06.02.2008 00:00;;;;;;;;;;;;;;6.8;18.6;24.5;67;;;;;;;;;;;;;;;;231;;
STK;07.02.2008 00:00;;;;;;;;;;;;;;1;4.1;3.6;14.8;;;;;;;;;;;;;;;;90;;
STK;08.02.2008 00:00;;;;;;;;;;;;;;1.8;6.7;6.5;24.1;;;;;;;;;;;;;;;;55;;
STK;09.02.2008 00:00;;;;;;;;;;;;;;0.8;2.3;2.9;8.3;;;;;;;;;;;;;;;;72;;
STK;10.02.2008 00:00;;;;;;;;;;;;;;1.8;8.7;6.5;31.3;;;;;;;;;;;;;;;;58;;
STK;11.02.2008 00:00;;;;;;;;;;;;;;2.8;8.6;10.1;31;;;;;;;;;;;;;;;;61;;
STK;12.02.2008 00:00;;;;;;;;;;;;;;1;3;3.6;10.8;;;;;;;;;;;;;;;;90;;
STK;13.02.2008 00:00;;;;;;;;;;;;;;0.8;2.2;2.9;7.9;;;;;;;;;;;;;;;;135;;
STK;14.02.2008 00:00;;;;;;;;;;;;;;0.6;2.8;2.2;10.1;;;;;;;;;;;;;;;;180;;
STK;15.02.2008 00:00;;;;;;;;;;;;;;5.1;13.8;18.4;49.7;;;;;;;;;;;;;;;;61;;
STK;16.02.2008 00:00;;;;;;;;;;;;;;6.1;11.7;22;42.1;;;;;;;;;;;;;;;;54;;
STK;17.02.2008 00:00;;;;;;;;;;;;;;1.4;8.2;5;29.5;;;;;;;;;;;;;;;;63;;
STK;18.02.2008 00:00;;;;;;;;;;;;;;0.9;3.5;3.2;12.6;;;;;;;;;;;;;;;;90;;
STK;19.02.2008 00:00;;;;;;;;;;;;;;1.2;3.5;4.3;12.6;;;;;;;;;;;;;;;;198;;
STK;20.02.2008 00:00;;;;;;;;;;;;;;1.7;8.2;6.1;29.5;;;;;;;;;;;;;;;;225;;
STK;21.02.2008 00:00;;;;;;;;;;;;;;2.6;8.5;9.4;30.6;;;;;;;;;;;;;;;;230;;
STK;22.02.2008 00:00;;;;;;;;;;;;;;3.6;10;13;36;;;;;;;;;;;;;;;;234;;
STK;23.02.2008 00:00;;;;;;;;;;;;;;1.9;7;6.8;25.2;;;;;;;;;;;;;;;;243;;
STK;24.02.2008 00:00;;;;;;;;;;;;;;0.8;3.2;2.9;11.5;;;;;;;;;;;;;;;;135;;
STK;25.02.2008 00:00;;;;;;;;;;;;;;2.5;8.8;9;31.7;;;;;;;;;;;;;;;;243;;
STK;26.02.2008 00:00;;;;;;;;;;;;;;2.8;13.3;10.1;47.9;;;;;;;;;;;;;;;;237;;
STK;27.02.2008 00:00;;;;;;;;;;;;;;5;12.6;18;45.4;;;;;;;;;;;;;;;;239;;
STK;28.02.2008 00:00;;;;;;;;;;;;;;1.5;6.8;5.4;24.5;;;;;;;;;;;;;;;;225;;
STK;29.02.2008 00:00;;;;;;;;;;;;;;6.9;22.2;24.8;79.9;;;;;;;;;;;;;;;;234;;
STK;01.03.2008 00:00;;;;;;;;;;;;;;13.4;31.3;48.2;112.7;;;;;;;;;;;;;;;;240;;
STK;02.03.2008 00:00;;;;;;;;;;;;;;10.5;23.2;37.8;83.5;;;;;;;;;;;;;;;;242;;
STK;03.03.2008 00:00;;;;;;;;;;;;;;5;16.2;18;58.3;;;;;;;;;;;;;;;;243;;
STK;04.03.2008 00:00;;;;;;;;;;;;;;2.8;12.6;10.1;45.4;;;;;;;;;;;;;;;;264;;
STK;05.03.2008 00:00;;;;;;;;;;;;;;5.3;13.6;19.1;49;;;;;;;;;;;;;;;;38;;
STK;06.03.2008 00:00;;;;;;;;;;;;;;1.5;6.5;5.4;23.4;;;;;;;;;;;;;;;;61;;
STK;07.03.2008 00:00;;;;;;;;;;;;;;2.2;7.7;7.9;27.7;;;;;;;;;;;;;;;;90;;
STK;08.03.2008 00:00;;;;;;;;;;;;;;1.3;5.6;4.7;20.2;;;;;;;;;;;;;;;;117;;
STK;09.03.2008 00:00;;;;;;;;;;;;;;1.1;8.3;4;29.9;;;;;;;;;;;;;;;;225;;
STK;10.03.2008 00:00;;;;;;;;;;;;;;2.9;17.1;10.4;61.6;;;;;;;;;;;;;;;;231;;
STK;11.03.2008 00:00;;;;;;;;;;;;;;9.7;21.8;34.9;78.5;;;;;;;;;;;;;;;;231;;
STK;12.03.2008 00:00;;;;;;;;;;;;;;10.9;24.8;39.2;89.3;;;;;;;;;;;;;;;;238;;
STK;13.03.2008 00:00;;;;;;;;;;;;;;6.7;17.2;24.1;61.9;;;;;;;;;;;;;;;;241;;
STK;14.03.2008 00:00;;;;;;;;;;;;;;5.8;16;20.9;57.6;;;;;;;;;;;;;;;;234;;
STK;15.03.2008 00:00;;;;;;;;;;;;;;1.3;7.1;4.7;25.6;;;;;;;;;;;;;;;;135;;
STK;16.03.2008 00:00;;;;;;;;;;;;;;9.5;26.3;34.2;94.7;;;;;;;;;;;;;;;;236;;
STK;17.03.2008 00:00;;;;;;;;;;;;;;3.7;16.3;13.3;58.7;;;;;;;;;;;;;;;;237;;
STK;18.03.2008 00:00;;;;;;;;;;;;;;1.2;4.8;4.3;17.3;;;;;;;;;;;;;;;;22;;
STK;19.03.2008 00:00;;;;;;;;;;;;;;2;9.6;7.2;34.6;;;;;;;;;;;;;;;;257;;
STK;20.03.2008 00:00;;;;;;;;;;;;;;4.8;18;17.3;64.8;;;;;;;;;;;;;;;;235;;
STK;21.03.2008 00:00;;;;;;;;;;;;;;10.2;23.5;36.7;84.6;;;;;;;;;;;;;;;;230;;
STK;22.03.2008 00:00;;;;;;;;;;;;;;6;13.8;21.6;49.7;;;;;;;;;;;;;;;;235;;
STK;23.03.2008 00:00;;;;;;;;;;;;;;2.5;7.5;9;27;;;;;;;;;;;;;;;;285;;
STK;24.03.2008 00:00;;;;;;;;;;;;;;4.9;14.8;17.6;53.3;;;;;;;;;;;;;;;;240;;
STK;25.03.2008 00:00;;;;;;;;;;;;;;7.8;20;28.1;72;;;;;;;;;;;;;;;;248;;
STK;26.03.2008 00:00;;;;;;;;;;;;;;3.4;11.7;12.2;42.1;;;;;;;;;;;;;;;;238;;
STK;27.03.2008 00:00;;;;;;;;;;;;;;3.2;13.3;11.5;47.9;;;;;;;;;;;;;;;;243;;
STK;28.03.2008 00:00;;;;;;;;;;;;;;2.1;14.1;7.6;50.8;;;;;;;;;;;;;;;;166;;
STK;29.03.2008 00:00;;;;;;;;;;;;;;4.5;15.6;16.2;56.2;;;;;;;;;;;;;;;;244;;
STK;30.03.2008 00:00;;;;;;;;;;;;;;1.5;8.6;5.4;31;;;;;;;;;;;;;;;;233;;
STK;31.03.2008 00:00;;;;;;;;;;;;;;2.4;8.2;8.6;29.5;;;;;;;;;;;;;;;;236;;
STK;01.04.2008 00:00;;;;;;;;;;;;;;2.6;9;9.4;32.4;;;;;;;;;;;;;;;;239;;
STK;02.04.2008 00:00;;;;;;;;;;;;;;6.2;16.6;22.3;59.8;;;;;;;;;;;;;;;;244;;
STK;03.04.2008 00:00;;;;;;;;;;;;;;2.2;10.7;7.9;38.5;;;;;;;;;;;;;;;;299;;
STK;04.04.2008 00:00;;;;;;;;;;;;;;1.1;4.3;4;15.5;;;;;;;;;;;;;;;;53;;
STK;05.04.2008 00:00;;;;;;;;;;;;;;1.9;13.3;6.8;47.9;;;;;;;;;;;;;;;;240;;
STK;06.04.2008 00:00;;;;;;;;;;;;;;3.5;9.5;12.6;34.2;;;;;;;;;;;;;;;;230;;
STK;07.04.2008 00:00;;;;;;;;;;;;;;6.8;19.1;24.5;68.8;;;;;;;;;;;;;;;;246;;
STK;08.04.2008 00:00;;;;;;;;;;;;;;1.2;4.3;4.3;15.5;;;;;;;;;;;;;;;;315;;
STK;09.04.2008 00:00;;;;;;;;;;;;;;1.9;11.5;6.8;41.4;;;;;;;;;;;;;;;;243;;
STK;10.04.2008 00:00;;;;;;;;;;;;;;2.3;11.3;8.3;40.7;;;;;;;;;;;;;;;;237;;
STK;11.04.2008 00:00;;;;;;;;;;;;;;3.2;15.5;11.5;55.8;;;;;;;;;;;;;;;;238;;
STK;12.04.2008 00:00;;;;;;;;;;;;;;1.7;7;6.1;25.2;;;;;;;;;;;;;;;;211;;
STK;13.04.2008 00:00;;;;;;;;;;;;;;1.6;9.5;5.8;34.2;;;;;;;;;;;;;;;;230;;
STK;14.04.2008 00:00;;;;;;;;;;;;;;4.8;13.2;17.3;47.5;;;;;;;;;;;;;;;;235;;
STK;15.04.2008 00:00;;;;;;;;;;;;;;3.8;9.6;13.7;34.6;;;;;;;;;;;;;;;;241;;
STK;16.04.2008 00:00;;;;;;;;;;;;;;1.5;9.7;5.4;34.9;;;;;;;;;;;;;;;;342;;
STK;17.04.2008 00:00;;;;;;;;;;;;;;2.6;7.6;9.4;27.4;;;;;;;;;;;;;;;;45;;
STK;18.04.2008 00:00;;;;;;;;;;;;;;1.9;6.6;6.8;23.8;;;;;;;;;;;;;;;;50;;
STK;19.04.2008 00:00;;;;;;;;;;;;;;4.5;17.5;16.2;63;;;;;;;;;;;;;;;;244;;
STK;20.04.2008 00:00;;;;;;;;;;;;;;2.2;7.5;7.9;27;;;;;;;;;;;;;;;;62;;
STK;21.04.2008 00:00;;;;;;;;;;;;;;3.2;12.1;11.5;43.6;;;;;;;;;;;;;;;;238;;
STK;22.04.2008 00:00;;;;;;;;;;;;;;4.2;12.5;15.1;45;;;;;;;;;;;;;;;;236;;
STK;23.04.2008 00:00;;;;;;;;;;;;;;1.8;5.6;6.5;20.2;;;;;;;;;;;;;;;;220;;
STK;24.04.2008 00:00;;;;;;;;;;;;;;1.5;8.1;5.4;29.2;;;;;;;;;;;;;;;;239;;
STK;25.04.2008 00:00;;;;;;;;;;;;;;2.1;11.5;7.6;41.4;;;;;;;;;;;;;;;;237;;
STK;26.04.2008 00:00;;;;;;;;;;;;;;1.7;7;6.1;25.2;;;;;;;;;;;;;;;;58;;
STK;27.04.2008 00:00;;;;;;;;;;;;;;1.1;4.1;4;14.8;;;;;;;;;;;;;;;;90;;
STK;28.04.2008 00:00;;;;;;;;;;;;;;3.5;15.3;12.6;55.1;;;;;;;;;;;;;;;;243;;
STK;29.04.2008 00:00;;;;;;;;;;;;;;2.7;8.6;9.7;31;;;;;;;;;;;;;;;;236;;
STK;30.04.2008 00:00;;;;;;;;;;;;;;3.7;23.2;13.3;83.5;;;;;;;;;;;;;;;;238;;
STK;01.05.2008 00:00;;;;;;;;;;;;;;2.1;10.2;7.6;36.7;;;;;;;;;;;;;;;;236;;
STK;02.05.2008 00:00;;;;;;;;;;;;;;2;8.6;7.2;31;;;;;;;;;;;;;;;;238;;
STK;03.05.2008 00:00;;;;;;;;;;;;;;1;3.5;3.6;12.6;;;;;;;;;;;;;;;;59;;
STK;04.05.2008 00:00;;;;;;;;;;;;;;1.6;6;5.8;21.6;;;;;;;;;;;;;;;;61;;
STK;05.05.2008 00:00;;;;;;;;;;;;;;4.4;11.1;15.8;40;;;;;;;;;;;;;;;;62;;
STK;06.05.2008 00:00;;;;;;;;;;;;;;3.9;11;14;39.6;;;;;;;;;;;;;;;;65;;
STK;07.05.2008 00:00;;;;;;;;;;;;;;1.7;7.8;6.1;28.1;;;;;;;;;;;;;;;;50;;
STK;08.05.2008 00:00;;;;;;;;;;;;;;1.7;5.8;6.1;20.9;;;;;;;;;;;;;;;;56;;
STK;09.05.2008 00:00;;;;;;;;;;;;;;1.9;8.6;6.8;31;;;;;;;;;;;;;;;;56;;
STK;10.05.2008 00:00;;;;;;;;;;;;;;3.1;11.7;11.2;42.1;;;;;;;;;;;;;;;;62;;
STK;11.05.2008 00:00;;;;;;;;;;;;;;1.8;10.7;6.5;38.5;;;;;;;;;;;;;;;;63;;
STK;12.05.2008 00:00;;;;;;;;;;;;;;1.5;11;5.4;39.6;;;;;;;;;;;;;;;;69;;
STK;13.05.2008 00:00;;;;;;;;;;;;;;1.5;6.8;5.4;24.5;;;;;;;;;;;;;;;;76;;
STK;14.05.2008 00:00;;;;;;;;;;;;;;1.7;5.3;6.1;19.1;;;;;;;;;;;;;;;;198;;
STK;15.05.2008 00:00;;;;;;;;;;;;;;2.2;12.1;7.9;43.6;;;;;;;;;;;;;;;;248;;
STK;16.05.2008 00:00;;;;;;;;;;;;;;2.1;12.3;7.6;44.3;;;;;;;;;;;;;;;;239;;
STK;17.05.2008 00:00;;;;;;;;;;;;;;2.7;11.5;9.7;41.4;;;;;;;;;;;;;;;;235;;
STK;18.05.2008 00:00;;;;;;;;;;;;;;1.5;8.8;5.4;31.7;;;;;;;;;;;;;;;;243;;
STK;19.05.2008 00:00;;;;;;;;;;;;;;5;11.5;18;41.4;;;;;;;;;;;;;;;;48;;
STK;20.05.2008 00:00;;;;;;;;;;;;;;7.8;15.3;28.1;55.1;;;;;;;;;;;;;;;;56;;
STK;21.05.2008 00:00;;;;;;;;;;;;;;4.5;8.7;16.2;31.3;;;;;;;;;;;;;;;;51;;
STK;22.05.2008 00:00;;;;;;;;;;;;;;1.7;5.1;6.1;18.4;;;;;;;;;;;;;;;;39;;
STK;23.05.2008 00:00;;;;;;;;;;;;;;1.6;5.2;5.8;18.7;;;;;;;;;;;;;;;;56;;
STK;24.05.2008 00:00;;;;;;;;;;;;;;2.4;7.1;8.6;25.6;;;;;;;;;;;;;;;;43;;
STK;25.05.2008 00:00;;;;;;;;;;;;;;2.5;9.7;9;34.9;;;;;;;;;;;;;;;;65;;
STK;26.05.2008 00:00;;;;;;;;;;;;;;1.5;6.7;5.4;24.1;;;;;;;;;;;;;;;;45;;
STK;27.05.2008 00:00;;;;;;;;;;;;;;1.2;5;4.3;18;;;;;;;;;;;;;;;;63;;
STK;28.05.2008 00:00;;;;;;;;;;;;;;2.7;9.2;9.7;33.1;;;;;;;;;;;;;;;;235;;
STK;29.05.2008 00:00;;;;;;;;;;;;;;2.9;12.7;10.4;45.7;;;;;;;;;;;;;;;;242;;
STK;30.05.2008 00:00;;;;;;;;;;;;;;3.4;14.1;12.2;50.8;;;;;;;;;;;;;;;;240;;
STK;31.05.2008 00:00;;;;;;;;;;;;;;2.9;11.8;10.4;42.5;;;;;;;;;;;;;;;;234;;
STK;01.06.2008 00:00;;;;;;;;;;;;;;2;8;7.2;28.8;;;;;;;;;;;;;;;;63;;
STK;02.06.2008 00:00;;;;;;;;;;;;;;4.2;19.8;15.1;71.3;;;;;;;;;;;;;;;;236;;
STK;03.06.2008 00:00;;;;;;;;;;;;;;2.7;8.7;9.7;31.3;;;;;;;;;;;;;;;;249;;
STK;04.06.2008 00:00;;;;;;;;;;;;;;4.4;7.7;15.8;27.7;;;;;;;;;;;;;;;;241;;
STK;05.06.2008 00:00;;;;;;;;;;;;;;2.9;6;10.4;21.6;;;;;;;;;;;;;;;;242;;
STK;06.06.2008 00:00;;;;;;;;;;;;;;4.4;12.1;15.8;43.6;;;;;;;;;;;;;;;;235;;
STK;07.06.2008 00:00;;;;;;;;;;;;;;4;9.2;14.4;33.1;;;;;;;;;;;;;;;;235;;
STK;08.06.2008 00:00;;;;;;;;;;;;;;1.5;9.8;5.4;35.3;;;;;;;;;;;;;;;;41;;
STK;09.06.2008 00:00;;;;;;;;;;;;;;1.5;5.2;5.4;18.7;;;;;;;;;;;;;;;;59;;
STK;10.06.2008 00:00;;;;;;;;;;;;;;1.7;14.7;6.1;52.9;;;;;;;;;;;;;;;;214;;
STK;11.06.2008 00:00;;;;;;;;;;;;;;2.2;11.6;7.9;41.8;;;;;;;;;;;;;;;;227;;
STK;12.06.2008 00:00;;;;;;;;;;;;;;3;11.8;10.8;42.5;;;;;;;;;;;;;;;;257;;
STK;13.06.2008 00:00;;;;;;;;;;;;;;1.8;10.7;6.5;38.5;;;;;;;;;;;;;;;;276;;
STK;14.06.2008 00:00;;;;;;;;;;;;;;1.7;6.3;6.1;22.7;;;;;;;;;;;;;;;;7;;
STK;15.06.2008 00:00;;;;;;;;;;;;;;1.6;6.8;5.8;24.5;;;;;;;;;;;;;;;;228;;
STK;16.06.2008 00:00;;;;;;;;;;;;;;1.2;5.5;4.3;19.8;;;;;;;;;;;;;;;;219;;
STK;17.06.2008 00:00;;;;;;;;;;;;;;1;3.7;3.6;13.3;;;;;;;;;;;;;;;;63;;
STK;18.06.2008 00:00;;;;;;;;;;;;;;1.8;6;6.5;21.6;;;;;;;;;;;;;;;;153;;
STK;19.06.2008 00:00;;;;;;;;;;;;;;2.8;9.8;10.1;35.3;;;;;;;;;;;;;;;;245;;
STK;20.06.2008 00:00;;;;;;;;;;;;;;2.8;7.8;10.1;28.1;;;;;;;;;;;;;;;;239;;
STK;21.06.2008 00:00;;;;;;;;;;;;;;1.5;4.3;5.4;15.5;;;;;;;;;;;;;;;;72;;
STK;22.06.2008 00:00;;;;;;;;;;;;;;1.6;5.7;5.8;20.5;;;;;;;;;;;;;;;;234;;
STK;23.06.2008 00:00;;;;;;;;;;;;;;2.5;10.8;9;38.9;;;;;;;;;;;;;;;;263;;
STK;24.06.2008 00:00;;;;;;;;;;;;;;1.4;6.6;5;23.8;;;;;;;;;;;;;;;;59;;
STK;25.06.2008 00:00;;;;;;;;;;;;;;2.7;11.5;9.7;41.4;;;;;;;;;;;;;;;;257;;
STK;26.06.2008 00:00;;;;;;;;;;;;;;2;6;7.2;21.6;;;;;;;;;;;;;;;;45;;
STK;27.06.2008 00:00;;;;;;;;;;;;;;3.2;13;11.5;46.8;;;;;;;;;;;;;;;;254;;
STK;28.06.2008 00:00;;;;;;;;;;;;;;1.6;5.5;5.8;19.8;;;;;;;;;;;;;;;;231;;
STK;29.06.2008 00:00;;;;;;;;;;;;;;1.7;8.8;6.1;31.7;;;;;;;;;;;;;;;;90;;
STK;30.06.2008 00:00;;;;;;;;;;;;;;1.7;5;6.1;18;;;;;;;;;;;;;;;;58;;
STK;01.07.2008 00:00;;;;;;;;;;;;;;1.5;4.7;5.4;16.9;;;;;;;;;;;;;;;;90;;
STK;02.07.2008 00:00;;;;;;;;;;;;;;1.3;6.1;4.7;22;;;;;;;;;;;;;;;;117;;
STK;03.07.2008 00:00;;;;;;;;;;;;;;3.7;12.1;13.3;43.6;;;;;;;;;;;;;;;;236;;
STK;04.07.2008 00:00;;;;;;;;;;;;;;2.1;8.5;7.6;30.6;;;;;;;;;;;;;;;;233;;
STK;05.07.2008 00:00;;;;;;;;;;;;;;1.4;4.6;5;16.6;;;;;;;;;;;;;;;;229;;
STK;06.07.2008 00:00;;;;;;;;;;;;;;2.8;15;10.1;54;;;;;;;;;;;;;;;;236;;
STK;07.07.2008 00:00;;;;;;;;;;;;;;3;10.3;10.8;37.1;;;;;;;;;;;;;;;;223;;
STK;08.07.2008 00:00;;;;;;;;;;;;;;6;19.6;21.6;70.6;;;;;;;;;;;;;;;;243;;
STK;09.07.2008 00:00;;;;;;;;;;;;;;3.7;12.6;13.3;45.4;;;;;;;;;;;;;;;;238;;
STK;10.07.2008 00:00;;;;;;;;;;;;;;1.7;5.2;6.1;18.7;;;;;;;;;;;;;;;;240;;
STK;11.07.2008 00:00;;;;;;;;;;;;;;2.3;18.3;8.3;65.9;;;;;;;;;;;;;;;;242;;
STK;12.07.2008 00:00;;;;;;;;;;;;;;2;10;7.2;36;;;;;;;;;;;;;;;;218;;
STK;13.07.2008 00:00;;;;;;;;;;;;;;1.7;6.8;6.1;24.5;;;;;;;;;;;;;;;;323;;
STK;14.07.2008 00:00;;;;;;;;;;;;;;2.3;10.2;8.3;36.7;;;;;;;;;;;;;;;;218;;
STK;15.07.2008 00:00;;;;;;;;;;;;;;1.3;3.8;4.7;13.7;;;;;;;;;;;;;;;;90;;
STK;16.07.2008 00:00;;;;;;;;;;;;;;2.8;10.7;10.1;38.5;;;;;;;;;;;;;;;;238;;
STK;17.07.2008 00:00;;;;;;;;;;;;;;1.6;8.6;5.8;31;;;;;;;;;;;;;;;;360;;
STK;18.07.2008 00:00;;;;;;;;;;;;;;2.7;10.6;9.7;38.2;;;;;;;;;;;;;;;;232;;
STK;19.07.2008 00:00;;;;;;;;;;;;;;2.7;10.3;9.7;37.1;;;;;;;;;;;;;;;;243;;
STK;20.07.2008 00:00;;;;;;;;;;;;;;1.9;11.2;6.8;40.3;;;;;;;;;;;;;;;;310;;
STK;21.07.2008 00:00;;;;;;;;;;;;;;3.7;13.5;13.3;48.6;;;;;;;;;;;;;;;;256;;
STK;22.07.2008 00:00;;;;;;;;;;;;;;3.2;9.1;11.5;32.8;;;;;;;;;;;;;;;;255;;
STK;23.07.2008 00:00;;;;;;;;;;;;;;1.8;5.6;6.5;20.2;;;;;;;;;;;;;;;;65;;
STK;24.07.2008 00:00;;;;;;;;;;;;;;3.9;11.7;14;42.1;;;;;;;;;;;;;;;;65;;
STK;25.07.2008 00:00;;;;;;;;;;;;;;1.3;3.6;4.7;13;;;;;;;;;;;;;;;;76;;
STK;26.07.2008 00:00;;;;;;;;;;;;;;1.4;12.3;5;44.3;;;;;;;;;;;;;;;;72;;
STK;27.07.2008 00:00;;;;;;;;;;;;;;1.3;6.6;4.7;23.8;;;;;;;;;;;;;;;;45;;
STK;28.07.2008 00:00;;;;;;;;;;;;;;1.6;13;5.8;46.8;;;;;;;;;;;;;;;;225;;
STK;29.07.2008 00:00;;;;;;;;;;;;;;1.7;7;6.1;25.2;;;;;;;;;;;;;;;;79;;
STK;30.07.2008 00:00;;;;;;;;;;;;;;1.8;10.6;6.5;38.2;;;;;;;;;;;;;;;;180;;
STK;31.07.2008 00:00;;;;;;;;;;;;;;1.2;3.3;4.3;11.9;;;;;;;;;;;;;;;;81;;
STK;01.08.2008 00:00;;;;;;;;;;;;;;2.9;12.2;10.4;43.9;;;;;;;;;;;;;;;;233;;
STK;02.08.2008 00:00;;;;;;;;;;;;;;2.6;9.5;9.4;34.2;;;;;;;;;;;;;;;;238;;
STK;03.08.2008 00:00;;;;;;;;;;;;;;2.9;10.6;10.4;38.2;;;;;;;;;;;;;;;;239;;
STK;04.08.2008 00:00;;;;;;;;;;;;;;5.1;17.3;18.4;62.3;;;;;;;;;;;;;;;;240;;
STK;05.08.2008 00:00;;;;;;;;;;;;;;2.4;8.3;8.6;29.9;;;;;;;;;;;;;;;;223;;
STK;06.08.2008 00:00;;;;;;;;;;;;;;1.2;4.6;4.3;16.6;;;;;;;;;;;;;;;;53;;
STK;07.08.2008 00:00;;;;;;;;;;;;;;2.2;23.6;7.9;85;;;;;;;;;;;;;;;;229;;
STK;08.08.2008 00:00;;;;;;;;;;;;;;6.7;15;24.1;54;;;;;;;;;;;;;;;;241;;
STK;09.08.2008 00:00;;;;;;;;;;;;;;3.3;9.3;11.9;33.5;;;;;;;;;;;;;;;;235;;
STK;10.08.2008 00:00;;;;;;;;;;;;;;2;8.2;7.2;29.5;;;;;;;;;;;;;;;;230;;
STK;11.08.2008 00:00;;;;;;;;;;;;;;1.6;20;5.8;72;;;;;;;;;;;;;;;;236;;
STK;12.08.2008 00:00;;;;;;;;;;;;;;2;9.1;7.2;32.8;;;;;;;;;;;;;;;;230;;
STK;13.08.2008 00:00;;;;;;;;;;;;;;2.9;8.1;10.4;29.2;;;;;;;;;;;;;;;;242;;
STK;14.08.2008 00:00;;;;;;;;;;;;;;1.1;3.2;4;11.5;;;;;;;;;;;;;;;;90;;
STK;15.08.2008 00:00;;;;;;;;;;;;;;2;10.7;7.2;38.5;;;;;;;;;;;;;;;;336;;
STK;16.08.2008 00:00;;;;;;;;;;;;;;2.4;8.8;8.6;31.7;;;;;;;;;;;;;;;;72;;
STK;17.08.2008 00:00;;;;;;;;;;;;;;2.2;8.3;7.9;29.9;;;;;;;;;;;;;;;;225;;
STK;18.08.2008 00:00;;;;;;;;;;;;;;1.7;8.2;6.1;29.5;;;;;;;;;;;;;;;;221;;
STK;19.08.2008 00:00;;;;;;;;;;;;;;2.3;15.5;8.3;55.8;;;;;;;;;;;;;;;;234;;
STK;20.08.2008 00:00;;;;;;;;;;;;;;3.3;9.8;11.9;35.3;;;;;;;;;;;;;;;;225;;
STK;21.08.2008 00:00;;;;;;;;;;;;;;1.3;3.7;4.7;13.3;;;;;;;;;;;;;;;;180;;
STK;22.08.2008 00:00;;;;;;;;;;;;;;2.6;13.6;9.4;49;;;;;;;;;;;;;;;;223;;
STK;23.08.2008 00:00;;;;;;;;;;;;;;3.5;10.7;12.6;38.5;;;;;;;;;;;;;;;;236;;
STK;24.08.2008 00:00;;;;;;;;;;;;;;1.4;4;5;14.4;;;;;;;;;;;;;;;;108;;
STK;25.08.2008 00:00;;;;;;;;;;;;;;1.4;4.3;5;15.5;;;;;;;;;;;;;;;;221;;
STK;26.08.2008 00:00;;;;;;;;;;;;;;1;3.2;3.6;11.5;;;;;;;;;;;;;;;;108;;
STK;27.08.2008 00:00;;;;;;;;;;;;;;1.1;3;4;10.8;;;;;;;;;;;;;;;;135;;
STK;28.08.2008 00:00;;;;;;;;;;;;;;1.4;4.2;5;15.1;;;;;;;;;;;;;;;;225;;
STK;29.08.2008 00:00;;;;;;;;;;;;;;1.3;7.8;4.7;28.1;;;;;;;;;;;;;;;;61;;
STK;30.08.2008 00:00;;;;;;;;;;;;;;1.1;4.8;4;17.3;;;;;;;;;;;;;;;;74;;
STK;31.08.2008 00:00;;;;;;;;;;;;;;1.2;7.6;4.3;27.4;;;;;;;;;;;;;;;;146;;
STK;01.09.2008 00:00;;;;;;;;;;;;;;3.7;10.6;13.3;38.2;;;;;;;;;;;;;;;;233;;
STK;02.09.2008 00:00;;;;;;;;;;;;;;1.7;5.7;6.1;20.5;;;;;;;;;;;;;;;;217;;
STK;03.09.2008 00:00;;;;;;;;;;;;;;2.5;14.2;9;51.1;;;;;;;;;;;;;;;;229;;
STK;04.09.2008 00:00;;;;;;;;;;;;;;1.7;6.5;6.1;23.4;;;;;;;;;;;;;;;;222;;
STK;05.09.2008 00:00;;;;;;;;;;;;;;1.4;7;5;25.2;;;;;;;;;;;;;;;;153;;
STK;06.09.2008 00:00;;;;;;;;;;;;;;2.8;10.7;10.1;38.5;;;;;;;;;;;;;;;;241;;
STK;07.09.2008 00:00;;;;;;;;;;;;;;1.6;6.5;5.8;23.4;;;;;;;;;;;;;;;;219;;
STK;08.09.2008 00:00;;;;;;;;;;;;;;1.3;3.8;4.7;13.7;;;;;;;;;;;;;;;;198;;
STK;09.09.2008 00:00;;;;;;;;;;;;;;1.3;3.6;4.7;13;;;;;;;;;;;;;;;;101;;
STK;10.09.2008 00:00;;;;;;;;;;;;;;1.1;4.7;4;16.9;;;;;;;;;;;;;;;;108;;
STK;11.09.2008 00:00;;;;;;;;;;;;;;1.2;7.3;4.3;26.3;;;;;;;;;;;;;;;;76;;
STK;12.09.2008 00:00;;;;;;;;;;;;;;4.8;14;17.3;50.4;;;;;;;;;;;;;;;;236;;
STK;13.09.2008 00:00;;;;;;;;;;;;;;3.1;14.1;11.2;50.8;;;;;;;;;;;;;;;;38;;
STK;14.09.2008 00:00;;;;;;;;;;;;;;3;9.2;10.8;33.1;;;;;;;;;;;;;;;;55;;
STK;15.09.2008 00:00;;;;;;;;;;;;;;4.3;10.7;15.5;38.5;;;;;;;;;;;;;;;;42;;
STK;16.09.2008 00:00;;;;;;;;;;;;;;3.4;8.5;12.2;30.6;;;;;;;;;;;;;;;;56;;
STK;17.09.2008 00:00;;;;;;;;;;;;;;3;9.6;10.8;34.6;;;;;;;;;;;;;;;;49;;
STK;18.09.2008 00:00;;;;;;;;;;;;;;1.1;6.6;4;23.8;;;;;;;;;;;;;;;;270;;
STK;19.09.2008 00:00;;;;;;;;;;;;;;1.4;5.8;5;20.9;;;;;;;;;;;;;;;;63;;
STK;20.09.2008 00:00;;;;;;;;;;;;;;5.4;12.3;19.4;44.3;;;;;;;;;;;;;;;;54;;
STK;21.09.2008 00:00;;;;;;;;;;;;;;4.9;12.6;17.6;45.4;;;;;;;;;;;;;;;;60;;
STK;22.09.2008 00:00;;;;;;;;;;;;;;1.6;7.5;5.8;27;;;;;;;;;;;;;;;;41;;
STK;23.09.2008 00:00;;;;;;;;;;;;;;2.2;6.6;7.9;23.8;;;;;;;;;;;;;;;;34;;
STK;24.09.2008 00:00;;;;;;;;;;;;;;2.5;7.5;9;27;;;;;;;;;;;;;;;;51;;
STK;25.09.2008 00:00;;;;;;;;;;;;;;4.6;11.7;16.6;42.1;;;;;;;;;;;;;;;;50;;
STK;26.09.2008 00:00;;;;;;;;;;;;;;8;15.6;28.8;56.2;;;;;;;;;;;;;;;;62;;
STK;27.09.2008 00:00;;;;;;;;;;;;;;3.9;12.5;14;45;;;;;;;;;;;;;;;;63;;
STK;28.09.2008 00:00;;;;;;;;;;;;;;1.1;4.5;4;16.2;;;;;;;;;;;;;;;;135;;
STK;29.09.2008 00:00;;;;;;;;;;;;;;2;9;7.2;32.4;;;;;;;;;;;;;;;;236;;
STK;30.09.2008 00:00;;;;;;;;;;;;;;4.6;12.1;16.6;43.6;;;;;;;;;;;;;;;;233;;
STK;01.10.2008 00:00;;;;;;;;;;;;;;7.2;17.2;25.9;61.9;;;;;;;;;;;;;;;;237;;
STK;02.10.2008 00:00;;;;;;;;;;;;;;5;16.1;18;;;;;;;;;;;;;;;;;239;;
STK;03.10.2008 00:00;;;;;;;;;;;;;;3.6;14.2;13;51.1;;;;;;;;;;;;;;;;229;;
STK;04.10.2008 00:00;;;;;;;;;;;;;;4.9;14.1;17.6;50.8;;;;;;;;;;;;;;;;233;;
STK;05.10.2008 00:00;;;;;;;;;;;;;;3.1;11.7;11.2;42.1;;;;;;;;;;;;;;;;231;;
STK;06.10.2008 00:00;;;;;;;;;;;;;;3.3;12.7;11.9;45.7;;;;;;;;;;;;;;;;230;;
STK;07.10.2008 00:00;;;;;;;;;;;;;;1.4;4.6;5;16.6;;;;;;;;;;;;;;;;90;;
STK;08.10.2008 00:00;;;;;;;;;;;;;;0.7;3.2;2.5;11.5;;;;;;;;;;;;;;;;63;;
STK;09.10.2008 00:00;;;;;;;;;;;;;;1.3;5.6;4.7;20.2;;;;;;;;;;;;;;;;61;;
STK;10.10.2008 00:00;;;;;;;;;;;;;;0.9;4.5;3.2;16.2;;;;;;;;;;;;;;;;79;;
STK;11.10.2008 00:00;;;;;;;;;;;;;;1.1;3.7;4;13.3;;;;;;;;;;;;;;;;63;;
STK;12.10.2008 00:00;;;;;;;;;;;;;;0.8;3.7;2.9;13.3;;;;;;;;;;;;;;;;0;;
STK;13.10.2008 00:00;;;;;;;;;;;;;;0.8;4.2;2.9;15.1;;;;;;;;;;;;;;;;45;;
STK;14.10.2008 00:00;;;;;;;;;;;;;;1.1;5.6;4;20.2;;;;;;;;;;;;;;;;231;;
STK;15.10.2008 00:00;;;;;;;;;;;;;;2;8.1;7.2;29.2;;;;;;;;;;;;;;;;234;;
STK;16.10.2008 00:00;;;;;;;;;;;;;;4.1;13.6;14.8;49;;;;;;;;;;;;;;;;240;;
STK;17.10.2008 00:00;;;;;;;;;;;;;;1;3.2;3.6;11.5;;;;;;;;;;;;;;;;90;;
STK;18.10.2008 00:00;;;;;;;;;;;;;;1.1;3.3;4;11.9;;;;;;;;;;;;;;;;180;;
STK;19.10.2008 00:00;;;;;;;;;;;;;;1;3.1;3.6;11.2;;;;;;;;;;;;;;;;101;;
STK;20.10.2008 00:00;;;;;;;;;;;;;;0.8;2.6;2.9;9.4;;;;;;;;;;;;;;;;90;;
STK;21.10.2008 00:00;;;;;;;;;;;;;;1;4.3;3.6;15.5;;;;;;;;;;;;;;;;117;;
STK;22.10.2008 00:00;;;;;;;;;;;;;;2.7;7.3;9.7;26.3;;;;;;;;;;;;;;;;19;;
STK;23.10.2008 00:00;;;;;;;;;;;;;;4.7;13.3;16.9;47.9;;;;;;;;;;;;;;;;56;;
STK;24.10.2008 00:00;;;;;;;;;;;;;;1.5;5.2;5.4;18.7;;;;;;;;;;;;;;;;180;;
STK;25.10.2008 00:00;;;;;;;;;;;;;;1.6;4.6;5.8;16.6;;;;;;;;;;;;;;;;45;;
STK;26.10.2008 00:00;;;;;;;;;;;;;;1.3;5.5;4.7;19.8;;;;;;;;;;;;;;;;225;;
STK;27.10.2008 00:00;;;;;;;;;;;;;;1.9;9.8;6.8;35.3;;;;;;;;;;;;;;;;235;;
STK;28.10.2008 00:00;;;;;;;;;;;;;;1.7;9.8;6.1;35.3;;;;;;;;;;;;;;;;256;;
STK;29.10.2008 00:00;;;;;;;;;;;;;;2.3;6.2;8.3;22.3;;;;;;;;;;;;;;;;9;;
STK;30.10.2008 00:00;;;;;;;;;;;;;;2.8;9.6;10.1;34.6;;;;;;;;;;;;;;;;229;;
STK;31.10.2008 00:00;;;;;;;;;;;;;;1.5;5.1;5.4;18.4;;;;;;;;;;;;;;;;346;;
STK;01.11.2008 00:00;;;;;;;;;;;;;;1.5;6.1;5.4;22;;;;;;;;;;;;;;;;286;;
STK;02.11.2008 00:00;;;;;;;;;;;;;;1.2;5.3;4.3;19.1;;;;;;;;;;;;;;;;59;;
STK;03.11.2008 00:00;;;;;;;;;;;;;;1.6;8.1;5.8;29.2;;;;;;;;;;;;;;;;27;;
STK;04.11.2008 00:00;;;;;;;;;;;;;;2.5;8.1;9;29.2;;;;;;;;;;;;;;;;61;;
STK;05.11.2008 00:00;;;;;;;;;;;;;;1.5;7.5;5.4;27;;;;;;;;;;;;;;;;229;;
STK;06.11.2008 00:00;;;;;;;;;;;;;;1.1;3.7;4;13.3;;;;;;;;;;;;;;;;346;;
STK;07.11.2008 00:00;;;;;;;;;;;;;;1.1;3;4;10.8;;;;;;;;;;;;;;;;108;;
STK;08.11.2008 00:00;;;;;;;;;;;;;;0.7;3.7;2.5;13.3;;;;;;;;;;;;;;;;214;;
STK;09.11.2008 00:00;;;;;;;;;;;;;;2.2;13;7.9;46.8;;;;;;;;;;;;;;;;236;;
STK;10.11.2008 00:00;;;;;;;;;;;;;;2.1;8.2;7.6;29.5;;;;;;;;;;;;;;;;236;;
STK;11.11.2008 00:00;;;;;;;;;;;;;;3;14.6;10.8;52.6;;;;;;;;;;;;;;;;225;;
STK;12.11.2008 00:00;;;;;;;;;;;;;;1.1;4.3;4;15.5;;;;;;;;;;;;;;;;196;;
STK;13.11.2008 00:00;;;;;;;;;;;;;;3.1;7.8;11.2;28.1;;;;;;;;;;;;;;;;53;;
STK;14.11.2008 00:00;;;;;;;;;;;;;;2.4;6.3;8.6;22.7;;;;;;;;;;;;;;;;43;;
STK;15.11.2008 00:00;;;;;;;;;;;;;;1.2;3.5;4.3;12.6;;;;;;;;;;;;;;;;217;;
STK;16.11.2008 00:00;;;;;;;;;;;;;;2.3;6.3;8.3;22.7;;;;;;;;;;;;;;;;221;;
STK;17.11.2008 00:00;;;;;;;;;;;;;;1.6;7.8;5.8;28.1;;;;;;;;;;;;;;;;70;;
STK;18.11.2008 00:00;;;;;;;;;;;;;;1.6;8.8;5.8;31.7;;;;;;;;;;;;;;;;231;;
STK;19.11.2008 00:00;;;;;;;;;;;;;;2.7;8.5;9.7;30.6;;;;;;;;;;;;;;;;236;;
STK;20.11.2008 00:00;;;;;;;;;;;;;;8.1;18.5;29.2;66.6;;;;;;;;;;;;;;;;230;;
STK;21.11.2008 00:00;;;;;;;;;;;;;;8.6;19.6;31;70.6;;;;;;;;;;;;;;;;244;;
STK;22.11.2008 00:00;;;;;;;;;;;;;;7.1;17.2;25.6;61.9;;;;;;;;;;;;;;;;255;;
STK;23.11.2008 00:00;;;;;;;;;;;;;;4.3;12.6;15.5;45.4;;;;;;;;;;;;;;;;230;;
STK;24.11.2008 00:00;;;;;;;;;;;;;;4;14.1;14.4;50.8;;;;;;;;;;;;;;;;227;;
STK;25.11.2008 00:00;;;;;;;;;;;;;;1.4;4.1;5;14.8;;;;;;;;;;;;;;;;204;;
STK;26.11.2008 00:00;;;;;;;;;;;;;;1.1;3.8;4;13.7;;;;;;;;;;;;;;;;180;;
STK;27.11.2008 00:00;;;;;;;;;;;;;;1.8;8.2;6.5;29.5;;;;;;;;;;;;;;;;234;;
STK;28.11.2008 00:00;;;;;;;;;;;;;;1.8;7.3;6.5;26.3;;;;;;;;;;;;;;;;238;;
STK;29.11.2008 00:00;;;;;;;;;;;;;;1.4;7.5;5;27;;;;;;;;;;;;;;;;360;;
STK;30.11.2008 00:00;;;;;;;;;;;;;;1.7;7.6;6.1;27.4;;;;;;;;;;;;;;;;162;;
STK;01.12.2008 00:00;;;;;;;;;;;;;;3.2;9.2;11.5;33.1;;;;;;;;;;;;;;;;226;;
STK;02.12.2008 00:00;;;;;;;;;;;;;;4.5;12.1;16.2;43.6;;;;;;;;;;;;;;;;232;;
STK;03.12.2008 00:00;;;;;;;;;;;;;;3.8;11.8;13.7;42.5;;;;;;;;;;;;;;;;225;;
STK;04.12.2008 00:00;;;;;;;;;;;;;;2.5;11.8;9;42.5;;;;;;;;;;;;;;;;220;;
STK;05.12.2008 00:00;;;;;;;;;;;;;;4.5;21.8;16.2;78.5;;;;;;;;;;;;;;;;230;;
STK;06.12.2008 00:00;;;;;;;;;;;;;;6;15.5;21.6;55.8;;;;;;;;;;;;;;;;229;;
STK;07.12.2008 00:00;;;;;;;;;;;;;;2.2;8.3;7.9;29.9;;;;;;;;;;;;;;;;229;;
STK;08.12.2008 00:00;;;;;;;;;;;;;;1.5;4.2;5.4;15.1;;;;;;;;;;;;;;;;270;;
STK;09.12.2008 00:00;;;;;;;;;;;;;;1.6;6.1;5.8;22;;;;;;;;;;;;;;;;216;;
STK;10.12.2008 00:00;;;;;;;;;;;;;;1.6;4.2;5.8;15.1;;;;;;;;;;;;;;;;6;;
STK;11.12.2008 00:00;;;;;;;;;;;;;;0.9;3.1;3.2;11.2;;;;;;;;;;;;;;;;349;;
STK;12.12.2008 00:00;;;;;;;;;;;;;;2;6.7;7.2;24.1;;;;;;;;;;;;;;;;43;;
STK;13.12.2008 00:00;;;;;;;;;;;;;;1.3;6;4.7;21.6;;;;;;;;;;;;;;;;16;;
STK;14.12.2008 00:00;;;;;;;;;;;;;;1.7;6.5;6.1;23.4;;;;;;;;;;;;;;;;42;;
STK;15.12.2008 00:00;;;;;;;;;;;;;;0.7;3.3;2.5;11.9;;;;;;;;;;;;;;;;162;;
STK;16.12.2008 00:00;;;;;;;;;;;;;;2;5.8;7.2;20.9;;;;;;;;;;;;;;;;45;;
STK;17.12.2008 00:00;;;;;;;;;;;;;;4.4;9.1;15.8;32.8;;;;;;;;;;;;;;;;240;;
STK;18.12.2008 00:00;;;;;;;;;;;;;;2.8;7.2;10.1;25.9;;;;;;;;;;;;;;;;233;;
STK;19.12.2008 00:00;;;;;;;;;;;;;;4.6;10.8;16.6;38.9;;;;;;;;;;;;;;;;228;;
STK;20.12.2008 00:00;;;;;;;;;;;;;;6;13.6;21.6;49;;;;;;;;;;;;;;;;227;;
STK;21.12.2008 00:00;;;;;;;;;;;;;;5.4;10.1;19.4;36.4;;;;;;;;;;;;;;;;229;;
STK;22.12.2008 00:00;;;;;;;;;;;;;;3.4;10.8;12.2;38.9;;;;;;;;;;;;;;;;230;;
STK;23.12.2008 00:00;;;;;;;;;;;;;;0.7;3.3;2.5;11.9;;;;;;;;;;;;;;;;63;;
STK;24.12.2008 00:00;;;;;;;;;;;;;;1.2;6.1;4.3;22;;;;;;;;;;;;;;;;270;;
STK;25.12.2008 00:00;;;;;;;;;;;;;;7;19.5;25.2;70.2;;;;;;;;;;;;;;;;60;;
STK;26.12.2008 00:00;;;;;;;;;;;;;;11.2;25.7;40.3;92.5;;;;;;;;;;;;;;;;63;;
STK;27.12.2008 00:00;;;;;;;;;;;;;;9.1;15.6;32.8;56.2;;;;;;;;;;;;;;;;60;;
STK;28.12.2008 00:00;;;;;;;;;;;;;;5.8;15;20.9;54;;;;;;;;;;;;;;;;61;;
STK;29.12.2008 00:00;;;;;;;;;;;;;;1.5;5.7;5.4;20.5;;;;;;;;;;;;;;;;22;;
STK;30.12.2008 00:00;;;;;;;;;;;;;;1.6;5;5.8;18;;;;;;;;;;;;;;;;6;;
STK;31.12.2008 00:00;;;;;;;;;;;;;;1.4;6.6;5;23.8;;;;;;;;;;;;;;;;225;;
STK;01.01.2009 00:00;;;;;;;;;;;;;;1.7;6.7;6.1;24.1;;;;;;;;;;;;;;;;225;;
STK;02.01.2009 00:00;;;;;;;;;;;;;;2.8;10.2;10.1;36.7;;;;;;;;;;;;;;;;61;;
STK;03.01.2009 00:00;;;;;;;;;;;;;;3.8;12.1;13.7;43.6;;;;;;;;;;;;;;;;54;;
STK;04.01.2009 00:00;;;;;;;;;;;;;;2.3;7.2;8.3;25.9;;;;;;;;;;;;;;;;249;;
STK;05.01.2009 00:00;;;;;;;;;;;;;;1.7;6.2;6.1;22.3;;;;;;;;;;;;;;;;236;;
STK;06.01.2009 00:00;;;;;;;;;;;;;;5.4;11.3;19.4;40.7;;;;;;;;;;;;;;;;38;;
STK;07.01.2009 00:00;;;;;;;;;;;;;;4.3;9.8;15.5;35.3;;;;;;;;;;;;;;;;43;;
STK;08.01.2009 00:00;;;;;;;;;;;;;;5.1;11.8;18.4;42.5;;;;;;;;;;;;;;;;43;;
STK;09.01.2009 00:00;;;;;;;;;;;;;;1;4.1;3.6;14.8;;;;;;;;;;;;;;;;342;;
STK;10.01.2009 00:00;;;;;;;;;;;;;;1.2;4.7;4.3;16.9;;;;;;;;;;;;;;;;9;;
STK;11.01.2009 00:00;;;;;;;;;;;;;;1.1;4.1;4;14.8;;;;;;;;;;;;;;;;256;;
STK;12.01.2009 00:00;;;;;;;;;;;;;;1;3.7;3.6;13.3;;;;;;;;;;;;;;;;207;;
STK;13.01.2009 00:00;;;;;;;;;;;;;;0.7;3.3;2.5;11.9;;;;;;;;;;;;;;;;180;;
STK;14.01.2009 00:00;;;;;;;;;;;;;;0.7;4.1;2.5;14.8;;;;;;;;;;;;;;;;243;;
STK;15.01.2009 00:00;;;;;;;;;;;;;;1.3;6.5;4.7;23.4;;;;;;;;;;;;;;;;49;;
STK;16.01.2009 00:00;;;;;;;;;;;;;;1;4.3;3.6;15.5;;;;;;;;;;;;;;;;214;;
STK;17.01.2009 00:00;;;;;;;;;;;;;;1;4.7;3.6;16.9;;;;;;;;;;;;;;;;207;;
STK;18.01.2009 00:00;;;;;;;;;;;;;;3.7;21.5;13.3;77.4;;;;;;;;;;;;;;;;237;;
STK;19.01.2009 00:00;;;;;;;;;;;;;;2.3;12.7;8.3;45.7;;;;;;;;;;;;;;;;234;;
STK;20.01.2009 00:00;;;;;;;;;;;;;;2.2;11.2;7.9;40.3;;;;;;;;;;;;;;;;228;;
STK;21.01.2009 00:00;;;;;;;;;;;;;;1;4.2;3.6;15.1;;;;;;;;;;;;;;;;233;;
STK;22.01.2009 00:00;;;;;;;;;;;;;;1.1;4.7;4;16.9;;;;;;;;;;;;;;;;230;;
STK;23.01.2009 00:00;;;;;;;;;;;;;;4.8;21.8;17.3;78.5;;;;;;;;;;;;;;;;233;;
STK;24.01.2009 00:00;;;;;;;;;;;;;;1.5;9.3;5.4;33.5;;;;;;;;;;;;;;;;63;;
STK;25.01.2009 00:00;;;;;;;;;;;;;;1.3;5.1;4.7;18.4;;;;;;;;;;;;;;;;76;;
STK;26.01.2009 00:00;;;;;;;;;;;;;;0.6;2.2;2.2;7.9;;;;;;;;;;;;;;;;180;;
STK;27.01.2009 00:00;;;;;;;;;;;;;;0.6;2.7;2.2;9.7;;;;;;;;;;;;;;;;72;;
STK;28.01.2009 00:00;;;;;;;;;;;;;;2.5;9.5;9;34.2;;;;;;;;;;;;;;;;55;;
STK;29.01.2009 00:00;;;;;;;;;;;;;;6.2;11.8;22.3;42.5;;;;;;;;;;;;;;;;51;;
STK;30.01.2009 00:00;;;;;;;;;;;;;;5.3;10.3;19.1;37.1;;;;;;;;;;;;;;;;61;;
STK;31.01.2009 00:00;;;;;;;;;;;;;;5.5;10.8;19.8;38.9;;;;;;;;;;;;;;;;63;;
STK;01.02.2009 00:00;;;;;;;;;;;;;;3.4;9.5;12.2;34.2;;;;;;;;;;;;;;;;55;;
STK;02.02.2009 00:00;;;;;;;;;;;;;;1.1;4.5;4;16.2;;;;;;;;;;;;;;;;360;;
STK;03.02.2009 00:00;;;;;;;;;;;;;;1.1;3.7;4;13.3;;;;;;;;;;;;;;;;207;;
STK;04.02.2009 00:00;;;;;;;;;;;;;;0.7;3.1;2.5;11.2;;;;;;;;;;;;;;;;90;;
STK;05.02.2009 00:00;;;;;;;;;;;;;;1.1;7.2;4;25.9;;;;;;;;;;;;;;;;234;;
STK;06.02.2009 00:00;;;;;;;;;;;;;;0.8;4;2.9;14.4;;;;;;;;;;;;;;;;180;;
STK;07.02.2009 00:00;;;;;;;;;;;;;;3.3;9.6;11.9;34.6;;;;;;;;;;;;;;;;243;;
STK;08.02.2009 00:00;;;;;;;;;;;;;;1.7;5.3;6.1;19.1;;;;;;;;;;;;;;;;228;;
STK;09.02.2009 00:00;;;;;;;;;;;;;;2.5;8;9;28.8;;;;;;;;;;;;;;;;223;;
STK;10.02.2009 00:00;;;;;;;;;;;;;;9.7;32.2;34.9;115.9;;;;;;;;;;;;;;;;232;;
STK;11.02.2009 00:00;;;;;;;;;;;;;;4.6;13.1;16.6;47.2;;;;;;;;;;;;;;;;253;;
STK;12.02.2009 00:00;;;;;;;;;;;;;;3.2;9.2;11.5;33.1;;;;;;;;;;;;;;;;251;;
STK;13.02.2009 00:00;;;;;;;;;;;;;;3.3;7.1;11.9;25.6;;;;;;;;;;;;;;;;238;;
STK;14.02.2009 00:00;;;;;;;;;;;;;;1.9;4.7;6.8;16.9;;;;;;;;;;;;;;;;231;;
STK;15.02.2009 00:00;;;;;;;;;;;;;;1;2.7;3.6;9.7;;;;;;;;;;;;;;;;162;;
STK;16.02.2009 00:00;;;;;;;;;;;;;;3.6;8.5;13;30.6;;;;;;;;;;;;;;;;235;;
STK;17.02.2009 00:00;;;;;;;;;;;;;;7.2;13.7;25.9;49.3;;;;;;;;;;;;;;;;237;;
STK;18.02.2009 00:00;;;;;;;;;;;;;;2.9;10.2;10.4;36.7;;;;;;;;;;;;;;;;48;;
STK;19.02.2009 00:00;;;;;;;;;;;;;;1;4.8;3.6;17.3;;;;;;;;;;;;;;;;153;;
STK;20.02.2009 00:00;;;;;;;;;;;;;;2;5.7;7.2;20.5;;;;;;;;;;;;;;;;230;;
STK;21.02.2009 00:00;;;;;;;;;;;;;;1.2;4;4.3;14.4;;;;;;;;;;;;;;;;219;;
STK;22.02.2009 00:00;;;;;;;;;;;;;;4.4;12.8;15.8;46.1;;;;;;;;;;;;;;;;229;;
STK;23.02.2009 00:00;;;;;;;;;;;;;;5;11;18;39.6;;;;;;;;;;;;;;;;237;;
STK;24.02.2009 00:00;;;;;;;;;;;;;;1.6;6.2;5.8;22.3;;;;;;;;;;;;;;;;240;;
STK;25.02.2009 00:00;;;;;;;;;;;;;;1.2;4.8;4.3;17.3;;;;;;;;;;;;;;;;53;;
STK;26.02.2009 00:00;;;;;;;;;;;;;;3;14;10.8;50.4;;;;;;;;;;;;;;;;231;;
STK;27.02.2009 00:00;;;;;;;;;;;;;;3.4;9.3;12.2;33.5;;;;;;;;;;;;;;;;234;;
STK;28.02.2009 00:00;;;;;;;;;;;;;;1;4.7;3.6;16.9;;;;;;;;;;;;;;;;0;;
STK;01.03.2009 00:00;;;;;;;;;;;;;;0.7;3.3;2.5;11.9;;;;;;;;;;;;;;;;135;;
STK;02.03.2009 00:00;;;;;;;;;;;;;;1.6;6.7;5.8;24.1;;;;;;;;;;;;;;;;228;;
STK;03.03.2009 00:00;;;;;;;;;;;;;;0.8;3.8;2.9;13.7;;;;;;;;;;;;;;;;225;;
STK;04.03.2009 00:00;;;;;;;;;;;;;;1.3;4.2;4.7;15.1;;;;;;;;;;;;;;;;45;;
STK;05.03.2009 00:00;;;;;;;;;;;;;;3.8;8.1;13.7;29.2;;;;;;;;;;;;;;;;232;;
STK;06.03.2009 00:00;;;;;;;;;;;;;;5.7;10.2;20.5;36.7;;;;;;;;;;;;;;;;240;;
STK;07.03.2009 00:00;;;;;;;;;;;;;;3.6;9.6;13;34.6;;;;;;;;;;;;;;;;241;;
STK;08.03.2009 00:00;;;;;;;;;;;;;;4.5;15.3;16.2;55.1;;;;;;;;;;;;;;;;232;;
STK;09.03.2009 00:00;;;;;;;;;;;;;;7.7;18.3;27.7;65.9;;;;;;;;;;;;;;;;240;;
STK;10.03.2009 00:00;;;;;;;;;;;;;;8;19;28.8;68.4;;;;;;;;;;;;;;;;230;;
STK;11.03.2009 00:00;;;;;;;;;;;;;;3.3;15.5;11.9;55.8;;;;;;;;;;;;;;;;261;;
STK;12.03.2009 00:00;;;;;;;;;;;;;;3.3;9.2;11.9;33.1;;;;;;;;;;;;;;;;234;;
STK;13.03.2009 00:00;;;;;;;;;;;;;;2.7;9.1;9.7;32.8;;;;;;;;;;;;;;;;234;;
STK;14.03.2009 00:00;;;;;;;;;;;;;;1.9;7.7;6.8;27.7;;;;;;;;;;;;;;;;234;;
STK;15.03.2009 00:00;;;;;;;;;;;;;;2.2;7.7;7.9;27.7;;;;;;;;;;;;;;;;265;;
STK;16.03.2009 00:00;;;;;;;;;;;;;;1.5;6;5.4;21.6;;;;;;;;;;;;;;;;51;;
STK;17.03.2009 00:00;;;;;;;;;;;;;;1;3.7;3.6;13.3;;;;;;;;;;;;;;;;68;;
STK;18.03.2009 00:00;;;;;;;;;;;;;;1;4.7;3.6;16.9;;;;;;;;;;;;;;;;67;;
STK;19.03.2009 00:00;;;;;;;;;;;;;;3;17.6;10.8;63.4;;;;;;;;;;;;;;;;57;;
STK;20.03.2009 00:00;;;;;;;;;;;;;;5.5;14.1;19.8;50.8;;;;;;;;;;;;;;;;54;;
STK;21.03.2009 00:00;;;;;;;;;;;;;;2.3;8.1;8.3;29.2;;;;;;;;;;;;;;;;45;;
STK;22.03.2009 00:00;;;;;;;;;;;;;;2.1;7.3;7.6;26.3;;;;;;;;;;;;;;;;247;;
STK;23.03.2009 00:00;;;;;;;;;;;;;;7.6;25;27.4;90;;;;;;;;;;;;;;;;240;;
STK;24.03.2009 00:00;;;;;;;;;;;;;;6;19.5;21.6;70.2;;;;;;;;;;;;;;;;253;;
STK;25.03.2009 00:00;;;;;;;;;;;;;;7;25;25.2;90;;;;;;;;;;;;;;;;232;;
STK;26.03.2009 00:00;;;;;;;;;;;;;;6.2;13.6;22.3;49;;;;;;;;;;;;;;;;240;;
STK;27.03.2009 00:00;;;;;;;;;;;;;;5.4;15;19.4;54;;;;;;;;;;;;;;;;239;;
STK;28.03.2009 00:00;;;;;;;;;;;;;;2.7;13.5;9.7;48.6;;;;;;;;;;;;;;;;235;;
STK;29.03.2009 00:00;;;;;;;;;;;;;;1.2;7.6;4.3;27.4;;;;;;;;;;;;;;;;60;;
STK;30.03.2009 00:00;;;;;;;;;;;;;;4.1;12.2;14.8;43.9;;;;;;;;;;;;;;;;55;;
STK;31.03.2009 00:00;;;;;;;;;;;;;;5;12.3;18;44.3;;;;;;;;;;;;;;;;52;;
STK;01.04.2009 00:00;;;;;;;;;;;;;;2.7;8.2;9.7;29.5;;;;;;;;;;;;;;;;52;;
STK;02.04.2009 00:00;;;;;;;;;;;;;;1.7;6.2;6.1;22.3;;;;;;;;;;;;;;;;135;;
STK;03.04.2009 00:00;;;;;;;;;;;;;;3.1;8.6;11.2;31;;;;;;;;;;;;;;;;239;;
STK;04.04.2009 00:00;;;;;;;;;;;;;;1.3;5;4.7;18;;;;;;;;;;;;;;;;45;;
STK;05.04.2009 00:00;;;;;;;;;;;;;;1.4;7.8;5;28.1;;;;;;;;;;;;;;;;45;;
STK;06.04.2009 00:00;;;;;;;;;;;;;;1.2;3.8;4.3;13.7;;;;;;;;;;;;;;;;79;;
STK;07.04.2009 00:00;;;;;;;;;;;;;;1.6;8.1;5.8;29.2;;;;;;;;;;;;;;;;180;;
STK;08.04.2009 00:00;;;;;;;;;;;;;;1.4;4.5;5;16.2;;;;;;;;;;;;;;;;225;;
STK;09.04.2009 00:00;;;;;;;;;;;;;;1.3;5.3;4.7;19.1;;;;;;;;;;;;;;;;34;;
STK;10.04.2009 00:00;;;;;;;;;;;;;;1.4;4.5;5;16.2;;;;;;;;;;;;;;;;90;;
STK;11.04.2009 00:00;;;;;;;;;;;;;;1.5;5.7;5.4;20.5;;;;;;;;;;;;;;;;90;;
STK;12.04.2009 00:00;;;;;;;;;;;;;;1.1;4.7;4;16.9;;;;;;;;;;;;;;;;117;;
STK;13.04.2009 00:00;;;;;;;;;;;;;;1.5;5.6;5.4;20.2;;;;;;;;;;;;;;;;56;;
STK;14.04.2009 00:00;;;;;;;;;;;;;;1.7;6.7;6.1;24.1;;;;;;;;;;;;;;;;72;;
STK;15.04.2009 00:00;;;;;;;;;;;;;;1.4;4.1;5;14.8;;;;;;;;;;;;;;;;72;;
STK;16.04.2009 00:00;;;;;;;;;;;;;;2.9;23;10.4;82.8;;;;;;;;;;;;;;;;237;;
STK;17.04.2009 00:00;;;;;;;;;;;;;;5.2;15.2;18.7;54.7;;;;;;;;;;;;;;;;237;;
STK;18.04.2009 00:00;;;;;;;;;;;;;;2.6;9.2;9.4;33.1;;;;;;;;;;;;;;;;254;;
STK;19.04.2009 00:00;;;;;;;;;;;;;;1.4;7.7;5;27.7;;;;;;;;;;;;;;;;53;;
STK;20.04.2009 00:00;;;;;;;;;;;;;;2.1;6.6;7.6;23.8;;;;;;;;;;;;;;;;55;;
STK;21.04.2009 00:00;;;;;;;;;;;;;;1.7;8.6;6.1;31;;;;;;;;;;;;;;;;60;;
STK;22.04.2009 00:00;;;;;;;;;;;;;;1.8;8.6;6.5;31;;;;;;;;;;;;;;;;22;;
STK;23.04.2009 00:00;;;;;;;;;;;;;;2.8;11.6;10.1;41.8;;;;;;;;;;;;;;;;47;;
STK;24.04.2009 00:00;;;;;;;;;;;;;;3.4;12.8;12.2;46.1;;;;;;;;;;;;;;;;71;;
STK;25.04.2009 00:00;;;;;;;;;;;;;;1.6;7.1;5.8;25.6;;;;;;;;;;;;;;;;59;;
STK;26.04.2009 00:00;;;;;;;;;;;;;;1.5;7.1;5.4;25.6;;;;;;;;;;;;;;;;90;;
STK;27.04.2009 00:00;;;;;;;;;;;;;;2.7;8.2;9.7;29.5;;;;;;;;;;;;;;;;238;;
STK;28.04.2009 00:00;;;;;;;;;;;;;;3.5;12.3;12.6;44.3;;;;;;;;;;;;;;;;238;;
STK;29.04.2009 00:00;;;;;;;;;;;;;;2.9;12.7;10.4;45.7;;;;;;;;;;;;;;;;235;;
STK;30.04.2009 00:00;;;;;;;;;;;;;;1.9;5.6;6.8;20.2;;;;;;;;;;;;;;;;225;;
STK;01.05.2009 00:00;;;;;;;;;;;;;;1.1;4.5;4;16.2;;;;;;;;;;;;;;;;225;;
STK;02.05.2009 00:00;;;;;;;;;;;;;;1.9;7.5;6.8;27;;;;;;;;;;;;;;;;225;;
STK;03.05.2009 00:00;;;;;;;;;;;;;;1.7;9.7;6.1;34.9;;;;;;;;;;;;;;;;360;;
STK;04.05.2009 00:00;;;;;;;;;;;;;;1.5;8.8;5.4;31.7;;;;;;;;;;;;;;;;349;;
STK;05.05.2009 00:00;;;;;;;;;;;;;;3.8;10.7;13.7;38.5;;;;;;;;;;;;;;;;238;;
STK;06.05.2009 00:00;;;;;;;;;;;;;;6;15.7;21.6;56.5;;;;;;;;;;;;;;;;239;;
STK;07.05.2009 00:00;;;;;;;;;;;;;;1.2;4.2;4.3;15.1;;;;;;;;;;;;;;;;233;;
STK;08.05.2009 00:00;;;;;;;;;;;;;;2.5;12.8;9;46.1;;;;;;;;;;;;;;;;236;;
STK;09.05.2009 00:00;;;;;;;;;;;;;;2;23.3;7.2;83.9;;;;;;;;;;;;;;;;27;;
STK;10.05.2009 00:00;;;;;;;;;;;;;;1;5;3.6;18;;;;;;;;;;;;;;;;45;;
STK;11.05.2009 00:00;;;;;;;;;;;;;;1.2;5.3;4.3;19.1;;;;;;;;;;;;;;;;180;;
STK;12.05.2009 00:00;;;;;;;;;;;;;;1.5;9.7;5.4;34.9;;;;;;;;;;;;;;;;56;;
STK;13.05.2009 00:00;;;;;;;;;;;;;;1.5;5.3;5.4;19.1;;;;;;;;;;;;;;;;41;;
STK;14.05.2009 00:00;;;;;;;;;;;;;;1.5;6.6;5.4;23.8;;;;;;;;;;;;;;;;243;;
STK;15.05.2009 00:00;;;;;;;;;;;;;;4;14.6;14.4;52.6;;;;;;;;;;;;;;;;240;;
STK;16.05.2009 00:00;;;;;;;;;;;;;;2.2;8.7;7.9;31.3;;;;;;;;;;;;;;;;225;;
STK;17.05.2009 00:00;;;;;;;;;;;;;;2.4;16.1;8.6;58;;;;;;;;;;;;;;;;243;;
STK;18.05.2009 00:00;;;;;;;;;;;;;;1.7;6.8;6.1;24.5;;;;;;;;;;;;;;;;229;;
STK;19.05.2009 00:00;;;;;;;;;;;;;;1.1;4;4;14.4;;;;;;;;;;;;;;;;0;;
STK;20.05.2009 00:00;;;;;;;;;;;;;;1.2;4.1;4.3;14.8;;;;;;;;;;;;;;;;67;;
STK;21.05.2009 00:00;;;;;;;;;;;;;;1.9;10.7;6.8;38.5;;;;;;;;;;;;;;;;53;;
STK;22.05.2009 00:00;;;;;;;;;;;;;;3.1;12.2;11.2;43.9;;;;;;;;;;;;;;;;247;;
STK;23.05.2009 00:00;;;;;;;;;;;;;;1.1;3.7;4;13.3;;;;;;;;;;;;;;;;50;;
STK;24.05.2009 00:00;;;;;;;;;;;;;;1.5;9.6;5.4;34.6;;;;;;;;;;;;;;;;63;;
STK;25.05.2009 00:00;;;;;;;;;;;;;;1.4;4.6;5;16.6;;;;;;;;;;;;;;;;74;;
STK;26.05.2009 00:00;;;;;;;;;;;;;;3.1;32.3;11.2;116.3;;;;;;;;;;;;;;;;238;;
STK;27.05.2009 00:00;;;;;;;;;;;;;;1.7;6.7;6.1;24.1;;;;;;;;;;;;;;;;256;;
STK;28.05.2009 00:00;;;;;;;;;;;;;;2.9;9.5;10.4;34.2;;;;;;;;;;;;;;;;242;;
STK;29.05.2009 00:00;;;;;;;;;;;;;;4.3;13.3;15.5;47.9;;;;;;;;;;;;;;;;55;;
STK;30.05.2009 00:00;;;;;;;;;;;;;;6.5;16.2;23.4;58.3;;;;;;;;;;;;;;;;57;;
STK;31.05.2009 00:00;;;;;;;;;;;;;;4;11.7;14.4;42.1;;;;;;;;;;;;;;;;53;;
STK;01.06.2009 00:00;;;;;;;;;;;;;;3;10.5;10.8;37.8;;;;;;;;;;;;;;;;50;;
STK;02.06.2009 00:00;;;;;;;;;;;;;;1.2;9.6;4.3;34.6;;;;;;;;;;;;;;;;162;;
STK;03.06.2009 00:00;;;;;;;;;;;;;;2;9.1;7.2;32.8;;;;;;;;;;;;;;;;331;;
STK;04.06.2009 00:00;;;;;;;;;;;;;;2.9;10.8;10.4;38.9;;;;;;;;;;;;;;;;290;;
STK;05.06.2009 00:00;;;;;;;;;;;;;;2;6.1;7.2;22;;;;;;;;;;;;;;;;67;;
STK;06.06.2009 00:00;;;;;;;;;;;;;;2.4;17.2;8.6;61.9;;;;;;;;;;;;;;;;241;;
STK;07.06.2009 00:00;;;;;;;;;;;;;;5.4;16.2;19.4;58.3;;;;;;;;;;;;;;;;243;;
STK;08.06.2009 00:00;;;;;;;;;;;;;;2;10.3;7.2;37.1;;;;;;;;;;;;;;;;52;;
STK;09.06.2009 00:00;;;;;;;;;;;;;;2.5;10.2;9;36.7;;;;;;;;;;;;;;;;225;;
STK;10.06.2009 00:00;;;;;;;;;;;;;;2.1;8.2;7.6;29.5;;;;;;;;;;;;;;;;242;;
STK;11.06.2009 00:00;;;;;;;;;;;;;;7;22;25.2;79.2;;;;;;;;;;;;;;;;250;;
STK;12.06.2009 00:00;;;;;;;;;;;;;;3.4;12.7;12.2;45.7;;;;;;;;;;;;;;;;244;;
STK;13.06.2009 00:00;;;;;;;;;;;;;;1.5;5.3;5.4;19.1;;;;;;;;;;;;;;;;225;;
STK;14.06.2009 00:00;;;;;;;;;;;;;;1.8;10.5;6.5;37.8;;;;;;;;;;;;;;;;236;;
STK;15.06.2009 00:00;;;;;;;;;;;;;;2.4;13.7;8.6;49.3;;;;;;;;;;;;;;;;241;;
STK;16.06.2009 00:00;;;;;;;;;;;;;;2.9;10.2;10.4;36.7;;;;;;;;;;;;;;;;251;;
STK;17.06.2009 00:00;;;;;;;;;;;;;;1.3;3.8;4.7;13.7;;;;;;;;;;;;;;;;54;;
STK;18.06.2009 00:00;;;;;;;;;;;;;;2;8.3;7.2;29.9;;;;;;;;;;;;;;;;238;;
STK;19.06.2009 00:00;;;;;;;;;;;;;;2.2;10.5;7.9;37.8;;;;;;;;;;;;;;;;252;;
STK;20.06.2009 00:00;;;;;;;;;;;;;;1.8;10.3;6.5;37.1;;;;;;;;;;;;;;;;76;;
STK;21.06.2009 00:00;;;;;;;;;;;;;;1.8;7.5;6.5;27;;;;;;;;;;;;;;;;297;;
STK;22.06.2009 00:00;;;;;;;;;;;;;;2.4;14.5;8.6;52.2;;;;;;;;;;;;;;;;304;;
STK;23.06.2009 00:00;;;;;;;;;;;;;;1.7;6.1;6.1;22;;;;;;;;;;;;;;;;11;;
STK;24.06.2009 00:00;;;;;;;;;;;;;;2.5;7.5;9;27;;;;;;;;;;;;;;;;61;;
STK;25.06.2009 00:00;;;;;;;;;;;;;;1.8;9.3;6.5;33.5;;;;;;;;;;;;;;;;56;;
STK;26.06.2009 00:00;;;;;;;;;;;;;;2;10.2;7.2;36.7;;;;;;;;;;;;;;;;230;;
STK;27.06.2009 00:00;;;;;;;;;;;;;;2.6;7.3;9.4;26.3;;;;;;;;;;;;;;;;234;;
STK;28.06.2009 00:00;;;;;;;;;;;;;;1.2;4.1;4.3;14.8;;;;;;;;;;;;;;;;49;;
STK;29.06.2009 00:00;;;;;;;;;;;;;;1.2;6.6;4.3;23.8;;;;;;;;;;;;;;;;40;;
STK;30.06.2009 00:00;;;;;;;;;;;;;;1.2;5;4.3;18;;;;;;;;;;;;;;;;45;;
STK;01.07.2009 00:00;;;;;;;;;;;;;;1.5;7.2;5.4;25.9;;;;;;;;;;;;;;;;54;;
STK;02.07.2009 00:00;;;;;;;;;;;;;;1.1;5.7;4;20.5;;;;;;;;;;;;;;;;72;;
STK;03.07.2009 00:00;;;;;;;;;;;;;;2.7;10.2;9.7;36.7;;;;;;;;;;;;;;;;237;;
STK;04.07.2009 00:00;;;;;;;;;;;;;;1.5;7.2;5.4;25.9;;;;;;;;;;;;;;;;333;;
STK;05.07.2009 00:00;;;;;;;;;;;;;;2.1;12.5;7.6;45;;;;;;;;;;;;;;;;225;;
STK;06.07.2009 00:00;;;;;;;;;;;;;;3.1;10.3;11.2;37.1;;;;;;;;;;;;;;;;228;;
STK;07.07.2009 00:00;;;;;;;;;;;;;;3.4;21.1;12.2;76;;;;;;;;;;;;;;;;229;;
STK;08.07.2009 00:00;;;;;;;;;;;;;;5.5;15.3;19.8;55.1;;;;;;;;;;;;;;;;233;;
STK;09.07.2009 00:00;;;;;;;;;;;;;;4.9;14;17.6;50.4;;;;;;;;;;;;;;;;230;;
STK;10.07.2009 00:00;;;;;;;;;;;;;;5.2;14.5;18.7;52.2;;;;;;;;;;;;;;;;245;;
STK;11.07.2009 00:00;;;;;;;;;;;;;;2.9;9.6;10.4;34.6;;;;;;;;;;;;;;;;236;;
STK;12.07.2009 00:00;;;;;;;;;;;;;;1.6;5.6;5.8;20.2;;;;;;;;;;;;;;;;63;;
STK;13.07.2009 00:00;;;;;;;;;;;;;;1.5;5.2;5.4;18.7;;;;;;;;;;;;;;;;72;;
STK;14.07.2009 00:00;;;;;;;;;;;;;;2.3;17.8;8.3;64.1;;;;;;;;;;;;;;;;63;;
STK;15.07.2009 00:00;;;;;;;;;;;;;;1.7;18.5;6.1;66.6;;;;;;;;;;;;;;;;49;;
STK;16.07.2009 00:00;;;;;;;;;;;;;;1.3;4.6;4.7;16.6;;;;;;;;;;;;;;;;63;;
STK;17.07.2009 00:00;;;;;;;;;;;;;;3.7;15.2;13.3;54.7;;;;;;;;;;;;;;;;228;;
STK;18.07.2009 00:00;;;;;;;;;;;;;;6;15.3;21.6;55.1;;;;;;;;;;;;;;;;233;;
STK;19.07.2009 00:00;;;;;;;;;;;;;;4.2;14.3;15.1;51.5;;;;;;;;;;;;;;;;240;;
STK;20.07.2009 00:00;;;;;;;;;;;;;;2.2;10;7.9;36;;;;;;;;;;;;;;;;238;;
STK;21.07.2009 00:00;;;;;;;;;;;;;;1.3;4.5;4.7;16.2;;;;;;;;;;;;;;;;90;;
STK;22.07.2009 00:00;;;;;;;;;;;;;;2.2;12.5;7.9;45;;;;;;;;;;;;;;;;230;;
STK;23.07.2009 00:00;;;;;;;;;;;;;;2.9;15.1;10.4;54.4;;;;;;;;;;;;;;;;245;;
STK;24.07.2009 00:00;;;;;;;;;;;;;;3.5;12.2;12.6;43.9;;;;;;;;;;;;;;;;239;;
STK;25.07.2009 00:00;;;;;;;;;;;;;;4.2;12.6;15.1;45.4;;;;;;;;;;;;;;;;240;;
STK;26.07.2009 00:00;;;;;;;;;;;;;;1.2;4.2;4.3;15.1;;;;;;;;;;;;;;;;68;;
STK;27.07.2009 00:00;;;;;;;;;;;;;;1.8;14.6;6.5;52.6;;;;;;;;;;;;;;;;219;;
STK;28.07.2009 00:00;;;;;;;;;;;;;;1.9;9.3;6.8;33.5;;;;;;;;;;;;;;;;59;;
STK;29.07.2009 00:00;;;;;;;;;;;;;;1.1;3.8;4;13.7;;;;;;;;;;;;;;;;90;;
STK;30.07.2009 00:00;;;;;;;;;;;;;;4.1;10.3;14.8;37.1;;;;;;;;;;;;;;;;237;;
STK;31.07.2009 00:00;;;;;;;;;;;;;;2.2;8.8;7.9;31.7;;;;;;;;;;;;;;;;56;;
STK;01.08.2009 00:00;;;;;;;;;;;;;;1.4;5.6;5;20.2;;;;;;;;;;;;;;;;76;;
STK;02.08.2009 00:00;;;;;;;;;;;;;;2.8;15.5;10.1;55.8;;;;;;;;;;;;;;;;234;;
STK;03.08.2009 00:00;;;;;;;;;;;;;;1.8;7.1;6.5;25.6;;;;;;;;;;;;;;;;270;;
STK;04.08.2009 00:00;;;;;;;;;;;;;;1.2;5.8;4.3;20.9;;;;;;;;;;;;;;;;56;;
STK;05.08.2009 00:00;;;;;;;;;;;;;;1.6;7.5;5.8;27;;;;;;;;;;;;;;;;66;;
STK;06.08.2009 00:00;;;;;;;;;;;;;;1.2;3.6;4.3;13;;;;;;;;;;;;;;;;63;;
STK;07.08.2009 00:00;;;;;;;;;;;;;;1.4;6.3;5;22.7;;;;;;;;;;;;;;;;108;;
STK;08.08.2009 00:00;;;;;;;;;;;;;;1.5;6.8;5.4;24.5;;;;;;;;;;;;;;;;222;;
STK;09.08.2009 00:00;;;;;;;;;;;;;;1.1;2.7;4;9.7;;;;;;;;;;;;;;;;53;;
STK;10.08.2009 00:00;;;;;;;;;;;;;;2.8;16.7;10.1;60.1;;;;;;;;;;;;;;;;228;;
STK;11.08.2009 00:00;;;;;;;;;;;;;;3.9;11.7;14;42.1;;;;;;;;;;;;;;;;237;;
STK;12.08.2009 00:00;;;;;;;;;;;;;;1.8;6.2;6.5;22.3;;;;;;;;;;;;;;;;231;;
STK;13.08.2009 00:00;;;;;;;;;;;;;;4;10;14.4;36;;;;;;;;;;;;;;;;240;;
STK;14.08.2009 00:00;;;;;;;;;;;;;;1.6;7.6;5.8;27.4;;;;;;;;;;;;;;;;225;;
STK;15.08.2009 00:00;;;;;;;;;;;;;;1.5;5.8;5.4;20.9;;;;;;;;;;;;;;;;214;;
STK;16.08.2009 00:00;;;;;;;;;;;;;;1;3.2;3.6;11.5;;;;;;;;;;;;;;;;217;;
STK;17.08.2009 00:00;;;;;;;;;;;;;;2.2;13;7.9;46.8;;;;;;;;;;;;;;;;231;;
STK;18.08.2009 00:00;;;;;;;;;;;;;;1.3;4.3;4.7;15.5;;;;;;;;;;;;;;;;90;;
STK;19.08.2009 00:00;;;;;;;;;;;;;;1.5;4.1;5.4;14.8;;;;;;;;;;;;;;;;90;;
STK;20.08.2009 00:00;;;;;;;;;;;;;;1.1;3.5;4;12.6;;;;;;;;;;;;;;;;135;;
STK;21.08.2009 00:00;;;;;;;;;;;;;;1.8;8.1;6.5;29.2;;;;;;;;;;;;;;;;338;;
STK;22.08.2009 00:00;;;;;;;;;;;;;;2;8.7;7.2;31.3;;;;;;;;;;;;;;;;67;;
STK;23.08.2009 00:00;;;;;;;;;;;;;;3.8;11.1;13.7;40;;;;;;;;;;;;;;;;61;;
STK;24.08.2009 00:00;;;;;;;;;;;;;;1.2;4.1;4.3;14.8;;;;;;;;;;;;;;;;90;;
STK;25.08.2009 00:00;;;;;;;;;;;;;;2.7;12.8;9.7;46.1;;;;;;;;;;;;;;;;236;;
STK;26.08.2009 00:00;;;;;;;;;;;;;;1;3.7;3.6;13.3;;;;;;;;;;;;;;;;180;;
STK;27.08.2009 00:00;;;;;;;;;;;;;;1.2;3.2;4.3;11.5;;;;;;;;;;;;;;;;231;;
STK;28.08.2009 00:00;;;;;;;;;;;;;;4.1;12.6;14.8;45.4;;;;;;;;;;;;;;;;246;;
STK;29.08.2009 00:00;;;;;;;;;;;;;;2.8;10.5;10.1;37.8;;;;;;;;;;;;;;;;255;;
STK;30.08.2009 00:00;;;;;;;;;;;;;;1.2;4.1;4.3;14.8;;;;;;;;;;;;;;;;117;;
STK;31.08.2009 00:00;;;;;;;;;;;;;;1.7;4.3;6.1;15.5;;;;;;;;;;;;;;;;83;;
STK;01.09.2009 00:00;;;;;;;;;;;;;;2.2;18.7;7.9;67.3;;;;;;;;;;;;;;;;233;;
STK;02.09.2009 00:00;;;;;;;;;;;;;;1.4;7;5;25.2;;;;;;;;;;;;;;;;198;;
STK;03.09.2009 00:00;;;;;;;;;;;;;;4.8;17.8;17.3;64.1;;;;;;;;;;;;;;;;239;;
STK;04.09.2009 00:00;;;;;;;;;;;;;;5.3;24.1;19.1;86.8;;;;;;;;;;;;;;;;241;;
STK;05.09.2009 00:00;;;;;;;;;;;;;;3.8;11.3;13.7;40.7;;;;;;;;;;;;;;;;229;;
STK;06.09.2009 00:00;;;;;;;;;;;;;;1.4;3.8;5;13.7;;;;;;;;;;;;;;;;127;;
STK;07.09.2009 00:00;;;;;;;;;;;;;;1.3;2.8;4.7;10.1;;;;;;;;;;;;;;;;121;;
STK;08.09.2009 00:00;;;;;;;;;;;;;;1.4;7.3;5;26.3;;;;;;;;;;;;;;;;74;;
STK;09.09.2009 00:00;;;;;;;;;;;;;;1.6;7.3;5.8;26.3;;;;;;;;;;;;;;;;83;;
STK;10.09.2009 00:00;;;;;;;;;;;;;;1.3;6.5;4.7;23.4;;;;;;;;;;;;;;;;72;;
STK;11.09.2009 00:00;;;;;;;;;;;;;;5.5;11.2;19.8;40.3;;;;;;;;;;;;;;;;54;;
STK;12.09.2009 00:00;;;;;;;;;;;;;;5.2;11.3;18.7;40.7;;;;;;;;;;;;;;;;53;;
STK;13.09.2009 00:00;;;;;;;;;;;;;;1.8;9.8;6.5;35.3;;;;;;;;;;;;;;;;18;;
STK;14.09.2009 00:00;;;;;;;;;;;;;;2;7.6;7.2;27.4;;;;;;;;;;;;;;;;23;;
STK;15.09.2009 00:00;;;;;;;;;;;;;;2.7;8.8;9.7;31.7;;;;;;;;;;;;;;;;48;;
STK;16.09.2009 00:00;;;;;;;;;;;;;;2.4;8.2;8.6;29.5;;;;;;;;;;;;;;;;55;;
STK;17.09.2009 00:00;;;;;;;;;;;;;;1.3;5.6;4.7;20.2;;;;;;;;;;;;;;;;36;;
STK;18.09.2009 00:00;;;;;;;;;;;;;;1.3;5.6;4.7;20.2;;;;;;;;;;;;;;;;66;;
STK;19.09.2009 00:00;;;;;;;;;;;;;;1.2;5.2;4.3;18.7;;;;;;;;;;;;;;;;234;;
STK;20.09.2009 00:00;;;;;;;;;;;;;;1.2;5.7;4.3;20.5;;;;;;;;;;;;;;;;207;;
STK;21.09.2009 00:00;;;;;;;;;;;;;;1.5;5.5;5.4;19.8;;;;;;;;;;;;;;;;49;;
STK;22.09.2009 00:00;;;;;;;;;;;;;;1.2;3.8;4.3;13.7;;;;;;;;;;;;;;;;153;;
STK;23.09.2009 00:00;;;;;;;;;;;;;;1;3.6;3.6;13;;;;;;;;;;;;;;;;135;;
STK;24.09.2009 00:00;;;;;;;;;;;;;;0.8;3.5;2.9;12.6;;;;;;;;;;;;;;;;63;;
STK;25.09.2009 00:00;;;;;;;;;;;;;;2.5;8.1;9;29.2;;;;;;;;;;;;;;;;36;;
STK;26.09.2009 00:00;;;;;;;;;;;;;;1.4;7.7;5;27.7;;;;;;;;;;;;;;;;84;;
STK;27.09.2009 00:00;;;;;;;;;;;;;;1.1;3.2;4;11.5;;;;;;;;;;;;;;;;143;;
STK;28.09.2009 00:00;;;;;;;;;;;;;;1.2;3.2;4.3;11.5;;;;;;;;;;;;;;;;219;;
STK;29.09.2009 00:00;;;;;;;;;;;;;;1.9;5.8;6.8;20.9;;;;;;;;;;;;;;;;230;;
STK;30.09.2009 00:00;;;;;;;;;;;;;;0.9;2.7;3.2;9.7;;;;;;;;;;;;;;;;135;;
STK;01.10.2009 00:00;;;;;;;;;;;;;;1.4;7.3;5;26.3;;;;;;;;;;;;;;;;225;;
STK;02.10.2009 00:00;;;;;;;;;;;;;;1.9;9;6.8;32.4;;;;;;;;;;;;;;;;264;;
STK;03.10.2009 00:00;;;;;;;;;;;;;;2.6;8.2;9.4;29.5;;;;;;;;;;;;;;;;235;;
STK;04.10.2009 00:00;;;;;;;;;;;;;;5.7;15;20.5;54;;;;;;;;;;;;;;;;240;;
STK;05.10.2009 00:00;;;;;;;;;;;;;;1.1;3.7;4;13.3;;;;;;;;;;;;;;;;180;;
STK;06.10.2009 00:00;;;;;;;;;;;;;;2.2;12.1;7.9;43.6;;;;;;;;;;;;;;;;230;;
STK;07.10.2009 00:00;;;;;;;;;;;;;;1.1;3.8;4;13.7;;;;;;;;;;;;;;;;180;;
STK;08.10.2009 00:00;;;;;;;;;;;;;;2.3;8.5;8.3;30.6;;;;;;;;;;;;;;;;233;;
STK;09.10.2009 00:00;;;;;;;;;;;;;;1.4;5.1;5;18.4;;;;;;;;;;;;;;;;45;;
STK;10.10.2009 00:00;;;;;;;;;;;;;;3.4;11.7;12.2;42.1;;;;;;;;;;;;;;;;229;;
STK;11.10.2009 00:00;;;;;;;;;;;;;;5.3;17.3;19.1;62.3;;;;;;;;;;;;;;;;234;;
STK;12.10.2009 00:00;;;;;;;;;;;;;;4.5;19.2;16.2;69.1;;;;;;;;;;;;;;;;266;;
STK;13.10.2009 00:00;;;;;;;;;;;;;;2.4;8.7;8.6;31.3;;;;;;;;;;;;;;;;281;;
STK;14.10.2009 00:00;;;;;;;;;;;;;;4;13.3;14.4;47.9;;;;;;;;;;;;;;;;41;;
STK;15.10.2009 00:00;;;;;;;;;;;;;;1.9;5.7;6.8;20.5;;;;;;;;;;;;;;;;18;;
STK;16.10.2009 00:00;;;;;;;;;;;;;;5.3;17.7;19.1;63.7;;;;;;;;;;;;;;;;240;;
STK;17.10.2009 00:00;;;;;;;;;;;;;;3.5;10;12.6;36;;;;;;;;;;;;;;;;265;;
STK;18.10.2009 00:00;;;;;;;;;;;;;;1.8;7.3;6.5;26.3;;;;;;;;;;;;;;;;259;;
STK;19.10.2009 00:00;;;;;;;;;;;;;;1.8;9.2;6.5;33.1;;;;;;;;;;;;;;;;59;;
STK;20.10.2009 00:00;;;;;;;;;;;;;;1.5;6.1;5.4;22;;;;;;;;;;;;;;;;24;;
STK;21.10.2009 00:00;;;;;;;;;;;;;;1.6;9.5;5.8;34.2;;;;;;;;;;;;;;;;63;;
STK;22.10.2009 00:00;;;;;;;;;;;;;;0.8;3.7;2.9;13.3;;;;;;;;;;;;;;;;90;;
STK;23.10.2009 00:00;;;;;;;;;;;;;;1.7;6.2;6.1;22.3;;;;;;;;;;;;;;;;222;;
STK;24.10.2009 00:00;;;;;;;;;;;;;;1.1;4.8;4;17.3;;;;;;;;;;;;;;;;135;;
STK;25.10.2009 00:00;;;;;;;;;;;;;;1;4.2;3.6;15.1;;;;;;;;;;;;;;;;225;;
STK;26.10.2009 00:00;;;;;;;;;;;;;;1.7;6.6;6.1;23.8;;;;;;;;;;;;;;;;233;;
STK;27.10.2009 00:00;;;;;;;;;;;;;;1;4.3;3.6;15.5;;;;;;;;;;;;;;;;162;;
STK;28.10.2009 00:00;;;;;;;;;;;;;;0.9;3.1;3.2;11.2;;;;;;;;;;;;;;;;198;;
STK;29.10.2009 00:00;;;;;;;;;;;;;;0.7;3;2.5;10.8;;;;;;;;;;;;;;;;27;;
STK;30.10.2009 00:00;;;;;;;;;;;;;;3.5;8.8;12.6;31.7;;;;;;;;;;;;;;;;46;;
STK;31.10.2009 00:00;;;;;;;;;;;;;;1.2;3.8;4.3;13.7;;;;;;;;;;;;;;;;225;;
STK;01.11.2009 00:00;;;;;;;;;;;;;;0.8;3.3;2.9;11.9;;;;;;;;;;;;;;;;135;;
STK;02.11.2009 00:00;;;;;;;;;;;;;;5;16.8;18;60.5;;;;;;;;;;;;;;;;232;;
STK;03.11.2009 00:00;;;;;;;;;;;;;;3.4;9.1;12.2;32.8;;;;;;;;;;;;;;;;234;;
STK;04.11.2009 00:00;;;;;;;;;;;;;;5.6;18.2;20.2;65.5;;;;;;;;;;;;;;;;238;;
STK;05.11.2009 00:00;;;;;;;;;;;;;;3.2;13.7;11.5;49.3;;;;;;;;;;;;;;;;224;;
STK;06.11.2009 00:00;;;;;;;;;;;;;;1.3;6;4.7;21.6;;;;;;;;;;;;;;;;221;;
STK;07.11.2009 00:00;;;;;;;;;;;;;;1.7;8.5;6.1;30.6;;;;;;;;;;;;;;;;234;;
STK;08.11.2009 00:00;;;;;;;;;;;;;;3.9;12.1;14;43.6;;;;;;;;;;;;;;;;51;;
STK;09.11.2009 00:00;;;;;;;;;;;;;;1.8;6;6.5;21.6;;;;;;;;;;;;;;;;270;;
STK;10.11.2009 00:00;;;;;;;;;;;;;;3;7.3;10.8;26.3;;;;;;;;;;;;;;;;226;;
STK;11.11.2009 00:00;;;;;;;;;;;;;;1.2;4.3;4.3;15.5;;;;;;;;;;;;;;;;214;;
STK;12.11.2009 00:00;;;;;;;;;;;;;;1.4;9.2;5;33.1;;;;;;;;;;;;;;;;241;;
STK;13.11.2009 00:00;;;;;;;;;;;;;;0.5;3.3;1.8;11.9;;;;;;;;;;;;;;;;180;;
STK;14.11.2009 00:00;;;;;;;;;;;;;;2.2;13.5;7.9;48.6;;;;;;;;;;;;;;;;237;;
STK;15.11.2009 00:00;;;;;;;;;;;;;;1.3;7.2;4.7;25.9;;;;;;;;;;;;;;;;315;;
STK;16.11.2009 00:00;;;;;;;;;;;;;;0.9;4.7;3.2;16.9;;;;;;;;;;;;;;;;90;;
STK;17.11.2009 00:00;;;;;;;;;;;;;;1.3;7.1;4.7;25.6;;;;;;;;;;;;;;;;233;;
STK;18.11.2009 00:00;;;;;;;;;;;;;;1.6;7.7;5.8;27.7;;;;;;;;;;;;;;;;228;;
STK;19.11.2009 00:00;;;;;;;;;;;;;;0.5;2.8;1.8;10.1;;;;;;;;;;;;;;;;270;;
STK;20.11.2009 00:00;;;;;;;;;;;;;;0.8;4.3;2.9;15.5;;;;;;;;;;;;;;;;243;;
STK;21.11.2009 00:00;;;;;;;;;;;;;;0.5;2.6;1.8;9.4;;;;;;;;;;;;;;;;0;;
STK;22.11.2009 00:00;;;;;;;;;;;;;;2.4;10.2;8.6;36.7;;;;;;;;;;;;;;;;232;;
STK;23.11.2009 00:00;;;;;;;;;;;;;;10.8;25.1;38.9;90.4;;;;;;;;;;;;;;;;236;;
STK;24.11.2009 00:00;;;;;;;;;;;;;;7.3;20.8;26.3;74.9;;;;;;;;;;;;;;;;228;;
STK;25.11.2009 00:00;;;;;;;;;;;;;;1.8;8.6;6.5;31;;;;;;;;;;;;;;;;207;;
STK;26.11.2009 00:00;;;;;;;;;;;;;;2.3;8.5;8.3;30.6;;;;;;;;;;;;;;;;227;;
STK;27.11.2009 00:00;;;;;;;;;;;;;;4.2;19.3;15.1;69.5;;;;;;;;;;;;;;;;227;;
STK;28.11.2009 00:00;;;;;;;;;;;;;;3.8;12.1;13.7;43.6;;;;;;;;;;;;;;;;227;;
STK;29.11.2009 00:00;;;;;;;;;;;;;;1.1;7;4;25.2;;;;;;;;;;;;;;;;221;;
STK;30.11.2009 00:00;;;;;;;;;;;;;;2.1;8.5;7.6;30.6;;;;;;;;;;;;;;;;221;;
STK;01.12.2009 00:00;;;;;;;;;;;;;;2.7;6.1;9.7;22;;;;;;;;;;;;;;;;217;;
STK;02.12.2009 00:00;;;;;;;;;;;;;;1.3;6;4.7;21.6;;;;;;;;;;;;;;;;217;;
STK;03.12.2009 00:00;;;;;;;;;;;;;;1;4;3.6;14.4;;;;;;;;;;;;;;;;219;;
STK;04.12.2009 00:00;;;;;;;;;;;;;;2.4;14.6;8.6;52.6;;;;;;;;;;;;;;;;234;;
STK;05.12.2009 00:00;;;;;;;;;;;;;;0.9;5.5;3.2;19.8;;;;;;;;;;;;;;;;233;;
STK;06.12.2009 00:00;;;;;;;;;;;;;;1.7;12;6.1;43.2;;;;;;;;;;;;;;;;236;;
STK;07.12.2009 00:00;;;;;;;;;;;;;;1.4;6.3;5;22.7;;;;;;;;;;;;;;;;198;;
STK;08.12.2009 00:00;;;;;;;;;;;;;;5.8;18.8;20.9;67.7;;;;;;;;;;;;;;;;234;;
STK;09.12.2009 00:00;;;;;;;;;;;;;;1.2;7.6;4.3;27.4;;;;;;;;;;;;;;;;198;;
STK;10.12.2009 00:00;;;;;;;;;;;;;;3.2;12.1;11.5;43.6;;;;;;;;;;;;;;;;229;;
STK;11.12.2009 00:00;;;;;;;;;;;;;;4.2;11.8;15.1;42.5;;;;;;;;;;;;;;;;249;;
STK;12.12.2009 00:00;;;;;;;;;;;;;;6.2;13.6;22.3;49;;;;;;;;;;;;;;;;56;;
STK;13.12.2009 00:00;;;;;;;;;;;;;;7.9;13.7;28.4;49.3;;;;;;;;;;;;;;;;52;;
STK;14.12.2009 00:00;;;;;;;;;;;;;;8;13.2;28.8;47.5;;;;;;;;;;;;;;;;60;;
STK;15.12.2009 00:00;;;;;;;;;;;;;;6.3;12.3;22.7;44.3;;;;;;;;;;;;;;;;62;;
STK;16.12.2009 00:00;;;;;;;;;;;;;;3.4;8;12.2;28.8;;;;;;;;;;;;;;;;61;;
STK;17.12.2009 00:00;;;;;;;;;;;;;;1.3;5.5;4.7;19.8;;;;;;;;;;;;;;;;17;;
STK;18.12.2009 00:00;;;;;;;;;;;;;;1.8;8.1;6.5;29.2;;;;;;;;;;;;;;;;56;;
STK;19.12.2009 00:00;;;;;;;;;;;;;;3.7;11.6;13.3;41.8;;;;;;;;;;;;;;;;260;;
STK;20.12.2009 00:00;;;;;;;;;;;;;;5.1;15;18.4;54;;;;;;;;;;;;;;;;227;;
STK;21.12.2009 00:00;;;;;;;;;;;;;;3.1;11.1;11.2;40;;;;;;;;;;;;;;;;233;;
STK;22.12.2009 00:00;;;;;;;;;;;;;;1.6;9;5.8;32.4;;;;;;;;;;;;;;;;221;;
STK;23.12.2009 00:00;;;;;;;;;;;;;;2.3;9.5;8.3;34.2;;;;;;;;;;;;;;;;243;;
STK;24.12.2009 00:00;;;;;;;;;;;;;;1.5;10.7;5.4;38.5;;;;;;;;;;;;;;;;27;;
STK;25.12.2009 00:00;;;;;;;;;;;;;;6.5;22.5;23.4;81;;;;;;;;;;;;;;;;242;;
STK;26.12.2009 00:00;;;;;;;;;;;;;;1.2;6.1;4.3;22;;;;;;;;;;;;;;;;207;;
STK;27.12.2009 00:00;;;;;;;;;;;;;;4.1;20.2;14.8;72.7;;;;;;;;;;;;;;;;230;;
STK;28.12.2009 00:00;;;;;;;;;;;;;;1.4;12.5;5;45;;;;;;;;;;;;;;;;238;;
STK;29.12.2009 00:00;;;;;;;;;;;;;;1.1;8;4;28.8;;;;;;;;;;;;;;;;270;;
STK;30.12.2009 00:00;;;;;;;;;;;;;;2.7;12.1;9.7;43.6;;;;;;;;;;;;;;;;233;;
STK;31.12.2009 00:00;;;;;;;;;;;;;;2.1;8.6;7.6;31;;;;;;;;;;;;;;;;227;;
STK;01.01.2010 00:00;;;;;;;;;;;;;;2.5;14.5;9;52.2;;;;;;;;;;;;;;;;252;;
STK;02.01.2010 00:00;;;;;;;;;;;;;;4.9;15.2;17.6;54.7;;;;;;;;;;;;;;;;244;;
STK;03.01.2010 00:00;;;;;;;;;;;;;;1.5;5;5.4;18;;;;;;;;;;;;;;;;203;;
STK;04.01.2010 00:00;;;;;;;;;;;;;;1.2;4.1;4.3;14.8;;;;;;;;;;;;;;;;210;;
STK;05.01.2010 00:00;;;;;;;;;;;;;;1.6;5.3;5.8;19.1;;;;;;;;;;;;;;;;31;;
STK;06.01.2010 00:00;;;;;;;;;;;;;;1.4;5.1;5;18.4;;;;;;;;;;;;;;;;249;;
STK;07.01.2010 00:00;;;;;;;;;;;;;;0.6;3.2;2.2;11.5;;;;;;;;;;;;;;;;180;;
STK;08.01.2010 00:00;;;;;;;;;;;;;;6.8;13.1;24.5;47.2;;;;;;;;;;;;;;;;46;;
STK;09.01.2010 00:00;;;;;;;;;;;;;;3.7;9.6;13.3;34.6;;;;;;;;;;;;;;;;33;;
STK;10.01.2010 00:00;;;;;;;;;;;;;;2.2;7.5;7.9;27;;;;;;;;;;;;;;;;243;;
STK;11.01.2010 00:00;;;;;;;;;;;;;;1.7;4.7;6.1;16.9;;;;;;;;;;;;;;;;225;;
STK;12.01.2010 00:00;;;;;;;;;;;;;;1.5;6.2;5.4;22.3;;;;;;;;;;;;;;;;56;;
STK;13.01.2010 00:00;;;;;;;;;;;;;;1.1;4.2;4;15.1;;;;;;;;;;;;;;;;333;;
STK;14.01.2010 00:00;;;;;;;;;;;;;;2;6.3;7.2;22.7;;;;;;;;;;;;;;;;18;;
STK;15.01.2010 00:00;;;;;;;;;;;;;;0.8;3.7;2.9;13.3;;;;;;;;;;;;;;;;40;;
STK;16.01.2010 00:00;;;;;;;;;;;;;;1.2;7.3;4.3;26.3;;;;;;;;;;;;;;;;53;;
STK;17.01.2010 00:00;;;;;;;;;;;;;;5.6;17.6;20.2;63.4;;;;;;;;;;;;;;;;232;;
STK;18.01.2010 00:00;;;;;;;;;;;;;;1.8;6.7;6.5;24.1;;;;;;;;;;;;;;;;228;;
STK;19.01.2010 00:00;;;;;;;;;;;;;;1.1;5;4;18;;;;;;;;;;;;;;;;225;;
STK;20.01.2010 00:00;;;;;;;;;;;;;;0.8;3.7;2.9;13.3;;;;;;;;;;;;;;;;256;;
STK;21.01.2010 00:00;;;;;;;;;;;;;;0.6;2.6;2.2;9.4;;;;;;;;;;;;;;;;45;;
STK;22.01.2010 00:00;;;;;;;;;;;;;;1.8;5.7;6.5;20.5;;;;;;;;;;;;;;;;43;;
STK;23.01.2010 00:00;;;;;;;;;;;;;;0.8;4;2.9;14.4;;;;;;;;;;;;;;;;90;;
STK;24.01.2010 00:00;;;;;;;;;;;;;;0.8;3;2.9;10.8;;;;;;;;;;;;;;;;63;;
STK;25.01.2010 00:00;;;;;;;;;;;;;;0.7;3.7;2.5;13.3;;;;;;;;;;;;;;;;239;;
STK;26.01.2010 00:00;;;;;;;;;;;;;;5.4;14.1;19.4;50.8;;;;;;;;;;;;;;;;44;;
STK;27.01.2010 00:00;;;;;;;;;;;;;;4.1;13.6;14.8;49;;;;;;;;;;;;;;;;66;;
STK;28.01.2010 00:00;;;;;;;;;;;;;;8.1;15.7;29.2;56.5;;;;;;;;;;;;;;;;234;;
STK;29.01.2010 00:00;;;;;;;;;;;;;;6.2;15.1;22.3;54.4;;;;;;;;;;;;;;;;226;;
STK;30.01.2010 00:00;;;;;;;;;;;;;;5.1;14.1;18.4;50.8;;;;;;;;;;;;;;;;242;;
STK;31.01.2010 00:00;;;;;;;;;;;;;;4;10;14.4;36;;;;;;;;;;;;;;;;231;;
STK;01.02.2010 00:00;;;;;;;;;;;;;;5.9;15.8;21.2;56.9;;;;;;;;;;;;;;;;232;;
STK;02.02.2010 00:00;;;;;;;;;;;;;;7.5;23;27;82.8;;;;;;;;;;;;;;;;230;;
STK;03.02.2010 00:00;;;;;;;;;;;;;;7.9;19.8;28.4;71.3;;;;;;;;;;;;;;;;230;;
STK;04.02.2010 00:00;;;;;;;;;;;;;;0.9;3;3.2;10.8;;;;;;;;;;;;;;;;225;;
STK;05.02.2010 00:00;;;;;;;;;;;;;;2.2;8;7.9;28.8;;;;;;;;;;;;;;;;227;;
STK;06.02.2010 00:00;;;;;;;;;;;;;;1.5;6.6;5.4;23.8;;;;;;;;;;;;;;;;233;;
STK;07.02.2010 00:00;;;;;;;;;;;;;;2;5.7;7.2;20.5;;;;;;;;;;;;;;;;74;;
STK;08.02.2010 00:00;;;;;;;;;;;;;;2.4;7.1;8.6;25.6;;;;;;;;;;;;;;;;54;;
STK;09.02.2010 00:00;;;;;;;;;;;;;;1.4;6.1;5;22;;;;;;;;;;;;;;;;27;;
STK;10.02.2010 00:00;;;;;;;;;;;;;;2.9;7.7;10.4;27.7;;;;;;;;;;;;;;;;19;;
STK;11.02.2010 00:00;;;;;;;;;;;;;;2.6;6.2;9.4;22.3;;;;;;;;;;;;;;;;31;;
STK;12.02.2010 00:00;;;;;;;;;;;;;;2;9.1;7.2;32.8;;;;;;;;;;;;;;;;48;;
STK;13.02.2010 00:00;;;;;;;;;;;;;;1.3;5.5;4.7;19.8;;;;;;;;;;;;;;;;67;;
STK;14.02.2010 00:00;;;;;;;;;;;;;;0.6;4.2;2.2;15.1;;;;;;;;;;;;;;;;180;;
STK;15.02.2010 00:00;;;;;;;;;;;;;;0.9;3.8;3.2;13.7;;;;;;;;;;;;;;;;90;;
STK;16.02.2010 00:00;;;;;;;;;;;;;;0.9;3.6;3.2;13;;;;;;;;;;;;;;;;45;;
STK;17.02.2010 00:00;;;;;;;;;;;;;;1.1;4.7;4;16.9;;;;;;;;;;;;;;;;90;;
STK;18.02.2010 00:00;;;;;;;;;;;;;;0.6;4;2.2;14.4;;;;;;;;;;;;;;;;236;;
STK;19.02.2010 00:00;;;;;;;;;;;;;;2.4;7.5;8.6;27;;;;;;;;;;;;;;;;229;;
STK;20.02.2010 00:00;;;;;;;;;;;;;;2.8;9.2;10.1;33.1;;;;;;;;;;;;;;;;233;;
STK;21.02.2010 00:00;;;;;;;;;;;;;;1.5;8.6;5.4;31;;;;;;;;;;;;;;;;228;;
STK;22.02.2010 00:00;;;;;;;;;;;;;;1.5;7.1;5.4;25.6;;;;;;;;;;;;;;;;225;;
STK;23.02.2010 00:00;;;;;;;;;;;;;;3.3;12.3;11.9;44.3;;;;;;;;;;;;;;;;229;;
STK;24.02.2010 00:00;;;;;;;;;;;;;;2;16.3;7.2;58.7;;;;;;;;;;;;;;;;222;;
STK;25.02.2010 00:00;;;;;;;;;;;;;;1.5;8.5;5.4;30.6;;;;;;;;;;;;;;;;180;;
STK;26.02.2010 00:00;;;;;;;;;;;;;;7;25.5;25.2;91.8;;;;;;;;;;;;;;;;236;;
STK;27.02.2010 00:00;;;;;;;;;;;;;;2;7.2;7.2;25.9;;;;;;;;;;;;;;;;135;;
STK;28.02.2010 00:00;;;;;;;;;;;;;;7;25.6;25.2;92.2;;;;;;;;;;;;;;;;232;;
STK;01.03.2010 00:00;;;;;;;;;;;;;;4.2;21.3;15.1;76.7;;;;;;;;;;;;;;;;238;;
STK;02.03.2010 00:00;;;;;;;;;;;;;;2.4;9.2;8.6;33.1;;;;;;;;;;;;;;;;235;;
STK;03.03.2010 00:00;;;;;;;;;;;;;;6.4;16.5;23;59.4;;;;;;;;;;;;;;;;54;;
STK;04.03.2010 00:00;;;;;;;;;;;;;;5.6;12.2;20.2;43.9;;;;;;;;;;;;;;;;42;;
STK;05.03.2010 00:00;;;;;;;;;;;;;;2.4;9.5;8.6;34.2;;;;;;;;;;;;;;;;11;;
STK;06.03.2010 00:00;;;;;;;;;;;;;;7.9;21.3;28.4;76.7;;;;;;;;;;;;;;;;243;;
STK;07.03.2010 00:00;;;;;;;;;;;;;;9.8;18.7;35.3;67.3;;;;;;;;;;;;;;;;64;;
STK;08.03.2010 00:00;;;;;;;;;;;;;;9.3;18.1;33.5;65.2;;;;;;;;;;;;;;;;58;;
STK;09.03.2010 00:00;;;;;;;;;;;;;;11.6;19.8;41.8;71.3;;;;;;;;;;;;;;;;59;;
STK;10.03.2010 00:00;;;;;;;;;;;;;;8.3;18.1;29.9;65.2;;;;;;;;;;;;;;;;53;;
STK;11.03.2010 00:00;;;;;;;;;;;;;;1.3;5.2;4.7;18.7;;;;;;;;;;;;;;;;6;;
STK;12.03.2010 00:00;;;;;;;;;;;;;;1;3.3;3.6;11.9;;;;;;;;;;;;;;;;225;;
STK;13.03.2010 00:00;;;;;;;;;;;;;;1.9;4.7;6.8;16.9;;;;;;;;;;;;;;;;234;;
STK;14.03.2010 00:00;;;;;;;;;;;;;;3.8;8.7;13.7;31.3;;;;;;;;;;;;;;;;238;;
STK;15.03.2010 00:00;;;;;;;;;;;;;;4.1;8.5;14.8;30.6;;;;;;;;;;;;;;;;233;;
STK;16.03.2010 00:00;;;;;;;;;;;;;;3.9;11;14;39.6;;;;;;;;;;;;;;;;232;;
STK;17.03.2010 00:00;;;;;;;;;;;;;;0.9;3.2;3.2;11.5;;;;;;;;;;;;;;;;63;;
STK;18.03.2010 00:00;;;;;;;;;;;;;;0.8;3;2.9;10.8;;;;;;;;;;;;;;;;79;;
STK;19.03.2010 00:00;;;;;;;;;;;;;;1.1;9.2;4;33.1;;;;;;;;;;;;;;;;225;;
STK;20.03.2010 00:00;;;;;;;;;;;;;;3.7;15.2;13.3;54.7;;;;;;;;;;;;;;;;231;;
STK;21.03.2010 00:00;;;;;;;;;;;;;;3.3;13.8;11.9;49.7;;;;;;;;;;;;;;;;234;;
STK;22.03.2010 00:00;;;;;;;;;;;;;;1.2;3.7;4.3;13.3;;;;;;;;;;;;;;;;67;;
STK;23.03.2010 00:00;;;;;;;;;;;;;;1.1;3.8;4;13.7;;;;;;;;;;;;;;;;72;;
STK;24.03.2010 00:00;;;;;;;;;;;;;;0.9;2.6;3.2;9.4;;;;;;;;;;;;;;;;90;;
STK;25.03.2010 00:00;;;;;;;;;;;;;;1.3;10.5;4.7;37.8;;;;;;;;;;;;;;;;153;;
STK;26.03.2010 00:00;;;;;;;;;;;;;;4;24.5;14.4;88.2;;;;;;;;;;;;;;;;233;;
STK;27.03.2010 00:00;;;;;;;;;;;;;;5.4;19.6;19.4;70.6;;;;;;;;;;;;;;;;239;;
STK;28.03.2010 00:00;;;;;;;;;;;;;;6.2;15.7;22.3;56.5;;;;;;;;;;;;;;;;233;;
STK;29.03.2010 00:00;;;;;;;;;;;;;;2.3;11.3;8.3;40.7;;;;;;;;;;;;;;;;241;;
STK;30.03.2010 00:00;;;;;;;;;;;;;;4.4;20.7;15.8;74.5;;;;;;;;;;;;;;;;235;;
STK;31.03.2010 00:00;;;;;;;;;;;;;;5.9;20;21.2;72;;;;;;;;;;;;;;;;238;;
STK;01.04.2010 00:00;;;;;;;;;;;;;;2.8;14.3;10.1;51.5;;;;;;;;;;;;;;;;227;;
STK;02.04.2010 00:00;;;;;;;;;;;;;;1.2;5.5;4.3;19.8;;;;;;;;;;;;;;;;60;;
STK;03.04.2010 00:00;;;;;;;;;;;;;;1.6;9.8;5.8;35.3;;;;;;;;;;;;;;;;225;;
STK;04.04.2010 00:00;;;;;;;;;;;;;;4.4;17.5;15.8;63;;;;;;;;;;;;;;;;233;;
STK;05.04.2010 00:00;;;;;;;;;;;;;;2.7;9.5;9.7;34.2;;;;;;;;;;;;;;;;241;;
STK;06.04.2010 00:00;;;;;;;;;;;;;;1.6;6.3;5.8;22.7;;;;;;;;;;;;;;;;49;;
STK;07.04.2010 00:00;;;;;;;;;;;;;;1.4;5.6;5;20.2;;;;;;;;;;;;;;;;90;;
STK;08.04.2010 00:00;;;;;;;;;;;;;;2.2;7.1;7.9;25.6;;;;;;;;;;;;;;;;252;;
STK;09.04.2010 00:00;;;;;;;;;;;;;;2;7.5;7.2;27;;;;;;;;;;;;;;;;50;;
STK;10.04.2010 00:00;;;;;;;;;;;;;;2.5;13.6;9;49;;;;;;;;;;;;;;;;53;;
STK;11.04.2010 00:00;;;;;;;;;;;;;;4.2;12.2;15.1;43.9;;;;;;;;;;;;;;;;53;;
STK;12.04.2010 00:00;;;;;;;;;;;;;;5.7;12.3;20.5;44.3;;;;;;;;;;;;;;;;54;;
STK;13.04.2010 00:00;;;;;;;;;;;;;;1.5;7.2;5.4;25.9;;;;;;;;;;;;;;;;52;;
STK;14.04.2010 00:00;;;;;;;;;;;;;;1.8;5.1;6.5;18.4;;;;;;;;;;;;;;;;250;;
STK;15.04.2010 00:00;;;;;;;;;;;;;;1.7;5.8;6.1;20.9;;;;;;;;;;;;;;;;55;;
STK;16.04.2010 00:00;;;;;;;;;;;;;;1.6;7.5;5.8;27;;;;;;;;;;;;;;;;51;;
STK;17.04.2010 00:00;;;;;;;;;;;;;;2.7;9.3;9.7;33.5;;;;;;;;;;;;;;;;57;;
STK;18.04.2010 00:00;;;;;;;;;;;;;;1.8;9.3;6.5;33.5;;;;;;;;;;;;;;;;238;;
STK;19.04.2010 00:00;;;;;;;;;;;;;;1.6;6.6;5.8;23.8;;;;;;;;;;;;;;;;236;;
STK;20.04.2010 00:00;;;;;;;;;;;;;;2.3;10.7;8.3;38.5;;;;;;;;;;;;;;;;234;;
STK;21.04.2010 00:00;;;;;;;;;;;;;;3.6;16.3;13;58.7;;;;;;;;;;;;;;;;291;;
STK;22.04.2010 00:00;;;;;;;;;;;;;;2.1;6.7;7.6;24.1;;;;;;;;;;;;;;;;45;;
STK;23.04.2010 00:00;;;;;;;;;;;;;;1.2;4.7;4.3;16.9;;;;;;;;;;;;;;;;49;;
STK;24.04.2010 00:00;;;;;;;;;;;;;;1.4;5.5;5;19.8;;;;;;;;;;;;;;;;67;;
STK;25.04.2010 00:00;;;;;;;;;;;;;;1.4;3.7;5;13.3;;;;;;;;;;;;;;;;153;;
STK;26.04.2010 00:00;;;;;;;;;;;;;;1.7;9.4;6.1;33.8;;;;;;;;;;;;;;;;56;;
STK;27.04.2010 00:00;;;;;;;;;;;;;;1;3.7;3.6;13.3;;;;;;;;;;;;;;;;56;;
STK;28.04.2010 00:00;;;;;;;;;;;;;;1.2;3.8;4.3;13.7;;;;;;;;;;;;;;;;59;;
STK;29.04.2010 00:00;;;;;;;;;;;;;;1.8;7.6;6.5;27.4;;;;;;;;;;;;;;;;241;;
STK;30.04.2010 00:00;;;;;;;;;;;;;;3.2;14.7;11.5;52.9;;;;;;;;;;;;;;;;241;;
STK;01.05.2010 00:00;;;;;;;;;;;;;;1.6;5.8;5.8;20.9;;;;;;;;;;;;;;;;238;;
STK;02.05.2010 00:00;;;;;;;;;;;;;;1.8;7;6.5;25.2;;;;;;;;;;;;;;;;232;;
STK;03.05.2010 00:00;;;;;;;;;;;;;;1.8;10.6;6.5;38.2;;;;;;;;;;;;;;;;284;;
STK;04.05.2010 00:00;;;;;;;;;;;;;;8.1;16.7;29.2;60.1;;;;;;;;;;;;;;;;54;;
STK;05.05.2010 00:00;;;;;;;;;;;;;;8.3;15.1;29.9;54.4;;;;;;;;;;;;;;;;48;;
STK;06.05.2010 00:00;;;;;;;;;;;;;;5.2;12.6;18.7;45.4;;;;;;;;;;;;;;;;242;;
STK;07.05.2010 00:00;;;;;;;;;;;;;;3;10.5;10.8;37.8;;;;;;;;;;;;;;;;228;;
STK;08.05.2010 00:00;;;;;;;;;;;;;;1.2;4;4.3;14.4;;;;;;;;;;;;;;;;74;;
STK;09.05.2010 00:00;;;;;;;;;;;;;;1.4;9.6;5;34.6;;;;;;;;;;;;;;;;90;;
STK;10.05.2010 00:00;;;;;;;;;;;;;;1.7;9.1;6.1;32.8;;;;;;;;;;;;;;;;231;;
STK;11.05.2010 00:00;;;;;;;;;;;;;;2.8;17.3;10.1;62.3;;;;;;;;;;;;;;;;270;;
STK;12.05.2010 00:00;;;;;;;;;;;;;;2.4;8.3;8.6;29.9;;;;;;;;;;;;;;;;63;;
STK;13.05.2010 00:00;;;;;;;;;;;;;;2.9;9.6;10.4;34.6;;;;;;;;;;;;;;;;11;;
STK;14.05.2010 00:00;;;;;;;;;;;;;;2.4;7.6;8.6;27.4;;;;;;;;;;;;;;;;31;;
STK;15.05.2010 00:00;;;;;;;;;;;;;;2.5;7.3;9;26.3;;;;;;;;;;;;;;;;13;;
STK;16.05.2010 00:00;;;;;;;;;;;;;;2.8;8;10.1;28.8;;;;;;;;;;;;;;;;227;;
STK;17.05.2010 00:00;;;;;;;;;;;;;;2.5;7.8;9;28.1;;;;;;;;;;;;;;;;230;;
STK;18.05.2010 00:00;;;;;;;;;;;;;;2;10.1;7.2;36.4;;;;;;;;;;;;;;;;360;;
STK;19.05.2010 00:00;;;;;;;;;;;;;;1.9;8;6.8;28.8;;;;;;;;;;;;;;;;270;;
STK;20.05.2010 00:00;;;;;;;;;;;;;;2.2;5.5;7.9;19.8;;;;;;;;;;;;;;;;242;;
STK;21.05.2010 00:00;;;;;;;;;;;;;;1.2;3.8;4.3;13.7;;;;;;;;;;;;;;;;52;;
STK;22.05.2010 00:00;;;;;;;;;;;;;;1.5;7.3;5.4;26.3;;;;;;;;;;;;;;;;60;;
STK;23.05.2010 00:00;;;;;;;;;;;;;;1.4;4.8;5;17.3;;;;;;;;;;;;;;;;63;;
STK;24.05.2010 00:00;;;;;;;;;;;;;;2.2;8.8;7.9;31.7;;;;;;;;;;;;;;;;241;;
STK;25.05.2010 00:00;;;;;;;;;;;;;;3.5;12;12.6;43.2;;;;;;;;;;;;;;;;240;;
STK;26.05.2010 00:00;;;;;;;;;;;;;;4.1;13.7;14.8;49.3;;;;;;;;;;;;;;;;238;;
STK;27.05.2010 00:00;;;;;;;;;;;;;;4.5;14.8;16.2;53.3;;;;;;;;;;;;;;;;230;;
STK;28.05.2010 00:00;;;;;;;;;;;;;;3;10.3;10.8;37.1;;;;;;;;;;;;;;;;248;;
STK;29.05.2010 00:00;;;;;;;;;;;;;;2;9.7;7.2;34.9;;;;;;;;;;;;;;;;250;;
STK;30.05.2010 00:00;;;;;;;;;;;;;;7.3;18.7;26.3;67.3;;;;;;;;;;;;;;;;241;;
STK;31.05.2010 00:00;;;;;;;;;;;;;;3.8;14.3;13.7;51.5;;;;;;;;;;;;;;;;258;;
STK;01.06.2010 00:00;;;;;;;;;;;;;;3;8.3;10.8;29.9;;;;;;;;;;;;;;;;239;;
STK;02.06.2010 00:00;;;;;;;;;;;;;;2;5.8;7.2;20.9;;;;;;;;;;;;;;;;227;;
STK;03.06.2010 00:00;;;;;;;;;;;;;;1.3;5.6;4.7;20.2;;;;;;;;;;;;;;;;45;;
STK;04.06.2010 00:00;;;;;;;;;;;;;;2;7.3;7.2;26.3;;;;;;;;;;;;;;;;61;;
STK;05.06.2010 00:00;;;;;;;;;;;;;;0.9;2.7;3.2;9.7;;;;;;;;;;;;;;;;72;;
STK;06.06.2010 00:00;;;;;;;;;;;;;;2.4;15.8;8.6;56.9;;;;;;;;;;;;;;;;232;;
STK;07.06.2010 00:00;;;;;;;;;;;;;;3.2;8.1;11.5;29.2;;;;;;;;;;;;;;;;237;;
STK;08.06.2010 00:00;;;;;;;;;;;;;;1.4;6.2;5;22.3;;;;;;;;;;;;;;;;236;;
STK;09.06.2010 00:00;;;;;;;;;;;;;;1.4;6.1;5;22;;;;;;;;;;;;;;;;63;;
STK;10.06.2010 00:00;;;;;;;;;;;;;;1.6;10.5;5.8;37.8;;;;;;;;;;;;;;;;171;;
STK;11.06.2010 00:00;;;;;;;;;;;;;;1.5;5.7;5.4;20.5;;;;;;;;;;;;;;;;45;;
STK;12.06.2010 00:00;;;;;;;;;;;;;;3.3;10.8;11.9;38.9;;;;;;;;;;;;;;;;239;;
STK;13.06.2010 00:00;;;;;;;;;;;;;;1.8;5.8;6.5;20.9;;;;;;;;;;;;;;;;18;;
STK;14.06.2010 00:00;;;;;;;;;;;;;;1.9;7.7;6.8;27.7;;;;;;;;;;;;;;;;51;;
STK;15.06.2010 00:00;;;;;;;;;;;;;;5.9;11.8;21.2;42.5;;;;;;;;;;;;;;;;53;;
STK;16.06.2010 00:00;;;;;;;;;;;;;;7.8;17;28.1;61.2;;;;;;;;;;;;;;;;58;;
STK;17.06.2010 00:00;;;;;;;;;;;;;;2;7.7;7.2;27.7;;;;;;;;;;;;;;;;90;;
STK;18.06.2010 00:00;;;;;;;;;;;;;;4.9;12.3;17.6;44.3;;;;;;;;;;;;;;;;238;;
STK;19.06.2010 00:00;;;;;;;;;;;;;;1.4;11.8;5;42.5;;;;;;;;;;;;;;;;342;;
STK;20.06.2010 00:00;;;;;;;;;;;;;;1.6;8.6;5.8;31;;;;;;;;;;;;;;;;36;;
STK;21.06.2010 00:00;;;;;;;;;;;;;;1.4;5.1;5;18.4;;;;;;;;;;;;;;;;53;;
STK;22.06.2010 00:00;;;;;;;;;;;;;;1.6;5.3;5.8;19.1;;;;;;;;;;;;;;;;55;;
STK;23.06.2010 00:00;;;;;;;;;;;;;;2.2;9.1;7.9;32.8;;;;;;;;;;;;;;;;54;;
STK;24.06.2010 00:00;;;;;;;;;;;;;;1.1;3.8;4;13.7;;;;;;;;;;;;;;;;76;;
STK;25.06.2010 00:00;;;;;;;;;;;;;;1;2.8;3.6;10.1;;;;;;;;;;;;;;;;56;;
STK;26.06.2010 00:00;;;;;;;;;;;;;;1.2;4;4.3;14.4;;;;;;;;;;;;;;;;50;;
STK;27.06.2010 00:00;;;;;;;;;;;;;;1.3;4.5;4.7;16.2;;;;;;;;;;;;;;;;63;;
STK;28.06.2010 00:00;;;;;;;;;;;;;;1.3;4.5;4.7;16.2;;;;;;;;;;;;;;;;72;;
STK;29.06.2010 00:00;;;;;;;;;;;;;;1.5;7.1;5.4;25.6;;;;;;;;;;;;;;;;45;;
STK;30.06.2010 00:00;;;;;;;;;;;;;;1.6;5.6;5.8;20.2;;;;;;;;;;;;;;;;18;;
STK;01.07.2010 00:00;;;;;;;;;;;;;;1;2.6;3.6;9.4;;;;;;;;;;;;;;;;90;;
STK;02.07.2010 00:00;;;;;;;;;;;;;;1.3;3.5;4.7;12.6;;;;;;;;;;;;;;;;90;;
STK;03.07.2010 00:00;;;;;;;;;;;;;;2.1;12.8;7.6;46.1;;;;;;;;;;;;;;;;248;;
STK;04.07.2010 00:00;;;;;;;;;;;;;;2.3;9.3;8.3;33.5;;;;;;;;;;;;;;;;243;;
STK;05.07.2010 00:00;;;;;;;;;;;;;;1.2;6;4.3;21.6;;;;;;;;;;;;;;;;342;;
STK;06.07.2010 00:00;;;;;;;;;;;;;;1.5;7;5.4;25.2;;;;;;;;;;;;;;;;30;;
STK;07.07.2010 00:00;;;;;;;;;;;;;;1.7;5.2;6.1;18.7;;;;;;;;;;;;;;;;56;;
STK;08.07.2010 00:00;;;;;;;;;;;;;;1.2;4.1;4.3;14.8;;;;;;;;;;;;;;;;82;;
STK;09.07.2010 00:00;;;;;;;;;;;;;;1.4;5.5;5;19.8;;;;;;;;;;;;;;;;90;;
STK;10.07.2010 00:00;;;;;;;;;;;;;;2.1;15.3;7.6;55.1;;;;;;;;;;;;;;;;90;;
STK;11.07.2010 00:00;;;;;;;;;;;;;;2.4;10;8.6;36;;;;;;;;;;;;;;;;233;;
STK;12.07.2010 00:00;;;;;;;;;;;;;;2.4;20.1;8.6;72.4;;;;;;;;;;;;;;;;30;;
STK;13.07.2010 00:00;;;;;;;;;;;;;;1.7;7.1;6.1;25.6;;;;;;;;;;;;;;;;236;;
STK;14.07.2010 00:00;;;;;;;;;;;;;;2.1;18.5;7.6;66.6;;;;;;;;;;;;;;;;135;;
STK;15.07.2010 00:00;;;;;;;;;;;;;;2.1;7.7;7.6;27.7;;;;;;;;;;;;;;;;201;;
STK;16.07.2010 00:00;;;;;;;;;;;;;;1.8;12.7;6.5;45.7;;;;;;;;;;;;;;;;108;;
STK;17.07.2010 00:00;;;;;;;;;;;;;;1.9;10.1;6.8;36.4;;;;;;;;;;;;;;;;277;;
STK;18.07.2010 00:00;;;;;;;;;;;;;;2.1;8.3;7.6;29.9;;;;;;;;;;;;;;;;57;;
STK;19.07.2010 00:00;;;;;;;;;;;;;;3.3;10;11.9;36;;;;;;;;;;;;;;;;61;;
STK;20.07.2010 00:00;;;;;;;;;;;;;;1.2;4.2;4.3;15.1;;;;;;;;;;;;;;;;72;;
STK;21.07.2010 00:00;;;;;;;;;;;;;;1.9;9.1;6.8;32.8;;;;;;;;;;;;;;;;220;;
STK;22.07.2010 00:00;;;;;;;;;;;;;;1.5;15;5.4;54;;;;;;;;;;;;;;;;297;;
STK;23.07.2010 00:00;;;;;;;;;;;;;;2.7;12;9.7;43.2;;;;;;;;;;;;;;;;237;;
STK;24.07.2010 00:00;;;;;;;;;;;;;;4.9;11.1;17.6;40;;;;;;;;;;;;;;;;243;;
STK;25.07.2010 00:00;;;;;;;;;;;;;;1.6;5.1;5.8;18.4;;;;;;;;;;;;;;;;230;;
STK;26.07.2010 00:00;;;;;;;;;;;;;;1.9;9;6.8;32.4;;;;;;;;;;;;;;;;243;;
STK;27.07.2010 00:00;;;;;;;;;;;;;;2.3;6.8;8.3;24.5;;;;;;;;;;;;;;;;238;;
STK;28.07.2010 00:00;;;;;;;;;;;;;;2.3;10;8.3;36;;;;;;;;;;;;;;;;229;;
STK;29.07.2010 00:00;;;;;;;;;;;;;;2.6;12.3;9.4;44.3;;;;;;;;;;;;;;;;236;;
STK;30.07.2010 00:00;;;;;;;;;;;;;;1.8;6.7;6.5;24.1;;;;;;;;;;;;;;;;249;;
STK;31.07.2010 00:00;;;;;;;;;;;;;;1.4;4.2;5;15.1;;;;;;;;;;;;;;;;56;;
STK;01.08.2010 00:00;;;;;;;;;;;;;;1.6;13.5;5.8;48.6;;;;;;;;;;;;;;;;229;;
STK;02.08.2010 00:00;;;;;;;;;;;;;;1.7;7.5;6.1;27;;;;;;;;;;;;;;;;229;;
STK;03.08.2010 00:00;;;;;;;;;;;;;;2.4;10.3;8.6;37.1;;;;;;;;;;;;;;;;238;;
STK;04.08.2010 00:00;;;;;;;;;;;;;;1.4;6.3;5;22.7;;;;;;;;;;;;;;;;229;;
STK;05.08.2010 00:00;;;;;;;;;;;;;;3.1;11.2;11.2;40.3;;;;;;;;;;;;;;;;236;;
STK;06.08.2010 00:00;;;;;;;;;;;;;;1.8;7.2;6.5;25.9;;;;;;;;;;;;;;;;236;;
STK;07.08.2010 00:00;;;;;;;;;;;;;;1.2;4;4.3;14.4;;;;;;;;;;;;;;;;108;;
STK;08.08.2010 00:00;;;;;;;;;;;;;;1.8;10.5;6.5;37.8;;;;;;;;;;;;;;;;236;;
STK;09.08.2010 00:00;;;;;;;;;;;;;;1.1;4.5;4;16.2;;;;;;;;;;;;;;;;79;;
STK;10.08.2010 00:00;;;;;;;;;;;;;;1.3;4;4.7;14.4;;;;;;;;;;;;;;;;81;;
STK;11.08.2010 00:00;;;;;;;;;;;;;;1.9;5.7;6.8;20.5;;;;;;;;;;;;;;;;239;;
STK;12.08.2010 00:00;;;;;;;;;;;;;;2.4;8.3;8.6;29.9;;;;;;;;;;;;;;;;233;;
STK;13.08.2010 00:00;;;;;;;;;;;;;;1.3;5;4.7;18;;;;;;;;;;;;;;;;117;;
STK;14.08.2010 00:00;;;;;;;;;;;;;;2.3;9.5;8.3;34.2;;;;;;;;;;;;;;;;49;;
STK;15.08.2010 00:00;;;;;;;;;;;;;;5;18;18;64.8;;;;;;;;;;;;;;;;235;;
STK;16.08.2010 00:00;;;;;;;;;;;;;;6.3;17.5;22.7;63;;;;;;;;;;;;;;;;225;;
STK;17.08.2010 00:00;;;;;;;;;;;;;;5.8;17.5;20.9;63;;;;;;;;;;;;;;;;231;;
STK;18.08.2010 00:00;;;;;;;;;;;;;;1.9;7.2;6.8;25.9;;;;;;;;;;;;;;;;242;;
STK;19.08.2010 00:00;;;;;;;;;;;;;;1.7;5.5;6.1;19.8;;;;;;;;;;;;;;;;225;;
STK;20.08.2010 00:00;;;;;;;;;;;;;;1;2.8;3.6;10.1;;;;;;;;;;;;;;;;180;;
STK;21.08.2010 00:00;;;;;;;;;;;;;;1;3.2;3.6;11.5;;;;;;;;;;;;;;;;76;;
STK;22.08.2010 00:00;;;;;;;;;;;;;;1.4;4.2;5;15.1;;;;;;;;;;;;;;;;225;;
STK;23.08.2010 00:00;;;;;;;;;;;;;;2;10.5;7.2;37.8;;;;;;;;;;;;;;;;238;;
STK;24.08.2010 00:00;;;;;;;;;;;;;;4.1;17.8;14.8;64.1;;;;;;;;;;;;;;;;240;;
STK;25.08.2010 00:00;;;;;;;;;;;;;;1.5;5.6;5.4;20.2;;;;;;;;;;;;;;;;231;;
STK;26.08.2010 00:00;;;;;;;;;;;;;;1.6;16.1;5.8;58;;;;;;;;;;;;;;;;240;;
STK;27.08.2010 00:00;;;;;;;;;;;;;;5.1;17.8;18.4;64.1;;;;;;;;;;;;;;;;238;;
STK;28.08.2010 00:00;;;;;;;;;;;;;;3;10;10.8;36;;;;;;;;;;;;;;;;257;;
STK;29.08.2010 00:00;;;;;;;;;;;;;;4.6;12.1;16.6;43.6;;;;;;;;;;;;;;;;234;;
STK;30.08.2010 00:00;;;;;;;;;;;;;;7.8;16.5;28.1;59.4;;;;;;;;;;;;;;;;241;;
STK;31.08.2010 00:00;;;;;;;;;;;;;;2;6.6;7.2;23.8;;;;;;;;;;;;;;;;288;;
STK;01.09.2010 00:00;;;;;;;;;;;;;;2.7;7.3;9.7;26.3;;;;;;;;;;;;;;;;61;;
STK;02.09.2010 00:00;;;;;;;;;;;;;;0.9;4;3.2;14.4;;;;;;;;;;;;;;;;68;;
STK;03.09.2010 00:00;;;;;;;;;;;;;;1;3.6;3.6;13;;;;;;;;;;;;;;;;63;;
STK;04.09.2010 00:00;;;;;;;;;;;;;;1.3;6.2;4.7;22.3;;;;;;;;;;;;;;;;153;;
STK;05.09.2010 00:00;;;;;;;;;;;;;;1.3;5.3;4.7;19.1;;;;;;;;;;;;;;;;73;;
STK;06.09.2010 00:00;;;;;;;;;;;;;;2.2;6.5;7.9;23.4;;;;;;;;;;;;;;;;62;;
STK;07.09.2010 00:00;;;;;;;;;;;;;;1.5;8.8;5.4;31.7;;;;;;;;;;;;;;;;36;;
STK;08.09.2010 00:00;;;;;;;;;;;;;;1.5;8.1;5.4;29.2;;;;;;;;;;;;;;;;248;;
STK;09.09.2010 00:00;;;;;;;;;;;;;;2.6;9.5;9.4;34.2;;;;;;;;;;;;;;;;242;;
STK;10.09.2010 00:00;;;;;;;;;;;;;;1;4.7;3.6;16.9;;;;;;;;;;;;;;;;117;;
STK;11.09.2010 00:00;;;;;;;;;;;;;;1.2;4.6;4.3;16.6;;;;;;;;;;;;;;;;40;;
STK;12.09.2010 00:00;;;;;;;;;;;;;;2;17.7;7.2;63.7;;;;;;;;;;;;;;;;235;;
STK;13.09.2010 00:00;;;;;;;;;;;;;;2;7.2;7.2;25.9;;;;;;;;;;;;;;;;236;;
STK;14.09.2010 00:00;;;;;;;;;;;;;;2.6;8.1;9.4;29.2;;;;;;;;;;;;;;;;235;;
STK;15.09.2010 00:00;;;;;;;;;;;;;;4.7;12.2;16.9;43.9;;;;;;;;;;;;;;;;236;;
STK;16.09.2010 00:00;;;;;;;;;;;;;;3.4;9.3;12.2;33.5;;;;;;;;;;;;;;;;233;;
STK;17.09.2010 00:00;;;;;;;;;;;;;;2.1;6.2;7.6;22.3;;;;;;;;;;;;;;;;241;;
STK;18.09.2010 00:00;;;;;;;;;;;;;;1.4;6.2;5;22.3;;;;;;;;;;;;;;;;49;;
STK;19.09.2010 00:00;;;;;;;;;;;;;;1.2;5.5;4.3;19.8;;;;;;;;;;;;;;;;68;;
STK;20.09.2010 00:00;;;;;;;;;;;;;;1.4;3.8;5;13.7;;;;;;;;;;;;;;;;101;;
STK;21.09.2010 00:00;;;;;;;;;;;;;;0.9;2.5;3.2;9;;;;;;;;;;;;;;;;135;;
STK;22.09.2010 00:00;;;;;;;;;;;;;;1.2;2.8;4.3;10.1;;;;;;;;;;;;;;;;124;;
STK;23.09.2010 00:00;;;;;;;;;;;;;;1;3.1;3.6;11.2;;;;;;;;;;;;;;;;90;;
STK;24.09.2010 00:00;;;;;;;;;;;;;;2.5;9.8;9;35.3;;;;;;;;;;;;;;;;235;;
STK;25.09.2010 00:00;;;;;;;;;;;;;;3.6;7.8;13;28.1;;;;;;;;;;;;;;;;247;;
STK;26.09.2010 00:00;;;;;;;;;;;;;;2.2;7.8;7.9;28.1;;;;;;;;;;;;;;;;234;;
STK;27.09.2010 00:00;;;;;;;;;;;;;;2.1;6.3;7.6;22.7;;;;;;;;;;;;;;;;221;;
STK;28.09.2010 00:00;;;;;;;;;;;;;;2.4;7.3;8.6;26.3;;;;;;;;;;;;;;;;229;;
STK;29.09.2010 00:00;;;;;;;;;;;;;;1.1;4.2;4;15.1;;;;;;;;;;;;;;;;207;;
STK;30.09.2010 00:00;;;;;;;;;;;;;;1;3.8;3.6;13.7;;;;;;;;;;;;;;;;135;;
STK;01.10.2010 00:00;;;;;;;;;;;;;;2.5;9.5;9;34.2;;;;;;;;;;;;;;;;227;;
STK;02.10.2010 00:00;;;;;;;;;;;;;;1;3.6;3.6;13;;;;;;;;;;;;;;;;90;;
STK;03.10.2010 00:00;;;;;;;;;;;;;;0.9;4.3;3.2;15.5;;;;;;;;;;;;;;;;135;;
STK;04.10.2010 00:00;;;;;;;;;;;;;;1.7;8.6;6.1;31;;;;;;;;;;;;;;;;81;;
STK;05.10.2010 00:00;;;;;;;;;;;;;;1.4;4.3;5;15.5;;;;;;;;;;;;;;;;225;;
STK;06.10.2010 00:00;;;;;;;;;;;;;;1.1;4.1;4;14.8;;;;;;;;;;;;;;;;236;;
STK;07.10.2010 00:00;;;;;;;;;;;;;;1.5;6.5;5.4;23.4;;;;;;;;;;;;;;;;61;;
STK;08.10.2010 00:00;;;;;;;;;;;;;;1.1;3.7;4;13.3;;;;;;;;;;;;;;;;41;;
STK;09.10.2010 00:00;;;;;;;;;;;;;;2;6;7.2;21.6;;;;;;;;;;;;;;;;22;;
STK;10.10.2010 00:00;;;;;;;;;;;;;;4.3;13.1;15.5;47.2;;;;;;;;;;;;;;;;42;;
STK;11.10.2010 00:00;;;;;;;;;;;;;;3.4;9.6;12.2;34.6;;;;;;;;;;;;;;;;63;;
STK;12.10.2010 00:00;;;;;;;;;;;;;;1.4;9;5;32.4;;;;;;;;;;;;;;;;73;;
STK;13.10.2010 00:00;;;;;;;;;;;;;;2.6;11.6;9.4;41.8;;;;;;;;;;;;;;;;57;;
STK;14.10.2010 00:00;;;;;;;;;;;;;;1.2;5.7;4.3;20.5;;;;;;;;;;;;;;;;54;;
STK;15.10.2010 00:00;;;;;;;;;;;;;;1.5;5.8;5.4;20.9;;;;;;;;;;;;;;;;22;;
STK;16.10.2010 00:00;;;;;;;;;;;;;;2.4;9.2;8.6;33.1;;;;;;;;;;;;;;;;229;;
STK;17.10.2010 00:00;;;;;;;;;;;;;;5.1;11.2;18.4;40.3;;;;;;;;;;;;;;;;45;;
STK;18.10.2010 00:00;;;;;;;;;;;;;;2.2;7.5;7.9;27;;;;;;;;;;;;;;;;30;;
STK;19.10.2010 00:00;;;;;;;;;;;;;;5.5;15.1;19.8;54.4;;;;;;;;;;;;;;;;233;;
STK;20.10.2010 00:00;;;;;;;;;;;;;;5.5;13;19.8;46.8;;;;;;;;;;;;;;;;244;;
STK;21.10.2010 00:00;;;;;;;;;;;;;;2.3;9.5;8.3;34.2;;;;;;;;;;;;;;;;219;;
STK;22.10.2010 00:00;;;;;;;;;;;;;;1;3.3;3.6;11.9;;;;;;;;;;;;;;;;124;;
STK;23.10.2010 00:00;;;;;;;;;;;;;;2.6;13.2;9.4;47.5;;;;;;;;;;;;;;;;221;;
STK;24.10.2010 00:00;;;;;;;;;;;;;;3.4;10.1;12.2;36.4;;;;;;;;;;;;;;;;225;;
STK;25.10.2010 00:00;;;;;;;;;;;;;;6;12.6;21.6;45.4;;;;;;;;;;;;;;;;45;;
STK;26.10.2010 00:00;;;;;;;;;;;;;;2.9;9.2;10.4;33.1;;;;;;;;;;;;;;;;61;;
STK;27.10.2010 00:00;;;;;;;;;;;;;;0.9;3.1;3.2;11.2;;;;;;;;;;;;;;;;191;;
STK;28.10.2010 00:00;;;;;;;;;;;;;;1;5.8;3.6;20.9;;;;;;;;;;;;;;;;217;;
STK;29.10.2010 00:00;;;;;;;;;;;;;;1.1;3.2;4;11.5;;;;;;;;;;;;;;;;166;;
STK;30.10.2010 00:00;;;;;;;;;;;;;;1;6.2;3.6;22.3;;;;;;;;;;;;;;;;214;;
STK;31.10.2010 00:00;;;;;;;;;;;;;;1.9;7.2;6.8;25.9;;;;;;;;;;;;;;;;53;;
STK;01.11.2010 00:00;;;;;;;;;;;;;;1.5;5.1;5.4;18.4;;;;;;;;;;;;;;;;221;;
STK;02.11.2010 00:00;;;;;;;;;;;;;;1.1;4.3;4;15.5;;;;;;;;;;;;;;;;231;;
STK;03.11.2010 00:00;;;;;;;;;;;;;;3.7;10.6;13.3;38.2;;;;;;;;;;;;;;;;232;;
STK;04.11.2010 00:00;;;;;;;;;;;;;;4.9;11.8;17.6;42.5;;;;;;;;;;;;;;;;230;;
STK;05.11.2010 00:00;;;;;;;;;;;;;;4;13.8;14.4;49.7;;;;;;;;;;;;;;;;229;;
STK;06.11.2010 00:00;;;;;;;;;;;;;;5.4;14.2;19.4;51.1;;;;;;;;;;;;;;;;231;;
STK;07.11.2010 00:00;;;;;;;;;;;;;;3.7;14.8;13.3;53.3;;;;;;;;;;;;;;;;234;;
STK;08.11.2010 00:00;;;;;;;;;;;;;;1.9;6.2;6.8;22.3;;;;;;;;;;;;;;;;240;;
STK;09.11.2010 00:00;;;;;;;;;;;;;;0.9;4.7;3.2;16.9;;;;;;;;;;;;;;;;135;;
STK;10.11.2010 00:00;;;;;;;;;;;;;;3.4;15.5;12.2;55.8;;;;;;;;;;;;;;;;239;;
STK;11.11.2010 00:00;;;;;;;;;;;;;;5;15.1;18;54.4;;;;;;;;;;;;;;;;230;;
STK;12.11.2010 00:00;;;;;;;;;;;;;;11.7;25.6;42.1;92.2;;;;;;;;;;;;;;;;233;;
STK;13.11.2010 00:00;;;;;;;;;;;;;;6.6;22.8;23.8;82.1;;;;;;;;;;;;;;;;230;;
STK;14.11.2010 00:00;;;;;;;;;;;;;;1;5.5;3.6;19.8;;;;;;;;;;;;;;;;198;;
STK;15.11.2010 00:00;;;;;;;;;;;;;;2;6.5;7.2;23.4;;;;;;;;;;;;;;;;288;;
STK;16.11.2010 00:00;;;;;;;;;;;;;;1.9;6.3;6.8;22.7;;;;;;;;;;;;;;;;236;;
STK;17.11.2010 00:00;;;;;;;;;;;;;;1.2;6.6;4.3;23.8;;;;;;;;;;;;;;;;84;;
STK;18.11.2010 00:00;;;;;;;;;;;;;;1.3;3.8;4.7;13.7;;;;;;;;;;;;;;;;214;;
STK;19.11.2010 00:00;;;;;;;;;;;;;;0.7;3.2;2.5;11.5;;;;;;;;;;;;;;;;214;;
STK;20.11.2010 00:00;;;;;;;;;;;;;;1.6;4.3;5.8;15.5;;;;;;;;;;;;;;;;9;;
STK;21.11.2010 00:00;;;;;;;;;;;;;;2.2;7;7.9;25.2;;;;;;;;;;;;;;;;45;;
STK;22.11.2010 00:00;;;;;;;;;;;;;;3.6;8.3;13;29.9;;;;;;;;;;;;;;;;253;;
STK;23.11.2010 00:00;;;;;;;;;;;;;;4.3;9.6;15.5;34.6;;;;;;;;;;;;;;;;237;;
STK;24.11.2010 00:00;;;;;;;;;;;;;;5.3;11.1;19.1;40;;;;;;;;;;;;;;;;227;;
STK;25.11.2010 00:00;;;;;;;;;;;;;;2.9;11.6;10.4;41.8;;;;;;;;;;;;;;;;230;;
STK;26.11.2010 00:00;;;;;;;;;;;;;;5.6;11.7;20.2;42.1;;;;;;;;;;;;;;;;237;;
STK;27.11.2010 00:00;;;;;;;;;;;;;;1.6;6.7;5.8;24.1;;;;;;;;;;;;;;;;360;;
STK;28.11.2010 00:00;;;;;;;;;;;;;;1.4;4.5;5;16.2;;;;;;;;;;;;;;;;352;;
STK;29.11.2010 00:00;;;;;;;;;;;;;;4.5;15;16.2;54;;;;;;;;;;;;;;;;237;;
STK;30.11.2010 00:00;;;;;;;;;;;;;;2.8;8.2;10.1;29.5;;;;;;;;;;;;;;;;36;;
STK;01.12.2010 00:00;;;;;;;;;;;;;;3.7;10.1;13.3;36.4;;;;;;;;;;;;;;;;6;;
STK;02.12.2010 00:00;;;;;;;;;;;;;;3.1;10.8;11.2;38.9;;;;;;;;;;;;;;;;228;;
STK;03.12.2010 00:00;;;;;;;;;;;;;;2;6.7;7.2;24.1;;;;;;;;;;;;;;;;256;;
STK;04.12.2010 00:00;;;;;;;;;;;;;;1.4;6.1;5;22;;;;;;;;;;;;;;;;225;;
STK;05.12.2010 00:00;;;;;;;;;;;;;;1.1;4.8;4;17.3;;;;;;;;;;;;;;;;236;;
STK;06.12.2010 00:00;;;;;;;;;;;;;;0.6;3.6;2.2;13;;;;;;;;;;;;;;;;27;;
STK;07.12.2010 00:00;;;;;;;;;;;;;;1.4;7.5;5;27;;;;;;;;;;;;;;;;239;;
STK;08.12.2010 00:00;;;;;;;;;;;;;;3.1;20.5;11.2;73.8;;;;;;;;;;;;;;;;233;;
STK;09.12.2010 00:00;;;;;;;;;;;;;;5.1;13.7;18.4;49.3;;;;;;;;;;;;;;;;244;;
STK;10.12.2010 00:00;;;;;;;;;;;;;;7.6;16.1;27.4;58;;;;;;;;;;;;;;;;235;;
STK;11.12.2010 00:00;;;;;;;;;;;;;;7.6;18;27.4;64.8;;;;;;;;;;;;;;;;237;;
STK;12.12.2010 00:00;;;;;;;;;;;;;;4.3;10;15.5;36;;;;;;;;;;;;;;;;238;;
STK;13.12.2010 00:00;;;;;;;;;;;;;;2.5;14.3;9;51.5;;;;;;;;;;;;;;;;34;;
STK;14.12.2010 00:00;;;;;;;;;;;;;;1.5;6.6;5.4;23.8;;;;;;;;;;;;;;;;342;;
STK;15.12.2010 00:00;;;;;;;;;;;;;;4.1;10.5;14.8;37.8;;;;;;;;;;;;;;;;242;;
STK;16.12.2010 00:00;;;;;;;;;;;;;;3.9;11.1;14;40;;;;;;;;;;;;;;;;223;;
STK;17.12.2010 00:00;;;;;;;;;;;;;;3.4;15;12.2;54;;;;;;;;;;;;;;;;257;;
STK;18.12.2010 00:00;;;;;;;;;;;;;;2.8;9.3;10.1;33.5;;;;;;;;;;;;;;;;4;;
STK;19.12.2010 00:00;;;;;;;;;;;;;;2.4;15.7;8.6;56.5;;;;;;;;;;;;;;;;215;;
STK;20.12.2010 00:00;;;;;;;;;;;;;;5;21;18;75.6;;;;;;;;;;;;;;;;234;;
STK;21.12.2010 00:00;;;;;;;;;;;;;;0.8;5.1;2.9;18.4;;;;;;;;;;;;;;;;360;;
STK;22.12.2010 00:00;;;;;;;;;;;;;;1.3;5.5;4.7;19.8;;;;;;;;;;;;;;;;225;;
STK;23.12.2010 00:00;;;;;;;;;;;;;;1.2;4.3;4.3;15.5;;;;;;;;;;;;;;;;243;;
STK;24.12.2010 00:00;;;;;;;;;;;;;;2.1;8.3;7.6;29.9;;;;;;;;;;;;;;;;248;;
STK;25.12.2010 00:00;;;;;;;;;;;;;;2.8;7.6;10.1;27.4;;;;;;;;;;;;;;;;12;;
STK;26.12.2010 00:00;;;;;;;;;;;;;;1.4;5.2;5;18.7;;;;;;;;;;;;;;;;72;;
STK;27.12.2010 00:00;;;;;;;;;;;;;;1.3;6.2;4.7;22.3;;;;;;;;;;;;;;;;247;;
STK;28.12.2010 00:00;;;;;;;;;;;;;;1.1;5.3;4;19.1;;;;;;;;;;;;;;;;233;;
STK;29.12.2010 00:00;;;;;;;;;;;;;;0.4;2.3;1.4;8.3;;;;;;;;;;;;;;;;27;;
STK;30.12.2010 00:00;;;;;;;;;;;;;;0.7;4.6;2.5;16.6;;;;;;;;;;;;;;;;11;;
STK;31.12.2010 00:00;;;;;;;;;;;;;;1.5;4.3;5.4;15.5;;;;;;;;;;;;;;;;333;;
STK;01.01.2011 00:00;;;;;;;;;;;;;;1.4;6.1;5;22;;;;;;;;;;;;;;;;284;;
STK;02.01.2011 00:00;;;;;;;;;;;;;;1.4;6;5;21.6;;;;;;;;;;;;;;;;45;;
STK;03.01.2011 00:00;;;;;;;;;;;;;;0.8;3.5;2.9;12.6;;;;;;;;;;;;;;;;135;;
STK;04.01.2011 00:00;;;;;;;;;;;;;;1;4.7;3.6;16.9;;;;;;;;;;;;;;;;31;;
STK;05.01.2011 00:00;;;;;;;;;;;;;;0.7;3.6;2.5;13;;;;;;;;;;;;;;;;135;;
STK;06.01.2011 00:00;;;;;;;;;;;;;;2.8;16.5;10.1;59.4;;;;;;;;;;;;;;;;222;;
STK;07.01.2011 00:00;;;;;;;;;;;;;;1.3;6.8;4.7;24.5;;;;;;;;;;;;;;;;217;;
STK;08.01.2011 00:00;;;;;;;;;;;;;;0.9;6.2;3.2;22.3;;;;;;;;;;;;;;;;63;;
STK;09.01.2011 00:00;;;;;;;;;;;;;;1.5;5.8;5.4;20.9;;;;;;;;;;;;;;;;228;;
STK;10.01.2011 00:00;;;;;;;;;;;;;;1.9;6.5;6.8;23.4;;;;;;;;;;;;;;;;37;;
STK;11.01.2011 00:00;;;;;;;;;;;;;;2.7;10.3;9.7;37.1;;;;;;;;;;;;;;;;238;;
STK;12.01.2011 00:00;;;;;;;;;;;;;;6.4;14.2;23;51.1;;;;;;;;;;;;;;;;231;;
STK;13.01.2011 00:00;;;;;;;;;;;;;;8.3;16.7;29.9;60.1;;;;;;;;;;;;;;;;231;;
STK;14.01.2011 00:00;;;;;;;;;;;;;;3.6;13.8;13;49.7;;;;;;;;;;;;;;;;227;;
STK;15.01.2011 00:00;;;;;;;;;;;;;;3.2;16.6;11.5;59.8;;;;;;;;;;;;;;;;230;;
STK;16.01.2011 00:00;;;;;;;;;;;;;;0.9;3;3.2;10.8;;;;;;;;;;;;;;;;231;;
STK;17.01.2011 00:00;;;;;;;;;;;;;;0.7;3.1;2.5;11.2;;;;;;;;;;;;;;;;0;;
STK;18.01.2011 00:00;;;;;;;;;;;;;;1.1;4.6;4;16.6;;;;;;;;;;;;;;;;231;;
STK;19.01.2011 00:00;;;;;;;;;;;;;;1.4;6;5;21.6;;;;;;;;;;;;;;;;270;;
STK;20.01.2011 00:00;;;;;;;;;;;;;;2.7;9.5;9.7;34.2;;;;;;;;;;;;;;;;16;;
STK;21.01.2011 00:00;;;;;;;;;;;;;;6.8;13.3;24.5;47.9;;;;;;;;;;;;;;;;52;;
STK;22.01.2011 00:00;;;;;;;;;;;;;;8.2;14;29.5;50.4;;;;;;;;;;;;;;;;54;;
STK;23.01.2011 00:00;;;;;;;;;;;;;;2.7;11.6;9.7;41.8;;;;;;;;;;;;;;;;53;;
STK;24.01.2011 00:00;;;;;;;;;;;;;;1.4;5.2;5;18.7;;;;;;;;;;;;;;;;222;;
STK;25.01.2011 00:00;;;;;;;;;;;;;;5.4;13.5;19.4;48.6;;;;;;;;;;;;;;;;229;;
STK;26.01.2011 00:00;;;;;;;;;;;;;;3.6;13.2;13;47.5;;;;;;;;;;;;;;;;232;;
STK;27.01.2011 00:00;;;;;;;;;;;;;;2.9;8.8;10.4;31.7;;;;;;;;;;;;;;;;51;;
STK;28.01.2011 00:00;;;;;;;;;;;;;;5.5;10.5;19.8;37.8;;;;;;;;;;;;;;;;53;;
STK;29.01.2011 00:00;;;;;;;;;;;;;;2.2;5.8;7.9;20.9;;;;;;;;;;;;;;;;32;;
STK;30.01.2011 00:00;;;;;;;;;;;;;;2.6;6;9.4;21.6;;;;;;;;;;;;;;;;29;;
STK;31.01.2011 00:00;;;;;;;;;;;;;;1.9;5;6.8;18;;;;;;;;;;;;;;;;21;;
STK;01.02.2011 00:00;;;;;;;;;;;;;;2.3;6.7;8.3;24.1;;;;;;;;;;;;;;;;294;;
STK;02.02.2011 00:00;;;;;;;;;;;;;;1.3;6.7;4.7;24.1;;;;;;;;;;;;;;;;217;;
STK;03.02.2011 00:00;;;;;;;;;;;;;;1.6;5.5;5.8;19.8;;;;;;;;;;;;;;;;225;;
STK;04.02.2011 00:00;;;;;;;;;;;;;;4.8;17.3;17.3;62.3;;;;;;;;;;;;;;;;232;;
STK;05.02.2011 00:00;;;;;;;;;;;;;;6.1;18.5;22;66.6;;;;;;;;;;;;;;;;224;;
STK;06.02.2011 00:00;;;;;;;;;;;;;;2.1;9.2;7.6;33.1;;;;;;;;;;;;;;;;222;;
STK;07.02.2011 00:00;;;;;;;;;;;;;;0.7;3.2;2.5;11.5;;;;;;;;;;;;;;;;90;;
STK;08.02.2011 00:00;;;;;;;;;;;;;;0.8;4.1;2.9;14.8;;;;;;;;;;;;;;;;90;;
STK;09.02.2011 00:00;;;;;;;;;;;;;;0.6;3.5;2.2;12.6;;;;;;;;;;;;;;;;63;;
STK;10.02.2011 00:00;;;;;;;;;;;;;;0.9;3.2;3.2;11.5;;;;;;;;;;;;;;;;56;;
STK;11.02.2011 00:00;;;;;;;;;;;;;;2.5;8.7;9;31.3;;;;;;;;;;;;;;;;234;;
STK;12.02.2011 00:00;;;;;;;;;;;;;;1.2;4.7;4.3;16.9;;;;;;;;;;;;;;;;231;;
STK;13.02.2011 00:00;;;;;;;;;;;;;;1.1;4.8;4;17.3;;;;;;;;;;;;;;;;90;;
STK;14.02.2011 00:00;;;;;;;;;;;;;;0.9;4.5;3.2;16.2;;;;;;;;;;;;;;;;72;;
STK;15.02.2011 00:00;;;;;;;;;;;;;;1.2;7;4.3;25.2;;;;;;;;;;;;;;;;45;;
STK;16.02.2011 00:00;;;;;;;;;;;;;;1.9;6.2;6.8;22.3;;;;;;;;;;;;;;;;38;;
STK;17.02.2011 00:00;;;;;;;;;;;;;;1.5;4.7;5.4;16.9;;;;;;;;;;;;;;;;51;;
STK;18.02.2011 00:00;;;;;;;;;;;;;;1.2;5.7;4.3;20.5;;;;;;;;;;;;;;;;270;;
STK;19.02.2011 00:00;;;;;;;;;;;;;;0.9;4.3;3.2;15.5;;;;;;;;;;;;;;;;51;;
STK;20.02.2011 00:00;;;;;;;;;;;;;;1.1;4.1;4;14.8;;;;;;;;;;;;;;;;39;;
STK;21.02.2011 00:00;;;;;;;;;;;;;;1.6;5;5.8;18;;;;;;;;;;;;;;;;28;;
STK;22.02.2011 00:00;;;;;;;;;;;;;;1.9;5.3;6.8;19.1;;;;;;;;;;;;;;;;23;;
STK;23.02.2011 00:00;;;;;;;;;;;;;;1;3.6;3.6;13;;;;;;;;;;;;;;;;63;;
STK;24.02.2011 00:00;;;;;;;;;;;;;;1.1;5.2;4;18.7;;;;;;;;;;;;;;;;229;;
STK;25.02.2011 00:00;;;;;;;;;;;;;;0.8;4;2.9;14.4;;;;;;;;;;;;;;;;45;;
STK;26.02.2011 00:00;;;;;;;;;;;;;;1.5;11.1;5.4;40;;;;;;;;;;;;;;;;79;;
STK;27.02.2011 00:00;;;;;;;;;;;;;;1.8;8.6;6.5;31;;;;;;;;;;;;;;;;230;;
STK;28.02.2011 00:00;;;;;;;;;;;;;;3.6;11.6;13;41.8;;;;;;;;;;;;;;;;57;;
STK;01.03.2011 00:00;;;;;;;;;;;;;;6;16.1;21.6;58;;;;;;;;;;;;;;;;62;;
STK;02.03.2011 00:00;;;;;;;;;;;;;;10.4;18.7;37.4;67.3;;;;;;;;;;;;;;;;60;;
STK;03.03.2011 00:00;;;;;;;;;;;;;;3;11.3;10.8;40.7;;;;;;;;;;;;;;;;56;;
STK;04.03.2011 00:00;;;;;;;;;;;;;;1.4;6;5;21.6;;;;;;;;;;;;;;;;63;;
STK;05.03.2011 00:00;;;;;;;;;;;;;;1;4.7;3.6;16.9;;;;;;;;;;;;;;;;360;;
STK;06.03.2011 00:00;;;;;;;;;;;;;;3.3;9.8;11.9;35.3;;;;;;;;;;;;;;;;54;;
STK;07.03.2011 00:00;;;;;;;;;;;;;;5.2;12.3;18.7;44.3;;;;;;;;;;;;;;;;62;;
STK;08.03.2011 00:00;;;;;;;;;;;;;;0.9;3.7;3.2;13.3;;;;;;;;;;;;;;;;79;;
STK;09.03.2011 00:00;;;;;;;;;;;;;;2.7;10.8;9.7;38.9;;;;;;;;;;;;;;;;238;;
STK;10.03.2011 00:00;;;;;;;;;;;;;;4.6;15.6;16.6;56.2;;;;;;;;;;;;;;;;239;;
STK;11.03.2011 00:00;;;;;;;;;;;;;;2;11.5;7.2;41.4;;;;;;;;;;;;;;;;236;;
STK;12.03.2011 00:00;;;;;;;;;;;;;;0.8;3.1;2.9;11.2;;;;;;;;;;;;;;;;207;;
STK;13.03.2011 00:00;;;;;;;;;;;;;;1.1;3.8;4;13.7;;;;;;;;;;;;;;;;117;;
STK;14.03.2011 00:00;;;;;;;;;;;;;;1.4;6.2;5;22.3;;;;;;;;;;;;;;;;79;;
STK;15.03.2011 00:00;;;;;;;;;;;;;;1.5;7.3;5.4;26.3;;;;;;;;;;;;;;;;60;;
STK;16.03.2011 00:00;;;;;;;;;;;;;;1.2;4.3;4.3;15.5;;;;;;;;;;;;;;;;67;;
STK;17.03.2011 00:00;;;;;;;;;;;;;;3.7;13.1;13.3;47.2;;;;;;;;;;;;;;;;235;;
STK;18.03.2011 00:00;;;;;;;;;;;;;;5.4;11.7;19.4;42.1;;;;;;;;;;;;;;;;239;;
STK;19.03.2011 00:00;;;;;;;;;;;;;;2.5;10.1;9;36.4;;;;;;;;;;;;;;;;56;;
STK;20.03.2011 00:00;;;;;;;;;;;;;;2.9;9;10.4;32.4;;;;;;;;;;;;;;;;57;;
STK;21.03.2011 00:00;;;;;;;;;;;;;;4.9;13.1;17.6;47.2;;;;;;;;;;;;;;;;56;;
STK;22.03.2011 00:00;;;;;;;;;;;;;;1.1;5.2;4;18.7;;;;;;;;;;;;;;;;51;;
STK;23.03.2011 00:00;;;;;;;;;;;;;;1.4;7.2;5;25.9;;;;;;;;;;;;;;;;58;;
STK;24.03.2011 00:00;;;;;;;;;;;;;;1.1;3.7;4;13.3;;;;;;;;;;;;;;;;90;;
STK;25.03.2011 00:00;;;;;;;;;;;;;;2.5;9.6;9;34.6;;;;;;;;;;;;;;;;234;;
STK;26.03.2011 00:00;;;;;;;;;;;;;;3.6;10.2;13;36.7;;;;;;;;;;;;;;;;242;;
STK;27.03.2011 00:00;;;;;;;;;;;;;;1.2;6.3;4.3;22.7;;;;;;;;;;;;;;;;54;;
STK;28.03.2011 00:00;;;;;;;;;;;;;;1.2;8.1;4.3;29.2;;;;;;;;;;;;;;;;56;;
STK;29.03.2011 00:00;;;;;;;;;;;;;;0.9;2.6;3.2;9.4;;;;;;;;;;;;;;;;90;;
STK;30.03.2011 00:00;;;;;;;;;;;;;;2.6;10.6;9.4;38.2;;;;;;;;;;;;;;;;241;;
STK;31.03.2011 00:00;;;;;;;;;;;;;;4.3;14.1;15.5;50.8;;;;;;;;;;;;;;;;236;;
STK;01.04.2011 00:00;;;;;;;;;;;;;;2.8;10.5;10.1;37.8;;;;;;;;;;;;;;;;236;;
STK;02.04.2011 00:00;;;;;;;;;;;;;;1;3.7;3.6;13.3;;;;;;;;;;;;;;;;72;;
STK;03.04.2011 00:00;;;;;;;;;;;;;;1.5;5.8;5.4;20.9;;;;;;;;;;;;;;;;238;;
STK;04.04.2011 00:00;;;;;;;;;;;;;;2.5;10.3;9;37.1;;;;;;;;;;;;;;;;241;;
STK;05.04.2011 00:00;;;;;;;;;;;;;;1.3;4.6;4.7;16.6;;;;;;;;;;;;;;;;59;;
STK;06.04.2011 00:00;;;;;;;;;;;;;;1.5;6;5.4;21.6;;;;;;;;;;;;;;;;69;;
STK;07.04.2011 00:00;;;;;;;;;;;;;;2.7;10.6;9.7;38.2;;;;;;;;;;;;;;;;242;;
STK;08.04.2011 00:00;;;;;;;;;;;;;;1.1;4.3;4;15.5;;;;;;;;;;;;;;;;90;;
STK;09.04.2011 00:00;;;;;;;;;;;;;;1.4;5.2;5;18.7;;;;;;;;;;;;;;;;67;;
STK;10.04.2011 00:00;;;;;;;;;;;;;;1.4;6;5;21.6;;;;;;;;;;;;;;;;58;;
STK;11.04.2011 00:00;;;;;;;;;;;;;;1.5;5;5.4;18;;;;;;;;;;;;;;;;219;;
STK;12.04.2011 00:00;;;;;;;;;;;;;;4.8;14;17.3;50.4;;;;;;;;;;;;;;;;273;;
STK;13.04.2011 00:00;;;;;;;;;;;;;;2.2;8.7;7.9;31.3;;;;;;;;;;;;;;;;234;;
STK;14.04.2011 00:00;;;;;;;;;;;;;;2.6;10.5;9.4;37.8;;;;;;;;;;;;;;;;47;;
STK;15.04.2011 00:00;;;;;;;;;;;;;;3.1;10.8;11.2;38.9;;;;;;;;;;;;;;;;49;;
STK;16.04.2011 00:00;;;;;;;;;;;;;;1.2;5.3;4.3;19.1;;;;;;;;;;;;;;;;41;;
STK;17.04.2011 00:00;;;;;;;;;;;;;;0.9;2.5;3.2;9;;;;;;;;;;;;;;;;72;;
STK;18.04.2011 00:00;;;;;;;;;;;;;;1.4;4.1;5;14.8;;;;;;;;;;;;;;;;74;;
STK;19.04.2011 00:00;;;;;;;;;;;;;;1;4.3;3.6;15.5;;;;;;;;;;;;;;;;63;;
STK;20.04.2011 00:00;;;;;;;;;;;;;;1.3;3.5;4.7;12.6;;;;;;;;;;;;;;;;90;;
STK;21.04.2011 00:00;;;;;;;;;;;;;;1.3;5.8;4.7;20.9;;;;;;;;;;;;;;;;63;;
STK;22.04.2011 00:00;;;;;;;;;;;;;;1.5;4.5;5.4;16.2;;;;;;;;;;;;;;;;180;;
STK;23.04.2011 00:00;;;;;;;;;;;;;;1.3;4.3;4.7;15.5;;;;;;;;;;;;;;;;180;;
STK;24.04.2011 00:00;;;;;;;;;;;;;;2.8;11;10.1;39.6;;;;;;;;;;;;;;;;236;;
STK;25.04.2011 00:00;;;;;;;;;;;;;;2.4;9.2;8.6;33.1;;;;;;;;;;;;;;;;55;;
STK;26.04.2011 00:00;;;;;;;;;;;;;;2.7;7.7;9.7;27.7;;;;;;;;;;;;;;;;47;;
STK;27.04.2011 00:00;;;;;;;;;;;;;;1.1;6.3;4;22.7;;;;;;;;;;;;;;;;214;;
STK;28.04.2011 00:00;;;;;;;;;;;;;;1.5;10.3;5.4;37.1;;;;;;;;;;;;;;;;53;;
STK;29.04.2011 00:00;;;;;;;;;;;;;;2.1;8.3;7.6;29.9;;;;;;;;;;;;;;;;68;;
STK;30.04.2011 00:00;;;;;;;;;;;;;;1.4;8.5;5;30.6;;;;;;;;;;;;;;;;39;;
STK;01.05.2011 00:00;;;;;;;;;;;;;;1.8;11.7;6.5;42.1;;;;;;;;;;;;;;;;50;;
STK;02.05.2011 00:00;;;;;;;;;;;;;;1.8;9.2;6.5;33.1;;;;;;;;;;;;;;;;41;;
STK;03.05.2011 00:00;;;;;;;;;;;;;;4.5;12.2;16.2;43.9;;;;;;;;;;;;;;;;52;;
STK;04.05.2011 00:00;;;;;;;;;;;;;;1.9;5.8;6.8;20.9;;;;;;;;;;;;;;;;45;;
STK;05.05.2011 00:00;;;;;;;;;;;;;;1.3;5.2;4.7;18.7;;;;;;;;;;;;;;;;45;;
STK;06.05.2011 00:00;;;;;;;;;;;;;;1.5;6.2;5.4;22.3;;;;;;;;;;;;;;;;67;;
STK;07.05.2011 00:00;;;;;;;;;;;;;;1.4;5.3;5;19.1;;;;;;;;;;;;;;;;63;;
STK;08.05.2011 00:00;;;;;;;;;;;;;;1.3;6.6;4.7;23.8;;;;;;;;;;;;;;;;67;;
STK;09.05.2011 00:00;;;;;;;;;;;;;;1.6;7.1;5.8;25.6;;;;;;;;;;;;;;;;42;;
STK;10.05.2011 00:00;;;;;;;;;;;;;;1.2;3.8;4.3;13.7;;;;;;;;;;;;;;;;90;;
STK;11.05.2011 00:00;;;;;;;;;;;;;;1.4;8;5;28.8;;;;;;;;;;;;;;;;45;;
STK;12.05.2011 00:00;;;;;;;;;;;;;;2.7;10;9.7;36;;;;;;;;;;;;;;;;234;;
STK;13.05.2011 00:00;;;;;;;;;;;;;;1.5;5.2;5.4;18.7;;;;;;;;;;;;;;;;32;;
STK;14.05.2011 00:00;;;;;;;;;;;;;;2.5;11.5;9;41.4;;;;;;;;;;;;;;;;242;;
STK;15.05.2011 00:00;;;;;;;;;;;;;;3.5;15.8;12.6;56.9;;;;;;;;;;;;;;;;237;;
STK;16.05.2011 00:00;;;;;;;;;;;;;;3.5;9.1;12.6;32.8;;;;;;;;;;;;;;;;236;;
STK;17.05.2011 00:00;;;;;;;;;;;;;;1.6;7.6;5.8;27.4;;;;;;;;;;;;;;;;45;;
STK;18.05.2011 00:00;;;;;;;;;;;;;;1.1;3.7;4;13.3;;;;;;;;;;;;;;;;59;;
STK;19.05.2011 00:00;;;;;;;;;;;;;;1.5;9.5;5.4;34.2;;;;;;;;;;;;;;;;321;;
STK;20.05.2011 00:00;;;;;;;;;;;;;;1.7;8.6;6.1;31;;;;;;;;;;;;;;;;333;;
STK;21.05.2011 00:00;;;;;;;;;;;;;;1.4;4.2;5;15.1;;;;;;;;;;;;;;;;56;;
STK;22.05.2011 00:00;;;;;;;;;;;;;;1.9;12.5;6.8;45;;;;;;;;;;;;;;;;252;;
STK;23.05.2011 00:00;;;;;;;;;;;;;;1.4;3.8;5;13.7;;;;;;;;;;;;;;;;40;;
STK;24.05.2011 00:00;;;;;;;;;;;;;;3.2;11.1;11.5;40;;;;;;;;;;;;;;;;263;;
STK;25.05.2011 00:00;;;;;;;;;;;;;;2.9;7.7;10.4;27.7;;;;;;;;;;;;;;;;48;;
STK;26.05.2011 00:00;;;;;;;;;;;;;;4.3;16.3;15.5;58.7;;;;;;;;;;;;;;;;241;;
STK;27.05.2011 00:00;;;;;;;;;;;;;;2.8;9.2;10.1;33.1;;;;;;;;;;;;;;;;227;;
STK;28.05.2011 00:00;;;;;;;;;;;;;;1.6;4.8;5.8;17.3;;;;;;;;;;;;;;;;180;;
STK;29.05.2011 00:00;;;;;;;;;;;;;;1.5;5.1;5.4;18.4;;;;;;;;;;;;;;;;76;;
STK;30.05.2011 00:00;;;;;;;;;;;;;;1.8;12.2;6.5;43.9;;;;;;;;;;;;;;;;153;;
STK;31.05.2011 00:00;;;;;;;;;;;;;;5;12.6;18;45.4;;;;;;;;;;;;;;;;245;;
STK;01.06.2011 00:00;;;;;;;;;;;;;;4.7;11;16.9;39.6;;;;;;;;;;;;;;;;31;;
STK;02.06.2011 00:00;;;;;;;;;;;;;;7.8;16.1;28.1;58;;;;;;;;;;;;;;;;58;;
STK;03.06.2011 00:00;;;;;;;;;;;;;;4.5;12.8;16.2;46.1;;;;;;;;;;;;;;;;62;;
STK;04.06.2011 00:00;;;;;;;;;;;;;;1.7;6.8;6.1;24.5;;;;;;;;;;;;;;;;67;;
STK;05.06.2011 00:00;;;;;;;;;;;;;;2.4;8.7;8.6;31.3;;;;;;;;;;;;;;;;235;;
STK;06.06.2011 00:00;;;;;;;;;;;;;;3.3;10.6;11.9;38.2;;;;;;;;;;;;;;;;228;;
STK;07.06.2011 00:00;;;;;;;;;;;;;;2;12.7;7.2;45.7;;;;;;;;;;;;;;;;225;;
STK;08.06.2011 00:00;;;;;;;;;;;;;;4.2;11.5;15.1;41.4;;;;;;;;;;;;;;;;240;;
STK;09.06.2011 00:00;;;;;;;;;;;;;;2.8;9;10.1;32.4;;;;;;;;;;;;;;;;242;;
STK;10.06.2011 00:00;;;;;;;;;;;;;;1.8;6.5;6.5;23.4;;;;;;;;;;;;;;;;63;;
STK;11.06.2011 00:00;;;;;;;;;;;;;;2.5;8.6;9;31;;;;;;;;;;;;;;;;232;;
STK;12.06.2011 00:00;;;;;;;;;;;;;;1.3;3.5;4.7;12.6;;;;;;;;;;;;;;;;76;;
STK;13.06.2011 00:00;;;;;;;;;;;;;;1;5;3.6;18;;;;;;;;;;;;;;;;217;;
STK;14.06.2011 00:00;;;;;;;;;;;;;;1.3;6.1;4.7;22;;;;;;;;;;;;;;;;56;;
STK;15.06.2011 00:00;;;;;;;;;;;;;;1.4;4.7;5;16.9;;;;;;;;;;;;;;;;153;;
STK;16.06.2011 00:00;;;;;;;;;;;;;;3.2;12.1;11.5;43.6;;;;;;;;;;;;;;;;233;;
STK;17.06.2011 00:00;;;;;;;;;;;;;;2.6;11.5;9.4;41.4;;;;;;;;;;;;;;;;59;;
STK;18.06.2011 00:00;;;;;;;;;;;;;;4.2;18.6;15.1;67;;;;;;;;;;;;;;;;227;;
STK;19.06.2011 00:00;;;;;;;;;;;;;;6.7;18;24.1;64.8;;;;;;;;;;;;;;;;241;;
STK;20.06.2011 00:00;;;;;;;;;;;;;;2.1;10.5;7.6;37.8;;;;;;;;;;;;;;;;246;;
STK;21.06.2011 00:00;;;;;;;;;;;;;;2.5;24;9;86.4;;;;;;;;;;;;;;;;232;;
STK;22.06.2011 00:00;;;;;;;;;;;;;;1.8;23.3;6.5;83.9;;;;;;;;;;;;;;;;231;;
STK;23.06.2011 00:00;;;;;;;;;;;;;;2.8;10.7;10.1;38.5;;;;;;;;;;;;;;;;233;;
STK;24.06.2011 00:00;;;;;;;;;;;;;;2.6;9.5;9.4;34.2;;;;;;;;;;;;;;;;250;;
STK;25.06.2011 00:00;;;;;;;;;;;;;;3.3;11.7;11.9;42.1;;;;;;;;;;;;;;;;237;;
STK;26.06.2011 00:00;;;;;;;;;;;;;;1.5;4.1;5.4;14.8;;;;;;;;;;;;;;;;74;;
STK;27.06.2011 00:00;;;;;;;;;;;;;;1.3;4.1;4.7;14.8;;;;;;;;;;;;;;;;63;;
STK;28.06.2011 00:00;;;;;;;;;;;;;;1.3;4.8;4.7;17.3;;;;;;;;;;;;;;;;63;;
STK;29.06.2011 00:00;;;;;;;;;;;;;;1.8;8.6;6.5;31;;;;;;;;;;;;;;;;297;;
STK;30.06.2011 00:00;;;;;;;;;;;;;;2.5;7.5;9;27;;;;;;;;;;;;;;;;246;;
STK;01.07.2011 00:00;;;;;;;;;;;;;;2.2;14.2;7.9;51.1;;;;;;;;;;;;;;;;278;;
STK;02.07.2011 00:00;;;;;;;;;;;;;;1.6;5.3;5.8;19.1;;;;;;;;;;;;;;;;52;;
STK;03.07.2011 00:00;;;;;;;;;;;;;;1.6;6.7;5.8;24.1;;;;;;;;;;;;;;;;108;;
STK;04.07.2011 00:00;;;;;;;;;;;;;;1.4;5.5;5;19.8;;;;;;;;;;;;;;;;45;;
STK;05.07.2011 00:00;;;;;;;;;;;;;;2.2;7.8;7.9;28.1;;;;;;;;;;;;;;;;233;;
STK;06.07.2011 00:00;;;;;;;;;;;;;;2.2;10.1;7.9;36.4;;;;;;;;;;;;;;;;246;;
STK;07.07.2011 00:00;;;;;;;;;;;;;;2.1;14.6;7.6;52.6;;;;;;;;;;;;;;;;351;;
STK;08.07.2011 00:00;;;;;;;;;;;;;;2.1;12;7.6;43.2;;;;;;;;;;;;;;;;233;;
STK;09.07.2011 00:00;;;;;;;;;;;;;;1.8;7.6;6.5;27.4;;;;;;;;;;;;;;;;90;;
STK;10.07.2011 00:00;;;;;;;;;;;;;;2.1;17;7.6;61.2;;;;;;;;;;;;;;;;256;;
STK;11.07.2011 00:00;;;;;;;;;;;;;;1.8;5.5;6.5;19.8;;;;;;;;;;;;;;;;66;;
STK;12.07.2011 00:00;;;;;;;;;;;;;;2.3;11.7;8.3;42.1;;;;;;;;;;;;;;;;51;;
STK;13.07.2011 00:00;;;;;;;;;;;;;;3;13.1;10.8;47.2;;;;;;;;;;;;;;;;248;;
STK;14.07.2011 00:00;;;;;;;;;;;;;;4.5;11.1;16.2;40;;;;;;;;;;;;;;;;241;;
STK;15.07.2011 00:00;;;;;;;;;;;;;;1.8;7.1;6.5;25.6;;;;;;;;;;;;;;;;239;;
STK;16.07.2011 00:00;;;;;;;;;;;;;;1.8;8.3;6.5;29.9;;;;;;;;;;;;;;;;225;;
STK;17.07.2011 00:00;;;;;;;;;;;;;;3;15;10.8;54;;;;;;;;;;;;;;;;228;;
STK;18.07.2011 00:00;;;;;;;;;;;;;;3.5;11.1;12.6;40;;;;;;;;;;;;;;;;241;;
STK;19.07.2011 00:00;;;;;;;;;;;;;;3.2;14.5;11.5;52.2;;;;;;;;;;;;;;;;237;;
STK;20.07.2011 00:00;;;;;;;;;;;;;;6.2;17.2;22.3;61.9;;;;;;;;;;;;;;;;236;;
STK;21.07.2011 00:00;;;;;;;;;;;;;;2.5;9.5;9;34.2;;;;;;;;;;;;;;;;233;;
STK;22.07.2011 00:00;;;;;;;;;;;;;;3.3;9.8;11.9;35.3;;;;;;;;;;;;;;;;235;;
STK;23.07.2011 00:00;;;;;;;;;;;;;;2.8;8.8;10.1;31.7;;;;;;;;;;;;;;;;239;;
STK;24.07.2011 00:00;;;;;;;;;;;;;;4.9;12;17.6;43.2;;;;;;;;;;;;;;;;244;;
STK;25.07.2011 00:00;;;;;;;;;;;;;;1.8;6.3;6.5;22.7;;;;;;;;;;;;;;;;180;;
STK;26.07.2011 00:00;;;;;;;;;;;;;;1.5;6.3;5.4;22.7;;;;;;;;;;;;;;;;81;;
STK;27.07.2011 00:00;;;;;;;;;;;;;;1.5;8.1;5.4;29.2;;;;;;;;;;;;;;;;90;;
STK;28.07.2011 00:00;;;;;;;;;;;;;;1.6;8.7;5.8;31.3;;;;;;;;;;;;;;;;233;;
STK;29.07.2011 00:00;;;;;;;;;;;;;;1.8;9.7;6.5;34.9;;;;;;;;;;;;;;;;297;;
STK;30.07.2011 00:00;;;;;;;;;;;;;;1.6;5.1;5.8;18.4;;;;;;;;;;;;;;;;34;;
STK;31.07.2011 00:00;;;;;;;;;;;;;;1.9;8.1;6.8;29.2;;;;;;;;;;;;;;;;47;;
STK;01.08.2011 00:00;;;;;;;;;;;;;;1.5;4.8;5.4;17.3;;;;;;;;;;;;;;;;35;;
STK;02.08.2011 00:00;;;;;;;;;;;;;;1.4;5.1;5;18.4;;;;;;;;;;;;;;;;77;;
STK;03.08.2011 00:00;;;;;;;;;;;;;;1.4;6.5;5;23.4;;;;;;;;;;;;;;;;135;;
STK;04.08.2011 00:00;;;;;;;;;;;;;;1.9;7.6;6.8;27.4;;;;;;;;;;;;;;;;233;;
STK;05.08.2011 00:00;;;;;;;;;;;;;;1.9;8.1;6.8;29.2;;;;;;;;;;;;;;;;247;;
STK;06.08.2011 00:00;;;;;;;;;;;;;;1.5;7.2;5.4;25.9;;;;;;;;;;;;;;;;34;;
STK;07.08.2011 00:00;;;;;;;;;;;;;;2.9;13.6;10.4;49;;;;;;;;;;;;;;;;234;;
STK;08.08.2011 00:00;;;;;;;;;;;;;;5.5;19.5;19.8;70.2;;;;;;;;;;;;;;;;243;;
STK;09.08.2011 00:00;;;;;;;;;;;;;;6.5;17.2;23.4;61.9;;;;;;;;;;;;;;;;248;;
STK;10.08.2011 00:00;;;;;;;;;;;;;;1.9;7.6;6.8;27.4;;;;;;;;;;;;;;;;235;;
STK;11.08.2011 00:00;;;;;;;;;;;;;;1.4;4.6;5;16.6;;;;;;;;;;;;;;;;234;;
STK;12.08.2011 00:00;;;;;;;;;;;;;;2.9;9.3;10.4;33.5;;;;;;;;;;;;;;;;242;;
STK;13.08.2011 00:00;;;;;;;;;;;;;;2.2;6.5;7.9;23.4;;;;;;;;;;;;;;;;235;;
STK;14.08.2011 00:00;;;;;;;;;;;;;;3;16.5;10.8;59.4;;;;;;;;;;;;;;;;240;;
STK;15.08.2011 00:00;;;;;;;;;;;;;;2.4;7.7;8.6;27.7;;;;;;;;;;;;;;;;234;;
STK;16.08.2011 00:00;;;;;;;;;;;;;;1.6;5.2;5.8;18.7;;;;;;;;;;;;;;;;234;;
STK;17.08.2011 00:00;;;;;;;;;;;;;;1.1;2.6;4;9.4;;;;;;;;;;;;;;;;79;;
STK;18.08.2011 00:00;;;;;;;;;;;;;;1.4;6.2;5;22.3;;;;;;;;;;;;;;;;72;;
STK;19.08.2011 00:00;;;;;;;;;;;;;;3;13;10.8;46.8;;;;;;;;;;;;;;;;244;;
STK;20.08.2011 00:00;;;;;;;;;;;;;;1.2;3.6;4.3;13;;;;;;;;;;;;;;;;72;;
STK;21.08.2011 00:00;;;;;;;;;;;;;;1;6.8;3.6;24.5;;;;;;;;;;;;;;;;207;;
STK;22.08.2011 00:00;;;;;;;;;;;;;;1.1;5.8;4;20.9;;;;;;;;;;;;;;;;117;;
STK;23.08.2011 00:00;;;;;;;;;;;;;;1.5;8.5;5.4;30.6;;;;;;;;;;;;;;;;153;;
STK;24.08.2011 00:00;;;;;;;;;;;;;;1.7;9.7;6.1;34.9;;;;;;;;;;;;;;;;252;;
STK;25.08.2011 00:00;;;;;;;;;;;;;;1.1;4.2;4;15.1;;;;;;;;;;;;;;;;270;;
STK;26.08.2011 00:00;;;;;;;;;;;;;;4.3;22.6;15.5;81.4;;;;;;;;;;;;;;;;236;;
STK;27.08.2011 00:00;;;;;;;;;;;;;;2.9;10.3;10.4;37.1;;;;;;;;;;;;;;;;223;;
STK;28.08.2011 00:00;;;;;;;;;;;;;;1.5;3.8;5.4;13.7;;;;;;;;;;;;;;;;117;;
STK;29.08.2011 00:00;;;;;;;;;;;;;;3.4;11.7;12.2;42.1;;;;;;;;;;;;;;;;240;;
STK;30.08.2011 00:00;;;;;;;;;;;;;;1.3;5.3;4.7;19.1;;;;;;;;;;;;;;;;74;;
STK;31.08.2011 00:00;;;;;;;;;;;;;;1.4;5.7;5;20.5;;;;;;;;;;;;;;;;203;;
STK;01.09.2011 00:00;;;;;;;;;;;;;;1.8;6.1;6.5;22;;;;;;;;;;;;;;;;90;;
STK;02.09.2011 00:00;;;;;;;;;;;;;;1.2;4.3;4.3;15.5;;;;;;;;;;;;;;;;79;;
STK;03.09.2011 00:00;;;;;;;;;;;;;;1.2;10;4.3;36;;;;;;;;;;;;;;;;90;;
STK;04.09.2011 00:00;;;;;;;;;;;;;;1.6;5.2;5.8;18.7;;;;;;;;;;;;;;;;217;;
STK;05.09.2011 00:00;;;;;;;;;;;;;;3.6;13.7;13;49.3;;;;;;;;;;;;;;;;236;;
STK;06.09.2011 00:00;;;;;;;;;;;;;;2.5;8.1;9;29.2;;;;;;;;;;;;;;;;235;;
STK;07.09.2011 00:00;;;;;;;;;;;;;;5.4;18.3;19.4;65.9;;;;;;;;;;;;;;;;241;;
STK;08.09.2011 00:00;;;;;;;;;;;;;;6.1;15.3;22;55.1;;;;;;;;;;;;;;;;233;;
STK;09.09.2011 00:00;;;;;;;;;;;;;;2.6;9.3;9.4;33.5;;;;;;;;;;;;;;;;236;;
STK;10.09.2011 00:00;;;;;;;;;;;;;;1.1;3.6;4;13;;;;;;;;;;;;;;;;90;;
STK;11.09.2011 00:00;;;;;;;;;;;;;;2;13.6;7.2;49;;;;;;;;;;;;;;;;221;;
STK;12.09.2011 00:00;;;;;;;;;;;;;;3.3;9.5;11.9;34.2;;;;;;;;;;;;;;;;239;;
STK;13.09.2011 00:00;;;;;;;;;;;;;;2.7;9.5;9.7;34.2;;;;;;;;;;;;;;;;242;;
STK;14.09.2011 00:00;;;;;;;;;;;;;;1.5;9.8;5.4;35.3;;;;;;;;;;;;;;;;225;;
STK;15.09.2011 00:00;;;;;;;;;;;;;;1.3;4.1;4.7;14.8;;;;;;;;;;;;;;;;36;;
STK;16.09.2011 00:00;;;;;;;;;;;;;;1.4;10.6;5;38.2;;;;;;;;;;;;;;;;117;;
STK;17.09.2011 00:00;;;;;;;;;;;;;;1.7;9.2;6.1;33.1;;;;;;;;;;;;;;;;232;;
STK;18.09.2011 00:00;;;;;;;;;;;;;;3.4;14.1;12.2;50.8;;;;;;;;;;;;;;;;225;;
STK;19.09.2011 00:00;;;;;;;;;;;;;;1.3;4.5;4.7;16.2;;;;;;;;;;;;;;;;211;;
STK;20.09.2011 00:00;;;;;;;;;;;;;;1.6;5.3;5.8;19.1;;;;;;;;;;;;;;;;90;;
STK;21.09.2011 00:00;;;;;;;;;;;;;;1.3;4.5;4.7;16.2;;;;;;;;;;;;;;;;169;;
STK;22.09.2011 00:00;;;;;;;;;;;;;;1.1;3.2;4;11.5;;;;;;;;;;;;;;;;135;;
STK;23.09.2011 00:00;;;;;;;;;;;;;;0.8;2.5;2.9;9;;;;;;;;;;;;;;;;146;;
STK;24.09.2011 00:00;;;;;;;;;;;;;;1.3;4.1;4.7;14.8;;;;;;;;;;;;;;;;99;;
STK;25.09.2011 00:00;;;;;;;;;;;;;;1.1;3;4;10.8;;;;;;;;;;;;;;;;108;;
STK;26.09.2011 00:00;;;;;;;;;;;;;;1.2;3.7;4.3;13.3;;;;;;;;;;;;;;;;135;;
STK;27.09.2011 00:00;;;;;;;;;;;;;;0.8;2.5;2.9;9;;;;;;;;;;;;;;;;117;;
STK;28.09.2011 00:00;;;;;;;;;;;;;;1.1;7;4;25.2;;;;;;;;;;;;;;;;74;;
STK;29.09.2011 00:00;;;;;;;;;;;;;;1.1;3.7;4;13.3;;;;;;;;;;;;;;;;90;;
STK;30.09.2011 00:00;;;;;;;;;;;;;;1;3.5;3.6;12.6;;;;;;;;;;;;;;;;135;;
STK;01.10.2011 00:00;;;;;;;;;;;;;;0.9;4.5;3.2;16.2;;;;;;;;;;;;;;;;45;;
STK;02.10.2011 00:00;;;;;;;;;;;;;;0.9;2.8;3.2;10.1;;;;;;;;;;;;;;;;56;;
STK;03.10.2011 00:00;;;;;;;;;;;;;;1.1;4.3;4;15.5;;;;;;;;;;;;;;;;135;;
STK;04.10.2011 00:00;;;;;;;;;;;;;;1.4;6.2;5;22.3;;;;;;;;;;;;;;;;221;;
STK;05.10.2011 00:00;;;;;;;;;;;;;;2;7;7.2;25.2;;;;;;;;;;;;;;;;234;;
STK;06.10.2011 00:00;;;;;;;;;;;;;;4.3;19.5;15.5;70.2;;;;;;;;;;;;;;;;239;;
STK;07.10.2011 00:00;;;;;;;;;;;;;;6;16.6;21.6;59.8;;;;;;;;;;;;;;;;243;;
STK;08.10.2011 00:00;;;;;;;;;;;;;;5.8;12.6;20.9;45.4;;;;;;;;;;;;;;;;245;;
STK;09.10.2011 00:00;;;;;;;;;;;;;;1.9;7.2;6.8;25.9;;;;;;;;;;;;;;;;243;;
STK;10.10.2011 00:00;;;;;;;;;;;;;;6.2;15.1;22.3;54.4;;;;;;;;;;;;;;;;226;;
STK;11.10.2011 00:00;;;;;;;;;;;;;;6;13.7;21.6;49.3;;;;;;;;;;;;;;;;233;;
STK;10.02.2012 00:00;;;;;;;;;982.4;;;;1030;8.3;16;29.9;57.6;15.9;57.2;;;;;;;;;;;;;;54;;
STK;11.02.2012 00:00;;;;;;;;;978.3;;;;1025.7;9.4;16.2;33.8;58.3;15.7;56.5;;;;;;;;;;;;;;51;;
STK;12.02.2012 00:00;;;;;;;;;979.5;;;;1027;3.8;9.8;13.7;35.3;9.2;33.1;;;;;;;;;;;;;;54;;
STK;13.02.2012 00:00;;;;;;;;;976.1;;;;1023.4;2.9;6.7;10.4;24.1;6.6;23.8;;;;;;;;;;;;;;232;;
STK;14.02.2012 00:00;;;;;;;;;970.2;;;;1017.3;2.8;9.4;10.1;33.8;8.9;32;;;;;;;;;;;;;;234;;
STK;15.02.2012 00:00;;;;;;;;;968;;;;1014.9;7.9;18.8;28.4;67.7;17.8;64.1;;;;;;;;;;;;;;236;;
STK;16.02.2012 00:00;;;;;;;;;976.5;;;;1023.8;2.3;8.9;8.3;32;8.6;31;;;;;;;;;;;;;;233;;
STK;17.02.2012 00:00;;;;;;;;;978.6;;;;1026;2.1;6.3;7.6;22.7;6.1;22;;;;;;;;;;;;;;233;;
STK;18.02.2012 00:00;;;;;;;;;973.2;;;;1020.4;1.3;4.4;4.7;15.8;4.2;15.1;;;;;;;;;;;;;;230;;
STK;19.02.2012 00:00;;;;;;;;;972.7;;;;1019.9;2.4;14.8;8.6;53.3;14.5;52.2;;;;;;;;;;;;;;232;;
STK;20.02.2012 00:00;;;;;;;;;983.6;;;;1031.2;2.1;8.4;7.6;30.2;8;28.8;;;;;;;;;;;;;;61;;
STK;21.02.2012 00:00;;;;;;;;;984.2;;;;1031.9;1.1;4.3;4;15.5;4.2;15.1;;;;;;;;;;;;;;104;;
STK;22.02.2012 00:00;;;;;;;;;982.4;;;;1030;1.1;3.2;4;11.5;3.1;11.2;;;;;;;;;;;;;;217;;
STK;23.02.2012 00:00;;;;;;;;;980.5;;;;1028;1.7;5.3;6.1;19.1;5.2;18.7;;;;;;;;;;;;;;222;;
STK;24.02.2012 00:00;;;;;;;;;981.1;;;;1028.6;1.3;4.3;4.7;15.5;4.2;15.1;;;;;;;;;;;;;;153;;
STK;25.02.2012 00:00;;;;;;;;;977.3;;;;1024.6;2.3;6.1;8.3;22;5.9;21.2;;;;;;;;;;;;;;227;;
STK;26.02.2012 00:00;;;;;;;;;977;;;;1024.3;1.9;5.5;6.8;19.8;5.4;19.4;;;;;;;;;;;;;;229;;
STK;27.02.2012 00:00;;;;;;;;;979.4;;;;1026.9;1.2;3.2;4.3;11.5;3.1;11.2;;;;;;;;;;;;;;45;;
STK;28.02.2012 00:00;;;;;;;;;978.6;;;;1026;1.4;4.3;5;15.5;4.2;15.1;;;;;;;;;;;;;;135;;
STK;29.02.2012 00:00;;;;;;;;;977.4;;;;1024.8;1.2;3.4;4.3;12.2;3.3;11.9;;;;;;;;;;;;;;67;;
STK;01.03.2012 00:00;;;;;;;;;976.9;;;;1024.3;1.1;3.9;4;14;3.9;14;;;;;;;;;;;;;;207;;
STK;02.03.2012 00:00;;;;;;;;;977.9;;;;1025.2;1;3.5;3.6;12.6;3.4;12.2;;;;;;;;;;;;;;59;;
STK;03.03.2012 00:00;;;;;;;;;976.1;;;;1023.4;1;4.2;3.6;15.1;4;14.4;;;;;;;;;;;;;;135;;
STK;04.03.2012 00:00;;;;;;;;;973.2;;;;1020.4;1.3;4.4;4.7;15.8;4.3;15.5;;;;;;;;;;;;;;63;;
STK;05.03.2012 00:00;;;;;;;;;973.6;;;;1020.8;5.3;18.6;19.1;67;18.1;65.2;;;;;;;;;;;;;;242;;
STK;06.03.2012 00:00;;;;;;;;;976.4;;;;1023.7;1.5;7.2;5.4;25.9;6.9;24.8;;;;;;;;;;;;;;63;;
STK;07.03.2012 00:00;;;;;;;;;975.8;;;;1023.1;2.9;12.7;10.4;45.7;12.3;44.3;;;;;;;;;;;;;;236;;
STK;08.03.2012 00:00;;;;;;;;;979;;;;1026.4;3.4;13.2;12.2;47.5;13.1;47.2;;;;;;;;;;;;;;241;;
STK;09.03.2012 00:00;;;;;;;;;988.5;;;;1036.3;1.3;5.5;4.7;19.8;5.3;19.1;;;;;;;;;;;;;;72;;
STK;10.03.2012 00:00;;;;;;;;;987.5;;;;1035.2;1.3;4;4.7;14.4;3.9;14;;;;;;;;;;;;;;117;;
STK;11.03.2012 00:00;;;;;;;;;985;;;;1032.7;1.4;4.2;5;15.1;4.2;15.1;;;;;;;;;;;;;;45;;
STK;12.03.2012 00:00;;;;;;;;;983.3;;;;1030.9;1.2;4.5;4.3;16.2;4.3;15.5;;;;;;;;;;;;;;60;;
STK;13.03.2012 00:00;;;;;;;;;982.7;;;;1030.3;1.4;4.9;5;17.6;4.8;17.3;;;;;;;;;;;;;;61;;
STK;14.03.2012 00:00;;;;;;;;;981.9;;;;1029.5;1.1;4.1;4;14.8;4.1;14.8;;;;;;;;;;;;;;90;;
STK;15.03.2012 00:00;;;;;;;;;981.1;;;;1028.6;1.2;3.6;4.3;13;3.6;13;;;;;;;;;;;;;;79;;
STK;16.03.2012 00:00;;;;;;;;;977.4;;;;1024.8;1.3;7.5;4.7;27;7.4;26.6;;;;;;;;;;;;;;153;;
STK;17.03.2012 00:00;;;;;;;;;973.1;;;;1020.3;1.7;12.4;6.1;44.6;11.8;42.5;;;;;;;;;;;;;;220;;
STK;18.03.2012 00:00;;;;;;;;;971.4;;;;1018.6;4;15.2;14.4;54.7;14.7;52.9;;;;;;;;;;;;;;238;;
STK;19.03.2012 00:00;;;;;;;;;980.1;;;;1027.5;1.1;3.6;4;13;3.5;12.6;;;;;;;;;;;;;;34;;
STK;20.03.2012 00:00;;;;;;;;;985.4;;;;1033.1;1.7;5.6;6.1;20.2;5.5;19.8;;;;;;;;;;;;;;55;;
STK;21.03.2012 00:00;;;;;;;;;984.8;;;;1032.4;1.3;4.3;4.7;15.5;4.2;15.1;;;;;;;;;;;;;;76;;
STK;22.03.2012 00:00;;;;;;;;;980.1;;;;1027.6;1.2;3.3;4.3;11.9;3.1;11.2;;;;;;;;;;;;;;45;;
STK;23.03.2012 00:00;;;;;;;;;977.7;;;;1025.1;1.2;3.6;4.3;13;3.5;12.6;;;;;;;;;;;;;;90;;
STK;24.03.2012 00:00;;;;;;;;;977.5;;;;1024.9;1.2;5.1;4.3;18.4;5;18;;;;;;;;;;;;;;79;;
STK;25.03.2012 00:00;;;;;;;;;980.7;;;;1028.2;1.7;8.8;6.1;31.7;8;28.8;;;;;;;;;;;;;;67;;
STK;26.03.2012 00:00;;;;;;;;;983.1;;;;1030.7;1.6;6.8;5.8;24.5;6.6;23.8;;;;;;;;;;;;;;66;;
STK;27.03.2012 00:00;;;;;;;;;983.4;;;;1031;1.3;4.5;4.7;16.2;4.4;15.8;;;;;;;;;;;;;;72;;
STK;28.03.2012 00:00;;;;;;;;;979.7;;;;1027.2;1.3;4.7;4.7;16.9;4.6;16.6;;;;;;;;;;;;;;76;;
STK;29.03.2012 00:00;;;;;;;;;974.4;;;;1021.7;2.4;8.4;8.6;30.2;8.3;29.9;;;;;;;;;;;;;;254;;
STK;30.03.2012 00:00;;;;;;;;;971.8;;;;1018.9;2.4;6.4;8.6;23;6.3;22.7;;;;;;;;;;;;;;245;;
STK;31.03.2012 00:00;;;;;;;;;965.9;;;;1012.8;3.9;11.8;14;42.5;11.3;40.7;;;;;;;;;;;;;;261;;
STK;01.04.2012 00:00;;;;;;;;;967.9;;;;1014.8;2.9;10.7;10.4;38.5;10.6;38.2;;;;;;;;;;;;;;54;;
STK;02.04.2012 00:00;;;;;;;;;962.6;;;;1009.3;1.5;4.6;5.4;16.6;4.5;16.2;;;;;;;;;;;;;;63;;
STK;03.04.2012 00:00;;;;;;;;;958.6;;;;1005.2;2.5;14.8;9;53.3;14.5;52.2;;;;;;;;;;;;;;227;;
STK;04.04.2012 00:00;;;;;;;;;961.3;;;;1008.1;1.8;11.5;6.5;41.4;10.7;38.5;;;;;;;;;;;;;;252;;
STK;05.04.2012 00:00;;;;;;;;;963.6;;;;1010.4;2;5.6;7.2;20.2;5.4;19.4;;;;;;;;;;;;;;25;;
STK;06.04.2012 00:00;;;;;;;;;962.8;;;;1009.5;1.4;3.7;5;13.3;3.6;13;;;;;;;;;;;;;;50;;
STK;07.04.2012 00:00;;;;;;;;;958.9;;;;1005.6;2;7.4;7.2;26.6;7.2;25.9;;;;;;;;;;;;;;304;;
STK;08.04.2012 00:00;;;;;;;;;966.4;;;;1013.3;2.7;10.5;9.7;37.8;10.2;36.7;;;;;;;;;;;;;;304;;
STK;09.04.2012 00:00;;;;;;;;;963.6;;;;1010.5;2.2;9;7.9;32.4;8.7;31.3;;;;;;;;;;;;;;233;;
STK;10.04.2012 00:00;;;;;;;;;954.1;;;;1000.5;2.6;11.6;9.4;41.8;11.3;40.7;;;;;;;;;;;;;;247;;
STK;11.04.2012 00:00;;;;;;;;;955.6;;;;1002.1;4;13;14.4;46.8;12.1;43.6;;;;;;;;;;;;;;229;;
STK;12.04.2012 00:00;;;;;;;;;957.7;;;;1004.3;2.3;7.7;8.3;27.7;7.5;27;;;;;;;;;;;;;;239;;
STK;13.04.2012 00:00;;;;;;;;;957.3;;;;1003.9;1.8;5.6;6.5;20.2;5.6;20.2;;;;;;;;;;;;;;61;;
STK;14.04.2012 00:00;;;;;;;;;953.2;;;;999.6;4.2;12.6;15.1;45.4;12.3;44.3;;;;;;;;;;;;;;53;;
STK;15.04.2012 00:00;;;;;;;;;955.8;;;;1002.4;6.4;12.4;23;44.6;12.3;44.3;;;;;;;;;;;;;;44;;
STK;16.04.2012 00:00;;;;;;;;;967.2;;;;1014.2;3;9.7;10.8;34.9;9.5;34.2;;;;;;;;;;;;;;43;;
STK;17.04.2012 00:00;;;;;;;;;964;;;;1010.8;1.9;6.1;6.8;22;6;21.6;;;;;;;;;;;;;;11;;
STK;18.04.2012 00:00;;;;;;;;;952.6;;;;999;2.3;10.7;8.3;38.5;10.3;37.1;;;;;;;;;;;;;;213;;
STK;19.04.2012 00:00;;;;;;;;;948.3;;;;994.5;2.5;9.2;9;33.1;9.1;32.8;;;;;;;;;;;;;;236;;
STK;20.04.2012 00:00;;;;;;;;;953.9;;;;1000.4;3.3;17.1;11.9;61.6;16.8;60.5;;;;;;;;;;;;;;233;;
STK;21.04.2012 00:00;;;;;;;;;958;;;;1004.6;4.9;16.4;17.6;59;15.9;57.2;;;;;;;;;;;;;;237;;
STK;22.04.2012 00:00;;;;;;;;;963.7;;;;1010.5;4.8;17.6;17.3;63.4;17.4;62.6;;;;;;;;;;;;;;238;;
STK;23.04.2012 00:00;;;;;;;;;959.2;;;;1005.8;2.4;12.4;8.6;44.6;12.2;43.9;;;;;;;;;;;;;;234;;
STK;24.04.2012 00:00;;;;;;;;;955;;;;1001.5;5;20.6;18;74.2;19.9;71.6;;;;;;;;;;;;;;230;;
STK;25.04.2012 00:00;;;;;;;;;959;;;;1005.7;1.9;8.9;6.8;32;8.7;31.3;;;;;;;;;;;;;;207;;
STK;26.04.2012 00:00;;;;;;;;;962.3;;;;1009;1.6;5.8;5.8;20.9;5.6;20.2;;;;;;;;;;;;;;90;;
STK;27.04.2012 00:00;;;;;;;;;968.6;;;;1015.6;1.4;7.5;5;27;7.4;26.6;;;;;;;;;;;;;;135;;
STK;28.04.2012 00:00;;;;;;;;;965;;;;1011.9;1.9;11.2;6.8;40.3;10.4;37.4;;;;;;;;;;;;;;160;;
STK;29.04.2012 00:00;;;;;;;;;961.5;;;;1008.2;2.4;9;8.6;32.4;8.7;31.3;;;;;;;;;;;;;;214;;
STK;30.04.2012 00:00;;;;;;;;;966;;;;1012.9;2.3;19.2;8.3;69.1;18.4;66.2;;;;;;;;;;;;;;153;;
STK;01.05.2012 00:00;;;;;;;;;969.4;;;;1016.4;2.3;12.5;8.3;45;11.9;42.8;;;;;;;;;;;;;;238;;
STK;02.05.2012 00:00;;;;;;;;;967.8;;;;1014.7;4.5;12.5;16.2;45;12.1;43.6;;;;;;;;;;;;;;239;;
STK;03.05.2012 00:00;;;;;;;;;966.3;;;;1013.2;1.9;7.6;6.8;27.4;7.4;26.6;;;;;;;;;;;;;;234;;
STK;04.05.2012 00:00;;;;;;;;;960.4;;;;1007.1;2;13.2;7.2;47.5;13;46.8;;;;;;;;;;;;;;117;;
STK;05.05.2012 00:00;;;;;;;;;960.6;;;;1007.3;2.9;15.8;10.4;56.9;15.4;55.4;;;;;;;;;;;;;;225;;
STK;06.05.2012 00:00;;;;;;;;;964.5;;;;1011.4;2.4;11.3;8.6;40.7;10.9;39.2;;;;;;;;;;;;;;235;;
STK;07.05.2012 00:00;;;;;;;;;970.4;;;;1017.5;2;7.6;7.2;27.4;7.3;26.3;;;;;;;;;;;;;;228;;
STK;08.05.2012 00:00;;;;;;;;;969.7;;;;1016.8;2.2;10.3;7.9;37.1;10.1;36.4;;;;;;;;;;;;;;225;;
STK;09.05.2012 00:00;;;;;;;;;972.4;;;;1019.6;2.1;9;7.6;32.4;8.7;31.3;;;;;;;;;;;;;;230;;
STK;10.05.2012 00:00;;;;;;;;;976;;;;1023.3;1.4;7.3;5;26.3;7.2;25.9;;;;;;;;;;;;;;240;;
STK;11.05.2012 00:00;;;;;;;;;976.4;;;;1023.8;1.6;6.3;5.8;22.7;6.2;22.3;;;;;;;;;;;;;;236;;
STK;12.05.2012 00:00;;;;;;;;;981.9;;;;1029.5;1.9;10.1;6.8;36.4;9.8;35.3;;;;;;;;;;;;;;41;;
STK;13.05.2012 00:00;;;;;;;;;979.2;;;;1026.7;4.7;12.5;16.9;45;11.6;41.8;;;;;;;;;;;;;;46;;
STK;14.05.2012 00:00;;;;;;;;;971.7;;;;1018.8;1.6;6.5;5.8;23.4;6.2;22.3;;;;;;;;;;;;;;76;;
STK;15.05.2012 00:00;;;;;;;;;966;;;;1012.9;6.5;22.4;23.4;80.6;21.9;78.8;;;;;;;;;;;;;;248;;
STK;16.05.2012 00:00;;;;;;;;;974.7;;;;1021.9;5.6;14.8;20.2;53.3;14.5;52.2;;;;;;;;;;;;;;255;;
STK;17.05.2012 00:00;;;;;;;;;972.9;;;;1020.1;3.5;9.7;12.6;34.9;9.4;33.8;;;;;;;;;;;;;;67;;
STK;18.05.2012 00:00;;;;;;;;;965.7;;;;1012.7;1.6;8.1;5.8;29.2;8.1;29.2;;;;;;;;;;;;;;270;;
STK;19.05.2012 00:00;;;;;;;;;964.5;;;;1011.3;1.3;7;4.7;25.2;6.9;24.8;;;;;;;;;;;;;;56;;
STK;20.05.2012 00:00;;;;;;;;;958.5;;;;1005.1;1.6;9.1;5.8;32.8;8.6;31;;;;;;;;;;;;;;180;;
STK;21.05.2012 00:00;;;;;;;;;953.3;;;;999.8;3;11.7;10.8;42.1;11.4;41;;;;;;;;;;;;;;232;;
STK;22.05.2012 00:00;;;;;;;;;961.5;;;;1008.3;2.9;9.1;10.4;32.8;8.5;30.6;;;;;;;;;;;;;;235;;
STK;23.05.2012 00:00;;;;;;;;;972.9;;;;1020.1;3.6;6.3;13;22.7;6.2;22.3;;;;;;;;;;;;;;231;;
STK;24.05.2012 00:00;;;;;;;;;975.7;;;;1023;1.5;11.8;5.4;42.5;11.3;40.7;;;;;;;;;;;;;;59;;
STK;25.05.2012 00:00;;;;;;;;;972.9;;;;1020;5.2;13.3;18.7;47.9;13.2;47.5;;;;;;;;;;;;;;57;;
STK;26.05.2012 00:00;;;;;;;;;971.4;;;;1018.5;3.9;10.9;14;39.2;10.8;38.9;;;;;;;;;;;;;;57;;
STK;27.05.2012 00:00;;;;;;;;;970.8;;;;1017.9;1.8;7.8;6.5;28.1;7.7;27.7;;;;;;;;;;;;;;42;;
STK;28.05.2012 00:00;;;;;;;;;969.3;;;;1016.3;1.5;5.8;5.4;20.9;5.6;20.2;;;;;;;;;;;;;;229;;
STK;29.05.2012 00:00;;;;;;;;;968.8;;;;1015.8;1.9;8;6.8;28.8;7.6;27.4;;;;;;;;;;;;;;232;;
STK;30.05.2012 00:00;;;;;;;;;971.5;;;;1018.7;2;9.5;7.2;34.2;9.2;33.1;;;;;;;;;;;;;;249;;
STK;31.05.2012 00:00;;;;;;;;;972.2;;;;1019.4;4.3;14.1;15.5;50.8;13.6;49;;;;;;;;;;;;;;236;;
STK;01.06.2012 00:00;;;;;;;;;971.5;;;;1018.6;3.5;13.2;12.6;47.5;13;46.8;;;;;;;;;;;;;;246;;
STK;02.06.2012 00:00;;;;;;;;;968;;;;1015;1.9;5;6.8;18;4.9;17.6;;;;;;;;;;;;;;69;;
STK;03.06.2012 00:00;;;;;;;;;964.8;;;;1011.7;4.4;16.5;15.8;59.4;16.2;58.3;;;;;;;;;;;;;;228;;
STK;04.06.2012 00:00;;;;;;;;;966.8;;;;1013.7;4.6;13.5;16.6;48.6;12.9;46.4;;;;;;;;;;;;;;232;;
STK;05.06.2012 00:00;;;;;;;;;970.4;;;;1017.5;2.6;11.7;9.4;42.1;11.4;41;;;;;;;;;;;;;;351;;
STK;06.06.2012 00:00;;;;;;;;;965.2;;;;1012.1;2.2;12.1;7.9;43.6;11.9;42.8;;;;;;;;;;;;;;229;;
STK;07.06.2012 00:00;;;;;;;;;962;;;;1008.7;2.4;17.5;8.6;63;17;61.2;;;;;;;;;;;;;;117;;
STK;08.06.2012 00:00;;;;;;;;;966.3;;;;1013.2;2.4;13.9;8.6;50;13.1;47.2;;;;;;;;;;;;;;229;;
STK;09.06.2012 00:00;;;;;;;;;969.3;;;;1016.3;2.1;7.2;7.6;25.9;6.9;24.8;;;;;;;;;;;;;;234;;
STK;10.06.2012 00:00;;;;;;;;;965.2;;;;1012.1;1.9;5.1;6.8;18.4;5;18;;;;;;;;;;;;;;63;;
STK;11.06.2012 00:00;;;;;;;;;959.3;;;;1006;3.5;15.8;12.6;56.9;15.2;54.7;;;;;;;;;;;;;;235;;
STK;12.06.2012 00:00;;;;;;;;;959.8;;;;1006.5;4.4;12;15.8;43.2;11.7;42.1;;;;;;;;;;;;;;230;;
STK;13.06.2012 00:00;;;;;;;;;968.7;;;;1015.7;5.5;15.1;19.8;54.4;14.9;53.6;;;;;;;;;;;;;;234;;
STK;14.06.2012 00:00;;;;;;;;;971.7;;;;1018.9;1.7;4.5;6.1;16.2;4.2;15.1;;;;;;;;;;;;;;74;;
STK;15.06.2012 00:00;;;;;;;;;971.1;;;;1018.2;1.6;6;5.8;21.6;5.9;21.2;;;;;;;;;;;;;;153;;
STK;16.06.2012 00:00;;;;;;;;;971.4;;;;1018.5;2.1;9.3;7.6;33.5;9.1;32.8;;;;;;;;;;;;;;240;;
STK;17.06.2012 00:00;;;;;;;;;974.5;;;;1021.8;1.9;7.2;6.8;25.9;6.8;24.5;;;;;;;;;;;;;;51;;
STK;18.06.2012 00:00;;;;;;;;;970.9;;;;1018;2.1;6.5;7.6;23.4;6.4;23;;;;;;;;;;;;;;253;;
STK;19.06.2012 00:00;;;;;;;;;970.3;;;;1017.3;1.4;4.6;5;16.6;4.4;15.8;;;;;;;;;;;;;;270;;
STK;20.06.2012 00:00;;;;;;;;;968.5;;;;1015.5;1.8;7.3;6.5;26.3;6.9;24.8;;;;;;;;;;;;;;228;;
STK;21.06.2012 00:00;;;;;;;;;966.3;;;;1013.2;2.1;26.2;7.6;94.3;25.2;90.7;;;;;;;;;;;;;;239;;
STK;22.06.2012 00:00;;;;;;;;;974.4;;;;1021.6;4.1;9.3;14.8;33.5;9.1;32.8;;;;;;;;;;;;;;238;;
STK;23.06.2012 00:00;;;;;;;;;977;;;;1024.4;1.5;5.1;5.4;18.4;5;18;;;;;;;;;;;;;;214;;
STK;24.06.2012 00:00;;;;;;;;;972.4;;;;1019.6;3.9;11.4;14;41;11.3;40.7;;;;;;;;;;;;;;241;;
STK;25.06.2012 00:00;;;;;;;;;971.8;;;;1018.9;4.7;12.8;16.9;46.1;12.4;44.6;;;;;;;;;;;;;;236;;
STK;26.06.2012 00:00;;;;;;;;;975.5;;;;1022.8;2.5;8.5;9;30.6;8.3;29.9;;;;;;;;;;;;;;227;;
STK;27.06.2012 00:00;;;;;;;;;973.6;;;;1020.8;1.9;5.4;6.8;19.4;5.3;19.1;;;;;;;;;;;;;;237;;
STK;28.06.2012 00:00;;;;;;;;;967;;;;1013.9;1.4;4.5;5;16.2;4.4;15.8;;;;;;;;;;;;;;72;;
STK;29.06.2012 00:00;;;;;;;;;965.5;;;;1012.4;2.2;6;7.9;21.6;5.9;21.2;;;;;;;;;;;;;;45;;
STK;30.06.2012 00:00;;;;;;;;;966.4;;;;1013.3;1.9;34.3;6.8;123.5;32.7;117.7;;;;;;;;;;;;;;304;;
STK;01.07.2012 00:00;;;;;;;;;972;;;;1019.2;1.9;10.5;6.8;37.8;10.2;36.7;;;;;;;;;;;;;;8;;
STK;02.07.2012 00:00;;;;;;;;;971.3;;;;1018.5;1.9;8.7;6.8;31.3;8.3;29.9;;;;;;;;;;;;;;39;;
STK;03.07.2012 00:00;;;;;;;;;971.4;;;;1018.5;1;4.6;3.6;16.6;4.4;15.8;;;;;;;;;;;;;;360;;
STK;04.07.2012 00:00;;;;;;;;;967.9;;;;1014.9;1.2;10.2;4.3;36.7;9.3;33.5;;;;;;;;;;;;;;0;;
STK;05.07.2012 00:00;;;;;;;;;965.2;;;;1012.1;1.6;9.4;5.8;33.8;9.1;32.8;;;;;;;;;;;;;;225;;
STK;06.07.2012 00:00;;;;;;;;;967.4;;;;1014.4;2.4;8.7;8.6;31.3;8.5;30.6;;;;;;;;;;;;;;241;;
STK;07.07.2012 00:00;;;;;;;;;967.8;;;;1014.8;1.5;5.5;5.4;19.8;5.4;19.4;;;;;;;;;;;;;;63;;
STK;08.07.2012 00:00;;;;;;;;;966.1;;;;1013;3.9;13.2;14;47.5;12.9;46.4;;;;;;;;;;;;;;241;;
STK;09.07.2012 00:00;;;;;;;;;968.9;;;;1016;2.2;6.9;7.9;24.8;6.5;23.4;;;;;;;;;;;;;;227;;
STK;10.07.2012 00:00;;;;;;;;;968.8;;;;1015.8;1.7;16.6;6.1;59.8;15.8;56.9;;;;;;;;;;;;;;221;;
STK;11.07.2012 00:00;;;;;;;;;970.3;;;;1017.4;4.3;11.3;15.5;40.7;11;39.6;;;;;;;;;;;;;;238;;
STK;12.07.2012 00:00;;;;;;;;;971.9;;;;1019.1;4.5;14.3;16.2;51.5;14.1;50.8;;;;;;;;;;;;;;234;;
STK;13.07.2012 00:00;;;;;;;;;965;;;;1011.9;2.8;10.6;10.1;38.2;10.4;37.4;;;;;;;;;;;;;;228;;
STK;14.07.2012 00:00;;;;;;;;;964.3;;;;1011.2;6.7;19.3;24.1;69.5;18.2;65.5;;;;;;;;;;;;;;245;;
STK;15.07.2012 00:00;;;;;;;;;971.5;;;;1018.6;5.7;16.5;20.5;59.4;16.4;59;;;;;;;;;;;;;;235;;
STK;16.07.2012 00:00;;;;;;;;;979.8;;;;1027.2;4.4;11.8;15.8;42.5;11.2;40.3;;;;;;;;;;;;;;239;;
STK;17.07.2012 00:00;;;;;;;;;979;;;;1026.4;6.1;16.4;22;59;15.6;56.2;;;;;;;;;;;;;;248;;
STK;18.07.2012 00:00;;;;;;;;;973;;;;1020.2;2.3;9.5;8.3;34.2;9.3;33.5;;;;;;;;;;;;;;240;;
STK;19.07.2012 00:00;;;;;;;;;967.7;;;;1014.7;4.7;14.7;16.9;52.9;14.2;51.1;;;;;;;;;;;;;;244;;
STK;20.07.2012 00:00;;;;;;;;;970.2;;;;1017.3;1.8;6.5;6.5;23.4;6.3;22.7;;;;;;;;;;;;;;21;;
STK;21.07.2012 00:00;;;;;;;;;974;;;;1021.3;1.6;9;5.8;32.4;8.8;31.7;;;;;;;;;;;;;;225;;
STK;22.07.2012 00:00;;;;;;;;;978.5;;;;1025.9;3.3;10.5;11.9;37.8;10.2;36.7;;;;;;;;;;;;;;54;;
STK;23.07.2012 00:00;;;;;;;;;975.8;;;;1023.1;5.6;13.5;20.2;48.6;13.4;48.2;;;;;;;;;;;;;;58;;
STK;24.07.2012 00:00;;;;;;;;;970.6;;;;1017.7;1.4;3.9;5;14;3.8;13.7;;;;;;;;;;;;;;90;;
STK;25.07.2012 00:00;;;;;;;;;969.7;;;;1016.8;1.8;6.6;6.5;23.8;6.3;22.7;;;;;;;;;;;;;;221;;
STK;26.07.2012 00:00;;;;;;;;;970.9;;;;1018;1.4;3.5;5;12.6;3.5;12.6;;;;;;;;;;;;;;79;;
STK;27.07.2012 00:00;;;;;;;;;967.6;;;;1014.6;2.1;13.2;7.6;47.5;12.6;45.4;;;;;;;;;;;;;;112;;
STK;28.07.2012 00:00;;;;;;;;;965.9;;;;1012.8;2.5;12.4;9;44.6;12;43.2;;;;;;;;;;;;;;233;;
STK;29.07.2012 00:00;;;;;;;;;969.3;;;;1016.4;2.9;11.2;10.4;40.3;11;39.6;;;;;;;;;;;;;;230;;
STK;30.07.2012 00:00;;;;;;;;;972.8;;;;1020;2.7;8.8;9.7;31.7;8.4;30.2;;;;;;;;;;;;;;235;;
STK;31.07.2012 00:00;;;;;;;;;972.6;;;;1019.8;1.9;8.1;6.8;29.2;7.9;28.4;;;;;;;;;;;;;;234;;
STK;01.08.2012 00:00;;;;;;;;;968.5;;;;1015.6;1.7;14;6.1;50.4;13.5;48.6;;;;;;;;;;;;;;90;;
STK;02.08.2012 00:00;;;;;;;;;969.4;;;;1016.4;3.1;13.8;11.2;49.7;13.4;48.2;;;;;;;;;;;;;;234;;
STK;03.08.2012 00:00;;;;;;;;;971;;;;1018.1;1.7;5.1;6.1;18.4;4.9;17.6;;;;;;;;;;;;;;214;;
STK;04.08.2012 00:00;;;;;;;;;968.3;;;;1015.3;1.7;8.9;6.1;32;8.6;31;;;;;;;;;;;;;;72;;
STK;05.08.2012 00:00;;;;;;;;;965.6;;;;1012.5;2.5;13.5;9;48.6;13.3;47.9;;;;;;;;;;;;;;241;;
STK;06.08.2012 00:00;;;;;;;;;970.4;;;;1017.5;3.1;13.5;11.2;48.6;13.3;47.9;;;;;;;;;;;;;;234;;
STK;07.08.2012 00:00;;;;;;;;;976.7;;;;1024.1;3;9.9;10.8;35.6;9.7;34.9;;;;;;;;;;;;;;238;;
STK;08.08.2012 00:00;;;;;;;;;977.1;;;;1024.5;1.6;5;5.8;18;4.9;17.6;;;;;;;;;;;;;;68;;
STK;09.08.2012 00:00;;;;;;;;;976.9;;;;1024.2;1.2;3.8;4.3;13.7;3.8;13.7;;;;;;;;;;;;;;90;;
STK;10.08.2012 00:00;;;;;;;;;975.9;;;;1023.2;1.7;6;6.1;21.6;5.9;21.2;;;;;;;;;;;;;;48;;
STK;11.08.2012 00:00;;;;;;;;;973;;;;1020.2;3.1;9.2;11.2;33.1;8.7;31.3;;;;;;;;;;;;;;53;;
STK;12.08.2012 00:00;;;;;;;;;968.3;;;;1015.3;1.5;4.1;5.4;14.8;4;14.4;;;;;;;;;;;;;;63;;
STK;13.08.2012 00:00;;;;;;;;;967.7;;;;1014.7;1.4;3.4;5;12.2;3.3;11.9;;;;;;;;;;;;;;63;;
STK;14.08.2012 00:00;;;;;;;;;967.8;;;;1014.8;1.3;3.7;4.7;13.3;3.6;13;;;;;;;;;;;;;;90;;
STK;15.08.2012 00:00;;;;;;;;;966.5;;;;1013.4;1.9;14;6.8;50.4;13.4;48.2;;;;;;;;;;;;;;90;;
STK;16.08.2012 00:00;;;;;;;;;973.2;;;;1020.4;1.8;9.4;6.5;33.8;9;32.4;;;;;;;;;;;;;;214;;
STK;17.08.2012 00:00;;;;;;;;;974.2;;;;1021.5;1.4;4.1;5;14.8;3.9;14;;;;;;;;;;;;;;90;;
STK;18.08.2012 00:00;;;;;;;;;974.4;;;;1021.6;1.3;4.9;4.7;17.6;4.8;17.3;;;;;;;;;;;;;;108;;
STK;19.08.2012 00:00;;;;;;;;;974.4;;;;1021.7;1.5;3.3;5.4;11.9;3.3;11.9;;;;;;;;;;;;;;104;;
STK;20.08.2012 00:00;;;;;;;;;974.8;;;;1022;2.1;18.2;7.6;65.5;15.8;56.9;;;;;;;;;;;;;;243;;
STK;21.08.2012 00:00;;;;;;;;;972.2;;;;1019.3;1.4;7.8;5;28.1;7.7;27.7;;;;;;;;;;;;;;90;;
STK;22.08.2012 00:00;;;;;;;;;971.1;;;;1018.2;3.4;10.9;12.2;39.2;10.7;38.5;;;;;;;;;;;;;;232;;
STK;23.08.2012 00:00;;;;;;;;;968.8;;;;1015.8;2;24.4;7.2;87.8;23.4;84.2;;;;;;;;;;;;;;45;;
STK;24.08.2012 00:00;;;;;;;;;965.7;;;;1012.6;2.6;14.4;9.4;51.8;14.2;51.1;;;;;;;;;;;;;;233;;
STK;25.08.2012 00:00;;;;;;;;;966.5;;;;1013.4;3.8;20.6;13.7;74.2;19.7;70.9;;;;;;;;;;;;;;238;;
STK;26.08.2012 00:00;;;;;;;;;972.5;;;;1019.7;6.6;16.1;23.8;58;15.7;56.5;;;;;;;;;;;;;;244;;
STK;27.08.2012 00:00;;;;;;;;;974.7;;;;1022;2.2;7.2;7.9;25.9;7;25.2;;;;;;;;;;;;;;85;;
STK;28.08.2012 00:00;;;;;;;;;973.2;;;;1020.4;2.2;9;7.9;32.4;8.9;32;;;;;;;;;;;;;;223;;
STK;29.08.2012 00:00;;;;;;;;;973.2;;;;1020.4;2;10.6;7.2;38.2;10.4;37.4;;;;;;;;;;;;;;135;;
STK;30.08.2012 00:00;;;;;;;;;972.6;;;;1019.8;3.1;11.9;11.2;42.8;11.6;41.8;;;;;;;;;;;;;;228;;
STK;31.08.2012 00:00;;;;;;;;;973.3;;;;1020.5;3.2;9.4;11.5;33.8;9.2;33.1;;;;;;;;;;;;;;220;;
STK;01.09.2012 00:00;;;;;;;;;974.5;;;;1021.8;4.6;12.7;16.6;45.7;12.2;43.9;;;;;;;;;;;;;;46;;
STK;02.09.2012 00:00;;;;;;;;;976.1;;;;1023.5;3.3;8;11.9;28.8;7.9;28.4;;;;;;;;;;;;;;49;;
STK;03.09.2012 00:00;;;;;;;;;974.6;;;;1021.9;3.5;10.2;12.6;36.7;10;36;;;;;;;;;;;;;;51;;
STK;04.09.2012 00:00;;;;;;;;;972.2;;;;1019.3;3.8;9.6;13.7;34.6;9.5;34.2;;;;;;;;;;;;;;55;;
STK;05.09.2012 00:00;;;;;;;;;972.5;;;;1019.7;1.3;6;4.7;21.6;5.8;20.9;;;;;;;;;;;;;;67;;
STK;06.09.2012 00:00;;;;;;;;;977.8;;;;1025.1;2.3;6.3;8.3;22.7;6.2;22.3;;;;;;;;;;;;;;45;;
STK;07.09.2012 00:00;;;;;;;;;978.3;;;;1025.7;1.4;3.4;5;12.2;3.3;11.9;;;;;;;;;;;;;;106;;
STK;08.09.2012 00:00;;;;;;;;;975.2;;;;1022.4;1.2;2.9;4.3;10.4;2.8;10.1;;;;;;;;;;;;;;135;;
STK;09.09.2012 00:00;;;;;;;;;971.5;;;;1018.6;1.4;3.4;5;12.2;3.4;12.2;;;;;;;;;;;;;;112;;
STK;10.09.2012 00:00;;;;;;;;;971.5;;;;1018.6;1;3.5;3.6;12.6;3.4;12.2;;;;;;;;;;;;;;135;;
STK;11.09.2012 00:00;;;;;;;;;969.9;;;;1017;2.7;13.7;9.7;49.3;13.2;47.5;;;;;;;;;;;;;;230;;
STK;12.09.2012 00:00;;;;;;;;;969.2;;;;1016.2;4.1;10.8;14.8;38.9;10.6;38.2;;;;;;;;;;;;;;234;;
STK;13.09.2012 00:00;;;;;;;;;970.6;;;;1017.7;2.3;7.6;8.3;27.4;7.5;27;;;;;;;;;;;;;;235;;
STK;14.09.2012 00:00;;;;;;;;;971.1;;;;1018.2;2.2;6.2;7.9;22.3;6.1;22;;;;;;;;;;;;;;231;;
STK;15.09.2012 00:00;;;;;;;;;971.7;;;;1018.8;2.2;6.7;7.9;24.1;6.5;23.4;;;;;;;;;;;;;;233;;
STK;16.09.2012 00:00;;;;;;;;;970.1;;;;1017.1;1.5;4.8;5.4;17.3;4.6;16.6;;;;;;;;;;;;;;127;;
STK;17.09.2012 00:00;;;;;;;;;969.3;;;;1016.3;1.5;4.5;5.4;16.2;4.4;15.8;;;;;;;;;;;;;;210;;
STK;18.09.2012 00:00;;;;;;;;;967.6;;;;1014.6;2.4;9;8.6;32.4;8.8;31.7;;;;;;;;;;;;;;222;;
STK;19.09.2012 00:00;;;;;;;;;972.9;;;;1020;2.3;7.1;8.3;25.6;6.9;24.8;;;;;;;;;;;;;;225;;
STK;20.09.2012 00:00;;;;;;;;;976.2;;;;1023.5;1.9;6.3;6.8;22.7;6.2;22.3;;;;;;;;;;;;;;103;;
STK;21.09.2012 00:00;;;;;;;;;970.8;;;;1017.9;1.7;7;6.1;25.2;6.8;24.5;;;;;;;;;;;;;;189;;
STK;22.09.2012 00:00;;;;;;;;;969.6;;;;1016.7;3.3;10.5;11.9;37.8;10.5;37.8;;;;;;;;;;;;;;238;;
STK;23.09.2012 00:00;;;;;;;;;966.5;;;;1013.5;1.3;3.5;4.7;12.6;3.5;12.6;;;;;;;;;;;;;;79;;
STK;24.09.2012 00:00;;;;;;;;;958.7;;;;1005.3;3.4;16.9;12.2;60.8;16.3;58.7;;;;;;;;;;;;;;231;;
STK;25.09.2012 00:00;;;;;;;;;958.2;;;;1004.8;2.1;10.1;7.6;36.4;9.7;34.9;;;;;;;;;;;;;;207;;
STK;26.09.2012 00:00;;;;;;;;;957.3;;;;1003.8;3.1;12.8;11.2;46.1;12.7;45.7;;;;;;;;;;;;;;228;;
STK;27.09.2012 00:00;;;;;;;;;966.8;;;;1013.8;5.5;16.7;19.8;60.1;16.2;58.3;;;;;;;;;;;;;;230;;
STK;28.09.2012 00:00;;;;;;;;;972.4;;;;1019.6;1.8;7.3;6.5;26.3;7.1;25.6;;;;;;;;;;;;;;169;;
STK;29.09.2012 00:00;;;;;;;;;971.7;;;;1018.8;1.4;4.9;5;17.6;4.8;17.3;;;;;;;;;;;;;;229;;
STK;30.09.2012 00:00;;;;;;;;;973.5;;;;1020.7;2.2;7.2;7.9;25.9;7.2;25.9;;;;;;;;;;;;;;24;;
STK;01.10.2012 00:00;;;;;;;;;972.3;;;;1019.5;1.4;4.6;5;16.6;4.5;16.2;;;;;;;;;;;;;;218;;
STK;02.10.2012 00:00;;;;;;;;;973.2;;;;1020.4;1.8;5.9;6.5;21.2;5.8;20.9;;;;;;;;;;;;;;225;;
STK;03.10.2012 00:00;;;;;;;;;971.6;;;;1018.7;1.6;7.1;5.8;25.6;7;25.2;;;;;;;;;;;;;;235;;
STK;04.10.2012 00:00;;;;;;;;;969.6;;;;1016.6;3.9;14.2;14;51.1;13.8;49.7;;;;;;;;;;;;;;234;;
STK;05.10.2012 00:00;;;;;;;;;971.7;;;;1018.9;2.4;10.9;8.6;39.2;10.6;38.2;;;;;;;;;;;;;;225;;
STK;06.10.2012 00:00;;;;;;;;;970.7;;;;1017.8;2.1;11.7;7.6;42.1;11.4;41;;;;;;;;;;;;;;230;;
STK;07.10.2012 00:00;;;;;;;;;971.8;;;;1019;3.9;12;14;43.2;11.6;41.8;;;;;;;;;;;;;;242;;
STK;08.10.2012 00:00;;;;;;;;;972.4;;;;1019.6;1;3.8;3.6;13.7;3.7;13.3;;;;;;;;;;;;;;0;;
STK;09.10.2012 00:00;;;;;;;;;966.3;;;;1013.2;3.7;11.9;13.3;42.8;11.8;42.5;;;;;;;;;;;;;;236;;
STK;10.10.2012 00:00;;;;;;;;;967;;;;1013.9;1.4;6.7;5;24.1;6.6;23.8;;;;;;;;;;;;;;59;;
STK;11.10.2012 00:00;;;;;;;;;964.7;;;;1011.5;1.5;4.5;5.4;16.2;4.4;15.8;;;;;;;;;;;;;;27;;
STK;12.10.2012 00:00;;;;;;;;;965.8;;;;1012.7;3.5;16.8;12.6;60.5;16.4;59;;;;;;;;;;;;;;232;;
STK;13.10.2012 00:00;;;;;;;;;966.7;;;;1013.7;1.4;5;5;18;4.8;17.3;;;;;;;;;;;;;;207;;
STK;14.10.2012 00:00;;;;;;;;;957.4;;;;1004;1.8;6.2;6.5;22.3;6;21.6;;;;;;;;;;;;;;166;;
STK;15.10.2012 00:00;;;;;;;;;962.9;;;;1009.7;4.4;12.3;15.8;44.3;12;43.2;;;;;;;;;;;;;;228;;
STK;16.10.2012 00:00;;;;;;;;;967.3;;;;1014.3;1.5;5.7;5.4;20.5;5.6;20.2;;;;;;;;;;;;;;217;;
STK;17.10.2012 00:00;;;;;;;;;967.5;;;;1014.5;1.4;6.2;5;22.3;6.1;22;;;;;;;;;;;;;;180;;
STK;18.10.2012 00:00;;;;;;;;;967.7;;;;1014.7;1.3;6.1;4.7;22;6;21.6;;;;;;;;;;;;;;210;;
STK;19.10.2012 00:00;;;;;;;;;969.1;;;;1016.1;1.4;4.2;5;15.1;4.2;15.1;;;;;;;;;;;;;;221;;
STK;20.10.2012 00:00;;;;;;;;;972.1;;;;1019.3;0.8;2.7;2.9;9.7;2.6;9.4;;;;;;;;;;;;;;135;;
STK;21.10.2012 00:00;;;;;;;;;971.4;;;;1018.5;1.2;4.4;4.3;15.8;4.2;15.1;;;;;;;;;;;;;;68;;
STK;22.10.2012 00:00;;;;;;;;;974;;;;1021.2;1.7;5.7;6.1;20.5;5.6;20.2;;;;;;;;;;;;;;61;;
STK;23.10.2012 00:00;;;;;;;;;975.6;;;;1022.9;3;9.1;10.8;32.8;8.9;32;;;;;;;;;;;;;;44;;
STK;24.10.2012 00:00;;;;;;;;;972.8;;;;1019.9;1.8;5.2;6.5;18.7;5;18;;;;;;;;;;;;;;24;;
STK;25.10.2012 00:00;;;;;;;;;968.4;;;;1015.4;1.1;4.5;4;16.2;4.3;15.5;;;;;;;;;;;;;;225;;
STK;26.10.2012 00:00;;;;;;;;;957.9;;;;1004.5;2.5;9.3;9;33.5;9.1;32.8;;;;;;;;;;;;;;39;;
STK;27.10.2012 00:00;;;;;;;;;952;;;;998.4;3.6;16.7;13;60.1;16.4;59;;;;;;;;;;;;;;17;;
STK;28.10.2012 00:00;;;;;;;;;963.6;;;;1010.4;8.5;16.4;30.6;59;16.1;58;;;;;;;;;;;;;;45;;
STK;29.10.2012 00:00;;;;;;;;;969;;;;1016;2.3;8.3;8.3;29.9;7.8;28.1;;;;;;;;;;;;;;248;;
STK;30.10.2012 00:00;;;;;;;;;962.8;;;;1009.6;1.8;6.2;6.5;22.3;6;21.6;;;;;;;;;;;;;;207;;
STK;31.10.2012 00:00;;;;;;;;;955.2;;;;1001.7;1.6;5.3;5.8;19.1;5.2;18.7;;;;;;;;;;;;;;214;;
STK;01.11.2012 00:00;;;;;;;;;948.1;;;;994.3;4.1;21.3;14.8;76.7;20.5;73.8;;;;;;;;;;;;;;228;;
STK;02.11.2012 00:00;;;;;;;;;958.1;;;;1004.7;3.1;12.4;11.2;44.6;11.9;42.8;;;;;;;;;;;;;;222;;
STK;03.11.2012 00:00;;;;;;;;;959.2;;;;1005.9;4.1;19.6;14.8;70.6;18.7;67.3;;;;;;;;;;;;;;221;;
STK;04.11.2012 00:00;;;;;;;;;957.4;;;;1003.9;2.2;12;7.9;43.2;11.3;40.7;;;;;;;;;;;;;;232;;
STK;05.11.2012 00:00;;;;;;;;;960.6;;;;1007.3;5.2;17;18.7;61.2;16.7;60.1;;;;;;;;;;;;;;234;;
STK;06.11.2012 00:00;;;;;;;;;972.2;;;;1019.4;3.1;12.4;11.2;44.6;12.1;43.6;;;;;;;;;;;;;;235;;
STK;07.11.2012 00:00;;;;;;;;;981.5;;;;1029;4.2;12.8;15.1;46.1;12.1;43.6;;;;;;;;;;;;;;225;;
STK;08.11.2012 00:00;;;;;;;;;976.2;;;;1023.5;1.5;4.6;5.4;16.6;4.5;16.2;;;;;;;;;;;;;;214;;
STK;09.11.2012 00:00;;;;;;;;;970.1;;;;1017.2;1;5.7;3.6;20.5;5.6;20.2;;;;;;;;;;;;;;180;;
STK;10.11.2012 00:00;;;;;;;;;961.2;;;;1008;1.2;5.3;4.3;19.1;5.3;19.1;;;;;;;;;;;;;;252;;
STK;11.11.2012 00:00;;;;;;;;;965.6;;;;1012.5;1.3;4.8;4.7;17.3;4.7;16.9;;;;;;;;;;;;;;225;;
STK;12.11.2012 00:00;;;;;;;;;977.9;;;;1025.3;1.6;4;5.8;14.4;3.9;14;;;;;;;;;;;;;;20;;
STK;13.11.2012 00:00;;;;;;;;;982.6;;;;1030.1;3;7.7;10.8;27.7;7.6;27.4;;;;;;;;;;;;;;46;;
STK;14.11.2012 00:00;;;;;;;;;979.3;;;;1026.8;1.5;5.5;5.4;19.8;5.3;19.1;;;;;;;;;;;;;;61;;
STK;15.11.2012 00:00;;;;;;;;;975.4;;;;1022.6;1.2;3.9;4.3;14;3.8;13.7;;;;;;;;;;;;;;207;;
STK;16.11.2012 00:00;;;;;;;;;972.2;;;;1019.4;1.5;5.3;5.4;19.1;5.1;18.4;;;;;;;;;;;;;;221;;
STK;17.11.2012 00:00;;;;;;;;;968.3;;;;1015.3;1.8;6.7;6.5;24.1;6.6;23.8;;;;;;;;;;;;;;243;;
STK;18.11.2012 00:00;;;;;;;;;967.6;;;;1014.6;1.2;4.8;4.3;17.3;4.7;16.9;;;;;;;;;;;;;;166;;
STK;19.11.2012 00:00;;;;;;;;;970.3;;;;1017.4;1.3;4.5;4.7;16.2;4.4;15.8;;;;;;;;;;;;;;360;;
STK;20.11.2012 00:00;;;;;;;;;972.5;;;;1019.7;1.4;4.8;5;17.3;4.7;16.9;;;;;;;;;;;;;;247;;
STK;21.11.2012 00:00;;;;;;;;;972.9;;;;1020.1;1.3;5.3;4.7;19.1;5.2;18.7;;;;;;;;;;;;;;216;;
STK;22.11.2012 00:00;;;;;;;;;976.4;;;;1023.8;0.8;2.3;2.9;8.3;2.2;7.9;;;;;;;;;;;;;;56;;
STK;23.11.2012 00:00;;;;;;;;;974.6;;;;1021.8;1;3.5;3.6;12.6;3.3;11.9;;;;;;;;;;;;;;220;;
STK;24.11.2012 00:00;;;;;;;;;972.3;;;;1019.4;1.4;5.5;5;19.8;5.3;19.1;;;;;;;;;;;;;;0;;
STK;25.11.2012 00:00;;;;;;;;;970.7;;;;1017.8;1.6;12.6;5.8;45.4;12.3;44.3;;;;;;;;;;;;;;229;;
STK;26.11.2012 00:00;;;;;;;;;963.8;;;;1010.7;1.7;7.8;6.1;28.1;7.4;26.6;;;;;;;;;;;;;;231;;
STK;27.11.2012 00:00;;;;;;;;;959.3;;;;1006;2.6;8.7;9.4;31.3;8.7;31.3;;;;;;;;;;;;;;233;;
STK;28.11.2012 00:00;;;;;;;;;952.4;;;;998.8;3;8.7;10.8;31.3;8.6;31;;;;;;;;;;;;;;22;;
STK;29.11.2012 00:00;;;;;;;;;953.9;;;;1000.4;2.7;7;9.7;25.2;6.9;24.8;;;;;;;;;;;;;;225;;
STK;30.11.2012 00:00;;;;;;;;;961;;;;1007.7;2.9;8.3;10.4;29.9;8.2;29.5;;;;;;;;;;;;;;41;;
STK;01.12.2012 00:00;;;;;;;;;966.5;;;;1013.5;2.7;7.2;9.7;25.9;7.2;25.9;;;;;;;;;;;;;;360;;
STK;02.12.2012 00:00;;;;;;;;;967.5;;;;1014.5;5.8;12;20.9;43.2;11.4;41;;;;;;;;;;;;;;231;;
STK;03.12.2012 00:00;;;;;;;;;968.9;;;;1015.9;6.4;16.8;23;60.5;15.8;56.9;;;;;;;;;;;;;;226;;
STK;04.12.2012 00:00;;;;;;;;;957.6;;;;1004.2;8;21.5;28.8;77.4;21;75.6;;;;;;;;;;;;;;236;;
STK;05.12.2012 00:00;;;;;;;;;958.2;;;;1004.8;4.2;12.8;15.1;46.1;12.5;45;;;;;;;;;;;;;;227;;
STK;06.12.2012 00:00;;;;;;;;;967.5;;;;1014.5;4.3;12.9;15.5;46.4;12.7;45.7;;;;;;;;;;;;;;247;;
STK;07.12.2012 00:00;;;;;;;;;960.8;;;;1007.5;1.3;5.2;4.7;18.7;5.2;18.7;;;;;;;;;;;;;;180;;
STK;08.12.2012 00:00;;;;;;;;;970.5;;;;1017.6;2.7;8.6;9.7;31;8.5;30.6;;;;;;;;;;;;;;51;;
STK;09.12.2012 00:00;;;;;;;;;974.8;;;;1022;6.2;18;22.3;64.8;16.6;59.8;;;;;;;;;;;;;;222;;
STK;10.12.2012 00:00;;;;;;;;;965.9;;;;1012.8;8.4;16.6;30.2;59.8;16;57.6;;;;;;;;;;;;;;243;;
STK;11.12.2012 00:00;;;;;;;;;973.9;;;;1021.1;3.4;9.1;12.2;32.8;8.9;32;;;;;;;;;;;;;;257;;
STK;12.12.2012 00:00;;;;;;;;;974.9;;;;1022.2;1.7;5.6;6.1;20.2;5.4;19.4;;;;;;;;;;;;;;189;;
STK;13.12.2012 00:00;;;;;;;;;967.6;;;;1014.6;1.3;4.8;4.7;17.3;4.7;16.9;;;;;;;;;;;;;;207;;
STK;14.12.2012 00:00;;;;;;;;;959.9;;;;1006.6;1.5;8;5.4;28.8;7.8;28.1;;;;;;;;;;;;;;238;;
STK;15.12.2012 00:00;;;;;;;;;961;;;;1007.7;3;16.3;10.8;58.7;15.7;56.5;;;;;;;;;;;;;;239;;
STK;16.12.2012 00:00;;;;;;;;;964.6;;;;1011.4;5.1;18.8;18.4;67.7;17.3;62.3;;;;;;;;;;;;;;227;;
STK;17.12.2012 00:00;;;;;;;;;963.3;;;;1010.1;5.8;19.1;20.9;68.8;18.6;67;;;;;;;;;;;;;;225;;
STK;18.12.2012 00:00;;;;;;;;;968.5;;;;1015.5;3.9;11.2;14;40.3;11;39.6;;;;;;;;;;;;;;236;;
STK;19.12.2012 00:00;;;;;;;;;975.2;;;;1022.5;1.5;5.7;5.4;20.5;5.4;19.4;;;;;;;;;;;;;;48;;
STK;20.12.2012 00:00;;;;;;;;;968.9;;;;1015.9;1.7;7.1;6.1;25.6;6.9;24.8;;;;;;;;;;;;;;59;;
STK;21.12.2012 00:00;;;;;;;;;967.1;;;;1014;4.3;11.1;15.5;40;10.6;38.2;;;;;;;;;;;;;;232;;
STK;22.12.2012 00:00;;;;;;;;;971.5;;;;1018.7;3.4;15.5;12.2;55.8;15.1;54.4;;;;;;;;;;;;;;224;;
STK;23.12.2012 00:00;;;;;;;;;969.2;;;;1016.2;8.9;22.6;32;81.4;21.6;77.8;;;;;;;;;;;;;;228;;
STK;24.12.2012 00:00;;;;;;;;;966.8;;;;1013.7;1;4.9;3.6;17.6;4.8;17.3;;;;;;;;;;;;;;194;;
STK;25.12.2012 00:00;;;;;;;;;963.2;;;;1010.1;3.8;16.1;13.7;58;15.4;55.4;;;;;;;;;;;;;;222;;
STK;26.12.2012 00:00;;;;;;;;;969.8;;;;1016.9;6.8;20.1;24.5;72.4;19;68.4;;;;;;;;;;;;;;229;;
STK;27.12.2012 00:00;;;;;;;;;966.7;;;;1013.6;8.8;24.3;31.7;87.5;22.2;79.9;;;;;;;;;;;;;;228;;
STK;28.12.2012 00:00;;;;;;;;;979.7;;;;1027.2;5.2;20.2;18.7;72.7;19.5;70.2;;;;;;;;;;;;;;240;;
STK;29.12.2012 00:00;;;;;;;;;974.8;;;;1022.1;0.8;3;2.9;10.8;3;10.8;;;;;;;;;;;;;;180;;
STK;30.12.2012 00:00;;;;;;;;;976.2;;;;1023.5;3.7;15.3;13.3;55.1;14.7;52.9;;;;;;;;;;;;;;232;;
STK;31.12.2012 00:00;;;;;;;;;974;;;;1021.2;0.9;4;3.2;14.4;3.9;14;;;;;;;;;;;;;;180;;
STK;01.01.2013 00:00;;;;;;;;;965.8;;;;1012.7;3.8;15.8;13.7;56.9;15.3;55.1;;;;;;;;;;;;;;224;;
STK;02.01.2013 00:00;;;;;;;;;978.4;;;;1025.8;1.5;4.8;5.4;17.3;4.7;16.9;;;;;;;;;;;;;;214;;
STK;03.01.2013 00:00;;;;;;;;;988.9;;;;1036.7;3.7;9.8;13.3;35.3;9.4;33.8;;;;;;;;;;;;;;231;;
STK;04.01.2013 00:00;;;;;;;;;989.4;;;;1037.2;2.6;6.6;9.4;23.8;6.4;23;;;;;;;;;;;;;;225;;
STK;05.01.2013 00:00;;;;;;;;;985.7;;;;1033.4;3.8;8;13.7;28.8;7.7;27.7;;;;;;;;;;;;;;236;;
STK;06.01.2013 00:00;;;;;;;;;984;;;;1031.6;3.3;7.9;11.9;28.4;7.8;28.1;;;;;;;;;;;;;;239;;
STK;07.01.2013 00:00;;;;;;;;;981.7;;;;1029.3;1.4;5;5;18;4.9;17.6;;;;;;;;;;;;;;259;;
STK;08.01.2013 00:00;;;;;;;;;979.4;;;;1026.8;2.3;7.2;8.3;25.9;7.1;25.6;;;;;;;;;;;;;;235;;
STK;09.01.2013 00:00;;;;;;;;;974.6;;;;1021.8;2.1;6.9;7.6;24.8;6.7;24.1;;;;;;;;;;;;;;239;;
STK;10.01.2013 00:00;;;;;;;;;967.8;;;;1014.7;4.2;10;15.1;36;9.4;33.8;;;;;;;;;;;;;;226;;
STK;11.01.2013 00:00;;;;;;;;;967.6;;;;1014.5;2.1;8.9;7.6;32;8.4;30.2;;;;;;;;;;;;;;225;;
STK;12.01.2013 00:00;;;;;;;;;968.3;;;;1015.3;2.8;9.1;10.1;32.8;9;32.4;;;;;;;;;;;;;;232;;
STK;13.01.2013 00:00;;;;;;;;;965.4;;;;1012.3;2.5;5;9;18;5;18;;;;;;;;;;;;;;24;;
STK;14.01.2013 00:00;;;;;;;;;964.7;;;;1011.6;1.8;5.3;6.5;19.1;5.2;18.7;;;;;;;;;;;;;;288;;
STK;15.01.2013 00:00;;;;;;;;;959.4;;;;1006.1;2.1;8.3;7.6;29.9;8.1;29.2;;;;;;;;;;;;;;218;;
STK;16.01.2013 00:00;;;;;;;;;959.7;;;;1006.4;4.8;12.4;17.3;44.6;12;43.2;;;;;;;;;;;;;;252;;
STK;17.01.2013 00:00;;;;;;;;;964.2;;;;1011;2.8;6.3;10.1;22.7;6.2;22.3;;;;;;;;;;;;;;250;;
STK;18.01.2013 00:00;;;;;;;;;959.8;;;;1006.5;2.1;8.2;7.6;29.5;7.9;28.4;;;;;;;;;;;;;;96;;
STK;19.01.2013 00:00;;;;;;;;;948.5;;;;994.8;2;7.2;7.2;25.9;7;25.2;;;;;;;;;;;;;;42;;
STK;20.01.2013 00:00;;;;;;;;;946.2;;;;992.4;2.1;7.9;7.6;28.4;7.8;28.1;;;;;;;;;;;;;;6;;
STK;21.01.2013 00:00;;;;;;;;;951.7;;;;998.1;2.6;9.4;9.4;33.8;9.3;33.5;;;;;;;;;;;;;;232;;
STK;22.01.2013 00:00;;;;;;;;;957.2;;;;1003.7;2.6;9.4;9.4;33.8;9.2;33.1;;;;;;;;;;;;;;227;;
STK;23.01.2013 00:00;;;;;;;;;959;;;;1005.6;1.2;4.8;4.3;17.3;4.7;16.9;;;;;;;;;;;;;;214;;
STK;24.01.2013 00:00;;;;;;;;;961.9;;;;1008.7;3.1;7.7;11.2;27.7;7.5;27;;;;;;;;;;;;;;32;;
STK;25.01.2013 00:00;;;;;;;;;968.5;;;;1015.5;2.2;5.5;7.9;19.8;5.4;19.4;;;;;;;;;;;;;;45;;
STK;26.01.2013 00:00;;;;;;;;;966.6;;;;1013.5;1.7;5.1;6.1;18.4;5;18;;;;;;;;;;;;;;198;;
STK;27.01.2013 00:00;;;;;;;;;964.6;;;;1011.5;2.2;7.5;7.9;27;7.2;25.9;;;;;;;;;;;;;;228;;
STK;28.01.2013 00:00;;;;;;;;;970.4;;;;1017.5;2.6;9.1;9.4;32.8;8.8;31.7;;;;;;;;;;;;;;227;;
STK;29.01.2013 00:00;;;;;;;;;973.3;;;;1020.5;7.5;20.6;27;74.2;18.9;68;;;;;;;;;;;;;;230;;
STK;30.01.2013 00:00;;;;;;;;;971.6;;;;1018.8;7.4;20.1;26.6;72.4;19.6;70.6;;;;;;;;;;;;;;233;;
STK;31.01.2013 00:00;;;;;;;;;974.4;;;;1021.6;8.8;21.9;31.7;78.8;20.3;73.1;;;;;;;;;;;;;;231;;
STK;01.02.2013 00:00;;;;;;;;;960;;;;1006.7;6.4;19.4;23;69.8;18.9;68;;;;;;;;;;;;;;226;;
STK;02.02.2013 00:00;;;;;;;;;955.5;;;;1002;2.6;14.5;9.4;52.2;13.6;49;;;;;;;;;;;;;;339;;
STK;03.02.2013 00:00;;;;;;;;;972.4;;;;1019.5;5.3;19.7;19.1;70.9;18;64.8;;;;;;;;;;;;;;231;;
STK;04.02.2013 00:00;;;;;;;;;970.6;;;;1017.7;9.7;19.4;34.9;69.8;18.8;67.7;;;;;;;;;;;;;;231;;
STK;05.02.2013 00:00;;;;;;;;;960.4;;;;1007.1;8.8;23.1;31.7;83.2;21.9;78.8;;;;;;;;;;;;;;236;;
STK;06.02.2013 00:00;;;;;;;;;953.5;;;;999.9;5.8;17;20.9;61.2;16.1;58;;;;;;;;;;;;;;229;;
STK;07.02.2013 00:00;;;;;;;;;963.5;;;;1010.3;4.3;8.9;15.5;32;8.8;31.7;;;;;;;;;;;;;;243;;
STK;08.02.2013 00:00;;;;;;;;;965.9;;;;1012.8;4.1;8.2;14.8;29.5;8.1;29.2;;;;;;;;;;;;;;237;;
STK;09.02.2013 00:00;;;;;;;;;969.8;;;;1016.8;1.4;7.5;5;27;7.4;26.6;;;;;;;;;;;;;;219;;
STK;10.02.2013 00:00;;;;;;;;;964.7;;;;1011.6;1.6;7.1;5.8;25.6;6.8;24.5;;;;;;;;;;;;;;114;;
STK;11.02.2013 00:00;;;;;;;;;954.2;;;;1000.6;2.2;5.8;7.9;20.9;5.6;20.2;;;;;;;;;;;;;;16;;
STK;12.02.2013 00:00;;;;;;;;;961.4;;;;1008.2;2.3;7.7;8.3;27.7;7.6;27.4;;;;;;;;;;;;;;27;;
STK;13.02.2013 00:00;;;;;;;;;973.6;;;;1020.8;2.3;7.4;8.3;26.6;7.1;25.6;;;;;;;;;;;;;;56;;
STK;14.02.2013 00:00;;;;;;;;;973.8;;;;1021;1.2;3.6;4.3;13;3.5;12.6;;;;;;;;;;;;;;194;;
STK;15.02.2013 00:00;;;;;;;;;971.5;;;;1018.6;2.1;7.2;7.6;25.9;7;25.2;;;;;;;;;;;;;;225;;
STK;16.02.2013 00:00;;;;;;;;;976;;;;1023.3;0.9;3.7;3.2;13.3;3.6;13;;;;;;;;;;;;;;135;;
STK;17.02.2013 00:00;;;;;;;;;973.4;;;;1020.6;2.1;8.3;7.6;29.9;8;28.8;;;;;;;;;;;;;;60;;
STK;18.02.2013 00:00;;;;;;;;;971.8;;;;1018.9;2.3;7.2;8.3;25.9;7.2;25.9;;;;;;;;;;;;;;65;;
STK;19.02.2013 00:00;;;;;;;;;970;;;;1017.1;1.6;6.6;5.8;23.8;6.5;23.4;;;;;;;;;;;;;;225;;
STK;20.02.2013 00:00;;;;;;;;;970.1;;;;1017.2;4.6;11.5;16.6;41.4;11.3;40.7;;;;;;;;;;;;;;56;;
STK;21.02.2013 00:00;;;;;;;;;967.1;;;;1014;8.5;14.3;30.6;51.5;14;50.4;;;;;;;;;;;;;;55;;
STK;22.02.2013 00:00;;;;;;;;;961.1;;;;1007.8;8.4;14.5;30.2;52.2;14.2;51.1;;;;;;;;;;;;;;56;;
STK;23.02.2013 00:00;;;;;;;;;960.4;;;;1007.2;3.7;10.2;13.3;36.7;10;36;;;;;;;;;;;;;;50;;
STK;24.02.2013 00:00;;;;;;;;;964.2;;;;1011.1;1.2;4;4.3;14.4;3.9;14;;;;;;;;;;;;;;11;;
STK;25.02.2013 00:00;;;;;;;;;970.6;;;;1017.7;1.3;4.7;4.7;16.9;4.6;16.6;;;;;;;;;;;;;;143;;
STK;26.02.2013 00:00;;;;;;;;;976.7;;;;1024.1;1.2;5.6;4.3;20.2;5.4;19.4;;;;;;;;;;;;;;81;;
STK;27.02.2013 00:00;;;;;;;;;977.8;;;;1025.2;2.8;8.5;10.1;30.6;8.3;29.9;;;;;;;;;;;;;;47;;
STK;28.02.2013 00:00;;;;;;;;;976.2;;;;1023.5;0.7;4.9;2.5;17.6;4.8;17.3;;;;;;;;;;;;;;14;;
STK;01.03.2013 00:00;;;;;;;;;974;;;;1021.2;3.6;9.9;13;35.6;9.7;34.9;;;;;;;;;;;;;;36;;
STK;02.03.2013 00:00;;;;;;;;;974.6;;;;1021.9;3.4;9.9;12.2;35.6;9.7;34.9;;;;;;;;;;;;;;54;;
STK;03.03.2013 00:00;;;;;;;;;973.8;;;;1021;1.2;7.3;4.3;26.3;7;25.2;;;;;;;;;;;;;;45;;
STK;04.03.2013 00:00;;;;;;;;;970.9;;;;1018;1.2;4.2;4.3;15.1;4.1;14.8;;;;;;;;;;;;;;90;;
STK;05.03.2013 00:00;;;;;;;;;964.7;;;;1011.5;1;3.1;3.6;11.2;3;10.8;;;;;;;;;;;;;;211;;
STK;06.03.2013 00:00;;;;;;;;;956;;;;1002.5;1.1;3.1;4;11.2;3;10.8;;;;;;;;;;;;;;216;;
STK;07.03.2013 00:00;;;;;;;;;954.9;;;;1001.3;1.5;4.7;5.4;16.9;4.6;16.6;;;;;;;;;;;;;;228;;
STK;08.03.2013 00:00;;;;;;;;;954.7;;;;1001.1;3.2;11.6;11.5;41.8;11.4;41;;;;;;;;;;;;;;235;;
STK;09.03.2013 00:00;;;;;;;;;957.1;;;;1003.6;2.1;8.2;7.6;29.5;8.1;29.2;;;;;;;;;;;;;;232;;
STK;10.03.2013 00:00;;;;;;;;;954.1;;;;1000.6;2.4;10.1;8.6;36.4;9.8;35.3;;;;;;;;;;;;;;239;;
STK;11.03.2013 00:00;;;;;;;;;953;;;;999.4;1.2;9.9;4.3;35.6;9.7;34.9;;;;;;;;;;;;;;229;;
STK;12.03.2013 00:00;;;;;;;;;950.6;;;;996.9;2.5;9.7;9;34.9;9.6;34.6;;;;;;;;;;;;;;241;;
STK;13.03.2013 00:00;;;;;;;;;954.8;;;;1001.3;2.4;6.4;8.6;23;6.3;22.7;;;;;;;;;;;;;;288;;
STK;14.03.2013 00:00;;;;;;;;;962.2;;;;1009;1.7;7.7;6.1;27.7;7.6;27.4;;;;;;;;;;;;;;360;;
STK;15.03.2013 00:00;;;;;;;;;968.2;;;;1015.2;2.2;8.7;7.9;31.3;8.5;30.6;;;;;;;;;;;;;;238;;
STK;16.03.2013 00:00;;;;;;;;;966.3;;;;1013.2;1.9;10.4;6.8;37.4;9.9;35.6;;;;;;;;;;;;;;72;;
STK;17.03.2013 00:00;;;;;;;;;955.5;;;;1002;1.9;9.1;6.8;32.8;9;32.4;;;;;;;;;;;;;;225;;
STK;18.03.2013 00:00;;;;;;;;;948.9;;;;995.1;2.4;12.9;8.6;46.4;12.7;45.7;;;;;;;;;;;;;;230;;
STK;19.03.2013 00:00;;;;;;;;;955.2;;;;1001.7;5.2;16.6;18.7;59.8;15.9;57.2;;;;;;;;;;;;;;237;;
STK;20.03.2013 00:00;;;;;;;;;959.7;;;;1006.4;3.6;19.7;13;70.9;19.3;69.5;;;;;;;;;;;;;;234;;
STK;21.03.2013 00:00;;;;;;;;;969.1;;;;1016.2;3.2;10.4;11.5;37.4;10.3;37.1;;;;;;;;;;;;;;236;;
STK;22.03.2013 00:00;;;;;;;;;964.9;;;;1011.8;3.1;9.6;11.2;34.6;9.2;33.1;;;;;;;;;;;;;;58;;
STK;23.03.2013 00:00;;;;;;;;;963.1;;;;1009.9;4.1;8.6;14.8;31;8.3;29.9;;;;;;;;;;;;;;50;;
STK;24.03.2013 00:00;;;;;;;;;960.8;;;;1007.5;5.1;9.8;18.4;35.3;9.6;34.6;;;;;;;;;;;;;;59;;
STK;25.03.2013 00:00;;;;;;;;;959.7;;;;1006.4;4.5;8.1;16.2;29.2;7.9;28.4;;;;;;;;;;;;;;45;;
STK;26.03.2013 00:00;;;;;;;;;960;;;;1006.7;3.8;8;13.7;28.8;7.7;27.7;;;;;;;;;;;;;;54;;
STK;27.03.2013 00:00;;;;;;;;;960.6;;;;1007.3;2.8;6.1;10.1;22;5.8;20.9;;;;;;;;;;;;;;50;;
STK;28.03.2013 00:00;;;;;;;;;959.8;;;;1006.5;1.6;10.8;5.8;38.9;10.6;38.2;;;;;;;;;;;;;;252;;
STK;29.03.2013 00:00;;;;;;;;;960.4;;;;1007.1;2.7;11;9.7;39.6;10.4;37.4;;;;;;;;;;;;;;241;;
STK;30.03.2013 00:00;;;;;;;;;956.2;;;;1002.7;1.2;4.2;4.3;15.1;4.1;14.8;;;;;;;;;;;;;;37;;
STK;31.03.2013 00:00;;;;;;;;;960.4;;;;1007.1;2;6.3;7.2;22.7;6.2;22.3;;;;;;;;;;;;;;35;;
STK;01.04.2013 00:00;;;;;;;;;958.7;;;;1005.3;4.9;10.4;17.6;37.4;10.1;36.4;;;;;;;;;;;;;;63;;
STK;02.04.2013 00:00;;;;;;;;;959.2;;;;1005.8;3.9;8.1;14;29.2;8;28.8;;;;;;;;;;;;;;53;;
STK;03.04.2013 00:00;;;;;;;;;962.3;;;;1009.1;3.7;8.4;13.3;30.2;8.2;29.5;;;;;;;;;;;;;;55;;
STK;04.04.2013 00:00;;;;;;;;;959.2;;;;1005.8;3.8;7.7;13.7;27.7;7.4;26.6;;;;;;;;;;;;;;52;;
STK;05.04.2013 00:00;;;;;;;;;958.9;;;;1005.5;2.3;7.1;8.3;25.6;7;25.2;;;;;;;;;;;;;;41;;
STK;06.04.2013 00:00;;;;;;;;;967.5;;;;1014.5;3.1;8.3;11.2;29.9;8.1;29.2;;;;;;;;;;;;;;55;;
STK;07.04.2013 00:00;;;;;;;;;969.8;;;;1016.9;3.6;6.8;13;24.5;6.7;24.1;;;;;;;;;;;;;;53;;
STK;08.04.2013 00:00;;;;;;;;;960.3;;;;1007;1.6;5.5;5.8;19.8;5.2;18.7;;;;;;;;;;;;;;76;;
STK;09.04.2013 00:00;;;;;;;;;958.7;;;;1005.3;3.5;15;12.6;54;14.6;52.6;;;;;;;;;;;;;;228;;
STK;10.04.2013 00:00;;;;;;;;;963.4;;;;1010.2;5.6;17.5;20.2;63;17;61.2;;;;;;;;;;;;;;233;;
STK;11.04.2013 00:00;;;;;;;;;960.2;;;;1006.9;3;10.5;10.8;37.8;10.3;37.1;;;;;;;;;;;;;;235;;
STK;12.04.2013 00:00;;;;;;;;;963.2;;;;1010;5.4;18;19.4;64.8;17.4;62.6;;;;;;;;;;;;;;233;;
STK;13.04.2013 00:00;;;;;;;;;974.3;;;;1021.5;3.7;13.6;13.3;49;13.5;48.6;;;;;;;;;;;;;;235;;
STK;14.04.2013 00:00;;;;;;;;;978;;;;1025.4;1.4;4.2;5;15.1;4.2;15.1;;;;;;;;;;;;;;58;;
STK;15.04.2013 00:00;;;;;;;;;974.4;;;;1021.6;1.8;6.6;6.5;23.8;6.4;23;;;;;;;;;;;;;;219;;
STK;16.04.2013 00:00;;;;;;;;;974.6;;;;1021.8;2.3;8.5;8.3;30.6;8.2;29.5;;;;;;;;;;;;;;236;;
STK;17.04.2013 00:00;;;;;;;;;975.5;;;;1022.8;1.5;5.7;5.4;20.5;5.5;19.8;;;;;;;;;;;;;;63;;
STK;18.04.2013 00:00;;;;;;;;;972.8;;;;1020;3.2;12.9;11.5;46.4;12.3;44.3;;;;;;;;;;;;;;249;;
STK;19.04.2013 00:00;;;;;;;;;976.9;;;;1024.3;1.6;7.3;5.8;26.3;7.1;25.6;;;;;;;;;;;;;;8;;
STK;20.04.2013 00:00;;;;;;;;;973.4;;;;1020.6;5.2;13.3;18.7;47.9;13;46.8;;;;;;;;;;;;;;52;;
STK;21.04.2013 00:00;;;;;;;;;970.7;;;;1017.8;1.9;6.2;6.8;22.3;6.1;22;;;;;;;;;;;;;;241;;
STK;22.04.2013 00:00;;;;;;;;;970.9;;;;1018;1;2.7;3.6;9.7;2.6;9.4;;;;;;;;;;;;;;225;;
STK;23.04.2013 00:00;;;;;;;;;975.7;;;;1023;1.2;4;4.3;14.4;3.9;14;;;;;;;;;;;;;;233;;
STK;24.04.2013 00:00;;;;;;;;;979.5;;;;1027;1.7;7.7;6.1;27.7;7.6;27.4;;;;;;;;;;;;;;236;;
STK;25.04.2013 00:00;;;;;;;;;977.1;;;;1024.4;1.4;3.6;5;13;3.5;12.6;;;;;;;;;;;;;;68;;
STK;26.04.2013 00:00;;;;;;;;;965.7;;;;1012.6;2.4;13.2;8.6;47.5;12.7;45.7;;;;;;;;;;;;;;236;;
STK;27.04.2013 00:00;;;;;;;;;958.3;;;;1005;3.3;8.2;11.9;29.5;7.9;28.4;;;;;;;;;;;;;;306;;
STK;28.04.2013 00:00;;;;;;;;;966.9;;;;1013.9;1.9;4.9;6.8;17.6;4.8;17.3;;;;;;;;;;;;;;28;;
STK;29.04.2013 00:00;;;;;;;;;971.1;;;;1018.2;1.1;3.8;4;13.7;3.7;13.3;;;;;;;;;;;;;;45;;
STK;30.04.2013 00:00;;;;;;;;;970.7;;;;1017.9;1.3;5.8;4.7;20.9;5.6;20.2;;;;;;;;;;;;;;45;;
STK;01.05.2013 00:00;;;;;;;;;971;;;;1018.1;2.2;8.4;7.9;30.2;8.3;29.9;;;;;;;;;;;;;;54;;
STK;02.05.2013 00:00;;;;;;;;;969.9;;;;1017;2;10.4;7.2;37.4;10.2;36.7;;;;;;;;;;;;;;63;;
STK;03.05.2013 00:00;;;;;;;;;968.2;;;;1015.3;2.3;10.2;8.3;36.7;9.9;35.6;;;;;;;;;;;;;;239;;
STK;04.05.2013 00:00;;;;;;;;;972.7;;;;1019.9;3.6;10.3;13;37.1;10;36;;;;;;;;;;;;;;237;;
STK;05.05.2013 00:00;;;;;;;;;973.9;;;;1021.2;2.7;10.4;9.7;37.4;10.1;36.4;;;;;;;;;;;;;;55;;
STK;06.05.2013 00:00;;;;;;;;;970.2;;;;1017.3;1.7;6.8;6.1;24.5;6.6;23.8;;;;;;;;;;;;;;180;;
STK;07.05.2013 00:00;;;;;;;;;969;;;;1016.1;2.2;7;7.9;25.2;6.9;24.8;;;;;;;;;;;;;;239;;
STK;08.05.2013 00:00;;;;;;;;;968;;;;1014.9;1.6;5.9;5.8;21.2;5.6;20.2;;;;;;;;;;;;;;180;;
STK;09.05.2013 00:00;;;;;;;;;968.9;;;;1016;2.3;5.6;8.3;20.2;5.4;19.4;;;;;;;;;;;;;;231;;
STK;10.05.2013 00:00;;;;;;;;;970.2;;;;1017.2;2.8;9.2;10.1;33.1;9;32.4;;;;;;;;;;;;;;231;;
STK;11.05.2013 00:00;;;;;;;;;970.6;;;;1017.7;2;8.6;7.2;31;8.3;29.9;;;;;;;;;;;;;;233;;
STK;12.05.2013 00:00;;;;;;;;;971.6;;;;1018.7;4.7;16.1;16.9;58;15.8;56.9;;;;;;;;;;;;;;245;;
STK;13.05.2013 00:00;;;;;;;;;972.5;;;;1019.7;3.3;11;11.9;39.6;10.9;39.2;;;;;;;;;;;;;;233;;
STK;14.05.2013 00:00;;;;;;;;;964.8;;;;1011.7;1.9;7.8;6.8;28.1;7.7;27.7;;;;;;;;;;;;;;315;;
STK;15.05.2013 00:00;;;;;;;;;956;;;;1002.5;1.4;6.1;5;22;5.9;21.2;;;;;;;;;;;;;;284;;
STK;16.05.2013 00:00;;;;;;;;;951;;;;997.3;2.4;7.5;8.6;27;7.4;26.6;;;;;;;;;;;;;;270;;
STK;17.05.2013 00:00;;;;;;;;;955.4;;;;1001.9;4.1;8.6;14.8;31;8.4;30.2;;;;;;;;;;;;;;236;;
STK;18.05.2013 00:00;;;;;;;;;960.9;;;;1007.6;2.3;9;8.3;32.4;8.8;31.7;;;;;;;;;;;;;;77;;
STK;19.05.2013 00:00;;;;;;;;;962.9;;;;1009.6;5;16.5;18;59.4;16.2;58.3;;;;;;;;;;;;;;237;;
STK;20.05.2013 00:00;;;;;;;;;966.8;;;;1013.7;5.2;14.9;18.7;53.6;13.5;48.6;;;;;;;;;;;;;;239;;
STK;21.05.2013 00:00;;;;;;;;;966.2;;;;1013.2;4;11.4;14.4;41;11.3;40.7;;;;;;;;;;;;;;235;;
STK;22.05.2013 00:00;;;;;;;;;965.5;;;;1012.4;4.1;11.2;14.8;40.3;11;39.6;;;;;;;;;;;;;;246;;
STK;23.05.2013 00:00;;;;;;;;;963.3;;;;1010.1;3.9;15;14;54;14.1;50.8;;;;;;;;;;;;;;238;;
STK;24.05.2013 00:00;;;;;;;;;964.8;;;;1011.6;1.6;6.7;5.8;24.1;6.4;23;;;;;;;;;;;;;;219;;
STK;25.05.2013 00:00;;;;;;;;;965.8;;;;1012.7;2.1;12.1;7.6;43.6;11.9;42.8;;;;;;;;;;;;;;198;;
STK;26.05.2013 00:00;;;;;;;;;968.2;;;;1015.2;8;18.8;28.8;67.7;18.2;65.5;;;;;;;;;;;;;;239;;
STK;27.05.2013 00:00;;;;;;;;;965.7;;;;1012.6;2.9;9.2;10.4;33.1;8.9;32;;;;;;;;;;;;;;219;;
STK;28.05.2013 00:00;;;;;;;;;958.3;;;;1004.9;3.2;18.9;11.5;68;18.3;65.9;;;;;;;;;;;;;;228;;
STK;29.05.2013 00:00;;;;;;;;;958.9;;;;1005.5;4.5;13.2;16.2;47.5;12.9;46.4;;;;;;;;;;;;;;225;;
STK;30.05.2013 00:00;;;;;;;;;961.2;;;;1007.9;2.7;7.9;9.7;28.4;7.7;27.7;;;;;;;;;;;;;;231;;
STK;31.05.2013 00:00;;;;;;;;;960.3;;;;1007;7.2;15.1;25.9;54.4;14.7;52.9;;;;;;;;;;;;;;237;;
STK;01.06.2013 00:00;;;;;;;;;966.1;;;;1013;4.2;8.9;15.1;32;8.7;31.3;;;;;;;;;;;;;;235;;
STK;02.06.2013 00:00;;;;;;;;;973;;;;1020.2;2.9;9.1;10.4;32.8;8.8;31.7;;;;;;;;;;;;;;246;;
STK;03.06.2013 00:00;;;;;;;;;976.6;;;;1023.9;3.1;12.8;11.2;46.1;12.5;45;;;;;;;;;;;;;;56;;
STK;04.06.2013 00:00;;;;;;;;;972.2;;;;1019.3;2.5;7.5;9;27;7.4;26.6;;;;;;;;;;;;;;59;;
STK;05.06.2013 00:00;;;;;;;;;970.2;;;;1017.3;1.4;5.8;5;20.9;5.6;20.2;;;;;;;;;;;;;;63;;
STK;06.06.2013 00:00;;;;;;;;;971.8;;;;1018.9;1.2;5.2;4.3;18.7;5.1;18.4;;;;;;;;;;;;;;59;;
STK;07.06.2013 00:00;;;;;;;;;971.9;;;;1019;1.4;6.3;5;22.7;6.2;22.3;;;;;;;;;;;;;;34;;
STK;08.06.2013 00:00;;;;;;;;;967.4;;;;1014.3;1.5;5.9;5.4;21.2;5.8;20.9;;;;;;;;;;;;;;45;;
STK;09.06.2013 00:00;;;;;;;;;963.2;;;;1010;3.1;11.8;11.2;42.5;11.5;41.4;;;;;;;;;;;;;;253;;
STK;10.06.2013 00:00;;;;;;;;;965.5;;;;1012.4;4.9;10.7;17.6;38.5;10.3;37.1;;;;;;;;;;;;;;233;;
STK;11.06.2013 00:00;;;;;;;;;971.5;;;;1018.6;1.9;6.3;6.8;22.7;6.1;22;;;;;;;;;;;;;;225;;
STK;12.06.2013 00:00;;;;;;;;;974.4;;;;1021.7;1.6;4.4;5.8;15.8;4.3;15.5;;;;;;;;;;;;;;72;;
STK;13.06.2013 00:00;;;;;;;;;971.6;;;;1018.8;2.6;17.6;9.4;63.4;17.3;62.3;;;;;;;;;;;;;;180;;
STK;14.06.2013 00:00;;;;;;;;;973.5;;;;1020.7;2.4;10.8;8.6;38.9;10.4;37.4;;;;;;;;;;;;;;63;;
STK;15.06.2013 00:00;;;;;;;;;970.2;;;;1017.3;2.4;8.5;8.6;30.6;8.3;29.9;;;;;;;;;;;;;;240;;
STK;16.06.2013 00:00;;;;;;;;;970.2;;;;1017.2;1.7;5.6;6.1;20.2;5.4;19.4;;;;;;;;;;;;;;63;;
STK;17.06.2013 00:00;;;;;;;;;967.3;;;;1014.3;1.5;5.3;5.4;19.1;5.2;18.7;;;;;;;;;;;;;;51;;
STK;18.06.2013 00:00;;;;;;;;;968.3;;;;1015.3;2.5;19.5;9;70.2;18.5;66.6;;;;;;;;;;;;;;60;;
STK;19.06.2013 00:00;;;;;;;;;966.4;;;;1013.3;1;3.1;3.6;11.2;3;10.8;;;;;;;;;;;;;;135;;
STK;20.06.2013 00:00;;;;;;;;;966.9;;;;1013.8;4.1;21;14.8;75.6;20.2;72.7;;;;;;;;;;;;;;234;;
STK;21.06.2013 00:00;;;;;;;;;970.7;;;;1017.8;2.9;9.2;10.4;33.1;9.1;32.8;;;;;;;;;;;;;;233;;
STK;22.06.2013 00:00;;;;;;;;;971.5;;;;1018.7;2.5;7.7;9;27.7;7.6;27.4;;;;;;;;;;;;;;232;;
STK;23.06.2013 00:00;;;;;;;;;971.3;;;;1018.4;4.8;13.5;17.3;48.6;13.3;47.9;;;;;;;;;;;;;;233;;
STK;24.06.2013 00:00;;;;;;;;;974.7;;;;1022;3.8;9.5;13.7;34.2;9.4;33.8;;;;;;;;;;;;;;235;;
STK;25.06.2013 00:00;;;;;;;;;978.2;;;;1025.6;3.1;10.5;11.2;37.8;10.3;37.1;;;;;;;;;;;;;;245;;
STK;26.06.2013 00:00;;;;;;;;;980.3;;;;1027.8;1.2;4.2;4.3;15.1;4;14.4;;;;;;;;;;;;;;53;;
STK;27.06.2013 00:00;;;;;;;;;977.2;;;;1024.6;2.4;9.7;8.6;34.9;9.5;34.2;;;;;;;;;;;;;;240;;
STK;28.06.2013 00:00;;;;;;;;;975;;;;1022.2;2;6.2;7.2;22.3;6.1;22;;;;;;;;;;;;;;225;;
STK;29.06.2013 00:00;;;;;;;;;974.5;;;;1021.8;4.6;14.3;16.6;51.5;13.3;47.9;;;;;;;;;;;;;;226;;
STK;30.06.2013 00:00;;;;;;;;;976.5;;;;1023.8;1.2;4.9;4.3;17.6;4.8;17.3;;;;;;;;;;;;;;53;;
STK;01.07.2013 00:00;;;;;;;;;972.5;;;;1019.6;1.3;4.5;4.7;16.2;4.4;15.8;;;;;;;;;;;;;;72;;
STK;02.07.2013 00:00;;;;;;;;;969.9;;;;1017;1.8;8.5;6.5;30.6;8.3;29.9;;;;;;;;;;;;;;225;;
STK;03.07.2013 00:00;;;;;;;;;968.6;;;;1015.7;3.2;10.8;11.5;38.9;10.5;37.8;;;;;;;;;;;;;;230;;
STK;04.07.2013 00:00;;;;;;;;;975.3;;;;1022.5;3.5;7.7;12.6;27.7;7.6;27.4;;;;;;;;;;;;;;237;;
STK;05.07.2013 00:00;;;;;;;;;980.5;;;;1028;;;;;4;14.4;;;;;;;;;;;;;;50;;
STK;06.07.2013 00:00;;;;;;;;;979.3;;;;1026.7;;;;;8.6;31;;;;;;;;;;;;;;60;;
STK;07.07.2013 00:00;;;;;;;;;978.8;;;;1026.2;;;;;10.5;37.8;;;;;;;;;;;;;;63;;
STK;08.07.2013 00:00;;;;;;;;;978.4;;;;1025.8;;;;;9.4;33.8;;;;;;;;;;;;;;53;;
STK;09.07.2013 00:00;;;;;;;;;974.5;;;;1021.8;;;;;6.8;24.5;;;;;;;;;;;;;;66;;
STK;10.07.2013 00:00;;;;;;;;;970.6;;;;1017.7;;;;;;;;;;;;;;;;;;;;;;
STK;11.07.2013 00:00;;;;;;;;;970.8;;;;1018;;;;;;;;;;;;;;;;;;;;;;
STK;12.07.2013 00:00;;;;;;;;;972.8;;;;1020;1.6;5.5;5.8;19.8;5.4;19.4;;;;;;;;;;;;;;51;;
STK;13.07.2013 00:00;;;;;;;;;973.2;;;;1020.4;1.4;5.9;5;21.2;5.8;20.9;;;;;;;;;;;;;;67;;
STK;14.07.2013 00:00;;;;;;;;;974.5;;;;1021.7;1.5;5.2;5.4;18.7;5.2;18.7;;;;;;;;;;;;;;83;;
STK;15.07.2013 00:00;;;;;;;;;975.2;;;;1022.4;1.9;9.2;6.8;33.1;9;32.4;;;;;;;;;;;;;;76;;
STK;16.07.2013 00:00;;;;;;;;;974.9;;;;1022.2;1.2;3.5;4.3;12.6;3.4;12.2;;;;;;;;;;;;;;81;;
STK;17.07.2013 00:00;;;;;;;;;974.2;;;;1021.4;1.2;3.7;4.3;13.3;3.6;13;;;;;;;;;;;;;;90;;
STK;18.07.2013 00:00;;;;;;;;;972.9;;;;1020;3.1;14;11.2;50.4;13.7;49.3;;;;;;;;;;;;;;61;;
STK;19.07.2013 00:00;;;;;;;;;972.4;;;;1019.5;1.9;8.3;6.8;29.9;8.2;29.5;;;;;;;;;;;;;;67;;
STK;20.07.2013 00:00;;;;;;;;;971.5;;;;1018.6;1.6;7.1;5.8;25.6;7;25.2;;;;;;;;;;;;;;77;;
STK;21.07.2013 00:00;;;;;;;;;972.2;;;;1019.4;1.1;5.1;4;18.4;4.9;17.6;;;;;;;;;;;;;;68;;
STK;22.07.2013 00:00;;;;;;;;;971;;;;1018.1;1.4;3.5;5;12.6;3.4;12.2;;;;;;;;;;;;;;124;;
STK;23.07.2013 00:00;;;;;;;;;968.8;;;;1015.8;2.1;13.7;7.6;49.3;13.4;48.2;;;;;;;;;;;;;;90;;
STK;24.07.2013 00:00;;;;;;;;;970.7;;;;1017.8;2.2;9.8;7.9;35.3;9.6;34.6;;;;;;;;;;;;;;207;;
STK;25.07.2013 00:00;;;;;;;;;971.2;;;;1018.3;1.7;7.8;6.1;28.1;7.5;27;;;;;;;;;;;;;;225;;
STK;26.07.2013 00:00;;;;;;;;;969.1;;;;1016.2;1.5;4.6;5.4;16.6;4.5;16.2;;;;;;;;;;;;;;69;;
STK;27.07.2013 00:00;;;;;;;;;965.1;;;;1012;1.6;4.7;5.8;16.9;4.6;16.6;;;;;;;;;;;;;;83;;
STK;28.07.2013 00:00;;;;;;;;;966.6;;;;1013.6;2.3;16.6;8.3;59.8;16.2;58.3;;;;;;;;;;;;;;326;;
STK;29.07.2013 00:00;;;;;;;;;972.3;;;;1019.5;3.5;15.1;12.6;54.4;14.7;52.9;;;;;;;;;;;;;;238;;
STK;30.07.2013 00:00;;;;;;;;;976;;;;1023.3;4.1;9.9;14.8;35.6;9.8;35.3;;;;;;;;;;;;;;238;;
STK;31.07.2013 00:00;;;;;;;;;974.8;;;;1022.1;2.6;9.2;9.4;33.1;8.8;31.7;;;;;;;;;;;;;;229;;
STK;01.08.2013 00:00;;;;;;;;;971.4;;;;1018.6;1.5;3.6;5.4;13;3.5;12.6;;;;;;;;;;;;;;90;;
STK;02.08.2013 00:00;;;;;;;;;970.3;;;;1017.4;1.4;3.2;5;11.5;3.1;11.2;;;;;;;;;;;;;;90;;
STK;03.08.2013 00:00;;;;;;;;;972.7;;;;1019.8;1.6;6.6;5.8;23.8;6.5;23.4;;;;;;;;;;;;;;214;;
STK;04.08.2013 00:00;;;;;;;;;974.9;;;;1022.2;1.5;26.8;5.4;96.5;26.3;94.7;;;;;;;;;;;;;;162;;
STK;05.08.2013 00:00;;;;;;;;;971.1;;;;1018.2;1.5;7.5;5.4;27;7;25.2;;;;;;;;;;;;;;90;;
STK;06.08.2013 00:00;;;;;;;;;969.2;;;;1016.2;1.9;16.6;6.8;59.8;16.1;58;;;;;;;;;;;;;;360;;
STK;07.08.2013 00:00;;;;;;;;;966.7;;;;1013.6;3.1;13.2;11.2;47.5;12.8;46.1;;;;;;;;;;;;;;253;;
STK;08.08.2013 00:00;;;;;;;;;970.7;;;;1017.8;1.5;5.8;5.4;20.9;5.7;20.5;;;;;;;;;;;;;;256;;
STK;09.08.2013 00:00;;;;;;;;;975.1;;;;1022.4;1.4;5.2;5;18.7;5.1;18.4;;;;;;;;;;;;;;230;;
STK;10.08.2013 00:00;;;;;;;;;975;;;;1022.3;2;6.2;7.2;22.3;5.9;21.2;;;;;;;;;;;;;;238;;
STK;11.08.2013 00:00;;;;;;;;;973.3;;;;1020.5;2.3;9.3;8.3;33.5;9.1;32.8;;;;;;;;;;;;;;232;;
STK;12.08.2013 00:00;;;;;;;;;970.7;;;;1017.8;2.7;10.6;9.7;38.2;10.4;37.4;;;;;;;;;;;;;;233;;
STK;13.08.2013 00:00;;;;;;;;;973.1;;;;1020.3;2.5;8.6;9;31;8.5;30.6;;;;;;;;;;;;;;308;;
STK;14.08.2013 00:00;;;;;;;;;976;;;;1023.3;2.8;7;10.1;25.2;6.8;24.5;;;;;;;;;;;;;;34;;
STK;15.08.2013 00:00;;;;;;;;;975.6;;;;1022.9;1.4;5;5;18;4.9;17.6;;;;;;;;;;;;;;63;;
STK;16.08.2013 00:00;;;;;;;;;972.7;;;;1019.9;1.5;4.6;5.4;16.6;4.5;16.2;;;;;;;;;;;;;;166;;
STK;17.08.2013 00:00;;;;;;;;;971.1;;;;1018.3;2.1;6.9;7.6;24.8;6.8;24.5;;;;;;;;;;;;;;230;;
STK;18.08.2013 00:00;;;;;;;;;970.7;;;;1017.8;2;8.7;7.2;31.3;8.5;30.6;;;;;;;;;;;;;;240;;
STK;19.08.2013 00:00;;;;;;;;;972.6;;;;1019.8;2.6;14.9;9.4;53.6;14;50.4;;;;;;;;;;;;;;239;;
STK;20.08.2013 00:00;;;;;;;;;979.8;;;;1027.3;2.8;10.9;10.1;39.2;10.7;38.5;;;;;;;;;;;;;;54;;
STK;21.08.2013 00:00;;;;;;;;;976.6;;;;1024;3.1;8.2;11.2;29.5;8;28.8;;;;;;;;;;;;;;54;;
STK;22.08.2013 00:00;;;;;;;;;972.3;;;;1019.5;1.9;7.7;6.8;27.7;7.4;26.6;;;;;;;;;;;;;;72;;
STK;23.08.2013 00:00;;;;;;;;;970;;;;1017.1;1.6;4.7;5.8;16.9;4.5;16.2;;;;;;;;;;;;;;103;;
STK;24.08.2013 00:00;;;;;;;;;967.1;;;;1014.1;2.4;12.5;8.6;45;12.3;44.3;;;;;;;;;;;;;;227;;
STK;25.08.2013 00:00;;;;;;;;;966.1;;;;1013;3.5;11.1;12.6;40;10.8;38.9;;;;;;;;;;;;;;232;;
STK;26.08.2013 00:00;;;;;;;;;966.3;;;;1013.2;1.7;5.1;6.1;18.4;5;18;;;;;;;;;;;;;;198;;
STK;27.08.2013 00:00;;;;;;;;;967.2;;;;1014.1;1.7;10.5;6.1;37.8;10.3;37.1;;;;;;;;;;;;;;214;;
STK;28.08.2013 00:00;;;;;;;;;971.7;;;;1018.8;1.9;6.4;6.8;23;6;21.6;;;;;;;;;;;;;;261;;
STK;29.08.2013 00:00;;;;;;;;;974.7;;;;1021.9;1.2;4.1;4.3;14.8;4;14.4;;;;;;;;;;;;;;90;;
STK;30.08.2013 00:00;;;;;;;;;974.4;;;;1021.6;1.5;4.7;5.4;16.9;4.6;16.6;;;;;;;;;;;;;;180;;
STK;31.08.2013 00:00;;;;;;;;;975.6;;;;1022.9;2.2;6.7;7.9;24.1;6.4;23;;;;;;;;;;;;;;233;;
STK;01.09.2013 00:00;;;;;;;;;978.4;;;;1025.8;1.8;9.4;6.5;33.8;9.2;33.1;;;;;;;;;;;;;;45;;
STK;02.09.2013 00:00;;;;;;;;;980.3;;;;1027.8;1.9;5.4;6.8;19.4;5.3;19.1;;;;;;;;;;;;;;228;;
STK;03.09.2013 00:00;;;;;;;;;980;;;;1027.4;1.4;4.4;5;15.8;4.3;15.5;;;;;;;;;;;;;;72;;
STK;04.09.2013 00:00;;;;;;;;;975.9;;;;1023.3;1.4;4.8;5;17.3;4.7;16.9;;;;;;;;;;;;;;101;;
STK;05.09.2013 00:00;;;;;;;;;970.2;;;;1017.3;1.4;3.6;5;13;3.5;12.6;;;;;;;;;;;;;;90;;
STK;06.09.2013 00:00;;;;;;;;;966.7;;;;1013.6;1.6;5.5;5.8;19.8;5.4;19.4;;;;;;;;;;;;;;212;;
STK;07.09.2013 00:00;;;;;;;;;970;;;;1017.1;2.2;22.7;7.9;81.7;21.7;78.1;;;;;;;;;;;;;;249;;
STK;08.09.2013 00:00;;;;;;;;;972.6;;;;1019.7;2.5;12.9;9;46.4;12.3;44.3;;;;;;;;;;;;;;232;;
STK;09.09.2013 00:00;;;;;;;;;973.9;;;;1021.1;3.9;11.9;14;42.8;11.6;41.8;;;;;;;;;;;;;;235;;
STK;10.09.2013 00:00;;;;;;;;;970.7;;;;1017.8;4.1;12.7;14.8;45.7;12.7;45.7;;;;;;;;;;;;;;235;;
STK;11.09.2013 00:00;;;;;;;;;971;;;;1018.1;6.5;16.2;23.4;58.3;16;57.6;;;;;;;;;;;;;;238;;
STK;12.09.2013 00:00;;;;;;;;;971.8;;;;1018.9;6.6;14.3;23.8;51.5;13.8;49.7;;;;;;;;;;;;;;242;;
STK;13.09.2013 00:00;;;;;;;;;975.5;;;;1022.8;2.8;8.7;10.1;31.3;8.6;31;;;;;;;;;;;;;;231;;
STK;14.09.2013 00:00;;;;;;;;;970.9;;;;1018;1.6;5.7;5.8;20.5;5.7;20.5;;;;;;;;;;;;;;229;;
STK;15.09.2013 00:00;;;;;;;;;965.6;;;;1012.5;4;14;14.4;50.4;13.7;49.3;;;;;;;;;;;;;;237;;
STK;16.09.2013 00:00;;;;;;;;;961.3;;;;1008.1;5.5;14.3;19.8;51.5;14.1;50.8;;;;;;;;;;;;;;229;;
STK;17.09.2013 00:00;;;;;;;;;962.5;;;;1009.3;5.3;14.3;19.1;51.5;14.1;50.8;;;;;;;;;;;;;;236;;
STK;18.09.2013 00:00;;;;;;;;;957.8;;;;1004.4;8.7;19.9;31.3;71.6;19;68.4;;;;;;;;;;;;;;238;;
STK;19.09.2013 00:00;;;;;;;;;968.3;;;;1015.3;2.4;7.1;8.6;25.6;7;25.2;;;;;;;;;;;;;;241;;
STK;20.09.2013 00:00;;;;;;;;;972.7;;;;1019.9;4;10.7;14.4;38.5;10.6;38.2;;;;;;;;;;;;;;230;;
STK;21.09.2013 00:00;;;;;;;;;979.3;;;;1026.7;1.1;2.9;4;10.4;2.9;10.4;;;;;;;;;;;;;;135;;
STK;22.09.2013 00:00;;;;;;;;;980.9;;;;1028.4;1;3.6;3.6;13;3.5;12.6;;;;;;;;;;;;;;124;;
STK;23.09.2013 00:00;;;;;;;;;977.5;;;;1024.9;1.1;4;4;14.4;3.9;14;;;;;;;;;;;;;;90;;
STK;24.09.2013 00:00;;;;;;;;;971;;;;1018.1;1.2;4.3;4.3;15.5;4.2;15.1;;;;;;;;;;;;;;90;;
STK;25.09.2013 00:00;;;;;;;;;967.3;;;;1014.3;1.6;8.6;5.8;31;8.2;29.5;;;;;;;;;;;;;;225;;
STK;26.09.2013 00:00;;;;;;;;;968.6;;;;1015.6;2;8.7;7.2;31.3;8.4;30.2;;;;;;;;;;;;;;230;;
STK;27.09.2013 00:00;;;;;;;;;968.3;;;;1015.3;1.4;6.6;5;23.8;6.3;22.7;;;;;;;;;;;;;;51;;
STK;28.09.2013 00:00;;;;;;;;;964.8;;;;1011.6;1.8;7.3;6.5;26.3;7.3;26.3;;;;;;;;;;;;;;47;;
STK;29.09.2013 00:00;;;;;;;;;960.6;;;;1007.3;3.7;9.1;13.3;32.8;8.8;31.7;;;;;;;;;;;;;;53;;
STK;30.09.2013 00:00;;;;;;;;;961.4;;;;1008.1;2.2;6.1;7.9;22;6;21.6;;;;;;;;;;;;;;45;;
STK;01.10.2013 00:00;;;;;;;;;965.1;;;;1012;1.9;6.7;6.8;24.1;6.6;23.8;;;;;;;;;;;;;;52;;
STK;02.10.2013 00:00;;;;;;;;;970.8;;;;1017.9;2.6;6.9;9.4;24.8;6.8;24.5;;;;;;;;;;;;;;41;;
STK;03.10.2013 00:00;;;;;;;;;973.4;;;;1020.6;1.7;6.2;6.1;22.3;6.1;22;;;;;;;;;;;;;;7;;
STK;04.10.2013 00:00;;;;;;;;;973.2;;;;1020.4;1;4.9;3.6;17.6;4.8;17.3;;;;;;;;;;;;;;56;;
STK;05.10.2013 00:00;;;;;;;;;971.2;;;;1018.4;3.7;15.3;13.3;55.1;14.3;51.5;;;;;;;;;;;;;;230;;
STK;06.10.2013 00:00;;;;;;;;;976.5;;;;1023.8;2.9;7.6;10.4;27.4;7.1;25.6;;;;;;;;;;;;;;278;;
STK;07.10.2013 00:00;;;;;;;;;977.4;;;;1024.8;2.6;7;9.4;25.2;6.8;24.5;;;;;;;;;;;;;;41;;
STK;08.10.2013 00:00;;;;;;;;;977.1;;;;1024.5;0.8;3;2.9;10.8;2.9;10.4;;;;;;;;;;;;;;27;;
STK;09.10.2013 00:00;;;;;;;;;973.6;;;;1020.8;1.6;7.5;5.8;27;7.3;26.3;;;;;;;;;;;;;;232;;
STK;10.10.2013 00:00;;;;;;;;;964.7;;;;1011.6;3.6;12.9;13;46.4;12.5;45;;;;;;;;;;;;;;234;;
STK;11.10.2013 00:00;;;;;;;;;966.9;;;;1013.9;1.1;4.1;4;14.8;4.1;14.8;;;;;;;;;;;;;;135;;
STK;12.10.2013 00:00;;;;;;;;;969.5;;;;1016.5;2.1;7.1;7.6;25.6;6.9;24.8;;;;;;;;;;;;;;279;;
STK;13.10.2013 00:00;;;;;;;;;973.2;;;;1020.4;1.5;6.9;5.4;24.8;6.9;24.8;;;;;;;;;;;;;;180;;
STK;14.10.2013 00:00;;;;;;;;;972;;;;1019.1;1.2;4.5;4.3;16.2;4.4;15.8;;;;;;;;;;;;;;108;;
STK;15.10.2013 00:00;;;;;;;;;966.2;;;;1013.1;4.4;14.1;15.8;50.8;13.5;48.6;;;;;;;;;;;;;;232;;
STK;16.10.2013 00:00;;;;;;;;;968.8;;;;1015.9;2.2;7.4;7.9;26.6;7.3;26.3;;;;;;;;;;;;;;227;;
STK;17.10.2013 00:00;;;;;;;;;972.6;;;;1019.8;4.5;13.5;16.2;48.6;13.1;47.2;;;;;;;;;;;;;;238;;
STK;18.10.2013 00:00;;;;;;;;;972;;;;1019.2;1.3;5.1;4.7;18.4;5;18;;;;;;;;;;;;;;90;;
STK;19.10.2013 00:00;;;;;;;;;970.8;;;;1017.9;0.9;3.5;3.2;12.6;3.4;12.2;;;;;;;;;;;;;;108;;
STK;20.10.2013 00:00;;;;;;;;;972.2;;;;1019.4;1.6;9.3;5.8;33.5;9;32.4;;;;;;;;;;;;;;228;;
STK;21.10.2013 00:00;;;;;;;;;972.6;;;;1019.7;0.9;5.8;3.2;20.9;5.6;20.2;;;;;;;;;;;;;;90;;
STK;22.10.2013 00:00;;;;;;;;;966.1;;;;1013;1.1;5.6;4;20.2;5.5;19.8;;;;;;;;;;;;;;180;;
STK;23.10.2013 00:00;;;;;;;;;967.3;;;;1014.2;2.2;9.6;7.9;34.6;9.3;33.5;;;;;;;;;;;;;;227;;
STK;24.10.2013 00:00;;;;;;;;;972.6;;;;1019.7;0.9;3.7;3.2;13.3;3.6;13;;;;;;;;;;;;;;207;;
STK;25.10.2013 00:00;;;;;;;;;971.5;;;;1018.7;1.4;5.4;5;19.4;5.4;19.4;;;;;;;;;;;;;;207;;
STK;26.10.2013 00:00;;;;;;;;;972.2;;;;1019.3;0.8;2.7;2.9;9.7;2.7;9.7;;;;;;;;;;;;;;180;;
STK;27.10.2013 00:00;;;;;;;;;969.5;;;;1016.5;3.8;17.7;13.7;63.7;16.8;60.5;;;;;;;;;;;;;;234;;
STK;28.10.2013 00:00;;;;;;;;;964.7;;;;1011.5;4.5;20.1;16.2;72.4;19.1;68.8;;;;;;;;;;;;;;231;;
STK;29.10.2013 00:00;;;;;;;;;971.5;;;;1018.7;3.1;10.7;11.2;38.5;10.6;38.2;;;;;;;;;;;;;;228;;
STK;30.10.2013 00:00;;;;;;;;;977.4;;;;1024.7;1.6;5.8;5.8;20.9;5.7;20.5;;;;;;;;;;;;;;196;;
STK;31.10.2013 00:00;;;;;;;;;977.9;;;;1025.2;1.1;3.4;4;12.2;3.3;11.9;;;;;;;;;;;;;;186;;
STK;01.11.2013 00:00;;;;;;;;;973;;;;1020.2;0.9;3.1;3.2;11.2;3;10.8;;;;;;;;;;;;;;27;;
STK;02.11.2013 00:00;;;;;;;;;964.2;;;;1011;3.1;16.5;11.2;59.4;15.7;56.5;;;;;;;;;;;;;;231;;
STK;03.11.2013 00:00;;;;;;;;;964.4;;;;1011.2;5.9;22.7;21.2;81.7;21.9;78.8;;;;;;;;;;;;;;234;;
STK;04.11.2013 00:00;;;;;;;;;953.9;;;;1000.3;4.3;14.5;15.5;52.2;14;50.4;;;;;;;;;;;;;;232;;
STK;05.11.2013 00:00;;;;;;;;;955.7;;;;1002.2;4.1;14.6;14.8;52.6;14.4;51.8;;;;;;;;;;;;;;236;;
STK;06.11.2013 00:00;;;;;;;;;962.6;;;;1009.4;7.9;17.6;28.4;63.4;17.1;61.6;;;;;;;;;;;;;;234;;
STK;07.11.2013 00:00;;;;;;;;;968.2;;;;1015.2;4.8;14.8;17.3;53.3;14.4;51.8;;;;;;;;;;;;;;230;;
STK;08.11.2013 00:00;;;;;;;;;965.7;;;;1012.6;2.2;15.4;7.9;55.4;14.9;53.6;;;;;;;;;;;;;;236;;
STK;09.11.2013 00:00;;;;;;;;;967.8;;;;1014.8;4.5;14.2;16.2;51.1;13.9;50;;;;;;;;;;;;;;234;;
STK;10.11.2013 00:00;;;;;;;;;963.5;;;;1010.3;3.9;20.7;14;74.5;20.3;73.1;;;;;;;;;;;;;;242;;
STK;11.11.2013 00:00;;;;;;;;;980.8;;;;1028.2;2.8;9.5;10.1;34.2;9.3;33.5;;;;;;;;;;;;;;49;;
STK;12.11.2013 00:00;;;;;;;;;979.1;;;;1026.5;2.1;9.7;7.6;34.9;9.5;34.2;;;;;;;;;;;;;;56;;
STK;13.11.2013 00:00;;;;;;;;;980.9;;;;1028.4;4.4;13.3;15.8;47.9;13.1;47.2;;;;;;;;;;;;;;53;;
STK;14.11.2013 00:00;;;;;;;;;974.5;;;;1021.8;3.2;10.2;11.5;36.7;10.1;36.4;;;;;;;;;;;;;;245;;
STK;15.11.2013 00:00;;;;;;;;;974.6;;;;1021.9;7.2;15.8;25.9;56.9;15.1;54.4;;;;;;;;;;;;;;59;;
STK;16.11.2013 00:00;;;;;;;;;979.4;;;;1026.8;4.7;9.5;16.9;34.2;9.3;33.5;;;;;;;;;;;;;;56;;
STK;17.11.2013 00:00;;;;;;;;;974.6;;;;1021.9;1.4;5.3;5;19.1;5.2;18.7;;;;;;;;;;;;;;117;;
STK;18.11.2013 00:00;;;;;;;;;966;;;;1012.9;1.3;4.1;4.7;14.8;4;14.4;;;;;;;;;;;;;;180;;
STK;19.11.2013 00:00;;;;;;;;;958.4;;;;1005;2.4;6.5;8.6;23.4;6.3;22.7;;;;;;;;;;;;;;267;;
STK;20.11.2013 00:00;;;;;;;;;958.5;;;;1005.1;3.7;7;13.3;25.2;6.8;24.5;;;;;;;;;;;;;;243;;
STK;21.11.2013 00:00;;;;;;;;;951.4;;;;997.8;2.1;8.3;7.6;29.9;8.1;29.2;;;;;;;;;;;;;;6;;
STK;22.11.2013 00:00;;;;;;;;;956.5;;;;1003;2.5;9.6;9;34.6;9.5;34.2;;;;;;;;;;;;;;228;;
STK;23.11.2013 00:00;;;;;;;;;963;;;;1009.8;3.4;10.2;12.2;36.7;10.1;36.4;;;;;;;;;;;;;;35;;
STK;24.11.2013 00:00;;;;;;;;;970.1;;;;1017.2;3.4;9.1;12.2;32.8;9;32.4;;;;;;;;;;;;;;31;;
STK;25.11.2013 00:00;;;;;;;;;979.8;;;;1027.2;3.4;11.7;12.2;42.1;11.3;40.7;;;;;;;;;;;;;;59;;
STK;26.11.2013 00:00;;;;;;;;;983.4;;;;1030.9;1.8;7.1;6.5;25.6;7;25.2;;;;;;;;;;;;;;27;;
STK;27.11.2013 00:00;;;;;;;;;984;;;;1031.6;4;10.9;14.4;39.2;10.3;37.1;;;;;;;;;;;;;;57;;
STK;28.11.2013 00:00;;;;;;;;;984.2;;;;1031.9;0.8;3.6;2.9;13;3.5;12.6;;;;;;;;;;;;;;45;;
STK;29.11.2013 00:00;;;;;;;;;978.4;;;;1025.8;3.5;12.3;12.6;44.3;12.1;43.6;;;;;;;;;;;;;;232;;
STK;30.11.2013 00:00;;;;;;;;;973.3;;;;1020.5;2.1;12.8;7.6;46.1;12.4;44.6;;;;;;;;;;;;;;220;;
STK;01.12.2013 00:00;;;;;;;;;979.9;;;;1027.4;3.8;12.9;13.7;46.4;12.6;45.4;;;;;;;;;;;;;;61;;
STK;02.12.2013 00:00;;;;;;;;;981.1;;;;1028.6;7.4;15.7;26.6;56.5;15.2;54.7;;;;;;;;;;;;;;65;;
STK;03.12.2013 00:00;;;;;;;;;982;;;;1029.5;1.4;4;5;14.4;3.8;13.7;;;;;;;;;;;;;;194;;
STK;04.12.2013 00:00;;;;;;;;;980.9;;;;1028.4;1.6;4.4;5.8;15.8;4.3;15.5;;;;;;;;;;;;;;186;;
STK;05.12.2013 00:00;;;;;;;;;978.5;;;;1025.9;5.6;23.2;20.2;83.5;21.4;77;;;;;;;;;;;;;;227;;
STK;06.12.2013 00:00;;;;;;;;;976.8;;;;1024.1;9;19.9;32.4;71.6;19.6;70.6;;;;;;;;;;;;;;242;;
STK;07.12.2013 00:00;;;;;;;;;981.7;;;;1029.2;3.8;11.5;13.7;41.4;11.2;40.3;;;;;;;;;;;;;;241;;
STK;08.12.2013 00:00;;;;;;;;;982.6;;;;1030.1;1.3;4;4.7;14.4;3.9;14;;;;;;;;;;;;;;221;;
STK;09.12.2013 00:00;;;;;;;;;985.3;;;;1033;1;4.5;3.6;16.2;4.4;15.8;;;;;;;;;;;;;;191;;
STK;10.12.2013 00:00;;;;;;;;;987;;;;1034.7;1.4;4;5;14.4;3.9;14;;;;;;;;;;;;;;215;;
STK;11.12.2013 00:00;;;;;;;;;987;;;;1034.8;1.2;5.5;4.3;19.8;5.3;19.1;;;;;;;;;;;;;;90;;
STK;12.12.2013 00:00;;;;;;;;;984;;;;1031.6;1.2;4.8;4.3;17.3;4.7;16.9;;;;;;;;;;;;;;219;;
STK;13.12.2013 00:00;;;;;;;;;980.3;;;;1027.8;1.5;4.9;5.4;17.6;4.8;17.3;;;;;;;;;;;;;;207;;
STK;14.12.2013 00:00;;;;;;;;;983.8;;;;1031.5;2.5;6.9;9;24.8;6.6;23.8;;;;;;;;;;;;;;220;;
STK;15.12.2013 00:00;;;;;;;;;986.6;;;;1034.3;1;4;3.6;14.4;3.9;14;;;;;;;;;;;;;;198;;
STK;16.12.2013 00:00;;;;;;;;;985.3;;;;1032.9;0.9;2.8;3.2;10.1;2.8;10.1;;;;;;;;;;;;;;243;;
STK;17.12.2013 00:00;;;;;;;;;981.9;;;;1029.4;1.1;3.8;4;13.7;3.7;13.3;;;;;;;;;;;;;;360;;
STK;18.12.2013 00:00;;;;;;;;;977.1;;;;1024.5;1;4;3.6;14.4;4;14.4;;;;;;;;;;;;;;34;;
STK;19.12.2013 00:00;;;;;;;;;967.6;;;;1014.6;1.6;8.6;5.8;31;8.4;30.2;;;;;;;;;;;;;;236;;
STK;20.12.2013 00:00;;;;;;;;;978.9;;;;1026.3;2.7;8.5;9.7;30.6;8.4;30.2;;;;;;;;;;;;;;234;;
STK;21.12.2013 00:00;;;;;;;;;984.9;;;;1032.6;1.4;5.1;5;18.4;4.9;17.6;;;;;;;;;;;;;;218;;
STK;22.12.2013 00:00;;;;;;;;;978.1;;;;1025.5;1.8;16.7;6.5;60.1;16.6;59.8;;;;;;;;;;;;;;233;;
STK;23.12.2013 00:00;;;;;;;;;973;;;;1020.2;2.9;16.3;10.4;58.7;15.3;55.1;;;;;;;;;;;;;;231;;
STK;24.12.2013 00:00;;;;;;;;;958.7;;;;1005.3;0.9;3.2;3.2;11.5;3.1;11.2;;;;;;;;;;;;;;207;;
STK;25.12.2013 00:00;;;;;;;;;948.7;;;;994.9;2.2;10.2;7.9;36.7;10.1;36.4;;;;;;;;;;;;;;235;;
STK;26.12.2013 00:00;;;;;;;;;951.9;;;;998.2;3.5;8.7;12.6;31.3;8.6;31;;;;;;;;;;;;;;230;;
STK;27.12.2013 00:00;;;;;;;;;963.3;;;;1010;1.1;4.4;4;15.8;4.2;15.1;;;;;;;;;;;;;;217;;
STK;28.12.2013 00:00;;;;;;;;;961.3;;;;1008;2.1;12.6;7.6;45.4;12.5;45;;;;;;;;;;;;;;230;;
STK;29.12.2013 00:00;;;;;;;;;973.6;;;;1020.9;3.5;11.7;12.6;42.1;11.1;40;;;;;;;;;;;;;;232;;
STK;30.12.2013 00:00;;;;;;;;;979.5;;;;1027;1.2;4.8;4.3;17.3;4.7;16.9;;;;;;;;;;;;;;233;;
STK;31.12.2013 00:00;;;;;;;;;972.9;;;;1020.1;1;4.6;3.6;16.6;4.4;15.8;;;;;;;;;;;;;;236;;
STK;01.01.2014 00:00;;;;;;;;;968;;;;1015;1.2;4.6;4.3;16.6;4.5;16.2;;;;;;;;;;;;;;225;;
STK;02.01.2014 00:00;;;;;;;;;963.6;;;;1010.4;1.3;6.7;4.7;24.1;6.4;23;;;;;;;;;;;;;;225;;
STK;03.01.2014 00:00;;;;;;;;;968;;;;1015;1.4;7.1;5;25.6;7;25.2;;;;;;;;;;;;;;229;;
STK;04.01.2014 00:00;;;;;;;;;961.3;;;;1008;1.7;7.6;6.1;27.4;7.3;26.3;;;;;;;;;;;;;;216;;
STK;05.01.2014 00:00;;;;;;;;;964.4;;;;1011.2;4;14.2;14.4;51.1;13.4;48.2;;;;;;;;;;;;;;228;;
STK;06.01.2014 00:00;;;;;;;;;969.4;;;;1016.4;1.1;4;4;14.4;3.9;14;;;;;;;;;;;;;;207;;
STK;07.01.2014 00:00;;;;;;;;;972.8;;;;1020;0.9;3.3;3.2;11.9;3.2;11.5;;;;;;;;;;;;;;90;;
STK;08.01.2014 00:00;;;;;;;;;975.7;;;;1023;0.8;3;2.9;10.8;3;10.8;;;;;;;;;;;;;;90;;
STK;09.01.2014 00:00;;;;;;;;;969.7;;;;1016.8;1.8;11.9;6.5;42.8;11.6;41.8;;;;;;;;;;;;;;246;;
STK;10.01.2014 00:00;;;;;;;;;973.1;;;;1020.3;1.8;8.8;6.5;31.7;8.6;31;;;;;;;;;;;;;;225;;
STK;11.01.2014 00:00;;;;;;;;;973.4;;;;1020.6;2;7;7.2;25.2;6.9;24.8;;;;;;;;;;;;;;227;;
STK;12.01.2014 00:00;;;;;;;;;975.8;;;;1023.1;1.4;5.6;5;20.2;5.5;19.8;;;;;;;;;;;;;;76;;
STK;13.01.2014 00:00;;;;;;;;;968.8;;;;1015.8;2.2;10.2;7.9;36.7;10.1;36.4;;;;;;;;;;;;;;217;;
STK;14.01.2014 00:00;;;;;;;;;961.7;;;;1008.5;2.2;8.7;7.9;31.3;8.5;30.6;;;;;;;;;;;;;;234;;
STK;15.01.2014 00:00;;;;;;;;;965.8;;;;1012.7;1.8;7.2;6.5;25.9;7.1;25.6;;;;;;;;;;;;;;225;;
STK;16.01.2014 00:00;;;;;;;;;960.6;;;;1007.3;1.5;6.3;5.4;22.7;6.1;22;;;;;;;;;;;;;;219;;
STK;17.01.2014 00:00;;;;;;;;;959.6;;;;1006.3;1.3;4.3;4.7;15.5;4.2;15.1;;;;;;;;;;;;;;225;;
STK;18.01.2014 00:00;;;;;;;;;956.5;;;;1003.1;1.8;5.1;6.5;18.4;4.9;17.6;;;;;;;;;;;;;;30;;
STK;19.01.2014 00:00;;;;;;;;;952.8;;;;999.2;1.3;4.8;4.7;17.3;4.7;16.9;;;;;;;;;;;;;;219;;
STK;20.01.2014 00:00;;;;;;;;;956.8;;;;1003.3;2.7;9;9.7;32.4;9;32.4;;;;;;;;;;;;;;240;;
STK;21.01.2014 00:00;;;;;;;;;964.9;;;;1011.7;4.1;10.5;14.8;37.8;10.3;37.1;;;;;;;;;;;;;;236;;
STK;22.01.2014 00:00;;;;;;;;;965.7;;;;1012.6;0.8;3.7;2.9;13.3;3.6;13;;;;;;;;;;;;;;90;;
STK;23.01.2014 00:00;;;;;;;;;968.5;;;;1015.5;3;12.3;10.8;44.3;11.7;42.1;;;;;;;;;;;;;;234;;
STK;24.01.2014 00:00;;;;;;;;;968.4;;;;1015.4;4;12.2;14.4;43.9;11.9;42.8;;;;;;;;;;;;;;237;;
STK;25.01.2014 00:00;;;;;;;;;970.5;;;;1017.6;2.9;15.7;10.4;56.5;15.2;54.7;;;;;;;;;;;;;;234;;
STK;26.01.2014 00:00;;;;;;;;;963.8;;;;1010.7;6.4;14.7;23;52.9;14.5;52.2;;;;;;;;;;;;;;238;;
STK;27.01.2014 00:00;;;;;;;;;954.3;;;;1000.8;4.7;15.7;16.9;56.5;15.2;54.7;;;;;;;;;;;;;;234;;
STK;28.01.2014 00:00;;;;;;;;;954.4;;;;1000.8;1.1;4.9;4;17.6;4.8;17.3;;;;;;;;;;;;;;104;;
STK;29.01.2014 00:00;;;;;;;;;953.4;;;;999.8;1.4;6.2;5;22.3;6;21.6;;;;;;;;;;;;;;63;;
STK;30.01.2014 00:00;;;;;;;;;958.4;;;;1005.1;1.3;3.9;4.7;14;3.8;13.7;;;;;;;;;;;;;;32;;
STK;31.01.2014 00:00;;;;;;;;;962.1;;;;1008.9;1.3;3.8;4.7;13.7;3.7;13.3;;;;;;;;;;;;;;217;;
STK;01.02.2014 00:00;;;;;;;;;960.3;;;;1007;1.1;4.4;4;15.8;4.3;15.5;;;;;;;;;;;;;;214;;
STK;02.02.2014 00:00;;;;;;;;;967;;;;1014;1.4;4.7;5;16.9;4.6;16.6;;;;;;;;;;;;;;207;;
STK;03.02.2014 00:00;;;;;;;;;964.2;;;;1011;2.7;9.5;9.7;34.2;9.4;33.8;;;;;;;;;;;;;;54;;
STK;04.02.2014 00:00;;;;;;;;;964.5;;;;1011.3;1.2;4.2;4.3;15.1;4.2;15.1;;;;;;;;;;;;;;225;;
STK;05.02.2014 00:00;;;;;;;;;958;;;;1004.6;2.7;10.4;9.7;37.4;10.3;37.1;;;;;;;;;;;;;;243;;
STK;06.02.2014 00:00;;;;;;;;;961.9;;;;1008.7;2.6;9.5;9.4;34.2;9.2;33.1;;;;;;;;;;;;;;242;;
STK;07.02.2014 00:00;;;;;;;;;958.7;;;;1005.4;5;20.1;18;72.4;19.6;70.6;;;;;;;;;;;;;;236;;
STK;08.02.2014 00:00;;;;;;;;;956;;;;1002.5;2.3;10.7;8.3;38.5;10.1;36.4;;;;;;;;;;;;;;223;;
STK;09.02.2014 00:00;;;;;;;;;955.8;;;;1002.3;5.5;22.6;19.8;81.4;21.7;78.1;;;;;;;;;;;;;;232;;
STK;10.02.2014 00:00;;;;;;;;;949.3;;;;995.6;3;11.3;10.8;40.7;11;39.6;;;;;;;;;;;;;;231;;
STK;11.02.2014 00:00;;;;;;;;;960.4;;;;1007.1;3.7;12.2;13.3;43.9;12;43.2;;;;;;;;;;;;;;232;;
STK;12.02.2014 00:00;;;;;;;;;963.8;;;;1010.6;2.8;10.9;10.1;39.2;10.6;38.2;;;;;;;;;;;;;;237;;
STK;13.02.2014 00:00;;;;;;;;;957.3;;;;1003.9;5.4;23.5;19.4;84.6;22.4;80.6;;;;;;;;;;;;;;231;;
STK;14.02.2014 00:00;;;;;;;;;963.3;;;;1010.1;2.3;14.7;8.3;52.9;13.7;49.3;;;;;;;;;;;;;;214;;
STK;15.02.2014 00:00;;;;;;;;;960.3;;;;1007;3.1;12.5;11.2;45;12.2;43.9;;;;;;;;;;;;;;239;;
STK;16.02.2014 00:00;;;;;;;;;968.2;;;;1015.2;3;9.4;10.8;33.8;9.2;33.1;;;;;;;;;;;;;;229;;
STK;17.02.2014 00:00;;;;;;;;;969.5;;;;1016.5;0.9;3.5;3.2;12.6;3.3;11.9;;;;;;;;;;;;;;180;;
STK;18.02.2014 00:00;;;;;;;;;969.3;;;;1016.4;1.1;3.8;4;13.7;3.7;13.3;;;;;;;;;;;;;;198;;
STK;19.02.2014 00:00;;;;;;;;;969.4;;;;1016.5;1.5;5.5;5.4;19.8;5.4;19.4;;;;;;;;;;;;;;229;;
STK;20.02.2014 00:00;;;;;;;;;967.9;;;;1014.9;1.2;4;4.3;14.4;3.9;14;;;;;;;;;;;;;;81;;
STK;21.02.2014 00:00;;;;;;;;;965.7;;;;1012.6;3.1;13.2;11.2;47.5;12.8;46.1;;;;;;;;;;;;;;228;;
STK;22.02.2014 00:00;;;;;;;;;971.1;;;;1018.2;2.7;12.1;9.7;43.6;11.8;42.5;;;;;;;;;;;;;;231;;
STK;23.02.2014 00:00;;;;;;;;;975.2;;;;1022.5;1.4;5.2;5;18.7;5.1;18.4;;;;;;;;;;;;;;124;;
STK;24.02.2014 00:00;;;;;;;;;970.9;;;;1018;1.3;3.5;4.7;12.6;3.5;12.6;;;;;;;;;;;;;;124;;
STK;25.02.2014 00:00;;;;;;;;;968.8;;;;1015.9;1;5.7;3.6;20.5;5.6;20.2;;;;;;;;;;;;;;90;;
STK;26.02.2014 00:00;;;;;;;;;969.2;;;;1016.3;2.5;9.5;9;34.2;9.3;33.5;;;;;;;;;;;;;;240;;
STK;27.02.2014 00:00;;;;;;;;;971.2;;;;1018.4;2.4;10.8;8.6;38.9;10.6;38.2;;;;;;;;;;;;;;223;;
STK;28.02.2014 00:00;;;;;;;;;958.9;;;;1005.6;3.1;12.5;11.2;45;12.1;43.6;;;;;;;;;;;;;;231;;
STK;01.03.2014 00:00;;;;;;;;;956.1;;;;1002.6;1.8;6.5;6.5;23.4;6.4;23;;;;;;;;;;;;;;231;;
STK;02.03.2014 00:00;;;;;;;;;956.8;;;;1003.4;1;4.2;3.6;15.1;4.1;14.8;;;;;;;;;;;;;;72;;
STK;03.03.2014 00:00;;;;;;;;;949.6;;;;995.9;3;12;10.8;43.2;11.7;42.1;;;;;;;;;;;;;;238;;
STK;04.03.2014 00:00;;;;;;;;;956.6;;;;1003.2;2.3;5.8;8.3;20.9;5.6;20.2;;;;;;;;;;;;;;231;;
STK;05.03.2014 00:00;;;;;;;;;970.5;;;;1017.6;1.2;7;4.3;25.2;6.8;24.5;;;;;;;;;;;;;;207;;
STK;06.03.2014 00:00;;;;;;;;;979;;;;1026.4;2.1;10.3;7.6;37.1;10.2;36.7;;;;;;;;;;;;;;68;;
STK;07.03.2014 00:00;;;;;;;;;978.8;;;;1026.2;1.1;3.7;4;13.3;3.6;13;;;;;;;;;;;;;;124;;
STK;08.03.2014 00:00;;;;;;;;;982.7;;;;1030.2;1.9;7.6;6.8;27.4;7.2;25.9;;;;;;;;;;;;;;67;;
STK;09.03.2014 00:00;;;;;;;;;981.2;;;;1028.7;1.1;2.9;4;10.4;2.8;10.1;;;;;;;;;;;;;;146;;
STK;10.03.2014 00:00;;;;;;;;;975.9;;;;1023.2;1.3;4.8;4.7;17.3;4.7;16.9;;;;;;;;;;;;;;76;;
STK;11.03.2014 00:00;;;;;;;;;977.8;;;;1025.2;3.2;11.3;11.5;40.7;11.1;40;;;;;;;;;;;;;;64;;
STK;12.03.2014 00:00;;;;;;;;;981.2;;;;1028.7;1.3;3.5;4.7;12.6;3.4;12.2;;;;;;;;;;;;;;90;;
STK;13.03.2014 00:00;;;;;;;;;980.5;;;;1028;1.2;3.7;4.3;13.3;3.5;12.6;;;;;;;;;;;;;;135;;
STK;14.03.2014 00:00;;;;;;;;;978.3;;;;1025.7;1.2;4.2;4.3;15.1;4.2;15.1;;;;;;;;;;;;;;211;;
STK;15.03.2014 00:00;;;;;;;;;976.1;;;;1023.4;4.5;13.3;16.2;47.9;13;46.8;;;;;;;;;;;;;;243;;
STK;16.03.2014 00:00;;;;;;;;;976.4;;;;1023.7;6.5;14.3;23.4;51.5;13.9;50;;;;;;;;;;;;;;233;;
STK;17.03.2014 00:00;;;;;;;;;974.8;;;;1022.1;2.3;6.4;8.3;23;6.2;22.3;;;;;;;;;;;;;;235;;
STK;18.03.2014 00:00;;;;;;;;;971.1;;;;1018.2;3;10.5;10.8;37.8;10.3;37.1;;;;;;;;;;;;;;242;;
STK;19.03.2014 00:00;;;;;;;;;979;;;;1026.4;3.8;12.3;13.7;44.3;11.9;42.8;;;;;;;;;;;;;;245;;
STK;20.03.2014 00:00;;;;;;;;;973.4;;;;1020.6;1.6;5.3;5.8;19.1;5.2;18.7;;;;;;;;;;;;;;180;;
STK;21.03.2014 00:00;;;;;;;;;967.7;;;;1014.7;3.6;15.5;13;55.8;13.9;50;;;;;;;;;;;;;;233;;
STK;22.03.2014 00:00;;;;;;;;;961.8;;;;1008.5;3.8;14.4;13.7;51.8;13.6;49;;;;;;;;;;;;;;236;;
STK;23.03.2014 00:00;;;;;;;;;961.8;;;;1008.5;2.7;8.4;9.7;30.2;8.3;29.9;;;;;;;;;;;;;;220;;
STK;24.03.2014 00:00;;;;;;;;;965.6;;;;1012.5;2.7;12.7;9.7;45.7;12.3;44.3;;;;;;;;;;;;;;229;;
STK;25.03.2014 00:00;;;;;;;;;962.8;;;;1009.6;1.4;6.3;5;22.7;6.3;22.7;;;;;;;;;;;;;;63;;
STK;26.03.2014 00:00;;;;;;;;;963.3;;;;1010.1;1.6;6;5.8;21.6;5.6;20.2;;;;;;;;;;;;;;50;;
STK;27.03.2014 00:00;;;;;;;;;963.2;;;;1010;1.4;4.3;5;15.5;4.2;15.1;;;;;;;;;;;;;;135;;
STK;28.03.2014 00:00;;;;;;;;;968.3;;;;1015.3;1.5;3.9;5.4;14;3.8;13.7;;;;;;;;;;;;;;104;;
STK;29.03.2014 00:00;;;;;;;;;971.2;;;;1018.3;1.4;4.1;5;14.8;4.1;14.8;;;;;;;;;;;;;;63;;
STK;30.03.2014 00:00;;;;;;;;;969.3;;;;1016.4;1.2;3.6;4.3;13;3.4;12.2;;;;;;;;;;;;;;135;;
STK;31.03.2014 00:00;;;;;;;;;968;;;;1015;1.4;4.4;5;15.8;4.3;15.5;;;;;;;;;;;;;;180;;
STK;01.04.2014 00:00;;;;;;;;;965.9;;;;1012.8;1.1;3.6;4;13;3.5;12.6;;;;;;;;;;;;;;108;;
STK;02.04.2014 00:00;;;;;;;;;962.4;;;;1009.2;1.3;5.9;4.7;21.2;5.7;20.5;;;;;;;;;;;;;;90;;
STK;03.04.2014 00:00;;;;;;;;;959;;;;1005.6;1.2;6.1;4.3;22;5.8;20.9;;;;;;;;;;;;;;108;;
STK;04.04.2014 00:00;;;;;;;;;960.2;;;;1006.9;1.7;5.4;6.1;19.4;5.1;18.4;;;;;;;;;;;;;;230;;
STK;05.04.2014 00:00;;;;;;;;;968.1;;;;1015.1;2.9;6.1;10.4;22;6;21.6;;;;;;;;;;;;;;229;;
STK;06.04.2014 00:00;;;;;;;;;973.1;;;;1020.3;1.3;4;4.7;14.4;3.9;14;;;;;;;;;;;;;;217;;
STK;07.04.2014 00:00;;;;;;;;;971.4;;;;1018.5;0.9;3.1;3.2;11.2;3;10.8;;;;;;;;;;;;;;63;;
STK;08.04.2014 00:00;;;;;;;;;973;;;;1020.2;5;16.9;18;60.8;16.4;59;;;;;;;;;;;;;;242;;
STK;09.04.2014 00:00;;;;;;;;;978.2;;;;1025.5;2.2;6.2;7.9;22.3;6.1;22;;;;;;;;;;;;;;230;;
STK;10.04.2014 00:00;;;;;;;;;974.8;;;;1022.1;2.1;6.5;7.6;23.4;6.3;22.7;;;;;;;;;;;;;;72;;
STK;11.04.2014 00:00;;;;;;;;;969.8;;;;1016.9;1.6;6.3;5.8;22.7;6.1;22;;;;;;;;;;;;;;63;;
STK;12.04.2014 00:00;;;;;;;;;969.2;;;;1016.2;1.5;4.9;5.4;17.6;4.8;17.3;;;;;;;;;;;;;;198;;
STK;13.04.2014 00:00;;;;;;;;;971.8;;;;1018.9;2.1;6.6;7.6;23.8;6.4;23;;;;;;;;;;;;;;235;;
STK;14.04.2014 00:00;;;;;;;;;971.9;;;;1019.1;5;15.9;18;57.2;15.6;56.2;;;;;;;;;;;;;;259;;
STK;15.04.2014 00:00;;;;;;;;;976.6;;;;1023.9;3.2;9.9;11.5;35.6;9.6;34.6;;;;;;;;;;;;;;42;;
STK;16.04.2014 00:00;;;;;;;;;979.2;;;;1026.6;4.7;12.8;16.9;46.1;12.7;45.7;;;;;;;;;;;;;;63;;
STK;17.04.2014 00:00;;;;;;;;;973.4;;;;1020.6;2.1;7.1;7.6;25.6;6.9;24.8;;;;;;;;;;;;;;61;;
STK;18.04.2014 00:00;;;;;;;;;966.2;;;;1013.2;2.3;11.2;8.3;40.3;11;39.6;;;;;;;;;;;;;;240;;
STK;19.04.2014 00:00;;;;;;;;;963.1;;;;1009.9;3.8;11.5;13.7;41.4;11.3;40.7;;;;;;;;;;;;;;56;;
STK;20.04.2014 00:00;;;;;;;;;959.2;;;;1005.8;1.7;4.7;6.1;16.9;4.5;16.2;;;;;;;;;;;;;;146;;
STK;21.04.2014 00:00;;;;;;;;;958.6;;;;1005.2;2.6;7;9.4;25.2;6.9;24.8;;;;;;;;;;;;;;239;;
STK;22.04.2014 00:00;;;;;;;;;965.9;;;;1012.8;1.4;5.6;5;20.2;5.4;19.4;;;;;;;;;;;;;;207;;
STK;23.04.2014 00:00;;;;;;;;;971.2;;;;1018.3;1.6;7.1;5.8;25.6;7;25.2;;;;;;;;;;;;;;60;;
STK;24.04.2014 00:00;;;;;;;;;969.2;;;;1016.3;2;7.2;7.2;25.9;6.9;24.8;;;;;;;;;;;;;;63;;
STK;25.04.2014 00:00;;;;;;;;;964.3;;;;1011.2;2.7;9.6;9.7;34.6;9.4;33.8;;;;;;;;;;;;;;252;;
STK;26.04.2014 00:00;;;;;;;;;964.4;;;;1011.2;2.4;13.9;8.6;50;13.3;47.9;;;;;;;;;;;;;;234;;
STK;27.04.2014 00:00;;;;;;;;;963.4;;;;1010.2;3.4;13.1;12.2;47.2;12.6;45.4;;;;;;;;;;;;;;238;;
STK;28.04.2014 00:00;;;;;;;;;964.4;;;;1011.2;3.1;8.6;11.2;31;8.3;29.9;;;;;;;;;;;;;;233;;
STK;29.04.2014 00:00;;;;;;;;;966.3;;;;1013.3;2.2;8.4;7.9;30.2;8.2;29.5;;;;;;;;;;;;;;225;;
STK;30.04.2014 00:00;;;;;;;;;964.7;;;;1011.6;3.2;9.7;11.5;34.9;9.3;33.5;;;;;;;;;;;;;;226;;
STK;01.05.2014 00:00;;;;;;;;;965.6;;;;1012.5;2.4;7.6;8.6;27.4;7.4;26.6;;;;;;;;;;;;;;239;;
STK;02.05.2014 00:00;;;;;;;;;965.7;;;;1012.6;1.4;8.9;5;32;8.8;31.7;;;;;;;;;;;;;;233;;
STK;03.05.2014 00:00;;;;;;;;;972.4;;;;1019.5;4.8;10.4;17.3;37.4;10.2;36.7;;;;;;;;;;;;;;39;;
STK;04.05.2014 00:00;;;;;;;;;973.7;;;;1020.9;3.9;10.1;14;36.4;9.7;34.9;;;;;;;;;;;;;;62;;
STK;05.05.2014 00:00;;;;;;;;;970.2;;;;1017.3;1.7;5.8;6.1;20.9;5.7;20.5;;;;;;;;;;;;;;74;;
STK;06.05.2014 00:00;;;;;;;;;968.6;;;;1015.6;4.1;16.1;14.8;58;15.4;55.4;;;;;;;;;;;;;;236;;
STK;07.05.2014 00:00;;;;;;;;;969.5;;;;1016.6;5.4;14.7;19.4;52.9;14.3;51.5;;;;;;;;;;;;;;238;;
STK;08.05.2014 00:00;;;;;;;;;970.8;;;;1017.9;4.2;11.5;15.1;41.4;11.4;41;;;;;;;;;;;;;;239;;
STK;09.05.2014 00:00;;;;;;;;;971;;;;1018.1;5.9;14.8;21.2;53.3;13.9;50;;;;;;;;;;;;;;242;;
STK;10.05.2014 00:00;;;;;;;;;968.4;;;;1015.4;3.8;18.8;13.7;67.7;18.2;65.5;;;;;;;;;;;;;;244;;
STK;11.05.2014 00:00;;;;;;;;;965.3;;;;1012.2;9.3;25.2;33.5;90.7;24.7;88.9;;;;;;;;;;;;;;242;;
STK;12.05.2014 00:00;;;;;;;;;968.9;;;;1015.9;6.6;17.8;23.8;64.1;17.3;62.3;;;;;;;;;;;;;;242;;
STK;13.05.2014 00:00;;;;;;;;;971.4;;;;1018.5;4;14.5;14.4;52.2;14.3;51.5;;;;;;;;;;;;;;233;;
STK;14.05.2014 00:00;;;;;;;;;979.4;;;;1026.9;3.4;11.3;12.2;40.7;11;39.6;;;;;;;;;;;;;;242;;
STK;15.05.2014 00:00;;;;;;;;;982.3;;;;1029.8;3.4;11.9;12.2;42.8;11.7;42.1;;;;;;;;;;;;;;48;;
STK;16.05.2014 00:00;;;;;;;;;978.5;;;;1025.9;4.5;12.4;16.2;44.6;12.1;43.6;;;;;;;;;;;;;;59;;
STK;17.05.2014 00:00;;;;;;;;;973.2;;;;1020.3;1.4;6.9;5;24.8;6.7;24.1;;;;;;;;;;;;;;63;;
STK;18.05.2014 00:00;;;;;;;;;967.1;;;;1014.1;1.4;3.8;5;13.7;3.8;13.7;;;;;;;;;;;;;;81;;
STK;19.05.2014 00:00;;;;;;;;;963.7;;;;1010.6;1.6;5.5;5.8;19.8;5.3;19.1;;;;;;;;;;;;;;81;;
STK;20.05.2014 00:00;;;;;;;;;966.9;;;;1013.8;1.4;4.4;5;15.8;4.2;15.1;;;;;;;;;;;;;;90;;
STK;21.05.2014 00:00;;;;;;;;;965.7;;;;1012.7;1.4;6.2;5;22.3;6.1;22;;;;;;;;;;;;;;59;;
STK;22.05.2014 00:00;;;;;;;;;963.4;;;;1010.3;2.9;14;10.4;50.4;13.1;47.2;;;;;;;;;;;;;;239;;
STK;23.05.2014 00:00;;;;;;;;;965.5;;;;1012.4;3.1;15.5;11.2;55.8;15.1;54.4;;;;;;;;;;;;;;236;;
STK;24.05.2014 00:00;;;;;;;;;969.9;;;;1017;3.5;13.5;12.6;48.6;13.4;48.2;;;;;;;;;;;;;;242;;
STK;25.05.2014 00:00;;;;;;;;;970.7;;;;1017.8;2.7;8.5;9.7;30.6;8.2;29.5;;;;;;;;;;;;;;54;;
STK;26.05.2014 00:00;;;;;;;;;967.7;;;;1014.7;2.7;8;9.7;28.8;7.9;28.4;;;;;;;;;;;;;;240;;
STK;27.05.2014 00:00;;;;;;;;;966.8;;;;1013.7;4.6;12.7;16.6;45.7;12;43.2;;;;;;;;;;;;;;237;;
STK;28.05.2014 00:00;;;;;;;;;966.8;;;;1013.8;2.6;7;9.4;25.2;6.7;24.1;;;;;;;;;;;;;;233;;
STK;29.05.2014 00:00;;;;;;;;;968.5;;;;1015.5;1.7;7.1;6.1;25.6;7.1;25.6;;;;;;;;;;;;;;30;;
STK;30.05.2014 00:00;;;;;;;;;972.3;;;;1019.5;2.2;8;7.9;28.8;8;28.8;;;;;;;;;;;;;;73;;
STK;31.05.2014 00:00;;;;;;;;;973.2;;;;1020.4;2.1;7.8;7.6;28.1;7.6;27.4;;;;;;;;;;;;;;38;;
STK;01.06.2014 00:00;;;;;;;;;972.3;;;;1019.5;1.6;6.7;5.8;24.1;6.6;23.8;;;;;;;;;;;;;;56;;
STK;02.06.2014 00:00;;;;;;;;;971.1;;;;1018.2;2.2;8.6;7.9;31;8.4;30.2;;;;;;;;;;;;;;53;;
STK;03.06.2014 00:00;;;;;;;;;968.8;;;;1015.8;1.3;5.9;4.7;21.2;5.8;20.9;;;;;;;;;;;;;;225;;
STK;04.06.2014 00:00;;;;;;;;;964.8;;;;1011.6;3.1;15.5;11.2;55.8;15.1;54.4;;;;;;;;;;;;;;227;;
STK;05.06.2014 00:00;;;;;;;;;969.5;;;;1016.5;2.2;11.1;7.9;40;10.9;39.2;;;;;;;;;;;;;;227;;
STK;06.06.2014 00:00;;;;;;;;;970.5;;;;1017.5;1.3;3.5;4.7;12.6;3.4;12.2;;;;;;;;;;;;;;104;;
STK;07.06.2014 00:00;;;;;;;;;971.1;;;;1018.2;1.4;3.7;5;13.3;3.6;13;;;;;;;;;;;;;;81;;
STK;08.06.2014 00:00;;;;;;;;;972.6;;;;1019.8;1.2;3;4.3;10.8;3;10.8;;;;;;;;;;;;;;117;;
STK;09.06.2014 00:00;;;;;;;;;971.8;;;;1019;1.7;9.2;6.1;33.1;8.9;32;;;;;;;;;;;;;;162;;
STK;10.06.2014 00:00;;;;;;;;;972.4;;;;1019.5;2.1;15.9;7.6;57.2;14.9;53.6;;;;;;;;;;;;;;243;;
STK;11.06.2014 00:00;;;;;;;;;976.5;;;;1023.8;1.8;9.2;6.5;33.1;8.9;32;;;;;;;;;;;;;;53;;
STK;12.06.2014 00:00;;;;;;;;;976;;;;1023.2;1.8;10.1;6.5;36.4;9.8;35.3;;;;;;;;;;;;;;53;;
STK;13.06.2014 00:00;;;;;;;;;972.3;;;;1019.5;1.8;9.9;6.5;35.6;9.7;34.9;;;;;;;;;;;;;;51;;
STK;14.06.2014 00:00;;;;;;;;;970.4;;;;1017.5;4.6;12.3;16.6;44.3;12.1;43.6;;;;;;;;;;;;;;37;;
STK;15.06.2014 00:00;;;;;;;;;970.6;;;;1017.7;6.9;16.3;24.8;58.7;15.5;55.8;;;;;;;;;;;;;;54;;
STK;16.06.2014 00:00;;;;;;;;;970.5;;;;1017.6;4.4;9.9;15.8;35.6;9.8;35.3;;;;;;;;;;;;;;45;;
STK;17.06.2014 00:00;;;;;;;;;970.3;;;;1017.4;5.2;12.7;18.7;45.7;12.3;44.3;;;;;;;;;;;;;;48;;
STK;18.06.2014 00:00;;;;;;;;;970.6;;;;1017.7;3.8;9.7;13.7;34.9;9.6;34.6;;;;;;;;;;;;;;53;;
STK;19.06.2014 00:00;;;;;;;;;970.9;;;;1018;2;10.5;7.2;37.8;10.2;36.7;;;;;;;;;;;;;;221;;
STK;20.06.2014 00:00;;;;;;;;;970.6;;;;1017.7;2.1;9.3;7.6;33.5;8.9;32;;;;;;;;;;;;;;68;;
STK;21.06.2014 00:00;;;;;;;;;970.9;;;;1018;1.8;7.6;6.5;27.4;7.3;26.3;;;;;;;;;;;;;;48;;
STK;22.06.2014 00:00;;;;;;;;;971.9;;;;1019.1;1.9;6.5;6.8;23.4;6.4;23;;;;;;;;;;;;;;63;;
STK;23.06.2014 00:00;;;;;;;;;972;;;;1019.2;1.8;14.2;6.5;51.1;13.5;48.6;;;;;;;;;;;;;;45;;
STK;24.06.2014 00:00;;;;;;;;;969.5;;;;1016.5;2.1;7.8;7.6;28.1;7.7;27.7;;;;;;;;;;;;;;51;;
STK;25.06.2014 00:00;;;;;;;;;965.7;;;;1012.7;1.9;9.5;6.8;34.2;9.2;33.1;;;;;;;;;;;;;;56;;
STK;26.06.2014 00:00;;;;;;;;;967.7;;;;1014.6;1.5;6.2;5.4;22.3;6.1;22;;;;;;;;;;;;;;90;;
STK;27.06.2014 00:00;;;;;;;;;969.7;;;;1016.8;2.1;6.3;7.6;22.7;6;21.6;;;;;;;;;;;;;;232;;
STK;28.06.2014 00:00;;;;;;;;;966.9;;;;1013.9;2;15;7.2;54;14;50.4;;;;;;;;;;;;;;22;;
STK;29.06.2014 00:00;;;;;;;;;965.6;;;;1012.5;4.1;15.1;14.8;54.4;14.8;53.3;;;;;;;;;;;;;;221;;
STK;30.06.2014 00:00;;;;;;;;;970.7;;;;1017.8;3.7;10.5;13.3;37.8;10.4;37.4;;;;;;;;;;;;;;236;;
STK;01.07.2014 00:00;;;;;;;;;971.1;;;;1018.2;1.3;4.4;4.7;15.8;4.4;15.8;;;;;;;;;;;;;;68;;
STK;02.07.2014 00:00;;;;;;;;;974.8;;;;1022;1.2;6.6;4.3;23.8;6.5;23.4;;;;;;;;;;;;;;203;;
STK;03.07.2014 00:00;;;;;;;;;977.5;;;;1024.8;1.6;4.5;5.8;16.2;4.4;15.8;;;;;;;;;;;;;;60;;
STK;04.07.2014 00:00;;;;;;;;;966.9;;;;1013.9;2.2;24.7;7.9;88.9;23.8;85.7;;;;;;;;;;;;;;221;;
STK;05.07.2014 00:00;;;;;;;;;967.6;;;;1014.5;3;10.4;10.8;37.4;10.1;36.4;;;;;;;;;;;;;;235;;
STK;06.07.2014 00:00;;;;;;;;;966.4;;;;1013.3;2.3;21;8.3;75.6;20.2;72.7;;;;;;;;;;;;;;270;;
STK;07.07.2014 00:00;;;;;;;;;968.3;;;;1015.3;2.2;13.8;7.9;49.7;13.4;48.2;;;;;;;;;;;;;;90;;
STK;08.07.2014 00:00;;;;;;;;;965.6;;;;1012.5;6.4;15.6;23;56.2;15;54;;;;;;;;;;;;;;233;;
STK;09.07.2014 00:00;;;;;;;;;965.3;;;;1012.2;6.2;13.3;22.3;47.9;13.1;47.2;;;;;;;;;;;;;;241;;
STK;10.07.2014 00:00;;;;;;;;;964.9;;;;1011.8;5.7;12.7;20.5;45.7;12.2;43.9;;;;;;;;;;;;;;231;;
STK;11.07.2014 00:00;;;;;;;;;967;;;;1013.9;4.2;10;15.1;36;9.9;35.6;;;;;;;;;;;;;;235;;
STK;12.07.2014 00:00;;;;;;;;;967.6;;;;1014.5;1.9;5.9;6.8;21.2;5.8;20.9;;;;;;;;;;;;;;220;;
STK;13.07.2014 00:00;;;;;;;;;966.8;;;;1013.8;3.1;8.3;11.2;29.9;7.9;28.4;;;;;;;;;;;;;;228;;
STK;14.07.2014 00:00;;;;;;;;;969.5;;;;1016.5;3.1;12;11.2;43.2;11.8;42.5;;;;;;;;;;;;;;239;;
STK;15.07.2014 00:00;;;;;;;;;974.8;;;;1022;1.1;3.4;4;12.2;3.3;11.9;;;;;;;;;;;;;;180;;
STK;16.07.2014 00:00;;;;;;;;;975.1;;;;1022.4;1.3;3;4.7;10.8;2.9;10.4;;;;;;;;;;;;;;90;;
STK;17.07.2014 00:00;;;;;;;;;974.8;;;;1022;1.3;3.3;4.7;11.9;3.3;11.9;;;;;;;;;;;;;;79;;
STK;18.07.2014 00:00;;;;;;;;;972.5;;;;1019.7;1.7;6.2;6.1;22.3;6.1;22;;;;;;;;;;;;;;66;;
STK;19.07.2014 00:00;;;;;;;;;967.8;;;;1014.8;1.2;3.9;4.3;14;3.8;13.7;;;;;;;;;;;;;;76;;
STK;20.07.2014 00:00;;;;;;;;;965.9;;;;1012.8;3.4;17.7;12.2;63.7;17.3;62.3;;;;;;;;;;;;;;243;;
STK;21.07.2014 00:00;;;;;;;;;967.3;;;;1014.3;3.5;8.6;12.6;31;8.5;30.6;;;;;;;;;;;;;;230;;
STK;22.07.2014 00:00;;;;;;;;;967.6;;;;1014.6;2.6;8.3;9.4;29.9;8.1;29.2;;;;;;;;;;;;;;233;;
STK;23.07.2014 00:00;;;;;;;;;967.8;;;;1014.7;2.9;11.6;10.4;41.8;11.2;40.3;;;;;;;;;;;;;;66;;
STK;24.07.2014 00:00;;;;;;;;;966.1;;;;1013;1.4;7.9;5;28.4;7.7;27.7;;;;;;;;;;;;;;217;;
STK;25.07.2014 00:00;;;;;;;;;966.9;;;;1013.8;1.4;4;5;14.4;3.9;14;;;;;;;;;;;;;;104;;
STK;26.07.2014 00:00;;;;;;;;;968.1;;;;1015.1;2.8;10.2;10.1;36.7;10;36;;;;;;;;;;;;;;231;;
STK;27.07.2014 00:00;;;;;;;;;970.6;;;;1017.7;2.6;7.2;9.4;25.9;7;25.2;;;;;;;;;;;;;;227;;
STK;28.07.2014 00:00;;;;;;;;;965.7;;;;1012.6;2.7;12.8;9.7;46.1;12.6;45.4;;;;;;;;;;;;;;236;;
STK;29.07.2014 00:00;;;;;;;;;963.5;;;;1010.3;3;7.5;10.8;27;7.3;26.3;;;;;;;;;;;;;;236;;
STK;30.07.2014 00:00;;;;;;;;;965.4;;;;1012.3;3.6;9.4;13;33.8;9.1;32.8;;;;;;;;;;;;;;234;;
STK;31.07.2014 00:00;;;;;;;;;968.8;;;;1015.8;1.7;5.4;6.1;19.4;5.4;19.4;;;;;;;;;;;;;;66;;
STK;01.08.2014 00:00;;;;;;;;;965.5;;;;1012.4;1.2;4.7;4.3;16.9;4.6;16.6;;;;;;;;;;;;;;101;;
STK;02.08.2014 00:00;;;;;;;;;963.9;;;;1010.7;1.9;16.8;6.8;60.5;16.2;58.3;;;;;;;;;;;;;;225;;
STK;03.08.2014 00:00;;;;;;;;;967.2;;;;1014.2;2.1;13.5;7.6;48.6;13.3;47.9;;;;;;;;;;;;;;228;;
STK;04.08.2014 00:00;;;;;;;;;970.5;;;;1017.6;2;8.6;7.2;31;8.5;30.6;;;;;;;;;;;;;;233;;
STK;05.08.2014 00:00;;;;;;;;;972.8;;;;1020;1.7;7.2;6.1;25.9;7.1;25.6;;;;;;;;;;;;;;270;;
STK;06.08.2014 00:00;;;;;;;;;971.2;;;;1018.3;1.4;4.5;5;16.2;4.3;15.5;;;;;;;;;;;;;;180;;
STK;07.08.2014 00:00;;;;;;;;;969.8;;;;1016.9;1.5;8;5.4;28.8;7.8;28.1;;;;;;;;;;;;;;225;;
STK;08.08.2014 00:00;;;;;;;;;967.6;;;;1014.6;1.7;5.9;6.1;21.2;5.7;20.5;;;;;;;;;;;;;;56;;
STK;09.08.2014 00:00;;;;;;;;;968;;;;1014.9;3.7;15;13.3;54;14.7;52.9;;;;;;;;;;;;;;245;;
STK;10.08.2014 00:00;;;;;;;;;965.7;;;;1012.6;2.2;16.7;7.9;60.1;16.3;58.7;;;;;;;;;;;;;;225;;
STK;11.08.2014 00:00;;;;;;;;;969.8;;;;1016.9;2.9;9.9;10.4;35.6;9.6;34.6;;;;;;;;;;;;;;230;;
STK;12.08.2014 00:00;;;;;;;;;968.9;;;;1015.9;1.9;6.2;6.8;22.3;6.1;22;;;;;;;;;;;;;;235;;
STK;13.08.2014 00:00;;;;;;;;;962.8;;;;1009.6;4.8;24.8;17.3;89.3;23.7;85.3;;;;;;;;;;;;;;245;;
STK;14.08.2014 00:00;;;;;;;;;968.6;;;;1015.6;3.3;13.3;11.9;47.9;12.9;46.4;;;;;;;;;;;;;;236;;
STK;15.08.2014 00:00;;;;;;;;;970;;;;1017.1;4.2;12.7;15.1;45.7;12.2;43.9;;;;;;;;;;;;;;229;;
STK;16.08.2014 00:00;;;;;;;;;974.6;;;;1021.8;3.9;9.8;14;35.3;9.7;34.9;;;;;;;;;;;;;;232;;
STK;17.08.2014 00:00;;;;;;;;;971.1;;;;1018.2;2.9;8.9;10.4;32;8.8;31.7;;;;;;;;;;;;;;241;;
STK;18.08.2014 00:00;;;;;;;;;966.3;;;;1013.2;3.6;12.2;13;43.9;12;43.2;;;;;;;;;;;;;;245;;
STK;19.08.2014 00:00;;;;;;;;;967.5;;;;1014.5;2.9;10.2;10.4;36.7;10;36;;;;;;;;;;;;;;234;;
STK;20.08.2014 00:00;;;;;;;;;970;;;;1017.1;1.9;6;6.8;21.6;5.9;21.2;;;;;;;;;;;;;;9;;
STK;21.08.2014 00:00;;;;;;;;;971;;;;1018.1;1.6;4.7;5.8;16.9;4.6;16.6;;;;;;;;;;;;;;198;;
STK;22.08.2014 00:00;;;;;;;;;969.7;;;;1016.8;2.1;6.8;7.6;24.5;6.6;23.8;;;;;;;;;;;;;;234;;
STK;23.08.2014 00:00;;;;;;;;;970.2;;;;1017.3;3.3;10.1;11.9;36.4;9.8;35.3;;;;;;;;;;;;;;232;;
STK;24.08.2014 00:00;;;;;;;;;973.8;;;;1021.1;2.9;7.6;10.4;27.4;7.5;27;;;;;;;;;;;;;;237;;
STK;25.08.2014 00:00;;;;;;;;;970.3;;;;1017.4;1.6;9.5;5.8;34.2;8.8;31.7;;;;;;;;;;;;;;210;;
STK;26.08.2014 00:00;;;;;;;;;963.3;;;;1010.1;4.6;16.3;16.6;58.7;15.6;56.2;;;;;;;;;;;;;;231;;
STK;27.08.2014 00:00;;;;;;;;;969.2;;;;1016.3;3.3;11.6;11.9;41.8;11.3;40.7;;;;;;;;;;;;;;238;;
STK;28.08.2014 00:00;;;;;;;;;971.8;;;;1018.9;1.4;4.2;5;15.1;4;14.4;;;;;;;;;;;;;;72;;
STK;29.08.2014 00:00;;;;;;;;;971.9;;;;1019;1.8;8.3;6.5;29.9;8.1;29.2;;;;;;;;;;;;;;220;;
STK;30.08.2014 00:00;;;;;;;;;972.8;;;;1019.9;2.1;6.5;7.6;23.4;6.3;22.7;;;;;;;;;;;;;;227;;
STK;31.08.2014 00:00;;;;;;;;;970.4;;;;1017.5;3.3;14.6;11.9;52.6;14.1;50.8;;;;;;;;;;;;;;236;;
STK;01.09.2014 00:00;;;;;;;;;973.5;;;;1020.7;1.7;6;6.1;21.6;6;21.6;;;;;;;;;;;;;;27;;
STK;02.09.2014 00:00;;;;;;;;;974;;;;1021.2;2.1;7.8;7.6;28.1;7.7;27.7;;;;;;;;;;;;;;62;;
STK;03.09.2014 00:00;;;;;;;;;971.2;;;;1018.4;4.7;12.2;16.9;43.9;12;43.2;;;;;;;;;;;;;;58;;
STK;04.09.2014 00:00;;;;;;;;;970.1;;;;1017.2;2.2;6.5;7.9;23.4;6.3;22.7;;;;;;;;;;;;;;55;;
STK;05.09.2014 00:00;;;;;;;;;969.1;;;;1016.2;1;3.2;3.6;11.5;3.2;11.5;;;;;;;;;;;;;;90;;
STK;06.09.2014 00:00;;;;;;;;;967.5;;;;1014.5;1.1;3.1;4;11.2;3;10.8;;;;;;;;;;;;;;117;;
STK;07.09.2014 00:00;;;;;;;;;968.2;;;;1015.2;1.1;3.2;4;11.5;3.1;11.2;;;;;;;;;;;;;;104;;
STK;08.09.2014 00:00;;;;;;;;;969.7;;;;1016.8;1.2;4.3;4.3;15.5;4.2;15.1;;;;;;;;;;;;;;153;;
STK;09.09.2014 00:00;;;;;;;;;970.7;;;;1017.8;1.4;18.3;5;65.9;17.5;63;;;;;;;;;;;;;;225;;
STK;10.09.2014 00:00;;;;;;;;;969.2;;;;1016.3;2.3;8.7;8.3;31.3;8.6;31;;;;;;;;;;;;;;45;;
STK;11.09.2014 00:00;;;;;;;;;968.9;;;;1015.9;2.1;9.1;7.6;32.8;8.8;31.7;;;;;;;;;;;;;;33;;
STK;12.09.2014 00:00;;;;;;;;;971.1;;;;1018.3;3.7;9.1;13.3;32.8;9;32.4;;;;;;;;;;;;;;252;;
STK;13.09.2014 00:00;;;;;;;;;973.6;;;;1020.8;2;7.3;7.2;26.3;6.8;24.5;;;;;;;;;;;;;;217;;
STK;14.09.2014 00:00;;;;;;;;;971;;;;1018.1;2.3;8.6;8.3;31;8.4;30.2;;;;;;;;;;;;;;59;;
STK;15.09.2014 00:00;;;;;;;;;969.4;;;;1016.4;1.1;3.9;4;14;3.8;13.7;;;;;;;;;;;;;;74;;
STK;16.09.2014 00:00;;;;;;;;;968.9;;;;1016;1.1;3.4;4;12.2;3.4;12.2;;;;;;;;;;;;;;79;;
STK;17.09.2014 00:00;;;;;;;;;966.7;;;;1013.6;1.1;3.7;4;13.3;3.6;13;;;;;;;;;;;;;;27;;
STK;18.09.2014 00:00;;;;;;;;;966.8;;;;1013.7;1.2;4.3;4.3;15.5;4.2;15.1;;;;;;;;;;;;;;135;;
STK;19.09.2014 00:00;;;;;;;;;968.7;;;;1015.7;1.2;5.5;4.3;19.8;5.5;19.8;;;;;;;;;;;;;;207;;
STK;20.09.2014 00:00;;;;;;;;;970.2;;;;1017.3;1.9;7;6.8;25.2;6.7;24.1;;;;;;;;;;;;;;240;;
STK;21.09.2014 00:00;;;;;;;;;970.4;;;;1017.4;3.3;9.7;11.9;34.9;9.1;32.8;;;;;;;;;;;;;;237;;
STK;22.09.2014 00:00;;;;;;;;;973.5;;;;1020.7;2.3;8.7;8.3;31.3;8.5;30.6;;;;;;;;;;;;;;315;;
STK;23.09.2014 00:00;;;;;;;;;973.1;;;;1020.3;2.7;9.5;9.7;34.2;9.3;33.5;;;;;;;;;;;;;;61;;
STK;24.09.2014 00:00;;;;;;;;;968.6;;;;1015.6;2.9;9.9;10.4;35.6;9.5;34.2;;;;;;;;;;;;;;234;;
STK;25.09.2014 00:00;;;;;;;;;974.4;;;;1021.6;2.2;7.7;7.9;27.7;7.4;26.6;;;;;;;;;;;;;;214;;
STK;26.09.2014 00:00;;;;;;;;;979;;;;1026.4;1.6;4.3;5.8;15.5;4.2;15.1;;;;;;;;;;;;;;149;;
STK;27.09.2014 00:00;;;;;;;;;980.1;;;;1027.5;1.4;5.1;5;18.4;5;18;;;;;;;;;;;;;;63;;
STK;28.09.2014 00:00;;;;;;;;;979.3;;;;1026.7;1.1;3.8;4;13.7;3.8;13.7;;;;;;;;;;;;;;104;;
STK;29.09.2014 00:00;;;;;;;;;979;;;;1026.4;1.1;3.8;4;13.7;3.7;13.3;;;;;;;;;;;;;;135;;
STK;30.09.2014 00:00;;;;;;;;;979.5;;;;1026.9;0.9;4;3.2;14.4;4;14.4;;;;;;;;;;;;;;180;;
STK;01.10.2014 00:00;;;;;;;;;979.8;;;;1027.3;1.2;4.8;4.3;17.3;4.7;16.9;;;;;;;;;;;;;;31;;
STK;02.10.2014 00:00;;;;;;;;;980.4;;;;1027.9;2.2;7.4;7.9;26.6;7.3;26.3;;;;;;;;;;;;;;45;;
STK;03.10.2014 00:00;;;;;;;;;977.3;;;;1024.6;2;6;7.2;21.6;5.9;21.2;;;;;;;;;;;;;;42;;
STK;04.10.2014 00:00;;;;;;;;;971.9;;;;1019.1;1.3;5.4;4.7;19.4;5.2;18.7;;;;;;;;;;;;;;72;;
STK;05.10.2014 00:00;;;;;;;;;969.2;;;;1016.3;1.2;4.4;4.3;15.8;4.3;15.5;;;;;;;;;;;;;;59;;
STK;06.10.2014 00:00;;;;;;;;;966.3;;;;1013.3;1.1;4.4;4;15.8;4.3;15.5;;;;;;;;;;;;;;99;;
STK;07.10.2014 00:00;;;;;;;;;965;;;;1011.9;2;8;7.2;28.8;7.9;28.4;;;;;;;;;;;;;;238;;
STK;08.10.2014 00:00;;;;;;;;;965.7;;;;1012.6;1;3.5;3.6;12.6;3.4;12.2;;;;;;;;;;;;;;135;;
STK;09.10.2014 00:00;;;;;;;;;965.3;;;;1012.2;1.7;6.4;6.1;23;6.3;22.7;;;;;;;;;;;;;;225;;
STK;10.10.2014 00:00;;;;;;;;;968.6;;;;1015.7;0.9;3;3.2;10.8;2.9;10.4;;;;;;;;;;;;;;124;;
STK;11.10.2014 00:00;;;;;;;;;968.8;;;;1015.8;1.4;5.7;5;20.5;5.6;20.2;;;;;;;;;;;;;;216;;
STK;12.10.2014 00:00;;;;;;;;;966;;;;1012.9;1.3;6.1;4.7;22;5.9;21.2;;;;;;;;;;;;;;72;;
STK;13.10.2014 00:00;;;;;;;;;964.3;;;;1011.1;1.9;7.4;6.8;26.6;7.2;25.9;;;;;;;;;;;;;;225;;
STK;14.10.2014 00:00;;;;;;;;;964.6;;;;1011.5;1.1;4.4;4;15.8;4.3;15.5;;;;;;;;;;;;;;171;;
STK;15.10.2014 00:00;;;;;;;;;963.5;;;;1010.3;1.3;4.4;4.7;15.8;4.3;15.5;;;;;;;;;;;;;;162;;
STK;16.10.2014 00:00;;;;;;;;;964.9;;;;1011.7;2.4;15.3;8.6;55.1;14.7;52.9;;;;;;;;;;;;;;229;;
STK;17.10.2014 00:00;;;;;;;;;969.7;;;;1016.8;3;17.7;10.8;63.7;16.9;60.8;;;;;;;;;;;;;;236;;
STK;18.10.2014 00:00;;;;;;;;;976.1;;;;1023.4;1.1;3.8;4;13.7;3.8;13.7;;;;;;;;;;;;;;135;;
STK;19.10.2014 00:00;;;;;;;;;976.5;;;;1023.8;1.5;5.1;5.4;18.4;5;18;;;;;;;;;;;;;;198;;
STK;20.10.2014 00:00;;;;;;;;;973.2;;;;1020.4;3;10;10.8;36;9.9;35.6;;;;;;;;;;;;;;232;;
STK;21.10.2014 00:00;;;;;;;;;966.9;;;;1013.9;6.9;25.3;24.8;91.1;24.9;89.6;;;;;;;;;;;;;;244;;
STK;22.10.2014 00:00;;;;;;;;;973.2;;;;1020.4;8.5;16.9;30.6;60.8;16.4;59;;;;;;;;;;;;;;251;;
STK;23.10.2014 00:00;;;;;;;;;977.6;;;;1025;4.4;12.2;15.8;43.9;11.8;42.5;;;;;;;;;;;;;;250;;
STK;24.10.2014 00:00;;;;;;;;;974.9;;;;1022.1;2.6;8.5;9.4;30.6;8.3;29.9;;;;;;;;;;;;;;74;;
STK;25.10.2014 00:00;;;;;;;;;974.8;;;;1022;1.3;4.3;4.7;15.5;4.2;15.1;;;;;;;;;;;;;;108;;
STK;26.10.2014 00:00;;;;;;;;;978.4;;;;1025.8;1.2;4.2;4.3;15.1;4.1;14.8;;;;;;;;;;;;;;69;;
STK;27.10.2014 00:00;;;;;;;;;978.2;;;;1025.6;2.3;6.2;8.3;22.3;6.2;22.3;;;;;;;;;;;;;;53;;
STK;28.10.2014 00:00;;;;;;;;;973.4;;;;1020.6;1.3;4.5;4.7;16.2;4.4;15.8;;;;;;;;;;;;;;34;;
STK;29.10.2014 00:00;;;;;;;;;972.9;;;;1020;1.5;6.7;5.4;24.1;6.5;23.4;;;;;;;;;;;;;;219;;
STK;30.10.2014 00:00;;;;;;;;;978;;;;1025.3;1.1;3.5;4;12.6;3.4;12.2;;;;;;;;;;;;;;76;;
STK;31.10.2014 00:00;;;;;;;;;979.3;;;;1026.7;1.1;3.4;4;12.2;3.4;12.2;;;;;;;;;;;;;;76;;
STK;01.11.2014 00:00;;;;;;;;;977;;;;1024.3;1.1;3.4;4;12.2;3.3;11.9;;;;;;;;;;;;;;180;;
STK;02.11.2014 00:00;;;;;;;;;972.5;;;;1019.7;0.9;3;3.2;10.8;2.9;10.4;;;;;;;;;;;;;;180;;
STK;03.11.2014 00:00;;;;;;;;;962.7;;;;1009.5;1.2;3.6;4.3;13;3.5;12.6;;;;;;;;;;;;;;135;;
STK;04.11.2014 00:00;;;;;;;;;949.9;;;;996.2;1.6;6;5.8;21.6;5.9;21.2;;;;;;;;;;;;;;219;;
STK;05.11.2014 00:00;;;;;;;;;957.9;;;;1004.5;3.4;10.9;12.2;39.2;10.6;38.2;;;;;;;;;;;;;;233;;
STK;06.11.2014 00:00;;;;;;;;;966.7;;;;1013.7;1.3;4.6;4.7;16.6;4.4;15.8;;;;;;;;;;;;;;203;;
STK;07.11.2014 00:00;;;;;;;;;965.2;;;;1012.1;1.6;5;5.8;18;4.9;17.6;;;;;;;;;;;;;;228;;
STK;08.11.2014 00:00;;;;;;;;;966.8;;;;1013.7;1.2;3.7;4.3;13.3;3.6;13;;;;;;;;;;;;;;124;;
STK;09.11.2014 00:00;;;;;;;;;963.4;;;;1010.2;1.6;5.7;5.8;20.5;5.5;19.8;;;;;;;;;;;;;;256;;
STK;10.11.2014 00:00;;;;;;;;;966.4;;;;1013.3;1.7;6.1;6.1;22;5.9;21.2;;;;;;;;;;;;;;256;;
STK;11.11.2014 00:00;;;;;;;;;960.5;;;;1007.2;1.4;5.3;5;19.1;5.2;18.7;;;;;;;;;;;;;;342;;
STK;12.11.2014 00:00;;;;;;;;;959.3;;;;1006;3.1;9;11.2;32.4;8.9;32;;;;;;;;;;;;;;235;;
STK;13.11.2014 00:00;;;;;;;;;965.6;;;;1012.5;1.5;5;5.4;18;4.9;17.6;;;;;;;;;;;;;;146;;
STK;14.11.2014 00:00;;;;;;;;;963.1;;;;1009.9;1.2;4.6;4.3;16.6;4.5;16.2;;;;;;;;;;;;;;74;;
STK;15.11.2014 00:00;;;;;;;;;957;;;;1003.6;2.9;13.4;10.4;48.2;12.7;45.7;;;;;;;;;;;;;;254;;
STK;16.11.2014 00:00;;;;;;;;;957.7;;;;1004.3;2.9;12.6;10.4;45.4;12;43.2;;;;;;;;;;;;;;223;;
STK;17.11.2014 00:00;;;;;;;;;958.8;;;;1005.4;1.2;4.9;4.3;17.6;4.7;16.9;;;;;;;;;;;;;;90;;
STK;18.11.2014 00:00;;;;;;;;;962.2;;;;1008.9;3.5;7.4;12.6;26.6;7.1;25.6;;;;;;;;;;;;;;239;;
STK;19.11.2014 00:00;;;;;;;;;972.6;;;;1019.8;2.1;7.3;7.6;26.3;7.2;25.9;;;;;;;;;;;;;;225;;
STK;20.11.2014 00:00;;;;;;;;;977.4;;;;1024.8;1.5;4.7;5.4;16.9;4.6;16.6;;;;;;;;;;;;;;5;;
STK;21.11.2014 00:00;;;;;;;;;975;;;;1022.2;0.8;3;2.9;10.8;3;10.8;;;;;;;;;;;;;;79;;
STK;22.11.2014 00:00;;;;;;;;;974.8;;;;1022.1;0.9;4.2;3.2;15.1;4;14.4;;;;;;;;;;;;;;225;;
STK;23.11.2014 00:00;;;;;;;;;975.9;;;;1023.2;1.1;3.3;4;11.9;3.2;11.5;;;;;;;;;;;;;;11;;
STK;24.11.2014 00:00;;;;;;;;;976;;;;1023.3;0.9;4.1;3.2;14.8;4.1;14.8;;;;;;;;;;;;;;315;;
STK;25.11.2014 00:00;;;;;;;;;973.7;;;;1020.9;2.5;6.3;9;22.7;6.3;22.7;;;;;;;;;;;;;;54;;
STK;26.11.2014 00:00;;;;;;;;;968.4;;;;1015.4;1.8;4.2;6.5;15.1;4.1;14.8;;;;;;;;;;;;;;28;;
STK;27.11.2014 00:00;;;;;;;;;963.2;;;;1010;1.8;6.6;6.5;23.8;6.4;23;;;;;;;;;;;;;;34;;
STK;28.11.2014 00:00;;;;;;;;;962.5;;;;1009.3;3.3;6.9;11.9;24.8;6.8;24.5;;;;;;;;;;;;;;32;;
STK;29.11.2014 00:00;;;;;;;;;966.1;;;;1013;2.8;6.8;10.1;24.5;6.6;23.8;;;;;;;;;;;;;;39;;
STK;30.11.2014 00:00;;;;;;;;;964.2;;;;1011.1;2.1;6.7;7.6;24.1;6.5;23.4;;;;;;;;;;;;;;31;;
STK;01.12.2014 00:00;;;;;;;;;959;;;;1005.6;4.1;9.8;14.8;35.3;9.5;34.2;;;;;;;;;;;;;;38;;
STK;02.12.2014 00:00;;;;;;;;;962.6;;;;1009.4;1;3.4;3.6;12.2;3.3;11.9;;;;;;;;;;;;;;315;;
STK;03.12.2014 00:00;;;;;;;;;967.3;;;;1014.2;3.9;8.5;14;30.6;8.3;29.9;;;;;;;;;;;;;;52;;
STK;04.12.2014 00:00;;;;;;;;;967.3;;;;1014.3;2.1;7.8;7.6;28.1;7.6;27.4;;;;;;;;;;;;;;23;;
STK;05.12.2014 00:00;;;;;;;;;970.5;;;;1017.5;1.7;4.2;6.1;15.1;4.1;14.8;;;;;;;;;;;;;;351;;
STK;06.12.2014 00:00;;;;;;;;;973.3;;;;1020.5;3.3;9;11.9;32.4;8.5;30.6;;;;;;;;;;;;;;42;;
STK;07.12.2014 00:00;;;;;;;;;974.7;;;;1022;3.3;10.8;11.9;38.9;10.6;38.2;;;;;;;;;;;;;;262;;
STK;08.12.2014 00:00;;;;;;;;;973.2;;;;1020.4;3.2;9.2;11.5;33.1;8.9;32;;;;;;;;;;;;;;230;;
STK;09.12.2014 00:00;;;;;;;;;978.7;;;;1026.1;1.4;4.6;5;16.6;4.5;16.2;;;;;;;;;;;;;;214;;
STK;10.12.2014 00:00;;;;;;;;;977.9;;;;1025.2;4;10.4;14.4;37.4;10.1;36.4;;;;;;;;;;;;;;225;;
STK;11.12.2014 00:00;;;;;;;;;972.4;;;;1019.6;7.9;18.3;28.4;65.9;17.9;64.4;;;;;;;;;;;;;;232;;
STK;12.12.2014 00:00;;;;;;;;;966.6;;;;1013.5;4.9;13.3;17.6;47.9;12.8;46.1;;;;;;;;;;;;;;231;;
STK;13.12.2014 00:00;;;;;;;;;966.6;;;;1013.5;1.4;7;5;25.2;6.8;24.5;;;;;;;;;;;;;;225;;
STK;14.12.2014 00:00;;;;;;;;;970.3;;;;1017.4;0.9;4;3.2;14.4;3.9;14;;;;;;;;;;;;;;207;;
STK;15.12.2014 00:00;;;;;;;;;970.6;;;;1017.7;1.4;5.5;5;19.8;5.4;19.4;;;;;;;;;;;;;;225;;
STK;16.12.2014 00:00;;;;;;;;;967.6;;;;1014.6;1.9;6.9;6.8;24.8;6.7;24.1;;;;;;;;;;;;;;234;;
STK;17.12.2014 00:00;;;;;;;;;967.8;;;;1014.8;5.3;15.7;19.1;56.5;15.2;54.7;;;;;;;;;;;;;;230;;
STK;18.12.2014 00:00;;;;;;;;;972.6;;;;1019.8;7.1;16.7;25.6;60.1;16.2;58.3;;;;;;;;;;;;;;234;;
STK;19.12.2014 00:00;;;;;;;;;974.9;;;;1022.2;7.2;16.6;25.9;59.8;16.1;58;;;;;;;;;;;;;;233;;
STK;20.12.2014 00:00;;;;;;;;;979.8;;;;1027.3;8.1;19.9;29.2;71.6;19.6;70.6;;;;;;;;;;;;;;245;;
STK;21.12.2014 00:00;;;;;;;;;985.8;;;;1033.5;5.3;15.5;19.1;55.8;15;54;;;;;;;;;;;;;;237;;
STK;22.12.2014 00:00;;;;;;;;;982.1;;;;1029.6;4.8;12;17.3;43.2;11.7;42.1;;;;;;;;;;;;;;229;;
STK;23.12.2014 00:00;;;;;;;;;978.7;;;;1026.1;1.7;6.8;6.1;24.5;6.6;23.8;;;;;;;;;;;;;;216;;
STK;24.12.2014 00:00;;;;;;;;;977.7;;;;1025;5.7;14.1;20.5;50.8;14;50.4;;;;;;;;;;;;;;233;;
STK;25.12.2014 00:00;;;;;;;;;979.3;;;;1026.8;4.1;13.3;14.8;47.9;12.9;46.4;;;;;;;;;;;;;;244;;
STK;26.12.2014 00:00;;;;;;;;;980.7;;;;1028.2;4.3;10.9;15.5;39.2;10.6;38.2;;;;;;;;;;;;;;243;;
STK;27.12.2014 00:00;;;;;;;;;958.2;;;;1004.8;5.3;17.6;19.1;63.4;17.1;61.6;;;;;;;;;;;;;;226;;
STK;28.12.2014 00:00;;;;;;;;;967;;;;1014;6;14.4;21.6;51.8;14.1;50.8;;;;;;;;;;;;;;18;;
STK;29.12.2014 00:00;;;;;;;;;985.2;;;;1032.8;4.8;10.4;17.3;37.4;10.3;37.1;;;;;;;;;;;;;;239;;
STK;30.12.2014 00:00;;;;;;;;;987.4;;;;1035.2;4.3;9.4;15.5;33.8;9.2;33.1;;;;;;;;;;;;;;238;;
STK;31.12.2014 00:00;;;;;;;;;987.1;;;;1034.8;1.4;5.1;5;18.4;5;18;;;;;;;;;;;;;;198;;
STK;01.01.2015 00:00;;;;;;;;;988.5;;;;1036.3;1.8;6;6.5;21.6;5.8;20.9;;;;;;;;;;;;;;219;;
STK;02.01.2015 00:00;;;;;;;;;987.3;;;;1035;3.6;9.1;13;32.8;9;32.4;;;;;;;;;;;;;;231;;
STK;03.01.2015 00:00;;;;;;;;;979.6;;;;1027.1;5.5;18.7;19.8;67.3;18.5;66.6;;;;;;;;;;;;;;236;;
STK;04.01.2015 00:00;;;;;;;;;984.7;;;;1032.3;1.8;9.7;6.5;34.9;9.6;34.6;;;;;;;;;;;;;;326;;
STK;05.01.2015 00:00;;;;;;;;;985.8;;;;1033.5;1.1;3.8;4;13.7;3.6;13;;;;;;;;;;;;;;171;;
STK;06.01.2015 00:00;;;;;;;;;978.9;;;;1026.4;1;4.6;3.6;16.6;4.5;16.2;;;;;;;;;;;;;;225;;
STK;07.01.2015 00:00;;;;;;;;;982.8;;;;1030.4;1.1;4.3;4;15.5;4.2;15.1;;;;;;;;;;;;;;90;;
STK;08.01.2015 00:00;;;;;;;;;983.5;;;;1031;5.7;19.4;20.5;69.8;18.6;67;;;;;;;;;;;;;;235;;
STK;09.01.2015 00:00;;;;;;;;;982.4;;;;1030;10.6;28;38.2;100.8;26.8;96.5;;;;;;;;;;;;;;234;;
STK;10.01.2015 00:00;;;;;;;;;975.1;;;;1022.4;11.6;21.9;41.8;78.8;21.3;76.7;;;;;;;;;;;;;;238;;
STK;11.01.2015 00:00;;;;;;;;;976.9;;;;1024.3;7.2;15.3;25.9;55.1;14.8;53.3;;;;;;;;;;;;;;242;;
STK;12.01.2015 00:00;;;;;;;;;979.9;;;;1027.3;5.6;14.4;20.2;51.8;14;50.4;;;;;;;;;;;;;;229;;
STK;13.01.2015 00:00;;;;;;;;;971.3;;;;1018.4;3;15.2;10.8;54.7;14.6;52.6;;;;;;;;;;;;;;214;;
STK;14.01.2015 00:00;;;;;;;;;970.8;;;;1017.9;6.7;24.8;24.1;89.3;23.1;83.2;;;;;;;;;;;;;;231;;
STK;15.01.2015 00:00;;;;;;;;;965.8;;;;1012.7;0.9;3.4;3.2;12.2;3.4;12.2;;;;;;;;;;;;;;90;;
STK;16.01.2015 00:00;;;;;;;;;961;;;;1007.7;2.1;9.8;7.6;35.3;9.7;34.9;;;;;;;;;;;;;;235;;
STK;17.01.2015 00:00;;;;;;;;;968.3;;;;1015.3;2.7;10.9;9.7;39.2;10.6;38.2;;;;;;;;;;;;;;228;;
STK;18.01.2015 00:00;;;;;;;;;969.4;;;;1016.5;1.1;4.7;4;16.9;4.6;16.6;;;;;;;;;;;;;;212;;
STK;19.01.2015 00:00;;;;;;;;;964.9;;;;1011.7;1.3;5.4;4.7;19.4;5.3;19.1;;;;;;;;;;;;;;225;;
STK;20.01.2015 00:00;;;;;;;;;963.6;;;;1010.4;1.1;3.6;4;13;3.5;12.6;;;;;;;;;;;;;;288;;
STK;21.01.2015 00:00;;;;;;;;;962.2;;;;1008.9;3.2;6.9;11.5;24.8;6.8;24.5;;;;;;;;;;;;;;53;;
STK;22.01.2015 00:00;;;;;;;;;965.4;;;;1012.2;1.9;5.8;6.8;20.9;5.6;20.2;;;;;;;;;;;;;;360;;
STK;23.01.2015 00:00;;;;;;;;;973.6;;;;1020.8;1.6;4;5.8;14.4;3.9;14;;;;;;;;;;;;;;356;;
STK;24.01.2015 00:00;;;;;;;;;974.6;;;;1021.9;3.3;9.5;11.9;34.2;9.4;33.8;;;;;;;;;;;;;;245;;
STK;25.01.2015 00:00;;;;;;;;;980.9;;;;1028.4;1.5;5.6;5.4;20.2;5.6;20.2;;;;;;;;;;;;;;225;;
STK;26.01.2015 00:00;;;;;;;;;977.9;;;;1025.2;4.2;11.5;15.1;41.4;11.1;40;;;;;;;;;;;;;;229;;
STK;27.01.2015 00:00;;;;;;;;;975.6;;;;1022.9;4.5;11.6;16.2;41.8;11.2;40.3;;;;;;;;;;;;;;240;;
STK;28.01.2015 00:00;;;;;;;;;968.8;;;;1015.8;5.5;16.9;19.8;60.8;16.2;58.3;;;;;;;;;;;;;;227;;
STK;29.01.2015 00:00;;;;;;;;;947.7;;;;993.9;3.8;15.2;13.7;54.7;15;54;;;;;;;;;;;;;;226;;
STK;30.01.2015 00:00;;;;;;;;;934.8;;;;980.5;7.7;23.3;27.7;83.9;21.7;78.1;;;;;;;;;;;;;;231;;
STK;31.01.2015 00:00;;;;;;;;;939.8;;;;985.7;5.2;15;18.7;54;14.6;52.6;;;;;;;;;;;;;;235;;
STK;01.02.2015 00:00;;;;;;;;;947.3;;;;993.5;6.1;13.7;22;49.3;13.4;48.2;;;;;;;;;;;;;;238;;
STK;02.02.2015 00:00;;;;;;;;;955.5;;;;1002;5.3;16.2;19.1;58.3;14.9;53.6;;;;;;;;;;;;;;241;;
STK;03.02.2015 00:00;;;;;;;;;956.1;;;;1002.6;2.6;9.6;9.4;34.6;9.5;34.2;;;;;;;;;;;;;;41;;
STK;04.02.2015 00:00;;;;;;;;;961.9;;;;1008.6;6.9;13;24.8;46.8;12.7;45.7;;;;;;;;;;;;;;44;;
STK;05.02.2015 00:00;;;;;;;;;964.3;;;;1011.1;10.8;20.3;38.9;73.1;19.2;69.1;;;;;;;;;;;;;;52;;
STK;06.02.2015 00:00;;;;;;;;;967.5;;;;1014.5;13;21.2;46.8;76.3;20.9;75.2;;;;;;;;;;;;;;57;;
STK;07.02.2015 00:00;;;;;;;;;977;;;;1024.4;6.3;17.9;22.7;64.4;17.4;62.6;;;;;;;;;;;;;;60;;
STK;08.02.2015 00:00;;;;;;;;;979.7;;;;1027.1;3.1;8.7;11.2;31.3;8.5;30.6;;;;;;;;;;;;;;230;;
STK;09.02.2015 00:00;;;;;;;;;983.3;;;;1030.9;2.5;7.7;9;27.7;7.6;27.4;;;;;;;;;;;;;;230;;
STK;10.02.2015 00:00;;;;;;;;;981.4;;;;1028.9;1.5;5.1;5.4;18.4;5;18;;;;;;;;;;;;;;82;;
STK;11.02.2015 00:00;;;;;;;;;978.4;;;;1025.8;1.1;3.9;4;14;3.8;13.7;;;;;;;;;;;;;;146;;
STK;12.02.2015 00:00;;;;;;;;;976.4;;;;1023.7;1.1;3.8;4;13.7;3.7;13.3;;;;;;;;;;;;;;333;;
STK;13.02.2015 00:00;;;;;;;;;972.5;;;;1019.7;1.3;3.5;4.7;12.6;3.4;12.2;;;;;;;;;;;;;;342;;
STK;14.02.2015 00:00;;;;;;;;;964.6;;;;1011.5;1.4;6.4;5;23;6.3;22.7;;;;;;;;;;;;;;40;;
STK;15.02.2015 00:00;;;;;;;;;965.2;;;;1012.1;1.7;5.6;6.1;20.2;5.5;19.8;;;;;;;;;;;;;;45;;
STK;16.02.2015 00:00;;;;;;;;;972;;;;1019.2;1.2;4.8;4.3;17.3;4.6;16.6;;;;;;;;;;;;;;326;;
STK;17.02.2015 00:00;;;;;;;;;983.3;;;;1030.9;2;6.2;7.2;22.3;6;21.6;;;;;;;;;;;;;;270;;
STK;18.02.2015 00:00;;;;;;;;;990.1;;;;1037.9;3;8.7;10.8;31.3;8.4;30.2;;;;;;;;;;;;;;60;;
STK;19.02.2015 00:00;;;;;;;;;983.4;;;;1031;1.8;6.5;6.5;23.4;6.4;23;;;;;;;;;;;;;;221;;
STK;20.02.2015 00:00;;;;;;;;;970.7;;;;1017.9;0.9;5.7;3.2;20.5;5.4;19.4;;;;;;;;;;;;;;90;;
STK;21.02.2015 00:00;;;;;;;;;956.5;;;;1003;2.6;10.5;9.4;37.8;10.4;37.4;;;;;;;;;;;;;;237;;
STK;22.02.2015 00:00;;;;;;;;;962.7;;;;1009.5;1;2.7;3.6;9.7;2.6;9.4;;;;;;;;;;;;;;153;;
STK;23.02.2015 00:00;;;;;;;;;957.9;;;;1004.5;3.5;10.6;12.6;38.2;10.3;37.1;;;;;;;;;;;;;;224;;
STK;24.02.2015 00:00;;;;;;;;;964;;;;1010.8;4;11.7;14.4;42.1;11.4;41;;;;;;;;;;;;;;239;;
STK;25.02.2015 00:00;;;;;;;;;972.4;;;;1019.6;1.5;5;5.4;18;4.8;17.3;;;;;;;;;;;;;;180;;
STK;26.02.2015 00:00;;;;;;;;;972.2;;;;1019.4;1;5.1;3.6;18.4;5;18;;;;;;;;;;;;;;76;;
STK;27.02.2015 00:00;;;;;;;;;967.3;;;;1014.3;2.5;9.3;9;33.5;9.1;32.8;;;;;;;;;;;;;;237;;
STK;28.02.2015 00:00;;;;;;;;;972.8;;;;1020;1.2;4.3;4.3;15.5;4.2;15.1;;;;;;;;;;;;;;135;;
STK;01.03.2015 00:00;;;;;;;;;965.3;;;;1012.2;5.4;16;19.4;57.6;15.8;56.9;;;;;;;;;;;;;;230;;
STK;02.03.2015 00:00;;;;;;;;;965.2;;;;1012.1;7.2;21.4;25.9;77;20.5;73.8;;;;;;;;;;;;;;241;;
STK;03.03.2015 00:00;;;;;;;;;975.6;;;;1022.9;2.9;12;10.4;43.2;11.6;41.8;;;;;;;;;;;;;;237;;
STK;04.03.2015 00:00;;;;;;;;;979.6;;;;1027;3.1;15.8;11.2;56.9;14.8;53.3;;;;;;;;;;;;;;237;;
STK;05.03.2015 00:00;;;;;;;;;987;;;;1034.7;2.1;9.1;7.6;32.8;9;32.4;;;;;;;;;;;;;;45;;
STK;06.03.2015 00:00;;;;;;;;;988.6;;;;1036.4;1.4;5.7;5;20.5;5.6;20.2;;;;;;;;;;;;;;82;;
STK;07.03.2015 00:00;;;;;;;;;984.8;;;;1032.4;1.2;4.4;4.3;15.8;4.3;15.5;;;;;;;;;;;;;;76;;
STK;08.03.2015 00:00;;;;;;;;;978.4;;;;1025.8;0.9;3.3;3.2;11.9;3.1;11.2;;;;;;;;;;;;;;104;;
STK;09.03.2015 00:00;;;;;;;;;977.6;;;;1025;1.2;3.5;4.3;12.6;3.4;12.2;;;;;;;;;;;;;;108;;
STK;10.03.2015 00:00;;;;;;;;;978.9;;;;1026.3;1.2;4.6;4.3;16.6;4.4;15.8;;;;;;;;;;;;;;76;;
STK;11.03.2015 00:00;;;;;;;;;979.8;;;;1027.2;1.8;6.7;6.5;24.1;6.6;23.8;;;;;;;;;;;;;;63;;
STK;12.03.2015 00:00;;;;;;;;;979.5;;;;1027;2.5;9.7;9;34.9;9.5;34.2;;;;;;;;;;;;;;70;;
STK;13.03.2015 00:00;;;;;;;;;973.4;;;;1020.6;2.3;8.5;8.3;30.6;8.3;29.9;;;;;;;;;;;;;;66;;
STK;14.03.2015 00:00;;;;;;;;;974.1;;;;1021.3;1.7;5.2;6.1;18.7;5.1;18.4;;;;;;;;;;;;;;69;;
STK;15.03.2015 00:00;;;;;;;;;973.6;;;;1020.8;1.6;6.7;5.8;24.1;6.6;23.8;;;;;;;;;;;;;;70;;
STK;16.03.2015 00:00;;;;;;;;;973.4;;;;1020.6;1.2;4.7;4.3;16.9;4.4;15.8;;;;;;;;;;;;;;90;;
STK;17.03.2015 00:00;;;;;;;;;974.7;;;;1022;1.3;5.1;4.7;18.4;5.1;18.4;;;;;;;;;;;;;;90;;
STK;18.03.2015 00:00;;;;;;;;;976.1;;;;1023.4;1.6;4.7;5.8;16.9;4.5;16.2;;;;;;;;;;;;;;76;;
STK;19.03.2015 00:00;;;;;;;;;976;;;;1023.3;1.3;4.1;4.7;14.8;4;14.4;;;;;;;;;;;;;;67;;
STK;20.03.2015 00:00;;;;;;;;;974.1;;;;1021.3;1;2.5;3.6;9;2.3;8.3;;;;;;;;;;;;;;153;;
STK;21.03.2015 00:00;;;;;;;;;969.5;;;;1016.6;2.5;10.9;9;39.2;10.9;39.2;;;;;;;;;;;;;;236;;
STK;22.03.2015 00:00;;;;;;;;;970.8;;;;1017.9;6;14.2;21.6;51.1;13.6;49;;;;;;;;;;;;;;58;;
STK;23.03.2015 00:00;;;;;;;;;968.4;;;;1015.4;1.2;4.2;4.3;15.1;4.1;14.8;;;;;;;;;;;;;;68;;
STK;24.03.2015 00:00;;;;;;;;;961.6;;;;1008.3;1.1;4.1;4;14.8;4;14.4;;;;;;;;;;;;;;90;;
STK;25.03.2015 00:00;;;;;;;;;957.2;;;;1003.7;3.7;10.1;13.3;36.4;9.4;33.8;;;;;;;;;;;;;;241;;
STK;26.03.2015 00:00;;;;;;;;;963.7;;;;1010.5;4.5;10.7;16.2;38.5;10.6;38.2;;;;;;;;;;;;;;240;;
STK;27.03.2015 00:00;;;;;;;;;972.5;;;;1019.7;4.5;12;16.2;43.2;11.8;42.5;;;;;;;;;;;;;;243;;
STK;28.03.2015 00:00;;;;;;;;;974.6;;;;1021.8;3.3;10.9;11.9;39.2;10.7;38.5;;;;;;;;;;;;;;239;;
STK;29.03.2015 00:00;;;;;;;;;965;;;;1011.9;9.6;21.5;34.6;77.4;21.1;76;;;;;;;;;;;;;;235;;
STK;30.03.2015 00:00;;;;;;;;;962.5;;;;1009.2;8.1;21.2;29.2;76.3;20.7;74.5;;;;;;;;;;;;;;242;;
STK;31.03.2015 00:00;;;;;;;;;963.9;;;;1010.8;13.7;32.8;49.3;118.1;30.9;111.2;;;;;;;;;;;;;;242;;
STK;01.04.2015 00:00;;;;;;;;;974.6;;;;1021.9;8.1;20.3;29.2;73.1;19.9;71.6;;;;;;;;;;;;;;248;;
STK;02.04.2015 00:00;;;;;;;;;972.2;;;;1019.4;8.3;23.1;29.9;83.2;22.2;79.9;;;;;;;;;;;;;;233;;
STK;03.04.2015 00:00;;;;;;;;;973.3;;;;1020.5;1.6;7.6;5.8;27.4;7.2;25.9;;;;;;;;;;;;;;219;;
STK;04.04.2015 00:00;;;;;;;;;966.3;;;;1013.3;3;10.4;10.8;37.4;10.3;37.1;;;;;;;;;;;;;;51;;
STK;05.04.2015 00:00;;;;;;;;;972.6;;;;1019.8;4.8;14.3;17.3;51.5;13.9;50;;;;;;;;;;;;;;59;;
STK;06.04.2015 00:00;;;;;;;;;979.8;;;;1027.3;1.6;9.1;5.8;32.8;8.9;32;;;;;;;;;;;;;;79;;
STK;07.04.2015 00:00;;;;;;;;;986.8;;;;1034.5;1.6;7.8;5.8;28.1;7.6;27.4;;;;;;;;;;;;;;77;;
STK;08.04.2015 00:00;;;;;;;;;984.2;;;;1031.9;1.5;6;5.4;21.6;5.8;20.9;;;;;;;;;;;;;;66;;
STK;09.04.2015 00:00;;;;;;;;;979.6;;;;1027.1;1.5;6.3;5.4;22.7;6.2;22.3;;;;;;;;;;;;;;231;;
STK;10.04.2015 00:00;;;;;;;;;975.6;;;;1022.9;1.3;4.3;4.7;15.5;4.2;15.1;;;;;;;;;;;;;;135;;
STK;11.04.2015 00:00;;;;;;;;;978.2;;;;1025.6;3.9;13.1;14;47.2;12.6;45.4;;;;;;;;;;;;;;236;;
STK;12.04.2015 00:00;;;;;;;;;982.1;;;;1029.6;1.4;4.8;5;17.3;4.7;16.9;;;;;;;;;;;;;;225;;
STK;13.04.2015 00:00;;;;;;;;;982.6;;;;1030.2;2.1;7.8;7.6;28.1;7.7;27.7;;;;;;;;;;;;;;235;;
STK;14.04.2015 00:00;;;;;;;;;981.9;;;;1029.4;1.7;5.6;6.1;20.2;5.5;19.8;;;;;;;;;;;;;;231;;
STK;15.04.2015 00:00;;;;;;;;;974;;;;1021.2;1.1;5;4;18;5;18;;;;;;;;;;;;;;225;;
STK;16.04.2015 00:00;;;;;;;;;969;;;;1016.1;2.7;13.1;9.7;47.2;12.5;45;;;;;;;;;;;;;;238;;
STK;17.04.2015 00:00;;;;;;;;;967.9;;;;1014.9;3.7;11.9;13.3;42.8;11.5;41.4;;;;;;;;;;;;;;231;;
STK;18.04.2015 00:00;;;;;;;;;974.1;;;;1021.3;5.3;12.8;19.1;46.1;12.6;45.4;;;;;;;;;;;;;;56;;
STK;19.04.2015 00:00;;;;;;;;;971.4;;;;1018.6;4;10.9;14.4;39.2;10.7;38.5;;;;;;;;;;;;;;63;;
STK;20.04.2015 00:00;;;;;;;;;976.4;;;;1023.8;1.5;7;5.4;25.2;6.8;24.5;;;;;;;;;;;;;;72;;
STK;21.04.2015 00:00;;;;;;;;;980.2;;;;1027.7;1.6;7.8;5.8;28.1;7.6;27.4;;;;;;;;;;;;;;66;;
STK;22.04.2015 00:00;;;;;;;;;975.9;;;;1023.2;2.6;9.7;9.4;34.9;9.4;33.8;;;;;;;;;;;;;;30;;
STK;23.04.2015 00:00;;;;;;;;;971;;;;1018.1;2.1;8;7.6;28.8;7.3;26.3;;;;;;;;;;;;;;65;;
STK;24.04.2015 00:00;;;;;;;;;968.4;;;;1015.4;1.6;6.1;5.8;22;5.9;21.2;;;;;;;;;;;;;;202;;
STK;25.04.2015 00:00;;;;;;;;;966.1;;;;1013;2.9;14.4;10.4;51.8;14.1;50.8;;;;;;;;;;;;;;241;;
STK;26.04.2015 00:00;;;;;;;;;962.3;;;;1009.1;1.8;5.7;6.5;20.5;5.6;20.2;;;;;;;;;;;;;;180;;
STK;27.04.2015 00:00;;;;;;;;;955.3;;;;1001.8;2;10.6;7.2;38.2;10.3;37.1;;;;;;;;;;;;;;13;;
STK;28.04.2015 00:00;;;;;;;;;969.1;;;;1016.2;3.2;10.1;11.5;36.4;9.8;35.3;;;;;;;;;;;;;;243;;
STK;29.04.2015 00:00;;;;;;;;;971.2;;;;1018.3;2;7.2;7.2;25.9;6.8;24.5;;;;;;;;;;;;;;50;;
STK;30.04.2015 00:00;;;;;;;;;969.4;;;;1016.4;3.2;9.3;11.5;33.5;9.1;32.8;;;;;;;;;;;;;;248;;
STK;01.05.2015 00:00;;;;;;;;;960.8;;;;1007.5;3.8;14.3;13.7;51.5;14;50.4;;;;;;;;;;;;;;224;;
STK;02.05.2015 00:00;;;;;;;;;964.5;;;;1011.3;3.4;10.6;12.2;38.2;10.4;37.4;;;;;;;;;;;;;;237;;
STK;03.05.2015 00:00;;;;;;;;;962.9;;;;1009.7;2.6;9;9.4;32.4;8.8;31.7;;;;;;;;;;;;;;241;;
STK;04.05.2015 00:00;;;;;;;;;964.5;;;;1011.4;1.9;6.1;6.8;22;5.8;20.9;;;;;;;;;;;;;;252;;
STK;05.05.2015 00:00;;;;;;;;;962.9;;;;1009.7;2.6;11.3;9.4;40.7;11.2;40.3;;;;;;;;;;;;;;236;;
STK;06.05.2015 00:00;;;;;;;;;970.6;;;;1017.7;2.5;9.1;9;32.8;9;32.4;;;;;;;;;;;;;;222;;
STK;07.05.2015 00:00;;;;;;;;;973.1;;;;1020.3;1.9;6.5;6.8;23.4;6.4;23;;;;;;;;;;;;;;236;;
STK;08.05.2015 00:00;;;;;;;;;969.7;;;;1016.7;2.5;15.3;9;55.1;14.4;51.8;;;;;;;;;;;;;;216;;
STK;09.05.2015 00:00;;;;;;;;;975.5;;;;1022.8;5.1;11.3;18.4;40.7;10.7;38.5;;;;;;;;;;;;;;240;;
STK;10.05.2015 00:00;;;;;;;;;980.1;;;;1027.6;1.7;4.8;6.1;17.3;4.7;16.9;;;;;;;;;;;;;;153;;
STK;11.05.2015 00:00;;;;;;;;;977.4;;;;1024.7;1.1;3.1;4;11.2;3;10.8;;;;;;;;;;;;;;104;;
STK;12.05.2015 00:00;;;;;;;;;974;;;;1021.2;2.3;8.1;8.3;29.2;7.9;28.4;;;;;;;;;;;;;;232;;
STK;13.05.2015 00:00;;;;;;;;;970.3;;;;1017.4;2;15.3;7.2;55.1;14.9;53.6;;;;;;;;;;;;;;229;;
STK;14.05.2015 00:00;;;;;;;;;965.3;;;;1012.1;3.3;14.8;11.9;53.3;14.6;52.6;;;;;;;;;;;;;;245;;
STK;15.05.2015 00:00;;;;;;;;;967.7;;;;1014.7;3.6;14.5;13;52.2;14;50.4;;;;;;;;;;;;;;235;;
STK;16.05.2015 00:00;;;;;;;;;977;;;;1024.4;2.9;8.6;10.4;31;8.4;30.2;;;;;;;;;;;;;;243;;
STK;17.05.2015 00:00;;;;;;;;;977;;;;1024.3;1.3;7.6;4.7;27.4;7.4;26.6;;;;;;;;;;;;;;180;;
STK;18.05.2015 00:00;;;;;;;;;966.4;;;;1013.3;2.1;7.3;7.6;26.3;7.2;25.9;;;;;;;;;;;;;;232;;
STK;19.05.2015 00:00;;;;;;;;;964.6;;;;1011.5;4.3;10.1;15.5;36.4;10;36;;;;;;;;;;;;;;236;;
STK;20.05.2015 00:00;;;;;;;;;969.3;;;;1016.4;2.6;9.6;9.4;34.6;9.5;34.2;;;;;;;;;;;;;;227;;
STK;21.05.2015 00:00;;;;;;;;;976.6;;;;1023.9;1.5;5.7;5.4;20.5;5.6;20.2;;;;;;;;;;;;;;218;;
STK;22.05.2015 00:00;;;;;;;;;976.7;;;;1024;1.7;9;6.1;32.4;8.5;30.6;;;;;;;;;;;;;;76;;
STK;23.05.2015 00:00;;;;;;;;;971.8;;;;1019;1.4;7.1;5;25.6;6.9;24.8;;;;;;;;;;;;;;90;;
STK;24.05.2015 00:00;;;;;;;;;971.1;;;;1018.2;2.2;7.7;7.9;27.7;7.5;27;;;;;;;;;;;;;;60;;
STK;25.05.2015 00:00;;;;;;;;;968.7;;;;1015.8;1.7;15.8;6.1;56.9;15.6;56.2;;;;;;;;;;;;;;236;;
STK;26.05.2015 00:00;;;;;;;;;971.4;;;;1018.5;1.4;5.6;5;20.2;5.3;19.1;;;;;;;;;;;;;;270;;
STK;27.05.2015 00:00;;;;;;;;;976;;;;1023.3;1.3;4.3;4.7;15.5;4.2;15.1;;;;;;;;;;;;;;104;;
STK;28.05.2015 00:00;;;;;;;;;971.5;;;;1018.6;2.7;10.4;9.7;37.4;10.1;36.4;;;;;;;;;;;;;;238;;
STK;29.05.2015 00:00;;;;;;;;;966.6;;;;1013.5;2.3;10;8.3;36;9.9;35.6;;;;;;;;;;;;;;249;;
STK;30.05.2015 00:00;;;;;;;;;969.8;;;;1016.9;4.1;12;14.8;43.2;11.9;42.8;;;;;;;;;;;;;;244;;
STK;31.05.2015 00:00;;;;;;;;;970.4;;;;1017.4;1.8;6.2;6.5;22.3;6.1;22;;;;;;;;;;;;;;180;;
STK;01.06.2015 00:00;;;;;;;;;970.7;;;;1017.8;3.5;11;12.6;39.6;10.9;39.2;;;;;;;;;;;;;;249;;
STK;02.06.2015 00:00;;;;;;;;;972.7;;;;1019.8;2.7;10.4;9.7;37.4;10.2;36.7;;;;;;;;;;;;;;242;;
STK;03.06.2015 00:00;;;;;;;;;976.1;;;;1023.4;3.1;10.4;11.2;37.4;10.1;36.4;;;;;;;;;;;;;;242;;
STK;04.06.2015 00:00;;;;;;;;;977.2;;;;1024.6;1.1;3.2;4;11.5;3.1;11.2;;;;;;;;;;;;;;45;;
STK;05.06.2015 00:00;;;;;;;;;974;;;;1021.3;1.4;12.3;5;44.3;12.3;44.3;;;;;;;;;;;;;;135;;
STK;06.06.2015 00:00;;;;;;;;;975.9;;;;1023.2;2.1;14.9;7.6;53.6;14.2;51.1;;;;;;;;;;;;;;243;;
STK;07.06.2015 00:00;;;;;;;;;977.1;;;;1024.5;2.5;14.4;9;51.8;13.5;48.6;;;;;;;;;;;;;;51;;
STK;08.06.2015 00:00;;;;;;;;;975.3;;;;1022.6;3.8;9.8;13.7;35.3;9.7;34.9;;;;;;;;;;;;;;41;;
STK;09.06.2015 00:00;;;;;;;;;974.8;;;;1022.1;6.7;11.9;24.1;42.8;11.3;40.7;;;;;;;;;;;;;;54;;
STK;10.06.2015 00:00;;;;;;;;;974.7;;;;1021.9;3.4;9;12.2;32.4;8.7;31.3;;;;;;;;;;;;;;52;;
STK;11.06.2015 00:00;;;;;;;;;971;;;;1018.1;1.3;4.2;4.7;15.1;4.1;14.8;;;;;;;;;;;;;;63;;
STK;12.06.2015 00:00;;;;;;;;;965.9;;;;1012.9;1.7;11.3;6.1;40.7;10.9;39.2;;;;;;;;;;;;;;143;;
STK;13.06.2015 00:00;;;;;;;;;965.9;;;;1012.8;2.9;11.2;10.4;40.3;10.9;39.2;;;;;;;;;;;;;;234;;
STK;14.06.2015 00:00;;;;;;;;;964;;;;1010.9;2.3;10.5;8.3;37.8;10.3;37.1;;;;;;;;;;;;;;234;;
STK;15.06.2015 00:00;;;;;;;;;969;;;;1016;1.4;6.8;5;24.5;6.5;23.4;;;;;;;;;;;;;;214;;
STK;16.06.2015 00:00;;;;;;;;;972.4;;;;1019.6;2.4;7.4;8.6;26.6;7.2;25.9;;;;;;;;;;;;;;29;;
STK;17.06.2015 00:00;;;;;;;;;974.9;;;;1022.2;2.3;7.8;8.3;28.1;7.7;27.7;;;;;;;;;;;;;;45;;
STK;18.06.2015 00:00;;;;;;;;;972.2;;;;1019.3;4.2;12.2;15.1;43.9;12.1;43.6;;;;;;;;;;;;;;228;;
STK;19.06.2015 00:00;;;;;;;;;971.5;;;;1018.6;2.1;8.6;7.6;31;8.3;29.9;;;;;;;;;;;;;;292;;
STK;20.06.2015 00:00;;;;;;;;;973.5;;;;1020.7;2.3;10.4;8.3;37.4;10.2;36.7;;;;;;;;;;;;;;239;;
STK;21.06.2015 00:00;;;;;;;;;972.7;;;;1019.9;3.1;9.8;11.2;35.3;9.6;34.6;;;;;;;;;;;;;;228;;
STK;22.06.2015 00:00;;;;;;;;;966.8;;;;1013.7;3.4;20.2;12.2;72.7;19.2;69.1;;;;;;;;;;;;;;238;;
STK;23.06.2015 00:00;;;;;;;;;968.8;;;;1015.8;3.7;13.9;13.3;50;13.2;47.5;;;;;;;;;;;;;;255;;
STK;24.06.2015 00:00;;;;;;;;;975.2;;;;1022.4;1.4;3.5;5;12.6;3.4;12.2;;;;;;;;;;;;;;82;;
STK;25.06.2015 00:00;;;;;;;;;976.2;;;;1023.5;1.4;4.2;5;15.1;4;14.4;;;;;;;;;;;;;;117;;
STK;26.06.2015 00:00;;;;;;;;;974.9;;;;1022.2;1.5;3.1;5.4;11.2;3;10.8;;;;;;;;;;;;;;124;;
STK;27.06.2015 00:00;;;;;;;;;972.6;;;;1019.7;1.9;10.2;6.8;36.7;10;36;;;;;;;;;;;;;;279;;
STK;28.06.2015 00:00;;;;;;;;;974.9;;;;1022.1;1.4;3.3;5;11.9;3.3;11.9;;;;;;;;;;;;;;82;;
STK;29.06.2015 00:00;;;;;;;;;975.2;;;;1022.5;1.4;5.1;5;18.4;5;18;;;;;;;;;;;;;;211;;
STK;30.06.2015 00:00;;;;;;;;;973.8;;;;1021;1.2;3.4;4.3;12.2;3.3;11.9;;;;;;;;;;;;;;81;;
STK;01.07.2015 00:00;;;;;;;;;973;;;;1020.1;1.3;3.1;4.7;11.2;3.1;11.2;;;;;;;;;;;;;;117;;
STK;02.07.2015 00:00;;;;;;;;;974.8;;;;1022.1;1.4;3.2;5;11.5;3.2;11.5;;;;;;;;;;;;;;90;;
STK;03.07.2015 00:00;;;;;;;;;977;;;;1024.4;1.7;6.7;6.1;24.1;6.6;23.8;;;;;;;;;;;;;;63;;
STK;04.07.2015 00:00;;;;;;;;;975.1;;;;1022.4;0.9;5.4;3.2;19.4;5.3;19.1;;;;;;;;;;;;;;236;;
STK;05.07.2015 00:00;;;;;;;;;971.2;;;;1018.3;1.8;4.9;6.5;17.6;4.8;17.3;;;;;;;;;;;;;;108;;
STK;06.07.2015 00:00;;;;;;;;;973.9;;;;1021.1;1.9;6.4;6.8;23;6.2;22.3;;;;;;;;;;;;;;40;;
STK;07.07.2015 00:00;;;;;;;;;967;;;;1013.9;2.2;11.1;7.9;40;10.7;38.5;;;;;;;;;;;;;;229;;
STK;08.07.2015 00:00;;;;;;;;;968.7;;;;1015.8;6.5;16.4;23.4;59;16;57.6;;;;;;;;;;;;;;249;;
STK;09.07.2015 00:00;;;;;;;;;974;;;;1021.2;4.5;11.1;16.2;40;10.9;39.2;;;;;;;;;;;;;;268;;
STK;10.07.2015 00:00;;;;;;;;;974.8;;;;1022;1.5;5.4;5.4;19.4;5.3;19.1;;;;;;;;;;;;;;61;;
STK;11.07.2015 00:00;;;;;;;;;971.6;;;;1018.7;3.5;13.2;12.6;47.5;12.8;46.1;;;;;;;;;;;;;;243;;
STK;12.07.2015 00:00;;;;;;;;;972.3;;;;1019.5;3.1;9;11.2;32.4;8.8;31.7;;;;;;;;;;;;;;251;;
STK;13.07.2015 00:00;;;;;;;;;972.9;;;;1020.1;2.4;10.3;8.6;37.1;10.2;36.7;;;;;;;;;;;;;;243;;
STK;14.07.2015 00:00;;;;;;;;;972.8;;;;1019.9;3.5;11.2;12.6;40.3;11;39.6;;;;;;;;;;;;;;241;;
STK;15.07.2015 00:00;;;;;;;;;973.1;;;;1020.2;1.4;5.1;5;18.4;5;18;;;;;;;;;;;;;;72;;
STK;16.07.2015 00:00;;;;;;;;;971.2;;;;1018.4;1.8;6.2;6.5;22.3;6;21.6;;;;;;;;;;;;;;74;;
STK;17.07.2015 00:00;;;;;;;;;971.4;;;;1018.5;2.3;11.5;8.3;41.4;11.4;41;;;;;;;;;;;;;;90;;
STK;18.07.2015 00:00;;;;;;;;;972.2;;;;1019.3;2;11.1;7.2;40;10.8;38.9;;;;;;;;;;;;;;243;;
STK;19.07.2015 00:00;;;;;;;;;968;;;;1015;3.7;11.7;13.3;42.1;11.6;41.8;;;;;;;;;;;;;;243;;
STK;20.07.2015 00:00;;;;;;;;;969.6;;;;1016.6;1.8;5.6;6.5;20.2;5.5;19.8;;;;;;;;;;;;;;231;;
STK;21.07.2015 00:00;;;;;;;;;969.8;;;;1016.8;1.7;5.3;6.1;19.1;5.1;18.4;;;;;;;;;;;;;;214;;
STK;22.07.2015 00:00;;;;;;;;;968.5;;;;1015.5;2.2;15.6;7.9;56.2;14;50.4;;;;;;;;;;;;;;231;;
STK;23.07.2015 00:00;;;;;;;;;970.4;;;;1017.4;2.4;11.1;8.6;40;11;39.6;;;;;;;;;;;;;;11;;
STK;24.07.2015 00:00;;;;;;;;;964.8;;;;1011.7;2.1;16;7.6;57.6;15.7;56.5;;;;;;;;;;;;;;112;;
STK;25.07.2015 00:00;;;;;;;;;967;;;;1014;7;20;25.2;72;19.2;69.1;;;;;;;;;;;;;;253;;
STK;26.07.2015 00:00;;;;;;;;;968;;;;1015.1;2.6;11.9;9.4;42.8;11.4;41;;;;;;;;;;;;;;104;;
STK;27.07.2015 00:00;;;;;;;;;963.5;;;;1010.3;6.6;18.7;23.8;67.3;18.2;65.5;;;;;;;;;;;;;;251;;
STK;28.07.2015 00:00;;;;;;;;;965.5;;;;1012.4;5.1;14.2;18.4;51.1;13.8;49.7;;;;;;;;;;;;;;250;;
STK;29.07.2015 00:00;;;;;;;;;966.8;;;;1013.7;2.9;10.9;10.4;39.2;10.5;37.8;;;;;;;;;;;;;;243;;
STK;30.07.2015 00:00;;;;;;;;;970.1;;;;1017.2;2.2;7.8;7.9;28.1;7.7;27.7;;;;;;;;;;;;;;247;;
STK;31.07.2015 00:00;;;;;;;;;969.2;;;;1016.2;2.7;10.2;9.7;36.7;9.7;34.9;;;;;;;;;;;;;;60;;
STK;01.08.2015 00:00;;;;;;;;;969.4;;;;1016.5;1.6;6;5.8;21.6;5.9;21.2;;;;;;;;;;;;;;210;;
STK;02.08.2015 00:00;;;;;;;;;972.5;;;;1019.6;2.3;9;8.3;32.4;8.7;31.3;;;;;;;;;;;;;;72;;
STK;03.08.2015 00:00;;;;;;;;;971.1;;;;1018.2;1.2;4.9;4.3;17.6;4.8;17.3;;;;;;;;;;;;;;117;;
STK;04.08.2015 00:00;;;;;;;;;970.8;;;;1017.9;3.3;14;11.9;50.4;13.6;49;;;;;;;;;;;;;;237;;
STK;05.08.2015 00:00;;;;;;;;;971.1;;;;1018.3;1.7;6.2;6.1;22.3;5.9;21.2;;;;;;;;;;;;;;48;;
STK;06.08.2015 00:00;;;;;;;;;970.3;;;;1017.4;1.1;4.1;4;14.8;4;14.4;;;;;;;;;;;;;;104;;
STK;07.08.2015 00:00;;;;;;;;;969.7;;;;1016.8;1.6;8.8;5.8;31.7;8.6;31;;;;;;;;;;;;;;214;;
STK;08.08.2015 00:00;;;;;;;;;971.8;;;;1018.9;1.9;7.8;6.8;28.1;7.6;27.4;;;;;;;;;;;;;;23;;
STK;09.08.2015 00:00;;;;;;;;;970.3;;;;1017.4;3.5;13.6;12.6;49;13.2;47.5;;;;;;;;;;;;;;241;;
STK;10.08.2015 00:00;;;;;;;;;969.3;;;;1016.3;2.1;15.7;7.6;56.5;15.2;54.7;;;;;;;;;;;;;;234;;
STK;11.08.2015 00:00;;;;;;;;;970.3;;;;1017.4;1.3;4.4;4.7;15.8;4.3;15.5;;;;;;;;;;;;;;207;;
STK;12.08.2015 00:00;;;;;;;;;972.4;;;;1019.6;1.4;3.5;5;12.6;3.4;12.2;;;;;;;;;;;;;;135;;
STK;13.08.2015 00:00;;;;;;;;;967.9;;;;1014.9;2.5;21.3;9;76.7;20;72;;;;;;;;;;;;;;221;;
STK;14.08.2015 00:00;;;;;;;;;965.6;;;;1012.5;2.1;14;7.6;50.4;13.4;48.2;;;;;;;;;;;;;;232;;
STK;15.08.2015 00:00;;;;;;;;;966.2;;;;1013.2;3.4;8.6;12.2;31;8.4;30.2;;;;;;;;;;;;;;230;;
STK;16.08.2015 00:00;;;;;;;;;966.7;;;;1013.7;2.3;5.6;8.3;20.2;5.6;20.2;;;;;;;;;;;;;;274;;
STK;17.08.2015 00:00;;;;;;;;;967.4;;;;1014.4;1.3;4.7;4.7;16.9;4.7;16.9;;;;;;;;;;;;;;219;;
STK;18.08.2015 00:00;;;;;;;;;969;;;;1016;1.7;8.2;6.1;29.5;7.9;28.4;;;;;;;;;;;;;;180;;
STK;19.08.2015 00:00;;;;;;;;;973.8;;;;1021;2;7.5;7.2;27;7.3;26.3;;;;;;;;;;;;;;14;;
STK;20.08.2015 00:00;;;;;;;;;977;;;;1024.4;1.6;7.2;5.8;25.9;7.1;25.6;;;;;;;;;;;;;;90;;
STK;21.08.2015 00:00;;;;;;;;;976.8;;;;1024.2;1.3;5.2;4.7;18.7;5;18;;;;;;;;;;;;;;81;;
STK;22.08.2015 00:00;;;;;;;;;971.4;;;;1018.5;1.4;5;5;18;4.8;17.3;;;;;;;;;;;;;;81;;
STK;23.08.2015 00:00;;;;;;;;;964;;;;1010.9;1.5;6.4;5.4;23;6.3;22.7;;;;;;;;;;;;;;194;;
STK;24.08.2015 00:00;;;;;;;;;963.5;;;;1010.3;2.5;15.7;9;56.5;15.2;54.7;;;;;;;;;;;;;;235;;
STK;25.08.2015 00:00;;;;;;;;;972.6;;;;1019.7;3.1;11.6;11.2;41.8;11.5;41.4;;;;;;;;;;;;;;236;;
STK;26.08.2015 00:00;;;;;;;;;971.7;;;;1018.8;1.7;5.1;6.1;18.4;5.1;18.4;;;;;;;;;;;;;;90;;
STK;27.08.2015 00:00;;;;;;;;;968.4;;;;1015.4;1.2;3.3;4.3;11.9;3.2;11.5;;;;;;;;;;;;;;90;;
STK;28.08.2015 00:00;;;;;;;;;972.2;;;;1019.3;2;8.6;7.2;31;8.4;30.2;;;;;;;;;;;;;;231;;
STK;29.08.2015 00:00;;;;;;;;;974.7;;;;1021.9;1.2;3.7;4.3;13.3;3.6;13;;;;;;;;;;;;;;45;;
STK;30.08.2015 00:00;;;;;;;;;972.9;;;;1020.1;1.3;4.2;4.7;15.1;4.1;14.8;;;;;;;;;;;;;;180;;
STK;31.08.2015 00:00;;;;;;;;;969.2;;;;1016.2;2;8.9;7.2;32;8.8;31.7;;;;;;;;;;;;;;234;;
STK;01.09.2015 00:00;;;;;;;;;967.8;;;;1014.8;2.9;15.2;10.4;54.7;14.7;52.9;;;;;;;;;;;;;;237;;
STK;02.09.2015 00:00;;;;;;;;;970.1;;;;1017.1;1.6;5.5;5.8;19.8;5.4;19.4;;;;;;;;;;;;;;41;;
STK;03.09.2015 00:00;;;;;;;;;968.6;;;;1015.6;1.6;8.3;5.8;29.9;7.7;27.7;;;;;;;;;;;;;;218;;
STK;04.09.2015 00:00;;;;;;;;;969.5;;;;1016.6;2.8;9.1;10.1;32.8;8.6;31;;;;;;;;;;;;;;249;;
STK;05.09.2015 00:00;;;;;;;;;971.8;;;;1018.9;2.7;11.2;9.7;40.3;10.9;39.2;;;;;;;;;;;;;;242;;
STK;06.09.2015 00:00;;;;;;;;;977;;;;1024.3;3.4;11;12.2;39.6;10.7;38.5;;;;;;;;;;;;;;257;;
STK;07.09.2015 00:00;;;;;;;;;979;;;;1026.4;1.9;5.9;6.8;21.2;5.8;20.9;;;;;;;;;;;;;;69;;
STK;08.09.2015 00:00;;;;;;;;;976;;;;1023.3;3.3;9.5;11.9;34.2;9.1;32.8;;;;;;;;;;;;;;57;;
STK;09.09.2015 00:00;;;;;;;;;973;;;;1020.2;2.5;11;9;39.6;10.5;37.8;;;;;;;;;;;;;;76;;
STK;10.09.2015 00:00;;;;;;;;;971.7;;;;1018.8;2.7;8.2;9.7;29.5;7.9;28.4;;;;;;;;;;;;;;65;;
STK;11.09.2015 00:00;;;;;;;;;970.8;;;;1017.9;1.8;5.5;6.5;19.8;5.4;19.4;;;;;;;;;;;;;;90;;
STK;12.09.2015 00:00;;;;;;;;;970;;;;1017.1;2.5;12.3;9;44.3;12;43.2;;;;;;;;;;;;;;162;;
STK;13.09.2015 00:00;;;;;;;;;964.2;;;;1011.1;1.8;9.6;6.5;34.6;9.5;34.2;;;;;;;;;;;;;;124;;
STK;14.09.2015 00:00;;;;;;;;;962.7;;;;1009.5;2.5;16.7;9;60.1;16.3;58.7;;;;;;;;;;;;;;234;;
STK;15.09.2015 00:00;;;;;;;;;963.8;;;;1010.7;2.3;12.3;8.3;44.3;11.6;41.8;;;;;;;;;;;;;;225;;
STK;16.09.2015 00:00;;;;;;;;;955.5;;;;1002;1.6;6.9;5.8;24.8;6.7;24.1;;;;;;;;;;;;;;230;;
STK;17.09.2015 00:00;;;;;;;;;962.2;;;;1009;2.9;13.9;10.4;50;13.6;49;;;;;;;;;;;;;;237;;
STK;18.09.2015 00:00;;;;;;;;;972.6;;;;1019.7;2.3;11;8.3;39.6;11;39.6;;;;;;;;;;;;;;227;;
STK;19.09.2015 00:00;;;;;;;;;976;;;;1023.3;2;8.4;7.2;30.2;8.3;29.9;;;;;;;;;;;;;;238;;
STK;20.09.2015 00:00;;;;;;;;;976.9;;;;1024.2;1.2;4.9;4.3;17.6;4.8;17.3;;;;;;;;;;;;;;99;;
STK;21.09.2015 00:00;;;;;;;;;970;;;;1017;1.3;3.3;4.7;11.9;3.2;11.5;;;;;;;;;;;;;;117;;
STK;22.09.2015 00:00;;;;;;;;;961.9;;;;1008.6;2.8;16.9;10.1;60.8;16.6;59.8;;;;;;;;;;;;;;234;;
STK;23.09.2015 00:00;;;;;;;;;967;;;;1014;4.1;12.3;14.8;44.3;11.7;42.1;;;;;;;;;;;;;;223;;
STK;24.09.2015 00:00;;;;;;;;;974.3;;;;1021.5;1.5;4.6;5.4;16.6;4.6;16.6;;;;;;;;;;;;;;143;;
STK;25.09.2015 00:00;;;;;;;;;975.4;;;;1022.7;1.3;3.5;4.7;12.6;3.4;12.2;;;;;;;;;;;;;;153;;
STK;26.09.2015 00:00;;;;;;;;;975.4;;;;1022.7;3.9;10.4;14;37.4;10.1;36.4;;;;;;;;;;;;;;52;;
STK;27.09.2015 00:00;;;;;;;;;979.2;;;;1026.7;6.1;14.4;22;51.8;14.1;50.8;;;;;;;;;;;;;;57;;
STK;28.09.2015 00:00;;;;;;;;;982.5;;;;1030;9.1;17.3;32.8;62.3;16.8;60.5;;;;;;;;;;;;;;58;;
STK;29.09.2015 00:00;;;;;;;;;980.2;;;;1027.7;9.2;18.2;33.1;65.5;17.4;62.6;;;;;;;;;;;;;;65;;
STK;30.09.2015 00:00;;;;;;;;;979.8;;;;1027.3;6.2;13.9;22.3;50;13.6;49;;;;;;;;;;;;;;63;;
STK;01.10.2015 00:00;;;;;;;;;977.4;;;;1024.7;3.3;10.2;11.9;36.7;10;36;;;;;;;;;;;;;;54;;
STK;02.10.2015 00:00;;;;;;;;;973.3;;;;1020.5;1.3;3.5;4.7;12.6;3.4;12.2;;;;;;;;;;;;;;112;;
STK;03.10.2015 00:00;;;;;;;;;969.9;;;;1017;2.2;7.3;7.9;26.3;7.1;25.6;;;;;;;;;;;;;;228;;
STK;04.10.2015 00:00;;;;;;;;;971.5;;;;1018.7;2.8;11.5;10.1;41.4;11.2;40.3;;;;;;;;;;;;;;218;;
STK;05.10.2015 00:00;;;;;;;;;968.2;;;;1015.2;1.9;6.6;6.8;23.8;6.6;23.8;;;;;;;;;;;;;;90;;
STK;06.10.2015 00:00;;;;;;;;;962.9;;;;1009.7;2;16.4;7.2;59;15.5;55.8;;;;;;;;;;;;;;222;;
STK;07.10.2015 00:00;;;;;;;;;968.6;;;;1015.7;5;13.5;18;48.6;13.1;47.2;;;;;;;;;;;;;;238;;
STK;08.10.2015 00:00;;;;;;;;;973.2;;;;1020.4;0.9;4.3;3.2;15.5;4.3;15.5;;;;;;;;;;;;;;135;;
STK;09.10.2015 00:00;;;;;;;;;972.2;;;;1019.3;1.2;3.7;4.3;13.3;3.6;13;;;;;;;;;;;;;;104;;
STK;10.10.2015 00:00;;;;;;;;;967.9;;;;1014.9;3.8;10.2;13.7;36.7;9.9;35.6;;;;;;;;;;;;;;58;;
STK;11.10.2015 00:00;;;;;;;;;965.8;;;;1012.7;5.7;11.3;20.5;40.7;11.1;40;;;;;;;;;;;;;;58;;
STK;12.10.2015 00:00;;;;;;;;;968.1;;;;1015.1;2.7;6.4;9.7;23;6.3;22.7;;;;;;;;;;;;;;29;;
STK;13.10.2015 00:00;;;;;;;;;967.3;;;;1014.2;2.3;11.4;8.3;41;11.3;40.7;;;;;;;;;;;;;;231;;
STK;14.10.2015 00:00;;;;;;;;;967.9;;;;1014.9;3.3;9.5;11.9;34.2;9.3;33.5;;;;;;;;;;;;;;49;;
STK;15.10.2015 00:00;;;;;;;;;966.9;;;;1013.8;2.9;10.2;10.4;36.7;9.8;35.3;;;;;;;;;;;;;;31;;
STK;16.10.2015 00:00;;;;;;;;;971.1;;;;1018.2;1.4;4;5;14.4;4;14.4;;;;;;;;;;;;;;238;;
STK;17.10.2015 00:00;;;;;;;;;971.1;;;;1018.2;1;3.5;3.6;12.6;3.3;11.9;;;;;;;;;;;;;;198;;
STK;18.10.2015 00:00;;;;;;;;;970.9;;;;1018;1;3.2;3.6;11.5;3;10.8;;;;;;;;;;;;;;360;;
STK;19.10.2015 00:00;;;;;;;;;973;;;;1020.2;1.7;6.1;6.1;22;6;21.6;;;;;;;;;;;;;;49;;
STK;20.10.2015 00:00;;;;;;;;;974.6;;;;1021.8;1.3;5.9;4.7;21.2;5.8;20.9;;;;;;;;;;;;;;83;;
STK;21.10.2015 00:00;;;;;;;;;973.7;;;;1020.9;1.5;5.7;5.4;20.5;5.5;19.8;;;;;;;;;;;;;;68;;
STK;22.10.2015 00:00;;;;;;;;;973.4;;;;1020.6;3.5;9.3;12.6;33.5;9;32.4;;;;;;;;;;;;;;235;;
STK;23.10.2015 00:00;;;;;;;;;976.5;;;;1023.9;1.2;4;4.3;14.4;3.9;14;;;;;;;;;;;;;;56;;
STK;24.10.2015 00:00;;;;;;;;;973.7;;;;1020.9;1.4;4;5;14.4;3.9;14;;;;;;;;;;;;;;72;;
STK;25.10.2015 00:00;;;;;;;;;977;;;;1024.3;1.6;6;5.8;21.6;5.8;20.9;;;;;;;;;;;;;;225;;
STK;26.10.2015 00:00;;;;;;;;;973;;;;1020.2;1.3;5.3;4.7;19.1;5.2;18.7;;;;;;;;;;;;;;45;;
STK;27.10.2015 00:00;;;;;;;;;970.6;;;;1017.7;1.4;4.2;5;15.1;4.1;14.8;;;;;;;;;;;;;;351;;
STK;28.10.2015 00:00;;;;;;;;;966.2;;;;1013.1;1.8;9.7;6.5;34.9;9.5;34.2;;;;;;;;;;;;;;270;;
STK;29.10.2015 00:00;;;;;;;;;972.8;;;;1019.9;2.4;9.1;8.6;32.8;9.1;32.8;;;;;;;;;;;;;;225;;
STK;30.10.2015 00:00;;;;;;;;;978;;;;1025.4;2.1;5.1;7.6;18.4;5;18;;;;;;;;;;;;;;63;;
STK;31.10.2015 00:00;;;;;;;;;980.4;;;;1027.8;1.8;5.9;6.5;21.2;5.6;20.2;;;;;;;;;;;;;;53;;
STK;01.11.2015 00:00;;;;;;;;;983.1;;;;1030.6;1.5;4.5;5.4;16.2;4.5;16.2;;;;;;;;;;;;;;18;;
STK;02.11.2015 00:00;;;;;;;;;980.8;;;;1028.3;1.5;3.6;5.4;13;3.5;12.6;;;;;;;;;;;;;;9;;
STK;03.11.2015 00:00;;;;;;;;;975.5;;;;1022.8;1.6;5.7;5.8;20.5;5.6;20.2;;;;;;;;;;;;;;326;;
STK;04.11.2015 00:00;;;;;;;;;976.2;;;;1023.5;0.9;4.3;3.2;15.5;4.1;14.8;;;;;;;;;;;;;;117;;
STK;05.11.2015 00:00;;;;;;;;;976.2;;;;1023.5;0.8;2.2;2.9;7.9;2.2;7.9;;;;;;;;;;;;;;162;;
STK;06.11.2015 00:00;;;;;;;;;979;;;;1026.4;1.1;4.3;4;15.5;4.2;15.1;;;;;;;;;;;;;;194;;
STK;07.11.2015 00:00;;;;;;;;;981.3;;;;1028.8;1.1;4.1;4;14.8;3.9;14;;;;;;;;;;;;;;79;;
STK;08.11.2015 00:00;;;;;;;;;982.2;;;;1029.8;0.9;2.4;3.2;8.6;2.3;8.3;;;;;;;;;;;;;;117;;
STK;09.11.2015 00:00;;;;;;;;;981.9;;;;1029.4;4.5;10.9;16.2;39.2;10.4;37.4;;;;;;;;;;;;;;235;;
STK;10.11.2015 00:00;;;;;;;;;981.6;;;;1029.2;2.9;10.7;10.4;38.5;10.5;37.8;;;;;;;;;;;;;;229;;
STK;11.11.2015 00:00;;;;;;;;;980.6;;;;1028.1;1;3.7;3.6;13.3;3.6;13;;;;;;;;;;;;;;162;;
STK;12.11.2015 00:00;;;;;;;;;981.2;;;;1028.7;1.7;5.3;6.1;19.1;5.3;19.1;;;;;;;;;;;;;;270;;
STK;13.11.2015 00:00;;;;;;;;;981;;;;1028.5;4.6;15;16.6;54;14.6;52.6;;;;;;;;;;;;;;237;;
STK;14.11.2015 00:00;;;;;;;;;982.6;;;;1030.1;4.8;16.4;17.3;59;15.7;56.5;;;;;;;;;;;;;;236;;
STK;15.11.2015 00:00;;;;;;;;;975.4;;;;1022.6;6.7;14.9;24.1;53.6;14.4;51.8;;;;;;;;;;;;;;232;;
STK;16.11.2015 00:00;;;;;;;;;973.1;;;;1020.3;2.9;9.8;10.4;35.3;9.7;34.9;;;;;;;;;;;;;;234;;
STK;17.11.2015 00:00;;;;;;;;;972.4;;;;1019.6;6.4;18.3;23;65.9;17.6;63.4;;;;;;;;;;;;;;233;;
STK;18.11.2015 00:00;;;;;;;;;974.8;;;;1022;8.7;22.8;31.3;82.1;22.1;79.6;;;;;;;;;;;;;;238;;
STK;19.11.2015 00:00;;;;;;;;;974.2;;;;1021.4;8.3;23.8;29.9;85.7;23;82.8;;;;;;;;;;;;;;237;;
STK;20.11.2015 00:00;;;;;;;;;961.7;;;;1008.4;9;24.9;32.4;89.6;24.6;88.6;;;;;;;;;;;;;;234;;
STK;21.11.2015 00:00;;;;;;;;;953.6;;;;1000;5;15.1;18;54.4;14.9;53.6;;;;;;;;;;;;;;238;;
STK;22.11.2015 00:00;;;;;;;;;961.5;;;;1008.3;4.1;12.2;14.8;43.9;12.1;43.6;;;;;;;;;;;;;;249;;
STK;23.11.2015 00:00;;;;;;;;;974.8;;;;1022;2.1;10.5;7.6;37.8;10.3;37.1;;;;;;;;;;;;;;220;;
STK;24.11.2015 00:00;;;;;;;;;974.8;;;;1022;2.7;8.7;9.7;31.3;8.3;29.9;;;;;;;;;;;;;;235;;
STK;25.11.2015 00:00;;;;;;;;;963.1;;;;1009.9;5;13.3;18;47.9;13;46.8;;;;;;;;;;;;;;232;;
STK;26.11.2015 00:00;;;;;;;;;968.2;;;;1015.2;1.8;6.1;6.5;22;6;21.6;;;;;;;;;;;;;;354;;
STK;27.11.2015 00:00;;;;;;;;;970.6;;;;1017.7;3.2;10.9;11.5;39.2;10.5;37.8;;;;;;;;;;;;;;65;;
STK;28.11.2015 00:00;;;;;;;;;971.6;;;;1018.7;5.3;11.9;19.1;42.8;11.6;41.8;;;;;;;;;;;;;;227;;
STK;29.11.2015 00:00;;;;;;;;;976.2;;;;1023.6;9.8;20.8;35.3;74.9;20.6;74.2;;;;;;;;;;;;;;231;;
STK;30.11.2015 00:00;;;;;;;;;979.1;;;;1026.6;10.8;22.8;38.9;82.1;22.4;80.6;;;;;;;;;;;;;;230;;
STK;01.12.2015 00:00;;;;;;;;;982.3;;;;1029.9;7.4;24.7;26.6;88.9;23;82.8;;;;;;;;;;;;;;232;;
STK;02.12.2015 00:00;;;;;;;;;983.2;;;;1030.8;1;3.2;3.6;11.5;3.1;11.2;;;;;;;;;;;;;;72;;
STK;03.12.2015 00:00;;;;;;;;;983.4;;;;1031;1.3;5.9;4.7;21.2;5.6;20.2;;;;;;;;;;;;;;225;;
STK;04.12.2015 00:00;;;;;;;;;986;;;;1033.7;1.8;6.1;6.5;22;6;21.6;;;;;;;;;;;;;;219;;
STK;05.12.2015 00:00;;;;;;;;;985.7;;;;1033.3;1.6;5.3;5.8;19.1;5.2;18.7;;;;;;;;;;;;;;236;;
STK;06.12.2015 00:00;;;;;;;;;984.4;;;;1032;2.6;11;9.4;39.6;10.4;37.4;;;;;;;;;;;;;;218;;
STK;07.12.2015 00:00;;;;;;;;;986.5;;;;1034.3;1.1;3.9;4;14;3.7;13.3;;;;;;;;;;;;;;180;;
STK;08.12.2015 00:00;;;;;;;;;985.9;;;;1033.6;1.5;4.9;5.4;17.6;4.8;17.3;;;;;;;;;;;;;;215;;
STK;09.12.2015 00:00;;;;;;;;;989.5;;;;1037.3;1.6;6.9;5.8;24.8;6.8;24.5;;;;;;;;;;;;;;222;;
STK;10.12.2015 00:00;;;;;;;;;988.5;;;;1036.3;1.6;5.4;5.8;19.4;5.3;19.1;;;;;;;;;;;;;;225;;
STK;11.12.2015 00:00;;;;;;;;;983.6;;;;1031.2;2.8;13.3;10.1;47.9;13.1;47.2;;;;;;;;;;;;;;230;;
STK;12.12.2015 00:00;;;;;;;;;979.4;;;;1026.8;3.4;11.1;12.2;40;10.8;38.9;;;;;;;;;;;;;;244;;
STK;13.12.2015 00:00;;;;;;;;;976.2;;;;1023.5;1.2;4.5;4.3;16.2;4.4;15.8;;;;;;;;;;;;;;81;;
STK;14.12.2015 00:00;;;;;;;;;976.9;;;;1024.2;1.1;3.6;4;13;3.5;12.6;;;;;;;;;;;;;;225;;
STK;15.12.2015 00:00;;;;;;;;;980.1;;;;1027.5;1.2;3.7;4.3;13.3;3.7;13.3;;;;;;;;;;;;;;202;;
STK;16.12.2015 00:00;;;;;;;;;982.2;;;;1029.7;1.5;5.4;5.4;19.4;5.3;19.1;;;;;;;;;;;;;;233;;
STK;17.12.2015 00:00;;;;;;;;;981.1;;;;1028.7;1;3.9;3.6;14;3.8;13.7;;;;;;;;;;;;;;153;;
STK;18.12.2015 00:00;;;;;;;;;979.7;;;;1027.1;1.2;4.9;4.3;17.6;4.7;16.9;;;;;;;;;;;;;;180;;
STK;19.12.2015 00:00;;;;;;;;;978.5;;;;1025.9;0.7;2.4;2.5;8.6;2.4;8.6;;;;;;;;;;;;;;180;;
STK;20.12.2015 00:00;;;;;;;;;977.7;;;;1025;0.9;3.3;3.2;11.9;3.3;11.9;;;;;;;;;;;;;;180;;
STK;21.12.2015 00:00;;;;;;;;;982;;;;1029.5;2;8.7;7.2;31.3;8.6;31;;;;;;;;;;;;;;230;;
STK;22.12.2015 00:00;;;;;;;;;983.5;;;;1031.1;2.6;11.3;9.4;40.7;10.8;38.9;;;;;;;;;;;;;;237;;
STK;23.12.2015 00:00;;;;;;;;;982.9;;;;1030.5;2;8.5;7.2;30.6;8.2;29.5;;;;;;;;;;;;;;219;;
STK;24.12.2015 00:00;;;;;;;;;981.2;;;;1028.7;0.8;2.9;2.9;10.4;2.8;10.1;;;;;;;;;;;;;;117;;
STK;25.12.2015 00:00;;;;;;;;;985.3;;;;1033;0.8;3.2;2.9;11.5;3.1;11.2;;;;;;;;;;;;;;214;;
STK;26.12.2015 00:00;;;;;;;;;985.2;;;;1032.9;0.6;2;2.2;7.2;2;7.2;;;;;;;;;;;;;;207;;
STK;27.12.2015 00:00;;;;;;;;;985.3;;;;1033;0.8;3.7;2.9;13.3;3.6;13;;;;;;;;;;;;;;180;;
STK;28.12.2015 00:00;;;;;;;;;982.7;;;;1030.2;1;4.1;3.6;14.8;4;14.4;;;;;;;;;;;;;;180;;
STK;29.12.2015 00:00;;;;;;;;;982.2;;;;1029.7;1.6;6.2;5.8;22.3;6.1;22;;;;;;;;;;;;;;248;;
STK;30.12.2015 00:00;;;;;;;;;979.7;;;;1027.2;1.2;4.1;4.3;14.8;3.9;14;;;;;;;;;;;;;;34;;
STK;31.12.2015 00:00;;;;;;;;;978.1;;;;1025.5;1.1;5.3;4;19.1;5.2;18.7;;;;;;;;;;;;;;214;;
STK;01.01.2016 00:00;;;;;;;;;977.2;;;;1024.5;1.7;6;6.1;21.6;5.7;20.5;;;;;;;;;;;;;;53;;
STK;02.01.2016 00:00;;;;;;;;;967.7;;;;1014.7;2.3;9.6;8.3;34.6;9.4;33.8;;;;;;;;;;;;;;220;;
STK;03.01.2016 00:00;;;;;;;;;960.5;;;;1007.2;2.1;9.7;7.6;34.9;9.4;33.8;;;;;;;;;;;;;;234;;
STK;04.01.2016 00:00;;;;;;;;;949.4;;;;995.7;4.4;14.2;15.8;51.1;14;50.4;;;;;;;;;;;;;;229;;
STK;05.01.2016 00:00;;;;;;;;;951.4;;;;997.7;1.9;8.6;6.8;31;8.5;30.6;;;;;;;;;;;;;;228;;
STK;06.01.2016 00:00;;;;;;;;;954.8;;;;1001.3;1.6;8.9;5.8;32;8.6;31;;;;;;;;;;;;;;222;;
STK;07.01.2016 00:00;;;;;;;;;954.6;;;;1001;3.2;15.6;11.5;56.2;14.3;51.5;;;;;;;;;;;;;;238;;
STK;08.01.2016 00:00;;;;;;;;;960;;;;1006.7;1.3;7;4.7;25.2;6.7;24.1;;;;;;;;;;;;;;217;;
STK;09.01.2016 00:00;;;;;;;;;957.6;;;;1004.2;0.9;5;3.2;18;4.8;17.3;;;;;;;;;;;;;;27;;
STK;10.01.2016 00:00;;;;;;;;;954;;;;1000.5;2.8;13.8;10.1;49.7;13;46.8;;;;;;;;;;;;;;222;;
STK;11.01.2016 00:00;;;;;;;;;948.9;;;;995.2;5;27.6;18;99.4;26.6;95.8;;;;;;;;;;;;;;229;;
STK;12.01.2016 00:00;;;;;;;;;956.5;;;;1003.1;9;20;32.4;72;19.3;69.5;;;;;;;;;;;;;;231;;
STK;13.01.2016 00:00;;;;;;;;;969.9;;;;1017;8;20.4;28.8;73.4;19.6;70.6;;;;;;;;;;;;;;230;;
STK;14.01.2016 00:00;;;;;;;;;965.7;;;;1012.6;3.6;13.1;13;47.2;12.5;45;;;;;;;;;;;;;;234;;
STK;15.01.2016 00:00;;;;;;;;;966;;;;1012.9;10;22.4;36;80.6;21.2;76.3;;;;;;;;;;;;;;230;;
STK;16.01.2016 00:00;;;;;;;;;974.1;;;;1021.3;4.7;11.1;16.9;40;10.7;38.5;;;;;;;;;;;;;;242;;
STK;17.01.2016 00:00;;;;;;;;;975.9;;;;1023.2;3.8;12.3;13.7;44.3;12.2;43.9;;;;;;;;;;;;;;251;;
STK;18.01.2016 00:00;;;;;;;;;971.3;;;;1018.4;2.2;7.3;7.9;26.3;7;25.2;;;;;;;;;;;;;;34;;
STK;19.01.2016 00:00;;;;;;;;;968;;;;1015;1.1;3.8;4;13.7;3.8;13.7;;;;;;;;;;;;;;56;;
STK;20.01.2016 00:00;;;;;;;;;971.1;;;;1018.2;1;3.4;3.6;12.2;3.3;11.9;;;;;;;;;;;;;;225;;
STK;21.01.2016 00:00;;;;;;;;;977.5;;;;1024.9;1.4;6.7;5;24.1;6.6;23.8;;;;;;;;;;;;;;68;;
STK;22.01.2016 00:00;;;;;;;;;981.4;;;;1028.9;1.3;4.2;4.7;15.1;4.1;14.8;;;;;;;;;;;;;;108;;
STK;23.01.2016 00:00;;;;;;;;;986.7;;;;1034.5;2.2;7.7;7.9;27.7;7.4;26.6;;;;;;;;;;;;;;225;;
STK;24.01.2016 00:00;;;;;;;;;987.5;;;;1035.3;1.3;4;4.7;14.4;3.9;14;;;;;;;;;;;;;;27;;
STK;25.01.2016 00:00;;;;;;;;;983.8;;;;1031.4;0.8;3.2;2.9;11.5;3.1;11.2;;;;;;;;;;;;;;153;;
STK;26.01.2016 00:00;;;;;;;;;982.2;;;;1029.7;0.9;3.4;3.2;12.2;3.4;12.2;;;;;;;;;;;;;;90;;
STK;27.01.2016 00:00;;;;;;;;;978.2;;;;1025.6;1;4.4;3.6;15.8;4.3;15.5;;;;;;;;;;;;;;72;;
STK;28.01.2016 00:00;;;;;;;;;978.4;;;;1025.8;2.6;8.6;9.4;31;8.4;30.2;;;;;;;;;;;;;;236;;
STK;29.01.2016 00:00;;;;;;;;;982.9;;;;1030.5;3.6;10.2;13;36.7;10;36;;;;;;;;;;;;;;234;;
STK;30.01.2016 00:00;;;;;;;;;974.1;;;;1021.3;7.2;27.5;25.9;99;25.7;92.5;;;;;;;;;;;;;;235;;
STK;31.01.2016 00:00;;;;;;;;;969.6;;;;1016.7;6.1;18.8;22;67.7;17.7;63.7;;;;;;;;;;;;;;235;;
STK;01.02.2016 00:00;;;;;;;;;978;;;;1025.4;8.5;18.2;30.6;65.5;17.4;62.6;;;;;;;;;;;;;;235;;
STK;02.02.2016 00:00;;;;;;;;;975.9;;;;1023.2;5.8;16.1;20.9;58;15.3;55.1;;;;;;;;;;;;;;230;;
STK;03.02.2016 00:00;;;;;;;;;974.5;;;;1021.8;4.6;16;16.6;57.6;15.2;54.7;;;;;;;;;;;;;;241;;
STK;04.02.2016 00:00;;;;;;;;;980.4;;;;1027.9;7.6;19.9;27.4;71.6;19.6;70.6;;;;;;;;;;;;;;232;;
STK;05.02.2016 00:00;;;;;;;;;980.2;;;;1027.7;2.3;9.7;8.3;34.9;9.5;34.2;;;;;;;;;;;;;;231;;
STK;06.02.2016 00:00;;;;;;;;;971.1;;;;1018.3;1.2;3.9;4.3;14;3.8;13.7;;;;;;;;;;;;;;225;;
STK;07.02.2016 00:00;;;;;;;;;961.9;;;;1008.6;3.7;14.8;13.3;53.3;14.6;52.6;;;;;;;;;;;;;;231;;
STK;08.02.2016 00:00;;;;;;;;;962.1;;;;1008.8;8.1;29.6;29.2;106.6;26.8;96.5;;;;;;;;;;;;;;233;;
STK;09.02.2016 00:00;;;;;;;;;954.2;;;;1000.6;5.6;29.1;20.2;104.8;28.5;102.6;;;;;;;;;;;;;;235;;
STK;10.02.2016 00:00;;;;;;;;;955.2;;;;1001.6;8.4;17.2;30.2;61.9;17;61.2;;;;;;;;;;;;;;231;;
STK;11.02.2016 00:00;;;;;;;;;961.3;;;;1008;3.9;13;14;46.8;12.1;43.6;;;;;;;;;;;;;;230;;
STK;12.02.2016 00:00;;;;;;;;;953.6;;;;1000;2;8.2;7.2;29.5;8.1;29.2;;;;;;;;;;;;;;153;;
STK;13.02.2016 00:00;;;;;;;;;946.1;;;;992.2;4.5;22.5;16.2;81;21.4;77;;;;;;;;;;;;;;227;;
STK;14.02.2016 00:00;;;;;;;;;946.2;;;;992.3;3.4;18.1;12.2;65.2;17.5;63;;;;;;;;;;;;;;232;;
STK;15.02.2016 00:00;;;;;;;;;964.2;;;;1011;2.2;7.5;7.9;27;7.4;26.6;;;;;;;;;;;;;;360;;
STK;16.02.2016 00:00;;;;;;;;;980.1;;;;1027.6;6.8;11.9;24.5;42.8;11.8;42.5;;;;;;;;;;;;;;47;;
STK;17.02.2016 00:00;;;;;;;;;971.2;;;;1018.4;2.3;11.7;8.3;42.1;11.2;40.3;;;;;;;;;;;;;;32;;
STK;18.02.2016 00:00;;;;;;;;;969.1;;;;1016.1;1.1;3.9;4;14;3.8;13.7;;;;;;;;;;;;;;135;;
STK;19.02.2016 00:00;;;;;;;;;974.6;;;;1021.9;5.5;13.6;19.8;49;13.3;47.9;;;;;;;;;;;;;;239;;
STK;20.02.2016 00:00;;;;;;;;;976.1;;;;1023.4;7.9;20.8;28.4;74.9;19.8;71.3;;;;;;;;;;;;;;230;;
STK;21.02.2016 00:00;;;;;;;;;973.5;;;;1020.7;7.5;19.5;27;70.2;18.9;68;;;;;;;;;;;;;;232;;
STK;22.02.2016 00:00;;;;;;;;;967.6;;;;1014.6;5.5;12.8;19.8;46.1;12.5;45;;;;;;;;;;;;;;234;;
STK;23.02.2016 00:00;;;;;;;;;967.3;;;;1014.3;6;19.9;21.6;71.6;18.6;67;;;;;;;;;;;;;;237;;
STK;24.02.2016 00:00;;;;;;;;;970;;;;1017.1;1.6;7.2;5.8;25.9;7;25.2;;;;;;;;;;;;;;0;;
STK;25.02.2016 00:00;;;;;;;;;965.2;;;;1012.1;0.7;4.6;2.5;16.6;3.3;11.9;;;;;;;;;;;;;;198;;
STK;26.02.2016 00:00;;;;;;;;;963.6;;;;1010.5;3.1;9.2;11.2;33.1;9;32.4;;;;;;;;;;;;;;58;;
STK;27.02.2016 00:00;;;;;;;;;957.8;;;;1004.4;1.6;6.1;5.8;22;5.9;21.2;;;;;;;;;;;;;;58;;
STK;28.02.2016 00:00;;;;;;;;;960;;;;1006.6;3.8;12;13.7;43.2;11.7;42.1;;;;;;;;;;;;;;46;;
STK;29.02.2016 00:00;;;;;;;;;965.8;;;;1012.7;3.7;10.5;13.3;37.8;10.2;36.7;;;;;;;;;;;;;;25;;
STK;01.03.2016 00:00;;;;;;;;;973.3;;;;1020.5;3.9;11.1;14;40;11;39.6;;;;;;;;;;;;;;238;;
STK;02.03.2016 00:00;;;;;;;;;961;;;;1007.7;5.7;16.7;20.5;60.1;16.3;58.7;;;;;;;;;;;;;;233;;
STK;03.03.2016 00:00;;;;;;;;;958.2;;;;1004.8;6;15.9;21.6;57.2;15.3;55.1;;;;;;;;;;;;;;236;;
STK;04.03.2016 00:00;;;;;;;;;955.8;;;;1002.4;1.9;8.8;6.8;31.7;8.5;30.6;;;;;;;;;;;;;;243;;
STK;05.03.2016 00:00;;;;;;;;;950.8;;;;997.1;1.9;8.7;6.8;31.3;8.7;31.3;;;;;;;;;;;;;;230;;
STK;06.03.2016 00:00;;;;;;;;;956.8;;;;1003.4;6;15.4;21.6;55.4;15.3;55.1;;;;;;;;;;;;;;235;;
STK;07.03.2016 00:00;;;;;;;;;957.9;;;;1004.5;2.1;8.9;7.6;32;8.8;31.7;;;;;;;;;;;;;;232;;
STK;08.03.2016 00:00;;;;;;;;;967.2;;;;1014.1;2.1;7;7.6;25.2;6.9;24.8;;;;;;;;;;;;;;235;;
STK;09.03.2016 00:00;;;;;;;;;962.8;;;;1009.6;1.1;4.3;4;15.5;4.1;14.8;;;;;;;;;;;;;;63;;
STK;10.03.2016 00:00;;;;;;;;;968.1;;;;1015.1;1.2;5.9;4.3;21.2;5.7;20.5;;;;;;;;;;;;;;67;;
STK;11.03.2016 00:00;;;;;;;;;974.4;;;;1021.6;3.8;11.5;13.7;41.4;11.3;40.7;;;;;;;;;;;;;;57;;
STK;12.03.2016 00:00;;;;;;;;;976.9;;;;1024.2;4.6;9.3;16.6;33.5;8.9;32;;;;;;;;;;;;;;57;;
STK;13.03.2016 00:00;;;;;;;;;977.1;;;;1024.4;9.4;20.2;33.8;72.7;19.6;70.6;;;;;;;;;;;;;;61;;
STK;14.03.2016 00:00;;;;;;;;;977.7;;;;1025.1;6.1;13.4;22;48.2;12.8;46.1;;;;;;;;;;;;;;58;;
STK;15.03.2016 00:00;;;;;;;;;974.9;;;;1022.1;2.5;11.7;9;42.1;11.2;40.3;;;;;;;;;;;;;;66;;
STK;16.03.2016 00:00;;;;;;;;;972.1;;;;1019.3;8.5;19.5;30.6;70.2;18.9;68;;;;;;;;;;;;;;63;;
STK;17.03.2016 00:00;;;;;;;;;976.3;;;;1023.6;1.2;4.5;4.3;16.2;4.2;15.1;;;;;;;;;;;;;;90;;
STK;18.03.2016 00:00;;;;;;;;;972.7;;;;1019.9;1.1;3.2;4;11.5;3.1;11.2;;;;;;;;;;;;;;153;;
STK;19.03.2016 00:00;;;;;;;;;971.2;;;;1018.3;1.8;10.3;6.5;37.1;9.8;35.3;;;;;;;;;;;;;;54;;
STK;20.03.2016 00:00;;;;;;;;;970.7;;;;1017.8;1.4;4.3;5;15.5;4.3;15.5;;;;;;;;;;;;;;52;;
STK;21.03.2016 00:00;;;;;;;;;970.3;;;;1017.4;1.5;4.5;5.4;16.2;4.5;16.2;;;;;;;;;;;;;;31;;
STK;22.03.2016 00:00;;;;;;;;;965.6;;;;1012.5;2;8.9;7.2;32;8.4;30.2;;;;;;;;;;;;;;65;;
STK;23.03.2016 00:00;;;;;;;;;962.4;;;;1009.2;1.4;9.2;5;33.1;8.9;32;;;;;;;;;;;;;;39;;
STK;24.03.2016 00:00;;;;;;;;;968.1;;;;1015.1;1.2;4;4.3;14.4;3.9;14;;;;;;;;;;;;;;59;;
STK;25.03.2016 00:00;;;;;;;;;970.1;;;;1017.1;4.8;13.5;17.3;48.6;12.8;46.1;;;;;;;;;;;;;;236;;
STK;26.03.2016 00:00;;;;;;;;;971.4;;;;1018.5;2.5;8.6;9;31;8.4;30.2;;;;;;;;;;;;;;108;;
STK;27.03.2016 00:00;;;;;;;;;967.5;;;;1014.4;3.1;13.7;11.2;49.3;13.5;48.6;;;;;;;;;;;;;;237;;
STK;28.03.2016 00:00;;;;;;;;;962.6;;;;1009.4;5.8;23.5;20.9;84.6;23.3;83.9;;;;;;;;;;;;;;235;;
STK;29.03.2016 00:00;;;;;;;;;966.5;;;;1013.4;5.3;19.2;19.1;69.1;17.8;64.1;;;;;;;;;;;;;;242;;
STK;30.03.2016 00:00;;;;;;;;;966.2;;;;1013.1;2.2;11.3;7.9;40.7;10.9;39.2;;;;;;;;;;;;;;245;;
STK;31.03.2016 00:00;;;;;;;;;961.2;;;;1008;1.1;4.1;4;14.8;4;14.4;;;;;;;;;;;;;;108;;
STK;01.04.2016 00:00;;;;;;;;;968.5;;;;1015.5;3.7;9.2;13.3;33.1;9;32.4;;;;;;;;;;;;;;270;;
STK;02.04.2016 00:00;;;;;;;;;969.1;;;;1016.1;1.5;5.2;5.4;18.7;5;18;;;;;;;;;;;;;;52;;
STK;03.04.2016 00:00;;;;;;;;;964.8;;;;1011.6;1;4.1;3.6;14.8;4;14.4;;;;;;;;;;;;;;214;;
STK;04.04.2016 00:00;;;;;;;;;961.4;;;;1008.1;2.2;8.5;7.9;30.6;8.4;30.2;;;;;;;;;;;;;;34;;
STK;05.04.2016 00:00;;;;;;;;;962.3;;;;1009.1;2.8;10.3;10.1;37.1;9.8;35.3;;;;;;;;;;;;;;251;;
STK;06.04.2016 00:00;;;;;;;;;967.9;;;;1014.8;2.4;7;8.6;25.2;7;25.2;;;;;;;;;;;;;;234;;
STK;07.04.2016 00:00;;;;;;;;;966.3;;;;1013.3;2.7;11.5;9.7;41.4;11.4;41;;;;;;;;;;;;;;245;;
STK;08.04.2016 00:00;;;;;;;;;964.8;;;;1011.7;1.5;6;5.4;21.6;5.9;21.2;;;;;;;;;;;;;;56;;
STK;09.04.2016 00:00;;;;;;;;;961.7;;;;1008.5;1.4;7.8;5;28.1;7.3;26.3;;;;;;;;;;;;;;51;;
STK;10.04.2016 00:00;;;;;;;;;963.9;;;;1010.7;2.2;7.2;7.9;25.9;7.1;25.6;;;;;;;;;;;;;;62;;
STK;11.04.2016 00:00;;;;;;;;;964.1;;;;1011;1.3;3.2;4.7;11.5;3.2;11.5;;;;;;;;;;;;;;81;;
STK;12.04.2016 00:00;;;;;;;;;964.7;;;;1011.5;2.6;13;9.4;46.8;12.8;46.1;;;;;;;;;;;;;;63;;
STK;13.04.2016 00:00;;;;;;;;;963.2;;;;1010;2.9;11.7;10.4;42.1;11.3;40.7;;;;;;;;;;;;;;231;;
STK;14.04.2016 00:00;;;;;;;;;966.5;;;;1013.5;3.2;9.9;11.5;35.6;9.7;34.9;;;;;;;;;;;;;;237;;
STK;15.04.2016 00:00;;;;;;;;;963.2;;;;1010;2.1;11;7.6;39.6;10.8;38.9;;;;;;;;;;;;;;241;;
STK;16.04.2016 00:00;;;;;;;;;960.1;;;;1006.8;2.6;12.2;9.4;43.9;11.8;42.5;;;;;;;;;;;;;;245;;
STK;17.04.2016 00:00;;;;;;;;;964.2;;;;1011;2.7;11.5;9.7;41.4;11.5;41.4;;;;;;;;;;;;;;297;;
STK;18.04.2016 00:00;;;;;;;;;973.4;;;;1020.6;2.4;6.7;8.6;24.1;6.6;23.8;;;;;;;;;;;;;;254;;
STK;19.04.2016 00:00;;;;;;;;;978.7;;;;1026.1;1.9;4.8;6.8;17.3;4.7;16.9;;;;;;;;;;;;;;56;;
STK;20.04.2016 00:00;;;;;;;;;978.8;;;;1026.2;2.7;8.6;9.7;31;8.4;30.2;;;;;;;;;;;;;;65;;
STK;21.04.2016 00:00;;;;;;;;;974.3;;;;1021.6;1.4;3.4;5;12.2;3.3;11.9;;;;;;;;;;;;;;90;;
STK;22.04.2016 00:00;;;;;;;;;968.4;;;;1015.4;2.3;8.6;8.3;31;8.5;30.6;;;;;;;;;;;;;;243;;
STK;23.04.2016 00:00;;;;;;;;;963.1;;;;1009.9;2.6;11.5;9.4;41.4;11.4;41;;;;;;;;;;;;;;275;;
STK;24.04.2016 00:00;;;;;;;;;966.8;;;;1013.7;2.8;11.3;10.1;40.7;10.9;39.2;;;;;;;;;;;;;;285;;
STK;25.04.2016 00:00;;;;;;;;;966.1;;;;1013;6.2;16.4;22.3;59;15.8;56.9;;;;;;;;;;;;;;242;;
STK;26.04.2016 00:00;;;;;;;;;959.2;;;;1005.8;7;18.4;25.2;66.2;17.6;63.4;;;;;;;;;;;;;;238;;
STK;27.04.2016 00:00;;;;;;;;;965.6;;;;1012.5;6.5;20.9;23.4;75.2;20.4;73.4;;;;;;;;;;;;;;239;;
STK;28.04.2016 00:00;;;;;;;;;968.9;;;;1015.9;2.1;9.4;7.6;33.8;9.3;33.5;;;;;;;;;;;;;;243;;
STK;29.04.2016 00:00;;;;;;;;;970.5;;;;1017.6;1.7;5.1;6.1;18.4;5;18;;;;;;;;;;;;;;79;;
STK;30.04.2016 00:00;;;;;;;;;967.9;;;;1014.9;3.1;22.2;11.2;79.9;21.8;78.5;;;;;;;;;;;;;;248;;
STK;01.05.2016 00:00;;;;;;;;;971.1;;;;1018.2;3.2;8.8;11.5;31.7;8.8;31.7;;;;;;;;;;;;;;230;;
STK;02.05.2016 00:00;;;;;;;;;974.4;;;;1021.7;1.9;6.6;6.8;23.8;6.4;23;;;;;;;;;;;;;;235;;
STK;03.05.2016 00:00;;;;;;;;;975.1;;;;1022.4;2.8;15.8;10.1;56.9;15.6;56.2;;;;;;;;;;;;;;254;;
STK;04.05.2016 00:00;;;;;;;;;979;;;;1026.4;2.2;7.6;7.9;27.4;7.2;25.9;;;;;;;;;;;;;;65;;
STK;05.05.2016 00:00;;;;;;;;;973.6;;;;1020.8;3.9;10.5;14;37.8;9.9;35.6;;;;;;;;;;;;;;62;;
STK;06.05.2016 00:00;;;;;;;;;968.7;;;;1015.7;1.4;3.3;5;11.9;3.2;11.5;;;;;;;;;;;;;;76;;
STK;07.05.2016 00:00;;;;;;;;;964.8;;;;1011.7;2;7.9;7.2;28.4;7.5;27;;;;;;;;;;;;;;77;;
STK;08.05.2016 00:00;;;;;;;;;964.2;;;;1011;2.5;10.3;9;37.1;10.1;36.4;;;;;;;;;;;;;;68;;
STK;09.05.2016 00:00;;;;;;;;;965.5;;;;1012.4;1.3;6.5;4.7;23.4;6.4;23;;;;;;;;;;;;;;90;;
STK;10.05.2016 00:00;;;;;;;;;963.1;;;;1009.9;2.2;7.8;7.9;28.1;7.7;27.7;;;;;;;;;;;;;;56;;
STK;11.05.2016 00:00;;;;;;;;;956.5;;;;1003;1.4;5;5;18;4.9;17.6;;;;;;;;;;;;;;63;;
STK;12.05.2016 00:00;;;;;;;;;953.4;;;;999.8;6;15.2;21.6;54.7;15;54;;;;;;;;;;;;;;227;;
STK;13.05.2016 00:00;;;;;;;;;955;;;;1001.5;3.8;13.5;13.7;48.6;13.3;47.9;;;;;;;;;;;;;;234;;
STK;14.05.2016 00:00;;;;;;;;;963.5;;;;1010.3;2.1;12.7;7.6;45.7;12.3;44.3;;;;;;;;;;;;;;234;;
STK;15.05.2016 00:00;;;;;;;;;973;;;;1020.2;2.6;8.9;9.4;32;8.5;30.6;;;;;;;;;;;;;;273;;
STK;16.05.2016 00:00;;;;;;;;;974.3;;;;1021.5;2.9;14.4;10.4;51.8;14.1;50.8;;;;;;;;;;;;;;238;;
STK;17.05.2016 00:00;;;;;;;;;972.4;;;;1019.6;1.8;5.5;6.5;19.8;5.4;19.4;;;;;;;;;;;;;;231;;
STK;18.05.2016 00:00;;;;;;;;;966.2;;;;1013.1;2.2;11.9;7.9;42.8;11.4;41;;;;;;;;;;;;;;229;;
STK;19.05.2016 00:00;;;;;;;;;967.6;;;;1014.6;4.4;12.9;15.8;46.4;12.1;43.6;;;;;;;;;;;;;;234;;
STK;20.05.2016 00:00;;;;;;;;;974.5;;;;1021.8;2;6.2;7.2;22.3;6.2;22.3;;;;;;;;;;;;;;246;;
STK;21.05.2016 00:00;;;;;;;;;971.4;;;;1018.5;1.3;3.8;4.7;13.7;3.6;13;;;;;;;;;;;;;;90;;
STK;22.05.2016 00:00;;;;;;;;;964.9;;;;1011.8;2.9;13.6;10.4;49;13.2;47.5;;;;;;;;;;;;;;242;;
STK;23.05.2016 00:00;;;;;;;;;968.2;;;;1015.2;6.1;13.3;22;47.9;12.8;46.1;;;;;;;;;;;;;;228;;
STK;24.05.2016 00:00;;;;;;;;;968.9;;;;1015.9;3.2;9;11.5;32.4;9;32.4;;;;;;;;;;;;;;239;;
STK;25.05.2016 00:00;;;;;;;;;968;;;;1015;1.4;3.7;5;13.3;3.7;13.3;;;;;;;;;;;;;;63;;
STK;26.05.2016 00:00;;;;;;;;;968.6;;;;1015.6;2;4.8;7.2;17.3;4.7;16.9;;;;;;;;;;;;;;66;;
STK;27.05.2016 00:00;;;;;;;;;967.7;;;;1014.7;2;10.2;7.2;36.7;9.8;35.3;;;;;;;;;;;;;;180;;
STK;28.05.2016 00:00;;;;;;;;;966.1;;;;1013;1.7;9.8;6.1;35.3;9.7;34.9;;;;;;;;;;;;;;225;;
STK;29.05.2016 00:00;;;;;;;;;961;;;;1007.7;3.1;11.8;11.2;42.5;11.3;40.7;;;;;;;;;;;;;;231;;
STK;30.05.2016 00:00;;;;;;;;;961.8;;;;1008.5;7.4;17.3;26.6;62.3;16.6;59.8;;;;;;;;;;;;;;236;;
STK;31.05.2016 00:00;;;;;;;;;965.5;;;;1012.4;3.5;10.7;12.6;38.5;10.5;37.8;;;;;;;;;;;;;;233;;
STK;01.06.2016 00:00;;;;;;;;;967.6;;;;1014.5;1.9;7.4;6.8;26.6;7.3;26.3;;;;;;;;;;;;;;246;;
STK;02.06.2016 00:00;;;;;;;;;965.2;;;;1012.1;2.8;8.5;10.1;30.6;8.3;29.9;;;;;;;;;;;;;;239;;
STK;03.06.2016 00:00;;;;;;;;;965.1;;;;1012;2;9.7;7.2;34.9;9.5;34.2;;;;;;;;;;;;;;229;;
STK;04.06.2016 00:00;;;;;;;;;966.7;;;;1013.6;3;7.2;10.8;25.9;7.1;25.6;;;;;;;;;;;;;;236;;
STK;05.06.2016 00:00;;;;;;;;;970.6;;;;1017.7;1.7;7.1;6.1;25.6;6.9;24.8;;;;;;;;;;;;;;233;;
STK;06.06.2016 00:00;;;;;;;;;972.6;;;;1019.8;1;3.3;3.6;11.9;3.2;11.5;;;;;;;;;;;;;;72;;
STK;07.06.2016 00:00;;;;;;;;;974.2;;;;1021.4;1.4;4;5;14.4;3.9;14;;;;;;;;;;;;;;180;;
STK;08.06.2016 00:00;;;;;;;;;972.9;;;;1020;2.8;9.2;10.1;33.1;8.9;32;;;;;;;;;;;;;;236;;
STK;09.06.2016 00:00;;;;;;;;;970.3;;;;1017.4;1.5;6.5;5.4;23.4;6;21.6;;;;;;;;;;;;;;225;;
STK;10.06.2016 00:00;;;;;;;;;966.3;;;;1013.2;1.4;3.6;5;13;3.5;12.6;;;;;;;;;;;;;;90;;
STK;11.06.2016 00:00;;;;;;;;;965.5;;;;1012.4;3.5;15.1;12.6;54.4;14.3;51.5;;;;;;;;;;;;;;232;;
STK;12.06.2016 00:00;;;;;;;;;965.2;;;;1012.1;5.9;15.7;21.2;56.5;15.1;54.4;;;;;;;;;;;;;;236;;
STK;13.06.2016 00:00;;;;;;;;;960.2;;;;1006.9;4.9;12.2;17.6;43.9;11.5;41.4;;;;;;;;;;;;;;230;;
STK;14.06.2016 00:00;;;;;;;;;957.9;;;;1004.5;4.1;16.2;14.8;58.3;15.3;55.1;;;;;;;;;;;;;;239;;
STK;15.06.2016 00:00;;;;;;;;;957.7;;;;1004.3;2.2;14.9;7.9;53.6;14.2;51.1;;;;;;;;;;;;;;225;;
STK;16.06.2016 00:00;;;;;;;;;958;;;;1004.6;2.4;7.5;8.6;27;7.4;26.6;;;;;;;;;;;;;;262;;
STK;17.06.2016 00:00;;;;;;;;;965.5;;;;1012.4;4.4;17.6;15.8;63.4;17.3;62.3;;;;;;;;;;;;;;235;;
STK;18.06.2016 00:00;;;;;;;;;972.3;;;;1019.5;3.2;13.3;11.5;47.9;13;46.8;;;;;;;;;;;;;;240;;
STK;19.06.2016 00:00;;;;;;;;;976.5;;;;1023.8;1.7;7.3;6.1;26.3;7.2;25.9;;;;;;;;;;;;;;238;;
STK;20.06.2016 00:00;;;;;;;;;975.8;;;;1023.1;1.5;4.5;5.4;16.2;4.4;15.8;;;;;;;;;;;;;;56;;
STK;21.06.2016 00:00;;;;;;;;;976.7;;;;1024;3.1;11;11.2;39.6;10.8;38.9;;;;;;;;;;;;;;236;;
STK;22.06.2016 00:00;;;;;;;;;976.9;;;;1024.2;1.3;3.3;4.7;11.9;3.3;11.9;;;;;;;;;;;;;;54;;
STK;23.06.2016 00:00;;;;;;;;;974;;;;1021.2;1.5;3.4;5.4;12.2;3.3;11.9;;;;;;;;;;;;;;79;;
STK;24.06.2016 00:00;;;;;;;;;971.1;;;;1018.3;1.9;18.9;6.8;68;18.5;66.6;;;;;;;;;;;;;;243;;
STK;25.06.2016 00:00;;;;;;;;;969.6;;;;1016.6;3.7;17.3;13.3;62.3;16.8;60.5;;;;;;;;;;;;;;243;;
STK;26.06.2016 00:00;;;;;;;;;973;;;;1020.2;1.7;5.3;6.1;19.1;5.2;18.7;;;;;;;;;;;;;;243;;
STK;27.06.2016 00:00;;;;;;;;;975;;;;1022.3;1.9;6.6;6.8;23.8;6.5;23.4;;;;;;;;;;;;;;243;;
STK;28.06.2016 00:00;;;;;;;;;971.7;;;;1018.9;1.6;5.9;5.8;21.2;5.8;20.9;;;;;;;;;;;;;;238;;
STK;29.06.2016 00:00;;;;;;;;;969.1;;;;1016.1;2.6;18.8;9.4;67.7;18.3;65.9;;;;;;;;;;;;;;240;;
STK;30.06.2016 00:00;;;;;;;;;970.3;;;;1017.4;2.4;7.8;8.6;28.1;7.3;26.3;;;;;;;;;;;;;;235;;
STK;01.07.2016 00:00;;;;;;;;;971.3;;;;1018.4;1.4;5.8;5;20.9;5.7;20.5;;;;;;;;;;;;;;229;;
STK;02.07.2016 00:00;;;;;;;;;972;;;;1019.1;3.8;10.2;13.7;36.7;10;36;;;;;;;;;;;;;;231;;
STK;03.07.2016 00:00;;;;;;;;;975.6;;;;1022.9;2.5;7.8;9;28.1;7.7;27.7;;;;;;;;;;;;;;240;;
STK;04.07.2016 00:00;;;;;;;;;974.1;;;;1021.3;1.5;4.6;5.4;16.6;4.5;16.2;;;;;;;;;;;;;;68;;
STK;05.07.2016 00:00;;;;;;;;;971.6;;;;1018.7;3.1;12.2;11.2;43.9;12.1;43.6;;;;;;;;;;;;;;245;;
STK;06.07.2016 00:00;;;;;;;;;974;;;;1021.3;2;7.4;7.2;26.6;7.1;25.6;;;;;;;;;;;;;;360;;
STK;07.07.2016 00:00;;;;;;;;;974.2;;;;1021.5;1.5;5.1;5.4;18.4;4.9;17.6;;;;;;;;;;;;;;77;;
STK;08.07.2016 00:00;;;;;;;;;972.5;;;;1019.7;3;12.3;10.8;44.3;11.7;42.1;;;;;;;;;;;;;;232;;
STK;09.07.2016 00:00;;;;;;;;;974;;;;1021.2;2.4;8.2;8.6;29.5;8;28.8;;;;;;;;;;;;;;236;;
STK;10.07.2016 00:00;;;;;;;;;969.2;;;;1016.2;1.5;5.5;5.4;19.8;5.3;19.1;;;;;;;;;;;;;;207;;
STK;11.07.2016 00:00;;;;;;;;;967.9;;;;1014.9;2.9;15.2;10.4;54.7;14.9;53.6;;;;;;;;;;;;;;237;;
STK;12.07.2016 00:00;;;;;;;;;968.8;;;;1015.8;2.2;6.4;7.9;23;6.2;22.3;;;;;;;;;;;;;;225;;
STK;13.07.2016 00:00;;;;;;;;;970;;;;1017.1;3.8;13.7;13.7;49.3;13;46.8;;;;;;;;;;;;;;230;;
STK;14.07.2016 00:00;;;;;;;;;974;;;;1021.2;4.5;11.1;16.2;40;10.9;39.2;;;;;;;;;;;;;;246;;
STK;15.07.2016 00:00;;;;;;;;;979.5;;;;1026.9;1.7;6;6.1;21.6;5.8;20.9;;;;;;;;;;;;;;216;;
STK;16.07.2016 00:00;;;;;;;;;979.5;;;;1027;1.6;4.4;5.8;15.8;4.3;15.5;;;;;;;;;;;;;;112;;
STK;17.07.2016 00:00;;;;;;;;;976.6;;;;1023.9;1.6;3.6;5.8;13;3.6;13;;;;;;;;;;;;;;90;;
STK;18.07.2016 00:00;;;;;;;;;975.5;;;;1022.7;1.4;3.8;5;13.7;3.7;13.3;;;;;;;;;;;;;;99;;
STK;19.07.2016 00:00;;;;;;;;;974;;;;1021.3;1.4;3.4;5;12.2;3.4;12.2;;;;;;;;;;;;;;63;;
STK;20.07.2016 00:00;;;;;;;;;970.6;;;;1017.7;1.8;5.9;6.5;21.2;5.7;20.5;;;;;;;;;;;;;;72;;
STK;21.07.2016 00:00;;;;;;;;;970.3;;;;1017.4;1.9;25.9;6.8;93.2;24.7;88.9;;;;;;;;;;;;;;243;;
STK;22.07.2016 00:00;;;;;;;;;969.8;;;;1016.8;1.5;11.5;5.4;41.4;11;39.6;;;;;;;;;;;;;;225;;
STK;23.07.2016 00:00;;;;;;;;;971.6;;;;1018.7;1.9;17.9;6.8;64.4;17.7;63.7;;;;;;;;;;;;;;235;;
STK;24.07.2016 00:00;;;;;;;;;973;;;;1020.2;1.6;6.1;5.8;22;6;21.6;;;;;;;;;;;;;;31;;
STK;25.07.2016 00:00;;;;;;;;;973.4;;;;1020.6;1.8;9.2;6.5;33.1;8.9;32;;;;;;;;;;;;;;259;;
STK;26.07.2016 00:00;;;;;;;;;973.4;;;;1020.5;1.9;18;6.8;64.8;17.6;63.4;;;;;;;;;;;;;;270;;
STK;27.07.2016 00:00;;;;;;;;;972.2;;;;1019.3;1.9;9.6;6.8;34.6;9.3;33.5;;;;;;;;;;;;;;225;;
STK;28.07.2016 00:00;;;;;;;;;971.7;;;;1018.8;2.5;7.9;9;28.4;7.8;28.1;;;;;;;;;;;;;;234;;
STK;29.07.2016 00:00;;;;;;;;;970.3;;;;1017.4;2.4;8.1;8.6;29.2;8;28.8;;;;;;;;;;;;;;241;;
STK;30.07.2016 00:00;;;;;;;;;968.5;;;;1015.5;2.1;9.3;7.6;33.5;9;32.4;;;;;;;;;;;;;;228;;
STK;31.07.2016 00:00;;;;;;;;;969.1;;;;1016.1;2.7;19.2;9.7;69.1;18.1;65.2;;;;;;;;;;;;;;228;;
STK;01.08.2016 00:00;;;;;;;;;973.5;;;;1020.7;1.1;4.2;4;15.1;4.2;15.1;;;;;;;;;;;;;;63;;
STK;02.08.2016 00:00;;;;;;;;;973.2;;;;1020.4;3;9.5;10.8;34.2;9.3;33.5;;;;;;;;;;;;;;242;;
STK;03.08.2016 00:00;;;;;;;;;970.6;;;;1017.7;2.1;6.5;7.6;23.4;6.3;22.7;;;;;;;;;;;;;;234;;
STK;04.08.2016 00:00;;;;;;;;;967.6;;;;1014.6;1.9;12;6.8;43.2;11.8;42.5;;;;;;;;;;;;;;18;;
STK;05.08.2016 00:00;;;;;;;;;973.6;;;;1020.8;2.8;7.9;10.1;28.4;7.6;27.4;;;;;;;;;;;;;;232;;
STK;06.08.2016 00:00;;;;;;;;;980.2;;;;1027.7;1.7;7.5;6.1;27;7.2;25.9;;;;;;;;;;;;;;214;;
STK;07.08.2016 00:00;;;;;;;;;980.9;;;;1028.4;1.3;4.1;4.7;14.8;4.1;14.8;;;;;;;;;;;;;;104;;
STK;08.08.2016 00:00;;;;;;;;;975.5;;;;1022.7;2.8;9.4;10.1;33.8;9.2;33.1;;;;;;;;;;;;;;240;;
STK;09.08.2016 00:00;;;;;;;;;974.6;;;;1021.8;1.6;7.6;5.8;27.4;7.5;27;;;;;;;;;;;;;;304;;
STK;10.08.2016 00:00;;;;;;;;;974.2;;;;1021.4;2.7;8.7;9.7;31.3;8.5;30.6;;;;;;;;;;;;;;257;;
STK;11.08.2016 00:00;;;;;;;;;977.7;;;;1025.1;1.9;6.7;6.8;24.1;6.6;23.8;;;;;;;;;;;;;;238;;
STK;12.08.2016 00:00;;;;;;;;;980;;;;1027.5;3.1;11.3;11.2;40.7;10.9;39.2;;;;;;;;;;;;;;223;;
STK;13.08.2016 00:00;;;;;;;;;978.1;;;;1025.4;1.4;3.3;5;11.9;3.3;11.9;;;;;;;;;;;;;;90;;
STK;14.08.2016 00:00;;;;;;;;;975.7;;;;1023;1.3;3.6;4.7;13;3.5;12.6;;;;;;;;;;;;;;124;;
STK;15.08.2016 00:00;;;;;;;;;973.6;;;;1020.8;1.3;3.6;4.7;13;3.5;12.6;;;;;;;;;;;;;;79;;
STK;16.08.2016 00:00;;;;;;;;;969.5;;;;1016.6;1.5;5.9;5.4;21.2;5.7;20.5;;;;;;;;;;;;;;81;;
STK;17.08.2016 00:00;;;;;;;;;966.5;;;;1013.4;2.3;9.2;8.3;33.1;9.1;32.8;;;;;;;;;;;;;;217;;
STK;18.08.2016 00:00;;;;;;;;;965.6;;;;1012.5;2.9;13.6;10.4;49;13.4;48.2;;;;;;;;;;;;;;230;;
STK;19.08.2016 00:00;;;;;;;;;966.7;;;;1013.6;1.4;4;5;14.4;3.9;14;;;;;;;;;;;;;;117;;
STK;20.08.2016 00:00;;;;;;;;;970;;;;1017;2.5;11.2;9;40.3;10.9;39.2;;;;;;;;;;;;;;233;;
STK;21.08.2016 00:00;;;;;;;;;976.2;;;;1023.6;4.1;13.1;14.8;47.2;12.7;45.7;;;;;;;;;;;;;;241;;
STK;22.08.2016 00:00;;;;;;;;;981.7;;;;1029.2;1.2;4.7;4.3;16.9;4.6;16.6;;;;;;;;;;;;;;214;;
STK;23.08.2016 00:00;;;;;;;;;980.1;;;;1027.6;1.6;5.3;5.8;19.1;5.3;19.1;;;;;;;;;;;;;;51;;
STK;24.08.2016 00:00;;;;;;;;;975.8;;;;1023.1;1.3;5.4;4.7;19.4;5.3;19.1;;;;;;;;;;;;;;81;;
STK;25.08.2016 00:00;;;;;;;;;972.5;;;;1019.6;1.6;4.3;5.8;15.5;4.1;14.8;;;;;;;;;;;;;;90;;
STK;26.08.2016 00:00;;;;;;;;;972.4;;;;1019.5;1.5;4.6;5.4;16.6;4.5;16.2;;;;;;;;;;;;;;90;;
STK;27.08.2016 00:00;;;;;;;;;972.3;;;;1019.5;1.3;4.7;4.7;16.9;4.6;16.6;;;;;;;;;;;;;;153;;
STK;28.08.2016 00:00;;;;;;;;;971.6;;;;1018.8;2.7;7.8;9.7;28.1;7.7;27.7;;;;;;;;;;;;;;237;;
STK;29.08.2016 00:00;;;;;;;;;973.9;;;;1021.1;2;7.7;7.2;27.7;7.5;27;;;;;;;;;;;;;;218;;
STK;30.08.2016 00:00;;;;;;;;;975.2;;;;1022.5;4.2;11.8;15.1;42.5;11.5;41.4;;;;;;;;;;;;;;56;;
STK;31.08.2016 00:00;;;;;;;;;974.2;;;;1021.5;1.4;4.5;5;16.2;4.4;15.8;;;;;;;;;;;;;;135;;
STK;01.09.2016 00:00;;;;;;;;;976.2;;;;1023.5;1.5;4.3;5.4;15.5;4.2;15.1;;;;;;;;;;;;;;189;;
STK;02.09.2016 00:00;;;;;;;;;974.9;;;;1022.2;1.4;3.8;5;13.7;3.7;13.3;;;;;;;;;;;;;;169;;
STK;03.09.2016 00:00;;;;;;;;;973.7;;;;1020.9;1.5;3.4;5.4;12.2;3.3;11.9;;;;;;;;;;;;;;162;;
STK;04.09.2016 00:00;;;;;;;;;971.8;;;;1018.9;3.7;13.3;13.3;47.9;12.9;46.4;;;;;;;;;;;;;;236;;
STK;05.09.2016 00:00;;;;;;;;;975.6;;;;1022.8;3.5;11.5;12.6;41.4;11.3;40.7;;;;;;;;;;;;;;230;;
STK;06.09.2016 00:00;;;;;;;;;978.5;;;;1025.9;2.1;8.6;7.6;31;8.3;29.9;;;;;;;;;;;;;;77;;
STK;07.09.2016 00:00;;;;;;;;;972.5;;;;1019.7;2.3;11;8.3;39.6;10.6;38.2;;;;;;;;;;;;;;60;;
STK;08.09.2016 00:00;;;;;;;;;969.5;;;;1016.5;2.1;8.7;7.6;31.3;8.4;30.2;;;;;;;;;;;;;;232;;
STK;09.09.2016 00:00;;;;;;;;;970.9;;;;1018;1.4;4.6;5;16.6;4.6;16.6;;;;;;;;;;;;;;124;;
STK;10.09.2016 00:00;;;;;;;;;970.5;;;;1017.6;1.3;3.8;4.7;13.7;3.7;13.3;;;;;;;;;;;;;;194;;
STK;11.09.2016 00:00;;;;;;;;;971.9;;;;1019;1.3;3.7;4.7;13.3;3.6;13;;;;;;;;;;;;;;101;;
STK;12.09.2016 00:00;;;;;;;;;971.7;;;;1018.8;1.5;4.4;5.4;15.8;4.3;15.5;;;;;;;;;;;;;;108;;
STK;13.09.2016 00:00;;;;;;;;;969.1;;;;1016.1;1.3;4;4.7;14.4;3.9;14;;;;;;;;;;;;;;90;;
STK;14.09.2016 00:00;;;;;;;;;966.4;;;;1013.4;1.9;8.6;6.8;31;8.5;30.6;;;;;;;;;;;;;;79;;
STK;15.09.2016 00:00;;;;;;;;;966;;;;1012.9;3.1;11.2;11.2;40.3;10.8;38.9;;;;;;;;;;;;;;233;;
STK;16.09.2016 00:00;;;;;;;;;969;;;;1016.1;3;9.7;10.8;34.9;9.5;34.2;;;;;;;;;;;;;;234;;
STK;17.09.2016 00:00;;;;;;;;;968.9;;;;1015.9;4.4;9.9;15.8;35.6;9.8;35.3;;;;;;;;;;;;;;242;;
STK;18.09.2016 00:00;;;;;;;;;967.2;;;;1014.2;4.2;9.3;15.1;33.5;9.1;32.8;;;;;;;;;;;;;;235;;
STK;19.09.2016 00:00;;;;;;;;;971;;;;1018.1;2;7.6;7.2;27.4;7.4;26.6;;;;;;;;;;;;;;218;;
STK;20.09.2016 00:00;;;;;;;;;970.9;;;;1018;2.4;8.7;8.6;31.3;8.5;30.6;;;;;;;;;;;;;;54;;
STK;21.09.2016 00:00;;;;;;;;;971.7;;;;1018.8;2.7;8.6;9.7;31;7.9;28.4;;;;;;;;;;;;;;53;;
STK;22.09.2016 00:00;;;;;;;;;975;;;;1022.3;1.4;4.7;5;16.9;4.6;16.6;;;;;;;;;;;;;;141;;
STK;23.09.2016 00:00;;;;;;;;;978.6;;;;1026;1.6;5;5.8;18;4.7;16.9;;;;;;;;;;;;;;212;;
STK;24.09.2016 00:00;;;;;;;;;977.9;;;;1025.2;1.3;6.1;4.7;22;6;21.6;;;;;;;;;;;;;;124;;
STK;25.09.2016 00:00;;;;;;;;;974.7;;;;1022;1.4;4.4;5;15.8;4.3;15.5;;;;;;;;;;;;;;135;;
STK;26.09.2016 00:00;;;;;;;;;974.9;;;;1022.2;1.4;4.3;5;15.5;4.2;15.1;;;;;;;;;;;;;;90;;
STK;27.09.2016 00:00;;;;;;;;;979.1;;;;1026.6;1.4;5.1;5;18.4;5;18;;;;;;;;;;;;;;101;;
STK;28.09.2016 00:00;;;;;;;;;982.7;;;;1030.2;2;6.6;7.2;23.8;6.5;23.4;;;;;;;;;;;;;;228;;
STK;29.09.2016 00:00;;;;;;;;;976.8;;;;1024.2;2.2;8;7.9;28.8;7.7;27.7;;;;;;;;;;;;;;229;;
STK;30.09.2016 00:00;;;;;;;;;970.6;;;;1017.7;2.4;9.2;8.6;33.1;9.1;32.8;;;;;;;;;;;;;;231;;
STK;01.10.2016 00:00;;;;;;;;;967.1;;;;1014;2.9;12.7;10.4;45.7;12.5;45;;;;;;;;;;;;;;236;;
STK;02.10.2016 00:00;;;;;;;;;970.7;;;;1017.8;3.8;14.7;13.7;52.9;14.5;52.2;;;;;;;;;;;;;;234;;
STK;03.10.2016 00:00;;;;;;;;;978.8;;;;1026.2;2.6;6.7;9.4;24.1;6.6;23.8;;;;;;;;;;;;;;232;;
STK;04.10.2016 00:00;;;;;;;;;980.9;;;;1028.4;5.1;14.1;18.4;50.8;13.5;48.6;;;;;;;;;;;;;;56;;
STK;05.10.2016 00:00;;;;;;;;;978.4;;;;1025.8;7.4;17.3;26.6;62.3;16.6;59.8;;;;;;;;;;;;;;63;;
STK;06.10.2016 00:00;;;;;;;;;971.8;;;;1018.9;4.7;11.1;16.9;40;10.9;39.2;;;;;;;;;;;;;;59;;
STK;07.10.2016 00:00;;;;;;;;;970.5;;;;1017.6;2.1;6.6;7.6;23.8;6.5;23.4;;;;;;;;;;;;;;67;;
STK;08.10.2016 00:00;;;;;;;;;973.5;;;;1020.7;1.9;5.4;6.8;19.4;5.3;19.1;;;;;;;;;;;;;;18;;
STK;09.10.2016 00:00;;;;;;;;;975.6;;;;1022.9;1.8;10.1;6.5;36.4;10;36;;;;;;;;;;;;;;284;;
STK;10.10.2016 00:00;;;;;;;;;974.5;;;;1021.8;2.2;7.7;7.9;27.7;7.6;27.4;;;;;;;;;;;;;;37;;
STK;11.10.2016 00:00;;;;;;;;;970.4;;;;1017.5;3.9;12.5;14;45;12.2;43.9;;;;;;;;;;;;;;37;;
STK;12.10.2016 00:00;;;;;;;;;969.6;;;;1016.6;3;9.4;10.8;33.8;9.3;33.5;;;;;;;;;;;;;;43;;
STK;13.10.2016 00:00;;;;;;;;;965.7;;;;1012.6;1.8;6.2;6.5;22.3;6;21.6;;;;;;;;;;;;;;69;;
STK;14.10.2016 00:00;;;;;;;;;960.9;;;;1007.6;1.7;6.7;6.1;24.1;6.6;23.8;;;;;;;;;;;;;;360;;
STK;15.10.2016 00:00;;;;;;;;;968.9;;;;1015.9;1.5;4.1;5.4;14.8;3.9;14;;;;;;;;;;;;;;180;;
STK;16.10.2016 00:00;;;;;;;;;975.3;;;;1022.6;1.5;4.9;5.4;17.6;4.7;16.9;;;;;;;;;;;;;;233;;
STK;17.10.2016 00:00;;;;;;;;;977;;;;1024.4;1.3;5.6;4.7;20.2;5.5;19.8;;;;;;;;;;;;;;214;;
STK;18.10.2016 00:00;;;;;;;;;976.3;;;;1023.6;3.4;9.3;12.2;33.5;9.2;33.1;;;;;;;;;;;;;;235;;
STK;19.10.2016 00:00;;;;;;;;;972.7;;;;1019.9;5.2;11.4;18.7;41;10.8;38.9;;;;;;;;;;;;;;227;;
STK;20.10.2016 00:00;;;;;;;;;969;;;;1016.1;6;14.3;21.6;51.5;14;50.4;;;;;;;;;;;;;;235;;
STK;21.10.2016 00:00;;;;;;;;;968.7;;;;1015.7;3;10.3;10.8;37.1;10.1;36.4;;;;;;;;;;;;;;225;;
STK;22.10.2016 00:00;;;;;;;;;968.3;;;;1015.3;1.8;5.2;6.5;18.7;5;18;;;;;;;;;;;;;;212;;
STK;23.10.2016 00:00;;;;;;;;;966.1;;;;1013;1.4;6.7;5;24.1;6.4;23;;;;;;;;;;;;;;27;;
STK;24.10.2016 00:00;;;;;;;;;968.3;;;;1015.3;1.1;7.7;4;27.7;7.5;27;;;;;;;;;;;;;;211;;
STK;25.10.2016 00:00;;;;;;;;;975.4;;;;1022.7;1.8;8.1;6.5;29.2;7.9;28.4;;;;;;;;;;;;;;207;;
STK;26.10.2016 00:00;;;;;;;;;980.2;;;;1027.7;1.4;5.6;5;20.2;5.5;19.8;;;;;;;;;;;;;;58;;
STK;27.10.2016 00:00;;;;;;;;;985.9;;;;1033.5;1.1;3;4;10.8;2.9;10.4;;;;;;;;;;;;;;166;;
STK;28.10.2016 00:00;;;;;;;;;987.3;;;;1035;1.5;5.2;5.4;18.7;5.1;18.4;;;;;;;;;;;;;;230;;
STK;29.10.2016 00:00;;;;;;;;;985.9;;;;1033.6;1.1;5.3;4;19.1;5.1;18.4;;;;;;;;;;;;;;53;;
STK;30.10.2016 00:00;;;;;;;;;982;;;;1029.5;1.2;3.5;4.3;12.6;3.4;12.2;;;;;;;;;;;;;;72;;
STK;31.10.2016 00:00;;;;;;;;;980.2;;;;1027.7;1.6;5;5.8;18;4.8;17.3;;;;;;;;;;;;;;135;;
STK;01.11.2016 00:00;;;;;;;;;975.5;;;;1022.8;1.8;6.1;6.5;22;5.9;21.2;;;;;;;;;;;;;;221;;
STK;02.11.2016 00:00;;;;;;;;;972.6;;;;1019.8;3.7;12.6;13.3;45.4;12.4;44.6;;;;;;;;;;;;;;253;;
STK;03.11.2016 00:00;;;;;;;;;974.5;;;;1021.8;1.3;4;4.7;14.4;3.9;14;;;;;;;;;;;;;;108;;
STK;04.11.2016 00:00;;;;;;;;;969;;;;1016;1.3;4;4.7;14.4;3.9;14;;;;;;;;;;;;;;143;;
STK;05.11.2016 00:00;;;;;;;;;957.3;;;;1003.9;1.9;11.9;6.8;42.8;11.4;41;;;;;;;;;;;;;;243;;
STK;06.11.2016 00:00;;;;;;;;;957;;;;1003.5;2.2;8.7;7.9;31.3;8.4;30.2;;;;;;;;;;;;;;232;;
STK;07.11.2016 00:00;;;;;;;;;961.8;;;;1008.6;2.9;9.6;10.4;34.6;9.2;33.1;;;;;;;;;;;;;;223;;
STK;08.11.2016 00:00;;;;;;;;;964.2;;;;1011;3.4;10;12.2;36;9.9;35.6;;;;;;;;;;;;;;233;;
STK;09.11.2016 00:00;;;;;;;;;960.5;;;;1007.2;3.7;16.9;13.3;60.8;16.1;58;;;;;;;;;;;;;;226;;
STK;10.11.2016 00:00;;;;;;;;;963.4;;;;1010.2;6.8;18.7;24.5;67.3;18.2;65.5;;;;;;;;;;;;;;228;;
STK;11.11.2016 00:00;;;;;;;;;968.1;;;;1015.1;5.5;15.8;19.8;56.9;15.6;56.2;;;;;;;;;;;;;;242;;
STK;12.11.2016 00:00;;;;;;;;;975.6;;;;1022.9;1.2;4.6;4.3;16.6;4.5;16.2;;;;;;;;;;;;;;98;;
STK;13.11.2016 00:00;;;;;;;;;977.1;;;;1024.5;2.3;8;8.3;28.8;7.7;27.7;;;;;;;;;;;;;;47;;
STK;14.11.2016 00:00;;;;;;;;;983.2;;;;1030.8;2.5;6.9;9;24.8;6.6;23.8;;;;;;;;;;;;;;9;;
STK;15.11.2016 00:00;;;;;;;;;983.2;;;;1030.8;3;7.5;10.8;27;7.4;26.6;;;;;;;;;;;;;;238;;
STK;16.11.2016 00:00;;;;;;;;;976.3;;;;1023.6;4.2;10.8;15.1;38.9;10.4;37.4;;;;;;;;;;;;;;235;;
STK;17.11.2016 00:00;;;;;;;;;968;;;;1015;4.1;11.9;14.8;42.8;11.2;40.3;;;;;;;;;;;;;;233;;
STK;18.11.2016 00:00;;;;;;;;;962.4;;;;1009.1;4.8;24.9;17.3;89.6;24.5;88.2;;;;;;;;;;;;;;224;;
STK;19.11.2016 00:00;;;;;;;;;964.7;;;;1011.6;2.5;15;9;54;14.1;50.8;;;;;;;;;;;;;;227;;
STK;20.11.2016 00:00;;;;;;;;;961.8;;;;1008.6;1.5;7.3;5.4;26.3;7.3;26.3;;;;;;;;;;;;;;180;;
STK;21.11.2016 00:00;;;;;;;;;958.1;;;;1004.7;0.8;2.4;2.9;8.6;2.4;8.6;;;;;;;;;;;;;;219;;
STK;22.11.2016 00:00;;;;;;;;;964.9;;;;1011.8;1.4;8;5;28.8;7.7;27.7;;;;;;;;;;;;;;217;;
STK;23.11.2016 00:00;;;;;;;;;968.7;;;;1015.8;0.8;2.9;2.9;10.4;2.8;10.1;;;;;;;;;;;;;;207;;
STK;24.11.2016 00:00;;;;;;;;;967.9;;;;1014.9;1.8;6.8;6.5;24.5;6.6;23.8;;;;;;;;;;;;;;55;;
STK;25.11.2016 00:00;;;;;;;;;968.5;;;;1015.5;3.3;11.6;11.9;41.8;11.2;40.3;;;;;;;;;;;;;;60;;
STK;26.11.2016 00:00;;;;;;;;;970.8;;;;1017.9;0.8;2.4;2.9;8.6;2.4;8.6;;;;;;;;;;;;;;14;;
STK;27.11.2016 00:00;;;;;;;;;970.5;;;;1017.6;3.1;10.6;11.2;38.2;10.2;36.7;;;;;;;;;;;;;;53;;
STK;28.11.2016 00:00;;;;;;;;;975;;;;1022.2;10.7;20.3;38.5;73.1;19.3;69.5;;;;;;;;;;;;;;58;;
STK;29.11.2016 00:00;;;;;;;;;982.5;;;;1030.1;4.5;17.9;16.2;64.4;16.8;60.5;;;;;;;;;;;;;;67;;
STK;30.11.2016 00:00;;;;;;;;;985.8;;;;1033.5;1.3;5.4;4.7;19.4;5.3;19.1;;;;;;;;;;;;;;194;;
STK;01.12.2016 00:00;;;;;;;;;980.9;;;;1028.4;1.4;6.7;5;24.1;6.6;23.8;;;;;;;;;;;;;;225;;
STK;02.12.2016 00:00;;;;;;;;;975.5;;;;1022.7;1.6;6.1;5.8;22;5.7;20.5;;;;;;;;;;;;;;79;;
STK;03.12.2016 00:00;;;;;;;;;973.8;;;;1021;4.4;12;15.8;43.2;11.6;41.8;;;;;;;;;;;;;;49;;
STK;04.12.2016 00:00;;;;;;;;;978.2;;;;1025.6;1.9;4.6;6.8;16.6;4.4;15.8;;;;;;;;;;;;;;23;;
STK;05.12.2016 00:00;;;;;;;;;980.8;;;;1028.3;1.1;3.8;4;13.7;3.6;13;;;;;;;;;;;;;;187;;
STK;06.12.2016 00:00;;;;;;;;;983.8;;;;1031.4;1.3;4.7;4.7;16.9;4.4;15.8;;;;;;;;;;;;;;40;;
STK;07.12.2016 00:00;;;;;;;;;987;;;;1034.8;1.5;3.9;5.4;14;3.8;13.7;;;;;;;;;;;;;;207;;
STK;08.12.2016 00:00;;;;;;;;;987.6;;;;1035.4;1.4;5.4;5;19.4;5.2;18.7;;;;;;;;;;;;;;196;;
STK;09.12.2016 00:00;;;;;;;;;985.7;;;;1033.4;1.1;7.1;4;25.6;6.9;24.8;;;;;;;;;;;;;;214;;
STK;10.12.2016 00:00;;;;;;;;;980.8;;;;1028.3;0.9;3.6;3.2;13;3.5;12.6;;;;;;;;;;;;;;180;;
STK;11.12.2016 00:00;;;;;;;;;977.9;;;;1025.3;2;6.3;7.2;22.7;6.1;22;;;;;;;;;;;;;;217;;
STK;12.12.2016 00:00;;;;;;;;;979.5;;;;1026.9;1.5;5.5;5.4;19.8;5.4;19.4;;;;;;;;;;;;;;217;;
STK;13.12.2016 00:00;;;;;;;;;980;;;;1027.5;1.1;3.5;4;12.6;3.4;12.2;;;;;;;;;;;;;;204;;
STK;14.12.2016 00:00;;;;;;;;;978.4;;;;1025.8;1.1;2.9;4;10.4;2.8;10.1;;;;;;;;;;;;;;191;;
STK;15.12.2016 00:00;;;;;;;;;979.6;;;;1027;1.4;5.2;5;18.7;5.1;18.4;;;;;;;;;;;;;;214;;
STK;16.12.2016 00:00;;;;;;;;;983;;;;1030.6;1.2;6;4.3;21.6;6;21.6;;;;;;;;;;;;;;104;;
STK;17.12.2016 00:00;;;;;;;;;990.1;;;;1038;1.4;4;5;14.4;3.8;13.7;;;;;;;;;;;;;;207;;
STK;18.12.2016 00:00;;;;;;;;;986.5;;;;1034.2;2.2;6.5;7.9;23.4;6.5;23.4;;;;;;;;;;;;;;225;;
STK;19.12.2016 00:00;;;;;;;;;977.6;;;;1024.9;3.8;11;13.7;39.6;10.8;38.9;;;;;;;;;;;;;;53;;
STK;20.12.2016 00:00;;;;;;;;;975.3;;;;1022.6;1.4;4.8;5;17.3;4.7;16.9;;;;;;;;;;;;;;360;;
STK;21.12.2016 00:00;;;;;;;;;982.1;;;;1029.7;1.3;4.6;4.7;16.6;4.5;16.2;;;;;;;;;;;;;;252;;
STK;22.12.2016 00:00;;;;;;;;;985.3;;;;1033;1.6;4.5;5.8;16.2;4.3;15.5;;;;;;;;;;;;;;216;;
STK;23.12.2016 00:00;;;;;;;;;987.1;;;;1034.8;1.6;6.4;5.8;23;6.3;22.7;;;;;;;;;;;;;;239;;
STK;24.12.2016 00:00;;;;;;;;;984.8;;;;1032.5;5.8;13.3;20.9;47.9;12.5;45;;;;;;;;;;;;;;235;;
STK;25.12.2016 00:00;;;;;;;;;984.3;;;;1031.9;5.4;13.6;19.4;49;13.5;48.6;;;;;;;;;;;;;;227;;
STK;26.12.2016 00:00;;;;;;;;;985.1;;;;1032.7;3.8;13;13.7;46.8;12.7;45.7;;;;;;;;;;;;;;233;;
STK;27.12.2016 00:00;;;;;;;;;993.6;;;;1041.5;1;3.6;3.6;13;3.5;12.6;;;;;;;;;;;;;;153;;
STK;28.12.2016 00:00;;;;;;;;;994.8;;;;1042.8;1.1;3.5;4;12.6;3.4;12.2;;;;;;;;;;;;;;108;;
STK;29.12.2016 00:00;;;;;;;;;990.6;;;;1038.5;1.1;4.7;4;16.9;4.6;16.6;;;;;;;;;;;;;;124;;
STK;30.12.2016 00:00;;;;;;;;;990.1;;;;1038;1.3;4.1;4.7;14.8;3.9;14;;;;;;;;;;;;;;225;;
STK;31.12.2016 00:00;;;;;;;;;986.4;;;;1034.1;1.4;4.4;5;15.8;4.2;15.1;;;;;;;;;;;;;;225;;
STK;01.01.2017 00:00;;;;;;;;;976.5;;;;1023.8;1.6;5.7;5.8;20.5;5.5;19.8;;;;;;;;;;;;;;205;;
STK;02.01.2017 00:00;;;;;;;;;975.3;;;;1022.6;2.3;8.1;8.3;29.2;7.9;28.4;;;;;;;;;;;;;;231;;
STK;03.01.2017 00:00;;;;;;;;;979.3;;;;1026.7;2.7;9;9.7;32.4;8.6;31;;;;;;;;;;;;;;228;;
STK;04.01.2017 00:00;;;;;;;;;972.6;;;;1019.8;7.8;18.9;28.1;68;18.3;65.9;;;;;;;;;;;;;;242;;
STK;05.01.2017 00:00;;;;;;;;;978.9;;;;1026.3;3.5;12;12.6;43.2;11.7;42.1;;;;;;;;;;;;;;318;;
STK;06.01.2017 00:00;;;;;;;;;989;;;;1036.8;2.9;8.3;10.4;29.9;8.2;29.5;;;;;;;;;;;;;;38;;
STK;07.01.2017 00:00;;;;;;;;;986;;;;1033.7;2;6.9;7.2;24.8;6.8;24.5;;;;;;;;;;;;;;231;;
STK;08.01.2017 00:00;;;;;;;;;982.4;;;;1030;2.8;8.4;10.1;30.2;8;28.8;;;;;;;;;;;;;;234;;
STK;09.01.2017 00:00;;;;;;;;;978.8;;;;1026.2;1.9;7.2;6.8;25.9;7;25.2;;;;;;;;;;;;;;232;;
STK;10.01.2017 00:00;;;;;;;;;965.7;;;;1012.6;1.5;6.7;5.4;24.1;6.6;23.8;;;;;;;;;;;;;;231;;
STK;11.01.2017 00:00;;;;;;;;;967.8;;;;1014.8;6.8;18.2;24.5;65.5;17.2;61.9;;;;;;;;;;;;;;231;;
STK;12.01.2017 00:00;;;;;;;;;964.9;;;;1011.8;5;13.4;18;48.2;12.9;46.4;;;;;;;;;;;;;;234;;
STK;13.01.2017 00:00;;;;;;;;;958.6;;;;1005.2;8.9;31.3;32;112.7;30.2;108.7;;;;;;;;;;;;;;243;;
STK;14.01.2017 00:00;;;;;;;;;966.7;;;;1013.6;6.7;13;24.1;46.8;12.5;45;;;;;;;;;;;;;;243;;
STK;15.01.2017 00:00;;;;;;;;;973.4;;;;1020.6;4.3;10.6;15.5;38.2;10.5;37.8;;;;;;;;;;;;;;232;;
STK;16.01.2017 00:00;;;;;;;;;975.1;;;;1022.4;3.3;10.6;11.9;38.2;10.4;37.4;;;;;;;;;;;;;;50;;
STK;17.01.2017 00:00;;;;;;;;;980.1;;;;1027.6;10.7;20.6;38.5;74.2;19.9;71.6;;;;;;;;;;;;;;56;;
STK;18.01.2017 00:00;;;;;;;;;982.2;;;;1029.8;11.9;19.7;42.8;70.9;18.5;66.6;;;;;;;;;;;;;;59;;
STK;19.01.2017 00:00;;;;;;;;;983.6;;;;1031.2;5.2;13.9;18.7;50;13.6;49;;;;;;;;;;;;;;57;;
STK;20.01.2017 00:00;;;;;;;;;983.6;;;;1031.2;1.9;4.7;6.8;16.9;4.5;16.2;;;;;;;;;;;;;;357;;
STK;21.01.2017 00:00;;;;;;;;;981.5;;;;1029.1;1.6;4.9;5.8;17.6;4.8;17.3;;;;;;;;;;;;;;360;;
STK;22.01.2017 00:00;;;;;;;;;977.8;;;;1025.1;1.7;4.3;6.1;15.5;4.2;15.1;;;;;;;;;;;;;;342;;
STK;23.01.2017 00:00;;;;;;;;;976.6;;;;1023.9;1.5;4;5.4;14.4;3.9;14;;;;;;;;;;;;;;216;;
STK;24.01.2017 00:00;;;;;;;;;978.1;;;;1025.5;2.5;9.2;9;33.1;8.9;32;;;;;;;;;;;;;;51;;
STK;25.01.2017 00:00;;;;;;;;;979.4;;;;1026.8;4.7;10.4;16.9;37.4;10.3;37.1;;;;;;;;;;;;;;59;;
STK;26.01.2017 00:00;;;;;;;;;977;;;;1024.4;2;6.4;7.2;23;6.3;22.7;;;;;;;;;;;;;;69;;
STK;27.01.2017 00:00;;;;;;;;;973.7;;;;1020.9;1.2;3.9;4.3;14;3.8;13.7;;;;;;;;;;;;;;248;;
STK;28.01.2017 00:00;;;;;;;;;973;;;;1020.2;1.2;5.2;4.3;18.7;5;18;;;;;;;;;;;;;;211;;
STK;29.01.2017 00:00;;;;;;;;;976;;;;1023.3;0.8;2.4;2.9;8.6;2.4;8.6;;;;;;;;;;;;;;153;;
STK;30.01.2017 00:00;;;;;;;;;971.3;;;;1018.4;2.2;10.7;7.9;38.5;9.9;35.6;;;;;;;;;;;;;;225;;
STK;31.01.2017 00:00;;;;;;;;;968.7;;;;1015.7;4.4;11.1;15.8;40;10.6;38.2;;;;;;;;;;;;;;232;;
STK;01.02.2017 00:00;;;;;;;;;970;;;;1017.1;1.2;3.7;4.3;13.3;3.6;13;;;;;;;;;;;;;;61;;
STK;02.02.2017 00:00;;;;;;;;;965.9;;;;1012.8;1.3;6.2;4.7;22.3;5.9;21.2;;;;;;;;;;;;;;256;;
STK;03.02.2017 00:00;;;;;;;;;962.2;;;;1009;2.5;13.6;9;49;12.8;46.1;;;;;;;;;;;;;;235;;
STK;04.02.2017 00:00;;;;;;;;;958.3;;;;1004.9;3.5;20.9;12.6;75.2;20.1;72.4;;;;;;;;;;;;;;229;;
STK;05.02.2017 00:00;;;;;;;;;957.7;;;;1004.3;1.9;6.1;6.8;22;5.8;20.9;;;;;;;;;;;;;;230;;
STK;06.02.2017 00:00;;;;;;;;;967.7;;;;1014.7;2.7;6.7;9.7;24.1;6.6;23.8;;;;;;;;;;;;;;233;;
STK;07.02.2017 00:00;;;;;;;;;970.4;;;;1017.5;0.8;3.6;2.9;13;3.5;12.6;;;;;;;;;;;;;;231;;
STK;08.02.2017 00:00;;;;;;;;;972.4;;;;1019.6;2.5;8.4;9;30.2;8.2;29.5;;;;;;;;;;;;;;36;;
STK;09.02.2017 00:00;;;;;;;;;974.2;;;;1021.4;3.6;7.9;13;28.4;7.7;27.7;;;;;;;;;;;;;;46;;
STK;10.02.2017 00:00;;;;;;;;;972.2;;;;1019.4;1.5;5.7;5.4;20.5;5.5;19.8;;;;;;;;;;;;;;59;;
STK;11.02.2017 00:00;;;;;;;;;973;;;;1020.2;1.6;5.6;5.8;20.2;5.4;19.4;;;;;;;;;;;;;;53;;
STK;12.02.2017 00:00;;;;;;;;;976.7;;;;1024;2.7;6.8;9.7;24.5;6.7;24.1;;;;;;;;;;;;;;38;;
STK;13.02.2017 00:00;;;;;;;;;978.3;;;;1025.7;3.6;7.9;13;28.4;7.9;28.4;;;;;;;;;;;;;;59;;
STK;14.02.2017 00:00;;;;;;;;;982.5;;;;1030.1;1.1;3.9;4;14;3.8;13.7;;;;;;;;;;;;;;45;;
STK;15.02.2017 00:00;;;;;;;;;987.6;;;;1035.4;0.8;2.4;2.9;8.6;2.3;8.3;;;;;;;;;;;;;;72;;
STK;16.02.2017 00:00;;;;;;;;;984.8;;;;1032.4;0.7;2.8;2.5;10.1;2.7;9.7;;;;;;;;;;;;;;90;;
STK;17.02.2017 00:00;;;;;;;;;979.9;;;;1027.4;1.9;6.1;6.8;22;5.9;21.2;;;;;;;;;;;;;;219;;
STK;18.02.2017 00:00;;;;;;;;;978.8;;;;1026.3;1.1;4.6;4;16.6;4.5;16.2;;;;;;;;;;;;;;45;;
STK;19.02.2017 00:00;;;;;;;;;977.5;;;;1024.9;1.7;6.8;6.1;24.5;6.4;23;;;;;;;;;;;;;;217;;
STK;20.02.2017 00:00;;;;;;;;;976.4;;;;1023.7;4.8;11.5;17.3;41.4;11.5;41.4;;;;;;;;;;;;;;234;;
STK;21.02.2017 00:00;;;;;;;;;973.1;;;;1020.3;7.4;14.9;26.6;53.6;14.1;50.8;;;;;;;;;;;;;;231;;
STK;22.02.2017 00:00;;;;;;;;;970;;;;1017.1;8.2;16.9;29.5;60.8;16.4;59;;;;;;;;;;;;;;238;;
STK;23.02.2017 00:00;;;;;;;;;961.2;;;;1007.9;9.1;24.2;32.8;87.1;22.8;82.1;;;;;;;;;;;;;;239;;
STK;24.02.2017 00:00;;;;;;;;;967.2;;;;1014.1;5.6;23.1;20.2;83.2;22;79.2;;;;;;;;;;;;;;249;;
STK;25.02.2017 00:00;;;;;;;;;974.5;;;;1021.7;1.5;6.1;5.4;22;6;21.6;;;;;;;;;;;;;;34;;
STK;26.02.2017 00:00;;;;;;;;;971;;;;1018.1;1.6;9;5.8;32.4;8.8;31.7;;;;;;;;;;;;;;231;;
STK;27.02.2017 00:00;;;;;;;;;961.2;;;;1008;2.3;11.6;8.3;41.8;11.2;40.3;;;;;;;;;;;;;;208;;
STK;28.02.2017 00:00;;;;;;;;;954.1;;;;1000.5;6.2;22.5;22.3;81;21.8;78.5;;;;;;;;;;;;;;243;;
STK;01.03.2017 00:00;;;;;;;;;962.4;;;;1009.2;8.4;21;30.2;75.6;19.9;71.6;;;;;;;;;;;;;;230;;
STK;02.03.2017 00:00;;;;;;;;;968.8;;;;1015.8;7.3;21;26.3;75.6;20.4;73.4;;;;;;;;;;;;;;235;;
STK;03.03.2017 00:00;;;;;;;;;963.8;;;;1010.6;1.3;4.2;4.7;15.1;4.1;14.8;;;;;;;;;;;;;;108;;
STK;04.03.2017 00:00;;;;;;;;;950.8;;;;997.1;3.7;22.6;13.3;81.4;21.9;78.8;;;;;;;;;;;;;;232;;
STK;05.03.2017 00:00;;;;;;;;;959.2;;;;1005.9;5.4;20.3;19.4;73.1;19.3;69.5;;;;;;;;;;;;;;237;;
STK;06.03.2017 00:00;;;;;;;;;958.9;;;;1005.5;4.6;13.7;16.6;49.3;13.5;48.6;;;;;;;;;;;;;;239;;
STK;07.03.2017 00:00;;;;;;;;;969.5;;;;1016.6;6.2;12.7;22.3;45.7;12.6;45.4;;;;;;;;;;;;;;242;;
STK;08.03.2017 00:00;;;;;;;;;975.9;;;;1023.2;4.7;16.2;16.9;58.3;15.6;56.2;;;;;;;;;;;;;;234;;
STK;09.03.2017 00:00;;;;;;;;;975.2;;;;1022.5;7.4;14.1;26.6;50.8;13.6;49;;;;;;;;;;;;;;236;;
STK;10.03.2017 00:00;;;;;;;;;978.8;;;;1026.2;1.4;5.3;5;19.1;5.2;18.7;;;;;;;;;;;;;;104;;
STK;11.03.2017 00:00;;;;;;;;;974.4;;;;1021.6;1.2;4.9;4.3;17.6;4.7;16.9;;;;;;;;;;;;;;60;;
STK;12.03.2017 00:00;;;;;;;;;968.6;;;;1015.6;1.2;4.1;4.3;14.8;4.1;14.8;;;;;;;;;;;;;;60;;
STK;13.03.2017 00:00;;;;;;;;;976.8;;;;1024.2;1.2;3.5;4.3;12.6;3.5;12.6;;;;;;;;;;;;;;76;;
STK;14.03.2017 00:00;;;;;;;;;984.2;;;;1031.9;1.3;3.5;4.7;12.6;3.4;12.2;;;;;;;;;;;;;;124;;
STK;15.03.2017 00:00;;;;;;;;;983.3;;;;1030.8;1.2;3.8;4.3;13.7;3.8;13.7;;;;;;;;;;;;;;74;;
STK;16.03.2017 00:00;;;;;;;;;977.2;;;;1024.5;1.1;3.4;4;12.2;3.2;11.5;;;;;;;;;;;;;;135;;
STK;17.03.2017 00:00;;;;;;;;;970.5;;;;1017.6;4.4;16.6;15.8;59.8;15.3;55.1;;;;;;;;;;;;;;243;;
STK;18.03.2017 00:00;;;;;;;;;968.3;;;;1015.3;10;19.2;36;69.1;18.8;67.7;;;;;;;;;;;;;;236;;
STK;19.03.2017 00:00;;;;;;;;;968.5;;;;1015.5;6.6;14.7;23.8;52.9;14.4;51.8;;;;;;;;;;;;;;236;;
STK;20.03.2017 00:00;;;;;;;;;966.8;;;;1013.7;3.4;9.4;12.2;33.8;9.3;33.5;;;;;;;;;;;;;;243;;
STK;21.03.2017 00:00;;;;;;;;;965.3;;;;1012.1;3.3;9.6;11.9;34.6;9.5;34.2;;;;;;;;;;;;;;248;;
STK;22.03.2017 00:00;;;;;;;;;966;;;;1012.9;2;6.3;7.2;22.7;6.2;22.3;;;;;;;;;;;;;;35;;
STK;23.03.2017 00:00;;;;;;;;;966.7;;;;1013.6;3.1;10.1;11.2;36.4;9.9;35.6;;;;;;;;;;;;;;55;;
STK;24.03.2017 00:00;;;;;;;;;975.3;;;;1022.6;3.6;10.2;13;36.7;10.1;36.4;;;;;;;;;;;;;;56;;
STK;25.03.2017 00:00;;;;;;;;;974;;;;1021.2;5.3;11.4;19.1;41;11.2;40.3;;;;;;;;;;;;;;64;;
STK;26.03.2017 00:00;;;;;;;;;973.8;;;;1021;1.3;5;4.7;18;4.8;17.3;;;;;;;;;;;;;;61;;
STK;27.03.2017 00:00;;;;;;;;;975.2;;;;1022.5;1.3;3.9;4.7;14;3.9;14;;;;;;;;;;;;;;76;;
STK;28.03.2017 00:00;;;;;;;;;977.3;;;;1024.7;1.6;5.5;5.8;19.8;5.4;19.4;;;;;;;;;;;;;;230;;
STK;29.03.2017 00:00;;;;;;;;;980;;;;1027.4;1.3;4.2;4.7;15.1;4.1;14.8;;;;;;;;;;;;;;219;;
STK;30.03.2017 00:00;;;;;;;;;978.6;;;;1026;1.3;4;4.7;14.4;3.9;14;;;;;;;;;;;;;;45;;
STK;31.03.2017 00:00;;;;;;;;;971.7;;;;1018.8;1.4;4.8;5;17.3;4.7;16.9;;;;;;;;;;;;;;221;;
STK;01.04.2017 00:00;;;;;;;;;966.1;;;;1013;2.5;9.3;9;33.5;9.1;32.8;;;;;;;;;;;;;;227;;
STK;02.04.2017 00:00;;;;;;;;;971.1;;;;1018.2;1.8;7.4;6.5;26.6;7.2;25.9;;;;;;;;;;;;;;67;;
STK;03.04.2017 00:00;;;;;;;;;975.5;;;;1022.8;1.4;8;5;28.8;7.8;28.1;;;;;;;;;;;;;;31;;
STK;04.04.2017 00:00;;;;;;;;;975;;;;1022.3;1.7;9.3;6.1;33.5;9.1;32.8;;;;;;;;;;;;;;31;;
STK;05.04.2017 00:00;;;;;;;;;975.3;;;;1022.6;1.2;7.9;4.3;28.4;7.7;27.7;;;;;;;;;;;;;;50;;
STK;06.04.2017 00:00;;;;;;;;;977.4;;;;1024.7;2.7;8.9;9.7;32;8.8;31.7;;;;;;;;;;;;;;47;;
STK;07.04.2017 00:00;;;;;;;;;977;;;;1024.4;1.5;5.7;5.4;20.5;5.6;20.2;;;;;;;;;;;;;;76;;
STK;08.04.2017 00:00;;;;;;;;;976.2;;;;1023.5;1.3;4.7;4.7;16.9;4.6;16.6;;;;;;;;;;;;;;79;;
STK;09.04.2017 00:00;;;;;;;;;976.3;;;;1023.6;1.4;3.5;5;12.6;3.4;12.2;;;;;;;;;;;;;;104;;
STK;10.04.2017 00:00;;;;;;;;;973.4;;;;1020.6;3.8;13.5;13.7;48.6;13.3;47.9;;;;;;;;;;;;;;250;;
STK;11.04.2017 00:00;;;;;;;;;976.6;;;;1023.9;2.1;5.9;7.6;21.2;5.8;20.9;;;;;;;;;;;;;;45;;
STK;12.04.2017 00:00;;;;;;;;;972.2;;;;1019.3;3.3;12.9;11.9;46.4;11.9;42.8;;;;;;;;;;;;;;235;;
STK;13.04.2017 00:00;;;;;;;;;968.9;;;;1015.9;3.5;11.6;12.6;41.8;11.4;41;;;;;;;;;;;;;;242;;
STK;14.04.2017 00:00;;;;;;;;;970;;;;1017.1;1.8;5.6;6.5;20.2;5.4;19.4;;;;;;;;;;;;;;231;;
STK;15.04.2017 00:00;;;;;;;;;970.8;;;;1017.9;3.9;10.4;14;37.4;10.2;36.7;;;;;;;;;;;;;;243;;
STK;16.04.2017 00:00;;;;;;;;;973.8;;;;1021;2.4;8.4;8.6;30.2;8.3;29.9;;;;;;;;;;;;;;242;;
STK;17.04.2017 00:00;;;;;;;;;971.4;;;;1018.6;5;19;18;68.4;18.1;65.2;;;;;;;;;;;;;;243;;
STK;18.04.2017 00:00;;;;;;;;;975.3;;;;1022.6;3.2;13.1;11.5;47.2;12.8;46.1;;;;;;;;;;;;;;315;;
STK;19.04.2017 00:00;;;;;;;;;981.1;;;;1028.6;4;12.6;14.4;45.4;12.4;44.6;;;;;;;;;;;;;;55;;
STK;20.04.2017 00:00;;;;;;;;;985.5;;;;1033.2;2.2;7.2;7.9;25.9;7;25.2;;;;;;;;;;;;;;78;;
STK;21.04.2017 00:00;;;;;;;;;983.1;;;;1030.7;1.7;5.8;6.1;20.9;5.7;20.5;;;;;;;;;;;;;;72;;
STK;22.04.2017 00:00;;;;;;;;;977.1;;;;1024.5;2.6;8.7;9.4;31.3;8.6;31;;;;;;;;;;;;;;297;;
STK;23.04.2017 00:00;;;;;;;;;975.9;;;;1023.2;2;7;7.2;25.2;6.5;23.4;;;;;;;;;;;;;;70;;
STK;24.04.2017 00:00;;;;;;;;;968.7;;;;1015.7;1.8;7.6;6.5;27.4;7.3;26.3;;;;;;;;;;;;;;214;;
STK;25.04.2017 00:00;;;;;;;;;961.7;;;;1008.5;2.6;11;9.4;39.6;10.8;38.9;;;;;;;;;;;;;;231;;
STK;26.04.2017 00:00;;;;;;;;;963.7;;;;1010.5;1.2;7.1;4.3;25.6;6.5;23.4;;;;;;;;;;;;;;30;;
STK;27.04.2017 00:00;;;;;;;;;967;;;;1014;1.5;5.7;5.4;20.5;5.4;19.4;;;;;;;;;;;;;;39;;
STK;28.04.2017 00:00;;;;;;;;;968.1;;;;1015.1;2.2;7.6;7.9;27.4;7.3;26.3;;;;;;;;;;;;;;256;;
STK;29.04.2017 00:00;;;;;;;;;970.8;;;;1017.9;1.8;7.1;6.5;25.6;6.9;24.8;;;;;;;;;;;;;;84;;
STK;30.04.2017 00:00;;;;;;;;;963.9;;;;1010.8;2.2;7.1;7.9;25.6;7;25.2;;;;;;;;;;;;;;67;;
STK;01.05.2017 00:00;;;;;;;;;966.6;;;;1013.6;5.1;16.4;18.4;59;16.1;58;;;;;;;;;;;;;;235;;
STK;02.05.2017 00:00;;;;;;;;;969.2;;;;1016.3;2.2;8.1;7.9;29.2;8;28.8;;;;;;;;;;;;;;236;;
STK;03.05.2017 00:00;;;;;;;;;970.4;;;;1017.5;1.6;4.2;5.8;15.1;4.1;14.8;;;;;;;;;;;;;;162;;
STK;04.05.2017 00:00;;;;;;;;;968.9;;;;1015.9;1.9;11.6;6.8;41.8;11.3;40.7;;;;;;;;;;;;;;228;;
STK;05.05.2017 00:00;;;;;;;;;970.4;;;;1017.5;2.2;6.8;7.9;24.5;6.7;24.1;;;;;;;;;;;;;;63;;
STK;06.05.2017 00:00;;;;;;;;;965;;;;1011.9;2.9;13.7;10.4;49.3;12.6;45.4;;;;;;;;;;;;;;227;;
STK;07.05.2017 00:00;;;;;;;;;969.1;;;;1016.2;6;13.2;21.6;47.5;12.4;44.6;;;;;;;;;;;;;;233;;
STK;08.05.2017 00:00;;;;;;;;;971.1;;;;1018.2;4;9.9;14.4;35.6;9.7;34.9;;;;;;;;;;;;;;245;;
STK;09.05.2017 00:00;;;;;;;;;970;;;;1017.1;1.7;5.2;6.1;18.7;5.1;18.4;;;;;;;;;;;;;;55;;
STK;10.05.2017 00:00;;;;;;;;;962.1;;;;1008.8;1.7;5.7;6.1;20.5;5.3;19.1;;;;;;;;;;;;;;73;;
STK;11.05.2017 00:00;;;;;;;;;954.9;;;;1001.4;1.6;9.3;5.8;33.5;9.2;33.1;;;;;;;;;;;;;;90;;
STK;12.05.2017 00:00;;;;;;;;;959.1;;;;1005.7;3;10.7;10.8;38.5;10.3;37.1;;;;;;;;;;;;;;243;;
STK;13.05.2017 00:00;;;;;;;;;967.3;;;;1014.2;2.4;9;8.6;32.4;8.9;32;;;;;;;;;;;;;;243;;
STK;14.05.2017 00:00;;;;;;;;;976.1;;;;1023.4;2.6;14.2;9.4;51.1;13.8;49.7;;;;;;;;;;;;;;247;;
STK;15.05.2017 00:00;;;;;;;;;981.8;;;;1029.4;1.5;6.4;5.4;23;6.3;22.7;;;;;;;;;;;;;;297;;
STK;16.05.2017 00:00;;;;;;;;;980.9;;;;1028.4;1.4;4.6;5;16.6;4.4;15.8;;;;;;;;;;;;;;49;;
STK;17.05.2017 00:00;;;;;;;;;973.4;;;;1020.6;1.2;3.3;4.3;11.9;3.2;11.5;;;;;;;;;;;;;;72;;
STK;18.05.2017 00:00;;;;;;;;;966.6;;;;1013.5;1.8;6.5;6.5;23.4;6.3;22.7;;;;;;;;;;;;;;233;;
STK;19.05.2017 00:00;;;;;;;;;967.8;;;;1014.8;5.3;18.5;19.1;66.6;18;64.8;;;;;;;;;;;;;;239;;
STK;20.05.2017 00:00;;;;;;;;;976.1;;;;1023.4;1.9;6.9;6.8;24.8;6.7;24.1;;;;;;;;;;;;;;234;;
STK;21.05.2017 00:00;;;;;;;;;976.9;;;;1024.2;3;9.5;10.8;34.2;9.4;33.8;;;;;;;;;;;;;;58;;
STK;22.05.2017 00:00;;;;;;;;;971.4;;;;1018.5;1.9;5.8;6.8;20.9;5.6;20.2;;;;;;;;;;;;;;180;;
STK;23.05.2017 00:00;;;;;;;;;972.9;;;;1020.1;3.1;13.5;11.2;48.6;13.1;47.2;;;;;;;;;;;;;;237;;
STK;24.05.2017 00:00;;;;;;;;;976;;;;1023.3;1.9;5.5;6.8;19.8;5.4;19.4;;;;;;;;;;;;;;51;;
STK;25.05.2017 00:00;;;;;;;;;974.5;;;;1021.7;2.2;7.9;7.9;28.4;7.7;27.7;;;;;;;;;;;;;;57;;
STK;26.05.2017 00:00;;;;;;;;;972.4;;;;1019.6;2.6;7.5;9.4;27;7.3;26.3;;;;;;;;;;;;;;60;;
STK;27.05.2017 00:00;;;;;;;;;972.7;;;;1019.8;1.6;4.4;5.8;15.8;4.1;14.8;;;;;;;;;;;;;;82;;
STK;28.05.2017 00:00;;;;;;;;;972.7;;;;1019.8;1.4;3.4;5;12.2;3.3;11.9;;;;;;;;;;;;;;101;;
STK;29.05.2017 00:00;;;;;;;;;969.1;;;;1016.1;2.1;10.1;7.6;36.4;9.6;34.6;;;;;;;;;;;;;;180;;
STK;30.05.2017 00:00;;;;;;;;;969.9;;;;1017;2.9;9.6;10.4;34.6;9;32.4;;;;;;;;;;;;;;240;;
STK;31.05.2017 00:00;;;;;;;;;973.2;;;;1020.4;2.4;8.7;8.6;31.3;8.4;30.2;;;;;;;;;;;;;;33;;
STK;01.06.2017 00:00;;;;;;;;;973.7;;;;1021;1.9;7;6.8;25.2;6.9;24.8;;;;;;;;;;;;;;76;;
STK;02.06.2017 00:00;;;;;;;;;971.3;;;;1018.5;2;8.2;7.2;29.5;7.9;28.4;;;;;;;;;;;;;;233;;
STK;03.06.2017 00:00;;;;;;;;;967.6;;;;1014.6;1.9;16.9;6.8;60.8;16.5;59.4;;;;;;;;;;;;;;225;;
STK;04.06.2017 00:00;;;;;;;;;968.9;;;;1015.9;4.1;15;14.8;54;14.2;51.1;;;;;;;;;;;;;;256;;
STK;05.06.2017 00:00;;;;;;;;;967.3;;;;1014.3;1.7;5.5;6.1;19.8;5.4;19.4;;;;;;;;;;;;;;315;;
STK;06.06.2017 00:00;;;;;;;;;963.3;;;;1010.1;4.7;15.9;16.9;57.2;15.7;56.5;;;;;;;;;;;;;;238;;
STK;07.06.2017 00:00;;;;;;;;;972.8;;;;1020;6.1;18.4;22;66.2;18;64.8;;;;;;;;;;;;;;244;;
STK;08.06.2017 00:00;;;;;;;;;972.9;;;;1020.1;2.1;7;7.6;25.2;6.9;24.8;;;;;;;;;;;;;;67;;
STK;09.06.2017 00:00;;;;;;;;;969.7;;;;1016.8;2.9;10.8;10.4;38.9;10.3;37.1;;;;;;;;;;;;;;236;;
STK;10.06.2017 00:00;;;;;;;;;974.1;;;;1021.4;1.7;4.6;6.1;16.6;4.4;15.8;;;;;;;;;;;;;;63;;
STK;11.06.2017 00:00;;;;;;;;;971.6;;;;1018.7;1.8;5;6.5;18;4.9;17.6;;;;;;;;;;;;;;18;;
STK;12.06.2017 00:00;;;;;;;;;970.5;;;;1017.6;4.2;15.3;15.1;55.1;15;54;;;;;;;;;;;;;;242;;
STK;13.06.2017 00:00;;;;;;;;;971.1;;;;1018.2;2.5;8.1;9;29.2;7.9;28.4;;;;;;;;;;;;;;43;;
STK;14.06.2017 00:00;;;;;;;;;970.5;;;;1017.5;1.7;4.4;6.1;15.8;4.4;15.8;;;;;;;;;;;;;;31;;
STK;15.06.2017 00:00;;;;;;;;;970.5;;;;1017.5;2.8;14;10.1;50.4;13.4;48.2;;;;;;;;;;;;;;234;;
STK;16.06.2017 00:00;;;;;;;;;974.4;;;;1021.6;4.8;13.8;17.3;49.7;13.7;49.3;;;;;;;;;;;;;;249;;
STK;17.06.2017 00:00;;;;;;;;;978.3;;;;1025.7;2.6;9.3;9.4;33.5;9.2;33.1;;;;;;;;;;;;;;51;;
STK;18.06.2017 00:00;;;;;;;;;976.1;;;;1023.4;4.5;10.3;16.2;37.1;10.2;36.7;;;;;;;;;;;;;;60;;
STK;19.06.2017 00:00;;;;;;;;;973.3;;;;1020.5;1.9;5.6;6.8;20.2;5.2;18.7;;;;;;;;;;;;;;180;;
STK;20.06.2017 00:00;;;;;;;;;970.8;;;;1017.9;1.8;8.4;6.5;30.2;8.2;29.5;;;;;;;;;;;;;;247;;
STK;21.06.2017 00:00;;;;;;;;;969.8;;;;1016.8;1.4;5.4;5;19.4;5.2;18.7;;;;;;;;;;;;;;135;;
STK;22.06.2017 00:00;;;;;;;;;969.6;;;;1016.6;2.2;6.8;7.9;24.5;6.6;23.8;;;;;;;;;;;;;;235;;
STK;23.06.2017 00:00;;;;;;;;;970.4;;;;1017.5;5.3;16.2;19.1;58.3;15.6;56.2;;;;;;;;;;;;;;249;;
STK;24.06.2017 00:00;;;;;;;;;971.4;;;;1018.6;3.1;12.2;11.2;43.9;11.7;42.1;;;;;;;;;;;;;;239;;
STK;25.06.2017 00:00;;;;;;;;;969.6;;;;1016.7;3.8;12.5;13.7;45;12.1;43.6;;;;;;;;;;;;;;243;;
STK;26.06.2017 00:00;;;;;;;;;966.8;;;;1013.8;2.5;16.4;9;59;16.2;58.3;;;;;;;;;;;;;;211;;
STK;27.06.2017 00:00;;;;;;;;;962.1;;;;1008.8;1.6;8.1;5.8;29.2;7.8;28.1;;;;;;;;;;;;;;63;;
STK;28.06.2017 00:00;;;;;;;;;955.4;;;;1001.9;3.5;11.7;12.6;42.1;11.5;41.4;;;;;;;;;;;;;;228;;
STK;29.06.2017 00:00;;;;;;;;;956.6;;;;1003.2;4.8;16.7;17.3;60.1;16.5;59.4;;;;;;;;;;;;;;235;;
STK;30.06.2017 00:00;;;;;;;;;962.5;;;;1009.3;3.9;11.2;14;40.3;11.1;40;;;;;;;;;;;;;;232;;
STK;01.07.2017 00:00;;;;;;;;;968.3;;;;1015.3;7.1;17;25.6;61.2;16.3;58.7;;;;;;;;;;;;;;242;;
STK;02.07.2017 00:00;;;;;;;;;974.6;;;;1021.9;4.5;9.6;16.2;34.6;9.3;33.5;;;;;;;;;;;;;;231;;
STK;03.07.2017 00:00;;;;;;;;;976.6;;;;1023.9;2;7.6;7.2;27.4;7.1;25.6;;;;;;;;;;;;;;236;;
STK;04.07.2017 00:00;;;;;;;;;974.5;;;;1021.7;1.7;3.7;6.1;13.3;3.6;13;;;;;;;;;;;;;;74;;
STK;05.07.2017 00:00;;;;;;;;;971.9;;;;1019.1;1.8;6.6;6.5;23.8;6.4;23;;;;;;;;;;;;;;228;;
STK;06.07.2017 00:00;;;;;;;;;971.9;;;;1019.1;1.7;6.5;6.1;23.4;6.3;22.7;;;;;;;;;;;;;;236;;
STK;07.07.2017 00:00;;;;;;;;;971.6;;;;1018.7;3.2;11.7;11.5;42.1;11.5;41.4;;;;;;;;;;;;;;241;;
STK;08.07.2017 00:00;;;;;;;;;971.1;;;;1018.2;2.6;13.6;9.4;49;12.9;46.4;;;;;;;;;;;;;;250;;
STK;09.07.2017 00:00;;;;;;;;;968;;;;1014.9;2.6;19.6;9.4;70.6;17.8;64.1;;;;;;;;;;;;;;218;;
STK;10.07.2017 00:00;;;;;;;;;966.1;;;;1013;3.8;23.7;13.7;85.3;23.2;83.5;;;;;;;;;;;;;;235;;
STK;11.07.2017 00:00;;;;;;;;;969.3;;;;1016.4;3.5;13.3;12.6;47.9;12.9;46.4;;;;;;;;;;;;;;239;;
STK;12.07.2017 00:00;;;;;;;;;969.2;;;;1016.2;5.4;18.5;19.4;66.6;18.1;65.2;;;;;;;;;;;;;;252;;
STK;13.07.2017 00:00;;;;;;;;;973.2;;;;1020.4;2.1;8.3;7.6;29.9;8.1;29.2;;;;;;;;;;;;;;63;;
STK;14.07.2017 00:00;;;;;;;;;971.4;;;;1018.5;2.2;15.5;7.9;55.8;14.9;53.6;;;;;;;;;;;;;;246;;
STK;15.07.2017 00:00;;;;;;;;;975.7;;;;1023;1.8;7.7;6.5;27.7;7.2;25.9;;;;;;;;;;;;;;243;;
STK;16.07.2017 00:00;;;;;;;;;977.6;;;;1024.9;1.6;4.6;5.8;16.6;4.6;16.6;;;;;;;;;;;;;;76;;
STK;17.07.2017 00:00;;;;;;;;;974.3;;;;1021.6;1.4;4.8;5;17.3;4.7;16.9;;;;;;;;;;;;;;76;;
STK;18.07.2017 00:00;;;;;;;;;970.8;;;;1017.9;1.6;11.8;5.8;42.5;11.6;41.8;;;;;;;;;;;;;;45;;
STK;19.07.2017 00:00;;;;;;;;;967.9;;;;1014.9;2.6;19.8;9.4;71.3;19;68.4;;;;;;;;;;;;;;99;;
STK;20.07.2017 00:00;;;;;;;;;968.3;;;;1015.3;3.2;11;11.5;39.6;10.8;38.9;;;;;;;;;;;;;;219;;
STK;21.07.2017 00:00;;;;;;;;;966.9;;;;1013.9;2;23.3;7.2;83.9;22.4;80.6;;;;;;;;;;;;;;259;;
STK;22.07.2017 00:00;;;;;;;;;968.6;;;;1015.6;2.1;12.4;7.6;44.6;11.9;42.8;;;;;;;;;;;;;;232;;
STK;23.07.2017 00:00;;;;;;;;;971;;;;1018.1;3.2;11;11.5;39.6;10.8;38.9;;;;;;;;;;;;;;239;;
STK;24.07.2017 00:00;;;;;;;;;965.3;;;;1012.1;4.4;12.8;15.8;46.1;12.4;44.6;;;;;;;;;;;;;;242;;
STK;25.07.2017 00:00;;;;;;;;;965.2;;;;1012.1;6.4;14.9;23;53.6;14.3;51.5;;;;;;;;;;;;;;243;;
STK;26.07.2017 00:00;;;;;;;;;965.9;;;;1012.8;6.6;14.6;23.8;52.6;14;50.4;;;;;;;;;;;;;;241;;
STK;27.07.2017 00:00;;;;;;;;;966.4;;;;1013.4;2.5;13;9;46.8;12.5;45;;;;;;;;;;;;;;236;;
STK;28.07.2017 00:00;;;;;;;;;969.6;;;;1016.6;2.9;9.7;10.4;34.9;9.5;34.2;;;;;;;;;;;;;;234;;
STK;29.07.2017 00:00;;;;;;;;;970.4;;;;1017.5;1.7;5.4;6.1;19.4;5.1;18.4;;;;;;;;;;;;;;225;;
STK;30.07.2017 00:00;;;;;;;;;967.9;;;;1014.9;1.6;7.7;5.8;27.7;7.5;27;;;;;;;;;;;;;;225;;
STK;31.07.2017 00:00;;;;;;;;;969.3;;;;1016.4;1.6;7.1;5.8;25.6;6.7;24.1;;;;;;;;;;;;;;72;;
STK;01.08.2017 00:00;;;;;;;;;969.6;;;;1016.7;1.5;11.7;5.4;42.1;11.2;40.3;;;;;;;;;;;;;;180;;
STK;02.08.2017 00:00;;;;;;;;;973;;;;1020.1;1.8;26.5;6.5;95.4;26.1;94;;;;;;;;;;;;;;90;;
STK;03.08.2017 00:00;;;;;;;;;969.4;;;;1016.5;1.9;7.6;6.8;27.4;7.5;27;;;;;;;;;;;;;;234;;
STK;04.08.2017 00:00;;;;;;;;;969.9;;;;1016.9;3.3;11;11.9;39.6;10.9;39.2;;;;;;;;;;;;;;241;;
STK;05.08.2017 00:00;;;;;;;;;970.7;;;;1017.8;3.5;10.5;12.6;37.8;10.2;36.7;;;;;;;;;;;;;;255;;
STK;06.08.2017 00:00;;;;;;;;;975.4;;;;1022.7;1.9;7;6.8;25.2;6.8;24.5;;;;;;;;;;;;;;49;;
STK;07.08.2017 00:00;;;;;;;;;970.8;;;;1017.9;1.9;6.9;6.8;24.8;6.7;24.1;;;;;;;;;;;;;;56;;
STK;08.08.2017 00:00;;;;;;;;;967.5;;;;1014.5;2.8;14.1;10.1;50.8;13.7;49.3;;;;;;;;;;;;;;232;;
STK;09.08.2017 00:00;;;;;;;;;970.2;;;;1017.3;1.9;9.7;6.8;34.9;9.6;34.6;;;;;;;;;;;;;;217;;
STK;10.08.2017 00:00;;;;;;;;;972.9;;;;1020;1.9;8.2;6.8;29.5;8.1;29.2;;;;;;;;;;;;;;240;;
STK;11.08.2017 00:00;;;;;;;;;971.6;;;;1018.7;3.4;10.3;12.2;37.1;9.9;35.6;;;;;;;;;;;;;;232;;
STK;12.08.2017 00:00;;;;;;;;;974.3;;;;1021.6;4.2;10;15.1;36;9.8;35.3;;;;;;;;;;;;;;233;;
STK;13.08.2017 00:00;;;;;;;;;974.1;;;;1021.4;1.3;4.1;4.7;14.8;4.1;14.8;;;;;;;;;;;;;;153;;
STK;14.08.2017 00:00;;;;;;;;;972.7;;;;1019.9;1.3;4.3;4.7;15.5;4.1;14.8;;;;;;;;;;;;;;101;;
STK;15.08.2017 00:00;;;;;;;;;972.8;;;;1019.9;1.9;14.4;6.8;51.8;13.7;49.3;;;;;;;;;;;;;;225;;
STK;16.08.2017 00:00;;;;;;;;;974.7;;;;1021.9;1.4;6.8;5;24.5;6.4;23;;;;;;;;;;;;;;81;;
STK;17.08.2017 00:00;;;;;;;;;972.8;;;;1020;1.8;7.9;6.5;28.4;7.8;28.1;;;;;;;;;;;;;;237;;
STK;18.08.2017 00:00;;;;;;;;;970.2;;;;1017.2;2.4;27.8;8.6;100.1;26.5;95.4;;;;;;;;;;;;;;236;;
STK;19.08.2017 00:00;;;;;;;;;973.6;;;;1020.8;2.6;10;9.4;36;9.7;34.9;;;;;;;;;;;;;;277;;
STK;20.08.2017 00:00;;;;;;;;;977.2;;;;1024.6;1.3;4.9;4.7;17.6;4.8;17.3;;;;;;;;;;;;;;90;;
STK;21.08.2017 00:00;;;;;;;;;976.9;;;;1024.3;1.2;3.4;4.3;12.2;3.3;11.9;;;;;;;;;;;;;;117;;
STK;22.08.2017 00:00;;;;;;;;;973.5;;;;1020.7;1.4;4.7;5;16.9;4.6;16.6;;;;;;;;;;;;;;84;;
STK;23.08.2017 00:00;;;;;;;;;970.6;;;;1017.7;1.6;5.3;5.8;19.1;5.2;18.7;;;;;;;;;;;;;;83;;
STK;24.08.2017 00:00;;;;;;;;;971.9;;;;1019.1;2.4;19.3;8.6;69.5;18.6;67;;;;;;;;;;;;;;220;;
STK;25.08.2017 00:00;;;;;;;;;972.3;;;;1019.4;1.4;3.8;5;13.7;3.6;13;;;;;;;;;;;;;;90;;
STK;26.08.2017 00:00;;;;;;;;;971;;;;1018.1;1.1;4.1;4;14.8;4;14.4;;;;;;;;;;;;;;153;;
STK;27.08.2017 00:00;;;;;;;;;971.4;;;;1018.5;2.1;10.6;7.6;38.2;10.1;36.4;;;;;;;;;;;;;;227;;
STK;28.08.2017 00:00;;;;;;;;;971.5;;;;1018.7;1.2;4.2;4.3;15.1;4.2;15.1;;;;;;;;;;;;;;82;;
STK;29.08.2017 00:00;;;;;;;;;969.3;;;;1016.3;1.5;5.2;5.4;18.7;5;18;;;;;;;;;;;;;;63;;
STK;30.08.2017 00:00;;;;;;;;;966.6;;;;1013.6;1.9;16.1;6.8;58;15.6;56.2;;;;;;;;;;;;;;214;;
STK;31.08.2017 00:00;;;;;;;;;970.9;;;;1018;2.9;9.7;10.4;34.9;9.5;34.2;;;;;;;;;;;;;;231;;
STK;01.09.2017 00:00;;;;;;;;;972.1;;;;1019.2;2.8;9.1;10.1;32.8;8.9;32;;;;;;;;;;;;;;24;;
STK;02.09.2017 00:00;;;;;;;;;971.5;;;;1018.6;2.6;9.2;9.4;33.1;8.8;31.7;;;;;;;;;;;;;;270;;
STK;03.09.2017 00:00;;;;;;;;;970.6;;;;1017.7;2.2;6;7.9;21.6;5.9;21.2;;;;;;;;;;;;;;234;;
STK;04.09.2017 00:00;;;;;;;;;971.3;;;;1018.4;1.4;4.5;5;16.2;4.4;15.8;;;;;;;;;;;;;;166;;
STK;05.09.2017 00:00;;;;;;;;;973.8;;;;1021.1;1.5;4.4;5.4;15.8;4.3;15.5;;;;;;;;;;;;;;72;;
STK;06.09.2017 00:00;;;;;;;;;972.7;;;;1019.9;5.6;15.9;20.2;57.2;15.6;56.2;;;;;;;;;;;;;;247;;
STK;07.09.2017 00:00;;;;;;;;;971.6;;;;1018.8;2.8;8.3;10.1;29.9;8.2;29.5;;;;;;;;;;;;;;232;;
STK;08.09.2017 00:00;;;;;;;;;965.5;;;;1012.4;2.9;12;10.4;43.2;11.5;41.4;;;;;;;;;;;;;;233;;
STK;09.09.2017 00:00;;;;;;;;;958.1;;;;1004.7;2;9.6;7.2;34.6;9.3;33.5;;;;;;;;;;;;;;218;;
STK;10.09.2017 00:00;;;;;;;;;961.3;;;;1008;1.3;4.3;4.7;15.5;4.3;15.5;;;;;;;;;;;;;;198;;
STK;11.09.2017 00:00;;;;;;;;;960.1;;;;1006.8;3.1;13.6;11.2;49;13.4;48.2;;;;;;;;;;;;;;231;;
STK;12.09.2017 00:00;;;;;;;;;966.2;;;;1013.1;5;15;18;54;14.8;53.3;;;;;;;;;;;;;;234;;
STK;13.09.2017 00:00;;;;;;;;;966.7;;;;1013.6;7;20.4;25.2;73.4;20.2;72.7;;;;;;;;;;;;;;230;;
STK;14.09.2017 00:00;;;;;;;;;966;;;;1012.9;8.2;24.4;29.5;87.8;22.9;82.4;;;;;;;;;;;;;;237;;
STK;15.09.2017 00:00;;;;;;;;;968;;;;1015;1.8;6.7;6.5;24.1;6.6;23.8;;;;;;;;;;;;;;219;;
STK;16.09.2017 00:00;;;;;;;;;965.9;;;;1012.9;2;10.6;7.2;38.2;10.4;37.4;;;;;;;;;;;;;;90;;
STK;17.09.2017 00:00;;;;;;;;;967.8;;;;1014.8;2.1;12.9;7.6;46.4;12.8;46.1;;;;;;;;;;;;;;212;;
STK;18.09.2017 00:00;;;;;;;;;970.5;;;;1017.5;3.5;9.2;12.6;33.1;8.8;31.7;;;;;;;;;;;;;;230;;
STK;19.09.2017 00:00;;;;;;;;;972;;;;1019.2;2.6;9.5;9.4;34.2;9.3;33.5;;;;;;;;;;;;;;233;;
STK;20.09.2017 00:00;;;;;;;;;975.2;;;;1022.5;2.6;6.3;9.4;22.7;6.2;22.3;;;;;;;;;;;;;;245;;
STK;21.09.2017 00:00;;;;;;;;;974;;;;1021.2;1.7;4.8;6.1;17.3;4.7;16.9;;;;;;;;;;;;;;54;;
STK;22.09.2017 00:00;;;;;;;;;974.4;;;;1021.6;1.3;3.8;4.7;13.7;3.6;13;;;;;;;;;;;;;;198;;
STK;23.09.2017 00:00;;;;;;;;;974.8;;;;1022;1.2;3.7;4.3;13.3;3.6;13;;;;;;;;;;;;;;104;;
STK;24.09.2017 00:00;;;;;;;;;973.9;;;;1021.1;1.6;6.1;5.8;22;5.9;21.2;;;;;;;;;;;;;;79;;
STK;25.09.2017 00:00;;;;;;;;;972.8;;;;1020;1.2;4.2;4.3;15.1;4.1;14.8;;;;;;;;;;;;;;104;;
STK;26.09.2017 00:00;;;;;;;;;974.5;;;;1021.7;1.5;5.6;5.4;20.2;5.5;19.8;;;;;;;;;;;;;;198;;
STK;27.09.2017 00:00;;;;;;;;;976.3;;;;1023.6;1.3;4;4.7;14.4;3.9;14;;;;;;;;;;;;;;90;;
STK;28.09.2017 00:00;;;;;;;;;978.3;;;;1025.7;1;3.6;3.6;13;3.5;12.6;;;;;;;;;;;;;;104;;
STK;29.09.2017 00:00;;;;;;;;;976.3;;;;1023.6;1.4;4.8;5;17.3;4.7;16.9;;;;;;;;;;;;;;82;;
STK;30.09.2017 00:00;;;;;;;;;971.7;;;;1018.8;2.5;11.5;9;41.4;10.9;39.2;;;;;;;;;;;;;;241;;
STK;01.10.2017 00:00;;;;;;;;;975.2;;;;1022.5;1.9;5.4;6.8;19.4;5.4;19.4;;;;;;;;;;;;;;180;;
STK;02.10.2017 00:00;;;;;;;;;973.5;;;;1020.7;3.8;13.8;13.7;49.7;13.3;47.9;;;;;;;;;;;;;;233;;
STK;03.10.2017 00:00;;;;;;;;;974;;;;1021.2;3.1;15.3;11.2;55.1;14.8;53.3;;;;;;;;;;;;;;242;;
STK;04.10.2017 00:00;;;;;;;;;978.1;;;;1025.4;2.5;7.8;9;28.1;7.6;27.4;;;;;;;;;;;;;;229;;
STK;05.10.2017 00:00;;;;;;;;;971.2;;;;1018.3;6.3;17.1;22.7;61.6;16.4;59;;;;;;;;;;;;;;240;;
STK;06.10.2017 00:00;;;;;;;;;974.7;;;;1021.9;3.5;9.5;12.6;34.2;9.2;33.1;;;;;;;;;;;;;;250;;
STK;07.10.2017 00:00;;;;;;;;;976;;;;1023.3;3.6;12.1;13;43.6;11.8;42.5;;;;;;;;;;;;;;230;;
STK;08.10.2017 00:00;;;;;;;;;972.9;;;;1020;5.3;14.3;19.1;51.5;13.7;49.3;;;;;;;;;;;;;;227;;
STK;09.10.2017 00:00;;;;;;;;;974;;;;1021.2;1.8;6.7;6.5;24.1;6.5;23.4;;;;;;;;;;;;;;238;;
STK;10.10.2017 00:00;;;;;;;;;974.4;;;;1021.6;2.4;9.3;8.6;33.5;9.2;33.1;;;;;;;;;;;;;;238;;
STK;11.10.2017 00:00;;;;;;;;;974.7;;;;1021.9;1.4;5.9;5;21.2;5.8;20.9;;;;;;;;;;;;;;202;;
STK;12.10.2017 00:00;;;;;;;;;978.3;;;;1025.7;3;13.1;10.8;47.2;12.7;45.7;;;;;;;;;;;;;;237;;
STK;13.10.2017 00:00;;;;;;;;;981;;;;1028.5;1.2;3.2;4.3;11.5;3.1;11.2;;;;;;;;;;;;;;104;;
STK;14.10.2017 00:00;;;;;;;;;981.3;;;;1028.8;0.9;2.6;3.2;9.4;2.6;9.4;;;;;;;;;;;;;;153;;
STK;15.10.2017 00:00;;;;;;;;;980.8;;;;1028.3;0.9;3.1;3.2;11.2;3;10.8;;;;;;;;;;;;;;153;;
STK;16.10.2017 00:00;;;;;;;;;980.1;;;;1027.6;0.8;2.5;2.9;9;2.4;8.6;;;;;;;;;;;;;;198;;
STK;17.10.2017 00:00;;;;;;;;;976.3;;;;1023.6;1;3.6;3.6;13;3.6;13;;;;;;;;;;;;;;180;;
STK;18.10.2017 00:00;;;;;;;;;970.4;;;;1017.4;1.2;4.3;4.3;15.5;4.2;15.1;;;;;;;;;;;;;;180;;
STK;19.10.2017 00:00;;;;;;;;;968;;;;1015;1.1;3.7;4;13.3;3.6;13;;;;;;;;;;;;;;153;;
STK;20.10.2017 00:00;;;;;;;;;970.1;;;;1017.2;1.7;8.8;6.1;31.7;8.6;31;;;;;;;;;;;;;;235;;
STK;21.10.2017 00:00;;;;;;;;;971;;;;1018.1;3.3;15.6;11.9;56.2;15.2;54.7;;;;;;;;;;;;;;233;;
STK;22.10.2017 00:00;;;;;;;;;972.5;;;;1019.6;6.6;16;23.8;57.6;15.4;55.4;;;;;;;;;;;;;;240;;
STK;23.10.2017 00:00;;;;;;;;;976.1;;;;1023.4;5.6;10.8;20.2;38.9;10.7;38.5;;;;;;;;;;;;;;235;;
STK;24.10.2017 00:00;;;;;;;;;979.5;;;;1026.9;1.4;8.8;5;31.7;8.6;31;;;;;;;;;;;;;;203;;
STK;25.10.2017 00:00;;;;;;;;;978.7;;;;1026.1;1.2;3.8;4.3;13.7;3.7;13.3;;;;;;;;;;;;;;108;;
STK;26.10.2017 00:00;;;;;;;;;978.8;;;;1026.2;0.9;2.9;3.2;10.4;2.8;10.1;;;;;;;;;;;;;;135;;
STK;27.10.2017 00:00;;;;;;;;;979;;;;1026.4;3.6;12.8;13;46.1;12.6;45.4;;;;;;;;;;;;;;263;;
STK;28.10.2017 00:00;;;;;;;;;978.3;;;;1025.7;6.5;20.1;23.4;72.4;19.5;70.2;;;;;;;;;;;;;;237;;
STK;29.10.2017 00:00;;;;;;;;;970.3;;;;1017.3;8;21.1;28.8;76;20.6;74.2;;;;;;;;;;;;;;232;;
STK;30.10.2017 00:00;;;;;;;;;977.9;;;;1025.3;1.3;6.6;4.7;23.8;6.4;23;;;;;;;;;;;;;;98;;
STK;31.10.2017 00:00;;;;;;;;;979.4;;;;1026.8;1.2;3;4.3;10.8;2.9;10.4;;;;;;;;;;;;;;171;;
STK;01.11.2017 00:00;;;;;;;;;976.9;;;;1024.2;1.6;4.9;5.8;17.6;4.7;16.9;;;;;;;;;;;;;;191;;
STK;02.11.2017 00:00;;;;;;;;;971.3;;;;1018.5;2.2;8.4;7.9;30.2;8.3;29.9;;;;;;;;;;;;;;230;;
STK;03.11.2017 00:00;;;;;;;;;969.4;;;;1016.4;1.3;3.4;4.7;12.2;3.4;12.2;;;;;;;;;;;;;;117;;
STK;04.11.2017 00:00;;;;;;;;;966.4;;;;1013.3;0.9;3.5;3.2;12.6;3.4;12.2;;;;;;;;;;;;;;90;;
STK;05.11.2017 00:00;;;;;;;;;964.7;;;;1011.5;3.4;12.8;12.2;46.1;12.3;44.3;;;;;;;;;;;;;;240;;
STK;06.11.2017 00:00;;;;;;;;;972.3;;;;1019.5;4.8;13;17.3;46.8;12.7;45.7;;;;;;;;;;;;;;39;;
STK;07.11.2017 00:00;;;;;;;;;969.5;;;;1016.6;4.8;11.8;17.3;42.5;11.5;41.4;;;;;;;;;;;;;;45;;
STK;08.11.2017 00:00;;;;;;;;;970.4;;;;1017.5;3;8.7;10.8;31.3;8.3;29.9;;;;;;;;;;;;;;231;;
STK;09.11.2017 00:00;;;;;;;;;975.7;;;;1023;1.1;4.5;4;16.2;4.5;16.2;;;;;;;;;;;;;;220;;
STK;10.11.2017 00:00;;;;;;;;;974.7;;;;1022;6.2;15.4;22.3;55.4;15.1;54.4;;;;;;;;;;;;;;231;;
STK;11.11.2017 00:00;;;;;;;;;968.3;;;;1015.3;8.3;19.1;29.9;68.8;18.4;66.2;;;;;;;;;;;;;;234;;
STK;12.11.2017 00:00;;;;;;;;;958.5;;;;1005.2;8.3;23.6;29.9;85;22.2;79.9;;;;;;;;;;;;;;237;;
STK;13.11.2017 00:00;;;;;;;;;968.1;;;;1015.1;2.7;8.9;9.7;32;8.8;31.7;;;;;;;;;;;;;;284;;
STK;14.11.2017 00:00;;;;;;;;;977.7;;;;1025;1.2;4.2;4.3;15.1;4.1;14.8;;;;;;;;;;;;;;90;;
STK;15.11.2017 00:00;;;;;;;;;978;;;;1025.4;3.4;7.7;12.2;27.7;7.5;27;;;;;;;;;;;;;;30;;
STK;16.11.2017 00:00;;;;;;;;;977;;;;1024.3;2.4;6.1;8.6;22;5.9;21.2;;;;;;;;;;;;;;357;;
STK;17.11.2017 00:00;;;;;;;;;978.1;;;;1025.5;1.2;4;4.3;14.4;4;14.4;;;;;;;;;;;;;;34;;
STK;18.11.2017 00:00;;;;;;;;;975.7;;;;1023;4;13.6;14.4;49;13.3;47.9;;;;;;;;;;;;;;246;;
STK;19.11.2017 00:00;;;;;;;;;973.7;;;;1020.9;4.6;14.1;16.6;50.8;13.8;49.7;;;;;;;;;;;;;;234;;
STK;20.11.2017 00:00;;;;;;;;;975.3;;;;1022.6;3;9.8;10.8;35.3;9.1;32.8;;;;;;;;;;;;;;228;;
STK;21.11.2017 00:00;;;;;;;;;971.6;;;;1018.8;3.2;13.2;11.5;47.5;12.8;46.1;;;;;;;;;;;;;;226;;
STK;22.11.2017 00:00;;;;;;;;;967.9;;;;1014.9;0.9;3;3.2;10.8;3;10.8;;;;;;;;;;;;;;108;;
STK;23.11.2017 00:00;;;;;;;;;967.6;;;;1014.6;2.2;8.9;7.9;32;8.6;31;;;;;;;;;;;;;;223;;
STK;24.11.2017 00:00;;;;;;;;;968.7;;;;1015.7;2.2;9.7;7.9;34.9;9.4;33.8;;;;;;;;;;;;;;230;;
STK;25.11.2017 00:00;;;;;;;;;966.8;;;;1013.7;5;15.6;18;56.2;15.4;55.4;;;;;;;;;;;;;;242;;
STK;26.11.2017 00:00;;;;;;;;;978.2;;;;1025.6;5.8;12.7;20.9;45.7;12.3;44.3;;;;;;;;;;;;;;233;;
STK;27.11.2017 00:00;;;;;;;;;977.1;;;;1024.5;6;12.7;21.6;45.7;12.4;44.6;;;;;;;;;;;;;;229;;
STK;28.11.2017 00:00;;;;;;;;;964.1;;;;1010.9;4.9;13.9;17.6;50;13.4;48.2;;;;;;;;;;;;;;225;;
STK;29.11.2017 00:00;;;;;;;;;959.6;;;;1006.2;2.7;7.2;9.7;25.9;7;25.2;;;;;;;;;;;;;;243;;
STK;30.11.2017 00:00;;;;;;;;;960.2;;;;1006.9;5.2;12.6;18.7;45.4;12.1;43.6;;;;;;;;;;;;;;230;;
STK;01.12.2017 00:00;;;;;;;;;965.2;;;;1012;3.1;10.3;11.2;37.1;10.2;36.7;;;;;;;;;;;;;;360;;
STK;02.12.2017 00:00;;;;;;;;;973.5;;;;1020.7;8.2;14.1;29.5;50.8;13.4;48.2;;;;;;;;;;;;;;57;;
STK;03.12.2017 00:00;;;;;;;;;978.5;;;;1025.9;3.7;10.9;13.3;39.2;10.6;38.2;;;;;;;;;;;;;;276;;
STK;04.12.2017 00:00;;;;;;;;;984.3;;;;1032;5.1;10.1;18.4;36.4;9.9;35.6;;;;;;;;;;;;;;227;;
STK;05.12.2017 00:00;;;;;;;;;989.2;;;;1037;2;5.3;7.2;19.1;5.2;18.7;;;;;;;;;;;;;;234;;
STK;06.12.2017 00:00;;;;;;;;;986.6;;;;1034.3;1.4;5.8;5;20.9;5.6;20.2;;;;;;;;;;;;;;198;;
STK;07.12.2017 00:00;;;;;;;;;976.7;;;;1024;3;10.5;10.8;37.8;10.2;36.7;;;;;;;;;;;;;;228;;
STK;08.12.2017 00:00;;;;;;;;;966.9;;;;1013.9;6.6;16.9;23.8;60.8;16.3;58.7;;;;;;;;;;;;;;236;;
STK;09.12.2017 00:00;;;;;;;;;970;;;;1017;5.1;14.2;18.4;51.1;14;50.4;;;;;;;;;;;;;;240;;
STK;10.12.2017 00:00;;;;;;;;;952.2;;;;998.5;4.2;20.9;15.1;75.2;20.4;73.4;;;;;;;;;;;;;;223;;
STK;11.12.2017 00:00;;;;;;;;;941.1;;;;987;2.4;10.1;8.6;36.4;9.6;34.6;;;;;;;;;;;;;;234;;
STK;12.12.2017 00:00;;;;;;;;;963.2;;;;1010;6.7;23.3;24.1;83.9;22.9;82.4;;;;;;;;;;;;;;239;;
STK;13.12.2017 00:00;;;;;;;;;965.9;;;;1012.8;3.6;20.1;13;72.4;19.7;70.9;;;;;;;;;;;;;;229;;
STK;14.12.2017 00:00;;;;;;;;;954.8;;;;1001.3;7.7;27.3;27.7;98.3;24.9;89.6;;;;;;;;;;;;;;232;;
STK;15.12.2017 00:00;;;;;;;;;953.6;;;;1000.1;4.6;13.3;16.6;47.9;13;46.8;;;;;;;;;;;;;;231;;
STK;16.12.2017 00:00;;;;;;;;;964;;;;1010.9;3.9;9.1;14;32.8;8.9;32;;;;;;;;;;;;;;238;;
STK;17.12.2017 00:00;;;;;;;;;976.7;;;;1024.1;4.7;10.3;16.9;37.1;10;36;;;;;;;;;;;;;;241;;
STK;18.12.2017 00:00;;;;;;;;;976.8;;;;1024.2;2.1;9.2;7.6;33.1;8.9;32;;;;;;;;;;;;;;221;;
STK;19.12.2017 00:00;;;;;;;;;984.9;;;;1032.6;1.7;5;6.1;18;4.9;17.6;;;;;;;;;;;;;;238;;
STK;20.12.2017 00:00;;;;;;;;;986.8;;;;1034.5;1.5;4.2;5.4;15.1;4.1;14.8;;;;;;;;;;;;;;225;;
STK;21.12.2017 00:00;;;;;;;;;988.9;;;;1036.7;2.1;5.8;7.6;20.9;5.7;20.5;;;;;;;;;;;;;;225;;
STK;22.12.2017 00:00;;;;;;;;;987.7;;;;1035.4;2;4.5;7.2;16.2;4.4;15.8;;;;;;;;;;;;;;227;;
STK;23.12.2017 00:00;;;;;;;;;988.2;;;;1036;3.2;9.4;11.5;33.8;9;32.4;;;;;;;;;;;;;;234;;
STK;24.12.2017 00:00;;;;;;;;;983.5;;;;1031.1;3.9;8.2;14;29.5;8.1;29.2;;;;;;;;;;;;;;221;;
STK;25.12.2017 00:00;;;;;;;;;974.7;;;;1022;2;6.4;7.2;23;6.2;22.3;;;;;;;;;;;;;;214;;
STK;26.12.2017 00:00;;;;;;;;;963;;;;1009.7;2.1;17.2;7.6;61.9;16.8;60.5;;;;;;;;;;;;;;218;;
STK;27.12.2017 00:00;;;;;;;;;945.1;;;;991.2;2.9;12.4;10.4;44.6;11.8;42.5;;;;;;;;;;;;;;230;;
STK;28.12.2017 00:00;;;;;;;;;955.1;;;;1001.6;8.2;14.8;29.5;53.3;14.1;50.8;;;;;;;;;;;;;;246;;
STK;29.12.2017 00:00;;;;;;;;;964;;;;1010.8;4.3;15.6;15.5;56.2;14.9;53.6;;;;;;;;;;;;;;232;;
STK;30.12.2017 00:00;;;;;;;;;964.1;;;;1010.9;8;22.2;28.8;79.9;21.8;78.5;;;;;;;;;;;;;;235;;
STK;31.12.2017 00:00;;;;;;;;;966.1;;;;1013;4.8;18.4;17.3;66.2;17.7;63.7;;;;;;;;;;;;;;232;;
STK;01.01.2018 00:00;;;;;;;;;963.1;;;;1009.9;7.7;22;27.7;79.2;21.8;78.5;;;;;;;;;;;;;;235;;
STK;02.01.2018 00:00;;;;;;;;;968.6;;;;1015.7;7.3;18.4;26.3;66.2;17.9;64.4;;;;;;;;;;;;;;235;;
STK;03.01.2018 00:00;;;;;;;;;959.8;;;;1006.4;10.3;33.6;37.1;121;30.4;109.4;;;;;;;;;;;;;;241;;
STK;04.01.2018 00:00;;;;;;;;;957.9;;;;1004.4;9.3;25.6;33.5;92.2;22.5;81;;;;;;;;;;;;;;232;;
STK;05.01.2018 00:00;;;;;;;;;957.8;;;;1004.4;4.7;14.6;16.9;52.6;14.4;51.8;;;;;;;;;;;;;;233;;
STK;06.01.2018 00:00;;;;;;;;;961;;;;1007.7;1;4.1;3.6;14.8;3.9;14;;;;;;;;;;;;;;63;;
STK;07.01.2018 00:00;;;;;;;;;968.3;;;;1015.3;2.2;6.4;7.9;23;6.3;22.7;;;;;;;;;;;;;;55;;
STK;08.01.2018 00:00;;;;;;;;;970.2;;;;1017.3;1.2;3.9;4.3;14;3.8;13.7;;;;;;;;;;;;;;63;;
STK;09.01.2018 00:00;;;;;;;;;966;;;;1012.9;1.6;8.1;5.8;29.2;7.9;28.4;;;;;;;;;;;;;;210;;
STK;10.01.2018 00:00;;;;;;;;;966.3;;;;1013.2;1.4;6.5;5;23.4;6.4;23;;;;;;;;;;;;;;236;;
STK;11.01.2018 00:00;;;;;;;;;968.5;;;;1015.5;1;4.8;3.6;17.3;4.7;16.9;;;;;;;;;;;;;;360;;
STK;12.01.2018 00:00;;;;;;;;;975.9;;;;1023.1;2.5;8.1;9;29.2;7.6;27.4;;;;;;;;;;;;;;43;;
STK;13.01.2018 00:00;;;;;;;;;975;;;;1022.3;2.2;7.5;7.9;27;7.5;27;;;;;;;;;;;;;;65;;
STK;14.01.2018 00:00;;;;;;;;;973.8;;;;1021;1;4;3.6;14.4;3.9;14;;;;;;;;;;;;;;180;;
STK;15.01.2018 00:00;;;;;;;;;968.9;;;;1015.9;3.7;15.2;13.3;54.7;14.9;53.6;;;;;;;;;;;;;;217;;
STK;16.01.2018 00:00;;;;;;;;;955.6;;;;1002.1;10.8;24.6;38.9;88.6;23.5;84.6;;;;;;;;;;;;;;236;;
STK;17.01.2018 00:00;;;;;;;;;961.5;;;;1008.3;10.7;22.8;38.5;82.1;22;79.2;;;;;;;;;;;;;;245;;
STK;18.01.2018 00:00;;;;;;;;;962.6;;;;1009.4;11.4;26.6;41;95.8;25.9;93.2;;;;;;;;;;;;;;233;;
STK;19.01.2018 00:00;;;;;;;;;965;;;;1011.9;6.6;14.9;23.8;53.6;14.5;52.2;;;;;;;;;;;;;;243;;
STK;20.01.2018 00:00;;;;;;;;;960.6;;;;1007.3;6.4;16.2;23;58.3;15.9;57.2;;;;;;;;;;;;;;233;;
STK;21.01.2018 00:00;;;;;;;;;966.9;;;;1013.9;2.7;10.1;9.7;36.4;9.9;35.6;;;;;;;;;;;;;;291;;
STK;22.01.2018 00:00;;;;;;;;;966.1;;;;1013;4.8;16.9;17.3;60.8;16.2;58.3;;;;;;;;;;;;;;235;;
STK;23.01.2018 00:00;;;;;;;;;979.1;;;;1026.5;1.3;5;4.7;18;4.8;17.3;;;;;;;;;;;;;;236;;
STK;24.01.2018 00:00;;;;;;;;;977.1;;;;1024.4;1.1;4.9;4;17.6;4.8;17.3;;;;;;;;;;;;;;90;;
STK;25.01.2018 00:00;;;;;;;;;970.7;;;;1017.8;0.7;5;2.5;18;4.8;17.3;;;;;;;;;;;;;;63;;
STK;26.01.2018 00:00;;;;;;;;;970.5;;;;1017.6;1.1;4.1;4;14.8;4;14.4;;;;;;;;;;;;;;233;;
STK;27.01.2018 00:00;;;;;;;;;982.8;;;;1030.3;1.4;10.3;5;37.1;9.7;34.9;;;;;;;;;;;;;;270;;
STK;28.01.2018 00:00;;;;;;;;;988.7;;;;1036.5;4.4;11;15.8;39.6;10.8;38.9;;;;;;;;;;;;;;232;;
STK;29.01.2018 00:00;;;;;;;;;985.1;;;;1032.7;6.3;16.3;22.7;58.7;15.1;54.4;;;;;;;;;;;;;;235;;
STK;30.01.2018 00:00;;;;;;;;;981.7;;;;1029.2;1.9;10.9;6.8;39.2;10.6;38.2;;;;;;;;;;;;;;225;;
STK;31.01.2018 00:00;;;;;;;;;968.4;;;;1015.4;4.3;13.4;15.5;48.2;13.2;47.5;;;;;;;;;;;;;;236;;
STK;01.02.2018 00:00;;;;;;;;;958.7;;;;1005.3;5.3;20.4;19.1;73.4;19.2;69.1;;;;;;;;;;;;;;236;;
STK;02.02.2018 00:00;;;;;;;;;961.5;;;;1008.2;4.2;10.5;15.1;37.8;10.2;36.7;;;;;;;;;;;;;;237;;
STK;03.02.2018 00:00;;;;;;;;;960.7;;;;1007.4;2.6;7.3;9.4;26.3;7.1;25.6;;;;;;;;;;;;;;240;;
STK;04.02.2018 00:00;;;;;;;;;967.2;;;;1014.1;1;3.4;3.6;12.2;3.3;11.9;;;;;;;;;;;;;;104;;
STK;05.02.2018 00:00;;;;;;;;;970.9;;;;1018;3.8;8;13.7;28.8;7.8;28.1;;;;;;;;;;;;;;47;;
STK;06.02.2018 00:00;;;;;;;;;964.4;;;;1011.3;1.2;5.7;4.3;20.5;5.5;19.8;;;;;;;;;;;;;;98;;
STK;07.02.2018 00:00;;;;;;;;;964.5;;;;1011.3;1.7;4.9;6.1;17.6;4.9;17.6;;;;;;;;;;;;;;235;;
STK;08.02.2018 00:00;;;;;;;;;970.4;;;;1017.5;1.1;2.8;4;10.1;2.7;9.7;;;;;;;;;;;;;;37;;
STK;09.02.2018 00:00;;;;;;;;;968.4;;;;1015.4;1.7;7.4;6.1;26.6;7.1;25.6;;;;;;;;;;;;;;234;;
STK;10.02.2018 00:00;;;;;;;;;969.7;;;;1016.8;3.1;9.8;11.2;35.3;9.4;33.8;;;;;;;;;;;;;;229;;
STK;11.02.2018 00:00;;;;;;;;;963.3;;;;1010.1;4.6;11.5;16.6;41.4;11.3;40.7;;;;;;;;;;;;;;234;;
STK;12.02.2018 00:00;;;;;;;;;968.4;;;;1015.4;3.9;14.2;14;51.1;13.3;47.9;;;;;;;;;;;;;;237;;
STK;13.02.2018 00:00;;;;;;;;;967.2;;;;1014.2;2;8.7;7.2;31.3;8.5;30.6;;;;;;;;;;;;;;86;;
STK;14.02.2018 00:00;;;;;;;;;969.2;;;;1016.2;1.4;4.8;5;17.3;4.6;16.6;;;;;;;;;;;;;;90;;
STK;15.02.2018 00:00;;;;;;;;;971.4;;;;1018.5;1.2;3.3;4.3;11.9;3.3;11.9;;;;;;;;;;;;;;90;;
STK;16.02.2018 00:00;;;;;;;;;977;;;;1024.4;1;5.9;3.6;21.2;5.7;20.5;;;;;;;;;;;;;;59;;
STK;17.02.2018 00:00;;;;;;;;;971.9;;;;1019;1.5;4.6;5.4;16.6;4.5;16.2;;;;;;;;;;;;;;17;;
STK;18.02.2018 00:00;;;;;;;;;976.8;;;;1024.1;2.6;7.5;9.4;27;7.1;25.6;;;;;;;;;;;;;;40;;
STK;19.02.2018 00:00;;;;;;;;;970.7;;;;1017.8;1.2;3.9;4.3;14;3.9;14;;;;;;;;;;;;;;7;;
STK;20.02.2018 00:00;;;;;;;;;967.6;;;;1014.6;3.1;8.4;11.2;30.2;8.2;29.5;;;;;;;;;;;;;;36;;
STK;21.02.2018 00:00;;;;;;;;;969.1;;;;1016.2;7.7;12.9;27.7;46.4;12.7;45.7;;;;;;;;;;;;;;54;;
STK;22.02.2018 00:00;;;;;;;;;965.7;;;;1012.6;10.6;16.7;38.2;60.1;16.3;58.7;;;;;;;;;;;;;;56;;
STK;23.02.2018 00:00;;;;;;;;;965.8;;;;1012.7;10;16.2;36;58.3;15.5;55.8;;;;;;;;;;;;;;56;;
STK;24.02.2018 00:00;;;;;;;;;967.3;;;;1014.3;10.7;18.5;38.5;66.6;18.1;65.2;;;;;;;;;;;;;;59;;
STK;25.02.2018 00:00;;;;;;;;;971.5;;;;1018.6;10.1;16.3;36.4;58.7;15.9;57.2;;;;;;;;;;;;;;58;;
STK;26.02.2018 00:00;;;;;;;;;970.7;;;;1017.8;9.3;16.5;33.5;59.4;16;57.6;;;;;;;;;;;;;;53;;
STK;27.02.2018 00:00;;;;;;;;;966.9;;;;1013.8;6.4;13;23;46.8;12.3;44.3;;;;;;;;;;;;;;57;;
STK;28.02.2018 00:00;;;;;;;;;965.2;;;;1012.1;4.7;11.9;16.9;42.8;11.6;41.8;;;;;;;;;;;;;;51;;
STK;01.03.2018 00:00;;;;;;;;;955.7;;;;1002.2;4.2;9.5;15.1;34.2;9.3;33.5;;;;;;;;;;;;;;36;;
STK;02.03.2018 00:00;;;;;;;;;949.8;;;;996.1;3.1;9.2;11.2;33.1;8.9;32;;;;;;;;;;;;;;270;;
STK;03.03.2018 00:00;;;;;;;;;951;;;;997.3;2.1;7.7;7.6;27.7;7.6;27.4;;;;;;;;;;;;;;252;;
STK;04.03.2018 00:00;;;;;;;;;952.7;;;;999.1;1.8;7.6;6.5;27.4;7.5;27;;;;;;;;;;;;;;90;;
STK;05.03.2018 00:00;;;;;;;;;949.1;;;;995.3;1.5;7.1;5.4;25.6;7;25.2;;;;;;;;;;;;;;59;;
STK;06.03.2018 00:00;;;;;;;;;946.2;;;;992.3;2.6;9.5;9.4;34.2;9.3;33.5;;;;;;;;;;;;;;229;;
STK;07.03.2018 00:00;;;;;;;;;953.6;;;;1000.1;4.3;15.8;15.5;56.9;15.6;56.2;;;;;;;;;;;;;;234;;
STK;08.03.2018 00:00;;;;;;;;;960.9;;;;1007.6;3.8;12.9;13.7;46.4;12.7;45.7;;;;;;;;;;;;;;238;;
STK;09.03.2018 00:00;;;;;;;;;962.8;;;;1009.6;2.2;9.6;7.9;34.6;9.4;33.8;;;;;;;;;;;;;;238;;
STK;10.03.2018 00:00;;;;;;;;;960.4;;;;1007.1;1.3;4.6;4.7;16.6;4.5;16.2;;;;;;;;;;;;;;180;;
STK;11.03.2018 00:00;;;;;;;;;952.4;;;;998.7;1.9;7;6.8;25.2;6.8;24.5;;;;;;;;;;;;;;225;;
STK;12.03.2018 00:00;;;;;;;;;953.3;;;;999.8;5.3;21.6;19.1;77.8;21.1;76;;;;;;;;;;;;;;234;;
STK;13.03.2018 00:00;;;;;;;;;962.1;;;;1008.9;8.7;18.9;31.3;68;18.7;67.3;;;;;;;;;;;;;;234;;
STK;14.03.2018 00:00;;;;;;;;;963.6;;;;1010.4;2.2;10.9;7.9;39.2;10.6;38.2;;;;;;;;;;;;;;198;;
STK;15.03.2018 00:00;;;;;;;;;952.1;;;;998.5;3;14.2;10.8;51.1;13.6;49;;;;;;;;;;;;;;232;;
STK;16.03.2018 00:00;;;;;;;;;956;;;;1002.5;2.4;9.4;8.6;33.8;9.2;33.1;;;;;;;;;;;;;;233;;
STK;17.03.2018 00:00;;;;;;;;;950;;;;996.2;4.3;12.6;15.5;45.4;12.3;44.3;;;;;;;;;;;;;;53;;
STK;18.03.2018 00:00;;;;;;;;;954.2;;;;1000.7;3.8;9.7;13.7;34.9;9.6;34.6;;;;;;;;;;;;;;39;;
STK;19.03.2018 00:00;;;;;;;;;960.4;;;;1007.1;3.6;7.7;13;27.7;7.6;27.4;;;;;;;;;;;;;;37;;
STK;20.03.2018 00:00;;;;;;;;;968.3;;;;1015.3;3.2;8.2;11.5;29.5;8.1;29.2;;;;;;;;;;;;;;49;;
STK;21.03.2018 00:00;;;;;;;;;977.4;;;;1024.7;3.3;11;11.9;39.6;10.7;38.5;;;;;;;;;;;;;;54;;
STK;22.03.2018 00:00;;;;;;;;;972;;;;1019.2;3.8;12.1;13.7;43.6;11.9;42.8;;;;;;;;;;;;;;233;;
STK;23.03.2018 00:00;;;;;;;;;961.5;;;;1008.2;2.4;7.3;8.6;26.3;7.1;25.6;;;;;;;;;;;;;;225;;
STK;24.03.2018 00:00;;;;;;;;;954.1;;;;1000.5;1.6;4.4;5.8;15.8;4.3;15.5;;;;;;;;;;;;;;63;;
STK;25.03.2018 00:00;;;;;;;;;959.4;;;;1006;1.2;4;4.3;14.4;3.9;14;;;;;;;;;;;;;;101;;
STK;26.03.2018 00:00;;;;;;;;;966.7;;;;1013.6;1.7;11.2;6.1;40.3;10.6;38.2;;;;;;;;;;;;;;236;;
STK;27.03.2018 00:00;;;;;;;;;967.5;;;;1014.5;3.3;10.9;11.9;39.2;10.7;38.5;;;;;;;;;;;;;;230;;
STK;28.03.2018 00:00;;;;;;;;;960.6;;;;1007.3;6.1;18.2;22;65.5;17.8;64.1;;;;;;;;;;;;;;234;;
STK;29.03.2018 00:00;;;;;;;;;961.5;;;;1008.2;3;10.4;10.8;37.4;10.2;36.7;;;;;;;;;;;;;;240;;
STK;30.03.2018 00:00;;;;;;;;;955.7;;;;1002.2;3.7;15.1;13.3;54.4;14.7;52.9;;;;;;;;;;;;;;256;;
STK;31.03.2018 00:00;;;;;;;;;954.7;;;;1001.2;2.5;8.8;9;31.7;8.6;31;;;;;;;;;;;;;;232;;
STK;01.04.2018 00:00;;;;;;;;;964.8;;;;1011.7;7.4;18.5;26.6;66.6;18.3;65.9;;;;;;;;;;;;;;238;;
STK;02.04.2018 00:00;;;;;;;;;963.8;;;;1010.6;1.5;6.1;5.4;22;6;21.6;;;;;;;;;;;;;;90;;
STK;03.04.2018 00:00;;;;;;;;;960.4;;;;1007.1;1.7;9.2;6.1;33.1;9.1;32.8;;;;;;;;;;;;;;191;;
STK;04.04.2018 00:00;;;;;;;;;960.7;;;;1007.4;3.3;23.7;11.9;85.3;23;82.8;;;;;;;;;;;;;;242;;
STK;05.04.2018 00:00;;;;;;;;;969.4;;;;1016.4;4.3;16;15.5;57.6;15.6;56.2;;;;;;;;;;;;;;243;;
STK;06.04.2018 00:00;;;;;;;;;971.3;;;;1018.4;1.4;4.8;5;17.3;4.6;16.6;;;;;;;;;;;;;;49;;
STK;07.04.2018 00:00;;;;;;;;;966.4;;;;1013.4;1.1;3.2;4;11.5;3.2;11.5;;;;;;;;;;;;;;79;;
STK;08.04.2018 00:00;;;;;;;;;961.2;;;;1007.9;1.6;8.3;5.8;29.9;8;28.8;;;;;;;;;;;;;;81;;
STK;09.04.2018 00:00;;;;;;;;;958.2;;;;1004.8;1.2;4.5;4.3;16.2;4.4;15.8;;;;;;;;;;;;;;217;;
STK;10.04.2018 00:00;;;;;;;;;957.7;;;;1004.2;3.1;16.6;11.2;59.8;16;57.6;;;;;;;;;;;;;;242;;
STK;11.04.2018 00:00;;;;;;;;;957.4;;;;1004;2.7;10.3;9.7;37.1;9.5;34.2;;;;;;;;;;;;;;65;;
STK;12.04.2018 00:00;;;;;;;;;953.5;;;;999.9;2;9.7;7.2;34.9;9.4;33.8;;;;;;;;;;;;;;180;;
STK;13.04.2018 00:00;;;;;;;;;963.4;;;;1010.2;4.5;15.7;16.2;56.5;14.9;53.6;;;;;;;;;;;;;;237;;
STK;14.04.2018 00:00;;;;;;;;;971.2;;;;1018.3;1.5;6.3;5.4;22.7;6.1;22;;;;;;;;;;;;;;59;;
STK;15.04.2018 00:00;;;;;;;;;966.1;;;;1013;1.3;4.3;4.7;15.5;4.2;15.1;;;;;;;;;;;;;;207;;
STK;16.04.2018 00:00;;;;;;;;;969.5;;;;1016.5;1.4;4.8;5;17.3;4.8;17.3;;;;;;;;;;;;;;153;;
STK;17.04.2018 00:00;;;;;;;;;978;;;;1025.4;1.2;5.6;4.3;20.2;5.4;19.4;;;;;;;;;;;;;;56;;
STK;18.04.2018 00:00;;;;;;;;;981.5;;;;1029;3.3;11.1;11.9;40;10.8;38.9;;;;;;;;;;;;;;66;;
STK;19.04.2018 00:00;;;;;;;;;979.8;;;;1027.2;1.4;4.2;5;15.1;4.1;14.8;;;;;;;;;;;;;;90;;
STK;20.04.2018 00:00;;;;;;;;;976.3;;;;1023.6;1.6;3.9;5.8;14;3.8;13.7;;;;;;;;;;;;;;108;;
STK;21.04.2018 00:00;;;;;;;;;972.8;;;;1020;1.5;3.9;5.4;14;3.8;13.7;;;;;;;;;;;;;;90;;
STK;22.04.2018 00:00;;;;;;;;;969.7;;;;1016.8;2.2;6.3;7.9;22.7;6.2;22.3;;;;;;;;;;;;;;239;;
STK;23.04.2018 00:00;;;;;;;;;971.3;;;;1018.4;3;13.1;10.8;47.2;12.4;44.6;;;;;;;;;;;;;;264;;
STK;24.04.2018 00:00;;;;;;;;;971.7;;;;1018.8;2.1;7.5;7.6;27;7.3;26.3;;;;;;;;;;;;;;243;;
STK;25.04.2018 00:00;;;;;;;;;968.3;;;;1015.3;5;14.8;18;53.3;14.4;51.8;;;;;;;;;;;;;;249;;
STK;26.04.2018 00:00;;;;;;;;;971.9;;;;1019.1;3.8;9.8;13.7;35.3;9.6;34.6;;;;;;;;;;;;;;239;;
STK;27.04.2018 00:00;;;;;;;;;965.5;;;;1012.4;1.6;4.9;5.8;17.6;4.8;17.3;;;;;;;;;;;;;;45;;
STK;28.04.2018 00:00;;;;;;;;;965;;;;1011.9;1.2;4.2;4.3;15.1;4.1;14.8;;;;;;;;;;;;;;90;;
STK;29.04.2018 00:00;;;;;;;;;958.3;;;;1004.9;2.9;18.2;10.4;65.5;17.8;64.1;;;;;;;;;;;;;;108;;
STK;30.04.2018 00:00;;;;;;;;;960.9;;;;1007.6;7.2;21.8;25.9;78.5;21.2;76.3;;;;;;;;;;;;;;240;;
STK;01.05.2018 00:00;;;;;;;;;966.4;;;;1013.3;2.5;8.3;9;29.9;8;28.8;;;;;;;;;;;;;;245;;
STK;02.05.2018 00:00;;;;;;;;;964.3;;;;1011.1;2.8;7.8;10.1;28.1;7.6;27.4;;;;;;;;;;;;;;360;;
STK;03.05.2018 00:00;;;;;;;;;966.5;;;;1013.4;3.6;9.4;13;33.8;9.1;32.8;;;;;;;;;;;;;;39;;
STK;04.05.2018 00:00;;;;;;;;;968.7;;;;1015.7;5.1;14.1;18.4;50.8;13.8;49.7;;;;;;;;;;;;;;60;;
STK;05.05.2018 00:00;;;;;;;;;971;;;;1018.1;4.5;11.4;16.2;41;11.2;40.3;;;;;;;;;;;;;;60;;
STK;06.05.2018 00:00;;;;;;;;;972;;;;1019.2;2.5;10.2;9;36.7;10.1;36.4;;;;;;;;;;;;;;56;;
STK;07.05.2018 00:00;;;;;;;;;968.6;;;;1015.6;1.5;7.3;5.4;26.3;7.2;25.9;;;;;;;;;;;;;;66;;
STK;08.05.2018 00:00;;;;;;;;;962.8;;;;1009.6;1.6;8.2;5.8;29.5;8;28.8;;;;;;;;;;;;;;72;;
STK;09.05.2018 00:00;;;;;;;;;960.5;;;;1007.2;1.7;8.1;6.1;29.2;7.9;28.4;;;;;;;;;;;;;;216;;
STK;10.05.2018 00:00;;;;;;;;;967.2;;;;1014.1;4.1;12.8;14.8;46.1;12.4;44.6;;;;;;;;;;;;;;238;;
STK;11.05.2018 00:00;;;;;;;;;970.8;;;;1017.9;1.5;5.8;5.4;20.9;5.4;19.4;;;;;;;;;;;;;;56;;
STK;12.05.2018 00:00;;;;;;;;;966.5;;;;1013.4;2.1;12.8;7.6;46.1;12.5;45;;;;;;;;;;;;;;74;;
STK;13.05.2018 00:00;;;;;;;;;962.9;;;;1009.7;5.1;11.7;18.4;42.1;11;39.6;;;;;;;;;;;;;;238;;
STK;14.05.2018 00:00;;;;;;;;;963;;;;1009.8;4.4;9.7;15.8;34.9;9.5;34.2;;;;;;;;;;;;;;240;;
STK;15.05.2018 00:00;;;;;;;;;965.8;;;;1012.8;2.9;10.4;10.4;37.4;10;36;;;;;;;;;;;;;;233;;
STK;16.05.2018 00:00;;;;;;;;;968.4;;;;1015.4;3;8.4;10.8;30.2;8.2;29.5;;;;;;;;;;;;;;232;;
STK;17.05.2018 00:00;;;;;;;;;971.4;;;;1018.5;2;6.8;7.2;24.5;6.7;24.1;;;;;;;;;;;;;;236;;
STK;18.05.2018 00:00;;;;;;;;;971.9;;;;1019;1.3;9.1;4.7;32.8;8.9;32;;;;;;;;;;;;;;34;;
STK;19.05.2018 00:00;;;;;;;;;971.7;;;;1018.9;2.1;10.4;7.6;37.4;10.2;36.7;;;;;;;;;;;;;;63;;
STK;20.05.2018 00:00;;;;;;;;;970.7;;;;1017.8;2.2;8.5;7.9;30.6;8.2;29.5;;;;;;;;;;;;;;60;;
STK;21.05.2018 00:00;;;;;;;;;966.8;;;;1013.8;1.7;6;6.1;21.6;5.7;20.5;;;;;;;;;;;;;;101;;
STK;22.05.2018 00:00;;;;;;;;;966;;;;1012.9;2.4;10;8.6;36;9.9;35.6;;;;;;;;;;;;;;315;;
STK;23.05.2018 00:00;;;;;;;;;970.3;;;;1017.3;1.8;6.8;6.5;24.5;6.6;23.8;;;;;;;;;;;;;;239;;
STK;24.05.2018 00:00;;;;;;;;;971.3;;;;1018.4;2.1;6.3;7.6;22.7;6.1;22;;;;;;;;;;;;;;229;;
STK;25.05.2018 00:00;;;;;;;;;971.3;;;;1018.4;1.5;3.9;5.4;14;3.8;13.7;;;;;;;;;;;;;;77;;
STK;26.05.2018 00:00;;;;;;;;;972.7;;;;1019.8;1.2;4.9;4.3;17.6;4.8;17.3;;;;;;;;;;;;;;68;;
STK;27.05.2018 00:00;;;;;;;;;971.3;;;;1018.4;1.6;7.3;5.8;26.3;7.2;25.9;;;;;;;;;;;;;;180;;
STK;28.05.2018 00:00;;;;;;;;;969.1;;;;1016.1;2.5;9.8;9;35.3;9.5;34.2;;;;;;;;;;;;;;51;;
STK;29.05.2018 00:00;;;;;;;;;968.4;;;;1015.4;3.9;10;14;36;9.8;35.3;;;;;;;;;;;;;;239;;
STK;30.05.2018 00:00;;;;;;;;;968;;;;1015;2.2;22.5;7.9;81;22.3;80.3;;;;;;;;;;;;;;73;;
STK;31.05.2018 00:00;;;;;;;;;968.8;;;;1015.9;2.9;19.2;10.4;69.1;18.8;67.7;;;;;;;;;;;;;;231;;
STK;01.06.2018 00:00;;;;;;;;;972.7;;;;1019.9;2.8;7.3;10.1;26.3;7.2;25.9;;;;;;;;;;;;;;234;;
STK;02.06.2018 00:00;;;;;;;;;972.3;;;;1019.4;1.6;5.2;5.8;18.7;5.1;18.4;;;;;;;;;;;;;;63;;
STK;03.06.2018 00:00;;;;;;;;;969.3;;;;1016.3;1.8;7.7;6.5;27.7;7.7;27.7;;;;;;;;;;;;;;61;;
STK;04.06.2018 00:00;;;;;;;;;964;;;;1010.9;2.4;8.8;8.6;31.7;8.3;29.9;;;;;;;;;;;;;;135;;
STK;05.06.2018 00:00;;;;;;;;;963.8;;;;1010.6;1.6;5.4;5.8;19.4;5.3;19.1;;;;;;;;;;;;;;239;;
STK;06.06.2018 00:00;;;;;;;;;965.7;;;;1012.6;2.1;8;7.6;28.8;7.9;28.4;;;;;;;;;;;;;;232;;
STK;07.06.2018 00:00;;;;;;;;;968.5;;;;1015.6;2.3;8.7;8.3;31.3;8.5;30.6;;;;;;;;;;;;;;238;;
STK;08.06.2018 00:00;;;;;;;;;966.2;;;;1013.1;1.7;19.7;6.1;70.9;19.4;69.8;;;;;;;;;;;;;;0;;
STK;09.06.2018 00:00;;;;;;;;;966.5;;;;1013.5;1.7;5.2;6.1;18.7;5.1;18.4;;;;;;;;;;;;;;241;;
STK;10.06.2018 00:00;;;;;;;;;966.1;;;;1013;1.9;7.4;6.8;26.6;7.2;25.9;;;;;;;;;;;;;;236;;
STK;11.06.2018 00:00;;;;;;;;;964;;;;1010.9;2.8;16.6;10.1;59.8;15.9;57.2;;;;;;;;;;;;;;238;;
STK;12.06.2018 00:00;;;;;;;;;963.1;;;;1009.8;2.6;9.8;9.4;35.3;9.7;34.9;;;;;;;;;;;;;;242;;
STK;13.06.2018 00:00;;;;;;;;;967;;;;1014;2.4;9.6;8.6;34.6;9.3;33.5;;;;;;;;;;;;;;23;;
STK;14.06.2018 00:00;;;;;;;;;969.8;;;;1016.9;1.7;5.2;6.1;18.7;5;18;;;;;;;;;;;;;;61;;
STK;15.06.2018 00:00;;;;;;;;;970;;;;1017;1.4;5.8;5;20.9;5.7;20.5;;;;;;;;;;;;;;61;;
STK;16.06.2018 00:00;;;;;;;;;969.4;;;;1016.5;1.3;3.2;4.7;11.5;3.1;11.2;;;;;;;;;;;;;;135;;
STK;17.06.2018 00:00;;;;;;;;;972.4;;;;1019.6;1.6;8.1;5.8;29.2;7.9;28.4;;;;;;;;;;;;;;225;;
STK;18.06.2018 00:00;;;;;;;;;976;;;;1023.3;1.1;3.8;4;13.7;3.7;13.3;;;;;;;;;;;;;;90;;
STK;19.06.2018 00:00;;;;;;;;;977.5;;;;1024.9;1.4;3.4;5;12.2;3.4;12.2;;;;;;;;;;;;;;90;;
STK;20.06.2018 00:00;;;;;;;;;973.7;;;;1020.9;1.1;3.7;4;13.3;3.6;13;;;;;;;;;;;;;;90;;
STK;21.06.2018 00:00;;;;;;;;;971.1;;;;1018.2;4.4;14.7;15.8;52.9;14.4;51.8;;;;;;;;;;;;;;283;;
STK;22.06.2018 00:00;;;;;;;;;977.4;;;;1024.8;3.6;9.7;13;34.9;9.6;34.6;;;;;;;;;;;;;;5;;
STK;23.06.2018 00:00;;;;;;;;;977.2;;;;1024.5;2.3;8.2;8.3;29.5;7.9;28.4;;;;;;;;;;;;;;51;;
STK;24.06.2018 00:00;;;;;;;;;973.8;;;;1021;2.7;9.9;9.7;35.6;9.7;34.9;;;;;;;;;;;;;;40;;
STK;25.06.2018 00:00;;;;;;;;;975.1;;;;1022.4;2.2;7.1;7.9;25.6;7;25.2;;;;;;;;;;;;;;43;;
STK;26.06.2018 00:00;;;;;;;;;975.5;;;;1022.8;2.8;8.5;10.1;30.6;8.4;30.2;;;;;;;;;;;;;;57;;
STK;27.06.2018 00:00;;;;;;;;;973.7;;;;1020.9;3.4;10.8;12.2;38.9;10.3;37.1;;;;;;;;;;;;;;59;;
STK;28.06.2018 00:00;;;;;;;;;971.7;;;;1018.9;3.8;13.3;13.7;47.9;12.9;46.4;;;;;;;;;;;;;;66;;
STK;29.06.2018 00:00;;;;;;;;;968.7;;;;1015.7;3.6;9.4;13;33.8;9.3;33.5;;;;;;;;;;;;;;60;;
STK;30.06.2018 00:00;;;;;;;;;966.7;;;;1013.6;1.7;5.9;6.1;21.2;5.6;20.2;;;;;;;;;;;;;;55;;
STK;01.07.2018 00:00;;;;;;;;;967.3;;;;1014.3;3.5;10;12.6;36;9.6;34.6;;;;;;;;;;;;;;50;;
STK;02.07.2018 00:00;;;;;;;;;967.3;;;;1014.3;1.8;5;6.5;18;4.9;17.6;;;;;;;;;;;;;;48;;
STK;03.07.2018 00:00;;;;;;;;;970.2;;;;1017.3;1.9;11.9;6.8;42.8;11.7;42.1;;;;;;;;;;;;;;225;;
STK;04.07.2018 00:00;;;;;;;;;969.8;;;;1016.9;2.1;9.3;7.6;33.5;9.2;33.1;;;;;;;;;;;;;;63;;
STK;05.07.2018 00:00;;;;;;;;;969.3;;;;1016.3;3.4;11.2;12.2;40.3;11;39.6;;;;;;;;;;;;;;235;;
STK;06.07.2018 00:00;;;;;;;;;973.3;;;;1020.5;2.7;7.3;9.7;26.3;7;25.2;;;;;;;;;;;;;;232;;
STK;07.07.2018 00:00;;;;;;;;;975.7;;;;1023;1.4;3.8;5;13.7;3.7;13.3;;;;;;;;;;;;;;82;;
STK;08.07.2018 00:00;;;;;;;;;974.3;;;;1021.5;2;6.9;7.2;24.8;6.9;24.8;;;;;;;;;;;;;;75;;
STK;09.07.2018 00:00;;;;;;;;;972.4;;;;1019.6;1.3;3.8;4.7;13.7;3.7;13.3;;;;;;;;;;;;;;63;;
STK;10.07.2018 00:00;;;;;;;;;969.8;;;;1016.8;2.2;7.8;7.9;28.1;7.4;26.6;;;;;;;;;;;;;;294;;
STK;11.07.2018 00:00;;;;;;;;;970.1;;;;1017.2;2;10.2;7.2;36.7;8.6;31;;;;;;;;;;;;;;301;;
STK;12.07.2018 00:00;;;;;;;;;971.1;;;;1018.3;1.6;5.3;5.8;19.1;5.2;18.7;;;;;;;;;;;;;;60;;
STK;13.07.2018 00:00;;;;;;;;;972.4;;;;1019.6;1.6;12;5.8;43.2;11.8;42.5;;;;;;;;;;;;;;90;;
STK;14.07.2018 00:00;;;;;;;;;971.2;;;;1018.3;1.6;9.6;5.8;34.6;9.4;33.8;;;;;;;;;;;;;;135;;
STK;15.07.2018 00:00;;;;;;;;;969.6;;;;1016.7;2.6;9.8;9.4;35.3;9.4;33.8;;;;;;;;;;;;;;135;;
STK;16.07.2018 00:00;;;;;;;;;967.4;;;;1014.3;2.1;9.2;7.6;33.1;8.8;31.7;;;;;;;;;;;;;;63;;
STK;17.07.2018 00:00;;;;;;;;;970.1;;;;1017.2;2.5;13.8;9;49.7;13;46.8;;;;;;;;;;;;;;243;;
STK;18.07.2018 00:00;;;;;;;;;970.6;;;;1017.7;2.1;6.6;7.6;23.8;6.5;23.4;;;;;;;;;;;;;;67;;
STK;19.07.2018 00:00;;;;;;;;;969.6;;;;1016.6;1.1;3.2;4;11.5;3.2;11.5;;;;;;;;;;;;;;51;;
STK;20.07.2018 00:00;;;;;;;;;967.3;;;;1014.2;2.2;10.3;7.9;37.1;10.2;36.7;;;;;;;;;;;;;;243;;
STK;21.07.2018 00:00;;;;;;;;;967.1;;;;1014;4.2;12.2;15.1;43.9;11.9;42.8;;;;;;;;;;;;;;243;;
STK;22.07.2018 00:00;;;;;;;;;969;;;;1016;2.1;8.3;7.6;29.9;7.8;28.1;;;;;;;;;;;;;;228;;
STK;23.07.2018 00:00;;;;;;;;;970.9;;;;1018;1.6;5.3;5.8;19.1;5.2;18.7;;;;;;;;;;;;;;69;;
STK;24.07.2018 00:00;;;;;;;;;968.2;;;;1015.2;1.6;6;5.8;21.6;5.8;20.9;;;;;;;;;;;;;;51;;
STK;25.07.2018 00:00;;;;;;;;;968.8;;;;1015.8;1.9;7.9;6.8;28.4;7.8;28.1;;;;;;;;;;;;;;66;;
STK;26.07.2018 00:00;;;;;;;;;968.3;;;;1015.3;2.1;7.8;7.6;28.1;7.6;27.4;;;;;;;;;;;;;;68;;
STK;27.07.2018 00:00;;;;;;;;;966.2;;;;1013.1;1.6;5.4;5.8;19.4;5.3;19.1;;;;;;;;;;;;;;72;;
STK;28.07.2018 00:00;;;;;;;;;967;;;;1014;3.4;15.7;12.2;56.5;15.3;55.1;;;;;;;;;;;;;;234;;
STK;29.07.2018 00:00;;;;;;;;;969.1;;;;1016.2;1.8;5.5;6.5;19.8;5.4;19.4;;;;;;;;;;;;;;90;;
STK;30.07.2018 00:00;;;;;;;;;970;;;;1017.1;1.7;4.6;6.1;16.6;4.6;16.6;;;;;;;;;;;;;;83;;
STK;31.07.2018 00:00;;;;;;;;;970.4;;;;1017.5;1.5;3.7;5.4;13.3;3.6;13;;;;;;;;;;;;;;83;;
STK;01.08.2018 00:00;;;;;;;;;972.2;;;;1019.3;2.3;12.1;8.3;43.6;11.8;42.5;;;;;;;;;;;;;;52;;
STK;02.08.2018 00:00;;;;;;;;;974.6;;;;1021.9;2.1;8.1;7.6;29.2;8;28.8;;;;;;;;;;;;;;62;;
STK;03.08.2018 00:00;;;;;;;;;972.4;;;;1019.6;2.2;9.1;7.9;32.8;9;32.4;;;;;;;;;;;;;;63;;
STK;04.08.2018 00:00;;;;;;;;;971.3;;;;1018.4;1.6;7.2;5.8;25.9;7;25.2;;;;;;;;;;;;;;82;;
STK;05.08.2018 00:00;;;;;;;;;971.3;;;;1018.4;2.3;8.5;8.3;30.6;8.4;30.2;;;;;;;;;;;;;;57;;
STK;06.08.2018 00:00;;;;;;;;;969.7;;;;1016.8;1.9;18.8;6.8;67.7;17.7;63.7;;;;;;;;;;;;;;104;;
STK;07.08.2018 00:00;;;;;;;;;967.7;;;;1014.7;2.1;10.7;7.6;38.5;10.4;37.4;;;;;;;;;;;;;;106;;
STK;08.08.2018 00:00;;;;;;;;;968.8;;;;1015.8;1.8;8.4;6.5;30.2;8.2;29.5;;;;;;;;;;;;;;214;;
STK;09.08.2018 00:00;;;;;;;;;969.3;;;;1016.4;3.8;17.3;13.7;62.3;16.8;60.5;;;;;;;;;;;;;;238;;
STK;10.08.2018 00:00;;;;;;;;;977.1;;;;1024.5;3;12.1;10.8;43.6;12;43.2;;;;;;;;;;;;;;231;;
STK;11.08.2018 00:00;;;;;;;;;976.6;;;;1023.9;2.5;8.4;9;30.2;8.2;29.5;;;;;;;;;;;;;;225;;
STK;12.08.2018 00:00;;;;;;;;;970;;;;1017;1.7;8.4;6.1;30.2;8.3;29.9;;;;;;;;;;;;;;221;;
STK;13.08.2018 00:00;;;;;;;;;966.1;;;;1013;3.5;13.6;12.6;49;13.3;47.9;;;;;;;;;;;;;;229;;
STK;14.08.2018 00:00;;;;;;;;;970.3;;;;1017.4;2.8;6.6;10.1;23.8;6.5;23.4;;;;;;;;;;;;;;228;;
STK;15.08.2018 00:00;;;;;;;;;973.6;;;;1020.9;1.5;4.4;5.4;15.8;4.2;15.1;;;;;;;;;;;;;;97;;
STK;16.08.2018 00:00;;;;;;;;;970.1;;;;1017.2;1.3;3.7;4.7;13.3;3.6;13;;;;;;;;;;;;;;117;;
STK;17.08.2018 00:00;;;;;;;;;970.3;;;;1017.3;3;19.5;10.8;70.2;18.9;68;;;;;;;;;;;;;;233;;
STK;18.08.2018 00:00;;;;;;;;;974.3;;;;1021.6;1.3;5.6;4.7;20.2;5.4;19.4;;;;;;;;;;;;;;53;;
STK;19.08.2018 00:00;;;;;;;;;974.1;;;;1021.4;1.3;6.2;4.7;22.3;6.1;22;;;;;;;;;;;;;;135;;
STK;20.08.2018 00:00;;;;;;;;;973;;;;1020.1;1.6;6;5.8;21.6;5.9;21.2;;;;;;;;;;;;;;50;;
STK;21.08.2018 00:00;;;;;;;;;972.1;;;;1019.3;1.1;3.4;4;12.2;3.4;12.2;;;;;;;;;;;;;;63;;
STK;22.08.2018 00:00;;;;;;;;;970.7;;;;1017.8;1.8;5.5;6.5;19.8;5.5;19.8;;;;;;;;;;;;;;108;;
STK;23.08.2018 00:00;;;;;;;;;968.6;;;;1015.7;2.8;15.1;10.1;54.4;14.8;53.3;;;;;;;;;;;;;;239;;
STK;24.08.2018 00:00;;;;;;;;;968;;;;1015;4.8;13.8;17.3;49.7;13.3;47.9;;;;;;;;;;;;;;249;;
STK;25.08.2018 00:00;;;;;;;;;968.9;;;;1015.9;4.4;12.6;15.8;45.4;11.8;42.5;;;;;;;;;;;;;;242;;
STK;26.08.2018 00:00;;;;;;;;;971.1;;;;1018.2;1.9;5.5;6.8;19.8;5.4;19.4;;;;;;;;;;;;;;162;;
STK;27.08.2018 00:00;;;;;;;;;970.7;;;;1017.8;2.7;9.5;9.7;34.2;9.4;33.8;;;;;;;;;;;;;;235;;
STK;28.08.2018 00:00;;;;;;;;;971.7;;;;1018.8;1.5;4.4;5.4;15.8;4.4;15.8;;;;;;;;;;;;;;83;;
STK;29.08.2018 00:00;;;;;;;;;969.4;;;;1016.5;4.3;17.6;15.5;63.4;17.2;61.9;;;;;;;;;;;;;;235;;
STK;30.08.2018 00:00;;;;;;;;;973.5;;;;1020.7;3.6;12.7;13;45.7;12.5;45;;;;;;;;;;;;;;240;;
STK;31.08.2018 00:00;;;;;;;;;972.4;;;;1019.6;3.1;8.4;11.2;30.2;7.8;28.1;;;;;;;;;;;;;;9;;
STK;01.09.2018 00:00;;;;;;;;;975.8;;;;1023.1;2.5;8.6;9;31;8.3;29.9;;;;;;;;;;;;;;22;;
STK;02.09.2018 00:00;;;;;;;;;973.6;;;;1020.8;2.2;7.4;7.9;26.6;7.2;25.9;;;;;;;;;;;;;;33;;
STK;03.09.2018 00:00;;;;;;;;;970;;;;1017.1;1.1;4;4;14.4;3.9;14;;;;;;;;;;;;;;72;;
STK;04.09.2018 00:00;;;;;;;;;970.1;;;;1017.2;1.6;6.8;5.8;24.5;6.6;23.8;;;;;;;;;;;;;;75;;
STK;05.09.2018 00:00;;;;;;;;;969.8;;;;1016.9;1.2;4.5;4.3;16.2;4.4;15.8;;;;;;;;;;;;;;153;;
STK;06.09.2018 00:00;;;;;;;;;966.4;;;;1013.4;3.3;9.9;11.9;35.6;9.7;34.9;;;;;;;;;;;;;;237;;
STK;07.09.2018 00:00;;;;;;;;;969.6;;;;1016.6;4.3;10.1;15.5;36.4;9.7;34.9;;;;;;;;;;;;;;243;;
STK;08.09.2018 00:00;;;;;;;;;974;;;;1021.2;1.6;4;5.8;14.4;3.9;14;;;;;;;;;;;;;;90;;
STK;09.09.2018 00:00;;;;;;;;;975.3;;;;1022.5;1.5;4.1;5.4;14.8;4.1;14.8;;;;;;;;;;;;;;198;;
STK;10.09.2018 00:00;;;;;;;;;977.2;;;;1024.6;1.2;3.1;4.3;11.2;3;10.8;;;;;;;;;;;;;;180;;
STK;11.09.2018 00:00;;;;;;;;;978.5;;;;1025.9;1.7;6.1;6.1;22;5.9;21.2;;;;;;;;;;;;;;222;;
STK;12.09.2018 00:00;;;;;;;;;975.2;;;;1022.4;1.5;10.3;5.4;37.1;10;36;;;;;;;;;;;;;;214;;
STK;13.09.2018 00:00;;;;;;;;;972.2;;;;1019.4;1.7;9.5;6.1;34.2;9.3;33.5;;;;;;;;;;;;;;18;;
STK;14.09.2018 00:00;;;;;;;;;973.2;;;;1020.4;1.2;4.3;4.3;15.5;3.9;14;;;;;;;;;;;;;;81;;
STK;15.09.2018 00:00;;;;;;;;;976.8;;;;1024.2;1.3;4.3;4.7;15.5;4.3;15.5;;;;;;;;;;;;;;63;;
STK;16.09.2018 00:00;;;;;;;;;975.7;;;;1023;1.1;3.1;4;11.2;3;10.8;;;;;;;;;;;;;;149;;
STK;17.09.2018 00:00;;;;;;;;;973.7;;;;1020.9;1.4;4;5;14.4;3.9;14;;;;;;;;;;;;;;127;;
STK;18.09.2018 00:00;;;;;;;;;972.2;;;;1019.4;1.9;13.9;6.8;50;13.4;48.2;;;;;;;;;;;;;;225;;
STK;19.09.2018 00:00;;;;;;;;;974.6;;;;1021.8;1.2;3.4;4.3;12.2;3.3;11.9;;;;;;;;;;;;;;135;;
STK;20.09.2018 00:00;;;;;;;;;972.9;;;;1020.1;1.5;3.3;5.4;11.9;3.3;11.9;;;;;;;;;;;;;;127;;
STK;21.09.2018 00:00;;;;;;;;;969.7;;;;1016.7;3.5;15.5;12.6;55.8;15.1;54.4;;;;;;;;;;;;;;239;;
STK;22.09.2018 00:00;;;;;;;;;976.1;;;;1023.4;2;7.2;7.2;25.9;7;25.2;;;;;;;;;;;;;;227;;
STK;23.09.2018 00:00;;;;;;;;;970.1;;;;1017.2;6.9;27.2;24.8;97.9;23.8;85.7;;;;;;;;;;;;;;244;;
STK;24.09.2018 00:00;;;;;;;;;984.3;;;;1032;2.4;9.7;8.6;34.9;9.3;33.5;;;;;;;;;;;;;;39;;
STK;25.09.2018 00:00;;;;;;;;;987.6;;;;1035.4;5.8;13.7;20.9;49.3;13;46.8;;;;;;;;;;;;;;61;;
STK;26.09.2018 00:00;;;;;;;;;986.6;;;;1034.4;1.6;5;5.8;18;5;18;;;;;;;;;;;;;;158;;
STK;27.09.2018 00:00;;;;;;;;;981.4;;;;1028.9;1.4;3.7;5;13.3;3.6;13;;;;;;;;;;;;;;158;;
STK;28.09.2018 00:00;;;;;;;;;975.2;;;;1022.5;2.9;14.3;10.4;51.5;14;50.4;;;;;;;;;;;;;;47;;
STK;29.09.2018 00:00;;;;;;;;;975.4;;;;1022.7;6.1;12.1;22;43.6;11.5;41.4;;;;;;;;;;;;;;54;;
STK;30.09.2018 00:00;;;;;;;;;970.3;;;;1017.4;2.6;13.5;9.4;48.6;12.9;46.4;;;;;;;;;;;;;;207;;
STK;01.10.2018 00:00;;;;;;;;;971;;;;1018.1;3.6;9.4;13;33.8;9.2;33.1;;;;;;;;;;;;;;248;;
STK;02.10.2018 00:00;;;;;;;;;977.2;;;;1024.5;4.3;14.3;15.5;51.5;14.2;51.1;;;;;;;;;;;;;;235;;
STK;03.10.2018 00:00;;;;;;;;;979.5;;;;1026.9;2.9;11.6;10.4;41.8;11.2;40.3;;;;;;;;;;;;;;227;;
STK;04.10.2018 00:00;;;;;;;;;978.6;;;;1026.1;2.2;7.2;7.9;25.9;7;25.2;;;;;;;;;;;;;;55;;
STK;05.10.2018 00:00;;;;;;;;;973.7;;;;1020.9;1.5;4.3;5.4;15.5;4.2;15.1;;;;;;;;;;;;;;108;;
STK;06.10.2018 00:00;;;;;;;;;967.4;;;;1014.4;0.9;3.6;3.2;13;3.4;12.2;;;;;;;;;;;;;;108;;
STK;07.10.2018 00:00;;;;;;;;;968.2;;;;1015.2;1.3;5;4.7;18;4.8;17.3;;;;;;;;;;;;;;82;;
STK;08.10.2018 00:00;;;;;;;;;972.9;;;;1020.1;1.5;6.6;5.4;23.8;6.5;23.4;;;;;;;;;;;;;;63;;
STK;09.10.2018 00:00;;;;;;;;;974.6;;;;1021.8;0.9;3.9;3.2;14;3.8;13.7;;;;;;;;;;;;;;56;;
STK;10.10.2018 00:00;;;;;;;;;970.2;;;;1017.3;1.9;5.6;6.8;20.2;5.5;19.8;;;;;;;;;;;;;;55;;
STK;11.10.2018 00:00;;;;;;;;;969.2;;;;1016.2;2;6.9;7.2;24.8;6.8;24.5;;;;;;;;;;;;;;225;;
STK;12.10.2018 00:00;;;;;;;;;976.6;;;;1024;1.4;4.2;5;15.1;4;14.4;;;;;;;;;;;;;;202;;
STK;13.10.2018 00:00;;;;;;;;;974.2;;;;1021.4;1;2.9;3.6;10.4;2.9;10.4;;;;;;;;;;;;;;202;;
STK;14.10.2018 00:00;;;;;;;;;967.5;;;;1014.5;1.1;3.6;4;13;3.6;13;;;;;;;;;;;;;;207;;
STK;15.10.2018 00:00;;;;;;;;;967.8;;;;1014.8;1.2;2.7;4.3;9.7;2.7;9.7;;;;;;;;;;;;;;169;;
STK;16.10.2018 00:00;;;;;;;;;972;;;;1019.1;1.2;3;4.3;10.8;2.9;10.4;;;;;;;;;;;;;;180;;
STK;17.10.2018 00:00;;;;;;;;;971.8;;;;1018.9;1;3.6;3.6;13;3.6;13;;;;;;;;;;;;;;146;;
STK;18.10.2018 00:00;;;;;;;;;972;;;;1019.1;1.5;8.9;5.4;32;8.8;31.7;;;;;;;;;;;;;;77;;
STK;19.10.2018 00:00;;;;;;;;;974.9;;;;1022.1;1.1;3.4;4;12.2;3.3;11.9;;;;;;;;;;;;;;104;;
STK;20.10.2018 00:00;;;;;;;;;980.3;;;;1027.8;1.2;4.3;4.3;15.5;4.2;15.1;;;;;;;;;;;;;;108;;
STK;21.10.2018 00:00;;;;;;;;;979;;;;1026.5;2.1;10;7.6;36;9.7;34.9;;;;;;;;;;;;;;72;;
STK;22.10.2018 00:00;;;;;;;;;980.1;;;;1027.6;1.6;7.3;5.8;26.3;7.2;25.9;;;;;;;;;;;;;;90;;
STK;23.10.2018 00:00;;;;;;;;;981;;;;1028.5;3.6;11.4;13;41;10.9;39.2;;;;;;;;;;;;;;227;;
STK;24.10.2018 00:00;;;;;;;;;978.5;;;;1025.9;5.5;13.4;19.8;48.2;12.9;46.4;;;;;;;;;;;;;;239;;
STK;25.10.2018 00:00;;;;;;;;;973.1;;;;1020.3;1.9;5.7;6.8;20.5;5.6;20.2;;;;;;;;;;;;;;225;;
STK;26.10.2018 00:00;;;;;;;;;964.6;;;;1011.5;3.9;10.1;14;36.4;9.9;35.6;;;;;;;;;;;;;;240;;
STK;27.10.2018 00:00;;;;;;;;;961;;;;1007.7;4.2;11.8;15.1;42.5;10.9;39.2;;;;;;;;;;;;;;47;;
STK;28.10.2018 00:00;;;;;;;;;957.5;;;;1004.1;7.5;14;27;50.4;13.6;49;;;;;;;;;;;;;;58;;
STK;29.10.2018 00:00;;;;;;;;;948.5;;;;994.8;4.9;11.2;17.6;40.3;11;39.6;;;;;;;;;;;;;;47;;
STK;30.10.2018 00:00;;;;;;;;;954.6;;;;1001.1;5;15.4;18;55.4;15;54;;;;;;;;;;;;;;230;;
STK;31.10.2018 00:00;;;;;;;;;966.9;;;;1013.9;1.5;4.5;5.4;16.2;4.4;15.8;;;;;;;;;;;;;;50;;
STK;01.11.2018 00:00;;;;;;;;;966.6;;;;1013.6;2.8;11.8;10.1;42.5;11.6;41.8;;;;;;;;;;;;;;231;;
STK;02.11.2018 00:00;;;;;;;;;975.2;;;;1022.5;1;3.6;3.6;13;3.5;12.6;;;;;;;;;;;;;;0;;
STK;03.11.2018 00:00;;;;;;;;;976.6;;;;1023.9;3.3;9.7;11.9;34.9;9.4;33.8;;;;;;;;;;;;;;50;;
STK;04.11.2018 00:00;;;;;;;;;968.7;;;;1015.7;1.5;5.6;5.4;20.2;5.5;19.8;;;;;;;;;;;;;;55;;
STK;05.11.2018 00:00;;;;;;;;;963;;;;1009.7;1.2;3.8;4.3;13.7;3.7;13.3;;;;;;;;;;;;;;256;;
STK;06.11.2018 00:00;;;;;;;;;962.1;;;;1008.9;1.7;10;6.1;36;9.4;33.8;;;;;;;;;;;;;;228;;
STK;07.11.2018 00:00;;;;;;;;;966.5;;;;1013.4;1.6;6.3;5.8;22.7;6.1;22;;;;;;;;;;;;;;225;;
STK;08.11.2018 00:00;;;;;;;;;973;;;;1020.2;2.1;6.3;7.6;22.7;6.2;22.3;;;;;;;;;;;;;;45;;
STK;09.11.2018 00:00;;;;;;;;;968.9;;;;1015.9;1;5.8;3.6;20.9;5.6;20.2;;;;;;;;;;;;;;90;;
STK;10.11.2018 00:00;;;;;;;;;964.6;;;;1011.4;1.3;4.9;4.7;17.6;4.8;17.3;;;;;;;;;;;;;;207;;
STK;11.11.2018 00:00;;;;;;;;;968.1;;;;1015.1;1.4;6.3;5;22.7;6.1;22;;;;;;;;;;;;;;198;;
STK;12.11.2018 00:00;;;;;;;;;972.5;;;;1019.7;1.4;8.1;5;29.2;8;28.8;;;;;;;;;;;;;;225;;
STK;13.11.2018 00:00;;;;;;;;;981.2;;;;1028.7;2;8.1;7.2;29.2;7.8;28.1;;;;;;;;;;;;;;230;;
STK;14.11.2018 00:00;;;;;;;;;982;;;;1029.5;1.6;4.8;5.8;17.3;4.6;16.6;;;;;;;;;;;;;;360;;
STK;15.11.2018 00:00;;;;;;;;;979.5;;;;1026.9;1.2;6.2;4.3;22.3;5.7;20.5;;;;;;;;;;;;;;117;;
STK;16.11.2018 00:00;;;;;;;;;978.9;;;;1026.3;3.8;11.1;13.7;40;10.9;39.2;;;;;;;;;;;;;;59;;
STK;17.11.2018 00:00;;;;;;;;;976.7;;;;1024.1;6.8;14;24.5;50.4;13;46.8;;;;;;;;;;;;;;58;;
STK;18.11.2018 00:00;;;;;;;;;973.3;;;;1020.5;3.5;10;12.6;36;9.8;35.3;;;;;;;;;;;;;;61;;
STK;19.11.2018 00:00;;;;;;;;;961.9;;;;1008.6;8.1;15.7;29.2;56.5;15.2;54.7;;;;;;;;;;;;;;58;;
STK;20.11.2018 00:00;;;;;;;;;959;;;;1005.6;1.9;7.5;6.8;27;7.3;26.3;;;;;;;;;;;;;;61;;
STK;21.11.2018 00:00;;;;;;;;;966.9;;;;1013.9;2;4.7;7.2;16.9;4.6;16.6;;;;;;;;;;;;;;352;;
STK;22.11.2018 00:00;;;;;;;;;972.2;;;;1019.3;1.2;3.7;4.3;13.3;3.6;13;;;;;;;;;;;;;;198;;
STK;23.11.2018 00:00;;;;;;;;;970;;;;1017.1;1.8;5.9;6.5;21.2;5.8;20.9;;;;;;;;;;;;;;360;;
STK;24.11.2018 00:00;;;;;;;;;967;;;;1013.9;1.7;8.2;6.1;29.5;8.1;29.2;;;;;;;;;;;;;;230;;
STK;25.11.2018 00:00;;;;;;;;;961.2;;;;1007.9;1.9;6.7;6.8;24.1;6.5;23.4;;;;;;;;;;;;;;28;;
STK;26.11.2018 00:00;;;;;;;;;960.3;;;;1007;1.4;4.4;5;15.8;4.3;15.5;;;;;;;;;;;;;;353;;
STK;27.11.2018 00:00;;;;;;;;;971.3;;;;1018.4;1.4;3.7;5;13.3;3.6;13;;;;;;;;;;;;;;228;;
STK;28.11.2018 00:00;;;;;;;;;976.4;;;;1023.7;0.9;3;3.2;10.8;2.9;10.4;;;;;;;;;;;;;;112;;
STK;29.11.2018 00:00;;;;;;;;;972.7;;;;1019.9;1.1;5.1;4;18.4;5;18;;;;;;;;;;;;;;180;;
STK;30.11.2018 00:00;;;;;;;;;969.7;;;;1016.8;1.5;4.8;5.4;17.3;4.7;16.9;;;;;;;;;;;;;;228;;
STK;01.12.2018 00:00;;;;;;;;;970.7;;;;1017.8;1.9;6;6.8;21.6;5.6;20.2;;;;;;;;;;;;;;220;;
STK;02.12.2018 00:00;;;;;;;;;964.6;;;;1011.4;6.5;14.9;23.4;53.6;14.5;52.2;;;;;;;;;;;;;;229;;
STK;03.12.2018 00:00;;;;;;;;;963.6;;;;1010.4;8.3;19;29.9;68.4;18.4;66.2;;;;;;;;;;;;;;229;;
STK;04.12.2018 00:00;;;;;;;;;973.6;;;;1020.8;3.8;14.9;13.7;53.6;14.6;52.6;;;;;;;;;;;;;;238;;
STK;05.12.2018 00:00;;;;;;;;;976.6;;;;1024;1;3.9;3.6;14;3.8;13.7;;;;;;;;;;;;;;45;;
STK;06.12.2018 00:00;;;;;;;;;974.8;;;;1022;3.1;9.4;11.2;33.8;9.1;32.8;;;;;;;;;;;;;;237;;
STK;07.12.2018 00:00;;;;;;;;;968.8;;;;1015.8;6.2;20.5;22.3;73.8;20.2;72.7;;;;;;;;;;;;;;240;;
STK;08.12.2018 00:00;;;;;;;;;968.3;;;;1015.3;10;22.5;36;81;21.9;78.8;;;;;;;;;;;;;;231;;
STK;09.12.2018 00:00;;;;;;;;;963.2;;;;1010.1;10.7;25.1;38.5;90.4;24.7;88.9;;;;;;;;;;;;;;244;;
STK;10.12.2018 00:00;;;;;;;;;975.4;;;;1022.7;5.4;13.5;19.4;48.6;13.1;47.2;;;;;;;;;;;;;;251;;
STK;11.12.2018 00:00;;;;;;;;;976.6;;;;1023.9;2;5.8;7.2;20.9;5.8;20.9;;;;;;;;;;;;;;216;;
STK;12.12.2018 00:00;;;;;;;;;973.9;;;;1021.1;3.2;12.4;11.5;44.6;11.6;41.8;;;;;;;;;;;;;;64;;
STK;13.12.2018 00:00;;;;;;;;;967;;;;1013.9;4.6;10;16.6;36;9.9;35.6;;;;;;;;;;;;;;59;;
STK;14.12.2018 00:00;;;;;;;;;971.1;;;;1018.3;3;8.2;10.8;29.5;7.9;28.4;;;;;;;;;;;;;;56;;
STK;15.12.2018 00:00;;;;;;;;;974.7;;;;1021.9;1.9;7.1;6.8;25.6;6.9;24.8;;;;;;;;;;;;;;67;;
STK;16.12.2018 00:00;;;;;;;;;967.8;;;;1014.8;1.4;5.5;5;19.8;5.4;19.4;;;;;;;;;;;;;;333;;
STK;17.12.2018 00:00;;;;;;;;;976.2;;;;1023.5;2.3;8.1;8.3;29.2;8.1;29.2;;;;;;;;;;;;;;238;;
STK;18.12.2018 00:00;;;;;;;;;977.1;;;;1024.4;1.5;6.5;5.4;23.4;6.3;22.7;;;;;;;;;;;;;;262;;
STK;19.12.2018 00:00;;;;;;;;;971;;;;1018.2;1.5;6.8;5.4;24.5;6.7;24.1;;;;;;;;;;;;;;219;;
STK;20.12.2018 00:00;;;;;;;;;972.5;;;;1019.6;3.9;11.6;14;41.8;11.5;41.4;;;;;;;;;;;;;;234;;
STK;21.12.2018 00:00;;;;;;;;;970.4;;;;1017.5;7.4;18.8;26.6;67.7;17.5;63;;;;;;;;;;;;;;224;;
STK;22.12.2018 00:00;;;;;;;;;973.3;;;;1020.5;9.4;21.8;33.8;78.5;21.3;76.7;;;;;;;;;;;;;;236;;
STK;23.12.2018 00:00;;;;;;;;;975.9;;;;1023.2;7.5;22.1;27;79.6;21;75.6;;;;;;;;;;;;;;232;;
STK;24.12.2018 00:00;;;;;;;;;979.6;;;;1027;3.8;21.9;13.7;78.8;20.2;72.7;;;;;;;;;;;;;;249;;
STK;25.12.2018 00:00;;;;;;;;;987;;;;1034.7;1.2;5.8;4.3;20.9;5.5;19.8;;;;;;;;;;;;;;0;;
STK;26.12.2018 00:00;;;;;;;;;984.9;;;;1032.6;1.2;4.7;4.3;16.9;4.6;16.6;;;;;;;;;;;;;;360;;
STK;27.12.2018 00:00;;;;;;;;;980.7;;;;1028.2;1.4;4.8;5;17.3;4.7;16.9;;;;;;;;;;;;;;270;;
STK;28.12.2018 00:00;;;;;;;;;981.6;;;;1029.1;1.7;4.9;6.1;17.6;4.8;17.3;;;;;;;;;;;;;;265;;
STK;29.12.2018 00:00;;;;;;;;;985.6;;;;1033.3;2.8;11.7;10.1;42.1;11.2;40.3;;;;;;;;;;;;;;254;;
STK;30.12.2018 00:00;;;;;;;;;986.7;;;;1034.5;4.5;12.8;16.2;46.1;12.2;43.9;;;;;;;;;;;;;;237;;
STK;31.12.2018 00:00;;;;;;;;;986.5;;;;1034.2;1.7;5.4;6.1;19.4;5.3;19.1;;;;;;;;;;;;;;225;;
STK;01.01.2019 00:00;;;;;;;;;983.5;;;;1031.1;4.6;13.3;16.6;47.9;12.8;46.1;;;;;;;;;;;;;;232;;
STK;02.01.2019 00:00;;;;;;;;;984.9;;;;1032.6;3.7;14.9;13.3;53.6;14.1;50.8;;;;;;;;;;;;;;270;;
STK;03.01.2019 00:00;;;;;;;;;988.8;;;;1036.6;1.7;7;6.1;25.2;6.9;24.8;;;;;;;;;;;;;;212;;
STK;04.01.2019 00:00;;;;;;;;;987.8;;;;1035.5;1.6;6.3;5.8;22.7;6.2;22.3;;;;;;;;;;;;;;225;;
STK;05.01.2019 00:00;;;;;;;;;983.8;;;;1031.4;5.6;11.5;20.2;41.4;11.1;40;;;;;;;;;;;;;;234;;
STK;06.01.2019 00:00;;;;;;;;;984.1;;;;1031.7;4;9.3;14.4;33.5;9.2;33.1;;;;;;;;;;;;;;239;;
STK;07.01.2019 00:00;;;;;;;;;984.7;;;;1032.3;2.3;11.9;8.3;42.8;11.5;41.4;;;;;;;;;;;;;;223;;
STK;08.01.2019 00:00;;;;;;;;;973.5;;;;1020.7;9.2;16.7;33.1;60.1;15.9;57.2;;;;;;;;;;;;;;239;;
STK;09.01.2019 00:00;;;;;;;;;968;;;;1015;4.2;12.7;15.1;45.7;12.5;45;;;;;;;;;;;;;;255;;
STK;10.01.2019 00:00;;;;;;;;;974.3;;;;1021.5;2.3;5.5;8.3;19.8;5.4;19.4;;;;;;;;;;;;;;255;;
STK;11.01.2019 00:00;;;;;;;;;978.2;;;;1025.6;3.3;10;11.9;36;9.8;35.3;;;;;;;;;;;;;;231;;
STK;12.01.2019 00:00;;;;;;;;;976.3;;;;1023.6;6.4;17.5;23;63;16.6;59.8;;;;;;;;;;;;;;228;;
STK;13.01.2019 00:00;;;;;;;;;965.4;;;;1012.3;10.1;21.2;36.4;76.3;20.4;73.4;;;;;;;;;;;;;;232;;
STK;14.01.2019 00:00;;;;;;;;;966.9;;;;1013.8;5.4;15.2;19.4;54.7;15;54;;;;;;;;;;;;;;247;;
STK;15.01.2019 00:00;;;;;;;;;975.5;;;;1022.8;2.6;9;9.4;32.4;8.9;32;;;;;;;;;;;;;;233;;
STK;16.01.2019 00:00;;;;;;;;;968.2;;;;1015.2;1;6.9;3.6;24.8;6.7;24.1;;;;;;;;;;;;;;180;;
STK;17.01.2019 00:00;;;;;;;;;963.8;;;;1010.6;6.4;17.2;23;61.9;16.8;60.5;;;;;;;;;;;;;;236;;
STK;18.01.2019 00:00;;;;;;;;;970.6;;;;1017.7;1.9;7;6.8;25.2;6.8;24.5;;;;;;;;;;;;;;108;;
STK;19.01.2019 00:00;;;;;;;;;967.8;;;;1014.8;0.9;3.2;3.2;11.5;3.1;11.2;;;;;;;;;;;;;;162;;
STK;20.01.2019 00:00;;;;;;;;;967.3;;;;1014.2;1;3.3;3.6;11.9;3.2;11.5;;;;;;;;;;;;;;108;;
STK;21.01.2019 00:00;;;;;;;;;971.2;;;;1018.3;1.2;3.9;4.3;14;3.7;13.3;;;;;;;;;;;;;;31;;
STK;22.01.2019 00:00;;;;;;;;;962.5;;;;1009.3;1.2;4.8;4.3;17.3;4.7;16.9;;;;;;;;;;;;;;186;;
STK;23.01.2019 00:00;;;;;;;;;951.4;;;;997.7;1.9;8.6;6.8;31;8.6;31;;;;;;;;;;;;;;75;;
STK;24.01.2019 00:00;;;;;;;;;961.2;;;;1007.9;1.4;5.3;5;19.1;5.1;18.4;;;;;;;;;;;;;;338;;
STK;25.01.2019 00:00;;;;;;;;;969.5;;;;1016.6;2.9;7.7;10.4;27.7;7.6;27.4;;;;;;;;;;;;;;242;;
STK;26.01.2019 00:00;;;;;;;;;966;;;;1013;5.4;12.4;19.4;44.6;11.8;42.5;;;;;;;;;;;;;;234;;
STK;27.01.2019 00:00;;;;;;;;;950;;;;996.3;5.5;18.4;19.8;66.2;17.8;64.1;;;;;;;;;;;;;;234;;
STK;28.01.2019 00:00;;;;;;;;;955.1;;;;1001.6;8.6;18.5;31;66.6;17.5;63;;;;;;;;;;;;;;232;;
STK;29.01.2019 00:00;;;;;;;;;958.4;;;;1005;2.3;8.6;8.3;31;8.3;29.9;;;;;;;;;;;;;;233;;
STK;30.01.2019 00:00;;;;;;;;;950.9;;;;997.2;5;21.4;18;77;20.4;73.4;;;;;;;;;;;;;;234;;
STK;31.01.2019 00:00;;;;;;;;;950.5;;;;996.8;1.8;7.1;6.5;25.6;6.9;24.8;;;;;;;;;;;;;;63;;
STK;01.02.2019 00:00;;;;;;;;;944.8;;;;990.9;1.3;5.4;4.7;19.4;5.1;18.4;;;;;;;;;;;;;;207;;
STK;02.02.2019 00:00;;;;;;;;;950.5;;;;996.8;1.3;4.6;4.7;16.6;4.4;15.8;;;;;;;;;;;;;;256;;
STK;03.02.2019 00:00;;;;;;;;;968.3;;;;1015.3;1.3;5.9;4.7;21.2;5.8;20.9;;;;;;;;;;;;;;297;;
STK;04.02.2019 00:00;;;;;;;;;980.5;;;;1028;1;3;3.6;10.8;3;10.8;;;;;;;;;;;;;;207;;
STK;05.02.2019 00:00;;;;;;;;;981.3;;;;1028.8;1.2;3.8;4.3;13.7;3.7;13.3;;;;;;;;;;;;;;211;;
STK;06.02.2019 00:00;;;;;;;;;979.1;;;;1026.5;1.3;4.8;4.7;17.3;4.7;16.9;;;;;;;;;;;;;;252;;
STK;07.02.2019 00:00;;;;;;;;;972.1;;;;1019.3;2.6;7.9;9.4;28.4;7.8;28.1;;;;;;;;;;;;;;225;;
STK;08.02.2019 00:00;;;;;;;;;971.8;;;;1018.9;1.6;5.6;5.8;20.2;5.5;19.8;;;;;;;;;;;;;;196;;
STK;09.02.2019 00:00;;;;;;;;;968.2;;;;1015.2;4.9;17.6;17.6;63.4;16.9;60.8;;;;;;;;;;;;;;235;;
STK;10.02.2019 00:00;;;;;;;;;960.4;;;;1007.1;6.4;25.4;23;91.4;24.8;89.3;;;;;;;;;;;;;;239;;
STK;11.02.2019 00:00;;;;;;;;;973.7;;;;1020.9;6.3;14;22.7;50.4;13.6;49;;;;;;;;;;;;;;243;;
STK;12.02.2019 00:00;;;;;;;;;986.8;;;;1034.6;2.7;7.6;9.7;27.4;7.4;26.6;;;;;;;;;;;;;;240;;
STK;13.02.2019 00:00;;;;;;;;;988.8;;;;1036.6;1;3.1;3.6;11.2;3;10.8;;;;;;;;;;;;;;124;;
STK;14.02.2019 00:00;;;;;;;;;988.5;;;;1036.3;1;3.7;3.6;13.3;3.6;13;;;;;;;;;;;;;;104;;
STK;15.02.2019 00:00;;;;;;;;;985;;;;1032.7;1.2;5.8;4.3;20.9;5.6;20.2;;;;;;;;;;;;;;135;;
STK;16.02.2019 00:00;;;;;;;;;982.3;;;;1029.9;0.9;2.8;3.2;10.1;2.7;9.7;;;;;;;;;;;;;;108;;
STK;17.02.2019 00:00;;;;;;;;;978.9;;;;1026.3;0.8;3.2;2.9;11.5;3.1;11.2;;;;;;;;;;;;;;117;;
STK;18.02.2019 00:00;;;;;;;;;974.5;;;;1021.8;1.1;3.1;4;11.2;3;10.8;;;;;;;;;;;;;;108;;
STK;19.02.2019 00:00;;;;;;;;;974.6;;;;1021.9;1.5;6.2;5.4;22.3;6;21.6;;;;;;;;;;;;;;230;;
STK;20.02.2019 00:00;;;;;;;;;977.5;;;;1024.9;1.2;3.6;4.3;13;3.5;12.6;;;;;;;;;;;;;;180;;
STK;21.02.2019 00:00;;;;;;;;;981.6;;;;1029.2;0.9;3;3.2;10.8;2.9;10.4;;;;;;;;;;;;;;117;;
STK;22.02.2019 00:00;;;;;;;;;986;;;;1033.7;1.9;5.9;6.8;21.2;5.7;20.5;;;;;;;;;;;;;;67;;
STK;23.02.2019 00:00;;;;;;;;;987.2;;;;1035;5.4;10.8;19.4;38.9;10.4;37.4;;;;;;;;;;;;;;59;;
STK;24.02.2019 00:00;;;;;;;;;987.9;;;;1035.7;1.8;6.2;6.5;22.3;6.1;22;;;;;;;;;;;;;;45;;
STK;25.02.2019 00:00;;;;;;;;;987.5;;;;1035.2;0.9;3.3;3.2;11.9;3.2;11.5;;;;;;;;;;;;;;90;;
STK;26.02.2019 00:00;;;;;;;;;985.6;;;;1033.2;1.2;3.7;4.3;13.3;3.6;13;;;;;;;;;;;;;;124;;
STK;27.02.2019 00:00;;;;;;;;;979.8;;;;1027.3;1.1;3.7;4;13.3;3.6;13;;;;;;;;;;;;;;117;;
STK;28.02.2019 00:00;;;;;;;;;973.9;;;;1021.1;5.2;16.3;18.7;58.7;15.9;57.2;;;;;;;;;;;;;;239;;
STK;01.03.2019 00:00;;;;;;;;;970.6;;;;1017.7;6.8;19.1;24.5;68.8;18.4;66.2;;;;;;;;;;;;;;235;;
STK;02.03.2019 00:00;;;;;;;;;972.3;;;;1019.5;4.2;10.8;15.1;38.9;10.6;38.2;;;;;;;;;;;;;;235;;
STK;03.03.2019 00:00;;;;;;;;;968.7;;;;1015.7;4.6;13.5;16.6;48.6;13.2;47.5;;;;;;;;;;;;;;238;;
STK;04.03.2019 00:00;;;;;;;;;959.9;;;;1006.5;7.5;28.6;27;103;26.7;96.1;;;;;;;;;;;;;;236;;
STK;05.03.2019 00:00;;;;;;;;;965.9;;;;1012.8;6.4;15.5;23;55.8;15;54;;;;;;;;;;;;;;238;;
STK;06.03.2019 00:00;;;;;;;;;960.8;;;;1007.5;0.9;3.5;3.2;12.6;3.4;12.2;;;;;;;;;;;;;;180;;
STK;07.03.2019 00:00;;;;;;;;;959.2;;;;1005.8;5.7;20.8;20.5;74.9;20.1;72.4;;;;;;;;;;;;;;236;;
STK;08.03.2019 00:00;;;;;;;;;970.5;;;;1017.6;4.9;15.1;17.6;54.4;14.5;52.2;;;;;;;;;;;;;;233;;
STK;09.03.2019 00:00;;;;;;;;;973.4;;;;1020.6;9.6;21.6;34.6;77.8;21.3;76.7;;;;;;;;;;;;;;233;;
STK;10.03.2019 00:00;;;;;;;;;968.9;;;;1015.9;9.9;25.9;35.6;93.2;25.1;90.4;;;;;;;;;;;;;;241;;
STK;11.03.2019 00:00;;;;;;;;;976.1;;;;1023.4;7.1;18.9;25.6;68;18.1;65.2;;;;;;;;;;;;;;240;;
STK;12.03.2019 00:00;;;;;;;;;973.5;;;;1020.7;3.6;21.9;13;78.8;20.8;74.9;;;;;;;;;;;;;;225;;
STK;13.03.2019 00:00;;;;;;;;;967.7;;;;1014.7;9.5;22.6;34.2;81.4;22.1;79.6;;;;;;;;;;;;;;242;;
STK;14.03.2019 00:00;;;;;;;;;966;;;;1012.9;9.5;22.5;34.2;81;21.7;78.1;;;;;;;;;;;;;;233;;
STK;15.03.2019 00:00;;;;;;;;;967.5;;;;1014.5;8.7;19.5;31.3;70.2;19.1;68.8;;;;;;;;;;;;;;231;;
STK;16.03.2019 00:00;;;;;;;;;968.2;;;;1015.2;6.8;17.5;24.5;63;17.3;62.3;;;;;;;;;;;;;;237;;
STK;17.03.2019 00:00;;;;;;;;;963.5;;;;1010.3;4.6;20.3;16.6;73.1;19.6;70.6;;;;;;;;;;;;;;234;;
STK;18.03.2019 00:00;;;;;;;;;973.3;;;;1020.5;4.2;11.8;15.1;42.5;11.5;41.4;;;;;;;;;;;;;;238;;
STK;19.03.2019 00:00;;;;;;;;;979.9;;;;1027.4;1.2;3.9;4.3;14;3.9;14;;;;;;;;;;;;;;90;;
STK;20.03.2019 00:00;;;;;;;;;984.9;;;;1032.6;2.1;8.2;7.6;29.5;8;28.8;;;;;;;;;;;;;;63;;
STK;21.03.2019 00:00;;;;;;;;;983.4;;;;1031;1.9;8.4;6.8;30.2;8;28.8;;;;;;;;;;;;;;73;;
STK;22.03.2019 00:00;;;;;;;;;982;;;;1029.6;1.5;4.3;5.4;15.5;4.2;15.1;;;;;;;;;;;;;;101;;
STK;23.03.2019 00:00;;;;;;;;;979.9;;;;1027.4;1.3;3.7;4.7;13.3;3.6;13;;;;;;;;;;;;;;101;;
STK;24.03.2019 00:00;;;;;;;;;976;;;;1023.3;2.5;9.2;9;33.1;8.9;32;;;;;;;;;;;;;;243;;
STK;25.03.2019 00:00;;;;;;;;;975.6;;;;1022.9;3.1;14.3;11.2;51.5;13.8;49.7;;;;;;;;;;;;;;279;;
STK;26.03.2019 00:00;;;;;;;;;981.3;;;;1028.8;2.1;7.5;7.6;27;7.2;25.9;;;;;;;;;;;;;;47;;
STK;27.03.2019 00:00;;;;;;;;;983;;;;1030.6;3.4;10.4;12.2;37.4;10.3;37.1;;;;;;;;;;;;;;56;;
STK;28.03.2019 00:00;;;;;;;;;983.1;;;;1030.7;4.1;12.9;14.8;46.4;12.6;45.4;;;;;;;;;;;;;;63;;
STK;29.03.2019 00:00;;;;;;;;;980.6;;;;1028.1;1.3;6;4.7;21.6;5.8;20.9;;;;;;;;;;;;;;56;;
STK;30.03.2019 00:00;;;;;;;;;976.4;;;;1023.7;1.4;3.5;5;12.6;3.4;12.2;;;;;;;;;;;;;;104;;
STK;31.03.2019 00:00;;;;;;;;;972.1;;;;1019.3;1.7;7.4;6.1;26.6;7.3;26.3;;;;;;;;;;;;;;66;;
STK;01.04.2019 00:00;;;;;;;;;969.4;;;;1016.5;1.4;4.9;5;17.6;4.8;17.3;;;;;;;;;;;;;;56;;
STK;02.04.2019 00:00;;;;;;;;;963.6;;;;1010.5;1.9;12.7;6.8;45.7;12.3;44.3;;;;;;;;;;;;;;194;;
STK;03.04.2019 00:00;;;;;;;;;956.3;;;;1002.8;3.3;17.1;11.9;61.6;17;61.2;;;;;;;;;;;;;;246;;
STK;04.04.2019 00:00;;;;;;;;;954.1;;;;1000.6;3.7;11.6;13.3;41.8;11.4;41;;;;;;;;;;;;;;241;;
STK;05.04.2019 00:00;;;;;;;;;957.8;;;;1004.4;1.6;7.4;5.8;26.6;7.3;26.3;;;;;;;;;;;;;;72;;
STK;06.04.2019 00:00;;;;;;;;;956.6;;;;1003.1;1.4;5.2;5;18.7;5.2;18.7;;;;;;;;;;;;;;135;;
STK;07.04.2019 00:00;;;;;;;;;958.8;;;;1005.4;4.1;9.5;14.8;34.2;9;32.4;;;;;;;;;;;;;;235;;
STK;08.04.2019 00:00;;;;;;;;;963.7;;;;1010.5;3;8.4;10.8;30.2;8.2;29.5;;;;;;;;;;;;;;243;;
STK;09.04.2019 00:00;;;;;;;;;962.9;;;;1009.6;1;3.4;3.6;12.2;3.3;11.9;;;;;;;;;;;;;;225;;
STK;10.04.2019 00:00;;;;;;;;;963.2;;;;1010;1.7;6.5;6.1;23.4;6.3;22.7;;;;;;;;;;;;;;333;;
STK;11.04.2019 00:00;;;;;;;;;968.2;;;;1015.2;4;9.1;14.4;32.8;9;32.4;;;;;;;;;;;;;;50;;
STK;12.04.2019 00:00;;;;;;;;;970.7;;;;1017.8;3.2;6.9;11.5;24.8;6.6;23.8;;;;;;;;;;;;;;44;;
STK;13.04.2019 00:00;;;;;;;;;970.4;;;;1017.5;3;8.7;10.8;31.3;8.5;30.6;;;;;;;;;;;;;;17;;
STK;14.04.2019 00:00;;;;;;;;;971.8;;;;1018.9;2.3;7.1;8.3;25.6;7;25.2;;;;;;;;;;;;;;254;;
STK;15.04.2019 00:00;;;;;;;;;972.2;;;;1019.4;2.4;9.7;8.6;34.9;9.5;34.2;;;;;;;;;;;;;;59;;
STK;16.04.2019 00:00;;;;;;;;;971.2;;;;1018.3;2.3;8;8.3;28.8;7.6;27.4;;;;;;;;;;;;;;229;;
STK;17.04.2019 00:00;;;;;;;;;973.7;;;;1021;1.8;7.2;6.5;25.9;7;25.2;;;;;;;;;;;;;;45;;
STK;18.04.2019 00:00;;;;;;;;;974.6;;;;1021.8;1.7;7.3;6.1;26.3;7.1;25.6;;;;;;;;;;;;;;66;;
STK;19.04.2019 00:00;;;;;;;;;978.6;;;;1026;1.5;3.3;5.4;11.9;3.3;11.9;;;;;;;;;;;;;;76;;
STK;20.04.2019 00:00;;;;;;;;;977.8;;;;1025.1;1.9;6.8;6.8;24.5;6.7;24.1;;;;;;;;;;;;;;66;;
STK;21.04.2019 00:00;;;;;;;;;970.5;;;;1017.6;1.3;6.4;4.7;23;5.8;20.9;;;;;;;;;;;;;;74;;
STK;22.04.2019 00:00;;;;;;;;;959.4;;;;1006.1;1.8;6.8;6.5;24.5;6.6;23.8;;;;;;;;;;;;;;70;;
STK;23.04.2019 00:00;;;;;;;;;952.4;;;;998.8;1.7;7.5;6.1;27;7;25.2;;;;;;;;;;;;;;90;;
STK;24.04.2019 00:00;;;;;;;;;957.8;;;;1004.4;3.1;19.9;11.2;71.6;19.4;69.8;;;;;;;;;;;;;;216;;
STK;25.04.2019 00:00;;;;;;;;;962.1;;;;1008.8;2.3;10;8.3;36;9.6;34.6;;;;;;;;;;;;;;215;;
STK;26.04.2019 00:00;;;;;;;;;969.7;;;;1016.8;3.6;10.4;13;37.4;10;36;;;;;;;;;;;;;;230;;
STK;27.04.2019 00:00;;;;;;;;;971.9;;;;1019.1;5.1;16.6;18.4;59.8;16.1;58;;;;;;;;;;;;;;239;;
STK;28.04.2019 00:00;;;;;;;;;973.6;;;;1020.8;3.8;10.9;13.7;39.2;10.7;38.5;;;;;;;;;;;;;;240;;
STK;29.04.2019 00:00;;;;;;;;;974.5;;;;1021.7;1.8;5.5;6.5;19.8;5.2;18.7;;;;;;;;;;;;;;216;;
STK;30.04.2019 00:00;;;;;;;;;972.6;;;;1019.8;1.8;6.2;6.5;22.3;6;21.6;;;;;;;;;;;;;;214;;
STK;01.05.2019 00:00;;;;;;;;;968.9;;;;1015.9;1.7;5;6.1;18;4.9;17.6;;;;;;;;;;;;;;53;;
STK;02.05.2019 00:00;;;;;;;;;964.8;;;;1011.7;3.7;20.1;13.3;72.4;19.9;71.6;;;;;;;;;;;;;;233;;
STK;03.05.2019 00:00;;;;;;;;;964.9;;;;1011.8;3.1;9.8;11.2;35.3;9.5;34.2;;;;;;;;;;;;;;243;;
STK;04.05.2019 00:00;;;;;;;;;962.1;;;;1008.9;4.6;14.2;16.6;51.1;14;50.4;;;;;;;;;;;;;;260;;
STK;05.05.2019 00:00;;;;;;;;;969.4;;;;1016.5;3.5;12.3;12.6;44.3;11.9;42.8;;;;;;;;;;;;;;38;;
STK;06.05.2019 00:00;;;;;;;;;973.4;;;;1020.6;1.3;8.3;4.7;29.9;8.1;29.2;;;;;;;;;;;;;;214;;
STK;07.05.2019 00:00;;;;;;;;;970.1;;;;1017.1;1.9;7.2;6.8;25.9;6.8;24.5;;;;;;;;;;;;;;79;;
STK;08.05.2019 00:00;;;;;;;;;960.8;;;;1007.5;2.5;14.9;9;53.6;14.6;52.6;;;;;;;;;;;;;;237;;
STK;09.05.2019 00:00;;;;;;;;;958.8;;;;1005.4;6.1;24.9;22;89.6;24.4;87.8;;;;;;;;;;;;;;236;;
STK;10.05.2019 00:00;;;;;;;;;965.6;;;;1012.5;3.1;9;11.2;32.4;8.9;32;;;;;;;;;;;;;;237;;
STK;11.05.2019 00:00;;;;;;;;;967.3;;;;1014.3;4.9;20.2;17.6;72.7;18.8;67.7;;;;;;;;;;;;;;242;;
STK;12.05.2019 00:00;;;;;;;;;981.2;;;;1028.7;2.1;9.9;7.6;35.6;9.9;35.6;;;;;;;;;;;;;;31;;
STK;13.05.2019 00:00;;;;;;;;;983.6;;;;1031.2;4.6;14.7;16.6;52.9;14.3;51.5;;;;;;;;;;;;;;67;;
STK;14.05.2019 00:00;;;;;;;;;979;;;;1026.4;5.7;14.9;20.5;53.6;14.2;51.1;;;;;;;;;;;;;;62;;
STK;15.05.2019 00:00;;;;;;;;;973.7;;;;1020.9;4.2;11.4;15.1;41;11.1;40;;;;;;;;;;;;;;67;;
STK;16.05.2019 00:00;;;;;;;;;966.5;;;;1013.4;2.3;6.8;8.3;24.5;6.6;23.8;;;;;;;;;;;;;;55;;
STK;17.05.2019 00:00;;;;;;;;;959.6;;;;1006.3;1.9;10.9;6.8;39.2;10.6;38.2;;;;;;;;;;;;;;45;;
STK;18.05.2019 00:00;;;;;;;;;958.6;;;;1005.2;1.7;6;6.1;21.6;5.9;21.2;;;;;;;;;;;;;;270;;
STK;19.05.2019 00:00;;;;;;;;;958.1;;;;1004.7;1.9;8.5;6.8;30.6;8.1;29.2;;;;;;;;;;;;;;228;;
STK;20.05.2019 00:00;;;;;;;;;959.8;;;;1006.5;5.1;12.5;18.4;45;11.9;42.8;;;;;;;;;;;;;;240;;
STK;21.05.2019 00:00;;;;;;;;;966.9;;;;1013.8;6.2;13.6;22.3;49;13.3;47.9;;;;;;;;;;;;;;238;;
STK;22.05.2019 00:00;;;;;;;;;972;;;;1019.1;1.8;6.1;6.5;22;6;21.6;;;;;;;;;;;;;;135;;
STK;23.05.2019 00:00;;;;;;;;;971.4;;;;1018.5;1.1;3.2;4;11.5;3.2;11.5;;;;;;;;;;;;;;53;;
STK;24.05.2019 00:00;;;;;;;;;968.2;;;;1015.2;1.3;8.3;4.7;29.9;8.2;29.5;;;;;;;;;;;;;;63;;
STK;25.05.2019 00:00;;;;;;;;;969.4;;;;1016.4;1.3;11.9;4.7;42.8;11.7;42.1;;;;;;;;;;;;;;243;;
STK;26.05.2019 00:00;;;;;;;;;969.4;;;;1016.4;1.4;3.7;5;13.3;3.7;13.3;;;;;;;;;;;;;;135;;
STK;27.05.2019 00:00;;;;;;;;;963.9;;;;1010.8;1.5;5.8;5.4;20.9;5.7;20.5;;;;;;;;;;;;;;278;;
STK;28.05.2019 00:00;;;;;;;;;964;;;;1010.8;3.8;11.8;13.7;42.5;11.5;41.4;;;;;;;;;;;;;;240;;
STK;29.05.2019 00:00;;;;;;;;;973.6;;;;1020.8;2;7.3;7.2;26.3;7.1;25.6;;;;;;;;;;;;;;234;;
STK;30.05.2019 00:00;;;;;;;;;979.3;;;;1026.7;1.5;4.2;5.4;15.1;4.1;14.8;;;;;;;;;;;;;;90;;
STK;31.05.2019 00:00;;;;;;;;;978.6;;;;1026;1.7;5.4;6.1;19.4;5.3;19.1;;;;;;;;;;;;;;55;;
STK;01.06.2019 00:00;;;;;;;;;975.3;;;;1022.5;1.1;3.5;4;12.6;3.4;12.2;;;;;;;;;;;;;;53;;
STK;02.06.2019 00:00;;;;;;;;;971.2;;;;1018.4;1.3;3.5;4.7;12.6;3.4;12.2;;;;;;;;;;;;;;90;;
STK;03.06.2019 00:00;;;;;;;;;969.5;;;;1016.5;1.8;16.5;6.5;59.4;16.1;58;;;;;;;;;;;;;;270;;
STK;04.06.2019 00:00;;;;;;;;;964.9;;;;1011.8;1.7;6.4;6.1;23;6.2;22.3;;;;;;;;;;;;;;53;;
STK;05.06.2019 00:00;;;;;;;;;960.3;;;;1007;3.2;21;11.5;75.6;20.1;72.4;;;;;;;;;;;;;;153;;
STK;06.06.2019 00:00;;;;;;;;;967.7;;;;1014.7;4.8;16.9;17.3;60.8;16.5;59.4;;;;;;;;;;;;;;248;;
STK;07.06.2019 00:00;;;;;;;;;966.9;;;;1013.9;4;16.8;14.4;60.5;16.1;58;;;;;;;;;;;;;;253;;
STK;08.06.2019 00:00;;;;;;;;;976.7;;;;1024;2.2;9.6;7.9;34.6;9.3;33.5;;;;;;;;;;;;;;243;;
STK;09.06.2019 00:00;;;;;;;;;974.6;;;;1021.8;1.5;7.6;5.4;27.4;7.4;26.6;;;;;;;;;;;;;;225;;
STK;10.06.2019 00:00;;;;;;;;;968.3;;;;1015.3;2.2;9.1;7.9;32.8;8.8;31.7;;;;;;;;;;;;;;236;;
STK;11.06.2019 00:00;;;;;;;;;964.7;;;;1011.6;2.4;8;8.6;28.8;7.8;28.1;;;;;;;;;;;;;;297;;
STK;12.06.2019 00:00;;;;;;;;;965.2;;;;1012;3.1;15.5;11.2;55.8;14.9;53.6;;;;;;;;;;;;;;236;;
STK;13.06.2019 00:00;;;;;;;;;968.9;;;;1015.9;1.5;4.9;5.4;17.6;4.8;17.3;;;;;;;;;;;;;;229;;
STK;14.06.2019 00:00;;;;;;;;;968;;;;1015;2;8.3;7.2;29.9;8.1;29.2;;;;;;;;;;;;;;90;;
STK;15.06.2019 00:00;;;;;;;;;969.3;;;;1016.3;4.8;23.2;17.3;83.5;22.4;80.6;;;;;;;;;;;;;;241;;
STK;16.06.2019 00:00;;;;;;;;;974.9;;;;1022.2;1.8;7;6.5;25.2;6.6;23.8;;;;;;;;;;;;;;234;;
STK;17.06.2019 00:00;;;;;;;;;971.8;;;;1019;1.9;10.6;6.8;38.2;10.3;37.1;;;;;;;;;;;;;;63;;
STK;18.06.2019 00:00;;;;;;;;;968.9;;;;1015.9;1.7;9.1;6.1;32.8;8.9;32;;;;;;;;;;;;;;104;;
STK;19.06.2019 00:00;;;;;;;;;965.8;;;;1012.7;1.7;10.9;6.1;39.2;10.7;38.5;;;;;;;;;;;;;;225;;
STK;20.06.2019 00:00;;;;;;;;;968.7;;;;1015.7;2;8.1;7.2;29.2;7.9;28.4;;;;;;;;;;;;;;234;;
STK;21.06.2019 00:00;;;;;;;;;971.1;;;;1018.2;1.5;7.8;5.4;28.1;7.6;27.4;;;;;;;;;;;;;;39;;
STK;22.06.2019 00:00;;;;;;;;;970.1;;;;1017.2;2.1;8;7.6;28.8;7.9;28.4;;;;;;;;;;;;;;240;;
STK;23.06.2019 00:00;;;;;;;;;971.2;;;;1018.3;2.1;6.2;7.6;22.3;6.1;22;;;;;;;;;;;;;;75;;
STK;24.06.2019 00:00;;;;;;;;;972.5;;;;1019.7;1.2;4;4.3;14.4;4;14.4;;;;;;;;;;;;;;56;;
STK;25.06.2019 00:00;;;;;;;;;973.9;;;;1021.1;1.5;5.3;5.4;19.1;5.2;18.7;;;;;;;;;;;;;;83;;
STK;26.06.2019 00:00;;;;;;;;;976.4;;;;1023.7;1.4;3.3;5;11.9;3.2;11.5;;;;;;;;;;;;;;90;;
STK;27.06.2019 00:00;;;;;;;;;975.7;;;;1022.9;2.2;8.4;7.9;30.2;8.3;29.9;;;;;;;;;;;;;;51;;
STK;28.06.2019 00:00;;;;;;;;;974.7;;;;1022;1.8;6.7;6.5;24.1;6.6;23.8;;;;;;;;;;;;;;45;;
STK;29.06.2019 00:00;;;;;;;;;972;;;;1019.1;1.6;5.2;5.8;18.7;5.1;18.4;;;;;;;;;;;;;;63;;
STK;30.06.2019 00:00;;;;;;;;;971;;;;1018.1;2.3;6.7;8.3;24.1;6.6;23.8;;;;;;;;;;;;;;230;;
STK;01.07.2019 00:00;;;;;;;;;970.9;;;;1018;2.9;10.1;10.4;36.4;9.8;35.3;;;;;;;;;;;;;;241;;
STK;02.07.2019 00:00;;;;;;;;;972.5;;;;1019.7;2.8;7.6;10.1;27.4;7.4;26.6;;;;;;;;;;;;;;55;;
STK;03.07.2019 00:00;;;;;;;;;973;;;;1020.2;3.1;8.3;11.2;29.9;8.1;29.2;;;;;;;;;;;;;;52;;
STK;04.07.2019 00:00;;;;;;;;;973.5;;;;1020.7;2.1;8;7.6;28.8;7.9;28.4;;;;;;;;;;;;;;53;;
STK;05.07.2019 00:00;;;;;;;;;971;;;;1018.1;2.4;7.3;8.6;26.3;7.2;25.9;;;;;;;;;;;;;;229;;
STK;06.07.2019 00:00;;;;;;;;;967.2;;;;1014.2;3.4;20;12.2;72;19.5;70.2;;;;;;;;;;;;;;234;;
STK;07.07.2019 00:00;;;;;;;;;966.7;;;;1013.6;3.3;19.9;11.9;71.6;18.8;67.7;;;;;;;;;;;;;;246;;
STK;08.07.2019 00:00;;;;;;;;;970.2;;;;1017.2;2;6.3;7.2;22.7;6.1;22;;;;;;;;;;;;;;47;;
STK;09.07.2019 00:00;;;;;;;;;970.8;;;;1017.9;3.9;11;14;39.6;10.7;38.5;;;;;;;;;;;;;;45;;
STK;10.07.2019 00:00;;;;;;;;;971.8;;;;1018.9;2.4;10.1;8.6;36.4;9.7;34.9;;;;;;;;;;;;;;50;;
STK;11.07.2019 00:00;;;;;;;;;969.4;;;;1016.4;1.3;5.8;4.7;20.9;5.6;20.2;;;;;;;;;;;;;;104;;
STK;12.07.2019 00:00;;;;;;;;;968.2;;;;1015.2;2.2;9.8;7.9;35.3;9.4;33.8;;;;;;;;;;;;;;59;;
STK;13.07.2019 00:00;;;;;;;;;971;;;;1018.1;2.2;8.4;7.9;30.2;7.9;28.4;;;;;;;;;;;;;;242;;
STK;14.07.2019 00:00;;;;;;;;;968.8;;;;1015.9;3.1;12.1;11.2;43.6;11.3;40.7;;;;;;;;;;;;;;40;;
STK;15.07.2019 00:00;;;;;;;;;968.9;;;;1015.9;4.1;11.1;14.8;40;10.9;39.2;;;;;;;;;;;;;;45;;
STK;16.07.2019 00:00;;;;;;;;;970.3;;;;1017.3;1.6;3.6;5.8;13;3.5;12.6;;;;;;;;;;;;;;72;;
STK;17.07.2019 00:00;;;;;;;;;967.4;;;;1014.4;2.2;8.1;7.9;29.2;8;28.8;;;;;;;;;;;;;;227;;
STK;18.07.2019 00:00;;;;;;;;;967.3;;;;1014.3;1.9;5.8;6.8;20.9;5.7;20.5;;;;;;;;;;;;;;232;;
STK;19.07.2019 00:00;;;;;;;;;969.4;;;;1016.5;2.2;7.2;7.9;25.9;7.1;25.6;;;;;;;;;;;;;;235;;
STK;20.07.2019 00:00;;;;;;;;;969.5;;;;1016.6;2.5;13.4;9;48.2;12.8;46.1;;;;;;;;;;;;;;234;;
STK;21.07.2019 00:00;;;;;;;;;975.3;;;;1022.6;2.5;10.3;9;37.1;10.2;36.7;;;;;;;;;;;;;;236;;
STK;22.07.2019 00:00;;;;;;;;;977;;;;1024.3;1.5;3.9;5.4;14;3.9;14;;;;;;;;;;;;;;83;;
STK;23.07.2019 00:00;;;;;;;;;973.8;;;;1021;1.3;4;4.7;14.4;3.9;14;;;;;;;;;;;;;;68;;
STK;24.07.2019 00:00;;;;;;;;;970.7;;;;1017.8;1.3;4.6;4.7;16.6;4.5;16.2;;;;;;;;;;;;;;211;;
STK;25.07.2019 00:00;;;;;;;;;969.1;;;;1016.1;1.6;6;5.8;21.6;6;21.6;;;;;;;;;;;;;;72;;
STK;26.07.2019 00:00;;;;;;;;;964.1;;;;1011;2.8;19.7;10.1;70.9;19.4;69.8;;;;;;;;;;;;;;240;;
STK;27.07.2019 00:00;;;;;;;;;958.3;;;;1004.9;2.8;16.8;10.1;60.5;15.8;56.9;;;;;;;;;;;;;;257;;
STK;28.07.2019 00:00;;;;;;;;;958.7;;;;1005.3;5;14.6;18;52.6;14.3;51.5;;;;;;;;;;;;;;243;;
STK;29.07.2019 00:00;;;;;;;;;965.8;;;;1012.7;2;7.1;7.2;25.6;6.9;24.8;;;;;;;;;;;;;;191;;
STK;30.07.2019 00:00;;;;;;;;;968.1;;;;1015.1;3.2;12.2;11.5;43.9;11.7;42.1;;;;;;;;;;;;;;246;;
STK;31.07.2019 00:00;;;;;;;;;971.9;;;;1019.1;2.1;6.9;7.6;24.8;6.7;24.1;;;;;;;;;;;;;;220;;
STK;01.08.2019 00:00;;;;;;;;;970.9;;;;1018;1.6;4.8;5.8;17.3;4.6;16.6;;;;;;;;;;;;;;76;;
STK;02.08.2019 00:00;;;;;;;;;969.3;;;;1016.3;2.4;8.3;8.6;29.9;8.2;29.5;;;;;;;;;;;;;;231;;
STK;03.08.2019 00:00;;;;;;;;;970.1;;;;1017.1;2.2;7.9;7.9;28.4;7.7;27.7;;;;;;;;;;;;;;238;;
STK;04.08.2019 00:00;;;;;;;;;969.9;;;;1017;1.7;4.2;6.1;15.1;4.1;14.8;;;;;;;;;;;;;;84;;
STK;05.08.2019 00:00;;;;;;;;;967.9;;;;1014.9;1.9;12.2;6.8;43.9;11.4;41;;;;;;;;;;;;;;236;;
STK;06.08.2019 00:00;;;;;;;;;967.6;;;;1014.5;1.7;7.2;6.1;25.9;7;25.2;;;;;;;;;;;;;;212;;
STK;07.08.2019 00:00;;;;;;;;;965.8;;;;1012.7;2.3;9.1;8.3;32.8;9;32.4;;;;;;;;;;;;;;223;;
STK;08.08.2019 00:00;;;;;;;;;968.1;;;;1015.1;1.4;4.5;5;16.2;4.5;16.2;;;;;;;;;;;;;;189;;
STK;09.08.2019 00:00;;;;;;;;;966.4;;;;1013.3;1.8;8.5;6.5;30.6;8.3;29.9;;;;;;;;;;;;;;146;;
STK;10.08.2019 00:00;;;;;;;;;971.7;;;;1018.9;3.1;12.8;11.2;46.1;12.6;45.4;;;;;;;;;;;;;;224;;
STK;11.08.2019 00:00;;;;;;;;;970;;;;1017;2.4;12.7;8.6;45.7;12.4;44.6;;;;;;;;;;;;;;360;;
STK;12.08.2019 00:00;;;;;;;;;971.4;;;;1018.5;2.2;7.1;7.9;25.6;6.9;24.8;;;;;;;;;;;;;;281;;
STK;13.08.2019 00:00;;;;;;;;;973.1;;;;1020.3;2.4;8;8.6;28.8;7.5;27;;;;;;;;;;;;;;236;;
STK;14.08.2019 00:00;;;;;;;;;972.7;;;;1019.9;1.6;4.4;5.8;15.8;4.3;15.5;;;;;;;;;;;;;;112;;
STK;15.08.2019 00:00;;;;;;;;;970.8;;;;1017.9;3.1;13;11.2;46.8;12.6;45.4;;;;;;;;;;;;;;234;;
STK;16.08.2019 00:00;;;;;;;;;972.1;;;;1019.2;1.7;6.4;6.1;23;6.3;22.7;;;;;;;;;;;;;;90;;
STK;17.08.2019 00:00;;;;;;;;;968.4;;;;1015.5;1.2;5.7;4.3;20.5;5.6;20.2;;;;;;;;;;;;;;194;;
STK;18.08.2019 00:00;;;;;;;;;965.7;;;;1012.6;2.2;17.7;7.9;63.7;16.9;60.8;;;;;;;;;;;;;;211;;
STK;19.08.2019 00:00;;;;;;;;;972.1;;;;1019.2;1.7;8.5;6.1;30.6;8.2;29.5;;;;;;;;;;;;;;243;;
STK;20.08.2019 00:00;;;;;;;;;977;;;;1024.4;1.4;6.4;5;23;6.3;22.7;;;;;;;;;;;;;;323;;
STK;21.08.2019 00:00;;;;;;;;;979.6;;;;1027.1;4.3;12.3;15.5;44.3;11.9;42.8;;;;;;;;;;;;;;60;;
STK;22.08.2019 00:00;;;;;;;;;978.2;;;;1025.6;1.6;5.9;5.8;21.2;5.8;20.9;;;;;;;;;;;;;;66;;
STK;23.08.2019 00:00;;;;;;;;;977.1;;;;1024.5;1.6;6;5.8;21.6;5.7;20.5;;;;;;;;;;;;;;72;;
STK;24.08.2019 00:00;;;;;;;;;974;;;;1021.3;1.4;3.9;5;14;3.8;13.7;;;;;;;;;;;;;;202;;
STK;25.08.2019 00:00;;;;;;;;;973.2;;;;1020.4;1.3;3.5;4.7;12.6;3.4;12.2;;;;;;;;;;;;;;101;;
STK;26.08.2019 00:00;;;;;;;;;972.3;;;;1019.5;1.2;3.2;4.3;11.5;3.1;11.2;;;;;;;;;;;;;;153;;
STK;27.08.2019 00:00;;;;;;;;;971.4;;;;1018.5;1.2;3.8;4.3;13.7;3.7;13.3;;;;;;;;;;;;;;198;;
STK;28.08.2019 00:00;;;;;;;;;971.1;;;;1018.2;1.6;6.2;5.8;22.3;6.1;22;;;;;;;;;;;;;;135;;
STK;29.08.2019 00:00;;;;;;;;;974;;;;1021.3;1.4;5.5;5;19.8;5.3;19.1;;;;;;;;;;;;;;189;;
STK;30.08.2019 00:00;;;;;;;;;974.9;;;;1022.2;1.3;3.7;4.7;13.3;3.7;13.3;;;;;;;;;;;;;;76;;
STK;31.08.2019 00:00;;;;;;;;;969.5;;;;1016.6;1.7;7.2;6.1;25.9;6.9;24.8;;;;;;;;;;;;;;219;;
STK;01.09.2019 00:00;;;;;;;;;969.1;;;;1016.1;1.8;7.3;6.5;26.3;7.2;25.9;;;;;;;;;;;;;;225;;
STK;02.09.2019 00:00;;;;;;;;;975.4;;;;1022.7;1.8;7.3;6.5;26.3;7.2;25.9;;;;;;;;;;;;;;72;;
STK;03.09.2019 00:00;;;;;;;;;977.6;;;;1025;1.5;4.7;5.4;16.9;4.6;16.6;;;;;;;;;;;;;;135;;
STK;04.09.2019 00:00;;;;;;;;;971.7;;;;1018.8;2;6.5;7.2;23.4;6.4;23;;;;;;;;;;;;;;228;;
STK;05.09.2019 00:00;;;;;;;;;973.6;;;;1020.8;1.6;7.4;5.8;26.6;7;25.2;;;;;;;;;;;;;;194;;
STK;06.09.2019 00:00;;;;;;;;;975.1;;;;1022.3;2.6;10.3;9.4;37.1;10;36;;;;;;;;;;;;;;65;;
STK;07.09.2019 00:00;;;;;;;;;972.6;;;;1019.8;1.9;8.7;6.8;31.3;8.6;31;;;;;;;;;;;;;;204;;
STK;08.09.2019 00:00;;;;;;;;;970.3;;;;1017.4;2.7;9.4;9.7;33.8;9.2;33.1;;;;;;;;;;;;;;246;;
STK;09.09.2019 00:00;;;;;;;;;969.5;;;;1016.6;3.8;11.7;13.7;42.1;11.4;41;;;;;;;;;;;;;;246;;
STK;10.09.2019 00:00;;;;;;;;;970.5;;;;1017.6;1.8;6.4;6.5;23;6.3;22.7;;;;;;;;;;;;;;60;;
STK;11.09.2019 00:00;;;;;;;;;977.8;;;;1025.2;1.7;6.3;6.1;22.7;6.2;22.3;;;;;;;;;;;;;;196;;
STK;12.09.2019 00:00;;;;;;;;;984;;;;1031.6;1.5;3.8;5.4;13.7;3.8;13.7;;;;;;;;;;;;;;121;;
STK;13.09.2019 00:00;;;;;;;;;984.4;;;;1032;1.5;5.5;5.4;19.8;5.4;19.4;;;;;;;;;;;;;;82;;
STK;14.09.2019 00:00;;;;;;;;;982;;;;1029.5;1.2;5.4;4.3;19.4;5.3;19.1;;;;;;;;;;;;;;90;;
STK;15.09.2019 00:00;;;;;;;;;977.6;;;;1025;1.5;4.6;5.4;16.6;4.5;16.2;;;;;;;;;;;;;;225;;
STK;16.09.2019 00:00;;;;;;;;;973.3;;;;1020.5;2;9.2;7.2;33.1;9;32.4;;;;;;;;;;;;;;225;;
STK;17.09.2019 00:00;;;;;;;;;972.5;;;;1019.7;2.4;9;8.6;32.4;8.8;31.7;;;;;;;;;;;;;;39;;
STK;18.09.2019 00:00;;;;;;;;;975.8;;;;1023.1;5.5;11.4;19.8;41;11.3;40.7;;;;;;;;;;;;;;55;;
STK;19.09.2019 00:00;;;;;;;;;978.4;;;;1025.8;5.5;11.8;19.8;42.5;11.5;41.4;;;;;;;;;;;;;;58;;
STK;20.09.2019 00:00;;;;;;;;;978.1;;;;1025.5;3.4;10.5;12.2;37.8;10.2;36.7;;;;;;;;;;;;;;61;;
STK;21.09.2019 00:00;;;;;;;;;972.3;;;;1019.5;1.6;4.4;5.8;15.8;4.3;15.5;;;;;;;;;;;;;;97;;
STK;22.09.2019 00:00;;;;;;;;;965.7;;;;1012.6;1.8;16.4;6.5;59;15.8;56.9;;;;;;;;;;;;;;135;;
STK;23.09.2019 00:00;;;;;;;;;970.9;;;;1018;3.3;13.3;11.9;47.9;13;46.8;;;;;;;;;;;;;;230;;
STK;24.09.2019 00:00;;;;;;;;;967.6;;;;1014.5;1.7;5.9;6.1;21.2;5.7;20.5;;;;;;;;;;;;;;225;;
STK;25.09.2019 00:00;;;;;;;;;965.5;;;;1012.4;3.9;13.4;14;48.2;13.3;47.9;;;;;;;;;;;;;;235;;
STK;26.09.2019 00:00;;;;;;;;;969;;;;1016;3.2;11;11.5;39.6;10.8;38.9;;;;;;;;;;;;;;232;;
STK;27.09.2019 00:00;;;;;;;;;968.7;;;;1015.8;3.6;14.6;13;52.6;14.4;51.8;;;;;;;;;;;;;;243;;
STK;28.09.2019 00:00;;;;;;;;;972.2;;;;1019.3;3.6;10.4;13;37.4;10.3;37.1;;;;;;;;;;;;;;238;;
STK;29.09.2019 00:00;;;;;;;;;965.3;;;;1012.2;3.6;15.1;13;54.4;14.8;53.3;;;;;;;;;;;;;;235;;
STK;30.09.2019 00:00;;;;;;;;;968;;;;1014.9;7;19.4;25.2;69.8;18.8;67.7;;;;;;;;;;;;;;243;;
STK;01.10.2019 00:00;;;;;;;;;963.1;;;;1009.9;3.1;13.3;11.2;47.9;12.8;46.1;;;;;;;;;;;;;;232;;
STK;02.10.2019 00:00;;;;;;;;;964.7;;;;1011.6;4.7;14.4;16.9;51.8;14.1;50.8;;;;;;;;;;;;;;242;;
STK;03.10.2019 00:00;;;;;;;;;972.3;;;;1019.5;1.4;4.9;5;17.6;4.9;17.6;;;;;;;;;;;;;;196;;
STK;04.10.2019 00:00;;;;;;;;;965.8;;;;1012.7;4.5;13.5;16.2;48.6;13.2;47.5;;;;;;;;;;;;;;228;;
STK;05.10.2019 00:00;;;;;;;;;967.9;;;;1014.9;4.6;13.1;16.6;47.2;12.7;45.7;;;;;;;;;;;;;;233;;
STK;06.10.2019 00:00;;;;;;;;;967.9;;;;1014.9;2;12.9;7.2;46.4;12.7;45.7;;;;;;;;;;;;;;261;;
STK;07.10.2019 00:00;;;;;;;;;971.5;;;;1018.7;3.2;9.8;11.5;35.3;9.6;34.6;;;;;;;;;;;;;;229;;
STK;08.10.2019 00:00;;;;;;;;;968.3;;;;1015.3;3.9;11.8;14;42.5;11.7;42.1;;;;;;;;;;;;;;237;;
STK;09.10.2019 00:00;;;;;;;;;968.2;;;;1015.2;5;17.7;18;63.7;17.1;61.6;;;;;;;;;;;;;;233;;
STK;10.10.2019 00:00;;;;;;;;;972.8;;;;1020;5.2;16.1;18.7;58;15.8;56.9;;;;;;;;;;;;;;235;;
STK;11.10.2019 00:00;;;;;;;;;973.7;;;;1020.9;1.2;3.7;4.3;13.3;3.6;13;;;;;;;;;;;;;;180;;
STK;12.10.2019 00:00;;;;;;;;;971.6;;;;1018.7;0.9;4.4;3.2;15.8;4.3;15.5;;;;;;;;;;;;;;90;;
STK;13.10.2019 00:00;;;;;;;;;970.8;;;;1017.9;0.9;4.2;3.2;15.1;4.2;15.1;;;;;;;;;;;;;;117;;
STK;14.10.2019 00:00;;;;;;;;;968.5;;;;1015.5;1.2;5;4.3;18;4.8;17.3;;;;;;;;;;;;;;220;;
STK;15.10.2019 00:00;;;;;;;;;963.8;;;;1010.6;4;14.7;14.4;52.9;14.3;51.5;;;;;;;;;;;;;;231;;
STK;16.10.2019 00:00;;;;;;;;;969.9;;;;1017;2.4;9.1;8.6;32.8;8.9;32;;;;;;;;;;;;;;234;;
STK;17.10.2019 00:00;;;;;;;;;969.7;;;;1016.8;1.2;4.7;4.3;16.9;4.7;16.9;;;;;;;;;;;;;;162;;
STK;18.10.2019 00:00;;;;;;;;;967.8;;;;1014.8;1.8;11.3;6.5;40.7;10.5;37.8;;;;;;;;;;;;;;234;;
STK;19.10.2019 00:00;;;;;;;;;964.6;;;;1011.4;1.6;6.7;5.8;24.1;6.6;23.8;;;;;;;;;;;;;;56;;
STK;20.10.2019 00:00;;;;;;;;;962.6;;;;1009.3;1.2;10.9;4.3;39.2;10.5;37.8;;;;;;;;;;;;;;217;;
STK;21.10.2019 00:00;;;;;;;;;972.5;;;;1019.6;1.6;7.2;5.8;25.9;7;25.2;;;;;;;;;;;;;;231;;
STK;22.10.2019 00:00;;;;;;;;;975.4;;;;1022.6;1;3.8;3.6;13.7;3.7;13.3;;;;;;;;;;;;;;63;;
STK;23.10.2019 00:00;;;;;;;;;967.9;;;;1014.9;1.4;5.4;5;19.4;5.2;18.7;;;;;;;;;;;;;;61;;
STK;24.10.2019 00:00;;;;;;;;;967;;;;1013.9;2;6.9;7.2;24.8;6.7;24.1;;;;;;;;;;;;;;225;;
STK;25.10.2019 00:00;;;;;;;;;975.8;;;;1023.1;1.7;5.6;6.1;20.2;5.5;19.8;;;;;;;;;;;;;;225;;
STK;26.10.2019 00:00;;;;;;;;;975.3;;;;1022.6;1.2;3.6;4.3;13;3.5;12.6;;;;;;;;;;;;;;360;;
STK;27.10.2019 00:00;;;;;;;;;974.3;;;;1021.6;1.1;3.2;4;11.5;3.1;11.2;;;;;;;;;;;;;;180;;
STK;28.10.2019 00:00;;;;;;;;;972.6;;;;1019.8;2.3;5.7;8.3;20.5;5.6;20.2;;;;;;;;;;;;;;23;;
STK;29.10.2019 00:00;;;;;;;;;973.1;;;;1020.3;3.4;9.1;12.2;32.8;9;32.4;;;;;;;;;;;;;;34;;
STK;30.10.2019 00:00;;;;;;;;;975.5;;;;1022.8;3.4;8;12.2;28.8;7.9;28.4;;;;;;;;;;;;;;64;;
STK;31.10.2019 00:00;;;;;;;;;973.2;;;;1020.4;2.6;6.3;9.4;22.7;6.1;22;;;;;;;;;;;;;;29;;
STK;01.11.2019 00:00;;;;;;;;;965.5;;;;1012.4;1.9;8.3;6.8;29.9;8;28.8;;;;;;;;;;;;;;239;;
STK;02.11.2019 00:00;;;;;;;;;953.6;;;;1000;3.8;20;13.7;72;19.3;69.5;;;;;;;;;;;;;;229;;
STK;03.11.2019 00:00;;;;;;;;;945.7;;;;991.9;3.8;17;13.7;61.2;16.3;58.7;;;;;;;;;;;;;;231;;
STK;04.11.2019 00:00;;;;;;;;;950.4;;;;996.7;5.4;19.9;19.4;71.6;18.8;67.7;;;;;;;;;;;;;;233;;
STK;05.11.2019 00:00;;;;;;;;;953.3;;;;999.8;1.4;7.5;5;27;7.1;25.6;;;;;;;;;;;;;;219;;
STK;06.11.2019 00:00;;;;;;;;;958.6;;;;1005.2;3.3;9.6;11.9;34.6;9.5;34.2;;;;;;;;;;;;;;226;;
STK;07.11.2019 00:00;;;;;;;;;958.3;;;;1004.9;1.6;6.4;5.8;23;6.3;22.7;;;;;;;;;;;;;;215;;
STK;08.11.2019 00:00;;;;;;;;;959.1;;;;1005.8;2.6;7.7;9.4;27.7;7.6;27.4;;;;;;;;;;;;;;270;;
STK;09.11.2019 00:00;;;;;;;;;963.8;;;;1010.6;2.1;6.2;7.6;22.3;6.2;22.3;;;;;;;;;;;;;;239;;
STK;10.11.2019 00:00;;;;;;;;;965.3;;;;1012.1;2.1;5.6;7.6;20.2;5.5;19.8;;;;;;;;;;;;;;14;;
STK;11.11.2019 00:00;;;;;;;;;964.2;;;;1011.1;2;7.3;7.2;26.3;7.1;25.6;;;;;;;;;;;;;;264;;
STK;12.11.2019 00:00;;;;;;;;;960.6;;;;1007.3;3.2;10.8;11.5;38.9;10.5;37.8;;;;;;;;;;;;;;226;;
STK;13.11.2019 00:00;;;;;;;;;958.5;;;;1005.1;3.3;12.5;11.9;45;12.3;44.3;;;;;;;;;;;;;;232;;
STK;14.11.2019 00:00;;;;;;;;;954.1;;;;1000.5;1.7;6.2;6.1;22.3;6;21.6;;;;;;;;;;;;;;54;;
STK;15.11.2019 00:00;;;;;;;;;953.2;;;;999.6;2.1;14.2;7.6;51.1;13.5;48.6;;;;;;;;;;;;;;225;;
STK;16.11.2019 00:00;;;;;;;;;962.1;;;;1008.9;1.5;5.9;5.4;21.2;5.7;20.5;;;;;;;;;;;;;;221;;
STK;17.11.2019 00:00;;;;;;;;;958.8;;;;1005.5;3.1;11;11.2;39.6;10.6;38.2;;;;;;;;;;;;;;275;;
STK;18.11.2019 00:00;;;;;;;;;964.2;;;;1011.1;4.7;13.9;16.9;50;13.3;47.9;;;;;;;;;;;;;;236;;
STK;19.11.2019 00:00;;;;;;;;;969.8;;;;1016.9;1.2;4.7;4.3;16.9;4.6;16.6;;;;;;;;;;;;;;191;;
STK;20.11.2019 00:00;;;;;;;;;967.1;;;;1014.1;1.7;5.5;6.1;19.8;5.4;19.4;;;;;;;;;;;;;;41;;
STK;21.11.2019 00:00;;;;;;;;;963;;;;1009.8;1.1;3.5;4;12.6;3.4;12.2;;;;;;;;;;;;;;243;;
STK;22.11.2019 00:00;;;;;;;;;960.1;;;;1006.8;2;6;7.2;21.6;5.7;20.5;;;;;;;;;;;;;;50;;
STK;23.11.2019 00:00;;;;;;;;;951.3;;;;997.6;1.5;5.1;5.4;18.4;4.9;17.6;;;;;;;;;;;;;;63;;
STK;24.11.2019 00:00;;;;;;;;;959.6;;;;1006.3;2;8.4;7.2;30.2;8.2;29.5;;;;;;;;;;;;;;229;;
STK;25.11.2019 00:00;;;;;;;;;963.9;;;;1010.8;1.2;4.6;4.3;16.6;4.5;16.2;;;;;;;;;;;;;;248;;
STK;26.11.2019 00:00;;;;;;;;;961.9;;;;1008.7;0.9;3.3;3.2;11.9;3.3;11.9;;;;;;;;;;;;;;59;;
STK;27.11.2019 00:00;;;;;;;;;954.4;;;;1000.8;4.4;15.8;15.8;56.9;15.3;55.1;;;;;;;;;;;;;;227;;
STK;28.11.2019 00:00;;;;;;;;;956.5;;;;1003;7.6;18.5;27.4;66.6;18.1;65.2;;;;;;;;;;;;;;226;;
STK;29.11.2019 00:00;;;;;;;;;965.1;;;;1012;6;16.1;21.6;58;15.8;56.9;;;;;;;;;;;;;;236;;
STK;30.11.2019 00:00;;;;;;;;;974.2;;;;1021.4;1.4;5.5;5;19.8;5.3;19.1;;;;;;;;;;;;;;96;;
STK;01.12.2019 00:00;;;;;;;;;969;;;;1016;1.5;7.1;5.4;25.6;6.8;24.5;;;;;;;;;;;;;;18;;
STK;02.12.2019 00:00;;;;;;;;;976.5;;;;1023.9;3.4;9.6;12.2;34.6;9.1;32.8;;;;;;;;;;;;;;52;;
STK;03.12.2019 00:00;;;;;;;;;979.1;;;;1026.6;3.5;10.2;12.6;36.7;9.8;35.3;;;;;;;;;;;;;;52;;
STK;04.12.2019 00:00;;;;;;;;;974.4;;;;1021.6;1.7;4.7;6.1;16.9;4.6;16.6;;;;;;;;;;;;;;56;;
STK;05.12.2019 00:00;;;;;;;;;975.8;;;;1023.1;2;5.4;7.2;19.4;5.3;19.1;;;;;;;;;;;;;;227;;
STK;06.12.2019 00:00;;;;;;;;;973;;;;1020.2;2.6;8.1;9.4;29.2;8;28.8;;;;;;;;;;;;;;232;;
STK;07.12.2019 00:00;;;;;;;;;971.9;;;;1019;4.2;14.5;15.1;52.2;14.1;50.8;;;;;;;;;;;;;;242;;
STK;08.12.2019 00:00;;;;;;;;;966.8;;;;1013.7;6.4;18.7;23;67.3;17.8;64.1;;;;;;;;;;;;;;226;;
STK;09.12.2019 00:00;;;;;;;;;962.6;;;;1009.4;8.3;21.7;29.9;78.1;21.1;76;;;;;;;;;;;;;;237;;
STK;10.12.2019 00:00;;;;;;;;;978;;;;1025.4;1.6;8.3;5.8;29.9;8.1;29.2;;;;;;;;;;;;;;225;;
STK;11.12.2019 00:00;;;;;;;;;966.9;;;;1013.8;2;12;7.2;43.2;11.7;42.1;;;;;;;;;;;;;;227;;
STK;12.12.2019 00:00;;;;;;;;;957.1;;;;1003.6;3;12.3;10.8;44.3;12;43.2;;;;;;;;;;;;;;226;;
STK;13.12.2019 00:00;;;;;;;;;942.8;;;;988.8;6.6;19.8;23.8;71.3;18.8;67.7;;;;;;;;;;;;;;226;;
STK;14.12.2019 00:00;;;;;;;;;954.8;;;;1001.3;9.2;25.7;33.1;92.5;25;90;;;;;;;;;;;;;;236;;
STK;15.12.2019 00:00;;;;;;;;;962;;;;1008.7;4.1;18.2;14.8;65.5;17.1;61.6;;;;;;;;;;;;;;225;;
STK;16.12.2019 00:00;;;;;;;;;963.3;;;;1010.1;1;3.5;3.6;12.6;3.4;12.2;;;;;;;;;;;;;;225;;
STK;17.12.2019 00:00;;;;;;;;;962.2;;;;1009;1.8;5.2;6.5;18.7;5.1;18.4;;;;;;;;;;;;;;230;;
STK;18.12.2019 00:00;;;;;;;;;971.1;;;;1018.2;1;5.3;3.6;19.1;5.2;18.7;;;;;;;;;;;;;;207;;
STK;19.12.2019 00:00;;;;;;;;;965.9;;;;1012.8;1.2;4.3;4.3;15.5;4.2;15.1;;;;;;;;;;;;;;225;;
STK;20.12.2019 00:00;;;;;;;;;950.3;;;;996.6;2.8;14;10.1;50.4;13.4;48.2;;;;;;;;;;;;;;236;;
STK;21.12.2019 00:00;;;;;;;;;948.8;;;;995;1.8;9.8;6.5;35.3;9.7;34.9;;;;;;;;;;;;;;233;;
STK;22.12.2019 00:00;;;;;;;;;947.3;;;;993.5;5.1;19.1;18.4;68.8;18.3;65.9;;;;;;;;;;;;;;233;;
STK;23.12.2019 00:00;;;;;;;;;965.6;;;;1012.5;8.3;17.8;29.9;64.1;17.2;61.9;;;;;;;;;;;;;;235;;
STK;24.12.2019 00:00;;;;;;;;;970.9;;;;1018;5.9;18.9;21.2;68;18.4;66.2;;;;;;;;;;;;;;239;;
STK;25.12.2019 00:00;;;;;;;;;974.6;;;;1021.9;5.8;16.6;20.9;59.8;16;57.6;;;;;;;;;;;;;;235;;
STK;26.12.2019 00:00;;;;;;;;;977.7;;;;1025.1;2.3;11.7;8.3;42.1;11.6;41.8;;;;;;;;;;;;;;229;;
STK;27.12.2019 00:00;;;;;;;;;979.2;;;;1026.6;3.4;15;12.2;54;14.5;52.2;;;;;;;;;;;;;;227;;
STK;28.12.2019 00:00;;;;;;;;;989.3;;;;1037.1;3.7;9.1;13.3;32.8;8.9;32;;;;;;;;;;;;;;41;;
STK;29.12.2019 00:00;;;;;;;;;989.2;;;;1037;1.4;4.8;5;17.3;4.7;16.9;;;;;;;;;;;;;;36;;
STK;30.12.2019 00:00;;;;;;;;;986.4;;;;1034.2;1.9;5.1;6.8;18.4;4.9;17.6;;;;;;;;;;;;;;213;;
STK;31.12.2019 00:00;;;;;;;;;986.2;;;;1033.9;1.7;5.4;6.1;19.4;5.3;19.1;;;;;;;;;;;;;;256;;
STK;01.01.2020 00:00;;;;;;;;;985;;;;1032.6;1.6;4.9;5.8;17.6;4.8;17.3;;;;;;;;;;;;;;323;;
STK;02.01.2020 00:00;;;;;;;;;982.8;;;;1030.4;2.1;6.2;7.6;22.3;6;21.6;;;;;;;;;;;;;;227;;
STK;03.01.2020 00:00;;;;;;;;;980.1;;;;1027.5;3.8;12.3;13.7;44.3;12;43.2;;;;;;;;;;;;;;232;;
STK;04.01.2020 00:00;;;;;;;;;984.2;;;;1031.8;3.4;8.8;12.2;31.7;8.7;31.3;;;;;;;;;;;;;;238;;
STK;05.01.2020 00:00;;;;;;;;;987.2;;;;1035;0.9;4.2;3.2;15.1;4.1;14.8;;;;;;;;;;;;;;169;;
STK;06.01.2020 00:00;;;;;;;;;982.1;;;;1029.6;1.6;5.4;5.8;19.4;5.2;18.7;;;;;;;;;;;;;;218;;
STK;07.01.2020 00:00;;;;;;;;;982.5;;;;1030.1;1.6;6.8;5.8;24.5;6.6;23.8;;;;;;;;;;;;;;225;;
STK;08.01.2020 00:00;;;;;;;;;982.7;;;;1030.3;1.1;4.5;4;16.2;4.4;15.8;;;;;;;;;;;;;;194;;
STK;09.01.2020 00:00;;;;;;;;;975.4;;;;1022.7;0.8;4.1;2.9;14.8;4;14.4;;;;;;;;;;;;;;63;;
STK;10.01.2020 00:00;;;;;;;;;976.3;;;;1023.6;3.8;13.2;13.7;47.5;12.2;43.9;;;;;;;;;;;;;;231;;
STK;11.01.2020 00:00;;;;;;;;;984.4;;;;1032;1.2;3.7;4.3;13.3;3.7;13.3;;;;;;;;;;;;;;180;;
STK;12.01.2020 00:00;;;;;;;;;981.1;;;;1028.6;1.8;9.2;6.5;33.1;8.9;32;;;;;;;;;;;;;;231;;
STK;13.01.2020 00:00;;;;;;;;;975.6;;;;1022.9;1.1;4.1;4;14.8;4;14.4;;;;;;;;;;;;;;146;;
STK;14.01.2020 00:00;;;;;;;;;972.1;;;;1019.3;1.1;4.4;4;15.8;4.3;15.5;;;;;;;;;;;;;;72;;
STK;15.01.2020 00:00;;;;;;;;;975.1;;;;1022.3;1.2;8.5;4.3;30.6;8.4;30.2;;;;;;;;;;;;;;219;;
STK;16.01.2020 00:00;;;;;;;;;980;;;;1027.4;1.3;3.8;4.7;13.7;3.7;13.3;;;;;;;;;;;;;;153;;
STK;17.01.2020 00:00;;;;;;;;;975.4;;;;1022.7;1.9;8.3;6.8;29.9;8.1;29.2;;;;;;;;;;;;;;238;;
STK;18.01.2020 00:00;;;;;;;;;979.9;;;;1027.3;3.2;10.8;11.5;38.9;10.3;37.1;;;;;;;;;;;;;;237;;
STK;19.01.2020 00:00;;;;;;;;;987.1;;;;1034.9;1.9;9;6.8;32.4;8.7;31.3;;;;;;;;;;;;;;68;;
STK;20.01.2020 00:00;;;;;;;;;993.5;;;;1041.5;5.3;14.8;19.1;53.3;14;50.4;;;;;;;;;;;;;;64;;
STK;21.01.2020 00:00;;;;;;;;;991.1;;;;1039;1.2;4.7;4.3;16.9;4.5;16.2;;;;;;;;;;;;;;90;;
STK;22.01.2020 00:00;;;;;;;;;986.5;;;;1034.2;1.5;6.9;5.4;24.8;6.7;24.1;;;;;;;;;;;;;;34;;
STK;23.01.2020 00:00;;;;;;;;;982;;;;1029.5;2.5;8.2;9;29.5;7.8;28.1;;;;;;;;;;;;;;66;;
STK;24.01.2020 00:00;;;;;;;;;977.7;;;;1025.1;1.2;6.3;4.3;22.7;6.1;22;;;;;;;;;;;;;;203;;
STK;25.01.2020 00:00;;;;;;;;;975.1;;;;1022.4;0.7;2.5;2.5;9;2.4;8.6;;;;;;;;;;;;;;207;;
STK;26.01.2020 00:00;;;;;;;;;973;;;;1020.2;1;3.7;3.6;13.3;3.6;13;;;;;;;;;;;;;;243;;
STK;27.01.2020 00:00;;;;;;;;;967.4;;;;1014.4;1.7;10;6.1;36;9.8;35.3;;;;;;;;;;;;;;233;;
STK;28.01.2020 00:00;;;;;;;;;958.9;;;;1005.6;7.2;22.8;25.9;82.1;22.1;79.6;;;;;;;;;;;;;;233;;
STK;29.01.2020 00:00;;;;;;;;;966.7;;;;1013.7;7;18.2;25.2;65.5;17.7;63.7;;;;;;;;;;;;;;242;;
STK;30.01.2020 00:00;;;;;;;;;969.5;;;;1016.5;4;13;14.4;46.8;12.5;45;;;;;;;;;;;;;;235;;
STK;31.01.2020 00:00;;;;;;;;;969.4;;;;1016.4;5.5;15.3;19.8;55.1;14.6;52.6;;;;;;;;;;;;;;231;;
STK;01.02.2020 00:00;;;;;;;;;967.2;;;;1014.1;5.7;19;20.5;68.4;18.3;65.9;;;;;;;;;;;;;;237;;
STK;02.02.2020 00:00;;;;;;;;;969.5;;;;1016.6;7.9;19.8;28.4;71.3;17.9;64.4;;;;;;;;;;;;;;232;;
STK;03.02.2020 00:00;;;;;;;;;970.1;;;;1017.2;7.3;23.8;26.3;85.7;22.6;81.4;;;;;;;;;;;;;;234;;
STK;04.02.2020 00:00;;;;;;;;;969.5;;;;1016.5;7.5;32.4;27;116.6;29.6;106.6;;;;;;;;;;;;;;250;;
STK;05.02.2020 00:00;;;;;;;;;984.7;;;;1032.4;2.6;9.7;9.4;34.9;9.2;33.1;;;;;;;;;;;;;;261;;
STK;06.02.2020 00:00;;;;;;;;;983.7;;;;1031.3;1.6;5.8;5.8;20.9;5.8;20.9;;;;;;;;;;;;;;60;;
STK;07.02.2020 00:00;;;;;;;;;979.4;;;;1026.8;1.2;3.6;4.3;13;3.5;12.6;;;;;;;;;;;;;;143;;
STK;08.02.2020 00:00;;;;;;;;;978.1;;;;1025.4;1;2.3;3.6;8.3;2.3;8.3;;;;;;;;;;;;;;153;;
STK;09.02.2020 00:00;;;;;;;;;973;;;;1020.2;4.1;16.7;14.8;60.1;15.8;56.9;;;;;;;;;;;;;;223;;
STK;10.02.2020 00:00;;;;;;;;;961.9;;;;1008.7;12.8;34;46.1;122.4;32.3;116.3;;;;;;;;;;;;;;241;;
STK;11.02.2020 00:00;;;;;;;;;967.3;;;;1014.2;8.5;25.7;30.6;92.5;24.4;87.8;;;;;;;;;;;;;;244;;
STK;12.02.2020 00:00;;;;;;;;;973.8;;;;1021.1;6.7;17.2;24.1;61.9;17;61.2;;;;;;;;;;;;;;241;;
STK;13.02.2020 00:00;;;;;;;;;966.3;;;;1013.2;3.6;18.8;13;67.7;18.4;66.2;;;;;;;;;;;;;;236;;
STK;14.02.2020 00:00;;;;;;;;;975.6;;;;1022.9;5;15.1;18;54.4;14.4;51.8;;;;;;;;;;;;;;240;;
STK;15.02.2020 00:00;;;;;;;;;977.1;;;;1024.5;1.6;6;5.8;21.6;5.9;21.2;;;;;;;;;;;;;;217;;
STK;16.02.2020 00:00;;;;;;;;;972;;;;1019.2;1.5;9.5;5.4;34.2;9.3;33.5;;;;;;;;;;;;;;211;;
STK;17.02.2020 00:00;;;;;;;;;973.5;;;;1020.7;4.9;16.5;17.6;59.4;16.1;58;;;;;;;;;;;;;;230;;
STK;18.02.2020 00:00;;;;;;;;;980.7;;;;1028.2;4.6;13.6;16.6;49;12.7;45.7;;;;;;;;;;;;;;238;;
STK;19.02.2020 00:00;;;;;;;;;976.9;;;;1024.2;5.6;19.6;20.2;70.6;18.8;67.7;;;;;;;;;;;;;;240;;
STK;20.02.2020 00:00;;;;;;;;;975.1;;;;1022.4;3.4;16;12.2;57.6;15.5;55.8;;;;;;;;;;;;;;240;;
STK;21.02.2020 00:00;;;;;;;;;981.8;;;;1029.4;3.6;14.9;13;53.6;14.8;53.3;;;;;;;;;;;;;;243;;
STK;22.02.2020 00:00;;;;;;;;;981.9;;;;1029.4;4;12;14.4;43.2;11.6;41.8;;;;;;;;;;;;;;233;;
STK;23.02.2020 00:00;;;;;;;;;977.9;;;;1025.2;7.9;19.5;28.4;70.2;18.3;65.9;;;;;;;;;;;;;;239;;
STK;24.02.2020 00:00;;;;;;;;;972.6;;;;1019.8;5.4;17.7;19.4;63.7;17.1;61.6;;;;;;;;;;;;;;241;;
STK;25.02.2020 00:00;;;;;;;;;960.2;;;;1006.8;6.3;17.5;22.7;63;17.2;61.9;;;;;;;;;;;;;;232;;
STK;26.02.2020 00:00;;;;;;;;;958.8;;;;1005.5;8.1;25.2;29.2;90.7;24.3;87.5;;;;;;;;;;;;;;238;;
STK;27.02.2020 00:00;;;;;;;;;958.8;;;;1005.5;7;28.8;25.2;103.7;28.1;101.2;;;;;;;;;;;;;;240;;
STK;28.02.2020 00:00;;;;;;;;;971.1;;;;1018.2;4;13.8;14.4;49.7;13.2;47.5;;;;;;;;;;;;;;239;;
STK;29.02.2020 00:00;;;;;;;;;958.1;;;;1004.7;3.8;16.3;13.7;58.7;14.8;53.3;;;;;;;;;;;;;;227;;
STK;01.03.2020 00:00;;;;;;;;;955.3;;;;1001.8;5.9;33.2;21.2;119.5;32.5;117;;;;;;;;;;;;;;229;;
STK;02.03.2020 00:00;;;;;;;;;947.3;;;;993.4;3.8;15.9;13.7;57.2;15.1;54.4;;;;;;;;;;;;;;231;;
STK;03.03.2020 00:00;;;;;;;;;958.8;;;;1005.4;4.7;15.1;16.9;54.4;14.9;53.6;;;;;;;;;;;;;;243;;
STK;04.03.2020 00:00;;;;;;;;;966.3;;;;1013.3;2.3;9.5;8.3;34.2;8.9;32;;;;;;;;;;;;;;233;;
STK;05.03.2020 00:00;;;;;;;;;953.3;;;;999.7;2.2;18.6;7.9;67;17.6;63.4;;;;;;;;;;;;;;216;;
STK;06.03.2020 00:00;;;;;;;;;955;;;;1001.5;10.2;21.4;36.7;77;20.3;73.1;;;;;;;;;;;;;;235;;
STK;07.03.2020 00:00;;;;;;;;;972.2;;;;1019.4;3.1;11.1;11.2;40;10.9;39.2;;;;;;;;;;;;;;239;;
STK;08.03.2020 00:00;;;;;;;;;972.4;;;;1019.5;1.6;6.6;5.8;23.8;6.5;23.4;;;;;;;;;;;;;;231;;
STK;09.03.2020 00:00;;;;;;;;;969.9;;;;1017;4.5;12.6;16.2;45.4;12.5;45;;;;;;;;;;;;;;234;;
STK;10.03.2020 00:00;;;;;;;;;971;;;;1018.1;7.6;18.3;27.4;65.9;17.5;63;;;;;;;;;;;;;;229;;
STK;11.03.2020 00:00;;;;;;;;;972.7;;;;1019.9;6.1;14.8;22;53.3;14.5;52.2;;;;;;;;;;;;;;237;;
STK;12.03.2020 00:00;;;;;;;;;969.7;;;;1016.8;6.7;16.2;24.1;58.3;15.7;56.5;;;;;;;;;;;;;;243;;
STK;13.03.2020 00:00;;;;;;;;;973.7;;;;1020.9;4.7;11.5;16.9;41.4;11.4;41;;;;;;;;;;;;;;240;;
STK;14.03.2020 00:00;;;;;;;;;974.2;;;;1021.4;1.1;4.2;4;15.1;4.1;14.8;;;;;;;;;;;;;;72;;
STK;15.03.2020 00:00;;;;;;;;;971.3;;;;1018.4;0.9;4;3.2;14.4;3.9;14;;;;;;;;;;;;;;117;;
STK;16.03.2020 00:00;;;;;;;;;974.3;;;;1021.5;1.2;4;4.3;14.4;3.8;13.7;;;;;;;;;;;;;;180;;
STK;17.03.2020 00:00;;;;;;;;;982.4;;;;1030;1.1;3.9;4;14;3.9;14;;;;;;;;;;;;;;135;;
STK;18.03.2020 00:00;;;;;;;;;980.4;;;;1027.9;0.9;2.8;3.2;10.1;2.8;10.1;;;;;;;;;;;;;;90;;
STK;19.03.2020 00:00;;;;;;;;;976.3;;;;1023.6;1.2;2.8;4.3;10.1;2.8;10.1;;;;;;;;;;;;;;104;;
STK;20.03.2020 00:00;;;;;;;;;972.9;;;;1020;1.8;7.6;6.5;27.4;7.2;25.9;;;;;;;;;;;;;;270;;
STK;21.03.2020 00:00;;;;;;;;;971.5;;;;1018.7;5.4;13.3;19.4;47.9;13;46.8;;;;;;;;;;;;;;56;;
STK;22.03.2020 00:00;;;;;;;;;976.2;;;;1023.5;10;18.5;36;66.6;18.1;65.2;;;;;;;;;;;;;;60;;
STK;23.03.2020 00:00;;;;;;;;;980.6;;;;1028.1;9.9;16.6;35.6;59.8;16.3;58.7;;;;;;;;;;;;;;63;;
STK;24.03.2020 00:00;;;;;;;;;978.7;;;;1026.1;9.2;16.6;33.1;59.8;16.2;58.3;;;;;;;;;;;;;;63;;
STK;25.03.2020 00:00;;;;;;;;;972.3;;;;1019.5;8.3;16.6;29.9;59.8;16.3;58.7;;;;;;;;;;;;;;56;;
STK;26.03.2020 00:00;;;;;;;;;968.1;;;;1015.1;3.5;11.5;12.6;41.4;11.4;41;;;;;;;;;;;;;;63;;
STK;27.03.2020 00:00;;;;;;;;;967.6;;;;1014.6;1.6;4.3;5.8;15.5;4.2;15.1;;;;;;;;;;;;;;194;;
STK;28.03.2020 00:00;;;;;;;;;969.4;;;;1016.5;1.2;3.7;4.3;13.3;3.7;13.3;;;;;;;;;;;;;;180;;
STK;29.03.2020 00:00;;;;;;;;;971.6;;;;1018.8;3.9;12.1;14;43.6;12;43.2;;;;;;;;;;;;;;41;;
STK;30.03.2020 00:00;;;;;;;;;975.6;;;;1022.9;7.2;15.4;25.9;55.4;15;54;;;;;;;;;;;;;;56;;
STK;31.03.2020 00:00;;;;;;;;;976.6;;;;1023.9;3.2;10.3;11.5;37.1;10.2;36.7;;;;;;;;;;;;;;64;;
STK;01.04.2020 00:00;;;;;;;;;971.3;;;;1018.4;1.4;5.5;5;19.8;5.5;19.8;;;;;;;;;;;;;;81;;
STK;02.04.2020 00:00;;;;;;;;;965.8;;;;1012.8;2.2;8.1;7.9;29.2;8;28.8;;;;;;;;;;;;;;225;;
STK;03.04.2020 00:00;;;;;;;;;969.9;;;;1017;1.7;6.4;6.1;23;6.2;22.3;;;;;;;;;;;;;;27;;
STK;04.04.2020 00:00;;;;;;;;;974.8;;;;1022;1.2;4.1;4.3;14.8;3.9;14;;;;;;;;;;;;;;51;;
STK;05.04.2020 00:00;;;;;;;;;974.3;;;;1021.6;1.5;4.3;5.4;15.5;4.2;15.1;;;;;;;;;;;;;;72;;
STK;06.04.2020 00:00;;;;;;;;;976.6;;;;1023.9;1.2;3.5;4.3;12.6;3.4;12.2;;;;;;;;;;;;;;108;;
STK;07.04.2020 00:00;;;;;;;;;980.1;;;;1027.6;2.1;8.7;7.6;31.3;8.6;31;;;;;;;;;;;;;;69;;
STK;08.04.2020 00:00;;;;;;;;;977.5;;;;1024.9;1.4;5.7;5;20.5;5.6;20.2;;;;;;;;;;;;;;228;;
STK;09.04.2020 00:00;;;;;;;;;976.3;;;;1023.6;1.3;6.8;4.7;24.5;6.7;24.1;;;;;;;;;;;;;;76;;
STK;10.04.2020 00:00;;;;;;;;;975.8;;;;1023.1;1.1;3.1;4;11.2;3;10.8;;;;;;;;;;;;;;90;;
STK;11.04.2020 00:00;;;;;;;;;975.3;;;;1022.5;1.3;3.5;4.7;12.6;3.5;12.6;;;;;;;;;;;;;;72;;
STK;12.04.2020 00:00;;;;;;;;;970.2;;;;1017.3;1.9;9.2;6.8;33.1;9;32.4;;;;;;;;;;;;;;234;;
STK;13.04.2020 00:00;;;;;;;;;968.1;;;;1015.1;3.7;15.5;13.3;55.8;14.7;52.9;;;;;;;;;;;;;;37;;
STK;14.04.2020 00:00;;;;;;;;;975.2;;;;1022.5;3.8;10.6;13.7;38.2;10;36;;;;;;;;;;;;;;61;;
STK;15.04.2020 00:00;;;;;;;;;975.2;;;;1022.5;2;6.6;7.2;23.8;6.5;23.4;;;;;;;;;;;;;;67;;
STK;16.04.2020 00:00;;;;;;;;;971.7;;;;1018.8;1.5;4.3;5.4;15.5;4.2;15.1;;;;;;;;;;;;;;90;;
STK;17.04.2020 00:00;;;;;;;;;969.1;;;;1016.1;1.4;3.9;5;14;3.9;14;;;;;;;;;;;;;;153;;
STK;18.04.2020 00:00;;;;;;;;;968.9;;;;1015.9;2.5;9.3;9;33.5;8.8;31.7;;;;;;;;;;;;;;241;;
STK;19.04.2020 00:00;;;;;;;;;966.7;;;;1013.7;3.4;11.8;12.2;42.5;11.6;41.8;;;;;;;;;;;;;;59;;
STK;20.04.2020 00:00;;;;;;;;;964.1;;;;1010.9;7.2;13;25.9;46.8;12.7;45.7;;;;;;;;;;;;;;55;;
STK;21.04.2020 00:00;;;;;;;;;963.8;;;;1010.6;5.4;14.1;19.4;50.8;13.7;49.3;;;;;;;;;;;;;;60;;
STK;22.04.2020 00:00;;;;;;;;;967.8;;;;1014.7;2.1;8.4;7.6;30.2;8.2;29.5;;;;;;;;;;;;;;61;;
STK;23.04.2020 00:00;;;;;;;;;971;;;;1018.1;1.4;4.1;5;14.8;3.9;14;;;;;;;;;;;;;;82;;
STK;24.04.2020 00:00;;;;;;;;;967.1;;;;1014.1;2.8;12.3;10.1;44.3;12.2;43.9;;;;;;;;;;;;;;238;;
STK;25.04.2020 00:00;;;;;;;;;963.3;;;;1010.2;1.8;13.2;6.5;47.5;12.9;46.4;;;;;;;;;;;;;;63;;
STK;26.04.2020 00:00;;;;;;;;;963.2;;;;1010;2.2;12.1;7.9;43.6;11.8;42.5;;;;;;;;;;;;;;233;;
STK;27.04.2020 00:00;;;;;;;;;963.2;;;;1010;2.9;9.1;10.4;32.8;8.6;31;;;;;;;;;;;;;;240;;
STK;28.04.2020 00:00;;;;;;;;;961.8;;;;1008.5;4.1;12.4;14.8;44.6;12.1;43.6;;;;;;;;;;;;;;241;;
STK;29.04.2020 00:00;;;;;;;;;964.1;;;;1010.9;4.5;13.6;16.2;49;13.4;48.2;;;;;;;;;;;;;;234;;
STK;30.04.2020 00:00;;;;;;;;;962.4;;;;1009.2;3.1;12.2;11.2;43.9;11.6;41.8;;;;;;;;;;;;;;224;;
STK;01.05.2020 00:00;;;;;;;;;961.1;;;;1007.8;3.9;16.1;14;58;15.1;54.4;;;;;;;;;;;;;;232;;
STK;02.05.2020 00:00;;;;;;;;;966.3;;;;1013.2;3.4;13.3;12.2;47.9;13.2;47.5;;;;;;;;;;;;;;243;;
STK;03.05.2020 00:00;;;;;;;;;971.9;;;;1019;1.6;6.1;5.8;22;5.9;21.2;;;;;;;;;;;;;;225;;
STK;04.05.2020 00:00;;;;;;;;;969.8;;;;1016.9;3.2;13.1;11.5;47.2;12.8;46.1;;;;;;;;;;;;;;243;;
STK;05.05.2020 00:00;;;;;;;;;970.2;;;;1017.3;2.3;6.4;8.3;23;6.3;22.7;;;;;;;;;;;;;;60;;
STK;06.05.2020 00:00;;;;;;;;;974.9;;;;1022.1;2.7;8.6;9.7;31;8.3;29.9;;;;;;;;;;;;;;49;;
STK;07.05.2020 00:00;;;;;;;;;975.7;;;;1023;1.8;6.8;6.5;24.5;6.8;24.5;;;;;;;;;;;;;;67;;
STK;08.05.2020 00:00;;;;;;;;;970.6;;;;1017.7;1.7;6.9;6.1;24.8;6.7;24.1;;;;;;;;;;;;;;220;;
STK;09.05.2020 00:00;;;;;;;;;965.3;;;;1012.2;1.2;4.2;4.3;15.1;4.1;14.8;;;;;;;;;;;;;;90;;
STK;10.05.2020 00:00;;;;;;;;;960;;;;1006.7;2;6.3;7.2;22.7;6.1;22;;;;;;;;;;;;;;76;;
STK;11.05.2020 00:00;;;;;;;;;956.6;;;;1003.2;3.9;19.8;14;71.3;19.5;70.2;;;;;;;;;;;;;;321;;
STK;12.05.2020 00:00;;;;;;;;;968.2;;;;1015.2;3.5;10.7;12.6;38.5;10.2;36.7;;;;;;;;;;;;;;67;;
STK;13.05.2020 00:00;;;;;;;;;963.2;;;;1010;2.9;8.1;10.4;29.2;8;28.8;;;;;;;;;;;;;;32;;
STK;14.05.2020 00:00;;;;;;;;;965.5;;;;1012.4;6.2;12.3;22.3;44.3;12.2;43.9;;;;;;;;;;;;;;50;;
STK;15.05.2020 00:00;;;;;;;;;969.5;;;;1016.5;4.1;11.8;14.8;42.5;11.4;41;;;;;;;;;;;;;;60;;
STK;16.05.2020 00:00;;;;;;;;;973.5;;;;1020.8;1.2;3;4.3;10.8;3;10.8;;;;;;;;;;;;;;90;;
STK;17.05.2020 00:00;;;;;;;;;974.5;;;;1021.7;1.2;4;4.3;14.4;3.9;14;;;;;;;;;;;;;;76;;
STK;18.05.2020 00:00;;;;;;;;;975.7;;;;1023;1.1;3.2;4;11.5;3.2;11.5;;;;;;;;;;;;;;72;;
STK;19.05.2020 00:00;;;;;;;;;973.2;;;;1020.4;2.2;7.1;7.9;25.6;6.9;24.8;;;;;;;;;;;;;;53;;
STK;20.05.2020 00:00;;;;;;;;;973.3;;;;1020.5;1.9;6.1;6.8;22;6;21.6;;;;;;;;;;;;;;65;;
STK;21.05.2020 00:00;;;;;;;;;974.6;;;;1021.8;1.4;4.3;5;15.5;4.3;15.5;;;;;;;;;;;;;;68;;
STK;22.05.2020 00:00;;;;;;;;;975.7;;;;1023;1.8;6.1;6.5;22;5.8;20.9;;;;;;;;;;;;;;228;;
STK;23.05.2020 00:00;;;;;;;;;978.7;;;;1026.1;2.1;14.3;7.6;51.5;13.8;49.7;;;;;;;;;;;;;;281;;
STK;24.05.2020 00:00;;;;;;;;;984.4;;;;1032;3.1;13.7;11.2;49.3;13.4;48.2;;;;;;;;;;;;;;240;;
STK;25.05.2020 00:00;;;;;;;;;984.9;;;;1032.6;1.6;6.5;5.8;23.4;6.5;23.4;;;;;;;;;;;;;;76;;
STK;26.05.2020 00:00;;;;;;;;;984.9;;;;1032.6;2.6;9.2;9.4;33.1;8.9;32;;;;;;;;;;;;;;70;;
STK;27.05.2020 00:00;;;;;;;;;983.6;;;;1031.2;2.6;7.8;9.4;28.1;7.5;27;;;;;;;;;;;;;;56;;
STK;28.05.2020 00:00;;;;;;;;;980.1;;;;1027.5;2.3;11.9;8.3;42.8;11.4;41;;;;;;;;;;;;;;68;;
STK;29.05.2020 00:00;;;;;;;;;976.2;;;;1023.5;6.3;14;22.7;50.4;13.7;49.3;;;;;;;;;;;;;;59;;
STK;30.05.2020 00:00;;;;;;;;;972.6;;;;1019.8;5;11.4;18;41;11.1;40;;;;;;;;;;;;;;53;;
STK;31.05.2020 00:00;;;;;;;;;971.9;;;;1019;3.6;10.3;13;37.1;10.2;36.7;;;;;;;;;;;;;;60;;
STK;01.06.2020 00:00;;;;;;;;;971.8;;;;1019;2.5;7.5;9;27;7.4;26.6;;;;;;;;;;;;;;60;;
STK;02.06.2020 00:00;;;;;;;;;969;;;;1016;1.3;4.7;4.7;16.9;4.6;16.6;;;;;;;;;;;;;;90;;
STK;03.06.2020 00:00;;;;;;;;;960.2;;;;1006.9;2.3;12.4;8.3;44.6;12.2;43.9;;;;;;;;;;;;;;233;;
STK;04.06.2020 00:00;;;;;;;;;953.1;;;;999.6;3.7;10.5;13.3;37.8;10;36;;;;;;;;;;;;;;226;;
STK;05.06.2020 00:00;;;;;;;;;956.1;;;;1002.6;6.9;21.5;24.8;77.4;20.4;73.4;;;;;;;;;;;;;;236;;
STK;06.06.2020 00:00;;;;;;;;;959.4;;;;1006;5.1;14.2;18.4;51.1;13.9;50;;;;;;;;;;;;;;240;;
STK;07.06.2020 00:00;;;;;;;;;963.9;;;;1010.7;2.1;6.6;7.6;23.8;6.3;22.7;;;;;;;;;;;;;;221;;
STK;08.06.2020 00:00;;;;;;;;;965.7;;;;1012.5;3.2;10.9;11.5;39.2;10.6;38.2;;;;;;;;;;;;;;62;;
STK;09.06.2020 00:00;;;;;;;;;966.6;;;;1013.5;3;7.2;10.8;25.9;7;25.2;;;;;;;;;;;;;;23;;
STK;10.06.2020 00:00;;;;;;;;;965.7;;;;1012.6;2.1;6.9;7.6;24.8;6.8;24.5;;;;;;;;;;;;;;315;;
STK;11.06.2020 00:00;;;;;;;;;962.8;;;;1009.6;1.9;5.5;6.8;19.8;5.3;19.1;;;;;;;;;;;;;;48;;
STK;12.06.2020 00:00;;;;;;;;;960;;;;1006.7;2.7;7.4;9.7;26.6;7;25.2;;;;;;;;;;;;;;60;;
STK;13.06.2020 00:00;;;;;;;;;965.4;;;;1012.2;3.9;20.4;14;73.4;19.5;70.2;;;;;;;;;;;;;;240;;
STK;14.06.2020 00:00;;;;;;;;;970.5;;;;1017.6;3.8;9.8;13.7;35.3;9.5;34.2;;;;;;;;;;;;;;224;;
STK;15.06.2020 00:00;;;;;;;;;971.9;;;;1019;1.3;6.6;4.7;23.8;6.3;22.7;;;;;;;;;;;;;;217;;
STK;16.06.2020 00:00;;;;;;;;;969.6;;;;1016.6;1.3;4.8;4.7;17.3;4.7;16.9;;;;;;;;;;;;;;79;;
STK;17.06.2020 00:00;;;;;;;;;966.2;;;;1013.1;3.2;14.8;11.5;53.3;14.3;51.5;;;;;;;;;;;;;;232;;
STK;18.06.2020 00:00;;;;;;;;;968.3;;;;1015.3;1.6;16.3;5.8;58.7;16.1;58;;;;;;;;;;;;;;217;;
STK;19.06.2020 00:00;;;;;;;;;972.6;;;;1019.7;1.6;17.2;5.8;61.9;15.6;56.2;;;;;;;;;;;;;;219;;
STK;20.06.2020 00:00;;;;;;;;;974.9;;;;1022.1;1.8;6.7;6.5;24.1;6.5;23.4;;;;;;;;;;;;;;51;;
STK;21.06.2020 00:00;;;;;;;;;975;;;;1022.3;1.8;6.1;6.5;22;5.9;21.2;;;;;;;;;;;;;;239;;
STK;22.06.2020 00:00;;;;;;;;;977.2;;;;1024.6;1.8;6.6;6.5;23.8;6.2;22.3;;;;;;;;;;;;;;214;;
STK;23.06.2020 00:00;;;;;;;;;976.2;;;;1023.5;2.2;7;7.9;25.2;6.7;24.1;;;;;;;;;;;;;;49;;
STK;24.06.2020 00:00;;;;;;;;;973.7;;;;1021;2.4;7.9;8.6;28.4;7.6;27.4;;;;;;;;;;;;;;62;;
STK;25.06.2020 00:00;;;;;;;;;971.1;;;;1018.2;1.8;7;6.5;25.2;6.8;24.5;;;;;;;;;;;;;;65;;
STK;26.06.2020 00:00;;;;;;;;;968.7;;;;1015.7;1.9;11.2;6.8;40.3;10.7;38.5;;;;;;;;;;;;;;135;;
STK;27.06.2020 00:00;;;;;;;;;969;;;;1016.1;2.2;9.7;7.9;34.9;9.6;34.6;;;;;;;;;;;;;;234;;
STK;28.06.2020 00:00;;;;;;;;;970.5;;;;1017.6;3.3;12.5;11.9;45;12.1;43.6;;;;;;;;;;;;;;241;;
STK;29.06.2020 00:00;;;;;;;;;969.3;;;;1016.4;3.4;11.4;12.2;41;11.2;40.3;;;;;;;;;;;;;;236;;
STK;30.06.2020 00:00;;;;;;;;;967.9;;;;1014.9;3.2;9.3;11.5;33.5;9.2;33.1;;;;;;;;;;;;;;245;;
STK;01.07.2020 00:00;;;;;;;;;965.5;;;;1012.4;3.1;14;11.2;50.4;13.6;49;;;;;;;;;;;;;;238;;
STK;02.07.2020 00:00;;;;;;;;;968;;;;1015;4.1;13.2;14.8;47.5;12.7;45.7;;;;;;;;;;;;;;239;;
STK;03.07.2020 00:00;;;;;;;;;972.9;;;;1020.1;1.5;5.4;5.4;19.4;5.2;18.7;;;;;;;;;;;;;;225;;
STK;04.07.2020 00:00;;;;;;;;;974.1;;;;1021.3;2.9;8.7;10.4;31.3;8.6;31;;;;;;;;;;;;;;242;;
STK;05.07.2020 00:00;;;;;;;;;972.1;;;;1019.2;4.5;11.3;16.2;40.7;11;39.6;;;;;;;;;;;;;;241;;
STK;06.07.2020 00:00;;;;;;;;;971.6;;;;1018.7;3.2;13.5;11.5;48.6;13.4;48.2;;;;;;;;;;;;;;259;;
STK;07.07.2020 00:00;;;;;;;;;973.5;;;;1020.7;1.6;5.6;5.8;20.2;5.5;19.8;;;;;;;;;;;;;;99;;
STK;08.07.2020 00:00;;;;;;;;;971.8;;;;1018.9;3.4;11.5;12.2;41.4;11.4;41;;;;;;;;;;;;;;237;;
STK;09.07.2020 00:00;;;;;;;;;970.4;;;;1017.4;2.6;11.5;9.4;41.4;10.9;39.2;;;;;;;;;;;;;;237;;
STK;10.07.2020 00:00;;;;;;;;;968.5;;;;1015.5;3.6;12.2;13;43.9;11.9;42.8;;;;;;;;;;;;;;253;;
STK;11.07.2020 00:00;;;;;;;;;975.1;;;;1022.4;1.6;6.1;5.8;22;6;21.6;;;;;;;;;;;;;;90;;
STK;12.07.2020 00:00;;;;;;;;;977;;;;1024.3;3;9.3;10.8;33.5;9.2;33.1;;;;;;;;;;;;;;62;;
STK;13.07.2020 00:00;;;;;;;;;973.8;;;;1021;1.5;5.5;5.4;19.8;5.3;19.1;;;;;;;;;;;;;;79;;
STK;14.07.2020 00:00;;;;;;;;;968.8;;;;1015.9;1.7;6.7;6.1;24.1;6.6;23.8;;;;;;;;;;;;;;191;;
STK;15.07.2020 00:00;;;;;;;;;968.9;;;;1015.9;2.7;11.1;9.7;40;10.8;38.9;;;;;;;;;;;;;;238;;
STK;16.07.2020 00:00;;;;;;;;;972.4;;;;1019.6;3.5;11.7;12.6;42.1;11.3;40.7;;;;;;;;;;;;;;236;;
STK;17.07.2020 00:00;;;;;;;;;973.2;;;;1020.4;1.2;5;4.3;18;5;18;;;;;;;;;;;;;;135;;
STK;18.07.2020 00:00;;;;;;;;;972.8;;;;1020;1.6;5.5;5.8;19.8;5.3;19.1;;;;;;;;;;;;;;77;;
STK;19.07.2020 00:00;;;;;;;;;970.5;;;;1017.6;1.2;3.3;4.3;11.9;3.2;11.5;;;;;;;;;;;;;;180;;
STK;20.07.2020 00:00;;;;;;;;;970.9;;;;1018;1.7;6.1;6.1;22;6;21.6;;;;;;;;;;;;;;229;;
STK;21.07.2020 00:00;;;;;;;;;973.6;;;;1020.8;2.5;7.3;9;26.3;7.2;25.9;;;;;;;;;;;;;;252;;
STK;22.07.2020 00:00;;;;;;;;;973.1;;;;1020.3;1.8;16.4;6.5;59;15.9;57.2;;;;;;;;;;;;;;61;;
STK;23.07.2020 00:00;;;;;;;;;969.2;;;;1016.3;2.4;9.6;8.6;34.6;9.3;33.5;;;;;;;;;;;;;;238;;
STK;24.07.2020 00:00;;;;;;;;;968.2;;;;1015.2;3.1;11;11.2;39.6;10.8;38.9;;;;;;;;;;;;;;236;;
STK;25.07.2020 00:00;;;;;;;;;968.2;;;;1015.2;2;7.7;7.2;27.7;7.6;27.4;;;;;;;;;;;;;;236;;
STK;26.07.2020 00:00;;;;;;;;;969;;;;1016;3;10.8;10.8;38.9;10.2;36.7;;;;;;;;;;;;;;245;;
STK;27.07.2020 00:00;;;;;;;;;969.7;;;;1016.7;2.2;14.1;7.9;50.8;13.8;49.7;;;;;;;;;;;;;;225;;
STK;28.07.2020 00:00;;;;;;;;;968.6;;;;1015.7;2.9;10.9;10.4;39.2;10.6;38.2;;;;;;;;;;;;;;241;;
STK;29.07.2020 00:00;;;;;;;;;972.6;;;;1019.8;1.8;5.7;6.5;20.5;5.3;19.1;;;;;;;;;;;;;;67;;
STK;30.07.2020 00:00;;;;;;;;;972.5;;;;1019.7;1.6;5.5;5.8;19.8;5.3;19.1;;;;;;;;;;;;;;82;;
STK;31.07.2020 00:00;;;;;;;;;970.5;;;;1017.5;1.6;5.3;5.8;19.1;5.2;18.7;;;;;;;;;;;;;;84;;
STK;01.08.2020 00:00;;;;;;;;;969.1;;;;1016.2;2.9;12.6;10.4;45.4;12.4;44.6;;;;;;;;;;;;;;239;;
STK;02.08.2020 00:00;;;;;;;;;969;;;;1016;2.3;10.4;8.3;37.4;10;36;;;;;;;;;;;;;;243;;
STK;03.08.2020 00:00;;;;;;;;;965.9;;;;1012.8;2.6;10;9.4;36;9.7;34.9;;;;;;;;;;;;;;234;;
STK;04.08.2020 00:00;;;;;;;;;970.1;;;;1017.2;1.5;6.7;5.4;24.1;6.5;23.4;;;;;;;;;;;;;;225;;
STK;05.08.2020 00:00;;;;;;;;;972;;;;1019.1;3.1;10.6;11.2;38.2;10.3;37.1;;;;;;;;;;;;;;67;;
STK;06.08.2020 00:00;;;;;;;;;973.2;;;;1020.4;1.4;5;5;18;4.8;17.3;;;;;;;;;;;;;;83;;
STK;07.08.2020 00:00;;;;;;;;;973.6;;;;1020.8;1.3;3.5;4.7;12.6;3.5;12.6;;;;;;;;;;;;;;68;;
STK;08.08.2020 00:00;;;;;;;;;974;;;;1021.3;1.3;3.6;4.7;13;3.4;12.2;;;;;;;;;;;;;;124;;
STK;09.08.2020 00:00;;;;;;;;;971.6;;;;1018.7;1.3;2.8;4.7;10.1;2.8;10.1;;;;;;;;;;;;;;90;;
STK;10.08.2020 00:00;;;;;;;;;969;;;;1016.1;1.4;5.5;5;19.8;5.4;19.4;;;;;;;;;;;;;;194;;
STK;11.08.2020 00:00;;;;;;;;;970.2;;;;1017.3;1.4;6.9;5;24.8;6.8;24.5;;;;;;;;;;;;;;72;;
STK;12.08.2020 00:00;;;;;;;;;969.6;;;;1016.6;1.6;7.9;5.8;28.4;7.6;27.4;;;;;;;;;;;;;;90;;
STK;13.08.2020 00:00;;;;;;;;;969.7;;;;1016.7;1.7;10.2;6.1;36.7;9.6;34.6;;;;;;;;;;;;;;162;;
STK;14.08.2020 00:00;;;;;;;;;969.9;;;;1017;2.2;11.8;7.9;42.5;11.1;40;;;;;;;;;;;;;;230;;
STK;15.08.2020 00:00;;;;;;;;;968.7;;;;1015.7;1.5;3.9;5.4;14;3.8;13.7;;;;;;;;;;;;;;90;;
STK;16.08.2020 00:00;;;;;;;;;965.5;;;;1012.4;1.6;18.3;5.8;65.9;17.9;64.4;;;;;;;;;;;;;;198;;
STK;17.08.2020 00:00;;;;;;;;;967;;;;1013.9;1.9;9.2;6.8;33.1;9;32.4;;;;;;;;;;;;;;217;;
STK;18.08.2020 00:00;;;;;;;;;967.5;;;;1014.5;2.2;10;7.9;36;9.5;34.2;;;;;;;;;;;;;;231;;
STK;19.08.2020 00:00;;;;;;;;;966;;;;1012.9;1.4;3.5;5;12.6;3.4;12.2;;;;;;;;;;;;;;104;;
STK;20.08.2020 00:00;;;;;;;;;965.7;;;;1012.6;1.5;4.4;5.4;15.8;4.3;15.5;;;;;;;;;;;;;;74;;
STK;21.08.2020 00:00;;;;;;;;;967.7;;;;1014.7;1.8;8.4;6.5;30.2;8.3;29.9;;;;;;;;;;;;;;231;;
STK;22.08.2020 00:00;;;;;;;;;973;;;;1020.2;3.2;11;11.5;39.6;10.8;38.9;;;;;;;;;;;;;;228;;
STK;23.08.2020 00:00;;;;;;;;;973.1;;;;1020.3;4;12.3;14.4;44.3;12.2;43.9;;;;;;;;;;;;;;241;;
STK;24.08.2020 00:00;;;;;;;;;971.7;;;;1018.8;2.8;11.2;10.1;40.3;11;39.6;;;;;;;;;;;;;;230;;
STK;25.08.2020 00:00;;;;;;;;;968.4;;;;1015.4;1.6;6.1;5.8;22;6;21.6;;;;;;;;;;;;;;230;;
STK;26.08.2020 00:00;;;;;;;;;969.7;;;;1016.8;7.5;19.5;27;70.2;19.2;69.1;;;;;;;;;;;;;;253;;
STK;27.08.2020 00:00;;;;;;;;;970;;;;1017.1;1.5;5.3;5.4;19.1;5.2;18.7;;;;;;;;;;;;;;210;;
STK;28.08.2020 00:00;;;;;;;;;961.4;;;;1008.2;3.1;13.3;11.2;47.9;13;46.8;;;;;;;;;;;;;;227;;
STK;29.08.2020 00:00;;;;;;;;;961.5;;;;1008.2;1.6;5.8;5.8;20.9;5.7;20.5;;;;;;;;;;;;;;135;;
STK;30.08.2020 00:00;;;;;;;;;964.5;;;;1011.4;3.8;14.3;13.7;51.5;13.8;49.7;;;;;;;;;;;;;;257;;
STK;31.08.2020 00:00;;;;;;;;;970.8;;;;1017.9;1.6;6.8;5.8;24.5;6.6;23.8;;;;;;;;;;;;;;135;;
STK;01.09.2020 00:00;;;;;;;;;970.1;;;;1017.2;2.2;6;7.9;21.6;5.7;20.5;;;;;;;;;;;;;;297;;
STK;02.09.2020 00:00;;;;;;;;;971.6;;;;1018.7;1.4;4;5;14.4;4;14.4;;;;;;;;;;;;;;68;;
STK;03.09.2020 00:00;;;;;;;;;976.4;;;;1023.7;1.7;6.5;6.1;23.4;6.4;23;;;;;;;;;;;;;;221;;
STK;04.09.2020 00:00;;;;;;;;;977.5;;;;1024.9;1.5;4.4;5.4;15.8;4.3;15.5;;;;;;;;;;;;;;108;;
STK;05.09.2020 00:00;;;;;;;;;972.2;;;;1019.4;3.1;10.6;11.2;38.2;10;36;;;;;;;;;;;;;;253;;
STK;06.09.2020 00:00;;;;;;;;;972.5;;;;1019.6;1.5;5.8;5.4;20.9;5.8;20.9;;;;;;;;;;;;;;6;;
STK;07.09.2020 00:00;;;;;;;;;976;;;;1023.3;2.9;11.9;10.4;42.8;11.4;41;;;;;;;;;;;;;;59;;
STK;08.09.2020 00:00;;;;;;;;;980.1;;;;1027.6;1.3;4.1;4.7;14.8;4;14.4;;;;;;;;;;;;;;135;;
STK;09.09.2020 00:00;;;;;;;;;976.7;;;;1024;1.7;5;6.1;18;5;18;;;;;;;;;;;;;;189;;
STK;10.09.2020 00:00;;;;;;;;;972.9;;;;1020.1;1.2;4.2;4.3;15.1;4.1;14.8;;;;;;;;;;;;;;79;;
STK;11.09.2020 00:00;;;;;;;;;970.7;;;;1017.8;1.2;3.4;4.3;12.2;3.4;12.2;;;;;;;;;;;;;;117;;
STK;12.09.2020 00:00;;;;;;;;;974.3;;;;1021.5;1.1;2.9;4;10.4;2.8;10.1;;;;;;;;;;;;;;117;;
STK;13.09.2020 00:00;;;;;;;;;979.2;;;;1026.6;1.1;3.3;4;11.9;3.3;11.9;;;;;;;;;;;;;;90;;
STK;14.09.2020 00:00;;;;;;;;;978.4;;;;1025.8;1.4;3.4;5;12.2;3.3;11.9;;;;;;;;;;;;;;99;;
STK;15.09.2020 00:00;;;;;;;;;975.2;;;;1022.4;1.4;3.6;5;13;3.5;12.6;;;;;;;;;;;;;;117;;
STK;16.09.2020 00:00;;;;;;;;;973.4;;;;1020.6;1.2;3.3;4.3;11.9;3.2;11.5;;;;;;;;;;;;;;202;;
STK;17.09.2020 00:00;;;;;;;;;974.2;;;;1021.5;3.9;11.6;14;41.8;11.4;41;;;;;;;;;;;;;;58;;
STK;18.09.2020 00:00;;;;;;;;;974.8;;;;1022.1;2.4;8.2;8.6;29.5;7.9;28.4;;;;;;;;;;;;;;53;;
STK;19.09.2020 00:00;;;;;;;;;971.6;;;;1018.8;1.4;5.5;5;19.8;5.1;18.4;;;;;;;;;;;;;;108;;
STK;20.09.2020 00:00;;;;;;;;;968.4;;;;1015.4;1.1;4.5;4;16.2;4.4;15.8;;;;;;;;;;;;;;135;;
STK;21.09.2020 00:00;;;;;;;;;969;;;;1016.1;1.5;4.3;5.4;15.5;4.2;15.1;;;;;;;;;;;;;;99;;
STK;22.09.2020 00:00;;;;;;;;;966;;;;1012.9;1.6;6.9;5.8;24.8;6.8;24.5;;;;;;;;;;;;;;207;;
STK;23.09.2020 00:00;;;;;;;;;963.6;;;;1010.5;3.1;8.9;11.2;32;8.8;31.7;;;;;;;;;;;;;;225;;
STK;24.09.2020 00:00;;;;;;;;;961.4;;;;1008.1;2.4;19.8;8.6;71.3;19.2;69.1;;;;;;;;;;;;;;225;;
STK;25.09.2020 00:00;;;;;;;;;956.9;;;;1003.4;5.2;14.1;18.7;50.8;13.5;48.6;;;;;;;;;;;;;;233;;
STK;26.09.2020 00:00;;;;;;;;;957.6;;;;1004.2;10.4;22.5;37.4;81;21.1;76;;;;;;;;;;;;;;237;;
STK;27.09.2020 00:00;;;;;;;;;959.1;;;;1005.8;4.6;13.6;16.6;49;13.2;47.5;;;;;;;;;;;;;;230;;
STK;28.09.2020 00:00;;;;;;;;;965.7;;;;1012.6;2.7;8.7;9.7;31.3;8.5;30.6;;;;;;;;;;;;;;225;;
STK;29.09.2020 00:00;;;;;;;;;972.1;;;;1019.3;4.7;16.2;16.9;58.3;15.2;54.7;;;;;;;;;;;;;;229;;
STK;30.09.2020 00:00;;;;;;;;;968.8;;;;1015.8;1.5;4.1;5.4;14.8;3.9;14;;;;;;;;;;;;;;180;;
STK;01.10.2020 00:00;;;;;;;;;960.7;;;;1007.4;1.9;9;6.8;32.4;8.7;31.3;;;;;;;;;;;;;;229;;
STK;02.10.2020 00:00;;;;;;;;;945.7;;;;991.8;3.3;10.9;11.9;39.2;10.4;37.4;;;;;;;;;;;;;;68;;
STK;03.10.2020 00:00;;;;;;;;;948.1;;;;994.3;4.2;18.3;15.1;65.9;17.7;63.7;;;;;;;;;;;;;;226;;
STK;04.10.2020 00:00;;;;;;;;;954.7;;;;1001.2;3.2;14.7;11.5;52.9;13.9;50;;;;;;;;;;;;;;221;;
STK;05.10.2020 00:00;;;;;;;;;962;;;;1008.7;4.7;17.4;16.9;62.6;16.5;59.4;;;;;;;;;;;;;;225;;
STK;06.10.2020 00:00;;;;;;;;;963.6;;;;1010.4;6.2;20.7;22.3;74.5;20.4;73.4;;;;;;;;;;;;;;229;;
STK;07.10.2020 00:00;;;;;;;;;970.8;;;;1017.9;6.5;16.5;23.4;59.4;16;57.6;;;;;;;;;;;;;;234;;
STK;08.10.2020 00:00;;;;;;;;;976.2;;;;1023.5;3.4;11.5;12.2;41.4;11;39.6;;;;;;;;;;;;;;235;;
STK;09.10.2020 00:00;;;;;;;;;974.7;;;;1022;2.4;8.5;8.6;30.6;8.1;29.2;;;;;;;;;;;;;;236;;
STK;10.10.2020 00:00;;;;;;;;;975.1;;;;1022.3;2;7.8;7.2;28.1;7.7;27.7;;;;;;;;;;;;;;228;;
STK;11.10.2020 00:00;;;;;;;;;973.6;;;;1020.8;1.7;8.5;6.1;30.6;8.3;29.9;;;;;;;;;;;;;;243;;
STK;12.10.2020 00:00;;;;;;;;;973.2;;;;1020.4;2;5.7;7.2;20.5;5.6;20.2;;;;;;;;;;;;;;225;;
STK;13.10.2020 00:00;;;;;;;;;966.1;;;;1013;2;6.8;7.2;24.5;6.7;24.1;;;;;;;;;;;;;;61;;
STK;14.10.2020 00:00;;;;;;;;;965.5;;;;1012.4;3.2;10.4;11.5;37.4;10;36;;;;;;;;;;;;;;54;;
STK;15.10.2020 00:00;;;;;;;;;966.7;;;;1013.6;2.8;8.3;10.1;29.9;8.2;29.5;;;;;;;;;;;;;;42;;
STK;16.10.2020 00:00;;;;;;;;;970.1;;;;1017.2;1.6;7.2;5.8;25.9;7;25.2;;;;;;;;;;;;;;45;;
STK;17.10.2020 00:00;;;;;;;;;971.9;;;;1019;1.4;4.2;5;15.1;4.1;14.8;;;;;;;;;;;;;;21;;
STK;18.10.2020 00:00;;;;;;;;;975.6;;;;1022.9;1;2.7;3.6;9.7;2.6;9.4;;;;;;;;;;;;;;135;;
STK;19.10.2020 00:00;;;;;;;;;975;;;;1022.3;1.1;4.2;4;15.1;4.1;14.8;;;;;;;;;;;;;;171;;
STK;20.10.2020 00:00;;;;;;;;;970.2;;;;1017.2;1.3;5;4.7;18;4.9;17.6;;;;;;;;;;;;;;243;;
STK;21.10.2020 00:00;;;;;;;;;966.8;;;;1013.8;1.3;4.9;4.7;17.6;4.9;17.6;;;;;;;;;;;;;;225;;
STK;22.10.2020 00:00;;;;;;;;;971.5;;;;1018.6;1.8;8.9;6.5;32;8.6;31;;;;;;;;;;;;;;214;;
STK;23.10.2020 00:00;;;;;;;;;969.7;;;;1016.7;1.7;9.5;6.1;34.2;9.2;33.1;;;;;;;;;;;;;;228;;
STK;24.10.2020 00:00;;;;;;;;;971.5;;;;1018.6;2.8;8.9;10.1;32;8.7;31.3;;;;;;;;;;;;;;228;;
STK;25.10.2020 00:00;;;;;;;;;963.9;;;;1010.7;1.2;4;4.3;14.4;3.9;14;;;;;;;;;;;;;;135;;
STK;26.10.2020 00:00;;;;;;;;;961.8;;;;1008.5;3.4;12.5;12.2;45;12.3;44.3;;;;;;;;;;;;;;228;;
STK;27.10.2020 00:00;;;;;;;;;966.1;;;;1013;2.4;9;8.6;32.4;8.8;31.7;;;;;;;;;;;;;;234;;
STK;28.10.2020 00:00;;;;;;;;;969.4;;;;1016.4;3.4;10.8;12.2;38.9;9.9;35.6;;;;;;;;;;;;;;235;;
STK;29.10.2020 00:00;;;;;;;;;974.8;;;;1022;5.6;14.8;20.2;53.3;14.3;51.5;;;;;;;;;;;;;;234;;
STK;30.10.2020 00:00;;;;;;;;;978.7;;;;1026.1;4;11.7;14.4;42.1;10.9;39.2;;;;;;;;;;;;;;231;;
STK;31.10.2020 00:00;;;;;;;;;977.3;;;;1024.7;1.2;3.8;4.3;13.7;3.8;13.7;;;;;;;;;;;;;;225;;
STK;01.11.2020 00:00;;;;;;;;;974.6;;;;1021.9;1.5;6.4;5.4;23;6.2;22.3;;;;;;;;;;;;;;217;;
STK;02.11.2020 00:00;;;;;;;;;973;;;;1020.1;1.3;5.7;4.7;20.5;5.4;19.4;;;;;;;;;;;;;;225;;
STK;03.11.2020 00:00;;;;;;;;;977.6;;;;1024.9;1.7;7.8;6.1;28.1;7.6;27.4;;;;;;;;;;;;;;243;;
STK;04.11.2020 00:00;;;;;;;;;982.3;;;;1029.9;3.6;9.9;13;35.6;9.6;34.6;;;;;;;;;;;;;;58;;
STK;05.11.2020 00:00;;;;;;;;;986.5;;;;1034.2;4.4;9.4;15.8;33.8;9.2;33.1;;;;;;;;;;;;;;59;;
STK;06.11.2020 00:00;;;;;;;;;984.1;;;;1031.7;2.3;8;8.3;28.8;7.9;28.4;;;;;;;;;;;;;;43;;
STK;07.11.2020 00:00;;;;;;;;;980.1;;;;1027.6;1.5;5.1;5.4;18.4;5;18;;;;;;;;;;;;;;6;;
STK;08.11.2020 00:00;;;;;;;;;978.2;;;;1025.6;1.2;5.9;4.3;21.2;5.8;20.9;;;;;;;;;;;;;;252;;
STK;09.11.2020 00:00;;;;;;;;;978.1;;;;1025.5;0.8;2.6;2.9;9.4;2.5;9;;;;;;;;;;;;;;27;;
STK;10.11.2020 00:00;;;;;;;;;979.8;;;;1027.2;1.2;3.6;4.3;13;3.6;13;;;;;;;;;;;;;;252;;
STK;11.11.2020 00:00;;;;;;;;;978.4;;;;1025.8;1.6;4.4;5.8;15.8;4.4;15.8;;;;;;;;;;;;;;255;;
STK;12.11.2020 00:00;;;;;;;;;975.8;;;;1023.1;1.2;6.6;4.3;23.8;6.3;22.7;;;;;;;;;;;;;;225;;
STK;13.11.2020 00:00;;;;;;;;;975.6;;;;1022.9;1;3.6;3.6;13;3.6;13;;;;;;;;;;;;;;117;;
STK;14.11.2020 00:00;;;;;;;;;974.5;;;;1021.8;0.9;3.6;3.2;13;3.6;13;;;;;;;;;;;;;;180;;
STK;15.11.2020 00:00;;;;;;;;;969.6;;;;1016.7;1.2;11.1;4.3;40;11;39.6;;;;;;;;;;;;;;217;;
STK;16.11.2020 00:00;;;;;;;;;974.4;;;;1021.6;4.5;12.1;16.2;43.6;11.5;41.4;;;;;;;;;;;;;;234;;
STK;17.11.2020 00:00;;;;;;;;;981.8;;;;1029.4;1.3;7;4.7;25.2;6.9;24.8;;;;;;;;;;;;;;212;;
STK;18.11.2020 00:00;;;;;;;;;980.2;;;;1027.7;1.3;4.3;4.7;15.5;4.2;15.1;;;;;;;;;;;;;;214;;
STK;19.11.2020 00:00;;;;;;;;;979.4;;;;1026.9;3.9;13.1;14;47.2;12.5;45;;;;;;;;;;;;;;231;;
STK;20.11.2020 00:00;;;;;;;;;985.7;;;;1033.4;3;7.5;10.8;27;7.1;25.6;;;;;;;;;;;;;;24;;
STK;21.11.2020 00:00;;;;;;;;;985.7;;;;1033.4;1.3;4.6;4.7;16.6;4.6;16.6;;;;;;;;;;;;;;153;;
STK;22.11.2020 00:00;;;;;;;;;981.8;;;;1029.4;1.2;4;4.3;14.4;3.9;14;;;;;;;;;;;;;;180;;
STK;23.11.2020 00:00;;;;;;;;;981.9;;;;1029.4;1.1;4.3;4;15.5;4.1;14.8;;;;;;;;;;;;;;194;;
STK;24.11.2020 00:00;;;;;;;;;977.9;;;;1025.2;1.3;4.8;4.7;17.3;4.7;16.9;;;;;;;;;;;;;;157;;
STK;25.11.2020 00:00;;;;;;;;;975.1;;;;1022.3;1.7;4.2;6.1;15.1;4;14.4;;;;;;;;;;;;;;216;;
STK;26.11.2020 00:00;;;;;;;;;976.5;;;;1023.8;1.3;4.4;4.7;15.8;4.3;15.5;;;;;;;;;;;;;;225;;
STK;27.11.2020 00:00;;;;;;;;;974;;;;1021.2;1.6;4.1;5.8;14.8;4;14.4;;;;;;;;;;;;;;333;;
STK;28.11.2020 00:00;;;;;;;;;971.4;;;;1018.6;3.3;12.1;11.9;43.6;11.4;41;;;;;;;;;;;;;;37;;
STK;29.11.2020 00:00;;;;;;;;;974.7;;;;1021.9;5.8;11.3;20.9;40.7;10.9;39.2;;;;;;;;;;;;;;57;;
STK;30.11.2020 00:00;;;;;;;;;977.6;;;;1025;2.6;7.9;9.4;28.4;7.7;27.7;;;;;;;;;;;;;;250;;
STK;01.12.2020 00:00;;;;;;;;;970;;;;1017.1;3.8;11.1;13.7;40;10.8;38.9;;;;;;;;;;;;;;238;;
STK;02.12.2020 00:00;;;;;;;;;967.3;;;;1014.2;3.2;9.1;11.5;32.8;8.9;32;;;;;;;;;;;;;;37;;
STK;03.12.2020 00:00;;;;;;;;;958.2;;;;1004.8;1.8;7.8;6.5;28.1;7.6;27.4;;;;;;;;;;;;;;214;;
STK;04.12.2020 00:00;;;;;;;;;944.4;;;;990.4;1.9;7.9;6.8;28.4;7.5;27;;;;;;;;;;;;;;216;;
STK;05.12.2020 00:00;;;;;;;;;952.1;;;;998.4;2.2;7.9;7.9;28.4;7.8;28.1;;;;;;;;;;;;;;259;;
STK;06.12.2020 00:00;;;;;;;;;952.6;;;;998.9;2.3;6.1;8.3;22;6;21.6;;;;;;;;;;;;;;225;;
STK;07.12.2020 00:00;;;;;;;;;954.6;;;;1001.1;2;5.7;7.2;20.5;5.5;19.8;;;;;;;;;;;;;;34;;
STK;08.12.2020 00:00;;;;;;;;;955.4;;;;1001.9;2.3;6.5;8.3;23.4;6.4;23;;;;;;;;;;;;;;270;;
STK;09.12.2020 00:00;;;;;;;;;962.1;;;;1008.9;3.4;6.4;12.2;23;6.3;22.7;;;;;;;;;;;;;;236;;
STK;10.12.2020 00:00;;;;;;;;;959.8;;;;1006.5;1.6;6.7;5.8;24.1;6.6;23.8;;;;;;;;;;;;;;270;;
STK;11.12.2020 00:00;;;;;;;;;954.2;;;;1000.7;1.7;8.2;6.1;29.5;8;28.8;;;;;;;;;;;;;;216;;
STK;12.12.2020 00:00;;;;;;;;;954.7;;;;1001.2;3;8.1;10.8;29.2;7.9;28.4;;;;;;;;;;;;;;228;;
STK;13.12.2020 00:00;;;;;;;;;966.2;;;;1013.1;3.2;9.8;11.5;35.3;9.4;33.8;;;;;;;;;;;;;;229;;
STK;14.12.2020 00:00;;;;;;;;;968;;;;1015;1.5;6.6;5.4;23.8;6.5;23.4;;;;;;;;;;;;;;270;;
STK;15.12.2020 00:00;;;;;;;;;968.7;;;;1015.7;1;6.8;3.6;24.5;6.7;24.1;;;;;;;;;;;;;;45;;
STK;16.12.2020 00:00;;;;;;;;;972.1;;;;1019.3;1.8;5.7;6.5;20.5;5.6;20.2;;;;;;;;;;;;;;231;;
STK;17.12.2020 00:00;;;;;;;;;977.6;;;;1025;1.4;4.6;5;16.6;4.5;16.2;;;;;;;;;;;;;;180;;
STK;18.12.2020 00:00;;;;;;;;;977.9;;;;1025.3;1;3.8;3.6;13.7;3.7;13.3;;;;;;;;;;;;;;72;;
STK;19.12.2020 00:00;;;;;;;;;974.8;;;;1022;1.1;4.3;4;15.5;4.2;15.1;;;;;;;;;;;;;;27;;
STK;20.12.2020 00:00;;;;;;;;;975.7;;;;1023;0.9;3.1;3.2;11.2;3;10.8;;;;;;;;;;;;;;45;;
STK;21.12.2020 00:00;;;;;;;;;976.2;;;;1023.5;2.2;12.2;7.9;43.9;11.4;41;;;;;;;;;;;;;;225;;
STK;22.12.2020 00:00;;;;;;;;;974.5;;;;1021.7;6.5;15.8;23.4;56.9;15.3;55.1;;;;;;;;;;;;;;231;;
STK;23.12.2020 00:00;;;;;;;;;970.3;;;;1017.3;1.2;11;4.3;39.6;10.4;37.4;;;;;;;;;;;;;;233;;
STK;24.12.2020 00:00;;;;;;;;;966.1;;;;1013;7.8;19.8;28.1;71.3;19.4;69.8;;;;;;;;;;;;;;236;;
STK;25.12.2020 00:00;;;;;;;;;972.4;;;;1019.5;3.6;9.9;13;35.6;9.7;34.9;;;;;;;;;;;;;;333;;
STK;26.12.2020 00:00;;;;;;;;;977.1;;;;1024.5;1.3;4.3;4.7;15.5;4.3;15.5;;;;;;;;;;;;;;207;;
STK;27.12.2020 00:00;;;;;;;;;954.3;;;;1000.7;2.1;7.9;7.6;28.4;7.5;27;;;;;;;;;;;;;;214;;
STK;28.12.2020 00:00;;;;;;;;;937.1;;;;982.9;1.9;8.9;6.8;32;8.7;31.3;;;;;;;;;;;;;;229;;
STK;29.12.2020 00:00;;;;;;;;;947.3;;;;993.5;4.4;19.5;15.8;70.2;18.1;65.2;;;;;;;;;;;;;;226;;
STK;30.12.2020 00:00;;;;;;;;;958.7;;;;1005.3;2.7;11.6;9.7;41.8;11.5;41.4;;;;;;;;;;;;;;227;;
STK;31.12.2020 00:00;;;;;;;;;959.7;;;;1006.4;1.3;8.4;4.7;30.2;8.2;29.5;;;;;;;;;;;;;;217;;
STK;01.01.2021 00:00;;;;;;;;;960.7;;;;1007.4;2.3;8.4;8.3;30.2;8.1;29.2;;;;;;;;;;;;;;39;;
STK;02.01.2021 00:00;;;;;;;;;962.3;;;;1009.1;6;12.2;21.6;43.9;12;43.2;;;;;;;;;;;;;;48;;
STK;03.01.2021 00:00;;;;;;;;;963;;;;1009.8;1.1;6.3;4;22.7;6.1;22;;;;;;;;;;;;;;45;;
STK;04.01.2021 00:00;;;;;;;;;963.7;;;;1010.5;3.7;10;13.3;36;9.5;34.2;;;;;;;;;;;;;;63;;
STK;05.01.2021 00:00;;;;;;;;;964;;;;1010.8;1.7;7.8;6.1;28.1;7.6;27.4;;;;;;;;;;;;;;22;;
STK;06.01.2021 00:00;;;;;;;;;965.5;;;;1012.4;3;8.3;10.8;29.9;8.2;29.5;;;;;;;;;;;;;;228;;
STK;07.01.2021 00:00;;;;;;;;;967.5;;;;1014.5;2.1;5.4;7.6;19.4;5.2;18.7;;;;;;;;;;;;;;229;;
STK;08.01.2021 00:00;;;;;;;;;969.1;;;;1016.2;2.8;8.1;10.1;29.2;8;28.8;;;;;;;;;;;;;;219;;
STK;09.01.2021 00:00;;;;;;;;;972.1;;;;1019.3;4.8;12.7;17.3;45.7;12.3;44.3;;;;;;;;;;;;;;51;;
STK;10.01.2021 00:00;;;;;;;;;973.5;;;;1020.7;7.1;12.7;25.6;45.7;12.5;45;;;;;;;;;;;;;;59;;
STK;11.01.2021 00:00;;;;;;;;;974.7;;;;1022;2.3;10.3;8.3;37.1;10.2;36.7;;;;;;;;;;;;;;99;;
STK;12.01.2021 00:00;;;;;;;;;969.5;;;;1016.6;8.5;20.3;30.6;73.1;18.9;68;;;;;;;;;;;;;;233;;
STK;13.01.2021 00:00;;;;;;;;;971.1;;;;1018.2;6;15.3;21.6;55.1;14.8;53.3;;;;;;;;;;;;;;236;;
STK;14.01.2021 00:00;;;;;;;;;969.8;;;;1016.8;3.7;13.8;13.3;49.7;13.5;48.6;;;;;;;;;;;;;;45;;
STK;15.01.2021 00:00;;;;;;;;;973.9;;;;1021.1;2.8;7.5;10.1;27;7.4;26.6;;;;;;;;;;;;;;51;;
STK;16.01.2021 00:00;;;;;;;;;977.9;;;;1025.3;2.9;7.8;10.4;28.1;7.6;27.4;;;;;;;;;;;;;;234;;
STK;17.01.2021 00:00;;;;;;;;;972.5;;;;1019.6;4.9;12.9;17.6;46.4;12.8;46.1;;;;;;;;;;;;;;240;;
STK;18.01.2021 00:00;;;;;;;;;979.1;;;;1026.5;3.6;8.6;13;31;8.4;30.2;;;;;;;;;;;;;;237;;
STK;19.01.2021 00:00;;;;;;;;;972.5;;;;1019.7;3.2;12.1;11.5;43.6;11.5;41.4;;;;;;;;;;;;;;226;;
STK;20.01.2021 00:00;;;;;;;;;963.2;;;;1010;1;4;3.6;14.4;3.9;14;;;;;;;;;;;;;;180;;
STK;21.01.2021 00:00;;;;;;;;;956.8;;;;1003.4;1.8;6.6;6.5;23.8;6.5;23.4;;;;;;;;;;;;;;225;;
STK;22.01.2021 00:00;;;;;;;;;949.3;;;;995.6;2.5;23;9;82.8;22.2;79.9;;;;;;;;;;;;;;225;;
STK;23.01.2021 00:00;;;;;;;;;951.9;;;;998.2;3.4;14.6;12.2;52.6;13.4;48.2;;;;;;;;;;;;;;239;;
STK;24.01.2021 00:00;;;;;;;;;954.8;;;;1001.3;5.9;17.4;21.2;62.6;17.1;61.6;;;;;;;;;;;;;;242;;
STK;25.01.2021 00:00;;;;;;;;;958.7;;;;1005.3;5.5;16;19.8;57.6;15.7;56.5;;;;;;;;;;;;;;237;;
STK;26.01.2021 00:00;;;;;;;;;973.3;;;;1020.5;5.8;13.5;20.9;48.6;13;46.8;;;;;;;;;;;;;;235;;
STK;27.01.2021 00:00;;;;;;;;;970.3;;;;1017.4;3.2;9.8;11.5;35.3;9.6;34.6;;;;;;;;;;;;;;229;;
STK;28.01.2021 00:00;;;;;;;;;962.9;;;;1009.7;6.2;17.8;22.3;64.1;17;61.2;;;;;;;;;;;;;;238;;
STK;29.01.2021 00:00;;;;;;;;;957.9;;;;1004.5;8.3;18.9;29.9;68;18.2;65.5;;;;;;;;;;;;;;235;;
STK;30.01.2021 00:00;;;;;;;;;954.5;;;;1000.9;4.4;17.5;15.8;63;16.7;60.1;;;;;;;;;;;;;;234;;
STK;31.01.2021 00:00;;;;;;;;;952.4;;;;998.8;1.9;5.7;6.8;20.5;5.6;20.2;;;;;;;;;;;;;;63;;
STK;01.02.2021 00:00;;;;;;;;;950.8;;;;997.1;3.6;11.8;13;42.5;11.6;41.8;;;;;;;;;;;;;;236;;
STK;02.02.2021 00:00;;;;;;;;;960.2;;;;1006.9;6.3;17.4;22.7;62.6;16.8;60.5;;;;;;;;;;;;;;231;;
STK;03.02.2021 00:00;;;;;;;;;960.2;;;;1006.9;5.6;20.3;20.2;73.1;19;68.4;;;;;;;;;;;;;;229;;
STK;04.02.2021 00:00;;;;;;;;;968.1;;;;1015.1;2;13.6;7.2;49;13.2;47.5;;;;;;;;;;;;;;225;;
STK;05.02.2021 00:00;;;;;;;;;965.7;;;;1012.6;1.6;5;5.8;18;4.9;17.6;;;;;;;;;;;;;;108;;
STK;06.02.2021 00:00;;;;;;;;;958.3;;;;1004.9;1.3;4.3;4.7;15.5;4.2;15.1;;;;;;;;;;;;;;180;;
STK;07.02.2021 00:00;;;;;;;;;951.2;;;;997.5;2.9;10.2;10.4;36.7;10.1;36.4;;;;;;;;;;;;;;238;;
STK;08.02.2021 00:00;;;;;;;;;950.1;;;;996.4;2.2;9.9;7.9;35.6;9.6;34.6;;;;;;;;;;;;;;249;;
STK;09.02.2021 00:00;;;;;;;;;954.3;;;;1000.8;2;7;7.2;25.2;6.8;24.5;;;;;;;;;;;;;;254;;
STK;10.02.2021 00:00;;;;;;;;;957.9;;;;1004.5;2.2;7.4;7.9;26.6;7.3;26.3;;;;;;;;;;;;;;6;;
STK;11.02.2021 00:00;;;;;;;;;976.6;;;;1024;4.9;10.4;17.6;37.4;10.2;36.7;;;;;;;;;;;;;;56;;
STK;12.02.2021 00:00;;;;;;;;;977.8;;;;1025.2;7.1;15.9;25.6;57.2;15.5;55.8;;;;;;;;;;;;;;59;;
STK;13.02.2021 00:00;;;;;;;;;983.8;;;;1031.4;9.1;16.4;32.8;59;15.3;55.1;;;;;;;;;;;;;;63;;
STK;14.02.2021 00:00;;;;;;;;;988;;;;1035.8;2.3;10.7;8.3;38.5;10.4;37.4;;;;;;;;;;;;;;135;;
STK;15.02.2021 00:00;;;;;;;;;984.5;;;;1032.2;1.4;10.3;5;37.1;9.9;35.6;;;;;;;;;;;;;;203;;
STK;16.02.2021 00:00;;;;;;;;;975.2;;;;1022.5;1.9;5.7;6.8;20.5;5.5;19.8;;;;;;;;;;;;;;189;;
STK;17.02.2021 00:00;;;;;;;;;974.8;;;;1022.1;3.4;15.2;12.2;54.7;14.7;52.9;;;;;;;;;;;;;;237;;
STK;18.02.2021 00:00;;;;;;;;;970.9;;;;1018;1.1;7.2;4;25.9;6.9;24.8;;;;;;;;;;;;;;217;;
STK;19.02.2021 00:00;;;;;;;;;972.7;;;;1019.8;1.2;5.2;4.3;18.7;5.1;18.4;;;;;;;;;;;;;;76;;
STK;20.02.2021 00:00;;;;;;;;;972.4;;;;1019.6;1.1;3.3;4;11.9;3.2;11.5;;;;;;;;;;;;;;153;;
STK;21.02.2021 00:00;;;;;;;;;971.5;;;;1018.7;0.9;2.9;3.2;10.4;2.8;10.1;;;;;;;;;;;;;;217;;
STK;22.02.2021 00:00;;;;;;;;;976.6;;;;1023.9;1.1;4;4;14.4;3.8;13.7;;;;;;;;;;;;;;225;;
STK;23.02.2021 00:00;;;;;;;;;987.3;;;;1035;0.7;2.7;2.5;9.7;2.7;9.7;;;;;;;;;;;;;;207;;
STK;24.02.2021 00:00;;;;;;;;;986.9;;;;1034.6;0.8;2.8;2.9;10.1;2.7;9.7;;;;;;;;;;;;;;117;;
STK;25.02.2021 00:00;;;;;;;;;983.3;;;;1030.9;0.9;3.1;3.2;11.2;3;10.8;;;;;;;;;;;;;;117;;
STK;26.02.2021 00:00;;;;;;;;;982.9;;;;1030.5;1.9;10.7;6.8;38.5;10.5;37.8;;;;;;;;;;;;;;45;;
STK;27.02.2021 00:00;;;;;;;;;985.8;;;;1033.5;7.1;12.7;25.6;45.7;12.4;44.6;;;;;;;;;;;;;;57;;
STK;28.02.2021 00:00;;;;;;;;;984;;;;1031.7;2.6;9.3;9.4;33.5;9.2;33.1;;;;;;;;;;;;;;56;;
STK;01.03.2021 00:00;;;;;;;;;982.9;;;;1030.5;1.2;3.2;4.3;11.5;3.1;11.2;;;;;;;;;;;;;;124;;
STK;02.03.2021 00:00;;;;;;;;;984.1;;;;1031.7;1.2;3.5;4.3;12.6;3.4;12.2;;;;;;;;;;;;;;104;;
STK;03.03.2021 00:00;;;;;;;;;982.5;;;;1030.1;0.8;2.7;2.9;9.7;2.6;9.4;;;;;;;;;;;;;;153;;
STK;04.03.2021 00:00;;;;;;;;;973.7;;;;1020.9;2.7;10.4;9.7;37.4;10.2;36.7;;;;;;;;;;;;;;237;;
STK;05.03.2021 00:00;;;;;;;;;975.4;;;;1022.6;4.1;10.8;14.8;38.9;10.6;38.2;;;;;;;;;;;;;;58;;
STK;06.03.2021 00:00;;;;;;;;;980.1;;;;1027.5;3.8;11.5;13.7;41.4;11;39.6;;;;;;;;;;;;;;59;;
STK;07.03.2021 00:00;;;;;;;;;974.8;;;;1022.1;1.3;7.1;4.7;25.6;7;25.2;;;;;;;;;;;;;;239;;
STK;08.03.2021 00:00;;;;;;;;;971.7;;;;1018.8;1.4;5.9;5;21.2;5.9;21.2;;;;;;;;;;;;;;63;;
STK;09.03.2021 00:00;;;;;;;;;970.7;;;;1017.8;1.3;7.1;4.7;25.6;6.9;24.8;;;;;;;;;;;;;;180;;
STK;10.03.2021 00:00;;;;;;;;;972.1;;;;1019.3;2.2;6.2;7.9;22.3;6.1;22;;;;;;;;;;;;;;234;;
STK;11.03.2021 00:00;;;;;;;;;964;;;;1010.8;9.1;23.4;32.8;84.2;22;79.2;;;;;;;;;;;;;;237;;
STK;12.03.2021 00:00;;;;;;;;;967.2;;;;1014.2;8.3;19;29.9;68.4;18.3;65.9;;;;;;;;;;;;;;238;;
STK;13.03.2021 00:00;;;;;;;;;962.1;;;;1008.8;11.1;27.8;40;100.1;27.1;97.6;;;;;;;;;;;;;;237;;
STK;14.03.2021 00:00;;;;;;;;;966.9;;;;1013.9;8.4;17.7;30.2;63.7;17.1;61.6;;;;;;;;;;;;;;242;;
STK;15.03.2021 00:00;;;;;;;;;968.4;;;;1015.4;5.8;15;20.9;54;14.3;51.5;;;;;;;;;;;;;;234;;
STK;16.03.2021 00:00;;;;;;;;;975.8;;;;1023.1;5.5;11.3;19.8;40.7;11.1;40;;;;;;;;;;;;;;245;;
STK;17.03.2021 00:00;;;;;;;;;974.5;;;;1021.8;2.4;10.4;8.6;37.4;10.1;36.4;;;;;;;;;;;;;;246;;
STK;18.03.2021 00:00;;;;;;;;;974;;;;1021.2;1.6;5.8;5.8;20.9;5.7;20.5;;;;;;;;;;;;;;23;;
STK;19.03.2021 00:00;;;;;;;;;971.1;;;;1018.2;3;10.9;10.8;39.2;10.8;38.9;;;;;;;;;;;;;;57;;
STK;20.03.2021 00:00;;;;;;;;;977.4;;;;1024.8;2.3;7.3;8.3;26.3;7;25.2;;;;;;;;;;;;;;49;;
STK;21.03.2021 00:00;;;;;;;;;974.3;;;;1021.6;2.4;7;8.6;25.2;6.9;24.8;;;;;;;;;;;;;;232;;
STK;22.03.2021 00:00;;;;;;;;;975.2;;;;1022.5;1.5;7.2;5.4;25.9;7;25.2;;;;;;;;;;;;;;34;;
STK;23.03.2021 00:00;;;;;;;;;978;;;;1025.4;1.3;6.2;4.7;22.3;5.9;21.2;;;;;;;;;;;;;;76;;
STK;24.03.2021 00:00;;;;;;;;;977.2;;;;1024.6;1.5;3.9;5.4;14;3.8;13.7;;;;;;;;;;;;;;90;;
STK;25.03.2021 00:00;;;;;;;;;975;;;;1022.3;2;8.1;7.2;29.2;8;28.8;;;;;;;;;;;;;;228;;
STK;26.03.2021 00:00;;;;;;;;;973.2;;;;1020.4;1.8;7.7;6.5;27.7;7.6;27.4;;;;;;;;;;;;;;235;;
STK;27.03.2021 00:00;;;;;;;;;978.8;;;;1026.2;6.2;15.2;22.3;54.7;14.8;53.3;;;;;;;;;;;;;;245;;
STK;28.03.2021 00:00;;;;;;;;;983.8;;;;1031.4;1.5;5.8;5.4;20.9;5.7;20.5;;;;;;;;;;;;;;180;;
STK;29.03.2021 00:00;;;;;;;;;985.5;;;;1033.1;1.3;4.1;4.7;14.8;4;14.4;;;;;;;;;;;;;;74;;
STK;30.03.2021 00:00;;;;;;;;;983.2;;;;1030.8;1.1;3.2;4;11.5;3.1;11.2;;;;;;;;;;;;;;90;;
STK;31.03.2021 00:00;;;;;;;;;977.4;;;;1024.7;1.2;3.3;4.3;11.9;3.3;11.9;;;;;;;;;;;;;;79;;
STK;01.04.2021 00:00;;;;;;;;;972.7;;;;1019.9;1.5;11.2;5.4;40.3;10.9;39.2;;;;;;;;;;;;;;233;;
STK;02.04.2021 00:00;;;;;;;;;971;;;;1018.1;2.7;9.6;9.7;34.6;9;32.4;;;;;;;;;;;;;;53;;
STK;03.04.2021 00:00;;;;;;;;;975;;;;1022.3;3.8;9.7;13.7;34.9;9.1;32.8;;;;;;;;;;;;;;52;;
STK;04.04.2021 00:00;;;;;;;;;973.4;;;;1020.6;1.3;5;4.7;18;5;18;;;;;;;;;;;;;;59;;
STK;05.04.2021 00:00;;;;;;;;;965.1;;;;1012;6.2;19.3;22.3;69.5;19;68.4;;;;;;;;;;;;;;254;;
STK;06.04.2021 00:00;;;;;;;;;967.2;;;;1014.1;3.9;14.9;14;53.6;14.7;52.9;;;;;;;;;;;;;;241;;
STK;07.04.2021 00:00;;;;;;;;;973.1;;;;1020.3;6.6;18.6;23.8;67;18.3;65.9;;;;;;;;;;;;;;246;;
STK;08.04.2021 00:00;;;;;;;;;976.9;;;;1024.2;3;9.2;10.8;33.1;8.7;31.3;;;;;;;;;;;;;;236;;
STK;09.04.2021 00:00;;;;;;;;;971;;;;1018.1;2.4;14.2;8.6;51.1;13.9;50;;;;;;;;;;;;;;229;;
STK;10.04.2021 00:00;;;;;;;;;967.4;;;;1014.4;2.2;8.6;7.9;31;8.4;30.2;;;;;;;;;;;;;;225;;
STK;11.04.2021 00:00;;;;;;;;;964.6;;;;1011.5;2.8;11.5;10.1;41.4;11.1;40;;;;;;;;;;;;;;243;;
STK;12.04.2021 00:00;;;;;;;;;978;;;;1025.4;2;11.5;7.2;41.4;11.3;40.7;;;;;;;;;;;;;;243;;
STK;13.04.2021 00:00;;;;;;;;;981.5;;;;1029;1.7;11.4;6.1;41;11.3;40.7;;;;;;;;;;;;;;27;;
STK;14.04.2021 00:00;;;;;;;;;978.8;;;;1026.2;3.5;10.5;12.6;37.8;10.3;37.1;;;;;;;;;;;;;;52;;
STK;15.04.2021 00:00;;;;;;;;;977;;;;1024.4;3.6;12.8;13;46.1;12.5;45;;;;;;;;;;;;;;51;;
STK;16.04.2021 00:00;;;;;;;;;974.7;;;;1022;5.6;12;20.2;43.2;11.2;40.3;;;;;;;;;;;;;;51;;
STK;17.04.2021 00:00;;;;;;;;;973.1;;;;1020.3;4.3;9.5;15.5;34.2;9.4;33.8;;;;;;;;;;;;;;50;;
STK;18.04.2021 00:00;;;;;;;;;972.5;;;;1019.7;2.1;6.2;7.6;22.3;6.1;22;;;;;;;;;;;;;;45;;
STK;19.04.2021 00:00;;;;;;;;;971.6;;;;1018.8;1.7;6;6.1;21.6;5.8;20.9;;;;;;;;;;;;;;56;;
STK;20.04.2021 00:00;;;;;;;;;969.4;;;;1016.4;1.6;5.1;5.8;18.4;5;18;;;;;;;;;;;;;;63;;
STK;21.04.2021 00:00;;;;;;;;;968.9;;;;1015.9;1.8;6;6.5;21.6;6;21.6;;;;;;;;;;;;;;76;;
STK;22.04.2021 00:00;;;;;;;;;973.4;;;;1020.6;1.7;10.2;6.1;36.7;10.1;36.4;;;;;;;;;;;;;;243;;
STK;23.04.2021 00:00;;;;;;;;;977.3;;;;1024.7;1.5;5;5.4;18;5;18;;;;;;;;;;;;;;58;;
STK;24.04.2021 00:00;;;;;;;;;974.4;;;;1021.6;1.6;4.5;5.8;16.2;4.3;15.5;;;;;;;;;;;;;;77;;
STK;25.04.2021 00:00;;;;;;;;;972.2;;;;1019.4;2.3;10;8.3;36;9.5;34.2;;;;;;;;;;;;;;66;;
STK;26.04.2021 00:00;;;;;;;;;966.6;;;;1013.6;3.4;8;12.2;28.8;7.8;28.1;;;;;;;;;;;;;;47;;
STK;27.04.2021 00:00;;;;;;;;;959.7;;;;1006.4;1.3;5.8;4.7;20.9;5.7;20.5;;;;;;;;;;;;;;53;;
STK;28.04.2021 00:00;;;;;;;;;958.1;;;;1004.7;2.6;12.1;9.4;43.6;11.9;42.8;;;;;;;;;;;;;;225;;
STK;29.04.2021 00:00;;;;;;;;;961.7;;;;1008.4;3.3;11.3;11.9;40.7;11.1;40;;;;;;;;;;;;;;233;;
STK;30.04.2021 00:00;;;;;;;;;964.4;;;;1011.2;2.9;11.5;10.4;41.4;11.2;40.3;;;;;;;;;;;;;;344;;
STK;01.05.2021 00:00;;;;;;;;;964.4;;;;1011.3;2.3;6.4;8.3;23;6.3;22.7;;;;;;;;;;;;;;8;;
STK;02.05.2021 00:00;;;;;;;;;971.2;;;;1018.3;2.7;12.1;9.7;43.6;12;43.2;;;;;;;;;;;;;;232;;
STK;03.05.2021 00:00;;;;;;;;;973.8;;;;1021;2;6.5;7.2;23.4;6.3;22.7;;;;;;;;;;;;;;239;;
STK;04.05.2021 00:00;;;;;;;;;963.9;;;;1010.8;7.4;26;26.6;93.6;25;90;;;;;;;;;;;;;;237;;
STK;05.05.2021 00:00;;;;;;;;;963.9;;;;1010.7;7.3;22;26.3;79.2;21.2;76.3;;;;;;;;;;;;;;249;;
STK;06.05.2021 00:00;;;;;;;;;963.5;;;;1010.3;3.9;16.6;14;59.8;15.9;57.2;;;;;;;;;;;;;;234;;
STK;07.05.2021 00:00;;;;;;;;;968.7;;;;1015.7;3.4;14;12.2;50.4;13.8;49.7;;;;;;;;;;;;;;243;;
STK;08.05.2021 00:00;;;;;;;;;970.4;;;;1017.5;1.6;8.9;5.8;32;8.7;31.3;;;;;;;;;;;;;;236;;
STK;09.05.2021 00:00;;;;;;;;;963.6;;;;1010.4;2.1;9.7;7.6;34.9;9.4;33.8;;;;;;;;;;;;;;146;;
STK;10.05.2021 00:00;;;;;;;;;962.2;;;;1008.9;2.8;10.9;10.1;39.2;10.4;37.4;;;;;;;;;;;;;;249;;
STK;11.05.2021 00:00;;;;;;;;;963;;;;1009.8;3.7;12.3;13.3;44.3;12;43.2;;;;;;;;;;;;;;236;;
STK;12.05.2021 00:00;;;;;;;;;966.2;;;;1013.1;3.3;13.2;11.9;47.5;12.7;45.7;;;;;;;;;;;;;;240;;
STK;13.05.2021 00:00;;;;;;;;;962.9;;;;1009.7;3.6;15.6;13;56.2;14.8;53.3;;;;;;;;;;;;;;235;;
STK;14.05.2021 00:00;;;;;;;;;963.6;;;;1010.4;3;15.2;10.8;54.7;14.9;53.6;;;;;;;;;;;;;;250;;
STK;15.05.2021 00:00;;;;;;;;;963.1;;;;1009.9;3.9;14;14;50.4;13.6;49;;;;;;;;;;;;;;238;;
STK;16.05.2021 00:00;;;;;;;;;961;;;;1007.7;3.1;9.5;11.2;34.2;9.3;33.5;;;;;;;;;;;;;;240;;
STK;17.05.2021 00:00;;;;;;;;;964.8;;;;1011.6;6.9;20.5;24.8;73.8;20;72;;;;;;;;;;;;;;238;;
STK;18.05.2021 00:00;;;;;;;;;969.3;;;;1016.4;4.6;12.3;16.6;44.3;12.2;43.9;;;;;;;;;;;;;;240;;
STK;19.05.2021 00:00;;;;;;;;;972.5;;;;1019.7;4.1;16.1;14.8;58;15.7;56.5;;;;;;;;;;;;;;236;;
STK;20.05.2021 00:00;;;;;;;;;974.6;;;;1021.9;3.1;12.4;11.2;44.6;12;43.2;;;;;;;;;;;;;;239;;
STK;21.05.2021 00:00;;;;;;;;;967.2;;;;1014.2;3.2;13.6;11.5;49;12.8;46.1;;;;;;;;;;;;;;225;;
STK;22.05.2021 00:00;;;;;;;;;965.7;;;;1012.6;4.4;15.2;15.8;54.7;14.9;53.6;;;;;;;;;;;;;;242;;
STK;23.05.2021 00:00;;;;;;;;;971.2;;;;1018.3;3.8;13;13.7;46.8;12.3;44.3;;;;;;;;;;;;;;234;;
STK;24.05.2021 00:00;;;;;;;;;967.8;;;;1014.8;2.2;15.1;7.9;54.4;14.7;52.9;;;;;;;;;;;;;;245;;
STK;25.05.2021 00:00;;;;;;;;;973.5;;;;1020.7;6.5;19.3;23.4;69.5;18.4;66.2;;;;;;;;;;;;;;244;;
STK;26.05.2021 00:00;;;;;;;;;970.6;;;;1017.7;4.3;17.8;15.5;64.1;15.7;56.5;;;;;;;;;;;;;;242;;
STK;27.05.2021 00:00;;;;;;;;;973.9;;;;1021.1;1.9;7.9;6.8;28.4;7.6;27.4;;;;;;;;;;;;;;229;;
STK;28.05.2021 00:00;;;;;;;;;974.3;;;;1021.5;2;8.3;7.2;29.9;8.2;29.5;;;;;;;;;;;;;;50;;
STK;29.05.2021 00:00;;;;;;;;;975.4;;;;1022.6;2.4;6.7;8.6;24.1;6.5;23.4;;;;;;;;;;;;;;54;;
STK;30.05.2021 00:00;;;;;;;;;975.9;;;;1023.2;4;11.6;14.4;41.8;11.5;41.4;;;;;;;;;;;;;;59;;
STK;31.05.2021 00:00;;;;;;;;;972.7;;;;1019.9;1.9;5.8;6.8;20.9;5.6;20.2;;;;;;;;;;;;;;55;;
STK;01.06.2021 00:00;;;;;;;;;969.5;;;;1016.6;1.5;5.3;5.4;19.1;5.1;18.4;;;;;;;;;;;;;;60;;
STK;02.06.2021 00:00;;;;;;;;;970.4;;;;1017.5;2.4;9.7;8.6;34.9;9.6;34.6;;;;;;;;;;;;;;135;;
STK;03.06.2021 00:00;;;;;;;;;974.9;;;;1022.1;1.4;4.7;5;16.9;4.5;16.2;;;;;;;;;;;;;;180;;
STK;04.06.2021 00:00;;;;;;;;;975.3;;;;1022.6;2.3;15.2;8.3;54.7;15;54;;;;;;;;;;;;;;228;;
STK;05.06.2021 00:00;;;;;;;;;975.9;;;;1023.2;2.6;11.5;9.4;41.4;11.3;40.7;;;;;;;;;;;;;;228;;
STK;06.06.2021 00:00;;;;;;;;;974.7;;;;1021.9;2;5.1;7.2;18.4;5;18;;;;;;;;;;;;;;234;;
STK;07.06.2021 00:00;;;;;;;;;973.5;;;;1020.7;1.4;8.2;5;29.5;8;28.8;;;;;;;;;;;;;;360;;
STK;08.06.2021 00:00;;;;;;;;;974.3;;;;1021.5;1.5;15.3;5.4;55.1;14.4;51.8;;;;;;;;;;;;;;225;;
STK;09.06.2021 00:00;;;;;;;;;974.8;;;;1022.1;1.3;7.1;4.7;25.6;6.8;24.5;;;;;;;;;;;;;;0;;
STK;10.06.2021 00:00;;;;;;;;;974.4;;;;1021.7;1.8;6.1;6.5;22;6;21.6;;;;;;;;;;;;;;55;;
STK;11.06.2021 00:00;;;;;;;;;973.3;;;;1020.5;1.4;4.6;5;16.6;4.5;16.2;;;;;;;;;;;;;;72;;
STK;12.06.2021 00:00;;;;;;;;;974.5;;;;1021.8;2.9;9.8;10.4;35.3;9.7;34.9;;;;;;;;;;;;;;241;;
STK;13.06.2021 00:00;;;;;;;;;977.7;;;;1025;2;6.5;7.2;23.4;6.4;23;;;;;;;;;;;;;;52;;
STK;14.06.2021 00:00;;;;;;;;;973.9;;;;1021.2;1.3;3.9;4.7;14;3.9;14;;;;;;;;;;;;;;60;;
STK;15.06.2021 00:00;;;;;;;;;971.9;;;;1019;1.3;4;4.7;14.4;3.9;14;;;;;;;;;;;;;;81;;
STK;16.06.2021 00:00;;;;;;;;;968.9;;;;1015.9;1.2;3.6;4.3;13;3.5;12.6;;;;;;;;;;;;;;90;;
STK;17.06.2021 00:00;;;;;;;;;967.9;;;;1014.9;1.4;4;5;14.4;3.8;13.7;;;;;;;;;;;;;;104;;
STK;18.06.2021 00:00;;;;;;;;;968.4;;;;1015.4;2.1;13.6;7.6;49;13;46.8;;;;;;;;;;;;;;225;;
STK;19.06.2021 00:00;;;;;;;;;968.2;;;;1015.2;1.8;15.3;6.5;55.1;13.6;49;;;;;;;;;;;;;;117;;
STK;20.06.2021 00:00;;;;;;;;;964.5;;;;1011.3;3.5;22.8;12.6;82.1;22;79.2;;;;;;;;;;;;;;198;;
STK;21.06.2021 00:00;;;;;;;;;963.8;;;;1010.6;2.1;13.7;7.6;49.3;13.6;49;;;;;;;;;;;;;;270;;
STK;22.06.2021 00:00;;;;;;;;;967.1;;;;1014;1.9;9;6.8;32.4;8.8;31.7;;;;;;;;;;;;;;228;;
STK;23.06.2021 00:00;;;;;;;;;970.6;;;;1017.7;2.2;22.2;7.9;79.9;21.7;78.1;;;;;;;;;;;;;;22;;
STK;24.06.2021 00:00;;;;;;;;;972.2;;;;1019.3;3.7;14;13.3;50.4;13.7;49.3;;;;;;;;;;;;;;237;;
STK;25.06.2021 00:00;;;;;;;;;973.1;;;;1020.3;3;10.3;10.8;37.1;10;36;;;;;;;;;;;;;;234;;
STK;26.06.2021 00:00;;;;;;;;;971.2;;;;1018.4;1.3;3.2;4.7;11.5;3.1;11.2;;;;;;;;;;;;;;82;;
STK;27.06.2021 00:00;;;;;;;;;968.9;;;;1016;1.9;9.5;6.8;34.2;9.4;33.8;;;;;;;;;;;;;;45;;
STK;28.06.2021 00:00;;;;;;;;;968.7;;;;1015.7;2.3;23.2;8.3;83.5;23.1;83.2;;;;;;;;;;;;;;261;;
STK;29.06.2021 00:00;;;;;;;;;967.8;;;;1014.8;4;25.4;14.4;91.4;24.3;87.5;;;;;;;;;;;;;;234;;
STK;30.06.2021 00:00;;;;;;;;;969.4;;;;1016.4;5;14.4;18;51.8;14.2;51.1;;;;;;;;;;;;;;235;;
STK;01.07.2021 00:00;;;;;;;;;971.2;;;;1018.3;4.4;13.9;15.8;50;13.8;49.7;;;;;;;;;;;;;;232;;
STK;02.07.2021 00:00;;;;;;;;;972.1;;;;1019.3;2;7;7.2;25.2;6.9;24.8;;;;;;;;;;;;;;231;;
STK;03.07.2021 00:00;;;;;;;;;970.3;;;;1017.4;1.9;12.8;6.8;46.1;12.3;44.3;;;;;;;;;;;;;;211;;
STK;04.07.2021 00:00;;;;;;;;;967.2;;;;1014.2;2.5;14.4;9;51.8;14;50.4;;;;;;;;;;;;;;236;;
STK;05.07.2021 00:00;;;;;;;;;967.1;;;;1014.1;1.6;9.7;5.8;34.9;9.4;33.8;;;;;;;;;;;;;;225;;
STK;06.07.2021 00:00;;;;;;;;;966.5;;;;1013.4;2.5;8.6;9;31;8.4;30.2;;;;;;;;;;;;;;235;;
STK;07.07.2021 00:00;;;;;;;;;971.6;;;;1018.8;1.4;5.4;5;19.4;5.3;19.1;;;;;;;;;;;;;;90;;
STK;08.07.2021 00:00;;;;;;;;;973.6;;;;1020.8;2.3;10.2;8.3;36.7;10;36;;;;;;;;;;;;;;225;;
STK;09.07.2021 00:00;;;;;;;;;975.4;;;;1022.7;3.1;9.1;11.2;32.8;9;32.4;;;;;;;;;;;;;;232;;
STK;10.07.2021 00:00;;;;;;;;;971.1;;;;1018.2;2.4;13.2;8.6;47.5;12.8;46.1;;;;;;;;;;;;;;225;;
STK;11.07.2021 00:00;;;;;;;;;970.8;;;;1017.9;2;6.4;7.2;23;6.3;22.7;;;;;;;;;;;;;;207;;
STK;12.07.2021 00:00;;;;;;;;;964.5;;;;1011.4;1.5;6.1;5.4;22;6.1;22;;;;;;;;;;;;;;63;;
STK;13.07.2021 00:00;;;;;;;;;965.5;;;;1012.4;4.5;23.1;16.2;83.2;21.4;77;;;;;;;;;;;;;;234;;
STK;14.07.2021 00:00;;;;;;;;;967.2;;;;1014.2;4;11.7;14.4;42.1;11.2;40.3;;;;;;;;;;;;;;233;;
STK;15.07.2021 00:00;;;;;;;;;967.9;;;;1014.9;5.5;13.5;19.8;48.6;13;46.8;;;;;;;;;;;;;;230;;
STK;16.07.2021 00:00;;;;;;;;;972.5;;;;1019.6;1.3;5.9;4.7;21.2;5.8;20.9;;;;;;;;;;;;;;243;;
STK;17.07.2021 00:00;;;;;;;;;974.6;;;;1021.8;1.4;6.3;5;22.7;6.2;22.3;;;;;;;;;;;;;;90;;
STK;18.07.2021 00:00;;;;;;;;;973.3;;;;1020.5;1.8;7.3;6.5;26.3;7;25.2;;;;;;;;;;;;;;58;;
STK;19.07.2021 00:00;;;;;;;;;971.5;;;;1018.6;1.6;5.6;5.8;20.2;5.6;20.2;;;;;;;;;;;;;;50;;
STK;20.07.2021 00:00;;;;;;;;;972.2;;;;1019.3;1.7;8.3;6.1;29.9;8.2;29.5;;;;;;;;;;;;;;65;;
STK;21.07.2021 00:00;;;;;;;;;974.1;;;;1021.3;1.1;2.9;4;10.4;2.8;10.1;;;;;;;;;;;;;;72;;
STK;22.07.2021 00:00;;;;;;;;;973;;;;1020.1;1.2;4.6;4.3;16.6;4.6;16.6;;;;;;;;;;;;;;68;;
STK;23.07.2021 00:00;;;;;;;;;968.9;;;;1015.9;1.5;4.2;5.4;15.1;4.1;14.8;;;;;;;;;;;;;;90;;
STK;24.07.2021 00:00;;;;;;;;;965.4;;;;1012.3;1.8;10.4;6.5;37.4;10.2;36.7;;;;;;;;;;;;;;153;;
STK;25.07.2021 00:00;;;;;;;;;965.7;;;;1012.6;1.4;6.4;5;23;6.3;22.7;;;;;;;;;;;;;;225;;
STK;26.07.2021 00:00;;;;;;;;;968;;;;1015;1.8;9.6;6.5;34.6;9.3;33.5;;;;;;;;;;;;;;233;;
STK;27.07.2021 00:00;;;;;;;;;968.9;;;;1016;1.5;4.4;5.4;15.8;4.2;15.1;;;;;;;;;;;;;;72;;
STK;28.07.2021 00:00;;;;;;;;;969.7;;;;1016.8;1.8;6.1;6.5;22;5.9;21.2;;;;;;;;;;;;;;223;;
STK;29.07.2021 00:00;;;;;;;;;969.2;;;;1016.2;2.3;7.5;8.3;27;7.3;26.3;;;;;;;;;;;;;;241;;
STK;30.07.2021 00:00;;;;;;;;;966.3;;;;1013.3;2.4;11.9;8.6;42.8;11.4;41;;;;;;;;;;;;;;228;;
STK;31.07.2021 00:00;;;;;;;;;965.8;;;;1012.7;2.8;10.6;10.1;38.2;10.2;36.7;;;;;;;;;;;;;;247;;
STK;01.08.2021 00:00;;;;;;;;;966.5;;;;1013.5;2.4;8.8;8.6;31.7;8.5;30.6;;;;;;;;;;;;;;236;;
STK;02.08.2021 00:00;;;;;;;;;969.9;;;;1017;2.7;8.4;9.7;30.2;8.3;29.9;;;;;;;;;;;;;;237;;
STK;03.08.2021 00:00;;;;;;;;;969.6;;;;1016.6;2.5;13.8;9;49.7;13.3;47.9;;;;;;;;;;;;;;225;;
STK;04.08.2021 00:00;;;;;;;;;968;;;;1015;1.1;5.3;4;19.1;5.1;18.4;;;;;;;;;;;;;;117;;
STK;05.08.2021 00:00;;;;;;;;;965.4;;;;1012.3;2.7;13.7;9.7;49.3;13.5;48.6;;;;;;;;;;;;;;235;;
STK;06.08.2021 00:00;;;;;;;;;963.7;;;;1010.5;2.9;11;10.4;39.6;10.8;38.9;;;;;;;;;;;;;;231;;
STK;07.08.2021 00:00;;;;;;;;;962.9;;;;1009.7;1.7;10.9;6.1;39.2;10.8;38.9;;;;;;;;;;;;;;217;;
STK;08.08.2021 00:00;;;;;;;;;969.6;;;;1016.7;2.8;9.2;10.1;33.1;9.1;32.8;;;;;;;;;;;;;;223;;
STK;09.08.2021 00:00;;;;;;;;;973.6;;;;1020.8;1.6;6;5.8;21.6;5.9;21.2;;;;;;;;;;;;;;196;;
STK;10.08.2021 00:00;;;;;;;;;972.8;;;;1019.9;1.5;6.9;5.4;24.8;6.7;24.1;;;;;;;;;;;;;;210;;
STK;11.08.2021 00:00;;;;;;;;;973.5;;;;1020.7;1.7;7.2;6.1;25.9;7;25.2;;;;;;;;;;;;;;203;;
STK;12.08.2021 00:00;;;;;;;;;973.9;;;;1021.1;1.6;14.5;5.8;52.2;14.3;51.5;;;;;;;;;;;;;;104;;
STK;13.08.2021 00:00;;;;;;;;;976.4;;;;1023.7;2.7;8.6;9.7;31;8.5;30.6;;;;;;;;;;;;;;233;;
STK;14.08.2021 00:00;;;;;;;;;974.3;;;;1021.6;1.5;4.6;5.4;16.6;4.5;16.2;;;;;;;;;;;;;;72;;
STK;15.08.2021 00:00;;;;;;;;;969.2;;;;1016.2;1.8;9.1;6.5;32.8;8.6;31;;;;;;;;;;;;;;221;;
STK;16.08.2021 00:00;;;;;;;;;969.5;;;;1016.6;5.8;16.4;20.9;59;16.3;58.7;;;;;;;;;;;;;;244;;
STK;17.08.2021 00:00;;;;;;;;;973.9;;;;1021.1;2.2;9;7.9;32.4;8.8;31.7;;;;;;;;;;;;;;254;;
STK;18.08.2021 00:00;;;;;;;;;972.6;;;;1019.7;3.5;10.2;12.6;36.7;9.9;35.6;;;;;;;;;;;;;;231;;
STK;19.08.2021 00:00;;;;;;;;;970.7;;;;1017.8;1.4;4.8;5;17.3;4.7;16.9;;;;;;;;;;;;;;207;;
STK;20.08.2021 00:00;;;;;;;;;971.1;;;;1018.2;1.3;3.5;4.7;12.6;3.4;12.2;;;;;;;;;;;;;;98;;
STK;21.08.2021 00:00;;;;;;;;;972;;;;1019.1;1.6;7.5;5.8;27;7.3;26.3;;;;;;;;;;;;;;180;;
STK;22.08.2021 00:00;;;;;;;;;973.4;;;;1020.6;3.1;9.8;11.2;35.3;9.6;34.6;;;;;;;;;;;;;;239;;
STK;23.08.2021 00:00;;;;;;;;;974.9;;;;1022.2;2.6;10.8;9.4;38.9;10.4;37.4;;;;;;;;;;;;;;254;;
STK;24.08.2021 00:00;;;;;;;;;975.2;;;;1022.5;7.3;13.7;26.3;49.3;13.5;48.6;;;;;;;;;;;;;;57;;
STK;25.08.2021 00:00;;;;;;;;;972.1;;;;1019.3;4;12.6;14.4;45.4;12.4;44.6;;;;;;;;;;;;;;61;;
STK;26.08.2021 00:00;;;;;;;;;968.3;;;;1015.3;2.7;10.1;9.7;36.4;9.8;35.3;;;;;;;;;;;;;;254;;
STK;27.08.2021 00:00;;;;;;;;;969.8;;;;1016.9;1.7;8.6;6.1;31;8.4;30.2;;;;;;;;;;;;;;254;;
STK;28.08.2021 00:00;;;;;;;;;971.5;;;;1018.6;2.1;9.2;7.6;33.1;9.1;32.8;;;;;;;;;;;;;;225;;
STK;29.08.2021 00:00;;;;;;;;;970.8;;;;1017.9;2.5;9.3;9;33.5;9.2;33.1;;;;;;;;;;;;;;234;;
STK;30.08.2021 00:00;;;;;;;;;971;;;;1018.2;3.1;7.7;11.2;27.7;7.6;27.4;;;;;;;;;;;;;;236;;
STK;31.08.2021 00:00;;;;;;;;;975.4;;;;1022.7;1.3;13.9;4.7;50;13.4;48.2;;;;;;;;;;;;;;90;;
STK;01.09.2021 00:00;;;;;;;;;978;;;;1025.3;2.7;10.5;9.7;37.8;10.3;37.1;;;;;;;;;;;;;;68;;
STK;02.09.2021 00:00;;;;;;;;;976.7;;;;1024.1;1.4;6.2;5;22.3;6.1;22;;;;;;;;;;;;;;90;;
STK;03.09.2021 00:00;;;;;;;;;973;;;;1020.2;1.5;4;5.4;14.4;3.9;14;;;;;;;;;;;;;;98;;
STK;04.09.2021 00:00;;;;;;;;;970.8;;;;1017.8;1.2;2.8;4.3;10.1;2.7;9.7;;;;;;;;;;;;;;104;;
STK;05.09.2021 00:00;;;;;;;;;973.5;;;;1020.7;1.2;4.1;4.3;14.8;3.9;14;;;;;;;;;;;;;;81;;
STK;06.09.2021 00:00;;;;;;;;;976.4;;;;1023.7;1.2;4;4.3;14.4;3.9;14;;;;;;;;;;;;;;104;;
STK;07.09.2021 00:00;;;;;;;;;975.8;;;;1023.1;1.1;3.1;4;11.2;3;10.8;;;;;;;;;;;;;;117;;
STK;08.09.2021 00:00;;;;;;;;;970.4;;;;1017.4;1.3;2.8;4.7;10.1;2.7;9.7;;;;;;;;;;;;;;135;;
STK;09.09.2021 00:00;;;;;;;;;969.3;;;;1016.3;2;8.6;7.2;31;8.5;30.6;;;;;;;;;;;;;;228;;
STK;10.09.2021 00:00;;;;;;;;;971;;;;1018.2;1.6;7.2;5.8;25.9;7.1;25.6;;;;;;;;;;;;;;222;;
STK;11.09.2021 00:00;;;;;;;;;972.8;;;;1020;1.4;5.2;5;18.7;5.1;18.4;;;;;;;;;;;;;;248;;
STK;12.09.2021 00:00;;;;;;;;;971.9;;;;1019.1;1.2;4.1;4.3;14.8;4;14.4;;;;;;;;;;;;;;90;;
STK;13.09.2021 00:00;;;;;;;;;971;;;;1018.1;1.7;5;6.1;18;4.8;17.3;;;;;;;;;;;;;;98;;
STK;14.09.2021 00:00;;;;;;;;;969.9;;;;1016.9;1.4;5.2;5;18.7;5.1;18.4;;;;;;;;;;;;;;153;;
STK;15.09.2021 00:00;;;;;;;;;969.1;;;;1016.1;1.4;6.6;5;23.8;6.5;23.4;;;;;;;;;;;;;;238;;
STK;16.09.2021 00:00;;;;;;;;;970.1;;;;1017.2;2.2;8.1;7.9;29.2;7.8;28.1;;;;;;;;;;;;;;261;;
STK;17.09.2021 00:00;;;;;;;;;970;;;;1017;1.6;5.4;5.8;19.4;5.2;18.7;;;;;;;;;;;;;;59;;
STK;18.09.2021 00:00;;;;;;;;;969;;;;1016;1.4;7.3;5;26.3;7.2;25.9;;;;;;;;;;;;;;84;;
STK;19.09.2021 00:00;;;;;;;;;968.2;;;;1015.2;4.1;12.6;14.8;45.4;12.3;44.3;;;;;;;;;;;;;;225;;
STK;20.09.2021 00:00;;;;;;;;;972.8;;;;1019.9;1.4;4.8;5;17.3;4.7;16.9;;;;;;;;;;;;;;196;;
STK;21.09.2021 00:00;;;;;;;;;979.7;;;;1027.1;1.9;6.2;6.8;22.3;6.1;22;;;;;;;;;;;;;;60;;
STK;22.09.2021 00:00;;;;;;;;;980;;;;1027.4;2.3;8.5;8.3;30.6;8.3;29.9;;;;;;;;;;;;;;72;;
STK;23.09.2021 00:00;;;;;;;;;975.2;;;;1022.4;2.5;7.8;9;28.1;7.7;27.7;;;;;;;;;;;;;;231;;
STK;24.09.2021 00:00;;;;;;;;;973.1;;;;1020.3;1.5;5;5.4;18;4.9;17.6;;;;;;;;;;;;;;216;;
STK;25.09.2021 00:00;;;;;;;;;971.8;;;;1019;1.4;3.6;5;13;3.5;12.6;;;;;;;;;;;;;;153;;
STK;26.09.2021 00:00;;;;;;;;;972.5;;;;1019.7;1.5;13.2;5.4;47.5;12.5;45;;;;;;;;;;;;;;225;;
STK;27.09.2021 00:00;;;;;;;;;973.4;;;;1020.6;1.4;4.9;5;17.6;4.8;17.3;;;;;;;;;;;;;;198;;
STK;28.09.2021 00:00;;;;;;;;;975.4;;;;1022.7;1.7;10.4;6.1;37.4;10.3;37.1;;;;;;;;;;;;;;34;;
STK;29.09.2021 00:00;;;;;;;;;976.3;;;;1023.7;4;14.3;14.4;51.5;14;50.4;;;;;;;;;;;;;;243;;
STK;30.09.2021 00:00;;;;;;;;;980.5;;;;1028;1.6;4.1;5.8;14.8;4;14.4;;;;;;;;;;;;;;106;;
STK;01.10.2021 00:00;;;;;;;;;974.2;;;;1021.5;1.5;3.8;5.4;13.7;3.7;13.3;;;;;;;;;;;;;;117;;
STK;02.10.2021 00:00;;;;;;;;;967.8;;;;1014.8;1.5;5.8;5.4;20.9;5.5;19.8;;;;;;;;;;;;;;76;;
STK;03.10.2021 00:00;;;;;;;;;963.6;;;;1010.4;2.3;10.7;8.3;38.5;10.5;37.8;;;;;;;;;;;;;;233;;
STK;04.10.2021 00:00;;;;;;;;;971.2;;;;1018.3;1.8;6.3;6.5;22.7;6.2;22.3;;;;;;;;;;;;;;346;;
STK;05.10.2021 00:00;;;;;;;;;966.7;;;;1013.6;3.2;12.8;11.5;46.1;12.3;44.3;;;;;;;;;;;;;;239;;
STK;06.10.2021 00:00;;;;;;;;;974.9;;;;1022.2;4.6;13.7;16.6;49.3;13.1;47.2;;;;;;;;;;;;;;233;;
STK;07.10.2021 00:00;;;;;;;;;979;;;;1026.4;3.9;11.8;14;42.5;11.4;41;;;;;;;;;;;;;;60;;
STK;08.10.2021 00:00;;;;;;;;;977.8;;;;1025.1;6.3;14.8;22.7;53.3;14.7;52.9;;;;;;;;;;;;;;57;;
STK;09.10.2021 00:00;;;;;;;;;977.5;;;;1024.9;4.9;11.7;17.6;42.1;11.4;41;;;;;;;;;;;;;;61;;
STK;10.10.2021 00:00;;;;;;;;;978.8;;;;1026.2;1.4;4.9;5;17.6;4.8;17.3;;;;;;;;;;;;;;90;;
STK;11.10.2021 00:00;;;;;;;;;978.6;;;;1026.1;1.4;5.7;5;20.5;5.6;20.2;;;;;;;;;;;;;;225;;
STK;12.10.2021 00:00;;;;;;;;;974.3;;;;1021.6;2.4;6.4;8.6;23;6.3;22.7;;;;;;;;;;;;;;231;;
STK;13.10.2021 00:00;;;;;;;;;977.6;;;;1025;1.6;6.9;5.8;24.8;6.8;24.5;;;;;;;;;;;;;;51;;
STK;14.10.2021 00:00;;;;;;;;;979.1;;;;1026.6;1.3;3.7;4.7;13.3;3.6;13;;;;;;;;;;;;;;143;;
STK;15.10.2021 00:00;;;;;;;;;973.2;;;;1020.4;1.4;4.6;5;16.6;4.5;16.2;;;;;;;;;;;;;;180;;
STK;16.10.2021 00:00;;;;;;;;;973.5;;;;1020.7;1.1;2.7;4;9.7;2.6;9.4;;;;;;;;;;;;;;158;;
STK;17.10.2021 00:00;;;;;;;;;974.4;;;;1021.7;1.2;4.1;4.3;14.8;3.9;14;;;;;;;;;;;;;;203;;
STK;18.10.2021 00:00;;;;;;;;;978.2;;;;1025.6;1.4;3.9;5;14;3.7;13.3;;;;;;;;;;;;;;180;;
STK;19.10.2021 00:00;;;;;;;;;978.5;;;;1025.9;1.1;4.2;4;15.1;4.2;15.1;;;;;;;;;;;;;;180;;
STK;20.10.2021 00:00;;;;;;;;;968.8;;;;1015.8;4.1;19.7;14.8;70.9;18.3;65.9;;;;;;;;;;;;;;229;;
STK;21.10.2021 00:00;;;;;;;;;965.5;;;;1012.4;7.5;25;27;90;23.7;85.3;;;;;;;;;;;;;;240;;
STK;22.10.2021 00:00;;;;;;;;;974.4;;;;1021.6;2.3;7.8;8.3;28.1;7.6;27.4;;;;;;;;;;;;;;225;;
STK;23.10.2021 00:00;;;;;;;;;980.2;;;;1027.7;2;8.9;7.2;32;8.6;31;;;;;;;;;;;;;;81;;
STK;24.10.2021 00:00;;;;;;;;;978.7;;;;1026.1;1.5;3.5;5.4;12.6;3.5;12.6;;;;;;;;;;;;;;140;;
STK;25.10.2021 00:00;;;;;;;;;975.7;;;;1023;1.3;3.9;4.7;14;3.8;13.7;;;;;;;;;;;;;;180;;
STK;26.10.2021 00:00;;;;;;;;;978;;;;1025.3;1;3.7;3.6;13.3;3.5;12.6;;;;;;;;;;;;;;146;;
STK;27.10.2021 00:00;;;;;;;;;978.2;;;;1025.6;1.3;4.3;4.7;15.5;4.1;14.8;;;;;;;;;;;;;;45;;
STK;28.10.2021 00:00;;;;;;;;;973.8;;;;1021;1.5;5;5.4;18;5;18;;;;;;;;;;;;;;221;;
STK;29.10.2021 00:00;;;;;;;;;968.1;;;;1015.1;1.4;5.1;5;18.4;4.9;17.6;;;;;;;;;;;;;;270;;
STK;30.10.2021 00:00;;;;;;;;;963.6;;;;1010.4;2;6.8;7.2;24.5;6.7;24.1;;;;;;;;;;;;;;270;;
STK;31.10.2021 00:00;;;;;;;;;962.4;;;;1009.2;1.2;4;4.3;14.4;4;14.4;;;;;;;;;;;;;;225;;
STK;01.11.2021 00:00;;;;;;;;;959.4;;;;1006;1.8;8.1;6.5;29.2;7.9;28.4;;;;;;;;;;;;;;225;;
STK;02.11.2021 00:00;;;;;;;;;957.9;;;;1004.5;2.4;12.6;8.6;45.4;12.5;45;;;;;;;;;;;;;;223;;
STK;03.11.2021 00:00;;;;;;;;;955;;;;1001.5;2.4;10.6;8.6;38.2;10.3;37.1;;;;;;;;;;;;;;234;;
STK;04.11.2021 00:00;;;;;;;;;962.7;;;;1009.5;5.4;15.1;19.4;54.4;14.5;52.2;;;;;;;;;;;;;;230;;
STK;05.11.2021 00:00;;;;;;;;;976.1;;;;1023.4;1.8;6.1;6.5;22;6.1;22;;;;;;;;;;;;;;231;;
STK;06.11.2021 00:00;;;;;;;;;981.3;;;;1028.8;1.4;5.7;5;20.5;5.5;19.8;;;;;;;;;;;;;;63;;
STK;07.11.2021 00:00;;;;;;;;;975.7;;;;1022.9;4.6;11.3;16.6;40.7;10.8;38.9;;;;;;;;;;;;;;236;;
STK;08.11.2021 00:00;;;;;;;;;975.5;;;;1022.8;2;6.9;7.2;24.8;6.6;23.8;;;;;;;;;;;;;;63;;
STK;09.11.2021 00:00;;;;;;;;;977.6;;;;1025;2.6;10.4;9.4;37.4;10.2;36.7;;;;;;;;;;;;;;67;;
STK;10.11.2021 00:00;;;;;;;;;976.9;;;;1024.3;1.1;3.8;4;13.7;3.7;13.3;;;;;;;;;;;;;;203;;
STK;11.11.2021 00:00;;;;;;;;;976.4;;;;1023.7;1.5;5;5.4;18;5;18;;;;;;;;;;;;;;207;;
STK;12.11.2021 00:00;;;;;;;;;972.6;;;;1019.8;1.3;5.6;4.7;20.2;5.5;19.8;;;;;;;;;;;;;;346;;
STK;13.11.2021 00:00;;;;;;;;;970.4;;;;1017.5;1.9;6.6;6.8;23.8;6.5;23.4;;;;;;;;;;;;;;239;;
STK;14.11.2021 00:00;;;;;;;;;970.7;;;;1017.8;3.2;10.3;11.5;37.1;9.6;34.6;;;;;;;;;;;;;;62;;
STK;15.11.2021 00:00;;;;;;;;;973.7;;;;1020.9;4.4;10.2;15.8;36.7;10;36;;;;;;;;;;;;;;50;;
STK;16.11.2021 00:00;;;;;;;;;974.4;;;;1021.6;1.7;4.9;6.1;17.6;4.7;16.9;;;;;;;;;;;;;;261;;
STK;17.11.2021 00:00;;;;;;;;;977;;;;1024.3;2.4;5.9;8.6;21.2;5.8;20.9;;;;;;;;;;;;;;248;;
STK;18.11.2021 00:00;;;;;;;;;983.5;;;;1031.1;1.3;4;4.7;14.4;3.8;13.7;;;;;;;;;;;;;;180;;
STK;19.11.2021 00:00;;;;;;;;;984.7;;;;1032.3;1.3;4.2;4.7;15.1;4.1;14.8;;;;;;;;;;;;;;220;;
STK;20.11.2021 00:00;;;;;;;;;978.5;;;;1025.9;1.5;5.3;5.4;19.1;5.2;18.7;;;;;;;;;;;;;;292;;
STK;21.11.2021 00:00;;;;;;;;;966.7;;;;1013.6;2.3;7.1;8.3;25.6;7;25.2;;;;;;;;;;;;;;270;;
STK;22.11.2021 00:00;;;;;;;;;971.2;;;;1018.4;7.2;15.5;25.9;55.8;15.1;54.4;;;;;;;;;;;;;;54;;
STK;23.11.2021 00:00;;;;;;;;;977.8;;;;1025.2;7.2;14.1;25.9;50.8;14;50.4;;;;;;;;;;;;;;52;;
STK;24.11.2021 00:00;;;;;;;;;972.3;;;;1019.5;2;8.5;7.2;30.6;7.9;28.4;;;;;;;;;;;;;;55;;
STK;25.11.2021 00:00;;;;;;;;;962.8;;;;1009.6;1.5;4.6;5.4;16.6;4.5;16.2;;;;;;;;;;;;;;342;;
STK;26.11.2021 00:00;;;;;;;;;954.6;;;;1001.1;2.9;13.7;10.4;49.3;13;46.8;;;;;;;;;;;;;;229;;
STK;27.11.2021 00:00;;;;;;;;;947.4;;;;993.6;2.9;19.5;10.4;70.2;18.9;68;;;;;;;;;;;;;;222;;
STK;28.11.2021 00:00;;;;;;;;;950.8;;;;997.2;2.5;8.6;9;31;8.4;30.2;;;;;;;;;;;;;;234;;
STK;29.11.2021 00:00;;;;;;;;;962.6;;;;1009.4;4.5;14.4;16.2;51.8;14.3;51.5;;;;;;;;;;;;;;242;;
STK;30.11.2021 00:00;;;;;;;;;970.7;;;;1017.8;10.3;22.6;37.1;81.4;22.1;79.6;;;;;;;;;;;;;;229;;
STK;01.12.2021 00:00;;;;;;;;;959.1;;;;1005.7;7.8;19.1;28.1;68.8;18.3;65.9;;;;;;;;;;;;;;230;;
STK;02.12.2021 00:00;;;;;;;;;957.5;;;;1004.1;5.9;13.7;21.2;49.3;13.4;48.2;;;;;;;;;;;;;;243;;
STK;03.12.2021 00:00;;;;;;;;;967.1;;;;1014;4.1;11.7;14.8;42.1;11.1;40;;;;;;;;;;;;;;232;;
STK;04.12.2021 00:00;;;;;;;;;956.5;;;;1003.1;7.4;18.4;26.6;66.2;18;64.8;;;;;;;;;;;;;;233;;
STK;05.12.2021 00:00;;;;;;;;;959.3;;;;1005.9;2.5;13.4;9;48.2;13.1;47.2;;;;;;;;;;;;;;230;;
STK;06.12.2021 00:00;;;;;;;;;966.6;;;;1013.6;2.2;8.3;7.9;29.9;8.1;29.2;;;;;;;;;;;;;;245;;
STK;07.12.2021 00:00;;;;;;;;;964.5;;;;1011.4;4.1;12.6;14.8;45.4;12.4;44.6;;;;;;;;;;;;;;230;;
STK;08.12.2021 00:00;;;;;;;;;955.8;;;;1002.3;2.1;6.8;7.6;24.5;6.7;24.1;;;;;;;;;;;;;;219;;
STK;09.12.2021 00:00;;;;;;;;;960.8;;;;1007.5;3.7;10.2;13.3;36.7;9.9;35.6;;;;;;;;;;;;;;228;;
STK;10.12.2021 00:00;;;;;;;;;952.8;;;;999.2;4.7;14.2;16.9;51.1;14;50.4;;;;;;;;;;;;;;229;;
STK;11.12.2021 00:00;;;;;;;;;970;;;;1017.1;5.8;14.8;20.9;53.3;14.2;51.1;;;;;;;;;;;;;;233;;
STK;12.12.2021 00:00;;;;;;;;;981.1;;;;1028.6;1.6;4.8;5.8;17.3;4.6;16.6;;;;;;;;;;;;;;231;;
STK;13.12.2021 00:00;;;;;;;;;981.6;;;;1029.1;1.1;3.8;4;13.7;3.7;13.3;;;;;;;;;;;;;;191;;
STK;14.12.2021 00:00;;;;;;;;;982.3;;;;1029.8;1.7;5.2;6.1;18.7;5.1;18.4;;;;;;;;;;;;;;219;;
STK;15.12.2021 00:00;;;;;;;;;984.8;;;;1032.4;1.8;5.7;6.5;20.5;5.6;20.2;;;;;;;;;;;;;;66;;
STK;16.12.2021 00:00;;;;;;;;;988.6;;;;1036.4;1.7;5.3;6.1;19.1;5.2;18.7;;;;;;;;;;;;;;70;;
STK;17.12.2021 00:00;;;;;;;;;988.9;;;;1036.7;3.5;13.8;12.6;49.7;13.6;49;;;;;;;;;;;;;;63;;
STK;18.12.2021 00:00;;;;;;;;;987.6;;;;1035.4;2.8;8.9;10.1;32;8.8;31.7;;;;;;;;;;;;;;67;;
STK;19.12.2021 00:00;;;;;;;;;982.3;;;;1029.9;1.5;6.3;5.4;22.7;6.2;22.3;;;;;;;;;;;;;;252;;
STK;20.12.2021 00:00;;;;;;;;;977.4;;;;1024.8;1.4;7;5;25.2;6.6;23.8;;;;;;;;;;;;;;54;;
STK;21.12.2021 00:00;;;;;;;;;976;;;;1023.3;1.8;6.1;6.5;22;5.8;20.9;;;;;;;;;;;;;;45;;
STK;22.12.2021 00:00;;;;;;;;;976.9;;;;1024.3;1.6;6;5.8;21.6;5.9;21.2;;;;;;;;;;;;;;225;;
STK;23.12.2021 00:00;;;;;;;;;970.8;;;;1017.9;2.2;7.5;7.9;27;7.3;26.3;;;;;;;;;;;;;;220;;
STK;24.12.2021 00:00;;;;;;;;;963.3;;;;1010.1;2.5;7;9;25.2;6.8;24.5;;;;;;;;;;;;;;240;;
STK;25.12.2021 00:00;;;;;;;;;959.6;;;;1006.3;0.9;6;3.2;21.6;5.8;20.9;;;;;;;;;;;;;;207;;
STK;26.12.2021 00:00;;;;;;;;;960.4;;;;1007.1;0.5;2.3;1.8;8.3;2.3;8.3;;;;;;;;;;;;;;45;;
STK;27.12.2021 00:00;;;;;;;;;958.4;;;;1005.1;2;9.3;7.2;33.5;9.2;33.1;;;;;;;;;;;;;;235;;
STK;28.12.2021 00:00;;;;;;;;;957.1;;;;1003.6;6.5;26.7;23.4;96.1;25.5;91.8;;;;;;;;;;;;;;229;;
STK;29.12.2021 00:00;;;;;;;;;966;;;;1012.9;5.9;15.5;21.2;55.8;14.7;52.9;;;;;;;;;;;;;;235;;
STK;30.12.2021 00:00;;;;;;;;;975.7;;;;1023;4.8;14.2;17.3;51.1;13.3;47.9;;;;;;;;;;;;;;234;;
STK;31.12.2021 00:00;;;;;;;;;978.4;;;;1025.9;1.8;7.9;6.5;28.4;7.3;26.3;;;;;;;;;;;;;;221;;
STK;01.01.2022 00:00;;;;;;;;;980.8;;;;1028.2;1;3.7;3.6;13.3;3.6;13;;;;;;;;;;;;;;214;;
STK;02.01.2022 00:00;;;;;;;;;975.7;;;;1022.9;1.7;10.4;6.1;37.4;10.1;36.4;;;;;;;;;;;;;;239;;
STK;03.01.2022 00:00;;;;;;;;;971;;;;1018.1;5.7;18.1;20.5;65.2;17.7;63.7;;;;;;;;;;;;;;237;;
STK;04.01.2022 00:00;;;;;;;;;956;;;;1002.5;5.6;22.7;20.2;81.7;21.7;78.1;;;;;;;;;;;;;;234;;
STK;05.01.2022 00:00;;;;;;;;;963.8;;;;1010.6;4.9;12;17.6;43.2;11.5;41.4;;;;;;;;;;;;;;241;;
STK;06.01.2022 00:00;;;;;;;;;972.6;;;;1019.8;2.4;7.2;8.6;25.9;7.1;25.6;;;;;;;;;;;;;;223;;
STK;07.01.2022 00:00;;;;;;;;;971.8;;;;1018.9;4.7;13.3;16.9;47.9;13.2;47.5;;;;;;;;;;;;;;229;;
STK;08.01.2022 00:00;;;;;;;;;965;;;;1011.8;5;17;18;61.2;15.3;55.1;;;;;;;;;;;;;;233;;
STK;09.01.2022 00:00;;;;;;;;;958.7;;;;1005.3;5.6;23;20.2;82.8;22.4;80.6;;;;;;;;;;;;;;233;;
STK;10.01.2022 00:00;;;;;;;;;972.7;;;;1019.9;2.2;7.2;7.9;25.9;7.1;25.6;;;;;;;;;;;;;;41;;
STK;11.01.2022 00:00;;;;;;;;;982.9;;;;1030.5;4.2;10.9;15.1;39.2;10.6;38.2;;;;;;;;;;;;;;58;;
STK;12.01.2022 00:00;;;;;;;;;989;;;;1036.8;2.5;8.5;9;30.6;8.4;30.2;;;;;;;;;;;;;;56;;
STK;13.01.2022 00:00;;;;;;;;;991.2;;;;1039.1;1.9;5;6.8;18;4.8;17.3;;;;;;;;;;;;;;29;;
STK;14.01.2022 00:00;;;;;;;;;987.4;;;;1035.2;1.1;3.7;4;13.3;3.6;13;;;;;;;;;;;;;;180;;
STK;15.01.2022 00:00;;;;;;;;;980;;;;1027.4;1.3;4.6;4.7;16.6;4.5;16.2;;;;;;;;;;;;;;211;;
STK;16.01.2022 00:00;;;;;;;;;981.1;;;;1028.6;3.2;7.5;11.5;27;7.5;27;;;;;;;;;;;;;;232;;
STK;17.01.2022 00:00;;;;;;;;;987.3;;;;1035.1;2.6;8.3;9.4;29.9;8.2;29.5;;;;;;;;;;;;;;228;;
STK;18.01.2022 00:00;;;;;;;;;987.5;;;;1035.2;2.9;9.8;10.4;35.3;9.6;34.6;;;;;;;;;;;;;;59;;
STK;19.01.2022 00:00;;;;;;;;;980.8;;;;1028.3;5.2;16.5;18.7;59.4;15.9;57.2;;;;;;;;;;;;;;237;;
STK;20.01.2022 00:00;;;;;;;;;979.9;;;;1027.4;5.1;11.4;18.4;41;11.4;41;;;;;;;;;;;;;;239;;
STK;21.01.2022 00:00;;;;;;;;;985.1;;;;1032.7;1.1;2.9;4;10.4;2.9;10.4;;;;;;;;;;;;;;180;;
STK;22.01.2022 00:00;;;;;;;;;986.4;;;;1034.1;2;6.6;7.2;23.8;6.2;22.3;;;;;;;;;;;;;;220;;
STK;23.01.2022 00:00;;;;;;;;;985.9;;;;1033.6;1.3;5.3;4.7;19.1;5.2;18.7;;;;;;;;;;;;;;69;;
STK;24.01.2022 00:00;;;;;;;;;985.3;;;;1033;1.4;4.1;5;14.8;4;14.4;;;;;;;;;;;;;;63;;
STK;25.01.2022 00:00;;;;;;;;;985.4;;;;1033;1.5;4.5;5.4;16.2;4.4;15.8;;;;;;;;;;;;;;220;;
STK;26.01.2022 00:00;;;;;;;;;984;;;;1031.6;1.4;5.1;5;18.4;5;18;;;;;;;;;;;;;;225;;
STK;27.01.2022 00:00;;;;;;;;;982.3;;;;1029.8;3.5;9.8;12.6;35.3;9.7;34.9;;;;;;;;;;;;;;229;;
STK;28.01.2022 00:00;;;;;;;;;987.2;;;;1035;3.4;10.4;12.2;37.4;10.1;36.4;;;;;;;;;;;;;;235;;
STK;29.01.2022 00:00;;;;;;;;;984.2;;;;1031.8;6.7;16.7;24.1;60.1;16.6;59.8;;;;;;;;;;;;;;237;;
STK;30.01.2022 00:00;;;;;;;;;980.8;;;;1028.3;4.5;13.4;16.2;48.2;13.1;47.2;;;;;;;;;;;;;;240;;
STK;31.01.2022 00:00;;;;;;;;;969.4;;;;1016.4;8.1;20.1;29.2;72.4;17.5;63;;;;;;;;;;;;;;242;;
STK;01.02.2022 00:00;;;;;;;;;974.1;;;;1021.4;8.7;22.1;31.3;79.6;21.5;77.4;;;;;;;;;;;;;;238;;
STK;02.02.2022 00:00;;;;;;;;;974.4;;;;1021.7;5.4;12.7;19.4;45.7;12.2;43.9;;;;;;;;;;;;;;242;;
STK;03.02.2022 00:00;;;;;;;;;972.6;;;;1019.8;1.7;6.4;6.1;23;6.4;23;;;;;;;;;;;;;;228;;
STK;04.02.2022 00:00;;;;;;;;;970.2;;;;1017.2;5.8;15.5;20.9;55.8;15;54;;;;;;;;;;;;;;237;;
STK;05.02.2022 00:00;;;;;;;;;977.4;;;;1024.8;2.5;10.5;9;37.8;10.2;36.7;;;;;;;;;;;;;;243;;
STK;06.02.2022 00:00;;;;;;;;;970.7;;;;1017.8;10.1;26.8;36.4;96.5;26;93.6;;;;;;;;;;;;;;230;;
STK;07.02.2022 00:00;;;;;;;;;977.4;;;;1024.7;5.5;21.1;19.8;76;20.2;72.7;;;;;;;;;;;;;;249;;
STK;08.02.2022 00:00;;;;;;;;;985.8;;;;1033.5;1.3;4.6;4.7;16.6;4.5;16.2;;;;;;;;;;;;;;198;;
STK;09.02.2022 00:00;;;;;;;;;982.2;;;;1029.7;1.1;3;4;10.8;2.9;10.4;;;;;;;;;;;;;;124;;
STK;10.02.2022 00:00;;;;;;;;;977.3;;;;1024.6;2.4;11.2;8.6;40.3;11;39.6;;;;;;;;;;;;;;234;;
STK;11.02.2022 00:00;;;;;;;;;982;;;;1029.5;2.2;8;7.9;28.8;7.8;28.1;;;;;;;;;;;;;;280;;
STK;12.02.2022 00:00;;;;;;;;;981;;;;1028.4;1.7;7.2;6.1;25.9;7.1;25.6;;;;;;;;;;;;;;63;;
STK;13.02.2022 00:00;;;;;;;;;972.4;;;;1019.6;0.9;3.3;3.2;11.9;3.2;11.5;;;;;;;;;;;;;;135;;
STK;14.02.2022 00:00;;;;;;;;;963.8;;;;1010.7;1.9;9.5;6.8;34.2;9;32.4;;;;;;;;;;;;;;227;;
STK;15.02.2022 00:00;;;;;;;;;968.9;;;;1015.9;5.1;12.3;18.4;44.3;11.9;42.8;;;;;;;;;;;;;;233;;
STK;16.02.2022 00:00;;;;;;;;;965.8;;;;1012.7;7.8;22;28.1;79.2;21;75.6;;;;;;;;;;;;;;229;;
STK;17.02.2022 00:00;;;;;;;;;966.5;;;;1013.4;11.3;24.5;40.7;88.2;23.7;85.3;;;;;;;;;;;;;;237;;
STK;18.02.2022 00:00;;;;;;;;;965.2;;;;1012;5.6;20.9;20.2;75.2;20.5;73.8;;;;;;;;;;;;;;242;;
STK;19.02.2022 00:00;;;;;;;;;972.5;;;;1019.7;6.1;15.6;22;56.2;15.2;54.7;;;;;;;;;;;;;;237;;
STK;20.02.2022 00:00;;;;;;;;;971.7;;;;1018.9;9.1;27.5;32.8;99;25.7;92.5;;;;;;;;;;;;;;234;;
STK;21.02.2022 00:00;;;;;;;;;965.1;;;;1012;9.8;26.7;35.3;96.1;24.9;89.6;;;;;;;;;;;;;;237;;
STK;22.02.2022 00:00;;;;;;;;;976.3;;;;1023.6;7;16.6;25.2;59.8;16.2;58.3;;;;;;;;;;;;;;240;;
STK;23.02.2022 00:00;;;;;;;;;978.6;;;;1026;2.5;11.7;9;42.1;11.2;40.3;;;;;;;;;;;;;;212;;
STK;24.02.2022 00:00;;;;;;;;;971.7;;;;1018.8;3.9;18.7;14;67.3;18.3;65.9;;;;;;;;;;;;;;235;;
STK;25.02.2022 00:00;;;;;;;;;979.2;;;;1026.7;4.2;12.8;15.1;46.1;12.3;44.3;;;;;;;;;;;;;;243;;
STK;26.02.2022 00:00;;;;;;;;;983.9;;;;1031.5;3.2;10.3;11.5;37.1;10;36;;;;;;;;;;;;;;66;;
STK;27.02.2022 00:00;;;;;;;;;980.8;;;;1028.3;6.8;13.6;24.5;49;13.4;48.2;;;;;;;;;;;;;;64;;
STK;28.02.2022 00:00;;;;;;;;;982.3;;;;1029.8;1.1;3.7;4;13.3;3.6;13;;;;;;;;;;;;;;79;;
STK;01.03.2022 00:00;;;;;;;;;980.1;;;;1027.5;1.4;6.1;5;22;6;21.6;;;;;;;;;;;;;;82;;
STK;02.03.2022 00:00;;;;;;;;;975.1;;;;1022.4;1.4;4.4;5;15.8;4.3;15.5;;;;;;;;;;;;;;81;;
STK;03.03.2022 00:00;;;;;;;;;969.8;;;;1016.9;1.4;5.9;5;21.2;5.8;20.9;;;;;;;;;;;;;;68;;
STK;04.03.2022 00:00;;;;;;;;;970.5;;;;1017.6;2;6.9;7.2;24.8;6.7;24.1;;;;;;;;;;;;;;61;;
STK;05.03.2022 00:00;;;;;;;;;971;;;;1018.2;2.7;8.4;9.7;30.2;8.2;29.5;;;;;;;;;;;;;;52;;
STK;06.03.2022 00:00;;;;;;;;;972.1;;;;1019.3;2.9;10.1;10.4;36.4;9.7;34.9;;;;;;;;;;;;;;61;;
STK;07.03.2022 00:00;;;;;;;;;973.7;;;;1020.9;5.7;10.9;20.5;39.2;10.4;37.4;;;;;;;;;;;;;;60;;
STK;08.03.2022 00:00;;;;;;;;;973.8;;;;1021;1.7;6.2;6.1;22.3;6;21.6;;;;;;;;;;;;;;60;;
STK;09.03.2022 00:00;;;;;;;;;976.5;;;;1023.8;1.6;4.8;5.8;17.3;4.6;16.6;;;;;;;;;;;;;;106;;
STK;10.03.2022 00:00;;;;;;;;;975.7;;;;1023;1.3;4.7;4.7;16.9;4.6;16.6;;;;;;;;;;;;;;81;;
STK;11.03.2022 00:00;;;;;;;;;971.3;;;;1018.4;1.3;4.5;4.7;16.2;4.4;15.8;;;;;;;;;;;;;;90;;
STK;12.03.2022 00:00;;;;;;;;;971.4;;;;1018.6;1.1;4.4;4;15.8;4.3;15.5;;;;;;;;;;;;;;79;;
STK;13.03.2022 00:00;;;;;;;;;969;;;;1016;1.9;16.7;6.8;60.1;16;57.6;;;;;;;;;;;;;;135;;
STK;14.03.2022 00:00;;;;;;;;;979.7;;;;1027.1;2.9;18.7;10.4;67.3;18.1;65.2;;;;;;;;;;;;;;230;;
STK;15.03.2022 00:00;;;;;;;;;978.3;;;;1025.7;1.9;11.2;6.8;40.3;10.5;37.8;;;;;;;;;;;;;;225;;
STK;16.03.2022 00:00;;;;;;;;;976.2;;;;1023.5;1.4;5;5;18;4.9;17.6;;;;;;;;;;;;;;66;;
STK;17.03.2022 00:00;;;;;;;;;979.2;;;;1026.6;2.6;9.4;9.4;33.8;9.1;32.8;;;;;;;;;;;;;;60;;
STK;18.03.2022 00:00;;;;;;;;;986.2;;;;1033.8;8;16.6;28.8;59.8;16.1;58;;;;;;;;;;;;;;57;;
STK;19.03.2022 00:00;;;;;;;;;983.8;;;;1031.4;6.6;15.7;23.8;56.5;15;54;;;;;;;;;;;;;;56;;
STK;20.03.2022 00:00;;;;;;;;;981.6;;;;1029.1;1.2;4.1;4.3;14.8;4;14.4;;;;;;;;;;;;;;76;;
STK;21.03.2022 00:00;;;;;;;;;983.6;;;;1031.2;1.6;5.3;5.8;19.1;5.1;18.4;;;;;;;;;;;;;;76;;
STK;22.03.2022 00:00;;;;;;;;;983;;;;1030.6;1.5;3.9;5.4;14;3.8;13.7;;;;;;;;;;;;;;108;;
STK;23.03.2022 00:00;;;;;;;;;981.9;;;;1029.5;1.5;4.6;5.4;16.6;4.5;16.2;;;;;;;;;;;;;;153;;
STK;24.03.2022 00:00;;;;;;;;;979.8;;;;1027.3;1.3;2.9;4.7;10.4;2.8;10.1;;;;;;;;;;;;;;207;;
STK;25.03.2022 00:00;;;;;;;;;978.6;;;;1025.9;1.6;6.3;5.8;22.7;6.1;22;;;;;;;;;;;;;;63;;
STK;26.03.2022 00:00;;;;;;;;;979.1;;;;1026.5;2.3;7.5;8.3;27;7.4;26.6;;;;;;;;;;;;;;60;;
STK;27.03.2022 00:00;;;;;;;;;979.8;;;;1027.2;1.2;2.8;4.3;10.1;2.7;9.7;;;;;;;;;;;;;;180;;
STK;28.03.2022 00:00;;;;;;;;;975.2;;;;1022.5;1.7;7.5;6.1;27;7.4;26.6;;;;;;;;;;;;;;229;;
STK;29.03.2022 00:00;;;;;;;;;964.1;;;;1010.9;1.8;14.4;6.5;51.8;13.9;50;;;;;;;;;;;;;;225;;
STK;30.03.2022 00:00;;;;;;;;;955.4;;;;1001.9;2.6;9.8;9.4;35.3;9.6;34.6;;;;;;;;;;;;;;233;;
STK;31.03.2022 00:00;;;;;;;;;949.3;;;;995.6;2.8;11.7;10.1;42.1;11.6;41.8;;;;;;;;;;;;;;249;;
STK;01.04.2022 00:00;;;;;;;;;953;;;;999.4;2.4;7.1;8.6;25.6;7;25.2;;;;;;;;;;;;;;348;;
STK;02.04.2022 00:00;;;;;;;;;962.4;;;;1009.2;3.5;9.3;12.6;33.5;9.1;32.8;;;;;;;;;;;;;;27;;
STK;03.04.2022 00:00;;;;;;;;;971.9;;;;1019;3.5;9.1;12.6;32.8;8.9;32;;;;;;;;;;;;;;50;;
STK;04.04.2022 00:00;;;;;;;;;970.7;;;;1017.8;5.2;14.2;18.7;51.1;14;50.4;;;;;;;;;;;;;;242;;
STK;05.04.2022 00:00;;;;;;;;;966.6;;;;1013.5;6;15.4;21.6;55.4;15;54;;;;;;;;;;;;;;233;;
STK;06.04.2022 00:00;;;;;;;;;961;;;;1007.8;5.2;11.5;18.7;41.4;11.4;41;;;;;;;;;;;;;;241;;
STK;07.04.2022 00:00;;;;;;;;;955.4;;;;1001.9;11;27.3;39.6;98.3;25.6;92.2;;;;;;;;;;;;;;235;;
STK;08.04.2022 00:00;;;;;;;;;954.2;;;;1000.6;9.3;31.6;33.5;113.8;30.5;109.8;;;;;;;;;;;;;;236;;
STK;09.04.2022 00:00;;;;;;;;;966.3;;;;1013.2;3.3;24.2;11.9;87.1;23.4;84.2;;;;;;;;;;;;;;293;;
STK;10.04.2022 00:00;;;;;;;;;973.9;;;;1021.1;2.4;6.8;8.6;24.5;6.7;24.1;;;;;;;;;;;;;;238;;
STK;11.04.2022 00:00;;;;;;;;;970;;;;1017;1.4;6;5;21.6;5.9;21.2;;;;;;;;;;;;;;60;;
STK;12.04.2022 00:00;;;;;;;;;967;;;;1014;1.1;5.7;4;20.5;5.4;19.4;;;;;;;;;;;;;;90;;
STK;13.04.2022 00:00;;;;;;;;;968.6;;;;1015.6;1.2;4.9;4.3;17.6;4.6;16.6;;;;;;;;;;;;;;135;;
STK;14.04.2022 00:00;;;;;;;;;972.4;;;;1019.5;1.8;6.3;6.5;22.7;6.2;22.3;;;;;;;;;;;;;;18;;
STK;15.04.2022 00:00;;;;;;;;;976.4;;;;1023.7;1.7;8.5;6.1;30.6;8.4;30.2;;;;;;;;;;;;;;45;;
STK;16.04.2022 00:00;;;;;;;;;979.4;;;;1026.8;5.5;11.2;19.8;40.3;11;39.6;;;;;;;;;;;;;;54;;
STK;17.04.2022 00:00;;;;;;;;;976.1;;;;1023.4;6;12.1;21.6;43.6;12;43.2;;;;;;;;;;;;;;58;;
STK;18.04.2022 00:00;;;;;;;;;969.7;;;;1016.7;1.3;3.5;4.7;12.6;3.5;12.6;;;;;;;;;;;;;;67;;
STK;19.04.2022 00:00;;;;;;;;;965.3;;;;1012.1;2;8.5;7.2;30.6;8.3;29.9;;;;;;;;;;;;;;69;;
STK;20.04.2022 00:00;;;;;;;;;964.7;;;;1011.5;3.7;8.3;13.3;29.9;8.2;29.5;;;;;;;;;;;;;;51;;
STK;21.04.2022 00:00;;;;;;;;;960.4;;;;1007.1;3.4;9.9;12.2;35.6;9.7;34.9;;;;;;;;;;;;;;59;;
STK;22.04.2022 00:00;;;;;;;;;955.1;;;;1001.6;1.9;6.8;6.8;24.5;6.6;23.8;;;;;;;;;;;;;;52;;
STK;23.04.2022 00:00;;;;;;;;;953.9;;;;1000.4;3;8.5;10.8;30.6;8.3;29.9;;;;;;;;;;;;;;48;;
STK;24.04.2022 00:00;;;;;;;;;956.2;;;;1002.8;5.1;14.6;18.4;52.6;14;50.4;;;;;;;;;;;;;;233;;
STK;25.04.2022 00:00;;;;;;;;;964;;;;1010.8;3;12.2;10.8;43.9;11.5;41.4;;;;;;;;;;;;;;241;;
STK;26.04.2022 00:00;;;;;;;;;969.4;;;;1016.5;2.4;10.6;8.6;38.2;10.5;37.8;;;;;;;;;;;;;;231;;
STK;27.04.2022 00:00;;;;;;;;;974.9;;;;1022.2;2.5;8.7;9;31.3;8.5;30.6;;;;;;;;;;;;;;57;;
STK;28.04.2022 00:00;;;;;;;;;978.5;;;;1025.9;2.3;7;8.3;25.2;6.8;24.5;;;;;;;;;;;;;;58;;
STK;29.04.2022 00:00;;;;;;;;;977.1;;;;1024.4;1.3;4.1;4.7;14.8;4;14.4;;;;;;;;;;;;;;117;;
STK;30.04.2022 00:00;;;;;;;;;975;;;;1022.3;1.7;9.4;6.1;33.8;9.3;33.5;;;;;;;;;;;;;;233;;
STK;01.05.2022 00:00;;;;;;;;;973;;;;1020.2;1.5;5.9;5.4;21.2;5.7;20.5;;;;;;;;;;;;;;52;;
STK;02.05.2022 00:00;;;;;;;;;968.9;;;;1015.9;1.3;3.2;4.7;11.5;3.1;11.2;;;;;;;;;;;;;;90;;
STK;03.05.2022 00:00;;;;;;;;;968.5;;;;1015.5;1.5;7.1;5.4;25.6;7;25.2;;;;;;;;;;;;;;180;;
STK;04.05.2022 00:00;;;;;;;;;970.3;;;;1017.4;2;9.3;7.2;33.5;8.8;31.7;;;;;;;;;;;;;;241;;
STK;05.05.2022 00:00;;;;;;;;;973.2;;;;1020.4;1.8;9.9;6.5;35.6;9.5;34.2;;;;;;;;;;;;;;239;;
STK;06.05.2022 00:00;;;;;;;;;975.3;;;;1022.6;2;6.4;7.2;23;6.3;22.7;;;;;;;;;;;;;;52;;
STK;07.05.2022 00:00;;;;;;;;;974.8;;;;1022;1.4;8.7;5;31.3;8.3;29.9;;;;;;;;;;;;;;68;;
STK;08.05.2022 00:00;;;;;;;;;975;;;;1022.3;3.6;9.9;13;35.6;9.8;35.3;;;;;;;;;;;;;;56;;
STK;09.05.2022 00:00;;;;;;;;;976.4;;;;1023.7;1;3.6;3.6;13;3.6;13;;;;;;;;;;;;;;63;;
STK;10.05.2022 00:00;;;;;;;;;974.5;;;;1021.7;1.5;6.4;5.4;23;6.3;22.7;;;;;;;;;;;;;;230;;
STK;11.05.2022 00:00;;;;;;;;;971;;;;1018.1;3.1;12.3;11.2;44.3;12;43.2;;;;;;;;;;;;;;240;;
STK;12.05.2022 00:00;;;;;;;;;973;;;;1020.1;4.1;16.3;14.8;58.7;15.8;56.9;;;;;;;;;;;;;;243;;
STK;13.05.2022 00:00;;;;;;;;;974.6;;;;1021.8;2.3;9.3;8.3;33.5;8.9;32;;;;;;;;;;;;;;234;;
STK;14.05.2022 00:00;;;;;;;;;973.8;;;;1021.1;1.3;3.5;4.7;12.6;3.4;12.2;;;;;;;;;;;;;;63;;
STK;15.05.2022 00:00;;;;;;;;;971.1;;;;1018.2;1.7;9.9;6.1;35.6;9.8;35.3;;;;;;;;;;;;;;207;;
STK;16.05.2022 00:00;;;;;;;;;973.1;;;;1020.3;2.7;12.3;9.7;44.3;12.1;43.6;;;;;;;;;;;;;;248;;
STK;17.05.2022 00:00;;;;;;;;;974.7;;;;1021.9;2;4.6;7.2;16.6;4.5;16.2;;;;;;;;;;;;;;63;;
STK;18.05.2022 00:00;;;;;;;;;975;;;;1022.3;2.2;9.1;7.9;32.8;8.8;31.7;;;;;;;;;;;;;;60;;
STK;19.05.2022 00:00;;;;;;;;;975.6;;;;1022.9;2.2;11.3;7.9;40.7;11.1;40;;;;;;;;;;;;;;212;;
STK;20.05.2022 00:00;;;;;;;;;974.2;;;;1021.4;2.8;18.1;10.1;65.2;17.6;63.4;;;;;;;;;;;;;;241;;
STK;21.05.2022 00:00;;;;;;;;;974.8;;;;1022.1;1.7;5.9;6.1;21.2;5.7;20.5;;;;;;;;;;;;;;59;;
STK;22.05.2022 00:00;;;;;;;;;967.9;;;;1014.8;1.2;3.6;4.3;13;3.5;12.6;;;;;;;;;;;;;;81;;
STK;23.05.2022 00:00;;;;;;;;;960.5;;;;1007.2;2.4;22.1;8.6;79.6;21.4;77;;;;;;;;;;;;;;240;;
STK;24.05.2022 00:00;;;;;;;;;964.2;;;;1011.1;3.2;11.9;11.5;42.8;11.5;41.4;;;;;;;;;;;;;;222;;
STK;25.05.2022 00:00;;;;;;;;;971.5;;;;1018.7;1.6;4.5;5.8;16.2;4.4;15.8;;;;;;;;;;;;;;180;;
STK;26.05.2022 00:00;;;;;;;;;977.1;;;;1024.5;3;10.4;10.8;37.4;10.3;37.1;;;;;;;;;;;;;;235;;
STK;27.05.2022 00:00;;;;;;;;;975.7;;;;1023;4.5;12;16.2;43.2;11.6;41.8;;;;;;;;;;;;;;252;;
STK;28.05.2022 00:00;;;;;;;;;971.6;;;;1018.7;2.5;9.7;9;34.9;9.6;34.6;;;;;;;;;;;;;;68;;
STK;29.05.2022 00:00;;;;;;;;;965.2;;;;1012.1;2.7;11.9;9.7;42.8;11.1;40;;;;;;;;;;;;;;29;;
STK;30.05.2022 00:00;;;;;;;;;964.7;;;;1011.6;1.7;6.2;6.1;22.3;5.9;21.2;;;;;;;;;;;;;;54;;
STK;31.05.2022 00:00;;;;;;;;;967.1;;;;1014;3.2;12.4;11.5;44.6;11.9;42.8;;;;;;;;;;;;;;227;;
STK;01.06.2022 00:00;;;;;;;;;970.3;;;;1017.4;2.1;8.5;7.6;30.6;8.3;29.9;;;;;;;;;;;;;;225;;
STK;02.06.2022 00:00;;;;;;;;;971.9;;;;1019;1.8;5;6.5;18;4.7;16.9;;;;;;;;;;;;;;51;;
STK;03.06.2022 00:00;;;;;;;;;970.2;;;;1017.3;1.5;9.6;5.4;34.6;9.5;34.2;;;;;;;;;;;;;;180;;
STK;04.06.2022 00:00;;;;;;;;;971;;;;1018.2;2.6;16.5;9.4;59.4;16.3;58.7;;;;;;;;;;;;;;70;;
STK;05.06.2022 00:00;;;;;;;;;970.3;;;;1017.4;2.7;15.4;9.7;55.4;15.3;55.1;;;;;;;;;;;;;;234;;
STK;06.06.2022 00:00;;;;;;;;;971.6;;;;1018.8;2.2;7.1;7.9;25.6;6.9;24.8;;;;;;;;;;;;;;242;;
STK;07.06.2022 00:00;;;;;;;;;970;;;;1017.1;2.5;12.8;9;46.1;12.7;45.7;;;;;;;;;;;;;;239;;
STK;08.06.2022 00:00;;;;;;;;;965.9;;;;1012.8;2.8;12.2;10.1;43.9;12;43.2;;;;;;;;;;;;;;234;;
STK;09.06.2022 00:00;;;;;;;;;971.2;;;;1018.3;3.6;10.4;13;37.4;10.2;36.7;;;;;;;;;;;;;;243;;
STK;10.06.2022 00:00;;;;;;;;;977.2;;;;1024.5;1.6;5;5.8;18;4.9;17.6;;;;;;;;;;;;;;90;;
STK;11.06.2022 00:00;;;;;;;;;977;;;;1024.4;1.3;2.5;4.7;9;2.4;8.6;;;;;;;;;;;;;;104;;
STK;12.06.2022 00:00;;;;;;;;;974.5;;;;1021.7;2;19.1;7.2;68.8;18.6;67;;;;;;;;;;;;;;211;;
STK;13.06.2022 00:00;;;;;;;;;974.1;;;;1021.3;1.7;6.5;6.1;23.4;6.4;23;;;;;;;;;;;;;;360;;
STK;14.06.2022 00:00;;;;;;;;;973.3;;;;1020.5;1.6;5.1;5.8;18.4;4.9;17.6;;;;;;;;;;;;;;80;;
STK;15.06.2022 00:00;;;;;;;;;970.8;;;;1017.9;1.4;4;5;14.4;3.9;14;;;;;;;;;;;;;;217;;
STK;16.06.2022 00:00;;;;;;;;;972.8;;;;1020;2.4;10.3;8.6;37.1;10.2;36.7;;;;;;;;;;;;;;255;;
STK;17.06.2022 00:00;;;;;;;;;977.2;;;;1024.5;1.7;5.7;6.1;20.5;5.6;20.2;;;;;;;;;;;;;;73;;
STK;18.06.2022 00:00;;;;;;;;;972.7;;;;1019.9;1.7;4.7;6.1;16.9;4.6;16.6;;;;;;;;;;;;;;76;;
STK;19.06.2022 00:00;;;;;;;;;964.9;;;;1011.7;1.8;8;6.5;28.8;7.7;27.7;;;;;;;;;;;;;;225;;
STK;20.06.2022 00:00;;;;;;;;;966.6;;;;1013.5;5.1;16.4;18.4;59;15.9;57.2;;;;;;;;;;;;;;253;;
STK;21.06.2022 00:00;;;;;;;;;966.3;;;;1013.2;2.5;20.4;9;73.4;19.8;71.3;;;;;;;;;;;;;;35;;
STK;22.06.2022 00:00;;;;;;;;;966.4;;;;1013.3;2.2;6.5;7.9;23.4;6.3;22.7;;;;;;;;;;;;;;45;;
STK;23.06.2022 00:00;;;;;;;;;966.5;;;;1013.4;2.3;25.7;8.3;92.5;25.3;91.1;;;;;;;;;;;;;;233;;
STK;24.06.2022 00:00;;;;;;;;;966.3;;;;1013.2;2.3;16;8.3;57.6;15.7;56.5;;;;;;;;;;;;;;215;;
STK;25.06.2022 00:00;;;;;;;;;968.1;;;;1015;1.8;11.5;6.5;41.4;11.2;40.3;;;;;;;;;;;;;;90;;
STK;26.06.2022 00:00;;;;;;;;;967;;;;1013.9;2.4;22.3;8.6;80.3;22;79.2;;;;;;;;;;;;;;72;;
STK;27.06.2022 00:00;;;;;;;;;971.4;;;;1018.6;3.7;13.4;13.3;48.2;13.2;47.5;;;;;;;;;;;;;;244;;
STK;28.06.2022 00:00;;;;;;;;;972.2;;;;1019.4;3.3;11.5;11.9;41.4;10.9;39.2;;;;;;;;;;;;;;56;;
STK;29.06.2022 00:00;;;;;;;;;968.2;;;;1015.2;1.5;5.1;5.4;18.4;5;18;;;;;;;;;;;;;;229;;
STK;30.06.2022 00:00;;;;;;;;;966.4;;;;1013.4;2.8;23.2;10.1;83.5;22.2;79.9;;;;;;;;;;;;;;238;;
STK;01.07.2022 00:00;;;;;;;;;974;;;;1021.3;2.7;12.9;9.7;46.4;12.3;44.3;;;;;;;;;;;;;;219;;
STK;02.07.2022 00:00;;;;;;;;;974.6;;;;1021.8;1.5;5.1;5.4;18.4;5;18;;;;;;;;;;;;;;56;;
STK;03.07.2022 00:00;;;;;;;;;972.8;;;;1020;1.8;10.8;6.5;38.9;10.7;38.5;;;;;;;;;;;;;;225;;
STK;04.07.2022 00:00;;;;;;;;;973.1;;;;1020.3;1.8;9.7;6.5;34.9;9.2;33.1;;;;;;;;;;;;;;270;;
STK;05.07.2022 00:00;;;;;;;;;974.5;;;;1021.7;1.4;4.7;5;16.9;4.5;16.2;;;;;;;;;;;;;;180;;
STK;06.07.2022 00:00;;;;;;;;;976.1;;;;1023.4;1.8;6.2;6.5;22.3;6;21.6;;;;;;;;;;;;;;22;;
STK;07.07.2022 00:00;;;;;;;;;977.4;;;;1024.7;2.6;8.4;9.4;30.2;8.2;29.5;;;;;;;;;;;;;;270;;
STK;08.07.2022 00:00;;;;;;;;;981.7;;;;1029.2;2.1;6.7;7.6;24.1;6.6;23.8;;;;;;;;;;;;;;45;;
STK;09.07.2022 00:00;;;;;;;;;979;;;;1026.4;1.6;4.9;5.8;17.6;4.8;17.3;;;;;;;;;;;;;;83;;
STK;10.07.2022 00:00;;;;;;;;;976.2;;;;1023.6;3.2;9.5;11.5;34.2;9.2;33.1;;;;;;;;;;;;;;38;;
STK;11.07.2022 00:00;;;;;;;;;976;;;;1023.3;2.3;10;8.3;36;9.9;35.6;;;;;;;;;;;;;;59;;
STK;12.07.2022 00:00;;;;;;;;;977.3;;;;1024.7;1.3;5;4.7;18;4.8;17.3;;;;;;;;;;;;;;83;;
STK;13.07.2022 00:00;;;;;;;;;975.9;;;;1023.2;1.4;4.6;5;16.6;4.5;16.2;;;;;;;;;;;;;;68;;
STK;14.07.2022 00:00;;;;;;;;;972.1;;;;1019.3;3.6;10.8;13;38.9;10.5;37.8;;;;;;;;;;;;;;254;;
STK;15.07.2022 00:00;;;;;;;;;973.1;;;;1020.3;2.8;7.5;10.1;27;7.4;26.6;;;;;;;;;;;;;;37;;
STK;16.07.2022 00:00;;;;;;;;;975.3;;;;1022.6;2.3;9.4;8.3;33.8;9.2;33.1;;;;;;;;;;;;;;66;;
STK;17.07.2022 00:00;;;;;;;;;977.5;;;;1024.9;1.6;5.7;5.8;20.5;5.6;20.2;;;;;;;;;;;;;;70;;
STK;18.07.2022 00:00;;;;;;;;;976.5;;;;1023.8;1.6;5.1;5.8;18.4;5;18;;;;;;;;;;;;;;74;;
STK;19.07.2022 00:00;;;;;;;;;972.3;;;;1019.4;1.6;5;5.8;18;5;18;;;;;;;;;;;;;;59;;
STK;20.07.2022 00:00;;;;;;;;;972;;;;1019.2;2.6;17.6;9.4;63.4;17.3;62.3;;;;;;;;;;;;;;229;;
STK;21.07.2022 00:00;;;;;;;;;974.8;;;;1022;2.8;8.2;10.1;29.5;8;28.8;;;;;;;;;;;;;;239;;
STK;22.07.2022 00:00;;;;;;;;;971.6;;;;1018.7;1.7;9.3;6.1;33.5;9.2;33.1;;;;;;;;;;;;;;50;;
STK;23.07.2022 00:00;;;;;;;;;972.6;;;;1019.8;2.1;9;7.6;32.4;8.8;31.7;;;;;;;;;;;;;;248;;
STK;24.07.2022 00:00;;;;;;;;;972.1;;;;1019.3;1.3;3.5;4.7;12.6;3.5;12.6;;;;;;;;;;;;;;101;;
STK;25.07.2022 00:00;;;;;;;;;967.5;;;;1014.5;2.9;11.4;10.4;41;11.1;40;;;;;;;;;;;;;;245;;
STK;26.07.2022 00:00;;;;;;;;;970;;;;1017.1;2.5;8;9;28.8;7.9;28.4;;;;;;;;;;;;;;264;;
STK;27.07.2022 00:00;;;;;;;;;969.2;;;;1016.3;1.9;8.6;6.8;31;8.5;30.6;;;;;;;;;;;;;;50;;
STK;28.07.2022 00:00;;;;;;;;;967.9;;;;1014.9;1.9;9.8;6.8;35.3;9.4;33.8;;;;;;;;;;;;;;76;;
STK;29.07.2022 00:00;;;;;;;;;970.5;;;;1017.6;2.4;10.4;8.6;37.4;10.2;36.7;;;;;;;;;;;;;;215;;
STK;30.07.2022 00:00;;;;;;;;;973;;;;1020.2;2.7;10.2;9.7;36.7;9.2;33.1;;;;;;;;;;;;;;227;;
STK;31.07.2022 00:00;;;;;;;;;972.3;;;;1019.5;2.4;7.1;8.6;25.6;7;25.2;;;;;;;;;;;;;;232;;
STK;01.08.2022 00:00;;;;;;;;;971.6;;;;1018.8;2.3;9.9;8.3;35.6;9.7;34.9;;;;;;;;;;;;;;243;;
STK;02.08.2022 00:00;;;;;;;;;972;;;;1019.1;1.6;5.2;5.8;18.7;5;18;;;;;;;;;;;;;;70;;
STK;03.08.2022 00:00;;;;;;;;;970.1;;;;1017.2;1.8;5.2;6.5;18.7;4.9;17.6;;;;;;;;;;;;;;77;;
STK;04.08.2022 00:00;;;;;;;;;968.4;;;;1015.5;1.8;7.7;6.5;27.7;7.6;27.4;;;;;;;;;;;;;;225;;
STK;05.08.2022 00:00;;;;;;;;;970.3;;;;1017.4;2.9;22.1;10.4;79.6;21.4;77;;;;;;;;;;;;;;70;;
STK;06.08.2022 00:00;;;;;;;;;976.2;;;;1023.6;3.7;11.5;13.3;41.4;11.1;40;;;;;;;;;;;;;;56;;
STK;07.08.2022 00:00;;;;;;;;;973.8;;;;1021.1;3.2;10.2;11.5;36.7;9.8;35.3;;;;;;;;;;;;;;56;;
STK;08.08.2022 00:00;;;;;;;;;974.7;;;;1021.9;2.9;10.5;10.4;37.8;10.4;37.4;;;;;;;;;;;;;;68;;
STK;09.08.2022 00:00;;;;;;;;;976;;;;1023.3;3.9;12.3;14;44.3;12.1;43.6;;;;;;;;;;;;;;62;;
STK;10.08.2022 00:00;;;;;;;;;974.7;;;;1022;3.9;11.9;14;42.8;10.9;39.2;;;;;;;;;;;;;;62;;
STK;11.08.2022 00:00;;;;;;;;;972.6;;;;1019.8;1.7;7.8;6.1;28.1;7.6;27.4;;;;;;;;;;;;;;61;;
STK;12.08.2022 00:00;;;;;;;;;970.3;;;;1017.4;3.2;11.6;11.5;41.8;11.5;41.4;;;;;;;;;;;;;;64;;
STK;13.08.2022 00:00;;;;;;;;;968.7;;;;1015.7;2.5;8.8;9;31.7;8.2;29.5;;;;;;;;;;;;;;56;;
STK;14.08.2022 00:00;;;;;;;;;963.5;;;;1010.4;2.7;10.4;9.7;37.4;10.1;36.4;;;;;;;;;;;;;;225;;
STK;15.08.2022 00:00;;;;;;;;;963.3;;;;1010.2;3.2;20.6;11.5;74.2;20.3;73.1;;;;;;;;;;;;;;232;;
STK;16.08.2022 00:00;;;;;;;;;964.9;;;;1011.8;1.6;4.8;5.8;17.3;4.7;16.9;;;;;;;;;;;;;;77;;
STK;17.08.2022 00:00;;;;;;;;;965.7;;;;1012.5;3.1;15.8;11.2;56.9;15.6;56.2;;;;;;;;;;;;;;225;;
STK;18.08.2022 00:00;;;;;;;;;966.6;;;;1013.5;2.3;8.4;8.3;30.2;7.8;28.1;;;;;;;;;;;;;;232;;
STK;19.08.2022 00:00;;;;;;;;;968.9;;;;1015.9;4.4;10.5;15.8;37.8;10.5;37.8;;;;;;;;;;;;;;235;;
STK;20.08.2022 00:00;;;;;;;;;972.2;;;;1019.4;2.9;9.8;10.4;35.3;9.6;34.6;;;;;;;;;;;;;;230;;
STK;21.08.2022 00:00;;;;;;;;;970.3;;;;1017.4;1.4;3.7;5;13.3;3.6;13;;;;;;;;;;;;;;90;;
STK;22.08.2022 00:00;;;;;;;;;968.8;;;;1015.9;1.3;4.6;4.7;16.6;4.6;16.6;;;;;;;;;;;;;;90;;
STK;23.08.2022 00:00;;;;;;;;;971.3;;;;1018.4;1.6;5.8;5.8;20.9;5.7;20.5;;;;;;;;;;;;;;90;;
STK;24.08.2022 00:00;;;;;;;;;971.8;;;;1019;2;7.5;7.2;27;7.2;25.9;;;;;;;;;;;;;;67;;
STK;25.08.2022 00:00;;;;;;;;;969.5;;;;1016.5;1.4;3.6;5;13;3.5;12.6;;;;;;;;;;;;;;106;;
STK;26.08.2022 00:00;;;;;;;;;967.8;;;;1014.8;2.1;11.4;7.6;41;11;39.6;;;;;;;;;;;;;;236;;
STK;27.08.2022 00:00;;;;;;;;;968.7;;;;1015.8;1.3;9.2;4.7;33.1;9.1;32.8;;;;;;;;;;;;;;0;;
STK;28.08.2022 00:00;;;;;;;;;970.5;;;;1017.5;1.6;7.2;5.8;25.9;7.1;25.6;;;;;;;;;;;;;;51;;
STK;29.08.2022 00:00;;;;;;;;;972.2;;;;1019.3;1.2;3.1;4.3;11.2;3;10.8;;;;;;;;;;;;;;90;;
STK;30.08.2022 00:00;;;;;;;;;971.6;;;;1018.7;2;12.4;7.2;44.6;12.3;44.3;;;;;;;;;;;;;;239;;
STK;31.08.2022 00:00;;;;;;;;;972.5;;;;1019.7;1.9;7.5;6.8;27;7.3;26.3;;;;;;;;;;;;;;51;;
STK;01.09.2022 00:00;;;;;;;;;971.2;;;;1018.3;2.9;9.4;10.4;33.8;9.1;32.8;;;;;;;;;;;;;;63;;
STK;02.09.2022 00:00;;;;;;;;;968.3;;;;1015.4;1.6;4.2;5.8;15.1;4.1;14.8;;;;;;;;;;;;;;90;;
STK;03.09.2022 00:00;;;;;;;;;968.7;;;;1015.7;2.4;10;8.6;36;9.7;34.9;;;;;;;;;;;;;;227;;
STK;04.09.2022 00:00;;;;;;;;;973.5;;;;1020.7;1.6;4.3;5.8;15.5;4.2;15.1;;;;;;;;;;;;;;97;;
STK;05.09.2022 00:00;;;;;;;;;974.3;;;;1021.5;1.4;4;5;14.4;3.9;14;;;;;;;;;;;;;;146;;
STK;06.09.2022 00:00;;;;;;;;;972.1;;;;1019.3;1.5;11.8;5.4;42.5;11.5;41.4;;;;;;;;;;;;;;225;;
STK;07.09.2022 00:00;;;;;;;;;968.9;;;;1015.9;1.9;12.1;6.8;43.6;11.9;42.8;;;;;;;;;;;;;;180;;
STK;08.09.2022 00:00;;;;;;;;;967.5;;;;1014.5;3.4;13.2;12.2;47.5;13;46.8;;;;;;;;;;;;;;235;;
STK;09.09.2022 00:00;;;;;;;;;968.9;;;;1016;3.7;15.2;13.3;54.7;14.8;53.3;;;;;;;;;;;;;;238;;
STK;10.09.2022 00:00;;;;;;;;;971.2;;;;1018.3;5.6;13.4;20.2;48.2;12.9;46.4;;;;;;;;;;;;;;237;;
STK;11.09.2022 00:00;;;;;;;;;972.8;;;;1020;2.8;8.3;10.1;29.9;8;28.8;;;;;;;;;;;;;;222;;
STK;12.09.2022 00:00;;;;;;;;;969.8;;;;1016.9;1.3;4;4.7;14.4;3.9;14;;;;;;;;;;;;;;90;;
STK;13.09.2022 00:00;;;;;;;;;965.7;;;;1012.6;1.6;4.2;5.8;15.1;4.1;14.8;;;;;;;;;;;;;;117;;
STK;14.09.2022 00:00;;;;;;;;;962.3;;;;1009;3.9;11.7;14;42.1;11.5;41.4;;;;;;;;;;;;;;238;;
STK;15.09.2022 00:00;;;;;;;;;963.6;;;;1010.5;3.9;14.1;14;50.8;13.8;49.7;;;;;;;;;;;;;;230;;
STK;16.09.2022 00:00;;;;;;;;;965.7;;;;1012.6;2.5;12.4;9;44.6;12.2;43.9;;;;;;;;;;;;;;259;;
STK;17.09.2022 00:00;;;;;;;;;970;;;;1017.1;6;15.4;21.6;55.4;15;54;;;;;;;;;;;;;;253;;
STK;18.09.2022 00:00;;;;;;;;;971.8;;;;1018.9;6.6;13.4;23.8;48.2;13.1;47.2;;;;;;;;;;;;;;243;;
STK;19.09.2022 00:00;;;;;;;;;974;;;;1021.3;2;11.8;7.2;42.5;11.6;41.8;;;;;;;;;;;;;;293;;
STK;20.09.2022 00:00;;;;;;;;;976.2;;;;1023.5;1.6;6.8;5.8;24.5;6.3;22.7;;;;;;;;;;;;;;83;;
STK;21.09.2022 00:00;;;;;;;;;976.4;;;;1023.8;4.7;12.8;16.9;46.1;12.4;44.6;;;;;;;;;;;;;;55;;
STK;22.09.2022 00:00;;;;;;;;;974.6;;;;1021.8;1.4;4.5;5;16.2;4.4;15.8;;;;;;;;;;;;;;106;;
STK;23.09.2022 00:00;;;;;;;;;970.9;;;;1018;1.8;7.3;6.5;26.3;7.2;25.9;;;;;;;;;;;;;;214;;
STK;24.09.2022 00:00;;;;;;;;;967.3;;;;1014.2;1.8;8.5;6.5;30.6;8.2;29.5;;;;;;;;;;;;;;217;;
STK;25.09.2022 00:00;;;;;;;;;966.2;;;;1013.1;2.6;8.1;9.4;29.2;8;28.8;;;;;;;;;;;;;;234;;
STK;26.09.2022 00:00;;;;;;;;;961.7;;;;1008.5;4;15.7;14.4;56.5;15.5;55.8;;;;;;;;;;;;;;233;;
STK;27.09.2022 00:00;;;;;;;;;957.4;;;;1004;8;18.6;28.8;67;17.6;63.4;;;;;;;;;;;;;;238;;
STK;28.09.2022 00:00;;;;;;;;;954.6;;;;1001.1;3.3;12.2;11.9;43.9;11.8;42.5;;;;;;;;;;;;;;226;;
STK;29.09.2022 00:00;;;;;;;;;957.2;;;;1003.8;0.9;2.8;3.2;10.1;2.8;10.1;;;;;;;;;;;;;;104;;
STK;30.09.2022 00:00;;;;;;;;;965.1;;;;1012;1.4;4;5;14.4;3.9;14;;;;;;;;;;;;;;63;;
STK;01.10.2022 00:00;;;;;;;;;970.1;;;;1017.2;5.6;18.6;20.2;67;17.8;64.1;;;;;;;;;;;;;;230;;
STK;02.10.2022 00:00;;;;;;;;;975;;;;1022.3;5.7;18.3;20.5;65.9;17.8;64.1;;;;;;;;;;;;;;240;;
STK;03.10.2022 00:00;;;;;;;;;978.9;;;;1026.3;1.3;4.9;4.7;17.6;4.7;16.9;;;;;;;;;;;;;;63;;
STK;04.10.2022 00:00;;;;;;;;;976.9;;;;1024.2;1.3;4.5;4.7;16.2;4.4;15.8;;;;;;;;;;;;;;108;;
STK;05.10.2022 00:00;;;;;;;;;977.3;;;;1024.6;1.2;3.7;4.3;13.3;3.6;13;;;;;;;;;;;;;;90;;
STK;06.10.2022 00:00;;;;;;;;;982.4;;;;1029.9;1.1;3.5;4;12.6;3.3;11.9;;;;;;;;;;;;;;68;;
STK;07.10.2022 00:00;;;;;;;;;977.6;;;;1025;1.1;3.8;4;13.7;3.8;13.7;;;;;;;;;;;;;;79;;
STK;08.10.2022 00:00;;;;;;;;;975.6;;;;1022.9;1.5;5.8;5.4;20.9;5.7;20.5;;;;;;;;;;;;;;315;;
STK;09.10.2022 00:00;;;;;;;;;974.1;;;;1021.3;2;8.8;7.2;31.7;8.6;31;;;;;;;;;;;;;;49;;
STK;10.10.2022 00:00;;;;;;;;;973.3;;;;1020.5;1;4.8;3.6;17.3;4.7;16.9;;;;;;;;;;;;;;90;;
STK;11.10.2022 00:00;;;;;;;;;976.2;;;;1023.5;1.7;6.5;6.1;23.4;6.4;23;;;;;;;;;;;;;;48;;
STK;12.10.2022 00:00;;;;;;;;;976.6;;;;1023.9;0.9;3.3;3.2;11.9;3.2;11.5;;;;;;;;;;;;;;236;;
STK;13.10.2022 00:00;;;;;;;;;974.2;;;;1021.5;1.7;5.7;6.1;20.5;5.3;19.1;;;;;;;;;;;;;;233;;
STK;14.10.2022 00:00;;;;;;;;;969.9;;;;1017;2.1;8;7.6;28.8;7.6;27.4;;;;;;;;;;;;;;227;;
STK;15.10.2022 00:00;;;;;;;;;967.8;;;;1014.8;3.5;14.1;12.6;50.8;13.3;47.9;;;;;;;;;;;;;;227;;
STK;16.10.2022 00:00;;;;;;;;;973.1;;;;1020.3;1;2.8;3.6;10.1;2.7;9.7;;;;;;;;;;;;;;180;;
STK;17.10.2022 00:00;;;;;;;;;979;;;;1026.5;0.9;3.1;3.2;11.2;3;10.8;;;;;;;;;;;;;;135;;
STK;18.10.2022 00:00;;;;;;;;;980.6;;;;1028.1;0.9;4.5;3.2;16.2;4.4;15.8;;;;;;;;;;;;;;180;;
STK;19.10.2022 00:00;;;;;;;;;976.6;;;;1023.9;1.5;6.3;5.4;22.7;6.2;22.3;;;;;;;;;;;;;;60;;
STK;20.10.2022 00:00;;;;;;;;;971;;;;1018.2;1.5;6.9;5.4;24.8;6.7;24.1;;;;;;;;;;;;;;360;;
STK;21.10.2022 00:00;;;;;;;;;968.3;;;;1015.3;1.4;16.4;5;59;16.1;58;;;;;;;;;;;;;;231;;
STK;22.10.2022 00:00;;;;;;;;;971.5;;;;1018.7;1.1;4.2;4;15.1;4.2;15.1;;;;;;;;;;;;;;231;;
STK;23.10.2022 00:00;;;;;;;;;969.6;;;;1016.7;1.8;18.3;6.5;65.9;17.9;64.4;;;;;;;;;;;;;;232;;
STK;24.10.2022 00:00;;;;;;;;;971;;;;1018.1;2.4;8.7;8.6;31.3;8.2;29.5;;;;;;;;;;;;;;227;;
STK;25.10.2022 00:00;;;;;;;;;973.2;;;;1020.4;1.2;5.6;4.3;20.2;5.5;19.8;;;;;;;;;;;;;;124;;
STK;26.10.2022 00:00;;;;;;;;;975.2;;;;1022.5;1.6;17.1;5.8;61.6;16.9;60.8;;;;;;;;;;;;;;232;;
STK;27.10.2022 00:00;;;;;;;;;979.5;;;;1026.9;0.8;3.4;2.9;12.2;3.3;11.9;;;;;;;;;;;;;;135;;
STK;28.10.2022 00:00;;;;;;;;;979.3;;;;1026.7;1;3;3.6;10.8;2.8;10.1;;;;;;;;;;;;;;180;;
STK;29.10.2022 00:00;;;;;;;;;977.6;;;;1024.9;0.8;2;2.9;7.2;2;7.2;;;;;;;;;;;;;;211;;
STK;30.10.2022 00:00;;;;;;;;;975.4;;;;1022.7;0.7;2.4;2.5;8.6;2.4;8.6;;;;;;;;;;;;;;207;;
STK;31.10.2022 00:00;;;;;;;;;973.4;;;;1020.6;0.9;5.1;3.2;18.4;5;18;;;;;;;;;;;;;;45;;
STK;01.11.2022 00:00;;;;;;;;;974.7;;;;1022;2;8.6;7.2;31;8.4;30.2;;;;;;;;;;;;;;232;;
STK;02.11.2022 00:00;;;;;;;;;977.6;;;;1025;2.1;9.7;7.6;34.9;9.4;33.8;;;;;;;;;;;;;;227;;
STK;03.11.2022 00:00;;;;;;;;;967.5;;;;1014.4;2.6;15.6;9.4;56.2;15;54;;;;;;;;;;;;;;234;;
STK;04.11.2022 00:00;;;;;;;;;963.2;;;;1010;2.9;11.5;10.4;41.4;11.1;40;;;;;;;;;;;;;;236;;
STK;05.11.2022 00:00;;;;;;;;;972.8;;;;1019.9;3;8.3;10.8;29.9;8;28.8;;;;;;;;;;;;;;231;;
STK;06.11.2022 00:00;;;;;;;;;970.9;;;;1018;1.8;5.6;6.5;20.2;5.5;19.8;;;;;;;;;;;;;;263;;
STK;07.11.2022 00:00;;;;;;;;;972;;;;1019.1;2;7.4;7.2;26.6;7.3;26.3;;;;;;;;;;;;;;227;;
STK;08.11.2022 00:00;;;;;;;;;969.3;;;;1016.3;1.4;5.5;5;19.8;5.3;19.1;;;;;;;;;;;;;;166;;
STK;09.11.2022 00:00;;;;;;;;;970.5;;;;1017.6;2.1;7.1;7.6;25.6;6.9;24.8;;;;;;;;;;;;;;220;;
STK;10.11.2022 00:00;;;;;;;;;981;;;;1028.5;1.4;4.6;5;16.6;4.5;16.2;;;;;;;;;;;;;;153;;
STK;11.11.2022 00:00;;;;;;;;;986.4;;;;1034.1;1.6;4.2;5.8;15.1;4.1;14.8;;;;;;;;;;;;;;41;;
STK;12.11.2022 00:00;;;;;;;;;984.5;;;;1032.2;1.4;4.8;5;17.3;4.7;16.9;;;;;;;;;;;;;;30;;
STK;13.11.2022 00:00;;;;;;;;;975;;;;1022.3;1.9;4.8;6.8;17.3;4.7;16.9;;;;;;;;;;;;;;355;;
STK;14.11.2022 00:00;;;;;;;;;970.2;;;;1017.3;1.1;3.6;4;13;3.5;12.6;;;;;;;;;;;;;;180;;
STK;15.11.2022 00:00;;;;;;;;;964.3;;;;1011.1;1.8;7.8;6.5;28.1;7.7;27.7;;;;;;;;;;;;;;59;;
STK;16.11.2022 00:00;;;;;;;;;957.8;;;;1004.3;2.3;8.7;8.3;31.3;8.2;29.5;;;;;;;;;;;;;;225;;
STK;17.11.2022 00:00;;;;;;;;;953;;;;999.4;3.8;13.9;13.7;50;13.5;48.6;;;;;;;;;;;;;;238;;
STK;18.11.2022 00:00;;;;;;;;;958.8;;;;1005.5;5.7;15;20.5;54;14.5;52.2;;;;;;;;;;;;;;232;;
STK;19.11.2022 00:00;;;;;;;;;964.3;;;;1011.1;3.3;10.1;11.9;36.4;10.1;36.4;;;;;;;;;;;;;;233;;
STK;20.11.2022 00:00;;;;;;;;;966.3;;;;1013.2;5;14.7;18;52.9;14.1;50.8;;;;;;;;;;;;;;230;;
STK;21.11.2022 00:00;;;;;;;;;958.3;;;;1004.9;4.4;16.3;15.8;58.7;15.9;57.2;;;;;;;;;;;;;;226;;
STK;22.11.2022 00:00;;;;;;;;;955.2;;;;1001.7;4.6;12.9;16.6;46.4;12.5;45;;;;;;;;;;;;;;231;;
STK;23.11.2022 00:00;;;;;;;;;959.2;;;;1005.8;2.9;14;10.4;50.4;13.5;48.6;;;;;;;;;;;;;;225;;
STK;24.11.2022 00:00;;;;;;;;;968.9;;;;1015.9;3.9;16.7;14;60.1;16;57.6;;;;;;;;;;;;;;233;;
STK;25.11.2022 00:00;;;;;;;;;973.8;;;;1021;2.1;9.4;7.6;33.8;9.2;33.1;;;;;;;;;;;;;;229;;
STK;26.11.2022 00:00;;;;;;;;;983;;;;1030.6;1.4;5.1;5;18.4;4.9;17.6;;;;;;;;;;;;;;153;;
STK;27.11.2022 00:00;;;;;;;;;977;;;;1024.4;1.5;5.5;5.4;19.8;5.3;19.1;;;;;;;;;;;;;;56;;
STK;28.11.2022 00:00;;;;;;;;;968;;;;1015;1.3;7;4.7;25.2;6.9;24.8;;;;;;;;;;;;;;180;;
STK;29.11.2022 00:00;;;;;;;;;969.9;;;;1017;1.5;5.9;5.4;21.2;5.8;20.9;;;;;;;;;;;;;;243;;
STK;30.11.2022 00:00;;;;;;;;;972.9;;;;1020.1;4.1;10.1;14.8;36.4;9.8;35.3;;;;;;;;;;;;;;53;;
STK;01.12.2022 00:00;;;;;;;;;973.8;;;;1021;3.9;8.2;14;29.5;8;28.8;;;;;;;;;;;;;;47;;
STK;02.12.2022 00:00;;;;;;;;;970.8;;;;1017.9;1;3.5;3.6;12.6;3.4;12.2;;;;;;;;;;;;;;333;;
STK;03.12.2022 00:00;;;;;;;;;968;;;;1015;4;9.4;14.4;33.8;9.1;32.8;;;;;;;;;;;;;;46;;
STK;04.12.2022 00:00;;;;;;;;;965.8;;;;1012.7;2.2;7.6;7.9;27.4;7.5;27;;;;;;;;;;;;;;337;;
STK;05.12.2022 00:00;;;;;;;;;971.8;;;;1019;1.3;8.7;4.7;31.3;8.3;29.9;;;;;;;;;;;;;;209;;
STK;06.12.2022 00:00;;;;;;;;;971.2;;;;1018.3;1.7;6.7;6.1;24.1;6.4;23;;;;;;;;;;;;;;222;;
STK;07.12.2022 00:00;;;;;;;;;969.3;;;;1016.3;1.6;5.2;5.8;18.7;5;18;;;;;;;;;;;;;;219;;
STK;08.12.2022 00:00;;;;;;;;;962.7;;;;1009.5;1.3;4.4;4.7;15.8;4.2;15.1;;;;;;;;;;;;;;217;;
STK;09.12.2022 00:00;;;;;;;;;956.3;;;;1002.8;1.2;3.6;4.3;13;3.4;12.2;;;;;;;;;;;;;;360;;
STK;10.12.2022 00:00;;;;;;;;;960.2;;;;1006.9;2;5.3;7.2;19.1;5.1;18.4;;;;;;;;;;;;;;6;;
STK;11.12.2022 00:00;;;;;;;;;963.2;;;;1010;1.3;5.3;4.7;19.1;5.1;18.4;;;;;;;;;;;;;;196;;
STK;12.12.2022 00:00;;;;;;;;;964.2;;;;1011;1.7;5;6.1;18;4.9;17.6;;;;;;;;;;;;;;333;;
STK;13.12.2022 00:00;;;;;;;;;960.1;;;;1006.8;2.2;5.5;7.9;19.8;5.3;19.1;;;;;;;;;;;;;;14;;
STK;14.12.2022 00:00;;;;;;;;;954.6;;;;1001.1;1.6;4.7;5.8;16.9;4.6;16.6;;;;;;;;;;;;;;22;;
STK;15.12.2022 00:00;;;;;;;;;956.7;;;;1003.3;2.7;6.2;9.7;22.3;6.1;22;;;;;;;;;;;;;;19;;
STK;16.12.2022 00:00;;;;;;;;;963.6;;;;1010.4;1.9;5;6.8;18;4.9;17.6;;;;;;;;;;;;;;357;;
STK;17.12.2022 00:00;;;;;;;;;976.9;;;;1024.2;1.6;4.7;5.8;16.9;4.6;16.6;;;;;;;;;;;;;;15;;
STK;18.12.2022 00:00;;;;;;;;;981.9;;;;1029.5;1.4;4.2;5;15.1;4.1;14.8;;;;;;;;;;;;;;194;;
STK;19.12.2022 00:00;;;;;;;;;979.6;;;;1027.1;0.9;3.9;3.2;14;3.9;14;;;;;;;;;;;;;;90;;
STK;20.12.2022 00:00;;;;;;;;;974.1;;;;1021.3;0.7;2.7;2.5;9.7;2.7;9.7;;;;;;;;;;;;;;166;;
STK;21.12.2022 00:00;;;;;;;;;970.3;;;;1017.3;1.2;5.5;4.3;19.8;5.4;19.4;;;;;;;;;;;;;;225;;
STK;22.12.2022 00:00;;;;;;;;;966.4;;;;1013.3;8.2;25.9;29.5;93.2;23.9;86;;;;;;;;;;;;;;230;;
STK;23.12.2022 00:00;;;;;;;;;964.5;;;;1011.4;8;18.3;28.8;65.9;18;64.8;;;;;;;;;;;;;;232;;
STK;24.12.2022 00:00;;;;;;;;;971.4;;;;1018.5;3.8;18.4;13.7;66.2;17.2;61.9;;;;;;;;;;;;;;231;;
STK;25.12.2022 00:00;;;;;;;;;971.8;;;;1018.9;1.3;6.5;4.7;23.4;6.3;22.7;;;;;;;;;;;;;;236;;
STK;26.12.2022 00:00;;;;;;;;;974.6;;;;1021.9;3.9;15.3;14;55.1;14.8;53.3;;;;;;;;;;;;;;231;;
STK;27.12.2022 00:00;;;;;;;;;981.4;;;;1028.9;2.1;8.5;7.6;30.6;8.2;29.5;;;;;;;;;;;;;;232;;
STK;28.12.2022 00:00;;;;;;;;;974.3;;;;1021.5;1.5;11.4;5.4;41;11;39.6;;;;;;;;;;;;;;214;;
STK;29.12.2022 00:00;;;;;;;;;968.4;;;;1015.4;4.8;13.7;17.3;49.3;13.3;47.9;;;;;;;;;;;;;;219;;
STK;30.12.2022 00:00;;;;;;;;;970.4;;;;1017.5;2.5;9.9;9;35.6;9.6;34.6;;;;;;;;;;;;;;227;;
STK;31.12.2022 00:00;;;;;;;;;973.7;;;;1020.9;1.7;8.9;6.1;32;8.7;31.3;;;;;;;;;;;;;;229;;
STK;01.01.2023 00:00;;;;;;;;;975.7;;;;1023;1.7;11.5;6.1;41.4;11.3;40.7;;;;;;;;;;;;;;236;;
STK;02.01.2023 00:00;;;;;;;;;976.4;;;;1023.8;2.2;10.5;7.9;37.8;10.2;36.7;;;;;;;;;;;;;;236;;
STK;03.01.2023 00:00;;;;;;;;;983.1;;;;1030.7;1;4.5;3.6;16.2;4.4;15.8;;;;;;;;;;;;;;234;;
STK;04.01.2023 00:00;;;;;;;;;981.5;;;;1029;5.7;15.3;20.5;55.1;15;54;;;;;;;;;;;;;;233;;
STK;05.01.2023 00:00;;;;;;;;;978.3;;;;1025.7;5.5;16.4;19.8;59;16.2;58.3;;;;;;;;;;;;;;233;;
STK;06.01.2023 00:00;;;;;;;;;977;;;;1024.3;2;7.4;7.2;26.6;7.2;25.9;;;;;;;;;;;;;;227;;
STK;07.01.2023 00:00;;;;;;;;;971;;;;1018.1;1.3;7.1;4.7;25.6;7;25.2;;;;;;;;;;;;;;243;;
STK;08.01.2023 00:00;;;;;;;;;961.8;;;;1008.6;1;3.8;3.6;13.7;3.7;13.3;;;;;;;;;;;;;;45;;
STK;09.01.2023 00:00;;;;;;;;;961.2;;;;1007.9;7.1;19.3;25.6;69.5;19.1;68.8;;;;;;;;;;;;;;227;;
STK;10.01.2023 00:00;;;;;;;;;975.4;;;;1022.6;4.7;11.7;16.9;42.1;11.4;41;;;;;;;;;;;;;;238;;
STK;11.01.2023 00:00;;;;;;;;;973.2;;;;1020.4;5.9;13.9;21.2;50;13.5;48.6;;;;;;;;;;;;;;234;;
STK;12.01.2023 00:00;;;;;;;;;973.7;;;;1020.9;6.9;16.8;24.8;60.5;16.2;58.3;;;;;;;;;;;;;;223;;
STK;13.01.2023 00:00;;;;;;;;;971.4;;;;1018.5;7.7;20.4;27.7;73.4;19.2;69.1;;;;;;;;;;;;;;236;;
STK;14.01.2023 00:00;;;;;;;;;970.5;;;;1017.5;3.7;14.8;13.3;53.3;14.6;52.6;;;;;;;;;;;;;;230;;
STK;15.01.2023 00:00;;;;;;;;;963.2;;;;1010;6.1;20.1;22;72.4;18.6;67;;;;;;;;;;;;;;228;;
STK;16.01.2023 00:00;;;;;;;;;948.4;;;;994.7;4.5;19.4;16.2;69.8;18.6;67;;;;;;;;;;;;;;232;;
STK;17.01.2023 00:00;;;;;;;;;941.8;;;;987.7;2.6;14.8;9.4;53.3;14.2;51.1;;;;;;;;;;;;;;90;;
STK;18.01.2023 00:00;;;;;;;;;950.3;;;;996.6;2.7;7.7;9.7;27.7;7.6;27.4;;;;;;;;;;;;;;259;;
STK;19.01.2023 00:00;;;;;;;;;962.2;;;;1009;2.7;8.6;9.7;31;8.4;30.2;;;;;;;;;;;;;;222;;
STK;20.01.2023 00:00;;;;;;;;;969.4;;;;1016.4;2.6;6.8;9.4;24.5;6.6;23.8;;;;;;;;;;;;;;223;;
STK;21.01.2023 00:00;;;;;;;;;975;;;;1022.3;3.1;10.5;11.2;37.8;10.1;36.4;;;;;;;;;;;;;;42;;
STK;22.01.2023 00:00;;;;;;;;;977.7;;;;1025.1;2.9;7.9;10.4;28.4;7.8;28.1;;;;;;;;;;;;;;45;;
STK;23.01.2023 00:00;;;;;;;;;979.8;;;;1027.3;8.2;16.2;29.5;58.3;15.6;56.2;;;;;;;;;;;;;;60;;
STK;24.01.2023 00:00;;;;;;;;;983.4;;;;1031;6.8;12.5;24.5;45;12.3;44.3;;;;;;;;;;;;;;59;;
STK;25.01.2023 00:00;;;;;;;;;980.3;;;;1027.8;4.3;9.7;15.5;34.9;9.3;33.5;;;;;;;;;;;;;;58;;
STK;26.01.2023 00:00;;;;;;;;;972.6;;;;1019.8;2.1;5.2;7.6;18.7;5.1;18.4;;;;;;;;;;;;;;360;;
STK;27.01.2023 00:00;;;;;;;;;972.2;;;;1019.3;5.5;10.8;19.8;38.9;10.3;37.1;;;;;;;;;;;;;;46;;
STK;28.01.2023 00:00;;;;;;;;;976.6;;;;1023.9;5.8;10.8;20.9;38.9;10.5;37.8;;;;;;;;;;;;;;56;;
STK;29.01.2023 00:00;;;;;;;;;979.5;;;;1027;3.3;9.6;11.9;34.6;9.3;33.5;;;;;;;;;;;;;;63;;
STK;30.01.2023 00:00;;;;;;;;;978.1;;;;1025.5;6.8;15.2;24.5;54.7;15;54;;;;;;;;;;;;;;233;;
STK;31.01.2023 00:00;;;;;;;;;980.5;;;;1028;5.2;13.3;18.7;47.9;13;46.8;;;;;;;;;;;;;;230;;
STK;01.02.2023 00:00;;;;;;;;;978.9;;;;1026.3;8.2;18.8;29.5;67.7;18.6;67;;;;;;;;;;;;;;237;;
STK;02.02.2023 00:00;;;;;;;;;981.9;;;;1029.4;7.9;15.5;28.4;55.8;15.3;55.1;;;;;;;;;;;;;;237;;
STK;03.02.2023 00:00;;;;;;;;;984.5;;;;1032.1;8;17;28.8;61.2;15.9;57.2;;;;;;;;;;;;;;236;;
STK;04.02.2023 00:00;;;;;;;;;987;;;;1034.7;2.4;12.8;8.6;46.1;12.6;45.4;;;;;;;;;;;;;;227;;
STK;05.02.2023 00:00;;;;;;;;;987.6;;;;1035.4;2.2;7.4;7.9;26.6;7.2;25.9;;;;;;;;;;;;;;232;;
STK;06.02.2023 00:00;;;;;;;;;987.5;;;;1035.3;4.9;12.3;17.6;44.3;11.8;42.5;;;;;;;;;;;;;;60;;
STK;07.02.2023 00:00;;;;;;;;;987.4;;;;1035.2;3.9;14;14;50.4;13;46.8;;;;;;;;;;;;;;51;;
STK;08.02.2023 00:00;;;;;;;;;986;;;;1033.7;2.3;7.2;8.3;25.9;7.1;25.6;;;;;;;;;;;;;;62;;
STK;09.02.2023 00:00;;;;;;;;;985.9;;;;1033.6;1.2;4.2;4.3;15.1;4.1;14.8;;;;;;;;;;;;;;166;;
STK;10.02.2023 00:00;;;;;;;;;990.4;;;;1038.2;1.2;3.3;4.3;11.9;3.2;11.5;;;;;;;;;;;;;;143;;
STK;11.02.2023 00:00;;;;;;;;;989.1;;;;1036.9;1.2;5.9;4.3;21.2;5.8;20.9;;;;;;;;;;;;;;198;;
STK;12.02.2023 00:00;;;;;;;;;988.6;;;;1036.4;1.1;5.9;4;21.2;5.6;20.2;;;;;;;;;;;;;;63;;
STK;13.02.2023 00:00;;;;;;;;;989.5;;;;1037.3;1.1;4.2;4;15.1;4.1;14.8;;;;;;;;;;;;;;59;;
STK;14.02.2023 00:00;;;;;;;;;987.4;;;;1035.1;1.1;4.4;4;15.8;4.3;15.5;;;;;;;;;;;;;;45;;
STK;15.02.2023 00:00;;;;;;;;;982.9;;;;1030.4;0.8;3.2;2.9;11.5;3.1;11.2;;;;;;;;;;;;;;360;;
STK;16.02.2023 00:00;;;;;;;;;981.8;;;;1029.3;0.9;3.3;3.2;11.9;3.1;11.2;;;;;;;;;;;;;;90;;
STK;17.02.2023 00:00;;;;;;;;;981.1;;;;1028.6;5.5;12.5;19.8;45;12.1;43.6;;;;;;;;;;;;;;235;;
STK;18.02.2023 00:00;;;;;;;;;979.4;;;;1026.8;6.6;18;23.8;64.8;16.7;60.1;;;;;;;;;;;;;;235;;
STK;19.02.2023 00:00;;;;;;;;;979.4;;;;1026.9;6;14;21.6;50.4;13.4;48.2;;;;;;;;;;;;;;233;;
STK;20.02.2023 00:00;;;;;;;;;979.7;;;;1027.1;1.4;4.6;5;16.6;4.5;16.2;;;;;;;;;;;;;;225;;
STK;21.02.2023 00:00;;;;;;;;;973.1;;;;1020.3;1.3;3.4;4.7;12.2;3.4;12.2;;;;;;;;;;;;;;117;;
STK;22.02.2023 00:00;;;;;;;;;968.1;;;;1015.1;2.3;11.9;8.3;42.8;11.5;41.4;;;;;;;;;;;;;;231;;
STK;23.02.2023 00:00;;;;;;;;;967.1;;;;1014;1.2;3.3;4.3;11.9;3.3;11.9;;;;;;;;;;;;;;90;;
STK;24.02.2023 00:00;;;;;;;;;961;;;;1007.8;1.8;10.7;6.5;38.5;10.1;36.4;;;;;;;;;;;;;;243;;
STK;25.02.2023 00:00;;;;;;;;;961;;;;1007.7;2;10;7.2;36;9.7;34.9;;;;;;;;;;;;;;350;;
STK;26.02.2023 00:00;;;;;;;;;966.3;;;;1013.2;9.9;21;35.6;75.6;20.5;73.8;;;;;;;;;;;;;;55;;
STK;27.02.2023 00:00;;;;;;;;;971.8;;;;1019;11.4;20.2;41;72.7;19.8;71.3;;;;;;;;;;;;;;58;;
STK;28.02.2023 00:00;;;;;;;;;975.3;;;;1022.5;5;11.7;18;42.1;11.5;41.4;;;;;;;;;;;;;;61;;
STK;01.03.2023 00:00;;;;;;;;;972.1;;;;1019.3;4.9;12.5;17.6;45;12.2;43.9;;;;;;;;;;;;;;59;;
STK;02.03.2023 00:00;;;;;;;;;970.5;;;;1017.6;1.7;8.1;6.1;29.2;8;28.8;;;;;;;;;;;;;;39;;
STK;03.03.2023 00:00;;;;;;;;;973.1;;;;1020.3;1;4.1;3.6;14.8;4.1;14.8;;;;;;;;;;;;;;45;;
STK;04.03.2023 00:00;;;;;;;;;974;;;;1021.3;2;9.1;7.2;32.8;8.9;32;;;;;;;;;;;;;;58;;
STK;05.03.2023 00:00;;;;;;;;;968.3;;;;1015.3;1.3;4.8;4.7;17.3;4.7;16.9;;;;;;;;;;;;;;58;;
STK;06.03.2023 00:00;;;;;;;;;960.9;;;;1007.6;4;11.5;14.4;41.4;11.2;40.3;;;;;;;;;;;;;;235;;
STK;07.03.2023 00:00;;;;;;;;;957.6;;;;1004.2;5.6;14.3;20.2;51.5;14;50.4;;;;;;;;;;;;;;239;;
STK;08.03.2023 00:00;;;;;;;;;953.7;;;;1000.1;6.3;19.3;22.7;69.5;18.6;67;;;;;;;;;;;;;;228;;
STK;09.03.2023 00:00;;;;;;;;;955.6;;;;1002.1;6.9;25.5;24.8;91.8;24.6;88.6;;;;;;;;;;;;;;238;;
STK;10.03.2023 00:00;;;;;;;;;953.5;;;;1000;8.5;27.3;30.6;98.3;26.9;96.8;;;;;;;;;;;;;;242;;
STK;11.03.2023 00:00;;;;;;;;;963.1;;;;1009.9;2.8;7.8;10.1;28.1;7.7;27.7;;;;;;;;;;;;;;243;;
STK;12.03.2023 00:00;;;;;;;;;968;;;;1015;4.3;17.3;15.5;62.3;17;61.2;;;;;;;;;;;;;;238;;
STK;13.03.2023 00:00;;;;;;;;;960.9;;;;1007.6;4.5;25.2;16.2;90.7;23.8;85.7;;;;;;;;;;;;;;234;;
STK;14.03.2023 00:00;;;;;;;;;958.7;;;;1005.3;7.9;25.1;28.4;90.4;23.8;85.7;;;;;;;;;;;;;;235;;
STK;15.03.2023 00:00;;;;;;;;;971.8;;;;1018.9;3;10;10.8;36;9.7;34.9;;;;;;;;;;;;;;247;;
STK;16.03.2023 00:00;;;;;;;;;971.1;;;;1018.2;1.2;5;4.3;18;4.9;17.6;;;;;;;;;;;;;;79;;
STK;17.03.2023 00:00;;;;;;;;;966.8;;;;1013.7;1.1;3.4;4;12.2;3.3;11.9;;;;;;;;;;;;;;135;;
STK;18.03.2023 00:00;;;;;;;;;967.2;;;;1014.1;1.2;4.1;4.3;14.8;4.1;14.8;;;;;;;;;;;;;;135;;
STK;19.03.2023 00:00;;;;;;;;;970.6;;;;1017.7;2.7;11.9;9.7;42.8;11.6;41.8;;;;;;;;;;;;;;234;;
STK;20.03.2023 00:00;;;;;;;;;974;;;;1021.3;1.8;5.3;6.5;19.1;5.2;18.7;;;;;;;;;;;;;;232;;
STK;21.03.2023 00:00;;;;;;;;;970.7;;;;1017.8;1.5;6.5;5.4;23.4;6.4;23;;;;;;;;;;;;;;236;;
STK;22.03.2023 00:00;;;;;;;;;967.5;;;;1014.4;1.8;9.2;6.5;33.1;9;32.4;;;;;;;;;;;;;;238;;
STK;23.03.2023 00:00;;;;;;;;;965.6;;;;1012.5;2.4;12.7;8.6;45.7;12.5;45;;;;;;;;;;;;;;235;;
STK;24.03.2023 00:00;;;;;;;;;964.8;;;;1011.7;4.6;17.9;16.6;64.4;17.4;62.6;;;;;;;;;;;;;;233;;
STK;25.03.2023 00:00;;;;;;;;;967.6;;;;1014.6;5.5;27.8;19.8;100.1;26.5;95.4;;;;;;;;;;;;;;235;;
STK;26.03.2023 00:00;;;;;;;;;961.3;;;;1008.1;4.8;24.3;17.3;87.5;23.1;83.2;;;;;;;;;;;;;;236;;
STK;27.03.2023 00:00;;;;;;;;;971.6;;;;1018.7;3.8;12.2;13.7;43.9;11.9;42.8;;;;;;;;;;;;;;277;;
STK;28.03.2023 00:00;;;;;;;;;978.5;;;;1025.9;2.3;8;8.3;28.8;7.8;28.1;;;;;;;;;;;;;;77;;
STK;29.03.2023 00:00;;;;;;;;;972.5;;;;1019.7;3.1;11.6;11.2;41.8;11.5;41.4;;;;;;;;;;;;;;233;;
STK;30.03.2023 00:00;;;;;;;;;968.4;;;;1015.4;3.1;18.3;11.2;65.9;17.8;64.1;;;;;;;;;;;;;;234;;
STK;31.03.2023 00:00;;;;;;;;;960.4;;;;1007.1;6.5;33.9;23.4;122;32.6;117.4;;;;;;;;;;;;;;233;;
STK;01.04.2023 00:00;;;;;;;;;961.2;;;;1007.9;8;23.1;28.8;83.2;22;79.2;;;;;;;;;;;;;;232;;
STK;02.04.2023 00:00;;;;;;;;;968.9;;;;1016;4.3;10.9;15.5;39.2;10.8;38.9;;;;;;;;;;;;;;293;;
STK;03.04.2023 00:00;;;;;;;;;975.7;;;;1023;7.1;14;25.6;50.4;13.6;49;;;;;;;;;;;;;;56;;
STK;04.04.2023 00:00;;;;;;;;;974.9;;;;1022.2;5.2;14.1;18.7;50.8;13.5;48.6;;;;;;;;;;;;;;61;;
STK;05.04.2023 00:00;;;;;;;;;973;;;;1020.2;1;3.4;3.6;12.2;3.4;12.2;;;;;;;;;;;;;;72;;
STK;06.04.2023 00:00;;;;;;;;;972.2;;;;1019.4;2.2;8.2;7.9;29.5;7.9;28.4;;;;;;;;;;;;;;238;;
STK;07.04.2023 00:00;;;;;;;;;970.2;;;;1017.3;2.7;9.6;9.7;34.6;9.4;33.8;;;;;;;;;;;;;;245;;
STK;08.04.2023 00:00;;;;;;;;;974.6;;;;1021.9;1.8;6.5;6.5;23.4;6.2;22.3;;;;;;;;;;;;;;104;;
STK;09.04.2023 00:00;;;;;;;;;976;;;;1023.3;2.1;7.4;7.6;26.6;6.9;24.8;;;;;;;;;;;;;;62;;
STK;10.04.2023 00:00;;;;;;;;;973.4;;;;1020.6;1.4;9;5;32.4;8.6;31;;;;;;;;;;;;;;90;;
STK;11.04.2023 00:00;;;;;;;;;969.6;;;;1016.6;5.4;14.4;19.4;51.8;13.8;49.7;;;;;;;;;;;;;;238;;
STK;12.04.2023 00:00;;;;;;;;;960.5;;;;1007.2;3.4;15.7;12.2;56.5;15.1;54.4;;;;;;;;;;;;;;243;;
STK;13.04.2023 00:00;;;;;;;;;962.3;;;;1009;3.9;11.7;14;42.1;11.1;40;;;;;;;;;;;;;;240;;
STK;14.04.2023 00:00;;;;;;;;;962.3;;;;1009;2.4;7;8.6;25.2;6.7;24.1;;;;;;;;;;;;;;229;;
STK;15.04.2023 00:00;;;;;;;;;964;;;;1010.8;2.7;12.2;9.7;43.9;12;43.2;;;;;;;;;;;;;;241;;
STK;16.04.2023 00:00;;;;;;;;;972.6;;;;1019.8;2.2;5.5;7.9;19.8;5.4;19.4;;;;;;;;;;;;;;227;;
STK;17.04.2023 00:00;;;;;;;;;973.1;;;;1020.3;3.2;11.1;11.5;40;10.7;38.5;;;;;;;;;;;;;;48;;
STK;18.04.2023 00:00;;;;;;;;;972.2;;;;1019.3;5.3;12.5;19.1;45;12.1;43.6;;;;;;;;;;;;;;52;;
STK;19.04.2023 00:00;;;;;;;;;971.7;;;;1018.8;2.3;14;8.3;50.4;13.9;50;;;;;;;;;;;;;;63;;
STK;20.04.2023 00:00;;;;;;;;;966.2;;;;1013.1;2.1;7.3;7.6;26.3;7.1;25.6;;;;;;;;;;;;;;55;;
STK;21.04.2023 00:00;;;;;;;;;965.1;;;;1012;1.9;8.7;6.8;31.3;8.5;30.6;;;;;;;;;;;;;;243;;
STK;22.04.2023 00:00;;;;;;;;;965;;;;1011.9;2.2;12.8;7.9;46.1;12.6;45.4;;;;;;;;;;;;;;236;;
STK;23.04.2023 00:00;;;;;;;;;963.6;;;;1010.4;2.4;14.8;8.6;53.3;13.8;49.7;;;;;;;;;;;;;;221;;
STK;24.04.2023 00:00;;;;;;;;;964.6;;;;1011.5;6.2;16.8;22.3;60.5;16.4;59;;;;;;;;;;;;;;246;;
STK;25.04.2023 00:00;;;;;;;;;967;;;;1013.9;3.7;12.7;13.3;45.7;12.6;45.4;;;;;;;;;;;;;;238;;
STK;26.04.2023 00:00;;;;;;;;;970.3;;;;1017.4;1.7;6.1;6.1;22;6;21.6;;;;;;;;;;;;;;220;;
STK;27.04.2023 00:00;;;;;;;;;970.9;;;;1018;1.5;4.2;5.4;15.1;4.2;15.1;;;;;;;;;;;;;;63;;
STK;28.04.2023 00:00;;;;;;;;;968.8;;;;1015.9;2.5;9.1;9;32.8;8.5;30.6;;;;;;;;;;;;;;232;;
STK;29.04.2023 00:00;;;;;;;;;969.4;;;;1016.4;3.2;10.2;11.5;36.7;10;36;;;;;;;;;;;;;;329;;
STK;30.04.2023 00:00;;;;;;;;;970.4;;;;1017.5;4.4;10.9;15.8;39.2;10.6;38.2;;;;;;;;;;;;;;51;;
STK;01.05.2023 00:00;;;;;;;;;969.6;;;;1016.6;2.6;11.4;9.4;41;10.8;38.9;;;;;;;;;;;;;;237;;
STK;02.05.2023 00:00;;;;;;;;;975.1;;;;1022.4;1.5;9.2;5.4;33.1;9.1;32.8;;;;;;;;;;;;;;27;;
STK;03.05.2023 00:00;;;;;;;;;975.8;;;;1023.1;2.8;8.7;10.1;31.3;8.6;31;;;;;;;;;;;;;;56;;
STK;04.05.2023 00:00;;;;;;;;;972.5;;;;1019.7;1.5;4.4;5.4;15.8;4.2;15.1;;;;;;;;;;;;;;82;;
STK;05.05.2023 00:00;;;;;;;;;971.5;;;;1018.7;1.4;15.1;5;54.4;14.7;52.9;;;;;;;;;;;;;;90;;
STK;06.05.2023 00:00;;;;;;;;;970.3;;;;1017.4;1.7;5.7;6.1;20.5;5.6;20.2;;;;;;;;;;;;;;66;;
STK;07.05.2023 00:00;;;;;;;;;970.5;;;;1017.6;2.5;10.5;9;37.8;10.2;36.7;;;;;;;;;;;;;;242;;
STK;08.05.2023 00:00;;;;;;;;;974.1;;;;1021.3;1.9;6.5;6.8;23.4;6.3;22.7;;;;;;;;;;;;;;243;;
STK;09.05.2023 00:00;;;;;;;;;968.3;;;;1015.3;2.3;17.5;8.3;63;17.2;61.9;;;;;;;;;;;;;;232;;
STK;10.05.2023 00:00;;;;;;;;;967.9;;;;1014.9;5.6;13.1;20.2;47.2;12.3;44.3;;;;;;;;;;;;;;240;;
STK;11.05.2023 00:00;;;;;;;;;967.9;;;;1014.9;1.9;7.2;6.8;25.9;7.1;25.6;;;;;;;;;;;;;;235;;
STK;12.05.2023 00:00;;;;;;;;;967.3;;;;1014.2;2.9;8.9;10.4;32;8.8;31.7;;;;;;;;;;;;;;54;;
STK;13.05.2023 00:00;;;;;;;;;970;;;;1017;3.5;7.8;12.6;28.1;7.7;27.7;;;;;;;;;;;;;;43;;
STK;14.05.2023 00:00;;;;;;;;;968.1;;;;1015.1;1.6;7.2;5.8;25.9;7;25.2;;;;;;;;;;;;;;180;;
STK;15.05.2023 00:00;;;;;;;;;967.1;;;;1014;2.6;9.7;9.4;34.9;9.5;34.2;;;;;;;;;;;;;;240;;
STK;16.05.2023 00:00;;;;;;;;;968.5;;;;1015.6;4.2;12.7;15.1;45.7;12.1;43.6;;;;;;;;;;;;;;29;;
STK;17.05.2023 00:00;;;;;;;;;974.8;;;;1022.1;5.9;12.4;21.2;44.6;12.1;43.6;;;;;;;;;;;;;;53;;
STK;18.05.2023 00:00;;;;;;;;;973.9;;;;1021.1;6.4;12.7;23;45.7;12.3;44.3;;;;;;;;;;;;;;57;;
STK;19.05.2023 00:00;;;;;;;;;972.5;;;;1019.7;3.9;9.8;14;35.3;9.4;33.8;;;;;;;;;;;;;;53;;
STK;20.05.2023 00:00;;;;;;;;;968.1;;;;1015.1;1.9;7.8;6.8;28.1;7.7;27.7;;;;;;;;;;;;;;60;;
STK;21.05.2023 00:00;;;;;;;;;965.8;;;;1012.7;1.5;4.6;5.4;16.6;4.4;15.8;;;;;;;;;;;;;;72;;
STK;22.05.2023 00:00;;;;;;;;;967.3;;;;1014.3;2.1;7.1;7.6;25.6;7;25.2;;;;;;;;;;;;;;234;;
STK;23.05.2023 00:00;;;;;;;;;970.4;;;;1017.5;2.3;8.1;8.3;29.2;8;28.8;;;;;;;;;;;;;;37;;
STK;24.05.2023 00:00;;;;;;;;;972.3;;;;1019.5;3.5;8.6;12.6;31;8.4;30.2;;;;;;;;;;;;;;49;;
STK;25.05.2023 00:00;;;;;;;;;973.9;;;;1021.1;4.2;10.3;15.1;37.1;10.2;36.7;;;;;;;;;;;;;;54;;
STK;26.05.2023 00:00;;;;;;;;;975.7;;;;1023;1.9;8.6;6.8;31;8.3;29.9;;;;;;;;;;;;;;55;;
STK;27.05.2023 00:00;;;;;;;;;973.4;;;;1020.6;3.8;9.5;13.7;34.2;9.3;33.5;;;;;;;;;;;;;;52;;
STK;28.05.2023 00:00;;;;;;;;;970;;;;1017;2.1;8.4;7.6;30.2;8.2;29.5;;;;;;;;;;;;;;55;;
STK;29.05.2023 00:00;;;;;;;;;970.2;;;;1017.3;3.4;11.4;12.2;41;11.2;40.3;;;;;;;;;;;;;;56;;
STK;30.05.2023 00:00;;;;;;;;;971.8;;;;1018.9;4.1;11.8;14.8;42.5;11.5;41.4;;;;;;;;;;;;;;53;;
STK;31.05.2023 00:00;;;;;;;;;971;;;;1018.1;5.4;12.1;19.4;43.6;12;43.2;;;;;;;;;;;;;;56;;
STK;01.06.2023 00:00;;;;;;;;;970;;;;1017;1.4;7.5;5;27;7.4;26.6;;;;;;;;;;;;;;67;;
STK;02.06.2023 00:00;;;;;;;;;968.3;;;;1015.3;2.8;11;10.1;39.6;10.9;39.2;;;;;;;;;;;;;;54;;
STK;03.06.2023 00:00;;;;;;;;;969;;;;1016;2.4;7.9;8.6;28.4;7.8;28.1;;;;;;;;;;;;;;49;;
STK;04.06.2023 00:00;;;;;;;;;970.2;;;;1017.2;1.9;9.5;6.8;34.2;9.1;32.8;;;;;;;;;;;;;;61;;
STK;05.06.2023 00:00;;;;;;;;;969.6;;;;1016.7;1.9;7.8;6.8;28.1;7.5;27;;;;;;;;;;;;;;63;;
STK;06.06.2023 00:00;;;;;;;;;970.5;;;;1017.6;2.2;8.6;7.9;31;8.5;30.6;;;;;;;;;;;;;;58;;
STK;07.06.2023 00:00;;;;;;;;;969.7;;;;1016.7;1.4;4.7;5;16.9;4.7;16.9;;;;;;;;;;;;;;54;;
STK;08.06.2023 00:00;;;;;;;;;967.4;;;;1014.4;1.7;9.3;6.1;33.5;9.1;32.8;;;;;;;;;;;;;;90;;
STK;09.06.2023 00:00;;;;;;;;;965.9;;;;1012.8;2.4;9.1;8.6;32.8;8.9;32;;;;;;;;;;;;;;60;;
STK;10.06.2023 00:00;;;;;;;;;966.7;;;;1013.6;2.4;9.4;8.6;33.8;9.2;33.1;;;;;;;;;;;;;;60;;
STK;11.06.2023 00:00;;;;;;;;;968.1;;;;1015.1;3.5;11.5;12.6;41.4;10.8;38.9;;;;;;;;;;;;;;56;;
STK;12.06.2023 00:00;;;;;;;;;966.9;;;;1013.9;3.9;12.3;14;44.3;12.2;43.9;;;;;;;;;;;;;;58;;
STK;13.06.2023 00:00;;;;;;;;;964.5;;;;1011.4;4;10.8;14.4;38.9;10.5;37.8;;;;;;;;;;;;;;57;;
STK;14.06.2023 00:00;;;;;;;;;966.7;;;;1013.6;2.2;7.5;7.9;27;7.4;26.6;;;;;;;;;;;;;;69;;
STK;15.06.2023 00:00;;;;;;;;;970.2;;;;1017.3;1.6;6.3;5.8;22.7;6.3;22.7;;;;;;;;;;;;;;72;;
STK;16.06.2023 00:00;;;;;;;;;970.9;;;;1018;1.7;6;6.1;21.6;6;21.6;;;;;;;;;;;;;;194;;
STK;17.06.2023 00:00;;;;;;;;;969.6;;;;1016.6;1.7;6.5;6.1;23.4;6.4;23;;;;;;;;;;;;;;207;;
STK;18.06.2023 00:00;;;;;;;;;967.7;;;;1014.7;1.7;5.8;6.1;20.9;5.7;20.5;;;;;;;;;;;;;;104;;
STK;19.06.2023 00:00;;;;;;;;;968.6;;;;1015.7;2.6;15.8;9.4;56.9;15.3;55.1;;;;;;;;;;;;;;216;;
STK;20.06.2023 00:00;;;;;;;;;968.2;;;;1015.2;1.9;14.7;6.8;52.9;14.5;52.2;;;;;;;;;;;;;;270;;
STK;21.06.2023 00:00;;;;;;;;;971.8;;;;1019;1.7;26.8;6.1;96.5;24.9;89.6;;;;;;;;;;;;;;27;;
STK;22.06.2023 00:00;;;;;;;;;970.1;;;;1017.2;3.6;14.7;13;52.9;14.2;51.1;;;;;;;;;;;;;;230;;
STK;23.06.2023 00:00;;;;;;;;;977.1;;;;1024.5;4.4;12.9;15.8;46.4;12.5;45;;;;;;;;;;;;;;254;;
STK;24.06.2023 00:00;;;;;;;;;977.2;;;;1024.6;2.9;8.3;10.4;29.9;8.1;29.2;;;;;;;;;;;;;;64;;
STK;25.06.2023 00:00;;;;;;;;;971.9;;;;1019;1;4;3.6;14.4;3.9;14;;;;;;;;;;;;;;90;;
STK;26.06.2023 00:00;;;;;;;;;971.8;;;;1018.9;3.9;13.1;14;47.2;12.6;45.4;;;;;;;;;;;;;;251;;
STK;27.06.2023 00:00;;;;;;;;;973.4;;;;1020.7;1.8;6.6;6.5;23.8;6.4;23;;;;;;;;;;;;;;279;;
STK;28.06.2023 00:00;;;;;;;;;972.1;;;;1019.3;1.8;4.9;6.5;17.6;4.8;17.3;;;;;;;;;;;;;;70;;
STK;29.06.2023 00:00;;;;;;;;;968.8;;;;1015.9;1.6;6.1;5.8;22;6;21.6;;;;;;;;;;;;;;207;;
STK;30.06.2023 00:00;;;;;;;;;967;;;;1014;2.9;10.6;10.4;38.2;10.5;37.8;;;;;;;;;;;;;;236;;
STK;01.07.2023 00:00;;;;;;;;;965.9;;;;1012.8;4.2;12.2;15.1;43.9;11.8;42.5;;;;;;;;;;;;;;235;;
STK;02.07.2023 00:00;;;;;;;;;967.9;;;;1014.9;5.4;13.7;19.4;49.3;13.2;47.5;;;;;;;;;;;;;;243;;
STK;03.07.2023 00:00;;;;;;;;;969.5;;;;1016.5;4.6;11.7;16.6;42.1;11.5;41.4;;;;;;;;;;;;;;250;;
STK;04.07.2023 00:00;;;;;;;;;969.4;;;;1016.5;2.7;22.5;9.7;81;21.8;78.5;;;;;;;;;;;;;;242;;
STK;05.07.2023 00:00;;;;;;;;;970.1;;;;1017.1;4;17.2;14.4;61.9;17;61.2;;;;;;;;;;;;;;237;;
STK;06.07.2023 00:00;;;;;;;;;972;;;;1019.1;1.7;5.4;6.1;19.4;5.3;19.1;;;;;;;;;;;;;;73;;
STK;07.07.2023 00:00;;;;;;;;;972.8;;;;1019.9;1.9;6.6;6.8;23.8;6.4;23;;;;;;;;;;;;;;67;;
STK;08.07.2023 00:00;;;;;;;;;973.6;;;;1020.8;2.4;15.3;8.6;55.1;14.7;52.9;;;;;;;;;;;;;;211;;
STK;09.07.2023 00:00;;;;;;;;;974.4;;;;1021.6;1.5;3.8;5.4;13.7;3.7;13.3;;;;;;;;;;;;;;74;;
STK;10.07.2023 00:00;;;;;;;;;974.9;;;;1022.2;1.9;23.6;6.8;85;22.9;82.4;;;;;;;;;;;;;;229;;
STK;11.07.2023 00:00;;;;;;;;;969.8;;;;1016.8;2.1;34.6;7.6;124.6;33.2;119.5;;;;;;;;;;;;;;225;;
STK;12.07.2023 00:00;;;;;;;;;969.1;;;;1016.1;3.2;11.8;11.5;42.5;11.7;42.1;;;;;;;;;;;;;;224;;
STK;13.07.2023 00:00;;;;;;;;;972.5;;;;1019.7;2.4;9.6;8.6;34.6;9.4;33.8;;;;;;;;;;;;;;215;;
STK;14.07.2023 00:00;;;;;;;;;969.6;;;;1016.7;1.4;4.2;5;15.1;4.1;14.8;;;;;;;;;;;;;;56;;
STK;15.07.2023 00:00;;;;;;;;;965.9;;;;1012.8;2.2;11.3;7.9;40.7;11.1;40;;;;;;;;;;;;;;225;;
STK;16.07.2023 00:00;;;;;;;;;972.1;;;;1019.3;2.7;12.8;9.7;46.1;11.9;42.8;;;;;;;;;;;;;;230;;
STK;17.07.2023 00:00;;;;;;;;;974.6;;;;1021.9;2.9;11.5;10.4;41.4;11.2;40.3;;;;;;;;;;;;;;242;;
STK;18.07.2023 00:00;;;;;;;;;972.1;;;;1019.3;1.5;9.5;5.4;34.2;8.9;32;;;;;;;;;;;;;;135;;
STK;19.07.2023 00:00;;;;;;;;;968.6;;;;1015.6;4.6;14.7;16.6;52.9;14.5;52.2;;;;;;;;;;;;;;243;;
STK;20.07.2023 00:00;;;;;;;;;968.3;;;;1015.3;2;6.7;7.2;24.1;6.6;23.8;;;;;;;;;;;;;;270;;
STK;21.07.2023 00:00;;;;;;;;;967.2;;;;1014.1;2.7;12.5;9.7;45;12.5;45;;;;;;;;;;;;;;235;;
STK;22.07.2023 00:00;;;;;;;;;970.4;;;;1017.4;2.6;10.1;9.4;36.4;9.9;35.6;;;;;;;;;;;;;;234;;
STK;23.07.2023 00:00;;;;;;;;;968;;;;1015;3.1;15.1;11.2;54.4;14.9;53.6;;;;;;;;;;;;;;235;;
STK;24.07.2023 00:00;;;;;;;;;963.4;;;;1010.2;2.5;21.9;9;78.8;21.6;77.8;;;;;;;;;;;;;;235;;
STK;25.07.2023 00:00;;;;;;;;;962.2;;;;1008.9;5.5;24;19.8;86.4;23.8;85.7;;;;;;;;;;;;;;247;;
STK;26.07.2023 00:00;;;;;;;;;970.1;;;;1017.2;4.5;14.3;16.2;51.5;13.9;50;;;;;;;;;;;;;;231;;
STK;27.07.2023 00:00;;;;;;;;;967.3;;;;1014.2;2.3;9.8;8.3;35.3;9.7;34.9;;;;;;;;;;;;;;229;;
STK;28.07.2023 00:00;;;;;;;;;966.4;;;;1013.4;3.3;14.3;11.9;51.5;14.2;51.1;;;;;;;;;;;;;;238;;
STK;29.07.2023 00:00;;;;;;;;;967.4;;;;1014.3;3.2;12.2;11.5;43.9;11.8;42.5;;;;;;;;;;;;;;232;;
STK;30.07.2023 00:00;;;;;;;;;970.3;;;;1017.4;5.8;16.7;20.9;60.1;16.4;59;;;;;;;;;;;;;;243;;
STK;31.07.2023 00:00;;;;;;;;;968.7;;;;1015.7;3.1;10.2;11.2;36.7;9.8;35.3;;;;;;;;;;;;;;240;;
STK;01.08.2023 00:00;;;;;;;;;962;;;;1008.8;5.1;15.8;18.4;56.9;15.2;54.7;;;;;;;;;;;;;;234;;
STK;02.08.2023 00:00;;;;;;;;;958;;;;1004.6;4.7;26.3;16.9;94.7;24.5;88.2;;;;;;;;;;;;;;235;;
STK;03.08.2023 00:00;;;;;;;;;962.6;;;;1009.4;5.4;18.5;19.4;66.6;18;64.8;;;;;;;;;;;;;;243;;
STK;04.08.2023 00:00;;;;;;;;;967.1;;;;1014.1;2.4;8;8.6;28.8;7.6;27.4;;;;;;;;;;;;;;253;;
STK;05.08.2023 00:00;;;;;;;;;967.7;;;;1014.7;2.6;11.5;9.4;41.4;11.2;40.3;;;;;;;;;;;;;;237;;
STK;06.08.2023 00:00;;;;;;;;;967.2;;;;1014.1;8.6;21.1;31;76;20.4;73.4;;;;;;;;;;;;;;240;;
STK;07.08.2023 00:00;;;;;;;;;973.4;;;;1020.6;5.3;15.5;19.1;55.8;15.2;54.7;;;;;;;;;;;;;;238;;
STK;08.08.2023 00:00;;;;;;;;;972.2;;;;1019.4;3.2;10.9;11.5;39.2;10.6;38.2;;;;;;;;;;;;;;234;;
STK;09.08.2023 00:00;;;;;;;;;972.4;;;;1019.6;2.4;10;8.6;36;9.5;34.2;;;;;;;;;;;;;;238;;
STK;10.08.2023 00:00;;;;;;;;;974.5;;;;1021.7;1.6;4.6;5.8;16.6;4.5;16.2;;;;;;;;;;;;;;73;;
STK;11.08.2023 00:00;;;;;;;;;975.4;;;;1022.6;1.5;4.5;5.4;16.2;4.4;15.8;;;;;;;;;;;;;;83;;
STK;12.08.2023 00:00;;;;;;;;;973.5;;;;1020.7;1.6;9.1;5.8;32.8;8.9;32;;;;;;;;;;;;;;232;;
STK;13.08.2023 00:00;;;;;;;;;972;;;;1019.2;1.4;5.4;5;19.4;5.3;19.1;;;;;;;;;;;;;;198;;
STK;14.08.2023 00:00;;;;;;;;;970.2;;;;1017.3;1.4;4.1;5;14.8;4;14.4;;;;;;;;;;;;;;63;;
STK;15.08.2023 00:00;;;;;;;;;971.5;;;;1018.6;1.4;5;5;18;4.9;17.6;;;;;;;;;;;;;;236;;
STK;16.08.2023 00:00;;;;;;;;;971.8;;;;1018.9;1.8;10.7;6.5;38.5;10.4;37.4;;;;;;;;;;;;;;56;;
STK;17.08.2023 00:00;;;;;;;;;971.3;;;;1018.4;2;8.9;7.2;32;8.8;31.7;;;;;;;;;;;;;;180;;
STK;18.08.2023 00:00;;;;;;;;;970.4;;;;1017.5;1.8;5.6;6.5;20.2;5.4;19.4;;;;;;;;;;;;;;85;;
STK;19.08.2023 00:00;;;;;;;;;972.1;;;;1019.2;1.5;7.2;5.4;25.9;7;25.2;;;;;;;;;;;;;;90;;
STK;20.08.2023 00:00;;;;;;;;;974.7;;;;1022;1.4;5.1;5;18.4;5;18;;;;;;;;;;;;;;117;;
STK;21.08.2023 00:00;;;;;;;;;975.2;;;;1022.5;1.7;4.4;6.1;15.8;4.2;15.1;;;;;;;;;;;;;;101;;
STK;22.08.2023 00:00;;;;;;;;;973.5;;;;1020.7;1.8;6.2;6.5;22.3;6;21.6;;;;;;;;;;;;;;67;;
STK;23.08.2023 00:00;;;;;;;;;972.8;;;;1020;1.5;5.3;5.4;19.1;5.2;18.7;;;;;;;;;;;;;;74;;
STK;24.08.2023 00:00;;;;;;;;;969.6;;;;1016.7;2;16.8;7.2;60.5;16;57.6;;;;;;;;;;;;;;67;;
STK;25.08.2023 00:00;;;;;;;;;967.7;;;;1014.7;2.4;;8.6;;;;;;;;;;;;;;;;;;;
STK;26.08.2023 00:00;;;;;;;;;967.4;;;;1014.4;1.8;;6.5;;;;;;;;;;;;;;;;;;;
STK;27.08.2023 00:00;;;;;;;;;966.3;;;;1013.2;1.9;;6.8;;;;;;;;;;;;;;;;;;;
STK;28.08.2023 00:00;;;;;;;;;964.4;;;;1011.3;2.8;;10.1;;;;;;;;;;;;;;;;;;;
STK;29.08.2023 00:00;;;;;;;;;965.5;;;;1012.4;2.8;8.3;10.1;29.9;7.8;28.1;;;;;;;;;;;;;;223;;
STK;30.08.2023 00:00;;;;;;;;;964.7;;;;1011.6;2.3;8.2;8.3;29.5;8.1;29.2;;;;;;;;;;;;;;227;;
STK;31.08.2023 00:00;;;;;;;;;969.1;;;;1016.1;3.4;8.7;12.2;31.3;8.5;30.6;;;;;;;;;;;;;;231;;
STK;01.09.2023 00:00;;;;;;;;;970.8;;;;1017.9;1.9;8.2;6.8;29.5;8;28.8;;;;;;;;;;;;;;234;;
STK;02.09.2023 00:00;;;;;;;;;974.3;;;;1021.5;1.1;2.7;4;9.7;2.6;9.4;;;;;;;;;;;;;;117;;
STK;03.09.2023 00:00;;;;;;;;;979;;;;1026.4;1.3;4.2;4.7;15.1;4.2;15.1;;;;;;;;;;;;;;63;;
STK;04.09.2023 00:00;;;;;;;;;977;;;;1024.4;3.3;9.2;11.9;33.1;9;32.4;;;;;;;;;;;;;;65;;
STK;05.09.2023 00:00;;;;;;;;;974.2;;;;1021.5;1.7;5.9;6.1;21.2;5.7;20.5;;;;;;;;;;;;;;72;;
STK;06.09.2023 00:00;;;;;;;;;973.7;;;;1020.9;1.2;3.6;4.3;13;3.4;12.2;;;;;;;;;;;;;;90;;
STK;07.09.2023 00:00;;;;;;;;;973.1;;;;1020.2;1.2;2.8;4.3;10.1;2.7;9.7;;;;;;;;;;;;;;127;;
STK;08.09.2023 00:00;;;;;;;;;972.4;;;;1019.6;1.4;3.5;5;12.6;3.4;12.2;;;;;;;;;;;;;;90;;
STK;09.09.2023 00:00;;;;;;;;;972;;;;1019.2;1.3;3.8;4.7;13.7;3.8;13.7;;;;;;;;;;;;;;104;;
STK;10.09.2023 00:00;;;;;;;;;972.1;;;;1019.3;1.4;3.6;5;13;3.5;12.6;;;;;;;;;;;;;;112;;
STK;11.09.2023 00:00;;;;;;;;;969.3;;;;1016.4;1.4;3.4;5;12.2;3.3;11.9;;;;;;;;;;;;;;112;;
STK;12.09.2023 00:00;;;;;;;;;968;;;;1015;1.8;8.5;6.5;30.6;8;28.8;;;;;;;;;;;;;;171;;
STK;13.09.2023 00:00;;;;;;;;;971.8;;;;1019;2.3;9.2;8.3;33.1;8.9;32;;;;;;;;;;;;;;229;;
STK;14.09.2023 00:00;;;;;;;;;974.1;;;;1021.4;1.9;7.4;6.8;26.6;7.2;25.9;;;;;;;;;;;;;;54;;
STK;15.09.2023 00:00;;;;;;;;;970.9;;;;1018;1.6;4.4;5.8;15.8;4.3;15.5;;;;;;;;;;;;;;59;;
STK;16.09.2023 00:00;;;;;;;;;969.1;;;;1016.1;1.4;4.6;5;16.6;4.5;16.2;;;;;;;;;;;;;;124;;
STK;17.09.2023 00:00;;;;;;;;;968.8;;;;1015.8;1.8;5.6;6.5;20.2;5.5;19.8;;;;;;;;;;;;;;58;;
STK;18.09.2023 00:00;;;;;;;;;967;;;;1013.9;2.8;14.3;10.1;51.5;14.1;50.8;;;;;;;;;;;;;;223;;
STK;19.09.2023 00:00;;;;;;;;;970.5;;;;1017.6;3.7;10.9;13.3;39.2;10.4;37.4;;;;;;;;;;;;;;231;;
STK;20.09.2023 00:00;;;;;;;;;967;;;;1013.9;1.3;3.3;4.7;11.9;3.3;11.9;;;;;;;;;;;;;;112;;
STK;21.09.2023 00:00;;;;;;;;;958.5;;;;1005.1;2.4;17.6;8.6;63.4;16.5;59.4;;;;;;;;;;;;;;228;;
STK;22.09.2023 00:00;;;;;;;;;961.9;;;;1008.6;2.2;12.1;7.9;43.6;11.8;42.5;;;;;;;;;;;;;;217;;
STK;23.09.2023 00:00;;;;;;;;;972.5;;;;1019.7;2.6;8;9.4;28.8;7.7;27.7;;;;;;;;;;;;;;241;;
STK;24.09.2023 00:00;;;;;;;;;978.3;;;;1025.7;2.7;11.3;9.7;40.7;11.1;40;;;;;;;;;;;;;;72;;
STK;25.09.2023 00:00;;;;;;;;;976.9;;;;1024.2;1.4;3.7;5;13.3;3.6;13;;;;;;;;;;;;;;141;;
STK;26.09.2023 00:00;;;;;;;;;976;;;;1023.3;1.6;3.9;5.8;14;3.9;14;;;;;;;;;;;;;;121;;
STK;27.09.2023 00:00;;;;;;;;;974.4;;;;1021.7;1.5;4.9;5.4;17.6;4.8;17.3;;;;;;;;;;;;;;207;;
STK;28.09.2023 00:00;;;;;;;;;973.9;;;;1021.1;1.4;4.4;5;15.8;4.2;15.1;;;;;;;;;;;;;;121;;
STK;29.09.2023 00:00;;;;;;;;;976.1;;;;1023.4;1.8;8.7;6.5;31.3;8.4;30.2;;;;;;;;;;;;;;221;;
STK;30.09.2023 00:00;;;;;;;;;979.5;;;;1026.9;1.3;4.2;4.7;15.1;4.2;15.1;;;;;;;;;;;;;;99;;
STK;01.10.2023 00:00;;;;;;;;;979.5;;;;1027;1.3;2.8;4.7;10.1;2.8;10.1;;;;;;;;;;;;;;135;;
STK;02.10.2023 00:00;;;;;;;;;976.9;;;;1024.3;1.3;4.1;4.7;14.8;3.9;14;;;;;;;;;;;;;;108;;
STK;03.10.2023 00:00;;;;;;;;;976.1;;;;1023.4;3.1;16.6;11.2;59.8;16.4;59;;;;;;;;;;;;;;253;;
STK;04.10.2023 00:00;;;;;;;;;981.5;;;;1029;1.3;4.1;4.7;14.8;3.9;14;;;;;;;;;;;;;;98;;
STK;05.10.2023 00:00;;;;;;;;;980.1;;;;1027.6;1.3;4.4;4.7;15.8;4.3;15.5;;;;;;;;;;;;;;169;;
STK;06.10.2023 00:00;;;;;;;;;980.1;;;;1027.6;1.4;3.5;5;12.6;3.4;12.2;;;;;;;;;;;;;;141;;
STK;07.10.2023 00:00;;;;;;;;;980.4;;;;1027.9;1.6;5.3;5.8;19.1;5.2;18.7;;;;;;;;;;;;;;221;;
STK;08.10.2023 00:00;;;;;;;;;980;;;;1027.5;1.3;4.3;4.7;15.5;4.3;15.5;;;;;;;;;;;;;;124;;
STK;09.10.2023 00:00;;;;;;;;;977.3;;;;1024.7;1.5;6.2;5.4;22.3;6.1;22;;;;;;;;;;;;;;209;;
STK;10.10.2023 00:00;;;;;;;;;976.3;;;;1023.6;1.2;4.2;4.3;15.1;4.1;14.8;;;;;;;;;;;;;;104;;
STK;11.10.2023 00:00;;;;;;;;;974.3;;;;1021.5;1.1;3.7;4;13.3;3.6;13;;;;;;;;;;;;;;180;;
STK;12.10.2023 00:00;;;;;;;;;973;;;;1020.2;2.3;8.4;8.3;30.2;8.1;29.2;;;;;;;;;;;;;;230;;
STK;13.10.2023 00:00;;;;;;;;;969.9;;;;1016.9;2.4;11.8;8.6;42.5;10.8;38.9;;;;;;;;;;;;;;215;;
STK;14.10.2023 00:00;;;;;;;;;969.5;;;;1016.5;4.4;16.2;15.8;58.3;15.9;57.2;;;;;;;;;;;;;;240;;
STK;15.10.2023 00:00;;;;;;;;;974.7;;;;1022;2.9;8.9;10.4;32;8.7;31.3;;;;;;;;;;;;;;297;;
STK;16.10.2023 00:00;;;;;;;;;972.6;;;;1019.8;3.7;9.5;13.3;34.2;9.4;33.8;;;;;;;;;;;;;;52;;
STK;17.10.2023 00:00;;;;;;;;;969.7;;;;1016.7;1.6;5;5.8;18;4.9;17.6;;;;;;;;;;;;;;10;;
STK;18.10.2023 00:00;;;;;;;;;961.7;;;;1008.4;1.7;6.7;6.1;24.1;6.5;23.4;;;;;;;;;;;;;;27;;
STK;19.10.2023 00:00;;;;;;;;;950.9;;;;997.2;1.3;4.5;4.7;16.2;4.4;15.8;;;;;;;;;;;;;;54;;
STK;20.10.2023 00:00;;;;;;;;;940.5;;;;986.5;3;14.8;10.8;53.3;14.3;51.5;;;;;;;;;;;;;;228;;
STK;21.10.2023 00:00;;;;;;;;;956;;;;1002.5;1.9;10.5;6.8;37.8;10.1;36.4;;;;;;;;;;;;;;212;;
STK;22.10.2023 00:00;;;;;;;;;966.1;;;;1013;1.4;6;5;21.6;5.8;20.9;;;;;;;;;;;;;;218;;
STK;23.10.2023 00:00;;;;;;;;;964.6;;;;1011.5;1.3;4.7;4.7;16.9;4.6;16.6;;;;;;;;;;;;;;72;;
STK;24.10.2023 00:00;;;;;;;;;960.7;;;;1007.5;2;6.3;7.2;22.7;6.1;22;;;;;;;;;;;;;;220;;
STK;25.10.2023 00:00;;;;;;;;;956.3;;;;1002.9;2.4;15.6;8.6;56.2;15.1;54.4;;;;;;;;;;;;;;227;;
STK;26.10.2023 00:00;;;;;;;;;952.8;;;;999.2;3.3;15.1;11.9;54.4;14.8;53.3;;;;;;;;;;;;;;234;;
STK;27.10.2023 00:00;;;;;;;;;953.3;;;;999.7;4.8;19.4;17.3;69.8;19.3;69.5;;;;;;;;;;;;;;236;;
STK;28.10.2023 00:00;;;;;;;;;958.5;;;;1005.1;3.6;15.1;13;54.4;14.2;51.1;;;;;;;;;;;;;;224;;
STK;29.10.2023 00:00;;;;;;;;;958.2;;;;1004.9;1.3;6.8;4.7;24.5;6.6;23.8;;;;;;;;;;;;;;220;;
STK;30.10.2023 00:00;;;;;;;;;957.5;;;;1004.1;2;10.7;7.2;38.5;10.3;37.1;;;;;;;;;;;;;;223;;
STK;31.10.2023 00:00;;;;;;;;;962.6;;;;1009.4;5.4;15;19.4;54;14.5;52.2;;;;;;;;;;;;;;237;;
STK;01.11.2023 00:00;;;;;;;;;962.2;;;;1009;1.9;10.6;6.8;38.2;10.3;37.1;;;;;;;;;;;;;;212;;
STK;02.11.2023 00:00;;;;;;;;;947.2;;;;993.4;2.1;12.4;7.6;44.6;12.1;43.6;;;;;;;;;;;;;;232;;
STK;03.11.2023 00:00;;;;;;;;;947;;;;993.2;3.3;10.4;11.9;37.4;9.9;35.6;;;;;;;;;;;;;;225;;
STK;04.11.2023 00:00;;;;;;;;;945;;;;991.1;3.1;12.1;11.2;43.6;11.7;42.1;;;;;;;;;;;;;;218;;
STK;05.11.2023 00:00;;;;;;;;;946.1;;;;992.2;7.5;25.6;27;92.2;24.4;87.8;;;;;;;;;;;;;;231;;
STK;06.11.2023 00:00;;;;;;;;;963.7;;;;1010.6;4.4;15.3;15.8;55.1;13.9;50;;;;;;;;;;;;;;232;;
STK;07.11.2023 00:00;;;;;;;;;970.2;;;;1017.3;4.2;15.9;15.1;57.2;15.4;55.4;;;;;;;;;;;;;;233;;
STK;08.11.2023 00:00;;;;;;;;;972;;;;1019.1;2.5;8.7;9;31.3;8.6;31;;;;;;;;;;;;;;227;;
STK;09.11.2023 00:00;;;;;;;;;964.2;;;;1011.1;3.3;14.4;11.9;51.8;13.7;49.3;;;;;;;;;;;;;;232;;
STK;10.11.2023 00:00;;;;;;;;;958.8;;;;1005.4;4.6;16.4;16.6;59;16.1;58;;;;;;;;;;;;;;230;;
STK;11.11.2023 00:00;;;;;;;;;962.8;;;;1009.6;5.9;17.2;21.2;61.9;16.1;58;;;;;;;;;;;;;;235;;
STK;12.11.2023 00:00;;;;;;;;;963.1;;;;1009.9;2.9;15.3;10.4;55.1;14.9;53.6;;;;;;;;;;;;;;228;;
STK;13.11.2023 00:00;;;;;;;;;965.7;;;;1012.6;8.6;24.2;31;87.1;23.4;84.2;;;;;;;;;;;;;;229;;
STK;14.11.2023 00:00;;;;;;;;;966.6;;;;1013.6;7;21.1;25.2;76;20.5;73.8;;;;;;;;;;;;;;232;;
STK;15.11.2023 00:00;;;;;;;;;973.6;;;;1020.8;7.2;19;25.9;68.4;18.1;65.2;;;;;;;;;;;;;;239;;
STK;16.11.2023 00:00;;;;;;;;;966.7;;;;1013.6;4.8;29.2;17.3;105.1;28;100.8;;;;;;;;;;;;;;235;;
STK;17.11.2023 00:00;;;;;;;;;974.2;;;;1021.4;4.2;27.4;15.1;98.6;26.4;95;;;;;;;;;;;;;;251;;
STK;18.11.2023 00:00;;;;;;;;;977.7;;;;1025.1;2.3;11.9;8.3;42.8;11.6;41.8;;;;;;;;;;;;;;223;;
STK;19.11.2023 00:00;;;;;;;;;971.1;;;;1018.2;6.7;16.2;24.1;58.3;15.6;56.2;;;;;;;;;;;;;;239;;
STK;20.11.2023 00:00;;;;;;;;;968.5;;;;1015.5;5.1;14.9;18.4;53.6;14.3;51.5;;;;;;;;;;;;;;238;;
STK;21.11.2023 00:00;;;;;;;;;968;;;;1015;2.6;10.9;9.4;39.2;10.7;38.5;;;;;;;;;;;;;;238;;
STK;22.11.2023 00:00;;;;;;;;;977.9;;;;1025.3;3;9;10.8;32.4;8.8;31.7;;;;;;;;;;;;;;37;;
STK;23.11.2023 00:00;;;;;;;;;978.7;;;;1026.1;3.3;14;11.9;50.4;13.3;47.9;;;;;;;;;;;;;;240;;
STK;24.11.2023 00:00;;;;;;;;;965.9;;;;1012.8;7.4;16.1;26.6;58;15.7;56.5;;;;;;;;;;;;;;246;;
STK;25.11.2023 00:00;;;;;;;;;966.6;;;;1013.5;7.1;14.9;25.6;53.6;14.4;51.8;;;;;;;;;;;;;;246;;
STK;26.11.2023 00:00;;;;;;;;;970.3;;;;1017.4;5.3;14.5;19.1;52.2;13.8;49.7;;;;;;;;;;;;;;242;;
STK;27.11.2023 00:00;;;;;;;;;959;;;;1005.6;3.9;14.7;14;52.9;14.1;50.8;;;;;;;;;;;;;;228;;
STK;28.11.2023 00:00;;;;;;;;;955.4;;;;1001.9;5.6;16;20.2;57.6;15.8;56.9;;;;;;;;;;;;;;245;;
STK;29.11.2023 00:00;;;;;;;;;960.8;;;;1007.5;3.9;13;14;46.8;12.7;45.7;;;;;;;;;;;;;;230;;
STK;30.11.2023 00:00;;;;;;;;;954.5;;;;1000.9;1;4.3;3.6;15.5;4.1;14.8;;;;;;;;;;;;;;90;;
STK;01.12.2023 00:00;;;;;;;;;954.1;;;;1000.6;1.2;3.8;4.3;13.7;3.8;13.7;;;;;;;;;;;;;;31;;
STK;02.12.2023 00:00;;;;;;;;;963.4;;;;1010.2;1.5;4.9;5.4;17.6;4.7;16.9;;;;;;;;;;;;;;360;;
STK;03.12.2023 00:00;;;;;;;;;975.7;;;;1023;1.3;3.9;4.7;14;3.8;13.7;;;;;;;;;;;;;;360;;
STK;04.12.2023 00:00;;;;;;;;;966.4;;;;1013.4;1.6;4.6;5.8;16.6;4.6;16.6;;;;;;;;;;;;;;8;;
STK;05.12.2023 00:00;;;;;;;;;963.3;;;;1010.2;4.3;13.7;15.5;49.3;12.8;46.1;;;;;;;;;;;;;;226;;
STK;06.12.2023 00:00;;;;;;;;;969.4;;;;1016.5;4.1;11.7;14.8;42.1;11.3;40.7;;;;;;;;;;;;;;231;;
STK;07.12.2023 00:00;;;;;;;;;971.4;;;;1018.6;1.2;4.9;4.3;17.6;4.4;15.8;;;;;;;;;;;;;;180;;
STK;08.12.2023 00:00;;;;;;;;;966.5;;;;1013.4;1.4;5.2;5;18.7;4.9;17.6;;;;;;;;;;;;;;209;;
STK;09.12.2023 00:00;;;;;;;;;964.8;;;;1011.7;3.7;17.8;13.3;64.1;17.3;62.3;;;;;;;;;;;;;;228;;
STK;10.12.2023 00:00;;;;;;;;;967.4;;;;1014.3;6.9;20.6;24.8;74.2;20.4;73.4;;;;;;;;;;;;;;229;;
STK;11.12.2023 00:00;;;;;;;;;963.9;;;;1010.7;6.3;14.5;22.7;52.2;14.5;52.2;;;;;;;;;;;;;;236;;
STK;12.12.2023 00:00;;;;;;;;;962;;;;1008.8;3.5;14.9;12.6;53.6;14.3;51.5;;;;;;;;;;;;;;233;;
STK;13.12.2023 00:00;;;;;;;;;956.6;;;;1003.1;3.8;13.6;13.7;49;13.2;47.5;;;;;;;;;;;;;;237;;
STK;14.12.2023 00:00;;;;;;;;;970.7;;;;1017.8;3.7;9;13.3;32.4;8.8;31.7;;;;;;;;;;;;;;238;;
STK;15.12.2023 00:00;;;;;;;;;988.4;;;;1036.2;1.9;8.2;6.8;29.5;7.9;28.4;;;;;;;;;;;;;;243;;
STK;16.12.2023 00:00;;;;;;;;;993.7;;;;1041.7;1.3;4.5;4.7;16.2;4.4;15.8;;;;;;;;;;;;;;166;;
STK;17.12.2023 00:00;;;;;;;;;992.4;;;;1040.4;1.5;5.7;5.4;20.5;5.6;20.2;;;;;;;;;;;;;;225;;
STK;18.12.2023 00:00;;;;;;;;;988.6;;;;1036.4;1.6;4.9;5.8;17.6;4.8;17.3;;;;;;;;;;;;;;222;;
STK;19.12.2023 00:00;;;;;;;;;979.3;;;;1026.7;2.8;12.9;10.1;46.4;12.7;45.7;;;;;;;;;;;;;;223;;
STK;20.12.2023 00:00;;;;;;;;;973.5;;;;1020.7;6.2;13.4;22.3;48.2;13.3;47.9;;;;;;;;;;;;;;236;;
STK;21.12.2023 00:00;;;;;;;;;963.7;;;;1010.6;12.2;25.8;43.9;92.9;24.7;88.9;;;;;;;;;;;;;;236;;
STK;22.12.2023 00:00;;;;;;;;;964;;;;1010.8;11.4;23.2;41;83.5;22;79.2;;;;;;;;;;;;;;244;;
STK;23.12.2023 00:00;;;;;;;;;970.7;;;;1017.8;10.8;23.1;38.9;83.2;21.4;77;;;;;;;;;;;;;;238;;
STK;24.12.2023 00:00;;;;;;;;;971.2;;;;1018.3;9.2;19;33.1;68.4;18.4;66.2;;;;;;;;;;;;;;227;;
STK;25.12.2023 00:00;;;;;;;;;970.5;;;;1017.6;5.8;14.4;20.9;51.8;14;50.4;;;;;;;;;;;;;;231;;
STK;26.12.2023 00:00;;;;;;;;;973.6;;;;1020.8;5.5;15.9;19.8;57.2;15.3;55.1;;;;;;;;;;;;;;227;;
STK;27.12.2023 00:00;;;;;;;;;975.1;;;;1022.3;0.9;3.3;3.2;11.9;3.2;11.5;;;;;;;;;;;;;;162;;
STK;28.12.2023 00:00;;;;;;;;;974.6;;;;1021.8;1.3;7.1;4.7;25.6;6.8;24.5;;;;;;;;;;;;;;180;;
STK;29.12.2023 00:00;;;;;;;;;972;;;;1019.2;3.4;12.4;12.2;44.6;11.9;42.8;;;;;;;;;;;;;;230;;
STK;30.12.2023 00:00;;;;;;;;;971.2;;;;1018.4;1.9;8.9;6.8;32;8.7;31.3;;;;;;;;;;;;;;227;;
STK;31.12.2023 00:00;;;;;;;;;963.8;;;;1010.6;3.2;15.4;11.5;55.4;14.8;53.3;;;;;;;;;;;;;;233;;
STK;01.01.2024 00:00;;;;;;;;;967.1;;;;1014.1;5;15.5;18;55.8;15.3;55.1;;;;;;;;;;;;;;232;;
STK;02.01.2024 00:00;;;;;;;;;960.5;;;;1007.2;7.7;18.2;27.7;65.5;17.9;64.4;;;;;;;;;;;;;;226;;
STK;03.01.2024 00:00;;;;;;;;;957.6;;;;1004.2;10.4;27.6;37.4;99.4;26.6;95.8;;;;;;;;;;;;;;234;;
STK;04.01.2024 00:00;;;;;;;;;962.8;;;;1009.6;6.1;19.1;22;68.8;17.8;64.1;;;;;;;;;;;;;;228;;
STK;05.01.2024 00:00;;;;;;;;;959;;;;1005.6;0.7;3.8;2.5;13.7;3.7;13.3;;;;;;;;;;;;;;270;;
STK;06.01.2024 00:00;;;;;;;;;961.8;;;;1008.5;1.3;5.1;4.7;18.4;5;18;;;;;;;;;;;;;;236;;
STK;07.01.2024 00:00;;;;;;;;;966.4;;;;1013.3;4.4;13.4;15.8;48.2;13.1;47.2;;;;;;;;;;;;;;47;;
STK;08.01.2024 00:00;;;;;;;;;972.9;;;;1020.1;10.2;16.1;36.7;58;15.1;54.4;;;;;;;;;;;;;;55;;
STK;09.01.2024 00:00;;;;;;;;;976.7;;;;1024;4.8;13.6;17.3;49;13.1;47.2;;;;;;;;;;;;;;54;;
STK;10.01.2024 00:00;;;;;;;;;977.9;;;;1025.3;2;6.1;7.2;22;6;21.6;;;;;;;;;;;;;;38;;
STK;11.01.2024 00:00;;;;;;;;;980.1;;;;1027.6;2.4;6.8;8.6;24.5;6.7;24.1;;;;;;;;;;;;;;25;;
STK;12.01.2024 00:00;;;;;;;;;982.1;;;;1029.6;1.6;4.5;5.8;16.2;4.5;16.2;;;;;;;;;;;;;;11;;
STK;13.01.2024 00:00;;;;;;;;;976.8;;;;1024.1;3.1;8.4;11.2;30.2;8.2;29.5;;;;;;;;;;;;;;243;;
STK;14.01.2024 00:00;;;;;;;;;965.5;;;;1012.4;3.7;12.7;13.3;45.7;12.5;45;;;;;;;;;;;;;;234;;
STK;15.01.2024 00:00;;;;;;;;;961.1;;;;1007.8;5.1;16.2;18.4;58.3;15.9;57.2;;;;;;;;;;;;;;243;;
STK;16.01.2024 00:00;;;;;;;;;963.1;;;;1009.9;0.9;2.9;3.2;10.4;2.8;10.1;;;;;;;;;;;;;;166;;
STK;17.01.2024 00:00;;;;;;;;;949.4;;;;995.7;2.2;10.9;7.9;39.2;10.8;38.9;;;;;;;;;;;;;;241;;
STK;18.01.2024 00:00;;;;;;;;;951.5;;;;997.9;5.1;19.7;18.4;70.9;19.2;69.1;;;;;;;;;;;;;;246;;
STK;19.01.2024 00:00;;;;;;;;;973.6;;;;1020.8;0.9;3;3.2;10.8;3;10.8;;;;;;;;;;;;;;162;;
STK;20.01.2024 00:00;;;;;;;;;982.1;;;;1029.7;1.5;6.2;5.4;22.3;6.1;22;;;;;;;;;;;;;;97;;
STK;21.01.2024 00:00;;;;;;;;;983.2;;;;1030.8;1.2;5.1;4.3;18.4;4.9;17.6;;;;;;;;;;;;;;180;;
STK;22.01.2024 00:00;;;;;;;;;976.9;;;;1024.3;4.4;17;15.8;61.2;16.2;58.3;;;;;;;;;;;;;;234;;
STK;23.01.2024 00:00;;;;;;;;;983.6;;;;1031.2;5.4;16.4;19.4;59;16.1;58;;;;;;;;;;;;;;234;;
STK;24.01.2024 00:00;;;;;;;;;982;;;;1029.5;9;24.2;32.4;87.1;22.6;81.4;;;;;;;;;;;;;;239;;
STK;25.01.2024 00:00;;;;;;;;;983.2;;;;1030.8;1.3;8.8;4.7;31.7;8.5;30.6;;;;;;;;;;;;;;233;;
STK;26.01.2024 00:00;;;;;;;;;983;;;;1030.6;3.7;14;13.3;50.4;12.8;46.1;;;;;;;;;;;;;;231;;
STK;27.01.2024 00:00;;;;;;;;;988;;;;1035.8;0.9;4.3;3.2;15.5;4.2;15.1;;;;;;;;;;;;;;90;;
STK;28.01.2024 00:00;;;;;;;;;985.8;;;;1033.5;1.3;3.5;4.7;12.6;3.4;12.2;;;;;;;;;;;;;;225;;
STK;29.01.2024 00:00;;;;;;;;;985.2;;;;1032.9;0.9;3;3.2;10.8;2.9;10.4;;;;;;;;;;;;;;315;;
STK;30.01.2024 00:00;;;;;;;;;986.2;;;;1033.9;0.7;2.5;2.5;9;2.4;8.6;;;;;;;;;;;;;;90;;
STK;31.01.2024 00:00;;;;;;;;;986.4;;;;1034.2;0.8;3.5;2.9;12.6;3.5;12.6;;;;;;;;;;;;;;180;;
STK;01.02.2024 00:00;;;;;;;;;984.5;;;;1032.1;3.3;12.7;11.9;45.7;12.4;44.6;;;;;;;;;;;;;;233;;
STK;02.02.2024 00:00;;;;;;;;;986.2;;;;1033.9;3.3;10.9;11.9;39.2;10.6;38.2;;;;;;;;;;;;;;230;;
STK;03.02.2024 00:00;;;;;;;;;983.1;;;;1030.7;4.4;10.2;15.8;36.7;10.1;36.4;;;;;;;;;;;;;;234;;
STK;04.02.2024 00:00;;;;;;;;;982;;;;1029.6;4.4;9.8;15.8;35.3;9.6;34.6;;;;;;;;;;;;;;232;;
STK;05.02.2024 00:00;;;;;;;;;979;;;;1026.4;3;10.1;10.8;36.4;10;36;;;;;;;;;;;;;;231;;
STK;06.02.2024 00:00;;;;;;;;;974;;;;1021.3;7.4;16.6;26.6;59.8;15.6;56.2;;;;;;;;;;;;;;238;;
STK;07.02.2024 00:00;;;;;;;;;965.8;;;;1012.7;8.6;19;31;68.4;17.8;64.1;;;;;;;;;;;;;;233;;
STK;08.02.2024 00:00;;;;;;;;;957.6;;;;1004.2;5.3;17.3;19.1;62.3;16.1;58;;;;;;;;;;;;;;230;;
STK;09.02.2024 00:00;;;;;;;;;947.9;;;;994.1;1.4;5.1;5;18.4;4.9;17.6;;;;;;;;;;;;;;207;;
STK;10.02.2024 00:00;;;;;;;;;941.7;;;;987.7;2;14.2;7.2;51.1;13.8;49.7;;;;;;;;;;;;;;219;;
STK;11.02.2024 00:00;;;;;;;;;950.8;;;;997.1;5.9;17.4;21.2;62.6;16.7;60.1;;;;;;;;;;;;;;231;;
STK;12.02.2024 00:00;;;;;;;;;961.2;;;;1008;3.7;12;13.3;43.2;11.3;40.7;;;;;;;;;;;;;;235;;
STK;13.02.2024 00:00;;;;;;;;;973.6;;;;1020.8;1.6;5.8;5.8;20.9;5.7;20.5;;;;;;;;;;;;;;228;;
STK;14.02.2024 00:00;;;;;;;;;976.6;;;;1023.9;1.3;6.8;4.7;24.5;6.6;23.8;;;;;;;;;;;;;;207;;
STK;15.02.2024 00:00;;;;;;;;;973;;;;1020.2;0.9;4.2;3.2;15.1;4.1;14.8;;;;;;;;;;;;;;180;;
STK;16.02.2024 00:00;;;;;;;;;972.7;;;;1019.9;2.3;10.7;8.3;38.5;10.6;38.2;;;;;;;;;;;;;;227;;
STK;17.02.2024 00:00;;;;;;;;;983.5;;;;1031;1.5;6.2;5.4;22.3;6.1;22;;;;;;;;;;;;;;180;;
STK;18.02.2024 00:00;;;;;;;;;983.6;;;;1031.2;2.6;13.4;9.4;48.2;13.1;47.2;;;;;;;;;;;;;;230;;
STK;19.02.2024 00:00;;;;;;;;;981.9;;;;1029.4;4.4;11.4;15.8;41;11.3;40.7;;;;;;;;;;;;;;234;;
STK;20.02.2024 00:00;;;;;;;;;982.4;;;;1029.9;1.9;5.1;6.8;18.4;5;18;;;;;;;;;;;;;;230;;
STK;21.02.2024 00:00;;;;;;;;;973.8;;;;1021;1.6;10.8;5.8;38.9;10.6;38.2;;;;;;;;;;;;;;219;;
STK;22.02.2024 00:00;;;;;;;;;956;;;;1002.6;5.5;21.8;19.8;78.5;20.8;74.9;;;;;;;;;;;;;;227;;
STK;23.02.2024 00:00;;;;;;;;;953.4;;;;999.9;2.6;19.9;9.4;71.6;19.2;69.1;;;;;;;;;;;;;;230;;
STK;24.02.2024 00:00;;;;;;;;;958.2;;;;1004.8;2.2;13.8;7.9;49.7;13.2;47.5;;;;;;;;;;;;;;237;;
STK;25.02.2024 00:00;;;;;;;;;957.6;;;;1004.1;1.2;4;4.3;14.4;3.8;13.7;;;;;;;;;;;;;;90;;
STK;26.02.2024 00:00;;;;;;;;;953.9;;;;1000.4;1.8;5.9;6.5;21.2;5.8;20.9;;;;;;;;;;;;;;63;;
STK;27.02.2024 00:00;;;;;;;;;963.8;;;;1010.7;2.3;8.2;8.3;29.5;8;28.8;;;;;;;;;;;;;;60;;
STK;28.02.2024 00:00;;;;;;;;;972.6;;;;1019.7;1.7;6.1;6.1;22;6.1;22;;;;;;;;;;;;;;36;;
STK;29.02.2024 00:00;;;;;;;;;966.7;;;;1013.7;1.2;3;4.3;10.8;3;10.8;;;;;;;;;;;;;;51;;
STK;01.03.2024 00:00;;;;;;;;;961.4;;;;1008.1;1.5;5.6;5.4;20.2;5.4;19.4;;;;;;;;;;;;;;236;;
STK;02.03.2024 00:00;;;;;;;;;957.3;;;;1003.9;1.2;5.3;4.3;19.1;5.2;18.7;;;;;;;;;;;;;;72;;
STK;03.03.2024 00:00;;;;;;;;;952.8;;;;999.2;1.9;6.3;6.8;22.7;6.2;22.3;;;;;;;;;;;;;;127;;
STK;04.03.2024 00:00;;;;;;;;;963.6;;;;1010.4;3.3;9.8;11.9;35.3;9.5;34.2;;;;;;;;;;;;;;238;;
STK;05.03.2024 00:00;;;;;;;;;968.4;;;;1015.4;3.7;12.1;13.3;43.6;11.8;42.5;;;;;;;;;;;;;;235;;
STK;06.03.2024 00:00;;;;;;;;;973.5;;;;1020.7;3.3;7;11.9;25.2;6.9;24.8;;;;;;;;;;;;;;231;;
STK;07.03.2024 00:00;;;;;;;;;971.4;;;;1018.5;3;9;10.8;32.4;8.7;31.3;;;;;;;;;;;;;;58;;
STK;08.03.2024 00:00;;;;;;;;;963;;;;1009.8;1.9;5.8;6.8;20.9;5.7;20.5;;;;;;;;;;;;;;45;;
STK;09.03.2024 00:00;;;;;;;;;954.8;;;;1001.3;1.5;6.7;5.4;24.1;6.4;23;;;;;;;;;;;;;;66;;
STK;10.03.2024 00:00;;;;;;;;;949.7;;;;995.9;3;11.5;10.8;41.4;11.2;40.3;;;;;;;;;;;;;;233;;
STK;11.03.2024 00:00;;;;;;;;;960.8;;;;1007.5;2;7.3;7.2;26.3;7.2;25.9;;;;;;;;;;;;;;228;;
STK;12.03.2024 00:00;;;;;;;;;971;;;;1018.2;5.4;13.8;19.4;49.7;13.5;48.6;;;;;;;;;;;;;;235;;
STK;13.03.2024 00:00;;;;;;;;;971.8;;;;1019;4.1;11.7;14.8;42.1;11.6;41.8;;;;;;;;;;;;;;232;;
STK;14.03.2024 00:00;;;;;;;;;969.5;;;;1016.5;1.5;5.3;5.4;19.1;5.2;18.7;;;;;;;;;;;;;;63;;
STK;15.03.2024 00:00;;;;;;;;;969.4;;;;1016.5;3.3;12.3;11.9;44.3;11.7;42.1;;;;;;;;;;;;;;242;;
STK;16.03.2024 00:00;;;;;;;;;974.5;;;;1021.8;5.3;15.3;19.1;55.1;15.2;54.7;;;;;;;;;;;;;;236;;
STK;17.03.2024 00:00;;;;;;;;;975.2;;;;1022.4;0.9;3.5;3.2;12.6;3.4;12.2;;;;;;;;;;;;;;90;;
STK;18.03.2024 00:00;;;;;;;;;970.8;;;;1017.9;1.4;5.1;5;18.4;5;18;;;;;;;;;;;;;;225;;
STK;19.03.2024 00:00;;;;;;;;;972.5;;;;1019.7;0.9;3.4;3.2;12.2;3.4;12.2;;;;;;;;;;;;;;68;;
STK;20.03.2024 00:00;;;;;;;;;973.1;;;;1020.3;1;3.2;3.6;11.5;3.1;11.2;;;;;;;;;;;;;;108;;
STK;21.03.2024 00:00;;;;;;;;;976.7;;;;1024;3.2;11.5;11.5;41.4;10.7;38.5;;;;;;;;;;;;;;236;;
STK;22.03.2024 00:00;;;;;;;;;972.4;;;;1019.6;1.8;7.4;6.5;26.6;7.3;26.3;;;;;;;;;;;;;;236;;
STK;23.03.2024 00:00;;;;;;;;;966.3;;;;1013.2;6.4;22;23;79.2;21.4;77;;;;;;;;;;;;;;249;;
STK;24.03.2024 00:00;;;;;;;;;964.8;;;;1011.7;8.4;24.9;30.2;89.6;23.8;85.7;;;;;;;;;;;;;;240;;
STK;25.03.2024 00:00;;;;;;;;;959.1;;;;1005.7;2.7;8.9;9.7;32;8.6;31;;;;;;;;;;;;;;67;;
STK;26.03.2024 00:00;;;;;;;;;946.9;;;;993.1;1.3;4.8;4.7;17.3;4.7;16.9;;;;;;;;;;;;;;67;;
STK;27.03.2024 00:00;;;;;;;;;943.5;;;;989.5;4.8;14.9;17.3;53.6;14.6;52.6;;;;;;;;;;;;;;239;;
STK;28.03.2024 00:00;;;;;;;;;950.4;;;;996.7;3.7;19.2;13.3;69.1;18.4;66.2;;;;;;;;;;;;;;233;;
STK;29.03.2024 00:00;;;;;;;;;952.9;;;;999.3;1.2;5.6;4.3;20.2;5.5;19.8;;;;;;;;;;;;;;153;;
STK;30.03.2024 00:00;;;;;;;;;952.4;;;;998.8;1.9;9.7;6.8;34.9;9.5;34.2;;;;;;;;;;;;;;220;;
STK;31.03.2024 00:00;;;;;;;;;951;;;;997.4;1.7;11.8;6.1;42.5;11.3;40.7;;;;;;;;;;;;;;90;;
STK;01.04.2024 00:00;;;;;;;;;955.6;;;;1002.1;5.4;20.4;19.4;73.4;19.2;69.1;;;;;;;;;;;;;;237;;
STK;02.04.2024 00:00;;;;;;;;;967.2;;;;1014.1;5.7;18.4;20.5;66.2;18.2;65.5;;;;;;;;;;;;;;241;;
STK;03.04.2024 00:00;;;;;;;;;966.4;;;;1013.4;4;15.6;14.4;56.2;15.3;55.1;;;;;;;;;;;;;;234;;
STK;04.04.2024 00:00;;;;;;;;;969.7;;;;1016.8;4.8;16.6;17.3;59.8;16.5;59.4;;;;;;;;;;;;;;238;;
STK;05.04.2024 00:00;;;;;;;;;970.6;;;;1017.7;2.2;13.7;7.9;49.3;13.6;49;;;;;;;;;;;;;;236;;
STK;06.04.2024 00:00;;;;;;;;;971.6;;;;1018.8;1.3;5;4.7;18;4.7;16.9;;;;;;;;;;;;;;72;;
STK;07.04.2024 00:00;;;;;;;;;970.8;;;;1017.9;1.5;4.5;5.4;16.2;4.5;16.2;;;;;;;;;;;;;;90;;
STK;08.04.2024 00:00;;;;;;;;;964.6;;;;1011.5;1.2;3.7;4.3;13.3;3.6;13;;;;;;;;;;;;;;117;;
STK;09.04.2024 00:00;;;;;;;;;970.5;;;;1017.6;5.7;18.8;20.5;67.7;18.3;65.9;;;;;;;;;;;;;;239;;
STK;10.04.2024 00:00;;;;;;;;;981.9;;;;1029.5;1.5;5.9;5.4;21.2;5.8;20.9;;;;;;;;;;;;;;124;;
STK;11.04.2024 00:00;;;;;;;;;985.6;;;;1033.3;1.3;4.6;4.7;16.6;4.4;15.8;;;;;;;;;;;;;;63;;
STK;12.04.2024 00:00;;;;;;;;;985.2;;;;1032.8;1.3;3.9;4.7;14;3.7;13.3;;;;;;;;;;;;;;90;;
STK;13.04.2024 00:00;;;;;;;;;980.8;;;;1028.3;1.3;3.3;4.7;11.9;3.3;11.9;;;;;;;;;;;;;;79;;
STK;14.04.2024 00:00;;;;;;;;;974.5;;;;1021.7;3;11.9;10.8;42.8;11.6;41.8;;;;;;;;;;;;;;239;;
STK;15.04.2024 00:00;;;;;;;;;965;;;;1011.9;6.2;21.5;22.3;77.4;20.7;74.5;;;;;;;;;;;;;;250;;
STK;16.04.2024 00:00;;;;;;;;;964.1;;;;1011;9;21;32.4;75.6;20.1;72.4;;;;;;;;;;;;;;243;;
STK;17.04.2024 00:00;;;;;;;;;964.2;;;;1011;5.1;13.8;18.4;49.7;13.1;47.2;;;;;;;;;;;;;;239;;
STK;18.04.2024 00:00;;;;;;;;;969.8;;;;1016.9;2.3;8;8.3;28.8;7.7;27.7;;;;;;;;;;;;;;236;;
STK;19.04.2024 00:00;;;;;;;;;969.4;;;;1016.5;7.4;22.4;26.6;80.6;21.8;78.5;;;;;;;;;;;;;;232;;
STK;20.04.2024 00:00;;;;;;;;;971.7;;;;1018.9;3.5;10.4;12.6;37.4;10;36;;;;;;;;;;;;;;252;;
STK;21.04.2024 00:00;;;;;;;;;971.8;;;;1019;2.6;12.5;9.4;45;12.1;43.6;;;;;;;;;;;;;;232;;
STK;22.04.2024 00:00;;;;;;;;;971.2;;;;1018.3;5.1;12.3;18.4;44.3;11.4;41;;;;;;;;;;;;;;41;;
STK;23.04.2024 00:00;;;;;;;;;968.3;;;;1015.3;3.3;11.9;11.9;42.8;11.5;41.4;;;;;;;;;;;;;;57;;
STK;24.04.2024 00:00;;;;;;;;;964.6;;;;1011.4;5.7;15.2;20.5;54.7;14.5;52.2;;;;;;;;;;;;;;241;;
STK;25.04.2024 00:00;;;;;;;;;962.2;;;;1009;3.8;10.7;13.7;38.5;10.5;37.8;;;;;;;;;;;;;;239;;
STK;26.04.2024 00:00;;;;;;;;;961.1;;;;1007.8;1.4;4.6;5;16.6;4.6;16.6;;;;;;;;;;;;;;198;;
STK;27.04.2024 00:00;;;;;;;;;962.1;;;;1008.8;1.7;7.4;6.1;26.6;7.3;26.3;;;;;;;;;;;;;;84;;
STK;28.04.2024 00:00;;;;;;;;;967.6;;;;1014.6;3.3;12.3;11.9;44.3;12;43.2;;;;;;;;;;;;;;233;;
STK;29.04.2024 00:00;;;;;;;;;972.6;;;;1019.8;0.9;2.5;3.2;9;2.4;8.6;;;;;;;;;;;;;;90;;
STK;30.04.2024 00:00;;;;;;;;;967.4;;;;1014.4;1.6;8.9;5.8;32;8.3;29.9;;;;;;;;;;;;;;162;;
STK;01.05.2024 00:00;;;;;;;;;957.9;;;;1004.5;2.4;10;8.6;36;9.7;34.9;;;;;;;;;;;;;;80;;
STK;02.05.2024 00:00;;;;;;;;;956.5;;;;1003.1;5.7;19.1;20.5;68.8;18.6;67;;;;;;;;;;;;;;238;;
STK;03.05.2024 00:00;;;;;;;;;968.5;;;;1015.5;4.3;12.9;15.5;46.4;12.3;44.3;;;;;;;;;;;;;;233;;
STK;04.05.2024 00:00;;;;;;;;;968;;;;1015;1.6;6;5.8;21.6;5.9;21.2;;;;;;;;;;;;;;54;;
STK;05.05.2024 00:00;;;;;;;;;965.7;;;;1012.6;3.6;12.4;13;44.6;12;43.2;;;;;;;;;;;;;;241;;
STK;06.05.2024 00:00;;;;;;;;;964.6;;;;1011.4;2.6;10.2;9.4;36.7;9.9;35.6;;;;;;;;;;;;;;232;;
STK;07.05.2024 00:00;;;;;;;;;969.4;;;;1016.5;2.4;7.9;8.6;28.4;7.8;28.1;;;;;;;;;;;;;;241;;
STK;08.05.2024 00:00;;;;;;;;;976.2;;;;1023.5;3;9.2;10.8;33.1;9.1;32.8;;;;;;;;;;;;;;52;;
STK;09.05.2024 00:00;;;;;;;;;976.7;;;;1024.1;3.4;8.7;12.2;31.3;8.7;31.3;;;;;;;;;;;;;;59;;
STK;10.05.2024 00:00;;;;;;;;;974.3;;;;1021.5;1.2;4.1;4.3;14.8;4;14.4;;;;;;;;;;;;;;63;;
STK;11.05.2024 00:00;;;;;;;;;972.7;;;;1019.8;1.1;3.9;4;14;3.7;13.3;;;;;;;;;;;;;;56;;
STK;12.05.2024 00:00;;;;;;;;;969.9;;;;1017;1.7;8.8;6.1;31.7;8.5;30.6;;;;;;;;;;;;;;68;;
STK;13.05.2024 00:00;;;;;;;;;966.8;;;;1013.7;1.8;5.3;6.5;19.1;5.1;18.4;;;;;;;;;;;;;;63;;
STK;14.05.2024 00:00;;;;;;;;;960.2;;;;1006.9;2.4;9;8.6;32.4;8.7;31.3;;;;;;;;;;;;;;72;;
STK;15.05.2024 00:00;;;;;;;;;959.8;;;;1006.5;2.5;17.4;9;62.6;17;61.2;;;;;;;;;;;;;;230;;
STK;16.05.2024 00:00;;;;;;;;;959.5;;;;1006.2;3.6;13.5;13;48.6;13.2;47.5;;;;;;;;;;;;;;241;;
STK;17.05.2024 00:00;;;;;;;;;962.8;;;;1009.6;5.5;13.2;19.8;47.5;13;46.8;;;;;;;;;;;;;;235;;
STK;18.05.2024 00:00;;;;;;;;;965.8;;;;1012.7;2.3;11.6;8.3;41.8;11.5;41.4;;;;;;;;;;;;;;246;;
STK;19.05.2024 00:00;;;;;;;;;965.8;;;;1012.7;2.6;9.1;9.4;32.8;8.8;31.7;;;;;;;;;;;;;;237;;
STK;20.05.2024 00:00;;;;;;;;;962.9;;;;1009.7;1.5;4.1;5.4;14.8;4;14.4;;;;;;;;;;;;;;53;;
STK;21.05.2024 00:00;;;;;;;;;962.4;;;;1009.2;4.4;15.7;15.8;56.5;15.4;55.4;;;;;;;;;;;;;;231;;
STK;22.05.2024 00:00;;;;;;;;;966.8;;;;1013.8;3.7;11.5;13.3;41.4;11.1;40;;;;;;;;;;;;;;236;;
STK;23.05.2024 00:00;;;;;;;;;970.6;;;;1017.7;2.3;12.5;8.3;45;12.3;44.3;;;;;;;;;;;;;;235;;
STK;24.05.2024 00:00;;;;;;;;;971.8;;;;1019;1.5;16.6;5.4;59.8;16;57.6;;;;;;;;;;;;;;194;;
STK;25.05.2024 00:00;;;;;;;;;971.8;;;;1019;1.6;4.9;5.8;17.6;4.8;17.3;;;;;;;;;;;;;;124;;
STK;26.05.2024 00:00;;;;;;;;;972.1;;;;1019.2;1.5;7.5;5.4;27;7.4;26.6;;;;;;;;;;;;;;217;;
STK;27.05.2024 00:00;;;;;;;;;972.2;;;;1019.4;2.4;9.8;8.6;35.3;9.7;34.9;;;;;;;;;;;;;;231;;
STK;28.05.2024 00:00;;;;;;;;;973.7;;;;1020.9;2.7;7.5;9.7;27;7.3;26.3;;;;;;;;;;;;;;235;;
STK;29.05.2024 00:00;;;;;;;;;968.8;;;;1015.8;1.8;10;6.5;36;9.9;35.6;;;;;;;;;;;;;;233;;
STK;30.05.2024 00:00;;;;;;;;;961.7;;;;1008.4;3.9;13.3;14;47.9;12.9;46.4;;;;;;;;;;;;;;233;;
STK;31.05.2024 00:00;;;;;;;;;964.6;;;;1011.5;5.7;10.9;20.5;39.2;10.6;38.2;;;;;;;;;;;;;;247;;
STK;01.06.2024 00:00;;;;;;;;;970.1;;;;1017.2;3.7;8.1;13.3;29.2;7.8;28.1;;;;;;;;;;;;;;231;;
STK;02.06.2024 00:00;;;;;;;;;971.8;;;;1018.9;1.6;8.1;5.8;29.2;7.9;28.4;;;;;;;;;;;;;;233;;
STK;03.06.2024 00:00;;;;;;;;;971;;;;1018.1;1.5;4.9;5.4;17.6;4.8;17.3;;;;;;;;;;;;;;315;;
STK;04.06.2024 00:00;;;;;;;;;968.3;;;;1015.4;1.4;3.4;5;12.2;3.3;11.9;;;;;;;;;;;;;;59;;
STK;05.06.2024 00:00;;;;;;;;;968.6;;;;1015.6;2.5;8.2;9;29.5;7.9;28.4;;;;;;;;;;;;;;237;;
STK;06.06.2024 00:00;;;;;;;;;970.6;;;;1017.7;2.2;20;7.9;72;19.6;70.6;;;;;;;;;;;;;;236;;
STK;07.06.2024 00:00;;;;;;;;;971.4;;;;1018.5;2.4;8.3;8.6;29.9;8.1;29.2;;;;;;;;;;;;;;233;;
STK;08.06.2024 00:00;;;;;;;;;967.2;;;;1014.2;1.7;18.3;6.1;65.9;17.9;64.4;;;;;;;;;;;;;;229;;
STK;09.06.2024 00:00;;;;;;;;;962.3;;;;1009.1;1.5;11;5.4;39.6;10.4;37.4;;;;;;;;;;;;;;53;;
STK;10.06.2024 00:00;;;;;;;;;963.2;;;;1009.9;4.7;11.7;16.9;42.1;11.4;41;;;;;;;;;;;;;;255;;
STK;11.06.2024 00:00;;;;;;;;;969.4;;;;1016.5;1.3;4.3;4.7;15.5;4.2;15.1;;;;;;;;;;;;;;225;;
STK;12.06.2024 00:00;;;;;;;;;970.9;;;;1018;1.9;6.6;6.8;23.8;6.2;22.3;;;;;;;;;;;;;;42;;
STK;13.06.2024 00:00;;;;;;;;;970.7;;;;1017.8;1.4;6.2;5;22.3;6.1;22;;;;;;;;;;;;;;54;;
STK;14.06.2024 00:00;;;;;;;;;966.8;;;;1013.7;2.7;15.4;9.7;55.4;15.1;54.4;;;;;;;;;;;;;;236;;
STK;15.06.2024 00:00;;;;;;;;;964.9;;;;1011.7;3.4;11.6;12.2;41.8;11;39.6;;;;;;;;;;;;;;233;;
STK;16.06.2024 00:00;;;;;;;;;966;;;;1012.9;2.3;10.6;8.3;38.2;10.3;37.1;;;;;;;;;;;;;;236;;
STK;17.06.2024 00:00;;;;;;;;;969.2;;;;1016.3;1.7;7.7;6.1;27.7;7.4;26.6;;;;;;;;;;;;;;252;;
STK;18.06.2024 00:00;;;;;;;;;968;;;;1015;1.5;13;5.4;46.8;12.4;44.6;;;;;;;;;;;;;;72;;
STK;19.06.2024 00:00;;;;;;;;;968.6;;;;1015.6;1.7;6.7;6.1;24.1;6.3;22.7;;;;;;;;;;;;;;39;;
STK;20.06.2024 00:00;;;;;;;;;971.7;;;;1018.8;1.9;6.7;6.8;24.1;6.6;23.8;;;;;;;;;;;;;;40;;
STK;21.06.2024 00:00;;;;;;;;;970;;;;1017.1;2.5;16.6;9;59.8;15.8;56.9;;;;;;;;;;;;;;232;;
STK;22.06.2024 00:00;;;;;;;;;970.7;;;;1017.8;3;12.4;10.8;44.6;12.2;43.9;;;;;;;;;;;;;;238;;
STK;23.06.2024 00:00;;;;;;;;;971.9;;;;1019;1.4;5.1;5;18.4;5;18;;;;;;;;;;;;;;66;;
STK;24.06.2024 00:00;;;;;;;;;969.5;;;;1016.6;4.1;12.5;14.8;45;12.1;43.6;;;;;;;;;;;;;;62;;
STK;25.06.2024 00:00;;;;;;;;;966;;;;1013;2;9.1;7.2;32.8;8.7;31.3;;;;;;;;;;;;;;69;;
STK;26.06.2024 00:00;;;;;;;;;965.8;;;;1012.7;2.4;7.7;8.6;27.7;7.5;27;;;;;;;;;;;;;;229;;
STK;27.06.2024 00:00;;;;;;;;;966.8;;;;1013.7;2.1;11.2;7.6;40.3;11;39.6;;;;;;;;;;;;;;234;;
STK;28.06.2024 00:00;;;;;;;;;970.7;;;;1017.8;2.2;8.5;7.9;30.6;8.3;29.9;;;;;;;;;;;;;;231;;
STK;29.06.2024 00:00;;;;;;;;;966;;;;1012.9;1.7;14.1;6.1;50.8;13.5;48.6;;;;;;;;;;;;;;225;;
STK;30.06.2024 00:00;;;;;;;;;966.5;;;;1013.4;4.7;18.6;16.9;67;18.1;65.2;;;;;;;;;;;;;;243;;
STK;01.07.2024 00:00;;;;;;;;;969.7;;;;1016.8;3.2;13.7;11.5;49.3;13;46.8;;;;;;;;;;;;;;245;;
STK;02.07.2024 00:00;;;;;;;;;970.1;;;;1017.1;3.2;10.1;11.5;36.4;10;36;;;;;;;;;;;;;;241;;
STK;03.07.2024 00:00;;;;;;;;;966.5;;;;1013.4;3.6;12.3;13;44.3;12.1;43.6;;;;;;;;;;;;;;241;;
STK;04.07.2024 00:00;;;;;;;;;967.1;;;;1014;5.1;17.7;18.4;63.7;16.4;59;;;;;;;;;;;;;;246;;
STK;05.07.2024 00:00;;;;;;;;;967.9;;;;1014.9;2.1;7.8;7.6;28.1;7.7;27.7;;;;;;;;;;;;;;243;;
STK;06.07.2024 00:00;;;;;;;;;964;;;;1010.9;3.4;14.8;12.2;53.3;14.5;52.2;;;;;;;;;;;;;;242;;
STK;07.07.2024 00:00;;;;;;;;;969.7;;;;1016.8;1.6;8.6;5.8;31;8.5;30.6;;;;;;;;;;;;;;63;;
STK;08.07.2024 00:00;;;;;;;;;971.2;;;;1018.3;1.6;4.6;5.8;16.6;4.5;16.2;;;;;;;;;;;;;;56;;
STK;09.07.2024 00:00;;;;;;;;;970.1;;;;1017.1;1.5;3.8;5.4;13.7;3.8;13.7;;;;;;;;;;;;;;63;;
STK;10.07.2024 00:00;;;;;;;;;971.7;;;;1018.9;1.9;9.5;6.8;34.2;9.4;33.8;;;;;;;;;;;;;;232;;
STK;11.07.2024 00:00;;;;;;;;;971;;;;1018.1;1.6;6;5.8;21.6;5.7;20.5;;;;;;;;;;;;;;236;;
STK;12.07.2024 00:00;;;;;;;;;966.6;;;;1013.6;2.6;10.7;9.4;38.5;10.3;37.1;;;;;;;;;;;;;;238;;
STK;13.07.2024 00:00;;;;;;;;;968.4;;;;1015.4;1.7;5.8;6.1;20.9;5.7;20.5;;;;;;;;;;;;;;173;;
STK;14.07.2024 00:00;;;;;;;;;968.5;;;;1015.5;1.5;5.1;5.4;18.4;5;18;;;;;;;;;;;;;;146;;
STK;15.07.2024 00:00;;;;;;;;;967;;;;1014;1.9;19.1;6.8;68.8;18.9;68;;;;;;;;;;;;;;225;;
STK;16.07.2024 00:00;;;;;;;;;970.6;;;;1017.7;3.2;10.9;11.5;39.2;10.7;38.5;;;;;;;;;;;;;;241;;
STK;17.07.2024 00:00;;;;;;;;;974.7;;;;1022;1.4;6.3;5;22.7;6.1;22;;;;;;;;;;;;;;69;;
STK;18.07.2024 00:00;;;;;;;;;974.3;;;;1021.5;1;2.4;3.6;8.6;2.4;8.6;;;;;;;;;;;;;;135;;
STK;19.07.2024 00:00;;;;;;;;;971.9;;;;1019;1.5;6;5.4;21.6;5.9;21.2;;;;;;;;;;;;;;162;;
STK;20.07.2024 00:00;;;;;;;;;965.6;;;;1012.5;1.5;4.2;5.4;15.1;4.1;14.8;;;;;;;;;;;;;;76;;
STK;21.07.2024 00:00;;;;;;;;;964.8;;;;1011.7;2.8;12.1;10.1;43.6;11.8;42.5;;;;;;;;;;;;;;237;;
STK;22.07.2024 00:00;;;;;;;;;972.1;;;;1019.2;3.2;11.9;11.5;42.8;11.5;41.4;;;;;;;;;;;;;;233;;
STK;23.07.2024 00:00;;;;;;;;;973.9;;;;1021.1;3.8;10.4;13.7;37.4;10.2;36.7;;;;;;;;;;;;;;242;;
STK;24.07.2024 00:00;;;;;;;;;973.2;;;;1020.4;1.9;7;6.8;25.2;6.6;23.8;;;;;;;;;;;;;;35;;
STK;25.07.2024 00:00;;;;;;;;;968.9;;;;1015.9;1.4;5.4;5;19.4;5.3;19.1;;;;;;;;;;;;;;63;;
STK;26.07.2024 00:00;;;;;;;;;967.3;;;;1014.3;1.8;6.6;6.5;23.8;6.5;23.4;;;;;;;;;;;;;;223;;
STK;27.07.2024 00:00;;;;;;;;;969;;;;1016;1.6;5.8;5.8;20.9;5.7;20.5;;;;;;;;;;;;;;243;;
STK;28.07.2024 00:00;;;;;;;;;977;;;;1024.3;1.9;8.8;6.8;31.7;8.4;30.2;;;;;;;;;;;;;;29;;
STK;29.07.2024 00:00;;;;;;;;;975.5;;;;1022.8;1.5;5.8;5.4;20.9;5.6;20.2;;;;;;;;;;;;;;77;;
STK;30.07.2024 00:00;;;;;;;;;971.6;;;;1018.7;1.4;3.7;5;13.3;3.5;12.6;;;;;;;;;;;;;;82;;
STK;31.07.2024 00:00;;;;;;;;;968.9;;;;1015.9;2;17;7.2;61.2;16.9;60.8;;;;;;;;;;;;;;194;;
STK;01.08.2024 00:00;;;;;;;;;967.6;;;;1014.6;2.3;8.8;8.3;31.7;8.6;31;;;;;;;;;;;;;;240;;
STK;02.08.2024 00:00;;;;;;;;;967;;;;1014;2.8;10.4;10.1;37.4;9.9;35.6;;;;;;;;;;;;;;238;;
STK;03.08.2024 00:00;;;;;;;;;968;;;;1015;2.1;6.1;7.6;22;6;21.6;;;;;;;;;;;;;;227;;
STK;04.08.2024 00:00;;;;;;;;;970;;;;1017.1;2.1;6.7;7.6;24.1;6.6;23.8;;;;;;;;;;;;;;230;;
STK;05.08.2024 00:00;;;;;;;;;969;;;;1016.1;1.2;3.6;4.3;13;3.5;12.6;;;;;;;;;;;;;;63;;
STK;06.08.2024 00:00;;;;;;;;;966.8;;;;1013.7;1.6;6.6;5.8;23.8;6.5;23.4;;;;;;;;;;;;;;180;;
STK;07.08.2024 00:00;;;;;;;;;968.4;;;;1015.5;2.4;11.3;8.6;40.7;11;39.6;;;;;;;;;;;;;;225;;
STK;08.08.2024 00:00;;;;;;;;;971.2;;;;1018.3;2.2;7.2;7.9;25.9;7.2;25.9;;;;;;;;;;;;;;239;;
STK;09.08.2024 00:00;;;;;;;;;973.2;;;;1020.4;2.3;6.6;8.3;23.8;6.5;23.4;;;;;;;;;;;;;;229;;
STK;10.08.2024 00:00;;;;;;;;;975.2;;;;1022.5;1.5;5.9;5.4;21.2;5.7;20.5;;;;;;;;;;;;;;104;;
STK;11.08.2024 00:00;;;;;;;;;973;;;;1020.2;1.2;4.7;4.3;16.9;4.7;16.9;;;;;;;;;;;;;;79;;
STK;12.08.2024 00:00;;;;;;;;;968.5;;;;1015.5;2.3;22.3;8.3;80.3;21.8;78.5;;;;;;;;;;;;;;225;;
STK;13.08.2024 00:00;;;;;;;;;965.7;;;;1012.6;1.4;5.9;5;21.2;5.8;20.9;;;;;;;;;;;;;;135;;
STK;14.08.2024 00:00;;;;;;;;;967.6;;;;1014.6;2.9;11.9;10.4;42.8;11.6;41.8;;;;;;;;;;;;;;235;;
STK;15.08.2024 00:00;;;;;;;;;971.6;;;;1018.7;1.3;3.6;4.7;13;3.6;13;;;;;;;;;;;;;;135;;
STK;16.08.2024 00:00;;;;;;;;;971;;;;1018.1;1.7;9;6.1;32.4;8.6;31;;;;;;;;;;;;;;234;;
STK;17.08.2024 00:00;;;;;;;;;968.4;;;;1015.4;1.6;4.9;5.8;17.6;4.8;17.3;;;;;;;;;;;;;;228;;
STK;18.08.2024 00:00;;;;;;;;;966.2;;;;1013.1;3.2;11.3;11.5;40.7;10.9;39.2;;;;;;;;;;;;;;235;;
STK;19.08.2024 00:00;;;;;;;;;971.2;;;;1018.3;2.6;9.1;9.4;32.8;8.9;32;;;;;;;;;;;;;;66;;
STK;20.08.2024 00:00;;;;;;;;;968.2;;;;1015.2;1.5;3.7;5.4;13.3;3.6;13;;;;;;;;;;;;;;360;;
STK;21.08.2024 00:00;;;;;;;;;971.9;;;;1019.1;4;11.8;14.4;42.5;11.5;41.4;;;;;;;;;;;;;;233;;
STK;22.08.2024 00:00;;;;;;;;;969.3;;;;1016.4;1.3;3.9;4.7;14;3.8;13.7;;;;;;;;;;;;;;143;;
STK;23.08.2024 00:00;;;;;;;;;968.8;;;;1015.8;2.4;9.7;8.6;34.9;9.6;34.6;;;;;;;;;;;;;;233;;
STK;24.08.2024 00:00;;;;;;;;;967.9;;;;1014.9;2.2;18.6;7.9;67;18;64.8;;;;;;;;;;;;;;180;;
STK;25.08.2024 00:00;;;;;;;;;975.5;;;;1022.8;2.5;13.9;9;50;13.6;49;;;;;;;;;;;;;;225;;
STK;26.08.2024 00:00;;;;;;;;;975.7;;;;1023;2.6;7.5;9.4;27;7.3;26.3;;;;;;;;;;;;;;54;;
STK;27.08.2024 00:00;;;;;;;;;973.6;;;;1020.8;2.4;9.8;8.6;35.3;9.7;34.9;;;;;;;;;;;;;;59;;
STK;28.08.2024 00:00;;;;;;;;;972.1;;;;1019.2;1.7;4;6.1;14.4;4;14.4;;;;;;;;;;;;;;90;;
STK;29.08.2024 00:00;;;;;;;;;972.6;;;;1019.8;1.4;4.5;5;16.2;4.4;15.8;;;;;;;;;;;;;;98;;
STK;30.08.2024 00:00;;;;;;;;;971.8;;;;1018.9;1.4;3.6;5;13;3.6;13;;;;;;;;;;;;;;117;;
STK;31.08.2024 00:00;;;;;;;;;971.8;;;;1018.9;1.3;5.1;4.7;18.4;5;18;;;;;;;;;;;;;;90;;
STK;01.09.2024 00:00;;;;;;;;;969.4;;;;1016.4;2.3;11;8.3;39.6;10.8;38.9;;;;;;;;;;;;;;198;;
STK;02.09.2024 00:00;;;;;;;;;968.6;;;;1015.6;1.4;3.9;5;14;3.8;13.7;;;;;;;;;;;;;;135;;
STK;03.09.2024 00:00;;;;;;;;;969.4;;;;1016.5;1.6;13.2;5.8;47.5;13;46.8;;;;;;;;;;;;;;117;;
STK;04.09.2024 00:00;;;;;;;;;968.1;;;;1015.1;2.1;6.1;7.6;22;6.1;22;;;;;;;;;;;;;;231;;
STK;05.09.2024 00:00;;;;;;;;;961.7;;;;1008.5;5.4;15.6;19.4;56.2;15.3;55.1;;;;;;;;;;;;;;243;;
STK;06.09.2024 00:00;;;;;;;;;966;;;;1012.9;2.1;10.4;7.6;37.4;10.1;36.4;;;;;;;;;;;;;;191;;
STK;07.09.2024 00:00;;;;;;;;;965.8;;;;1012.7;1.8;6.3;6.5;22.7;6;21.6;;;;;;;;;;;;;;90;;
STK;08.09.2024 00:00;;;;;;;;;965.1;;;;1012;2.3;8.8;8.3;31.7;8.5;30.6;;;;;;;;;;;;;;229;;
STK;09.09.2024 00:00;;;;;;;;;964.1;;;;1010.9;6.3;14.4;22.7;51.8;14;50.4;;;;;;;;;;;;;;234;;
STK;10.09.2024 00:00;;;;;;;;;968.7;;;;1015.7;5.9;12.5;21.2;45;12.4;44.6;;;;;;;;;;;;;;243;;
STK;11.09.2024 00:00;;;;;;;;;965.3;;;;1012.2;5.9;16.2;21.2;58.3;15.6;56.2;;;;;;;;;;;;;;234;;
STK;12.09.2024 00:00;;;;;;;;;968;;;;1015;2.2;9.2;7.9;33.1;8.9;32;;;;;;;;;;;;;;253;;
STK;13.09.2024 00:00;;;;;;;;;974.1;;;;1021.3;2.4;10.8;8.6;38.9;10.4;37.4;;;;;;;;;;;;;;297;;
STK;14.09.2024 00:00;;;;;;;;;980.5;;;;1028;2.1;6.1;7.6;22;6;21.6;;;;;;;;;;;;;;346;;
STK;15.09.2024 00:00;;;;;;;;;978.6;;;;1026;1.5;5.4;5.4;19.4;5.2;18.7;;;;;;;;;;;;;;90;;
STK;16.09.2024 00:00;;;;;;;;;976.1;;;;1023.4;2.2;6.9;7.9;24.8;6.7;24.1;;;;;;;;;;;;;;221;;
STK;17.09.2024 00:00;;;;;;;;;974.1;;;;1021.3;4.1;14.9;14.8;53.6;14.5;52.2;;;;;;;;;;;;;;70;;
STK;18.09.2024 00:00;;;;;;;;;972.5;;;;1019.6;4.1;12;14.8;43.2;11.4;41;;;;;;;;;;;;;;67;;
STK;19.09.2024 00:00;;;;;;;;;971.1;;;;1018.2;1.8;9.2;6.5;33.1;8.9;32;;;;;;;;;;;;;;61;;
STK;20.09.2024 00:00;;;;;;;;;973.1;;;;1020.3;1.3;4.2;4.7;15.1;4.1;14.8;;;;;;;;;;;;;;112;;
STK;21.09.2024 00:00;;;;;;;;;972.9;;;;1020.1;1.4;3.6;5;13;3.5;12.6;;;;;;;;;;;;;;135;;
STK;22.09.2024 00:00;;;;;;;;;969.4;;;;1016.5;1.3;4.3;4.7;15.5;4.2;15.1;;;;;;;;;;;;;;191;;
STK;23.09.2024 00:00;;;;;;;;;965.6;;;;1012.4;2.5;12.9;9;46.4;12.7;45.7;;;;;;;;;;;;;;235;;
STK;24.09.2024 00:00;;;;;;;;;964.4;;;;1011.3;3.2;14.6;11.5;52.6;14;50.4;;;;;;;;;;;;;;232;;
STK;25.09.2024 00:00;;;;;;;;;963.8;;;;1010.6;2.7;8.3;9.7;29.9;8.1;29.2;;;;;;;;;;;;;;230;;
STK;26.09.2024 00:00;;;;;;;;;957.8;;;;1004.4;3.5;11.5;12.6;41.4;11.1;40;;;;;;;;;;;;;;231;;
STK;27.09.2024 00:00;;;;;;;;;961.3;;;;1008;3;20;10.8;72;19.4;69.8;;;;;;;;;;;;;;236;;
STK;28.09.2024 00:00;;;;;;;;;973.4;;;;1020.6;2.9;8.4;10.4;30.2;8.3;29.9;;;;;;;;;;;;;;249;;
STK;29.09.2024 00:00;;;;;;;;;977.6;;;;1024.9;2.9;9.7;10.4;34.9;9.4;33.8;;;;;;;;;;;;;;65;;
STK;30.09.2024 00:00;;;;;;;;;971;;;;1018.1;1.8;10.1;6.5;36.4;9.6;34.6;;;;;;;;;;;;;;239;;
STK;01.10.2024 00:00;;;;;;;;;965.8;;;;1012.7;2.1;8.8;7.6;31.7;8.2;29.5;;;;;;;;;;;;;;228;;
STK;02.10.2024 00:00;;;;;;;;;963.4;;;;1010.2;3.1;11.4;11.2;41;10.6;38.2;;;;;;;;;;;;;;238;;
STK;03.10.2024 00:00;;;;;;;;;965.4;;;;1012.3;5.1;11.8;18.4;42.5;11;39.6;;;;;;;;;;;;;;43;;
STK;04.10.2024 00:00;;;;;;;;;969;;;;1016;5.2;11.6;18.7;41.8;11;39.6;;;;;;;;;;;;;;42;;
STK;05.10.2024 00:00;;;;;;;;;969.6;;;;1016.6;2.5;7.3;9;26.3;7.1;25.6;;;;;;;;;;;;;;39;;
STK;06.10.2024 00:00;;;;;;;;;964.6;;;;1011.4;1.1;3.8;4;13.7;3.7;13.3;;;;;;;;;;;;;;56;;
STK;07.10.2024 00:00;;;;;;;;;961.5;;;;1008.3;1.6;5;5.8;18;4.9;17.6;;;;;;;;;;;;;;90;;
STK;08.10.2024 00:00;;;;;;;;;959.3;;;;1005.9;2;8;7.2;28.8;7.8;28.1;;;;;;;;;;;;;;227;;
STK;09.10.2024 00:00;;;;;;;;;951.8;;;;998.2;1.3;10.3;4.7;37.1;10.2;36.7;;;;;;;;;;;;;;180;;
STK;10.10.2024 00:00;;;;;;;;;957.6;;;;1004.2;7.1;22.6;25.6;81.4;21.8;78.5;;;;;;;;;;;;;;242;;
STK;11.10.2024 00:00;;;;;;;;;969.5;;;;1016.6;2.7;10.2;9.7;36.7;9.5;34.2;;;;;;;;;;;;;;232;;
STK;12.10.2024 00:00;;;;;;;;;969.1;;;;1016.1;1.8;8.8;6.5;31.7;8.5;30.6;;;;;;;;;;;;;;214;;
STK;13.10.2024 00:00;;;;;;;;;971.4;;;;1018.6;4.5;16.8;16.2;60.5;16.1;58;;;;;;;;;;;;;;251;;
STK;14.10.2024 00:00;;;;;;;;;972.3;;;;1019.5;2.7;11.8;9.7;42.5;11.7;42.1;;;;;;;;;;;;;;233;;
STK;15.10.2024 00:00;;;;;;;;;972.4;;;;1019.6;1.4;5.8;5;20.9;5.7;20.5;;;;;;;;;;;;;;45;;
STK;16.10.2024 00:00;;;;;;;;;968.4;;;;1015.4;1.3;4.3;4.7;15.5;4.3;15.5;;;;;;;;;;;;;;11;;
STK;17.10.2024 00:00;;;;;;;;;968.2;;;;1015.2;1.1;4.1;4;14.8;4;14.4;;;;;;;;;;;;;;45;;
STK;18.10.2024 00:00;;;;;;;;;968;;;;1015;2.3;8.3;8.3;29.9;7.9;28.4;;;;;;;;;;;;;;231;;
STK;19.10.2024 00:00;;;;;;;;;972.9;;;;1020.1;1.1;5.6;4;20.2;5.5;19.8;;;;;;;;;;;;;;236;;
STK;20.10.2024 00:00;;;;;;;;;977.1;;;;1024.4;1.4;4.5;5;16.2;4.4;15.8;;;;;;;;;;;;;;238;;
STK;21.10.2024 00:00;;;;;;;;;979.9;;;;1027.4;0.8;3.1;2.9;11.2;3.1;11.2;;;;;;;;;;;;;;225;;
STK;22.10.2024 00:00;;;;;;;;;982;;;;1029.6;1.9;6.4;6.8;23;6.3;22.7;;;;;;;;;;;;;;24;;
STK;23.10.2024 00:00;;;;;;;;;984.3;;;;1032;3;7.4;10.8;26.6;7.3;26.3;;;;;;;;;;;;;;42;;
STK;24.10.2024 00:00;;;;;;;;;979.1;;;;1026.5;1;3.7;3.6;13.3;3.7;13.3;;;;;;;;;;;;;;90;;
STK;25.10.2024 00:00;;;;;;;;;974.9;;;;1022.2;1.3;4.1;4.7;14.8;4;14.4;;;;;;;;;;;;;;45;;
STK;26.10.2024 00:00;;;;;;;;;971.6;;;;1018.7;1.3;5.3;4.7;19.1;5.2;18.7;;;;;;;;;;;;;;36;;
STK;27.10.2024 00:00;;;;;;;;;976.2;;;;1023.5;1.8;7.2;6.5;25.9;7.1;25.6;;;;;;;;;;;;;;225;;
STK;28.10.2024 00:00;;;;;;;;;980.4;;;;1027.9;0.9;3.6;3.2;13;3.5;12.6;;;;;;;;;;;;;;0;;
STK;29.10.2024 00:00;;;;;;;;;980.7;;;;1028.2;1;3.3;3.6;11.9;3.2;11.5;;;;;;;;;;;;;;0;;
STK;30.10.2024 00:00;;;;;;;;;980.6;;;;1028.1;1.2;3.8;4.3;13.7;3.5;12.6;;;;;;;;;;;;;;21;;
STK;31.10.2024 00:00;;;;;;;;;980.6;;;;1028.1;1;4.3;3.6;15.5;4.2;15.1;;;;;;;;;;;;;;90;;
STK;01.11.2024 00:00;;;;;;;;;979;;;;1026.4;1.8;5.9;6.5;21.2;5.8;20.9;;;;;;;;;;;;;;221;;
STK;02.11.2024 00:00;;;;;;;;;980.8;;;;1028.3;3.5;8.8;12.6;31.7;8.2;29.5;;;;;;;;;;;;;;37;;
STK;03.11.2024 00:00;;;;;;;;;982;;;;1029.6;1.1;6.1;4;22;5.9;21.2;;;;;;;;;;;;;;34;;
STK;04.11.2024 00:00;;;;;;;;;980.2;;;;1027.7;1.3;5;4.7;18;4.9;17.6;;;;;;;;;;;;;;59;;
STK;05.11.2024 00:00;;;;;;;;;979.1;;;;1026.5;1.3;4.6;4.7;16.6;4.5;16.2;;;;;;;;;;;;;;203;;
STK;06.11.2024 00:00;;;;;;;;;982;;;;1029.5;1.3;5.4;4.7;19.4;5.3;19.1;;;;;;;;;;;;;;72;;
STK;07.11.2024 00:00;;;;;;;;;982.4;;;;1029.9;2.1;6.2;7.6;22.3;6.1;22;;;;;;;;;;;;;;28;;
STK;08.11.2024 00:00;;;;;;;;;979.2;;;;1026.6;1.3;3.7;4.7;13.3;3.6;13;;;;;;;;;;;;;;50;;
STK;09.11.2024 00:00;;;;;;;;;979.1;;;;1026.5;0.9;3.1;3.2;11.2;3;10.8;;;;;;;;;;;;;;124;;
STK;10.11.2024 00:00;;;;;;;;;979.9;;;;1027.4;1.2;4.9;4.3;17.6;4.8;17.3;;;;;;;;;;;;;;51;;
STK;11.11.2024 00:00;;;;;;;;;980.8;;;;1028.2;1.9;7.3;6.8;26.3;7.1;25.6;;;;;;;;;;;;;;344;;
STK;12.11.2024 00:00;;;;;;;;;978.5;;;;1026;5;12.8;18;46.1;12.6;45.4;;;;;;;;;;;;;;56;;
STK;13.11.2024 00:00;;;;;;;;;981.5;;;;1029;3.1;8.4;11.2;30.2;7.9;28.4;;;;;;;;;;;;;;23;;
STK;14.11.2024 00:00;;;;;;;;;981.1;;;;1028.6;1;4.7;3.6;16.9;4.4;15.8;;;;;;;;;;;;;;180;;
STK;15.11.2024 00:00;;;;;;;;;978.9;;;;1026.3;1.6;5.8;5.8;20.9;5.7;20.5;;;;;;;;;;;;;;63;;
STK;16.11.2024 00:00;;;;;;;;;974.2;;;;1021.5;1.8;6;6.5;21.6;5.9;21.2;;;;;;;;;;;;;;210;;
STK;17.11.2024 00:00;;;;;;;;;969.4;;;;1016.4;5.8;15.5;20.9;55.8;15.3;55.1;;;;;;;;;;;;;;233;;
STK;18.11.2024 00:00;;;;;;;;;967.9;;;;1014.9;6.7;15.2;24.1;54.7;14.7;52.9;;;;;;;;;;;;;;236;;
STK;19.11.2024 00:00;;;;;;;;;957.5;;;;1004.1;8.5;27.1;30.6;97.6;25.2;90.7;;;;;;;;;;;;;;231;;
STK;20.11.2024 00:00;;;;;;;;;958.6;;;;1005.2;6.7;17.4;24.1;62.6;16.4;59;;;;;;;;;;;;;;239;;
STK;21.11.2024 00:00;;;;;;;;;953.5;;;;999.9;5.1;17;18.4;61.2;16.6;59.8;;;;;;;;;;;;;;240;;
STK;22.11.2024 00:00;;;;;;;;;963.8;;;;1010.7;6.2;16.2;22.3;58.3;15.5;55.8;;;;;;;;;;;;;;232;;
STK;23.11.2024 00:00;;;;;;;;;976;;;;1023.3;2.6;14.2;9.4;51.1;13.3;47.9;;;;;;;;;;;;;;216;;
STK;24.11.2024 00:00;;;;;;;;;974.7;;;;1022;2;9;7.2;32.4;8.7;31.3;;;;;;;;;;;;;;207;;
STK;25.11.2024 00:00;;;;;;;;;968.9;;;;1015.9;1.5;8.1;5.4;29.2;7.9;28.4;;;;;;;;;;;;;;207;;
STK;26.11.2024 00:00;;;;;;;;;975.2;;;;1022.5;3.3;12.3;11.9;44.3;12.1;43.6;;;;;;;;;;;;;;235;;
STK;27.11.2024 00:00;;;;;;;;;975.6;;;;1022.9;1.4;8.7;5;31.3;8.4;30.2;;;;;;;;;;;;;;225;;
STK;28.11.2024 00:00;;;;;;;;;978.5;;;;1025.9;3.1;12.4;11.2;44.6;12.2;43.9;;;;;;;;;;;;;;233;;
STK;29.11.2024 00:00;;;;;;;;;983.7;;;;1031.3;2.1;7.3;7.6;26.3;7.1;25.6;;;;;;;;;;;;;;54;;
STK;30.11.2024 00:00;;;;;;;;;982.7;;;;1030.3;1.5;4.8;5.4;17.3;4.7;16.9;;;;;;;;;;;;;;352;;
STK;01.12.2024 00:00;;;;;;;;;979.2;;;;1026.6;1.8;7.6;6.5;27.4;7.4;26.6;;;;;;;;;;;;;;211;;
STK;02.12.2024 00:00;;;;;;;;;973.3;;;;1020.5;1;7.1;3.6;25.6;6.8;24.5;;;;;;;;;;;;;;270;;
STK;03.12.2024 00:00;;;;;;;;;973;;;;1020.2;3.1;7.7;11.2;27.7;7.5;27;;;;;;;;;;;;;;232;;
STK;04.12.2024 00:00;;;;;;;;;978.4;;;;1025.8;0.9;5;3.2;18;4.9;17.6;;;;;;;;;;;;;;63;;
STK;05.12.2024 00:00;;;;;;;;;976.6;;;;1024;2.7;12;9.7;43.2;11.8;42.5;;;;;;;;;;;;;;222;;
STK;06.12.2024 00:00;;;;;;;;;969.6;;;;1016.7;7.5;18.2;27;65.5;17.2;61.9;;;;;;;;;;;;;;245;;
STK;07.12.2024 00:00;;;;;;;;;961.9;;;;1008.6;4.2;13.1;15.1;47.2;12.8;46.1;;;;;;;;;;;;;;228;;
STK;08.12.2024 00:00;;;;;;;;;959.9;;;;1006.6;2.6;10.1;9.4;36.4;9.7;34.9;;;;;;;;;;;;;;236;;
STK;09.12.2024 00:00;;;;;;;;;967.9;;;;1014.9;7.6;14.8;27.4;53.3;14.4;51.8;;;;;;;;;;;;;;53;;
STK;10.12.2024 00:00;;;;;;;;;974.1;;;;1021.4;7.5;13.6;27;49;13.2;47.5;;;;;;;;;;;;;;61;;
STK;11.12.2024 00:00;;;;;;;;;979.1;;;;1026.5;4.1;9.6;14.8;34.6;9.5;34.2;;;;;;;;;;;;;;62;;
STK;12.12.2024 00:00;;;;;;;;;981.1;;;;1028.6;1.9;7.6;6.8;27.4;7.3;26.3;;;;;;;;;;;;;;74;;
STK;13.12.2024 00:00;;;;;;;;;979.5;;;;1026.9;1.2;4.2;4.3;15.1;4.1;14.8;;;;;;;;;;;;;;153;;
STK;14.12.2024 00:00;;;;;;;;;976;;;;1023.3;3.8;10.6;13.7;38.2;10;36;;;;;;;;;;;;;;235;;
STK;15.12.2024 00:00;;;;;;;;;985.1;;;;1032.7;5.8;11.8;20.9;42.5;11.8;42.5;;;;;;;;;;;;;;238;;
STK;16.12.2024 00:00;;;;;;;;;988.9;;;;1036.7;3.7;10.5;13.3;37.8;10.3;37.1;;;;;;;;;;;;;;233;;
STK;17.12.2024 00:00;;;;;;;;;983.2;;;;1030.8;1.1;4.7;4;16.9;4.7;16.9;;;;;;;;;;;;;;162;;
STK;18.12.2024 00:00;;;;;;;;;976.2;;;;1023.5;1.8;7;6.5;25.2;6.7;24.1;;;;;;;;;;;;;;225;;
STK;19.12.2024 00:00;;;;;;;;;963.2;;;;1010;4.5;19.7;16.2;70.9;19.5;70.2;;;;;;;;;;;;;;240;;
STK;20.12.2024 00:00;;;;;;;;;975.5;;;;1022.8;5.1;10.7;18.4;38.5;10.5;37.8;;;;;;;;;;;;;;243;;
STK;21.12.2024 00:00;;;;;;;;;975.1;;;;1022.4;5.6;19.6;20.2;70.6;19.2;69.1;;;;;;;;;;;;;;229;;
STK;22.12.2024 00:00;;;;;;;;;961.4;;;;1008.1;7.9;19.9;28.4;71.6;19.8;71.3;;;;;;;;;;;;;;234;;
STK;23.12.2024 00:00;;;;;;;;;968.2;;;;1015.2;4;11.2;14.4;40.3;10.8;38.9;;;;;;;;;;;;;;230;;
STK;24.12.2024 00:00;;;;;;;;;981.4;;;;1028.9;2.2;6.9;7.9;24.8;6.8;24.5;;;;;;;;;;;;;;229;;
STK;25.12.2024 00:00;;;;;;;;;987.4;;;;1035.2;1.3;5.2;4.7;18.7;5.1;18.4;;;;;;;;;;;;;;61;;
STK;26.12.2024 00:00;;;;;;;;;986.8;;;;1034.5;1.2;4.1;4.3;14.8;3.9;14;;;;;;;;;;;;;;59;;
STK;27.12.2024 00:00;;;;;;;;;986.1;;;;1033.8;1.4;4;5;14.4;3.8;13.7;;;;;;;;;;;;;;197;;
STK;28.12.2024 00:00;;;;;;;;;983.8;;;;1031.5;1.7;4.2;6.1;15.1;4.1;14.8;;;;;;;;;;;;;;212;;
STK;29.12.2024 00:00;;;;;;;;;983.3;;;;1030.9;1.7;4.4;6.1;15.8;4.1;14.8;;;;;;;;;;;;;;203;;
STK;30.12.2024 00:00;;;;;;;;;984.3;;;;1031.9;1.5;4.6;5.4;16.6;4.5;16.2;;;;;;;;;;;;;;198;;
STK;31.12.2024 00:00;;;;;;;;;983.5;;;;1031.1;1.6;5.4;5.8;19.4;5.2;18.7;;;;;;;;;;;;;;198;;
