station_abbr;reference_timestamp;tre200d0;tre200dx;tre200dn;tre005d0;tre005dx;tre005dn;ure200d0;pva200d0;prestad0;pp0qffd0;ppz850d0;ppz700d0;pp0qnhd0;fkl010d0;fkl010d1;fu3010d0;fu3010d1;fkl010d3;fu3010d3;wcc006d0;rre150d0;rka150d0;htoautd0;gre000d0;oli000d0;olo000d0;osr000d0;ods000d0;sre000d0;sremaxdv;erefaod0;xcd000d0;dkl010d0;xno000d0;xno012d0
UEB;07.01.2012 00:00;;;;;;;;;;;;;;;;;;;;;;;;13;;;;12;0;0;;;;;
UEB;08.01.2012 00:00;;;;;;;;;;;;;;;;;;;;;;;;10;;;;9;0;0;;;;;
UEB;09.01.2012 00:00;;;;;;;;;;;;;;;;;;;;;;;;32;;;;30;0;0;;;;;
UEB;10.01.2012 00:00;;;;;;;;;;;;;;;;;;;;;;;;44;;;;37;47;9;;;;;
UEB;11.01.2012 00:00;;;;;;;;;;;;;;;;;;;;;;;;91;;;;35;370;74;;;;;
UEB;12.01.2012 00:00;;;;;;;;;;;;;;;;;;;;;;;;106;;;;27;499;100;;;;;
UEB;13.01.2012 00:00;;;;;;;;;;;;;;;;;;;;;;;;58;;;;38;167;33;;;;;
UEB;14.01.2012 00:00;;;;;;;;;;;;;;;;;;;;;;;;102;;;;25;489;98;;;;;
UEB;15.01.2012 00:00;;;;;;;;;;;;;;;;;;;;;;;;102;;;;23;494;98;;;;;
UEB;16.01.2012 00:00;;;;;;;;;;;;;;;;;;;;;;;;100;;;;26;483;96;;;;;
UEB;17.01.2012 00:00;;;;;;;;;;;;;;;;;;;;;;;;98;;;;27;466;92;;;;;
UEB;18.01.2012 00:00;;;;;;;;;;;;;;;;;;;;;;;;100;;;;29;494;97;;;;;
UEB;19.01.2012 00:00;;;;;;;;;;;;;;;;;;;;;;;;15;;;;14;0;0;;;;;
UEB;20.01.2012 00:00;;;;;;;;;;;;;;;;;;;;;;;;39;;;;28;54;10;;;;;
UEB;21.01.2012 00:00;;;;;;;;;;;;;;;;;;;;;;;;14;;;;13;0;0;;;;;
UEB;22.01.2012 00:00;;;;;;;;;;;;;;;;;;;;;;;;36;;;;32;11;2;;;;;
UEB;23.01.2012 00:00;;;;;;;;;;;;;;;;;;;;;;;;17;;;;16;0;0;;;;;
UEB;24.01.2012 00:00;;;;;;;;;;;;;;;;;;;;;;;;46;;;;34;63;12;;;;;
UEB;25.01.2012 00:00;;;;;;;;;;;;;;;;;;;;;;;;38;;;;37;0;0;;;;;
UEB;26.01.2012 00:00;;;;;;;;;;;;;;;;;;;;;;;;33;;;;31;0;0;;;;;
UEB;27.01.2012 00:00;;;;;;;;;;;;;;;;;;;;;;;;25;;;;25;0;0;;;;;
UEB;28.01.2012 00:00;;;;;;;;;;;;;;;;;;;;;;;;32;;;;31;0;0;;;;;
UEB;29.01.2012 00:00;;;;;;;;;;;;;;;;;;;;;;;;14;;;;12;0;0;;;;;
UEB;30.01.2012 00:00;;;;;;;;;;;;;;;;;;;;;;;;15;;;;14;0;0;;;;;
UEB;31.01.2012 00:00;;;;;;;;;;;;;;;;;;;;;;;;22;;;;20;0;0;;;;;
UEB;01.02.2012 00:00;;;;;;;;;;;;;;;;;;;;;;;;19;;;;17;0;0;;;;;
UEB;02.02.2012 00:00;;;;;;;;;;;;;;;;;;;;;;;;37;;;;36;0;0;;;;;
UEB;03.02.2012 00:00;;;;;;;;;;;;;;;;;;;;;;;;107;;;;55;334;61;;;;;
UEB;04.02.2012 00:00;;;;;;;;;;;;;;;;;;;;;;;;132;;;;49;466;85;;;;;
UEB;05.02.2012 00:00;;;;;;;;;;;;;;;;;;;;;;;;112;;;;49;320;58;;;;;
UEB;06.02.2012 00:00;;;;;;;;;;;;;;;;;;;;;;;;114;;;;63;270;48;;;;;
UEB;07.02.2012 00:00;;;;;;;;;;;;;;;;;;;;;;;;43;;;;41;2;0;;;;;
UEB;08.02.2012 00:00;;;;;;;;;;;;;;;;;;;;;;;;60;;;;56;6;1;;;;;
UEB;09.02.2012 00:00;;;;;;;;;;;;;;;;;;;;;;;;102;;;;53;282;49;;;;;
UEB;10.02.2012 00:00;;;;;;;;;;;;;;;;;;;;;;;;40;;;;38;0;0;;;;;
UEB;11.02.2012 00:00;;;;;;;;;;;;;;;;;;;;;;;;42;;;;39;3;1;;;;;
UEB;12.02.2012 00:00;;;;;;;;;;;;;;;;;;;;;;;;94;;;;53;226;39;;;;;
UEB;13.02.2012 00:00;;;;;;;;;;;;;;;;;;;;;;;;57;;;;55;4;1;;;;;
UEB;14.02.2012 00:00;;;;;;;;;;;;;;;;;;;;;;;;64;;;;61;3;1;;;;;
UEB;15.02.2012 00:00;;;;;;;;;;;;;;;;;;;;;;;;17;;;;16;0;0;;;;;
UEB;16.02.2012 00:00;;;;;;;;;;;;;;;;;;;;;;;;63;;;;57;5;1;;;;;
UEB;17.02.2012 00:00;;;;;;;;;;;;;;;;;;;;;;;;92;;;;73;49;8;;;;;
UEB;18.02.2012 00:00;;;;;;;;;;;;;;;;;;;;;;;;153;;;;46;434;72;;;;;
UEB;19.02.2012 00:00;;;;;;;;;;;;;;;;;;;;;;;;34;;;;33;0;0;;;;;
UEB;20.02.2012 00:00;;;;;;;;;;;;;;;;;;;;;;;;90;;;;63;134;22;;;;;
UEB;21.02.2012 00:00;;;;;;;;;;;;;;;;;;;;;;;;140;;;;54;393;65;;;;;
UEB;22.02.2012 00:00;;;;;;;;;;;;;;;;;;;;;;;;174;;;;34;605;100;;;;;
UEB;23.02.2012 00:00;;;;;;;;;;;;;;;;;;;;;;;;50;;;;49;0;0;;;;;
UEB;24.02.2012 00:00;;;;;;;;;;;;;;;;;;;;;;;;167;;;;30;559;91;;;;;
UEB;25.02.2012 00:00;;;;;;;;;;;;;;;;;;;;;;;;89;;;;71;72;12;;;;;
UEB;26.02.2012 00:00;;;;;;;;;;;;;;;;;;;;;;;;45;;;;42;6;1;;;;;
UEB;27.02.2012 00:00;;;;;;;;;;;;;;;;;;;;;;;;181;;;;53;593;95;;;;;
UEB;28.02.2012 00:00;;;;;;;;;;;;;;;;;;;;;;;;162;;;;57;395;63;;;;;
UEB;29.02.2012 00:00;;;;;;;;;;;;;;;;;;;;;;;;178;;;;34;626;99;;;;;
UEB;01.03.2012 00:00;;;;;;;;;;;;;;;;;;;;;;;;188;;;;34;629;99;;;;;
UEB;02.03.2012 00:00;;;;;;;;;;;;;;;;;;;;;;;;185;;;;36;631;99;;;;;
UEB;03.03.2012 00:00;;;;;;;;;;;;;;;;;;;;;;;;157;;;;63;396;62;;;;;
UEB;04.03.2012 00:00;;;;;;;;;;;;;;;;;;;;;;;;109;;;;75;208;32;;;;;
UEB;05.03.2012 00:00;;;;;;;;;;;;;;;;;;;;;;;;74;;;;69;1;0;;;;;
UEB;06.03.2012 00:00;;;;;;;;;;;;;;;;;;;;;;;;125;;;;76;185;29;;;;;
UEB;07.03.2012 00:00;;;;;;;;;;;;;;;;;;;;;;;;184;;;;75;512;79;;;;;
UEB;08.03.2012 00:00;;;;;;;;;;;;;;;;;;;;;;;;75;;;;61;43;7;;;;;
UEB;09.03.2012 00:00;;;;;;;;;;;;;;;;;;;;;;;;195;;;;70;537;81;;;;;
UEB;10.03.2012 00:00;;;;;;;;;;;;;;;;;;;;;;;;193;;;;55;605;91;;;;;
UEB;11.03.2012 00:00;;;;;;;;;;;;;;;;;;;;;;;;72;;;;69;7;1;;;;;
UEB;12.03.2012 00:00;;;;;;;;;;;;;;;;;;;;;;;;201;;;;62;555;83;;;;;
UEB;13.03.2012 00:00;;;;;;;;;;;;;;;;;;;;;;;;221;;;;40;666;99;;;;;
UEB;14.03.2012 00:00;;;;;;;;;;;;;;;;;;;;;;;;230;;;;37;673;100;;;;;
UEB;15.03.2012 00:00;;;;;;;;;;;;;;;;;;;;;;;;232;;;;40;675;100;;;;;
UEB;16.03.2012 00:00;;;;;;;;;;;;;;;;;;;;;;;;232;;;;41;678;99;;;;;
UEB;17.03.2012 00:00;;;;;;;;;;;;;;;;;;;;;;;;176;;;;84;422;61;;;;;
UEB;18.03.2012 00:00;;;;;;;;;;;;;;;;;;;;;;;;108;;;;43;284;41;;;;;
UEB;19.03.2012 00:00;;;;;;;;;;;;;;;;;;;;;;;;35;;;;34;0;0;;;;;
UEB;20.03.2012 00:00;;;;;;;;;;;;;;;;;;;;;;;;156;;;;82;296;43;;;;;
UEB;21.03.2012 00:00;;;;;;;;;;;;;;;;;;;;;;;;227;;;;51;661;95;;;;;
UEB;22.03.2012 00:00;;;;;;;;;;;;;;;;;;;;;;;;245;;;;46;683;98;;;;;
UEB;23.03.2012 00:00;;;;;;;;;;;;;;;;;;;;;;;;239;;;;53;677;96;;;;;
UEB;24.03.2012 00:00;;;;;;;;;;;;;;;;;;;;;;;;224;;;;64;534;75;;;;;
UEB;25.03.2012 00:00;;;;;;;;;;;;;;;;;;;;;;;;237;;;;65;620;87;;;;;
UEB;26.03.2012 00:00;;;;;;;;;;;;;;;;;;;;;;;;254;;;;46;702;98;;;;;
UEB;27.03.2012 00:00;;;;;;;;;;;;;;;;;;;;;;;;253;;;;55;693;97;;;;;
UEB;28.03.2012 00:00;;;;;;;;;;;;;;;;;;;;;;;;256;;;;45;702;98;;;;;
UEB;29.03.2012 00:00;;;;;;;;;;;;;;;;;;;;;;;;223;;;;81;430;59;;;;;
UEB;30.03.2012 00:00;;;;;;;;;;;;;;;;;;;;;;;;155;;;;100;243;34;;;;;
UEB;31.03.2012 00:00;;;;;;;;;;;;;;;;;;;;;;;;257;;;;69;692;95;;;;;
UEB;01.04.2012 00:00;;;;;;;;;;;;;;;;;;;;;;;;248;;;;78;556;76;;;;;
UEB;02.04.2012 00:00;;;;;;;;;;;;;;;;;;;;;;;;260;;;;55;716;97;;;;;
UEB;03.04.2012 00:00;;;;;;;;;;;;;;;;;;;;;;;;166;;;;106;211;29;;;;;
UEB;04.04.2012 00:00;;;;;;;;;;;;;;;;;;;;;;;;69;;;;67;3;0;;;;;
UEB;05.04.2012 00:00;;;;;;;;;;;;;;;;;;;;;;;;59;;;;58;0;0;;;;;
UEB;06.04.2012 00:00;;;;;;;;;;;;;;;;;;;;;;;;103;;;;100;0;0;;;;;
UEB;07.04.2012 00:00;;;;;;;;;;;;;;;;;;;;;;;;58;;;;56;0;0;;;;;
UEB;08.04.2012 00:00;;;;;;;;;;;;;;;;;;;;;;;;91;;;;83;35;5;;;;;
UEB;09.04.2012 00:00;;;;;;;;;;;;;;;;;;;;;;;;135;;;;122;18;2;;;;;
UEB;10.04.2012 00:00;;;;;;;;;;;;;;;;;;;;;;;;253;;;;94;475;63;;;;;
UEB;11.04.2012 00:00;;;;;;;;;;;;;;;;;;;;;;;;69;;;;64;18;2;;;;;
UEB;12.04.2012 00:00;;;;;;;;;;;;;;;;;;;;;;;;93;;;;87;4;1;;;;;
UEB;13.04.2012 00:00;;;;;;;;;;;;;;;;;;;;;;;;135;;;;122;15;2;;;;;
UEB;14.04.2012 00:00;;;;;;;;;;;;;;;;;;;;;;;;44;;;;42;0;0;;;;;
UEB;15.04.2012 00:00;;;;;;;;;;;;;;;;;;;;;;;;26;;;;25;0;0;;;;;
UEB;16.04.2012 00:00;;;;;;;;;;;;;;;;;;;;;;;;28;;;;27;0;0;;;;;
UEB;17.04.2012 00:00;;;;;;;;;;;;;;;;;;;;;;;;223;;;;125;347;44;;;;;
UEB;18.04.2012 00:00;;;;;;;;;;;;;;;;;;;;;;;;135;;;;112;119;15;;;;;
UEB;19.04.2012 00:00;;;;;;;;;;;;;;;;;;;;;;;;176;;;;128;163;21;;;;;
UEB;20.04.2012 00:00;;;;;;;;;;;;;;;;;;;;;;;;136;;;;103;140;18;;;;;
UEB;21.04.2012 00:00;;;;;;;;;;;;;;;;;;;;;;;;200;;;;121;210;26;;;;;
UEB;22.04.2012 00:00;;;;;;;;;;;;;;;;;;;;;;;;166;;;;87;212;27;;;;;
UEB;23.04.2012 00:00;;;;;;;;;;;;;;;;;;;;;;;;214;;;;114;219;27;;;;;
UEB;24.04.2012 00:00;;;;;;;;;;;;;;;;;;;;;;;;118;;;;91;70;9;;;;;
UEB;25.04.2012 00:00;;;;;;;;;;;;;;;;;;;;;;;;217;;;;144;305;38;;;;;
UEB;26.04.2012 00:00;;;;;;;;;;;;;;;;;;;;;;;;323;;;;45;772;96;;;;;
UEB;27.04.2012 00:00;;;;;;;;;;;;;;;;;;;;;;;;293;;;;109;531;66;;;;;
UEB;28.04.2012 00:00;;;;;;;;;;;;;;;;;;;;;;;;308;;;;75;593;73;;;;;
UEB;29.04.2012 00:00;;;;;;;;;;;;;;;;;;;;;;;;236;;;;118;385;47;;;;;
UEB;30.04.2012 00:00;;;;;;;;;;;;;;;;;;;;;;;;181;;;;128;144;18;;;;;
UEB;01.05.2012 00:00;;;;;;;;;;;;;;;;;;;;;;;;151;;;;137;23;3;;;;;
UEB;02.05.2012 00:00;;;;;;;;;;;;;;;;;;;;;;;;236;;;;123;404;49;;;;;
UEB;03.05.2012 00:00;;;;;;;;;;;;;;;;;;;;;;;;296;;;;83;616;74;;;;;
UEB;04.05.2012 00:00;;;;;;;;;;;;;;;;;;;;;;;;323;;;;59;667;80;;;;;
UEB;05.05.2012 00:00;;;;;;;;;;;;;;;;;;;;;;;;139;;;;101;157;19;;;;;
UEB;06.05.2012 00:00;;;;;;;;;;;;;;;;;;;;;;;;129;;;;102;89;11;;;;;
UEB;07.05.2012 00:00;;;;;;;;;;;;;;;;;;;;;;;;217;;;;133;228;27;;;;;
UEB;08.05.2012 00:00;;;;;;;;;;;;;;;;;;;;;;;;258;;;;128;426;50;;;;;
UEB;09.05.2012 00:00;;;;;;;;;;;;;;;;;;;;;;;;170;;;;121;118;14;;;;;
UEB;10.05.2012 00:00;;;;;;;;;;;;;;;;;;;;;;;;326;;;;87;796;94;;;;;
UEB;11.05.2012 00:00;;;;;;;;;;;;;;;;;;;;;;;;337;;;;71;792;93;;;;;
UEB;12.05.2012 00:00;;;;;;;;;;;;;;;;;;;;;;;;38;;;;37;0;0;;;;;
UEB;13.05.2012 00:00;;;;;;;;;;;;;;;;;;;;;;;;257;;;;121;452;53;;;;;
UEB;14.05.2012 00:00;;;;;;;;;;;;;;;;;;;;;;;;380;;;;59;843;98;;;;;
UEB;15.05.2012 00:00;;;;;;;;;;;;;;;;;;;;;;;;294;;;;119;550;64;;;;;
UEB;16.05.2012 00:00;;;;;;;;;;;;;;;;;;;;;;;;172;;;;100;188;22;;;;;
UEB;17.05.2012 00:00;;;;;;;;;;;;;;;;;;;;;;;;364;;;;74;775;89;;;;;
UEB;18.05.2012 00:00;;;;;;;;;;;;;;;;;;;;;;;;123;;;;102;39;4;;;;;
UEB;19.05.2012 00:00;;;;;;;;;;;;;;;;;;;;;;;;232;;;;138;415;48;;;;;
UEB;20.05.2012 00:00;;;;;;;;;;;;;;;;;;;;;;;;222;;;;107;343;39;;;;;
UEB;21.05.2012 00:00;;;;;;;;;;;;;;;;;;;;;;;;200;;;;117;182;21;;;;;
UEB;22.05.2012 00:00;;;;;;;;;;;;;;;;;;;;;;;;270;;;;130;388;44;;;;;
UEB;23.05.2012 00:00;;;;;;;;;;;;;;;;;;;;;;;;138;;;;126;30;3;;;;;
UEB;24.05.2012 00:00;;;;;;;;;;;;;;;;;;;;;;;;269;;;;156;362;41;;;;;
UEB;25.05.2012 00:00;;;;;;;;;;;;;;;;;;;;;;;;362;;;;71;861;98;;;;;
UEB;26.05.2012 00:00;;;;;;;;;;;;;;;;;;;;;;;;376;;;;55;874;99;;;;;
UEB;27.05.2012 00:00;;;;;;;;;;;;;;;;;;;;;;;;280;;;;159;289;33;;;;;
UEB;28.05.2012 00:00;;;;;;;;;;;;;;;;;;;;;;;;330;;;;102;664;75;;;;;
UEB;29.05.2012 00:00;;;;;;;;;;;;;;;;;;;;;;;;306;;;;105;576;65;;;;;
UEB;30.05.2012 00:00;;;;;;;;;;;;;;;;;;;;;;;;344;;;;76;750;84;;;;;
UEB;31.05.2012 00:00;;;;;;;;;;;;;;;;;;;;;;;;277;;;;144;346;39;;;;;
UEB;01.06.2012 00:00;;;;;;;;;;;;;;;;;;;;;;;;115;;;;107;7;1;;;;;
UEB;02.06.2012 00:00;;;;;;;;;;;;;;;;;;;;;;;;361;;;;78;786;88;;;;;
UEB;03.06.2012 00:00;;;;;;;;;;;;;;;;;;;;;;;;73;;;;67;5;1;;;;;
UEB;04.06.2012 00:00;;;;;;;;;;;;;;;;;;;;;;;;130;;;;100;68;8;;;;;
UEB;05.06.2012 00:00;;;;;;;;;;;;;;;;;;;;;;;;218;;;;130;311;35;;;;;
UEB;06.06.2012 00:00;;;;;;;;;;;;;;;;;;;;;;;;96;;;;91;2;0;;;;;
UEB;07.06.2012 00:00;;;;;;;;;;;;;;;;;;;;;;;;255;;;;129;297;33;;;;;
UEB;08.06.2012 00:00;;;;;;;;;;;;;;;;;;;;;;;;93;;;;83;16;2;;;;;
UEB;09.06.2012 00:00;;;;;;;;;;;;;;;;;;;;;;;;168;;;;109;144;16;;;;;
UEB;10.06.2012 00:00;;;;;;;;;;;;;;;;;;;;;;;;213;;;;128;160;18;;;;;
UEB;11.06.2012 00:00;;;;;;;;;;;;;;;;;;;;;;;;223;;;;132;282;31;;;;;
UEB;12.06.2012 00:00;;;;;;;;;;;;;;;;;;;;;;;;44;;;;43;0;0;;;;;
UEB;13.06.2012 00:00;;;;;;;;;;;;;;;;;;;;;;;;174;;;;122;101;11;;;;;
UEB;14.06.2012 00:00;;;;;;;;;;;;;;;;;;;;;;;;336;;;;101;759;84;;;;;
UEB;15.06.2012 00:00;;;;;;;;;;;;;;;;;;;;;;;;356;;;;92;816;90;;;;;
UEB;16.06.2012 00:00;;;;;;;;;;;;;;;;;;;;;;;;376;;;;52;890;98;;;;;
UEB;17.06.2012 00:00;;;;;;;;;;;;;;;;;;;;;;;;333;;;;103;667;73;;;;;
UEB;18.06.2012 00:00;;;;;;;;;;;;;;;;;;;;;;;;318;;;;82;584;64;;;;;
UEB;19.06.2012 00:00;;;;;;;;;;;;;;;;;;;;;;;;267;;;;143;392;43;;;;;
UEB;20.06.2012 00:00;;;;;;;;;;;;;;;;;;;;;;;;149;;;;108;124;14;;;;;
UEB;21.06.2012 00:00;;;;;;;;;;;;;;;;;;;;;;;;343;;;;104;631;69;;;;;
UEB;22.06.2012 00:00;;;;;;;;;;;;;;;;;;;;;;;;312;;;;116;518;57;;;;;
UEB;23.06.2012 00:00;;;;;;;;;;;;;;;;;;;;;;;;372;;;;82;767;84;;;;;
UEB;24.06.2012 00:00;;;;;;;;;;;;;;;;;;;;;;;;275;;;;135;472;52;;;;;
UEB;25.06.2012 00:00;;;;;;;;;;;;;;;;;;;;;;;;162;;;;103;178;20;;;;;
UEB;26.06.2012 00:00;;;;;;;;;;;;;;;;;;;;;;;;166;;;;150;25;3;;;;;
UEB;27.06.2012 00:00;;;;;;;;;;;;;;;;;;;;;;;;329;;;;103;551;61;;;;;
UEB;28.06.2012 00:00;;;;;;;;;;;;;;;;;;;;;;;;287;;;;102;561;62;;;;;
UEB;29.06.2012 00:00;;;;;;;;;;;;;;;;;;;;;;;;326;;;;116;614;68;;;;;
UEB;30.06.2012 00:00;;;;;;;;;;;;;;;;;;;;;;;;328;;;;99;696;77;;;;;
UEB;01.07.2012 00:00;;;;;;;;;;;;;;;;;;;;;;;;49;;;;43;21;2;;;;;
UEB;02.07.2012 00:00;;;;;;;;;;;;;;;;;;;;;;;;102;;;;91;17;2;;;;;
UEB;03.07.2012 00:00;;;;;;;;;;;;;;;;;;;;;;;;135;;;;126;18;2;;;;;
UEB;04.07.2012 00:00;;;;;;;;;;;;;;;;;;;;;;;;220;;;;155;235;26;;;;;
UEB;05.07.2012 00:00;;;;;;;;;;;;;;;;;;;;;;;;271;;;;110;516;57;;;;;
UEB;06.07.2012 00:00;;;;;;;;;;;;;;;;;;;;;;;;53;;;;51;0;0;;;;;
UEB;07.07.2012 00:00;;;;;;;;;;;;;;;;;;;;;;;;290;;;;103;512;57;;;;;
UEB;08.07.2012 00:00;;;;;;;;;;;;;;;;;;;;;;;;228;;;;120;278;31;;;;;
UEB;09.07.2012 00:00;;;;;;;;;;;;;;;;;;;;;;;;262;;;;129;428;48;;;;;
UEB;10.07.2012 00:00;;;;;;;;;;;;;;;;;;;;;;;;190;;;;83;284;32;;;;;
UEB;11.07.2012 00:00;;;;;;;;;;;;;;;;;;;;;;;;153;;;;114;109;12;;;;;
UEB;12.07.2012 00:00;;;;;;;;;;;;;;;;;;;;;;;;140;;;;110;65;7;;;;;
UEB;13.07.2012 00:00;;;;;;;;;;;;;;;;;;;;;;;;209;;;;128;180;20;;;;;
UEB;14.07.2012 00:00;;;;;;;;;;;;;;;;;;;;;;;;273;;;;100;389;44;;;;;
UEB;15.07.2012 00:00;;;;;;;;;;;;;;;;;;;;;;;;177;;;;94;175;20;;;;;
UEB;16.07.2012 00:00;;;;;;;;;;;;;;;;;;;;;;;;308;;;;93;577;65;;;;;
UEB;17.07.2012 00:00;;;;;;;;;;;;;;;;;;;;;;;;351;;;;76;840;95;;;;;
UEB;18.07.2012 00:00;;;;;;;;;;;;;;;;;;;;;;;;340;;;;102;726;83;;;;;
UEB;19.07.2012 00:00;;;;;;;;;;;;;;;;;;;;;;;;248;;;;131;314;36;;;;;
UEB;20.07.2012 00:00;;;;;;;;;;;;;;;;;;;;;;;;97;;;;86;15;2;;;;;
UEB;21.07.2012 00:00;;;;;;;;;;;;;;;;;;;;;;;;115;;;;97;75;9;;;;;
UEB;22.07.2012 00:00;;;;;;;;;;;;;;;;;;;;;;;;241;;;;106;391;45;;;;;
UEB;23.07.2012 00:00;;;;;;;;;;;;;;;;;;;;;;;;358;;;;48;854;98;;;;;
UEB;24.07.2012 00:00;;;;;;;;;;;;;;;;;;;;;;;;341;;;;65;825;95;;;;;
UEB;25.07.2012 00:00;;;;;;;;;;;;;;;;;;;;;;;;280;;;;87;570;66;;;;;
UEB;26.07.2012 00:00;;;;;;;;;;;;;;;;;;;;;;;;344;;;;59;841;97;;;;;
UEB;27.07.2012 00:00;;;;;;;;;;;;;;;;;;;;;;;;335;;;;77;739;86;;;;;
UEB;28.07.2012 00:00;;;;;;;;;;;;;;;;;;;;;;;;152;;;;123;74;9;;;;;
UEB;29.07.2012 00:00;;;;;;;;;;;;;;;;;;;;;;;;81;;;;79;1;0;;;;;
UEB;30.07.2012 00:00;;;;;;;;;;;;;;;;;;;;;;;;303;;;;119;555;65;;;;;
UEB;31.07.2012 00:00;;;;;;;;;;;;;;;;;;;;;;;;312;;;;73;694;82;;;;;
UEB;01.08.2012 00:00;;;;;;;;;;;;;;;;;;;;;;;;335;;;;50;750;89;;;;;
UEB;02.08.2012 00:00;;;;;;;;;;;;;;;;;;;;;;;;278;;;;137;506;60;;;;;
UEB;03.08.2012 00:00;;;;;;;;;;;;;;;;;;;;;;;;207;;;;130;179;21;;;;;
UEB;04.08.2012 00:00;;;;;;;;;;;;;;;;;;;;;;;;317;;;;107;585;69;;;;;
UEB;05.08.2012 00:00;;;;;;;;;;;;;;;;;;;;;;;;233;;;;111;419;50;;;;;
UEB;06.08.2012 00:00;;;;;;;;;;;;;;;;;;;;;;;;78;;;;67;38;5;;;;;
UEB;07.08.2012 00:00;;;;;;;;;;;;;;;;;;;;;;;;314;;;;84;659;79;;;;;
UEB;08.08.2012 00:00;;;;;;;;;;;;;;;;;;;;;;;;317;;;;57;787;95;;;;;
UEB;09.08.2012 00:00;;;;;;;;;;;;;;;;;;;;;;;;306;;;;83;778;94;;;;;
UEB;10.08.2012 00:00;;;;;;;;;;;;;;;;;;;;;;;;311;;;;73;749;91;;;;;
UEB;11.08.2012 00:00;;;;;;;;;;;;;;;;;;;;;;;;315;;;;62;790;96;;;;;
UEB;12.08.2012 00:00;;;;;;;;;;;;;;;;;;;;;;;;291;;;;103;664;81;;;;;
UEB;13.08.2012 00:00;;;;;;;;;;;;;;;;;;;;;;;;252;;;;124;413;51;;;;;
UEB;14.08.2012 00:00;;;;;;;;;;;;;;;;;;;;;;;;275;;;;109;515;64;;;;;
UEB;15.08.2012 00:00;;;;;;;;;;;;;;;;;;;;;;;;297;;;;65;723;89;;;;;
UEB;16.08.2012 00:00;;;;;;;;;;;;;;;;;;;;;;;;181;;;;144;75;9;;;;;
UEB;17.08.2012 00:00;;;;;;;;;;;;;;;;;;;;;;;;313;;;;44;805;100;;;;;
UEB;18.08.2012 00:00;;;;;;;;;;;;;;;;;;;;;;;;308;;;;36;805;100;;;;;
UEB;19.08.2012 00:00;;;;;;;;;;;;;;;;;;;;;;;;305;;;;57;779;98;;;;;
UEB;20.08.2012 00:00;;;;;;;;;;;;;;;;;;;;;;;;280;;;;69;640;80;;;;;
UEB;21.08.2012 00:00;;;;;;;;;;;;;;;;;;;;;;;;268;;;;105;491;62;;;;;
UEB;22.08.2012 00:00;;;;;;;;;;;;;;;;;;;;;;;;247;;;;113;497;63;;;;;
UEB;23.08.2012 00:00;;;;;;;;;;;;;;;;;;;;;;;;230;;;;122;453;57;;;;;
UEB;24.08.2012 00:00;;;;;;;;;;;;;;;;;;;;;;;;87;;;;67;44;6;;;;;
UEB;25.08.2012 00:00;;;;;;;;;;;;;;;;;;;;;;;;178;;;;98;217;28;;;;;
UEB;26.08.2012 00:00;;;;;;;;;;;;;;;;;;;;;;;;194;;;;96;269;34;;;;;
UEB;27.08.2012 00:00;;;;;;;;;;;;;;;;;;;;;;;;290;;;;51;755;97;;;;;
UEB;28.08.2012 00:00;;;;;;;;;;;;;;;;;;;;;;;;210;;;;79;436;57;;;;;
UEB;29.08.2012 00:00;;;;;;;;;;;;;;;;;;;;;;;;246;;;;71;558;73;;;;;
UEB;30.08.2012 00:00;;;;;;;;;;;;;;;;;;;;;;;;63;;;;58;7;1;;;;;
UEB;31.08.2012 00:00;;;;;;;;;;;;;;;;;;;;;;;;41;;;;39;0;0;;;;;
UEB;01.09.2012 00:00;;;;;;;;;;;;;;;;;;;;;;;;31;;;;30;0;0;;;;;
UEB;02.09.2012 00:00;;;;;;;;;;;;;;;;;;;;;;;;107;;;;98;33;4;;;;;
UEB;03.09.2012 00:00;;;;;;;;;;;;;;;;;;;;;;;;56;;;;54;0;0;;;;;
UEB;04.09.2012 00:00;;;;;;;;;;;;;;;;;;;;;;;;130;;;;102;76;10;;;;;
UEB;05.09.2012 00:00;;;;;;;;;;;;;;;;;;;;;;;;98;;;;88;21;3;;;;;
UEB;06.09.2012 00:00;;;;;;;;;;;;;;;;;;;;;;;;107;;;;90;104;14;;;;;
UEB;07.09.2012 00:00;;;;;;;;;;;;;;;;;;;;;;;;248;;;;88;586;79;;;;;
UEB;08.09.2012 00:00;;;;;;;;;;;;;;;;;;;;;;;;270;;;;39;733;99;;;;;
UEB;09.09.2012 00:00;;;;;;;;;;;;;;;;;;;;;;;;255;;;;44;714;97;;;;;
UEB;10.09.2012 00:00;;;;;;;;;;;;;;;;;;;;;;;;242;;;;60;655;89;;;;;
UEB;11.09.2012 00:00;;;;;;;;;;;;;;;;;;;;;;;;174;;;;91;253;35;;;;;
UEB;12.09.2012 00:00;;;;;;;;;;;;;;;;;;;;;;;;46;;;;44;0;0;;;;;
UEB;13.09.2012 00:00;;;;;;;;;;;;;;;;;;;;;;;;126;;;;115;40;6;;;;;
UEB;14.09.2012 00:00;;;;;;;;;;;;;;;;;;;;;;;;216;;;;75;453;63;;;;;
UEB;15.09.2012 00:00;;;;;;;;;;;;;;;;;;;;;;;;145;;;;71;272;38;;;;;
UEB;16.09.2012 00:00;;;;;;;;;;;;;;;;;;;;;;;;244;;;;39;709;99;;;;;
UEB;17.09.2012 00:00;;;;;;;;;;;;;;;;;;;;;;;;207;;;;84;510;71;;;;;
UEB;18.09.2012 00:00;;;;;;;;;;;;;;;;;;;;;;;;181;;;;69;443;62;;;;;
UEB;19.09.2012 00:00;;;;;;;;;;;;;;;;;;;;;;;;76;;;;52;130;18;;;;;
UEB;20.09.2012 00:00;;;;;;;;;;;;;;;;;;;;;;;;238;;;;49;645;92;;;;;
UEB;21.09.2012 00:00;;;;;;;;;;;;;;;;;;;;;;;;229;;;;39;630;91;;;;;
UEB;22.09.2012 00:00;;;;;;;;;;;;;;;;;;;;;;;;23;;;;22;0;0;;;;;
UEB;23.09.2012 00:00;;;;;;;;;;;;;;;;;;;;;;;;193;;;;85;458;66;;;;;
UEB;24.09.2012 00:00;;;;;;;;;;;;;;;;;;;;;;;;83;;;;70;31;5;;;;;
UEB;25.09.2012 00:00;;;;;;;;;;;;;;;;;;;;;;;;185;;;;88;424;62;;;;;
UEB;26.09.2012 00:00;;;;;;;;;;;;;;;;;;;;;;;;168;;;;87;358;52;;;;;
UEB;27.09.2012 00:00;;;;;;;;;;;;;;;;;;;;;;;;169;;;;71;404;60;;;;;
UEB;28.09.2012 00:00;;;;;;;;;;;;;;;;;;;;;;;;188;;;;47;567;84;;;;;
UEB;29.09.2012 00:00;;;;;;;;;;;;;;;;;;;;;;;;26;;;;25;0;0;;;;;
UEB;30.09.2012 00:00;;;;;;;;;;;;;;;;;;;;;;;;41;;;;41;0;0;;;;;
UEB;01.10.2012 00:00;;;;;;;;;;;;;;;;;;;;;;;;71;;;;64;20;3;;;;;
UEB;02.10.2012 00:00;;;;;;;;;;;;;;;;;;;;;;;;188;;;;62;545;82;;;;;
UEB;03.10.2012 00:00;;;;;;;;;;;;;;;;;;;;;;;;135;;;;86;204;31;;;;;
UEB;04.10.2012 00:00;;;;;;;;;;;;;;;;;;;;;;;;48;;;;44;12;2;;;;;
UEB;05.10.2012 00:00;;;;;;;;;;;;;;;;;;;;;;;;172;;;;74;516;79;;;;;
UEB;06.10.2012 00:00;;;;;;;;;;;;;;;;;;;;;;;;162;;;;65;420;65;;;;;
UEB;07.10.2012 00:00;;;;;;;;;;;;;;;;;;;;;;;;33;;;;31;0;0;;;;;
UEB;08.10.2012 00:00;;;;;;;;;;;;;;;;;;;;;;;;80;;;;68;77;12;;;;;
UEB;09.10.2012 00:00;;;;;;;;;;;;;;;;;;;;;;;;38;;;;35;13;2;;;;;
UEB;10.10.2012 00:00;;;;;;;;;;;;;;;;;;;;;;;;29;;;;28;1;0;;;;;
UEB;11.10.2012 00:00;;;;;;;;;;;;;;;;;;;;;;;;113;;;;93;155;24;;;;;
UEB;12.10.2012 00:00;;;;;;;;;;;;;;;;;;;;;;;;28;;;;26;6;1;;;;;
UEB;13.10.2012 00:00;;;;;;;;;;;;;;;;;;;;;;;;141;;;;82;315;50;;;;;
UEB;14.10.2012 00:00;;;;;;;;;;;;;;;;;;;;;;;;76;;;;64;51;8;;;;;
UEB;15.10.2012 00:00;;;;;;;;;;;;;;;;;;;;;;;;39;;;;37;0;0;;;;;
UEB;16.10.2012 00:00;;;;;;;;;;;;;;;;;;;;;;;;153;;;;45;430;70;;;;;
UEB;17.10.2012 00:00;;;;;;;;;;;;;;;;;;;;;;;;133;;;;75;351;57;;;;;
UEB;18.10.2012 00:00;;;;;;;;;;;;;;;;;;;;;;;;151;;;;63;381;62;;;;;
UEB;19.10.2012 00:00;;;;;;;;;;;;;;;;;;;;;;;;167;;;;31;593;97;;;;;
UEB;20.10.2012 00:00;;;;;;;;;;;;;;;;;;;;;;;;157;;;;39;575;95;;;;;
UEB;21.10.2012 00:00;;;;;;;;;;;;;;;;;;;;;;;;150;;;;41;575;95;;;;;
UEB;22.10.2012 00:00;;;;;;;;;;;;;;;;;;;;;;;;149;;;;48;526;87;;;;;
UEB;23.10.2012 00:00;;;;;;;;;;;;;;;;;;;;;;;;80;;;;79;0;0;;;;;
UEB;24.10.2012 00:00;;;;;;;;;;;;;;;;;;;;;;;;56;;;;55;0;0;;;;;
UEB;25.10.2012 00:00;;;;;;;;;;;;;;;;;;;;;;;;79;;;;75;42;7;;;;;
UEB;26.10.2012 00:00;;;;;;;;;;;;;;;;;;;;;;;;36;;;;35;0;0;;;;;
UEB;27.10.2012 00:00;;;;;;;;;;;;;;;;;;;;;;;;29;;;;28;0;0;;;;;
UEB;28.10.2012 00:00;;;;;;;;;;;;;;;;;;;;;;;;22;;;;21;0;0;;;;;
UEB;29.10.2012 00:00;;;;;;;;;;;;;;;;;;;;;;;;119;;;;73;241;42;;;;;
UEB;30.10.2012 00:00;;;;;;;;;;;;;;;;;;;;;;;;137;;;;32;478;83;;;;;
UEB;31.10.2012 00:00;;;;;;;;;;;;;;;;;;;;;;;;121;;;;52;363;63;;;;;
UEB;01.11.2012 00:00;;;;;;;;;;;;;;;;;;;;;;;;114;;;;48;324;57;;;;;
UEB;02.11.2012 00:00;;;;;;;;;;;;;;;;;;;;;;;;104;;;;31;269;47;;;;;
UEB;03.11.2012 00:00;;;;;;;;;;;;;;;;;;;;;;;;97;;;;53;323;57;;;;;
UEB;04.11.2012 00:00;;;;;;;;;;;;;;;;;;;;;;;;101;;;;49;230;41;;;;;
UEB;05.11.2012 00:00;;;;;;;;;;;;;;;;;;;;;;;;62;;;;36;124;22;;;;;
UEB;06.11.2012 00:00;;;;;;;;;;;;;;;;;;;;;;;;49;;;;37;66;12;;;;;
UEB;07.11.2012 00:00;;;;;;;;;;;;;;;;;;;;;;;;49;;;;45;38;7;;;;;
UEB;08.11.2012 00:00;;;;;;;;;;;;;;;;;;;;;;;;77;;;;53;150;27;;;;;
UEB;09.11.2012 00:00;;;;;;;;;;;;;;;;;;;;;;;;108;;;;43;420;77;;;;;
UEB;10.11.2012 00:00;;;;;;;;;;;;;;;;;;;;;;;;36;;;;35;0;0;;;;;
UEB;11.11.2012 00:00;;;;;;;;;;;;;;;;;;;;;;;;17;;;;16;0;0;;;;;
UEB;12.11.2012 00:00;;;;;;;;;;;;;;;;;;;;;;;;32;;;;31;0;0;;;;;
UEB;13.11.2012 00:00;;;;;;;;;;;;;;;;;;;;;;;;32;;;;32;0;0;;;;;
UEB;14.11.2012 00:00;;;;;;;;;;;;;;;;;;;;;;;;76;;;;40;199;37;;;;;
UEB;15.11.2012 00:00;;;;;;;;;;;;;;;;;;;;;;;;120;;;;29;531;100;;;;;
UEB;16.11.2012 00:00;;;;;;;;;;;;;;;;;;;;;;;;118;;;;28;520;99;;;;;
UEB;17.11.2012 00:00;;;;;;;;;;;;;;;;;;;;;;;;108;;;;36;451;86;;;;;
UEB;18.11.2012 00:00;;;;;;;;;;;;;;;;;;;;;;;;93;;;;55;314;60;;;;;
UEB;19.11.2012 00:00;;;;;;;;;;;;;;;;;;;;;;;;110;;;;27;512;98;;;;;
UEB;20.11.2012 00:00;;;;;;;;;;;;;;;;;;;;;;;;111;;;;27;522;100;;;;;
UEB;21.11.2012 00:00;;;;;;;;;;;;;;;;;;;;;;;;97;;;;30;370;72;;;;;
UEB;22.11.2012 00:00;;;;;;;;;;;;;;;;;;;;;;;;42;;;;40;7;1;;;;;
UEB;23.11.2012 00:00;;;;;;;;;;;;;;;;;;;;;;;;72;;;;51;85;17;;;;;
UEB;24.11.2012 00:00;;;;;;;;;;;;;;;;;;;;;;;;68;;;;43;155;30;;;;;
UEB;25.11.2012 00:00;;;;;;;;;;;;;;;;;;;;;;;;46;;;;31;101;20;;;;;
UEB;26.11.2012 00:00;;;;;;;;;;;;;;;;;;;;;;;;24;;;;23;0;0;;;;;
UEB;27.11.2012 00:00;;;;;;;;;;;;;;;;;;;;;;;;25;;;;24;0;0;;;;;
UEB;28.11.2012 00:00;;;;;;;;;;;;;;;;;;;;;;;;10;;;;9;0;0;;;;;
UEB;29.11.2012 00:00;;;;;;;;;;;;;;;;;;;;;;;;19;;;;18;0;0;;;;;
UEB;30.11.2012 00:00;;;;;;;;;;;;;;;;;;;;;;;;58;;;;45;67;13;;;;;
UEB;01.12.2012 00:00;;;;;;;;;;;;;;;;;;;;;;;;11;;;;9;0;0;;;;;
UEB;02.12.2012 00:00;;;;;;;;;;;;;;;;;;;;;;;;15;;;;12;0;0;;;;;
UEB;03.12.2012 00:00;;;;;;;;;;;;;;;;;;;;;;;;45;;;;31;116;23;;;;;
UEB;04.12.2012 00:00;;;;;;;;;;;;;;;;;;;;;;;;21;;;;18;6;1;;;;;
UEB;05.12.2012 00:00;;;;;;;;;;;;;;;;;;;;;;;;23;;;;21;0;0;;;;;
UEB;06.12.2012 00:00;;;;;;;;;;;;;;;;;;;;;;;;30;;;;24;20;4;;;;;
UEB;07.12.2012 00:00;;;;;;;;;;;;;;;;;;;;;;;;16;;;;15;0;0;;;;;
UEB;08.12.2012 00:00;;;;;;;;;;;;;;;;;;;;;;;;18;;;;16;0;0;;;;;
UEB;09.12.2012 00:00;;;;;;;;;;;;;;;;;;;;;;;;31;;;;29;1;0;;;;;
UEB;10.12.2012 00:00;;;;;;;;;;;;;;;;;;;;;;;;18;;;;16;0;0;;;;;
UEB;11.12.2012 00:00;;;;;;;;;;;;;;;;;;;;;;;;35;;;;24;64;13;;;;;
UEB;12.12.2012 00:00;;;;;;;;;;;;;;;;;;;;;;;;105;;;;37;392;81;;;;;
UEB;13.12.2012 00:00;;;;;;;;;;;;;;;;;;;;;;;;41;;;;32;59;12;;;;;
UEB;14.12.2012 00:00;;;;;;;;;;;;;;;;;;;;;;;;61;;;;42;120;25;;;;;
UEB;15.12.2012 00:00;;;;;;;;;;;;;;;;;;;;;;;;33;;;;25;46;10;;;;;
UEB;16.12.2012 00:00;;;;;;;;;;;;;;;;;;;;;;;;20;;;;18;0;0;;;;;
UEB;17.12.2012 00:00;;;;;;;;;;;;;;;;;;;;;;;;20;;;;19;1;0;;;;;
UEB;18.12.2012 00:00;;;;;;;;;;;;;;;;;;;;;;;;21;;;;19;1;0;;;;;
UEB;19.12.2012 00:00;;;;;;;;;;;;;;;;;;;;;;;;75;;;;34;275;58;;;;;
UEB;20.12.2012 00:00;;;;;;;;;;;;;;;;;;;;;;;;16;;;;15;0;0;;;;;
UEB;21.12.2012 00:00;;;;;;;;;;;;;;;;;;;;;;;;55;;;;33;122;26;;;;;
UEB;22.12.2012 00:00;;;;;;;;;;;;;;;;;;;;;;;;39;;;;34;1;0;;;;;
UEB;23.12.2012 00:00;;;;;;;;;;;;;;;;;;;;;;;;25;;;;24;0;0;;;;;
UEB;24.12.2012 00:00;;;;;;;;;;;;;;;;;;;;;;;;71;;;;32;287;60;;;;;
UEB;25.12.2012 00:00;;;;;;;;;;;;;;;;;;;;;;;;61;;;;40;182;38;;;;;
UEB;26.12.2012 00:00;;;;;;;;;;;;;;;;;;;;;;;;35;;;;24;58;12;;;;;
UEB;27.12.2012 00:00;;;;;;;;;;;;;;;;;;;;;;;;12;;;;10;0;0;;;;;
UEB;28.12.2012 00:00;;;;;;;;;;;;;;;;;;;;;;;;30;;;;28;3;1;;;;;
UEB;29.12.2012 00:00;;;;;;;;;;;;;;;;;;;;;;;;83;;;;24;431;89;;;;;
UEB;30.12.2012 00:00;;;;;;;;;;;;;;;;;;;;;;;;58;;;;33;209;43;;;;;
UEB;31.12.2012 00:00;;;;;;;;;;;;;;;;;;;;;;;;78;;;;37;288;59;;;;;
UEB;01.01.2013 00:00;;;;;;;;;;;;;;;;;;;;;;;;15;;;;14;0;0;;;;;
UEB;02.01.2013 00:00;;;;;;;;;;;;;;;;;;;;;;;;56;;;;33;206;42;;;;;
UEB;03.01.2013 00:00;;;;;;;;;;;;;;;;;;;;;;;;38;;;;24;112;23;;;;;
UEB;04.01.2013 00:00;;;;;;;;;;;;;;;;;;;;;;;;24;;;;23;0;0;;;;;
UEB;05.01.2013 00:00;;;;;;;;;;;;;;;;;;;;;;;;32;;;;31;0;0;;;;;
UEB;06.01.2013 00:00;;;;;;;;;;;;;;;;;;;;;;;;42;;;;39;8;2;;;;;
UEB;07.01.2013 00:00;;;;;;;;;;;;;;;;;;;;;;;;81;;;;52;182;37;;;;;
UEB;08.01.2013 00:00;;;;;;;;;;;;;;;;;;;;;;;;96;;;;28;469;95;;;;;
UEB;09.01.2013 00:00;;;;;;;;;;;;;;;;;;;;;;;;72;;;;52;92;19;;;;;
UEB;10.01.2013 00:00;;;;;;;;;;;;;;;;;;;;;;;;22;;;;21;0;0;;;;;
UEB;11.01.2013 00:00;;;;;;;;;;;;;;;;;;;;;;;;19;;;;18;0;0;;;;;
UEB;12.01.2013 00:00;;;;;;;;;;;;;;;;;;;;;;;;74;;;;42;267;54;;;;;
UEB;13.01.2013 00:00;;;;;;;;;;;;;;;;;;;;;;;;45;;;;44;0;0;;;;;
UEB;14.01.2013 00:00;;;;;;;;;;;;;;;;;;;;;;;;17;;;;15;0;0;;;;;
UEB;15.01.2013 00:00;;;;;;;;;;;;;;;;;;;;;;;;37;;;;34;0;0;;;;;
UEB;16.01.2013 00:00;;;;;;;;;;;;;;;;;;;;;;;;42;;;;38;6;1;;;;;
UEB;17.01.2013 00:00;;;;;;;;;;;;;;;;;;;;;;;;39;;;;38;0;0;;;;;
UEB;18.01.2013 00:00;;;;;;;;;;;;;;;;;;;;;;;;95;;;;64;150;29;;;;;
UEB;19.01.2013 00:00;;;;;;;;;;;;;;;;;;;;;;;;29;;;;28;0;0;;;;;
UEB;20.01.2013 00:00;;;;;;;;;;;;;;;;;;;;;;;;81;;;;53;175;34;;;;;
UEB;21.01.2013 00:00;;;;;;;;;;;;;;;;;;;;;;;;51;;;;42;33;6;;;;;
UEB;22.01.2013 00:00;;;;;;;;;;;;;;;;;;;;;;;;54;;;;41;117;23;;;;;
UEB;23.01.2013 00:00;;;;;;;;;;;;;;;;;;;;;;;;114;;;;28;513;98;;;;;
UEB;24.01.2013 00:00;;;;;;;;;;;;;;;;;;;;;;;;11;;;;10;0;0;;;;;
UEB;25.01.2013 00:00;;;;;;;;;;;;;;;;;;;;;;;;40;;;;36;0;0;;;;;
UEB;26.01.2013 00:00;;;;;;;;;;;;;;;;;;;;;;;;106;;;;54;279;53;;;;;
UEB;27.01.2013 00:00;;;;;;;;;;;;;;;;;;;;;;;;65;;;;57;23;4;;;;;
UEB;28.01.2013 00:00;;;;;;;;;;;;;;;;;;;;;;;;76;;;;48;191;36;;;;;
UEB;29.01.2013 00:00;;;;;;;;;;;;;;;;;;;;;;;;26;;;;24;0;0;;;;;
UEB;30.01.2013 00:00;;;;;;;;;;;;;;;;;;;;;;;;39;;;;36;4;1;;;;;
UEB;31.01.2013 00:00;;;;;;;;;;;;;;;;;;;;;;;;111;;;;53;314;58;;;;;
UEB;01.02.2013 00:00;;;;;;;;;;;;;;;;;;;;;;;;17;;;;16;0;0;;;;;
UEB;02.02.2013 00:00;;;;;;;;;;;;;;;;;;;;;;;;34;;;;31;12;2;;;;;
UEB;03.02.2013 00:00;;;;;;;;;;;;;;;;;;;;;;;;46;;;;40;21;4;;;;;
UEB;04.02.2013 00:00;;;;;;;;;;;;;;;;;;;;;;;;22;;;;21;0;0;;;;;
UEB;05.02.2013 00:00;;;;;;;;;;;;;;;;;;;;;;;;46;;;;34;40;7;;;;;
UEB;06.02.2013 00:00;;;;;;;;;;;;;;;;;;;;;;;;42;;;;40;18;3;;;;;
UEB;07.02.2013 00:00;;;;;;;;;;;;;;;;;;;;;;;;37;;;;31;22;4;;;;;
UEB;08.02.2013 00:00;;;;;;;;;;;;;;;;;;;;;;;;37;;;;27;39;7;;;;;
UEB;09.02.2013 00:00;;;;;;;;;;;;;;;;;;;;;;;;87;;;;53;108;19;;;;;
UEB;10.02.2013 00:00;;;;;;;;;;;;;;;;;;;;;;;;159;;;;49;419;73;;;;;
UEB;11.02.2013 00:00;;;;;;;;;;;;;;;;;;;;;;;;67;;;;63;0;0;;;;;
UEB;12.02.2013 00:00;;;;;;;;;;;;;;;;;;;;;;;;39;;;;37;0;0;;;;;
UEB;13.02.2013 00:00;;;;;;;;;;;;;;;;;;;;;;;;48;;;;43;0;0;;;;;
UEB;14.02.2013 00:00;;;;;;;;;;;;;;;;;;;;;;;;135;;;;61;373;64;;;;;
UEB;15.02.2013 00:00;;;;;;;;;;;;;;;;;;;;;;;;46;;;;42;5;1;;;;;
UEB;16.02.2013 00:00;;;;;;;;;;;;;;;;;;;;;;;;65;;;;55;47;8;;;;;
UEB;17.02.2013 00:00;;;;;;;;;;;;;;;;;;;;;;;;63;;;;54;19;3;;;;;
UEB;18.02.2013 00:00;;;;;;;;;;;;;;;;;;;;;;;;146;;;;59;375;63;;;;;
UEB;19.02.2013 00:00;;;;;;;;;;;;;;;;;;;;;;;;135;;;;57;328;55;;;;;
UEB;20.02.2013 00:00;;;;;;;;;;;;;;;;;;;;;;;;29;;;;28;0;0;;;;;
UEB;21.02.2013 00:00;;;;;;;;;;;;;;;;;;;;;;;;28;;;;26;0;0;;;;;
UEB;22.02.2013 00:00;;;;;;;;;;;;;;;;;;;;;;;;18;;;;16;0;0;;;;;
UEB;23.02.2013 00:00;;;;;;;;;;;;;;;;;;;;;;;;27;;;;23;0;0;;;;;
UEB;24.02.2013 00:00;;;;;;;;;;;;;;;;;;;;;;;;55;;;;47;22;4;;;;;
UEB;25.02.2013 00:00;;;;;;;;;;;;;;;;;;;;;;;;116;;;;79;152;25;;;;;
UEB;26.02.2013 00:00;;;;;;;;;;;;;;;;;;;;;;;;66;;;;54;12;2;;;;;
UEB;27.02.2013 00:00;;;;;;;;;;;;;;;;;;;;;;;;34;;;;29;0;0;;;;;
UEB;28.02.2013 00:00;;;;;;;;;;;;;;;;;;;;;;;;47;;;;44;3;0;;;;;
UEB;01.03.2013 00:00;;;;;;;;;;;;;;;;;;;;;;;;50;;;;46;0;0;;;;;
UEB;02.03.2013 00:00;;;;;;;;;;;;;;;;;;;;;;;;16;;;;15;0;0;;;;;
UEB;03.03.2013 00:00;;;;;;;;;;;;;;;;;;;;;;;;126;;;;52;294;46;;;;;
UEB;04.03.2013 00:00;;;;;;;;;;;;;;;;;;;;;;;;210;;;;36;642;100;;;;;
UEB;05.03.2013 00:00;;;;;;;;;;;;;;;;;;;;;;;;147;;;;91;271;42;;;;;
UEB;06.03.2013 00:00;;;;;;;;;;;;;;;;;;;;;;;;121;;;;67;251;39;;;;;
UEB;07.03.2013 00:00;;;;;;;;;;;;;;;;;;;;;;;;130;;;;100;133;21;;;;;
UEB;08.03.2013 00:00;;;;;;;;;;;;;;;;;;;;;;;;137;;;;83;261;40;;;;;
UEB;09.03.2013 00:00;;;;;;;;;;;;;;;;;;;;;;;;146;;;;96;184;28;;;;;
UEB;10.03.2013 00:00;;;;;;;;;;;;;;;;;;;;;;;;141;;;;97;121;18;;;;;
UEB;11.03.2013 00:00;;;;;;;;;;;;;;;;;;;;;;;;56;;;;45;61;9;;;;;
UEB;12.03.2013 00:00;;;;;;;;;;;;;;;;;;;;;;;;119;;;;101;48;7;;;;;
UEB;13.03.2013 00:00;;;;;;;;;;;;;;;;;;;;;;;;31;;;;30;0;0;;;;;
UEB;14.03.2013 00:00;;;;;;;;;;;;;;;;;;;;;;;;159;;;;97;279;41;;;;;
UEB;15.03.2013 00:00;;;;;;;;;;;;;;;;;;;;;;;;178;;;;96;316;47;;;;;
UEB;16.03.2013 00:00;;;;;;;;;;;;;;;;;;;;;;;;197;;;;74;425;62;;;;;
UEB;17.03.2013 00:00;;;;;;;;;;;;;;;;;;;;;;;;66;;;;64;0;0;;;;;
UEB;18.03.2013 00:00;;;;;;;;;;;;;;;;;;;;;;;;51;;;;49;0;0;;;;;
UEB;19.03.2013 00:00;;;;;;;;;;;;;;;;;;;;;;;;137;;;;75;210;30;;;;;
UEB;20.03.2013 00:00;;;;;;;;;;;;;;;;;;;;;;;;85;;;;69;69;10;;;;;
UEB;21.03.2013 00:00;;;;;;;;;;;;;;;;;;;;;;;;134;;;;88;158;23;;;;;
UEB;22.03.2013 00:00;;;;;;;;;;;;;;;;;;;;;;;;228;;;;50;532;76;;;;;
UEB;23.03.2013 00:00;;;;;;;;;;;;;;;;;;;;;;;;96;;;;86;33;5;;;;;
UEB;24.03.2013 00:00;;;;;;;;;;;;;;;;;;;;;;;;46;;;;42;0;0;;;;;
UEB;25.03.2013 00:00;;;;;;;;;;;;;;;;;;;;;;;;71;;;;64;0;0;;;;;
UEB;26.03.2013 00:00;;;;;;;;;;;;;;;;;;;;;;;;76;;;;71;0;0;;;;;
UEB;27.03.2013 00:00;;;;;;;;;;;;;;;;;;;;;;;;173;;;;119;165;23;;;;;
UEB;28.03.2013 00:00;;;;;;;;;;;;;;;;;;;;;;;;47;;;;45;5;1;;;;;
UEB;29.03.2013 00:00;;;;;;;;;;;;;;;;;;;;;;;;67;;;;64;4;1;;;;;
UEB;30.03.2013 00:00;;;;;;;;;;;;;;;;;;;;;;;;68;;;;67;0;0;;;;;
UEB;31.03.2013 00:00;;;;;;;;;;;;;;;;;;;;;;;;67;;;;64;0;0;;;;;
UEB;01.04.2013 00:00;;;;;;;;;;;;;;;;;;;;;;;;205;;;;80;397;54;;;;;
UEB;02.04.2013 00:00;;;;;;;;;;;;;;;;;;;;;;;;82;;;;80;0;0;;;;;
UEB;03.04.2013 00:00;;;;;;;;;;;;;;;;;;;;;;;;58;;;;56;0;0;;;;;
UEB;04.04.2013 00:00;;;;;;;;;;;;;;;;;;;;;;;;151;;;;129;23;3;;;;;
UEB;05.04.2013 00:00;;;;;;;;;;;;;;;;;;;;;;;;68;;;;67;0;0;;;;;
UEB;06.04.2013 00:00;;;;;;;;;;;;;;;;;;;;;;;;115;;;;110;0;0;;;;;
UEB;07.04.2013 00:00;;;;;;;;;;;;;;;;;;;;;;;;73;;;;70;4;1;;;;;
UEB;08.04.2013 00:00;;;;;;;;;;;;;;;;;;;;;;;;94;;;;90;0;0;;;;;
UEB;09.04.2013 00:00;;;;;;;;;;;;;;;;;;;;;;;;101;;;;75;148;20;;;;;
UEB;10.04.2013 00:00;;;;;;;;;;;;;;;;;;;;;;;;135;;;;97;112;15;;;;;
UEB;11.04.2013 00:00;;;;;;;;;;;;;;;;;;;;;;;;124;;;;97;64;8;;;;;
UEB;12.04.2013 00:00;;;;;;;;;;;;;;;;;;;;;;;;130;;;;80;108;14;;;;;
UEB;13.04.2013 00:00;;;;;;;;;;;;;;;;;;;;;;;;235;;;;101;385;50;;;;;
UEB;14.04.2013 00:00;;;;;;;;;;;;;;;;;;;;;;;;292;;;;43;722;93;;;;;
UEB;15.04.2013 00:00;;;;;;;;;;;;;;;;;;;;;;;;292;;;;60;730;94;;;;;
UEB;16.04.2013 00:00;;;;;;;;;;;;;;;;;;;;;;;;255;;;;107;416;53;;;;;
UEB;17.04.2013 00:00;;;;;;;;;;;;;;;;;;;;;;;;288;;;;72;693;88;;;;;
UEB;18.04.2013 00:00;;;;;;;;;;;;;;;;;;;;;;;;233;;;;90;371;47;;;;;
UEB;19.04.2013 00:00;;;;;;;;;;;;;;;;;;;;;;;;24;;;;23;0;0;;;;;
UEB;20.04.2013 00:00;;;;;;;;;;;;;;;;;;;;;;;;62;;;;61;0;0;;;;;
UEB;21.04.2013 00:00;;;;;;;;;;;;;;;;;;;;;;;;123;;;;122;0;0;;;;;
UEB;22.04.2013 00:00;;;;;;;;;;;;;;;;;;;;;;;;90;;;;86;1;0;;;;;
UEB;23.04.2013 00:00;;;;;;;;;;;;;;;;;;;;;;;;127;;;;118;34;4;;;;;
UEB;24.04.2013 00:00;;;;;;;;;;;;;;;;;;;;;;;;316;;;;52;788;98;;;;;
UEB;25.04.2013 00:00;;;;;;;;;;;;;;;;;;;;;;;;324;;;;44;794;99;;;;;
UEB;26.04.2013 00:00;;;;;;;;;;;;;;;;;;;;;;;;216;;;;121;225;28;;;;;
UEB;27.04.2013 00:00;;;;;;;;;;;;;;;;;;;;;;;;51;;;;51;0;0;;;;;
UEB;28.04.2013 00:00;;;;;;;;;;;;;;;;;;;;;;;;135;;;;122;22;3;;;;;
UEB;29.04.2013 00:00;;;;;;;;;;;;;;;;;;;;;;;;59;;;;58;0;0;;;;;
UEB;30.04.2013 00:00;;;;;;;;;;;;;;;;;;;;;;;;69;;;;68;0;0;;;;;
UEB;01.05.2013 00:00;;;;;;;;;;;;;;;;;;;;;;;;260;;;;120;403;49;;;;;
UEB;02.05.2013 00:00;;;;;;;;;;;;;;;;;;;;;;;;180;;;;129;138;17;;;;;
UEB;03.05.2013 00:00;;;;;;;;;;;;;;;;;;;;;;;;82;;;;75;53;6;;;;;
UEB;04.05.2013 00:00;;;;;;;;;;;;;;;;;;;;;;;;99;;;;92;12;1;;;;;
UEB;05.05.2013 00:00;;;;;;;;;;;;;;;;;;;;;;;;296;;;;123;578;69;;;;;
UEB;06.05.2013 00:00;;;;;;;;;;;;;;;;;;;;;;;;215;;;;134;322;38;;;;;
UEB;07.05.2013 00:00;;;;;;;;;;;;;;;;;;;;;;;;253;;;;140;301;36;;;;;
UEB;08.05.2013 00:00;;;;;;;;;;;;;;;;;;;;;;;;338;;;;49;753;89;;;;;
UEB;09.05.2013 00:00;;;;;;;;;;;;;;;;;;;;;;;;152;;;;123;60;7;;;;;
UEB;10.05.2013 00:00;;;;;;;;;;;;;;;;;;;;;;;;98;;;;93;25;3;;;;;
UEB;11.05.2013 00:00;;;;;;;;;;;;;;;;;;;;;;;;105;;;;94;46;5;;;;;
UEB;12.05.2013 00:00;;;;;;;;;;;;;;;;;;;;;;;;132;;;;93;101;12;;;;;
UEB;13.05.2013 00:00;;;;;;;;;;;;;;;;;;;;;;;;161;;;;120;167;20;;;;;
UEB;14.05.2013 00:00;;;;;;;;;;;;;;;;;;;;;;;;305;;;;99;439;51;;;;;
UEB;15.05.2013 00:00;;;;;;;;;;;;;;;;;;;;;;;;214;;;;151;208;24;;;;;
UEB;16.05.2013 00:00;;;;;;;;;;;;;;;;;;;;;;;;126;;;;115;14;2;;;;;
UEB;17.05.2013 00:00;;;;;;;;;;;;;;;;;;;;;;;;95;;;;91;2;0;;;;;
UEB;18.05.2013 00:00;;;;;;;;;;;;;;;;;;;;;;;;330;;;;78;651;75;;;;;
UEB;19.05.2013 00:00;;;;;;;;;;;;;;;;;;;;;;;;220;;;;102;279;32;;;;;
UEB;20.05.2013 00:00;;;;;;;;;;;;;;;;;;;;;;;;237;;;;149;189;22;;;;;
UEB;21.05.2013 00:00;;;;;;;;;;;;;;;;;;;;;;;;72;;;;70;0;0;;;;;
UEB;22.05.2013 00:00;;;;;;;;;;;;;;;;;;;;;;;;53;;;;52;0;0;;;;;
UEB;23.05.2013 00:00;;;;;;;;;;;;;;;;;;;;;;;;180;;;;114;125;14;;;;;
UEB;24.05.2013 00:00;;;;;;;;;;;;;;;;;;;;;;;;94;;;;81;26;3;;;;;
UEB;25.05.2013 00:00;;;;;;;;;;;;;;;;;;;;;;;;154;;;;131;49;6;;;;;
UEB;26.05.2013 00:00;;;;;;;;;;;;;;;;;;;;;;;;140;;;;106;81;9;;;;;
UEB;27.05.2013 00:00;;;;;;;;;;;;;;;;;;;;;;;;295;;;;80;534;60;;;;;
UEB;28.05.2013 00:00;;;;;;;;;;;;;;;;;;;;;;;;270;;;;81;375;42;;;;;
UEB;29.05.2013 00:00;;;;;;;;;;;;;;;;;;;;;;;;109;;;;97;39;4;;;;;
UEB;30.05.2013 00:00;;;;;;;;;;;;;;;;;;;;;;;;171;;;;135;109;12;;;;;
UEB;31.05.2013 00:00;;;;;;;;;;;;;;;;;;;;;;;;38;;;;37;0;0;;;;;
UEB;01.06.2013 00:00;;;;;;;;;;;;;;;;;;;;;;;;46;;;;45;0;0;;;;;
UEB;02.06.2013 00:00;;;;;;;;;;;;;;;;;;;;;;;;119;;;;101;93;10;;;;;
UEB;03.06.2013 00:00;;;;;;;;;;;;;;;;;;;;;;;;150;;;;122;52;6;;;;;
UEB;04.06.2013 00:00;;;;;;;;;;;;;;;;;;;;;;;;252;;;;146;371;41;;;;;
UEB;05.06.2013 00:00;;;;;;;;;;;;;;;;;;;;;;;;378;;;;55;854;95;;;;;
UEB;06.06.2013 00:00;;;;;;;;;;;;;;;;;;;;;;;;389;;;;50;896;99;;;;;
UEB;07.06.2013 00:00;;;;;;;;;;;;;;;;;;;;;;;;351;;;;77;711;79;;;;;
UEB;08.06.2013 00:00;;;;;;;;;;;;;;;;;;;;;;;;368;;;;75;781;86;;;;;
UEB;09.06.2013 00:00;;;;;;;;;;;;;;;;;;;;;;;;232;;;;164;138;15;;;;;
UEB;10.06.2013 00:00;;;;;;;;;;;;;;;;;;;;;;;;114;;;;102;19;2;;;;;
UEB;11.06.2013 00:00;;;;;;;;;;;;;;;;;;;;;;;;154;;;;129;97;11;;;;;
UEB;12.06.2013 00:00;;;;;;;;;;;;;;;;;;;;;;;;331;;;;124;639;70;;;;;
UEB;13.06.2013 00:00;;;;;;;;;;;;;;;;;;;;;;;;369;;;;48;800;88;;;;;
UEB;14.06.2013 00:00;;;;;;;;;;;;;;;;;;;;;;;;105;;;;102;3;0;;;;;
UEB;15.06.2013 00:00;;;;;;;;;;;;;;;;;;;;;;;;297;;;;118;460;51;;;;;
UEB;16.06.2013 00:00;;;;;;;;;;;;;;;;;;;;;;;;348;;;;69;677;74;;;;;
UEB;17.06.2013 00:00;;;;;;;;;;;;;;;;;;;;;;;;367;;;;65;820;90;;;;;
UEB;18.06.2013 00:00;;;;;;;;;;;;;;;;;;;;;;;;370;;;;79;769;85;;;;;
UEB;19.06.2013 00:00;;;;;;;;;;;;;;;;;;;;;;;;251;;;;150;509;56;;;;;
UEB;20.06.2013 00:00;;;;;;;;;;;;;;;;;;;;;;;;164;;;;106;247;27;;;;;
UEB;21.06.2013 00:00;;;;;;;;;;;;;;;;;;;;;;;;254;;;;127;271;30;;;;;
UEB;22.06.2013 00:00;;;;;;;;;;;;;;;;;;;;;;;;238;;;;134;313;34;;;;;
UEB;23.06.2013 00:00;;;;;;;;;;;;;;;;;;;;;;;;55;;;;54;0;0;;;;;
UEB;24.06.2013 00:00;;;;;;;;;;;;;;;;;;;;;;;;148;;;;120;54;6;;;;;
UEB;25.06.2013 00:00;;;;;;;;;;;;;;;;;;;;;;;;219;;;;135;179;20;;;;;
UEB;26.06.2013 00:00;;;;;;;;;;;;;;;;;;;;;;;;210;;;;147;239;26;;;;;
UEB;27.06.2013 00:00;;;;;;;;;;;;;;;;;;;;;;;;150;;;;117;90;10;;;;;
UEB;28.06.2013 00:00;;;;;;;;;;;;;;;;;;;;;;;;237;;;;136;347;38;;;;;
UEB;29.06.2013 00:00;;;;;;;;;;;;;;;;;;;;;;;;55;;;;54;0;0;;;;;
UEB;30.06.2013 00:00;;;;;;;;;;;;;;;;;;;;;;;;278;;;;117;458;51;;;;;
UEB;01.07.2013 00:00;;;;;;;;;;;;;;;;;;;;;;;;379;;;;60;874;97;;;;;
UEB;02.07.2013 00:00;;;;;;;;;;;;;;;;;;;;;;;;309;;;;104;557;62;;;;;
UEB;03.07.2013 00:00;;;;;;;;;;;;;;;;;;;;;;;;37;;;;36;0;0;;;;;
UEB;04.07.2013 00:00;;;;;;;;;;;;;;;;;;;;;;;;155;;;;136;28;3;;;;;
UEB;05.07.2013 00:00;;;;;;;;;;;;;;;;;;;;;;;;213;;;;155;166;18;;;;;
UEB;06.07.2013 00:00;;;;;;;;;;;;;;;;;;;;;;;;320;;;;103;713;79;;;;;
UEB;07.07.2013 00:00;;;;;;;;;;;;;;;;;;;;;;;;264;;;;145;404;45;;;;;
UEB;08.07.2013 00:00;;;;;;;;;;;;;;;;;;;;;;;;270;;;;144;377;42;;;;;
UEB;09.07.2013 00:00;;;;;;;;;;;;;;;;;;;;;;;;324;;;;107;642;71;;;;;
UEB;10.07.2013 00:00;;;;;;;;;;;;;;;;;;;;;;;;332;;;;99;762;85;;;;;
UEB;11.07.2013 00:00;;;;;;;;;;;;;;;;;;;;;;;;300;;;;139;597;67;;;;;
UEB;12.07.2013 00:00;;;;;;;;;;;;;;;;;;;;;;;;371;;;;78;844;95;;;;;
UEB;13.07.2013 00:00;;;;;;;;;;;;;;;;;;;;;;;;346;;;;89;766;86;;;;;
UEB;14.07.2013 00:00;;;;;;;;;;;;;;;;;;;;;;;;358;;;;81;839;94;;;;;
UEB;15.07.2013 00:00;;;;;;;;;;;;;;;;;;;;;;;;334;;;;90;773;87;;;;;
UEB;16.07.2013 00:00;;;;;;;;;;;;;;;;;;;;;;;;361;;;;64;864;98;;;;;
UEB;17.07.2013 00:00;;;;;;;;;;;;;;;;;;;;;;;;171;;;;141;61;7;;;;;
UEB;18.07.2013 00:00;;;;;;;;;;;;;;;;;;;;;;;;299;;;;116;587;67;;;;;
UEB;19.07.2013 00:00;;;;;;;;;;;;;;;;;;;;;;;;323;;;;81;650;74;;;;;
UEB;20.07.2013 00:00;;;;;;;;;;;;;;;;;;;;;;;;328;;;;88;752;86;;;;;
UEB;21.07.2013 00:00;;;;;;;;;;;;;;;;;;;;;;;;341;;;;72;845;97;;;;;
UEB;22.07.2013 00:00;;;;;;;;;;;;;;;;;;;;;;;;337;;;;74;727;83;;;;;
UEB;23.07.2013 00:00;;;;;;;;;;;;;;;;;;;;;;;;308;;;;105;609;70;;;;;
UEB;24.07.2013 00:00;;;;;;;;;;;;;;;;;;;;;;;;201;;;;124;316;36;;;;;
UEB;25.07.2013 00:00;;;;;;;;;;;;;;;;;;;;;;;;289;;;;108;610;70;;;;;
UEB;26.07.2013 00:00;;;;;;;;;;;;;;;;;;;;;;;;341;;;;66;823;95;;;;;
UEB;27.07.2013 00:00;;;;;;;;;;;;;;;;;;;;;;;;333;;;;63;823;96;;;;;
UEB;28.07.2013 00:00;;;;;;;;;;;;;;;;;;;;;;;;258;;;;76;422;49;;;;;
UEB;29.07.2013 00:00;;;;;;;;;;;;;;;;;;;;;;;;39;;;;35;40;5;;;;;
UEB;30.07.2013 00:00;;;;;;;;;;;;;;;;;;;;;;;;249;;;;109;420;49;;;;;
UEB;31.07.2013 00:00;;;;;;;;;;;;;;;;;;;;;;;;328;;;;55;703;83;;;;;
UEB;01.08.2013 00:00;;;;;;;;;;;;;;;;;;;;;;;;347;;;;37;852;100;;;;;
UEB;02.08.2013 00:00;;;;;;;;;;;;;;;;;;;;;;;;336;;;;46;778;92;;;;;
UEB;03.08.2013 00:00;;;;;;;;;;;;;;;;;;;;;;;;244;;;;108;356;42;;;;;
UEB;04.08.2013 00:00;;;;;;;;;;;;;;;;;;;;;;;;241;;;;88;535;64;;;;;
UEB;05.08.2013 00:00;;;;;;;;;;;;;;;;;;;;;;;;320;;;;61;754;90;;;;;
UEB;06.08.2013 00:00;;;;;;;;;;;;;;;;;;;;;;;;269;;;;78;537;64;;;;;
UEB;07.08.2013 00:00;;;;;;;;;;;;;;;;;;;;;;;;160;;;;120;107;13;;;;;
UEB;08.08.2013 00:00;;;;;;;;;;;;;;;;;;;;;;;;59;;;;57;0;0;;;;;
UEB;09.08.2013 00:00;;;;;;;;;;;;;;;;;;;;;;;;49;;;;44;66;8;;;;;
UEB;10.08.2013 00:00;;;;;;;;;;;;;;;;;;;;;;;;312;;;;65;763;92;;;;;
UEB;11.08.2013 00:00;;;;;;;;;;;;;;;;;;;;;;;;287;;;;77;623;76;;;;;
UEB;12.08.2013 00:00;;;;;;;;;;;;;;;;;;;;;;;;313;;;;53;758;92;;;;;
UEB;13.08.2013 00:00;;;;;;;;;;;;;;;;;;;;;;;;250;;;;118;363;44;;;;;
UEB;14.08.2013 00:00;;;;;;;;;;;;;;;;;;;;;;;;283;;;;114;508;63;;;;;
UEB;15.08.2013 00:00;;;;;;;;;;;;;;;;;;;;;;;;314;;;;61;798;99;;;;;
UEB;16.08.2013 00:00;;;;;;;;;;;;;;;;;;;;;;;;314;;;;45;773;96;;;;;
UEB;17.08.2013 00:00;;;;;;;;;;;;;;;;;;;;;;;;295;;;;61;730;91;;;;;
UEB;18.08.2013 00:00;;;;;;;;;;;;;;;;;;;;;;;;289;;;;83;687;86;;;;;
UEB;19.08.2013 00:00;;;;;;;;;;;;;;;;;;;;;;;;138;;;;109;127;16;;;;;
UEB;20.08.2013 00:00;;;;;;;;;;;;;;;;;;;;;;;;255;;;;78;559;70;;;;;
UEB;21.08.2013 00:00;;;;;;;;;;;;;;;;;;;;;;;;291;;;;82;632;80;;;;;
UEB;22.08.2013 00:00;;;;;;;;;;;;;;;;;;;;;;;;300;;;;64;754;95;;;;;
UEB;23.08.2013 00:00;;;;;;;;;;;;;;;;;;;;;;;;287;;;;88;654;83;;;;;
UEB;24.08.2013 00:00;;;;;;;;;;;;;;;;;;;;;;;;94;;;;77;113;14;;;;;
UEB;25.08.2013 00:00;;;;;;;;;;;;;;;;;;;;;;;;177;;;;104;180;23;;;;;
UEB;26.08.2013 00:00;;;;;;;;;;;;;;;;;;;;;;;;164;;;;120;107;14;;;;;
UEB;27.08.2013 00:00;;;;;;;;;;;;;;;;;;;;;;;;88;;;;83;0;0;;;;;
UEB;28.08.2013 00:00;;;;;;;;;;;;;;;;;;;;;;;;80;;;;77;1;0;;;;;
UEB;29.08.2013 00:00;;;;;;;;;;;;;;;;;;;;;;;;276;;;;88;611;80;;;;;
UEB;30.08.2013 00:00;;;;;;;;;;;;;;;;;;;;;;;;287;;;;47;754;99;;;;;
UEB;31.08.2013 00:00;;;;;;;;;;;;;;;;;;;;;;;;246;;;;84;552;73;;;;;
UEB;01.09.2013 00:00;;;;;;;;;;;;;;;;;;;;;;;;180;;;;101;229;30;;;;;
UEB;02.09.2013 00:00;;;;;;;;;;;;;;;;;;;;;;;;258;;;;72;554;73;;;;;
UEB;03.09.2013 00:00;;;;;;;;;;;;;;;;;;;;;;;;272;;;;34;748;99;;;;;
UEB;04.09.2013 00:00;;;;;;;;;;;;;;;;;;;;;;;;270;;;;36;746;99;;;;;
UEB;05.09.2013 00:00;;;;;;;;;;;;;;;;;;;;;;;;264;;;;39;738;99;;;;;
UEB;06.09.2013 00:00;;;;;;;;;;;;;;;;;;;;;;;;242;;;;69;609;82;;;;;
UEB;07.09.2013 00:00;;;;;;;;;;;;;;;;;;;;;;;;236;;;;95;542;73;;;;;
UEB;08.09.2013 00:00;;;;;;;;;;;;;;;;;;;;;;;;48;;;;47;0;0;;;;;
UEB;09.09.2013 00:00;;;;;;;;;;;;;;;;;;;;;;;;215;;;;86;435;59;;;;;
UEB;10.09.2013 00:00;;;;;;;;;;;;;;;;;;;;;;;;70;;;;62;15;2;;;;;
UEB;11.09.2013 00:00;;;;;;;;;;;;;;;;;;;;;;;;84;;;;74;48;7;;;;;
UEB;12.09.2013 00:00;;;;;;;;;;;;;;;;;;;;;;;;56;;;;53;1;0;;;;;
UEB;13.09.2013 00:00;;;;;;;;;;;;;;;;;;;;;;;;168;;;;91;243;34;;;;;
UEB;14.09.2013 00:00;;;;;;;;;;;;;;;;;;;;;;;;167;;;;116;164;23;;;;;
UEB;15.09.2013 00:00;;;;;;;;;;;;;;;;;;;;;;;;99;;;;76;64;9;;;;;
UEB;16.09.2013 00:00;;;;;;;;;;;;;;;;;;;;;;;;31;;;;30;0;0;;;;;
UEB;17.09.2013 00:00;;;;;;;;;;;;;;;;;;;;;;;;129;;;;80;169;24;;;;;
UEB;18.09.2013 00:00;;;;;;;;;;;;;;;;;;;;;;;;89;;;;65;62;9;;;;;
UEB;19.09.2013 00:00;;;;;;;;;;;;;;;;;;;;;;;;110;;;;94;55;8;;;;;
UEB;20.09.2013 00:00;;;;;;;;;;;;;;;;;;;;;;;;107;;;;95;49;7;;;;;
UEB;21.09.2013 00:00;;;;;;;;;;;;;;;;;;;;;;;;228;;;;54;601;87;;;;;
UEB;22.09.2013 00:00;;;;;;;;;;;;;;;;;;;;;;;;209;;;;76;672;97;;;;;
UEB;23.09.2013 00:00;;;;;;;;;;;;;;;;;;;;;;;;235;;;;37;693;100;;;;;
UEB;24.09.2013 00:00;;;;;;;;;;;;;;;;;;;;;;;;234;;;;38;690;100;;;;;
UEB;25.09.2013 00:00;;;;;;;;;;;;;;;;;;;;;;;;211;;;;50;599;87;;;;;
UEB;26.09.2013 00:00;;;;;;;;;;;;;;;;;;;;;;;;98;;;;81;69;10;;;;;
UEB;27.09.2013 00:00;;;;;;;;;;;;;;;;;;;;;;;;146;;;;97;193;28;;;;;
UEB;28.09.2013 00:00;;;;;;;;;;;;;;;;;;;;;;;;165;;;;109;230;34;;;;;
UEB;29.09.2013 00:00;;;;;;;;;;;;;;;;;;;;;;;;72;;;;71;0;0;;;;;
UEB;30.09.2013 00:00;;;;;;;;;;;;;;;;;;;;;;;;65;;;;64;0;0;;;;;
UEB;01.10.2013 00:00;;;;;;;;;;;;;;;;;;;;;;;;64;;;;62;9;1;;;;;
UEB;02.10.2013 00:00;;;;;;;;;;;;;;;;;;;;;;;;168;;;;117;141;21;;;;;
UEB;03.10.2013 00:00;;;;;;;;;;;;;;;;;;;;;;;;164;;;;71;378;57;;;;;
UEB;04.10.2013 00:00;;;;;;;;;;;;;;;;;;;;;;;;76;;;;53;111;17;;;;;
UEB;05.10.2013 00:00;;;;;;;;;;;;;;;;;;;;;;;;83;;;;69;33;5;;;;;
UEB;06.10.2013 00:00;;;;;;;;;;;;;;;;;;;;;;;;65;;;;57;47;7;;;;;
UEB;07.10.2013 00:00;;;;;;;;;;;;;;;;;;;;;;;;44;;;;43;0;0;;;;;
UEB;08.10.2013 00:00;;;;;;;;;;;;;;;;;;;;;;;;58;;;;57;0;0;;;;;
UEB;09.10.2013 00:00;;;;;;;;;;;;;;;;;;;;;;;;57;;;;56;0;0;;;;;
UEB;10.10.2013 00:00;;;;;;;;;;;;;;;;;;;;;;;;18;;;;17;1;0;;;;;
UEB;11.10.2013 00:00;;;;;;;;;;;;;;;;;;;;;;;;83;;;;63;82;13;;;;;
UEB;12.10.2013 00:00;;;;;;;;;;;;;;;;;;;;;;;;96;;;;56;118;19;;;;;
UEB;13.10.2013 00:00;;;;;;;;;;;;;;;;;;;;;;;;165;;;;54;406;65;;;;;
UEB;14.10.2013 00:00;;;;;;;;;;;;;;;;;;;;;;;;77;;;;66;24;4;;;;;
UEB;15.10.2013 00:00;;;;;;;;;;;;;;;;;;;;;;;;75;;;;57;94;15;;;;;
UEB;16.10.2013 00:00;;;;;;;;;;;;;;;;;;;;;;;;145;;;;62;323;52;;;;;
UEB;17.10.2013 00:00;;;;;;;;;;;;;;;;;;;;;;;;166;;;;37;585;95;;;;;
UEB;18.10.2013 00:00;;;;;;;;;;;;;;;;;;;;;;;;160;;;;43;489;80;;;;;
UEB;19.10.2013 00:00;;;;;;;;;;;;;;;;;;;;;;;;153;;;;38;494;81;;;;;
UEB;20.10.2013 00:00;;;;;;;;;;;;;;;;;;;;;;;;41;;;;35;17;3;;;;;
UEB;21.10.2013 00:00;;;;;;;;;;;;;;;;;;;;;;;;111;;;;63;239;40;;;;;
UEB;22.10.2013 00:00;;;;;;;;;;;;;;;;;;;;;;;;121;;;;51;354;59;;;;;
UEB;23.10.2013 00:00;;;;;;;;;;;;;;;;;;;;;;;;17;;;;16;0;0;;;;;
UEB;24.10.2013 00:00;;;;;;;;;;;;;;;;;;;;;;;;132;;;;35;536;89;;;;;
UEB;25.10.2013 00:00;;;;;;;;;;;;;;;;;;;;;;;;119;;;;72;241;41;;;;;
UEB;26.10.2013 00:00;;;;;;;;;;;;;;;;;;;;;;;;119;;;;60;304;52;;;;;
UEB;27.10.2013 00:00;;;;;;;;;;;;;;;;;;;;;;;;38;;;;34;8;1;;;;;
UEB;28.10.2013 00:00;;;;;;;;;;;;;;;;;;;;;;;;130;;;;41;404;69;;;;;
UEB;29.10.2013 00:00;;;;;;;;;;;;;;;;;;;;;;;;72;;;;56;51;9;;;;;
UEB;30.10.2013 00:00;;;;;;;;;;;;;;;;;;;;;;;;59;;;;52;21;4;;;;;
UEB;31.10.2013 00:00;;;;;;;;;;;;;;;;;;;;;;;;70;;;;57;129;22;;;;;
UEB;01.11.2013 00:00;;;;;;;;;;;;;;;;;;;;;;;;60;;;;56;0;0;;;;;
UEB;02.11.2013 00:00;;;;;;;;;;;;;;;;;;;;;;;;90;;;;41;221;39;;;;;
UEB;03.11.2013 00:00;;;;;;;;;;;;;;;;;;;;;;;;38;;;;25;65;11;;;;;
UEB;04.11.2013 00:00;;;;;;;;;;;;;;;;;;;;;;;;23;;;;22;0;0;;;;;
UEB;05.11.2013 00:00;;;;;;;;;;;;;;;;;;;;;;;;49;;;;43;24;4;;;;;
UEB;06.11.2013 00:00;;;;;;;;;;;;;;;;;;;;;;;;19;;;;18;6;1;;;;;
UEB;07.11.2013 00:00;;;;;;;;;;;;;;;;;;;;;;;;86;;;;55;166;30;;;;;
UEB;08.11.2013 00:00;;;;;;;;;;;;;;;;;;;;;;;;85;;;;41;204;37;;;;;
UEB;09.11.2013 00:00;;;;;;;;;;;;;;;;;;;;;;;;66;;;;39;181;33;;;;;
UEB;10.11.2013 00:00;;;;;;;;;;;;;;;;;;;;;;;;16;;;;14;0;0;;;;;
UEB;11.11.2013 00:00;;;;;;;;;;;;;;;;;;;;;;;;68;;;;44;143;26;;;;;
UEB;12.11.2013 00:00;;;;;;;;;;;;;;;;;;;;;;;;33;;;;30;48;9;;;;;
UEB;13.11.2013 00:00;;;;;;;;;;;;;;;;;;;;;;;;41;;;;39;0;0;;;;;
UEB;14.11.2013 00:00;;;;;;;;;;;;;;;;;;;;;;;;22;;;;20;3;1;;;;;
UEB;15.11.2013 00:00;;;;;;;;;;;;;;;;;;;;;;;;16;;;;15;0;0;;;;;
UEB;16.11.2013 00:00;;;;;;;;;;;;;;;;;;;;;;;;22;;;;21;0;0;;;;;
UEB;17.11.2013 00:00;;;;;;;;;;;;;;;;;;;;;;;;32;;;;31;0;0;;;;;
UEB;18.11.2013 00:00;;;;;;;;;;;;;;;;;;;;;;;;97;;;;37;371;71;;;;;
UEB;19.11.2013 00:00;;;;;;;;;;;;;;;;;;;;;;;;36;;;;35;0;0;;;;;
UEB;20.11.2013 00:00;;;;;;;;;;;;;;;;;;;;;;;;33;;;;31;0;0;;;;;
UEB;21.11.2013 00:00;;;;;;;;;;;;;;;;;;;;;;;;16;;;;15;0;0;;;;;
UEB;22.11.2013 00:00;;;;;;;;;;;;;;;;;;;;;;;;56;;;;51;48;9;;;;;
UEB;23.11.2013 00:00;;;;;;;;;;;;;;;;;;;;;;;;15;;;;14;0;0;;;;;
UEB;24.11.2013 00:00;;;;;;;;;;;;;;;;;;;;;;;;12;;;;11;0;0;;;;;
UEB;25.11.2013 00:00;;;;;;;;;;;;;;;;;;;;;;;;92;;;;26;368;73;;;;;
UEB;26.11.2013 00:00;;;;;;;;;;;;;;;;;;;;;;;;45;;;;36;70;14;;;;;
UEB;27.11.2013 00:00;;;;;;;;;;;;;;;;;;;;;;;;95;;;;30;397;79;;;;;
UEB;28.11.2013 00:00;;;;;;;;;;;;;;;;;;;;;;;;35;;;;32;19;4;;;;;
UEB;29.11.2013 00:00;;;;;;;;;;;;;;;;;;;;;;;;69;;;;38;156;31;;;;;
UEB;30.11.2013 00:00;;;;;;;;;;;;;;;;;;;;;;;;54;;;;36;80;16;;;;;
UEB;01.12.2013 00:00;;;;;;;;;;;;;;;;;;;;;;;;97;;;;29;454;91;;;;;
UEB;02.12.2013 00:00;;;;;;;;;;;;;;;;;;;;;;;;69;;;;29;266;54;;;;;
UEB;03.12.2013 00:00;;;;;;;;;;;;;;;;;;;;;;;;99;;;;28;479;97;;;;;
UEB;04.12.2013 00:00;;;;;;;;;;;;;;;;;;;;;;;;90;;;;25;462;93;;;;;
UEB;05.12.2013 00:00;;;;;;;;;;;;;;;;;;;;;;;;91;;;;25;368;74;;;;;
UEB;06.12.2013 00:00;;;;;;;;;;;;;;;;;;;;;;;;38;;;;28;94;19;;;;;
UEB;07.12.2013 00:00;;;;;;;;;;;;;;;;;;;;;;;;75;;;;31;336;68;;;;;
UEB;08.12.2013 00:00;;;;;;;;;;;;;;;;;;;;;;;;86;;;;23;453;92;;;;;
UEB;09.12.2013 00:00;;;;;;;;;;;;;;;;;;;;;;;;86;;;;23;429;88;;;;;
UEB;10.12.2013 00:00;;;;;;;;;;;;;;;;;;;;;;;;84;;;;20;484;99;;;;;
UEB;11.12.2013 00:00;;;;;;;;;;;;;;;;;;;;;;;;88;;;;21;484;99;;;;;
UEB;12.12.2013 00:00;;;;;;;;;;;;;;;;;;;;;;;;93;;;;23;485;100;;;;;
UEB;13.12.2013 00:00;;;;;;;;;;;;;;;;;;;;;;;;89;;;;23;474;98;;;;;
UEB;14.12.2013 00:00;;;;;;;;;;;;;;;;;;;;;;;;19;;;;17;0;0;;;;;
UEB;15.12.2013 00:00;;;;;;;;;;;;;;;;;;;;;;;;37;;;;33;24;5;;;;;
UEB;16.12.2013 00:00;;;;;;;;;;;;;;;;;;;;;;;;89;;;;21;449;93;;;;;
UEB;17.12.2013 00:00;;;;;;;;;;;;;;;;;;;;;;;;87;;;;22;457;95;;;;;
UEB;18.12.2013 00:00;;;;;;;;;;;;;;;;;;;;;;;;64;;;;31;212;44;;;;;
UEB;19.12.2013 00:00;;;;;;;;;;;;;;;;;;;;;;;;15;;;;14;0;0;;;;;
UEB;20.12.2013 00:00;;;;;;;;;;;;;;;;;;;;;;;;15;;;;14;0;0;;;;;
UEB;21.12.2013 00:00;;;;;;;;;;;;;;;;;;;;;;;;86;;;;31;427;90;;;;;
UEB;22.12.2013 00:00;;;;;;;;;;;;;;;;;;;;;;;;34;;;;29;23;5;;;;;
UEB;23.12.2013 00:00;;;;;;;;;;;;;;;;;;;;;;;;78;;;;24;404;85;;;;;
UEB;24.12.2013 00:00;;;;;;;;;;;;;;;;;;;;;;;;65;;;;32;178;37;;;;;
UEB;25.12.2013 00:00;;;;;;;;;;;;;;;;;;;;;;;;14;;;;12;4;1;;;;;
UEB;26.12.2013 00:00;;;;;;;;;;;;;;;;;;;;;;;;10;;;;9;0;0;;;;;
UEB;27.12.2013 00:00;;;;;;;;;;;;;;;;;;;;;;;;86;;;;23;434;90;;;;;
UEB;28.12.2013 00:00;;;;;;;;;;;;;;;;;;;;;;;;61;;;;33;258;53;;;;;
UEB;29.12.2013 00:00;;;;;;;;;;;;;;;;;;;;;;;;53;;;;30;173;36;;;;;
UEB;30.12.2013 00:00;;;;;;;;;;;;;;;;;;;;;;;;69;;;;35;173;36;;;;;
UEB;31.12.2013 00:00;;;;;;;;;;;;;;;;;;;;;;;;87;;;;22;436;89;;;;;
UEB;01.01.2014 00:00;;;;;;;;;;;;;;;;;;;;;;;;68;;;;34;244;50;;;;;
UEB;02.01.2014 00:00;;;;;;;;;;;;;;;;;;;;;;;;24;;;;19;34;7;;;;;
UEB;03.01.2014 00:00;;;;;;;;;;;;;;;;;;;;;;;;23;;;;21;0;0;;;;;
UEB;04.01.2014 00:00;;;;;;;;;;;;;;;;;;;;;;;;8;;;;7;0;0;;;;;
UEB;05.01.2014 00:00;;;;;;;;;;;;;;;;;;;;;;;;50;;;;31;133;27;;;;;
UEB;06.01.2014 00:00;;;;;;;;;;;;;;;;;;;;;;;;72;;;;26;268;54;;;;;
UEB;07.01.2014 00:00;;;;;;;;;;;;;;;;;;;;;;;;85;;;;22;451;91;;;;;
UEB;08.01.2014 00:00;;;;;;;;;;;;;;;;;;;;;;;;67;;;;36;307;62;;;;;
UEB;09.01.2014 00:00;;;;;;;;;;;;;;;;;;;;;;;;66;;;;43;150;30;;;;;
UEB;10.01.2014 00:00;;;;;;;;;;;;;;;;;;;;;;;;23;;;;21;5;1;;;;;
UEB;11.01.2014 00:00;;;;;;;;;;;;;;;;;;;;;;;;57;;;;44;69;14;;;;;
UEB;12.01.2014 00:00;;;;;;;;;;;;;;;;;;;;;;;;71;;;;49;85;17;;;;;
UEB;13.01.2014 00:00;;;;;;;;;;;;;;;;;;;;;;;;57;;;;40;120;24;;;;;
UEB;14.01.2014 00:00;;;;;;;;;;;;;;;;;;;;;;;;11;;;;10;0;0;;;;;
UEB;15.01.2014 00:00;;;;;;;;;;;;;;;;;;;;;;;;89;;;;32;331;66;;;;;
UEB;16.01.2014 00:00;;;;;;;;;;;;;;;;;;;;;;;;28;;;;26;0;0;;;;;
UEB;17.01.2014 00:00;;;;;;;;;;;;;;;;;;;;;;;;39;;;;31;63;12;;;;;
UEB;18.01.2014 00:00;;;;;;;;;;;;;;;;;;;;;;;;68;;;;47;166;33;;;;;
UEB;19.01.2014 00:00;;;;;;;;;;;;;;;;;;;;;;;;56;;;;51;1;0;;;;;
UEB;20.01.2014 00:00;;;;;;;;;;;;;;;;;;;;;;;;28;;;;26;1;0;;;;;
UEB;21.01.2014 00:00;;;;;;;;;;;;;;;;;;;;;;;;15;;;;14;0;0;;;;;
UEB;22.01.2014 00:00;;;;;;;;;;;;;;;;;;;;;;;;32;;;;30;2;0;;;;;
UEB;23.01.2014 00:00;;;;;;;;;;;;;;;;;;;;;;;;13;;;;12;0;0;;;;;
UEB;24.01.2014 00:00;;;;;;;;;;;;;;;;;;;;;;;;56;;;;45;36;7;;;;;
UEB;25.01.2014 00:00;;;;;;;;;;;;;;;;;;;;;;;;86;;;;53;221;42;;;;;
UEB;26.01.2014 00:00;;;;;;;;;;;;;;;;;;;;;;;;56;;;;37;133;25;;;;;
UEB;27.01.2014 00:00;;;;;;;;;;;;;;;;;;;;;;;;41;;;;32;47;9;;;;;
UEB;28.01.2014 00:00;;;;;;;;;;;;;;;;;;;;;;;;100;;;;36;401;75;;;;;
UEB;29.01.2014 00:00;;;;;;;;;;;;;;;;;;;;;;;;84;;;;56;201;38;;;;;
UEB;30.01.2014 00:00;;;;;;;;;;;;;;;;;;;;;;;;36;;;;35;0;0;;;;;
UEB;31.01.2014 00:00;;;;;;;;;;;;;;;;;;;;;;;;110;;;;37;395;73;;;;;
UEB;01.02.2014 00:00;;;;;;;;;;;;;;;;;;;;;;;;104;;;;49;302;55;;;;;
UEB;02.02.2014 00:00;;;;;;;;;;;;;;;;;;;;;;;;46;;;;45;0;0;;;;;
UEB;03.02.2014 00:00;;;;;;;;;;;;;;;;;;;;;;;;38;;;;37;0;0;;;;;
UEB;04.02.2014 00:00;;;;;;;;;;;;;;;;;;;;;;;;44;;;;37;88;16;;;;;
UEB;05.02.2014 00:00;;;;;;;;;;;;;;;;;;;;;;;;26;;;;25;0;0;;;;;
UEB;06.02.2014 00:00;;;;;;;;;;;;;;;;;;;;;;;;129;;;;28;449;80;;;;;
UEB;07.02.2014 00:00;;;;;;;;;;;;;;;;;;;;;;;;25;;;;21;30;5;;;;;
UEB;08.02.2014 00:00;;;;;;;;;;;;;;;;;;;;;;;;42;;;;39;10;2;;;;;
UEB;09.02.2014 00:00;;;;;;;;;;;;;;;;;;;;;;;;74;;;;43;188;33;;;;;
UEB;10.02.2014 00:00;;;;;;;;;;;;;;;;;;;;;;;;66;;;;51;49;9;;;;;
UEB;11.02.2014 00:00;;;;;;;;;;;;;;;;;;;;;;;;79;;;;48;183;32;;;;;
UEB;12.02.2014 00:00;;;;;;;;;;;;;;;;;;;;;;;;102;;;;50;267;46;;;;;
UEB;13.02.2014 00:00;;;;;;;;;;;;;;;;;;;;;;;;29;;;;24;42;7;;;;;
UEB;14.02.2014 00:00;;;;;;;;;;;;;;;;;;;;;;;;51;;;;49;1;0;;;;;
UEB;15.02.2014 00:00;;;;;;;;;;;;;;;;;;;;;;;;130;;;;85;236;40;;;;;
UEB;16.02.2014 00:00;;;;;;;;;;;;;;;;;;;;;;;;41;;;;40;0;0;;;;;
UEB;17.02.2014 00:00;;;;;;;;;;;;;;;;;;;;;;;;115;;;;46;367;61;;;;;
UEB;18.02.2014 00:00;;;;;;;;;;;;;;;;;;;;;;;;116;;;;74;227;38;;;;;
UEB;19.02.2014 00:00;;;;;;;;;;;;;;;;;;;;;;;;23;;;;22;0;0;;;;;
UEB;20.02.2014 00:00;;;;;;;;;;;;;;;;;;;;;;;;149;;;;51;448;74;;;;;
UEB;21.02.2014 00:00;;;;;;;;;;;;;;;;;;;;;;;;24;;;;22;11;2;;;;;
UEB;22.02.2014 00:00;;;;;;;;;;;;;;;;;;;;;;;;126;;;;50;275;45;;;;;
UEB;23.02.2014 00:00;;;;;;;;;;;;;;;;;;;;;;;;138;;;;67;311;51;;;;;
UEB;24.02.2014 00:00;;;;;;;;;;;;;;;;;;;;;;;;184;;;;30;616;100;;;;;
UEB;25.02.2014 00:00;;;;;;;;;;;;;;;;;;;;;;;;155;;;;72;440;71;;;;;
UEB;26.02.2014 00:00;;;;;;;;;;;;;;;;;;;;;;;;82;;;;70;33;5;;;;;
UEB;27.02.2014 00:00;;;;;;;;;;;;;;;;;;;;;;;;112;;;;77;104;17;;;;;
UEB;28.02.2014 00:00;;;;;;;;;;;;;;;;;;;;;;;;139;;;;72;238;38;;;;;
UEB;01.03.2014 00:00;;;;;;;;;;;;;;;;;;;;;;;;81;;;;74;11;2;;;;;
UEB;02.03.2014 00:00;;;;;;;;;;;;;;;;;;;;;;;;41;;;;40;0;0;;;;;
UEB;03.03.2014 00:00;;;;;;;;;;;;;;;;;;;;;;;;38;;;;37;0;0;;;;;
UEB;04.03.2014 00:00;;;;;;;;;;;;;;;;;;;;;;;;29;;;;28;0;0;;;;;
UEB;05.03.2014 00:00;;;;;;;;;;;;;;;;;;;;;;;;124;;;;86;149;23;;;;;
UEB;06.03.2014 00:00;;;;;;;;;;;;;;;;;;;;;;;;133;;;;79;187;29;;;;;
UEB;07.03.2014 00:00;;;;;;;;;;;;;;;;;;;;;;;;208;;;;42;634;98;;;;;
UEB;08.03.2014 00:00;;;;;;;;;;;;;;;;;;;;;;;;211;;;;46;636;98;;;;;
UEB;09.03.2014 00:00;;;;;;;;;;;;;;;;;;;;;;;;215;;;;38;653;99;;;;;
UEB;10.03.2014 00:00;;;;;;;;;;;;;;;;;;;;;;;;212;;;;45;624;94;;;;;
UEB;11.03.2014 00:00;;;;;;;;;;;;;;;;;;;;;;;;158;;;;111;143;22;;;;;
UEB;12.03.2014 00:00;;;;;;;;;;;;;;;;;;;;;;;;222;;;;42;664;100;;;;;
UEB;13.03.2014 00:00;;;;;;;;;;;;;;;;;;;;;;;;216;;;;51;653;97;;;;;
UEB;14.03.2014 00:00;;;;;;;;;;;;;;;;;;;;;;;;217;;;;54;650;97;;;;;
UEB;15.03.2014 00:00;;;;;;;;;;;;;;;;;;;;;;;;65;;;;60;0;0;;;;;
UEB;16.03.2014 00:00;;;;;;;;;;;;;;;;;;;;;;;;164;;;;78;341;50;;;;;
UEB;17.03.2014 00:00;;;;;;;;;;;;;;;;;;;;;;;;237;;;;36;682;99;;;;;
UEB;18.03.2014 00:00;;;;;;;;;;;;;;;;;;;;;;;;216;;;;79;612;89;;;;;
UEB;19.03.2014 00:00;;;;;;;;;;;;;;;;;;;;;;;;172;;;;90;317;46;;;;;
UEB;20.03.2014 00:00;;;;;;;;;;;;;;;;;;;;;;;;235;;;;41;616;89;;;;;
UEB;21.03.2014 00:00;;;;;;;;;;;;;;;;;;;;;;;;230;;;;58;587;84;;;;;
UEB;22.03.2014 00:00;;;;;;;;;;;;;;;;;;;;;;;;29;;;;28;0;0;;;;;
UEB;23.03.2014 00:00;;;;;;;;;;;;;;;;;;;;;;;;62;;;;60;0;0;;;;;
UEB;24.03.2014 00:00;;;;;;;;;;;;;;;;;;;;;;;;116;;;;87;99;14;;;;;
UEB;25.03.2014 00:00;;;;;;;;;;;;;;;;;;;;;;;;166;;;;87;356;50;;;;;
UEB;26.03.2014 00:00;;;;;;;;;;;;;;;;;;;;;;;;117;;;;97;99;14;;;;;
UEB;27.03.2014 00:00;;;;;;;;;;;;;;;;;;;;;;;;245;;;;75;580;81;;;;;
UEB;28.03.2014 00:00;;;;;;;;;;;;;;;;;;;;;;;;253;;;;56;685;95;;;;;
UEB;29.03.2014 00:00;;;;;;;;;;;;;;;;;;;;;;;;252;;;;74;643;89;;;;;
UEB;30.03.2014 00:00;;;;;;;;;;;;;;;;;;;;;;;;253;;;;85;614;85;;;;;
UEB;31.03.2014 00:00;;;;;;;;;;;;;;;;;;;;;;;;250;;;;96;598;82;;;;;
UEB;01.04.2014 00:00;;;;;;;;;;;;;;;;;;;;;;;;238;;;;95;556;76;;;;;
UEB;02.04.2014 00:00;;;;;;;;;;;;;;;;;;;;;;;;254;;;;85;577;78;;;;;
UEB;03.04.2014 00:00;;;;;;;;;;;;;;;;;;;;;;;;85;;;;82;0;0;;;;;
UEB;04.04.2014 00:00;;;;;;;;;;;;;;;;;;;;;;;;160;;;;126;84;11;;;;;
UEB;05.04.2014 00:00;;;;;;;;;;;;;;;;;;;;;;;;43;;;;42;0;0;;;;;
UEB;06.04.2014 00:00;;;;;;;;;;;;;;;;;;;;;;;;164;;;;108;237;32;;;;;
UEB;07.04.2014 00:00;;;;;;;;;;;;;;;;;;;;;;;;226;;;;113;470;63;;;;;
UEB;08.04.2014 00:00;;;;;;;;;;;;;;;;;;;;;;;;64;;;;59;11;1;;;;;
UEB;09.04.2014 00:00;;;;;;;;;;;;;;;;;;;;;;;;279;;;;67;651;86;;;;;
UEB;10.04.2014 00:00;;;;;;;;;;;;;;;;;;;;;;;;277;;;;55;742;98;;;;;
UEB;11.04.2014 00:00;;;;;;;;;;;;;;;;;;;;;;;;288;;;;45;760;100;;;;;
UEB;12.04.2014 00:00;;;;;;;;;;;;;;;;;;;;;;;;233;;;;109;332;43;;;;;
UEB;13.04.2014 00:00;;;;;;;;;;;;;;;;;;;;;;;;273;;;;86;539;70;;;;;
UEB;14.04.2014 00:00;;;;;;;;;;;;;;;;;;;;;;;;275;;;;68;611;79;;;;;
UEB;15.04.2014 00:00;;;;;;;;;;;;;;;;;;;;;;;;214;;;;79;297;38;;;;;
UEB;16.04.2014 00:00;;;;;;;;;;;;;;;;;;;;;;;;317;;;;49;774;99;;;;;
UEB;17.04.2014 00:00;;;;;;;;;;;;;;;;;;;;;;;;317;;;;45;734;94;;;;;
UEB;18.04.2014 00:00;;;;;;;;;;;;;;;;;;;;;;;;38;;;;37;0;0;;;;;
UEB;19.04.2014 00:00;;;;;;;;;;;;;;;;;;;;;;;;61;;;;59;1;0;;;;;
UEB;20.04.2014 00:00;;;;;;;;;;;;;;;;;;;;;;;;294;;;;71;619;78;;;;;
UEB;21.04.2014 00:00;;;;;;;;;;;;;;;;;;;;;;;;118;;;;105;31;4;;;;;
UEB;22.04.2014 00:00;;;;;;;;;;;;;;;;;;;;;;;;259;;;;135;335;42;;;;;
UEB;23.04.2014 00:00;;;;;;;;;;;;;;;;;;;;;;;;308;;;;53;738;92;;;;;
UEB;24.04.2014 00:00;;;;;;;;;;;;;;;;;;;;;;;;266;;;;74;663;82;;;;;
UEB;25.04.2014 00:00;;;;;;;;;;;;;;;;;;;;;;;;276;;;;115;491;61;;;;;
UEB;26.04.2014 00:00;;;;;;;;;;;;;;;;;;;;;;;;177;;;;121;194;24;;;;;
UEB;27.04.2014 00:00;;;;;;;;;;;;;;;;;;;;;;;;75;;;;73;0;0;;;;;
UEB;28.04.2014 00:00;;;;;;;;;;;;;;;;;;;;;;;;45;;;;44;0;0;;;;;
UEB;29.04.2014 00:00;;;;;;;;;;;;;;;;;;;;;;;;105;;;;103;0;0;;;;;
UEB;30.04.2014 00:00;;;;;;;;;;;;;;;;;;;;;;;;57;;;;56;0;0;;;;;
UEB;01.05.2014 00:00;;;;;;;;;;;;;;;;;;;;;;;;158;;;;129;51;6;;;;;
UEB;02.05.2014 00:00;;;;;;;;;;;;;;;;;;;;;;;;83;;;;77;9;1;;;;;
UEB;03.05.2014 00:00;;;;;;;;;;;;;;;;;;;;;;;;43;;;;43;0;0;;;;;
UEB;04.05.2014 00:00;;;;;;;;;;;;;;;;;;;;;;;;261;;;;114;414;50;;;;;
UEB;05.05.2014 00:00;;;;;;;;;;;;;;;;;;;;;;;;339;;;;68;760;91;;;;;
UEB;06.05.2014 00:00;;;;;;;;;;;;;;;;;;;;;;;;212;;;;148;226;27;;;;;
UEB;07.05.2014 00:00;;;;;;;;;;;;;;;;;;;;;;;;133;;;;80;200;24;;;;;
UEB;08.05.2014 00:00;;;;;;;;;;;;;;;;;;;;;;;;258;;;;128;379;45;;;;;
UEB;09.05.2014 00:00;;;;;;;;;;;;;;;;;;;;;;;;183;;;;141;185;22;;;;;
UEB;10.05.2014 00:00;;;;;;;;;;;;;;;;;;;;;;;;277;;;;150;405;48;;;;;
UEB;11.05.2014 00:00;;;;;;;;;;;;;;;;;;;;;;;;189;;;;112;172;20;;;;;
UEB;12.05.2014 00:00;;;;;;;;;;;;;;;;;;;;;;;;175;;;;139;79;9;;;;;
UEB;13.05.2014 00:00;;;;;;;;;;;;;;;;;;;;;;;;124;;;;95;66;8;;;;;
UEB;14.05.2014 00:00;;;;;;;;;;;;;;;;;;;;;;;;123;;;;93;107;12;;;;;
UEB;15.05.2014 00:00;;;;;;;;;;;;;;;;;;;;;;;;146;;;;99;124;14;;;;;
UEB;16.05.2014 00:00;;;;;;;;;;;;;;;;;;;;;;;;208;;;;132;205;24;;;;;
UEB;17.05.2014 00:00;;;;;;;;;;;;;;;;;;;;;;;;294;;;;116;540;62;;;;;
UEB;18.05.2014 00:00;;;;;;;;;;;;;;;;;;;;;;;;365;;;;49;853;98;;;;;
UEB;19.05.2014 00:00;;;;;;;;;;;;;;;;;;;;;;;;329;;;;56;618;71;;;;;
UEB;20.05.2014 00:00;;;;;;;;;;;;;;;;;;;;;;;;303;;;;110;519;60;;;;;
UEB;21.05.2014 00:00;;;;;;;;;;;;;;;;;;;;;;;;347;;;;96;806;92;;;;;
UEB;22.05.2014 00:00;;;;;;;;;;;;;;;;;;;;;;;;246;;;;143;355;41;;;;;
UEB;23.05.2014 00:00;;;;;;;;;;;;;;;;;;;;;;;;294;;;;87;557;63;;;;;
UEB;24.05.2014 00:00;;;;;;;;;;;;;;;;;;;;;;;;280;;;;108;468;53;;;;;
UEB;25.05.2014 00:00;;;;;;;;;;;;;;;;;;;;;;;;292;;;;149;435;49;;;;;
UEB;26.05.2014 00:00;;;;;;;;;;;;;;;;;;;;;;;;216;;;;155;247;28;;;;;
UEB;27.05.2014 00:00;;;;;;;;;;;;;;;;;;;;;;;;62;;;;60;0;0;;;;;
UEB;28.05.2014 00:00;;;;;;;;;;;;;;;;;;;;;;;;168;;;;147;43;5;;;;;
UEB;29.05.2014 00:00;;;;;;;;;;;;;;;;;;;;;;;;240;;;;127;293;33;;;;;
UEB;30.05.2014 00:00;;;;;;;;;;;;;;;;;;;;;;;;74;;;;71;3;0;;;;;
UEB;31.05.2014 00:00;;;;;;;;;;;;;;;;;;;;;;;;282;;;;130;556;62;;;;;
UEB;01.06.2014 00:00;;;;;;;;;;;;;;;;;;;;;;;;329;;;;90;618;69;;;;;
UEB;02.06.2014 00:00;;;;;;;;;;;;;;;;;;;;;;;;278;;;;139;309;34;;;;;
UEB;03.06.2014 00:00;;;;;;;;;;;;;;;;;;;;;;;;262;;;;145;303;34;;;;;
UEB;04.06.2014 00:00;;;;;;;;;;;;;;;;;;;;;;;;152;;;;126;82;9;;;;;
UEB;05.06.2014 00:00;;;;;;;;;;;;;;;;;;;;;;;;326;;;;124;678;75;;;;;
UEB;06.06.2014 00:00;;;;;;;;;;;;;;;;;;;;;;;;354;;;;101;793;88;;;;;
UEB;07.06.2014 00:00;;;;;;;;;;;;;;;;;;;;;;;;357;;;;76;700;78;;;;;
UEB;08.06.2014 00:00;;;;;;;;;;;;;;;;;;;;;;;;368;;;;76;849;94;;;;;
UEB;09.06.2014 00:00;;;;;;;;;;;;;;;;;;;;;;;;355;;;;74;722;80;;;;;
UEB;10.06.2014 00:00;;;;;;;;;;;;;;;;;;;;;;;;367;;;;67;797;88;;;;;
UEB;11.06.2014 00:00;;;;;;;;;;;;;;;;;;;;;;;;365;;;;75;788;87;;;;;
UEB;12.06.2014 00:00;;;;;;;;;;;;;;;;;;;;;;;;290;;;;96;565;62;;;;;
UEB;13.06.2014 00:00;;;;;;;;;;;;;;;;;;;;;;;;269;;;;132;433;48;;;;;
UEB;14.06.2014 00:00;;;;;;;;;;;;;;;;;;;;;;;;289;;;;127;500;55;;;;;
UEB;15.06.2014 00:00;;;;;;;;;;;;;;;;;;;;;;;;315;;;;106;593;65;;;;;
UEB;16.06.2014 00:00;;;;;;;;;;;;;;;;;;;;;;;;338;;;;96;714;79;;;;;
UEB;17.06.2014 00:00;;;;;;;;;;;;;;;;;;;;;;;;295;;;;116;416;46;;;;;
UEB;18.06.2014 00:00;;;;;;;;;;;;;;;;;;;;;;;;333;;;;102;665;73;;;;;
UEB;19.06.2014 00:00;;;;;;;;;;;;;;;;;;;;;;;;305;;;;124;558;61;;;;;
UEB;20.06.2014 00:00;;;;;;;;;;;;;;;;;;;;;;;;313;;;;161;402;44;;;;;
UEB;21.06.2014 00:00;;;;;;;;;;;;;;;;;;;;;;;;386;;;;57;886;97;;;;;
UEB;22.06.2014 00:00;;;;;;;;;;;;;;;;;;;;;;;;335;;;;108;733;80;;;;;
UEB;23.06.2014 00:00;;;;;;;;;;;;;;;;;;;;;;;;244;;;;74;481;53;;;;;
UEB;24.06.2014 00:00;;;;;;;;;;;;;;;;;;;;;;;;232;;;;108;400;44;;;;;
UEB;25.06.2014 00:00;;;;;;;;;;;;;;;;;;;;;;;;242;;;;123;348;38;;;;;
UEB;26.06.2014 00:00;;;;;;;;;;;;;;;;;;;;;;;;345;;;;112;698;77;;;;;
UEB;27.06.2014 00:00;;;;;;;;;;;;;;;;;;;;;;;;350;;;;99;738;81;;;;;
UEB;28.06.2014 00:00;;;;;;;;;;;;;;;;;;;;;;;;192;;;;128;271;30;;;;;
UEB;29.06.2014 00:00;;;;;;;;;;;;;;;;;;;;;;;;59;;;;54;18;2;;;;;
UEB;30.06.2014 00:00;;;;;;;;;;;;;;;;;;;;;;;;213;;;;127;294;33;;;;;
UEB;01.07.2014 00:00;;;;;;;;;;;;;;;;;;;;;;;;363;;;;87;777;86;;;;;
UEB;02.07.2014 00:00;;;;;;;;;;;;;;;;;;;;;;;;76;;;;66;108;12;;;;;
UEB;03.07.2014 00:00;;;;;;;;;;;;;;;;;;;;;;;;372;;;;59;870;96;;;;;
UEB;04.07.2014 00:00;;;;;;;;;;;;;;;;;;;;;;;;180;;;;145;107;12;;;;;
UEB;05.07.2014 00:00;;;;;;;;;;;;;;;;;;;;;;;;152;;;;128;99;11;;;;;
UEB;06.07.2014 00:00;;;;;;;;;;;;;;;;;;;;;;;;351;;;;53;798;89;;;;;
UEB;07.07.2014 00:00;;;;;;;;;;;;;;;;;;;;;;;;172;;;;125;89;10;;;;;
UEB;08.07.2014 00:00;;;;;;;;;;;;;;;;;;;;;;;;58;;;;57;0;0;;;;;
UEB;09.07.2014 00:00;;;;;;;;;;;;;;;;;;;;;;;;49;;;;48;0;0;;;;;
UEB;10.07.2014 00:00;;;;;;;;;;;;;;;;;;;;;;;;50;;;;49;0;0;;;;;
UEB;11.07.2014 00:00;;;;;;;;;;;;;;;;;;;;;;;;107;;;;105;1;0;;;;;
UEB;12.07.2014 00:00;;;;;;;;;;;;;;;;;;;;;;;;169;;;;131;82;9;;;;;
UEB;13.07.2014 00:00;;;;;;;;;;;;;;;;;;;;;;;;177;;;;118;167;19;;;;;
UEB;14.07.2014 00:00;;;;;;;;;;;;;;;;;;;;;;;;214;;;;118;227;26;;;;;
UEB;15.07.2014 00:00;;;;;;;;;;;;;;;;;;;;;;;;295;;;;131;493;56;;;;;
UEB;16.07.2014 00:00;;;;;;;;;;;;;;;;;;;;;;;;357;;;;55;862;97;;;;;
UEB;17.07.2014 00:00;;;;;;;;;;;;;;;;;;;;;;;;360;;;;58;865;98;;;;;
UEB;18.07.2014 00:00;;;;;;;;;;;;;;;;;;;;;;;;374;;;;45;883;100;;;;;
UEB;19.07.2014 00:00;;;;;;;;;;;;;;;;;;;;;;;;334;;;;99;705;80;;;;;
UEB;20.07.2014 00:00;;;;;;;;;;;;;;;;;;;;;;;;161;;;;130;121;14;;;;;
UEB;21.07.2014 00:00;;;;;;;;;;;;;;;;;;;;;;;;107;;;;102;6;1;;;;;
UEB;22.07.2014 00:00;;;;;;;;;;;;;;;;;;;;;;;;45;;;;44;0;0;;;;;
UEB;23.07.2014 00:00;;;;;;;;;;;;;;;;;;;;;;;;189;;;;148;184;21;;;;;
UEB;24.07.2014 00:00;;;;;;;;;;;;;;;;;;;;;;;;272;;;;115;412;47;;;;;
UEB;25.07.2014 00:00;;;;;;;;;;;;;;;;;;;;;;;;338;;;;74;695;80;;;;;
UEB;26.07.2014 00:00;;;;;;;;;;;;;;;;;;;;;;;;63;;;;62;0;0;;;;;
UEB;27.07.2014 00:00;;;;;;;;;;;;;;;;;;;;;;;;91;;;;89;0;0;;;;;
UEB;28.07.2014 00:00;;;;;;;;;;;;;;;;;;;;;;;;237;;;;144;348;41;;;;;
UEB;29.07.2014 00:00;;;;;;;;;;;;;;;;;;;;;;;;124;;;;114;35;4;;;;;
UEB;30.07.2014 00:00;;;;;;;;;;;;;;;;;;;;;;;;67;;;;66;0;0;;;;;
UEB;31.07.2014 00:00;;;;;;;;;;;;;;;;;;;;;;;;243;;;;124;391;46;;;;;
UEB;01.08.2014 00:00;;;;;;;;;;;;;;;;;;;;;;;;291;;;;92;588;70;;;;;
UEB;02.08.2014 00:00;;;;;;;;;;;;;;;;;;;;;;;;205;;;;125;221;26;;;;;
UEB;03.08.2014 00:00;;;;;;;;;;;;;;;;;;;;;;;;145;;;;114;101;12;;;;;
UEB;04.08.2014 00:00;;;;;;;;;;;;;;;;;;;;;;;;271;;;;99;507;60;;;;;
UEB;05.08.2014 00:00;;;;;;;;;;;;;;;;;;;;;;;;264;;;;105;383;46;;;;;
UEB;06.08.2014 00:00;;;;;;;;;;;;;;;;;;;;;;;;242;;;;109;435;52;;;;;
UEB;07.08.2014 00:00;;;;;;;;;;;;;;;;;;;;;;;;200;;;;121;251;30;;;;;
UEB;08.08.2014 00:00;;;;;;;;;;;;;;;;;;;;;;;;260;;;;98;553;67;;;;;
UEB;09.08.2014 00:00;;;;;;;;;;;;;;;;;;;;;;;;204;;;;113;237;29;;;;;
UEB;10.08.2014 00:00;;;;;;;;;;;;;;;;;;;;;;;;192;;;;116;203;25;;;;;
UEB;11.08.2014 00:00;;;;;;;;;;;;;;;;;;;;;;;;56;;;;54;0;0;;;;;
UEB;12.08.2014 00:00;;;;;;;;;;;;;;;;;;;;;;;;247;;;;119;396;48;;;;;
UEB;13.08.2014 00:00;;;;;;;;;;;;;;;;;;;;;;;;73;;;;55;67;8;;;;;
UEB;14.08.2014 00:00;;;;;;;;;;;;;;;;;;;;;;;;207;;;;102;261;32;;;;;
UEB;15.08.2014 00:00;;;;;;;;;;;;;;;;;;;;;;;;149;;;;106;109;13;;;;;
UEB;16.08.2014 00:00;;;;;;;;;;;;;;;;;;;;;;;;178;;;;102;201;25;;;;;
UEB;17.08.2014 00:00;;;;;;;;;;;;;;;;;;;;;;;;286;;;;79;643;80;;;;;
UEB;18.08.2014 00:00;;;;;;;;;;;;;;;;;;;;;;;;273;;;;104;537;67;;;;;
UEB;19.08.2014 00:00;;;;;;;;;;;;;;;;;;;;;;;;179;;;;116;175;22;;;;;
UEB;20.08.2014 00:00;;;;;;;;;;;;;;;;;;;;;;;;173;;;;120;167;21;;;;;
UEB;21.08.2014 00:00;;;;;;;;;;;;;;;;;;;;;;;;223;;;;102;350;44;;;;;
UEB;22.08.2014 00:00;;;;;;;;;;;;;;;;;;;;;;;;290;;;;74;638;81;;;;;
UEB;23.08.2014 00:00;;;;;;;;;;;;;;;;;;;;;;;;88;;;;82;18;2;;;;;
UEB;24.08.2014 00:00;;;;;;;;;;;;;;;;;;;;;;;;252;;;;112;424;54;;;;;
UEB;25.08.2014 00:00;;;;;;;;;;;;;;;;;;;;;;;;130;;;;115;41;5;;;;;
UEB;26.08.2014 00:00;;;;;;;;;;;;;;;;;;;;;;;;60;;;;59;0;0;;;;;
UEB;27.08.2014 00:00;;;;;;;;;;;;;;;;;;;;;;;;164;;;;123;119;15;;;;;
UEB;28.08.2014 00:00;;;;;;;;;;;;;;;;;;;;;;;;237;;;;79;513;67;;;;;
UEB;29.08.2014 00:00;;;;;;;;;;;;;;;;;;;;;;;;123;;;;98;47;6;;;;;
UEB;30.08.2014 00:00;;;;;;;;;;;;;;;;;;;;;;;;196;;;;104;324;43;;;;;
UEB;31.08.2014 00:00;;;;;;;;;;;;;;;;;;;;;;;;50;;;;49;0;0;;;;;
UEB;01.09.2014 00:00;;;;;;;;;;;;;;;;;;;;;;;;117;;;;84;80;11;;;;;
UEB;02.09.2014 00:00;;;;;;;;;;;;;;;;;;;;;;;;182;;;;100;247;33;;;;;
UEB;03.09.2014 00:00;;;;;;;;;;;;;;;;;;;;;;;;85;;;;78;12;2;;;;;
UEB;04.09.2014 00:00;;;;;;;;;;;;;;;;;;;;;;;;181;;;;114;183;24;;;;;
UEB;05.09.2014 00:00;;;;;;;;;;;;;;;;;;;;;;;;149;;;;110;172;23;;;;;
UEB;06.09.2014 00:00;;;;;;;;;;;;;;;;;;;;;;;;187;;;;70;470;63;;;;;
UEB;07.09.2014 00:00;;;;;;;;;;;;;;;;;;;;;;;;234;;;;78;592;80;;;;;
UEB;08.09.2014 00:00;;;;;;;;;;;;;;;;;;;;;;;;236;;;;56;588;80;;;;;
UEB;09.09.2014 00:00;;;;;;;;;;;;;;;;;;;;;;;;158;;;;100;221;30;;;;;
UEB;10.09.2014 00:00;;;;;;;;;;;;;;;;;;;;;;;;196;;;;128;209;29;;;;;
UEB;11.09.2014 00:00;;;;;;;;;;;;;;;;;;;;;;;;147;;;;115;80;11;;;;;
UEB;12.09.2014 00:00;;;;;;;;;;;;;;;;;;;;;;;;75;;;;69;12;2;;;;;
UEB;13.09.2014 00:00;;;;;;;;;;;;;;;;;;;;;;;;151;;;;93;248;34;;;;;
UEB;14.09.2014 00:00;;;;;;;;;;;;;;;;;;;;;;;;146;;;;83;176;24;;;;;
UEB;15.09.2014 00:00;;;;;;;;;;;;;;;;;;;;;;;;195;;;;114;291;41;;;;;
UEB;16.09.2014 00:00;;;;;;;;;;;;;;;;;;;;;;;;221;;;;48;644;90;;;;;
UEB;17.09.2014 00:00;;;;;;;;;;;;;;;;;;;;;;;;212;;;;76;519;73;;;;;
UEB;18.09.2014 00:00;;;;;;;;;;;;;;;;;;;;;;;;97;;;;89;33;5;;;;;
UEB;19.09.2014 00:00;;;;;;;;;;;;;;;;;;;;;;;;134;;;;88;154;22;;;;;
UEB;20.09.2014 00:00;;;;;;;;;;;;;;;;;;;;;;;;159;;;;81;244;35;;;;;
UEB;21.09.2014 00:00;;;;;;;;;;;;;;;;;;;;;;;;108;;;;68;108;16;;;;;
UEB;22.09.2014 00:00;;;;;;;;;;;;;;;;;;;;;;;;122;;;;80;196;28;;;;;
UEB;23.09.2014 00:00;;;;;;;;;;;;;;;;;;;;;;;;238;;;;35;689;100;;;;;
UEB;24.09.2014 00:00;;;;;;;;;;;;;;;;;;;;;;;;168;;;;79;395;57;;;;;
UEB;25.09.2014 00:00;;;;;;;;;;;;;;;;;;;;;;;;121;;;;71;261;38;;;;;
UEB;26.09.2014 00:00;;;;;;;;;;;;;;;;;;;;;;;;182;;;;91;432;63;;;;;
UEB;27.09.2014 00:00;;;;;;;;;;;;;;;;;;;;;;;;213;;;;35;677;100;;;;;
UEB;28.09.2014 00:00;;;;;;;;;;;;;;;;;;;;;;;;212;;;;47;660;98;;;;;
UEB;29.09.2014 00:00;;;;;;;;;;;;;;;;;;;;;;;;202;;;;46;593;89;;;;;
UEB;30.09.2014 00:00;;;;;;;;;;;;;;;;;;;;;;;;40;;;;39;0;0;;;;;
UEB;01.10.2014 00:00;;;;;;;;;;;;;;;;;;;;;;;;98;;;;59;133;20;;;;;
UEB;02.10.2014 00:00;;;;;;;;;;;;;;;;;;;;;;;;140;;;;87;202;30;;;;;
UEB;03.10.2014 00:00;;;;;;;;;;;;;;;;;;;;;;;;47;;;;44;44;7;;;;;
UEB;04.10.2014 00:00;;;;;;;;;;;;;;;;;;;;;;;;137;;;;97;179;27;;;;;
UEB;05.10.2014 00:00;;;;;;;;;;;;;;;;;;;;;;;;164;;;;82;527;81;;;;;
UEB;06.10.2014 00:00;;;;;;;;;;;;;;;;;;;;;;;;169;;;;66;473;73;;;;;
UEB;07.10.2014 00:00;;;;;;;;;;;;;;;;;;;;;;;;76;;;;65;33;5;;;;;
UEB;08.10.2014 00:00;;;;;;;;;;;;;;;;;;;;;;;;128;;;;88;200;31;;;;;
UEB;09.10.2014 00:00;;;;;;;;;;;;;;;;;;;;;;;;181;;;;35;559;88;;;;;
UEB;10.10.2014 00:00;;;;;;;;;;;;;;;;;;;;;;;;115;;;;84;107;17;;;;;
UEB;11.10.2014 00:00;;;;;;;;;;;;;;;;;;;;;;;;69;;;;64;5;1;;;;;
UEB;12.10.2014 00:00;;;;;;;;;;;;;;;;;;;;;;;;144;;;;73;261;41;;;;;
UEB;13.10.2014 00:00;;;;;;;;;;;;;;;;;;;;;;;;31;;;;30;0;0;;;;;
UEB;14.10.2014 00:00;;;;;;;;;;;;;;;;;;;;;;;;157;;;;55;554;89;;;;;
UEB;15.10.2014 00:00;;;;;;;;;;;;;;;;;;;;;;;;126;;;;71;213;34;;;;;
UEB;16.10.2014 00:00;;;;;;;;;;;;;;;;;;;;;;;;43;;;;40;9;1;;;;;
UEB;17.10.2014 00:00;;;;;;;;;;;;;;;;;;;;;;;;112;;;;55;262;43;;;;;
UEB;18.10.2014 00:00;;;;;;;;;;;;;;;;;;;;;;;;163;;;;32;612;100;;;;;
UEB;19.10.2014 00:00;;;;;;;;;;;;;;;;;;;;;;;;163;;;;32;555;91;;;;;
UEB;20.10.2014 00:00;;;;;;;;;;;;;;;;;;;;;;;;115;;;;59;279;46;;;;;
UEB;21.10.2014 00:00;;;;;;;;;;;;;;;;;;;;;;;;71;;;;51;91;15;;;;;
UEB;22.10.2014 00:00;;;;;;;;;;;;;;;;;;;;;;;;39;;;;36;6;1;;;;;
UEB;23.10.2014 00:00;;;;;;;;;;;;;;;;;;;;;;;;74;;;;56;66;11;;;;;
UEB;24.10.2014 00:00;;;;;;;;;;;;;;;;;;;;;;;;105;;;;53;263;44;;;;;
UEB;25.10.2014 00:00;;;;;;;;;;;;;;;;;;;;;;;;50;;;;48;0;0;;;;;
UEB;26.10.2014 00:00;;;;;;;;;;;;;;;;;;;;;;;;122;;;;44;352;60;;;;;
UEB;27.10.2014 00:00;;;;;;;;;;;;;;;;;;;;;;;;59;;;;58;0;0;;;;;
UEB;28.10.2014 00:00;;;;;;;;;;;;;;;;;;;;;;;;88;;;;52;232;40;;;;;
UEB;29.10.2014 00:00;;;;;;;;;;;;;;;;;;;;;;;;145;;;;38;523;90;;;;;
UEB;30.10.2014 00:00;;;;;;;;;;;;;;;;;;;;;;;;98;;;;59;250;43;;;;;
UEB;31.10.2014 00:00;;;;;;;;;;;;;;;;;;;;;;;;125;;;;47;469;81;;;;;
UEB;01.11.2014 00:00;;;;;;;;;;;;;;;;;;;;;;;;134;;;;36;554;97;;;;;
UEB;02.11.2014 00:00;;;;;;;;;;;;;;;;;;;;;;;;134;;;;36;544;96;;;;;
UEB;03.11.2014 00:00;;;;;;;;;;;;;;;;;;;;;;;;131;;;;49;406;71;;;;;
UEB;04.11.2014 00:00;;;;;;;;;;;;;;;;;;;;;;;;82;;;;56;127;23;;;;;
UEB;05.11.2014 00:00;;;;;;;;;;;;;;;;;;;;;;;;13;;;;11;0;0;;;;;
UEB;06.11.2014 00:00;;;;;;;;;;;;;;;;;;;;;;;;67;;;;60;17;3;;;;;
UEB;07.11.2014 00:00;;;;;;;;;;;;;;;;;;;;;;;;117;;;;42;380;69;;;;;
UEB;08.11.2014 00:00;;;;;;;;;;;;;;;;;;;;;;;;124;;;;27;511;94;;;;;
UEB;09.11.2014 00:00;;;;;;;;;;;;;;;;;;;;;;;;99;;;;55;320;59;;;;;
UEB;10.11.2014 00:00;;;;;;;;;;;;;;;;;;;;;;;;27;;;;26;0;0;;;;;
UEB;11.11.2014 00:00;;;;;;;;;;;;;;;;;;;;;;;;60;;;;54;23;4;;;;;
UEB;12.11.2014 00:00;;;;;;;;;;;;;;;;;;;;;;;;47;;;;45;0;0;;;;;
UEB;13.11.2014 00:00;;;;;;;;;;;;;;;;;;;;;;;;37;;;;35;3;1;;;;;
UEB;14.11.2014 00:00;;;;;;;;;;;;;;;;;;;;;;;;108;;;;52;417;78;;;;;
UEB;15.11.2014 00:00;;;;;;;;;;;;;;;;;;;;;;;;66;;;;37;166;31;;;;;
UEB;16.11.2014 00:00;;;;;;;;;;;;;;;;;;;;;;;;72;;;;36;194;37;;;;;
UEB;17.11.2014 00:00;;;;;;;;;;;;;;;;;;;;;;;;40;;;;28;43;8;;;;;
UEB;18.11.2014 00:00;;;;;;;;;;;;;;;;;;;;;;;;53;;;;41;46;9;;;;;
UEB;19.11.2014 00:00;;;;;;;;;;;;;;;;;;;;;;;;75;;;;43;144;28;;;;;
UEB;20.11.2014 00:00;;;;;;;;;;;;;;;;;;;;;;;;81;;;;54;120;23;;;;;
UEB;21.11.2014 00:00;;;;;;;;;;;;;;;;;;;;;;;;101;;;;57;286;55;;;;;
UEB;22.11.2014 00:00;;;;;;;;;;;;;;;;;;;;;;;;96;;;;36;416;81;;;;;
UEB;23.11.2014 00:00;;;;;;;;;;;;;;;;;;;;;;;;99;;;;36;450;88;;;;;
UEB;24.11.2014 00:00;;;;;;;;;;;;;;;;;;;;;;;;72;;;;40;189;37;;;;;
UEB;25.11.2014 00:00;;;;;;;;;;;;;;;;;;;;;;;;30;;;;29;0;0;;;;;
UEB;26.11.2014 00:00;;;;;;;;;;;;;;;;;;;;;;;;52;;;;48;14;3;;;;;
UEB;27.11.2014 00:00;;;;;;;;;;;;;;;;;;;;;;;;53;;;;50;10;2;;;;;
UEB;28.11.2014 00:00;;;;;;;;;;;;;;;;;;;;;;;;90;;;;38;289;58;;;;;
UEB;29.11.2014 00:00;;;;;;;;;;;;;;;;;;;;;;;;88;;;;31;390;78;;;;;
UEB;30.11.2014 00:00;;;;;;;;;;;;;;;;;;;;;;;;77;;;;38;257;52;;;;;
UEB;01.12.2014 00:00;;;;;;;;;;;;;;;;;;;;;;;;18;;;;17;0;0;;;;;
UEB;02.12.2014 00:00;;;;;;;;;;;;;;;;;;;;;;;;21;;;;20;0;0;;;;;
UEB;03.12.2014 00:00;;;;;;;;;;;;;;;;;;;;;;;;20;;;;19;0;0;;;;;
UEB;04.12.2014 00:00;;;;;;;;;;;;;;;;;;;;;;;;25;;;;24;0;0;;;;;
UEB;05.12.2014 00:00;;;;;;;;;;;;;;;;;;;;;;;;29;;;;28;0;0;;;;;
UEB;06.12.2014 00:00;;;;;;;;;;;;;;;;;;;;;;;;21;;;;20;0;0;;;;;
UEB;07.12.2014 00:00;;;;;;;;;;;;;;;;;;;;;;;;16;;;;15;0;0;;;;;
UEB;08.12.2014 00:00;;;;;;;;;;;;;;;;;;;;;;;;16;;;;15;0;0;;;;;
UEB;09.12.2014 00:00;;;;;;;;;;;;;;;;;;;;;;;;23;;;;22;0;0;;;;;
UEB;10.12.2014 00:00;;;;;;;;;;;;;;;;;;;;;;;;21;;;;20;0;0;;;;;
UEB;11.12.2014 00:00;;;;;;;;;;;;;;;;;;;;;;;;23;;;;21;12;2;;;;;
UEB;12.12.2014 00:00;;;;;;;;;;;;;;;;;;;;;;;;71;;;;25;299;62;;;;;
UEB;13.12.2014 00:00;;;;;;;;;;;;;;;;;;;;;;;;52;;;;37;111;23;;;;;
UEB;14.12.2014 00:00;;;;;;;;;;;;;;;;;;;;;;;;25;;;;23;1;0;;;;;
UEB;15.12.2014 00:00;;;;;;;;;;;;;;;;;;;;;;;;23;;;;21;2;0;;;;;
UEB;16.12.2014 00:00;;;;;;;;;;;;;;;;;;;;;;;;43;;;;33;63;13;;;;;
UEB;17.12.2014 00:00;;;;;;;;;;;;;;;;;;;;;;;;11;;;;10;0;0;;;;;
UEB;18.12.2014 00:00;;;;;;;;;;;;;;;;;;;;;;;;8;;;;7;0;0;;;;;
UEB;19.12.2014 00:00;;;;;;;;;;;;;;;;;;;;;;;;64;;;;35;212;44;;;;;
UEB;20.12.2014 00:00;;;;;;;;;;;;;;;;;;;;;;;;63;;;;37;172;36;;;;;
UEB;21.12.2014 00:00;;;;;;;;;;;;;;;;;;;;;;;;61;;;;39;151;32;;;;;
UEB;22.12.2014 00:00;;;;;;;;;;;;;;;;;;;;;;;;76;;;;37;337;71;;;;;
UEB;23.12.2014 00:00;;;;;;;;;;;;;;;;;;;;;;;;90;;;;22;478;100;;;;;
UEB;24.12.2014 00:00;;;;;;;;;;;;;;;;;;;;;;;;68;;;;40;229;48;;;;;
UEB;25.12.2014 00:00;;;;;;;;;;;;;;;;;;;;;;;;13;;;;12;0;0;;;;;
UEB;26.12.2014 00:00;;;;;;;;;;;;;;;;;;;;;;;;45;;;;35;49;10;;;;;
UEB;27.12.2014 00:00;;;;;;;;;;;;;;;;;;;;;;;;10;;;;9;0;0;;;;;
UEB;28.12.2014 00:00;;;;;;;;;;;;;;;;;;;;;;;;17;;;;16;0;0;;;;;
UEB;29.12.2014 00:00;;;;;;;;;;;;;;;;;;;;;;;;23;;;;20;43;9;;;;;
UEB;30.12.2014 00:00;;;;;;;;;;;;;;;;;;;;;;;;19;;;;18;0;0;;;;;
UEB;31.12.2014 00:00;;;;;;;;;;;;;;;;;;;;;;;;80;;;;30;324;66;;;;;
UEB;01.01.2015 00:00;;;;;;;;;;;;;;;;;;;;;;;;88;;;;25;444;91;;;;;
UEB;02.01.2015 00:00;;;;;;;;;;;;;;;;;;;;;;;;36;;;;31;39;8;;;;;
UEB;03.01.2015 00:00;;;;;;;;;;;;;;;;;;;;;;;;18;;;;17;0;0;;;;;
UEB;04.01.2015 00:00;;;;;;;;;;;;;;;;;;;;;;;;82;;;;46;214;43;;;;;
UEB;05.01.2015 00:00;;;;;;;;;;;;;;;;;;;;;;;;91;;;;22;491;100;;;;;
UEB;06.01.2015 00:00;;;;;;;;;;;;;;;;;;;;;;;;93;;;;35;441;89;;;;;
UEB;07.01.2015 00:00;;;;;;;;;;;;;;;;;;;;;;;;68;;;;29;257;52;;;;;
UEB;08.01.2015 00:00;;;;;;;;;;;;;;;;;;;;;;;;50;;;;40;38;8;;;;;
UEB;09.01.2015 00:00;;;;;;;;;;;;;;;;;;;;;;;;17;;;;16;0;0;;;;;
UEB;10.01.2015 00:00;;;;;;;;;;;;;;;;;;;;;;;;66;;;;28;258;52;;;;;
UEB;11.01.2015 00:00;;;;;;;;;;;;;;;;;;;;;;;;33;;;;27;29;6;;;;;
UEB;12.01.2015 00:00;;;;;;;;;;;;;;;;;;;;;;;;54;;;;43;62;12;;;;;
UEB;13.01.2015 00:00;;;;;;;;;;;;;;;;;;;;;;;;88;;;;25;469;94;;;;;
UEB;14.01.2015 00:00;;;;;;;;;;;;;;;;;;;;;;;;19;;;;16;19;4;;;;;
UEB;15.01.2015 00:00;;;;;;;;;;;;;;;;;;;;;;;;48;;;;41;43;9;;;;;
UEB;16.01.2015 00:00;;;;;;;;;;;;;;;;;;;;;;;;43;;;;36;25;5;;;;;
UEB;17.01.2015 00:00;;;;;;;;;;;;;;;;;;;;;;;;16;;;;15;0;0;;;;;
UEB;18.01.2015 00:00;;;;;;;;;;;;;;;;;;;;;;;;70;;;;46;230;45;;;;;
UEB;19.01.2015 00:00;;;;;;;;;;;;;;;;;;;;;;;;55;;;;41;83;16;;;;;
UEB;20.01.2015 00:00;;;;;;;;;;;;;;;;;;;;;;;;37;;;;36;0;0;;;;;
UEB;21.01.2015 00:00;;;;;;;;;;;;;;;;;;;;;;;;26;;;;25;0;0;;;;;
UEB;22.01.2015 00:00;;;;;;;;;;;;;;;;;;;;;;;;29;;;;28;0;0;;;;;
UEB;23.01.2015 00:00;;;;;;;;;;;;;;;;;;;;;;;;14;;;;13;0;0;;;;;
UEB;24.01.2015 00:00;;;;;;;;;;;;;;;;;;;;;;;;27;;;;26;0;0;;;;;
UEB;25.01.2015 00:00;;;;;;;;;;;;;;;;;;;;;;;;44;;;;42;0;0;;;;;
UEB;26.01.2015 00:00;;;;;;;;;;;;;;;;;;;;;;;;26;;;;24;0;0;;;;;
UEB;27.01.2015 00:00;;;;;;;;;;;;;;;;;;;;;;;;49;;;;45;4;1;;;;;
UEB;28.01.2015 00:00;;;;;;;;;;;;;;;;;;;;;;;;74;;;;61;56;11;;;;;
UEB;29.01.2015 00:00;;;;;;;;;;;;;;;;;;;;;;;;25;;;;24;0;0;;;;;
UEB;30.01.2015 00:00;;;;;;;;;;;;;;;;;;;;;;;;39;;;;37;10;2;;;;;
UEB;31.01.2015 00:00;;;;;;;;;;;;;;;;;;;;;;;;83;;;;51;180;33;;;;;
UEB;01.02.2015 00:00;;;;;;;;;;;;;;;;;;;;;;;;54;;;;43;43;8;;;;;
UEB;02.02.2015 00:00;;;;;;;;;;;;;;;;;;;;;;;;30;;;;28;1;0;;;;;
UEB;03.02.2015 00:00;;;;;;;;;;;;;;;;;;;;;;;;55;;;;52;2;0;;;;;
UEB;04.02.2015 00:00;;;;;;;;;;;;;;;;;;;;;;;;35;;;;33;2;0;;;;;
UEB;05.02.2015 00:00;;;;;;;;;;;;;;;;;;;;;;;;10;;;;9;0;0;;;;;
UEB;06.02.2015 00:00;;;;;;;;;;;;;;;;;;;;;;;;12;;;;10;0;0;;;;;
UEB;07.02.2015 00:00;;;;;;;;;;;;;;;;;;;;;;;;35;;;;33;1;0;;;;;
UEB;08.02.2015 00:00;;;;;;;;;;;;;;;;;;;;;;;;57;;;;43;71;12;;;;;
UEB;09.02.2015 00:00;;;;;;;;;;;;;;;;;;;;;;;;74;;;;52;170;30;;;;;
UEB;10.02.2015 00:00;;;;;;;;;;;;;;;;;;;;;;;;145;;;;31;572;99;;;;;
UEB;11.02.2015 00:00;;;;;;;;;;;;;;;;;;;;;;;;154;;;;32;577;100;;;;;
UEB;12.02.2015 00:00;;;;;;;;;;;;;;;;;;;;;;;;156;;;;32;584;100;;;;;
UEB;13.02.2015 00:00;;;;;;;;;;;;;;;;;;;;;;;;133;;;;56;468;81;;;;;
UEB;14.02.2015 00:00;;;;;;;;;;;;;;;;;;;;;;;;131;;;;62;371;63;;;;;
UEB;15.02.2015 00:00;;;;;;;;;;;;;;;;;;;;;;;;173;;;;97;426;73;;;;;
UEB;16.02.2015 00:00;;;;;;;;;;;;;;;;;;;;;;;;164;;;;43;588;99;;;;;
UEB;17.02.2015 00:00;;;;;;;;;;;;;;;;;;;;;;;;163;;;;42;571;96;;;;;
UEB;18.02.2015 00:00;;;;;;;;;;;;;;;;;;;;;;;;45;;;;43;0;0;;;;;
UEB;19.02.2015 00:00;;;;;;;;;;;;;;;;;;;;;;;;173;;;;35;606;100;;;;;
UEB;20.02.2015 00:00;;;;;;;;;;;;;;;;;;;;;;;;173;;;;33;603;100;;;;;
UEB;21.02.2015 00:00;;;;;;;;;;;;;;;;;;;;;;;;40;;;;38;0;0;;;;;
UEB;22.02.2015 00:00;;;;;;;;;;;;;;;;;;;;;;;;91;;;;72;45;7;;;;;
UEB;23.02.2015 00:00;;;;;;;;;;;;;;;;;;;;;;;;22;;;;21;2;0;;;;;
UEB;24.02.2015 00:00;;;;;;;;;;;;;;;;;;;;;;;;57;;;;55;0;0;;;;;
UEB;25.02.2015 00:00;;;;;;;;;;;;;;;;;;;;;;;;123;;;;60;243;39;;;;;
UEB;26.02.2015 00:00;;;;;;;;;;;;;;;;;;;;;;;;187;;;;32;613;99;;;;;
UEB;27.02.2015 00:00;;;;;;;;;;;;;;;;;;;;;;;;29;;;;28;0;0;;;;;
UEB;28.02.2015 00:00;;;;;;;;;;;;;;;;;;;;;;;;74;;;;67;35;6;;;;;
UEB;01.03.2015 00:00;;;;;;;;;;;;;;;;;;;;;;;;54;;;;48;18;3;;;;;
UEB;02.03.2015 00:00;;;;;;;;;;;;;;;;;;;;;;;;41;;;;36;23;4;;;;;
UEB;03.03.2015 00:00;;;;;;;;;;;;;;;;;;;;;;;;150;;;;69;348;55;;;;;
UEB;04.03.2015 00:00;;;;;;;;;;;;;;;;;;;;;;;;87;;;;64;94;15;;;;;
UEB;05.03.2015 00:00;;;;;;;;;;;;;;;;;;;;;;;;121;;;;75;165;26;;;;;
UEB;06.03.2015 00:00;;;;;;;;;;;;;;;;;;;;;;;;203;;;;36;636;98;;;;;
UEB;07.03.2015 00:00;;;;;;;;;;;;;;;;;;;;;;;;186;;;;69;637;98;;;;;
UEB;08.03.2015 00:00;;;;;;;;;;;;;;;;;;;;;;;;189;;;;69;551;85;;;;;
UEB;09.03.2015 00:00;;;;;;;;;;;;;;;;;;;;;;;;211;;;;39;608;92;;;;;
UEB;10.03.2015 00:00;;;;;;;;;;;;;;;;;;;;;;;;182;;;;78;421;63;;;;;
UEB;11.03.2015 00:00;;;;;;;;;;;;;;;;;;;;;;;;122;;;;60;226;34;;;;;
UEB;12.03.2015 00:00;;;;;;;;;;;;;;;;;;;;;;;;224;;;;40;660;99;;;;;
UEB;13.03.2015 00:00;;;;;;;;;;;;;;;;;;;;;;;;219;;;;50;641;96;;;;;
UEB;14.03.2015 00:00;;;;;;;;;;;;;;;;;;;;;;;;215;;;;69;614;91;;;;;
UEB;15.03.2015 00:00;;;;;;;;;;;;;;;;;;;;;;;;144;;;;98;203;30;;;;;
UEB;16.03.2015 00:00;;;;;;;;;;;;;;;;;;;;;;;;159;;;;78;284;42;;;;;
UEB;17.03.2015 00:00;;;;;;;;;;;;;;;;;;;;;;;;191;;;;78;461;67;;;;;
UEB;18.03.2015 00:00;;;;;;;;;;;;;;;;;;;;;;;;218;;;;73;606;88;;;;;
UEB;19.03.2015 00:00;;;;;;;;;;;;;;;;;;;;;;;;220;;;;73;629;91;;;;;
UEB;20.03.2015 00:00;;;;;;;;;;;;;;;;;;;;;;;;196;;;;63;631;91;;;;;
UEB;21.03.2015 00:00;;;;;;;;;;;;;;;;;;;;;;;;37;;;;35;0;0;;;;;
UEB;22.03.2015 00:00;;;;;;;;;;;;;;;;;;;;;;;;45;;;;44;0;0;;;;;
UEB;23.03.2015 00:00;;;;;;;;;;;;;;;;;;;;;;;;210;;;;72;450;64;;;;;
UEB;24.03.2015 00:00;;;;;;;;;;;;;;;;;;;;;;;;220;;;;75;520;73;;;;;
UEB;25.03.2015 00:00;;;;;;;;;;;;;;;;;;;;;;;;76;;;;74;0;0;;;;;
UEB;26.03.2015 00:00;;;;;;;;;;;;;;;;;;;;;;;;48;;;;47;0;0;;;;;
UEB;27.03.2015 00:00;;;;;;;;;;;;;;;;;;;;;;;;163;;;;94;203;28;;;;;
UEB;28.03.2015 00:00;;;;;;;;;;;;;;;;;;;;;;;;227;;;;53;504;70;;;;;
UEB;29.03.2015 00:00;;;;;;;;;;;;;;;;;;;;;;;;63;;;;55;22;3;;;;;
UEB;30.03.2015 00:00;;;;;;;;;;;;;;;;;;;;;;;;102;;;;91;13;2;;;;;
UEB;31.03.2015 00:00;;;;;;;;;;;;;;;;;;;;;;;;67;;;;58;67;9;;;;;
UEB;01.04.2015 00:00;;;;;;;;;;;;;;;;;;;;;;;;89;;;;68;68;9;;;;;
UEB;02.04.2015 00:00;;;;;;;;;;;;;;;;;;;;;;;;25;;;;24;0;0;;;;;
UEB;03.04.2015 00:00;;;;;;;;;;;;;;;;;;;;;;;;201;;;;116;320;43;;;;;
UEB;04.04.2015 00:00;;;;;;;;;;;;;;;;;;;;;;;;40;;;;39;0;0;;;;;
UEB;05.04.2015 00:00;;;;;;;;;;;;;;;;;;;;;;;;143;;;;72;226;30;;;;;
UEB;06.04.2015 00:00;;;;;;;;;;;;;;;;;;;;;;;;167;;;;79;309;41;;;;;
UEB;07.04.2015 00:00;;;;;;;;;;;;;;;;;;;;;;;;296;;;;44;748;99;;;;;
UEB;08.04.2015 00:00;;;;;;;;;;;;;;;;;;;;;;;;295;;;;44;732;97;;;;;
UEB;09.04.2015 00:00;;;;;;;;;;;;;;;;;;;;;;;;293;;;;43;744;98;;;;;
UEB;10.04.2015 00:00;;;;;;;;;;;;;;;;;;;;;;;;274;;;;90;634;84;;;;;
UEB;11.04.2015 00:00;;;;;;;;;;;;;;;;;;;;;;;;154;;;;113;153;20;;;;;
UEB;12.04.2015 00:00;;;;;;;;;;;;;;;;;;;;;;;;278;;;;72;658;86;;;;;
UEB;13.04.2015 00:00;;;;;;;;;;;;;;;;;;;;;;;;284;;;;81;676;88;;;;;
UEB;14.04.2015 00:00;;;;;;;;;;;;;;;;;;;;;;;;288;;;;74;718;93;;;;;
UEB;15.04.2015 00:00;;;;;;;;;;;;;;;;;;;;;;;;304;;;;70;720;92;;;;;
UEB;16.04.2015 00:00;;;;;;;;;;;;;;;;;;;;;;;;186;;;;123;161;21;;;;;
UEB;17.04.2015 00:00;;;;;;;;;;;;;;;;;;;;;;;;33;;;;32;0;0;;;;;
UEB;18.04.2015 00:00;;;;;;;;;;;;;;;;;;;;;;;;221;;;;113;358;45;;;;;
UEB;19.04.2015 00:00;;;;;;;;;;;;;;;;;;;;;;;;326;;;;45;788;99;;;;;
UEB;20.04.2015 00:00;;;;;;;;;;;;;;;;;;;;;;;;317;;;;76;758;96;;;;;
UEB;21.04.2015 00:00;;;;;;;;;;;;;;;;;;;;;;;;324;;;;48;779;98;;;;;
UEB;22.04.2015 00:00;;;;;;;;;;;;;;;;;;;;;;;;328;;;;44;799;100;;;;;
UEB;23.04.2015 00:00;;;;;;;;;;;;;;;;;;;;;;;;328;;;;51;787;98;;;;;
UEB;24.04.2015 00:00;;;;;;;;;;;;;;;;;;;;;;;;325;;;;52;781;97;;;;;
UEB;25.04.2015 00:00;;;;;;;;;;;;;;;;;;;;;;;;117;;;;105;14;2;;;;;
UEB;26.04.2015 00:00;;;;;;;;;;;;;;;;;;;;;;;;221;;;;145;296;37;;;;;
UEB;27.04.2015 00:00;;;;;;;;;;;;;;;;;;;;;;;;205;;;;120;264;33;;;;;
UEB;28.04.2015 00:00;;;;;;;;;;;;;;;;;;;;;;;;53;;;;50;12;1;;;;;
UEB;29.04.2015 00:00;;;;;;;;;;;;;;;;;;;;;;;;277;;;;132;513;63;;;;;
UEB;30.04.2015 00:00;;;;;;;;;;;;;;;;;;;;;;;;260;;;;94;458;56;;;;;
UEB;01.05.2015 00:00;;;;;;;;;;;;;;;;;;;;;;;;49;;;;47;0;0;;;;;
UEB;02.05.2015 00:00;;;;;;;;;;;;;;;;;;;;;;;;152;;;;127;46;6;;;;;
UEB;03.05.2015 00:00;;;;;;;;;;;;;;;;;;;;;;;;79;;;;76;5;1;;;;;
UEB;04.05.2015 00:00;;;;;;;;;;;;;;;;;;;;;;;;126;;;;114;23;3;;;;;
UEB;05.05.2015 00:00;;;;;;;;;;;;;;;;;;;;;;;;125;;;;109;35;4;;;;;
UEB;06.05.2015 00:00;;;;;;;;;;;;;;;;;;;;;;;;240;;;;99;295;35;;;;;
UEB;07.05.2015 00:00;;;;;;;;;;;;;;;;;;;;;;;;281;;;;119;414;49;;;;;
UEB;08.05.2015 00:00;;;;;;;;;;;;;;;;;;;;;;;;263;;;;75;528;63;;;;;
UEB;09.05.2015 00:00;;;;;;;;;;;;;;;;;;;;;;;;196;;;;142;171;20;;;;;
UEB;10.05.2015 00:00;;;;;;;;;;;;;;;;;;;;;;;;313;;;;75;638;75;;;;;
UEB;11.05.2015 00:00;;;;;;;;;;;;;;;;;;;;;;;;324;;;;135;733;86;;;;;
UEB;12.05.2015 00:00;;;;;;;;;;;;;;;;;;;;;;;;326;;;;122;693;81;;;;;
UEB;13.05.2015 00:00;;;;;;;;;;;;;;;;;;;;;;;;290;;;;118;604;71;;;;;
UEB;14.05.2015 00:00;;;;;;;;;;;;;;;;;;;;;;;;257;;;;133;350;41;;;;;
UEB;15.05.2015 00:00;;;;;;;;;;;;;;;;;;;;;;;;40;;;;39;0;0;;;;;
UEB;16.05.2015 00:00;;;;;;;;;;;;;;;;;;;;;;;;259;;;;181;262;30;;;;;
UEB;17.05.2015 00:00;;;;;;;;;;;;;;;;;;;;;;;;265;;;;152;381;44;;;;;
UEB;18.05.2015 00:00;;;;;;;;;;;;;;;;;;;;;;;;359;;;;60;819;94;;;;;
UEB;19.05.2015 00:00;;;;;;;;;;;;;;;;;;;;;;;;58;;;;56;0;0;;;;;
UEB;20.05.2015 00:00;;;;;;;;;;;;;;;;;;;;;;;;85;;;;81;0;0;;;;;
UEB;21.05.2015 00:00;;;;;;;;;;;;;;;;;;;;;;;;88;;;;83;10;1;;;;;
UEB;22.05.2015 00:00;;;;;;;;;;;;;;;;;;;;;;;;208;;;;132;191;22;;;;;
UEB;23.05.2015 00:00;;;;;;;;;;;;;;;;;;;;;;;;200;;;;169;60;7;;;;;
UEB;24.05.2015 00:00;;;;;;;;;;;;;;;;;;;;;;;;259;;;;164;284;32;;;;;
UEB;25.05.2015 00:00;;;;;;;;;;;;;;;;;;;;;;;;167;;;;126;69;8;;;;;
UEB;26.05.2015 00:00;;;;;;;;;;;;;;;;;;;;;;;;62;;;;60;0;0;;;;;
UEB;27.05.2015 00:00;;;;;;;;;;;;;;;;;;;;;;;;271;;;;112;546;61;;;;;
UEB;28.05.2015 00:00;;;;;;;;;;;;;;;;;;;;;;;;377;;;;73;821;92;;;;;
UEB;29.05.2015 00:00;;;;;;;;;;;;;;;;;;;;;;;;341;;;;106;651;73;;;;;
UEB;30.05.2015 00:00;;;;;;;;;;;;;;;;;;;;;;;;246;;;;144;299;34;;;;;
UEB;31.05.2015 00:00;;;;;;;;;;;;;;;;;;;;;;;;331;;;;145;663;74;;;;;
UEB;01.06.2015 00:00;;;;;;;;;;;;;;;;;;;;;;;;323;;;;101;603;67;;;;;
UEB;02.06.2015 00:00;;;;;;;;;;;;;;;;;;;;;;;;315;;;;102;602;67;;;;;
UEB;03.06.2015 00:00;;;;;;;;;;;;;;;;;;;;;;;;351;;;;63;771;86;;;;;
UEB;04.06.2015 00:00;;;;;;;;;;;;;;;;;;;;;;;;365;;;;53;886;99;;;;;
UEB;05.06.2015 00:00;;;;;;;;;;;;;;;;;;;;;;;;363;;;;55;872;97;;;;;
UEB;06.06.2015 00:00;;;;;;;;;;;;;;;;;;;;;;;;350;;;;76;638;71;;;;;
UEB;07.06.2015 00:00;;;;;;;;;;;;;;;;;;;;;;;;360;;;;58;769;85;;;;;
UEB;08.06.2015 00:00;;;;;;;;;;;;;;;;;;;;;;;;189;;;;141;109;12;;;;;
UEB;09.06.2015 00:00;;;;;;;;;;;;;;;;;;;;;;;;49;;;;48;0;0;;;;;
UEB;10.06.2015 00:00;;;;;;;;;;;;;;;;;;;;;;;;108;;;;104;4;0;;;;;
UEB;11.06.2015 00:00;;;;;;;;;;;;;;;;;;;;;;;;346;;;;98;733;81;;;;;
UEB;12.06.2015 00:00;;;;;;;;;;;;;;;;;;;;;;;;315;;;;110;673;74;;;;;
UEB;13.06.2015 00:00;;;;;;;;;;;;;;;;;;;;;;;;294;;;;122;484;53;;;;;
UEB;14.06.2015 00:00;;;;;;;;;;;;;;;;;;;;;;;;219;;;;152;243;27;;;;;
UEB;15.06.2015 00:00;;;;;;;;;;;;;;;;;;;;;;;;83;;;;81;0;0;;;;;
UEB;16.06.2015 00:00;;;;;;;;;;;;;;;;;;;;;;;;109;;;;104;2;0;;;;;
UEB;17.06.2015 00:00;;;;;;;;;;;;;;;;;;;;;;;;346;;;;110;593;65;;;;;
UEB;18.06.2015 00:00;;;;;;;;;;;;;;;;;;;;;;;;104;;;;98;11;1;;;;;
UEB;19.06.2015 00:00;;;;;;;;;;;;;;;;;;;;;;;;310;;;;130;415;46;;;;;
UEB;20.06.2015 00:00;;;;;;;;;;;;;;;;;;;;;;;;152;;;;116;74;8;;;;;
UEB;21.06.2015 00:00;;;;;;;;;;;;;;;;;;;;;;;;102;;;;89;26;3;;;;;
UEB;22.06.2015 00:00;;;;;;;;;;;;;;;;;;;;;;;;224;;;;124;367;40;;;;;
UEB;23.06.2015 00:00;;;;;;;;;;;;;;;;;;;;;;;;269;;;;144;279;31;;;;;
UEB;24.06.2015 00:00;;;;;;;;;;;;;;;;;;;;;;;;369;;;;58;879;97;;;;;
UEB;25.06.2015 00:00;;;;;;;;;;;;;;;;;;;;;;;;348;;;;132;792;87;;;;;
UEB;26.06.2015 00:00;;;;;;;;;;;;;;;;;;;;;;;;361;;;;73;777;86;;;;;
UEB;27.06.2015 00:00;;;;;;;;;;;;;;;;;;;;;;;;274;;;;120;465;51;;;;;
UEB;28.06.2015 00:00;;;;;;;;;;;;;;;;;;;;;;;;371;;;;54;837;92;;;;;
UEB;29.06.2015 00:00;;;;;;;;;;;;;;;;;;;;;;;;287;;;;162;400;44;;;;;
UEB;30.06.2015 00:00;;;;;;;;;;;;;;;;;;;;;;;;376;;;;44;895;99;;;;;
UEB;01.07.2015 00:00;;;;;;;;;;;;;;;;;;;;;;;;366;;;;50;892;99;;;;;
UEB;02.07.2015 00:00;;;;;;;;;;;;;;;;;;;;;;;;360;;;;69;836;93;;;;;
UEB;03.07.2015 00:00;;;;;;;;;;;;;;;;;;;;;;;;342;;;;95;639;71;;;;;
UEB;04.07.2015 00:00;;;;;;;;;;;;;;;;;;;;;;;;361;;;;82;835;92;;;;;
UEB;05.07.2015 00:00;;;;;;;;;;;;;;;;;;;;;;;;340;;;;98;715;79;;;;;
UEB;06.07.2015 00:00;;;;;;;;;;;;;;;;;;;;;;;;272;;;;117;519;58;;;;;
UEB;08.07.2015 00:00;;;;;;;;;;;;;;;;;;;;;;;;160;;;;125;128;14;;;;;
UEB;09.07.2015 00:00;;;;;;;;;;;;;;;;;;;;;;;;278;;;;126;479;53;;;;;
UEB;10.07.2015 00:00;;;;;;;;;;;;;;;;;;;;;;;;382;;;;50;887;99;;;;;
UEB;11.07.2015 00:00;;;;;;;;;;;;;;;;;;;;;;;;359;;;;73;867;97;;;;;
UEB;12.07.2015 00:00;;;;;;;;;;;;;;;;;;;;;;;;339;;;;104;738;83;;;;;
UEB;13.07.2015 00:00;;;;;;;;;;;;;;;;;;;;;;;;234;;;;161;189;21;;;;;
UEB;14.07.2015 00:00;;;;;;;;;;;;;;;;;;;;;;;;354;;;;70;849;96;;;;;
UEB;15.07.2015 00:00;;;;;;;;;;;;;;;;;;;;;;;;364;;;;62;860;97;;;;;
UEB;16.07.2015 00:00;;;;;;;;;;;;;;;;;;;;;;;;358;;;;66;860;97;;;;;
UEB;17.07.2015 00:00;;;;;;;;;;;;;;;;;;;;;;;;265;;;;89;548;62;;;;;
UEB;18.07.2015 00:00;;;;;;;;;;;;;;;;;;;;;;;;177;;;;84;315;36;;;;;
UEB;19.07.2015 00:00;;;;;;;;;;;;;;;;;;;;;;;;300;;;;127;510;58;;;;;
UEB;20.07.2015 00:00;;;;;;;;;;;;;;;;;;;;;;;;346;;;;58;836;95;;;;;
UEB;21.07.2015 00:00;;;;;;;;;;;;;;;;;;;;;;;;350;;;;49;866;99;;;;;
UEB;22.07.2015 00:00;;;;;;;;;;;;;;;;;;;;;;;;266;;;;71;535;61;;;;;
UEB;23.07.2015 00:00;;;;;;;;;;;;;;;;;;;;;;;;182;;;;126;196;22;;;;;
UEB;24.07.2015 00:00;;;;;;;;;;;;;;;;;;;;;;;;305;;;;56;643;74;;;;;
UEB;25.07.2015 00:00;;;;;;;;;;;;;;;;;;;;;;;;147;;;;102;230;27;;;;;
UEB;26.07.2015 00:00;;;;;;;;;;;;;;;;;;;;;;;;211;;;;116;390;45;;;;;
UEB;27.07.2015 00:00;;;;;;;;;;;;;;;;;;;;;;;;315;;;;82;602;70;;;;;
UEB;28.07.2015 00:00;;;;;;;;;;;;;;;;;;;;;;;;139;;;;128;24;3;;;;;
UEB;29.07.2015 00:00;;;;;;;;;;;;;;;;;;;;;;;;73;;;;72;0;0;;;;;
UEB;30.07.2015 00:00;;;;;;;;;;;;;;;;;;;;;;;;320;;;;99;583;68;;;;;
UEB;31.07.2015 00:00;;;;;;;;;;;;;;;;;;;;;;;;325;;;;91;616;73;;;;;
UEB;01.08.2015 00:00;;;;;;;;;;;;;;;;;;;;;;;;132;;;;117;18;2;;;;;
UEB;02.08.2015 00:00;;;;;;;;;;;;;;;;;;;;;;;;291;;;;73;570;67;;;;;
UEB;03.08.2015 00:00;;;;;;;;;;;;;;;;;;;;;;;;341;;;;40;844;100;;;;;
UEB;04.08.2015 00:00;;;;;;;;;;;;;;;;;;;;;;;;175;;;;127;242;29;;;;;
UEB;05.08.2015 00:00;;;;;;;;;;;;;;;;;;;;;;;;330;;;;54;816;97;;;;;
UEB;06.08.2015 00:00;;;;;;;;;;;;;;;;;;;;;;;;300;;;;85;727;87;;;;;
UEB;07.08.2015 00:00;;;;;;;;;;;;;;;;;;;;;;;;258;;;;90;545;66;;;;;
UEB;08.08.2015 00:00;;;;;;;;;;;;;;;;;;;;;;;;317;;;;66;731;88;;;;;
UEB;09.08.2015 00:00;;;;;;;;;;;;;;;;;;;;;;;;159;;;;89;266;32;;;;;
UEB;10.08.2015 00:00;;;;;;;;;;;;;;;;;;;;;;;;236;;;;139;282;34;;;;;
UEB;11.08.2015 00:00;;;;;;;;;;;;;;;;;;;;;;;;256;;;;118;483;59;;;;;
UEB;12.08.2015 00:00;;;;;;;;;;;;;;;;;;;;;;;;286;;;;85;717;87;;;;;
UEB;13.08.2015 00:00;;;;;;;;;;;;;;;;;;;;;;;;299;;;;65;734;90;;;;;
UEB;14.08.2015 00:00;;;;;;;;;;;;;;;;;;;;;;;;104;;;;94;23;3;;;;;
UEB;15.08.2015 00:00;;;;;;;;;;;;;;;;;;;;;;;;62;;;;61;0;0;;;;;
UEB;16.08.2015 00:00;;;;;;;;;;;;;;;;;;;;;;;;95;;;;89;7;1;;;;;
UEB;17.08.2015 00:00;;;;;;;;;;;;;;;;;;;;;;;;148;;;;133;20;2;;;;;
UEB;18.08.2015 00:00;;;;;;;;;;;;;;;;;;;;;;;;162;;;;117;112;14;;;;;
UEB;19.08.2015 00:00;;;;;;;;;;;;;;;;;;;;;;;;54;;;;53;0;0;;;;;
UEB;20.08.2015 00:00;;;;;;;;;;;;;;;;;;;;;;;;290;;;;103;570;72;;;;;
UEB;21.08.2015 00:00;;;;;;;;;;;;;;;;;;;;;;;;305;;;;46;790;99;;;;;
UEB;22.08.2015 00:00;;;;;;;;;;;;;;;;;;;;;;;;304;;;;42;782;99;;;;;
UEB;23.08.2015 00:00;;;;;;;;;;;;;;;;;;;;;;;;126;;;;63;270;34;;;;;
UEB;24.08.2015 00:00;;;;;;;;;;;;;;;;;;;;;;;;140;;;;92;96;12;;;;;
UEB;25.08.2015 00:00;;;;;;;;;;;;;;;;;;;;;;;;303;;;;60;718;92;;;;;
UEB;26.08.2015 00:00;;;;;;;;;;;;;;;;;;;;;;;;300;;;;49;779;100;;;;;
UEB;27.08.2015 00:00;;;;;;;;;;;;;;;;;;;;;;;;273;;;;85;663;85;;;;;
UEB;28.08.2015 00:00;;;;;;;;;;;;;;;;;;;;;;;;274;;;;61;665;86;;;;;
UEB;29.08.2015 00:00;;;;;;;;;;;;;;;;;;;;;;;;277;;;;39;766;100;;;;;
UEB;30.08.2015 00:00;;;;;;;;;;;;;;;;;;;;;;;;287;;;;42;761;100;;;;;
UEB;31.08.2015 00:00;;;;;;;;;;;;;;;;;;;;;;;;279;;;;47;747;98;;;;;
UEB;01.09.2015 00:00;;;;;;;;;;;;;;;;;;;;;;;;58;;;;47;104;14;;;;;
UEB;02.09.2015 00:00;;;;;;;;;;;;;;;;;;;;;;;;141;;;;108;104;14;;;;;
UEB;03.09.2015 00:00;;;;;;;;;;;;;;;;;;;;;;;;76;;;;72;0;0;;;;;
UEB;04.09.2015 00:00;;;;;;;;;;;;;;;;;;;;;;;;241;;;;92;479;64;;;;;
UEB;05.09.2015 00:00;;;;;;;;;;;;;;;;;;;;;;;;131;;;;112;32;4;;;;;
UEB;06.09.2015 00:00;;;;;;;;;;;;;;;;;;;;;;;;115;;;;93;67;9;;;;;
UEB;07.09.2015 00:00;;;;;;;;;;;;;;;;;;;;;;;;266;;;;66;683;92;;;;;
UEB;08.09.2015 00:00;;;;;;;;;;;;;;;;;;;;;;;;262;;;;70;587;80;;;;;
UEB;09.09.2015 00:00;;;;;;;;;;;;;;;;;;;;;;;;261;;;;58;712;97;;;;;
UEB;10.09.2015 00:00;;;;;;;;;;;;;;;;;;;;;;;;245;;;;93;584;80;;;;;
UEB;11.09.2015 00:00;;;;;;;;;;;;;;;;;;;;;;;;228;;;;97;459;63;;;;;
UEB;12.09.2015 00:00;;;;;;;;;;;;;;;;;;;;;;;;231;;;;68;566;78;;;;;
UEB;13.09.2015 00:00;;;;;;;;;;;;;;;;;;;;;;;;135;;;;79;258;36;;;;;
UEB;14.09.2015 00:00;;;;;;;;;;;;;;;;;;;;;;;;159;;;;68;259;36;;;;;
UEB;15.09.2015 00:00;;;;;;;;;;;;;;;;;;;;;;;;128;;;;96;97;14;;;;;
UEB;16.09.2015 00:00;;;;;;;;;;;;;;;;;;;;;;;;117;;;;74;153;21;;;;;
UEB;17.09.2015 00:00;;;;;;;;;;;;;;;;;;;;;;;;52;;;;40;132;18;;;;;
UEB;18.09.2015 00:00;;;;;;;;;;;;;;;;;;;;;;;;73;;;;62;50;7;;;;;
UEB;19.09.2015 00:00;;;;;;;;;;;;;;;;;;;;;;;;218;;;;66;574;82;;;;;
UEB;20.09.2015 00:00;;;;;;;;;;;;;;;;;;;;;;;;143;;;;101;125;18;;;;;
UEB;21.09.2015 00:00;;;;;;;;;;;;;;;;;;;;;;;;180;;;;73;438;63;;;;;
UEB;22.09.2015 00:00;;;;;;;;;;;;;;;;;;;;;;;;75;;;;71;0;0;;;;;
UEB;23.09.2015 00:00;;;;;;;;;;;;;;;;;;;;;;;;46;;;;45;0;0;;;;;
UEB;24.09.2015 00:00;;;;;;;;;;;;;;;;;;;;;;;;164;;;;73;336;49;;;;;
UEB;25.09.2015 00:00;;;;;;;;;;;;;;;;;;;;;;;;219;;;;77;655;96;;;;;
UEB;26.09.2015 00:00;;;;;;;;;;;;;;;;;;;;;;;;117;;;;93;81;12;;;;;
UEB;27.09.2015 00:00;;;;;;;;;;;;;;;;;;;;;;;;83;;;;69;44;6;;;;;
UEB;28.09.2015 00:00;;;;;;;;;;;;;;;;;;;;;;;;194;;;;63;425;63;;;;;
UEB;29.09.2015 00:00;;;;;;;;;;;;;;;;;;;;;;;;223;;;;39;664;99;;;;;
UEB;30.09.2015 00:00;;;;;;;;;;;;;;;;;;;;;;;;96;;;;72;85;13;;;;;
UEB;01.10.2015 00:00;;;;;;;;;;;;;;;;;;;;;;;;185;;;;68;416;63;;;;;
UEB;02.10.2015 00:00;;;;;;;;;;;;;;;;;;;;;;;;179;;;;51;461;70;;;;;
UEB;03.10.2015 00:00;;;;;;;;;;;;;;;;;;;;;;;;193;;;;45;565;86;;;;;
UEB;04.10.2015 00:00;;;;;;;;;;;;;;;;;;;;;;;;162;;;;62;374;57;;;;;
UEB;05.10.2015 00:00;;;;;;;;;;;;;;;;;;;;;;;;142;;;;79;238;37;;;;;
UEB;06.10.2015 00:00;;;;;;;;;;;;;;;;;;;;;;;;86;;;;55;127;20;;;;;
UEB;07.10.2015 00:00;;;;;;;;;;;;;;;;;;;;;;;;74;;;;65;19;3;;;;;
UEB;08.10.2015 00:00;;;;;;;;;;;;;;;;;;;;;;;;83;;;;78;2;0;;;;;
UEB;09.10.2015 00:00;;;;;;;;;;;;;;;;;;;;;;;;87;;;;71;122;19;;;;;
UEB;10.10.2015 00:00;;;;;;;;;;;;;;;;;;;;;;;;33;;;;33;0;0;;;;;
UEB;11.10.2015 00:00;;;;;;;;;;;;;;;;;;;;;;;;23;;;;22;0;0;;;;;
UEB;12.10.2015 00:00;;;;;;;;;;;;;;;;;;;;;;;;147;;;;82;265;42;;;;;
UEB;13.10.2015 00:00;;;;;;;;;;;;;;;;;;;;;;;;28;;;;27;0;0;;;;;
UEB;14.10.2015 00:00;;;;;;;;;;;;;;;;;;;;;;;;98;;;;73;101;16;;;;;
UEB;15.10.2015 00:00;;;;;;;;;;;;;;;;;;;;;;;;30;;;;28;0;0;;;;;
UEB;16.10.2015 00:00;;;;;;;;;;;;;;;;;;;;;;;;34;;;;32;0;0;;;;;
UEB;17.10.2015 00:00;;;;;;;;;;;;;;;;;;;;;;;;43;;;;42;0;0;;;;;
UEB;18.10.2015 00:00;;;;;;;;;;;;;;;;;;;;;;;;27;;;;26;0;0;;;;;
UEB;19.10.2015 00:00;;;;;;;;;;;;;;;;;;;;;;;;95;;;;56;237;39;;;;;
UEB;20.10.2015 00:00;;;;;;;;;;;;;;;;;;;;;;;;126;;;;60;295;49;;;;;
UEB;21.10.2015 00:00;;;;;;;;;;;;;;;;;;;;;;;;48;;;;41;58;10;;;;;
UEB;22.10.2015 00:00;;;;;;;;;;;;;;;;;;;;;;;;104;;;;70;127;21;;;;;
UEB;23.10.2015 00:00;;;;;;;;;;;;;;;;;;;;;;;;51;;;;51;0;0;;;;;
UEB;24.10.2015 00:00;;;;;;;;;;;;;;;;;;;;;;;;141;;;;63;401;67;;;;;
UEB;25.10.2015 00:00;;;;;;;;;;;;;;;;;;;;;;;;87;;;;43;270;46;;;;;
UEB;26.10.2015 00:00;;;;;;;;;;;;;;;;;;;;;;;;127;;;;56;323;55;;;;;
UEB;27.10.2015 00:00;;;;;;;;;;;;;;;;;;;;;;;;140;;;;57;357;61;;;;;
UEB;28.10.2015 00:00;;;;;;;;;;;;;;;;;;;;;;;;126;;;;39;376;65;;;;;
UEB;29.10.2015 00:00;;;;;;;;;;;;;;;;;;;;;;;;50;;;;48;5;1;;;;;
UEB;30.10.2015 00:00;;;;;;;;;;;;;;;;;;;;;;;;62;;;;48;115;20;;;;;
UEB;31.10.2015 00:00;;;;;;;;;;;;;;;;;;;;;;;;104;;;;62;247;43;;;;;
UEB;01.11.2015 00:00;;;;;;;;;;;;;;;;;;;;;;;;148;;;;30;575;100;;;;;
UEB;02.11.2015 00:00;;;;;;;;;;;;;;;;;;;;;;;;151;;;;32;574;100;;;;;
UEB;03.11.2015 00:00;;;;;;;;;;;;;;;;;;;;;;;;92;;;;59;190;33;;;;;
UEB;04.11.2015 00:00;;;;;;;;;;;;;;;;;;;;;;;;126;;;;32;552;98;;;;;
UEB;05.11.2015 00:00;;;;;;;;;;;;;;;;;;;;;;;;126;;;;25;545;99;;;;;
UEB;06.11.2015 00:00;;;;;;;;;;;;;;;;;;;;;;;;112;;;;32;434;79;;;;;
UEB;07.11.2015 00:00;;;;;;;;;;;;;;;;;;;;;;;;107;;;;26;423;77;;;;;
UEB;08.11.2015 00:00;;;;;;;;;;;;;;;;;;;;;;;;119;;;;28;541;99;;;;;
UEB;09.11.2015 00:00;;;;;;;;;;;;;;;;;;;;;;;;97;;;;45;298;55;;;;;
UEB;10.11.2015 00:00;;;;;;;;;;;;;;;;;;;;;;;;119;;;;27;472;87;;;;;
UEB;11.11.2015 00:00;;;;;;;;;;;;;;;;;;;;;;;;106;;;;39;389;72;;;;;
UEB;12.11.2015 00:00;;;;;;;;;;;;;;;;;;;;;;;;122;;;;31;511;95;;;;;
UEB;13.11.2015 00:00;;;;;;;;;;;;;;;;;;;;;;;;106;;;;45;409;77;;;;;
UEB;14.11.2015 00:00;;;;;;;;;;;;;;;;;;;;;;;;70;;;;52;120;23;;;;;
UEB;15.11.2015 00:00;;;;;;;;;;;;;;;;;;;;;;;;84;;;;45;272;51;;;;;
UEB;16.11.2015 00:00;;;;;;;;;;;;;;;;;;;;;;;;90;;;;46;374;71;;;;;
UEB;17.11.2015 00:00;;;;;;;;;;;;;;;;;;;;;;;;38;;;;34;12;2;;;;;
UEB;18.11.2015 00:00;;;;;;;;;;;;;;;;;;;;;;;;109;;;;23;504;96;;;;;
UEB;19.11.2015 00:00;;;;;;;;;;;;;;;;;;;;;;;;89;;;;36;333;64;;;;;
UEB;20.11.2015 00:00;;;;;;;;;;;;;;;;;;;;;;;;8;;;;7;0;0;;;;;
UEB;21.11.2015 00:00;;;;;;;;;;;;;;;;;;;;;;;;40;;;;28;42;8;;;;;
UEB;22.11.2015 00:00;;;;;;;;;;;;;;;;;;;;;;;;43;;;;35;30;6;;;;;
UEB;23.11.2015 00:00;;;;;;;;;;;;;;;;;;;;;;;;49;;;;39;39;8;;;;;
UEB;24.11.2015 00:00;;;;;;;;;;;;;;;;;;;;;;;;100;;;;31;449;88;;;;;
UEB;25.11.2015 00:00;;;;;;;;;;;;;;;;;;;;;;;;26;;;;25;0;0;;;;;
UEB;26.11.2015 00:00;;;;;;;;;;;;;;;;;;;;;;;;27;;;;26;0;0;;;;;
UEB;27.11.2015 00:00;;;;;;;;;;;;;;;;;;;;;;;;34;;;;30;26;5;;;;;
UEB;28.11.2015 00:00;;;;;;;;;;;;;;;;;;;;;;;;22;;;;20;1;0;;;;;
UEB;29.11.2015 00:00;;;;;;;;;;;;;;;;;;;;;;;;14;;;;13;0;0;;;;;
UEB;30.11.2015 00:00;;;;;;;;;;;;;;;;;;;;;;;;38;;;;28;69;14;;;;;
UEB;01.12.2015 00:00;;;;;;;;;;;;;;;;;;;;;;;;24;;;;21;14;3;;;;;
UEB;02.12.2015 00:00;;;;;;;;;;;;;;;;;;;;;;;;97;;;;22;476;96;;;;;
UEB;03.12.2015 00:00;;;;;;;;;;;;;;;;;;;;;;;;101;;;;25;496;100;;;;;
UEB;04.12.2015 00:00;;;;;;;;;;;;;;;;;;;;;;;;25;;;;23;0;0;;;;;
UEB;05.12.2015 00:00;;;;;;;;;;;;;;;;;;;;;;;;92;;;;26;471;95;;;;;
UEB;06.12.2015 00:00;;;;;;;;;;;;;;;;;;;;;;;;87;;;;22;478;97;;;;;
UEB;07.12.2015 00:00;;;;;;;;;;;;;;;;;;;;;;;;87;;;;21;484;98;;;;;
UEB;08.12.2015 00:00;;;;;;;;;;;;;;;;;;;;;;;;84;;;;22;452;92;;;;;
UEB;09.12.2015 00:00;;;;;;;;;;;;;;;;;;;;;;;;20;;;;18;0;0;;;;;
UEB;10.12.2015 00:00;;;;;;;;;;;;;;;;;;;;;;;;94;;;;32;407;83;;;;;
UEB;11.12.2015 00:00;;;;;;;;;;;;;;;;;;;;;;;;77;;;;45;258;53;;;;;
UEB;12.12.2015 00:00;;;;;;;;;;;;;;;;;;;;;;;;83;;;;41;354;73;;;;;
UEB;13.12.2015 00:00;;;;;;;;;;;;;;;;;;;;;;;;79;;;;28;360;74;;;;;
UEB;14.12.2015 00:00;;;;;;;;;;;;;;;;;;;;;;;;83;;;;23;459;95;;;;;
UEB;15.12.2015 00:00;;;;;;;;;;;;;;;;;;;;;;;;47;;;;35;78;16;;;;;
UEB;16.12.2015 00:00;;;;;;;;;;;;;;;;;;;;;;;;32;;;;27;23;5;;;;;
UEB;17.12.2015 00:00;;;;;;;;;;;;;;;;;;;;;;;;82;;;;23;430;90;;;;;
UEB;18.12.2015 00:00;;;;;;;;;;;;;;;;;;;;;;;;33;;;;30;0;0;;;;;
UEB;19.12.2015 00:00;;;;;;;;;;;;;;;;;;;;;;;;79;;;;30;421;88;;;;;
UEB;20.12.2015 00:00;;;;;;;;;;;;;;;;;;;;;;;;79;;;;20;439;92;;;;;
UEB;21.12.2015 00:00;;;;;;;;;;;;;;;;;;;;;;;;13;;;;12;0;0;;;;;
UEB;22.12.2015 00:00;;;;;;;;;;;;;;;;;;;;;;;;74;;;;27;316;66;;;;;
UEB;23.12.2015 00:00;;;;;;;;;;;;;;;;;;;;;;;;73;;;;27;304;64;;;;;
UEB;24.12.2015 00:00;;;;;;;;;;;;;;;;;;;;;;;;82;;;;34;334;70;;;;;
UEB;25.12.2015 00:00;;;;;;;;;;;;;;;;;;;;;;;;78;;;;27;443;92;;;;;
UEB;26.12.2015 00:00;;;;;;;;;;;;;;;;;;;;;;;;85;;;;21;468;97;;;;;
UEB;27.12.2015 00:00;;;;;;;;;;;;;;;;;;;;;;;;79;;;;29;414;86;;;;;
UEB;28.12.2015 00:00;;;;;;;;;;;;;;;;;;;;;;;;88;;;;22;473;98;;;;;
UEB;29.12.2015 00:00;;;;;;;;;;;;;;;;;;;;;;;;82;;;;25;399;82;;;;;
UEB;30.12.2015 00:00;;;;;;;;;;;;;;;;;;;;;;;;90;;;;25;461;95;;;;;
UEB;31.12.2015 00:00;;;;;;;;;;;;;;;;;;;;;;;;12;;;;11;0;0;;;;;
UEB;01.01.2016 00:00;;;;;;;;;;;;;;;;;;;;;;;;78;;;;37;240;49;;;;;
UEB;02.01.2016 00:00;;;;;;;;;;;;;;;;;;;;;;;;20;;;;19;0;0;;;;;
UEB;03.01.2016 00:00;;;;;;;;;;;;;;;;;;;;;;;;48;;;;38;33;7;;;;;
UEB;04.01.2016 00:00;;;;;;;;;;;;;;;;;;;;;;;;14;;;;12;5;1;;;;;
UEB;05.01.2016 00:00;;;;;;;;;;;;;;;;;;;;;;;;47;;;;36;116;24;;;;;
UEB;06.01.2016 00:00;;;;;;;;;;;;;;;;;;;;;;;;50;;;;42;35;7;;;;;
UEB;07.01.2016 00:00;;;;;;;;;;;;;;;;;;;;;;;;15;;;;14;0;0;;;;;
UEB;08.01.2016 00:00;;;;;;;;;;;;;;;;;;;;;;;;16;;;;15;0;0;;;;;
UEB;09.01.2016 00:00;;;;;;;;;;;;;;;;;;;;;;;;15;;;;14;0;0;;;;;
UEB;10.01.2016 00:00;;;;;;;;;;;;;;;;;;;;;;;;10;;;;9;0;0;;;;;
UEB;11.01.2016 00:00;;;;;;;;;;;;;;;;;;;;;;;;16;;;;14;21;4;;;;;
UEB;12.01.2016 00:00;;;;;;;;;;;;;;;;;;;;;;;;19;;;;17;24;5;;;;;
UEB;13.01.2016 00:00;;;;;;;;;;;;;;;;;;;;;;;;14;;;;13;0;0;;;;;
UEB;14.01.2016 00:00;;;;;;;;;;;;;;;;;;;;;;;;31;;;;29;3;1;;;;;
UEB;15.01.2016 00:00;;;;;;;;;;;;;;;;;;;;;;;;56;;;;39;101;20;;;;;
UEB;16.01.2016 00:00;;;;;;;;;;;;;;;;;;;;;;;;28;;;;26;2;0;;;;;
UEB;17.01.2016 00:00;;;;;;;;;;;;;;;;;;;;;;;;34;;;;24;71;14;;;;;
UEB;18.01.2016 00:00;;;;;;;;;;;;;;;;;;;;;;;;76;;;;47;244;48;;;;;
UEB;19.01.2016 00:00;;;;;;;;;;;;;;;;;;;;;;;;19;;;;17;0;0;;;;;
UEB;20.01.2016 00:00;;;;;;;;;;;;;;;;;;;;;;;;48;;;;43;23;4;;;;;
UEB;21.01.2016 00:00;;;;;;;;;;;;;;;;;;;;;;;;91;;;;32;314;61;;;;;
UEB;22.01.2016 00:00;;;;;;;;;;;;;;;;;;;;;;;;104;;;;27;370;71;;;;;
UEB;23.01.2016 00:00;;;;;;;;;;;;;;;;;;;;;;;;86;;;;36;287;55;;;;;
UEB;24.01.2016 00:00;;;;;;;;;;;;;;;;;;;;;;;;45;;;;42;1;0;;;;;
UEB;25.01.2016 00:00;;;;;;;;;;;;;;;;;;;;;;;;108;;;;25;525;100;;;;;
UEB;26.01.2016 00:00;;;;;;;;;;;;;;;;;;;;;;;;88;;;;32;337;64;;;;;
UEB;27.01.2016 00:00;;;;;;;;;;;;;;;;;;;;;;;;72;;;;52;96;18;;;;;
UEB;28.01.2016 00:00;;;;;;;;;;;;;;;;;;;;;;;;51;;;;49;1;0;;;;;
UEB;29.01.2016 00:00;;;;;;;;;;;;;;;;;;;;;;;;68;;;;49;129;24;;;;;
UEB;30.01.2016 00:00;;;;;;;;;;;;;;;;;;;;;;;;83;;;;54;140;26;;;;;
UEB;31.01.2016 00:00;;;;;;;;;;;;;;;;;;;;;;;;17;;;;16;0;0;;;;;
UEB;01.02.2016 00:00;;;;;;;;;;;;;;;;;;;;;;;;84;;;;63;71;13;;;;;
UEB;02.02.2016 00:00;;;;;;;;;;;;;;;;;;;;;;;;76;;;;56;115;21;;;;;
UEB;03.02.2016 00:00;;;;;;;;;;;;;;;;;;;;;;;;15;;;;14;0;0;;;;;
UEB;04.02.2016 00:00;;;;;;;;;;;;;;;;;;;;;;;;29;;;;28;0;0;;;;;
UEB;05.02.2016 00:00;;;;;;;;;;;;;;;;;;;;;;;;68;;;;52;111;20;;;;;
UEB;06.02.2016 00:00;;;;;;;;;;;;;;;;;;;;;;;;122;;;;55;431;77;;;;;
UEB;07.02.2016 00:00;;;;;;;;;;;;;;;;;;;;;;;;29;;;;28;0;0;;;;;
UEB;08.02.2016 00:00;;;;;;;;;;;;;;;;;;;;;;;;74;;;;61;48;8;;;;;
UEB;09.02.2016 00:00;;;;;;;;;;;;;;;;;;;;;;;;11;;;;10;0;0;;;;;
UEB;10.02.2016 00:00;;;;;;;;;;;;;;;;;;;;;;;;56;;;;45;50;9;;;;;
UEB;11.02.2016 00:00;;;;;;;;;;;;;;;;;;;;;;;;128;;;;44;399;69;;;;;
UEB;12.02.2016 00:00;;;;;;;;;;;;;;;;;;;;;;;;82;;;;40;227;39;;;;;
UEB;13.02.2016 00:00;;;;;;;;;;;;;;;;;;;;;;;;67;;;;44;103;18;;;;;
UEB;14.02.2016 00:00;;;;;;;;;;;;;;;;;;;;;;;;31;;;;30;0;0;;;;;
UEB;15.02.2016 00:00;;;;;;;;;;;;;;;;;;;;;;;;32;;;;31;0;0;;;;;
UEB;16.02.2016 00:00;;;;;;;;;;;;;;;;;;;;;;;;13;;;;12;0;0;;;;;
UEB;17.02.2016 00:00;;;;;;;;;;;;;;;;;;;;;;;;31;;;;29;0;0;;;;;
UEB;18.02.2016 00:00;;;;;;;;;;;;;;;;;;;;;;;;105;;;;67;191;32;;;;;
UEB;19.02.2016 00:00;;;;;;;;;;;;;;;;;;;;;;;;34;;;;31;6;1;;;;;
UEB;20.02.2016 00:00;;;;;;;;;;;;;;;;;;;;;;;;27;;;;25;0;0;;;;;
UEB;21.02.2016 00:00;;;;;;;;;;;;;;;;;;;;;;;;105;;;;57;252;42;;;;;
UEB;22.02.2016 00:00;;;;;;;;;;;;;;;;;;;;;;;;128;;;;58;346;57;;;;;
UEB;23.02.2016 00:00;;;;;;;;;;;;;;;;;;;;;;;;25;;;;24;0;0;;;;;
UEB;24.02.2016 00:00;;;;;;;;;;;;;;;;;;;;;;;;107;;;;69;207;34;;;;;
UEB;25.02.2016 00:00;;;;;;;;;;;;;;;;;;;;;;;;49;;;;48;0;0;;;;;
UEB;26.02.2016 00:00;;;;;;;;;;;;;;;;;;;;;;;;137;;;;89;190;31;;;;;
UEB;27.02.2016 00:00;;;;;;;;;;;;;;;;;;;;;;;;169;;;;53;414;66;;;;;
UEB;28.02.2016 00:00;;;;;;;;;;;;;;;;;;;;;;;;89;;;;82;1;0;;;;;
UEB;29.02.2016 00:00;;;;;;;;;;;;;;;;;;;;;;;;30;;;;29;0;0;;;;;
UEB;01.03.2016 00:00;;;;;;;;;;;;;;;;;;;;;;;;69;;;;62;8;1;;;;;
UEB;02.03.2016 00:00;;;;;;;;;;;;;;;;;;;;;;;;49;;;;46;0;0;;;;;
UEB;03.03.2016 00:00;;;;;;;;;;;;;;;;;;;;;;;;53;;;;52;0;0;;;;;
UEB;04.03.2016 00:00;;;;;;;;;;;;;;;;;;;;;;;;70;;;;63;23;4;;;;;
UEB;05.03.2016 00:00;;;;;;;;;;;;;;;;;;;;;;;;25;;;;24;0;0;;;;;
UEB;06.03.2016 00:00;;;;;;;;;;;;;;;;;;;;;;;;95;;;;75;67;10;;;;;
UEB;07.03.2016 00:00;;;;;;;;;;;;;;;;;;;;;;;;172;;;;74;451;70;;;;;
UEB;08.03.2016 00:00;;;;;;;;;;;;;;;;;;;;;;;;66;;;;55;37;6;;;;;
UEB;09.03.2016 00:00;;;;;;;;;;;;;;;;;;;;;;;;174;;;;82;345;52;;;;;
UEB;10.03.2016 00:00;;;;;;;;;;;;;;;;;;;;;;;;217;;;;44;651;98;;;;;
UEB;11.03.2016 00:00;;;;;;;;;;;;;;;;;;;;;;;;139;;;;94;131;20;;;;;
UEB;12.03.2016 00:00;;;;;;;;;;;;;;;;;;;;;;;;23;;;;22;0;0;;;;;
UEB;13.03.2016 00:00;;;;;;;;;;;;;;;;;;;;;;;;37;;;;34;2;0;;;;;
UEB;14.03.2016 00:00;;;;;;;;;;;;;;;;;;;;;;;;34;;;;33;0;0;;;;;
UEB;15.03.2016 00:00;;;;;;;;;;;;;;;;;;;;;;;;113;;;;83;124;18;;;;;
UEB;16.03.2016 00:00;;;;;;;;;;;;;;;;;;;;;;;;81;;;;65;63;9;;;;;
UEB;17.03.2016 00:00;;;;;;;;;;;;;;;;;;;;;;;;235;;;;40;684;100;;;;;
UEB;18.03.2016 00:00;;;;;;;;;;;;;;;;;;;;;;;;237;;;;42;685;100;;;;;
UEB;19.03.2016 00:00;;;;;;;;;;;;;;;;;;;;;;;;238;;;;46;681;99;;;;;
UEB;20.03.2016 00:00;;;;;;;;;;;;;;;;;;;;;;;;243;;;;70;615;89;;;;;
UEB;21.03.2016 00:00;;;;;;;;;;;;;;;;;;;;;;;;77;;;;64;110;16;;;;;
UEB;22.03.2016 00:00;;;;;;;;;;;;;;;;;;;;;;;;209;;;;100;470;67;;;;;
UEB;23.03.2016 00:00;;;;;;;;;;;;;;;;;;;;;;;;67;;;;63;5;1;;;;;
UEB;24.03.2016 00:00;;;;;;;;;;;;;;;;;;;;;;;;136;;;;98;151;21;;;;;
UEB;25.03.2016 00:00;;;;;;;;;;;;;;;;;;;;;;;;36;;;;35;0;0;;;;;
UEB;26.03.2016 00:00;;;;;;;;;;;;;;;;;;;;;;;;231;;;;53;517;72;;;;;
UEB;27.03.2016 00:00;;;;;;;;;;;;;;;;;;;;;;;;69;;;;66;0;0;;;;;
UEB;28.03.2016 00:00;;;;;;;;;;;;;;;;;;;;;;;;162;;;;84;372;52;;;;;
UEB;29.03.2016 00:00;;;;;;;;;;;;;;;;;;;;;;;;139;;;;100;148;20;;;;;
UEB;30.03.2016 00:00;;;;;;;;;;;;;;;;;;;;;;;;136;;;;99;105;14;;;;;
UEB;31.03.2016 00:00;;;;;;;;;;;;;;;;;;;;;;;;215;;;;92;428;59;;;;;
UEB;01.04.2016 00:00;;;;;;;;;;;;;;;;;;;;;;;;113;;;;95;42;6;;;;;
UEB;02.04.2016 00:00;;;;;;;;;;;;;;;;;;;;;;;;185;;;;138;138;19;;;;;
UEB;03.04.2016 00:00;;;;;;;;;;;;;;;;;;;;;;;;187;;;;116;254;34;;;;;
UEB;04.04.2016 00:00;;;;;;;;;;;;;;;;;;;;;;;;232;;;;86;539;73;;;;;
UEB;05.04.2016 00:00;;;;;;;;;;;;;;;;;;;;;;;;167;;;;98;309;41;;;;;
UEB;06.04.2016 00:00;;;;;;;;;;;;;;;;;;;;;;;;191;;;;103;321;43;;;;;
UEB;07.04.2016 00:00;;;;;;;;;;;;;;;;;;;;;;;;63;;;;57;16;2;;;;;
UEB;08.04.2016 00:00;;;;;;;;;;;;;;;;;;;;;;;;55;;;;53;0;0;;;;;
UEB;09.04.2016 00:00;;;;;;;;;;;;;;;;;;;;;;;;29;;;;28;0;0;;;;;
UEB;10.04.2016 00:00;;;;;;;;;;;;;;;;;;;;;;;;286;;;;71;704;93;;;;;
UEB;11.04.2016 00:00;;;;;;;;;;;;;;;;;;;;;;;;282;;;;44;647;85;;;;;
UEB;12.04.2016 00:00;;;;;;;;;;;;;;;;;;;;;;;;274;;;;62;565;74;;;;;
UEB;13.04.2016 00:00;;;;;;;;;;;;;;;;;;;;;;;;79;;;;56;107;14;;;;;
UEB;14.04.2016 00:00;;;;;;;;;;;;;;;;;;;;;;;;177;;;;82;284;37;;;;;
UEB;15.04.2016 00:00;;;;;;;;;;;;;;;;;;;;;;;;86;;;;75;25;3;;;;;
UEB;16.04.2016 00:00;;;;;;;;;;;;;;;;;;;;;;;;131;;;;72;117;15;;;;;
UEB;17.04.2016 00:00;;;;;;;;;;;;;;;;;;;;;;;;86;;;;74;25;3;;;;;
UEB;18.04.2016 00:00;;;;;;;;;;;;;;;;;;;;;;;;61;;;;60;0;0;;;;;
UEB;19.04.2016 00:00;;;;;;;;;;;;;;;;;;;;;;;;303;;;;93;641;81;;;;;
UEB;20.04.2016 00:00;;;;;;;;;;;;;;;;;;;;;;;;329;;;;44;784;99;;;;;
UEB;21.04.2016 00:00;;;;;;;;;;;;;;;;;;;;;;;;306;;;;98;698;88;;;;;
UEB;22.04.2016 00:00;;;;;;;;;;;;;;;;;;;;;;;;289;;;;111;596;75;;;;;
UEB;23.04.2016 00:00;;;;;;;;;;;;;;;;;;;;;;;;60;;;;58;0;0;;;;;
UEB;24.04.2016 00:00;;;;;;;;;;;;;;;;;;;;;;;;129;;;;102;71;9;;;;;
UEB;25.04.2016 00:00;;;;;;;;;;;;;;;;;;;;;;;;159;;;;129;75;9;;;;;
UEB;26.04.2016 00:00;;;;;;;;;;;;;;;;;;;;;;;;85;;;;80;6;1;;;;;
UEB;27.04.2016 00:00;;;;;;;;;;;;;;;;;;;;;;;;202;;;;103;336;41;;;;;
UEB;28.04.2016 00:00;;;;;;;;;;;;;;;;;;;;;;;;249;;;;94;449;55;;;;;
UEB;29.04.2016 00:00;;;;;;;;;;;;;;;;;;;;;;;;341;;;;55;800;98;;;;;
UEB;30.04.2016 00:00;;;;;;;;;;;;;;;;;;;;;;;;259;;;;110;437;53;;;;;
UEB;01.05.2016 00:00;;;;;;;;;;;;;;;;;;;;;;;;41;;;;40;0;0;;;;;
UEB;02.05.2016 00:00;;;;;;;;;;;;;;;;;;;;;;;;207;;;;160;163;20;;;;;
UEB;03.05.2016 00:00;;;;;;;;;;;;;;;;;;;;;;;;177;;;;122;187;23;;;;;
UEB;04.05.2016 00:00;;;;;;;;;;;;;;;;;;;;;;;;296;;;;97;625;75;;;;;
UEB;05.05.2016 00:00;;;;;;;;;;;;;;;;;;;;;;;;360;;;;43;838;100;;;;;
UEB;06.05.2016 00:00;;;;;;;;;;;;;;;;;;;;;;;;352;;;;48;830;99;;;;;
UEB;07.05.2016 00:00;;;;;;;;;;;;;;;;;;;;;;;;320;;;;75;714;85;;;;;
UEB;08.05.2016 00:00;;;;;;;;;;;;;;;;;;;;;;;;355;;;;63;833;99;;;;;
UEB;09.05.2016 00:00;;;;;;;;;;;;;;;;;;;;;;;;223;;;;146;230;27;;;;;
UEB;10.05.2016 00:00;;;;;;;;;;;;;;;;;;;;;;;;254;;;;102;387;46;;;;;
UEB;11.05.2016 00:00;;;;;;;;;;;;;;;;;;;;;;;;160;;;;129;168;20;;;;;
UEB;12.05.2016 00:00;;;;;;;;;;;;;;;;;;;;;;;;37;;;;36;0;0;;;;;
UEB;13.05.2016 00:00;;;;;;;;;;;;;;;;;;;;;;;;40;;;;39;0;0;;;;;
UEB;14.05.2016 00:00;;;;;;;;;;;;;;;;;;;;;;;;101;;;;90;22;3;;;;;
UEB;15.05.2016 00:00;;;;;;;;;;;;;;;;;;;;;;;;194;;;;134;133;15;;;;;
UEB;16.05.2016 00:00;;;;;;;;;;;;;;;;;;;;;;;;101;;;;92;10;1;;;;;
UEB;17.05.2016 00:00;;;;;;;;;;;;;;;;;;;;;;;;251;;;;168;271;31;;;;;
UEB;18.05.2016 00:00;;;;;;;;;;;;;;;;;;;;;;;;311;;;;122;653;75;;;;;
UEB;19.05.2016 00:00;;;;;;;;;;;;;;;;;;;;;;;;110;;;;101;0;0;;;;;
UEB;20.05.2016 00:00;;;;;;;;;;;;;;;;;;;;;;;;328;;;;105;674;77;;;;;
UEB;21.05.2016 00:00;;;;;;;;;;;;;;;;;;;;;;;;350;;;;82;752;86;;;;;
UEB;22.05.2016 00:00;;;;;;;;;;;;;;;;;;;;;;;;305;;;;117;612;70;;;;;
UEB;23.05.2016 00:00;;;;;;;;;;;;;;;;;;;;;;;;65;;;;64;0;0;;;;;
UEB;24.05.2016 00:00;;;;;;;;;;;;;;;;;;;;;;;;140;;;;111;100;11;;;;;
UEB;25.05.2016 00:00;;;;;;;;;;;;;;;;;;;;;;;;300;;;;118;453;51;;;;;
UEB;26.05.2016 00:00;;;;;;;;;;;;;;;;;;;;;;;;355;;;;79;703;80;;;;;
UEB;27.05.2016 00:00;;;;;;;;;;;;;;;;;;;;;;;;312;;;;123;580;65;;;;;
UEB;28.05.2016 00:00;;;;;;;;;;;;;;;;;;;;;;;;197;;;;106;258;29;;;;;
UEB;29.05.2016 00:00;;;;;;;;;;;;;;;;;;;;;;;;62;;;;61;0;0;;;;;
UEB;30.05.2016 00:00;;;;;;;;;;;;;;;;;;;;;;;;164;;;;141;53;6;;;;;
UEB;31.05.2016 00:00;;;;;;;;;;;;;;;;;;;;;;;;240;;;;154;246;28;;;;;
UEB;01.06.2016 00:00;;;;;;;;;;;;;;;;;;;;;;;;157;;;;125;52;6;;;;;
UEB;02.06.2016 00:00;;;;;;;;;;;;;;;;;;;;;;;;158;;;;130;66;7;;;;;
UEB;03.06.2016 00:00;;;;;;;;;;;;;;;;;;;;;;;;150;;;;133;19;2;;;;;
UEB;04.06.2016 00:00;;;;;;;;;;;;;;;;;;;;;;;;115;;;;100;36;4;;;;;
UEB;05.06.2016 00:00;;;;;;;;;;;;;;;;;;;;;;;;162;;;;112;191;21;;;;;
UEB;06.06.2016 00:00;;;;;;;;;;;;;;;;;;;;;;;;257;;;;129;327;36;;;;;
UEB;07.06.2016 00:00;;;;;;;;;;;;;;;;;;;;;;;;289;;;;127;421;47;;;;;
UEB;08.06.2016 00:00;;;;;;;;;;;;;;;;;;;;;;;;40;;;;38;0;0;;;;;
UEB;09.06.2016 00:00;;;;;;;;;;;;;;;;;;;;;;;;190;;;;103;250;28;;;;;
UEB;10.06.2016 00:00;;;;;;;;;;;;;;;;;;;;;;;;373;;;;62;742;82;;;;;
UEB;11.06.2016 00:00;;;;;;;;;;;;;;;;;;;;;;;;164;;;;124;77;9;;;;;
UEB;12.06.2016 00:00;;;;;;;;;;;;;;;;;;;;;;;;135;;;;122;31;3;;;;;
UEB;13.06.2016 00:00;;;;;;;;;;;;;;;;;;;;;;;;108;;;;91;34;4;;;;;
UEB;14.06.2016 00:00;;;;;;;;;;;;;;;;;;;;;;;;156;;;;132;45;5;;;;;
UEB;15.06.2016 00:00;;;;;;;;;;;;;;;;;;;;;;;;164;;;;109;114;13;;;;;
UEB;16.06.2016 00:00;;;;;;;;;;;;;;;;;;;;;;;;54;;;;52;0;0;;;;;
UEB;17.06.2016 00:00;;;;;;;;;;;;;;;;;;;;;;;;222;;;;137;300;33;;;;;
UEB;18.06.2016 00:00;;;;;;;;;;;;;;;;;;;;;;;;183;;;;124;154;17;;;;;
UEB;19.06.2016 00:00;;;;;;;;;;;;;;;;;;;;;;;;127;;;;111;28;3;;;;;
UEB;20.06.2016 00:00;;;;;;;;;;;;;;;;;;;;;;;;288;;;;131;443;49;;;;;
UEB;21.06.2016 00:00;;;;;;;;;;;;;;;;;;;;;;;;126;;;;121;43;5;;;;;
UEB;22.06.2016 00:00;;;;;;;;;;;;;;;;;;;;;;;;374;;;;42;815;89;;;;;
UEB;23.06.2016 00:00;;;;;;;;;;;;;;;;;;;;;;;;379;;;;41;909;100;;;;;
UEB;24.06.2016 00:00;;;;;;;;;;;;;;;;;;;;;;;;346;;;;80;625;69;;;;;
UEB;25.06.2016 00:00;;;;;;;;;;;;;;;;;;;;;;;;111;;;;97;25;3;;;;;
UEB;26.06.2016 00:00;;;;;;;;;;;;;;;;;;;;;;;;175;;;;141;74;8;;;;;
UEB;27.06.2016 00:00;;;;;;;;;;;;;;;;;;;;;;;;367;;;;92;733;81;;;;;
UEB;28.06.2016 00:00;;;;;;;;;;;;;;;;;;;;;;;;358;;;;69;827;91;;;;;
UEB;29.06.2016 00:00;;;;;;;;;;;;;;;;;;;;;;;;239;;;;131;305;34;;;;;
UEB;30.06.2016 00:00;;;;;;;;;;;;;;;;;;;;;;;;152;;;;117;103;11;;;;;
UEB;01.07.2016 00:00;;;;;;;;;;;;;;;;;;;;;;;;319;;;;109;638;71;;;;;
UEB;02.07.2016 00:00;;;;;;;;;;;;;;;;;;;;;;;;45;;;;44;1;0;;;;;
UEB;03.07.2016 00:00;;;;;;;;;;;;;;;;;;;;;;;;304;;;;115;425;47;;;;;
UEB;04.07.2016 00:00;;;;;;;;;;;;;;;;;;;;;;;;362;;;;52;865;96;;;;;
UEB;05.07.2016 00:00;;;;;;;;;;;;;;;;;;;;;;;;334;;;;118;707;78;;;;;
UEB;06.07.2016 00:00;;;;;;;;;;;;;;;;;;;;;;;;296;;;;135;524;58;;;;;
UEB;07.07.2016 00:00;;;;;;;;;;;;;;;;;;;;;;;;383;;;;52;824;92;;;;;
UEB;08.07.2016 00:00;;;;;;;;;;;;;;;;;;;;;;;;319;;;;120;505;56;;;;;
UEB;09.07.2016 00:00;;;;;;;;;;;;;;;;;;;;;;;;323;;;;113;645;72;;;;;
UEB;10.07.2016 00:00;;;;;;;;;;;;;;;;;;;;;;;;359;;;;51;876;98;;;;;
UEB;11.07.2016 00:00;;;;;;;;;;;;;;;;;;;;;;;;208;;;;123;333;37;;;;;
UEB;12.07.2016 00:00;;;;;;;;;;;;;;;;;;;;;;;;50;;;;49;0;0;;;;;
UEB;13.07.2016 00:00;;;;;;;;;;;;;;;;;;;;;;;;74;;;;68;16;2;;;;;
UEB;14.07.2016 00:00;;;;;;;;;;;;;;;;;;;;;;;;116;;;;103;20;2;;;;;
UEB;15.07.2016 00:00;;;;;;;;;;;;;;;;;;;;;;;;189;;;;127;123;14;;;;;
UEB;16.07.2016 00:00;;;;;;;;;;;;;;;;;;;;;;;;344;;;;89;752;85;;;;;
UEB;17.07.2016 00:00;;;;;;;;;;;;;;;;;;;;;;;;363;;;;40;880;100;;;;;
UEB;18.07.2016 00:00;;;;;;;;;;;;;;;;;;;;;;;;360;;;;45;871;99;;;;;
UEB;19.07.2016 00:00;;;;;;;;;;;;;;;;;;;;;;;;365;;;;41;878;100;;;;;
UEB;20.07.2016 00:00;;;;;;;;;;;;;;;;;;;;;;;;360;;;;43;830;95;;;;;
UEB;21.07.2016 00:00;;;;;;;;;;;;;;;;;;;;;;;;207;;;;126;207;24;;;;;
UEB;22.07.2016 00:00;;;;;;;;;;;;;;;;;;;;;;;;170;;;;127;179;21;;;;;
UEB;23.07.2016 00:00;;;;;;;;;;;;;;;;;;;;;;;;159;;;;142;106;12;;;;;
UEB;24.07.2016 00:00;;;;;;;;;;;;;;;;;;;;;;;;230;;;;115;394;45;;;;;
UEB;25.07.2016 00:00;;;;;;;;;;;;;;;;;;;;;;;;185;;;;137;114;13;;;;;
UEB;26.07.2016 00:00;;;;;;;;;;;;;;;;;;;;;;;;303;;;;116;528;61;;;;;
UEB;27.07.2016 00:00;;;;;;;;;;;;;;;;;;;;;;;;240;;;;125;332;39;;;;;
UEB;28.07.2016 00:00;;;;;;;;;;;;;;;;;;;;;;;;312;;;;107;643;75;;;;;
UEB;29.07.2016 00:00;;;;;;;;;;;;;;;;;;;;;;;;304;;;;82;632;74;;;;;
UEB;30.07.2016 00:00;;;;;;;;;;;;;;;;;;;;;;;;298;;;;86;562;66;;;;;
UEB;31.07.2016 00:00;;;;;;;;;;;;;;;;;;;;;;;;88;;;;75;16;2;;;;;
UEB;01.08.2016 00:00;;;;;;;;;;;;;;;;;;;;;;;;284;;;;114;536;63;;;;;
UEB;02.08.2016 00:00;;;;;;;;;;;;;;;;;;;;;;;;196;;;;144;142;17;;;;;
UEB;03.08.2016 00:00;;;;;;;;;;;;;;;;;;;;;;;;302;;;;121;679;80;;;;;
UEB;04.08.2016 00:00;;;;;;;;;;;;;;;;;;;;;;;;275;;;;99;539;64;;;;;
UEB;05.08.2016 00:00;;;;;;;;;;;;;;;;;;;;;;;;107;;;;97;29;3;;;;;
UEB;06.08.2016 00:00;;;;;;;;;;;;;;;;;;;;;;;;234;;;;107;326;39;;;;;
UEB;07.08.2016 00:00;;;;;;;;;;;;;;;;;;;;;;;;329;;;;45;823;99;;;;;
UEB;08.08.2016 00:00;;;;;;;;;;;;;;;;;;;;;;;;307;;;;55;712;86;;;;;
UEB;09.08.2016 00:00;;;;;;;;;;;;;;;;;;;;;;;;41;;;;39;4;0;;;;;
UEB;10.08.2016 00:00;;;;;;;;;;;;;;;;;;;;;;;;225;;;;115;235;28;;;;;
UEB;11.08.2016 00:00;;;;;;;;;;;;;;;;;;;;;;;;284;;;;98;565;69;;;;;
UEB;12.08.2016 00:00;;;;;;;;;;;;;;;;;;;;;;;;219;;;;142;283;35;;;;;
UEB;13.08.2016 00:00;;;;;;;;;;;;;;;;;;;;;;;;317;;;;43;809;99;;;;;
UEB;14.08.2016 00:00;;;;;;;;;;;;;;;;;;;;;;;;308;;;;49;792;98;;;;;
UEB;15.08.2016 00:00;;;;;;;;;;;;;;;;;;;;;;;;284;;;;78;661;82;;;;;
UEB;16.08.2016 00:00;;;;;;;;;;;;;;;;;;;;;;;;309;;;;77;733;91;;;;;
UEB;17.08.2016 00:00;;;;;;;;;;;;;;;;;;;;;;;;216;;;;111;342;42;;;;;
UEB;18.08.2016 00:00;;;;;;;;;;;;;;;;;;;;;;;;122;;;;81;215;27;;;;;
UEB;19.08.2016 00:00;;;;;;;;;;;;;;;;;;;;;;;;203;;;;135;232;29;;;;;
UEB;20.08.2016 00:00;;;;;;;;;;;;;;;;;;;;;;;;62;;;;56;66;8;;;;;
UEB;21.08.2016 00:00;;;;;;;;;;;;;;;;;;;;;;;;184;;;;104;285;36;;;;;
UEB;22.08.2016 00:00;;;;;;;;;;;;;;;;;;;;;;;;272;;;;55;703;89;;;;;
UEB;23.08.2016 00:00;;;;;;;;;;;;;;;;;;;;;;;;301;;;;35;791;100;;;;;
UEB;24.08.2016 00:00;;;;;;;;;;;;;;;;;;;;;;;;297;;;;36;748;95;;;;;
UEB;25.08.2016 00:00;;;;;;;;;;;;;;;;;;;;;;;;293;;;;38;782;100;;;;;
UEB;26.08.2016 00:00;;;;;;;;;;;;;;;;;;;;;;;;291;;;;38;776;99;;;;;
UEB;27.08.2016 00:00;;;;;;;;;;;;;;;;;;;;;;;;281;;;;41;744;96;;;;;
UEB;28.08.2016 00:00;;;;;;;;;;;;;;;;;;;;;;;;273;;;;61;671;87;;;;;
UEB;29.08.2016 00:00;;;;;;;;;;;;;;;;;;;;;;;;75;;;;69;4;1;;;;;
UEB;30.08.2016 00:00;;;;;;;;;;;;;;;;;;;;;;;;231;;;;103;389;51;;;;;
UEB;31.08.2016 00:00;;;;;;;;;;;;;;;;;;;;;;;;270;;;;51;694;91;;;;;
UEB;01.09.2016 00:00;;;;;;;;;;;;;;;;;;;;;;;;243;;;;80;610;80;;;;;
UEB;02.09.2016 00:00;;;;;;;;;;;;;;;;;;;;;;;;263;;;;71;635;84;;;;;
UEB;03.09.2016 00:00;;;;;;;;;;;;;;;;;;;;;;;;216;;;;121;258;34;;;;;
UEB;04.09.2016 00:00;;;;;;;;;;;;;;;;;;;;;;;;97;;;;89;12;2;;;;;
UEB;05.09.2016 00:00;;;;;;;;;;;;;;;;;;;;;;;;67;;;;60;71;9;;;;;
UEB;06.09.2016 00:00;;;;;;;;;;;;;;;;;;;;;;;;251;;;;60;676;91;;;;;
UEB;07.09.2016 00:00;;;;;;;;;;;;;;;;;;;;;;;;264;;;;39;733;99;;;;;
UEB;08.09.2016 00:00;;;;;;;;;;;;;;;;;;;;;;;;257;;;;41;732;99;;;;;
UEB;09.09.2016 00:00;;;;;;;;;;;;;;;;;;;;;;;;258;;;;44;725;98;;;;;
UEB;10.09.2016 00:00;;;;;;;;;;;;;;;;;;;;;;;;245;;;;52;673;92;;;;;
UEB;11.09.2016 00:00;;;;;;;;;;;;;;;;;;;;;;;;241;;;;55;640;88;;;;;
UEB;12.09.2016 00:00;;;;;;;;;;;;;;;;;;;;;;;;242;;;;45;688;95;;;;;
UEB;13.09.2016 00:00;;;;;;;;;;;;;;;;;;;;;;;;240;;;;48;697;97;;;;;
UEB;14.09.2016 00:00;;;;;;;;;;;;;;;;;;;;;;;;235;;;;57;656;91;;;;;
UEB;15.09.2016 00:00;;;;;;;;;;;;;;;;;;;;;;;;107;;;;72;121;17;;;;;
UEB;16.09.2016 00:00;;;;;;;;;;;;;;;;;;;;;;;;86;;;;79;12;2;;;;;
UEB;17.09.2016 00:00;;;;;;;;;;;;;;;;;;;;;;;;97;;;;76;56;8;;;;;
UEB;18.09.2016 00:00;;;;;;;;;;;;;;;;;;;;;;;;52;;;;51;0;0;;;;;
UEB;19.09.2016 00:00;;;;;;;;;;;;;;;;;;;;;;;;95;;;;76;59;8;;;;;
UEB;20.09.2016 00:00;;;;;;;;;;;;;;;;;;;;;;;;123;;;;106;32;5;;;;;
UEB;21.09.2016 00:00;;;;;;;;;;;;;;;;;;;;;;;;145;;;;87;226;33;;;;;
UEB;22.09.2016 00:00;;;;;;;;;;;;;;;;;;;;;;;;192;;;;92;468;68;;;;;
UEB;23.09.2016 00:00;;;;;;;;;;;;;;;;;;;;;;;;170;;;;113;245;35;;;;;
UEB;24.09.2016 00:00;;;;;;;;;;;;;;;;;;;;;;;;228;;;;41;681;99;;;;;
UEB;25.09.2016 00:00;;;;;;;;;;;;;;;;;;;;;;;;220;;;;40;680;99;;;;;
UEB;26.09.2016 00:00;;;;;;;;;;;;;;;;;;;;;;;;171;;;;92;373;55;;;;;
UEB;27.09.2016 00:00;;;;;;;;;;;;;;;;;;;;;;;;110;;;;70;206;30;;;;;
UEB;28.09.2016 00:00;;;;;;;;;;;;;;;;;;;;;;;;206;;;;61;567;84;;;;;
UEB;29.09.2016 00:00;;;;;;;;;;;;;;;;;;;;;;;;204;;;;39;664;99;;;;;
UEB;30.09.2016 00:00;;;;;;;;;;;;;;;;;;;;;;;;212;;;;35;665;100;;;;;
UEB;01.10.2016 00:00;;;;;;;;;;;;;;;;;;;;;;;;124;;;;86;135;20;;;;;
UEB;02.10.2016 00:00;;;;;;;;;;;;;;;;;;;;;;;;74;;;;61;28;4;;;;;
UEB;03.10.2016 00:00;;;;;;;;;;;;;;;;;;;;;;;;169;;;;66;397;60;;;;;
UEB;04.10.2016 00:00;;;;;;;;;;;;;;;;;;;;;;;;149;;;;48;383;59;;;;;
UEB;05.10.2016 00:00;;;;;;;;;;;;;;;;;;;;;;;;76;;;;56;93;14;;;;;
UEB;06.10.2016 00:00;;;;;;;;;;;;;;;;;;;;;;;;138;;;;85;252;39;;;;;
UEB;07.10.2016 00:00;;;;;;;;;;;;;;;;;;;;;;;;83;;;;72;42;6;;;;;
UEB;08.10.2016 00:00;;;;;;;;;;;;;;;;;;;;;;;;43;;;;41;0;0;;;;;
UEB;09.10.2016 00:00;;;;;;;;;;;;;;;;;;;;;;;;87;;;;70;43;7;;;;;
UEB;10.10.2016 00:00;;;;;;;;;;;;;;;;;;;;;;;;90;;;;76;78;12;;;;;
UEB;11.10.2016 00:00;;;;;;;;;;;;;;;;;;;;;;;;88;;;;64;116;18;;;;;
UEB;12.10.2016 00:00;;;;;;;;;;;;;;;;;;;;;;;;114;;;;67;236;37;;;;;
UEB;13.10.2016 00:00;;;;;;;;;;;;;;;;;;;;;;;;89;;;;78;18;3;;;;;
UEB;14.10.2016 00:00;;;;;;;;;;;;;;;;;;;;;;;;71;;;;62;25;4;;;;;
UEB;15.10.2016 00:00;;;;;;;;;;;;;;;;;;;;;;;;111;;;;67;235;38;;;;;
UEB;16.10.2016 00:00;;;;;;;;;;;;;;;;;;;;;;;;171;;;;40;480;78;;;;;
UEB;17.10.2016 00:00;;;;;;;;;;;;;;;;;;;;;;;;59;;;;52;18;3;;;;;
UEB;18.10.2016 00:00;;;;;;;;;;;;;;;;;;;;;;;;56;;;;51;12;2;;;;;
UEB;19.10.2016 00:00;;;;;;;;;;;;;;;;;;;;;;;;33;;;;32;0;0;;;;;
UEB;20.10.2016 00:00;;;;;;;;;;;;;;;;;;;;;;;;108;;;;58;207;34;;;;;
UEB;21.10.2016 00:00;;;;;;;;;;;;;;;;;;;;;;;;25;;;;23;2;0;;;;;
UEB;22.10.2016 00:00;;;;;;;;;;;;;;;;;;;;;;;;128;;;;72;337;56;;;;;
UEB;23.10.2016 00:00;;;;;;;;;;;;;;;;;;;;;;;;31;;;;29;0;0;;;;;
UEB;24.10.2016 00:00;;;;;;;;;;;;;;;;;;;;;;;;113;;;;72;221;37;;;;;
UEB;25.10.2016 00:00;;;;;;;;;;;;;;;;;;;;;;;;21;;;;20;0;0;;;;;
UEB;26.10.2016 00:00;;;;;;;;;;;;;;;;;;;;;;;;60;;;;57;0;0;;;;;
UEB;27.10.2016 00:00;;;;;;;;;;;;;;;;;;;;;;;;120;;;;50;328;56;;;;;
UEB;28.10.2016 00:00;;;;;;;;;;;;;;;;;;;;;;;;155;;;;35;577;99;;;;;
UEB;29.10.2016 00:00;;;;;;;;;;;;;;;;;;;;;;;;144;;;;32;548;94;;;;;
UEB;30.10.2016 00:00;;;;;;;;;;;;;;;;;;;;;;;;144;;;;34;515;89;;;;;
UEB;31.10.2016 00:00;;;;;;;;;;;;;;;;;;;;;;;;75;;;;74;11;2;;;;;
UEB;01.11.2016 00:00;;;;;;;;;;;;;;;;;;;;;;;;139;;;;33;543;95;;;;;
UEB;02.11.2016 00:00;;;;;;;;;;;;;;;;;;;;;;;;57;;;;52;6;1;;;;;
UEB;03.11.2016 00:00;;;;;;;;;;;;;;;;;;;;;;;;131;;;;40;498;88;;;;;
UEB;04.11.2016 00:00;;;;;;;;;;;;;;;;;;;;;;;;112;;;;45;392;70;;;;;
UEB;05.11.2016 00:00;;;;;;;;;;;;;;;;;;;;;;;;35;;;;32;8;1;;;;;
UEB;06.11.2016 00:00;;;;;;;;;;;;;;;;;;;;;;;;26;;;;24;3;1;;;;;
UEB;07.11.2016 00:00;;;;;;;;;;;;;;;;;;;;;;;;54;;;;49;25;5;;;;;
UEB;08.11.2016 00:00;;;;;;;;;;;;;;;;;;;;;;;;67;;;;41;170;31;;;;;
UEB;09.11.2016 00:00;;;;;;;;;;;;;;;;;;;;;;;;44;;;;43;0;0;;;;;
UEB;10.11.2016 00:00;;;;;;;;;;;;;;;;;;;;;;;;25;;;;23;4;1;;;;;
UEB;11.11.2016 00:00;;;;;;;;;;;;;;;;;;;;;;;;22;;;;20;0;0;;;;;
UEB;12.11.2016 00:00;;;;;;;;;;;;;;;;;;;;;;;;79;;;;42;184;34;;;;;
UEB;13.11.2016 00:00;;;;;;;;;;;;;;;;;;;;;;;;42;;;;41;0;0;;;;;
UEB;14.11.2016 00:00;;;;;;;;;;;;;;;;;;;;;;;;32;;;;31;0;0;;;;;
UEB;15.11.2016 00:00;;;;;;;;;;;;;;;;;;;;;;;;74;;;;49;120;23;;;;;
UEB;16.11.2016 00:00;;;;;;;;;;;;;;;;;;;;;;;;36;;;;34;0;0;;;;;
UEB;17.11.2016 00:00;;;;;;;;;;;;;;;;;;;;;;;;49;;;;38;104;20;;;;;
UEB;18.11.2016 00:00;;;;;;;;;;;;;;;;;;;;;;;;13;;;;12;9;2;;;;;
UEB;19.11.2016 00:00;;;;;;;;;;;;;;;;;;;;;;;;23;;;;17;70;13;;;;;
UEB;20.11.2016 00:00;;;;;;;;;;;;;;;;;;;;;;;;87;;;;37;297;57;;;;;
UEB;21.11.2016 00:00;;;;;;;;;;;;;;;;;;;;;;;;37;;;;33;4;1;;;;;
UEB;22.11.2016 00:00;;;;;;;;;;;;;;;;;;;;;;;;64;;;;43;143;28;;;;;
UEB;23.11.2016 00:00;;;;;;;;;;;;;;;;;;;;;;;;37;;;;36;0;0;;;;;
UEB;24.11.2016 00:00;;;;;;;;;;;;;;;;;;;;;;;;33;;;;31;0;0;;;;;
UEB;25.11.2016 00:00;;;;;;;;;;;;;;;;;;;;;;;;23;;;;22;0;0;;;;;
UEB;26.11.2016 00:00;;;;;;;;;;;;;;;;;;;;;;;;56;;;;48;37;7;;;;;
UEB;27.11.2016 00:00;;;;;;;;;;;;;;;;;;;;;;;;74;;;;49;134;27;;;;;
UEB;28.11.2016 00:00;;;;;;;;;;;;;;;;;;;;;;;;61;;;;24;228;46;;;;;
UEB;29.11.2016 00:00;;;;;;;;;;;;;;;;;;;;;;;;62;;;;38;193;39;;;;;
UEB;30.11.2016 00:00;;;;;;;;;;;;;;;;;;;;;;;;93;;;;26;422;85;;;;;
UEB;01.12.2016 00:00;;;;;;;;;;;;;;;;;;;;;;;;81;;;;30;381;77;;;;;
UEB;02.12.2016 00:00;;;;;;;;;;;;;;;;;;;;;;;;95;;;;22;491;99;;;;;
UEB;03.12.2016 00:00;;;;;;;;;;;;;;;;;;;;;;;;18;;;;16;22;4;;;;;
UEB;04.12.2016 00:00;;;;;;;;;;;;;;;;;;;;;;;;91;;;;26;478;97;;;;;
UEB;05.12.2016 00:00;;;;;;;;;;;;;;;;;;;;;;;;94;;;;24;487;99;;;;;
UEB;06.12.2016 00:00;;;;;;;;;;;;;;;;;;;;;;;;91;;;;23;467;95;;;;;
UEB;07.12.2016 00:00;;;;;;;;;;;;;;;;;;;;;;;;97;;;;29;456;93;;;;;
UEB;08.12.2016 00:00;;;;;;;;;;;;;;;;;;;;;;;;88;;;;26;457;93;;;;;
UEB;09.12.2016 00:00;;;;;;;;;;;;;;;;;;;;;;;;76;;;;34;357;73;;;;;
UEB;10.12.2016 00:00;;;;;;;;;;;;;;;;;;;;;;;;90;;;;21;482;99;;;;;
UEB;11.12.2016 00:00;;;;;;;;;;;;;;;;;;;;;;;;28;;;;17;107;22;;;;;
UEB;12.12.2016 00:00;;;;;;;;;;;;;;;;;;;;;;;;84;;;;21;435;90;;;;;
UEB;13.12.2016 00:00;;;;;;;;;;;;;;;;;;;;;;;;80;;;;38;335;69;;;;;
UEB;14.12.2016 00:00;;;;;;;;;;;;;;;;;;;;;;;;84;;;;21;475;98;;;;;
UEB;15.12.2016 00:00;;;;;;;;;;;;;;;;;;;;;;;;88;;;;25;448;93;;;;;
UEB;16.12.2016 00:00;;;;;;;;;;;;;;;;;;;;;;;;90;;;;25;459;95;;;;;
UEB;17.12.2016 00:00;;;;;;;;;;;;;;;;;;;;;;;;83;;;;31;385;80;;;;;
UEB;18.12.2016 00:00;;;;;;;;;;;;;;;;;;;;;;;;69;;;;31;244;51;;;;;
UEB;19.12.2016 00:00;;;;;;;;;;;;;;;;;;;;;;;;53;;;;27;147;31;;;;;
UEB;20.12.2016 00:00;;;;;;;;;;;;;;;;;;;;;;;;60;;;;43;99;21;;;;;
UEB;21.12.2016 00:00;;;;;;;;;;;;;;;;;;;;;;;;83;;;;24;446;94;;;;;
UEB;22.12.2016 00:00;;;;;;;;;;;;;;;;;;;;;;;;85;;;;27;448;94;;;;;
UEB;23.12.2016 00:00;;;;;;;;;;;;;;;;;;;;;;;;60;;;;51;62;13;;;;;
UEB;24.12.2016 00:00;;;;;;;;;;;;;;;;;;;;;;;;25;;;;23;12;3;;;;;
UEB;25.12.2016 00:00;;;;;;;;;;;;;;;;;;;;;;;;40;;;;34;27;6;;;;;
UEB;26.12.2016 00:00;;;;;;;;;;;;;;;;;;;;;;;;71;;;;29;293;61;;;;;
UEB;27.12.2016 00:00;;;;;;;;;;;;;;;;;;;;;;;;81;;;;28;409;85;;;;;
UEB;28.12.2016 00:00;;;;;;;;;;;;;;;;;;;;;;;;89;;;;22;478;99;;;;;
UEB;29.12.2016 00:00;;;;;;;;;;;;;;;;;;;;;;;;89;;;;29;411;85;;;;;
UEB;30.12.2016 00:00;;;;;;;;;;;;;;;;;;;;;;;;95;;;;25;479;99;;;;;
UEB;31.12.2016 00:00;;;;;;;;;;;;;;;;;;;;;;;;94;;;;25;482;99;;;;;
UEB;01.01.2017 00:00;;;;;;;;;;;;;;;;;;;;;;;;93;;;;23;485;99;;;;;
UEB;02.01.2017 00:00;;;;;;;;;;;;;;;;;;;;;;;;60;;;;43;111;23;;;;;
UEB;03.01.2017 00:00;;;;;;;;;;;;;;;;;;;;;;;;94;;;;25;479;98;;;;;
UEB;04.01.2017 00:00;;;;;;;;;;;;;;;;;;;;;;;;12;;;;11;0;0;;;;;
UEB;05.01.2017 00:00;;;;;;;;;;;;;;;;;;;;;;;;36;;;;27;41;8;;;;;
UEB;06.01.2017 00:00;;;;;;;;;;;;;;;;;;;;;;;;74;;;;42;227;46;;;;;
UEB;07.01.2017 00:00;;;;;;;;;;;;;;;;;;;;;;;;48;;;;40;40;8;;;;;
UEB;08.01.2017 00:00;;;;;;;;;;;;;;;;;;;;;;;;35;;;;34;0;0;;;;;
UEB;09.01.2017 00:00;;;;;;;;;;;;;;;;;;;;;;;;27;;;;26;0;0;;;;;
UEB;10.01.2017 00:00;;;;;;;;;;;;;;;;;;;;;;;;23;;;;22;0;0;;;;;
UEB;11.01.2017 00:00;;;;;;;;;;;;;;;;;;;;;;;;41;;;;39;3;1;;;;;
UEB;12.01.2017 00:00;;;;;;;;;;;;;;;;;;;;;;;;27;;;;26;0;0;;;;;
UEB;13.01.2017 00:00;;;;;;;;;;;;;;;;;;;;;;;;30;;;;21;53;11;;;;;
UEB;14.01.2017 00:00;;;;;;;;;;;;;;;;;;;;;;;;20;;;;19;0;0;;;;;
UEB;15.01.2017 00:00;;;;;;;;;;;;;;;;;;;;;;;;39;;;;34;11;2;;;;;
UEB;16.01.2017 00:00;;;;;;;;;;;;;;;;;;;;;;;;46;;;;39;20;4;;;;;
UEB;17.01.2017 00:00;;;;;;;;;;;;;;;;;;;;;;;;15;;;;13;0;0;;;;;
UEB;18.01.2017 00:00;;;;;;;;;;;;;;;;;;;;;;;;18;;;;16;0;0;;;;;
UEB;19.01.2017 00:00;;;;;;;;;;;;;;;;;;;;;;;;27;;;;25;0;0;;;;;
UEB;20.01.2017 00:00;;;;;;;;;;;;;;;;;;;;;;;;60;;;;59;0;0;;;;;
UEB;21.01.2017 00:00;;;;;;;;;;;;;;;;;;;;;;;;118;;;;29;527;100;;;;;
UEB;22.01.2017 00:00;;;;;;;;;;;;;;;;;;;;;;;;122;;;;30;498;96;;;;;
UEB;23.01.2017 00:00;;;;;;;;;;;;;;;;;;;;;;;;122;;;;33;518;99;;;;;
UEB;24.01.2017 00:00;;;;;;;;;;;;;;;;;;;;;;;;32;;;;31;0;0;;;;;
UEB;25.01.2017 00:00;;;;;;;;;;;;;;;;;;;;;;;;27;;;;25;0;0;;;;;
UEB;26.01.2017 00:00;;;;;;;;;;;;;;;;;;;;;;;;73;;;;65;22;4;;;;;
UEB;27.01.2017 00:00;;;;;;;;;;;;;;;;;;;;;;;;111;;;;44;378;71;;;;;
UEB;28.01.2017 00:00;;;;;;;;;;;;;;;;;;;;;;;;112;;;;36;398;75;;;;;
UEB;29.01.2017 00:00;;;;;;;;;;;;;;;;;;;;;;;;117;;;;29;518;97;;;;;
UEB;30.01.2017 00:00;;;;;;;;;;;;;;;;;;;;;;;;23;;;;22;1;0;;;;;
UEB;31.01.2017 00:00;;;;;;;;;;;;;;;;;;;;;;;;12;;;;11;0;0;;;;;
UEB;01.02.2017 00:00;;;;;;;;;;;;;;;;;;;;;;;;62;;;;44;95;17;;;;;
UEB;02.02.2017 00:00;;;;;;;;;;;;;;;;;;;;;;;;114;;;;53;374;68;;;;;
UEB;03.02.2017 00:00;;;;;;;;;;;;;;;;;;;;;;;;83;;;;47;208;38;;;;;
UEB;04.02.2017 00:00;;;;;;;;;;;;;;;;;;;;;;;;47;;;;31;61;11;;;;;
UEB;05.02.2017 00:00;;;;;;;;;;;;;;;;;;;;;;;;23;;;;21;0;0;;;;;
UEB;06.02.2017 00:00;;;;;;;;;;;;;;;;;;;;;;;;118;;;;58;350;63;;;;;
UEB;07.02.2017 00:00;;;;;;;;;;;;;;;;;;;;;;;;56;;;;53;3;1;;;;;
UEB;08.02.2017 00:00;;;;;;;;;;;;;;;;;;;;;;;;41;;;;40;0;0;;;;;
UEB;09.02.2017 00:00;;;;;;;;;;;;;;;;;;;;;;;;33;;;;32;0;0;;;;;
UEB;10.02.2017 00:00;;;;;;;;;;;;;;;;;;;;;;;;61;;;;57;1;0;;;;;
UEB;11.02.2017 00:00;;;;;;;;;;;;;;;;;;;;;;;;150;;;;42;552;96;;;;;
UEB;12.02.2017 00:00;;;;;;;;;;;;;;;;;;;;;;;;129;;;;64;351;61;;;;;
UEB;13.02.2017 00:00;;;;;;;;;;;;;;;;;;;;;;;;72;;;;70;0;0;;;;;
UEB;14.02.2017 00:00;;;;;;;;;;;;;;;;;;;;;;;;153;;;;32;578;99;;;;;
UEB;15.02.2017 00:00;;;;;;;;;;;;;;;;;;;;;;;;156;;;;33;584;99;;;;;
UEB;16.02.2017 00:00;;;;;;;;;;;;;;;;;;;;;;;;153;;;;35;569;96;;;;;
UEB;17.02.2017 00:00;;;;;;;;;;;;;;;;;;;;;;;;23;;;;22;0;0;;;;;
UEB;18.02.2017 00:00;;;;;;;;;;;;;;;;;;;;;;;;129;;;;85;295;49;;;;;
UEB;19.02.2017 00:00;;;;;;;;;;;;;;;;;;;;;;;;150;;;;45;420;70;;;;;
UEB;20.02.2017 00:00;;;;;;;;;;;;;;;;;;;;;;;;131;;;;76;217;36;;;;;
UEB;21.02.2017 00:00;;;;;;;;;;;;;;;;;;;;;;;;33;;;;32;0;0;;;;;
UEB;22.02.2017 00:00;;;;;;;;;;;;;;;;;;;;;;;;112;;;;76;130;21;;;;;
UEB;23.02.2017 00:00;;;;;;;;;;;;;;;;;;;;;;;;146;;;;55;472;77;;;;;
UEB;24.02.2017 00:00;;;;;;;;;;;;;;;;;;;;;;;;80;;;;60;80;13;;;;;
UEB;25.02.2017 00:00;;;;;;;;;;;;;;;;;;;;;;;;180;;;;54;537;87;;;;;
UEB;26.02.2017 00:00;;;;;;;;;;;;;;;;;;;;;;;;125;;;;79;193;31;;;;;
UEB;27.02.2017 00:00;;;;;;;;;;;;;;;;;;;;;;;;162;;;;52;467;75;;;;;
UEB;28.02.2017 00:00;;;;;;;;;;;;;;;;;;;;;;;;65;;;;57;4;1;;;;;
UEB;01.03.2017 00:00;;;;;;;;;;;;;;;;;;;;;;;;56;;;;51;13;2;;;;;
UEB;02.03.2017 00:00;;;;;;;;;;;;;;;;;;;;;;;;124;;;;66;214;34;;;;;
UEB;03.03.2017 00:00;;;;;;;;;;;;;;;;;;;;;;;;155;;;;80;286;45;;;;;
UEB;04.03.2017 00:00;;;;;;;;;;;;;;;;;;;;;;;;127;;;;89;136;21;;;;;
UEB;05.03.2017 00:00;;;;;;;;;;;;;;;;;;;;;;;;108;;;;63;116;18;;;;;
UEB;06.03.2017 00:00;;;;;;;;;;;;;;;;;;;;;;;;41;;;;40;1;0;;;;;
UEB;07.03.2017 00:00;;;;;;;;;;;;;;;;;;;;;;;;44;;;;41;2;0;;;;;
UEB;08.03.2017 00:00;;;;;;;;;;;;;;;;;;;;;;;;94;;;;74;112;17;;;;;
UEB;09.03.2017 00:00;;;;;;;;;;;;;;;;;;;;;;;;23;;;;23;0;0;;;;;
UEB;10.03.2017 00:00;;;;;;;;;;;;;;;;;;;;;;;;187;;;;50;505;76;;;;;
UEB;11.03.2017 00:00;;;;;;;;;;;;;;;;;;;;;;;;216;;;;59;607;91;;;;;
UEB;12.03.2017 00:00;;;;;;;;;;;;;;;;;;;;;;;;214;;;;54;638;96;;;;;
UEB;13.03.2017 00:00;;;;;;;;;;;;;;;;;;;;;;;;214;;;;57;563;84;;;;;
UEB;14.03.2017 00:00;;;;;;;;;;;;;;;;;;;;;;;;216;;;;51;636;95;;;;;
UEB;15.03.2017 00:00;;;;;;;;;;;;;;;;;;;;;;;;221;;;;57;653;97;;;;;
UEB;16.03.2017 00:00;;;;;;;;;;;;;;;;;;;;;;;;229;;;;35;678;99;;;;;
UEB;17.03.2017 00:00;;;;;;;;;;;;;;;;;;;;;;;;202;;;;47;508;74;;;;;
UEB;18.03.2017 00:00;;;;;;;;;;;;;;;;;;;;;;;;29;;;;28;0;0;;;;;
UEB;19.03.2017 00:00;;;;;;;;;;;;;;;;;;;;;;;;105;;;;80;120;17;;;;;
UEB;20.03.2017 00:00;;;;;;;;;;;;;;;;;;;;;;;;123;;;;74;226;33;;;;;
UEB;21.03.2017 00:00;;;;;;;;;;;;;;;;;;;;;;;;119;;;;97;64;9;;;;;
UEB;22.03.2017 00:00;;;;;;;;;;;;;;;;;;;;;;;;70;;;;69;0;0;;;;;
UEB;23.03.2017 00:00;;;;;;;;;;;;;;;;;;;;;;;;233;;;;51;585;83;;;;;
UEB;24.03.2017 00:00;;;;;;;;;;;;;;;;;;;;;;;;127;;;;116;25;4;;;;;
UEB;25.03.2017 00:00;;;;;;;;;;;;;;;;;;;;;;;;190;;;;84;357;50;;;;;
UEB;26.03.2017 00:00;;;;;;;;;;;;;;;;;;;;;;;;119;;;;94;114;16;;;;;
UEB;27.03.2017 00:00;;;;;;;;;;;;;;;;;;;;;;;;257;;;;41;707;98;;;;;
UEB;28.03.2017 00:00;;;;;;;;;;;;;;;;;;;;;;;;253;;;;51;695;97;;;;;
UEB;29.03.2017 00:00;;;;;;;;;;;;;;;;;;;;;;;;245;;;;75;618;85;;;;;
UEB;30.03.2017 00:00;;;;;;;;;;;;;;;;;;;;;;;;256;;;;62;674;93;;;;;
UEB;31.03.2017 00:00;;;;;;;;;;;;;;;;;;;;;;;;237;;;;92;553;76;;;;;
UEB;01.04.2017 00:00;;;;;;;;;;;;;;;;;;;;;;;;222;;;;69;421;57;;;;;
UEB;02.04.2017 00:00;;;;;;;;;;;;;;;;;;;;;;;;146;;;;111;123;17;;;;;
UEB;03.04.2017 00:00;;;;;;;;;;;;;;;;;;;;;;;;187;;;;103;347;47;;;;;
UEB;04.04.2017 00:00;;;;;;;;;;;;;;;;;;;;;;;;167;;;;111;195;26;;;;;
UEB;05.04.2017 00:00;;;;;;;;;;;;;;;;;;;;;;;;136;;;;84;135;18;;;;;
UEB;06.04.2017 00:00;;;;;;;;;;;;;;;;;;;;;;;;175;;;;109;250;33;;;;;
UEB;07.04.2017 00:00;;;;;;;;;;;;;;;;;;;;;;;;277;;;;48;732;97;;;;;
UEB;08.04.2017 00:00;;;;;;;;;;;;;;;;;;;;;;;;287;;;;43;751;100;;;;;
UEB;09.04.2017 00:00;;;;;;;;;;;;;;;;;;;;;;;;289;;;;41;755;100;;;;;
UEB;10.04.2017 00:00;;;;;;;;;;;;;;;;;;;;;;;;265;;;;57;584;77;;;;;
UEB;11.04.2017 00:00;;;;;;;;;;;;;;;;;;;;;;;;171;;;;130;183;24;;;;;
UEB;12.04.2017 00:00;;;;;;;;;;;;;;;;;;;;;;;;289;;;;69;696;91;;;;;
UEB;13.04.2017 00:00;;;;;;;;;;;;;;;;;;;;;;;;280;;;;68;656;86;;;;;
UEB;14.04.2017 00:00;;;;;;;;;;;;;;;;;;;;;;;;172;;;;116;190;25;;;;;
UEB;15.04.2017 00:00;;;;;;;;;;;;;;;;;;;;;;;;95;;;;90;3;0;;;;;
UEB;16.04.2017 00:00;;;;;;;;;;;;;;;;;;;;;;;;42;;;;41;0;0;;;;;
UEB;17.04.2017 00:00;;;;;;;;;;;;;;;;;;;;;;;;122;;;;107;24;3;;;;;
UEB;18.04.2017 00:00;;;;;;;;;;;;;;;;;;;;;;;;186;;;;96;269;34;;;;;
UEB;19.04.2017 00:00;;;;;;;;;;;;;;;;;;;;;;;;138;;;;112;70;9;;;;;
UEB;20.04.2017 00:00;;;;;;;;;;;;;;;;;;;;;;;;294;;;;92;551;69;;;;;
UEB;21.04.2017 00:00;;;;;;;;;;;;;;;;;;;;;;;;321;;;;46;795;100;;;;;
UEB;22.04.2017 00:00;;;;;;;;;;;;;;;;;;;;;;;;283;;;;73;552;69;;;;;
UEB;23.04.2017 00:00;;;;;;;;;;;;;;;;;;;;;;;;237;;;;117;410;51;;;;;
UEB;24.04.2017 00:00;;;;;;;;;;;;;;;;;;;;;;;;326;;;;54;741;92;;;;;
UEB;25.04.2017 00:00;;;;;;;;;;;;;;;;;;;;;;;;34;;;;32;2;0;;;;;
UEB;26.04.2017 00:00;;;;;;;;;;;;;;;;;;;;;;;;75;;;;72;0;0;;;;;
UEB;27.04.2017 00:00;;;;;;;;;;;;;;;;;;;;;;;;76;;;;72;0;0;;;;;
UEB;28.04.2017 00:00;;;;;;;;;;;;;;;;;;;;;;;;99;;;;90;16;2;;;;;
UEB;29.04.2017 00:00;;;;;;;;;;;;;;;;;;;;;;;;348;;;;55;807;99;;;;;
UEB;30.04.2017 00:00;;;;;;;;;;;;;;;;;;;;;;;;343;;;;45;768;94;;;;;
UEB;01.05.2017 00:00;;;;;;;;;;;;;;;;;;;;;;;;52;;;;51;0;0;;;;;
UEB;02.05.2017 00:00;;;;;;;;;;;;;;;;;;;;;;;;234;;;;114;326;39;;;;;
UEB;03.05.2017 00:00;;;;;;;;;;;;;;;;;;;;;;;;269;;;;144;356;43;;;;;
UEB;04.05.2017 00:00;;;;;;;;;;;;;;;;;;;;;;;;154;;;;105;148;18;;;;;
UEB;05.05.2017 00:00;;;;;;;;;;;;;;;;;;;;;;;;300;;;;76;590;71;;;;;
UEB;06.05.2017 00:00;;;;;;;;;;;;;;;;;;;;;;;;100;;;;77;55;7;;;;;
UEB;07.05.2017 00:00;;;;;;;;;;;;;;;;;;;;;;;;52;;;;51;0;0;;;;;
UEB;08.05.2017 00:00;;;;;;;;;;;;;;;;;;;;;;;;66;;;;65;0;0;;;;;
UEB;09.05.2017 00:00;;;;;;;;;;;;;;;;;;;;;;;;167;;;;147;87;10;;;;;
UEB;10.05.2017 00:00;;;;;;;;;;;;;;;;;;;;;;;;358;;;;46;804;95;;;;;
UEB;11.05.2017 00:00;;;;;;;;;;;;;;;;;;;;;;;;179;;;;121;241;28;;;;;
UEB;12.05.2017 00:00;;;;;;;;;;;;;;;;;;;;;;;;223;;;;102;294;35;;;;;
UEB;13.05.2017 00:00;;;;;;;;;;;;;;;;;;;;;;;;267;;;;102;369;43;;;;;
UEB;14.05.2017 00:00;;;;;;;;;;;;;;;;;;;;;;;;197;;;;121;170;20;;;;;
UEB;15.05.2017 00:00;;;;;;;;;;;;;;;;;;;;;;;;290;;;;90;565;66;;;;;
UEB;16.05.2017 00:00;;;;;;;;;;;;;;;;;;;;;;;;361;;;;58;856;99;;;;;
UEB;17.05.2017 00:00;;;;;;;;;;;;;;;;;;;;;;;;356;;;;43;848;98;;;;;
UEB;18.05.2017 00:00;;;;;;;;;;;;;;;;;;;;;;;;245;;;;164;204;23;;;;;
UEB;19.05.2017 00:00;;;;;;;;;;;;;;;;;;;;;;;;64;;;;62;0;0;;;;;
UEB;20.05.2017 00:00;;;;;;;;;;;;;;;;;;;;;;;;196;;;;111;177;20;;;;;
UEB;21.05.2017 00:00;;;;;;;;;;;;;;;;;;;;;;;;317;;;;108;665;76;;;;;
UEB;22.05.2017 00:00;;;;;;;;;;;;;;;;;;;;;;;;370;;;;45;856;98;;;;;
UEB;23.05.2017 00:00;;;;;;;;;;;;;;;;;;;;;;;;295;;;;135;466;53;;;;;
UEB;24.05.2017 00:00;;;;;;;;;;;;;;;;;;;;;;;;250;;;;129;319;36;;;;;
UEB;25.05.2017 00:00;;;;;;;;;;;;;;;;;;;;;;;;327;;;;90;755;86;;;;;
UEB;26.05.2017 00:00;;;;;;;;;;;;;;;;;;;;;;;;378;;;;44;884;100;;;;;
UEB;27.05.2017 00:00;;;;;;;;;;;;;;;;;;;;;;;;372;;;;46;866;98;;;;;
UEB;28.05.2017 00:00;;;;;;;;;;;;;;;;;;;;;;;;331;;;;98;699;79;;;;;
UEB;29.05.2017 00:00;;;;;;;;;;;;;;;;;;;;;;;;362;;;;59;812;91;;;;;
UEB;30.05.2017 00:00;;;;;;;;;;;;;;;;;;;;;;;;359;;;;95;673;76;;;;;
UEB;31.05.2017 00:00;;;;;;;;;;;;;;;;;;;;;;;;277;;;;136;373;42;;;;;
UEB;01.06.2017 00:00;;;;;;;;;;;;;;;;;;;;;;;;254;;;;154;338;38;;;;;
UEB;02.06.2017 00:00;;;;;;;;;;;;;;;;;;;;;;;;348;;;;112;583;65;;;;;
UEB;03.06.2017 00:00;;;;;;;;;;;;;;;;;;;;;;;;300;;;;93;545;61;;;;;
UEB;04.06.2017 00:00;;;;;;;;;;;;;;;;;;;;;;;;227;;;;115;241;27;;;;;
UEB;05.06.2017 00:00;;;;;;;;;;;;;;;;;;;;;;;;70;;;;67;1;0;;;;;
UEB;06.06.2017 00:00;;;;;;;;;;;;;;;;;;;;;;;;133;;;;88;207;23;;;;;
UEB;07.06.2017 00:00;;;;;;;;;;;;;;;;;;;;;;;;339;;;;100;608;67;;;;;
UEB;08.06.2017 00:00;;;;;;;;;;;;;;;;;;;;;;;;373;;;;80;866;96;;;;;
UEB;09.06.2017 00:00;;;;;;;;;;;;;;;;;;;;;;;;221;;;;157;266;29;;;;;
UEB;10.06.2017 00:00;;;;;;;;;;;;;;;;;;;;;;;;337;;;;115;569;63;;;;;
UEB;11.06.2017 00:00;;;;;;;;;;;;;;;;;;;;;;;;377;;;;44;892;99;;;;;
UEB;12.06.2017 00:00;;;;;;;;;;;;;;;;;;;;;;;;251;;;;120;386;43;;;;;
UEB;13.06.2017 00:00;;;;;;;;;;;;;;;;;;;;;;;;370;;;;83;750;83;;;;;
UEB;14.06.2017 00:00;;;;;;;;;;;;;;;;;;;;;;;;237;;;;165;242;27;;;;;
UEB;15.06.2017 00:00;;;;;;;;;;;;;;;;;;;;;;;;338;;;;81;649;71;;;;;
UEB;16.06.2017 00:00;;;;;;;;;;;;;;;;;;;;;;;;355;;;;102;644;71;;;;;
UEB;17.06.2017 00:00;;;;;;;;;;;;;;;;;;;;;;;;360;;;;70;683;75;;;;;
UEB;18.06.2017 00:00;;;;;;;;;;;;;;;;;;;;;;;;389;;;;44;909;100;;;;;
UEB;19.06.2017 00:00;;;;;;;;;;;;;;;;;;;;;;;;373;;;;56;896;98;;;;;
UEB;20.06.2017 00:00;;;;;;;;;;;;;;;;;;;;;;;;344;;;;65;710;78;;;;;
UEB;21.06.2017 00:00;;;;;;;;;;;;;;;;;;;;;;;;350;;;;111;745;82;;;;;
UEB;22.06.2017 00:00;;;;;;;;;;;;;;;;;;;;;;;;338;;;;87;712;78;;;;;
UEB;23.06.2017 00:00;;;;;;;;;;;;;;;;;;;;;;;;291;;;;121;551;60;;;;;
UEB;24.06.2017 00:00;;;;;;;;;;;;;;;;;;;;;;;;155;;;;121;171;19;;;;;
UEB;25.06.2017 00:00;;;;;;;;;;;;;;;;;;;;;;;;209;;;;118;317;35;;;;;
UEB;26.06.2017 00:00;;;;;;;;;;;;;;;;;;;;;;;;348;;;;66;699;77;;;;;
UEB;27.06.2017 00:00;;;;;;;;;;;;;;;;;;;;;;;;211;;;;127;191;21;;;;;
UEB;28.06.2017 00:00;;;;;;;;;;;;;;;;;;;;;;;;210;;;;93;253;28;;;;;
UEB;29.06.2017 00:00;;;;;;;;;;;;;;;;;;;;;;;;214;;;;112;260;29;;;;;
UEB;30.06.2017 00:00;;;;;;;;;;;;;;;;;;;;;;;;324;;;;87;551;61;;;;;
UEB;01.07.2017 00:00;;;;;;;;;;;;;;;;;;;;;;;;224;;;;117;237;26;;;;;
UEB;02.07.2017 00:00;;;;;;;;;;;;;;;;;;;;;;;;62;;;;60;0;0;;;;;
UEB;03.07.2017 00:00;;;;;;;;;;;;;;;;;;;;;;;;291;;;;100;519;57;;;;;
UEB;04.07.2017 00:00;;;;;;;;;;;;;;;;;;;;;;;;333;;;;73;770;85;;;;;
UEB;05.07.2017 00:00;;;;;;;;;;;;;;;;;;;;;;;;374;;;;69;870;96;;;;;
UEB;06.07.2017 00:00;;;;;;;;;;;;;;;;;;;;;;;;371;;;;54;848;94;;;;;
UEB;07.07.2017 00:00;;;;;;;;;;;;;;;;;;;;;;;;295;;;;122;420;47;;;;;
UEB;08.07.2017 00:00;;;;;;;;;;;;;;;;;;;;;;;;256;;;;63;529;59;;;;;
UEB;09.07.2017 00:00;;;;;;;;;;;;;;;;;;;;;;;;145;;;;117;90;10;;;;;
UEB;10.07.2017 00:00;;;;;;;;;;;;;;;;;;;;;;;;200;;;;125;198;22;;;;;
UEB;11.07.2017 00:00;;;;;;;;;;;;;;;;;;;;;;;;206;;;;144;282;32;;;;;
UEB;12.07.2017 00:00;;;;;;;;;;;;;;;;;;;;;;;;271;;;;128;385;43;;;;;
UEB;13.07.2017 00:00;;;;;;;;;;;;;;;;;;;;;;;;264;;;;130;284;32;;;;;
UEB;14.07.2017 00:00;;;;;;;;;;;;;;;;;;;;;;;;244;;;;126;327;37;;;;;
UEB;15.07.2017 00:00;;;;;;;;;;;;;;;;;;;;;;;;265;;;;133;335;38;;;;;
UEB;16.07.2017 00:00;;;;;;;;;;;;;;;;;;;;;;;;300;;;;135;541;61;;;;;
UEB;17.07.2017 00:00;;;;;;;;;;;;;;;;;;;;;;;;351;;;;57;866;98;;;;;
UEB;18.07.2017 00:00;;;;;;;;;;;;;;;;;;;;;;;;269;;;;85;570;65;;;;;
UEB;19.07.2017 00:00;;;;;;;;;;;;;;;;;;;;;;;;300;;;;91;569;65;;;;;
UEB;20.07.2017 00:00;;;;;;;;;;;;;;;;;;;;;;;;233;;;;83;373;43;;;;;
UEB;21.07.2017 00:00;;;;;;;;;;;;;;;;;;;;;;;;269;;;;109;501;57;;;;;
UEB;22.07.2017 00:00;;;;;;;;;;;;;;;;;;;;;;;;313;;;;77;591;68;;;;;
UEB;23.07.2017 00:00;;;;;;;;;;;;;;;;;;;;;;;;128;;;;107;37;4;;;;;
UEB;24.07.2017 00:00;;;;;;;;;;;;;;;;;;;;;;;;100;;;;79;42;5;;;;;
UEB;25.07.2017 00:00;;;;;;;;;;;;;;;;;;;;;;;;115;;;;104;30;3;;;;;
UEB;26.07.2017 00:00;;;;;;;;;;;;;;;;;;;;;;;;123;;;;88;152;18;;;;;
UEB;27.07.2017 00:00;;;;;;;;;;;;;;;;;;;;;;;;152;;;;130;37;4;;;;;
UEB;28.07.2017 00:00;;;;;;;;;;;;;;;;;;;;;;;;150;;;;117;186;22;;;;;
UEB;29.07.2017 00:00;;;;;;;;;;;;;;;;;;;;;;;;276;;;;100;667;78;;;;;
UEB;30.07.2017 00:00;;;;;;;;;;;;;;;;;;;;;;;;279;;;;97;510;60;;;;;
UEB;31.07.2017 00:00;;;;;;;;;;;;;;;;;;;;;;;;204;;;;117;306;36;;;;;
UEB;01.08.2017 00:00;;;;;;;;;;;;;;;;;;;;;;;;278;;;;94;525;62;;;;;
UEB;02.08.2017 00:00;;;;;;;;;;;;;;;;;;;;;;;;319;;;;72;718;85;;;;;
UEB;03.08.2017 00:00;;;;;;;;;;;;;;;;;;;;;;;;278;;;;102;516;61;;;;;
UEB;04.08.2017 00:00;;;;;;;;;;;;;;;;;;;;;;;;260;;;;155;275;33;;;;;
UEB;05.08.2017 00:00;;;;;;;;;;;;;;;;;;;;;;;;238;;;;115;399;48;;;;;
UEB;06.08.2017 00:00;;;;;;;;;;;;;;;;;;;;;;;;132;;;;108;146;18;;;;;
UEB;07.08.2017 00:00;;;;;;;;;;;;;;;;;;;;;;;;337;;;;61;731;88;;;;;
UEB;08.08.2017 00:00;;;;;;;;;;;;;;;;;;;;;;;;81;;;;67;38;5;;;;;
UEB;09.08.2017 00:00;;;;;;;;;;;;;;;;;;;;;;;;144;;;;122;51;6;;;;;
UEB;10.08.2017 00:00;;;;;;;;;;;;;;;;;;;;;;;;48;;;;46;4;0;;;;;
UEB;11.08.2017 00:00;;;;;;;;;;;;;;;;;;;;;;;;64;;;;63;0;0;;;;;
UEB;12.08.2017 00:00;;;;;;;;;;;;;;;;;;;;;;;;156;;;;123;59;7;;;;;
UEB;13.08.2017 00:00;;;;;;;;;;;;;;;;;;;;;;;;282;;;;86;489;60;;;;;
UEB;14.08.2017 00:00;;;;;;;;;;;;;;;;;;;;;;;;309;;;;51;771;95;;;;;
UEB;15.08.2017 00:00;;;;;;;;;;;;;;;;;;;;;;;;290;;;;85;612;76;;;;;
UEB;16.08.2017 00:00;;;;;;;;;;;;;;;;;;;;;;;;258;;;;95;496;61;;;;;
UEB;17.08.2017 00:00;;;;;;;;;;;;;;;;;;;;;;;;276;;;;95;680;84;;;;;
UEB;18.08.2017 00:00;;;;;;;;;;;;;;;;;;;;;;;;281;;;;52;590;74;;;;;
UEB;19.08.2017 00:00;;;;;;;;;;;;;;;;;;;;;;;;156;;;;99;160;20;;;;;
UEB;20.08.2017 00:00;;;;;;;;;;;;;;;;;;;;;;;;273;;;;98;545;68;;;;;
UEB;21.08.2017 00:00;;;;;;;;;;;;;;;;;;;;;;;;165;;;;132;105;13;;;;;
UEB;22.08.2017 00:00;;;;;;;;;;;;;;;;;;;;;;;;299;;;;47;773;98;;;;;
UEB;23.08.2017 00:00;;;;;;;;;;;;;;;;;;;;;;;;275;;;;65;620;78;;;;;
UEB;24.08.2017 00:00;;;;;;;;;;;;;;;;;;;;;;;;226;;;;57;505;64;;;;;
UEB;25.08.2017 00:00;;;;;;;;;;;;;;;;;;;;;;;;255;;;;89;515;66;;;;;
UEB;26.08.2017 00:00;;;;;;;;;;;;;;;;;;;;;;;;261;;;;87;608;78;;;;;
UEB;27.08.2017 00:00;;;;;;;;;;;;;;;;;;;;;;;;169;;;;108;265;34;;;;;
UEB;28.08.2017 00:00;;;;;;;;;;;;;;;;;;;;;;;;222;;;;104;478;62;;;;;
UEB;29.08.2017 00:00;;;;;;;;;;;;;;;;;;;;;;;;281;;;;51;745;97;;;;;
UEB;30.08.2017 00:00;;;;;;;;;;;;;;;;;;;;;;;;232;;;;108;441;58;;;;;
UEB;31.08.2017 00:00;;;;;;;;;;;;;;;;;;;;;;;;38;;;;36;1;0;;;;;
UEB;01.09.2017 00:00;;;;;;;;;;;;;;;;;;;;;;;;60;;;;59;0;0;;;;;
UEB;02.09.2017 00:00;;;;;;;;;;;;;;;;;;;;;;;;85;;;;80;10;1;;;;;
UEB;03.09.2017 00:00;;;;;;;;;;;;;;;;;;;;;;;;187;;;;80;343;46;;;;;
UEB;04.09.2017 00:00;;;;;;;;;;;;;;;;;;;;;;;;204;;;;127;246;33;;;;;
UEB;05.09.2017 00:00;;;;;;;;;;;;;;;;;;;;;;;;250;;;;52;532;71;;;;;
UEB;06.09.2017 00:00;;;;;;;;;;;;;;;;;;;;;;;;129;;;;90;124;17;;;;;
UEB;07.09.2017 00:00;;;;;;;;;;;;;;;;;;;;;;;;146;;;;100;216;29;;;;;
UEB;08.09.2017 00:00;;;;;;;;;;;;;;;;;;;;;;;;207;;;;122;383;52;;;;;
UEB;09.09.2017 00:00;;;;;;;;;;;;;;;;;;;;;;;;24;;;;22;0;0;;;;;
UEB;10.09.2017 00:00;;;;;;;;;;;;;;;;;;;;;;;;109;;;;75;90;12;;;;;
UEB;11.09.2017 00:00;;;;;;;;;;;;;;;;;;;;;;;;110;;;;76;136;19;;;;;
UEB;12.09.2017 00:00;;;;;;;;;;;;;;;;;;;;;;;;105;;;;71;131;18;;;;;
UEB;13.09.2017 00:00;;;;;;;;;;;;;;;;;;;;;;;;62;;;;53;93;13;;;;;
UEB;14.09.2017 00:00;;;;;;;;;;;;;;;;;;;;;;;;55;;;;39;167;23;;;;;
UEB;15.09.2017 00:00;;;;;;;;;;;;;;;;;;;;;;;;212;;;;79;514;72;;;;;
UEB;16.09.2017 00:00;;;;;;;;;;;;;;;;;;;;;;;;168;;;;77;297;42;;;;;
UEB;17.09.2017 00:00;;;;;;;;;;;;;;;;;;;;;;;;163;;;;90;257;36;;;;;
UEB;18.09.2017 00:00;;;;;;;;;;;;;;;;;;;;;;;;142;;;;103;112;16;;;;;
UEB;19.09.2017 00:00;;;;;;;;;;;;;;;;;;;;;;;;105;;;;86;55;8;;;;;
UEB;20.09.2017 00:00;;;;;;;;;;;;;;;;;;;;;;;;148;;;;77;252;36;;;;;
UEB;21.09.2017 00:00;;;;;;;;;;;;;;;;;;;;;;;;232;;;;36;673;97;;;;;
UEB;22.09.2017 00:00;;;;;;;;;;;;;;;;;;;;;;;;210;;;;65;530;77;;;;;
UEB;23.09.2017 00:00;;;;;;;;;;;;;;;;;;;;;;;;215;;;;56;602;87;;;;;
UEB;24.09.2017 00:00;;;;;;;;;;;;;;;;;;;;;;;;192;;;;84;457;66;;;;;
UEB;25.09.2017 00:00;;;;;;;;;;;;;;;;;;;;;;;;220;;;;50;626;91;;;;;
UEB;26.09.2017 00:00;;;;;;;;;;;;;;;;;;;;;;;;105;;;;72;203;30;;;;;
UEB;27.09.2017 00:00;;;;;;;;;;;;;;;;;;;;;;;;162;;;;94;270;40;;;;;
UEB;28.09.2017 00:00;;;;;;;;;;;;;;;;;;;;;;;;155;;;;104;208;31;;;;;
UEB;29.09.2017 00:00;;;;;;;;;;;;;;;;;;;;;;;;127;;;;99;118;18;;;;;
UEB;30.09.2017 00:00;;;;;;;;;;;;;;;;;;;;;;;;122;;;;94;108;16;;;;;
UEB;01.10.2017 00:00;;;;;;;;;;;;;;;;;;;;;;;;122;;;;92;84;13;;;;;
UEB;02.10.2017 00:00;;;;;;;;;;;;;;;;;;;;;;;;56;;;;54;0;0;;;;;
UEB;03.10.2017 00:00;;;;;;;;;;;;;;;;;;;;;;;;103;;;;53;220;33;;;;;
UEB;04.10.2017 00:00;;;;;;;;;;;;;;;;;;;;;;;;122;;;;104;63;10;;;;;
UEB;05.10.2017 00:00;;;;;;;;;;;;;;;;;;;;;;;;201;;;;35;555;85;;;;;
UEB;06.10.2017 00:00;;;;;;;;;;;;;;;;;;;;;;;;100;;;;65;170;26;;;;;
UEB;07.10.2017 00:00;;;;;;;;;;;;;;;;;;;;;;;;188;;;;53;529;82;;;;;
UEB;08.10.2017 00:00;;;;;;;;;;;;;;;;;;;;;;;;49;;;;47;0;0;;;;;
UEB;09.10.2017 00:00;;;;;;;;;;;;;;;;;;;;;;;;80;;;;75;7;1;;;;;
UEB;10.10.2017 00:00;;;;;;;;;;;;;;;;;;;;;;;;167;;;;65;388;61;;;;;
UEB;11.10.2017 00:00;;;;;;;;;;;;;;;;;;;;;;;;182;;;;32;612;97;;;;;
UEB;12.10.2017 00:00;;;;;;;;;;;;;;;;;;;;;;;;160;;;;60;503;80;;;;;
UEB;13.10.2017 00:00;;;;;;;;;;;;;;;;;;;;;;;;177;;;;32;615;98;;;;;
UEB;14.10.2017 00:00;;;;;;;;;;;;;;;;;;;;;;;;176;;;;31;623;100;;;;;
UEB;15.10.2017 00:00;;;;;;;;;;;;;;;;;;;;;;;;177;;;;32;619;100;;;;;
UEB;16.10.2017 00:00;;;;;;;;;;;;;;;;;;;;;;;;175;;;;32;616;100;;;;;
UEB;17.10.2017 00:00;;;;;;;;;;;;;;;;;;;;;;;;177;;;;34;592;96;;;;;
UEB;18.10.2017 00:00;;;;;;;;;;;;;;;;;;;;;;;;167;;;;33;608;100;;;;;
UEB;19.10.2017 00:00;;;;;;;;;;;;;;;;;;;;;;;;137;;;;55;391;64;;;;;
UEB;20.10.2017 00:00;;;;;;;;;;;;;;;;;;;;;;;;82;;;;53;111;18;;;;;
UEB;21.10.2017 00:00;;;;;;;;;;;;;;;;;;;;;;;;101;;;;69;155;26;;;;;
UEB;22.10.2017 00:00;;;;;;;;;;;;;;;;;;;;;;;;92;;;;53;141;23;;;;;
UEB;23.10.2017 00:00;;;;;;;;;;;;;;;;;;;;;;;;33;;;;31;1;0;;;;;
UEB;24.10.2017 00:00;;;;;;;;;;;;;;;;;;;;;;;;131;;;;48;381;64;;;;;
UEB;25.10.2017 00:00;;;;;;;;;;;;;;;;;;;;;;;;136;;;;41;437;74;;;;;
UEB;26.10.2017 00:00;;;;;;;;;;;;;;;;;;;;;;;;137;;;;45;476;81;;;;;
UEB;27.10.2017 00:00;;;;;;;;;;;;;;;;;;;;;;;;56;;;;43;74;13;;;;;
UEB;28.10.2017 00:00;;;;;;;;;;;;;;;;;;;;;;;;111;;;;74;151;26;;;;;
UEB;29.10.2017 00:00;;;;;;;;;;;;;;;;;;;;;;;;18;;;;17;0;0;;;;;
UEB;30.10.2017 00:00;;;;;;;;;;;;;;;;;;;;;;;;116;;;;48;361;62;;;;;
UEB;31.10.2017 00:00;;;;;;;;;;;;;;;;;;;;;;;;138;;;;30;559;97;;;;;
UEB;01.11.2017 00:00;;;;;;;;;;;;;;;;;;;;;;;;132;;;;31;517;90;;;;;
UEB;02.11.2017 00:00;;;;;;;;;;;;;;;;;;;;;;;;105;;;;60;204;36;;;;;
UEB;03.11.2017 00:00;;;;;;;;;;;;;;;;;;;;;;;;135;;;;40;488;86;;;;;
UEB;04.11.2017 00:00;;;;;;;;;;;;;;;;;;;;;;;;75;;;;46;155;27;;;;;
UEB;05.11.2017 00:00;;;;;;;;;;;;;;;;;;;;;;;;11;;;;9;0;0;;;;;
UEB;06.11.2017 00:00;;;;;;;;;;;;;;;;;;;;;;;;15;;;;14;0;0;;;;;
UEB;07.11.2017 00:00;;;;;;;;;;;;;;;;;;;;;;;;23;;;;22;0;0;;;;;
UEB;08.11.2017 00:00;;;;;;;;;;;;;;;;;;;;;;;;31;;;;30;0;0;;;;;
UEB;09.11.2017 00:00;;;;;;;;;;;;;;;;;;;;;;;;27;;;;26;0;0;;;;;
UEB;10.11.2017 00:00;;;;;;;;;;;;;;;;;;;;;;;;25;;;;24;0;0;;;;;
UEB;11.11.2017 00:00;;;;;;;;;;;;;;;;;;;;;;;;28;;;;27;0;0;;;;;
UEB;12.11.2017 00:00;;;;;;;;;;;;;;;;;;;;;;;;19;;;;17;4;1;;;;;
UEB;13.11.2017 00:00;;;;;;;;;;;;;;;;;;;;;;;;49;;;;41;49;9;;;;;
UEB;14.11.2017 00:00;;;;;;;;;;;;;;;;;;;;;;;;75;;;;42;266;50;;;;;
UEB;15.11.2017 00:00;;;;;;;;;;;;;;;;;;;;;;;;56;;;;48;64;12;;;;;
UEB;16.11.2017 00:00;;;;;;;;;;;;;;;;;;;;;;;;33;;;;32;0;0;;;;;
UEB;17.11.2017 00:00;;;;;;;;;;;;;;;;;;;;;;;;77;;;;58;91;17;;;;;
UEB;18.11.2017 00:00;;;;;;;;;;;;;;;;;;;;;;;;19;;;;18;0;0;;;;;
UEB;19.11.2017 00:00;;;;;;;;;;;;;;;;;;;;;;;;27;;;;25;2;0;;;;;
UEB;20.11.2017 00:00;;;;;;;;;;;;;;;;;;;;;;;;26;;;;25;0;0;;;;;
UEB;21.11.2017 00:00;;;;;;;;;;;;;;;;;;;;;;;;46;;;;37;64;12;;;;;
UEB;22.11.2017 00:00;;;;;;;;;;;;;;;;;;;;;;;;104;;;;31;469;91;;;;;
UEB;23.11.2017 00:00;;;;;;;;;;;;;;;;;;;;;;;;64;;;;47;126;25;;;;;
UEB;24.11.2017 00:00;;;;;;;;;;;;;;;;;;;;;;;;71;;;;37;181;36;;;;;
UEB;25.11.2017 00:00;;;;;;;;;;;;;;;;;;;;;;;;13;;;;12;0;0;;;;;
UEB;26.11.2017 00:00;;;;;;;;;;;;;;;;;;;;;;;;39;;;;28;84;17;;;;;
UEB;27.11.2017 00:00;;;;;;;;;;;;;;;;;;;;;;;;65;;;;48;84;17;;;;;
UEB;28.11.2017 00:00;;;;;;;;;;;;;;;;;;;;;;;;33;;;;30;4;1;;;;;
UEB;29.11.2017 00:00;;;;;;;;;;;;;;;;;;;;;;;;22;;;;21;0;0;;;;;
UEB;30.11.2017 00:00;;;;;;;;;;;;;;;;;;;;;;;;13;;;;12;0;0;;;;;
UEB;01.12.2017 00:00;;;;;;;;;;;;;;;;;;;;;;;;46;;;;41;14;3;;;;;
UEB;02.12.2017 00:00;;;;;;;;;;;;;;;;;;;;;;;;16;;;;15;0;0;;;;;
UEB;03.12.2017 00:00;;;;;;;;;;;;;;;;;;;;;;;;37;;;;34;7;1;;;;;
UEB;04.12.2017 00:00;;;;;;;;;;;;;;;;;;;;;;;;20;;;;19;0;0;;;;;
UEB;05.12.2017 00:00;;;;;;;;;;;;;;;;;;;;;;;;92;;;;48;291;59;;;;;
UEB;06.12.2017 00:00;;;;;;;;;;;;;;;;;;;;;;;;66;;;;59;54;11;;;;;
UEB;07.12.2017 00:00;;;;;;;;;;;;;;;;;;;;;;;;92;;;;22;489;99;;;;;
UEB;08.12.2017 00:00;;;;;;;;;;;;;;;;;;;;;;;;13;;;;12;0;0;;;;;
UEB;09.12.2017 00:00;;;;;;;;;;;;;;;;;;;;;;;;58;;;;32;137;28;;;;;
UEB;10.12.2017 00:00;;;;;;;;;;;;;;;;;;;;;;;;8;;;;7;0;0;;;;;
UEB;11.12.2017 00:00;;;;;;;;;;;;;;;;;;;;;;;;17;;;;16;0;0;;;;;
UEB;12.12.2017 00:00;;;;;;;;;;;;;;;;;;;;;;;;21;;;;19;0;0;;;;;
UEB;13.12.2017 00:00;;;;;;;;;;;;;;;;;;;;;;;;64;;;;30;237;49;;;;;
UEB;14.12.2017 00:00;;;;;;;;;;;;;;;;;;;;;;;;14;;;;13;0;0;;;;;
UEB;15.12.2017 00:00;;;;;;;;;;;;;;;;;;;;;;;;57;;;;30;195;40;;;;;
UEB;16.12.2017 00:00;;;;;;;;;;;;;;;;;;;;;;;;15;;;;14;0;0;;;;;
UEB;17.12.2017 00:00;;;;;;;;;;;;;;;;;;;;;;;;38;;;;32;20;4;;;;;
UEB;18.12.2017 00:00;;;;;;;;;;;;;;;;;;;;;;;;22;;;;21;0;0;;;;;
UEB;19.12.2017 00:00;;;;;;;;;;;;;;;;;;;;;;;;24;;;;22;0;0;;;;;
UEB;20.12.2017 00:00;;;;;;;;;;;;;;;;;;;;;;;;60;;;;43;112;24;;;;;
UEB;21.12.2017 00:00;;;;;;;;;;;;;;;;;;;;;;;;61;;;;31;151;32;;;;;
UEB;22.12.2017 00:00;;;;;;;;;;;;;;;;;;;;;;;;21;;;;20;0;0;;;;;
UEB;23.12.2017 00:00;;;;;;;;;;;;;;;;;;;;;;;;49;;;;43;66;14;;;;;
UEB;24.12.2017 00:00;;;;;;;;;;;;;;;;;;;;;;;;92;;;;24;478;100;;;;;
UEB;25.12.2017 00:00;;;;;;;;;;;;;;;;;;;;;;;;90;;;;24;414;86;;;;;
UEB;26.12.2017 00:00;;;;;;;;;;;;;;;;;;;;;;;;24;;;;18;74;15;;;;;
UEB;27.12.2017 00:00;;;;;;;;;;;;;;;;;;;;;;;;13;;;;11;0;0;;;;;
UEB;28.12.2017 00:00;;;;;;;;;;;;;;;;;;;;;;;;21;;;;19;0;0;;;;;
UEB;29.12.2017 00:00;;;;;;;;;;;;;;;;;;;;;;;;64;;;;28;258;53;;;;;
UEB;30.12.2017 00:00;;;;;;;;;;;;;;;;;;;;;;;;13;;;;12;0;0;;;;;
UEB;31.12.2017 00:00;;;;;;;;;;;;;;;;;;;;;;;;83;;;;23;445;91;;;;;
UEB;01.01.2018 00:00;;;;;;;;;;;;;;;;;;;;;;;;60;;;;28;169;35;;;;;
UEB;02.01.2018 00:00;;;;;;;;;;;;;;;;;;;;;;;;37;;;;30;30;6;;;;;
UEB;03.01.2018 00:00;;;;;;;;;;;;;;;;;;;;;;;;16;;;;14;0;0;;;;;
UEB;04.01.2018 00:00;;;;;;;;;;;;;;;;;;;;;;;;7;;;;6;0;0;;;;;
UEB;05.01.2018 00:00;;;;;;;;;;;;;;;;;;;;;;;;49;;;;30;159;32;;;;;
UEB;06.01.2018 00:00;;;;;;;;;;;;;;;;;;;;;;;;86;;;;30;408;83;;;;;
UEB;07.01.2018 00:00;;;;;;;;;;;;;;;;;;;;;;;;24;;;;23;0;0;;;;;
UEB;08.01.2018 00:00;;;;;;;;;;;;;;;;;;;;;;;;69;;;;34;181;37;;;;;
UEB;09.01.2018 00:00;;;;;;;;;;;;;;;;;;;;;;;;51;;;;42;82;17;;;;;
UEB;10.01.2018 00:00;;;;;;;;;;;;;;;;;;;;;;;;65;;;;44;163;33;;;;;
UEB;11.01.2018 00:00;;;;;;;;;;;;;;;;;;;;;;;;58;;;;38;108;22;;;;;
UEB;12.01.2018 00:00;;;;;;;;;;;;;;;;;;;;;;;;26;;;;25;0;0;;;;;
UEB;13.01.2018 00:00;;;;;;;;;;;;;;;;;;;;;;;;51;;;;40;122;24;;;;;
UEB;14.01.2018 00:00;;;;;;;;;;;;;;;;;;;;;;;;78;;;;47;199;40;;;;;
UEB;15.01.2018 00:00;;;;;;;;;;;;;;;;;;;;;;;;69;;;;46;147;29;;;;;
UEB;16.01.2018 00:00;;;;;;;;;;;;;;;;;;;;;;;;21;;;;19;3;1;;;;;
UEB;17.01.2018 00:00;;;;;;;;;;;;;;;;;;;;;;;;34;;;;26;31;6;;;;;
UEB;18.01.2018 00:00;;;;;;;;;;;;;;;;;;;;;;;;12;;;;11;0;0;;;;;
UEB;19.01.2018 00:00;;;;;;;;;;;;;;;;;;;;;;;;46;;;;31;88;17;;;;;
UEB;20.01.2018 00:00;;;;;;;;;;;;;;;;;;;;;;;;33;;;;31;0;0;;;;;
UEB;21.01.2018 00:00;;;;;;;;;;;;;;;;;;;;;;;;15;;;;14;0;0;;;;;
UEB;22.01.2018 00:00;;;;;;;;;;;;;;;;;;;;;;;;10;;;;9;0;0;;;;;
UEB;23.01.2018 00:00;;;;;;;;;;;;;;;;;;;;;;;;25;;;;24;0;0;;;;;
UEB;24.01.2018 00:00;;;;;;;;;;;;;;;;;;;;;;;;107;;;;37;484;93;;;;;
UEB;25.01.2018 00:00;;;;;;;;;;;;;;;;;;;;;;;;73;;;;52;131;25;;;;;
UEB;26.01.2018 00:00;;;;;;;;;;;;;;;;;;;;;;;;57;;;;46;45;9;;;;;
UEB;27.01.2018 00:00;;;;;;;;;;;;;;;;;;;;;;;;20;;;;19;0;0;;;;;
UEB;28.01.2018 00:00;;;;;;;;;;;;;;;;;;;;;;;;60;;;;47;92;17;;;;;
UEB;29.01.2018 00:00;;;;;;;;;;;;;;;;;;;;;;;;117;;;;27;434;81;;;;;
UEB;30.01.2018 00:00;;;;;;;;;;;;;;;;;;;;;;;;51;;;;41;67;12;;;;;
UEB;31.01.2018 00:00;;;;;;;;;;;;;;;;;;;;;;;;77;;;;57;61;11;;;;;
UEB;01.02.2018 00:00;;;;;;;;;;;;;;;;;;;;;;;;22;;;;21;0;0;;;;;
UEB;02.02.2018 00:00;;;;;;;;;;;;;;;;;;;;;;;;84;;;;41;219;40;;;;;
UEB;03.02.2018 00:00;;;;;;;;;;;;;;;;;;;;;;;;42;;;;39;6;1;;;;;
UEB;04.02.2018 00:00;;;;;;;;;;;;;;;;;;;;;;;;54;;;;47;21;4;;;;;
UEB;05.02.2018 00:00;;;;;;;;;;;;;;;;;;;;;;;;67;;;;45;123;22;;;;;
UEB;06.02.2018 00:00;;;;;;;;;;;;;;;;;;;;;;;;101;;;;55;223;40;;;;;
UEB;07.02.2018 00:00;;;;;;;;;;;;;;;;;;;;;;;;34;;;;33;0;0;;;;;
UEB;08.02.2018 00:00;;;;;;;;;;;;;;;;;;;;;;;;47;;;;45;0;0;;;;;
UEB;09.02.2018 00:00;;;;;;;;;;;;;;;;;;;;;;;;34;;;;32;0;0;;;;;
UEB;10.02.2018 00:00;;;;;;;;;;;;;;;;;;;;;;;;37;;;;36;0;0;;;;;
UEB;11.02.2018 00:00;;;;;;;;;;;;;;;;;;;;;;;;33;;;;32;0;0;;;;;
UEB;12.02.2018 00:00;;;;;;;;;;;;;;;;;;;;;;;;81;;;;55;101;17;;;;;
UEB;13.02.2018 00:00;;;;;;;;;;;;;;;;;;;;;;;;165;;;;34;541;93;;;;;
UEB;14.02.2018 00:00;;;;;;;;;;;;;;;;;;;;;;;;111;;;;71;225;38;;;;;
UEB;15.02.2018 00:00;;;;;;;;;;;;;;;;;;;;;;;;19;;;;18;0;0;;;;;
UEB;16.02.2018 00:00;;;;;;;;;;;;;;;;;;;;;;;;52;;;;51;0;0;;;;;
UEB;17.02.2018 00:00;;;;;;;;;;;;;;;;;;;;;;;;24;;;;23;0;0;;;;;
UEB;18.02.2018 00:00;;;;;;;;;;;;;;;;;;;;;;;;35;;;;32;0;0;;;;;
UEB;19.02.2018 00:00;;;;;;;;;;;;;;;;;;;;;;;;21;;;;18;0;0;;;;;
UEB;20.02.2018 00:00;;;;;;;;;;;;;;;;;;;;;;;;41;;;;38;0;0;;;;;
UEB;21.02.2018 00:00;;;;;;;;;;;;;;;;;;;;;;;;14;;;;13;0;0;;;;;
UEB;22.02.2018 00:00;;;;;;;;;;;;;;;;;;;;;;;;7;;;;6;0;0;;;;;
UEB;23.02.2018 00:00;;;;;;;;;;;;;;;;;;;;;;;;10;;;;8;0;0;;;;;
UEB;24.02.2018 00:00;;;;;;;;;;;;;;;;;;;;;;;;17;;;;14;0;0;;;;;
UEB;25.02.2018 00:00;;;;;;;;;;;;;;;;;;;;;;;;92;;;;64;160;26;;;;;
UEB;26.02.2018 00:00;;;;;;;;;;;;;;;;;;;;;;;;97;;;;74;57;9;;;;;
UEB;27.02.2018 00:00;;;;;;;;;;;;;;;;;;;;;;;;80;;;;72;16;3;;;;;
UEB;28.02.2018 00:00;;;;;;;;;;;;;;;;;;;;;;;;157;;;;92;214;34;;;;;
UEB;01.03.2018 00:00;;;;;;;;;;;;;;;;;;;;;;;;67;;;;62;10;2;;;;;
UEB;02.03.2018 00:00;;;;;;;;;;;;;;;;;;;;;;;;84;;;;50;193;30;;;;;
UEB;03.03.2018 00:00;;;;;;;;;;;;;;;;;;;;;;;;75;;;;70;3;0;;;;;
UEB;04.03.2018 00:00;;;;;;;;;;;;;;;;;;;;;;;;202;;;;42;578;90;;;;;
UEB;05.03.2018 00:00;;;;;;;;;;;;;;;;;;;;;;;;172;;;;76;450;70;;;;;
UEB;06.03.2018 00:00;;;;;;;;;;;;;;;;;;;;;;;;93;;;;82;20;3;;;;;
UEB;07.03.2018 00:00;;;;;;;;;;;;;;;;;;;;;;;;69;;;;64;12;2;;;;;
UEB;08.03.2018 00:00;;;;;;;;;;;;;;;;;;;;;;;;191;;;;59;475;73;;;;;
UEB;09.03.2018 00:00;;;;;;;;;;;;;;;;;;;;;;;;88;;;;82;8;1;;;;;
UEB;10.03.2018 00:00;;;;;;;;;;;;;;;;;;;;;;;;49;;;;48;11;2;;;;;
UEB;11.03.2018 00:00;;;;;;;;;;;;;;;;;;;;;;;;55;;;;53;0;0;;;;;
UEB;12.03.2018 00:00;;;;;;;;;;;;;;;;;;;;;;;;75;;;;55;73;11;;;;;
UEB;13.03.2018 00:00;;;;;;;;;;;;;;;;;;;;;;;;33;;;;32;0;0;;;;;
UEB;14.03.2018 00:00;;;;;;;;;;;;;;;;;;;;;;;;193;;;;51;460;68;;;;;
UEB;15.03.2018 00:00;;;;;;;;;;;;;;;;;;;;;;;;95;;;;73;79;12;;;;;
UEB;16.03.2018 00:00;;;;;;;;;;;;;;;;;;;;;;;;131;;;;83;207;30;;;;;
UEB;17.03.2018 00:00;;;;;;;;;;;;;;;;;;;;;;;;36;;;;34;0;0;;;;;
UEB;18.03.2018 00:00;;;;;;;;;;;;;;;;;;;;;;;;92;;;;83;0;0;;;;;
UEB;19.03.2018 00:00;;;;;;;;;;;;;;;;;;;;;;;;39;;;;34;0;0;;;;;
UEB;20.03.2018 00:00;;;;;;;;;;;;;;;;;;;;;;;;138;;;;80;168;24;;;;;
UEB;21.03.2018 00:00;;;;;;;;;;;;;;;;;;;;;;;;86;;;;62;109;16;;;;;
UEB;22.03.2018 00:00;;;;;;;;;;;;;;;;;;;;;;;;160;;;;107;229;33;;;;;
UEB;23.03.2018 00:00;;;;;;;;;;;;;;;;;;;;;;;;157;;;;93;195;28;;;;;
UEB;24.03.2018 00:00;;;;;;;;;;;;;;;;;;;;;;;;258;;;;41;699;98;;;;;
UEB;25.03.2018 00:00;;;;;;;;;;;;;;;;;;;;;;;;221;;;;67;544;76;;;;;
UEB;26.03.2018 00:00;;;;;;;;;;;;;;;;;;;;;;;;78;;;;66;26;4;;;;;
UEB;27.03.2018 00:00;;;;;;;;;;;;;;;;;;;;;;;;145;;;;106;123;17;;;;;
UEB;28.03.2018 00:00;;;;;;;;;;;;;;;;;;;;;;;;59;;;;57;0;0;;;;;
UEB;29.03.2018 00:00;;;;;;;;;;;;;;;;;;;;;;;;65;;;;62;0;0;;;;;
UEB;30.03.2018 00:00;;;;;;;;;;;;;;;;;;;;;;;;186;;;;93;351;48;;;;;
UEB;31.03.2018 00:00;;;;;;;;;;;;;;;;;;;;;;;;64;;;;63;0;0;;;;;
UEB;01.04.2018 00:00;;;;;;;;;;;;;;;;;;;;;;;;87;;;;74;41;6;;;;;
UEB;02.04.2018 00:00;;;;;;;;;;;;;;;;;;;;;;;;204;;;;80;429;58;;;;;
UEB;03.04.2018 00:00;;;;;;;;;;;;;;;;;;;;;;;;181;;;;101;265;36;;;;;
UEB;04.04.2018 00:00;;;;;;;;;;;;;;;;;;;;;;;;167;;;;46;317;43;;;;;
UEB;05.04.2018 00:00;;;;;;;;;;;;;;;;;;;;;;;;162;;;;87;251;34;;;;;
UEB;06.04.2018 00:00;;;;;;;;;;;;;;;;;;;;;;;;282;;;;49;738;99;;;;;
UEB;07.04.2018 00:00;;;;;;;;;;;;;;;;;;;;;;;;283;;;;52;734;98;;;;;
UEB;08.04.2018 00:00;;;;;;;;;;;;;;;;;;;;;;;;257;;;;101;585;78;;;;;
UEB;09.04.2018 00:00;;;;;;;;;;;;;;;;;;;;;;;;166;;;;134;67;9;;;;;
UEB;10.04.2018 00:00;;;;;;;;;;;;;;;;;;;;;;;;189;;;;82;426;56;;;;;
UEB;11.04.2018 00:00;;;;;;;;;;;;;;;;;;;;;;;;265;;;;74;576;76;;;;;
UEB;12.04.2018 00:00;;;;;;;;;;;;;;;;;;;;;;;;238;;;;119;452;59;;;;;
UEB;13.04.2018 00:00;;;;;;;;;;;;;;;;;;;;;;;;164;;;;101;231;30;;;;;
UEB;14.04.2018 00:00;;;;;;;;;;;;;;;;;;;;;;;;258;;;;114;493;64;;;;;
UEB;15.04.2018 00:00;;;;;;;;;;;;;;;;;;;;;;;;174;;;;135;154;20;;;;;
UEB;16.04.2018 00:00;;;;;;;;;;;;;;;;;;;;;;;;98;;;;82;33;4;;;;;
UEB;17.04.2018 00:00;;;;;;;;;;;;;;;;;;;;;;;;300;;;;54;745;95;;;;;
UEB;18.04.2018 00:00;;;;;;;;;;;;;;;;;;;;;;;;315;;;;46;778;99;;;;;
UEB;19.04.2018 00:00;;;;;;;;;;;;;;;;;;;;;;;;311;;;;48;780;98;;;;;
UEB;20.04.2018 00:00;;;;;;;;;;;;;;;;;;;;;;;;310;;;;65;753;95;;;;;
UEB;21.04.2018 00:00;;;;;;;;;;;;;;;;;;;;;;;;312;;;;58;776;98;;;;;
UEB;22.04.2018 00:00;;;;;;;;;;;;;;;;;;;;;;;;301;;;;70;721;90;;;;;
UEB;23.04.2018 00:00;;;;;;;;;;;;;;;;;;;;;;;;171;;;;116;242;30;;;;;
UEB;24.04.2018 00:00;;;;;;;;;;;;;;;;;;;;;;;;295;;;;71;665;83;;;;;
UEB;25.04.2018 00:00;;;;;;;;;;;;;;;;;;;;;;;;299;;;;85;626;78;;;;;
UEB;26.04.2018 00:00;;;;;;;;;;;;;;;;;;;;;;;;98;;;;80;92;11;;;;;
UEB;27.04.2018 00:00;;;;;;;;;;;;;;;;;;;;;;;;324;;;;54;747;92;;;;;
UEB;28.04.2018 00:00;;;;;;;;;;;;;;;;;;;;;;;;276;;;;118;518;64;;;;;
UEB;29.04.2018 00:00;;;;;;;;;;;;;;;;;;;;;;;;288;;;;74;538;66;;;;;
UEB;30.04.2018 00:00;;;;;;;;;;;;;;;;;;;;;;;;178;;;;88;234;29;;;;;
UEB;01.05.2018 00:00;;;;;;;;;;;;;;;;;;;;;;;;98;;;;89;13;2;;;;;
UEB;02.05.2018 00:00;;;;;;;;;;;;;;;;;;;;;;;;118;;;;112;1;0;;;;;
UEB;03.05.2018 00:00;;;;;;;;;;;;;;;;;;;;;;;;79;;;;76;0;0;;;;;
UEB;04.05.2018 00:00;;;;;;;;;;;;;;;;;;;;;;;;126;;;;109;53;6;;;;;
UEB;05.05.2018 00:00;;;;;;;;;;;;;;;;;;;;;;;;273;;;;113;410;49;;;;;
UEB;06.05.2018 00:00;;;;;;;;;;;;;;;;;;;;;;;;232;;;;97;409;49;;;;;
UEB;07.05.2018 00:00;;;;;;;;;;;;;;;;;;;;;;;;334;;;;73;691;82;;;;;
UEB;08.05.2018 00:00;;;;;;;;;;;;;;;;;;;;;;;;338;;;;61;807;96;;;;;
UEB;09.05.2018 00:00;;;;;;;;;;;;;;;;;;;;;;;;287;;;;112;541;64;;;;;
UEB;10.05.2018 00:00;;;;;;;;;;;;;;;;;;;;;;;;42;;;;41;0;0;;;;;
UEB;11.05.2018 00:00;;;;;;;;;;;;;;;;;;;;;;;;341;;;;70;743;88;;;;;
UEB;12.05.2018 00:00;;;;;;;;;;;;;;;;;;;;;;;;333;;;;81;690;81;;;;;
UEB;13.05.2018 00:00;;;;;;;;;;;;;;;;;;;;;;;;141;;;;118;54;6;;;;;
UEB;14.05.2018 00:00;;;;;;;;;;;;;;;;;;;;;;;;98;;;;97;0;0;;;;;
UEB;15.05.2018 00:00;;;;;;;;;;;;;;;;;;;;;;;;112;;;;98;64;7;;;;;
UEB;16.05.2018 00:00;;;;;;;;;;;;;;;;;;;;;;;;84;;;;79;17;2;;;;;
UEB;17.05.2018 00:00;;;;;;;;;;;;;;;;;;;;;;;;99;;;;95;2;0;;;;;
UEB;18.05.2018 00:00;;;;;;;;;;;;;;;;;;;;;;;;297;;;;109;489;56;;;;;
UEB;19.05.2018 00:00;;;;;;;;;;;;;;;;;;;;;;;;241;;;;150;236;27;;;;;
UEB;20.05.2018 00:00;;;;;;;;;;;;;;;;;;;;;;;;143;;;;128;25;3;;;;;
UEB;21.05.2018 00:00;;;;;;;;;;;;;;;;;;;;;;;;261;;;;102;469;54;;;;;
UEB;22.05.2018 00:00;;;;;;;;;;;;;;;;;;;;;;;;280;;;;105;582;67;;;;;
UEB;23.05.2018 00:00;;;;;;;;;;;;;;;;;;;;;;;;167;;;;102;141;16;;;;;
UEB;24.05.2018 00:00;;;;;;;;;;;;;;;;;;;;;;;;316;;;;108;668;76;;;;;
UEB;25.05.2018 00:00;;;;;;;;;;;;;;;;;;;;;;;;358;;;;67;843;95;;;;;
UEB;26.05.2018 00:00;;;;;;;;;;;;;;;;;;;;;;;;321;;;;133;673;76;;;;;
UEB;27.05.2018 00:00;;;;;;;;;;;;;;;;;;;;;;;;295;;;;150;520;59;;;;;
UEB;28.05.2018 00:00;;;;;;;;;;;;;;;;;;;;;;;;337;;;;105;656;74;;;;;
UEB;29.05.2018 00:00;;;;;;;;;;;;;;;;;;;;;;;;183;;;;122;187;21;;;;;
UEB;30.05.2018 00:00;;;;;;;;;;;;;;;;;;;;;;;;320;;;;88;633;71;;;;;
UEB;31.05.2018 00:00;;;;;;;;;;;;;;;;;;;;;;;;287;;;;144;474;53;;;;;
UEB;01.06.2018 00:00;;;;;;;;;;;;;;;;;;;;;;;;316;;;;100;567;63;;;;;
UEB;02.06.2018 00:00;;;;;;;;;;;;;;;;;;;;;;;;277;;;;106;518;58;;;;;
UEB;03.06.2018 00:00;;;;;;;;;;;;;;;;;;;;;;;;279;;;;129;515;57;;;;;
UEB;04.06.2018 00:00;;;;;;;;;;;;;;;;;;;;;;;;249;;;;89;411;46;;;;;
UEB;05.06.2018 00:00;;;;;;;;;;;;;;;;;;;;;;;;294;;;;119;534;59;;;;;
UEB;06.06.2018 00:00;;;;;;;;;;;;;;;;;;;;;;;;333;;;;174;458;51;;;;;
UEB;07.06.2018 00:00;;;;;;;;;;;;;;;;;;;;;;;;217;;;;135;320;35;;;;;
UEB;08.06.2018 00:00;;;;;;;;;;;;;;;;;;;;;;;;181;;;;115;168;19;;;;;
UEB;09.06.2018 00:00;;;;;;;;;;;;;;;;;;;;;;;;301;;;;110;415;46;;;;;
UEB;10.06.2018 00:00;;;;;;;;;;;;;;;;;;;;;;;;341;;;;105;762;84;;;;;
UEB;11.06.2018 00:00;;;;;;;;;;;;;;;;;;;;;;;;123;;;;87;193;21;;;;;
UEB;12.06.2018 00:00;;;;;;;;;;;;;;;;;;;;;;;;104;;;;97;7;1;;;;;
UEB;13.06.2018 00:00;;;;;;;;;;;;;;;;;;;;;;;;54;;;;53;0;0;;;;;
UEB;14.06.2018 00:00;;;;;;;;;;;;;;;;;;;;;;;;297;;;;134;510;56;;;;;
UEB;15.06.2018 00:00;;;;;;;;;;;;;;;;;;;;;;;;326;;;;134;700;77;;;;;
UEB;16.06.2018 00:00;;;;;;;;;;;;;;;;;;;;;;;;374;;;;99;832;92;;;;;
UEB;17.06.2018 00:00;;;;;;;;;;;;;;;;;;;;;;;;176;;;;141;73;8;;;;;
UEB;18.06.2018 00:00;;;;;;;;;;;;;;;;;;;;;;;;290;;;;128;503;55;;;;;
UEB;19.06.2018 00:00;;;;;;;;;;;;;;;;;;;;;;;;371;;;;71;811;89;;;;;
UEB;20.06.2018 00:00;;;;;;;;;;;;;;;;;;;;;;;;377;;;;49;904;99;;;;;
UEB;21.06.2018 00:00;;;;;;;;;;;;;;;;;;;;;;;;315;;;;127;556;61;;;;;
UEB;22.06.2018 00:00;;;;;;;;;;;;;;;;;;;;;;;;326;;;;89;561;62;;;;;
UEB;23.06.2018 00:00;;;;;;;;;;;;;;;;;;;;;;;;380;;;;60;871;96;;;;;
UEB;24.06.2018 00:00;;;;;;;;;;;;;;;;;;;;;;;;230;;;;185;127;14;;;;;
UEB;25.06.2018 00:00;;;;;;;;;;;;;;;;;;;;;;;;250;;;;122;381;42;;;;;
UEB;26.06.2018 00:00;;;;;;;;;;;;;;;;;;;;;;;;364;;;;73;687;76;;;;;
UEB;27.06.2018 00:00;;;;;;;;;;;;;;;;;;;;;;;;323;;;;91;577;64;;;;;
UEB;28.06.2018 00:00;;;;;;;;;;;;;;;;;;;;;;;;267;;;;125;441;49;;;;;
UEB;29.06.2018 00:00;;;;;;;;;;;;;;;;;;;;;;;;183;;;;103;261;29;;;;;
UEB;30.06.2018 00:00;;;;;;;;;;;;;;;;;;;;;;;;363;;;;70;860;95;;;;;
UEB;01.07.2018 00:00;;;;;;;;;;;;;;;;;;;;;;;;368;;;;59;885;98;;;;;
UEB;02.07.2018 00:00;;;;;;;;;;;;;;;;;;;;;;;;341;;;;107;727;81;;;;;
UEB;03.07.2018 00:00;;;;;;;;;;;;;;;;;;;;;;;;152;;;;120;118;13;;;;;
UEB;04.07.2018 00:00;;;;;;;;;;;;;;;;;;;;;;;;333;;;;116;690;76;;;;;
UEB;05.07.2018 00:00;;;;;;;;;;;;;;;;;;;;;;;;97;;;;86;33;4;;;;;
UEB;06.07.2018 00:00;;;;;;;;;;;;;;;;;;;;;;;;114;;;;104;66;7;;;;;
UEB;07.07.2018 00:00;;;;;;;;;;;;;;;;;;;;;;;;368;;;;92;743;83;;;;;
UEB;08.07.2018 00:00;;;;;;;;;;;;;;;;;;;;;;;;322;;;;103;705;78;;;;;
UEB;09.07.2018 00:00;;;;;;;;;;;;;;;;;;;;;;;;369;;;;58;806;90;;;;;
UEB;10.07.2018 00:00;;;;;;;;;;;;;;;;;;;;;;;;215;;;;165;187;21;;;;;
UEB;11.07.2018 00:00;;;;;;;;;;;;;;;;;;;;;;;;276;;;;118;448;50;;;;;
UEB;12.07.2018 00:00;;;;;;;;;;;;;;;;;;;;;;;;372;;;;64;865;97;;;;;
UEB;13.07.2018 00:00;;;;;;;;;;;;;;;;;;;;;;;;363;;;;59;825;93;;;;;
UEB;14.07.2018 00:00;;;;;;;;;;;;;;;;;;;;;;;;305;;;;129;537;60;;;;;
UEB;15.07.2018 00:00;;;;;;;;;;;;;;;;;;;;;;;;304;;;;88;541;61;;;;;
UEB;16.07.2018 00:00;;;;;;;;;;;;;;;;;;;;;;;;357;;;;62;763;86;;;;;
UEB;17.07.2018 00:00;;;;;;;;;;;;;;;;;;;;;;;;274;;;;120;591;67;;;;;
UEB;18.07.2018 00:00;;;;;;;;;;;;;;;;;;;;;;;;365;;;;57;862;98;;;;;
UEB;19.07.2018 00:00;;;;;;;;;;;;;;;;;;;;;;;;355;;;;63;828;94;;;;;
UEB;20.07.2018 00:00;;;;;;;;;;;;;;;;;;;;;;;;247;;;;88;451;51;;;;;
UEB;21.07.2018 00:00;;;;;;;;;;;;;;;;;;;;;;;;97;;;;93;1;0;;;;;
UEB;22.07.2018 00:00;;;;;;;;;;;;;;;;;;;;;;;;211;;;;118;302;35;;;;;
UEB;23.07.2018 00:00;;;;;;;;;;;;;;;;;;;;;;;;224;;;;115;362;42;;;;;
UEB;24.07.2018 00:00;;;;;;;;;;;;;;;;;;;;;;;;351;;;;58;833;96;;;;;
UEB;25.07.2018 00:00;;;;;;;;;;;;;;;;;;;;;;;;343;;;;63;819;94;;;;;
UEB;26.07.2018 00:00;;;;;;;;;;;;;;;;;;;;;;;;350;;;;50;852;99;;;;;
UEB;27.07.2018 00:00;;;;;;;;;;;;;;;;;;;;;;;;353;;;;49;855;99;;;;;
UEB;28.07.2018 00:00;;;;;;;;;;;;;;;;;;;;;;;;115;;;;82;139;16;;;;;
UEB;29.07.2018 00:00;;;;;;;;;;;;;;;;;;;;;;;;336;;;;55;844;99;;;;;
UEB;30.07.2018 00:00;;;;;;;;;;;;;;;;;;;;;;;;337;;;;51;816;96;;;;;
UEB;31.07.2018 00:00;;;;;;;;;;;;;;;;;;;;;;;;343;;;;59;836;99;;;;;
UEB;01.08.2018 00:00;;;;;;;;;;;;;;;;;;;;;;;;270;;;;83;530;63;;;;;
UEB;02.08.2018 00:00;;;;;;;;;;;;;;;;;;;;;;;;324;;;;89;774;92;;;;;
UEB;03.08.2018 00:00;;;;;;;;;;;;;;;;;;;;;;;;316;;;;66;773;92;;;;;
UEB;04.08.2018 00:00;;;;;;;;;;;;;;;;;;;;;;;;297;;;;87;660;78;;;;;
UEB;05.08.2018 00:00;;;;;;;;;;;;;;;;;;;;;;;;318;;;;92;737;88;;;;;
UEB;06.08.2018 00:00;;;;;;;;;;;;;;;;;;;;;;;;278;;;;84;575;69;;;;;
UEB;07.08.2018 00:00;;;;;;;;;;;;;;;;;;;;;;;;214;;;;132;260;31;;;;;
UEB;08.08.2018 00:00;;;;;;;;;;;;;;;;;;;;;;;;213;;;;80;326;39;;;;;
UEB;09.08.2018 00:00;;;;;;;;;;;;;;;;;;;;;;;;256;;;;74;498;60;;;;;
UEB;10.08.2018 00:00;;;;;;;;;;;;;;;;;;;;;;;;220;;;;120;288;35;;;;;
UEB;11.08.2018 00:00;;;;;;;;;;;;;;;;;;;;;;;;297;;;;96;701;85;;;;;
UEB;12.08.2018 00:00;;;;;;;;;;;;;;;;;;;;;;;;320;;;;44;823;100;;;;;
UEB;13.08.2018 00:00;;;;;;;;;;;;;;;;;;;;;;;;149;;;;109;148;18;;;;;
UEB;14.08.2018 00:00;;;;;;;;;;;;;;;;;;;;;;;;173;;;;108;218;27;;;;;
UEB;15.08.2018 00:00;;;;;;;;;;;;;;;;;;;;;;;;300;;;;64;755;93;;;;;
UEB;16.08.2018 00:00;;;;;;;;;;;;;;;;;;;;;;;;313;;;;50;787;98;;;;;
UEB;17.08.2018 00:00;;;;;;;;;;;;;;;;;;;;;;;;220;;;;81;448;56;;;;;
UEB;18.08.2018 00:00;;;;;;;;;;;;;;;;;;;;;;;;193;;;;135;144;18;;;;;
UEB;19.08.2018 00:00;;;;;;;;;;;;;;;;;;;;;;;;257;;;;78;615;77;;;;;
UEB;20.08.2018 00:00;;;;;;;;;;;;;;;;;;;;;;;;293;;;;68;748;94;;;;;
UEB;21.08.2018 00:00;;;;;;;;;;;;;;;;;;;;;;;;288;;;;69;727;92;;;;;
UEB;22.08.2018 00:00;;;;;;;;;;;;;;;;;;;;;;;;292;;;;67;707;89;;;;;
UEB;23.08.2018 00:00;;;;;;;;;;;;;;;;;;;;;;;;249;;;;89;480;61;;;;;
UEB;24.08.2018 00:00;;;;;;;;;;;;;;;;;;;;;;;;158;;;;114;111;14;;;;;
UEB;25.08.2018 00:00;;;;;;;;;;;;;;;;;;;;;;;;41;;;;40;0;0;;;;;
UEB;26.08.2018 00:00;;;;;;;;;;;;;;;;;;;;;;;;297;;;;65;733;94;;;;;
UEB;27.08.2018 00:00;;;;;;;;;;;;;;;;;;;;;;;;240;;;;128;311;40;;;;;
UEB;28.08.2018 00:00;;;;;;;;;;;;;;;;;;;;;;;;282;;;;73;683;89;;;;;
UEB;29.08.2018 00:00;;;;;;;;;;;;;;;;;;;;;;;;191;;;;67;329;43;;;;;
UEB;30.08.2018 00:00;;;;;;;;;;;;;;;;;;;;;;;;111;;;;105;14;2;;;;;
UEB;31.08.2018 00:00;;;;;;;;;;;;;;;;;;;;;;;;38;;;;37;0;0;;;;;
UEB;01.09.2018 00:00;;;;;;;;;;;;;;;;;;;;;;;;25;;;;24;0;0;;;;;
UEB;02.09.2018 00:00;;;;;;;;;;;;;;;;;;;;;;;;64;;;;62;0;0;;;;;
UEB;03.09.2018 00:00;;;;;;;;;;;;;;;;;;;;;;;;120;;;;98;48;6;;;;;
UEB;04.09.2018 00:00;;;;;;;;;;;;;;;;;;;;;;;;254;;;;65;689;92;;;;;
UEB;05.09.2018 00:00;;;;;;;;;;;;;;;;;;;;;;;;265;;;;43;719;96;;;;;
UEB;06.09.2018 00:00;;;;;;;;;;;;;;;;;;;;;;;;194;;;;118;328;44;;;;;
UEB;07.09.2018 00:00;;;;;;;;;;;;;;;;;;;;;;;;146;;;;105;121;16;;;;;
UEB;08.09.2018 00:00;;;;;;;;;;;;;;;;;;;;;;;;267;;;;57;697;94;;;;;
UEB;09.09.2018 00:00;;;;;;;;;;;;;;;;;;;;;;;;264;;;;39;722;98;;;;;
UEB;10.09.2018 00:00;;;;;;;;;;;;;;;;;;;;;;;;241;;;;82;567;77;;;;;
UEB;11.09.2018 00:00;;;;;;;;;;;;;;;;;;;;;;;;253;;;;44;715;98;;;;;
UEB;12.09.2018 00:00;;;;;;;;;;;;;;;;;;;;;;;;238;;;;47;666;92;;;;;
UEB;13.09.2018 00:00;;;;;;;;;;;;;;;;;;;;;;;;227;;;;71;546;76;;;;;
UEB;14.09.2018 00:00;;;;;;;;;;;;;;;;;;;;;;;;151;;;;93;198;28;;;;;
UEB;15.09.2018 00:00;;;;;;;;;;;;;;;;;;;;;;;;191;;;;95;342;48;;;;;
UEB;16.09.2018 00:00;;;;;;;;;;;;;;;;;;;;;;;;170;;;;82;355;50;;;;;
UEB;17.09.2018 00:00;;;;;;;;;;;;;;;;;;;;;;;;240;;;;38;702;98;;;;;
UEB;18.09.2018 00:00;;;;;;;;;;;;;;;;;;;;;;;;160;;;;65;423;60;;;;;
UEB;19.09.2018 00:00;;;;;;;;;;;;;;;;;;;;;;;;227;;;;46;678;96;;;;;
UEB;20.09.2018 00:00;;;;;;;;;;;;;;;;;;;;;;;;229;;;;43;686;98;;;;;
UEB;21.09.2018 00:00;;;;;;;;;;;;;;;;;;;;;;;;136;;;;80;253;36;;;;;
UEB;22.09.2018 00:00;;;;;;;;;;;;;;;;;;;;;;;;183;;;;89;316;46;;;;;
UEB;23.09.2018 00:00;;;;;;;;;;;;;;;;;;;;;;;;137;;;;75;240;35;;;;;
UEB;24.09.2018 00:00;;;;;;;;;;;;;;;;;;;;;;;;145;;;;70;289;42;;;;;
UEB;25.09.2018 00:00;;;;;;;;;;;;;;;;;;;;;;;;235;;;;38;688;100;;;;;
UEB;26.09.2018 00:00;;;;;;;;;;;;;;;;;;;;;;;;228;;;;42;674;99;;;;;
UEB;27.09.2018 00:00;;;;;;;;;;;;;;;;;;;;;;;;224;;;;33;682;100;;;;;
UEB;28.09.2018 00:00;;;;;;;;;;;;;;;;;;;;;;;;218;;;;42;639;95;;;;;
UEB;29.09.2018 00:00;;;;;;;;;;;;;;;;;;;;;;;;150;;;;77;256;38;;;;;
UEB;30.09.2018 00:00;;;;;;;;;;;;;;;;;;;;;;;;194;;;;61;540;81;;;;;
UEB;01.10.2018 00:00;;;;;;;;;;;;;;;;;;;;;;;;53;;;;50;2;0;;;;;
UEB;02.10.2018 00:00;;;;;;;;;;;;;;;;;;;;;;;;136;;;;92;156;24;;;;;
UEB;03.10.2018 00:00;;;;;;;;;;;;;;;;;;;;;;;;105;;;;92;19;3;;;;;
UEB;04.10.2018 00:00;;;;;;;;;;;;;;;;;;;;;;;;201;;;;48;598;92;;;;;
UEB;05.10.2018 00:00;;;;;;;;;;;;;;;;;;;;;;;;201;;;;33;649;100;;;;;
UEB;06.10.2018 00:00;;;;;;;;;;;;;;;;;;;;;;;;136;;;;77;153;24;;;;;
UEB;07.10.2018 00:00;;;;;;;;;;;;;;;;;;;;;;;;168;;;;45;562;87;;;;;
UEB;08.10.2018 00:00;;;;;;;;;;;;;;;;;;;;;;;;141;;;;80;283;44;;;;;
UEB;09.10.2018 00:00;;;;;;;;;;;;;;;;;;;;;;;;107;;;;61;261;41;;;;;
UEB;10.10.2018 00:00;;;;;;;;;;;;;;;;;;;;;;;;187;;;;43;534;84;;;;;
UEB;11.10.2018 00:00;;;;;;;;;;;;;;;;;;;;;;;;72;;;;60;134;21;;;;;
UEB;12.10.2018 00:00;;;;;;;;;;;;;;;;;;;;;;;;178;;;;33;619;98;;;;;
UEB;13.10.2018 00:00;;;;;;;;;;;;;;;;;;;;;;;;180;;;;32;627;100;;;;;
UEB;14.10.2018 00:00;;;;;;;;;;;;;;;;;;;;;;;;184;;;;33;622;100;;;;;
UEB;15.10.2018 00:00;;;;;;;;;;;;;;;;;;;;;;;;175;;;;36;608;98;;;;;
UEB;16.10.2018 00:00;;;;;;;;;;;;;;;;;;;;;;;;162;;;;52;512;83;;;;;
UEB;17.10.2018 00:00;;;;;;;;;;;;;;;;;;;;;;;;165;;;;41;550;90;;;;;
UEB;18.10.2018 00:00;;;;;;;;;;;;;;;;;;;;;;;;146;;;;76;411;67;;;;;
UEB;19.10.2018 00:00;;;;;;;;;;;;;;;;;;;;;;;;138;;;;77;333;55;;;;;
UEB;20.10.2018 00:00;;;;;;;;;;;;;;;;;;;;;;;;138;;;;71;330;54;;;;;
UEB;21.10.2018 00:00;;;;;;;;;;;;;;;;;;;;;;;;138;;;;88;289;48;;;;;
UEB;22.10.2018 00:00;;;;;;;;;;;;;;;;;;;;;;;;164;;;;37;586;97;;;;;
UEB;23.10.2018 00:00;;;;;;;;;;;;;;;;;;;;;;;;126;;;;70;318;53;;;;;
UEB;24.10.2018 00:00;;;;;;;;;;;;;;;;;;;;;;;;69;;;;46;166;28;;;;;
UEB;25.10.2018 00:00;;;;;;;;;;;;;;;;;;;;;;;;151;;;;37;589;99;;;;;
UEB;26.10.2018 00:00;;;;;;;;;;;;;;;;;;;;;;;;148;;;;48;448;76;;;;;
UEB;27.10.2018 00:00;;;;;;;;;;;;;;;;;;;;;;;;17;;;;16;0;0;;;;;
UEB;28.10.2018 00:00;;;;;;;;;;;;;;;;;;;;;;;;21;;;;20;0;0;;;;;
UEB;29.10.2018 00:00;;;;;;;;;;;;;;;;;;;;;;;;31;;;;31;0;0;;;;;
UEB;30.10.2018 00:00;;;;;;;;;;;;;;;;;;;;;;;;19;;;;18;6;1;;;;;
UEB;31.10.2018 00:00;;;;;;;;;;;;;;;;;;;;;;;;58;;;;53;55;10;;;;;
UEB;01.11.2018 00:00;;;;;;;;;;;;;;;;;;;;;;;;109;;;;29;292;51;;;;;
UEB;02.11.2018 00:00;;;;;;;;;;;;;;;;;;;;;;;;44;;;;43;0;0;;;;;
UEB;03.11.2018 00:00;;;;;;;;;;;;;;;;;;;;;;;;45;;;;42;4;1;;;;;
UEB;04.11.2018 00:00;;;;;;;;;;;;;;;;;;;;;;;;41;;;;40;0;0;;;;;
UEB;05.11.2018 00:00;;;;;;;;;;;;;;;;;;;;;;;;105;;;;52;320;58;;;;;
UEB;06.11.2018 00:00;;;;;;;;;;;;;;;;;;;;;;;;42;;;;35;65;12;;;;;
UEB;07.11.2018 00:00;;;;;;;;;;;;;;;;;;;;;;;;116;;;;29;434;79;;;;;
UEB;08.11.2018 00:00;;;;;;;;;;;;;;;;;;;;;;;;77;;;;55;114;21;;;;;
UEB;09.11.2018 00:00;;;;;;;;;;;;;;;;;;;;;;;;112;;;;50;337;62;;;;;
UEB;10.11.2018 00:00;;;;;;;;;;;;;;;;;;;;;;;;102;;;;57;306;56;;;;;
UEB;11.11.2018 00:00;;;;;;;;;;;;;;;;;;;;;;;;86;;;;34;275;51;;;;;
UEB;12.11.2018 00:00;;;;;;;;;;;;;;;;;;;;;;;;98;;;;51;300;56;;;;;
UEB;13.11.2018 00:00;;;;;;;;;;;;;;;;;;;;;;;;15;;;;14;0;0;;;;;
UEB;14.11.2018 00:00;;;;;;;;;;;;;;;;;;;;;;;;93;;;;70;141;27;;;;;
UEB;15.11.2018 00:00;;;;;;;;;;;;;;;;;;;;;;;;47;;;;47;0;0;;;;;
UEB;16.11.2018 00:00;;;;;;;;;;;;;;;;;;;;;;;;38;;;;38;0;0;;;;;
UEB;17.11.2018 00:00;;;;;;;;;;;;;;;;;;;;;;;;62;;;;41;174;33;;;;;
UEB;18.11.2018 00:00;;;;;;;;;;;;;;;;;;;;;;;;27;;;;25;4;1;;;;;
UEB;19.11.2018 00:00;;;;;;;;;;;;;;;;;;;;;;;;8;;;;7;0;0;;;;;
UEB;20.11.2018 00:00;;;;;;;;;;;;;;;;;;;;;;;;36;;;;34;8;2;;;;;
UEB;21.11.2018 00:00;;;;;;;;;;;;;;;;;;;;;;;;63;;;;53;75;15;;;;;
UEB;22.11.2018 00:00;;;;;;;;;;;;;;;;;;;;;;;;102;;;;24;451;88;;;;;
UEB;23.11.2018 00:00;;;;;;;;;;;;;;;;;;;;;;;;54;;;;42;93;18;;;;;
UEB;24.11.2018 00:00;;;;;;;;;;;;;;;;;;;;;;;;77;;;;34;245;48;;;;;
UEB;25.11.2018 00:00;;;;;;;;;;;;;;;;;;;;;;;;100;;;;26;426;84;;;;;
UEB;26.11.2018 00:00;;;;;;;;;;;;;;;;;;;;;;;;19;;;;18;0;0;;;;;
UEB;27.11.2018 00:00;;;;;;;;;;;;;;;;;;;;;;;;27;;;;26;0;0;;;;;
UEB;28.11.2018 00:00;;;;;;;;;;;;;;;;;;;;;;;;63;;;;52;45;9;;;;;
UEB;29.11.2018 00:00;;;;;;;;;;;;;;;;;;;;;;;;55;;;;45;82;16;;;;;
UEB;30.11.2018 00:00;;;;;;;;;;;;;;;;;;;;;;;;18;;;;17;0;0;;;;;
UEB;01.12.2018 00:00;;;;;;;;;;;;;;;;;;;;;;;;67;;;;41;150;30;;;;;
UEB;02.12.2018 00:00;;;;;;;;;;;;;;;;;;;;;;;;11;;;;10;0;0;;;;;
UEB;03.12.2018 00:00;;;;;;;;;;;;;;;;;;;;;;;;26;;;;24;2;0;;;;;
UEB;04.12.2018 00:00;;;;;;;;;;;;;;;;;;;;;;;;35;;;;29;31;6;;;;;
UEB;05.12.2018 00:00;;;;;;;;;;;;;;;;;;;;;;;;32;;;;30;1;0;;;;;
UEB;06.12.2018 00:00;;;;;;;;;;;;;;;;;;;;;;;;25;;;;22;35;7;;;;;
UEB;07.12.2018 00:00;;;;;;;;;;;;;;;;;;;;;;;;35;;;;29;50;10;;;;;
UEB;08.12.2018 00:00;;;;;;;;;;;;;;;;;;;;;;;;20;;;;19;3;1;;;;;
UEB;09.12.2018 00:00;;;;;;;;;;;;;;;;;;;;;;;;19;;;;17;0;0;;;;;
UEB;10.12.2018 00:00;;;;;;;;;;;;;;;;;;;;;;;;17;;;;16;0;0;;;;;
UEB;11.12.2018 00:00;;;;;;;;;;;;;;;;;;;;;;;;77;;;;35;236;48;;;;;
UEB;12.12.2018 00:00;;;;;;;;;;;;;;;;;;;;;;;;83;;;;29;396;81;;;;;
UEB;13.12.2018 00:00;;;;;;;;;;;;;;;;;;;;;;;;88;;;;26;350;72;;;;;
UEB;14.12.2018 00:00;;;;;;;;;;;;;;;;;;;;;;;;31;;;;30;0;0;;;;;
UEB;15.12.2018 00:00;;;;;;;;;;;;;;;;;;;;;;;;31;;;;29;0;0;;;;;
UEB;16.12.2018 00:00;;;;;;;;;;;;;;;;;;;;;;;;25;;;;24;0;0;;;;;
UEB;17.12.2018 00:00;;;;;;;;;;;;;;;;;;;;;;;;25;;;;24;1;0;;;;;
UEB;18.12.2018 00:00;;;;;;;;;;;;;;;;;;;;;;;;88;;;;31;428;89;;;;;
UEB;19.12.2018 00:00;;;;;;;;;;;;;;;;;;;;;;;;22;;;;20;0;0;;;;;
UEB;20.12.2018 00:00;;;;;;;;;;;;;;;;;;;;;;;;35;;;;27;42;9;;;;;
UEB;21.12.2018 00:00;;;;;;;;;;;;;;;;;;;;;;;;8;;;;7;0;0;;;;;
UEB;22.12.2018 00:00;;;;;;;;;;;;;;;;;;;;;;;;15;;;;14;0;0;;;;;
UEB;23.12.2018 00:00;;;;;;;;;;;;;;;;;;;;;;;;9;;;;8;0;0;;;;;
UEB;24.12.2018 00:00;;;;;;;;;;;;;;;;;;;;;;;;16;;;;15;0;0;;;;;
UEB;25.12.2018 00:00;;;;;;;;;;;;;;;;;;;;;;;;93;;;;27;468;98;;;;;
UEB;26.12.2018 00:00;;;;;;;;;;;;;;;;;;;;;;;;92;;;;24;476;99;;;;;
UEB;27.12.2018 00:00;;;;;;;;;;;;;;;;;;;;;;;;78;;;;31;388;81;;;;;
UEB;28.12.2018 00:00;;;;;;;;;;;;;;;;;;;;;;;;77;;;;29;344;71;;;;;
UEB;29.12.2018 00:00;;;;;;;;;;;;;;;;;;;;;;;;32;;;;31;0;0;;;;;
UEB;30.12.2018 00:00;;;;;;;;;;;;;;;;;;;;;;;;19;;;;18;0;0;;;;;
UEB;31.12.2018 00:00;;;;;;;;;;;;;;;;;;;;;;;;33;;;;32;0;0;;;;;
UEB;01.01.2019 00:00;;;;;;;;;;;;;;;;;;;;;;;;33;;;;32;4;1;;;;;
UEB;02.01.2019 00:00;;;;;;;;;;;;;;;;;;;;;;;;36;;;;31;16;3;;;;;
UEB;03.01.2019 00:00;;;;;;;;;;;;;;;;;;;;;;;;73;;;;28;279;57;;;;;
UEB;04.01.2019 00:00;;;;;;;;;;;;;;;;;;;;;;;;81;;;;32;303;62;;;;;
UEB;05.01.2019 00:00;;;;;;;;;;;;;;;;;;;;;;;;14;;;;13;0;0;;;;;
UEB;06.01.2019 00:00;;;;;;;;;;;;;;;;;;;;;;;;20;;;;18;0;0;;;;;
UEB;07.01.2019 00:00;;;;;;;;;;;;;;;;;;;;;;;;21;;;;20;0;0;;;;;
UEB;08.01.2019 00:00;;;;;;;;;;;;;;;;;;;;;;;;14;;;;12;0;0;;;;;
UEB;09.01.2019 00:00;;;;;;;;;;;;;;;;;;;;;;;;24;;;;23;0;0;;;;;
UEB;10.01.2019 00:00;;;;;;;;;;;;;;;;;;;;;;;;24;;;;23;0;0;;;;;
UEB;11.01.2019 00:00;;;;;;;;;;;;;;;;;;;;;;;;60;;;;44;107;22;;;;;
UEB;12.01.2019 00:00;;;;;;;;;;;;;;;;;;;;;;;;24;;;;23;0;0;;;;;
UEB;13.01.2019 00:00;;;;;;;;;;;;;;;;;;;;;;;;8;;;;6;0;0;;;;;
UEB;14.01.2019 00:00;;;;;;;;;;;;;;;;;;;;;;;;25;;;;23;3;1;;;;;
UEB;15.01.2019 00:00;;;;;;;;;;;;;;;;;;;;;;;;71;;;;44;203;40;;;;;
UEB;16.01.2019 00:00;;;;;;;;;;;;;;;;;;;;;;;;101;;;;39;450;89;;;;;
UEB;17.01.2019 00:00;;;;;;;;;;;;;;;;;;;;;;;;12;;;;11;3;1;;;;;
UEB;18.01.2019 00:00;;;;;;;;;;;;;;;;;;;;;;;;74;;;;46;218;43;;;;;
UEB;19.01.2019 00:00;;;;;;;;;;;;;;;;;;;;;;;;100;;;;30;435;85;;;;;
UEB;20.01.2019 00:00;;;;;;;;;;;;;;;;;;;;;;;;61;;;;50;30;6;;;;;
UEB;21.01.2019 00:00;;;;;;;;;;;;;;;;;;;;;;;;97;;;;46;290;56;;;;;
UEB;22.01.2019 00:00;;;;;;;;;;;;;;;;;;;;;;;;36;;;;35;0;0;;;;;
UEB;23.01.2019 00:00;;;;;;;;;;;;;;;;;;;;;;;;71;;;;54;76;15;;;;;
UEB;24.01.2019 00:00;;;;;;;;;;;;;;;;;;;;;;;;27;;;;26;0;0;;;;;
UEB;25.01.2019 00:00;;;;;;;;;;;;;;;;;;;;;;;;124;;;;47;383;73;;;;;
UEB;26.01.2019 00:00;;;;;;;;;;;;;;;;;;;;;;;;35;;;;34;0;0;;;;;
UEB;27.01.2019 00:00;;;;;;;;;;;;;;;;;;;;;;;;52;;;;43;37;7;;;;;
UEB;28.01.2019 00:00;;;;;;;;;;;;;;;;;;;;;;;;38;;;;36;0;0;;;;;
UEB;29.01.2019 00:00;;;;;;;;;;;;;;;;;;;;;;;;107;;;;36;365;68;;;;;
UEB;30.01.2019 00:00;;;;;;;;;;;;;;;;;;;;;;;;55;;;;37;173;32;;;;;
UEB;31.01.2019 00:00;;;;;;;;;;;;;;;;;;;;;;;;65;;;;44;84;15;;;;;
UEB;01.02.2019 00:00;;;;;;;;;;;;;;;;;;;;;;;;19;;;;18;0;0;;;;;
UEB;02.02.2019 00:00;;;;;;;;;;;;;;;;;;;;;;;;106;;;;35;286;52;;;;;
UEB;03.02.2019 00:00;;;;;;;;;;;;;;;;;;;;;;;;28;;;;27;0;0;;;;;
UEB;04.02.2019 00:00;;;;;;;;;;;;;;;;;;;;;;;;127;;;;55;340;62;;;;;
UEB;05.02.2019 00:00;;;;;;;;;;;;;;;;;;;;;;;;147;;;;32;547;99;;;;;
UEB;06.02.2019 00:00;;;;;;;;;;;;;;;;;;;;;;;;151;;;;36;568;100;;;;;
UEB;07.02.2019 00:00;;;;;;;;;;;;;;;;;;;;;;;;34;;;;32;0;0;;;;;
UEB;08.02.2019 00:00;;;;;;;;;;;;;;;;;;;;;;;;122;;;;47;422;74;;;;;
UEB;09.02.2019 00:00;;;;;;;;;;;;;;;;;;;;;;;;59;;;;50;22;4;;;;;
UEB;10.02.2019 00:00;;;;;;;;;;;;;;;;;;;;;;;;39;;;;36;0;0;;;;;
UEB;11.02.2019 00:00;;;;;;;;;;;;;;;;;;;;;;;;64;;;;51;39;7;;;;;
UEB;12.02.2019 00:00;;;;;;;;;;;;;;;;;;;;;;;;104;;;;66;221;38;;;;;
UEB;13.02.2019 00:00;;;;;;;;;;;;;;;;;;;;;;;;150;;;;29;571;98;;;;;
UEB;14.02.2019 00:00;;;;;;;;;;;;;;;;;;;;;;;;158;;;;32;576;98;;;;;
UEB;15.02.2019 00:00;;;;;;;;;;;;;;;;;;;;;;;;164;;;;28;591;100;;;;;
UEB;16.02.2019 00:00;;;;;;;;;;;;;;;;;;;;;;;;169;;;;28;593;100;;;;;
UEB;17.02.2019 00:00;;;;;;;;;;;;;;;;;;;;;;;;172;;;;31;599;100;;;;;
UEB;18.02.2019 00:00;;;;;;;;;;;;;;;;;;;;;;;;168;;;;29;589;98;;;;;
UEB;19.02.2019 00:00;;;;;;;;;;;;;;;;;;;;;;;;154;;;;52;538;90;;;;;
UEB;20.02.2019 00:00;;;;;;;;;;;;;;;;;;;;;;;;155;;;;52;469;78;;;;;
UEB;21.02.2019 00:00;;;;;;;;;;;;;;;;;;;;;;;;164;;;;42;583;96;;;;;
UEB;22.02.2019 00:00;;;;;;;;;;;;;;;;;;;;;;;;72;;;;64;16;3;;;;;
UEB;23.02.2019 00:00;;;;;;;;;;;;;;;;;;;;;;;;148;;;;62;349;57;;;;;
UEB;24.02.2019 00:00;;;;;;;;;;;;;;;;;;;;;;;;183;;;;32;619;100;;;;;
UEB;25.02.2019 00:00;;;;;;;;;;;;;;;;;;;;;;;;185;;;;34;616;100;;;;;
UEB;26.02.2019 00:00;;;;;;;;;;;;;;;;;;;;;;;;186;;;;47;549;88;;;;;
UEB;27.02.2019 00:00;;;;;;;;;;;;;;;;;;;;;;;;182;;;;34;618;99;;;;;
UEB;28.02.2019 00:00;;;;;;;;;;;;;;;;;;;;;;;;184;;;;46;594;95;;;;;
UEB;01.03.2019 00:00;;;;;;;;;;;;;;;;;;;;;;;;21;;;;20;0;0;;;;;
UEB;02.03.2019 00:00;;;;;;;;;;;;;;;;;;;;;;;;79;;;;71;31;5;;;;;
UEB;03.03.2019 00:00;;;;;;;;;;;;;;;;;;;;;;;;169;;;;71;399;63;;;;;
UEB;04.03.2019 00:00;;;;;;;;;;;;;;;;;;;;;;;;47;;;;36;60;9;;;;;
UEB;05.03.2019 00:00;;;;;;;;;;;;;;;;;;;;;;;;164;;;;72;359;56;;;;;
UEB;06.03.2019 00:00;;;;;;;;;;;;;;;;;;;;;;;;142;;;;100;141;22;;;;;
UEB;07.03.2019 00:00;;;;;;;;;;;;;;;;;;;;;;;;98;;;;54;193;30;;;;;
UEB;08.03.2019 00:00;;;;;;;;;;;;;;;;;;;;;;;;53;;;;40;92;14;;;;;
UEB;09.03.2019 00:00;;;;;;;;;;;;;;;;;;;;;;;;42;;;;41;0;0;;;;;
UEB;10.03.2019 00:00;;;;;;;;;;;;;;;;;;;;;;;;42;;;;34;42;6;;;;;
UEB;11.03.2019 00:00;;;;;;;;;;;;;;;;;;;;;;;;61;;;;47;78;12;;;;;
UEB;12.03.2019 00:00;;;;;;;;;;;;;;;;;;;;;;;;179;;;;87;364;55;;;;;
UEB;13.03.2019 00:00;;;;;;;;;;;;;;;;;;;;;;;;114;;;;66;179;27;;;;;
UEB;14.03.2019 00:00;;;;;;;;;;;;;;;;;;;;;;;;29;;;;28;0;0;;;;;
UEB;15.03.2019 00:00;;;;;;;;;;;;;;;;;;;;;;;;19;;;;18;0;0;;;;;
UEB;16.03.2019 00:00;;;;;;;;;;;;;;;;;;;;;;;;216;;;;48;558;82;;;;;
UEB;17.03.2019 00:00;;;;;;;;;;;;;;;;;;;;;;;;75;;;;51;136;20;;;;;
UEB;18.03.2019 00:00;;;;;;;;;;;;;;;;;;;;;;;;108;;;;85;78;11;;;;;
UEB;19.03.2019 00:00;;;;;;;;;;;;;;;;;;;;;;;;185;;;;66;417;60;;;;;
UEB;20.03.2019 00:00;;;;;;;;;;;;;;;;;;;;;;;;248;;;;38;690;100;;;;;
UEB;21.03.2019 00:00;;;;;;;;;;;;;;;;;;;;;;;;254;;;;38;690;99;;;;;
UEB;22.03.2019 00:00;;;;;;;;;;;;;;;;;;;;;;;;255;;;;44;681;98;;;;;
UEB;23.03.2019 00:00;;;;;;;;;;;;;;;;;;;;;;;;254;;;;40;701;99;;;;;
UEB;24.03.2019 00:00;;;;;;;;;;;;;;;;;;;;;;;;250;;;;47;682;96;;;;;
UEB;25.03.2019 00:00;;;;;;;;;;;;;;;;;;;;;;;;154;;;;86;229;32;;;;;
UEB;26.03.2019 00:00;;;;;;;;;;;;;;;;;;;;;;;;176;;;;86;308;43;;;;;
UEB;27.03.2019 00:00;;;;;;;;;;;;;;;;;;;;;;;;225;;;;76;556;77;;;;;
UEB;28.03.2019 00:00;;;;;;;;;;;;;;;;;;;;;;;;260;;;;49;667;93;;;;;
UEB;29.03.2019 00:00;;;;;;;;;;;;;;;;;;;;;;;;265;;;;44;717;99;;;;;
UEB;30.03.2019 00:00;;;;;;;;;;;;;;;;;;;;;;;;269;;;;45;713;98;;;;;
UEB;31.03.2019 00:00;;;;;;;;;;;;;;;;;;;;;;;;270;;;;51;713;98;;;;;
UEB;01.04.2019 00:00;;;;;;;;;;;;;;;;;;;;;;;;261;;;;60;681;93;;;;;
UEB;02.04.2019 00:00;;;;;;;;;;;;;;;;;;;;;;;;231;;;;86;457;62;;;;;
UEB;03.04.2019 00:00;;;;;;;;;;;;;;;;;;;;;;;;187;;;;94;331;45;;;;;
UEB;04.04.2019 00:00;;;;;;;;;;;;;;;;;;;;;;;;47;;;;46;0;0;;;;;
UEB;05.04.2019 00:00;;;;;;;;;;;;;;;;;;;;;;;;151;;;;126;75;10;;;;;
UEB;06.04.2019 00:00;;;;;;;;;;;;;;;;;;;;;;;;192;;;;115;297;40;;;;;
UEB;07.04.2019 00:00;;;;;;;;;;;;;;;;;;;;;;;;163;;;;104;216;29;;;;;
UEB;08.04.2019 00:00;;;;;;;;;;;;;;;;;;;;;;;;151;;;;105;157;21;;;;;
UEB;09.04.2019 00:00;;;;;;;;;;;;;;;;;;;;;;;;106;;;;77;167;22;;;;;
UEB;10.04.2019 00:00;;;;;;;;;;;;;;;;;;;;;;;;70;;;;68;0;0;;;;;
UEB;11.04.2019 00:00;;;;;;;;;;;;;;;;;;;;;;;;50;;;;49;0;0;;;;;
UEB;12.04.2019 00:00;;;;;;;;;;;;;;;;;;;;;;;;187;;;;89;364;48;;;;;
UEB;13.04.2019 00:00;;;;;;;;;;;;;;;;;;;;;;;;135;;;;120;29;4;;;;;
UEB;14.04.2019 00:00;;;;;;;;;;;;;;;;;;;;;;;;69;;;;68;0;0;;;;;
UEB;15.04.2019 00:00;;;;;;;;;;;;;;;;;;;;;;;;232;;;;102;394;51;;;;;
UEB;16.04.2019 00:00;;;;;;;;;;;;;;;;;;;;;;;;216;;;;127;289;37;;;;;
UEB;17.04.2019 00:00;;;;;;;;;;;;;;;;;;;;;;;;231;;;;101;407;52;;;;;
UEB;18.04.2019 00:00;;;;;;;;;;;;;;;;;;;;;;;;301;;;;54;747;95;;;;;
UEB;19.04.2019 00:00;;;;;;;;;;;;;;;;;;;;;;;;285;;;;63;636;80;;;;;
UEB;20.04.2019 00:00;;;;;;;;;;;;;;;;;;;;;;;;319;;;;44;786;99;;;;;
UEB;21.04.2019 00:00;;;;;;;;;;;;;;;;;;;;;;;;242;;;;162;228;29;;;;;
UEB;22.04.2019 00:00;;;;;;;;;;;;;;;;;;;;;;;;231;;;;138;335;42;;;;;
UEB;23.04.2019 00:00;;;;;;;;;;;;;;;;;;;;;;;;234;;;;121;409;51;;;;;
UEB;24.04.2019 00:00;;;;;;;;;;;;;;;;;;;;;;;;274;;;;111;562;70;;;;;
UEB;25.04.2019 00:00;;;;;;;;;;;;;;;;;;;;;;;;234;;;;117;490;61;;;;;
UEB;26.04.2019 00:00;;;;;;;;;;;;;;;;;;;;;;;;55;;;;53;4;0;;;;;
UEB;27.04.2019 00:00;;;;;;;;;;;;;;;;;;;;;;;;101;;;;89;24;3;;;;;
UEB;28.04.2019 00:00;;;;;;;;;;;;;;;;;;;;;;;;191;;;;124;214;26;;;;;
UEB;29.04.2019 00:00;;;;;;;;;;;;;;;;;;;;;;;;115;;;;103;21;3;;;;;
UEB;30.04.2019 00:00;;;;;;;;;;;;;;;;;;;;;;;;90;;;;85;35;4;;;;;
UEB;01.05.2019 00:00;;;;;;;;;;;;;;;;;;;;;;;;348;;;;51;813;99;;;;;
UEB;02.05.2019 00:00;;;;;;;;;;;;;;;;;;;;;;;;203;;;;116;336;41;;;;;
UEB;03.05.2019 00:00;;;;;;;;;;;;;;;;;;;;;;;;148;;;;111;104;13;;;;;
UEB;04.05.2019 00:00;;;;;;;;;;;;;;;;;;;;;;;;90;;;;83;23;3;;;;;
UEB;05.05.2019 00:00;;;;;;;;;;;;;;;;;;;;;;;;91;;;;83;20;2;;;;;
UEB;06.05.2019 00:00;;;;;;;;;;;;;;;;;;;;;;;;191;;;;104;243;29;;;;;
UEB;07.05.2019 00:00;;;;;;;;;;;;;;;;;;;;;;;;323;;;;111;575;68;;;;;
UEB;08.05.2019 00:00;;;;;;;;;;;;;;;;;;;;;;;;60;;;;59;0;0;;;;;
UEB;09.05.2019 00:00;;;;;;;;;;;;;;;;;;;;;;;;235;;;;120;324;38;;;;;
UEB;10.05.2019 00:00;;;;;;;;;;;;;;;;;;;;;;;;188;;;;129;129;15;;;;;
UEB;11.05.2019 00:00;;;;;;;;;;;;;;;;;;;;;;;;94;;;;84;22;3;;;;;
UEB;12.05.2019 00:00;;;;;;;;;;;;;;;;;;;;;;;;217;;;;110;263;31;;;;;
UEB;13.05.2019 00:00;;;;;;;;;;;;;;;;;;;;;;;;227;;;;135;351;41;;;;;
UEB;14.05.2019 00:00;;;;;;;;;;;;;;;;;;;;;;;;316;;;;97;645;75;;;;;
UEB;15.05.2019 00:00;;;;;;;;;;;;;;;;;;;;;;;;201;;;;130;150;17;;;;;
UEB;16.05.2019 00:00;;;;;;;;;;;;;;;;;;;;;;;;282;;;;136;565;65;;;;;
UEB;17.05.2019 00:00;;;;;;;;;;;;;;;;;;;;;;;;287;;;;147;565;65;;;;;
UEB;18.05.2019 00:00;;;;;;;;;;;;;;;;;;;;;;;;164;;;;147;30;3;;;;;
UEB;19.05.2019 00:00;;;;;;;;;;;;;;;;;;;;;;;;150;;;;128;38;4;;;;;
UEB;20.05.2019 00:00;;;;;;;;;;;;;;;;;;;;;;;;35;;;;34;0;0;;;;;
UEB;21.05.2019 00:00;;;;;;;;;;;;;;;;;;;;;;;;59;;;;58;0;0;;;;;
UEB;22.05.2019 00:00;;;;;;;;;;;;;;;;;;;;;;;;313;;;;126;535;61;;;;;
UEB;23.05.2019 00:00;;;;;;;;;;;;;;;;;;;;;;;;374;;;;68;860;98;;;;;
UEB;24.05.2019 00:00;;;;;;;;;;;;;;;;;;;;;;;;328;;;;141;715;81;;;;;
UEB;25.05.2019 00:00;;;;;;;;;;;;;;;;;;;;;;;;151;;;;118;65;7;;;;;
UEB;26.05.2019 00:00;;;;;;;;;;;;;;;;;;;;;;;;283;;;;156;436;49;;;;;
UEB;27.05.2019 00:00;;;;;;;;;;;;;;;;;;;;;;;;265;;;;176;257;29;;;;;
UEB;28.05.2019 00:00;;;;;;;;;;;;;;;;;;;;;;;;81;;;;79;4;0;;;;;
UEB;29.05.2019 00:00;;;;;;;;;;;;;;;;;;;;;;;;157;;;;126;49;6;;;;;
UEB;30.05.2019 00:00;;;;;;;;;;;;;;;;;;;;;;;;349;;;;98;626;70;;;;;
UEB;31.05.2019 00:00;;;;;;;;;;;;;;;;;;;;;;;;345;;;;72;687;77;;;;;
UEB;01.06.2019 00:00;;;;;;;;;;;;;;;;;;;;;;;;380;;;;48;891;99;;;;;
UEB;02.06.2019 00:00;;;;;;;;;;;;;;;;;;;;;;;;383;;;;44;884;98;;;;;
UEB;03.06.2019 00:00;;;;;;;;;;;;;;;;;;;;;;;;326;;;;86;602;67;;;;;
UEB;04.06.2019 00:00;;;;;;;;;;;;;;;;;;;;;;;;369;;;;82;840;93;;;;;
UEB;05.06.2019 00:00;;;;;;;;;;;;;;;;;;;;;;;;340;;;;85;651;72;;;;;
UEB;06.06.2019 00:00;;;;;;;;;;;;;;;;;;;;;;;;126;;;;116;77;9;;;;;
UEB;07.06.2019 00:00;;;;;;;;;;;;;;;;;;;;;;;;361;;;;87;651;72;;;;;
UEB;08.06.2019 00:00;;;;;;;;;;;;;;;;;;;;;;;;373;;;;59;711;79;;;;;
UEB;09.06.2019 00:00;;;;;;;;;;;;;;;;;;;;;;;;90;;;;76;93;10;;;;;
UEB;10.06.2019 00:00;;;;;;;;;;;;;;;;;;;;;;;;89;;;;61;65;7;;;;;
UEB;11.06.2019 00:00;;;;;;;;;;;;;;;;;;;;;;;;96;;;;84;109;12;;;;;
UEB;12.06.2019 00:00;;;;;;;;;;;;;;;;;;;;;;;;271;;;;96;342;38;;;;;
UEB;13.06.2019 00:00;;;;;;;;;;;;;;;;;;;;;;;;368;;;;86;764;84;;;;;
UEB;14.06.2019 00:00;;;;;;;;;;;;;;;;;;;;;;;;290;;;;165;431;47;;;;;
UEB;15.06.2019 00:00;;;;;;;;;;;;;;;;;;;;;;;;274;;;;146;329;36;;;;;
UEB;16.06.2019 00:00;;;;;;;;;;;;;;;;;;;;;;;;243;;;;144;316;35;;;;;
UEB;17.06.2019 00:00;;;;;;;;;;;;;;;;;;;;;;;;345;;;;119;681;75;;;;;
UEB;18.06.2019 00:00;;;;;;;;;;;;;;;;;;;;;;;;300;;;;93;558;61;;;;;
UEB;19.06.2019 00:00;;;;;;;;;;;;;;;;;;;;;;;;361;;;;78;818;90;;;;;
UEB;20.06.2019 00:00;;;;;;;;;;;;;;;;;;;;;;;;173;;;;102;242;27;;;;;
UEB;21.06.2019 00:00;;;;;;;;;;;;;;;;;;;;;;;;196;;;;153;153;17;;;;;
UEB;22.06.2019 00:00;;;;;;;;;;;;;;;;;;;;;;;;117;;;;114;4;0;;;;;
UEB;23.06.2019 00:00;;;;;;;;;;;;;;;;;;;;;;;;306;;;;119;495;54;;;;;
UEB;24.06.2019 00:00;;;;;;;;;;;;;;;;;;;;;;;;383;;;;57;839;92;;;;;
UEB;25.06.2019 00:00;;;;;;;;;;;;;;;;;;;;;;;;374;;;;88;837;92;;;;;
UEB;26.06.2019 00:00;;;;;;;;;;;;;;;;;;;;;;;;370;;;;73;844;93;;;;;
UEB;27.06.2019 00:00;;;;;;;;;;;;;;;;;;;;;;;;371;;;;74;849;94;;;;;
UEB;28.06.2019 00:00;;;;;;;;;;;;;;;;;;;;;;;;381;;;;59;806;89;;;;;
UEB;29.06.2019 00:00;;;;;;;;;;;;;;;;;;;;;;;;397;;;;44;906;100;;;;;
UEB;30.06.2019 00:00;;;;;;;;;;;;;;;;;;;;;;;;376;;;;67;860;95;;;;;
UEB;01.07.2019 00:00;;;;;;;;;;;;;;;;;;;;;;;;337;;;;77;642;71;;;;;
UEB;02.07.2019 00:00;;;;;;;;;;;;;;;;;;;;;;;;300;;;;119;470;52;;;;;
UEB;03.07.2019 00:00;;;;;;;;;;;;;;;;;;;;;;;;322;;;;128;584;65;;;;;
UEB;04.07.2019 00:00;;;;;;;;;;;;;;;;;;;;;;;;356;;;;83;815;90;;;;;
UEB;05.07.2019 00:00;;;;;;;;;;;;;;;;;;;;;;;;378;;;;57;881;98;;;;;
UEB;06.07.2019 00:00;;;;;;;;;;;;;;;;;;;;;;;;185;;;;108;399;44;;;;;
UEB;07.07.2019 00:00;;;;;;;;;;;;;;;;;;;;;;;;268;;;;104;470;52;;;;;
UEB;08.07.2019 00:00;;;;;;;;;;;;;;;;;;;;;;;;200;;;;150;155;17;;;;;
UEB;09.07.2019 00:00;;;;;;;;;;;;;;;;;;;;;;;;268;;;;168;279;31;;;;;
UEB;10.07.2019 00:00;;;;;;;;;;;;;;;;;;;;;;;;379;;;;53;875;98;;;;;
UEB;11.07.2019 00:00;;;;;;;;;;;;;;;;;;;;;;;;127;;;;117;45;5;;;;;
UEB;12.07.2019 00:00;;;;;;;;;;;;;;;;;;;;;;;;176;;;;110;192;22;;;;;
UEB;13.07.2019 00:00;;;;;;;;;;;;;;;;;;;;;;;;304;;;;137;543;61;;;;;
UEB;14.07.2019 00:00;;;;;;;;;;;;;;;;;;;;;;;;297;;;;107;593;67;;;;;
UEB;15.07.2019 00:00;;;;;;;;;;;;;;;;;;;;;;;;189;;;;119;212;24;;;;;
UEB;16.07.2019 00:00;;;;;;;;;;;;;;;;;;;;;;;;355;;;;62;825;93;;;;;
UEB;17.07.2019 00:00;;;;;;;;;;;;;;;;;;;;;;;;346;;;;91;806;91;;;;;
UEB;18.07.2019 00:00;;;;;;;;;;;;;;;;;;;;;;;;336;;;;92;623;71;;;;;
UEB;19.07.2019 00:00;;;;;;;;;;;;;;;;;;;;;;;;340;;;;91;742;84;;;;;
UEB;20.07.2019 00:00;;;;;;;;;;;;;;;;;;;;;;;;315;;;;120;662;75;;;;;
UEB;21.07.2019 00:00;;;;;;;;;;;;;;;;;;;;;;;;265;;;;130;466;53;;;;;
UEB;22.07.2019 00:00;;;;;;;;;;;;;;;;;;;;;;;;324;;;;114;668;77;;;;;
UEB;23.07.2019 00:00;;;;;;;;;;;;;;;;;;;;;;;;356;;;;53;864;99;;;;;
UEB;24.07.2019 00:00;;;;;;;;;;;;;;;;;;;;;;;;352;;;;59;845;97;;;;;
UEB;25.07.2019 00:00;;;;;;;;;;;;;;;;;;;;;;;;336;;;;81;642;74;;;;;
UEB;26.07.2019 00:00;;;;;;;;;;;;;;;;;;;;;;;;312;;;;83;613;71;;;;;
UEB;27.07.2019 00:00;;;;;;;;;;;;;;;;;;;;;;;;213;;;;94;260;30;;;;;
UEB;28.07.2019 00:00;;;;;;;;;;;;;;;;;;;;;;;;38;;;;38;0;0;;;;;
UEB;29.07.2019 00:00;;;;;;;;;;;;;;;;;;;;;;;;207;;;;122;228;27;;;;;
UEB;30.07.2019 00:00;;;;;;;;;;;;;;;;;;;;;;;;335;;;;55;775;91;;;;;
UEB;31.07.2019 00:00;;;;;;;;;;;;;;;;;;;;;;;;189;;;;129;211;25;;;;;
UEB;01.08.2019 00:00;;;;;;;;;;;;;;;;;;;;;;;;330;;;;72;659;78;;;;;
UEB;02.08.2019 00:00;;;;;;;;;;;;;;;;;;;;;;;;166;;;;104;187;22;;;;;
UEB;03.08.2019 00:00;;;;;;;;;;;;;;;;;;;;;;;;308;;;;81;595;70;;;;;
UEB;04.08.2019 00:00;;;;;;;;;;;;;;;;;;;;;;;;328;;;;54;763;91;;;;;
UEB;05.08.2019 00:00;;;;;;;;;;;;;;;;;;;;;;;;288;;;;131;454;54;;;;;
UEB;06.08.2019 00:00;;;;;;;;;;;;;;;;;;;;;;;;117;;;;74;115;14;;;;;
UEB;07.08.2019 00:00;;;;;;;;;;;;;;;;;;;;;;;;68;;;;61;49;6;;;;;
UEB;08.08.2019 00:00;;;;;;;;;;;;;;;;;;;;;;;;275;;;;80;539;65;;;;;
UEB;09.08.2019 00:00;;;;;;;;;;;;;;;;;;;;;;;;304;;;;64;630;76;;;;;
UEB;10.08.2019 00:00;;;;;;;;;;;;;;;;;;;;;;;;130;;;;96;147;18;;;;;
UEB;11.08.2019 00:00;;;;;;;;;;;;;;;;;;;;;;;;288;;;;50;624;76;;;;;
UEB;12.08.2019 00:00;;;;;;;;;;;;;;;;;;;;;;;;93;;;;84;15;2;;;;;
UEB;13.08.2019 00:00;;;;;;;;;;;;;;;;;;;;;;;;170;;;;140;52;6;;;;;
UEB;14.08.2019 00:00;;;;;;;;;;;;;;;;;;;;;;;;301;;;;71;720;89;;;;;
UEB;15.08.2019 00:00;;;;;;;;;;;;;;;;;;;;;;;;164;;;;106;177;22;;;;;
UEB;16.08.2019 00:00;;;;;;;;;;;;;;;;;;;;;;;;281;;;;94;703;87;;;;;
UEB;17.08.2019 00:00;;;;;;;;;;;;;;;;;;;;;;;;147;;;;130;31;4;;;;;
UEB;18.08.2019 00:00;;;;;;;;;;;;;;;;;;;;;;;;300;;;;51;726;91;;;;;
UEB;19.08.2019 00:00;;;;;;;;;;;;;;;;;;;;;;;;161;;;;123;97;12;;;;;
UEB;20.08.2019 00:00;;;;;;;;;;;;;;;;;;;;;;;;39;;;;38;0;0;;;;;
UEB;21.08.2019 00:00;;;;;;;;;;;;;;;;;;;;;;;;161;;;;136;75;9;;;;;
UEB;22.08.2019 00:00;;;;;;;;;;;;;;;;;;;;;;;;106;;;;85;149;19;;;;;
UEB;23.08.2019 00:00;;;;;;;;;;;;;;;;;;;;;;;;130;;;;110;79;10;;;;;
UEB;24.08.2019 00:00;;;;;;;;;;;;;;;;;;;;;;;;264;;;;94;491;62;;;;;
UEB;25.08.2019 00:00;;;;;;;;;;;;;;;;;;;;;;;;306;;;;48;776;99;;;;;
UEB;26.08.2019 00:00;;;;;;;;;;;;;;;;;;;;;;;;302;;;;47;772;99;;;;;
UEB;27.08.2019 00:00;;;;;;;;;;;;;;;;;;;;;;;;283;;;;68;705;91;;;;;
UEB;28.08.2019 00:00;;;;;;;;;;;;;;;;;;;;;;;;222;;;;82;367;48;;;;;
UEB;29.08.2019 00:00;;;;;;;;;;;;;;;;;;;;;;;;186;;;;82;329;43;;;;;
UEB;30.08.2019 00:00;;;;;;;;;;;;;;;;;;;;;;;;279;;;;52;750;99;;;;;
UEB;31.08.2019 00:00;;;;;;;;;;;;;;;;;;;;;;;;235;;;;67;573;75;;;;;
UEB;01.09.2019 00:00;;;;;;;;;;;;;;;;;;;;;;;;119;;;;94;95;13;;;;;
UEB;02.09.2019 00:00;;;;;;;;;;;;;;;;;;;;;;;;46;;;;45;0;0;;;;;
UEB;03.09.2019 00:00;;;;;;;;;;;;;;;;;;;;;;;;283;;;;42;739;98;;;;;
UEB;04.09.2019 00:00;;;;;;;;;;;;;;;;;;;;;;;;280;;;;41;746;99;;;;;
UEB;05.09.2019 00:00;;;;;;;;;;;;;;;;;;;;;;;;71;;;;48;144;19;;;;;
UEB;06.09.2019 00:00;;;;;;;;;;;;;;;;;;;;;;;;50;;;;49;0;0;;;;;
UEB;07.09.2019 00:00;;;;;;;;;;;;;;;;;;;;;;;;188;;;;116;249;34;;;;;
UEB;08.09.2019 00:00;;;;;;;;;;;;;;;;;;;;;;;;46;;;;45;0;0;;;;;
UEB;09.09.2019 00:00;;;;;;;;;;;;;;;;;;;;;;;;208;;;;100;334;45;;;;;
UEB;10.09.2019 00:00;;;;;;;;;;;;;;;;;;;;;;;;243;;;;72;622;85;;;;;
UEB;11.09.2019 00:00;;;;;;;;;;;;;;;;;;;;;;;;164;;;;70;;;;;;;
UEB;12.09.2019 00:00;;;;;;;;;;;;;;;;;;;;;;;;241;;;;41;714;99;;;;;
UEB;13.09.2019 00:00;;;;;;;;;;;;;;;;;;;;;;;;243;;;;36;715;99;;;;;
UEB;14.09.2019 00:00;;;;;;;;;;;;;;;;;;;;;;;;220;;;;84;554;77;;;;;
UEB;15.09.2019 00:00;;;;;;;;;;;;;;;;;;;;;;;;238;;;;41;708;99;;;;;
UEB;16.09.2019 00:00;;;;;;;;;;;;;;;;;;;;;;;;228;;;;52;675;94;;;;;
UEB;17.09.2019 00:00;;;;;;;;;;;;;;;;;;;;;;;;224;;;;78;590;83;;;;;
UEB;18.09.2019 00:00;;;;;;;;;;;;;;;;;;;;;;;;207;;;;101;429;60;;;;;
UEB;19.09.2019 00:00;;;;;;;;;;;;;;;;;;;;;;;;235;;;;43;678;96;;;;;
UEB;20.09.2019 00:00;;;;;;;;;;;;;;;;;;;;;;;;235;;;;41;691;99;;;;;
UEB;21.09.2019 00:00;;;;;;;;;;;;;;;;;;;;;;;;224;;;;42;689;99;;;;;
UEB;22.09.2019 00:00;;;;;;;;;;;;;;;;;;;;;;;;165;;;;84;364;53;;;;;
UEB;23.09.2019 00:00;;;;;;;;;;;;;;;;;;;;;;;;89;;;;56;111;16;;;;;
UEB;24.09.2019 00:00;;;;;;;;;;;;;;;;;;;;;;;;82;;;;75;71;10;;;;;
UEB;25.09.2019 00:00;;;;;;;;;;;;;;;;;;;;;;;;141;;;;75;187;27;;;;;
UEB;26.09.2019 00:00;;;;;;;;;;;;;;;;;;;;;;;;49;;;;47;0;0;;;;;
UEB;27.09.2019 00:00;;;;;;;;;;;;;;;;;;;;;;;;154;;;;64;340;50;;;;;
UEB;28.09.2019 00:00;;;;;;;;;;;;;;;;;;;;;;;;161;;;;71;313;47;;;;;
UEB;29.09.2019 00:00;;;;;;;;;;;;;;;;;;;;;;;;193;;;;39;593;89;;;;;
UEB;30.09.2019 00:00;;;;;;;;;;;;;;;;;;;;;;;;172;;;;68;421;63;;;;;
UEB;01.10.2019 00:00;;;;;;;;;;;;;;;;;;;;;;;;197;;;;43;589;89;;;;;
UEB;02.10.2019 00:00;;;;;;;;;;;;;;;;;;;;;;;;66;;;;55;26;4;;;;;
UEB;03.10.2019 00:00;;;;;;;;;;;;;;;;;;;;;;;;167;;;;65;434;66;;;;;
UEB;04.10.2019 00:00;;;;;;;;;;;;;;;;;;;;;;;;36;;;;34;0;0;;;;;
UEB;05.10.2019 00:00;;;;;;;;;;;;;;;;;;;;;;;;51;;;;49;0;0;;;;;
UEB;06.10.2019 00:00;;;;;;;;;;;;;;;;;;;;;;;;54;;;;51;1;0;;;;;
UEB;07.10.2019 00:00;;;;;;;;;;;;;;;;;;;;;;;;116;;;;70;250;39;;;;;
UEB;08.10.2019 00:00;;;;;;;;;;;;;;;;;;;;;;;;96;;;;66;138;22;;;;;
UEB;09.10.2019 00:00;;;;;;;;;;;;;;;;;;;;;;;;14;;;;12;0;0;;;;;
UEB;10.10.2019 00:00;;;;;;;;;;;;;;;;;;;;;;;;81;;;;49;167;26;;;;;
UEB;11.10.2019 00:00;;;;;;;;;;;;;;;;;;;;;;;;179;;;;33;619;98;;;;;
UEB;12.10.2019 00:00;;;;;;;;;;;;;;;;;;;;;;;;157;;;;59;553;88;;;;;
UEB;13.10.2019 00:00;;;;;;;;;;;;;;;;;;;;;;;;150;;;;55;547;87;;;;;
UEB;14.10.2019 00:00;;;;;;;;;;;;;;;;;;;;;;;;167;;;;35;615;99;;;;;
UEB;15.10.2019 00:00;;;;;;;;;;;;;;;;;;;;;;;;51;;;;44;28;5;;;;;
UEB;16.10.2019 00:00;;;;;;;;;;;;;;;;;;;;;;;;164;;;;33;614;100;;;;;
UEB;17.10.2019 00:00;;;;;;;;;;;;;;;;;;;;;;;;141;;;;43;414;67;;;;;
UEB;18.10.2019 00:00;;;;;;;;;;;;;;;;;;;;;;;;67;;;;54;77;13;;;;;
UEB;19.10.2019 00:00;;;;;;;;;;;;;;;;;;;;;;;;66;;;;49;68;11;;;;;
UEB;20.10.2019 00:00;;;;;;;;;;;;;;;;;;;;;;;;113;;;;76;168;28;;;;;
UEB;21.10.2019 00:00;;;;;;;;;;;;;;;;;;;;;;;;46;;;;43;1;0;;;;;
UEB;22.10.2019 00:00;;;;;;;;;;;;;;;;;;;;;;;;46;;;;44;0;0;;;;;
UEB;23.10.2019 00:00;;;;;;;;;;;;;;;;;;;;;;;;128;;;;45;404;67;;;;;
UEB;24.10.2019 00:00;;;;;;;;;;;;;;;;;;;;;;;;56;;;;49;20;3;;;;;
UEB;25.10.2019 00:00;;;;;;;;;;;;;;;;;;;;;;;;103;;;;54;300;51;;;;;
UEB;26.10.2019 00:00;;;;;;;;;;;;;;;;;;;;;;;;143;;;;31;567;96;;;;;
UEB;27.10.2019 00:00;;;;;;;;;;;;;;;;;;;;;;;;126;;;;56;497;85;;;;;
UEB;28.10.2019 00:00;;;;;;;;;;;;;;;;;;;;;;;;35;;;;32;0;0;;;;;
UEB;29.10.2019 00:00;;;;;;;;;;;;;;;;;;;;;;;;42;;;;40;0;0;;;;;
UEB;30.10.2019 00:00;;;;;;;;;;;;;;;;;;;;;;;;30;;;;26;0;0;;;;;
UEB;31.10.2019 00:00;;;;;;;;;;;;;;;;;;;;;;;;93;;;;74;51;9;;;;;
UEB;01.11.2019 00:00;;;;;;;;;;;;;;;;;;;;;;;;45;;;;39;0;0;;;;;
UEB;02.11.2019 00:00;;;;;;;;;;;;;;;;;;;;;;;;65;;;;48;60;11;;;;;
UEB;03.11.2019 00:00;;;;;;;;;;;;;;;;;;;;;;;;28;;;;22;0;0;;;;;
UEB;04.11.2019 00:00;;;;;;;;;;;;;;;;;;;;;;;;67;;;;39;173;31;;;;;
UEB;05.11.2019 00:00;;;;;;;;;;;;;;;;;;;;;;;;71;;;;44;128;23;;;;;
UEB;06.11.2019 00:00;;;;;;;;;;;;;;;;;;;;;;;;32;;;;25;1;0;;;;;
UEB;07.11.2019 00:00;;;;;;;;;;;;;;;;;;;;;;;;42;;;;31;75;14;;;;;
UEB;08.11.2019 00:00;;;;;;;;;;;;;;;;;;;;;;;;20;;;;15;0;0;;;;;
UEB;09.11.2019 00:00;;;;;;;;;;;;;;;;;;;;;;;;51;;;;43;8;1;;;;;
UEB;10.11.2019 00:00;;;;;;;;;;;;;;;;;;;;;;;;116;;;;40;405;74;;;;;
UEB;11.11.2019 00:00;;;;;;;;;;;;;;;;;;;;;;;;74;;;;45;130;24;;;;;
UEB;12.11.2019 00:00;;;;;;;;;;;;;;;;;;;;;;;;82;;;;39;324;60;;;;;
UEB;13.11.2019 00:00;;;;;;;;;;;;;;;;;;;;;;;;60;;;;39;68;13;;;;;
UEB;14.11.2019 00:00;;;;;;;;;;;;;;;;;;;;;;;;69;;;;45;128;24;;;;;
UEB;15.11.2019 00:00;;;;;;;;;;;;;;;;;;;;;;;;47;;;;37;20;4;;;;;
UEB;16.11.2019 00:00;;;;;;;;;;;;;;;;;;;;;;;;101;;;;66;253;48;;;;;
UEB;17.11.2019 00:00;;;;;;;;;;;;;;;;;;;;;;;;24;;;;19;0;0;;;;;
UEB;18.11.2019 00:00;;;;;;;;;;;;;;;;;;;;;;;;31;;;;22;46;9;;;;;
UEB;19.11.2019 00:00;;;;;;;;;;;;;;;;;;;;;;;;45;;;;24;103;20;;;;;
UEB;20.11.2019 00:00;;;;;;;;;;;;;;;;;;;;;;;;22;;;;15;3;1;;;;;
UEB;21.11.2019 00:00;;;;;;;;;;;;;;;;;;;;;;;;69;;;;56;50;10;;;;;
UEB;22.11.2019 00:00;;;;;;;;;;;;;;;;;;;;;;;;92;;;;38;319;62;;;;;
UEB;23.11.2019 00:00;;;;;;;;;;;;;;;;;;;;;;;;21;;;;15;6;1;;;;;
UEB;24.11.2019 00:00;;;;;;;;;;;;;;;;;;;;;;;;44;;;;33;60;12;;;;;
UEB;25.11.2019 00:00;;;;;;;;;;;;;;;;;;;;;;;;73;;;;44;193;38;;;;;
UEB;26.11.2019 00:00;;;;;;;;;;;;;;;;;;;;;;;;58;;;;46;42;8;;;;;
UEB;27.11.2019 00:00;;;;;;;;;;;;;;;;;;;;;;;;66;;;;30;183;36;;;;;
UEB;28.11.2019 00:00;;;;;;;;;;;;;;;;;;;;;;;;16;;;;10;2;0;;;;;
UEB;29.11.2019 00:00;;;;;;;;;;;;;;;;;;;;;;;;14;;;;9;0;0;;;;;
UEB;30.11.2019 00:00;;;;;;;;;;;;;;;;;;;;;;;;78;;;;42;168;34;;;;;
UEB;01.12.2019 00:00;;;;;;;;;;;;;;;;;;;;;;;;25;;;;19;2;0;;;;;
UEB;02.12.2019 00:00;;;;;;;;;;;;;;;;;;;;;;;;20;;;;14;13;3;;;;;
UEB;03.12.2019 00:00;;;;;;;;;;;;;;;;;;;;;;;;86;;;;33;416;84;;;;;
UEB;04.12.2019 00:00;;;;;;;;;;;;;;;;;;;;;;;;73;;;;43;175;35;;;;;
UEB;05.12.2019 00:00;;;;;;;;;;;;;;;;;;;;;;;;95;;;;28;461;93;;;;;
UEB;06.12.2019 00:00;;;;;;;;;;;;;;;;;;;;;;;;88;;;;23;444;90;;;;;
UEB;07.12.2019 00:00;;;;;;;;;;;;;;;;;;;;;;;;51;;;;33;92;19;;;;;
UEB;08.12.2019 00:00;;;;;;;;;;;;;;;;;;;;;;;;73;;;;42;277;56;;;;;
UEB;09.12.2019 00:00;;;;;;;;;;;;;;;;;;;;;;;;17;;;;11;21;4;;;;;
UEB;10.12.2019 00:00;;;;;;;;;;;;;;;;;;;;;;;;73;;;;25;360;74;;;;;
UEB;11.12.2019 00:00;;;;;;;;;;;;;;;;;;;;;;;;23;;;;15;19;4;;;;;
UEB;12.12.2019 00:00;;;;;;;;;;;;;;;;;;;;;;;;38;;;;24;108;22;;;;;
UEB;13.12.2019 00:00;;;;;;;;;;;;;;;;;;;;;;;;20;;;;12;7;1;;;;;
UEB;14.12.2019 00:00;;;;;;;;;;;;;;;;;;;;;;;;37;;;;20;101;21;;;;;
UEB;15.12.2019 00:00;;;;;;;;;;;;;;;;;;;;;;;;31;;;;21;61;13;;;;;
UEB;16.12.2019 00:00;;;;;;;;;;;;;;;;;;;;;;;;51;;;;32;104;22;;;;;
UEB;17.12.2019 00:00;;;;;;;;;;;;;;;;;;;;;;;;34;;;;26;26;5;;;;;
UEB;18.12.2019 00:00;;;;;;;;;;;;;;;;;;;;;;;;53;;;;32;131;27;;;;;
UEB;19.12.2019 00:00;;;;;;;;;;;;;;;;;;;;;;;;63;;;;21;261;55;;;;;
UEB;20.12.2019 00:00;;;;;;;;;;;;;;;;;;;;;;;;21;;;;14;21;4;;;;;
UEB;21.12.2019 00:00;;;;;;;;;;;;;;;;;;;;;;;;29;;;;22;5;1;;;;;
UEB;22.12.2019 00:00;;;;;;;;;;;;;;;;;;;;;;;;14;;;;7;42;9;;;;;
UEB;23.12.2019 00:00;;;;;;;;;;;;;;;;;;;;;;;;11;;;;5;1;0;;;;;
UEB;24.12.2019 00:00;;;;;;;;;;;;;;;;;;;;;;;;14;;;;8;4;1;;;;;
UEB;25.12.2019 00:00;;;;;;;;;;;;;;;;;;;;;;;;17;;;;10;20;4;;;;;
UEB;26.12.2019 00:00;;;;;;;;;;;;;;;;;;;;;;;;41;;;;34;8;2;;;;;
UEB;27.12.2019 00:00;;;;;;;;;;;;;;;;;;;;;;;;14;;;;9;0;0;;;;;
UEB;28.12.2019 00:00;;;;;;;;;;;;;;;;;;;;;;;;47;;;;36;77;16;;;;;
UEB;29.12.2019 00:00;;;;;;;;;;;;;;;;;;;;;;;;87;;;;25;445;92;;;;;
UEB;30.12.2019 00:00;;;;;;;;;;;;;;;;;;;;;;;;85;;;;25;443;91;;;;;
UEB;31.12.2019 00:00;;;;;;;;;;;;;;;;;;;;;;;;77;;;;34;278;57;;;;;
UEB;01.01.2020 00:00;;;;;;;;;;;;;;;;;;;;;;;;93;;;;28;447;92;;;;;
UEB;02.01.2020 00:00;;;;;;;;;;;;;;;;;;;;;;;;89;;;;27;450;92;;;;;
UEB;03.01.2020 00:00;;;;;;;;;;;;;;;;;;;;;;;;60;;;;35;182;37;;;;;
UEB;04.01.2020 00:00;;;;;;;;;;;;;;;;;;;;;;;;20;;;;13;9;2;;;;;
UEB;05.01.2020 00:00;;;;;;;;;;;;;;;;;;;;;;;;85;;;;22;455;92;;;;;
UEB;06.01.2020 00:00;;;;;;;;;;;;;;;;;;;;;;;;89;;;;23;457;93;;;;;
UEB;07.01.2020 00:00;;;;;;;;;;;;;;;;;;;;;;;;41;;;;24;102;21;;;;;
UEB;08.01.2020 00:00;;;;;;;;;;;;;;;;;;;;;;;;68;;;;38;253;51;;;;;
UEB;09.01.2020 00:00;;;;;;;;;;;;;;;;;;;;;;;;81;;;;28;427;86;;;;;
UEB;10.01.2020 00:00;;;;;;;;;;;;;;;;;;;;;;;;65;;;;34;172;35;;;;;
UEB;11.01.2020 00:00;;;;;;;;;;;;;;;;;;;;;;;;42;;;;29;53;11;;;;;
UEB;12.01.2020 00:00;;;;;;;;;;;;;;;;;;;;;;;;92;;;;26;425;86;;;;;
UEB;13.01.2020 00:00;;;;;;;;;;;;;;;;;;;;;;;;62;;;;45;120;24;;;;;
UEB;14.01.2020 00:00;;;;;;;;;;;;;;;;;;;;;;;;91;;;;29;406;81;;;;;
UEB;15.01.2020 00:00;;;;;;;;;;;;;;;;;;;;;;;;92;;;;23;415;83;;;;;
UEB;16.01.2020 00:00;;;;;;;;;;;;;;;;;;;;;;;;91;;;;23;494;98;;;;;
UEB;17.01.2020 00:00;;;;;;;;;;;;;;;;;;;;;;;;45;;;;27;142;28;;;;;
UEB;18.01.2020 00:00;;;;;;;;;;;;;;;;;;;;;;;;76;;;;40;201;39;;;;;
UEB;19.01.2020 00:00;;;;;;;;;;;;;;;;;;;;;;;;62;;;;34;197;38;;;;;
UEB;20.01.2020 00:00;;;;;;;;;;;;;;;;;;;;;;;;100;;;;37;322;62;;;;;
UEB;21.01.2020 00:00;;;;;;;;;;;;;;;;;;;;;;;;103;;;;27;501;97;;;;;
UEB;22.01.2020 00:00;;;;;;;;;;;;;;;;;;;;;;;;109;;;;28;514;99;;;;;
UEB;23.01.2020 00:00;;;;;;;;;;;;;;;;;;;;;;;;80;;;;62;74;14;;;;;
UEB;24.01.2020 00:00;;;;;;;;;;;;;;;;;;;;;;;;97;;;;47;400;76;;;;;
UEB;25.01.2020 00:00;;;;;;;;;;;;;;;;;;;;;;;;96;;;;41;410;78;;;;;
UEB;26.01.2020 00:00;;;;;;;;;;;;;;;;;;;;;;;;97;;;;38;370;70;;;;;
UEB;27.01.2020 00:00;;;;;;;;;;;;;;;;;;;;;;;;74;;;;36;284;53;;;;;
UEB;28.01.2020 00:00;;;;;;;;;;;;;;;;;;;;;;;;28;;;;22;3;1;;;;;
UEB;29.01.2020 00:00;;;;;;;;;;;;;;;;;;;;;;;;19;;;;16;1;0;;;;;
UEB;30.01.2020 00:00;;;;;;;;;;;;;;;;;;;;;;;;92;;;;49;293;54;;;;;
UEB;31.01.2020 00:00;;;;;;;;;;;;;;;;;;;;;;;;75;;;;41;236;44;;;;;
UEB;01.02.2020 00:00;;;;;;;;;;;;;;;;;;;;;;;;58;;;;36;183;34;;;;;
UEB;02.02.2020 00:00;;;;;;;;;;;;;;;;;;;;;;;;18;;;;14;0;0;;;;;
UEB;03.02.2020 00:00;;;;;;;;;;;;;;;;;;;;;;;;14;;;;10;0;0;;;;;
UEB;04.02.2020 00:00;;;;;;;;;;;;;;;;;;;;;;;;38;;;;31;6;1;;;;;
UEB;05.02.2020 00:00;;;;;;;;;;;;;;;;;;;;;;;;92;;;;43;255;46;;;;;
UEB;06.02.2020 00:00;;;;;;;;;;;;;;;;;;;;;;;;125;;;;37;539;96;;;;;
UEB;07.02.2020 00:00;;;;;;;;;;;;;;;;;;;;;;;;135;;;;28;562;99;;;;;
UEB;08.02.2020 00:00;;;;;;;;;;;;;;;;;;;;;;;;115;;;;58;435;76;;;;;
UEB;09.02.2020 00:00;;;;;;;;;;;;;;;;;;;;;;;;127;;;;44;431;75;;;;;
UEB;10.02.2020 00:00;;;;;;;;;;;;;;;;;;;;;;;;45;;;;31;56;10;;;;;
UEB;11.02.2020 00:00;;;;;;;;;;;;;;;;;;;;;;;;33;;;;26;7;1;;;;;
UEB;12.02.2020 00:00;;;;;;;;;;;;;;;;;;;;;;;;40;;;;31;18;3;;;;;
UEB;13.02.2020 00:00;;;;;;;;;;;;;;;;;;;;;;;;44;;;;36;23;4;;;;;
UEB;14.02.2020 00:00;;;;;;;;;;;;;;;;;;;;;;;;67;;;;48;92;16;;;;;
UEB;15.02.2020 00:00;;;;;;;;;;;;;;;;;;;;;;;;141;;;;45;514;88;;;;;
UEB;16.02.2020 00:00;;;;;;;;;;;;;;;;;;;;;;;;76;;;;59;60;10;;;;;
UEB;17.02.2020 00:00;;;;;;;;;;;;;;;;;;;;;;;;50;;;;38;73;12;;;;;
UEB;18.02.2020 00:00;;;;;;;;;;;;;;;;;;;;;;;;139;;;;57;420;70;;;;;
UEB;19.02.2020 00:00;;;;;;;;;;;;;;;;;;;;;;;;69;;;;41;106;18;;;;;
UEB;20.02.2020 00:00;;;;;;;;;;;;;;;;;;;;;;;;139;;;;51;449;74;;;;;
UEB;21.02.2020 00:00;;;;;;;;;;;;;;;;;;;;;;;;134;;;;56;350;58;;;;;
UEB;22.02.2020 00:00;;;;;;;;;;;;;;;;;;;;;;;;163;;;;44;560;92;;;;;
UEB;23.02.2020 00:00;;;;;;;;;;;;;;;;;;;;;;;;48;;;;40;5;1;;;;;
UEB;24.02.2020 00:00;;;;;;;;;;;;;;;;;;;;;;;;157;;;;43;457;75;;;;;
UEB;25.02.2020 00:00;;;;;;;;;;;;;;;;;;;;;;;;60;;;;46;62;10;;;;;
UEB;26.02.2020 00:00;;;;;;;;;;;;;;;;;;;;;;;;75;;;;54;58;9;;;;;
UEB;27.02.2020 00:00;;;;;;;;;;;;;;;;;;;;;;;;45;;;;30;113;18;;;;;
UEB;28.02.2020 00:00;;;;;;;;;;;;;;;;;;;;;;;;171;;;;39;459;73;;;;;
UEB;29.02.2020 00:00;;;;;;;;;;;;;;;;;;;;;;;;108;;;;79;94;15;;;;;
UEB;01.03.2020 00:00;;;;;;;;;;;;;;;;;;;;;;;;177;;;;42;464;73;;;;;
UEB;02.03.2020 00:00;;;;;;;;;;;;;;;;;;;;;;;;46;;;;40;5;1;;;;;
UEB;03.03.2020 00:00;;;;;;;;;;;;;;;;;;;;;;;;140;;;;68;265;42;;;;;
UEB;04.03.2020 00:00;;;;;;;;;;;;;;;;;;;;;;;;142;;;;70;248;39;;;;;
UEB;05.03.2020 00:00;;;;;;;;;;;;;;;;;;;;;;;;23;;;;19;0;0;;;;;
UEB;06.03.2020 00:00;;;;;;;;;;;;;;;;;;;;;;;;30;;;;23;2;0;;;;;
UEB;07.03.2020 00:00;;;;;;;;;;;;;;;;;;;;;;;;89;;;;60;90;14;;;;;
UEB;08.03.2020 00:00;;;;;;;;;;;;;;;;;;;;;;;;180;;;;81;476;73;;;;;
UEB;09.03.2020 00:00;;;;;;;;;;;;;;;;;;;;;;;;84;;;;64;86;13;;;;;
UEB;10.03.2020 00:00;;;;;;;;;;;;;;;;;;;;;;;;27;;;;23;2;0;;;;;
UEB;11.03.2020 00:00;;;;;;;;;;;;;;;;;;;;;;;;114;;;;78;143;22;;;;;
UEB;12.03.2020 00:00;;;;;;;;;;;;;;;;;;;;;;;;122;;;;84;163;24;;;;;
UEB;13.03.2020 00:00;;;;;;;;;;;;;;;;;;;;;;;;144;;;;57;323;48;;;;;
UEB;14.03.2020 00:00;;;;;;;;;;;;;;;;;;;;;;;;110;;;;86;121;18;;;;;
UEB;15.03.2020 00:00;;;;;;;;;;;;;;;;;;;;;;;;221;;;;37;677;100;;;;;
UEB;16.03.2020 00:00;;;;;;;;;;;;;;;;;;;;;;;;218;;;;43;658;96;;;;;
UEB;17.03.2020 00:00;;;;;;;;;;;;;;;;;;;;;;;;185;;;;99;379;55;;;;;
UEB;18.03.2020 00:00;;;;;;;;;;;;;;;;;;;;;;;;222;;;;41;686;100;;;;;
UEB;19.03.2020 00:00;;;;;;;;;;;;;;;;;;;;;;;;223;;;;49;684;99;;;;;
UEB;20.03.2020 00:00;;;;;;;;;;;;;;;;;;;;;;;;208;;;;88;477;69;;;;;
UEB;21.03.2020 00:00;;;;;;;;;;;;;;;;;;;;;;;;82;;;;78;0;0;;;;;
UEB;22.03.2020 00:00;;;;;;;;;;;;;;;;;;;;;;;;78;;;;42;195;28;;;;;
UEB;23.03.2020 00:00;;;;;;;;;;;;;;;;;;;;;;;;247;;;;49;635;90;;;;;
UEB;24.03.2020 00:00;;;;;;;;;;;;;;;;;;;;;;;;258;;;;44;717;100;;;;;
UEB;25.03.2020 00:00;;;;;;;;;;;;;;;;;;;;;;;;240;;;;57;603;84;;;;;
UEB;26.03.2020 00:00;;;;;;;;;;;;;;;;;;;;;;;;182;;;;92;332;46;;;;;
UEB;27.03.2020 00:00;;;;;;;;;;;;;;;;;;;;;;;;220;;;;84;557;78;;;;;
UEB;28.03.2020 00:00;;;;;;;;;;;;;;;;;;;;;;;;244;;;;64;687;95;;;;;
UEB;29.03.2020 00:00;;;;;;;;;;;;;;;;;;;;;;;;69;;;;57;25;3;;;;;
UEB;30.03.2020 00:00;;;;;;;;;;;;;;;;;;;;;;;;35;;;;29;7;1;;;;;
UEB;31.03.2020 00:00;;;;;;;;;;;;;;;;;;;;;;;;276;;;;43;736;100;;;;;
UEB;01.04.2020 00:00;;;;;;;;;;;;;;;;;;;;;;;;278;;;;43;740;100;;;;;
UEB;02.04.2020 00:00;;;;;;;;;;;;;;;;;;;;;;;;269;;;;52;737;100;;;;;
UEB;03.04.2020 00:00;;;;;;;;;;;;;;;;;;;;;;;;273;;;;55;700;95;;;;;
UEB;04.04.2020 00:00;;;;;;;;;;;;;;;;;;;;;;;;278;;;;51;734;99;;;;;
UEB;05.04.2020 00:00;;;;;;;;;;;;;;;;;;;;;;;;289;;;;43;735;98;;;;;
UEB;06.04.2020 00:00;;;;;;;;;;;;;;;;;;;;;;;;282;;;;48;732;98;;;;;
UEB;07.04.2020 00:00;;;;;;;;;;;;;;;;;;;;;;;;283;;;;50;732;97;;;;;
UEB;08.04.2020 00:00;;;;;;;;;;;;;;;;;;;;;;;;280;;;;51;735;97;;;;;
UEB;09.04.2020 00:00;;;;;;;;;;;;;;;;;;;;;;;;255;;;;69;546;72;;;;;
UEB;10.04.2020 00:00;;;;;;;;;;;;;;;;;;;;;;;;286;;;;53;740;98;;;;;
UEB;11.04.2020 00:00;;;;;;;;;;;;;;;;;;;;;;;;287;;;;55;739;97;;;;;
UEB;12.04.2020 00:00;;;;;;;;;;;;;;;;;;;;;;;;265;;;;66;574;75;;;;;
UEB;13.04.2020 00:00;;;;;;;;;;;;;;;;;;;;;;;;256;;;;89;527;69;;;;;
UEB;14.04.2020 00:00;;;;;;;;;;;;;;;;;;;;;;;;310;;;;49;751;97;;;;;
UEB;15.04.2020 00:00;;;;;;;;;;;;;;;;;;;;;;;;303;;;;51;764;98;;;;;
UEB;16.04.2020 00:00;;;;;;;;;;;;;;;;;;;;;;;;286;;;;80;734;94;;;;;
UEB;17.04.2020 00:00;;;;;;;;;;;;;;;;;;;;;;;;282;;;;73;681;87;;;;;
UEB;18.04.2020 00:00;;;;;;;;;;;;;;;;;;;;;;;;292;;;;57;735;93;;;;;
UEB;19.04.2020 00:00;;;;;;;;;;;;;;;;;;;;;;;;222;;;;134;378;48;;;;;
UEB;20.04.2020 00:00;;;;;;;;;;;;;;;;;;;;;;;;252;;;;101;489;62;;;;;
UEB;21.04.2020 00:00;;;;;;;;;;;;;;;;;;;;;;;;157;;;;122;88;11;;;;;
UEB;22.04.2020 00:00;;;;;;;;;;;;;;;;;;;;;;;;317;;;;47;780;98;;;;;
UEB;23.04.2020 00:00;;;;;;;;;;;;;;;;;;;;;;;;319;;;;50;786;98;;;;;
UEB;24.04.2020 00:00;;;;;;;;;;;;;;;;;;;;;;;;285;;;;100;603;75;;;;;
UEB;25.04.2020 00:00;;;;;;;;;;;;;;;;;;;;;;;;267;;;;91;575;71;;;;;
UEB;26.04.2020 00:00;;;;;;;;;;;;;;;;;;;;;;;;249;;;;80;407;50;;;;;
UEB;27.04.2020 00:00;;;;;;;;;;;;;;;;;;;;;;;;313;;;;53;760;94;;;;;
UEB;28.04.2020 00:00;;;;;;;;;;;;;;;;;;;;;;;;65;;;;58;0;0;;;;;
UEB;29.04.2020 00:00;;;;;;;;;;;;;;;;;;;;;;;;179;;;;100;190;23;;;;;
UEB;30.04.2020 00:00;;;;;;;;;;;;;;;;;;;;;;;;50;;;;44;3;0;;;;;
UEB;01.05.2020 00:00;;;;;;;;;;;;;;;;;;;;;;;;84;;;;70;24;3;;;;;
UEB;02.05.2020 00:00;;;;;;;;;;;;;;;;;;;;;;;;104;;;;94;4;0;;;;;
UEB;03.05.2020 00:00;;;;;;;;;;;;;;;;;;;;;;;;269;;;;116;487;59;;;;;
UEB;04.05.2020 00:00;;;;;;;;;;;;;;;;;;;;;;;;275;;;;94;474;57;;;;;
UEB;05.05.2020 00:00;;;;;;;;;;;;;;;;;;;;;;;;42;;;;37;0;0;;;;;
UEB;06.05.2020 00:00;;;;;;;;;;;;;;;;;;;;;;;;253;;;;101;445;53;;;;;
UEB;07.05.2020 00:00;;;;;;;;;;;;;;;;;;;;;;;;352;;;;40;817;97;;;;;
UEB;08.05.2020 00:00;;;;;;;;;;;;;;;;;;;;;;;;308;;;;98;712;84;;;;;
UEB;09.05.2020 00:00;;;;;;;;;;;;;;;;;;;;;;;;327;;;;71;738;87;;;;;
UEB;10.05.2020 00:00;;;;;;;;;;;;;;;;;;;;;;;;283;;;;67;485;57;;;;;
UEB;11.05.2020 00:00;;;;;;;;;;;;;;;;;;;;;;;;66;;;;56;28;3;;;;;
UEB;12.05.2020 00:00;;;;;;;;;;;;;;;;;;;;;;;;188;;;;131;125;15;;;;;
UEB;13.05.2020 00:00;;;;;;;;;;;;;;;;;;;;;;;;98;;;;91;7;1;;;;;
UEB;14.05.2020 00:00;;;;;;;;;;;;;;;;;;;;;;;;61;;;;56;0;0;;;;;
UEB;15.05.2020 00:00;;;;;;;;;;;;;;;;;;;;;;;;91;;;;79;34;4;;;;;
UEB;16.05.2020 00:00;;;;;;;;;;;;;;;;;;;;;;;;288;;;;132;472;55;;;;;
UEB;17.05.2020 00:00;;;;;;;;;;;;;;;;;;;;;;;;357;;;;49;867;100;;;;;
UEB;18.05.2020 00:00;;;;;;;;;;;;;;;;;;;;;;;;354;;;;46;867;100;;;;;
UEB;19.05.2020 00:00;;;;;;;;;;;;;;;;;;;;;;;;325;;;;64;672;77;;;;;
UEB;20.05.2020 00:00;;;;;;;;;;;;;;;;;;;;;;;;284;;;;85;639;73;;;;;
UEB;21.05.2020 00:00;;;;;;;;;;;;;;;;;;;;;;;;348;;;;47;816;93;;;;;
UEB;22.05.2020 00:00;;;;;;;;;;;;;;;;;;;;;;;;255;;;;146;433;50;;;;;
UEB;23.05.2020 00:00;;;;;;;;;;;;;;;;;;;;;;;;112;;;;60;153;17;;;;;
UEB;24.05.2020 00:00;;;;;;;;;;;;;;;;;;;;;;;;294;;;;126;500;57;;;;;
UEB;25.05.2020 00:00;;;;;;;;;;;;;;;;;;;;;;;;326;;;;97;738;84;;;;;
UEB;26.05.2020 00:00;;;;;;;;;;;;;;;;;;;;;;;;334;;;;100;817;92;;;;;
UEB;27.05.2020 00:00;;;;;;;;;;;;;;;;;;;;;;;;373;;;;44;888;100;;;;;
UEB;28.05.2020 00:00;;;;;;;;;;;;;;;;;;;;;;;;293;;;;101;490;55;;;;;
UEB;29.05.2020 00:00;;;;;;;;;;;;;;;;;;;;;;;;362;;;;57;864;97;;;;;
UEB;30.05.2020 00:00;;;;;;;;;;;;;;;;;;;;;;;;332;;;;106;806;90;;;;;
UEB;31.05.2020 00:00;;;;;;;;;;;;;;;;;;;;;;;;359;;;;61;893;100;;;;;
UEB;01.06.2020 00:00;;;;;;;;;;;;;;;;;;;;;;;;367;;;;43;896;100;;;;;
UEB;02.06.2020 00:00;;;;;;;;;;;;;;;;;;;;;;;;368;;;;50;889;99;;;;;
UEB;03.06.2020 00:00;;;;;;;;;;;;;;;;;;;;;;;;306;;;;87;585;65;;;;;
UEB;04.06.2020 00:00;;;;;;;;;;;;;;;;;;;;;;;;44;;;;39;0;0;;;;;
UEB;05.06.2020 00:00;;;;;;;;;;;;;;;;;;;;;;;;105;;;;92;39;4;;;;;
UEB;06.06.2020 00:00;;;;;;;;;;;;;;;;;;;;;;;;140;;;;111;53;6;;;;;
UEB;07.06.2020 00:00;;;;;;;;;;;;;;;;;;;;;;;;91;;;;82;5;1;;;;;
UEB;08.06.2020 00:00;;;;;;;;;;;;;;;;;;;;;;;;206;;;;159;86;10;;;;;
UEB;09.06.2020 00:00;;;;;;;;;;;;;;;;;;;;;;;;74;;;;67;0;0;;;;;
UEB;10.06.2020 00:00;;;;;;;;;;;;;;;;;;;;;;;;76;;;;68;0;0;;;;;
UEB;11.06.2020 00:00;;;;;;;;;;;;;;;;;;;;;;;;221;;;;116;318;35;;;;;
UEB;12.06.2020 00:00;;;;;;;;;;;;;;;;;;;;;;;;372;;;;44;905;100;;;;;
UEB;13.06.2020 00:00;;;;;;;;;;;;;;;;;;;;;;;;260;;;;83;356;39;;;;;
UEB;14.06.2020 00:00;;;;;;;;;;;;;;;;;;;;;;;;54;;;;51;0;0;;;;;
UEB;15.06.2020 00:00;;;;;;;;;;;;;;;;;;;;;;;;160;;;;113;124;14;;;;;
UEB;16.06.2020 00:00;;;;;;;;;;;;;;;;;;;;;;;;228;;;;155;228;25;;;;;
UEB;17.06.2020 00:00;;;;;;;;;;;;;;;;;;;;;;;;68;;;;64;0;0;;;;;
UEB;18.06.2020 00:00;;;;;;;;;;;;;;;;;;;;;;;;214;;;;99;370;41;;;;;
UEB;19.06.2020 00:00;;;;;;;;;;;;;;;;;;;;;;;;113;;;;101;30;3;;;;;
UEB;20.06.2020 00:00;;;;;;;;;;;;;;;;;;;;;;;;269;;;;136;454;50;;;;;
UEB;21.06.2020 00:00;;;;;;;;;;;;;;;;;;;;;;;;279;;;;94;585;64;;;;;
UEB;22.06.2020 00:00;;;;;;;;;;;;;;;;;;;;;;;;211;;;;109;241;26;;;;;
UEB;23.06.2020 00:00;;;;;;;;;;;;;;;;;;;;;;;;369;;;;47;910;100;;;;;
UEB;24.06.2020 00:00;;;;;;;;;;;;;;;;;;;;;;;;374;;;;45;910;100;;;;;
UEB;25.06.2020 00:00;;;;;;;;;;;;;;;;;;;;;;;;366;;;;49;906;100;;;;;
UEB;26.06.2020 00:00;;;;;;;;;;;;;;;;;;;;;;;;209;;;;117;292;32;;;;;
UEB;27.06.2020 00:00;;;;;;;;;;;;;;;;;;;;;;;;263;;;;86;519;57;;;;;
UEB;28.06.2020 00:00;;;;;;;;;;;;;;;;;;;;;;;;152;;;;111;107;12;;;;;
UEB;29.06.2020 00:00;;;;;;;;;;;;;;;;;;;;;;;;190;;;;104;316;35;;;;;
UEB;30.06.2020 00:00;;;;;;;;;;;;;;;;;;;;;;;;354;;;;53;887;98;;;;;
UEB;01.07.2020 00:00;;;;;;;;;;;;;;;;;;;;;;;;357;;;;84;849;94;;;;;
UEB;02.07.2020 00:00;;;;;;;;;;;;;;;;;;;;;;;;186;;;;113;178;20;;;;;
UEB;03.07.2020 00:00;;;;;;;;;;;;;;;;;;;;;;;;103;;;;94;2;0;;;;;
UEB;04.07.2020 00:00;;;;;;;;;;;;;;;;;;;;;;;;318;;;;87;627;69;;;;;
UEB;05.07.2020 00:00;;;;;;;;;;;;;;;;;;;;;;;;339;;;;58;854;95;;;;;
UEB;06.07.2020 00:00;;;;;;;;;;;;;;;;;;;;;;;;158;;;;102;334;37;;;;;
UEB;07.07.2020 00:00;;;;;;;;;;;;;;;;;;;;;;;;372;;;;45;895;99;;;;;
UEB;08.07.2020 00:00;;;;;;;;;;;;;;;;;;;;;;;;359;;;;51;807;90;;;;;
UEB;09.07.2020 00:00;;;;;;;;;;;;;;;;;;;;;;;;333;;;;76;816;91;;;;;
UEB;10.07.2020 00:00;;;;;;;;;;;;;;;;;;;;;;;;302;;;;110;649;72;;;;;
UEB;11.07.2020 00:00;;;;;;;;;;;;;;;;;;;;;;;;132;;;;83;166;19;;;;;
UEB;12.07.2020 00:00;;;;;;;;;;;;;;;;;;;;;;;;361;;;;55;859;96;;;;;
UEB;13.07.2020 00:00;;;;;;;;;;;;;;;;;;;;;;;;350;;;;68;879;99;;;;;
UEB;14.07.2020 00:00;;;;;;;;;;;;;;;;;;;;;;;;341;;;;81;691;78;;;;;
UEB;15.07.2020 00:00;;;;;;;;;;;;;;;;;;;;;;;;108;;;;98;9;1;;;;;
UEB;16.07.2020 00:00;;;;;;;;;;;;;;;;;;;;;;;;56;;;;50;0;0;;;;;
UEB;17.07.2020 00:00;;;;;;;;;;;;;;;;;;;;;;;;123;;;;112;3;0;;;;;
UEB;18.07.2020 00:00;;;;;;;;;;;;;;;;;;;;;;;;333;;;;61;836;95;;;;;
UEB;19.07.2020 00:00;;;;;;;;;;;;;;;;;;;;;;;;350;;;;53;838;95;;;;;
UEB;20.07.2020 00:00;;;;;;;;;;;;;;;;;;;;;;;;347;;;;54;853;97;;;;;
UEB;21.07.2020 00:00;;;;;;;;;;;;;;;;;;;;;;;;226;;;;136;324;37;;;;;
UEB;22.07.2020 00:00;;;;;;;;;;;;;;;;;;;;;;;;247;;;;110;383;44;;;;;
UEB;23.07.2020 00:00;;;;;;;;;;;;;;;;;;;;;;;;294;;;;89;621;71;;;;;
UEB;24.07.2020 00:00;;;;;;;;;;;;;;;;;;;;;;;;129;;;;97;151;17;;;;;
UEB;25.07.2020 00:00;;;;;;;;;;;;;;;;;;;;;;;;328;;;;67;712;82;;;;;
UEB;26.07.2020 00:00;;;;;;;;;;;;;;;;;;;;;;;;248;;;;117;449;52;;;;;
UEB;27.07.2020 00:00;;;;;;;;;;;;;;;;;;;;;;;;334;;;;37;857;100;;;;;
UEB;28.07.2020 00:00;;;;;;;;;;;;;;;;;;;;;;;;248;;;;80;495;58;;;;;
UEB;29.07.2020 00:00;;;;;;;;;;;;;;;;;;;;;;;;318;;;;72;728;85;;;;;
UEB;30.07.2020 00:00;;;;;;;;;;;;;;;;;;;;;;;;325;;;;52;824;97;;;;;
UEB;31.07.2020 00:00;;;;;;;;;;;;;;;;;;;;;;;;321;;;;55;817;96;;;;;
UEB;01.08.2020 00:00;;;;;;;;;;;;;;;;;;;;;;;;207;;;;117;429;51;;;;;
UEB;02.08.2020 00:00;;;;;;;;;;;;;;;;;;;;;;;;128;;;;110;30;4;;;;;
UEB;03.08.2020 00:00;;;;;;;;;;;;;;;;;;;;;;;;59;;;;52;2;0;;;;;
UEB;04.08.2020 00:00;;;;;;;;;;;;;;;;;;;;;;;;96;;;;85;6;1;;;;;
UEB;05.08.2020 00:00;;;;;;;;;;;;;;;;;;;;;;;;326;;;;57;797;95;;;;;
UEB;06.08.2020 00:00;;;;;;;;;;;;;;;;;;;;;;;;329;;;;40;830;100;;;;;
UEB;07.08.2020 00:00;;;;;;;;;;;;;;;;;;;;;;;;323;;;;41;822;99;;;;;
UEB;08.08.2020 00:00;;;;;;;;;;;;;;;;;;;;;;;;322;;;;42;811;98;;;;;
UEB;09.08.2020 00:00;;;;;;;;;;;;;;;;;;;;;;;;321;;;;44;811;98;;;;;
UEB;10.08.2020 00:00;;;;;;;;;;;;;;;;;;;;;;;;290;;;;74;608;74;;;;;
UEB;11.08.2020 00:00;;;;;;;;;;;;;;;;;;;;;;;;307;;;;74;756;92;;;;;
UEB;12.08.2020 00:00;;;;;;;;;;;;;;;;;;;;;;;;269;;;;79;583;71;;;;;
UEB;13.08.2020 00:00;;;;;;;;;;;;;;;;;;;;;;;;140;;;;76;253;31;;;;;
UEB;14.08.2020 00:00;;;;;;;;;;;;;;;;;;;;;;;;158;;;;105;133;16;;;;;
UEB;15.08.2020 00:00;;;;;;;;;;;;;;;;;;;;;;;;250;;;;89;578;72;;;;;
UEB;16.08.2020 00:00;;;;;;;;;;;;;;;;;;;;;;;;279;;;;80;673;83;;;;;
UEB;17.08.2020 00:00;;;;;;;;;;;;;;;;;;;;;;;;200;;;;71;354;44;;;;;
UEB;18.08.2020 00:00;;;;;;;;;;;;;;;;;;;;;;;;225;;;;82;482;60;;;;;
UEB;19.08.2020 00:00;;;;;;;;;;;;;;;;;;;;;;;;245;;;;105;512;64;;;;;
UEB;20.08.2020 00:00;;;;;;;;;;;;;;;;;;;;;;;;283;;;;44;661;83;;;;;
UEB;21.08.2020 00:00;;;;;;;;;;;;;;;;;;;;;;;;291;;;;41;769;97;;;;;
UEB;22.08.2020 00:00;;;;;;;;;;;;;;;;;;;;;;;;88;;;;59;80;10;;;;;
UEB;23.08.2020 00:00;;;;;;;;;;;;;;;;;;;;;;;;174;;;;99;226;29;;;;;
UEB;24.08.2020 00:00;;;;;;;;;;;;;;;;;;;;;;;;239;;;;93;476;60;;;;;
UEB;25.08.2020 00:00;;;;;;;;;;;;;;;;;;;;;;;;241;;;;111;463;59;;;;;
UEB;26.08.2020 00:00;;;;;;;;;;;;;;;;;;;;;;;;278;;;;73;544;70;;;;;
UEB;27.08.2020 00:00;;;;;;;;;;;;;;;;;;;;;;;;232;;;;113;479;62;;;;;
UEB;28.08.2020 00:00;;;;;;;;;;;;;;;;;;;;;;;;120;;;;77;176;23;;;;;
UEB;29.08.2020 00:00;;;;;;;;;;;;;;;;;;;;;;;;29;;;;24;0;0;;;;;
UEB;30.08.2020 00:00;;;;;;;;;;;;;;;;;;;;;;;;20;;;;16;0;0;;;;;
UEB;31.08.2020 00:00;;;;;;;;;;;;;;;;;;;;;;;;148;;;;95;149;20;;;;;
UEB;01.09.2020 00:00;;;;;;;;;;;;;;;;;;;;;;;;115;;;;92;77;10;;;;;
UEB;02.09.2020 00:00;;;;;;;;;;;;;;;;;;;;;;;;222;;;;109;412;55;;;;;
UEB;03.09.2020 00:00;;;;;;;;;;;;;;;;;;;;;;;;267;;;;46;683;91;;;;;
UEB;04.09.2020 00:00;;;;;;;;;;;;;;;;;;;;;;;;263;;;;35;736;98;;;;;
UEB;05.09.2020 00:00;;;;;;;;;;;;;;;;;;;;;;;;227;;;;82;529;71;;;;;
UEB;06.09.2020 00:00;;;;;;;;;;;;;;;;;;;;;;;;37;;;;32;0;0;;;;;
UEB;07.09.2020 00:00;;;;;;;;;;;;;;;;;;;;;;;;182;;;;90;361;49;;;;;
UEB;08.09.2020 00:00;;;;;;;;;;;;;;;;;;;;;;;;261;;;;37;738;100;;;;;
UEB;09.09.2020 00:00;;;;;;;;;;;;;;;;;;;;;;;;255;;;;37;736;100;;;;;
UEB;10.09.2020 00:00;;;;;;;;;;;;;;;;;;;;;;;;247;;;;52;720;98;;;;;
UEB;11.09.2020 00:00;;;;;;;;;;;;;;;;;;;;;;;;243;;;;57;716;98;;;;;
UEB;12.09.2020 00:00;;;;;;;;;;;;;;;;;;;;;;;;201;;;;66;557;77;;;;;
UEB;13.09.2020 00:00;;;;;;;;;;;;;;;;;;;;;;;;243;;;;58;717;99;;;;;
UEB;14.09.2020 00:00;;;;;;;;;;;;;;;;;;;;;;;;238;;;;48;720;100;;;;;
UEB;15.09.2020 00:00;;;;;;;;;;;;;;;;;;;;;;;;235;;;;42;695;97;;;;;
UEB;16.09.2020 00:00;;;;;;;;;;;;;;;;;;;;;;;;175;;;;97;337;47;;;;;
UEB;17.09.2020 00:00;;;;;;;;;;;;;;;;;;;;;;;;224;;;;55;690;97;;;;;
UEB;18.09.2020 00:00;;;;;;;;;;;;;;;;;;;;;;;;171;;;;73;386;54;;;;;
UEB;19.09.2020 00:00;;;;;;;;;;;;;;;;;;;;;;;;150;;;;83;275;39;;;;;
UEB;20.09.2020 00:00;;;;;;;;;;;;;;;;;;;;;;;;193;;;;75;513;73;;;;;
UEB;21.09.2020 00:00;;;;;;;;;;;;;;;;;;;;;;;;213;;;;81;553;80;;;;;
UEB;22.09.2020 00:00;;;;;;;;;;;;;;;;;;;;;;;;128;;;;86;117;17;;;;;
UEB;23.09.2020 00:00;;;;;;;;;;;;;;;;;;;;;;;;89;;;;73;45;7;;;;;
UEB;24.09.2020 00:00;;;;;;;;;;;;;;;;;;;;;;;;110;;;;82;62;9;;;;;
UEB;25.09.2020 00:00;;;;;;;;;;;;;;;;;;;;;;;;29;;;;25;0;0;;;;;
UEB;26.09.2020 00:00;;;;;;;;;;;;;;;;;;;;;;;;40;;;;35;1;0;;;;;
UEB;27.09.2020 00:00;;;;;;;;;;;;;;;;;;;;;;;;116;;;;86;174;26;;;;;
UEB;28.09.2020 00:00;;;;;;;;;;;;;;;;;;;;;;;;195;;;;59;460;68;;;;;
UEB;29.09.2020 00:00;;;;;;;;;;;;;;;;;;;;;;;;41;;;;35;0;0;;;;;
UEB;30.09.2020 00:00;;;;;;;;;;;;;;;;;;;;;;;;184;;;;55;558;84;;;;;
UEB;01.10.2020 00:00;;;;;;;;;;;;;;;;;;;;;;;;129;;;;74;193;29;;;;;
UEB;02.10.2020 00:00;;;;;;;;;;;;;;;;;;;;;;;;57;;;;47;17;3;;;;;
UEB;03.10.2020 00:00;;;;;;;;;;;;;;;;;;;;;;;;117;;;;40;327;50;;;;;
UEB;04.10.2020 00:00;;;;;;;;;;;;;;;;;;;;;;;;164;;;;51;336;51;;;;;
UEB;05.10.2020 00:00;;;;;;;;;;;;;;;;;;;;;;;;72;;;;60;40;6;;;;;
UEB;06.10.2020 00:00;;;;;;;;;;;;;;;;;;;;;;;;87;;;;61;85;13;;;;;
UEB;07.10.2020 00:00;;;;;;;;;;;;;;;;;;;;;;;;59;;;;50;22;3;;;;;
UEB;08.10.2020 00:00;;;;;;;;;;;;;;;;;;;;;;;;161;;;;56;398;62;;;;;
UEB;09.10.2020 00:00;;;;;;;;;;;;;;;;;;;;;;;;153;;;;66;368;58;;;;;
UEB;10.10.2020 00:00;;;;;;;;;;;;;;;;;;;;;;;;34;;;;30;0;0;;;;;
UEB;11.10.2020 00:00;;;;;;;;;;;;;;;;;;;;;;;;86;;;;55;152;24;;;;;
UEB;12.10.2020 00:00;;;;;;;;;;;;;;;;;;;;;;;;66;;;;59;3;0;;;;;
UEB;13.10.2020 00:00;;;;;;;;;;;;;;;;;;;;;;;;127;;;;71;342;54;;;;;
UEB;14.10.2020 00:00;;;;;;;;;;;;;;;;;;;;;;;;155;;;;64;390;63;;;;;
UEB;15.10.2020 00:00;;;;;;;;;;;;;;;;;;;;;;;;22;;;;18;0;0;;;;;
UEB;16.10.2020 00:00;;;;;;;;;;;;;;;;;;;;;;;;44;;;;41;0;0;;;;;
UEB;17.10.2020 00:00;;;;;;;;;;;;;;;;;;;;;;;;68;;;;56;19;3;;;;;
UEB;18.10.2020 00:00;;;;;;;;;;;;;;;;;;;;;;;;91;;;;71;40;7;;;;;
UEB;19.10.2020 00:00;;;;;;;;;;;;;;;;;;;;;;;;140;;;;58;456;75;;;;;
UEB;20.10.2020 00:00;;;;;;;;;;;;;;;;;;;;;;;;118;;;;75;181;30;;;;;
UEB;21.10.2020 00:00;;;;;;;;;;;;;;;;;;;;;;;;53;;;;41;26;4;;;;;
UEB;22.10.2020 00:00;;;;;;;;;;;;;;;;;;;;;;;;95;;;;59;145;24;;;;;
UEB;23.10.2020 00:00;;;;;;;;;;;;;;;;;;;;;;;;20;;;;16;0;0;;;;;
UEB;24.10.2020 00:00;;;;;;;;;;;;;;;;;;;;;;;;100;;;;52;262;44;;;;;
UEB;25.10.2020 00:00;;;;;;;;;;;;;;;;;;;;;;;;137;;;;48;480;81;;;;;
UEB;26.10.2020 00:00;;;;;;;;;;;;;;;;;;;;;;;;12;;;;8;0;0;;;;;
UEB;27.10.2020 00:00;;;;;;;;;;;;;;;;;;;;;;;;88;;;;57;126;22;;;;;
UEB;28.10.2020 00:00;;;;;;;;;;;;;;;;;;;;;;;;63;;;;44;131;23;;;;;
UEB;29.10.2020 00:00;;;;;;;;;;;;;;;;;;;;;;;;19;;;;16;0;0;;;;;
UEB;30.10.2020 00:00;;;;;;;;;;;;;;;;;;;;;;;;121;;;;52;374;65;;;;;
UEB;31.10.2020 00:00;;;;;;;;;;;;;;;;;;;;;;;;141;;;;39;524;91;;;;;
UEB;01.11.2020 00:00;;;;;;;;;;;;;;;;;;;;;;;;39;;;;33;1;0;;;;;
UEB;02.11.2020 00:00;;;;;;;;;;;;;;;;;;;;;;;;113;;;;41;384;67;;;;;
UEB;03.11.2020 00:00;;;;;;;;;;;;;;;;;;;;;;;;25;;;;20;1;0;;;;;
UEB;04.11.2020 00:00;;;;;;;;;;;;;;;;;;;;;;;;21;;;;18;0;0;;;;;
UEB;05.11.2020 00:00;;;;;;;;;;;;;;;;;;;;;;;;28;;;;25;0;0;;;;;
UEB;06.11.2020 00:00;;;;;;;;;;;;;;;;;;;;;;;;64;;;;47;135;25;;;;;
UEB;07.11.2020 00:00;;;;;;;;;;;;;;;;;;;;;;;;111;;;;56;402;73;;;;;
UEB;08.11.2020 00:00;;;;;;;;;;;;;;;;;;;;;;;;89;;;;60;178;33;;;;;
UEB;09.11.2020 00:00;;;;;;;;;;;;;;;;;;;;;;;;114;;;;29;539;99;;;;;
UEB;10.11.2020 00:00;;;;;;;;;;;;;;;;;;;;;;;;100;;;;57;363;67;;;;;
UEB;11.11.2020 00:00;;;;;;;;;;;;;;;;;;;;;;;;114;;;;36;472;87;;;;;
UEB;12.11.2020 00:00;;;;;;;;;;;;;;;;;;;;;;;;103;;;;37;312;58;;;;;
UEB;13.11.2020 00:00;;;;;;;;;;;;;;;;;;;;;;;;105;;;;35;404;76;;;;;
UEB;14.11.2020 00:00;;;;;;;;;;;;;;;;;;;;;;;;108;;;;25;527;99;;;;;
UEB;15.11.2020 00:00;;;;;;;;;;;;;;;;;;;;;;;;100;;;;34;468;88;;;;;
UEB;16.11.2020 00:00;;;;;;;;;;;;;;;;;;;;;;;;59;;;;37;116;22;;;;;
UEB;17.11.2020 00:00;;;;;;;;;;;;;;;;;;;;;;;;94;;;;39;448;85;;;;;
UEB;18.11.2020 00:00;;;;;;;;;;;;;;;;;;;;;;;;105;;;;24;524;100;;;;;
UEB;19.11.2020 00:00;;;;;;;;;;;;;;;;;;;;;;;;19;;;;13;25;5;;;;;
UEB;20.11.2020 00:00;;;;;;;;;;;;;;;;;;;;;;;;39;;;;26;35;7;;;;;
UEB;21.11.2020 00:00;;;;;;;;;;;;;;;;;;;;;;;;97;;;;41;462;89;;;;;
UEB;22.11.2020 00:00;;;;;;;;;;;;;;;;;;;;;;;;90;;;;37;373;73;;;;;
UEB;23.11.2020 00:00;;;;;;;;;;;;;;;;;;;;;;;;74;;;;32;292;57;;;;;
UEB;24.11.2020 00:00;;;;;;;;;;;;;;;;;;;;;;;;102;;;;29;485;95;;;;;
UEB;25.11.2020 00:00;;;;;;;;;;;;;;;;;;;;;;;;100;;;;28;484;96;;;;;
UEB;26.11.2020 00:00;;;;;;;;;;;;;;;;;;;;;;;;97;;;;27;478;95;;;;;
UEB;27.11.2020 00:00;;;;;;;;;;;;;;;;;;;;;;;;99;;;;31;468;93;;;;;
UEB;28.11.2020 00:00;;;;;;;;;;;;;;;;;;;;;;;;78;;;;52;158;32;;;;;
UEB;29.11.2020 00:00;;;;;;;;;;;;;;;;;;;;;;;;12;;;;7;0;0;;;;;
UEB;30.11.2020 00:00;;;;;;;;;;;;;;;;;;;;;;;;13;;;;7;0;0;;;;;
UEB;01.12.2020 00:00;;;;;;;;;;;;;;;;;;;;;;;;12;;;;7;0;0;;;;;
UEB;02.12.2020 00:00;;;;;;;;;;;;;;;;;;;;;;;;9;;;;4;0;0;;;;;
UEB;03.12.2020 00:00;;;;;;;;;;;;;;;;;;;;;;;;60;;;;28;239;48;;;;;
UEB;04.12.2020 00:00;;;;;;;;;;;;;;;;;;;;;;;;22;;;;16;11;2;;;;;
UEB;05.12.2020 00:00;;;;;;;;;;;;;;;;;;;;;;;;20;;;;13;25;5;;;;;
UEB;06.12.2020 00:00;;;;;;;;;;;;;;;;;;;;;;;;18;;;;12;10;2;;;;;
UEB;07.12.2020 00:00;;;;;;;;;;;;;;;;;;;;;;;;39;;;;31;13;3;;;;;
UEB;08.12.2020 00:00;;;;;;;;;;;;;;;;;;;;;;;;51;;;;35;125;25;;;;;
UEB;09.12.2020 00:00;;;;;;;;;;;;;;;;;;;;;;;;17;;;;11;0;0;;;;;
UEB;10.12.2020 00:00;;;;;;;;;;;;;;;;;;;;;;;;17;;;;11;0;0;;;;;
UEB;11.12.2020 00:00;;;;;;;;;;;;;;;;;;;;;;;;41;;;;33;12;2;;;;;
UEB;12.12.2020 00:00;;;;;;;;;;;;;;;;;;;;;;;;22;;;;17;0;0;;;;;
UEB;13.12.2020 00:00;;;;;;;;;;;;;;;;;;;;;;;;21;;;;15;0;0;;;;;
UEB;14.12.2020 00:00;;;;;;;;;;;;;;;;;;;;;;;;66;;;;35;269;56;;;;;
UEB;15.12.2020 00:00;;;;;;;;;;;;;;;;;;;;;;;;23;;;;16;5;1;;;;;
UEB;16.12.2020 00:00;;;;;;;;;;;;;;;;;;;;;;;;80;;;;26;355;74;;;;;
UEB;17.12.2020 00:00;;;;;;;;;;;;;;;;;;;;;;;;51;;;;30;204;43;;;;;
UEB;18.12.2020 00:00;;;;;;;;;;;;;;;;;;;;;;;;78;;;;22;439;92;;;;;
UEB;19.12.2020 00:00;;;;;;;;;;;;;;;;;;;;;;;;76;;;;21;385;81;;;;;
UEB;20.12.2020 00:00;;;;;;;;;;;;;;;;;;;;;;;;66;;;;35;235;49;;;;;
UEB;21.12.2020 00:00;;;;;;;;;;;;;;;;;;;;;;;;22;;;;16;3;1;;;;;
UEB;22.12.2020 00:00;;;;;;;;;;;;;;;;;;;;;;;;44;;;;30;66;14;;;;;
UEB;23.12.2020 00:00;;;;;;;;;;;;;;;;;;;;;;;;32;;;;23;26;5;;;;;
UEB;24.12.2020 00:00;;;;;;;;;;;;;;;;;;;;;;;;27;;;;16;55;11;;;;;
UEB;25.12.2020 00:00;;;;;;;;;;;;;;;;;;;;;;;;17;;;;10;7;1;;;;;
UEB;26.12.2020 00:00;;;;;;;;;;;;;;;;;;;;;;;;52;;;;24;183;38;;;;;
UEB;27.12.2020 00:00;;;;;;;;;;;;;;;;;;;;;;;;36;;;;28;23;5;;;;;
UEB;28.12.2020 00:00;;;;;;;;;;;;;;;;;;;;;;;;15;;;;8;2;0;;;;;
UEB;29.12.2020 00:00;;;;;;;;;;;;;;;;;;;;;;;;35;;;;20;100;21;;;;;
UEB;30.12.2020 00:00;;;;;;;;;;;;;;;;;;;;;;;;31;;;;22;32;7;;;;;
UEB;31.12.2020 00:00;;;;;;;;;;;;;;;;;;;;;;;;29;;;;21;28;6;;;;;
UEB;01.01.2021 00:00;;;;;;;;;;;;;;;;;;;;;;;;36;;;;30;5;1;;;;;
UEB;02.01.2021 00:00;;;;;;;;;;;;;;;;;;;;;;;;9;;;;4;0;0;;;;;
UEB;03.01.2021 00:00;;;;;;;;;;;;;;;;;;;;;;;;11;;;;6;0;0;;;;;
UEB;04.01.2021 00:00;;;;;;;;;;;;;;;;;;;;;;;;15;;;;9;0;0;;;;;
UEB;05.01.2021 00:00;;;;;;;;;;;;;;;;;;;;;;;;10;;;;5;0;0;;;;;
UEB;06.01.2021 00:00;;;;;;;;;;;;;;;;;;;;;;;;22;;;;16;0;0;;;;;
UEB;07.01.2021 00:00;;;;;;;;;;;;;;;;;;;;;;;;46;;;;26;183;37;;;;;
UEB;08.01.2021 00:00;;;;;;;;;;;;;;;;;;;;;;;;35;;;;26;14;3;;;;;
UEB;09.01.2021 00:00;;;;;;;;;;;;;;;;;;;;;;;;53;;;;37;83;17;;;;;
UEB;10.01.2021 00:00;;;;;;;;;;;;;;;;;;;;;;;;79;;;;39;206;42;;;;;
UEB;11.01.2021 00:00;;;;;;;;;;;;;;;;;;;;;;;;51;;;;31;133;27;;;;;
UEB;12.01.2021 00:00;;;;;;;;;;;;;;;;;;;;;;;;18;;;;12;2;0;;;;;
UEB;13.01.2021 00:00;;;;;;;;;;;;;;;;;;;;;;;;37;;;;32;0;0;;;;;
UEB;14.01.2021 00:00;;;;;;;;;;;;;;;;;;;;;;;;12;;;;8;0;0;;;;;
UEB;15.01.2021 00:00;;;;;;;;;;;;;;;;;;;;;;;;27;;;;24;0;0;;;;;
UEB;16.01.2021 00:00;;;;;;;;;;;;;;;;;;;;;;;;97;;;;60;191;38;;;;;
UEB;17.01.2021 00:00;;;;;;;;;;;;;;;;;;;;;;;;15;;;;8;77;15;;;;;
UEB;18.01.2021 00:00;;;;;;;;;;;;;;;;;;;;;;;;26;;;;16;55;11;;;;;
UEB;19.01.2021 00:00;;;;;;;;;;;;;;;;;;;;;;;;74;;;;49;143;28;;;;;
UEB;20.01.2021 00:00;;;;;;;;;;;;;;;;;;;;;;;;70;;;;55;32;6;;;;;
UEB;21.01.2021 00:00;;;;;;;;;;;;;;;;;;;;;;;;67;;;;49;66;13;;;;;
UEB;22.01.2021 00:00;;;;;;;;;;;;;;;;;;;;;;;;66;;;;40;189;36;;;;;
UEB;23.01.2021 00:00;;;;;;;;;;;;;;;;;;;;;;;;57;;;;43;43;8;;;;;
UEB;24.01.2021 00:00;;;;;;;;;;;;;;;;;;;;;;;;114;;;;26;500;96;;;;;
UEB;25.01.2021 00:00;;;;;;;;;;;;;;;;;;;;;;;;41;;;;30;16;3;;;;;
UEB;26.01.2021 00:00;;;;;;;;;;;;;;;;;;;;;;;;56;;;;43;43;8;;;;;
UEB;27.01.2021 00:00;;;;;;;;;;;;;;;;;;;;;;;;20;;;;16;0;0;;;;;
UEB;28.01.2021 00:00;;;;;;;;;;;;;;;;;;;;;;;;12;;;;10;0;0;;;;;
UEB;29.01.2021 00:00;;;;;;;;;;;;;;;;;;;;;;;;33;;;;25;26;5;;;;;
UEB;30.01.2021 00:00;;;;;;;;;;;;;;;;;;;;;;;;22;;;;18;0;0;;;;;
UEB;31.01.2021 00:00;;;;;;;;;;;;;;;;;;;;;;;;34;;;;31;0;0;;;;;
UEB;01.02.2021 00:00;;;;;;;;;;;;;;;;;;;;;;;;19;;;;16;0;0;;;;;
UEB;02.02.2021 00:00;;;;;;;;;;;;;;;;;;;;;;;;24;;;;20;0;0;;;;;
UEB;03.02.2021 00:00;;;;;;;;;;;;;;;;;;;;;;;;13;;;;9;0;0;;;;;
UEB;04.02.2021 00:00;;;;;;;;;;;;;;;;;;;;;;;;53;;;;43;37;7;;;;;
UEB;05.02.2021 00:00;;;;;;;;;;;;;;;;;;;;;;;;95;;;;48;319;58;;;;;
UEB;06.02.2021 00:00;;;;;;;;;;;;;;;;;;;;;;;;31;;;;24;0;0;;;;;
UEB;07.02.2021 00:00;;;;;;;;;;;;;;;;;;;;;;;;23;;;;18;6;1;;;;;
UEB;08.02.2021 00:00;;;;;;;;;;;;;;;;;;;;;;;;62;;;;37;99;17;;;;;
UEB;09.02.2021 00:00;;;;;;;;;;;;;;;;;;;;;;;;39;;;;29;33;6;;;;;
UEB;10.02.2021 00:00;;;;;;;;;;;;;;;;;;;;;;;;33;;;;25;29;5;;;;;
UEB;11.02.2021 00:00;;;;;;;;;;;;;;;;;;;;;;;;34;;;;27;0;0;;;;;
UEB;12.02.2021 00:00;;;;;;;;;;;;;;;;;;;;;;;;43;;;;32;50;9;;;;;
UEB;13.02.2021 00:00;;;;;;;;;;;;;;;;;;;;;;;;94;;;;45;267;46;;;;;
UEB;14.02.2021 00:00;;;;;;;;;;;;;;;;;;;;;;;;162;;;;48;570;97;;;;;
UEB;15.02.2021 00:00;;;;;;;;;;;;;;;;;;;;;;;;62;;;;52;26;4;;;;;
UEB;16.02.2021 00:00;;;;;;;;;;;;;;;;;;;;;;;;105;;;;64;156;26;;;;;
UEB;17.02.2021 00:00;;;;;;;;;;;;;;;;;;;;;;;;108;;;;59;315;53;;;;;
UEB;18.02.2021 00:00;;;;;;;;;;;;;;;;;;;;;;;;106;;;;67;263;44;;;;;
UEB;19.02.2021 00:00;;;;;;;;;;;;;;;;;;;;;;;;116;;;;64;264;44;;;;;
UEB;20.02.2021 00:00;;;;;;;;;;;;;;;;;;;;;;;;164;;;;38;584;97;;;;;
UEB;21.02.2021 00:00;;;;;;;;;;;;;;;;;;;;;;;;173;;;;31;609;100;;;;;
UEB;22.02.2021 00:00;;;;;;;;;;;;;;;;;;;;;;;;136;;;;79;348;57;;;;;
UEB;23.02.2021 00:00;;;;;;;;;;;;;;;;;;;;;;;;151;;;;67;501;82;;;;;
UEB;24.02.2021 00:00;;;;;;;;;;;;;;;;;;;;;;;;159;;;;68;520;85;;;;;
UEB;25.02.2021 00:00;;;;;;;;;;;;;;;;;;;;;;;;181;;;;41;609;99;;;;;
UEB;26.02.2021 00:00;;;;;;;;;;;;;;;;;;;;;;;;137;;;;70;330;53;;;;;
UEB;27.02.2021 00:00;;;;;;;;;;;;;;;;;;;;;;;;42;;;;35;27;4;;;;;
UEB;28.02.2021 00:00;;;;;;;;;;;;;;;;;;;;;;;;120;;;;60;291;46;;;;;
UEB;01.03.2021 00:00;;;;;;;;;;;;;;;;;;;;;;;;188;;;;39;624;99;;;;;
UEB;02.03.2021 00:00;;;;;;;;;;;;;;;;;;;;;;;;195;;;;38;629;99;;;;;
UEB;03.03.2021 00:00;;;;;;;;;;;;;;;;;;;;;;;;72;;;;66;1;0;;;;;
UEB;04.03.2021 00:00;;;;;;;;;;;;;;;;;;;;;;;;115;;;;81;100;16;;;;;
UEB;05.03.2021 00:00;;;;;;;;;;;;;;;;;;;;;;;;24;;;;18;4;1;;;;;
UEB;06.03.2021 00:00;;;;;;;;;;;;;;;;;;;;;;;;86;;;;67;123;19;;;;;
UEB;07.03.2021 00:00;;;;;;;;;;;;;;;;;;;;;;;;94;;;;75;64;10;;;;;
UEB;08.03.2021 00:00;;;;;;;;;;;;;;;;;;;;;;;;192;;;;69;522;80;;;;;
UEB;09.03.2021 00:00;;;;;;;;;;;;;;;;;;;;;;;;153;;;;102;188;28;;;;;
UEB;10.03.2021 00:00;;;;;;;;;;;;;;;;;;;;;;;;189;;;;84;506;76;;;;;
UEB;11.03.2021 00:00;;;;;;;;;;;;;;;;;;;;;;;;69;;;;57;22;3;;;;;
UEB;12.03.2021 00:00;;;;;;;;;;;;;;;;;;;;;;;;196;;;;60;524;79;;;;;
UEB;13.03.2021 00:00;;;;;;;;;;;;;;;;;;;;;;;;126;;;;71;223;33;;;;;
UEB;14.03.2021 00:00;;;;;;;;;;;;;;;;;;;;;;;;59;;;;46;38;6;;;;;
UEB;15.03.2021 00:00;;;;;;;;;;;;;;;;;;;;;;;;32;;;;26;0;0;;;;;
UEB;16.03.2021 00:00;;;;;;;;;;;;;;;;;;;;;;;;89;;;;73;19;3;;;;;
UEB;17.03.2021 00:00;;;;;;;;;;;;;;;;;;;;;;;;73;;;;59;53;8;;;;;
UEB;18.03.2021 00:00;;;;;;;;;;;;;;;;;;;;;;;;98;;;;73;54;8;;;;;
UEB;19.03.2021 00:00;;;;;;;;;;;;;;;;;;;;;;;;178;;;;68;428;62;;;;;
UEB;20.03.2021 00:00;;;;;;;;;;;;;;;;;;;;;;;;113;;;;59;181;26;;;;;
UEB;21.03.2021 00:00;;;;;;;;;;;;;;;;;;;;;;;;61;;;;53;7;1;;;;;
UEB;22.03.2021 00:00;;;;;;;;;;;;;;;;;;;;;;;;79;;;;70;8;1;;;;;
UEB;23.03.2021 00:00;;;;;;;;;;;;;;;;;;;;;;;;226;;;;57;528;75;;;;;
UEB;24.03.2021 00:00;;;;;;;;;;;;;;;;;;;;;;;;249;;;;38;712;100;;;;;
UEB;25.03.2021 00:00;;;;;;;;;;;;;;;;;;;;;;;;236;;;;76;675;95;;;;;
UEB;26.03.2021 00:00;;;;;;;;;;;;;;;;;;;;;;;;220;;;;74;511;71;;;;;
UEB;27.03.2021 00:00;;;;;;;;;;;;;;;;;;;;;;;;134;;;;91;186;26;;;;;
UEB;28.03.2021 00:00;;;;;;;;;;;;;;;;;;;;;;;;256;;;;51;709;98;;;;;
UEB;29.03.2021 00:00;;;;;;;;;;;;;;;;;;;;;;;;256;;;;54;709;98;;;;;
UEB;30.03.2021 00:00;;;;;;;;;;;;;;;;;;;;;;;;255;;;;51;722;100;;;;;
UEB;31.03.2021 00:00;;;;;;;;;;;;;;;;;;;;;;;;264;;;;47;725;99;;;;;
UEB;01.04.2021 00:00;;;;;;;;;;;;;;;;;;;;;;;;258;;;;51;708;96;;;;;
UEB;02.04.2021 00:00;;;;;;;;;;;;;;;;;;;;;;;;254;;;;71;610;83;;;;;
UEB;03.04.2021 00:00;;;;;;;;;;;;;;;;;;;;;;;;163;;;;97;251;34;;;;;
UEB;04.04.2021 00:00;;;;;;;;;;;;;;;;;;;;;;;;277;;;;42;734;99;;;;;
UEB;05.04.2021 00:00;;;;;;;;;;;;;;;;;;;;;;;;171;;;;110;229;31;;;;;
UEB;06.04.2021 00:00;;;;;;;;;;;;;;;;;;;;;;;;156;;;;85;208;28;;;;;
UEB;07.04.2021 00:00;;;;;;;;;;;;;;;;;;;;;;;;116;;;;80;79;11;;;;;
UEB;08.04.2021 00:00;;;;;;;;;;;;;;;;;;;;;;;;286;;;;52;724;96;;;;;
UEB;09.04.2021 00:00;;;;;;;;;;;;;;;;;;;;;;;;258;;;;94;581;77;;;;;
UEB;10.04.2021 00:00;;;;;;;;;;;;;;;;;;;;;;;;199;;;;101;228;30;;;;;
UEB;11.04.2021 00:00;;;;;;;;;;;;;;;;;;;;;;;;222;;;;94;327;43;;;;;
UEB;12.04.2021 00:00;;;;;;;;;;;;;;;;;;;;;;;;78;;;;68;18;2;;;;;
UEB;13.04.2021 00:00;;;;;;;;;;;;;;;;;;;;;;;;223;;;;103;390;51;;;;;
UEB;14.04.2021 00:00;;;;;;;;;;;;;;;;;;;;;;;;221;;;;99;310;40;;;;;
UEB;15.04.2021 00:00;;;;;;;;;;;;;;;;;;;;;;;;169;;;;95;237;30;;;;;
UEB;16.04.2021 00:00;;;;;;;;;;;;;;;;;;;;;;;;283;;;;83;630;80;;;;;
UEB;17.04.2021 00:00;;;;;;;;;;;;;;;;;;;;;;;;176;;;;119;143;18;;;;;
UEB;18.04.2021 00:00;;;;;;;;;;;;;;;;;;;;;;;;141;;;;91;143;18;;;;;
UEB;19.04.2021 00:00;;;;;;;;;;;;;;;;;;;;;;;;189;;;;114;260;33;;;;;
UEB;20.04.2021 00:00;;;;;;;;;;;;;;;;;;;;;;;;279;;;;74;613;77;;;;;
UEB;21.04.2021 00:00;;;;;;;;;;;;;;;;;;;;;;;;313;;;;76;686;86;;;;;
UEB;22.04.2021 00:00;;;;;;;;;;;;;;;;;;;;;;;;263;;;;99;463;58;;;;;
UEB;23.04.2021 00:00;;;;;;;;;;;;;;;;;;;;;;;;328;;;;43;789;99;;;;;
UEB;24.04.2021 00:00;;;;;;;;;;;;;;;;;;;;;;;;321;;;;48;787;98;;;;;
UEB;25.04.2021 00:00;;;;;;;;;;;;;;;;;;;;;;;;325;;;;49;772;96;;;;;
UEB;26.04.2021 00:00;;;;;;;;;;;;;;;;;;;;;;;;275;;;;110;576;71;;;;;
UEB;27.04.2021 00:00;;;;;;;;;;;;;;;;;;;;;;;;323;;;;62;791;98;;;;;
UEB;28.04.2021 00:00;;;;;;;;;;;;;;;;;;;;;;;;195;;;;104;222;27;;;;;
UEB;29.04.2021 00:00;;;;;;;;;;;;;;;;;;;;;;;;95;;;;86;1;0;;;;;
UEB;30.04.2021 00:00;;;;;;;;;;;;;;;;;;;;;;;;163;;;;93;156;19;;;;;
UEB;01.05.2021 00:00;;;;;;;;;;;;;;;;;;;;;;;;75;;;;69;0;0;;;;;
UEB;02.05.2021 00:00;;;;;;;;;;;;;;;;;;;;;;;;129;;;;99;61;7;;;;;
UEB;03.05.2021 00:00;;;;;;;;;;;;;;;;;;;;;;;;314;;;;77;726;88;;;;;
UEB;04.05.2021 00:00;;;;;;;;;;;;;;;;;;;;;;;;231;;;;140;290;35;;;;;
UEB;05.05.2021 00:00;;;;;;;;;;;;;;;;;;;;;;;;109;;;;73;104;13;;;;;
UEB;06.05.2021 00:00;;;;;;;;;;;;;;;;;;;;;;;;65;;;;55;16;2;;;;;
UEB;07.05.2021 00:00;;;;;;;;;;;;;;;;;;;;;;;;136;;;;82;158;19;;;;;
UEB;08.05.2021 00:00;;;;;;;;;;;;;;;;;;;;;;;;309;;;;91;674;80;;;;;
UEB;09.05.2021 00:00;;;;;;;;;;;;;;;;;;;;;;;;335;;;;71;806;95;;;;;
UEB;10.05.2021 00:00;;;;;;;;;;;;;;;;;;;;;;;;182;;;;128;168;20;;;;;
UEB;11.05.2021 00:00;;;;;;;;;;;;;;;;;;;;;;;;79;;;;67;12;1;;;;;
UEB;12.05.2021 00:00;;;;;;;;;;;;;;;;;;;;;;;;106;;;;97;2;0;;;;;
UEB;13.05.2021 00:00;;;;;;;;;;;;;;;;;;;;;;;;129;;;;99;113;13;;;;;
UEB;14.05.2021 00:00;;;;;;;;;;;;;;;;;;;;;;;;284;;;;71;547;64;;;;;
UEB;15.05.2021 00:00;;;;;;;;;;;;;;;;;;;;;;;;143;;;;105;135;16;;;;;
UEB;16.05.2021 00:00;;;;;;;;;;;;;;;;;;;;;;;;142;;;;114;100;12;;;;;
UEB;17.05.2021 00:00;;;;;;;;;;;;;;;;;;;;;;;;190;;;;114;198;23;;;;;
UEB;18.05.2021 00:00;;;;;;;;;;;;;;;;;;;;;;;;225;;;;115;264;30;;;;;
UEB;19.05.2021 00:00;;;;;;;;;;;;;;;;;;;;;;;;133;;;;87;96;11;;;;;
UEB;20.05.2021 00:00;;;;;;;;;;;;;;;;;;;;;;;;212;;;;118;233;27;;;;;
UEB;21.05.2021 00:00;;;;;;;;;;;;;;;;;;;;;;;;43;;;;37;1;0;;;;;
UEB;22.05.2021 00:00;;;;;;;;;;;;;;;;;;;;;;;;296;;;;104;547;63;;;;;
UEB;23.05.2021 00:00;;;;;;;;;;;;;;;;;;;;;;;;266;;;;85;448;51;;;;;
UEB;24.05.2021 00:00;;;;;;;;;;;;;;;;;;;;;;;;81;;;;73;5;1;;;;;
UEB;25.05.2021 00:00;;;;;;;;;;;;;;;;;;;;;;;;283;;;;95;525;59;;;;;
UEB;26.05.2021 00:00;;;;;;;;;;;;;;;;;;;;;;;;170;;;;113;146;17;;;;;
UEB;27.05.2021 00:00;;;;;;;;;;;;;;;;;;;;;;;;152;;;;76;293;33;;;;;
UEB;28.05.2021 00:00;;;;;;;;;;;;;;;;;;;;;;;;370;;;;45;888;100;;;;;
UEB;29.05.2021 00:00;;;;;;;;;;;;;;;;;;;;;;;;300;;;;135;477;54;;;;;
UEB;30.05.2021 00:00;;;;;;;;;;;;;;;;;;;;;;;;376;;;;40;894;100;;;;;
UEB;31.05.2021 00:00;;;;;;;;;;;;;;;;;;;;;;;;373;;;;43;895;100;;;;;
UEB;01.06.2021 00:00;;;;;;;;;;;;;;;;;;;;;;;;372;;;;44;895;100;;;;;
UEB;02.06.2021 00:00;;;;;;;;;;;;;;;;;;;;;;;;300;;;;126;545;61;;;;;
UEB;03.06.2021 00:00;;;;;;;;;;;;;;;;;;;;;;;;275;;;;114;377;42;;;;;
UEB;04.06.2021 00:00;;;;;;;;;;;;;;;;;;;;;;;;196;;;;110;276;31;;;;;
UEB;05.06.2021 00:00;;;;;;;;;;;;;;;;;;;;;;;;72;;;;62;6;1;;;;;
UEB;06.06.2021 00:00;;;;;;;;;;;;;;;;;;;;;;;;110;;;;102;0;0;;;;;
UEB;07.06.2021 00:00;;;;;;;;;;;;;;;;;;;;;;;;112;;;;95;23;3;;;;;
UEB;08.06.2021 00:00;;;;;;;;;;;;;;;;;;;;;;;;188;;;;140;107;12;;;;;
UEB;09.06.2021 00:00;;;;;;;;;;;;;;;;;;;;;;;;258;;;;148;242;27;;;;;
UEB;10.06.2021 00:00;;;;;;;;;;;;;;;;;;;;;;;;349;;;;74;830;92;;;;;
UEB;11.06.2021 00:00;;;;;;;;;;;;;;;;;;;;;;;;351;;;;82;857;95;;;;;
UEB;12.06.2021 00:00;;;;;;;;;;;;;;;;;;;;;;;;327;;;;108;721;79;;;;;
UEB;13.06.2021 00:00;;;;;;;;;;;;;;;;;;;;;;;;328;;;;78;762;84;;;;;
UEB;14.06.2021 00:00;;;;;;;;;;;;;;;;;;;;;;;;384;;;;40;909;100;;;;;
UEB;15.06.2021 00:00;;;;;;;;;;;;;;;;;;;;;;;;378;;;;57;904;100;;;;;
UEB;16.06.2021 00:00;;;;;;;;;;;;;;;;;;;;;;;;327;;;;73;726;80;;;;;
UEB;17.06.2021 00:00;;;;;;;;;;;;;;;;;;;;;;;;340;;;;104;902;99;;;;;
UEB;18.06.2021 00:00;;;;;;;;;;;;;;;;;;;;;;;;313;;;;113;695;76;;;;;
UEB;19.06.2021 00:00;;;;;;;;;;;;;;;;;;;;;;;;316;;;;154;583;64;;;;;
UEB;20.06.2021 00:00;;;;;;;;;;;;;;;;;;;;;;;;188;;;;112;205;23;;;;;
UEB;21.06.2021 00:00;;;;;;;;;;;;;;;;;;;;;;;;300;;;;75;505;55;;;;;
UEB;22.06.2021 00:00;;;;;;;;;;;;;;;;;;;;;;;;159;;;;111;137;15;;;;;
UEB;23.06.2021 00:00;;;;;;;;;;;;;;;;;;;;;;;;225;;;;140;239;26;;;;;
UEB;24.06.2021 00:00;;;;;;;;;;;;;;;;;;;;;;;;182;;;;91;198;22;;;;;
UEB;25.06.2021 00:00;;;;;;;;;;;;;;;;;;;;;;;;165;;;;136;65;7;;;;;
UEB;26.06.2021 00:00;;;;;;;;;;;;;;;;;;;;;;;;312;;;;125;694;76;;;;;
UEB;27.06.2021 00:00;;;;;;;;;;;;;;;;;;;;;;;;326;;;;114;648;71;;;;;
UEB;28.06.2021 00:00;;;;;;;;;;;;;;;;;;;;;;;;262;;;;106;536;59;;;;;
UEB;29.06.2021 00:00;;;;;;;;;;;;;;;;;;;;;;;;160;;;;82;264;29;;;;;
UEB;30.06.2021 00:00;;;;;;;;;;;;;;;;;;;;;;;;222;;;;111;233;26;;;;;
UEB;01.07.2021 00:00;;;;;;;;;;;;;;;;;;;;;;;;139;;;;102;70;8;;;;;
UEB;02.07.2021 00:00;;;;;;;;;;;;;;;;;;;;;;;;319;;;;79;574;64;;;;;
UEB;03.07.2021 00:00;;;;;;;;;;;;;;;;;;;;;;;;227;;;;116;343;38;;;;;
UEB;04.07.2021 00:00;;;;;;;;;;;;;;;;;;;;;;;;104;;;;95;10;1;;;;;
UEB;05.07.2021 00:00;;;;;;;;;;;;;;;;;;;;;;;;142;;;;121;132;15;;;;;
UEB;06.07.2021 00:00;;;;;;;;;;;;;;;;;;;;;;;;184;;;;82;356;40;;;;;
UEB;07.07.2021 00:00;;;;;;;;;;;;;;;;;;;;;;;;70;;;;62;7;1;;;;;
UEB;08.07.2021 00:00;;;;;;;;;;;;;;;;;;;;;;;;68;;;;58;14;2;;;;;
UEB;09.07.2021 00:00;;;;;;;;;;;;;;;;;;;;;;;;246;;;;94;455;51;;;;;
UEB;10.07.2021 00:00;;;;;;;;;;;;;;;;;;;;;;;;341;;;;62;788;88;;;;;
UEB;11.07.2021 00:00;;;;;;;;;;;;;;;;;;;;;;;;309;;;;123;526;59;;;;;
UEB;12.07.2021 00:00;;;;;;;;;;;;;;;;;;;;;;;;265;;;;137;453;51;;;;;
UEB;13.07.2021 00:00;;;;;;;;;;;;;;;;;;;;;;;;37;;;;33;0;0;;;;;
UEB;14.07.2021 00:00;;;;;;;;;;;;;;;;;;;;;;;;133;;;;119;8;1;;;;;
UEB;15.07.2021 00:00;;;;;;;;;;;;;;;;;;;;;;;;50;;;;47;0;0;;;;;
UEB;16.07.2021 00:00;;;;;;;;;;;;;;;;;;;;;;;;192;;;;117;210;24;;;;;
UEB;17.07.2021 00:00;;;;;;;;;;;;;;;;;;;;;;;;111;;;;78;67;8;;;;;
UEB;18.07.2021 00:00;;;;;;;;;;;;;;;;;;;;;;;;221;;;;114;378;43;;;;;
UEB;19.07.2021 00:00;;;;;;;;;;;;;;;;;;;;;;;;345;;;;67;762;87;;;;;
UEB;20.07.2021 00:00;;;;;;;;;;;;;;;;;;;;;;;;341;;;;76;839;96;;;;;
UEB;21.07.2021 00:00;;;;;;;;;;;;;;;;;;;;;;;;350;;;;62;862;99;;;;;
UEB;22.07.2021 00:00;;;;;;;;;;;;;;;;;;;;;;;;340;;;;76;838;96;;;;;
UEB;23.07.2021 00:00;;;;;;;;;;;;;;;;;;;;;;;;334;;;;72;769;88;;;;;
UEB;24.07.2021 00:00;;;;;;;;;;;;;;;;;;;;;;;;141;;;;106;93;11;;;;;
UEB;25.07.2021 00:00;;;;;;;;;;;;;;;;;;;;;;;;117;;;;88;105;12;;;;;
UEB;26.07.2021 00:00;;;;;;;;;;;;;;;;;;;;;;;;149;;;;112;128;15;;;;;
UEB;27.07.2021 00:00;;;;;;;;;;;;;;;;;;;;;;;;188;;;;129;250;29;;;;;
UEB;28.07.2021 00:00;;;;;;;;;;;;;;;;;;;;;;;;99;;;;69;110;13;;;;;
UEB;29.07.2021 00:00;;;;;;;;;;;;;;;;;;;;;;;;280;;;;101;516;60;;;;;
UEB;30.07.2021 00:00;;;;;;;;;;;;;;;;;;;;;;;;218;;;;72;437;51;;;;;
UEB;31.07.2021 00:00;;;;;;;;;;;;;;;;;;;;;;;;186;;;;137;101;12;;;;;
UEB;01.08.2021 00:00;;;;;;;;;;;;;;;;;;;;;;;;104;;;;96;7;1;;;;;
UEB;02.08.2021 00:00;;;;;;;;;;;;;;;;;;;;;;;;211;;;;117;239;28;;;;;
UEB;03.08.2021 00:00;;;;;;;;;;;;;;;;;;;;;;;;191;;;;113;219;26;;;;;
UEB;04.08.2021 00:00;;;;;;;;;;;;;;;;;;;;;;;;70;;;;66;0;0;;;;;
UEB;05.08.2021 00:00;;;;;;;;;;;;;;;;;;;;;;;;168;;;;111;191;23;;;;;
UEB;06.08.2021 00:00;;;;;;;;;;;;;;;;;;;;;;;;206;;;;123;229;27;;;;;
UEB;07.08.2021 00:00;;;;;;;;;;;;;;;;;;;;;;;;62;;;;46;49;6;;;;;
UEB;08.08.2021 00:00;;;;;;;;;;;;;;;;;;;;;;;;114;;;;87;99;12;;;;;
UEB;09.08.2021 00:00;;;;;;;;;;;;;;;;;;;;;;;;212;;;;122;373;45;;;;;
UEB;10.08.2021 00:00;;;;;;;;;;;;;;;;;;;;;;;;292;;;;98;687;83;;;;;
UEB;11.08.2021 00:00;;;;;;;;;;;;;;;;;;;;;;;;306;;;;56;747;91;;;;;
UEB;12.08.2021 00:00;;;;;;;;;;;;;;;;;;;;;;;;305;;;;61;750;91;;;;;
UEB;13.08.2021 00:00;;;;;;;;;;;;;;;;;;;;;;;;265;;;;114;499;61;;;;;
UEB;14.08.2021 00:00;;;;;;;;;;;;;;;;;;;;;;;;291;;;;67;744;92;;;;;
UEB;15.08.2021 00:00;;;;;;;;;;;;;;;;;;;;;;;;214;;;;93;494;61;;;;;
UEB;16.08.2021 00:00;;;;;;;;;;;;;;;;;;;;;;;;83;;;;48;173;21;;;;;
UEB;17.08.2021 00:00;;;;;;;;;;;;;;;;;;;;;;;;194;;;;123;175;22;;;;;
UEB;18.08.2021 00:00;;;;;;;;;;;;;;;;;;;;;;;;222;;;;96;384;48;;;;;
UEB;19.08.2021 00:00;;;;;;;;;;;;;;;;;;;;;;;;140;;;;120;37;5;;;;;
UEB;20.08.2021 00:00;;;;;;;;;;;;;;;;;;;;;;;;278;;;;91;633;80;;;;;
UEB;21.08.2021 00:00;;;;;;;;;;;;;;;;;;;;;;;;286;;;;66;733;92;;;;;
UEB;22.08.2021 00:00;;;;;;;;;;;;;;;;;;;;;;;;107;;;;91;22;3;;;;;
UEB;23.08.2021 00:00;;;;;;;;;;;;;;;;;;;;;;;;234;;;;89;475;60;;;;;
UEB;24.08.2021 00:00;;;;;;;;;;;;;;;;;;;;;;;;85;;;;75;42;5;;;;;
UEB;25.08.2021 00:00;;;;;;;;;;;;;;;;;;;;;;;;91;;;;64;112;14;;;;;
UEB;26.08.2021 00:00;;;;;;;;;;;;;;;;;;;;;;;;190;;;;111;290;37;;;;;
UEB;27.08.2021 00:00;;;;;;;;;;;;;;;;;;;;;;;;198;;;;103;310;40;;;;;
UEB;28.08.2021 00:00;;;;;;;;;;;;;;;;;;;;;;;;94;;;;72;35;5;;;;;
UEB;29.08.2021 00:00;;;;;;;;;;;;;;;;;;;;;;;;96;;;;87;2;0;;;;;
UEB;30.08.2021 00:00;;;;;;;;;;;;;;;;;;;;;;;;98;;;;75;38;5;;;;;
UEB;31.08.2021 00:00;;;;;;;;;;;;;;;;;;;;;;;;159;;;;98;222;29;;;;;
UEB;01.09.2021 00:00;;;;;;;;;;;;;;;;;;;;;;;;264;;;;65;548;72;;;;;
UEB;02.09.2021 00:00;;;;;;;;;;;;;;;;;;;;;;;;275;;;;40;741;98;;;;;
UEB;03.09.2021 00:00;;;;;;;;;;;;;;;;;;;;;;;;264;;;;45;665;88;;;;;
UEB;04.09.2021 00:00;;;;;;;;;;;;;;;;;;;;;;;;263;;;;50;723;96;;;;;
UEB;05.09.2021 00:00;;;;;;;;;;;;;;;;;;;;;;;;262;;;;43;731;98;;;;;
UEB;06.09.2021 00:00;;;;;;;;;;;;;;;;;;;;;;;;261;;;;41;702;94;;;;;
UEB;07.09.2021 00:00;;;;;;;;;;;;;;;;;;;;;;;;235;;;;85;618;83;;;;;
UEB;08.09.2021 00:00;;;;;;;;;;;;;;;;;;;;;;;;253;;;;51;734;99;;;;;
UEB;09.09.2021 00:00;;;;;;;;;;;;;;;;;;;;;;;;181;;;;70;438;59;;;;;
UEB;10.09.2021 00:00;;;;;;;;;;;;;;;;;;;;;;;;95;;;;83;15;2;;;;;
UEB;11.09.2021 00:00;;;;;;;;;;;;;;;;;;;;;;;;205;;;;60;555;76;;;;;
UEB;12.09.2021 00:00;;;;;;;;;;;;;;;;;;;;;;;;130;;;;89;202;28;;;;;
UEB;13.09.2021 00:00;;;;;;;;;;;;;;;;;;;;;;;;240;;;;47;687;95;;;;;
UEB;14.09.2021 00:00;;;;;;;;;;;;;;;;;;;;;;;;167;;;;79;371;52;;;;;
UEB;15.09.2021 00:00;;;;;;;;;;;;;;;;;;;;;;;;57;;;;50;0;0;;;;;
UEB;16.09.2021 00:00;;;;;;;;;;;;;;;;;;;;;;;;113;;;;85;65;9;;;;;
UEB;17.09.2021 00:00;;;;;;;;;;;;;;;;;;;;;;;;203;;;;79;453;63;;;;;
UEB;18.09.2021 00:00;;;;;;;;;;;;;;;;;;;;;;;;234;;;;43;665;94;;;;;
UEB;19.09.2021 00:00;;;;;;;;;;;;;;;;;;;;;;;;25;;;;19;5;1;;;;;
UEB;20.09.2021 00:00;;;;;;;;;;;;;;;;;;;;;;;;72;;;;66;0;0;;;;;
UEB;21.09.2021 00:00;;;;;;;;;;;;;;;;;;;;;;;;229;;;;53;664;96;;;;;
UEB;22.09.2021 00:00;;;;;;;;;;;;;;;;;;;;;;;;169;;;;106;273;39;;;;;
UEB;23.09.2021 00:00;;;;;;;;;;;;;;;;;;;;;;;;184;;;;66;395;57;;;;;
UEB;24.09.2021 00:00;;;;;;;;;;;;;;;;;;;;;;;;222;;;;35;689;100;;;;;
UEB;25.09.2021 00:00;;;;;;;;;;;;;;;;;;;;;;;;177;;;;79;478;70;;;;;
UEB;26.09.2021 00:00;;;;;;;;;;;;;;;;;;;;;;;;78;;;;60;56;8;;;;;
UEB;27.09.2021 00:00;;;;;;;;;;;;;;;;;;;;;;;;155;;;;83;323;48;;;;;
UEB;28.09.2021 00:00;;;;;;;;;;;;;;;;;;;;;;;;101;;;;79;62;9;;;;;
UEB;29.09.2021 00:00;;;;;;;;;;;;;;;;;;;;;;;;142;;;;70;258;39;;;;;
UEB;30.09.2021 00:00;;;;;;;;;;;;;;;;;;;;;;;;203;;;;52;599;90;;;;;
UEB;01.10.2021 00:00;;;;;;;;;;;;;;;;;;;;;;;;199;;;;39;653;98;;;;;
UEB;02.10.2021 00:00;;;;;;;;;;;;;;;;;;;;;;;;180;;;;64;465;70;;;;;
UEB;03.10.2021 00:00;;;;;;;;;;;;;;;;;;;;;;;;94;;;;78;41;6;;;;;
UEB;04.10.2021 00:00;;;;;;;;;;;;;;;;;;;;;;;;52;;;;46;0;0;;;;;
UEB;05.10.2021 00:00;;;;;;;;;;;;;;;;;;;;;;;;83;;;;58;100;15;;;;;
UEB;06.10.2021 00:00;;;;;;;;;;;;;;;;;;;;;;;;89;;;;48;110;17;;;;;
UEB;07.10.2021 00:00;;;;;;;;;;;;;;;;;;;;;;;;91;;;;70;53;8;;;;;
UEB;08.10.2021 00:00;;;;;;;;;;;;;;;;;;;;;;;;54;;;;37;33;5;;;;;
UEB;09.10.2021 00:00;;;;;;;;;;;;;;;;;;;;;;;;79;;;;43;172;27;;;;;
UEB;10.10.2021 00:00;;;;;;;;;;;;;;;;;;;;;;;;116;;;;64;245;39;;;;;
UEB;11.10.2021 00:00;;;;;;;;;;;;;;;;;;;;;;;;179;;;;69;563;89;;;;;
UEB;12.10.2021 00:00;;;;;;;;;;;;;;;;;;;;;;;;73;;;;66;1;0;;;;;
UEB;13.10.2021 00:00;;;;;;;;;;;;;;;;;;;;;;;;135;;;;63;320;51;;;;;
UEB;14.10.2021 00:00;;;;;;;;;;;;;;;;;;;;;;;;172;;;;31;625;100;;;;;
UEB;15.10.2021 00:00;;;;;;;;;;;;;;;;;;;;;;;;161;;;;49;467;75;;;;;
UEB;16.10.2021 00:00;;;;;;;;;;;;;;;;;;;;;;;;169;;;;35;614;100;;;;;
UEB;17.10.2021 00:00;;;;;;;;;;;;;;;;;;;;;;;;172;;;;35;606;99;;;;;
UEB;18.10.2021 00:00;;;;;;;;;;;;;;;;;;;;;;;;163;;;;36;551;90;;;;;
UEB;19.10.2021 00:00;;;;;;;;;;;;;;;;;;;;;;;;74;;;;64;26;4;;;;;
UEB;20.10.2021 00:00;;;;;;;;;;;;;;;;;;;;;;;;111;;;;57;331;55;;;;;
UEB;21.10.2021 00:00;;;;;;;;;;;;;;;;;;;;;;;;133;;;;51;363;60;;;;;
UEB;22.10.2021 00:00;;;;;;;;;;;;;;;;;;;;;;;;42;;;;33;65;11;;;;;
UEB;23.10.2021 00:00;;;;;;;;;;;;;;;;;;;;;;;;158;;;;32;600;100;;;;;
UEB;24.10.2021 00:00;;;;;;;;;;;;;;;;;;;;;;;;158;;;;30;595;99;;;;;
UEB;25.10.2021 00:00;;;;;;;;;;;;;;;;;;;;;;;;123;;;;51;301;51;;;;;
UEB;26.10.2021 00:00;;;;;;;;;;;;;;;;;;;;;;;;73;;;;59;63;11;;;;;
UEB;27.10.2021 00:00;;;;;;;;;;;;;;;;;;;;;;;;149;;;;37;577;99;;;;;
UEB;28.10.2021 00:00;;;;;;;;;;;;;;;;;;;;;;;;147;;;;31;571;98;;;;;
UEB;29.10.2021 00:00;;;;;;;;;;;;;;;;;;;;;;;;95;;;;54;252;43;;;;;
UEB;30.10.2021 00:00;;;;;;;;;;;;;;;;;;;;;;;;35;;;;28;6;1;;;;;
UEB;31.10.2021 00:00;;;;;;;;;;;;;;;;;;;;;;;;125;;;;37;455;79;;;;;
UEB;01.11.2021 00:00;;;;;;;;;;;;;;;;;;;;;;;;29;;;;22;3;1;;;;;
UEB;02.11.2021 00:00;;;;;;;;;;;;;;;;;;;;;;;;42;;;;30;87;15;;;;;
UEB;03.11.2021 00:00;;;;;;;;;;;;;;;;;;;;;;;;48;;;;33;52;9;;;;;
UEB;04.11.2021 00:00;;;;;;;;;;;;;;;;;;;;;;;;24;;;;17;17;3;;;;;
UEB;05.11.2021 00:00;;;;;;;;;;;;;;;;;;;;;;;;57;;;;42;104;19;;;;;
UEB;06.11.2021 00:00;;;;;;;;;;;;;;;;;;;;;;;;105;;;;50;348;63;;;;;
UEB;07.11.2021 00:00;;;;;;;;;;;;;;;;;;;;;;;;110;;;;39;428;78;;;;;
UEB;08.11.2021 00:00;;;;;;;;;;;;;;;;;;;;;;;;57;;;;44;84;15;;;;;
UEB;09.11.2021 00:00;;;;;;;;;;;;;;;;;;;;;;;;70;;;;48;164;30;;;;;
UEB;10.11.2021 00:00;;;;;;;;;;;;;;;;;;;;;;;;43;;;;37;0;0;;;;;
UEB;11.11.2021 00:00;;;;;;;;;;;;;;;;;;;;;;;;109;;;;31;534;99;;;;;
UEB;12.11.2021 00:00;;;;;;;;;;;;;;;;;;;;;;;;113;;;;31;535;99;;;;;
UEB;13.11.2021 00:00;;;;;;;;;;;;;;;;;;;;;;;;22;;;;16;4;1;;;;;
UEB;14.11.2021 00:00;;;;;;;;;;;;;;;;;;;;;;;;26;;;;21;0;0;;;;;
UEB;15.11.2021 00:00;;;;;;;;;;;;;;;;;;;;;;;;27;;;;22;0;0;;;;;
UEB;16.11.2021 00:00;;;;;;;;;;;;;;;;;;;;;;;;21;;;;16;0;0;;;;;
UEB;17.11.2021 00:00;;;;;;;;;;;;;;;;;;;;;;;;22;;;;16;0;0;;;;;
UEB;18.11.2021 00:00;;;;;;;;;;;;;;;;;;;;;;;;82;;;;47;229;44;;;;;
UEB;19.11.2021 00:00;;;;;;;;;;;;;;;;;;;;;;;;103;;;;34;513;98;;;;;
UEB;20.11.2021 00:00;;;;;;;;;;;;;;;;;;;;;;;;107;;;;28;518;100;;;;;
UEB;21.11.2021 00:00;;;;;;;;;;;;;;;;;;;;;;;;97;;;;25;424;82;;;;;
UEB;22.11.2021 00:00;;;;;;;;;;;;;;;;;;;;;;;;19;;;;14;0;0;;;;;
UEB;23.11.2021 00:00;;;;;;;;;;;;;;;;;;;;;;;;17;;;;11;1;0;;;;;
UEB;24.11.2021 00:00;;;;;;;;;;;;;;;;;;;;;;;;28;;;;22;1;0;;;;;
UEB;25.11.2021 00:00;;;;;;;;;;;;;;;;;;;;;;;;52;;;;41;2;0;;;;;
UEB;26.11.2021 00:00;;;;;;;;;;;;;;;;;;;;;;;;19;;;;12;4;1;;;;;
UEB;27.11.2021 00:00;;;;;;;;;;;;;;;;;;;;;;;;35;;;;19;73;15;;;;;
UEB;28.11.2021 00:00;;;;;;;;;;;;;;;;;;;;;;;;28;;;;21;12;2;;;;;
UEB;29.11.2021 00:00;;;;;;;;;;;;;;;;;;;;;;;;44;;;;32;49;10;;;;;
UEB;30.11.2021 00:00;;;;;;;;;;;;;;;;;;;;;;;;18;;;;12;18;4;;;;;
UEB;01.12.2021 00:00;;;;;;;;;;;;;;;;;;;;;;;;40;;;;28;52;10;;;;;
UEB;02.12.2021 00:00;;;;;;;;;;;;;;;;;;;;;;;;17;;;;12;0;0;;;;;
UEB;03.12.2021 00:00;;;;;;;;;;;;;;;;;;;;;;;;80;;;;38;261;53;;;;;
UEB;04.12.2021 00:00;;;;;;;;;;;;;;;;;;;;;;;;12;;;;9;0;0;;;;;
UEB;05.12.2021 00:00;;;;;;;;;;;;;;;;;;;;;;;;39;;;;28;36;7;;;;;
UEB;06.12.2021 00:00;;;;;;;;;;;;;;;;;;;;;;;;38;;;;31;11;2;;;;;
UEB;07.12.2021 00:00;;;;;;;;;;;;;;;;;;;;;;;;65;;;;30;209;42;;;;;
UEB;08.12.2021 00:00;;;;;;;;;;;;;;;;;;;;;;;;13;;;;9;0;0;;;;;
UEB;09.12.2021 00:00;;;;;;;;;;;;;;;;;;;;;;;;26;;;;22;0;0;;;;;
UEB;10.12.2021 00:00;;;;;;;;;;;;;;;;;;;;;;;;15;;;;11;0;0;;;;;
UEB;11.12.2021 00:00;;;;;;;;;;;;;;;;;;;;;;;;15;;;;13;0;0;;;;;
UEB;12.12.2021 00:00;;;;;;;;;;;;;;;;;;;;;;;;52;;;;38;114;23;;;;;
UEB;13.12.2021 00:00;;;;;;;;;;;;;;;;;;;;;;;;79;;;;23;378;78;;;;;
UEB;14.12.2021 00:00;;;;;;;;;;;;;;;;;;;;;;;;66;;;;40;133;27;;;;;
UEB;15.12.2021 00:00;;;;;;;;;;;;;;;;;;;;;;;;80;;;;30;396;82;;;;;
UEB;16.12.2021 00:00;;;;;;;;;;;;;;;;;;;;;;;;26;;;;20;0;0;;;;;
UEB;17.12.2021 00:00;;;;;;;;;;;;;;;;;;;;;;;;32;;;;27;0;0;;;;;
UEB;18.12.2021 00:00;;;;;;;;;;;;;;;;;;;;;;;;79;;;;33;327;68;;;;;
UEB;19.12.2021 00:00;;;;;;;;;;;;;;;;;;;;;;;;90;;;;25;454;95;;;;;
UEB;20.12.2021 00:00;;;;;;;;;;;;;;;;;;;;;;;;87;;;;28;364;76;;;;;
UEB;21.12.2021 00:00;;;;;;;;;;;;;;;;;;;;;;;;26;;;;16;72;15;;;;;
UEB;22.12.2021 00:00;;;;;;;;;;;;;;;;;;;;;;;;58;;;;44;103;22;;;;;
UEB;23.12.2021 00:00;;;;;;;;;;;;;;;;;;;;;;;;65;;;;37;264;55;;;;;
UEB;24.12.2021 00:00;;;;;;;;;;;;;;;;;;;;;;;;20;;;;8;0;0;;;;;
UEB;25.12.2021 00:00;;;;;;;;;;;;;;;;;;;;;;;;20;;;;10;0;0;;;;;
UEB;26.12.2021 00:00;;;;;;;;;;;;;;;;;;;;;;;;22;;;;16;1;0;;;;;
UEB;27.12.2021 00:00;;;;;;;;;;;;;;;;;;;;;;;;45;;;;30;103;21;;;;;
UEB;28.12.2021 00:00;;;;;;;;;;;;;;;;;;;;;;;;22;;;;13;7;1;;;;;
UEB;29.12.2021 00:00;;;;;;;;;;;;;;;;;;;;;;;;12;;;;4;41;8;;;;;
UEB;30.12.2021 00:00;;;;;;;;;;;;;;;;;;;;;;;;33;;;;25;19;4;;;;;
UEB;31.12.2021 00:00;;;;;;;;;;;;;;;;;;;;;;;;87;;;;20;470;96;;;;;
UEB;01.01.2022 00:00;;;;;;;;;;;;;;;;;;;;;;;;86;;;;24;455;93;;;;;
UEB;02.01.2022 00:00;;;;;;;;;;;;;;;;;;;;;;;;52;;;;28;125;26;;;;;
UEB;03.01.2022 00:00;;;;;;;;;;;;;;;;;;;;;;;;29;;;;16;0;0;;;;;
UEB;04.01.2022 00:00;;;;;;;;;;;;;;;;;;;;;;;;46;;;;31;45;9;;;;;
UEB;05.01.2022 00:00;;;;;;;;;;;;;;;;;;;;;;;;35;;;;24;95;19;;;;;
UEB;06.01.2022 00:00;;;;;;;;;;;;;;;;;;;;;;;;28;;;;25;0;0;;;;;
UEB;07.01.2022 00:00;;;;;;;;;;;;;;;;;;;;;;;;36;;;;31;24;5;;;;;
UEB;08.01.2022 00:00;;;;;;;;;;;;;;;;;;;;;;;;40;;;;36;11;2;;;;;
UEB;09.01.2022 00:00;;;;;;;;;;;;;;;;;;;;;;;;31;;;;25;33;7;;;;;
UEB;10.01.2022 00:00;;;;;;;;;;;;;;;;;;;;;;;;35;;;;32;0;0;;;;;
UEB;11.01.2022 00:00;;;;;;;;;;;;;;;;;;;;;;;;47;;;;36;47;9;;;;;
UEB;12.01.2022 00:00;;;;;;;;;;;;;;;;;;;;;;;;73;;;;42;219;44;;;;;
UEB;13.01.2022 00:00;;;;;;;;;;;;;;;;;;;;;;;;98;;;;27;490;98;;;;;
UEB;14.01.2022 00:00;;;;;;;;;;;;;;;;;;;;;;;;94;;;;24;493;98;;;;;
UEB;15.01.2022 00:00;;;;;;;;;;;;;;;;;;;;;;;;98;;;;26;495;98;;;;;
UEB;16.01.2022 00:00;;;;;;;;;;;;;;;;;;;;;;;;98;;;;28;471;94;;;;;
UEB;17.01.2022 00:00;;;;;;;;;;;;;;;;;;;;;;;;100;;;;39;412;81;;;;;
UEB;18.01.2022 00:00;;;;;;;;;;;;;;;;;;;;;;;;44;;;;40;16;3;;;;;
UEB;19.01.2022 00:00;;;;;;;;;;;;;;;;;;;;;;;;77;;;;37;258;50;;;;;
UEB;20.01.2022 00:00;;;;;;;;;;;;;;;;;;;;;;;;23;;;;21;0;0;;;;;
UEB;21.01.2022 00:00;;;;;;;;;;;;;;;;;;;;;;;;97;;;;45;291;56;;;;;
UEB;22.01.2022 00:00;;;;;;;;;;;;;;;;;;;;;;;;70;;;;43;137;26;;;;;
UEB;23.01.2022 00:00;;;;;;;;;;;;;;;;;;;;;;;;79;;;;56;99;19;;;;;
UEB;24.01.2022 00:00;;;;;;;;;;;;;;;;;;;;;;;;64;;;;51;131;25;;;;;
UEB;25.01.2022 00:00;;;;;;;;;;;;;;;;;;;;;;;;114;;;;28;526;100;;;;;
UEB;26.01.2022 00:00;;;;;;;;;;;;;;;;;;;;;;;;116;;;;28;528;100;;;;;
UEB;27.01.2022 00:00;;;;;;;;;;;;;;;;;;;;;;;;104;;;;52;393;74;;;;;
UEB;28.01.2022 00:00;;;;;;;;;;;;;;;;;;;;;;;;109;;;;40;334;63;;;;;
UEB;29.01.2022 00:00;;;;;;;;;;;;;;;;;;;;;;;;104;;;;41;336;63;;;;;
UEB;30.01.2022 00:00;;;;;;;;;;;;;;;;;;;;;;;;53;;;;41;61;11;;;;;
UEB;31.01.2022 00:00;;;;;;;;;;;;;;;;;;;;;;;;30;;;;26;5;1;;;;;
UEB;01.02.2022 00:00;;;;;;;;;;;;;;;;;;;;;;;;24;;;;21;0;0;;;;;
UEB;02.02.2022 00:00;;;;;;;;;;;;;;;;;;;;;;;;15;;;;13;0;0;;;;;
UEB;03.02.2022 00:00;;;;;;;;;;;;;;;;;;;;;;;;82;;;;65;97;18;;;;;
UEB;04.02.2022 00:00;;;;;;;;;;;;;;;;;;;;;;;;85;;;;56;129;24;;;;;
UEB;05.02.2022 00:00;;;;;;;;;;;;;;;;;;;;;;;;132;;;;29;519;94;;;;;
UEB;06.02.2022 00:00;;;;;;;;;;;;;;;;;;;;;;;;55;;;;40;98;18;;;;;
UEB;07.02.2022 00:00;;;;;;;;;;;;;;;;;;;;;;;;104;;;;45;307;54;;;;;
UEB;08.02.2022 00:00;;;;;;;;;;;;;;;;;;;;;;;;132;;;;29;511;90;;;;;
UEB;09.02.2022 00:00;;;;;;;;;;;;;;;;;;;;;;;;143;;;;28;581;100;;;;;
UEB;10.02.2022 00:00;;;;;;;;;;;;;;;;;;;;;;;;137;;;;32;559;97;;;;;
UEB;11.02.2022 00:00;;;;;;;;;;;;;;;;;;;;;;;;110;;;;49;236;41;;;;;
UEB;12.02.2022 00:00;;;;;;;;;;;;;;;;;;;;;;;;146;;;;50;483;83;;;;;
UEB;13.02.2022 00:00;;;;;;;;;;;;;;;;;;;;;;;;148;;;;32;569;98;;;;;
UEB;14.02.2022 00:00;;;;;;;;;;;;;;;;;;;;;;;;67;;;;56;90;15;;;;;
UEB;15.02.2022 00:00;;;;;;;;;;;;;;;;;;;;;;;;47;;;;32;84;14;;;;;
UEB;16.02.2022 00:00;;;;;;;;;;;;;;;;;;;;;;;;31;;;;28;0;0;;;;;
UEB;17.02.2022 00:00;;;;;;;;;;;;;;;;;;;;;;;;57;;;;35;107;18;;;;;
UEB;18.02.2022 00:00;;;;;;;;;;;;;;;;;;;;;;;;65;;;;55;49;8;;;;;
UEB;19.02.2022 00:00;;;;;;;;;;;;;;;;;;;;;;;;89;;;;62;179;30;;;;;
UEB;20.02.2022 00:00;;;;;;;;;;;;;;;;;;;;;;;;108;;;;79;98;16;;;;;
UEB;21.02.2022 00:00;;;;;;;;;;;;;;;;;;;;;;;;53;;;;41;32;5;;;;;
UEB;22.02.2022 00:00;;;;;;;;;;;;;;;;;;;;;;;;75;;;;57;48;8;;;;;
UEB;23.02.2022 00:00;;;;;;;;;;;;;;;;;;;;;;;;139;;;;69;250;41;;;;;
UEB;24.02.2022 00:00;;;;;;;;;;;;;;;;;;;;;;;;116;;;;69;234;38;;;;;
UEB;25.02.2022 00:00;;;;;;;;;;;;;;;;;;;;;;;;130;;;;59;283;46;;;;;
UEB;26.02.2022 00:00;;;;;;;;;;;;;;;;;;;;;;;;136;;;;60;347;56;;;;;
UEB;27.02.2022 00:00;;;;;;;;;;;;;;;;;;;;;;;;188;;;;36;636;100;;;;;
UEB;28.02.2022 00:00;;;;;;;;;;;;;;;;;;;;;;;;182;;;;35;637;100;;;;;
UEB;01.03.2022 00:00;;;;;;;;;;;;;;;;;;;;;;;;189;;;;47;583;92;;;;;
UEB;02.03.2022 00:00;;;;;;;;;;;;;;;;;;;;;;;;148;;;;91;279;44;;;;;
UEB;03.03.2022 00:00;;;;;;;;;;;;;;;;;;;;;;;;187;;;;39;631;99;;;;;
UEB;04.03.2022 00:00;;;;;;;;;;;;;;;;;;;;;;;;199;;;;37;650;100;;;;;
UEB;05.03.2022 00:00;;;;;;;;;;;;;;;;;;;;;;;;199;;;;40;644;100;;;;;
UEB;06.03.2022 00:00;;;;;;;;;;;;;;;;;;;;;;;;186;;;;60;549;85;;;;;
UEB;07.03.2022 00:00;;;;;;;;;;;;;;;;;;;;;;;;194;;;;76;560;86;;;;;
UEB;08.03.2022 00:00;;;;;;;;;;;;;;;;;;;;;;;;198;;;;49;639;98;;;;;
UEB;09.03.2022 00:00;;;;;;;;;;;;;;;;;;;;;;;;202;;;;46;647;98;;;;;
UEB;10.03.2022 00:00;;;;;;;;;;;;;;;;;;;;;;;;211;;;;38;651;98;;;;;
UEB;11.03.2022 00:00;;;;;;;;;;;;;;;;;;;;;;;;183;;;;71;431;65;;;;;
UEB;12.03.2022 00:00;;;;;;;;;;;;;;;;;;;;;;;;177;;;;105;392;59;;;;;
UEB;13.03.2022 00:00;;;;;;;;;;;;;;;;;;;;;;;;205;;;;43;631;94;;;;;
UEB;14.03.2022 00:00;;;;;;;;;;;;;;;;;;;;;;;;212;;;;46;573;85;;;;;
UEB;15.03.2022 00:00;;;;;;;;;;;;;;;;;;;;;;;;28;;;;26;0;0;;;;;
UEB;16.03.2022 00:00;;;;;;;;;;;;;;;;;;;;;;;;130;;;;114;0;0;;;;;
UEB;17.03.2022 00:00;;;;;;;;;;;;;;;;;;;;;;;;151;;;;113;11;2;;;;;
UEB;18.03.2022 00:00;;;;;;;;;;;;;;;;;;;;;;;;32;;;;30;0;0;;;;;
UEB;19.03.2022 00:00;;;;;;;;;;;;;;;;;;;;;;;;217;;;;68;635;92;;;;;
UEB;20.03.2022 00:00;;;;;;;;;;;;;;;;;;;;;;;;216;;;;64;654;95;;;;;
UEB;21.03.2022 00:00;;;;;;;;;;;;;;;;;;;;;;;;197;;;;96;534;77;;;;;
UEB;22.03.2022 00:00;;;;;;;;;;;;;;;;;;;;;;;;231;;;;55;685;98;;;;;
UEB;23.03.2022 00:00;;;;;;;;;;;;;;;;;;;;;;;;237;;;;54;696;99;;;;;
UEB;24.03.2022 00:00;;;;;;;;;;;;;;;;;;;;;;;;237;;;;55;691;97;;;;;
UEB;25.03.2022 00:00;;;;;;;;;;;;;;;;;;;;;;;;235;;;;64;684;96;;;;;
UEB;26.03.2022 00:00;;;;;;;;;;;;;;;;;;;;;;;;237;;;;68;675;94;;;;;
UEB;27.03.2022 00:00;;;;;;;;;;;;;;;;;;;;;;;;247;;;;61;701;98;;;;;
UEB;28.03.2022 00:00;;;;;;;;;;;;;;;;;;;;;;;;242;;;;75;661;92;;;;;
UEB;29.03.2022 00:00;;;;;;;;;;;;;;;;;;;;;;;;142;;;;113;67;9;;;;;
UEB;30.03.2022 00:00;;;;;;;;;;;;;;;;;;;;;;;;80;;;;73;12;2;;;;;
UEB;31.03.2022 00:00;;;;;;;;;;;;;;;;;;;;;;;;49;;;;47;0;0;;;;;
UEB;01.04.2022 00:00;;;;;;;;;;;;;;;;;;;;;;;;60;;;;58;0;0;;;;;
UEB;02.04.2022 00:00;;;;;;;;;;;;;;;;;;;;;;;;70;;;;68;0;0;;;;;
UEB;03.04.2022 00:00;;;;;;;;;;;;;;;;;;;;;;;;114;;;;104;14;2;;;;;
UEB;04.04.2022 00:00;;;;;;;;;;;;;;;;;;;;;;;;230;;;;101;436;59;;;;;
UEB;05.04.2022 00:00;;;;;;;;;;;;;;;;;;;;;;;;117;;;;104;16;2;;;;;
UEB;06.04.2022 00:00;;;;;;;;;;;;;;;;;;;;;;;;219;;;;96;298;40;;;;;
UEB;07.04.2022 00:00;;;;;;;;;;;;;;;;;;;;;;;;91;;;;70;105;14;;;;;
UEB;08.04.2022 00:00;;;;;;;;;;;;;;;;;;;;;;;;85;;;;73;35;5;;;;;
UEB;09.04.2022 00:00;;;;;;;;;;;;;;;;;;;;;;;;173;;;;90;279;37;;;;;
UEB;10.04.2022 00:00;;;;;;;;;;;;;;;;;;;;;;;;234;;;;80;551;73;;;;;
UEB;11.04.2022 00:00;;;;;;;;;;;;;;;;;;;;;;;;262;;;;86;632;83;;;;;
UEB;12.04.2022 00:00;;;;;;;;;;;;;;;;;;;;;;;;241;;;;111;526;69;;;;;
UEB;13.04.2022 00:00;;;;;;;;;;;;;;;;;;;;;;;;270;;;;86;665;87;;;;;
UEB;14.04.2022 00:00;;;;;;;;;;;;;;;;;;;;;;;;267;;;;77;604;78;;;;;
UEB;15.04.2022 00:00;;;;;;;;;;;;;;;;;;;;;;;;186;;;;116;250;32;;;;;
UEB;16.04.2022 00:00;;;;;;;;;;;;;;;;;;;;;;;;219;;;;125;327;42;;;;;
UEB;17.04.2022 00:00;;;;;;;;;;;;;;;;;;;;;;;;303;;;;47;763;97;;;;;
UEB;18.04.2022 00:00;;;;;;;;;;;;;;;;;;;;;;;;306;;;;41;781;99;;;;;
UEB;19.04.2022 00:00;;;;;;;;;;;;;;;;;;;;;;;;291;;;;74;703;89;;;;;
UEB;20.04.2022 00:00;;;;;;;;;;;;;;;;;;;;;;;;299;;;;54;718;91;;;;;
UEB;21.04.2022 00:00;;;;;;;;;;;;;;;;;;;;;;;;302;;;;70;771;97;;;;;
UEB;22.04.2022 00:00;;;;;;;;;;;;;;;;;;;;;;;;278;;;;102;689;86;;;;;
UEB;23.04.2022 00:00;;;;;;;;;;;;;;;;;;;;;;;;125;;;;110;50;6;;;;;
UEB;24.04.2022 00:00;;;;;;;;;;;;;;;;;;;;;;;;75;;;;70;0;0;;;;;
UEB;25.04.2022 00:00;;;;;;;;;;;;;;;;;;;;;;;;95;;;;84;18;2;;;;;
UEB;26.04.2022 00:00;;;;;;;;;;;;;;;;;;;;;;;;171;;;;94;209;26;;;;;
UEB;27.04.2022 00:00;;;;;;;;;;;;;;;;;;;;;;;;277;;;;92;639;79;;;;;
UEB;28.04.2022 00:00;;;;;;;;;;;;;;;;;;;;;;;;325;;;;47;811;100;;;;;
UEB;29.04.2022 00:00;;;;;;;;;;;;;;;;;;;;;;;;281;;;;129;511;62;;;;;
UEB;30.04.2022 00:00;;;;;;;;;;;;;;;;;;;;;;;;116;;;;95;37;5;;;;;
UEB;01.05.2022 00:00;;;;;;;;;;;;;;;;;;;;;;;;293;;;;87;620;75;;;;;
UEB;02.05.2022 00:00;;;;;;;;;;;;;;;;;;;;;;;;315;;;;64;714;86;;;;;
UEB;03.05.2022 00:00;;;;;;;;;;;;;;;;;;;;;;;;173;;;;105;225;27;;;;;
UEB;04.05.2022 00:00;;;;;;;;;;;;;;;;;;;;;;;;245;;;;107;370;45;;;;;
UEB;05.05.2022 00:00;;;;;;;;;;;;;;;;;;;;;;;;64;;;;59;0;0;;;;;
UEB;06.05.2022 00:00;;;;;;;;;;;;;;;;;;;;;;;;71;;;;67;0;0;;;;;
UEB;07.05.2022 00:00;;;;;;;;;;;;;;;;;;;;;;;;114;;;;94;37;4;;;;;
UEB;08.05.2022 00:00;;;;;;;;;;;;;;;;;;;;;;;;97;;;;86;9;1;;;;;
UEB;09.05.2022 00:00;;;;;;;;;;;;;;;;;;;;;;;;238;;;;129;338;40;;;;;
UEB;10.05.2022 00:00;;;;;;;;;;;;;;;;;;;;;;;;310;;;;92;644;76;;;;;
UEB;11.05.2022 00:00;;;;;;;;;;;;;;;;;;;;;;;;332;;;;49;831;98;;;;;
UEB;12.05.2022 00:00;;;;;;;;;;;;;;;;;;;;;;;;295;;;;88;517;61;;;;;
UEB;13.05.2022 00:00;;;;;;;;;;;;;;;;;;;;;;;;123;;;;102;48;6;;;;;
UEB;14.05.2022 00:00;;;;;;;;;;;;;;;;;;;;;;;;320;;;;89;699;82;;;;;
UEB;15.05.2022 00:00;;;;;;;;;;;;;;;;;;;;;;;;329;;;;66;788;92;;;;;
UEB;16.05.2022 00:00;;;;;;;;;;;;;;;;;;;;;;;;286;;;;115;466;54;;;;;
UEB;17.05.2022 00:00;;;;;;;;;;;;;;;;;;;;;;;;334;;;;88;863;99;;;;;
UEB;18.05.2022 00:00;;;;;;;;;;;;;;;;;;;;;;;;337;;;;51;843;97;;;;;
UEB;19.05.2022 00:00;;;;;;;;;;;;;;;;;;;;;;;;273;;;;107;513;59;;;;;
UEB;20.05.2022 00:00;;;;;;;;;;;;;;;;;;;;;;;;318;;;;86;757;87;;;;;
UEB;21.05.2022 00:00;;;;;;;;;;;;;;;;;;;;;;;;237;;;;114;375;43;;;;;
UEB;22.05.2022 00:00;;;;;;;;;;;;;;;;;;;;;;;;213;;;;157;134;15;;;;;
UEB;23.05.2022 00:00;;;;;;;;;;;;;;;;;;;;;;;;200;;;;94;268;30;;;;;
UEB;24.05.2022 00:00;;;;;;;;;;;;;;;;;;;;;;;;62;;;;56;0;0;;;;;
UEB;25.05.2022 00:00;;;;;;;;;;;;;;;;;;;;;;;;240;;;;99;328;37;;;;;
UEB;26.05.2022 00:00;;;;;;;;;;;;;;;;;;;;;;;;309;;;;96;629;71;;;;;
UEB;27.05.2022 00:00;;;;;;;;;;;;;;;;;;;;;;;;342;;;;68;789;89;;;;;
UEB;28.05.2022 00:00;;;;;;;;;;;;;;;;;;;;;;;;214;;;;141;255;29;;;;;
UEB;29.05.2022 00:00;;;;;;;;;;;;;;;;;;;;;;;;281;;;;130;432;49;;;;;
UEB;30.05.2022 00:00;;;;;;;;;;;;;;;;;;;;;;;;366;;;;63;894;100;;;;;
UEB;31.05.2022 00:00;;;;;;;;;;;;;;;;;;;;;;;;157;;;;105;123;14;;;;;
UEB;01.06.2022 00:00;;;;;;;;;;;;;;;;;;;;;;;;131;;;;103;103;11;;;;;
UEB;02.06.2022 00:00;;;;;;;;;;;;;;;;;;;;;;;;234;;;;156;315;35;;;;;
UEB;03.06.2022 00:00;;;;;;;;;;;;;;;;;;;;;;;;201;;;;96;366;41;;;;;
UEB;04.06.2022 00:00;;;;;;;;;;;;;;;;;;;;;;;;323;;;;67;643;72;;;;;
UEB;05.06.2022 00:00;;;;;;;;;;;;;;;;;;;;;;;;118;;;;80;152;17;;;;;
UEB;06.06.2022 00:00;;;;;;;;;;;;;;;;;;;;;;;;262;;;;156;321;36;;;;;
UEB;07.06.2022 00:00;;;;;;;;;;;;;;;;;;;;;;;;153;;;;109;121;13;;;;;
UEB;08.06.2022 00:00;;;;;;;;;;;;;;;;;;;;;;;;226;;;;105;405;45;;;;;
UEB;09.06.2022 00:00;;;;;;;;;;;;;;;;;;;;;;;;159;;;;117;89;10;;;;;
UEB;10.06.2022 00:00;;;;;;;;;;;;;;;;;;;;;;;;334;;;;81;807;89;;;;;
UEB;11.06.2022 00:00;;;;;;;;;;;;;;;;;;;;;;;;368;;;;50;904;100;;;;;
UEB;12.06.2022 00:00;;;;;;;;;;;;;;;;;;;;;;;;354;;;;60;811;89;;;;;
UEB;13.06.2022 00:00;;;;;;;;;;;;;;;;;;;;;;;;291;;;;81;553;61;;;;;
UEB;14.06.2022 00:00;;;;;;;;;;;;;;;;;;;;;;;;368;;;;60;872;96;;;;;
UEB;15.06.2022 00:00;;;;;;;;;;;;;;;;;;;;;;;;351;;;;86;826;91;;;;;
UEB;16.06.2022 00:00;;;;;;;;;;;;;;;;;;;;;;;;329;;;;87;779;86;;;;;
UEB;17.06.2022 00:00;;;;;;;;;;;;;;;;;;;;;;;;350;;;;95;788;87;;;;;
UEB;18.06.2022 00:00;;;;;;;;;;;;;;;;;;;;;;;;352;;;;95;858;94;;;;;
UEB;19.06.2022 00:00;;;;;;;;;;;;;;;;;;;;;;;;351;;;;86;797;87;;;;;
UEB;20.06.2022 00:00;;;;;;;;;;;;;;;;;;;;;;;;338;;;;84;755;83;;;;;
UEB;21.06.2022 00:00;;;;;;;;;;;;;;;;;;;;;;;;279;;;;131;487;53;;;;;
UEB;22.06.2022 00:00;;;;;;;;;;;;;;;;;;;;;;;;168;;;;102;155;17;;;;;
UEB;23.06.2022 00:00;;;;;;;;;;;;;;;;;;;;;;;;331;;;;72;685;75;;;;;
UEB;24.06.2022 00:00;;;;;;;;;;;;;;;;;;;;;;;;98;;;;68;137;15;;;;;
UEB;25.06.2022 00:00;;;;;;;;;;;;;;;;;;;;;;;;356;;;;50;840;93;;;;;
UEB;26.06.2022 00:00;;;;;;;;;;;;;;;;;;;;;;;;331;;;;86;742;82;;;;;
UEB;27.06.2022 00:00;;;;;;;;;;;;;;;;;;;;;;;;200;;;;138;249;27;;;;;
UEB;28.06.2022 00:00;;;;;;;;;;;;;;;;;;;;;;;;65;;;;60;1;0;;;;;
UEB;29.06.2022 00:00;;;;;;;;;;;;;;;;;;;;;;;;306;;;;99;663;73;;;;;
UEB;30.06.2022 00:00;;;;;;;;;;;;;;;;;;;;;;;;219;;;;72;508;56;;;;;
UEB;01.07.2022 00:00;;;;;;;;;;;;;;;;;;;;;;;;178;;;;119;234;26;;;;;
UEB;02.07.2022 00:00;;;;;;;;;;;;;;;;;;;;;;;;366;;;;49;880;97;;;;;
UEB;03.07.2022 00:00;;;;;;;;;;;;;;;;;;;;;;;;344;;;;63;836;93;;;;;
UEB;04.07.2022 00:00;;;;;;;;;;;;;;;;;;;;;;;;175;;;;118;155;17;;;;;
UEB;05.07.2022 00:00;;;;;;;;;;;;;;;;;;;;;;;;272;;;;94;509;56;;;;;
UEB;06.07.2022 00:00;;;;;;;;;;;;;;;;;;;;;;;;349;;;;68;796;88;;;;;
UEB;07.07.2022 00:00;;;;;;;;;;;;;;;;;;;;;;;;255;;;;117;455;51;;;;;
UEB;08.07.2022 00:00;;;;;;;;;;;;;;;;;;;;;;;;348;;;;69;787;88;;;;;
UEB;09.07.2022 00:00;;;;;;;;;;;;;;;;;;;;;;;;344;;;;68;797;89;;;;;
UEB;10.07.2022 00:00;;;;;;;;;;;;;;;;;;;;;;;;291;;;;107;519;58;;;;;
UEB;11.07.2022 00:00;;;;;;;;;;;;;;;;;;;;;;;;354;;;;45;879;98;;;;;
UEB;12.07.2022 00:00;;;;;;;;;;;;;;;;;;;;;;;;357;;;;50;870;98;;;;;
UEB;13.07.2022 00:00;;;;;;;;;;;;;;;;;;;;;;;;337;;;;53;729;82;;;;;
UEB;14.07.2022 00:00;;;;;;;;;;;;;;;;;;;;;;;;329;;;;84;729;82;;;;;
UEB;15.07.2022 00:00;;;;;;;;;;;;;;;;;;;;;;;;341;;;;62;821;92;;;;;
UEB;16.07.2022 00:00;;;;;;;;;;;;;;;;;;;;;;;;349;;;;53;885;100;;;;;
UEB;17.07.2022 00:00;;;;;;;;;;;;;;;;;;;;;;;;350;;;;47;886;100;;;;;
UEB;18.07.2022 00:00;;;;;;;;;;;;;;;;;;;;;;;;348;;;;55;887;100;;;;;
UEB;19.07.2022 00:00;;;;;;;;;;;;;;;;;;;;;;;;347;;;;49;849;97;;;;;
UEB;20.07.2022 00:00;;;;;;;;;;;;;;;;;;;;;;;;236;;;;112;392;45;;;;;
UEB;21.07.2022 00:00;;;;;;;;;;;;;;;;;;;;;;;;309;;;;98;613;70;;;;;
UEB;22.07.2022 00:00;;;;;;;;;;;;;;;;;;;;;;;;335;;;;57;795;91;;;;;
UEB;23.07.2022 00:00;;;;;;;;;;;;;;;;;;;;;;;;176;;;;88;263;30;;;;;
UEB;24.07.2022 00:00;;;;;;;;;;;;;;;;;;;;;;;;331;;;;65;842;97;;;;;
UEB;25.07.2022 00:00;;;;;;;;;;;;;;;;;;;;;;;;319;;;;76;741;85;;;;;
UEB;26.07.2022 00:00;;;;;;;;;;;;;;;;;;;;;;;;198;;;;109;277;32;;;;;
UEB;27.07.2022 00:00;;;;;;;;;;;;;;;;;;;;;;;;252;;;;136;354;41;;;;;
UEB;28.07.2022 00:00;;;;;;;;;;;;;;;;;;;;;;;;289;;;;78;640;75;;;;;
UEB;29.07.2022 00:00;;;;;;;;;;;;;;;;;;;;;;;;124;;;;94;118;14;;;;;
UEB;30.07.2022 00:00;;;;;;;;;;;;;;;;;;;;;;;;263;;;;99;512;60;;;;;
UEB;31.07.2022 00:00;;;;;;;;;;;;;;;;;;;;;;;;281;;;;82;656;77;;;;;
UEB;01.08.2022 00:00;;;;;;;;;;;;;;;;;;;;;;;;297;;;;64;574;68;;;;;
UEB;02.08.2022 00:00;;;;;;;;;;;;;;;;;;;;;;;;314;;;;66;830;98;;;;;
UEB;03.08.2022 00:00;;;;;;;;;;;;;;;;;;;;;;;;319;;;;41;840;100;;;;;
UEB;04.08.2022 00:00;;;;;;;;;;;;;;;;;;;;;;;;317;;;;45;813;97;;;;;
UEB;05.08.2022 00:00;;;;;;;;;;;;;;;;;;;;;;;;262;;;;106;465;56;;;;;
UEB;06.08.2022 00:00;;;;;;;;;;;;;;;;;;;;;;;;82;;;;78;0;0;;;;;
UEB;07.08.2022 00:00;;;;;;;;;;;;;;;;;;;;;;;;81;;;;71;11;1;;;;;
UEB;08.08.2022 00:00;;;;;;;;;;;;;;;;;;;;;;;;314;;;;50;820;99;;;;;
UEB;09.08.2022 00:00;;;;;;;;;;;;;;;;;;;;;;;;319;;;;44;823;100;;;;;
UEB;10.08.2022 00:00;;;;;;;;;;;;;;;;;;;;;;;;317;;;;45;819;99;;;;;
UEB;11.08.2022 00:00;;;;;;;;;;;;;;;;;;;;;;;;310;;;;52;810;99;;;;;
UEB;12.08.2022 00:00;;;;;;;;;;;;;;;;;;;;;;;;317;;;;44;811;99;;;;;
UEB;13.08.2022 00:00;;;;;;;;;;;;;;;;;;;;;;;;315;;;;43;812;100;;;;;
UEB;14.08.2022 00:00;;;;;;;;;;;;;;;;;;;;;;;;226;;;;112;421;52;;;;;
UEB;15.08.2022 00:00;;;;;;;;;;;;;;;;;;;;;;;;232;;;;75;487;60;;;;;
UEB;16.08.2022 00:00;;;;;;;;;;;;;;;;;;;;;;;;294;;;;51;780;97;;;;;
UEB;17.08.2022 00:00;;;;;;;;;;;;;;;;;;;;;;;;227;;;;105;386;48;;;;;
UEB;18.08.2022 00:00;;;;;;;;;;;;;;;;;;;;;;;;98;;;;66;122;15;;;;;
UEB;19.08.2022 00:00;;;;;;;;;;;;;;;;;;;;;;;;35;;;;31;0;0;;;;;
UEB;20.08.2022 00:00;;;;;;;;;;;;;;;;;;;;;;;;153;;;;112;97;12;;;;;
UEB;21.08.2022 00:00;;;;;;;;;;;;;;;;;;;;;;;;265;;;;80;632;80;;;;;
UEB;22.08.2022 00:00;;;;;;;;;;;;;;;;;;;;;;;;289;;;;48;769;97;;;;;
UEB;23.08.2022 00:00;;;;;;;;;;;;;;;;;;;;;;;;292;;;;44;781;99;;;;;
UEB;24.08.2022 00:00;;;;;;;;;;;;;;;;;;;;;;;;280;;;;66;693;88;;;;;
UEB;25.08.2022 00:00;;;;;;;;;;;;;;;;;;;;;;;;284;;;;44;773;99;;;;;
UEB;26.08.2022 00:00;;;;;;;;;;;;;;;;;;;;;;;;224;;;;88;524;67;;;;;
UEB;27.08.2022 00:00;;;;;;;;;;;;;;;;;;;;;;;;167;;;;113;149;19;;;;;
UEB;28.08.2022 00:00;;;;;;;;;;;;;;;;;;;;;;;;181;;;;93;320;42;;;;;
UEB;29.08.2022 00:00;;;;;;;;;;;;;;;;;;;;;;;;275;;;;59;729;95;;;;;
UEB;30.08.2022 00:00;;;;;;;;;;;;;;;;;;;;;;;;235;;;;93;529;70;;;;;
UEB;31.08.2022 00:00;;;;;;;;;;;;;;;;;;;;;;;;89;;;;76;29;4;;;;;
UEB;01.09.2022 00:00;;;;;;;;;;;;;;;;;;;;;;;;156;;;;93;229;30;;;;;
UEB;02.09.2022 00:00;;;;;;;;;;;;;;;;;;;;;;;;227;;;;64;539;71;;;;;
UEB;03.09.2022 00:00;;;;;;;;;;;;;;;;;;;;;;;;150;;;;77;264;35;;;;;
UEB;04.09.2022 00:00;;;;;;;;;;;;;;;;;;;;;;;;238;;;;76;552;74;;;;;
UEB;05.09.2022 00:00;;;;;;;;;;;;;;;;;;;;;;;;200;;;;78;449;60;;;;;
UEB;06.09.2022 00:00;;;;;;;;;;;;;;;;;;;;;;;;112;;;;74;142;19;;;;;
UEB;07.09.2022 00:00;;;;;;;;;;;;;;;;;;;;;;;;181;;;;105;253;34;;;;;
UEB;08.09.2022 00:00;;;;;;;;;;;;;;;;;;;;;;;;224;;;;75;529;72;;;;;
UEB;09.09.2022 00:00;;;;;;;;;;;;;;;;;;;;;;;;177;;;;82;313;42;;;;;
UEB;10.09.2022 00:00;;;;;;;;;;;;;;;;;;;;;;;;152;;;;98;129;18;;;;;
UEB;11.09.2022 00:00;;;;;;;;;;;;;;;;;;;;;;;;196;;;;66;480;66;;;;;
UEB;12.09.2022 00:00;;;;;;;;;;;;;;;;;;;;;;;;249;;;;45;722;100;;;;;
UEB;13.09.2022 00:00;;;;;;;;;;;;;;;;;;;;;;;;184;;;;85;405;56;;;;;
UEB;14.09.2022 00:00;;;;;;;;;;;;;;;;;;;;;;;;92;;;;75;69;10;;;;;
UEB;15.09.2022 00:00;;;;;;;;;;;;;;;;;;;;;;;;58;;;;52;4;1;;;;;
UEB;16.09.2022 00:00;;;;;;;;;;;;;;;;;;;;;;;;81;;;;66;34;5;;;;;
UEB;17.09.2022 00:00;;;;;;;;;;;;;;;;;;;;;;;;135;;;;89;128;18;;;;;
UEB;18.09.2022 00:00;;;;;;;;;;;;;;;;;;;;;;;;199;;;;71;426;60;;;;;
UEB;19.09.2022 00:00;;;;;;;;;;;;;;;;;;;;;;;;170;;;;69;364;52;;;;;
UEB;20.09.2022 00:00;;;;;;;;;;;;;;;;;;;;;;;;217;;;;63;598;86;;;;;
UEB;21.09.2022 00:00;;;;;;;;;;;;;;;;;;;;;;;;231;;;;47;663;96;;;;;
UEB;22.09.2022 00:00;;;;;;;;;;;;;;;;;;;;;;;;224;;;;39;697;100;;;;;
UEB;23.09.2022 00:00;;;;;;;;;;;;;;;;;;;;;;;;194;;;;89;439;64;;;;;
UEB;24.09.2022 00:00;;;;;;;;;;;;;;;;;;;;;;;;61;;;;54;17;2;;;;;
UEB;25.09.2022 00:00;;;;;;;;;;;;;;;;;;;;;;;;64;;;;60;0;0;;;;;
UEB;26.09.2022 00:00;;;;;;;;;;;;;;;;;;;;;;;;104;;;;70;84;12;;;;;
UEB;27.09.2022 00:00;;;;;;;;;;;;;;;;;;;;;;;;65;;;;55;21;3;;;;;
UEB;28.09.2022 00:00;;;;;;;;;;;;;;;;;;;;;;;;33;;;;29;0;0;;;;;
UEB;29.09.2022 00:00;;;;;;;;;;;;;;;;;;;;;;;;71;;;;66;0;0;;;;;
UEB;30.09.2022 00:00;;;;;;;;;;;;;;;;;;;;;;;;72;;;;66;0;0;;;;;
UEB;01.10.2022 00:00;;;;;;;;;;;;;;;;;;;;;;;;22;;;;18;0;0;;;;;
UEB;02.10.2022 00:00;;;;;;;;;;;;;;;;;;;;;;;;83;;;;57;130;20;;;;;
UEB;03.10.2022 00:00;;;;;;;;;;;;;;;;;;;;;;;;137;;;;89;214;33;;;;;
UEB;04.10.2022 00:00;;;;;;;;;;;;;;;;;;;;;;;;156;;;;71;344;53;;;;;
UEB;05.10.2022 00:00;;;;;;;;;;;;;;;;;;;;;;;;193;;;;34;661;100;;;;;
UEB;06.10.2022 00:00;;;;;;;;;;;;;;;;;;;;;;;;158;;;;62;490;76;;;;;
UEB;07.10.2022 00:00;;;;;;;;;;;;;;;;;;;;;;;;121;;;;60;251;39;;;;;
UEB;08.10.2022 00:00;;;;;;;;;;;;;;;;;;;;;;;;42;;;;37;0;0;;;;;
UEB;09.10.2022 00:00;;;;;;;;;;;;;;;;;;;;;;;;64;;;;59;0;0;;;;;
UEB;10.10.2022 00:00;;;;;;;;;;;;;;;;;;;;;;;;136;;;;71;301;47;;;;;
UEB;11.10.2022 00:00;;;;;;;;;;;;;;;;;;;;;;;;131;;;;82;219;35;;;;;
UEB;12.10.2022 00:00;;;;;;;;;;;;;;;;;;;;;;;;54;;;;49;0;0;;;;;
UEB;13.10.2022 00:00;;;;;;;;;;;;;;;;;;;;;;;;82;;;;72;12;2;;;;;
UEB;14.10.2022 00:00;;;;;;;;;;;;;;;;;;;;;;;;41;;;;37;0;0;;;;;
UEB;15.10.2022 00:00;;;;;;;;;;;;;;;;;;;;;;;;87;;;;70;81;13;;;;;
UEB;16.10.2022 00:00;;;;;;;;;;;;;;;;;;;;;;;;159;;;;43;499;81;;;;;
UEB;17.10.2022 00:00;;;;;;;;;;;;;;;;;;;;;;;;151;;;;49;597;97;;;;;
UEB;18.10.2022 00:00;;;;;;;;;;;;;;;;;;;;;;;;142;;;;47;492;81;;;;;
UEB;19.10.2022 00:00;;;;;;;;;;;;;;;;;;;;;;;;157;;;;63;468;77;;;;;
UEB;20.10.2022 00:00;;;;;;;;;;;;;;;;;;;;;;;;74;;;;64;9;1;;;;;
UEB;21.10.2022 00:00;;;;;;;;;;;;;;;;;;;;;;;;30;;;;26;0;0;;;;;
UEB;22.10.2022 00:00;;;;;;;;;;;;;;;;;;;;;;;;135;;;;38;480;80;;;;;
UEB;23.10.2022 00:00;;;;;;;;;;;;;;;;;;;;;;;;97;;;;71;123;21;;;;;
UEB;24.10.2022 00:00;;;;;;;;;;;;;;;;;;;;;;;;18;;;;14;4;1;;;;;
UEB;25.10.2022 00:00;;;;;;;;;;;;;;;;;;;;;;;;135;;;;38;428;72;;;;;
UEB;26.10.2022 00:00;;;;;;;;;;;;;;;;;;;;;;;;129;;;;41;462;78;;;;;
UEB;27.10.2022 00:00;;;;;;;;;;;;;;;;;;;;;;;;136;;;;33;537;92;;;;;
UEB;28.10.2022 00:00;;;;;;;;;;;;;;;;;;;;;;;;73;;;;54;126;22;;;;;
UEB;29.10.2022 00:00;;;;;;;;;;;;;;;;;;;;;;;;117;;;;64;365;63;;;;;
UEB;30.10.2022 00:00;;;;;;;;;;;;;;;;;;;;;;;;96;;;;62;206;36;;;;;
UEB;31.10.2022 00:00;;;;;;;;;;;;;;;;;;;;;;;;106;;;;55;299;52;;;;;
UEB;01.11.2022 00:00;;;;;;;;;;;;;;;;;;;;;;;;48;;;;36;45;8;;;;;
UEB;02.11.2022 00:00;;;;;;;;;;;;;;;;;;;;;;;;70;;;;54;126;22;;;;;
UEB;03.11.2022 00:00;;;;;;;;;;;;;;;;;;;;;;;;73;;;;52;86;15;;;;;
UEB;04.11.2022 00:00;;;;;;;;;;;;;;;;;;;;;;;;62;;;;52;21;4;;;;;
UEB;05.11.2022 00:00;;;;;;;;;;;;;;;;;;;;;;;;33;;;;29;0;0;;;;;
UEB;06.11.2022 00:00;;;;;;;;;;;;;;;;;;;;;;;;93;;;;62;199;36;;;;;
UEB;07.11.2022 00:00;;;;;;;;;;;;;;;;;;;;;;;;109;;;;39;411;75;;;;;
UEB;08.11.2022 00:00;;;;;;;;;;;;;;;;;;;;;;;;76;;;;53;139;25;;;;;
UEB;09.11.2022 00:00;;;;;;;;;;;;;;;;;;;;;;;;24;;;;20;0;0;;;;;
UEB;10.11.2022 00:00;;;;;;;;;;;;;;;;;;;;;;;;117;;;;39;471;87;;;;;
UEB;11.11.2022 00:00;;;;;;;;;;;;;;;;;;;;;;;;90;;;;62;110;20;;;;;
UEB;12.11.2022 00:00;;;;;;;;;;;;;;;;;;;;;;;;95;;;;63;152;28;;;;;
UEB;13.11.2022 00:00;;;;;;;;;;;;;;;;;;;;;;;;62;;;;55;35;7;;;;;
UEB;14.11.2022 00:00;;;;;;;;;;;;;;;;;;;;;;;;25;;;;21;0;0;;;;;
UEB;15.11.2022 00:00;;;;;;;;;;;;;;;;;;;;;;;;44;;;;37;31;6;;;;;
UEB;16.11.2022 00:00;;;;;;;;;;;;;;;;;;;;;;;;90;;;;40;300;57;;;;;
UEB;17.11.2022 00:00;;;;;;;;;;;;;;;;;;;;;;;;54;;;;37;142;27;;;;;
UEB;18.11.2022 00:00;;;;;;;;;;;;;;;;;;;;;;;;24;;;;20;1;0;;;;;
UEB;19.11.2022 00:00;;;;;;;;;;;;;;;;;;;;;;;;73;;;;40;161;31;;;;;
UEB;20.11.2022 00:00;;;;;;;;;;;;;;;;;;;;;;;;56;;;;42;71;14;;;;;
UEB;21.11.2022 00:00;;;;;;;;;;;;;;;;;;;;;;;;74;;;;40;211;41;;;;;
UEB;22.11.2022 00:00;;;;;;;;;;;;;;;;;;;;;;;;29;;;;25;0;0;;;;;
UEB;23.11.2022 00:00;;;;;;;;;;;;;;;;;;;;;;;;88;;;;27;357;70;;;;;
UEB;24.11.2022 00:00;;;;;;;;;;;;;;;;;;;;;;;;40;;;;26;99;19;;;;;
UEB;25.11.2022 00:00;;;;;;;;;;;;;;;;;;;;;;;;28;;;;23;2;0;;;;;
UEB;26.11.2022 00:00;;;;;;;;;;;;;;;;;;;;;;;;85;;;;37;291;58;;;;;
UEB;27.11.2022 00:00;;;;;;;;;;;;;;;;;;;;;;;;64;;;;44;104;21;;;;;
UEB;28.11.2022 00:00;;;;;;;;;;;;;;;;;;;;;;;;33;;;;28;0;0;;;;;
UEB;29.11.2022 00:00;;;;;;;;;;;;;;;;;;;;;;;;27;;;;23;0;0;;;;;
UEB;30.11.2022 00:00;;;;;;;;;;;;;;;;;;;;;;;;16;;;;12;0;0;;;;;
UEB;01.12.2022 00:00;;;;;;;;;;;;;;;;;;;;;;;;12;;;;8;0;0;;;;;
UEB;02.12.2022 00:00;;;;;;;;;;;;;;;;;;;;;;;;28;;;;23;0;0;;;;;
UEB;03.12.2022 00:00;;;;;;;;;;;;;;;;;;;;;;;;26;;;;23;0;0;;;;;
UEB;04.12.2022 00:00;;;;;;;;;;;;;;;;;;;;;;;;27;;;;24;0;0;;;;;
UEB;05.12.2022 00:00;;;;;;;;;;;;;;;;;;;;;;;;30;;;;25;12;2;;;;;
UEB;06.12.2022 00:00;;;;;;;;;;;;;;;;;;;;;;;;89;;;;26;474;96;;;;;
UEB;07.12.2022 00:00;;;;;;;;;;;;;;;;;;;;;;;;20;;;;16;0;0;;;;;
UEB;08.12.2022 00:00;;;;;;;;;;;;;;;;;;;;;;;;59;;;;38;126;26;;;;;
UEB;09.12.2022 00:00;;;;;;;;;;;;;;;;;;;;;;;;27;;;;23;0;0;;;;;
UEB;10.12.2022 00:00;;;;;;;;;;;;;;;;;;;;;;;;17;;;;13;0;0;;;;;
UEB;11.12.2022 00:00;;;;;;;;;;;;;;;;;;;;;;;;81;;;;33;314;64;;;;;
UEB;12.12.2022 00:00;;;;;;;;;;;;;;;;;;;;;;;;34;;;;33;0;0;;;;;
UEB;13.12.2022 00:00;;;;;;;;;;;;;;;;;;;;;;;;37;;;;35;0;0;;;;;
UEB;14.12.2022 00:00;;;;;;;;;;;;;;;;;;;;;;;;35;;;;26;37;8;;;;;
UEB;15.12.2022 00:00;;;;;;;;;;;;;;;;;;;;;;;;34;;;;31;0;0;;;;;
UEB;16.12.2022 00:00;;;;;;;;;;;;;;;;;;;;;;;;24;;;;21;0;0;;;;;
UEB;17.12.2022 00:00;;;;;;;;;;;;;;;;;;;;;;;;32;;;;29;0;0;;;;;
UEB;18.12.2022 00:00;;;;;;;;;;;;;;;;;;;;;;;;83;;;;41;214;45;;;;;
UEB;19.12.2022 00:00;;;;;;;;;;;;;;;;;;;;;;;;55;;;;38;98;21;;;;;
UEB;20.12.2022 00:00;;;;;;;;;;;;;;;;;;;;;;;;46;;;;31;70;15;;;;;
UEB;21.12.2022 00:00;;;;;;;;;;;;;;;;;;;;;;;;9;;;;5;0;0;;;;;
UEB;22.12.2022 00:00;;;;;;;;;;;;;;;;;;;;;;;;48;;;;31;93;20;;;;;
UEB;23.12.2022 00:00;;;;;;;;;;;;;;;;;;;;;;;;9;;;;6;0;0;;;;;
UEB;24.12.2022 00:00;;;;;;;;;;;;;;;;;;;;;;;;15;;;;12;0;0;;;;;
UEB;25.12.2022 00:00;;;;;;;;;;;;;;;;;;;;;;;;68;;;;35;284;59;;;;;
UEB;26.12.2022 00:00;;;;;;;;;;;;;;;;;;;;;;;;15;;;;10;9;2;;;;;
UEB;27.12.2022 00:00;;;;;;;;;;;;;;;;;;;;;;;;34;;;;24;51;11;;;;;
UEB;28.12.2022 00:00;;;;;;;;;;;;;;;;;;;;;;;;78;;;;36;286;59;;;;;
UEB;29.12.2022 00:00;;;;;;;;;;;;;;;;;;;;;;;;32;;;;23;40;8;;;;;
UEB;30.12.2022 00:00;;;;;;;;;;;;;;;;;;;;;;;;44;;;;25;153;31;;;;;
UEB;31.12.2022 00:00;;;;;;;;;;;;;;;;;;;;;;;;57;;;;33;210;43;;;;;
UEB;01.01.2023 00:00;;;;;;;;;;;;;;;;;;;;;;;;75;;;;28;412;84;;;;;
UEB;02.01.2023 00:00;;;;;;;;;;;;;;;;;;;;;;;;44;;;;30;87;18;;;;;
UEB;03.01.2023 00:00;;;;;;;;;;;;;;;;;;;;;;;;20;;;;16;0;0;;;;;
UEB;04.01.2023 00:00;;;;;;;;;;;;;;;;;;;;;;;;28;;;;23;5;1;;;;;
UEB;05.01.2023 00:00;;;;;;;;;;;;;;;;;;;;;;;;25;;;;21;0;0;;;;;
UEB;06.01.2023 00:00;;;;;;;;;;;;;;;;;;;;;;;;30;;;;25;0;0;;;;;
UEB;07.01.2023 00:00;;;;;;;;;;;;;;;;;;;;;;;;72;;;;25;292;59;;;;;
UEB;08.01.2023 00:00;;;;;;;;;;;;;;;;;;;;;;;;14;;;;10;0;0;;;;;
UEB;09.01.2023 00:00;;;;;;;;;;;;;;;;;;;;;;;;30;;;;20;41;8;;;;;
UEB;10.01.2023 00:00;;;;;;;;;;;;;;;;;;;;;;;;74;;;;40;191;39;;;;;
UEB;11.01.2023 00:00;;;;;;;;;;;;;;;;;;;;;;;;15;;;;11;0;0;;;;;
UEB;12.01.2023 00:00;;;;;;;;;;;;;;;;;;;;;;;;36;;;;31;9;2;;;;;
UEB;13.01.2023 00:00;;;;;;;;;;;;;;;;;;;;;;;;31;;;;22;41;8;;;;;
UEB;14.01.2023 00:00;;;;;;;;;;;;;;;;;;;;;;;;48;;;;39;33;7;;;;;
UEB;15.01.2023 00:00;;;;;;;;;;;;;;;;;;;;;;;;13;;;;8;2;0;;;;;
UEB;16.01.2023 00:00;;;;;;;;;;;;;;;;;;;;;;;;35;;;;26;37;7;;;;;
UEB;17.01.2023 00:00;;;;;;;;;;;;;;;;;;;;;;;;22;;;;17;0;0;;;;;
UEB;18.01.2023 00:00;;;;;;;;;;;;;;;;;;;;;;;;41;;;;36;0;0;;;;;
UEB;19.01.2023 00:00;;;;;;;;;;;;;;;;;;;;;;;;99;;;;36;413;81;;;;;
UEB;20.01.2023 00:00;;;;;;;;;;;;;;;;;;;;;;;;81;;;;41;291;56;;;;;
UEB;21.01.2023 00:00;;;;;;;;;;;;;;;;;;;;;;;;35;;;;31;6;1;;;;;
UEB;22.01.2023 00:00;;;;;;;;;;;;;;;;;;;;;;;;20;;;;19;0;0;;;;;
UEB;23.01.2023 00:00;;;;;;;;;;;;;;;;;;;;;;;;10;;;;8;0;0;;;;;
UEB;24.01.2023 00:00;;;;;;;;;;;;;;;;;;;;;;;;21;;;;19;0;0;;;;;
UEB;25.01.2023 00:00;;;;;;;;;;;;;;;;;;;;;;;;23;;;;22;0;0;;;;;
UEB;26.01.2023 00:00;;;;;;;;;;;;;;;;;;;;;;;;16;;;;14;0;0;;;;;
UEB;27.01.2023 00:00;;;;;;;;;;;;;;;;;;;;;;;;14;;;;12;0;0;;;;;
UEB;28.01.2023 00:00;;;;;;;;;;;;;;;;;;;;;;;;19;;;;17;0;0;;;;;
UEB;29.01.2023 00:00;;;;;;;;;;;;;;;;;;;;;;;;33;;;;31;0;0;;;;;
UEB;30.01.2023 00:00;;;;;;;;;;;;;;;;;;;;;;;;86;;;;45;224;42;;;;;
UEB;31.01.2023 00:00;;;;;;;;;;;;;;;;;;;;;;;;78;;;;46;168;31;;;;;
UEB;01.02.2023 00:00;;;;;;;;;;;;;;;;;;;;;;;;63;;;;41;92;17;;;;;
UEB;02.02.2023 00:00;;;;;;;;;;;;;;;;;;;;;;;;30;;;;28;0;0;;;;;
UEB;03.02.2023 00:00;;;;;;;;;;;;;;;;;;;;;;;;76;;;;54;113;21;;;;;
UEB;04.02.2023 00:00;;;;;;;;;;;;;;;;;;;;;;;;32;;;;31;0;0;;;;;
UEB;05.02.2023 00:00;;;;;;;;;;;;;;;;;;;;;;;;46;;;;41;16;3;;;;;
UEB;06.02.2023 00:00;;;;;;;;;;;;;;;;;;;;;;;;46;;;;38;23;4;;;;;
UEB;07.02.2023 00:00;;;;;;;;;;;;;;;;;;;;;;;;137;;;;32;548;97;;;;;
UEB;08.02.2023 00:00;;;;;;;;;;;;;;;;;;;;;;;;56;;;;48;82;14;;;;;
UEB;09.02.2023 00:00;;;;;;;;;;;;;;;;;;;;;;;;137;;;;36;546;96;;;;;
UEB;10.02.2023 00:00;;;;;;;;;;;;;;;;;;;;;;;;140;;;;35;534;93;;;;;
UEB;11.02.2023 00:00;;;;;;;;;;;;;;;;;;;;;;;;122;;;;52;434;75;;;;;
UEB;12.02.2023 00:00;;;;;;;;;;;;;;;;;;;;;;;;141;;;;33;552;95;;;;;
UEB;13.02.2023 00:00;;;;;;;;;;;;;;;;;;;;;;;;153;;;;35;578;99;;;;;
UEB;14.02.2023 00:00;;;;;;;;;;;;;;;;;;;;;;;;154;;;;34;584;100;;;;;
UEB;15.02.2023 00:00;;;;;;;;;;;;;;;;;;;;;;;;153;;;;32;575;98;;;;;
UEB;16.02.2023 00:00;;;;;;;;;;;;;;;;;;;;;;;;140;;;;40;417;70;;;;;
UEB;17.02.2023 00:00;;;;;;;;;;;;;;;;;;;;;;;;48;;;;43;1;0;;;;;
UEB;18.02.2023 00:00;;;;;;;;;;;;;;;;;;;;;;;;113;;;;73;242;40;;;;;
UEB;19.02.2023 00:00;;;;;;;;;;;;;;;;;;;;;;;;63;;;;49;38;6;;;;;
UEB;20.02.2023 00:00;;;;;;;;;;;;;;;;;;;;;;;;156;;;;39;583;97;;;;;
UEB;21.02.2023 00:00;;;;;;;;;;;;;;;;;;;;;;;;162;;;;37;568;94;;;;;
UEB;22.02.2023 00:00;;;;;;;;;;;;;;;;;;;;;;;;134;;;;61;376;62;;;;;
UEB;23.02.2023 00:00;;;;;;;;;;;;;;;;;;;;;;;;120;;;;70;260;43;;;;;
UEB;24.02.2023 00:00;;;;;;;;;;;;;;;;;;;;;;;;162;;;;60;483;79;;;;;
UEB;25.02.2023 00:00;;;;;;;;;;;;;;;;;;;;;;;;26;;;;22;0;0;;;;;
UEB;26.02.2023 00:00;;;;;;;;;;;;;;;;;;;;;;;;69;;;;56;50;8;;;;;
UEB;27.02.2023 00:00;;;;;;;;;;;;;;;;;;;;;;;;33;;;;31;0;0;;;;;
UEB;28.02.2023 00:00;;;;;;;;;;;;;;;;;;;;;;;;44;;;;41;0;0;;;;;
UEB;01.03.2023 00:00;;;;;;;;;;;;;;;;;;;;;;;;20;;;;18;0;0;;;;;
UEB;02.03.2023 00:00;;;;;;;;;;;;;;;;;;;;;;;;41;;;;38;0;0;;;;;
UEB;03.03.2023 00:00;;;;;;;;;;;;;;;;;;;;;;;;115;;;;92;97;15;;;;;
UEB;04.03.2023 00:00;;;;;;;;;;;;;;;;;;;;;;;;133;;;;70;364;57;;;;;
UEB;05.03.2023 00:00;;;;;;;;;;;;;;;;;;;;;;;;135;;;;89;215;33;;;;;
UEB;06.03.2023 00:00;;;;;;;;;;;;;;;;;;;;;;;;72;;;;65;7;1;;;;;
UEB;07.03.2023 00:00;;;;;;;;;;;;;;;;;;;;;;;;136;;;;78;195;30;;;;;
UEB;08.03.2023 00:00;;;;;;;;;;;;;;;;;;;;;;;;46;;;;43;0;0;;;;;
UEB;09.03.2023 00:00;;;;;;;;;;;;;;;;;;;;;;;;172;;;;60;385;58;;;;;
UEB;10.03.2023 00:00;;;;;;;;;;;;;;;;;;;;;;;;48;;;;42;15;2;;;;;
UEB;11.03.2023 00:00;;;;;;;;;;;;;;;;;;;;;;;;67;;;;64;0;0;;;;;
UEB;12.03.2023 00:00;;;;;;;;;;;;;;;;;;;;;;;;95;;;;67;119;18;;;;;
UEB;13.03.2023 00:00;;;;;;;;;;;;;;;;;;;;;;;;171;;;;78;440;66;;;;;
UEB;14.03.2023 00:00;;;;;;;;;;;;;;;;;;;;;;;;51;;;;43;24;4;;;;;
UEB;15.03.2023 00:00;;;;;;;;;;;;;;;;;;;;;;;;175;;;;55;424;63;;;;;
UEB;16.03.2023 00:00;;;;;;;;;;;;;;;;;;;;;;;;204;;;;57;594;87;;;;;
UEB;17.03.2023 00:00;;;;;;;;;;;;;;;;;;;;;;;;179;;;;100;366;53;;;;;
UEB;18.03.2023 00:00;;;;;;;;;;;;;;;;;;;;;;;;201;;;;62;508;74;;;;;
UEB;19.03.2023 00:00;;;;;;;;;;;;;;;;;;;;;;;;114;;;;88;73;11;;;;;
UEB;20.03.2023 00:00;;;;;;;;;;;;;;;;;;;;;;;;117;;;;86;203;29;;;;;
UEB;21.03.2023 00:00;;;;;;;;;;;;;;;;;;;;;;;;170;;;;109;297;43;;;;;
UEB;22.03.2023 00:00;;;;;;;;;;;;;;;;;;;;;;;;231;;;;48;659;94;;;;;
UEB;23.03.2023 00:00;;;;;;;;;;;;;;;;;;;;;;;;74;;;;69;0;0;;;;;
UEB;24.03.2023 00:00;;;;;;;;;;;;;;;;;;;;;;;;26;;;;21;2;0;;;;;
UEB;25.03.2023 00:00;;;;;;;;;;;;;;;;;;;;;;;;109;;;;65;156;22;;;;;
UEB;26.03.2023 00:00;;;;;;;;;;;;;;;;;;;;;;;;58;;;;43;38;5;;;;;
UEB;27.03.2023 00:00;;;;;;;;;;;;;;;;;;;;;;;;88;;;;64;89;12;;;;;
UEB;28.03.2023 00:00;;;;;;;;;;;;;;;;;;;;;;;;237;;;;87;501;70;;;;;
UEB;29.03.2023 00:00;;;;;;;;;;;;;;;;;;;;;;;;118;;;;91;65;9;;;;;
UEB;30.03.2023 00:00;;;;;;;;;;;;;;;;;;;;;;;;65;;;;33;171;24;;;;;
UEB;31.03.2023 00:00;;;;;;;;;;;;;;;;;;;;;;;;92;;;;59;110;15;;;;;
UEB;01.04.2023 00:00;;;;;;;;;;;;;;;;;;;;;;;;89;;;;76;28;4;;;;;
UEB;02.04.2023 00:00;;;;;;;;;;;;;;;;;;;;;;;;188;;;;107;250;34;;;;;
UEB;03.04.2023 00:00;;;;;;;;;;;;;;;;;;;;;;;;65;;;;60;0;0;;;;;
UEB;04.04.2023 00:00;;;;;;;;;;;;;;;;;;;;;;;;273;;;;49;641;86;;;;;
UEB;05.04.2023 00:00;;;;;;;;;;;;;;;;;;;;;;;;272;;;;59;728;97;;;;;
UEB;06.04.2023 00:00;;;;;;;;;;;;;;;;;;;;;;;;235;;;;83;510;68;;;;;
UEB;07.04.2023 00:00;;;;;;;;;;;;;;;;;;;;;;;;80;;;;75;3;0;;;;;
UEB;08.04.2023 00:00;;;;;;;;;;;;;;;;;;;;;;;;96;;;;84;23;3;;;;;
UEB;09.04.2023 00:00;;;;;;;;;;;;;;;;;;;;;;;;261;;;;86;559;74;;;;;
UEB;10.04.2023 00:00;;;;;;;;;;;;;;;;;;;;;;;;240;;;;104;400;53;;;;;
UEB;11.04.2023 00:00;;;;;;;;;;;;;;;;;;;;;;;;75;;;;68;1;0;;;;;
UEB;12.04.2023 00:00;;;;;;;;;;;;;;;;;;;;;;;;95;;;;77;47;6;;;;;
UEB;13.04.2023 00:00;;;;;;;;;;;;;;;;;;;;;;;;137;;;;102;93;12;;;;;
UEB;14.04.2023 00:00;;;;;;;;;;;;;;;;;;;;;;;;227;;;;98;473;61;;;;;
UEB;15.04.2023 00:00;;;;;;;;;;;;;;;;;;;;;;;;91;;;;86;0;0;;;;;
UEB;16.04.2023 00:00;;;;;;;;;;;;;;;;;;;;;;;;49;;;;46;0;0;;;;;
UEB;17.04.2023 00:00;;;;;;;;;;;;;;;;;;;;;;;;178;;;;94;226;29;;;;;
UEB;18.04.2023 00:00;;;;;;;;;;;;;;;;;;;;;;;;175;;;;107;226;29;;;;;
UEB;19.04.2023 00:00;;;;;;;;;;;;;;;;;;;;;;;;60;;;;56;1;0;;;;;
UEB;20.04.2023 00:00;;;;;;;;;;;;;;;;;;;;;;;;70;;;;68;0;0;;;;;
UEB;21.04.2023 00:00;;;;;;;;;;;;;;;;;;;;;;;;213;;;;119;279;35;;;;;
UEB;22.04.2023 00:00;;;;;;;;;;;;;;;;;;;;;;;;201;;;;100;358;45;;;;;
UEB;23.04.2023 00:00;;;;;;;;;;;;;;;;;;;;;;;;167;;;;120;126;16;;;;;
UEB;24.04.2023 00:00;;;;;;;;;;;;;;;;;;;;;;;;158;;;;100;163;20;;;;;
UEB;25.04.2023 00:00;;;;;;;;;;;;;;;;;;;;;;;;113;;;;88;62;8;;;;;
UEB;26.04.2023 00:00;;;;;;;;;;;;;;;;;;;;;;;;205;;;;160;149;18;;;;;
UEB;27.04.2023 00:00;;;;;;;;;;;;;;;;;;;;;;;;234;;;;126;339;42;;;;;
UEB;28.04.2023 00:00;;;;;;;;;;;;;;;;;;;;;;;;56;;;;53;0;0;;;;;
UEB;29.04.2023 00:00;;;;;;;;;;;;;;;;;;;;;;;;202;;;;117;269;33;;;;;
UEB;30.04.2023 00:00;;;;;;;;;;;;;;;;;;;;;;;;84;;;;77;1;0;;;;;
UEB;01.05.2023 00:00;;;;;;;;;;;;;;;;;;;;;;;;90;;;;84;1;0;;;;;
UEB;02.05.2023 00:00;;;;;;;;;;;;;;;;;;;;;;;;192;;;;112;201;24;;;;;
UEB;03.05.2023 00:00;;;;;;;;;;;;;;;;;;;;;;;;308;;;;109;610;74;;;;;
UEB;04.05.2023 00:00;;;;;;;;;;;;;;;;;;;;;;;;316;;;;72;752;91;;;;;
UEB;05.05.2023 00:00;;;;;;;;;;;;;;;;;;;;;;;;238;;;;130;428;51;;;;;
UEB;06.05.2023 00:00;;;;;;;;;;;;;;;;;;;;;;;;231;;;;144;295;35;;;;;
UEB;07.05.2023 00:00;;;;;;;;;;;;;;;;;;;;;;;;169;;;;119;168;20;;;;;
UEB;08.05.2023 00:00;;;;;;;;;;;;;;;;;;;;;;;;135;;;;118;22;3;;;;;
UEB;09.05.2023 00:00;;;;;;;;;;;;;;;;;;;;;;;;154;;;;126;45;5;;;;;
UEB;10.05.2023 00:00;;;;;;;;;;;;;;;;;;;;;;;;87;;;;80;2;0;;;;;
UEB;11.05.2023 00:00;;;;;;;;;;;;;;;;;;;;;;;;129;;;;116;10;1;;;;;
UEB;12.05.2023 00:00;;;;;;;;;;;;;;;;;;;;;;;;214;;;;126;251;29;;;;;
UEB;13.05.2023 00:00;;;;;;;;;;;;;;;;;;;;;;;;85;;;;79;1;0;;;;;
UEB;14.05.2023 00:00;;;;;;;;;;;;;;;;;;;;;;;;122;;;;105;21;2;;;;;
UEB;15.05.2023 00:00;;;;;;;;;;;;;;;;;;;;;;;;136;;;;101;70;8;;;;;
UEB;16.05.2023 00:00;;;;;;;;;;;;;;;;;;;;;;;;37;;;;34;0;0;;;;;
UEB;17.05.2023 00:00;;;;;;;;;;;;;;;;;;;;;;;;100;;;;91;6;1;;;;;
UEB;18.05.2023 00:00;;;;;;;;;;;;;;;;;;;;;;;;105;;;;85;39;4;;;;;
UEB;19.05.2023 00:00;;;;;;;;;;;;;;;;;;;;;;;;86;;;;78;0;0;;;;;
UEB;20.05.2023 00:00;;;;;;;;;;;;;;;;;;;;;;;;99;;;;93;0;0;;;;;
UEB;21.05.2023 00:00;;;;;;;;;;;;;;;;;;;;;;;;286;;;;143;396;45;;;;;
UEB;22.05.2023 00:00;;;;;;;;;;;;;;;;;;;;;;;;340;;;;89;723;83;;;;;
UEB;23.05.2023 00:00;;;;;;;;;;;;;;;;;;;;;;;;179;;;;125;174;20;;;;;
UEB;24.05.2023 00:00;;;;;;;;;;;;;;;;;;;;;;;;57;;;;53;0;0;;;;;
UEB;25.05.2023 00:00;;;;;;;;;;;;;;;;;;;;;;;;164;;;;143;67;8;;;;;
UEB;26.05.2023 00:00;;;;;;;;;;;;;;;;;;;;;;;;333;;;;88;713;81;;;;;
UEB;27.05.2023 00:00;;;;;;;;;;;;;;;;;;;;;;;;346;;;;77;851;96;;;;;
UEB;28.05.2023 00:00;;;;;;;;;;;;;;;;;;;;;;;;347;;;;87;856;96;;;;;
UEB;29.05.2023 00:00;;;;;;;;;;;;;;;;;;;;;;;;353;;;;74;884;99;;;;;
UEB;30.05.2023 00:00;;;;;;;;;;;;;;;;;;;;;;;;341;;;;91;766;86;;;;;
UEB;31.05.2023 00:00;;;;;;;;;;;;;;;;;;;;;;;;349;;;;66;886;99;;;;;
UEB;01.06.2023 00:00;;;;;;;;;;;;;;;;;;;;;;;;342;;;;77;821;92;;;;;
UEB;02.06.2023 00:00;;;;;;;;;;;;;;;;;;;;;;;;354;;;;62;871;97;;;;;
UEB;03.06.2023 00:00;;;;;;;;;;;;;;;;;;;;;;;;342;;;;83;781;87;;;;;
UEB;04.06.2023 00:00;;;;;;;;;;;;;;;;;;;;;;;;272;;;;143;408;45;;;;;
UEB;05.06.2023 00:00;;;;;;;;;;;;;;;;;;;;;;;;317;;;;94;707;79;;;;;
UEB;06.06.2023 00:00;;;;;;;;;;;;;;;;;;;;;;;;350;;;;80;893;99;;;;;
UEB;07.06.2023 00:00;;;;;;;;;;;;;;;;;;;;;;;;353;;;;74;871;96;;;;;
UEB;08.06.2023 00:00;;;;;;;;;;;;;;;;;;;;;;;;320;;;;98;652;72;;;;;
UEB;09.06.2023 00:00;;;;;;;;;;;;;;;;;;;;;;;;360;;;;65;836;93;;;;;
UEB;10.06.2023 00:00;;;;;;;;;;;;;;;;;;;;;;;;329;;;;81;773;86;;;;;
UEB;11.06.2023 00:00;;;;;;;;;;;;;;;;;;;;;;;;333;;;;76;824;91;;;;;
UEB;12.06.2023 00:00;;;;;;;;;;;;;;;;;;;;;;;;364;;;;54;895;99;;;;;
UEB;13.06.2023 00:00;;;;;;;;;;;;;;;;;;;;;;;;364;;;;60;904;100;;;;;
UEB;14.06.2023 00:00;;;;;;;;;;;;;;;;;;;;;;;;370;;;;52;840;93;;;;;
UEB;15.06.2023 00:00;;;;;;;;;;;;;;;;;;;;;;;;298;;;;101;500;55;;;;;
UEB;16.06.2023 00:00;;;;;;;;;;;;;;;;;;;;;;;;309;;;;99;662;73;;;;;
UEB;17.06.2023 00:00;;;;;;;;;;;;;;;;;;;;;;;;337;;;;109;699;77;;;;;
UEB;18.06.2023 00:00;;;;;;;;;;;;;;;;;;;;;;;;305;;;;111;632;70;;;;;
UEB;19.06.2023 00:00;;;;;;;;;;;;;;;;;;;;;;;;271;;;;118;472;52;;;;;
UEB;20.06.2023 00:00;;;;;;;;;;;;;;;;;;;;;;;;289;;;;140;549;60;;;;;
UEB;21.06.2023 00:00;;;;;;;;;;;;;;;;;;;;;;;;253;;;;153;288;32;;;;;
UEB;22.06.2023 00:00;;;;;;;;;;;;;;;;;;;;;;;;184;;;;129;248;27;;;;;
UEB;23.06.2023 00:00;;;;;;;;;;;;;;;;;;;;;;;;265;;;;117;447;49;;;;;
UEB;24.06.2023 00:00;;;;;;;;;;;;;;;;;;;;;;;;360;;;;56;902;99;;;;;
UEB;25.06.2023 00:00;;;;;;;;;;;;;;;;;;;;;;;;365;;;;48;905;100;;;;;
UEB;26.06.2023 00:00;;;;;;;;;;;;;;;;;;;;;;;;310;;;;93;721;79;;;;;
UEB;27.06.2023 00:00;;;;;;;;;;;;;;;;;;;;;;;;287;;;;160;511;56;;;;;
UEB;28.06.2023 00:00;;;;;;;;;;;;;;;;;;;;;;;;265;;;;101;466;51;;;;;
UEB;29.06.2023 00:00;;;;;;;;;;;;;;;;;;;;;;;;257;;;;108;455;50;;;;;
UEB;30.06.2023 00:00;;;;;;;;;;;;;;;;;;;;;;;;88;;;;75;11;1;;;;;
UEB;01.07.2023 00:00;;;;;;;;;;;;;;;;;;;;;;;;221;;;;120;225;25;;;;;
UEB;02.07.2023 00:00;;;;;;;;;;;;;;;;;;;;;;;;168;;;;116;115;13;;;;;
UEB;03.07.2023 00:00;;;;;;;;;;;;;;;;;;;;;;;;285;;;;121;490;54;;;;;
UEB;04.07.2023 00:00;;;;;;;;;;;;;;;;;;;;;;;;254;;;;138;378;42;;;;;
UEB;05.07.2023 00:00;;;;;;;;;;;;;;;;;;;;;;;;168;;;;126;144;16;;;;;
UEB;06.07.2023 00:00;;;;;;;;;;;;;;;;;;;;;;;;305;;;;112;605;67;;;;;
UEB;07.07.2023 00:00;;;;;;;;;;;;;;;;;;;;;;;;354;;;;64;866;96;;;;;
UEB;08.07.2023 00:00;;;;;;;;;;;;;;;;;;;;;;;;225;;;;112;382;42;;;;;
UEB;09.07.2023 00:00;;;;;;;;;;;;;;;;;;;;;;;;341;;;;73;791;88;;;;;
UEB;10.07.2023 00:00;;;;;;;;;;;;;;;;;;;;;;;;274;;;;110;548;61;;;;;
UEB;11.07.2023 00:00;;;;;;;;;;;;;;;;;;;;;;;;328;;;;64;749;84;;;;;
UEB;12.07.2023 00:00;;;;;;;;;;;;;;;;;;;;;;;;132;;;;96;76;9;;;;;
UEB;13.07.2023 00:00;;;;;;;;;;;;;;;;;;;;;;;;200;;;;124;291;33;;;;;
UEB;14.07.2023 00:00;;;;;;;;;;;;;;;;;;;;;;;;347;;;;70;883;99;;;;;
UEB;15.07.2023 00:00;;;;;;;;;;;;;;;;;;;;;;;;308;;;;70;701;79;;;;;
UEB;16.07.2023 00:00;;;;;;;;;;;;;;;;;;;;;;;;228;;;;136;323;36;;;;;
UEB;17.07.2023 00:00;;;;;;;;;;;;;;;;;;;;;;;;279;;;;118;471;53;;;;;
UEB;18.07.2023 00:00;;;;;;;;;;;;;;;;;;;;;;;;224;;;;74;593;67;;;;;
UEB;19.07.2023 00:00;;;;;;;;;;;;;;;;;;;;;;;;265;;;;117;537;61;;;;;
UEB;20.07.2023 00:00;;;;;;;;;;;;;;;;;;;;;;;;302;;;;112;555;63;;;;;
UEB;21.07.2023 00:00;;;;;;;;;;;;;;;;;;;;;;;;169;;;;115;139;16;;;;;
UEB;22.07.2023 00:00;;;;;;;;;;;;;;;;;;;;;;;;309;;;;89;681;78;;;;;
UEB;23.07.2023 00:00;;;;;;;;;;;;;;;;;;;;;;;;320;;;;125;633;73;;;;;
UEB;24.07.2023 00:00;;;;;;;;;;;;;;;;;;;;;;;;154;;;;111;123;14;;;;;
UEB;25.07.2023 00:00;;;;;;;;;;;;;;;;;;;;;;;;170;;;;104;160;18;;;;;
UEB;26.07.2023 00:00;;;;;;;;;;;;;;;;;;;;;;;;182;;;;105;237;27;;;;;
UEB;27.07.2023 00:00;;;;;;;;;;;;;;;;;;;;;;;;210;;;;148;267;31;;;;;
UEB;28.07.2023 00:00;;;;;;;;;;;;;;;;;;;;;;;;208;;;;111;300;35;;;;;
UEB;29.07.2023 00:00;;;;;;;;;;;;;;;;;;;;;;;;134;;;;84;138;16;;;;;
UEB;30.07.2023 00:00;;;;;;;;;;;;;;;;;;;;;;;;244;;;;98;457;54;;;;;
UEB;31.07.2023 00:00;;;;;;;;;;;;;;;;;;;;;;;;266;;;;124;372;44;;;;;
UEB;01.08.2023 00:00;;;;;;;;;;;;;;;;;;;;;;;;72;;;;57;77;9;;;;;
UEB;02.08.2023 00:00;;;;;;;;;;;;;;;;;;;;;;;;220;;;;99;283;33;;;;;
UEB;03.08.2023 00:00;;;;;;;;;;;;;;;;;;;;;;;;251;;;;71;505;60;;;;;
UEB;04.08.2023 00:00;;;;;;;;;;;;;;;;;;;;;;;;163;;;;122;89;11;;;;;
UEB;05.08.2023 00:00;;;;;;;;;;;;;;;;;;;;;;;;205;;;;104;309;37;;;;;
UEB;06.08.2023 00:00;;;;;;;;;;;;;;;;;;;;;;;;82;;;;69;47;6;;;;;
UEB;07.08.2023 00:00;;;;;;;;;;;;;;;;;;;;;;;;174;;;;96;188;23;;;;;
UEB;08.08.2023 00:00;;;;;;;;;;;;;;;;;;;;;;;;257;;;;160;357;43;;;;;
UEB;09.08.2023 00:00;;;;;;;;;;;;;;;;;;;;;;;;163;;;;139;24;3;;;;;
UEB;10.08.2023 00:00;;;;;;;;;;;;;;;;;;;;;;;;309;;;;45;755;92;;;;;
UEB;11.08.2023 00:00;;;;;;;;;;;;;;;;;;;;;;;;309;;;;41;816;99;;;;;
UEB;12.08.2023 00:00;;;;;;;;;;;;;;;;;;;;;;;;195;;;;95;346;42;;;;;
UEB;13.08.2023 00:00;;;;;;;;;;;;;;;;;;;;;;;;263;;;;81;568;70;;;;;
UEB;14.08.2023 00:00;;;;;;;;;;;;;;;;;;;;;;;;252;;;;98;540;67;;;;;
UEB;15.08.2023 00:00;;;;;;;;;;;;;;;;;;;;;;;;275;;;;65;603;75;;;;;
UEB;16.08.2023 00:00;;;;;;;;;;;;;;;;;;;;;;;;291;;;;58;714;88;;;;;
UEB;17.08.2023 00:00;;;;;;;;;;;;;;;;;;;;;;;;178;;;;98;314;39;;;;;
UEB;18.08.2023 00:00;;;;;;;;;;;;;;;;;;;;;;;;291;;;;60;775;97;;;;;
UEB;19.08.2023 00:00;;;;;;;;;;;;;;;;;;;;;;;;283;;;;74;731;92;;;;;
UEB;20.08.2023 00:00;;;;;;;;;;;;;;;;;;;;;;;;287;;;;54;742;93;;;;;
UEB;21.08.2023 00:00;;;;;;;;;;;;;;;;;;;;;;;;286;;;;54;762;96;;;;;
UEB;22.08.2023 00:00;;;;;;;;;;;;;;;;;;;;;;;;271;;;;60;733;93;;;;;
UEB;23.08.2023 00:00;;;;;;;;;;;;;;;;;;;;;;;;277;;;;69;745;94;;;;;
UEB;24.08.2023 00:00;;;;;;;;;;;;;;;;;;;;;;;;255;;;;80;553;70;;;;;
UEB;25.08.2023 00:00;;;;;;;;;;;;;;;;;;;;;;;;144;;;;102;132;17;;;;;
UEB;26.08.2023 00:00;;;;;;;;;;;;;;;;;;;;;;;;62;;;;54;9;1;;;;;
UEB;27.08.2023 00:00;;;;;;;;;;;;;;;;;;;;;;;;65;;;;59;0;0;;;;;
UEB;28.08.2023 00:00;;;;;;;;;;;;;;;;;;;;;;;;37;;;;34;0;0;;;;;
UEB;29.08.2023 00:00;;;;;;;;;;;;;;;;;;;;;;;;65;;;;60;0;0;;;;;
UEB;30.08.2023 00:00;;;;;;;;;;;;;;;;;;;;;;;;212;;;;122;300;39;;;;;
UEB;31.08.2023 00:00;;;;;;;;;;;;;;;;;;;;;;;;109;;;;101;1;0;;;;;
UEB;01.09.2023 00:00;;;;;;;;;;;;;;;;;;;;;;;;249;;;;65;584;77;;;;;
UEB;02.09.2023 00:00;;;;;;;;;;;;;;;;;;;;;;;;267;;;;49;753;100;;;;;
UEB;03.09.2023 00:00;;;;;;;;;;;;;;;;;;;;;;;;226;;;;119;449;60;;;;;
UEB;04.09.2023 00:00;;;;;;;;;;;;;;;;;;;;;;;;264;;;;42;748;100;;;;;
UEB;05.09.2023 00:00;;;;;;;;;;;;;;;;;;;;;;;;270;;;;39;748;100;;;;;
UEB;06.09.2023 00:00;;;;;;;;;;;;;;;;;;;;;;;;266;;;;42;747;100;;;;;
UEB;07.09.2023 00:00;;;;;;;;;;;;;;;;;;;;;;;;257;;;;44;741;100;;;;;
UEB;08.09.2023 00:00;;;;;;;;;;;;;;;;;;;;;;;;256;;;;53;738;100;;;;;
UEB;09.09.2023 00:00;;;;;;;;;;;;;;;;;;;;;;;;215;;;;73;583;79;;;;;
UEB;10.09.2023 00:00;;;;;;;;;;;;;;;;;;;;;;;;228;;;;50;687;94;;;;;
UEB;11.09.2023 00:00;;;;;;;;;;;;;;;;;;;;;;;;248;;;;48;721;99;;;;;
UEB;12.09.2023 00:00;;;;;;;;;;;;;;;;;;;;;;;;201;;;;81;467;65;;;;;
UEB;13.09.2023 00:00;;;;;;;;;;;;;;;;;;;;;;;;89;;;;71;38;5;;;;;
UEB;14.09.2023 00:00;;;;;;;;;;;;;;;;;;;;;;;;107;;;;89;27;4;;;;;
UEB;15.09.2023 00:00;;;;;;;;;;;;;;;;;;;;;;;;169;;;;84;348;49;;;;;
UEB;16.09.2023 00:00;;;;;;;;;;;;;;;;;;;;;;;;205;;;;72;412;58;;;;;
UEB;17.09.2023 00:00;;;;;;;;;;;;;;;;;;;;;;;;212;;;;84;576;81;;;;;
UEB;18.09.2023 00:00;;;;;;;;;;;;;;;;;;;;;;;;60;;;;53;8;1;;;;;
UEB;19.09.2023 00:00;;;;;;;;;;;;;;;;;;;;;;;;158;;;;79;326;46;;;;;
UEB;20.09.2023 00:00;;;;;;;;;;;;;;;;;;;;;;;;221;;;;47;683;98;;;;;
UEB;21.09.2023 00:00;;;;;;;;;;;;;;;;;;;;;;;;154;;;;88;181;26;;;;;
UEB;22.09.2023 00:00;;;;;;;;;;;;;;;;;;;;;;;;91;;;;59;138;20;;;;;
UEB;23.09.2023 00:00;;;;;;;;;;;;;;;;;;;;;;;;114;;;;77;82;12;;;;;
UEB;24.09.2023 00:00;;;;;;;;;;;;;;;;;;;;;;;;201;;;;64;562;82;;;;;
UEB;25.09.2023 00:00;;;;;;;;;;;;;;;;;;;;;;;;223;;;;35;691;100;;;;;
UEB;26.09.2023 00:00;;;;;;;;;;;;;;;;;;;;;;;;222;;;;35;685;100;;;;;
UEB;27.09.2023 00:00;;;;;;;;;;;;;;;;;;;;;;;;222;;;;42;670;99;;;;;
UEB;28.09.2023 00:00;;;;;;;;;;;;;;;;;;;;;;;;202;;;;51;596;89;;;;;
UEB;29.09.2023 00:00;;;;;;;;;;;;;;;;;;;;;;;;192;;;;52;559;83;;;;;
UEB;30.09.2023 00:00;;;;;;;;;;;;;;;;;;;;;;;;148;;;;88;244;37;;;;;
UEB;01.10.2023 00:00;;;;;;;;;;;;;;;;;;;;;;;;200;;;;50;639;96;;;;;
UEB;02.10.2023 00:00;;;;;;;;;;;;;;;;;;;;;;;;201;;;;41;642;97;;;;;
UEB;03.10.2023 00:00;;;;;;;;;;;;;;;;;;;;;;;;151;;;;57;424;64;;;;;
UEB;04.10.2023 00:00;;;;;;;;;;;;;;;;;;;;;;;;176;;;;62;430;66;;;;;
UEB;05.10.2023 00:00;;;;;;;;;;;;;;;;;;;;;;;;158;;;;106;169;26;;;;;
UEB;06.10.2023 00:00;;;;;;;;;;;;;;;;;;;;;;;;171;;;;65;480;74;;;;;
UEB;07.10.2023 00:00;;;;;;;;;;;;;;;;;;;;;;;;182;;;;53;597;92;;;;;
UEB;08.10.2023 00:00;;;;;;;;;;;;;;;;;;;;;;;;174;;;;62;519;81;;;;;
UEB;09.10.2023 00:00;;;;;;;;;;;;;;;;;;;;;;;;125;;;;88;196;31;;;;;
UEB;10.10.2023 00:00;;;;;;;;;;;;;;;;;;;;;;;;144;;;;78;370;58;;;;;
UEB;11.10.2023 00:00;;;;;;;;;;;;;;;;;;;;;;;;181;;;;37;627;99;;;;;
UEB;12.10.2023 00:00;;;;;;;;;;;;;;;;;;;;;;;;147;;;;70;370;59;;;;;
UEB;13.10.2023 00:00;;;;;;;;;;;;;;;;;;;;;;;;172;;;;38;614;98;;;;;
UEB;14.10.2023 00:00;;;;;;;;;;;;;;;;;;;;;;;;60;;;;38;71;11;;;;;
UEB;15.10.2023 00:00;;;;;;;;;;;;;;;;;;;;;;;;57;;;;46;30;5;;;;;
UEB;16.10.2023 00:00;;;;;;;;;;;;;;;;;;;;;;;;165;;;;46;499;81;;;;;
UEB;17.10.2023 00:00;;;;;;;;;;;;;;;;;;;;;;;;155;;;;73;556;91;;;;;
UEB;18.10.2023 00:00;;;;;;;;;;;;;;;;;;;;;;;;51;;;;44;0;0;;;;;
UEB;19.10.2023 00:00;;;;;;;;;;;;;;;;;;;;;;;;97;;;;63;125;20;;;;;
UEB;20.10.2023 00:00;;;;;;;;;;;;;;;;;;;;;;;;26;;;;21;2;0;;;;;
UEB;21.10.2023 00:00;;;;;;;;;;;;;;;;;;;;;;;;37;;;;31;1;0;;;;;
UEB;22.10.2023 00:00;;;;;;;;;;;;;;;;;;;;;;;;142;;;;47;433;72;;;;;
UEB;23.10.2023 00:00;;;;;;;;;;;;;;;;;;;;;;;;80;;;;61;51;9;;;;;
UEB;24.10.2023 00:00;;;;;;;;;;;;;;;;;;;;;;;;24;;;;20;0;0;;;;;
UEB;25.10.2023 00:00;;;;;;;;;;;;;;;;;;;;;;;;82;;;;61;99;17;;;;;
UEB;26.10.2023 00:00;;;;;;;;;;;;;;;;;;;;;;;;48;;;;42;2;0;;;;;
UEB;27.10.2023 00:00;;;;;;;;;;;;;;;;;;;;;;;;96;;;;52;237;41;;;;;
UEB;28.10.2023 00:00;;;;;;;;;;;;;;;;;;;;;;;;124;;;;47;362;62;;;;;
UEB;29.10.2023 00:00;;;;;;;;;;;;;;;;;;;;;;;;96;;;;65;167;29;;;;;
UEB;30.10.2023 00:00;;;;;;;;;;;;;;;;;;;;;;;;51;;;;43;34;6;;;;;
UEB;31.10.2023 00:00;;;;;;;;;;;;;;;;;;;;;;;;35;;;;30;0;0;;;;;
UEB;01.11.2023 00:00;;;;;;;;;;;;;;;;;;;;;;;;85;;;;56;203;35;;;;;
UEB;02.11.2023 00:00;;;;;;;;;;;;;;;;;;;;;;;;15;;;;10;3;1;;;;;
UEB;03.11.2023 00:00;;;;;;;;;;;;;;;;;;;;;;;;37;;;;31;5;1;;;;;
UEB;04.11.2023 00:00;;;;;;;;;;;;;;;;;;;;;;;;45;;;;28;146;26;;;;;
UEB;05.11.2023 00:00;;;;;;;;;;;;;;;;;;;;;;;;35;;;;28;15;3;;;;;
UEB;06.11.2023 00:00;;;;;;;;;;;;;;;;;;;;;;;;74;;;;43;172;31;;;;;
UEB;07.11.2023 00:00;;;;;;;;;;;;;;;;;;;;;;;;66;;;;50;46;8;;;;;
UEB;08.11.2023 00:00;;;;;;;;;;;;;;;;;;;;;;;;123;;;;29;535;98;;;;;
UEB;09.11.2023 00:00;;;;;;;;;;;;;;;;;;;;;;;;31;;;;25;0;0;;;;;
UEB;10.11.2023 00:00;;;;;;;;;;;;;;;;;;;;;;;;49;;;;31;92;17;;;;;
UEB;11.11.2023 00:00;;;;;;;;;;;;;;;;;;;;;;;;32;;;;25;8;1;;;;;
UEB;12.11.2023 00:00;;;;;;;;;;;;;;;;;;;;;;;;14;;;;10;0;0;;;;;
UEB;13.11.2023 00:00;;;;;;;;;;;;;;;;;;;;;;;;22;;;;18;0;0;;;;;
UEB;14.11.2023 00:00;;;;;;;;;;;;;;;;;;;;;;;;10;;;;6;0;0;;;;;
UEB;15.11.2023 00:00;;;;;;;;;;;;;;;;;;;;;;;;61;;;;42;75;14;;;;;
UEB;16.11.2023 00:00;;;;;;;;;;;;;;;;;;;;;;;;39;;;;30;60;11;;;;;
UEB;17.11.2023 00:00;;;;;;;;;;;;;;;;;;;;;;;;19;;;;15;0;0;;;;;
UEB;18.11.2023 00:00;;;;;;;;;;;;;;;;;;;;;;;;41;;;;34;43;8;;;;;
UEB;19.11.2023 00:00;;;;;;;;;;;;;;;;;;;;;;;;15;;;;11;0;0;;;;;
UEB;20.11.2023 00:00;;;;;;;;;;;;;;;;;;;;;;;;67;;;;41;120;23;;;;;
UEB;21.11.2023 00:00;;;;;;;;;;;;;;;;;;;;;;;;31;;;;27;0;0;;;;;
UEB;22.11.2023 00:00;;;;;;;;;;;;;;;;;;;;;;;;32;;;;28;0;0;;;;;
UEB;23.11.2023 00:00;;;;;;;;;;;;;;;;;;;;;;;;86;;;;40;287;56;;;;;
UEB;24.11.2023 00:00;;;;;;;;;;;;;;;;;;;;;;;;30;;;;24;7;1;;;;;
UEB;25.11.2023 00:00;;;;;;;;;;;;;;;;;;;;;;;;44;;;;31;47;9;;;;;
UEB;26.11.2023 00:00;;;;;;;;;;;;;;;;;;;;;;;;40;;;;34;12;2;;;;;
UEB;27.11.2023 00:00;;;;;;;;;;;;;;;;;;;;;;;;35;;;;30;0;0;;;;;
UEB;28.11.2023 00:00;;;;;;;;;;;;;;;;;;;;;;;;13;;;;9;0;0;;;;;
UEB;29.11.2023 00:00;;;;;;;;;;;;;;;;;;;;;;;;66;;;;36;166;33;;;;;
UEB;30.11.2023 00:00;;;;;;;;;;;;;;;;;;;;;;;;13;;;;9;0;0;;;;;
UEB;01.12.2023 00:00;;;;;;;;;;;;;;;;;;;;;;;;11;;;;8;0;0;;;;;
UEB;02.12.2023 00:00;;;;;;;;;;;;;;;;;;;;;;;;18;;;;15;0;0;;;;;
UEB;03.12.2023 00:00;;;;;;;;;;;;;;;;;;;;;;;;98;;;;30;452;91;;;;;
UEB;04.12.2023 00:00;;;;;;;;;;;;;;;;;;;;;;;;39;;;;32;16;3;;;;;
UEB;05.12.2023 00:00;;;;;;;;;;;;;;;;;;;;;;;;64;;;;45;107;22;;;;;
UEB;06.12.2023 00:00;;;;;;;;;;;;;;;;;;;;;;;;29;;;;22;16;3;;;;;
UEB;07.12.2023 00:00;;;;;;;;;;;;;;;;;;;;;;;;89;;;;33;386;78;;;;;
UEB;08.12.2023 00:00;;;;;;;;;;;;;;;;;;;;;;;;17;;;;13;0;0;;;;;
UEB;09.12.2023 00:00;;;;;;;;;;;;;;;;;;;;;;;;31;;;;25;19;4;;;;;
UEB;10.12.2023 00:00;;;;;;;;;;;;;;;;;;;;;;;;25;;;;21;1;0;;;;;
UEB;11.12.2023 00:00;;;;;;;;;;;;;;;;;;;;;;;;11;;;;8;0;0;;;;;
UEB;12.12.2023 00:00;;;;;;;;;;;;;;;;;;;;;;;;18;;;;14;0;0;;;;;
UEB;13.12.2023 00:00;;;;;;;;;;;;;;;;;;;;;;;;23;;;;17;12;2;;;;;
UEB;14.12.2023 00:00;;;;;;;;;;;;;;;;;;;;;;;;11;;;;7;0;0;;;;;
UEB;15.12.2023 00:00;;;;;;;;;;;;;;;;;;;;;;;;61;;;;39;98;20;;;;;
UEB;16.12.2023 00:00;;;;;;;;;;;;;;;;;;;;;;;;86;;;;29;367;76;;;;;
UEB;17.12.2023 00:00;;;;;;;;;;;;;;;;;;;;;;;;89;;;;29;443;92;;;;;
UEB;18.12.2023 00:00;;;;;;;;;;;;;;;;;;;;;;;;88;;;;25;451;94;;;;;
UEB;19.12.2023 00:00;;;;;;;;;;;;;;;;;;;;;;;;86;;;;23;421;88;;;;;
UEB;20.12.2023 00:00;;;;;;;;;;;;;;;;;;;;;;;;33;;;;24;54;11;;;;;
UEB;21.12.2023 00:00;;;;;;;;;;;;;;;;;;;;;;;;11;;;;6;0;0;;;;;
UEB;22.12.2023 00:00;;;;;;;;;;;;;;;;;;;;;;;;11;;;;7;0;0;;;;;
UEB;23.12.2023 00:00;;;;;;;;;;;;;;;;;;;;;;;;37;;;;27;28;6;;;;;
UEB;24.12.2023 00:00;;;;;;;;;;;;;;;;;;;;;;;;44;;;;28;147;31;;;;;
UEB;25.12.2023 00:00;;;;;;;;;;;;;;;;;;;;;;;;88;;;;37;352;73;;;;;
UEB;26.12.2023 00:00;;;;;;;;;;;;;;;;;;;;;;;;62;;;;30;229;48;;;;;
UEB;27.12.2023 00:00;;;;;;;;;;;;;;;;;;;;;;;;80;;;;31;348;72;;;;;
UEB;28.12.2023 00:00;;;;;;;;;;;;;;;;;;;;;;;;33;;;;28;21;4;;;;;
UEB;29.12.2023 00:00;;;;;;;;;;;;;;;;;;;;;;;;34;;;;28;0;0;;;;;
UEB;30.12.2023 00:00;;;;;;;;;;;;;;;;;;;;;;;;78;;;;28;391;80;;;;;
UEB;31.12.2023 00:00;;;;;;;;;;;;;;;;;;;;;;;;32;;;;24;12;2;;;;;
UEB;01.01.2024 00:00;;;;;;;;;;;;;;;;;;;;;;;;46;;;;33;49;10;;;;;
UEB;02.01.2024 00:00;;;;;;;;;;;;;;;;;;;;;;;;17;;;;12;0;0;;;;;
UEB;03.01.2024 00:00;;;;;;;;;;;;;;;;;;;;;;;;48;;;;31;137;28;;;;;
UEB;04.01.2024 00:00;;;;;;;;;;;;;;;;;;;;;;;;55;;;;32;141;29;;;;;
UEB;05.01.2024 00:00;;;;;;;;;;;;;;;;;;;;;;;;16;;;;12;0;0;;;;;
UEB;06.01.2024 00:00;;;;;;;;;;;;;;;;;;;;;;;;16;;;;12;0;0;;;;;
UEB;07.01.2024 00:00;;;;;;;;;;;;;;;;;;;;;;;;13;;;;10;0;0;;;;;
UEB;08.01.2024 00:00;;;;;;;;;;;;;;;;;;;;;;;;8;;;;5;0;0;;;;;
UEB;09.01.2024 00:00;;;;;;;;;;;;;;;;;;;;;;;;17;;;;14;0;0;;;;;
UEB;10.01.2024 00:00;;;;;;;;;;;;;;;;;;;;;;;;87;;;;38;308;62;;;;;
UEB;11.01.2024 00:00;;;;;;;;;;;;;;;;;;;;;;;;41;;;;37;0;0;;;;;
UEB;12.01.2024 00:00;;;;;;;;;;;;;;;;;;;;;;;;87;;;;48;239;48;;;;;
UEB;13.01.2024 00:00;;;;;;;;;;;;;;;;;;;;;;;;103;;;;35;401;80;;;;;
UEB;14.01.2024 00:00;;;;;;;;;;;;;;;;;;;;;;;;96;;;;25;398;79;;;;;
UEB;15.01.2024 00:00;;;;;;;;;;;;;;;;;;;;;;;;17;;;;12;0;0;;;;;
UEB;16.01.2024 00:00;;;;;;;;;;;;;;;;;;;;;;;;86;;;;43;324;64;;;;;
UEB;17.01.2024 00:00;;;;;;;;;;;;;;;;;;;;;;;;19;;;;15;0;0;;;;;
UEB;18.01.2024 00:00;;;;;;;;;;;;;;;;;;;;;;;;24;;;;19;1;0;;;;;
UEB;19.01.2024 00:00;;;;;;;;;;;;;;;;;;;;;;;;103;;;;47;348;68;;;;;
UEB;20.01.2024 00:00;;;;;;;;;;;;;;;;;;;;;;;;111;;;;28;510;99;;;;;
UEB;21.01.2024 00:00;;;;;;;;;;;;;;;;;;;;;;;;82;;;;51;201;39;;;;;
UEB;22.01.2024 00:00;;;;;;;;;;;;;;;;;;;;;;;;37;;;;33;8;2;;;;;
UEB;23.01.2024 00:00;;;;;;;;;;;;;;;;;;;;;;;;61;;;;36;144;28;;;;;
UEB;24.01.2024 00:00;;;;;;;;;;;;;;;;;;;;;;;;20;;;;16;0;0;;;;;
UEB;25.01.2024 00:00;;;;;;;;;;;;;;;;;;;;;;;;40;;;;35;3;1;;;;;
UEB;26.01.2024 00:00;;;;;;;;;;;;;;;;;;;;;;;;33;;;;26;31;6;;;;;
UEB;27.01.2024 00:00;;;;;;;;;;;;;;;;;;;;;;;;111;;;;38;413;78;;;;;
UEB;28.01.2024 00:00;;;;;;;;;;;;;;;;;;;;;;;;119;;;;28;529;99;;;;;
UEB;29.01.2024 00:00;;;;;;;;;;;;;;;;;;;;;;;;109;;;;40;420;78;;;;;
UEB;30.01.2024 00:00;;;;;;;;;;;;;;;;;;;;;;;;107;;;;48;347;64;;;;;
UEB;31.01.2024 00:00;;;;;;;;;;;;;;;;;;;;;;;;94;;;;46;294;54;;;;;
UEB;01.02.2024 00:00;;;;;;;;;;;;;;;;;;;;;;;;15;;;;11;0;0;;;;;
UEB;02.02.2024 00:00;;;;;;;;;;;;;;;;;;;;;;;;62;;;;54;7;1;;;;;
UEB;03.02.2024 00:00;;;;;;;;;;;;;;;;;;;;;;;;124;;;;26;556;100;;;;;
UEB;04.02.2024 00:00;;;;;;;;;;;;;;;;;;;;;;;;114;;;;51;369;67;;;;;
UEB;05.02.2024 00:00;;;;;;;;;;;;;;;;;;;;;;;;126;;;;39;536;97;;;;;
UEB;06.02.2024 00:00;;;;;;;;;;;;;;;;;;;;;;;;125;;;;38;499;89;;;;;
UEB;07.02.2024 00:00;;;;;;;;;;;;;;;;;;;;;;;;68;;;;56;40;7;;;;;
UEB;08.02.2024 00:00;;;;;;;;;;;;;;;;;;;;;;;;41;;;;37;0;0;;;;;
UEB;09.02.2024 00:00;;;;;;;;;;;;;;;;;;;;;;;;24;;;;19;0;0;;;;;
UEB;10.02.2024 00:00;;;;;;;;;;;;;;;;;;;;;;;;58;;;;44;39;7;;;;;
UEB;11.02.2024 00:00;;;;;;;;;;;;;;;;;;;;;;;;63;;;;52;74;13;;;;;
UEB;12.02.2024 00:00;;;;;;;;;;;;;;;;;;;;;;;;55;;;;50;0;0;;;;;
UEB;13.02.2024 00:00;;;;;;;;;;;;;;;;;;;;;;;;133;;;;47;488;84;;;;;
UEB;14.02.2024 00:00;;;;;;;;;;;;;;;;;;;;;;;;96;;;;72;66;11;;;;;
UEB;15.02.2024 00:00;;;;;;;;;;;;;;;;;;;;;;;;116;;;;65;292;50;;;;;
UEB;16.02.2024 00:00;;;;;;;;;;;;;;;;;;;;;;;;78;;;;65;30;5;;;;;
UEB;17.02.2024 00:00;;;;;;;;;;;;;;;;;;;;;;;;38;;;;34;0;0;;;;;
UEB;18.02.2024 00:00;;;;;;;;;;;;;;;;;;;;;;;;72;;;;65;0;0;;;;;
UEB;19.02.2024 00:00;;;;;;;;;;;;;;;;;;;;;;;;59;;;;50;32;5;;;;;
UEB;20.02.2024 00:00;;;;;;;;;;;;;;;;;;;;;;;;83;;;;58;119;20;;;;;
UEB;21.02.2024 00:00;;;;;;;;;;;;;;;;;;;;;;;;119;;;;82;139;23;;;;;
UEB;22.02.2024 00:00;;;;;;;;;;;;;;;;;;;;;;;;16;;;;13;0;0;;;;;
UEB;23.02.2024 00:00;;;;;;;;;;;;;;;;;;;;;;;;91;;;;62;99;16;;;;;
UEB;24.02.2024 00:00;;;;;;;;;;;;;;;;;;;;;;;;102;;;;55;186;30;;;;;
UEB;25.02.2024 00:00;;;;;;;;;;;;;;;;;;;;;;;;171;;;;46;535;87;;;;;
UEB;26.02.2024 00:00;;;;;;;;;;;;;;;;;;;;;;;;64;;;;52;43;7;;;;;
UEB;27.02.2024 00:00;;;;;;;;;;;;;;;;;;;;;;;;54;;;;49;2;0;;;;;
UEB;28.02.2024 00:00;;;;;;;;;;;;;;;;;;;;;;;;32;;;;28;0;0;;;;;
UEB;29.02.2024 00:00;;;;;;;;;;;;;;;;;;;;;;;;90;;;;64;168;27;;;;;
UEB;01.03.2024 00:00;;;;;;;;;;;;;;;;;;;;;;;;31;;;;28;0;0;;;;;
UEB;02.03.2024 00:00;;;;;;;;;;;;;;;;;;;;;;;;155;;;;51;404;64;;;;;
UEB;03.03.2024 00:00;;;;;;;;;;;;;;;;;;;;;;;;97;;;;66;154;24;;;;;
UEB;04.03.2024 00:00;;;;;;;;;;;;;;;;;;;;;;;;69;;;;59;52;8;;;;;
UEB;05.03.2024 00:00;;;;;;;;;;;;;;;;;;;;;;;;43;;;;39;4;1;;;;;
UEB;06.03.2024 00:00;;;;;;;;;;;;;;;;;;;;;;;;47;;;;45;0;0;;;;;
UEB;07.03.2024 00:00;;;;;;;;;;;;;;;;;;;;;;;;43;;;;40;0;0;;;;;
UEB;08.03.2024 00:00;;;;;;;;;;;;;;;;;;;;;;;;203;;;;50;561;86;;;;;
UEB;09.03.2024 00:00;;;;;;;;;;;;;;;;;;;;;;;;162;;;;74;391;59;;;;;
UEB;10.03.2024 00:00;;;;;;;;;;;;;;;;;;;;;;;;52;;;;46;20;3;;;;;
UEB;11.03.2024 00:00;;;;;;;;;;;;;;;;;;;;;;;;169;;;;70;450;68;;;;;
UEB;12.03.2024 00:00;;;;;;;;;;;;;;;;;;;;;;;;36;;;;33;0;0;;;;;
UEB;13.03.2024 00:00;;;;;;;;;;;;;;;;;;;;;;;;58;;;;56;0;0;;;;;
UEB;14.03.2024 00:00;;;;;;;;;;;;;;;;;;;;;;;;205;;;;59;556;83;;;;;
UEB;15.03.2024 00:00;;;;;;;;;;;;;;;;;;;;;;;;140;;;;78;233;34;;;;;
UEB;16.03.2024 00:00;;;;;;;;;;;;;;;;;;;;;;;;113;;;;75;115;17;;;;;
UEB;17.03.2024 00:00;;;;;;;;;;;;;;;;;;;;;;;;87;;;;71;54;8;;;;;
UEB;18.03.2024 00:00;;;;;;;;;;;;;;;;;;;;;;;;39;;;;33;32;5;;;;;
UEB;19.03.2024 00:00;;;;;;;;;;;;;;;;;;;;;;;;227;;;;52;694;100;;;;;
UEB;20.03.2024 00:00;;;;;;;;;;;;;;;;;;;;;;;;220;;;;75;668;97;;;;;
UEB;21.03.2024 00:00;;;;;;;;;;;;;;;;;;;;;;;;105;;;;65;134;19;;;;;
UEB;22.03.2024 00:00;;;;;;;;;;;;;;;;;;;;;;;;209;;;;83;513;73;;;;;
UEB;23.03.2024 00:00;;;;;;;;;;;;;;;;;;;;;;;;107;;;;61;135;19;;;;;
UEB;24.03.2024 00:00;;;;;;;;;;;;;;;;;;;;;;;;133;;;;82;208;29;;;;;
UEB;25.03.2024 00:00;;;;;;;;;;;;;;;;;;;;;;;;245;;;;46;635;89;;;;;
UEB;26.03.2024 00:00;;;;;;;;;;;;;;;;;;;;;;;;201;;;;78;435;61;;;;;
UEB;27.03.2024 00:00;;;;;;;;;;;;;;;;;;;;;;;;59;;;;52;35;5;;;;;
UEB;28.03.2024 00:00;;;;;;;;;;;;;;;;;;;;;;;;120;;;;53;273;38;;;;;
UEB;29.03.2024 00:00;;;;;;;;;;;;;;;;;;;;;;;;178;;;;106;221;31;;;;;
UEB;30.03.2024 00:00;;;;;;;;;;;;;;;;;;;;;;;;123;;;;107;56;8;;;;;
UEB;31.03.2024 00:00;;;;;;;;;;;;;;;;;;;;;;;;172;;;;94;214;29;;;;;
UEB;01.04.2024 00:00;;;;;;;;;;;;;;;;;;;;;;;;61;;;;49;34;5;;;;;
UEB;02.04.2024 00:00;;;;;;;;;;;;;;;;;;;;;;;;204;;;;82;437;59;;;;;
UEB;03.04.2024 00:00;;;;;;;;;;;;;;;;;;;;;;;;71;;;;64;4;1;;;;;
UEB;04.04.2024 00:00;;;;;;;;;;;;;;;;;;;;;;;;92;;;;80;19;3;;;;;
UEB;05.04.2024 00:00;;;;;;;;;;;;;;;;;;;;;;;;217;;;;83;447;60;;;;;
UEB;06.04.2024 00:00;;;;;;;;;;;;;;;;;;;;;;;;248;;;;98;594;79;;;;;
UEB;07.04.2024 00:00;;;;;;;;;;;;;;;;;;;;;;;;146;;;;125;23;3;;;;;
UEB;08.04.2024 00:00;;;;;;;;;;;;;;;;;;;;;;;;187;;;;136;156;21;;;;;
UEB;09.04.2024 00:00;;;;;;;;;;;;;;;;;;;;;;;;59;;;;55;0;0;;;;;
UEB;10.04.2024 00:00;;;;;;;;;;;;;;;;;;;;;;;;152;;;;111;100;13;;;;;
UEB;11.04.2024 00:00;;;;;;;;;;;;;;;;;;;;;;;;270;;;;70;648;85;;;;;
UEB;12.04.2024 00:00;;;;;;;;;;;;;;;;;;;;;;;;272;;;;64;730;96;;;;;
UEB;13.04.2024 00:00;;;;;;;;;;;;;;;;;;;;;;;;285;;;;79;708;92;;;;;
UEB;14.04.2024 00:00;;;;;;;;;;;;;;;;;;;;;;;;285;;;;57;736;95;;;;;
UEB;15.04.2024 00:00;;;;;;;;;;;;;;;;;;;;;;;;140;;;;72;245;31;;;;;
UEB;16.04.2024 00:00;;;;;;;;;;;;;;;;;;;;;;;;151;;;;95;141;18;;;;;
UEB;17.04.2024 00:00;;;;;;;;;;;;;;;;;;;;;;;;75;;;;66;20;3;;;;;
UEB;18.04.2024 00:00;;;;;;;;;;;;;;;;;;;;;;;;108;;;;80;98;12;;;;;
UEB;19.04.2024 00:00;;;;;;;;;;;;;;;;;;;;;;;;69;;;;64;0;0;;;;;
UEB;20.04.2024 00:00;;;;;;;;;;;;;;;;;;;;;;;;120;;;;85;69;9;;;;;
UEB;21.04.2024 00:00;;;;;;;;;;;;;;;;;;;;;;;;94;;;;86;30;4;;;;;
UEB;22.04.2024 00:00;;;;;;;;;;;;;;;;;;;;;;;;53;;;;49;0;0;;;;;
UEB;23.04.2024 00:00;;;;;;;;;;;;;;;;;;;;;;;;42;;;;37;0;0;;;;;
UEB;24.04.2024 00:00;;;;;;;;;;;;;;;;;;;;;;;;134;;;;100;81;10;;;;;
UEB;25.04.2024 00:00;;;;;;;;;;;;;;;;;;;;;;;;211;;;;111;335;42;;;;;
UEB;26.04.2024 00:00;;;;;;;;;;;;;;;;;;;;;;;;223;;;;154;226;28;;;;;
UEB;27.04.2024 00:00;;;;;;;;;;;;;;;;;;;;;;;;305;;;;58;635;78;;;;;
UEB;28.04.2024 00:00;;;;;;;;;;;;;;;;;;;;;;;;179;;;;133;105;13;;;;;
UEB;29.04.2024 00:00;;;;;;;;;;;;;;;;;;;;;;;;262;;;;109;447;55;;;;;
UEB;30.04.2024 00:00;;;;;;;;;;;;;;;;;;;;;;;;284;;;;101;605;74;;;;;
UEB;01.05.2024 00:00;;;;;;;;;;;;;;;;;;;;;;;;279;;;;117;498;61;;;;;
UEB;02.05.2024 00:00;;;;;;;;;;;;;;;;;;;;;;;;128;;;;94;74;9;;;;;
UEB;03.05.2024 00:00;;;;;;;;;;;;;;;;;;;;;;;;76;;;;69;0;0;;;;;
UEB;04.05.2024 00:00;;;;;;;;;;;;;;;;;;;;;;;;265;;;;151;344;41;;;;;
UEB;05.05.2024 00:00;;;;;;;;;;;;;;;;;;;;;;;;200;;;;128;170;20;;;;;
UEB;06.05.2024 00:00;;;;;;;;;;;;;;;;;;;;;;;;69;;;;64;5;1;;;;;
UEB;07.05.2024 00:00;;;;;;;;;;;;;;;;;;;;;;;;70;;;;68;0;0;;;;;
UEB;08.05.2024 00:00;;;;;;;;;;;;;;;;;;;;;;;;151;;;;102;98;12;;;;;
UEB;09.05.2024 00:00;;;;;;;;;;;;;;;;;;;;;;;;168;;;;118;121;14;;;;;
UEB;10.05.2024 00:00;;;;;;;;;;;;;;;;;;;;;;;;338;;;;52;834;99;;;;;
UEB;11.05.2024 00:00;;;;;;;;;;;;;;;;;;;;;;;;343;;;;47;843;99;;;;;
UEB;12.05.2024 00:00;;;;;;;;;;;;;;;;;;;;;;;;299;;;;98;589;69;;;;;
UEB;13.05.2024 00:00;;;;;;;;;;;;;;;;;;;;;;;;210;;;;129;262;31;;;;;
UEB;14.05.2024 00:00;;;;;;;;;;;;;;;;;;;;;;;;314;;;;62;670;78;;;;;
UEB;15.05.2024 00:00;;;;;;;;;;;;;;;;;;;;;;;;99;;;;90;22;3;;;;;
UEB;16.05.2024 00:00;;;;;;;;;;;;;;;;;;;;;;;;129;;;;100;66;8;;;;;
UEB;17.05.2024 00:00;;;;;;;;;;;;;;;;;;;;;;;;209;;;;112;339;39;;;;;
UEB;18.05.2024 00:00;;;;;;;;;;;;;;;;;;;;;;;;271;;;;102;481;55;;;;;
UEB;19.05.2024 00:00;;;;;;;;;;;;;;;;;;;;;;;;311;;;;103;496;57;;;;;
UEB;20.05.2024 00:00;;;;;;;;;;;;;;;;;;;;;;;;303;;;;122;566;65;;;;;
UEB;21.05.2024 00:00;;;;;;;;;;;;;;;;;;;;;;;;113;;;;91;97;11;;;;;
UEB;22.05.2024 00:00;;;;;;;;;;;;;;;;;;;;;;;;177;;;;112;133;15;;;;;
UEB;23.05.2024 00:00;;;;;;;;;;;;;;;;;;;;;;;;102;;;;83;48;5;;;;;
UEB;24.05.2024 00:00;;;;;;;;;;;;;;;;;;;;;;;;167;;;;106;135;15;;;;;
UEB;25.05.2024 00:00;;;;;;;;;;;;;;;;;;;;;;;;206;;;;129;261;30;;;;;
UEB;26.05.2024 00:00;;;;;;;;;;;;;;;;;;;;;;;;279;;;;124;489;55;;;;;
UEB;27.05.2024 00:00;;;;;;;;;;;;;;;;;;;;;;;;114;;;;93;45;5;;;;;
UEB;28.05.2024 00:00;;;;;;;;;;;;;;;;;;;;;;;;267;;;;109;465;52;;;;;
UEB;29.05.2024 00:00;;;;;;;;;;;;;;;;;;;;;;;;162;;;;113;85;10;;;;;
UEB;30.05.2024 00:00;;;;;;;;;;;;;;;;;;;;;;;;122;;;;105;20;2;;;;;
UEB;31.05.2024 00:00;;;;;;;;;;;;;;;;;;;;;;;;42;;;;38;0;0;;;;;
UEB;01.06.2024 00:00;;;;;;;;;;;;;;;;;;;;;;;;90;;;;84;0;0;;;;;
UEB;02.06.2024 00:00;;;;;;;;;;;;;;;;;;;;;;;;106;;;;98;9;1;;;;;
UEB;03.06.2024 00:00;;;;;;;;;;;;;;;;;;;;;;;;57;;;;53;0;0;;;;;
UEB;04.06.2024 00:00;;;;;;;;;;;;;;;;;;;;;;;;302;;;;134;525;58;;;;;
UEB;05.06.2024 00:00;;;;;;;;;;;;;;;;;;;;;;;;267;;;;147;445;49;;;;;
UEB;06.06.2024 00:00;;;;;;;;;;;;;;;;;;;;;;;;250;;;;116;348;39;;;;;
UEB;07.06.2024 00:00;;;;;;;;;;;;;;;;;;;;;;;;226;;;;146;195;22;;;;;
UEB;08.06.2024 00:00;;;;;;;;;;;;;;;;;;;;;;;;193;;;;117;282;31;;;;;
UEB;09.06.2024 00:00;;;;;;;;;;;;;;;;;;;;;;;;111;;;;103;1;0;;;;;
UEB;10.06.2024 00:00;;;;;;;;;;;;;;;;;;;;;;;;234;;;;104;289;32;;;;;
UEB;11.06.2024 00:00;;;;;;;;;;;;;;;;;;;;;;;;68;;;;62;0;0;;;;;
UEB;12.06.2024 00:00;;;;;;;;;;;;;;;;;;;;;;;;271;;;;126;379;42;;;;;
UEB;13.06.2024 00:00;;;;;;;;;;;;;;;;;;;;;;;;327;;;;95;670;74;;;;;
UEB;14.06.2024 00:00;;;;;;;;;;;;;;;;;;;;;;;;157;;;;128;64;7;;;;;
UEB;15.06.2024 00:00;;;;;;;;;;;;;;;;;;;;;;;;198;;;;119;177;19;;;;;
UEB;16.06.2024 00:00;;;;;;;;;;;;;;;;;;;;;;;;279;;;;125;375;41;;;;;
UEB;17.06.2024 00:00;;;;;;;;;;;;;;;;;;;;;;;;245;;;;130;345;38;;;;;
UEB;18.06.2024 00:00;;;;;;;;;;;;;;;;;;;;;;;;348;;;;96;794;87;;;;;
UEB;19.06.2024 00:00;;;;;;;;;;;;;;;;;;;;;;;;352;;;;80;771;85;;;;;
UEB;20.06.2024 00:00;;;;;;;;;;;;;;;;;;;;;;;;148;;;;127;46;5;;;;;
UEB;21.06.2024 00:00;;;;;;;;;;;;;;;;;;;;;;;;64;;;;55;11;1;;;;;
UEB;22.06.2024 00:00;;;;;;;;;;;;;;;;;;;;;;;;87;;;;71;71;8;;;;;
UEB;23.06.2024 00:00;;;;;;;;;;;;;;;;;;;;;;;;110;;;;100;9;1;;;;;
UEB;24.06.2024 00:00;;;;;;;;;;;;;;;;;;;;;;;;259;;;;135;423;47;;;;;
UEB;25.06.2024 00:00;;;;;;;;;;;;;;;;;;;;;;;;326;;;;80;669;74;;;;;
UEB;26.06.2024 00:00;;;;;;;;;;;;;;;;;;;;;;;;183;;;;98;237;26;;;;;
UEB;27.06.2024 00:00;;;;;;;;;;;;;;;;;;;;;;;;297;;;;110;600;66;;;;;
UEB;28.06.2024 00:00;;;;;;;;;;;;;;;;;;;;;;;;209;;;;88;406;45;;;;;
UEB;29.06.2024 00:00;;;;;;;;;;;;;;;;;;;;;;;;193;;;;114;273;30;;;;;
UEB;30.06.2024 00:00;;;;;;;;;;;;;;;;;;;;;;;;157;;;;120;59;7;;;;;
UEB;01.07.2024 00:00;;;;;;;;;;;;;;;;;;;;;;;;219;;;;123;208;23;;;;;
UEB;02.07.2024 00:00;;;;;;;;;;;;;;;;;;;;;;;;170;;;;136;50;6;;;;;
UEB;03.07.2024 00:00;;;;;;;;;;;;;;;;;;;;;;;;122;;;;105;20;2;;;;;
UEB;04.07.2024 00:00;;;;;;;;;;;;;;;;;;;;;;;;247;;;;151;206;23;;;;;
UEB;05.07.2024 00:00;;;;;;;;;;;;;;;;;;;;;;;;305;;;;121;563;62;;;;;
UEB;06.07.2024 00:00;;;;;;;;;;;;;;;;;;;;;;;;166;;;;91;305;34;;;;;
UEB;07.07.2024 00:00;;;;;;;;;;;;;;;;;;;;;;;;147;;;;132;48;5;;;;;
UEB;08.07.2024 00:00;;;;;;;;;;;;;;;;;;;;;;;;352;;;;49;876;97;;;;;
UEB;09.07.2024 00:00;;;;;;;;;;;;;;;;;;;;;;;;345;;;;58;861;96;;;;;
UEB;10.07.2024 00:00;;;;;;;;;;;;;;;;;;;;;;;;147;;;;101;97;11;;;;;
UEB;11.07.2024 00:00;;;;;;;;;;;;;;;;;;;;;;;;249;;;;122;283;32;;;;;
UEB;12.07.2024 00:00;;;;;;;;;;;;;;;;;;;;;;;;160;;;;114;86;10;;;;;
UEB;13.07.2024 00:00;;;;;;;;;;;;;;;;;;;;;;;;155;;;;123;139;16;;;;;
UEB;14.07.2024 00:00;;;;;;;;;;;;;;;;;;;;;;;;268;;;;84;486;55;;;;;
UEB;15.07.2024 00:00;;;;;;;;;;;;;;;;;;;;;;;;261;;;;120;377;42;;;;;
UEB;16.07.2024 00:00;;;;;;;;;;;;;;;;;;;;;;;;263;;;;140;355;40;;;;;
UEB;17.07.2024 00:00;;;;;;;;;;;;;;;;;;;;;;;;240;;;;146;343;39;;;;;
UEB;18.07.2024 00:00;;;;;;;;;;;;;;;;;;;;;;;;337;;;;65;880;100;;;;;
UEB;19.07.2024 00:00;;;;;;;;;;;;;;;;;;;;;;;;334;;;;87;748;85;;;;;
UEB;20.07.2024 00:00;;;;;;;;;;;;;;;;;;;;;;;;336;;;;65;862;98;;;;;
UEB;21.07.2024 00:00;;;;;;;;;;;;;;;;;;;;;;;;257;;;;108;362;41;;;;;
UEB;22.07.2024 00:00;;;;;;;;;;;;;;;;;;;;;;;;150;;;;121;51;6;;;;;
UEB;23.07.2024 00:00;;;;;;;;;;;;;;;;;;;;;;;;271;;;;116;346;40;;;;;
UEB;24.07.2024 00:00;;;;;;;;;;;;;;;;;;;;;;;;257;;;;132;425;49;;;;;
UEB;25.07.2024 00:00;;;;;;;;;;;;;;;;;;;;;;;;317;;;;85;749;86;;;;;
UEB;26.07.2024 00:00;;;;;;;;;;;;;;;;;;;;;;;;307;;;;87;692;80;;;;;
UEB;27.07.2024 00:00;;;;;;;;;;;;;;;;;;;;;;;;301;;;;90;549;64;;;;;
UEB;28.07.2024 00:00;;;;;;;;;;;;;;;;;;;;;;;;149;;;;97;221;26;;;;;
UEB;29.07.2024 00:00;;;;;;;;;;;;;;;;;;;;;;;;325;;;;63;807;94;;;;;
UEB;30.07.2024 00:00;;;;;;;;;;;;;;;;;;;;;;;;318;;;;83;792;93;;;;;
UEB;31.07.2024 00:00;;;;;;;;;;;;;;;;;;;;;;;;235;;;;68;504;59;;;;;
UEB;01.08.2024 00:00;;;;;;;;;;;;;;;;;;;;;;;;160;;;;97;264;31;;;;;
UEB;02.08.2024 00:00;;;;;;;;;;;;;;;;;;;;;;;;275;;;;82;461;55;;;;;
UEB;03.08.2024 00:00;;;;;;;;;;;;;;;;;;;;;;;;296;;;;103;595;70;;;;;
UEB;04.08.2024 00:00;;;;;;;;;;;;;;;;;;;;;;;;259;;;;138;456;54;;;;;
UEB;05.08.2024 00:00;;;;;;;;;;;;;;;;;;;;;;;;268;;;;86;513;61;;;;;
UEB;06.08.2024 00:00;;;;;;;;;;;;;;;;;;;;;;;;314;;;;49;810;97;;;;;
UEB;07.08.2024 00:00;;;;;;;;;;;;;;;;;;;;;;;;163;;;;89;311;37;;;;;
UEB;08.08.2024 00:00;;;;;;;;;;;;;;;;;;;;;;;;199;;;;123;284;34;;;;;
UEB;09.08.2024 00:00;;;;;;;;;;;;;;;;;;;;;;;;301;;;;57;804;97;;;;;
UEB;10.08.2024 00:00;;;;;;;;;;;;;;;;;;;;;;;;307;;;;46;813;99;;;;;
UEB;11.08.2024 00:00;;;;;;;;;;;;;;;;;;;;;;;;303;;;;46;772;94;;;;;
UEB;12.08.2024 00:00;;;;;;;;;;;;;;;;;;;;;;;;289;;;;63;699;85;;;;;
UEB;13.08.2024 00:00;;;;;;;;;;;;;;;;;;;;;;;;298;;;;50;748;92;;;;;
UEB;14.08.2024 00:00;;;;;;;;;;;;;;;;;;;;;;;;276;;;;84;628;78;;;;;
UEB;15.08.2024 00:00;;;;;;;;;;;;;;;;;;;;;;;;298;;;;61;778;96;;;;;
UEB;16.08.2024 00:00;;;;;;;;;;;;;;;;;;;;;;;;293;;;;69;738;91;;;;;
UEB;17.08.2024 00:00;;;;;;;;;;;;;;;;;;;;;;;;93;;;;86;0;0;;;;;
UEB;18.08.2024 00:00;;;;;;;;;;;;;;;;;;;;;;;;56;;;;52;0;0;;;;;
UEB;19.08.2024 00:00;;;;;;;;;;;;;;;;;;;;;;;;242;;;;123;334;42;;;;;
UEB;20.08.2024 00:00;;;;;;;;;;;;;;;;;;;;;;;;209;;;;88;361;45;;;;;
UEB;21.08.2024 00:00;;;;;;;;;;;;;;;;;;;;;;;;201;;;;117;332;42;;;;;
UEB;22.08.2024 00:00;;;;;;;;;;;;;;;;;;;;;;;;290;;;;61;750;95;;;;;
UEB;23.08.2024 00:00;;;;;;;;;;;;;;;;;;;;;;;;290;;;;55;766;97;;;;;
UEB;24.08.2024 00:00;;;;;;;;;;;;;;;;;;;;;;;;283;;;;52;752;96;;;;;
UEB;25.08.2024 00:00;;;;;;;;;;;;;;;;;;;;;;;;71;;;;65;0;0;;;;;
UEB;26.08.2024 00:00;;;;;;;;;;;;;;;;;;;;;;;;125;;;;118;0;0;;;;;
UEB;27.08.2024 00:00;;;;;;;;;;;;;;;;;;;;;;;;184;;;;112;313;40;;;;;
UEB;28.08.2024 00:00;;;;;;;;;;;;;;;;;;;;;;;;270;;;;56;745;97;;;;;
UEB;29.08.2024 00:00;;;;;;;;;;;;;;;;;;;;;;;;266;;;;53;748;98;;;;;
UEB;30.08.2024 00:00;;;;;;;;;;;;;;;;;;;;;;;;259;;;;56;702;92;;;;;
UEB;31.08.2024 00:00;;;;;;;;;;;;;;;;;;;;;;;;252;;;;78;618;81;;;;;
UEB;01.09.2024 00:00;;;;;;;;;;;;;;;;;;;;;;;;254;;;;61;667;88;;;;;
UEB;02.09.2024 00:00;;;;;;;;;;;;;;;;;;;;;;;;238;;;;88;448;59;;;;;
UEB;03.09.2024 00:00;;;;;;;;;;;;;;;;;;;;;;;;178;;;;132;154;20;;;;;
UEB;04.09.2024 00:00;;;;;;;;;;;;;;;;;;;;;;;;179;;;;103;270;36;;;;;
UEB;05.09.2024 00:00;;;;;;;;;;;;;;;;;;;;;;;;91;;;;73;67;9;;;;;
UEB;06.09.2024 00:00;;;;;;;;;;;;;;;;;;;;;;;;211;;;;76;510;68;;;;;
UEB;07.09.2024 00:00;;;;;;;;;;;;;;;;;;;;;;;;254;;;;52;713;96;;;;;
UEB;08.09.2024 00:00;;;;;;;;;;;;;;;;;;;;;;;;51;;;;46;0;0;;;;;
UEB;09.09.2024 00:00;;;;;;;;;;;;;;;;;;;;;;;;59;;;;54;13;2;;;;;
UEB;10.09.2024 00:00;;;;;;;;;;;;;;;;;;;;;;;;138;;;;96;143;20;;;;;
UEB;11.09.2024 00:00;;;;;;;;;;;;;;;;;;;;;;;;45;;;;35;70;10;;;;;
UEB;12.09.2024 00:00;;;;;;;;;;;;;;;;;;;;;;;;161;;;;102;156;22;;;;;
UEB;13.09.2024 00:00;;;;;;;;;;;;;;;;;;;;;;;;119;;;;84;132;18;;;;;
UEB;14.09.2024 00:00;;;;;;;;;;;;;;;;;;;;;;;;109;;;;101;21;3;;;;;
UEB;15.09.2024 00:00;;;;;;;;;;;;;;;;;;;;;;;;219;;;;70;588;82;;;;;
UEB;16.09.2024 00:00;;;;;;;;;;;;;;;;;;;;;;;;55;;;;49;0;0;;;;;
UEB;17.09.2024 00:00;;;;;;;;;;;;;;;;;;;;;;;;79;;;;69;25;4;;;;;
UEB;18.09.2024 00:00;;;;;;;;;;;;;;;;;;;;;;;;189;;;;61;432;61;;;;;
UEB;19.09.2024 00:00;;;;;;;;;;;;;;;;;;;;;;;;146;;;;63;329;47;;;;;
UEB;20.09.2024 00:00;;;;;;;;;;;;;;;;;;;;;;;;225;;;;42;694;99;;;;;
UEB;21.09.2024 00:00;;;;;;;;;;;;;;;;;;;;;;;;215;;;;42;607;87;;;;;
UEB;22.09.2024 00:00;;;;;;;;;;;;;;;;;;;;;;;;173;;;;85;362;52;;;;;
UEB;23.09.2024 00:00;;;;;;;;;;;;;;;;;;;;;;;;77;;;;62;44;6;;;;;
UEB;24.09.2024 00:00;;;;;;;;;;;;;;;;;;;;;;;;142;;;;71;291;42;;;;;
UEB;25.09.2024 00:00;;;;;;;;;;;;;;;;;;;;;;;;162;;;;101;271;40;;;;;
UEB;26.09.2024 00:00;;;;;;;;;;;;;;;;;;;;;;;;31;;;;27;0;0;;;;;
UEB;27.09.2024 00:00;;;;;;;;;;;;;;;;;;;;;;;;45;;;;36;40;6;;;;;
UEB;28.09.2024 00:00;;;;;;;;;;;;;;;;;;;;;;;;44;;;;39;0;0;;;;;
UEB;29.09.2024 00:00;;;;;;;;;;;;;;;;;;;;;;;;173;;;;93;329;49;;;;;
UEB;30.09.2024 00:00;;;;;;;;;;;;;;;;;;;;;;;;179;;;;76;336;50;;;;;
UEB;01.10.2024 00:00;;;;;;;;;;;;;;;;;;;;;;;;36;;;;31;0;0;;;;;
UEB;02.10.2024 00:00;;;;;;;;;;;;;;;;;;;;;;;;93;;;;70;82;12;;;;;
UEB;03.10.2024 00:00;;;;;;;;;;;;;;;;;;;;;;;;38;;;;33;0;0;;;;;
UEB;04.10.2024 00:00;;;;;;;;;;;;;;;;;;;;;;;;36;;;;31;0;0;;;;;
UEB;05.10.2024 00:00;;;;;;;;;;;;;;;;;;;;;;;;139;;;;82;220;34;;;;;
UEB;06.10.2024 00:00;;;;;;;;;;;;;;;;;;;;;;;;108;;;;83;75;12;;;;;
UEB;07.10.2024 00:00;;;;;;;;;;;;;;;;;;;;;;;;145;;;;60;273;42;;;;;
UEB;08.10.2024 00:00;;;;;;;;;;;;;;;;;;;;;;;;26;;;;22;0;0;;;;;
UEB;09.10.2024 00:00;;;;;;;;;;;;;;;;;;;;;;;;149;;;;87;317;50;;;;;
UEB;10.10.2024 00:00;;;;;;;;;;;;;;;;;;;;;;;;93;;;;55;114;18;;;;;
UEB;11.10.2024 00:00;;;;;;;;;;;;;;;;;;;;;;;;101;;;;64;140;22;;;;;
UEB;12.10.2024 00:00;;;;;;;;;;;;;;;;;;;;;;;;121;;;;60;290;46;;;;;
UEB;13.10.2024 00:00;;;;;;;;;;;;;;;;;;;;;;;;64;;;;53;25;4;;;;;
UEB;14.10.2024 00:00;;;;;;;;;;;;;;;;;;;;;;;;109;;;;64;192;31;;;;;
UEB;15.10.2024 00:00;;;;;;;;;;;;;;;;;;;;;;;;51;;;;43;28;5;;;;;
UEB;16.10.2024 00:00;;;;;;;;;;;;;;;;;;;;;;;;83;;;;64;137;22;;;;;
UEB;17.10.2024 00:00;;;;;;;;;;;;;;;;;;;;;;;;107;;;;59;191;31;;;;;
UEB;18.10.2024 00:00;;;;;;;;;;;;;;;;;;;;;;;;29;;;;23;0;0;;;;;
UEB;19.10.2024 00:00;;;;;;;;;;;;;;;;;;;;;;;;71;;;;64;1;0;;;;;
UEB;20.10.2024 00:00;;;;;;;;;;;;;;;;;;;;;;;;72;;;;60;89;15;;;;;
UEB;21.10.2024 00:00;;;;;;;;;;;;;;;;;;;;;;;;153;;;;35;608;100;;;;;
UEB;22.10.2024 00:00;;;;;;;;;;;;;;;;;;;;;;;;74;;;;54;62;10;;;;;
UEB;23.10.2024 00:00;;;;;;;;;;;;;;;;;;;;;;;;52;;;;48;0;0;;;;;
UEB;24.10.2024 00:00;;;;;;;;;;;;;;;;;;;;;;;;81;;;;57;129;22;;;;;
UEB;25.10.2024 00:00;;;;;;;;;;;;;;;;;;;;;;;;143;;;;40;520;88;;;;;
UEB;26.10.2024 00:00;;;;;;;;;;;;;;;;;;;;;;;;97;;;;85;34;6;;;;;
UEB;27.10.2024 00:00;;;;;;;;;;;;;;;;;;;;;;;;114;;;;47;314;54;;;;;
UEB;28.10.2024 00:00;;;;;;;;;;;;;;;;;;;;;;;;138;;;;32;579;99;;;;;
UEB;29.10.2024 00:00;;;;;;;;;;;;;;;;;;;;;;;;138;;;;35;579;100;;;;;
UEB;30.10.2024 00:00;;;;;;;;;;;;;;;;;;;;;;;;144;;;;36;579;100;;;;;
UEB;31.10.2024 00:00;;;;;;;;;;;;;;;;;;;;;;;;108;;;;78;163;28;;;;;
UEB;01.11.2024 00:00;;;;;;;;;;;;;;;;;;;;;;;;137;;;;33;570;100;;;;;
UEB;02.11.2024 00:00;;;;;;;;;;;;;;;;;;;;;;;;79;;;;61;132;23;;;;;
UEB;03.11.2024 00:00;;;;;;;;;;;;;;;;;;;;;;;;72;;;;66;62;11;;;;;
UEB;04.11.2024 00:00;;;;;;;;;;;;;;;;;;;;;;;;140;;;;36;560;99;;;;;
UEB;05.11.2024 00:00;;;;;;;;;;;;;;;;;;;;;;;;120;;;;51;504;91;;;;;
UEB;06.11.2024 00:00;;;;;;;;;;;;;;;;;;;;;;;;92;;;;50;274;50;;;;;
UEB;07.11.2024 00:00;;;;;;;;;;;;;;;;;;;;;;;;37;;;;31;0;0;;;;;
UEB;08.11.2024 00:00;;;;;;;;;;;;;;;;;;;;;;;;106;;;;52;317;58;;;;;
UEB;09.11.2024 00:00;;;;;;;;;;;;;;;;;;;;;;;;117;;;;48;531;97;;;;;
UEB;10.11.2024 00:00;;;;;;;;;;;;;;;;;;;;;;;;124;;;;36;544;100;;;;;
UEB;11.11.2024 00:00;;;;;;;;;;;;;;;;;;;;;;;;88;;;;56;139;26;;;;;
UEB;12.11.2024 00:00;;;;;;;;;;;;;;;;;;;;;;;;20;;;;16;0;0;;;;;
UEB;13.11.2024 00:00;;;;;;;;;;;;;;;;;;;;;;;;27;;;;22;0;0;;;;;
UEB;14.11.2024 00:00;;;;;;;;;;;;;;;;;;;;;;;;71;;;;53;59;11;;;;;
UEB;15.11.2024 00:00;;;;;;;;;;;;;;;;;;;;;;;;114;;;;31;522;98;;;;;
UEB;16.11.2024 00:00;;;;;;;;;;;;;;;;;;;;;;;;117;;;;28;533;100;;;;;
UEB;17.11.2024 00:00;;;;;;;;;;;;;;;;;;;;;;;;86;;;;42;192;37;;;;;
UEB;18.11.2024 00:00;;;;;;;;;;;;;;;;;;;;;;;;73;;;;45;155;30;;;;;
UEB;19.11.2024 00:00;;;;;;;;;;;;;;;;;;;;;;;;20;;;;15;0;0;;;;;
UEB;20.11.2024 00:00;;;;;;;;;;;;;;;;;;;;;;;;50;;;;31;127;24;;;;;
UEB;21.11.2024 00:00;;;;;;;;;;;;;;;;;;;;;;;;26;;;;22;19;4;;;;;
UEB;22.11.2024 00:00;;;;;;;;;;;;;;;;;;;;;;;;30;;;;27;0;0;;;;;
UEB;23.11.2024 00:00;;;;;;;;;;;;;;;;;;;;;;;;70;;;;43;170;33;;;;;
UEB;24.11.2024 00:00;;;;;;;;;;;;;;;;;;;;;;;;57;;;;43;83;16;;;;;
UEB;25.11.2024 00:00;;;;;;;;;;;;;;;;;;;;;;;;88;;;;27;392;78;;;;;
UEB;26.11.2024 00:00;;;;;;;;;;;;;;;;;;;;;;;;59;;;;29;196;39;;;;;
UEB;27.11.2024 00:00;;;;;;;;;;;;;;;;;;;;;;;;90;;;;32;343;68;;;;;
UEB;28.11.2024 00:00;;;;;;;;;;;;;;;;;;;;;;;;11;;;;7;0;0;;;;;
UEB;29.11.2024 00:00;;;;;;;;;;;;;;;;;;;;;;;;101;;;;26;500;100;;;;;
UEB;30.11.2024 00:00;;;;;;;;;;;;;;;;;;;;;;;;59;;;;49;27;5;;;;;
UEB;01.12.2024 00:00;;;;;;;;;;;;;;;;;;;;;;;;98;;;;26;467;94;;;;;
UEB;02.12.2024 00:00;;;;;;;;;;;;;;;;;;;;;;;;30;;;;24;8;2;;;;;
UEB;03.12.2024 00:00;;;;;;;;;;;;;;;;;;;;;;;;47;;;;35;49;10;;;;;
UEB;04.12.2024 00:00;;;;;;;;;;;;;;;;;;;;;;;;41;;;;27;79;16;;;;;
UEB;05.12.2024 00:00;;;;;;;;;;;;;;;;;;;;;;;;68;;;;34;245;50;;;;;
UEB;06.12.2024 00:00;;;;;;;;;;;;;;;;;;;;;;;;27;;;;20;25;5;;;;;
UEB;07.12.2024 00:00;;;;;;;;;;;;;;;;;;;;;;;;23;;;;17;16;3;;;;;
UEB;08.12.2024 00:00;;;;;;;;;;;;;;;;;;;;;;;;26;;;;22;0;0;;;;;
UEB;09.12.2024 00:00;;;;;;;;;;;;;;;;;;;;;;;;9;;;;6;0;0;;;;;
UEB;10.12.2024 00:00;;;;;;;;;;;;;;;;;;;;;;;;10;;;;7;0;0;;;;;
UEB;11.12.2024 00:00;;;;;;;;;;;;;;;;;;;;;;;;12;;;;9;0;0;;;;;
UEB;12.12.2024 00:00;;;;;;;;;;;;;;;;;;;;;;;;15;;;;12;0;0;;;;;
UEB;13.12.2024 00:00;;;;;;;;;;;;;;;;;;;;;;;;47;;;;41;38;8;;;;;
UEB;14.12.2024 00:00;;;;;;;;;;;;;;;;;;;;;;;;19;;;;15;0;0;;;;;
UEB;15.12.2024 00:00;;;;;;;;;;;;;;;;;;;;;;;;42;;;;31;53;11;;;;;
UEB;16.12.2024 00:00;;;;;;;;;;;;;;;;;;;;;;;;78;;;;21;442;92;;;;;
UEB;17.12.2024 00:00;;;;;;;;;;;;;;;;;;;;;;;;71;;;;33;314;65;;;;;
UEB;18.12.2024 00:00;;;;;;;;;;;;;;;;;;;;;;;;39;;;;27;60;13;;;;;
UEB;19.12.2024 00:00;;;;;;;;;;;;;;;;;;;;;;;;17;;;;12;15;3;;;;;
UEB;20.12.2024 00:00;;;;;;;;;;;;;;;;;;;;;;;;14;;;;10;0;0;;;;;
UEB;21.12.2024 00:00;;;;;;;;;;;;;;;;;;;;;;;;49;;;;35;98;21;;;;;
UEB;22.12.2024 00:00;;;;;;;;;;;;;;;;;;;;;;;;9;;;;5;0;0;;;;;
UEB;23.12.2024 00:00;;;;;;;;;;;;;;;;;;;;;;;;16;;;;13;0;0;;;;;
UEB;24.12.2024 00:00;;;;;;;;;;;;;;;;;;;;;;;;48;;;;39;46;10;;;;;
UEB;25.12.2024 00:00;;;;;;;;;;;;;;;;;;;;;;;;83;;;;22;439;91;;;;;
UEB;26.12.2024 00:00;;;;;;;;;;;;;;;;;;;;;;;;87;;;;29;432;90;;;;;
UEB;27.12.2024 00:00;;;;;;;;;;;;;;;;;;;;;;;;89;;;;26;457;95;;;;;
UEB;28.12.2024 00:00;;;;;;;;;;;;;;;;;;;;;;;;87;;;;25;459;95;;;;;
UEB;29.12.2024 00:00;;;;;;;;;;;;;;;;;;;;;;;;88;;;;25;463;95;;;;;
UEB;30.12.2024 00:00;;;;;;;;;;;;;;;;;;;;;;;;92;;;;26;461;95;;;;;
UEB;31.12.2024 00:00;;;;;;;;;;;;;;;;;;;;;;;;90;;;;24;460;94;;;;;
